StartLine	EndLine	Event	SelectedFields
218005	218029	PRIMARYFIRST StopMotion	ElapsedMs=555534.283
218030	218056	EMPTY-PRIMARY SUCCESSOR STACK	ElapsedMs=555534.335 | Actor=PC_Hero
218057	218081	PRIMARYFIRST PlayMotion	ElapsedMs=555534.334
218082	218106	PRIMARYFIRST StopMotion	ElapsedMs=556737.680
218107	218133	EMPTY-PRIMARY SUCCESSOR STACK	ElapsedMs=556737.727 | Actor=PC_Hero
218134	218158	PRIMARYFIRST PlayMotion	ElapsedMs=556737.725
218159	218183	PRIMARYFIRST StopMotion	ElapsedMs=557036.074
218184	218208	PRIMARYFIRST StopMotion	ElapsedMs=557036.125
218209	218235	EMPTY-PRIMARY SUCCESSOR STACK	ElapsedMs=557036.150 | Actor=PC_Hero
218236	218260	PRIMARYFIRST PlayMotion	ElapsedMs=557036.149
218261	218285	PRIMARYFIRST StopMotion	ElapsedMs=557211.426
218286	218310	PRIMARYFIRST StopMotion	ElapsedMs=557211.482
218311	218337	EMPTY-PRIMARY SUCCESSOR STACK	ElapsedMs=557211.511 | Actor=PC_Hero
218338	218362	PRIMARYFIRST PlayMotion	ElapsedMs=557211.509
218363	218402	AISETSTATE CALLSITE	ElapsedMs=557392.020 | Actor=PC_Hero | CurrentAction=0 | CurrentAniPhase=8 | CurrentStateTime=0.000000 | CurrentMovementAni=Hero_Stand_None_None_P0_Move_Walk_N_Fwd_00_%_00_P0_160.xmot
218403	218427	OUTER_FRAME AI_SET_STATE_BEFORE	ElapsedMs=557392.092 | Actor=PC_Hero | CurrentAction=0 | CurrentStateTime=0.000000
218428	218452	OUTER_FRAME AI_SET_STATE_AFTER	ElapsedMs=557392.118 | Actor=PC_Hero | CurrentAction=0 | CurrentStateTime=0.000000
218453	218477	PRIMARYFIRST StopMotion	ElapsedMs=558092.377
218478	218504	EMPTY-PRIMARY SUCCESSOR STACK	ElapsedMs=558092.428 | Actor=PC_Hero
218505	218529	PRIMARYFIRST PlayMotion	ElapsedMs=558092.427
218530	218554	PRIMARYFIRST StopMotion	ElapsedMs=558102.762
218555	218581	EMPTY-PRIMARY SUCCESSOR STACK	ElapsedMs=558102.818 | Actor=PC_Hero
218582	218606	PRIMARYFIRST PlayMotion	ElapsedMs=558102.817
218607	218631	PRIMARYFIRST StopMotion	ElapsedMs=558113.415
218632	218658	EMPTY-PRIMARY SUCCESSOR STACK	ElapsedMs=558113.465 | Actor=PC_Hero
218659	218683	PRIMARYFIRST PlayMotion	ElapsedMs=558113.464
218684	218708	PRIMARYFIRST StopMotion	ElapsedMs=558368.269
218709	218735	EMPTY-PRIMARY SUCCESSOR STACK	ElapsedMs=558368.322 | Actor=PC_Hero
218736	218760	PRIMARYFIRST PlayMotion	ElapsedMs=558368.321
218761	218785	PRIMARYFIRST StopMotion	ElapsedMs=558452.756
218786	218812	EMPTY-PRIMARY SUCCESSOR STACK	ElapsedMs=558452.807 | Actor=PC_Hero
218813	218837	PRIMARYFIRST PlayMotion	ElapsedMs=558452.806
218838	218862	PRIMARYFIRST StopMotion	ElapsedMs=558484.440
218863	218889	EMPTY-PRIMARY SUCCESSOR STACK	ElapsedMs=558484.493 | Actor=PC_Hero
218890	218914	PRIMARYFIRST PlayMotion	ElapsedMs=558484.491
218915	218939	PRIMARYFIRST StopMotion	ElapsedMs=558504.872
218940	218966	EMPTY-PRIMARY SUCCESSOR STACK	ElapsedMs=558504.928 | Actor=PC_Hero
218967	218991	PRIMARYFIRST PlayMotion	ElapsedMs=558504.926
218992	219016	PRIMARYFIRST StopMotion	ElapsedMs=558515.590
219017	219043	EMPTY-PRIMARY SUCCESSOR STACK	ElapsedMs=558515.642 | Actor=PC_Hero
219044	219068	PRIMARYFIRST PlayMotion	ElapsedMs=558515.641
219069	219093	PRIMARYFIRST StopMotion	ElapsedMs=558558.709
219094	219120	EMPTY-PRIMARY SUCCESSOR STACK	ElapsedMs=558558.774 | Actor=PC_Hero
219121	219145	PRIMARYFIRST PlayMotion	ElapsedMs=558558.773
219146	219170	PRIMARYFIRST StopMotion	ElapsedMs=560277.472
219171	219197	EMPTY-PRIMARY SUCCESSOR STACK	ElapsedMs=560277.532 | Actor=PC_Hero
219198	219222	PRIMARYFIRST PlayMotion	ElapsedMs=560277.531
219223	219247	PRIMARYFIRST StopMotion	ElapsedMs=560859.705
219248	219274	EMPTY-PRIMARY SUCCESSOR STACK	ElapsedMs=560859.757 | Actor=PC_Hero
219275	219299	PRIMARYFIRST PlayMotion	ElapsedMs=560859.756
219300	219324	PRIMARYFIRST StopMotion	ElapsedMs=560887.179
219325	219351	EMPTY-PRIMARY SUCCESSOR STACK	ElapsedMs=560887.233 | Actor=PC_Hero
219352	219376	PRIMARYFIRST PlayMotion	ElapsedMs=560887.232
219377	219401	PRIMARYFIRST StopMotion	ElapsedMs=560911.576
219402	219428	EMPTY-PRIMARY SUCCESSOR STACK	ElapsedMs=560911.629 | Actor=PC_Hero
219429	219453	PRIMARYFIRST PlayMotion	ElapsedMs=560911.628
219454	219478	PRIMARYFIRST StopMotion	ElapsedMs=560934.463
219479	219505	EMPTY-PRIMARY SUCCESSOR STACK	ElapsedMs=560934.514 | Actor=PC_Hero
219506	219530	PRIMARYFIRST PlayMotion	ElapsedMs=560934.512
219531	219555	PRIMARYFIRST StopMotion	ElapsedMs=561085.996
219556	219582	EMPTY-PRIMARY SUCCESSOR STACK	ElapsedMs=561086.098 | Actor=PC_Hero
219583	219607	PRIMARYFIRST PlayMotion	ElapsedMs=561086.097
219608	219632	PRIMARYFIRST StopMotion	ElapsedMs=562022.279
219633	219659	EMPTY-PRIMARY SUCCESSOR STACK	ElapsedMs=562022.330 | Actor=PC_Hero
219660	219684	PRIMARYFIRST PlayMotion	ElapsedMs=562022.329
219685	219709	PRIMARYFIRST StopMotion	ElapsedMs=562776.276
219710	219736	EMPTY-PRIMARY SUCCESSOR STACK	ElapsedMs=562776.346 | Actor=PC_Hero
219737	219761	PRIMARYFIRST PlayMotion	ElapsedMs=562776.344
219762	219786	PRIMARYFIRST StopMotion	ElapsedMs=565424.045
219787	219813	EMPTY-PRIMARY SUCCESSOR STACK	ElapsedMs=565424.099 | Actor=PC_Hero
219814	219838	PRIMARYFIRST PlayMotion	ElapsedMs=565424.098
219839	219863	PRIMARYFIRST StopMotion	ElapsedMs=566046.126
219864	219890	EMPTY-PRIMARY SUCCESSOR STACK	ElapsedMs=566046.181 | Actor=PC_Hero
219891	219915	PRIMARYFIRST PlayMotion	ElapsedMs=566046.180
219916	219940	PRIMARYFIRST StopMotion	ElapsedMs=566058.381
219941	219967	EMPTY-PRIMARY SUCCESSOR STACK	ElapsedMs=566058.485 | Actor=PC_Hero
219968	219992	PRIMARYFIRST PlayMotion	ElapsedMs=566058.483
219993	220017	PRIMARYFIRST StopMotion	ElapsedMs=566070.587
220018	220044	EMPTY-PRIMARY SUCCESSOR STACK	ElapsedMs=566070.638 | Actor=PC_Hero
220045	220069	PRIMARYFIRST PlayMotion	ElapsedMs=566070.637
220070	220094	PRIMARYFIRST StopMotion	ElapsedMs=567021.395
220095	220119	PRIMARYFIRST StopMotion	ElapsedMs=567021.593
220120	220146	EMPTY-PRIMARY SUCCESSOR STACK	ElapsedMs=567021.620 | Actor=PC_Hero
220147	220171	PRIMARYFIRST PlayMotion	ElapsedMs=567021.619
220172	220196	PRIMARYFIRST StopMotion	ElapsedMs=567033.720
220197	220223	EMPTY-PRIMARY SUCCESSOR STACK	ElapsedMs=567033.823 | Actor=PC_Hero
220224	220248	PRIMARYFIRST PlayMotion	ElapsedMs=567033.822
220249	220288	AISETSTATE CALLSITE	ElapsedMs=567400.930 | Actor=PC_Hero | CurrentAction=68 | CurrentAniPhase=9 | CurrentStateTime=0.748126 | CurrentMovementAni=Hero_Stand_Shield_1H_P1_Move_Run_N_Fwd_00_%_00_P1_400.xmot
220289	220313	OUTER_FRAME AI_SET_STATE_BEFORE	ElapsedMs=567401.000 | Actor=PC_Hero | CurrentAction=68 | CurrentStateTime=0.748126
220314	220338	OUTER_FRAME AI_SET_STATE_AFTER	ElapsedMs=567401.071 | Actor=PC_Hero | CurrentAction=68 | CurrentStateTime=0.000000
220339	220363	PRIMARYFIRST StopMotion	ElapsedMs=567598.371
220364	220390	EMPTY-PRIMARY SUCCESSOR STACK	ElapsedMs=567598.422 | Actor=PC_Hero
220391	220415	PRIMARYFIRST PlayMotion	ElapsedMs=567598.420
220416	220440	PRIMARYFIRST StopMotion	ElapsedMs=567874.915
220441	220467	EMPTY-PRIMARY SUCCESSOR STACK	ElapsedMs=567875.048 | Actor=PC_Hero
220468	220492	PRIMARYFIRST PlayMotion	ElapsedMs=567875.047
220493	220517	PRIMARYFIRST StopMotion	ElapsedMs=567887.115
220518	220542	PRIMARYFIRST StopMotion	ElapsedMs=567887.170
220543	220569	EMPTY-PRIMARY SUCCESSOR STACK	ElapsedMs=567887.196 | Actor=PC_Hero
220570	220594	PRIMARYFIRST PlayMotion	ElapsedMs=567887.195
220595	220619	PRIMARYFIRST StopMotion	ElapsedMs=567902.432
220620	220646	EMPTY-PRIMARY SUCCESSOR STACK	ElapsedMs=567902.481 | Actor=PC_Hero
220647	220671	PRIMARYFIRST PlayMotion	ElapsedMs=567902.480
220672	220696	PRIMARYFIRST StopMotion	ElapsedMs=568777.710
220697	220723	EMPTY-PRIMARY SUCCESSOR STACK	ElapsedMs=568777.815 | Actor=PC_Hero
220724	220748	PRIMARYFIRST PlayMotion	ElapsedMs=568777.814
220749	220773	PRIMARYFIRST StopMotion	ElapsedMs=568826.012
220774	220800	EMPTY-PRIMARY SUCCESSOR STACK	ElapsedMs=568826.065 | Actor=PC_Hero
220801	220825	PRIMARYFIRST PlayMotion	ElapsedMs=568826.064
220826	220852	EMPTY-PRIMARY SUCCESSOR STACK	ElapsedMs=569282.924 | Actor=PC_Hero
220853	220877	PRIMARYFIRST PlayMotion	ElapsedMs=569282.922
220878	220917	AISETSTATE CALLSITE	ElapsedMs=574253.178 | Actor=PC_Hero | CurrentAction=0 | CurrentAniPhase=5 | CurrentStateTime=6.838597 | CurrentMovementAni=Hero_Stand_Shield_1H_P1_Ambient_Loop_N_Fwd_00_%_00_P1_0.xmot
220918	220942	OUTER_FRAME AI_SET_STATE_BEFORE	ElapsedMs=574253.263 | Actor=PC_Hero | CurrentAction=0 | CurrentStateTime=6.838597
220943	220967	OUTER_FRAME AI_SET_STATE_AFTER	ElapsedMs=574253.373 | Actor=PC_Hero | CurrentAction=0 | CurrentStateTime=0.000000
220968	221007	AISETSTATE CALLSITE	ElapsedMs=574264.807 | Actor=PC_Hero | CurrentAction=0 | CurrentAniPhase=5 | CurrentStateTime=0.000000 | CurrentMovementAni=Hero_Stand_Shield_1H_P1_Ambient_Loop_N_Fwd_00_%_00_P1_0.xmot
221008	221032	OUTER_FRAME AI_SET_STATE_BEFORE	ElapsedMs=574264.873 | Actor=PC_Hero | CurrentAction=0 | CurrentStateTime=0.000000
221033	221057	OUTER_FRAME AI_SET_STATE_AFTER	ElapsedMs=574264.894 | Actor=PC_Hero | CurrentAction=0 | CurrentStateTime=0.000000
221058	221084	EMPTY-PRIMARY SUCCESSOR STACK	ElapsedMs=574275.975 | Actor=PC_Hero
221085	221109	PRIMARYFIRST PlayMotion	ElapsedMs=574275.973
221110	221149	AISETSTATE CALLSITE	ElapsedMs=576166.393 | Actor=PC_Hero | CurrentAction=0 | CurrentAniPhase=5 | CurrentStateTime=1.890821 | CurrentMovementAni=Hero_Parade_Shield_1H_P1_Ambient_Loop_N_Fwd_00_%_00_P1_0.xmot
221150	221174	OUTER_FRAME AI_SET_STATE_BEFORE	ElapsedMs=576166.479 | Actor=PC_Hero | CurrentAction=0 | CurrentStateTime=1.890821
221175	221199	OUTER_FRAME AI_SET_STATE_AFTER	ElapsedMs=576166.532 | Actor=PC_Hero | CurrentAction=0 | CurrentStateTime=0.000000
221200	221243	AIFULLSTOP CALLSITE	ElapsedMs=576174.441 | Actor=PC_Hero | CurrentAction=0 | CurrentAniPhase=5 | CurrentStateTime=0.000000 | CurrentMovementAni=Hero_Parade_Shield_1H_P1_Ambient_Loop_N_Fwd_00_%_00_P1_0.xmot
221244	221284	AISETSTATE CALLSITE	ElapsedMs=576174.663 | Actor=PC_Hero | CurrentAction=0 | CurrentAniPhase=5 | CurrentStateTime=0.000000 | CurrentMovementAni=Hero_Parade_Shield_1H_P1_Ambient_Loop_N_Fwd_00_%_00_P1_0.xmot
221285	221309	OUTER_FRAME AI_SET_STATE_BEFORE	ElapsedMs=576174.708 | Actor=PC_Hero | CurrentAction=0 | CurrentStateTime=0.000000
221310	221334	OUTER_FRAME AI_SET_STATE_AFTER	ElapsedMs=576174.729 | Actor=PC_Hero | CurrentAction=0 | CurrentStateTime=0.000000
221335	221356	C1 LIFECYCLE START	ElapsedMs=576178.704 | Actor=PC_Hero | Generation=394 | Status=CANDIDATE | PhysicalCollisionChanged=0
221357	221370	C1-O2 OUTER BINDING	ElapsedMs=576178.739 | Event=COMBAT_MOVE_CANDIDATE_BOUND | Actor=PC_Hero | Generation=394 | Status=CANDIDATE | PhysicalCollisionChanged=0
221371	221395	OUTER_FRAME COMBAT_MOVE_INITIAL	ElapsedMs=576178.752 | Actor=PC_Hero | CurrentAction=5 | CurrentStateTime=0.000000
221396	221420	PRIMARYFIRST StopMotion	ElapsedMs=576178.788
221421	221453	EMPTY-PRIMARY SUCCESSOR STACK	ElapsedMs=576178.812 | Actor=PC_Hero
221454	221478	PRIMARYFIRST PlayMotion	ElapsedMs=576178.811
221479	221489	C1 LIFECYCLE STATUS	ElapsedMs=576178.905 | Event=PERSISTED | Actor=PC_Hero | Generation=394 | Status=PERSISTED | PhysicalCollisionChanged=0
221490	221518	MARKER OWNERSHIP DECISION	ElapsedMs=576178.920 | Actor=PC_Hero | CurrentMovementAni=Hero_Stand_Shield_1H_P1_QuickAttackL_Hit_N_Fwd_00_%_00_P50_100_L.xmot
221519	221535	C1 OFFENSE REQUEST	ElapsedMs=576284.266 | Actor=PC_Hero | Generation=394 | Status=PERSISTED | Source=It_1H_Longsword_01 | SourceAddress=E6F50010 | ActualGroup=7 | PhysicalCollisionChanged=0
221536	221562	ENGINE SetCollisionGroup	ElapsedMs=576284.300 | RequestedGroup=7 | BeforeGroup=5 | AfterGroup=7 | PlayerAction=5 | PlayerAniPhase=1 | PlayerStateTime=0.105995 | PlayerCurrentMovementAni=Hero_Stand_Shield_1H_P1_QuickAttackL_Hit_N_Fwd_00_%_00_P50_100_L.xmot
221563	221582	C1-O2-P1 OFFENSE SCOPE	ElapsedMs=576284.325 | SourceAddress=E6F50010
221583	221612	OUTER_FRAME OFFENSE	ElapsedMs=576284.340 | Actor=PC_Hero | Source=It_1H_Longsword_01 | SourceAddress=E6F50010 | RequestedGroup=7 | BeforeGroup=5 | AfterGroup=7 | CurrentAction=5 | CurrentStateTime=0.105995
221613	221638	COMBATMOVE STARTRECOVER BEGIN	ElapsedMs=576585.483 | Actor=PC_Hero | CurrentAction=5 | CurrentAniPhase=1 | CurrentMovementAni=Hero_Stand_Shield_1H_P1_QuickAttackL_Hit_N_Fwd_00_%_00_P50_100_L.xmot
221639	221664	COMBATMOVE STARTRECOVER END	ElapsedMs=576585.548 | Actor=PC_Hero | CurrentAction=5 | CurrentAniPhase=1 | CurrentMovementAni=Hero_Stand_Shield_1H_P1_QuickAttackL_Hit_N_Fwd_00_%_00_P50_100_L.xmot
221665	221681	C1 CLEANUP FULFILLED	ElapsedMs=576585.614 | Actor=PC_Hero | Generation=394 | Status=PERSISTED | Source=It_1H_Longsword_01 | SourceAddress=E6F50010 | ActualGroup=5 | PhysicalCollisionChanged=0
221682	221708	ENGINE SetCollisionGroup	ElapsedMs=576585.630 | RequestedGroup=5 | BeforeGroup=7 | AfterGroup=5 | PlayerAction=5 | PlayerAniPhase=1 | PlayerStateTime=0.407988 | PlayerCurrentMovementAni=Hero_Stand_Shield_1H_P1_QuickAttackL_Hit_N_Fwd_00_%_00_P50_100_L.xmot
221709	221729	NATIVE CLEANUP CALL SITE	ElapsedMs=576585.652 | Source=It_1H_Longsword_01 | SourceAddress=E6F50010 | RequestedGroup=5 | BeforeGroup=7 | AfterGroup=5
221730	221759	OUTER_FRAME CLEANUP	ElapsedMs=576585.676 | Actor=PC_Hero | Source=It_1H_Longsword_01 | SourceAddress=E6F50010 | RequestedGroup=5 | BeforeGroup=7 | AfterGroup=5 | CurrentAction=5 | CurrentStateTime=0.407988
221760	221786	EMPTY-PRIMARY SUCCESSOR STACK	ElapsedMs=576596.615 | Actor=PC_Hero
221787	221811	PRIMARYFIRST PlayMotion	ElapsedMs=576596.613
221812	221851	AISETSTATE CALLSITE	ElapsedMs=576685.321 | Actor=PC_Hero | CurrentAction=5 | CurrentAniPhase=5 | CurrentStateTime=0.506980 | CurrentMovementAni=Hero_Stand_Shield_1H_P0_Ambient_Loop_N_Fwd_00_%_00_P0_0.xmot
221852	221876	OUTER_FRAME AI_SET_STATE_BEFORE	ElapsedMs=576685.392 | Actor=PC_Hero | CurrentAction=5 | CurrentStateTime=0.506980
221877	221911	C1 FINALIZATION	ElapsedMs=576685.415 | Reason=AISETSTATE_AFTER_ORIGINAL | Actor=PC_Hero | Generation=394 | Status=PERSISTED | PhysicalCollisionChanged=0
221912	221936	OUTER_FRAME AI_SET_STATE_AFTER	ElapsedMs=576685.447 | Actor=PC_Hero | CurrentAction=5 | CurrentStateTime=0.000000
221937	221976	AISETSTATE CALLSITE	ElapsedMs=576685.491 | Actor=PC_Hero | CurrentAction=0 | CurrentAniPhase=5 | CurrentStateTime=0.000000 | CurrentMovementAni=Hero_Stand_Shield_1H_P0_Ambient_Loop_N_Fwd_00_%_00_P0_0.xmot
221977	222001	OUTER_FRAME AI_SET_STATE_BEFORE	ElapsedMs=576685.529 | Actor=PC_Hero | CurrentAction=0 | CurrentStateTime=0.000000
222002	222026	OUTER_FRAME AI_SET_STATE_AFTER	ElapsedMs=576685.547 | Actor=PC_Hero | CurrentAction=0 | CurrentStateTime=0.000000
222027	222048	C1 LIFECYCLE START	ElapsedMs=576695.870 | Actor=PC_Hero | Generation=395 | Status=CANDIDATE | PhysicalCollisionChanged=0
222049	222062	C1-O2 OUTER BINDING	ElapsedMs=576695.911 | Event=COMBAT_MOVE_CANDIDATE_BOUND | Actor=PC_Hero | Generation=395 | Status=CANDIDATE | PhysicalCollisionChanged=0
222063	222087	OUTER_FRAME COMBAT_MOVE_INITIAL	ElapsedMs=576695.922 | Actor=PC_Hero | CurrentAction=16 | CurrentStateTime=0.000000
222088	222112	PRIMARYFIRST StopMotion	ElapsedMs=576695.958
222113	222145	EMPTY-PRIMARY SUCCESSOR STACK	ElapsedMs=576695.982 | Actor=PC_Hero
222146	222170	PRIMARYFIRST PlayMotion	ElapsedMs=576695.981
222171	222181	C1 LIFECYCLE STATUS	ElapsedMs=576696.076 | Event=PERSISTED | Actor=PC_Hero | Generation=395 | Status=PERSISTED | PhysicalCollisionChanged=0
222182	222225	AIFULLSTOP CALLSITE	ElapsedMs=576702.592 | Actor=PC_Hero | CurrentAction=16 | CurrentAniPhase=4 | CurrentStateTime=0.011010 | CurrentMovementAni=Hero_Stand_Shield_1H_P0_Parade_Begin_N_Fwd_00_%_00_P1_0.xmot
222226	222262	COMBATMOVE FULLSTOP STACK	ElapsedMs=576702.667 | Actor=PC_Hero | CurrentAction=16 | CurrentAniPhase=4 | CurrentStateTime=0.011010 | CurrentMovementAni=Hero_Stand_Shield_1H_P0_Parade_Begin_N_Fwd_00_%_00_P1_0.xmot
222263	222303	AISETSTATE CALLSITE	ElapsedMs=576702.806 | Actor=PC_Hero | CurrentAction=16 | CurrentAniPhase=4 | CurrentStateTime=0.011010 | CurrentMovementAni=Hero_Stand_Shield_1H_P0_Parade_Begin_N_Fwd_00_%_00_P1_0.xmot
222304	222328	OUTER_FRAME AI_SET_STATE_BEFORE	ElapsedMs=576702.852 | Actor=PC_Hero | CurrentAction=16 | CurrentStateTime=0.011010
222329	222363	C1 FINALIZATION	ElapsedMs=576702.879 | Reason=AISETSTATE_AFTER_ORIGINAL | Actor=PC_Hero | Generation=395 | Status=PERSISTED | PhysicalCollisionChanged=0
222364	222388	OUTER_FRAME AI_SET_STATE_AFTER	ElapsedMs=576702.909 | Actor=PC_Hero | CurrentAction=16 | CurrentStateTime=0.000000
222389	222415	EMPTY-PRIMARY SUCCESSOR STACK	ElapsedMs=577048.052 | Actor=PC_Hero
222416	222440	PRIMARYFIRST PlayMotion	ElapsedMs=577048.050
222441	222480	AISETSTATE CALLSITE	ElapsedMs=579942.093 | Actor=PC_Hero | CurrentAction=0 | CurrentAniPhase=5 | CurrentStateTime=3.234698 | CurrentMovementAni=Hero_Stand_Shield_1H_P1_Ambient_Loop_N_Fwd_00_%_00_P1_0.xmot
222481	222505	OUTER_FRAME AI_SET_STATE_BEFORE	ElapsedMs=579942.164 | Actor=PC_Hero | CurrentAction=0 | CurrentStateTime=3.234698
222506	222530	OUTER_FRAME AI_SET_STATE_AFTER	ElapsedMs=579942.187 | Actor=PC_Hero | CurrentAction=0 | CurrentStateTime=0.000000
222531	222570	AISETSTATE CALLSITE	ElapsedMs=579954.130 | Actor=PC_Hero | CurrentAction=0 | CurrentAniPhase=5 | CurrentStateTime=0.000000 | CurrentMovementAni=Hero_Stand_Shield_1H_P1_Ambient_Loop_N_Fwd_00_%_00_P1_0.xmot
222571	222595	OUTER_FRAME AI_SET_STATE_BEFORE	ElapsedMs=579954.202 | Actor=PC_Hero | CurrentAction=0 | CurrentStateTime=0.000000
222596	222620	OUTER_FRAME AI_SET_STATE_AFTER	ElapsedMs=579954.227 | Actor=PC_Hero | CurrentAction=0 | CurrentStateTime=0.000000
222621	222647	EMPTY-PRIMARY SUCCESSOR STACK	ElapsedMs=579976.459 | Actor=PC_Hero
222648	222672	PRIMARYFIRST PlayMotion	ElapsedMs=579976.457
222673	222712	AISETSTATE CALLSITE	ElapsedMs=581830.892 | Actor=PC_Hero | CurrentAction=0 | CurrentAniPhase=5 | CurrentStateTime=1.865900 | CurrentMovementAni=Hero_Parade_Shield_1H_P1_Ambient_Loop_N_Fwd_00_%_00_P1_0.xmot
222713	222737	OUTER_FRAME AI_SET_STATE_BEFORE	ElapsedMs=581831.009 | Actor=PC_Hero | CurrentAction=0 | CurrentStateTime=1.865900
222738	222762	OUTER_FRAME AI_SET_STATE_AFTER	ElapsedMs=581831.047 | Actor=PC_Hero | CurrentAction=0 | CurrentStateTime=0.000000
222763	222784	C1 LIFECYCLE START	ElapsedMs=581842.528 | Actor=PC_Hero | Generation=396 | Status=CANDIDATE | PhysicalCollisionChanged=0
222785	222798	C1-O2 OUTER BINDING	ElapsedMs=581842.566 | Event=COMBAT_MOVE_CANDIDATE_BOUND | Actor=PC_Hero | Generation=396 | Status=CANDIDATE | PhysicalCollisionChanged=0
222799	222823	OUTER_FRAME COMBAT_MOVE_INITIAL	ElapsedMs=581842.578 | Actor=PC_Hero | CurrentAction=11 | CurrentStateTime=0.000000
222824	222848	PRIMARYFIRST StopMotion	ElapsedMs=581842.618
222849	222881	EMPTY-PRIMARY SUCCESSOR STACK	ElapsedMs=581842.646 | Actor=PC_Hero
222882	222906	PRIMARYFIRST PlayMotion	ElapsedMs=581842.644
222907	222917	C1 LIFECYCLE STATUS	ElapsedMs=581842.741 | Event=PERSISTED | Actor=PC_Hero | Generation=396 | Status=PERSISTED | PhysicalCollisionChanged=0
222918	222961	AIFULLSTOP CALLSITE	ElapsedMs=581850.191 | Actor=PC_Hero | CurrentAction=11 | CurrentAniPhase=0 | CurrentStateTime=0.011989 | CurrentMovementAni=Hero_Parade_Shield_1H_P1_PierceAttack_Raise_N_Fwd_00_%_00_P1_0_F.xmot
222962	222998	COMBATMOVE FULLSTOP STACK	ElapsedMs=581850.393 | Actor=PC_Hero | CurrentAction=11 | CurrentAniPhase=0 | CurrentStateTime=0.011989 | CurrentMovementAni=Hero_Parade_Shield_1H_P1_PierceAttack_Raise_N_Fwd_00_%_00_P1_0_F.xmot
222999	223039	AISETSTATE CALLSITE	ElapsedMs=581850.466 | Actor=PC_Hero | CurrentAction=11 | CurrentAniPhase=0 | CurrentStateTime=0.011989 | CurrentMovementAni=Hero_Parade_Shield_1H_P1_PierceAttack_Raise_N_Fwd_00_%_00_P1_0_F.xmot
223040	223064	OUTER_FRAME AI_SET_STATE_BEFORE	ElapsedMs=581850.506 | Actor=PC_Hero | CurrentAction=11 | CurrentStateTime=0.011989
223065	223099	C1 FINALIZATION	ElapsedMs=581850.532 | Reason=AISETSTATE_AFTER_ORIGINAL | Actor=PC_Hero | Generation=396 | Status=PERSISTED | PhysicalCollisionChanged=0
223100	223124	OUTER_FRAME AI_SET_STATE_AFTER	ElapsedMs=581850.561 | Actor=PC_Hero | CurrentAction=11 | CurrentStateTime=0.000000
223125	223146	C1 LIFECYCLE START	ElapsedMs=581854.471 | Actor=PC_Hero | Generation=397 | Status=CANDIDATE | PhysicalCollisionChanged=0
223147	223160	C1-O2 OUTER BINDING	ElapsedMs=581854.505 | Event=COMBAT_MOVE_CANDIDATE_BOUND | Actor=PC_Hero | Generation=397 | Status=CANDIDATE | PhysicalCollisionChanged=0
223161	223185	OUTER_FRAME COMBAT_MOVE_INITIAL	ElapsedMs=581854.515 | Actor=PC_Hero | CurrentAction=5 | CurrentStateTime=0.000000
223186	223210	PRIMARYFIRST StopMotion	ElapsedMs=581854.551
223211	223243	EMPTY-PRIMARY SUCCESSOR STACK	ElapsedMs=581854.574 | Actor=PC_Hero
223244	223268	PRIMARYFIRST PlayMotion	ElapsedMs=581854.573
223269	223279	C1 LIFECYCLE STATUS	ElapsedMs=581854.672 | Event=PERSISTED | Actor=PC_Hero | Generation=397 | Status=PERSISTED | PhysicalCollisionChanged=0
223280	223296	C1 OFFENSE REQUEST	ElapsedMs=581959.609 | Actor=PC_Hero | Generation=397 | Status=PERSISTED | Source=It_1H_Longsword_01 | SourceAddress=E6F50010 | ActualGroup=7 | PhysicalCollisionChanged=0
223297	223323	ENGINE SetCollisionGroup	ElapsedMs=581959.650 | RequestedGroup=7 | BeforeGroup=5 | AfterGroup=7 | PlayerAction=5 | PlayerAniPhase=1 | PlayerStateTime=0.105006 | PlayerCurrentMovementAni=Hero_Stand_Shield_1H_P1_QuickAttackL_Hit_N_Fwd_00_%_00_P50_100_L.xmot
223324	223343	C1-O2-P1 OFFENSE SCOPE	ElapsedMs=581959.690 | SourceAddress=E6F50010
223344	223373	OUTER_FRAME OFFENSE	ElapsedMs=581959.709 | Actor=PC_Hero | Source=It_1H_Longsword_01 | SourceAddress=E6F50010 | RequestedGroup=7 | BeforeGroup=5 | AfterGroup=7 | CurrentAction=5 | CurrentStateTime=0.105006
223374	223399	COMBATMOVE STARTRECOVER BEGIN	ElapsedMs=582258.973 | Actor=PC_Hero | CurrentAction=5 | CurrentAniPhase=1 | CurrentMovementAni=Hero_Stand_Shield_1H_P1_QuickAttackL_Hit_N_Fwd_00_%_00_P50_100_L.xmot
223400	223425	COMBATMOVE STARTRECOVER END	ElapsedMs=582259.034 | Actor=PC_Hero | CurrentAction=5 | CurrentAniPhase=1 | CurrentMovementAni=Hero_Stand_Shield_1H_P1_QuickAttackL_Hit_N_Fwd_00_%_00_P50_100_L.xmot
223426	223442	C1 CLEANUP FULFILLED	ElapsedMs=582259.093 | Actor=PC_Hero | Generation=397 | Status=PERSISTED | Source=It_1H_Longsword_01 | SourceAddress=E6F50010 | ActualGroup=5 | PhysicalCollisionChanged=0
223443	223469	ENGINE SetCollisionGroup	ElapsedMs=582259.109 | RequestedGroup=5 | BeforeGroup=7 | AfterGroup=5 | PlayerAction=5 | PlayerAniPhase=1 | PlayerStateTime=0.403992 | PlayerCurrentMovementAni=Hero_Stand_Shield_1H_P1_QuickAttackL_Hit_N_Fwd_00_%_00_P50_100_L.xmot
223470	223490	NATIVE CLEANUP CALL SITE	ElapsedMs=582259.131 | Source=It_1H_Longsword_01 | SourceAddress=E6F50010 | RequestedGroup=5 | BeforeGroup=7 | AfterGroup=5
223491	223520	OUTER_FRAME CLEANUP	ElapsedMs=582259.232 | Actor=PC_Hero | Source=It_1H_Longsword_01 | SourceAddress=E6F50010 | RequestedGroup=5 | BeforeGroup=7 | AfterGroup=5 | CurrentAction=5 | CurrentStateTime=0.403992
223521	223549	MARKER OWNERSHIP DECISION	ElapsedMs=582271.885 | Actor=PC_Hero | CurrentMovementAni=
223550	223576	EMPTY-PRIMARY SUCCESSOR STACK	ElapsedMs=582293.575 | Actor=PC_Hero
223577	223601	PRIMARYFIRST PlayMotion	ElapsedMs=582293.573
223602	223641	AISETSTATE CALLSITE	ElapsedMs=582360.488 | Actor=PC_Hero | CurrentAction=5 | CurrentAniPhase=5 | CurrentStateTime=0.506989 | CurrentMovementAni=Hero_Stand_Shield_1H_P0_Ambient_Loop_N_Fwd_00_%_00_P0_0.xmot
223642	223666	OUTER_FRAME AI_SET_STATE_BEFORE	ElapsedMs=582360.640 | Actor=PC_Hero | CurrentAction=5 | CurrentStateTime=0.506989
223667	223701	C1 FINALIZATION	ElapsedMs=582360.667 | Reason=AISETSTATE_AFTER_ORIGINAL | Actor=PC_Hero | Generation=397 | Status=PERSISTED | PhysicalCollisionChanged=0
223702	223726	OUTER_FRAME AI_SET_STATE_AFTER	ElapsedMs=582360.695 | Actor=PC_Hero | CurrentAction=5 | CurrentStateTime=0.000000
223727	223766	AISETSTATE CALLSITE	ElapsedMs=582360.744 | Actor=PC_Hero | CurrentAction=0 | CurrentAniPhase=5 | CurrentStateTime=0.000000 | CurrentMovementAni=Hero_Stand_Shield_1H_P0_Ambient_Loop_N_Fwd_00_%_00_P0_0.xmot
223767	223791	OUTER_FRAME AI_SET_STATE_BEFORE	ElapsedMs=582360.807 | Actor=PC_Hero | CurrentAction=0 | CurrentStateTime=0.000000
223792	223816	OUTER_FRAME AI_SET_STATE_AFTER	ElapsedMs=582360.828 | Actor=PC_Hero | CurrentAction=0 | CurrentStateTime=0.000000
223817	223838	C1 LIFECYCLE START	ElapsedMs=582371.760 | Actor=PC_Hero | Generation=398 | Status=CANDIDATE | PhysicalCollisionChanged=0
223839	223852	C1-O2 OUTER BINDING	ElapsedMs=582371.798 | Event=COMBAT_MOVE_CANDIDATE_BOUND | Actor=PC_Hero | Generation=398 | Status=CANDIDATE | PhysicalCollisionChanged=0
223853	223877	OUTER_FRAME COMBAT_MOVE_INITIAL	ElapsedMs=582371.809 | Actor=PC_Hero | CurrentAction=16 | CurrentStateTime=0.000000
223878	223902	PRIMARYFIRST StopMotion	ElapsedMs=582371.843
223903	223935	EMPTY-PRIMARY SUCCESSOR STACK	ElapsedMs=582371.914 | Actor=PC_Hero
223936	223960	PRIMARYFIRST PlayMotion	ElapsedMs=582371.913
223961	223971	C1 LIFECYCLE STATUS	ElapsedMs=582372.007 | Event=PERSISTED | Actor=PC_Hero | Generation=398 | Status=PERSISTED | PhysicalCollisionChanged=0
223972	224015	AIFULLSTOP CALLSITE	ElapsedMs=582389.384 | Actor=PC_Hero | CurrentAction=16 | CurrentAniPhase=4 | CurrentStateTime=0.022000 | CurrentMovementAni=Hero_Stand_Shield_1H_P0_Parade_Begin_N_Fwd_00_%_00_P1_0.xmot
224016	224052	COMBATMOVE FULLSTOP STACK	ElapsedMs=582389.573 | Actor=PC_Hero | CurrentAction=16 | CurrentAniPhase=4 | CurrentStateTime=0.022000 | CurrentMovementAni=Hero_Stand_Shield_1H_P0_Parade_Begin_N_Fwd_00_%_00_P1_0.xmot
224053	224093	AISETSTATE CALLSITE	ElapsedMs=582389.671 | Actor=PC_Hero | CurrentAction=16 | CurrentAniPhase=4 | CurrentStateTime=0.022000 | CurrentMovementAni=Hero_Stand_Shield_1H_P0_Parade_Begin_N_Fwd_00_%_00_P1_0.xmot
224094	224118	OUTER_FRAME AI_SET_STATE_BEFORE	ElapsedMs=582389.752 | Actor=PC_Hero | CurrentAction=16 | CurrentStateTime=0.022000
224119	224153	C1 FINALIZATION	ElapsedMs=582389.777 | Reason=AISETSTATE_AFTER_ORIGINAL | Actor=PC_Hero | Generation=398 | Status=PERSISTED | PhysicalCollisionChanged=0
224154	224178	OUTER_FRAME AI_SET_STATE_AFTER	ElapsedMs=582389.879 | Actor=PC_Hero | CurrentAction=16 | CurrentStateTime=0.000000
224179	224205	EMPTY-PRIMARY SUCCESSOR STACK	ElapsedMs=582727.921 | Actor=PC_Hero
224206	224230	PRIMARYFIRST PlayMotion	ElapsedMs=582727.919
224231	224255	PRIMARYFIRST StopMotion	ElapsedMs=583209.730
224256	224280	PRIMARYFIRST StopMotion	ElapsedMs=583233.483
224281	224307	EMPTY-PRIMARY SUCCESSOR STACK	ElapsedMs=583233.535 | Actor=PC_Hero
224308	224332	PRIMARYFIRST PlayMotion	ElapsedMs=583233.533
224333	224357	PRIMARYFIRST StopMotion	ElapsedMs=583395.850
224358	224384	EMPTY-PRIMARY SUCCESSOR STACK	ElapsedMs=583395.900 | Actor=PC_Hero
224385	224409	PRIMARYFIRST PlayMotion	ElapsedMs=583395.899
224410	224434	PRIMARYFIRST StopMotion	ElapsedMs=585503.813
224435	224461	EMPTY-PRIMARY SUCCESSOR STACK	ElapsedMs=585503.867 | Actor=PC_Hero
224462	224486	PRIMARYFIRST PlayMotion	ElapsedMs=585503.866
224487	224511	PRIMARYFIRST StopMotion	ElapsedMs=585615.123
224512	224538	EMPTY-PRIMARY SUCCESSOR STACK	ElapsedMs=585615.171 | Actor=PC_Hero
224539	224563	PRIMARYFIRST PlayMotion	ElapsedMs=585615.170
224564	224588	PRIMARYFIRST StopMotion	ElapsedMs=586358.789
224589	224615	EMPTY-PRIMARY SUCCESSOR STACK	ElapsedMs=586358.841 | Actor=PC_Hero
224616	224640	PRIMARYFIRST PlayMotion	ElapsedMs=586358.840
224641	224665	PRIMARYFIRST StopMotion	ElapsedMs=587622.861
224666	224692	EMPTY-PRIMARY SUCCESSOR STACK	ElapsedMs=587622.921 | Actor=PC_Hero
224693	224717	PRIMARYFIRST PlayMotion	ElapsedMs=587622.920
224718	224742	PRIMARYFIRST StopMotion	ElapsedMs=587817.451
224743	224769	EMPTY-PRIMARY SUCCESSOR STACK	ElapsedMs=587817.501 | Actor=PC_Hero
224770	224794	PRIMARYFIRST PlayMotion	ElapsedMs=587817.500
224795	224819	PRIMARYFIRST StopMotion	ElapsedMs=587842.876
224820	224844	PRIMARYFIRST StopMotion	ElapsedMs=587842.931
224845	224871	EMPTY-PRIMARY SUCCESSOR STACK	ElapsedMs=587842.957 | Actor=PC_Hero
224872	224896	PRIMARYFIRST PlayMotion	ElapsedMs=587842.956
224897	224921	PRIMARYFIRST StopMotion	ElapsedMs=587855.723
224922	224948	EMPTY-PRIMARY SUCCESSOR STACK	ElapsedMs=587855.778 | Actor=PC_Hero
224949	224973	PRIMARYFIRST PlayMotion	ElapsedMs=587855.777
224974	224998	PRIMARYFIRST StopMotion	ElapsedMs=587867.756
224999	225025	EMPTY-PRIMARY SUCCESSOR STACK	ElapsedMs=587867.804 | Actor=PC_Hero
225026	225050	PRIMARYFIRST PlayMotion	ElapsedMs=587867.803
225051	225075	PRIMARYFIRST StopMotion	ElapsedMs=588327.018
225076	225102	EMPTY-PRIMARY SUCCESSOR STACK	ElapsedMs=588327.069 | Actor=PC_Hero
225103	225127	PRIMARYFIRST PlayMotion	ElapsedMs=588327.068
225128	225152	PRIMARYFIRST StopMotion	ElapsedMs=588352.144
225153	225179	EMPTY-PRIMARY SUCCESSOR STACK	ElapsedMs=588352.194 | Actor=PC_Hero
225180	225204	PRIMARYFIRST PlayMotion	ElapsedMs=588352.193
225205	225229	PRIMARYFIRST StopMotion	ElapsedMs=588491.285
225230	225256	EMPTY-PRIMARY SUCCESSOR STACK	ElapsedMs=588491.337 | Actor=PC_Hero
225257	225281	PRIMARYFIRST PlayMotion	ElapsedMs=588491.336
225282	225306	PRIMARYFIRST StopMotion	ElapsedMs=588567.098
225307	225333	EMPTY-PRIMARY SUCCESSOR STACK	ElapsedMs=588567.154 | Actor=PC_Hero
225334	225358	PRIMARYFIRST PlayMotion	ElapsedMs=588567.153
225359	225383	PRIMARYFIRST StopMotion	ElapsedMs=588801.464
225384	225410	EMPTY-PRIMARY SUCCESSOR STACK	ElapsedMs=588801.516 | Actor=PC_Hero
225411	225435	PRIMARYFIRST PlayMotion	ElapsedMs=588801.515
225436	225460	PRIMARYFIRST StopMotion	ElapsedMs=590691.696
225461	225487	EMPTY-PRIMARY SUCCESSOR STACK	ElapsedMs=590691.749 | Actor=PC_Hero
225488	225512	PRIMARYFIRST PlayMotion	ElapsedMs=590691.748
225513	225537	PRIMARYFIRST StopMotion	ElapsedMs=590704.884
225538	225564	EMPTY-PRIMARY SUCCESSOR STACK	ElapsedMs=590704.940 | Actor=PC_Hero
225565	225589	PRIMARYFIRST PlayMotion	ElapsedMs=590704.939
225590	225614	PRIMARYFIRST StopMotion	ElapsedMs=590957.996
225615	225641	EMPTY-PRIMARY SUCCESSOR STACK	ElapsedMs=590958.054 | Actor=PC_Hero
225642	225666	PRIMARYFIRST PlayMotion	ElapsedMs=590958.053
225667	225691	PRIMARYFIRST StopMotion	ElapsedMs=590983.159
225692	225718	EMPTY-PRIMARY SUCCESSOR STACK	ElapsedMs=590983.209 | Actor=PC_Hero
225719	225743	PRIMARYFIRST PlayMotion	ElapsedMs=590983.208
225744	225768	PRIMARYFIRST StopMotion	ElapsedMs=591753.037
225769	225795	EMPTY-PRIMARY SUCCESSOR STACK	ElapsedMs=591753.088 | Actor=PC_Hero
225796	225820	PRIMARYFIRST PlayMotion	ElapsedMs=591753.087
225821	225845	PRIMARYFIRST StopMotion	ElapsedMs=591995.618
225846	225872	EMPTY-PRIMARY SUCCESSOR STACK	ElapsedMs=591995.671 | Actor=PC_Hero
225873	225897	PRIMARYFIRST PlayMotion	ElapsedMs=591995.670
225898	225922	PRIMARYFIRST StopMotion	ElapsedMs=592452.321
225923	225947	PRIMARYFIRST StopMotion	ElapsedMs=592452.422
225948	225974	EMPTY-PRIMARY SUCCESSOR STACK	ElapsedMs=592452.449 | Actor=PC_Hero
225975	225999	PRIMARYFIRST PlayMotion	ElapsedMs=592452.448
226000	226026	EMPTY-PRIMARY SUCCESSOR STACK	ElapsedMs=592792.718 | Actor=PC_Hero
226027	226051	PRIMARYFIRST PlayMotion	ElapsedMs=592792.716
226052	226091	AISETSTATE CALLSITE	ElapsedMs=593070.061 | Actor=PC_Hero | CurrentAction=0 | CurrentAniPhase=5 | CurrentStateTime=10.676823 | CurrentMovementAni=Hero_Stand_Shield_1H_P1_Ambient_Loop_N_Fwd_00_%_00_P1_0.xmot
226092	226116	OUTER_FRAME AI_SET_STATE_BEFORE	ElapsedMs=593070.129 | Actor=PC_Hero | CurrentAction=0 | CurrentStateTime=10.676823
226117	226141	OUTER_FRAME AI_SET_STATE_AFTER	ElapsedMs=593070.151 | Actor=PC_Hero | CurrentAction=0 | CurrentStateTime=0.000000
226142	226181	AISETSTATE CALLSITE	ElapsedMs=593081.414 | Actor=PC_Hero | CurrentAction=0 | CurrentAniPhase=5 | CurrentStateTime=0.000000 | CurrentMovementAni=Hero_Stand_Shield_1H_P1_Ambient_Loop_N_Fwd_00_%_00_P1_0.xmot
226182	226206	OUTER_FRAME AI_SET_STATE_BEFORE	ElapsedMs=593081.485 | Actor=PC_Hero | CurrentAction=0 | CurrentStateTime=0.000000
226207	226231	OUTER_FRAME AI_SET_STATE_AFTER	ElapsedMs=593081.509 | Actor=PC_Hero | CurrentAction=0 | CurrentStateTime=0.000000
226232	226258	EMPTY-PRIMARY SUCCESSOR STACK	ElapsedMs=593092.248 | Actor=PC_Hero
226259	226283	PRIMARYFIRST PlayMotion	ElapsedMs=593092.245
226284	226323	AISETSTATE CALLSITE	ElapsedMs=594902.699 | Actor=PC_Hero | CurrentAction=0 | CurrentAniPhase=5 | CurrentStateTime=1.809885 | CurrentMovementAni=Hero_Parade_Shield_1H_P1_Ambient_Loop_N_Fwd_00_%_00_P1_0.xmot
226324	226348	OUTER_FRAME AI_SET_STATE_BEFORE	ElapsedMs=594902.771 | Actor=PC_Hero | CurrentAction=0 | CurrentStateTime=1.809885
226349	226373	OUTER_FRAME AI_SET_STATE_AFTER	ElapsedMs=594902.796 | Actor=PC_Hero | CurrentAction=0 | CurrentStateTime=0.000000
226374	226395	C1 LIFECYCLE START	ElapsedMs=594914.409 | Actor=PC_Hero | Generation=399 | Status=CANDIDATE | PhysicalCollisionChanged=0
226396	226409	C1-O2 OUTER BINDING	ElapsedMs=594914.446 | Event=COMBAT_MOVE_CANDIDATE_BOUND | Actor=PC_Hero | Generation=399 | Status=CANDIDATE | PhysicalCollisionChanged=0
226410	226434	OUTER_FRAME COMBAT_MOVE_INITIAL	ElapsedMs=594914.457 | Actor=PC_Hero | CurrentAction=5 | CurrentStateTime=0.000000
226435	226459	PRIMARYFIRST StopMotion	ElapsedMs=594914.495
226460	226492	EMPTY-PRIMARY SUCCESSOR STACK	ElapsedMs=594914.525 | Actor=PC_Hero
226493	226517	PRIMARYFIRST PlayMotion	ElapsedMs=594914.522
226518	226528	C1 LIFECYCLE STATUS	ElapsedMs=594914.623 | Event=PERSISTED | Actor=PC_Hero | Generation=399 | Status=PERSISTED | PhysicalCollisionChanged=0
226529	226557	MARKER OWNERSHIP DECISION	ElapsedMs=594914.638 | Actor=PC_Hero | CurrentMovementAni=Hero_Stand_Shield_1H_P1_QuickAttackL_Hit_N_Fwd_00_%_00_P50_100_L.xmot
226558	226574	C1 OFFENSE REQUEST	ElapsedMs=595022.180 | Actor=PC_Hero | Generation=399 | Status=PERSISTED | Source=It_1H_Longsword_01 | SourceAddress=E6F50010 | ActualGroup=7 | PhysicalCollisionChanged=0
226575	226601	ENGINE SetCollisionGroup	ElapsedMs=595022.221 | RequestedGroup=7 | BeforeGroup=5 | AfterGroup=7 | PlayerAction=5 | PlayerAniPhase=1 | PlayerStateTime=0.107977 | PlayerCurrentMovementAni=Hero_Stand_Shield_1H_P1_QuickAttackL_Hit_N_Fwd_00_%_00_P50_100_L.xmot
226602	226621	C1-O2-P1 OFFENSE SCOPE	ElapsedMs=595022.249 | SourceAddress=E6F50010
226622	226651	OUTER_FRAME OFFENSE	ElapsedMs=595022.263 | Actor=PC_Hero | Source=It_1H_Longsword_01 | SourceAddress=E6F50010 | RequestedGroup=7 | BeforeGroup=5 | AfterGroup=7 | CurrentAction=5 | CurrentStateTime=0.107977
226652	226677	COMBATMOVE STARTRECOVER BEGIN	ElapsedMs=595316.702 | Actor=PC_Hero | CurrentAction=5 | CurrentAniPhase=1 | CurrentMovementAni=Hero_Stand_Shield_1H_P1_QuickAttackL_Hit_N_Fwd_00_%_00_P50_100_L.xmot
226678	226703	COMBATMOVE STARTRECOVER END	ElapsedMs=595316.762 | Actor=PC_Hero | CurrentAction=5 | CurrentAniPhase=1 | CurrentMovementAni=Hero_Stand_Shield_1H_P1_QuickAttackL_Hit_N_Fwd_00_%_00_P50_100_L.xmot
226704	226720	C1 CLEANUP FULFILLED	ElapsedMs=595316.840 | Actor=PC_Hero | Generation=399 | Status=PERSISTED | Source=It_1H_Longsword_01 | SourceAddress=E6F50010 | ActualGroup=5 | PhysicalCollisionChanged=0
226721	226747	ENGINE SetCollisionGroup	ElapsedMs=595316.858 | RequestedGroup=5 | BeforeGroup=7 | AfterGroup=5 | PlayerAction=5 | PlayerAniPhase=1 | PlayerStateTime=0.402977 | PlayerCurrentMovementAni=Hero_Stand_Shield_1H_P1_QuickAttackL_Hit_N_Fwd_00_%_00_P50_100_L.xmot
226748	226768	NATIVE CLEANUP CALL SITE	ElapsedMs=595316.880 | Source=It_1H_Longsword_01 | SourceAddress=E6F50010 | RequestedGroup=5 | BeforeGroup=7 | AfterGroup=5
226769	226798	OUTER_FRAME CLEANUP	ElapsedMs=595316.902 | Actor=PC_Hero | Source=It_1H_Longsword_01 | SourceAddress=E6F50010 | RequestedGroup=5 | BeforeGroup=7 | AfterGroup=5 | CurrentAction=5 | CurrentStateTime=0.402977
226799	226825	EMPTY-PRIMARY SUCCESSOR STACK	ElapsedMs=595327.416 | Actor=PC_Hero
226826	226850	PRIMARYFIRST PlayMotion	ElapsedMs=595327.414
226851	226890	AISETSTATE CALLSITE	ElapsedMs=595425.536 | Actor=PC_Hero | CurrentAction=5 | CurrentAniPhase=5 | CurrentStateTime=0.511985 | CurrentMovementAni=Hero_Stand_Shield_1H_P0_Ambient_Loop_N_Fwd_00_%_00_P0_0.xmot
226891	226915	OUTER_FRAME AI_SET_STATE_BEFORE	ElapsedMs=595425.608 | Actor=PC_Hero | CurrentAction=5 | CurrentStateTime=0.511985
226916	226950	C1 FINALIZATION	ElapsedMs=595425.632 | Reason=AISETSTATE_AFTER_ORIGINAL | Actor=PC_Hero | Generation=399 | Status=PERSISTED | PhysicalCollisionChanged=0
226951	226975	OUTER_FRAME AI_SET_STATE_AFTER	ElapsedMs=595425.660 | Actor=PC_Hero | CurrentAction=5 | CurrentStateTime=0.000000
226976	227015	AISETSTATE CALLSITE	ElapsedMs=595425.711 | Actor=PC_Hero | CurrentAction=0 | CurrentAniPhase=5 | CurrentStateTime=0.000000 | CurrentMovementAni=Hero_Stand_Shield_1H_P0_Ambient_Loop_N_Fwd_00_%_00_P0_0.xmot
227016	227040	OUTER_FRAME AI_SET_STATE_BEFORE	ElapsedMs=595425.750 | Actor=PC_Hero | CurrentAction=0 | CurrentStateTime=0.000000
227041	227065	OUTER_FRAME AI_SET_STATE_AFTER	ElapsedMs=595425.769 | Actor=PC_Hero | CurrentAction=0 | CurrentStateTime=0.000000
227066	227087	C1 LIFECYCLE START	ElapsedMs=595437.171 | Actor=PC_Hero | Generation=400 | Status=CANDIDATE | PhysicalCollisionChanged=0
227088	227101	C1-O2 OUTER BINDING	ElapsedMs=595437.208 | Event=COMBAT_MOVE_CANDIDATE_BOUND | Actor=PC_Hero | Generation=400 | Status=CANDIDATE | PhysicalCollisionChanged=0
227102	227126	OUTER_FRAME COMBAT_MOVE_INITIAL	ElapsedMs=595437.219 | Actor=PC_Hero | CurrentAction=16 | CurrentStateTime=0.000000
227127	227151	PRIMARYFIRST StopMotion	ElapsedMs=595437.261
227152	227184	EMPTY-PRIMARY SUCCESSOR STACK	ElapsedMs=595437.287 | Actor=PC_Hero
227185	227209	PRIMARYFIRST PlayMotion	ElapsedMs=595437.286
227210	227220	C1 LIFECYCLE STATUS	ElapsedMs=595437.380 | Event=PERSISTED | Actor=PC_Hero | Generation=400 | Status=PERSISTED | PhysicalCollisionChanged=0
227221	227264	AIFULLSTOP CALLSITE	ElapsedMs=595522.575 | Actor=PC_Hero | CurrentAction=16 | CurrentAniPhase=4 | CurrentStateTime=0.086997 | CurrentMovementAni=Hero_Stand_Shield_1H_P0_Parade_Begin_N_Fwd_00_%_00_P1_0.xmot
227265	227301	COMBATMOVE FULLSTOP STACK	ElapsedMs=595522.655 | Actor=PC_Hero | CurrentAction=16 | CurrentAniPhase=4 | CurrentStateTime=0.086997 | CurrentMovementAni=Hero_Stand_Shield_1H_P0_Parade_Begin_N_Fwd_00_%_00_P1_0.xmot
227302	227342	AISETSTATE CALLSITE	ElapsedMs=595522.783 | Actor=PC_Hero | CurrentAction=16 | CurrentAniPhase=4 | CurrentStateTime=0.086997 | CurrentMovementAni=Hero_Stand_Shield_1H_P0_Parade_Begin_N_Fwd_00_%_00_P1_0.xmot
227343	227367	OUTER_FRAME AI_SET_STATE_BEFORE	ElapsedMs=595522.833 | Actor=PC_Hero | CurrentAction=16 | CurrentStateTime=0.086997
227368	227402	C1 FINALIZATION	ElapsedMs=595522.869 | Reason=AISETSTATE_AFTER_ORIGINAL | Actor=PC_Hero | Generation=400 | Status=PERSISTED | PhysicalCollisionChanged=0
227403	227427	OUTER_FRAME AI_SET_STATE_AFTER	ElapsedMs=595522.936 | Actor=PC_Hero | CurrentAction=16 | CurrentStateTime=0.000000
227428	227454	EMPTY-PRIMARY SUCCESSOR STACK	ElapsedMs=595787.417 | Actor=PC_Hero
227455	227479	PRIMARYFIRST PlayMotion	ElapsedMs=595787.416
227480	227504	PRIMARYFIRST StopMotion	ElapsedMs=596465.962
227505	227529	PRIMARYFIRST StopMotion	ElapsedMs=596489.748
227530	227556	EMPTY-PRIMARY SUCCESSOR STACK	ElapsedMs=596489.843 | Actor=PC_Hero
227557	227581	PRIMARYFIRST PlayMotion	ElapsedMs=596489.842
227582	227606	PRIMARYFIRST StopMotion	ElapsedMs=596652.284
227607	227633	EMPTY-PRIMARY SUCCESSOR STACK	ElapsedMs=596652.334 | Actor=PC_Hero
227634	227658	PRIMARYFIRST PlayMotion	ElapsedMs=596652.333
227659	227683	PRIMARYFIRST StopMotion	ElapsedMs=597764.833
227684	227710	EMPTY-PRIMARY SUCCESSOR STACK	ElapsedMs=597764.888 | Actor=PC_Hero
227711	227735	PRIMARYFIRST PlayMotion	ElapsedMs=597764.887
227736	227760	PRIMARYFIRST StopMotion	ElapsedMs=597798.056
227761	227787	EMPTY-PRIMARY SUCCESSOR STACK	ElapsedMs=597798.159 | Actor=PC_Hero
227788	227812	PRIMARYFIRST PlayMotion	ElapsedMs=597798.158
227813	227837	PRIMARYFIRST StopMotion	ElapsedMs=597811.890
227838	227864	EMPTY-PRIMARY SUCCESSOR STACK	ElapsedMs=597811.941 | Actor=PC_Hero
227865	227889	PRIMARYFIRST PlayMotion	ElapsedMs=597811.940
227890	227914	PRIMARYFIRST StopMotion	ElapsedMs=598652.483
227915	227941	EMPTY-PRIMARY SUCCESSOR STACK	ElapsedMs=598652.539 | Actor=PC_Hero
227942	227966	PRIMARYFIRST PlayMotion	ElapsedMs=598652.538
227967	227991	PRIMARYFIRST StopMotion	ElapsedMs=598932.971
227992	228018	EMPTY-PRIMARY SUCCESSOR STACK	ElapsedMs=598933.024 | Actor=PC_Hero
228019	228043	PRIMARYFIRST PlayMotion	ElapsedMs=598933.023
228044	228068	PRIMARYFIRST StopMotion	ElapsedMs=599006.868
228069	228095	EMPTY-PRIMARY SUCCESSOR STACK	ElapsedMs=599006.917 | Actor=PC_Hero
228096	228120	PRIMARYFIRST PlayMotion	ElapsedMs=599006.916
228121	228145	PRIMARYFIRST StopMotion	ElapsedMs=599018.916
228146	228172	EMPTY-PRIMARY SUCCESSOR STACK	ElapsedMs=599018.972 | Actor=PC_Hero
228173	228197	PRIMARYFIRST PlayMotion	ElapsedMs=599018.971
228198	228222	PRIMARYFIRST StopMotion	ElapsedMs=601036.558
228223	228249	EMPTY-PRIMARY SUCCESSOR STACK	ElapsedMs=601036.631 | Actor=PC_Hero
228250	228274	PRIMARYFIRST PlayMotion	ElapsedMs=601036.630
228275	228299	PRIMARYFIRST StopMotion	ElapsedMs=601632.082
228300	228326	EMPTY-PRIMARY SUCCESSOR STACK	ElapsedMs=601632.134 | Actor=PC_Hero
228327	228351	PRIMARYFIRST PlayMotion	ElapsedMs=601632.133
228352	228376	PRIMARYFIRST StopMotion	ElapsedMs=601845.487
228377	228403	EMPTY-PRIMARY SUCCESSOR STACK	ElapsedMs=601845.543 | Actor=PC_Hero
228404	228428	PRIMARYFIRST PlayMotion	ElapsedMs=601845.542
228429	228453	PRIMARYFIRST StopMotion	ElapsedMs=601866.159
228454	228480	EMPTY-PRIMARY SUCCESSOR STACK	ElapsedMs=601866.213 | Actor=PC_Hero
228481	228505	PRIMARYFIRST PlayMotion	ElapsedMs=601866.212
228506	228530	PRIMARYFIRST StopMotion	ElapsedMs=601901.592
228531	228557	EMPTY-PRIMARY SUCCESSOR STACK	ElapsedMs=601901.646 | Actor=PC_Hero
228558	228582	PRIMARYFIRST PlayMotion	ElapsedMs=601901.645
228583	228607	PRIMARYFIRST StopMotion	ElapsedMs=603444.593
228608	228634	EMPTY-PRIMARY SUCCESSOR STACK	ElapsedMs=603444.650 | Actor=PC_Hero
228635	228659	PRIMARYFIRST PlayMotion	ElapsedMs=603444.648
228660	228684	PRIMARYFIRST StopMotion	ElapsedMs=604708.634
228685	228711	EMPTY-PRIMARY SUCCESSOR STACK	ElapsedMs=604708.690 | Actor=PC_Hero
228712	228736	PRIMARYFIRST PlayMotion	ElapsedMs=604708.689
228737	228761	PRIMARYFIRST StopMotion	ElapsedMs=605414.990
228762	228788	EMPTY-PRIMARY SUCCESSOR STACK	ElapsedMs=605415.046 | Actor=PC_Hero
228789	228813	PRIMARYFIRST PlayMotion	ElapsedMs=605415.045
228814	228838	PRIMARYFIRST StopMotion	ElapsedMs=606388.177
228839	228865	EMPTY-PRIMARY SUCCESSOR STACK	ElapsedMs=606388.235 | Actor=PC_Hero
228866	228890	PRIMARYFIRST PlayMotion	ElapsedMs=606388.233
228891	228917	EMPTY-PRIMARY SUCCESSOR STACK	ElapsedMs=606874.837 | Actor=PC_Hero
228918	228942	PRIMARYFIRST PlayMotion	ElapsedMs=606874.835
228943	228967	PRIMARYFIRST StopMotion	ElapsedMs=607094.927
228968	228992	PRIMARYFIRST StopMotion	ElapsedMs=607094.972
228993	229019	EMPTY-PRIMARY SUCCESSOR STACK	ElapsedMs=607094.995 | Actor=PC_Hero
229020	229044	PRIMARYFIRST PlayMotion	ElapsedMs=607094.995
229045	229084	AISETSTATE CALLSITE	ElapsedMs=607594.322 | Actor=PC_Hero | CurrentAction=0 | CurrentAniPhase=12 | CurrentStateTime=12.071840 | CurrentMovementAni=Hero_Stand_Shield_1H_P1_Move_Turn90_N_Left_00_%_00_P1_0.xmot
229085	229109	OUTER_FRAME AI_SET_STATE_BEFORE	ElapsedMs=607594.396 | Actor=PC_Hero | CurrentAction=0 | CurrentStateTime=12.071840
229110	229134	OUTER_FRAME AI_SET_STATE_AFTER	ElapsedMs=607594.418 | Actor=PC_Hero | CurrentAction=0 | CurrentStateTime=0.000000
229135	229174	AISETSTATE CALLSITE	ElapsedMs=607605.363 | Actor=PC_Hero | CurrentAction=0 | CurrentAniPhase=12 | CurrentStateTime=0.000000 | CurrentMovementAni=Hero_Stand_Shield_1H_P1_Move_Turn90_N_Left_00_%_00_P1_0.xmot
229175	229199	OUTER_FRAME AI_SET_STATE_BEFORE	ElapsedMs=607605.433 | Actor=PC_Hero | CurrentAction=0 | CurrentStateTime=0.000000
229200	229224	OUTER_FRAME AI_SET_STATE_AFTER	ElapsedMs=607605.454 | Actor=PC_Hero | CurrentAction=0 | CurrentStateTime=0.000000
229225	229249	PRIMARYFIRST StopMotion	ElapsedMs=607616.357
229250	229274	PRIMARYFIRST StopMotion	ElapsedMs=607616.449
229275	229301	EMPTY-PRIMARY SUCCESSOR STACK	ElapsedMs=607616.474 | Actor=PC_Hero
229302	229326	PRIMARYFIRST PlayMotion	ElapsedMs=607616.473
229327	229353	EMPTY-PRIMARY SUCCESSOR STACK	ElapsedMs=607760.356 | Actor=PC_Hero
229354	229378	PRIMARYFIRST PlayMotion	ElapsedMs=607760.354
229379	229418	AISETSTATE CALLSITE	ElapsedMs=609546.245 | Actor=PC_Hero | CurrentAction=0 | CurrentAniPhase=5 | CurrentStateTime=1.929880 | CurrentMovementAni=Hero_Parade_Shield_1H_P1_Ambient_Loop_N_Fwd_00_%_00_P1_0.xmot
229419	229443	OUTER_FRAME AI_SET_STATE_BEFORE	ElapsedMs=609546.377 | Actor=PC_Hero | CurrentAction=0 | CurrentStateTime=1.929880
229444	229468	OUTER_FRAME AI_SET_STATE_AFTER	ElapsedMs=609546.403 | Actor=PC_Hero | CurrentAction=0 | CurrentStateTime=0.000000
229469	229512	AIFULLSTOP CALLSITE	ElapsedMs=609556.452 | Actor=PC_Hero | CurrentAction=0 | CurrentAniPhase=5 | CurrentStateTime=0.000000 | CurrentMovementAni=Hero_Parade_Shield_1H_P1_Ambient_Loop_N_Fwd_00_%_00_P1_0.xmot
229513	229553	AISETSTATE CALLSITE	ElapsedMs=609556.596 | Actor=PC_Hero | CurrentAction=0 | CurrentAniPhase=5 | CurrentStateTime=0.000000 | CurrentMovementAni=Hero_Parade_Shield_1H_P1_Ambient_Loop_N_Fwd_00_%_00_P1_0.xmot
229554	229578	OUTER_FRAME AI_SET_STATE_BEFORE	ElapsedMs=609556.675 | Actor=PC_Hero | CurrentAction=0 | CurrentStateTime=0.000000
229579	229603	OUTER_FRAME AI_SET_STATE_AFTER	ElapsedMs=609556.699 | Actor=PC_Hero | CurrentAction=0 | CurrentStateTime=0.000000
229604	229625	C1 LIFECYCLE START	ElapsedMs=609558.013 | Actor=PC_Hero | Generation=401 | Status=CANDIDATE | PhysicalCollisionChanged=0
229626	229639	C1-O2 OUTER BINDING	ElapsedMs=609558.040 | Event=COMBAT_MOVE_CANDIDATE_BOUND | Actor=PC_Hero | Generation=401 | Status=CANDIDATE | PhysicalCollisionChanged=0
229640	229664	OUTER_FRAME COMBAT_MOVE_INITIAL	ElapsedMs=609558.051 | Actor=PC_Hero | CurrentAction=5 | CurrentStateTime=0.000000
229665	229689	PRIMARYFIRST StopMotion	ElapsedMs=609558.085
229690	229722	EMPTY-PRIMARY SUCCESSOR STACK	ElapsedMs=609558.154 | Actor=PC_Hero
229723	229747	PRIMARYFIRST PlayMotion	ElapsedMs=609558.153
229748	229758	C1 LIFECYCLE STATUS	ElapsedMs=609558.251 | Event=PERSISTED | Actor=PC_Hero | Generation=401 | Status=PERSISTED | PhysicalCollisionChanged=0
229759	229775	C1 OFFENSE REQUEST	ElapsedMs=609668.261 | Actor=PC_Hero | Generation=401 | Status=PERSISTED | Source=It_1H_Longsword_01 | SourceAddress=E6F50010 | ActualGroup=7 | PhysicalCollisionChanged=0
229776	229802	ENGINE SetCollisionGroup	ElapsedMs=609668.294 | RequestedGroup=7 | BeforeGroup=5 | AfterGroup=7 | PlayerAction=5 | PlayerAniPhase=1 | PlayerStateTime=0.110999 | PlayerCurrentMovementAni=Hero_Stand_Shield_1H_P1_QuickAttackL_Hit_N_Fwd_00_%_00_P50_100_L.xmot
229803	229822	C1-O2-P1 OFFENSE SCOPE	ElapsedMs=609668.324 | SourceAddress=E6F50010
229823	229852	OUTER_FRAME OFFENSE	ElapsedMs=609668.341 | Actor=PC_Hero | Source=It_1H_Longsword_01 | SourceAddress=E6F50010 | RequestedGroup=7 | BeforeGroup=5 | AfterGroup=7 | CurrentAction=5 | CurrentStateTime=0.110999
229853	229878	COMBATMOVE STARTRECOVER BEGIN	ElapsedMs=609960.895 | Actor=PC_Hero | CurrentAction=5 | CurrentAniPhase=1 | CurrentMovementAni=Hero_Stand_Shield_1H_P1_QuickAttackL_Hit_N_Fwd_00_%_00_P50_100_L.xmot
229879	229904	COMBATMOVE STARTRECOVER END	ElapsedMs=609960.959 | Actor=PC_Hero | CurrentAction=5 | CurrentAniPhase=1 | CurrentMovementAni=Hero_Stand_Shield_1H_P1_QuickAttackL_Hit_N_Fwd_00_%_00_P50_100_L.xmot
229905	229921	C1 CLEANUP FULFILLED	ElapsedMs=609961.015 | Actor=PC_Hero | Generation=401 | Status=PERSISTED | Source=It_1H_Longsword_01 | SourceAddress=E6F50010 | ActualGroup=5 | PhysicalCollisionChanged=0
229922	229948	ENGINE SetCollisionGroup	ElapsedMs=609961.030 | RequestedGroup=5 | BeforeGroup=7 | AfterGroup=5 | PlayerAction=5 | PlayerAniPhase=1 | PlayerStateTime=0.403987 | PlayerCurrentMovementAni=Hero_Stand_Shield_1H_P1_QuickAttackL_Hit_N_Fwd_00_%_00_P50_100_L.xmot
229949	229969	NATIVE CLEANUP CALL SITE	ElapsedMs=609961.051 | Source=It_1H_Longsword_01 | SourceAddress=E6F50010 | RequestedGroup=5 | BeforeGroup=7 | AfterGroup=5
229970	229999	OUTER_FRAME CLEANUP	ElapsedMs=609961.077 | Actor=PC_Hero | Source=It_1H_Longsword_01 | SourceAddress=E6F50010 | RequestedGroup=5 | BeforeGroup=7 | AfterGroup=5 | CurrentAction=5 | CurrentStateTime=0.403987
230000	230026	EMPTY-PRIMARY SUCCESSOR STACK	ElapsedMs=609971.241 | Actor=PC_Hero
230027	230051	PRIMARYFIRST PlayMotion	ElapsedMs=609971.239
230052	230095	AIFULLSTOP CALLSITE	ElapsedMs=610043.679 | Actor=PC_Hero | CurrentAction=5 | CurrentAniPhase=5 | CurrentStateTime=0.488982 | CurrentMovementAni=Hero_Stand_Shield_1H_P0_Ambient_Loop_N_Fwd_00_%_00_P0_0.xmot
230096	230136	AISETSTATE CALLSITE	ElapsedMs=610043.761 | Actor=PC_Hero | CurrentAction=5 | CurrentAniPhase=5 | CurrentStateTime=0.488982 | CurrentMovementAni=Hero_Stand_Shield_1H_P0_Ambient_Loop_N_Fwd_00_%_00_P0_0.xmot
230137	230161	OUTER_FRAME AI_SET_STATE_BEFORE	ElapsedMs=610043.849 | Actor=PC_Hero | CurrentAction=5 | CurrentStateTime=0.488982
230162	230196	C1 FINALIZATION	ElapsedMs=610043.886 | Reason=AISETSTATE_AFTER_ORIGINAL | Actor=PC_Hero | Generation=401 | Status=PERSISTED | PhysicalCollisionChanged=0
230197	230221	OUTER_FRAME AI_SET_STATE_AFTER	ElapsedMs=610043.914 | Actor=PC_Hero | CurrentAction=5 | CurrentStateTime=0.000000
230222	230261	AISETSTATE CALLSITE	ElapsedMs=610736.040 | Actor=PC_Hero | CurrentAction=0 | CurrentAniPhase=5 | CurrentStateTime=0.688965 | CurrentMovementAni=Hero_Stand_Shield_1H_P0_Ambient_Loop_N_Fwd_00_%_00_P0_0.xmot
230262	230286	OUTER_FRAME AI_SET_STATE_BEFORE	ElapsedMs=610736.112 | Actor=PC_Hero | CurrentAction=0 | CurrentStateTime=0.688965
230287	230311	OUTER_FRAME AI_SET_STATE_AFTER	ElapsedMs=610736.134 | Actor=PC_Hero | CurrentAction=0 | CurrentStateTime=0.000000
230312	230333	C1 LIFECYCLE START	ElapsedMs=610746.212 | Actor=PC_Hero | Generation=402 | Status=CANDIDATE | PhysicalCollisionChanged=0
230334	230347	C1-O2 OUTER BINDING	ElapsedMs=610746.248 | Event=COMBAT_MOVE_CANDIDATE_BOUND | Actor=PC_Hero | Generation=402 | Status=CANDIDATE | PhysicalCollisionChanged=0
230348	230372	OUTER_FRAME COMBAT_MOVE_INITIAL	ElapsedMs=610746.264 | Actor=PC_Hero | CurrentAction=16 | CurrentStateTime=0.000000
230373	230397	PRIMARYFIRST StopMotion	ElapsedMs=610746.302
230398	230430	EMPTY-PRIMARY SUCCESSOR STACK	ElapsedMs=610746.326 | Actor=PC_Hero
230431	230455	PRIMARYFIRST PlayMotion	ElapsedMs=610746.325
230456	230466	C1 LIFECYCLE STATUS	ElapsedMs=610746.415 | Event=PERSISTED | Actor=PC_Hero | Generation=402 | Status=PERSISTED | PhysicalCollisionChanged=0
230467	230506	AISETSTATE CALLSITE	ElapsedMs=611095.872 | Actor=PC_Hero | CurrentAction=16 | CurrentAniPhase=4 | CurrentStateTime=0.348999 | CurrentMovementAni=Hero_Stand_Shield_1H_P0_Parade_Begin_N_Fwd_00_%_00_P1_0.xmot
230507	230531	OUTER_FRAME AI_SET_STATE_BEFORE	ElapsedMs=611095.946 | Actor=PC_Hero | CurrentAction=16 | CurrentStateTime=0.348999
230532	230566	C1 FINALIZATION	ElapsedMs=611095.972 | Reason=AISETSTATE_AFTER_ORIGINAL | Actor=PC_Hero | Generation=402 | Status=PERSISTED | PhysicalCollisionChanged=0
230567	230591	OUTER_FRAME AI_SET_STATE_AFTER	ElapsedMs=611096.000 | Actor=PC_Hero | CurrentAction=16 | CurrentStateTime=0.000000
230592	230618	EMPTY-PRIMARY SUCCESSOR STACK	ElapsedMs=611106.618 | Actor=PC_Hero
230619	230643	PRIMARYFIRST PlayMotion	ElapsedMs=611106.617
230644	230683	AISETSTATE CALLSITE	ElapsedMs=612996.365 | Actor=PC_Hero | CurrentAction=0 | CurrentAniPhase=5 | CurrentStateTime=1.889905 | CurrentMovementAni=Hero_Parade_Shield_1H_P1_Ambient_Loop_N_Fwd_00_%_00_P1_0.xmot
230684	230708	OUTER_FRAME AI_SET_STATE_BEFORE	ElapsedMs=612996.438 | Actor=PC_Hero | CurrentAction=0 | CurrentStateTime=1.889905
230709	230733	OUTER_FRAME AI_SET_STATE_AFTER	ElapsedMs=612996.461 | Actor=PC_Hero | CurrentAction=0 | CurrentStateTime=0.000000
230734	230777	AIFULLSTOP CALLSITE	ElapsedMs=613006.794 | Actor=PC_Hero | CurrentAction=0 | CurrentAniPhase=5 | CurrentStateTime=0.000000 | CurrentMovementAni=Hero_Parade_Shield_1H_P1_Ambient_Loop_N_Fwd_00_%_00_P1_0.xmot
230778	230818	AISETSTATE CALLSITE	ElapsedMs=613006.958 | Actor=PC_Hero | CurrentAction=0 | CurrentAniPhase=5 | CurrentStateTime=0.000000 | CurrentMovementAni=Hero_Parade_Shield_1H_P1_Ambient_Loop_N_Fwd_00_%_00_P1_0.xmot
230819	230843	OUTER_FRAME AI_SET_STATE_BEFORE	ElapsedMs=613007.036 | Actor=PC_Hero | CurrentAction=0 | CurrentStateTime=0.000000
230844	230868	OUTER_FRAME AI_SET_STATE_AFTER	ElapsedMs=613007.058 | Actor=PC_Hero | CurrentAction=0 | CurrentStateTime=0.000000
230869	230890	C1 LIFECYCLE START	ElapsedMs=613008.213 | Actor=PC_Hero | Generation=403 | Status=CANDIDATE | PhysicalCollisionChanged=0
230891	230904	C1-O2 OUTER BINDING	ElapsedMs=613008.243 | Event=COMBAT_MOVE_CANDIDATE_BOUND | Actor=PC_Hero | Generation=403 | Status=CANDIDATE | PhysicalCollisionChanged=0
230905	230929	OUTER_FRAME COMBAT_MOVE_INITIAL	ElapsedMs=613008.256 | Actor=PC_Hero | CurrentAction=5 | CurrentStateTime=0.000000
230930	230954	PRIMARYFIRST StopMotion	ElapsedMs=613008.291
230955	230987	EMPTY-PRIMARY SUCCESSOR STACK	ElapsedMs=613008.316 | Actor=PC_Hero
230988	231012	PRIMARYFIRST PlayMotion	ElapsedMs=613008.315
231013	231023	C1 LIFECYCLE STATUS	ElapsedMs=613008.412 | Event=PERSISTED | Actor=PC_Hero | Generation=403 | Status=PERSISTED | PhysicalCollisionChanged=0
231024	231040	C1 OFFENSE REQUEST	ElapsedMs=613108.525 | Actor=PC_Hero | Generation=403 | Status=PERSISTED | Source=It_1H_Longsword_01 | SourceAddress=E6F50010 | ActualGroup=7 | PhysicalCollisionChanged=0
231041	231067	ENGINE SetCollisionGroup	ElapsedMs=613108.559 | RequestedGroup=7 | BeforeGroup=5 | AfterGroup=7 | PlayerAction=5 | PlayerAniPhase=1 | PlayerStateTime=0.100992 | PlayerCurrentMovementAni=Hero_Stand_Shield_1H_P1_QuickAttackL_Hit_N_Fwd_00_%_00_P50_100_L.xmot
231068	231087	C1-O2-P1 OFFENSE SCOPE	ElapsedMs=613108.583 | SourceAddress=E6F50010
231088	231117	OUTER_FRAME OFFENSE	ElapsedMs=613108.598 | Actor=PC_Hero | Source=It_1H_Longsword_01 | SourceAddress=E6F50010 | RequestedGroup=7 | BeforeGroup=5 | AfterGroup=7 | CurrentAction=5 | CurrentStateTime=0.100992
231118	231161	AIFULLSTOP CALLSITE	ElapsedMs=613184.460 | Actor=PC_Hero | CurrentAction=5 | CurrentAniPhase=1 | CurrentStateTime=0.178974 | CurrentMovementAni=Hero_Stand_Shield_1H_P1_QuickAttackL_Hit_N_Fwd_00_%_00_P50_100_L.xmot
231162	231198	COMBATMOVE FULLSTOP STACK	ElapsedMs=613184.539 | Actor=PC_Hero | CurrentAction=5 | CurrentAniPhase=1 | CurrentStateTime=0.178974 | CurrentMovementAni=Hero_Stand_Shield_1H_P1_QuickAttackL_Hit_N_Fwd_00_%_00_P50_100_L.xmot
231199	231239	AISETSTATE CALLSITE	ElapsedMs=613184.679 | Actor=PC_Hero | CurrentAction=5 | CurrentAniPhase=1 | CurrentStateTime=0.178974 | CurrentMovementAni=Hero_Stand_Shield_1H_P1_QuickAttackL_Hit_N_Fwd_00_%_00_P50_100_L.xmot
231240	231264	OUTER_FRAME AI_SET_STATE_BEFORE	ElapsedMs=613184.719 | Actor=PC_Hero | CurrentAction=5 | CurrentStateTime=0.178974
231265	231299	C1 FINALIZATION	ElapsedMs=613184.873 | Reason=AISETSTATE_AFTER_ORIGINAL | Actor=PC_Hero | Generation=403 | Status=PERSISTED | PhysicalCollisionChanged=0
231300	231324	OUTER_FRAME AI_SET_STATE_AFTER	ElapsedMs=613184.902 | Actor=PC_Hero | CurrentAction=5 | CurrentStateTime=0.000000
231325	231351	EMPTY-PRIMARY SUCCESSOR STACK	ElapsedMs=613416.365 | Actor=PC_Hero
231352	231376	PRIMARYFIRST PlayMotion	ElapsedMs=613416.363
231377	231401	PRIMARYFIRST StopMotion	ElapsedMs=614373.359
231402	231426	PRIMARYFIRST StopMotion	ElapsedMs=614373.417
231427	231453	EMPTY-PRIMARY SUCCESSOR STACK	ElapsedMs=614373.443 | Actor=PC_Hero
231454	231478	PRIMARYFIRST PlayMotion	ElapsedMs=614373.442
231479	231503	PRIMARYFIRST StopMotion	ElapsedMs=614550.729
231504	231530	EMPTY-PRIMARY SUCCESSOR STACK	ElapsedMs=614550.779 | Actor=PC_Hero
231531	231555	PRIMARYFIRST PlayMotion	ElapsedMs=614550.778
231556	231580	PRIMARYFIRST StopMotion	ElapsedMs=615002.958
231581	231607	EMPTY-PRIMARY SUCCESSOR STACK	ElapsedMs=615003.010 | Actor=PC_Hero
231608	231632	PRIMARYFIRST PlayMotion	ElapsedMs=615003.009
231633	231657	PRIMARYFIRST StopMotion	ElapsedMs=615931.007
231658	231684	EMPTY-PRIMARY SUCCESSOR STACK	ElapsedMs=615931.109 | Actor=PC_Hero
231685	231709	PRIMARYFIRST PlayMotion	ElapsedMs=615931.108
231710	231734	PRIMARYFIRST StopMotion	ElapsedMs=615941.951
231735	231761	EMPTY-PRIMARY SUCCESSOR STACK	ElapsedMs=615942.002 | Actor=PC_Hero
231762	231786	PRIMARYFIRST PlayMotion	ElapsedMs=615942.000
231787	231811	PRIMARYFIRST StopMotion	ElapsedMs=615954.276
231812	231838	EMPTY-PRIMARY SUCCESSOR STACK	ElapsedMs=615954.326 | Actor=PC_Hero
231839	231863	PRIMARYFIRST PlayMotion	ElapsedMs=615954.325
231864	231888	PRIMARYFIRST StopMotion	ElapsedMs=618301.535
231889	231915	EMPTY-PRIMARY SUCCESSOR STACK	ElapsedMs=618301.588 | Actor=PC_Hero
231916	231940	PRIMARYFIRST PlayMotion	ElapsedMs=618301.588
231941	231965	PRIMARYFIRST StopMotion	ElapsedMs=618712.930
231966	231992	EMPTY-PRIMARY SUCCESSOR STACK	ElapsedMs=618712.983 | Actor=PC_Hero
231993	232017	PRIMARYFIRST PlayMotion	ElapsedMs=618712.981
232018	232042	OUTER_FRAME COMBAT_MOVE_INITIAL	ElapsedMs=618779.963 | Actor=ReddockOrcScoutLeader | CurrentAction=25 | CurrentStateTime=0.000000
232043	232067	OUTER_FRAME COMBAT_MOVE_INITIAL	ElapsedMs=618994.859 | Actor=ReddockOrcScoutLeader | CurrentAction=4 | CurrentStateTime=0.000000
232068	232092	MARKER OWNERSHIP DECISION	ElapsedMs=618995.485 | Actor=ReddockOrcScoutLeader | CurrentMovementAni=Orc_Stand_None_Staff_P0_QuickAttackR_Hit_N_Fwd_00_%_00_P1_100_R.xmot
232093	232117	PRIMARYFIRST StopMotion	ElapsedMs=619068.078
232118	232144	EMPTY-PRIMARY SUCCESSOR STACK	ElapsedMs=619068.130 | Actor=PC_Hero
232145	232169	PRIMARYFIRST PlayMotion	ElapsedMs=619068.129
232170	232196	ENGINE SetCollisionGroup	ElapsedMs=619106.696 | RequestedGroup=7 | BeforeGroup=5 | AfterGroup=7 | PlayerAction=0 | PlayerAniPhase=8 | PlayerStateTime=5.927611 | PlayerCurrentMovementAni=Hero_Stand_Shield_1H_P1_Move_Walk_N_Fwd_00_%_00_P1_160.xmot
232197	232241	AIFULLSTOP CALLSITE	ElapsedMs=619122.884 | Actor=PC_Hero | CurrentAction=0 | CurrentAniPhase=8 | CurrentStateTime=5.941590 | CurrentMovementAni=Hero_Stand_Shield_1H_P1_Move_Walk_N_Fwd_00_%_00_P1_160.xmot
232242	232268	ENGINE SetCollisionGroup	ElapsedMs=619135.756 | RequestedGroup=5 | BeforeGroup=7 | AfterGroup=5 | PlayerAction=0 | PlayerAniPhase=8 | PlayerStateTime=0.000000 | PlayerCurrentMovementAni=Hero_Stand_Shield_1H_P1_Move_Walk_N_Fwd_00_%_00_P1_160.xmot
232269	232289	NATIVE CLEANUP CALL SITE	ElapsedMs=619135.784 | Source=It_1H_Longsword_01 | SourceAddress=E6F50010 | RequestedGroup=5 | BeforeGroup=7 | AfterGroup=5
232290	232319	OUTER_FRAME CLEANUP	ElapsedMs=619135.829 | Actor=PC_Hero | Source=It_1H_Longsword_01 | SourceAddress=E6F50010 | RequestedGroup=5 | BeforeGroup=7 | AfterGroup=5 | CurrentAction=0 | CurrentStateTime=0.000000
232320	232341	C1 LIFECYCLE START	ElapsedMs=619137.201 | Actor=PC_Hero | Generation=406 | Status=CANDIDATE | PhysicalCollisionChanged=0
232342	232355	C1-O2 OUTER BINDING	ElapsedMs=619137.226 | Event=COMBAT_MOVE_CANDIDATE_BOUND | Actor=PC_Hero | Generation=406 | Status=CANDIDATE | PhysicalCollisionChanged=0
232356	232380	OUTER_FRAME COMBAT_MOVE_INITIAL	ElapsedMs=619137.237 | Actor=PC_Hero | CurrentAction=25 | CurrentStateTime=0.000000
232381	232405	PRIMARYFIRST StopMotion	ElapsedMs=619138.860
232406	232438	EMPTY-PRIMARY SUCCESSOR STACK	ElapsedMs=619138.892 | Actor=PC_Hero
232439	232463	PRIMARYFIRST PlayMotion	ElapsedMs=619138.891
232464	232474	C1 LIFECYCLE STATUS	ElapsedMs=619138.990 | Event=PERSISTED | Actor=PC_Hero | Generation=406 | Status=PERSISTED | PhysicalCollisionChanged=0
232475	232500	COMBATMOVE STARTRECOVER BEGIN	ElapsedMs=619335.501 | Actor=PC_Hero | CurrentAction=25 | CurrentAniPhase=1 | CurrentMovementAni=Hero_Stand_Shield_1H_P1_QuickStumble_Hit_N_Back_00_%_00_P10_90.xmot
232501	232525	PRIMARYFIRST StopMotion	ElapsedMs=619337.144
232526	232552	EMPTY-PRIMARY SUCCESSOR STACK	ElapsedMs=619337.178 | Actor=PC_Hero
232553	232577	PRIMARYFIRST PlayMotion	ElapsedMs=619337.177
232578	232603	COMBATMOVE STARTRECOVER END	ElapsedMs=619337.257 | Actor=PC_Hero | CurrentAction=25 | CurrentAniPhase=3 | CurrentMovementAni=Hero_Stand_Shield_1H_P1_QuickStumble_Hit_N_Back_00_%_00_P10_90.xmot
232604	232643	AISETSTATE CALLSITE	ElapsedMs=619337.326 | Actor=PC_Hero | CurrentAction=25 | CurrentAniPhase=3 | CurrentStateTime=0.000000 | CurrentMovementAni=Hero_Stand_Shield_1H_P1_QuickStumble_Hit_N_Back_00_%_00_P10_90.xmot
232644	232668	OUTER_FRAME AI_SET_STATE_BEFORE	ElapsedMs=619337.366 | Actor=PC_Hero | CurrentAction=25 | CurrentStateTime=0.000000
232669	232703	C1 FINALIZATION	ElapsedMs=619337.386 | Reason=AISETSTATE_AFTER_ORIGINAL | Actor=PC_Hero | Generation=406 | Status=PERSISTED | PhysicalCollisionChanged=0
232704	232728	OUTER_FRAME AI_SET_STATE_AFTER	ElapsedMs=619337.416 | Actor=PC_Hero | CurrentAction=25 | CurrentStateTime=0.000000
232729	232753	PRIMARYFIRST StopMotion	ElapsedMs=619349.990
232754	232778	PRIMARYFIRST StopMotion	ElapsedMs=619350.091
232779	232805	EMPTY-PRIMARY SUCCESSOR STACK	ElapsedMs=619350.119 | Actor=PC_Hero
232806	232830	PRIMARYFIRST PlayMotion	ElapsedMs=619350.118
232831	232855	PRIMARYFIRST StopMotion	ElapsedMs=619413.978
232856	232882	EMPTY-PRIMARY SUCCESSOR STACK	ElapsedMs=619414.034 | Actor=PC_Hero
232883	232907	PRIMARYFIRST PlayMotion	ElapsedMs=619414.032
232908	232932	PRIMARYFIRST StopMotion	ElapsedMs=619482.644
232933	232957	PRIMARYFIRST StopMotion	ElapsedMs=619482.697
232958	232984	EMPTY-PRIMARY SUCCESSOR STACK	ElapsedMs=619482.723 | Actor=PC_Hero
232985	233009	PRIMARYFIRST PlayMotion	ElapsedMs=619482.722
233010	233036	ENGINE SetCollisionGroup	ElapsedMs=619515.941 | RequestedGroup=5 | BeforeGroup=7 | AfterGroup=5 | PlayerAction=0 | PlayerAniPhase=12 | PlayerStateTime=0.170974 | PlayerCurrentMovementAni=Hero_Stand_Shield_1H_P0_Move_Stand_N_Fwd_00_%_00_P0_0.xmot
233037	233063	EMPTY-PRIMARY SUCCESSOR STACK	ElapsedMs=619519.142 | Actor=PC_Hero
233064	233088	PRIMARYFIRST PlayMotion	ElapsedMs=619519.141
233089	233113	PRIMARYFIRST StopMotion	ElapsedMs=619541.588
233114	233138	PRIMARYFIRST StopMotion	ElapsedMs=619541.646
233139	233165	EMPTY-PRIMARY SUCCESSOR STACK	ElapsedMs=619541.672 | Actor=PC_Hero
233166	233190	PRIMARYFIRST PlayMotion	ElapsedMs=619541.671
233191	233215	PRIMARYFIRST StopMotion	ElapsedMs=619618.307
233216	233240	PRIMARYFIRST StopMotion	ElapsedMs=619618.355
233241	233267	EMPTY-PRIMARY SUCCESSOR STACK	ElapsedMs=619618.385 | Actor=PC_Hero
233268	233292	PRIMARYFIRST PlayMotion	ElapsedMs=619618.383
233293	233317	PRIMARYFIRST StopMotion	ElapsedMs=619633.856
233318	233342	PRIMARYFIRST StopMotion	ElapsedMs=619633.981
233343	233369	EMPTY-PRIMARY SUCCESSOR STACK	ElapsedMs=619634.008 | Actor=PC_Hero
233370	233394	PRIMARYFIRST PlayMotion	ElapsedMs=619634.007
233395	233434	AISETSTATE CALLSITE	ElapsedMs=619886.726 | Actor=PC_Hero | CurrentAction=0 | CurrentAniPhase=12 | CurrentStateTime=0.538953 | CurrentMovementAni=Hero_Stand_Shield_1H_P0_Move_Turn90_N_Left_00_%_00_P0_0.xmot
233435	233459	OUTER_FRAME AI_SET_STATE_BEFORE	ElapsedMs=619886.841 | Actor=PC_Hero | CurrentAction=0 | CurrentStateTime=0.538953
233460	233484	OUTER_FRAME AI_SET_STATE_AFTER	ElapsedMs=619886.877 | Actor=PC_Hero | CurrentAction=0 | CurrentStateTime=0.000000
233485	233528	AIFULLSTOP CALLSITE	ElapsedMs=619893.708 | Actor=PC_Hero | CurrentAction=0 | CurrentAniPhase=12 | CurrentStateTime=0.000000 | CurrentMovementAni=Hero_Stand_Shield_1H_P0_Move_Turn90_N_Left_00_%_00_P0_0.xmot
233529	233569	AISETSTATE CALLSITE	ElapsedMs=619893.799 | Actor=PC_Hero | CurrentAction=0 | CurrentAniPhase=12 | CurrentStateTime=0.000000 | CurrentMovementAni=Hero_Stand_Shield_1H_P0_Move_Turn90_N_Left_00_%_00_P0_0.xmot
233570	233594	OUTER_FRAME AI_SET_STATE_BEFORE	ElapsedMs=619893.842 | Actor=PC_Hero | CurrentAction=0 | CurrentStateTime=0.000000
233595	233619	OUTER_FRAME AI_SET_STATE_AFTER	ElapsedMs=619893.863 | Actor=PC_Hero | CurrentAction=0 | CurrentStateTime=0.000000
233620	233641	C1 LIFECYCLE START	ElapsedMs=619900.360 | Actor=PC_Hero | Generation=407 | Status=CANDIDATE | PhysicalCollisionChanged=0
233642	233655	C1-O2 OUTER BINDING	ElapsedMs=619900.392 | Event=COMBAT_MOVE_CANDIDATE_BOUND | Actor=PC_Hero | Generation=407 | Status=CANDIDATE | PhysicalCollisionChanged=0
233656	233680	OUTER_FRAME COMBAT_MOVE_INITIAL	ElapsedMs=619900.404 | Actor=PC_Hero | CurrentAction=1 | CurrentStateTime=0.000000
233681	233705	PRIMARYFIRST StopMotion	ElapsedMs=619900.438
233706	233738	EMPTY-PRIMARY SUCCESSOR STACK	ElapsedMs=619900.461 | Actor=PC_Hero
233739	233763	PRIMARYFIRST PlayMotion	ElapsedMs=619900.460
233764	233774	C1 LIFECYCLE STATUS	ElapsedMs=619900.556 | Event=PERSISTED | Actor=PC_Hero | Generation=407 | Status=PERSISTED | PhysicalCollisionChanged=0
233775	233803	MARKER OWNERSHIP DECISION	ElapsedMs=619900.572 | Actor=PC_Hero | CurrentMovementAni=Hero_Stand_Shield_1H_P0_Attack_Hit_N_Fwd_00_%_00_P1_118_R.xmot
233804	233828	OUTER_FRAME COMBAT_MOVE_INITIAL	ElapsedMs=620122.976 | Actor=ReddockOrcWarrior01 | CurrentAction=4 | CurrentStateTime=0.000000
233829	233853	MARKER OWNERSHIP DECISION	ElapsedMs=620124.652 | Actor=ReddockOrcWarrior01 | CurrentMovementAni=Orc_Stand_None_2H_P0_QuickAttackR_Hit_N_Fwd_00_%_00_P0_100_R.xmot
233854	233870	C1 OFFENSE REQUEST	ElapsedMs=620155.526 | Actor=PC_Hero | Generation=407 | Status=PERSISTED | Source=It_1H_Longsword_01 | SourceAddress=E6F50010 | ActualGroup=7 | PhysicalCollisionChanged=0
233871	233897	ENGINE SetCollisionGroup	ElapsedMs=620155.559 | RequestedGroup=7 | BeforeGroup=5 | AfterGroup=7 | PlayerAction=1 | PlayerAniPhase=1 | PlayerStateTime=0.252963 | PlayerCurrentMovementAni=Hero_Stand_Shield_1H_P0_Attack_Hit_N_Fwd_00_%_00_P1_118_R.xmot
233898	233917	C1-O2-P1 OFFENSE SCOPE	ElapsedMs=620155.626 | SourceAddress=E6F50010
233918	233947	OUTER_FRAME OFFENSE	ElapsedMs=620155.644 | Actor=PC_Hero | Source=It_1H_Longsword_01 | SourceAddress=E6F50010 | RequestedGroup=7 | BeforeGroup=5 | AfterGroup=7 | CurrentAction=1 | CurrentStateTime=0.252963
233948	233972	OUTER_FRAME COMBAT_MOVE_INITIAL	ElapsedMs=620168.385 | Actor=ReddockOrcScoutLeader | CurrentAction=26 | CurrentStateTime=0.000000
233973	233999	ENGINE SetCollisionGroup	ElapsedMs=620232.625 | RequestedGroup=7 | BeforeGroup=5 | AfterGroup=7 | PlayerAction=1 | PlayerAniPhase=1 | PlayerStateTime=0.335957 | PlayerCurrentMovementAni=Hero_Stand_Shield_1H_P0_Attack_Hit_N_Fwd_00_%_00_P1_118_R.xmot
234000	234044	AIFULLSTOP CALLSITE	ElapsedMs=620422.462 | Actor=PC_Hero | CurrentAction=1 | CurrentAniPhase=1 | CurrentStateTime=0.534928 | CurrentMovementAni=Hero_Stand_Shield_1H_P0_Attack_Hit_N_Fwd_00_%_00_P1_118_R.xmot
234045	234082	COMBATMOVE FULLSTOP STACK	ElapsedMs=620422.540 | Actor=PC_Hero | CurrentAction=1 | CurrentAniPhase=1 | CurrentStateTime=0.534928 | CurrentMovementAni=Hero_Stand_Shield_1H_P0_Attack_Hit_N_Fwd_00_%_00_P1_118_R.xmot
234083	234107	HIT STOP STACK	ElapsedMs=620434.874 | Actor=PC_Hero | CurrentAction=1 | CurrentAniPhase=1 | CurrentStateTime=0.000000 | CurrentMovementAni=Hero_Stand_Shield_1H_P0_Attack_Hit_N_Fwd_00_%_00_P1_118_R.xmot
234108	234132	PRIMARYFIRST StopMotion	ElapsedMs=620434.870
234133	234159	EMPTY-PRIMARY SUCCESSOR STACK	ElapsedMs=620434.952 | Actor=PC_Hero
234160	234184	PRIMARYFIRST PlayMotion	ElapsedMs=620434.951
234185	234201	C1 CLEANUP FULFILLED	ElapsedMs=620435.058 | Actor=PC_Hero | Generation=407 | Status=PERSISTED | Source=It_1H_Longsword_01 | SourceAddress=E6F50010 | ActualGroup=5 | PhysicalCollisionChanged=0
234202	234228	ENGINE SetCollisionGroup	ElapsedMs=620435.073 | RequestedGroup=5 | BeforeGroup=7 | AfterGroup=5 | PlayerAction=1 | PlayerAniPhase=12 | PlayerStateTime=0.000000 | PlayerCurrentMovementAni=Hero_Stand_Shield_1H_P1_Move_Turn90_N_Left_00_%_00_P1_0.xmot
234229	234249	NATIVE CLEANUP CALL SITE	ElapsedMs=620435.091 | Source=It_1H_Longsword_01 | SourceAddress=E6F50010 | RequestedGroup=5 | BeforeGroup=7 | AfterGroup=5
234250	234279	OUTER_FRAME CLEANUP	ElapsedMs=620435.112 | Actor=PC_Hero | Source=It_1H_Longsword_01 | SourceAddress=E6F50010 | RequestedGroup=5 | BeforeGroup=7 | AfterGroup=5 | CurrentAction=1 | CurrentStateTime=0.000000
234280	234301	C1 LIFECYCLE START	ElapsedMs=620436.449 | Actor=PC_Hero | Generation=410 | Status=CANDIDATE | PhysicalCollisionChanged=0
234302	234315	C1-O2 OUTER BINDING	ElapsedMs=620436.473 | Event=COMBAT_MOVE_CANDIDATE_BOUND | Actor=PC_Hero | Generation=410 | Status=CANDIDATE | PhysicalCollisionChanged=0
234316	234340	OUTER_FRAME COMBAT_MOVE_INITIAL	ElapsedMs=620436.485 | Actor=PC_Hero | CurrentAction=25 | CurrentStateTime=0.000000
234341	234365	PRIMARYFIRST StopMotion	ElapsedMs=620436.520
234366	234398	EMPTY-PRIMARY SUCCESSOR STACK	ElapsedMs=620436.542 | Actor=PC_Hero
234399	234423	PRIMARYFIRST PlayMotion	ElapsedMs=620436.542
234424	234434	C1 LIFECYCLE STATUS	ElapsedMs=620436.628 | Event=PERSISTED | Actor=PC_Hero | Generation=410 | Status=PERSISTED | PhysicalCollisionChanged=0
234435	234461	ENGINE SetCollisionGroup	ElapsedMs=620532.254 | RequestedGroup=5 | BeforeGroup=7 | AfterGroup=5 | PlayerAction=25 | PlayerAniPhase=1 | PlayerStateTime=0.099986 | PlayerCurrentMovementAni=Hero_Stand_Shield_1H_P1_QuickStumble_Hit_N_Back_00_%_00_P10_90.xmot
234462	234487	COMBATMOVE STARTRECOVER BEGIN	ElapsedMs=620642.952 | Actor=PC_Hero | CurrentAction=25 | CurrentAniPhase=1 | CurrentMovementAni=Hero_Stand_Shield_1H_P1_QuickStumble_Hit_N_Back_00_%_00_P10_90.xmot
234488	234512	PRIMARYFIRST StopMotion	ElapsedMs=620643.019
234513	234539	EMPTY-PRIMARY SUCCESSOR STACK	ElapsedMs=620643.044 | Actor=PC_Hero
234540	234564	PRIMARYFIRST PlayMotion	ElapsedMs=620643.043
234565	234590	COMBATMOVE STARTRECOVER END	ElapsedMs=620643.119 | Actor=PC_Hero | CurrentAction=25 | CurrentAniPhase=3 | CurrentMovementAni=Hero_Stand_Shield_1H_P1_QuickStumble_Hit_N_Back_00_%_00_P10_90.xmot
234591	234630	AISETSTATE CALLSITE	ElapsedMs=620643.176 | Actor=PC_Hero | CurrentAction=25 | CurrentAniPhase=3 | CurrentStateTime=0.000000 | CurrentMovementAni=Hero_Stand_Shield_1H_P1_QuickStumble_Hit_N_Back_00_%_00_P10_90.xmot
234631	234655	OUTER_FRAME AI_SET_STATE_BEFORE	ElapsedMs=620643.217 | Actor=PC_Hero | CurrentAction=25 | CurrentStateTime=0.000000
234656	234690	C1 FINALIZATION	ElapsedMs=620643.238 | Reason=AISETSTATE_AFTER_ORIGINAL | Actor=PC_Hero | Generation=410 | Status=PERSISTED | PhysicalCollisionChanged=0
234691	234715	OUTER_FRAME AI_SET_STATE_AFTER	ElapsedMs=620643.269 | Actor=PC_Hero | CurrentAction=25 | CurrentStateTime=0.000000
234716	234755	AISETSTATE CALLSITE	ElapsedMs=620934.980 | Actor=PC_Hero | CurrentAction=0 | CurrentAniPhase=3 | CurrentStateTime=0.279986 | CurrentMovementAni=Hero_Stand_Shield_1H_P10_QuickStumble_Recover_N_Back_00_%_00_P10_0.xmot
234756	234780	OUTER_FRAME AI_SET_STATE_BEFORE	ElapsedMs=620935.049 | Actor=PC_Hero | CurrentAction=0 | CurrentStateTime=0.279986
234781	234805	OUTER_FRAME AI_SET_STATE_AFTER	ElapsedMs=620935.070 | Actor=PC_Hero | CurrentAction=0 | CurrentStateTime=0.000000
234806	234827	C1 LIFECYCLE START	ElapsedMs=620947.323 | Actor=PC_Hero | Generation=411 | Status=CANDIDATE | PhysicalCollisionChanged=0
234828	234841	C1-O2 OUTER BINDING	ElapsedMs=620947.360 | Event=COMBAT_MOVE_CANDIDATE_BOUND | Actor=PC_Hero | Generation=411 | Status=CANDIDATE | PhysicalCollisionChanged=0
234842	234866	OUTER_FRAME COMBAT_MOVE_INITIAL	ElapsedMs=620947.375 | Actor=PC_Hero | CurrentAction=1 | CurrentStateTime=0.000000
234867	234891	PRIMARYFIRST StopMotion	ElapsedMs=620947.414
234892	234924	EMPTY-PRIMARY SUCCESSOR STACK	ElapsedMs=620947.438 | Actor=PC_Hero
234925	234949	PRIMARYFIRST PlayMotion	ElapsedMs=620947.437
234950	234960	C1 LIFECYCLE STATUS	ElapsedMs=620947.528 | Event=PERSISTED | Actor=PC_Hero | Generation=411 | Status=PERSISTED | PhysicalCollisionChanged=0
234961	234977	C1 OFFENSE REQUEST	ElapsedMs=621198.682 | Actor=PC_Hero | Generation=411 | Status=PERSISTED | Source=It_1H_Longsword_01 | SourceAddress=E6F50010 | ActualGroup=7 | PhysicalCollisionChanged=0
234978	235004	ENGINE SetCollisionGroup	ElapsedMs=621198.717 | RequestedGroup=7 | BeforeGroup=5 | AfterGroup=7 | PlayerAction=1 | PlayerAniPhase=1 | PlayerStateTime=0.250959 | PlayerCurrentMovementAni=Hero_Stand_Shield_1H_P0_Attack_Hit_N_Fwd_00_%_00_P1_118_R.xmot
235005	235024	C1-O2-P1 OFFENSE SCOPE	ElapsedMs=621198.742 | SourceAddress=E6F50010
235025	235054	OUTER_FRAME OFFENSE	ElapsedMs=621198.756 | Actor=PC_Hero | Source=It_1H_Longsword_01 | SourceAddress=E6F50010 | RequestedGroup=7 | BeforeGroup=5 | AfterGroup=7 | CurrentAction=1 | CurrentStateTime=0.250959
235055	235079	OUTER_FRAME COMBAT_MOVE_INITIAL	ElapsedMs=621292.341 | Actor=ReddockOrcScoutLeader | CurrentAction=26 | CurrentStateTime=0.000000
235080	235105	COMBATMOVE STARTRECOVER BEGIN	ElapsedMs=621486.578 | Actor=PC_Hero | CurrentAction=1 | CurrentAniPhase=1 | CurrentMovementAni=Hero_Stand_Shield_1H_P0_Attack_Hit_N_Fwd_00_%_00_P1_118_R.xmot
235106	235129	HIT STARTRECOVER BEGIN STACK	ElapsedMs=621486.630 | Actor=PC_Hero | CurrentAction=1 | CurrentAniPhase=1 | CurrentStateTime=0.538975 | CurrentMovementAni=Hero_Stand_Shield_1H_P0_Attack_Hit_N_Fwd_00_%_00_P1_118_R.xmot
235130	235154	PRIMARYFIRST StopMotion	ElapsedMs=621486.686
235155	235181	EMPTY-PRIMARY SUCCESSOR STACK	ElapsedMs=621486.713 | Actor=PC_Hero
235182	235206	PRIMARYFIRST PlayMotion	ElapsedMs=621486.712
235207	235232	COMBATMOVE STARTRECOVER END	ElapsedMs=621486.780 | Actor=PC_Hero | CurrentAction=1 | CurrentAniPhase=3 | CurrentMovementAni=Hero_Stand_Shield_1H_P0_Attack_Hit_N_Fwd_00_%_00_P1_118_R.xmot
235233	235249	C1 CLEANUP FULFILLED	ElapsedMs=621486.838 | Actor=PC_Hero | Generation=411 | Status=PERSISTED | Source=It_1H_Longsword_01 | SourceAddress=E6F50010 | ActualGroup=5 | PhysicalCollisionChanged=0
235250	235276	ENGINE SetCollisionGroup	ElapsedMs=621486.854 | RequestedGroup=5 | BeforeGroup=7 | AfterGroup=5 | PlayerAction=1 | PlayerAniPhase=3 | PlayerStateTime=0.538975 | PlayerCurrentMovementAni=Hero_Stand_Shield_1H_P0_Attack_Hit_N_Fwd_00_%_00_P1_118_R.xmot
235277	235297	NATIVE CLEANUP CALL SITE	ElapsedMs=621486.873 | Source=It_1H_Longsword_01 | SourceAddress=E6F50010 | RequestedGroup=5 | BeforeGroup=7 | AfterGroup=5
235298	235327	OUTER_FRAME CLEANUP	ElapsedMs=621486.895 | Actor=PC_Hero | Source=It_1H_Longsword_01 | SourceAddress=E6F50010 | RequestedGroup=5 | BeforeGroup=7 | AfterGroup=5 | CurrentAction=1 | CurrentStateTime=0.538975
235328	235367	AISETSTATE CALLSITE	ElapsedMs=621486.925 | Actor=PC_Hero | CurrentAction=1 | CurrentAniPhase=3 | CurrentStateTime=0.538975 | CurrentMovementAni=Hero_Stand_Shield_1H_P0_Attack_Hit_N_Fwd_00_%_00_P1_118_R.xmot
235368	235392	OUTER_FRAME AI_SET_STATE_BEFORE	ElapsedMs=621486.964 | Actor=PC_Hero | CurrentAction=1 | CurrentStateTime=0.538975
235393	235427	C1 FINALIZATION	ElapsedMs=621486.987 | Reason=AISETSTATE_AFTER_ORIGINAL | Actor=PC_Hero | Generation=411 | Status=PERSISTED | PhysicalCollisionChanged=0
235428	235452	OUTER_FRAME AI_SET_STATE_AFTER	ElapsedMs=621487.016 | Actor=PC_Hero | CurrentAction=1 | CurrentStateTime=0.000000
235453	235492	AISETSTATE CALLSITE	ElapsedMs=621596.384 | Actor=PC_Hero | CurrentAction=0 | CurrentAniPhase=3 | CurrentStateTime=0.097019 | CurrentMovementAni=Hero_Stand_Shield_1H_P1_Attack_Recover_N_Fwd_00_%_00_P1_0_R.xmot
235493	235517	OUTER_FRAME AI_SET_STATE_BEFORE	ElapsedMs=621596.475 | Actor=PC_Hero | CurrentAction=0 | CurrentStateTime=0.097019
235518	235542	OUTER_FRAME AI_SET_STATE_AFTER	ElapsedMs=621596.503 | Actor=PC_Hero | CurrentAction=0 | CurrentStateTime=0.000000
235543	235564	C1 LIFECYCLE START	ElapsedMs=621611.802 | Actor=PC_Hero | Generation=413 | Status=CANDIDATE | PhysicalCollisionChanged=0
235565	235578	C1-O2 OUTER BINDING	ElapsedMs=621611.836 | Event=COMBAT_MOVE_CANDIDATE_BOUND | Actor=PC_Hero | Generation=413 | Status=CANDIDATE | PhysicalCollisionChanged=0
235579	235603	OUTER_FRAME COMBAT_MOVE_INITIAL	ElapsedMs=621611.847 | Actor=PC_Hero | CurrentAction=1 | CurrentStateTime=0.000000
235604	235628	PRIMARYFIRST StopMotion	ElapsedMs=621611.882
235629	235661	EMPTY-PRIMARY SUCCESSOR STACK	ElapsedMs=621611.907 | Actor=PC_Hero
235662	235686	PRIMARYFIRST PlayMotion	ElapsedMs=621611.906
235687	235697	C1 LIFECYCLE STATUS	ElapsedMs=621612.007 | Event=PERSISTED | Actor=PC_Hero | Generation=413 | Status=PERSISTED | PhysicalCollisionChanged=0
235698	235726	MARKER OWNERSHIP DECISION	ElapsedMs=621612.024 | Actor=PC_Hero | CurrentMovementAni=Hero_Stand_Shield_1H_P1_Attack_Hit_N_Fwd_00_%_00_P2_119_L.xmot
235727	235751	OUTER_FRAME COMBAT_MOVE_INITIAL	ElapsedMs=621749.111 | Actor=ReddockOrcScout01 | CurrentAction=14 | CurrentStateTime=0.000000
235752	235768	C1 OFFENSE REQUEST	ElapsedMs=621863.080 | Actor=PC_Hero | Generation=413 | Status=PERSISTED | Source=It_1H_Longsword_01 | SourceAddress=E6F50010 | ActualGroup=7 | PhysicalCollisionChanged=0
235769	235795	ENGINE SetCollisionGroup	ElapsedMs=621863.114 | RequestedGroup=7 | BeforeGroup=5 | AfterGroup=7 | PlayerAction=1 | PlayerAniPhase=1 | PlayerStateTime=0.255996 | PlayerCurrentMovementAni=Hero_Stand_Shield_1H_P1_Attack_Hit_N_Fwd_00_%_00_P2_119_L.xmot
235796	235815	C1-O2-P1 OFFENSE SCOPE	ElapsedMs=621863.145 | SourceAddress=E6F50010
235816	235845	OUTER_FRAME OFFENSE	ElapsedMs=621863.163 | Actor=PC_Hero | Source=It_1H_Longsword_01 | SourceAddress=E6F50010 | RequestedGroup=7 | BeforeGroup=5 | AfterGroup=7 | CurrentAction=1 | CurrentStateTime=0.255996
235846	235870	OUTER_FRAME COMBAT_MOVE_INITIAL	ElapsedMs=622028.900 | Actor=It_1H_Longsword_01 | CurrentAction=0 | CurrentStateTime=0.000000
235871	235895	PRIMARYFIRST StopMotion	ElapsedMs=622028.954
235896	235928	EMPTY-PRIMARY SUCCESSOR STACK	ElapsedMs=622028.980 | Actor=PC_Hero
235929	235953	PRIMARYFIRST PlayMotion	ElapsedMs=622028.978
235954	235978	OUTER_FRAME COMBAT_MOVE_INITIAL	ElapsedMs=622317.280 | Actor=ReddockOrcScout01 | CurrentAction=14 | CurrentStateTime=0.567952
235979	236005	ENGINE SetCollisionGroup	ElapsedMs=622319.003 | RequestedGroup=7 | BeforeGroup=5 | AfterGroup=7 | PlayerAction=1 | PlayerAniPhase=3 | PlayerStateTime=0.712957 | PlayerCurrentMovementAni=Hero_Stand_Shield_1H_P2_Attack_Recover_N_Fwd_00_%_00_P2_0_L.xmot
236006	236031	COMBATMOVE STARTRECOVER BEGIN	ElapsedMs=622416.373 | Actor=PC_Hero | CurrentAction=1 | CurrentAniPhase=3 | CurrentMovementAni=Hero_Stand_Shield_1H_P2_Attack_Recover_N_Fwd_00_%_00_P2_0_L.xmot
236032	236056	PRIMARYFIRST StopMotion	ElapsedMs=622416.438
236057	236083	EMPTY-PRIMARY SUCCESSOR STACK	ElapsedMs=622416.462 | Actor=PC_Hero
236084	236108	PRIMARYFIRST PlayMotion	ElapsedMs=622416.461
236109	236134	COMBATMOVE STARTRECOVER END	ElapsedMs=622416.577 | Actor=PC_Hero | CurrentAction=1 | CurrentAniPhase=3 | CurrentMovementAni=Hero_Stand_Shield_1H_P2_Attack_Recover_N_Fwd_00_%_00_P2_0_L.xmot
236135	236151	C1 CLEANUP FULFILLED	ElapsedMs=622416.633 | Actor=PC_Hero | Generation=413 | Status=PERSISTED | Source=It_1H_Longsword_01 | SourceAddress=E6F50010 | ActualGroup=5 | PhysicalCollisionChanged=0
236152	236178	ENGINE SetCollisionGroup	ElapsedMs=622416.647 | RequestedGroup=5 | BeforeGroup=7 | AfterGroup=5 | PlayerAction=1 | PlayerAniPhase=3 | PlayerStateTime=0.808949 | PlayerCurrentMovementAni=Hero_Stand_Shield_1H_P2_Attack_Recover_N_Fwd_00_%_00_P2_0_L.xmot
236179	236199	NATIVE CLEANUP CALL SITE	ElapsedMs=622416.666 | Source=It_1H_Longsword_01 | SourceAddress=E6F50010 | RequestedGroup=5 | BeforeGroup=7 | AfterGroup=5
236200	236229	OUTER_FRAME CLEANUP	ElapsedMs=622416.689 | Actor=PC_Hero | Source=It_1H_Longsword_01 | SourceAddress=E6F50010 | RequestedGroup=5 | BeforeGroup=7 | AfterGroup=5 | CurrentAction=1 | CurrentStateTime=0.808949
236230	236269	AISETSTATE CALLSITE	ElapsedMs=622416.717 | Actor=PC_Hero | CurrentAction=1 | CurrentAniPhase=3 | CurrentStateTime=0.808949 | CurrentMovementAni=Hero_Stand_Shield_1H_P2_Attack_Recover_N_Fwd_00_%_00_P2_0_L.xmot
236270	236294	OUTER_FRAME AI_SET_STATE_BEFORE	ElapsedMs=622416.754 | Actor=PC_Hero | CurrentAction=1 | CurrentStateTime=0.808949
236295	236329	C1 FINALIZATION	ElapsedMs=622416.775 | Reason=AISETSTATE_AFTER_ORIGINAL | Actor=PC_Hero | Generation=413 | Status=PERSISTED | PhysicalCollisionChanged=0
236330	236354	OUTER_FRAME AI_SET_STATE_AFTER	ElapsedMs=622416.802 | Actor=PC_Hero | CurrentAction=1 | CurrentStateTime=0.000000
236355	236394	AISETSTATE CALLSITE	ElapsedMs=622499.500 | Actor=PC_Hero | CurrentAction=0 | CurrentAniPhase=3 | CurrentStateTime=0.071986 | CurrentMovementAni=Hero_Stand_Shield_1H_P2_Attack_Recover_N_Fwd_00_%_00_P2_0_L.xmot
236395	236419	OUTER_FRAME AI_SET_STATE_BEFORE	ElapsedMs=622499.574 | Actor=PC_Hero | CurrentAction=0 | CurrentStateTime=0.071986
236420	236444	OUTER_FRAME AI_SET_STATE_AFTER	ElapsedMs=622499.598 | Actor=PC_Hero | CurrentAction=0 | CurrentStateTime=0.000000
236445	236466	C1 LIFECYCLE START	ElapsedMs=622511.407 | Actor=PC_Hero | Generation=416 | Status=CANDIDATE | PhysicalCollisionChanged=0
236467	236480	C1-O2 OUTER BINDING	ElapsedMs=622511.444 | Event=COMBAT_MOVE_CANDIDATE_BOUND | Actor=PC_Hero | Generation=416 | Status=CANDIDATE | PhysicalCollisionChanged=0
236481	236505	OUTER_FRAME COMBAT_MOVE_INITIAL	ElapsedMs=622511.460 | Actor=PC_Hero | CurrentAction=1 | CurrentStateTime=0.000000
236506	236530	PRIMARYFIRST StopMotion	ElapsedMs=622511.499
236531	236563	EMPTY-PRIMARY SUCCESSOR STACK	ElapsedMs=622511.523 | Actor=PC_Hero
236564	236588	PRIMARYFIRST PlayMotion	ElapsedMs=622511.522
236589	236599	C1 LIFECYCLE STATUS	ElapsedMs=622511.614 | Event=PERSISTED | Actor=PC_Hero | Generation=416 | Status=PERSISTED | PhysicalCollisionChanged=0
236600	236628	MARKER OWNERSHIP DECISION	ElapsedMs=622511.629 | Actor=PC_Hero | CurrentMovementAni=Hero_Stand_Shield_1H_P2_Attack_Hit_N_Fwd_00_%_00_P3_115_R.xmot
236629	236673	AIFULLSTOP CALLSITE	ElapsedMs=622711.686 | Actor=PC_Hero | CurrentAction=1 | CurrentAniPhase=1 | CurrentStateTime=0.204988 | CurrentMovementAni=Hero_Stand_Shield_1H_P2_Attack_Hit_N_Fwd_00_%_00_P3_115_R.xmot
236674	236711	COMBATMOVE FULLSTOP STACK	ElapsedMs=622711.764 | Actor=PC_Hero | CurrentAction=1 | CurrentAniPhase=1 | CurrentStateTime=0.204988 | CurrentMovementAni=Hero_Stand_Shield_1H_P2_Attack_Hit_N_Fwd_00_%_00_P3_115_R.xmot
236712	236733	C1 LIFECYCLE START	ElapsedMs=622723.456 | Actor=PC_Hero | Generation=417 | Status=CANDIDATE | PhysicalCollisionChanged=0
236734	236747	C1-O2 OUTER BINDING	ElapsedMs=622723.485 | Event=COMBAT_MOVE_CANDIDATE_BOUND | Actor=PC_Hero | Generation=417 | Status=CANDIDATE | PhysicalCollisionChanged=0
236748	236772	OUTER_FRAME COMBAT_MOVE_INITIAL	ElapsedMs=622723.498 | Actor=PC_Hero | CurrentAction=26 | CurrentStateTime=0.000000
236773	236797	PRIMARYFIRST StopMotion	ElapsedMs=622723.938
236798	236830	EMPTY-PRIMARY SUCCESSOR STACK	ElapsedMs=622723.969 | Actor=PC_Hero
236831	236855	PRIMARYFIRST PlayMotion	ElapsedMs=622723.968
236856	236866	C1 LIFECYCLE STATUS	ElapsedMs=622724.060 | Event=PERSISTED | Actor=PC_Hero | Generation=417 | Status=PERSISTED | PhysicalCollisionChanged=0
236867	236893	ENGINE SetCollisionGroup	ElapsedMs=622920.898 | RequestedGroup=5 | BeforeGroup=7 | AfterGroup=5 | PlayerAction=26 | PlayerAniPhase=1 | PlayerStateTime=0.206932 | PlayerCurrentMovementAni=Hero_Stand_Shield_1H_P2_StumbleR_Hit_N_Back_00_%_00_P20_90.xmot
236894	236918	OUTER_FRAME COMBAT_MOVE_INITIAL	ElapsedMs=622920.944 | Actor=ReddockOrcScout01 | CurrentAction=14 | CurrentStateTime=1.169872
236919	236944	COMBATMOVE STARTRECOVER BEGIN	ElapsedMs=623027.156 | Actor=PC_Hero | CurrentAction=26 | CurrentAniPhase=1 | CurrentMovementAni=Hero_Stand_Shield_1H_P2_StumbleR_Hit_N_Back_00_%_00_P20_90.xmot
236945	236969	PRIMARYFIRST StopMotion	ElapsedMs=623029.022
236970	236996	EMPTY-PRIMARY SUCCESSOR STACK	ElapsedMs=623029.055 | Actor=PC_Hero
236997	237021	PRIMARYFIRST PlayMotion	ElapsedMs=623029.054
237022	237047	COMBATMOVE STARTRECOVER END	ElapsedMs=623029.130 | Actor=PC_Hero | CurrentAction=26 | CurrentAniPhase=3 | CurrentMovementAni=Hero_Stand_Shield_1H_P2_StumbleR_Hit_N_Back_00_%_00_P20_90.xmot
237048	237087	AISETSTATE CALLSITE	ElapsedMs=623029.194 | Actor=PC_Hero | CurrentAction=26 | CurrentAniPhase=3 | CurrentStateTime=0.000000 | CurrentMovementAni=Hero_Stand_Shield_1H_P2_StumbleR_Hit_N_Back_00_%_00_P20_90.xmot
237088	237112	OUTER_FRAME AI_SET_STATE_BEFORE	ElapsedMs=623029.285 | Actor=PC_Hero | CurrentAction=26 | CurrentStateTime=0.000000
237113	237147	C1 FINALIZATION	ElapsedMs=623029.308 | Reason=AISETSTATE_AFTER_ORIGINAL | Actor=PC_Hero | Generation=417 | Status=PERSISTED | PhysicalCollisionChanged=0
237148	237172	OUTER_FRAME AI_SET_STATE_AFTER	ElapsedMs=623029.338 | Actor=PC_Hero | CurrentAction=26 | CurrentStateTime=0.000000
237173	237212	AISETSTATE CALLSITE	ElapsedMs=623078.309 | Actor=PC_Hero | CurrentAction=0 | CurrentAniPhase=3 | CurrentStateTime=0.038966 | CurrentMovementAni=Hero_Stand_Shield_1H_P20_StumbleR_Recover_N_Back_00_%_00_P0_0.xmot
237213	237237	OUTER_FRAME AI_SET_STATE_BEFORE	ElapsedMs=623078.378 | Actor=PC_Hero | CurrentAction=0 | CurrentStateTime=0.038966
237238	237262	OUTER_FRAME AI_SET_STATE_AFTER	ElapsedMs=623078.401 | Actor=PC_Hero | CurrentAction=0 | CurrentStateTime=0.000000
237263	237284	C1 LIFECYCLE START	ElapsedMs=623089.858 | Actor=PC_Hero | Generation=418 | Status=CANDIDATE | PhysicalCollisionChanged=0
237285	237298	C1-O2 OUTER BINDING	ElapsedMs=623089.899 | Event=COMBAT_MOVE_CANDIDATE_BOUND | Actor=PC_Hero | Generation=418 | Status=CANDIDATE | PhysicalCollisionChanged=0
237299	237323	OUTER_FRAME COMBAT_MOVE_INITIAL	ElapsedMs=623089.913 | Actor=PC_Hero | CurrentAction=1 | CurrentStateTime=0.000000
237324	237348	PRIMARYFIRST StopMotion	ElapsedMs=623089.949
237349	237381	EMPTY-PRIMARY SUCCESSOR STACK	ElapsedMs=623089.974 | Actor=PC_Hero
237382	237406	PRIMARYFIRST PlayMotion	ElapsedMs=623089.973
237407	237417	C1 LIFECYCLE STATUS	ElapsedMs=623090.070 | Event=PERSISTED | Actor=PC_Hero | Generation=418 | Status=PERSISTED | PhysicalCollisionChanged=0
237418	237446	MARKER OWNERSHIP DECISION	ElapsedMs=623090.088 | Actor=PC_Hero | CurrentMovementAni=Hero_Stand_Shield_1H_P0_Attack_Hit_N_Fwd_00_%_00_P1_118_R.xmot
237447	237463	C1 OFFENSE REQUEST	ElapsedMs=623343.342 | Actor=PC_Hero | Generation=418 | Status=PERSISTED | Source=It_1H_Longsword_01 | SourceAddress=E6F50010 | ActualGroup=7 | PhysicalCollisionChanged=0
237464	237490	ENGINE SetCollisionGroup	ElapsedMs=623343.375 | RequestedGroup=7 | BeforeGroup=5 | AfterGroup=7 | PlayerAction=1 | PlayerAniPhase=1 | PlayerStateTime=0.251964 | PlayerCurrentMovementAni=Hero_Stand_Shield_1H_P0_Attack_Hit_N_Fwd_00_%_00_P1_118_R.xmot
237491	237510	C1-O2-P1 OFFENSE SCOPE	ElapsedMs=623343.400 | SourceAddress=E6F50010
237511	237540	OUTER_FRAME OFFENSE	ElapsedMs=623343.414 | Actor=PC_Hero | Source=It_1H_Longsword_01 | SourceAddress=E6F50010 | RequestedGroup=7 | BeforeGroup=5 | AfterGroup=7 | CurrentAction=1 | CurrentStateTime=0.251964
237541	237565	OUTER_FRAME COMBAT_MOVE_INITIAL	ElapsedMs=623486.509 | Actor=ReddockOrcWarrior01 | CurrentAction=1 | CurrentStateTime=0.000000
237566	237590	MARKER OWNERSHIP DECISION	ElapsedMs=623486.991 | Actor=ReddockOrcWarrior01 | CurrentMovementAni=Orc_Stand_None_2H_P0_Attack_Hit_N_Fwd_00_%_00_P1_140_R.xmot
237591	237616	COMBATMOVE STARTRECOVER BEGIN	ElapsedMs=623627.371 | Actor=PC_Hero | CurrentAction=1 | CurrentAniPhase=1 | CurrentMovementAni=Hero_Stand_Shield_1H_P0_Attack_Hit_N_Fwd_00_%_00_P1_118_R.xmot
237617	237640	HIT STARTRECOVER BEGIN STACK	ElapsedMs=623627.451 | Actor=PC_Hero | CurrentAction=1 | CurrentAniPhase=1 | CurrentStateTime=0.541973 | CurrentMovementAni=Hero_Stand_Shield_1H_P0_Attack_Hit_N_Fwd_00_%_00_P1_118_R.xmot
237641	237665	PRIMARYFIRST StopMotion	ElapsedMs=623627.502
237666	237692	EMPTY-PRIMARY SUCCESSOR STACK	ElapsedMs=623627.526 | Actor=PC_Hero
237693	237717	PRIMARYFIRST PlayMotion	ElapsedMs=623627.525
237718	237743	COMBATMOVE STARTRECOVER END	ElapsedMs=623627.601 | Actor=PC_Hero | CurrentAction=1 | CurrentAniPhase=3 | CurrentMovementAni=Hero_Stand_Shield_1H_P0_Attack_Hit_N_Fwd_00_%_00_P1_118_R.xmot
237744	237760	C1 CLEANUP FULFILLED	ElapsedMs=623627.736 | Actor=PC_Hero | Generation=418 | Status=PERSISTED | Source=It_1H_Longsword_01 | SourceAddress=E6F50010 | ActualGroup=5 | PhysicalCollisionChanged=0
237761	237787	ENGINE SetCollisionGroup	ElapsedMs=623627.751 | RequestedGroup=5 | BeforeGroup=7 | AfterGroup=5 | PlayerAction=1 | PlayerAniPhase=3 | PlayerStateTime=0.541973 | PlayerCurrentMovementAni=Hero_Stand_Shield_1H_P0_Attack_Hit_N_Fwd_00_%_00_P1_118_R.xmot
237788	237808	NATIVE CLEANUP CALL SITE	ElapsedMs=623627.786 | Source=It_1H_Longsword_01 | SourceAddress=E6F50010 | RequestedGroup=5 | BeforeGroup=7 | AfterGroup=5
237809	237838	OUTER_FRAME CLEANUP	ElapsedMs=623627.852 | Actor=PC_Hero | Source=It_1H_Longsword_01 | SourceAddress=E6F50010 | RequestedGroup=5 | BeforeGroup=7 | AfterGroup=5 | CurrentAction=1 | CurrentStateTime=0.541973
237839	237878	AISETSTATE CALLSITE	ElapsedMs=623627.884 | Actor=PC_Hero | CurrentAction=1 | CurrentAniPhase=3 | CurrentStateTime=0.541973 | CurrentMovementAni=Hero_Stand_Shield_1H_P0_Attack_Hit_N_Fwd_00_%_00_P1_118_R.xmot
237879	237903	OUTER_FRAME AI_SET_STATE_BEFORE	ElapsedMs=623627.950 | Actor=PC_Hero | CurrentAction=1 | CurrentStateTime=0.541973
237904	237938	C1 FINALIZATION	ElapsedMs=623627.971 | Reason=AISETSTATE_AFTER_ORIGINAL | Actor=PC_Hero | Generation=418 | Status=PERSISTED | PhysicalCollisionChanged=0
237939	237963	OUTER_FRAME AI_SET_STATE_AFTER	ElapsedMs=623628.000 | Actor=PC_Hero | CurrentAction=1 | CurrentStateTime=0.000000
237964	237988	OUTER_FRAME COMBAT_MOVE_INITIAL	ElapsedMs=623651.786 | Actor=ReddockOrcScoutLeader | CurrentAction=14 | CurrentStateTime=0.000000
237989	238015	ENGINE SetCollisionGroup	ElapsedMs=623744.996 | RequestedGroup=7 | BeforeGroup=5 | AfterGroup=7 | PlayerAction=0 | PlayerAniPhase=3 | PlayerStateTime=0.107014 | PlayerCurrentMovementAni=Hero_Stand_Shield_1H_P1_Attack_Recover_N_Fwd_00_%_00_P1_0_R.xmot
238016	238060	AIFULLSTOP CALLSITE	ElapsedMs=623849.807 | Actor=PC_Hero | CurrentAction=0 | CurrentAniPhase=3 | CurrentStateTime=0.218996 | CurrentMovementAni=Hero_Stand_Shield_1H_P1_Attack_Recover_N_Fwd_00_%_00_P1_0_R.xmot
238061	238082	C1 LIFECYCLE START	ElapsedMs=623859.156 | Actor=PC_Hero | Generation=421 | Status=CANDIDATE | PhysicalCollisionChanged=0
238083	238096	C1-O2 OUTER BINDING	ElapsedMs=623859.187 | Event=COMBAT_MOVE_CANDIDATE_BOUND | Actor=PC_Hero | Generation=421 | Status=CANDIDATE | PhysicalCollisionChanged=0
238097	238121	OUTER_FRAME COMBAT_MOVE_INITIAL	ElapsedMs=623859.202 | Actor=PC_Hero | CurrentAction=26 | CurrentStateTime=0.000000
238122	238146	PRIMARYFIRST StopMotion	ElapsedMs=623860.789
238147	238179	EMPTY-PRIMARY SUCCESSOR STACK	ElapsedMs=623860.819 | Actor=PC_Hero
238180	238204	PRIMARYFIRST PlayMotion	ElapsedMs=623860.818
238205	238215	C1 LIFECYCLE STATUS	ElapsedMs=623860.912 | Event=PERSISTED | Actor=PC_Hero | Generation=421 | Status=PERSISTED | PhysicalCollisionChanged=0
238216	238240	OUTER_FRAME COMBAT_MOVE_INITIAL	ElapsedMs=623929.441 | Actor=ReddockOrcScout01 | CurrentAction=2 | CurrentStateTime=0.000000
238241	238267	ENGINE SetCollisionGroup	ElapsedMs=624173.155 | RequestedGroup=5 | BeforeGroup=7 | AfterGroup=5 | PlayerAction=26 | PlayerAniPhase=1 | PlayerStateTime=0.314985 | PlayerCurrentMovementAni=Hero_Stand_Shield_1H_P1_StumbleR_Hit_N_Back_00_%_00_P12_90.xmot
238268	238293	COMBATMOVE STARTRECOVER BEGIN	ElapsedMs=624173.538 | Actor=PC_Hero | CurrentAction=26 | CurrentAniPhase=1 | CurrentMovementAni=Hero_Stand_Shield_1H_P1_StumbleR_Hit_N_Back_00_%_00_P12_90.xmot
238294	238318	PRIMARYFIRST StopMotion	ElapsedMs=624173.948
238319	238345	EMPTY-PRIMARY SUCCESSOR STACK	ElapsedMs=624173.977 | Actor=PC_Hero
238346	238370	PRIMARYFIRST PlayMotion	ElapsedMs=624173.976
238371	238396	COMBATMOVE STARTRECOVER END	ElapsedMs=624174.056 | Actor=PC_Hero | CurrentAction=26 | CurrentAniPhase=3 | CurrentMovementAni=Hero_Stand_Shield_1H_P1_StumbleR_Hit_N_Back_00_%_00_P12_90.xmot
238397	238436	AISETSTATE CALLSITE	ElapsedMs=624174.110 | Actor=PC_Hero | CurrentAction=26 | CurrentAniPhase=3 | CurrentStateTime=0.000000 | CurrentMovementAni=Hero_Stand_Shield_1H_P1_StumbleR_Hit_N_Back_00_%_00_P12_90.xmot
238437	238461	OUTER_FRAME AI_SET_STATE_BEFORE	ElapsedMs=624174.150 | Actor=PC_Hero | CurrentAction=26 | CurrentStateTime=0.000000
238462	238496	C1 FINALIZATION	ElapsedMs=624174.171 | Reason=AISETSTATE_AFTER_ORIGINAL | Actor=PC_Hero | Generation=421 | Status=PERSISTED | PhysicalCollisionChanged=0
238497	238521	OUTER_FRAME AI_SET_STATE_AFTER	ElapsedMs=624174.200 | Actor=PC_Hero | CurrentAction=26 | CurrentStateTime=0.000000
238522	238546	OUTER_FRAME COMBAT_MOVE_INITIAL	ElapsedMs=624220.347 | Actor=ReddockOrcScoutLeader | CurrentAction=14 | CurrentStateTime=0.568982
238547	238573	ENGINE SetCollisionGroup	ElapsedMs=624220.849 | RequestedGroup=7 | BeforeGroup=5 | AfterGroup=7 | PlayerAction=0 | PlayerAniPhase=3 | PlayerStateTime=0.037978 | PlayerCurrentMovementAni=Hero_Stand_Shield_1H_P12_StumbleR_Recover_N_Back_00_%_00_P2_0.xmot
238574	238598	OUTER_FRAME COMBAT_MOVE_INITIAL	ElapsedMs=624372.212 | Actor=ReddockOrcScout01 | CurrentAction=2 | CurrentStateTime=0.443984
238599	238625	ENGINE SetCollisionGroup	ElapsedMs=624372.708 | RequestedGroup=7 | BeforeGroup=5 | AfterGroup=7 | PlayerAction=0 | PlayerAniPhase=3 | PlayerStateTime=0.189971 | PlayerCurrentMovementAni=Hero_Stand_Shield_1H_P12_StumbleR_Recover_N_Back_00_%_00_P2_0.xmot
238626	238670	AIFULLSTOP CALLSITE	ElapsedMs=624423.599 | Actor=PC_Hero | CurrentAction=0 | CurrentAniPhase=3 | CurrentStateTime=0.248959 | CurrentMovementAni=Hero_Stand_Shield_1H_P12_StumbleR_Recover_N_Back_00_%_00_P2_0.xmot
238671	238692	C1 LIFECYCLE START	ElapsedMs=624433.914 | Actor=PC_Hero | Generation=423 | Status=CANDIDATE | PhysicalCollisionChanged=0
238693	238706	C1-O2 OUTER BINDING	ElapsedMs=624433.949 | Event=COMBAT_MOVE_CANDIDATE_BOUND | Actor=PC_Hero | Generation=423 | Status=CANDIDATE | PhysicalCollisionChanged=0
238707	238731	OUTER_FRAME COMBAT_MOVE_INITIAL	ElapsedMs=624433.960 | Actor=PC_Hero | CurrentAction=26 | CurrentStateTime=0.000000
238732	238756	PRIMARYFIRST StopMotion	ElapsedMs=624435.552
238757	238789	EMPTY-PRIMARY SUCCESSOR STACK	ElapsedMs=624435.582 | Actor=PC_Hero
238790	238814	PRIMARYFIRST PlayMotion	ElapsedMs=624435.581
238815	238825	C1 LIFECYCLE STATUS	ElapsedMs=624435.682 | Event=PERSISTED | Actor=PC_Hero | Generation=423 | Status=PERSISTED | PhysicalCollisionChanged=0
238826	238851	COMBATMOVE STARTRECOVER BEGIN	ElapsedMs=624744.887 | Actor=PC_Hero | CurrentAction=26 | CurrentAniPhase=1 | CurrentMovementAni=Hero_Stand_Shield_1H_P2_StumbleR_Hit_N_Fwd_00_%_00_P1_100.xmot
238852	238876	PRIMARYFIRST StopMotion	ElapsedMs=624746.713
238877	238903	EMPTY-PRIMARY SUCCESSOR STACK	ElapsedMs=624746.746 | Actor=PC_Hero
238904	238928	PRIMARYFIRST PlayMotion	ElapsedMs=624746.745
238929	238954	COMBATMOVE STARTRECOVER END	ElapsedMs=624746.825 | Actor=PC_Hero | CurrentAction=26 | CurrentAniPhase=3 | CurrentMovementAni=Hero_Stand_Shield_1H_P2_StumbleR_Hit_N_Fwd_00_%_00_P1_100.xmot
238955	238994	AISETSTATE CALLSITE	ElapsedMs=624746.891 | Actor=PC_Hero | CurrentAction=26 | CurrentAniPhase=3 | CurrentStateTime=0.000000 | CurrentMovementAni=Hero_Stand_Shield_1H_P2_StumbleR_Hit_N_Fwd_00_%_00_P1_100.xmot
238995	239019	OUTER_FRAME AI_SET_STATE_BEFORE	ElapsedMs=624746.929 | Actor=PC_Hero | CurrentAction=26 | CurrentStateTime=0.000000
239020	239054	C1 FINALIZATION	ElapsedMs=624746.951 | Reason=AISETSTATE_AFTER_ORIGINAL | Actor=PC_Hero | Generation=423 | Status=PERSISTED | PhysicalCollisionChanged=0
239055	239079	OUTER_FRAME AI_SET_STATE_AFTER	ElapsedMs=624746.979 | Actor=PC_Hero | CurrentAction=26 | CurrentStateTime=0.000000
239080	239106	ENGINE SetCollisionGroup	ElapsedMs=624828.154 | RequestedGroup=5 | BeforeGroup=7 | AfterGroup=5 | PlayerAction=0 | PlayerAniPhase=3 | PlayerStateTime=0.071979 | PlayerCurrentMovementAni=Hero_Stand_Shield_1H_P1_StumbleR_Recover_N_Fwd_00_%_00_P1_0.xmot
239107	239131	OUTER_FRAME COMBAT_MOVE_INITIAL	ElapsedMs=624828.203 | Actor=ReddockOrcScoutLeader | CurrentAction=14 | CurrentStateTime=1.175951
239132	239158	EMPTY-PRIMARY SUCCESSOR STACK	ElapsedMs=625036.838 | Actor=PC_Hero
239159	239183	PRIMARYFIRST PlayMotion	ElapsedMs=625036.836
239184	239208	OUTER_FRAME COMBAT_MOVE_INITIAL	ElapsedMs=625200.568 | Actor=ReddockOrcScoutLeader | CurrentAction=10 | CurrentStateTime=0.000000
239209	239233	MARKER OWNERSHIP DECISION	ElapsedMs=625202.279 | Actor=ReddockOrcScoutLeader | CurrentMovementAni=Orc_Parade_None_Staff_P0_WhirlAttack_Hit_N_Fwd_00_%_00_P0_150_R.xmot
239234	239260	ENGINE SetCollisionGroup	ElapsedMs=625298.039 | RequestedGroup=5 | BeforeGroup=7 | AfterGroup=5 | PlayerAction=0 | PlayerAniPhase=5 | PlayerStateTime=0.538938 | PlayerCurrentMovementAni=Hero_Stand_Shield_1H_P1_Ambient_Loop_N_Fwd_00_%_00_P1_0.xmot
239261	239287	ENGINE SetCollisionGroup	ElapsedMs=625452.274 | RequestedGroup=7 | BeforeGroup=5 | AfterGroup=7 | PlayerAction=0 | PlayerAniPhase=5 | PlayerStateTime=0.696921 | PlayerCurrentMovementAni=Hero_Stand_Shield_1H_P1_Ambient_Loop_N_Fwd_00_%_00_P1_0.xmot
239288	239332	AIFULLSTOP CALLSITE	ElapsedMs=625455.813 | Actor=PC_Hero | CurrentAction=0 | CurrentAniPhase=5 | CurrentStateTime=0.707940 | CurrentMovementAni=Hero_Stand_Shield_1H_P1_Ambient_Loop_N_Fwd_00_%_00_P1_0.xmot
239333	239354	C1 LIFECYCLE START	ElapsedMs=625465.580 | Actor=PC_Hero | Generation=425 | Status=CANDIDATE | PhysicalCollisionChanged=0
239355	239368	C1-O2 OUTER BINDING	ElapsedMs=625465.612 | Event=COMBAT_MOVE_CANDIDATE_BOUND | Actor=PC_Hero | Generation=425 | Status=CANDIDATE | PhysicalCollisionChanged=0
239369	239393	OUTER_FRAME COMBAT_MOVE_INITIAL	ElapsedMs=625465.623 | Actor=PC_Hero | CurrentAction=25 | CurrentStateTime=0.000000
239394	239418	PRIMARYFIRST StopMotion	ElapsedMs=625466.045
239419	239451	EMPTY-PRIMARY SUCCESSOR STACK	ElapsedMs=625466.075 | Actor=PC_Hero
239452	239476	PRIMARYFIRST PlayMotion	ElapsedMs=625466.074
239477	239487	C1 LIFECYCLE STATUS	ElapsedMs=625466.172 | Event=PERSISTED | Actor=PC_Hero | Generation=425 | Status=PERSISTED | PhysicalCollisionChanged=0
239488	239513	COMBATMOVE STARTRECOVER BEGIN	ElapsedMs=625672.500 | Actor=PC_Hero | CurrentAction=25 | CurrentAniPhase=1 | CurrentMovementAni=Hero_Stand_Shield_1H_P1_QuickStumble_Hit_N_Fwd_00_%_00_P10_90.xmot
239514	239538	PRIMARYFIRST StopMotion	ElapsedMs=625674.152
239539	239565	EMPTY-PRIMARY SUCCESSOR STACK	ElapsedMs=625674.183 | Actor=PC_Hero
239566	239590	PRIMARYFIRST PlayMotion	ElapsedMs=625674.182
239591	239616	COMBATMOVE STARTRECOVER END	ElapsedMs=625674.264 | Actor=PC_Hero | CurrentAction=25 | CurrentAniPhase=3 | CurrentMovementAni=Hero_Stand_Shield_1H_P1_QuickStumble_Hit_N_Fwd_00_%_00_P10_90.xmot
239617	239656	AISETSTATE CALLSITE	ElapsedMs=625674.329 | Actor=PC_Hero | CurrentAction=25 | CurrentAniPhase=3 | CurrentStateTime=0.000000 | CurrentMovementAni=Hero_Stand_Shield_1H_P1_QuickStumble_Hit_N_Fwd_00_%_00_P10_90.xmot
239657	239681	OUTER_FRAME AI_SET_STATE_BEFORE	ElapsedMs=625674.371 | Actor=PC_Hero | CurrentAction=25 | CurrentStateTime=0.000000
239682	239716	C1 FINALIZATION	ElapsedMs=625674.393 | Reason=AISETSTATE_AFTER_ORIGINAL | Actor=PC_Hero | Generation=425 | Status=PERSISTED | PhysicalCollisionChanged=0
239717	239741	OUTER_FRAME AI_SET_STATE_AFTER	ElapsedMs=625674.425 | Actor=PC_Hero | CurrentAction=25 | CurrentStateTime=0.000000
239742	239766	PRIMARYFIRST StopMotion	ElapsedMs=625699.986
239767	239791	PRIMARYFIRST StopMotion	ElapsedMs=625700.036
239792	239818	EMPTY-PRIMARY SUCCESSOR STACK	ElapsedMs=625700.062 | Actor=PC_Hero
239819	239843	PRIMARYFIRST PlayMotion	ElapsedMs=625700.061
239844	239868	PRIMARYFIRST StopMotion	ElapsedMs=625737.104
239869	239895	EMPTY-PRIMARY SUCCESSOR STACK	ElapsedMs=625737.157 | Actor=PC_Hero
239896	239920	PRIMARYFIRST PlayMotion	ElapsedMs=625737.156
239921	239965	AIFULLSTOP CALLSITE	ElapsedMs=625753.840 | Actor=PC_Hero | CurrentAction=0 | CurrentAniPhase=12 | CurrentStateTime=0.076989 | CurrentMovementAni=Hero_Stand_Shield_1H_P0_Move_Stand_N_Fwd_00_%_00_P0_0.xmot
239966	239987	C1 LIFECYCLE START	ElapsedMs=625779.443 | Actor=PC_Hero | Generation=426 | Status=CANDIDATE | PhysicalCollisionChanged=0
239988	240001	C1-O2 OUTER BINDING	ElapsedMs=625779.475 | Event=COMBAT_MOVE_CANDIDATE_BOUND | Actor=PC_Hero | Generation=426 | Status=CANDIDATE | PhysicalCollisionChanged=0
240002	240026	OUTER_FRAME COMBAT_MOVE_INITIAL	ElapsedMs=625779.487 | Actor=PC_Hero | CurrentAction=25 | CurrentStateTime=0.000000
240027	240051	PRIMARYFIRST StopMotion	ElapsedMs=625779.921
240052	240084	EMPTY-PRIMARY SUCCESSOR STACK	ElapsedMs=625779.952 | Actor=PC_Hero
240085	240109	PRIMARYFIRST PlayMotion	ElapsedMs=625779.951
240110	240120	C1 LIFECYCLE STATUS	ElapsedMs=625780.050 | Event=PERSISTED | Actor=PC_Hero | Generation=426 | Status=PERSISTED | PhysicalCollisionChanged=0
240121	240147	ENGINE SetCollisionGroup	ElapsedMs=625803.216 | RequestedGroup=5 | BeforeGroup=7 | AfterGroup=5 | PlayerAction=25 | PlayerAniPhase=1 | PlayerStateTime=0.041890 | PlayerCurrentMovementAni=Hero_Stand_Shield_1H_P0_QuickStumble_Hit_N_Fwd_00_%_00_P0_90.xmot
240148	240173	COMBATMOVE STARTRECOVER BEGIN	ElapsedMs=625970.520 | Actor=PC_Hero | CurrentAction=25 | CurrentAniPhase=1 | CurrentMovementAni=Hero_Stand_Shield_1H_P0_QuickStumble_Hit_N_Fwd_00_%_00_P0_90.xmot
240174	240198	PRIMARYFIRST StopMotion	ElapsedMs=625971.027
240199	240225	EMPTY-PRIMARY SUCCESSOR STACK	ElapsedMs=625971.059 | Actor=PC_Hero
240226	240250	PRIMARYFIRST PlayMotion	ElapsedMs=625971.058
240251	240276	COMBATMOVE STARTRECOVER END	ElapsedMs=625971.140 | Actor=PC_Hero | CurrentAction=25 | CurrentAniPhase=3 | CurrentMovementAni=Hero_Stand_Shield_1H_P0_QuickStumble_Hit_N_Fwd_00_%_00_P0_90.xmot
240277	240316	AISETSTATE CALLSITE	ElapsedMs=625971.207 | Actor=PC_Hero | CurrentAction=25 | CurrentAniPhase=3 | CurrentStateTime=0.000000 | CurrentMovementAni=Hero_Stand_Shield_1H_P0_QuickStumble_Hit_N_Fwd_00_%_00_P0_90.xmot
240317	240341	OUTER_FRAME AI_SET_STATE_BEFORE	ElapsedMs=625971.248 | Actor=PC_Hero | CurrentAction=25 | CurrentStateTime=0.000000
240342	240376	C1 FINALIZATION	ElapsedMs=625971.392 | Reason=AISETSTATE_AFTER_ORIGINAL | Actor=PC_Hero | Generation=426 | Status=PERSISTED | PhysicalCollisionChanged=0
240377	240401	OUTER_FRAME AI_SET_STATE_AFTER	ElapsedMs=625971.425 | Actor=PC_Hero | CurrentAction=25 | CurrentStateTime=0.000000
240402	240426	PRIMARYFIRST StopMotion	ElapsedMs=625982.032
240427	240451	PRIMARYFIRST StopMotion	ElapsedMs=625982.083
240452	240478	EMPTY-PRIMARY SUCCESSOR STACK	ElapsedMs=625982.109 | Actor=PC_Hero
240479	240503	PRIMARYFIRST PlayMotion	ElapsedMs=625982.108
240504	240528	PRIMARYFIRST StopMotion	ElapsedMs=626045.117
240529	240555	EMPTY-PRIMARY SUCCESSOR STACK	ElapsedMs=626045.169 | Actor=PC_Hero
240556	240580	PRIMARYFIRST PlayMotion	ElapsedMs=626045.167
240581	240605	PRIMARYFIRST StopMotion	ElapsedMs=626142.532
240606	240632	EMPTY-PRIMARY SUCCESSOR STACK	ElapsedMs=626142.581 | Actor=PC_Hero
240633	240657	PRIMARYFIRST PlayMotion	ElapsedMs=626142.581
240658	240682	PRIMARYFIRST StopMotion	ElapsedMs=626498.977
240683	240709	EMPTY-PRIMARY SUCCESSOR STACK	ElapsedMs=626499.032 | Actor=PC_Hero
240710	240734	PRIMARYFIRST PlayMotion	ElapsedMs=626499.030
240735	240759	PRIMARYFIRST StopMotion	ElapsedMs=626558.108
240760	240786	EMPTY-PRIMARY SUCCESSOR STACK	ElapsedMs=626558.159 | Actor=PC_Hero
240787	240811	PRIMARYFIRST PlayMotion	ElapsedMs=626558.158
240812	240836	PRIMARYFIRST StopMotion	ElapsedMs=627868.700
240837	240863	EMPTY-PRIMARY SUCCESSOR STACK	ElapsedMs=627868.755 | Actor=PC_Hero
240864	240888	PRIMARYFIRST PlayMotion	ElapsedMs=627868.754
240889	240913	PRIMARYFIRST StopMotion	ElapsedMs=627920.675
240914	240940	EMPTY-PRIMARY SUCCESSOR STACK	ElapsedMs=627920.726 | Actor=PC_Hero
240941	240965	PRIMARYFIRST PlayMotion	ElapsedMs=627920.726
240966	240990	PRIMARYFIRST StopMotion	ElapsedMs=628009.322
240991	241017	EMPTY-PRIMARY SUCCESSOR STACK	ElapsedMs=628009.379 | Actor=PC_Hero
241018	241042	PRIMARYFIRST PlayMotion	ElapsedMs=628009.377
241043	241067	PRIMARYFIRST StopMotion	ElapsedMs=628597.250
241068	241094	EMPTY-PRIMARY SUCCESSOR STACK	ElapsedMs=628597.301 | Actor=PC_Hero
241095	241119	PRIMARYFIRST PlayMotion	ElapsedMs=628597.300
241120	241144	PRIMARYFIRST StopMotion	ElapsedMs=628624.355
241145	241171	EMPTY-PRIMARY SUCCESSOR STACK	ElapsedMs=628624.406 | Actor=PC_Hero
241172	241196	PRIMARYFIRST PlayMotion	ElapsedMs=628624.405
241197	241221	PRIMARYFIRST StopMotion	ElapsedMs=628961.536
241222	241248	EMPTY-PRIMARY SUCCESSOR STACK	ElapsedMs=628961.588 | Actor=PC_Hero
241249	241273	PRIMARYFIRST PlayMotion	ElapsedMs=628961.587
241274	241298	PRIMARYFIRST StopMotion	ElapsedMs=629000.491
241299	241325	EMPTY-PRIMARY SUCCESSOR STACK	ElapsedMs=629000.542 | Actor=PC_Hero
241326	241350	PRIMARYFIRST PlayMotion	ElapsedMs=629000.541
241351	241375	PRIMARYFIRST StopMotion	ElapsedMs=629135.294
241376	241402	EMPTY-PRIMARY SUCCESSOR STACK	ElapsedMs=629135.349 | Actor=PC_Hero
241403	241427	PRIMARYFIRST PlayMotion	ElapsedMs=629135.348
241428	241452	PRIMARYFIRST StopMotion	ElapsedMs=629201.797
241453	241479	EMPTY-PRIMARY SUCCESSOR STACK	ElapsedMs=629201.877 | Actor=PC_Hero
241480	241504	PRIMARYFIRST PlayMotion	ElapsedMs=629201.876
241505	241529	PRIMARYFIRST StopMotion	ElapsedMs=629421.625
241530	241556	EMPTY-PRIMARY SUCCESSOR STACK	ElapsedMs=629421.674 | Actor=PC_Hero
241557	241581	PRIMARYFIRST PlayMotion	ElapsedMs=629421.673
241582	241606	PRIMARYFIRST StopMotion	ElapsedMs=630145.341
241607	241633	EMPTY-PRIMARY SUCCESSOR STACK	ElapsedMs=630145.428 | Actor=PC_Hero
241634	241658	PRIMARYFIRST PlayMotion	ElapsedMs=630145.427
241659	241685	EMPTY-PRIMARY SUCCESSOR STACK	ElapsedMs=630496.889 | Actor=PC_Hero
241686	241710	PRIMARYFIRST PlayMotion	ElapsedMs=630496.887
241711	241735	OUTER_FRAME COMBAT_MOVE_INITIAL	ElapsedMs=630923.518 | Actor=ReddockOrcScout02 | CurrentAction=4 | CurrentStateTime=0.000000
241736	241760	MARKER OWNERSHIP DECISION	ElapsedMs=630923.613 | Actor=ReddockOrcScout02 | CurrentMovementAni=Orc_Stand_None_2H_P0_QuickAttackR_Hit_N_Fwd_00_%_00_P0_100_R.xmot
241761	241787	ENGINE SetCollisionGroup	ElapsedMs=631027.309 | RequestedGroup=7 | BeforeGroup=5 | AfterGroup=7 | PlayerAction=0 | PlayerAniPhase=5 | PlayerStateTime=5.049825 | PlayerCurrentMovementAni=Hero_Stand_Shield_1H_P1_Ambient_Loop_N_Fwd_00_%_00_P1_0.xmot
241788	241832	AIFULLSTOP CALLSITE	ElapsedMs=631227.690 | Actor=PC_Hero | CurrentAction=0 | CurrentAniPhase=5 | CurrentStateTime=5.260747 | CurrentMovementAni=Hero_Stand_Shield_1H_P1_Ambient_Loop_N_Fwd_00_%_00_P1_0.xmot
241833	241854	C1 LIFECYCLE START	ElapsedMs=631239.619 | Actor=PC_Hero | Generation=428 | Status=CANDIDATE | PhysicalCollisionChanged=0
241855	241868	C1-O2 OUTER BINDING	ElapsedMs=631239.657 | Event=COMBAT_MOVE_CANDIDATE_BOUND | Actor=PC_Hero | Generation=428 | Status=CANDIDATE | PhysicalCollisionChanged=0
241869	241893	OUTER_FRAME COMBAT_MOVE_INITIAL	ElapsedMs=631239.673 | Actor=PC_Hero | CurrentAction=25 | CurrentStateTime=0.000000
241894	241918	PRIMARYFIRST StopMotion	ElapsedMs=631239.712
241919	241951	EMPTY-PRIMARY SUCCESSOR STACK	ElapsedMs=631239.737 | Actor=PC_Hero
241952	241976	PRIMARYFIRST PlayMotion	ElapsedMs=631239.736
241977	241987	C1 LIFECYCLE STATUS	ElapsedMs=631239.859 | Event=PERSISTED | Actor=PC_Hero | Generation=428 | Status=PERSISTED | PhysicalCollisionChanged=0
241988	242014	ENGINE SetCollisionGroup	ElapsedMs=631328.897 | RequestedGroup=5 | BeforeGroup=7 | AfterGroup=5 | PlayerAction=25 | PlayerAniPhase=1 | PlayerStateTime=0.105052 | PlayerCurrentMovementAni=Hero_Stand_Shield_1H_P1_QuickStumble_Hit_N_Fwd_00_%_00_P10_90.xmot
242015	242040	COMBATMOVE STARTRECOVER BEGIN	ElapsedMs=631439.843 | Actor=PC_Hero | CurrentAction=25 | CurrentAniPhase=1 | CurrentMovementAni=Hero_Stand_Shield_1H_P1_QuickStumble_Hit_N_Fwd_00_%_00_P10_90.xmot
242041	242065	PRIMARYFIRST StopMotion	ElapsedMs=631439.913
242066	242092	EMPTY-PRIMARY SUCCESSOR STACK	ElapsedMs=631439.938 | Actor=PC_Hero
242093	242117	PRIMARYFIRST PlayMotion	ElapsedMs=631439.937
242118	242143	COMBATMOVE STARTRECOVER END	ElapsedMs=631440.016 | Actor=PC_Hero | CurrentAction=25 | CurrentAniPhase=3 | CurrentMovementAni=Hero_Stand_Shield_1H_P1_QuickStumble_Hit_N_Fwd_00_%_00_P10_90.xmot
242144	242183	AISETSTATE CALLSITE	ElapsedMs=631440.080 | Actor=PC_Hero | CurrentAction=25 | CurrentAniPhase=3 | CurrentStateTime=0.000000 | CurrentMovementAni=Hero_Stand_Shield_1H_P1_QuickStumble_Hit_N_Fwd_00_%_00_P10_90.xmot
242184	242208	OUTER_FRAME AI_SET_STATE_BEFORE	ElapsedMs=631440.120 | Actor=PC_Hero | CurrentAction=25 | CurrentStateTime=0.000000
242209	242243	C1 FINALIZATION	ElapsedMs=631440.141 | Reason=AISETSTATE_AFTER_ORIGINAL | Actor=PC_Hero | Generation=428 | Status=PERSISTED | PhysicalCollisionChanged=0
242244	242268	OUTER_FRAME AI_SET_STATE_AFTER	ElapsedMs=631440.169 | Actor=PC_Hero | CurrentAction=25 | CurrentStateTime=0.000000
242269	242295	EMPTY-PRIMARY SUCCESSOR STACK	ElapsedMs=631761.182 | Actor=PC_Hero
242296	242320	PRIMARYFIRST PlayMotion	ElapsedMs=631761.179
242321	242345	OUTER_FRAME COMBAT_MOVE_INITIAL	ElapsedMs=633021.883 | Actor=ReddockOrcScout02 | CurrentAction=2 | CurrentStateTime=0.000000
242346	242370	OUTER_FRAME COMBAT_MOVE_INITIAL	ElapsedMs=633364.076 | Actor=ReddockOrcScoutLeader | CurrentAction=14 | CurrentStateTime=0.000000
242371	242395	OUTER_FRAME COMBAT_MOVE_INITIAL	ElapsedMs=633466.552 | Actor=ReddockOrcScout02 | CurrentAction=2 | CurrentStateTime=0.443987
242396	242422	ENGINE SetCollisionGroup	ElapsedMs=633466.831 | RequestedGroup=7 | BeforeGroup=5 | AfterGroup=7 | PlayerAction=0 | PlayerAniPhase=5 | PlayerStateTime=2.025914 | PlayerCurrentMovementAni=Hero_Stand_Shield_1H_P0_Ambient_Loop_N_Fwd_00_%_00_P0_0.xmot
242423	242447	OUTER_FRAME COMBAT_MOVE_INITIAL	ElapsedMs=633927.874 | Actor=ReddockOrcScoutLeader | CurrentAction=14 | CurrentStateTime=0.564968
242448	242474	ENGINE SetCollisionGroup	ElapsedMs=633927.979 | RequestedGroup=7 | BeforeGroup=5 | AfterGroup=7 | PlayerAction=0 | PlayerAniPhase=5 | PlayerStateTime=2.486905 | PlayerCurrentMovementAni=Hero_Stand_Shield_1H_P0_Ambient_Loop_N_Fwd_00_%_00_P0_0.xmot
242475	242519	AIFULLSTOP CALLSITE	ElapsedMs=634342.523 | Actor=PC_Hero | CurrentAction=0 | CurrentAniPhase=5 | CurrentStateTime=2.901893 | CurrentMovementAni=Hero_Stand_Shield_1H_P0_Ambient_Loop_N_Fwd_00_%_00_P0_0.xmot
242520	242541	C1 LIFECYCLE START	ElapsedMs=634362.647 | Actor=PC_Hero | Generation=431 | Status=CANDIDATE | PhysicalCollisionChanged=0
242542	242555	C1-O2 OUTER BINDING	ElapsedMs=634362.698 | Event=COMBAT_MOVE_CANDIDATE_BOUND | Actor=PC_Hero | Generation=431 | Status=CANDIDATE | PhysicalCollisionChanged=0
242556	242580	OUTER_FRAME COMBAT_MOVE_INITIAL	ElapsedMs=634362.725 | Actor=PC_Hero | CurrentAction=26 | CurrentStateTime=0.000000
242581	242605	PRIMARYFIRST StopMotion	ElapsedMs=634363.272
242606	242638	EMPTY-PRIMARY SUCCESSOR STACK	ElapsedMs=634363.315 | Actor=PC_Hero
242639	242663	PRIMARYFIRST PlayMotion	ElapsedMs=634363.314
242664	242674	C1 LIFECYCLE STATUS	ElapsedMs=634363.407 | Event=PERSISTED | Actor=PC_Hero | Generation=431 | Status=PERSISTED | PhysicalCollisionChanged=0
242675	242701	ENGINE SetCollisionGroup	ElapsedMs=634390.481 | RequestedGroup=5 | BeforeGroup=7 | AfterGroup=5 | PlayerAction=26 | PlayerAniPhase=1 | PlayerStateTime=0.046970 | PlayerCurrentMovementAni=Hero_Stand_Shield_1H_P0_StumbleR_Hit_N_Fwd_00_%_00_P1_100.xmot
242702	242728	ENGINE SetCollisionGroup	ElapsedMs=634531.864 | RequestedGroup=5 | BeforeGroup=7 | AfterGroup=5 | PlayerAction=26 | PlayerAniPhase=1 | PlayerStateTime=0.189975 | PlayerCurrentMovementAni=Hero_Stand_Shield_1H_P0_StumbleR_Hit_N_Fwd_00_%_00_P1_100.xmot
242729	242753	OUTER_FRAME COMBAT_MOVE_INITIAL	ElapsedMs=634531.916 | Actor=ReddockOrcScoutLeader | CurrentAction=14 | CurrentStateTime=1.169930
242754	242779	COMBATMOVE STARTRECOVER BEGIN	ElapsedMs=634668.677 | Actor=PC_Hero | CurrentAction=26 | CurrentAniPhase=1 | CurrentMovementAni=Hero_Stand_Shield_1H_P0_StumbleR_Hit_N_Fwd_00_%_00_P1_100.xmot
242780	242804	PRIMARYFIRST StopMotion	ElapsedMs=634668.749
242805	242831	EMPTY-PRIMARY SUCCESSOR STACK	ElapsedMs=634668.780 | Actor=PC_Hero
242832	242856	PRIMARYFIRST PlayMotion	ElapsedMs=634668.779
242857	242882	COMBATMOVE STARTRECOVER END	ElapsedMs=634668.860 | Actor=PC_Hero | CurrentAction=26 | CurrentAniPhase=3 | CurrentMovementAni=Hero_Stand_Shield_1H_P0_StumbleR_Hit_N_Fwd_00_%_00_P1_100.xmot
242883	242922	AISETSTATE CALLSITE	ElapsedMs=634668.951 | Actor=PC_Hero | CurrentAction=26 | CurrentAniPhase=3 | CurrentStateTime=0.000000 | CurrentMovementAni=Hero_Stand_Shield_1H_P0_StumbleR_Hit_N_Fwd_00_%_00_P1_100.xmot
242923	242947	OUTER_FRAME AI_SET_STATE_BEFORE	ElapsedMs=634668.993 | Actor=PC_Hero | CurrentAction=26 | CurrentStateTime=0.000000
242948	242982	C1 FINALIZATION	ElapsedMs=634669.016 | Reason=AISETSTATE_AFTER_ORIGINAL | Actor=PC_Hero | Generation=431 | Status=PERSISTED | PhysicalCollisionChanged=0
242983	243007	OUTER_FRAME AI_SET_STATE_AFTER	ElapsedMs=634669.046 | Actor=PC_Hero | CurrentAction=26 | CurrentStateTime=0.000000
243008	243034	EMPTY-PRIMARY SUCCESSOR STACK	ElapsedMs=634966.393 | Actor=PC_Hero
243035	243059	PRIMARYFIRST PlayMotion	ElapsedMs=634966.391
243060	243084	PRIMARYFIRST StopMotion	ElapsedMs=635280.254
243085	243109	PRIMARYFIRST StopMotion	ElapsedMs=635280.309
243110	243136	EMPTY-PRIMARY SUCCESSOR STACK	ElapsedMs=635280.336 | Actor=PC_Hero
243137	243161	PRIMARYFIRST PlayMotion	ElapsedMs=635280.334
243162	243186	OUTER_FRAME COMBAT_MOVE_INITIAL	ElapsedMs=635306.718 | Actor=ReddockOrcScoutLeader | CurrentAction=2 | CurrentStateTime=0.000000
243187	243211	PRIMARYFIRST StopMotion	ElapsedMs=635467.319
243212	243238	EMPTY-PRIMARY SUCCESSOR STACK	ElapsedMs=635467.374 | Actor=PC_Hero
243239	243263	PRIMARYFIRST PlayMotion	ElapsedMs=635467.373
243264	243288	OUTER_FRAME COMBAT_MOVE_INITIAL	ElapsedMs=635467.708 | Actor=ReddockOrcWarrior01 | CurrentAction=2 | CurrentStateTime=0.000000
243289	243328	AISETSTATE CALLSITE	ElapsedMs=635507.705 | Actor=PC_Hero | CurrentAction=0 | CurrentAniPhase=8 | CurrentStateTime=0.825942 | CurrentMovementAni=Hero_Stand_Shield_1H_P1_Move_Walk_N_Fwd_00_%_00_P1_160.xmot
243329	243353	OUTER_FRAME AI_SET_STATE_BEFORE	ElapsedMs=635507.779 | Actor=PC_Hero | CurrentAction=0 | CurrentStateTime=0.825942
243354	243378	OUTER_FRAME AI_SET_STATE_AFTER	ElapsedMs=635507.804 | Actor=PC_Hero | CurrentAction=0 | CurrentStateTime=0.000000
243379	243400	C1 LIFECYCLE START	ElapsedMs=635522.111 | Actor=PC_Hero | Generation=434 | Status=CANDIDATE | PhysicalCollisionChanged=0
243401	243414	C1-O2 OUTER BINDING	ElapsedMs=635522.150 | Event=COMBAT_MOVE_CANDIDATE_BOUND | Actor=PC_Hero | Generation=434 | Status=CANDIDATE | PhysicalCollisionChanged=0
243415	243439	OUTER_FRAME COMBAT_MOVE_INITIAL	ElapsedMs=635522.162 | Actor=PC_Hero | CurrentAction=1 | CurrentStateTime=0.000000
243440	243464	PRIMARYFIRST StopMotion	ElapsedMs=635522.197
243465	243497	EMPTY-PRIMARY SUCCESSOR STACK	ElapsedMs=635522.281 | Actor=PC_Hero
243498	243522	PRIMARYFIRST PlayMotion	ElapsedMs=635522.279
243523	243533	C1 LIFECYCLE STATUS	ElapsedMs=635522.392 | Event=PERSISTED | Actor=PC_Hero | Generation=434 | Status=PERSISTED | PhysicalCollisionChanged=0
243534	243562	MARKER OWNERSHIP DECISION	ElapsedMs=635522.410 | Actor=PC_Hero | CurrentMovementAni=Hero_Stand_Shield_1H_P1_Attack_Hit_N_Fwd_00_%_00_P2_119_L.xmot
243563	243587	OUTER_FRAME COMBAT_MOVE_INITIAL	ElapsedMs=635600.864 | Actor=ReddockOrcScout02 | CurrentAction=10 | CurrentStateTime=0.000000
243588	243612	MARKER OWNERSHIP DECISION	ElapsedMs=635602.605 | Actor=ReddockOrcScout02 | CurrentMovementAni=Orc_Parade_None_2H_P0_WhirlAttack_Hit_N_Fwd_00_%_00_P0_150_R.xmot
243613	243629	C1 OFFENSE REQUEST	ElapsedMs=635777.121 | Actor=PC_Hero | Generation=434 | Status=PERSISTED | Source=It_1H_Longsword_01 | SourceAddress=E6F50010 | ActualGroup=7 | PhysicalCollisionChanged=0
243630	243656	ENGINE SetCollisionGroup	ElapsedMs=635777.157 | RequestedGroup=7 | BeforeGroup=5 | AfterGroup=7 | PlayerAction=1 | PlayerAniPhase=1 | PlayerStateTime=0.254990 | PlayerCurrentMovementAni=Hero_Stand_Shield_1H_P1_Attack_Hit_N_Fwd_00_%_00_P2_119_L.xmot
243657	243676	C1-O2-P1 OFFENSE SCOPE	ElapsedMs=635777.181 | SourceAddress=E6F50010
243677	243706	OUTER_FRAME OFFENSE	ElapsedMs=635777.196 | Actor=PC_Hero | Source=It_1H_Longsword_01 | SourceAddress=E6F50010 | RequestedGroup=7 | BeforeGroup=5 | AfterGroup=7 | CurrentAction=1 | CurrentStateTime=0.254990
243707	243733	ENGINE SetCollisionGroup	ElapsedMs=635854.223 | RequestedGroup=7 | BeforeGroup=5 | AfterGroup=7 | PlayerAction=1 | PlayerAniPhase=1 | PlayerStateTime=0.336008 | PlayerCurrentMovementAni=Hero_Stand_Shield_1H_P1_Attack_Hit_N_Fwd_00_%_00_P2_119_L.xmot
243734	243778	AIFULLSTOP CALLSITE	ElapsedMs=635881.201 | Actor=PC_Hero | CurrentAction=1 | CurrentAniPhase=1 | CurrentStateTime=0.369996 | CurrentMovementAni=Hero_Stand_Shield_1H_P1_Attack_Hit_N_Fwd_00_%_00_P2_119_L.xmot
243779	243816	COMBATMOVE FULLSTOP STACK	ElapsedMs=635881.388 | Actor=PC_Hero | CurrentAction=1 | CurrentAniPhase=1 | CurrentStateTime=0.369996 | CurrentMovementAni=Hero_Stand_Shield_1H_P1_Attack_Hit_N_Fwd_00_%_00_P2_119_L.xmot
243817	243833	C1 CLEANUP FULFILLED	ElapsedMs=635892.829 | Actor=PC_Hero | Generation=434 | Status=PERSISTED | Source=It_1H_Longsword_01 | SourceAddress=E6F50010 | ActualGroup=5 | PhysicalCollisionChanged=0
243834	243860	ENGINE SetCollisionGroup	ElapsedMs=635892.862 | RequestedGroup=5 | BeforeGroup=7 | AfterGroup=5 | PlayerAction=1 | PlayerAniPhase=1 | PlayerStateTime=0.000000 | PlayerCurrentMovementAni=Hero_Stand_Shield_1H_P1_Attack_Hit_N_Fwd_00_%_00_P2_119_L.xmot
243861	243881	NATIVE CLEANUP CALL SITE	ElapsedMs=635892.885 | Source=It_1H_Longsword_01 | SourceAddress=E6F50010 | RequestedGroup=5 | BeforeGroup=7 | AfterGroup=5
243882	243911	OUTER_FRAME CLEANUP	ElapsedMs=635892.945 | Actor=PC_Hero | Source=It_1H_Longsword_01 | SourceAddress=E6F50010 | RequestedGroup=5 | BeforeGroup=7 | AfterGroup=5 | CurrentAction=1 | CurrentStateTime=0.000000
243912	243933	C1 LIFECYCLE START	ElapsedMs=635894.322 | Actor=PC_Hero | Generation=436 | Status=CANDIDATE | PhysicalCollisionChanged=0
243934	243947	C1-O2 OUTER BINDING	ElapsedMs=635894.345 | Event=COMBAT_MOVE_CANDIDATE_BOUND | Actor=PC_Hero | Generation=436 | Status=CANDIDATE | PhysicalCollisionChanged=0
243948	243972	OUTER_FRAME COMBAT_MOVE_INITIAL	ElapsedMs=635894.357 | Actor=PC_Hero | CurrentAction=25 | CurrentStateTime=0.000000
243973	243997	PRIMARYFIRST StopMotion	ElapsedMs=635894.797
243998	244030	EMPTY-PRIMARY SUCCESSOR STACK	ElapsedMs=635894.827 | Actor=PC_Hero
244031	244055	PRIMARYFIRST PlayMotion	ElapsedMs=635894.826
244056	244066	C1 LIFECYCLE STATUS	ElapsedMs=635894.925 | Event=PERSISTED | Actor=PC_Hero | Generation=436 | Status=PERSISTED | PhysicalCollisionChanged=0
244067	244091	OUTER_FRAME COMBAT_MOVE_INITIAL	ElapsedMs=635914.177 | Actor=ReddockOrcWarrior01 | CurrentAction=2 | CurrentStateTime=0.449993
244092	244118	ENGINE SetCollisionGroup	ElapsedMs=635914.272 | RequestedGroup=7 | BeforeGroup=5 | AfterGroup=7 | PlayerAction=25 | PlayerAniPhase=1 | PlayerStateTime=0.024990 | PlayerCurrentMovementAni=Hero_Stand_Shield_1H_P2_QuickStumble_Hit_N_Back_00_%_00_P20_90.xmot
244119	244143	OUTER_FRAME COMBAT_MOVE_INITIAL	ElapsedMs=636067.102 | Actor=ReddockOrcScoutLeader | CurrentAction=2 | CurrentStateTime=0.766010
