StartLine	EndLine	Event	SelectedFields
61	103	AIFULLSTOP CALLSITE	ElapsedMs=17903.995 | Actor=PC_Hero | CurrentAction=0 | CurrentAniPhase=5 | CurrentStateTime=0.000000 | CurrentMovementAni=
104	130	EMPTY-PRIMARY SUCCESSOR STACK	ElapsedMs=17926.627 | Actor=PC_Hero
131	155	PRIMARYFIRST PlayMotion	ElapsedMs=17926.625
156	195	AISETSTATE CALLSITE	ElapsedMs=17927.074 | Actor=PC_Hero | CurrentAction=0 | CurrentAniPhase=5 | CurrentStateTime=0.000000 | CurrentMovementAni=Hero_Stand_None_None_P0_Ambient_Loop_N_Fwd_00_%_02_P0_0.xmot
196	220	OUTER_FRAME AI_SET_STATE_BEFORE	ElapsedMs=17927.161 | Actor=PC_Hero | CurrentAction=0 | CurrentStateTime=0.000000
221	245	OUTER_FRAME AI_SET_STATE_AFTER	ElapsedMs=17927.185 | Actor=PC_Hero | CurrentAction=0 | CurrentStateTime=0.000000
246	270	PRIMARYFIRST StopMotion	ElapsedMs=19458.707
271	295	PRIMARYFIRST StopMotion	ElapsedMs=19458.802
296	322	EMPTY-PRIMARY SUCCESSOR STACK	ElapsedMs=19458.827 | Actor=PC_Hero
323	347	PRIMARYFIRST PlayMotion	ElapsedMs=19458.826
348	374	EMPTY-PRIMARY SUCCESSOR STACK	ElapsedMs=19853.099 | Actor=PC_Hero
375	399	PRIMARYFIRST PlayMotion	ElapsedMs=19853.097
400	424	PRIMARYFIRST StopMotion	ElapsedMs=20603.783
425	449	PRIMARYFIRST StopMotion	ElapsedMs=20603.909
450	476	EMPTY-PRIMARY SUCCESSOR STACK	ElapsedMs=20603.991 | Actor=PC_Hero
477	501	PRIMARYFIRST PlayMotion	ElapsedMs=20603.989
502	528	EMPTY-PRIMARY SUCCESSOR STACK	ElapsedMs=21043.848 | Actor=PC_Hero
529	553	PRIMARYFIRST PlayMotion	ElapsedMs=21043.846
554	580	EMPTY-PRIMARY SUCCESSOR STACK	ElapsedMs=23649.067 | Actor=PC_Hero
581	605	PRIMARYFIRST PlayMotion	ElapsedMs=23649.065
606	632	EMPTY-PRIMARY SUCCESSOR STACK	ElapsedMs=26248.219 | Actor=PC_Hero
633	657	PRIMARYFIRST PlayMotion	ElapsedMs=26248.217
658	682	PRIMARYFIRST StopMotion	ElapsedMs=27851.194
683	709	EMPTY-PRIMARY SUCCESSOR STACK	ElapsedMs=27851.237 | Actor=PC_Hero
710	734	PRIMARYFIRST PlayMotion	ElapsedMs=27851.236
735	759	PRIMARYFIRST StopMotion	ElapsedMs=28174.767
760	786	EMPTY-PRIMARY SUCCESSOR STACK	ElapsedMs=28174.807 | Actor=PC_Hero
787	811	PRIMARYFIRST PlayMotion	ElapsedMs=28174.806
812	851	AISETSTATE CALLSITE	ElapsedMs=28539.829 | Actor=PC_Hero | CurrentAction=68 | CurrentAniPhase=6 | CurrentStateTime=0.767474 | CurrentMovementAni=Hero_Stand_None_2H_P0_HoldRight_End_N_Fwd_00_%_00_P0_0.xmot
852	876	OUTER_FRAME AI_SET_STATE_BEFORE	ElapsedMs=28539.901 | Actor=PC_Hero | CurrentAction=68 | CurrentStateTime=0.767474
877	901	OUTER_FRAME AI_SET_STATE_AFTER	ElapsedMs=28539.922 | Actor=PC_Hero | CurrentAction=68 | CurrentStateTime=0.000000
902	941	AISETSTATE CALLSITE	ElapsedMs=30030.969 | Actor=PC_Hero | CurrentAction=0 | CurrentAniPhase=6 | CurrentStateTime=1.479211 | CurrentMovementAni=Hero_Stand_None_2H_P0_HoldRight_End_N_Fwd_00_%_00_P0_0.xmot
942	966	OUTER_FRAME AI_SET_STATE_BEFORE	ElapsedMs=30031.091 | Actor=PC_Hero | CurrentAction=0 | CurrentStateTime=1.479211
967	991	OUTER_FRAME AI_SET_STATE_AFTER	ElapsedMs=30031.118 | Actor=PC_Hero | CurrentAction=0 | CurrentStateTime=0.000000
992	1031	AISETSTATE CALLSITE	ElapsedMs=30040.837 | Actor=PC_Hero | CurrentAction=0 | CurrentAniPhase=6 | CurrentStateTime=0.000000 | CurrentMovementAni=Hero_Stand_None_2H_P0_HoldRight_End_N_Fwd_00_%_00_P0_0.xmot
1032	1056	OUTER_FRAME AI_SET_STATE_BEFORE	ElapsedMs=30040.904 | Actor=PC_Hero | CurrentAction=0 | CurrentStateTime=0.000000
1057	1081	OUTER_FRAME AI_SET_STATE_AFTER	ElapsedMs=30040.926 | Actor=PC_Hero | CurrentAction=0 | CurrentStateTime=0.000000
1082	1106	PRIMARYFIRST StopMotion	ElapsedMs=30599.735
1107	1131	PRIMARYFIRST StopMotion	ElapsedMs=30599.901
1132	1158	EMPTY-PRIMARY SUCCESSOR STACK	ElapsedMs=30599.931 | Actor=PC_Hero
1159	1183	PRIMARYFIRST PlayMotion	ElapsedMs=30599.930
1184	1210	EMPTY-PRIMARY SUCCESSOR STACK	ElapsedMs=30692.306 | Actor=PC_Hero
1211	1235	PRIMARYFIRST PlayMotion	ElapsedMs=30692.304
1236	1275	AISETSTATE CALLSITE	ElapsedMs=31134.526 | Actor=PC_Hero | CurrentAction=0 | CurrentAniPhase=5 | CurrentStateTime=1.083779 | CurrentMovementAni=Hero_Stand_None_2H_P0_Ambient_Loop_N_Fwd_00_%_00_P0_0.xmot
1276	1300	OUTER_FRAME AI_SET_STATE_BEFORE	ElapsedMs=31134.599 | Actor=PC_Hero | CurrentAction=0 | CurrentStateTime=1.083779
1301	1325	OUTER_FRAME AI_SET_STATE_AFTER	ElapsedMs=31134.621 | Actor=PC_Hero | CurrentAction=0 | CurrentStateTime=0.000000
1326	1365	AISETSTATE CALLSITE	ElapsedMs=31144.291 | Actor=PC_Hero | CurrentAction=0 | CurrentAniPhase=5 | CurrentStateTime=0.000000 | CurrentMovementAni=Hero_Stand_None_2H_P0_Ambient_Loop_N_Fwd_00_%_00_P0_0.xmot
1366	1390	OUTER_FRAME AI_SET_STATE_BEFORE	ElapsedMs=31144.364 | Actor=PC_Hero | CurrentAction=0 | CurrentStateTime=0.000000
1391	1415	OUTER_FRAME AI_SET_STATE_AFTER	ElapsedMs=31144.389 | Actor=PC_Hero | CurrentAction=0 | CurrentStateTime=0.000000
1416	1442	EMPTY-PRIMARY SUCCESSOR STACK	ElapsedMs=31154.861 | Actor=PC_Hero
1443	1467	PRIMARYFIRST PlayMotion	ElapsedMs=31154.859
1468	1507	AISETSTATE CALLSITE	ElapsedMs=33258.406 | Actor=PC_Hero | CurrentAction=0 | CurrentAniPhase=5 | CurrentStateTime=2.105296 | CurrentMovementAni=Hero_Parade_None_2H_P0_Ambient_Loop_N_Fwd_00_%_00_P0_0.xmot
1508	1532	OUTER_FRAME AI_SET_STATE_BEFORE	ElapsedMs=33258.480 | Actor=PC_Hero | CurrentAction=0 | CurrentStateTime=2.105296
1533	1557	OUTER_FRAME AI_SET_STATE_AFTER	ElapsedMs=33258.505 | Actor=PC_Hero | CurrentAction=0 | CurrentStateTime=0.000000
1558	1601	AIFULLSTOP CALLSITE	ElapsedMs=33264.323 | Actor=PC_Hero | CurrentAction=0 | CurrentAniPhase=5 | CurrentStateTime=0.000000 | CurrentMovementAni=Hero_Parade_None_2H_P0_Ambient_Loop_N_Fwd_00_%_00_P0_0.xmot
1602	1642	AISETSTATE CALLSITE	ElapsedMs=33264.424 | Actor=PC_Hero | CurrentAction=0 | CurrentAniPhase=5 | CurrentStateTime=0.000000 | CurrentMovementAni=Hero_Parade_None_2H_P0_Ambient_Loop_N_Fwd_00_%_00_P0_0.xmot
1643	1667	OUTER_FRAME AI_SET_STATE_BEFORE	ElapsedMs=33264.466 | Actor=PC_Hero | CurrentAction=0 | CurrentStateTime=0.000000
1668	1692	OUTER_FRAME AI_SET_STATE_AFTER	ElapsedMs=33264.489 | Actor=PC_Hero | CurrentAction=0 | CurrentStateTime=0.000000
1693	1709	C1 LIFECYCLE START	ElapsedMs=33269.200 | Actor=PC_Hero | Generation=1 | Status=CANDIDATE | PhysicalCollisionChanged=0
1710	1723	C1-O2 OUTER BINDING	ElapsedMs=33269.230 | Event=COMBAT_MOVE_CANDIDATE_BOUND | Actor=PC_Hero | Generation=1 | Status=CANDIDATE | PhysicalCollisionChanged=0
1724	1748	OUTER_FRAME COMBAT_MOVE_INITIAL	ElapsedMs=33269.242 | Actor=PC_Hero | CurrentAction=10 | CurrentStateTime=0.000000
1749	1773	PRIMARYFIRST StopMotion	ElapsedMs=33269.491
1774	1805	EMPTY-PRIMARY SUCCESSOR STACK	ElapsedMs=33269.523 | Actor=PC_Hero
1806	1830	PRIMARYFIRST PlayMotion	ElapsedMs=33269.521
1831	1841	C1 LIFECYCLE STATUS	ElapsedMs=33269.613 | Event=PERSISTED | Actor=PC_Hero | Generation=1 | Status=PERSISTED | PhysicalCollisionChanged=0
1842	1866	MARKER OWNERSHIP DECISION	ElapsedMs=33269.644 | Actor=PC_Hero | CurrentMovementAni=Hero_Parade_None_2H_P0_WhirlAttack_Hit_N_Fwd_00_%_00_P0_150_R.xmot
1867	1883	C1 OFFENSE REQUEST	ElapsedMs=33527.969 | Actor=PC_Hero | Generation=1 | Status=PERSISTED | Source=It_2H_Sword_Flamberge | SourceAddress=E70E8610 | ActualGroup=7 | PhysicalCollisionChanged=0
1884	1910	ENGINE SetCollisionGroup	ElapsedMs=33528.002 | RequestedGroup=7 | BeforeGroup=5 | AfterGroup=7 | PlayerAction=10 | PlayerAniPhase=1 | PlayerStateTime=0.259970 | PlayerCurrentMovementAni=Hero_Parade_None_2H_P0_WhirlAttack_Hit_N_Fwd_00_%_00_P0_150_R.xmot
1911	1940	OUTER_FRAME OFFENSE	ElapsedMs=33528.031 | Actor=PC_Hero | Source=It_2H_Sword_Flamberge | SourceAddress=E70E8610 | RequestedGroup=7 | BeforeGroup=5 | AfterGroup=7 | CurrentAction=10 | CurrentStateTime=0.259970
1941	1984	AIFULLSTOP CALLSITE	ElapsedMs=33573.220 | Actor=PC_Hero | CurrentAction=10 | CurrentAniPhase=1 | CurrentStateTime=0.308969 | CurrentMovementAni=Hero_Parade_None_2H_P0_WhirlAttack_Hit_N_Fwd_00_%_00_P0_150_R.xmot
1985	2021	COMBATMOVE FULLSTOP STACK	ElapsedMs=33573.293 | Actor=PC_Hero | CurrentAction=10 | CurrentAniPhase=1 | CurrentStateTime=0.308969 | CurrentMovementAni=Hero_Parade_None_2H_P0_WhirlAttack_Hit_N_Fwd_00_%_00_P0_150_R.xmot
2022	2062	AISETSTATE CALLSITE	ElapsedMs=33573.472 | Actor=PC_Hero | CurrentAction=10 | CurrentAniPhase=1 | CurrentStateTime=0.308969 | CurrentMovementAni=Hero_Parade_None_2H_P0_WhirlAttack_Hit_N_Fwd_00_%_00_P0_150_R.xmot
2063	2087	OUTER_FRAME AI_SET_STATE_BEFORE	ElapsedMs=33573.623 | Actor=PC_Hero | CurrentAction=10 | CurrentStateTime=0.308969
2088	2110	C1 FINALIZATION	ElapsedMs=33573.652 | Reason=AISETSTATE_AFTER_ORIGINAL | Actor=PC_Hero | Generation=1 | Status=PERSISTED | PhysicalCollisionChanged=0
2111	2135	OUTER_FRAME AI_SET_STATE_AFTER	ElapsedMs=33573.702 | Actor=PC_Hero | CurrentAction=10 | CurrentStateTime=0.000000
2136	2162	EMPTY-PRIMARY SUCCESSOR STACK	ElapsedMs=34075.997 | Actor=PC_Hero
2163	2187	PRIMARYFIRST PlayMotion	ElapsedMs=34075.995
2188	2212	PRIMARYFIRST StopMotion	ElapsedMs=35420.743
2213	2239	EMPTY-PRIMARY SUCCESSOR STACK	ElapsedMs=35420.797 | Actor=PC_Hero
2240	2264	PRIMARYFIRST PlayMotion	ElapsedMs=35420.796
2265	2291	ENGINE SetCollisionGroup	ElapsedMs=35821.505 | RequestedGroup=6 | BeforeGroup=7 | AfterGroup=6 | PlayerAction=68 | PlayerAniPhase=6 | PlayerStateTime=0.401965 | PlayerCurrentMovementAni=Hero_Stand_None_2H_P0_HoldRight_End_N_Fwd_00_%_00_P0_0.xmot
2292	2321	OUTER_FRAME CLEANUP	ElapsedMs=35821.554 | Actor=PC_Hero | Source=It_2H_Sword_Flamberge | SourceAddress=E70E8610 | RequestedGroup=6 | BeforeGroup=7 | AfterGroup=6 | CurrentAction=68 | CurrentStateTime=0.401965
2322	2346	PRIMARYFIRST StopMotion	ElapsedMs=35821.731
2347	2373	EMPTY-PRIMARY SUCCESSOR STACK	ElapsedMs=35821.761 | Actor=PC_Hero
2374	2398	PRIMARYFIRST PlayMotion	ElapsedMs=35821.760
2399	2438	AISETSTATE CALLSITE	ElapsedMs=36186.267 | Actor=PC_Hero | CurrentAction=68 | CurrentAniPhase=4 | CurrentStateTime=0.765932 | CurrentMovementAni=Hero_Stand_None_2H_P0_HoldRight_Begin_N_Fwd_00_%_00_P0_0.xmot
2439	2463	OUTER_FRAME AI_SET_STATE_BEFORE	ElapsedMs=36186.341 | Actor=PC_Hero | CurrentAction=68 | CurrentStateTime=0.765932
2464	2488	OUTER_FRAME AI_SET_STATE_AFTER	ElapsedMs=36186.365 | Actor=PC_Hero | CurrentAction=68 | CurrentStateTime=0.000000
2489	2513	PRIMARYFIRST StopMotion	ElapsedMs=37095.767
2514	2540	EMPTY-PRIMARY SUCCESSOR STACK	ElapsedMs=37095.814 | Actor=PC_Hero
2541	2565	PRIMARYFIRST PlayMotion	ElapsedMs=37095.813
2566	2590	PRIMARYFIRST StopMotion	ElapsedMs=37424.741
2591	2617	EMPTY-PRIMARY SUCCESSOR STACK	ElapsedMs=37424.793 | Actor=PC_Hero
2618	2642	PRIMARYFIRST PlayMotion	ElapsedMs=37424.792
2643	2682	AISETSTATE CALLSITE	ElapsedMs=37790.225 | Actor=PC_Hero | CurrentAction=68 | CurrentAniPhase=6 | CurrentStateTime=0.766136 | CurrentMovementAni=Hero_Stand_None_2H_P0_HoldRight_End_N_Fwd_00_%_00_P0_0.xmot
2683	2707	OUTER_FRAME AI_SET_STATE_BEFORE	ElapsedMs=37790.300 | Actor=PC_Hero | CurrentAction=68 | CurrentStateTime=0.766136
2708	2732	OUTER_FRAME AI_SET_STATE_AFTER	ElapsedMs=37790.324 | Actor=PC_Hero | CurrentAction=68 | CurrentStateTime=0.000000
2733	2772	AISETSTATE CALLSITE	ElapsedMs=39355.990 | Actor=PC_Hero | CurrentAction=0 | CurrentAniPhase=6 | CurrentStateTime=1.550783 | CurrentMovementAni=Hero_Stand_None_2H_P0_HoldRight_End_N_Fwd_00_%_00_P0_0.xmot
2773	2797	OUTER_FRAME AI_SET_STATE_BEFORE	ElapsedMs=39356.059 | Actor=PC_Hero | CurrentAction=0 | CurrentStateTime=1.550783
2798	2822	OUTER_FRAME AI_SET_STATE_AFTER	ElapsedMs=39356.081 | Actor=PC_Hero | CurrentAction=0 | CurrentStateTime=0.000000
2823	2862	AISETSTATE CALLSITE	ElapsedMs=39366.508 | Actor=PC_Hero | CurrentAction=0 | CurrentAniPhase=6 | CurrentStateTime=0.000000 | CurrentMovementAni=Hero_Stand_None_2H_P0_HoldRight_End_N_Fwd_00_%_00_P0_0.xmot
2863	2887	OUTER_FRAME AI_SET_STATE_BEFORE	ElapsedMs=39366.580 | Actor=PC_Hero | CurrentAction=0 | CurrentStateTime=0.000000
2888	2912	OUTER_FRAME AI_SET_STATE_AFTER	ElapsedMs=39366.604 | Actor=PC_Hero | CurrentAction=0 | CurrentStateTime=0.000000
2913	2937	PRIMARYFIRST StopMotion	ElapsedMs=40322.952
2938	2962	PRIMARYFIRST StopMotion	ElapsedMs=40323.095
2963	2989	EMPTY-PRIMARY SUCCESSOR STACK	ElapsedMs=40323.123 | Actor=PC_Hero
2990	3014	PRIMARYFIRST PlayMotion	ElapsedMs=40323.122
3015	3041	EMPTY-PRIMARY SUCCESSOR STACK	ElapsedMs=40484.087 | Actor=PC_Hero
3042	3066	PRIMARYFIRST PlayMotion	ElapsedMs=40484.085
3067	3106	AISETSTATE CALLSITE	ElapsedMs=40945.993 | Actor=PC_Hero | CurrentAction=0 | CurrentAniPhase=5 | CurrentStateTime=1.570823 | CurrentMovementAni=Hero_Stand_None_2H_P0_Ambient_Loop_N_Fwd_00_%_00_P0_0.xmot
3107	3131	OUTER_FRAME AI_SET_STATE_BEFORE	ElapsedMs=40946.067 | Actor=PC_Hero | CurrentAction=0 | CurrentStateTime=1.570823
3132	3156	OUTER_FRAME AI_SET_STATE_AFTER	ElapsedMs=40946.092 | Actor=PC_Hero | CurrentAction=0 | CurrentStateTime=0.000000
3157	3196	AISETSTATE CALLSITE	ElapsedMs=40955.836 | Actor=PC_Hero | CurrentAction=0 | CurrentAniPhase=5 | CurrentStateTime=0.000000 | CurrentMovementAni=Hero_Stand_None_2H_P0_Ambient_Loop_N_Fwd_00_%_00_P0_0.xmot
3197	3221	OUTER_FRAME AI_SET_STATE_BEFORE	ElapsedMs=40955.932 | Actor=PC_Hero | CurrentAction=0 | CurrentStateTime=0.000000
3222	3246	OUTER_FRAME AI_SET_STATE_AFTER	ElapsedMs=40955.953 | Actor=PC_Hero | CurrentAction=0 | CurrentStateTime=0.000000
3247	3273	EMPTY-PRIMARY SUCCESSOR STACK	ElapsedMs=40968.369 | Actor=PC_Hero
3274	3298	PRIMARYFIRST PlayMotion	ElapsedMs=40968.368
3299	3338	AISETSTATE CALLSITE	ElapsedMs=42782.425 | Actor=PC_Hero | CurrentAction=0 | CurrentAniPhase=5 | CurrentStateTime=1.817079 | CurrentMovementAni=Hero_Parade_None_2H_P0_Ambient_Loop_N_Fwd_00_%_00_P0_0.xmot
3339	3363	OUTER_FRAME AI_SET_STATE_BEFORE	ElapsedMs=42782.493 | Actor=PC_Hero | CurrentAction=0 | CurrentStateTime=1.817079
3364	3388	OUTER_FRAME AI_SET_STATE_AFTER	ElapsedMs=42782.520 | Actor=PC_Hero | CurrentAction=0 | CurrentStateTime=0.000000
3389	3405	C1 LIFECYCLE START	ElapsedMs=42792.797 | Actor=PC_Hero | Generation=2 | Status=CANDIDATE | PhysicalCollisionChanged=0
3406	3419	C1-O2 OUTER BINDING	ElapsedMs=42792.831 | Event=COMBAT_MOVE_CANDIDATE_BOUND | Actor=PC_Hero | Generation=2 | Status=CANDIDATE | PhysicalCollisionChanged=0
3420	3444	OUTER_FRAME COMBAT_MOVE_INITIAL	ElapsedMs=42792.842 | Actor=PC_Hero | CurrentAction=10 | CurrentStateTime=0.000000
3445	3469	PRIMARYFIRST StopMotion	ElapsedMs=42792.881
3470	3501	EMPTY-PRIMARY SUCCESSOR STACK	ElapsedMs=42792.907 | Actor=PC_Hero
3502	3526	PRIMARYFIRST PlayMotion	ElapsedMs=42792.905
3527	3537	C1 LIFECYCLE STATUS	ElapsedMs=42793.004 | Event=PERSISTED | Actor=PC_Hero | Generation=2 | Status=PERSISTED | PhysicalCollisionChanged=0
3538	3554	C1 OFFENSE REQUEST	ElapsedMs=43044.993 | Actor=PC_Hero | Generation=2 | Status=PERSISTED | Source=It_2H_Sword_Flamberge | SourceAddress=E70E8610 | ActualGroup=7 | PhysicalCollisionChanged=0
3555	3581	ENGINE SetCollisionGroup	ElapsedMs=43045.041 | RequestedGroup=7 | BeforeGroup=5 | AfterGroup=7 | PlayerAction=10 | PlayerAniPhase=1 | PlayerStateTime=0.252978 | PlayerCurrentMovementAni=Hero_Parade_None_2H_P0_WhirlAttack_Hit_N_Fwd_00_%_00_P0_150_R.xmot
3582	3611	OUTER_FRAME OFFENSE	ElapsedMs=43045.078 | Actor=PC_Hero | Source=It_2H_Sword_Flamberge | SourceAddress=E70E8610 | RequestedGroup=7 | BeforeGroup=5 | AfterGroup=7 | CurrentAction=10 | CurrentStateTime=0.252978
3612	3655	AIFULLSTOP CALLSITE	ElapsedMs=43396.539 | Actor=PC_Hero | CurrentAction=10 | CurrentAniPhase=1 | CurrentStateTime=0.607972 | CurrentMovementAni=Hero_Parade_None_2H_P0_WhirlAttack_Hit_N_Fwd_00_%_00_P0_150_R.xmot
3656	3692	COMBATMOVE FULLSTOP STACK	ElapsedMs=43396.645 | Actor=PC_Hero | CurrentAction=10 | CurrentAniPhase=1 | CurrentStateTime=0.607972 | CurrentMovementAni=Hero_Parade_None_2H_P0_WhirlAttack_Hit_N_Fwd_00_%_00_P0_150_R.xmot
3693	3733	AISETSTATE CALLSITE	ElapsedMs=43396.713 | Actor=PC_Hero | CurrentAction=10 | CurrentAniPhase=1 | CurrentStateTime=0.607972 | CurrentMovementAni=Hero_Parade_None_2H_P0_WhirlAttack_Hit_N_Fwd_00_%_00_P0_150_R.xmot
3734	3758	OUTER_FRAME AI_SET_STATE_BEFORE	ElapsedMs=43396.798 | Actor=PC_Hero | CurrentAction=10 | CurrentStateTime=0.607972
3759	3781	C1 FINALIZATION	ElapsedMs=43396.833 | Reason=AISETSTATE_AFTER_ORIGINAL | Actor=PC_Hero | Generation=2 | Status=PERSISTED | PhysicalCollisionChanged=0
3782	3806	OUTER_FRAME AI_SET_STATE_AFTER	ElapsedMs=43396.880 | Actor=PC_Hero | CurrentAction=10 | CurrentStateTime=0.000000
3807	3833	EMPTY-PRIMARY SUCCESSOR STACK	ElapsedMs=43615.856 | Actor=PC_Hero
3834	3858	PRIMARYFIRST PlayMotion	ElapsedMs=43615.853
3859	3898	AISETSTATE CALLSITE	ElapsedMs=44856.584 | Actor=PC_Hero | CurrentAction=0 | CurrentAniPhase=5 | CurrentStateTime=1.455882 | CurrentMovementAni=Hero_Stand_None_2H_P0_Ambient_Loop_N_Fwd_00_%_00_P0_0.xmot
3899	3923	OUTER_FRAME AI_SET_STATE_BEFORE	ElapsedMs=44856.661 | Actor=PC_Hero | CurrentAction=0 | CurrentStateTime=1.455882
3924	3948	OUTER_FRAME AI_SET_STATE_AFTER	ElapsedMs=44856.692 | Actor=PC_Hero | CurrentAction=0 | CurrentStateTime=0.000000
3949	3988	AISETSTATE CALLSITE	ElapsedMs=44866.497 | Actor=PC_Hero | CurrentAction=0 | CurrentAniPhase=5 | CurrentStateTime=0.000000 | CurrentMovementAni=Hero_Stand_None_2H_P0_Ambient_Loop_N_Fwd_00_%_00_P0_0.xmot
3989	4013	OUTER_FRAME AI_SET_STATE_BEFORE	ElapsedMs=44866.565 | Actor=PC_Hero | CurrentAction=0 | CurrentStateTime=0.000000
4014	4038	OUTER_FRAME AI_SET_STATE_AFTER	ElapsedMs=44866.587 | Actor=PC_Hero | CurrentAction=0 | CurrentStateTime=0.000000
4039	4065	EMPTY-PRIMARY SUCCESSOR STACK	ElapsedMs=44876.586 | Actor=PC_Hero
4066	4090	PRIMARYFIRST PlayMotion	ElapsedMs=44876.584
4091	4130	AISETSTATE CALLSITE	ElapsedMs=46975.937 | Actor=PC_Hero | CurrentAction=0 | CurrentAniPhase=5 | CurrentStateTime=2.098813 | CurrentMovementAni=Hero_Parade_None_2H_P0_Ambient_Loop_N_Fwd_00_%_00_P0_0.xmot
4131	4155	OUTER_FRAME AI_SET_STATE_BEFORE	ElapsedMs=46976.007 | Actor=PC_Hero | CurrentAction=0 | CurrentStateTime=2.098813
4156	4180	OUTER_FRAME AI_SET_STATE_AFTER	ElapsedMs=46976.029 | Actor=PC_Hero | CurrentAction=0 | CurrentStateTime=0.000000
4181	4197	C1 LIFECYCLE START	ElapsedMs=46985.420 | Actor=PC_Hero | Generation=3 | Status=CANDIDATE | PhysicalCollisionChanged=0
4198	4211	C1-O2 OUTER BINDING	ElapsedMs=46985.456 | Event=COMBAT_MOVE_CANDIDATE_BOUND | Actor=PC_Hero | Generation=3 | Status=CANDIDATE | PhysicalCollisionChanged=0
4212	4236	OUTER_FRAME COMBAT_MOVE_INITIAL	ElapsedMs=46985.467 | Actor=PC_Hero | CurrentAction=14 | CurrentStateTime=0.000000
4237	4261	PRIMARYFIRST StopMotion	ElapsedMs=46985.720
4262	4293	EMPTY-PRIMARY SUCCESSOR STACK	ElapsedMs=46985.747 | Actor=PC_Hero
4294	4318	PRIMARYFIRST PlayMotion	ElapsedMs=46985.746
4319	4329	C1 LIFECYCLE STATUS	ElapsedMs=46985.834 | Event=PERSISTED | Actor=PC_Hero | Generation=3 | Status=PERSISTED | PhysicalCollisionChanged=0
4330	4373	AIFULLSTOP CALLSITE	ElapsedMs=47000.736 | Actor=PC_Hero | CurrentAction=14 | CurrentAniPhase=0 | CurrentStateTime=0.019009 | CurrentMovementAni=Hero_Parade_None_2H_P0_FinishingAttack_Raise_N_Fwd_00_%_00_P0_0.xmot
4374	4410	COMBATMOVE FULLSTOP STACK	ElapsedMs=47000.957 | Actor=PC_Hero | CurrentAction=14 | CurrentAniPhase=0 | CurrentStateTime=0.019009 | CurrentMovementAni=Hero_Parade_None_2H_P0_FinishingAttack_Raise_N_Fwd_00_%_00_P0_0.xmot
4411	4451	AISETSTATE CALLSITE	ElapsedMs=47001.025 | Actor=PC_Hero | CurrentAction=14 | CurrentAniPhase=0 | CurrentStateTime=0.019009 | CurrentMovementAni=Hero_Parade_None_2H_P0_FinishingAttack_Raise_N_Fwd_00_%_00_P0_0.xmot
4452	4476	OUTER_FRAME AI_SET_STATE_BEFORE	ElapsedMs=47001.068 | Actor=PC_Hero | CurrentAction=14 | CurrentStateTime=0.019009
4477	4499	C1 FINALIZATION	ElapsedMs=47001.094 | Reason=AISETSTATE_AFTER_ORIGINAL | Actor=PC_Hero | Generation=3 | Status=PERSISTED | PhysicalCollisionChanged=0
4500	4524	OUTER_FRAME AI_SET_STATE_AFTER	ElapsedMs=47001.113 | Actor=PC_Hero | CurrentAction=14 | CurrentStateTime=0.000000
4525	4541	C1 LIFECYCLE START	ElapsedMs=47005.477 | Actor=PC_Hero | Generation=4 | Status=CANDIDATE | PhysicalCollisionChanged=0
4542	4555	C1-O2 OUTER BINDING	ElapsedMs=47005.506 | Event=COMBAT_MOVE_CANDIDATE_BOUND | Actor=PC_Hero | Generation=4 | Status=CANDIDATE | PhysicalCollisionChanged=0
4556	4580	OUTER_FRAME COMBAT_MOVE_INITIAL	ElapsedMs=47005.516 | Actor=PC_Hero | CurrentAction=10 | CurrentStateTime=0.000000
4581	4605	PRIMARYFIRST StopMotion	ElapsedMs=47005.559
4606	4637	EMPTY-PRIMARY SUCCESSOR STACK	ElapsedMs=47005.585 | Actor=PC_Hero
4638	4662	PRIMARYFIRST PlayMotion	ElapsedMs=47005.584
4663	4673	C1 LIFECYCLE STATUS	ElapsedMs=47005.671 | Event=PERSISTED | Actor=PC_Hero | Generation=4 | Status=PERSISTED | PhysicalCollisionChanged=0
4674	4690	C1 OFFENSE REQUEST	ElapsedMs=47259.725 | Actor=PC_Hero | Generation=4 | Status=PERSISTED | Source=It_2H_Sword_Flamberge | SourceAddress=E70E8610 | ActualGroup=7 | PhysicalCollisionChanged=0
4691	4717	ENGINE SetCollisionGroup	ElapsedMs=47259.758 | RequestedGroup=7 | BeforeGroup=7 | AfterGroup=7 | PlayerAction=10 | PlayerAniPhase=1 | PlayerStateTime=0.254969 | PlayerCurrentMovementAni=Hero_Parade_None_2H_P0_WhirlAttack_Hit_N_Fwd_00_%_00_P0_150_R.xmot
4718	4747	OUTER_FRAME OFFENSE	ElapsedMs=47259.787 | Actor=PC_Hero | Source=It_2H_Sword_Flamberge | SourceAddress=E70E8610 | RequestedGroup=7 | BeforeGroup=7 | AfterGroup=7 | CurrentAction=10 | CurrentStateTime=0.254969
4748	4791	AIFULLSTOP CALLSITE	ElapsedMs=47293.978 | Actor=PC_Hero | CurrentAction=10 | CurrentAniPhase=1 | CurrentStateTime=0.292976 | CurrentMovementAni=Hero_Parade_None_2H_P0_WhirlAttack_Hit_N_Fwd_00_%_00_P0_150_R.xmot
4792	4828	COMBATMOVE FULLSTOP STACK	ElapsedMs=47294.054 | Actor=PC_Hero | CurrentAction=10 | CurrentAniPhase=1 | CurrentStateTime=0.292976 | CurrentMovementAni=Hero_Parade_None_2H_P0_WhirlAttack_Hit_N_Fwd_00_%_00_P0_150_R.xmot
4829	4869	AISETSTATE CALLSITE	ElapsedMs=47294.176 | Actor=PC_Hero | CurrentAction=10 | CurrentAniPhase=1 | CurrentStateTime=0.292976 | CurrentMovementAni=Hero_Parade_None_2H_P0_WhirlAttack_Hit_N_Fwd_00_%_00_P0_150_R.xmot
4870	4894	OUTER_FRAME AI_SET_STATE_BEFORE	ElapsedMs=47294.343 | Actor=PC_Hero | CurrentAction=10 | CurrentStateTime=0.292976
4895	4917	C1 FINALIZATION	ElapsedMs=47294.370 | Reason=AISETSTATE_AFTER_ORIGINAL | Actor=PC_Hero | Generation=4 | Status=PERSISTED | PhysicalCollisionChanged=0
4918	4942	OUTER_FRAME AI_SET_STATE_AFTER	ElapsedMs=47294.391 | Actor=PC_Hero | CurrentAction=10 | CurrentStateTime=0.000000
4943	4969	EMPTY-PRIMARY SUCCESSOR STACK	ElapsedMs=47807.912 | Actor=PC_Hero
4970	4994	PRIMARYFIRST PlayMotion	ElapsedMs=47807.910
4995	5034	AISETSTATE CALLSITE	ElapsedMs=49011.061 | Actor=PC_Hero | CurrentAction=0 | CurrentAniPhase=5 | CurrentStateTime=1.713195 | CurrentMovementAni=Hero_Stand_None_2H_P0_Ambient_Loop_N_Fwd_00_%_00_P0_0.xmot
5035	5059	OUTER_FRAME AI_SET_STATE_BEFORE	ElapsedMs=49011.132 | Actor=PC_Hero | CurrentAction=0 | CurrentStateTime=1.713195
5060	5084	OUTER_FRAME AI_SET_STATE_AFTER	ElapsedMs=49011.154 | Actor=PC_Hero | CurrentAction=0 | CurrentStateTime=0.000000
5085	5124	AISETSTATE CALLSITE	ElapsedMs=49020.256 | Actor=PC_Hero | CurrentAction=0 | CurrentAniPhase=5 | CurrentStateTime=0.000000 | CurrentMovementAni=Hero_Stand_None_2H_P0_Ambient_Loop_N_Fwd_00_%_00_P0_0.xmot
5125	5149	OUTER_FRAME AI_SET_STATE_BEFORE	ElapsedMs=49020.326 | Actor=PC_Hero | CurrentAction=0 | CurrentStateTime=0.000000
5150	5174	OUTER_FRAME AI_SET_STATE_AFTER	ElapsedMs=49020.349 | Actor=PC_Hero | CurrentAction=0 | CurrentStateTime=0.000000
5175	5201	EMPTY-PRIMARY SUCCESSOR STACK	ElapsedMs=49029.820 | Actor=PC_Hero
5202	5226	PRIMARYFIRST PlayMotion	ElapsedMs=49029.818
5227	5266	AISETSTATE CALLSITE	ElapsedMs=50995.174 | Actor=PC_Hero | CurrentAction=0 | CurrentAniPhase=5 | CurrentStateTime=1.966470 | CurrentMovementAni=Hero_Parade_None_2H_P0_Ambient_Loop_N_Fwd_00_%_00_P0_0.xmot
5267	5291	OUTER_FRAME AI_SET_STATE_BEFORE	ElapsedMs=50995.248 | Actor=PC_Hero | CurrentAction=0 | CurrentStateTime=1.966470
5292	5316	OUTER_FRAME AI_SET_STATE_AFTER	ElapsedMs=50995.270 | Actor=PC_Hero | CurrentAction=0 | CurrentStateTime=0.000000
5317	5333	C1 LIFECYCLE START	ElapsedMs=51005.060 | Actor=PC_Hero | Generation=5 | Status=CANDIDATE | PhysicalCollisionChanged=0
5334	5347	C1-O2 OUTER BINDING	ElapsedMs=51005.094 | Event=COMBAT_MOVE_CANDIDATE_BOUND | Actor=PC_Hero | Generation=5 | Status=CANDIDATE | PhysicalCollisionChanged=0
5348	5372	OUTER_FRAME COMBAT_MOVE_INITIAL	ElapsedMs=51005.106 | Actor=PC_Hero | CurrentAction=14 | CurrentStateTime=0.000000
5373	5397	PRIMARYFIRST StopMotion	ElapsedMs=51005.147
5398	5429	EMPTY-PRIMARY SUCCESSOR STACK	ElapsedMs=51005.174 | Actor=PC_Hero
5430	5454	PRIMARYFIRST PlayMotion	ElapsedMs=51005.173
5455	5465	C1 LIFECYCLE STATUS	ElapsedMs=51005.258 | Event=PERSISTED | Actor=PC_Hero | Generation=5 | Status=PERSISTED | PhysicalCollisionChanged=0
5466	5509	AIFULLSTOP CALLSITE	ElapsedMs=51011.140 | Actor=PC_Hero | CurrentAction=14 | CurrentAniPhase=0 | CurrentStateTime=0.009000 | CurrentMovementAni=Hero_Parade_None_2H_P0_FinishingAttack_Raise_N_Fwd_00_%_00_P0_0.xmot
5510	5546	COMBATMOVE FULLSTOP STACK	ElapsedMs=51011.210 | Actor=PC_Hero | CurrentAction=14 | CurrentAniPhase=0 | CurrentStateTime=0.009000 | CurrentMovementAni=Hero_Parade_None_2H_P0_FinishingAttack_Raise_N_Fwd_00_%_00_P0_0.xmot
5547	5587	AISETSTATE CALLSITE	ElapsedMs=51011.273 | Actor=PC_Hero | CurrentAction=14 | CurrentAniPhase=0 | CurrentStateTime=0.009000 | CurrentMovementAni=Hero_Parade_None_2H_P0_FinishingAttack_Raise_N_Fwd_00_%_00_P0_0.xmot
5588	5612	OUTER_FRAME AI_SET_STATE_BEFORE	ElapsedMs=51011.312 | Actor=PC_Hero | CurrentAction=14 | CurrentStateTime=0.009000
5613	5635	C1 FINALIZATION	ElapsedMs=51011.336 | Reason=AISETSTATE_AFTER_ORIGINAL | Actor=PC_Hero | Generation=5 | Status=PERSISTED | PhysicalCollisionChanged=0
5636	5660	OUTER_FRAME AI_SET_STATE_AFTER	ElapsedMs=51011.356 | Actor=PC_Hero | CurrentAction=14 | CurrentStateTime=0.000000
5661	5677	C1 LIFECYCLE START	ElapsedMs=51015.057 | Actor=PC_Hero | Generation=6 | Status=CANDIDATE | PhysicalCollisionChanged=0
5678	5691	C1-O2 OUTER BINDING	ElapsedMs=51015.087 | Event=COMBAT_MOVE_CANDIDATE_BOUND | Actor=PC_Hero | Generation=6 | Status=CANDIDATE | PhysicalCollisionChanged=0
5692	5716	OUTER_FRAME COMBAT_MOVE_INITIAL	ElapsedMs=51015.098 | Actor=PC_Hero | CurrentAction=10 | CurrentStateTime=0.000000
5717	5741	PRIMARYFIRST StopMotion	ElapsedMs=51015.132
5742	5773	EMPTY-PRIMARY SUCCESSOR STACK	ElapsedMs=51015.155 | Actor=PC_Hero
5774	5798	PRIMARYFIRST PlayMotion	ElapsedMs=51015.154
5799	5809	C1 LIFECYCLE STATUS	ElapsedMs=51015.244 | Event=PERSISTED | Actor=PC_Hero | Generation=6 | Status=PERSISTED | PhysicalCollisionChanged=0
5810	5826	C1 OFFENSE REQUEST	ElapsedMs=51266.800 | Actor=PC_Hero | Generation=6 | Status=PERSISTED | Source=It_2H_Sword_Flamberge | SourceAddress=E70E8610 | ActualGroup=7 | PhysicalCollisionChanged=0
5827	5853	ENGINE SetCollisionGroup	ElapsedMs=51266.861 | RequestedGroup=7 | BeforeGroup=7 | AfterGroup=7 | PlayerAction=10 | PlayerAniPhase=1 | PlayerStateTime=0.252989 | PlayerCurrentMovementAni=Hero_Parade_None_2H_P0_WhirlAttack_Hit_N_Fwd_00_%_00_P0_150_R.xmot
5854	5883	OUTER_FRAME OFFENSE	ElapsedMs=51266.884 | Actor=PC_Hero | Source=It_2H_Sword_Flamberge | SourceAddress=E70E8610 | RequestedGroup=7 | BeforeGroup=7 | AfterGroup=7 | CurrentAction=10 | CurrentStateTime=0.252989
5884	5927	AIFULLSTOP CALLSITE	ElapsedMs=51455.026 | Actor=PC_Hero | CurrentAction=10 | CurrentAniPhase=1 | CurrentStateTime=0.445257 | CurrentMovementAni=Hero_Parade_None_2H_P0_WhirlAttack_Hit_N_Fwd_00_%_00_P0_150_R.xmot
5928	5964	COMBATMOVE FULLSTOP STACK	ElapsedMs=51455.102 | Actor=PC_Hero | CurrentAction=10 | CurrentAniPhase=1 | CurrentStateTime=0.445257 | CurrentMovementAni=Hero_Parade_None_2H_P0_WhirlAttack_Hit_N_Fwd_00_%_00_P0_150_R.xmot
5965	6005	AISETSTATE CALLSITE	ElapsedMs=51455.199 | Actor=PC_Hero | CurrentAction=10 | CurrentAniPhase=1 | CurrentStateTime=0.445257 | CurrentMovementAni=Hero_Parade_None_2H_P0_WhirlAttack_Hit_N_Fwd_00_%_00_P0_150_R.xmot
6006	6030	OUTER_FRAME AI_SET_STATE_BEFORE	ElapsedMs=51455.239 | Actor=PC_Hero | CurrentAction=10 | CurrentStateTime=0.445257
6031	6053	C1 FINALIZATION	ElapsedMs=51455.352 | Reason=AISETSTATE_AFTER_ORIGINAL | Actor=PC_Hero | Generation=6 | Status=PERSISTED | PhysicalCollisionChanged=0
6054	6078	OUTER_FRAME AI_SET_STATE_AFTER	ElapsedMs=51455.402 | Actor=PC_Hero | CurrentAction=10 | CurrentStateTime=0.000000
6079	6105	EMPTY-PRIMARY SUCCESSOR STACK	ElapsedMs=51824.922 | Actor=PC_Hero
6106	6130	PRIMARYFIRST PlayMotion	ElapsedMs=51824.921
6131	6155	PRIMARYFIRST StopMotion	ElapsedMs=52681.800
6156	6180	PRIMARYFIRST StopMotion	ElapsedMs=52681.852
6181	6207	EMPTY-PRIMARY SUCCESSOR STACK	ElapsedMs=52681.880 | Actor=PC_Hero
6208	6232	PRIMARYFIRST PlayMotion	ElapsedMs=52681.879
6233	6257	PRIMARYFIRST StopMotion	ElapsedMs=52691.976
6258	6282	PRIMARYFIRST StopMotion	ElapsedMs=52692.028
6283	6309	EMPTY-PRIMARY SUCCESSOR STACK	ElapsedMs=52692.054 | Actor=PC_Hero
6310	6334	PRIMARYFIRST PlayMotion	ElapsedMs=52692.053
6335	6359	PRIMARYFIRST StopMotion	ElapsedMs=52867.724
6360	6386	EMPTY-PRIMARY SUCCESSOR STACK	ElapsedMs=52867.775 | Actor=PC_Hero
6387	6411	PRIMARYFIRST PlayMotion	ElapsedMs=52867.774
6412	6436	PRIMARYFIRST StopMotion	ElapsedMs=53095.086
6437	6463	EMPTY-PRIMARY SUCCESSOR STACK	ElapsedMs=53095.144 | Actor=PC_Hero
6464	6488	PRIMARYFIRST PlayMotion	ElapsedMs=53095.142
6489	6513	PRIMARYFIRST StopMotion	ElapsedMs=53701.757
6514	6540	EMPTY-PRIMARY SUCCESSOR STACK	ElapsedMs=53701.813 | Actor=PC_Hero
6541	6565	PRIMARYFIRST PlayMotion	ElapsedMs=53701.812
6566	6590	PRIMARYFIRST StopMotion	ElapsedMs=53733.666
6591	6617	EMPTY-PRIMARY SUCCESSOR STACK	ElapsedMs=53733.719 | Actor=PC_Hero
6618	6642	PRIMARYFIRST PlayMotion	ElapsedMs=53733.718
6643	6667	PRIMARYFIRST StopMotion	ElapsedMs=54260.521
6668	6694	EMPTY-PRIMARY SUCCESSOR STACK	ElapsedMs=54260.577 | Actor=PC_Hero
6695	6719	PRIMARYFIRST PlayMotion	ElapsedMs=54260.575
6720	6744	PRIMARYFIRST StopMotion	ElapsedMs=54312.360
6745	6771	EMPTY-PRIMARY SUCCESSOR STACK	ElapsedMs=54312.412 | Actor=PC_Hero
6772	6796	PRIMARYFIRST PlayMotion	ElapsedMs=54312.411
6797	6821	PRIMARYFIRST StopMotion	ElapsedMs=54680.697
6822	6848	EMPTY-PRIMARY SUCCESSOR STACK	ElapsedMs=54680.750 | Actor=PC_Hero
6849	6873	PRIMARYFIRST PlayMotion	ElapsedMs=54680.749
6874	6898	PRIMARYFIRST StopMotion	ElapsedMs=54753.287
6899	6925	EMPTY-PRIMARY SUCCESSOR STACK	ElapsedMs=54753.341 | Actor=PC_Hero
6926	6950	PRIMARYFIRST PlayMotion	ElapsedMs=54753.340
6951	6975	PRIMARYFIRST StopMotion	ElapsedMs=56114.469
6976	7002	EMPTY-PRIMARY SUCCESSOR STACK	ElapsedMs=56114.522 | Actor=PC_Hero
7003	7027	PRIMARYFIRST PlayMotion	ElapsedMs=56114.522
7028	7052	PRIMARYFIRST StopMotion	ElapsedMs=56124.373
7053	7079	EMPTY-PRIMARY SUCCESSOR STACK	ElapsedMs=56124.428 | Actor=PC_Hero
7080	7104	PRIMARYFIRST PlayMotion	ElapsedMs=56124.427
7105	7129	PRIMARYFIRST StopMotion	ElapsedMs=56135.506
7130	7156	EMPTY-PRIMARY SUCCESSOR STACK	ElapsedMs=56135.559 | Actor=PC_Hero
7157	7181	PRIMARYFIRST PlayMotion	ElapsedMs=56135.557
7182	7206	PRIMARYFIRST StopMotion	ElapsedMs=56277.893
7207	7233	EMPTY-PRIMARY SUCCESSOR STACK	ElapsedMs=56277.950 | Actor=PC_Hero
7234	7258	PRIMARYFIRST PlayMotion	ElapsedMs=56277.948
7259	7283	PRIMARYFIRST StopMotion	ElapsedMs=56728.810
7284	7310	EMPTY-PRIMARY SUCCESSOR STACK	ElapsedMs=56728.862 | Actor=PC_Hero
7311	7335	PRIMARYFIRST PlayMotion	ElapsedMs=56728.861
7336	7360	PRIMARYFIRST StopMotion	ElapsedMs=56799.757
7361	7387	EMPTY-PRIMARY SUCCESSOR STACK	ElapsedMs=56799.808 | Actor=PC_Hero
7388	7412	PRIMARYFIRST PlayMotion	ElapsedMs=56799.807
7413	7455	AIFULLSTOP CALLSITE	ElapsedMs=56849.975 | Actor=PC_Hero | CurrentAction=0 | CurrentAniPhase=8 | CurrentStateTime=5.388045 | CurrentMovementAni=Hero_Stand_None_2H_P0_Move_Walk_N_Left_00_%_00_P0_160.xmot
7456	7480	PRIMARYFIRST StopMotion	ElapsedMs=56850.055
7481	7505	PRIMARYFIRST StopMotion	ElapsedMs=56850.124
7506	7532	EMPTY-PRIMARY SUCCESSOR STACK	ElapsedMs=56850.149 | Actor=PC_Hero
7533	7557	PRIMARYFIRST PlayMotion	ElapsedMs=56850.148
7558	7584	ENGINE SetCollisionGroup	ElapsedMs=56850.386 | RequestedGroup=5 | BeforeGroup=7 | AfterGroup=5 | PlayerAction=0 | PlayerAniPhase=12 | PlayerStateTime=0.000000 | PlayerCurrentMovementAni=Hero_Stand_None_2H_P0_Move_Turn90_N_Right_00_%_00_P0_0.xmot
7585	7605	NATIVE CLEANUP CALL SITE	ElapsedMs=56850.405 | Source=It_2H_Sword_Flamberge | SourceAddress=E70E8610 | RequestedGroup=5 | BeforeGroup=7 | AfterGroup=5
7606	7635	OUTER_FRAME CLEANUP	ElapsedMs=56850.429 | Actor=PC_Hero | Source=It_2H_Sword_Flamberge | SourceAddress=E70E8610 | RequestedGroup=5 | BeforeGroup=7 | AfterGroup=5 | CurrentAction=0 | CurrentStateTime=0.000000
7636	7675	AISETSTATE CALLSITE	ElapsedMs=56850.453 | Actor=PC_Hero | CurrentAction=59 | CurrentAniPhase=12 | CurrentStateTime=0.000000 | CurrentMovementAni=Hero_Stand_None_2H_P0_Move_Turn90_N_Right_00_%_00_P0_0.xmot
7676	7700	OUTER_FRAME AI_SET_STATE_BEFORE	ElapsedMs=56850.490 | Actor=PC_Hero | CurrentAction=59 | CurrentStateTime=0.000000
7701	7725	OUTER_FRAME AI_SET_STATE_AFTER	ElapsedMs=56850.511 | Actor=PC_Hero | CurrentAction=59 | CurrentStateTime=0.000000
7726	7750	PRIMARYFIRST StopMotion	ElapsedMs=56862.452
7751	7777	EMPTY-PRIMARY SUCCESSOR STACK	ElapsedMs=56862.491 | Actor=PC_Hero
7778	7802	PRIMARYFIRST PlayMotion	ElapsedMs=56862.490
7803	7845	AIFULLSTOP CALLSITE	ElapsedMs=57352.051 | Actor=PC_Hero | CurrentAction=59 | CurrentAniPhase=6 | CurrentStateTime=0.491950 | CurrentMovementAni=Hero_Stand_None_None_P0_Slide_End_N_Fwd_00_%_00_P0_0.xmot
7846	7885	AISETSTATE CALLSITE	ElapsedMs=57352.173 | Actor=PC_Hero | CurrentAction=59 | CurrentAniPhase=6 | CurrentStateTime=0.000000 | CurrentMovementAni=Hero_Stand_None_None_P0_Slide_End_N_Fwd_00_%_00_P0_0.xmot
7886	7910	OUTER_FRAME AI_SET_STATE_BEFORE	ElapsedMs=57352.216 | Actor=PC_Hero | CurrentAction=59 | CurrentStateTime=0.000000
7911	7935	OUTER_FRAME AI_SET_STATE_AFTER	ElapsedMs=57352.235 | Actor=PC_Hero | CurrentAction=59 | CurrentStateTime=0.000000
7936	7960	PRIMARYFIRST StopMotion	ElapsedMs=57364.144
7961	7985	PRIMARYFIRST StopMotion	ElapsedMs=57364.197
7986	8012	EMPTY-PRIMARY SUCCESSOR STACK	ElapsedMs=57364.227 | Actor=PC_Hero
8013	8037	PRIMARYFIRST PlayMotion	ElapsedMs=57364.226
8038	8062	PRIMARYFIRST StopMotion	ElapsedMs=57411.783
8063	8089	EMPTY-PRIMARY SUCCESSOR STACK	ElapsedMs=57411.837 | Actor=PC_Hero
8090	8114	PRIMARYFIRST PlayMotion	ElapsedMs=57411.836
8115	8139	PRIMARYFIRST StopMotion	ElapsedMs=57435.417
8140	8166	EMPTY-PRIMARY SUCCESSOR STACK	ElapsedMs=57435.471 | Actor=PC_Hero
8167	8191	PRIMARYFIRST PlayMotion	ElapsedMs=57435.469
8192	8216	PRIMARYFIRST StopMotion	ElapsedMs=57447.863
8217	8243	EMPTY-PRIMARY SUCCESSOR STACK	ElapsedMs=57447.914 | Actor=PC_Hero
8244	8268	PRIMARYFIRST PlayMotion	ElapsedMs=57447.913
8269	8293	PRIMARYFIRST StopMotion	ElapsedMs=57611.028
8294	8320	EMPTY-PRIMARY SUCCESSOR STACK	ElapsedMs=57611.082 | Actor=PC_Hero
8321	8345	PRIMARYFIRST PlayMotion	ElapsedMs=57611.080
8346	8370	PRIMARYFIRST StopMotion	ElapsedMs=57727.439
8371	8397	EMPTY-PRIMARY SUCCESSOR STACK	ElapsedMs=57727.494 | Actor=PC_Hero
8398	8422	PRIMARYFIRST PlayMotion	ElapsedMs=57727.492
8423	8447	PRIMARYFIRST StopMotion	ElapsedMs=58005.517
8448	8474	EMPTY-PRIMARY SUCCESSOR STACK	ElapsedMs=58005.579 | Actor=PC_Hero
8475	8499	PRIMARYFIRST PlayMotion	ElapsedMs=58005.578
8500	8524	PRIMARYFIRST StopMotion	ElapsedMs=60063.908
8525	8551	EMPTY-PRIMARY SUCCESSOR STACK	ElapsedMs=60063.963 | Actor=PC_Hero
8552	8576	PRIMARYFIRST PlayMotion	ElapsedMs=60063.962
8577	8601	PRIMARYFIRST StopMotion	ElapsedMs=60074.630
8602	8628	EMPTY-PRIMARY SUCCESSOR STACK	ElapsedMs=60074.688 | Actor=PC_Hero
8629	8653	PRIMARYFIRST PlayMotion	ElapsedMs=60074.687
8654	8678	PRIMARYFIRST StopMotion	ElapsedMs=60844.658
8679	8705	EMPTY-PRIMARY SUCCESSOR STACK	ElapsedMs=60844.713 | Actor=PC_Hero
8706	8730	PRIMARYFIRST PlayMotion	ElapsedMs=60844.711
8731	8755	PRIMARYFIRST StopMotion	ElapsedMs=62407.993
8756	8780	PRIMARYFIRST StopMotion	ElapsedMs=62408.041
8781	8807	EMPTY-PRIMARY SUCCESSOR STACK	ElapsedMs=62408.067 | Actor=PC_Hero
8808	8832	PRIMARYFIRST PlayMotion	ElapsedMs=62408.067
8833	8859	EMPTY-PRIMARY SUCCESSOR STACK	ElapsedMs=62586.314 | Actor=PC_Hero
8860	8884	PRIMARYFIRST PlayMotion	ElapsedMs=62586.312
8885	8909	PRIMARYFIRST StopMotion	ElapsedMs=62744.216
8910	8934	PRIMARYFIRST StopMotion	ElapsedMs=62744.270
8935	8961	EMPTY-PRIMARY SUCCESSOR STACK	ElapsedMs=62744.298 | Actor=PC_Hero
8962	8986	PRIMARYFIRST PlayMotion	ElapsedMs=62744.296
8987	9011	PRIMARYFIRST StopMotion	ElapsedMs=62808.027
9012	9036	PRIMARYFIRST StopMotion	ElapsedMs=62808.083
9037	9063	EMPTY-PRIMARY SUCCESSOR STACK	ElapsedMs=62808.110 | Actor=PC_Hero
9064	9088	PRIMARYFIRST PlayMotion	ElapsedMs=62808.109
9089	9113	PRIMARYFIRST StopMotion	ElapsedMs=62931.729
9114	9140	EMPTY-PRIMARY SUCCESSOR STACK	ElapsedMs=62931.783 | Actor=PC_Hero
9141	9165	PRIMARYFIRST PlayMotion	ElapsedMs=62931.782
9166	9190	PRIMARYFIRST StopMotion	ElapsedMs=63578.869
9191	9217	EMPTY-PRIMARY SUCCESSOR STACK	ElapsedMs=63578.923 | Actor=PC_Hero
9218	9242	PRIMARYFIRST PlayMotion	ElapsedMs=63578.921
9243	9267	PRIMARYFIRST StopMotion	ElapsedMs=63636.844
9268	9294	EMPTY-PRIMARY SUCCESSOR STACK	ElapsedMs=63636.925 | Actor=PC_Hero
9295	9319	PRIMARYFIRST PlayMotion	ElapsedMs=63636.924
9320	9344	PRIMARYFIRST StopMotion	ElapsedMs=64635.779
9345	9371	EMPTY-PRIMARY SUCCESSOR STACK	ElapsedMs=64635.835 | Actor=PC_Hero
9372	9396	PRIMARYFIRST PlayMotion	ElapsedMs=64635.833
9397	9421	PRIMARYFIRST StopMotion	ElapsedMs=64753.983
9422	9448	EMPTY-PRIMARY SUCCESSOR STACK	ElapsedMs=64754.033 | Actor=PC_Hero
9449	9473	PRIMARYFIRST PlayMotion	ElapsedMs=64754.031
9474	9500	EMPTY-PRIMARY SUCCESSOR STACK	ElapsedMs=65416.221 | Actor=PC_Hero
9501	9525	PRIMARYFIRST PlayMotion	ElapsedMs=65416.219
9526	9565	AISETSTATE CALLSITE	ElapsedMs=65696.980 | Actor=PC_Hero | CurrentAction=0 | CurrentAniPhase=5 | CurrentStateTime=8.337049 | CurrentMovementAni=Hero_Stand_None_2H_P0_Ambient_Loop_N_Fwd_00_%_00_P0_0.xmot
9566	9590	OUTER_FRAME AI_SET_STATE_BEFORE	ElapsedMs=65697.046 | Actor=PC_Hero | CurrentAction=0 | CurrentStateTime=8.337049
9591	9615	OUTER_FRAME AI_SET_STATE_AFTER	ElapsedMs=65697.069 | Actor=PC_Hero | CurrentAction=0 | CurrentStateTime=0.000000
9616	9632	C1 LIFECYCLE START	ElapsedMs=65706.517 | Actor=PC_Hero | Generation=7 | Status=CANDIDATE | PhysicalCollisionChanged=0
9633	9646	C1-O2 OUTER BINDING	ElapsedMs=65706.555 | Event=COMBAT_MOVE_CANDIDATE_BOUND | Actor=PC_Hero | Generation=7 | Status=CANDIDATE | PhysicalCollisionChanged=0
9647	9671	OUTER_FRAME COMBAT_MOVE_INITIAL	ElapsedMs=65706.569 | Actor=PC_Hero | CurrentAction=1 | CurrentStateTime=0.000000
9672	9696	PRIMARYFIRST StopMotion	ElapsedMs=65706.881
9697	9728	EMPTY-PRIMARY SUCCESSOR STACK	ElapsedMs=65706.908 | Actor=PC_Hero
9729	9753	PRIMARYFIRST PlayMotion	ElapsedMs=65706.907
9754	9764	C1 LIFECYCLE STATUS	ElapsedMs=65706.999 | Event=PERSISTED | Actor=PC_Hero | Generation=7 | Status=PERSISTED | PhysicalCollisionChanged=0
9765	9789	MARKER OWNERSHIP DECISION	ElapsedMs=65707.015 | Actor=PC_Hero | CurrentMovementAni=Hero_Stand_None_2H_P0_Attack_Hit_N_Fwd_00_%_00_P1_90_R.xmot
9790	9806	C1 OFFENSE REQUEST	ElapsedMs=65961.560 | Actor=PC_Hero | Generation=7 | Status=PERSISTED | Source=It_2H_Sword_Flamberge | SourceAddress=E70E8610 | ActualGroup=7 | PhysicalCollisionChanged=0
9807	9833	ENGINE SetCollisionGroup	ElapsedMs=65961.596 | RequestedGroup=7 | BeforeGroup=5 | AfterGroup=7 | PlayerAction=1 | PlayerAniPhase=1 | PlayerStateTime=0.256626 | PlayerCurrentMovementAni=Hero_Stand_None_2H_P0_Attack_Hit_N_Fwd_00_%_00_P1_90_R.xmot
9834	9863	OUTER_FRAME OFFENSE	ElapsedMs=65961.619 | Actor=PC_Hero | Source=It_2H_Sword_Flamberge | SourceAddress=E70E8610 | RequestedGroup=7 | BeforeGroup=5 | AfterGroup=7 | CurrentAction=1 | CurrentStateTime=0.256626
9864	9886	COMBATMOVE STARTRECOVER BEGIN	ElapsedMs=66454.249 | Actor=PC_Hero | CurrentAction=1 | CurrentAniPhase=1 | CurrentMovementAni=Hero_Stand_None_2H_P0_Attack_Hit_N_Fwd_00_%_00_P1_90_R.xmot
9887	9910	HIT STARTRECOVER BEGIN STACK	ElapsedMs=66454.300 | Actor=PC_Hero | CurrentAction=1 | CurrentAniPhase=1 | CurrentStateTime=0.747591 | CurrentMovementAni=Hero_Stand_None_2H_P0_Attack_Hit_N_Fwd_00_%_00_P1_90_R.xmot
9911	9935	PRIMARYFIRST StopMotion	ElapsedMs=66454.708
9936	9962	EMPTY-PRIMARY SUCCESSOR STACK	ElapsedMs=66454.738 | Actor=PC_Hero
9963	9987	PRIMARYFIRST PlayMotion	ElapsedMs=66454.737
9988	10010	COMBATMOVE STARTRECOVER END	ElapsedMs=66454.805 | Actor=PC_Hero | CurrentAction=1 | CurrentAniPhase=3 | CurrentMovementAni=Hero_Stand_None_2H_P0_Attack_Hit_N_Fwd_00_%_00_P1_90_R.xmot
10011	10027	C1 CLEANUP FULFILLED	ElapsedMs=66454.858 | Actor=PC_Hero | Generation=7 | Status=PERSISTED | Source=It_2H_Sword_Flamberge | SourceAddress=E70E8610 | ActualGroup=5 | PhysicalCollisionChanged=0
10028	10054	ENGINE SetCollisionGroup	ElapsedMs=66454.873 | RequestedGroup=5 | BeforeGroup=7 | AfterGroup=5 | PlayerAction=1 | PlayerAniPhase=3 | PlayerStateTime=0.747591 | PlayerCurrentMovementAni=Hero_Stand_None_2H_P0_Attack_Hit_N_Fwd_00_%_00_P1_90_R.xmot
10055	10074	NATIVE CLEANUP CALL SITE	ElapsedMs=66454.892 | Source=It_2H_Sword_Flamberge | SourceAddress=E70E8610 | RequestedGroup=5 | BeforeGroup=7 | AfterGroup=5
10075	10104	OUTER_FRAME CLEANUP	ElapsedMs=66454.914 | Actor=PC_Hero | Source=It_2H_Sword_Flamberge | SourceAddress=E70E8610 | RequestedGroup=5 | BeforeGroup=7 | AfterGroup=5 | CurrentAction=1 | CurrentStateTime=0.747591
10105	10144	AISETSTATE CALLSITE	ElapsedMs=66454.943 | Actor=PC_Hero | CurrentAction=1 | CurrentAniPhase=3 | CurrentStateTime=0.747591 | CurrentMovementAni=Hero_Stand_None_2H_P0_Attack_Hit_N_Fwd_00_%_00_P1_90_R.xmot
10145	10169	OUTER_FRAME AI_SET_STATE_BEFORE	ElapsedMs=66454.980 | Actor=PC_Hero | CurrentAction=1 | CurrentStateTime=0.747591
10170	10192	C1 FINALIZATION	ElapsedMs=66455.003 | Reason=AISETSTATE_AFTER_ORIGINAL | Actor=PC_Hero | Generation=7 | Status=PERSISTED | PhysicalCollisionChanged=0
10193	10217	OUTER_FRAME AI_SET_STATE_AFTER	ElapsedMs=66455.023 | Actor=PC_Hero | CurrentAction=1 | CurrentStateTime=0.000000
10218	10257	AISETSTATE CALLSITE	ElapsedMs=66844.982 | Actor=PC_Hero | CurrentAction=0 | CurrentAniPhase=3 | CurrentStateTime=0.380297 | CurrentMovementAni=Hero_Stand_None_2H_P1_Attack_Recover_N_Fwd_00_%_00_P1_0_R.xmot
10258	10282	OUTER_FRAME AI_SET_STATE_BEFORE	ElapsedMs=66845.050 | Actor=PC_Hero | CurrentAction=0 | CurrentStateTime=0.380297
10283	10307	OUTER_FRAME AI_SET_STATE_AFTER	ElapsedMs=66845.072 | Actor=PC_Hero | CurrentAction=0 | CurrentStateTime=0.000000
10308	10324	C1 LIFECYCLE START	ElapsedMs=66855.481 | Actor=PC_Hero | Generation=8 | Status=CANDIDATE | PhysicalCollisionChanged=0
10325	10338	C1-O2 OUTER BINDING	ElapsedMs=66855.520 | Event=COMBAT_MOVE_CANDIDATE_BOUND | Actor=PC_Hero | Generation=8 | Status=CANDIDATE | PhysicalCollisionChanged=0
10339	10363	OUTER_FRAME COMBAT_MOVE_INITIAL	ElapsedMs=66855.535 | Actor=PC_Hero | CurrentAction=1 | CurrentStateTime=0.000000
10364	10388	PRIMARYFIRST StopMotion	ElapsedMs=66855.783
10389	10420	EMPTY-PRIMARY SUCCESSOR STACK	ElapsedMs=66855.812 | Actor=PC_Hero
10421	10445	PRIMARYFIRST PlayMotion	ElapsedMs=66855.811
10446	10456	C1 LIFECYCLE STATUS	ElapsedMs=66855.976 | Event=PERSISTED | Actor=PC_Hero | Generation=8 | Status=PERSISTED | PhysicalCollisionChanged=0
10457	10481	MARKER OWNERSHIP DECISION	ElapsedMs=66855.997 | Actor=PC_Hero | CurrentMovementAni=Hero_Stand_None_2H_P1_Attack_Hit_N_Fwd_00_%_00_P0_90_L.xmot
10482	10498	C1 OFFENSE REQUEST	ElapsedMs=67112.786 | Actor=PC_Hero | Generation=8 | Status=PERSISTED | Source=It_2H_Sword_Flamberge | SourceAddress=E70E8610 | ActualGroup=7 | PhysicalCollisionChanged=0
10499	10525	ENGINE SetCollisionGroup	ElapsedMs=67112.821 | RequestedGroup=7 | BeforeGroup=5 | AfterGroup=7 | PlayerAction=1 | PlayerAniPhase=1 | PlayerStateTime=0.257987 | PlayerCurrentMovementAni=Hero_Stand_None_2H_P1_Attack_Hit_N_Fwd_00_%_00_P0_90_L.xmot
10526	10555	OUTER_FRAME OFFENSE	ElapsedMs=67112.845 | Actor=PC_Hero | Source=It_2H_Sword_Flamberge | SourceAddress=E70E8610 | RequestedGroup=7 | BeforeGroup=5 | AfterGroup=7 | CurrentAction=1 | CurrentStateTime=0.257987
10556	10578	COMBATMOVE STARTRECOVER BEGIN	ElapsedMs=67430.703 | Actor=PC_Hero | CurrentAction=1 | CurrentAniPhase=1 | CurrentMovementAni=Hero_Stand_None_2H_P1_Attack_Hit_N_Fwd_00_%_00_P0_90_L.xmot
10579	10602	HIT STARTRECOVER BEGIN STACK	ElapsedMs=67430.755 | Actor=PC_Hero | CurrentAction=1 | CurrentAniPhase=1 | CurrentStateTime=0.577255 | CurrentMovementAni=Hero_Stand_None_2H_P1_Attack_Hit_N_Fwd_00_%_00_P0_90_L.xmot
10603	10627	PRIMARYFIRST StopMotion	ElapsedMs=67431.032
10628	10654	EMPTY-PRIMARY SUCCESSOR STACK	ElapsedMs=67431.060 | Actor=PC_Hero
10655	10679	PRIMARYFIRST PlayMotion	ElapsedMs=67431.059
10680	10702	COMBATMOVE STARTRECOVER END	ElapsedMs=67431.123 | Actor=PC_Hero | CurrentAction=1 | CurrentAniPhase=3 | CurrentMovementAni=Hero_Stand_None_2H_P1_Attack_Hit_N_Fwd_00_%_00_P0_90_L.xmot
10703	10719	C1 CLEANUP FULFILLED	ElapsedMs=67431.174 | Actor=PC_Hero | Generation=8 | Status=PERSISTED | Source=It_2H_Sword_Flamberge | SourceAddress=E70E8610 | ActualGroup=5 | PhysicalCollisionChanged=0
10720	10746	ENGINE SetCollisionGroup	ElapsedMs=67431.187 | RequestedGroup=5 | BeforeGroup=7 | AfterGroup=5 | PlayerAction=1 | PlayerAniPhase=3 | PlayerStateTime=0.577255 | PlayerCurrentMovementAni=Hero_Stand_None_2H_P1_Attack_Hit_N_Fwd_00_%_00_P0_90_L.xmot
10747	10766	NATIVE CLEANUP CALL SITE	ElapsedMs=67431.205 | Source=It_2H_Sword_Flamberge | SourceAddress=E70E8610 | RequestedGroup=5 | BeforeGroup=7 | AfterGroup=5
10767	10796	OUTER_FRAME CLEANUP	ElapsedMs=67431.226 | Actor=PC_Hero | Source=It_2H_Sword_Flamberge | SourceAddress=E70E8610 | RequestedGroup=5 | BeforeGroup=7 | AfterGroup=5 | CurrentAction=1 | CurrentStateTime=0.577255
10797	10836	AISETSTATE CALLSITE	ElapsedMs=67431.254 | Actor=PC_Hero | CurrentAction=1 | CurrentAniPhase=3 | CurrentStateTime=0.577255 | CurrentMovementAni=Hero_Stand_None_2H_P1_Attack_Hit_N_Fwd_00_%_00_P0_90_L.xmot
10837	10861	OUTER_FRAME AI_SET_STATE_BEFORE	ElapsedMs=67431.289 | Actor=PC_Hero | CurrentAction=1 | CurrentStateTime=0.577255
10862	10884	C1 FINALIZATION	ElapsedMs=67431.310 | Reason=AISETSTATE_AFTER_ORIGINAL | Actor=PC_Hero | Generation=8 | Status=PERSISTED | PhysicalCollisionChanged=0
10885	10909	OUTER_FRAME AI_SET_STATE_AFTER	ElapsedMs=67431.329 | Actor=PC_Hero | CurrentAction=1 | CurrentStateTime=0.000000
10910	10949	AISETSTATE CALLSITE	ElapsedMs=67863.465 | Actor=PC_Hero | CurrentAction=0 | CurrentAniPhase=3 | CurrentStateTime=0.421269 | CurrentMovementAni=Hero_Stand_None_2H_P0_Attack_Recover_N_Fwd_00_%_00_P0_0_L.xmot
10950	10974	OUTER_FRAME AI_SET_STATE_BEFORE	ElapsedMs=67863.535 | Actor=PC_Hero | CurrentAction=0 | CurrentStateTime=0.421269
10975	10999	OUTER_FRAME AI_SET_STATE_AFTER	ElapsedMs=67863.558 | Actor=PC_Hero | CurrentAction=0 | CurrentStateTime=0.000000
11000	11039	AISETSTATE CALLSITE	ElapsedMs=67873.581 | Actor=PC_Hero | CurrentAction=0 | CurrentAniPhase=3 | CurrentStateTime=0.000000 | CurrentMovementAni=Hero_Stand_None_2H_P0_Attack_Recover_N_Fwd_00_%_00_P0_0_L.xmot
11040	11064	OUTER_FRAME AI_SET_STATE_BEFORE	ElapsedMs=67873.653 | Actor=PC_Hero | CurrentAction=0 | CurrentStateTime=0.000000
11065	11089	OUTER_FRAME AI_SET_STATE_AFTER	ElapsedMs=67873.678 | Actor=PC_Hero | CurrentAction=0 | CurrentStateTime=0.000000
11090	11129	AISETSTATE CALLSITE	ElapsedMs=67912.128 | Actor=PC_Hero | CurrentAction=0 | CurrentAniPhase=3 | CurrentStateTime=0.029013 | CurrentMovementAni=Hero_Stand_None_2H_P0_Attack_Recover_N_Fwd_00_%_00_P0_0_L.xmot
11130	11154	OUTER_FRAME AI_SET_STATE_BEFORE	ElapsedMs=67912.195 | Actor=PC_Hero | CurrentAction=0 | CurrentStateTime=0.029013
11155	11179	OUTER_FRAME AI_SET_STATE_AFTER	ElapsedMs=67912.223 | Actor=PC_Hero | CurrentAction=0 | CurrentStateTime=0.000000
11180	11196	C1 LIFECYCLE START	ElapsedMs=67921.739 | Actor=PC_Hero | Generation=9 | Status=CANDIDATE | PhysicalCollisionChanged=0
11197	11210	C1-O2 OUTER BINDING	ElapsedMs=67921.774 | Event=COMBAT_MOVE_CANDIDATE_BOUND | Actor=PC_Hero | Generation=9 | Status=CANDIDATE | PhysicalCollisionChanged=0
11211	11235	OUTER_FRAME COMBAT_MOVE_INITIAL	ElapsedMs=67921.785 | Actor=PC_Hero | CurrentAction=4 | CurrentStateTime=0.000000
11236	11260	PRIMARYFIRST StopMotion	ElapsedMs=67922.051
11261	11292	EMPTY-PRIMARY SUCCESSOR STACK	ElapsedMs=67922.080 | Actor=PC_Hero
11293	11317	PRIMARYFIRST PlayMotion	ElapsedMs=67922.078
11318	11328	C1 LIFECYCLE STATUS	ElapsedMs=67922.176 | Event=PERSISTED | Actor=PC_Hero | Generation=9 | Status=PERSISTED | PhysicalCollisionChanged=0
11329	11353	MARKER OWNERSHIP DECISION	ElapsedMs=67922.194 | Actor=PC_Hero | CurrentMovementAni=Hero_Stand_None_2H_P0_QuickAttackR_Hit_N_Fwd_00_%_00_P1_90_R.xmot
11354	11370	C1 OFFENSE REQUEST	ElapsedMs=68028.786 | Actor=PC_Hero | Generation=9 | Status=PERSISTED | Source=It_2H_Sword_Flamberge | SourceAddress=E70E8610 | ActualGroup=7 | PhysicalCollisionChanged=0
11371	11397	ENGINE SetCollisionGroup	ElapsedMs=68028.819 | RequestedGroup=7 | BeforeGroup=5 | AfterGroup=7 | PlayerAction=4 | PlayerAniPhase=1 | PlayerStateTime=0.107003 | PlayerCurrentMovementAni=Hero_Stand_None_2H_P0_QuickAttackR_Hit_N_Fwd_00_%_00_P1_90_R.xmot
11398	11427	OUTER_FRAME OFFENSE	ElapsedMs=68028.842 | Actor=PC_Hero | Source=It_2H_Sword_Flamberge | SourceAddress=E70E8610 | RequestedGroup=7 | BeforeGroup=5 | AfterGroup=7 | CurrentAction=4 | CurrentStateTime=0.107003
11428	11450	COMBATMOVE STARTRECOVER BEGIN	ElapsedMs=68442.365 | Actor=PC_Hero | CurrentAction=4 | CurrentAniPhase=1 | CurrentMovementAni=Hero_Stand_None_2H_P0_QuickAttackR_Hit_N_Fwd_00_%_00_P1_90_R.xmot
11451	11475	PRIMARYFIRST StopMotion	ElapsedMs=68442.728
11476	11502	EMPTY-PRIMARY SUCCESSOR STACK	ElapsedMs=68442.757 | Actor=PC_Hero
11503	11527	PRIMARYFIRST PlayMotion	ElapsedMs=68442.756
11528	11550	COMBATMOVE STARTRECOVER END	ElapsedMs=68442.826 | Actor=PC_Hero | CurrentAction=4 | CurrentAniPhase=3 | CurrentMovementAni=Hero_Stand_None_2H_P0_QuickAttackR_Hit_N_Fwd_00_%_00_P1_90_R.xmot
11551	11567	C1 CLEANUP FULFILLED	ElapsedMs=68442.879 | Actor=PC_Hero | Generation=9 | Status=PERSISTED | Source=It_2H_Sword_Flamberge | SourceAddress=E70E8610 | ActualGroup=5 | PhysicalCollisionChanged=0
11568	11594	ENGINE SetCollisionGroup	ElapsedMs=68442.897 | RequestedGroup=5 | BeforeGroup=7 | AfterGroup=5 | PlayerAction=4 | PlayerAniPhase=3 | PlayerStateTime=0.520965 | PlayerCurrentMovementAni=Hero_Stand_None_2H_P0_QuickAttackR_Hit_N_Fwd_00_%_00_P1_90_R.xmot
11595	11614	NATIVE CLEANUP CALL SITE	ElapsedMs=68442.915 | Source=It_2H_Sword_Flamberge | SourceAddress=E70E8610 | RequestedGroup=5 | BeforeGroup=7 | AfterGroup=5
11615	11644	OUTER_FRAME CLEANUP	ElapsedMs=68442.936 | Actor=PC_Hero | Source=It_2H_Sword_Flamberge | SourceAddress=E70E8610 | RequestedGroup=5 | BeforeGroup=7 | AfterGroup=5 | CurrentAction=4 | CurrentStateTime=0.520965
11645	11684	AISETSTATE CALLSITE	ElapsedMs=68546.852 | Actor=PC_Hero | CurrentAction=4 | CurrentAniPhase=3 | CurrentStateTime=0.624969 | CurrentMovementAni=Hero_Stand_None_2H_P1_QuickAttackR_Recover_N_Fwd_00_%_00_P1_0_R.xmot
11685	11709	OUTER_FRAME AI_SET_STATE_BEFORE	ElapsedMs=68546.946 | Actor=PC_Hero | CurrentAction=4 | CurrentStateTime=0.624969
11710	11732	C1 FINALIZATION	ElapsedMs=68546.974 | Reason=AISETSTATE_AFTER_ORIGINAL | Actor=PC_Hero | Generation=9 | Status=PERSISTED | PhysicalCollisionChanged=0
11733	11757	OUTER_FRAME AI_SET_STATE_AFTER	ElapsedMs=68546.996 | Actor=PC_Hero | CurrentAction=4 | CurrentStateTime=0.000000
11758	11797	AISETSTATE CALLSITE	ElapsedMs=68722.380 | Actor=PC_Hero | CurrentAction=0 | CurrentAniPhase=3 | CurrentStateTime=0.165987 | CurrentMovementAni=Hero_Stand_None_2H_P1_QuickAttackR_Recover_N_Fwd_00_%_00_P1_0_R.xmot
11798	11822	OUTER_FRAME AI_SET_STATE_BEFORE	ElapsedMs=68722.450 | Actor=PC_Hero | CurrentAction=0 | CurrentStateTime=0.165987
11823	11847	OUTER_FRAME AI_SET_STATE_AFTER	ElapsedMs=68722.473 | Actor=PC_Hero | CurrentAction=0 | CurrentStateTime=0.000000
11848	11864	C1 LIFECYCLE START	ElapsedMs=68732.674 | Actor=PC_Hero | Generation=10 | Status=CANDIDATE | PhysicalCollisionChanged=0
11865	11878	C1-O2 OUTER BINDING	ElapsedMs=68732.713 | Event=COMBAT_MOVE_CANDIDATE_BOUND | Actor=PC_Hero | Generation=10 | Status=CANDIDATE | PhysicalCollisionChanged=0
11879	11903	OUTER_FRAME COMBAT_MOVE_INITIAL	ElapsedMs=68732.725 | Actor=PC_Hero | CurrentAction=16 | CurrentStateTime=0.000000
11904	11928	PRIMARYFIRST StopMotion	ElapsedMs=68733.002
11929	11960	EMPTY-PRIMARY SUCCESSOR STACK	ElapsedMs=68733.031 | Actor=PC_Hero
11961	11985	PRIMARYFIRST PlayMotion	ElapsedMs=68733.030
11986	11996	C1 LIFECYCLE STATUS	ElapsedMs=68733.123 | Event=PERSISTED | Actor=PC_Hero | Generation=10 | Status=PERSISTED | PhysicalCollisionChanged=0
11997	12040	AIFULLSTOP CALLSITE	ElapsedMs=68751.568 | Actor=PC_Hero | CurrentAction=16 | CurrentAniPhase=4 | CurrentStateTime=0.019986 | CurrentMovementAni=Hero_Stand_None_2H_P1_Parade_Begin_N_Fwd_00_%_00_P0_0.xmot
12041	12077	COMBATMOVE FULLSTOP STACK	ElapsedMs=68751.695 | Actor=PC_Hero | CurrentAction=16 | CurrentAniPhase=4 | CurrentStateTime=0.019986 | CurrentMovementAni=Hero_Stand_None_2H_P1_Parade_Begin_N_Fwd_00_%_00_P0_0.xmot
12078	12118	AISETSTATE CALLSITE	ElapsedMs=68751.777 | Actor=PC_Hero | CurrentAction=16 | CurrentAniPhase=4 | CurrentStateTime=0.019986 | CurrentMovementAni=Hero_Stand_None_2H_P1_Parade_Begin_N_Fwd_00_%_00_P0_0.xmot
12119	12143	OUTER_FRAME AI_SET_STATE_BEFORE	ElapsedMs=68751.869 | Actor=PC_Hero | CurrentAction=16 | CurrentStateTime=0.019986
12144	12166	C1 FINALIZATION	ElapsedMs=68751.896 | Reason=AISETSTATE_AFTER_ORIGINAL | Actor=PC_Hero | Generation=10 | Status=PERSISTED | PhysicalCollisionChanged=0
12167	12191	OUTER_FRAME AI_SET_STATE_AFTER	ElapsedMs=68751.929 | Actor=PC_Hero | CurrentAction=16 | CurrentStateTime=0.000000
12192	12208	C1 LIFECYCLE START	ElapsedMs=68752.695 | Actor=PC_Hero | Generation=11 | Status=CANDIDATE | PhysicalCollisionChanged=0
12209	12222	C1-O2 OUTER BINDING	ElapsedMs=68752.720 | Event=COMBAT_MOVE_CANDIDATE_BOUND | Actor=PC_Hero | Generation=11 | Status=CANDIDATE | PhysicalCollisionChanged=0
12223	12247	OUTER_FRAME COMBAT_MOVE_INITIAL	ElapsedMs=68752.731 | Actor=PC_Hero | CurrentAction=5 | CurrentStateTime=0.000000
12248	12272	PRIMARYFIRST StopMotion	ElapsedMs=68753.131
12273	12304	EMPTY-PRIMARY SUCCESSOR STACK	ElapsedMs=68753.189 | Actor=PC_Hero
12305	12329	PRIMARYFIRST PlayMotion	ElapsedMs=68753.188
12330	12340	C1 LIFECYCLE STATUS	ElapsedMs=68753.323 | Event=PERSISTED | Actor=PC_Hero | Generation=11 | Status=PERSISTED | PhysicalCollisionChanged=0
12341	12365	MARKER OWNERSHIP DECISION	ElapsedMs=68753.352 | Actor=PC_Hero | CurrentMovementAni=Hero_Stand_None_2H_P1_QuickAttackL_Hit_N_Fwd_00_%_00_P0_90_L.xmot
12366	12382	C1 OFFENSE REQUEST	ElapsedMs=68859.234 | Actor=PC_Hero | Generation=11 | Status=PERSISTED | Source=It_2H_Sword_Flamberge | SourceAddress=E70E8610 | ActualGroup=7 | PhysicalCollisionChanged=0
12383	12409	ENGINE SetCollisionGroup	ElapsedMs=68859.271 | RequestedGroup=7 | BeforeGroup=5 | AfterGroup=7 | PlayerAction=5 | PlayerAniPhase=1 | PlayerStateTime=0.106996 | PlayerCurrentMovementAni=Hero_Stand_None_2H_P1_QuickAttackL_Hit_N_Fwd_00_%_00_P0_90_L.xmot
12410	12439	OUTER_FRAME OFFENSE	ElapsedMs=68859.298 | Actor=PC_Hero | Source=It_2H_Sword_Flamberge | SourceAddress=E70E8610 | RequestedGroup=7 | BeforeGroup=5 | AfterGroup=7 | CurrentAction=5 | CurrentStateTime=0.106996
12440	12462	COMBATMOVE STARTRECOVER BEGIN	ElapsedMs=69158.445 | Actor=PC_Hero | CurrentAction=5 | CurrentAniPhase=1 | CurrentMovementAni=Hero_Stand_None_2H_P1_QuickAttackL_Hit_N_Fwd_00_%_00_P0_90_L.xmot
12463	12487	PRIMARYFIRST StopMotion	ElapsedMs=69158.755
12488	12514	EMPTY-PRIMARY SUCCESSOR STACK	ElapsedMs=69158.785 | Actor=PC_Hero
12515	12539	PRIMARYFIRST PlayMotion	ElapsedMs=69158.783
12540	12562	COMBATMOVE STARTRECOVER END	ElapsedMs=69158.860 | Actor=PC_Hero | CurrentAction=5 | CurrentAniPhase=3 | CurrentMovementAni=Hero_Stand_None_2H_P1_QuickAttackL_Hit_N_Fwd_00_%_00_P0_90_L.xmot
12563	12579	C1 CLEANUP FULFILLED	ElapsedMs=69158.916 | Actor=PC_Hero | Generation=11 | Status=PERSISTED | Source=It_2H_Sword_Flamberge | SourceAddress=E70E8610 | ActualGroup=5 | PhysicalCollisionChanged=0
12580	12606	ENGINE SetCollisionGroup	ElapsedMs=69158.931 | RequestedGroup=5 | BeforeGroup=7 | AfterGroup=5 | PlayerAction=5 | PlayerAniPhase=3 | PlayerStateTime=0.404983 | PlayerCurrentMovementAni=Hero_Stand_None_2H_P1_QuickAttackL_Hit_N_Fwd_00_%_00_P0_90_L.xmot
12607	12626	NATIVE CLEANUP CALL SITE	ElapsedMs=69158.951 | Source=It_2H_Sword_Flamberge | SourceAddress=E70E8610 | RequestedGroup=5 | BeforeGroup=7 | AfterGroup=5
12627	12656	OUTER_FRAME CLEANUP	ElapsedMs=69158.971 | Actor=PC_Hero | Source=It_2H_Sword_Flamberge | SourceAddress=E70E8610 | RequestedGroup=5 | BeforeGroup=7 | AfterGroup=5 | CurrentAction=5 | CurrentStateTime=0.404983
12657	12696	AISETSTATE CALLSITE	ElapsedMs=69266.078 | Actor=PC_Hero | CurrentAction=5 | CurrentAniPhase=3 | CurrentStateTime=0.513971 | CurrentMovementAni=Hero_Stand_None_2H_P0_QuickAttackL_Recover_N_Fwd_00_%_00_P0_0_L.xmot
12697	12721	OUTER_FRAME AI_SET_STATE_BEFORE	ElapsedMs=69266.149 | Actor=PC_Hero | CurrentAction=5 | CurrentStateTime=0.513971
12722	12744	C1 FINALIZATION	ElapsedMs=69266.174 | Reason=AISETSTATE_AFTER_ORIGINAL | Actor=PC_Hero | Generation=11 | Status=PERSISTED | PhysicalCollisionChanged=0
12745	12769	OUTER_FRAME AI_SET_STATE_AFTER	ElapsedMs=69266.194 | Actor=PC_Hero | CurrentAction=5 | CurrentStateTime=0.000000
12770	12794	PRIMARYFIRST StopMotion	ElapsedMs=69473.924
12795	12819	PRIMARYFIRST StopMotion	ElapsedMs=69473.976
12820	12846	EMPTY-PRIMARY SUCCESSOR STACK	ElapsedMs=69474.050 | Actor=PC_Hero
12847	12871	PRIMARYFIRST PlayMotion	ElapsedMs=69474.049
12872	12896	PRIMARYFIRST StopMotion	ElapsedMs=69659.930
12897	12923	EMPTY-PRIMARY SUCCESSOR STACK	ElapsedMs=69659.981 | Actor=PC_Hero
12924	12948	PRIMARYFIRST PlayMotion	ElapsedMs=69659.980
12949	12973	PRIMARYFIRST StopMotion	ElapsedMs=69894.913
12974	13000	EMPTY-PRIMARY SUCCESSOR STACK	ElapsedMs=69894.964 | Actor=PC_Hero
13001	13025	PRIMARYFIRST PlayMotion	ElapsedMs=69894.963
13026	13065	AISETSTATE CALLSITE	ElapsedMs=70275.358 | Actor=PC_Hero | CurrentAction=0 | CurrentAniPhase=10 | CurrentStateTime=0.994884 | CurrentMovementAni=Hero_Stand_None_2H_P0_Move_Sprint_N_Right_00_%_00_P0_400.xmot
13066	13090	OUTER_FRAME AI_SET_STATE_BEFORE	ElapsedMs=70275.474 | Actor=PC_Hero | CurrentAction=0 | CurrentStateTime=0.994884
13091	13115	OUTER_FRAME AI_SET_STATE_AFTER	ElapsedMs=70275.501 | Actor=PC_Hero | CurrentAction=0 | CurrentStateTime=0.000000
13116	13132	C1 LIFECYCLE START	ElapsedMs=70285.073 | Actor=PC_Hero | Generation=12 | Status=CANDIDATE | PhysicalCollisionChanged=0
13133	13146	C1-O2 OUTER BINDING	ElapsedMs=70285.106 | Event=COMBAT_MOVE_CANDIDATE_BOUND | Actor=PC_Hero | Generation=12 | Status=CANDIDATE | PhysicalCollisionChanged=0
13147	13171	OUTER_FRAME COMBAT_MOVE_INITIAL	ElapsedMs=70285.118 | Actor=PC_Hero | CurrentAction=1 | CurrentStateTime=0.000000
13172	13196	PRIMARYFIRST StopMotion	ElapsedMs=70285.154
13197	13228	EMPTY-PRIMARY SUCCESSOR STACK	ElapsedMs=70285.179 | Actor=PC_Hero
13229	13253	PRIMARYFIRST PlayMotion	ElapsedMs=70285.178
13254	13264	C1 LIFECYCLE STATUS	ElapsedMs=70285.329 | Event=PERSISTED | Actor=PC_Hero | Generation=12 | Status=PERSISTED | PhysicalCollisionChanged=0
13265	13289	MARKER OWNERSHIP DECISION	ElapsedMs=70285.346 | Actor=PC_Hero | CurrentMovementAni=Hero_Stand_None_2H_P0_Attack_Hit_N_Fwd_00_%_00_P1_90_R.xmot
13290	13306	C1 OFFENSE REQUEST	ElapsedMs=70539.864 | Actor=PC_Hero | Generation=12 | Status=PERSISTED | Source=It_2H_Sword_Flamberge | SourceAddress=E70E8610 | ActualGroup=7 | PhysicalCollisionChanged=0
13307	13333	ENGINE SetCollisionGroup	ElapsedMs=70539.896 | RequestedGroup=7 | BeforeGroup=5 | AfterGroup=7 | PlayerAction=1 | PlayerAniPhase=1 | PlayerStateTime=0.253009 | PlayerCurrentMovementAni=Hero_Stand_None_2H_P0_Attack_Hit_N_Fwd_00_%_00_P1_90_R.xmot
13334	13363	OUTER_FRAME OFFENSE	ElapsedMs=70539.920 | Actor=PC_Hero | Source=It_2H_Sword_Flamberge | SourceAddress=E70E8610 | RequestedGroup=7 | BeforeGroup=5 | AfterGroup=7 | CurrentAction=1 | CurrentStateTime=0.253009
13364	13386	COMBATMOVE STARTRECOVER BEGIN	ElapsedMs=71039.912 | Actor=PC_Hero | CurrentAction=1 | CurrentAniPhase=1 | CurrentMovementAni=Hero_Stand_None_2H_P0_Attack_Hit_N_Fwd_00_%_00_P1_90_R.xmot
13387	13410	HIT STARTRECOVER BEGIN STACK	ElapsedMs=71039.962 | Actor=PC_Hero | CurrentAction=1 | CurrentAniPhase=1 | CurrentStateTime=0.751296 | CurrentMovementAni=Hero_Stand_None_2H_P0_Attack_Hit_N_Fwd_00_%_00_P1_90_R.xmot
13411	13435	PRIMARYFIRST StopMotion	ElapsedMs=71040.013
13436	13462	EMPTY-PRIMARY SUCCESSOR STACK	ElapsedMs=71040.037 | Actor=PC_Hero
13463	13487	PRIMARYFIRST PlayMotion	ElapsedMs=71040.036
13488	13510	COMBATMOVE STARTRECOVER END	ElapsedMs=71040.105 | Actor=PC_Hero | CurrentAction=1 | CurrentAniPhase=3 | CurrentMovementAni=Hero_Stand_None_2H_P0_Attack_Hit_N_Fwd_00_%_00_P1_90_R.xmot
13511	13527	C1 CLEANUP FULFILLED	ElapsedMs=71040.163 | Actor=PC_Hero | Generation=12 | Status=PERSISTED | Source=It_2H_Sword_Flamberge | SourceAddress=E70E8610 | ActualGroup=5 | PhysicalCollisionChanged=0
13528	13554	ENGINE SetCollisionGroup	ElapsedMs=71040.178 | RequestedGroup=5 | BeforeGroup=7 | AfterGroup=5 | PlayerAction=1 | PlayerAniPhase=3 | PlayerStateTime=0.751296 | PlayerCurrentMovementAni=Hero_Stand_None_2H_P0_Attack_Hit_N_Fwd_00_%_00_P1_90_R.xmot
13555	13574	NATIVE CLEANUP CALL SITE	ElapsedMs=71040.197 | Source=It_2H_Sword_Flamberge | SourceAddress=E70E8610 | RequestedGroup=5 | BeforeGroup=7 | AfterGroup=5
13575	13604	OUTER_FRAME CLEANUP	ElapsedMs=71040.218 | Actor=PC_Hero | Source=It_2H_Sword_Flamberge | SourceAddress=E70E8610 | RequestedGroup=5 | BeforeGroup=7 | AfterGroup=5 | CurrentAction=1 | CurrentStateTime=0.751296
13605	13644	AISETSTATE CALLSITE	ElapsedMs=71040.246 | Actor=PC_Hero | CurrentAction=1 | CurrentAniPhase=3 | CurrentStateTime=0.751296 | CurrentMovementAni=Hero_Stand_None_2H_P0_Attack_Hit_N_Fwd_00_%_00_P1_90_R.xmot
13645	13669	OUTER_FRAME AI_SET_STATE_BEFORE	ElapsedMs=71040.284 | Actor=PC_Hero | CurrentAction=1 | CurrentStateTime=0.751296
13670	13692	C1 FINALIZATION	ElapsedMs=71040.307 | Reason=AISETSTATE_AFTER_ORIGINAL | Actor=PC_Hero | Generation=12 | Status=PERSISTED | PhysicalCollisionChanged=0
13693	13717	OUTER_FRAME AI_SET_STATE_AFTER	ElapsedMs=71040.327 | Actor=PC_Hero | CurrentAction=1 | CurrentStateTime=0.000000
13718	13742	PRIMARYFIRST StopMotion	ElapsedMs=71049.897
13743	13767	PRIMARYFIRST StopMotion	ElapsedMs=71050.039
13768	13794	EMPTY-PRIMARY SUCCESSOR STACK	ElapsedMs=71050.071 | Actor=PC_Hero
13795	13819	PRIMARYFIRST PlayMotion	ElapsedMs=71050.070
13820	13846	EMPTY-PRIMARY SUCCESSOR STACK	ElapsedMs=71127.144 | Actor=PC_Hero
13847	13871	PRIMARYFIRST PlayMotion	ElapsedMs=71127.142
13872	13896	PRIMARYFIRST StopMotion	ElapsedMs=71300.329
13897	13921	PRIMARYFIRST StopMotion	ElapsedMs=71300.433
13922	13948	EMPTY-PRIMARY SUCCESSOR STACK	ElapsedMs=71300.463 | Actor=PC_Hero
13949	13973	PRIMARYFIRST PlayMotion	ElapsedMs=71300.462
13974	13998	PRIMARYFIRST StopMotion	ElapsedMs=71330.700
13999	14023	PRIMARYFIRST StopMotion	ElapsedMs=71330.750
14024	14050	EMPTY-PRIMARY SUCCESSOR STACK	ElapsedMs=71330.779 | Actor=PC_Hero
14051	14075	PRIMARYFIRST PlayMotion	ElapsedMs=71330.778
14076	14115	AISETSTATE CALLSITE	ElapsedMs=71382.826 | Actor=PC_Hero | CurrentAction=0 | CurrentAniPhase=12 | CurrentStateTime=0.333965 | CurrentMovementAni=Hero_Stand_None_2H_P1_Move_Stand_N_Fwd_00_%_00_P1_0.xmot
14116	14140	OUTER_FRAME AI_SET_STATE_BEFORE	ElapsedMs=71382.897 | Actor=PC_Hero | CurrentAction=0 | CurrentStateTime=0.333965
14141	14165	OUTER_FRAME AI_SET_STATE_AFTER	ElapsedMs=71382.918 | Actor=PC_Hero | CurrentAction=0 | CurrentStateTime=0.000000
14166	14182	C1 LIFECYCLE START	ElapsedMs=71393.042 | Actor=PC_Hero | Generation=13 | Status=CANDIDATE | PhysicalCollisionChanged=0
14183	14196	C1-O2 OUTER BINDING	ElapsedMs=71393.080 | Event=COMBAT_MOVE_CANDIDATE_BOUND | Actor=PC_Hero | Generation=13 | Status=CANDIDATE | PhysicalCollisionChanged=0
14197	14221	OUTER_FRAME COMBAT_MOVE_INITIAL	ElapsedMs=71393.091 | Actor=PC_Hero | CurrentAction=1 | CurrentStateTime=0.000000
14222	14246	PRIMARYFIRST StopMotion	ElapsedMs=71393.168
14247	14278	EMPTY-PRIMARY SUCCESSOR STACK	ElapsedMs=71393.195 | Actor=PC_Hero
14279	14303	PRIMARYFIRST PlayMotion	ElapsedMs=71393.194
14304	14314	C1 LIFECYCLE STATUS	ElapsedMs=71393.290 | Event=PERSISTED | Actor=PC_Hero | Generation=13 | Status=PERSISTED | PhysicalCollisionChanged=0
14315	14339	MARKER OWNERSHIP DECISION	ElapsedMs=71393.307 | Actor=PC_Hero | CurrentMovementAni=Hero_Stand_None_2H_P1_Attack_Hit_N_Fwd_00_%_00_P0_90_L.xmot
14340	14356	C1 OFFENSE REQUEST	ElapsedMs=71646.906 | Actor=PC_Hero | Generation=13 | Status=PERSISTED | Source=It_2H_Sword_Flamberge | SourceAddress=E70E8610 | ActualGroup=7 | PhysicalCollisionChanged=0
14357	14383	ENGINE SetCollisionGroup	ElapsedMs=71646.950 | RequestedGroup=7 | BeforeGroup=5 | AfterGroup=7 | PlayerAction=1 | PlayerAniPhase=1 | PlayerStateTime=0.252985 | PlayerCurrentMovementAni=Hero_Stand_None_2H_P1_Attack_Hit_N_Fwd_00_%_00_P0_90_L.xmot
14384	14413	OUTER_FRAME OFFENSE	ElapsedMs=71646.973 | Actor=PC_Hero | Source=It_2H_Sword_Flamberge | SourceAddress=E70E8610 | RequestedGroup=7 | BeforeGroup=5 | AfterGroup=7 | CurrentAction=1 | CurrentStateTime=0.252985
14414	14436	COMBATMOVE STARTRECOVER BEGIN	ElapsedMs=71972.997 | Actor=PC_Hero | CurrentAction=1 | CurrentAniPhase=1 | CurrentMovementAni=Hero_Stand_None_2H_P1_Attack_Hit_N_Fwd_00_%_00_P0_90_L.xmot
14437	14460	HIT STARTRECOVER BEGIN STACK	ElapsedMs=71973.114 | Actor=PC_Hero | CurrentAction=1 | CurrentAniPhase=1 | CurrentStateTime=0.578954 | CurrentMovementAni=Hero_Stand_None_2H_P1_Attack_Hit_N_Fwd_00_%_00_P0_90_L.xmot
14461	14485	PRIMARYFIRST StopMotion	ElapsedMs=71973.170
14486	14512	EMPTY-PRIMARY SUCCESSOR STACK	ElapsedMs=71973.196 | Actor=PC_Hero
14513	14537	PRIMARYFIRST PlayMotion	ElapsedMs=71973.195
14538	14560	COMBATMOVE STARTRECOVER END	ElapsedMs=71973.260 | Actor=PC_Hero | CurrentAction=1 | CurrentAniPhase=3 | CurrentMovementAni=Hero_Stand_None_2H_P1_Attack_Hit_N_Fwd_00_%_00_P0_90_L.xmot
14561	14577	C1 CLEANUP FULFILLED	ElapsedMs=71973.320 | Actor=PC_Hero | Generation=13 | Status=PERSISTED | Source=It_2H_Sword_Flamberge | SourceAddress=E70E8610 | ActualGroup=5 | PhysicalCollisionChanged=0
14578	14604	ENGINE SetCollisionGroup	ElapsedMs=71973.336 | RequestedGroup=5 | BeforeGroup=7 | AfterGroup=5 | PlayerAction=1 | PlayerAniPhase=3 | PlayerStateTime=0.578954 | PlayerCurrentMovementAni=Hero_Stand_None_2H_P1_Attack_Hit_N_Fwd_00_%_00_P0_90_L.xmot
14605	14624	NATIVE CLEANUP CALL SITE	ElapsedMs=71973.355 | Source=It_2H_Sword_Flamberge | SourceAddress=E70E8610 | RequestedGroup=5 | BeforeGroup=7 | AfterGroup=5
14625	14654	OUTER_FRAME CLEANUP	ElapsedMs=71973.375 | Actor=PC_Hero | Source=It_2H_Sword_Flamberge | SourceAddress=E70E8610 | RequestedGroup=5 | BeforeGroup=7 | AfterGroup=5 | CurrentAction=1 | CurrentStateTime=0.578954
14655	14694	AISETSTATE CALLSITE	ElapsedMs=71973.403 | Actor=PC_Hero | CurrentAction=1 | CurrentAniPhase=3 | CurrentStateTime=0.578954 | CurrentMovementAni=Hero_Stand_None_2H_P1_Attack_Hit_N_Fwd_00_%_00_P0_90_L.xmot
14695	14719	OUTER_FRAME AI_SET_STATE_BEFORE	ElapsedMs=71973.441 | Actor=PC_Hero | CurrentAction=1 | CurrentStateTime=0.578954
14720	14742	C1 FINALIZATION	ElapsedMs=71973.463 | Reason=AISETSTATE_AFTER_ORIGINAL | Actor=PC_Hero | Generation=13 | Status=PERSISTED | PhysicalCollisionChanged=0
14743	14767	OUTER_FRAME AI_SET_STATE_AFTER	ElapsedMs=71973.483 | Actor=PC_Hero | CurrentAction=1 | CurrentStateTime=0.000000
14768	14792	PRIMARYFIRST StopMotion	ElapsedMs=71983.365
14793	14817	PRIMARYFIRST StopMotion	ElapsedMs=71983.418
14818	14844	EMPTY-PRIMARY SUCCESSOR STACK	ElapsedMs=71983.443 | Actor=PC_Hero
14845	14869	PRIMARYFIRST PlayMotion	ElapsedMs=71983.442
14870	14894	PRIMARYFIRST StopMotion	ElapsedMs=72162.573
14895	14921	EMPTY-PRIMARY SUCCESSOR STACK	ElapsedMs=72162.624 | Actor=PC_Hero
14922	14946	PRIMARYFIRST PlayMotion	ElapsedMs=72162.623
14947	14971	PRIMARYFIRST StopMotion	ElapsedMs=72397.647
14972	14998	EMPTY-PRIMARY SUCCESSOR STACK	ElapsedMs=72397.702 | Actor=PC_Hero
14999	15023	PRIMARYFIRST PlayMotion	ElapsedMs=72397.701
15024	15063	AISETSTATE CALLSITE	ElapsedMs=72610.001 | Actor=PC_Hero | CurrentAction=0 | CurrentAniPhase=10 | CurrentStateTime=0.629965 | CurrentMovementAni=Hero_Stand_None_2H_P0_Move_Sprint_N_Left_00_%_00_P0_400.xmot
15064	15088	OUTER_FRAME AI_SET_STATE_BEFORE	ElapsedMs=72610.070 | Actor=PC_Hero | CurrentAction=0 | CurrentStateTime=0.629965
15089	15113	OUTER_FRAME AI_SET_STATE_AFTER	ElapsedMs=72610.092 | Actor=PC_Hero | CurrentAction=0 | CurrentStateTime=0.000000
15114	15130	C1 LIFECYCLE START	ElapsedMs=72620.168 | Actor=PC_Hero | Generation=14 | Status=CANDIDATE | PhysicalCollisionChanged=0
15131	15144	C1-O2 OUTER BINDING	ElapsedMs=72620.205 | Event=COMBAT_MOVE_CANDIDATE_BOUND | Actor=PC_Hero | Generation=14 | Status=CANDIDATE | PhysicalCollisionChanged=0
15145	15169	OUTER_FRAME COMBAT_MOVE_INITIAL	ElapsedMs=72620.232 | Actor=PC_Hero | CurrentAction=2 | CurrentStateTime=0.000000
15170	15194	PRIMARYFIRST StopMotion	ElapsedMs=72620.526
15195	15226	EMPTY-PRIMARY SUCCESSOR STACK	ElapsedMs=72620.555 | Actor=PC_Hero
15227	15251	PRIMARYFIRST PlayMotion	ElapsedMs=72620.553
15252	15262	C1 LIFECYCLE STATUS	ElapsedMs=72620.650 | Event=PERSISTED | Actor=PC_Hero | Generation=14 | Status=PERSISTED | PhysicalCollisionChanged=0
15263	15276	C1-O2 OUTER BINDING	ElapsedMs=73214.344 | Event=COMBAT_MOVE_REUSED | Actor=PC_Hero | Generation=14 | Status=PERSISTED | PhysicalCollisionChanged=0
15277	15301	OUTER_FRAME COMBAT_MOVE_INITIAL	ElapsedMs=73214.376 | Actor=PC_Hero | CurrentAction=2 | CurrentStateTime=0.592977
15302	15326	PRIMARYFIRST StopMotion	ElapsedMs=73214.617
15327	15357	EMPTY-PRIMARY SUCCESSOR STACK	ElapsedMs=73214.646 | Actor=PC_Hero
15358	15382	PRIMARYFIRST PlayMotion	ElapsedMs=73214.644
15383	15399	C1 OFFENSE REQUEST	ElapsedMs=73214.768 | Actor=PC_Hero | Generation=14 | Status=PERSISTED | Source=It_2H_Sword_Flamberge | SourceAddress=E70E8610 | ActualGroup=7 | PhysicalCollisionChanged=0
15400	15426	ENGINE SetCollisionGroup	ElapsedMs=73214.819 | RequestedGroup=7 | BeforeGroup=5 | AfterGroup=7 | PlayerAction=2 | PlayerAniPhase=1 | PlayerStateTime=0.592977 | PlayerCurrentMovementAni=Hero_Stand_None_2H_P0_PowerAttack_Hit_N_Fwd_00_%_00_P1_100_R.xmot
15427	15456	OUTER_FRAME OFFENSE	ElapsedMs=73214.872 | Actor=PC_Hero | Source=It_2H_Sword_Flamberge | SourceAddress=E70E8610 | RequestedGroup=7 | BeforeGroup=5 | AfterGroup=7 | CurrentAction=2 | CurrentStateTime=0.592977
15457	15479	COMBATMOVE STARTRECOVER BEGIN	ElapsedMs=73617.496 | Actor=PC_Hero | CurrentAction=2 | CurrentAniPhase=1 | CurrentMovementAni=Hero_Stand_None_2H_P0_PowerAttack_Hit_N_Fwd_00_%_00_P1_100_R.xmot
15480	15503	HIT STARTRECOVER BEGIN STACK	ElapsedMs=73617.544 | Actor=PC_Hero | CurrentAction=2 | CurrentAniPhase=1 | CurrentStateTime=0.996916 | CurrentMovementAni=Hero_Stand_None_2H_P0_PowerAttack_Hit_N_Fwd_00_%_00_P1_100_R.xmot
15504	15528	PRIMARYFIRST StopMotion	ElapsedMs=73617.863
15529	15555	EMPTY-PRIMARY SUCCESSOR STACK	ElapsedMs=73617.893 | Actor=PC_Hero
15556	15580	PRIMARYFIRST PlayMotion	ElapsedMs=73617.892
15581	15603	COMBATMOVE STARTRECOVER END	ElapsedMs=73617.957 | Actor=PC_Hero | CurrentAction=2 | CurrentAniPhase=3 | CurrentMovementAni=Hero_Stand_None_2H_P0_PowerAttack_Hit_N_Fwd_00_%_00_P1_100_R.xmot
15604	15620	C1 CLEANUP FULFILLED	ElapsedMs=73618.012 | Actor=PC_Hero | Generation=14 | Status=PERSISTED | Source=It_2H_Sword_Flamberge | SourceAddress=E70E8610 | ActualGroup=5 | PhysicalCollisionChanged=0
15621	15647	ENGINE SetCollisionGroup	ElapsedMs=73618.027 | RequestedGroup=5 | BeforeGroup=7 | AfterGroup=5 | PlayerAction=2 | PlayerAniPhase=3 | PlayerStateTime=0.996916 | PlayerCurrentMovementAni=Hero_Stand_None_2H_P0_PowerAttack_Hit_N_Fwd_00_%_00_P1_100_R.xmot
15648	15667	NATIVE CLEANUP CALL SITE	ElapsedMs=73618.046 | Source=It_2H_Sword_Flamberge | SourceAddress=E70E8610 | RequestedGroup=5 | BeforeGroup=7 | AfterGroup=5
15668	15697	OUTER_FRAME CLEANUP	ElapsedMs=73618.068 | Actor=PC_Hero | Source=It_2H_Sword_Flamberge | SourceAddress=E70E8610 | RequestedGroup=5 | BeforeGroup=7 | AfterGroup=5 | CurrentAction=2 | CurrentStateTime=0.996916
15698	15737	AISETSTATE CALLSITE	ElapsedMs=73618.097 | Actor=PC_Hero | CurrentAction=2 | CurrentAniPhase=3 | CurrentStateTime=0.996916 | CurrentMovementAni=Hero_Stand_None_2H_P0_PowerAttack_Hit_N_Fwd_00_%_00_P1_100_R.xmot
15738	15762	OUTER_FRAME AI_SET_STATE_BEFORE	ElapsedMs=73618.134 | Actor=PC_Hero | CurrentAction=2 | CurrentStateTime=0.996916
15763	15785	C1 FINALIZATION	ElapsedMs=73618.156 | Reason=AISETSTATE_AFTER_ORIGINAL | Actor=PC_Hero | Generation=14 | Status=PERSISTED | PhysicalCollisionChanged=0
15786	15810	OUTER_FRAME AI_SET_STATE_AFTER	ElapsedMs=73618.177 | Actor=PC_Hero | CurrentAction=2 | CurrentStateTime=0.000000
15811	15835	PRIMARYFIRST StopMotion	ElapsedMs=73628.255
15836	15860	PRIMARYFIRST StopMotion	ElapsedMs=73628.309
15861	15887	EMPTY-PRIMARY SUCCESSOR STACK	ElapsedMs=73628.335 | Actor=PC_Hero
15888	15912	PRIMARYFIRST PlayMotion	ElapsedMs=73628.334
15913	15939	EMPTY-PRIMARY SUCCESSOR STACK	ElapsedMs=73658.920 | Actor=PC_Hero
15940	15964	PRIMARYFIRST PlayMotion	ElapsedMs=73658.918
15965	16004	AISETSTATE CALLSITE	ElapsedMs=74152.746 | Actor=PC_Hero | CurrentAction=0 | CurrentAniPhase=5 | CurrentStateTime=0.525973 | CurrentMovementAni=Hero_Stand_None_2H_P1_Ambient_Loop_N_Fwd_00_%_00_P1_0.xmot
16005	16029	OUTER_FRAME AI_SET_STATE_BEFORE	ElapsedMs=74152.845 | Actor=PC_Hero | CurrentAction=0 | CurrentStateTime=0.525973
16030	16054	OUTER_FRAME AI_SET_STATE_AFTER	ElapsedMs=74152.868 | Actor=PC_Hero | CurrentAction=0 | CurrentStateTime=0.000000
16055	16071	C1 LIFECYCLE START	ElapsedMs=74162.516 | Actor=PC_Hero | Generation=15 | Status=CANDIDATE | PhysicalCollisionChanged=0
16072	16085	C1-O2 OUTER BINDING	ElapsedMs=74162.553 | Event=COMBAT_MOVE_CANDIDATE_BOUND | Actor=PC_Hero | Generation=15 | Status=CANDIDATE | PhysicalCollisionChanged=0
16086	16110	OUTER_FRAME COMBAT_MOVE_INITIAL	ElapsedMs=74162.565 | Actor=PC_Hero | CurrentAction=2 | CurrentStateTime=0.000000
16111	16135	PRIMARYFIRST StopMotion	ElapsedMs=74162.885
16136	16167	EMPTY-PRIMARY SUCCESSOR STACK	ElapsedMs=74162.914 | Actor=PC_Hero
16168	16192	PRIMARYFIRST PlayMotion	ElapsedMs=74162.912
16193	16203	C1 LIFECYCLE STATUS	ElapsedMs=74163.001 | Event=PERSISTED | Actor=PC_Hero | Generation=15 | Status=PERSISTED | PhysicalCollisionChanged=0
16204	16217	C1-O2 OUTER BINDING	ElapsedMs=74754.036 | Event=COMBAT_MOVE_REUSED | Actor=PC_Hero | Generation=15 | Status=PERSISTED | PhysicalCollisionChanged=0
16218	16242	OUTER_FRAME COMBAT_MOVE_INITIAL	ElapsedMs=74754.068 | Actor=PC_Hero | CurrentAction=2 | CurrentStateTime=0.587964
16243	16267	PRIMARYFIRST StopMotion	ElapsedMs=74754.331
16268	16298	EMPTY-PRIMARY SUCCESSOR STACK	ElapsedMs=74754.361 | Actor=PC_Hero
16299	16323	PRIMARYFIRST PlayMotion	ElapsedMs=74754.359
16324	16340	C1 OFFENSE REQUEST	ElapsedMs=74754.488 | Actor=PC_Hero | Generation=15 | Status=PERSISTED | Source=It_2H_Sword_Flamberge | SourceAddress=E70E8610 | ActualGroup=7 | PhysicalCollisionChanged=0
16341	16367	ENGINE SetCollisionGroup	ElapsedMs=74754.505 | RequestedGroup=7 | BeforeGroup=5 | AfterGroup=7 | PlayerAction=2 | PlayerAniPhase=1 | PlayerStateTime=0.587964 | PlayerCurrentMovementAni=Hero_Stand_None_2H_P1_PowerAttack_Hit_N_Fwd_00_%_00_P0_120_R.xmot
16368	16397	OUTER_FRAME OFFENSE	ElapsedMs=74754.528 | Actor=PC_Hero | Source=It_2H_Sword_Flamberge | SourceAddress=E70E8610 | RequestedGroup=7 | BeforeGroup=5 | AfterGroup=7 | CurrentAction=2 | CurrentStateTime=0.587964
16398	16420	COMBATMOVE STARTRECOVER BEGIN	ElapsedMs=75238.919 | Actor=PC_Hero | CurrentAction=2 | CurrentAniPhase=1 | CurrentMovementAni=Hero_Stand_None_2H_P1_PowerAttack_Hit_N_Fwd_00_%_00_P0_120_R.xmot
16421	16444	HIT STARTRECOVER BEGIN STACK	ElapsedMs=75238.966 | Actor=PC_Hero | CurrentAction=2 | CurrentAniPhase=1 | CurrentStateTime=1.072912 | CurrentMovementAni=Hero_Stand_None_2H_P1_PowerAttack_Hit_N_Fwd_00_%_00_P0_120_R.xmot
16445	16469	PRIMARYFIRST StopMotion	ElapsedMs=75239.315
16470	16496	EMPTY-PRIMARY SUCCESSOR STACK	ElapsedMs=75239.344 | Actor=PC_Hero
16497	16521	PRIMARYFIRST PlayMotion	ElapsedMs=75239.343
16522	16544	COMBATMOVE STARTRECOVER END	ElapsedMs=75239.405 | Actor=PC_Hero | CurrentAction=2 | CurrentAniPhase=3 | CurrentMovementAni=Hero_Stand_None_2H_P1_PowerAttack_Hit_N_Fwd_00_%_00_P0_120_R.xmot
16545	16561	C1 CLEANUP FULFILLED	ElapsedMs=75239.463 | Actor=PC_Hero | Generation=15 | Status=PERSISTED | Source=It_2H_Sword_Flamberge | SourceAddress=E70E8610 | ActualGroup=5 | PhysicalCollisionChanged=0
16562	16588	ENGINE SetCollisionGroup	ElapsedMs=75239.477 | RequestedGroup=5 | BeforeGroup=7 | AfterGroup=5 | PlayerAction=2 | PlayerAniPhase=3 | PlayerStateTime=1.072912 | PlayerCurrentMovementAni=Hero_Stand_None_2H_P1_PowerAttack_Hit_N_Fwd_00_%_00_P0_120_R.xmot
16589	16608	NATIVE CLEANUP CALL SITE	ElapsedMs=75239.495 | Source=It_2H_Sword_Flamberge | SourceAddress=E70E8610 | RequestedGroup=5 | BeforeGroup=7 | AfterGroup=5
16609	16638	OUTER_FRAME CLEANUP	ElapsedMs=75239.516 | Actor=PC_Hero | Source=It_2H_Sword_Flamberge | SourceAddress=E70E8610 | RequestedGroup=5 | BeforeGroup=7 | AfterGroup=5 | CurrentAction=2 | CurrentStateTime=1.072912
16639	16678	AISETSTATE CALLSITE	ElapsedMs=75239.545 | Actor=PC_Hero | CurrentAction=2 | CurrentAniPhase=3 | CurrentStateTime=1.072912 | CurrentMovementAni=Hero_Stand_None_2H_P1_PowerAttack_Hit_N_Fwd_00_%_00_P0_120_R.xmot
16679	16703	OUTER_FRAME AI_SET_STATE_BEFORE	ElapsedMs=75239.580 | Actor=PC_Hero | CurrentAction=2 | CurrentStateTime=1.072912
16704	16726	C1 FINALIZATION	ElapsedMs=75239.601 | Reason=AISETSTATE_AFTER_ORIGINAL | Actor=PC_Hero | Generation=15 | Status=PERSISTED | PhysicalCollisionChanged=0
16727	16751	OUTER_FRAME AI_SET_STATE_AFTER	ElapsedMs=75239.620 | Actor=PC_Hero | CurrentAction=2 | CurrentStateTime=0.000000
16752	16778	EMPTY-PRIMARY SUCCESSOR STACK	ElapsedMs=76216.218 | Actor=PC_Hero
16779	16803	PRIMARYFIRST PlayMotion	ElapsedMs=76216.215
16804	16843	AISETSTATE CALLSITE	ElapsedMs=76335.716 | Actor=PC_Hero | CurrentAction=0 | CurrentAniPhase=5 | CurrentStateTime=1.087224 | CurrentMovementAni=Hero_Stand_None_2H_P0_Ambient_Loop_N_Fwd_00_%_00_P0_0.xmot
16844	16868	OUTER_FRAME AI_SET_STATE_BEFORE	ElapsedMs=76335.790 | Actor=PC_Hero | CurrentAction=0 | CurrentStateTime=1.087224
16869	16893	OUTER_FRAME AI_SET_STATE_AFTER	ElapsedMs=76335.815 | Actor=PC_Hero | CurrentAction=0 | CurrentStateTime=0.000000
16894	16933	AISETSTATE CALLSITE	ElapsedMs=76345.409 | Actor=PC_Hero | CurrentAction=0 | CurrentAniPhase=5 | CurrentStateTime=0.000000 | CurrentMovementAni=Hero_Stand_None_2H_P0_Ambient_Loop_N_Fwd_00_%_00_P0_0.xmot
16934	16958	OUTER_FRAME AI_SET_STATE_BEFORE	ElapsedMs=76345.477 | Actor=PC_Hero | CurrentAction=0 | CurrentStateTime=0.000000
16959	16983	OUTER_FRAME AI_SET_STATE_AFTER	ElapsedMs=76345.499 | Actor=PC_Hero | CurrentAction=0 | CurrentStateTime=0.000000
16984	17010	EMPTY-PRIMARY SUCCESSOR STACK	ElapsedMs=76355.547 | Actor=PC_Hero
17011	17035	PRIMARYFIRST PlayMotion	ElapsedMs=76355.545
17036	17075	AISETSTATE CALLSITE	ElapsedMs=76816.704 | Actor=PC_Hero | CurrentAction=0 | CurrentAniPhase=5 | CurrentStateTime=0.456971 | CurrentMovementAni=Hero_Parade_None_2H_P0_Ambient_Loop_N_Fwd_00_%_00_P0_0.xmot
17076	17100	OUTER_FRAME AI_SET_STATE_BEFORE	ElapsedMs=76816.801 | Actor=PC_Hero | CurrentAction=0 | CurrentStateTime=0.456971
17101	17125	OUTER_FRAME AI_SET_STATE_AFTER	ElapsedMs=76816.836 | Actor=PC_Hero | CurrentAction=0 | CurrentStateTime=0.000000
17126	17142	C1 LIFECYCLE START	ElapsedMs=76827.274 | Actor=PC_Hero | Generation=16 | Status=CANDIDATE | PhysicalCollisionChanged=0
17143	17156	C1-O2 OUTER BINDING	ElapsedMs=76827.309 | Event=COMBAT_MOVE_CANDIDATE_BOUND | Actor=PC_Hero | Generation=16 | Status=CANDIDATE | PhysicalCollisionChanged=0
17157	17181	OUTER_FRAME COMBAT_MOVE_INITIAL	ElapsedMs=76827.320 | Actor=PC_Hero | CurrentAction=14 | CurrentStateTime=0.000000
17182	17206	PRIMARYFIRST StopMotion	ElapsedMs=76827.356
17207	17238	EMPTY-PRIMARY SUCCESSOR STACK	ElapsedMs=76827.381 | Actor=PC_Hero
17239	17263	PRIMARYFIRST PlayMotion	ElapsedMs=76827.380
17264	17274	C1 LIFECYCLE STATUS	ElapsedMs=76827.470 | Event=PERSISTED | Actor=PC_Hero | Generation=16 | Status=PERSISTED | PhysicalCollisionChanged=0
17275	17288	C1-O2 OUTER BINDING	ElapsedMs=77788.840 | Event=COMBAT_MOVE_REUSED | Actor=PC_Hero | Generation=16 | Status=PERSISTED | PhysicalCollisionChanged=0
17289	17313	OUTER_FRAME COMBAT_MOVE_INITIAL	ElapsedMs=77788.871 | Actor=PC_Hero | CurrentAction=14 | CurrentStateTime=0.966890
17314	17338	PRIMARYFIRST StopMotion	ElapsedMs=77789.107
17339	17369	EMPTY-PRIMARY SUCCESSOR STACK	ElapsedMs=77789.137 | Actor=PC_Hero
17370	17394	PRIMARYFIRST PlayMotion	ElapsedMs=77789.135
17395	17411	C1 OFFENSE REQUEST	ElapsedMs=77789.242 | Actor=PC_Hero | Generation=16 | Status=PERSISTED | Source=It_2H_Sword_Flamberge | SourceAddress=E70E8610 | ActualGroup=7 | PhysicalCollisionChanged=0
17412	17438	ENGINE SetCollisionGroup	ElapsedMs=77789.257 | RequestedGroup=7 | BeforeGroup=5 | AfterGroup=7 | PlayerAction=14 | PlayerAniPhase=1 | PlayerStateTime=0.966890 | PlayerCurrentMovementAni=Hero_Parade_None_2H_P0_FinishingAttack_Hit_N_Fwd_00_%_00_P1_100.xmot
17439	17468	OUTER_FRAME OFFENSE	ElapsedMs=77789.279 | Actor=PC_Hero | Source=It_2H_Sword_Flamberge | SourceAddress=E70E8610 | RequestedGroup=7 | BeforeGroup=5 | AfterGroup=7 | CurrentAction=14 | CurrentStateTime=0.966890
17469	17491	COMBATMOVE STARTRECOVER BEGIN	ElapsedMs=78276.859 | Actor=PC_Hero | CurrentAction=14 | CurrentAniPhase=1 | CurrentMovementAni=Hero_Parade_None_2H_P0_FinishingAttack_Hit_N_Fwd_00_%_00_P1_100.xmot
17492	17515	HIT STARTRECOVER BEGIN STACK	ElapsedMs=78276.911 | Actor=PC_Hero | CurrentAction=14 | CurrentAniPhase=1 | CurrentStateTime=1.452845 | CurrentMovementAni=Hero_Parade_None_2H_P0_FinishingAttack_Hit_N_Fwd_00_%_00_P1_100.xmot
17516	17540	PRIMARYFIRST StopMotion	ElapsedMs=78277.217
17541	17567	EMPTY-PRIMARY SUCCESSOR STACK	ElapsedMs=78277.248 | Actor=PC_Hero
17568	17592	PRIMARYFIRST PlayMotion	ElapsedMs=78277.247
17593	17615	COMBATMOVE STARTRECOVER END	ElapsedMs=78277.311 | Actor=PC_Hero | CurrentAction=14 | CurrentAniPhase=3 | CurrentMovementAni=Hero_Parade_None_2H_P0_FinishingAttack_Hit_N_Fwd_00_%_00_P1_100.xmot
17616	17632	C1 CLEANUP FULFILLED	ElapsedMs=78277.369 | Actor=PC_Hero | Generation=16 | Status=PERSISTED | Source=It_2H_Sword_Flamberge | SourceAddress=E70E8610 | ActualGroup=5 | PhysicalCollisionChanged=0
17633	17659	ENGINE SetCollisionGroup	ElapsedMs=78277.384 | RequestedGroup=5 | BeforeGroup=7 | AfterGroup=5 | PlayerAction=14 | PlayerAniPhase=3 | PlayerStateTime=1.452845 | PlayerCurrentMovementAni=Hero_Parade_None_2H_P0_FinishingAttack_Hit_N_Fwd_00_%_00_P1_100.xmot
17660	17679	NATIVE CLEANUP CALL SITE	ElapsedMs=78277.403 | Source=It_2H_Sword_Flamberge | SourceAddress=E70E8610 | RequestedGroup=5 | BeforeGroup=7 | AfterGroup=5
17680	17709	OUTER_FRAME CLEANUP	ElapsedMs=78277.424 | Actor=PC_Hero | Source=It_2H_Sword_Flamberge | SourceAddress=E70E8610 | RequestedGroup=5 | BeforeGroup=7 | AfterGroup=5 | CurrentAction=14 | CurrentStateTime=1.452845
17710	17723	C1-O2 OUTER BINDING	ElapsedMs=78277.453 | Event=COMBAT_MOVE_REUSED | Actor=PC_Hero | Generation=16 | Status=PERSISTED | PhysicalCollisionChanged=0
17724	17748	OUTER_FRAME COMBAT_MOVE_INITIAL	ElapsedMs=78277.464 | Actor=PC_Hero | CurrentAction=14 | CurrentStateTime=1.452845
17749	17773	PRIMARYFIRST StopMotion	ElapsedMs=78277.496
17774	17804	EMPTY-PRIMARY SUCCESSOR STACK	ElapsedMs=78277.519 | Actor=PC_Hero
17805	17829	PRIMARYFIRST PlayMotion	ElapsedMs=78277.518
17830	17869	AISETSTATE CALLSITE	ElapsedMs=79158.343 | Actor=PC_Hero | CurrentAction=14 | CurrentAniPhase=3 | CurrentStateTime=2.336785 | CurrentMovementAni=Hero_Parade_None_2H_P1_FinishingAttack_Recover_N_Fwd_00_%_00_P0_0.xmot
17870	17894	OUTER_FRAME AI_SET_STATE_BEFORE	ElapsedMs=79158.410 | Actor=PC_Hero | CurrentAction=14 | CurrentStateTime=2.336785
17895	17917	C1 FINALIZATION	ElapsedMs=79158.433 | Reason=AISETSTATE_AFTER_ORIGINAL | Actor=PC_Hero | Generation=16 | Status=PERSISTED | PhysicalCollisionChanged=0
17918	17942	OUTER_FRAME AI_SET_STATE_AFTER	ElapsedMs=79158.453 | Actor=PC_Hero | CurrentAction=14 | CurrentStateTime=0.000000
17943	17969	EMPTY-PRIMARY SUCCESSOR STACK	ElapsedMs=79168.413 | Actor=PC_Hero
17970	17994	PRIMARYFIRST PlayMotion	ElapsedMs=79168.411
17995	18034	AISETSTATE CALLSITE	ElapsedMs=79464.470 | Actor=PC_Hero | CurrentAction=0 | CurrentAniPhase=5 | CurrentStateTime=0.294933 | CurrentMovementAni=Hero_Stand_None_2H_P0_Ambient_Loop_N_Fwd_00_%_00_P0_0.xmot
18035	18059	OUTER_FRAME AI_SET_STATE_BEFORE	ElapsedMs=79464.538 | Actor=PC_Hero | CurrentAction=0 | CurrentStateTime=0.294933
18060	18084	OUTER_FRAME AI_SET_STATE_AFTER	ElapsedMs=79464.566 | Actor=PC_Hero | CurrentAction=0 | CurrentStateTime=0.000000
18085	18124	AISETSTATE CALLSITE	ElapsedMs=79474.349 | Actor=PC_Hero | CurrentAction=0 | CurrentAniPhase=5 | CurrentStateTime=0.000000 | CurrentMovementAni=Hero_Stand_None_2H_P0_Ambient_Loop_N_Fwd_00_%_00_P0_0.xmot
18125	18149	OUTER_FRAME AI_SET_STATE_BEFORE	ElapsedMs=79474.419 | Actor=PC_Hero | CurrentAction=0 | CurrentStateTime=0.000000
18150	18174	OUTER_FRAME AI_SET_STATE_AFTER	ElapsedMs=79474.440 | Actor=PC_Hero | CurrentAction=0 | CurrentStateTime=0.000000
18175	18201	EMPTY-PRIMARY SUCCESSOR STACK	ElapsedMs=79484.828 | Actor=PC_Hero
18202	18226	PRIMARYFIRST PlayMotion	ElapsedMs=79484.826
18227	18266	AISETSTATE CALLSITE	ElapsedMs=79987.238 | Actor=PC_Hero | CurrentAction=0 | CurrentAniPhase=5 | CurrentStateTime=0.501962 | CurrentMovementAni=Hero_Parade_None_2H_P0_Ambient_Loop_N_Fwd_00_%_00_P0_0.xmot
18267	18291	OUTER_FRAME AI_SET_STATE_BEFORE	ElapsedMs=79987.305 | Actor=PC_Hero | CurrentAction=0 | CurrentStateTime=0.501962
18292	18316	OUTER_FRAME AI_SET_STATE_AFTER	ElapsedMs=79987.327 | Actor=PC_Hero | CurrentAction=0 | CurrentStateTime=0.000000
18317	18333	C1 LIFECYCLE START	ElapsedMs=79996.533 | Actor=PC_Hero | Generation=17 | Status=CANDIDATE | PhysicalCollisionChanged=0
18334	18347	C1-O2 OUTER BINDING	ElapsedMs=79996.573 | Event=COMBAT_MOVE_CANDIDATE_BOUND | Actor=PC_Hero | Generation=17 | Status=CANDIDATE | PhysicalCollisionChanged=0
18348	18372	OUTER_FRAME COMBAT_MOVE_INITIAL	ElapsedMs=79996.587 | Actor=PC_Hero | CurrentAction=10 | CurrentStateTime=0.000000
18373	18397	PRIMARYFIRST StopMotion	ElapsedMs=79996.622
18398	18429	EMPTY-PRIMARY SUCCESSOR STACK	ElapsedMs=79996.645 | Actor=PC_Hero
18430	18454	PRIMARYFIRST PlayMotion	ElapsedMs=79996.644
18455	18465	C1 LIFECYCLE STATUS	ElapsedMs=79996.730 | Event=PERSISTED | Actor=PC_Hero | Generation=17 | Status=PERSISTED | PhysicalCollisionChanged=0
18466	18490	MARKER OWNERSHIP DECISION	ElapsedMs=79996.753 | Actor=PC_Hero | CurrentMovementAni=Hero_Parade_None_2H_P0_WhirlAttack_Hit_N_Fwd_00_%_00_P0_150_R.xmot
18491	18507	C1 OFFENSE REQUEST	ElapsedMs=80248.940 | Actor=PC_Hero | Generation=17 | Status=PERSISTED | Source=It_2H_Sword_Flamberge | SourceAddress=E70E8610 | ActualGroup=7 | PhysicalCollisionChanged=0
18508	18534	ENGINE SetCollisionGroup	ElapsedMs=80248.987 | RequestedGroup=7 | BeforeGroup=5 | AfterGroup=7 | PlayerAction=10 | PlayerAniPhase=1 | PlayerStateTime=0.251990 | PlayerCurrentMovementAni=Hero_Parade_None_2H_P0_WhirlAttack_Hit_N_Fwd_00_%_00_P0_150_R.xmot
18535	18564	OUTER_FRAME OFFENSE	ElapsedMs=80249.024 | Actor=PC_Hero | Source=It_2H_Sword_Flamberge | SourceAddress=E70E8610 | RequestedGroup=7 | BeforeGroup=5 | AfterGroup=7 | CurrentAction=10 | CurrentStateTime=0.251990
18565	18587	COMBATMOVE STARTRECOVER BEGIN	ElapsedMs=80802.105 | Actor=PC_Hero | CurrentAction=10 | CurrentAniPhase=1 | CurrentMovementAni=Hero_Parade_None_2H_P0_WhirlAttack_Hit_N_Fwd_00_%_00_P0_150_R.xmot
18588	18611	HIT STARTRECOVER BEGIN STACK	ElapsedMs=80802.156 | Actor=PC_Hero | CurrentAction=10 | CurrentAniPhase=1 | CurrentStateTime=0.804960 | CurrentMovementAni=Hero_Parade_None_2H_P0_WhirlAttack_Hit_N_Fwd_00_%_00_P0_150_R.xmot
18612	18636	PRIMARYFIRST StopMotion	ElapsedMs=80802.438
18637	18663	EMPTY-PRIMARY SUCCESSOR STACK	ElapsedMs=80802.467 | Actor=PC_Hero
18664	18688	PRIMARYFIRST PlayMotion	ElapsedMs=80802.466
18689	18711	COMBATMOVE STARTRECOVER END	ElapsedMs=80802.529 | Actor=PC_Hero | CurrentAction=10 | CurrentAniPhase=3 | CurrentMovementAni=Hero_Parade_None_2H_P0_WhirlAttack_Hit_N_Fwd_00_%_00_P0_150_R.xmot
18712	18728	C1 CLEANUP FULFILLED	ElapsedMs=80802.587 | Actor=PC_Hero | Generation=17 | Status=PERSISTED | Source=It_2H_Sword_Flamberge | SourceAddress=E70E8610 | ActualGroup=5 | PhysicalCollisionChanged=0
18729	18755	ENGINE SetCollisionGroup	ElapsedMs=80802.601 | RequestedGroup=5 | BeforeGroup=7 | AfterGroup=5 | PlayerAction=10 | PlayerAniPhase=3 | PlayerStateTime=0.804960 | PlayerCurrentMovementAni=Hero_Parade_None_2H_P0_WhirlAttack_Hit_N_Fwd_00_%_00_P0_150_R.xmot
18756	18775	NATIVE CLEANUP CALL SITE	ElapsedMs=80802.619 | Source=It_2H_Sword_Flamberge | SourceAddress=E70E8610 | RequestedGroup=5 | BeforeGroup=7 | AfterGroup=5
18776	18805	OUTER_FRAME CLEANUP	ElapsedMs=80802.640 | Actor=PC_Hero | Source=It_2H_Sword_Flamberge | SourceAddress=E70E8610 | RequestedGroup=5 | BeforeGroup=7 | AfterGroup=5 | CurrentAction=10 | CurrentStateTime=0.804960
18806	18845	AISETSTATE CALLSITE	ElapsedMs=80802.667 | Actor=PC_Hero | CurrentAction=10 | CurrentAniPhase=3 | CurrentStateTime=0.804960 | CurrentMovementAni=Hero_Parade_None_2H_P0_WhirlAttack_Hit_N_Fwd_00_%_00_P0_150_R.xmot
18846	18870	OUTER_FRAME AI_SET_STATE_BEFORE	ElapsedMs=80802.702 | Actor=PC_Hero | CurrentAction=10 | CurrentStateTime=0.804960
18871	18893	C1 FINALIZATION	ElapsedMs=80802.724 | Reason=AISETSTATE_AFTER_ORIGINAL | Actor=PC_Hero | Generation=17 | Status=PERSISTED | PhysicalCollisionChanged=0
18894	18918	OUTER_FRAME AI_SET_STATE_AFTER	ElapsedMs=80802.743 | Actor=PC_Hero | CurrentAction=10 | CurrentStateTime=0.000000
18919	18945	EMPTY-PRIMARY SUCCESSOR STACK	ElapsedMs=81780.102 | Actor=PC_Hero
18946	18970	PRIMARYFIRST PlayMotion	ElapsedMs=81780.100
18971	19010	AISETSTATE CALLSITE	ElapsedMs=81888.967 | Actor=PC_Hero | CurrentAction=0 | CurrentAniPhase=5 | CurrentStateTime=1.075906 | CurrentMovementAni=Hero_Stand_None_2H_P0_Ambient_Loop_N_Fwd_00_%_00_P0_0.xmot
19011	19035	OUTER_FRAME AI_SET_STATE_BEFORE	ElapsedMs=81889.040 | Actor=PC_Hero | CurrentAction=0 | CurrentStateTime=1.075906
19036	19060	OUTER_FRAME AI_SET_STATE_AFTER	ElapsedMs=81889.065 | Actor=PC_Hero | CurrentAction=0 | CurrentStateTime=0.000000
19061	19100	AISETSTATE CALLSITE	ElapsedMs=81898.753 | Actor=PC_Hero | CurrentAction=0 | CurrentAniPhase=5 | CurrentStateTime=0.000000 | CurrentMovementAni=Hero_Stand_None_2H_P0_Ambient_Loop_N_Fwd_00_%_00_P0_0.xmot
19101	19125	OUTER_FRAME AI_SET_STATE_BEFORE	ElapsedMs=81898.820 | Actor=PC_Hero | CurrentAction=0 | CurrentStateTime=0.000000
19126	19150	OUTER_FRAME AI_SET_STATE_AFTER	ElapsedMs=81898.842 | Actor=PC_Hero | CurrentAction=0 | CurrentStateTime=0.000000
19151	19177	EMPTY-PRIMARY SUCCESSOR STACK	ElapsedMs=81908.754 | Actor=PC_Hero
19178	19202	PRIMARYFIRST PlayMotion	ElapsedMs=81908.752
19203	19242	AISETSTATE CALLSITE	ElapsedMs=83832.600 | Actor=PC_Hero | CurrentAction=0 | CurrentAniPhase=5 | CurrentStateTime=1.923767 | CurrentMovementAni=Hero_Parade_None_2H_P0_Ambient_Loop_N_Fwd_00_%_00_P0_0.xmot
19243	19267	OUTER_FRAME AI_SET_STATE_BEFORE	ElapsedMs=83832.671 | Actor=PC_Hero | CurrentAction=0 | CurrentStateTime=1.923767
19268	19292	OUTER_FRAME AI_SET_STATE_AFTER	ElapsedMs=83832.695 | Actor=PC_Hero | CurrentAction=0 | CurrentStateTime=0.000000
19293	19336	AIFULLSTOP CALLSITE	ElapsedMs=83838.865 | Actor=PC_Hero | CurrentAction=0 | CurrentAniPhase=5 | CurrentStateTime=0.000000 | CurrentMovementAni=Hero_Parade_None_2H_P0_Ambient_Loop_N_Fwd_00_%_00_P0_0.xmot
19337	19377	AISETSTATE CALLSITE	ElapsedMs=83838.943 | Actor=PC_Hero | CurrentAction=0 | CurrentAniPhase=5 | CurrentStateTime=0.000000 | CurrentMovementAni=Hero_Parade_None_2H_P0_Ambient_Loop_N_Fwd_00_%_00_P0_0.xmot
19378	19402	OUTER_FRAME AI_SET_STATE_BEFORE	ElapsedMs=83838.997 | Actor=PC_Hero | CurrentAction=0 | CurrentStateTime=0.000000
19403	19427	OUTER_FRAME AI_SET_STATE_AFTER	ElapsedMs=83839.022 | Actor=PC_Hero | CurrentAction=0 | CurrentStateTime=0.000000
19428	19444	C1 LIFECYCLE START	ElapsedMs=83844.096 | Actor=PC_Hero | Generation=18 | Status=CANDIDATE | PhysicalCollisionChanged=0
19445	19458	C1-O2 OUTER BINDING	ElapsedMs=83844.126 | Event=COMBAT_MOVE_CANDIDATE_BOUND | Actor=PC_Hero | Generation=18 | Status=CANDIDATE | PhysicalCollisionChanged=0
19459	19483	OUTER_FRAME COMBAT_MOVE_INITIAL	ElapsedMs=83844.138 | Actor=PC_Hero | CurrentAction=10 | CurrentStateTime=0.000000
19484	19508	PRIMARYFIRST StopMotion	ElapsedMs=83844.178
19509	19540	EMPTY-PRIMARY SUCCESSOR STACK	ElapsedMs=83844.203 | Actor=PC_Hero
19541	19565	PRIMARYFIRST PlayMotion	ElapsedMs=83844.202
19566	19576	C1 LIFECYCLE STATUS	ElapsedMs=83844.299 | Event=PERSISTED | Actor=PC_Hero | Generation=18 | Status=PERSISTED | PhysicalCollisionChanged=0
19577	19593	C1 OFFENSE REQUEST	ElapsedMs=84102.793 | Actor=PC_Hero | Generation=18 | Status=PERSISTED | Source=It_2H_Sword_Flamberge | SourceAddress=E70E8610 | ActualGroup=7 | PhysicalCollisionChanged=0
19594	19620	ENGINE SetCollisionGroup	ElapsedMs=84102.826 | RequestedGroup=7 | BeforeGroup=5 | AfterGroup=7 | PlayerAction=10 | PlayerAniPhase=1 | PlayerStateTime=0.260970 | PlayerCurrentMovementAni=Hero_Parade_None_2H_P0_WhirlAttack_Hit_N_Fwd_00_%_00_P0_150_R.xmot
19621	19650	OUTER_FRAME OFFENSE	ElapsedMs=84102.850 | Actor=PC_Hero | Source=It_2H_Sword_Flamberge | SourceAddress=E70E8610 | RequestedGroup=7 | BeforeGroup=5 | AfterGroup=7 | CurrentAction=10 | CurrentStateTime=0.260970
19651	19694	AIFULLSTOP CALLSITE	ElapsedMs=84334.747 | Actor=PC_Hero | CurrentAction=10 | CurrentAniPhase=1 | CurrentStateTime=0.492948 | CurrentMovementAni=Hero_Parade_None_2H_P0_WhirlAttack_Hit_N_Fwd_00_%_00_P0_150_R.xmot
19695	19731	COMBATMOVE FULLSTOP STACK	ElapsedMs=84334.829 | Actor=PC_Hero | CurrentAction=10 | CurrentAniPhase=1 | CurrentStateTime=0.492948 | CurrentMovementAni=Hero_Parade_None_2H_P0_WhirlAttack_Hit_N_Fwd_00_%_00_P0_150_R.xmot
19732	19772	AISETSTATE CALLSITE	ElapsedMs=84334.986 | Actor=PC_Hero | CurrentAction=10 | CurrentAniPhase=1 | CurrentStateTime=0.492948 | CurrentMovementAni=Hero_Parade_None_2H_P0_WhirlAttack_Hit_N_Fwd_00_%_00_P0_150_R.xmot
19773	19797	OUTER_FRAME AI_SET_STATE_BEFORE	ElapsedMs=84335.054 | Actor=PC_Hero | CurrentAction=10 | CurrentStateTime=0.492948
19798	19820	C1 FINALIZATION	ElapsedMs=84335.079 | Reason=AISETSTATE_AFTER_ORIGINAL | Actor=PC_Hero | Generation=18 | Status=PERSISTED | PhysicalCollisionChanged=0
19821	19845	OUTER_FRAME AI_SET_STATE_AFTER	ElapsedMs=84335.115 | Actor=PC_Hero | CurrentAction=10 | CurrentStateTime=0.000000
19846	19872	EMPTY-PRIMARY SUCCESSOR STACK	ElapsedMs=84647.289 | Actor=PC_Hero
19873	19897	PRIMARYFIRST PlayMotion	ElapsedMs=84647.287
19898	19922	PRIMARYFIRST StopMotion	ElapsedMs=87091.582
19923	19949	EMPTY-PRIMARY SUCCESSOR STACK	ElapsedMs=87091.623 | Actor=PC_Hero
19950	19974	PRIMARYFIRST PlayMotion	ElapsedMs=87091.622
19975	20001	ENGINE SetCollisionGroup	ElapsedMs=87490.415 | RequestedGroup=6 | BeforeGroup=7 | AfterGroup=6 | PlayerAction=68 | PlayerAniPhase=6 | PlayerStateTime=0.400959 | PlayerCurrentMovementAni=Hero_Stand_None_2H_P0_HoldRight_End_N_Fwd_00_%_00_P0_0.xmot
20002	20031	OUTER_FRAME CLEANUP	ElapsedMs=87490.461 | Actor=PC_Hero | Source=It_2H_Sword_Flamberge | SourceAddress=E70E8610 | RequestedGroup=6 | BeforeGroup=7 | AfterGroup=6 | CurrentAction=68 | CurrentStateTime=0.400959
20032	20056	PRIMARYFIRST StopMotion	ElapsedMs=87490.635
20057	20083	EMPTY-PRIMARY SUCCESSOR STACK	ElapsedMs=87490.665 | Actor=PC_Hero
20084	20108	PRIMARYFIRST PlayMotion	ElapsedMs=87490.664
20109	20148	AISETSTATE CALLSITE	ElapsedMs=87850.077 | Actor=PC_Hero | CurrentAction=68 | CurrentAniPhase=4 | CurrentStateTime=0.762949 | CurrentMovementAni=Hero_Stand_None_2H_P0_HoldRight_Begin_N_Fwd_00_%_00_P0_0.xmot
20149	20173	OUTER_FRAME AI_SET_STATE_BEFORE	ElapsedMs=87850.145 | Actor=PC_Hero | CurrentAction=68 | CurrentStateTime=0.762949
20174	20198	OUTER_FRAME AI_SET_STATE_AFTER	ElapsedMs=87850.166 | Actor=PC_Hero | CurrentAction=68 | CurrentStateTime=0.000000
20199	20223	PRIMARYFIRST StopMotion	ElapsedMs=87967.444
20224	20250	EMPTY-PRIMARY SUCCESSOR STACK	ElapsedMs=87967.488 | Actor=PC_Hero
20251	20275	PRIMARYFIRST PlayMotion	ElapsedMs=87967.487
20276	20300	PRIMARYFIRST StopMotion	ElapsedMs=88293.253
20301	20327	EMPTY-PRIMARY SUCCESSOR STACK	ElapsedMs=88293.297 | Actor=PC_Hero
20328	20352	PRIMARYFIRST PlayMotion	ElapsedMs=88293.296
20353	20392	AISETSTATE CALLSITE	ElapsedMs=88663.714 | Actor=PC_Hero | CurrentAction=68 | CurrentAniPhase=6 | CurrentStateTime=0.770196 | CurrentMovementAni=Hero_Stand_None_2H_P0_HoldRight_End_N_Fwd_00_%_00_P0_0.xmot
20393	20417	OUTER_FRAME AI_SET_STATE_BEFORE	ElapsedMs=88663.786 | Actor=PC_Hero | CurrentAction=68 | CurrentStateTime=0.770196
20418	20442	OUTER_FRAME AI_SET_STATE_AFTER	ElapsedMs=88663.807 | Actor=PC_Hero | CurrentAction=68 | CurrentStateTime=0.000000
20443	20467	PRIMARYFIRST StopMotion	ElapsedMs=89582.928
20468	20494	EMPTY-PRIMARY SUCCESSOR STACK	ElapsedMs=89582.978 | Actor=PC_Hero
20495	20519	PRIMARYFIRST PlayMotion	ElapsedMs=89582.976
20520	20544	PRIMARYFIRST StopMotion	ElapsedMs=89955.548
20545	20571	EMPTY-PRIMARY SUCCESSOR STACK	ElapsedMs=89955.592 | Actor=PC_Hero
20572	20596	PRIMARYFIRST PlayMotion	ElapsedMs=89955.592
20597	20621	PRIMARYFIRST StopMotion	ElapsedMs=90290.372
20622	20648	EMPTY-PRIMARY SUCCESSOR STACK	ElapsedMs=90290.413 | Actor=PC_Hero
20649	20673	PRIMARYFIRST PlayMotion	ElapsedMs=90290.412
20674	20698	PRIMARYFIRST StopMotion	ElapsedMs=90626.243
20699	20725	EMPTY-PRIMARY SUCCESSOR STACK	ElapsedMs=90626.283 | Actor=PC_Hero
20726	20750	PRIMARYFIRST PlayMotion	ElapsedMs=90626.282
20751	20790	AISETSTATE CALLSITE	ElapsedMs=90998.631 | Actor=PC_Hero | CurrentAction=68 | CurrentAniPhase=6 | CurrentStateTime=1.539558 | CurrentMovementAni=Hero_Stand_None_Staff_P0_HoldRight_End_N_Fwd_00_%_00_P0_0.xmot
20791	20815	OUTER_FRAME AI_SET_STATE_BEFORE	ElapsedMs=90998.728 | Actor=PC_Hero | CurrentAction=68 | CurrentStateTime=1.539558
20816	20840	OUTER_FRAME AI_SET_STATE_AFTER	ElapsedMs=90998.750 | Actor=PC_Hero | CurrentAction=68 | CurrentStateTime=0.000000
20841	20880	AISETSTATE CALLSITE	ElapsedMs=91232.839 | Actor=PC_Hero | CurrentAction=0 | CurrentAniPhase=6 | CurrentStateTime=0.223981 | CurrentMovementAni=Hero_Stand_None_Staff_P0_HoldRight_End_N_Fwd_00_%_00_P0_0.xmot
20881	20905	OUTER_FRAME AI_SET_STATE_BEFORE	ElapsedMs=91232.912 | Actor=PC_Hero | CurrentAction=0 | CurrentStateTime=0.223981
20906	20930	OUTER_FRAME AI_SET_STATE_AFTER	ElapsedMs=91232.936 | Actor=PC_Hero | CurrentAction=0 | CurrentStateTime=0.000000
20931	20947	C1 LIFECYCLE START	ElapsedMs=91242.971 | Actor=PC_Hero | Generation=19 | Status=CANDIDATE | PhysicalCollisionChanged=0
20948	20961	C1-O2 OUTER BINDING	ElapsedMs=91243.006 | Event=COMBAT_MOVE_CANDIDATE_BOUND | Actor=PC_Hero | Generation=19 | Status=CANDIDATE | PhysicalCollisionChanged=0
20962	20986	OUTER_FRAME COMBAT_MOVE_INITIAL	ElapsedMs=91243.018 | Actor=PC_Hero | CurrentAction=1 | CurrentStateTime=0.000000
20987	21011	PRIMARYFIRST StopMotion	ElapsedMs=91243.308
21012	21043	EMPTY-PRIMARY SUCCESSOR STACK	ElapsedMs=91243.337 | Actor=PC_Hero
21044	21068	PRIMARYFIRST PlayMotion	ElapsedMs=91243.336
21069	21079	C1 LIFECYCLE STATUS	ElapsedMs=91243.433 | Event=PERSISTED | Actor=PC_Hero | Generation=19 | Status=PERSISTED | PhysicalCollisionChanged=0
21080	21104	MARKER OWNERSHIP DECISION	ElapsedMs=91243.450 | Actor=PC_Hero | CurrentMovementAni=Hero_Stand_None_Staff_P0_Attack_Hit_N_Fwd_00_%_00_P1_90_R.xmot
21105	21121	C1 OFFENSE REQUEST	ElapsedMs=91500.835 | Actor=PC_Hero | Generation=19 | Status=PERSISTED | Source=Wrestling Staff_BBM | SourceAddress=E27B3010 | ActualGroup=7 | PhysicalCollisionChanged=0
21122	21148	ENGINE SetCollisionGroup	ElapsedMs=91500.869 | RequestedGroup=7 | BeforeGroup=5 | AfterGroup=7 | PlayerAction=1 | PlayerAniPhase=1 | PlayerStateTime=0.257985 | PlayerCurrentMovementAni=Hero_Stand_None_Staff_P0_Attack_Hit_N_Fwd_00_%_00_P1_90_R.xmot
21149	21178	OUTER_FRAME OFFENSE	ElapsedMs=91500.897 | Actor=PC_Hero | Source=Wrestling Staff_BBM | SourceAddress=E27B3010 | RequestedGroup=7 | BeforeGroup=5 | AfterGroup=7 | CurrentAction=1 | CurrentStateTime=0.257985
21179	21201	COMBATMOVE STARTRECOVER BEGIN	ElapsedMs=91990.363 | Actor=PC_Hero | CurrentAction=1 | CurrentAniPhase=1 | CurrentMovementAni=Hero_Stand_None_Staff_P0_Attack_Hit_N_Fwd_00_%_00_P1_90_R.xmot
21202	21225	HIT STARTRECOVER BEGIN STACK	ElapsedMs=91990.412 | Actor=PC_Hero | CurrentAction=1 | CurrentAniPhase=1 | CurrentStateTime=0.744960 | CurrentMovementAni=Hero_Stand_None_Staff_P0_Attack_Hit_N_Fwd_00_%_00_P1_90_R.xmot
21226	21250	PRIMARYFIRST StopMotion	ElapsedMs=91990.781
21251	21277	EMPTY-PRIMARY SUCCESSOR STACK	ElapsedMs=91990.811 | Actor=PC_Hero
21278	21302	PRIMARYFIRST PlayMotion	ElapsedMs=91990.810
21303	21325	COMBATMOVE STARTRECOVER END	ElapsedMs=91990.927 | Actor=PC_Hero | CurrentAction=1 | CurrentAniPhase=3 | CurrentMovementAni=Hero_Stand_None_Staff_P0_Attack_Hit_N_Fwd_00_%_00_P1_90_R.xmot
21326	21342	C1 CLEANUP FULFILLED	ElapsedMs=91990.989 | Actor=PC_Hero | Generation=19 | Status=PERSISTED | Source=Wrestling Staff_BBM | SourceAddress=E27B3010 | ActualGroup=5 | PhysicalCollisionChanged=0
21343	21369	ENGINE SetCollisionGroup	ElapsedMs=91991.004 | RequestedGroup=5 | BeforeGroup=7 | AfterGroup=5 | PlayerAction=1 | PlayerAniPhase=3 | PlayerStateTime=0.744960 | PlayerCurrentMovementAni=Hero_Stand_None_Staff_P0_Attack_Hit_N_Fwd_00_%_00_P1_90_R.xmot
21370	21389	NATIVE CLEANUP CALL SITE	ElapsedMs=91991.023 | Source=Wrestling Staff_BBM | SourceAddress=E27B3010 | RequestedGroup=5 | BeforeGroup=7 | AfterGroup=5
21390	21419	OUTER_FRAME CLEANUP	ElapsedMs=91991.043 | Actor=PC_Hero | Source=Wrestling Staff_BBM | SourceAddress=E27B3010 | RequestedGroup=5 | BeforeGroup=7 | AfterGroup=5 | CurrentAction=1 | CurrentStateTime=0.744960
21420	21459	AISETSTATE CALLSITE	ElapsedMs=91991.100 | Actor=PC_Hero | CurrentAction=1 | CurrentAniPhase=3 | CurrentStateTime=0.744960 | CurrentMovementAni=Hero_Stand_None_Staff_P0_Attack_Hit_N_Fwd_00_%_00_P1_90_R.xmot
21460	21484	OUTER_FRAME AI_SET_STATE_BEFORE	ElapsedMs=91991.141 | Actor=PC_Hero | CurrentAction=1 | CurrentStateTime=0.744960
21485	21507	C1 FINALIZATION	ElapsedMs=91991.163 | Reason=AISETSTATE_AFTER_ORIGINAL | Actor=PC_Hero | Generation=19 | Status=PERSISTED | PhysicalCollisionChanged=0
21508	21532	OUTER_FRAME AI_SET_STATE_AFTER	ElapsedMs=91991.183 | Actor=PC_Hero | CurrentAction=1 | CurrentStateTime=0.000000
21533	21572	AISETSTATE CALLSITE	ElapsedMs=92100.520 | Actor=PC_Hero | CurrentAction=0 | CurrentAniPhase=3 | CurrentStateTime=0.099004 | CurrentMovementAni=Hero_Stand_None_Staff_P1_Attack_Recover_N_Fwd_00_%_00_P1_0_R.xmot
21573	21597	OUTER_FRAME AI_SET_STATE_BEFORE	ElapsedMs=92100.593 | Actor=PC_Hero | CurrentAction=0 | CurrentStateTime=0.099004
21598	21622	OUTER_FRAME AI_SET_STATE_AFTER	ElapsedMs=92100.617 | Actor=PC_Hero | CurrentAction=0 | CurrentStateTime=0.000000
21623	21639	C1 LIFECYCLE START	ElapsedMs=92110.545 | Actor=PC_Hero | Generation=20 | Status=CANDIDATE | PhysicalCollisionChanged=0
21640	21653	C1-O2 OUTER BINDING	ElapsedMs=92110.580 | Event=COMBAT_MOVE_CANDIDATE_BOUND | Actor=PC_Hero | Generation=20 | Status=CANDIDATE | PhysicalCollisionChanged=0
21654	21678	OUTER_FRAME COMBAT_MOVE_INITIAL	ElapsedMs=92110.591 | Actor=PC_Hero | CurrentAction=1 | CurrentStateTime=0.000000
21679	21703	PRIMARYFIRST StopMotion	ElapsedMs=92110.830
21704	21735	EMPTY-PRIMARY SUCCESSOR STACK	ElapsedMs=92110.858 | Actor=PC_Hero
21736	21760	PRIMARYFIRST PlayMotion	ElapsedMs=92110.856
21761	21771	C1 LIFECYCLE STATUS	ElapsedMs=92110.954 | Event=PERSISTED | Actor=PC_Hero | Generation=20 | Status=PERSISTED | PhysicalCollisionChanged=0
21772	21796	MARKER OWNERSHIP DECISION	ElapsedMs=92110.972 | Actor=PC_Hero | CurrentMovementAni=Hero_Stand_None_Staff_P1_Attack_Hit_N_Fwd_00_%_00_P0_90_L.xmot
21797	21813	C1 OFFENSE REQUEST	ElapsedMs=92364.701 | Actor=PC_Hero | Generation=20 | Status=PERSISTED | Source=Wrestling Staff_BBM | SourceAddress=E27B3010 | ActualGroup=7 | PhysicalCollisionChanged=0
21814	21840	ENGINE SetCollisionGroup	ElapsedMs=92364.734 | RequestedGroup=7 | BeforeGroup=5 | AfterGroup=7 | PlayerAction=1 | PlayerAniPhase=1 | PlayerStateTime=0.254006 | PlayerCurrentMovementAni=Hero_Stand_None_Staff_P1_Attack_Hit_N_Fwd_00_%_00_P0_90_L.xmot
21841	21870	OUTER_FRAME OFFENSE	ElapsedMs=92364.761 | Actor=PC_Hero | Source=Wrestling Staff_BBM | SourceAddress=E27B3010 | RequestedGroup=7 | BeforeGroup=5 | AfterGroup=7 | CurrentAction=1 | CurrentStateTime=0.254006
21871	21893	COMBATMOVE STARTRECOVER BEGIN	ElapsedMs=92691.097 | Actor=PC_Hero | CurrentAction=1 | CurrentAniPhase=1 | CurrentMovementAni=Hero_Stand_None_Staff_P1_Attack_Hit_N_Fwd_00_%_00_P0_90_L.xmot
21894	21917	HIT STARTRECOVER BEGIN STACK	ElapsedMs=92691.147 | Actor=PC_Hero | CurrentAction=1 | CurrentAniPhase=1 | CurrentStateTime=0.580972 | CurrentMovementAni=Hero_Stand_None_Staff_P1_Attack_Hit_N_Fwd_00_%_00_P0_90_L.xmot
21918	21942	PRIMARYFIRST StopMotion	ElapsedMs=92691.425
21943	21969	EMPTY-PRIMARY SUCCESSOR STACK	ElapsedMs=92691.455 | Actor=PC_Hero
21970	21994	PRIMARYFIRST PlayMotion	ElapsedMs=92691.454
21995	22017	COMBATMOVE STARTRECOVER END	ElapsedMs=92691.523 | Actor=PC_Hero | CurrentAction=1 | CurrentAniPhase=3 | CurrentMovementAni=Hero_Stand_None_Staff_P1_Attack_Hit_N_Fwd_00_%_00_P0_90_L.xmot
22018	22034	C1 CLEANUP FULFILLED	ElapsedMs=92691.580 | Actor=PC_Hero | Generation=20 | Status=PERSISTED | Source=Wrestling Staff_BBM | SourceAddress=E27B3010 | ActualGroup=5 | PhysicalCollisionChanged=0
22035	22061	ENGINE SetCollisionGroup	ElapsedMs=92691.594 | RequestedGroup=5 | BeforeGroup=7 | AfterGroup=5 | PlayerAction=1 | PlayerAniPhase=3 | PlayerStateTime=0.580972 | PlayerCurrentMovementAni=Hero_Stand_None_Staff_P1_Attack_Hit_N_Fwd_00_%_00_P0_90_L.xmot
22062	22081	NATIVE CLEANUP CALL SITE	ElapsedMs=92691.612 | Source=Wrestling Staff_BBM | SourceAddress=E27B3010 | RequestedGroup=5 | BeforeGroup=7 | AfterGroup=5
22082	22111	OUTER_FRAME CLEANUP	ElapsedMs=92691.631 | Actor=PC_Hero | Source=Wrestling Staff_BBM | SourceAddress=E27B3010 | RequestedGroup=5 | BeforeGroup=7 | AfterGroup=5 | CurrentAction=1 | CurrentStateTime=0.580972
22112	22151	AISETSTATE CALLSITE	ElapsedMs=92691.658 | Actor=PC_Hero | CurrentAction=1 | CurrentAniPhase=3 | CurrentStateTime=0.580972 | CurrentMovementAni=Hero_Stand_None_Staff_P1_Attack_Hit_N_Fwd_00_%_00_P0_90_L.xmot
22152	22176	OUTER_FRAME AI_SET_STATE_BEFORE	ElapsedMs=92691.694 | Actor=PC_Hero | CurrentAction=1 | CurrentStateTime=0.580972
22177	22199	C1 FINALIZATION	ElapsedMs=92691.714 | Reason=AISETSTATE_AFTER_ORIGINAL | Actor=PC_Hero | Generation=20 | Status=PERSISTED | PhysicalCollisionChanged=0
22200	22224	OUTER_FRAME AI_SET_STATE_AFTER	ElapsedMs=92691.732 | Actor=PC_Hero | CurrentAction=1 | CurrentStateTime=0.000000
22225	22264	AISETSTATE CALLSITE	ElapsedMs=92778.195 | Actor=PC_Hero | CurrentAction=0 | CurrentAniPhase=3 | CurrentStateTime=0.076994 | CurrentMovementAni=Hero_Stand_None_Staff_P0_Attack_Recover_N_Fwd_00_%_00_P0_0_L.xmot
22265	22289	OUTER_FRAME AI_SET_STATE_BEFORE	ElapsedMs=92778.269 | Actor=PC_Hero | CurrentAction=0 | CurrentStateTime=0.076994
22290	22314	OUTER_FRAME AI_SET_STATE_AFTER	ElapsedMs=92778.295 | Actor=PC_Hero | CurrentAction=0 | CurrentStateTime=0.000000
22315	22354	AISETSTATE CALLSITE	ElapsedMs=92787.565 | Actor=PC_Hero | CurrentAction=0 | CurrentAniPhase=3 | CurrentStateTime=0.000000 | CurrentMovementAni=Hero_Stand_None_Staff_P0_Attack_Recover_N_Fwd_00_%_00_P0_0_L.xmot
22355	22379	OUTER_FRAME AI_SET_STATE_BEFORE	ElapsedMs=92787.630 | Actor=PC_Hero | CurrentAction=0 | CurrentStateTime=0.000000
22380	22404	OUTER_FRAME AI_SET_STATE_AFTER	ElapsedMs=92787.651 | Actor=PC_Hero | CurrentAction=0 | CurrentStateTime=0.000000
22405	22444	AISETSTATE CALLSITE	ElapsedMs=92834.797 | Actor=PC_Hero | CurrentAction=0 | CurrentAniPhase=3 | CurrentStateTime=0.036999 | CurrentMovementAni=Hero_Stand_None_Staff_P0_Attack_Recover_N_Fwd_00_%_00_P0_0_L.xmot
22445	22469	OUTER_FRAME AI_SET_STATE_BEFORE	ElapsedMs=92834.868 | Actor=PC_Hero | CurrentAction=0 | CurrentStateTime=0.036999
22470	22494	OUTER_FRAME AI_SET_STATE_AFTER	ElapsedMs=92834.891 | Actor=PC_Hero | CurrentAction=0 | CurrentStateTime=0.000000
22495	22511	C1 LIFECYCLE START	ElapsedMs=92849.739 | Actor=PC_Hero | Generation=21 | Status=CANDIDATE | PhysicalCollisionChanged=0
22512	22525	C1-O2 OUTER BINDING	ElapsedMs=92849.773 | Event=COMBAT_MOVE_CANDIDATE_BOUND | Actor=PC_Hero | Generation=21 | Status=CANDIDATE | PhysicalCollisionChanged=0
22526	22550	OUTER_FRAME COMBAT_MOVE_INITIAL	ElapsedMs=92849.784 | Actor=PC_Hero | CurrentAction=4 | CurrentStateTime=0.000000
22551	22575	PRIMARYFIRST StopMotion	ElapsedMs=92850.071
22576	22607	EMPTY-PRIMARY SUCCESSOR STACK	ElapsedMs=92850.101 | Actor=PC_Hero
22608	22632	PRIMARYFIRST PlayMotion	ElapsedMs=92850.099
22633	22643	C1 LIFECYCLE STATUS	ElapsedMs=92850.189 | Event=PERSISTED | Actor=PC_Hero | Generation=21 | Status=PERSISTED | PhysicalCollisionChanged=0
22644	22668	MARKER OWNERSHIP DECISION	ElapsedMs=92850.206 | Actor=PC_Hero | CurrentMovementAni=Hero_Stand_None_Staff_P0_QuickAttackR_Hit_N_Fwd_00_%_00_P1_90_R.xmot
22669	22685	C1 OFFENSE REQUEST	ElapsedMs=92945.465 | Actor=PC_Hero | Generation=21 | Status=PERSISTED | Source=Wrestling Staff_BBM | SourceAddress=E27B3010 | ActualGroup=7 | PhysicalCollisionChanged=0
22686	22712	ENGINE SetCollisionGroup	ElapsedMs=92945.501 | RequestedGroup=7 | BeforeGroup=5 | AfterGroup=7 | PlayerAction=4 | PlayerAniPhase=1 | PlayerStateTime=0.102282 | PlayerCurrentMovementAni=Hero_Stand_None_Staff_P0_QuickAttackR_Hit_N_Fwd_00_%_00_P1_90_R.xmot
22713	22742	OUTER_FRAME OFFENSE	ElapsedMs=92945.524 | Actor=PC_Hero | Source=Wrestling Staff_BBM | SourceAddress=E27B3010 | RequestedGroup=7 | BeforeGroup=5 | AfterGroup=7 | CurrentAction=4 | CurrentStateTime=0.102282
22743	22765	COMBATMOVE STARTRECOVER BEGIN	ElapsedMs=93367.816 | Actor=PC_Hero | CurrentAction=4 | CurrentAniPhase=1 | CurrentMovementAni=Hero_Stand_None_Staff_P0_QuickAttackR_Hit_N_Fwd_00_%_00_P1_90_R.xmot
22766	22790	PRIMARYFIRST StopMotion	ElapsedMs=93368.145
22791	22817	EMPTY-PRIMARY SUCCESSOR STACK	ElapsedMs=93368.173 | Actor=PC_Hero
22818	22842	PRIMARYFIRST PlayMotion	ElapsedMs=93368.172
22843	22865	COMBATMOVE STARTRECOVER END	ElapsedMs=93368.244 | Actor=PC_Hero | CurrentAction=4 | CurrentAniPhase=3 | CurrentMovementAni=Hero_Stand_None_Staff_P0_QuickAttackR_Hit_N_Fwd_00_%_00_P1_90_R.xmot
22866	22882	C1 CLEANUP FULFILLED	ElapsedMs=93368.302 | Actor=PC_Hero | Generation=21 | Status=PERSISTED | Source=Wrestling Staff_BBM | SourceAddress=E27B3010 | ActualGroup=5 | PhysicalCollisionChanged=0
22883	22909	ENGINE SetCollisionGroup	ElapsedMs=93368.316 | RequestedGroup=5 | BeforeGroup=7 | AfterGroup=5 | PlayerAction=4 | PlayerAniPhase=3 | PlayerStateTime=0.524262 | PlayerCurrentMovementAni=Hero_Stand_None_Staff_P0_QuickAttackR_Hit_N_Fwd_00_%_00_P1_90_R.xmot
22910	22929	NATIVE CLEANUP CALL SITE	ElapsedMs=93368.334 | Source=Wrestling Staff_BBM | SourceAddress=E27B3010 | RequestedGroup=5 | BeforeGroup=7 | AfterGroup=5
22930	22959	OUTER_FRAME CLEANUP	ElapsedMs=93368.353 | Actor=PC_Hero | Source=Wrestling Staff_BBM | SourceAddress=E27B3010 | RequestedGroup=5 | BeforeGroup=7 | AfterGroup=5 | CurrentAction=4 | CurrentStateTime=0.524262
22960	22999	AISETSTATE CALLSITE	ElapsedMs=93472.601 | Actor=PC_Hero | CurrentAction=4 | CurrentAniPhase=3 | CurrentStateTime=0.629258 | CurrentMovementAni=Hero_Stand_None_Staff_P1_QuickAttackR_Recover_N_Fwd_00_%_00_P1_0_R.xmot
23000	23024	OUTER_FRAME AI_SET_STATE_BEFORE	ElapsedMs=93472.673 | Actor=PC_Hero | CurrentAction=4 | CurrentStateTime=0.629258
23025	23047	C1 FINALIZATION	ElapsedMs=93472.697 | Reason=AISETSTATE_AFTER_ORIGINAL | Actor=PC_Hero | Generation=21 | Status=PERSISTED | PhysicalCollisionChanged=0
23048	23072	OUTER_FRAME AI_SET_STATE_AFTER	ElapsedMs=93472.717 | Actor=PC_Hero | CurrentAction=4 | CurrentStateTime=0.000000
23073	23112	AISETSTATE CALLSITE	ElapsedMs=93619.773 | Actor=PC_Hero | CurrentAction=0 | CurrentAniPhase=3 | CurrentStateTime=0.136994 | CurrentMovementAni=Hero_Stand_None_Staff_P1_QuickAttackR_Recover_N_Fwd_00_%_00_P1_0_R.xmot
23113	23137	OUTER_FRAME AI_SET_STATE_BEFORE	ElapsedMs=93619.886 | Actor=PC_Hero | CurrentAction=0 | CurrentStateTime=0.136994
23138	23162	OUTER_FRAME AI_SET_STATE_AFTER	ElapsedMs=93619.926 | Actor=PC_Hero | CurrentAction=0 | CurrentStateTime=0.000000
23163	23179	C1 LIFECYCLE START	ElapsedMs=93629.490 | Actor=PC_Hero | Generation=22 | Status=CANDIDATE | PhysicalCollisionChanged=0
23180	23193	C1-O2 OUTER BINDING	ElapsedMs=93629.524 | Event=COMBAT_MOVE_CANDIDATE_BOUND | Actor=PC_Hero | Generation=22 | Status=CANDIDATE | PhysicalCollisionChanged=0
23194	23218	OUTER_FRAME COMBAT_MOVE_INITIAL	ElapsedMs=93629.535 | Actor=PC_Hero | CurrentAction=16 | CurrentStateTime=0.000000
23219	23243	PRIMARYFIRST StopMotion	ElapsedMs=93629.803
23244	23275	EMPTY-PRIMARY SUCCESSOR STACK	ElapsedMs=93629.864 | Actor=PC_Hero
23276	23300	PRIMARYFIRST PlayMotion	ElapsedMs=93629.862
23301	23311	C1 LIFECYCLE STATUS	ElapsedMs=93629.950 | Event=PERSISTED | Actor=PC_Hero | Generation=22 | Status=PERSISTED | PhysicalCollisionChanged=0
23312	23355	AIFULLSTOP CALLSITE	ElapsedMs=93656.018 | Actor=PC_Hero | CurrentAction=16 | CurrentAniPhase=4 | CurrentStateTime=0.029012 | CurrentMovementAni=Hero_Stand_None_Staff_P1_Parade_Begin_N_Fwd_00_%_00_P0_0.xmot
23356	23392	COMBATMOVE FULLSTOP STACK	ElapsedMs=93656.109 | Actor=PC_Hero | CurrentAction=16 | CurrentAniPhase=4 | CurrentStateTime=0.029012 | CurrentMovementAni=Hero_Stand_None_Staff_P1_Parade_Begin_N_Fwd_00_%_00_P0_0.xmot
23393	23433	AISETSTATE CALLSITE	ElapsedMs=93656.180 | Actor=PC_Hero | CurrentAction=16 | CurrentAniPhase=4 | CurrentStateTime=0.029012 | CurrentMovementAni=Hero_Stand_None_Staff_P1_Parade_Begin_N_Fwd_00_%_00_P0_0.xmot
23434	23458	OUTER_FRAME AI_SET_STATE_BEFORE	ElapsedMs=93656.218 | Actor=PC_Hero | CurrentAction=16 | CurrentStateTime=0.029012
23459	23481	C1 FINALIZATION	ElapsedMs=93656.241 | Reason=AISETSTATE_AFTER_ORIGINAL | Actor=PC_Hero | Generation=22 | Status=PERSISTED | PhysicalCollisionChanged=0
23482	23506	OUTER_FRAME AI_SET_STATE_AFTER	ElapsedMs=93656.262 | Actor=PC_Hero | CurrentAction=16 | CurrentStateTime=0.000000
23507	23523	C1 LIFECYCLE START	ElapsedMs=93660.160 | Actor=PC_Hero | Generation=23 | Status=CANDIDATE | PhysicalCollisionChanged=0
23524	23537	C1-O2 OUTER BINDING	ElapsedMs=93660.190 | Event=COMBAT_MOVE_CANDIDATE_BOUND | Actor=PC_Hero | Generation=23 | Status=CANDIDATE | PhysicalCollisionChanged=0
23538	23562	OUTER_FRAME COMBAT_MOVE_INITIAL	ElapsedMs=93660.201 | Actor=PC_Hero | CurrentAction=5 | CurrentStateTime=0.000000
23563	23587	PRIMARYFIRST StopMotion	ElapsedMs=93660.501
23588	23619	EMPTY-PRIMARY SUCCESSOR STACK	ElapsedMs=93660.530 | Actor=PC_Hero
23620	23644	PRIMARYFIRST PlayMotion	ElapsedMs=93660.530
23645	23655	C1 LIFECYCLE STATUS	ElapsedMs=93660.623 | Event=PERSISTED | Actor=PC_Hero | Generation=23 | Status=PERSISTED | PhysicalCollisionChanged=0
23656	23680	MARKER OWNERSHIP DECISION	ElapsedMs=93660.641 | Actor=PC_Hero | CurrentMovementAni=Hero_Stand_None_Staff_P1_QuickAttackL_Hit_N_Fwd_00_%_00_P0_90_L.xmot
23681	23697	C1 OFFENSE REQUEST	ElapsedMs=93766.516 | Actor=PC_Hero | Generation=23 | Status=PERSISTED | Source=Wrestling Staff_BBM | SourceAddress=E27B3010 | ActualGroup=7 | PhysicalCollisionChanged=0
23698	23724	ENGINE SetCollisionGroup	ElapsedMs=93766.548 | RequestedGroup=7 | BeforeGroup=5 | AfterGroup=7 | PlayerAction=5 | PlayerAniPhase=1 | PlayerStateTime=0.107992 | PlayerCurrentMovementAni=Hero_Stand_None_Staff_P1_QuickAttackL_Hit_N_Fwd_00_%_00_P0_90_L.xmot
23725	23754	OUTER_FRAME OFFENSE	ElapsedMs=93766.572 | Actor=PC_Hero | Source=Wrestling Staff_BBM | SourceAddress=E27B3010 | RequestedGroup=7 | BeforeGroup=5 | AfterGroup=7 | CurrentAction=5 | CurrentStateTime=0.107992
23755	23777	COMBATMOVE STARTRECOVER BEGIN	ElapsedMs=94060.925 | Actor=PC_Hero | CurrentAction=5 | CurrentAniPhase=1 | CurrentMovementAni=Hero_Stand_None_Staff_P1_QuickAttackL_Hit_N_Fwd_00_%_00_P0_90_L.xmot
23778	23802	PRIMARYFIRST StopMotion	ElapsedMs=94061.234
23803	23829	EMPTY-PRIMARY SUCCESSOR STACK	ElapsedMs=94061.303 | Actor=PC_Hero
23830	23854	PRIMARYFIRST PlayMotion	ElapsedMs=94061.302
23855	23877	COMBATMOVE STARTRECOVER END	ElapsedMs=94061.368 | Actor=PC_Hero | CurrentAction=5 | CurrentAniPhase=3 | CurrentMovementAni=Hero_Stand_None_Staff_P1_QuickAttackL_Hit_N_Fwd_00_%_00_P0_90_L.xmot
23878	23894	C1 CLEANUP FULFILLED	ElapsedMs=94061.425 | Actor=PC_Hero | Generation=23 | Status=PERSISTED | Source=Wrestling Staff_BBM | SourceAddress=E27B3010 | ActualGroup=5 | PhysicalCollisionChanged=0
23895	23921	ENGINE SetCollisionGroup	ElapsedMs=94061.439 | RequestedGroup=5 | BeforeGroup=7 | AfterGroup=5 | PlayerAction=5 | PlayerAniPhase=3 | PlayerStateTime=0.402977 | PlayerCurrentMovementAni=Hero_Stand_None_Staff_P1_QuickAttackL_Hit_N_Fwd_00_%_00_P0_90_L.xmot
23922	23941	NATIVE CLEANUP CALL SITE	ElapsedMs=94061.457 | Source=Wrestling Staff_BBM | SourceAddress=E27B3010 | RequestedGroup=5 | BeforeGroup=7 | AfterGroup=5
23942	23971	OUTER_FRAME CLEANUP	ElapsedMs=94061.478 | Actor=PC_Hero | Source=Wrestling Staff_BBM | SourceAddress=E27B3010 | RequestedGroup=5 | BeforeGroup=7 | AfterGroup=5 | CurrentAction=5 | CurrentStateTime=0.402977
23972	24011	AISETSTATE CALLSITE	ElapsedMs=94170.864 | Actor=PC_Hero | CurrentAction=5 | CurrentAniPhase=3 | CurrentStateTime=0.511945 | CurrentMovementAni=Hero_Stand_None_Staff_P0_QuickAttackL_Recover_N_Fwd_00_%_00_P0_0_L.xmot
24012	24036	OUTER_FRAME AI_SET_STATE_BEFORE	ElapsedMs=94170.931 | Actor=PC_Hero | CurrentAction=5 | CurrentStateTime=0.511945
24037	24059	C1 FINALIZATION	ElapsedMs=94170.958 | Reason=AISETSTATE_AFTER_ORIGINAL | Actor=PC_Hero | Generation=23 | Status=PERSISTED | PhysicalCollisionChanged=0
24060	24084	OUTER_FRAME AI_SET_STATE_AFTER	ElapsedMs=94170.979 | Actor=PC_Hero | CurrentAction=5 | CurrentStateTime=0.000000
24085	24124	AISETSTATE CALLSITE	ElapsedMs=94258.220 | Actor=PC_Hero | CurrentAction=0 | CurrentAniPhase=3 | CurrentStateTime=0.077980 | CurrentMovementAni=Hero_Stand_None_Staff_P0_QuickAttackL_Recover_N_Fwd_00_%_00_P0_0_L.xmot
24125	24149	OUTER_FRAME AI_SET_STATE_BEFORE	ElapsedMs=94258.289 | Actor=PC_Hero | CurrentAction=0 | CurrentStateTime=0.077980
24150	24174	OUTER_FRAME AI_SET_STATE_AFTER	ElapsedMs=94258.312 | Actor=PC_Hero | CurrentAction=0 | CurrentStateTime=0.000000
24175	24191	C1 LIFECYCLE START	ElapsedMs=94267.777 | Actor=PC_Hero | Generation=24 | Status=CANDIDATE | PhysicalCollisionChanged=0
24192	24205	C1-O2 OUTER BINDING	ElapsedMs=94267.815 | Event=COMBAT_MOVE_CANDIDATE_BOUND | Actor=PC_Hero | Generation=24 | Status=CANDIDATE | PhysicalCollisionChanged=0
