Script_FrameCollisionTest diagnostic build loaded.
DiagnosticProfile: CORE
DeepDiagnostics: DISABLED
BehaviorCore: EngineBridge + FrameCollisionMarkers + CollisionSources + CollisionSourceOperations + CollisionLifecycleGuard + Raw8FistCollision + AttackMotionRouting + RuntimeClock
C1Repair: exact outstanding live equipped Item_Attack source -> Item_Equipped after native AISetState opportunity; no ClearTriggeredList.
MarkerFamilies: Normal Power Quick SimpleWhirl Whirl Pierce Hack Sprint
MarkerOpcodes: RIGHT LEFT BOTH OFF FIST
HACK_CALLBACK_IDENTITY TargetRVA=0x433D0 ExactlyOne=1 MatchCount=1 Name=OnAI_HackAttack Source=.\Script\AI\AI_Commands\AI_HackAttack.cpp
Installing behavior hooks...
Hooks installed.

CORE C1_START ElapsedMs=25119.161 Actor=PC_Hero Generation=1 Status=CANDIDATE Outstanding=0 TrackedSources=1 ReplacedGeneration=0 ReplacedOutstanding=0 Source[0]=It_2H_Sword_Flamberge Side=RIGHT Group=5
CORE C1_STATUS ElapsedMs=25124.655 Event=PERSISTED Actor=PC_Hero Generation=1 Status=PERSISTED Outstanding=0
CORE C1_START ElapsedMs=25271.800 Actor=PC_Hero Generation=2 Status=CANDIDATE Outstanding=0 TrackedSources=1 ReplacedGeneration=1 ReplacedOutstanding=0 Source[0]=It_2H_Sword_Flamberge Side=RIGHT Group=5
CORE C1_BIND ElapsedMs=25271.812 Event=COMBAT_MOVE_CANDIDATE_BOUND Actor=PC_Hero Generation=2 Status=CANDIDATE Outstanding=0 Source=<null> Script=_AI_Attack
CORE C1_STATUS ElapsedMs=25278.354 Event=PERSISTED Actor=PC_Hero Generation=2 Status=PERSISTED Outstanding=0
CORE ATTACK_OWNERSHIP ElapsedMs=25278.399 Actor=PC_Hero Family=NORMAL Action=1 Phase=1 Motion=Hero_Stand_None_2H_P0_Attack_Hit_N_Fwd_00_%_00_P1_90_R.xmot MarkerPresent=1 RequiredMask=1 FistMarkers=0 Raw8Fist=<none> Raw8UseType=-1 SuppressNative=1 Classification=ROUTINE
CORE COLLISION_GROUP ElapsedMs=25523.283 Source=It_2H_Sword_Flamberge UseType=3 Owner=PC_Hero Slot=RIGHT Requested=7 Before=5 After=7 MarkerBitsRetired=0
CORE C1 OFFENSE REQUEST ElapsedMs=25523.312 Actor=PC_Hero Generation=2 Status=PERSISTED Source=It_2H_Sword_Flamberge Side=RIGHT Requests=1 Outstanding=1 CleanupObserved=0 Group=7
CORE MARKER ElapsedMs=25523.324 Actor=PC_Hero Action=1 Family=NORMAL Phase=1 Motion=Hero_Stand_None_2H_P0_Attack_Hit_N_Fwd_00_%_00_P1_90_R.xmot Marker=RIGHT Result=ACCEPTED C1Valid=1 C1=2 StatePosition=0 PreviousMask=0 DesiredMask=1 RetiredMask=0 OwnedMask=0 MarkerOwnedMask=1 Activated=1 Deactivated=0 Retired=0 RearmRequests=1 Clears=1 RightUseType=3
CORE ONDAMAGE ElapsedMs=25525.799 Ordinal=1 Target=Demon Arg1=Demon Arg2=Demon Caller=Game.dll+0x00069484 PlayerAction=1 PlayerPhase=1 PlayerMotion=Hero_Stand_None_2H_P0_Attack_Hit_N_Fwd_00_%_00_P1_90_R.xmot Raw8Fist=<none> Raw8UseType=-1 Raw8Group=-1
CORE C1_START ElapsedMs=25529.673 Actor=Demon Generation=3 Status=CANDIDATE Outstanding=0 TrackedSources=0 ReplacedGeneration=0 ReplacedOutstanding=0
CORE C1_BIND ElapsedMs=25529.683 Event=COMBAT_MOVE_CANDIDATE_BOUND Actor=Demon Generation=3 Status=CANDIDATE Outstanding=0 Source=<null> Script=_AI_Stumble
CORE C1_STATUS ElapsedMs=25533.083 Event=PERSISTED Actor=Demon Generation=3 Status=PERSISTED Outstanding=0
CORE COLLISION_GROUP ElapsedMs=25720.249 Source=It_2H_Sword_Flamberge UseType=3 Owner=PC_Hero Slot=RIGHT Requested=5 Before=7 After=5 MarkerBitsRetired=1
CORE C1 CLEANUP FULFILLED ElapsedMs=25720.268 Actor=PC_Hero Generation=2 Status=PERSISTED Source=It_2H_Sword_Flamberge Side=RIGHT Requests=1 Outstanding=0 CleanupObserved=1 Group=5
CORE C1_FINAL ElapsedMs=25720.290 Actor=PC_Hero Generation=2 Status=PERSISTED SourceCount=1 PhysicalChanged=0 Source[0]=It_2H_Sword_Flamberge Side=RIGHT Outstanding=0 Cleanup=1 Outcome=NO_OP_NO_OUTSTANDING
CORE C1_FINAL ElapsedMs=25966.159 Actor=Demon Generation=3 Status=PERSISTED SourceCount=0 PhysicalChanged=0
CORE C1_START ElapsedMs=25993.824 Actor=Demon Generation=4 Status=CANDIDATE Outstanding=0 TrackedSources=1 ReplacedGeneration=0 ReplacedOutstanding=0 Source[0]=It_2H_DemonSword_01 Side=RIGHT Group=5
CORE C1_BIND ElapsedMs=25993.836 Event=COMBAT_MOVE_CANDIDATE_BOUND Actor=Demon Generation=4 Status=CANDIDATE Outstanding=0 Source=<null> Script=_AI_Attack
CORE C1_STATUS ElapsedMs=25999.046 Event=PERSISTED Actor=Demon Generation=4 Status=PERSISTED Outstanding=0
CORE ATTACK_OWNERSHIP ElapsedMs=25999.076 Actor=Demon Family=NORMAL Action=1 Phase=1 Motion=Demon_Stand_None_2H_P0_Attack_Hit_N_Fwd_00_%_00_P1_150_R.xmot MarkerPresent=1 RequiredMask=1 FistMarkers=0 Raw8Fist=<none> Raw8UseType=-1 SuppressNative=1 Classification=ROUTINE
CORE COLLISION_GROUP ElapsedMs=26191.426 Source=It_2H_DemonSword_01 UseType=3 Owner=Demon Slot=RIGHT Requested=7 Before=5 After=7 MarkerBitsRetired=0
CORE C1 OFFENSE REQUEST ElapsedMs=26191.457 Actor=Demon Generation=4 Status=PERSISTED Source=It_2H_DemonSword_01 Side=RIGHT Requests=1 Outstanding=1 CleanupObserved=0 Group=7
CORE MARKER ElapsedMs=26191.469 Actor=Demon Action=1 Family=NORMAL Phase=1 Motion=Demon_Stand_None_2H_P0_Attack_Hit_N_Fwd_00_%_00_P1_150_R.xmot Marker=RIGHT Result=ACCEPTED C1Valid=1 C1=4 StatePosition=0 PreviousMask=0 DesiredMask=1 RetiredMask=0 OwnedMask=0 MarkerOwnedMask=1 Activated=1 Deactivated=0 Retired=0 RearmRequests=1 Clears=1 RightUseType=3
CORE ONDAMAGE ElapsedMs=26397.436 Ordinal=2 Target=PC_Hero Arg1=PC_Hero Arg2=PC_Hero Caller=Game.dll+0x00069484 PlayerAction=0 PlayerPhase=3 PlayerMotion=Hero_Stand_None_2H_P1_Attack_Recover_N_Fwd_00_%_00_P1_0_R.xmot Raw8Fist=<none> Raw8UseType=-1 Raw8Group=-1
CORE C1_START ElapsedMs=26408.604 Actor=PC_Hero Generation=5 Status=CANDIDATE Outstanding=0 TrackedSources=1 ReplacedGeneration=0 ReplacedOutstanding=0 Source[0]=It_2H_Sword_Flamberge Side=RIGHT Group=5
CORE C1_BIND ElapsedMs=26408.615 Event=COMBAT_MOVE_CANDIDATE_BOUND Actor=PC_Hero Generation=5 Status=CANDIDATE Outstanding=0 Source=<null> Script=_AI_Stumble
CORE C1_STATUS ElapsedMs=26414.150 Event=PERSISTED Actor=PC_Hero Generation=5 Status=PERSISTED Outstanding=0
CORE COLLISION_GROUP ElapsedMs=26685.690 Source=It_2H_DemonSword_01 UseType=3 Owner=Demon Slot=RIGHT Requested=5 Before=7 After=5 MarkerBitsRetired=1
CORE C1 CLEANUP FULFILLED ElapsedMs=26685.726 Actor=Demon Generation=4 Status=PERSISTED Source=It_2H_DemonSword_01 Side=RIGHT Requests=1 Outstanding=0 CleanupObserved=1 Group=5
CORE C1_FINAL ElapsedMs=26685.800 Actor=Demon Generation=4 Status=PERSISTED SourceCount=1 PhysicalChanged=0 Source[0]=It_2H_DemonSword_01 Side=RIGHT Outstanding=0 Cleanup=1 Outcome=NO_OP_NO_OUTSTANDING
CORE C1_FINAL ElapsedMs=26714.138 Actor=PC_Hero Generation=5 Status=PERSISTED SourceCount=1 PhysicalChanged=0 Source[0]=It_2H_Sword_Flamberge Side=RIGHT Outstanding=0 Cleanup=0 Outcome=NO_OP_NO_OUTSTANDING
CORE C1_START ElapsedMs=28508.176 Actor=Demon Generation=6 Status=CANDIDATE Outstanding=0 TrackedSources=1 ReplacedGeneration=0 ReplacedOutstanding=0 Source[0]=It_2H_DemonSword_01 Side=RIGHT Group=5
CORE C1_BIND ElapsedMs=28508.188 Event=COMBAT_MOVE_CANDIDATE_BOUND Actor=Demon Generation=6 Status=CANDIDATE Outstanding=0 Source=<null> Script=_AI_QuickAttack
CORE C1_STATUS ElapsedMs=28514.206 Event=PERSISTED Actor=Demon Generation=6 Status=PERSISTED Outstanding=0
CORE ATTACK_OWNERSHIP ElapsedMs=28514.236 Actor=Demon Family=QUICK Action=5 Phase=1 Motion=Demon_Stand_None_2H_P1_QuickAttackL_Hit_N_Fwd_00_%_00_P0_150_L.xmot MarkerPresent=1 RequiredMask=1 FistMarkers=0 Raw8Fist=<none> Raw8UseType=-1 SuppressNative=1 Classification=ROUTINE
CORE COLLISION_GROUP ElapsedMs=28651.462 Source=It_2H_DemonSword_01 UseType=3 Owner=Demon Slot=RIGHT Requested=7 Before=5 After=7 MarkerBitsRetired=0
CORE C1 OFFENSE REQUEST ElapsedMs=28651.492 Actor=Demon Generation=6 Status=PERSISTED Source=It_2H_DemonSword_01 Side=RIGHT Requests=1 Outstanding=1 CleanupObserved=0 Group=7
CORE MARKER ElapsedMs=28651.504 Actor=Demon Action=5 Family=QUICK Phase=1 Motion=Demon_Stand_None_2H_P1_QuickAttackL_Hit_N_Fwd_00_%_00_P0_150_L.xmot Marker=RIGHT Result=ACCEPTED C1Valid=1 C1=6 StatePosition=1 PreviousMask=0 DesiredMask=1 RetiredMask=0 OwnedMask=0 MarkerOwnedMask=1 Activated=1 Deactivated=0 Retired=0 RearmRequests=1 Clears=1 RightUseType=3
CORE ONDAMAGE ElapsedMs=28760.970 Ordinal=3 Target=PC_Hero Arg1=PC_Hero Arg2=PC_Hero Caller=Game.dll+0x00069484 PlayerAction=0 PlayerPhase=5 PlayerMotion=Hero_Stand_None_2H_P0_Ambient_Loop_N_Fwd_00_%_00_P0_0.xmot Raw8Fist=<none> Raw8UseType=-1 Raw8Group=-1
CORE C1_START ElapsedMs=28769.405 Actor=PC_Hero Generation=7 Status=CANDIDATE Outstanding=0 TrackedSources=1 ReplacedGeneration=0 ReplacedOutstanding=0 Source[0]=It_2H_Sword_Flamberge Side=RIGHT Group=5
CORE C1_BIND ElapsedMs=28769.432 Event=COMBAT_MOVE_CANDIDATE_BOUND Actor=PC_Hero Generation=7 Status=CANDIDATE Outstanding=0 Source=<null> Script=_AI_Stumble
CORE C1_STATUS ElapsedMs=28774.757 Event=PERSISTED Actor=PC_Hero Generation=7 Status=PERSISTED Outstanding=0
CORE COLLISION_GROUP ElapsedMs=28999.185 Source=It_2H_DemonSword_01 UseType=3 Owner=Demon Slot=RIGHT Requested=5 Before=7 After=5 MarkerBitsRetired=1
CORE C1 CLEANUP FULFILLED ElapsedMs=28999.206 Actor=Demon Generation=6 Status=PERSISTED Source=It_2H_DemonSword_01 Side=RIGHT Requests=1 Outstanding=0 CleanupObserved=1 Group=5
CORE C1_FINAL ElapsedMs=29062.134 Actor=PC_Hero Generation=7 Status=PERSISTED SourceCount=1 PhysicalChanged=0 Source[0]=It_2H_Sword_Flamberge Side=RIGHT Outstanding=0 Cleanup=0 Outcome=NO_OP_NO_OUTSTANDING
CORE C1_FINAL ElapsedMs=29089.251 Actor=Demon Generation=6 Status=PERSISTED SourceCount=1 PhysicalChanged=0 Source[0]=It_2H_DemonSword_01 Side=RIGHT Outstanding=0 Cleanup=1 Outcome=NO_OP_NO_OUTSTANDING
CORE C1_START ElapsedMs=30427.587 Actor=PC_Hero Generation=8 Status=CANDIDATE Outstanding=0 TrackedSources=1 ReplacedGeneration=0 ReplacedOutstanding=0 Source[0]=It_2H_Sword_Flamberge Side=RIGHT Group=5
CORE C1_BIND ElapsedMs=30427.600 Event=COMBAT_MOVE_CANDIDATE_BOUND Actor=PC_Hero Generation=8 Status=CANDIDATE Outstanding=0 Source=<null> Script=_AI_Parade
CORE C1_STATUS ElapsedMs=30432.623 Event=PERSISTED Actor=PC_Hero Generation=8 Status=PERSISTED Outstanding=0
CORE C1_FINAL ElapsedMs=30754.038 Actor=PC_Hero Generation=8 Status=PERSISTED SourceCount=1 PhysicalChanged=0 Source[0]=It_2H_Sword_Flamberge Side=RIGHT Outstanding=0 Cleanup=0 Outcome=NO_OP_NO_OUTSTANDING
CORE C1_START ElapsedMs=30827.154 Actor=Demon Generation=9 Status=CANDIDATE Outstanding=0 TrackedSources=1 ReplacedGeneration=0 ReplacedOutstanding=0 Source[0]=It_2H_DemonSword_01 Side=RIGHT Group=5
CORE C1_BIND ElapsedMs=30827.166 Event=COMBAT_MOVE_CANDIDATE_BOUND Actor=Demon Generation=9 Status=CANDIDATE Outstanding=0 Source=<null> Script=_AI_QuickAttack
CORE C1_STATUS ElapsedMs=30832.337 Event=PERSISTED Actor=Demon Generation=9 Status=PERSISTED Outstanding=0
CORE ATTACK_OWNERSHIP ElapsedMs=30832.366 Actor=Demon Family=QUICK Action=4 Phase=1 Motion=Demon_Stand_None_2H_P0_QuickAttackR_Hit_N_Fwd_00_%_00_P1_150_R.xmot MarkerPresent=1 RequiredMask=1 FistMarkers=0 Raw8Fist=<none> Raw8UseType=-1 SuppressNative=1 Classification=ROUTINE
CORE COLLISION_GROUP ElapsedMs=30971.115 Source=It_2H_DemonSword_01 UseType=3 Owner=Demon Slot=RIGHT Requested=7 Before=5 After=7 MarkerBitsRetired=0
CORE C1 OFFENSE REQUEST ElapsedMs=30971.144 Actor=Demon Generation=9 Status=PERSISTED Source=It_2H_DemonSword_01 Side=RIGHT Requests=1 Outstanding=1 CleanupObserved=0 Group=7
CORE MARKER ElapsedMs=30971.156 Actor=Demon Action=4 Family=QUICK Phase=1 Motion=Demon_Stand_None_2H_P0_QuickAttackR_Hit_N_Fwd_00_%_00_P1_150_R.xmot Marker=RIGHT Result=ACCEPTED C1Valid=1 C1=9 StatePosition=1 PreviousMask=0 DesiredMask=1 RetiredMask=0 OwnedMask=0 MarkerOwnedMask=1 Activated=1 Deactivated=0 Retired=0 RearmRequests=1 Clears=1 RightUseType=3
CORE ONDAMAGE ElapsedMs=31019.747 Ordinal=4 Target=PC_Hero Arg1=PC_Hero Arg2=PC_Hero Caller=Game.dll+0x00069484 PlayerAction=0 PlayerPhase=5 PlayerMotion=Hero_Parade_None_2H_P0_Ambient_Loop_N_Fwd_00_%_00_P0_0.xmot Raw8Fist=<none> Raw8UseType=-1 Raw8Group=-1
CORE C1_START ElapsedMs=31024.161 Actor=PC_Hero Generation=10 Status=CANDIDATE Outstanding=0 TrackedSources=1 ReplacedGeneration=0 ReplacedOutstanding=0 Source[0]=It_2H_Sword_Flamberge Side=RIGHT Group=5
CORE C1_BIND ElapsedMs=31024.170 Event=COMBAT_MOVE_CANDIDATE_BOUND Actor=PC_Hero Generation=10 Status=CANDIDATE Outstanding=0 Source=<null> Script=_AI_Stumble
CORE C1_STATUS ElapsedMs=31029.114 Event=PERSISTED Actor=PC_Hero Generation=10 Status=PERSISTED Outstanding=0
CORE COLLISION_GROUP ElapsedMs=31321.392 Source=It_2H_DemonSword_01 UseType=3 Owner=Demon Slot=RIGHT Requested=5 Before=7 After=5 MarkerBitsRetired=1
CORE C1 CLEANUP FULFILLED ElapsedMs=31321.412 Actor=Demon Generation=9 Status=PERSISTED Source=It_2H_DemonSword_01 Side=RIGHT Requests=1 Outstanding=0 CleanupObserved=1 Group=5
CORE C1_FINAL ElapsedMs=31329.187 Actor=PC_Hero Generation=10 Status=PERSISTED SourceCount=1 PhysicalChanged=0 Source[0]=It_2H_Sword_Flamberge Side=RIGHT Outstanding=0 Cleanup=0 Outcome=NO_OP_NO_OUTSTANDING
CORE C1_FINAL ElapsedMs=31412.179 Actor=Demon Generation=9 Status=PERSISTED SourceCount=1 PhysicalChanged=0 Source[0]=It_2H_DemonSword_01 Side=RIGHT Outstanding=0 Cleanup=1 Outcome=NO_OP_NO_OUTSTANDING
CORE C1_START ElapsedMs=33152.428 Actor=Demon Generation=11 Status=CANDIDATE Outstanding=0 TrackedSources=1 ReplacedGeneration=0 ReplacedOutstanding=0 Source[0]=It_2H_DemonSword_01 Side=RIGHT Group=5
CORE C1_BIND ElapsedMs=33152.440 Event=COMBAT_MOVE_CANDIDATE_BOUND Actor=Demon Generation=11 Status=CANDIDATE Outstanding=0 Source=<null> Script=_AI_Attack
CORE C1_STATUS ElapsedMs=33157.931 Event=PERSISTED Actor=Demon Generation=11 Status=PERSISTED Outstanding=0
CORE ATTACK_OWNERSHIP ElapsedMs=33157.961 Actor=Demon Family=NORMAL Action=1 Phase=1 Motion=Demon_Stand_None_2H_P1_Attack_Hit_N_Fwd_00_%_00_P0_150_L.xmot MarkerPresent=1 RequiredMask=1 FistMarkers=0 Raw8Fist=<none> Raw8UseType=-1 SuppressNative=1 Classification=ROUTINE
CORE COLLISION_GROUP ElapsedMs=33357.975 Source=It_2H_DemonSword_01 UseType=3 Owner=Demon Slot=RIGHT Requested=7 Before=5 After=7 MarkerBitsRetired=0
CORE C1 OFFENSE REQUEST ElapsedMs=33358.004 Actor=Demon Generation=11 Status=PERSISTED Source=It_2H_DemonSword_01 Side=RIGHT Requests=1 Outstanding=1 CleanupObserved=0 Group=7
CORE MARKER ElapsedMs=33358.016 Actor=Demon Action=1 Family=NORMAL Phase=1 Motion=Demon_Stand_None_2H_P1_Attack_Hit_N_Fwd_00_%_00_P0_150_L.xmot Marker=RIGHT Result=ACCEPTED C1Valid=1 C1=11 StatePosition=0 PreviousMask=0 DesiredMask=1 RetiredMask=0 OwnedMask=0 MarkerOwnedMask=1 Activated=1 Deactivated=0 Retired=0 RearmRequests=1 Clears=1 RightUseType=3
CORE ONDAMAGE ElapsedMs=33468.512 Ordinal=5 Target=PC_Hero Arg1=PC_Hero Arg2=PC_Hero Caller=Game.dll+0x00069484 PlayerAction=0 PlayerPhase=5 PlayerMotion=Hero_Parade_None_2H_P0_Ambient_Loop_N_Fwd_00_%_00_P0_0.xmot Raw8Fist=<none> Raw8UseType=-1 Raw8Group=-1
CORE C1_START ElapsedMs=33477.762 Actor=PC_Hero Generation=12 Status=CANDIDATE Outstanding=0 TrackedSources=1 ReplacedGeneration=0 ReplacedOutstanding=0 Source[0]=It_2H_Sword_Flamberge Side=RIGHT Group=5
CORE C1_BIND ElapsedMs=33477.772 Event=COMBAT_MOVE_CANDIDATE_BOUND Actor=PC_Hero Generation=12 Status=CANDIDATE Outstanding=0 Source=<null> Script=_AI_Stumble
CORE C1_STATUS ElapsedMs=33477.825 Event=PERSISTED Actor=PC_Hero Generation=12 Status=PERSISTED Outstanding=0
CORE C1_FINAL ElapsedMs=33771.572 Actor=PC_Hero Generation=12 Status=PERSISTED SourceCount=1 PhysicalChanged=0 Source[0]=It_2H_Sword_Flamberge Side=RIGHT Outstanding=0 Cleanup=0 Outcome=NO_OP_NO_OUTSTANDING
CORE COLLISION_GROUP ElapsedMs=33861.141 Source=It_2H_DemonSword_01 UseType=3 Owner=Demon Slot=RIGHT Requested=5 Before=7 After=5 MarkerBitsRetired=1
CORE C1 CLEANUP FULFILLED ElapsedMs=33861.161 Actor=Demon Generation=11 Status=PERSISTED Source=It_2H_DemonSword_01 Side=RIGHT Requests=1 Outstanding=0 CleanupObserved=1 Group=5
CORE C1_FINAL ElapsedMs=33861.187 Actor=Demon Generation=11 Status=PERSISTED SourceCount=1 PhysicalChanged=0 Source[0]=It_2H_DemonSword_01 Side=RIGHT Outstanding=0 Cleanup=1 Outcome=NO_OP_NO_OUTSTANDING
CORE C1_START ElapsedMs=34773.663 Actor=PC_Hero Generation=13 Status=CANDIDATE Outstanding=0 TrackedSources=1 ReplacedGeneration=0 ReplacedOutstanding=0 Source[0]=It_2H_Sword_Flamberge Side=RIGHT Group=5
CORE C1_BIND ElapsedMs=34773.675 Event=COMBAT_MOVE_CANDIDATE_BOUND Actor=PC_Hero Generation=13 Status=CANDIDATE Outstanding=0 Source=<null> Script=_AI_Parade
CORE C1_STATUS ElapsedMs=34773.789 Event=PERSISTED Actor=PC_Hero Generation=13 Status=PERSISTED Outstanding=0
CORE C1_FINAL ElapsedMs=35104.632 Actor=PC_Hero Generation=13 Status=PERSISTED SourceCount=1 PhysicalChanged=0 Source[0]=It_2H_Sword_Flamberge Side=RIGHT Outstanding=0 Cleanup=0 Outcome=NO_OP_NO_OUTSTANDING
CORE C1_START ElapsedMs=35608.734 Actor=Demon Generation=14 Status=CANDIDATE Outstanding=0 TrackedSources=1 ReplacedGeneration=0 ReplacedOutstanding=0 Source[0]=It_2H_DemonSword_01 Side=RIGHT Group=5
CORE C1_BIND ElapsedMs=35608.746 Event=COMBAT_MOVE_CANDIDATE_BOUND Actor=Demon Generation=14 Status=CANDIDATE Outstanding=0 Source=<null> Script=_AI_QuickAttack
CORE C1_STATUS ElapsedMs=35608.804 Event=PERSISTED Actor=Demon Generation=14 Status=PERSISTED Outstanding=0
CORE ATTACK_OWNERSHIP ElapsedMs=35608.819 Actor=Demon Family=QUICK Action=4 Phase=1 Motion=Demon_Stand_None_2H_P0_QuickAttackR_Hit_N_Fwd_00_%_00_P1_150_R.xmot MarkerPresent=1 RequiredMask=1 FistMarkers=0 Raw8Fist=<none> Raw8UseType=-1 SuppressNative=1 Classification=ROUTINE
CORE COLLISION_GROUP ElapsedMs=35754.868 Source=It_2H_DemonSword_01 UseType=3 Owner=Demon Slot=RIGHT Requested=7 Before=5 After=7 MarkerBitsRetired=0
CORE C1 OFFENSE REQUEST ElapsedMs=35754.897 Actor=Demon Generation=14 Status=PERSISTED Source=It_2H_DemonSword_01 Side=RIGHT Requests=1 Outstanding=1 CleanupObserved=0 Group=7
CORE MARKER ElapsedMs=35754.909 Actor=Demon Action=4 Family=QUICK Phase=1 Motion=Demon_Stand_None_2H_P0_QuickAttackR_Hit_N_Fwd_00_%_00_P1_150_R.xmot Marker=RIGHT Result=ACCEPTED C1Valid=1 C1=14 StatePosition=1 PreviousMask=0 DesiredMask=1 RetiredMask=0 OwnedMask=0 MarkerOwnedMask=1 Activated=1 Deactivated=0 Retired=0 RearmRequests=1 Clears=1 RightUseType=3
CORE ONDAMAGE ElapsedMs=35776.411 Ordinal=6 Target=PC_Hero Arg1=PC_Hero Arg2=PC_Hero Caller=Game.dll+0x00069484 PlayerAction=0 PlayerPhase=5 PlayerMotion=Hero_Parade_None_2H_P0_Ambient_Loop_N_Fwd_00_%_00_P0_0.xmot Raw8Fist=<none> Raw8UseType=-1 Raw8Group=-1
CORE C1_START ElapsedMs=35784.842 Actor=PC_Hero Generation=15 Status=CANDIDATE Outstanding=0 TrackedSources=1 ReplacedGeneration=0 ReplacedOutstanding=0 Source[0]=It_2H_Sword_Flamberge Side=RIGHT Group=5
CORE C1_BIND ElapsedMs=35784.853 Event=COMBAT_MOVE_CANDIDATE_BOUND Actor=PC_Hero Generation=15 Status=CANDIDATE Outstanding=0 Source=<null> Script=_AI_Stumble
CORE C1_STATUS ElapsedMs=35784.906 Event=PERSISTED Actor=PC_Hero Generation=15 Status=PERSISTED Outstanding=0
CORE C1_FINAL ElapsedMs=36069.664 Actor=PC_Hero Generation=15 Status=PERSISTED SourceCount=1 PhysicalChanged=0 Source[0]=It_2H_Sword_Flamberge Side=RIGHT Outstanding=0 Cleanup=0 Outcome=NO_OP_NO_OUTSTANDING
CORE COLLISION_GROUP ElapsedMs=36099.962 Source=It_2H_DemonSword_01 UseType=3 Owner=Demon Slot=RIGHT Requested=5 Before=7 After=5 MarkerBitsRetired=1
CORE C1 CLEANUP FULFILLED ElapsedMs=36099.991 Actor=Demon Generation=14 Status=PERSISTED Source=It_2H_DemonSword_01 Side=RIGHT Requests=1 Outstanding=0 CleanupObserved=1 Group=5
CORE C1_FINAL ElapsedMs=36193.432 Actor=Demon Generation=14 Status=PERSISTED SourceCount=1 PhysicalChanged=0 Source[0]=It_2H_DemonSword_01 Side=RIGHT Outstanding=0 Cleanup=1 Outcome=NO_OP_NO_OUTSTANDING
CORE C1_START ElapsedMs=37950.097 Actor=Demon Generation=16 Status=CANDIDATE Outstanding=0 TrackedSources=1 ReplacedGeneration=0 ReplacedOutstanding=0 Source[0]=It_2H_DemonSword_01 Side=RIGHT Group=5
CORE C1_BIND ElapsedMs=37950.109 Event=COMBAT_MOVE_CANDIDATE_BOUND Actor=Demon Generation=16 Status=CANDIDATE Outstanding=0 Source=<null> Script=_AI_QuickAttack
CORE C1_STATUS ElapsedMs=37950.174 Event=PERSISTED Actor=Demon Generation=16 Status=PERSISTED Outstanding=0
CORE ATTACK_OWNERSHIP ElapsedMs=37950.190 Actor=Demon Family=QUICK Action=5 Phase=1 Motion=Demon_Stand_None_2H_P1_QuickAttackL_Hit_N_Fwd_00_%_00_P0_150_L.xmot MarkerPresent=1 RequiredMask=1 FistMarkers=0 Raw8Fist=<none> Raw8UseType=-1 SuppressNative=1 Classification=ROUTINE
CORE COLLISION_GROUP ElapsedMs=38093.547 Source=It_2H_DemonSword_01 UseType=3 Owner=Demon Slot=RIGHT Requested=7 Before=5 After=7 MarkerBitsRetired=0
CORE C1 OFFENSE REQUEST ElapsedMs=38093.580 Actor=Demon Generation=16 Status=PERSISTED Source=It_2H_DemonSword_01 Side=RIGHT Requests=1 Outstanding=1 CleanupObserved=0 Group=7
CORE MARKER ElapsedMs=38093.596 Actor=Demon Action=5 Family=QUICK Phase=1 Motion=Demon_Stand_None_2H_P1_QuickAttackL_Hit_N_Fwd_00_%_00_P0_150_L.xmot Marker=RIGHT Result=ACCEPTED C1Valid=1 C1=16 StatePosition=1 PreviousMask=0 DesiredMask=1 RetiredMask=0 OwnedMask=0 MarkerOwnedMask=1 Activated=1 Deactivated=0 Retired=0 RearmRequests=1 Clears=1 RightUseType=3
CORE ONDAMAGE ElapsedMs=38178.624 Ordinal=7 Target=PC_Hero Arg1=PC_Hero Arg2=PC_Hero Caller=Game.dll+0x00069484 PlayerAction=0 PlayerPhase=8 PlayerMotion=Hero_Stand_None_2H_P0_Move_Walk_N_Back_00_%_00_P0_160.xmot Raw8Fist=<none> Raw8UseType=-1 Raw8Group=-1
CORE C1_START ElapsedMs=38194.315 Actor=PC_Hero Generation=17 Status=CANDIDATE Outstanding=0 TrackedSources=1 ReplacedGeneration=0 ReplacedOutstanding=0 Source[0]=It_2H_Sword_Flamberge Side=RIGHT Group=5
CORE C1_BIND ElapsedMs=38194.327 Event=COMBAT_MOVE_CANDIDATE_BOUND Actor=PC_Hero Generation=17 Status=CANDIDATE Outstanding=0 Source=<null> Script=_AI_Stumble
CORE C1_STATUS ElapsedMs=38194.383 Event=PERSISTED Actor=PC_Hero Generation=17 Status=PERSISTED Outstanding=0
CORE COLLISION_GROUP ElapsedMs=38443.256 Source=It_2H_DemonSword_01 UseType=3 Owner=Demon Slot=RIGHT Requested=5 Before=7 After=5 MarkerBitsRetired=1
CORE C1 CLEANUP FULFILLED ElapsedMs=38443.285 Actor=Demon Generation=16 Status=PERSISTED Source=It_2H_DemonSword_01 Side=RIGHT Requests=1 Outstanding=0 CleanupObserved=1 Group=5
CORE C1_FINAL ElapsedMs=38478.426 Actor=PC_Hero Generation=17 Status=PERSISTED SourceCount=1 PhysicalChanged=0 Source[0]=It_2H_Sword_Flamberge Side=RIGHT Outstanding=0 Cleanup=0 Outcome=NO_OP_NO_OUTSTANDING
CORE C1_FINAL ElapsedMs=38543.824 Actor=Demon Generation=16 Status=PERSISTED SourceCount=1 PhysicalChanged=0 Source[0]=It_2H_DemonSword_01 Side=RIGHT Outstanding=0 Cleanup=1 Outcome=NO_OP_NO_OUTSTANDING
CORE C1_START ElapsedMs=39882.088 Actor=Demon Generation=18 Status=CANDIDATE Outstanding=0 TrackedSources=1 ReplacedGeneration=0 ReplacedOutstanding=0 Source[0]=It_2H_DemonSword_01 Side=RIGHT Group=5
CORE C1_BIND ElapsedMs=39882.101 Event=COMBAT_MOVE_CANDIDATE_BOUND Actor=Demon Generation=18 Status=CANDIDATE Outstanding=0 Source=<null> Script=_AI_PowerAttack
CORE C1_STATUS ElapsedMs=39887.802 Event=PERSISTED Actor=Demon Generation=18 Status=PERSISTED Outstanding=0
CORE C1_START ElapsedMs=40078.444 Actor=PC_Hero Generation=19 Status=CANDIDATE Outstanding=0 TrackedSources=1 ReplacedGeneration=0 ReplacedOutstanding=0 Source[0]=It_2H_Sword_Flamberge Side=RIGHT Group=5
CORE C1_BIND ElapsedMs=40078.456 Event=COMBAT_MOVE_CANDIDATE_BOUND Actor=PC_Hero Generation=19 Status=CANDIDATE Outstanding=0 Source=<null> Script=_AI_QuickAttack
CORE C1_STATUS ElapsedMs=40083.903 Event=PERSISTED Actor=PC_Hero Generation=19 Status=PERSISTED Outstanding=0
CORE ATTACK_OWNERSHIP ElapsedMs=40083.934 Actor=PC_Hero Family=QUICK Action=5 Phase=1 Motion=Hero_Stand_None_2H_P0_QuickAttackL_Hit_N_Fwd_00_%_00_P1_90_L.xmot MarkerPresent=1 RequiredMask=1 FistMarkers=0 Raw8Fist=<none> Raw8UseType=-1 SuppressNative=1 Classification=ROUTINE
CORE COLLISION_GROUP ElapsedMs=40312.636 Source=It_2H_Sword_Flamberge UseType=3 Owner=PC_Hero Slot=RIGHT Requested=7 Before=5 After=7 MarkerBitsRetired=0
CORE C1 OFFENSE REQUEST ElapsedMs=40312.664 Actor=PC_Hero Generation=19 Status=PERSISTED Source=It_2H_Sword_Flamberge Side=RIGHT Requests=1 Outstanding=1 CleanupObserved=0 Group=7
CORE MARKER ElapsedMs=40312.689 Actor=PC_Hero Action=5 Family=QUICK Phase=1 Motion=Hero_Stand_None_2H_P0_QuickAttackL_Hit_N_Fwd_00_%_00_P1_90_L.xmot Marker=RIGHT Result=ACCEPTED C1Valid=1 C1=19 StatePosition=1 PreviousMask=0 DesiredMask=1 RetiredMask=0 OwnedMask=0 MarkerOwnedMask=1 Activated=1 Deactivated=0 Retired=0 RearmRequests=1 Clears=1 RightUseType=3
CORE C1_BIND ElapsedMs=40318.015 Event=COMBAT_MOVE_REUSED Actor=Demon Generation=18 Status=PERSISTED Outstanding=0 Source=<null> Script=_AI_PowerAttack
CORE ATTACK_OWNERSHIP ElapsedMs=40324.391 Actor=Demon Family=POWER Action=2 Phase=1 Motion=Demon_Stand_None_2H_P0_PowerAttack_Hit_N_Fwd_00_%_00_P1_150_R.xmot MarkerPresent=1 RequiredMask=1 FistMarkers=0 Raw8Fist=<none> Raw8UseType=-1 SuppressNative=1 Classification=ROUTINE
CORE ONDAMAGE ElapsedMs=40345.402 Ordinal=8 Target=Demon Arg1=Demon Arg2=Demon Caller=Game.dll+0x00069484 PlayerAction=5 PlayerPhase=1 PlayerMotion=Hero_Stand_None_2H_P0_QuickAttackL_Hit_N_Fwd_00_%_00_P1_90_L.xmot Raw8Fist=<none> Raw8UseType=-1 Raw8Group=-1
CORE C1_START ElapsedMs=40348.205 Actor=Demon Generation=20 Status=CANDIDATE Outstanding=0 TrackedSources=1 ReplacedGeneration=18 ReplacedOutstanding=0 Source[0]=It_2H_DemonSword_01 Side=RIGHT Group=5
CORE C1_BIND ElapsedMs=40348.217 Event=COMBAT_MOVE_CANDIDATE_BOUND Actor=Demon Generation=20 Status=CANDIDATE Outstanding=0 Source=<null> Script=_AI_Stumble
CORE C1_STATUS ElapsedMs=40348.751 Event=PERSISTED Actor=Demon Generation=20 Status=PERSISTED Outstanding=0
CORE COLLISION_GROUP ElapsedMs=40498.265 Source=It_2H_Sword_Flamberge UseType=3 Owner=PC_Hero Slot=RIGHT Requested=5 Before=7 After=5 MarkerBitsRetired=1
CORE C1 CLEANUP FULFILLED ElapsedMs=40498.285 Actor=PC_Hero Generation=19 Status=PERSISTED Source=It_2H_Sword_Flamberge Side=RIGHT Requests=1 Outstanding=0 CleanupObserved=1 Group=5
CORE C1_FINAL ElapsedMs=40568.414 Actor=Demon Generation=20 Status=PERSISTED SourceCount=1 PhysicalChanged=0 Source[0]=It_2H_DemonSword_01 Side=RIGHT Outstanding=0 Cleanup=0 Outcome=NO_OP_NO_OUTSTANDING
CORE C1_FINAL ElapsedMs=40588.002 Actor=PC_Hero Generation=19 Status=PERSISTED SourceCount=1 PhysicalChanged=0 Source[0]=It_2H_Sword_Flamberge Side=RIGHT Outstanding=0 Cleanup=1 Outcome=NO_OP_NO_OUTSTANDING
CORE C1_START ElapsedMs=40831.536 Actor=Demon Generation=21 Status=CANDIDATE Outstanding=0 TrackedSources=1 ReplacedGeneration=0 ReplacedOutstanding=0 Source[0]=It_2H_DemonSword_01 Side=RIGHT Group=5
CORE C1_BIND ElapsedMs=40831.548 Event=COMBAT_MOVE_CANDIDATE_BOUND Actor=Demon Generation=21 Status=CANDIDATE Outstanding=0 Source=<null> Script=_AI_PowerAttack
CORE C1_STATUS ElapsedMs=40831.602 Event=PERSISTED Actor=Demon Generation=21 Status=PERSISTED Outstanding=0
CORE C1_BIND ElapsedMs=41264.729 Event=COMBAT_MOVE_REUSED Actor=Demon Generation=21 Status=PERSISTED Outstanding=0 Source=<null> Script=_AI_PowerAttack
CORE COLLISION_GROUP ElapsedMs=41392.204 Source=It_2H_DemonSword_01 UseType=3 Owner=Demon Slot=RIGHT Requested=7 Before=5 After=7 MarkerBitsRetired=0
CORE C1 OFFENSE REQUEST ElapsedMs=41392.234 Actor=Demon Generation=21 Status=PERSISTED Source=It_2H_DemonSword_01 Side=RIGHT Requests=1 Outstanding=1 CleanupObserved=0 Group=7
CORE MARKER ElapsedMs=41392.246 Actor=Demon Action=2 Family=POWER Phase=1 Motion=Demon_Stand_None_2H_P0_PowerAttack_Hit_N_Fwd_00_%_00_P1_150_R.xmot Marker=RIGHT Result=ACCEPTED C1Valid=1 C1=21 StatePosition=1 PreviousMask=0 DesiredMask=1 RetiredMask=0 OwnedMask=0 MarkerOwnedMask=1 Activated=1 Deactivated=0 Retired=0 RearmRequests=1 Clears=1 RightUseType=3
CORE ONDAMAGE ElapsedMs=41454.509 Ordinal=9 Target=PC_Hero Arg1=PC_Hero Arg2=PC_Hero Caller=Game.dll+0x00069484 PlayerAction=0 PlayerPhase=5 PlayerMotion=Hero_Stand_None_2H_P1_Ambient_Loop_N_Fwd_00_%_00_P1_0.xmot Raw8Fist=<none> Raw8UseType=-1 Raw8Group=-1
CORE C1_START ElapsedMs=41458.892 Actor=PC_Hero Generation=22 Status=CANDIDATE Outstanding=0 TrackedSources=1 ReplacedGeneration=0 ReplacedOutstanding=0 Source[0]=It_2H_Sword_Flamberge Side=RIGHT Group=5
CORE C1_STATUS ElapsedMs=41464.583 Event=PERSISTED Actor=PC_Hero Generation=22 Status=PERSISTED Outstanding=0
CORE COLLISION_GROUP ElapsedMs=41726.354 Source=It_2H_DemonSword_01 UseType=3 Owner=Demon Slot=RIGHT Requested=5 Before=7 After=5 MarkerBitsRetired=1
CORE C1 CLEANUP FULFILLED ElapsedMs=41726.374 Actor=Demon Generation=21 Status=PERSISTED Source=It_2H_DemonSword_01 Side=RIGHT Requests=1 Outstanding=0 CleanupObserved=1 Group=5
CORE C1_FINAL ElapsedMs=41726.399 Actor=Demon Generation=21 Status=PERSISTED SourceCount=1 PhysicalChanged=0 Source[0]=It_2H_DemonSword_01 Side=RIGHT Outstanding=0 Cleanup=1 Outcome=NO_OP_NO_OUTSTANDING
CORE C1_START ElapsedMs=42871.803 Actor=Demon Generation=23 Status=CANDIDATE Outstanding=0 TrackedSources=1 ReplacedGeneration=0 ReplacedOutstanding=0 Source[0]=It_2H_DemonSword_01 Side=RIGHT Group=5
CORE C1_BIND ElapsedMs=42871.815 Event=COMBAT_MOVE_CANDIDATE_BOUND Actor=Demon Generation=23 Status=CANDIDATE Outstanding=0 Source=<null> Script=_AI_JumpBack
CORE C1_STATUS ElapsedMs=42875.287 Event=PERSISTED Actor=Demon Generation=23 Status=PERSISTED Outstanding=0
CORE C1_FINAL ElapsedMs=43219.411 Actor=PC_Hero Generation=22 Status=PERSISTED SourceCount=1 PhysicalChanged=0 Source[0]=It_2H_Sword_Flamberge Side=RIGHT Outstanding=0 Cleanup=0 Outcome=NO_OP_NO_OUTSTANDING
CORE COLLISION_GROUP ElapsedMs=43226.252 Source=It_2H_Sword_Flamberge UseType=3 Owner=PC_Hero Slot=RIGHT Requested=7 Before=5 After=7 MarkerBitsRetired=0
CORE C1_START ElapsedMs=43226.281 Actor=PC_Hero Generation=24 Status=OUTER_BOUND Outstanding=0 TrackedSources=1 ReplacedGeneration=0 ReplacedOutstanding=0 Source[0]=It_2H_Sword_Flamberge Side=RIGHT Group=7
CORE C1_BIND ElapsedMs=43226.288 Event=PRECOMBAT_ACQUIRED Actor=PC_Hero Generation=24 Status=OUTER_BOUND Outstanding=0 Source=It_2H_Sword_Flamberge Script=_AI_GetUpAttack
CORE C1 OFFENSE REQUEST ElapsedMs=43226.292 Actor=PC_Hero Generation=24 Status=OUTER_BOUND Source=It_2H_Sword_Flamberge Side=RIGHT Requests=1 Outstanding=1 CleanupObserved=0 Group=7
CORE C1_BIND ElapsedMs=43226.309 Event=PRECOMBAT_BRIDGE_CONSUMED Actor=PC_Hero Generation=24 Status=PERSISTED Outstanding=1 Source=<null> Script=_AI_GetUpAttack
CORE COLLISION_GROUP ElapsedMs=43325.251 Source=It_2H_Sword_Flamberge UseType=3 Owner=PC_Hero Slot=RIGHT Requested=7 Before=7 After=7 MarkerBitsRetired=0
CORE C1 OFFENSE REQUEST ElapsedMs=43325.281 Actor=PC_Hero Generation=24 Status=PERSISTED Source=It_2H_Sword_Flamberge Side=RIGHT Requests=2 Outstanding=1 CleanupObserved=0 Group=7
CORE C1_FINAL ElapsedMs=43418.219 Actor=Demon Generation=23 Status=PERSISTED SourceCount=1 PhysicalChanged=0 Source[0]=It_2H_DemonSword_01 Side=RIGHT Outstanding=0 Cleanup=0 Outcome=NO_OP_NO_OUTSTANDING
CORE COLLISION_GROUP ElapsedMs=43612.649 Source=It_2H_Sword_Flamberge UseType=3 Owner=PC_Hero Slot=RIGHT Requested=5 Before=7 After=5 MarkerBitsRetired=0
CORE C1 CLEANUP FULFILLED ElapsedMs=43612.681 Actor=PC_Hero Generation=24 Status=PERSISTED Source=It_2H_Sword_Flamberge Side=RIGHT Requests=2 Outstanding=0 CleanupObserved=1 Group=5
CORE C1_FINAL ElapsedMs=43612.770 Actor=PC_Hero Generation=24 Status=PERSISTED SourceCount=1 PhysicalChanged=0 Source[0]=It_2H_Sword_Flamberge Side=RIGHT Outstanding=0 Cleanup=1 Outcome=NO_OP_NO_OUTSTANDING
CORE C1_START ElapsedMs=43725.196 Actor=Demon Generation=25 Status=CANDIDATE Outstanding=0 TrackedSources=1 ReplacedGeneration=0 ReplacedOutstanding=0 Source[0]=It_2H_DemonSword_01 Side=RIGHT Group=5
CORE C1_BIND ElapsedMs=43725.208 Event=COMBAT_MOVE_CANDIDATE_BOUND Actor=Demon Generation=25 Status=CANDIDATE Outstanding=0 Source=<null> Script=_AI_PowerAttack
CORE C1_STATUS ElapsedMs=43725.261 Event=PERSISTED Actor=Demon Generation=25 Status=PERSISTED Outstanding=0
CORE C1_BIND ElapsedMs=44186.537 Event=COMBAT_MOVE_REUSED Actor=Demon Generation=25 Status=PERSISTED Outstanding=0 Source=<null> Script=_AI_PowerAttack
CORE C1_START ElapsedMs=44254.438 Actor=PC_Hero Generation=26 Status=CANDIDATE Outstanding=0 TrackedSources=1 ReplacedGeneration=0 ReplacedOutstanding=0 Source[0]=It_2H_Sword_Flamberge Side=RIGHT Group=5
CORE C1_STATUS ElapsedMs=44259.496 Event=PERSISTED Actor=PC_Hero Generation=26 Status=PERSISTED Outstanding=0
CORE COLLISION_GROUP ElapsedMs=44332.322 Source=It_2H_DemonSword_01 UseType=3 Owner=Demon Slot=RIGHT Requested=7 Before=5 After=7 MarkerBitsRetired=0
CORE C1 OFFENSE REQUEST ElapsedMs=44332.351 Actor=Demon Generation=25 Status=PERSISTED Source=It_2H_DemonSword_01 Side=RIGHT Requests=1 Outstanding=1 CleanupObserved=0 Group=7
CORE MARKER ElapsedMs=44332.362 Actor=Demon Action=2 Family=POWER Phase=1 Motion=Demon_Stand_None_2H_P0_PowerAttack_Hit_N_Fwd_00_%_00_P1_150_R.xmot Marker=RIGHT Result=ACCEPTED C1Valid=1 C1=25 StatePosition=1 PreviousMask=0 DesiredMask=1 RetiredMask=0 OwnedMask=0 MarkerOwnedMask=1 Activated=1 Deactivated=0 Retired=0 RearmRequests=1 Clears=1 RightUseType=3
CORE ONDAMAGE ElapsedMs=44393.601 Ordinal=10 Target=PC_Hero Arg1=PC_Hero Arg2=PC_Hero Caller=Game.dll+0x00069484 PlayerAction=0 PlayerPhase=0 PlayerMotion=Hero_Stand_None_2H_P1_Attack_Raise_N_Fwd_00_%_00_P1_0_L.xmot Raw8Fist=<none> Raw8UseType=-1 Raw8Group=-1
CORE C1_START ElapsedMs=44397.666 Actor=PC_Hero Generation=27 Status=CANDIDATE Outstanding=0 TrackedSources=1 ReplacedGeneration=26 ReplacedOutstanding=0 Source[0]=It_2H_Sword_Flamberge Side=RIGHT Group=5
CORE C1_STATUS ElapsedMs=44397.718 Event=PERSISTED Actor=PC_Hero Generation=27 Status=PERSISTED Outstanding=0
CORE COLLISION_GROUP ElapsedMs=44673.253 Source=It_2H_DemonSword_01 UseType=3 Owner=Demon Slot=RIGHT Requested=5 Before=7 After=5 MarkerBitsRetired=1
CORE C1 CLEANUP FULFILLED ElapsedMs=44673.283 Actor=Demon Generation=25 Status=PERSISTED Source=It_2H_DemonSword_01 Side=RIGHT Requests=1 Outstanding=0 CleanupObserved=1 Group=5
CORE C1_FINAL ElapsedMs=44673.306 Actor=Demon Generation=25 Status=PERSISTED SourceCount=1 PhysicalChanged=0 Source[0]=It_2H_DemonSword_01 Side=RIGHT Outstanding=0 Cleanup=1 Outcome=NO_OP_NO_OUTSTANDING
CORE C1_START ElapsedMs=45888.664 Actor=Demon Generation=28 Status=CANDIDATE Outstanding=0 TrackedSources=1 ReplacedGeneration=0 ReplacedOutstanding=0 Source[0]=It_2H_DemonSword_01 Side=RIGHT Group=5
CORE C1_BIND ElapsedMs=45888.677 Event=COMBAT_MOVE_CANDIDATE_BOUND Actor=Demon Generation=28 Status=CANDIDATE Outstanding=0 Source=<null> Script=_AI_JumpBack
CORE C1_STATUS ElapsedMs=45888.735 Event=PERSISTED Actor=Demon Generation=28 Status=PERSISTED Outstanding=0
CORE C1_FINAL ElapsedMs=46233.877 Actor=PC_Hero Generation=27 Status=PERSISTED SourceCount=1 PhysicalChanged=0 Source[0]=It_2H_Sword_Flamberge Side=RIGHT Outstanding=0 Cleanup=0 Outcome=NO_OP_NO_OUTSTANDING
CORE COLLISION_GROUP ElapsedMs=46241.136 Source=It_2H_Sword_Flamberge UseType=3 Owner=PC_Hero Slot=RIGHT Requested=7 Before=5 After=7 MarkerBitsRetired=0
CORE C1_START ElapsedMs=46241.163 Actor=PC_Hero Generation=29 Status=OUTER_BOUND Outstanding=0 TrackedSources=1 ReplacedGeneration=0 ReplacedOutstanding=0 Source[0]=It_2H_Sword_Flamberge Side=RIGHT Group=7
CORE C1_BIND ElapsedMs=46241.170 Event=PRECOMBAT_ACQUIRED Actor=PC_Hero Generation=29 Status=OUTER_BOUND Outstanding=0 Source=It_2H_Sword_Flamberge Script=_AI_GetUpAttack
CORE C1 OFFENSE REQUEST ElapsedMs=46241.174 Actor=PC_Hero Generation=29 Status=OUTER_BOUND Source=It_2H_Sword_Flamberge Side=RIGHT Requests=1 Outstanding=1 CleanupObserved=0 Group=7
CORE C1_BIND ElapsedMs=46241.191 Event=PRECOMBAT_BRIDGE_CONSUMED Actor=PC_Hero Generation=29 Status=PERSISTED Outstanding=1 Source=<null> Script=_AI_GetUpAttack
CORE COLLISION_GROUP ElapsedMs=46338.755 Source=It_2H_Sword_Flamberge UseType=3 Owner=PC_Hero Slot=RIGHT Requested=7 Before=7 After=7 MarkerBitsRetired=0
CORE C1 OFFENSE REQUEST ElapsedMs=46338.785 Actor=PC_Hero Generation=29 Status=PERSISTED Source=It_2H_Sword_Flamberge Side=RIGHT Requests=2 Outstanding=1 CleanupObserved=0 Group=7
CORE C1_FINAL ElapsedMs=46438.142 Actor=Demon Generation=28 Status=PERSISTED SourceCount=1 PhysicalChanged=0 Source[0]=It_2H_DemonSword_01 Side=RIGHT Outstanding=0 Cleanup=0 Outcome=NO_OP_NO_OUTSTANDING
CORE COLLISION_GROUP ElapsedMs=46616.098 Source=It_2H_Sword_Flamberge UseType=3 Owner=PC_Hero Slot=RIGHT Requested=5 Before=7 After=5 MarkerBitsRetired=0
CORE C1 CLEANUP FULFILLED ElapsedMs=46616.126 Actor=PC_Hero Generation=29 Status=PERSISTED Source=It_2H_Sword_Flamberge Side=RIGHT Requests=2 Outstanding=0 CleanupObserved=1 Group=5
CORE C1_FINAL ElapsedMs=46616.157 Actor=PC_Hero Generation=29 Status=PERSISTED SourceCount=1 PhysicalChanged=0 Source[0]=It_2H_Sword_Flamberge Side=RIGHT Outstanding=0 Cleanup=1 Outcome=NO_OP_NO_OUTSTANDING
CORE C1_START ElapsedMs=46747.195 Actor=Demon Generation=30 Status=CANDIDATE Outstanding=0 TrackedSources=1 ReplacedGeneration=0 ReplacedOutstanding=0 Source[0]=It_2H_DemonSword_01 Side=RIGHT Group=5
CORE C1_BIND ElapsedMs=46747.208 Event=COMBAT_MOVE_CANDIDATE_BOUND Actor=Demon Generation=30 Status=CANDIDATE Outstanding=0 Source=<null> Script=_AI_PowerAttack
CORE C1_STATUS ElapsedMs=46747.266 Event=PERSISTED Actor=Demon Generation=30 Status=PERSISTED Outstanding=0
CORE C1_START ElapsedMs=47197.198 Actor=PC_Hero Generation=31 Status=CANDIDATE Outstanding=0 TrackedSources=1 ReplacedGeneration=0 ReplacedOutstanding=0 Source[0]=It_2H_Sword_Flamberge Side=RIGHT Group=5
CORE C1_STATUS ElapsedMs=47197.272 Event=PERSISTED Actor=PC_Hero Generation=31 Status=PERSISTED Outstanding=0
CORE C1_BIND ElapsedMs=47227.865 Event=COMBAT_MOVE_REUSED Actor=Demon Generation=30 Status=PERSISTED Outstanding=0 Source=<null> Script=_AI_PowerAttack
CORE C1_START ElapsedMs=47350.866 Actor=PC_Hero Generation=32 Status=CANDIDATE Outstanding=0 TrackedSources=1 ReplacedGeneration=31 ReplacedOutstanding=0 Source[0]=It_2H_Sword_Flamberge Side=RIGHT Group=5
CORE C1_BIND ElapsedMs=47350.879 Event=COMBAT_MOVE_CANDIDATE_BOUND Actor=PC_Hero Generation=32 Status=CANDIDATE Outstanding=0 Source=<null> Script=_AI_Attack
CORE C1_STATUS ElapsedMs=47357.116 Event=PERSISTED Actor=PC_Hero Generation=32 Status=PERSISTED Outstanding=0
CORE ATTACK_OWNERSHIP ElapsedMs=47357.148 Actor=PC_Hero Family=NORMAL Action=1 Phase=1 Motion=Hero_Stand_None_2H_P1_Attack_Hit_N_Fwd_00_%_00_P0_90_L.xmot MarkerPresent=1 RequiredMask=1 FistMarkers=0 Raw8Fist=<none> Raw8UseType=-1 SuppressNative=1 Classification=ROUTINE
CORE COLLISION_GROUP ElapsedMs=47364.363 Source=It_2H_DemonSword_01 UseType=3 Owner=Demon Slot=RIGHT Requested=7 Before=5 After=7 MarkerBitsRetired=0
CORE C1 OFFENSE REQUEST ElapsedMs=47364.391 Actor=Demon Generation=30 Status=PERSISTED Source=It_2H_DemonSword_01 Side=RIGHT Requests=1 Outstanding=1 CleanupObserved=0 Group=7
CORE MARKER ElapsedMs=47364.403 Actor=Demon Action=2 Family=POWER Phase=1 Motion=Demon_Stand_None_2H_P0_PowerAttack_Hit_N_Fwd_00_%_00_P1_150_R.xmot Marker=RIGHT Result=ACCEPTED C1Valid=1 C1=30 StatePosition=1 PreviousMask=0 DesiredMask=1 RetiredMask=0 OwnedMask=0 MarkerOwnedMask=1 Activated=1 Deactivated=0 Retired=0 RearmRequests=1 Clears=1 RightUseType=3
CORE ONDAMAGE ElapsedMs=47414.695 Ordinal=11 Target=PC_Hero Arg1=PC_Hero Arg2=PC_Hero Caller=Game.dll+0x00069484 PlayerAction=1 PlayerPhase=1 PlayerMotion=Hero_Stand_None_2H_P1_Attack_Hit_N_Fwd_00_%_00_P0_90_L.xmot Raw8Fist=<none> Raw8UseType=-1 Raw8Group=-1
CORE C1_START ElapsedMs=47420.727 Actor=PC_Hero Generation=33 Status=CANDIDATE Outstanding=0 TrackedSources=1 ReplacedGeneration=32 ReplacedOutstanding=0 Source[0]=It_2H_Sword_Flamberge Side=RIGHT Group=5
CORE C1_STATUS ElapsedMs=47420.815 Event=PERSISTED Actor=PC_Hero Generation=33 Status=PERSISTED Outstanding=0
CORE COLLISION_GROUP ElapsedMs=47696.512 Source=It_2H_DemonSword_01 UseType=3 Owner=Demon Slot=RIGHT Requested=5 Before=7 After=5 MarkerBitsRetired=1
CORE C1 CLEANUP FULFILLED ElapsedMs=47696.543 Actor=Demon Generation=30 Status=PERSISTED Source=It_2H_DemonSword_01 Side=RIGHT Requests=1 Outstanding=0 CleanupObserved=1 Group=5
CORE C1_FINAL ElapsedMs=47696.566 Actor=Demon Generation=30 Status=PERSISTED SourceCount=1 PhysicalChanged=0 Source[0]=It_2H_DemonSword_01 Side=RIGHT Outstanding=0 Cleanup=1 Outcome=NO_OP_NO_OUTSTANDING
CORE C1_START ElapsedMs=48895.482 Actor=Demon Generation=34 Status=CANDIDATE Outstanding=0 TrackedSources=1 ReplacedGeneration=0 ReplacedOutstanding=0 Source[0]=It_2H_DemonSword_01 Side=RIGHT Group=5
CORE C1_BIND ElapsedMs=48895.494 Event=COMBAT_MOVE_CANDIDATE_BOUND Actor=Demon Generation=34 Status=CANDIDATE Outstanding=0 Source=<null> Script=_AI_JumpBack
CORE C1_STATUS ElapsedMs=48895.550 Event=PERSISTED Actor=Demon Generation=34 Status=PERSISTED Outstanding=0
CORE C1_FINAL ElapsedMs=49226.531 Actor=PC_Hero Generation=33 Status=PERSISTED SourceCount=1 PhysicalChanged=0 Source[0]=It_2H_Sword_Flamberge Side=RIGHT Outstanding=0 Cleanup=0 Outcome=NO_OP_NO_OUTSTANDING
CORE COLLISION_GROUP ElapsedMs=49235.231 Source=It_2H_Sword_Flamberge UseType=3 Owner=PC_Hero Slot=RIGHT Requested=7 Before=5 After=7 MarkerBitsRetired=0
CORE C1_START ElapsedMs=49235.263 Actor=PC_Hero Generation=35 Status=OUTER_BOUND Outstanding=0 TrackedSources=1 ReplacedGeneration=0 ReplacedOutstanding=0 Source[0]=It_2H_Sword_Flamberge Side=RIGHT Group=7
CORE C1_BIND ElapsedMs=49235.285 Event=PRECOMBAT_ACQUIRED Actor=PC_Hero Generation=35 Status=OUTER_BOUND Outstanding=0 Source=It_2H_Sword_Flamberge Script=_AI_GetUpAttack
CORE C1 OFFENSE REQUEST ElapsedMs=49235.291 Actor=PC_Hero Generation=35 Status=OUTER_BOUND Source=It_2H_Sword_Flamberge Side=RIGHT Requests=1 Outstanding=1 CleanupObserved=0 Group=7
CORE C1_BIND ElapsedMs=49235.321 Event=PRECOMBAT_BRIDGE_CONSUMED Actor=PC_Hero Generation=35 Status=PERSISTED Outstanding=1 Source=<null> Script=_AI_GetUpAttack
CORE COLLISION_GROUP ElapsedMs=49322.390 Source=It_2H_Sword_Flamberge UseType=3 Owner=PC_Hero Slot=RIGHT Requested=7 Before=7 After=7 MarkerBitsRetired=0
CORE C1 OFFENSE REQUEST ElapsedMs=49322.418 Actor=PC_Hero Generation=35 Status=PERSISTED Source=It_2H_Sword_Flamberge Side=RIGHT Requests=2 Outstanding=1 CleanupObserved=0 Group=7
CORE C1_FINAL ElapsedMs=49414.662 Actor=Demon Generation=34 Status=PERSISTED SourceCount=1 PhysicalChanged=0 Source[0]=It_2H_DemonSword_01 Side=RIGHT Outstanding=0 Cleanup=0 Outcome=NO_OP_NO_OUTSTANDING
CORE COLLISION_GROUP ElapsedMs=49587.810 Source=It_2H_Sword_Flamberge UseType=3 Owner=PC_Hero Slot=RIGHT Requested=5 Before=7 After=5 MarkerBitsRetired=0
CORE C1 CLEANUP FULFILLED ElapsedMs=49587.838 Actor=PC_Hero Generation=35 Status=PERSISTED Source=It_2H_Sword_Flamberge Side=RIGHT Requests=2 Outstanding=0 CleanupObserved=1 Group=5
CORE C1_FINAL ElapsedMs=49587.865 Actor=PC_Hero Generation=35 Status=PERSISTED SourceCount=1 PhysicalChanged=0 Source[0]=It_2H_Sword_Flamberge Side=RIGHT Outstanding=0 Cleanup=1 Outcome=NO_OP_NO_OUTSTANDING
CORE C1_START ElapsedMs=49651.581 Actor=Demon Generation=36 Status=CANDIDATE Outstanding=0 TrackedSources=1 ReplacedGeneration=0 ReplacedOutstanding=0 Source[0]=It_2H_DemonSword_01 Side=RIGHT Group=5
CORE C1_BIND ElapsedMs=49651.592 Event=COMBAT_MOVE_CANDIDATE_BOUND Actor=Demon Generation=36 Status=CANDIDATE Outstanding=0 Source=<null> Script=_AI_Attack
CORE C1_STATUS ElapsedMs=49651.645 Event=PERSISTED Actor=Demon Generation=36 Status=PERSISTED Outstanding=0
CORE ATTACK_OWNERSHIP ElapsedMs=49651.660 Actor=Demon Family=NORMAL Action=1 Phase=1 Motion=Demon_Stand_None_2H_P0_Attack_Hit_N_Fwd_00_%_00_P1_150_R.xmot MarkerPresent=1 RequiredMask=1 FistMarkers=0 Raw8Fist=<none> Raw8UseType=-1 SuppressNative=1 Classification=ROUTINE
CORE COLLISION_GROUP ElapsedMs=49845.808 Source=It_2H_DemonSword_01 UseType=3 Owner=Demon Slot=RIGHT Requested=7 Before=5 After=7 MarkerBitsRetired=0
CORE C1 OFFENSE REQUEST ElapsedMs=49845.837 Actor=Demon Generation=36 Status=PERSISTED Source=It_2H_DemonSword_01 Side=RIGHT Requests=1 Outstanding=1 CleanupObserved=0 Group=7
CORE MARKER ElapsedMs=49845.848 Actor=Demon Action=1 Family=NORMAL Phase=1 Motion=Demon_Stand_None_2H_P0_Attack_Hit_N_Fwd_00_%_00_P1_150_R.xmot Marker=RIGHT Result=ACCEPTED C1Valid=1 C1=36 StatePosition=0 PreviousMask=0 DesiredMask=1 RetiredMask=0 OwnedMask=0 MarkerOwnedMask=1 Activated=1 Deactivated=0 Retired=0 RearmRequests=1 Clears=1 RightUseType=3
CORE ONDAMAGE ElapsedMs=49918.336 Ordinal=12 Target=PC_Hero Arg1=PC_Hero Arg2=PC_Hero Caller=Game.dll+0x00069484 PlayerAction=0 PlayerPhase=12 PlayerMotion=Hero_Stand_None_2H_P1_Move_Stand_N_Fwd_00_%_00_P1_0.xmot Raw8Fist=<none> Raw8UseType=-1 Raw8Group=-1
CORE C1_START ElapsedMs=49920.502 Actor=PC_Hero Generation=37 Status=CANDIDATE Outstanding=0 TrackedSources=1 ReplacedGeneration=0 ReplacedOutstanding=0 Source[0]=It_2H_Sword_Flamberge Side=RIGHT Group=5
CORE C1_BIND ElapsedMs=49920.510 Event=COMBAT_MOVE_CANDIDATE_BOUND Actor=PC_Hero Generation=37 Status=CANDIDATE Outstanding=0 Source=<null> Script=_AI_Stumble
CORE C1_STATUS ElapsedMs=49920.560 Event=PERSISTED Actor=PC_Hero Generation=37 Status=PERSISTED Outstanding=0
CORE C1_FINAL ElapsedMs=50192.880 Actor=PC_Hero Generation=37 Status=PERSISTED SourceCount=1 PhysicalChanged=0 Source[0]=It_2H_Sword_Flamberge Side=RIGHT Outstanding=0 Cleanup=0 Outcome=NO_OP_NO_OUTSTANDING
CORE COLLISION_GROUP ElapsedMs=50302.420 Source=It_2H_DemonSword_01 UseType=3 Owner=Demon Slot=RIGHT Requested=5 Before=7 After=5 MarkerBitsRetired=1
CORE C1 CLEANUP FULFILLED ElapsedMs=50302.450 Actor=Demon Generation=36 Status=PERSISTED Source=It_2H_DemonSword_01 Side=RIGHT Requests=1 Outstanding=0 CleanupObserved=1 Group=5
CORE C1_FINAL ElapsedMs=50302.472 Actor=Demon Generation=36 Status=PERSISTED SourceCount=1 PhysicalChanged=0 Source[0]=It_2H_DemonSword_01 Side=RIGHT Outstanding=0 Cleanup=1 Outcome=NO_OP_NO_OUTSTANDING
CORE C1_START ElapsedMs=51668.879 Actor=Demon Generation=38 Status=CANDIDATE Outstanding=0 TrackedSources=1 ReplacedGeneration=0 ReplacedOutstanding=0 Source[0]=It_2H_DemonSword_01 Side=RIGHT Group=5
CORE C1_BIND ElapsedMs=51668.898 Event=COMBAT_MOVE_CANDIDATE_BOUND Actor=Demon Generation=38 Status=CANDIDATE Outstanding=0 Source=<null> Script=_AI_PowerAttack
CORE C1_STATUS ElapsedMs=51668.974 Event=PERSISTED Actor=Demon Generation=38 Status=PERSISTED Outstanding=0
CORE C1_START ElapsedMs=51912.712 Actor=PC_Hero Generation=39 Status=CANDIDATE Outstanding=0 TrackedSources=1 ReplacedGeneration=0 ReplacedOutstanding=0 Source[0]=It_2H_Sword_Flamberge Side=RIGHT Group=5
CORE C1_STATUS ElapsedMs=51912.785 Event=PERSISTED Actor=PC_Hero Generation=39 Status=PERSISTED Outstanding=0
CORE C1_START ElapsedMs=52055.393 Actor=PC_Hero Generation=40 Status=CANDIDATE Outstanding=0 TrackedSources=1 ReplacedGeneration=39 ReplacedOutstanding=0 Source[0]=It_2H_Sword_Flamberge Side=RIGHT Group=5
CORE C1_BIND ElapsedMs=52055.406 Event=COMBAT_MOVE_CANDIDATE_BOUND Actor=PC_Hero Generation=40 Status=CANDIDATE Outstanding=0 Source=<null> Script=_AI_Attack
CORE C1_STATUS ElapsedMs=52055.471 Event=PERSISTED Actor=PC_Hero Generation=40 Status=PERSISTED Outstanding=0
CORE ATTACK_OWNERSHIP ElapsedMs=52055.489 Actor=PC_Hero Family=NORMAL Action=1 Phase=1 Motion=Hero_Stand_None_2H_P0_Attack_Hit_N_Fwd_00_%_00_P1_90_R.xmot MarkerPresent=1 RequiredMask=1 FistMarkers=0 Raw8Fist=<none> Raw8UseType=-1 SuppressNative=1 Classification=ROUTINE
CORE C1_BIND ElapsedMs=52130.069 Event=COMBAT_MOVE_REUSED Actor=Demon Generation=38 Status=PERSISTED Outstanding=0 Source=<null> Script=_AI_PowerAttack
CORE ATTACK_OWNERSHIP ElapsedMs=52130.148 Actor=Demon Family=POWER Action=2 Phase=1 Motion=Demon_Stand_None_2H_P0_PowerAttack_Hit_N_Fwd_00_%_00_P1_150_R.xmot MarkerPresent=1 RequiredMask=1 FistMarkers=0 Raw8Fist=<none> Raw8UseType=-1 SuppressNative=1 Classification=ROUTINE
CORE COLLISION_GROUP ElapsedMs=52276.125 Source=It_2H_DemonSword_01 UseType=3 Owner=Demon Slot=RIGHT Requested=7 Before=5 After=7 MarkerBitsRetired=0
CORE C1 OFFENSE REQUEST ElapsedMs=52276.154 Actor=Demon Generation=38 Status=PERSISTED Source=It_2H_DemonSword_01 Side=RIGHT Requests=1 Outstanding=1 CleanupObserved=0 Group=7
CORE MARKER ElapsedMs=52276.166 Actor=Demon Action=2 Family=POWER Phase=1 Motion=Demon_Stand_None_2H_P0_PowerAttack_Hit_N_Fwd_00_%_00_P1_150_R.xmot Marker=RIGHT Result=ACCEPTED C1Valid=1 C1=38 StatePosition=1 PreviousMask=0 DesiredMask=1 RetiredMask=0 OwnedMask=0 MarkerOwnedMask=1 Activated=1 Deactivated=0 Retired=0 RearmRequests=1 Clears=1 RightUseType=3
CORE COLLISION_GROUP ElapsedMs=52311.756 Source=It_2H_Sword_Flamberge UseType=3 Owner=PC_Hero Slot=RIGHT Requested=7 Before=5 After=7 MarkerBitsRetired=0
CORE C1 OFFENSE REQUEST ElapsedMs=52311.788 Actor=PC_Hero Generation=40 Status=PERSISTED Source=It_2H_Sword_Flamberge Side=RIGHT Requests=1 Outstanding=1 CleanupObserved=0 Group=7
CORE MARKER ElapsedMs=52311.800 Actor=PC_Hero Action=1 Family=NORMAL Phase=1 Motion=Hero_Stand_None_2H_P0_Attack_Hit_N_Fwd_00_%_00_P1_90_R.xmot Marker=RIGHT Result=ACCEPTED C1Valid=1 C1=40 StatePosition=0 PreviousMask=0 DesiredMask=1 RetiredMask=0 OwnedMask=0 MarkerOwnedMask=1 Activated=1 Deactivated=0 Retired=0 RearmRequests=1 Clears=1 RightUseType=3
CORE ONDAMAGE ElapsedMs=52342.017 Ordinal=13 Target=PC_Hero Arg1=PC_Hero Arg2=PC_Hero Caller=Game.dll+0x00069484 PlayerAction=1 PlayerPhase=1 PlayerMotion=Hero_Stand_None_2H_P0_Attack_Hit_N_Fwd_00_%_00_P1_90_R.xmot Raw8Fist=<none> Raw8UseType=-1 Raw8Group=-1
CORE COLLISION_GROUP ElapsedMs=52344.875 Source=It_2H_Sword_Flamberge UseType=3 Owner=PC_Hero Slot=RIGHT Requested=5 Before=7 After=5 MarkerBitsRetired=1
CORE C1 CLEANUP FULFILLED ElapsedMs=52344.890 Actor=PC_Hero Generation=40 Status=PERSISTED Source=It_2H_Sword_Flamberge Side=RIGHT Requests=1 Outstanding=0 CleanupObserved=1 Group=5
CORE C1_START ElapsedMs=52346.173 Actor=PC_Hero Generation=41 Status=CANDIDATE Outstanding=0 TrackedSources=1 ReplacedGeneration=40 ReplacedOutstanding=0 Source[0]=It_2H_Sword_Flamberge Side=RIGHT Group=5
CORE C1_STATUS ElapsedMs=52346.223 Event=PERSISTED Actor=PC_Hero Generation=41 Status=PERSISTED Outstanding=0
CORE COLLISION_GROUP ElapsedMs=52611.564 Source=It_2H_DemonSword_01 UseType=3 Owner=Demon Slot=RIGHT Requested=5 Before=7 After=5 MarkerBitsRetired=1
CORE C1 CLEANUP FULFILLED ElapsedMs=52611.595 Actor=Demon Generation=38 Status=PERSISTED Source=It_2H_DemonSword_01 Side=RIGHT Requests=1 Outstanding=0 CleanupObserved=1 Group=5
CORE C1_FINAL ElapsedMs=52611.619 Actor=Demon Generation=38 Status=PERSISTED SourceCount=1 PhysicalChanged=0 Source[0]=It_2H_DemonSword_01 Side=RIGHT Outstanding=0 Cleanup=1 Outcome=NO_OP_NO_OUTSTANDING
CORE C1_START ElapsedMs=53847.754 Actor=Demon Generation=42 Status=CANDIDATE Outstanding=0 TrackedSources=1 ReplacedGeneration=0 ReplacedOutstanding=0 Source[0]=It_2H_DemonSword_01 Side=RIGHT Group=5
CORE C1_BIND ElapsedMs=53847.768 Event=COMBAT_MOVE_CANDIDATE_BOUND Actor=Demon Generation=42 Status=CANDIDATE Outstanding=0 Source=<null> Script=_AI_JumpBack
CORE C1_STATUS ElapsedMs=53847.826 Event=PERSISTED Actor=Demon Generation=42 Status=PERSISTED Outstanding=0
CORE C1_FINAL ElapsedMs=54204.114 Actor=PC_Hero Generation=41 Status=PERSISTED SourceCount=1 PhysicalChanged=0 Source[0]=It_2H_Sword_Flamberge Side=RIGHT Outstanding=0 Cleanup=0 Outcome=NO_OP_NO_OUTSTANDING
CORE COLLISION_GROUP ElapsedMs=54212.309 Source=It_2H_Sword_Flamberge UseType=3 Owner=PC_Hero Slot=RIGHT Requested=7 Before=5 After=7 MarkerBitsRetired=0
CORE C1_START ElapsedMs=54212.339 Actor=PC_Hero Generation=43 Status=OUTER_BOUND Outstanding=0 TrackedSources=1 ReplacedGeneration=0 ReplacedOutstanding=0 Source[0]=It_2H_Sword_Flamberge Side=RIGHT Group=7
CORE C1_BIND ElapsedMs=54212.346 Event=PRECOMBAT_ACQUIRED Actor=PC_Hero Generation=43 Status=OUTER_BOUND Outstanding=0 Source=It_2H_Sword_Flamberge Script=_AI_GetUpAttack
CORE C1 OFFENSE REQUEST ElapsedMs=54212.350 Actor=PC_Hero Generation=43 Status=OUTER_BOUND Source=It_2H_Sword_Flamberge Side=RIGHT Requests=1 Outstanding=1 CleanupObserved=0 Group=7
CORE C1_BIND ElapsedMs=54212.370 Event=PRECOMBAT_BRIDGE_CONSUMED Actor=PC_Hero Generation=43 Status=PERSISTED Outstanding=1 Source=<null> Script=_AI_GetUpAttack
CORE COLLISION_GROUP ElapsedMs=54304.815 Source=It_2H_Sword_Flamberge UseType=3 Owner=PC_Hero Slot=RIGHT Requested=7 Before=7 After=7 MarkerBitsRetired=0
CORE C1 OFFENSE REQUEST ElapsedMs=54304.879 Actor=PC_Hero Generation=43 Status=PERSISTED Source=It_2H_Sword_Flamberge Side=RIGHT Requests=2 Outstanding=1 CleanupObserved=0 Group=7
CORE C1_FINAL ElapsedMs=54408.543 Actor=Demon Generation=42 Status=PERSISTED SourceCount=1 PhysicalChanged=0 Source[0]=It_2H_DemonSword_01 Side=RIGHT Outstanding=0 Cleanup=0 Outcome=NO_OP_NO_OUTSTANDING
CORE COLLISION_GROUP ElapsedMs=54590.879 Source=It_2H_Sword_Flamberge UseType=3 Owner=PC_Hero Slot=RIGHT Requested=5 Before=7 After=5 MarkerBitsRetired=0
CORE C1 CLEANUP FULFILLED ElapsedMs=54590.909 Actor=PC_Hero Generation=43 Status=PERSISTED Source=It_2H_Sword_Flamberge Side=RIGHT Requests=2 Outstanding=0 CleanupObserved=1 Group=5
CORE C1_FINAL ElapsedMs=54590.940 Actor=PC_Hero Generation=43 Status=PERSISTED SourceCount=1 PhysicalChanged=0 Source[0]=It_2H_Sword_Flamberge Side=RIGHT Outstanding=0 Cleanup=1 Outcome=NO_OP_NO_OUTSTANDING
CORE C1_START ElapsedMs=54640.055 Actor=Demon Generation=44 Status=CANDIDATE Outstanding=0 TrackedSources=1 ReplacedGeneration=0 ReplacedOutstanding=0 Source[0]=It_2H_DemonSword_01 Side=RIGHT Group=5
CORE C1_BIND ElapsedMs=54640.067 Event=COMBAT_MOVE_CANDIDATE_BOUND Actor=Demon Generation=44 Status=CANDIDATE Outstanding=0 Source=<null> Script=_AI_Attack
CORE C1_STATUS ElapsedMs=54640.125 Event=PERSISTED Actor=Demon Generation=44 Status=PERSISTED Outstanding=0
CORE ATTACK_OWNERSHIP ElapsedMs=54640.139 Actor=Demon Family=NORMAL Action=1 Phase=1 Motion=Demon_Stand_None_2H_P0_Attack_Hit_N_Fwd_00_%_00_P1_150_R.xmot MarkerPresent=1 RequiredMask=1 FistMarkers=0 Raw8Fist=<none> Raw8UseType=-1 SuppressNative=1 Classification=ROUTINE
CORE COLLISION_GROUP ElapsedMs=54847.440 Source=It_2H_DemonSword_01 UseType=3 Owner=Demon Slot=RIGHT Requested=7 Before=5 After=7 MarkerBitsRetired=0
CORE C1 OFFENSE REQUEST ElapsedMs=54847.469 Actor=Demon Generation=44 Status=PERSISTED Source=It_2H_DemonSword_01 Side=RIGHT Requests=1 Outstanding=1 CleanupObserved=0 Group=7
CORE MARKER ElapsedMs=54847.480 Actor=Demon Action=1 Family=NORMAL Phase=1 Motion=Demon_Stand_None_2H_P0_Attack_Hit_N_Fwd_00_%_00_P1_150_R.xmot Marker=RIGHT Result=ACCEPTED C1Valid=1 C1=44 StatePosition=0 PreviousMask=0 DesiredMask=1 RetiredMask=0 OwnedMask=0 MarkerOwnedMask=1 Activated=1 Deactivated=0 Retired=0 RearmRequests=1 Clears=1 RightUseType=3
CORE C1_START ElapsedMs=54910.531 Actor=PC_Hero Generation=45 Status=CANDIDATE Outstanding=0 TrackedSources=1 ReplacedGeneration=0 ReplacedOutstanding=0 Source[0]=It_2H_Sword_Flamberge Side=RIGHT Group=5
CORE C1_STATUS ElapsedMs=54910.603 Event=PERSISTED Actor=PC_Hero Generation=45 Status=PERSISTED Outstanding=0
CORE ONDAMAGE ElapsedMs=54919.747 Ordinal=14 Target=PC_Hero Arg1=PC_Hero Arg2=PC_Hero Caller=Game.dll+0x00069484 PlayerAction=0 PlayerPhase=0 PlayerMotion=Hero_Stand_None_2H_P1_Attack_Raise_N_Fwd_00_%_00_P1_0_L.xmot Raw8Fist=<none> Raw8UseType=-1 Raw8Group=-1
CORE C1_START ElapsedMs=54921.179 Actor=PC_Hero Generation=46 Status=CANDIDATE Outstanding=0 TrackedSources=1 ReplacedGeneration=45 ReplacedOutstanding=0 Source[0]=It_2H_Sword_Flamberge Side=RIGHT Group=5
CORE C1_BIND ElapsedMs=54921.186 Event=COMBAT_MOVE_CANDIDATE_BOUND Actor=PC_Hero Generation=46 Status=CANDIDATE Outstanding=0 Source=<null> Script=_AI_Stumble
CORE C1_STATUS ElapsedMs=54921.237 Event=PERSISTED Actor=PC_Hero Generation=46 Status=PERSISTED Outstanding=0
CORE C1_FINAL ElapsedMs=55206.958 Actor=PC_Hero Generation=46 Status=PERSISTED SourceCount=1 PhysicalChanged=0 Source[0]=It_2H_Sword_Flamberge Side=RIGHT Outstanding=0 Cleanup=0 Outcome=NO_OP_NO_OUTSTANDING
CORE COLLISION_GROUP ElapsedMs=55333.731 Source=It_2H_DemonSword_01 UseType=3 Owner=Demon Slot=RIGHT Requested=5 Before=7 After=5 MarkerBitsRetired=1
CORE C1 CLEANUP FULFILLED ElapsedMs=55333.760 Actor=Demon Generation=44 Status=PERSISTED Source=It_2H_DemonSword_01 Side=RIGHT Requests=1 Outstanding=0 CleanupObserved=1 Group=5
CORE C1_FINAL ElapsedMs=55333.780 Actor=Demon Generation=44 Status=PERSISTED SourceCount=1 PhysicalChanged=0 Source[0]=It_2H_DemonSword_01 Side=RIGHT Outstanding=0 Cleanup=1 Outcome=NO_OP_NO_OUTSTANDING
CORE C1_START ElapsedMs=55868.437 Actor=PC_Hero Generation=47 Status=CANDIDATE Outstanding=0 TrackedSources=1 ReplacedGeneration=0 ReplacedOutstanding=0 Source[0]=It_2H_Sword_Flamberge Side=RIGHT Group=5
CORE C1_BIND ElapsedMs=55868.450 Event=COMBAT_MOVE_CANDIDATE_BOUND Actor=PC_Hero Generation=47 Status=CANDIDATE Outstanding=0 Source=<null> Script=_AI_QuickAttack
CORE C1_STATUS ElapsedMs=55868.551 Event=PERSISTED Actor=PC_Hero Generation=47 Status=PERSISTED Outstanding=0
CORE ATTACK_OWNERSHIP ElapsedMs=55868.568 Actor=PC_Hero Family=QUICK Action=5 Phase=1 Motion=Hero_Stand_None_2H_P0_QuickAttackL_Hit_N_Fwd_00_%_00_P1_90_L.xmot MarkerPresent=1 RequiredMask=1 FistMarkers=0 Raw8Fist=<none> Raw8UseType=-1 SuppressNative=1 Classification=ROUTINE
CORE COLLISION_GROUP ElapsedMs=56122.431 Source=It_2H_Sword_Flamberge UseType=3 Owner=PC_Hero Slot=RIGHT Requested=7 Before=5 After=7 MarkerBitsRetired=0
CORE C1 OFFENSE REQUEST ElapsedMs=56122.464 Actor=PC_Hero Generation=47 Status=PERSISTED Source=It_2H_Sword_Flamberge Side=RIGHT Requests=1 Outstanding=1 CleanupObserved=0 Group=7
CORE MARKER ElapsedMs=56122.479 Actor=PC_Hero Action=5 Family=QUICK Phase=1 Motion=Hero_Stand_None_2H_P0_QuickAttackL_Hit_N_Fwd_00_%_00_P1_90_L.xmot Marker=RIGHT Result=ACCEPTED C1Valid=1 C1=47 StatePosition=1 PreviousMask=0 DesiredMask=1 RetiredMask=0 OwnedMask=0 MarkerOwnedMask=1 Activated=1 Deactivated=0 Retired=0 RearmRequests=1 Clears=1 RightUseType=3
CORE ONDAMAGE ElapsedMs=56170.301 Ordinal=15 Target=Demon Arg1=Demon Arg2=Demon Caller=Game.dll+0x00069484 PlayerAction=5 PlayerPhase=1 PlayerMotion=Hero_Stand_None_2H_P0_QuickAttackL_Hit_N_Fwd_00_%_00_P1_90_L.xmot Raw8Fist=<none> Raw8UseType=-1 Raw8Group=-1
CORE C1_START ElapsedMs=56176.990 Actor=Demon Generation=48 Status=CANDIDATE Outstanding=0 TrackedSources=1 ReplacedGeneration=0 ReplacedOutstanding=0 Source[0]=It_2H_DemonSword_01 Side=RIGHT Group=5
CORE C1_BIND ElapsedMs=56177.002 Event=COMBAT_MOVE_CANDIDATE_BOUND Actor=Demon Generation=48 Status=CANDIDATE Outstanding=0 Source=<null> Script=_AI_Stumble
CORE C1_STATUS ElapsedMs=56180.335 Event=PERSISTED Actor=Demon Generation=48 Status=PERSISTED Outstanding=0
CORE COLLISION_GROUP ElapsedMs=56313.673 Source=It_2H_Sword_Flamberge UseType=3 Owner=PC_Hero Slot=RIGHT Requested=5 Before=7 After=5 MarkerBitsRetired=1
CORE C1 CLEANUP FULFILLED ElapsedMs=56313.702 Actor=PC_Hero Generation=47 Status=PERSISTED Source=It_2H_Sword_Flamberge Side=RIGHT Requests=1 Outstanding=0 CleanupObserved=1 Group=5
CORE C1_FINAL ElapsedMs=56406.179 Actor=Demon Generation=48 Status=PERSISTED SourceCount=1 PhysicalChanged=0 Source[0]=It_2H_DemonSword_01 Side=RIGHT Outstanding=0 Cleanup=0 Outcome=NO_OP_NO_OUTSTANDING
CORE C1_FINAL ElapsedMs=56406.286 Actor=PC_Hero Generation=47 Status=PERSISTED SourceCount=1 PhysicalChanged=0 Source[0]=It_2H_Sword_Flamberge Side=RIGHT Outstanding=0 Cleanup=1 Outcome=NO_OP_NO_OUTSTANDING
CORE C1_START ElapsedMs=56574.412 Actor=Demon Generation=49 Status=CANDIDATE Outstanding=0 TrackedSources=1 ReplacedGeneration=0 ReplacedOutstanding=0 Source[0]=It_2H_DemonSword_01 Side=RIGHT Group=5
CORE C1_BIND ElapsedMs=56574.425 Event=COMBAT_MOVE_CANDIDATE_BOUND Actor=Demon Generation=49 Status=CANDIDATE Outstanding=0 Source=<null> Script=_AI_QuickAttack
CORE C1_STATUS ElapsedMs=56574.502 Event=CANCELLED_IMMEDIATE_RESULT Actor=Demon Generation=49 Status=CANDIDATE Outstanding=0
CORE C1_START ElapsedMs=58150.732 Actor=Demon Generation=50 Status=CANDIDATE Outstanding=0 TrackedSources=1 ReplacedGeneration=0 ReplacedOutstanding=0 Source[0]=It_2H_DemonSword_01 Side=RIGHT Group=5
CORE C1_BIND ElapsedMs=58150.746 Event=COMBAT_MOVE_CANDIDATE_BOUND Actor=Demon Generation=50 Status=CANDIDATE Outstanding=0 Source=<null> Script=_AI_PowerAttack
CORE C1_STATUS ElapsedMs=58150.810 Event=PERSISTED Actor=Demon Generation=50 Status=PERSISTED Outstanding=0
CORE C1_BIND ElapsedMs=58613.079 Event=COMBAT_MOVE_REUSED Actor=Demon Generation=50 Status=PERSISTED Outstanding=0 Source=<null> Script=_AI_PowerAttack
CORE ATTACK_OWNERSHIP ElapsedMs=58613.156 Actor=Demon Family=POWER Action=2 Phase=1 Motion=Demon_Stand_None_2H_P0_PowerAttack_Hit_N_Fwd_00_%_00_P1_150_R.xmot MarkerPresent=1 RequiredMask=1 FistMarkers=0 Raw8Fist=<none> Raw8UseType=-1 SuppressNative=1 Classification=ROUTINE
CORE COLLISION_GROUP ElapsedMs=58747.293 Source=It_2H_DemonSword_01 UseType=3 Owner=Demon Slot=RIGHT Requested=7 Before=5 After=7 MarkerBitsRetired=0
CORE C1 OFFENSE REQUEST ElapsedMs=58747.322 Actor=Demon Generation=50 Status=PERSISTED Source=It_2H_DemonSword_01 Side=RIGHT Requests=1 Outstanding=1 CleanupObserved=0 Group=7
CORE MARKER ElapsedMs=58747.335 Actor=Demon Action=2 Family=POWER Phase=1 Motion=Demon_Stand_None_2H_P0_PowerAttack_Hit_N_Fwd_00_%_00_P1_150_R.xmot Marker=RIGHT Result=ACCEPTED C1Valid=1 C1=50 StatePosition=1 PreviousMask=0 DesiredMask=1 RetiredMask=0 OwnedMask=0 MarkerOwnedMask=1 Activated=1 Deactivated=0 Retired=0 RearmRequests=1 Clears=1 RightUseType=3
CORE C1_START ElapsedMs=59022.361 Actor=PC_Hero Generation=51 Status=CANDIDATE Outstanding=0 TrackedSources=1 ReplacedGeneration=0 ReplacedOutstanding=0 Source[0]=It_2H_Sword_Flamberge Side=RIGHT Group=5
CORE C1_STATUS ElapsedMs=59022.434 Event=PERSISTED Actor=PC_Hero Generation=51 Status=PERSISTED Outstanding=0
CORE COLLISION_GROUP ElapsedMs=59068.341 Source=It_2H_DemonSword_01 UseType=3 Owner=Demon Slot=RIGHT Requested=5 Before=7 After=5 MarkerBitsRetired=1
CORE C1 CLEANUP FULFILLED ElapsedMs=59068.413 Actor=Demon Generation=50 Status=PERSISTED Source=It_2H_DemonSword_01 Side=RIGHT Requests=1 Outstanding=0 CleanupObserved=1 Group=5
CORE C1_FINAL ElapsedMs=59068.462 Actor=Demon Generation=50 Status=PERSISTED SourceCount=1 PhysicalChanged=0 Source[0]=It_2H_DemonSword_01 Side=RIGHT Outstanding=0 Cleanup=1 Outcome=NO_OP_NO_OUTSTANDING
CORE C1_START ElapsedMs=59167.005 Actor=PC_Hero Generation=52 Status=CANDIDATE Outstanding=0 TrackedSources=1 ReplacedGeneration=51 ReplacedOutstanding=0 Source[0]=It_2H_Sword_Flamberge Side=RIGHT Group=5
CORE C1_BIND ElapsedMs=59167.018 Event=COMBAT_MOVE_CANDIDATE_BOUND Actor=PC_Hero Generation=52 Status=CANDIDATE Outstanding=0 Source=<null> Script=_AI_Attack
CORE C1_STATUS ElapsedMs=59167.083 Event=PERSISTED Actor=PC_Hero Generation=52 Status=PERSISTED Outstanding=0
CORE ATTACK_OWNERSHIP ElapsedMs=59167.100 Actor=PC_Hero Family=NORMAL Action=1 Phase=1 Motion=Hero_Stand_None_2H_P0_Attack_Hit_N_Fwd_00_%_00_P1_90_R.xmot MarkerPresent=1 RequiredMask=1 FistMarkers=0 Raw8Fist=<none> Raw8UseType=-1 SuppressNative=1 Classification=ROUTINE
CORE COLLISION_GROUP ElapsedMs=59400.469 Source=It_2H_Sword_Flamberge UseType=3 Owner=PC_Hero Slot=RIGHT Requested=7 Before=5 After=7 MarkerBitsRetired=0
CORE C1 OFFENSE REQUEST ElapsedMs=59400.498 Actor=PC_Hero Generation=52 Status=PERSISTED Source=It_2H_Sword_Flamberge Side=RIGHT Requests=1 Outstanding=1 CleanupObserved=0 Group=7
CORE MARKER ElapsedMs=59400.509 Actor=PC_Hero Action=1 Family=NORMAL Phase=1 Motion=Hero_Stand_None_2H_P0_Attack_Hit_N_Fwd_00_%_00_P1_90_R.xmot Marker=RIGHT Result=ACCEPTED C1Valid=1 C1=52 StatePosition=0 PreviousMask=0 DesiredMask=1 RetiredMask=0 OwnedMask=0 MarkerOwnedMask=1 Activated=1 Deactivated=0 Retired=0 RearmRequests=1 Clears=1 RightUseType=3
CORE ONDAMAGE ElapsedMs=59423.361 Ordinal=16 Target=Demon Arg1=Demon Arg2=Demon Caller=Game.dll+0x00069484 PlayerAction=1 PlayerPhase=1 PlayerMotion=Hero_Stand_None_2H_P0_Attack_Hit_N_Fwd_00_%_00_P1_90_R.xmot Raw8Fist=<none> Raw8UseType=-1 Raw8Group=-1
CORE C1_START ElapsedMs=59426.354 Actor=Demon Generation=53 Status=CANDIDATE Outstanding=0 TrackedSources=1 ReplacedGeneration=0 ReplacedOutstanding=0 Source[0]=It_2H_DemonSword_01 Side=RIGHT Group=5
CORE C1_BIND ElapsedMs=59426.366 Event=COMBAT_MOVE_CANDIDATE_BOUND Actor=Demon Generation=53 Status=CANDIDATE Outstanding=0 Source=<null> Script=_AI_Stumble
CORE C1_STATUS ElapsedMs=59429.718 Event=PERSISTED Actor=Demon Generation=53 Status=PERSISTED Outstanding=0
CORE COLLISION_GROUP ElapsedMs=59586.724 Source=It_2H_Sword_Flamberge UseType=3 Owner=PC_Hero Slot=RIGHT Requested=5 Before=7 After=5 MarkerBitsRetired=1
CORE C1 CLEANUP FULFILLED ElapsedMs=59586.765 Actor=PC_Hero Generation=52 Status=PERSISTED Source=It_2H_Sword_Flamberge Side=RIGHT Requests=1 Outstanding=0 CleanupObserved=1 Group=5
CORE C1_FINAL ElapsedMs=59586.788 Actor=PC_Hero Generation=52 Status=PERSISTED SourceCount=1 PhysicalChanged=0 Source[0]=It_2H_Sword_Flamberge Side=RIGHT Outstanding=0 Cleanup=1 Outcome=NO_OP_NO_OUTSTANDING
CORE C1_FINAL ElapsedMs=59644.537 Actor=Demon Generation=53 Status=PERSISTED SourceCount=1 PhysicalChanged=0 Source[0]=It_2H_DemonSword_01 Side=RIGHT Outstanding=0 Cleanup=0 Outcome=NO_OP_NO_OUTSTANDING
CORE C1_START ElapsedMs=60745.063 Actor=Demon Generation=54 Status=CANDIDATE Outstanding=0 TrackedSources=1 ReplacedGeneration=0 ReplacedOutstanding=0 Source[0]=It_2H_DemonSword_01 Side=RIGHT Group=5
CORE C1_BIND ElapsedMs=60745.076 Event=COMBAT_MOVE_CANDIDATE_BOUND Actor=Demon Generation=54 Status=CANDIDATE Outstanding=0 Source=<null> Script=_AI_Attack
CORE C1_STATUS ElapsedMs=60745.192 Event=PERSISTED Actor=Demon Generation=54 Status=PERSISTED Outstanding=0
CORE ATTACK_OWNERSHIP ElapsedMs=60745.213 Actor=Demon Family=NORMAL Action=1 Phase=1 Motion=Demon_Stand_None_2H_P0_Attack_Hit_N_Fwd_00_%_00_P1_150_R.xmot MarkerPresent=1 RequiredMask=1 FistMarkers=0 Raw8Fist=<none> Raw8UseType=-1 SuppressNative=1 Classification=ROUTINE
CORE COLLISION_GROUP ElapsedMs=60935.018 Source=It_2H_DemonSword_01 UseType=3 Owner=Demon Slot=RIGHT Requested=7 Before=5 After=7 MarkerBitsRetired=0
CORE C1 OFFENSE REQUEST ElapsedMs=60935.046 Actor=Demon Generation=54 Status=PERSISTED Source=It_2H_DemonSword_01 Side=RIGHT Requests=1 Outstanding=1 CleanupObserved=0 Group=7
CORE MARKER ElapsedMs=60935.057 Actor=Demon Action=1 Family=NORMAL Phase=1 Motion=Demon_Stand_None_2H_P0_Attack_Hit_N_Fwd_00_%_00_P1_150_R.xmot Marker=RIGHT Result=ACCEPTED C1Valid=1 C1=54 StatePosition=0 PreviousMask=0 DesiredMask=1 RetiredMask=0 OwnedMask=0 MarkerOwnedMask=1 Activated=1 Deactivated=0 Retired=0 RearmRequests=1 Clears=1 RightUseType=3
CORE ONDAMAGE ElapsedMs=61010.700 Ordinal=17 Target=PC_Hero Arg1=PC_Hero Arg2=PC_Hero Caller=Game.dll+0x00069484 PlayerAction=0 PlayerPhase=5 PlayerMotion=Hero_Stand_None_2H_P0_Ambient_Loop_N_Fwd_00_%_00_P0_0.xmot Raw8Fist=<none> Raw8UseType=-1 Raw8Group=-1
CORE C1_START ElapsedMs=61015.812 Actor=PC_Hero Generation=55 Status=CANDIDATE Outstanding=0 TrackedSources=1 ReplacedGeneration=0 ReplacedOutstanding=0 Source[0]=It_2H_Sword_Flamberge Side=RIGHT Group=5
CORE C1_BIND ElapsedMs=61015.823 Event=COMBAT_MOVE_CANDIDATE_BOUND Actor=PC_Hero Generation=55 Status=CANDIDATE Outstanding=0 Source=<null> Script=_AI_Stumble
CORE C1_STATUS ElapsedMs=61015.878 Event=PERSISTED Actor=PC_Hero Generation=55 Status=PERSISTED Outstanding=0
CORE C1_FINAL ElapsedMs=61288.631 Actor=PC_Hero Generation=55 Status=PERSISTED SourceCount=1 PhysicalChanged=0 Source[0]=It_2H_Sword_Flamberge Side=RIGHT Outstanding=0 Cleanup=0 Outcome=NO_OP_NO_OUTSTANDING
CORE COLLISION_GROUP ElapsedMs=61389.848 Source=It_2H_DemonSword_01 UseType=3 Owner=Demon Slot=RIGHT Requested=5 Before=7 After=5 MarkerBitsRetired=1
CORE C1 CLEANUP FULFILLED ElapsedMs=61389.892 Actor=Demon Generation=54 Status=PERSISTED Source=It_2H_DemonSword_01 Side=RIGHT Requests=1 Outstanding=0 CleanupObserved=1 Group=5
CORE C1_FINAL ElapsedMs=61389.933 Actor=Demon Generation=54 Status=PERSISTED SourceCount=1 PhysicalChanged=0 Source[0]=It_2H_DemonSword_01 Side=RIGHT Outstanding=0 Cleanup=1 Outcome=NO_OP_NO_OUTSTANDING
CORE C1_START ElapsedMs=61408.526 Actor=PC_Hero Generation=56 Status=CANDIDATE Outstanding=0 TrackedSources=1 ReplacedGeneration=0 ReplacedOutstanding=0 Source[0]=It_2H_Sword_Flamberge Side=RIGHT Group=5
CORE C1_STATUS ElapsedMs=61408.638 Event=PERSISTED Actor=PC_Hero Generation=56 Status=PERSISTED Outstanding=0
CORE C1_START ElapsedMs=61545.959 Actor=PC_Hero Generation=57 Status=CANDIDATE Outstanding=0 TrackedSources=1 ReplacedGeneration=56 ReplacedOutstanding=0 Source[0]=It_2H_Sword_Flamberge Side=RIGHT Group=5
CORE C1_BIND ElapsedMs=61545.971 Event=COMBAT_MOVE_CANDIDATE_BOUND Actor=PC_Hero Generation=57 Status=CANDIDATE Outstanding=0 Source=<null> Script=_AI_Attack
CORE C1_STATUS ElapsedMs=61546.034 Event=PERSISTED Actor=PC_Hero Generation=57 Status=PERSISTED Outstanding=0
CORE COLLISION_GROUP ElapsedMs=61787.193 Source=It_2H_Sword_Flamberge UseType=3 Owner=PC_Hero Slot=RIGHT Requested=7 Before=5 After=7 MarkerBitsRetired=0
CORE C1 OFFENSE REQUEST ElapsedMs=61787.221 Actor=PC_Hero Generation=57 Status=PERSISTED Source=It_2H_Sword_Flamberge Side=RIGHT Requests=1 Outstanding=1 CleanupObserved=0 Group=7
CORE MARKER ElapsedMs=61787.233 Actor=PC_Hero Action=1 Family=NORMAL Phase=1 Motion=Hero_Stand_None_2H_P0_Attack_Hit_N_Fwd_00_%_00_P1_90_R.xmot Marker=RIGHT Result=ACCEPTED C1Valid=1 C1=57 StatePosition=0 PreviousMask=0 DesiredMask=1 RetiredMask=0 OwnedMask=0 MarkerOwnedMask=1 Activated=1 Deactivated=0 Retired=0 RearmRequests=1 Clears=1 RightUseType=3
CORE ONDAMAGE ElapsedMs=61794.604 Ordinal=18 Target=Demon Arg1=Demon Arg2=Demon Caller=Game.dll+0x00069484 PlayerAction=1 PlayerPhase=1 PlayerMotion=Hero_Stand_None_2H_P0_Attack_Hit_N_Fwd_00_%_00_P1_90_R.xmot Raw8Fist=<none> Raw8UseType=-1 Raw8Group=-1
CORE C1_START ElapsedMs=61798.524 Actor=Demon Generation=58 Status=CANDIDATE Outstanding=0 TrackedSources=1 ReplacedGeneration=0 ReplacedOutstanding=0 Source[0]=It_2H_DemonSword_01 Side=RIGHT Group=5
CORE C1_BIND ElapsedMs=61798.535 Event=COMBAT_MOVE_CANDIDATE_BOUND Actor=Demon Generation=58 Status=CANDIDATE Outstanding=0 Source=<null> Script=_AI_Stumble
CORE C1_STATUS ElapsedMs=61798.590 Event=PERSISTED Actor=Demon Generation=58 Status=PERSISTED Outstanding=0
CORE COLLISION_GROUP ElapsedMs=61971.925 Source=It_2H_Sword_Flamberge UseType=3 Owner=PC_Hero Slot=RIGHT Requested=5 Before=7 After=5 MarkerBitsRetired=1
CORE C1 CLEANUP FULFILLED ElapsedMs=61971.952 Actor=PC_Hero Generation=57 Status=PERSISTED Source=It_2H_Sword_Flamberge Side=RIGHT Requests=1 Outstanding=0 CleanupObserved=1 Group=5
CORE C1_FINAL ElapsedMs=61971.974 Actor=PC_Hero Generation=57 Status=PERSISTED SourceCount=1 PhysicalChanged=0 Source[0]=It_2H_Sword_Flamberge Side=RIGHT Outstanding=0 Cleanup=1 Outcome=NO_OP_NO_OUTSTANDING
CORE C1_FINAL ElapsedMs=62013.357 Actor=Demon Generation=58 Status=PERSISTED SourceCount=1 PhysicalChanged=0 Source[0]=It_2H_DemonSword_01 Side=RIGHT Outstanding=0 Cleanup=0 Outcome=NO_OP_NO_OUTSTANDING
CORE C1_START ElapsedMs=62661.931 Actor=Demon Generation=59 Status=CANDIDATE Outstanding=0 TrackedSources=1 ReplacedGeneration=0 ReplacedOutstanding=0 Source[0]=It_2H_DemonSword_01 Side=RIGHT Group=5
CORE C1_BIND ElapsedMs=62661.957 Event=COMBAT_MOVE_CANDIDATE_BOUND Actor=Demon Generation=59 Status=CANDIDATE Outstanding=0 Source=<null> Script=_AI_QuickAttack
CORE C1_STATUS ElapsedMs=62661.993 Event=CANCELLED_IMMEDIATE_RESULT Actor=Demon Generation=59 Status=CANDIDATE Outstanding=0
CORE C1_START ElapsedMs=64374.201 Actor=Demon Generation=60 Status=CANDIDATE Outstanding=0 TrackedSources=1 ReplacedGeneration=0 ReplacedOutstanding=0 Source[0]=It_2H_DemonSword_01 Side=RIGHT Group=5
CORE C1_BIND ElapsedMs=64374.215 Event=COMBAT_MOVE_CANDIDATE_BOUND Actor=Demon Generation=60 Status=CANDIDATE Outstanding=0 Source=<null> Script=_AI_PowerAttack
CORE C1_STATUS ElapsedMs=64374.272 Event=PERSISTED Actor=Demon Generation=60 Status=PERSISTED Outstanding=0
CORE C1_BIND ElapsedMs=64840.515 Event=COMBAT_MOVE_REUSED Actor=Demon Generation=60 Status=PERSISTED Outstanding=0 Source=<null> Script=_AI_PowerAttack
CORE ATTACK_OWNERSHIP ElapsedMs=64840.592 Actor=Demon Family=POWER Action=2 Phase=1 Motion=Demon_Stand_None_2H_P0_PowerAttack_Hit_N_Fwd_00_%_00_P1_150_R.xmot MarkerPresent=1 RequiredMask=1 FistMarkers=0 Raw8Fist=<none> Raw8UseType=-1 SuppressNative=1 Classification=ROUTINE
CORE COLLISION_GROUP ElapsedMs=64987.220 Source=It_2H_DemonSword_01 UseType=3 Owner=Demon Slot=RIGHT Requested=7 Before=5 After=7 MarkerBitsRetired=0
CORE C1 OFFENSE REQUEST ElapsedMs=64987.249 Actor=Demon Generation=60 Status=PERSISTED Source=It_2H_DemonSword_01 Side=RIGHT Requests=1 Outstanding=1 CleanupObserved=0 Group=7
CORE MARKER ElapsedMs=64987.261 Actor=Demon Action=2 Family=POWER Phase=1 Motion=Demon_Stand_None_2H_P0_PowerAttack_Hit_N_Fwd_00_%_00_P1_150_R.xmot Marker=RIGHT Result=ACCEPTED C1Valid=1 C1=60 StatePosition=1 PreviousMask=0 DesiredMask=1 RetiredMask=0 OwnedMask=0 MarkerOwnedMask=1 Activated=1 Deactivated=0 Retired=0 RearmRequests=1 Clears=1 RightUseType=3
CORE ONDAMAGE ElapsedMs=65047.683 Ordinal=19 Target=PC_Hero Arg1=PC_Hero Arg2=PC_Hero Caller=Game.dll+0x00069484 PlayerAction=0 PlayerPhase=12 PlayerMotion=Hero_Stand_None_2H_P0_Move_Stand_N_Fwd_00_%_00_P0_0.xmot Raw8Fist=<none> Raw8UseType=-1 Raw8Group=-1
CORE C1_START ElapsedMs=65052.424 Actor=PC_Hero Generation=61 Status=CANDIDATE Outstanding=0 TrackedSources=1 ReplacedGeneration=0 ReplacedOutstanding=0 Source[0]=It_2H_Sword_Flamberge Side=RIGHT Group=5
CORE C1_STATUS ElapsedMs=65058.811 Event=PERSISTED Actor=PC_Hero Generation=61 Status=PERSISTED Outstanding=0
CORE COLLISION_GROUP ElapsedMs=65341.351 Source=It_2H_DemonSword_01 UseType=3 Owner=Demon Slot=RIGHT Requested=5 Before=7 After=5 MarkerBitsRetired=1
CORE C1 CLEANUP FULFILLED ElapsedMs=65341.391 Actor=Demon Generation=60 Status=PERSISTED Source=It_2H_DemonSword_01 Side=RIGHT Requests=1 Outstanding=0 CleanupObserved=1 Group=5
CORE C1_FINAL ElapsedMs=65341.524 Actor=Demon Generation=60 Status=PERSISTED SourceCount=1 PhysicalChanged=0 Source[0]=It_2H_DemonSword_01 Side=RIGHT Outstanding=0 Cleanup=1 Outcome=NO_OP_NO_OUTSTANDING
CORE C1_START ElapsedMs=66572.587 Actor=Demon Generation=62 Status=CANDIDATE Outstanding=0 TrackedSources=1 ReplacedGeneration=0 ReplacedOutstanding=0 Source[0]=It_2H_DemonSword_01 Side=RIGHT Group=5
CORE C1_BIND ElapsedMs=66572.602 Event=COMBAT_MOVE_CANDIDATE_BOUND Actor=Demon Generation=62 Status=CANDIDATE Outstanding=0 Source=<null> Script=_AI_JumpBack
CORE C1_STATUS ElapsedMs=66572.660 Event=PERSISTED Actor=Demon Generation=62 Status=PERSISTED Outstanding=0
CORE C1_FINAL ElapsedMs=66925.447 Actor=PC_Hero Generation=61 Status=PERSISTED SourceCount=1 PhysicalChanged=0 Source[0]=It_2H_Sword_Flamberge Side=RIGHT Outstanding=0 Cleanup=0 Outcome=NO_OP_NO_OUTSTANDING
CORE C1_FINAL ElapsedMs=67131.886 Actor=Demon Generation=62 Status=PERSISTED SourceCount=1 PhysicalChanged=0 Source[0]=It_2H_DemonSword_01 Side=RIGHT Outstanding=0 Cleanup=0 Outcome=NO_OP_NO_OUTSTANDING
CORE C1_START ElapsedMs=67139.092 Actor=Demon Generation=63 Status=CANDIDATE Outstanding=0 TrackedSources=1 ReplacedGeneration=0 ReplacedOutstanding=0 Source[0]=It_2H_DemonSword_01 Side=RIGHT Group=5
CORE C1_BIND ElapsedMs=67139.105 Event=COMBAT_MOVE_CANDIDATE_BOUND Actor=Demon Generation=63 Status=CANDIDATE Outstanding=0 Source=<null> Script=_AI_JumpBack
CORE C1_STATUS ElapsedMs=67142.452 Event=PERSISTED Actor=Demon Generation=63 Status=PERSISTED Outstanding=0
CORE COLLISION_GROUP ElapsedMs=67389.384 Source=It_2H_Sword_Flamberge UseType=3 Owner=PC_Hero Slot=RIGHT Requested=7 Before=5 After=7 MarkerBitsRetired=0
CORE C1_START ElapsedMs=67389.411 Actor=PC_Hero Generation=64 Status=OUTER_BOUND Outstanding=0 TrackedSources=1 ReplacedGeneration=0 ReplacedOutstanding=0 Source[0]=It_2H_Sword_Flamberge Side=RIGHT Group=7
CORE C1_BIND ElapsedMs=67389.417 Event=PRECOMBAT_ACQUIRED Actor=PC_Hero Generation=64 Status=OUTER_BOUND Outstanding=0 Source=It_2H_Sword_Flamberge Script=_AI_GetUpAttack
CORE C1 OFFENSE REQUEST ElapsedMs=67389.420 Actor=PC_Hero Generation=64 Status=OUTER_BOUND Source=It_2H_Sword_Flamberge Side=RIGHT Requests=1 Outstanding=1 CleanupObserved=0 Group=7
CORE C1_BIND ElapsedMs=67389.436 Event=PRECOMBAT_BRIDGE_CONSUMED Actor=PC_Hero Generation=64 Status=PERSISTED Outstanding=1 Source=<null> Script=_AI_GetUpAttack
CORE COLLISION_GROUP ElapsedMs=67480.590 Source=It_2H_Sword_Flamberge UseType=3 Owner=PC_Hero Slot=RIGHT Requested=7 Before=7 After=7 MarkerBitsRetired=0
CORE C1 OFFENSE REQUEST ElapsedMs=67480.619 Actor=PC_Hero Generation=64 Status=PERSISTED Source=It_2H_Sword_Flamberge Side=RIGHT Requests=2 Outstanding=1 CleanupObserved=0 Group=7
CORE C1_FINAL ElapsedMs=67682.523 Actor=Demon Generation=63 Status=PERSISTED SourceCount=1 PhysicalChanged=0 Source[0]=It_2H_DemonSword_01 Side=RIGHT Outstanding=0 Cleanup=0 Outcome=NO_OP_NO_OUTSTANDING
CORE COLLISION_GROUP ElapsedMs=67751.276 Source=It_2H_Sword_Flamberge UseType=3 Owner=PC_Hero Slot=RIGHT Requested=5 Before=7 After=5 MarkerBitsRetired=0
CORE C1 CLEANUP FULFILLED ElapsedMs=67751.331 Actor=PC_Hero Generation=64 Status=PERSISTED Source=It_2H_Sword_Flamberge Side=RIGHT Requests=2 Outstanding=0 CleanupObserved=1 Group=5
CORE C1_FINAL ElapsedMs=67751.376 Actor=PC_Hero Generation=64 Status=PERSISTED SourceCount=1 PhysicalChanged=0 Source[0]=It_2H_Sword_Flamberge Side=RIGHT Outstanding=0 Cleanup=1 Outcome=NO_OP_NO_OUTSTANDING
CORE C1_START ElapsedMs=68274.506 Actor=Demon Generation=65 Status=CANDIDATE Outstanding=0 TrackedSources=1 ReplacedGeneration=0 ReplacedOutstanding=0 Source[0]=It_2H_DemonSword_01 Side=RIGHT Group=5
CORE C1_BIND ElapsedMs=68274.519 Event=COMBAT_MOVE_CANDIDATE_BOUND Actor=Demon Generation=65 Status=CANDIDATE Outstanding=0 Source=<null> Script=_AI_QuickAttack
CORE C1_STATUS ElapsedMs=68274.558 Event=CANCELLED_IMMEDIATE_RESULT Actor=Demon Generation=65 Status=CANDIDATE Outstanding=0
CORE C1_START ElapsedMs=69783.134 Actor=Demon Generation=66 Status=CANDIDATE Outstanding=0 TrackedSources=1 ReplacedGeneration=0 ReplacedOutstanding=0 Source[0]=It_2H_DemonSword_01 Side=RIGHT Group=5
CORE C1_BIND ElapsedMs=69783.146 Event=COMBAT_MOVE_CANDIDATE_BOUND Actor=Demon Generation=66 Status=CANDIDATE Outstanding=0 Source=<null> Script=_AI_QuickAttack
CORE C1_STATUS ElapsedMs=69783.203 Event=PERSISTED Actor=Demon Generation=66 Status=PERSISTED Outstanding=0
CORE ATTACK_OWNERSHIP ElapsedMs=69783.218 Actor=Demon Family=QUICK Action=4 Phase=1 Motion=Demon_Stand_None_2H_P0_QuickAttackR_Hit_N_Fwd_00_%_00_P1_150_R.xmot MarkerPresent=1 RequiredMask=1 FistMarkers=0 Raw8Fist=<none> Raw8UseType=-1 SuppressNative=1 Classification=ROUTINE
CORE COLLISION_GROUP ElapsedMs=69925.877 Source=It_2H_DemonSword_01 UseType=3 Owner=Demon Slot=RIGHT Requested=7 Before=5 After=7 MarkerBitsRetired=0
CORE C1 OFFENSE REQUEST ElapsedMs=69925.905 Actor=Demon Generation=66 Status=PERSISTED Source=It_2H_DemonSword_01 Side=RIGHT Requests=1 Outstanding=1 CleanupObserved=0 Group=7
CORE MARKER ElapsedMs=69925.917 Actor=Demon Action=4 Family=QUICK Phase=1 Motion=Demon_Stand_None_2H_P0_QuickAttackR_Hit_N_Fwd_00_%_00_P1_150_R.xmot Marker=RIGHT Result=ACCEPTED C1Valid=1 C1=66 StatePosition=1 PreviousMask=0 DesiredMask=1 RetiredMask=0 OwnedMask=0 MarkerOwnedMask=1 Activated=1 Deactivated=0 Retired=0 RearmRequests=1 Clears=1 RightUseType=3
CORE ONDAMAGE ElapsedMs=69982.867 Ordinal=20 Target=PC_Hero Arg1=PC_Hero Arg2=PC_Hero Caller=Game.dll+0x00069484 PlayerAction=0 PlayerPhase=5 PlayerMotion=Hero_Stand_None_2H_P1_Ambient_Loop_N_Fwd_00_%_00_P1_0.xmot Raw8Fist=<none> Raw8UseType=-1 Raw8Group=-1
CORE C1_START ElapsedMs=69990.666 Actor=PC_Hero Generation=67 Status=CANDIDATE Outstanding=0 TrackedSources=1 ReplacedGeneration=0 ReplacedOutstanding=0 Source[0]=It_2H_Sword_Flamberge Side=RIGHT Group=5
CORE C1_BIND ElapsedMs=69990.677 Event=COMBAT_MOVE_CANDIDATE_BOUND Actor=PC_Hero Generation=67 Status=CANDIDATE Outstanding=0 Source=<null> Script=_AI_Stumble
CORE C1_STATUS ElapsedMs=69990.730 Event=PERSISTED Actor=PC_Hero Generation=67 Status=PERSISTED Outstanding=0
CORE COLLISION_GROUP ElapsedMs=70255.132 Source=It_2H_DemonSword_01 UseType=3 Owner=Demon Slot=RIGHT Requested=5 Before=7 After=5 MarkerBitsRetired=1
CORE C1 CLEANUP FULFILLED ElapsedMs=70255.160 Actor=Demon Generation=66 Status=PERSISTED Source=It_2H_DemonSword_01 Side=RIGHT Requests=1 Outstanding=0 CleanupObserved=1 Group=5
CORE C1_FINAL ElapsedMs=70266.677 Actor=PC_Hero Generation=67 Status=PERSISTED SourceCount=1 PhysicalChanged=0 Source[0]=It_2H_Sword_Flamberge Side=RIGHT Outstanding=0 Cleanup=0 Outcome=NO_OP_NO_OUTSTANDING
CORE C1_FINAL ElapsedMs=70346.484 Actor=Demon Generation=66 Status=PERSISTED SourceCount=1 PhysicalChanged=0 Source[0]=It_2H_DemonSword_01 Side=RIGHT Outstanding=0 Cleanup=1 Outcome=NO_OP_NO_OUTSTANDING
CORE C1_START ElapsedMs=72151.888 Actor=Demon Generation=68 Status=CANDIDATE Outstanding=0 TrackedSources=1 ReplacedGeneration=0 ReplacedOutstanding=0 Source[0]=It_2H_DemonSword_01 Side=RIGHT Group=5
CORE C1_BIND ElapsedMs=72151.901 Event=COMBAT_MOVE_CANDIDATE_BOUND Actor=Demon Generation=68 Status=CANDIDATE Outstanding=0 Source=<null> Script=_AI_QuickAttack
CORE C1_STATUS ElapsedMs=72151.966 Event=PERSISTED Actor=Demon Generation=68 Status=PERSISTED Outstanding=0
CORE ATTACK_OWNERSHIP ElapsedMs=72151.983 Actor=Demon Family=QUICK Action=5 Phase=1 Motion=Demon_Stand_None_2H_P1_QuickAttackL_Hit_N_Fwd_00_%_00_P0_150_L.xmot MarkerPresent=1 RequiredMask=1 FistMarkers=0 Raw8Fist=<none> Raw8UseType=-1 SuppressNative=1 Classification=ROUTINE
CORE COLLISION_GROUP ElapsedMs=72292.621 Source=It_2H_DemonSword_01 UseType=3 Owner=Demon Slot=RIGHT Requested=7 Before=5 After=7 MarkerBitsRetired=0
CORE C1 OFFENSE REQUEST ElapsedMs=72292.655 Actor=Demon Generation=68 Status=PERSISTED Source=It_2H_DemonSword_01 Side=RIGHT Requests=1 Outstanding=1 CleanupObserved=0 Group=7
CORE MARKER ElapsedMs=72292.670 Actor=Demon Action=5 Family=QUICK Phase=1 Motion=Demon_Stand_None_2H_P1_QuickAttackL_Hit_N_Fwd_00_%_00_P0_150_L.xmot Marker=RIGHT Result=ACCEPTED C1Valid=1 C1=68 StatePosition=1 PreviousMask=0 DesiredMask=1 RetiredMask=0 OwnedMask=0 MarkerOwnedMask=1 Activated=1 Deactivated=0 Retired=0 RearmRequests=1 Clears=1 RightUseType=3
CORE ONDAMAGE ElapsedMs=72421.633 Ordinal=21 Target=PC_Hero Arg1=PC_Hero Arg2=PC_Hero Caller=Game.dll+0x00069484 PlayerAction=0 PlayerPhase=12 PlayerMotion=Hero_Stand_None_2H_P0_Move_Turn90_N_Right_00_%_00_P0_0.xmot Raw8Fist=<none> Raw8UseType=-1 Raw8Group=-1
CORE C1_START ElapsedMs=72430.358 Actor=PC_Hero Generation=69 Status=CANDIDATE Outstanding=0 TrackedSources=1 ReplacedGeneration=0 ReplacedOutstanding=0 Source[0]=It_2H_Sword_Flamberge Side=RIGHT Group=5
CORE C1_BIND ElapsedMs=72430.370 Event=COMBAT_MOVE_CANDIDATE_BOUND Actor=PC_Hero Generation=69 Status=CANDIDATE Outstanding=0 Source=<null> Script=_AI_Stumble
CORE C1_STATUS ElapsedMs=72430.426 Event=PERSISTED Actor=PC_Hero Generation=69 Status=PERSISTED Outstanding=0
CORE COLLISION_GROUP ElapsedMs=72631.402 Source=It_2H_DemonSword_01 UseType=3 Owner=Demon Slot=RIGHT Requested=5 Before=7 After=5 MarkerBitsRetired=1
CORE C1 CLEANUP FULFILLED ElapsedMs=72631.431 Actor=Demon Generation=68 Status=PERSISTED Source=It_2H_DemonSword_01 Side=RIGHT Requests=1 Outstanding=0 CleanupObserved=1 Group=5
CORE C1_FINAL ElapsedMs=72713.286 Actor=PC_Hero Generation=69 Status=PERSISTED SourceCount=1 PhysicalChanged=0 Source[0]=It_2H_Sword_Flamberge Side=RIGHT Outstanding=0 Cleanup=0 Outcome=NO_OP_NO_OUTSTANDING
CORE C1_FINAL ElapsedMs=72724.486 Actor=Demon Generation=68 Status=PERSISTED SourceCount=1 PhysicalChanged=0 Source[0]=It_2H_DemonSword_01 Side=RIGHT Outstanding=0 Cleanup=1 Outcome=NO_OP_NO_OUTSTANDING
CORE C1_START ElapsedMs=74422.216 Actor=Demon Generation=70 Status=CANDIDATE Outstanding=0 TrackedSources=1 ReplacedGeneration=0 ReplacedOutstanding=0 Source[0]=It_2H_DemonSword_01 Side=RIGHT Group=5
CORE C1_BIND ElapsedMs=74422.228 Event=COMBAT_MOVE_CANDIDATE_BOUND Actor=Demon Generation=70 Status=CANDIDATE Outstanding=0 Source=<null> Script=_AI_QuickAttack
CORE C1_STATUS ElapsedMs=74422.351 Event=PERSISTED Actor=Demon Generation=70 Status=PERSISTED Outstanding=0
CORE ATTACK_OWNERSHIP ElapsedMs=74422.368 Actor=Demon Family=QUICK Action=4 Phase=1 Motion=Demon_Stand_None_2H_P0_QuickAttackR_Hit_N_Fwd_00_%_00_P1_150_R.xmot MarkerPresent=1 RequiredMask=1 FistMarkers=0 Raw8Fist=<none> Raw8UseType=-1 SuppressNative=1 Classification=ROUTINE
CORE COLLISION_GROUP ElapsedMs=74560.686 Source=It_2H_DemonSword_01 UseType=3 Owner=Demon Slot=RIGHT Requested=7 Before=5 After=7 MarkerBitsRetired=0
CORE C1 OFFENSE REQUEST ElapsedMs=74560.716 Actor=Demon Generation=70 Status=PERSISTED Source=It_2H_DemonSword_01 Side=RIGHT Requests=1 Outstanding=1 CleanupObserved=0 Group=7
CORE MARKER ElapsedMs=74560.728 Actor=Demon Action=4 Family=QUICK Phase=1 Motion=Demon_Stand_None_2H_P0_QuickAttackR_Hit_N_Fwd_00_%_00_P1_150_R.xmot Marker=RIGHT Result=ACCEPTED C1Valid=1 C1=70 StatePosition=1 PreviousMask=0 DesiredMask=1 RetiredMask=0 OwnedMask=0 MarkerOwnedMask=1 Activated=1 Deactivated=0 Retired=0 RearmRequests=1 Clears=1 RightUseType=3
CORE ONDAMAGE ElapsedMs=74613.658 Ordinal=22 Target=PC_Hero Arg1=PC_Hero Arg2=PC_Hero Caller=Game.dll+0x00069484 PlayerAction=0 PlayerPhase=5 PlayerMotion=Hero_Stand_None_2H_P1_Ambient_Loop_N_Fwd_00_%_00_P1_0.xmot Raw8Fist=<none> Raw8UseType=-1 Raw8Group=-1
CORE C1_START ElapsedMs=74617.846 Actor=PC_Hero Generation=71 Status=CANDIDATE Outstanding=0 TrackedSources=1 ReplacedGeneration=0 ReplacedOutstanding=0 Source[0]=It_2H_Sword_Flamberge Side=RIGHT Group=5
CORE C1_BIND ElapsedMs=74617.875 Event=COMBAT_MOVE_CANDIDATE_BOUND Actor=PC_Hero Generation=71 Status=CANDIDATE Outstanding=0 Source=<null> Script=_AI_Stumble
CORE C1_STATUS ElapsedMs=74617.930 Event=PERSISTED Actor=PC_Hero Generation=71 Status=PERSISTED Outstanding=0
CORE COLLISION_GROUP ElapsedMs=74892.439 Source=It_2H_DemonSword_01 UseType=3 Owner=Demon Slot=RIGHT Requested=5 Before=7 After=5 MarkerBitsRetired=1
CORE C1 CLEANUP FULFILLED ElapsedMs=74892.466 Actor=Demon Generation=70 Status=PERSISTED Source=It_2H_DemonSword_01 Side=RIGHT Requests=1 Outstanding=0 CleanupObserved=1 Group=5
CORE C1_FINAL ElapsedMs=74902.518 Actor=PC_Hero Generation=71 Status=PERSISTED SourceCount=1 PhysicalChanged=0 Source[0]=It_2H_Sword_Flamberge Side=RIGHT Outstanding=0 Cleanup=0 Outcome=NO_OP_NO_OUTSTANDING
CORE C1_FINAL ElapsedMs=74986.875 Actor=Demon Generation=70 Status=PERSISTED SourceCount=1 PhysicalChanged=0 Source[0]=It_2H_DemonSword_01 Side=RIGHT Outstanding=0 Cleanup=1 Outcome=NO_OP_NO_OUTSTANDING
CORE C1_START ElapsedMs=76691.326 Actor=Demon Generation=72 Status=CANDIDATE Outstanding=0 TrackedSources=1 ReplacedGeneration=0 ReplacedOutstanding=0 Source[0]=It_2H_DemonSword_01 Side=RIGHT Group=5
CORE C1_BIND ElapsedMs=76691.338 Event=COMBAT_MOVE_CANDIDATE_BOUND Actor=Demon Generation=72 Status=CANDIDATE Outstanding=0 Source=<null> Script=_AI_PowerAttack
CORE C1_STATUS ElapsedMs=76702.730 Event=PERSISTED Actor=Demon Generation=72 Status=PERSISTED Outstanding=0
CORE C1_BIND ElapsedMs=77157.677 Event=COMBAT_MOVE_REUSED Actor=Demon Generation=72 Status=PERSISTED Outstanding=0 Source=<null> Script=_AI_PowerAttack
CORE ATTACK_OWNERSHIP ElapsedMs=77163.161 Actor=Demon Family=POWER Action=2 Phase=1 Motion=Demon_Stand_None_2H_P1_PowerAttack_Hit_N_Fwd_00_%_00_P0_150_L.xmot MarkerPresent=1 RequiredMask=1 FistMarkers=0 Raw8Fist=<none> Raw8UseType=-1 SuppressNative=1 Classification=ROUTINE
CORE COLLISION_GROUP ElapsedMs=77305.805 Source=It_2H_DemonSword_01 UseType=3 Owner=Demon Slot=RIGHT Requested=7 Before=5 After=7 MarkerBitsRetired=0
CORE C1 OFFENSE REQUEST ElapsedMs=77305.834 Actor=Demon Generation=72 Status=PERSISTED Source=It_2H_DemonSword_01 Side=RIGHT Requests=1 Outstanding=1 CleanupObserved=0 Group=7
CORE MARKER ElapsedMs=77305.847 Actor=Demon Action=2 Family=POWER Phase=1 Motion=Demon_Stand_None_2H_P1_PowerAttack_Hit_N_Fwd_00_%_00_P0_150_L.xmot Marker=RIGHT Result=ACCEPTED C1Valid=1 C1=72 StatePosition=1 PreviousMask=0 DesiredMask=1 RetiredMask=0 OwnedMask=0 MarkerOwnedMask=1 Activated=1 Deactivated=0 Retired=0 RearmRequests=1 Clears=1 RightUseType=3
CORE COLLISION_GROUP ElapsedMs=77641.891 Source=It_2H_DemonSword_01 UseType=3 Owner=Demon Slot=RIGHT Requested=5 Before=7 After=5 MarkerBitsRetired=1
CORE C1 CLEANUP FULFILLED ElapsedMs=77641.913 Actor=Demon Generation=72 Status=PERSISTED Source=It_2H_DemonSword_01 Side=RIGHT Requests=1 Outstanding=0 CleanupObserved=1 Group=5
CORE C1_FINAL ElapsedMs=77641.941 Actor=Demon Generation=72 Status=PERSISTED SourceCount=1 PhysicalChanged=0 Source[0]=It_2H_DemonSword_01 Side=RIGHT Outstanding=0 Cleanup=1 Outcome=NO_OP_NO_OUTSTANDING
CORE C1_START ElapsedMs=77658.351 Actor=PC_Hero Generation=73 Status=CANDIDATE Outstanding=0 TrackedSources=1 ReplacedGeneration=0 ReplacedOutstanding=0 Source[0]=It_2H_Sword_Flamberge Side=RIGHT Group=5
CORE C1_STATUS ElapsedMs=77658.425 Event=PERSISTED Actor=PC_Hero Generation=73 Status=PERSISTED Outstanding=0
CORE C1_START ElapsedMs=77807.920 Actor=PC_Hero Generation=74 Status=CANDIDATE Outstanding=0 TrackedSources=1 ReplacedGeneration=73 ReplacedOutstanding=0 Source[0]=It_2H_Sword_Flamberge Side=RIGHT Group=5
CORE C1_BIND ElapsedMs=77807.933 Event=COMBAT_MOVE_CANDIDATE_BOUND Actor=PC_Hero Generation=74 Status=CANDIDATE Outstanding=0 Source=<null> Script=_AI_Attack
CORE C1_STATUS ElapsedMs=77808.000 Event=PERSISTED Actor=PC_Hero Generation=74 Status=PERSISTED Outstanding=0
CORE COLLISION_GROUP ElapsedMs=78052.542 Source=It_2H_Sword_Flamberge UseType=3 Owner=PC_Hero Slot=RIGHT Requested=7 Before=5 After=7 MarkerBitsRetired=0
CORE C1 OFFENSE REQUEST ElapsedMs=78052.570 Actor=PC_Hero Generation=74 Status=PERSISTED Source=It_2H_Sword_Flamberge Side=RIGHT Requests=1 Outstanding=1 CleanupObserved=0 Group=7
CORE MARKER ElapsedMs=78052.586 Actor=PC_Hero Action=1 Family=NORMAL Phase=1 Motion=Hero_Stand_None_2H_P0_Attack_Hit_N_Fwd_00_%_00_P1_90_R.xmot Marker=RIGHT Result=ACCEPTED C1Valid=1 C1=74 StatePosition=0 PreviousMask=0 DesiredMask=1 RetiredMask=0 OwnedMask=0 MarkerOwnedMask=1 Activated=1 Deactivated=0 Retired=0 RearmRequests=1 Clears=1 RightUseType=3
CORE ONDAMAGE ElapsedMs=78071.653 Ordinal=23 Target=Demon Arg1=Demon Arg2=Demon Caller=Game.dll+0x00069484 PlayerAction=1 PlayerPhase=1 PlayerMotion=Hero_Stand_None_2H_P0_Attack_Hit_N_Fwd_00_%_00_P1_90_R.xmot Raw8Fist=<none> Raw8UseType=-1 Raw8Group=-1
CORE C1_START ElapsedMs=78074.857 Actor=Demon Generation=75 Status=CANDIDATE Outstanding=0 TrackedSources=1 ReplacedGeneration=0 ReplacedOutstanding=0 Source[0]=It_2H_DemonSword_01 Side=RIGHT Group=5
CORE C1_BIND ElapsedMs=78074.869 Event=COMBAT_MOVE_CANDIDATE_BOUND Actor=Demon Generation=75 Status=CANDIDATE Outstanding=0 Source=<null> Script=_AI_Stumble
CORE C1_STATUS ElapsedMs=78078.383 Event=PERSISTED Actor=Demon Generation=75 Status=PERSISTED Outstanding=0
CORE COLLISION_GROUP ElapsedMs=78240.205 Source=It_2H_Sword_Flamberge UseType=3 Owner=PC_Hero Slot=RIGHT Requested=5 Before=7 After=5 MarkerBitsRetired=1
CORE C1 CLEANUP FULFILLED ElapsedMs=78240.233 Actor=PC_Hero Generation=74 Status=PERSISTED Source=It_2H_Sword_Flamberge Side=RIGHT Requests=1 Outstanding=0 CleanupObserved=1 Group=5
CORE C1_FINAL ElapsedMs=78240.254 Actor=PC_Hero Generation=74 Status=PERSISTED SourceCount=1 PhysicalChanged=0 Source[0]=It_2H_Sword_Flamberge Side=RIGHT Outstanding=0 Cleanup=1 Outcome=NO_OP_NO_OUTSTANDING
CORE C1_FINAL ElapsedMs=78300.898 Actor=Demon Generation=75 Status=PERSISTED SourceCount=1 PhysicalChanged=0 Source[0]=It_2H_DemonSword_01 Side=RIGHT Outstanding=0 Cleanup=0 Outcome=NO_OP_NO_OUTSTANDING
CORE C1_START ElapsedMs=78860.759 Actor=Demon Generation=76 Status=CANDIDATE Outstanding=0 TrackedSources=1 ReplacedGeneration=0 ReplacedOutstanding=0 Source[0]=It_2H_DemonSword_01 Side=RIGHT Group=5
CORE C1_BIND ElapsedMs=78860.772 Event=COMBAT_MOVE_CANDIDATE_BOUND Actor=Demon Generation=76 Status=CANDIDATE Outstanding=0 Source=<null> Script=_AI_PowerAttack
CORE C1_STATUS ElapsedMs=78860.835 Event=PERSISTED Actor=Demon Generation=76 Status=PERSISTED Outstanding=0
CORE C1_BIND ElapsedMs=79302.069 Event=COMBAT_MOVE_REUSED Actor=Demon Generation=76 Status=PERSISTED Outstanding=0 Source=<null> Script=_AI_PowerAttack
CORE ATTACK_OWNERSHIP ElapsedMs=79302.149 Actor=Demon Family=POWER Action=2 Phase=1 Motion=Demon_Stand_None_2H_P0_PowerAttack_Hit_N_Fwd_00_%_00_P1_150_R.xmot MarkerPresent=1 RequiredMask=1 FistMarkers=0 Raw8Fist=<none> Raw8UseType=-1 SuppressNative=1 Classification=ROUTINE
CORE C1_START ElapsedMs=79402.522 Actor=PC_Hero Generation=77 Status=CANDIDATE Outstanding=0 TrackedSources=1 ReplacedGeneration=0 ReplacedOutstanding=0 Source[0]=It_2H_Sword_Flamberge Side=RIGHT Group=5
CORE C1_BIND ElapsedMs=79402.534 Event=COMBAT_MOVE_CANDIDATE_BOUND Actor=PC_Hero Generation=77 Status=CANDIDATE Outstanding=0 Source=<null> Script=_AI_Parade
CORE C1_STATUS ElapsedMs=79402.599 Event=PERSISTED Actor=PC_Hero Generation=77 Status=PERSISTED Outstanding=0
CORE C1_FINAL ElapsedMs=79430.990 Actor=PC_Hero Generation=77 Status=PERSISTED SourceCount=1 PhysicalChanged=0 Source[0]=It_2H_Sword_Flamberge Side=RIGHT Outstanding=0 Cleanup=0 Outcome=NO_OP_NO_OUTSTANDING
CORE COLLISION_GROUP ElapsedMs=79431.665 Source=It_2H_DemonSword_01 UseType=3 Owner=Demon Slot=RIGHT Requested=7 Before=5 After=7 MarkerBitsRetired=0
CORE C1 OFFENSE REQUEST ElapsedMs=79431.685 Actor=Demon Generation=76 Status=PERSISTED Source=It_2H_DemonSword_01 Side=RIGHT Requests=1 Outstanding=1 CleanupObserved=0 Group=7
CORE MARKER ElapsedMs=79431.697 Actor=Demon Action=2 Family=POWER Phase=1 Motion=Demon_Stand_None_2H_P0_PowerAttack_Hit_N_Fwd_00_%_00_P1_150_R.xmot Marker=RIGHT Result=ACCEPTED C1Valid=1 C1=76 StatePosition=1 PreviousMask=0 DesiredMask=1 RetiredMask=0 OwnedMask=0 MarkerOwnedMask=1 Activated=1 Deactivated=0 Retired=0 RearmRequests=1 Clears=1 RightUseType=3
CORE C1_START ElapsedMs=79431.946 Actor=PC_Hero Generation=78 Status=CANDIDATE Outstanding=0 TrackedSources=1 ReplacedGeneration=0 ReplacedOutstanding=0 Source[0]=It_2H_Sword_Flamberge Side=RIGHT Group=5
CORE C1_BIND ElapsedMs=79431.954 Event=COMBAT_MOVE_CANDIDATE_BOUND Actor=PC_Hero Generation=78 Status=CANDIDATE Outstanding=0 Source=<null> Script=_AI_QuickAttack
CORE C1_STATUS ElapsedMs=79437.815 Event=PERSISTED Actor=PC_Hero Generation=78 Status=PERSISTED Outstanding=0
CORE ATTACK_OWNERSHIP ElapsedMs=79437.860 Actor=PC_Hero Family=QUICK Action=5 Phase=1 Motion=Hero_Stand_None_2H_P1_QuickAttackL_Hit_N_Fwd_00_%_00_P0_90_L.xmot MarkerPresent=1 RequiredMask=1 FistMarkers=0 Raw8Fist=<none> Raw8UseType=-1 SuppressNative=1 Classification=ROUTINE
CORE COLLISION_GROUP ElapsedMs=79671.229 Source=It_2H_Sword_Flamberge UseType=3 Owner=PC_Hero Slot=RIGHT Requested=7 Before=5 After=7 MarkerBitsRetired=0
CORE C1 OFFENSE REQUEST ElapsedMs=79671.258 Actor=PC_Hero Generation=78 Status=PERSISTED Source=It_2H_Sword_Flamberge Side=RIGHT Requests=1 Outstanding=1 CleanupObserved=0 Group=7
CORE MARKER ElapsedMs=79671.270 Actor=PC_Hero Action=5 Family=QUICK Phase=1 Motion=Hero_Stand_None_2H_P1_QuickAttackL_Hit_N_Fwd_00_%_00_P0_90_L.xmot Marker=RIGHT Result=ACCEPTED C1Valid=1 C1=78 StatePosition=1 PreviousMask=0 DesiredMask=1 RetiredMask=0 OwnedMask=0 MarkerOwnedMask=1 Activated=1 Deactivated=0 Retired=0 RearmRequests=1 Clears=1 RightUseType=3
CORE ONDAMAGE ElapsedMs=79674.432 Ordinal=24 Target=Demon Arg1=Demon Arg2=Demon Caller=Game.dll+0x00069484 PlayerAction=5 PlayerPhase=1 PlayerMotion=Hero_Stand_None_2H_P1_QuickAttackL_Hit_N_Fwd_00_%_00_P0_90_L.xmot Raw8Fist=<none> Raw8UseType=-1 Raw8Group=-1
CORE COLLISION_GROUP ElapsedMs=79678.855 Source=It_2H_DemonSword_01 UseType=3 Owner=Demon Slot=RIGHT Requested=5 Before=7 After=5 MarkerBitsRetired=1
CORE C1 CLEANUP FULFILLED ElapsedMs=79678.881 Actor=Demon Generation=76 Status=PERSISTED Source=It_2H_DemonSword_01 Side=RIGHT Requests=1 Outstanding=0 CleanupObserved=1 Group=5
CORE C1_START ElapsedMs=79678.901 Actor=Demon Generation=79 Status=CANDIDATE Outstanding=0 TrackedSources=1 ReplacedGeneration=76 ReplacedOutstanding=0 Source[0]=It_2H_DemonSword_01 Side=RIGHT Group=5
CORE C1_BIND ElapsedMs=79678.906 Event=COMBAT_MOVE_CANDIDATE_BOUND Actor=Demon Generation=79 Status=CANDIDATE Outstanding=0 Source=<null> Script=_AI_Stumble
CORE C1_STATUS ElapsedMs=79679.072 Event=PERSISTED Actor=Demon Generation=79 Status=PERSISTED Outstanding=0
CORE COLLISION_GROUP ElapsedMs=79854.417 Source=It_2H_Sword_Flamberge UseType=3 Owner=PC_Hero Slot=RIGHT Requested=5 Before=7 After=5 MarkerBitsRetired=1
CORE C1 CLEANUP FULFILLED ElapsedMs=79854.436 Actor=PC_Hero Generation=78 Status=PERSISTED Source=It_2H_Sword_Flamberge Side=RIGHT Requests=1 Outstanding=0 CleanupObserved=1 Group=5
CORE C1_FINAL ElapsedMs=79897.262 Actor=Demon Generation=79 Status=PERSISTED SourceCount=1 PhysicalChanged=0 Source[0]=It_2H_DemonSword_01 Side=RIGHT Outstanding=0 Cleanup=0 Outcome=NO_OP_NO_OUTSTANDING
CORE C1_START ElapsedMs=79911.177 Actor=Demon Generation=80 Status=CANDIDATE Outstanding=0 TrackedSources=1 ReplacedGeneration=0 ReplacedOutstanding=0 Source[0]=It_2H_DemonSword_01 Side=RIGHT Group=5
CORE C1_BIND ElapsedMs=79911.189 Event=COMBAT_MOVE_CANDIDATE_BOUND Actor=Demon Generation=80 Status=CANDIDATE Outstanding=0 Source=<null> Script=_AI_QuickAttack
CORE C1_STATUS ElapsedMs=79911.222 Event=CANCELLED_IMMEDIATE_RESULT Actor=Demon Generation=80 Status=CANDIDATE Outstanding=0
CORE C1_FINAL ElapsedMs=79941.110 Actor=PC_Hero Generation=78 Status=PERSISTED SourceCount=1 PhysicalChanged=0 Source[0]=It_2H_Sword_Flamberge Side=RIGHT Outstanding=0 Cleanup=1 Outcome=NO_OP_NO_OUTSTANDING
CORE C1_START ElapsedMs=81279.053 Actor=Demon Generation=81 Status=CANDIDATE Outstanding=0 TrackedSources=1 ReplacedGeneration=0 ReplacedOutstanding=0 Source[0]=It_2H_DemonSword_01 Side=RIGHT Group=5
CORE C1_BIND ElapsedMs=81279.065 Event=COMBAT_MOVE_CANDIDATE_BOUND Actor=Demon Generation=81 Status=CANDIDATE Outstanding=0 Source=<null> Script=_AI_Attack
CORE C1_STATUS ElapsedMs=81279.134 Event=PERSISTED Actor=Demon Generation=81 Status=PERSISTED Outstanding=0
CORE ATTACK_OWNERSHIP ElapsedMs=81279.151 Actor=Demon Family=NORMAL Action=1 Phase=1 Motion=Demon_Stand_None_2H_P0_Attack_Hit_N_Fwd_00_%_00_P1_150_R.xmot MarkerPresent=1 RequiredMask=1 FistMarkers=0 Raw8Fist=<none> Raw8UseType=-1 SuppressNative=1 Classification=ROUTINE
CORE COLLISION_GROUP ElapsedMs=81464.991 Source=It_2H_DemonSword_01 UseType=3 Owner=Demon Slot=RIGHT Requested=7 Before=5 After=7 MarkerBitsRetired=0
CORE C1 OFFENSE REQUEST ElapsedMs=81465.015 Actor=Demon Generation=81 Status=PERSISTED Source=It_2H_DemonSword_01 Side=RIGHT Requests=1 Outstanding=1 CleanupObserved=0 Group=7
CORE MARKER ElapsedMs=81465.027 Actor=Demon Action=1 Family=NORMAL Phase=1 Motion=Demon_Stand_None_2H_P0_Attack_Hit_N_Fwd_00_%_00_P1_150_R.xmot Marker=RIGHT Result=ACCEPTED C1Valid=1 C1=81 StatePosition=0 PreviousMask=0 DesiredMask=1 RetiredMask=0 OwnedMask=0 MarkerOwnedMask=1 Activated=1 Deactivated=0 Retired=0 RearmRequests=1 Clears=1 RightUseType=3
CORE C1_START ElapsedMs=81760.643 Actor=PC_Hero Generation=82 Status=CANDIDATE Outstanding=0 TrackedSources=1 ReplacedGeneration=0 ReplacedOutstanding=0 Source[0]=It_2H_Sword_Flamberge Side=RIGHT Group=5
CORE C1_BIND ElapsedMs=81760.655 Event=COMBAT_MOVE_CANDIDATE_BOUND Actor=PC_Hero Generation=82 Status=CANDIDATE Outstanding=0 Source=<null> Script=_AI_QuickAttack
CORE C1_STATUS ElapsedMs=81767.183 Event=PERSISTED Actor=PC_Hero Generation=82 Status=PERSISTED Outstanding=0
CORE ATTACK_OWNERSHIP ElapsedMs=81767.231 Actor=PC_Hero Family=QUICK Action=4 Phase=1 Motion=Hero_Stand_None_2H_P0_QuickAttackR_Hit_N_Fwd_00_%_00_P1_90_R.xmot MarkerPresent=1 RequiredMask=1 FistMarkers=0 Raw8Fist=<none> Raw8UseType=-1 SuppressNative=1 Classification=ROUTINE
CORE COLLISION_GROUP ElapsedMs=81916.502 Source=It_2H_DemonSword_01 UseType=3 Owner=Demon Slot=RIGHT Requested=5 Before=7 After=5 MarkerBitsRetired=1
CORE C1 CLEANUP FULFILLED ElapsedMs=81916.530 Actor=Demon Generation=81 Status=PERSISTED Source=It_2H_DemonSword_01 Side=RIGHT Requests=1 Outstanding=0 CleanupObserved=1 Group=5
CORE C1_FINAL ElapsedMs=81916.550 Actor=Demon Generation=81 Status=PERSISTED SourceCount=1 PhysicalChanged=0 Source[0]=It_2H_DemonSword_01 Side=RIGHT Outstanding=0 Cleanup=1 Outcome=NO_OP_NO_OUTSTANDING
CORE COLLISION_GROUP ElapsedMs=81995.303 Source=It_2H_Sword_Flamberge UseType=3 Owner=PC_Hero Slot=RIGHT Requested=7 Before=5 After=7 MarkerBitsRetired=0
CORE C1 OFFENSE REQUEST ElapsedMs=81995.332 Actor=PC_Hero Generation=82 Status=PERSISTED Source=It_2H_Sword_Flamberge Side=RIGHT Requests=1 Outstanding=1 CleanupObserved=0 Group=7
CORE MARKER ElapsedMs=81995.344 Actor=PC_Hero Action=4 Family=QUICK Phase=1 Motion=Hero_Stand_None_2H_P0_QuickAttackR_Hit_N_Fwd_00_%_00_P1_90_R.xmot Marker=RIGHT Result=ACCEPTED C1Valid=1 C1=82 StatePosition=1 PreviousMask=0 DesiredMask=1 RetiredMask=0 OwnedMask=0 MarkerOwnedMask=1 Activated=1 Deactivated=0 Retired=0 RearmRequests=1 Clears=1 RightUseType=3
CORE ONDAMAGE ElapsedMs=81998.229 Ordinal=25 Target=Demon Arg1=Demon Arg2=Demon Caller=Game.dll+0x00069484 PlayerAction=4 PlayerPhase=1 PlayerMotion=Hero_Stand_None_2H_P0_QuickAttackR_Hit_N_Fwd_00_%_00_P1_90_R.xmot Raw8Fist=<none> Raw8UseType=-1 Raw8Group=-1
CORE C1_START ElapsedMs=82004.429 Actor=Demon Generation=83 Status=CANDIDATE Outstanding=0 TrackedSources=1 ReplacedGeneration=0 ReplacedOutstanding=0 Source[0]=It_2H_DemonSword_01 Side=RIGHT Group=5
CORE C1_BIND ElapsedMs=82004.440 Event=COMBAT_MOVE_CANDIDATE_BOUND Actor=Demon Generation=83 Status=CANDIDATE Outstanding=0 Source=<null> Script=_AI_Stumble
CORE C1_STATUS ElapsedMs=82004.500 Event=PERSISTED Actor=Demon Generation=83 Status=PERSISTED Outstanding=0
CORE COLLISION_GROUP ElapsedMs=82174.589 Source=It_2H_Sword_Flamberge UseType=3 Owner=PC_Hero Slot=RIGHT Requested=5 Before=7 After=5 MarkerBitsRetired=1
CORE C1 CLEANUP FULFILLED ElapsedMs=82174.609 Actor=PC_Hero Generation=82 Status=PERSISTED Source=It_2H_Sword_Flamberge Side=RIGHT Requests=1 Outstanding=0 CleanupObserved=1 Group=5
CORE C1_FINAL ElapsedMs=82217.076 Actor=Demon Generation=83 Status=PERSISTED SourceCount=1 PhysicalChanged=0 Source[0]=It_2H_DemonSword_01 Side=RIGHT Outstanding=0 Cleanup=0 Outcome=NO_OP_NO_OUTSTANDING
CORE C1_FINAL ElapsedMs=82256.146 Actor=PC_Hero Generation=82 Status=PERSISTED SourceCount=1 PhysicalChanged=0 Source[0]=It_2H_Sword_Flamberge Side=RIGHT Outstanding=0 Cleanup=1 Outcome=NO_OP_NO_OUTSTANDING
CORE C1_START ElapsedMs=83179.252 Actor=Demon Generation=84 Status=CANDIDATE Outstanding=0 TrackedSources=1 ReplacedGeneration=0 ReplacedOutstanding=0 Source[0]=It_2H_DemonSword_01 Side=RIGHT Group=5
CORE C1_BIND ElapsedMs=83179.266 Event=COMBAT_MOVE_CANDIDATE_BOUND Actor=Demon Generation=84 Status=CANDIDATE Outstanding=0 Source=<null> Script=_AI_QuickAttack
CORE C1_STATUS ElapsedMs=83179.304 Event=CANCELLED_IMMEDIATE_RESULT Actor=Demon Generation=84 Status=CANDIDATE Outstanding=0
CORE C1_START ElapsedMs=84502.250 Actor=Demon Generation=85 Status=CANDIDATE Outstanding=0 TrackedSources=1 ReplacedGeneration=0 ReplacedOutstanding=0 Source[0]=It_2H_DemonSword_01 Side=RIGHT Group=5
CORE C1_BIND ElapsedMs=84502.290 Event=COMBAT_MOVE_CANDIDATE_BOUND Actor=Demon Generation=85 Status=CANDIDATE Outstanding=0 Source=<null> Script=_AI_Attack
CORE C1_STATUS ElapsedMs=84502.354 Event=PERSISTED Actor=Demon Generation=85 Status=PERSISTED Outstanding=0
CORE COLLISION_GROUP ElapsedMs=84687.627 Source=It_2H_DemonSword_01 UseType=3 Owner=Demon Slot=RIGHT Requested=7 Before=5 After=7 MarkerBitsRetired=0
CORE C1 OFFENSE REQUEST ElapsedMs=84687.656 Actor=Demon Generation=85 Status=PERSISTED Source=It_2H_DemonSword_01 Side=RIGHT Requests=1 Outstanding=1 CleanupObserved=0 Group=7
CORE MARKER ElapsedMs=84687.668 Actor=Demon Action=1 Family=NORMAL Phase=1 Motion=Demon_Stand_None_2H_P0_Attack_Hit_N_Fwd_00_%_00_P1_150_R.xmot Marker=RIGHT Result=ACCEPTED C1Valid=1 C1=85 StatePosition=0 PreviousMask=0 DesiredMask=1 RetiredMask=0 OwnedMask=0 MarkerOwnedMask=1 Activated=1 Deactivated=0 Retired=0 RearmRequests=1 Clears=1 RightUseType=3
CORE C1_START ElapsedMs=84930.995 Actor=PC_Hero Generation=86 Status=CANDIDATE Outstanding=0 TrackedSources=1 ReplacedGeneration=0 ReplacedOutstanding=0 Source[0]=It_2H_Sword_Flamberge Side=RIGHT Group=5
CORE C1_BIND ElapsedMs=84931.007 Event=COMBAT_MOVE_CANDIDATE_BOUND Actor=PC_Hero Generation=86 Status=CANDIDATE Outstanding=0 Source=<null> Script=_AI_Parade
CORE C1_STATUS ElapsedMs=84931.071 Event=PERSISTED Actor=PC_Hero Generation=86 Status=PERSISTED Outstanding=0
CORE C1_FINAL ElapsedMs=84966.141 Actor=PC_Hero Generation=86 Status=PERSISTED SourceCount=1 PhysicalChanged=0 Source[0]=It_2H_Sword_Flamberge Side=RIGHT Outstanding=0 Cleanup=0 Outcome=NO_OP_NO_OUTSTANDING
CORE C1_START ElapsedMs=84967.028 Actor=PC_Hero Generation=87 Status=CANDIDATE Outstanding=0 TrackedSources=1 ReplacedGeneration=0 ReplacedOutstanding=0 Source[0]=It_2H_Sword_Flamberge Side=RIGHT Group=5
CORE C1_BIND ElapsedMs=84967.038 Event=COMBAT_MOVE_CANDIDATE_BOUND Actor=PC_Hero Generation=87 Status=CANDIDATE Outstanding=0 Source=<null> Script=_AI_QuickAttack
CORE C1_STATUS ElapsedMs=84967.095 Event=PERSISTED Actor=PC_Hero Generation=87 Status=PERSISTED Outstanding=0
CORE ATTACK_OWNERSHIP ElapsedMs=84967.108 Actor=PC_Hero Family=QUICK Action=5 Phase=1 Motion=Hero_Stand_None_2H_P1_QuickAttackL_Hit_N_Fwd_00_%_00_P0_90_L.xmot MarkerPresent=1 RequiredMask=1 FistMarkers=0 Raw8Fist=<none> Raw8UseType=-1 SuppressNative=1 Classification=ROUTINE
CORE COLLISION_GROUP ElapsedMs=85139.810 Source=It_2H_DemonSword_01 UseType=3 Owner=Demon Slot=RIGHT Requested=5 Before=7 After=5 MarkerBitsRetired=1
CORE C1 CLEANUP FULFILLED ElapsedMs=85139.839 Actor=Demon Generation=85 Status=PERSISTED Source=It_2H_DemonSword_01 Side=RIGHT Requests=1 Outstanding=0 CleanupObserved=1 Group=5
CORE C1_FINAL ElapsedMs=85139.859 Actor=Demon Generation=85 Status=PERSISTED SourceCount=1 PhysicalChanged=0 Source[0]=It_2H_DemonSword_01 Side=RIGHT Outstanding=0 Cleanup=1 Outcome=NO_OP_NO_OUTSTANDING
CORE COLLISION_GROUP ElapsedMs=85209.697 Source=It_2H_Sword_Flamberge UseType=3 Owner=PC_Hero Slot=RIGHT Requested=7 Before=5 After=7 MarkerBitsRetired=0
CORE C1 OFFENSE REQUEST ElapsedMs=85209.728 Actor=PC_Hero Generation=87 Status=PERSISTED Source=It_2H_Sword_Flamberge Side=RIGHT Requests=1 Outstanding=1 CleanupObserved=0 Group=7
CORE MARKER ElapsedMs=85209.743 Actor=PC_Hero Action=5 Family=QUICK Phase=1 Motion=Hero_Stand_None_2H_P1_QuickAttackL_Hit_N_Fwd_00_%_00_P0_90_L.xmot Marker=RIGHT Result=ACCEPTED C1Valid=1 C1=87 StatePosition=1 PreviousMask=0 DesiredMask=1 RetiredMask=0 OwnedMask=0 MarkerOwnedMask=1 Activated=1 Deactivated=0 Retired=0 RearmRequests=1 Clears=1 RightUseType=3
CORE ONDAMAGE ElapsedMs=85227.472 Ordinal=26 Target=Demon Arg1=Demon Arg2=Demon Caller=Game.dll+0x00069484 PlayerAction=5 PlayerPhase=1 PlayerMotion=Hero_Stand_None_2H_P1_QuickAttackL_Hit_N_Fwd_00_%_00_P0_90_L.xmot Raw8Fist=<none> Raw8UseType=-1 Raw8Group=-1
CORE C1_START ElapsedMs=85230.246 Actor=Demon Generation=88 Status=CANDIDATE Outstanding=0 TrackedSources=1 ReplacedGeneration=0 ReplacedOutstanding=0 Source[0]=It_2H_DemonSword_01 Side=RIGHT Group=5
CORE C1_BIND ElapsedMs=85230.258 Event=COMBAT_MOVE_CANDIDATE_BOUND Actor=Demon Generation=88 Status=CANDIDATE Outstanding=0 Source=<null> Script=_AI_Stumble
CORE C1_STATUS ElapsedMs=85230.319 Event=PERSISTED Actor=Demon Generation=88 Status=PERSISTED Outstanding=0
CORE COLLISION_GROUP ElapsedMs=85382.618 Source=It_2H_Sword_Flamberge UseType=3 Owner=PC_Hero Slot=RIGHT Requested=5 Before=7 After=5 MarkerBitsRetired=1
CORE C1 CLEANUP FULFILLED ElapsedMs=85382.647 Actor=PC_Hero Generation=87 Status=PERSISTED Source=It_2H_Sword_Flamberge Side=RIGHT Requests=1 Outstanding=0 CleanupObserved=1 Group=5
CORE C1_FINAL ElapsedMs=85448.300 Actor=Demon Generation=88 Status=PERSISTED SourceCount=1 PhysicalChanged=0 Source[0]=It_2H_DemonSword_01 Side=RIGHT Outstanding=0 Cleanup=0 Outcome=NO_OP_NO_OUTSTANDING
CORE C1_FINAL ElapsedMs=85469.335 Actor=PC_Hero Generation=87 Status=PERSISTED SourceCount=1 PhysicalChanged=0 Source[0]=It_2H_Sword_Flamberge Side=RIGHT Outstanding=0 Cleanup=1 Outcome=NO_OP_NO_OUTSTANDING
CORE C1_START ElapsedMs=86402.688 Actor=Demon Generation=89 Status=CANDIDATE Outstanding=0 TrackedSources=1 ReplacedGeneration=0 ReplacedOutstanding=0 Source[0]=It_2H_DemonSword_01 Side=RIGHT Group=5
CORE C1_BIND ElapsedMs=86402.701 Event=COMBAT_MOVE_CANDIDATE_BOUND Actor=Demon Generation=89 Status=CANDIDATE Outstanding=0 Source=<null> Script=_AI_Attack
CORE C1_STATUS ElapsedMs=86402.767 Event=PERSISTED Actor=Demon Generation=89 Status=PERSISTED Outstanding=0
CORE COLLISION_GROUP ElapsedMs=86594.583 Source=It_2H_DemonSword_01 UseType=3 Owner=Demon Slot=RIGHT Requested=7 Before=5 After=7 MarkerBitsRetired=0
CORE C1 OFFENSE REQUEST ElapsedMs=86594.611 Actor=Demon Generation=89 Status=PERSISTED Source=It_2H_DemonSword_01 Side=RIGHT Requests=1 Outstanding=1 CleanupObserved=0 Group=7
CORE MARKER ElapsedMs=86594.623 Actor=Demon Action=1 Family=NORMAL Phase=1 Motion=Demon_Stand_None_2H_P0_Attack_Hit_N_Fwd_00_%_00_P1_150_R.xmot Marker=RIGHT Result=ACCEPTED C1Valid=1 C1=89 StatePosition=0 PreviousMask=0 DesiredMask=1 RetiredMask=0 OwnedMask=0 MarkerOwnedMask=1 Activated=1 Deactivated=0 Retired=0 RearmRequests=1 Clears=1 RightUseType=3
CORE C1_START ElapsedMs=86853.754 Actor=PC_Hero Generation=90 Status=CANDIDATE Outstanding=0 TrackedSources=1 ReplacedGeneration=0 ReplacedOutstanding=0 Source[0]=It_2H_Sword_Flamberge Side=RIGHT Group=5
CORE C1_BIND ElapsedMs=86853.766 Event=COMBAT_MOVE_CANDIDATE_BOUND Actor=PC_Hero Generation=90 Status=CANDIDATE Outstanding=0 Source=<null> Script=_AI_QuickAttack
CORE C1_STATUS ElapsedMs=86853.824 Event=PERSISTED Actor=PC_Hero Generation=90 Status=PERSISTED Outstanding=0
CORE ATTACK_OWNERSHIP ElapsedMs=86853.837 Actor=PC_Hero Family=QUICK Action=4 Phase=1 Motion=Hero_Stand_None_2H_P0_QuickAttackR_Hit_N_Fwd_00_%_00_P1_90_R.xmot MarkerPresent=1 RequiredMask=1 FistMarkers=0 Raw8Fist=<none> Raw8UseType=-1 SuppressNative=1 Classification=ROUTINE
CORE COLLISION_GROUP ElapsedMs=87039.633 Source=It_2H_DemonSword_01 UseType=3 Owner=Demon Slot=RIGHT Requested=5 Before=7 After=5 MarkerBitsRetired=1
CORE C1 CLEANUP FULFILLED ElapsedMs=87039.662 Actor=Demon Generation=89 Status=PERSISTED Source=It_2H_DemonSword_01 Side=RIGHT Requests=1 Outstanding=0 CleanupObserved=1 Group=5
CORE C1_FINAL ElapsedMs=87039.687 Actor=Demon Generation=89 Status=PERSISTED SourceCount=1 PhysicalChanged=0 Source[0]=It_2H_DemonSword_01 Side=RIGHT Outstanding=0 Cleanup=1 Outcome=NO_OP_NO_OUTSTANDING
CORE COLLISION_GROUP ElapsedMs=87084.120 Source=It_2H_Sword_Flamberge UseType=3 Owner=PC_Hero Slot=RIGHT Requested=7 Before=5 After=7 MarkerBitsRetired=0
CORE C1 OFFENSE REQUEST ElapsedMs=87084.163 Actor=PC_Hero Generation=90 Status=PERSISTED Source=It_2H_Sword_Flamberge Side=RIGHT Requests=1 Outstanding=1 CleanupObserved=0 Group=7
CORE MARKER ElapsedMs=87084.187 Actor=PC_Hero Action=4 Family=QUICK Phase=1 Motion=Hero_Stand_None_2H_P0_QuickAttackR_Hit_N_Fwd_00_%_00_P1_90_R.xmot Marker=RIGHT Result=ACCEPTED C1Valid=1 C1=90 StatePosition=1 PreviousMask=0 DesiredMask=1 RetiredMask=0 OwnedMask=0 MarkerOwnedMask=1 Activated=1 Deactivated=0 Retired=0 RearmRequests=1 Clears=1 RightUseType=3
CORE ONDAMAGE ElapsedMs=87104.032 Ordinal=27 Target=Demon Arg1=Demon Arg2=Demon Caller=Game.dll+0x00069484 PlayerAction=4 PlayerPhase=1 PlayerMotion=Hero_Stand_None_2H_P0_QuickAttackR_Hit_N_Fwd_00_%_00_P1_90_R.xmot Raw8Fist=<none> Raw8UseType=-1 Raw8Group=-1
CORE C1_START ElapsedMs=87106.907 Actor=Demon Generation=91 Status=CANDIDATE Outstanding=0 TrackedSources=1 ReplacedGeneration=0 ReplacedOutstanding=0 Source[0]=It_2H_DemonSword_01 Side=RIGHT Group=5
CORE C1_BIND ElapsedMs=87106.918 Event=COMBAT_MOVE_CANDIDATE_BOUND Actor=Demon Generation=91 Status=CANDIDATE Outstanding=0 Source=<null> Script=_AI_Stumble
CORE C1_STATUS ElapsedMs=87106.979 Event=PERSISTED Actor=Demon Generation=91 Status=PERSISTED Outstanding=0
CORE COLLISION_GROUP ElapsedMs=87260.448 Source=It_2H_Sword_Flamberge UseType=3 Owner=PC_Hero Slot=RIGHT Requested=5 Before=7 After=5 MarkerBitsRetired=1
CORE C1 CLEANUP FULFILLED ElapsedMs=87260.478 Actor=PC_Hero Generation=90 Status=PERSISTED Source=It_2H_Sword_Flamberge Side=RIGHT Requests=1 Outstanding=0 CleanupObserved=1 Group=5
CORE C1_FINAL ElapsedMs=87318.182 Actor=Demon Generation=91 Status=PERSISTED SourceCount=1 PhysicalChanged=0 Source[0]=It_2H_DemonSword_01 Side=RIGHT Outstanding=0 Cleanup=0 Outcome=NO_OP_NO_OUTSTANDING
CORE C1_FINAL ElapsedMs=87346.847 Actor=PC_Hero Generation=90 Status=PERSISTED SourceCount=1 PhysicalChanged=0 Source[0]=It_2H_Sword_Flamberge Side=RIGHT Outstanding=0 Cleanup=1 Outcome=NO_OP_NO_OUTSTANDING
CORE C1_START ElapsedMs=88368.051 Actor=Demon Generation=92 Status=CANDIDATE Outstanding=0 TrackedSources=1 ReplacedGeneration=0 ReplacedOutstanding=0 Source[0]=It_2H_DemonSword_01 Side=RIGHT Group=5
CORE C1_BIND ElapsedMs=88368.064 Event=COMBAT_MOVE_CANDIDATE_BOUND Actor=Demon Generation=92 Status=CANDIDATE Outstanding=0 Source=<null> Script=_AI_Attack
CORE C1_STATUS ElapsedMs=88368.143 Event=PERSISTED Actor=Demon Generation=92 Status=PERSISTED Outstanding=0
CORE COLLISION_GROUP ElapsedMs=88557.579 Source=It_2H_DemonSword_01 UseType=3 Owner=Demon Slot=RIGHT Requested=7 Before=5 After=7 MarkerBitsRetired=0
CORE C1 OFFENSE REQUEST ElapsedMs=88557.608 Actor=Demon Generation=92 Status=PERSISTED Source=It_2H_DemonSword_01 Side=RIGHT Requests=1 Outstanding=1 CleanupObserved=0 Group=7
CORE MARKER ElapsedMs=88557.620 Actor=Demon Action=1 Family=NORMAL Phase=1 Motion=Demon_Stand_None_2H_P0_Attack_Hit_N_Fwd_00_%_00_P1_150_R.xmot Marker=RIGHT Result=ACCEPTED C1Valid=1 C1=92 StatePosition=0 PreviousMask=0 DesiredMask=1 RetiredMask=0 OwnedMask=0 MarkerOwnedMask=1 Activated=1 Deactivated=0 Retired=0 RearmRequests=1 Clears=1 RightUseType=3
CORE C1_START ElapsedMs=88717.759 Actor=PC_Hero Generation=93 Status=CANDIDATE Outstanding=0 TrackedSources=1 ReplacedGeneration=0 ReplacedOutstanding=0 Source[0]=It_2H_Sword_Flamberge Side=RIGHT Group=5
CORE C1_BIND ElapsedMs=88717.772 Event=COMBAT_MOVE_CANDIDATE_BOUND Actor=PC_Hero Generation=93 Status=CANDIDATE Outstanding=0 Source=<null> Script=_AI_Parade
CORE C1_STATUS ElapsedMs=88717.837 Event=PERSISTED Actor=PC_Hero Generation=93 Status=PERSISTED Outstanding=0
CORE C1_FINAL ElapsedMs=88737.127 Actor=PC_Hero Generation=93 Status=PERSISTED SourceCount=1 PhysicalChanged=0 Source[0]=It_2H_Sword_Flamberge Side=RIGHT Outstanding=0 Cleanup=0 Outcome=NO_OP_NO_OUTSTANDING
CORE C1_START ElapsedMs=88738.004 Actor=PC_Hero Generation=94 Status=CANDIDATE Outstanding=0 TrackedSources=1 ReplacedGeneration=0 ReplacedOutstanding=0 Source[0]=It_2H_Sword_Flamberge Side=RIGHT Group=5
CORE C1_BIND ElapsedMs=88738.013 Event=COMBAT_MOVE_CANDIDATE_BOUND Actor=PC_Hero Generation=94 Status=CANDIDATE Outstanding=0 Source=<null> Script=_AI_QuickAttack
CORE C1_STATUS ElapsedMs=88738.071 Event=PERSISTED Actor=PC_Hero Generation=94 Status=PERSISTED Outstanding=0
CORE ATTACK_OWNERSHIP ElapsedMs=88738.086 Actor=PC_Hero Family=QUICK Action=5 Phase=1 Motion=Hero_Stand_None_2H_P1_QuickAttackL_Hit_N_Fwd_00_%_00_P0_90_L.xmot MarkerPresent=1 RequiredMask=1 FistMarkers=0 Raw8Fist=<none> Raw8UseType=-1 SuppressNative=1 Classification=ROUTINE
CORE COLLISION_GROUP ElapsedMs=88976.440 Source=It_2H_Sword_Flamberge UseType=3 Owner=PC_Hero Slot=RIGHT Requested=7 Before=5 After=7 MarkerBitsRetired=0
CORE C1 OFFENSE REQUEST ElapsedMs=88976.469 Actor=PC_Hero Generation=94 Status=PERSISTED Source=It_2H_Sword_Flamberge Side=RIGHT Requests=1 Outstanding=1 CleanupObserved=0 Group=7
CORE MARKER ElapsedMs=88976.481 Actor=PC_Hero Action=5 Family=QUICK Phase=1 Motion=Hero_Stand_None_2H_P1_QuickAttackL_Hit_N_Fwd_00_%_00_P0_90_L.xmot Marker=RIGHT Result=ACCEPTED C1Valid=1 C1=94 StatePosition=1 PreviousMask=0 DesiredMask=1 RetiredMask=0 OwnedMask=0 MarkerOwnedMask=1 Activated=1 Deactivated=0 Retired=0 RearmRequests=1 Clears=1 RightUseType=3
CORE ONDAMAGE ElapsedMs=88994.590 Ordinal=28 Target=Demon Arg1=Demon Arg2=Demon Caller=Game.dll+0x00069484 PlayerAction=5 PlayerPhase=1 PlayerMotion=Hero_Stand_None_2H_P1_QuickAttackL_Hit_N_Fwd_00_%_00_P0_90_L.xmot Raw8Fist=<none> Raw8UseType=-1 Raw8Group=-1
CORE COLLISION_GROUP ElapsedMs=88997.225 Source=It_2H_DemonSword_01 UseType=3 Owner=Demon Slot=RIGHT Requested=5 Before=7 After=5 MarkerBitsRetired=1
CORE C1 CLEANUP FULFILLED ElapsedMs=88997.252 Actor=Demon Generation=92 Status=PERSISTED Source=It_2H_DemonSword_01 Side=RIGHT Requests=1 Outstanding=0 CleanupObserved=1 Group=5
CORE C1_START ElapsedMs=88997.274 Actor=Demon Generation=95 Status=CANDIDATE Outstanding=0 TrackedSources=1 ReplacedGeneration=92 ReplacedOutstanding=0 Source[0]=It_2H_DemonSword_01 Side=RIGHT Group=5
CORE C1_BIND ElapsedMs=88997.280 Event=COMBAT_MOVE_CANDIDATE_BOUND Actor=Demon Generation=95 Status=CANDIDATE Outstanding=0 Source=<null> Script=_AI_Stumble
CORE C1_STATUS ElapsedMs=88997.330 Event=PERSISTED Actor=Demon Generation=95 Status=PERSISTED Outstanding=0
CORE COLLISION_GROUP ElapsedMs=89151.697 Source=It_2H_Sword_Flamberge UseType=3 Owner=PC_Hero Slot=RIGHT Requested=5 Before=7 After=5 MarkerBitsRetired=1
CORE C1 CLEANUP FULFILLED ElapsedMs=89151.726 Actor=PC_Hero Generation=94 Status=PERSISTED Source=It_2H_Sword_Flamberge Side=RIGHT Requests=1 Outstanding=0 CleanupObserved=1 Group=5
CORE C1_FINAL ElapsedMs=89208.838 Actor=Demon Generation=95 Status=PERSISTED SourceCount=1 PhysicalChanged=0 Source[0]=It_2H_DemonSword_01 Side=RIGHT Outstanding=0 Cleanup=0 Outcome=NO_OP_NO_OUTSTANDING
CORE C1_START ElapsedMs=89224.743 Actor=Demon Generation=96 Status=CANDIDATE Outstanding=0 TrackedSources=1 ReplacedGeneration=0 ReplacedOutstanding=0 Source[0]=It_2H_DemonSword_01 Side=RIGHT Group=5
CORE C1_BIND ElapsedMs=89224.755 Event=COMBAT_MOVE_CANDIDATE_BOUND Actor=Demon Generation=96 Status=CANDIDATE Outstanding=0 Source=<null> Script=_AI_QuickAttack
CORE C1_STATUS ElapsedMs=89224.788 Event=CANCELLED_IMMEDIATE_RESULT Actor=Demon Generation=96 Status=CANDIDATE Outstanding=0
CORE C1_FINAL ElapsedMs=89239.637 Actor=PC_Hero Generation=94 Status=PERSISTED SourceCount=1 PhysicalChanged=0 Source[0]=It_2H_Sword_Flamberge Side=RIGHT Outstanding=0 Cleanup=1 Outcome=NO_OP_NO_OUTSTANDING
CORE C1_START ElapsedMs=90543.288 Actor=Demon Generation=97 Status=CANDIDATE Outstanding=0 TrackedSources=1 ReplacedGeneration=0 ReplacedOutstanding=0 Source[0]=It_2H_DemonSword_01 Side=RIGHT Group=5
CORE C1_BIND ElapsedMs=90543.300 Event=COMBAT_MOVE_CANDIDATE_BOUND Actor=Demon Generation=97 Status=CANDIDATE Outstanding=0 Source=<null> Script=_AI_Attack
CORE C1_STATUS ElapsedMs=90543.369 Event=PERSISTED Actor=Demon Generation=97 Status=PERSISTED Outstanding=0
CORE COLLISION_GROUP ElapsedMs=90734.579 Source=It_2H_DemonSword_01 UseType=3 Owner=Demon Slot=RIGHT Requested=7 Before=5 After=7 MarkerBitsRetired=0
CORE C1 OFFENSE REQUEST ElapsedMs=90734.607 Actor=Demon Generation=97 Status=PERSISTED Source=It_2H_DemonSword_01 Side=RIGHT Requests=1 Outstanding=1 CleanupObserved=0 Group=7
CORE MARKER ElapsedMs=90734.619 Actor=Demon Action=1 Family=NORMAL Phase=1 Motion=Demon_Stand_None_2H_P0_Attack_Hit_N_Fwd_00_%_00_P1_150_R.xmot Marker=RIGHT Result=ACCEPTED C1Valid=1 C1=97 StatePosition=0 PreviousMask=0 DesiredMask=1 RetiredMask=0 OwnedMask=0 MarkerOwnedMask=1 Activated=1 Deactivated=0 Retired=0 RearmRequests=1 Clears=1 RightUseType=3
CORE C1_START ElapsedMs=90855.806 Actor=PC_Hero Generation=98 Status=CANDIDATE Outstanding=0 TrackedSources=1 ReplacedGeneration=0 ReplacedOutstanding=0 Source[0]=It_2H_Sword_Flamberge Side=RIGHT Group=5
CORE C1_BIND ElapsedMs=90855.819 Event=COMBAT_MOVE_CANDIDATE_BOUND Actor=PC_Hero Generation=98 Status=CANDIDATE Outstanding=0 Source=<null> Script=_AI_QuickAttack
CORE C1_STATUS ElapsedMs=90855.878 Event=PERSISTED Actor=PC_Hero Generation=98 Status=PERSISTED Outstanding=0
CORE ATTACK_OWNERSHIP ElapsedMs=90855.893 Actor=PC_Hero Family=QUICK Action=4 Phase=1 Motion=Hero_Stand_None_2H_P0_QuickAttackR_Hit_N_Fwd_00_%_00_P1_90_R.xmot MarkerPresent=1 RequiredMask=1 FistMarkers=0 Raw8Fist=<none> Raw8UseType=-1 SuppressNative=1 Classification=ROUTINE
CORE COLLISION_GROUP ElapsedMs=91091.345 Source=It_2H_Sword_Flamberge UseType=3 Owner=PC_Hero Slot=RIGHT Requested=7 Before=5 After=7 MarkerBitsRetired=0
CORE C1 OFFENSE REQUEST ElapsedMs=91091.375 Actor=PC_Hero Generation=98 Status=PERSISTED Source=It_2H_Sword_Flamberge Side=RIGHT Requests=1 Outstanding=1 CleanupObserved=0 Group=7
CORE MARKER ElapsedMs=91091.387 Actor=PC_Hero Action=4 Family=QUICK Phase=1 Motion=Hero_Stand_None_2H_P0_QuickAttackR_Hit_N_Fwd_00_%_00_P1_90_R.xmot Marker=RIGHT Result=ACCEPTED C1Valid=1 C1=98 StatePosition=1 PreviousMask=0 DesiredMask=1 RetiredMask=0 OwnedMask=0 MarkerOwnedMask=1 Activated=1 Deactivated=0 Retired=0 RearmRequests=1 Clears=1 RightUseType=3
CORE ONDAMAGE ElapsedMs=91117.086 Ordinal=29 Target=Demon Arg1=Demon Arg2=Demon Caller=Game.dll+0x00069484 PlayerAction=4 PlayerPhase=1 PlayerMotion=Hero_Stand_None_2H_P0_QuickAttackR_Hit_N_Fwd_00_%_00_P1_90_R.xmot Raw8Fist=<none> Raw8UseType=-1 Raw8Group=-1
CORE COLLISION_GROUP ElapsedMs=91120.009 Source=It_2H_DemonSword_01 UseType=3 Owner=Demon Slot=RIGHT Requested=5 Before=7 After=5 MarkerBitsRetired=1
CORE C1 CLEANUP FULFILLED ElapsedMs=91120.037 Actor=Demon Generation=97 Status=PERSISTED Source=It_2H_DemonSword_01 Side=RIGHT Requests=1 Outstanding=0 CleanupObserved=1 Group=5
CORE C1_START ElapsedMs=91120.060 Actor=Demon Generation=99 Status=CANDIDATE Outstanding=0 TrackedSources=1 ReplacedGeneration=97 ReplacedOutstanding=0 Source[0]=It_2H_DemonSword_01 Side=RIGHT Group=5
CORE C1_BIND ElapsedMs=91120.066 Event=COMBAT_MOVE_CANDIDATE_BOUND Actor=Demon Generation=99 Status=CANDIDATE Outstanding=0 Source=<null> Script=_AI_Stumble
CORE C1_STATUS ElapsedMs=91120.115 Event=PERSISTED Actor=Demon Generation=99 Status=PERSISTED Outstanding=0
CORE COLLISION_GROUP ElapsedMs=91269.339 Source=It_2H_Sword_Flamberge UseType=3 Owner=PC_Hero Slot=RIGHT Requested=5 Before=7 After=5 MarkerBitsRetired=1
CORE C1 CLEANUP FULFILLED ElapsedMs=91269.368 Actor=PC_Hero Generation=98 Status=PERSISTED Source=It_2H_Sword_Flamberge Side=RIGHT Requests=1 Outstanding=0 CleanupObserved=1 Group=5
CORE C1_FINAL ElapsedMs=91332.608 Actor=Demon Generation=99 Status=PERSISTED SourceCount=1 PhysicalChanged=0 Source[0]=It_2H_DemonSword_01 Side=RIGHT Outstanding=0 Cleanup=0 Outcome=NO_OP_NO_OUTSTANDING
CORE C1_START ElapsedMs=91346.497 Actor=Demon Generation=100 Status=CANDIDATE Outstanding=0 TrackedSources=1 ReplacedGeneration=0 ReplacedOutstanding=0 Source[0]=It_2H_DemonSword_01 Side=RIGHT Group=5
CORE C1_BIND ElapsedMs=91346.509 Event=COMBAT_MOVE_CANDIDATE_BOUND Actor=Demon Generation=100 Status=CANDIDATE Outstanding=0 Source=<null> Script=_AI_QuickAttack
CORE C1_STATUS ElapsedMs=91346.546 Event=CANCELLED_IMMEDIATE_RESULT Actor=Demon Generation=100 Status=CANDIDATE Outstanding=0
CORE C1_FINAL ElapsedMs=91354.737 Actor=PC_Hero Generation=98 Status=PERSISTED SourceCount=1 PhysicalChanged=0 Source[0]=It_2H_Sword_Flamberge Side=RIGHT Outstanding=0 Cleanup=1 Outcome=NO_OP_NO_OUTSTANDING
CORE C1_START ElapsedMs=92755.395 Actor=Demon Generation=101 Status=CANDIDATE Outstanding=0 TrackedSources=1 ReplacedGeneration=0 ReplacedOutstanding=0 Source[0]=It_2H_DemonSword_01 Side=RIGHT Group=5
CORE C1_BIND ElapsedMs=92755.407 Event=COMBAT_MOVE_CANDIDATE_BOUND Actor=Demon Generation=101 Status=CANDIDATE Outstanding=0 Source=<null> Script=_AI_QuickAttack
CORE C1_STATUS ElapsedMs=92755.471 Event=PERSISTED Actor=Demon Generation=101 Status=PERSISTED Outstanding=0
CORE ATTACK_OWNERSHIP ElapsedMs=92755.486 Actor=Demon Family=QUICK Action=4 Phase=1 Motion=Demon_Stand_None_2H_P0_QuickAttackR_Hit_N_Fwd_00_%_00_P1_150_R.xmot MarkerPresent=1 RequiredMask=1 FistMarkers=0 Raw8Fist=<none> Raw8UseType=-1 SuppressNative=1 Classification=ROUTINE
CORE COLLISION_GROUP ElapsedMs=92886.370 Source=It_2H_DemonSword_01 UseType=3 Owner=Demon Slot=RIGHT Requested=7 Before=5 After=7 MarkerBitsRetired=0
CORE C1 OFFENSE REQUEST ElapsedMs=92886.399 Actor=Demon Generation=101 Status=PERSISTED Source=It_2H_DemonSword_01 Side=RIGHT Requests=1 Outstanding=1 CleanupObserved=0 Group=7
CORE MARKER ElapsedMs=92886.411 Actor=Demon Action=4 Family=QUICK Phase=1 Motion=Demon_Stand_None_2H_P0_QuickAttackR_Hit_N_Fwd_00_%_00_P1_150_R.xmot Marker=RIGHT Result=ACCEPTED C1Valid=1 C1=101 StatePosition=1 PreviousMask=0 DesiredMask=1 RetiredMask=0 OwnedMask=0 MarkerOwnedMask=1 Activated=1 Deactivated=0 Retired=0 RearmRequests=1 Clears=1 RightUseType=3
CORE C1_START ElapsedMs=93049.032 Actor=PC_Hero Generation=102 Status=CANDIDATE Outstanding=0 TrackedSources=1 ReplacedGeneration=0 ReplacedOutstanding=0 Source[0]=It_2H_Sword_Flamberge Side=RIGHT Group=5
CORE C1_BIND ElapsedMs=93049.045 Event=COMBAT_MOVE_CANDIDATE_BOUND Actor=PC_Hero Generation=102 Status=CANDIDATE Outstanding=0 Source=<null> Script=_AI_Parade
CORE C1_STATUS ElapsedMs=93049.108 Event=PERSISTED Actor=PC_Hero Generation=102 Status=PERSISTED Outstanding=0
CORE C1_FINAL ElapsedMs=93075.543 Actor=PC_Hero Generation=102 Status=PERSISTED SourceCount=1 PhysicalChanged=0 Source[0]=It_2H_Sword_Flamberge Side=RIGHT Outstanding=0 Cleanup=0 Outcome=NO_OP_NO_OUTSTANDING
CORE C1_START ElapsedMs=93076.365 Actor=PC_Hero Generation=103 Status=CANDIDATE Outstanding=0 TrackedSources=1 ReplacedGeneration=0 ReplacedOutstanding=0 Source[0]=It_2H_Sword_Flamberge Side=RIGHT Group=5
CORE C1_BIND ElapsedMs=93076.375 Event=COMBAT_MOVE_CANDIDATE_BOUND Actor=PC_Hero Generation=103 Status=CANDIDATE Outstanding=0 Source=<null> Script=_AI_QuickAttack
CORE C1_STATUS ElapsedMs=93076.435 Event=PERSISTED Actor=PC_Hero Generation=103 Status=PERSISTED Outstanding=0
CORE ATTACK_OWNERSHIP ElapsedMs=93076.450 Actor=PC_Hero Family=QUICK Action=5 Phase=1 Motion=Hero_Stand_None_2H_P1_QuickAttackL_Hit_N_Fwd_00_%_00_P0_90_L.xmot MarkerPresent=1 RequiredMask=1 FistMarkers=0 Raw8Fist=<none> Raw8UseType=-1 SuppressNative=1 Classification=ROUTINE
CORE COLLISION_GROUP ElapsedMs=93200.969 Source=It_2H_DemonSword_01 UseType=3 Owner=Demon Slot=RIGHT Requested=5 Before=7 After=5 MarkerBitsRetired=1
CORE C1 CLEANUP FULFILLED ElapsedMs=93200.996 Actor=Demon Generation=101 Status=PERSISTED Source=It_2H_DemonSword_01 Side=RIGHT Requests=1 Outstanding=0 CleanupObserved=1 Group=5
CORE C1_FINAL ElapsedMs=93285.914 Actor=Demon Generation=101 Status=PERSISTED SourceCount=1 PhysicalChanged=0 Source[0]=It_2H_DemonSword_01 Side=RIGHT Outstanding=0 Cleanup=1 Outcome=NO_OP_NO_OUTSTANDING
CORE COLLISION_GROUP ElapsedMs=93309.625 Source=It_2H_Sword_Flamberge UseType=3 Owner=PC_Hero Slot=RIGHT Requested=7 Before=5 After=7 MarkerBitsRetired=0
CORE C1 OFFENSE REQUEST ElapsedMs=93309.657 Actor=PC_Hero Generation=103 Status=PERSISTED Source=It_2H_Sword_Flamberge Side=RIGHT Requests=1 Outstanding=1 CleanupObserved=0 Group=7
CORE MARKER ElapsedMs=93309.668 Actor=PC_Hero Action=5 Family=QUICK Phase=1 Motion=Hero_Stand_None_2H_P1_QuickAttackL_Hit_N_Fwd_00_%_00_P0_90_L.xmot Marker=RIGHT Result=ACCEPTED C1Valid=1 C1=103 StatePosition=1 PreviousMask=0 DesiredMask=1 RetiredMask=0 OwnedMask=0 MarkerOwnedMask=1 Activated=1 Deactivated=0 Retired=0 RearmRequests=1 Clears=1 RightUseType=3
CORE ONDAMAGE ElapsedMs=93327.525 Ordinal=30 Target=Demon Arg1=Demon Arg2=Demon Caller=Game.dll+0x00069484 PlayerAction=5 PlayerPhase=1 PlayerMotion=Hero_Stand_None_2H_P1_QuickAttackL_Hit_N_Fwd_00_%_00_P0_90_L.xmot Raw8Fist=<none> Raw8UseType=-1 Raw8Group=-1
CORE C1_START ElapsedMs=93330.345 Actor=Demon Generation=104 Status=CANDIDATE Outstanding=0 TrackedSources=1 ReplacedGeneration=0 ReplacedOutstanding=0 Source[0]=It_2H_DemonSword_01 Side=RIGHT Group=5
CORE C1_BIND ElapsedMs=93330.356 Event=COMBAT_MOVE_CANDIDATE_BOUND Actor=Demon Generation=104 Status=CANDIDATE Outstanding=0 Source=<null> Script=_AI_Stumble
CORE C1_STATUS ElapsedMs=93330.417 Event=PERSISTED Actor=Demon Generation=104 Status=PERSISTED Outstanding=0
CORE COLLISION_GROUP ElapsedMs=93486.614 Source=It_2H_Sword_Flamberge UseType=3 Owner=PC_Hero Slot=RIGHT Requested=5 Before=7 After=5 MarkerBitsRetired=1
CORE C1 CLEANUP FULFILLED ElapsedMs=93486.643 Actor=PC_Hero Generation=103 Status=PERSISTED Source=It_2H_Sword_Flamberge Side=RIGHT Requests=1 Outstanding=0 CleanupObserved=1 Group=5
CORE C1_FINAL ElapsedMs=93543.846 Actor=Demon Generation=104 Status=PERSISTED SourceCount=1 PhysicalChanged=0 Source[0]=It_2H_DemonSword_01 Side=RIGHT Outstanding=0 Cleanup=0 Outcome=NO_OP_NO_OUTSTANDING
CORE C1_FINAL ElapsedMs=93572.816 Actor=PC_Hero Generation=103 Status=PERSISTED SourceCount=1 PhysicalChanged=0 Source[0]=It_2H_Sword_Flamberge Side=RIGHT Outstanding=0 Cleanup=1 Outcome=NO_OP_NO_OUTSTANDING
CORE C1_START ElapsedMs=94523.659 Actor=Demon Generation=105 Status=CANDIDATE Outstanding=0 TrackedSources=1 ReplacedGeneration=0 ReplacedOutstanding=0 Source[0]=It_2H_DemonSword_01 Side=RIGHT Group=5
CORE C1_BIND ElapsedMs=94523.672 Event=COMBAT_MOVE_CANDIDATE_BOUND Actor=Demon Generation=105 Status=CANDIDATE Outstanding=0 Source=<null> Script=_AI_QuickAttack
CORE C1_STATUS ElapsedMs=94523.706 Event=CANCELLED_IMMEDIATE_RESULT Actor=Demon Generation=105 Status=CANDIDATE Outstanding=0
CORE C1_START ElapsedMs=95845.819 Actor=Demon Generation=106 Status=CANDIDATE Outstanding=0 TrackedSources=1 ReplacedGeneration=0 ReplacedOutstanding=0 Source[0]=It_2H_DemonSword_01 Side=RIGHT Group=5
CORE C1_BIND ElapsedMs=95845.832 Event=COMBAT_MOVE_CANDIDATE_BOUND Actor=Demon Generation=106 Status=CANDIDATE Outstanding=0 Source=<null> Script=_AI_PowerAttack
CORE C1_STATUS ElapsedMs=95845.896 Event=PERSISTED Actor=Demon Generation=106 Status=PERSISTED Outstanding=0
CORE C1_BIND ElapsedMs=96285.525 Event=COMBAT_MOVE_REUSED Actor=Demon Generation=106 Status=PERSISTED Outstanding=0 Source=<null> Script=_AI_PowerAttack
CORE ATTACK_OWNERSHIP ElapsedMs=96285.602 Actor=Demon Family=POWER Action=2 Phase=1 Motion=Demon_Stand_None_2H_P0_PowerAttack_Hit_N_Fwd_00_%_00_P1_150_R.xmot MarkerPresent=1 RequiredMask=1 FistMarkers=0 Raw8Fist=<none> Raw8UseType=-1 SuppressNative=1 Classification=ROUTINE
CORE C1_START ElapsedMs=96406.073 Actor=PC_Hero Generation=107 Status=CANDIDATE Outstanding=0 TrackedSources=1 ReplacedGeneration=0 ReplacedOutstanding=0 Source[0]=It_2H_Sword_Flamberge Side=RIGHT Group=5
CORE C1_BIND ElapsedMs=96406.086 Event=COMBAT_MOVE_CANDIDATE_BOUND Actor=PC_Hero Generation=107 Status=CANDIDATE Outstanding=0 Source=<null> Script=_AI_QuickAttack
CORE C1_STATUS ElapsedMs=96406.202 Event=PERSISTED Actor=PC_Hero Generation=107 Status=PERSISTED Outstanding=0
CORE ATTACK_OWNERSHIP ElapsedMs=96406.221 Actor=PC_Hero Family=QUICK Action=4 Phase=1 Motion=Hero_Stand_None_2H_P0_QuickAttackR_Hit_N_Fwd_00_%_00_P1_90_R.xmot MarkerPresent=1 RequiredMask=1 FistMarkers=0 Raw8Fist=<none> Raw8UseType=-1 SuppressNative=1 Classification=ROUTINE
CORE COLLISION_GROUP ElapsedMs=96421.547 Source=It_2H_DemonSword_01 UseType=3 Owner=Demon Slot=RIGHT Requested=7 Before=5 After=7 MarkerBitsRetired=0
CORE C1 OFFENSE REQUEST ElapsedMs=96421.576 Actor=Demon Generation=106 Status=PERSISTED Source=It_2H_DemonSword_01 Side=RIGHT Requests=1 Outstanding=1 CleanupObserved=0 Group=7
CORE MARKER ElapsedMs=96421.588 Actor=Demon Action=2 Family=POWER Phase=1 Motion=Demon_Stand_None_2H_P0_PowerAttack_Hit_N_Fwd_00_%_00_P1_150_R.xmot Marker=RIGHT Result=ACCEPTED C1Valid=1 C1=106 StatePosition=1 PreviousMask=0 DesiredMask=1 RetiredMask=0 OwnedMask=0 MarkerOwnedMask=1 Activated=1 Deactivated=0 Retired=0 RearmRequests=1 Clears=1 RightUseType=3
CORE COLLISION_GROUP ElapsedMs=96650.044 Source=It_2H_Sword_Flamberge UseType=3 Owner=PC_Hero Slot=RIGHT Requested=7 Before=5 After=7 MarkerBitsRetired=0
CORE C1 OFFENSE REQUEST ElapsedMs=96650.073 Actor=PC_Hero Generation=107 Status=PERSISTED Source=It_2H_Sword_Flamberge Side=RIGHT Requests=1 Outstanding=1 CleanupObserved=0 Group=7
CORE MARKER ElapsedMs=96650.084 Actor=PC_Hero Action=4 Family=QUICK Phase=1 Motion=Hero_Stand_None_2H_P0_QuickAttackR_Hit_N_Fwd_00_%_00_P1_90_R.xmot Marker=RIGHT Result=ACCEPTED C1Valid=1 C1=107 StatePosition=1 PreviousMask=0 DesiredMask=1 RetiredMask=0 OwnedMask=0 MarkerOwnedMask=1 Activated=1 Deactivated=0 Retired=0 RearmRequests=1 Clears=1 RightUseType=3
CORE ONDAMAGE ElapsedMs=96673.489 Ordinal=31 Target=Demon Arg1=Demon Arg2=Demon Caller=Game.dll+0x00069484 PlayerAction=4 PlayerPhase=1 PlayerMotion=Hero_Stand_None_2H_P0_QuickAttackR_Hit_N_Fwd_00_%_00_P1_90_R.xmot Raw8Fist=<none> Raw8UseType=-1 Raw8Group=-1
CORE COLLISION_GROUP ElapsedMs=96678.136 Source=It_2H_DemonSword_01 UseType=3 Owner=Demon Slot=RIGHT Requested=5 Before=7 After=5 MarkerBitsRetired=1
CORE C1 CLEANUP FULFILLED ElapsedMs=96678.163 Actor=Demon Generation=106 Status=PERSISTED Source=It_2H_DemonSword_01 Side=RIGHT Requests=1 Outstanding=0 CleanupObserved=1 Group=5
CORE C1_START ElapsedMs=96678.184 Actor=Demon Generation=108 Status=CANDIDATE Outstanding=0 TrackedSources=1 ReplacedGeneration=106 ReplacedOutstanding=0 Source[0]=It_2H_DemonSword_01 Side=RIGHT Group=5
CORE C1_BIND ElapsedMs=96678.190 Event=COMBAT_MOVE_CANDIDATE_BOUND Actor=Demon Generation=108 Status=CANDIDATE Outstanding=0 Source=<null> Script=_AI_Stumble
CORE C1_STATUS ElapsedMs=96678.247 Event=PERSISTED Actor=Demon Generation=108 Status=PERSISTED Outstanding=0
CORE COLLISION_GROUP ElapsedMs=96830.303 Source=It_2H_Sword_Flamberge UseType=3 Owner=PC_Hero Slot=RIGHT Requested=5 Before=7 After=5 MarkerBitsRetired=1
CORE C1 CLEANUP FULFILLED ElapsedMs=96830.333 Actor=PC_Hero Generation=107 Status=PERSISTED Source=It_2H_Sword_Flamberge Side=RIGHT Requests=1 Outstanding=0 CleanupObserved=1 Group=5
CORE C1_FINAL ElapsedMs=96893.807 Actor=Demon Generation=108 Status=PERSISTED SourceCount=1 PhysicalChanged=0 Source[0]=It_2H_DemonSword_01 Side=RIGHT Outstanding=0 Cleanup=0 Outcome=NO_OP_NO_OUTSTANDING
CORE C1_START ElapsedMs=96909.626 Actor=Demon Generation=109 Status=CANDIDATE Outstanding=0 TrackedSources=1 ReplacedGeneration=0 ReplacedOutstanding=0 Source[0]=It_2H_DemonSword_01 Side=RIGHT Group=5
CORE C1_BIND ElapsedMs=96909.638 Event=COMBAT_MOVE_CANDIDATE_BOUND Actor=Demon Generation=109 Status=CANDIDATE Outstanding=0 Source=<null> Script=_AI_QuickAttack
CORE C1_STATUS ElapsedMs=96909.672 Event=CANCELLED_IMMEDIATE_RESULT Actor=Demon Generation=109 Status=CANDIDATE Outstanding=0
CORE C1_FINAL ElapsedMs=96915.398 Actor=PC_Hero Generation=107 Status=PERSISTED SourceCount=1 PhysicalChanged=0 Source[0]=It_2H_Sword_Flamberge Side=RIGHT Outstanding=0 Cleanup=1 Outcome=NO_OP_NO_OUTSTANDING
Script_FrameCollisionTest unloading cleanly.
