Script_FrameCollisionTest diagnostic build loaded.
DiagnosticProfile: CORE
DeepDiagnostics: DISABLED
BehaviorCore: EngineBridge + FrameCollisionMarkers + CollisionSources + CollisionSourceOperations + CollisionLifecycleGuard + Raw8FistCollision + AttackMotionRouting + RuntimeClock
C1Repair: exact outstanding live equipped Item_Attack source -> Item_Equipped after native AISetState opportunity; no ClearTriggeredList.
MarkerFamilies: Normal Power Quick SimpleWhirl Whirl Pierce Hack Sprint
MarkerOpcodes: RIGHT LEFT BOTH OFF FIST
HACK_CALLBACK_IDENTITY TargetRVA=0x433D0 ExactlyOne=1 MatchCount=1 Name=OnAI_HackAttack Source=.\Script\AI\AI_Commands\AI_HackAttack.cpp
Installing behavior hooks...
Hooks installed.

CORE C1_START ElapsedMs=21834.790 Actor=Troll Generation=1 Status=CANDIDATE Outstanding=0 TrackedSources=2 ReplacedGeneration=0 ReplacedOutstanding=0 Source[0]=TrollFist Side=RIGHT Group=5 Source[1]=TrollFist Side=LEFT Group=5
CORE C1_BIND ElapsedMs=21834.820 Event=COMBAT_MOVE_CANDIDATE_BOUND Actor=Troll Generation=1 Status=CANDIDATE Outstanding=0 Source=<null> Script=_AI_QuickAttack
CORE C1_STATUS ElapsedMs=21835.188 Event=PERSISTED Actor=Troll Generation=1 Status=PERSISTED Outstanding=0
CORE ATTACK_OWNERSHIP ElapsedMs=21835.220 Actor=Troll Family=QUICK Action=4 Phase=1 Motion=Troll_Stand_Fist_Fist_P0_QuickAttackR_Hit_N_Fwd_00_%_00_P0_100.xmot MarkerPresent=1 RequiredMask=0 FistMarkers=1 Raw8Fist=<none> Raw8UseType=-1 SuppressNative=0 Classification=CONTRADICTION
===== CORE ATTACK OWNERSHIP ANOMALY =====
MatchingMotionFound: 1
MarkerScanValid: 1
RequiredSourcesAvailable: 1
RightSourceSlot: RIGHT
RightSourceName: TrollFist
RightSourceUseType: 55
RightSourceCollisionGroup: 5
LeftSourceSlot: LEFT
LeftSourceName: TrollFist
LeftSourceUseType: 55
LeftSourceCollisionGroup: 5
Raw8FistSourceName: <none>
Raw8FistSourceUseType: -1
Raw8FistSourceCollisionGroup: -1
=========================================

CORE RAW55_QUICK_CALLBACK_BOUNDARY Actor=Troll C1=1 SameC1=1 Action=4->4 Phase=1->1 StateTime=0.000000->0.000000 StatePosition=0->0 MotionBefore=Troll_Stand_Fist_Fist_P0_QuickAttackR_Hit_N_Fwd_00_%_00_P0_100.xmot MotionAfter=Troll_Stand_Fist_Fist_P0_QuickAttackR_Hit_N_Fwd_00_%_00_P0_100.xmot Right=TrollFist RightUseType=55 RightGroup=5->5 NativeResult=1 OBSERVE_NATIVE=1
CORE RAW55_QUICK_CALLBACK_BOUNDARY Actor=Troll C1=1 SameC1=1 Action=4->4 Phase=1->1 StateTime=0.000000->0.000000 StatePosition=0->0 MotionBefore=Troll_Stand_Fist_Fist_P0_QuickAttackR_Hit_N_Fwd_00_%_00_P0_100.xmot MotionAfter=Troll_Stand_Fist_Fist_P0_QuickAttackR_Hit_N_Fwd_00_%_00_P0_100.xmot Right=TrollFist RightUseType=55 RightGroup=5->5 NativeResult=1 OBSERVE_NATIVE=1
CORE RAW55_QUICK_CALLBACK_BOUNDARY Actor=Troll C1=1 SameC1=1 Action=4->4 Phase=1->1 StateTime=0.010941->0.010941 StatePosition=0->0 MotionBefore=Troll_Stand_Fist_Fist_P0_QuickAttackR_Hit_N_Fwd_00_%_00_P0_100.xmot MotionAfter=Troll_Stand_Fist_Fist_P0_QuickAttackR_Hit_N_Fwd_00_%_00_P0_100.xmot Right=TrollFist RightUseType=55 RightGroup=5->5 NativeResult=1 OBSERVE_NATIVE=1
CORE RAW55_QUICK_CALLBACK_BOUNDARY Actor=Troll C1=1 SameC1=1 Action=4->4 Phase=1->1 StateTime=0.019275->0.019275 StatePosition=0->0 MotionBefore=Troll_Stand_Fist_Fist_P0_QuickAttackR_Hit_N_Fwd_00_%_00_P0_100.xmot MotionAfter=Troll_Stand_Fist_Fist_P0_QuickAttackR_Hit_N_Fwd_00_%_00_P0_100.xmot Right=TrollFist RightUseType=55 RightGroup=5->5 NativeResult=1 OBSERVE_NATIVE=1
CORE RAW55_QUICK_CALLBACK_BOUNDARY Actor=Troll C1=1 SameC1=1 Action=4->4 Phase=1->1 StateTime=0.030216->0.030216 StatePosition=0->0 MotionBefore=Troll_Stand_Fist_Fist_P0_QuickAttackR_Hit_N_Fwd_00_%_00_P0_100.xmot MotionAfter=Troll_Stand_Fist_Fist_P0_QuickAttackR_Hit_N_Fwd_00_%_00_P0_100.xmot Right=TrollFist RightUseType=55 RightGroup=5->5 NativeResult=1 OBSERVE_NATIVE=1
CORE RAW55_QUICK_CALLBACK_BOUNDARY Actor=Troll C1=1 SameC1=1 Action=4->4 Phase=1->1 StateTime=0.040227->0.040227 StatePosition=0->0 MotionBefore=Troll_Stand_Fist_Fist_P0_QuickAttackR_Hit_N_Fwd_00_%_00_P0_100.xmot MotionAfter=Troll_Stand_Fist_Fist_P0_QuickAttackR_Hit_N_Fwd_00_%_00_P0_100.xmot Right=TrollFist RightUseType=55 RightGroup=5->5 NativeResult=1 OBSERVE_NATIVE=1
CORE RAW55_QUICK_CALLBACK_BOUNDARY Actor=Troll C1=1 SameC1=1 Action=4->4 Phase=1->1 StateTime=0.048560->0.048560 StatePosition=0->0 MotionBefore=Troll_Stand_Fist_Fist_P0_QuickAttackR_Hit_N_Fwd_00_%_00_P0_100.xmot MotionAfter=Troll_Stand_Fist_Fist_P0_QuickAttackR_Hit_N_Fwd_00_%_00_P0_100.xmot Right=TrollFist RightUseType=55 RightGroup=5->5 NativeResult=1 OBSERVE_NATIVE=1
CORE RAW55_QUICK_CALLBACK_BOUNDARY Actor=Troll C1=1 SameC1=1 Action=4->4 Phase=1->1 StateTime=0.057517->0.057517 StatePosition=0->0 MotionBefore=Troll_Stand_Fist_Fist_P0_QuickAttackR_Hit_N_Fwd_00_%_00_P0_100.xmot MotionAfter=Troll_Stand_Fist_Fist_P0_QuickAttackR_Hit_N_Fwd_00_%_00_P0_100.xmot Right=TrollFist RightUseType=55 RightGroup=5->5 NativeResult=1 OBSERVE_NATIVE=1
CORE RAW55_QUICK_CALLBACK_BOUNDARY Actor=Troll C1=1 SameC1=1 Action=4->4 Phase=1->1 StateTime=0.065850->0.065850 StatePosition=0->0 MotionBefore=Troll_Stand_Fist_Fist_P0_QuickAttackR_Hit_N_Fwd_00_%_00_P0_100.xmot MotionAfter=Troll_Stand_Fist_Fist_P0_QuickAttackR_Hit_N_Fwd_00_%_00_P0_100.xmot Right=TrollFist RightUseType=55 RightGroup=5->5 NativeResult=1 OBSERVE_NATIVE=1
CORE RAW55_QUICK_CALLBACK_BOUNDARY Actor=Troll C1=1 SameC1=1 Action=4->4 Phase=1->1 StateTime=0.074821->0.074821 StatePosition=0->0 MotionBefore=Troll_Stand_Fist_Fist_P0_QuickAttackR_Hit_N_Fwd_00_%_00_P0_100.xmot MotionAfter=Troll_Stand_Fist_Fist_P0_QuickAttackR_Hit_N_Fwd_00_%_00_P0_100.xmot Right=TrollFist RightUseType=55 RightGroup=5->5 NativeResult=1 OBSERVE_NATIVE=1
CORE RAW55_QUICK_CALLBACK_BOUNDARY Actor=Troll C1=1 SameC1=1 Action=4->4 Phase=1->1 StateTime=0.083154->0.083154 StatePosition=0->0 MotionBefore=Troll_Stand_Fist_Fist_P0_QuickAttackR_Hit_N_Fwd_00_%_00_P0_100.xmot MotionAfter=Troll_Stand_Fist_Fist_P0_QuickAttackR_Hit_N_Fwd_00_%_00_P0_100.xmot Right=TrollFist RightUseType=55 RightGroup=5->5 NativeResult=1 OBSERVE_NATIVE=1
CORE RAW55_QUICK_CALLBACK_BOUNDARY Actor=Troll C1=1 SameC1=1 Action=4->4 Phase=1->1 StateTime=0.095066->0.095066 StatePosition=0->0 MotionBefore=Troll_Stand_Fist_Fist_P0_QuickAttackR_Hit_N_Fwd_00_%_00_P0_100.xmot MotionAfter=Troll_Stand_Fist_Fist_P0_QuickAttackR_Hit_N_Fwd_00_%_00_P0_100.xmot Right=TrollFist RightUseType=55 RightGroup=5->5 NativeResult=1 OBSERVE_NATIVE=1
CORE RAW55_QUICK_GROUP_SUPPRESSION Actor=Troll C1=1 Right=TrollFist RightUseType=55 RequestedGroup=7 BeforeGroup=5 StatePosition=0 StateTime=0.104096 SUPPRESS_GROUP=1
CORE RAW55_QUICK_CALLBACK_BOUNDARY Actor=Troll C1=1 SameC1=1 Action=4->4 Phase=1->1 StateTime=0.104096->0.104096 StatePosition=0->1 MotionBefore=Troll_Stand_Fist_Fist_P0_QuickAttackR_Hit_N_Fwd_00_%_00_P0_100.xmot MotionAfter=Troll_Stand_Fist_Fist_P0_QuickAttackR_Hit_N_Fwd_00_%_00_P0_100.xmot Right=TrollFist RightUseType=55 RightGroup=5->5 NativeResult=1 OBSERVE_NATIVE=1
CORE RAW55_QUICK_CALLBACK_BOUNDARY Actor=Troll C1=1 SameC1=1 Action=4->4 Phase=1->1 StateTime=0.112430->0.112430 StatePosition=1->1 MotionBefore=Troll_Stand_Fist_Fist_P0_QuickAttackR_Hit_N_Fwd_00_%_00_P0_100.xmot MotionAfter=Troll_Stand_Fist_Fist_P0_QuickAttackR_Hit_N_Fwd_00_%_00_P0_100.xmot Right=TrollFist RightUseType=55 RightGroup=5->5 NativeResult=1 OBSERVE_NATIVE=1
CORE RAW55_QUICK_CALLBACK_BOUNDARY Actor=Troll C1=1 SameC1=1 Action=4->4 Phase=1->1 StateTime=0.121401->0.121401 StatePosition=1->1 MotionBefore=Troll_Stand_Fist_Fist_P0_QuickAttackR_Hit_N_Fwd_00_%_00_P0_100.xmot MotionAfter=Troll_Stand_Fist_Fist_P0_QuickAttackR_Hit_N_Fwd_00_%_00_P0_100.xmot Right=TrollFist RightUseType=55 RightGroup=5->5 NativeResult=1 OBSERVE_NATIVE=1
CORE RAW55_QUICK_CALLBACK_BOUNDARY Actor=Troll C1=1 SameC1=1 Action=4->4 Phase=1->1 StateTime=0.129734->0.129734 StatePosition=1->1 MotionBefore=Troll_Stand_Fist_Fist_P0_QuickAttackR_Hit_N_Fwd_00_%_00_P0_100.xmot MotionAfter=Troll_Stand_Fist_Fist_P0_QuickAttackR_Hit_N_Fwd_00_%_00_P0_100.xmot Right=TrollFist RightUseType=55 RightGroup=5->5 NativeResult=1 OBSERVE_NATIVE=1
CORE RAW55_QUICK_CALLBACK_BOUNDARY Actor=Troll C1=1 SameC1=1 Action=4->4 Phase=1->1 StateTime=0.139675->0.139675 StatePosition=1->1 MotionBefore=Troll_Stand_Fist_Fist_P0_QuickAttackR_Hit_N_Fwd_00_%_00_P0_100.xmot MotionAfter=Troll_Stand_Fist_Fist_P0_QuickAttackR_Hit_N_Fwd_00_%_00_P0_100.xmot Right=TrollFist RightUseType=55 RightGroup=5->5 NativeResult=1 OBSERVE_NATIVE=1
CORE RAW55_QUICK_CALLBACK_BOUNDARY Actor=Troll C1=1 SameC1=1 Action=4->4 Phase=1->1 StateTime=0.148009->0.148009 StatePosition=1->1 MotionBefore=Troll_Stand_Fist_Fist_P0_QuickAttackR_Hit_N_Fwd_00_%_00_P0_100.xmot MotionAfter=Troll_Stand_Fist_Fist_P0_QuickAttackR_Hit_N_Fwd_00_%_00_P0_100.xmot Right=TrollFist RightUseType=55 RightGroup=5->5 NativeResult=1 OBSERVE_NATIVE=1
CORE RAW55_QUICK_CALLBACK_BOUNDARY Actor=Troll C1=1 SameC1=1 Action=4->4 Phase=1->1 StateTime=0.156965->0.156965 StatePosition=1->1 MotionBefore=Troll_Stand_Fist_Fist_P0_QuickAttackR_Hit_N_Fwd_00_%_00_P0_100.xmot MotionAfter=Troll_Stand_Fist_Fist_P0_QuickAttackR_Hit_N_Fwd_00_%_00_P0_100.xmot Right=TrollFist RightUseType=55 RightGroup=5->5 NativeResult=1 OBSERVE_NATIVE=1
CORE RAW55_QUICK_CALLBACK_BOUNDARY Actor=Troll C1=1 SameC1=1 Action=4->4 Phase=1->1 StateTime=0.165298->0.165298 StatePosition=1->1 MotionBefore=Troll_Stand_Fist_Fist_P0_QuickAttackR_Hit_N_Fwd_00_%_00_P0_100.xmot MotionAfter=Troll_Stand_Fist_Fist_P0_QuickAttackR_Hit_N_Fwd_00_%_00_P0_100.xmot Right=TrollFist RightUseType=55 RightGroup=5->5 NativeResult=1 OBSERVE_NATIVE=1
CORE RAW55_QUICK_CALLBACK_BOUNDARY Actor=Troll C1=1 SameC1=1 Action=4->4 Phase=1->1 StateTime=0.173632->0.173632 StatePosition=1->1 MotionBefore=Troll_Stand_Fist_Fist_P0_QuickAttackR_Hit_N_Fwd_00_%_00_P0_100.xmot MotionAfter=Troll_Stand_Fist_Fist_P0_QuickAttackR_Hit_N_Fwd_00_%_00_P0_100.xmot Right=TrollFist RightUseType=55 RightGroup=5->5 NativeResult=1 OBSERVE_NATIVE=1
CORE RAW55_QUICK_CALLBACK_BOUNDARY Actor=Troll C1=1 SameC1=1 Action=4->4 Phase=1->1 StateTime=0.181965->0.181965 StatePosition=1->1 MotionBefore=Troll_Stand_Fist_Fist_P0_QuickAttackR_Hit_N_Fwd_00_%_00_P0_100.xmot MotionAfter=Troll_Stand_Fist_Fist_P0_QuickAttackR_Hit_N_Fwd_00_%_00_P0_100.xmot Right=TrollFist RightUseType=55 RightGroup=5->5 NativeResult=1 OBSERVE_NATIVE=1
CORE RAW55_QUICK_CALLBACK_BOUNDARY Actor=Troll C1=1 SameC1=1 Action=4->4 Phase=1->1 StateTime=0.190298->0.190298 StatePosition=1->1 MotionBefore=Troll_Stand_Fist_Fist_P0_QuickAttackR_Hit_N_Fwd_00_%_00_P0_100.xmot MotionAfter=Troll_Stand_Fist_Fist_P0_QuickAttackR_Hit_N_Fwd_00_%_00_P0_100.xmot Right=TrollFist RightUseType=55 RightGroup=5->5 NativeResult=1 OBSERVE_NATIVE=1
CORE RAW55_QUICK_CALLBACK_BOUNDARY Actor=Troll C1=1 SameC1=1 Action=4->4 Phase=1->1 StateTime=0.198632->0.198632 StatePosition=1->1 MotionBefore=Troll_Stand_Fist_Fist_P0_QuickAttackR_Hit_N_Fwd_00_%_00_P0_100.xmot MotionAfter=Troll_Stand_Fist_Fist_P0_QuickAttackR_Hit_N_Fwd_00_%_00_P0_100.xmot Right=TrollFist RightUseType=55 RightGroup=5->5 NativeResult=1 OBSERVE_NATIVE=1
CORE RAW55_QUICK_CALLBACK_BOUNDARY Actor=Troll C1=1 SameC1=1 Action=4->4 Phase=1->1 StateTime=0.206965->0.206965 StatePosition=1->1 MotionBefore=Troll_Stand_Fist_Fist_P0_QuickAttackR_Hit_N_Fwd_00_%_00_P0_100.xmot MotionAfter=Troll_Stand_Fist_Fist_P0_QuickAttackR_Hit_N_Fwd_00_%_00_P0_100.xmot Right=TrollFist RightUseType=55 RightGroup=5->5 NativeResult=1 OBSERVE_NATIVE=1
CORE RAW55_QUICK_CALLBACK_BOUNDARY Actor=Troll C1=1 SameC1=1 Action=4->4 Phase=1->1 StateTime=0.215298->0.215298 StatePosition=1->1 MotionBefore=Troll_Stand_Fist_Fist_P0_QuickAttackR_Hit_N_Fwd_00_%_00_P0_100.xmot MotionAfter=Troll_Stand_Fist_Fist_P0_QuickAttackR_Hit_N_Fwd_00_%_00_P0_100.xmot Right=TrollFist RightUseType=55 RightGroup=5->5 NativeResult=1 OBSERVE_NATIVE=1
CORE RAW55_QUICK_CALLBACK_BOUNDARY Actor=Troll C1=1 SameC1=1 Action=4->4 Phase=1->1 StateTime=0.223632->0.223632 StatePosition=1->1 MotionBefore=Troll_Stand_Fist_Fist_P0_QuickAttackR_Hit_N_Fwd_00_%_00_P0_100.xmot MotionAfter=Troll_Stand_Fist_Fist_P0_QuickAttackR_Hit_N_Fwd_00_%_00_P0_100.xmot Right=TrollFist RightUseType=55 RightGroup=5->5 NativeResult=1 OBSERVE_NATIVE=1
CORE RAW55_QUICK_CALLBACK_BOUNDARY Actor=Troll C1=1 SameC1=1 Action=4->4 Phase=1->1 StateTime=0.231965->0.231965 StatePosition=1->1 MotionBefore=Troll_Stand_Fist_Fist_P0_QuickAttackR_Hit_N_Fwd_00_%_00_P0_100.xmot MotionAfter=Troll_Stand_Fist_Fist_P0_QuickAttackR_Hit_N_Fwd_00_%_00_P0_100.xmot Right=TrollFist RightUseType=55 RightGroup=5->5 NativeResult=1 OBSERVE_NATIVE=1
CORE RAW55_QUICK_CALLBACK_BOUNDARY Actor=Troll C1=1 SameC1=1 Action=4->4 Phase=1->1 StateTime=0.240298->0.240298 StatePosition=1->1 MotionBefore=Troll_Stand_Fist_Fist_P0_QuickAttackR_Hit_N_Fwd_00_%_00_P0_100.xmot MotionAfter=Troll_Stand_Fist_Fist_P0_QuickAttackR_Hit_N_Fwd_00_%_00_P0_100.xmot Right=TrollFist RightUseType=55 RightGroup=5->5 NativeResult=1 OBSERVE_NATIVE=1
CORE RAW55_QUICK_CALLBACK_BOUNDARY Actor=Troll C1=1 SameC1=1 Action=4->4 Phase=1->1 StateTime=0.249255->0.249255 StatePosition=1->1 MotionBefore=Troll_Stand_Fist_Fist_P0_QuickAttackR_Hit_N_Fwd_00_%_00_P0_100.xmot MotionAfter=Troll_Stand_Fist_Fist_P0_QuickAttackR_Hit_N_Fwd_00_%_00_P0_100.xmot Right=TrollFist RightUseType=55 RightGroup=5->5 NativeResult=1 OBSERVE_NATIVE=1
CORE RAW55_QUICK_CALLBACK_BOUNDARY Actor=Troll C1=1 SameC1=1 Action=4->4 Phase=1->1 StateTime=0.257588->0.257588 StatePosition=1->1 MotionBefore=Troll_Stand_Fist_Fist_P0_QuickAttackR_Hit_N_Fwd_00_%_00_P0_100.xmot MotionAfter=Troll_Stand_Fist_Fist_P0_QuickAttackR_Hit_N_Fwd_00_%_00_P0_100.xmot Right=TrollFist RightUseType=55 RightGroup=5->5 NativeResult=1 OBSERVE_NATIVE=1
CORE RAW55_QUICK_CALLBACK_BOUNDARY Actor=Troll C1=1 SameC1=1 Action=4->4 Phase=1->1 StateTime=0.266559->0.266559 StatePosition=1->1 MotionBefore=Troll_Stand_Fist_Fist_P0_QuickAttackR_Hit_N_Fwd_00_%_00_P0_100.xmot MotionAfter=Troll_Stand_Fist_Fist_P0_QuickAttackR_Hit_N_Fwd_00_%_00_P0_100.xmot Right=TrollFist RightUseType=55 RightGroup=5->5 NativeResult=1 OBSERVE_NATIVE=1
CORE RAW55_QUICK_CALLBACK_BOUNDARY Actor=Troll C1=1 SameC1=1 Action=4->4 Phase=1->1 StateTime=0.274892->0.274892 StatePosition=1->1 MotionBefore=Troll_Stand_Fist_Fist_P0_QuickAttackR_Hit_N_Fwd_00_%_00_P0_100.xmot MotionAfter=Troll_Stand_Fist_Fist_P0_QuickAttackR_Hit_N_Fwd_00_%_00_P0_100.xmot Right=TrollFist RightUseType=55 RightGroup=5->5 NativeResult=1 OBSERVE_NATIVE=1
CORE RAW55_QUICK_CALLBACK_BOUNDARY Actor=Troll C1=1 SameC1=1 Action=4->4 Phase=1->1 StateTime=0.283225->0.283225 StatePosition=1->1 MotionBefore=Troll_Stand_Fist_Fist_P0_QuickAttackR_Hit_N_Fwd_00_%_00_P0_100.xmot MotionAfter=Troll_Stand_Fist_Fist_P0_QuickAttackR_Hit_N_Fwd_00_%_00_P0_100.xmot Right=TrollFist RightUseType=55 RightGroup=5->5 NativeResult=1 OBSERVE_NATIVE=1
CORE RAW55_QUICK_CALLBACK_BOUNDARY Actor=Troll C1=1 SameC1=1 Action=4->4 Phase=1->1 StateTime=0.291559->0.291559 StatePosition=1->1 MotionBefore=Troll_Stand_Fist_Fist_P0_QuickAttackR_Hit_N_Fwd_00_%_00_P0_100.xmot MotionAfter=Troll_Stand_Fist_Fist_P0_QuickAttackR_Hit_N_Fwd_00_%_00_P0_100.xmot Right=TrollFist RightUseType=55 RightGroup=5->5 NativeResult=1 OBSERVE_NATIVE=1
CORE RAW55_QUICK_CALLBACK_BOUNDARY Actor=Troll C1=1 SameC1=1 Action=4->4 Phase=1->1 StateTime=0.299892->0.299892 StatePosition=1->1 MotionBefore=Troll_Stand_Fist_Fist_P0_QuickAttackR_Hit_N_Fwd_00_%_00_P0_100.xmot MotionAfter=Troll_Stand_Fist_Fist_P0_QuickAttackR_Hit_N_Fwd_00_%_00_P0_100.xmot Right=TrollFist RightUseType=55 RightGroup=5->5 NativeResult=1 OBSERVE_NATIVE=1
CORE RAW55_QUICK_CALLBACK_BOUNDARY Actor=Troll C1=1 SameC1=1 Action=4->4 Phase=1->1 StateTime=0.308225->0.308225 StatePosition=1->1 MotionBefore=Troll_Stand_Fist_Fist_P0_QuickAttackR_Hit_N_Fwd_00_%_00_P0_100.xmot MotionAfter=Troll_Stand_Fist_Fist_P0_QuickAttackR_Hit_N_Fwd_00_%_00_P0_100.xmot Right=TrollFist RightUseType=55 RightGroup=5->5 NativeResult=1 OBSERVE_NATIVE=1
CORE RAW55_QUICK_CALLBACK_BOUNDARY Actor=Troll C1=1 SameC1=1 Action=4->4 Phase=1->1 StateTime=0.317196->0.317196 StatePosition=1->1 MotionBefore=Troll_Stand_Fist_Fist_P0_QuickAttackR_Hit_N_Fwd_00_%_00_P0_100.xmot MotionAfter=Troll_Stand_Fist_Fist_P0_QuickAttackR_Hit_N_Fwd_00_%_00_P0_100.xmot Right=TrollFist RightUseType=55 RightGroup=5->5 NativeResult=1 OBSERVE_NATIVE=1
CORE RAW55_QUICK_CALLBACK_BOUNDARY Actor=Troll C1=1 SameC1=1 Action=4->4 Phase=1->1 StateTime=0.325529->0.325529 StatePosition=1->1 MotionBefore=Troll_Stand_Fist_Fist_P0_QuickAttackR_Hit_N_Fwd_00_%_00_P0_100.xmot MotionAfter=Troll_Stand_Fist_Fist_P0_QuickAttackR_Hit_N_Fwd_00_%_00_P0_100.xmot Right=TrollFist RightUseType=55 RightGroup=5->5 NativeResult=1 OBSERVE_NATIVE=1
CORE RAW55_QUICK_CALLBACK_BOUNDARY Actor=Troll C1=1 SameC1=1 Action=4->4 Phase=1->1 StateTime=0.333863->0.333863 StatePosition=1->1 MotionBefore=Troll_Stand_Fist_Fist_P0_QuickAttackR_Hit_N_Fwd_00_%_00_P0_100.xmot MotionAfter=Troll_Stand_Fist_Fist_P0_QuickAttackR_Hit_N_Fwd_00_%_00_P0_100.xmot Right=TrollFist RightUseType=55 RightGroup=5->5 NativeResult=1 OBSERVE_NATIVE=1
CORE RAW55_QUICK_CALLBACK_BOUNDARY Actor=Troll C1=1 SameC1=1 Action=4->4 Phase=1->1 StateTime=0.342196->0.342196 StatePosition=1->1 MotionBefore=Troll_Stand_Fist_Fist_P0_QuickAttackR_Hit_N_Fwd_00_%_00_P0_100.xmot MotionAfter=Troll_Stand_Fist_Fist_P0_QuickAttackR_Hit_N_Fwd_00_%_00_P0_100.xmot Right=TrollFist RightUseType=55 RightGroup=5->5 NativeResult=1 OBSERVE_NATIVE=1
CORE RAW55_QUICK_CALLBACK_BOUNDARY Actor=Troll C1=1 SameC1=1 Action=4->4 Phase=1->1 StateTime=0.350529->0.350529 StatePosition=1->1 MotionBefore=Troll_Stand_Fist_Fist_P0_QuickAttackR_Hit_N_Fwd_00_%_00_P0_100.xmot MotionAfter=Troll_Stand_Fist_Fist_P0_QuickAttackR_Hit_N_Fwd_00_%_00_P0_100.xmot Right=TrollFist RightUseType=55 RightGroup=5->5 NativeResult=1 OBSERVE_NATIVE=1
CORE RAW55_QUICK_CALLBACK_BOUNDARY Actor=Troll C1=1 SameC1=1 Action=4->4 Phase=1->1 StateTime=0.359500->0.359500 StatePosition=1->1 MotionBefore=Troll_Stand_Fist_Fist_P0_QuickAttackR_Hit_N_Fwd_00_%_00_P0_100.xmot MotionAfter=Troll_Stand_Fist_Fist_P0_QuickAttackR_Hit_N_Fwd_00_%_00_P0_100.xmot Right=TrollFist RightUseType=55 RightGroup=5->5 NativeResult=1 OBSERVE_NATIVE=1
CORE RAW55_QUICK_CALLBACK_BOUNDARY Actor=Troll C1=1 SameC1=1 Action=4->4 Phase=1->1 StateTime=0.368500->0.368500 StatePosition=1->1 MotionBefore=Troll_Stand_Fist_Fist_P0_QuickAttackR_Hit_N_Fwd_00_%_00_P0_100.xmot MotionAfter=Troll_Stand_Fist_Fist_P0_QuickAttackR_Hit_N_Fwd_00_%_00_P0_100.xmot Right=TrollFist RightUseType=55 RightGroup=5->5 NativeResult=1 OBSERVE_NATIVE=1
CORE RAW55_QUICK_CALLBACK_BOUNDARY Actor=Troll C1=1 SameC1=1 Action=4->4 Phase=1->1 StateTime=0.376833->0.376833 StatePosition=1->1 MotionBefore=Troll_Stand_Fist_Fist_P0_QuickAttackR_Hit_N_Fwd_00_%_00_P0_100.xmot MotionAfter=Troll_Stand_Fist_Fist_P0_QuickAttackR_Hit_N_Fwd_00_%_00_P0_100.xmot Right=TrollFist RightUseType=55 RightGroup=5->5 NativeResult=1 OBSERVE_NATIVE=1
CORE RAW55_QUICK_CALLBACK_BOUNDARY Actor=Troll C1=1 SameC1=1 Action=4->4 Phase=1->1 StateTime=0.386774->0.386774 StatePosition=1->1 MotionBefore=Troll_Stand_Fist_Fist_P0_QuickAttackR_Hit_N_Fwd_00_%_00_P0_100.xmot MotionAfter=Troll_Stand_Fist_Fist_P0_QuickAttackR_Hit_N_Fwd_00_%_00_P0_100.xmot Right=TrollFist RightUseType=55 RightGroup=5->5 NativeResult=1 OBSERVE_NATIVE=1
CORE RAW55_QUICK_CALLBACK_BOUNDARY Actor=Troll C1=1 SameC1=1 Action=4->4 Phase=1->1 StateTime=0.395108->0.395108 StatePosition=1->1 MotionBefore=Troll_Stand_Fist_Fist_P0_QuickAttackR_Hit_N_Fwd_00_%_00_P0_100.xmot MotionAfter=Troll_Stand_Fist_Fist_P0_QuickAttackR_Hit_N_Fwd_00_%_00_P0_100.xmot Right=TrollFist RightUseType=55 RightGroup=5->5 NativeResult=1 OBSERVE_NATIVE=1
CORE RAW55_QUICK_CALLBACK_BOUNDARY Actor=Troll C1=1 SameC1=1 Action=4->4 Phase=1->1 StateTime=0.403441->0.403441 StatePosition=1->1 MotionBefore=Troll_Stand_Fist_Fist_P0_QuickAttackR_Hit_N_Fwd_00_%_00_P0_100.xmot MotionAfter=Troll_Stand_Fist_Fist_P0_QuickAttackR_Hit_N_Fwd_00_%_00_P0_100.xmot Right=TrollFist RightUseType=55 RightGroup=5->5 NativeResult=1 OBSERVE_NATIVE=1
CORE RAW55_QUICK_CALLBACK_BOUNDARY Actor=Troll C1=1 SameC1=1 Action=4->4 Phase=1->1 StateTime=0.411774->0.411774 StatePosition=1->1 MotionBefore=Troll_Stand_Fist_Fist_P0_QuickAttackR_Hit_N_Fwd_00_%_00_P0_100.xmot MotionAfter=Troll_Stand_Fist_Fist_P0_QuickAttackR_Hit_N_Fwd_00_%_00_P0_100.xmot Right=TrollFist RightUseType=55 RightGroup=5->5 NativeResult=1 OBSERVE_NATIVE=1
CORE RAW55_QUICK_CALLBACK_BOUNDARY Actor=Troll C1=1 SameC1=1 Action=4->4 Phase=1->1 StateTime=0.420108->0.420108 StatePosition=1->1 MotionBefore=Troll_Stand_Fist_Fist_P0_QuickAttackR_Hit_N_Fwd_00_%_00_P0_100.xmot MotionAfter=Troll_Stand_Fist_Fist_P0_QuickAttackR_Hit_N_Fwd_00_%_00_P0_100.xmot Right=TrollFist RightUseType=55 RightGroup=5->5 NativeResult=1 OBSERVE_NATIVE=1
CORE RAW55_QUICK_CALLBACK_BOUNDARY Actor=Troll C1=1 SameC1=1 Action=4->4 Phase=1->1 StateTime=0.428441->0.428441 StatePosition=1->1 MotionBefore=Troll_Stand_Fist_Fist_P0_QuickAttackR_Hit_N_Fwd_00_%_00_P0_100.xmot MotionAfter=Troll_Stand_Fist_Fist_P0_QuickAttackR_Hit_N_Fwd_00_%_00_P0_100.xmot Right=TrollFist RightUseType=55 RightGroup=5->5 NativeResult=1 OBSERVE_NATIVE=1
CORE RAW55_QUICK_CALLBACK_BOUNDARY Actor=Troll C1=1 SameC1=1 Action=4->4 Phase=1->1 StateTime=0.436774->0.436774 StatePosition=1->1 MotionBefore=Troll_Stand_Fist_Fist_P0_QuickAttackR_Hit_N_Fwd_00_%_00_P0_100.xmot MotionAfter=Troll_Stand_Fist_Fist_P0_QuickAttackR_Hit_N_Fwd_00_%_00_P0_100.xmot Right=TrollFist RightUseType=55 RightGroup=5->5 NativeResult=1 OBSERVE_NATIVE=1
CORE RAW55_QUICK_CALLBACK_BOUNDARY Actor=Troll C1=1 SameC1=1 Action=4->4 Phase=1->1 StateTime=0.445108->0.445108 StatePosition=1->1 MotionBefore=Troll_Stand_Fist_Fist_P0_QuickAttackR_Hit_N_Fwd_00_%_00_P0_100.xmot MotionAfter=Troll_Stand_Fist_Fist_P0_QuickAttackR_Hit_N_Fwd_00_%_00_P0_100.xmot Right=TrollFist RightUseType=55 RightGroup=5->5 NativeResult=1 OBSERVE_NATIVE=1
CORE RAW55_QUICK_CALLBACK_BOUNDARY Actor=Troll C1=1 SameC1=1 Action=4->4 Phase=1->1 StateTime=0.453441->0.453441 StatePosition=1->1 MotionBefore=Troll_Stand_Fist_Fist_P0_QuickAttackR_Hit_N_Fwd_00_%_00_P0_100.xmot MotionAfter=Troll_Stand_Fist_Fist_P0_QuickAttackR_Hit_N_Fwd_00_%_00_P0_100.xmot Right=TrollFist RightUseType=55 RightGroup=5->5 NativeResult=1 OBSERVE_NATIVE=1
CORE RAW55_QUICK_CALLBACK_BOUNDARY Actor=Troll C1=1 SameC1=1 Action=4->4 Phase=1->1 StateTime=0.461774->0.461774 StatePosition=1->1 MotionBefore=Troll_Stand_Fist_Fist_P0_QuickAttackR_Hit_N_Fwd_00_%_00_P0_100.xmot MotionAfter=Troll_Stand_Fist_Fist_P0_QuickAttackR_Hit_N_Fwd_00_%_00_P0_100.xmot Right=TrollFist RightUseType=55 RightGroup=5->5 NativeResult=1 OBSERVE_NATIVE=1
===== CORE MARKER ANOMALY / DISCOVERY =====
ElapsedMs: 22261.486
Actor: Troll
Action: 4
Family: QUICK
AniPhase: 1
StatePosition: 1
CurrentMovementAni: Troll_Stand_Fist_Fist_P0_QuickAttackR_Hit_N_Fwd_00_%_00_P0_100.xmot
MarkerName: G3AB_COL_FIST
MarkerOpcode: FIST
Result: UNSUPPORTED_MISSING_SOURCE
C1GenerationValid: 1
C1Generation: 1
RequiredSourceMask: 0
MissingSourceMask: 0
RightSourceSlot: RIGHT
RightSourceName: TrollFist
RightSourceUseType: 55
RightSourceCollisionGroup: 5
LeftSourceSlot: LEFT
LeftSourceName: TrollFist
LeftSourceUseType: 55
LeftSourceCollisionGroup: 5
Raw8FistSourceName: <none>
Raw8FistSourceUseType: -1
Raw8FistSourceCollisionGroup: -1
===========================================

CORE COLLISION_GROUP ElapsedMs=22261.522 Source=TrollFist UseType=55 Owner=Troll Slot=RIGHT Requested=7 Before=5 After=7 MarkerBitsRetired=0
CORE C1 OFFENSE REQUEST ElapsedMs=22261.530 Actor=Troll Generation=1 Status=PERSISTED Source=TrollFist Side=RIGHT Requests=1 Outstanding=1 CleanupObserved=0 Group=7
CORE RAW55_QUICK_FIST_REARM_PROBE Actor=Troll C1=1 Action=4 StatePosition=1 StateTime=0.471716 Right=TrollFist RightUseType=55 GroupBefore=5 RequestedGroup=7 GroupAfter=7 EarlySuppressionProof=1 ClearTriggeredList=1 REARM_PROBE=1
CORE RAW55_QUICK_CALLBACK_BOUNDARY Actor=Troll C1=1 SameC1=1 Action=4->4 Phase=1->1 StateTime=0.471716->0.471716 StatePosition=1->1 MotionBefore=Troll_Stand_Fist_Fist_P0_QuickAttackR_Hit_N_Fwd_00_%_00_P0_100.xmot MotionAfter=Troll_Stand_Fist_Fist_P0_QuickAttackR_Hit_N_Fwd_00_%_00_P0_100.xmot Right=TrollFist RightUseType=55 RightGroup=7->7 NativeResult=1 OBSERVE_NATIVE=1
CORE RAW55_QUICK_CALLBACK_BOUNDARY Actor=Troll C1=1 SameC1=1 Action=4->4 Phase=1->1 StateTime=0.480049->0.480049 StatePosition=1->1 MotionBefore=Troll_Stand_Fist_Fist_P0_QuickAttackR_Hit_N_Fwd_00_%_00_P0_100.xmot MotionAfter=Troll_Stand_Fist_Fist_P0_QuickAttackR_Hit_N_Fwd_00_%_00_P0_100.xmot Right=TrollFist RightUseType=55 RightGroup=7->7 NativeResult=1 OBSERVE_NATIVE=1
CORE RAW55_QUICK_CALLBACK_BOUNDARY Actor=Troll C1=1 SameC1=1 Action=4->4 Phase=1->1 StateTime=0.489020->0.489020 StatePosition=1->1 MotionBefore=Troll_Stand_Fist_Fist_P0_QuickAttackR_Hit_N_Fwd_00_%_00_P0_100.xmot MotionAfter=Troll_Stand_Fist_Fist_P0_QuickAttackR_Hit_N_Fwd_00_%_00_P0_100.xmot Right=TrollFist RightUseType=55 RightGroup=7->7 NativeResult=1 OBSERVE_NATIVE=1
CORE RAW55_QUICK_CALLBACK_BOUNDARY Actor=Troll C1=1 SameC1=1 Action=4->4 Phase=1->1 StateTime=0.497353->0.497353 StatePosition=1->1 MotionBefore=Troll_Stand_Fist_Fist_P0_QuickAttackR_Hit_N_Fwd_00_%_00_P0_100.xmot MotionAfter=Troll_Stand_Fist_Fist_P0_QuickAttackR_Hit_N_Fwd_00_%_00_P0_100.xmot Right=TrollFist RightUseType=55 RightGroup=7->7 NativeResult=1 OBSERVE_NATIVE=1
CORE RAW55_QUICK_CALLBACK_BOUNDARY Actor=Troll C1=1 SameC1=1 Action=4->4 Phase=1->1 StateTime=0.507295->0.507295 StatePosition=1->1 MotionBefore=Troll_Stand_Fist_Fist_P0_QuickAttackR_Hit_N_Fwd_00_%_00_P0_100.xmot MotionAfter=Troll_Stand_Fist_Fist_P0_QuickAttackR_Hit_N_Fwd_00_%_00_P0_100.xmot Right=TrollFist RightUseType=55 RightGroup=7->7 NativeResult=1 OBSERVE_NATIVE=1
CORE RAW55_QUICK_CALLBACK_BOUNDARY Actor=Troll C1=1 SameC1=1 Action=4->4 Phase=1->1 StateTime=0.515628->0.515628 StatePosition=1->1 MotionBefore=Troll_Stand_Fist_Fist_P0_QuickAttackR_Hit_N_Fwd_00_%_00_P0_100.xmot MotionAfter=Troll_Stand_Fist_Fist_P0_QuickAttackR_Hit_N_Fwd_00_%_00_P0_100.xmot Right=TrollFist RightUseType=55 RightGroup=7->7 NativeResult=1 OBSERVE_NATIVE=1
CORE RAW55_QUICK_CALLBACK_BOUNDARY Actor=Troll C1=1 SameC1=1 Action=4->4 Phase=1->1 StateTime=0.523962->0.523962 StatePosition=1->1 MotionBefore=Troll_Stand_Fist_Fist_P0_QuickAttackR_Hit_N_Fwd_00_%_00_P0_100.xmot MotionAfter=Troll_Stand_Fist_Fist_P0_QuickAttackR_Hit_N_Fwd_00_%_00_P0_100.xmot Right=TrollFist RightUseType=55 RightGroup=7->7 NativeResult=1 OBSERVE_NATIVE=1
CORE RAW55_QUICK_CALLBACK_BOUNDARY Actor=Troll C1=1 SameC1=1 Action=4->4 Phase=1->1 StateTime=0.532918->0.532918 StatePosition=1->1 MotionBefore=Troll_Stand_Fist_Fist_P0_QuickAttackR_Hit_N_Fwd_00_%_00_P0_100.xmot MotionAfter=Troll_Stand_Fist_Fist_P0_QuickAttackR_Hit_N_Fwd_00_%_00_P0_100.xmot Right=TrollFist RightUseType=55 RightGroup=7->7 NativeResult=1 OBSERVE_NATIVE=1
CORE RAW55_QUICK_CALLBACK_BOUNDARY Actor=Troll C1=1 SameC1=1 Action=4->4 Phase=1->1 StateTime=0.541251->0.541251 StatePosition=1->1 MotionBefore=Troll_Stand_Fist_Fist_P0_QuickAttackR_Hit_N_Fwd_00_%_00_P0_100.xmot MotionAfter=Troll_Stand_Fist_Fist_P0_QuickAttackR_Hit_N_Fwd_00_%_00_P0_100.xmot Right=TrollFist RightUseType=55 RightGroup=7->7 NativeResult=1 OBSERVE_NATIVE=1
CORE RAW55_QUICK_CALLBACK_BOUNDARY Actor=Troll C1=1 SameC1=1 Action=4->4 Phase=1->1 StateTime=0.549584->0.549584 StatePosition=1->1 MotionBefore=Troll_Stand_Fist_Fist_P0_QuickAttackR_Hit_N_Fwd_00_%_00_P0_100.xmot MotionAfter=Troll_Stand_Fist_Fist_P0_QuickAttackR_Hit_N_Fwd_00_%_00_P0_100.xmot Right=TrollFist RightUseType=55 RightGroup=7->7 NativeResult=1 OBSERVE_NATIVE=1
CORE RAW55_QUICK_CALLBACK_BOUNDARY Actor=Troll C1=1 SameC1=1 Action=4->4 Phase=1->1 StateTime=0.559540->0.559540 StatePosition=1->1 MotionBefore=Troll_Stand_Fist_Fist_P0_QuickAttackR_Hit_N_Fwd_00_%_00_P0_100.xmot MotionAfter=Troll_Stand_Fist_Fist_P0_QuickAttackR_Hit_N_Fwd_00_%_00_P0_100.xmot Right=TrollFist RightUseType=55 RightGroup=7->7 NativeResult=1 OBSERVE_NATIVE=1
CORE RAW55_QUICK_CALLBACK_BOUNDARY Actor=Troll C1=1 SameC1=1 Action=4->4 Phase=1->1 StateTime=0.567873->0.567873 StatePosition=1->1 MotionBefore=Troll_Stand_Fist_Fist_P0_QuickAttackR_Hit_N_Fwd_00_%_00_P0_100.xmot MotionAfter=Troll_Stand_Fist_Fist_P0_QuickAttackR_Hit_N_Fwd_00_%_00_P0_100.xmot Right=TrollFist RightUseType=55 RightGroup=7->7 NativeResult=1 OBSERVE_NATIVE=1
CORE RAW55_QUICK_CALLBACK_BOUNDARY Actor=Troll C1=1 SameC1=1 Action=4->4 Phase=1->1 StateTime=0.576207->0.576207 StatePosition=1->1 MotionBefore=Troll_Stand_Fist_Fist_P0_QuickAttackR_Hit_N_Fwd_00_%_00_P0_100.xmot MotionAfter=Troll_Stand_Fist_Fist_P0_QuickAttackR_Hit_N_Fwd_00_%_00_P0_100.xmot Right=TrollFist RightUseType=55 RightGroup=7->7 NativeResult=1 OBSERVE_NATIVE=1
CORE RAW55_QUICK_CALLBACK_BOUNDARY Actor=Troll C1=1 SameC1=1 Action=4->4 Phase=1->1 StateTime=0.584540->0.584540 StatePosition=1->1 MotionBefore=Troll_Stand_Fist_Fist_P0_QuickAttackR_Hit_N_Fwd_00_%_00_P0_100.xmot MotionAfter=Troll_Stand_Fist_Fist_P0_QuickAttackR_Hit_N_Fwd_00_%_00_P0_100.xmot Right=TrollFist RightUseType=55 RightGroup=7->7 NativeResult=1 OBSERVE_NATIVE=1
CORE RAW55_QUICK_CALLBACK_BOUNDARY Actor=Troll C1=1 SameC1=1 Action=4->4 Phase=1->1 StateTime=0.592873->0.592873 StatePosition=1->1 MotionBefore=Troll_Stand_Fist_Fist_P0_QuickAttackR_Hit_N_Fwd_00_%_00_P0_100.xmot MotionAfter=Troll_Stand_Fist_Fist_P0_QuickAttackR_Hit_N_Fwd_00_%_00_P0_100.xmot Right=TrollFist RightUseType=55 RightGroup=7->7 NativeResult=1 OBSERVE_NATIVE=1
CORE RAW55_QUICK_CALLBACK_BOUNDARY Actor=Troll C1=1 SameC1=1 Action=4->4 Phase=1->1 StateTime=0.601207->0.601207 StatePosition=1->1 MotionBefore=Troll_Stand_Fist_Fist_P0_QuickAttackR_Hit_N_Fwd_00_%_00_P0_100.xmot MotionAfter=Troll_Stand_Fist_Fist_P0_QuickAttackR_Hit_N_Fwd_00_%_00_P0_100.xmot Right=TrollFist RightUseType=55 RightGroup=7->7 NativeResult=1 OBSERVE_NATIVE=1
CORE RAW55_QUICK_CALLBACK_BOUNDARY Actor=Troll C1=1 SameC1=1 Action=4->4 Phase=1->1 StateTime=0.609540->0.609540 StatePosition=1->1 MotionBefore=Troll_Stand_Fist_Fist_P0_QuickAttackR_Hit_N_Fwd_00_%_00_P0_100.xmot MotionAfter=Troll_Stand_Fist_Fist_P0_QuickAttackR_Hit_N_Fwd_00_%_00_P0_100.xmot Right=TrollFist RightUseType=55 RightGroup=7->7 NativeResult=1 OBSERVE_NATIVE=1
CORE RAW55_QUICK_CALLBACK_BOUNDARY Actor=Troll C1=1 SameC1=1 Action=4->4 Phase=1->1 StateTime=0.617873->0.617873 StatePosition=1->1 MotionBefore=Troll_Stand_Fist_Fist_P0_QuickAttackR_Hit_N_Fwd_00_%_00_P0_100.xmot MotionAfter=Troll_Stand_Fist_Fist_P0_QuickAttackR_Hit_N_Fwd_00_%_00_P0_100.xmot Right=TrollFist RightUseType=55 RightGroup=7->7 NativeResult=1 OBSERVE_NATIVE=1
CORE RAW55_QUICK_CALLBACK_BOUNDARY Actor=Troll C1=1 SameC1=1 Action=4->4 Phase=1->1 StateTime=0.626207->0.626207 StatePosition=1->1 MotionBefore=Troll_Stand_Fist_Fist_P0_QuickAttackR_Hit_N_Fwd_00_%_00_P0_100.xmot MotionAfter=Troll_Stand_Fist_Fist_P0_QuickAttackR_Hit_N_Fwd_00_%_00_P0_100.xmot Right=TrollFist RightUseType=55 RightGroup=7->7 NativeResult=1 OBSERVE_NATIVE=1
CORE RAW55_QUICK_CALLBACK_BOUNDARY Actor=Troll C1=1 SameC1=1 Action=4->4 Phase=1->1 StateTime=0.634540->0.634540 StatePosition=1->1 MotionBefore=Troll_Stand_Fist_Fist_P0_QuickAttackR_Hit_N_Fwd_00_%_00_P0_100.xmot MotionAfter=Troll_Stand_Fist_Fist_P0_QuickAttackR_Hit_N_Fwd_00_%_00_P0_100.xmot Right=TrollFist RightUseType=55 RightGroup=7->7 NativeResult=1 OBSERVE_NATIVE=1
CORE RAW55_QUICK_CALLBACK_BOUNDARY Actor=Troll C1=1 SameC1=1 Action=4->4 Phase=1->1 StateTime=0.642873->0.642873 StatePosition=1->1 MotionBefore=Troll_Stand_Fist_Fist_P0_QuickAttackR_Hit_N_Fwd_00_%_00_P0_100.xmot MotionAfter=Troll_Stand_Fist_Fist_P0_QuickAttackR_Hit_N_Fwd_00_%_00_P0_100.xmot Right=TrollFist RightUseType=55 RightGroup=7->7 NativeResult=1 OBSERVE_NATIVE=1
CORE RAW55_QUICK_CALLBACK_BOUNDARY Actor=Troll C1=1 SameC1=1 Action=4->4 Phase=1->1 StateTime=0.651206->0.651206 StatePosition=1->1 MotionBefore=Troll_Stand_Fist_Fist_P0_QuickAttackR_Hit_N_Fwd_00_%_00_P0_100.xmot MotionAfter=Troll_Stand_Fist_Fist_P0_QuickAttackR_Hit_N_Fwd_00_%_00_P0_100.xmot Right=TrollFist RightUseType=55 RightGroup=7->7 NativeResult=1 OBSERVE_NATIVE=1
CORE RAW55_QUICK_CALLBACK_BOUNDARY Actor=Troll C1=1 SameC1=1 Action=4->4 Phase=1->1 StateTime=0.659540->0.659540 StatePosition=1->1 MotionBefore=Troll_Stand_Fist_Fist_P0_QuickAttackR_Hit_N_Fwd_00_%_00_P0_100.xmot MotionAfter=Troll_Stand_Fist_Fist_P0_QuickAttackR_Hit_N_Fwd_00_%_00_P0_100.xmot Right=TrollFist RightUseType=55 RightGroup=7->7 NativeResult=1 OBSERVE_NATIVE=1
CORE RAW55_QUICK_CALLBACK_BOUNDARY Actor=Troll C1=1 SameC1=1 Action=4->4 Phase=1->1 StateTime=0.667873->0.667873 StatePosition=1->1 MotionBefore=Troll_Stand_Fist_Fist_P0_QuickAttackR_Hit_N_Fwd_00_%_00_P0_100.xmot MotionAfter=Troll_Stand_Fist_Fist_P0_QuickAttackR_Hit_N_Fwd_00_%_00_P0_100.xmot Right=TrollFist RightUseType=55 RightGroup=7->7 NativeResult=1 OBSERVE_NATIVE=1
CORE RAW55_QUICK_CALLBACK_BOUNDARY Actor=Troll C1=1 SameC1=1 Action=4->4 Phase=1->1 StateTime=0.677814->0.677814 StatePosition=1->1 MotionBefore=Troll_Stand_Fist_Fist_P0_QuickAttackR_Hit_N_Fwd_00_%_00_P0_100.xmot MotionAfter=Troll_Stand_Fist_Fist_P0_QuickAttackR_Hit_N_Fwd_00_%_00_P0_100.xmot Right=TrollFist RightUseType=55 RightGroup=7->7 NativeResult=1 OBSERVE_NATIVE=1
CORE RAW55_QUICK_CALLBACK_BOUNDARY Actor=Troll C1=1 SameC1=1 Action=4->4 Phase=1->1 StateTime=0.686148->0.686148 StatePosition=1->1 MotionBefore=Troll_Stand_Fist_Fist_P0_QuickAttackR_Hit_N_Fwd_00_%_00_P0_100.xmot MotionAfter=Troll_Stand_Fist_Fist_P0_QuickAttackR_Hit_N_Fwd_00_%_00_P0_100.xmot Right=TrollFist RightUseType=55 RightGroup=7->7 NativeResult=1 OBSERVE_NATIVE=1
CORE RAW55_QUICK_CALLBACK_BOUNDARY Actor=Troll C1=1 SameC1=1 Action=4->4 Phase=1->1 StateTime=0.695119->0.695119 StatePosition=1->1 MotionBefore=Troll_Stand_Fist_Fist_P0_QuickAttackR_Hit_N_Fwd_00_%_00_P0_100.xmot MotionAfter=Troll_Stand_Fist_Fist_P0_QuickAttackR_Hit_N_Fwd_00_%_00_P0_100.xmot Right=TrollFist RightUseType=55 RightGroup=7->7 NativeResult=1 OBSERVE_NATIVE=1
CORE RAW55_QUICK_CALLBACK_BOUNDARY Actor=Troll C1=1 SameC1=1 Action=4->4 Phase=1->1 StateTime=0.703452->0.703452 StatePosition=1->1 MotionBefore=Troll_Stand_Fist_Fist_P0_QuickAttackR_Hit_N_Fwd_00_%_00_P0_100.xmot MotionAfter=Troll_Stand_Fist_Fist_P0_QuickAttackR_Hit_N_Fwd_00_%_00_P0_100.xmot Right=TrollFist RightUseType=55 RightGroup=7->7 NativeResult=1 OBSERVE_NATIVE=1
CORE RAW55_QUICK_CALLBACK_BOUNDARY Actor=Troll C1=1 SameC1=1 Action=4->4 Phase=1->1 StateTime=0.713394->0.713394 StatePosition=1->1 MotionBefore=Troll_Stand_Fist_Fist_P0_QuickAttackR_Hit_N_Fwd_00_%_00_P0_100.xmot MotionAfter=Troll_Stand_Fist_Fist_P0_QuickAttackR_Hit_N_Fwd_00_%_00_P0_100.xmot Right=TrollFist RightUseType=55 RightGroup=7->7 NativeResult=1 OBSERVE_NATIVE=1
CORE RAW55_QUICK_CALLBACK_BOUNDARY Actor=Troll C1=1 SameC1=1 Action=4->4 Phase=1->1 StateTime=0.721727->0.721727 StatePosition=1->1 MotionBefore=Troll_Stand_Fist_Fist_P0_QuickAttackR_Hit_N_Fwd_00_%_00_P0_100.xmot MotionAfter=Troll_Stand_Fist_Fist_P0_QuickAttackR_Hit_N_Fwd_00_%_00_P0_100.xmot Right=TrollFist RightUseType=55 RightGroup=7->7 NativeResult=1 OBSERVE_NATIVE=1
CORE RAW55_QUICK_CALLBACK_BOUNDARY Actor=Troll C1=1 SameC1=1 Action=4->4 Phase=1->1 StateTime=0.730683->0.730683 StatePosition=1->1 MotionBefore=Troll_Stand_Fist_Fist_P0_QuickAttackR_Hit_N_Fwd_00_%_00_P0_100.xmot MotionAfter=Troll_Stand_Fist_Fist_P0_QuickAttackR_Hit_N_Fwd_00_%_00_P0_100.xmot Right=TrollFist RightUseType=55 RightGroup=7->7 NativeResult=1 OBSERVE_NATIVE=1
CORE RAW55_QUICK_CALLBACK_BOUNDARY Actor=Troll C1=1 SameC1=1 Action=4->4 Phase=1->1 StateTime=0.739017->0.739017 StatePosition=1->1 MotionBefore=Troll_Stand_Fist_Fist_P0_QuickAttackR_Hit_N_Fwd_00_%_00_P0_100.xmot MotionAfter=Troll_Stand_Fist_Fist_P0_QuickAttackR_Hit_N_Fwd_00_%_00_P0_100.xmot Right=TrollFist RightUseType=55 RightGroup=7->7 NativeResult=1 OBSERVE_NATIVE=1
CORE RAW55_QUICK_CALLBACK_BOUNDARY Actor=Troll C1=1 SameC1=1 Action=4->4 Phase=1->1 StateTime=0.747350->0.747350 StatePosition=1->1 MotionBefore=Troll_Stand_Fist_Fist_P0_QuickAttackR_Hit_N_Fwd_00_%_00_P0_100.xmot MotionAfter=Troll_Stand_Fist_Fist_P0_QuickAttackR_Hit_N_Fwd_00_%_00_P0_100.xmot Right=TrollFist RightUseType=55 RightGroup=7->7 NativeResult=1 OBSERVE_NATIVE=1
CORE RAW55_QUICK_CALLBACK_BOUNDARY Actor=Troll C1=1 SameC1=1 Action=4->4 Phase=1->1 StateTime=0.755683->0.755683 StatePosition=1->1 MotionBefore=Troll_Stand_Fist_Fist_P0_QuickAttackR_Hit_N_Fwd_00_%_00_P0_100.xmot MotionAfter=Troll_Stand_Fist_Fist_P0_QuickAttackR_Hit_N_Fwd_00_%_00_P0_100.xmot Right=TrollFist RightUseType=55 RightGroup=7->7 NativeResult=1 OBSERVE_NATIVE=1
CORE RAW55_QUICK_CALLBACK_BOUNDARY Actor=Troll C1=1 SameC1=1 Action=4->4 Phase=1->1 StateTime=0.764017->0.764017 StatePosition=1->1 MotionBefore=Troll_Stand_Fist_Fist_P0_QuickAttackR_Hit_N_Fwd_00_%_00_P0_100.xmot MotionAfter=Troll_Stand_Fist_Fist_P0_QuickAttackR_Hit_N_Fwd_00_%_00_P0_100.xmot Right=TrollFist RightUseType=55 RightGroup=7->7 NativeResult=1 OBSERVE_NATIVE=1
CORE RAW55_QUICK_CALLBACK_BOUNDARY Actor=Troll C1=1 SameC1=1 Action=4->4 Phase=1->1 StateTime=0.772350->0.772350 StatePosition=1->1 MotionBefore=Troll_Stand_Fist_Fist_P0_QuickAttackR_Hit_N_Fwd_00_%_00_P0_100.xmot MotionAfter=Troll_Stand_Fist_Fist_P0_QuickAttackR_Hit_N_Fwd_00_%_00_P0_100.xmot Right=TrollFist RightUseType=55 RightGroup=7->7 NativeResult=1 OBSERVE_NATIVE=1
CORE RAW55_QUICK_CALLBACK_BOUNDARY Actor=Troll C1=1 SameC1=1 Action=4->4 Phase=1->1 StateTime=0.780683->0.780683 StatePosition=1->1 MotionBefore=Troll_Stand_Fist_Fist_P0_QuickAttackR_Hit_N_Fwd_00_%_00_P0_100.xmot MotionAfter=Troll_Stand_Fist_Fist_P0_QuickAttackR_Hit_N_Fwd_00_%_00_P0_100.xmot Right=TrollFist RightUseType=55 RightGroup=7->7 NativeResult=1 OBSERVE_NATIVE=1
CORE RAW55_QUICK_CALLBACK_BOUNDARY Actor=Troll C1=1 SameC1=1 Action=4->4 Phase=1->1 StateTime=0.789654->0.789654 StatePosition=1->1 MotionBefore=Troll_Stand_Fist_Fist_P0_QuickAttackR_Hit_N_Fwd_00_%_00_P0_100.xmot MotionAfter=Troll_Stand_Fist_Fist_P0_QuickAttackR_Hit_N_Fwd_00_%_00_P0_100.xmot Right=TrollFist RightUseType=55 RightGroup=7->7 NativeResult=1 OBSERVE_NATIVE=1
CORE COLLISION_GROUP ElapsedMs=22563.643 Source=TrollFist UseType=55 Owner=Troll Slot=RIGHT Requested=5 Before=7 After=5 MarkerBitsRetired=0
CORE C1 CLEANUP FULFILLED ElapsedMs=22563.664 Actor=Troll Generation=1 Status=PERSISTED Source=TrollFist Side=RIGHT Requests=1 Outstanding=0 CleanupObserved=1 Group=5
CORE C1_FINAL ElapsedMs=22652.920 Actor=Troll Generation=1 Status=PERSISTED SourceCount=2 PhysicalChanged=0 Source[0]=TrollFist Side=RIGHT Outstanding=0 Cleanup=1 Outcome=NO_OP_NO_OUTSTANDING Source[1]=TrollFist Side=LEFT Outstanding=0 Cleanup=0 Outcome=NO_OP_NO_OUTSTANDING
CORE C1_START ElapsedMs=23825.599 Actor=Troll Generation=2 Status=CANDIDATE Outstanding=0 TrackedSources=2 ReplacedGeneration=0 ReplacedOutstanding=0 Source[0]=TrollFist Side=RIGHT Group=5 Source[1]=TrollFist Side=LEFT Group=5
CORE C1_BIND ElapsedMs=23825.611 Event=COMBAT_MOVE_CANDIDATE_BOUND Actor=Troll Generation=2 Status=CANDIDATE Outstanding=0 Source=<null> Script=_AI_QuickAttack
CORE C1_STATUS ElapsedMs=23825.975 Event=PERSISTED Actor=Troll Generation=2 Status=PERSISTED Outstanding=0
CORE ATTACK_OWNERSHIP ElapsedMs=23825.996 Actor=Troll Family=QUICK Action=5 Phase=1 Motion=Troll_Stand_Fist_Fist_P0_QuickAttackL_Hit_N_Fwd_00_%_00_P0_100.xmot MarkerPresent=1 RequiredMask=0 FistMarkers=1 Raw8Fist=<none> Raw8UseType=-1 SuppressNative=0 Classification=CONTRADICTION
===== CORE ATTACK OWNERSHIP ANOMALY =====
MatchingMotionFound: 1
MarkerScanValid: 1
RequiredSourcesAvailable: 1
RightSourceSlot: RIGHT
RightSourceName: TrollFist
RightSourceUseType: 55
RightSourceCollisionGroup: 5
LeftSourceSlot: LEFT
LeftSourceName: TrollFist
LeftSourceUseType: 55
LeftSourceCollisionGroup: 5
Raw8FistSourceName: <none>
Raw8FistSourceUseType: -1
Raw8FistSourceCollisionGroup: -1
=========================================

CORE RAW55_QUICK_CALLBACK_BOUNDARY Actor=Troll C1=2 SameC1=1 Action=5->5 Phase=1->1 StateTime=0.000000->0.000000 StatePosition=0->0 MotionBefore=Troll_Stand_Fist_Fist_P0_QuickAttackL_Hit_N_Fwd_00_%_00_P0_100.xmot MotionAfter=Troll_Stand_Fist_Fist_P0_QuickAttackL_Hit_N_Fwd_00_%_00_P0_100.xmot Right=TrollFist RightUseType=55 RightGroup=5->5 NativeResult=1 OBSERVE_NATIVE=1
CORE RAW55_QUICK_CALLBACK_BOUNDARY Actor=Troll C1=2 SameC1=1 Action=5->5 Phase=1->1 StateTime=0.008333->0.008333 StatePosition=0->0 MotionBefore=Troll_Stand_Fist_Fist_P0_QuickAttackL_Hit_N_Fwd_00_%_00_P0_100.xmot MotionAfter=Troll_Stand_Fist_Fist_P0_QuickAttackL_Hit_N_Fwd_00_%_00_P0_100.xmot Right=TrollFist RightUseType=55 RightGroup=5->5 NativeResult=1 OBSERVE_NATIVE=1
CORE RAW55_QUICK_CALLBACK_BOUNDARY Actor=Troll C1=2 SameC1=1 Action=5->5 Phase=1->1 StateTime=0.021230->0.021230 StatePosition=0->0 MotionBefore=Troll_Stand_Fist_Fist_P0_QuickAttackL_Hit_N_Fwd_00_%_00_P0_100.xmot MotionAfter=Troll_Stand_Fist_Fist_P0_QuickAttackL_Hit_N_Fwd_00_%_00_P0_100.xmot Right=TrollFist RightUseType=55 RightGroup=5->5 NativeResult=1 OBSERVE_NATIVE=1
CORE RAW55_QUICK_CALLBACK_BOUNDARY Actor=Troll C1=2 SameC1=1 Action=5->5 Phase=1->1 StateTime=0.029564->0.029564 StatePosition=0->0 MotionBefore=Troll_Stand_Fist_Fist_P0_QuickAttackL_Hit_N_Fwd_00_%_00_P0_100.xmot MotionAfter=Troll_Stand_Fist_Fist_P0_QuickAttackL_Hit_N_Fwd_00_%_00_P0_100.xmot Right=TrollFist RightUseType=55 RightGroup=5->5 NativeResult=1 OBSERVE_NATIVE=1
CORE RAW55_QUICK_CALLBACK_BOUNDARY Actor=Troll C1=2 SameC1=1 Action=5->5 Phase=1->1 StateTime=0.037897->0.037897 StatePosition=0->0 MotionBefore=Troll_Stand_Fist_Fist_P0_QuickAttackL_Hit_N_Fwd_00_%_00_P0_100.xmot MotionAfter=Troll_Stand_Fist_Fist_P0_QuickAttackL_Hit_N_Fwd_00_%_00_P0_100.xmot Right=TrollFist RightUseType=55 RightGroup=5->5 NativeResult=1 OBSERVE_NATIVE=1
CORE RAW55_QUICK_CALLBACK_BOUNDARY Actor=Troll C1=2 SameC1=1 Action=5->5 Phase=1->1 StateTime=0.046230->0.046230 StatePosition=0->0 MotionBefore=Troll_Stand_Fist_Fist_P0_QuickAttackL_Hit_N_Fwd_00_%_00_P0_100.xmot MotionAfter=Troll_Stand_Fist_Fist_P0_QuickAttackL_Hit_N_Fwd_00_%_00_P0_100.xmot Right=TrollFist RightUseType=55 RightGroup=5->5 NativeResult=1 OBSERVE_NATIVE=1
CORE RAW55_QUICK_CALLBACK_BOUNDARY Actor=Troll C1=2 SameC1=1 Action=5->5 Phase=1->1 StateTime=0.055186->0.055186 StatePosition=0->0 MotionBefore=Troll_Stand_Fist_Fist_P0_QuickAttackL_Hit_N_Fwd_00_%_00_P0_100.xmot MotionAfter=Troll_Stand_Fist_Fist_P0_QuickAttackL_Hit_N_Fwd_00_%_00_P0_100.xmot Right=TrollFist RightUseType=55 RightGroup=5->5 NativeResult=1 OBSERVE_NATIVE=1
CORE RAW55_QUICK_CALLBACK_BOUNDARY Actor=Troll C1=2 SameC1=1 Action=5->5 Phase=1->1 StateTime=0.063520->0.063520 StatePosition=0->0 MotionBefore=Troll_Stand_Fist_Fist_P0_QuickAttackL_Hit_N_Fwd_00_%_00_P0_100.xmot MotionAfter=Troll_Stand_Fist_Fist_P0_QuickAttackL_Hit_N_Fwd_00_%_00_P0_100.xmot Right=TrollFist RightUseType=55 RightGroup=5->5 NativeResult=1 OBSERVE_NATIVE=1
CORE RAW55_QUICK_CALLBACK_BOUNDARY Actor=Troll C1=2 SameC1=1 Action=5->5 Phase=1->1 StateTime=0.071853->0.071853 StatePosition=0->0 MotionBefore=Troll_Stand_Fist_Fist_P0_QuickAttackL_Hit_N_Fwd_00_%_00_P0_100.xmot MotionAfter=Troll_Stand_Fist_Fist_P0_QuickAttackL_Hit_N_Fwd_00_%_00_P0_100.xmot Right=TrollFist RightUseType=55 RightGroup=5->5 NativeResult=1 OBSERVE_NATIVE=1
CORE RAW55_QUICK_CALLBACK_BOUNDARY Actor=Troll C1=2 SameC1=1 Action=5->5 Phase=1->1 StateTime=0.080186->0.080186 StatePosition=0->0 MotionBefore=Troll_Stand_Fist_Fist_P0_QuickAttackL_Hit_N_Fwd_00_%_00_P0_100.xmot MotionAfter=Troll_Stand_Fist_Fist_P0_QuickAttackL_Hit_N_Fwd_00_%_00_P0_100.xmot Right=TrollFist RightUseType=55 RightGroup=5->5 NativeResult=1 OBSERVE_NATIVE=1
CORE RAW55_QUICK_CALLBACK_BOUNDARY Actor=Troll C1=2 SameC1=1 Action=5->5 Phase=1->1 StateTime=0.089143->0.089143 StatePosition=0->0 MotionBefore=Troll_Stand_Fist_Fist_P0_QuickAttackL_Hit_N_Fwd_00_%_00_P0_100.xmot MotionAfter=Troll_Stand_Fist_Fist_P0_QuickAttackL_Hit_N_Fwd_00_%_00_P0_100.xmot Right=TrollFist RightUseType=55 RightGroup=5->5 NativeResult=1 OBSERVE_NATIVE=1
CORE RAW55_QUICK_CALLBACK_BOUNDARY Actor=Troll C1=2 SameC1=1 Action=5->5 Phase=1->1 StateTime=0.098142->0.098142 StatePosition=0->0 MotionBefore=Troll_Stand_Fist_Fist_P0_QuickAttackL_Hit_N_Fwd_00_%_00_P0_100.xmot MotionAfter=Troll_Stand_Fist_Fist_P0_QuickAttackL_Hit_N_Fwd_00_%_00_P0_100.xmot Right=TrollFist RightUseType=55 RightGroup=5->5 NativeResult=1 OBSERVE_NATIVE=1
CORE RAW55_QUICK_GROUP_SUPPRESSION Actor=Troll C1=2 Right=TrollFist RightUseType=55 RequestedGroup=7 BeforeGroup=5 StatePosition=0 StateTime=0.106475 SUPPRESS_GROUP=1
CORE RAW55_QUICK_CALLBACK_BOUNDARY Actor=Troll C1=2 SameC1=1 Action=5->5 Phase=1->1 StateTime=0.106475->0.106475 StatePosition=0->1 MotionBefore=Troll_Stand_Fist_Fist_P0_QuickAttackL_Hit_N_Fwd_00_%_00_P0_100.xmot MotionAfter=Troll_Stand_Fist_Fist_P0_QuickAttackL_Hit_N_Fwd_00_%_00_P0_100.xmot Right=TrollFist RightUseType=55 RightGroup=5->5 NativeResult=1 OBSERVE_NATIVE=1
CORE RAW55_QUICK_CALLBACK_BOUNDARY Actor=Troll C1=2 SameC1=1 Action=5->5 Phase=1->1 StateTime=0.114809->0.114809 StatePosition=1->1 MotionBefore=Troll_Stand_Fist_Fist_P0_QuickAttackL_Hit_N_Fwd_00_%_00_P0_100.xmot MotionAfter=Troll_Stand_Fist_Fist_P0_QuickAttackL_Hit_N_Fwd_00_%_00_P0_100.xmot Right=TrollFist RightUseType=55 RightGroup=5->5 NativeResult=1 OBSERVE_NATIVE=1
CORE RAW55_QUICK_CALLBACK_BOUNDARY Actor=Troll C1=2 SameC1=1 Action=5->5 Phase=1->1 StateTime=0.123142->0.123142 StatePosition=1->1 MotionBefore=Troll_Stand_Fist_Fist_P0_QuickAttackL_Hit_N_Fwd_00_%_00_P0_100.xmot MotionAfter=Troll_Stand_Fist_Fist_P0_QuickAttackL_Hit_N_Fwd_00_%_00_P0_100.xmot Right=TrollFist RightUseType=55 RightGroup=5->5 NativeResult=1 OBSERVE_NATIVE=1
CORE RAW55_QUICK_CALLBACK_BOUNDARY Actor=Troll C1=2 SameC1=1 Action=5->5 Phase=1->1 StateTime=0.133083->0.133083 StatePosition=1->1 MotionBefore=Troll_Stand_Fist_Fist_P0_QuickAttackL_Hit_N_Fwd_00_%_00_P0_100.xmot MotionAfter=Troll_Stand_Fist_Fist_P0_QuickAttackL_Hit_N_Fwd_00_%_00_P0_100.xmot Right=TrollFist RightUseType=55 RightGroup=5->5 NativeResult=1 OBSERVE_NATIVE=1
CORE RAW55_QUICK_CALLBACK_BOUNDARY Actor=Troll C1=2 SameC1=1 Action=5->5 Phase=1->1 StateTime=0.141417->0.141417 StatePosition=1->1 MotionBefore=Troll_Stand_Fist_Fist_P0_QuickAttackL_Hit_N_Fwd_00_%_00_P0_100.xmot MotionAfter=Troll_Stand_Fist_Fist_P0_QuickAttackL_Hit_N_Fwd_00_%_00_P0_100.xmot Right=TrollFist RightUseType=55 RightGroup=5->5 NativeResult=1 OBSERVE_NATIVE=1
CORE RAW55_QUICK_CALLBACK_BOUNDARY Actor=Troll C1=2 SameC1=1 Action=5->5 Phase=1->1 StateTime=0.149750->0.149750 StatePosition=1->1 MotionBefore=Troll_Stand_Fist_Fist_P0_QuickAttackL_Hit_N_Fwd_00_%_00_P0_100.xmot MotionAfter=Troll_Stand_Fist_Fist_P0_QuickAttackL_Hit_N_Fwd_00_%_00_P0_100.xmot Right=TrollFist RightUseType=55 RightGroup=5->5 NativeResult=1 OBSERVE_NATIVE=1
CORE RAW55_QUICK_CALLBACK_BOUNDARY Actor=Troll C1=2 SameC1=1 Action=5->5 Phase=1->1 StateTime=0.158083->0.158083 StatePosition=1->1 MotionBefore=Troll_Stand_Fist_Fist_P0_QuickAttackL_Hit_N_Fwd_00_%_00_P0_100.xmot MotionAfter=Troll_Stand_Fist_Fist_P0_QuickAttackL_Hit_N_Fwd_00_%_00_P0_100.xmot Right=TrollFist RightUseType=55 RightGroup=5->5 NativeResult=1 OBSERVE_NATIVE=1
CORE RAW55_QUICK_CALLBACK_BOUNDARY Actor=Troll C1=2 SameC1=1 Action=5->5 Phase=1->1 StateTime=0.166417->0.166417 StatePosition=1->1 MotionBefore=Troll_Stand_Fist_Fist_P0_QuickAttackL_Hit_N_Fwd_00_%_00_P0_100.xmot MotionAfter=Troll_Stand_Fist_Fist_P0_QuickAttackL_Hit_N_Fwd_00_%_00_P0_100.xmot Right=TrollFist RightUseType=55 RightGroup=5->5 NativeResult=1 OBSERVE_NATIVE=1
CORE RAW55_QUICK_CALLBACK_BOUNDARY Actor=Troll C1=2 SameC1=1 Action=5->5 Phase=1->1 StateTime=0.174750->0.174750 StatePosition=1->1 MotionBefore=Troll_Stand_Fist_Fist_P0_QuickAttackL_Hit_N_Fwd_00_%_00_P0_100.xmot MotionAfter=Troll_Stand_Fist_Fist_P0_QuickAttackL_Hit_N_Fwd_00_%_00_P0_100.xmot Right=TrollFist RightUseType=55 RightGroup=5->5 NativeResult=1 OBSERVE_NATIVE=1
CORE RAW55_QUICK_CALLBACK_BOUNDARY Actor=Troll C1=2 SameC1=1 Action=5->5 Phase=1->1 StateTime=0.183083->0.183083 StatePosition=1->1 MotionBefore=Troll_Stand_Fist_Fist_P0_QuickAttackL_Hit_N_Fwd_00_%_00_P0_100.xmot MotionAfter=Troll_Stand_Fist_Fist_P0_QuickAttackL_Hit_N_Fwd_00_%_00_P0_100.xmot Right=TrollFist RightUseType=55 RightGroup=5->5 NativeResult=1 OBSERVE_NATIVE=1
CORE RAW55_QUICK_CALLBACK_BOUNDARY Actor=Troll C1=2 SameC1=1 Action=5->5 Phase=1->1 StateTime=0.191417->0.191417 StatePosition=1->1 MotionBefore=Troll_Stand_Fist_Fist_P0_QuickAttackL_Hit_N_Fwd_00_%_00_P0_100.xmot MotionAfter=Troll_Stand_Fist_Fist_P0_QuickAttackL_Hit_N_Fwd_00_%_00_P0_100.xmot Right=TrollFist RightUseType=55 RightGroup=5->5 NativeResult=1 OBSERVE_NATIVE=1
CORE RAW55_QUICK_CALLBACK_BOUNDARY Actor=Troll C1=2 SameC1=1 Action=5->5 Phase=1->1 StateTime=0.199750->0.199750 StatePosition=1->1 MotionBefore=Troll_Stand_Fist_Fist_P0_QuickAttackL_Hit_N_Fwd_00_%_00_P0_100.xmot MotionAfter=Troll_Stand_Fist_Fist_P0_QuickAttackL_Hit_N_Fwd_00_%_00_P0_100.xmot Right=TrollFist RightUseType=55 RightGroup=5->5 NativeResult=1 OBSERVE_NATIVE=1
CORE RAW55_QUICK_CALLBACK_BOUNDARY Actor=Troll C1=2 SameC1=1 Action=5->5 Phase=1->1 StateTime=0.208083->0.208083 StatePosition=1->1 MotionBefore=Troll_Stand_Fist_Fist_P0_QuickAttackL_Hit_N_Fwd_00_%_00_P0_100.xmot MotionAfter=Troll_Stand_Fist_Fist_P0_QuickAttackL_Hit_N_Fwd_00_%_00_P0_100.xmot Right=TrollFist RightUseType=55 RightGroup=5->5 NativeResult=1 OBSERVE_NATIVE=1
CORE RAW55_QUICK_CALLBACK_BOUNDARY Actor=Troll C1=2 SameC1=1 Action=5->5 Phase=1->1 StateTime=0.216417->0.216417 StatePosition=1->1 MotionBefore=Troll_Stand_Fist_Fist_P0_QuickAttackL_Hit_N_Fwd_00_%_00_P0_100.xmot MotionAfter=Troll_Stand_Fist_Fist_P0_QuickAttackL_Hit_N_Fwd_00_%_00_P0_100.xmot Right=TrollFist RightUseType=55 RightGroup=5->5 NativeResult=1 OBSERVE_NATIVE=1
CORE RAW55_QUICK_CALLBACK_BOUNDARY Actor=Troll C1=2 SameC1=1 Action=5->5 Phase=1->1 StateTime=0.224750->0.224750 StatePosition=1->1 MotionBefore=Troll_Stand_Fist_Fist_P0_QuickAttackL_Hit_N_Fwd_00_%_00_P0_100.xmot MotionAfter=Troll_Stand_Fist_Fist_P0_QuickAttackL_Hit_N_Fwd_00_%_00_P0_100.xmot Right=TrollFist RightUseType=55 RightGroup=5->5 NativeResult=1 OBSERVE_NATIVE=1
CORE RAW55_QUICK_CALLBACK_BOUNDARY Actor=Troll C1=2 SameC1=1 Action=5->5 Phase=1->1 StateTime=0.233083->0.233083 StatePosition=1->1 MotionBefore=Troll_Stand_Fist_Fist_P0_QuickAttackL_Hit_N_Fwd_00_%_00_P0_100.xmot MotionAfter=Troll_Stand_Fist_Fist_P0_QuickAttackL_Hit_N_Fwd_00_%_00_P0_100.xmot Right=TrollFist RightUseType=55 RightGroup=5->5 NativeResult=1 OBSERVE_NATIVE=1
CORE RAW55_QUICK_CALLBACK_BOUNDARY Actor=Troll C1=2 SameC1=1 Action=5->5 Phase=1->1 StateTime=0.242039->0.242039 StatePosition=1->1 MotionBefore=Troll_Stand_Fist_Fist_P0_QuickAttackL_Hit_N_Fwd_00_%_00_P0_100.xmot MotionAfter=Troll_Stand_Fist_Fist_P0_QuickAttackL_Hit_N_Fwd_00_%_00_P0_100.xmot Right=TrollFist RightUseType=55 RightGroup=5->5 NativeResult=1 OBSERVE_NATIVE=1
CORE RAW55_QUICK_CALLBACK_BOUNDARY Actor=Troll C1=2 SameC1=1 Action=5->5 Phase=1->1 StateTime=0.250373->0.250373 StatePosition=1->1 MotionBefore=Troll_Stand_Fist_Fist_P0_QuickAttackL_Hit_N_Fwd_00_%_00_P0_100.xmot MotionAfter=Troll_Stand_Fist_Fist_P0_QuickAttackL_Hit_N_Fwd_00_%_00_P0_100.xmot Right=TrollFist RightUseType=55 RightGroup=5->5 NativeResult=1 OBSERVE_NATIVE=1
CORE RAW55_QUICK_CALLBACK_BOUNDARY Actor=Troll C1=2 SameC1=1 Action=5->5 Phase=1->1 StateTime=0.260314->0.260314 StatePosition=1->1 MotionBefore=Troll_Stand_Fist_Fist_P0_QuickAttackL_Hit_N_Fwd_00_%_00_P0_100.xmot MotionAfter=Troll_Stand_Fist_Fist_P0_QuickAttackL_Hit_N_Fwd_00_%_00_P0_100.xmot Right=TrollFist RightUseType=55 RightGroup=5->5 NativeResult=1 OBSERVE_NATIVE=1
CORE RAW55_QUICK_CALLBACK_BOUNDARY Actor=Troll C1=2 SameC1=1 Action=5->5 Phase=1->1 StateTime=0.268647->0.268647 StatePosition=1->1 MotionBefore=Troll_Stand_Fist_Fist_P0_QuickAttackL_Hit_N_Fwd_00_%_00_P0_100.xmot MotionAfter=Troll_Stand_Fist_Fist_P0_QuickAttackL_Hit_N_Fwd_00_%_00_P0_100.xmot Right=TrollFist RightUseType=55 RightGroup=5->5 NativeResult=1 OBSERVE_NATIVE=1
CORE RAW55_QUICK_CALLBACK_BOUNDARY Actor=Troll C1=2 SameC1=1 Action=5->5 Phase=1->1 StateTime=0.277604->0.277604 StatePosition=1->1 MotionBefore=Troll_Stand_Fist_Fist_P0_QuickAttackL_Hit_N_Fwd_00_%_00_P0_100.xmot MotionAfter=Troll_Stand_Fist_Fist_P0_QuickAttackL_Hit_N_Fwd_00_%_00_P0_100.xmot Right=TrollFist RightUseType=55 RightGroup=5->5 NativeResult=1 OBSERVE_NATIVE=1
CORE RAW55_QUICK_CALLBACK_BOUNDARY Actor=Troll C1=2 SameC1=1 Action=5->5 Phase=1->1 StateTime=0.285937->0.285937 StatePosition=1->1 MotionBefore=Troll_Stand_Fist_Fist_P0_QuickAttackL_Hit_N_Fwd_00_%_00_P0_100.xmot MotionAfter=Troll_Stand_Fist_Fist_P0_QuickAttackL_Hit_N_Fwd_00_%_00_P0_100.xmot Right=TrollFist RightUseType=55 RightGroup=5->5 NativeResult=1 OBSERVE_NATIVE=1
CORE RAW55_QUICK_CALLBACK_BOUNDARY Actor=Troll C1=2 SameC1=1 Action=5->5 Phase=1->1 StateTime=0.294894->0.294894 StatePosition=1->1 MotionBefore=Troll_Stand_Fist_Fist_P0_QuickAttackL_Hit_N_Fwd_00_%_00_P0_100.xmot MotionAfter=Troll_Stand_Fist_Fist_P0_QuickAttackL_Hit_N_Fwd_00_%_00_P0_100.xmot Right=TrollFist RightUseType=55 RightGroup=5->5 NativeResult=1 OBSERVE_NATIVE=1
CORE RAW55_QUICK_CALLBACK_BOUNDARY Actor=Troll C1=2 SameC1=1 Action=5->5 Phase=1->1 StateTime=0.303227->0.303227 StatePosition=1->1 MotionBefore=Troll_Stand_Fist_Fist_P0_QuickAttackL_Hit_N_Fwd_00_%_00_P0_100.xmot MotionAfter=Troll_Stand_Fist_Fist_P0_QuickAttackL_Hit_N_Fwd_00_%_00_P0_100.xmot Right=TrollFist RightUseType=55 RightGroup=5->5 NativeResult=1 OBSERVE_NATIVE=1
CORE RAW55_QUICK_CALLBACK_BOUNDARY Actor=Troll C1=2 SameC1=1 Action=5->5 Phase=1->1 StateTime=0.311560->0.311560 StatePosition=1->1 MotionBefore=Troll_Stand_Fist_Fist_P0_QuickAttackL_Hit_N_Fwd_00_%_00_P0_100.xmot MotionAfter=Troll_Stand_Fist_Fist_P0_QuickAttackL_Hit_N_Fwd_00_%_00_P0_100.xmot Right=TrollFist RightUseType=55 RightGroup=5->5 NativeResult=1 OBSERVE_NATIVE=1
CORE RAW55_QUICK_CALLBACK_BOUNDARY Actor=Troll C1=2 SameC1=1 Action=5->5 Phase=1->1 StateTime=0.319894->0.319894 StatePosition=1->1 MotionBefore=Troll_Stand_Fist_Fist_P0_QuickAttackL_Hit_N_Fwd_00_%_00_P0_100.xmot MotionAfter=Troll_Stand_Fist_Fist_P0_QuickAttackL_Hit_N_Fwd_00_%_00_P0_100.xmot Right=TrollFist RightUseType=55 RightGroup=5->5 NativeResult=1 OBSERVE_NATIVE=1
CORE RAW55_QUICK_CALLBACK_BOUNDARY Actor=Troll C1=2 SameC1=1 Action=5->5 Phase=1->1 StateTime=0.328227->0.328227 StatePosition=1->1 MotionBefore=Troll_Stand_Fist_Fist_P0_QuickAttackL_Hit_N_Fwd_00_%_00_P0_100.xmot MotionAfter=Troll_Stand_Fist_Fist_P0_QuickAttackL_Hit_N_Fwd_00_%_00_P0_100.xmot Right=TrollFist RightUseType=55 RightGroup=5->5 NativeResult=1 OBSERVE_NATIVE=1
CORE RAW55_QUICK_CALLBACK_BOUNDARY Actor=Troll C1=2 SameC1=1 Action=5->5 Phase=1->1 StateTime=0.337183->0.337183 StatePosition=1->1 MotionBefore=Troll_Stand_Fist_Fist_P0_QuickAttackL_Hit_N_Fwd_00_%_00_P0_100.xmot MotionAfter=Troll_Stand_Fist_Fist_P0_QuickAttackL_Hit_N_Fwd_00_%_00_P0_100.xmot Right=TrollFist RightUseType=55 RightGroup=5->5 NativeResult=1 OBSERVE_NATIVE=1
CORE RAW55_QUICK_CALLBACK_BOUNDARY Actor=Troll C1=2 SameC1=1 Action=5->5 Phase=1->1 StateTime=0.345516->0.345516 StatePosition=1->1 MotionBefore=Troll_Stand_Fist_Fist_P0_QuickAttackL_Hit_N_Fwd_00_%_00_P0_100.xmot MotionAfter=Troll_Stand_Fist_Fist_P0_QuickAttackL_Hit_N_Fwd_00_%_00_P0_100.xmot Right=TrollFist RightUseType=55 RightGroup=5->5 NativeResult=1 OBSERVE_NATIVE=1
CORE RAW55_QUICK_CALLBACK_BOUNDARY Actor=Troll C1=2 SameC1=1 Action=5->5 Phase=1->1 StateTime=0.353850->0.353850 StatePosition=1->1 MotionBefore=Troll_Stand_Fist_Fist_P0_QuickAttackL_Hit_N_Fwd_00_%_00_P0_100.xmot MotionAfter=Troll_Stand_Fist_Fist_P0_QuickAttackL_Hit_N_Fwd_00_%_00_P0_100.xmot Right=TrollFist RightUseType=55 RightGroup=5->5 NativeResult=1 OBSERVE_NATIVE=1
CORE RAW55_QUICK_CALLBACK_BOUNDARY Actor=Troll C1=2 SameC1=1 Action=5->5 Phase=1->1 StateTime=0.362183->0.362183 StatePosition=1->1 MotionBefore=Troll_Stand_Fist_Fist_P0_QuickAttackL_Hit_N_Fwd_00_%_00_P0_100.xmot MotionAfter=Troll_Stand_Fist_Fist_P0_QuickAttackL_Hit_N_Fwd_00_%_00_P0_100.xmot Right=TrollFist RightUseType=55 RightGroup=5->5 NativeResult=1 OBSERVE_NATIVE=1
CORE RAW55_QUICK_CALLBACK_BOUNDARY Actor=Troll C1=2 SameC1=1 Action=5->5 Phase=1->1 StateTime=0.373110->0.373110 StatePosition=1->1 MotionBefore=Troll_Stand_Fist_Fist_P0_QuickAttackL_Hit_N_Fwd_00_%_00_P0_100.xmot MotionAfter=Troll_Stand_Fist_Fist_P0_QuickAttackL_Hit_N_Fwd_00_%_00_P0_100.xmot Right=TrollFist RightUseType=55 RightGroup=5->5 NativeResult=1 OBSERVE_NATIVE=1
CORE RAW55_QUICK_CALLBACK_BOUNDARY Actor=Troll C1=2 SameC1=1 Action=5->5 Phase=1->1 StateTime=0.381443->0.381443 StatePosition=1->1 MotionBefore=Troll_Stand_Fist_Fist_P0_QuickAttackL_Hit_N_Fwd_00_%_00_P0_100.xmot MotionAfter=Troll_Stand_Fist_Fist_P0_QuickAttackL_Hit_N_Fwd_00_%_00_P0_100.xmot Right=TrollFist RightUseType=55 RightGroup=5->5 NativeResult=1 OBSERVE_NATIVE=1
CORE RAW55_QUICK_CALLBACK_BOUNDARY Actor=Troll C1=2 SameC1=1 Action=5->5 Phase=1->1 StateTime=0.389776->0.389776 StatePosition=1->1 MotionBefore=Troll_Stand_Fist_Fist_P0_QuickAttackL_Hit_N_Fwd_00_%_00_P0_100.xmot MotionAfter=Troll_Stand_Fist_Fist_P0_QuickAttackL_Hit_N_Fwd_00_%_00_P0_100.xmot Right=TrollFist RightUseType=55 RightGroup=5->5 NativeResult=1 OBSERVE_NATIVE=1
CORE RAW55_QUICK_CALLBACK_BOUNDARY Actor=Troll C1=2 SameC1=1 Action=5->5 Phase=1->1 StateTime=0.398110->0.398110 StatePosition=1->1 MotionBefore=Troll_Stand_Fist_Fist_P0_QuickAttackL_Hit_N_Fwd_00_%_00_P0_100.xmot MotionAfter=Troll_Stand_Fist_Fist_P0_QuickAttackL_Hit_N_Fwd_00_%_00_P0_100.xmot Right=TrollFist RightUseType=55 RightGroup=5->5 NativeResult=1 OBSERVE_NATIVE=1
CORE RAW55_QUICK_CALLBACK_BOUNDARY Actor=Troll C1=2 SameC1=1 Action=5->5 Phase=1->1 StateTime=0.408051->0.408051 StatePosition=1->1 MotionBefore=Troll_Stand_Fist_Fist_P0_QuickAttackL_Hit_N_Fwd_00_%_00_P0_100.xmot MotionAfter=Troll_Stand_Fist_Fist_P0_QuickAttackL_Hit_N_Fwd_00_%_00_P0_100.xmot Right=TrollFist RightUseType=55 RightGroup=5->5 NativeResult=1 OBSERVE_NATIVE=1
CORE RAW55_QUICK_CALLBACK_BOUNDARY Actor=Troll C1=2 SameC1=1 Action=5->5 Phase=1->1 StateTime=0.416384->0.416384 StatePosition=1->1 MotionBefore=Troll_Stand_Fist_Fist_P0_QuickAttackL_Hit_N_Fwd_00_%_00_P0_100.xmot MotionAfter=Troll_Stand_Fist_Fist_P0_QuickAttackL_Hit_N_Fwd_00_%_00_P0_100.xmot Right=TrollFist RightUseType=55 RightGroup=5->5 NativeResult=1 OBSERVE_NATIVE=1
CORE RAW55_QUICK_CALLBACK_BOUNDARY Actor=Troll C1=2 SameC1=1 Action=5->5 Phase=1->1 StateTime=0.424718->0.424718 StatePosition=1->1 MotionBefore=Troll_Stand_Fist_Fist_P0_QuickAttackL_Hit_N_Fwd_00_%_00_P0_100.xmot MotionAfter=Troll_Stand_Fist_Fist_P0_QuickAttackL_Hit_N_Fwd_00_%_00_P0_100.xmot Right=TrollFist RightUseType=55 RightGroup=5->5 NativeResult=1 OBSERVE_NATIVE=1
CORE RAW55_QUICK_CALLBACK_BOUNDARY Actor=Troll C1=2 SameC1=1 Action=5->5 Phase=1->1 StateTime=0.433051->0.433051 StatePosition=1->1 MotionBefore=Troll_Stand_Fist_Fist_P0_QuickAttackL_Hit_N_Fwd_00_%_00_P0_100.xmot MotionAfter=Troll_Stand_Fist_Fist_P0_QuickAttackL_Hit_N_Fwd_00_%_00_P0_100.xmot Right=TrollFist RightUseType=55 RightGroup=5->5 NativeResult=1 OBSERVE_NATIVE=1
CORE RAW55_QUICK_CALLBACK_BOUNDARY Actor=Troll C1=2 SameC1=1 Action=5->5 Phase=1->1 StateTime=0.441384->0.441384 StatePosition=1->1 MotionBefore=Troll_Stand_Fist_Fist_P0_QuickAttackL_Hit_N_Fwd_00_%_00_P0_100.xmot MotionAfter=Troll_Stand_Fist_Fist_P0_QuickAttackL_Hit_N_Fwd_00_%_00_P0_100.xmot Right=TrollFist RightUseType=55 RightGroup=5->5 NativeResult=1 OBSERVE_NATIVE=1
CORE RAW55_QUICK_CALLBACK_BOUNDARY Actor=Troll C1=2 SameC1=1 Action=5->5 Phase=1->1 StateTime=0.449718->0.449718 StatePosition=1->1 MotionBefore=Troll_Stand_Fist_Fist_P0_QuickAttackL_Hit_N_Fwd_00_%_00_P0_100.xmot MotionAfter=Troll_Stand_Fist_Fist_P0_QuickAttackL_Hit_N_Fwd_00_%_00_P0_100.xmot Right=TrollFist RightUseType=55 RightGroup=5->5 NativeResult=1 OBSERVE_NATIVE=1
CORE RAW55_QUICK_CALLBACK_BOUNDARY Actor=Troll C1=2 SameC1=1 Action=5->5 Phase=1->1 StateTime=0.458051->0.458051 StatePosition=1->1 MotionBefore=Troll_Stand_Fist_Fist_P0_QuickAttackL_Hit_N_Fwd_00_%_00_P0_100.xmot MotionAfter=Troll_Stand_Fist_Fist_P0_QuickAttackL_Hit_N_Fwd_00_%_00_P0_100.xmot Right=TrollFist RightUseType=55 RightGroup=5->5 NativeResult=1 OBSERVE_NATIVE=1
CORE RAW55_QUICK_CALLBACK_BOUNDARY Actor=Troll C1=2 SameC1=1 Action=5->5 Phase=1->1 StateTime=0.466384->0.466384 StatePosition=1->1 MotionBefore=Troll_Stand_Fist_Fist_P0_QuickAttackL_Hit_N_Fwd_00_%_00_P0_100.xmot MotionAfter=Troll_Stand_Fist_Fist_P0_QuickAttackL_Hit_N_Fwd_00_%_00_P0_100.xmot Right=TrollFist RightUseType=55 RightGroup=5->5 NativeResult=1 OBSERVE_NATIVE=1
CORE RAW55_QUICK_CALLBACK_BOUNDARY Actor=Troll C1=2 SameC1=1 Action=5->5 Phase=1->1 StateTime=0.476326->0.476326 StatePosition=1->1 MotionBefore=Troll_Stand_Fist_Fist_P0_QuickAttackL_Hit_N_Fwd_00_%_00_P0_100.xmot MotionAfter=Troll_Stand_Fist_Fist_P0_QuickAttackL_Hit_N_Fwd_00_%_00_P0_100.xmot Right=TrollFist RightUseType=55 RightGroup=5->5 NativeResult=1 OBSERVE_NATIVE=1
===== CORE MARKER ANOMALY / DISCOVERY =====
ElapsedMs: 24243.868
Actor: Troll
Action: 5
Family: QUICK
AniPhase: 1
StatePosition: 1
CurrentMovementAni: Troll_Stand_Fist_Fist_P0_QuickAttackL_Hit_N_Fwd_00_%_00_P0_100.xmot
MarkerName: G3AB_COL_FIST
MarkerOpcode: FIST
Result: UNSUPPORTED_MISSING_SOURCE
C1GenerationValid: 1
C1Generation: 2
RequiredSourceMask: 0
MissingSourceMask: 0
RightSourceSlot: RIGHT
RightSourceName: TrollFist
RightSourceUseType: 55
RightSourceCollisionGroup: 5
LeftSourceSlot: LEFT
LeftSourceName: TrollFist
LeftSourceUseType: 55
LeftSourceCollisionGroup: 5
Raw8FistSourceName: <none>
Raw8FistSourceUseType: -1
Raw8FistSourceCollisionGroup: -1
===========================================

CORE COLLISION_GROUP ElapsedMs=24243.906 Source=TrollFist UseType=55 Owner=Troll Slot=RIGHT Requested=7 Before=5 After=7 MarkerBitsRetired=0
CORE C1 OFFENSE REQUEST ElapsedMs=24243.917 Actor=Troll Generation=2 Status=PERSISTED Source=TrollFist Side=RIGHT Requests=1 Outstanding=1 CleanupObserved=0 Group=7
CORE RAW55_QUICK_FIST_REARM_PROBE Actor=Troll C1=2 Action=5 StatePosition=1 StateTime=0.484659 Right=TrollFist RightUseType=55 GroupBefore=5 RequestedGroup=7 GroupAfter=7 EarlySuppressionProof=1 ClearTriggeredList=1 REARM_PROBE=1
CORE RAW55_QUICK_CALLBACK_BOUNDARY Actor=Troll C1=2 SameC1=1 Action=5->5 Phase=1->1 StateTime=0.484659->0.484659 StatePosition=1->1 MotionBefore=Troll_Stand_Fist_Fist_P0_QuickAttackL_Hit_N_Fwd_00_%_00_P0_100.xmot MotionAfter=Troll_Stand_Fist_Fist_P0_QuickAttackL_Hit_N_Fwd_00_%_00_P0_100.xmot Right=TrollFist RightUseType=55 RightGroup=7->7 NativeResult=1 OBSERVE_NATIVE=1
CORE RAW55_QUICK_CALLBACK_BOUNDARY Actor=Troll C1=2 SameC1=1 Action=5->5 Phase=1->1 StateTime=0.492992->0.492992 StatePosition=1->1 MotionBefore=Troll_Stand_Fist_Fist_P0_QuickAttackL_Hit_N_Fwd_00_%_00_P0_100.xmot MotionAfter=Troll_Stand_Fist_Fist_P0_QuickAttackL_Hit_N_Fwd_00_%_00_P0_100.xmot Right=TrollFist RightUseType=55 RightGroup=7->7 NativeResult=1 OBSERVE_NATIVE=1
CORE RAW55_QUICK_CALLBACK_BOUNDARY Actor=Troll C1=2 SameC1=1 Action=5->5 Phase=1->1 StateTime=0.501326->0.501326 StatePosition=1->1 MotionBefore=Troll_Stand_Fist_Fist_P0_QuickAttackL_Hit_N_Fwd_00_%_00_P0_100.xmot MotionAfter=Troll_Stand_Fist_Fist_P0_QuickAttackL_Hit_N_Fwd_00_%_00_P0_100.xmot Right=TrollFist RightUseType=55 RightGroup=7->7 NativeResult=1 OBSERVE_NATIVE=1
CORE RAW55_QUICK_CALLBACK_BOUNDARY Actor=Troll C1=2 SameC1=1 Action=5->5 Phase=1->1 StateTime=0.509659->0.509659 StatePosition=1->1 MotionBefore=Troll_Stand_Fist_Fist_P0_QuickAttackL_Hit_N_Fwd_00_%_00_P0_100.xmot MotionAfter=Troll_Stand_Fist_Fist_P0_QuickAttackL_Hit_N_Fwd_00_%_00_P0_100.xmot Right=TrollFist RightUseType=55 RightGroup=7->7 NativeResult=1 OBSERVE_NATIVE=1
CORE RAW55_QUICK_CALLBACK_BOUNDARY Actor=Troll C1=2 SameC1=1 Action=5->5 Phase=1->1 StateTime=0.517992->0.517992 StatePosition=1->1 MotionBefore=Troll_Stand_Fist_Fist_P0_QuickAttackL_Hit_N_Fwd_00_%_00_P0_100.xmot MotionAfter=Troll_Stand_Fist_Fist_P0_QuickAttackL_Hit_N_Fwd_00_%_00_P0_100.xmot Right=TrollFist RightUseType=55 RightGroup=7->7 NativeResult=1 OBSERVE_NATIVE=1
CORE RAW55_QUICK_CALLBACK_BOUNDARY Actor=Troll C1=2 SameC1=1 Action=5->5 Phase=1->1 StateTime=0.527934->0.527934 StatePosition=1->1 MotionBefore=Troll_Stand_Fist_Fist_P0_QuickAttackL_Hit_N_Fwd_00_%_00_P0_100.xmot MotionAfter=Troll_Stand_Fist_Fist_P0_QuickAttackL_Hit_N_Fwd_00_%_00_P0_100.xmot Right=TrollFist RightUseType=55 RightGroup=7->7 NativeResult=1 OBSERVE_NATIVE=1
CORE RAW55_QUICK_CALLBACK_BOUNDARY Actor=Troll C1=2 SameC1=1 Action=5->5 Phase=1->1 StateTime=0.536267->0.536267 StatePosition=1->1 MotionBefore=Troll_Stand_Fist_Fist_P0_QuickAttackL_Hit_N_Fwd_00_%_00_P0_100.xmot MotionAfter=Troll_Stand_Fist_Fist_P0_QuickAttackL_Hit_N_Fwd_00_%_00_P0_100.xmot Right=TrollFist RightUseType=55 RightGroup=7->7 NativeResult=1 OBSERVE_NATIVE=1
CORE RAW55_QUICK_CALLBACK_BOUNDARY Actor=Troll C1=2 SameC1=1 Action=5->5 Phase=1->1 StateTime=0.546209->0.546209 StatePosition=1->1 MotionBefore=Troll_Stand_Fist_Fist_P0_QuickAttackL_Hit_N_Fwd_00_%_00_P0_100.xmot MotionAfter=Troll_Stand_Fist_Fist_P0_QuickAttackL_Hit_N_Fwd_00_%_00_P0_100.xmot Right=TrollFist RightUseType=55 RightGroup=7->7 NativeResult=1 OBSERVE_NATIVE=1
CORE RAW55_QUICK_CALLBACK_BOUNDARY Actor=Troll C1=2 SameC1=1 Action=5->5 Phase=1->1 StateTime=0.554542->0.554542 StatePosition=1->1 MotionBefore=Troll_Stand_Fist_Fist_P0_QuickAttackL_Hit_N_Fwd_00_%_00_P0_100.xmot MotionAfter=Troll_Stand_Fist_Fist_P0_QuickAttackL_Hit_N_Fwd_00_%_00_P0_100.xmot Right=TrollFist RightUseType=55 RightGroup=7->7 NativeResult=1 OBSERVE_NATIVE=1
CORE RAW55_QUICK_CALLBACK_BOUNDARY Actor=Troll C1=2 SameC1=1 Action=5->5 Phase=1->1 StateTime=0.562875->0.562875 StatePosition=1->1 MotionBefore=Troll_Stand_Fist_Fist_P0_QuickAttackL_Hit_N_Fwd_00_%_00_P0_100.xmot MotionAfter=Troll_Stand_Fist_Fist_P0_QuickAttackL_Hit_N_Fwd_00_%_00_P0_100.xmot Right=TrollFist RightUseType=55 RightGroup=7->7 NativeResult=1 OBSERVE_NATIVE=1
CORE RAW55_QUICK_CALLBACK_BOUNDARY Actor=Troll C1=2 SameC1=1 Action=5->5 Phase=1->1 StateTime=0.571208->0.571208 StatePosition=1->1 MotionBefore=Troll_Stand_Fist_Fist_P0_QuickAttackL_Hit_N_Fwd_00_%_00_P0_100.xmot MotionAfter=Troll_Stand_Fist_Fist_P0_QuickAttackL_Hit_N_Fwd_00_%_00_P0_100.xmot Right=TrollFist RightUseType=55 RightGroup=7->7 NativeResult=1 OBSERVE_NATIVE=1
CORE RAW55_QUICK_CALLBACK_BOUNDARY Actor=Troll C1=2 SameC1=1 Action=5->5 Phase=1->1 StateTime=0.581150->0.581150 StatePosition=1->1 MotionBefore=Troll_Stand_Fist_Fist_P0_QuickAttackL_Hit_N_Fwd_00_%_00_P0_100.xmot MotionAfter=Troll_Stand_Fist_Fist_P0_QuickAttackL_Hit_N_Fwd_00_%_00_P0_100.xmot Right=TrollFist RightUseType=55 RightGroup=7->7 NativeResult=1 OBSERVE_NATIVE=1
CORE RAW55_QUICK_CALLBACK_BOUNDARY Actor=Troll C1=2 SameC1=1 Action=5->5 Phase=1->1 StateTime=0.589483->0.589483 StatePosition=1->1 MotionBefore=Troll_Stand_Fist_Fist_P0_QuickAttackL_Hit_N_Fwd_00_%_00_P0_100.xmot MotionAfter=Troll_Stand_Fist_Fist_P0_QuickAttackL_Hit_N_Fwd_00_%_00_P0_100.xmot Right=TrollFist RightUseType=55 RightGroup=7->7 NativeResult=1 OBSERVE_NATIVE=1
CORE RAW55_QUICK_CALLBACK_BOUNDARY Actor=Troll C1=2 SameC1=1 Action=5->5 Phase=1->1 StateTime=0.597816->0.597816 StatePosition=1->1 MotionBefore=Troll_Stand_Fist_Fist_P0_QuickAttackL_Hit_N_Fwd_00_%_00_P0_100.xmot MotionAfter=Troll_Stand_Fist_Fist_P0_QuickAttackL_Hit_N_Fwd_00_%_00_P0_100.xmot Right=TrollFist RightUseType=55 RightGroup=7->7 NativeResult=1 OBSERVE_NATIVE=1
CORE RAW55_QUICK_CALLBACK_BOUNDARY Actor=Troll C1=2 SameC1=1 Action=5->5 Phase=1->1 StateTime=0.606150->0.606150 StatePosition=1->1 MotionBefore=Troll_Stand_Fist_Fist_P0_QuickAttackL_Hit_N_Fwd_00_%_00_P0_100.xmot MotionAfter=Troll_Stand_Fist_Fist_P0_QuickAttackL_Hit_N_Fwd_00_%_00_P0_100.xmot Right=TrollFist RightUseType=55 RightGroup=7->7 NativeResult=1 OBSERVE_NATIVE=1
CORE RAW55_QUICK_CALLBACK_BOUNDARY Actor=Troll C1=2 SameC1=1 Action=5->5 Phase=1->1 StateTime=0.614483->0.614483 StatePosition=1->1 MotionBefore=Troll_Stand_Fist_Fist_P0_QuickAttackL_Hit_N_Fwd_00_%_00_P0_100.xmot MotionAfter=Troll_Stand_Fist_Fist_P0_QuickAttackL_Hit_N_Fwd_00_%_00_P0_100.xmot Right=TrollFist RightUseType=55 RightGroup=7->7 NativeResult=1 OBSERVE_NATIVE=1
CORE RAW55_QUICK_CALLBACK_BOUNDARY Actor=Troll C1=2 SameC1=1 Action=5->5 Phase=1->1 StateTime=0.623454->0.623454 StatePosition=1->1 MotionBefore=Troll_Stand_Fist_Fist_P0_QuickAttackL_Hit_N_Fwd_00_%_00_P0_100.xmot MotionAfter=Troll_Stand_Fist_Fist_P0_QuickAttackL_Hit_N_Fwd_00_%_00_P0_100.xmot Right=TrollFist RightUseType=55 RightGroup=7->7 NativeResult=1 OBSERVE_NATIVE=1
CORE RAW55_QUICK_CALLBACK_BOUNDARY Actor=Troll C1=2 SameC1=1 Action=5->5 Phase=1->1 StateTime=0.631787->0.631787 StatePosition=1->1 MotionBefore=Troll_Stand_Fist_Fist_P0_QuickAttackL_Hit_N_Fwd_00_%_00_P0_100.xmot MotionAfter=Troll_Stand_Fist_Fist_P0_QuickAttackL_Hit_N_Fwd_00_%_00_P0_100.xmot Right=TrollFist RightUseType=55 RightGroup=7->7 NativeResult=1 OBSERVE_NATIVE=1
CORE RAW55_QUICK_CALLBACK_BOUNDARY Actor=Troll C1=2 SameC1=1 Action=5->5 Phase=1->1 StateTime=0.640120->0.640120 StatePosition=1->1 MotionBefore=Troll_Stand_Fist_Fist_P0_QuickAttackL_Hit_N_Fwd_00_%_00_P0_100.xmot MotionAfter=Troll_Stand_Fist_Fist_P0_QuickAttackL_Hit_N_Fwd_00_%_00_P0_100.xmot Right=TrollFist RightUseType=55 RightGroup=7->7 NativeResult=1 OBSERVE_NATIVE=1
CORE RAW55_QUICK_CALLBACK_BOUNDARY Actor=Troll C1=2 SameC1=1 Action=5->5 Phase=1->1 StateTime=0.648453->0.648453 StatePosition=1->1 MotionBefore=Troll_Stand_Fist_Fist_P0_QuickAttackL_Hit_N_Fwd_00_%_00_P0_100.xmot MotionAfter=Troll_Stand_Fist_Fist_P0_QuickAttackL_Hit_N_Fwd_00_%_00_P0_100.xmot Right=TrollFist RightUseType=55 RightGroup=7->7 NativeResult=1 OBSERVE_NATIVE=1
CORE RAW55_QUICK_CALLBACK_BOUNDARY Actor=Troll C1=2 SameC1=1 Action=5->5 Phase=1->1 StateTime=0.657410->0.657410 StatePosition=1->1 MotionBefore=Troll_Stand_Fist_Fist_P0_QuickAttackL_Hit_N_Fwd_00_%_00_P0_100.xmot MotionAfter=Troll_Stand_Fist_Fist_P0_QuickAttackL_Hit_N_Fwd_00_%_00_P0_100.xmot Right=TrollFist RightUseType=55 RightGroup=7->7 NativeResult=1 OBSERVE_NATIVE=1
CORE RAW55_QUICK_CALLBACK_BOUNDARY Actor=Troll C1=2 SameC1=1 Action=5->5 Phase=1->1 StateTime=0.665743->0.665743 StatePosition=1->1 MotionBefore=Troll_Stand_Fist_Fist_P0_QuickAttackL_Hit_N_Fwd_00_%_00_P0_100.xmot MotionAfter=Troll_Stand_Fist_Fist_P0_QuickAttackL_Hit_N_Fwd_00_%_00_P0_100.xmot Right=TrollFist RightUseType=55 RightGroup=7->7 NativeResult=1 OBSERVE_NATIVE=1
CORE RAW55_QUICK_CALLBACK_BOUNDARY Actor=Troll C1=2 SameC1=1 Action=5->5 Phase=1->1 StateTime=0.674076->0.674076 StatePosition=1->1 MotionBefore=Troll_Stand_Fist_Fist_P0_QuickAttackL_Hit_N_Fwd_00_%_00_P0_100.xmot MotionAfter=Troll_Stand_Fist_Fist_P0_QuickAttackL_Hit_N_Fwd_00_%_00_P0_100.xmot Right=TrollFist RightUseType=55 RightGroup=7->7 NativeResult=1 OBSERVE_NATIVE=1
CORE RAW55_QUICK_CALLBACK_BOUNDARY Actor=Troll C1=2 SameC1=1 Action=5->5 Phase=1->1 StateTime=0.683047->0.683047 StatePosition=1->1 MotionBefore=Troll_Stand_Fist_Fist_P0_QuickAttackL_Hit_N_Fwd_00_%_00_P0_100.xmot MotionAfter=Troll_Stand_Fist_Fist_P0_QuickAttackL_Hit_N_Fwd_00_%_00_P0_100.xmot Right=TrollFist RightUseType=55 RightGroup=7->7 NativeResult=1 OBSERVE_NATIVE=1
CORE RAW55_QUICK_CALLBACK_BOUNDARY Actor=Troll C1=2 SameC1=1 Action=5->5 Phase=1->1 StateTime=0.691380->0.691380 StatePosition=1->1 MotionBefore=Troll_Stand_Fist_Fist_P0_QuickAttackL_Hit_N_Fwd_00_%_00_P0_100.xmot MotionAfter=Troll_Stand_Fist_Fist_P0_QuickAttackL_Hit_N_Fwd_00_%_00_P0_100.xmot Right=TrollFist RightUseType=55 RightGroup=7->7 NativeResult=1 OBSERVE_NATIVE=1
CORE RAW55_QUICK_CALLBACK_BOUNDARY Actor=Troll C1=2 SameC1=1 Action=5->5 Phase=1->1 StateTime=0.701322->0.701322 StatePosition=1->1 MotionBefore=Troll_Stand_Fist_Fist_P0_QuickAttackL_Hit_N_Fwd_00_%_00_P0_100.xmot MotionAfter=Troll_Stand_Fist_Fist_P0_QuickAttackL_Hit_N_Fwd_00_%_00_P0_100.xmot Right=TrollFist RightUseType=55 RightGroup=7->7 NativeResult=1 OBSERVE_NATIVE=1
CORE RAW55_QUICK_CALLBACK_BOUNDARY Actor=Troll C1=2 SameC1=1 Action=5->5 Phase=1->1 StateTime=0.709655->0.709655 StatePosition=1->1 MotionBefore=Troll_Stand_Fist_Fist_P0_QuickAttackL_Hit_N_Fwd_00_%_00_P0_100.xmot MotionAfter=Troll_Stand_Fist_Fist_P0_QuickAttackL_Hit_N_Fwd_00_%_00_P0_100.xmot Right=TrollFist RightUseType=55 RightGroup=7->7 NativeResult=1 OBSERVE_NATIVE=1
CORE RAW55_QUICK_CALLBACK_BOUNDARY Actor=Troll C1=2 SameC1=1 Action=5->5 Phase=1->1 StateTime=0.717988->0.717988 StatePosition=1->1 MotionBefore=Troll_Stand_Fist_Fist_P0_QuickAttackL_Hit_N_Fwd_00_%_00_P0_100.xmot MotionAfter=Troll_Stand_Fist_Fist_P0_QuickAttackL_Hit_N_Fwd_00_%_00_P0_100.xmot Right=TrollFist RightUseType=55 RightGroup=7->7 NativeResult=1 OBSERVE_NATIVE=1
CORE RAW55_QUICK_CALLBACK_BOUNDARY Actor=Troll C1=2 SameC1=1 Action=5->5 Phase=1->1 StateTime=0.726321->0.726321 StatePosition=1->1 MotionBefore=Troll_Stand_Fist_Fist_P0_QuickAttackL_Hit_N_Fwd_00_%_00_P0_100.xmot MotionAfter=Troll_Stand_Fist_Fist_P0_QuickAttackL_Hit_N_Fwd_00_%_00_P0_100.xmot Right=TrollFist RightUseType=55 RightGroup=7->7 NativeResult=1 OBSERVE_NATIVE=1
CORE RAW55_QUICK_CALLBACK_BOUNDARY Actor=Troll C1=2 SameC1=1 Action=5->5 Phase=1->1 StateTime=0.734655->0.734655 StatePosition=1->1 MotionBefore=Troll_Stand_Fist_Fist_P0_QuickAttackL_Hit_N_Fwd_00_%_00_P0_100.xmot MotionAfter=Troll_Stand_Fist_Fist_P0_QuickAttackL_Hit_N_Fwd_00_%_00_P0_100.xmot Right=TrollFist RightUseType=55 RightGroup=7->7 NativeResult=1 OBSERVE_NATIVE=1
CORE RAW55_QUICK_CALLBACK_BOUNDARY Actor=Troll C1=2 SameC1=1 Action=5->5 Phase=1->1 StateTime=0.760374->0.760374 StatePosition=1->1 MotionBefore=Troll_Stand_Fist_Fist_P0_QuickAttackL_Hit_N_Fwd_00_%_00_P0_100.xmot MotionAfter=Troll_Stand_Fist_Fist_P0_QuickAttackL_Hit_N_Fwd_00_%_00_P0_100.xmot Right=TrollFist RightUseType=55 RightGroup=7->7 NativeResult=1 OBSERVE_NATIVE=1
CORE RAW55_QUICK_CALLBACK_BOUNDARY Actor=Troll C1=2 SameC1=1 Action=5->5 Phase=1->1 StateTime=0.784382->0.784382 StatePosition=1->1 MotionBefore=Troll_Stand_Fist_Fist_P0_QuickAttackL_Hit_N_Fwd_00_%_00_P0_100.xmot MotionAfter=Troll_Stand_Fist_Fist_P0_QuickAttackL_Hit_N_Fwd_00_%_00_P0_100.xmot Right=TrollFist RightUseType=55 RightGroup=7->7 NativeResult=1 OBSERVE_NATIVE=1
CORE COLLISION_GROUP ElapsedMs=24574.339 Source=TrollFist UseType=55 Owner=Troll Slot=RIGHT Requested=5 Before=7 After=5 MarkerBitsRetired=0
CORE C1 CLEANUP FULFILLED ElapsedMs=24574.359 Actor=Troll Generation=2 Status=PERSISTED Source=TrollFist Side=RIGHT Requests=1 Outstanding=0 CleanupObserved=1 Group=5
CORE C1_FINAL ElapsedMs=24654.524 Actor=Troll Generation=2 Status=PERSISTED SourceCount=2 PhysicalChanged=0 Source[0]=TrollFist Side=RIGHT Outstanding=0 Cleanup=1 Outcome=NO_OP_NO_OUTSTANDING Source[1]=TrollFist Side=LEFT Outstanding=0 Cleanup=0 Outcome=NO_OP_NO_OUTSTANDING
CORE C1_START ElapsedMs=25883.284 Actor=Troll Generation=3 Status=CANDIDATE Outstanding=0 TrackedSources=2 ReplacedGeneration=0 ReplacedOutstanding=0 Source[0]=TrollFist Side=RIGHT Group=5 Source[1]=TrollFist Side=LEFT Group=5
CORE C1_BIND ElapsedMs=25883.298 Event=COMBAT_MOVE_CANDIDATE_BOUND Actor=Troll Generation=3 Status=CANDIDATE Outstanding=0 Source=<null> Script=_AI_QuickAttack
CORE C1_STATUS ElapsedMs=25883.362 Event=PERSISTED Actor=Troll Generation=3 Status=PERSISTED Outstanding=0
CORE ATTACK_OWNERSHIP ElapsedMs=25883.379 Actor=Troll Family=QUICK Action=4 Phase=1 Motion=Troll_Stand_Fist_Fist_P0_QuickAttackR_Hit_N_Fwd_00_%_00_P0_100.xmot MarkerPresent=1 RequiredMask=0 FistMarkers=1 Raw8Fist=<none> Raw8UseType=-1 SuppressNative=0 Classification=CONTRADICTION
===== CORE ATTACK OWNERSHIP ANOMALY =====
MatchingMotionFound: 1
MarkerScanValid: 1
RequiredSourcesAvailable: 1
RightSourceSlot: RIGHT
RightSourceName: TrollFist
RightSourceUseType: 55
RightSourceCollisionGroup: 5
LeftSourceSlot: LEFT
LeftSourceName: TrollFist
LeftSourceUseType: 55
LeftSourceCollisionGroup: 5
Raw8FistSourceName: <none>
Raw8FistSourceUseType: -1
Raw8FistSourceCollisionGroup: -1
=========================================

CORE RAW55_QUICK_CALLBACK_BOUNDARY Actor=Troll C1=3 SameC1=1 Action=4->4 Phase=1->1 StateTime=0.000000->0.000000 StatePosition=0->0 MotionBefore=Troll_Stand_Fist_Fist_P0_QuickAttackR_Hit_N_Fwd_00_%_00_P0_100.xmot MotionAfter=Troll_Stand_Fist_Fist_P0_QuickAttackR_Hit_N_Fwd_00_%_00_P0_100.xmot Right=TrollFist RightUseType=55 RightGroup=5->5 NativeResult=1 OBSERVE_NATIVE=1
CORE RAW55_QUICK_CALLBACK_BOUNDARY Actor=Troll C1=3 SameC1=1 Action=4->4 Phase=1->1 StateTime=0.008999->0.008999 StatePosition=0->0 MotionBefore=Troll_Stand_Fist_Fist_P0_QuickAttackR_Hit_N_Fwd_00_%_00_P0_100.xmot MotionAfter=Troll_Stand_Fist_Fist_P0_QuickAttackR_Hit_N_Fwd_00_%_00_P0_100.xmot Right=TrollFist RightUseType=55 RightGroup=5->5 NativeResult=1 OBSERVE_NATIVE=1
CORE RAW55_QUICK_CALLBACK_BOUNDARY Actor=Troll C1=3 SameC1=1 Action=4->4 Phase=1->1 StateTime=0.017333->0.017333 StatePosition=0->0 MotionBefore=Troll_Stand_Fist_Fist_P0_QuickAttackR_Hit_N_Fwd_00_%_00_P0_100.xmot MotionAfter=Troll_Stand_Fist_Fist_P0_QuickAttackR_Hit_N_Fwd_00_%_00_P0_100.xmot Right=TrollFist RightUseType=55 RightGroup=5->5 NativeResult=1 OBSERVE_NATIVE=1
CORE RAW55_QUICK_CALLBACK_BOUNDARY Actor=Troll C1=3 SameC1=1 Action=4->4 Phase=1->1 StateTime=0.025666->0.025666 StatePosition=0->0 MotionBefore=Troll_Stand_Fist_Fist_P0_QuickAttackR_Hit_N_Fwd_00_%_00_P0_100.xmot MotionAfter=Troll_Stand_Fist_Fist_P0_QuickAttackR_Hit_N_Fwd_00_%_00_P0_100.xmot Right=TrollFist RightUseType=55 RightGroup=5->5 NativeResult=1 OBSERVE_NATIVE=1
CORE RAW55_QUICK_CALLBACK_BOUNDARY Actor=Troll C1=3 SameC1=1 Action=4->4 Phase=1->1 StateTime=0.033999->0.033999 StatePosition=0->0 MotionBefore=Troll_Stand_Fist_Fist_P0_QuickAttackR_Hit_N_Fwd_00_%_00_P0_100.xmot MotionAfter=Troll_Stand_Fist_Fist_P0_QuickAttackR_Hit_N_Fwd_00_%_00_P0_100.xmot Right=TrollFist RightUseType=55 RightGroup=5->5 NativeResult=1 OBSERVE_NATIVE=1
CORE RAW55_QUICK_CALLBACK_BOUNDARY Actor=Troll C1=3 SameC1=1 Action=4->4 Phase=1->1 StateTime=0.042956->0.042956 StatePosition=0->0 MotionBefore=Troll_Stand_Fist_Fist_P0_QuickAttackR_Hit_N_Fwd_00_%_00_P0_100.xmot MotionAfter=Troll_Stand_Fist_Fist_P0_QuickAttackR_Hit_N_Fwd_00_%_00_P0_100.xmot Right=TrollFist RightUseType=55 RightGroup=5->5 NativeResult=1 OBSERVE_NATIVE=1
CORE RAW55_QUICK_CALLBACK_BOUNDARY Actor=Troll C1=3 SameC1=1 Action=4->4 Phase=1->1 StateTime=0.051289->0.051289 StatePosition=0->0 MotionBefore=Troll_Stand_Fist_Fist_P0_QuickAttackR_Hit_N_Fwd_00_%_00_P0_100.xmot MotionAfter=Troll_Stand_Fist_Fist_P0_QuickAttackR_Hit_N_Fwd_00_%_00_P0_100.xmot Right=TrollFist RightUseType=55 RightGroup=5->5 NativeResult=1 OBSERVE_NATIVE=1
CORE RAW55_QUICK_CALLBACK_BOUNDARY Actor=Troll C1=3 SameC1=1 Action=4->4 Phase=1->1 StateTime=0.059622->0.059622 StatePosition=0->0 MotionBefore=Troll_Stand_Fist_Fist_P0_QuickAttackR_Hit_N_Fwd_00_%_00_P0_100.xmot MotionAfter=Troll_Stand_Fist_Fist_P0_QuickAttackR_Hit_N_Fwd_00_%_00_P0_100.xmot Right=TrollFist RightUseType=55 RightGroup=5->5 NativeResult=1 OBSERVE_NATIVE=1
CORE RAW55_QUICK_CALLBACK_BOUNDARY Actor=Troll C1=3 SameC1=1 Action=4->4 Phase=1->1 StateTime=0.067956->0.067956 StatePosition=0->0 MotionBefore=Troll_Stand_Fist_Fist_P0_QuickAttackR_Hit_N_Fwd_00_%_00_P0_100.xmot MotionAfter=Troll_Stand_Fist_Fist_P0_QuickAttackR_Hit_N_Fwd_00_%_00_P0_100.xmot Right=TrollFist RightUseType=55 RightGroup=5->5 NativeResult=1 OBSERVE_NATIVE=1
CORE RAW55_QUICK_CALLBACK_BOUNDARY Actor=Troll C1=3 SameC1=1 Action=4->4 Phase=1->1 StateTime=0.076912->0.076912 StatePosition=0->0 MotionBefore=Troll_Stand_Fist_Fist_P0_QuickAttackR_Hit_N_Fwd_00_%_00_P0_100.xmot MotionAfter=Troll_Stand_Fist_Fist_P0_QuickAttackR_Hit_N_Fwd_00_%_00_P0_100.xmot Right=TrollFist RightUseType=55 RightGroup=5->5 NativeResult=1 OBSERVE_NATIVE=1
CORE RAW55_QUICK_CALLBACK_BOUNDARY Actor=Troll C1=3 SameC1=1 Action=4->4 Phase=1->1 StateTime=0.085245->0.085245 StatePosition=0->0 MotionBefore=Troll_Stand_Fist_Fist_P0_QuickAttackR_Hit_N_Fwd_00_%_00_P0_100.xmot MotionAfter=Troll_Stand_Fist_Fist_P0_QuickAttackR_Hit_N_Fwd_00_%_00_P0_100.xmot Right=TrollFist RightUseType=55 RightGroup=5->5 NativeResult=1 OBSERVE_NATIVE=1
CORE RAW55_QUICK_CALLBACK_BOUNDARY Actor=Troll C1=3 SameC1=1 Action=4->4 Phase=1->1 StateTime=0.093578->0.093578 StatePosition=0->0 MotionBefore=Troll_Stand_Fist_Fist_P0_QuickAttackR_Hit_N_Fwd_00_%_00_P0_100.xmot MotionAfter=Troll_Stand_Fist_Fist_P0_QuickAttackR_Hit_N_Fwd_00_%_00_P0_100.xmot Right=TrollFist RightUseType=55 RightGroup=5->5 NativeResult=1 OBSERVE_NATIVE=1
CORE RAW55_QUICK_GROUP_SUPPRESSION Actor=Troll C1=3 Right=TrollFist RightUseType=55 RequestedGroup=7 BeforeGroup=5 StatePosition=0 StateTime=0.101912 SUPPRESS_GROUP=1
CORE RAW55_QUICK_CALLBACK_BOUNDARY Actor=Troll C1=3 SameC1=1 Action=4->4 Phase=1->1 StateTime=0.101912->0.101912 StatePosition=0->1 MotionBefore=Troll_Stand_Fist_Fist_P0_QuickAttackR_Hit_N_Fwd_00_%_00_P0_100.xmot MotionAfter=Troll_Stand_Fist_Fist_P0_QuickAttackR_Hit_N_Fwd_00_%_00_P0_100.xmot Right=TrollFist RightUseType=55 RightGroup=5->5 NativeResult=1 OBSERVE_NATIVE=1
CORE RAW55_QUICK_CALLBACK_BOUNDARY Actor=Troll C1=3 SameC1=1 Action=4->4 Phase=1->1 StateTime=0.110245->0.110245 StatePosition=1->1 MotionBefore=Troll_Stand_Fist_Fist_P0_QuickAttackR_Hit_N_Fwd_00_%_00_P0_100.xmot MotionAfter=Troll_Stand_Fist_Fist_P0_QuickAttackR_Hit_N_Fwd_00_%_00_P0_100.xmot Right=TrollFist RightUseType=55 RightGroup=5->5 NativeResult=1 OBSERVE_NATIVE=1
CORE RAW55_QUICK_CALLBACK_BOUNDARY Actor=Troll C1=3 SameC1=1 Action=4->4 Phase=1->1 StateTime=0.119201->0.119201 StatePosition=1->1 MotionBefore=Troll_Stand_Fist_Fist_P0_QuickAttackR_Hit_N_Fwd_00_%_00_P0_100.xmot MotionAfter=Troll_Stand_Fist_Fist_P0_QuickAttackR_Hit_N_Fwd_00_%_00_P0_100.xmot Right=TrollFist RightUseType=55 RightGroup=5->5 NativeResult=1 OBSERVE_NATIVE=1
CORE RAW55_QUICK_CALLBACK_BOUNDARY Actor=Troll C1=3 SameC1=1 Action=4->4 Phase=1->1 StateTime=0.127534->0.127534 StatePosition=1->1 MotionBefore=Troll_Stand_Fist_Fist_P0_QuickAttackR_Hit_N_Fwd_00_%_00_P0_100.xmot MotionAfter=Troll_Stand_Fist_Fist_P0_QuickAttackR_Hit_N_Fwd_00_%_00_P0_100.xmot Right=TrollFist RightUseType=55 RightGroup=5->5 NativeResult=1 OBSERVE_NATIVE=1
CORE RAW55_QUICK_CALLBACK_BOUNDARY Actor=Troll C1=3 SameC1=1 Action=4->4 Phase=1->1 StateTime=0.136505->0.136505 StatePosition=1->1 MotionBefore=Troll_Stand_Fist_Fist_P0_QuickAttackR_Hit_N_Fwd_00_%_00_P0_100.xmot MotionAfter=Troll_Stand_Fist_Fist_P0_QuickAttackR_Hit_N_Fwd_00_%_00_P0_100.xmot Right=TrollFist RightUseType=55 RightGroup=5->5 NativeResult=1 OBSERVE_NATIVE=1
CORE RAW55_QUICK_CALLBACK_BOUNDARY Actor=Troll C1=3 SameC1=1 Action=4->4 Phase=1->1 StateTime=0.144839->0.144839 StatePosition=1->1 MotionBefore=Troll_Stand_Fist_Fist_P0_QuickAttackR_Hit_N_Fwd_00_%_00_P0_100.xmot MotionAfter=Troll_Stand_Fist_Fist_P0_QuickAttackR_Hit_N_Fwd_00_%_00_P0_100.xmot Right=TrollFist RightUseType=55 RightGroup=5->5 NativeResult=1 OBSERVE_NATIVE=1
CORE RAW55_QUICK_CALLBACK_BOUNDARY Actor=Troll C1=3 SameC1=1 Action=4->4 Phase=1->1 StateTime=0.153795->0.153795 StatePosition=1->1 MotionBefore=Troll_Stand_Fist_Fist_P0_QuickAttackR_Hit_N_Fwd_00_%_00_P0_100.xmot MotionAfter=Troll_Stand_Fist_Fist_P0_QuickAttackR_Hit_N_Fwd_00_%_00_P0_100.xmot Right=TrollFist RightUseType=55 RightGroup=5->5 NativeResult=1 OBSERVE_NATIVE=1
CORE RAW55_QUICK_CALLBACK_BOUNDARY Actor=Troll C1=3 SameC1=1 Action=4->4 Phase=1->1 StateTime=0.162128->0.162128 StatePosition=1->1 MotionBefore=Troll_Stand_Fist_Fist_P0_QuickAttackR_Hit_N_Fwd_00_%_00_P0_100.xmot MotionAfter=Troll_Stand_Fist_Fist_P0_QuickAttackR_Hit_N_Fwd_00_%_00_P0_100.xmot Right=TrollFist RightUseType=55 RightGroup=5->5 NativeResult=1 OBSERVE_NATIVE=1
CORE RAW55_QUICK_CALLBACK_BOUNDARY Actor=Troll C1=3 SameC1=1 Action=4->4 Phase=1->1 StateTime=0.170462->0.170462 StatePosition=1->1 MotionBefore=Troll_Stand_Fist_Fist_P0_QuickAttackR_Hit_N_Fwd_00_%_00_P0_100.xmot MotionAfter=Troll_Stand_Fist_Fist_P0_QuickAttackR_Hit_N_Fwd_00_%_00_P0_100.xmot Right=TrollFist RightUseType=55 RightGroup=5->5 NativeResult=1 OBSERVE_NATIVE=1
CORE RAW55_QUICK_CALLBACK_BOUNDARY Actor=Troll C1=3 SameC1=1 Action=4->4 Phase=1->1 StateTime=0.178795->0.178795 StatePosition=1->1 MotionBefore=Troll_Stand_Fist_Fist_P0_QuickAttackR_Hit_N_Fwd_00_%_00_P0_100.xmot MotionAfter=Troll_Stand_Fist_Fist_P0_QuickAttackR_Hit_N_Fwd_00_%_00_P0_100.xmot Right=TrollFist RightUseType=55 RightGroup=5->5 NativeResult=1 OBSERVE_NATIVE=1
CORE RAW55_QUICK_CALLBACK_BOUNDARY Actor=Troll C1=3 SameC1=1 Action=4->4 Phase=1->1 StateTime=0.188736->0.188736 StatePosition=1->1 MotionBefore=Troll_Stand_Fist_Fist_P0_QuickAttackR_Hit_N_Fwd_00_%_00_P0_100.xmot MotionAfter=Troll_Stand_Fist_Fist_P0_QuickAttackR_Hit_N_Fwd_00_%_00_P0_100.xmot Right=TrollFist RightUseType=55 RightGroup=5->5 NativeResult=1 OBSERVE_NATIVE=1
CORE RAW55_QUICK_CALLBACK_BOUNDARY Actor=Troll C1=3 SameC1=1 Action=4->4 Phase=1->1 StateTime=0.197070->0.197070 StatePosition=1->1 MotionBefore=Troll_Stand_Fist_Fist_P0_QuickAttackR_Hit_N_Fwd_00_%_00_P0_100.xmot MotionAfter=Troll_Stand_Fist_Fist_P0_QuickAttackR_Hit_N_Fwd_00_%_00_P0_100.xmot Right=TrollFist RightUseType=55 RightGroup=5->5 NativeResult=1 OBSERVE_NATIVE=1
CORE RAW55_QUICK_CALLBACK_BOUNDARY Actor=Troll C1=3 SameC1=1 Action=4->4 Phase=1->1 StateTime=0.206026->0.206026 StatePosition=1->1 MotionBefore=Troll_Stand_Fist_Fist_P0_QuickAttackR_Hit_N_Fwd_00_%_00_P0_100.xmot MotionAfter=Troll_Stand_Fist_Fist_P0_QuickAttackR_Hit_N_Fwd_00_%_00_P0_100.xmot Right=TrollFist RightUseType=55 RightGroup=5->5 NativeResult=1 OBSERVE_NATIVE=1
CORE RAW55_QUICK_CALLBACK_BOUNDARY Actor=Troll C1=3 SameC1=1 Action=4->4 Phase=1->1 StateTime=0.214359->0.214359 StatePosition=1->1 MotionBefore=Troll_Stand_Fist_Fist_P0_QuickAttackR_Hit_N_Fwd_00_%_00_P0_100.xmot MotionAfter=Troll_Stand_Fist_Fist_P0_QuickAttackR_Hit_N_Fwd_00_%_00_P0_100.xmot Right=TrollFist RightUseType=55 RightGroup=5->5 NativeResult=1 OBSERVE_NATIVE=1
CORE RAW55_QUICK_CALLBACK_BOUNDARY Actor=Troll C1=3 SameC1=1 Action=4->4 Phase=1->1 StateTime=0.222693->0.222693 StatePosition=1->1 MotionBefore=Troll_Stand_Fist_Fist_P0_QuickAttackR_Hit_N_Fwd_00_%_00_P0_100.xmot MotionAfter=Troll_Stand_Fist_Fist_P0_QuickAttackR_Hit_N_Fwd_00_%_00_P0_100.xmot Right=TrollFist RightUseType=55 RightGroup=5->5 NativeResult=1 OBSERVE_NATIVE=1
CORE RAW55_QUICK_CALLBACK_BOUNDARY Actor=Troll C1=3 SameC1=1 Action=4->4 Phase=1->1 StateTime=0.231026->0.231026 StatePosition=1->1 MotionBefore=Troll_Stand_Fist_Fist_P0_QuickAttackR_Hit_N_Fwd_00_%_00_P0_100.xmot MotionAfter=Troll_Stand_Fist_Fist_P0_QuickAttackR_Hit_N_Fwd_00_%_00_P0_100.xmot Right=TrollFist RightUseType=55 RightGroup=5->5 NativeResult=1 OBSERVE_NATIVE=1
CORE RAW55_QUICK_CALLBACK_BOUNDARY Actor=Troll C1=3 SameC1=1 Action=4->4 Phase=1->1 StateTime=0.239359->0.239359 StatePosition=1->1 MotionBefore=Troll_Stand_Fist_Fist_P0_QuickAttackR_Hit_N_Fwd_00_%_00_P0_100.xmot MotionAfter=Troll_Stand_Fist_Fist_P0_QuickAttackR_Hit_N_Fwd_00_%_00_P0_100.xmot Right=TrollFist RightUseType=55 RightGroup=5->5 NativeResult=1 OBSERVE_NATIVE=1
CORE RAW55_QUICK_CALLBACK_BOUNDARY Actor=Troll C1=3 SameC1=1 Action=4->4 Phase=1->1 StateTime=0.247693->0.247693 StatePosition=1->1 MotionBefore=Troll_Stand_Fist_Fist_P0_QuickAttackR_Hit_N_Fwd_00_%_00_P0_100.xmot MotionAfter=Troll_Stand_Fist_Fist_P0_QuickAttackR_Hit_N_Fwd_00_%_00_P0_100.xmot Right=TrollFist RightUseType=55 RightGroup=5->5 NativeResult=1 OBSERVE_NATIVE=1
CORE RAW55_QUICK_CALLBACK_BOUNDARY Actor=Troll C1=3 SameC1=1 Action=4->4 Phase=1->1 StateTime=0.256663->0.256663 StatePosition=1->1 MotionBefore=Troll_Stand_Fist_Fist_P0_QuickAttackR_Hit_N_Fwd_00_%_00_P0_100.xmot MotionAfter=Troll_Stand_Fist_Fist_P0_QuickAttackR_Hit_N_Fwd_00_%_00_P0_100.xmot Right=TrollFist RightUseType=55 RightGroup=5->5 NativeResult=1 OBSERVE_NATIVE=1
CORE RAW55_QUICK_CALLBACK_BOUNDARY Actor=Troll C1=3 SameC1=1 Action=4->4 Phase=1->1 StateTime=0.264997->0.264997 StatePosition=1->1 MotionBefore=Troll_Stand_Fist_Fist_P0_QuickAttackR_Hit_N_Fwd_00_%_00_P0_100.xmot MotionAfter=Troll_Stand_Fist_Fist_P0_QuickAttackR_Hit_N_Fwd_00_%_00_P0_100.xmot Right=TrollFist RightUseType=55 RightGroup=5->5 NativeResult=1 OBSERVE_NATIVE=1
CORE RAW55_QUICK_CALLBACK_BOUNDARY Actor=Troll C1=3 SameC1=1 Action=4->4 Phase=1->1 StateTime=0.274938->0.274938 StatePosition=1->1 MotionBefore=Troll_Stand_Fist_Fist_P0_QuickAttackR_Hit_N_Fwd_00_%_00_P0_100.xmot MotionAfter=Troll_Stand_Fist_Fist_P0_QuickAttackR_Hit_N_Fwd_00_%_00_P0_100.xmot Right=TrollFist RightUseType=55 RightGroup=5->5 NativeResult=1 OBSERVE_NATIVE=1
CORE RAW55_QUICK_CALLBACK_BOUNDARY Actor=Troll C1=3 SameC1=1 Action=4->4 Phase=1->1 StateTime=0.283271->0.283271 StatePosition=1->1 MotionBefore=Troll_Stand_Fist_Fist_P0_QuickAttackR_Hit_N_Fwd_00_%_00_P0_100.xmot MotionAfter=Troll_Stand_Fist_Fist_P0_QuickAttackR_Hit_N_Fwd_00_%_00_P0_100.xmot Right=TrollFist RightUseType=55 RightGroup=5->5 NativeResult=1 OBSERVE_NATIVE=1
CORE RAW55_QUICK_CALLBACK_BOUNDARY Actor=Troll C1=3 SameC1=1 Action=4->4 Phase=1->1 StateTime=0.291605->0.291605 StatePosition=1->1 MotionBefore=Troll_Stand_Fist_Fist_P0_QuickAttackR_Hit_N_Fwd_00_%_00_P0_100.xmot MotionAfter=Troll_Stand_Fist_Fist_P0_QuickAttackR_Hit_N_Fwd_00_%_00_P0_100.xmot Right=TrollFist RightUseType=55 RightGroup=5->5 NativeResult=1 OBSERVE_NATIVE=1
CORE RAW55_QUICK_CALLBACK_BOUNDARY Actor=Troll C1=3 SameC1=1 Action=4->4 Phase=1->1 StateTime=0.299938->0.299938 StatePosition=1->1 MotionBefore=Troll_Stand_Fist_Fist_P0_QuickAttackR_Hit_N_Fwd_00_%_00_P0_100.xmot MotionAfter=Troll_Stand_Fist_Fist_P0_QuickAttackR_Hit_N_Fwd_00_%_00_P0_100.xmot Right=TrollFist RightUseType=55 RightGroup=5->5 NativeResult=1 OBSERVE_NATIVE=1
CORE RAW55_QUICK_CALLBACK_BOUNDARY Actor=Troll C1=3 SameC1=1 Action=4->4 Phase=1->1 StateTime=0.308271->0.308271 StatePosition=1->1 MotionBefore=Troll_Stand_Fist_Fist_P0_QuickAttackR_Hit_N_Fwd_00_%_00_P0_100.xmot MotionAfter=Troll_Stand_Fist_Fist_P0_QuickAttackR_Hit_N_Fwd_00_%_00_P0_100.xmot Right=TrollFist RightUseType=55 RightGroup=5->5 NativeResult=1 OBSERVE_NATIVE=1
CORE RAW55_QUICK_CALLBACK_BOUNDARY Actor=Troll C1=3 SameC1=1 Action=4->4 Phase=1->1 StateTime=0.316605->0.316605 StatePosition=1->1 MotionBefore=Troll_Stand_Fist_Fist_P0_QuickAttackR_Hit_N_Fwd_00_%_00_P0_100.xmot MotionAfter=Troll_Stand_Fist_Fist_P0_QuickAttackR_Hit_N_Fwd_00_%_00_P0_100.xmot Right=TrollFist RightUseType=55 RightGroup=5->5 NativeResult=1 OBSERVE_NATIVE=1
CORE RAW55_QUICK_CALLBACK_BOUNDARY Actor=Troll C1=3 SameC1=1 Action=4->4 Phase=1->1 StateTime=0.324938->0.324938 StatePosition=1->1 MotionBefore=Troll_Stand_Fist_Fist_P0_QuickAttackR_Hit_N_Fwd_00_%_00_P0_100.xmot MotionAfter=Troll_Stand_Fist_Fist_P0_QuickAttackR_Hit_N_Fwd_00_%_00_P0_100.xmot Right=TrollFist RightUseType=55 RightGroup=5->5 NativeResult=1 OBSERVE_NATIVE=1
CORE RAW55_QUICK_CALLBACK_BOUNDARY Actor=Troll C1=3 SameC1=1 Action=4->4 Phase=1->1 StateTime=0.333271->0.333271 StatePosition=1->1 MotionBefore=Troll_Stand_Fist_Fist_P0_QuickAttackR_Hit_N_Fwd_00_%_00_P0_100.xmot MotionAfter=Troll_Stand_Fist_Fist_P0_QuickAttackR_Hit_N_Fwd_00_%_00_P0_100.xmot Right=TrollFist RightUseType=55 RightGroup=5->5 NativeResult=1 OBSERVE_NATIVE=1
CORE RAW55_QUICK_CALLBACK_BOUNDARY Actor=Troll C1=3 SameC1=1 Action=4->4 Phase=1->1 StateTime=0.341605->0.341605 StatePosition=1->1 MotionBefore=Troll_Stand_Fist_Fist_P0_QuickAttackR_Hit_N_Fwd_00_%_00_P0_100.xmot MotionAfter=Troll_Stand_Fist_Fist_P0_QuickAttackR_Hit_N_Fwd_00_%_00_P0_100.xmot Right=TrollFist RightUseType=55 RightGroup=5->5 NativeResult=1 OBSERVE_NATIVE=1
CORE RAW55_QUICK_CALLBACK_BOUNDARY Actor=Troll C1=3 SameC1=1 Action=4->4 Phase=1->1 StateTime=0.349938->0.349938 StatePosition=1->1 MotionBefore=Troll_Stand_Fist_Fist_P0_QuickAttackR_Hit_N_Fwd_00_%_00_P0_100.xmot MotionAfter=Troll_Stand_Fist_Fist_P0_QuickAttackR_Hit_N_Fwd_00_%_00_P0_100.xmot Right=TrollFist RightUseType=55 RightGroup=5->5 NativeResult=1 OBSERVE_NATIVE=1
CORE RAW55_QUICK_CALLBACK_BOUNDARY Actor=Troll C1=3 SameC1=1 Action=4->4 Phase=1->1 StateTime=0.358909->0.358909 StatePosition=1->1 MotionBefore=Troll_Stand_Fist_Fist_P0_QuickAttackR_Hit_N_Fwd_00_%_00_P0_100.xmot MotionAfter=Troll_Stand_Fist_Fist_P0_QuickAttackR_Hit_N_Fwd_00_%_00_P0_100.xmot Right=TrollFist RightUseType=55 RightGroup=5->5 NativeResult=1 OBSERVE_NATIVE=1
CORE RAW55_QUICK_CALLBACK_BOUNDARY Actor=Troll C1=3 SameC1=1 Action=4->4 Phase=1->1 StateTime=0.367242->0.367242 StatePosition=1->1 MotionBefore=Troll_Stand_Fist_Fist_P0_QuickAttackR_Hit_N_Fwd_00_%_00_P0_100.xmot MotionAfter=Troll_Stand_Fist_Fist_P0_QuickAttackR_Hit_N_Fwd_00_%_00_P0_100.xmot Right=TrollFist RightUseType=55 RightGroup=5->5 NativeResult=1 OBSERVE_NATIVE=1
CORE RAW55_QUICK_CALLBACK_BOUNDARY Actor=Troll C1=3 SameC1=1 Action=4->4 Phase=1->1 StateTime=0.377198->0.377198 StatePosition=1->1 MotionBefore=Troll_Stand_Fist_Fist_P0_QuickAttackR_Hit_N_Fwd_00_%_00_P0_100.xmot MotionAfter=Troll_Stand_Fist_Fist_P0_QuickAttackR_Hit_N_Fwd_00_%_00_P0_100.xmot Right=TrollFist RightUseType=55 RightGroup=5->5 NativeResult=1 OBSERVE_NATIVE=1
CORE RAW55_QUICK_CALLBACK_BOUNDARY Actor=Troll C1=3 SameC1=1 Action=4->4 Phase=1->1 StateTime=0.385532->0.385532 StatePosition=1->1 MotionBefore=Troll_Stand_Fist_Fist_P0_QuickAttackR_Hit_N_Fwd_00_%_00_P0_100.xmot MotionAfter=Troll_Stand_Fist_Fist_P0_QuickAttackR_Hit_N_Fwd_00_%_00_P0_100.xmot Right=TrollFist RightUseType=55 RightGroup=5->5 NativeResult=1 OBSERVE_NATIVE=1
CORE RAW55_QUICK_CALLBACK_BOUNDARY Actor=Troll C1=3 SameC1=1 Action=4->4 Phase=1->1 StateTime=0.394503->0.394503 StatePosition=1->1 MotionBefore=Troll_Stand_Fist_Fist_P0_QuickAttackR_Hit_N_Fwd_00_%_00_P0_100.xmot MotionAfter=Troll_Stand_Fist_Fist_P0_QuickAttackR_Hit_N_Fwd_00_%_00_P0_100.xmot Right=TrollFist RightUseType=55 RightGroup=5->5 NativeResult=1 OBSERVE_NATIVE=1
CORE RAW55_QUICK_CALLBACK_BOUNDARY Actor=Troll C1=3 SameC1=1 Action=4->4 Phase=1->1 StateTime=0.402836->0.402836 StatePosition=1->1 MotionBefore=Troll_Stand_Fist_Fist_P0_QuickAttackR_Hit_N_Fwd_00_%_00_P0_100.xmot MotionAfter=Troll_Stand_Fist_Fist_P0_QuickAttackR_Hit_N_Fwd_00_%_00_P0_100.xmot Right=TrollFist RightUseType=55 RightGroup=5->5 NativeResult=1 OBSERVE_NATIVE=1
CORE RAW55_QUICK_CALLBACK_BOUNDARY Actor=Troll C1=3 SameC1=1 Action=4->4 Phase=1->1 StateTime=0.411169->0.411169 StatePosition=1->1 MotionBefore=Troll_Stand_Fist_Fist_P0_QuickAttackR_Hit_N_Fwd_00_%_00_P0_100.xmot MotionAfter=Troll_Stand_Fist_Fist_P0_QuickAttackR_Hit_N_Fwd_00_%_00_P0_100.xmot Right=TrollFist RightUseType=55 RightGroup=5->5 NativeResult=1 OBSERVE_NATIVE=1
CORE RAW55_QUICK_CALLBACK_BOUNDARY Actor=Troll C1=3 SameC1=1 Action=4->4 Phase=1->1 StateTime=0.419503->0.419503 StatePosition=1->1 MotionBefore=Troll_Stand_Fist_Fist_P0_QuickAttackR_Hit_N_Fwd_00_%_00_P0_100.xmot MotionAfter=Troll_Stand_Fist_Fist_P0_QuickAttackR_Hit_N_Fwd_00_%_00_P0_100.xmot Right=TrollFist RightUseType=55 RightGroup=5->5 NativeResult=1 OBSERVE_NATIVE=1
CORE RAW55_QUICK_CALLBACK_BOUNDARY Actor=Troll C1=3 SameC1=1 Action=4->4 Phase=1->1 StateTime=0.427836->0.427836 StatePosition=1->1 MotionBefore=Troll_Stand_Fist_Fist_P0_QuickAttackR_Hit_N_Fwd_00_%_00_P0_100.xmot MotionAfter=Troll_Stand_Fist_Fist_P0_QuickAttackR_Hit_N_Fwd_00_%_00_P0_100.xmot Right=TrollFist RightUseType=55 RightGroup=5->5 NativeResult=1 OBSERVE_NATIVE=1
CORE RAW55_QUICK_CALLBACK_BOUNDARY Actor=Troll C1=3 SameC1=1 Action=4->4 Phase=1->1 StateTime=0.436169->0.436169 StatePosition=1->1 MotionBefore=Troll_Stand_Fist_Fist_P0_QuickAttackR_Hit_N_Fwd_00_%_00_P0_100.xmot MotionAfter=Troll_Stand_Fist_Fist_P0_QuickAttackR_Hit_N_Fwd_00_%_00_P0_100.xmot Right=TrollFist RightUseType=55 RightGroup=5->5 NativeResult=1 OBSERVE_NATIVE=1
CORE RAW55_QUICK_CALLBACK_BOUNDARY Actor=Troll C1=3 SameC1=1 Action=4->4 Phase=1->1 StateTime=0.445140->0.445140 StatePosition=1->1 MotionBefore=Troll_Stand_Fist_Fist_P0_QuickAttackR_Hit_N_Fwd_00_%_00_P0_100.xmot MotionAfter=Troll_Stand_Fist_Fist_P0_QuickAttackR_Hit_N_Fwd_00_%_00_P0_100.xmot Right=TrollFist RightUseType=55 RightGroup=5->5 NativeResult=1 OBSERVE_NATIVE=1
CORE RAW55_QUICK_CALLBACK_BOUNDARY Actor=Troll C1=3 SameC1=1 Action=4->4 Phase=1->1 StateTime=0.453473->0.453473 StatePosition=1->1 MotionBefore=Troll_Stand_Fist_Fist_P0_QuickAttackR_Hit_N_Fwd_00_%_00_P0_100.xmot MotionAfter=Troll_Stand_Fist_Fist_P0_QuickAttackR_Hit_N_Fwd_00_%_00_P0_100.xmot Right=TrollFist RightUseType=55 RightGroup=5->5 NativeResult=1 OBSERVE_NATIVE=1
CORE RAW55_QUICK_CALLBACK_BOUNDARY Actor=Troll C1=3 SameC1=1 Action=4->4 Phase=1->1 StateTime=0.462444->0.462444 StatePosition=1->1 MotionBefore=Troll_Stand_Fist_Fist_P0_QuickAttackR_Hit_N_Fwd_00_%_00_P0_100.xmot MotionAfter=Troll_Stand_Fist_Fist_P0_QuickAttackR_Hit_N_Fwd_00_%_00_P0_100.xmot Right=TrollFist RightUseType=55 RightGroup=5->5 NativeResult=1 OBSERVE_NATIVE=1
CORE RAW55_QUICK_CALLBACK_BOUNDARY Actor=Troll C1=3 SameC1=1 Action=4->4 Phase=1->1 StateTime=0.470777->0.470777 StatePosition=1->1 MotionBefore=Troll_Stand_Fist_Fist_P0_QuickAttackR_Hit_N_Fwd_00_%_00_P0_100.xmot MotionAfter=Troll_Stand_Fist_Fist_P0_QuickAttackR_Hit_N_Fwd_00_%_00_P0_100.xmot Right=TrollFist RightUseType=55 RightGroup=5->5 NativeResult=1 OBSERVE_NATIVE=1
CORE RAW55_QUICK_CALLBACK_BOUNDARY Actor=Troll C1=3 SameC1=1 Action=4->4 Phase=1->1 StateTime=0.479111->0.479111 StatePosition=1->1 MotionBefore=Troll_Stand_Fist_Fist_P0_QuickAttackR_Hit_N_Fwd_00_%_00_P0_100.xmot MotionAfter=Troll_Stand_Fist_Fist_P0_QuickAttackR_Hit_N_Fwd_00_%_00_P0_100.xmot Right=TrollFist RightUseType=55 RightGroup=5->5 NativeResult=1 OBSERVE_NATIVE=1
===== CORE MARKER ANOMALY / DISCOVERY =====
ElapsedMs: 26312.979
Actor: Troll
Action: 4
Family: QUICK
AniPhase: 1
StatePosition: 1
CurrentMovementAni: Troll_Stand_Fist_Fist_P0_QuickAttackR_Hit_N_Fwd_00_%_00_P0_100.xmot
MarkerName: G3AB_COL_FIST
MarkerOpcode: FIST
Result: UNSUPPORTED_MISSING_SOURCE
C1GenerationValid: 1
C1Generation: 3
RequiredSourceMask: 0
MissingSourceMask: 0
RightSourceSlot: RIGHT
RightSourceName: TrollFist
RightSourceUseType: 55
RightSourceCollisionGroup: 5
LeftSourceSlot: LEFT
LeftSourceName: TrollFist
LeftSourceUseType: 55
LeftSourceCollisionGroup: 5
Raw8FistSourceName: <none>
Raw8FistSourceUseType: -1
Raw8FistSourceCollisionGroup: -1
===========================================

CORE COLLISION_GROUP ElapsedMs=26313.020 Source=TrollFist UseType=55 Owner=Troll Slot=RIGHT Requested=7 Before=5 After=7 MarkerBitsRetired=0
CORE C1 OFFENSE REQUEST ElapsedMs=26313.032 Actor=Troll Generation=3 Status=PERSISTED Source=TrollFist Side=RIGHT Requests=1 Outstanding=1 CleanupObserved=0 Group=7
CORE RAW55_QUICK_FIST_REARM_PROBE Actor=Troll C1=3 Action=4 StatePosition=1 StateTime=0.487444 Right=TrollFist RightUseType=55 GroupBefore=5 RequestedGroup=7 GroupAfter=7 EarlySuppressionProof=1 ClearTriggeredList=1 REARM_PROBE=1
CORE RAW55_QUICK_CALLBACK_BOUNDARY Actor=Troll C1=3 SameC1=1 Action=4->4 Phase=1->1 StateTime=0.487444->0.487444 StatePosition=1->1 MotionBefore=Troll_Stand_Fist_Fist_P0_QuickAttackR_Hit_N_Fwd_00_%_00_P0_100.xmot MotionAfter=Troll_Stand_Fist_Fist_P0_QuickAttackR_Hit_N_Fwd_00_%_00_P0_100.xmot Right=TrollFist RightUseType=55 RightGroup=7->7 NativeResult=1 OBSERVE_NATIVE=1
CORE RAW55_QUICK_CALLBACK_BOUNDARY Actor=Troll C1=3 SameC1=1 Action=4->4 Phase=1->1 StateTime=0.495777->0.495777 StatePosition=1->1 MotionBefore=Troll_Stand_Fist_Fist_P0_QuickAttackR_Hit_N_Fwd_00_%_00_P0_100.xmot MotionAfter=Troll_Stand_Fist_Fist_P0_QuickAttackR_Hit_N_Fwd_00_%_00_P0_100.xmot Right=TrollFist RightUseType=55 RightGroup=7->7 NativeResult=1 OBSERVE_NATIVE=1
CORE RAW55_QUICK_CALLBACK_BOUNDARY Actor=Troll C1=3 SameC1=1 Action=4->4 Phase=1->1 StateTime=0.504111->0.504111 StatePosition=1->1 MotionBefore=Troll_Stand_Fist_Fist_P0_QuickAttackR_Hit_N_Fwd_00_%_00_P0_100.xmot MotionAfter=Troll_Stand_Fist_Fist_P0_QuickAttackR_Hit_N_Fwd_00_%_00_P0_100.xmot Right=TrollFist RightUseType=55 RightGroup=7->7 NativeResult=1 OBSERVE_NATIVE=1
CORE RAW55_QUICK_CALLBACK_BOUNDARY Actor=Troll C1=3 SameC1=1 Action=4->4 Phase=1->1 StateTime=0.512444->0.512444 StatePosition=1->1 MotionBefore=Troll_Stand_Fist_Fist_P0_QuickAttackR_Hit_N_Fwd_00_%_00_P0_100.xmot MotionAfter=Troll_Stand_Fist_Fist_P0_QuickAttackR_Hit_N_Fwd_00_%_00_P0_100.xmot Right=TrollFist RightUseType=55 RightGroup=7->7 NativeResult=1 OBSERVE_NATIVE=1
CORE RAW55_QUICK_CALLBACK_BOUNDARY Actor=Troll C1=3 SameC1=1 Action=4->4 Phase=1->1 StateTime=0.521415->0.521415 StatePosition=1->1 MotionBefore=Troll_Stand_Fist_Fist_P0_QuickAttackR_Hit_N_Fwd_00_%_00_P0_100.xmot MotionAfter=Troll_Stand_Fist_Fist_P0_QuickAttackR_Hit_N_Fwd_00_%_00_P0_100.xmot Right=TrollFist RightUseType=55 RightGroup=7->7 NativeResult=1 OBSERVE_NATIVE=1
CORE RAW55_QUICK_CALLBACK_BOUNDARY Actor=Troll C1=3 SameC1=1 Action=4->4 Phase=1->1 StateTime=0.529748->0.529748 StatePosition=1->1 MotionBefore=Troll_Stand_Fist_Fist_P0_QuickAttackR_Hit_N_Fwd_00_%_00_P0_100.xmot MotionAfter=Troll_Stand_Fist_Fist_P0_QuickAttackR_Hit_N_Fwd_00_%_00_P0_100.xmot Right=TrollFist RightUseType=55 RightGroup=7->7 NativeResult=1 OBSERVE_NATIVE=1
CORE RAW55_QUICK_CALLBACK_BOUNDARY Actor=Troll C1=3 SameC1=1 Action=4->4 Phase=1->1 StateTime=0.538081->0.538081 StatePosition=1->1 MotionBefore=Troll_Stand_Fist_Fist_P0_QuickAttackR_Hit_N_Fwd_00_%_00_P0_100.xmot MotionAfter=Troll_Stand_Fist_Fist_P0_QuickAttackR_Hit_N_Fwd_00_%_00_P0_100.xmot Right=TrollFist RightUseType=55 RightGroup=7->7 NativeResult=1 OBSERVE_NATIVE=1
CORE RAW55_QUICK_CALLBACK_BOUNDARY Actor=Troll C1=3 SameC1=1 Action=4->4 Phase=1->1 StateTime=0.546415->0.546415 StatePosition=1->1 MotionBefore=Troll_Stand_Fist_Fist_P0_QuickAttackR_Hit_N_Fwd_00_%_00_P0_100.xmot MotionAfter=Troll_Stand_Fist_Fist_P0_QuickAttackR_Hit_N_Fwd_00_%_00_P0_100.xmot Right=TrollFist RightUseType=55 RightGroup=7->7 NativeResult=1 OBSERVE_NATIVE=1
CORE RAW55_QUICK_CALLBACK_BOUNDARY Actor=Troll C1=3 SameC1=1 Action=4->4 Phase=1->1 StateTime=0.554748->0.554748 StatePosition=1->1 MotionBefore=Troll_Stand_Fist_Fist_P0_QuickAttackR_Hit_N_Fwd_00_%_00_P0_100.xmot MotionAfter=Troll_Stand_Fist_Fist_P0_QuickAttackR_Hit_N_Fwd_00_%_00_P0_100.xmot Right=TrollFist RightUseType=55 RightGroup=7->7 NativeResult=1 OBSERVE_NATIVE=1
CORE RAW55_QUICK_CALLBACK_BOUNDARY Actor=Troll C1=3 SameC1=1 Action=4->4 Phase=1->1 StateTime=0.563718->0.563718 StatePosition=1->1 MotionBefore=Troll_Stand_Fist_Fist_P0_QuickAttackR_Hit_N_Fwd_00_%_00_P0_100.xmot MotionAfter=Troll_Stand_Fist_Fist_P0_QuickAttackR_Hit_N_Fwd_00_%_00_P0_100.xmot Right=TrollFist RightUseType=55 RightGroup=7->7 NativeResult=1 OBSERVE_NATIVE=1
CORE RAW55_QUICK_CALLBACK_BOUNDARY Actor=Troll C1=3 SameC1=1 Action=4->4 Phase=1->1 StateTime=0.572052->0.572052 StatePosition=1->1 MotionBefore=Troll_Stand_Fist_Fist_P0_QuickAttackR_Hit_N_Fwd_00_%_00_P0_100.xmot MotionAfter=Troll_Stand_Fist_Fist_P0_QuickAttackR_Hit_N_Fwd_00_%_00_P0_100.xmot Right=TrollFist RightUseType=55 RightGroup=7->7 NativeResult=1 OBSERVE_NATIVE=1
CORE RAW55_QUICK_CALLBACK_BOUNDARY Actor=Troll C1=3 SameC1=1 Action=4->4 Phase=1->1 StateTime=0.580385->0.580385 StatePosition=1->1 MotionBefore=Troll_Stand_Fist_Fist_P0_QuickAttackR_Hit_N_Fwd_00_%_00_P0_100.xmot MotionAfter=Troll_Stand_Fist_Fist_P0_QuickAttackR_Hit_N_Fwd_00_%_00_P0_100.xmot Right=TrollFist RightUseType=55 RightGroup=7->7 NativeResult=1 OBSERVE_NATIVE=1
CORE RAW55_QUICK_CALLBACK_BOUNDARY Actor=Troll C1=3 SameC1=1 Action=4->4 Phase=1->1 StateTime=0.588718->0.588718 StatePosition=1->1 MotionBefore=Troll_Stand_Fist_Fist_P0_QuickAttackR_Hit_N_Fwd_00_%_00_P0_100.xmot MotionAfter=Troll_Stand_Fist_Fist_P0_QuickAttackR_Hit_N_Fwd_00_%_00_P0_100.xmot Right=TrollFist RightUseType=55 RightGroup=7->7 NativeResult=1 OBSERVE_NATIVE=1
CORE RAW55_QUICK_CALLBACK_BOUNDARY Actor=Troll C1=3 SameC1=1 Action=4->4 Phase=1->1 StateTime=0.597689->0.597689 StatePosition=1->1 MotionBefore=Troll_Stand_Fist_Fist_P0_QuickAttackR_Hit_N_Fwd_00_%_00_P0_100.xmot MotionAfter=Troll_Stand_Fist_Fist_P0_QuickAttackR_Hit_N_Fwd_00_%_00_P0_100.xmot Right=TrollFist RightUseType=55 RightGroup=7->7 NativeResult=1 OBSERVE_NATIVE=1
CORE RAW55_QUICK_CALLBACK_BOUNDARY Actor=Troll C1=3 SameC1=1 Action=4->4 Phase=1->1 StateTime=0.606022->0.606022 StatePosition=1->1 MotionBefore=Troll_Stand_Fist_Fist_P0_QuickAttackR_Hit_N_Fwd_00_%_00_P0_100.xmot MotionAfter=Troll_Stand_Fist_Fist_P0_QuickAttackR_Hit_N_Fwd_00_%_00_P0_100.xmot Right=TrollFist RightUseType=55 RightGroup=7->7 NativeResult=1 OBSERVE_NATIVE=1
CORE RAW55_QUICK_CALLBACK_BOUNDARY Actor=Troll C1=3 SameC1=1 Action=4->4 Phase=1->1 StateTime=0.614993->0.614993 StatePosition=1->1 MotionBefore=Troll_Stand_Fist_Fist_P0_QuickAttackR_Hit_N_Fwd_00_%_00_P0_100.xmot MotionAfter=Troll_Stand_Fist_Fist_P0_QuickAttackR_Hit_N_Fwd_00_%_00_P0_100.xmot Right=TrollFist RightUseType=55 RightGroup=7->7 NativeResult=1 OBSERVE_NATIVE=1
CORE RAW55_QUICK_CALLBACK_BOUNDARY Actor=Troll C1=3 SameC1=1 Action=4->4 Phase=1->1 StateTime=0.623327->0.623327 StatePosition=1->1 MotionBefore=Troll_Stand_Fist_Fist_P0_QuickAttackR_Hit_N_Fwd_00_%_00_P0_100.xmot MotionAfter=Troll_Stand_Fist_Fist_P0_QuickAttackR_Hit_N_Fwd_00_%_00_P0_100.xmot Right=TrollFist RightUseType=55 RightGroup=7->7 NativeResult=1 OBSERVE_NATIVE=1
CORE RAW55_QUICK_CALLBACK_BOUNDARY Actor=Troll C1=3 SameC1=1 Action=4->4 Phase=1->1 StateTime=0.631660->0.631660 StatePosition=1->1 MotionBefore=Troll_Stand_Fist_Fist_P0_QuickAttackR_Hit_N_Fwd_00_%_00_P0_100.xmot MotionAfter=Troll_Stand_Fist_Fist_P0_QuickAttackR_Hit_N_Fwd_00_%_00_P0_100.xmot Right=TrollFist RightUseType=55 RightGroup=7->7 NativeResult=1 OBSERVE_NATIVE=1
CORE RAW55_QUICK_CALLBACK_BOUNDARY Actor=Troll C1=3 SameC1=1 Action=4->4 Phase=1->1 StateTime=0.639993->0.639993 StatePosition=1->1 MotionBefore=Troll_Stand_Fist_Fist_P0_QuickAttackR_Hit_N_Fwd_00_%_00_P0_100.xmot MotionAfter=Troll_Stand_Fist_Fist_P0_QuickAttackR_Hit_N_Fwd_00_%_00_P0_100.xmot Right=TrollFist RightUseType=55 RightGroup=7->7 NativeResult=1 OBSERVE_NATIVE=1
CORE RAW55_QUICK_CALLBACK_BOUNDARY Actor=Troll C1=3 SameC1=1 Action=4->4 Phase=1->1 StateTime=0.650920->0.650920 StatePosition=1->1 MotionBefore=Troll_Stand_Fist_Fist_P0_QuickAttackR_Hit_N_Fwd_00_%_00_P0_100.xmot MotionAfter=Troll_Stand_Fist_Fist_P0_QuickAttackR_Hit_N_Fwd_00_%_00_P0_100.xmot Right=TrollFist RightUseType=55 RightGroup=7->7 NativeResult=1 OBSERVE_NATIVE=1
CORE RAW55_QUICK_CALLBACK_BOUNDARY Actor=Troll C1=3 SameC1=1 Action=4->4 Phase=1->1 StateTime=0.659253->0.659253 StatePosition=1->1 MotionBefore=Troll_Stand_Fist_Fist_P0_QuickAttackR_Hit_N_Fwd_00_%_00_P0_100.xmot MotionAfter=Troll_Stand_Fist_Fist_P0_QuickAttackR_Hit_N_Fwd_00_%_00_P0_100.xmot Right=TrollFist RightUseType=55 RightGroup=7->7 NativeResult=1 OBSERVE_NATIVE=1
CORE RAW55_QUICK_CALLBACK_BOUNDARY Actor=Troll C1=3 SameC1=1 Action=4->4 Phase=1->1 StateTime=0.667586->0.667586 StatePosition=1->1 MotionBefore=Troll_Stand_Fist_Fist_P0_QuickAttackR_Hit_N_Fwd_00_%_00_P0_100.xmot MotionAfter=Troll_Stand_Fist_Fist_P0_QuickAttackR_Hit_N_Fwd_00_%_00_P0_100.xmot Right=TrollFist RightUseType=55 RightGroup=7->7 NativeResult=1 OBSERVE_NATIVE=1
CORE RAW55_QUICK_CALLBACK_BOUNDARY Actor=Troll C1=3 SameC1=1 Action=4->4 Phase=1->1 StateTime=0.675920->0.675920 StatePosition=1->1 MotionBefore=Troll_Stand_Fist_Fist_P0_QuickAttackR_Hit_N_Fwd_00_%_00_P0_100.xmot MotionAfter=Troll_Stand_Fist_Fist_P0_QuickAttackR_Hit_N_Fwd_00_%_00_P0_100.xmot Right=TrollFist RightUseType=55 RightGroup=7->7 NativeResult=1 OBSERVE_NATIVE=1
CORE RAW55_QUICK_CALLBACK_BOUNDARY Actor=Troll C1=3 SameC1=1 Action=4->4 Phase=1->1 StateTime=0.684253->0.684253 StatePosition=1->1 MotionBefore=Troll_Stand_Fist_Fist_P0_QuickAttackR_Hit_N_Fwd_00_%_00_P0_100.xmot MotionAfter=Troll_Stand_Fist_Fist_P0_QuickAttackR_Hit_N_Fwd_00_%_00_P0_100.xmot Right=TrollFist RightUseType=55 RightGroup=7->7 NativeResult=1 OBSERVE_NATIVE=1
CORE RAW55_QUICK_CALLBACK_BOUNDARY Actor=Troll C1=3 SameC1=1 Action=4->4 Phase=1->1 StateTime=0.692586->0.692586 StatePosition=1->1 MotionBefore=Troll_Stand_Fist_Fist_P0_QuickAttackR_Hit_N_Fwd_00_%_00_P0_100.xmot MotionAfter=Troll_Stand_Fist_Fist_P0_QuickAttackR_Hit_N_Fwd_00_%_00_P0_100.xmot Right=TrollFist RightUseType=55 RightGroup=7->7 NativeResult=1 OBSERVE_NATIVE=1
CORE RAW55_QUICK_CALLBACK_BOUNDARY Actor=Troll C1=3 SameC1=1 Action=4->4 Phase=1->1 StateTime=0.700920->0.700920 StatePosition=1->1 MotionBefore=Troll_Stand_Fist_Fist_P0_QuickAttackR_Hit_N_Fwd_00_%_00_P0_100.xmot MotionAfter=Troll_Stand_Fist_Fist_P0_QuickAttackR_Hit_N_Fwd_00_%_00_P0_100.xmot Right=TrollFist RightUseType=55 RightGroup=7->7 NativeResult=1 OBSERVE_NATIVE=1
CORE RAW55_QUICK_CALLBACK_BOUNDARY Actor=Troll C1=3 SameC1=1 Action=4->4 Phase=1->1 StateTime=0.709253->0.709253 StatePosition=1->1 MotionBefore=Troll_Stand_Fist_Fist_P0_QuickAttackR_Hit_N_Fwd_00_%_00_P0_100.xmot MotionAfter=Troll_Stand_Fist_Fist_P0_QuickAttackR_Hit_N_Fwd_00_%_00_P0_100.xmot Right=TrollFist RightUseType=55 RightGroup=7->7 NativeResult=1 OBSERVE_NATIVE=1
CORE RAW55_QUICK_CALLBACK_BOUNDARY Actor=Troll C1=3 SameC1=1 Action=4->4 Phase=1->1 StateTime=0.717586->0.717586 StatePosition=1->1 MotionBefore=Troll_Stand_Fist_Fist_P0_QuickAttackR_Hit_N_Fwd_00_%_00_P0_100.xmot MotionAfter=Troll_Stand_Fist_Fist_P0_QuickAttackR_Hit_N_Fwd_00_%_00_P0_100.xmot Right=TrollFist RightUseType=55 RightGroup=7->7 NativeResult=1 OBSERVE_NATIVE=1
CORE RAW55_QUICK_CALLBACK_BOUNDARY Actor=Troll C1=3 SameC1=1 Action=4->4 Phase=1->1 StateTime=0.725920->0.725920 StatePosition=1->1 MotionBefore=Troll_Stand_Fist_Fist_P0_QuickAttackR_Hit_N_Fwd_00_%_00_P0_100.xmot MotionAfter=Troll_Stand_Fist_Fist_P0_QuickAttackR_Hit_N_Fwd_00_%_00_P0_100.xmot Right=TrollFist RightUseType=55 RightGroup=7->7 NativeResult=1 OBSERVE_NATIVE=1
CORE RAW55_QUICK_CALLBACK_BOUNDARY Actor=Troll C1=3 SameC1=1 Action=4->4 Phase=1->1 StateTime=0.734890->0.734890 StatePosition=1->1 MotionBefore=Troll_Stand_Fist_Fist_P0_QuickAttackR_Hit_N_Fwd_00_%_00_P0_100.xmot MotionAfter=Troll_Stand_Fist_Fist_P0_QuickAttackR_Hit_N_Fwd_00_%_00_P0_100.xmot Right=TrollFist RightUseType=55 RightGroup=7->7 NativeResult=1 OBSERVE_NATIVE=1
CORE RAW55_QUICK_CALLBACK_BOUNDARY Actor=Troll C1=3 SameC1=1 Action=4->4 Phase=1->1 StateTime=0.743223->0.743223 StatePosition=1->1 MotionBefore=Troll_Stand_Fist_Fist_P0_QuickAttackR_Hit_N_Fwd_00_%_00_P0_100.xmot MotionAfter=Troll_Stand_Fist_Fist_P0_QuickAttackR_Hit_N_Fwd_00_%_00_P0_100.xmot Right=TrollFist RightUseType=55 RightGroup=7->7 NativeResult=1 OBSERVE_NATIVE=1
CORE RAW55_QUICK_CALLBACK_BOUNDARY Actor=Troll C1=3 SameC1=1 Action=4->4 Phase=1->1 StateTime=0.752180->0.752180 StatePosition=1->1 MotionBefore=Troll_Stand_Fist_Fist_P0_QuickAttackR_Hit_N_Fwd_00_%_00_P0_100.xmot MotionAfter=Troll_Stand_Fist_Fist_P0_QuickAttackR_Hit_N_Fwd_00_%_00_P0_100.xmot Right=TrollFist RightUseType=55 RightGroup=7->7 NativeResult=1 OBSERVE_NATIVE=1
CORE RAW55_QUICK_CALLBACK_BOUNDARY Actor=Troll C1=3 SameC1=1 Action=4->4 Phase=1->1 StateTime=0.760513->0.760513 StatePosition=1->1 MotionBefore=Troll_Stand_Fist_Fist_P0_QuickAttackR_Hit_N_Fwd_00_%_00_P0_100.xmot MotionAfter=Troll_Stand_Fist_Fist_P0_QuickAttackR_Hit_N_Fwd_00_%_00_P0_100.xmot Right=TrollFist RightUseType=55 RightGroup=7->7 NativeResult=1 OBSERVE_NATIVE=1
CORE RAW55_QUICK_CALLBACK_BOUNDARY Actor=Troll C1=3 SameC1=1 Action=4->4 Phase=1->1 StateTime=0.768846->0.768846 StatePosition=1->1 MotionBefore=Troll_Stand_Fist_Fist_P0_QuickAttackR_Hit_N_Fwd_00_%_00_P0_100.xmot MotionAfter=Troll_Stand_Fist_Fist_P0_QuickAttackR_Hit_N_Fwd_00_%_00_P0_100.xmot Right=TrollFist RightUseType=55 RightGroup=7->7 NativeResult=1 OBSERVE_NATIVE=1
CORE RAW55_QUICK_CALLBACK_BOUNDARY Actor=Troll C1=3 SameC1=1 Action=4->4 Phase=1->1 StateTime=0.777817->0.777817 StatePosition=1->1 MotionBefore=Troll_Stand_Fist_Fist_P0_QuickAttackR_Hit_N_Fwd_00_%_00_P0_100.xmot MotionAfter=Troll_Stand_Fist_Fist_P0_QuickAttackR_Hit_N_Fwd_00_%_00_P0_100.xmot Right=TrollFist RightUseType=55 RightGroup=7->7 NativeResult=1 OBSERVE_NATIVE=1
CORE RAW55_QUICK_CALLBACK_BOUNDARY Actor=Troll C1=3 SameC1=1 Action=4->4 Phase=1->1 StateTime=0.786150->0.786150 StatePosition=1->1 MotionBefore=Troll_Stand_Fist_Fist_P0_QuickAttackR_Hit_N_Fwd_00_%_00_P0_100.xmot MotionAfter=Troll_Stand_Fist_Fist_P0_QuickAttackR_Hit_N_Fwd_00_%_00_P0_100.xmot Right=TrollFist RightUseType=55 RightGroup=7->7 NativeResult=1 OBSERVE_NATIVE=1
CORE RAW55_QUICK_CALLBACK_BOUNDARY Actor=Troll C1=3 SameC1=1 Action=4->4 Phase=1->1 StateTime=0.797077->0.797077 StatePosition=1->1 MotionBefore=Troll_Stand_Fist_Fist_P0_QuickAttackR_Hit_N_Fwd_00_%_00_P0_100.xmot MotionAfter=Troll_Stand_Fist_Fist_P0_QuickAttackR_Hit_N_Fwd_00_%_00_P0_100.xmot Right=TrollFist RightUseType=55 RightGroup=7->7 NativeResult=1 OBSERVE_NATIVE=1
CORE COLLISION_GROUP ElapsedMs=26609.979 Source=TrollFist UseType=55 Owner=Troll Slot=RIGHT Requested=5 Before=7 After=5 MarkerBitsRetired=0
CORE C1 CLEANUP FULFILLED ElapsedMs=26610.008 Actor=Troll Generation=3 Status=PERSISTED Source=TrollFist Side=RIGHT Requests=1 Outstanding=0 CleanupObserved=1 Group=5
CORE C1_FINAL ElapsedMs=26705.662 Actor=Troll Generation=3 Status=PERSISTED SourceCount=2 PhysicalChanged=0 Source[0]=TrollFist Side=RIGHT Outstanding=0 Cleanup=1 Outcome=NO_OP_NO_OUTSTANDING Source[1]=TrollFist Side=LEFT Outstanding=0 Cleanup=0 Outcome=NO_OP_NO_OUTSTANDING
CORE C1_START ElapsedMs=27940.405 Actor=Troll Generation=4 Status=CANDIDATE Outstanding=0 TrackedSources=2 ReplacedGeneration=0 ReplacedOutstanding=0 Source[0]=TrollFist Side=RIGHT Group=5 Source[1]=TrollFist Side=LEFT Group=5
CORE C1_BIND ElapsedMs=27940.419 Event=COMBAT_MOVE_CANDIDATE_BOUND Actor=Troll Generation=4 Status=CANDIDATE Outstanding=0 Source=<null> Script=_AI_QuickAttack
CORE C1_STATUS ElapsedMs=27940.481 Event=PERSISTED Actor=Troll Generation=4 Status=PERSISTED Outstanding=0
CORE ATTACK_OWNERSHIP ElapsedMs=27940.499 Actor=Troll Family=QUICK Action=5 Phase=1 Motion=Troll_Stand_Fist_Fist_P0_QuickAttackL_Hit_N_Fwd_00_%_00_P0_100.xmot MarkerPresent=1 RequiredMask=0 FistMarkers=1 Raw8Fist=<none> Raw8UseType=-1 SuppressNative=0 Classification=CONTRADICTION
===== CORE ATTACK OWNERSHIP ANOMALY =====
MatchingMotionFound: 1
MarkerScanValid: 1
RequiredSourcesAvailable: 1
RightSourceSlot: RIGHT
RightSourceName: TrollFist
RightSourceUseType: 55
RightSourceCollisionGroup: 5
LeftSourceSlot: LEFT
LeftSourceName: TrollFist
LeftSourceUseType: 55
LeftSourceCollisionGroup: 5
Raw8FistSourceName: <none>
Raw8FistSourceUseType: -1
Raw8FistSourceCollisionGroup: -1
=========================================

CORE RAW55_QUICK_CALLBACK_BOUNDARY Actor=Troll C1=4 SameC1=1 Action=5->5 Phase=1->1 StateTime=0.000000->0.000000 StatePosition=0->0 MotionBefore=Troll_Stand_Fist_Fist_P0_QuickAttackL_Hit_N_Fwd_00_%_00_P0_100.xmot MotionAfter=Troll_Stand_Fist_Fist_P0_QuickAttackL_Hit_N_Fwd_00_%_00_P0_100.xmot Right=TrollFist RightUseType=55 RightGroup=5->5 NativeResult=1 OBSERVE_NATIVE=1
CORE RAW55_QUICK_CALLBACK_BOUNDARY Actor=Troll C1=4 SameC1=1 Action=5->5 Phase=1->1 StateTime=0.008333->0.008333 StatePosition=0->0 MotionBefore=Troll_Stand_Fist_Fist_P0_QuickAttackL_Hit_N_Fwd_00_%_00_P0_100.xmot MotionAfter=Troll_Stand_Fist_Fist_P0_QuickAttackL_Hit_N_Fwd_00_%_00_P0_100.xmot Right=TrollFist RightUseType=55 RightGroup=5->5 NativeResult=1 OBSERVE_NATIVE=1
CORE RAW55_QUICK_CALLBACK_BOUNDARY Actor=Troll C1=4 SameC1=1 Action=5->5 Phase=1->1 StateTime=0.018275->0.018275 StatePosition=0->0 MotionBefore=Troll_Stand_Fist_Fist_P0_QuickAttackL_Hit_N_Fwd_00_%_00_P0_100.xmot MotionAfter=Troll_Stand_Fist_Fist_P0_QuickAttackL_Hit_N_Fwd_00_%_00_P0_100.xmot Right=TrollFist RightUseType=55 RightGroup=5->5 NativeResult=1 OBSERVE_NATIVE=1
CORE RAW55_QUICK_CALLBACK_BOUNDARY Actor=Troll C1=4 SameC1=1 Action=5->5 Phase=1->1 StateTime=0.026608->0.026608 StatePosition=0->0 MotionBefore=Troll_Stand_Fist_Fist_P0_QuickAttackL_Hit_N_Fwd_00_%_00_P0_100.xmot MotionAfter=Troll_Stand_Fist_Fist_P0_QuickAttackL_Hit_N_Fwd_00_%_00_P0_100.xmot Right=TrollFist RightUseType=55 RightGroup=5->5 NativeResult=1 OBSERVE_NATIVE=1
CORE RAW55_QUICK_CALLBACK_BOUNDARY Actor=Troll C1=4 SameC1=1 Action=5->5 Phase=1->1 StateTime=0.036564->0.036564 StatePosition=0->0 MotionBefore=Troll_Stand_Fist_Fist_P0_QuickAttackL_Hit_N_Fwd_00_%_00_P0_100.xmot MotionAfter=Troll_Stand_Fist_Fist_P0_QuickAttackL_Hit_N_Fwd_00_%_00_P0_100.xmot Right=TrollFist RightUseType=55 RightGroup=5->5 NativeResult=1 OBSERVE_NATIVE=1
CORE RAW55_QUICK_CALLBACK_BOUNDARY Actor=Troll C1=4 SameC1=1 Action=5->5 Phase=1->1 StateTime=0.044898->0.044898 StatePosition=0->0 MotionBefore=Troll_Stand_Fist_Fist_P0_QuickAttackL_Hit_N_Fwd_00_%_00_P0_100.xmot MotionAfter=Troll_Stand_Fist_Fist_P0_QuickAttackL_Hit_N_Fwd_00_%_00_P0_100.xmot Right=TrollFist RightUseType=55 RightGroup=5->5 NativeResult=1 OBSERVE_NATIVE=1
CORE RAW55_QUICK_CALLBACK_BOUNDARY Actor=Troll C1=4 SameC1=1 Action=5->5 Phase=1->1 StateTime=0.053231->0.053231 StatePosition=0->0 MotionBefore=Troll_Stand_Fist_Fist_P0_QuickAttackL_Hit_N_Fwd_00_%_00_P0_100.xmot MotionAfter=Troll_Stand_Fist_Fist_P0_QuickAttackL_Hit_N_Fwd_00_%_00_P0_100.xmot Right=TrollFist RightUseType=55 RightGroup=5->5 NativeResult=1 OBSERVE_NATIVE=1
CORE RAW55_QUICK_CALLBACK_BOUNDARY Actor=Troll C1=4 SameC1=1 Action=5->5 Phase=1->1 StateTime=0.061564->0.061564 StatePosition=0->0 MotionBefore=Troll_Stand_Fist_Fist_P0_QuickAttackL_Hit_N_Fwd_00_%_00_P0_100.xmot MotionAfter=Troll_Stand_Fist_Fist_P0_QuickAttackL_Hit_N_Fwd_00_%_00_P0_100.xmot Right=TrollFist RightUseType=55 RightGroup=5->5 NativeResult=1 OBSERVE_NATIVE=1
CORE RAW55_QUICK_CALLBACK_BOUNDARY Actor=Troll C1=4 SameC1=1 Action=5->5 Phase=1->1 StateTime=0.071506->0.071506 StatePosition=0->0 MotionBefore=Troll_Stand_Fist_Fist_P0_QuickAttackL_Hit_N_Fwd_00_%_00_P0_100.xmot MotionAfter=Troll_Stand_Fist_Fist_P0_QuickAttackL_Hit_N_Fwd_00_%_00_P0_100.xmot Right=TrollFist RightUseType=55 RightGroup=5->5 NativeResult=1 OBSERVE_NATIVE=1
CORE RAW55_QUICK_CALLBACK_BOUNDARY Actor=Troll C1=4 SameC1=1 Action=5->5 Phase=1->1 StateTime=0.079839->0.079839 StatePosition=0->0 MotionBefore=Troll_Stand_Fist_Fist_P0_QuickAttackL_Hit_N_Fwd_00_%_00_P0_100.xmot MotionAfter=Troll_Stand_Fist_Fist_P0_QuickAttackL_Hit_N_Fwd_00_%_00_P0_100.xmot Right=TrollFist RightUseType=55 RightGroup=5->5 NativeResult=1 OBSERVE_NATIVE=1
CORE RAW55_QUICK_CALLBACK_BOUNDARY Actor=Troll C1=4 SameC1=1 Action=5->5 Phase=1->1 StateTime=0.088172->0.088172 StatePosition=0->0 MotionBefore=Troll_Stand_Fist_Fist_P0_QuickAttackL_Hit_N_Fwd_00_%_00_P0_100.xmot MotionAfter=Troll_Stand_Fist_Fist_P0_QuickAttackL_Hit_N_Fwd_00_%_00_P0_100.xmot Right=TrollFist RightUseType=55 RightGroup=5->5 NativeResult=1 OBSERVE_NATIVE=1
CORE RAW55_QUICK_CALLBACK_BOUNDARY Actor=Troll C1=4 SameC1=1 Action=5->5 Phase=1->1 StateTime=0.097143->0.097143 StatePosition=0->0 MotionBefore=Troll_Stand_Fist_Fist_P0_QuickAttackL_Hit_N_Fwd_00_%_00_P0_100.xmot MotionAfter=Troll_Stand_Fist_Fist_P0_QuickAttackL_Hit_N_Fwd_00_%_00_P0_100.xmot Right=TrollFist RightUseType=55 RightGroup=5->5 NativeResult=1 OBSERVE_NATIVE=1
CORE RAW55_QUICK_GROUP_SUPPRESSION Actor=Troll C1=4 Right=TrollFist RightUseType=55 RequestedGroup=7 BeforeGroup=5 StatePosition=0 StateTime=0.105476 SUPPRESS_GROUP=1
CORE RAW55_QUICK_CALLBACK_BOUNDARY Actor=Troll C1=4 SameC1=1 Action=5->5 Phase=1->1 StateTime=0.105476->0.105476 StatePosition=0->1 MotionBefore=Troll_Stand_Fist_Fist_P0_QuickAttackL_Hit_N_Fwd_00_%_00_P0_100.xmot MotionAfter=Troll_Stand_Fist_Fist_P0_QuickAttackL_Hit_N_Fwd_00_%_00_P0_100.xmot Right=TrollFist RightUseType=55 RightGroup=5->5 NativeResult=1 OBSERVE_NATIVE=1
CORE RAW55_QUICK_CALLBACK_BOUNDARY Actor=Troll C1=4 SameC1=1 Action=5->5 Phase=1->1 StateTime=0.113810->0.113810 StatePosition=1->1 MotionBefore=Troll_Stand_Fist_Fist_P0_QuickAttackL_Hit_N_Fwd_00_%_00_P0_100.xmot MotionAfter=Troll_Stand_Fist_Fist_P0_QuickAttackL_Hit_N_Fwd_00_%_00_P0_100.xmot Right=TrollFist RightUseType=55 RightGroup=5->5 NativeResult=1 OBSERVE_NATIVE=1
CORE RAW55_QUICK_CALLBACK_BOUNDARY Actor=Troll C1=4 SameC1=1 Action=5->5 Phase=1->1 StateTime=0.122143->0.122143 StatePosition=1->1 MotionBefore=Troll_Stand_Fist_Fist_P0_QuickAttackL_Hit_N_Fwd_00_%_00_P0_100.xmot MotionAfter=Troll_Stand_Fist_Fist_P0_QuickAttackL_Hit_N_Fwd_00_%_00_P0_100.xmot Right=TrollFist RightUseType=55 RightGroup=5->5 NativeResult=1 OBSERVE_NATIVE=1
CORE RAW55_QUICK_CALLBACK_BOUNDARY Actor=Troll C1=4 SameC1=1 Action=5->5 Phase=1->1 StateTime=0.130476->0.130476 StatePosition=1->1 MotionBefore=Troll_Stand_Fist_Fist_P0_QuickAttackL_Hit_N_Fwd_00_%_00_P0_100.xmot MotionAfter=Troll_Stand_Fist_Fist_P0_QuickAttackL_Hit_N_Fwd_00_%_00_P0_100.xmot Right=TrollFist RightUseType=55 RightGroup=5->5 NativeResult=1 OBSERVE_NATIVE=1
CORE RAW55_QUICK_CALLBACK_BOUNDARY Actor=Troll C1=4 SameC1=1 Action=5->5 Phase=1->1 StateTime=0.139447->0.139447 StatePosition=1->1 MotionBefore=Troll_Stand_Fist_Fist_P0_QuickAttackL_Hit_N_Fwd_00_%_00_P0_100.xmot MotionAfter=Troll_Stand_Fist_Fist_P0_QuickAttackL_Hit_N_Fwd_00_%_00_P0_100.xmot Right=TrollFist RightUseType=55 RightGroup=5->5 NativeResult=1 OBSERVE_NATIVE=1
CORE RAW55_QUICK_CALLBACK_BOUNDARY Actor=Troll C1=4 SameC1=1 Action=5->5 Phase=1->1 StateTime=0.147780->0.147780 StatePosition=1->1 MotionBefore=Troll_Stand_Fist_Fist_P0_QuickAttackL_Hit_N_Fwd_00_%_00_P0_100.xmot MotionAfter=Troll_Stand_Fist_Fist_P0_QuickAttackL_Hit_N_Fwd_00_%_00_P0_100.xmot Right=TrollFist RightUseType=55 RightGroup=5->5 NativeResult=1 OBSERVE_NATIVE=1
CORE RAW55_QUICK_CALLBACK_BOUNDARY Actor=Troll C1=4 SameC1=1 Action=5->5 Phase=1->1 StateTime=0.156114->0.156114 StatePosition=1->1 MotionBefore=Troll_Stand_Fist_Fist_P0_QuickAttackL_Hit_N_Fwd_00_%_00_P0_100.xmot MotionAfter=Troll_Stand_Fist_Fist_P0_QuickAttackL_Hit_N_Fwd_00_%_00_P0_100.xmot Right=TrollFist RightUseType=55 RightGroup=5->5 NativeResult=1 OBSERVE_NATIVE=1
CORE RAW55_QUICK_CALLBACK_BOUNDARY Actor=Troll C1=4 SameC1=1 Action=5->5 Phase=1->1 StateTime=0.165084->0.165084 StatePosition=1->1 MotionBefore=Troll_Stand_Fist_Fist_P0_QuickAttackL_Hit_N_Fwd_00_%_00_P0_100.xmot MotionAfter=Troll_Stand_Fist_Fist_P0_QuickAttackL_Hit_N_Fwd_00_%_00_P0_100.xmot Right=TrollFist RightUseType=55 RightGroup=5->5 NativeResult=1 OBSERVE_NATIVE=1
CORE RAW55_QUICK_CALLBACK_BOUNDARY Actor=Troll C1=4 SameC1=1 Action=5->5 Phase=1->1 StateTime=0.173417->0.173417 StatePosition=1->1 MotionBefore=Troll_Stand_Fist_Fist_P0_QuickAttackL_Hit_N_Fwd_00_%_00_P0_100.xmot MotionAfter=Troll_Stand_Fist_Fist_P0_QuickAttackL_Hit_N_Fwd_00_%_00_P0_100.xmot Right=TrollFist RightUseType=55 RightGroup=5->5 NativeResult=1 OBSERVE_NATIVE=1
CORE RAW55_QUICK_CALLBACK_BOUNDARY Actor=Troll C1=4 SameC1=1 Action=5->5 Phase=1->1 StateTime=0.182388->0.182388 StatePosition=1->1 MotionBefore=Troll_Stand_Fist_Fist_P0_QuickAttackL_Hit_N_Fwd_00_%_00_P0_100.xmot MotionAfter=Troll_Stand_Fist_Fist_P0_QuickAttackL_Hit_N_Fwd_00_%_00_P0_100.xmot Right=TrollFist RightUseType=55 RightGroup=5->5 NativeResult=1 OBSERVE_NATIVE=1
CORE RAW55_QUICK_CALLBACK_BOUNDARY Actor=Troll C1=4 SameC1=1 Action=5->5 Phase=1->1 StateTime=0.190722->0.190722 StatePosition=1->1 MotionBefore=Troll_Stand_Fist_Fist_P0_QuickAttackL_Hit_N_Fwd_00_%_00_P0_100.xmot MotionAfter=Troll_Stand_Fist_Fist_P0_QuickAttackL_Hit_N_Fwd_00_%_00_P0_100.xmot Right=TrollFist RightUseType=55 RightGroup=5->5 NativeResult=1 OBSERVE_NATIVE=1
CORE RAW55_QUICK_CALLBACK_BOUNDARY Actor=Troll C1=4 SameC1=1 Action=5->5 Phase=1->1 StateTime=0.201648->0.201648 StatePosition=1->1 MotionBefore=Troll_Stand_Fist_Fist_P0_QuickAttackL_Hit_N_Fwd_00_%_00_P0_100.xmot MotionAfter=Troll_Stand_Fist_Fist_P0_QuickAttackL_Hit_N_Fwd_00_%_00_P0_100.xmot Right=TrollFist RightUseType=55 RightGroup=5->5 NativeResult=1 OBSERVE_NATIVE=1
CORE RAW55_QUICK_CALLBACK_BOUNDARY Actor=Troll C1=4 SameC1=1 Action=5->5 Phase=1->1 StateTime=0.209982->0.209982 StatePosition=1->1 MotionBefore=Troll_Stand_Fist_Fist_P0_QuickAttackL_Hit_N_Fwd_00_%_00_P0_100.xmot MotionAfter=Troll_Stand_Fist_Fist_P0_QuickAttackL_Hit_N_Fwd_00_%_00_P0_100.xmot Right=TrollFist RightUseType=55 RightGroup=5->5 NativeResult=1 OBSERVE_NATIVE=1
CORE RAW55_QUICK_CALLBACK_BOUNDARY Actor=Troll C1=4 SameC1=1 Action=5->5 Phase=1->1 StateTime=0.219923->0.219923 StatePosition=1->1 MotionBefore=Troll_Stand_Fist_Fist_P0_QuickAttackL_Hit_N_Fwd_00_%_00_P0_100.xmot MotionAfter=Troll_Stand_Fist_Fist_P0_QuickAttackL_Hit_N_Fwd_00_%_00_P0_100.xmot Right=TrollFist RightUseType=55 RightGroup=5->5 NativeResult=1 OBSERVE_NATIVE=1
CORE RAW55_QUICK_CALLBACK_BOUNDARY Actor=Troll C1=4 SameC1=1 Action=5->5 Phase=1->1 StateTime=0.228257->0.228257 StatePosition=1->1 MotionBefore=Troll_Stand_Fist_Fist_P0_QuickAttackL_Hit_N_Fwd_00_%_00_P0_100.xmot MotionAfter=Troll_Stand_Fist_Fist_P0_QuickAttackL_Hit_N_Fwd_00_%_00_P0_100.xmot Right=TrollFist RightUseType=55 RightGroup=5->5 NativeResult=1 OBSERVE_NATIVE=1
CORE RAW55_QUICK_CALLBACK_BOUNDARY Actor=Troll C1=4 SameC1=1 Action=5->5 Phase=1->1 StateTime=0.238198->0.238198 StatePosition=1->1 MotionBefore=Troll_Stand_Fist_Fist_P0_QuickAttackL_Hit_N_Fwd_00_%_00_P0_100.xmot MotionAfter=Troll_Stand_Fist_Fist_P0_QuickAttackL_Hit_N_Fwd_00_%_00_P0_100.xmot Right=TrollFist RightUseType=55 RightGroup=5->5 NativeResult=1 OBSERVE_NATIVE=1
CORE RAW55_QUICK_CALLBACK_BOUNDARY Actor=Troll C1=4 SameC1=1 Action=5->5 Phase=1->1 StateTime=0.246532->0.246532 StatePosition=1->1 MotionBefore=Troll_Stand_Fist_Fist_P0_QuickAttackL_Hit_N_Fwd_00_%_00_P0_100.xmot MotionAfter=Troll_Stand_Fist_Fist_P0_QuickAttackL_Hit_N_Fwd_00_%_00_P0_100.xmot Right=TrollFist RightUseType=55 RightGroup=5->5 NativeResult=1 OBSERVE_NATIVE=1
CORE RAW55_QUICK_CALLBACK_BOUNDARY Actor=Troll C1=4 SameC1=1 Action=5->5 Phase=1->1 StateTime=0.254865->0.254865 StatePosition=1->1 MotionBefore=Troll_Stand_Fist_Fist_P0_QuickAttackL_Hit_N_Fwd_00_%_00_P0_100.xmot MotionAfter=Troll_Stand_Fist_Fist_P0_QuickAttackL_Hit_N_Fwd_00_%_00_P0_100.xmot Right=TrollFist RightUseType=55 RightGroup=5->5 NativeResult=1 OBSERVE_NATIVE=1
CORE RAW55_QUICK_CALLBACK_BOUNDARY Actor=Troll C1=4 SameC1=1 Action=5->5 Phase=1->1 StateTime=0.263198->0.263198 StatePosition=1->1 MotionBefore=Troll_Stand_Fist_Fist_P0_QuickAttackL_Hit_N_Fwd_00_%_00_P0_100.xmot MotionAfter=Troll_Stand_Fist_Fist_P0_QuickAttackL_Hit_N_Fwd_00_%_00_P0_100.xmot Right=TrollFist RightUseType=55 RightGroup=5->5 NativeResult=1 OBSERVE_NATIVE=1
CORE RAW55_QUICK_CALLBACK_BOUNDARY Actor=Troll C1=4 SameC1=1 Action=5->5 Phase=1->1 StateTime=0.272169->0.272169 StatePosition=1->1 MotionBefore=Troll_Stand_Fist_Fist_P0_QuickAttackL_Hit_N_Fwd_00_%_00_P0_100.xmot MotionAfter=Troll_Stand_Fist_Fist_P0_QuickAttackL_Hit_N_Fwd_00_%_00_P0_100.xmot Right=TrollFist RightUseType=55 RightGroup=5->5 NativeResult=1 OBSERVE_NATIVE=1
CORE RAW55_QUICK_CALLBACK_BOUNDARY Actor=Troll C1=4 SameC1=1 Action=5->5 Phase=1->1 StateTime=0.280502->0.280502 StatePosition=1->1 MotionBefore=Troll_Stand_Fist_Fist_P0_QuickAttackL_Hit_N_Fwd_00_%_00_P0_100.xmot MotionAfter=Troll_Stand_Fist_Fist_P0_QuickAttackL_Hit_N_Fwd_00_%_00_P0_100.xmot Right=TrollFist RightUseType=55 RightGroup=5->5 NativeResult=1 OBSERVE_NATIVE=1
CORE RAW55_QUICK_CALLBACK_BOUNDARY Actor=Troll C1=4 SameC1=1 Action=5->5 Phase=1->1 StateTime=0.289473->0.289473 StatePosition=1->1 MotionBefore=Troll_Stand_Fist_Fist_P0_QuickAttackL_Hit_N_Fwd_00_%_00_P0_100.xmot MotionAfter=Troll_Stand_Fist_Fist_P0_QuickAttackL_Hit_N_Fwd_00_%_00_P0_100.xmot Right=TrollFist RightUseType=55 RightGroup=5->5 NativeResult=1 OBSERVE_NATIVE=1
CORE RAW55_QUICK_CALLBACK_BOUNDARY Actor=Troll C1=4 SameC1=1 Action=5->5 Phase=1->1 StateTime=0.297806->0.297806 StatePosition=1->1 MotionBefore=Troll_Stand_Fist_Fist_P0_QuickAttackL_Hit_N_Fwd_00_%_00_P0_100.xmot MotionAfter=Troll_Stand_Fist_Fist_P0_QuickAttackL_Hit_N_Fwd_00_%_00_P0_100.xmot Right=TrollFist RightUseType=55 RightGroup=5->5 NativeResult=1 OBSERVE_NATIVE=1
CORE RAW55_QUICK_CALLBACK_BOUNDARY Actor=Troll C1=4 SameC1=1 Action=5->5 Phase=1->1 StateTime=0.306140->0.306140 StatePosition=1->1 MotionBefore=Troll_Stand_Fist_Fist_P0_QuickAttackL_Hit_N_Fwd_00_%_00_P0_100.xmot MotionAfter=Troll_Stand_Fist_Fist_P0_QuickAttackL_Hit_N_Fwd_00_%_00_P0_100.xmot Right=TrollFist RightUseType=55 RightGroup=5->5 NativeResult=1 OBSERVE_NATIVE=1
CORE RAW55_QUICK_CALLBACK_BOUNDARY Actor=Troll C1=4 SameC1=1 Action=5->5 Phase=1->1 StateTime=0.314473->0.314473 StatePosition=1->1 MotionBefore=Troll_Stand_Fist_Fist_P0_QuickAttackL_Hit_N_Fwd_00_%_00_P0_100.xmot MotionAfter=Troll_Stand_Fist_Fist_P0_QuickAttackL_Hit_N_Fwd_00_%_00_P0_100.xmot Right=TrollFist RightUseType=55 RightGroup=5->5 NativeResult=1 OBSERVE_NATIVE=1
CORE RAW55_QUICK_CALLBACK_BOUNDARY Actor=Troll C1=4 SameC1=1 Action=5->5 Phase=1->1 StateTime=0.322806->0.322806 StatePosition=1->1 MotionBefore=Troll_Stand_Fist_Fist_P0_QuickAttackL_Hit_N_Fwd_00_%_00_P0_100.xmot MotionAfter=Troll_Stand_Fist_Fist_P0_QuickAttackL_Hit_N_Fwd_00_%_00_P0_100.xmot Right=TrollFist RightUseType=55 RightGroup=5->5 NativeResult=1 OBSERVE_NATIVE=1
CORE RAW55_QUICK_CALLBACK_BOUNDARY Actor=Troll C1=4 SameC1=1 Action=5->5 Phase=1->1 StateTime=0.331140->0.331140 StatePosition=1->1 MotionBefore=Troll_Stand_Fist_Fist_P0_QuickAttackL_Hit_N_Fwd_00_%_00_P0_100.xmot MotionAfter=Troll_Stand_Fist_Fist_P0_QuickAttackL_Hit_N_Fwd_00_%_00_P0_100.xmot Right=TrollFist RightUseType=55 RightGroup=5->5 NativeResult=1 OBSERVE_NATIVE=1
CORE RAW55_QUICK_CALLBACK_BOUNDARY Actor=Troll C1=4 SameC1=1 Action=5->5 Phase=1->1 StateTime=0.339473->0.339473 StatePosition=1->1 MotionBefore=Troll_Stand_Fist_Fist_P0_QuickAttackL_Hit_N_Fwd_00_%_00_P0_100.xmot MotionAfter=Troll_Stand_Fist_Fist_P0_QuickAttackL_Hit_N_Fwd_00_%_00_P0_100.xmot Right=TrollFist RightUseType=55 RightGroup=5->5 NativeResult=1 OBSERVE_NATIVE=1
CORE RAW55_QUICK_CALLBACK_BOUNDARY Actor=Troll C1=4 SameC1=1 Action=5->5 Phase=1->1 StateTime=0.347806->0.347806 StatePosition=1->1 MotionBefore=Troll_Stand_Fist_Fist_P0_QuickAttackL_Hit_N_Fwd_00_%_00_P0_100.xmot MotionAfter=Troll_Stand_Fist_Fist_P0_QuickAttackL_Hit_N_Fwd_00_%_00_P0_100.xmot Right=TrollFist RightUseType=55 RightGroup=5->5 NativeResult=1 OBSERVE_NATIVE=1
CORE RAW55_QUICK_CALLBACK_BOUNDARY Actor=Troll C1=4 SameC1=1 Action=5->5 Phase=1->1 StateTime=0.356140->0.356140 StatePosition=1->1 MotionBefore=Troll_Stand_Fist_Fist_P0_QuickAttackL_Hit_N_Fwd_00_%_00_P0_100.xmot MotionAfter=Troll_Stand_Fist_Fist_P0_QuickAttackL_Hit_N_Fwd_00_%_00_P0_100.xmot Right=TrollFist RightUseType=55 RightGroup=5->5 NativeResult=1 OBSERVE_NATIVE=1
CORE RAW55_QUICK_CALLBACK_BOUNDARY Actor=Troll C1=4 SameC1=1 Action=5->5 Phase=1->1 StateTime=0.365110->0.365110 StatePosition=1->1 MotionBefore=Troll_Stand_Fist_Fist_P0_QuickAttackL_Hit_N_Fwd_00_%_00_P0_100.xmot MotionAfter=Troll_Stand_Fist_Fist_P0_QuickAttackL_Hit_N_Fwd_00_%_00_P0_100.xmot Right=TrollFist RightUseType=55 RightGroup=5->5 NativeResult=1 OBSERVE_NATIVE=1
CORE RAW55_QUICK_CALLBACK_BOUNDARY Actor=Troll C1=4 SameC1=1 Action=5->5 Phase=1->1 StateTime=0.373444->0.373444 StatePosition=1->1 MotionBefore=Troll_Stand_Fist_Fist_P0_QuickAttackL_Hit_N_Fwd_00_%_00_P0_100.xmot MotionAfter=Troll_Stand_Fist_Fist_P0_QuickAttackL_Hit_N_Fwd_00_%_00_P0_100.xmot Right=TrollFist RightUseType=55 RightGroup=5->5 NativeResult=1 OBSERVE_NATIVE=1
CORE RAW55_QUICK_CALLBACK_BOUNDARY Actor=Troll C1=4 SameC1=1 Action=5->5 Phase=1->1 StateTime=0.382400->0.382400 StatePosition=1->1 MotionBefore=Troll_Stand_Fist_Fist_P0_QuickAttackL_Hit_N_Fwd_00_%_00_P0_100.xmot MotionAfter=Troll_Stand_Fist_Fist_P0_QuickAttackL_Hit_N_Fwd_00_%_00_P0_100.xmot Right=TrollFist RightUseType=55 RightGroup=5->5 NativeResult=1 OBSERVE_NATIVE=1
CORE RAW55_QUICK_CALLBACK_BOUNDARY Actor=Troll C1=4 SameC1=1 Action=5->5 Phase=1->1 StateTime=0.390733->0.390733 StatePosition=1->1 MotionBefore=Troll_Stand_Fist_Fist_P0_QuickAttackL_Hit_N_Fwd_00_%_00_P0_100.xmot MotionAfter=Troll_Stand_Fist_Fist_P0_QuickAttackL_Hit_N_Fwd_00_%_00_P0_100.xmot Right=TrollFist RightUseType=55 RightGroup=5->5 NativeResult=1 OBSERVE_NATIVE=1
CORE RAW55_QUICK_CALLBACK_BOUNDARY Actor=Troll C1=4 SameC1=1 Action=5->5 Phase=1->1 StateTime=0.399704->0.399704 StatePosition=1->1 MotionBefore=Troll_Stand_Fist_Fist_P0_QuickAttackL_Hit_N_Fwd_00_%_00_P0_100.xmot MotionAfter=Troll_Stand_Fist_Fist_P0_QuickAttackL_Hit_N_Fwd_00_%_00_P0_100.xmot Right=TrollFist RightUseType=55 RightGroup=5->5 NativeResult=1 OBSERVE_NATIVE=1
CORE RAW55_QUICK_CALLBACK_BOUNDARY Actor=Troll C1=4 SameC1=1 Action=5->5 Phase=1->1 StateTime=0.408038->0.408038 StatePosition=1->1 MotionBefore=Troll_Stand_Fist_Fist_P0_QuickAttackL_Hit_N_Fwd_00_%_00_P0_100.xmot MotionAfter=Troll_Stand_Fist_Fist_P0_QuickAttackL_Hit_N_Fwd_00_%_00_P0_100.xmot Right=TrollFist RightUseType=55 RightGroup=5->5 NativeResult=1 OBSERVE_NATIVE=1
CORE RAW55_QUICK_CALLBACK_BOUNDARY Actor=Troll C1=4 SameC1=1 Action=5->5 Phase=1->1 StateTime=0.416371->0.416371 StatePosition=1->1 MotionBefore=Troll_Stand_Fist_Fist_P0_QuickAttackL_Hit_N_Fwd_00_%_00_P0_100.xmot MotionAfter=Troll_Stand_Fist_Fist_P0_QuickAttackL_Hit_N_Fwd_00_%_00_P0_100.xmot Right=TrollFist RightUseType=55 RightGroup=5->5 NativeResult=1 OBSERVE_NATIVE=1
CORE RAW55_QUICK_CALLBACK_BOUNDARY Actor=Troll C1=4 SameC1=1 Action=5->5 Phase=1->1 StateTime=0.424704->0.424704 StatePosition=1->1 MotionBefore=Troll_Stand_Fist_Fist_P0_QuickAttackL_Hit_N_Fwd_00_%_00_P0_100.xmot MotionAfter=Troll_Stand_Fist_Fist_P0_QuickAttackL_Hit_N_Fwd_00_%_00_P0_100.xmot Right=TrollFist RightUseType=55 RightGroup=5->5 NativeResult=1 OBSERVE_NATIVE=1
CORE RAW55_QUICK_CALLBACK_BOUNDARY Actor=Troll C1=4 SameC1=1 Action=5->5 Phase=1->1 StateTime=0.433038->0.433038 StatePosition=1->1 MotionBefore=Troll_Stand_Fist_Fist_P0_QuickAttackL_Hit_N_Fwd_00_%_00_P0_100.xmot MotionAfter=Troll_Stand_Fist_Fist_P0_QuickAttackL_Hit_N_Fwd_00_%_00_P0_100.xmot Right=TrollFist RightUseType=55 RightGroup=5->5 NativeResult=1 OBSERVE_NATIVE=1
CORE RAW55_QUICK_CALLBACK_BOUNDARY Actor=Troll C1=4 SameC1=1 Action=5->5 Phase=1->1 StateTime=0.441371->0.441371 StatePosition=1->1 MotionBefore=Troll_Stand_Fist_Fist_P0_QuickAttackL_Hit_N_Fwd_00_%_00_P0_100.xmot MotionAfter=Troll_Stand_Fist_Fist_P0_QuickAttackL_Hit_N_Fwd_00_%_00_P0_100.xmot Right=TrollFist RightUseType=55 RightGroup=5->5 NativeResult=1 OBSERVE_NATIVE=1
CORE RAW55_QUICK_CALLBACK_BOUNDARY Actor=Troll C1=4 SameC1=1 Action=5->5 Phase=1->1 StateTime=0.449704->0.449704 StatePosition=1->1 MotionBefore=Troll_Stand_Fist_Fist_P0_QuickAttackL_Hit_N_Fwd_00_%_00_P0_100.xmot MotionAfter=Troll_Stand_Fist_Fist_P0_QuickAttackL_Hit_N_Fwd_00_%_00_P0_100.xmot Right=TrollFist RightUseType=55 RightGroup=5->5 NativeResult=1 OBSERVE_NATIVE=1
CORE RAW55_QUICK_CALLBACK_BOUNDARY Actor=Troll C1=4 SameC1=1 Action=5->5 Phase=1->1 StateTime=0.458038->0.458038 StatePosition=1->1 MotionBefore=Troll_Stand_Fist_Fist_P0_QuickAttackL_Hit_N_Fwd_00_%_00_P0_100.xmot MotionAfter=Troll_Stand_Fist_Fist_P0_QuickAttackL_Hit_N_Fwd_00_%_00_P0_100.xmot Right=TrollFist RightUseType=55 RightGroup=5->5 NativeResult=1 OBSERVE_NATIVE=1
CORE RAW55_QUICK_CALLBACK_BOUNDARY Actor=Troll C1=4 SameC1=1 Action=5->5 Phase=1->1 StateTime=0.466371->0.466371 StatePosition=1->1 MotionBefore=Troll_Stand_Fist_Fist_P0_QuickAttackL_Hit_N_Fwd_00_%_00_P0_100.xmot MotionAfter=Troll_Stand_Fist_Fist_P0_QuickAttackL_Hit_N_Fwd_00_%_00_P0_100.xmot Right=TrollFist RightUseType=55 RightGroup=5->5 NativeResult=1 OBSERVE_NATIVE=1
CORE RAW55_QUICK_CALLBACK_BOUNDARY Actor=Troll C1=4 SameC1=1 Action=5->5 Phase=1->1 StateTime=0.474704->0.474704 StatePosition=1->1 MotionBefore=Troll_Stand_Fist_Fist_P0_QuickAttackL_Hit_N_Fwd_00_%_00_P0_100.xmot MotionAfter=Troll_Stand_Fist_Fist_P0_QuickAttackL_Hit_N_Fwd_00_%_00_P0_100.xmot Right=TrollFist RightUseType=55 RightGroup=5->5 NativeResult=1 OBSERVE_NATIVE=1
===== CORE MARKER ANOMALY / DISCOVERY =====
ElapsedMs: 28367.435
Actor: Troll
Action: 5
Family: QUICK
AniPhase: 1
StatePosition: 1
CurrentMovementAni: Troll_Stand_Fist_Fist_P0_QuickAttackL_Hit_N_Fwd_00_%_00_P0_100.xmot
MarkerName: G3AB_COL_FIST
MarkerOpcode: FIST
Result: UNSUPPORTED_MISSING_SOURCE
C1GenerationValid: 1
C1Generation: 4
RequiredSourceMask: 0
MissingSourceMask: 0
RightSourceSlot: RIGHT
RightSourceName: TrollFist
RightSourceUseType: 55
RightSourceCollisionGroup: 5
LeftSourceSlot: LEFT
LeftSourceName: TrollFist
LeftSourceUseType: 55
LeftSourceCollisionGroup: 5
Raw8FistSourceName: <none>
Raw8FistSourceUseType: -1
Raw8FistSourceCollisionGroup: -1
===========================================

CORE COLLISION_GROUP ElapsedMs=28367.470 Source=TrollFist UseType=55 Owner=Troll Slot=RIGHT Requested=7 Before=5 After=7 MarkerBitsRetired=0
CORE C1 OFFENSE REQUEST ElapsedMs=28367.495 Actor=Troll Generation=4 Status=PERSISTED Source=TrollFist Side=RIGHT Requests=1 Outstanding=1 CleanupObserved=0 Group=7
CORE RAW55_QUICK_FIST_REARM_PROBE Actor=Troll C1=4 Action=5 StatePosition=1 StateTime=0.483038 Right=TrollFist RightUseType=55 GroupBefore=5 RequestedGroup=7 GroupAfter=7 EarlySuppressionProof=1 ClearTriggeredList=1 REARM_PROBE=1
CORE RAW55_QUICK_CALLBACK_BOUNDARY Actor=Troll C1=4 SameC1=1 Action=5->5 Phase=1->1 StateTime=0.483038->0.483038 StatePosition=1->1 MotionBefore=Troll_Stand_Fist_Fist_P0_QuickAttackL_Hit_N_Fwd_00_%_00_P0_100.xmot MotionAfter=Troll_Stand_Fist_Fist_P0_QuickAttackL_Hit_N_Fwd_00_%_00_P0_100.xmot Right=TrollFist RightUseType=55 RightGroup=7->7 NativeResult=1 OBSERVE_NATIVE=1
CORE RAW55_QUICK_CALLBACK_BOUNDARY Actor=Troll C1=4 SameC1=1 Action=5->5 Phase=1->1 StateTime=0.491371->0.491371 StatePosition=1->1 MotionBefore=Troll_Stand_Fist_Fist_P0_QuickAttackL_Hit_N_Fwd_00_%_00_P0_100.xmot MotionAfter=Troll_Stand_Fist_Fist_P0_QuickAttackL_Hit_N_Fwd_00_%_00_P0_100.xmot Right=TrollFist RightUseType=55 RightGroup=7->7 NativeResult=1 OBSERVE_NATIVE=1
CORE RAW55_QUICK_CALLBACK_BOUNDARY Actor=Troll C1=4 SameC1=1 Action=5->5 Phase=1->1 StateTime=0.499704->0.499704 StatePosition=1->1 MotionBefore=Troll_Stand_Fist_Fist_P0_QuickAttackL_Hit_N_Fwd_00_%_00_P0_100.xmot MotionAfter=Troll_Stand_Fist_Fist_P0_QuickAttackL_Hit_N_Fwd_00_%_00_P0_100.xmot Right=TrollFist RightUseType=55 RightGroup=7->7 NativeResult=1 OBSERVE_NATIVE=1
CORE RAW55_QUICK_CALLBACK_BOUNDARY Actor=Troll C1=4 SameC1=1 Action=5->5 Phase=1->1 StateTime=0.508038->0.508038 StatePosition=1->1 MotionBefore=Troll_Stand_Fist_Fist_P0_QuickAttackL_Hit_N_Fwd_00_%_00_P0_100.xmot MotionAfter=Troll_Stand_Fist_Fist_P0_QuickAttackL_Hit_N_Fwd_00_%_00_P0_100.xmot Right=TrollFist RightUseType=55 RightGroup=7->7 NativeResult=1 OBSERVE_NATIVE=1
CORE RAW55_QUICK_CALLBACK_BOUNDARY Actor=Troll C1=4 SameC1=1 Action=5->5 Phase=1->1 StateTime=0.517979->0.517979 StatePosition=1->1 MotionBefore=Troll_Stand_Fist_Fist_P0_QuickAttackL_Hit_N_Fwd_00_%_00_P0_100.xmot MotionAfter=Troll_Stand_Fist_Fist_P0_QuickAttackL_Hit_N_Fwd_00_%_00_P0_100.xmot Right=TrollFist RightUseType=55 RightGroup=7->7 NativeResult=1 OBSERVE_NATIVE=1
CORE RAW55_QUICK_CALLBACK_BOUNDARY Actor=Troll C1=4 SameC1=1 Action=5->5 Phase=1->1 StateTime=0.526312->0.526312 StatePosition=1->1 MotionBefore=Troll_Stand_Fist_Fist_P0_QuickAttackL_Hit_N_Fwd_00_%_00_P0_100.xmot MotionAfter=Troll_Stand_Fist_Fist_P0_QuickAttackL_Hit_N_Fwd_00_%_00_P0_100.xmot Right=TrollFist RightUseType=55 RightGroup=7->7 NativeResult=1 OBSERVE_NATIVE=1
CORE RAW55_QUICK_CALLBACK_BOUNDARY Actor=Troll C1=4 SameC1=1 Action=5->5 Phase=1->1 StateTime=0.534646->0.534646 StatePosition=1->1 MotionBefore=Troll_Stand_Fist_Fist_P0_QuickAttackL_Hit_N_Fwd_00_%_00_P0_100.xmot MotionAfter=Troll_Stand_Fist_Fist_P0_QuickAttackL_Hit_N_Fwd_00_%_00_P0_100.xmot Right=TrollFist RightUseType=55 RightGroup=7->7 NativeResult=1 OBSERVE_NATIVE=1
CORE RAW55_QUICK_CALLBACK_BOUNDARY Actor=Troll C1=4 SameC1=1 Action=5->5 Phase=1->1 StateTime=0.542979->0.542979 StatePosition=1->1 MotionBefore=Troll_Stand_Fist_Fist_P0_QuickAttackL_Hit_N_Fwd_00_%_00_P0_100.xmot MotionAfter=Troll_Stand_Fist_Fist_P0_QuickAttackL_Hit_N_Fwd_00_%_00_P0_100.xmot Right=TrollFist RightUseType=55 RightGroup=7->7 NativeResult=1 OBSERVE_NATIVE=1
CORE RAW55_QUICK_CALLBACK_BOUNDARY Actor=Troll C1=4 SameC1=1 Action=5->5 Phase=1->1 StateTime=0.551312->0.551312 StatePosition=1->1 MotionBefore=Troll_Stand_Fist_Fist_P0_QuickAttackL_Hit_N_Fwd_00_%_00_P0_100.xmot MotionAfter=Troll_Stand_Fist_Fist_P0_QuickAttackL_Hit_N_Fwd_00_%_00_P0_100.xmot Right=TrollFist RightUseType=55 RightGroup=7->7 NativeResult=1 OBSERVE_NATIVE=1
CORE RAW55_QUICK_CALLBACK_BOUNDARY Actor=Troll C1=4 SameC1=1 Action=5->5 Phase=1->1 StateTime=0.559646->0.559646 StatePosition=1->1 MotionBefore=Troll_Stand_Fist_Fist_P0_QuickAttackL_Hit_N_Fwd_00_%_00_P0_100.xmot MotionAfter=Troll_Stand_Fist_Fist_P0_QuickAttackL_Hit_N_Fwd_00_%_00_P0_100.xmot Right=TrollFist RightUseType=55 RightGroup=7->7 NativeResult=1 OBSERVE_NATIVE=1
CORE RAW55_QUICK_CALLBACK_BOUNDARY Actor=Troll C1=4 SameC1=1 Action=5->5 Phase=1->1 StateTime=0.568616->0.568616 StatePosition=1->1 MotionBefore=Troll_Stand_Fist_Fist_P0_QuickAttackL_Hit_N_Fwd_00_%_00_P0_100.xmot MotionAfter=Troll_Stand_Fist_Fist_P0_QuickAttackL_Hit_N_Fwd_00_%_00_P0_100.xmot Right=TrollFist RightUseType=55 RightGroup=7->7 NativeResult=1 OBSERVE_NATIVE=1
CORE RAW55_QUICK_CALLBACK_BOUNDARY Actor=Troll C1=4 SameC1=1 Action=5->5 Phase=1->1 StateTime=0.576950->0.576950 StatePosition=1->1 MotionBefore=Troll_Stand_Fist_Fist_P0_QuickAttackL_Hit_N_Fwd_00_%_00_P0_100.xmot MotionAfter=Troll_Stand_Fist_Fist_P0_QuickAttackL_Hit_N_Fwd_00_%_00_P0_100.xmot Right=TrollFist RightUseType=55 RightGroup=7->7 NativeResult=1 OBSERVE_NATIVE=1
CORE RAW55_QUICK_CALLBACK_BOUNDARY Actor=Troll C1=4 SameC1=1 Action=5->5 Phase=1->1 StateTime=0.585283->0.585283 StatePosition=1->1 MotionBefore=Troll_Stand_Fist_Fist_P0_QuickAttackL_Hit_N_Fwd_00_%_00_P0_100.xmot MotionAfter=Troll_Stand_Fist_Fist_P0_QuickAttackL_Hit_N_Fwd_00_%_00_P0_100.xmot Right=TrollFist RightUseType=55 RightGroup=7->7 NativeResult=1 OBSERVE_NATIVE=1
CORE RAW55_QUICK_CALLBACK_BOUNDARY Actor=Troll C1=4 SameC1=1 Action=5->5 Phase=1->1 StateTime=0.593616->0.593616 StatePosition=1->1 MotionBefore=Troll_Stand_Fist_Fist_P0_QuickAttackL_Hit_N_Fwd_00_%_00_P0_100.xmot MotionAfter=Troll_Stand_Fist_Fist_P0_QuickAttackL_Hit_N_Fwd_00_%_00_P0_100.xmot Right=TrollFist RightUseType=55 RightGroup=7->7 NativeResult=1 OBSERVE_NATIVE=1
CORE RAW55_QUICK_CALLBACK_BOUNDARY Actor=Troll C1=4 SameC1=1 Action=5->5 Phase=1->1 StateTime=0.603558->0.603558 StatePosition=1->1 MotionBefore=Troll_Stand_Fist_Fist_P0_QuickAttackL_Hit_N_Fwd_00_%_00_P0_100.xmot MotionAfter=Troll_Stand_Fist_Fist_P0_QuickAttackL_Hit_N_Fwd_00_%_00_P0_100.xmot Right=TrollFist RightUseType=55 RightGroup=7->7 NativeResult=1 OBSERVE_NATIVE=1
CORE RAW55_QUICK_CALLBACK_BOUNDARY Actor=Troll C1=4 SameC1=1 Action=5->5 Phase=1->1 StateTime=0.611891->0.611891 StatePosition=1->1 MotionBefore=Troll_Stand_Fist_Fist_P0_QuickAttackL_Hit_N_Fwd_00_%_00_P0_100.xmot MotionAfter=Troll_Stand_Fist_Fist_P0_QuickAttackL_Hit_N_Fwd_00_%_00_P0_100.xmot Right=TrollFist RightUseType=55 RightGroup=7->7 NativeResult=1 OBSERVE_NATIVE=1
CORE RAW55_QUICK_CALLBACK_BOUNDARY Actor=Troll C1=4 SameC1=1 Action=5->5 Phase=1->1 StateTime=0.620224->0.620224 StatePosition=1->1 MotionBefore=Troll_Stand_Fist_Fist_P0_QuickAttackL_Hit_N_Fwd_00_%_00_P0_100.xmot MotionAfter=Troll_Stand_Fist_Fist_P0_QuickAttackL_Hit_N_Fwd_00_%_00_P0_100.xmot Right=TrollFist RightUseType=55 RightGroup=7->7 NativeResult=1 OBSERVE_NATIVE=1
CORE RAW55_QUICK_CALLBACK_BOUNDARY Actor=Troll C1=4 SameC1=1 Action=5->5 Phase=1->1 StateTime=0.628558->0.628558 StatePosition=1->1 MotionBefore=Troll_Stand_Fist_Fist_P0_QuickAttackL_Hit_N_Fwd_00_%_00_P0_100.xmot MotionAfter=Troll_Stand_Fist_Fist_P0_QuickAttackL_Hit_N_Fwd_00_%_00_P0_100.xmot Right=TrollFist RightUseType=55 RightGroup=7->7 NativeResult=1 OBSERVE_NATIVE=1
CORE RAW55_QUICK_CALLBACK_BOUNDARY Actor=Troll C1=4 SameC1=1 Action=5->5 Phase=1->1 StateTime=0.636891->0.636891 StatePosition=1->1 MotionBefore=Troll_Stand_Fist_Fist_P0_QuickAttackL_Hit_N_Fwd_00_%_00_P0_100.xmot MotionAfter=Troll_Stand_Fist_Fist_P0_QuickAttackL_Hit_N_Fwd_00_%_00_P0_100.xmot Right=TrollFist RightUseType=55 RightGroup=7->7 NativeResult=1 OBSERVE_NATIVE=1
CORE RAW55_QUICK_CALLBACK_BOUNDARY Actor=Troll C1=4 SameC1=1 Action=5->5 Phase=1->1 StateTime=0.645876->0.645876 StatePosition=1->1 MotionBefore=Troll_Stand_Fist_Fist_P0_QuickAttackL_Hit_N_Fwd_00_%_00_P0_100.xmot MotionAfter=Troll_Stand_Fist_Fist_P0_QuickAttackL_Hit_N_Fwd_00_%_00_P0_100.xmot Right=TrollFist RightUseType=55 RightGroup=7->7 NativeResult=1 OBSERVE_NATIVE=1
CORE RAW55_QUICK_CALLBACK_BOUNDARY Actor=Troll C1=4 SameC1=1 Action=5->5 Phase=1->1 StateTime=0.654209->0.654209 StatePosition=1->1 MotionBefore=Troll_Stand_Fist_Fist_P0_QuickAttackL_Hit_N_Fwd_00_%_00_P0_100.xmot MotionAfter=Troll_Stand_Fist_Fist_P0_QuickAttackL_Hit_N_Fwd_00_%_00_P0_100.xmot Right=TrollFist RightUseType=55 RightGroup=7->7 NativeResult=1 OBSERVE_NATIVE=1
CORE RAW55_QUICK_CALLBACK_BOUNDARY Actor=Troll C1=4 SameC1=1 Action=5->5 Phase=1->1 StateTime=0.664151->0.664151 StatePosition=1->1 MotionBefore=Troll_Stand_Fist_Fist_P0_QuickAttackL_Hit_N_Fwd_00_%_00_P0_100.xmot MotionAfter=Troll_Stand_Fist_Fist_P0_QuickAttackL_Hit_N_Fwd_00_%_00_P0_100.xmot Right=TrollFist RightUseType=55 RightGroup=7->7 NativeResult=1 OBSERVE_NATIVE=1
CORE RAW55_QUICK_CALLBACK_BOUNDARY Actor=Troll C1=4 SameC1=1 Action=5->5 Phase=1->1 StateTime=0.672484->0.672484 StatePosition=1->1 MotionBefore=Troll_Stand_Fist_Fist_P0_QuickAttackL_Hit_N_Fwd_00_%_00_P0_100.xmot MotionAfter=Troll_Stand_Fist_Fist_P0_QuickAttackL_Hit_N_Fwd_00_%_00_P0_100.xmot Right=TrollFist RightUseType=55 RightGroup=7->7 NativeResult=1 OBSERVE_NATIVE=1
CORE RAW55_QUICK_CALLBACK_BOUNDARY Actor=Troll C1=4 SameC1=1 Action=5->5 Phase=1->1 StateTime=0.681455->0.681455 StatePosition=1->1 MotionBefore=Troll_Stand_Fist_Fist_P0_QuickAttackL_Hit_N_Fwd_00_%_00_P0_100.xmot MotionAfter=Troll_Stand_Fist_Fist_P0_QuickAttackL_Hit_N_Fwd_00_%_00_P0_100.xmot Right=TrollFist RightUseType=55 RightGroup=7->7 NativeResult=1 OBSERVE_NATIVE=1
CORE RAW55_QUICK_CALLBACK_BOUNDARY Actor=Troll C1=4 SameC1=1 Action=5->5 Phase=1->1 StateTime=0.689788->0.689788 StatePosition=1->1 MotionBefore=Troll_Stand_Fist_Fist_P0_QuickAttackL_Hit_N_Fwd_00_%_00_P0_100.xmot MotionAfter=Troll_Stand_Fist_Fist_P0_QuickAttackL_Hit_N_Fwd_00_%_00_P0_100.xmot Right=TrollFist RightUseType=55 RightGroup=7->7 NativeResult=1 OBSERVE_NATIVE=1
CORE RAW55_QUICK_CALLBACK_BOUNDARY Actor=Troll C1=4 SameC1=1 Action=5->5 Phase=1->1 StateTime=0.699730->0.699730 StatePosition=1->1 MotionBefore=Troll_Stand_Fist_Fist_P0_QuickAttackL_Hit_N_Fwd_00_%_00_P0_100.xmot MotionAfter=Troll_Stand_Fist_Fist_P0_QuickAttackL_Hit_N_Fwd_00_%_00_P0_100.xmot Right=TrollFist RightUseType=55 RightGroup=7->7 NativeResult=1 OBSERVE_NATIVE=1
CORE RAW55_QUICK_CALLBACK_BOUNDARY Actor=Troll C1=4 SameC1=1 Action=5->5 Phase=1->1 StateTime=0.708063->0.708063 StatePosition=1->1 MotionBefore=Troll_Stand_Fist_Fist_P0_QuickAttackL_Hit_N_Fwd_00_%_00_P0_100.xmot MotionAfter=Troll_Stand_Fist_Fist_P0_QuickAttackL_Hit_N_Fwd_00_%_00_P0_100.xmot Right=TrollFist RightUseType=55 RightGroup=7->7 NativeResult=1 OBSERVE_NATIVE=1
CORE RAW55_QUICK_CALLBACK_BOUNDARY Actor=Troll C1=4 SameC1=1 Action=5->5 Phase=1->1 StateTime=0.717034->0.717034 StatePosition=1->1 MotionBefore=Troll_Stand_Fist_Fist_P0_QuickAttackL_Hit_N_Fwd_00_%_00_P0_100.xmot MotionAfter=Troll_Stand_Fist_Fist_P0_QuickAttackL_Hit_N_Fwd_00_%_00_P0_100.xmot Right=TrollFist RightUseType=55 RightGroup=7->7 NativeResult=1 OBSERVE_NATIVE=1
CORE RAW55_QUICK_CALLBACK_BOUNDARY Actor=Troll C1=4 SameC1=1 Action=5->5 Phase=1->1 StateTime=0.725367->0.725367 StatePosition=1->1 MotionBefore=Troll_Stand_Fist_Fist_P0_QuickAttackL_Hit_N_Fwd_00_%_00_P0_100.xmot MotionAfter=Troll_Stand_Fist_Fist_P0_QuickAttackL_Hit_N_Fwd_00_%_00_P0_100.xmot Right=TrollFist RightUseType=55 RightGroup=7->7 NativeResult=1 OBSERVE_NATIVE=1
CORE RAW55_QUICK_CALLBACK_BOUNDARY Actor=Troll C1=4 SameC1=1 Action=5->5 Phase=1->1 StateTime=0.733701->0.733701 StatePosition=1->1 MotionBefore=Troll_Stand_Fist_Fist_P0_QuickAttackL_Hit_N_Fwd_00_%_00_P0_100.xmot MotionAfter=Troll_Stand_Fist_Fist_P0_QuickAttackL_Hit_N_Fwd_00_%_00_P0_100.xmot Right=TrollFist RightUseType=55 RightGroup=7->7 NativeResult=1 OBSERVE_NATIVE=1
CORE RAW55_QUICK_CALLBACK_BOUNDARY Actor=Troll C1=4 SameC1=1 Action=5->5 Phase=1->1 StateTime=0.743642->0.743642 StatePosition=1->1 MotionBefore=Troll_Stand_Fist_Fist_P0_QuickAttackL_Hit_N_Fwd_00_%_00_P0_100.xmot MotionAfter=Troll_Stand_Fist_Fist_P0_QuickAttackL_Hit_N_Fwd_00_%_00_P0_100.xmot Right=TrollFist RightUseType=55 RightGroup=7->7 NativeResult=1 OBSERVE_NATIVE=1
CORE RAW55_QUICK_CALLBACK_BOUNDARY Actor=Troll C1=4 SameC1=1 Action=5->5 Phase=1->1 StateTime=0.751975->0.751975 StatePosition=1->1 MotionBefore=Troll_Stand_Fist_Fist_P0_QuickAttackL_Hit_N_Fwd_00_%_00_P0_100.xmot MotionAfter=Troll_Stand_Fist_Fist_P0_QuickAttackL_Hit_N_Fwd_00_%_00_P0_100.xmot Right=TrollFist RightUseType=55 RightGroup=7->7 NativeResult=1 OBSERVE_NATIVE=1
CORE RAW55_QUICK_CALLBACK_BOUNDARY Actor=Troll C1=4 SameC1=1 Action=5->5 Phase=1->1 StateTime=0.760946->0.760946 StatePosition=1->1 MotionBefore=Troll_Stand_Fist_Fist_P0_QuickAttackL_Hit_N_Fwd_00_%_00_P0_100.xmot MotionAfter=Troll_Stand_Fist_Fist_P0_QuickAttackL_Hit_N_Fwd_00_%_00_P0_100.xmot Right=TrollFist RightUseType=55 RightGroup=7->7 NativeResult=1 OBSERVE_NATIVE=1
CORE RAW55_QUICK_CALLBACK_BOUNDARY Actor=Troll C1=4 SameC1=1 Action=5->5 Phase=1->1 StateTime=0.769280->0.769280 StatePosition=1->1 MotionBefore=Troll_Stand_Fist_Fist_P0_QuickAttackL_Hit_N_Fwd_00_%_00_P0_100.xmot MotionAfter=Troll_Stand_Fist_Fist_P0_QuickAttackL_Hit_N_Fwd_00_%_00_P0_100.xmot Right=TrollFist RightUseType=55 RightGroup=7->7 NativeResult=1 OBSERVE_NATIVE=1
CORE RAW55_QUICK_CALLBACK_BOUNDARY Actor=Troll C1=4 SameC1=1 Action=5->5 Phase=1->1 StateTime=0.779221->0.779221 StatePosition=1->1 MotionBefore=Troll_Stand_Fist_Fist_P0_QuickAttackL_Hit_N_Fwd_00_%_00_P0_100.xmot MotionAfter=Troll_Stand_Fist_Fist_P0_QuickAttackL_Hit_N_Fwd_00_%_00_P0_100.xmot Right=TrollFist RightUseType=55 RightGroup=7->7 NativeResult=1 OBSERVE_NATIVE=1
CORE RAW55_QUICK_CALLBACK_BOUNDARY Actor=Troll C1=4 SameC1=1 Action=5->5 Phase=1->1 StateTime=0.787555->0.787555 StatePosition=1->1 MotionBefore=Troll_Stand_Fist_Fist_P0_QuickAttackL_Hit_N_Fwd_00_%_00_P0_100.xmot MotionAfter=Troll_Stand_Fist_Fist_P0_QuickAttackL_Hit_N_Fwd_00_%_00_P0_100.xmot Right=TrollFist RightUseType=55 RightGroup=7->7 NativeResult=1 OBSERVE_NATIVE=1
CORE RAW55_QUICK_CALLBACK_BOUNDARY Actor=Troll C1=4 SameC1=1 Action=5->5 Phase=1->1 StateTime=0.796511->0.796511 StatePosition=1->1 MotionBefore=Troll_Stand_Fist_Fist_P0_QuickAttackL_Hit_N_Fwd_00_%_00_P0_100.xmot MotionAfter=Troll_Stand_Fist_Fist_P0_QuickAttackL_Hit_N_Fwd_00_%_00_P0_100.xmot Right=TrollFist RightUseType=55 RightGroup=7->7 NativeResult=1 OBSERVE_NATIVE=1
CORE COLLISION_GROUP ElapsedMs=28666.865 Source=TrollFist UseType=55 Owner=Troll Slot=RIGHT Requested=5 Before=7 After=5 MarkerBitsRetired=0
CORE C1 CLEANUP FULFILLED ElapsedMs=28666.894 Actor=Troll Generation=4 Status=PERSISTED Source=TrollFist Side=RIGHT Requests=1 Outstanding=0 CleanupObserved=1 Group=5
CORE C1_FINAL ElapsedMs=28761.358 Actor=Troll Generation=4 Status=PERSISTED SourceCount=2 PhysicalChanged=0 Source[0]=TrollFist Side=RIGHT Outstanding=0 Cleanup=1 Outcome=NO_OP_NO_OUTSTANDING Source[1]=TrollFist Side=LEFT Outstanding=0 Cleanup=0 Outcome=NO_OP_NO_OUTSTANDING
CORE C1_START ElapsedMs=29989.933 Actor=Troll Generation=5 Status=CANDIDATE Outstanding=0 TrackedSources=2 ReplacedGeneration=0 ReplacedOutstanding=0 Source[0]=TrollFist Side=RIGHT Group=5 Source[1]=TrollFist Side=LEFT Group=5
CORE C1_BIND ElapsedMs=29989.946 Event=COMBAT_MOVE_CANDIDATE_BOUND Actor=Troll Generation=5 Status=CANDIDATE Outstanding=0 Source=<null> Script=_AI_Attack
CORE C1_STATUS ElapsedMs=29990.299 Event=PERSISTED Actor=Troll Generation=5 Status=PERSISTED Outstanding=0
CORE ATTACK_OWNERSHIP ElapsedMs=29990.321 Actor=Troll Family=NORMAL Action=1 Phase=1 Motion=Troll_Stand_Fist_Fist_P0_Attack_Hit_N_Fwd_00_%_00_P0_100.xmot MarkerPresent=1 RequiredMask=0 FistMarkers=1 Raw8Fist=<none> Raw8UseType=-1 SuppressNative=0 Classification=CONTRADICTION
===== CORE ATTACK OWNERSHIP ANOMALY =====
MatchingMotionFound: 1
MarkerScanValid: 1
RequiredSourcesAvailable: 1
RightSourceSlot: RIGHT
RightSourceName: TrollFist
RightSourceUseType: 55
RightSourceCollisionGroup: 5
LeftSourceSlot: LEFT
LeftSourceName: TrollFist
LeftSourceUseType: 55
LeftSourceCollisionGroup: 5
Raw8FistSourceName: <none>
Raw8FistSourceUseType: -1
Raw8FistSourceCollisionGroup: -1
=========================================

CORE RAW55_CALLBACK_SUPPRESSION_PROBE Actor=Troll Family=NORMAL Action=1 Motion=Troll_Stand_Fist_Fist_P0_Attack_Hit_N_Fwd_00_%_00_P0_100.xmot C1=5 Right=TrollFist RightUseType=55 RightGroup=5 Left=TrollFist LeftUseType=55 LeftGroup=5 SUPPRESS_NATIVE=1
CORE RAW55_CALLBACK_SUPPRESSION_PROBE Actor=Troll Family=NORMAL Action=1 Motion=Troll_Stand_Fist_Fist_P0_Attack_Hit_N_Fwd_00_%_00_P0_100.xmot C1=5 Right=TrollFist RightUseType=55 RightGroup=5 Left=TrollFist LeftUseType=55 LeftGroup=5 SUPPRESS_NATIVE=1
CORE RAW55_CALLBACK_SUPPRESSION_PROBE Actor=Troll Family=NORMAL Action=1 Motion=Troll_Stand_Fist_Fist_P0_Attack_Hit_N_Fwd_00_%_00_P0_100.xmot C1=5 Right=TrollFist RightUseType=55 RightGroup=5 Left=TrollFist LeftUseType=55 LeftGroup=5 SUPPRESS_NATIVE=1
CORE RAW55_CALLBACK_SUPPRESSION_PROBE Actor=Troll Family=NORMAL Action=1 Motion=Troll_Stand_Fist_Fist_P0_Attack_Hit_N_Fwd_00_%_00_P0_100.xmot C1=5 Right=TrollFist RightUseType=55 RightGroup=5 Left=TrollFist LeftUseType=55 LeftGroup=5 SUPPRESS_NATIVE=1
CORE RAW55_CALLBACK_SUPPRESSION_PROBE Actor=Troll Family=NORMAL Action=1 Motion=Troll_Stand_Fist_Fist_P0_Attack_Hit_N_Fwd_00_%_00_P0_100.xmot C1=5 Right=TrollFist RightUseType=55 RightGroup=5 Left=TrollFist LeftUseType=55 LeftGroup=5 SUPPRESS_NATIVE=1
CORE RAW55_CALLBACK_SUPPRESSION_PROBE Actor=Troll Family=NORMAL Action=1 Motion=Troll_Stand_Fist_Fist_P0_Attack_Hit_N_Fwd_00_%_00_P0_100.xmot C1=5 Right=TrollFist RightUseType=55 RightGroup=5 Left=TrollFist LeftUseType=55 LeftGroup=5 SUPPRESS_NATIVE=1
CORE RAW55_CALLBACK_SUPPRESSION_PROBE Actor=Troll Family=NORMAL Action=1 Motion=Troll_Stand_Fist_Fist_P0_Attack_Hit_N_Fwd_00_%_00_P0_100.xmot C1=5 Right=TrollFist RightUseType=55 RightGroup=5 Left=TrollFist LeftUseType=55 LeftGroup=5 SUPPRESS_NATIVE=1
CORE RAW55_CALLBACK_SUPPRESSION_PROBE Actor=Troll Family=NORMAL Action=1 Motion=Troll_Stand_Fist_Fist_P0_Attack_Hit_N_Fwd_00_%_00_P0_100.xmot C1=5 Right=TrollFist RightUseType=55 RightGroup=5 Left=TrollFist LeftUseType=55 LeftGroup=5 SUPPRESS_NATIVE=1
CORE RAW55_CALLBACK_SUPPRESSION_PROBE Actor=Troll Family=NORMAL Action=1 Motion=Troll_Stand_Fist_Fist_P0_Attack_Hit_N_Fwd_00_%_00_P0_100.xmot C1=5 Right=TrollFist RightUseType=55 RightGroup=5 Left=TrollFist LeftUseType=55 LeftGroup=5 SUPPRESS_NATIVE=1
CORE RAW55_CALLBACK_SUPPRESSION_PROBE Actor=Troll Family=NORMAL Action=1 Motion=Troll_Stand_Fist_Fist_P0_Attack_Hit_N_Fwd_00_%_00_P0_100.xmot C1=5 Right=TrollFist RightUseType=55 RightGroup=5 Left=TrollFist LeftUseType=55 LeftGroup=5 SUPPRESS_NATIVE=1
CORE RAW55_CALLBACK_SUPPRESSION_PROBE Actor=Troll Family=NORMAL Action=1 Motion=Troll_Stand_Fist_Fist_P0_Attack_Hit_N_Fwd_00_%_00_P0_100.xmot C1=5 Right=TrollFist RightUseType=55 RightGroup=5 Left=TrollFist LeftUseType=55 LeftGroup=5 SUPPRESS_NATIVE=1
CORE RAW55_CALLBACK_SUPPRESSION_PROBE Actor=Troll Family=NORMAL Action=1 Motion=Troll_Stand_Fist_Fist_P0_Attack_Hit_N_Fwd_00_%_00_P0_100.xmot C1=5 Right=TrollFist RightUseType=55 RightGroup=5 Left=TrollFist LeftUseType=55 LeftGroup=5 SUPPRESS_NATIVE=1
CORE RAW55_CALLBACK_SUPPRESSION_PROBE Actor=Troll Family=NORMAL Action=1 Motion=Troll_Stand_Fist_Fist_P0_Attack_Hit_N_Fwd_00_%_00_P0_100.xmot C1=5 Right=TrollFist RightUseType=55 RightGroup=5 Left=TrollFist LeftUseType=55 LeftGroup=5 SUPPRESS_NATIVE=1
CORE RAW55_CALLBACK_SUPPRESSION_PROBE Actor=Troll Family=NORMAL Action=1 Motion=Troll_Stand_Fist_Fist_P0_Attack_Hit_N_Fwd_00_%_00_P0_100.xmot C1=5 Right=TrollFist RightUseType=55 RightGroup=5 Left=TrollFist LeftUseType=55 LeftGroup=5 SUPPRESS_NATIVE=1
CORE RAW55_CALLBACK_SUPPRESSION_PROBE Actor=Troll Family=NORMAL Action=1 Motion=Troll_Stand_Fist_Fist_P0_Attack_Hit_N_Fwd_00_%_00_P0_100.xmot C1=5 Right=TrollFist RightUseType=55 RightGroup=5 Left=TrollFist LeftUseType=55 LeftGroup=5 SUPPRESS_NATIVE=1
CORE RAW55_CALLBACK_SUPPRESSION_PROBE Actor=Troll Family=NORMAL Action=1 Motion=Troll_Stand_Fist_Fist_P0_Attack_Hit_N_Fwd_00_%_00_P0_100.xmot C1=5 Right=TrollFist RightUseType=55 RightGroup=5 Left=TrollFist LeftUseType=55 LeftGroup=5 SUPPRESS_NATIVE=1
CORE RAW55_CALLBACK_SUPPRESSION_PROBE Actor=Troll Family=NORMAL Action=1 Motion=Troll_Stand_Fist_Fist_P0_Attack_Hit_N_Fwd_00_%_00_P0_100.xmot C1=5 Right=TrollFist RightUseType=55 RightGroup=5 Left=TrollFist LeftUseType=55 LeftGroup=5 SUPPRESS_NATIVE=1
CORE RAW55_CALLBACK_SUPPRESSION_PROBE Actor=Troll Family=NORMAL Action=1 Motion=Troll_Stand_Fist_Fist_P0_Attack_Hit_N_Fwd_00_%_00_P0_100.xmot C1=5 Right=TrollFist RightUseType=55 RightGroup=5 Left=TrollFist LeftUseType=55 LeftGroup=5 SUPPRESS_NATIVE=1
CORE RAW55_CALLBACK_SUPPRESSION_PROBE Actor=Troll Family=NORMAL Action=1 Motion=Troll_Stand_Fist_Fist_P0_Attack_Hit_N_Fwd_00_%_00_P0_100.xmot C1=5 Right=TrollFist RightUseType=55 RightGroup=5 Left=TrollFist LeftUseType=55 LeftGroup=5 SUPPRESS_NATIVE=1
CORE RAW55_CALLBACK_SUPPRESSION_PROBE Actor=Troll Family=NORMAL Action=1 Motion=Troll_Stand_Fist_Fist_P0_Attack_Hit_N_Fwd_00_%_00_P0_100.xmot C1=5 Right=TrollFist RightUseType=55 RightGroup=5 Left=TrollFist LeftUseType=55 LeftGroup=5 SUPPRESS_NATIVE=1
CORE RAW55_CALLBACK_SUPPRESSION_PROBE Actor=Troll Family=NORMAL Action=1 Motion=Troll_Stand_Fist_Fist_P0_Attack_Hit_N_Fwd_00_%_00_P0_100.xmot C1=5 Right=TrollFist RightUseType=55 RightGroup=5 Left=TrollFist LeftUseType=55 LeftGroup=5 SUPPRESS_NATIVE=1
CORE RAW55_CALLBACK_SUPPRESSION_PROBE Actor=Troll Family=NORMAL Action=1 Motion=Troll_Stand_Fist_Fist_P0_Attack_Hit_N_Fwd_00_%_00_P0_100.xmot C1=5 Right=TrollFist RightUseType=55 RightGroup=5 Left=TrollFist LeftUseType=55 LeftGroup=5 SUPPRESS_NATIVE=1
CORE RAW55_CALLBACK_SUPPRESSION_PROBE Actor=Troll Family=NORMAL Action=1 Motion=Troll_Stand_Fist_Fist_P0_Attack_Hit_N_Fwd_00_%_00_P0_100.xmot C1=5 Right=TrollFist RightUseType=55 RightGroup=5 Left=TrollFist LeftUseType=55 LeftGroup=5 SUPPRESS_NATIVE=1
CORE RAW55_CALLBACK_SUPPRESSION_PROBE Actor=Troll Family=NORMAL Action=1 Motion=Troll_Stand_Fist_Fist_P0_Attack_Hit_N_Fwd_00_%_00_P0_100.xmot C1=5 Right=TrollFist RightUseType=55 RightGroup=5 Left=TrollFist LeftUseType=55 LeftGroup=5 SUPPRESS_NATIVE=1
CORE RAW55_CALLBACK_SUPPRESSION_PROBE Actor=Troll Family=NORMAL Action=1 Motion=Troll_Stand_Fist_Fist_P0_Attack_Hit_N_Fwd_00_%_00_P0_100.xmot C1=5 Right=TrollFist RightUseType=55 RightGroup=5 Left=TrollFist LeftUseType=55 LeftGroup=5 SUPPRESS_NATIVE=1
CORE RAW55_CALLBACK_SUPPRESSION_PROBE Actor=Troll Family=NORMAL Action=1 Motion=Troll_Stand_Fist_Fist_P0_Attack_Hit_N_Fwd_00_%_00_P0_100.xmot C1=5 Right=TrollFist RightUseType=55 RightGroup=5 Left=TrollFist LeftUseType=55 LeftGroup=5 SUPPRESS_NATIVE=1
CORE RAW55_CALLBACK_SUPPRESSION_PROBE Actor=Troll Family=NORMAL Action=1 Motion=Troll_Stand_Fist_Fist_P0_Attack_Hit_N_Fwd_00_%_00_P0_100.xmot C1=5 Right=TrollFist RightUseType=55 RightGroup=5 Left=TrollFist LeftUseType=55 LeftGroup=5 SUPPRESS_NATIVE=1
CORE RAW55_CALLBACK_SUPPRESSION_PROBE Actor=Troll Family=NORMAL Action=1 Motion=Troll_Stand_Fist_Fist_P0_Attack_Hit_N_Fwd_00_%_00_P0_100.xmot C1=5 Right=TrollFist RightUseType=55 RightGroup=5 Left=TrollFist LeftUseType=55 LeftGroup=5 SUPPRESS_NATIVE=1
CORE RAW55_CALLBACK_SUPPRESSION_PROBE Actor=Troll Family=NORMAL Action=1 Motion=Troll_Stand_Fist_Fist_P0_Attack_Hit_N_Fwd_00_%_00_P0_100.xmot C1=5 Right=TrollFist RightUseType=55 RightGroup=5 Left=TrollFist LeftUseType=55 LeftGroup=5 SUPPRESS_NATIVE=1
CORE RAW55_CALLBACK_SUPPRESSION_PROBE Actor=Troll Family=NORMAL Action=1 Motion=Troll_Stand_Fist_Fist_P0_Attack_Hit_N_Fwd_00_%_00_P0_100.xmot C1=5 Right=TrollFist RightUseType=55 RightGroup=5 Left=TrollFist LeftUseType=55 LeftGroup=5 SUPPRESS_NATIVE=1
CORE RAW55_CALLBACK_SUPPRESSION_PROBE Actor=Troll Family=NORMAL Action=1 Motion=Troll_Stand_Fist_Fist_P0_Attack_Hit_N_Fwd_00_%_00_P0_100.xmot C1=5 Right=TrollFist RightUseType=55 RightGroup=5 Left=TrollFist LeftUseType=55 LeftGroup=5 SUPPRESS_NATIVE=1
CORE RAW55_CALLBACK_SUPPRESSION_PROBE Actor=Troll Family=NORMAL Action=1 Motion=Troll_Stand_Fist_Fist_P0_Attack_Hit_N_Fwd_00_%_00_P0_100.xmot C1=5 Right=TrollFist RightUseType=55 RightGroup=5 Left=TrollFist LeftUseType=55 LeftGroup=5 SUPPRESS_NATIVE=1
CORE RAW55_CALLBACK_SUPPRESSION_PROBE Actor=Troll Family=NORMAL Action=1 Motion=Troll_Stand_Fist_Fist_P0_Attack_Hit_N_Fwd_00_%_00_P0_100.xmot C1=5 Right=TrollFist RightUseType=55 RightGroup=5 Left=TrollFist LeftUseType=55 LeftGroup=5 SUPPRESS_NATIVE=1
CORE RAW55_CALLBACK_SUPPRESSION_PROBE Actor=Troll Family=NORMAL Action=1 Motion=Troll_Stand_Fist_Fist_P0_Attack_Hit_N_Fwd_00_%_00_P0_100.xmot C1=5 Right=TrollFist RightUseType=55 RightGroup=5 Left=TrollFist LeftUseType=55 LeftGroup=5 SUPPRESS_NATIVE=1
CORE RAW55_CALLBACK_SUPPRESSION_PROBE Actor=Troll Family=NORMAL Action=1 Motion=Troll_Stand_Fist_Fist_P0_Attack_Hit_N_Fwd_00_%_00_P0_100.xmot C1=5 Right=TrollFist RightUseType=55 RightGroup=5 Left=TrollFist LeftUseType=55 LeftGroup=5 SUPPRESS_NATIVE=1
CORE RAW55_CALLBACK_SUPPRESSION_PROBE Actor=Troll Family=NORMAL Action=1 Motion=Troll_Stand_Fist_Fist_P0_Attack_Hit_N_Fwd_00_%_00_P0_100.xmot C1=5 Right=TrollFist RightUseType=55 RightGroup=5 Left=TrollFist LeftUseType=55 LeftGroup=5 SUPPRESS_NATIVE=1
CORE RAW55_CALLBACK_SUPPRESSION_PROBE Actor=Troll Family=NORMAL Action=1 Motion=Troll_Stand_Fist_Fist_P0_Attack_Hit_N_Fwd_00_%_00_P0_100.xmot C1=5 Right=TrollFist RightUseType=55 RightGroup=5 Left=TrollFist LeftUseType=55 LeftGroup=5 SUPPRESS_NATIVE=1
CORE RAW55_CALLBACK_SUPPRESSION_PROBE Actor=Troll Family=NORMAL Action=1 Motion=Troll_Stand_Fist_Fist_P0_Attack_Hit_N_Fwd_00_%_00_P0_100.xmot C1=5 Right=TrollFist RightUseType=55 RightGroup=5 Left=TrollFist LeftUseType=55 LeftGroup=5 SUPPRESS_NATIVE=1
CORE RAW55_CALLBACK_SUPPRESSION_PROBE Actor=Troll Family=NORMAL Action=1 Motion=Troll_Stand_Fist_Fist_P0_Attack_Hit_N_Fwd_00_%_00_P0_100.xmot C1=5 Right=TrollFist RightUseType=55 RightGroup=5 Left=TrollFist LeftUseType=55 LeftGroup=5 SUPPRESS_NATIVE=1
CORE RAW55_CALLBACK_SUPPRESSION_PROBE Actor=Troll Family=NORMAL Action=1 Motion=Troll_Stand_Fist_Fist_P0_Attack_Hit_N_Fwd_00_%_00_P0_100.xmot C1=5 Right=TrollFist RightUseType=55 RightGroup=5 Left=TrollFist LeftUseType=55 LeftGroup=5 SUPPRESS_NATIVE=1
CORE RAW55_CALLBACK_SUPPRESSION_PROBE Actor=Troll Family=NORMAL Action=1 Motion=Troll_Stand_Fist_Fist_P0_Attack_Hit_N_Fwd_00_%_00_P0_100.xmot C1=5 Right=TrollFist RightUseType=55 RightGroup=5 Left=TrollFist LeftUseType=55 LeftGroup=5 SUPPRESS_NATIVE=1
CORE RAW55_CALLBACK_SUPPRESSION_PROBE Actor=Troll Family=NORMAL Action=1 Motion=Troll_Stand_Fist_Fist_P0_Attack_Hit_N_Fwd_00_%_00_P0_100.xmot C1=5 Right=TrollFist RightUseType=55 RightGroup=5 Left=TrollFist LeftUseType=55 LeftGroup=5 SUPPRESS_NATIVE=1
CORE RAW55_CALLBACK_SUPPRESSION_PROBE Actor=Troll Family=NORMAL Action=1 Motion=Troll_Stand_Fist_Fist_P0_Attack_Hit_N_Fwd_00_%_00_P0_100.xmot C1=5 Right=TrollFist RightUseType=55 RightGroup=5 Left=TrollFist LeftUseType=55 LeftGroup=5 SUPPRESS_NATIVE=1
CORE RAW55_CALLBACK_SUPPRESSION_PROBE Actor=Troll Family=NORMAL Action=1 Motion=Troll_Stand_Fist_Fist_P0_Attack_Hit_N_Fwd_00_%_00_P0_100.xmot C1=5 Right=TrollFist RightUseType=55 RightGroup=5 Left=TrollFist LeftUseType=55 LeftGroup=5 SUPPRESS_NATIVE=1
CORE RAW55_CALLBACK_SUPPRESSION_PROBE Actor=Troll Family=NORMAL Action=1 Motion=Troll_Stand_Fist_Fist_P0_Attack_Hit_N_Fwd_00_%_00_P0_100.xmot C1=5 Right=TrollFist RightUseType=55 RightGroup=5 Left=TrollFist LeftUseType=55 LeftGroup=5 SUPPRESS_NATIVE=1
CORE RAW55_CALLBACK_SUPPRESSION_PROBE Actor=Troll Family=NORMAL Action=1 Motion=Troll_Stand_Fist_Fist_P0_Attack_Hit_N_Fwd_00_%_00_P0_100.xmot C1=5 Right=TrollFist RightUseType=55 RightGroup=5 Left=TrollFist LeftUseType=55 LeftGroup=5 SUPPRESS_NATIVE=1
CORE RAW55_CALLBACK_SUPPRESSION_PROBE Actor=Troll Family=NORMAL Action=1 Motion=Troll_Stand_Fist_Fist_P0_Attack_Hit_N_Fwd_00_%_00_P0_100.xmot C1=5 Right=TrollFist RightUseType=55 RightGroup=5 Left=TrollFist LeftUseType=55 LeftGroup=5 SUPPRESS_NATIVE=1
CORE RAW55_CALLBACK_SUPPRESSION_PROBE Actor=Troll Family=NORMAL Action=1 Motion=Troll_Stand_Fist_Fist_P0_Attack_Hit_N_Fwd_00_%_00_P0_100.xmot C1=5 Right=TrollFist RightUseType=55 RightGroup=5 Left=TrollFist LeftUseType=55 LeftGroup=5 SUPPRESS_NATIVE=1
CORE RAW55_CALLBACK_SUPPRESSION_PROBE Actor=Troll Family=NORMAL Action=1 Motion=Troll_Stand_Fist_Fist_P0_Attack_Hit_N_Fwd_00_%_00_P0_100.xmot C1=5 Right=TrollFist RightUseType=55 RightGroup=5 Left=TrollFist LeftUseType=55 LeftGroup=5 SUPPRESS_NATIVE=1
CORE RAW55_CALLBACK_SUPPRESSION_PROBE Actor=Troll Family=NORMAL Action=1 Motion=Troll_Stand_Fist_Fist_P0_Attack_Hit_N_Fwd_00_%_00_P0_100.xmot C1=5 Right=TrollFist RightUseType=55 RightGroup=5 Left=TrollFist LeftUseType=55 LeftGroup=5 SUPPRESS_NATIVE=1
CORE RAW55_CALLBACK_SUPPRESSION_PROBE Actor=Troll Family=NORMAL Action=1 Motion=Troll_Stand_Fist_Fist_P0_Attack_Hit_N_Fwd_00_%_00_P0_100.xmot C1=5 Right=TrollFist RightUseType=55 RightGroup=5 Left=TrollFist LeftUseType=55 LeftGroup=5 SUPPRESS_NATIVE=1
CORE RAW55_CALLBACK_SUPPRESSION_PROBE Actor=Troll Family=NORMAL Action=1 Motion=Troll_Stand_Fist_Fist_P0_Attack_Hit_N_Fwd_00_%_00_P0_100.xmot C1=5 Right=TrollFist RightUseType=55 RightGroup=5 Left=TrollFist LeftUseType=55 LeftGroup=5 SUPPRESS_NATIVE=1
CORE RAW55_CALLBACK_SUPPRESSION_PROBE Actor=Troll Family=NORMAL Action=1 Motion=Troll_Stand_Fist_Fist_P0_Attack_Hit_N_Fwd_00_%_00_P0_100.xmot C1=5 Right=TrollFist RightUseType=55 RightGroup=5 Left=TrollFist LeftUseType=55 LeftGroup=5 SUPPRESS_NATIVE=1
CORE RAW55_CALLBACK_SUPPRESSION_PROBE Actor=Troll Family=NORMAL Action=1 Motion=Troll_Stand_Fist_Fist_P0_Attack_Hit_N_Fwd_00_%_00_P0_100.xmot C1=5 Right=TrollFist RightUseType=55 RightGroup=5 Left=TrollFist LeftUseType=55 LeftGroup=5 SUPPRESS_NATIVE=1
CORE RAW55_CALLBACK_SUPPRESSION_PROBE Actor=Troll Family=NORMAL Action=1 Motion=Troll_Stand_Fist_Fist_P0_Attack_Hit_N_Fwd_00_%_00_P0_100.xmot C1=5 Right=TrollFist RightUseType=55 RightGroup=5 Left=TrollFist LeftUseType=55 LeftGroup=5 SUPPRESS_NATIVE=1
CORE RAW55_CALLBACK_SUPPRESSION_PROBE Actor=Troll Family=NORMAL Action=1 Motion=Troll_Stand_Fist_Fist_P0_Attack_Hit_N_Fwd_00_%_00_P0_100.xmot C1=5 Right=TrollFist RightUseType=55 RightGroup=5 Left=TrollFist LeftUseType=55 LeftGroup=5 SUPPRESS_NATIVE=1
CORE RAW55_CALLBACK_SUPPRESSION_PROBE Actor=Troll Family=NORMAL Action=1 Motion=Troll_Stand_Fist_Fist_P0_Attack_Hit_N_Fwd_00_%_00_P0_100.xmot C1=5 Right=TrollFist RightUseType=55 RightGroup=5 Left=TrollFist LeftUseType=55 LeftGroup=5 SUPPRESS_NATIVE=1
CORE RAW55_CALLBACK_SUPPRESSION_PROBE Actor=Troll Family=NORMAL Action=1 Motion=Troll_Stand_Fist_Fist_P0_Attack_Hit_N_Fwd_00_%_00_P0_100.xmot C1=5 Right=TrollFist RightUseType=55 RightGroup=5 Left=TrollFist LeftUseType=55 LeftGroup=5 SUPPRESS_NATIVE=1
CORE RAW55_CALLBACK_SUPPRESSION_PROBE Actor=Troll Family=NORMAL Action=1 Motion=Troll_Stand_Fist_Fist_P0_Attack_Hit_N_Fwd_00_%_00_P0_100.xmot C1=5 Right=TrollFist RightUseType=55 RightGroup=5 Left=TrollFist LeftUseType=55 LeftGroup=5 SUPPRESS_NATIVE=1
CORE RAW55_CALLBACK_SUPPRESSION_PROBE Actor=Troll Family=NORMAL Action=1 Motion=Troll_Stand_Fist_Fist_P0_Attack_Hit_N_Fwd_00_%_00_P0_100.xmot C1=5 Right=TrollFist RightUseType=55 RightGroup=5 Left=TrollFist LeftUseType=55 LeftGroup=5 SUPPRESS_NATIVE=1
CORE RAW55_CALLBACK_SUPPRESSION_PROBE Actor=Troll Family=NORMAL Action=1 Motion=Troll_Stand_Fist_Fist_P0_Attack_Hit_N_Fwd_00_%_00_P0_100.xmot C1=5 Right=TrollFist RightUseType=55 RightGroup=5 Left=TrollFist LeftUseType=55 LeftGroup=5 SUPPRESS_NATIVE=1
CORE RAW55_CALLBACK_SUPPRESSION_PROBE Actor=Troll Family=NORMAL Action=1 Motion=Troll_Stand_Fist_Fist_P0_Attack_Hit_N_Fwd_00_%_00_P0_100.xmot C1=5 Right=TrollFist RightUseType=55 RightGroup=5 Left=TrollFist LeftUseType=55 LeftGroup=5 SUPPRESS_NATIVE=1
CORE RAW55_CALLBACK_SUPPRESSION_PROBE Actor=Troll Family=NORMAL Action=1 Motion=Troll_Stand_Fist_Fist_P0_Attack_Hit_N_Fwd_00_%_00_P0_100.xmot C1=5 Right=TrollFist RightUseType=55 RightGroup=5 Left=TrollFist LeftUseType=55 LeftGroup=5 SUPPRESS_NATIVE=1
CORE RAW55_CALLBACK_SUPPRESSION_PROBE Actor=Troll Family=NORMAL Action=1 Motion=Troll_Stand_Fist_Fist_P0_Attack_Hit_N_Fwd_00_%_00_P0_100.xmot C1=5 Right=TrollFist RightUseType=55 RightGroup=5 Left=TrollFist LeftUseType=55 LeftGroup=5 SUPPRESS_NATIVE=1
CORE RAW55_CALLBACK_SUPPRESSION_PROBE Actor=Troll Family=NORMAL Action=1 Motion=Troll_Stand_Fist_Fist_P0_Attack_Hit_N_Fwd_00_%_00_P0_100.xmot C1=5 Right=TrollFist RightUseType=55 RightGroup=5 Left=TrollFist LeftUseType=55 LeftGroup=5 SUPPRESS_NATIVE=1
CORE RAW55_CALLBACK_SUPPRESSION_PROBE Actor=Troll Family=NORMAL Action=1 Motion=Troll_Stand_Fist_Fist_P0_Attack_Hit_N_Fwd_00_%_00_P0_100.xmot C1=5 Right=TrollFist RightUseType=55 RightGroup=5 Left=TrollFist LeftUseType=55 LeftGroup=5 SUPPRESS_NATIVE=1
CORE RAW55_CALLBACK_SUPPRESSION_PROBE Actor=Troll Family=NORMAL Action=1 Motion=Troll_Stand_Fist_Fist_P0_Attack_Hit_N_Fwd_00_%_00_P0_100.xmot C1=5 Right=TrollFist RightUseType=55 RightGroup=5 Left=TrollFist LeftUseType=55 LeftGroup=5 SUPPRESS_NATIVE=1
CORE RAW55_CALLBACK_SUPPRESSION_PROBE Actor=Troll Family=NORMAL Action=1 Motion=Troll_Stand_Fist_Fist_P0_Attack_Hit_N_Fwd_00_%_00_P0_100.xmot C1=5 Right=TrollFist RightUseType=55 RightGroup=5 Left=TrollFist LeftUseType=55 LeftGroup=5 SUPPRESS_NATIVE=1
CORE RAW55_CALLBACK_SUPPRESSION_PROBE Actor=Troll Family=NORMAL Action=1 Motion=Troll_Stand_Fist_Fist_P0_Attack_Hit_N_Fwd_00_%_00_P0_100.xmot C1=5 Right=TrollFist RightUseType=55 RightGroup=5 Left=TrollFist LeftUseType=55 LeftGroup=5 SUPPRESS_NATIVE=1
CORE RAW55_CALLBACK_SUPPRESSION_PROBE Actor=Troll Family=NORMAL Action=1 Motion=Troll_Stand_Fist_Fist_P0_Attack_Hit_N_Fwd_00_%_00_P0_100.xmot C1=5 Right=TrollFist RightUseType=55 RightGroup=5 Left=TrollFist LeftUseType=55 LeftGroup=5 SUPPRESS_NATIVE=1
CORE RAW55_CALLBACK_SUPPRESSION_PROBE Actor=Troll Family=NORMAL Action=1 Motion=Troll_Stand_Fist_Fist_P0_Attack_Hit_N_Fwd_00_%_00_P0_100.xmot C1=5 Right=TrollFist RightUseType=55 RightGroup=5 Left=TrollFist LeftUseType=55 LeftGroup=5 SUPPRESS_NATIVE=1
CORE RAW55_CALLBACK_SUPPRESSION_PROBE Actor=Troll Family=NORMAL Action=1 Motion=Troll_Stand_Fist_Fist_P0_Attack_Hit_N_Fwd_00_%_00_P0_100.xmot C1=5 Right=TrollFist RightUseType=55 RightGroup=5 Left=TrollFist LeftUseType=55 LeftGroup=5 SUPPRESS_NATIVE=1
CORE RAW55_CALLBACK_SUPPRESSION_PROBE Actor=Troll Family=NORMAL Action=1 Motion=Troll_Stand_Fist_Fist_P0_Attack_Hit_N_Fwd_00_%_00_P0_100.xmot C1=5 Right=TrollFist RightUseType=55 RightGroup=5 Left=TrollFist LeftUseType=55 LeftGroup=5 SUPPRESS_NATIVE=1
CORE RAW55_CALLBACK_SUPPRESSION_PROBE Actor=Troll Family=NORMAL Action=1 Motion=Troll_Stand_Fist_Fist_P0_Attack_Hit_N_Fwd_00_%_00_P0_100.xmot C1=5 Right=TrollFist RightUseType=55 RightGroup=5 Left=TrollFist LeftUseType=55 LeftGroup=5 SUPPRESS_NATIVE=1
CORE RAW55_CALLBACK_SUPPRESSION_PROBE Actor=Troll Family=NORMAL Action=1 Motion=Troll_Stand_Fist_Fist_P0_Attack_Hit_N_Fwd_00_%_00_P0_100.xmot C1=5 Right=TrollFist RightUseType=55 RightGroup=5 Left=TrollFist LeftUseType=55 LeftGroup=5 SUPPRESS_NATIVE=1
CORE RAW55_CALLBACK_SUPPRESSION_PROBE Actor=Troll Family=NORMAL Action=1 Motion=Troll_Stand_Fist_Fist_P0_Attack_Hit_N_Fwd_00_%_00_P0_100.xmot C1=5 Right=TrollFist RightUseType=55 RightGroup=5 Left=TrollFist LeftUseType=55 LeftGroup=5 SUPPRESS_NATIVE=1
CORE RAW55_CALLBACK_SUPPRESSION_PROBE Actor=Troll Family=NORMAL Action=1 Motion=Troll_Stand_Fist_Fist_P0_Attack_Hit_N_Fwd_00_%_00_P0_100.xmot C1=5 Right=TrollFist RightUseType=55 RightGroup=5 Left=TrollFist LeftUseType=55 LeftGroup=5 SUPPRESS_NATIVE=1
CORE RAW55_CALLBACK_SUPPRESSION_PROBE Actor=Troll Family=NORMAL Action=1 Motion=Troll_Stand_Fist_Fist_P0_Attack_Hit_N_Fwd_00_%_00_P0_100.xmot C1=5 Right=TrollFist RightUseType=55 RightGroup=5 Left=TrollFist LeftUseType=55 LeftGroup=5 SUPPRESS_NATIVE=1
CORE RAW55_CALLBACK_SUPPRESSION_PROBE Actor=Troll Family=NORMAL Action=1 Motion=Troll_Stand_Fist_Fist_P0_Attack_Hit_N_Fwd_00_%_00_P0_100.xmot C1=5 Right=TrollFist RightUseType=55 RightGroup=5 Left=TrollFist LeftUseType=55 LeftGroup=5 SUPPRESS_NATIVE=1
CORE RAW55_CALLBACK_SUPPRESSION_PROBE Actor=Troll Family=NORMAL Action=1 Motion=Troll_Stand_Fist_Fist_P0_Attack_Hit_N_Fwd_00_%_00_P0_100.xmot C1=5 Right=TrollFist RightUseType=55 RightGroup=5 Left=TrollFist LeftUseType=55 LeftGroup=5 SUPPRESS_NATIVE=1
CORE RAW55_CALLBACK_SUPPRESSION_PROBE Actor=Troll Family=NORMAL Action=1 Motion=Troll_Stand_Fist_Fist_P0_Attack_Hit_N_Fwd_00_%_00_P0_100.xmot C1=5 Right=TrollFist RightUseType=55 RightGroup=5 Left=TrollFist LeftUseType=55 LeftGroup=5 SUPPRESS_NATIVE=1
CORE RAW55_CALLBACK_SUPPRESSION_PROBE Actor=Troll Family=NORMAL Action=1 Motion=Troll_Stand_Fist_Fist_P0_Attack_Hit_N_Fwd_00_%_00_P0_100.xmot C1=5 Right=TrollFist RightUseType=55 RightGroup=5 Left=TrollFist LeftUseType=55 LeftGroup=5 SUPPRESS_NATIVE=1
CORE RAW55_CALLBACK_SUPPRESSION_PROBE Actor=Troll Family=NORMAL Action=1 Motion=Troll_Stand_Fist_Fist_P0_Attack_Hit_N_Fwd_00_%_00_P0_100.xmot C1=5 Right=TrollFist RightUseType=55 RightGroup=5 Left=TrollFist LeftUseType=55 LeftGroup=5 SUPPRESS_NATIVE=1
CORE RAW55_CALLBACK_SUPPRESSION_PROBE Actor=Troll Family=NORMAL Action=1 Motion=Troll_Stand_Fist_Fist_P0_Attack_Hit_N_Fwd_00_%_00_P0_100.xmot C1=5 Right=TrollFist RightUseType=55 RightGroup=5 Left=TrollFist LeftUseType=55 LeftGroup=5 SUPPRESS_NATIVE=1
CORE RAW55_CALLBACK_SUPPRESSION_PROBE Actor=Troll Family=NORMAL Action=1 Motion=Troll_Stand_Fist_Fist_P0_Attack_Hit_N_Fwd_00_%_00_P0_100.xmot C1=5 Right=TrollFist RightUseType=55 RightGroup=5 Left=TrollFist LeftUseType=55 LeftGroup=5 SUPPRESS_NATIVE=1
CORE RAW55_CALLBACK_SUPPRESSION_PROBE Actor=Troll Family=NORMAL Action=1 Motion=Troll_Stand_Fist_Fist_P0_Attack_Hit_N_Fwd_00_%_00_P0_100.xmot C1=5 Right=TrollFist RightUseType=55 RightGroup=5 Left=TrollFist LeftUseType=55 LeftGroup=5 SUPPRESS_NATIVE=1
CORE RAW55_CALLBACK_SUPPRESSION_PROBE Actor=Troll Family=NORMAL Action=1 Motion=Troll_Stand_Fist_Fist_P0_Attack_Hit_N_Fwd_00_%_00_P0_100.xmot C1=5 Right=TrollFist RightUseType=55 RightGroup=5 Left=TrollFist LeftUseType=55 LeftGroup=5 SUPPRESS_NATIVE=1
CORE RAW55_CALLBACK_SUPPRESSION_PROBE Actor=Troll Family=NORMAL Action=1 Motion=Troll_Stand_Fist_Fist_P0_Attack_Hit_N_Fwd_00_%_00_P0_100.xmot C1=5 Right=TrollFist RightUseType=55 RightGroup=5 Left=TrollFist LeftUseType=55 LeftGroup=5 SUPPRESS_NATIVE=1
CORE RAW55_CALLBACK_SUPPRESSION_PROBE Actor=Troll Family=NORMAL Action=1 Motion=Troll_Stand_Fist_Fist_P0_Attack_Hit_N_Fwd_00_%_00_P0_100.xmot C1=5 Right=TrollFist RightUseType=55 RightGroup=5 Left=TrollFist LeftUseType=55 LeftGroup=5 SUPPRESS_NATIVE=1
CORE RAW55_CALLBACK_SUPPRESSION_PROBE Actor=Troll Family=NORMAL Action=1 Motion=Troll_Stand_Fist_Fist_P0_Attack_Hit_N_Fwd_00_%_00_P0_100.xmot C1=5 Right=TrollFist RightUseType=55 RightGroup=5 Left=TrollFist LeftUseType=55 LeftGroup=5 SUPPRESS_NATIVE=1
CORE RAW55_CALLBACK_SUPPRESSION_PROBE Actor=Troll Family=NORMAL Action=1 Motion=Troll_Stand_Fist_Fist_P0_Attack_Hit_N_Fwd_00_%_00_P0_100.xmot C1=5 Right=TrollFist RightUseType=55 RightGroup=5 Left=TrollFist LeftUseType=55 LeftGroup=5 SUPPRESS_NATIVE=1
CORE RAW55_CALLBACK_SUPPRESSION_PROBE Actor=Troll Family=NORMAL Action=1 Motion=Troll_Stand_Fist_Fist_P0_Attack_Hit_N_Fwd_00_%_00_P0_100.xmot C1=5 Right=TrollFist RightUseType=55 RightGroup=5 Left=TrollFist LeftUseType=55 LeftGroup=5 SUPPRESS_NATIVE=1
CORE RAW55_CALLBACK_SUPPRESSION_PROBE Actor=Troll Family=NORMAL Action=1 Motion=Troll_Stand_Fist_Fist_P0_Attack_Hit_N_Fwd_00_%_00_P0_100.xmot C1=5 Right=TrollFist RightUseType=55 RightGroup=5 Left=TrollFist LeftUseType=55 LeftGroup=5 SUPPRESS_NATIVE=1
CORE RAW55_CALLBACK_SUPPRESSION_PROBE Actor=Troll Family=NORMAL Action=1 Motion=Troll_Stand_Fist_Fist_P0_Attack_Hit_N_Fwd_00_%_00_P0_100.xmot C1=5 Right=TrollFist RightUseType=55 RightGroup=5 Left=TrollFist LeftUseType=55 LeftGroup=5 SUPPRESS_NATIVE=1
CORE RAW55_CALLBACK_SUPPRESSION_PROBE Actor=Troll Family=NORMAL Action=1 Motion=Troll_Stand_Fist_Fist_P0_Attack_Hit_N_Fwd_00_%_00_P0_100.xmot C1=5 Right=TrollFist RightUseType=55 RightGroup=5 Left=TrollFist LeftUseType=55 LeftGroup=5 SUPPRESS_NATIVE=1
CORE RAW55_CALLBACK_SUPPRESSION_PROBE Actor=Troll Family=NORMAL Action=1 Motion=Troll_Stand_Fist_Fist_P0_Attack_Hit_N_Fwd_00_%_00_P0_100.xmot C1=5 Right=TrollFist RightUseType=55 RightGroup=5 Left=TrollFist LeftUseType=55 LeftGroup=5 SUPPRESS_NATIVE=1
CORE RAW55_CALLBACK_SUPPRESSION_PROBE Actor=Troll Family=NORMAL Action=1 Motion=Troll_Stand_Fist_Fist_P0_Attack_Hit_N_Fwd_00_%_00_P0_100.xmot C1=5 Right=TrollFist RightUseType=55 RightGroup=5 Left=TrollFist LeftUseType=55 LeftGroup=5 SUPPRESS_NATIVE=1
CORE RAW55_CALLBACK_SUPPRESSION_PROBE Actor=Troll Family=NORMAL Action=1 Motion=Troll_Stand_Fist_Fist_P0_Attack_Hit_N_Fwd_00_%_00_P0_100.xmot C1=5 Right=TrollFist RightUseType=55 RightGroup=5 Left=TrollFist LeftUseType=55 LeftGroup=5 SUPPRESS_NATIVE=1
CORE RAW55_CALLBACK_SUPPRESSION_PROBE Actor=Troll Family=NORMAL Action=1 Motion=Troll_Stand_Fist_Fist_P0_Attack_Hit_N_Fwd_00_%_00_P0_100.xmot C1=5 Right=TrollFist RightUseType=55 RightGroup=5 Left=TrollFist LeftUseType=55 LeftGroup=5 SUPPRESS_NATIVE=1
CORE RAW55_CALLBACK_SUPPRESSION_PROBE Actor=Troll Family=NORMAL Action=1 Motion=Troll_Stand_Fist_Fist_P0_Attack_Hit_N_Fwd_00_%_00_P0_100.xmot C1=5 Right=TrollFist RightUseType=55 RightGroup=5 Left=TrollFist LeftUseType=55 LeftGroup=5 SUPPRESS_NATIVE=1
CORE RAW55_CALLBACK_SUPPRESSION_PROBE Actor=Troll Family=NORMAL Action=1 Motion=Troll_Stand_Fist_Fist_P0_Attack_Hit_N_Fwd_00_%_00_P0_100.xmot C1=5 Right=TrollFist RightUseType=55 RightGroup=5 Left=TrollFist LeftUseType=55 LeftGroup=5 SUPPRESS_NATIVE=1
CORE RAW55_CALLBACK_SUPPRESSION_PROBE Actor=Troll Family=NORMAL Action=1 Motion=Troll_Stand_Fist_Fist_P0_Attack_Hit_N_Fwd_00_%_00_P0_100.xmot C1=5 Right=TrollFist RightUseType=55 RightGroup=5 Left=TrollFist LeftUseType=55 LeftGroup=5 SUPPRESS_NATIVE=1
CORE RAW55_CALLBACK_SUPPRESSION_PROBE Actor=Troll Family=NORMAL Action=1 Motion=Troll_Stand_Fist_Fist_P0_Attack_Hit_N_Fwd_00_%_00_P0_100.xmot C1=5 Right=TrollFist RightUseType=55 RightGroup=5 Left=TrollFist LeftUseType=55 LeftGroup=5 SUPPRESS_NATIVE=1
CORE RAW55_CALLBACK_SUPPRESSION_PROBE Actor=Troll Family=NORMAL Action=1 Motion=Troll_Stand_Fist_Fist_P0_Attack_Hit_N_Fwd_00_%_00_P0_100.xmot C1=5 Right=TrollFist RightUseType=55 RightGroup=5 Left=TrollFist LeftUseType=55 LeftGroup=5 SUPPRESS_NATIVE=1
CORE RAW55_CALLBACK_SUPPRESSION_PROBE Actor=Troll Family=NORMAL Action=1 Motion=Troll_Stand_Fist_Fist_P0_Attack_Hit_N_Fwd_00_%_00_P0_100.xmot C1=5 Right=TrollFist RightUseType=55 RightGroup=5 Left=TrollFist LeftUseType=55 LeftGroup=5 SUPPRESS_NATIVE=1
CORE RAW55_CALLBACK_SUPPRESSION_PROBE Actor=Troll Family=NORMAL Action=1 Motion=Troll_Stand_Fist_Fist_P0_Attack_Hit_N_Fwd_00_%_00_P0_100.xmot C1=5 Right=TrollFist RightUseType=55 RightGroup=5 Left=TrollFist LeftUseType=55 LeftGroup=5 SUPPRESS_NATIVE=1
===== CORE MARKER ANOMALY / DISCOVERY =====
ElapsedMs: 30830.970
Actor: Troll
Action: 1
Family: NORMAL
AniPhase: 1
StatePosition: 0
CurrentMovementAni: Troll_Stand_Fist_Fist_P0_Attack_Hit_N_Fwd_00_%_00_P0_100.xmot
MarkerName: G3AB_COL_FIST
MarkerOpcode: FIST
Result: UNSUPPORTED_MISSING_SOURCE
C1GenerationValid: 1
C1Generation: 5
RequiredSourceMask: 0
MissingSourceMask: 0
RightSourceSlot: RIGHT
RightSourceName: TrollFist
RightSourceUseType: 55
RightSourceCollisionGroup: 5
LeftSourceSlot: LEFT
LeftSourceName: TrollFist
LeftSourceUseType: 55
LeftSourceCollisionGroup: 5
Raw8FistSourceName: <none>
Raw8FistSourceUseType: -1
Raw8FistSourceCollisionGroup: -1
===========================================

CORE RAW55_CALLBACK_SUPPRESSION_PROBE Actor=Troll Family=NORMAL Action=1 Motion=Troll_Stand_Fist_Fist_P0_Attack_Hit_N_Fwd_00_%_00_P0_100.xmot C1=5 Right=TrollFist RightUseType=55 RightGroup=5 Left=TrollFist LeftUseType=55 LeftGroup=5 SUPPRESS_NATIVE=1
CORE RAW55_CALLBACK_SUPPRESSION_PROBE Actor=Troll Family=NORMAL Action=1 Motion=Troll_Stand_Fist_Fist_P0_Attack_Hit_N_Fwd_00_%_00_P0_100.xmot C1=5 Right=TrollFist RightUseType=55 RightGroup=5 Left=TrollFist LeftUseType=55 LeftGroup=5 SUPPRESS_NATIVE=1
CORE RAW55_CALLBACK_SUPPRESSION_PROBE Actor=Troll Family=NORMAL Action=1 Motion=Troll_Stand_Fist_Fist_P0_Attack_Hit_N_Fwd_00_%_00_P0_100.xmot C1=5 Right=TrollFist RightUseType=55 RightGroup=5 Left=TrollFist LeftUseType=55 LeftGroup=5 SUPPRESS_NATIVE=1
CORE RAW55_CALLBACK_SUPPRESSION_PROBE Actor=Troll Family=NORMAL Action=1 Motion=Troll_Stand_Fist_Fist_P0_Attack_Hit_N_Fwd_00_%_00_P0_100.xmot C1=5 Right=TrollFist RightUseType=55 RightGroup=5 Left=TrollFist LeftUseType=55 LeftGroup=5 SUPPRESS_NATIVE=1
CORE RAW55_CALLBACK_SUPPRESSION_PROBE Actor=Troll Family=NORMAL Action=1 Motion=Troll_Stand_Fist_Fist_P0_Attack_Hit_N_Fwd_00_%_00_P0_100.xmot C1=5 Right=TrollFist RightUseType=55 RightGroup=5 Left=TrollFist LeftUseType=55 LeftGroup=5 SUPPRESS_NATIVE=1
CORE RAW55_CALLBACK_SUPPRESSION_PROBE Actor=Troll Family=NORMAL Action=1 Motion=Troll_Stand_Fist_Fist_P0_Attack_Hit_N_Fwd_00_%_00_P0_100.xmot C1=5 Right=TrollFist RightUseType=55 RightGroup=5 Left=TrollFist LeftUseType=55 LeftGroup=5 SUPPRESS_NATIVE=1
CORE RAW55_CALLBACK_SUPPRESSION_PROBE Actor=Troll Family=NORMAL Action=1 Motion=Troll_Stand_Fist_Fist_P0_Attack_Hit_N_Fwd_00_%_00_P0_100.xmot C1=5 Right=TrollFist RightUseType=55 RightGroup=5 Left=TrollFist LeftUseType=55 LeftGroup=5 SUPPRESS_NATIVE=1
CORE RAW55_CALLBACK_SUPPRESSION_PROBE Actor=Troll Family=NORMAL Action=1 Motion=Troll_Stand_Fist_Fist_P0_Attack_Hit_N_Fwd_00_%_00_P0_100.xmot C1=5 Right=TrollFist RightUseType=55 RightGroup=5 Left=TrollFist LeftUseType=55 LeftGroup=5 SUPPRESS_NATIVE=1
CORE RAW55_CALLBACK_SUPPRESSION_PROBE Actor=Troll Family=NORMAL Action=1 Motion=Troll_Stand_Fist_Fist_P0_Attack_Hit_N_Fwd_00_%_00_P0_100.xmot C1=5 Right=TrollFist RightUseType=55 RightGroup=5 Left=TrollFist LeftUseType=55 LeftGroup=5 SUPPRESS_NATIVE=1
CORE RAW55_CALLBACK_SUPPRESSION_PROBE Actor=Troll Family=NORMAL Action=1 Motion=Troll_Stand_Fist_Fist_P0_Attack_Hit_N_Fwd_00_%_00_P0_100.xmot C1=5 Right=TrollFist RightUseType=55 RightGroup=5 Left=TrollFist LeftUseType=55 LeftGroup=5 SUPPRESS_NATIVE=1
CORE RAW55_CALLBACK_SUPPRESSION_PROBE Actor=Troll Family=NORMAL Action=1 Motion=Troll_Stand_Fist_Fist_P0_Attack_Hit_N_Fwd_00_%_00_P0_100.xmot C1=5 Right=TrollFist RightUseType=55 RightGroup=5 Left=TrollFist LeftUseType=55 LeftGroup=5 SUPPRESS_NATIVE=1
CORE RAW55_CALLBACK_SUPPRESSION_PROBE Actor=Troll Family=NORMAL Action=1 Motion=Troll_Stand_Fist_Fist_P0_Attack_Hit_N_Fwd_00_%_00_P0_100.xmot C1=5 Right=TrollFist RightUseType=55 RightGroup=5 Left=TrollFist LeftUseType=55 LeftGroup=5 SUPPRESS_NATIVE=1
CORE RAW55_CALLBACK_SUPPRESSION_PROBE Actor=Troll Family=NORMAL Action=1 Motion=Troll_Stand_Fist_Fist_P0_Attack_Hit_N_Fwd_00_%_00_P0_100.xmot C1=5 Right=TrollFist RightUseType=55 RightGroup=5 Left=TrollFist LeftUseType=55 LeftGroup=5 SUPPRESS_NATIVE=1
CORE RAW55_CALLBACK_SUPPRESSION_PROBE Actor=Troll Family=NORMAL Action=1 Motion=Troll_Stand_Fist_Fist_P0_Attack_Hit_N_Fwd_00_%_00_P0_100.xmot C1=5 Right=TrollFist RightUseType=55 RightGroup=5 Left=TrollFist LeftUseType=55 LeftGroup=5 SUPPRESS_NATIVE=1
CORE RAW55_CALLBACK_SUPPRESSION_PROBE Actor=Troll Family=NORMAL Action=1 Motion=Troll_Stand_Fist_Fist_P0_Attack_Hit_N_Fwd_00_%_00_P0_100.xmot C1=5 Right=TrollFist RightUseType=55 RightGroup=5 Left=TrollFist LeftUseType=55 LeftGroup=5 SUPPRESS_NATIVE=1
CORE RAW55_CALLBACK_SUPPRESSION_PROBE Actor=Troll Family=NORMAL Action=1 Motion=Troll_Stand_Fist_Fist_P0_Attack_Hit_N_Fwd_00_%_00_P0_100.xmot C1=5 Right=TrollFist RightUseType=55 RightGroup=5 Left=TrollFist LeftUseType=55 LeftGroup=5 SUPPRESS_NATIVE=1
CORE RAW55_CALLBACK_SUPPRESSION_PROBE Actor=Troll Family=NORMAL Action=1 Motion=Troll_Stand_Fist_Fist_P0_Attack_Hit_N_Fwd_00_%_00_P0_100.xmot C1=5 Right=TrollFist RightUseType=55 RightGroup=5 Left=TrollFist LeftUseType=55 LeftGroup=5 SUPPRESS_NATIVE=1
CORE RAW55_CALLBACK_SUPPRESSION_PROBE Actor=Troll Family=NORMAL Action=1 Motion=Troll_Stand_Fist_Fist_P0_Attack_Hit_N_Fwd_00_%_00_P0_100.xmot C1=5 Right=TrollFist RightUseType=55 RightGroup=5 Left=TrollFist LeftUseType=55 LeftGroup=5 SUPPRESS_NATIVE=1
CORE RAW55_CALLBACK_SUPPRESSION_PROBE Actor=Troll Family=NORMAL Action=1 Motion=Troll_Stand_Fist_Fist_P0_Attack_Hit_N_Fwd_00_%_00_P0_100.xmot C1=5 Right=TrollFist RightUseType=55 RightGroup=5 Left=TrollFist LeftUseType=55 LeftGroup=5 SUPPRESS_NATIVE=1
CORE RAW55_CALLBACK_SUPPRESSION_PROBE Actor=Troll Family=NORMAL Action=1 Motion=Troll_Stand_Fist_Fist_P0_Attack_Hit_N_Fwd_00_%_00_P0_100.xmot C1=5 Right=TrollFist RightUseType=55 RightGroup=5 Left=TrollFist LeftUseType=55 LeftGroup=5 SUPPRESS_NATIVE=1
CORE RAW55_CALLBACK_SUPPRESSION_PROBE Actor=Troll Family=NORMAL Action=1 Motion=Troll_Stand_Fist_Fist_P0_Attack_Hit_N_Fwd_00_%_00_P0_100.xmot C1=5 Right=TrollFist RightUseType=55 RightGroup=5 Left=TrollFist LeftUseType=55 LeftGroup=5 SUPPRESS_NATIVE=1
CORE RAW55_CALLBACK_SUPPRESSION_PROBE Actor=Troll Family=NORMAL Action=1 Motion=Troll_Stand_Fist_Fist_P0_Attack_Hit_N_Fwd_00_%_00_P0_100.xmot C1=5 Right=TrollFist RightUseType=55 RightGroup=5 Left=TrollFist LeftUseType=55 LeftGroup=5 SUPPRESS_NATIVE=1
CORE RAW55_CALLBACK_SUPPRESSION_PROBE Actor=Troll Family=NORMAL Action=1 Motion=Troll_Stand_Fist_Fist_P0_Attack_Hit_N_Fwd_00_%_00_P0_100.xmot C1=5 Right=TrollFist RightUseType=55 RightGroup=5 Left=TrollFist LeftUseType=55 LeftGroup=5 SUPPRESS_NATIVE=1
CORE RAW55_CALLBACK_SUPPRESSION_PROBE Actor=Troll Family=NORMAL Action=1 Motion=Troll_Stand_Fist_Fist_P0_Attack_Hit_N_Fwd_00_%_00_P0_100.xmot C1=5 Right=TrollFist RightUseType=55 RightGroup=5 Left=TrollFist LeftUseType=55 LeftGroup=5 SUPPRESS_NATIVE=1
CORE RAW55_CALLBACK_SUPPRESSION_PROBE Actor=Troll Family=NORMAL Action=1 Motion=Troll_Stand_Fist_Fist_P0_Attack_Hit_N_Fwd_00_%_00_P0_100.xmot C1=5 Right=TrollFist RightUseType=55 RightGroup=5 Left=TrollFist LeftUseType=55 LeftGroup=5 SUPPRESS_NATIVE=1
CORE RAW55_CALLBACK_SUPPRESSION_PROBE Actor=Troll Family=NORMAL Action=1 Motion=Troll_Stand_Fist_Fist_P0_Attack_Hit_N_Fwd_00_%_00_P0_100.xmot C1=5 Right=TrollFist RightUseType=55 RightGroup=5 Left=TrollFist LeftUseType=55 LeftGroup=5 SUPPRESS_NATIVE=1
CORE RAW55_CALLBACK_SUPPRESSION_PROBE Actor=Troll Family=NORMAL Action=1 Motion=Troll_Stand_Fist_Fist_P0_Attack_Hit_N_Fwd_00_%_00_P0_100.xmot C1=5 Right=TrollFist RightUseType=55 RightGroup=5 Left=TrollFist LeftUseType=55 LeftGroup=5 SUPPRESS_NATIVE=1
CORE RAW55_CALLBACK_SUPPRESSION_PROBE Actor=Troll Family=NORMAL Action=1 Motion=Troll_Stand_Fist_Fist_P0_Attack_Hit_N_Fwd_00_%_00_P0_100.xmot C1=5 Right=TrollFist RightUseType=55 RightGroup=5 Left=TrollFist LeftUseType=55 LeftGroup=5 SUPPRESS_NATIVE=1
CORE RAW55_CALLBACK_SUPPRESSION_PROBE Actor=Troll Family=NORMAL Action=1 Motion=Troll_Stand_Fist_Fist_P0_Attack_Hit_N_Fwd_00_%_00_P0_100.xmot C1=5 Right=TrollFist RightUseType=55 RightGroup=5 Left=TrollFist LeftUseType=55 LeftGroup=5 SUPPRESS_NATIVE=1
CORE RAW55_CALLBACK_SUPPRESSION_PROBE Actor=Troll Family=NORMAL Action=1 Motion=Troll_Stand_Fist_Fist_P0_Attack_Hit_N_Fwd_00_%_00_P0_100.xmot C1=5 Right=TrollFist RightUseType=55 RightGroup=5 Left=TrollFist LeftUseType=55 LeftGroup=5 SUPPRESS_NATIVE=1
CORE RAW55_CALLBACK_SUPPRESSION_PROBE Actor=Troll Family=NORMAL Action=1 Motion=Troll_Stand_Fist_Fist_P0_Attack_Hit_N_Fwd_00_%_00_P0_100.xmot C1=5 Right=TrollFist RightUseType=55 RightGroup=5 Left=TrollFist LeftUseType=55 LeftGroup=5 SUPPRESS_NATIVE=1
CORE RAW55_CALLBACK_SUPPRESSION_PROBE Actor=Troll Family=NORMAL Action=1 Motion=Troll_Stand_Fist_Fist_P0_Attack_Hit_N_Fwd_00_%_00_P0_100.xmot C1=5 Right=TrollFist RightUseType=55 RightGroup=5 Left=TrollFist LeftUseType=55 LeftGroup=5 SUPPRESS_NATIVE=1
CORE RAW55_CALLBACK_SUPPRESSION_PROBE Actor=Troll Family=NORMAL Action=1 Motion=Troll_Stand_Fist_Fist_P0_Attack_Hit_N_Fwd_00_%_00_P0_100.xmot C1=5 Right=TrollFist RightUseType=55 RightGroup=5 Left=TrollFist LeftUseType=55 LeftGroup=5 SUPPRESS_NATIVE=1
CORE C1_FINAL ElapsedMs=31098.018 Actor=Troll Generation=5 Status=PERSISTED SourceCount=2 PhysicalChanged=0 Source[0]=TrollFist Side=RIGHT Outstanding=0 Cleanup=0 Outcome=NO_OP_NO_OUTSTANDING Source[1]=TrollFist Side=LEFT Outstanding=0 Cleanup=0 Outcome=NO_OP_NO_OUTSTANDING
CORE C1_START ElapsedMs=32292.647 Actor=Troll Generation=6 Status=CANDIDATE Outstanding=0 TrackedSources=2 ReplacedGeneration=0 ReplacedOutstanding=0 Source[0]=TrollFist Side=RIGHT Group=5 Source[1]=TrollFist Side=LEFT Group=5
CORE C1_BIND ElapsedMs=32292.661 Event=COMBAT_MOVE_CANDIDATE_BOUND Actor=Troll Generation=6 Status=CANDIDATE Outstanding=0 Source=<null> Script=_AI_QuickAttack
CORE C1_STATUS ElapsedMs=32292.730 Event=PERSISTED Actor=Troll Generation=6 Status=PERSISTED Outstanding=0
CORE ATTACK_OWNERSHIP ElapsedMs=32292.749 Actor=Troll Family=QUICK Action=5 Phase=1 Motion=Troll_Stand_Fist_Fist_P0_QuickAttackL_Hit_N_Fwd_00_%_00_P0_100.xmot MarkerPresent=1 RequiredMask=0 FistMarkers=1 Raw8Fist=<none> Raw8UseType=-1 SuppressNative=0 Classification=CONTRADICTION
===== CORE ATTACK OWNERSHIP ANOMALY =====
MatchingMotionFound: 1
MarkerScanValid: 1
RequiredSourcesAvailable: 1
RightSourceSlot: RIGHT
RightSourceName: TrollFist
RightSourceUseType: 55
RightSourceCollisionGroup: 5
LeftSourceSlot: LEFT
LeftSourceName: TrollFist
LeftSourceUseType: 55
LeftSourceCollisionGroup: 5
Raw8FistSourceName: <none>
Raw8FistSourceUseType: -1
Raw8FistSourceCollisionGroup: -1
=========================================

CORE RAW55_QUICK_CALLBACK_BOUNDARY Actor=Troll C1=6 SameC1=1 Action=5->5 Phase=1->1 StateTime=0.000000->0.000000 StatePosition=0->0 MotionBefore=Troll_Stand_Fist_Fist_P0_QuickAttackL_Hit_N_Fwd_00_%_00_P0_100.xmot MotionAfter=Troll_Stand_Fist_Fist_P0_QuickAttackL_Hit_N_Fwd_00_%_00_P0_100.xmot Right=TrollFist RightUseType=55 RightGroup=5->5 NativeResult=1 OBSERVE_NATIVE=1
CORE RAW55_QUICK_CALLBACK_BOUNDARY Actor=Troll C1=6 SameC1=1 Action=5->5 Phase=1->1 StateTime=0.008333->0.008333 StatePosition=0->0 MotionBefore=Troll_Stand_Fist_Fist_P0_QuickAttackL_Hit_N_Fwd_00_%_00_P0_100.xmot MotionAfter=Troll_Stand_Fist_Fist_P0_QuickAttackL_Hit_N_Fwd_00_%_00_P0_100.xmot Right=TrollFist RightUseType=55 RightGroup=5->5 NativeResult=1 OBSERVE_NATIVE=1
CORE RAW55_QUICK_CALLBACK_BOUNDARY Actor=Troll C1=6 SameC1=1 Action=5->5 Phase=1->1 StateTime=0.016667->0.016667 StatePosition=0->0 MotionBefore=Troll_Stand_Fist_Fist_P0_QuickAttackL_Hit_N_Fwd_00_%_00_P0_100.xmot MotionAfter=Troll_Stand_Fist_Fist_P0_QuickAttackL_Hit_N_Fwd_00_%_00_P0_100.xmot Right=TrollFist RightUseType=55 RightGroup=5->5 NativeResult=1 OBSERVE_NATIVE=1
CORE RAW55_QUICK_CALLBACK_BOUNDARY Actor=Troll C1=6 SameC1=1 Action=5->5 Phase=1->1 StateTime=0.025000->0.025000 StatePosition=0->0 MotionBefore=Troll_Stand_Fist_Fist_P0_QuickAttackL_Hit_N_Fwd_00_%_00_P0_100.xmot MotionAfter=Troll_Stand_Fist_Fist_P0_QuickAttackL_Hit_N_Fwd_00_%_00_P0_100.xmot Right=TrollFist RightUseType=55 RightGroup=5->5 NativeResult=1 OBSERVE_NATIVE=1
CORE RAW55_QUICK_CALLBACK_BOUNDARY Actor=Troll C1=6 SameC1=1 Action=5->5 Phase=1->1 StateTime=0.033333->0.033333 StatePosition=0->0 MotionBefore=Troll_Stand_Fist_Fist_P0_QuickAttackL_Hit_N_Fwd_00_%_00_P0_100.xmot MotionAfter=Troll_Stand_Fist_Fist_P0_QuickAttackL_Hit_N_Fwd_00_%_00_P0_100.xmot Right=TrollFist RightUseType=55 RightGroup=5->5 NativeResult=1 OBSERVE_NATIVE=1
CORE RAW55_QUICK_CALLBACK_BOUNDARY Actor=Troll C1=6 SameC1=1 Action=5->5 Phase=1->1 StateTime=0.041667->0.041667 StatePosition=0->0 MotionBefore=Troll_Stand_Fist_Fist_P0_QuickAttackL_Hit_N_Fwd_00_%_00_P0_100.xmot MotionAfter=Troll_Stand_Fist_Fist_P0_QuickAttackL_Hit_N_Fwd_00_%_00_P0_100.xmot Right=TrollFist RightUseType=55 RightGroup=5->5 NativeResult=1 OBSERVE_NATIVE=1
CORE RAW55_QUICK_CALLBACK_BOUNDARY Actor=Troll C1=6 SameC1=1 Action=5->5 Phase=1->1 StateTime=0.050000->0.050000 StatePosition=0->0 MotionBefore=Troll_Stand_Fist_Fist_P0_QuickAttackL_Hit_N_Fwd_00_%_00_P0_100.xmot MotionAfter=Troll_Stand_Fist_Fist_P0_QuickAttackL_Hit_N_Fwd_00_%_00_P0_100.xmot Right=TrollFist RightUseType=55 RightGroup=5->5 NativeResult=1 OBSERVE_NATIVE=1
CORE RAW55_QUICK_CALLBACK_BOUNDARY Actor=Troll C1=6 SameC1=1 Action=5->5 Phase=1->1 StateTime=0.059956->0.059956 StatePosition=0->0 MotionBefore=Troll_Stand_Fist_Fist_P0_QuickAttackL_Hit_N_Fwd_00_%_00_P0_100.xmot MotionAfter=Troll_Stand_Fist_Fist_P0_QuickAttackL_Hit_N_Fwd_00_%_00_P0_100.xmot Right=TrollFist RightUseType=55 RightGroup=5->5 NativeResult=1 OBSERVE_NATIVE=1
CORE RAW55_QUICK_CALLBACK_BOUNDARY Actor=Troll C1=6 SameC1=1 Action=5->5 Phase=1->1 StateTime=0.068289->0.068289 StatePosition=0->0 MotionBefore=Troll_Stand_Fist_Fist_P0_QuickAttackL_Hit_N_Fwd_00_%_00_P0_100.xmot MotionAfter=Troll_Stand_Fist_Fist_P0_QuickAttackL_Hit_N_Fwd_00_%_00_P0_100.xmot Right=TrollFist RightUseType=55 RightGroup=5->5 NativeResult=1 OBSERVE_NATIVE=1
CORE RAW55_QUICK_CALLBACK_BOUNDARY Actor=Troll C1=6 SameC1=1 Action=5->5 Phase=1->1 StateTime=0.076623->0.076623 StatePosition=0->0 MotionBefore=Troll_Stand_Fist_Fist_P0_QuickAttackL_Hit_N_Fwd_00_%_00_P0_100.xmot MotionAfter=Troll_Stand_Fist_Fist_P0_QuickAttackL_Hit_N_Fwd_00_%_00_P0_100.xmot Right=TrollFist RightUseType=55 RightGroup=5->5 NativeResult=1 OBSERVE_NATIVE=1
CORE RAW55_QUICK_CALLBACK_BOUNDARY Actor=Troll C1=6 SameC1=1 Action=5->5 Phase=1->1 StateTime=0.086578->0.086578 StatePosition=0->0 MotionBefore=Troll_Stand_Fist_Fist_P0_QuickAttackL_Hit_N_Fwd_00_%_00_P0_100.xmot MotionAfter=Troll_Stand_Fist_Fist_P0_QuickAttackL_Hit_N_Fwd_00_%_00_P0_100.xmot Right=TrollFist RightUseType=55 RightGroup=5->5 NativeResult=1 OBSERVE_NATIVE=1
CORE RAW55_QUICK_CALLBACK_BOUNDARY Actor=Troll C1=6 SameC1=1 Action=5->5 Phase=1->1 StateTime=0.094912->0.094912 StatePosition=0->0 MotionBefore=Troll_Stand_Fist_Fist_P0_QuickAttackL_Hit_N_Fwd_00_%_00_P0_100.xmot MotionAfter=Troll_Stand_Fist_Fist_P0_QuickAttackL_Hit_N_Fwd_00_%_00_P0_100.xmot Right=TrollFist RightUseType=55 RightGroup=5->5 NativeResult=1 OBSERVE_NATIVE=1
CORE RAW55_QUICK_GROUP_SUPPRESSION Actor=Troll C1=6 Right=TrollFist RightUseType=55 RequestedGroup=7 BeforeGroup=5 StatePosition=0 StateTime=0.103245 SUPPRESS_GROUP=1
CORE RAW55_QUICK_CALLBACK_BOUNDARY Actor=Troll C1=6 SameC1=1 Action=5->5 Phase=1->1 StateTime=0.103245->0.103245 StatePosition=0->1 MotionBefore=Troll_Stand_Fist_Fist_P0_QuickAttackL_Hit_N_Fwd_00_%_00_P0_100.xmot MotionAfter=Troll_Stand_Fist_Fist_P0_QuickAttackL_Hit_N_Fwd_00_%_00_P0_100.xmot Right=TrollFist RightUseType=55 RightGroup=5->5 NativeResult=1 OBSERVE_NATIVE=1
CORE RAW55_QUICK_CALLBACK_BOUNDARY Actor=Troll C1=6 SameC1=1 Action=5->5 Phase=1->1 StateTime=0.112216->0.112216 StatePosition=1->1 MotionBefore=Troll_Stand_Fist_Fist_P0_QuickAttackL_Hit_N_Fwd_00_%_00_P0_100.xmot MotionAfter=Troll_Stand_Fist_Fist_P0_QuickAttackL_Hit_N_Fwd_00_%_00_P0_100.xmot Right=TrollFist RightUseType=55 RightGroup=5->5 NativeResult=1 OBSERVE_NATIVE=1
CORE RAW55_QUICK_CALLBACK_BOUNDARY Actor=Troll C1=6 SameC1=1 Action=5->5 Phase=1->1 StateTime=0.120549->0.120549 StatePosition=1->1 MotionBefore=Troll_Stand_Fist_Fist_P0_QuickAttackL_Hit_N_Fwd_00_%_00_P0_100.xmot MotionAfter=Troll_Stand_Fist_Fist_P0_QuickAttackL_Hit_N_Fwd_00_%_00_P0_100.xmot Right=TrollFist RightUseType=55 RightGroup=5->5 NativeResult=1 OBSERVE_NATIVE=1
CORE RAW55_QUICK_CALLBACK_BOUNDARY Actor=Troll C1=6 SameC1=1 Action=5->5 Phase=1->1 StateTime=0.128882->0.128882 StatePosition=1->1 MotionBefore=Troll_Stand_Fist_Fist_P0_QuickAttackL_Hit_N_Fwd_00_%_00_P0_100.xmot MotionAfter=Troll_Stand_Fist_Fist_P0_QuickAttackL_Hit_N_Fwd_00_%_00_P0_100.xmot Right=TrollFist RightUseType=55 RightGroup=5->5 NativeResult=1 OBSERVE_NATIVE=1
CORE RAW55_QUICK_CALLBACK_BOUNDARY Actor=Troll C1=6 SameC1=1 Action=5->5 Phase=1->1 StateTime=0.138838->0.138838 StatePosition=1->1 MotionBefore=Troll_Stand_Fist_Fist_P0_QuickAttackL_Hit_N_Fwd_00_%_00_P0_100.xmot MotionAfter=Troll_Stand_Fist_Fist_P0_QuickAttackL_Hit_N_Fwd_00_%_00_P0_100.xmot Right=TrollFist RightUseType=55 RightGroup=5->5 NativeResult=1 OBSERVE_NATIVE=1
CORE RAW55_QUICK_CALLBACK_BOUNDARY Actor=Troll C1=6 SameC1=1 Action=5->5 Phase=1->1 StateTime=0.147172->0.147172 StatePosition=1->1 MotionBefore=Troll_Stand_Fist_Fist_P0_QuickAttackL_Hit_N_Fwd_00_%_00_P0_100.xmot MotionAfter=Troll_Stand_Fist_Fist_P0_QuickAttackL_Hit_N_Fwd_00_%_00_P0_100.xmot Right=TrollFist RightUseType=55 RightGroup=5->5 NativeResult=1 OBSERVE_NATIVE=1
CORE RAW55_QUICK_CALLBACK_BOUNDARY Actor=Troll C1=6 SameC1=1 Action=5->5 Phase=1->1 StateTime=0.155505->0.155505 StatePosition=1->1 MotionBefore=Troll_Stand_Fist_Fist_P0_QuickAttackL_Hit_N_Fwd_00_%_00_P0_100.xmot MotionAfter=Troll_Stand_Fist_Fist_P0_QuickAttackL_Hit_N_Fwd_00_%_00_P0_100.xmot Right=TrollFist RightUseType=55 RightGroup=5->5 NativeResult=1 OBSERVE_NATIVE=1
CORE RAW55_QUICK_CALLBACK_BOUNDARY Actor=Troll C1=6 SameC1=1 Action=5->5 Phase=1->1 StateTime=0.163838->0.163838 StatePosition=1->1 MotionBefore=Troll_Stand_Fist_Fist_P0_QuickAttackL_Hit_N_Fwd_00_%_00_P0_100.xmot MotionAfter=Troll_Stand_Fist_Fist_P0_QuickAttackL_Hit_N_Fwd_00_%_00_P0_100.xmot Right=TrollFist RightUseType=55 RightGroup=5->5 NativeResult=1 OBSERVE_NATIVE=1
CORE RAW55_QUICK_CALLBACK_BOUNDARY Actor=Troll C1=6 SameC1=1 Action=5->5 Phase=1->1 StateTime=0.172809->0.172809 StatePosition=1->1 MotionBefore=Troll_Stand_Fist_Fist_P0_QuickAttackL_Hit_N_Fwd_00_%_00_P0_100.xmot MotionAfter=Troll_Stand_Fist_Fist_P0_QuickAttackL_Hit_N_Fwd_00_%_00_P0_100.xmot Right=TrollFist RightUseType=55 RightGroup=5->5 NativeResult=1 OBSERVE_NATIVE=1
CORE RAW55_QUICK_CALLBACK_BOUNDARY Actor=Troll C1=6 SameC1=1 Action=5->5 Phase=1->1 StateTime=0.181142->0.181142 StatePosition=1->1 MotionBefore=Troll_Stand_Fist_Fist_P0_QuickAttackL_Hit_N_Fwd_00_%_00_P0_100.xmot MotionAfter=Troll_Stand_Fist_Fist_P0_QuickAttackL_Hit_N_Fwd_00_%_00_P0_100.xmot Right=TrollFist RightUseType=55 RightGroup=5->5 NativeResult=1 OBSERVE_NATIVE=1
CORE RAW55_QUICK_CALLBACK_BOUNDARY Actor=Troll C1=6 SameC1=1 Action=5->5 Phase=1->1 StateTime=0.189476->0.189476 StatePosition=1->1 MotionBefore=Troll_Stand_Fist_Fist_P0_QuickAttackL_Hit_N_Fwd_00_%_00_P0_100.xmot MotionAfter=Troll_Stand_Fist_Fist_P0_QuickAttackL_Hit_N_Fwd_00_%_00_P0_100.xmot Right=TrollFist RightUseType=55 RightGroup=5->5 NativeResult=1 OBSERVE_NATIVE=1
CORE RAW55_QUICK_CALLBACK_BOUNDARY Actor=Troll C1=6 SameC1=1 Action=5->5 Phase=1->1 StateTime=0.197809->0.197809 StatePosition=1->1 MotionBefore=Troll_Stand_Fist_Fist_P0_QuickAttackL_Hit_N_Fwd_00_%_00_P0_100.xmot MotionAfter=Troll_Stand_Fist_Fist_P0_QuickAttackL_Hit_N_Fwd_00_%_00_P0_100.xmot Right=TrollFist RightUseType=55 RightGroup=5->5 NativeResult=1 OBSERVE_NATIVE=1
CORE RAW55_QUICK_CALLBACK_BOUNDARY Actor=Troll C1=6 SameC1=1 Action=5->5 Phase=1->1 StateTime=0.206142->0.206142 StatePosition=1->1 MotionBefore=Troll_Stand_Fist_Fist_P0_QuickAttackL_Hit_N_Fwd_00_%_00_P0_100.xmot MotionAfter=Troll_Stand_Fist_Fist_P0_QuickAttackL_Hit_N_Fwd_00_%_00_P0_100.xmot Right=TrollFist RightUseType=55 RightGroup=5->5 NativeResult=1 OBSERVE_NATIVE=1
CORE RAW55_QUICK_CALLBACK_BOUNDARY Actor=Troll C1=6 SameC1=1 Action=5->5 Phase=1->1 StateTime=0.214476->0.214476 StatePosition=1->1 MotionBefore=Troll_Stand_Fist_Fist_P0_QuickAttackL_Hit_N_Fwd_00_%_00_P0_100.xmot MotionAfter=Troll_Stand_Fist_Fist_P0_QuickAttackL_Hit_N_Fwd_00_%_00_P0_100.xmot Right=TrollFist RightUseType=55 RightGroup=5->5 NativeResult=1 OBSERVE_NATIVE=1
CORE RAW55_QUICK_CALLBACK_BOUNDARY Actor=Troll C1=6 SameC1=1 Action=5->5 Phase=1->1 StateTime=0.222809->0.222809 StatePosition=1->1 MotionBefore=Troll_Stand_Fist_Fist_P0_QuickAttackL_Hit_N_Fwd_00_%_00_P0_100.xmot MotionAfter=Troll_Stand_Fist_Fist_P0_QuickAttackL_Hit_N_Fwd_00_%_00_P0_100.xmot Right=TrollFist RightUseType=55 RightGroup=5->5 NativeResult=1 OBSERVE_NATIVE=1
CORE RAW55_QUICK_CALLBACK_BOUNDARY Actor=Troll C1=6 SameC1=1 Action=5->5 Phase=1->1 StateTime=0.231780->0.231780 StatePosition=1->1 MotionBefore=Troll_Stand_Fist_Fist_P0_QuickAttackL_Hit_N_Fwd_00_%_00_P0_100.xmot MotionAfter=Troll_Stand_Fist_Fist_P0_QuickAttackL_Hit_N_Fwd_00_%_00_P0_100.xmot Right=TrollFist RightUseType=55 RightGroup=5->5 NativeResult=1 OBSERVE_NATIVE=1
CORE RAW55_QUICK_CALLBACK_BOUNDARY Actor=Troll C1=6 SameC1=1 Action=5->5 Phase=1->1 StateTime=0.240113->0.240113 StatePosition=1->1 MotionBefore=Troll_Stand_Fist_Fist_P0_QuickAttackL_Hit_N_Fwd_00_%_00_P0_100.xmot MotionAfter=Troll_Stand_Fist_Fist_P0_QuickAttackL_Hit_N_Fwd_00_%_00_P0_100.xmot Right=TrollFist RightUseType=55 RightGroup=5->5 NativeResult=1 OBSERVE_NATIVE=1
CORE RAW55_QUICK_CALLBACK_BOUNDARY Actor=Troll C1=6 SameC1=1 Action=5->5 Phase=1->1 StateTime=0.249084->0.249084 StatePosition=1->1 MotionBefore=Troll_Stand_Fist_Fist_P0_QuickAttackL_Hit_N_Fwd_00_%_00_P0_100.xmot MotionAfter=Troll_Stand_Fist_Fist_P0_QuickAttackL_Hit_N_Fwd_00_%_00_P0_100.xmot Right=TrollFist RightUseType=55 RightGroup=5->5 NativeResult=1 OBSERVE_NATIVE=1
CORE RAW55_QUICK_CALLBACK_BOUNDARY Actor=Troll C1=6 SameC1=1 Action=5->5 Phase=1->1 StateTime=0.257417->0.257417 StatePosition=1->1 MotionBefore=Troll_Stand_Fist_Fist_P0_QuickAttackL_Hit_N_Fwd_00_%_00_P0_100.xmot MotionAfter=Troll_Stand_Fist_Fist_P0_QuickAttackL_Hit_N_Fwd_00_%_00_P0_100.xmot Right=TrollFist RightUseType=55 RightGroup=5->5 NativeResult=1 OBSERVE_NATIVE=1
CORE RAW55_QUICK_CALLBACK_BOUNDARY Actor=Troll C1=6 SameC1=1 Action=5->5 Phase=1->1 StateTime=0.265750->0.265750 StatePosition=1->1 MotionBefore=Troll_Stand_Fist_Fist_P0_QuickAttackL_Hit_N_Fwd_00_%_00_P0_100.xmot MotionAfter=Troll_Stand_Fist_Fist_P0_QuickAttackL_Hit_N_Fwd_00_%_00_P0_100.xmot Right=TrollFist RightUseType=55 RightGroup=5->5 NativeResult=1 OBSERVE_NATIVE=1
CORE RAW55_QUICK_CALLBACK_BOUNDARY Actor=Troll C1=6 SameC1=1 Action=5->5 Phase=1->1 StateTime=0.274721->0.274721 StatePosition=1->1 MotionBefore=Troll_Stand_Fist_Fist_P0_QuickAttackL_Hit_N_Fwd_00_%_00_P0_100.xmot MotionAfter=Troll_Stand_Fist_Fist_P0_QuickAttackL_Hit_N_Fwd_00_%_00_P0_100.xmot Right=TrollFist RightUseType=55 RightGroup=5->5 NativeResult=1 OBSERVE_NATIVE=1
CORE RAW55_QUICK_CALLBACK_BOUNDARY Actor=Troll C1=6 SameC1=1 Action=5->5 Phase=1->1 StateTime=0.283054->0.283054 StatePosition=1->1 MotionBefore=Troll_Stand_Fist_Fist_P0_QuickAttackL_Hit_N_Fwd_00_%_00_P0_100.xmot MotionAfter=Troll_Stand_Fist_Fist_P0_QuickAttackL_Hit_N_Fwd_00_%_00_P0_100.xmot Right=TrollFist RightUseType=55 RightGroup=5->5 NativeResult=1 OBSERVE_NATIVE=1
CORE RAW55_QUICK_CALLBACK_BOUNDARY Actor=Troll C1=6 SameC1=1 Action=5->5 Phase=1->1 StateTime=0.292025->0.292025 StatePosition=1->1 MotionBefore=Troll_Stand_Fist_Fist_P0_QuickAttackL_Hit_N_Fwd_00_%_00_P0_100.xmot MotionAfter=Troll_Stand_Fist_Fist_P0_QuickAttackL_Hit_N_Fwd_00_%_00_P0_100.xmot Right=TrollFist RightUseType=55 RightGroup=5->5 NativeResult=1 OBSERVE_NATIVE=1
CORE RAW55_QUICK_CALLBACK_BOUNDARY Actor=Troll C1=6 SameC1=1 Action=5->5 Phase=1->1 StateTime=0.300359->0.300359 StatePosition=1->1 MotionBefore=Troll_Stand_Fist_Fist_P0_QuickAttackL_Hit_N_Fwd_00_%_00_P0_100.xmot MotionAfter=Troll_Stand_Fist_Fist_P0_QuickAttackL_Hit_N_Fwd_00_%_00_P0_100.xmot Right=TrollFist RightUseType=55 RightGroup=5->5 NativeResult=1 OBSERVE_NATIVE=1
CORE RAW55_QUICK_CALLBACK_BOUNDARY Actor=Troll C1=6 SameC1=1 Action=5->5 Phase=1->1 StateTime=0.308692->0.308692 StatePosition=1->1 MotionBefore=Troll_Stand_Fist_Fist_P0_QuickAttackL_Hit_N_Fwd_00_%_00_P0_100.xmot MotionAfter=Troll_Stand_Fist_Fist_P0_QuickAttackL_Hit_N_Fwd_00_%_00_P0_100.xmot Right=TrollFist RightUseType=55 RightGroup=5->5 NativeResult=1 OBSERVE_NATIVE=1
CORE RAW55_QUICK_CALLBACK_BOUNDARY Actor=Troll C1=6 SameC1=1 Action=5->5 Phase=1->1 StateTime=0.317663->0.317663 StatePosition=1->1 MotionBefore=Troll_Stand_Fist_Fist_P0_QuickAttackL_Hit_N_Fwd_00_%_00_P0_100.xmot MotionAfter=Troll_Stand_Fist_Fist_P0_QuickAttackL_Hit_N_Fwd_00_%_00_P0_100.xmot Right=TrollFist RightUseType=55 RightGroup=5->5 NativeResult=1 OBSERVE_NATIVE=1
CORE RAW55_QUICK_CALLBACK_BOUNDARY Actor=Troll C1=6 SameC1=1 Action=5->5 Phase=1->1 StateTime=0.325996->0.325996 StatePosition=1->1 MotionBefore=Troll_Stand_Fist_Fist_P0_QuickAttackL_Hit_N_Fwd_00_%_00_P0_100.xmot MotionAfter=Troll_Stand_Fist_Fist_P0_QuickAttackL_Hit_N_Fwd_00_%_00_P0_100.xmot Right=TrollFist RightUseType=55 RightGroup=5->5 NativeResult=1 OBSERVE_NATIVE=1
CORE RAW55_QUICK_CALLBACK_BOUNDARY Actor=Troll C1=6 SameC1=1 Action=5->5 Phase=1->1 StateTime=0.335952->0.335952 StatePosition=1->1 MotionBefore=Troll_Stand_Fist_Fist_P0_QuickAttackL_Hit_N_Fwd_00_%_00_P0_100.xmot MotionAfter=Troll_Stand_Fist_Fist_P0_QuickAttackL_Hit_N_Fwd_00_%_00_P0_100.xmot Right=TrollFist RightUseType=55 RightGroup=5->5 NativeResult=1 OBSERVE_NATIVE=1
CORE RAW55_QUICK_CALLBACK_BOUNDARY Actor=Troll C1=6 SameC1=1 Action=5->5 Phase=1->1 StateTime=0.344285->0.344285 StatePosition=1->1 MotionBefore=Troll_Stand_Fist_Fist_P0_QuickAttackL_Hit_N_Fwd_00_%_00_P0_100.xmot MotionAfter=Troll_Stand_Fist_Fist_P0_QuickAttackL_Hit_N_Fwd_00_%_00_P0_100.xmot Right=TrollFist RightUseType=55 RightGroup=5->5 NativeResult=1 OBSERVE_NATIVE=1
CORE RAW55_QUICK_CALLBACK_BOUNDARY Actor=Troll C1=6 SameC1=1 Action=5->5 Phase=1->1 StateTime=0.352619->0.352619 StatePosition=1->1 MotionBefore=Troll_Stand_Fist_Fist_P0_QuickAttackL_Hit_N_Fwd_00_%_00_P0_100.xmot MotionAfter=Troll_Stand_Fist_Fist_P0_QuickAttackL_Hit_N_Fwd_00_%_00_P0_100.xmot Right=TrollFist RightUseType=55 RightGroup=5->5 NativeResult=1 OBSERVE_NATIVE=1
CORE RAW55_QUICK_CALLBACK_BOUNDARY Actor=Troll C1=6 SameC1=1 Action=5->5 Phase=1->1 StateTime=0.360952->0.360952 StatePosition=1->1 MotionBefore=Troll_Stand_Fist_Fist_P0_QuickAttackL_Hit_N_Fwd_00_%_00_P0_100.xmot MotionAfter=Troll_Stand_Fist_Fist_P0_QuickAttackL_Hit_N_Fwd_00_%_00_P0_100.xmot Right=TrollFist RightUseType=55 RightGroup=5->5 NativeResult=1 OBSERVE_NATIVE=1
CORE RAW55_QUICK_CALLBACK_BOUNDARY Actor=Troll C1=6 SameC1=1 Action=5->5 Phase=1->1 StateTime=0.371879->0.371879 StatePosition=1->1 MotionBefore=Troll_Stand_Fist_Fist_P0_QuickAttackL_Hit_N_Fwd_00_%_00_P0_100.xmot MotionAfter=Troll_Stand_Fist_Fist_P0_QuickAttackL_Hit_N_Fwd_00_%_00_P0_100.xmot Right=TrollFist RightUseType=55 RightGroup=5->5 NativeResult=1 OBSERVE_NATIVE=1
CORE RAW55_QUICK_CALLBACK_BOUNDARY Actor=Troll C1=6 SameC1=1 Action=5->5 Phase=1->1 StateTime=0.383867->0.383867 StatePosition=1->1 MotionBefore=Troll_Stand_Fist_Fist_P0_QuickAttackL_Hit_N_Fwd_00_%_00_P0_100.xmot MotionAfter=Troll_Stand_Fist_Fist_P0_QuickAttackL_Hit_N_Fwd_00_%_00_P0_100.xmot Right=TrollFist RightUseType=55 RightGroup=5->5 NativeResult=1 OBSERVE_NATIVE=1
CORE RAW55_QUICK_CALLBACK_BOUNDARY Actor=Troll C1=6 SameC1=1 Action=5->5 Phase=1->1 StateTime=0.392200->0.392200 StatePosition=1->1 MotionBefore=Troll_Stand_Fist_Fist_P0_QuickAttackL_Hit_N_Fwd_00_%_00_P0_100.xmot MotionAfter=Troll_Stand_Fist_Fist_P0_QuickAttackL_Hit_N_Fwd_00_%_00_P0_100.xmot Right=TrollFist RightUseType=55 RightGroup=5->5 NativeResult=1 OBSERVE_NATIVE=1
CORE RAW55_QUICK_CALLBACK_BOUNDARY Actor=Troll C1=6 SameC1=1 Action=5->5 Phase=1->1 StateTime=0.406083->0.406083 StatePosition=1->1 MotionBefore=Troll_Stand_Fist_Fist_P0_QuickAttackL_Hit_N_Fwd_00_%_00_P0_100.xmot MotionAfter=Troll_Stand_Fist_Fist_P0_QuickAttackL_Hit_N_Fwd_00_%_00_P0_100.xmot Right=TrollFist RightUseType=55 RightGroup=5->5 NativeResult=1 OBSERVE_NATIVE=1
CORE RAW55_QUICK_CALLBACK_BOUNDARY Actor=Troll C1=6 SameC1=1 Action=5->5 Phase=1->1 StateTime=0.414416->0.414416 StatePosition=1->1 MotionBefore=Troll_Stand_Fist_Fist_P0_QuickAttackL_Hit_N_Fwd_00_%_00_P0_100.xmot MotionAfter=Troll_Stand_Fist_Fist_P0_QuickAttackL_Hit_N_Fwd_00_%_00_P0_100.xmot Right=TrollFist RightUseType=55 RightGroup=5->5 NativeResult=1 OBSERVE_NATIVE=1
CORE RAW55_QUICK_CALLBACK_BOUNDARY Actor=Troll C1=6 SameC1=1 Action=5->5 Phase=1->1 StateTime=0.424372->0.424372 StatePosition=1->1 MotionBefore=Troll_Stand_Fist_Fist_P0_QuickAttackL_Hit_N_Fwd_00_%_00_P0_100.xmot MotionAfter=Troll_Stand_Fist_Fist_P0_QuickAttackL_Hit_N_Fwd_00_%_00_P0_100.xmot Right=TrollFist RightUseType=55 RightGroup=5->5 NativeResult=1 OBSERVE_NATIVE=1
CORE RAW55_QUICK_CALLBACK_BOUNDARY Actor=Troll C1=6 SameC1=1 Action=5->5 Phase=1->1 StateTime=0.440298->0.440298 StatePosition=1->1 MotionBefore=Troll_Stand_Fist_Fist_P0_QuickAttackL_Hit_N_Fwd_00_%_00_P0_100.xmot MotionAfter=Troll_Stand_Fist_Fist_P0_QuickAttackL_Hit_N_Fwd_00_%_00_P0_100.xmot Right=TrollFist RightUseType=55 RightGroup=5->5 NativeResult=1 OBSERVE_NATIVE=1
CORE RAW55_QUICK_CALLBACK_BOUNDARY Actor=Troll C1=6 SameC1=1 Action=5->5 Phase=1->1 StateTime=0.448631->0.448631 StatePosition=1->1 MotionBefore=Troll_Stand_Fist_Fist_P0_QuickAttackL_Hit_N_Fwd_00_%_00_P0_100.xmot MotionAfter=Troll_Stand_Fist_Fist_P0_QuickAttackL_Hit_N_Fwd_00_%_00_P0_100.xmot Right=TrollFist RightUseType=55 RightGroup=5->5 NativeResult=1 OBSERVE_NATIVE=1
CORE RAW55_QUICK_CALLBACK_BOUNDARY Actor=Troll C1=6 SameC1=1 Action=5->5 Phase=1->1 StateTime=0.457602->0.457602 StatePosition=1->1 MotionBefore=Troll_Stand_Fist_Fist_P0_QuickAttackL_Hit_N_Fwd_00_%_00_P0_100.xmot MotionAfter=Troll_Stand_Fist_Fist_P0_QuickAttackL_Hit_N_Fwd_00_%_00_P0_100.xmot Right=TrollFist RightUseType=55 RightGroup=5->5 NativeResult=1 OBSERVE_NATIVE=1
CORE RAW55_QUICK_CALLBACK_BOUNDARY Actor=Troll C1=6 SameC1=1 Action=5->5 Phase=1->1 StateTime=0.465936->0.465936 StatePosition=1->1 MotionBefore=Troll_Stand_Fist_Fist_P0_QuickAttackL_Hit_N_Fwd_00_%_00_P0_100.xmot MotionAfter=Troll_Stand_Fist_Fist_P0_QuickAttackL_Hit_N_Fwd_00_%_00_P0_100.xmot Right=TrollFist RightUseType=55 RightGroup=5->5 NativeResult=1 OBSERVE_NATIVE=1
===== CORE MARKER ANOMALY / DISCOVERY =====
ElapsedMs: 32735.231
Actor: Troll
Action: 5
Family: QUICK
AniPhase: 1
StatePosition: 1
CurrentMovementAni: Troll_Stand_Fist_Fist_P0_QuickAttackL_Hit_N_Fwd_00_%_00_P0_100.xmot
MarkerName: G3AB_COL_FIST
MarkerOpcode: FIST
Result: UNSUPPORTED_MISSING_SOURCE
C1GenerationValid: 1
C1Generation: 6
RequiredSourceMask: 0
MissingSourceMask: 0
RightSourceSlot: RIGHT
RightSourceName: TrollFist
RightSourceUseType: 55
RightSourceCollisionGroup: 5
LeftSourceSlot: LEFT
LeftSourceName: TrollFist
LeftSourceUseType: 55
LeftSourceCollisionGroup: 5
Raw8FistSourceName: <none>
Raw8FistSourceUseType: -1
Raw8FistSourceCollisionGroup: -1
===========================================

CORE COLLISION_GROUP ElapsedMs=32735.266 Source=TrollFist UseType=55 Owner=Troll Slot=RIGHT Requested=7 Before=5 After=7 MarkerBitsRetired=0
CORE C1 OFFENSE REQUEST ElapsedMs=32735.275 Actor=Troll Generation=6 Status=PERSISTED Source=TrollFist Side=RIGHT Requests=1 Outstanding=1 CleanupObserved=0 Group=7
CORE RAW55_QUICK_FIST_REARM_PROBE Actor=Troll C1=6 Action=5 StatePosition=1 StateTime=0.480818 Right=TrollFist RightUseType=55 GroupBefore=5 RequestedGroup=7 GroupAfter=7 EarlySuppressionProof=1 ClearTriggeredList=1 REARM_PROBE=1
CORE RAW55_QUICK_CALLBACK_BOUNDARY Actor=Troll C1=6 SameC1=1 Action=5->5 Phase=1->1 StateTime=0.480818->0.480818 StatePosition=1->1 MotionBefore=Troll_Stand_Fist_Fist_P0_QuickAttackL_Hit_N_Fwd_00_%_00_P0_100.xmot MotionAfter=Troll_Stand_Fist_Fist_P0_QuickAttackL_Hit_N_Fwd_00_%_00_P0_100.xmot Right=TrollFist RightUseType=55 RightGroup=7->7 NativeResult=1 OBSERVE_NATIVE=1
CORE RAW55_QUICK_CALLBACK_BOUNDARY Actor=Troll C1=6 SameC1=1 Action=5->5 Phase=1->1 StateTime=0.489151->0.489151 StatePosition=1->1 MotionBefore=Troll_Stand_Fist_Fist_P0_QuickAttackL_Hit_N_Fwd_00_%_00_P0_100.xmot MotionAfter=Troll_Stand_Fist_Fist_P0_QuickAttackL_Hit_N_Fwd_00_%_00_P0_100.xmot Right=TrollFist RightUseType=55 RightGroup=7->7 NativeResult=1 OBSERVE_NATIVE=1
CORE RAW55_QUICK_CALLBACK_BOUNDARY Actor=Troll C1=6 SameC1=1 Action=5->5 Phase=1->1 StateTime=0.498123->0.498123 StatePosition=1->1 MotionBefore=Troll_Stand_Fist_Fist_P0_QuickAttackL_Hit_N_Fwd_00_%_00_P0_100.xmot MotionAfter=Troll_Stand_Fist_Fist_P0_QuickAttackL_Hit_N_Fwd_00_%_00_P0_100.xmot Right=TrollFist RightUseType=55 RightGroup=7->7 NativeResult=1 OBSERVE_NATIVE=1
CORE RAW55_QUICK_CALLBACK_BOUNDARY Actor=Troll C1=6 SameC1=1 Action=5->5 Phase=1->1 StateTime=0.506456->0.506456 StatePosition=1->1 MotionBefore=Troll_Stand_Fist_Fist_P0_QuickAttackL_Hit_N_Fwd_00_%_00_P0_100.xmot MotionAfter=Troll_Stand_Fist_Fist_P0_QuickAttackL_Hit_N_Fwd_00_%_00_P0_100.xmot Right=TrollFist RightUseType=55 RightGroup=7->7 NativeResult=1 OBSERVE_NATIVE=1
CORE RAW55_QUICK_CALLBACK_BOUNDARY Actor=Troll C1=6 SameC1=1 Action=5->5 Phase=1->1 StateTime=0.514789->0.514789 StatePosition=1->1 MotionBefore=Troll_Stand_Fist_Fist_P0_QuickAttackL_Hit_N_Fwd_00_%_00_P0_100.xmot MotionAfter=Troll_Stand_Fist_Fist_P0_QuickAttackL_Hit_N_Fwd_00_%_00_P0_100.xmot Right=TrollFist RightUseType=55 RightGroup=7->7 NativeResult=1 OBSERVE_NATIVE=1
CORE RAW55_QUICK_CALLBACK_BOUNDARY Actor=Troll C1=6 SameC1=1 Action=5->5 Phase=1->1 StateTime=0.523123->0.523123 StatePosition=1->1 MotionBefore=Troll_Stand_Fist_Fist_P0_QuickAttackL_Hit_N_Fwd_00_%_00_P0_100.xmot MotionAfter=Troll_Stand_Fist_Fist_P0_QuickAttackL_Hit_N_Fwd_00_%_00_P0_100.xmot Right=TrollFist RightUseType=55 RightGroup=7->7 NativeResult=1 OBSERVE_NATIVE=1
CORE RAW55_QUICK_CALLBACK_BOUNDARY Actor=Troll C1=6 SameC1=1 Action=5->5 Phase=1->1 StateTime=0.531456->0.531456 StatePosition=1->1 MotionBefore=Troll_Stand_Fist_Fist_P0_QuickAttackL_Hit_N_Fwd_00_%_00_P0_100.xmot MotionAfter=Troll_Stand_Fist_Fist_P0_QuickAttackL_Hit_N_Fwd_00_%_00_P0_100.xmot Right=TrollFist RightUseType=55 RightGroup=7->7 NativeResult=1 OBSERVE_NATIVE=1
CORE RAW55_QUICK_CALLBACK_BOUNDARY Actor=Troll C1=6 SameC1=1 Action=5->5 Phase=1->1 StateTime=0.539789->0.539789 StatePosition=1->1 MotionBefore=Troll_Stand_Fist_Fist_P0_QuickAttackL_Hit_N_Fwd_00_%_00_P0_100.xmot MotionAfter=Troll_Stand_Fist_Fist_P0_QuickAttackL_Hit_N_Fwd_00_%_00_P0_100.xmot Right=TrollFist RightUseType=55 RightGroup=7->7 NativeResult=1 OBSERVE_NATIVE=1
CORE RAW55_QUICK_CALLBACK_BOUNDARY Actor=Troll C1=6 SameC1=1 Action=5->5 Phase=1->1 StateTime=0.548123->0.548123 StatePosition=1->1 MotionBefore=Troll_Stand_Fist_Fist_P0_QuickAttackL_Hit_N_Fwd_00_%_00_P0_100.xmot MotionAfter=Troll_Stand_Fist_Fist_P0_QuickAttackL_Hit_N_Fwd_00_%_00_P0_100.xmot Right=TrollFist RightUseType=55 RightGroup=7->7 NativeResult=1 OBSERVE_NATIVE=1
CORE RAW55_QUICK_CALLBACK_BOUNDARY Actor=Troll C1=6 SameC1=1 Action=5->5 Phase=1->1 StateTime=0.556456->0.556456 StatePosition=1->1 MotionBefore=Troll_Stand_Fist_Fist_P0_QuickAttackL_Hit_N_Fwd_00_%_00_P0_100.xmot MotionAfter=Troll_Stand_Fist_Fist_P0_QuickAttackL_Hit_N_Fwd_00_%_00_P0_100.xmot Right=TrollFist RightUseType=55 RightGroup=7->7 NativeResult=1 OBSERVE_NATIVE=1
CORE RAW55_QUICK_CALLBACK_BOUNDARY Actor=Troll C1=6 SameC1=1 Action=5->5 Phase=1->1 StateTime=0.564789->0.564789 StatePosition=1->1 MotionBefore=Troll_Stand_Fist_Fist_P0_QuickAttackL_Hit_N_Fwd_00_%_00_P0_100.xmot MotionAfter=Troll_Stand_Fist_Fist_P0_QuickAttackL_Hit_N_Fwd_00_%_00_P0_100.xmot Right=TrollFist RightUseType=55 RightGroup=7->7 NativeResult=1 OBSERVE_NATIVE=1
CORE RAW55_QUICK_CALLBACK_BOUNDARY Actor=Troll C1=6 SameC1=1 Action=5->5 Phase=1->1 StateTime=0.573760->0.573760 StatePosition=1->1 MotionBefore=Troll_Stand_Fist_Fist_P0_QuickAttackL_Hit_N_Fwd_00_%_00_P0_100.xmot MotionAfter=Troll_Stand_Fist_Fist_P0_QuickAttackL_Hit_N_Fwd_00_%_00_P0_100.xmot Right=TrollFist RightUseType=55 RightGroup=7->7 NativeResult=1 OBSERVE_NATIVE=1
CORE RAW55_QUICK_CALLBACK_BOUNDARY Actor=Troll C1=6 SameC1=1 Action=5->5 Phase=1->1 StateTime=0.582093->0.582093 StatePosition=1->1 MotionBefore=Troll_Stand_Fist_Fist_P0_QuickAttackL_Hit_N_Fwd_00_%_00_P0_100.xmot MotionAfter=Troll_Stand_Fist_Fist_P0_QuickAttackL_Hit_N_Fwd_00_%_00_P0_100.xmot Right=TrollFist RightUseType=55 RightGroup=7->7 NativeResult=1 OBSERVE_NATIVE=1
CORE RAW55_QUICK_CALLBACK_BOUNDARY Actor=Troll C1=6 SameC1=1 Action=5->5 Phase=1->1 StateTime=0.590426->0.590426 StatePosition=1->1 MotionBefore=Troll_Stand_Fist_Fist_P0_QuickAttackL_Hit_N_Fwd_00_%_00_P0_100.xmot MotionAfter=Troll_Stand_Fist_Fist_P0_QuickAttackL_Hit_N_Fwd_00_%_00_P0_100.xmot Right=TrollFist RightUseType=55 RightGroup=7->7 NativeResult=1 OBSERVE_NATIVE=1
CORE RAW55_QUICK_CALLBACK_BOUNDARY Actor=Troll C1=6 SameC1=1 Action=5->5 Phase=1->1 StateTime=0.598760->0.598760 StatePosition=1->1 MotionBefore=Troll_Stand_Fist_Fist_P0_QuickAttackL_Hit_N_Fwd_00_%_00_P0_100.xmot MotionAfter=Troll_Stand_Fist_Fist_P0_QuickAttackL_Hit_N_Fwd_00_%_00_P0_100.xmot Right=TrollFist RightUseType=55 RightGroup=7->7 NativeResult=1 OBSERVE_NATIVE=1
CORE RAW55_QUICK_CALLBACK_BOUNDARY Actor=Troll C1=6 SameC1=1 Action=5->5 Phase=1->1 StateTime=0.607093->0.607093 StatePosition=1->1 MotionBefore=Troll_Stand_Fist_Fist_P0_QuickAttackL_Hit_N_Fwd_00_%_00_P0_100.xmot MotionAfter=Troll_Stand_Fist_Fist_P0_QuickAttackL_Hit_N_Fwd_00_%_00_P0_100.xmot Right=TrollFist RightUseType=55 RightGroup=7->7 NativeResult=1 OBSERVE_NATIVE=1
CORE RAW55_QUICK_CALLBACK_BOUNDARY Actor=Troll C1=6 SameC1=1 Action=5->5 Phase=1->1 StateTime=0.615426->0.615426 StatePosition=1->1 MotionBefore=Troll_Stand_Fist_Fist_P0_QuickAttackL_Hit_N_Fwd_00_%_00_P0_100.xmot MotionAfter=Troll_Stand_Fist_Fist_P0_QuickAttackL_Hit_N_Fwd_00_%_00_P0_100.xmot Right=TrollFist RightUseType=55 RightGroup=7->7 NativeResult=1 OBSERVE_NATIVE=1
CORE RAW55_QUICK_CALLBACK_BOUNDARY Actor=Troll C1=6 SameC1=1 Action=5->5 Phase=1->1 StateTime=0.624397->0.624397 StatePosition=1->1 MotionBefore=Troll_Stand_Fist_Fist_P0_QuickAttackL_Hit_N_Fwd_00_%_00_P0_100.xmot MotionAfter=Troll_Stand_Fist_Fist_P0_QuickAttackL_Hit_N_Fwd_00_%_00_P0_100.xmot Right=TrollFist RightUseType=55 RightGroup=7->7 NativeResult=1 OBSERVE_NATIVE=1
CORE RAW55_QUICK_CALLBACK_BOUNDARY Actor=Troll C1=6 SameC1=1 Action=5->5 Phase=1->1 StateTime=0.632730->0.632730 StatePosition=1->1 MotionBefore=Troll_Stand_Fist_Fist_P0_QuickAttackL_Hit_N_Fwd_00_%_00_P0_100.xmot MotionAfter=Troll_Stand_Fist_Fist_P0_QuickAttackL_Hit_N_Fwd_00_%_00_P0_100.xmot Right=TrollFist RightUseType=55 RightGroup=7->7 NativeResult=1 OBSERVE_NATIVE=1
CORE RAW55_QUICK_CALLBACK_BOUNDARY Actor=Troll C1=6 SameC1=1 Action=5->5 Phase=1->1 StateTime=0.641064->0.641064 StatePosition=1->1 MotionBefore=Troll_Stand_Fist_Fist_P0_QuickAttackL_Hit_N_Fwd_00_%_00_P0_100.xmot MotionAfter=Troll_Stand_Fist_Fist_P0_QuickAttackL_Hit_N_Fwd_00_%_00_P0_100.xmot Right=TrollFist RightUseType=55 RightGroup=7->7 NativeResult=1 OBSERVE_NATIVE=1
CORE RAW55_QUICK_CALLBACK_BOUNDARY Actor=Troll C1=6 SameC1=1 Action=5->5 Phase=1->1 StateTime=0.649397->0.649397 StatePosition=1->1 MotionBefore=Troll_Stand_Fist_Fist_P0_QuickAttackL_Hit_N_Fwd_00_%_00_P0_100.xmot MotionAfter=Troll_Stand_Fist_Fist_P0_QuickAttackL_Hit_N_Fwd_00_%_00_P0_100.xmot Right=TrollFist RightUseType=55 RightGroup=7->7 NativeResult=1 OBSERVE_NATIVE=1
CORE RAW55_QUICK_CALLBACK_BOUNDARY Actor=Troll C1=6 SameC1=1 Action=5->5 Phase=1->1 StateTime=0.658368->0.658368 StatePosition=1->1 MotionBefore=Troll_Stand_Fist_Fist_P0_QuickAttackL_Hit_N_Fwd_00_%_00_P0_100.xmot MotionAfter=Troll_Stand_Fist_Fist_P0_QuickAttackL_Hit_N_Fwd_00_%_00_P0_100.xmot Right=TrollFist RightUseType=55 RightGroup=7->7 NativeResult=1 OBSERVE_NATIVE=1
CORE RAW55_QUICK_CALLBACK_BOUNDARY Actor=Troll C1=6 SameC1=1 Action=5->5 Phase=1->1 StateTime=0.666701->0.666701 StatePosition=1->1 MotionBefore=Troll_Stand_Fist_Fist_P0_QuickAttackL_Hit_N_Fwd_00_%_00_P0_100.xmot MotionAfter=Troll_Stand_Fist_Fist_P0_QuickAttackL_Hit_N_Fwd_00_%_00_P0_100.xmot Right=TrollFist RightUseType=55 RightGroup=7->7 NativeResult=1 OBSERVE_NATIVE=1
CORE RAW55_QUICK_CALLBACK_BOUNDARY Actor=Troll C1=6 SameC1=1 Action=5->5 Phase=1->1 StateTime=0.675034->0.675034 StatePosition=1->1 MotionBefore=Troll_Stand_Fist_Fist_P0_QuickAttackL_Hit_N_Fwd_00_%_00_P0_100.xmot MotionAfter=Troll_Stand_Fist_Fist_P0_QuickAttackL_Hit_N_Fwd_00_%_00_P0_100.xmot Right=TrollFist RightUseType=55 RightGroup=7->7 NativeResult=1 OBSERVE_NATIVE=1
CORE RAW55_QUICK_CALLBACK_BOUNDARY Actor=Troll C1=6 SameC1=1 Action=5->5 Phase=1->1 StateTime=0.683368->0.683368 StatePosition=1->1 MotionBefore=Troll_Stand_Fist_Fist_P0_QuickAttackL_Hit_N_Fwd_00_%_00_P0_100.xmot MotionAfter=Troll_Stand_Fist_Fist_P0_QuickAttackL_Hit_N_Fwd_00_%_00_P0_100.xmot Right=TrollFist RightUseType=55 RightGroup=7->7 NativeResult=1 OBSERVE_NATIVE=1
CORE RAW55_QUICK_CALLBACK_BOUNDARY Actor=Troll C1=6 SameC1=1 Action=5->5 Phase=1->1 StateTime=0.691701->0.691701 StatePosition=1->1 MotionBefore=Troll_Stand_Fist_Fist_P0_QuickAttackL_Hit_N_Fwd_00_%_00_P0_100.xmot MotionAfter=Troll_Stand_Fist_Fist_P0_QuickAttackL_Hit_N_Fwd_00_%_00_P0_100.xmot Right=TrollFist RightUseType=55 RightGroup=7->7 NativeResult=1 OBSERVE_NATIVE=1
CORE RAW55_QUICK_CALLBACK_BOUNDARY Actor=Troll C1=6 SameC1=1 Action=5->5 Phase=1->1 StateTime=0.700034->0.700034 StatePosition=1->1 MotionBefore=Troll_Stand_Fist_Fist_P0_QuickAttackL_Hit_N_Fwd_00_%_00_P0_100.xmot MotionAfter=Troll_Stand_Fist_Fist_P0_QuickAttackL_Hit_N_Fwd_00_%_00_P0_100.xmot Right=TrollFist RightUseType=55 RightGroup=7->7 NativeResult=1 OBSERVE_NATIVE=1
CORE RAW55_QUICK_CALLBACK_BOUNDARY Actor=Troll C1=6 SameC1=1 Action=5->5 Phase=1->1 StateTime=0.708367->0.708367 StatePosition=1->1 MotionBefore=Troll_Stand_Fist_Fist_P0_QuickAttackL_Hit_N_Fwd_00_%_00_P0_100.xmot MotionAfter=Troll_Stand_Fist_Fist_P0_QuickAttackL_Hit_N_Fwd_00_%_00_P0_100.xmot Right=TrollFist RightUseType=55 RightGroup=7->7 NativeResult=1 OBSERVE_NATIVE=1
CORE RAW55_QUICK_CALLBACK_BOUNDARY Actor=Troll C1=6 SameC1=1 Action=5->5 Phase=1->1 StateTime=0.716701->0.716701 StatePosition=1->1 MotionBefore=Troll_Stand_Fist_Fist_P0_QuickAttackL_Hit_N_Fwd_00_%_00_P0_100.xmot MotionAfter=Troll_Stand_Fist_Fist_P0_QuickAttackL_Hit_N_Fwd_00_%_00_P0_100.xmot Right=TrollFist RightUseType=55 RightGroup=7->7 NativeResult=1 OBSERVE_NATIVE=1
CORE RAW55_QUICK_CALLBACK_BOUNDARY Actor=Troll C1=6 SameC1=1 Action=5->5 Phase=1->1 StateTime=0.725034->0.725034 StatePosition=1->1 MotionBefore=Troll_Stand_Fist_Fist_P0_QuickAttackL_Hit_N_Fwd_00_%_00_P0_100.xmot MotionAfter=Troll_Stand_Fist_Fist_P0_QuickAttackL_Hit_N_Fwd_00_%_00_P0_100.xmot Right=TrollFist RightUseType=55 RightGroup=7->7 NativeResult=1 OBSERVE_NATIVE=1
CORE RAW55_QUICK_CALLBACK_BOUNDARY Actor=Troll C1=6 SameC1=1 Action=5->5 Phase=1->1 StateTime=0.734005->0.734005 StatePosition=1->1 MotionBefore=Troll_Stand_Fist_Fist_P0_QuickAttackL_Hit_N_Fwd_00_%_00_P0_100.xmot MotionAfter=Troll_Stand_Fist_Fist_P0_QuickAttackL_Hit_N_Fwd_00_%_00_P0_100.xmot Right=TrollFist RightUseType=55 RightGroup=7->7 NativeResult=1 OBSERVE_NATIVE=1
CORE RAW55_QUICK_CALLBACK_BOUNDARY Actor=Troll C1=6 SameC1=1 Action=5->5 Phase=1->1 StateTime=0.742338->0.742338 StatePosition=1->1 MotionBefore=Troll_Stand_Fist_Fist_P0_QuickAttackL_Hit_N_Fwd_00_%_00_P0_100.xmot MotionAfter=Troll_Stand_Fist_Fist_P0_QuickAttackL_Hit_N_Fwd_00_%_00_P0_100.xmot Right=TrollFist RightUseType=55 RightGroup=7->7 NativeResult=1 OBSERVE_NATIVE=1
CORE RAW55_QUICK_CALLBACK_BOUNDARY Actor=Troll C1=6 SameC1=1 Action=5->5 Phase=1->1 StateTime=0.751309->0.751309 StatePosition=1->1 MotionBefore=Troll_Stand_Fist_Fist_P0_QuickAttackL_Hit_N_Fwd_00_%_00_P0_100.xmot MotionAfter=Troll_Stand_Fist_Fist_P0_QuickAttackL_Hit_N_Fwd_00_%_00_P0_100.xmot Right=TrollFist RightUseType=55 RightGroup=7->7 NativeResult=1 OBSERVE_NATIVE=1
CORE RAW55_QUICK_CALLBACK_BOUNDARY Actor=Troll C1=6 SameC1=1 Action=5->5 Phase=1->1 StateTime=0.759642->0.759642 StatePosition=1->1 MotionBefore=Troll_Stand_Fist_Fist_P0_QuickAttackL_Hit_N_Fwd_00_%_00_P0_100.xmot MotionAfter=Troll_Stand_Fist_Fist_P0_QuickAttackL_Hit_N_Fwd_00_%_00_P0_100.xmot Right=TrollFist RightUseType=55 RightGroup=7->7 NativeResult=1 OBSERVE_NATIVE=1
CORE RAW55_QUICK_CALLBACK_BOUNDARY Actor=Troll C1=6 SameC1=1 Action=5->5 Phase=1->1 StateTime=0.768598->0.768598 StatePosition=1->1 MotionBefore=Troll_Stand_Fist_Fist_P0_QuickAttackL_Hit_N_Fwd_00_%_00_P0_100.xmot MotionAfter=Troll_Stand_Fist_Fist_P0_QuickAttackL_Hit_N_Fwd_00_%_00_P0_100.xmot Right=TrollFist RightUseType=55 RightGroup=7->7 NativeResult=1 OBSERVE_NATIVE=1
CORE RAW55_QUICK_CALLBACK_BOUNDARY Actor=Troll C1=6 SameC1=1 Action=5->5 Phase=1->1 StateTime=0.776932->0.776932 StatePosition=1->1 MotionBefore=Troll_Stand_Fist_Fist_P0_QuickAttackL_Hit_N_Fwd_00_%_00_P0_100.xmot MotionAfter=Troll_Stand_Fist_Fist_P0_QuickAttackL_Hit_N_Fwd_00_%_00_P0_100.xmot Right=TrollFist RightUseType=55 RightGroup=7->7 NativeResult=1 OBSERVE_NATIVE=1
CORE RAW55_QUICK_CALLBACK_BOUNDARY Actor=Troll C1=6 SameC1=1 Action=5->5 Phase=1->1 StateTime=0.785265->0.785265 StatePosition=1->1 MotionBefore=Troll_Stand_Fist_Fist_P0_QuickAttackL_Hit_N_Fwd_00_%_00_P0_100.xmot MotionAfter=Troll_Stand_Fist_Fist_P0_QuickAttackL_Hit_N_Fwd_00_%_00_P0_100.xmot Right=TrollFist RightUseType=55 RightGroup=7->7 NativeResult=1 OBSERVE_NATIVE=1
CORE RAW55_QUICK_CALLBACK_BOUNDARY Actor=Troll C1=6 SameC1=1 Action=5->5 Phase=1->1 StateTime=0.794236->0.794236 StatePosition=1->1 MotionBefore=Troll_Stand_Fist_Fist_P0_QuickAttackL_Hit_N_Fwd_00_%_00_P0_100.xmot MotionAfter=Troll_Stand_Fist_Fist_P0_QuickAttackL_Hit_N_Fwd_00_%_00_P0_100.xmot Right=TrollFist RightUseType=55 RightGroup=7->7 NativeResult=1 OBSERVE_NATIVE=1
CORE COLLISION_GROUP ElapsedMs=33037.095 Source=TrollFist UseType=55 Owner=Troll Slot=RIGHT Requested=5 Before=7 After=5 MarkerBitsRetired=0
CORE C1 CLEANUP FULFILLED ElapsedMs=33037.153 Actor=Troll Generation=6 Status=PERSISTED Source=TrollFist Side=RIGHT Requests=1 Outstanding=0 CleanupObserved=1 Group=5
CORE C1_FINAL ElapsedMs=33128.922 Actor=Troll Generation=6 Status=PERSISTED SourceCount=2 PhysicalChanged=0 Source[0]=TrollFist Side=RIGHT Outstanding=0 Cleanup=1 Outcome=NO_OP_NO_OUTSTANDING Source[1]=TrollFist Side=LEFT Outstanding=0 Cleanup=0 Outcome=NO_OP_NO_OUTSTANDING
CORE C1_START ElapsedMs=34340.504 Actor=Troll Generation=7 Status=CANDIDATE Outstanding=0 TrackedSources=2 ReplacedGeneration=0 ReplacedOutstanding=0 Source[0]=TrollFist Side=RIGHT Group=5 Source[1]=TrollFist Side=LEFT Group=5
CORE C1_BIND ElapsedMs=34340.518 Event=COMBAT_MOVE_CANDIDATE_BOUND Actor=Troll Generation=7 Status=CANDIDATE Outstanding=0 Source=<null> Script=_AI_QuickAttack
CORE C1_STATUS ElapsedMs=34340.579 Event=PERSISTED Actor=Troll Generation=7 Status=PERSISTED Outstanding=0
CORE ATTACK_OWNERSHIP ElapsedMs=34340.596 Actor=Troll Family=QUICK Action=4 Phase=1 Motion=Troll_Stand_Fist_Fist_P0_QuickAttackR_Hit_N_Fwd_00_%_00_P0_100.xmot MarkerPresent=1 RequiredMask=0 FistMarkers=1 Raw8Fist=<none> Raw8UseType=-1 SuppressNative=0 Classification=CONTRADICTION
===== CORE ATTACK OWNERSHIP ANOMALY =====
MatchingMotionFound: 1
MarkerScanValid: 1
RequiredSourcesAvailable: 1
RightSourceSlot: RIGHT
RightSourceName: TrollFist
RightSourceUseType: 55
RightSourceCollisionGroup: 5
LeftSourceSlot: LEFT
LeftSourceName: TrollFist
LeftSourceUseType: 55
LeftSourceCollisionGroup: 5
Raw8FistSourceName: <none>
Raw8FistSourceUseType: -1
Raw8FistSourceCollisionGroup: -1
=========================================

CORE RAW55_QUICK_CALLBACK_BOUNDARY Actor=Troll C1=7 SameC1=1 Action=4->4 Phase=1->1 StateTime=0.000000->0.000000 StatePosition=0->0 MotionBefore=Troll_Stand_Fist_Fist_P0_QuickAttackR_Hit_N_Fwd_00_%_00_P0_100.xmot MotionAfter=Troll_Stand_Fist_Fist_P0_QuickAttackR_Hit_N_Fwd_00_%_00_P0_100.xmot Right=TrollFist RightUseType=55 RightGroup=5->5 NativeResult=1 OBSERVE_NATIVE=1
CORE RAW55_QUICK_CALLBACK_BOUNDARY Actor=Troll C1=7 SameC1=1 Action=4->4 Phase=1->1 StateTime=0.008333->0.008333 StatePosition=0->0 MotionBefore=Troll_Stand_Fist_Fist_P0_QuickAttackR_Hit_N_Fwd_00_%_00_P0_100.xmot MotionAfter=Troll_Stand_Fist_Fist_P0_QuickAttackR_Hit_N_Fwd_00_%_00_P0_100.xmot Right=TrollFist RightUseType=55 RightGroup=5->5 NativeResult=1 OBSERVE_NATIVE=1
CORE RAW55_QUICK_CALLBACK_BOUNDARY Actor=Troll C1=7 SameC1=1 Action=4->4 Phase=1->1 StateTime=0.018275->0.018275 StatePosition=0->0 MotionBefore=Troll_Stand_Fist_Fist_P0_QuickAttackR_Hit_N_Fwd_00_%_00_P0_100.xmot MotionAfter=Troll_Stand_Fist_Fist_P0_QuickAttackR_Hit_N_Fwd_00_%_00_P0_100.xmot Right=TrollFist RightUseType=55 RightGroup=5->5 NativeResult=1 OBSERVE_NATIVE=1
CORE RAW55_QUICK_CALLBACK_BOUNDARY Actor=Troll C1=7 SameC1=1 Action=4->4 Phase=1->1 StateTime=0.026608->0.026608 StatePosition=0->0 MotionBefore=Troll_Stand_Fist_Fist_P0_QuickAttackR_Hit_N_Fwd_00_%_00_P0_100.xmot MotionAfter=Troll_Stand_Fist_Fist_P0_QuickAttackR_Hit_N_Fwd_00_%_00_P0_100.xmot Right=TrollFist RightUseType=55 RightGroup=5->5 NativeResult=1 OBSERVE_NATIVE=1
CORE RAW55_QUICK_CALLBACK_BOUNDARY Actor=Troll C1=7 SameC1=1 Action=4->4 Phase=1->1 StateTime=0.035564->0.035564 StatePosition=0->0 MotionBefore=Troll_Stand_Fist_Fist_P0_QuickAttackR_Hit_N_Fwd_00_%_00_P0_100.xmot MotionAfter=Troll_Stand_Fist_Fist_P0_QuickAttackR_Hit_N_Fwd_00_%_00_P0_100.xmot Right=TrollFist RightUseType=55 RightGroup=5->5 NativeResult=1 OBSERVE_NATIVE=1
CORE RAW55_QUICK_CALLBACK_BOUNDARY Actor=Troll C1=7 SameC1=1 Action=4->4 Phase=1->1 StateTime=0.043898->0.043898 StatePosition=0->0 MotionBefore=Troll_Stand_Fist_Fist_P0_QuickAttackR_Hit_N_Fwd_00_%_00_P0_100.xmot MotionAfter=Troll_Stand_Fist_Fist_P0_QuickAttackR_Hit_N_Fwd_00_%_00_P0_100.xmot Right=TrollFist RightUseType=55 RightGroup=5->5 NativeResult=1 OBSERVE_NATIVE=1
CORE RAW55_QUICK_CALLBACK_BOUNDARY Actor=Troll C1=7 SameC1=1 Action=4->4 Phase=1->1 StateTime=0.052231->0.052231 StatePosition=0->0 MotionBefore=Troll_Stand_Fist_Fist_P0_QuickAttackR_Hit_N_Fwd_00_%_00_P0_100.xmot MotionAfter=Troll_Stand_Fist_Fist_P0_QuickAttackR_Hit_N_Fwd_00_%_00_P0_100.xmot Right=TrollFist RightUseType=55 RightGroup=5->5 NativeResult=1 OBSERVE_NATIVE=1
CORE RAW55_QUICK_CALLBACK_BOUNDARY Actor=Troll C1=7 SameC1=1 Action=4->4 Phase=1->1 StateTime=0.060564->0.060564 StatePosition=0->0 MotionBefore=Troll_Stand_Fist_Fist_P0_QuickAttackR_Hit_N_Fwd_00_%_00_P0_100.xmot MotionAfter=Troll_Stand_Fist_Fist_P0_QuickAttackR_Hit_N_Fwd_00_%_00_P0_100.xmot Right=TrollFist RightUseType=55 RightGroup=5->5 NativeResult=1 OBSERVE_NATIVE=1
CORE RAW55_QUICK_CALLBACK_BOUNDARY Actor=Troll C1=7 SameC1=1 Action=4->4 Phase=1->1 StateTime=0.068898->0.068898 StatePosition=0->0 MotionBefore=Troll_Stand_Fist_Fist_P0_QuickAttackR_Hit_N_Fwd_00_%_00_P0_100.xmot MotionAfter=Troll_Stand_Fist_Fist_P0_QuickAttackR_Hit_N_Fwd_00_%_00_P0_100.xmot Right=TrollFist RightUseType=55 RightGroup=5->5 NativeResult=1 OBSERVE_NATIVE=1
CORE RAW55_QUICK_CALLBACK_BOUNDARY Actor=Troll C1=7 SameC1=1 Action=4->4 Phase=1->1 StateTime=0.077868->0.077868 StatePosition=0->0 MotionBefore=Troll_Stand_Fist_Fist_P0_QuickAttackR_Hit_N_Fwd_00_%_00_P0_100.xmot MotionAfter=Troll_Stand_Fist_Fist_P0_QuickAttackR_Hit_N_Fwd_00_%_00_P0_100.xmot Right=TrollFist RightUseType=55 RightGroup=5->5 NativeResult=1 OBSERVE_NATIVE=1
CORE RAW55_QUICK_CALLBACK_BOUNDARY Actor=Troll C1=7 SameC1=1 Action=4->4 Phase=1->1 StateTime=0.086202->0.086202 StatePosition=0->0 MotionBefore=Troll_Stand_Fist_Fist_P0_QuickAttackR_Hit_N_Fwd_00_%_00_P0_100.xmot MotionAfter=Troll_Stand_Fist_Fist_P0_QuickAttackR_Hit_N_Fwd_00_%_00_P0_100.xmot Right=TrollFist RightUseType=55 RightGroup=5->5 NativeResult=1 OBSERVE_NATIVE=1
CORE RAW55_QUICK_CALLBACK_BOUNDARY Actor=Troll C1=7 SameC1=1 Action=4->4 Phase=1->1 StateTime=0.094535->0.094535 StatePosition=0->0 MotionBefore=Troll_Stand_Fist_Fist_P0_QuickAttackR_Hit_N_Fwd_00_%_00_P0_100.xmot MotionAfter=Troll_Stand_Fist_Fist_P0_QuickAttackR_Hit_N_Fwd_00_%_00_P0_100.xmot Right=TrollFist RightUseType=55 RightGroup=5->5 NativeResult=1 OBSERVE_NATIVE=1
CORE RAW55_QUICK_GROUP_SUPPRESSION Actor=Troll C1=7 Right=TrollFist RightUseType=55 RequestedGroup=7 BeforeGroup=5 StatePosition=0 StateTime=0.102868 SUPPRESS_GROUP=1
CORE RAW55_QUICK_CALLBACK_BOUNDARY Actor=Troll C1=7 SameC1=1 Action=4->4 Phase=1->1 StateTime=0.102868->0.102868 StatePosition=0->1 MotionBefore=Troll_Stand_Fist_Fist_P0_QuickAttackR_Hit_N_Fwd_00_%_00_P0_100.xmot MotionAfter=Troll_Stand_Fist_Fist_P0_QuickAttackR_Hit_N_Fwd_00_%_00_P0_100.xmot Right=TrollFist RightUseType=55 RightGroup=5->5 NativeResult=1 OBSERVE_NATIVE=1
CORE RAW55_QUICK_CALLBACK_BOUNDARY Actor=Troll C1=7 SameC1=1 Action=4->4 Phase=1->1 StateTime=0.111839->0.111839 StatePosition=1->1 MotionBefore=Troll_Stand_Fist_Fist_P0_QuickAttackR_Hit_N_Fwd_00_%_00_P0_100.xmot MotionAfter=Troll_Stand_Fist_Fist_P0_QuickAttackR_Hit_N_Fwd_00_%_00_P0_100.xmot Right=TrollFist RightUseType=55 RightGroup=5->5 NativeResult=1 OBSERVE_NATIVE=1
CORE RAW55_QUICK_CALLBACK_BOUNDARY Actor=Troll C1=7 SameC1=1 Action=4->4 Phase=1->1 StateTime=0.120839->0.120839 StatePosition=1->1 MotionBefore=Troll_Stand_Fist_Fist_P0_QuickAttackR_Hit_N_Fwd_00_%_00_P0_100.xmot MotionAfter=Troll_Stand_Fist_Fist_P0_QuickAttackR_Hit_N_Fwd_00_%_00_P0_100.xmot Right=TrollFist RightUseType=55 RightGroup=5->5 NativeResult=1 OBSERVE_NATIVE=1
CORE RAW55_QUICK_CALLBACK_BOUNDARY Actor=Troll C1=7 SameC1=1 Action=4->4 Phase=1->1 StateTime=0.129172->0.129172 StatePosition=1->1 MotionBefore=Troll_Stand_Fist_Fist_P0_QuickAttackR_Hit_N_Fwd_00_%_00_P0_100.xmot MotionAfter=Troll_Stand_Fist_Fist_P0_QuickAttackR_Hit_N_Fwd_00_%_00_P0_100.xmot Right=TrollFist RightUseType=55 RightGroup=5->5 NativeResult=1 OBSERVE_NATIVE=1
CORE RAW55_QUICK_CALLBACK_BOUNDARY Actor=Troll C1=7 SameC1=1 Action=4->4 Phase=1->1 StateTime=0.137505->0.137505 StatePosition=1->1 MotionBefore=Troll_Stand_Fist_Fist_P0_QuickAttackR_Hit_N_Fwd_00_%_00_P0_100.xmot MotionAfter=Troll_Stand_Fist_Fist_P0_QuickAttackR_Hit_N_Fwd_00_%_00_P0_100.xmot Right=TrollFist RightUseType=55 RightGroup=5->5 NativeResult=1 OBSERVE_NATIVE=1
CORE RAW55_QUICK_CALLBACK_BOUNDARY Actor=Troll C1=7 SameC1=1 Action=4->4 Phase=1->1 StateTime=0.145839->0.145839 StatePosition=1->1 MotionBefore=Troll_Stand_Fist_Fist_P0_QuickAttackR_Hit_N_Fwd_00_%_00_P0_100.xmot MotionAfter=Troll_Stand_Fist_Fist_P0_QuickAttackR_Hit_N_Fwd_00_%_00_P0_100.xmot Right=TrollFist RightUseType=55 RightGroup=5->5 NativeResult=1 OBSERVE_NATIVE=1
CORE RAW55_QUICK_CALLBACK_BOUNDARY Actor=Troll C1=7 SameC1=1 Action=4->4 Phase=1->1 StateTime=0.154809->0.154809 StatePosition=1->1 MotionBefore=Troll_Stand_Fist_Fist_P0_QuickAttackR_Hit_N_Fwd_00_%_00_P0_100.xmot MotionAfter=Troll_Stand_Fist_Fist_P0_QuickAttackR_Hit_N_Fwd_00_%_00_P0_100.xmot Right=TrollFist RightUseType=55 RightGroup=5->5 NativeResult=1 OBSERVE_NATIVE=1
CORE RAW55_QUICK_CALLBACK_BOUNDARY Actor=Troll C1=7 SameC1=1 Action=4->4 Phase=1->1 StateTime=0.163143->0.163143 StatePosition=1->1 MotionBefore=Troll_Stand_Fist_Fist_P0_QuickAttackR_Hit_N_Fwd_00_%_00_P0_100.xmot MotionAfter=Troll_Stand_Fist_Fist_P0_QuickAttackR_Hit_N_Fwd_00_%_00_P0_100.xmot Right=TrollFist RightUseType=55 RightGroup=5->5 NativeResult=1 OBSERVE_NATIVE=1
CORE RAW55_QUICK_CALLBACK_BOUNDARY Actor=Troll C1=7 SameC1=1 Action=4->4 Phase=1->1 StateTime=0.171476->0.171476 StatePosition=1->1 MotionBefore=Troll_Stand_Fist_Fist_P0_QuickAttackR_Hit_N_Fwd_00_%_00_P0_100.xmot MotionAfter=Troll_Stand_Fist_Fist_P0_QuickAttackR_Hit_N_Fwd_00_%_00_P0_100.xmot Right=TrollFist RightUseType=55 RightGroup=5->5 NativeResult=1 OBSERVE_NATIVE=1
CORE RAW55_QUICK_CALLBACK_BOUNDARY Actor=Troll C1=7 SameC1=1 Action=4->4 Phase=1->1 StateTime=0.179809->0.179809 StatePosition=1->1 MotionBefore=Troll_Stand_Fist_Fist_P0_QuickAttackR_Hit_N_Fwd_00_%_00_P0_100.xmot MotionAfter=Troll_Stand_Fist_Fist_P0_QuickAttackR_Hit_N_Fwd_00_%_00_P0_100.xmot Right=TrollFist RightUseType=55 RightGroup=5->5 NativeResult=1 OBSERVE_NATIVE=1
CORE RAW55_QUICK_CALLBACK_BOUNDARY Actor=Troll C1=7 SameC1=1 Action=4->4 Phase=1->1 StateTime=0.188143->0.188143 StatePosition=1->1 MotionBefore=Troll_Stand_Fist_Fist_P0_QuickAttackR_Hit_N_Fwd_00_%_00_P0_100.xmot MotionAfter=Troll_Stand_Fist_Fist_P0_QuickAttackR_Hit_N_Fwd_00_%_00_P0_100.xmot Right=TrollFist RightUseType=55 RightGroup=5->5 NativeResult=1 OBSERVE_NATIVE=1
CORE RAW55_QUICK_CALLBACK_BOUNDARY Actor=Troll C1=7 SameC1=1 Action=4->4 Phase=1->1 StateTime=0.196476->0.196476 StatePosition=1->1 MotionBefore=Troll_Stand_Fist_Fist_P0_QuickAttackR_Hit_N_Fwd_00_%_00_P0_100.xmot MotionAfter=Troll_Stand_Fist_Fist_P0_QuickAttackR_Hit_N_Fwd_00_%_00_P0_100.xmot Right=TrollFist RightUseType=55 RightGroup=5->5 NativeResult=1 OBSERVE_NATIVE=1
CORE RAW55_QUICK_CALLBACK_BOUNDARY Actor=Troll C1=7 SameC1=1 Action=4->4 Phase=1->1 StateTime=0.204809->0.204809 StatePosition=1->1 MotionBefore=Troll_Stand_Fist_Fist_P0_QuickAttackR_Hit_N_Fwd_00_%_00_P0_100.xmot MotionAfter=Troll_Stand_Fist_Fist_P0_QuickAttackR_Hit_N_Fwd_00_%_00_P0_100.xmot Right=TrollFist RightUseType=55 RightGroup=5->5 NativeResult=1 OBSERVE_NATIVE=1
CORE RAW55_QUICK_CALLBACK_BOUNDARY Actor=Troll C1=7 SameC1=1 Action=4->4 Phase=1->1 StateTime=0.213143->0.213143 StatePosition=1->1 MotionBefore=Troll_Stand_Fist_Fist_P0_QuickAttackR_Hit_N_Fwd_00_%_00_P0_100.xmot MotionAfter=Troll_Stand_Fist_Fist_P0_QuickAttackR_Hit_N_Fwd_00_%_00_P0_100.xmot Right=TrollFist RightUseType=55 RightGroup=5->5 NativeResult=1 OBSERVE_NATIVE=1
CORE RAW55_QUICK_CALLBACK_BOUNDARY Actor=Troll C1=7 SameC1=1 Action=4->4 Phase=1->1 StateTime=0.222113->0.222113 StatePosition=1->1 MotionBefore=Troll_Stand_Fist_Fist_P0_QuickAttackR_Hit_N_Fwd_00_%_00_P0_100.xmot MotionAfter=Troll_Stand_Fist_Fist_P0_QuickAttackR_Hit_N_Fwd_00_%_00_P0_100.xmot Right=TrollFist RightUseType=55 RightGroup=5->5 NativeResult=1 OBSERVE_NATIVE=1
CORE RAW55_QUICK_CALLBACK_BOUNDARY Actor=Troll C1=7 SameC1=1 Action=4->4 Phase=1->1 StateTime=0.230447->0.230447 StatePosition=1->1 MotionBefore=Troll_Stand_Fist_Fist_P0_QuickAttackR_Hit_N_Fwd_00_%_00_P0_100.xmot MotionAfter=Troll_Stand_Fist_Fist_P0_QuickAttackR_Hit_N_Fwd_00_%_00_P0_100.xmot Right=TrollFist RightUseType=55 RightGroup=5->5 NativeResult=1 OBSERVE_NATIVE=1
CORE RAW55_QUICK_CALLBACK_BOUNDARY Actor=Troll C1=7 SameC1=1 Action=4->4 Phase=1->1 StateTime=0.239417->0.239417 StatePosition=1->1 MotionBefore=Troll_Stand_Fist_Fist_P0_QuickAttackR_Hit_N_Fwd_00_%_00_P0_100.xmot MotionAfter=Troll_Stand_Fist_Fist_P0_QuickAttackR_Hit_N_Fwd_00_%_00_P0_100.xmot Right=TrollFist RightUseType=55 RightGroup=5->5 NativeResult=1 OBSERVE_NATIVE=1
CORE RAW55_QUICK_CALLBACK_BOUNDARY Actor=Troll C1=7 SameC1=1 Action=4->4 Phase=1->1 StateTime=0.248417->0.248417 StatePosition=1->1 MotionBefore=Troll_Stand_Fist_Fist_P0_QuickAttackR_Hit_N_Fwd_00_%_00_P0_100.xmot MotionAfter=Troll_Stand_Fist_Fist_P0_QuickAttackR_Hit_N_Fwd_00_%_00_P0_100.xmot Right=TrollFist RightUseType=55 RightGroup=5->5 NativeResult=1 OBSERVE_NATIVE=1
CORE RAW55_QUICK_CALLBACK_BOUNDARY Actor=Troll C1=7 SameC1=1 Action=4->4 Phase=1->1 StateTime=0.256750->0.256750 StatePosition=1->1 MotionBefore=Troll_Stand_Fist_Fist_P0_QuickAttackR_Hit_N_Fwd_00_%_00_P0_100.xmot MotionAfter=Troll_Stand_Fist_Fist_P0_QuickAttackR_Hit_N_Fwd_00_%_00_P0_100.xmot Right=TrollFist RightUseType=55 RightGroup=5->5 NativeResult=1 OBSERVE_NATIVE=1
CORE RAW55_QUICK_CALLBACK_BOUNDARY Actor=Troll C1=7 SameC1=1 Action=4->4 Phase=1->1 StateTime=0.266692->0.266692 StatePosition=1->1 MotionBefore=Troll_Stand_Fist_Fist_P0_QuickAttackR_Hit_N_Fwd_00_%_00_P0_100.xmot MotionAfter=Troll_Stand_Fist_Fist_P0_QuickAttackR_Hit_N_Fwd_00_%_00_P0_100.xmot Right=TrollFist RightUseType=55 RightGroup=5->5 NativeResult=1 OBSERVE_NATIVE=1
CORE RAW55_QUICK_CALLBACK_BOUNDARY Actor=Troll C1=7 SameC1=1 Action=4->4 Phase=1->1 StateTime=0.275025->0.275025 StatePosition=1->1 MotionBefore=Troll_Stand_Fist_Fist_P0_QuickAttackR_Hit_N_Fwd_00_%_00_P0_100.xmot MotionAfter=Troll_Stand_Fist_Fist_P0_QuickAttackR_Hit_N_Fwd_00_%_00_P0_100.xmot Right=TrollFist RightUseType=55 RightGroup=5->5 NativeResult=1 OBSERVE_NATIVE=1
CORE RAW55_QUICK_CALLBACK_BOUNDARY Actor=Troll C1=7 SameC1=1 Action=4->4 Phase=1->1 StateTime=0.283359->0.283359 StatePosition=1->1 MotionBefore=Troll_Stand_Fist_Fist_P0_QuickAttackR_Hit_N_Fwd_00_%_00_P0_100.xmot MotionAfter=Troll_Stand_Fist_Fist_P0_QuickAttackR_Hit_N_Fwd_00_%_00_P0_100.xmot Right=TrollFist RightUseType=55 RightGroup=5->5 NativeResult=1 OBSERVE_NATIVE=1
CORE RAW55_QUICK_CALLBACK_BOUNDARY Actor=Troll C1=7 SameC1=1 Action=4->4 Phase=1->1 StateTime=0.291692->0.291692 StatePosition=1->1 MotionBefore=Troll_Stand_Fist_Fist_P0_QuickAttackR_Hit_N_Fwd_00_%_00_P0_100.xmot MotionAfter=Troll_Stand_Fist_Fist_P0_QuickAttackR_Hit_N_Fwd_00_%_00_P0_100.xmot Right=TrollFist RightUseType=55 RightGroup=5->5 NativeResult=1 OBSERVE_NATIVE=1
CORE RAW55_QUICK_CALLBACK_BOUNDARY Actor=Troll C1=7 SameC1=1 Action=4->4 Phase=1->1 StateTime=0.300663->0.300663 StatePosition=1->1 MotionBefore=Troll_Stand_Fist_Fist_P0_QuickAttackR_Hit_N_Fwd_00_%_00_P0_100.xmot MotionAfter=Troll_Stand_Fist_Fist_P0_QuickAttackR_Hit_N_Fwd_00_%_00_P0_100.xmot Right=TrollFist RightUseType=55 RightGroup=5->5 NativeResult=1 OBSERVE_NATIVE=1
CORE RAW55_QUICK_CALLBACK_BOUNDARY Actor=Troll C1=7 SameC1=1 Action=4->4 Phase=1->1 StateTime=0.308996->0.308996 StatePosition=1->1 MotionBefore=Troll_Stand_Fist_Fist_P0_QuickAttackR_Hit_N_Fwd_00_%_00_P0_100.xmot MotionAfter=Troll_Stand_Fist_Fist_P0_QuickAttackR_Hit_N_Fwd_00_%_00_P0_100.xmot Right=TrollFist RightUseType=55 RightGroup=5->5 NativeResult=1 OBSERVE_NATIVE=1
CORE RAW55_QUICK_CALLBACK_BOUNDARY Actor=Troll C1=7 SameC1=1 Action=4->4 Phase=1->1 StateTime=0.317329->0.317329 StatePosition=1->1 MotionBefore=Troll_Stand_Fist_Fist_P0_QuickAttackR_Hit_N_Fwd_00_%_00_P0_100.xmot MotionAfter=Troll_Stand_Fist_Fist_P0_QuickAttackR_Hit_N_Fwd_00_%_00_P0_100.xmot Right=TrollFist RightUseType=55 RightGroup=5->5 NativeResult=1 OBSERVE_NATIVE=1
CORE RAW55_QUICK_CALLBACK_BOUNDARY Actor=Troll C1=7 SameC1=1 Action=4->4 Phase=1->1 StateTime=0.325663->0.325663 StatePosition=1->1 MotionBefore=Troll_Stand_Fist_Fist_P0_QuickAttackR_Hit_N_Fwd_00_%_00_P0_100.xmot MotionAfter=Troll_Stand_Fist_Fist_P0_QuickAttackR_Hit_N_Fwd_00_%_00_P0_100.xmot Right=TrollFist RightUseType=55 RightGroup=5->5 NativeResult=1 OBSERVE_NATIVE=1
CORE RAW55_QUICK_CALLBACK_BOUNDARY Actor=Troll C1=7 SameC1=1 Action=4->4 Phase=1->1 StateTime=0.334633->0.334633 StatePosition=1->1 MotionBefore=Troll_Stand_Fist_Fist_P0_QuickAttackR_Hit_N_Fwd_00_%_00_P0_100.xmot MotionAfter=Troll_Stand_Fist_Fist_P0_QuickAttackR_Hit_N_Fwd_00_%_00_P0_100.xmot Right=TrollFist RightUseType=55 RightGroup=5->5 NativeResult=1 OBSERVE_NATIVE=1
CORE RAW55_QUICK_CALLBACK_BOUNDARY Actor=Troll C1=7 SameC1=1 Action=4->4 Phase=1->1 StateTime=0.342967->0.342967 StatePosition=1->1 MotionBefore=Troll_Stand_Fist_Fist_P0_QuickAttackR_Hit_N_Fwd_00_%_00_P0_100.xmot MotionAfter=Troll_Stand_Fist_Fist_P0_QuickAttackR_Hit_N_Fwd_00_%_00_P0_100.xmot Right=TrollFist RightUseType=55 RightGroup=5->5 NativeResult=1 OBSERVE_NATIVE=1
CORE RAW55_QUICK_CALLBACK_BOUNDARY Actor=Troll C1=7 SameC1=1 Action=4->4 Phase=1->1 StateTime=0.351937->0.351937 StatePosition=1->1 MotionBefore=Troll_Stand_Fist_Fist_P0_QuickAttackR_Hit_N_Fwd_00_%_00_P0_100.xmot MotionAfter=Troll_Stand_Fist_Fist_P0_QuickAttackR_Hit_N_Fwd_00_%_00_P0_100.xmot Right=TrollFist RightUseType=55 RightGroup=5->5 NativeResult=1 OBSERVE_NATIVE=1
CORE RAW55_QUICK_CALLBACK_BOUNDARY Actor=Troll C1=7 SameC1=1 Action=4->4 Phase=1->1 StateTime=0.360271->0.360271 StatePosition=1->1 MotionBefore=Troll_Stand_Fist_Fist_P0_QuickAttackR_Hit_N_Fwd_00_%_00_P0_100.xmot MotionAfter=Troll_Stand_Fist_Fist_P0_QuickAttackR_Hit_N_Fwd_00_%_00_P0_100.xmot Right=TrollFist RightUseType=55 RightGroup=5->5 NativeResult=1 OBSERVE_NATIVE=1
CORE RAW55_QUICK_CALLBACK_BOUNDARY Actor=Troll C1=7 SameC1=1 Action=4->4 Phase=1->1 StateTime=0.368604->0.368604 StatePosition=1->1 MotionBefore=Troll_Stand_Fist_Fist_P0_QuickAttackR_Hit_N_Fwd_00_%_00_P0_100.xmot MotionAfter=Troll_Stand_Fist_Fist_P0_QuickAttackR_Hit_N_Fwd_00_%_00_P0_100.xmot Right=TrollFist RightUseType=55 RightGroup=5->5 NativeResult=1 OBSERVE_NATIVE=1
CORE RAW55_QUICK_CALLBACK_BOUNDARY Actor=Troll C1=7 SameC1=1 Action=4->4 Phase=1->1 StateTime=0.376938->0.376938 StatePosition=1->1 MotionBefore=Troll_Stand_Fist_Fist_P0_QuickAttackR_Hit_N_Fwd_00_%_00_P0_100.xmot MotionAfter=Troll_Stand_Fist_Fist_P0_QuickAttackR_Hit_N_Fwd_00_%_00_P0_100.xmot Right=TrollFist RightUseType=55 RightGroup=5->5 NativeResult=1 OBSERVE_NATIVE=1
CORE RAW55_QUICK_CALLBACK_BOUNDARY Actor=Troll C1=7 SameC1=1 Action=4->4 Phase=1->1 StateTime=0.385271->0.385271 StatePosition=1->1 MotionBefore=Troll_Stand_Fist_Fist_P0_QuickAttackR_Hit_N_Fwd_00_%_00_P0_100.xmot MotionAfter=Troll_Stand_Fist_Fist_P0_QuickAttackR_Hit_N_Fwd_00_%_00_P0_100.xmot Right=TrollFist RightUseType=55 RightGroup=5->5 NativeResult=1 OBSERVE_NATIVE=1
CORE RAW55_QUICK_CALLBACK_BOUNDARY Actor=Troll C1=7 SameC1=1 Action=4->4 Phase=1->1 StateTime=0.394242->0.394242 StatePosition=1->1 MotionBefore=Troll_Stand_Fist_Fist_P0_QuickAttackR_Hit_N_Fwd_00_%_00_P0_100.xmot MotionAfter=Troll_Stand_Fist_Fist_P0_QuickAttackR_Hit_N_Fwd_00_%_00_P0_100.xmot Right=TrollFist RightUseType=55 RightGroup=5->5 NativeResult=1 OBSERVE_NATIVE=1
CORE RAW55_QUICK_CALLBACK_BOUNDARY Actor=Troll C1=7 SameC1=1 Action=4->4 Phase=1->1 StateTime=0.402575->0.402575 StatePosition=1->1 MotionBefore=Troll_Stand_Fist_Fist_P0_QuickAttackR_Hit_N_Fwd_00_%_00_P0_100.xmot MotionAfter=Troll_Stand_Fist_Fist_P0_QuickAttackR_Hit_N_Fwd_00_%_00_P0_100.xmot Right=TrollFist RightUseType=55 RightGroup=5->5 NativeResult=1 OBSERVE_NATIVE=1
CORE RAW55_QUICK_CALLBACK_BOUNDARY Actor=Troll C1=7 SameC1=1 Action=4->4 Phase=1->1 StateTime=0.410908->0.410908 StatePosition=1->1 MotionBefore=Troll_Stand_Fist_Fist_P0_QuickAttackR_Hit_N_Fwd_00_%_00_P0_100.xmot MotionAfter=Troll_Stand_Fist_Fist_P0_QuickAttackR_Hit_N_Fwd_00_%_00_P0_100.xmot Right=TrollFist RightUseType=55 RightGroup=5->5 NativeResult=1 OBSERVE_NATIVE=1
CORE RAW55_QUICK_CALLBACK_BOUNDARY Actor=Troll C1=7 SameC1=1 Action=4->4 Phase=1->1 StateTime=0.422835->0.422835 StatePosition=1->1 MotionBefore=Troll_Stand_Fist_Fist_P0_QuickAttackR_Hit_N_Fwd_00_%_00_P0_100.xmot MotionAfter=Troll_Stand_Fist_Fist_P0_QuickAttackR_Hit_N_Fwd_00_%_00_P0_100.xmot Right=TrollFist RightUseType=55 RightGroup=5->5 NativeResult=1 OBSERVE_NATIVE=1
CORE RAW55_QUICK_CALLBACK_BOUNDARY Actor=Troll C1=7 SameC1=1 Action=4->4 Phase=1->1 StateTime=0.431168->0.431168 StatePosition=1->1 MotionBefore=Troll_Stand_Fist_Fist_P0_QuickAttackR_Hit_N_Fwd_00_%_00_P0_100.xmot MotionAfter=Troll_Stand_Fist_Fist_P0_QuickAttackR_Hit_N_Fwd_00_%_00_P0_100.xmot Right=TrollFist RightUseType=55 RightGroup=5->5 NativeResult=1 OBSERVE_NATIVE=1
CORE RAW55_QUICK_CALLBACK_BOUNDARY Actor=Troll C1=7 SameC1=1 Action=4->4 Phase=1->1 StateTime=0.442110->0.442110 StatePosition=1->1 MotionBefore=Troll_Stand_Fist_Fist_P0_QuickAttackR_Hit_N_Fwd_00_%_00_P0_100.xmot MotionAfter=Troll_Stand_Fist_Fist_P0_QuickAttackR_Hit_N_Fwd_00_%_00_P0_100.xmot Right=TrollFist RightUseType=55 RightGroup=5->5 NativeResult=1 OBSERVE_NATIVE=1
CORE RAW55_QUICK_CALLBACK_BOUNDARY Actor=Troll C1=7 SameC1=1 Action=4->4 Phase=1->1 StateTime=0.450443->0.450443 StatePosition=1->1 MotionBefore=Troll_Stand_Fist_Fist_P0_QuickAttackR_Hit_N_Fwd_00_%_00_P0_100.xmot MotionAfter=Troll_Stand_Fist_Fist_P0_QuickAttackR_Hit_N_Fwd_00_%_00_P0_100.xmot Right=TrollFist RightUseType=55 RightGroup=5->5 NativeResult=1 OBSERVE_NATIVE=1
CORE RAW55_QUICK_CALLBACK_BOUNDARY Actor=Troll C1=7 SameC1=1 Action=4->4 Phase=1->1 StateTime=0.458776->0.458776 StatePosition=1->1 MotionBefore=Troll_Stand_Fist_Fist_P0_QuickAttackR_Hit_N_Fwd_00_%_00_P0_100.xmot MotionAfter=Troll_Stand_Fist_Fist_P0_QuickAttackR_Hit_N_Fwd_00_%_00_P0_100.xmot Right=TrollFist RightUseType=55 RightGroup=5->5 NativeResult=1 OBSERVE_NATIVE=1
CORE RAW55_QUICK_CALLBACK_BOUNDARY Actor=Troll C1=7 SameC1=1 Action=4->4 Phase=1->1 StateTime=0.467732->0.467732 StatePosition=1->1 MotionBefore=Troll_Stand_Fist_Fist_P0_QuickAttackR_Hit_N_Fwd_00_%_00_P0_100.xmot MotionAfter=Troll_Stand_Fist_Fist_P0_QuickAttackR_Hit_N_Fwd_00_%_00_P0_100.xmot Right=TrollFist RightUseType=55 RightGroup=5->5 NativeResult=1 OBSERVE_NATIVE=1
CORE RAW55_QUICK_CALLBACK_BOUNDARY Actor=Troll C1=7 SameC1=1 Action=4->4 Phase=1->1 StateTime=0.476066->0.476066 StatePosition=1->1 MotionBefore=Troll_Stand_Fist_Fist_P0_QuickAttackR_Hit_N_Fwd_00_%_00_P0_100.xmot MotionAfter=Troll_Stand_Fist_Fist_P0_QuickAttackR_Hit_N_Fwd_00_%_00_P0_100.xmot Right=TrollFist RightUseType=55 RightGroup=5->5 NativeResult=1 OBSERVE_NATIVE=1
===== CORE MARKER ANOMALY / DISCOVERY =====
ElapsedMs: 34777.902
Actor: Troll
Action: 4
Family: QUICK
AniPhase: 1
StatePosition: 1
CurrentMovementAni: Troll_Stand_Fist_Fist_P0_QuickAttackR_Hit_N_Fwd_00_%_00_P0_100.xmot
MarkerName: G3AB_COL_FIST
MarkerOpcode: FIST
Result: UNSUPPORTED_MISSING_SOURCE
C1GenerationValid: 1
C1Generation: 7
RequiredSourceMask: 0
MissingSourceMask: 0
RightSourceSlot: RIGHT
RightSourceName: TrollFist
RightSourceUseType: 55
RightSourceCollisionGroup: 5
LeftSourceSlot: LEFT
LeftSourceName: TrollFist
LeftSourceUseType: 55
LeftSourceCollisionGroup: 5
Raw8FistSourceName: <none>
Raw8FistSourceUseType: -1
Raw8FistSourceCollisionGroup: -1
===========================================

CORE COLLISION_GROUP ElapsedMs=34777.935 Source=TrollFist UseType=55 Owner=Troll Slot=RIGHT Requested=7 Before=5 After=7 MarkerBitsRetired=0
CORE C1 OFFENSE REQUEST ElapsedMs=34777.943 Actor=Troll Generation=7 Status=PERSISTED Source=TrollFist Side=RIGHT Requests=1 Outstanding=1 CleanupObserved=0 Group=7
CORE RAW55_QUICK_FIST_REARM_PROBE Actor=Troll C1=7 Action=4 StatePosition=1 StateTime=0.486022 Right=TrollFist RightUseType=55 GroupBefore=5 RequestedGroup=7 GroupAfter=7 EarlySuppressionProof=1 ClearTriggeredList=1 REARM_PROBE=1
CORE RAW55_QUICK_CALLBACK_BOUNDARY Actor=Troll C1=7 SameC1=1 Action=4->4 Phase=1->1 StateTime=0.486022->0.486022 StatePosition=1->1 MotionBefore=Troll_Stand_Fist_Fist_P0_QuickAttackR_Hit_N_Fwd_00_%_00_P0_100.xmot MotionAfter=Troll_Stand_Fist_Fist_P0_QuickAttackR_Hit_N_Fwd_00_%_00_P0_100.xmot Right=TrollFist RightUseType=55 RightGroup=7->7 NativeResult=1 OBSERVE_NATIVE=1
CORE RAW55_QUICK_CALLBACK_BOUNDARY Actor=Troll C1=7 SameC1=1 Action=4->4 Phase=1->1 StateTime=0.494355->0.494355 StatePosition=1->1 MotionBefore=Troll_Stand_Fist_Fist_P0_QuickAttackR_Hit_N_Fwd_00_%_00_P0_100.xmot MotionAfter=Troll_Stand_Fist_Fist_P0_QuickAttackR_Hit_N_Fwd_00_%_00_P0_100.xmot Right=TrollFist RightUseType=55 RightGroup=7->7 NativeResult=1 OBSERVE_NATIVE=1
CORE RAW55_QUICK_CALLBACK_BOUNDARY Actor=Troll C1=7 SameC1=1 Action=4->4 Phase=1->1 StateTime=0.503326->0.503326 StatePosition=1->1 MotionBefore=Troll_Stand_Fist_Fist_P0_QuickAttackR_Hit_N_Fwd_00_%_00_P0_100.xmot MotionAfter=Troll_Stand_Fist_Fist_P0_QuickAttackR_Hit_N_Fwd_00_%_00_P0_100.xmot Right=TrollFist RightUseType=55 RightGroup=7->7 NativeResult=1 OBSERVE_NATIVE=1
CORE RAW55_QUICK_CALLBACK_BOUNDARY Actor=Troll C1=7 SameC1=1 Action=4->4 Phase=1->1 StateTime=0.511659->0.511659 StatePosition=1->1 MotionBefore=Troll_Stand_Fist_Fist_P0_QuickAttackR_Hit_N_Fwd_00_%_00_P0_100.xmot MotionAfter=Troll_Stand_Fist_Fist_P0_QuickAttackR_Hit_N_Fwd_00_%_00_P0_100.xmot Right=TrollFist RightUseType=55 RightGroup=7->7 NativeResult=1 OBSERVE_NATIVE=1
CORE RAW55_QUICK_CALLBACK_BOUNDARY Actor=Troll C1=7 SameC1=1 Action=4->4 Phase=1->1 StateTime=0.520630->0.520630 StatePosition=1->1 MotionBefore=Troll_Stand_Fist_Fist_P0_QuickAttackR_Hit_N_Fwd_00_%_00_P0_100.xmot MotionAfter=Troll_Stand_Fist_Fist_P0_QuickAttackR_Hit_N_Fwd_00_%_00_P0_100.xmot Right=TrollFist RightUseType=55 RightGroup=7->7 NativeResult=1 OBSERVE_NATIVE=1
CORE RAW55_QUICK_CALLBACK_BOUNDARY Actor=Troll C1=7 SameC1=1 Action=4->4 Phase=1->1 StateTime=0.528964->0.528964 StatePosition=1->1 MotionBefore=Troll_Stand_Fist_Fist_P0_QuickAttackR_Hit_N_Fwd_00_%_00_P0_100.xmot MotionAfter=Troll_Stand_Fist_Fist_P0_QuickAttackR_Hit_N_Fwd_00_%_00_P0_100.xmot Right=TrollFist RightUseType=55 RightGroup=7->7 NativeResult=1 OBSERVE_NATIVE=1
CORE RAW55_QUICK_CALLBACK_BOUNDARY Actor=Troll C1=7 SameC1=1 Action=4->4 Phase=1->1 StateTime=0.538905->0.538905 StatePosition=1->1 MotionBefore=Troll_Stand_Fist_Fist_P0_QuickAttackR_Hit_N_Fwd_00_%_00_P0_100.xmot MotionAfter=Troll_Stand_Fist_Fist_P0_QuickAttackR_Hit_N_Fwd_00_%_00_P0_100.xmot Right=TrollFist RightUseType=55 RightGroup=7->7 NativeResult=1 OBSERVE_NATIVE=1
CORE RAW55_QUICK_CALLBACK_BOUNDARY Actor=Troll C1=7 SameC1=1 Action=4->4 Phase=1->1 StateTime=0.547238->0.547238 StatePosition=1->1 MotionBefore=Troll_Stand_Fist_Fist_P0_QuickAttackR_Hit_N_Fwd_00_%_00_P0_100.xmot MotionAfter=Troll_Stand_Fist_Fist_P0_QuickAttackR_Hit_N_Fwd_00_%_00_P0_100.xmot Right=TrollFist RightUseType=55 RightGroup=7->7 NativeResult=1 OBSERVE_NATIVE=1
CORE RAW55_QUICK_CALLBACK_BOUNDARY Actor=Troll C1=7 SameC1=1 Action=4->4 Phase=1->1 StateTime=0.556209->0.556209 StatePosition=1->1 MotionBefore=Troll_Stand_Fist_Fist_P0_QuickAttackR_Hit_N_Fwd_00_%_00_P0_100.xmot MotionAfter=Troll_Stand_Fist_Fist_P0_QuickAttackR_Hit_N_Fwd_00_%_00_P0_100.xmot Right=TrollFist RightUseType=55 RightGroup=7->7 NativeResult=1 OBSERVE_NATIVE=1
CORE RAW55_QUICK_CALLBACK_BOUNDARY Actor=Troll C1=7 SameC1=1 Action=4->4 Phase=1->1 StateTime=0.564543->0.564543 StatePosition=1->1 MotionBefore=Troll_Stand_Fist_Fist_P0_QuickAttackR_Hit_N_Fwd_00_%_00_P0_100.xmot MotionAfter=Troll_Stand_Fist_Fist_P0_QuickAttackR_Hit_N_Fwd_00_%_00_P0_100.xmot Right=TrollFist RightUseType=55 RightGroup=7->7 NativeResult=1 OBSERVE_NATIVE=1
CORE RAW55_QUICK_CALLBACK_BOUNDARY Actor=Troll C1=7 SameC1=1 Action=4->4 Phase=1->1 StateTime=0.572876->0.572876 StatePosition=1->1 MotionBefore=Troll_Stand_Fist_Fist_P0_QuickAttackR_Hit_N_Fwd_00_%_00_P0_100.xmot MotionAfter=Troll_Stand_Fist_Fist_P0_QuickAttackR_Hit_N_Fwd_00_%_00_P0_100.xmot Right=TrollFist RightUseType=55 RightGroup=7->7 NativeResult=1 OBSERVE_NATIVE=1
CORE RAW55_QUICK_CALLBACK_BOUNDARY Actor=Troll C1=7 SameC1=1 Action=4->4 Phase=1->1 StateTime=0.581847->0.581847 StatePosition=1->1 MotionBefore=Troll_Stand_Fist_Fist_P0_QuickAttackR_Hit_N_Fwd_00_%_00_P0_100.xmot MotionAfter=Troll_Stand_Fist_Fist_P0_QuickAttackR_Hit_N_Fwd_00_%_00_P0_100.xmot Right=TrollFist RightUseType=55 RightGroup=7->7 NativeResult=1 OBSERVE_NATIVE=1
CORE RAW55_QUICK_CALLBACK_BOUNDARY Actor=Troll C1=7 SameC1=1 Action=4->4 Phase=1->1 StateTime=0.590180->0.590180 StatePosition=1->1 MotionBefore=Troll_Stand_Fist_Fist_P0_QuickAttackR_Hit_N_Fwd_00_%_00_P0_100.xmot MotionAfter=Troll_Stand_Fist_Fist_P0_QuickAttackR_Hit_N_Fwd_00_%_00_P0_100.xmot Right=TrollFist RightUseType=55 RightGroup=7->7 NativeResult=1 OBSERVE_NATIVE=1
CORE RAW55_QUICK_CALLBACK_BOUNDARY Actor=Troll C1=7 SameC1=1 Action=4->4 Phase=1->1 StateTime=0.599151->0.599151 StatePosition=1->1 MotionBefore=Troll_Stand_Fist_Fist_P0_QuickAttackR_Hit_N_Fwd_00_%_00_P0_100.xmot MotionAfter=Troll_Stand_Fist_Fist_P0_QuickAttackR_Hit_N_Fwd_00_%_00_P0_100.xmot Right=TrollFist RightUseType=55 RightGroup=7->7 NativeResult=1 OBSERVE_NATIVE=1
CORE RAW55_QUICK_CALLBACK_BOUNDARY Actor=Troll C1=7 SameC1=1 Action=4->4 Phase=1->1 StateTime=0.607484->0.607484 StatePosition=1->1 MotionBefore=Troll_Stand_Fist_Fist_P0_QuickAttackR_Hit_N_Fwd_00_%_00_P0_100.xmot MotionAfter=Troll_Stand_Fist_Fist_P0_QuickAttackR_Hit_N_Fwd_00_%_00_P0_100.xmot Right=TrollFist RightUseType=55 RightGroup=7->7 NativeResult=1 OBSERVE_NATIVE=1
CORE RAW55_QUICK_CALLBACK_BOUNDARY Actor=Troll C1=7 SameC1=1 Action=4->4 Phase=1->1 StateTime=0.616455->0.616455 StatePosition=1->1 MotionBefore=Troll_Stand_Fist_Fist_P0_QuickAttackR_Hit_N_Fwd_00_%_00_P0_100.xmot MotionAfter=Troll_Stand_Fist_Fist_P0_QuickAttackR_Hit_N_Fwd_00_%_00_P0_100.xmot Right=TrollFist RightUseType=55 RightGroup=7->7 NativeResult=1 OBSERVE_NATIVE=1
CORE RAW55_QUICK_CALLBACK_BOUNDARY Actor=Troll C1=7 SameC1=1 Action=4->4 Phase=1->1 StateTime=0.624788->0.624788 StatePosition=1->1 MotionBefore=Troll_Stand_Fist_Fist_P0_QuickAttackR_Hit_N_Fwd_00_%_00_P0_100.xmot MotionAfter=Troll_Stand_Fist_Fist_P0_QuickAttackR_Hit_N_Fwd_00_%_00_P0_100.xmot Right=TrollFist RightUseType=55 RightGroup=7->7 NativeResult=1 OBSERVE_NATIVE=1
CORE RAW55_QUICK_CALLBACK_BOUNDARY Actor=Troll C1=7 SameC1=1 Action=4->4 Phase=1->1 StateTime=0.633122->0.633122 StatePosition=1->1 MotionBefore=Troll_Stand_Fist_Fist_P0_QuickAttackR_Hit_N_Fwd_00_%_00_P0_100.xmot MotionAfter=Troll_Stand_Fist_Fist_P0_QuickAttackR_Hit_N_Fwd_00_%_00_P0_100.xmot Right=TrollFist RightUseType=55 RightGroup=7->7 NativeResult=1 OBSERVE_NATIVE=1
CORE RAW55_QUICK_CALLBACK_BOUNDARY Actor=Troll C1=7 SameC1=1 Action=4->4 Phase=1->1 StateTime=0.641455->0.641455 StatePosition=1->1 MotionBefore=Troll_Stand_Fist_Fist_P0_QuickAttackR_Hit_N_Fwd_00_%_00_P0_100.xmot MotionAfter=Troll_Stand_Fist_Fist_P0_QuickAttackR_Hit_N_Fwd_00_%_00_P0_100.xmot Right=TrollFist RightUseType=55 RightGroup=7->7 NativeResult=1 OBSERVE_NATIVE=1
CORE RAW55_QUICK_CALLBACK_BOUNDARY Actor=Troll C1=7 SameC1=1 Action=4->4 Phase=1->1 StateTime=0.649788->0.649788 StatePosition=1->1 MotionBefore=Troll_Stand_Fist_Fist_P0_QuickAttackR_Hit_N_Fwd_00_%_00_P0_100.xmot MotionAfter=Troll_Stand_Fist_Fist_P0_QuickAttackR_Hit_N_Fwd_00_%_00_P0_100.xmot Right=TrollFist RightUseType=55 RightGroup=7->7 NativeResult=1 OBSERVE_NATIVE=1
CORE RAW55_QUICK_CALLBACK_BOUNDARY Actor=Troll C1=7 SameC1=1 Action=4->4 Phase=1->1 StateTime=0.658122->0.658122 StatePosition=1->1 MotionBefore=Troll_Stand_Fist_Fist_P0_QuickAttackR_Hit_N_Fwd_00_%_00_P0_100.xmot MotionAfter=Troll_Stand_Fist_Fist_P0_QuickAttackR_Hit_N_Fwd_00_%_00_P0_100.xmot Right=TrollFist RightUseType=55 RightGroup=7->7 NativeResult=1 OBSERVE_NATIVE=1
CORE RAW55_QUICK_CALLBACK_BOUNDARY Actor=Troll C1=7 SameC1=1 Action=4->4 Phase=1->1 StateTime=0.667092->0.667092 StatePosition=1->1 MotionBefore=Troll_Stand_Fist_Fist_P0_QuickAttackR_Hit_N_Fwd_00_%_00_P0_100.xmot MotionAfter=Troll_Stand_Fist_Fist_P0_QuickAttackR_Hit_N_Fwd_00_%_00_P0_100.xmot Right=TrollFist RightUseType=55 RightGroup=7->7 NativeResult=1 OBSERVE_NATIVE=1
CORE RAW55_QUICK_CALLBACK_BOUNDARY Actor=Troll C1=7 SameC1=1 Action=4->4 Phase=1->1 StateTime=0.675425->0.675425 StatePosition=1->1 MotionBefore=Troll_Stand_Fist_Fist_P0_QuickAttackR_Hit_N_Fwd_00_%_00_P0_100.xmot MotionAfter=Troll_Stand_Fist_Fist_P0_QuickAttackR_Hit_N_Fwd_00_%_00_P0_100.xmot Right=TrollFist RightUseType=55 RightGroup=7->7 NativeResult=1 OBSERVE_NATIVE=1
CORE RAW55_QUICK_CALLBACK_BOUNDARY Actor=Troll C1=7 SameC1=1 Action=4->4 Phase=1->1 StateTime=0.684396->0.684396 StatePosition=1->1 MotionBefore=Troll_Stand_Fist_Fist_P0_QuickAttackR_Hit_N_Fwd_00_%_00_P0_100.xmot MotionAfter=Troll_Stand_Fist_Fist_P0_QuickAttackR_Hit_N_Fwd_00_%_00_P0_100.xmot Right=TrollFist RightUseType=55 RightGroup=7->7 NativeResult=1 OBSERVE_NATIVE=1
CORE RAW55_QUICK_CALLBACK_BOUNDARY Actor=Troll C1=7 SameC1=1 Action=4->4 Phase=1->1 StateTime=0.692730->0.692730 StatePosition=1->1 MotionBefore=Troll_Stand_Fist_Fist_P0_QuickAttackR_Hit_N_Fwd_00_%_00_P0_100.xmot MotionAfter=Troll_Stand_Fist_Fist_P0_QuickAttackR_Hit_N_Fwd_00_%_00_P0_100.xmot Right=TrollFist RightUseType=55 RightGroup=7->7 NativeResult=1 OBSERVE_NATIVE=1
CORE RAW55_QUICK_CALLBACK_BOUNDARY Actor=Troll C1=7 SameC1=1 Action=4->4 Phase=1->1 StateTime=0.701686->0.701686 StatePosition=1->1 MotionBefore=Troll_Stand_Fist_Fist_P0_QuickAttackR_Hit_N_Fwd_00_%_00_P0_100.xmot MotionAfter=Troll_Stand_Fist_Fist_P0_QuickAttackR_Hit_N_Fwd_00_%_00_P0_100.xmot Right=TrollFist RightUseType=55 RightGroup=7->7 NativeResult=1 OBSERVE_NATIVE=1
CORE RAW55_QUICK_CALLBACK_BOUNDARY Actor=Troll C1=7 SameC1=1 Action=4->4 Phase=1->1 StateTime=0.710019->0.710019 StatePosition=1->1 MotionBefore=Troll_Stand_Fist_Fist_P0_QuickAttackR_Hit_N_Fwd_00_%_00_P0_100.xmot MotionAfter=Troll_Stand_Fist_Fist_P0_QuickAttackR_Hit_N_Fwd_00_%_00_P0_100.xmot Right=TrollFist RightUseType=55 RightGroup=7->7 NativeResult=1 OBSERVE_NATIVE=1
CORE RAW55_QUICK_CALLBACK_BOUNDARY Actor=Troll C1=7 SameC1=1 Action=4->4 Phase=1->1 StateTime=0.718990->0.718990 StatePosition=1->1 MotionBefore=Troll_Stand_Fist_Fist_P0_QuickAttackR_Hit_N_Fwd_00_%_00_P0_100.xmot MotionAfter=Troll_Stand_Fist_Fist_P0_QuickAttackR_Hit_N_Fwd_00_%_00_P0_100.xmot Right=TrollFist RightUseType=55 RightGroup=7->7 NativeResult=1 OBSERVE_NATIVE=1
CORE RAW55_QUICK_CALLBACK_BOUNDARY Actor=Troll C1=7 SameC1=1 Action=4->4 Phase=1->1 StateTime=0.727323->0.727323 StatePosition=1->1 MotionBefore=Troll_Stand_Fist_Fist_P0_QuickAttackR_Hit_N_Fwd_00_%_00_P0_100.xmot MotionAfter=Troll_Stand_Fist_Fist_P0_QuickAttackR_Hit_N_Fwd_00_%_00_P0_100.xmot Right=TrollFist RightUseType=55 RightGroup=7->7 NativeResult=1 OBSERVE_NATIVE=1
CORE ONDAMAGE ElapsedMs=35007.443 Ordinal=1 Target=PC_Hero Arg1=PC_Hero Arg2=PC_Hero Caller=Game.dll+0x00069484 PlayerAction=0 PlayerPhase=5 PlayerMotion=Hero_Stand_None_None_P0_Ambient_Loop_N_Fwd_02_%_00_P0_0.xmot Raw8Fist=<none> Raw8UseType=-1 Raw8Group=-1
CORE C1_START ElapsedMs=35018.265 Actor=PC_Hero Generation=8 Status=CANDIDATE Outstanding=0 TrackedSources=0 ReplacedGeneration=0 ReplacedOutstanding=0
CORE C1_BIND ElapsedMs=35018.275 Event=COMBAT_MOVE_CANDIDATE_BOUND Actor=PC_Hero Generation=8 Status=CANDIDATE Outstanding=0 Source=<null> Script=_AI_Stumble
CORE C1_STATUS ElapsedMs=35018.638 Event=PERSISTED Actor=PC_Hero Generation=8 Status=PERSISTED Outstanding=0
CORE RAW55_QUICK_CALLBACK_BOUNDARY Actor=Troll C1=7 SameC1=1 Action=4->4 Phase=1->1 StateTime=0.735657->0.735657 StatePosition=1->1 MotionBefore=Troll_Stand_Fist_Fist_P0_QuickAttackR_Hit_N_Fwd_00_%_00_P0_100.xmot MotionAfter=Troll_Stand_Fist_Fist_P0_QuickAttackR_Hit_N_Fwd_00_%_00_P0_100.xmot Right=TrollFist RightUseType=55 RightGroup=7->7 NativeResult=1 OBSERVE_NATIVE=1
CORE RAW55_QUICK_CALLBACK_BOUNDARY Actor=Troll C1=7 SameC1=1 Action=4->4 Phase=1->1 StateTime=0.743990->0.743990 StatePosition=1->1 MotionBefore=Troll_Stand_Fist_Fist_P0_QuickAttackR_Hit_N_Fwd_00_%_00_P0_100.xmot MotionAfter=Troll_Stand_Fist_Fist_P0_QuickAttackR_Hit_N_Fwd_00_%_00_P0_100.xmot Right=TrollFist RightUseType=55 RightGroup=7->7 NativeResult=1 OBSERVE_NATIVE=1
CORE RAW55_QUICK_CALLBACK_BOUNDARY Actor=Troll C1=7 SameC1=1 Action=4->4 Phase=1->1 StateTime=0.755916->0.755916 StatePosition=1->1 MotionBefore=Troll_Stand_Fist_Fist_P0_QuickAttackR_Hit_N_Fwd_00_%_00_P0_100.xmot MotionAfter=Troll_Stand_Fist_Fist_P0_QuickAttackR_Hit_N_Fwd_00_%_00_P0_100.xmot Right=TrollFist RightUseType=55 RightGroup=7->7 NativeResult=1 OBSERVE_NATIVE=1
CORE RAW55_QUICK_CALLBACK_BOUNDARY Actor=Troll C1=7 SameC1=1 Action=4->4 Phase=1->1 StateTime=0.764250->0.764250 StatePosition=1->1 MotionBefore=Troll_Stand_Fist_Fist_P0_QuickAttackR_Hit_N_Fwd_00_%_00_P0_100.xmot MotionAfter=Troll_Stand_Fist_Fist_P0_QuickAttackR_Hit_N_Fwd_00_%_00_P0_100.xmot Right=TrollFist RightUseType=55 RightGroup=7->7 NativeResult=1 OBSERVE_NATIVE=1
CORE RAW55_QUICK_CALLBACK_BOUNDARY Actor=Troll C1=7 SameC1=1 Action=4->4 Phase=1->1 StateTime=0.773235->0.773235 StatePosition=1->1 MotionBefore=Troll_Stand_Fist_Fist_P0_QuickAttackR_Hit_N_Fwd_00_%_00_P0_100.xmot MotionAfter=Troll_Stand_Fist_Fist_P0_QuickAttackR_Hit_N_Fwd_00_%_00_P0_100.xmot Right=TrollFist RightUseType=55 RightGroup=7->7 NativeResult=1 OBSERVE_NATIVE=1
CORE RAW55_QUICK_CALLBACK_BOUNDARY Actor=Troll C1=7 SameC1=1 Action=4->4 Phase=1->1 StateTime=0.781569->0.781569 StatePosition=1->1 MotionBefore=Troll_Stand_Fist_Fist_P0_QuickAttackR_Hit_N_Fwd_00_%_00_P0_100.xmot MotionAfter=Troll_Stand_Fist_Fist_P0_QuickAttackR_Hit_N_Fwd_00_%_00_P0_100.xmot Right=TrollFist RightUseType=55 RightGroup=7->7 NativeResult=1 OBSERVE_NATIVE=1
CORE RAW55_QUICK_CALLBACK_BOUNDARY Actor=Troll C1=7 SameC1=1 Action=4->4 Phase=1->1 StateTime=0.791510->0.791510 StatePosition=1->1 MotionBefore=Troll_Stand_Fist_Fist_P0_QuickAttackR_Hit_N_Fwd_00_%_00_P0_100.xmot MotionAfter=Troll_Stand_Fist_Fist_P0_QuickAttackR_Hit_N_Fwd_00_%_00_P0_100.xmot Right=TrollFist RightUseType=55 RightGroup=7->7 NativeResult=1 OBSERVE_NATIVE=1
CORE RAW55_QUICK_CALLBACK_BOUNDARY Actor=Troll C1=7 SameC1=1 Action=4->4 Phase=1->1 StateTime=0.799844->0.799844 StatePosition=1->1 MotionBefore=Troll_Stand_Fist_Fist_P0_QuickAttackR_Hit_N_Fwd_00_%_00_P0_100.xmot MotionAfter=Troll_Stand_Fist_Fist_P0_QuickAttackR_Hit_N_Fwd_00_%_00_P0_100.xmot Right=TrollFist RightUseType=55 RightGroup=7->7 NativeResult=1 OBSERVE_NATIVE=1
CORE COLLISION_GROUP ElapsedMs=35081.813 Source=TrollFist UseType=55 Owner=Troll Slot=RIGHT Requested=5 Before=7 After=5 MarkerBitsRetired=0
CORE C1 CLEANUP FULFILLED ElapsedMs=35081.841 Actor=Troll Generation=7 Status=PERSISTED Source=TrollFist Side=RIGHT Requests=1 Outstanding=0 CleanupObserved=1 Group=5
CORE C1_FINAL ElapsedMs=35176.421 Actor=Troll Generation=7 Status=PERSISTED SourceCount=2 PhysicalChanged=0 Source[0]=TrollFist Side=RIGHT Outstanding=0 Cleanup=1 Outcome=NO_OP_NO_OUTSTANDING Source[1]=TrollFist Side=LEFT Outstanding=0 Cleanup=0 Outcome=NO_OP_NO_OUTSTANDING
CORE C1_FINAL ElapsedMs=35301.727 Actor=PC_Hero Generation=8 Status=PERSISTED SourceCount=0 PhysicalChanged=0
CORE C1_START ElapsedMs=36398.214 Actor=Troll Generation=9 Status=CANDIDATE Outstanding=0 TrackedSources=2 ReplacedGeneration=0 ReplacedOutstanding=0 Source[0]=TrollFist Side=RIGHT Group=5 Source[1]=TrollFist Side=LEFT Group=5
CORE C1_BIND ElapsedMs=36398.228 Event=COMBAT_MOVE_CANDIDATE_BOUND Actor=Troll Generation=9 Status=CANDIDATE Outstanding=0 Source=<null> Script=_AI_Attack
CORE C1_STATUS ElapsedMs=36398.293 Event=PERSISTED Actor=Troll Generation=9 Status=PERSISTED Outstanding=0
CORE ATTACK_OWNERSHIP ElapsedMs=36398.311 Actor=Troll Family=NORMAL Action=1 Phase=1 Motion=Troll_Stand_Fist_Fist_P0_Attack_Hit_N_Fwd_00_%_00_P0_100.xmot MarkerPresent=1 RequiredMask=0 FistMarkers=1 Raw8Fist=<none> Raw8UseType=-1 SuppressNative=0 Classification=CONTRADICTION
===== CORE ATTACK OWNERSHIP ANOMALY =====
MatchingMotionFound: 1
MarkerScanValid: 1
RequiredSourcesAvailable: 1
RightSourceSlot: RIGHT
RightSourceName: TrollFist
RightSourceUseType: 55
RightSourceCollisionGroup: 5
LeftSourceSlot: LEFT
LeftSourceName: TrollFist
LeftSourceUseType: 55
LeftSourceCollisionGroup: 5
Raw8FistSourceName: <none>
Raw8FistSourceUseType: -1
Raw8FistSourceCollisionGroup: -1
=========================================

CORE RAW55_CALLBACK_SUPPRESSION_PROBE Actor=Troll Family=NORMAL Action=1 Motion=Troll_Stand_Fist_Fist_P0_Attack_Hit_N_Fwd_00_%_00_P0_100.xmot C1=9 Right=TrollFist RightUseType=55 RightGroup=5 Left=TrollFist LeftUseType=55 LeftGroup=5 SUPPRESS_NATIVE=1
CORE RAW55_CALLBACK_SUPPRESSION_PROBE Actor=Troll Family=NORMAL Action=1 Motion=Troll_Stand_Fist_Fist_P0_Attack_Hit_N_Fwd_00_%_00_P0_100.xmot C1=9 Right=TrollFist RightUseType=55 RightGroup=5 Left=TrollFist LeftUseType=55 LeftGroup=5 SUPPRESS_NATIVE=1
CORE RAW55_CALLBACK_SUPPRESSION_PROBE Actor=Troll Family=NORMAL Action=1 Motion=Troll_Stand_Fist_Fist_P0_Attack_Hit_N_Fwd_00_%_00_P0_100.xmot C1=9 Right=TrollFist RightUseType=55 RightGroup=5 Left=TrollFist LeftUseType=55 LeftGroup=5 SUPPRESS_NATIVE=1
CORE RAW55_CALLBACK_SUPPRESSION_PROBE Actor=Troll Family=NORMAL Action=1 Motion=Troll_Stand_Fist_Fist_P0_Attack_Hit_N_Fwd_00_%_00_P0_100.xmot C1=9 Right=TrollFist RightUseType=55 RightGroup=5 Left=TrollFist LeftUseType=55 LeftGroup=5 SUPPRESS_NATIVE=1
CORE RAW55_CALLBACK_SUPPRESSION_PROBE Actor=Troll Family=NORMAL Action=1 Motion=Troll_Stand_Fist_Fist_P0_Attack_Hit_N_Fwd_00_%_00_P0_100.xmot C1=9 Right=TrollFist RightUseType=55 RightGroup=5 Left=TrollFist LeftUseType=55 LeftGroup=5 SUPPRESS_NATIVE=1
CORE RAW55_CALLBACK_SUPPRESSION_PROBE Actor=Troll Family=NORMAL Action=1 Motion=Troll_Stand_Fist_Fist_P0_Attack_Hit_N_Fwd_00_%_00_P0_100.xmot C1=9 Right=TrollFist RightUseType=55 RightGroup=5 Left=TrollFist LeftUseType=55 LeftGroup=5 SUPPRESS_NATIVE=1
CORE RAW55_CALLBACK_SUPPRESSION_PROBE Actor=Troll Family=NORMAL Action=1 Motion=Troll_Stand_Fist_Fist_P0_Attack_Hit_N_Fwd_00_%_00_P0_100.xmot C1=9 Right=TrollFist RightUseType=55 RightGroup=5 Left=TrollFist LeftUseType=55 LeftGroup=5 SUPPRESS_NATIVE=1
CORE RAW55_CALLBACK_SUPPRESSION_PROBE Actor=Troll Family=NORMAL Action=1 Motion=Troll_Stand_Fist_Fist_P0_Attack_Hit_N_Fwd_00_%_00_P0_100.xmot C1=9 Right=TrollFist RightUseType=55 RightGroup=5 Left=TrollFist LeftUseType=55 LeftGroup=5 SUPPRESS_NATIVE=1
CORE RAW55_CALLBACK_SUPPRESSION_PROBE Actor=Troll Family=NORMAL Action=1 Motion=Troll_Stand_Fist_Fist_P0_Attack_Hit_N_Fwd_00_%_00_P0_100.xmot C1=9 Right=TrollFist RightUseType=55 RightGroup=5 Left=TrollFist LeftUseType=55 LeftGroup=5 SUPPRESS_NATIVE=1
CORE RAW55_CALLBACK_SUPPRESSION_PROBE Actor=Troll Family=NORMAL Action=1 Motion=Troll_Stand_Fist_Fist_P0_Attack_Hit_N_Fwd_00_%_00_P0_100.xmot C1=9 Right=TrollFist RightUseType=55 RightGroup=5 Left=TrollFist LeftUseType=55 LeftGroup=5 SUPPRESS_NATIVE=1
CORE RAW55_CALLBACK_SUPPRESSION_PROBE Actor=Troll Family=NORMAL Action=1 Motion=Troll_Stand_Fist_Fist_P0_Attack_Hit_N_Fwd_00_%_00_P0_100.xmot C1=9 Right=TrollFist RightUseType=55 RightGroup=5 Left=TrollFist LeftUseType=55 LeftGroup=5 SUPPRESS_NATIVE=1
CORE RAW55_CALLBACK_SUPPRESSION_PROBE Actor=Troll Family=NORMAL Action=1 Motion=Troll_Stand_Fist_Fist_P0_Attack_Hit_N_Fwd_00_%_00_P0_100.xmot C1=9 Right=TrollFist RightUseType=55 RightGroup=5 Left=TrollFist LeftUseType=55 LeftGroup=5 SUPPRESS_NATIVE=1
CORE RAW55_CALLBACK_SUPPRESSION_PROBE Actor=Troll Family=NORMAL Action=1 Motion=Troll_Stand_Fist_Fist_P0_Attack_Hit_N_Fwd_00_%_00_P0_100.xmot C1=9 Right=TrollFist RightUseType=55 RightGroup=5 Left=TrollFist LeftUseType=55 LeftGroup=5 SUPPRESS_NATIVE=1
CORE RAW55_CALLBACK_SUPPRESSION_PROBE Actor=Troll Family=NORMAL Action=1 Motion=Troll_Stand_Fist_Fist_P0_Attack_Hit_N_Fwd_00_%_00_P0_100.xmot C1=9 Right=TrollFist RightUseType=55 RightGroup=5 Left=TrollFist LeftUseType=55 LeftGroup=5 SUPPRESS_NATIVE=1
CORE RAW55_CALLBACK_SUPPRESSION_PROBE Actor=Troll Family=NORMAL Action=1 Motion=Troll_Stand_Fist_Fist_P0_Attack_Hit_N_Fwd_00_%_00_P0_100.xmot C1=9 Right=TrollFist RightUseType=55 RightGroup=5 Left=TrollFist LeftUseType=55 LeftGroup=5 SUPPRESS_NATIVE=1
CORE RAW55_CALLBACK_SUPPRESSION_PROBE Actor=Troll Family=NORMAL Action=1 Motion=Troll_Stand_Fist_Fist_P0_Attack_Hit_N_Fwd_00_%_00_P0_100.xmot C1=9 Right=TrollFist RightUseType=55 RightGroup=5 Left=TrollFist LeftUseType=55 LeftGroup=5 SUPPRESS_NATIVE=1
CORE RAW55_CALLBACK_SUPPRESSION_PROBE Actor=Troll Family=NORMAL Action=1 Motion=Troll_Stand_Fist_Fist_P0_Attack_Hit_N_Fwd_00_%_00_P0_100.xmot C1=9 Right=TrollFist RightUseType=55 RightGroup=5 Left=TrollFist LeftUseType=55 LeftGroup=5 SUPPRESS_NATIVE=1
CORE RAW55_CALLBACK_SUPPRESSION_PROBE Actor=Troll Family=NORMAL Action=1 Motion=Troll_Stand_Fist_Fist_P0_Attack_Hit_N_Fwd_00_%_00_P0_100.xmot C1=9 Right=TrollFist RightUseType=55 RightGroup=5 Left=TrollFist LeftUseType=55 LeftGroup=5 SUPPRESS_NATIVE=1
CORE RAW55_CALLBACK_SUPPRESSION_PROBE Actor=Troll Family=NORMAL Action=1 Motion=Troll_Stand_Fist_Fist_P0_Attack_Hit_N_Fwd_00_%_00_P0_100.xmot C1=9 Right=TrollFist RightUseType=55 RightGroup=5 Left=TrollFist LeftUseType=55 LeftGroup=5 SUPPRESS_NATIVE=1
CORE RAW55_CALLBACK_SUPPRESSION_PROBE Actor=Troll Family=NORMAL Action=1 Motion=Troll_Stand_Fist_Fist_P0_Attack_Hit_N_Fwd_00_%_00_P0_100.xmot C1=9 Right=TrollFist RightUseType=55 RightGroup=5 Left=TrollFist LeftUseType=55 LeftGroup=5 SUPPRESS_NATIVE=1
CORE RAW55_CALLBACK_SUPPRESSION_PROBE Actor=Troll Family=NORMAL Action=1 Motion=Troll_Stand_Fist_Fist_P0_Attack_Hit_N_Fwd_00_%_00_P0_100.xmot C1=9 Right=TrollFist RightUseType=55 RightGroup=5 Left=TrollFist LeftUseType=55 LeftGroup=5 SUPPRESS_NATIVE=1
CORE RAW55_CALLBACK_SUPPRESSION_PROBE Actor=Troll Family=NORMAL Action=1 Motion=Troll_Stand_Fist_Fist_P0_Attack_Hit_N_Fwd_00_%_00_P0_100.xmot C1=9 Right=TrollFist RightUseType=55 RightGroup=5 Left=TrollFist LeftUseType=55 LeftGroup=5 SUPPRESS_NATIVE=1
CORE RAW55_CALLBACK_SUPPRESSION_PROBE Actor=Troll Family=NORMAL Action=1 Motion=Troll_Stand_Fist_Fist_P0_Attack_Hit_N_Fwd_00_%_00_P0_100.xmot C1=9 Right=TrollFist RightUseType=55 RightGroup=5 Left=TrollFist LeftUseType=55 LeftGroup=5 SUPPRESS_NATIVE=1
CORE RAW55_CALLBACK_SUPPRESSION_PROBE Actor=Troll Family=NORMAL Action=1 Motion=Troll_Stand_Fist_Fist_P0_Attack_Hit_N_Fwd_00_%_00_P0_100.xmot C1=9 Right=TrollFist RightUseType=55 RightGroup=5 Left=TrollFist LeftUseType=55 LeftGroup=5 SUPPRESS_NATIVE=1
CORE RAW55_CALLBACK_SUPPRESSION_PROBE Actor=Troll Family=NORMAL Action=1 Motion=Troll_Stand_Fist_Fist_P0_Attack_Hit_N_Fwd_00_%_00_P0_100.xmot C1=9 Right=TrollFist RightUseType=55 RightGroup=5 Left=TrollFist LeftUseType=55 LeftGroup=5 SUPPRESS_NATIVE=1
CORE RAW55_CALLBACK_SUPPRESSION_PROBE Actor=Troll Family=NORMAL Action=1 Motion=Troll_Stand_Fist_Fist_P0_Attack_Hit_N_Fwd_00_%_00_P0_100.xmot C1=9 Right=TrollFist RightUseType=55 RightGroup=5 Left=TrollFist LeftUseType=55 LeftGroup=5 SUPPRESS_NATIVE=1
CORE RAW55_CALLBACK_SUPPRESSION_PROBE Actor=Troll Family=NORMAL Action=1 Motion=Troll_Stand_Fist_Fist_P0_Attack_Hit_N_Fwd_00_%_00_P0_100.xmot C1=9 Right=TrollFist RightUseType=55 RightGroup=5 Left=TrollFist LeftUseType=55 LeftGroup=5 SUPPRESS_NATIVE=1
CORE RAW55_CALLBACK_SUPPRESSION_PROBE Actor=Troll Family=NORMAL Action=1 Motion=Troll_Stand_Fist_Fist_P0_Attack_Hit_N_Fwd_00_%_00_P0_100.xmot C1=9 Right=TrollFist RightUseType=55 RightGroup=5 Left=TrollFist LeftUseType=55 LeftGroup=5 SUPPRESS_NATIVE=1
CORE RAW55_CALLBACK_SUPPRESSION_PROBE Actor=Troll Family=NORMAL Action=1 Motion=Troll_Stand_Fist_Fist_P0_Attack_Hit_N_Fwd_00_%_00_P0_100.xmot C1=9 Right=TrollFist RightUseType=55 RightGroup=5 Left=TrollFist LeftUseType=55 LeftGroup=5 SUPPRESS_NATIVE=1
CORE RAW55_CALLBACK_SUPPRESSION_PROBE Actor=Troll Family=NORMAL Action=1 Motion=Troll_Stand_Fist_Fist_P0_Attack_Hit_N_Fwd_00_%_00_P0_100.xmot C1=9 Right=TrollFist RightUseType=55 RightGroup=5 Left=TrollFist LeftUseType=55 LeftGroup=5 SUPPRESS_NATIVE=1
CORE RAW55_CALLBACK_SUPPRESSION_PROBE Actor=Troll Family=NORMAL Action=1 Motion=Troll_Stand_Fist_Fist_P0_Attack_Hit_N_Fwd_00_%_00_P0_100.xmot C1=9 Right=TrollFist RightUseType=55 RightGroup=5 Left=TrollFist LeftUseType=55 LeftGroup=5 SUPPRESS_NATIVE=1
CORE RAW55_CALLBACK_SUPPRESSION_PROBE Actor=Troll Family=NORMAL Action=1 Motion=Troll_Stand_Fist_Fist_P0_Attack_Hit_N_Fwd_00_%_00_P0_100.xmot C1=9 Right=TrollFist RightUseType=55 RightGroup=5 Left=TrollFist LeftUseType=55 LeftGroup=5 SUPPRESS_NATIVE=1
CORE RAW55_CALLBACK_SUPPRESSION_PROBE Actor=Troll Family=NORMAL Action=1 Motion=Troll_Stand_Fist_Fist_P0_Attack_Hit_N_Fwd_00_%_00_P0_100.xmot C1=9 Right=TrollFist RightUseType=55 RightGroup=5 Left=TrollFist LeftUseType=55 LeftGroup=5 SUPPRESS_NATIVE=1
CORE RAW55_CALLBACK_SUPPRESSION_PROBE Actor=Troll Family=NORMAL Action=1 Motion=Troll_Stand_Fist_Fist_P0_Attack_Hit_N_Fwd_00_%_00_P0_100.xmot C1=9 Right=TrollFist RightUseType=55 RightGroup=5 Left=TrollFist LeftUseType=55 LeftGroup=5 SUPPRESS_NATIVE=1
CORE RAW55_CALLBACK_SUPPRESSION_PROBE Actor=Troll Family=NORMAL Action=1 Motion=Troll_Stand_Fist_Fist_P0_Attack_Hit_N_Fwd_00_%_00_P0_100.xmot C1=9 Right=TrollFist RightUseType=55 RightGroup=5 Left=TrollFist LeftUseType=55 LeftGroup=5 SUPPRESS_NATIVE=1
CORE RAW55_CALLBACK_SUPPRESSION_PROBE Actor=Troll Family=NORMAL Action=1 Motion=Troll_Stand_Fist_Fist_P0_Attack_Hit_N_Fwd_00_%_00_P0_100.xmot C1=9 Right=TrollFist RightUseType=55 RightGroup=5 Left=TrollFist LeftUseType=55 LeftGroup=5 SUPPRESS_NATIVE=1
CORE RAW55_CALLBACK_SUPPRESSION_PROBE Actor=Troll Family=NORMAL Action=1 Motion=Troll_Stand_Fist_Fist_P0_Attack_Hit_N_Fwd_00_%_00_P0_100.xmot C1=9 Right=TrollFist RightUseType=55 RightGroup=5 Left=TrollFist LeftUseType=55 LeftGroup=5 SUPPRESS_NATIVE=1
CORE RAW55_CALLBACK_SUPPRESSION_PROBE Actor=Troll Family=NORMAL Action=1 Motion=Troll_Stand_Fist_Fist_P0_Attack_Hit_N_Fwd_00_%_00_P0_100.xmot C1=9 Right=TrollFist RightUseType=55 RightGroup=5 Left=TrollFist LeftUseType=55 LeftGroup=5 SUPPRESS_NATIVE=1
CORE RAW55_CALLBACK_SUPPRESSION_PROBE Actor=Troll Family=NORMAL Action=1 Motion=Troll_Stand_Fist_Fist_P0_Attack_Hit_N_Fwd_00_%_00_P0_100.xmot C1=9 Right=TrollFist RightUseType=55 RightGroup=5 Left=TrollFist LeftUseType=55 LeftGroup=5 SUPPRESS_NATIVE=1
CORE RAW55_CALLBACK_SUPPRESSION_PROBE Actor=Troll Family=NORMAL Action=1 Motion=Troll_Stand_Fist_Fist_P0_Attack_Hit_N_Fwd_00_%_00_P0_100.xmot C1=9 Right=TrollFist RightUseType=55 RightGroup=5 Left=TrollFist LeftUseType=55 LeftGroup=5 SUPPRESS_NATIVE=1
CORE RAW55_CALLBACK_SUPPRESSION_PROBE Actor=Troll Family=NORMAL Action=1 Motion=Troll_Stand_Fist_Fist_P0_Attack_Hit_N_Fwd_00_%_00_P0_100.xmot C1=9 Right=TrollFist RightUseType=55 RightGroup=5 Left=TrollFist LeftUseType=55 LeftGroup=5 SUPPRESS_NATIVE=1
CORE RAW55_CALLBACK_SUPPRESSION_PROBE Actor=Troll Family=NORMAL Action=1 Motion=Troll_Stand_Fist_Fist_P0_Attack_Hit_N_Fwd_00_%_00_P0_100.xmot C1=9 Right=TrollFist RightUseType=55 RightGroup=5 Left=TrollFist LeftUseType=55 LeftGroup=5 SUPPRESS_NATIVE=1
CORE RAW55_CALLBACK_SUPPRESSION_PROBE Actor=Troll Family=NORMAL Action=1 Motion=Troll_Stand_Fist_Fist_P0_Attack_Hit_N_Fwd_00_%_00_P0_100.xmot C1=9 Right=TrollFist RightUseType=55 RightGroup=5 Left=TrollFist LeftUseType=55 LeftGroup=5 SUPPRESS_NATIVE=1
CORE RAW55_CALLBACK_SUPPRESSION_PROBE Actor=Troll Family=NORMAL Action=1 Motion=Troll_Stand_Fist_Fist_P0_Attack_Hit_N_Fwd_00_%_00_P0_100.xmot C1=9 Right=TrollFist RightUseType=55 RightGroup=5 Left=TrollFist LeftUseType=55 LeftGroup=5 SUPPRESS_NATIVE=1
CORE RAW55_CALLBACK_SUPPRESSION_PROBE Actor=Troll Family=NORMAL Action=1 Motion=Troll_Stand_Fist_Fist_P0_Attack_Hit_N_Fwd_00_%_00_P0_100.xmot C1=9 Right=TrollFist RightUseType=55 RightGroup=5 Left=TrollFist LeftUseType=55 LeftGroup=5 SUPPRESS_NATIVE=1
CORE RAW55_CALLBACK_SUPPRESSION_PROBE Actor=Troll Family=NORMAL Action=1 Motion=Troll_Stand_Fist_Fist_P0_Attack_Hit_N_Fwd_00_%_00_P0_100.xmot C1=9 Right=TrollFist RightUseType=55 RightGroup=5 Left=TrollFist LeftUseType=55 LeftGroup=5 SUPPRESS_NATIVE=1
CORE RAW55_CALLBACK_SUPPRESSION_PROBE Actor=Troll Family=NORMAL Action=1 Motion=Troll_Stand_Fist_Fist_P0_Attack_Hit_N_Fwd_00_%_00_P0_100.xmot C1=9 Right=TrollFist RightUseType=55 RightGroup=5 Left=TrollFist LeftUseType=55 LeftGroup=5 SUPPRESS_NATIVE=1
CORE RAW55_CALLBACK_SUPPRESSION_PROBE Actor=Troll Family=NORMAL Action=1 Motion=Troll_Stand_Fist_Fist_P0_Attack_Hit_N_Fwd_00_%_00_P0_100.xmot C1=9 Right=TrollFist RightUseType=55 RightGroup=5 Left=TrollFist LeftUseType=55 LeftGroup=5 SUPPRESS_NATIVE=1
CORE RAW55_CALLBACK_SUPPRESSION_PROBE Actor=Troll Family=NORMAL Action=1 Motion=Troll_Stand_Fist_Fist_P0_Attack_Hit_N_Fwd_00_%_00_P0_100.xmot C1=9 Right=TrollFist RightUseType=55 RightGroup=5 Left=TrollFist LeftUseType=55 LeftGroup=5 SUPPRESS_NATIVE=1
CORE RAW55_CALLBACK_SUPPRESSION_PROBE Actor=Troll Family=NORMAL Action=1 Motion=Troll_Stand_Fist_Fist_P0_Attack_Hit_N_Fwd_00_%_00_P0_100.xmot C1=9 Right=TrollFist RightUseType=55 RightGroup=5 Left=TrollFist LeftUseType=55 LeftGroup=5 SUPPRESS_NATIVE=1
CORE RAW55_CALLBACK_SUPPRESSION_PROBE Actor=Troll Family=NORMAL Action=1 Motion=Troll_Stand_Fist_Fist_P0_Attack_Hit_N_Fwd_00_%_00_P0_100.xmot C1=9 Right=TrollFist RightUseType=55 RightGroup=5 Left=TrollFist LeftUseType=55 LeftGroup=5 SUPPRESS_NATIVE=1
CORE RAW55_CALLBACK_SUPPRESSION_PROBE Actor=Troll Family=NORMAL Action=1 Motion=Troll_Stand_Fist_Fist_P0_Attack_Hit_N_Fwd_00_%_00_P0_100.xmot C1=9 Right=TrollFist RightUseType=55 RightGroup=5 Left=TrollFist LeftUseType=55 LeftGroup=5 SUPPRESS_NATIVE=1
CORE RAW55_CALLBACK_SUPPRESSION_PROBE Actor=Troll Family=NORMAL Action=1 Motion=Troll_Stand_Fist_Fist_P0_Attack_Hit_N_Fwd_00_%_00_P0_100.xmot C1=9 Right=TrollFist RightUseType=55 RightGroup=5 Left=TrollFist LeftUseType=55 LeftGroup=5 SUPPRESS_NATIVE=1
CORE RAW55_CALLBACK_SUPPRESSION_PROBE Actor=Troll Family=NORMAL Action=1 Motion=Troll_Stand_Fist_Fist_P0_Attack_Hit_N_Fwd_00_%_00_P0_100.xmot C1=9 Right=TrollFist RightUseType=55 RightGroup=5 Left=TrollFist LeftUseType=55 LeftGroup=5 SUPPRESS_NATIVE=1
CORE RAW55_CALLBACK_SUPPRESSION_PROBE Actor=Troll Family=NORMAL Action=1 Motion=Troll_Stand_Fist_Fist_P0_Attack_Hit_N_Fwd_00_%_00_P0_100.xmot C1=9 Right=TrollFist RightUseType=55 RightGroup=5 Left=TrollFist LeftUseType=55 LeftGroup=5 SUPPRESS_NATIVE=1
CORE RAW55_CALLBACK_SUPPRESSION_PROBE Actor=Troll Family=NORMAL Action=1 Motion=Troll_Stand_Fist_Fist_P0_Attack_Hit_N_Fwd_00_%_00_P0_100.xmot C1=9 Right=TrollFist RightUseType=55 RightGroup=5 Left=TrollFist LeftUseType=55 LeftGroup=5 SUPPRESS_NATIVE=1
CORE RAW55_CALLBACK_SUPPRESSION_PROBE Actor=Troll Family=NORMAL Action=1 Motion=Troll_Stand_Fist_Fist_P0_Attack_Hit_N_Fwd_00_%_00_P0_100.xmot C1=9 Right=TrollFist RightUseType=55 RightGroup=5 Left=TrollFist LeftUseType=55 LeftGroup=5 SUPPRESS_NATIVE=1
CORE RAW55_CALLBACK_SUPPRESSION_PROBE Actor=Troll Family=NORMAL Action=1 Motion=Troll_Stand_Fist_Fist_P0_Attack_Hit_N_Fwd_00_%_00_P0_100.xmot C1=9 Right=TrollFist RightUseType=55 RightGroup=5 Left=TrollFist LeftUseType=55 LeftGroup=5 SUPPRESS_NATIVE=1
CORE RAW55_CALLBACK_SUPPRESSION_PROBE Actor=Troll Family=NORMAL Action=1 Motion=Troll_Stand_Fist_Fist_P0_Attack_Hit_N_Fwd_00_%_00_P0_100.xmot C1=9 Right=TrollFist RightUseType=55 RightGroup=5 Left=TrollFist LeftUseType=55 LeftGroup=5 SUPPRESS_NATIVE=1
CORE RAW55_CALLBACK_SUPPRESSION_PROBE Actor=Troll Family=NORMAL Action=1 Motion=Troll_Stand_Fist_Fist_P0_Attack_Hit_N_Fwd_00_%_00_P0_100.xmot C1=9 Right=TrollFist RightUseType=55 RightGroup=5 Left=TrollFist LeftUseType=55 LeftGroup=5 SUPPRESS_NATIVE=1
CORE RAW55_CALLBACK_SUPPRESSION_PROBE Actor=Troll Family=NORMAL Action=1 Motion=Troll_Stand_Fist_Fist_P0_Attack_Hit_N_Fwd_00_%_00_P0_100.xmot C1=9 Right=TrollFist RightUseType=55 RightGroup=5 Left=TrollFist LeftUseType=55 LeftGroup=5 SUPPRESS_NATIVE=1
CORE RAW55_CALLBACK_SUPPRESSION_PROBE Actor=Troll Family=NORMAL Action=1 Motion=Troll_Stand_Fist_Fist_P0_Attack_Hit_N_Fwd_00_%_00_P0_100.xmot C1=9 Right=TrollFist RightUseType=55 RightGroup=5 Left=TrollFist LeftUseType=55 LeftGroup=5 SUPPRESS_NATIVE=1
CORE RAW55_CALLBACK_SUPPRESSION_PROBE Actor=Troll Family=NORMAL Action=1 Motion=Troll_Stand_Fist_Fist_P0_Attack_Hit_N_Fwd_00_%_00_P0_100.xmot C1=9 Right=TrollFist RightUseType=55 RightGroup=5 Left=TrollFist LeftUseType=55 LeftGroup=5 SUPPRESS_NATIVE=1
CORE RAW55_CALLBACK_SUPPRESSION_PROBE Actor=Troll Family=NORMAL Action=1 Motion=Troll_Stand_Fist_Fist_P0_Attack_Hit_N_Fwd_00_%_00_P0_100.xmot C1=9 Right=TrollFist RightUseType=55 RightGroup=5 Left=TrollFist LeftUseType=55 LeftGroup=5 SUPPRESS_NATIVE=1
CORE RAW55_CALLBACK_SUPPRESSION_PROBE Actor=Troll Family=NORMAL Action=1 Motion=Troll_Stand_Fist_Fist_P0_Attack_Hit_N_Fwd_00_%_00_P0_100.xmot C1=9 Right=TrollFist RightUseType=55 RightGroup=5 Left=TrollFist LeftUseType=55 LeftGroup=5 SUPPRESS_NATIVE=1
CORE RAW55_CALLBACK_SUPPRESSION_PROBE Actor=Troll Family=NORMAL Action=1 Motion=Troll_Stand_Fist_Fist_P0_Attack_Hit_N_Fwd_00_%_00_P0_100.xmot C1=9 Right=TrollFist RightUseType=55 RightGroup=5 Left=TrollFist LeftUseType=55 LeftGroup=5 SUPPRESS_NATIVE=1
CORE RAW55_CALLBACK_SUPPRESSION_PROBE Actor=Troll Family=NORMAL Action=1 Motion=Troll_Stand_Fist_Fist_P0_Attack_Hit_N_Fwd_00_%_00_P0_100.xmot C1=9 Right=TrollFist RightUseType=55 RightGroup=5 Left=TrollFist LeftUseType=55 LeftGroup=5 SUPPRESS_NATIVE=1
CORE RAW55_CALLBACK_SUPPRESSION_PROBE Actor=Troll Family=NORMAL Action=1 Motion=Troll_Stand_Fist_Fist_P0_Attack_Hit_N_Fwd_00_%_00_P0_100.xmot C1=9 Right=TrollFist RightUseType=55 RightGroup=5 Left=TrollFist LeftUseType=55 LeftGroup=5 SUPPRESS_NATIVE=1
CORE RAW55_CALLBACK_SUPPRESSION_PROBE Actor=Troll Family=NORMAL Action=1 Motion=Troll_Stand_Fist_Fist_P0_Attack_Hit_N_Fwd_00_%_00_P0_100.xmot C1=9 Right=TrollFist RightUseType=55 RightGroup=5 Left=TrollFist LeftUseType=55 LeftGroup=5 SUPPRESS_NATIVE=1
CORE RAW55_CALLBACK_SUPPRESSION_PROBE Actor=Troll Family=NORMAL Action=1 Motion=Troll_Stand_Fist_Fist_P0_Attack_Hit_N_Fwd_00_%_00_P0_100.xmot C1=9 Right=TrollFist RightUseType=55 RightGroup=5 Left=TrollFist LeftUseType=55 LeftGroup=5 SUPPRESS_NATIVE=1
CORE RAW55_CALLBACK_SUPPRESSION_PROBE Actor=Troll Family=NORMAL Action=1 Motion=Troll_Stand_Fist_Fist_P0_Attack_Hit_N_Fwd_00_%_00_P0_100.xmot C1=9 Right=TrollFist RightUseType=55 RightGroup=5 Left=TrollFist LeftUseType=55 LeftGroup=5 SUPPRESS_NATIVE=1
CORE RAW55_CALLBACK_SUPPRESSION_PROBE Actor=Troll Family=NORMAL Action=1 Motion=Troll_Stand_Fist_Fist_P0_Attack_Hit_N_Fwd_00_%_00_P0_100.xmot C1=9 Right=TrollFist RightUseType=55 RightGroup=5 Left=TrollFist LeftUseType=55 LeftGroup=5 SUPPRESS_NATIVE=1
CORE RAW55_CALLBACK_SUPPRESSION_PROBE Actor=Troll Family=NORMAL Action=1 Motion=Troll_Stand_Fist_Fist_P0_Attack_Hit_N_Fwd_00_%_00_P0_100.xmot C1=9 Right=TrollFist RightUseType=55 RightGroup=5 Left=TrollFist LeftUseType=55 LeftGroup=5 SUPPRESS_NATIVE=1
CORE RAW55_CALLBACK_SUPPRESSION_PROBE Actor=Troll Family=NORMAL Action=1 Motion=Troll_Stand_Fist_Fist_P0_Attack_Hit_N_Fwd_00_%_00_P0_100.xmot C1=9 Right=TrollFist RightUseType=55 RightGroup=5 Left=TrollFist LeftUseType=55 LeftGroup=5 SUPPRESS_NATIVE=1
CORE RAW55_CALLBACK_SUPPRESSION_PROBE Actor=Troll Family=NORMAL Action=1 Motion=Troll_Stand_Fist_Fist_P0_Attack_Hit_N_Fwd_00_%_00_P0_100.xmot C1=9 Right=TrollFist RightUseType=55 RightGroup=5 Left=TrollFist LeftUseType=55 LeftGroup=5 SUPPRESS_NATIVE=1
CORE RAW55_CALLBACK_SUPPRESSION_PROBE Actor=Troll Family=NORMAL Action=1 Motion=Troll_Stand_Fist_Fist_P0_Attack_Hit_N_Fwd_00_%_00_P0_100.xmot C1=9 Right=TrollFist RightUseType=55 RightGroup=5 Left=TrollFist LeftUseType=55 LeftGroup=5 SUPPRESS_NATIVE=1
CORE RAW55_CALLBACK_SUPPRESSION_PROBE Actor=Troll Family=NORMAL Action=1 Motion=Troll_Stand_Fist_Fist_P0_Attack_Hit_N_Fwd_00_%_00_P0_100.xmot C1=9 Right=TrollFist RightUseType=55 RightGroup=5 Left=TrollFist LeftUseType=55 LeftGroup=5 SUPPRESS_NATIVE=1
CORE RAW55_CALLBACK_SUPPRESSION_PROBE Actor=Troll Family=NORMAL Action=1 Motion=Troll_Stand_Fist_Fist_P0_Attack_Hit_N_Fwd_00_%_00_P0_100.xmot C1=9 Right=TrollFist RightUseType=55 RightGroup=5 Left=TrollFist LeftUseType=55 LeftGroup=5 SUPPRESS_NATIVE=1
CORE RAW55_CALLBACK_SUPPRESSION_PROBE Actor=Troll Family=NORMAL Action=1 Motion=Troll_Stand_Fist_Fist_P0_Attack_Hit_N_Fwd_00_%_00_P0_100.xmot C1=9 Right=TrollFist RightUseType=55 RightGroup=5 Left=TrollFist LeftUseType=55 LeftGroup=5 SUPPRESS_NATIVE=1
CORE RAW55_CALLBACK_SUPPRESSION_PROBE Actor=Troll Family=NORMAL Action=1 Motion=Troll_Stand_Fist_Fist_P0_Attack_Hit_N_Fwd_00_%_00_P0_100.xmot C1=9 Right=TrollFist RightUseType=55 RightGroup=5 Left=TrollFist LeftUseType=55 LeftGroup=5 SUPPRESS_NATIVE=1
CORE RAW55_CALLBACK_SUPPRESSION_PROBE Actor=Troll Family=NORMAL Action=1 Motion=Troll_Stand_Fist_Fist_P0_Attack_Hit_N_Fwd_00_%_00_P0_100.xmot C1=9 Right=TrollFist RightUseType=55 RightGroup=5 Left=TrollFist LeftUseType=55 LeftGroup=5 SUPPRESS_NATIVE=1
CORE RAW55_CALLBACK_SUPPRESSION_PROBE Actor=Troll Family=NORMAL Action=1 Motion=Troll_Stand_Fist_Fist_P0_Attack_Hit_N_Fwd_00_%_00_P0_100.xmot C1=9 Right=TrollFist RightUseType=55 RightGroup=5 Left=TrollFist LeftUseType=55 LeftGroup=5 SUPPRESS_NATIVE=1
CORE RAW55_CALLBACK_SUPPRESSION_PROBE Actor=Troll Family=NORMAL Action=1 Motion=Troll_Stand_Fist_Fist_P0_Attack_Hit_N_Fwd_00_%_00_P0_100.xmot C1=9 Right=TrollFist RightUseType=55 RightGroup=5 Left=TrollFist LeftUseType=55 LeftGroup=5 SUPPRESS_NATIVE=1
CORE RAW55_CALLBACK_SUPPRESSION_PROBE Actor=Troll Family=NORMAL Action=1 Motion=Troll_Stand_Fist_Fist_P0_Attack_Hit_N_Fwd_00_%_00_P0_100.xmot C1=9 Right=TrollFist RightUseType=55 RightGroup=5 Left=TrollFist LeftUseType=55 LeftGroup=5 SUPPRESS_NATIVE=1
CORE RAW55_CALLBACK_SUPPRESSION_PROBE Actor=Troll Family=NORMAL Action=1 Motion=Troll_Stand_Fist_Fist_P0_Attack_Hit_N_Fwd_00_%_00_P0_100.xmot C1=9 Right=TrollFist RightUseType=55 RightGroup=5 Left=TrollFist LeftUseType=55 LeftGroup=5 SUPPRESS_NATIVE=1
CORE RAW55_CALLBACK_SUPPRESSION_PROBE Actor=Troll Family=NORMAL Action=1 Motion=Troll_Stand_Fist_Fist_P0_Attack_Hit_N_Fwd_00_%_00_P0_100.xmot C1=9 Right=TrollFist RightUseType=55 RightGroup=5 Left=TrollFist LeftUseType=55 LeftGroup=5 SUPPRESS_NATIVE=1
CORE RAW55_CALLBACK_SUPPRESSION_PROBE Actor=Troll Family=NORMAL Action=1 Motion=Troll_Stand_Fist_Fist_P0_Attack_Hit_N_Fwd_00_%_00_P0_100.xmot C1=9 Right=TrollFist RightUseType=55 RightGroup=5 Left=TrollFist LeftUseType=55 LeftGroup=5 SUPPRESS_NATIVE=1
CORE RAW55_CALLBACK_SUPPRESSION_PROBE Actor=Troll Family=NORMAL Action=1 Motion=Troll_Stand_Fist_Fist_P0_Attack_Hit_N_Fwd_00_%_00_P0_100.xmot C1=9 Right=TrollFist RightUseType=55 RightGroup=5 Left=TrollFist LeftUseType=55 LeftGroup=5 SUPPRESS_NATIVE=1
CORE RAW55_CALLBACK_SUPPRESSION_PROBE Actor=Troll Family=NORMAL Action=1 Motion=Troll_Stand_Fist_Fist_P0_Attack_Hit_N_Fwd_00_%_00_P0_100.xmot C1=9 Right=TrollFist RightUseType=55 RightGroup=5 Left=TrollFist LeftUseType=55 LeftGroup=5 SUPPRESS_NATIVE=1
CORE RAW55_CALLBACK_SUPPRESSION_PROBE Actor=Troll Family=NORMAL Action=1 Motion=Troll_Stand_Fist_Fist_P0_Attack_Hit_N_Fwd_00_%_00_P0_100.xmot C1=9 Right=TrollFist RightUseType=55 RightGroup=5 Left=TrollFist LeftUseType=55 LeftGroup=5 SUPPRESS_NATIVE=1
CORE RAW55_CALLBACK_SUPPRESSION_PROBE Actor=Troll Family=NORMAL Action=1 Motion=Troll_Stand_Fist_Fist_P0_Attack_Hit_N_Fwd_00_%_00_P0_100.xmot C1=9 Right=TrollFist RightUseType=55 RightGroup=5 Left=TrollFist LeftUseType=55 LeftGroup=5 SUPPRESS_NATIVE=1
CORE RAW55_CALLBACK_SUPPRESSION_PROBE Actor=Troll Family=NORMAL Action=1 Motion=Troll_Stand_Fist_Fist_P0_Attack_Hit_N_Fwd_00_%_00_P0_100.xmot C1=9 Right=TrollFist RightUseType=55 RightGroup=5 Left=TrollFist LeftUseType=55 LeftGroup=5 SUPPRESS_NATIVE=1
CORE RAW55_CALLBACK_SUPPRESSION_PROBE Actor=Troll Family=NORMAL Action=1 Motion=Troll_Stand_Fist_Fist_P0_Attack_Hit_N_Fwd_00_%_00_P0_100.xmot C1=9 Right=TrollFist RightUseType=55 RightGroup=5 Left=TrollFist LeftUseType=55 LeftGroup=5 SUPPRESS_NATIVE=1
CORE RAW55_CALLBACK_SUPPRESSION_PROBE Actor=Troll Family=NORMAL Action=1 Motion=Troll_Stand_Fist_Fist_P0_Attack_Hit_N_Fwd_00_%_00_P0_100.xmot C1=9 Right=TrollFist RightUseType=55 RightGroup=5 Left=TrollFist LeftUseType=55 LeftGroup=5 SUPPRESS_NATIVE=1
CORE RAW55_CALLBACK_SUPPRESSION_PROBE Actor=Troll Family=NORMAL Action=1 Motion=Troll_Stand_Fist_Fist_P0_Attack_Hit_N_Fwd_00_%_00_P0_100.xmot C1=9 Right=TrollFist RightUseType=55 RightGroup=5 Left=TrollFist LeftUseType=55 LeftGroup=5 SUPPRESS_NATIVE=1
CORE RAW55_CALLBACK_SUPPRESSION_PROBE Actor=Troll Family=NORMAL Action=1 Motion=Troll_Stand_Fist_Fist_P0_Attack_Hit_N_Fwd_00_%_00_P0_100.xmot C1=9 Right=TrollFist RightUseType=55 RightGroup=5 Left=TrollFist LeftUseType=55 LeftGroup=5 SUPPRESS_NATIVE=1
CORE RAW55_CALLBACK_SUPPRESSION_PROBE Actor=Troll Family=NORMAL Action=1 Motion=Troll_Stand_Fist_Fist_P0_Attack_Hit_N_Fwd_00_%_00_P0_100.xmot C1=9 Right=TrollFist RightUseType=55 RightGroup=5 Left=TrollFist LeftUseType=55 LeftGroup=5 SUPPRESS_NATIVE=1
CORE RAW55_CALLBACK_SUPPRESSION_PROBE Actor=Troll Family=NORMAL Action=1 Motion=Troll_Stand_Fist_Fist_P0_Attack_Hit_N_Fwd_00_%_00_P0_100.xmot C1=9 Right=TrollFist RightUseType=55 RightGroup=5 Left=TrollFist LeftUseType=55 LeftGroup=5 SUPPRESS_NATIVE=1
CORE RAW55_CALLBACK_SUPPRESSION_PROBE Actor=Troll Family=NORMAL Action=1 Motion=Troll_Stand_Fist_Fist_P0_Attack_Hit_N_Fwd_00_%_00_P0_100.xmot C1=9 Right=TrollFist RightUseType=55 RightGroup=5 Left=TrollFist LeftUseType=55 LeftGroup=5 SUPPRESS_NATIVE=1
CORE RAW55_CALLBACK_SUPPRESSION_PROBE Actor=Troll Family=NORMAL Action=1 Motion=Troll_Stand_Fist_Fist_P0_Attack_Hit_N_Fwd_00_%_00_P0_100.xmot C1=9 Right=TrollFist RightUseType=55 RightGroup=5 Left=TrollFist LeftUseType=55 LeftGroup=5 SUPPRESS_NATIVE=1
CORE RAW55_CALLBACK_SUPPRESSION_PROBE Actor=Troll Family=NORMAL Action=1 Motion=Troll_Stand_Fist_Fist_P0_Attack_Hit_N_Fwd_00_%_00_P0_100.xmot C1=9 Right=TrollFist RightUseType=55 RightGroup=5 Left=TrollFist LeftUseType=55 LeftGroup=5 SUPPRESS_NATIVE=1
CORE RAW55_CALLBACK_SUPPRESSION_PROBE Actor=Troll Family=NORMAL Action=1 Motion=Troll_Stand_Fist_Fist_P0_Attack_Hit_N_Fwd_00_%_00_P0_100.xmot C1=9 Right=TrollFist RightUseType=55 RightGroup=5 Left=TrollFist LeftUseType=55 LeftGroup=5 SUPPRESS_NATIVE=1
CORE RAW55_CALLBACK_SUPPRESSION_PROBE Actor=Troll Family=NORMAL Action=1 Motion=Troll_Stand_Fist_Fist_P0_Attack_Hit_N_Fwd_00_%_00_P0_100.xmot C1=9 Right=TrollFist RightUseType=55 RightGroup=5 Left=TrollFist LeftUseType=55 LeftGroup=5 SUPPRESS_NATIVE=1
CORE RAW55_CALLBACK_SUPPRESSION_PROBE Actor=Troll Family=NORMAL Action=1 Motion=Troll_Stand_Fist_Fist_P0_Attack_Hit_N_Fwd_00_%_00_P0_100.xmot C1=9 Right=TrollFist RightUseType=55 RightGroup=5 Left=TrollFist LeftUseType=55 LeftGroup=5 SUPPRESS_NATIVE=1
CORE RAW55_CALLBACK_SUPPRESSION_PROBE Actor=Troll Family=NORMAL Action=1 Motion=Troll_Stand_Fist_Fist_P0_Attack_Hit_N_Fwd_00_%_00_P0_100.xmot C1=9 Right=TrollFist RightUseType=55 RightGroup=5 Left=TrollFist LeftUseType=55 LeftGroup=5 SUPPRESS_NATIVE=1
CORE RAW55_CALLBACK_SUPPRESSION_PROBE Actor=Troll Family=NORMAL Action=1 Motion=Troll_Stand_Fist_Fist_P0_Attack_Hit_N_Fwd_00_%_00_P0_100.xmot C1=9 Right=TrollFist RightUseType=55 RightGroup=5 Left=TrollFist LeftUseType=55 LeftGroup=5 SUPPRESS_NATIVE=1
===== CORE MARKER ANOMALY / DISCOVERY =====
ElapsedMs: 37240.226
Actor: Troll
Action: 1
Family: NORMAL
AniPhase: 1
StatePosition: 0
CurrentMovementAni: Troll_Stand_Fist_Fist_P0_Attack_Hit_N_Fwd_00_%_00_P0_100.xmot
MarkerName: G3AB_COL_FIST
MarkerOpcode: FIST
Result: UNSUPPORTED_MISSING_SOURCE
C1GenerationValid: 1
C1Generation: 9
RequiredSourceMask: 0
MissingSourceMask: 0
RightSourceSlot: RIGHT
RightSourceName: TrollFist
RightSourceUseType: 55
RightSourceCollisionGroup: 5
LeftSourceSlot: LEFT
LeftSourceName: TrollFist
LeftSourceUseType: 55
LeftSourceCollisionGroup: 5
Raw8FistSourceName: <none>
Raw8FistSourceUseType: -1
Raw8FistSourceCollisionGroup: -1
===========================================

CORE RAW55_CALLBACK_SUPPRESSION_PROBE Actor=Troll Family=NORMAL Action=1 Motion=Troll_Stand_Fist_Fist_P0_Attack_Hit_N_Fwd_00_%_00_P0_100.xmot C1=9 Right=TrollFist RightUseType=55 RightGroup=5 Left=TrollFist LeftUseType=55 LeftGroup=5 SUPPRESS_NATIVE=1
CORE RAW55_CALLBACK_SUPPRESSION_PROBE Actor=Troll Family=NORMAL Action=1 Motion=Troll_Stand_Fist_Fist_P0_Attack_Hit_N_Fwd_00_%_00_P0_100.xmot C1=9 Right=TrollFist RightUseType=55 RightGroup=5 Left=TrollFist LeftUseType=55 LeftGroup=5 SUPPRESS_NATIVE=1
CORE RAW55_CALLBACK_SUPPRESSION_PROBE Actor=Troll Family=NORMAL Action=1 Motion=Troll_Stand_Fist_Fist_P0_Attack_Hit_N_Fwd_00_%_00_P0_100.xmot C1=9 Right=TrollFist RightUseType=55 RightGroup=5 Left=TrollFist LeftUseType=55 LeftGroup=5 SUPPRESS_NATIVE=1
CORE RAW55_CALLBACK_SUPPRESSION_PROBE Actor=Troll Family=NORMAL Action=1 Motion=Troll_Stand_Fist_Fist_P0_Attack_Hit_N_Fwd_00_%_00_P0_100.xmot C1=9 Right=TrollFist RightUseType=55 RightGroup=5 Left=TrollFist LeftUseType=55 LeftGroup=5 SUPPRESS_NATIVE=1
CORE RAW55_CALLBACK_SUPPRESSION_PROBE Actor=Troll Family=NORMAL Action=1 Motion=Troll_Stand_Fist_Fist_P0_Attack_Hit_N_Fwd_00_%_00_P0_100.xmot C1=9 Right=TrollFist RightUseType=55 RightGroup=5 Left=TrollFist LeftUseType=55 LeftGroup=5 SUPPRESS_NATIVE=1
CORE RAW55_CALLBACK_SUPPRESSION_PROBE Actor=Troll Family=NORMAL Action=1 Motion=Troll_Stand_Fist_Fist_P0_Attack_Hit_N_Fwd_00_%_00_P0_100.xmot C1=9 Right=TrollFist RightUseType=55 RightGroup=5 Left=TrollFist LeftUseType=55 LeftGroup=5 SUPPRESS_NATIVE=1
CORE RAW55_CALLBACK_SUPPRESSION_PROBE Actor=Troll Family=NORMAL Action=1 Motion=Troll_Stand_Fist_Fist_P0_Attack_Hit_N_Fwd_00_%_00_P0_100.xmot C1=9 Right=TrollFist RightUseType=55 RightGroup=5 Left=TrollFist LeftUseType=55 LeftGroup=5 SUPPRESS_NATIVE=1
CORE RAW55_CALLBACK_SUPPRESSION_PROBE Actor=Troll Family=NORMAL Action=1 Motion=Troll_Stand_Fist_Fist_P0_Attack_Hit_N_Fwd_00_%_00_P0_100.xmot C1=9 Right=TrollFist RightUseType=55 RightGroup=5 Left=TrollFist LeftUseType=55 LeftGroup=5 SUPPRESS_NATIVE=1
CORE RAW55_CALLBACK_SUPPRESSION_PROBE Actor=Troll Family=NORMAL Action=1 Motion=Troll_Stand_Fist_Fist_P0_Attack_Hit_N_Fwd_00_%_00_P0_100.xmot C1=9 Right=TrollFist RightUseType=55 RightGroup=5 Left=TrollFist LeftUseType=55 LeftGroup=5 SUPPRESS_NATIVE=1
CORE RAW55_CALLBACK_SUPPRESSION_PROBE Actor=Troll Family=NORMAL Action=1 Motion=Troll_Stand_Fist_Fist_P0_Attack_Hit_N_Fwd_00_%_00_P0_100.xmot C1=9 Right=TrollFist RightUseType=55 RightGroup=5 Left=TrollFist LeftUseType=55 LeftGroup=5 SUPPRESS_NATIVE=1
CORE RAW55_CALLBACK_SUPPRESSION_PROBE Actor=Troll Family=NORMAL Action=1 Motion=Troll_Stand_Fist_Fist_P0_Attack_Hit_N_Fwd_00_%_00_P0_100.xmot C1=9 Right=TrollFist RightUseType=55 RightGroup=5 Left=TrollFist LeftUseType=55 LeftGroup=5 SUPPRESS_NATIVE=1
CORE RAW55_CALLBACK_SUPPRESSION_PROBE Actor=Troll Family=NORMAL Action=1 Motion=Troll_Stand_Fist_Fist_P0_Attack_Hit_N_Fwd_00_%_00_P0_100.xmot C1=9 Right=TrollFist RightUseType=55 RightGroup=5 Left=TrollFist LeftUseType=55 LeftGroup=5 SUPPRESS_NATIVE=1
CORE RAW55_CALLBACK_SUPPRESSION_PROBE Actor=Troll Family=NORMAL Action=1 Motion=Troll_Stand_Fist_Fist_P0_Attack_Hit_N_Fwd_00_%_00_P0_100.xmot C1=9 Right=TrollFist RightUseType=55 RightGroup=5 Left=TrollFist LeftUseType=55 LeftGroup=5 SUPPRESS_NATIVE=1
CORE RAW55_CALLBACK_SUPPRESSION_PROBE Actor=Troll Family=NORMAL Action=1 Motion=Troll_Stand_Fist_Fist_P0_Attack_Hit_N_Fwd_00_%_00_P0_100.xmot C1=9 Right=TrollFist RightUseType=55 RightGroup=5 Left=TrollFist LeftUseType=55 LeftGroup=5 SUPPRESS_NATIVE=1
CORE RAW55_CALLBACK_SUPPRESSION_PROBE Actor=Troll Family=NORMAL Action=1 Motion=Troll_Stand_Fist_Fist_P0_Attack_Hit_N_Fwd_00_%_00_P0_100.xmot C1=9 Right=TrollFist RightUseType=55 RightGroup=5 Left=TrollFist LeftUseType=55 LeftGroup=5 SUPPRESS_NATIVE=1
CORE RAW55_CALLBACK_SUPPRESSION_PROBE Actor=Troll Family=NORMAL Action=1 Motion=Troll_Stand_Fist_Fist_P0_Attack_Hit_N_Fwd_00_%_00_P0_100.xmot C1=9 Right=TrollFist RightUseType=55 RightGroup=5 Left=TrollFist LeftUseType=55 LeftGroup=5 SUPPRESS_NATIVE=1
CORE RAW55_CALLBACK_SUPPRESSION_PROBE Actor=Troll Family=NORMAL Action=1 Motion=Troll_Stand_Fist_Fist_P0_Attack_Hit_N_Fwd_00_%_00_P0_100.xmot C1=9 Right=TrollFist RightUseType=55 RightGroup=5 Left=TrollFist LeftUseType=55 LeftGroup=5 SUPPRESS_NATIVE=1
CORE RAW55_CALLBACK_SUPPRESSION_PROBE Actor=Troll Family=NORMAL Action=1 Motion=Troll_Stand_Fist_Fist_P0_Attack_Hit_N_Fwd_00_%_00_P0_100.xmot C1=9 Right=TrollFist RightUseType=55 RightGroup=5 Left=TrollFist LeftUseType=55 LeftGroup=5 SUPPRESS_NATIVE=1
CORE RAW55_CALLBACK_SUPPRESSION_PROBE Actor=Troll Family=NORMAL Action=1 Motion=Troll_Stand_Fist_Fist_P0_Attack_Hit_N_Fwd_00_%_00_P0_100.xmot C1=9 Right=TrollFist RightUseType=55 RightGroup=5 Left=TrollFist LeftUseType=55 LeftGroup=5 SUPPRESS_NATIVE=1
CORE RAW55_CALLBACK_SUPPRESSION_PROBE Actor=Troll Family=NORMAL Action=1 Motion=Troll_Stand_Fist_Fist_P0_Attack_Hit_N_Fwd_00_%_00_P0_100.xmot C1=9 Right=TrollFist RightUseType=55 RightGroup=5 Left=TrollFist LeftUseType=55 LeftGroup=5 SUPPRESS_NATIVE=1
CORE RAW55_CALLBACK_SUPPRESSION_PROBE Actor=Troll Family=NORMAL Action=1 Motion=Troll_Stand_Fist_Fist_P0_Attack_Hit_N_Fwd_00_%_00_P0_100.xmot C1=9 Right=TrollFist RightUseType=55 RightGroup=5 Left=TrollFist LeftUseType=55 LeftGroup=5 SUPPRESS_NATIVE=1
CORE RAW55_CALLBACK_SUPPRESSION_PROBE Actor=Troll Family=NORMAL Action=1 Motion=Troll_Stand_Fist_Fist_P0_Attack_Hit_N_Fwd_00_%_00_P0_100.xmot C1=9 Right=TrollFist RightUseType=55 RightGroup=5 Left=TrollFist LeftUseType=55 LeftGroup=5 SUPPRESS_NATIVE=1
CORE RAW55_CALLBACK_SUPPRESSION_PROBE Actor=Troll Family=NORMAL Action=1 Motion=Troll_Stand_Fist_Fist_P0_Attack_Hit_N_Fwd_00_%_00_P0_100.xmot C1=9 Right=TrollFist RightUseType=55 RightGroup=5 Left=TrollFist LeftUseType=55 LeftGroup=5 SUPPRESS_NATIVE=1
CORE RAW55_CALLBACK_SUPPRESSION_PROBE Actor=Troll Family=NORMAL Action=1 Motion=Troll_Stand_Fist_Fist_P0_Attack_Hit_N_Fwd_00_%_00_P0_100.xmot C1=9 Right=TrollFist RightUseType=55 RightGroup=5 Left=TrollFist LeftUseType=55 LeftGroup=5 SUPPRESS_NATIVE=1
CORE RAW55_CALLBACK_SUPPRESSION_PROBE Actor=Troll Family=NORMAL Action=1 Motion=Troll_Stand_Fist_Fist_P0_Attack_Hit_N_Fwd_00_%_00_P0_100.xmot C1=9 Right=TrollFist RightUseType=55 RightGroup=5 Left=TrollFist LeftUseType=55 LeftGroup=5 SUPPRESS_NATIVE=1
CORE RAW55_CALLBACK_SUPPRESSION_PROBE Actor=Troll Family=NORMAL Action=1 Motion=Troll_Stand_Fist_Fist_P0_Attack_Hit_N_Fwd_00_%_00_P0_100.xmot C1=9 Right=TrollFist RightUseType=55 RightGroup=5 Left=TrollFist LeftUseType=55 LeftGroup=5 SUPPRESS_NATIVE=1
CORE RAW55_CALLBACK_SUPPRESSION_PROBE Actor=Troll Family=NORMAL Action=1 Motion=Troll_Stand_Fist_Fist_P0_Attack_Hit_N_Fwd_00_%_00_P0_100.xmot C1=9 Right=TrollFist RightUseType=55 RightGroup=5 Left=TrollFist LeftUseType=55 LeftGroup=5 SUPPRESS_NATIVE=1
CORE RAW55_CALLBACK_SUPPRESSION_PROBE Actor=Troll Family=NORMAL Action=1 Motion=Troll_Stand_Fist_Fist_P0_Attack_Hit_N_Fwd_00_%_00_P0_100.xmot C1=9 Right=TrollFist RightUseType=55 RightGroup=5 Left=TrollFist LeftUseType=55 LeftGroup=5 SUPPRESS_NATIVE=1
CORE RAW55_CALLBACK_SUPPRESSION_PROBE Actor=Troll Family=NORMAL Action=1 Motion=Troll_Stand_Fist_Fist_P0_Attack_Hit_N_Fwd_00_%_00_P0_100.xmot C1=9 Right=TrollFist RightUseType=55 RightGroup=5 Left=TrollFist LeftUseType=55 LeftGroup=5 SUPPRESS_NATIVE=1
CORE RAW55_CALLBACK_SUPPRESSION_PROBE Actor=Troll Family=NORMAL Action=1 Motion=Troll_Stand_Fist_Fist_P0_Attack_Hit_N_Fwd_00_%_00_P0_100.xmot C1=9 Right=TrollFist RightUseType=55 RightGroup=5 Left=TrollFist LeftUseType=55 LeftGroup=5 SUPPRESS_NATIVE=1
CORE RAW55_CALLBACK_SUPPRESSION_PROBE Actor=Troll Family=NORMAL Action=1 Motion=Troll_Stand_Fist_Fist_P0_Attack_Hit_N_Fwd_00_%_00_P0_100.xmot C1=9 Right=TrollFist RightUseType=55 RightGroup=5 Left=TrollFist LeftUseType=55 LeftGroup=5 SUPPRESS_NATIVE=1
CORE RAW55_CALLBACK_SUPPRESSION_PROBE Actor=Troll Family=NORMAL Action=1 Motion=Troll_Stand_Fist_Fist_P0_Attack_Hit_N_Fwd_00_%_00_P0_100.xmot C1=9 Right=TrollFist RightUseType=55 RightGroup=5 Left=TrollFist LeftUseType=55 LeftGroup=5 SUPPRESS_NATIVE=1
CORE RAW55_CALLBACK_SUPPRESSION_PROBE Actor=Troll Family=NORMAL Action=1 Motion=Troll_Stand_Fist_Fist_P0_Attack_Hit_N_Fwd_00_%_00_P0_100.xmot C1=9 Right=TrollFist RightUseType=55 RightGroup=5 Left=TrollFist LeftUseType=55 LeftGroup=5 SUPPRESS_NATIVE=1
CORE C1_FINAL ElapsedMs=37506.283 Actor=Troll Generation=9 Status=PERSISTED SourceCount=2 PhysicalChanged=0 Source[0]=TrollFist Side=RIGHT Outstanding=0 Cleanup=0 Outcome=NO_OP_NO_OUTSTANDING Source[1]=TrollFist Side=LEFT Outstanding=0 Cleanup=0 Outcome=NO_OP_NO_OUTSTANDING
CORE C1_START ElapsedMs=38692.160 Actor=Troll Generation=10 Status=CANDIDATE Outstanding=0 TrackedSources=2 ReplacedGeneration=0 ReplacedOutstanding=0 Source[0]=TrollFist Side=RIGHT Group=5 Source[1]=TrollFist Side=LEFT Group=5
CORE C1_BIND ElapsedMs=38692.173 Event=COMBAT_MOVE_CANDIDATE_BOUND Actor=Troll Generation=10 Status=CANDIDATE Outstanding=0 Source=<null> Script=_AI_QuickAttack
CORE C1_STATUS ElapsedMs=38692.237 Event=PERSISTED Actor=Troll Generation=10 Status=PERSISTED Outstanding=0
CORE ATTACK_OWNERSHIP ElapsedMs=38692.255 Actor=Troll Family=QUICK Action=5 Phase=1 Motion=Troll_Stand_Fist_Fist_P0_QuickAttackL_Hit_N_Fwd_00_%_00_P0_100.xmot MarkerPresent=1 RequiredMask=0 FistMarkers=1 Raw8Fist=<none> Raw8UseType=-1 SuppressNative=0 Classification=CONTRADICTION
===== CORE ATTACK OWNERSHIP ANOMALY =====
MatchingMotionFound: 1
MarkerScanValid: 1
RequiredSourcesAvailable: 1
RightSourceSlot: RIGHT
RightSourceName: TrollFist
RightSourceUseType: 55
RightSourceCollisionGroup: 5
LeftSourceSlot: LEFT
LeftSourceName: TrollFist
LeftSourceUseType: 55
LeftSourceCollisionGroup: 5
Raw8FistSourceName: <none>
Raw8FistSourceUseType: -1
Raw8FistSourceCollisionGroup: -1
=========================================

CORE RAW55_QUICK_CALLBACK_BOUNDARY Actor=Troll C1=10 SameC1=1 Action=5->5 Phase=1->1 StateTime=0.000000->0.000000 StatePosition=0->0 MotionBefore=Troll_Stand_Fist_Fist_P0_QuickAttackL_Hit_N_Fwd_00_%_00_P0_100.xmot MotionAfter=Troll_Stand_Fist_Fist_P0_QuickAttackL_Hit_N_Fwd_00_%_00_P0_100.xmot Right=TrollFist RightUseType=55 RightGroup=5->5 NativeResult=1 OBSERVE_NATIVE=1
CORE RAW55_QUICK_CALLBACK_BOUNDARY Actor=Troll C1=10 SameC1=1 Action=5->5 Phase=1->1 StateTime=0.008971->0.008971 StatePosition=0->0 MotionBefore=Troll_Stand_Fist_Fist_P0_QuickAttackL_Hit_N_Fwd_00_%_00_P0_100.xmot MotionAfter=Troll_Stand_Fist_Fist_P0_QuickAttackL_Hit_N_Fwd_00_%_00_P0_100.xmot Right=TrollFist RightUseType=55 RightGroup=5->5 NativeResult=1 OBSERVE_NATIVE=1
CORE RAW55_QUICK_CALLBACK_BOUNDARY Actor=Troll C1=10 SameC1=1 Action=5->5 Phase=1->1 StateTime=0.017304->0.017304 StatePosition=0->0 MotionBefore=Troll_Stand_Fist_Fist_P0_QuickAttackL_Hit_N_Fwd_00_%_00_P0_100.xmot MotionAfter=Troll_Stand_Fist_Fist_P0_QuickAttackL_Hit_N_Fwd_00_%_00_P0_100.xmot Right=TrollFist RightUseType=55 RightGroup=5->5 NativeResult=1 OBSERVE_NATIVE=1
CORE RAW55_QUICK_CALLBACK_BOUNDARY Actor=Troll C1=10 SameC1=1 Action=5->5 Phase=1->1 StateTime=0.025638->0.025638 StatePosition=0->0 MotionBefore=Troll_Stand_Fist_Fist_P0_QuickAttackL_Hit_N_Fwd_00_%_00_P0_100.xmot MotionAfter=Troll_Stand_Fist_Fist_P0_QuickAttackL_Hit_N_Fwd_00_%_00_P0_100.xmot Right=TrollFist RightUseType=55 RightGroup=5->5 NativeResult=1 OBSERVE_NATIVE=1
CORE RAW55_QUICK_CALLBACK_BOUNDARY Actor=Troll C1=10 SameC1=1 Action=5->5 Phase=1->1 StateTime=0.033971->0.033971 StatePosition=0->0 MotionBefore=Troll_Stand_Fist_Fist_P0_QuickAttackL_Hit_N_Fwd_00_%_00_P0_100.xmot MotionAfter=Troll_Stand_Fist_Fist_P0_QuickAttackL_Hit_N_Fwd_00_%_00_P0_100.xmot Right=TrollFist RightUseType=55 RightGroup=5->5 NativeResult=1 OBSERVE_NATIVE=1
CORE RAW55_QUICK_CALLBACK_BOUNDARY Actor=Troll C1=10 SameC1=1 Action=5->5 Phase=1->1 StateTime=0.042304->0.042304 StatePosition=0->0 MotionBefore=Troll_Stand_Fist_Fist_P0_QuickAttackL_Hit_N_Fwd_00_%_00_P0_100.xmot MotionAfter=Troll_Stand_Fist_Fist_P0_QuickAttackL_Hit_N_Fwd_00_%_00_P0_100.xmot Right=TrollFist RightUseType=55 RightGroup=5->5 NativeResult=1 OBSERVE_NATIVE=1
CORE RAW55_QUICK_CALLBACK_BOUNDARY Actor=Troll C1=10 SameC1=1 Action=5->5 Phase=1->1 StateTime=0.050638->0.050638 StatePosition=0->0 MotionBefore=Troll_Stand_Fist_Fist_P0_QuickAttackL_Hit_N_Fwd_00_%_00_P0_100.xmot MotionAfter=Troll_Stand_Fist_Fist_P0_QuickAttackL_Hit_N_Fwd_00_%_00_P0_100.xmot Right=TrollFist RightUseType=55 RightGroup=5->5 NativeResult=1 OBSERVE_NATIVE=1
CORE RAW55_QUICK_CALLBACK_BOUNDARY Actor=Troll C1=10 SameC1=1 Action=5->5 Phase=1->1 StateTime=0.063535->0.063535 StatePosition=0->0 MotionBefore=Troll_Stand_Fist_Fist_P0_QuickAttackL_Hit_N_Fwd_00_%_00_P0_100.xmot MotionAfter=Troll_Stand_Fist_Fist_P0_QuickAttackL_Hit_N_Fwd_00_%_00_P0_100.xmot Right=TrollFist RightUseType=55 RightGroup=5->5 NativeResult=1 OBSERVE_NATIVE=1
CORE RAW55_QUICK_CALLBACK_BOUNDARY Actor=Troll C1=10 SameC1=1 Action=5->5 Phase=1->1 StateTime=0.072572->0.072572 StatePosition=0->0 MotionBefore=Troll_Stand_Fist_Fist_P0_QuickAttackL_Hit_N_Fwd_00_%_00_P0_100.xmot MotionAfter=Troll_Stand_Fist_Fist_P0_QuickAttackL_Hit_N_Fwd_00_%_00_P0_100.xmot Right=TrollFist RightUseType=55 RightGroup=5->5 NativeResult=1 OBSERVE_NATIVE=1
CORE RAW55_QUICK_CALLBACK_BOUNDARY Actor=Troll C1=10 SameC1=1 Action=5->5 Phase=1->1 StateTime=0.081572->0.081572 StatePosition=0->0 MotionBefore=Troll_Stand_Fist_Fist_P0_QuickAttackL_Hit_N_Fwd_00_%_00_P0_100.xmot MotionAfter=Troll_Stand_Fist_Fist_P0_QuickAttackL_Hit_N_Fwd_00_%_00_P0_100.xmot Right=TrollFist RightUseType=55 RightGroup=5->5 NativeResult=1 OBSERVE_NATIVE=1
CORE RAW55_QUICK_CALLBACK_BOUNDARY Actor=Troll C1=10 SameC1=1 Action=5->5 Phase=1->1 StateTime=0.089906->0.089906 StatePosition=0->0 MotionBefore=Troll_Stand_Fist_Fist_P0_QuickAttackL_Hit_N_Fwd_00_%_00_P0_100.xmot MotionAfter=Troll_Stand_Fist_Fist_P0_QuickAttackL_Hit_N_Fwd_00_%_00_P0_100.xmot Right=TrollFist RightUseType=55 RightGroup=5->5 NativeResult=1 OBSERVE_NATIVE=1
CORE RAW55_QUICK_GROUP_SUPPRESSION Actor=Troll C1=10 Right=TrollFist RightUseType=55 RequestedGroup=7 BeforeGroup=5 StatePosition=0 StateTime=0.100832 SUPPRESS_GROUP=1
CORE RAW55_QUICK_CALLBACK_BOUNDARY Actor=Troll C1=10 SameC1=1 Action=5->5 Phase=1->1 StateTime=0.100832->0.100832 StatePosition=0->1 MotionBefore=Troll_Stand_Fist_Fist_P0_QuickAttackL_Hit_N_Fwd_00_%_00_P0_100.xmot MotionAfter=Troll_Stand_Fist_Fist_P0_QuickAttackL_Hit_N_Fwd_00_%_00_P0_100.xmot Right=TrollFist RightUseType=55 RightGroup=5->5 NativeResult=1 OBSERVE_NATIVE=1
CORE RAW55_QUICK_CALLBACK_BOUNDARY Actor=Troll C1=10 SameC1=1 Action=5->5 Phase=1->1 StateTime=0.109166->0.109166 StatePosition=1->1 MotionBefore=Troll_Stand_Fist_Fist_P0_QuickAttackL_Hit_N_Fwd_00_%_00_P0_100.xmot MotionAfter=Troll_Stand_Fist_Fist_P0_QuickAttackL_Hit_N_Fwd_00_%_00_P0_100.xmot Right=TrollFist RightUseType=55 RightGroup=5->5 NativeResult=1 OBSERVE_NATIVE=1
CORE RAW55_QUICK_CALLBACK_BOUNDARY Actor=Troll C1=10 SameC1=1 Action=5->5 Phase=1->1 StateTime=0.117499->0.117499 StatePosition=1->1 MotionBefore=Troll_Stand_Fist_Fist_P0_QuickAttackL_Hit_N_Fwd_00_%_00_P0_100.xmot MotionAfter=Troll_Stand_Fist_Fist_P0_QuickAttackL_Hit_N_Fwd_00_%_00_P0_100.xmot Right=TrollFist RightUseType=55 RightGroup=5->5 NativeResult=1 OBSERVE_NATIVE=1
CORE RAW55_QUICK_CALLBACK_BOUNDARY Actor=Troll C1=10 SameC1=1 Action=5->5 Phase=1->1 StateTime=0.125832->0.125832 StatePosition=1->1 MotionBefore=Troll_Stand_Fist_Fist_P0_QuickAttackL_Hit_N_Fwd_00_%_00_P0_100.xmot MotionAfter=Troll_Stand_Fist_Fist_P0_QuickAttackL_Hit_N_Fwd_00_%_00_P0_100.xmot Right=TrollFist RightUseType=55 RightGroup=5->5 NativeResult=1 OBSERVE_NATIVE=1
CORE RAW55_QUICK_CALLBACK_BOUNDARY Actor=Troll C1=10 SameC1=1 Action=5->5 Phase=1->1 StateTime=0.134166->0.134166 StatePosition=1->1 MotionBefore=Troll_Stand_Fist_Fist_P0_QuickAttackL_Hit_N_Fwd_00_%_00_P0_100.xmot MotionAfter=Troll_Stand_Fist_Fist_P0_QuickAttackL_Hit_N_Fwd_00_%_00_P0_100.xmot Right=TrollFist RightUseType=55 RightGroup=5->5 NativeResult=1 OBSERVE_NATIVE=1
CORE RAW55_QUICK_CALLBACK_BOUNDARY Actor=Troll C1=10 SameC1=1 Action=5->5 Phase=1->1 StateTime=0.142499->0.142499 StatePosition=1->1 MotionBefore=Troll_Stand_Fist_Fist_P0_QuickAttackL_Hit_N_Fwd_00_%_00_P0_100.xmot MotionAfter=Troll_Stand_Fist_Fist_P0_QuickAttackL_Hit_N_Fwd_00_%_00_P0_100.xmot Right=TrollFist RightUseType=55 RightGroup=5->5 NativeResult=1 OBSERVE_NATIVE=1
CORE RAW55_QUICK_CALLBACK_BOUNDARY Actor=Troll C1=10 SameC1=1 Action=5->5 Phase=1->1 StateTime=0.150832->0.150832 StatePosition=1->1 MotionBefore=Troll_Stand_Fist_Fist_P0_QuickAttackL_Hit_N_Fwd_00_%_00_P0_100.xmot MotionAfter=Troll_Stand_Fist_Fist_P0_QuickAttackL_Hit_N_Fwd_00_%_00_P0_100.xmot Right=TrollFist RightUseType=55 RightGroup=5->5 NativeResult=1 OBSERVE_NATIVE=1
CORE RAW55_QUICK_CALLBACK_BOUNDARY Actor=Troll C1=10 SameC1=1 Action=5->5 Phase=1->1 StateTime=0.159803->0.159803 StatePosition=1->1 MotionBefore=Troll_Stand_Fist_Fist_P0_QuickAttackL_Hit_N_Fwd_00_%_00_P0_100.xmot MotionAfter=Troll_Stand_Fist_Fist_P0_QuickAttackL_Hit_N_Fwd_00_%_00_P0_100.xmot Right=TrollFist RightUseType=55 RightGroup=5->5 NativeResult=1 OBSERVE_NATIVE=1
CORE RAW55_QUICK_CALLBACK_BOUNDARY Actor=Troll C1=10 SameC1=1 Action=5->5 Phase=1->1 StateTime=0.168136->0.168136 StatePosition=1->1 MotionBefore=Troll_Stand_Fist_Fist_P0_QuickAttackL_Hit_N_Fwd_00_%_00_P0_100.xmot MotionAfter=Troll_Stand_Fist_Fist_P0_QuickAttackL_Hit_N_Fwd_00_%_00_P0_100.xmot Right=TrollFist RightUseType=55 RightGroup=5->5 NativeResult=1 OBSERVE_NATIVE=1
CORE RAW55_QUICK_CALLBACK_BOUNDARY Actor=Troll C1=10 SameC1=1 Action=5->5 Phase=1->1 StateTime=0.176470->0.176470 StatePosition=1->1 MotionBefore=Troll_Stand_Fist_Fist_P0_QuickAttackL_Hit_N_Fwd_00_%_00_P0_100.xmot MotionAfter=Troll_Stand_Fist_Fist_P0_QuickAttackL_Hit_N_Fwd_00_%_00_P0_100.xmot Right=TrollFist RightUseType=55 RightGroup=5->5 NativeResult=1 OBSERVE_NATIVE=1
CORE RAW55_QUICK_CALLBACK_BOUNDARY Actor=Troll C1=10 SameC1=1 Action=5->5 Phase=1->1 StateTime=0.184803->0.184803 StatePosition=1->1 MotionBefore=Troll_Stand_Fist_Fist_P0_QuickAttackL_Hit_N_Fwd_00_%_00_P0_100.xmot MotionAfter=Troll_Stand_Fist_Fist_P0_QuickAttackL_Hit_N_Fwd_00_%_00_P0_100.xmot Right=TrollFist RightUseType=55 RightGroup=5->5 NativeResult=1 OBSERVE_NATIVE=1
CORE RAW55_QUICK_CALLBACK_BOUNDARY Actor=Troll C1=10 SameC1=1 Action=5->5 Phase=1->1 StateTime=0.193774->0.193774 StatePosition=1->1 MotionBefore=Troll_Stand_Fist_Fist_P0_QuickAttackL_Hit_N_Fwd_00_%_00_P0_100.xmot MotionAfter=Troll_Stand_Fist_Fist_P0_QuickAttackL_Hit_N_Fwd_00_%_00_P0_100.xmot Right=TrollFist RightUseType=55 RightGroup=5->5 NativeResult=1 OBSERVE_NATIVE=1
CORE RAW55_QUICK_CALLBACK_BOUNDARY Actor=Troll C1=10 SameC1=1 Action=5->5 Phase=1->1 StateTime=0.202107->0.202107 StatePosition=1->1 MotionBefore=Troll_Stand_Fist_Fist_P0_QuickAttackL_Hit_N_Fwd_00_%_00_P0_100.xmot MotionAfter=Troll_Stand_Fist_Fist_P0_QuickAttackL_Hit_N_Fwd_00_%_00_P0_100.xmot Right=TrollFist RightUseType=55 RightGroup=5->5 NativeResult=1 OBSERVE_NATIVE=1
CORE RAW55_QUICK_CALLBACK_BOUNDARY Actor=Troll C1=10 SameC1=1 Action=5->5 Phase=1->1 StateTime=0.211078->0.211078 StatePosition=1->1 MotionBefore=Troll_Stand_Fist_Fist_P0_QuickAttackL_Hit_N_Fwd_00_%_00_P0_100.xmot MotionAfter=Troll_Stand_Fist_Fist_P0_QuickAttackL_Hit_N_Fwd_00_%_00_P0_100.xmot Right=TrollFist RightUseType=55 RightGroup=5->5 NativeResult=1 OBSERVE_NATIVE=1
CORE RAW55_QUICK_CALLBACK_BOUNDARY Actor=Troll C1=10 SameC1=1 Action=5->5 Phase=1->1 StateTime=0.219411->0.219411 StatePosition=1->1 MotionBefore=Troll_Stand_Fist_Fist_P0_QuickAttackL_Hit_N_Fwd_00_%_00_P0_100.xmot MotionAfter=Troll_Stand_Fist_Fist_P0_QuickAttackL_Hit_N_Fwd_00_%_00_P0_100.xmot Right=TrollFist RightUseType=55 RightGroup=5->5 NativeResult=1 OBSERVE_NATIVE=1
CORE RAW55_QUICK_CALLBACK_BOUNDARY Actor=Troll C1=10 SameC1=1 Action=5->5 Phase=1->1 StateTime=0.227745->0.227745 StatePosition=1->1 MotionBefore=Troll_Stand_Fist_Fist_P0_QuickAttackL_Hit_N_Fwd_00_%_00_P0_100.xmot MotionAfter=Troll_Stand_Fist_Fist_P0_QuickAttackL_Hit_N_Fwd_00_%_00_P0_100.xmot Right=TrollFist RightUseType=55 RightGroup=5->5 NativeResult=1 OBSERVE_NATIVE=1
CORE RAW55_QUICK_CALLBACK_BOUNDARY Actor=Troll C1=10 SameC1=1 Action=5->5 Phase=1->1 StateTime=0.236715->0.236715 StatePosition=1->1 MotionBefore=Troll_Stand_Fist_Fist_P0_QuickAttackL_Hit_N_Fwd_00_%_00_P0_100.xmot MotionAfter=Troll_Stand_Fist_Fist_P0_QuickAttackL_Hit_N_Fwd_00_%_00_P0_100.xmot Right=TrollFist RightUseType=55 RightGroup=5->5 NativeResult=1 OBSERVE_NATIVE=1
CORE RAW55_QUICK_CALLBACK_BOUNDARY Actor=Troll C1=10 SameC1=1 Action=5->5 Phase=1->1 StateTime=0.245049->0.245049 StatePosition=1->1 MotionBefore=Troll_Stand_Fist_Fist_P0_QuickAttackL_Hit_N_Fwd_00_%_00_P0_100.xmot MotionAfter=Troll_Stand_Fist_Fist_P0_QuickAttackL_Hit_N_Fwd_00_%_00_P0_100.xmot Right=TrollFist RightUseType=55 RightGroup=5->5 NativeResult=1 OBSERVE_NATIVE=1
CORE RAW55_QUICK_CALLBACK_BOUNDARY Actor=Troll C1=10 SameC1=1 Action=5->5 Phase=1->1 StateTime=0.253382->0.253382 StatePosition=1->1 MotionBefore=Troll_Stand_Fist_Fist_P0_QuickAttackL_Hit_N_Fwd_00_%_00_P0_100.xmot MotionAfter=Troll_Stand_Fist_Fist_P0_QuickAttackL_Hit_N_Fwd_00_%_00_P0_100.xmot Right=TrollFist RightUseType=55 RightGroup=5->5 NativeResult=1 OBSERVE_NATIVE=1
CORE RAW55_QUICK_CALLBACK_BOUNDARY Actor=Troll C1=10 SameC1=1 Action=5->5 Phase=1->1 StateTime=0.261715->0.261715 StatePosition=1->1 MotionBefore=Troll_Stand_Fist_Fist_P0_QuickAttackL_Hit_N_Fwd_00_%_00_P0_100.xmot MotionAfter=Troll_Stand_Fist_Fist_P0_QuickAttackL_Hit_N_Fwd_00_%_00_P0_100.xmot Right=TrollFist RightUseType=55 RightGroup=5->5 NativeResult=1 OBSERVE_NATIVE=1
CORE RAW55_QUICK_CALLBACK_BOUNDARY Actor=Troll C1=10 SameC1=1 Action=5->5 Phase=1->1 StateTime=0.270049->0.270049 StatePosition=1->1 MotionBefore=Troll_Stand_Fist_Fist_P0_QuickAttackL_Hit_N_Fwd_00_%_00_P0_100.xmot MotionAfter=Troll_Stand_Fist_Fist_P0_QuickAttackL_Hit_N_Fwd_00_%_00_P0_100.xmot Right=TrollFist RightUseType=55 RightGroup=5->5 NativeResult=1 OBSERVE_NATIVE=1
CORE RAW55_QUICK_CALLBACK_BOUNDARY Actor=Troll C1=10 SameC1=1 Action=5->5 Phase=1->1 StateTime=0.279019->0.279019 StatePosition=1->1 MotionBefore=Troll_Stand_Fist_Fist_P0_QuickAttackL_Hit_N_Fwd_00_%_00_P0_100.xmot MotionAfter=Troll_Stand_Fist_Fist_P0_QuickAttackL_Hit_N_Fwd_00_%_00_P0_100.xmot Right=TrollFist RightUseType=55 RightGroup=5->5 NativeResult=1 OBSERVE_NATIVE=1
CORE RAW55_QUICK_CALLBACK_BOUNDARY Actor=Troll C1=10 SameC1=1 Action=5->5 Phase=1->1 StateTime=0.287353->0.287353 StatePosition=1->1 MotionBefore=Troll_Stand_Fist_Fist_P0_QuickAttackL_Hit_N_Fwd_00_%_00_P0_100.xmot MotionAfter=Troll_Stand_Fist_Fist_P0_QuickAttackL_Hit_N_Fwd_00_%_00_P0_100.xmot Right=TrollFist RightUseType=55 RightGroup=5->5 NativeResult=1 OBSERVE_NATIVE=1
CORE RAW55_QUICK_CALLBACK_BOUNDARY Actor=Troll C1=10 SameC1=1 Action=5->5 Phase=1->1 StateTime=0.297309->0.297309 StatePosition=1->1 MotionBefore=Troll_Stand_Fist_Fist_P0_QuickAttackL_Hit_N_Fwd_00_%_00_P0_100.xmot MotionAfter=Troll_Stand_Fist_Fist_P0_QuickAttackL_Hit_N_Fwd_00_%_00_P0_100.xmot Right=TrollFist RightUseType=55 RightGroup=5->5 NativeResult=1 OBSERVE_NATIVE=1
CORE RAW55_QUICK_CALLBACK_BOUNDARY Actor=Troll C1=10 SameC1=1 Action=5->5 Phase=1->1 StateTime=0.305642->0.305642 StatePosition=1->1 MotionBefore=Troll_Stand_Fist_Fist_P0_QuickAttackL_Hit_N_Fwd_00_%_00_P0_100.xmot MotionAfter=Troll_Stand_Fist_Fist_P0_QuickAttackL_Hit_N_Fwd_00_%_00_P0_100.xmot Right=TrollFist RightUseType=55 RightGroup=5->5 NativeResult=1 OBSERVE_NATIVE=1
CORE RAW55_QUICK_CALLBACK_BOUNDARY Actor=Troll C1=10 SameC1=1 Action=5->5 Phase=1->1 StateTime=0.314598->0.314598 StatePosition=1->1 MotionBefore=Troll_Stand_Fist_Fist_P0_QuickAttackL_Hit_N_Fwd_00_%_00_P0_100.xmot MotionAfter=Troll_Stand_Fist_Fist_P0_QuickAttackL_Hit_N_Fwd_00_%_00_P0_100.xmot Right=TrollFist RightUseType=55 RightGroup=5->5 NativeResult=1 OBSERVE_NATIVE=1
CORE RAW55_QUICK_CALLBACK_BOUNDARY Actor=Troll C1=10 SameC1=1 Action=5->5 Phase=1->1 StateTime=0.322932->0.322932 StatePosition=1->1 MotionBefore=Troll_Stand_Fist_Fist_P0_QuickAttackL_Hit_N_Fwd_00_%_00_P0_100.xmot MotionAfter=Troll_Stand_Fist_Fist_P0_QuickAttackL_Hit_N_Fwd_00_%_00_P0_100.xmot Right=TrollFist RightUseType=55 RightGroup=5->5 NativeResult=1 OBSERVE_NATIVE=1
CORE RAW55_QUICK_CALLBACK_BOUNDARY Actor=Troll C1=10 SameC1=1 Action=5->5 Phase=1->1 StateTime=0.331265->0.331265 StatePosition=1->1 MotionBefore=Troll_Stand_Fist_Fist_P0_QuickAttackL_Hit_N_Fwd_00_%_00_P0_100.xmot MotionAfter=Troll_Stand_Fist_Fist_P0_QuickAttackL_Hit_N_Fwd_00_%_00_P0_100.xmot Right=TrollFist RightUseType=55 RightGroup=5->5 NativeResult=1 OBSERVE_NATIVE=1
CORE RAW55_QUICK_CALLBACK_BOUNDARY Actor=Troll C1=10 SameC1=1 Action=5->5 Phase=1->1 StateTime=0.342192->0.342192 StatePosition=1->1 MotionBefore=Troll_Stand_Fist_Fist_P0_QuickAttackL_Hit_N_Fwd_00_%_00_P0_100.xmot MotionAfter=Troll_Stand_Fist_Fist_P0_QuickAttackL_Hit_N_Fwd_00_%_00_P0_100.xmot Right=TrollFist RightUseType=55 RightGroup=5->5 NativeResult=1 OBSERVE_NATIVE=1
CORE RAW55_QUICK_CALLBACK_BOUNDARY Actor=Troll C1=10 SameC1=1 Action=5->5 Phase=1->1 StateTime=0.350525->0.350525 StatePosition=1->1 MotionBefore=Troll_Stand_Fist_Fist_P0_QuickAttackL_Hit_N_Fwd_00_%_00_P0_100.xmot MotionAfter=Troll_Stand_Fist_Fist_P0_QuickAttackL_Hit_N_Fwd_00_%_00_P0_100.xmot Right=TrollFist RightUseType=55 RightGroup=5->5 NativeResult=1 OBSERVE_NATIVE=1
CORE RAW55_QUICK_CALLBACK_BOUNDARY Actor=Troll C1=10 SameC1=1 Action=5->5 Phase=1->1 StateTime=0.358858->0.358858 StatePosition=1->1 MotionBefore=Troll_Stand_Fist_Fist_P0_QuickAttackL_Hit_N_Fwd_00_%_00_P0_100.xmot MotionAfter=Troll_Stand_Fist_Fist_P0_QuickAttackL_Hit_N_Fwd_00_%_00_P0_100.xmot Right=TrollFist RightUseType=55 RightGroup=5->5 NativeResult=1 OBSERVE_NATIVE=1
CORE RAW55_QUICK_CALLBACK_BOUNDARY Actor=Troll C1=10 SameC1=1 Action=5->5 Phase=1->1 StateTime=0.367192->0.367192 StatePosition=1->1 MotionBefore=Troll_Stand_Fist_Fist_P0_QuickAttackL_Hit_N_Fwd_00_%_00_P0_100.xmot MotionAfter=Troll_Stand_Fist_Fist_P0_QuickAttackL_Hit_N_Fwd_00_%_00_P0_100.xmot Right=TrollFist RightUseType=55 RightGroup=5->5 NativeResult=1 OBSERVE_NATIVE=1
CORE RAW55_QUICK_CALLBACK_BOUNDARY Actor=Troll C1=10 SameC1=1 Action=5->5 Phase=1->1 StateTime=0.375525->0.375525 StatePosition=1->1 MotionBefore=Troll_Stand_Fist_Fist_P0_QuickAttackL_Hit_N_Fwd_00_%_00_P0_100.xmot MotionAfter=Troll_Stand_Fist_Fist_P0_QuickAttackL_Hit_N_Fwd_00_%_00_P0_100.xmot Right=TrollFist RightUseType=55 RightGroup=5->5 NativeResult=1 OBSERVE_NATIVE=1
CORE RAW55_QUICK_CALLBACK_BOUNDARY Actor=Troll C1=10 SameC1=1 Action=5->5 Phase=1->1 StateTime=0.383858->0.383858 StatePosition=1->1 MotionBefore=Troll_Stand_Fist_Fist_P0_QuickAttackL_Hit_N_Fwd_00_%_00_P0_100.xmot MotionAfter=Troll_Stand_Fist_Fist_P0_QuickAttackL_Hit_N_Fwd_00_%_00_P0_100.xmot Right=TrollFist RightUseType=55 RightGroup=5->5 NativeResult=1 OBSERVE_NATIVE=1
CORE RAW55_QUICK_CALLBACK_BOUNDARY Actor=Troll C1=10 SameC1=1 Action=5->5 Phase=1->1 StateTime=0.392829->0.392829 StatePosition=1->1 MotionBefore=Troll_Stand_Fist_Fist_P0_QuickAttackL_Hit_N_Fwd_00_%_00_P0_100.xmot MotionAfter=Troll_Stand_Fist_Fist_P0_QuickAttackL_Hit_N_Fwd_00_%_00_P0_100.xmot Right=TrollFist RightUseType=55 RightGroup=5->5 NativeResult=1 OBSERVE_NATIVE=1
CORE RAW55_QUICK_CALLBACK_BOUNDARY Actor=Troll C1=10 SameC1=1 Action=5->5 Phase=1->1 StateTime=0.401162->0.401162 StatePosition=1->1 MotionBefore=Troll_Stand_Fist_Fist_P0_QuickAttackL_Hit_N_Fwd_00_%_00_P0_100.xmot MotionAfter=Troll_Stand_Fist_Fist_P0_QuickAttackL_Hit_N_Fwd_00_%_00_P0_100.xmot Right=TrollFist RightUseType=55 RightGroup=5->5 NativeResult=1 OBSERVE_NATIVE=1
CORE RAW55_QUICK_CALLBACK_BOUNDARY Actor=Troll C1=10 SameC1=1 Action=5->5 Phase=1->1 StateTime=0.409496->0.409496 StatePosition=1->1 MotionBefore=Troll_Stand_Fist_Fist_P0_QuickAttackL_Hit_N_Fwd_00_%_00_P0_100.xmot MotionAfter=Troll_Stand_Fist_Fist_P0_QuickAttackL_Hit_N_Fwd_00_%_00_P0_100.xmot Right=TrollFist RightUseType=55 RightGroup=5->5 NativeResult=1 OBSERVE_NATIVE=1
CORE RAW55_QUICK_CALLBACK_BOUNDARY Actor=Troll C1=10 SameC1=1 Action=5->5 Phase=1->1 StateTime=0.417829->0.417829 StatePosition=1->1 MotionBefore=Troll_Stand_Fist_Fist_P0_QuickAttackL_Hit_N_Fwd_00_%_00_P0_100.xmot MotionAfter=Troll_Stand_Fist_Fist_P0_QuickAttackL_Hit_N_Fwd_00_%_00_P0_100.xmot Right=TrollFist RightUseType=55 RightGroup=5->5 NativeResult=1 OBSERVE_NATIVE=1
CORE RAW55_QUICK_CALLBACK_BOUNDARY Actor=Troll C1=10 SameC1=1 Action=5->5 Phase=1->1 StateTime=0.426162->0.426162 StatePosition=1->1 MotionBefore=Troll_Stand_Fist_Fist_P0_QuickAttackL_Hit_N_Fwd_00_%_00_P0_100.xmot MotionAfter=Troll_Stand_Fist_Fist_P0_QuickAttackL_Hit_N_Fwd_00_%_00_P0_100.xmot Right=TrollFist RightUseType=55 RightGroup=5->5 NativeResult=1 OBSERVE_NATIVE=1
CORE RAW55_QUICK_CALLBACK_BOUNDARY Actor=Troll C1=10 SameC1=1 Action=5->5 Phase=1->1 StateTime=0.434496->0.434496 StatePosition=1->1 MotionBefore=Troll_Stand_Fist_Fist_P0_QuickAttackL_Hit_N_Fwd_00_%_00_P0_100.xmot MotionAfter=Troll_Stand_Fist_Fist_P0_QuickAttackL_Hit_N_Fwd_00_%_00_P0_100.xmot Right=TrollFist RightUseType=55 RightGroup=5->5 NativeResult=1 OBSERVE_NATIVE=1
CORE RAW55_QUICK_CALLBACK_BOUNDARY Actor=Troll C1=10 SameC1=1 Action=5->5 Phase=1->1 StateTime=0.442829->0.442829 StatePosition=1->1 MotionBefore=Troll_Stand_Fist_Fist_P0_QuickAttackL_Hit_N_Fwd_00_%_00_P0_100.xmot MotionAfter=Troll_Stand_Fist_Fist_P0_QuickAttackL_Hit_N_Fwd_00_%_00_P0_100.xmot Right=TrollFist RightUseType=55 RightGroup=5->5 NativeResult=1 OBSERVE_NATIVE=1
CORE RAW55_QUICK_CALLBACK_BOUNDARY Actor=Troll C1=10 SameC1=1 Action=5->5 Phase=1->1 StateTime=0.451162->0.451162 StatePosition=1->1 MotionBefore=Troll_Stand_Fist_Fist_P0_QuickAttackL_Hit_N_Fwd_00_%_00_P0_100.xmot MotionAfter=Troll_Stand_Fist_Fist_P0_QuickAttackL_Hit_N_Fwd_00_%_00_P0_100.xmot Right=TrollFist RightUseType=55 RightGroup=5->5 NativeResult=1 OBSERVE_NATIVE=1
CORE RAW55_QUICK_CALLBACK_BOUNDARY Actor=Troll C1=10 SameC1=1 Action=5->5 Phase=1->1 StateTime=0.460133->0.460133 StatePosition=1->1 MotionBefore=Troll_Stand_Fist_Fist_P0_QuickAttackL_Hit_N_Fwd_00_%_00_P0_100.xmot MotionAfter=Troll_Stand_Fist_Fist_P0_QuickAttackL_Hit_N_Fwd_00_%_00_P0_100.xmot Right=TrollFist RightUseType=55 RightGroup=5->5 NativeResult=1 OBSERVE_NATIVE=1
CORE RAW55_QUICK_CALLBACK_BOUNDARY Actor=Troll C1=10 SameC1=1 Action=5->5 Phase=1->1 StateTime=0.468466->0.468466 StatePosition=1->1 MotionBefore=Troll_Stand_Fist_Fist_P0_QuickAttackL_Hit_N_Fwd_00_%_00_P0_100.xmot MotionAfter=Troll_Stand_Fist_Fist_P0_QuickAttackL_Hit_N_Fwd_00_%_00_P0_100.xmot Right=TrollFist RightUseType=55 RightGroup=5->5 NativeResult=1 OBSERVE_NATIVE=1
CORE RAW55_QUICK_CALLBACK_BOUNDARY Actor=Troll C1=10 SameC1=1 Action=5->5 Phase=1->1 StateTime=0.478408->0.478408 StatePosition=1->1 MotionBefore=Troll_Stand_Fist_Fist_P0_QuickAttackL_Hit_N_Fwd_00_%_00_P0_100.xmot MotionAfter=Troll_Stand_Fist_Fist_P0_QuickAttackL_Hit_N_Fwd_00_%_00_P0_100.xmot Right=TrollFist RightUseType=55 RightGroup=5->5 NativeResult=1 OBSERVE_NATIVE=1
===== CORE MARKER ANOMALY / DISCOVERY =====
ElapsedMs: 39130.398
Actor: Troll
Action: 5
Family: QUICK
AniPhase: 1
StatePosition: 1
CurrentMovementAni: Troll_Stand_Fist_Fist_P0_QuickAttackL_Hit_N_Fwd_00_%_00_P0_100.xmot
MarkerName: G3AB_COL_FIST
MarkerOpcode: FIST
Result: UNSUPPORTED_MISSING_SOURCE
C1GenerationValid: 1
C1Generation: 10
RequiredSourceMask: 0
MissingSourceMask: 0
RightSourceSlot: RIGHT
RightSourceName: TrollFist
RightSourceUseType: 55
RightSourceCollisionGroup: 5
LeftSourceSlot: LEFT
LeftSourceName: TrollFist
LeftSourceUseType: 55
LeftSourceCollisionGroup: 5
Raw8FistSourceName: <none>
Raw8FistSourceUseType: -1
Raw8FistSourceCollisionGroup: -1
===========================================

CORE COLLISION_GROUP ElapsedMs=39130.434 Source=TrollFist UseType=55 Owner=Troll Slot=RIGHT Requested=7 Before=5 After=7 MarkerBitsRetired=0
CORE C1 OFFENSE REQUEST ElapsedMs=39130.443 Actor=Troll Generation=10 Status=PERSISTED Source=TrollFist Side=RIGHT Requests=1 Outstanding=1 CleanupObserved=0 Group=7
CORE RAW55_QUICK_FIST_REARM_PROBE Actor=Troll C1=10 Action=5 StatePosition=1 StateTime=0.486741 Right=TrollFist RightUseType=55 GroupBefore=5 RequestedGroup=7 GroupAfter=7 EarlySuppressionProof=1 ClearTriggeredList=1 REARM_PROBE=1
CORE RAW55_QUICK_CALLBACK_BOUNDARY Actor=Troll C1=10 SameC1=1 Action=5->5 Phase=1->1 StateTime=0.486741->0.486741 StatePosition=1->1 MotionBefore=Troll_Stand_Fist_Fist_P0_QuickAttackL_Hit_N_Fwd_00_%_00_P0_100.xmot MotionAfter=Troll_Stand_Fist_Fist_P0_QuickAttackL_Hit_N_Fwd_00_%_00_P0_100.xmot Right=TrollFist RightUseType=55 RightGroup=7->7 NativeResult=1 OBSERVE_NATIVE=1
CORE RAW55_QUICK_CALLBACK_BOUNDARY Actor=Troll C1=10 SameC1=1 Action=5->5 Phase=1->1 StateTime=0.495075->0.495075 StatePosition=1->1 MotionBefore=Troll_Stand_Fist_Fist_P0_QuickAttackL_Hit_N_Fwd_00_%_00_P0_100.xmot MotionAfter=Troll_Stand_Fist_Fist_P0_QuickAttackL_Hit_N_Fwd_00_%_00_P0_100.xmot Right=TrollFist RightUseType=55 RightGroup=7->7 NativeResult=1 OBSERVE_NATIVE=1
CORE RAW55_QUICK_CALLBACK_BOUNDARY Actor=Troll C1=10 SameC1=1 Action=5->5 Phase=1->1 StateTime=0.503408->0.503408 StatePosition=1->1 MotionBefore=Troll_Stand_Fist_Fist_P0_QuickAttackL_Hit_N_Fwd_00_%_00_P0_100.xmot MotionAfter=Troll_Stand_Fist_Fist_P0_QuickAttackL_Hit_N_Fwd_00_%_00_P0_100.xmot Right=TrollFist RightUseType=55 RightGroup=7->7 NativeResult=1 OBSERVE_NATIVE=1
CORE RAW55_QUICK_CALLBACK_BOUNDARY Actor=Troll C1=10 SameC1=1 Action=5->5 Phase=1->1 StateTime=0.511741->0.511741 StatePosition=1->1 MotionBefore=Troll_Stand_Fist_Fist_P0_QuickAttackL_Hit_N_Fwd_00_%_00_P0_100.xmot MotionAfter=Troll_Stand_Fist_Fist_P0_QuickAttackL_Hit_N_Fwd_00_%_00_P0_100.xmot Right=TrollFist RightUseType=55 RightGroup=7->7 NativeResult=1 OBSERVE_NATIVE=1
CORE RAW55_QUICK_CALLBACK_BOUNDARY Actor=Troll C1=10 SameC1=1 Action=5->5 Phase=1->1 StateTime=0.520712->0.520712 StatePosition=1->1 MotionBefore=Troll_Stand_Fist_Fist_P0_QuickAttackL_Hit_N_Fwd_00_%_00_P0_100.xmot MotionAfter=Troll_Stand_Fist_Fist_P0_QuickAttackL_Hit_N_Fwd_00_%_00_P0_100.xmot Right=TrollFist RightUseType=55 RightGroup=7->7 NativeResult=1 OBSERVE_NATIVE=1
CORE RAW55_QUICK_CALLBACK_BOUNDARY Actor=Troll C1=10 SameC1=1 Action=5->5 Phase=1->1 StateTime=0.529045->0.529045 StatePosition=1->1 MotionBefore=Troll_Stand_Fist_Fist_P0_QuickAttackL_Hit_N_Fwd_00_%_00_P0_100.xmot MotionAfter=Troll_Stand_Fist_Fist_P0_QuickAttackL_Hit_N_Fwd_00_%_00_P0_100.xmot Right=TrollFist RightUseType=55 RightGroup=7->7 NativeResult=1 OBSERVE_NATIVE=1
CORE RAW55_QUICK_CALLBACK_BOUNDARY Actor=Troll C1=10 SameC1=1 Action=5->5 Phase=1->1 StateTime=0.539972->0.539972 StatePosition=1->1 MotionBefore=Troll_Stand_Fist_Fist_P0_QuickAttackL_Hit_N_Fwd_00_%_00_P0_100.xmot MotionAfter=Troll_Stand_Fist_Fist_P0_QuickAttackL_Hit_N_Fwd_00_%_00_P0_100.xmot Right=TrollFist RightUseType=55 RightGroup=7->7 NativeResult=1 OBSERVE_NATIVE=1
CORE RAW55_QUICK_CALLBACK_BOUNDARY Actor=Troll C1=10 SameC1=1 Action=5->5 Phase=1->1 StateTime=0.548305->0.548305 StatePosition=1->1 MotionBefore=Troll_Stand_Fist_Fist_P0_QuickAttackL_Hit_N_Fwd_00_%_00_P0_100.xmot MotionAfter=Troll_Stand_Fist_Fist_P0_QuickAttackL_Hit_N_Fwd_00_%_00_P0_100.xmot Right=TrollFist RightUseType=55 RightGroup=7->7 NativeResult=1 OBSERVE_NATIVE=1
CORE RAW55_QUICK_CALLBACK_BOUNDARY Actor=Troll C1=10 SameC1=1 Action=5->5 Phase=1->1 StateTime=0.556639->0.556639 StatePosition=1->1 MotionBefore=Troll_Stand_Fist_Fist_P0_QuickAttackL_Hit_N_Fwd_00_%_00_P0_100.xmot MotionAfter=Troll_Stand_Fist_Fist_P0_QuickAttackL_Hit_N_Fwd_00_%_00_P0_100.xmot Right=TrollFist RightUseType=55 RightGroup=7->7 NativeResult=1 OBSERVE_NATIVE=1
CORE RAW55_QUICK_CALLBACK_BOUNDARY Actor=Troll C1=10 SameC1=1 Action=5->5 Phase=1->1 StateTime=0.564972->0.564972 StatePosition=1->1 MotionBefore=Troll_Stand_Fist_Fist_P0_QuickAttackL_Hit_N_Fwd_00_%_00_P0_100.xmot MotionAfter=Troll_Stand_Fist_Fist_P0_QuickAttackL_Hit_N_Fwd_00_%_00_P0_100.xmot Right=TrollFist RightUseType=55 RightGroup=7->7 NativeResult=1 OBSERVE_NATIVE=1
CORE RAW55_QUICK_CALLBACK_BOUNDARY Actor=Troll C1=10 SameC1=1 Action=5->5 Phase=1->1 StateTime=0.573305->0.573305 StatePosition=1->1 MotionBefore=Troll_Stand_Fist_Fist_P0_QuickAttackL_Hit_N_Fwd_00_%_00_P0_100.xmot MotionAfter=Troll_Stand_Fist_Fist_P0_QuickAttackL_Hit_N_Fwd_00_%_00_P0_100.xmot Right=TrollFist RightUseType=55 RightGroup=7->7 NativeResult=1 OBSERVE_NATIVE=1
CORE RAW55_QUICK_CALLBACK_BOUNDARY Actor=Troll C1=10 SameC1=1 Action=5->5 Phase=1->1 StateTime=0.581639->0.581639 StatePosition=1->1 MotionBefore=Troll_Stand_Fist_Fist_P0_QuickAttackL_Hit_N_Fwd_00_%_00_P0_100.xmot MotionAfter=Troll_Stand_Fist_Fist_P0_QuickAttackL_Hit_N_Fwd_00_%_00_P0_100.xmot Right=TrollFist RightUseType=55 RightGroup=7->7 NativeResult=1 OBSERVE_NATIVE=1
CORE RAW55_QUICK_CALLBACK_BOUNDARY Actor=Troll C1=10 SameC1=1 Action=5->5 Phase=1->1 StateTime=0.589972->0.589972 StatePosition=1->1 MotionBefore=Troll_Stand_Fist_Fist_P0_QuickAttackL_Hit_N_Fwd_00_%_00_P0_100.xmot MotionAfter=Troll_Stand_Fist_Fist_P0_QuickAttackL_Hit_N_Fwd_00_%_00_P0_100.xmot Right=TrollFist RightUseType=55 RightGroup=7->7 NativeResult=1 OBSERVE_NATIVE=1
CORE RAW55_QUICK_CALLBACK_BOUNDARY Actor=Troll C1=10 SameC1=1 Action=5->5 Phase=1->1 StateTime=0.598305->0.598305 StatePosition=1->1 MotionBefore=Troll_Stand_Fist_Fist_P0_QuickAttackL_Hit_N_Fwd_00_%_00_P0_100.xmot MotionAfter=Troll_Stand_Fist_Fist_P0_QuickAttackL_Hit_N_Fwd_00_%_00_P0_100.xmot Right=TrollFist RightUseType=55 RightGroup=7->7 NativeResult=1 OBSERVE_NATIVE=1
CORE RAW55_QUICK_CALLBACK_BOUNDARY Actor=Troll C1=10 SameC1=1 Action=5->5 Phase=1->1 StateTime=0.606638->0.606638 StatePosition=1->1 MotionBefore=Troll_Stand_Fist_Fist_P0_QuickAttackL_Hit_N_Fwd_00_%_00_P0_100.xmot MotionAfter=Troll_Stand_Fist_Fist_P0_QuickAttackL_Hit_N_Fwd_00_%_00_P0_100.xmot Right=TrollFist RightUseType=55 RightGroup=7->7 NativeResult=1 OBSERVE_NATIVE=1
CORE RAW55_QUICK_CALLBACK_BOUNDARY Actor=Troll C1=10 SameC1=1 Action=5->5 Phase=1->1 StateTime=0.615609->0.615609 StatePosition=1->1 MotionBefore=Troll_Stand_Fist_Fist_P0_QuickAttackL_Hit_N_Fwd_00_%_00_P0_100.xmot MotionAfter=Troll_Stand_Fist_Fist_P0_QuickAttackL_Hit_N_Fwd_00_%_00_P0_100.xmot Right=TrollFist RightUseType=55 RightGroup=7->7 NativeResult=1 OBSERVE_NATIVE=1
CORE RAW55_QUICK_CALLBACK_BOUNDARY Actor=Troll C1=10 SameC1=1 Action=5->5 Phase=1->1 StateTime=0.623942->0.623942 StatePosition=1->1 MotionBefore=Troll_Stand_Fist_Fist_P0_QuickAttackL_Hit_N_Fwd_00_%_00_P0_100.xmot MotionAfter=Troll_Stand_Fist_Fist_P0_QuickAttackL_Hit_N_Fwd_00_%_00_P0_100.xmot Right=TrollFist RightUseType=55 RightGroup=7->7 NativeResult=1 OBSERVE_NATIVE=1
CORE RAW55_QUICK_CALLBACK_BOUNDARY Actor=Troll C1=10 SameC1=1 Action=5->5 Phase=1->1 StateTime=0.632276->0.632276 StatePosition=1->1 MotionBefore=Troll_Stand_Fist_Fist_P0_QuickAttackL_Hit_N_Fwd_00_%_00_P0_100.xmot MotionAfter=Troll_Stand_Fist_Fist_P0_QuickAttackL_Hit_N_Fwd_00_%_00_P0_100.xmot Right=TrollFist RightUseType=55 RightGroup=7->7 NativeResult=1 OBSERVE_NATIVE=1
CORE RAW55_QUICK_CALLBACK_BOUNDARY Actor=Troll C1=10 SameC1=1 Action=5->5 Phase=1->1 StateTime=0.641246->0.641246 StatePosition=1->1 MotionBefore=Troll_Stand_Fist_Fist_P0_QuickAttackL_Hit_N_Fwd_00_%_00_P0_100.xmot MotionAfter=Troll_Stand_Fist_Fist_P0_QuickAttackL_Hit_N_Fwd_00_%_00_P0_100.xmot Right=TrollFist RightUseType=55 RightGroup=7->7 NativeResult=1 OBSERVE_NATIVE=1
CORE RAW55_QUICK_CALLBACK_BOUNDARY Actor=Troll C1=10 SameC1=1 Action=5->5 Phase=1->1 StateTime=0.649580->0.649580 StatePosition=1->1 MotionBefore=Troll_Stand_Fist_Fist_P0_QuickAttackL_Hit_N_Fwd_00_%_00_P0_100.xmot MotionAfter=Troll_Stand_Fist_Fist_P0_QuickAttackL_Hit_N_Fwd_00_%_00_P0_100.xmot Right=TrollFist RightUseType=55 RightGroup=7->7 NativeResult=1 OBSERVE_NATIVE=1
CORE RAW55_QUICK_CALLBACK_BOUNDARY Actor=Troll C1=10 SameC1=1 Action=5->5 Phase=1->1 StateTime=0.659536->0.659536 StatePosition=1->1 MotionBefore=Troll_Stand_Fist_Fist_P0_QuickAttackL_Hit_N_Fwd_00_%_00_P0_100.xmot MotionAfter=Troll_Stand_Fist_Fist_P0_QuickAttackL_Hit_N_Fwd_00_%_00_P0_100.xmot Right=TrollFist RightUseType=55 RightGroup=7->7 NativeResult=1 OBSERVE_NATIVE=1
CORE RAW55_QUICK_CALLBACK_BOUNDARY Actor=Troll C1=10 SameC1=1 Action=5->5 Phase=1->1 StateTime=0.667869->0.667869 StatePosition=1->1 MotionBefore=Troll_Stand_Fist_Fist_P0_QuickAttackL_Hit_N_Fwd_00_%_00_P0_100.xmot MotionAfter=Troll_Stand_Fist_Fist_P0_QuickAttackL_Hit_N_Fwd_00_%_00_P0_100.xmot Right=TrollFist RightUseType=55 RightGroup=7->7 NativeResult=1 OBSERVE_NATIVE=1
CORE RAW55_QUICK_CALLBACK_BOUNDARY Actor=Troll C1=10 SameC1=1 Action=5->5 Phase=1->1 StateTime=0.678810->0.678810 StatePosition=1->1 MotionBefore=Troll_Stand_Fist_Fist_P0_QuickAttackL_Hit_N_Fwd_00_%_00_P0_100.xmot MotionAfter=Troll_Stand_Fist_Fist_P0_QuickAttackL_Hit_N_Fwd_00_%_00_P0_100.xmot Right=TrollFist RightUseType=55 RightGroup=7->7 NativeResult=1 OBSERVE_NATIVE=1
CORE RAW55_QUICK_CALLBACK_BOUNDARY Actor=Troll C1=10 SameC1=1 Action=5->5 Phase=1->1 StateTime=0.687144->0.687144 StatePosition=1->1 MotionBefore=Troll_Stand_Fist_Fist_P0_QuickAttackL_Hit_N_Fwd_00_%_00_P0_100.xmot MotionAfter=Troll_Stand_Fist_Fist_P0_QuickAttackL_Hit_N_Fwd_00_%_00_P0_100.xmot Right=TrollFist RightUseType=55 RightGroup=7->7 NativeResult=1 OBSERVE_NATIVE=1
CORE RAW55_QUICK_CALLBACK_BOUNDARY Actor=Troll C1=10 SameC1=1 Action=5->5 Phase=1->1 StateTime=0.698071->0.698071 StatePosition=1->1 MotionBefore=Troll_Stand_Fist_Fist_P0_QuickAttackL_Hit_N_Fwd_00_%_00_P0_100.xmot MotionAfter=Troll_Stand_Fist_Fist_P0_QuickAttackL_Hit_N_Fwd_00_%_00_P0_100.xmot Right=TrollFist RightUseType=55 RightGroup=7->7 NativeResult=1 OBSERVE_NATIVE=1
CORE RAW55_QUICK_CALLBACK_BOUNDARY Actor=Troll C1=10 SameC1=1 Action=5->5 Phase=1->1 StateTime=0.706404->0.706404 StatePosition=1->1 MotionBefore=Troll_Stand_Fist_Fist_P0_QuickAttackL_Hit_N_Fwd_00_%_00_P0_100.xmot MotionAfter=Troll_Stand_Fist_Fist_P0_QuickAttackL_Hit_N_Fwd_00_%_00_P0_100.xmot Right=TrollFist RightUseType=55 RightGroup=7->7 NativeResult=1 OBSERVE_NATIVE=1
CORE RAW55_QUICK_CALLBACK_BOUNDARY Actor=Troll C1=10 SameC1=1 Action=5->5 Phase=1->1 StateTime=0.715375->0.715375 StatePosition=1->1 MotionBefore=Troll_Stand_Fist_Fist_P0_QuickAttackL_Hit_N_Fwd_00_%_00_P0_100.xmot MotionAfter=Troll_Stand_Fist_Fist_P0_QuickAttackL_Hit_N_Fwd_00_%_00_P0_100.xmot Right=TrollFist RightUseType=55 RightGroup=7->7 NativeResult=1 OBSERVE_NATIVE=1
CORE RAW55_QUICK_CALLBACK_BOUNDARY Actor=Troll C1=10 SameC1=1 Action=5->5 Phase=1->1 StateTime=0.723709->0.723709 StatePosition=1->1 MotionBefore=Troll_Stand_Fist_Fist_P0_QuickAttackL_Hit_N_Fwd_00_%_00_P0_100.xmot MotionAfter=Troll_Stand_Fist_Fist_P0_QuickAttackL_Hit_N_Fwd_00_%_00_P0_100.xmot Right=TrollFist RightUseType=55 RightGroup=7->7 NativeResult=1 OBSERVE_NATIVE=1
CORE ONDAMAGE ElapsedMs=39358.820 Ordinal=2 Target=PC_Hero Arg1=PC_Hero Arg2=PC_Hero Caller=Game.dll+0x00069484 PlayerAction=0 PlayerPhase=5 PlayerMotion=Hero_Stand_None_None_P0_Ambient_Loop_N_Fwd_01_%_00_P0_0.xmot Raw8Fist=<none> Raw8UseType=-1 Raw8Group=-1
CORE RAW55_QUICK_CALLBACK_BOUNDARY Actor=Troll C1=10 SameC1=1 Action=5->5 Phase=1->1 StateTime=0.733650->0.733650 StatePosition=1->1 MotionBefore=Troll_Stand_Fist_Fist_P0_QuickAttackL_Hit_N_Fwd_00_%_00_P0_100.xmot MotionAfter=Troll_Stand_Fist_Fist_P0_QuickAttackL_Hit_N_Fwd_00_%_00_P0_100.xmot Right=TrollFist RightUseType=55 RightGroup=7->7 NativeResult=1 OBSERVE_NATIVE=1
CORE C1_START ElapsedMs=39366.770 Actor=PC_Hero Generation=11 Status=CANDIDATE Outstanding=0 TrackedSources=0 ReplacedGeneration=0 ReplacedOutstanding=0
CORE C1_BIND ElapsedMs=39366.778 Event=COMBAT_MOVE_CANDIDATE_BOUND Actor=PC_Hero Generation=11 Status=CANDIDATE Outstanding=0 Source=<null> Script=_AI_Stumble
CORE C1_STATUS ElapsedMs=39366.830 Event=PERSISTED Actor=PC_Hero Generation=11 Status=PERSISTED Outstanding=0
CORE RAW55_QUICK_CALLBACK_BOUNDARY Actor=Troll C1=10 SameC1=1 Action=5->5 Phase=1->1 StateTime=0.741983->0.741983 StatePosition=1->1 MotionBefore=Troll_Stand_Fist_Fist_P0_QuickAttackL_Hit_N_Fwd_00_%_00_P0_100.xmot MotionAfter=Troll_Stand_Fist_Fist_P0_QuickAttackL_Hit_N_Fwd_00_%_00_P0_100.xmot Right=TrollFist RightUseType=55 RightGroup=7->7 NativeResult=1 OBSERVE_NATIVE=1
CORE RAW55_QUICK_CALLBACK_BOUNDARY Actor=Troll C1=10 SameC1=1 Action=5->5 Phase=1->1 StateTime=0.750317->0.750317 StatePosition=1->1 MotionBefore=Troll_Stand_Fist_Fist_P0_QuickAttackL_Hit_N_Fwd_00_%_00_P0_100.xmot MotionAfter=Troll_Stand_Fist_Fist_P0_QuickAttackL_Hit_N_Fwd_00_%_00_P0_100.xmot Right=TrollFist RightUseType=55 RightGroup=7->7 NativeResult=1 OBSERVE_NATIVE=1
CORE RAW55_QUICK_CALLBACK_BOUNDARY Actor=Troll C1=10 SameC1=1 Action=5->5 Phase=1->1 StateTime=0.762258->0.762258 StatePosition=1->1 MotionBefore=Troll_Stand_Fist_Fist_P0_QuickAttackL_Hit_N_Fwd_00_%_00_P0_100.xmot MotionAfter=Troll_Stand_Fist_Fist_P0_QuickAttackL_Hit_N_Fwd_00_%_00_P0_100.xmot Right=TrollFist RightUseType=55 RightGroup=7->7 NativeResult=1 OBSERVE_NATIVE=1
CORE RAW55_QUICK_CALLBACK_BOUNDARY Actor=Troll C1=10 SameC1=1 Action=5->5 Phase=1->1 StateTime=0.770591->0.770591 StatePosition=1->1 MotionBefore=Troll_Stand_Fist_Fist_P0_QuickAttackL_Hit_N_Fwd_00_%_00_P0_100.xmot MotionAfter=Troll_Stand_Fist_Fist_P0_QuickAttackL_Hit_N_Fwd_00_%_00_P0_100.xmot Right=TrollFist RightUseType=55 RightGroup=7->7 NativeResult=1 OBSERVE_NATIVE=1
CORE RAW55_QUICK_CALLBACK_BOUNDARY Actor=Troll C1=10 SameC1=1 Action=5->5 Phase=1->1 StateTime=0.778924->0.778924 StatePosition=1->1 MotionBefore=Troll_Stand_Fist_Fist_P0_QuickAttackL_Hit_N_Fwd_00_%_00_P0_100.xmot MotionAfter=Troll_Stand_Fist_Fist_P0_QuickAttackL_Hit_N_Fwd_00_%_00_P0_100.xmot Right=TrollFist RightUseType=55 RightGroup=7->7 NativeResult=1 OBSERVE_NATIVE=1
CORE RAW55_QUICK_CALLBACK_BOUNDARY Actor=Troll C1=10 SameC1=1 Action=5->5 Phase=1->1 StateTime=0.787257->0.787257 StatePosition=1->1 MotionBefore=Troll_Stand_Fist_Fist_P0_QuickAttackL_Hit_N_Fwd_00_%_00_P0_100.xmot MotionAfter=Troll_Stand_Fist_Fist_P0_QuickAttackL_Hit_N_Fwd_00_%_00_P0_100.xmot Right=TrollFist RightUseType=55 RightGroup=7->7 NativeResult=1 OBSERVE_NATIVE=1
CORE RAW55_QUICK_CALLBACK_BOUNDARY Actor=Troll C1=10 SameC1=1 Action=5->5 Phase=1->1 StateTime=0.795591->0.795591 StatePosition=1->1 MotionBefore=Troll_Stand_Fist_Fist_P0_QuickAttackL_Hit_N_Fwd_00_%_00_P0_100.xmot MotionAfter=Troll_Stand_Fist_Fist_P0_QuickAttackL_Hit_N_Fwd_00_%_00_P0_100.xmot Right=TrollFist RightUseType=55 RightGroup=7->7 NativeResult=1 OBSERVE_NATIVE=1
CORE COLLISION_GROUP ElapsedMs=39432.041 Source=TrollFist UseType=55 Owner=Troll Slot=RIGHT Requested=5 Before=7 After=5 MarkerBitsRetired=0
CORE C1 CLEANUP FULFILLED ElapsedMs=39432.072 Actor=Troll Generation=10 Status=PERSISTED Source=TrollFist Side=RIGHT Requests=1 Outstanding=0 CleanupObserved=1 Group=5
CORE C1_FINAL ElapsedMs=39529.832 Actor=Troll Generation=10 Status=PERSISTED SourceCount=2 PhysicalChanged=0 Source[0]=TrollFist Side=RIGHT Outstanding=0 Cleanup=1 Outcome=NO_OP_NO_OUTSTANDING Source[1]=TrollFist Side=LEFT Outstanding=0 Cleanup=0 Outcome=NO_OP_NO_OUTSTANDING
CORE C1_FINAL ElapsedMs=39657.785 Actor=PC_Hero Generation=11 Status=PERSISTED SourceCount=0 PhysicalChanged=0
CORE C1_START ElapsedMs=40740.724 Actor=Troll Generation=12 Status=CANDIDATE Outstanding=0 TrackedSources=2 ReplacedGeneration=0 ReplacedOutstanding=0 Source[0]=TrollFist Side=RIGHT Group=5 Source[1]=TrollFist Side=LEFT Group=5
CORE C1_BIND ElapsedMs=40740.738 Event=COMBAT_MOVE_CANDIDATE_BOUND Actor=Troll Generation=12 Status=CANDIDATE Outstanding=0 Source=<null> Script=_AI_QuickAttack
CORE C1_STATUS ElapsedMs=40740.804 Event=PERSISTED Actor=Troll Generation=12 Status=PERSISTED Outstanding=0
CORE ATTACK_OWNERSHIP ElapsedMs=40740.823 Actor=Troll Family=QUICK Action=4 Phase=1 Motion=Troll_Stand_Fist_Fist_P0_QuickAttackR_Hit_N_Fwd_00_%_00_P0_100.xmot MarkerPresent=1 RequiredMask=0 FistMarkers=1 Raw8Fist=<none> Raw8UseType=-1 SuppressNative=0 Classification=CONTRADICTION
===== CORE ATTACK OWNERSHIP ANOMALY =====
MatchingMotionFound: 1
MarkerScanValid: 1
RequiredSourcesAvailable: 1
RightSourceSlot: RIGHT
RightSourceName: TrollFist
RightSourceUseType: 55
RightSourceCollisionGroup: 5
LeftSourceSlot: LEFT
LeftSourceName: TrollFist
LeftSourceUseType: 55
LeftSourceCollisionGroup: 5
Raw8FistSourceName: <none>
Raw8FistSourceUseType: -1
Raw8FistSourceCollisionGroup: -1
=========================================

CORE RAW55_QUICK_CALLBACK_BOUNDARY Actor=Troll C1=12 SameC1=1 Action=4->4 Phase=1->1 StateTime=0.000000->0.000000 StatePosition=0->0 MotionBefore=Troll_Stand_Fist_Fist_P0_QuickAttackR_Hit_N_Fwd_00_%_00_P0_100.xmot MotionAfter=Troll_Stand_Fist_Fist_P0_QuickAttackR_Hit_N_Fwd_00_%_00_P0_100.xmot Right=TrollFist RightUseType=55 RightGroup=5->5 NativeResult=1 OBSERVE_NATIVE=1
CORE RAW55_QUICK_CALLBACK_BOUNDARY Actor=Troll C1=12 SameC1=1 Action=4->4 Phase=1->1 StateTime=0.008333->0.008333 StatePosition=0->0 MotionBefore=Troll_Stand_Fist_Fist_P0_QuickAttackR_Hit_N_Fwd_00_%_00_P0_100.xmot MotionAfter=Troll_Stand_Fist_Fist_P0_QuickAttackR_Hit_N_Fwd_00_%_00_P0_100.xmot Right=TrollFist RightUseType=55 RightGroup=5->5 NativeResult=1 OBSERVE_NATIVE=1
CORE RAW55_QUICK_CALLBACK_BOUNDARY Actor=Troll C1=12 SameC1=1 Action=4->4 Phase=1->1 StateTime=0.019274->0.019274 StatePosition=0->0 MotionBefore=Troll_Stand_Fist_Fist_P0_QuickAttackR_Hit_N_Fwd_00_%_00_P0_100.xmot MotionAfter=Troll_Stand_Fist_Fist_P0_QuickAttackR_Hit_N_Fwd_00_%_00_P0_100.xmot Right=TrollFist RightUseType=55 RightGroup=5->5 NativeResult=1 OBSERVE_NATIVE=1
CORE RAW55_QUICK_CALLBACK_BOUNDARY Actor=Troll C1=12 SameC1=1 Action=4->4 Phase=1->1 StateTime=0.027608->0.027608 StatePosition=0->0 MotionBefore=Troll_Stand_Fist_Fist_P0_QuickAttackR_Hit_N_Fwd_00_%_00_P0_100.xmot MotionAfter=Troll_Stand_Fist_Fist_P0_QuickAttackR_Hit_N_Fwd_00_%_00_P0_100.xmot Right=TrollFist RightUseType=55 RightGroup=5->5 NativeResult=1 OBSERVE_NATIVE=1
CORE RAW55_QUICK_CALLBACK_BOUNDARY Actor=Troll C1=12 SameC1=1 Action=4->4 Phase=1->1 StateTime=0.037564->0.037564 StatePosition=0->0 MotionBefore=Troll_Stand_Fist_Fist_P0_QuickAttackR_Hit_N_Fwd_00_%_00_P0_100.xmot MotionAfter=Troll_Stand_Fist_Fist_P0_QuickAttackR_Hit_N_Fwd_00_%_00_P0_100.xmot Right=TrollFist RightUseType=55 RightGroup=5->5 NativeResult=1 OBSERVE_NATIVE=1
CORE RAW55_QUICK_CALLBACK_BOUNDARY Actor=Troll C1=12 SameC1=1 Action=4->4 Phase=1->1 StateTime=0.045897->0.045897 StatePosition=0->0 MotionBefore=Troll_Stand_Fist_Fist_P0_QuickAttackR_Hit_N_Fwd_00_%_00_P0_100.xmot MotionAfter=Troll_Stand_Fist_Fist_P0_QuickAttackR_Hit_N_Fwd_00_%_00_P0_100.xmot Right=TrollFist RightUseType=55 RightGroup=5->5 NativeResult=1 OBSERVE_NATIVE=1
CORE RAW55_QUICK_CALLBACK_BOUNDARY Actor=Troll C1=12 SameC1=1 Action=4->4 Phase=1->1 StateTime=0.054231->0.054231 StatePosition=0->0 MotionBefore=Troll_Stand_Fist_Fist_P0_QuickAttackR_Hit_N_Fwd_00_%_00_P0_100.xmot MotionAfter=Troll_Stand_Fist_Fist_P0_QuickAttackR_Hit_N_Fwd_00_%_00_P0_100.xmot Right=TrollFist RightUseType=55 RightGroup=5->5 NativeResult=1 OBSERVE_NATIVE=1
CORE RAW55_QUICK_CALLBACK_BOUNDARY Actor=Troll C1=12 SameC1=1 Action=4->4 Phase=1->1 StateTime=0.062564->0.062564 StatePosition=0->0 MotionBefore=Troll_Stand_Fist_Fist_P0_QuickAttackR_Hit_N_Fwd_00_%_00_P0_100.xmot MotionAfter=Troll_Stand_Fist_Fist_P0_QuickAttackR_Hit_N_Fwd_00_%_00_P0_100.xmot Right=TrollFist RightUseType=55 RightGroup=5->5 NativeResult=1 OBSERVE_NATIVE=1
CORE RAW55_QUICK_CALLBACK_BOUNDARY Actor=Troll C1=12 SameC1=1 Action=4->4 Phase=1->1 StateTime=0.070897->0.070897 StatePosition=0->0 MotionBefore=Troll_Stand_Fist_Fist_P0_QuickAttackR_Hit_N_Fwd_00_%_00_P0_100.xmot MotionAfter=Troll_Stand_Fist_Fist_P0_QuickAttackR_Hit_N_Fwd_00_%_00_P0_100.xmot Right=TrollFist RightUseType=55 RightGroup=5->5 NativeResult=1 OBSERVE_NATIVE=1
CORE RAW55_QUICK_CALLBACK_BOUNDARY Actor=Troll C1=12 SameC1=1 Action=4->4 Phase=1->1 StateTime=0.082824->0.082824 StatePosition=0->0 MotionBefore=Troll_Stand_Fist_Fist_P0_QuickAttackR_Hit_N_Fwd_00_%_00_P0_100.xmot MotionAfter=Troll_Stand_Fist_Fist_P0_QuickAttackR_Hit_N_Fwd_00_%_00_P0_100.xmot Right=TrollFist RightUseType=55 RightGroup=5->5 NativeResult=1 OBSERVE_NATIVE=1
CORE RAW55_QUICK_CALLBACK_BOUNDARY Actor=Troll C1=12 SameC1=1 Action=4->4 Phase=1->1 StateTime=0.091157->0.091157 StatePosition=0->0 MotionBefore=Troll_Stand_Fist_Fist_P0_QuickAttackR_Hit_N_Fwd_00_%_00_P0_100.xmot MotionAfter=Troll_Stand_Fist_Fist_P0_QuickAttackR_Hit_N_Fwd_00_%_00_P0_100.xmot Right=TrollFist RightUseType=55 RightGroup=5->5 NativeResult=1 OBSERVE_NATIVE=1
CORE RAW55_QUICK_CALLBACK_BOUNDARY Actor=Troll C1=12 SameC1=1 Action=4->4 Phase=1->1 StateTime=0.099490->0.099490 StatePosition=0->0 MotionBefore=Troll_Stand_Fist_Fist_P0_QuickAttackR_Hit_N_Fwd_00_%_00_P0_100.xmot MotionAfter=Troll_Stand_Fist_Fist_P0_QuickAttackR_Hit_N_Fwd_00_%_00_P0_100.xmot Right=TrollFist RightUseType=55 RightGroup=5->5 NativeResult=1 OBSERVE_NATIVE=1
CORE RAW55_QUICK_GROUP_SUPPRESSION Actor=Troll C1=12 Right=TrollFist RightUseType=55 RequestedGroup=7 BeforeGroup=5 StatePosition=0 StateTime=0.107824 SUPPRESS_GROUP=1
CORE RAW55_QUICK_CALLBACK_BOUNDARY Actor=Troll C1=12 SameC1=1 Action=4->4 Phase=1->1 StateTime=0.107824->0.107824 StatePosition=0->1 MotionBefore=Troll_Stand_Fist_Fist_P0_QuickAttackR_Hit_N_Fwd_00_%_00_P0_100.xmot MotionAfter=Troll_Stand_Fist_Fist_P0_QuickAttackR_Hit_N_Fwd_00_%_00_P0_100.xmot Right=TrollFist RightUseType=55 RightGroup=5->5 NativeResult=1 OBSERVE_NATIVE=1
CORE RAW55_QUICK_CALLBACK_BOUNDARY Actor=Troll C1=12 SameC1=1 Action=4->4 Phase=1->1 StateTime=0.116794->0.116794 StatePosition=1->1 MotionBefore=Troll_Stand_Fist_Fist_P0_QuickAttackR_Hit_N_Fwd_00_%_00_P0_100.xmot MotionAfter=Troll_Stand_Fist_Fist_P0_QuickAttackR_Hit_N_Fwd_00_%_00_P0_100.xmot Right=TrollFist RightUseType=55 RightGroup=5->5 NativeResult=1 OBSERVE_NATIVE=1
CORE RAW55_QUICK_CALLBACK_BOUNDARY Actor=Troll C1=12 SameC1=1 Action=4->4 Phase=1->1 StateTime=0.125128->0.125128 StatePosition=1->1 MotionBefore=Troll_Stand_Fist_Fist_P0_QuickAttackR_Hit_N_Fwd_00_%_00_P0_100.xmot MotionAfter=Troll_Stand_Fist_Fist_P0_QuickAttackR_Hit_N_Fwd_00_%_00_P0_100.xmot Right=TrollFist RightUseType=55 RightGroup=5->5 NativeResult=1 OBSERVE_NATIVE=1
CORE RAW55_QUICK_CALLBACK_BOUNDARY Actor=Troll C1=12 SameC1=1 Action=4->4 Phase=1->1 StateTime=0.133461->0.133461 StatePosition=1->1 MotionBefore=Troll_Stand_Fist_Fist_P0_QuickAttackR_Hit_N_Fwd_00_%_00_P0_100.xmot MotionAfter=Troll_Stand_Fist_Fist_P0_QuickAttackR_Hit_N_Fwd_00_%_00_P0_100.xmot Right=TrollFist RightUseType=55 RightGroup=5->5 NativeResult=1 OBSERVE_NATIVE=1
CORE RAW55_QUICK_CALLBACK_BOUNDARY Actor=Troll C1=12 SameC1=1 Action=4->4 Phase=1->1 StateTime=0.141794->0.141794 StatePosition=1->1 MotionBefore=Troll_Stand_Fist_Fist_P0_QuickAttackR_Hit_N_Fwd_00_%_00_P0_100.xmot MotionAfter=Troll_Stand_Fist_Fist_P0_QuickAttackR_Hit_N_Fwd_00_%_00_P0_100.xmot Right=TrollFist RightUseType=55 RightGroup=5->5 NativeResult=1 OBSERVE_NATIVE=1
CORE RAW55_QUICK_CALLBACK_BOUNDARY Actor=Troll C1=12 SameC1=1 Action=4->4 Phase=1->1 StateTime=0.150128->0.150128 StatePosition=1->1 MotionBefore=Troll_Stand_Fist_Fist_P0_QuickAttackR_Hit_N_Fwd_00_%_00_P0_100.xmot MotionAfter=Troll_Stand_Fist_Fist_P0_QuickAttackR_Hit_N_Fwd_00_%_00_P0_100.xmot Right=TrollFist RightUseType=55 RightGroup=5->5 NativeResult=1 OBSERVE_NATIVE=1
CORE RAW55_QUICK_CALLBACK_BOUNDARY Actor=Troll C1=12 SameC1=1 Action=4->4 Phase=1->1 StateTime=0.158461->0.158461 StatePosition=1->1 MotionBefore=Troll_Stand_Fist_Fist_P0_QuickAttackR_Hit_N_Fwd_00_%_00_P0_100.xmot MotionAfter=Troll_Stand_Fist_Fist_P0_QuickAttackR_Hit_N_Fwd_00_%_00_P0_100.xmot Right=TrollFist RightUseType=55 RightGroup=5->5 NativeResult=1 OBSERVE_NATIVE=1
CORE RAW55_QUICK_CALLBACK_BOUNDARY Actor=Troll C1=12 SameC1=1 Action=4->4 Phase=1->1 StateTime=0.166794->0.166794 StatePosition=1->1 MotionBefore=Troll_Stand_Fist_Fist_P0_QuickAttackR_Hit_N_Fwd_00_%_00_P0_100.xmot MotionAfter=Troll_Stand_Fist_Fist_P0_QuickAttackR_Hit_N_Fwd_00_%_00_P0_100.xmot Right=TrollFist RightUseType=55 RightGroup=5->5 NativeResult=1 OBSERVE_NATIVE=1
CORE RAW55_QUICK_CALLBACK_BOUNDARY Actor=Troll C1=12 SameC1=1 Action=4->4 Phase=1->1 StateTime=0.175765->0.175765 StatePosition=1->1 MotionBefore=Troll_Stand_Fist_Fist_P0_QuickAttackR_Hit_N_Fwd_00_%_00_P0_100.xmot MotionAfter=Troll_Stand_Fist_Fist_P0_QuickAttackR_Hit_N_Fwd_00_%_00_P0_100.xmot Right=TrollFist RightUseType=55 RightGroup=5->5 NativeResult=1 OBSERVE_NATIVE=1
CORE RAW55_QUICK_CALLBACK_BOUNDARY Actor=Troll C1=12 SameC1=1 Action=4->4 Phase=1->1 StateTime=0.184098->0.184098 StatePosition=1->1 MotionBefore=Troll_Stand_Fist_Fist_P0_QuickAttackR_Hit_N_Fwd_00_%_00_P0_100.xmot MotionAfter=Troll_Stand_Fist_Fist_P0_QuickAttackR_Hit_N_Fwd_00_%_00_P0_100.xmot Right=TrollFist RightUseType=55 RightGroup=5->5 NativeResult=1 OBSERVE_NATIVE=1
CORE RAW55_QUICK_CALLBACK_BOUNDARY Actor=Troll C1=12 SameC1=1 Action=4->4 Phase=1->1 StateTime=0.193069->0.193069 StatePosition=1->1 MotionBefore=Troll_Stand_Fist_Fist_P0_QuickAttackR_Hit_N_Fwd_00_%_00_P0_100.xmot MotionAfter=Troll_Stand_Fist_Fist_P0_QuickAttackR_Hit_N_Fwd_00_%_00_P0_100.xmot Right=TrollFist RightUseType=55 RightGroup=5->5 NativeResult=1 OBSERVE_NATIVE=1
CORE RAW55_QUICK_CALLBACK_BOUNDARY Actor=Troll C1=12 SameC1=1 Action=4->4 Phase=1->1 StateTime=0.201403->0.201403 StatePosition=1->1 MotionBefore=Troll_Stand_Fist_Fist_P0_QuickAttackR_Hit_N_Fwd_00_%_00_P0_100.xmot MotionAfter=Troll_Stand_Fist_Fist_P0_QuickAttackR_Hit_N_Fwd_00_%_00_P0_100.xmot Right=TrollFist RightUseType=55 RightGroup=5->5 NativeResult=1 OBSERVE_NATIVE=1
CORE RAW55_QUICK_CALLBACK_BOUNDARY Actor=Troll C1=12 SameC1=1 Action=4->4 Phase=1->1 StateTime=0.209736->0.209736 StatePosition=1->1 MotionBefore=Troll_Stand_Fist_Fist_P0_QuickAttackR_Hit_N_Fwd_00_%_00_P0_100.xmot MotionAfter=Troll_Stand_Fist_Fist_P0_QuickAttackR_Hit_N_Fwd_00_%_00_P0_100.xmot Right=TrollFist RightUseType=55 RightGroup=5->5 NativeResult=1 OBSERVE_NATIVE=1
CORE RAW55_QUICK_CALLBACK_BOUNDARY Actor=Troll C1=12 SameC1=1 Action=4->4 Phase=1->1 StateTime=0.218069->0.218069 StatePosition=1->1 MotionBefore=Troll_Stand_Fist_Fist_P0_QuickAttackR_Hit_N_Fwd_00_%_00_P0_100.xmot MotionAfter=Troll_Stand_Fist_Fist_P0_QuickAttackR_Hit_N_Fwd_00_%_00_P0_100.xmot Right=TrollFist RightUseType=55 RightGroup=5->5 NativeResult=1 OBSERVE_NATIVE=1
CORE RAW55_QUICK_CALLBACK_BOUNDARY Actor=Troll C1=12 SameC1=1 Action=4->4 Phase=1->1 StateTime=0.227040->0.227040 StatePosition=1->1 MotionBefore=Troll_Stand_Fist_Fist_P0_QuickAttackR_Hit_N_Fwd_00_%_00_P0_100.xmot MotionAfter=Troll_Stand_Fist_Fist_P0_QuickAttackR_Hit_N_Fwd_00_%_00_P0_100.xmot Right=TrollFist RightUseType=55 RightGroup=5->5 NativeResult=1 OBSERVE_NATIVE=1
CORE RAW55_QUICK_CALLBACK_BOUNDARY Actor=Troll C1=12 SameC1=1 Action=4->4 Phase=1->1 StateTime=0.235373->0.235373 StatePosition=1->1 MotionBefore=Troll_Stand_Fist_Fist_P0_QuickAttackR_Hit_N_Fwd_00_%_00_P0_100.xmot MotionAfter=Troll_Stand_Fist_Fist_P0_QuickAttackR_Hit_N_Fwd_00_%_00_P0_100.xmot Right=TrollFist RightUseType=55 RightGroup=5->5 NativeResult=1 OBSERVE_NATIVE=1
CORE RAW55_QUICK_CALLBACK_BOUNDARY Actor=Troll C1=12 SameC1=1 Action=4->4 Phase=1->1 StateTime=0.244344->0.244344 StatePosition=1->1 MotionBefore=Troll_Stand_Fist_Fist_P0_QuickAttackR_Hit_N_Fwd_00_%_00_P0_100.xmot MotionAfter=Troll_Stand_Fist_Fist_P0_QuickAttackR_Hit_N_Fwd_00_%_00_P0_100.xmot Right=TrollFist RightUseType=55 RightGroup=5->5 NativeResult=1 OBSERVE_NATIVE=1
CORE RAW55_QUICK_CALLBACK_BOUNDARY Actor=Troll C1=12 SameC1=1 Action=4->4 Phase=1->1 StateTime=0.252677->0.252677 StatePosition=1->1 MotionBefore=Troll_Stand_Fist_Fist_P0_QuickAttackR_Hit_N_Fwd_00_%_00_P0_100.xmot MotionAfter=Troll_Stand_Fist_Fist_P0_QuickAttackR_Hit_N_Fwd_00_%_00_P0_100.xmot Right=TrollFist RightUseType=55 RightGroup=5->5 NativeResult=1 OBSERVE_NATIVE=1
CORE RAW55_QUICK_CALLBACK_BOUNDARY Actor=Troll C1=12 SameC1=1 Action=4->4 Phase=1->1 StateTime=0.261648->0.261648 StatePosition=1->1 MotionBefore=Troll_Stand_Fist_Fist_P0_QuickAttackR_Hit_N_Fwd_00_%_00_P0_100.xmot MotionAfter=Troll_Stand_Fist_Fist_P0_QuickAttackR_Hit_N_Fwd_00_%_00_P0_100.xmot Right=TrollFist RightUseType=55 RightGroup=5->5 NativeResult=1 OBSERVE_NATIVE=1
CORE RAW55_QUICK_CALLBACK_BOUNDARY Actor=Troll C1=12 SameC1=1 Action=4->4 Phase=1->1 StateTime=0.269982->0.269982 StatePosition=1->1 MotionBefore=Troll_Stand_Fist_Fist_P0_QuickAttackR_Hit_N_Fwd_00_%_00_P0_100.xmot MotionAfter=Troll_Stand_Fist_Fist_P0_QuickAttackR_Hit_N_Fwd_00_%_00_P0_100.xmot Right=TrollFist RightUseType=55 RightGroup=5->5 NativeResult=1 OBSERVE_NATIVE=1
CORE RAW55_QUICK_CALLBACK_BOUNDARY Actor=Troll C1=12 SameC1=1 Action=4->4 Phase=1->1 StateTime=0.278952->0.278952 StatePosition=1->1 MotionBefore=Troll_Stand_Fist_Fist_P0_QuickAttackR_Hit_N_Fwd_00_%_00_P0_100.xmot MotionAfter=Troll_Stand_Fist_Fist_P0_QuickAttackR_Hit_N_Fwd_00_%_00_P0_100.xmot Right=TrollFist RightUseType=55 RightGroup=5->5 NativeResult=1 OBSERVE_NATIVE=1
CORE RAW55_QUICK_CALLBACK_BOUNDARY Actor=Troll C1=12 SameC1=1 Action=4->4 Phase=1->1 StateTime=0.287286->0.287286 StatePosition=1->1 MotionBefore=Troll_Stand_Fist_Fist_P0_QuickAttackR_Hit_N_Fwd_00_%_00_P0_100.xmot MotionAfter=Troll_Stand_Fist_Fist_P0_QuickAttackR_Hit_N_Fwd_00_%_00_P0_100.xmot Right=TrollFist RightUseType=55 RightGroup=5->5 NativeResult=1 OBSERVE_NATIVE=1
CORE RAW55_QUICK_CALLBACK_BOUNDARY Actor=Troll C1=12 SameC1=1 Action=4->4 Phase=1->1 StateTime=0.295619->0.295619 StatePosition=1->1 MotionBefore=Troll_Stand_Fist_Fist_P0_QuickAttackR_Hit_N_Fwd_00_%_00_P0_100.xmot MotionAfter=Troll_Stand_Fist_Fist_P0_QuickAttackR_Hit_N_Fwd_00_%_00_P0_100.xmot Right=TrollFist RightUseType=55 RightGroup=5->5 NativeResult=1 OBSERVE_NATIVE=1
CORE RAW55_QUICK_CALLBACK_BOUNDARY Actor=Troll C1=12 SameC1=1 Action=4->4 Phase=1->1 StateTime=0.303952->0.303952 StatePosition=1->1 MotionBefore=Troll_Stand_Fist_Fist_P0_QuickAttackR_Hit_N_Fwd_00_%_00_P0_100.xmot MotionAfter=Troll_Stand_Fist_Fist_P0_QuickAttackR_Hit_N_Fwd_00_%_00_P0_100.xmot Right=TrollFist RightUseType=55 RightGroup=5->5 NativeResult=1 OBSERVE_NATIVE=1
CORE RAW55_QUICK_CALLBACK_BOUNDARY Actor=Troll C1=12 SameC1=1 Action=4->4 Phase=1->1 StateTime=0.312286->0.312286 StatePosition=1->1 MotionBefore=Troll_Stand_Fist_Fist_P0_QuickAttackR_Hit_N_Fwd_00_%_00_P0_100.xmot MotionAfter=Troll_Stand_Fist_Fist_P0_QuickAttackR_Hit_N_Fwd_00_%_00_P0_100.xmot Right=TrollFist RightUseType=55 RightGroup=5->5 NativeResult=1 OBSERVE_NATIVE=1
CORE RAW55_QUICK_CALLBACK_BOUNDARY Actor=Troll C1=12 SameC1=1 Action=4->4 Phase=1->1 StateTime=0.321256->0.321256 StatePosition=1->1 MotionBefore=Troll_Stand_Fist_Fist_P0_QuickAttackR_Hit_N_Fwd_00_%_00_P0_100.xmot MotionAfter=Troll_Stand_Fist_Fist_P0_QuickAttackR_Hit_N_Fwd_00_%_00_P0_100.xmot Right=TrollFist RightUseType=55 RightGroup=5->5 NativeResult=1 OBSERVE_NATIVE=1
CORE RAW55_QUICK_CALLBACK_BOUNDARY Actor=Troll C1=12 SameC1=1 Action=4->4 Phase=1->1 StateTime=0.329590->0.329590 StatePosition=1->1 MotionBefore=Troll_Stand_Fist_Fist_P0_QuickAttackR_Hit_N_Fwd_00_%_00_P0_100.xmot MotionAfter=Troll_Stand_Fist_Fist_P0_QuickAttackR_Hit_N_Fwd_00_%_00_P0_100.xmot Right=TrollFist RightUseType=55 RightGroup=5->5 NativeResult=1 OBSERVE_NATIVE=1
CORE RAW55_QUICK_CALLBACK_BOUNDARY Actor=Troll C1=12 SameC1=1 Action=4->4 Phase=1->1 StateTime=0.337923->0.337923 StatePosition=1->1 MotionBefore=Troll_Stand_Fist_Fist_P0_QuickAttackR_Hit_N_Fwd_00_%_00_P0_100.xmot MotionAfter=Troll_Stand_Fist_Fist_P0_QuickAttackR_Hit_N_Fwd_00_%_00_P0_100.xmot Right=TrollFist RightUseType=55 RightGroup=5->5 NativeResult=1 OBSERVE_NATIVE=1
CORE RAW55_QUICK_CALLBACK_BOUNDARY Actor=Troll C1=12 SameC1=1 Action=4->4 Phase=1->1 StateTime=0.346256->0.346256 StatePosition=1->1 MotionBefore=Troll_Stand_Fist_Fist_P0_QuickAttackR_Hit_N_Fwd_00_%_00_P0_100.xmot MotionAfter=Troll_Stand_Fist_Fist_P0_QuickAttackR_Hit_N_Fwd_00_%_00_P0_100.xmot Right=TrollFist RightUseType=55 RightGroup=5->5 NativeResult=1 OBSERVE_NATIVE=1
CORE RAW55_QUICK_CALLBACK_BOUNDARY Actor=Troll C1=12 SameC1=1 Action=4->4 Phase=1->1 StateTime=0.356212->0.356212 StatePosition=1->1 MotionBefore=Troll_Stand_Fist_Fist_P0_QuickAttackR_Hit_N_Fwd_00_%_00_P0_100.xmot MotionAfter=Troll_Stand_Fist_Fist_P0_QuickAttackR_Hit_N_Fwd_00_%_00_P0_100.xmot Right=TrollFist RightUseType=55 RightGroup=5->5 NativeResult=1 OBSERVE_NATIVE=1
CORE RAW55_QUICK_CALLBACK_BOUNDARY Actor=Troll C1=12 SameC1=1 Action=4->4 Phase=1->1 StateTime=0.364546->0.364546 StatePosition=1->1 MotionBefore=Troll_Stand_Fist_Fist_P0_QuickAttackR_Hit_N_Fwd_00_%_00_P0_100.xmot MotionAfter=Troll_Stand_Fist_Fist_P0_QuickAttackR_Hit_N_Fwd_00_%_00_P0_100.xmot Right=TrollFist RightUseType=55 RightGroup=5->5 NativeResult=1 OBSERVE_NATIVE=1
CORE RAW55_QUICK_CALLBACK_BOUNDARY Actor=Troll C1=12 SameC1=1 Action=4->4 Phase=1->1 StateTime=0.375473->0.375473 StatePosition=1->1 MotionBefore=Troll_Stand_Fist_Fist_P0_QuickAttackR_Hit_N_Fwd_00_%_00_P0_100.xmot MotionAfter=Troll_Stand_Fist_Fist_P0_QuickAttackR_Hit_N_Fwd_00_%_00_P0_100.xmot Right=TrollFist RightUseType=55 RightGroup=5->5 NativeResult=1 OBSERVE_NATIVE=1
CORE RAW55_QUICK_CALLBACK_BOUNDARY Actor=Troll C1=12 SameC1=1 Action=4->4 Phase=1->1 StateTime=0.383806->0.383806 StatePosition=1->1 MotionBefore=Troll_Stand_Fist_Fist_P0_QuickAttackR_Hit_N_Fwd_00_%_00_P0_100.xmot MotionAfter=Troll_Stand_Fist_Fist_P0_QuickAttackR_Hit_N_Fwd_00_%_00_P0_100.xmot Right=TrollFist RightUseType=55 RightGroup=5->5 NativeResult=1 OBSERVE_NATIVE=1
CORE RAW55_QUICK_CALLBACK_BOUNDARY Actor=Troll C1=12 SameC1=1 Action=4->4 Phase=1->1 StateTime=0.393748->0.393748 StatePosition=1->1 MotionBefore=Troll_Stand_Fist_Fist_P0_QuickAttackR_Hit_N_Fwd_00_%_00_P0_100.xmot MotionAfter=Troll_Stand_Fist_Fist_P0_QuickAttackR_Hit_N_Fwd_00_%_00_P0_100.xmot Right=TrollFist RightUseType=55 RightGroup=5->5 NativeResult=1 OBSERVE_NATIVE=1
CORE RAW55_QUICK_CALLBACK_BOUNDARY Actor=Troll C1=12 SameC1=1 Action=4->4 Phase=1->1 StateTime=0.402081->0.402081 StatePosition=1->1 MotionBefore=Troll_Stand_Fist_Fist_P0_QuickAttackR_Hit_N_Fwd_00_%_00_P0_100.xmot MotionAfter=Troll_Stand_Fist_Fist_P0_QuickAttackR_Hit_N_Fwd_00_%_00_P0_100.xmot Right=TrollFist RightUseType=55 RightGroup=5->5 NativeResult=1 OBSERVE_NATIVE=1
CORE RAW55_QUICK_CALLBACK_BOUNDARY Actor=Troll C1=12 SameC1=1 Action=4->4 Phase=1->1 StateTime=0.410414->0.410414 StatePosition=1->1 MotionBefore=Troll_Stand_Fist_Fist_P0_QuickAttackR_Hit_N_Fwd_00_%_00_P0_100.xmot MotionAfter=Troll_Stand_Fist_Fist_P0_QuickAttackR_Hit_N_Fwd_00_%_00_P0_100.xmot Right=TrollFist RightUseType=55 RightGroup=5->5 NativeResult=1 OBSERVE_NATIVE=1
CORE RAW55_QUICK_CALLBACK_BOUNDARY Actor=Troll C1=12 SameC1=1 Action=4->4 Phase=1->1 StateTime=0.418748->0.418748 StatePosition=1->1 MotionBefore=Troll_Stand_Fist_Fist_P0_QuickAttackR_Hit_N_Fwd_00_%_00_P0_100.xmot MotionAfter=Troll_Stand_Fist_Fist_P0_QuickAttackR_Hit_N_Fwd_00_%_00_P0_100.xmot Right=TrollFist RightUseType=55 RightGroup=5->5 NativeResult=1 OBSERVE_NATIVE=1
CORE RAW55_QUICK_CALLBACK_BOUNDARY Actor=Troll C1=12 SameC1=1 Action=4->4 Phase=1->1 StateTime=0.427081->0.427081 StatePosition=1->1 MotionBefore=Troll_Stand_Fist_Fist_P0_QuickAttackR_Hit_N_Fwd_00_%_00_P0_100.xmot MotionAfter=Troll_Stand_Fist_Fist_P0_QuickAttackR_Hit_N_Fwd_00_%_00_P0_100.xmot Right=TrollFist RightUseType=55 RightGroup=5->5 NativeResult=1 OBSERVE_NATIVE=1
CORE RAW55_QUICK_CALLBACK_BOUNDARY Actor=Troll C1=12 SameC1=1 Action=4->4 Phase=1->1 StateTime=0.437037->0.437037 StatePosition=1->1 MotionBefore=Troll_Stand_Fist_Fist_P0_QuickAttackR_Hit_N_Fwd_00_%_00_P0_100.xmot MotionAfter=Troll_Stand_Fist_Fist_P0_QuickAttackR_Hit_N_Fwd_00_%_00_P0_100.xmot Right=TrollFist RightUseType=55 RightGroup=5->5 NativeResult=1 OBSERVE_NATIVE=1
CORE RAW55_QUICK_CALLBACK_BOUNDARY Actor=Troll C1=12 SameC1=1 Action=4->4 Phase=1->1 StateTime=0.445370->0.445370 StatePosition=1->1 MotionBefore=Troll_Stand_Fist_Fist_P0_QuickAttackR_Hit_N_Fwd_00_%_00_P0_100.xmot MotionAfter=Troll_Stand_Fist_Fist_P0_QuickAttackR_Hit_N_Fwd_00_%_00_P0_100.xmot Right=TrollFist RightUseType=55 RightGroup=5->5 NativeResult=1 OBSERVE_NATIVE=1
CORE RAW55_QUICK_CALLBACK_BOUNDARY Actor=Troll C1=12 SameC1=1 Action=4->4 Phase=1->1 StateTime=0.454327->0.454327 StatePosition=1->1 MotionBefore=Troll_Stand_Fist_Fist_P0_QuickAttackR_Hit_N_Fwd_00_%_00_P0_100.xmot MotionAfter=Troll_Stand_Fist_Fist_P0_QuickAttackR_Hit_N_Fwd_00_%_00_P0_100.xmot Right=TrollFist RightUseType=55 RightGroup=5->5 NativeResult=1 OBSERVE_NATIVE=1
CORE RAW55_QUICK_CALLBACK_BOUNDARY Actor=Troll C1=12 SameC1=1 Action=4->4 Phase=1->1 StateTime=0.462660->0.462660 StatePosition=1->1 MotionBefore=Troll_Stand_Fist_Fist_P0_QuickAttackR_Hit_N_Fwd_00_%_00_P0_100.xmot MotionAfter=Troll_Stand_Fist_Fist_P0_QuickAttackR_Hit_N_Fwd_00_%_00_P0_100.xmot Right=TrollFist RightUseType=55 RightGroup=5->5 NativeResult=1 OBSERVE_NATIVE=1
CORE RAW55_QUICK_CALLBACK_BOUNDARY Actor=Troll C1=12 SameC1=1 Action=4->4 Phase=1->1 StateTime=0.470993->0.470993 StatePosition=1->1 MotionBefore=Troll_Stand_Fist_Fist_P0_QuickAttackR_Hit_N_Fwd_00_%_00_P0_100.xmot MotionAfter=Troll_Stand_Fist_Fist_P0_QuickAttackR_Hit_N_Fwd_00_%_00_P0_100.xmot Right=TrollFist RightUseType=55 RightGroup=5->5 NativeResult=1 OBSERVE_NATIVE=1
CORE RAW55_QUICK_CALLBACK_BOUNDARY Actor=Troll C1=12 SameC1=1 Action=4->4 Phase=1->1 StateTime=0.479964->0.479964 StatePosition=1->1 MotionBefore=Troll_Stand_Fist_Fist_P0_QuickAttackR_Hit_N_Fwd_00_%_00_P0_100.xmot MotionAfter=Troll_Stand_Fist_Fist_P0_QuickAttackR_Hit_N_Fwd_00_%_00_P0_100.xmot Right=TrollFist RightUseType=55 RightGroup=5->5 NativeResult=1 OBSERVE_NATIVE=1
===== CORE MARKER ANOMALY / DISCOVERY =====
ElapsedMs: 41180.461
Actor: Troll
Action: 4
Family: QUICK
AniPhase: 1
StatePosition: 1
CurrentMovementAni: Troll_Stand_Fist_Fist_P0_QuickAttackR_Hit_N_Fwd_00_%_00_P0_100.xmot
MarkerName: G3AB_COL_FIST
MarkerOpcode: FIST
Result: UNSUPPORTED_MISSING_SOURCE
C1GenerationValid: 1
C1Generation: 12
RequiredSourceMask: 0
MissingSourceMask: 0
RightSourceSlot: RIGHT
RightSourceName: TrollFist
RightSourceUseType: 55
RightSourceCollisionGroup: 5
LeftSourceSlot: LEFT
LeftSourceName: TrollFist
LeftSourceUseType: 55
LeftSourceCollisionGroup: 5
Raw8FistSourceName: <none>
Raw8FistSourceUseType: -1
Raw8FistSourceCollisionGroup: -1
===========================================

CORE COLLISION_GROUP ElapsedMs=41180.498 Source=TrollFist UseType=55 Owner=Troll Slot=RIGHT Requested=7 Before=5 After=7 MarkerBitsRetired=0
CORE C1 OFFENSE REQUEST ElapsedMs=41180.511 Actor=Troll Generation=12 Status=PERSISTED Source=TrollFist Side=RIGHT Requests=1 Outstanding=1 CleanupObserved=0 Group=7
CORE RAW55_QUICK_FIST_REARM_PROBE Actor=Troll C1=12 Action=4 StatePosition=1 StateTime=0.488297 Right=TrollFist RightUseType=55 GroupBefore=5 RequestedGroup=7 GroupAfter=7 EarlySuppressionProof=1 ClearTriggeredList=1 REARM_PROBE=1
CORE RAW55_QUICK_CALLBACK_BOUNDARY Actor=Troll C1=12 SameC1=1 Action=4->4 Phase=1->1 StateTime=0.488297->0.488297 StatePosition=1->1 MotionBefore=Troll_Stand_Fist_Fist_P0_QuickAttackR_Hit_N_Fwd_00_%_00_P0_100.xmot MotionAfter=Troll_Stand_Fist_Fist_P0_QuickAttackR_Hit_N_Fwd_00_%_00_P0_100.xmot Right=TrollFist RightUseType=55 RightGroup=7->7 NativeResult=1 OBSERVE_NATIVE=1
CORE RAW55_QUICK_CALLBACK_BOUNDARY Actor=Troll C1=12 SameC1=1 Action=4->4 Phase=1->1 StateTime=0.496631->0.496631 StatePosition=1->1 MotionBefore=Troll_Stand_Fist_Fist_P0_QuickAttackR_Hit_N_Fwd_00_%_00_P0_100.xmot MotionAfter=Troll_Stand_Fist_Fist_P0_QuickAttackR_Hit_N_Fwd_00_%_00_P0_100.xmot Right=TrollFist RightUseType=55 RightGroup=7->7 NativeResult=1 OBSERVE_NATIVE=1
CORE RAW55_QUICK_CALLBACK_BOUNDARY Actor=Troll C1=12 SameC1=1 Action=4->4 Phase=1->1 StateTime=0.504964->0.504964 StatePosition=1->1 MotionBefore=Troll_Stand_Fist_Fist_P0_QuickAttackR_Hit_N_Fwd_00_%_00_P0_100.xmot MotionAfter=Troll_Stand_Fist_Fist_P0_QuickAttackR_Hit_N_Fwd_00_%_00_P0_100.xmot Right=TrollFist RightUseType=55 RightGroup=7->7 NativeResult=1 OBSERVE_NATIVE=1
CORE RAW55_QUICK_CALLBACK_BOUNDARY Actor=Troll C1=12 SameC1=1 Action=4->4 Phase=1->1 StateTime=0.513297->0.513297 StatePosition=1->1 MotionBefore=Troll_Stand_Fist_Fist_P0_QuickAttackR_Hit_N_Fwd_00_%_00_P0_100.xmot MotionAfter=Troll_Stand_Fist_Fist_P0_QuickAttackR_Hit_N_Fwd_00_%_00_P0_100.xmot Right=TrollFist RightUseType=55 RightGroup=7->7 NativeResult=1 OBSERVE_NATIVE=1
CORE RAW55_QUICK_CALLBACK_BOUNDARY Actor=Troll C1=12 SameC1=1 Action=4->4 Phase=1->1 StateTime=0.522268->0.522268 StatePosition=1->1 MotionBefore=Troll_Stand_Fist_Fist_P0_QuickAttackR_Hit_N_Fwd_00_%_00_P0_100.xmot MotionAfter=Troll_Stand_Fist_Fist_P0_QuickAttackR_Hit_N_Fwd_00_%_00_P0_100.xmot Right=TrollFist RightUseType=55 RightGroup=7->7 NativeResult=1 OBSERVE_NATIVE=1
CORE RAW55_QUICK_CALLBACK_BOUNDARY Actor=Troll C1=12 SameC1=1 Action=4->4 Phase=1->1 StateTime=0.530601->0.530601 StatePosition=1->1 MotionBefore=Troll_Stand_Fist_Fist_P0_QuickAttackR_Hit_N_Fwd_00_%_00_P0_100.xmot MotionAfter=Troll_Stand_Fist_Fist_P0_QuickAttackR_Hit_N_Fwd_00_%_00_P0_100.xmot Right=TrollFist RightUseType=55 RightGroup=7->7 NativeResult=1 OBSERVE_NATIVE=1
CORE RAW55_QUICK_CALLBACK_BOUNDARY Actor=Troll C1=12 SameC1=1 Action=4->4 Phase=1->1 StateTime=0.538935->0.538935 StatePosition=1->1 MotionBefore=Troll_Stand_Fist_Fist_P0_QuickAttackR_Hit_N_Fwd_00_%_00_P0_100.xmot MotionAfter=Troll_Stand_Fist_Fist_P0_QuickAttackR_Hit_N_Fwd_00_%_00_P0_100.xmot Right=TrollFist RightUseType=55 RightGroup=7->7 NativeResult=1 OBSERVE_NATIVE=1
CORE RAW55_QUICK_CALLBACK_BOUNDARY Actor=Troll C1=12 SameC1=1 Action=4->4 Phase=1->1 StateTime=0.547268->0.547268 StatePosition=1->1 MotionBefore=Troll_Stand_Fist_Fist_P0_QuickAttackR_Hit_N_Fwd_00_%_00_P0_100.xmot MotionAfter=Troll_Stand_Fist_Fist_P0_QuickAttackR_Hit_N_Fwd_00_%_00_P0_100.xmot Right=TrollFist RightUseType=55 RightGroup=7->7 NativeResult=1 OBSERVE_NATIVE=1
CORE RAW55_QUICK_CALLBACK_BOUNDARY Actor=Troll C1=12 SameC1=1 Action=4->4 Phase=1->1 StateTime=0.556239->0.556239 StatePosition=1->1 MotionBefore=Troll_Stand_Fist_Fist_P0_QuickAttackR_Hit_N_Fwd_00_%_00_P0_100.xmot MotionAfter=Troll_Stand_Fist_Fist_P0_QuickAttackR_Hit_N_Fwd_00_%_00_P0_100.xmot Right=TrollFist RightUseType=55 RightGroup=7->7 NativeResult=1 OBSERVE_NATIVE=1
CORE RAW55_QUICK_CALLBACK_BOUNDARY Actor=Troll C1=12 SameC1=1 Action=4->4 Phase=1->1 StateTime=0.564572->0.564572 StatePosition=1->1 MotionBefore=Troll_Stand_Fist_Fist_P0_QuickAttackR_Hit_N_Fwd_00_%_00_P0_100.xmot MotionAfter=Troll_Stand_Fist_Fist_P0_QuickAttackR_Hit_N_Fwd_00_%_00_P0_100.xmot Right=TrollFist RightUseType=55 RightGroup=7->7 NativeResult=1 OBSERVE_NATIVE=1
CORE RAW55_QUICK_CALLBACK_BOUNDARY Actor=Troll C1=12 SameC1=1 Action=4->4 Phase=1->1 StateTime=0.572905->0.572905 StatePosition=1->1 MotionBefore=Troll_Stand_Fist_Fist_P0_QuickAttackR_Hit_N_Fwd_00_%_00_P0_100.xmot MotionAfter=Troll_Stand_Fist_Fist_P0_QuickAttackR_Hit_N_Fwd_00_%_00_P0_100.xmot Right=TrollFist RightUseType=55 RightGroup=7->7 NativeResult=1 OBSERVE_NATIVE=1
CORE RAW55_QUICK_CALLBACK_BOUNDARY Actor=Troll C1=12 SameC1=1 Action=4->4 Phase=1->1 StateTime=0.581238->0.581238 StatePosition=1->1 MotionBefore=Troll_Stand_Fist_Fist_P0_QuickAttackR_Hit_N_Fwd_00_%_00_P0_100.xmot MotionAfter=Troll_Stand_Fist_Fist_P0_QuickAttackR_Hit_N_Fwd_00_%_00_P0_100.xmot Right=TrollFist RightUseType=55 RightGroup=7->7 NativeResult=1 OBSERVE_NATIVE=1
CORE RAW55_QUICK_CALLBACK_BOUNDARY Actor=Troll C1=12 SameC1=1 Action=4->4 Phase=1->1 StateTime=0.590209->0.590209 StatePosition=1->1 MotionBefore=Troll_Stand_Fist_Fist_P0_QuickAttackR_Hit_N_Fwd_00_%_00_P0_100.xmot MotionAfter=Troll_Stand_Fist_Fist_P0_QuickAttackR_Hit_N_Fwd_00_%_00_P0_100.xmot Right=TrollFist RightUseType=55 RightGroup=7->7 NativeResult=1 OBSERVE_NATIVE=1
CORE RAW55_QUICK_CALLBACK_BOUNDARY Actor=Troll C1=12 SameC1=1 Action=4->4 Phase=1->1 StateTime=0.598542->0.598542 StatePosition=1->1 MotionBefore=Troll_Stand_Fist_Fist_P0_QuickAttackR_Hit_N_Fwd_00_%_00_P0_100.xmot MotionAfter=Troll_Stand_Fist_Fist_P0_QuickAttackR_Hit_N_Fwd_00_%_00_P0_100.xmot Right=TrollFist RightUseType=55 RightGroup=7->7 NativeResult=1 OBSERVE_NATIVE=1
CORE RAW55_QUICK_CALLBACK_BOUNDARY Actor=Troll C1=12 SameC1=1 Action=4->4 Phase=1->1 StateTime=0.606876->0.606876 StatePosition=1->1 MotionBefore=Troll_Stand_Fist_Fist_P0_QuickAttackR_Hit_N_Fwd_00_%_00_P0_100.xmot MotionAfter=Troll_Stand_Fist_Fist_P0_QuickAttackR_Hit_N_Fwd_00_%_00_P0_100.xmot Right=TrollFist RightUseType=55 RightGroup=7->7 NativeResult=1 OBSERVE_NATIVE=1
CORE RAW55_QUICK_CALLBACK_BOUNDARY Actor=Troll C1=12 SameC1=1 Action=4->4 Phase=1->1 StateTime=0.615209->0.615209 StatePosition=1->1 MotionBefore=Troll_Stand_Fist_Fist_P0_QuickAttackR_Hit_N_Fwd_00_%_00_P0_100.xmot MotionAfter=Troll_Stand_Fist_Fist_P0_QuickAttackR_Hit_N_Fwd_00_%_00_P0_100.xmot Right=TrollFist RightUseType=55 RightGroup=7->7 NativeResult=1 OBSERVE_NATIVE=1
CORE RAW55_QUICK_CALLBACK_BOUNDARY Actor=Troll C1=12 SameC1=1 Action=4->4 Phase=1->1 StateTime=0.623542->0.623542 StatePosition=1->1 MotionBefore=Troll_Stand_Fist_Fist_P0_QuickAttackR_Hit_N_Fwd_00_%_00_P0_100.xmot MotionAfter=Troll_Stand_Fist_Fist_P0_QuickAttackR_Hit_N_Fwd_00_%_00_P0_100.xmot Right=TrollFist RightUseType=55 RightGroup=7->7 NativeResult=1 OBSERVE_NATIVE=1
CORE RAW55_QUICK_CALLBACK_BOUNDARY Actor=Troll C1=12 SameC1=1 Action=4->4 Phase=1->1 StateTime=0.631876->0.631876 StatePosition=1->1 MotionBefore=Troll_Stand_Fist_Fist_P0_QuickAttackR_Hit_N_Fwd_00_%_00_P0_100.xmot MotionAfter=Troll_Stand_Fist_Fist_P0_QuickAttackR_Hit_N_Fwd_00_%_00_P0_100.xmot Right=TrollFist RightUseType=55 RightGroup=7->7 NativeResult=1 OBSERVE_NATIVE=1
CORE RAW55_QUICK_CALLBACK_BOUNDARY Actor=Troll C1=12 SameC1=1 Action=4->4 Phase=1->1 StateTime=0.642817->0.642817 StatePosition=1->1 MotionBefore=Troll_Stand_Fist_Fist_P0_QuickAttackR_Hit_N_Fwd_00_%_00_P0_100.xmot MotionAfter=Troll_Stand_Fist_Fist_P0_QuickAttackR_Hit_N_Fwd_00_%_00_P0_100.xmot Right=TrollFist RightUseType=55 RightGroup=7->7 NativeResult=1 OBSERVE_NATIVE=1
CORE RAW55_QUICK_CALLBACK_BOUNDARY Actor=Troll C1=12 SameC1=1 Action=4->4 Phase=1->1 StateTime=0.651150->0.651150 StatePosition=1->1 MotionBefore=Troll_Stand_Fist_Fist_P0_QuickAttackR_Hit_N_Fwd_00_%_00_P0_100.xmot MotionAfter=Troll_Stand_Fist_Fist_P0_QuickAttackR_Hit_N_Fwd_00_%_00_P0_100.xmot Right=TrollFist RightUseType=55 RightGroup=7->7 NativeResult=1 OBSERVE_NATIVE=1
CORE RAW55_QUICK_CALLBACK_BOUNDARY Actor=Troll C1=12 SameC1=1 Action=4->4 Phase=1->1 StateTime=0.659483->0.659483 StatePosition=1->1 MotionBefore=Troll_Stand_Fist_Fist_P0_QuickAttackR_Hit_N_Fwd_00_%_00_P0_100.xmot MotionAfter=Troll_Stand_Fist_Fist_P0_QuickAttackR_Hit_N_Fwd_00_%_00_P0_100.xmot Right=TrollFist RightUseType=55 RightGroup=7->7 NativeResult=1 OBSERVE_NATIVE=1
CORE RAW55_QUICK_CALLBACK_BOUNDARY Actor=Troll C1=12 SameC1=1 Action=4->4 Phase=1->1 StateTime=0.667817->0.667817 StatePosition=1->1 MotionBefore=Troll_Stand_Fist_Fist_P0_QuickAttackR_Hit_N_Fwd_00_%_00_P0_100.xmot MotionAfter=Troll_Stand_Fist_Fist_P0_QuickAttackR_Hit_N_Fwd_00_%_00_P0_100.xmot Right=TrollFist RightUseType=55 RightGroup=7->7 NativeResult=1 OBSERVE_NATIVE=1
CORE RAW55_QUICK_CALLBACK_BOUNDARY Actor=Troll C1=12 SameC1=1 Action=4->4 Phase=1->1 StateTime=0.676787->0.676787 StatePosition=1->1 MotionBefore=Troll_Stand_Fist_Fist_P0_QuickAttackR_Hit_N_Fwd_00_%_00_P0_100.xmot MotionAfter=Troll_Stand_Fist_Fist_P0_QuickAttackR_Hit_N_Fwd_00_%_00_P0_100.xmot Right=TrollFist RightUseType=55 RightGroup=7->7 NativeResult=1 OBSERVE_NATIVE=1
CORE RAW55_QUICK_CALLBACK_BOUNDARY Actor=Troll C1=12 SameC1=1 Action=4->4 Phase=1->1 StateTime=0.685121->0.685121 StatePosition=1->1 MotionBefore=Troll_Stand_Fist_Fist_P0_QuickAttackR_Hit_N_Fwd_00_%_00_P0_100.xmot MotionAfter=Troll_Stand_Fist_Fist_P0_QuickAttackR_Hit_N_Fwd_00_%_00_P0_100.xmot Right=TrollFist RightUseType=55 RightGroup=7->7 NativeResult=1 OBSERVE_NATIVE=1
CORE RAW55_QUICK_CALLBACK_BOUNDARY Actor=Troll C1=12 SameC1=1 Action=4->4 Phase=1->1 StateTime=0.694091->0.694091 StatePosition=1->1 MotionBefore=Troll_Stand_Fist_Fist_P0_QuickAttackR_Hit_N_Fwd_00_%_00_P0_100.xmot MotionAfter=Troll_Stand_Fist_Fist_P0_QuickAttackR_Hit_N_Fwd_00_%_00_P0_100.xmot Right=TrollFist RightUseType=55 RightGroup=7->7 NativeResult=1 OBSERVE_NATIVE=1
CORE RAW55_QUICK_CALLBACK_BOUNDARY Actor=Troll C1=12 SameC1=1 Action=4->4 Phase=1->1 StateTime=0.702425->0.702425 StatePosition=1->1 MotionBefore=Troll_Stand_Fist_Fist_P0_QuickAttackR_Hit_N_Fwd_00_%_00_P0_100.xmot MotionAfter=Troll_Stand_Fist_Fist_P0_QuickAttackR_Hit_N_Fwd_00_%_00_P0_100.xmot Right=TrollFist RightUseType=55 RightGroup=7->7 NativeResult=1 OBSERVE_NATIVE=1
CORE RAW55_QUICK_CALLBACK_BOUNDARY Actor=Troll C1=12 SameC1=1 Action=4->4 Phase=1->1 StateTime=0.710758->0.710758 StatePosition=1->1 MotionBefore=Troll_Stand_Fist_Fist_P0_QuickAttackR_Hit_N_Fwd_00_%_00_P0_100.xmot MotionAfter=Troll_Stand_Fist_Fist_P0_QuickAttackR_Hit_N_Fwd_00_%_00_P0_100.xmot Right=TrollFist RightUseType=55 RightGroup=7->7 NativeResult=1 OBSERVE_NATIVE=1
CORE RAW55_QUICK_CALLBACK_BOUNDARY Actor=Troll C1=12 SameC1=1 Action=4->4 Phase=1->1 StateTime=0.719729->0.719729 StatePosition=1->1 MotionBefore=Troll_Stand_Fist_Fist_P0_QuickAttackR_Hit_N_Fwd_00_%_00_P0_100.xmot MotionAfter=Troll_Stand_Fist_Fist_P0_QuickAttackR_Hit_N_Fwd_00_%_00_P0_100.xmot Right=TrollFist RightUseType=55 RightGroup=7->7 NativeResult=1 OBSERVE_NATIVE=1
CORE RAW55_QUICK_CALLBACK_BOUNDARY Actor=Troll C1=12 SameC1=1 Action=4->4 Phase=1->1 StateTime=0.728062->0.728062 StatePosition=1->1 MotionBefore=Troll_Stand_Fist_Fist_P0_QuickAttackR_Hit_N_Fwd_00_%_00_P0_100.xmot MotionAfter=Troll_Stand_Fist_Fist_P0_QuickAttackR_Hit_N_Fwd_00_%_00_P0_100.xmot Right=TrollFist RightUseType=55 RightGroup=7->7 NativeResult=1 OBSERVE_NATIVE=1
CORE RAW55_QUICK_CALLBACK_BOUNDARY Actor=Troll C1=12 SameC1=1 Action=4->4 Phase=1->1 StateTime=0.737033->0.737033 StatePosition=1->1 MotionBefore=Troll_Stand_Fist_Fist_P0_QuickAttackR_Hit_N_Fwd_00_%_00_P0_100.xmot MotionAfter=Troll_Stand_Fist_Fist_P0_QuickAttackR_Hit_N_Fwd_00_%_00_P0_100.xmot Right=TrollFist RightUseType=55 RightGroup=7->7 NativeResult=1 OBSERVE_NATIVE=1
CORE ONDAMAGE ElapsedMs=41422.725 Ordinal=3 Target=PC_Hero Arg1=PC_Hero Arg2=PC_Hero Caller=Game.dll+0x00069484 PlayerAction=0 PlayerPhase=5 PlayerMotion=Hero_Stand_None_None_P0_Ambient_Loop_N_Fwd_01_%_00_P0_0.xmot Raw8Fist=<none> Raw8UseType=-1 Raw8Group=-1
CORE RAW55_QUICK_CALLBACK_BOUNDARY Actor=Troll C1=12 SameC1=1 Action=4->4 Phase=1->1 StateTime=0.745366->0.745366 StatePosition=1->1 MotionBefore=Troll_Stand_Fist_Fist_P0_QuickAttackR_Hit_N_Fwd_00_%_00_P0_100.xmot MotionAfter=Troll_Stand_Fist_Fist_P0_QuickAttackR_Hit_N_Fwd_00_%_00_P0_100.xmot Right=TrollFist RightUseType=55 RightGroup=7->7 NativeResult=1 OBSERVE_NATIVE=1
CORE C1_START ElapsedMs=41430.664 Actor=PC_Hero Generation=13 Status=CANDIDATE Outstanding=0 TrackedSources=0 ReplacedGeneration=0 ReplacedOutstanding=0
CORE C1_BIND ElapsedMs=41430.672 Event=COMBAT_MOVE_CANDIDATE_BOUND Actor=PC_Hero Generation=13 Status=CANDIDATE Outstanding=0 Source=<null> Script=_AI_Stumble
CORE C1_STATUS ElapsedMs=41430.726 Event=PERSISTED Actor=PC_Hero Generation=13 Status=PERSISTED Outstanding=0
CORE RAW55_QUICK_CALLBACK_BOUNDARY Actor=Troll C1=12 SameC1=1 Action=4->4 Phase=1->1 StateTime=0.755322->0.755322 StatePosition=1->1 MotionBefore=Troll_Stand_Fist_Fist_P0_QuickAttackR_Hit_N_Fwd_00_%_00_P0_100.xmot MotionAfter=Troll_Stand_Fist_Fist_P0_QuickAttackR_Hit_N_Fwd_00_%_00_P0_100.xmot Right=TrollFist RightUseType=55 RightGroup=7->7 NativeResult=1 OBSERVE_NATIVE=1
CORE RAW55_QUICK_CALLBACK_BOUNDARY Actor=Troll C1=12 SameC1=1 Action=4->4 Phase=1->1 StateTime=0.763656->0.763656 StatePosition=1->1 MotionBefore=Troll_Stand_Fist_Fist_P0_QuickAttackR_Hit_N_Fwd_00_%_00_P0_100.xmot MotionAfter=Troll_Stand_Fist_Fist_P0_QuickAttackR_Hit_N_Fwd_00_%_00_P0_100.xmot Right=TrollFist RightUseType=55 RightGroup=7->7 NativeResult=1 OBSERVE_NATIVE=1
CORE RAW55_QUICK_CALLBACK_BOUNDARY Actor=Troll C1=12 SameC1=1 Action=4->4 Phase=1->1 StateTime=0.771989->0.771989 StatePosition=1->1 MotionBefore=Troll_Stand_Fist_Fist_P0_QuickAttackR_Hit_N_Fwd_00_%_00_P0_100.xmot MotionAfter=Troll_Stand_Fist_Fist_P0_QuickAttackR_Hit_N_Fwd_00_%_00_P0_100.xmot Right=TrollFist RightUseType=55 RightGroup=7->7 NativeResult=1 OBSERVE_NATIVE=1
CORE RAW55_QUICK_CALLBACK_BOUNDARY Actor=Troll C1=12 SameC1=1 Action=4->4 Phase=1->1 StateTime=0.780322->0.780322 StatePosition=1->1 MotionBefore=Troll_Stand_Fist_Fist_P0_QuickAttackR_Hit_N_Fwd_00_%_00_P0_100.xmot MotionAfter=Troll_Stand_Fist_Fist_P0_QuickAttackR_Hit_N_Fwd_00_%_00_P0_100.xmot Right=TrollFist RightUseType=55 RightGroup=7->7 NativeResult=1 OBSERVE_NATIVE=1
CORE RAW55_QUICK_CALLBACK_BOUNDARY Actor=Troll C1=12 SameC1=1 Action=4->4 Phase=1->1 StateTime=0.788656->0.788656 StatePosition=1->1 MotionBefore=Troll_Stand_Fist_Fist_P0_QuickAttackR_Hit_N_Fwd_00_%_00_P0_100.xmot MotionAfter=Troll_Stand_Fist_Fist_P0_QuickAttackR_Hit_N_Fwd_00_%_00_P0_100.xmot Right=TrollFist RightUseType=55 RightGroup=7->7 NativeResult=1 OBSERVE_NATIVE=1
CORE RAW55_QUICK_CALLBACK_BOUNDARY Actor=Troll C1=12 SameC1=1 Action=4->4 Phase=1->1 StateTime=0.796989->0.796989 StatePosition=1->1 MotionBefore=Troll_Stand_Fist_Fist_P0_QuickAttackR_Hit_N_Fwd_00_%_00_P0_100.xmot MotionAfter=Troll_Stand_Fist_Fist_P0_QuickAttackR_Hit_N_Fwd_00_%_00_P0_100.xmot Right=TrollFist RightUseType=55 RightGroup=7->7 NativeResult=1 OBSERVE_NATIVE=1
CORE COLLISION_GROUP ElapsedMs=41482.625 Source=TrollFist UseType=55 Owner=Troll Slot=RIGHT Requested=5 Before=7 After=5 MarkerBitsRetired=0
CORE C1 CLEANUP FULFILLED ElapsedMs=41482.652 Actor=Troll Generation=12 Status=PERSISTED Source=TrollFist Side=RIGHT Requests=1 Outstanding=0 CleanupObserved=1 Group=5
CORE C1_FINAL ElapsedMs=41577.357 Actor=Troll Generation=12 Status=PERSISTED SourceCount=2 PhysicalChanged=0 Source[0]=TrollFist Side=RIGHT Outstanding=0 Cleanup=1 Outcome=NO_OP_NO_OUTSTANDING Source[1]=TrollFist Side=LEFT Outstanding=0 Cleanup=0 Outcome=NO_OP_NO_OUTSTANDING
CORE C1_FINAL ElapsedMs=41716.184 Actor=PC_Hero Generation=13 Status=PERSISTED SourceCount=0 PhysicalChanged=0
CORE C1_START ElapsedMs=42792.713 Actor=Troll Generation=14 Status=CANDIDATE Outstanding=0 TrackedSources=2 ReplacedGeneration=0 ReplacedOutstanding=0 Source[0]=TrollFist Side=RIGHT Group=5 Source[1]=TrollFist Side=LEFT Group=5
CORE C1_BIND ElapsedMs=42792.727 Event=COMBAT_MOVE_CANDIDATE_BOUND Actor=Troll Generation=14 Status=CANDIDATE Outstanding=0 Source=<null> Script=_AI_QuickAttack
CORE C1_STATUS ElapsedMs=42792.794 Event=PERSISTED Actor=Troll Generation=14 Status=PERSISTED Outstanding=0
CORE ATTACK_OWNERSHIP ElapsedMs=42792.812 Actor=Troll Family=QUICK Action=5 Phase=1 Motion=Troll_Stand_Fist_Fist_P0_QuickAttackL_Hit_N_Fwd_00_%_00_P0_100.xmot MarkerPresent=1 RequiredMask=0 FistMarkers=1 Raw8Fist=<none> Raw8UseType=-1 SuppressNative=0 Classification=CONTRADICTION
===== CORE ATTACK OWNERSHIP ANOMALY =====
MatchingMotionFound: 1
MarkerScanValid: 1
RequiredSourcesAvailable: 1
RightSourceSlot: RIGHT
RightSourceName: TrollFist
RightSourceUseType: 55
RightSourceCollisionGroup: 5
LeftSourceSlot: LEFT
LeftSourceName: TrollFist
LeftSourceUseType: 55
LeftSourceCollisionGroup: 5
Raw8FistSourceName: <none>
Raw8FistSourceUseType: -1
Raw8FistSourceCollisionGroup: -1
=========================================

CORE RAW55_QUICK_CALLBACK_BOUNDARY Actor=Troll C1=14 SameC1=1 Action=5->5 Phase=1->1 StateTime=0.000000->0.000000 StatePosition=0->0 MotionBefore=Troll_Stand_Fist_Fist_P0_QuickAttackL_Hit_N_Fwd_00_%_00_P0_100.xmot MotionAfter=Troll_Stand_Fist_Fist_P0_QuickAttackL_Hit_N_Fwd_00_%_00_P0_100.xmot Right=TrollFist RightUseType=55 RightGroup=5->5 NativeResult=1 OBSERVE_NATIVE=1
CORE RAW55_QUICK_CALLBACK_BOUNDARY Actor=Troll C1=14 SameC1=1 Action=5->5 Phase=1->1 StateTime=0.008333->0.008333 StatePosition=0->0 MotionBefore=Troll_Stand_Fist_Fist_P0_QuickAttackL_Hit_N_Fwd_00_%_00_P0_100.xmot MotionAfter=Troll_Stand_Fist_Fist_P0_QuickAttackL_Hit_N_Fwd_00_%_00_P0_100.xmot Right=TrollFist RightUseType=55 RightGroup=5->5 NativeResult=1 OBSERVE_NATIVE=1
CORE RAW55_QUICK_CALLBACK_BOUNDARY Actor=Troll C1=14 SameC1=1 Action=5->5 Phase=1->1 StateTime=0.017304->0.017304 StatePosition=0->0 MotionBefore=Troll_Stand_Fist_Fist_P0_QuickAttackL_Hit_N_Fwd_00_%_00_P0_100.xmot MotionAfter=Troll_Stand_Fist_Fist_P0_QuickAttackL_Hit_N_Fwd_00_%_00_P0_100.xmot Right=TrollFist RightUseType=55 RightGroup=5->5 NativeResult=1 OBSERVE_NATIVE=1
CORE RAW55_QUICK_CALLBACK_BOUNDARY Actor=Troll C1=14 SameC1=1 Action=5->5 Phase=1->1 StateTime=0.025638->0.025638 StatePosition=0->0 MotionBefore=Troll_Stand_Fist_Fist_P0_QuickAttackL_Hit_N_Fwd_00_%_00_P0_100.xmot MotionAfter=Troll_Stand_Fist_Fist_P0_QuickAttackL_Hit_N_Fwd_00_%_00_P0_100.xmot Right=TrollFist RightUseType=55 RightGroup=5->5 NativeResult=1 OBSERVE_NATIVE=1
CORE RAW55_QUICK_CALLBACK_BOUNDARY Actor=Troll C1=14 SameC1=1 Action=5->5 Phase=1->1 StateTime=0.033971->0.033971 StatePosition=0->0 MotionBefore=Troll_Stand_Fist_Fist_P0_QuickAttackL_Hit_N_Fwd_00_%_00_P0_100.xmot MotionAfter=Troll_Stand_Fist_Fist_P0_QuickAttackL_Hit_N_Fwd_00_%_00_P0_100.xmot Right=TrollFist RightUseType=55 RightGroup=5->5 NativeResult=1 OBSERVE_NATIVE=1
CORE RAW55_QUICK_CALLBACK_BOUNDARY Actor=Troll C1=14 SameC1=1 Action=5->5 Phase=1->1 StateTime=0.042304->0.042304 StatePosition=0->0 MotionBefore=Troll_Stand_Fist_Fist_P0_QuickAttackL_Hit_N_Fwd_00_%_00_P0_100.xmot MotionAfter=Troll_Stand_Fist_Fist_P0_QuickAttackL_Hit_N_Fwd_00_%_00_P0_100.xmot Right=TrollFist RightUseType=55 RightGroup=5->5 NativeResult=1 OBSERVE_NATIVE=1
CORE RAW55_QUICK_CALLBACK_BOUNDARY Actor=Troll C1=14 SameC1=1 Action=5->5 Phase=1->1 StateTime=0.050638->0.050638 StatePosition=0->0 MotionBefore=Troll_Stand_Fist_Fist_P0_QuickAttackL_Hit_N_Fwd_00_%_00_P0_100.xmot MotionAfter=Troll_Stand_Fist_Fist_P0_QuickAttackL_Hit_N_Fwd_00_%_00_P0_100.xmot Right=TrollFist RightUseType=55 RightGroup=5->5 NativeResult=1 OBSERVE_NATIVE=1
CORE RAW55_QUICK_CALLBACK_BOUNDARY Actor=Troll C1=14 SameC1=1 Action=5->5 Phase=1->1 StateTime=0.059608->0.059608 StatePosition=0->0 MotionBefore=Troll_Stand_Fist_Fist_P0_QuickAttackL_Hit_N_Fwd_00_%_00_P0_100.xmot MotionAfter=Troll_Stand_Fist_Fist_P0_QuickAttackL_Hit_N_Fwd_00_%_00_P0_100.xmot Right=TrollFist RightUseType=55 RightGroup=5->5 NativeResult=1 OBSERVE_NATIVE=1
CORE RAW55_QUICK_CALLBACK_BOUNDARY Actor=Troll C1=14 SameC1=1 Action=5->5 Phase=1->1 StateTime=0.067942->0.067942 StatePosition=0->0 MotionBefore=Troll_Stand_Fist_Fist_P0_QuickAttackL_Hit_N_Fwd_00_%_00_P0_100.xmot MotionAfter=Troll_Stand_Fist_Fist_P0_QuickAttackL_Hit_N_Fwd_00_%_00_P0_100.xmot Right=TrollFist RightUseType=55 RightGroup=5->5 NativeResult=1 OBSERVE_NATIVE=1
CORE RAW55_QUICK_CALLBACK_BOUNDARY Actor=Troll C1=14 SameC1=1 Action=5->5 Phase=1->1 StateTime=0.076275->0.076275 StatePosition=0->0 MotionBefore=Troll_Stand_Fist_Fist_P0_QuickAttackL_Hit_N_Fwd_00_%_00_P0_100.xmot MotionAfter=Troll_Stand_Fist_Fist_P0_QuickAttackL_Hit_N_Fwd_00_%_00_P0_100.xmot Right=TrollFist RightUseType=55 RightGroup=5->5 NativeResult=1 OBSERVE_NATIVE=1
CORE RAW55_QUICK_CALLBACK_BOUNDARY Actor=Troll C1=14 SameC1=1 Action=5->5 Phase=1->1 StateTime=0.086231->0.086231 StatePosition=0->0 MotionBefore=Troll_Stand_Fist_Fist_P0_QuickAttackL_Hit_N_Fwd_00_%_00_P0_100.xmot MotionAfter=Troll_Stand_Fist_Fist_P0_QuickAttackL_Hit_N_Fwd_00_%_00_P0_100.xmot Right=TrollFist RightUseType=55 RightGroup=5->5 NativeResult=1 OBSERVE_NATIVE=1
CORE RAW55_QUICK_CALLBACK_BOUNDARY Actor=Troll C1=14 SameC1=1 Action=5->5 Phase=1->1 StateTime=0.094564->0.094564 StatePosition=0->0 MotionBefore=Troll_Stand_Fist_Fist_P0_QuickAttackL_Hit_N_Fwd_00_%_00_P0_100.xmot MotionAfter=Troll_Stand_Fist_Fist_P0_QuickAttackL_Hit_N_Fwd_00_%_00_P0_100.xmot Right=TrollFist RightUseType=55 RightGroup=5->5 NativeResult=1 OBSERVE_NATIVE=1
CORE RAW55_QUICK_GROUP_SUPPRESSION Actor=Troll C1=14 Right=TrollFist RightUseType=55 RequestedGroup=7 BeforeGroup=5 StatePosition=0 StateTime=0.102897 SUPPRESS_GROUP=1
CORE RAW55_QUICK_CALLBACK_BOUNDARY Actor=Troll C1=14 SameC1=1 Action=5->5 Phase=1->1 StateTime=0.102897->0.102897 StatePosition=0->1 MotionBefore=Troll_Stand_Fist_Fist_P0_QuickAttackL_Hit_N_Fwd_00_%_00_P0_100.xmot MotionAfter=Troll_Stand_Fist_Fist_P0_QuickAttackL_Hit_N_Fwd_00_%_00_P0_100.xmot Right=TrollFist RightUseType=55 RightGroup=5->5 NativeResult=1 OBSERVE_NATIVE=1
CORE RAW55_QUICK_CALLBACK_BOUNDARY Actor=Troll C1=14 SameC1=1 Action=5->5 Phase=1->1 StateTime=0.111231->0.111231 StatePosition=1->1 MotionBefore=Troll_Stand_Fist_Fist_P0_QuickAttackL_Hit_N_Fwd_00_%_00_P0_100.xmot MotionAfter=Troll_Stand_Fist_Fist_P0_QuickAttackL_Hit_N_Fwd_00_%_00_P0_100.xmot Right=TrollFist RightUseType=55 RightGroup=5->5 NativeResult=1 OBSERVE_NATIVE=1
CORE RAW55_QUICK_CALLBACK_BOUNDARY Actor=Troll C1=14 SameC1=1 Action=5->5 Phase=1->1 StateTime=0.120201->0.120201 StatePosition=1->1 MotionBefore=Troll_Stand_Fist_Fist_P0_QuickAttackL_Hit_N_Fwd_00_%_00_P0_100.xmot MotionAfter=Troll_Stand_Fist_Fist_P0_QuickAttackL_Hit_N_Fwd_00_%_00_P0_100.xmot Right=TrollFist RightUseType=55 RightGroup=5->5 NativeResult=1 OBSERVE_NATIVE=1
CORE RAW55_QUICK_CALLBACK_BOUNDARY Actor=Troll C1=14 SameC1=1 Action=5->5 Phase=1->1 StateTime=0.128535->0.128535 StatePosition=1->1 MotionBefore=Troll_Stand_Fist_Fist_P0_QuickAttackL_Hit_N_Fwd_00_%_00_P0_100.xmot MotionAfter=Troll_Stand_Fist_Fist_P0_QuickAttackL_Hit_N_Fwd_00_%_00_P0_100.xmot Right=TrollFist RightUseType=55 RightGroup=5->5 NativeResult=1 OBSERVE_NATIVE=1
CORE RAW55_QUICK_CALLBACK_BOUNDARY Actor=Troll C1=14 SameC1=1 Action=5->5 Phase=1->1 StateTime=0.137506->0.137506 StatePosition=1->1 MotionBefore=Troll_Stand_Fist_Fist_P0_QuickAttackL_Hit_N_Fwd_00_%_00_P0_100.xmot MotionAfter=Troll_Stand_Fist_Fist_P0_QuickAttackL_Hit_N_Fwd_00_%_00_P0_100.xmot Right=TrollFist RightUseType=55 RightGroup=5->5 NativeResult=1 OBSERVE_NATIVE=1
CORE RAW55_QUICK_CALLBACK_BOUNDARY Actor=Troll C1=14 SameC1=1 Action=5->5 Phase=1->1 StateTime=0.145839->0.145839 StatePosition=1->1 MotionBefore=Troll_Stand_Fist_Fist_P0_QuickAttackL_Hit_N_Fwd_00_%_00_P0_100.xmot MotionAfter=Troll_Stand_Fist_Fist_P0_QuickAttackL_Hit_N_Fwd_00_%_00_P0_100.xmot Right=TrollFist RightUseType=55 RightGroup=5->5 NativeResult=1 OBSERVE_NATIVE=1
CORE RAW55_QUICK_CALLBACK_BOUNDARY Actor=Troll C1=14 SameC1=1 Action=5->5 Phase=1->1 StateTime=0.154172->0.154172 StatePosition=1->1 MotionBefore=Troll_Stand_Fist_Fist_P0_QuickAttackL_Hit_N_Fwd_00_%_00_P0_100.xmot MotionAfter=Troll_Stand_Fist_Fist_P0_QuickAttackL_Hit_N_Fwd_00_%_00_P0_100.xmot Right=TrollFist RightUseType=55 RightGroup=5->5 NativeResult=1 OBSERVE_NATIVE=1
CORE RAW55_QUICK_CALLBACK_BOUNDARY Actor=Troll C1=14 SameC1=1 Action=5->5 Phase=1->1 StateTime=0.163143->0.163143 StatePosition=1->1 MotionBefore=Troll_Stand_Fist_Fist_P0_QuickAttackL_Hit_N_Fwd_00_%_00_P0_100.xmot MotionAfter=Troll_Stand_Fist_Fist_P0_QuickAttackL_Hit_N_Fwd_00_%_00_P0_100.xmot Right=TrollFist RightUseType=55 RightGroup=5->5 NativeResult=1 OBSERVE_NATIVE=1
CORE RAW55_QUICK_CALLBACK_BOUNDARY Actor=Troll C1=14 SameC1=1 Action=5->5 Phase=1->1 StateTime=0.171476->0.171476 StatePosition=1->1 MotionBefore=Troll_Stand_Fist_Fist_P0_QuickAttackL_Hit_N_Fwd_00_%_00_P0_100.xmot MotionAfter=Troll_Stand_Fist_Fist_P0_QuickAttackL_Hit_N_Fwd_00_%_00_P0_100.xmot Right=TrollFist RightUseType=55 RightGroup=5->5 NativeResult=1 OBSERVE_NATIVE=1
CORE RAW55_QUICK_CALLBACK_BOUNDARY Actor=Troll C1=14 SameC1=1 Action=5->5 Phase=1->1 StateTime=0.180447->0.180447 StatePosition=1->1 MotionBefore=Troll_Stand_Fist_Fist_P0_QuickAttackL_Hit_N_Fwd_00_%_00_P0_100.xmot MotionAfter=Troll_Stand_Fist_Fist_P0_QuickAttackL_Hit_N_Fwd_00_%_00_P0_100.xmot Right=TrollFist RightUseType=55 RightGroup=5->5 NativeResult=1 OBSERVE_NATIVE=1
CORE RAW55_QUICK_CALLBACK_BOUNDARY Actor=Troll C1=14 SameC1=1 Action=5->5 Phase=1->1 StateTime=0.188780->0.188780 StatePosition=1->1 MotionBefore=Troll_Stand_Fist_Fist_P0_QuickAttackL_Hit_N_Fwd_00_%_00_P0_100.xmot MotionAfter=Troll_Stand_Fist_Fist_P0_QuickAttackL_Hit_N_Fwd_00_%_00_P0_100.xmot Right=TrollFist RightUseType=55 RightGroup=5->5 NativeResult=1 OBSERVE_NATIVE=1
CORE RAW55_QUICK_CALLBACK_BOUNDARY Actor=Troll C1=14 SameC1=1 Action=5->5 Phase=1->1 StateTime=0.197114->0.197114 StatePosition=1->1 MotionBefore=Troll_Stand_Fist_Fist_P0_QuickAttackL_Hit_N_Fwd_00_%_00_P0_100.xmot MotionAfter=Troll_Stand_Fist_Fist_P0_QuickAttackL_Hit_N_Fwd_00_%_00_P0_100.xmot Right=TrollFist RightUseType=55 RightGroup=5->5 NativeResult=1 OBSERVE_NATIVE=1
CORE RAW55_QUICK_CALLBACK_BOUNDARY Actor=Troll C1=14 SameC1=1 Action=5->5 Phase=1->1 StateTime=0.206084->0.206084 StatePosition=1->1 MotionBefore=Troll_Stand_Fist_Fist_P0_QuickAttackL_Hit_N_Fwd_00_%_00_P0_100.xmot MotionAfter=Troll_Stand_Fist_Fist_P0_QuickAttackL_Hit_N_Fwd_00_%_00_P0_100.xmot Right=TrollFist RightUseType=55 RightGroup=5->5 NativeResult=1 OBSERVE_NATIVE=1
CORE RAW55_QUICK_CALLBACK_BOUNDARY Actor=Troll C1=14 SameC1=1 Action=5->5 Phase=1->1 StateTime=0.214418->0.214418 StatePosition=1->1 MotionBefore=Troll_Stand_Fist_Fist_P0_QuickAttackL_Hit_N_Fwd_00_%_00_P0_100.xmot MotionAfter=Troll_Stand_Fist_Fist_P0_QuickAttackL_Hit_N_Fwd_00_%_00_P0_100.xmot Right=TrollFist RightUseType=55 RightGroup=5->5 NativeResult=1 OBSERVE_NATIVE=1
CORE RAW55_QUICK_CALLBACK_BOUNDARY Actor=Troll C1=14 SameC1=1 Action=5->5 Phase=1->1 StateTime=0.224374->0.224374 StatePosition=1->1 MotionBefore=Troll_Stand_Fist_Fist_P0_QuickAttackL_Hit_N_Fwd_00_%_00_P0_100.xmot MotionAfter=Troll_Stand_Fist_Fist_P0_QuickAttackL_Hit_N_Fwd_00_%_00_P0_100.xmot Right=TrollFist RightUseType=55 RightGroup=5->5 NativeResult=1 OBSERVE_NATIVE=1
CORE RAW55_QUICK_CALLBACK_BOUNDARY Actor=Troll C1=14 SameC1=1 Action=5->5 Phase=1->1 StateTime=0.232707->0.232707 StatePosition=1->1 MotionBefore=Troll_Stand_Fist_Fist_P0_QuickAttackL_Hit_N_Fwd_00_%_00_P0_100.xmot MotionAfter=Troll_Stand_Fist_Fist_P0_QuickAttackL_Hit_N_Fwd_00_%_00_P0_100.xmot Right=TrollFist RightUseType=55 RightGroup=5->5 NativeResult=1 OBSERVE_NATIVE=1
CORE RAW55_QUICK_CALLBACK_BOUNDARY Actor=Troll C1=14 SameC1=1 Action=5->5 Phase=1->1 StateTime=0.241678->0.241678 StatePosition=1->1 MotionBefore=Troll_Stand_Fist_Fist_P0_QuickAttackL_Hit_N_Fwd_00_%_00_P0_100.xmot MotionAfter=Troll_Stand_Fist_Fist_P0_QuickAttackL_Hit_N_Fwd_00_%_00_P0_100.xmot Right=TrollFist RightUseType=55 RightGroup=5->5 NativeResult=1 OBSERVE_NATIVE=1
CORE RAW55_QUICK_CALLBACK_BOUNDARY Actor=Troll C1=14 SameC1=1 Action=5->5 Phase=1->1 StateTime=0.250011->0.250011 StatePosition=1->1 MotionBefore=Troll_Stand_Fist_Fist_P0_QuickAttackL_Hit_N_Fwd_00_%_00_P0_100.xmot MotionAfter=Troll_Stand_Fist_Fist_P0_QuickAttackL_Hit_N_Fwd_00_%_00_P0_100.xmot Right=TrollFist RightUseType=55 RightGroup=5->5 NativeResult=1 OBSERVE_NATIVE=1
CORE RAW55_QUICK_CALLBACK_BOUNDARY Actor=Troll C1=14 SameC1=1 Action=5->5 Phase=1->1 StateTime=0.258982->0.258982 StatePosition=1->1 MotionBefore=Troll_Stand_Fist_Fist_P0_QuickAttackL_Hit_N_Fwd_00_%_00_P0_100.xmot MotionAfter=Troll_Stand_Fist_Fist_P0_QuickAttackL_Hit_N_Fwd_00_%_00_P0_100.xmot Right=TrollFist RightUseType=55 RightGroup=5->5 NativeResult=1 OBSERVE_NATIVE=1
CORE RAW55_QUICK_CALLBACK_BOUNDARY Actor=Troll C1=14 SameC1=1 Action=5->5 Phase=1->1 StateTime=0.267316->0.267316 StatePosition=1->1 MotionBefore=Troll_Stand_Fist_Fist_P0_QuickAttackL_Hit_N_Fwd_00_%_00_P0_100.xmot MotionAfter=Troll_Stand_Fist_Fist_P0_QuickAttackL_Hit_N_Fwd_00_%_00_P0_100.xmot Right=TrollFist RightUseType=55 RightGroup=5->5 NativeResult=1 OBSERVE_NATIVE=1
CORE RAW55_QUICK_CALLBACK_BOUNDARY Actor=Troll C1=14 SameC1=1 Action=5->5 Phase=1->1 StateTime=0.276287->0.276287 StatePosition=1->1 MotionBefore=Troll_Stand_Fist_Fist_P0_QuickAttackL_Hit_N_Fwd_00_%_00_P0_100.xmot MotionAfter=Troll_Stand_Fist_Fist_P0_QuickAttackL_Hit_N_Fwd_00_%_00_P0_100.xmot Right=TrollFist RightUseType=55 RightGroup=5->5 NativeResult=1 OBSERVE_NATIVE=1
CORE RAW55_QUICK_CALLBACK_BOUNDARY Actor=Troll C1=14 SameC1=1 Action=5->5 Phase=1->1 StateTime=0.284620->0.284620 StatePosition=1->1 MotionBefore=Troll_Stand_Fist_Fist_P0_QuickAttackL_Hit_N_Fwd_00_%_00_P0_100.xmot MotionAfter=Troll_Stand_Fist_Fist_P0_QuickAttackL_Hit_N_Fwd_00_%_00_P0_100.xmot Right=TrollFist RightUseType=55 RightGroup=5->5 NativeResult=1 OBSERVE_NATIVE=1
CORE RAW55_QUICK_CALLBACK_BOUNDARY Actor=Troll C1=14 SameC1=1 Action=5->5 Phase=1->1 StateTime=0.293591->0.293591 StatePosition=1->1 MotionBefore=Troll_Stand_Fist_Fist_P0_QuickAttackL_Hit_N_Fwd_00_%_00_P0_100.xmot MotionAfter=Troll_Stand_Fist_Fist_P0_QuickAttackL_Hit_N_Fwd_00_%_00_P0_100.xmot Right=TrollFist RightUseType=55 RightGroup=5->5 NativeResult=1 OBSERVE_NATIVE=1
CORE RAW55_QUICK_CALLBACK_BOUNDARY Actor=Troll C1=14 SameC1=1 Action=5->5 Phase=1->1 StateTime=0.301924->0.301924 StatePosition=1->1 MotionBefore=Troll_Stand_Fist_Fist_P0_QuickAttackL_Hit_N_Fwd_00_%_00_P0_100.xmot MotionAfter=Troll_Stand_Fist_Fist_P0_QuickAttackL_Hit_N_Fwd_00_%_00_P0_100.xmot Right=TrollFist RightUseType=55 RightGroup=5->5 NativeResult=1 OBSERVE_NATIVE=1
CORE RAW55_QUICK_CALLBACK_BOUNDARY Actor=Troll C1=14 SameC1=1 Action=5->5 Phase=1->1 StateTime=0.310895->0.310895 StatePosition=1->1 MotionBefore=Troll_Stand_Fist_Fist_P0_QuickAttackL_Hit_N_Fwd_00_%_00_P0_100.xmot MotionAfter=Troll_Stand_Fist_Fist_P0_QuickAttackL_Hit_N_Fwd_00_%_00_P0_100.xmot Right=TrollFist RightUseType=55 RightGroup=5->5 NativeResult=1 OBSERVE_NATIVE=1
CORE RAW55_QUICK_CALLBACK_BOUNDARY Actor=Troll C1=14 SameC1=1 Action=5->5 Phase=1->1 StateTime=0.319228->0.319228 StatePosition=1->1 MotionBefore=Troll_Stand_Fist_Fist_P0_QuickAttackL_Hit_N_Fwd_00_%_00_P0_100.xmot MotionAfter=Troll_Stand_Fist_Fist_P0_QuickAttackL_Hit_N_Fwd_00_%_00_P0_100.xmot Right=TrollFist RightUseType=55 RightGroup=5->5 NativeResult=1 OBSERVE_NATIVE=1
CORE RAW55_QUICK_CALLBACK_BOUNDARY Actor=Troll C1=14 SameC1=1 Action=5->5 Phase=1->1 StateTime=0.327562->0.327562 StatePosition=1->1 MotionBefore=Troll_Stand_Fist_Fist_P0_QuickAttackL_Hit_N_Fwd_00_%_00_P0_100.xmot MotionAfter=Troll_Stand_Fist_Fist_P0_QuickAttackL_Hit_N_Fwd_00_%_00_P0_100.xmot Right=TrollFist RightUseType=55 RightGroup=5->5 NativeResult=1 OBSERVE_NATIVE=1
CORE RAW55_QUICK_CALLBACK_BOUNDARY Actor=Troll C1=14 SameC1=1 Action=5->5 Phase=1->1 StateTime=0.335895->0.335895 StatePosition=1->1 MotionBefore=Troll_Stand_Fist_Fist_P0_QuickAttackL_Hit_N_Fwd_00_%_00_P0_100.xmot MotionAfter=Troll_Stand_Fist_Fist_P0_QuickAttackL_Hit_N_Fwd_00_%_00_P0_100.xmot Right=TrollFist RightUseType=55 RightGroup=5->5 NativeResult=1 OBSERVE_NATIVE=1
CORE RAW55_QUICK_CALLBACK_BOUNDARY Actor=Troll C1=14 SameC1=1 Action=5->5 Phase=1->1 StateTime=0.344866->0.344866 StatePosition=1->1 MotionBefore=Troll_Stand_Fist_Fist_P0_QuickAttackL_Hit_N_Fwd_00_%_00_P0_100.xmot MotionAfter=Troll_Stand_Fist_Fist_P0_QuickAttackL_Hit_N_Fwd_00_%_00_P0_100.xmot Right=TrollFist RightUseType=55 RightGroup=5->5 NativeResult=1 OBSERVE_NATIVE=1
CORE RAW55_QUICK_CALLBACK_BOUNDARY Actor=Troll C1=14 SameC1=1 Action=5->5 Phase=1->1 StateTime=0.353199->0.353199 StatePosition=1->1 MotionBefore=Troll_Stand_Fist_Fist_P0_QuickAttackL_Hit_N_Fwd_00_%_00_P0_100.xmot MotionAfter=Troll_Stand_Fist_Fist_P0_QuickAttackL_Hit_N_Fwd_00_%_00_P0_100.xmot Right=TrollFist RightUseType=55 RightGroup=5->5 NativeResult=1 OBSERVE_NATIVE=1
CORE RAW55_QUICK_CALLBACK_BOUNDARY Actor=Troll C1=14 SameC1=1 Action=5->5 Phase=1->1 StateTime=0.361532->0.361532 StatePosition=1->1 MotionBefore=Troll_Stand_Fist_Fist_P0_QuickAttackL_Hit_N_Fwd_00_%_00_P0_100.xmot MotionAfter=Troll_Stand_Fist_Fist_P0_QuickAttackL_Hit_N_Fwd_00_%_00_P0_100.xmot Right=TrollFist RightUseType=55 RightGroup=5->5 NativeResult=1 OBSERVE_NATIVE=1
CORE RAW55_QUICK_CALLBACK_BOUNDARY Actor=Troll C1=14 SameC1=1 Action=5->5 Phase=1->1 StateTime=0.369866->0.369866 StatePosition=1->1 MotionBefore=Troll_Stand_Fist_Fist_P0_QuickAttackL_Hit_N_Fwd_00_%_00_P0_100.xmot MotionAfter=Troll_Stand_Fist_Fist_P0_QuickAttackL_Hit_N_Fwd_00_%_00_P0_100.xmot Right=TrollFist RightUseType=55 RightGroup=5->5 NativeResult=1 OBSERVE_NATIVE=1
CORE RAW55_QUICK_CALLBACK_BOUNDARY Actor=Troll C1=14 SameC1=1 Action=5->5 Phase=1->1 StateTime=0.379822->0.379822 StatePosition=1->1 MotionBefore=Troll_Stand_Fist_Fist_P0_QuickAttackL_Hit_N_Fwd_00_%_00_P0_100.xmot MotionAfter=Troll_Stand_Fist_Fist_P0_QuickAttackL_Hit_N_Fwd_00_%_00_P0_100.xmot Right=TrollFist RightUseType=55 RightGroup=5->5 NativeResult=1 OBSERVE_NATIVE=1
CORE RAW55_QUICK_CALLBACK_BOUNDARY Actor=Troll C1=14 SameC1=1 Action=5->5 Phase=1->1 StateTime=0.388155->0.388155 StatePosition=1->1 MotionBefore=Troll_Stand_Fist_Fist_P0_QuickAttackL_Hit_N_Fwd_00_%_00_P0_100.xmot MotionAfter=Troll_Stand_Fist_Fist_P0_QuickAttackL_Hit_N_Fwd_00_%_00_P0_100.xmot Right=TrollFist RightUseType=55 RightGroup=5->5 NativeResult=1 OBSERVE_NATIVE=1
CORE RAW55_QUICK_CALLBACK_BOUNDARY Actor=Troll C1=14 SameC1=1 Action=5->5 Phase=1->1 StateTime=0.396488->0.396488 StatePosition=1->1 MotionBefore=Troll_Stand_Fist_Fist_P0_QuickAttackL_Hit_N_Fwd_00_%_00_P0_100.xmot MotionAfter=Troll_Stand_Fist_Fist_P0_QuickAttackL_Hit_N_Fwd_00_%_00_P0_100.xmot Right=TrollFist RightUseType=55 RightGroup=5->5 NativeResult=1 OBSERVE_NATIVE=1
CORE RAW55_QUICK_CALLBACK_BOUNDARY Actor=Troll C1=14 SameC1=1 Action=5->5 Phase=1->1 StateTime=0.404822->0.404822 StatePosition=1->1 MotionBefore=Troll_Stand_Fist_Fist_P0_QuickAttackL_Hit_N_Fwd_00_%_00_P0_100.xmot MotionAfter=Troll_Stand_Fist_Fist_P0_QuickAttackL_Hit_N_Fwd_00_%_00_P0_100.xmot Right=TrollFist RightUseType=55 RightGroup=5->5 NativeResult=1 OBSERVE_NATIVE=1
CORE RAW55_QUICK_CALLBACK_BOUNDARY Actor=Troll C1=14 SameC1=1 Action=5->5 Phase=1->1 StateTime=0.413155->0.413155 StatePosition=1->1 MotionBefore=Troll_Stand_Fist_Fist_P0_QuickAttackL_Hit_N_Fwd_00_%_00_P0_100.xmot MotionAfter=Troll_Stand_Fist_Fist_P0_QuickAttackL_Hit_N_Fwd_00_%_00_P0_100.xmot Right=TrollFist RightUseType=55 RightGroup=5->5 NativeResult=1 OBSERVE_NATIVE=1
CORE RAW55_QUICK_CALLBACK_BOUNDARY Actor=Troll C1=14 SameC1=1 Action=5->5 Phase=1->1 StateTime=0.425067->0.425067 StatePosition=1->1 MotionBefore=Troll_Stand_Fist_Fist_P0_QuickAttackL_Hit_N_Fwd_00_%_00_P0_100.xmot MotionAfter=Troll_Stand_Fist_Fist_P0_QuickAttackL_Hit_N_Fwd_00_%_00_P0_100.xmot Right=TrollFist RightUseType=55 RightGroup=5->5 NativeResult=1 OBSERVE_NATIVE=1
CORE RAW55_QUICK_CALLBACK_BOUNDARY Actor=Troll C1=14 SameC1=1 Action=5->5 Phase=1->1 StateTime=0.433400->0.433400 StatePosition=1->1 MotionBefore=Troll_Stand_Fist_Fist_P0_QuickAttackL_Hit_N_Fwd_00_%_00_P0_100.xmot MotionAfter=Troll_Stand_Fist_Fist_P0_QuickAttackL_Hit_N_Fwd_00_%_00_P0_100.xmot Right=TrollFist RightUseType=55 RightGroup=5->5 NativeResult=1 OBSERVE_NATIVE=1
CORE RAW55_QUICK_CALLBACK_BOUNDARY Actor=Troll C1=14 SameC1=1 Action=5->5 Phase=1->1 StateTime=0.441733->0.441733 StatePosition=1->1 MotionBefore=Troll_Stand_Fist_Fist_P0_QuickAttackL_Hit_N_Fwd_00_%_00_P0_100.xmot MotionAfter=Troll_Stand_Fist_Fist_P0_QuickAttackL_Hit_N_Fwd_00_%_00_P0_100.xmot Right=TrollFist RightUseType=55 RightGroup=5->5 NativeResult=1 OBSERVE_NATIVE=1
CORE RAW55_QUICK_CALLBACK_BOUNDARY Actor=Troll C1=14 SameC1=1 Action=5->5 Phase=1->1 StateTime=0.450067->0.450067 StatePosition=1->1 MotionBefore=Troll_Stand_Fist_Fist_P0_QuickAttackL_Hit_N_Fwd_00_%_00_P0_100.xmot MotionAfter=Troll_Stand_Fist_Fist_P0_QuickAttackL_Hit_N_Fwd_00_%_00_P0_100.xmot Right=TrollFist RightUseType=55 RightGroup=5->5 NativeResult=1 OBSERVE_NATIVE=1
CORE RAW55_QUICK_CALLBACK_BOUNDARY Actor=Troll C1=14 SameC1=1 Action=5->5 Phase=1->1 StateTime=0.460023->0.460023 StatePosition=1->1 MotionBefore=Troll_Stand_Fist_Fist_P0_QuickAttackL_Hit_N_Fwd_00_%_00_P0_100.xmot MotionAfter=Troll_Stand_Fist_Fist_P0_QuickAttackL_Hit_N_Fwd_00_%_00_P0_100.xmot Right=TrollFist RightUseType=55 RightGroup=5->5 NativeResult=1 OBSERVE_NATIVE=1
CORE RAW55_QUICK_CALLBACK_BOUNDARY Actor=Troll C1=14 SameC1=1 Action=5->5 Phase=1->1 StateTime=0.468356->0.468356 StatePosition=1->1 MotionBefore=Troll_Stand_Fist_Fist_P0_QuickAttackL_Hit_N_Fwd_00_%_00_P0_100.xmot MotionAfter=Troll_Stand_Fist_Fist_P0_QuickAttackL_Hit_N_Fwd_00_%_00_P0_100.xmot Right=TrollFist RightUseType=55 RightGroup=5->5 NativeResult=1 OBSERVE_NATIVE=1
CORE RAW55_QUICK_CALLBACK_BOUNDARY Actor=Troll C1=14 SameC1=1 Action=5->5 Phase=1->1 StateTime=0.476689->0.476689 StatePosition=1->1 MotionBefore=Troll_Stand_Fist_Fist_P0_QuickAttackL_Hit_N_Fwd_00_%_00_P0_100.xmot MotionAfter=Troll_Stand_Fist_Fist_P0_QuickAttackL_Hit_N_Fwd_00_%_00_P0_100.xmot Right=TrollFist RightUseType=55 RightGroup=5->5 NativeResult=1 OBSERVE_NATIVE=1
===== CORE MARKER ANOMALY / DISCOVERY =====
ElapsedMs: 43233.887
Actor: Troll
Action: 5
Family: QUICK
AniPhase: 1
StatePosition: 1
CurrentMovementAni: Troll_Stand_Fist_Fist_P0_QuickAttackL_Hit_N_Fwd_00_%_00_P0_100.xmot
MarkerName: G3AB_COL_FIST
MarkerOpcode: FIST
Result: UNSUPPORTED_MISSING_SOURCE
C1GenerationValid: 1
C1Generation: 14
RequiredSourceMask: 0
MissingSourceMask: 0
RightSourceSlot: RIGHT
RightSourceName: TrollFist
RightSourceUseType: 55
RightSourceCollisionGroup: 5
LeftSourceSlot: LEFT
LeftSourceName: TrollFist
LeftSourceUseType: 55
LeftSourceCollisionGroup: 5
Raw8FistSourceName: <none>
Raw8FistSourceUseType: -1
Raw8FistSourceCollisionGroup: -1
===========================================

CORE COLLISION_GROUP ElapsedMs=43233.924 Source=TrollFist UseType=55 Owner=Troll Slot=RIGHT Requested=7 Before=5 After=7 MarkerBitsRetired=0
CORE C1 OFFENSE REQUEST ElapsedMs=43233.933 Actor=Troll Generation=14 Status=PERSISTED Source=TrollFist Side=RIGHT Requests=1 Outstanding=1 CleanupObserved=0 Group=7
CORE RAW55_QUICK_FIST_REARM_PROBE Actor=Troll C1=14 Action=5 StatePosition=1 StateTime=0.485023 Right=TrollFist RightUseType=55 GroupBefore=5 RequestedGroup=7 GroupAfter=7 EarlySuppressionProof=1 ClearTriggeredList=1 REARM_PROBE=1
CORE RAW55_QUICK_CALLBACK_BOUNDARY Actor=Troll C1=14 SameC1=1 Action=5->5 Phase=1->1 StateTime=0.485023->0.485023 StatePosition=1->1 MotionBefore=Troll_Stand_Fist_Fist_P0_QuickAttackL_Hit_N_Fwd_00_%_00_P0_100.xmot MotionAfter=Troll_Stand_Fist_Fist_P0_QuickAttackL_Hit_N_Fwd_00_%_00_P0_100.xmot Right=TrollFist RightUseType=55 RightGroup=7->7 NativeResult=1 OBSERVE_NATIVE=1
CORE RAW55_QUICK_CALLBACK_BOUNDARY Actor=Troll C1=14 SameC1=1 Action=5->5 Phase=1->1 StateTime=0.494978->0.494978 StatePosition=1->1 MotionBefore=Troll_Stand_Fist_Fist_P0_QuickAttackL_Hit_N_Fwd_00_%_00_P0_100.xmot MotionAfter=Troll_Stand_Fist_Fist_P0_QuickAttackL_Hit_N_Fwd_00_%_00_P0_100.xmot Right=TrollFist RightUseType=55 RightGroup=7->7 NativeResult=1 OBSERVE_NATIVE=1
CORE RAW55_QUICK_CALLBACK_BOUNDARY Actor=Troll C1=14 SameC1=1 Action=5->5 Phase=1->1 StateTime=0.504978->0.504978 StatePosition=1->1 MotionBefore=Troll_Stand_Fist_Fist_P0_QuickAttackL_Hit_N_Fwd_00_%_00_P0_100.xmot MotionAfter=Troll_Stand_Fist_Fist_P0_QuickAttackL_Hit_N_Fwd_00_%_00_P0_100.xmot Right=TrollFist RightUseType=55 RightGroup=7->7 NativeResult=1 OBSERVE_NATIVE=1
CORE RAW55_QUICK_CALLBACK_BOUNDARY Actor=Troll C1=14 SameC1=1 Action=5->5 Phase=1->1 StateTime=0.513311->0.513311 StatePosition=1->1 MotionBefore=Troll_Stand_Fist_Fist_P0_QuickAttackL_Hit_N_Fwd_00_%_00_P0_100.xmot MotionAfter=Troll_Stand_Fist_Fist_P0_QuickAttackL_Hit_N_Fwd_00_%_00_P0_100.xmot Right=TrollFist RightUseType=55 RightGroup=7->7 NativeResult=1 OBSERVE_NATIVE=1
CORE RAW55_QUICK_CALLBACK_BOUNDARY Actor=Troll C1=14 SameC1=1 Action=5->5 Phase=1->1 StateTime=0.521645->0.521645 StatePosition=1->1 MotionBefore=Troll_Stand_Fist_Fist_P0_QuickAttackL_Hit_N_Fwd_00_%_00_P0_100.xmot MotionAfter=Troll_Stand_Fist_Fist_P0_QuickAttackL_Hit_N_Fwd_00_%_00_P0_100.xmot Right=TrollFist RightUseType=55 RightGroup=7->7 NativeResult=1 OBSERVE_NATIVE=1
CORE RAW55_QUICK_CALLBACK_BOUNDARY Actor=Troll C1=14 SameC1=1 Action=5->5 Phase=1->1 StateTime=0.530630->0.530630 StatePosition=1->1 MotionBefore=Troll_Stand_Fist_Fist_P0_QuickAttackL_Hit_N_Fwd_00_%_00_P0_100.xmot MotionAfter=Troll_Stand_Fist_Fist_P0_QuickAttackL_Hit_N_Fwd_00_%_00_P0_100.xmot Right=TrollFist RightUseType=55 RightGroup=7->7 NativeResult=1 OBSERVE_NATIVE=1
CORE RAW55_QUICK_CALLBACK_BOUNDARY Actor=Troll C1=14 SameC1=1 Action=5->5 Phase=1->1 StateTime=0.538963->0.538963 StatePosition=1->1 MotionBefore=Troll_Stand_Fist_Fist_P0_QuickAttackL_Hit_N_Fwd_00_%_00_P0_100.xmot MotionAfter=Troll_Stand_Fist_Fist_P0_QuickAttackL_Hit_N_Fwd_00_%_00_P0_100.xmot Right=TrollFist RightUseType=55 RightGroup=7->7 NativeResult=1 OBSERVE_NATIVE=1
CORE RAW55_QUICK_CALLBACK_BOUNDARY Actor=Troll C1=14 SameC1=1 Action=5->5 Phase=1->1 StateTime=0.547934->0.547934 StatePosition=1->1 MotionBefore=Troll_Stand_Fist_Fist_P0_QuickAttackL_Hit_N_Fwd_00_%_00_P0_100.xmot MotionAfter=Troll_Stand_Fist_Fist_P0_QuickAttackL_Hit_N_Fwd_00_%_00_P0_100.xmot Right=TrollFist RightUseType=55 RightGroup=7->7 NativeResult=1 OBSERVE_NATIVE=1
CORE RAW55_QUICK_CALLBACK_BOUNDARY Actor=Troll C1=14 SameC1=1 Action=5->5 Phase=1->1 StateTime=0.556267->0.556267 StatePosition=1->1 MotionBefore=Troll_Stand_Fist_Fist_P0_QuickAttackL_Hit_N_Fwd_00_%_00_P0_100.xmot MotionAfter=Troll_Stand_Fist_Fist_P0_QuickAttackL_Hit_N_Fwd_00_%_00_P0_100.xmot Right=TrollFist RightUseType=55 RightGroup=7->7 NativeResult=1 OBSERVE_NATIVE=1
CORE RAW55_QUICK_CALLBACK_BOUNDARY Actor=Troll C1=14 SameC1=1 Action=5->5 Phase=1->1 StateTime=0.564600->0.564600 StatePosition=1->1 MotionBefore=Troll_Stand_Fist_Fist_P0_QuickAttackL_Hit_N_Fwd_00_%_00_P0_100.xmot MotionAfter=Troll_Stand_Fist_Fist_P0_QuickAttackL_Hit_N_Fwd_00_%_00_P0_100.xmot Right=TrollFist RightUseType=55 RightGroup=7->7 NativeResult=1 OBSERVE_NATIVE=1
CORE RAW55_QUICK_CALLBACK_BOUNDARY Actor=Troll C1=14 SameC1=1 Action=5->5 Phase=1->1 StateTime=0.572934->0.572934 StatePosition=1->1 MotionBefore=Troll_Stand_Fist_Fist_P0_QuickAttackL_Hit_N_Fwd_00_%_00_P0_100.xmot MotionAfter=Troll_Stand_Fist_Fist_P0_QuickAttackL_Hit_N_Fwd_00_%_00_P0_100.xmot Right=TrollFist RightUseType=55 RightGroup=7->7 NativeResult=1 OBSERVE_NATIVE=1
CORE RAW55_QUICK_CALLBACK_BOUNDARY Actor=Troll C1=14 SameC1=1 Action=5->5 Phase=1->1 StateTime=0.581904->0.581904 StatePosition=1->1 MotionBefore=Troll_Stand_Fist_Fist_P0_QuickAttackL_Hit_N_Fwd_00_%_00_P0_100.xmot MotionAfter=Troll_Stand_Fist_Fist_P0_QuickAttackL_Hit_N_Fwd_00_%_00_P0_100.xmot Right=TrollFist RightUseType=55 RightGroup=7->7 NativeResult=1 OBSERVE_NATIVE=1
CORE RAW55_QUICK_CALLBACK_BOUNDARY Actor=Troll C1=14 SameC1=1 Action=5->5 Phase=1->1 StateTime=0.590238->0.590238 StatePosition=1->1 MotionBefore=Troll_Stand_Fist_Fist_P0_QuickAttackL_Hit_N_Fwd_00_%_00_P0_100.xmot MotionAfter=Troll_Stand_Fist_Fist_P0_QuickAttackL_Hit_N_Fwd_00_%_00_P0_100.xmot Right=TrollFist RightUseType=55 RightGroup=7->7 NativeResult=1 OBSERVE_NATIVE=1
CORE RAW55_QUICK_CALLBACK_BOUNDARY Actor=Troll C1=14 SameC1=1 Action=5->5 Phase=1->1 StateTime=0.599208->0.599208 StatePosition=1->1 MotionBefore=Troll_Stand_Fist_Fist_P0_QuickAttackL_Hit_N_Fwd_00_%_00_P0_100.xmot MotionAfter=Troll_Stand_Fist_Fist_P0_QuickAttackL_Hit_N_Fwd_00_%_00_P0_100.xmot Right=TrollFist RightUseType=55 RightGroup=7->7 NativeResult=1 OBSERVE_NATIVE=1
CORE RAW55_QUICK_CALLBACK_BOUNDARY Actor=Troll C1=14 SameC1=1 Action=5->5 Phase=1->1 StateTime=0.607542->0.607542 StatePosition=1->1 MotionBefore=Troll_Stand_Fist_Fist_P0_QuickAttackL_Hit_N_Fwd_00_%_00_P0_100.xmot MotionAfter=Troll_Stand_Fist_Fist_P0_QuickAttackL_Hit_N_Fwd_00_%_00_P0_100.xmot Right=TrollFist RightUseType=55 RightGroup=7->7 NativeResult=1 OBSERVE_NATIVE=1
CORE RAW55_QUICK_CALLBACK_BOUNDARY Actor=Troll C1=14 SameC1=1 Action=5->5 Phase=1->1 StateTime=0.616513->0.616513 StatePosition=1->1 MotionBefore=Troll_Stand_Fist_Fist_P0_QuickAttackL_Hit_N_Fwd_00_%_00_P0_100.xmot MotionAfter=Troll_Stand_Fist_Fist_P0_QuickAttackL_Hit_N_Fwd_00_%_00_P0_100.xmot Right=TrollFist RightUseType=55 RightGroup=7->7 NativeResult=1 OBSERVE_NATIVE=1
CORE RAW55_QUICK_CALLBACK_BOUNDARY Actor=Troll C1=14 SameC1=1 Action=5->5 Phase=1->1 StateTime=0.624846->0.624846 StatePosition=1->1 MotionBefore=Troll_Stand_Fist_Fist_P0_QuickAttackL_Hit_N_Fwd_00_%_00_P0_100.xmot MotionAfter=Troll_Stand_Fist_Fist_P0_QuickAttackL_Hit_N_Fwd_00_%_00_P0_100.xmot Right=TrollFist RightUseType=55 RightGroup=7->7 NativeResult=1 OBSERVE_NATIVE=1
CORE RAW55_QUICK_CALLBACK_BOUNDARY Actor=Troll C1=14 SameC1=1 Action=5->5 Phase=1->1 StateTime=0.633179->0.633179 StatePosition=1->1 MotionBefore=Troll_Stand_Fist_Fist_P0_QuickAttackL_Hit_N_Fwd_00_%_00_P0_100.xmot MotionAfter=Troll_Stand_Fist_Fist_P0_QuickAttackL_Hit_N_Fwd_00_%_00_P0_100.xmot Right=TrollFist RightUseType=55 RightGroup=7->7 NativeResult=1 OBSERVE_NATIVE=1
CORE RAW55_QUICK_CALLBACK_BOUNDARY Actor=Troll C1=14 SameC1=1 Action=5->5 Phase=1->1 StateTime=0.641512->0.641512 StatePosition=1->1 MotionBefore=Troll_Stand_Fist_Fist_P0_QuickAttackL_Hit_N_Fwd_00_%_00_P0_100.xmot MotionAfter=Troll_Stand_Fist_Fist_P0_QuickAttackL_Hit_N_Fwd_00_%_00_P0_100.xmot Right=TrollFist RightUseType=55 RightGroup=7->7 NativeResult=1 OBSERVE_NATIVE=1
CORE RAW55_QUICK_CALLBACK_BOUNDARY Actor=Troll C1=14 SameC1=1 Action=5->5 Phase=1->1 StateTime=0.649846->0.649846 StatePosition=1->1 MotionBefore=Troll_Stand_Fist_Fist_P0_QuickAttackL_Hit_N_Fwd_00_%_00_P0_100.xmot MotionAfter=Troll_Stand_Fist_Fist_P0_QuickAttackL_Hit_N_Fwd_00_%_00_P0_100.xmot Right=TrollFist RightUseType=55 RightGroup=7->7 NativeResult=1 OBSERVE_NATIVE=1
CORE RAW55_QUICK_CALLBACK_BOUNDARY Actor=Troll C1=14 SameC1=1 Action=5->5 Phase=1->1 StateTime=0.658179->0.658179 StatePosition=1->1 MotionBefore=Troll_Stand_Fist_Fist_P0_QuickAttackL_Hit_N_Fwd_00_%_00_P0_100.xmot MotionAfter=Troll_Stand_Fist_Fist_P0_QuickAttackL_Hit_N_Fwd_00_%_00_P0_100.xmot Right=TrollFist RightUseType=55 RightGroup=7->7 NativeResult=1 OBSERVE_NATIVE=1
CORE RAW55_QUICK_CALLBACK_BOUNDARY Actor=Troll C1=14 SameC1=1 Action=5->5 Phase=1->1 StateTime=0.666512->0.666512 StatePosition=1->1 MotionBefore=Troll_Stand_Fist_Fist_P0_QuickAttackL_Hit_N_Fwd_00_%_00_P0_100.xmot MotionAfter=Troll_Stand_Fist_Fist_P0_QuickAttackL_Hit_N_Fwd_00_%_00_P0_100.xmot Right=TrollFist RightUseType=55 RightGroup=7->7 NativeResult=1 OBSERVE_NATIVE=1
CORE RAW55_QUICK_CALLBACK_BOUNDARY Actor=Troll C1=14 SameC1=1 Action=5->5 Phase=1->1 StateTime=0.675483->0.675483 StatePosition=1->1 MotionBefore=Troll_Stand_Fist_Fist_P0_QuickAttackL_Hit_N_Fwd_00_%_00_P0_100.xmot MotionAfter=Troll_Stand_Fist_Fist_P0_QuickAttackL_Hit_N_Fwd_00_%_00_P0_100.xmot Right=TrollFist RightUseType=55 RightGroup=7->7 NativeResult=1 OBSERVE_NATIVE=1
CORE RAW55_QUICK_CALLBACK_BOUNDARY Actor=Troll C1=14 SameC1=1 Action=5->5 Phase=1->1 StateTime=0.683816->0.683816 StatePosition=1->1 MotionBefore=Troll_Stand_Fist_Fist_P0_QuickAttackL_Hit_N_Fwd_00_%_00_P0_100.xmot MotionAfter=Troll_Stand_Fist_Fist_P0_QuickAttackL_Hit_N_Fwd_00_%_00_P0_100.xmot Right=TrollFist RightUseType=55 RightGroup=7->7 NativeResult=1 OBSERVE_NATIVE=1
CORE RAW55_QUICK_CALLBACK_BOUNDARY Actor=Troll C1=14 SameC1=1 Action=5->5 Phase=1->1 StateTime=0.692787->0.692787 StatePosition=1->1 MotionBefore=Troll_Stand_Fist_Fist_P0_QuickAttackL_Hit_N_Fwd_00_%_00_P0_100.xmot MotionAfter=Troll_Stand_Fist_Fist_P0_QuickAttackL_Hit_N_Fwd_00_%_00_P0_100.xmot Right=TrollFist RightUseType=55 RightGroup=7->7 NativeResult=1 OBSERVE_NATIVE=1
CORE RAW55_QUICK_CALLBACK_BOUNDARY Actor=Troll C1=14 SameC1=1 Action=5->5 Phase=1->1 StateTime=0.701787->0.701787 StatePosition=1->1 MotionBefore=Troll_Stand_Fist_Fist_P0_QuickAttackL_Hit_N_Fwd_00_%_00_P0_100.xmot MotionAfter=Troll_Stand_Fist_Fist_P0_QuickAttackL_Hit_N_Fwd_00_%_00_P0_100.xmot Right=TrollFist RightUseType=55 RightGroup=7->7 NativeResult=1 OBSERVE_NATIVE=1
CORE RAW55_QUICK_CALLBACK_BOUNDARY Actor=Troll C1=14 SameC1=1 Action=5->5 Phase=1->1 StateTime=0.710787->0.710787 StatePosition=1->1 MotionBefore=Troll_Stand_Fist_Fist_P0_QuickAttackL_Hit_N_Fwd_00_%_00_P0_100.xmot MotionAfter=Troll_Stand_Fist_Fist_P0_QuickAttackL_Hit_N_Fwd_00_%_00_P0_100.xmot Right=TrollFist RightUseType=55 RightGroup=7->7 NativeResult=1 OBSERVE_NATIVE=1
CORE RAW55_QUICK_CALLBACK_BOUNDARY Actor=Troll C1=14 SameC1=1 Action=5->5 Phase=1->1 StateTime=0.719120->0.719120 StatePosition=1->1 MotionBefore=Troll_Stand_Fist_Fist_P0_QuickAttackL_Hit_N_Fwd_00_%_00_P0_100.xmot MotionAfter=Troll_Stand_Fist_Fist_P0_QuickAttackL_Hit_N_Fwd_00_%_00_P0_100.xmot Right=TrollFist RightUseType=55 RightGroup=7->7 NativeResult=1 OBSERVE_NATIVE=1
CORE ONDAMAGE ElapsedMs=43462.309 Ordinal=4 Target=PC_Hero Arg1=PC_Hero Arg2=PC_Hero Caller=Game.dll+0x00069484 PlayerAction=0 PlayerPhase=5 PlayerMotion=Hero_Stand_None_None_P0_Ambient_Loop_N_Fwd_02_%_00_P0_0.xmot Raw8Fist=<none> Raw8UseType=-1 Raw8Group=-1
CORE RAW55_QUICK_CALLBACK_BOUNDARY Actor=Troll C1=14 SameC1=1 Action=5->5 Phase=1->1 StateTime=0.728091->0.728091 StatePosition=1->1 MotionBefore=Troll_Stand_Fist_Fist_P0_QuickAttackL_Hit_N_Fwd_00_%_00_P0_100.xmot MotionAfter=Troll_Stand_Fist_Fist_P0_QuickAttackL_Hit_N_Fwd_00_%_00_P0_100.xmot Right=TrollFist RightUseType=55 RightGroup=7->7 NativeResult=1 OBSERVE_NATIVE=1
CORE C1_START ElapsedMs=43471.953 Actor=PC_Hero Generation=15 Status=CANDIDATE Outstanding=0 TrackedSources=0 ReplacedGeneration=0 ReplacedOutstanding=0
CORE C1_BIND ElapsedMs=43471.962 Event=COMBAT_MOVE_CANDIDATE_BOUND Actor=PC_Hero Generation=15 Status=CANDIDATE Outstanding=0 Source=<null> Script=_AI_Stumble
CORE C1_STATUS ElapsedMs=43472.016 Event=PERSISTED Actor=PC_Hero Generation=15 Status=PERSISTED Outstanding=0
CORE RAW55_QUICK_CALLBACK_BOUNDARY Actor=Troll C1=14 SameC1=1 Action=5->5 Phase=1->1 StateTime=0.736424->0.736424 StatePosition=1->1 MotionBefore=Troll_Stand_Fist_Fist_P0_QuickAttackL_Hit_N_Fwd_00_%_00_P0_100.xmot MotionAfter=Troll_Stand_Fist_Fist_P0_QuickAttackL_Hit_N_Fwd_00_%_00_P0_100.xmot Right=TrollFist RightUseType=55 RightGroup=7->7 NativeResult=1 OBSERVE_NATIVE=1
CORE RAW55_QUICK_CALLBACK_BOUNDARY Actor=Troll C1=14 SameC1=1 Action=5->5 Phase=1->1 StateTime=0.745410->0.745410 StatePosition=1->1 MotionBefore=Troll_Stand_Fist_Fist_P0_QuickAttackL_Hit_N_Fwd_00_%_00_P0_100.xmot MotionAfter=Troll_Stand_Fist_Fist_P0_QuickAttackL_Hit_N_Fwd_00_%_00_P0_100.xmot Right=TrollFist RightUseType=55 RightGroup=7->7 NativeResult=1 OBSERVE_NATIVE=1
CORE RAW55_QUICK_CALLBACK_BOUNDARY Actor=Troll C1=14 SameC1=1 Action=5->5 Phase=1->1 StateTime=0.753743->0.753743 StatePosition=1->1 MotionBefore=Troll_Stand_Fist_Fist_P0_QuickAttackL_Hit_N_Fwd_00_%_00_P0_100.xmot MotionAfter=Troll_Stand_Fist_Fist_P0_QuickAttackL_Hit_N_Fwd_00_%_00_P0_100.xmot Right=TrollFist RightUseType=55 RightGroup=7->7 NativeResult=1 OBSERVE_NATIVE=1
CORE RAW55_QUICK_CALLBACK_BOUNDARY Actor=Troll C1=14 SameC1=1 Action=5->5 Phase=1->1 StateTime=0.762714->0.762714 StatePosition=1->1 MotionBefore=Troll_Stand_Fist_Fist_P0_QuickAttackL_Hit_N_Fwd_00_%_00_P0_100.xmot MotionAfter=Troll_Stand_Fist_Fist_P0_QuickAttackL_Hit_N_Fwd_00_%_00_P0_100.xmot Right=TrollFist RightUseType=55 RightGroup=7->7 NativeResult=1 OBSERVE_NATIVE=1
CORE RAW55_QUICK_CALLBACK_BOUNDARY Actor=Troll C1=14 SameC1=1 Action=5->5 Phase=1->1 StateTime=0.771047->0.771047 StatePosition=1->1 MotionBefore=Troll_Stand_Fist_Fist_P0_QuickAttackL_Hit_N_Fwd_00_%_00_P0_100.xmot MotionAfter=Troll_Stand_Fist_Fist_P0_QuickAttackL_Hit_N_Fwd_00_%_00_P0_100.xmot Right=TrollFist RightUseType=55 RightGroup=7->7 NativeResult=1 OBSERVE_NATIVE=1
CORE RAW55_QUICK_CALLBACK_BOUNDARY Actor=Troll C1=14 SameC1=1 Action=5->5 Phase=1->1 StateTime=0.780018->0.780018 StatePosition=1->1 MotionBefore=Troll_Stand_Fist_Fist_P0_QuickAttackL_Hit_N_Fwd_00_%_00_P0_100.xmot MotionAfter=Troll_Stand_Fist_Fist_P0_QuickAttackL_Hit_N_Fwd_00_%_00_P0_100.xmot Right=TrollFist RightUseType=55 RightGroup=7->7 NativeResult=1 OBSERVE_NATIVE=1
CORE RAW55_QUICK_CALLBACK_BOUNDARY Actor=Troll C1=14 SameC1=1 Action=5->5 Phase=1->1 StateTime=0.788351->0.788351 StatePosition=1->1 MotionBefore=Troll_Stand_Fist_Fist_P0_QuickAttackL_Hit_N_Fwd_00_%_00_P0_100.xmot MotionAfter=Troll_Stand_Fist_Fist_P0_QuickAttackL_Hit_N_Fwd_00_%_00_P0_100.xmot Right=TrollFist RightUseType=55 RightGroup=7->7 NativeResult=1 OBSERVE_NATIVE=1
CORE RAW55_QUICK_CALLBACK_BOUNDARY Actor=Troll C1=14 SameC1=1 Action=5->5 Phase=1->1 StateTime=0.797337->0.797337 StatePosition=1->1 MotionBefore=Troll_Stand_Fist_Fist_P0_QuickAttackL_Hit_N_Fwd_00_%_00_P0_100.xmot MotionAfter=Troll_Stand_Fist_Fist_P0_QuickAttackL_Hit_N_Fwd_00_%_00_P0_100.xmot Right=TrollFist RightUseType=55 RightGroup=7->7 NativeResult=1 OBSERVE_NATIVE=1
CORE COLLISION_GROUP ElapsedMs=43541.323 Source=TrollFist UseType=55 Owner=Troll Slot=RIGHT Requested=5 Before=7 After=5 MarkerBitsRetired=0
CORE C1 CLEANUP FULFILLED ElapsedMs=43541.353 Actor=Troll Generation=14 Status=PERSISTED Source=TrollFist Side=RIGHT Requests=1 Outstanding=0 CleanupObserved=1 Group=5
CORE C1_FINAL ElapsedMs=43635.128 Actor=Troll Generation=14 Status=PERSISTED SourceCount=2 PhysicalChanged=0 Source[0]=TrollFist Side=RIGHT Outstanding=0 Cleanup=1 Outcome=NO_OP_NO_OUTSTANDING Source[1]=TrollFist Side=LEFT Outstanding=0 Cleanup=0 Outcome=NO_OP_NO_OUTSTANDING
CORE C1_FINAL ElapsedMs=43764.832 Actor=PC_Hero Generation=15 Status=PERSISTED SourceCount=0 PhysicalChanged=0
CORE C1_START ElapsedMs=44848.622 Actor=Troll Generation=16 Status=CANDIDATE Outstanding=0 TrackedSources=2 ReplacedGeneration=0 ReplacedOutstanding=0 Source[0]=TrollFist Side=RIGHT Group=5 Source[1]=TrollFist Side=LEFT Group=5
CORE C1_BIND ElapsedMs=44848.635 Event=COMBAT_MOVE_CANDIDATE_BOUND Actor=Troll Generation=16 Status=CANDIDATE Outstanding=0 Source=<null> Script=_AI_QuickAttack
CORE C1_STATUS ElapsedMs=44848.699 Event=PERSISTED Actor=Troll Generation=16 Status=PERSISTED Outstanding=0
CORE ATTACK_OWNERSHIP ElapsedMs=44848.716 Actor=Troll Family=QUICK Action=4 Phase=1 Motion=Troll_Stand_Fist_Fist_P0_QuickAttackR_Hit_N_Fwd_00_%_00_P0_100.xmot MarkerPresent=1 RequiredMask=0 FistMarkers=1 Raw8Fist=<none> Raw8UseType=-1 SuppressNative=0 Classification=CONTRADICTION
===== CORE ATTACK OWNERSHIP ANOMALY =====
MatchingMotionFound: 1
MarkerScanValid: 1
RequiredSourcesAvailable: 1
RightSourceSlot: RIGHT
RightSourceName: TrollFist
RightSourceUseType: 55
RightSourceCollisionGroup: 5
LeftSourceSlot: LEFT
LeftSourceName: TrollFist
LeftSourceUseType: 55
LeftSourceCollisionGroup: 5
Raw8FistSourceName: <none>
Raw8FistSourceUseType: -1
Raw8FistSourceCollisionGroup: -1
=========================================

CORE RAW55_QUICK_CALLBACK_BOUNDARY Actor=Troll C1=16 SameC1=1 Action=4->4 Phase=1->1 StateTime=0.000000->0.000000 StatePosition=0->0 MotionBefore=Troll_Stand_Fist_Fist_P0_QuickAttackR_Hit_N_Fwd_00_%_00_P0_100.xmot MotionAfter=Troll_Stand_Fist_Fist_P0_QuickAttackR_Hit_N_Fwd_00_%_00_P0_100.xmot Right=TrollFist RightUseType=55 RightGroup=5->5 NativeResult=1 OBSERVE_NATIVE=1
CORE RAW55_QUICK_CALLBACK_BOUNDARY Actor=Troll C1=16 SameC1=1 Action=4->4 Phase=1->1 StateTime=0.009956->0.009956 StatePosition=0->0 MotionBefore=Troll_Stand_Fist_Fist_P0_QuickAttackR_Hit_N_Fwd_00_%_00_P0_100.xmot MotionAfter=Troll_Stand_Fist_Fist_P0_QuickAttackR_Hit_N_Fwd_00_%_00_P0_100.xmot Right=TrollFist RightUseType=55 RightGroup=5->5 NativeResult=1 OBSERVE_NATIVE=1
CORE RAW55_QUICK_CALLBACK_BOUNDARY Actor=Troll C1=16 SameC1=1 Action=4->4 Phase=1->1 StateTime=0.018290->0.018290 StatePosition=0->0 MotionBefore=Troll_Stand_Fist_Fist_P0_QuickAttackR_Hit_N_Fwd_00_%_00_P0_100.xmot MotionAfter=Troll_Stand_Fist_Fist_P0_QuickAttackR_Hit_N_Fwd_00_%_00_P0_100.xmot Right=TrollFist RightUseType=55 RightGroup=5->5 NativeResult=1 OBSERVE_NATIVE=1
CORE RAW55_QUICK_CALLBACK_BOUNDARY Actor=Troll C1=16 SameC1=1 Action=4->4 Phase=1->1 StateTime=0.027261->0.027261 StatePosition=0->0 MotionBefore=Troll_Stand_Fist_Fist_P0_QuickAttackR_Hit_N_Fwd_00_%_00_P0_100.xmot MotionAfter=Troll_Stand_Fist_Fist_P0_QuickAttackR_Hit_N_Fwd_00_%_00_P0_100.xmot Right=TrollFist RightUseType=55 RightGroup=5->5 NativeResult=1 OBSERVE_NATIVE=1
CORE RAW55_QUICK_CALLBACK_BOUNDARY Actor=Troll C1=16 SameC1=1 Action=4->4 Phase=1->1 StateTime=0.035594->0.035594 StatePosition=0->0 MotionBefore=Troll_Stand_Fist_Fist_P0_QuickAttackR_Hit_N_Fwd_00_%_00_P0_100.xmot MotionAfter=Troll_Stand_Fist_Fist_P0_QuickAttackR_Hit_N_Fwd_00_%_00_P0_100.xmot Right=TrollFist RightUseType=55 RightGroup=5->5 NativeResult=1 OBSERVE_NATIVE=1
CORE RAW55_QUICK_CALLBACK_BOUNDARY Actor=Troll C1=16 SameC1=1 Action=4->4 Phase=1->1 StateTime=0.043927->0.043927 StatePosition=0->0 MotionBefore=Troll_Stand_Fist_Fist_P0_QuickAttackR_Hit_N_Fwd_00_%_00_P0_100.xmot MotionAfter=Troll_Stand_Fist_Fist_P0_QuickAttackR_Hit_N_Fwd_00_%_00_P0_100.xmot Right=TrollFist RightUseType=55 RightGroup=5->5 NativeResult=1 OBSERVE_NATIVE=1
CORE RAW55_QUICK_CALLBACK_BOUNDARY Actor=Troll C1=16 SameC1=1 Action=4->4 Phase=1->1 StateTime=0.053883->0.053883 StatePosition=0->0 MotionBefore=Troll_Stand_Fist_Fist_P0_QuickAttackR_Hit_N_Fwd_00_%_00_P0_100.xmot MotionAfter=Troll_Stand_Fist_Fist_P0_QuickAttackR_Hit_N_Fwd_00_%_00_P0_100.xmot Right=TrollFist RightUseType=55 RightGroup=5->5 NativeResult=1 OBSERVE_NATIVE=1
CORE RAW55_QUICK_CALLBACK_BOUNDARY Actor=Troll C1=16 SameC1=1 Action=4->4 Phase=1->1 StateTime=0.062216->0.062216 StatePosition=0->0 MotionBefore=Troll_Stand_Fist_Fist_P0_QuickAttackR_Hit_N_Fwd_00_%_00_P0_100.xmot MotionAfter=Troll_Stand_Fist_Fist_P0_QuickAttackR_Hit_N_Fwd_00_%_00_P0_100.xmot Right=TrollFist RightUseType=55 RightGroup=5->5 NativeResult=1 OBSERVE_NATIVE=1
CORE RAW55_QUICK_CALLBACK_BOUNDARY Actor=Troll C1=16 SameC1=1 Action=4->4 Phase=1->1 StateTime=0.071187->0.071187 StatePosition=0->0 MotionBefore=Troll_Stand_Fist_Fist_P0_QuickAttackR_Hit_N_Fwd_00_%_00_P0_100.xmot MotionAfter=Troll_Stand_Fist_Fist_P0_QuickAttackR_Hit_N_Fwd_00_%_00_P0_100.xmot Right=TrollFist RightUseType=55 RightGroup=5->5 NativeResult=1 OBSERVE_NATIVE=1
CORE RAW55_QUICK_CALLBACK_BOUNDARY Actor=Troll C1=16 SameC1=1 Action=4->4 Phase=1->1 StateTime=0.079521->0.079521 StatePosition=0->0 MotionBefore=Troll_Stand_Fist_Fist_P0_QuickAttackR_Hit_N_Fwd_00_%_00_P0_100.xmot MotionAfter=Troll_Stand_Fist_Fist_P0_QuickAttackR_Hit_N_Fwd_00_%_00_P0_100.xmot Right=TrollFist RightUseType=55 RightGroup=5->5 NativeResult=1 OBSERVE_NATIVE=1
CORE RAW55_QUICK_CALLBACK_BOUNDARY Actor=Troll C1=16 SameC1=1 Action=4->4 Phase=1->1 StateTime=0.088492->0.088492 StatePosition=0->0 MotionBefore=Troll_Stand_Fist_Fist_P0_QuickAttackR_Hit_N_Fwd_00_%_00_P0_100.xmot MotionAfter=Troll_Stand_Fist_Fist_P0_QuickAttackR_Hit_N_Fwd_00_%_00_P0_100.xmot Right=TrollFist RightUseType=55 RightGroup=5->5 NativeResult=1 OBSERVE_NATIVE=1
CORE RAW55_QUICK_CALLBACK_BOUNDARY Actor=Troll C1=16 SameC1=1 Action=4->4 Phase=1->1 StateTime=0.096825->0.096825 StatePosition=0->0 MotionBefore=Troll_Stand_Fist_Fist_P0_QuickAttackR_Hit_N_Fwd_00_%_00_P0_100.xmot MotionAfter=Troll_Stand_Fist_Fist_P0_QuickAttackR_Hit_N_Fwd_00_%_00_P0_100.xmot Right=TrollFist RightUseType=55 RightGroup=5->5 NativeResult=1 OBSERVE_NATIVE=1
CORE RAW55_QUICK_GROUP_SUPPRESSION Actor=Troll C1=16 Right=TrollFist RightUseType=55 RequestedGroup=7 BeforeGroup=5 StatePosition=0 StateTime=0.105796 SUPPRESS_GROUP=1
CORE RAW55_QUICK_CALLBACK_BOUNDARY Actor=Troll C1=16 SameC1=1 Action=4->4 Phase=1->1 StateTime=0.105796->0.105796 StatePosition=0->1 MotionBefore=Troll_Stand_Fist_Fist_P0_QuickAttackR_Hit_N_Fwd_00_%_00_P0_100.xmot MotionAfter=Troll_Stand_Fist_Fist_P0_QuickAttackR_Hit_N_Fwd_00_%_00_P0_100.xmot Right=TrollFist RightUseType=55 RightGroup=5->5 NativeResult=1 OBSERVE_NATIVE=1
CORE RAW55_QUICK_CALLBACK_BOUNDARY Actor=Troll C1=16 SameC1=1 Action=4->4 Phase=1->1 StateTime=0.114129->0.114129 StatePosition=1->1 MotionBefore=Troll_Stand_Fist_Fist_P0_QuickAttackR_Hit_N_Fwd_00_%_00_P0_100.xmot MotionAfter=Troll_Stand_Fist_Fist_P0_QuickAttackR_Hit_N_Fwd_00_%_00_P0_100.xmot Right=TrollFist RightUseType=55 RightGroup=5->5 NativeResult=1 OBSERVE_NATIVE=1
CORE RAW55_QUICK_CALLBACK_BOUNDARY Actor=Troll C1=16 SameC1=1 Action=4->4 Phase=1->1 StateTime=0.123100->0.123100 StatePosition=1->1 MotionBefore=Troll_Stand_Fist_Fist_P0_QuickAttackR_Hit_N_Fwd_00_%_00_P0_100.xmot MotionAfter=Troll_Stand_Fist_Fist_P0_QuickAttackR_Hit_N_Fwd_00_%_00_P0_100.xmot Right=TrollFist RightUseType=55 RightGroup=5->5 NativeResult=1 OBSERVE_NATIVE=1
CORE RAW55_QUICK_CALLBACK_BOUNDARY Actor=Troll C1=16 SameC1=1 Action=4->4 Phase=1->1 StateTime=0.131433->0.131433 StatePosition=1->1 MotionBefore=Troll_Stand_Fist_Fist_P0_QuickAttackR_Hit_N_Fwd_00_%_00_P0_100.xmot MotionAfter=Troll_Stand_Fist_Fist_P0_QuickAttackR_Hit_N_Fwd_00_%_00_P0_100.xmot Right=TrollFist RightUseType=55 RightGroup=5->5 NativeResult=1 OBSERVE_NATIVE=1
CORE RAW55_QUICK_CALLBACK_BOUNDARY Actor=Troll C1=16 SameC1=1 Action=4->4 Phase=1->1 StateTime=0.139767->0.139767 StatePosition=1->1 MotionBefore=Troll_Stand_Fist_Fist_P0_QuickAttackR_Hit_N_Fwd_00_%_00_P0_100.xmot MotionAfter=Troll_Stand_Fist_Fist_P0_QuickAttackR_Hit_N_Fwd_00_%_00_P0_100.xmot Right=TrollFist RightUseType=55 RightGroup=5->5 NativeResult=1 OBSERVE_NATIVE=1
CORE C1_START ElapsedMs=44980.963 Actor=PC_Hero Generation=17 Status=CANDIDATE Outstanding=0 TrackedSources=1 ReplacedGeneration=0 ReplacedOutstanding=0 Source[0]=It_2H_Sword_Flamberge Side=RIGHT Group=5
CORE C1_STATUS ElapsedMs=44981.296 Event=PERSISTED Actor=PC_Hero Generation=17 Status=PERSISTED Outstanding=0
CORE RAW55_QUICK_CALLBACK_BOUNDARY Actor=Troll C1=16 SameC1=1 Action=4->4 Phase=1->1 StateTime=0.148737->0.148737 StatePosition=1->1 MotionBefore=Troll_Stand_Fist_Fist_P0_QuickAttackR_Hit_N_Fwd_00_%_00_P0_100.xmot MotionAfter=Troll_Stand_Fist_Fist_P0_QuickAttackR_Hit_N_Fwd_00_%_00_P0_100.xmot Right=TrollFist RightUseType=55 RightGroup=5->5 NativeResult=1 OBSERVE_NATIVE=1
CORE RAW55_QUICK_CALLBACK_BOUNDARY Actor=Troll C1=16 SameC1=1 Action=4->4 Phase=1->1 StateTime=0.157071->0.157071 StatePosition=1->1 MotionBefore=Troll_Stand_Fist_Fist_P0_QuickAttackR_Hit_N_Fwd_00_%_00_P0_100.xmot MotionAfter=Troll_Stand_Fist_Fist_P0_QuickAttackR_Hit_N_Fwd_00_%_00_P0_100.xmot Right=TrollFist RightUseType=55 RightGroup=5->5 NativeResult=1 OBSERVE_NATIVE=1
CORE RAW55_QUICK_CALLBACK_BOUNDARY Actor=Troll C1=16 SameC1=1 Action=4->4 Phase=1->1 StateTime=0.166041->0.166041 StatePosition=1->1 MotionBefore=Troll_Stand_Fist_Fist_P0_QuickAttackR_Hit_N_Fwd_00_%_00_P0_100.xmot MotionAfter=Troll_Stand_Fist_Fist_P0_QuickAttackR_Hit_N_Fwd_00_%_00_P0_100.xmot Right=TrollFist RightUseType=55 RightGroup=5->5 NativeResult=1 OBSERVE_NATIVE=1
CORE RAW55_QUICK_CALLBACK_BOUNDARY Actor=Troll C1=16 SameC1=1 Action=4->4 Phase=1->1 StateTime=0.174375->0.174375 StatePosition=1->1 MotionBefore=Troll_Stand_Fist_Fist_P0_QuickAttackR_Hit_N_Fwd_00_%_00_P0_100.xmot MotionAfter=Troll_Stand_Fist_Fist_P0_QuickAttackR_Hit_N_Fwd_00_%_00_P0_100.xmot Right=TrollFist RightUseType=55 RightGroup=5->5 NativeResult=1 OBSERVE_NATIVE=1
CORE RAW55_QUICK_CALLBACK_BOUNDARY Actor=Troll C1=16 SameC1=1 Action=4->4 Phase=1->1 StateTime=0.182708->0.182708 StatePosition=1->1 MotionBefore=Troll_Stand_Fist_Fist_P0_QuickAttackR_Hit_N_Fwd_00_%_00_P0_100.xmot MotionAfter=Troll_Stand_Fist_Fist_P0_QuickAttackR_Hit_N_Fwd_00_%_00_P0_100.xmot Right=TrollFist RightUseType=55 RightGroup=5->5 NativeResult=1 OBSERVE_NATIVE=1
CORE RAW55_QUICK_CALLBACK_BOUNDARY Actor=Troll C1=16 SameC1=1 Action=4->4 Phase=1->1 StateTime=0.191041->0.191041 StatePosition=1->1 MotionBefore=Troll_Stand_Fist_Fist_P0_QuickAttackR_Hit_N_Fwd_00_%_00_P0_100.xmot MotionAfter=Troll_Stand_Fist_Fist_P0_QuickAttackR_Hit_N_Fwd_00_%_00_P0_100.xmot Right=TrollFist RightUseType=55 RightGroup=5->5 NativeResult=1 OBSERVE_NATIVE=1
CORE RAW55_QUICK_CALLBACK_BOUNDARY Actor=Troll C1=16 SameC1=1 Action=4->4 Phase=1->1 StateTime=0.199375->0.199375 StatePosition=1->1 MotionBefore=Troll_Stand_Fist_Fist_P0_QuickAttackR_Hit_N_Fwd_00_%_00_P0_100.xmot MotionAfter=Troll_Stand_Fist_Fist_P0_QuickAttackR_Hit_N_Fwd_00_%_00_P0_100.xmot Right=TrollFist RightUseType=55 RightGroup=5->5 NativeResult=1 OBSERVE_NATIVE=1
CORE RAW55_QUICK_CALLBACK_BOUNDARY Actor=Troll C1=16 SameC1=1 Action=4->4 Phase=1->1 StateTime=0.208345->0.208345 StatePosition=1->1 MotionBefore=Troll_Stand_Fist_Fist_P0_QuickAttackR_Hit_N_Fwd_00_%_00_P0_100.xmot MotionAfter=Troll_Stand_Fist_Fist_P0_QuickAttackR_Hit_N_Fwd_00_%_00_P0_100.xmot Right=TrollFist RightUseType=55 RightGroup=5->5 NativeResult=1 OBSERVE_NATIVE=1
CORE RAW55_QUICK_CALLBACK_BOUNDARY Actor=Troll C1=16 SameC1=1 Action=4->4 Phase=1->1 StateTime=0.216679->0.216679 StatePosition=1->1 MotionBefore=Troll_Stand_Fist_Fist_P0_QuickAttackR_Hit_N_Fwd_00_%_00_P0_100.xmot MotionAfter=Troll_Stand_Fist_Fist_P0_QuickAttackR_Hit_N_Fwd_00_%_00_P0_100.xmot Right=TrollFist RightUseType=55 RightGroup=5->5 NativeResult=1 OBSERVE_NATIVE=1
CORE RAW55_QUICK_CALLBACK_BOUNDARY Actor=Troll C1=16 SameC1=1 Action=4->4 Phase=1->1 StateTime=0.225012->0.225012 StatePosition=1->1 MotionBefore=Troll_Stand_Fist_Fist_P0_QuickAttackR_Hit_N_Fwd_00_%_00_P0_100.xmot MotionAfter=Troll_Stand_Fist_Fist_P0_QuickAttackR_Hit_N_Fwd_00_%_00_P0_100.xmot Right=TrollFist RightUseType=55 RightGroup=5->5 NativeResult=1 OBSERVE_NATIVE=1
CORE RAW55_QUICK_CALLBACK_BOUNDARY Actor=Troll C1=16 SameC1=1 Action=4->4 Phase=1->1 StateTime=0.233983->0.233983 StatePosition=1->1 MotionBefore=Troll_Stand_Fist_Fist_P0_QuickAttackR_Hit_N_Fwd_00_%_00_P0_100.xmot MotionAfter=Troll_Stand_Fist_Fist_P0_QuickAttackR_Hit_N_Fwd_00_%_00_P0_100.xmot Right=TrollFist RightUseType=55 RightGroup=5->5 NativeResult=1 OBSERVE_NATIVE=1
CORE RAW55_QUICK_CALLBACK_BOUNDARY Actor=Troll C1=16 SameC1=1 Action=4->4 Phase=1->1 StateTime=0.242316->0.242316 StatePosition=1->1 MotionBefore=Troll_Stand_Fist_Fist_P0_QuickAttackR_Hit_N_Fwd_00_%_00_P0_100.xmot MotionAfter=Troll_Stand_Fist_Fist_P0_QuickAttackR_Hit_N_Fwd_00_%_00_P0_100.xmot Right=TrollFist RightUseType=55 RightGroup=5->5 NativeResult=1 OBSERVE_NATIVE=1
CORE RAW55_QUICK_CALLBACK_BOUNDARY Actor=Troll C1=16 SameC1=1 Action=4->4 Phase=1->1 StateTime=0.252272->0.252272 StatePosition=1->1 MotionBefore=Troll_Stand_Fist_Fist_P0_QuickAttackR_Hit_N_Fwd_00_%_00_P0_100.xmot MotionAfter=Troll_Stand_Fist_Fist_P0_QuickAttackR_Hit_N_Fwd_00_%_00_P0_100.xmot Right=TrollFist RightUseType=55 RightGroup=5->5 NativeResult=1 OBSERVE_NATIVE=1
CORE RAW55_QUICK_CALLBACK_BOUNDARY Actor=Troll C1=16 SameC1=1 Action=4->4 Phase=1->1 StateTime=0.260606->0.260606 StatePosition=1->1 MotionBefore=Troll_Stand_Fist_Fist_P0_QuickAttackR_Hit_N_Fwd_00_%_00_P0_100.xmot MotionAfter=Troll_Stand_Fist_Fist_P0_QuickAttackR_Hit_N_Fwd_00_%_00_P0_100.xmot Right=TrollFist RightUseType=55 RightGroup=5->5 NativeResult=1 OBSERVE_NATIVE=1
CORE RAW55_QUICK_CALLBACK_BOUNDARY Actor=Troll C1=16 SameC1=1 Action=4->4 Phase=1->1 StateTime=0.269576->0.269576 StatePosition=1->1 MotionBefore=Troll_Stand_Fist_Fist_P0_QuickAttackR_Hit_N_Fwd_00_%_00_P0_100.xmot MotionAfter=Troll_Stand_Fist_Fist_P0_QuickAttackR_Hit_N_Fwd_00_%_00_P0_100.xmot Right=TrollFist RightUseType=55 RightGroup=5->5 NativeResult=1 OBSERVE_NATIVE=1
CORE RAW55_QUICK_CALLBACK_BOUNDARY Actor=Troll C1=16 SameC1=1 Action=4->4 Phase=1->1 StateTime=0.277910->0.277910 StatePosition=1->1 MotionBefore=Troll_Stand_Fist_Fist_P0_QuickAttackR_Hit_N_Fwd_00_%_00_P0_100.xmot MotionAfter=Troll_Stand_Fist_Fist_P0_QuickAttackR_Hit_N_Fwd_00_%_00_P0_100.xmot Right=TrollFist RightUseType=55 RightGroup=5->5 NativeResult=1 OBSERVE_NATIVE=1
CORE RAW55_QUICK_CALLBACK_BOUNDARY Actor=Troll C1=16 SameC1=1 Action=4->4 Phase=1->1 StateTime=0.286881->0.286881 StatePosition=1->1 MotionBefore=Troll_Stand_Fist_Fist_P0_QuickAttackR_Hit_N_Fwd_00_%_00_P0_100.xmot MotionAfter=Troll_Stand_Fist_Fist_P0_QuickAttackR_Hit_N_Fwd_00_%_00_P0_100.xmot Right=TrollFist RightUseType=55 RightGroup=5->5 NativeResult=1 OBSERVE_NATIVE=1
CORE RAW55_QUICK_CALLBACK_BOUNDARY Actor=Troll C1=16 SameC1=1 Action=4->4 Phase=1->1 StateTime=0.295214->0.295214 StatePosition=1->1 MotionBefore=Troll_Stand_Fist_Fist_P0_QuickAttackR_Hit_N_Fwd_00_%_00_P0_100.xmot MotionAfter=Troll_Stand_Fist_Fist_P0_QuickAttackR_Hit_N_Fwd_00_%_00_P0_100.xmot Right=TrollFist RightUseType=55 RightGroup=5->5 NativeResult=1 OBSERVE_NATIVE=1
CORE RAW55_QUICK_CALLBACK_BOUNDARY Actor=Troll C1=16 SameC1=1 Action=4->4 Phase=1->1 StateTime=0.303547->0.303547 StatePosition=1->1 MotionBefore=Troll_Stand_Fist_Fist_P0_QuickAttackR_Hit_N_Fwd_00_%_00_P0_100.xmot MotionAfter=Troll_Stand_Fist_Fist_P0_QuickAttackR_Hit_N_Fwd_00_%_00_P0_100.xmot Right=TrollFist RightUseType=55 RightGroup=5->5 NativeResult=1 OBSERVE_NATIVE=1
CORE C1_START ElapsedMs=45132.289 Actor=PC_Hero Generation=18 Status=CANDIDATE Outstanding=0 TrackedSources=1 ReplacedGeneration=17 ReplacedOutstanding=0 Source[0]=It_2H_Sword_Flamberge Side=RIGHT Group=5
CORE C1_BIND ElapsedMs=45132.299 Event=COMBAT_MOVE_CANDIDATE_BOUND Actor=PC_Hero Generation=18 Status=CANDIDATE Outstanding=0 Source=<null> Script=_AI_Attack
CORE C1_STATUS ElapsedMs=45132.657 Event=PERSISTED Actor=PC_Hero Generation=18 Status=PERSISTED Outstanding=0
CORE ATTACK_OWNERSHIP ElapsedMs=45132.679 Actor=PC_Hero Family=NORMAL Action=1 Phase=1 Motion=Hero_Stand_None_2H_P0_Attack_Hit_N_Fwd_00_%_00_P1_90_R.xmot MarkerPresent=1 RequiredMask=1 FistMarkers=0 Raw8Fist=<none> Raw8UseType=-1 SuppressNative=1 Classification=ROUTINE
CORE RAW55_QUICK_CALLBACK_BOUNDARY Actor=Troll C1=16 SameC1=1 Action=4->4 Phase=1->1 StateTime=0.311881->0.311881 StatePosition=1->1 MotionBefore=Troll_Stand_Fist_Fist_P0_QuickAttackR_Hit_N_Fwd_00_%_00_P0_100.xmot MotionAfter=Troll_Stand_Fist_Fist_P0_QuickAttackR_Hit_N_Fwd_00_%_00_P0_100.xmot Right=TrollFist RightUseType=55 RightGroup=5->5 NativeResult=1 OBSERVE_NATIVE=1
CORE RAW55_QUICK_CALLBACK_BOUNDARY Actor=Troll C1=16 SameC1=1 Action=4->4 Phase=1->1 StateTime=0.321851->0.321851 StatePosition=1->1 MotionBefore=Troll_Stand_Fist_Fist_P0_QuickAttackR_Hit_N_Fwd_00_%_00_P0_100.xmot MotionAfter=Troll_Stand_Fist_Fist_P0_QuickAttackR_Hit_N_Fwd_00_%_00_P0_100.xmot Right=TrollFist RightUseType=55 RightGroup=5->5 NativeResult=1 OBSERVE_NATIVE=1
CORE RAW55_QUICK_CALLBACK_BOUNDARY Actor=Troll C1=16 SameC1=1 Action=4->4 Phase=1->1 StateTime=0.330184->0.330184 StatePosition=1->1 MotionBefore=Troll_Stand_Fist_Fist_P0_QuickAttackR_Hit_N_Fwd_00_%_00_P0_100.xmot MotionAfter=Troll_Stand_Fist_Fist_P0_QuickAttackR_Hit_N_Fwd_00_%_00_P0_100.xmot Right=TrollFist RightUseType=55 RightGroup=5->5 NativeResult=1 OBSERVE_NATIVE=1
CORE RAW55_QUICK_CALLBACK_BOUNDARY Actor=Troll C1=16 SameC1=1 Action=4->4 Phase=1->1 StateTime=0.338518->0.338518 StatePosition=1->1 MotionBefore=Troll_Stand_Fist_Fist_P0_QuickAttackR_Hit_N_Fwd_00_%_00_P0_100.xmot MotionAfter=Troll_Stand_Fist_Fist_P0_QuickAttackR_Hit_N_Fwd_00_%_00_P0_100.xmot Right=TrollFist RightUseType=55 RightGroup=5->5 NativeResult=1 OBSERVE_NATIVE=1
CORE RAW55_QUICK_CALLBACK_BOUNDARY Actor=Troll C1=16 SameC1=1 Action=4->4 Phase=1->1 StateTime=0.346851->0.346851 StatePosition=1->1 MotionBefore=Troll_Stand_Fist_Fist_P0_QuickAttackR_Hit_N_Fwd_00_%_00_P0_100.xmot MotionAfter=Troll_Stand_Fist_Fist_P0_QuickAttackR_Hit_N_Fwd_00_%_00_P0_100.xmot Right=TrollFist RightUseType=55 RightGroup=5->5 NativeResult=1 OBSERVE_NATIVE=1
CORE RAW55_QUICK_CALLBACK_BOUNDARY Actor=Troll C1=16 SameC1=1 Action=4->4 Phase=1->1 StateTime=0.355184->0.355184 StatePosition=1->1 MotionBefore=Troll_Stand_Fist_Fist_P0_QuickAttackR_Hit_N_Fwd_00_%_00_P0_100.xmot MotionAfter=Troll_Stand_Fist_Fist_P0_QuickAttackR_Hit_N_Fwd_00_%_00_P0_100.xmot Right=TrollFist RightUseType=55 RightGroup=5->5 NativeResult=1 OBSERVE_NATIVE=1
CORE RAW55_QUICK_CALLBACK_BOUNDARY Actor=Troll C1=16 SameC1=1 Action=4->4 Phase=1->1 StateTime=0.363518->0.363518 StatePosition=1->1 MotionBefore=Troll_Stand_Fist_Fist_P0_QuickAttackR_Hit_N_Fwd_00_%_00_P0_100.xmot MotionAfter=Troll_Stand_Fist_Fist_P0_QuickAttackR_Hit_N_Fwd_00_%_00_P0_100.xmot Right=TrollFist RightUseType=55 RightGroup=5->5 NativeResult=1 OBSERVE_NATIVE=1
CORE RAW55_QUICK_CALLBACK_BOUNDARY Actor=Troll C1=16 SameC1=1 Action=4->4 Phase=1->1 StateTime=0.371851->0.371851 StatePosition=1->1 MotionBefore=Troll_Stand_Fist_Fist_P0_QuickAttackR_Hit_N_Fwd_00_%_00_P0_100.xmot MotionAfter=Troll_Stand_Fist_Fist_P0_QuickAttackR_Hit_N_Fwd_00_%_00_P0_100.xmot Right=TrollFist RightUseType=55 RightGroup=5->5 NativeResult=1 OBSERVE_NATIVE=1
CORE RAW55_QUICK_CALLBACK_BOUNDARY Actor=Troll C1=16 SameC1=1 Action=4->4 Phase=1->1 StateTime=0.380184->0.380184 StatePosition=1->1 MotionBefore=Troll_Stand_Fist_Fist_P0_QuickAttackR_Hit_N_Fwd_00_%_00_P0_100.xmot MotionAfter=Troll_Stand_Fist_Fist_P0_QuickAttackR_Hit_N_Fwd_00_%_00_P0_100.xmot Right=TrollFist RightUseType=55 RightGroup=5->5 NativeResult=1 OBSERVE_NATIVE=1
CORE RAW55_QUICK_CALLBACK_BOUNDARY Actor=Troll C1=16 SameC1=1 Action=4->4 Phase=1->1 StateTime=0.389155->0.389155 StatePosition=1->1 MotionBefore=Troll_Stand_Fist_Fist_P0_QuickAttackR_Hit_N_Fwd_00_%_00_P0_100.xmot MotionAfter=Troll_Stand_Fist_Fist_P0_QuickAttackR_Hit_N_Fwd_00_%_00_P0_100.xmot Right=TrollFist RightUseType=55 RightGroup=5->5 NativeResult=1 OBSERVE_NATIVE=1
CORE RAW55_QUICK_CALLBACK_BOUNDARY Actor=Troll C1=16 SameC1=1 Action=4->4 Phase=1->1 StateTime=0.397488->0.397488 StatePosition=1->1 MotionBefore=Troll_Stand_Fist_Fist_P0_QuickAttackR_Hit_N_Fwd_00_%_00_P0_100.xmot MotionAfter=Troll_Stand_Fist_Fist_P0_QuickAttackR_Hit_N_Fwd_00_%_00_P0_100.xmot Right=TrollFist RightUseType=55 RightGroup=5->5 NativeResult=1 OBSERVE_NATIVE=1
CORE RAW55_QUICK_CALLBACK_BOUNDARY Actor=Troll C1=16 SameC1=1 Action=4->4 Phase=1->1 StateTime=0.405822->0.405822 StatePosition=1->1 MotionBefore=Troll_Stand_Fist_Fist_P0_QuickAttackR_Hit_N_Fwd_00_%_00_P0_100.xmot MotionAfter=Troll_Stand_Fist_Fist_P0_QuickAttackR_Hit_N_Fwd_00_%_00_P0_100.xmot Right=TrollFist RightUseType=55 RightGroup=5->5 NativeResult=1 OBSERVE_NATIVE=1
CORE RAW55_QUICK_CALLBACK_BOUNDARY Actor=Troll C1=16 SameC1=1 Action=4->4 Phase=1->1 StateTime=0.414155->0.414155 StatePosition=1->1 MotionBefore=Troll_Stand_Fist_Fist_P0_QuickAttackR_Hit_N_Fwd_00_%_00_P0_100.xmot MotionAfter=Troll_Stand_Fist_Fist_P0_QuickAttackR_Hit_N_Fwd_00_%_00_P0_100.xmot Right=TrollFist RightUseType=55 RightGroup=5->5 NativeResult=1 OBSERVE_NATIVE=1
CORE RAW55_QUICK_CALLBACK_BOUNDARY Actor=Troll C1=16 SameC1=1 Action=4->4 Phase=1->1 StateTime=0.422488->0.422488 StatePosition=1->1 MotionBefore=Troll_Stand_Fist_Fist_P0_QuickAttackR_Hit_N_Fwd_00_%_00_P0_100.xmot MotionAfter=Troll_Stand_Fist_Fist_P0_QuickAttackR_Hit_N_Fwd_00_%_00_P0_100.xmot Right=TrollFist RightUseType=55 RightGroup=5->5 NativeResult=1 OBSERVE_NATIVE=1
CORE RAW55_QUICK_CALLBACK_BOUNDARY Actor=Troll C1=16 SameC1=1 Action=4->4 Phase=1->1 StateTime=0.431459->0.431459 StatePosition=1->1 MotionBefore=Troll_Stand_Fist_Fist_P0_QuickAttackR_Hit_N_Fwd_00_%_00_P0_100.xmot MotionAfter=Troll_Stand_Fist_Fist_P0_QuickAttackR_Hit_N_Fwd_00_%_00_P0_100.xmot Right=TrollFist RightUseType=55 RightGroup=5->5 NativeResult=1 OBSERVE_NATIVE=1
CORE RAW55_QUICK_CALLBACK_BOUNDARY Actor=Troll C1=16 SameC1=1 Action=4->4 Phase=1->1 StateTime=0.439792->0.439792 StatePosition=1->1 MotionBefore=Troll_Stand_Fist_Fist_P0_QuickAttackR_Hit_N_Fwd_00_%_00_P0_100.xmot MotionAfter=Troll_Stand_Fist_Fist_P0_QuickAttackR_Hit_N_Fwd_00_%_00_P0_100.xmot Right=TrollFist RightUseType=55 RightGroup=5->5 NativeResult=1 OBSERVE_NATIVE=1
CORE RAW55_QUICK_CALLBACK_BOUNDARY Actor=Troll C1=16 SameC1=1 Action=4->4 Phase=1->1 StateTime=0.448126->0.448126 StatePosition=1->1 MotionBefore=Troll_Stand_Fist_Fist_P0_QuickAttackR_Hit_N_Fwd_00_%_00_P0_100.xmot MotionAfter=Troll_Stand_Fist_Fist_P0_QuickAttackR_Hit_N_Fwd_00_%_00_P0_100.xmot Right=TrollFist RightUseType=55 RightGroup=5->5 NativeResult=1 OBSERVE_NATIVE=1
CORE RAW55_QUICK_CALLBACK_BOUNDARY Actor=Troll C1=16 SameC1=1 Action=4->4 Phase=1->1 StateTime=0.457096->0.457096 StatePosition=1->1 MotionBefore=Troll_Stand_Fist_Fist_P0_QuickAttackR_Hit_N_Fwd_00_%_00_P0_100.xmot MotionAfter=Troll_Stand_Fist_Fist_P0_QuickAttackR_Hit_N_Fwd_00_%_00_P0_100.xmot Right=TrollFist RightUseType=55 RightGroup=5->5 NativeResult=1 OBSERVE_NATIVE=1
CORE RAW55_QUICK_CALLBACK_BOUNDARY Actor=Troll C1=16 SameC1=1 Action=4->4 Phase=1->1 StateTime=0.465430->0.465430 StatePosition=1->1 MotionBefore=Troll_Stand_Fist_Fist_P0_QuickAttackR_Hit_N_Fwd_00_%_00_P0_100.xmot MotionAfter=Troll_Stand_Fist_Fist_P0_QuickAttackR_Hit_N_Fwd_00_%_00_P0_100.xmot Right=TrollFist RightUseType=55 RightGroup=5->5 NativeResult=1 OBSERVE_NATIVE=1
CORE RAW55_QUICK_CALLBACK_BOUNDARY Actor=Troll C1=16 SameC1=1 Action=4->4 Phase=1->1 StateTime=0.475386->0.475386 StatePosition=1->1 MotionBefore=Troll_Stand_Fist_Fist_P0_QuickAttackR_Hit_N_Fwd_00_%_00_P0_100.xmot MotionAfter=Troll_Stand_Fist_Fist_P0_QuickAttackR_Hit_N_Fwd_00_%_00_P0_100.xmot Right=TrollFist RightUseType=55 RightGroup=5->5 NativeResult=1 OBSERVE_NATIVE=1
===== CORE MARKER ANOMALY / DISCOVERY =====
ElapsedMs: 45288.965
Actor: Troll
Action: 4
Family: QUICK
AniPhase: 1
StatePosition: 1
CurrentMovementAni: Troll_Stand_Fist_Fist_P0_QuickAttackR_Hit_N_Fwd_00_%_00_P0_100.xmot
MarkerName: G3AB_COL_FIST
MarkerOpcode: FIST
Result: UNSUPPORTED_MISSING_SOURCE
C1GenerationValid: 1
C1Generation: 16
RequiredSourceMask: 0
MissingSourceMask: 0
RightSourceSlot: RIGHT
RightSourceName: TrollFist
RightSourceUseType: 55
RightSourceCollisionGroup: 5
LeftSourceSlot: LEFT
LeftSourceName: TrollFist
LeftSourceUseType: 55
LeftSourceCollisionGroup: 5
Raw8FistSourceName: <none>
Raw8FistSourceUseType: -1
Raw8FistSourceCollisionGroup: -1
===========================================

CORE COLLISION_GROUP ElapsedMs=45289.006 Source=TrollFist UseType=55 Owner=Troll Slot=RIGHT Requested=7 Before=5 After=7 MarkerBitsRetired=0
CORE C1 OFFENSE REQUEST ElapsedMs=45289.018 Actor=Troll Generation=16 Status=PERSISTED Source=TrollFist Side=RIGHT Requests=1 Outstanding=1 CleanupObserved=0 Group=7
CORE RAW55_QUICK_FIST_REARM_PROBE Actor=Troll C1=16 Action=4 StatePosition=1 StateTime=0.483719 Right=TrollFist RightUseType=55 GroupBefore=5 RequestedGroup=7 GroupAfter=7 EarlySuppressionProof=1 ClearTriggeredList=1 REARM_PROBE=1
CORE RAW55_QUICK_CALLBACK_BOUNDARY Actor=Troll C1=16 SameC1=1 Action=4->4 Phase=1->1 StateTime=0.483719->0.483719 StatePosition=1->1 MotionBefore=Troll_Stand_Fist_Fist_P0_QuickAttackR_Hit_N_Fwd_00_%_00_P0_100.xmot MotionAfter=Troll_Stand_Fist_Fist_P0_QuickAttackR_Hit_N_Fwd_00_%_00_P0_100.xmot Right=TrollFist RightUseType=55 RightGroup=7->7 NativeResult=1 OBSERVE_NATIVE=1
CORE RAW55_QUICK_CALLBACK_BOUNDARY Actor=Troll C1=16 SameC1=1 Action=4->4 Phase=1->1 StateTime=0.492690->0.492690 StatePosition=1->1 MotionBefore=Troll_Stand_Fist_Fist_P0_QuickAttackR_Hit_N_Fwd_00_%_00_P0_100.xmot MotionAfter=Troll_Stand_Fist_Fist_P0_QuickAttackR_Hit_N_Fwd_00_%_00_P0_100.xmot Right=TrollFist RightUseType=55 RightGroup=7->7 NativeResult=1 OBSERVE_NATIVE=1
CORE RAW55_QUICK_CALLBACK_BOUNDARY Actor=Troll C1=16 SameC1=1 Action=4->4 Phase=1->1 StateTime=0.501023->0.501023 StatePosition=1->1 MotionBefore=Troll_Stand_Fist_Fist_P0_QuickAttackR_Hit_N_Fwd_00_%_00_P0_100.xmot MotionAfter=Troll_Stand_Fist_Fist_P0_QuickAttackR_Hit_N_Fwd_00_%_00_P0_100.xmot Right=TrollFist RightUseType=55 RightGroup=7->7 NativeResult=1 OBSERVE_NATIVE=1
CORE RAW55_QUICK_CALLBACK_BOUNDARY Actor=Troll C1=16 SameC1=1 Action=4->4 Phase=1->1 StateTime=0.509994->0.509994 StatePosition=1->1 MotionBefore=Troll_Stand_Fist_Fist_P0_QuickAttackR_Hit_N_Fwd_00_%_00_P0_100.xmot MotionAfter=Troll_Stand_Fist_Fist_P0_QuickAttackR_Hit_N_Fwd_00_%_00_P0_100.xmot Right=TrollFist RightUseType=55 RightGroup=7->7 NativeResult=1 OBSERVE_NATIVE=1
CORE RAW55_QUICK_CALLBACK_BOUNDARY Actor=Troll C1=16 SameC1=1 Action=4->4 Phase=1->1 StateTime=0.518994->0.518994 StatePosition=1->1 MotionBefore=Troll_Stand_Fist_Fist_P0_QuickAttackR_Hit_N_Fwd_00_%_00_P0_100.xmot MotionAfter=Troll_Stand_Fist_Fist_P0_QuickAttackR_Hit_N_Fwd_00_%_00_P0_100.xmot Right=TrollFist RightUseType=55 RightGroup=7->7 NativeResult=1 OBSERVE_NATIVE=1
CORE RAW55_QUICK_CALLBACK_BOUNDARY Actor=Troll C1=16 SameC1=1 Action=4->4 Phase=1->1 StateTime=0.527327->0.527327 StatePosition=1->1 MotionBefore=Troll_Stand_Fist_Fist_P0_QuickAttackR_Hit_N_Fwd_00_%_00_P0_100.xmot MotionAfter=Troll_Stand_Fist_Fist_P0_QuickAttackR_Hit_N_Fwd_00_%_00_P0_100.xmot Right=TrollFist RightUseType=55 RightGroup=7->7 NativeResult=1 OBSERVE_NATIVE=1
CORE RAW55_QUICK_CALLBACK_BOUNDARY Actor=Troll C1=16 SameC1=1 Action=4->4 Phase=1->1 StateTime=0.536298->0.536298 StatePosition=1->1 MotionBefore=Troll_Stand_Fist_Fist_P0_QuickAttackR_Hit_N_Fwd_00_%_00_P0_100.xmot MotionAfter=Troll_Stand_Fist_Fist_P0_QuickAttackR_Hit_N_Fwd_00_%_00_P0_100.xmot Right=TrollFist RightUseType=55 RightGroup=7->7 NativeResult=1 OBSERVE_NATIVE=1
CORE RAW55_QUICK_CALLBACK_BOUNDARY Actor=Troll C1=16 SameC1=1 Action=4->4 Phase=1->1 StateTime=0.544631->0.544631 StatePosition=1->1 MotionBefore=Troll_Stand_Fist_Fist_P0_QuickAttackR_Hit_N_Fwd_00_%_00_P0_100.xmot MotionAfter=Troll_Stand_Fist_Fist_P0_QuickAttackR_Hit_N_Fwd_00_%_00_P0_100.xmot Right=TrollFist RightUseType=55 RightGroup=7->7 NativeResult=1 OBSERVE_NATIVE=1
CORE RAW55_QUICK_CALLBACK_BOUNDARY Actor=Troll C1=16 SameC1=1 Action=4->4 Phase=1->1 StateTime=0.555573->0.555573 StatePosition=1->1 MotionBefore=Troll_Stand_Fist_Fist_P0_QuickAttackR_Hit_N_Fwd_00_%_00_P0_100.xmot MotionAfter=Troll_Stand_Fist_Fist_P0_QuickAttackR_Hit_N_Fwd_00_%_00_P0_100.xmot Right=TrollFist RightUseType=55 RightGroup=7->7 NativeResult=1 OBSERVE_NATIVE=1
CORE RAW55_QUICK_CALLBACK_BOUNDARY Actor=Troll C1=16 SameC1=1 Action=4->4 Phase=1->1 StateTime=0.563906->0.563906 StatePosition=1->1 MotionBefore=Troll_Stand_Fist_Fist_P0_QuickAttackR_Hit_N_Fwd_00_%_00_P0_100.xmot MotionAfter=Troll_Stand_Fist_Fist_P0_QuickAttackR_Hit_N_Fwd_00_%_00_P0_100.xmot Right=TrollFist RightUseType=55 RightGroup=7->7 NativeResult=1 OBSERVE_NATIVE=1
CORE RAW55_QUICK_CALLBACK_BOUNDARY Actor=Troll C1=16 SameC1=1 Action=4->4 Phase=1->1 StateTime=0.573862->0.573862 StatePosition=1->1 MotionBefore=Troll_Stand_Fist_Fist_P0_QuickAttackR_Hit_N_Fwd_00_%_00_P0_100.xmot MotionAfter=Troll_Stand_Fist_Fist_P0_QuickAttackR_Hit_N_Fwd_00_%_00_P0_100.xmot Right=TrollFist RightUseType=55 RightGroup=7->7 NativeResult=1 OBSERVE_NATIVE=1
CORE RAW55_QUICK_CALLBACK_BOUNDARY Actor=Troll C1=16 SameC1=1 Action=4->4 Phase=1->1 StateTime=0.582196->0.582196 StatePosition=1->1 MotionBefore=Troll_Stand_Fist_Fist_P0_QuickAttackR_Hit_N_Fwd_00_%_00_P0_100.xmot MotionAfter=Troll_Stand_Fist_Fist_P0_QuickAttackR_Hit_N_Fwd_00_%_00_P0_100.xmot Right=TrollFist RightUseType=55 RightGroup=7->7 NativeResult=1 OBSERVE_NATIVE=1
CORE COLLISION_GROUP ElapsedMs=45391.877 Source=It_2H_Sword_Flamberge UseType=3 Owner=PC_Hero Slot=RIGHT Requested=7 Before=5 After=7 MarkerBitsRetired=0
CORE C1 OFFENSE REQUEST ElapsedMs=45391.893 Actor=PC_Hero Generation=18 Status=PERSISTED Source=It_2H_Sword_Flamberge Side=RIGHT Requests=1 Outstanding=1 CleanupObserved=0 Group=7
CORE MARKER ElapsedMs=45391.904 Actor=PC_Hero Action=1 Family=NORMAL Phase=1 Motion=Hero_Stand_None_2H_P0_Attack_Hit_N_Fwd_00_%_00_P1_90_R.xmot Marker=RIGHT Result=ACCEPTED C1Valid=1 C1=18 StatePosition=0 PreviousMask=0 DesiredMask=1 RetiredMask=0 OwnedMask=0 MarkerOwnedMask=1 Activated=1 Deactivated=0 Retired=0 RearmRequests=1 Clears=1 RightUseType=3
CORE RAW55_QUICK_CALLBACK_BOUNDARY Actor=Troll C1=16 SameC1=1 Action=4->4 Phase=1->1 StateTime=0.591167->0.591167 StatePosition=1->1 MotionBefore=Troll_Stand_Fist_Fist_P0_QuickAttackR_Hit_N_Fwd_00_%_00_P0_100.xmot MotionAfter=Troll_Stand_Fist_Fist_P0_QuickAttackR_Hit_N_Fwd_00_%_00_P0_100.xmot Right=TrollFist RightUseType=55 RightGroup=7->7 NativeResult=1 OBSERVE_NATIVE=1
CORE ONDAMAGE ElapsedMs=45405.148 Ordinal=5 Target=Troll Arg1=Troll Arg2=Troll Caller=Game.dll+0x00069484 PlayerAction=1 PlayerPhase=1 PlayerMotion=Hero_Stand_None_2H_P0_Attack_Hit_N_Fwd_00_%_00_P1_90_R.xmot Raw8Fist=<none> Raw8UseType=-1 Raw8Group=-1
CORE COLLISION_GROUP ElapsedMs=45409.891 Source=TrollFist UseType=55 Owner=Troll Slot=RIGHT Requested=5 Before=7 After=5 MarkerBitsRetired=0
CORE C1 CLEANUP FULFILLED ElapsedMs=45409.917 Actor=Troll Generation=16 Status=PERSISTED Source=TrollFist Side=RIGHT Requests=1 Outstanding=0 CleanupObserved=1 Group=5
CORE C1_START ElapsedMs=45409.941 Actor=Troll Generation=19 Status=CANDIDATE Outstanding=0 TrackedSources=2 ReplacedGeneration=16 ReplacedOutstanding=0 Source[0]=TrollFist Side=RIGHT Group=5 Source[1]=TrollFist Side=LEFT Group=5
CORE C1_BIND ElapsedMs=45409.948 Event=COMBAT_MOVE_CANDIDATE_BOUND Actor=Troll Generation=19 Status=CANDIDATE Outstanding=0 Source=<null> Script=_AI_Stumble
CORE C1_STATUS ElapsedMs=45410.277 Event=PERSISTED Actor=Troll Generation=19 Status=PERSISTED Outstanding=0
CORE COLLISION_GROUP ElapsedMs=45585.606 Source=It_2H_Sword_Flamberge UseType=3 Owner=PC_Hero Slot=RIGHT Requested=5 Before=7 After=5 MarkerBitsRetired=1
CORE C1 CLEANUP FULFILLED ElapsedMs=45585.626 Actor=PC_Hero Generation=18 Status=PERSISTED Source=It_2H_Sword_Flamberge Side=RIGHT Requests=1 Outstanding=0 CleanupObserved=1 Group=5
CORE C1_FINAL ElapsedMs=45585.649 Actor=PC_Hero Generation=18 Status=PERSISTED SourceCount=1 PhysicalChanged=0 Source[0]=It_2H_Sword_Flamberge Side=RIGHT Outstanding=0 Cleanup=1 Outcome=NO_OP_NO_OUTSTANDING
CORE C1_FINAL ElapsedMs=45781.841 Actor=Troll Generation=19 Status=PERSISTED SourceCount=2 PhysicalChanged=0 Source[0]=TrollFist Side=RIGHT Outstanding=0 Cleanup=0 Outcome=NO_OP_NO_OUTSTANDING Source[1]=TrollFist Side=LEFT Outstanding=0 Cleanup=0 Outcome=NO_OP_NO_OUTSTANDING
CORE C1_START ElapsedMs=45797.331 Actor=Troll Generation=20 Status=CANDIDATE Outstanding=0 TrackedSources=2 ReplacedGeneration=0 ReplacedOutstanding=0 Source[0]=TrollFist Side=RIGHT Group=5 Source[1]=TrollFist Side=LEFT Group=5
CORE C1_BIND ElapsedMs=45797.345 Event=COMBAT_MOVE_CANDIDATE_BOUND Actor=Troll Generation=20 Status=CANDIDATE Outstanding=0 Source=<null> Script=_AI_Attack
CORE C1_STATUS ElapsedMs=45797.410 Event=PERSISTED Actor=Troll Generation=20 Status=PERSISTED Outstanding=0
CORE ATTACK_OWNERSHIP ElapsedMs=45797.426 Actor=Troll Family=NORMAL Action=1 Phase=1 Motion=Troll_Stand_Fist_Fist_P0_Attack_Hit_N_Fwd_00_%_00_P0_100.xmot MarkerPresent=1 RequiredMask=0 FistMarkers=1 Raw8Fist=<none> Raw8UseType=-1 SuppressNative=0 Classification=CONTRADICTION
===== CORE ATTACK OWNERSHIP ANOMALY =====
MatchingMotionFound: 1
MarkerScanValid: 1
RequiredSourcesAvailable: 1
RightSourceSlot: RIGHT
RightSourceName: TrollFist
RightSourceUseType: 55
RightSourceCollisionGroup: 5
LeftSourceSlot: LEFT
LeftSourceName: TrollFist
LeftSourceUseType: 55
LeftSourceCollisionGroup: 5
Raw8FistSourceName: <none>
Raw8FistSourceUseType: -1
Raw8FistSourceCollisionGroup: -1
=========================================

CORE RAW55_CALLBACK_SUPPRESSION_PROBE Actor=Troll Family=NORMAL Action=1 Motion=Troll_Stand_Fist_Fist_P0_Attack_Hit_N_Fwd_00_%_00_P0_100.xmot C1=20 Right=TrollFist RightUseType=55 RightGroup=5 Left=TrollFist LeftUseType=55 LeftGroup=5 SUPPRESS_NATIVE=1
CORE RAW55_CALLBACK_SUPPRESSION_PROBE Actor=Troll Family=NORMAL Action=1 Motion=Troll_Stand_Fist_Fist_P0_Attack_Hit_N_Fwd_00_%_00_P0_100.xmot C1=20 Right=TrollFist RightUseType=55 RightGroup=5 Left=TrollFist LeftUseType=55 LeftGroup=5 SUPPRESS_NATIVE=1
CORE RAW55_CALLBACK_SUPPRESSION_PROBE Actor=Troll Family=NORMAL Action=1 Motion=Troll_Stand_Fist_Fist_P0_Attack_Hit_N_Fwd_00_%_00_P0_100.xmot C1=20 Right=TrollFist RightUseType=55 RightGroup=5 Left=TrollFist LeftUseType=55 LeftGroup=5 SUPPRESS_NATIVE=1
CORE RAW55_CALLBACK_SUPPRESSION_PROBE Actor=Troll Family=NORMAL Action=1 Motion=Troll_Stand_Fist_Fist_P0_Attack_Hit_N_Fwd_00_%_00_P0_100.xmot C1=20 Right=TrollFist RightUseType=55 RightGroup=5 Left=TrollFist LeftUseType=55 LeftGroup=5 SUPPRESS_NATIVE=1
CORE RAW55_CALLBACK_SUPPRESSION_PROBE Actor=Troll Family=NORMAL Action=1 Motion=Troll_Stand_Fist_Fist_P0_Attack_Hit_N_Fwd_00_%_00_P0_100.xmot C1=20 Right=TrollFist RightUseType=55 RightGroup=5 Left=TrollFist LeftUseType=55 LeftGroup=5 SUPPRESS_NATIVE=1
CORE RAW55_CALLBACK_SUPPRESSION_PROBE Actor=Troll Family=NORMAL Action=1 Motion=Troll_Stand_Fist_Fist_P0_Attack_Hit_N_Fwd_00_%_00_P0_100.xmot C1=20 Right=TrollFist RightUseType=55 RightGroup=5 Left=TrollFist LeftUseType=55 LeftGroup=5 SUPPRESS_NATIVE=1
CORE RAW55_CALLBACK_SUPPRESSION_PROBE Actor=Troll Family=NORMAL Action=1 Motion=Troll_Stand_Fist_Fist_P0_Attack_Hit_N_Fwd_00_%_00_P0_100.xmot C1=20 Right=TrollFist RightUseType=55 RightGroup=5 Left=TrollFist LeftUseType=55 LeftGroup=5 SUPPRESS_NATIVE=1
CORE C1_START ElapsedMs=45846.754 Actor=PC_Hero Generation=21 Status=CANDIDATE Outstanding=0 TrackedSources=1 ReplacedGeneration=0 ReplacedOutstanding=0 Source[0]=It_2H_Sword_Flamberge Side=RIGHT Group=5
CORE C1_STATUS ElapsedMs=45847.101 Event=PERSISTED Actor=PC_Hero Generation=21 Status=PERSISTED Outstanding=0
CORE RAW55_CALLBACK_SUPPRESSION_PROBE Actor=Troll Family=NORMAL Action=1 Motion=Troll_Stand_Fist_Fist_P0_Attack_Hit_N_Fwd_00_%_00_P0_100.xmot C1=20 Right=TrollFist RightUseType=55 RightGroup=5 Left=TrollFist LeftUseType=55 LeftGroup=5 SUPPRESS_NATIVE=1
CORE RAW55_CALLBACK_SUPPRESSION_PROBE Actor=Troll Family=NORMAL Action=1 Motion=Troll_Stand_Fist_Fist_P0_Attack_Hit_N_Fwd_00_%_00_P0_100.xmot C1=20 Right=TrollFist RightUseType=55 RightGroup=5 Left=TrollFist LeftUseType=55 LeftGroup=5 SUPPRESS_NATIVE=1
CORE RAW55_CALLBACK_SUPPRESSION_PROBE Actor=Troll Family=NORMAL Action=1 Motion=Troll_Stand_Fist_Fist_P0_Attack_Hit_N_Fwd_00_%_00_P0_100.xmot C1=20 Right=TrollFist RightUseType=55 RightGroup=5 Left=TrollFist LeftUseType=55 LeftGroup=5 SUPPRESS_NATIVE=1
CORE RAW55_CALLBACK_SUPPRESSION_PROBE Actor=Troll Family=NORMAL Action=1 Motion=Troll_Stand_Fist_Fist_P0_Attack_Hit_N_Fwd_00_%_00_P0_100.xmot C1=20 Right=TrollFist RightUseType=55 RightGroup=5 Left=TrollFist LeftUseType=55 LeftGroup=5 SUPPRESS_NATIVE=1
CORE RAW55_CALLBACK_SUPPRESSION_PROBE Actor=Troll Family=NORMAL Action=1 Motion=Troll_Stand_Fist_Fist_P0_Attack_Hit_N_Fwd_00_%_00_P0_100.xmot C1=20 Right=TrollFist RightUseType=55 RightGroup=5 Left=TrollFist LeftUseType=55 LeftGroup=5 SUPPRESS_NATIVE=1
CORE RAW55_CALLBACK_SUPPRESSION_PROBE Actor=Troll Family=NORMAL Action=1 Motion=Troll_Stand_Fist_Fist_P0_Attack_Hit_N_Fwd_00_%_00_P0_100.xmot C1=20 Right=TrollFist RightUseType=55 RightGroup=5 Left=TrollFist LeftUseType=55 LeftGroup=5 SUPPRESS_NATIVE=1
CORE RAW55_CALLBACK_SUPPRESSION_PROBE Actor=Troll Family=NORMAL Action=1 Motion=Troll_Stand_Fist_Fist_P0_Attack_Hit_N_Fwd_00_%_00_P0_100.xmot C1=20 Right=TrollFist RightUseType=55 RightGroup=5 Left=TrollFist LeftUseType=55 LeftGroup=5 SUPPRESS_NATIVE=1
CORE RAW55_CALLBACK_SUPPRESSION_PROBE Actor=Troll Family=NORMAL Action=1 Motion=Troll_Stand_Fist_Fist_P0_Attack_Hit_N_Fwd_00_%_00_P0_100.xmot C1=20 Right=TrollFist RightUseType=55 RightGroup=5 Left=TrollFist LeftUseType=55 LeftGroup=5 SUPPRESS_NATIVE=1
CORE RAW55_CALLBACK_SUPPRESSION_PROBE Actor=Troll Family=NORMAL Action=1 Motion=Troll_Stand_Fist_Fist_P0_Attack_Hit_N_Fwd_00_%_00_P0_100.xmot C1=20 Right=TrollFist RightUseType=55 RightGroup=5 Left=TrollFist LeftUseType=55 LeftGroup=5 SUPPRESS_NATIVE=1
CORE RAW55_CALLBACK_SUPPRESSION_PROBE Actor=Troll Family=NORMAL Action=1 Motion=Troll_Stand_Fist_Fist_P0_Attack_Hit_N_Fwd_00_%_00_P0_100.xmot C1=20 Right=TrollFist RightUseType=55 RightGroup=5 Left=TrollFist LeftUseType=55 LeftGroup=5 SUPPRESS_NATIVE=1
CORE RAW55_CALLBACK_SUPPRESSION_PROBE Actor=Troll Family=NORMAL Action=1 Motion=Troll_Stand_Fist_Fist_P0_Attack_Hit_N_Fwd_00_%_00_P0_100.xmot C1=20 Right=TrollFist RightUseType=55 RightGroup=5 Left=TrollFist LeftUseType=55 LeftGroup=5 SUPPRESS_NATIVE=1
CORE RAW55_CALLBACK_SUPPRESSION_PROBE Actor=Troll Family=NORMAL Action=1 Motion=Troll_Stand_Fist_Fist_P0_Attack_Hit_N_Fwd_00_%_00_P0_100.xmot C1=20 Right=TrollFist RightUseType=55 RightGroup=5 Left=TrollFist LeftUseType=55 LeftGroup=5 SUPPRESS_NATIVE=1
CORE RAW55_CALLBACK_SUPPRESSION_PROBE Actor=Troll Family=NORMAL Action=1 Motion=Troll_Stand_Fist_Fist_P0_Attack_Hit_N_Fwd_00_%_00_P0_100.xmot C1=20 Right=TrollFist RightUseType=55 RightGroup=5 Left=TrollFist LeftUseType=55 LeftGroup=5 SUPPRESS_NATIVE=1
CORE RAW55_CALLBACK_SUPPRESSION_PROBE Actor=Troll Family=NORMAL Action=1 Motion=Troll_Stand_Fist_Fist_P0_Attack_Hit_N_Fwd_00_%_00_P0_100.xmot C1=20 Right=TrollFist RightUseType=55 RightGroup=5 Left=TrollFist LeftUseType=55 LeftGroup=5 SUPPRESS_NATIVE=1
CORE RAW55_CALLBACK_SUPPRESSION_PROBE Actor=Troll Family=NORMAL Action=1 Motion=Troll_Stand_Fist_Fist_P0_Attack_Hit_N_Fwd_00_%_00_P0_100.xmot C1=20 Right=TrollFist RightUseType=55 RightGroup=5 Left=TrollFist LeftUseType=55 LeftGroup=5 SUPPRESS_NATIVE=1
CORE RAW55_CALLBACK_SUPPRESSION_PROBE Actor=Troll Family=NORMAL Action=1 Motion=Troll_Stand_Fist_Fist_P0_Attack_Hit_N_Fwd_00_%_00_P0_100.xmot C1=20 Right=TrollFist RightUseType=55 RightGroup=5 Left=TrollFist LeftUseType=55 LeftGroup=5 SUPPRESS_NATIVE=1
CORE RAW55_CALLBACK_SUPPRESSION_PROBE Actor=Troll Family=NORMAL Action=1 Motion=Troll_Stand_Fist_Fist_P0_Attack_Hit_N_Fwd_00_%_00_P0_100.xmot C1=20 Right=TrollFist RightUseType=55 RightGroup=5 Left=TrollFist LeftUseType=55 LeftGroup=5 SUPPRESS_NATIVE=1
CORE RAW55_CALLBACK_SUPPRESSION_PROBE Actor=Troll Family=NORMAL Action=1 Motion=Troll_Stand_Fist_Fist_P0_Attack_Hit_N_Fwd_00_%_00_P0_100.xmot C1=20 Right=TrollFist RightUseType=55 RightGroup=5 Left=TrollFist LeftUseType=55 LeftGroup=5 SUPPRESS_NATIVE=1
CORE RAW55_CALLBACK_SUPPRESSION_PROBE Actor=Troll Family=NORMAL Action=1 Motion=Troll_Stand_Fist_Fist_P0_Attack_Hit_N_Fwd_00_%_00_P0_100.xmot C1=20 Right=TrollFist RightUseType=55 RightGroup=5 Left=TrollFist LeftUseType=55 LeftGroup=5 SUPPRESS_NATIVE=1
CORE C1_START ElapsedMs=45999.682 Actor=PC_Hero Generation=22 Status=CANDIDATE Outstanding=0 TrackedSources=1 ReplacedGeneration=21 ReplacedOutstanding=0 Source[0]=It_2H_Sword_Flamberge Side=RIGHT Group=5
CORE C1_BIND ElapsedMs=45999.692 Event=COMBAT_MOVE_CANDIDATE_BOUND Actor=PC_Hero Generation=22 Status=CANDIDATE Outstanding=0 Source=<null> Script=_AI_Attack
CORE C1_STATUS ElapsedMs=46000.083 Event=PERSISTED Actor=PC_Hero Generation=22 Status=PERSISTED Outstanding=0
CORE ATTACK_OWNERSHIP ElapsedMs=46000.103 Actor=PC_Hero Family=NORMAL Action=1 Phase=1 Motion=Hero_Stand_None_2H_P1_Attack_Hit_N_Fwd_00_%_00_P0_90_L.xmot MarkerPresent=1 RequiredMask=1 FistMarkers=0 Raw8Fist=<none> Raw8UseType=-1 SuppressNative=1 Classification=ROUTINE
CORE RAW55_CALLBACK_SUPPRESSION_PROBE Actor=Troll Family=NORMAL Action=1 Motion=Troll_Stand_Fist_Fist_P0_Attack_Hit_N_Fwd_00_%_00_P0_100.xmot C1=20 Right=TrollFist RightUseType=55 RightGroup=5 Left=TrollFist LeftUseType=55 LeftGroup=5 SUPPRESS_NATIVE=1
CORE RAW55_CALLBACK_SUPPRESSION_PROBE Actor=Troll Family=NORMAL Action=1 Motion=Troll_Stand_Fist_Fist_P0_Attack_Hit_N_Fwd_00_%_00_P0_100.xmot C1=20 Right=TrollFist RightUseType=55 RightGroup=5 Left=TrollFist LeftUseType=55 LeftGroup=5 SUPPRESS_NATIVE=1
CORE RAW55_CALLBACK_SUPPRESSION_PROBE Actor=Troll Family=NORMAL Action=1 Motion=Troll_Stand_Fist_Fist_P0_Attack_Hit_N_Fwd_00_%_00_P0_100.xmot C1=20 Right=TrollFist RightUseType=55 RightGroup=5 Left=TrollFist LeftUseType=55 LeftGroup=5 SUPPRESS_NATIVE=1
CORE RAW55_CALLBACK_SUPPRESSION_PROBE Actor=Troll Family=NORMAL Action=1 Motion=Troll_Stand_Fist_Fist_P0_Attack_Hit_N_Fwd_00_%_00_P0_100.xmot C1=20 Right=TrollFist RightUseType=55 RightGroup=5 Left=TrollFist LeftUseType=55 LeftGroup=5 SUPPRESS_NATIVE=1
CORE RAW55_CALLBACK_SUPPRESSION_PROBE Actor=Troll Family=NORMAL Action=1 Motion=Troll_Stand_Fist_Fist_P0_Attack_Hit_N_Fwd_00_%_00_P0_100.xmot C1=20 Right=TrollFist RightUseType=55 RightGroup=5 Left=TrollFist LeftUseType=55 LeftGroup=5 SUPPRESS_NATIVE=1
CORE RAW55_CALLBACK_SUPPRESSION_PROBE Actor=Troll Family=NORMAL Action=1 Motion=Troll_Stand_Fist_Fist_P0_Attack_Hit_N_Fwd_00_%_00_P0_100.xmot C1=20 Right=TrollFist RightUseType=55 RightGroup=5 Left=TrollFist LeftUseType=55 LeftGroup=5 SUPPRESS_NATIVE=1
CORE RAW55_CALLBACK_SUPPRESSION_PROBE Actor=Troll Family=NORMAL Action=1 Motion=Troll_Stand_Fist_Fist_P0_Attack_Hit_N_Fwd_00_%_00_P0_100.xmot C1=20 Right=TrollFist RightUseType=55 RightGroup=5 Left=TrollFist LeftUseType=55 LeftGroup=5 SUPPRESS_NATIVE=1
CORE RAW55_CALLBACK_SUPPRESSION_PROBE Actor=Troll Family=NORMAL Action=1 Motion=Troll_Stand_Fist_Fist_P0_Attack_Hit_N_Fwd_00_%_00_P0_100.xmot C1=20 Right=TrollFist RightUseType=55 RightGroup=5 Left=TrollFist LeftUseType=55 LeftGroup=5 SUPPRESS_NATIVE=1
CORE RAW55_CALLBACK_SUPPRESSION_PROBE Actor=Troll Family=NORMAL Action=1 Motion=Troll_Stand_Fist_Fist_P0_Attack_Hit_N_Fwd_00_%_00_P0_100.xmot C1=20 Right=TrollFist RightUseType=55 RightGroup=5 Left=TrollFist LeftUseType=55 LeftGroup=5 SUPPRESS_NATIVE=1
CORE RAW55_CALLBACK_SUPPRESSION_PROBE Actor=Troll Family=NORMAL Action=1 Motion=Troll_Stand_Fist_Fist_P0_Attack_Hit_N_Fwd_00_%_00_P0_100.xmot C1=20 Right=TrollFist RightUseType=55 RightGroup=5 Left=TrollFist LeftUseType=55 LeftGroup=5 SUPPRESS_NATIVE=1
CORE RAW55_CALLBACK_SUPPRESSION_PROBE Actor=Troll Family=NORMAL Action=1 Motion=Troll_Stand_Fist_Fist_P0_Attack_Hit_N_Fwd_00_%_00_P0_100.xmot C1=20 Right=TrollFist RightUseType=55 RightGroup=5 Left=TrollFist LeftUseType=55 LeftGroup=5 SUPPRESS_NATIVE=1
CORE RAW55_CALLBACK_SUPPRESSION_PROBE Actor=Troll Family=NORMAL Action=1 Motion=Troll_Stand_Fist_Fist_P0_Attack_Hit_N_Fwd_00_%_00_P0_100.xmot C1=20 Right=TrollFist RightUseType=55 RightGroup=5 Left=TrollFist LeftUseType=55 LeftGroup=5 SUPPRESS_NATIVE=1
CORE RAW55_CALLBACK_SUPPRESSION_PROBE Actor=Troll Family=NORMAL Action=1 Motion=Troll_Stand_Fist_Fist_P0_Attack_Hit_N_Fwd_00_%_00_P0_100.xmot C1=20 Right=TrollFist RightUseType=55 RightGroup=5 Left=TrollFist LeftUseType=55 LeftGroup=5 SUPPRESS_NATIVE=1
CORE RAW55_CALLBACK_SUPPRESSION_PROBE Actor=Troll Family=NORMAL Action=1 Motion=Troll_Stand_Fist_Fist_P0_Attack_Hit_N_Fwd_00_%_00_P0_100.xmot C1=20 Right=TrollFist RightUseType=55 RightGroup=5 Left=TrollFist LeftUseType=55 LeftGroup=5 SUPPRESS_NATIVE=1
CORE RAW55_CALLBACK_SUPPRESSION_PROBE Actor=Troll Family=NORMAL Action=1 Motion=Troll_Stand_Fist_Fist_P0_Attack_Hit_N_Fwd_00_%_00_P0_100.xmot C1=20 Right=TrollFist RightUseType=55 RightGroup=5 Left=TrollFist LeftUseType=55 LeftGroup=5 SUPPRESS_NATIVE=1
CORE RAW55_CALLBACK_SUPPRESSION_PROBE Actor=Troll Family=NORMAL Action=1 Motion=Troll_Stand_Fist_Fist_P0_Attack_Hit_N_Fwd_00_%_00_P0_100.xmot C1=20 Right=TrollFist RightUseType=55 RightGroup=5 Left=TrollFist LeftUseType=55 LeftGroup=5 SUPPRESS_NATIVE=1
CORE RAW55_CALLBACK_SUPPRESSION_PROBE Actor=Troll Family=NORMAL Action=1 Motion=Troll_Stand_Fist_Fist_P0_Attack_Hit_N_Fwd_00_%_00_P0_100.xmot C1=20 Right=TrollFist RightUseType=55 RightGroup=5 Left=TrollFist LeftUseType=55 LeftGroup=5 SUPPRESS_NATIVE=1
CORE RAW55_CALLBACK_SUPPRESSION_PROBE Actor=Troll Family=NORMAL Action=1 Motion=Troll_Stand_Fist_Fist_P0_Attack_Hit_N_Fwd_00_%_00_P0_100.xmot C1=20 Right=TrollFist RightUseType=55 RightGroup=5 Left=TrollFist LeftUseType=55 LeftGroup=5 SUPPRESS_NATIVE=1
CORE RAW55_CALLBACK_SUPPRESSION_PROBE Actor=Troll Family=NORMAL Action=1 Motion=Troll_Stand_Fist_Fist_P0_Attack_Hit_N_Fwd_00_%_00_P0_100.xmot C1=20 Right=TrollFist RightUseType=55 RightGroup=5 Left=TrollFist LeftUseType=55 LeftGroup=5 SUPPRESS_NATIVE=1
CORE RAW55_CALLBACK_SUPPRESSION_PROBE Actor=Troll Family=NORMAL Action=1 Motion=Troll_Stand_Fist_Fist_P0_Attack_Hit_N_Fwd_00_%_00_P0_100.xmot C1=20 Right=TrollFist RightUseType=55 RightGroup=5 Left=TrollFist LeftUseType=55 LeftGroup=5 SUPPRESS_NATIVE=1
CORE RAW55_CALLBACK_SUPPRESSION_PROBE Actor=Troll Family=NORMAL Action=1 Motion=Troll_Stand_Fist_Fist_P0_Attack_Hit_N_Fwd_00_%_00_P0_100.xmot C1=20 Right=TrollFist RightUseType=55 RightGroup=5 Left=TrollFist LeftUseType=55 LeftGroup=5 SUPPRESS_NATIVE=1
CORE RAW55_CALLBACK_SUPPRESSION_PROBE Actor=Troll Family=NORMAL Action=1 Motion=Troll_Stand_Fist_Fist_P0_Attack_Hit_N_Fwd_00_%_00_P0_100.xmot C1=20 Right=TrollFist RightUseType=55 RightGroup=5 Left=TrollFist LeftUseType=55 LeftGroup=5 SUPPRESS_NATIVE=1
CORE RAW55_CALLBACK_SUPPRESSION_PROBE Actor=Troll Family=NORMAL Action=1 Motion=Troll_Stand_Fist_Fist_P0_Attack_Hit_N_Fwd_00_%_00_P0_100.xmot C1=20 Right=TrollFist RightUseType=55 RightGroup=5 Left=TrollFist LeftUseType=55 LeftGroup=5 SUPPRESS_NATIVE=1
CORE RAW55_CALLBACK_SUPPRESSION_PROBE Actor=Troll Family=NORMAL Action=1 Motion=Troll_Stand_Fist_Fist_P0_Attack_Hit_N_Fwd_00_%_00_P0_100.xmot C1=20 Right=TrollFist RightUseType=55 RightGroup=5 Left=TrollFist LeftUseType=55 LeftGroup=5 SUPPRESS_NATIVE=1
CORE RAW55_CALLBACK_SUPPRESSION_PROBE Actor=Troll Family=NORMAL Action=1 Motion=Troll_Stand_Fist_Fist_P0_Attack_Hit_N_Fwd_00_%_00_P0_100.xmot C1=20 Right=TrollFist RightUseType=55 RightGroup=5 Left=TrollFist LeftUseType=55 LeftGroup=5 SUPPRESS_NATIVE=1
CORE RAW55_CALLBACK_SUPPRESSION_PROBE Actor=Troll Family=NORMAL Action=1 Motion=Troll_Stand_Fist_Fist_P0_Attack_Hit_N_Fwd_00_%_00_P0_100.xmot C1=20 Right=TrollFist RightUseType=55 RightGroup=5 Left=TrollFist LeftUseType=55 LeftGroup=5 SUPPRESS_NATIVE=1
CORE RAW55_CALLBACK_SUPPRESSION_PROBE Actor=Troll Family=NORMAL Action=1 Motion=Troll_Stand_Fist_Fist_P0_Attack_Hit_N_Fwd_00_%_00_P0_100.xmot C1=20 Right=TrollFist RightUseType=55 RightGroup=5 Left=TrollFist LeftUseType=55 LeftGroup=5 SUPPRESS_NATIVE=1
CORE RAW55_CALLBACK_SUPPRESSION_PROBE Actor=Troll Family=NORMAL Action=1 Motion=Troll_Stand_Fist_Fist_P0_Attack_Hit_N_Fwd_00_%_00_P0_100.xmot C1=20 Right=TrollFist RightUseType=55 RightGroup=5 Left=TrollFist LeftUseType=55 LeftGroup=5 SUPPRESS_NATIVE=1
CORE RAW55_CALLBACK_SUPPRESSION_PROBE Actor=Troll Family=NORMAL Action=1 Motion=Troll_Stand_Fist_Fist_P0_Attack_Hit_N_Fwd_00_%_00_P0_100.xmot C1=20 Right=TrollFist RightUseType=55 RightGroup=5 Left=TrollFist LeftUseType=55 LeftGroup=5 SUPPRESS_NATIVE=1
CORE RAW55_CALLBACK_SUPPRESSION_PROBE Actor=Troll Family=NORMAL Action=1 Motion=Troll_Stand_Fist_Fist_P0_Attack_Hit_N_Fwd_00_%_00_P0_100.xmot C1=20 Right=TrollFist RightUseType=55 RightGroup=5 Left=TrollFist LeftUseType=55 LeftGroup=5 SUPPRESS_NATIVE=1
CORE RAW55_CALLBACK_SUPPRESSION_PROBE Actor=Troll Family=NORMAL Action=1 Motion=Troll_Stand_Fist_Fist_P0_Attack_Hit_N_Fwd_00_%_00_P0_100.xmot C1=20 Right=TrollFist RightUseType=55 RightGroup=5 Left=TrollFist LeftUseType=55 LeftGroup=5 SUPPRESS_NATIVE=1
CORE RAW55_CALLBACK_SUPPRESSION_PROBE Actor=Troll Family=NORMAL Action=1 Motion=Troll_Stand_Fist_Fist_P0_Attack_Hit_N_Fwd_00_%_00_P0_100.xmot C1=20 Right=TrollFist RightUseType=55 RightGroup=5 Left=TrollFist LeftUseType=55 LeftGroup=5 SUPPRESS_NATIVE=1
CORE COLLISION_GROUP ElapsedMs=46259.888 Source=It_2H_Sword_Flamberge UseType=3 Owner=PC_Hero Slot=RIGHT Requested=7 Before=5 After=7 MarkerBitsRetired=0
CORE C1 OFFENSE REQUEST ElapsedMs=46259.906 Actor=PC_Hero Generation=22 Status=PERSISTED Source=It_2H_Sword_Flamberge Side=RIGHT Requests=1 Outstanding=1 CleanupObserved=0 Group=7
CORE MARKER ElapsedMs=46259.916 Actor=PC_Hero Action=1 Family=NORMAL Phase=1 Motion=Hero_Stand_None_2H_P1_Attack_Hit_N_Fwd_00_%_00_P0_90_L.xmot Marker=RIGHT Result=ACCEPTED C1Valid=1 C1=22 StatePosition=0 PreviousMask=0 DesiredMask=1 RetiredMask=0 OwnedMask=0 MarkerOwnedMask=1 Activated=1 Deactivated=0 Retired=0 RearmRequests=1 Clears=1 RightUseType=3
CORE RAW55_CALLBACK_SUPPRESSION_PROBE Actor=Troll Family=NORMAL Action=1 Motion=Troll_Stand_Fist_Fist_P0_Attack_Hit_N_Fwd_00_%_00_P0_100.xmot C1=20 Right=TrollFist RightUseType=55 RightGroup=5 Left=TrollFist LeftUseType=55 LeftGroup=5 SUPPRESS_NATIVE=1
CORE ONDAMAGE ElapsedMs=46267.402 Ordinal=6 Target=Troll Arg1=Troll Arg2=Troll Caller=Game.dll+0x00069484 PlayerAction=1 PlayerPhase=1 PlayerMotion=Hero_Stand_None_2H_P1_Attack_Hit_N_Fwd_00_%_00_P0_90_L.xmot Raw8Fist=<none> Raw8UseType=-1 Raw8Group=-1
CORE C1_START ElapsedMs=46272.105 Actor=Troll Generation=23 Status=CANDIDATE Outstanding=0 TrackedSources=2 ReplacedGeneration=20 ReplacedOutstanding=0 Source[0]=TrollFist Side=RIGHT Group=5 Source[1]=TrollFist Side=LEFT Group=5
CORE C1_BIND ElapsedMs=46272.116 Event=COMBAT_MOVE_CANDIDATE_BOUND Actor=Troll Generation=23 Status=CANDIDATE Outstanding=0 Source=<null> Script=_AI_Stumble
CORE C1_STATUS ElapsedMs=46272.444 Event=PERSISTED Actor=Troll Generation=23 Status=PERSISTED Outstanding=0
CORE COLLISION_GROUP ElapsedMs=46455.393 Source=It_2H_Sword_Flamberge UseType=3 Owner=PC_Hero Slot=RIGHT Requested=5 Before=7 After=5 MarkerBitsRetired=1
CORE C1 CLEANUP FULFILLED ElapsedMs=46455.414 Actor=PC_Hero Generation=22 Status=PERSISTED Source=It_2H_Sword_Flamberge Side=RIGHT Requests=1 Outstanding=0 CleanupObserved=1 Group=5
CORE C1_FINAL ElapsedMs=46455.434 Actor=PC_Hero Generation=22 Status=PERSISTED SourceCount=1 PhysicalChanged=0 Source[0]=It_2H_Sword_Flamberge Side=RIGHT Outstanding=0 Cleanup=1 Outcome=NO_OP_NO_OUTSTANDING
CORE C1_FINAL ElapsedMs=46654.359 Actor=Troll Generation=23 Status=PERSISTED SourceCount=2 PhysicalChanged=0 Source[0]=TrollFist Side=RIGHT Outstanding=0 Cleanup=0 Outcome=NO_OP_NO_OUTSTANDING Source[1]=TrollFist Side=LEFT Outstanding=0 Cleanup=0 Outcome=NO_OP_NO_OUTSTANDING
CORE C1_START ElapsedMs=46670.106 Actor=Troll Generation=24 Status=CANDIDATE Outstanding=0 TrackedSources=2 ReplacedGeneration=0 ReplacedOutstanding=0 Source[0]=TrollFist Side=RIGHT Group=5 Source[1]=TrollFist Side=LEFT Group=5
CORE C1_BIND ElapsedMs=46670.119 Event=COMBAT_MOVE_CANDIDATE_BOUND Actor=Troll Generation=24 Status=CANDIDATE Outstanding=0 Source=<null> Script=_AI_PowerAttack
CORE C1_STATUS ElapsedMs=46670.626 Event=PERSISTED Actor=Troll Generation=24 Status=PERSISTED Outstanding=0
CORE C1_BIND ElapsedMs=48699.540 Event=COMBAT_MOVE_REUSED Actor=Troll Generation=24 Status=PERSISTED Outstanding=0 Source=<null> Script=_AI_PowerAttack
CORE ATTACK_OWNERSHIP ElapsedMs=48700.012 Actor=Troll Family=SPRINT Action=9 Phase=1 Motion=Troll_Stand_Fist_Fist_P0_PowerAttack_Hit_N_Fwd_00_%_00_P0_150.xmot MarkerPresent=1 RequiredMask=0 FistMarkers=1 Raw8Fist=<none> Raw8UseType=-1 SuppressNative=0 Classification=CONTRADICTION
===== CORE ATTACK OWNERSHIP ANOMALY =====
MatchingMotionFound: 1
MarkerScanValid: 1
RequiredSourcesAvailable: 1
RightSourceSlot: RIGHT
RightSourceName: TrollFist
RightSourceUseType: 55
RightSourceCollisionGroup: 5
LeftSourceSlot: LEFT
LeftSourceName: TrollFist
LeftSourceUseType: 55
LeftSourceCollisionGroup: 5
Raw8FistSourceName: <none>
Raw8FistSourceUseType: -1
Raw8FistSourceCollisionGroup: -1
=========================================

CORE RAW55_CALLBACK_SUPPRESSION_PROBE Actor=Troll Family=SPRINT Action=9 Motion=Troll_Stand_Fist_Fist_P0_PowerAttack_Hit_N_Fwd_00_%_00_P0_150.xmot C1=24 Right=TrollFist RightUseType=55 RightGroup=5 Left=TrollFist LeftUseType=55 LeftGroup=5 SUPPRESS_NATIVE=1
CORE RAW55_CALLBACK_SUPPRESSION_PROBE Actor=Troll Family=SPRINT Action=9 Motion=Troll_Stand_Fist_Fist_P0_PowerAttack_Hit_N_Fwd_00_%_00_P0_150.xmot C1=24 Right=TrollFist RightUseType=55 RightGroup=5 Left=TrollFist LeftUseType=55 LeftGroup=5 SUPPRESS_NATIVE=1
CORE RAW55_CALLBACK_SUPPRESSION_PROBE Actor=Troll Family=SPRINT Action=9 Motion=Troll_Stand_Fist_Fist_P0_PowerAttack_Hit_N_Fwd_00_%_00_P0_150.xmot C1=24 Right=TrollFist RightUseType=55 RightGroup=5 Left=TrollFist LeftUseType=55 LeftGroup=5 SUPPRESS_NATIVE=1
CORE RAW55_CALLBACK_SUPPRESSION_PROBE Actor=Troll Family=SPRINT Action=9 Motion=Troll_Stand_Fist_Fist_P0_PowerAttack_Hit_N_Fwd_00_%_00_P0_150.xmot C1=24 Right=TrollFist RightUseType=55 RightGroup=5 Left=TrollFist LeftUseType=55 LeftGroup=5 SUPPRESS_NATIVE=1
CORE RAW55_CALLBACK_SUPPRESSION_PROBE Actor=Troll Family=SPRINT Action=9 Motion=Troll_Stand_Fist_Fist_P0_PowerAttack_Hit_N_Fwd_00_%_00_P0_150.xmot C1=24 Right=TrollFist RightUseType=55 RightGroup=5 Left=TrollFist LeftUseType=55 LeftGroup=5 SUPPRESS_NATIVE=1
CORE RAW55_CALLBACK_SUPPRESSION_PROBE Actor=Troll Family=SPRINT Action=9 Motion=Troll_Stand_Fist_Fist_P0_PowerAttack_Hit_N_Fwd_00_%_00_P0_150.xmot C1=24 Right=TrollFist RightUseType=55 RightGroup=5 Left=TrollFist LeftUseType=55 LeftGroup=5 SUPPRESS_NATIVE=1
CORE RAW55_CALLBACK_SUPPRESSION_PROBE Actor=Troll Family=SPRINT Action=9 Motion=Troll_Stand_Fist_Fist_P0_PowerAttack_Hit_N_Fwd_00_%_00_P0_150.xmot C1=24 Right=TrollFist RightUseType=55 RightGroup=5 Left=TrollFist LeftUseType=55 LeftGroup=5 SUPPRESS_NATIVE=1
CORE RAW55_CALLBACK_SUPPRESSION_PROBE Actor=Troll Family=SPRINT Action=9 Motion=Troll_Stand_Fist_Fist_P0_PowerAttack_Hit_N_Fwd_00_%_00_P0_150.xmot C1=24 Right=TrollFist RightUseType=55 RightGroup=5 Left=TrollFist LeftUseType=55 LeftGroup=5 SUPPRESS_NATIVE=1
CORE RAW55_CALLBACK_SUPPRESSION_PROBE Actor=Troll Family=SPRINT Action=9 Motion=Troll_Stand_Fist_Fist_P0_PowerAttack_Hit_N_Fwd_00_%_00_P0_150.xmot C1=24 Right=TrollFist RightUseType=55 RightGroup=5 Left=TrollFist LeftUseType=55 LeftGroup=5 SUPPRESS_NATIVE=1
CORE RAW55_CALLBACK_SUPPRESSION_PROBE Actor=Troll Family=SPRINT Action=9 Motion=Troll_Stand_Fist_Fist_P0_PowerAttack_Hit_N_Fwd_00_%_00_P0_150.xmot C1=24 Right=TrollFist RightUseType=55 RightGroup=5 Left=TrollFist LeftUseType=55 LeftGroup=5 SUPPRESS_NATIVE=1
CORE RAW55_CALLBACK_SUPPRESSION_PROBE Actor=Troll Family=SPRINT Action=9 Motion=Troll_Stand_Fist_Fist_P0_PowerAttack_Hit_N_Fwd_00_%_00_P0_150.xmot C1=24 Right=TrollFist RightUseType=55 RightGroup=5 Left=TrollFist LeftUseType=55 LeftGroup=5 SUPPRESS_NATIVE=1
CORE RAW55_CALLBACK_SUPPRESSION_PROBE Actor=Troll Family=SPRINT Action=9 Motion=Troll_Stand_Fist_Fist_P0_PowerAttack_Hit_N_Fwd_00_%_00_P0_150.xmot C1=24 Right=TrollFist RightUseType=55 RightGroup=5 Left=TrollFist LeftUseType=55 LeftGroup=5 SUPPRESS_NATIVE=1
CORE RAW55_CALLBACK_SUPPRESSION_PROBE Actor=Troll Family=SPRINT Action=9 Motion=Troll_Stand_Fist_Fist_P0_PowerAttack_Hit_N_Fwd_00_%_00_P0_150.xmot C1=24 Right=TrollFist RightUseType=55 RightGroup=5 Left=TrollFist LeftUseType=55 LeftGroup=5 SUPPRESS_NATIVE=1
CORE RAW55_CALLBACK_SUPPRESSION_PROBE Actor=Troll Family=SPRINT Action=9 Motion=Troll_Stand_Fist_Fist_P0_PowerAttack_Hit_N_Fwd_00_%_00_P0_150.xmot C1=24 Right=TrollFist RightUseType=55 RightGroup=5 Left=TrollFist LeftUseType=55 LeftGroup=5 SUPPRESS_NATIVE=1
===== CORE MARKER ANOMALY / DISCOVERY =====
ElapsedMs: 48803.770
Actor: Troll
Action: 9
Family: SPRINT
AniPhase: 1
StatePosition: 0
CurrentMovementAni: Troll_Stand_Fist_Fist_P0_PowerAttack_Hit_N_Fwd_00_%_00_P0_150.xmot
MarkerName: G3AB_COL_FIST
MarkerOpcode: FIST
Result: UNSUPPORTED_MISSING_SOURCE
C1GenerationValid: 1
C1Generation: 24
RequiredSourceMask: 0
MissingSourceMask: 0
RightSourceSlot: RIGHT
RightSourceName: TrollFist
RightSourceUseType: 55
RightSourceCollisionGroup: 5
LeftSourceSlot: LEFT
LeftSourceName: TrollFist
LeftSourceUseType: 55
LeftSourceCollisionGroup: 5
Raw8FistSourceName: <none>
Raw8FistSourceUseType: -1
Raw8FistSourceCollisionGroup: -1
===========================================

CORE RAW55_CALLBACK_SUPPRESSION_PROBE Actor=Troll Family=SPRINT Action=9 Motion=Troll_Stand_Fist_Fist_P0_PowerAttack_Hit_N_Fwd_00_%_00_P0_150.xmot C1=24 Right=TrollFist RightUseType=55 RightGroup=5 Left=TrollFist LeftUseType=55 LeftGroup=5 SUPPRESS_NATIVE=1
CORE RAW55_CALLBACK_SUPPRESSION_PROBE Actor=Troll Family=SPRINT Action=9 Motion=Troll_Stand_Fist_Fist_P0_PowerAttack_Hit_N_Fwd_00_%_00_P0_150.xmot C1=24 Right=TrollFist RightUseType=55 RightGroup=5 Left=TrollFist LeftUseType=55 LeftGroup=5 SUPPRESS_NATIVE=1
CORE RAW55_CALLBACK_SUPPRESSION_PROBE Actor=Troll Family=SPRINT Action=9 Motion=Troll_Stand_Fist_Fist_P0_PowerAttack_Hit_N_Fwd_00_%_00_P0_150.xmot C1=24 Right=TrollFist RightUseType=55 RightGroup=5 Left=TrollFist LeftUseType=55 LeftGroup=5 SUPPRESS_NATIVE=1
CORE RAW55_CALLBACK_SUPPRESSION_PROBE Actor=Troll Family=SPRINT Action=9 Motion=Troll_Stand_Fist_Fist_P0_PowerAttack_Hit_N_Fwd_00_%_00_P0_150.xmot C1=24 Right=TrollFist RightUseType=55 RightGroup=5 Left=TrollFist LeftUseType=55 LeftGroup=5 SUPPRESS_NATIVE=1
CORE RAW55_CALLBACK_SUPPRESSION_PROBE Actor=Troll Family=SPRINT Action=9 Motion=Troll_Stand_Fist_Fist_P0_PowerAttack_Hit_N_Fwd_00_%_00_P0_150.xmot C1=24 Right=TrollFist RightUseType=55 RightGroup=5 Left=TrollFist LeftUseType=55 LeftGroup=5 SUPPRESS_NATIVE=1
CORE RAW55_CALLBACK_SUPPRESSION_PROBE Actor=Troll Family=SPRINT Action=9 Motion=Troll_Stand_Fist_Fist_P0_PowerAttack_Hit_N_Fwd_00_%_00_P0_150.xmot C1=24 Right=TrollFist RightUseType=55 RightGroup=5 Left=TrollFist LeftUseType=55 LeftGroup=5 SUPPRESS_NATIVE=1
CORE RAW55_CALLBACK_SUPPRESSION_PROBE Actor=Troll Family=SPRINT Action=9 Motion=Troll_Stand_Fist_Fist_P0_PowerAttack_Hit_N_Fwd_00_%_00_P0_150.xmot C1=24 Right=TrollFist RightUseType=55 RightGroup=5 Left=TrollFist LeftUseType=55 LeftGroup=5 SUPPRESS_NATIVE=1
CORE RAW55_CALLBACK_SUPPRESSION_PROBE Actor=Troll Family=SPRINT Action=9 Motion=Troll_Stand_Fist_Fist_P0_PowerAttack_Hit_N_Fwd_00_%_00_P0_150.xmot C1=24 Right=TrollFist RightUseType=55 RightGroup=5 Left=TrollFist LeftUseType=55 LeftGroup=5 SUPPRESS_NATIVE=1
CORE RAW55_CALLBACK_SUPPRESSION_PROBE Actor=Troll Family=SPRINT Action=9 Motion=Troll_Stand_Fist_Fist_P0_PowerAttack_Hit_N_Fwd_00_%_00_P0_150.xmot C1=24 Right=TrollFist RightUseType=55 RightGroup=5 Left=TrollFist LeftUseType=55 LeftGroup=5 SUPPRESS_NATIVE=1
CORE RAW55_CALLBACK_SUPPRESSION_PROBE Actor=Troll Family=SPRINT Action=9 Motion=Troll_Stand_Fist_Fist_P0_PowerAttack_Hit_N_Fwd_00_%_00_P0_150.xmot C1=24 Right=TrollFist RightUseType=55 RightGroup=5 Left=TrollFist LeftUseType=55 LeftGroup=5 SUPPRESS_NATIVE=1
CORE RAW55_CALLBACK_SUPPRESSION_PROBE Actor=Troll Family=SPRINT Action=9 Motion=Troll_Stand_Fist_Fist_P0_PowerAttack_Hit_N_Fwd_00_%_00_P0_150.xmot C1=24 Right=TrollFist RightUseType=55 RightGroup=5 Left=TrollFist LeftUseType=55 LeftGroup=5 SUPPRESS_NATIVE=1
CORE RAW55_CALLBACK_SUPPRESSION_PROBE Actor=Troll Family=SPRINT Action=9 Motion=Troll_Stand_Fist_Fist_P0_PowerAttack_Hit_N_Fwd_00_%_00_P0_150.xmot C1=24 Right=TrollFist RightUseType=55 RightGroup=5 Left=TrollFist LeftUseType=55 LeftGroup=5 SUPPRESS_NATIVE=1
CORE RAW55_CALLBACK_SUPPRESSION_PROBE Actor=Troll Family=SPRINT Action=9 Motion=Troll_Stand_Fist_Fist_P0_PowerAttack_Hit_N_Fwd_00_%_00_P0_150.xmot C1=24 Right=TrollFist RightUseType=55 RightGroup=5 Left=TrollFist LeftUseType=55 LeftGroup=5 SUPPRESS_NATIVE=1
CORE RAW55_CALLBACK_SUPPRESSION_PROBE Actor=Troll Family=SPRINT Action=9 Motion=Troll_Stand_Fist_Fist_P0_PowerAttack_Hit_N_Fwd_00_%_00_P0_150.xmot C1=24 Right=TrollFist RightUseType=55 RightGroup=5 Left=TrollFist LeftUseType=55 LeftGroup=5 SUPPRESS_NATIVE=1
CORE RAW55_CALLBACK_SUPPRESSION_PROBE Actor=Troll Family=SPRINT Action=9 Motion=Troll_Stand_Fist_Fist_P0_PowerAttack_Hit_N_Fwd_00_%_00_P0_150.xmot C1=24 Right=TrollFist RightUseType=55 RightGroup=5 Left=TrollFist LeftUseType=55 LeftGroup=5 SUPPRESS_NATIVE=1
CORE RAW55_CALLBACK_SUPPRESSION_PROBE Actor=Troll Family=SPRINT Action=9 Motion=Troll_Stand_Fist_Fist_P0_PowerAttack_Hit_N_Fwd_00_%_00_P0_150.xmot C1=24 Right=TrollFist RightUseType=55 RightGroup=5 Left=TrollFist LeftUseType=55 LeftGroup=5 SUPPRESS_NATIVE=1
CORE RAW55_CALLBACK_SUPPRESSION_PROBE Actor=Troll Family=SPRINT Action=9 Motion=Troll_Stand_Fist_Fist_P0_PowerAttack_Hit_N_Fwd_00_%_00_P0_150.xmot C1=24 Right=TrollFist RightUseType=55 RightGroup=5 Left=TrollFist LeftUseType=55 LeftGroup=5 SUPPRESS_NATIVE=1
CORE RAW55_CALLBACK_SUPPRESSION_PROBE Actor=Troll Family=SPRINT Action=9 Motion=Troll_Stand_Fist_Fist_P0_PowerAttack_Hit_N_Fwd_00_%_00_P0_150.xmot C1=24 Right=TrollFist RightUseType=55 RightGroup=5 Left=TrollFist LeftUseType=55 LeftGroup=5 SUPPRESS_NATIVE=1
CORE RAW55_CALLBACK_SUPPRESSION_PROBE Actor=Troll Family=SPRINT Action=9 Motion=Troll_Stand_Fist_Fist_P0_PowerAttack_Hit_N_Fwd_00_%_00_P0_150.xmot C1=24 Right=TrollFist RightUseType=55 RightGroup=5 Left=TrollFist LeftUseType=55 LeftGroup=5 SUPPRESS_NATIVE=1
CORE RAW55_CALLBACK_SUPPRESSION_PROBE Actor=Troll Family=SPRINT Action=9 Motion=Troll_Stand_Fist_Fist_P0_PowerAttack_Hit_N_Fwd_00_%_00_P0_150.xmot C1=24 Right=TrollFist RightUseType=55 RightGroup=5 Left=TrollFist LeftUseType=55 LeftGroup=5 SUPPRESS_NATIVE=1
CORE RAW55_CALLBACK_SUPPRESSION_PROBE Actor=Troll Family=SPRINT Action=9 Motion=Troll_Stand_Fist_Fist_P0_PowerAttack_Hit_N_Fwd_00_%_00_P0_150.xmot C1=24 Right=TrollFist RightUseType=55 RightGroup=5 Left=TrollFist LeftUseType=55 LeftGroup=5 SUPPRESS_NATIVE=1
CORE RAW55_CALLBACK_SUPPRESSION_PROBE Actor=Troll Family=SPRINT Action=9 Motion=Troll_Stand_Fist_Fist_P0_PowerAttack_Hit_N_Fwd_00_%_00_P0_150.xmot C1=24 Right=TrollFist RightUseType=55 RightGroup=5 Left=TrollFist LeftUseType=55 LeftGroup=5 SUPPRESS_NATIVE=1
CORE RAW55_CALLBACK_SUPPRESSION_PROBE Actor=Troll Family=SPRINT Action=9 Motion=Troll_Stand_Fist_Fist_P0_PowerAttack_Hit_N_Fwd_00_%_00_P0_150.xmot C1=24 Right=TrollFist RightUseType=55 RightGroup=5 Left=TrollFist LeftUseType=55 LeftGroup=5 SUPPRESS_NATIVE=1
CORE RAW55_CALLBACK_SUPPRESSION_PROBE Actor=Troll Family=SPRINT Action=9 Motion=Troll_Stand_Fist_Fist_P0_PowerAttack_Hit_N_Fwd_00_%_00_P0_150.xmot C1=24 Right=TrollFist RightUseType=55 RightGroup=5 Left=TrollFist LeftUseType=55 LeftGroup=5 SUPPRESS_NATIVE=1
CORE RAW55_CALLBACK_SUPPRESSION_PROBE Actor=Troll Family=SPRINT Action=9 Motion=Troll_Stand_Fist_Fist_P0_PowerAttack_Hit_N_Fwd_00_%_00_P0_150.xmot C1=24 Right=TrollFist RightUseType=55 RightGroup=5 Left=TrollFist LeftUseType=55 LeftGroup=5 SUPPRESS_NATIVE=1
CORE RAW55_CALLBACK_SUPPRESSION_PROBE Actor=Troll Family=SPRINT Action=9 Motion=Troll_Stand_Fist_Fist_P0_PowerAttack_Hit_N_Fwd_00_%_00_P0_150.xmot C1=24 Right=TrollFist RightUseType=55 RightGroup=5 Left=TrollFist LeftUseType=55 LeftGroup=5 SUPPRESS_NATIVE=1
CORE RAW55_CALLBACK_SUPPRESSION_PROBE Actor=Troll Family=SPRINT Action=9 Motion=Troll_Stand_Fist_Fist_P0_PowerAttack_Hit_N_Fwd_00_%_00_P0_150.xmot C1=24 Right=TrollFist RightUseType=55 RightGroup=5 Left=TrollFist LeftUseType=55 LeftGroup=5 SUPPRESS_NATIVE=1
CORE RAW55_CALLBACK_SUPPRESSION_PROBE Actor=Troll Family=SPRINT Action=9 Motion=Troll_Stand_Fist_Fist_P0_PowerAttack_Hit_N_Fwd_00_%_00_P0_150.xmot C1=24 Right=TrollFist RightUseType=55 RightGroup=5 Left=TrollFist LeftUseType=55 LeftGroup=5 SUPPRESS_NATIVE=1
CORE RAW55_CALLBACK_SUPPRESSION_PROBE Actor=Troll Family=SPRINT Action=9 Motion=Troll_Stand_Fist_Fist_P0_PowerAttack_Hit_N_Fwd_00_%_00_P0_150.xmot C1=24 Right=TrollFist RightUseType=55 RightGroup=5 Left=TrollFist LeftUseType=55 LeftGroup=5 SUPPRESS_NATIVE=1
CORE RAW55_CALLBACK_SUPPRESSION_PROBE Actor=Troll Family=SPRINT Action=9 Motion=Troll_Stand_Fist_Fist_P0_PowerAttack_Hit_N_Fwd_00_%_00_P0_150.xmot C1=24 Right=TrollFist RightUseType=55 RightGroup=5 Left=TrollFist LeftUseType=55 LeftGroup=5 SUPPRESS_NATIVE=1
CORE RAW55_CALLBACK_SUPPRESSION_PROBE Actor=Troll Family=SPRINT Action=9 Motion=Troll_Stand_Fist_Fist_P0_PowerAttack_Hit_N_Fwd_00_%_00_P0_150.xmot C1=24 Right=TrollFist RightUseType=55 RightGroup=5 Left=TrollFist LeftUseType=55 LeftGroup=5 SUPPRESS_NATIVE=1
CORE RAW55_CALLBACK_SUPPRESSION_PROBE Actor=Troll Family=SPRINT Action=9 Motion=Troll_Stand_Fist_Fist_P0_PowerAttack_Hit_N_Fwd_00_%_00_P0_150.xmot C1=24 Right=TrollFist RightUseType=55 RightGroup=5 Left=TrollFist LeftUseType=55 LeftGroup=5 SUPPRESS_NATIVE=1
CORE RAW55_CALLBACK_SUPPRESSION_PROBE Actor=Troll Family=SPRINT Action=9 Motion=Troll_Stand_Fist_Fist_P0_PowerAttack_Hit_N_Fwd_00_%_00_P0_150.xmot C1=24 Right=TrollFist RightUseType=55 RightGroup=5 Left=TrollFist LeftUseType=55 LeftGroup=5 SUPPRESS_NATIVE=1
CORE RAW55_CALLBACK_SUPPRESSION_PROBE Actor=Troll Family=SPRINT Action=9 Motion=Troll_Stand_Fist_Fist_P0_PowerAttack_Hit_N_Fwd_00_%_00_P0_150.xmot C1=24 Right=TrollFist RightUseType=55 RightGroup=5 Left=TrollFist LeftUseType=55 LeftGroup=5 SUPPRESS_NATIVE=1
CORE RAW55_CALLBACK_SUPPRESSION_PROBE Actor=Troll Family=SPRINT Action=9 Motion=Troll_Stand_Fist_Fist_P0_PowerAttack_Hit_N_Fwd_00_%_00_P0_150.xmot C1=24 Right=TrollFist RightUseType=55 RightGroup=5 Left=TrollFist LeftUseType=55 LeftGroup=5 SUPPRESS_NATIVE=1
CORE RAW55_CALLBACK_SUPPRESSION_PROBE Actor=Troll Family=SPRINT Action=9 Motion=Troll_Stand_Fist_Fist_P0_PowerAttack_Hit_N_Fwd_00_%_00_P0_150.xmot C1=24 Right=TrollFist RightUseType=55 RightGroup=5 Left=TrollFist LeftUseType=55 LeftGroup=5 SUPPRESS_NATIVE=1
CORE C1_FINAL ElapsedMs=49107.677 Actor=Troll Generation=24 Status=PERSISTED SourceCount=2 PhysicalChanged=0 Source[0]=TrollFist Side=RIGHT Outstanding=0 Cleanup=0 Outcome=NO_OP_NO_OUTSTANDING Source[1]=TrollFist Side=LEFT Outstanding=0 Cleanup=0 Outcome=NO_OP_NO_OUTSTANDING
CORE C1_START ElapsedMs=50338.641 Actor=Troll Generation=25 Status=CANDIDATE Outstanding=0 TrackedSources=2 ReplacedGeneration=0 ReplacedOutstanding=0 Source[0]=TrollFist Side=RIGHT Group=5 Source[1]=TrollFist Side=LEFT Group=5
CORE C1_BIND ElapsedMs=50338.654 Event=COMBAT_MOVE_CANDIDATE_BOUND Actor=Troll Generation=25 Status=CANDIDATE Outstanding=0 Source=<null> Script=_AI_QuickAttack
CORE C1_STATUS ElapsedMs=50338.717 Event=PERSISTED Actor=Troll Generation=25 Status=PERSISTED Outstanding=0
CORE ATTACK_OWNERSHIP ElapsedMs=50338.733 Actor=Troll Family=QUICK Action=5 Phase=1 Motion=Troll_Stand_Fist_Fist_P0_QuickAttackL_Hit_N_Fwd_00_%_00_P0_100.xmot MarkerPresent=1 RequiredMask=0 FistMarkers=1 Raw8Fist=<none> Raw8UseType=-1 SuppressNative=0 Classification=CONTRADICTION
===== CORE ATTACK OWNERSHIP ANOMALY =====
MatchingMotionFound: 1
MarkerScanValid: 1
RequiredSourcesAvailable: 1
RightSourceSlot: RIGHT
RightSourceName: TrollFist
RightSourceUseType: 55
RightSourceCollisionGroup: 5
LeftSourceSlot: LEFT
LeftSourceName: TrollFist
LeftSourceUseType: 55
LeftSourceCollisionGroup: 5
Raw8FistSourceName: <none>
Raw8FistSourceUseType: -1
Raw8FistSourceCollisionGroup: -1
=========================================

CORE RAW55_QUICK_CALLBACK_BOUNDARY Actor=Troll C1=25 SameC1=1 Action=5->5 Phase=1->1 StateTime=0.000000->0.000000 StatePosition=0->0 MotionBefore=Troll_Stand_Fist_Fist_P0_QuickAttackL_Hit_N_Fwd_00_%_00_P0_100.xmot MotionAfter=Troll_Stand_Fist_Fist_P0_QuickAttackL_Hit_N_Fwd_00_%_00_P0_100.xmot Right=TrollFist RightUseType=55 RightGroup=5->5 NativeResult=1 OBSERVE_NATIVE=1
CORE RAW55_QUICK_CALLBACK_BOUNDARY Actor=Troll C1=25 SameC1=1 Action=5->5 Phase=1->1 StateTime=0.008971->0.008971 StatePosition=0->0 MotionBefore=Troll_Stand_Fist_Fist_P0_QuickAttackL_Hit_N_Fwd_00_%_00_P0_100.xmot MotionAfter=Troll_Stand_Fist_Fist_P0_QuickAttackL_Hit_N_Fwd_00_%_00_P0_100.xmot Right=TrollFist RightUseType=55 RightGroup=5->5 NativeResult=1 OBSERVE_NATIVE=1
CORE RAW55_QUICK_CALLBACK_BOUNDARY Actor=Troll C1=25 SameC1=1 Action=5->5 Phase=1->1 StateTime=0.017304->0.017304 StatePosition=0->0 MotionBefore=Troll_Stand_Fist_Fist_P0_QuickAttackL_Hit_N_Fwd_00_%_00_P0_100.xmot MotionAfter=Troll_Stand_Fist_Fist_P0_QuickAttackL_Hit_N_Fwd_00_%_00_P0_100.xmot Right=TrollFist RightUseType=55 RightGroup=5->5 NativeResult=1 OBSERVE_NATIVE=1
CORE RAW55_QUICK_CALLBACK_BOUNDARY Actor=Troll C1=25 SameC1=1 Action=5->5 Phase=1->1 StateTime=0.025637->0.025637 StatePosition=0->0 MotionBefore=Troll_Stand_Fist_Fist_P0_QuickAttackL_Hit_N_Fwd_00_%_00_P0_100.xmot MotionAfter=Troll_Stand_Fist_Fist_P0_QuickAttackL_Hit_N_Fwd_00_%_00_P0_100.xmot Right=TrollFist RightUseType=55 RightGroup=5->5 NativeResult=1 OBSERVE_NATIVE=1
CORE RAW55_QUICK_CALLBACK_BOUNDARY Actor=Troll C1=25 SameC1=1 Action=5->5 Phase=1->1 StateTime=0.033971->0.033971 StatePosition=0->0 MotionBefore=Troll_Stand_Fist_Fist_P0_QuickAttackL_Hit_N_Fwd_00_%_00_P0_100.xmot MotionAfter=Troll_Stand_Fist_Fist_P0_QuickAttackL_Hit_N_Fwd_00_%_00_P0_100.xmot Right=TrollFist RightUseType=55 RightGroup=5->5 NativeResult=1 OBSERVE_NATIVE=1
CORE RAW55_QUICK_CALLBACK_BOUNDARY Actor=Troll C1=25 SameC1=1 Action=5->5 Phase=1->1 StateTime=0.043927->0.043927 StatePosition=0->0 MotionBefore=Troll_Stand_Fist_Fist_P0_QuickAttackL_Hit_N_Fwd_00_%_00_P0_100.xmot MotionAfter=Troll_Stand_Fist_Fist_P0_QuickAttackL_Hit_N_Fwd_00_%_00_P0_100.xmot Right=TrollFist RightUseType=55 RightGroup=5->5 NativeResult=1 OBSERVE_NATIVE=1
CORE RAW55_QUICK_CALLBACK_BOUNDARY Actor=Troll C1=25 SameC1=1 Action=5->5 Phase=1->1 StateTime=0.052260->0.052260 StatePosition=0->0 MotionBefore=Troll_Stand_Fist_Fist_P0_QuickAttackL_Hit_N_Fwd_00_%_00_P0_100.xmot MotionAfter=Troll_Stand_Fist_Fist_P0_QuickAttackL_Hit_N_Fwd_00_%_00_P0_100.xmot Right=TrollFist RightUseType=55 RightGroup=5->5 NativeResult=1 OBSERVE_NATIVE=1
CORE RAW55_QUICK_CALLBACK_BOUNDARY Actor=Troll C1=25 SameC1=1 Action=5->5 Phase=1->1 StateTime=0.060593->0.060593 StatePosition=0->0 MotionBefore=Troll_Stand_Fist_Fist_P0_QuickAttackL_Hit_N_Fwd_00_%_00_P0_100.xmot MotionAfter=Troll_Stand_Fist_Fist_P0_QuickAttackL_Hit_N_Fwd_00_%_00_P0_100.xmot Right=TrollFist RightUseType=55 RightGroup=5->5 NativeResult=1 OBSERVE_NATIVE=1
CORE RAW55_QUICK_CALLBACK_BOUNDARY Actor=Troll C1=25 SameC1=1 Action=5->5 Phase=1->1 StateTime=0.068927->0.068927 StatePosition=0->0 MotionBefore=Troll_Stand_Fist_Fist_P0_QuickAttackL_Hit_N_Fwd_00_%_00_P0_100.xmot MotionAfter=Troll_Stand_Fist_Fist_P0_QuickAttackL_Hit_N_Fwd_00_%_00_P0_100.xmot Right=TrollFist RightUseType=55 RightGroup=5->5 NativeResult=1 OBSERVE_NATIVE=1
CORE RAW55_QUICK_CALLBACK_BOUNDARY Actor=Troll C1=25 SameC1=1 Action=5->5 Phase=1->1 StateTime=0.077897->0.077897 StatePosition=0->0 MotionBefore=Troll_Stand_Fist_Fist_P0_QuickAttackL_Hit_N_Fwd_00_%_00_P0_100.xmot MotionAfter=Troll_Stand_Fist_Fist_P0_QuickAttackL_Hit_N_Fwd_00_%_00_P0_100.xmot Right=TrollFist RightUseType=55 RightGroup=5->5 NativeResult=1 OBSERVE_NATIVE=1
CORE RAW55_QUICK_CALLBACK_BOUNDARY Actor=Troll C1=25 SameC1=1 Action=5->5 Phase=1->1 StateTime=0.086231->0.086231 StatePosition=0->0 MotionBefore=Troll_Stand_Fist_Fist_P0_QuickAttackL_Hit_N_Fwd_00_%_00_P0_100.xmot MotionAfter=Troll_Stand_Fist_Fist_P0_QuickAttackL_Hit_N_Fwd_00_%_00_P0_100.xmot Right=TrollFist RightUseType=55 RightGroup=5->5 NativeResult=1 OBSERVE_NATIVE=1
CORE RAW55_QUICK_CALLBACK_BOUNDARY Actor=Troll C1=25 SameC1=1 Action=5->5 Phase=1->1 StateTime=0.094564->0.094564 StatePosition=0->0 MotionBefore=Troll_Stand_Fist_Fist_P0_QuickAttackL_Hit_N_Fwd_00_%_00_P0_100.xmot MotionAfter=Troll_Stand_Fist_Fist_P0_QuickAttackL_Hit_N_Fwd_00_%_00_P0_100.xmot Right=TrollFist RightUseType=55 RightGroup=5->5 NativeResult=1 OBSERVE_NATIVE=1
CORE RAW55_QUICK_GROUP_SUPPRESSION Actor=Troll C1=25 Right=TrollFist RightUseType=55 RequestedGroup=7 BeforeGroup=5 StatePosition=0 StateTime=0.102897 SUPPRESS_GROUP=1
CORE RAW55_QUICK_CALLBACK_BOUNDARY Actor=Troll C1=25 SameC1=1 Action=5->5 Phase=1->1 StateTime=0.102897->0.102897 StatePosition=0->1 MotionBefore=Troll_Stand_Fist_Fist_P0_QuickAttackL_Hit_N_Fwd_00_%_00_P0_100.xmot MotionAfter=Troll_Stand_Fist_Fist_P0_QuickAttackL_Hit_N_Fwd_00_%_00_P0_100.xmot Right=TrollFist RightUseType=55 RightGroup=5->5 NativeResult=1 OBSERVE_NATIVE=1
CORE RAW55_QUICK_CALLBACK_BOUNDARY Actor=Troll C1=25 SameC1=1 Action=5->5 Phase=1->1 StateTime=0.111882->0.111882 StatePosition=1->1 MotionBefore=Troll_Stand_Fist_Fist_P0_QuickAttackL_Hit_N_Fwd_00_%_00_P0_100.xmot MotionAfter=Troll_Stand_Fist_Fist_P0_QuickAttackL_Hit_N_Fwd_00_%_00_P0_100.xmot Right=TrollFist RightUseType=55 RightGroup=5->5 NativeResult=1 OBSERVE_NATIVE=1
CORE RAW55_QUICK_CALLBACK_BOUNDARY Actor=Troll C1=25 SameC1=1 Action=5->5 Phase=1->1 StateTime=0.120216->0.120216 StatePosition=1->1 MotionBefore=Troll_Stand_Fist_Fist_P0_QuickAttackL_Hit_N_Fwd_00_%_00_P0_100.xmot MotionAfter=Troll_Stand_Fist_Fist_P0_QuickAttackL_Hit_N_Fwd_00_%_00_P0_100.xmot Right=TrollFist RightUseType=55 RightGroup=5->5 NativeResult=1 OBSERVE_NATIVE=1
CORE RAW55_QUICK_CALLBACK_BOUNDARY Actor=Troll C1=25 SameC1=1 Action=5->5 Phase=1->1 StateTime=0.128549->0.128549 StatePosition=1->1 MotionBefore=Troll_Stand_Fist_Fist_P0_QuickAttackL_Hit_N_Fwd_00_%_00_P0_100.xmot MotionAfter=Troll_Stand_Fist_Fist_P0_QuickAttackL_Hit_N_Fwd_00_%_00_P0_100.xmot Right=TrollFist RightUseType=55 RightGroup=5->5 NativeResult=1 OBSERVE_NATIVE=1
CORE RAW55_QUICK_CALLBACK_BOUNDARY Actor=Troll C1=25 SameC1=1 Action=5->5 Phase=1->1 StateTime=0.136882->0.136882 StatePosition=1->1 MotionBefore=Troll_Stand_Fist_Fist_P0_QuickAttackL_Hit_N_Fwd_00_%_00_P0_100.xmot MotionAfter=Troll_Stand_Fist_Fist_P0_QuickAttackL_Hit_N_Fwd_00_%_00_P0_100.xmot Right=TrollFist RightUseType=55 RightGroup=5->5 NativeResult=1 OBSERVE_NATIVE=1
CORE RAW55_QUICK_CALLBACK_BOUNDARY Actor=Troll C1=25 SameC1=1 Action=5->5 Phase=1->1 StateTime=0.145853->0.145853 StatePosition=1->1 MotionBefore=Troll_Stand_Fist_Fist_P0_QuickAttackL_Hit_N_Fwd_00_%_00_P0_100.xmot MotionAfter=Troll_Stand_Fist_Fist_P0_QuickAttackL_Hit_N_Fwd_00_%_00_P0_100.xmot Right=TrollFist RightUseType=55 RightGroup=5->5 NativeResult=1 OBSERVE_NATIVE=1
CORE RAW55_QUICK_CALLBACK_BOUNDARY Actor=Troll C1=25 SameC1=1 Action=5->5 Phase=1->1 StateTime=0.154186->0.154186 StatePosition=1->1 MotionBefore=Troll_Stand_Fist_Fist_P0_QuickAttackL_Hit_N_Fwd_00_%_00_P0_100.xmot MotionAfter=Troll_Stand_Fist_Fist_P0_QuickAttackL_Hit_N_Fwd_00_%_00_P0_100.xmot Right=TrollFist RightUseType=55 RightGroup=5->5 NativeResult=1 OBSERVE_NATIVE=1
CORE RAW55_QUICK_CALLBACK_BOUNDARY Actor=Troll C1=25 SameC1=1 Action=5->5 Phase=1->1 StateTime=0.164142->0.164142 StatePosition=1->1 MotionBefore=Troll_Stand_Fist_Fist_P0_QuickAttackL_Hit_N_Fwd_00_%_00_P0_100.xmot MotionAfter=Troll_Stand_Fist_Fist_P0_QuickAttackL_Hit_N_Fwd_00_%_00_P0_100.xmot Right=TrollFist RightUseType=55 RightGroup=5->5 NativeResult=1 OBSERVE_NATIVE=1
CORE RAW55_QUICK_CALLBACK_BOUNDARY Actor=Troll C1=25 SameC1=1 Action=5->5 Phase=1->1 StateTime=0.172476->0.172476 StatePosition=1->1 MotionBefore=Troll_Stand_Fist_Fist_P0_QuickAttackL_Hit_N_Fwd_00_%_00_P0_100.xmot MotionAfter=Troll_Stand_Fist_Fist_P0_QuickAttackL_Hit_N_Fwd_00_%_00_P0_100.xmot Right=TrollFist RightUseType=55 RightGroup=5->5 NativeResult=1 OBSERVE_NATIVE=1
CORE RAW55_QUICK_CALLBACK_BOUNDARY Actor=Troll C1=25 SameC1=1 Action=5->5 Phase=1->1 StateTime=0.181447->0.181447 StatePosition=1->1 MotionBefore=Troll_Stand_Fist_Fist_P0_QuickAttackL_Hit_N_Fwd_00_%_00_P0_100.xmot MotionAfter=Troll_Stand_Fist_Fist_P0_QuickAttackL_Hit_N_Fwd_00_%_00_P0_100.xmot Right=TrollFist RightUseType=55 RightGroup=5->5 NativeResult=1 OBSERVE_NATIVE=1
CORE RAW55_QUICK_CALLBACK_BOUNDARY Actor=Troll C1=25 SameC1=1 Action=5->5 Phase=1->1 StateTime=0.189780->0.189780 StatePosition=1->1 MotionBefore=Troll_Stand_Fist_Fist_P0_QuickAttackL_Hit_N_Fwd_00_%_00_P0_100.xmot MotionAfter=Troll_Stand_Fist_Fist_P0_QuickAttackL_Hit_N_Fwd_00_%_00_P0_100.xmot Right=TrollFist RightUseType=55 RightGroup=5->5 NativeResult=1 OBSERVE_NATIVE=1
CORE RAW55_QUICK_CALLBACK_BOUNDARY Actor=Troll C1=25 SameC1=1 Action=5->5 Phase=1->1 StateTime=0.198751->0.198751 StatePosition=1->1 MotionBefore=Troll_Stand_Fist_Fist_P0_QuickAttackL_Hit_N_Fwd_00_%_00_P0_100.xmot MotionAfter=Troll_Stand_Fist_Fist_P0_QuickAttackL_Hit_N_Fwd_00_%_00_P0_100.xmot Right=TrollFist RightUseType=55 RightGroup=5->5 NativeResult=1 OBSERVE_NATIVE=1
CORE RAW55_QUICK_CALLBACK_BOUNDARY Actor=Troll C1=25 SameC1=1 Action=5->5 Phase=1->1 StateTime=0.207750->0.207750 StatePosition=1->1 MotionBefore=Troll_Stand_Fist_Fist_P0_QuickAttackL_Hit_N_Fwd_00_%_00_P0_100.xmot MotionAfter=Troll_Stand_Fist_Fist_P0_QuickAttackL_Hit_N_Fwd_00_%_00_P0_100.xmot Right=TrollFist RightUseType=55 RightGroup=5->5 NativeResult=1 OBSERVE_NATIVE=1
CORE RAW55_QUICK_CALLBACK_BOUNDARY Actor=Troll C1=25 SameC1=1 Action=5->5 Phase=1->1 StateTime=0.216084->0.216084 StatePosition=1->1 MotionBefore=Troll_Stand_Fist_Fist_P0_QuickAttackL_Hit_N_Fwd_00_%_00_P0_100.xmot MotionAfter=Troll_Stand_Fist_Fist_P0_QuickAttackL_Hit_N_Fwd_00_%_00_P0_100.xmot Right=TrollFist RightUseType=55 RightGroup=5->5 NativeResult=1 OBSERVE_NATIVE=1
CORE RAW55_QUICK_CALLBACK_BOUNDARY Actor=Troll C1=25 SameC1=1 Action=5->5 Phase=1->1 StateTime=0.224417->0.224417 StatePosition=1->1 MotionBefore=Troll_Stand_Fist_Fist_P0_QuickAttackL_Hit_N_Fwd_00_%_00_P0_100.xmot MotionAfter=Troll_Stand_Fist_Fist_P0_QuickAttackL_Hit_N_Fwd_00_%_00_P0_100.xmot Right=TrollFist RightUseType=55 RightGroup=5->5 NativeResult=1 OBSERVE_NATIVE=1
CORE RAW55_QUICK_CALLBACK_BOUNDARY Actor=Troll C1=25 SameC1=1 Action=5->5 Phase=1->1 StateTime=0.232750->0.232750 StatePosition=1->1 MotionBefore=Troll_Stand_Fist_Fist_P0_QuickAttackL_Hit_N_Fwd_00_%_00_P0_100.xmot MotionAfter=Troll_Stand_Fist_Fist_P0_QuickAttackL_Hit_N_Fwd_00_%_00_P0_100.xmot Right=TrollFist RightUseType=55 RightGroup=5->5 NativeResult=1 OBSERVE_NATIVE=1
CORE RAW55_QUICK_CALLBACK_BOUNDARY Actor=Troll C1=25 SameC1=1 Action=5->5 Phase=1->1 StateTime=0.241721->0.241721 StatePosition=1->1 MotionBefore=Troll_Stand_Fist_Fist_P0_QuickAttackL_Hit_N_Fwd_00_%_00_P0_100.xmot MotionAfter=Troll_Stand_Fist_Fist_P0_QuickAttackL_Hit_N_Fwd_00_%_00_P0_100.xmot Right=TrollFist RightUseType=55 RightGroup=5->5 NativeResult=1 OBSERVE_NATIVE=1
CORE RAW55_QUICK_CALLBACK_BOUNDARY Actor=Troll C1=25 SameC1=1 Action=5->5 Phase=1->1 StateTime=0.250054->0.250054 StatePosition=1->1 MotionBefore=Troll_Stand_Fist_Fist_P0_QuickAttackL_Hit_N_Fwd_00_%_00_P0_100.xmot MotionAfter=Troll_Stand_Fist_Fist_P0_QuickAttackL_Hit_N_Fwd_00_%_00_P0_100.xmot Right=TrollFist RightUseType=55 RightGroup=5->5 NativeResult=1 OBSERVE_NATIVE=1
CORE RAW55_QUICK_CALLBACK_BOUNDARY Actor=Troll C1=25 SameC1=1 Action=5->5 Phase=1->1 StateTime=0.259025->0.259025 StatePosition=1->1 MotionBefore=Troll_Stand_Fist_Fist_P0_QuickAttackL_Hit_N_Fwd_00_%_00_P0_100.xmot MotionAfter=Troll_Stand_Fist_Fist_P0_QuickAttackL_Hit_N_Fwd_00_%_00_P0_100.xmot Right=TrollFist RightUseType=55 RightGroup=5->5 NativeResult=1 OBSERVE_NATIVE=1
CORE RAW55_QUICK_CALLBACK_BOUNDARY Actor=Troll C1=25 SameC1=1 Action=5->5 Phase=1->1 StateTime=0.267359->0.267359 StatePosition=1->1 MotionBefore=Troll_Stand_Fist_Fist_P0_QuickAttackL_Hit_N_Fwd_00_%_00_P0_100.xmot MotionAfter=Troll_Stand_Fist_Fist_P0_QuickAttackL_Hit_N_Fwd_00_%_00_P0_100.xmot Right=TrollFist RightUseType=55 RightGroup=5->5 NativeResult=1 OBSERVE_NATIVE=1
CORE RAW55_QUICK_CALLBACK_BOUNDARY Actor=Troll C1=25 SameC1=1 Action=5->5 Phase=1->1 StateTime=0.276329->0.276329 StatePosition=1->1 MotionBefore=Troll_Stand_Fist_Fist_P0_QuickAttackL_Hit_N_Fwd_00_%_00_P0_100.xmot MotionAfter=Troll_Stand_Fist_Fist_P0_QuickAttackL_Hit_N_Fwd_00_%_00_P0_100.xmot Right=TrollFist RightUseType=55 RightGroup=5->5 NativeResult=1 OBSERVE_NATIVE=1
CORE RAW55_QUICK_CALLBACK_BOUNDARY Actor=Troll C1=25 SameC1=1 Action=5->5 Phase=1->1 StateTime=0.284663->0.284663 StatePosition=1->1 MotionBefore=Troll_Stand_Fist_Fist_P0_QuickAttackL_Hit_N_Fwd_00_%_00_P0_100.xmot MotionAfter=Troll_Stand_Fist_Fist_P0_QuickAttackL_Hit_N_Fwd_00_%_00_P0_100.xmot Right=TrollFist RightUseType=55 RightGroup=5->5 NativeResult=1 OBSERVE_NATIVE=1
CORE RAW55_QUICK_CALLBACK_BOUNDARY Actor=Troll C1=25 SameC1=1 Action=5->5 Phase=1->1 StateTime=0.292996->0.292996 StatePosition=1->1 MotionBefore=Troll_Stand_Fist_Fist_P0_QuickAttackL_Hit_N_Fwd_00_%_00_P0_100.xmot MotionAfter=Troll_Stand_Fist_Fist_P0_QuickAttackL_Hit_N_Fwd_00_%_00_P0_100.xmot Right=TrollFist RightUseType=55 RightGroup=5->5 NativeResult=1 OBSERVE_NATIVE=1
CORE RAW55_QUICK_CALLBACK_BOUNDARY Actor=Troll C1=25 SameC1=1 Action=5->5 Phase=1->1 StateTime=0.301967->0.301967 StatePosition=1->1 MotionBefore=Troll_Stand_Fist_Fist_P0_QuickAttackL_Hit_N_Fwd_00_%_00_P0_100.xmot MotionAfter=Troll_Stand_Fist_Fist_P0_QuickAttackL_Hit_N_Fwd_00_%_00_P0_100.xmot Right=TrollFist RightUseType=55 RightGroup=5->5 NativeResult=1 OBSERVE_NATIVE=1
CORE RAW55_QUICK_CALLBACK_BOUNDARY Actor=Troll C1=25 SameC1=1 Action=5->5 Phase=1->1 StateTime=0.310300->0.310300 StatePosition=1->1 MotionBefore=Troll_Stand_Fist_Fist_P0_QuickAttackL_Hit_N_Fwd_00_%_00_P0_100.xmot MotionAfter=Troll_Stand_Fist_Fist_P0_QuickAttackL_Hit_N_Fwd_00_%_00_P0_100.xmot Right=TrollFist RightUseType=55 RightGroup=5->5 NativeResult=1 OBSERVE_NATIVE=1
CORE RAW55_QUICK_CALLBACK_BOUNDARY Actor=Troll C1=25 SameC1=1 Action=5->5 Phase=1->1 StateTime=0.319271->0.319271 StatePosition=1->1 MotionBefore=Troll_Stand_Fist_Fist_P0_QuickAttackL_Hit_N_Fwd_00_%_00_P0_100.xmot MotionAfter=Troll_Stand_Fist_Fist_P0_QuickAttackL_Hit_N_Fwd_00_%_00_P0_100.xmot Right=TrollFist RightUseType=55 RightGroup=5->5 NativeResult=1 OBSERVE_NATIVE=1
CORE RAW55_QUICK_CALLBACK_BOUNDARY Actor=Troll C1=25 SameC1=1 Action=5->5 Phase=1->1 StateTime=0.327604->0.327604 StatePosition=1->1 MotionBefore=Troll_Stand_Fist_Fist_P0_QuickAttackL_Hit_N_Fwd_00_%_00_P0_100.xmot MotionAfter=Troll_Stand_Fist_Fist_P0_QuickAttackL_Hit_N_Fwd_00_%_00_P0_100.xmot Right=TrollFist RightUseType=55 RightGroup=5->5 NativeResult=1 OBSERVE_NATIVE=1
CORE RAW55_QUICK_CALLBACK_BOUNDARY Actor=Troll C1=25 SameC1=1 Action=5->5 Phase=1->1 StateTime=0.336575->0.336575 StatePosition=1->1 MotionBefore=Troll_Stand_Fist_Fist_P0_QuickAttackL_Hit_N_Fwd_00_%_00_P0_100.xmot MotionAfter=Troll_Stand_Fist_Fist_P0_QuickAttackL_Hit_N_Fwd_00_%_00_P0_100.xmot Right=TrollFist RightUseType=55 RightGroup=5->5 NativeResult=1 OBSERVE_NATIVE=1
CORE RAW55_QUICK_CALLBACK_BOUNDARY Actor=Troll C1=25 SameC1=1 Action=5->5 Phase=1->1 StateTime=0.344908->0.344908 StatePosition=1->1 MotionBefore=Troll_Stand_Fist_Fist_P0_QuickAttackL_Hit_N_Fwd_00_%_00_P0_100.xmot MotionAfter=Troll_Stand_Fist_Fist_P0_QuickAttackL_Hit_N_Fwd_00_%_00_P0_100.xmot Right=TrollFist RightUseType=55 RightGroup=5->5 NativeResult=1 OBSERVE_NATIVE=1
CORE RAW55_QUICK_CALLBACK_BOUNDARY Actor=Troll C1=25 SameC1=1 Action=5->5 Phase=1->1 StateTime=0.353242->0.353242 StatePosition=1->1 MotionBefore=Troll_Stand_Fist_Fist_P0_QuickAttackL_Hit_N_Fwd_00_%_00_P0_100.xmot MotionAfter=Troll_Stand_Fist_Fist_P0_QuickAttackL_Hit_N_Fwd_00_%_00_P0_100.xmot Right=TrollFist RightUseType=55 RightGroup=5->5 NativeResult=1 OBSERVE_NATIVE=1
CORE RAW55_QUICK_CALLBACK_BOUNDARY Actor=Troll C1=25 SameC1=1 Action=5->5 Phase=1->1 StateTime=0.361575->0.361575 StatePosition=1->1 MotionBefore=Troll_Stand_Fist_Fist_P0_QuickAttackL_Hit_N_Fwd_00_%_00_P0_100.xmot MotionAfter=Troll_Stand_Fist_Fist_P0_QuickAttackL_Hit_N_Fwd_00_%_00_P0_100.xmot Right=TrollFist RightUseType=55 RightGroup=5->5 NativeResult=1 OBSERVE_NATIVE=1
CORE RAW55_QUICK_CALLBACK_BOUNDARY Actor=Troll C1=25 SameC1=1 Action=5->5 Phase=1->1 StateTime=0.369909->0.369909 StatePosition=1->1 MotionBefore=Troll_Stand_Fist_Fist_P0_QuickAttackL_Hit_N_Fwd_00_%_00_P0_100.xmot MotionAfter=Troll_Stand_Fist_Fist_P0_QuickAttackL_Hit_N_Fwd_00_%_00_P0_100.xmot Right=TrollFist RightUseType=55 RightGroup=5->5 NativeResult=1 OBSERVE_NATIVE=1
CORE RAW55_QUICK_CALLBACK_BOUNDARY Actor=Troll C1=25 SameC1=1 Action=5->5 Phase=1->1 StateTime=0.378242->0.378242 StatePosition=1->1 MotionBefore=Troll_Stand_Fist_Fist_P0_QuickAttackL_Hit_N_Fwd_00_%_00_P0_100.xmot MotionAfter=Troll_Stand_Fist_Fist_P0_QuickAttackL_Hit_N_Fwd_00_%_00_P0_100.xmot Right=TrollFist RightUseType=55 RightGroup=5->5 NativeResult=1 OBSERVE_NATIVE=1
CORE RAW55_QUICK_CALLBACK_BOUNDARY Actor=Troll C1=25 SameC1=1 Action=5->5 Phase=1->1 StateTime=0.386575->0.386575 StatePosition=1->1 MotionBefore=Troll_Stand_Fist_Fist_P0_QuickAttackL_Hit_N_Fwd_00_%_00_P0_100.xmot MotionAfter=Troll_Stand_Fist_Fist_P0_QuickAttackL_Hit_N_Fwd_00_%_00_P0_100.xmot Right=TrollFist RightUseType=55 RightGroup=5->5 NativeResult=1 OBSERVE_NATIVE=1
CORE RAW55_QUICK_CALLBACK_BOUNDARY Actor=Troll C1=25 SameC1=1 Action=5->5 Phase=1->1 StateTime=0.394909->0.394909 StatePosition=1->1 MotionBefore=Troll_Stand_Fist_Fist_P0_QuickAttackL_Hit_N_Fwd_00_%_00_P0_100.xmot MotionAfter=Troll_Stand_Fist_Fist_P0_QuickAttackL_Hit_N_Fwd_00_%_00_P0_100.xmot Right=TrollFist RightUseType=55 RightGroup=5->5 NativeResult=1 OBSERVE_NATIVE=1
CORE RAW55_QUICK_CALLBACK_BOUNDARY Actor=Troll C1=25 SameC1=1 Action=5->5 Phase=1->1 StateTime=0.404864->0.404864 StatePosition=1->1 MotionBefore=Troll_Stand_Fist_Fist_P0_QuickAttackL_Hit_N_Fwd_00_%_00_P0_100.xmot MotionAfter=Troll_Stand_Fist_Fist_P0_QuickAttackL_Hit_N_Fwd_00_%_00_P0_100.xmot Right=TrollFist RightUseType=55 RightGroup=5->5 NativeResult=1 OBSERVE_NATIVE=1
CORE RAW55_QUICK_CALLBACK_BOUNDARY Actor=Troll C1=25 SameC1=1 Action=5->5 Phase=1->1 StateTime=0.413198->0.413198 StatePosition=1->1 MotionBefore=Troll_Stand_Fist_Fist_P0_QuickAttackL_Hit_N_Fwd_00_%_00_P0_100.xmot MotionAfter=Troll_Stand_Fist_Fist_P0_QuickAttackL_Hit_N_Fwd_00_%_00_P0_100.xmot Right=TrollFist RightUseType=55 RightGroup=5->5 NativeResult=1 OBSERVE_NATIVE=1
CORE RAW55_QUICK_CALLBACK_BOUNDARY Actor=Troll C1=25 SameC1=1 Action=5->5 Phase=1->1 StateTime=0.421531->0.421531 StatePosition=1->1 MotionBefore=Troll_Stand_Fist_Fist_P0_QuickAttackL_Hit_N_Fwd_00_%_00_P0_100.xmot MotionAfter=Troll_Stand_Fist_Fist_P0_QuickAttackL_Hit_N_Fwd_00_%_00_P0_100.xmot Right=TrollFist RightUseType=55 RightGroup=5->5 NativeResult=1 OBSERVE_NATIVE=1
CORE RAW55_QUICK_CALLBACK_BOUNDARY Actor=Troll C1=25 SameC1=1 Action=5->5 Phase=1->1 StateTime=0.429864->0.429864 StatePosition=1->1 MotionBefore=Troll_Stand_Fist_Fist_P0_QuickAttackL_Hit_N_Fwd_00_%_00_P0_100.xmot MotionAfter=Troll_Stand_Fist_Fist_P0_QuickAttackL_Hit_N_Fwd_00_%_00_P0_100.xmot Right=TrollFist RightUseType=55 RightGroup=5->5 NativeResult=1 OBSERVE_NATIVE=1
CORE RAW55_QUICK_CALLBACK_BOUNDARY Actor=Troll C1=25 SameC1=1 Action=5->5 Phase=1->1 StateTime=0.438835->0.438835 StatePosition=1->1 MotionBefore=Troll_Stand_Fist_Fist_P0_QuickAttackL_Hit_N_Fwd_00_%_00_P0_100.xmot MotionAfter=Troll_Stand_Fist_Fist_P0_QuickAttackL_Hit_N_Fwd_00_%_00_P0_100.xmot Right=TrollFist RightUseType=55 RightGroup=5->5 NativeResult=1 OBSERVE_NATIVE=1
CORE RAW55_QUICK_CALLBACK_BOUNDARY Actor=Troll C1=25 SameC1=1 Action=5->5 Phase=1->1 StateTime=0.447168->0.447168 StatePosition=1->1 MotionBefore=Troll_Stand_Fist_Fist_P0_QuickAttackL_Hit_N_Fwd_00_%_00_P0_100.xmot MotionAfter=Troll_Stand_Fist_Fist_P0_QuickAttackL_Hit_N_Fwd_00_%_00_P0_100.xmot Right=TrollFist RightUseType=55 RightGroup=5->5 NativeResult=1 OBSERVE_NATIVE=1
CORE RAW55_QUICK_CALLBACK_BOUNDARY Actor=Troll C1=25 SameC1=1 Action=5->5 Phase=1->1 StateTime=0.455502->0.455502 StatePosition=1->1 MotionBefore=Troll_Stand_Fist_Fist_P0_QuickAttackL_Hit_N_Fwd_00_%_00_P0_100.xmot MotionAfter=Troll_Stand_Fist_Fist_P0_QuickAttackL_Hit_N_Fwd_00_%_00_P0_100.xmot Right=TrollFist RightUseType=55 RightGroup=5->5 NativeResult=1 OBSERVE_NATIVE=1
CORE RAW55_QUICK_CALLBACK_BOUNDARY Actor=Troll C1=25 SameC1=1 Action=5->5 Phase=1->1 StateTime=0.464472->0.464472 StatePosition=1->1 MotionBefore=Troll_Stand_Fist_Fist_P0_QuickAttackL_Hit_N_Fwd_00_%_00_P0_100.xmot MotionAfter=Troll_Stand_Fist_Fist_P0_QuickAttackL_Hit_N_Fwd_00_%_00_P0_100.xmot Right=TrollFist RightUseType=55 RightGroup=5->5 NativeResult=1 OBSERVE_NATIVE=1
CORE RAW55_QUICK_CALLBACK_BOUNDARY Actor=Troll C1=25 SameC1=1 Action=5->5 Phase=1->1 StateTime=0.472806->0.472806 StatePosition=1->1 MotionBefore=Troll_Stand_Fist_Fist_P0_QuickAttackL_Hit_N_Fwd_00_%_00_P0_100.xmot MotionAfter=Troll_Stand_Fist_Fist_P0_QuickAttackL_Hit_N_Fwd_00_%_00_P0_100.xmot Right=TrollFist RightUseType=55 RightGroup=5->5 NativeResult=1 OBSERVE_NATIVE=1
===== CORE MARKER ANOMALY / DISCOVERY =====
ElapsedMs: 50776.690
Actor: Troll
Action: 5
Family: QUICK
AniPhase: 1
StatePosition: 1
CurrentMovementAni: Troll_Stand_Fist_Fist_P0_QuickAttackL_Hit_N_Fwd_00_%_00_P0_100.xmot
MarkerName: G3AB_COL_FIST
MarkerOpcode: FIST
Result: UNSUPPORTED_MISSING_SOURCE
C1GenerationValid: 1
C1Generation: 25
RequiredSourceMask: 0
MissingSourceMask: 0
RightSourceSlot: RIGHT
RightSourceName: TrollFist
RightSourceUseType: 55
RightSourceCollisionGroup: 5
LeftSourceSlot: LEFT
LeftSourceName: TrollFist
LeftSourceUseType: 55
LeftSourceCollisionGroup: 5
Raw8FistSourceName: <none>
Raw8FistSourceUseType: -1
Raw8FistSourceCollisionGroup: -1
===========================================

CORE COLLISION_GROUP ElapsedMs=50776.724 Source=TrollFist UseType=55 Owner=Troll Slot=RIGHT Requested=7 Before=5 After=7 MarkerBitsRetired=0
CORE C1 OFFENSE REQUEST ElapsedMs=50776.732 Actor=Troll Generation=25 Status=PERSISTED Source=TrollFist Side=RIGHT Requests=1 Outstanding=1 CleanupObserved=0 Group=7
CORE RAW55_QUICK_FIST_REARM_PROBE Actor=Troll C1=25 Action=5 StatePosition=1 StateTime=0.481777 Right=TrollFist RightUseType=55 GroupBefore=5 RequestedGroup=7 GroupAfter=7 EarlySuppressionProof=1 ClearTriggeredList=1 REARM_PROBE=1
CORE RAW55_QUICK_CALLBACK_BOUNDARY Actor=Troll C1=25 SameC1=1 Action=5->5 Phase=1->1 StateTime=0.481777->0.481777 StatePosition=1->1 MotionBefore=Troll_Stand_Fist_Fist_P0_QuickAttackL_Hit_N_Fwd_00_%_00_P0_100.xmot MotionAfter=Troll_Stand_Fist_Fist_P0_QuickAttackL_Hit_N_Fwd_00_%_00_P0_100.xmot Right=TrollFist RightUseType=55 RightGroup=7->7 NativeResult=1 OBSERVE_NATIVE=1
CORE RAW55_QUICK_CALLBACK_BOUNDARY Actor=Troll C1=25 SameC1=1 Action=5->5 Phase=1->1 StateTime=0.490110->0.490110 StatePosition=1->1 MotionBefore=Troll_Stand_Fist_Fist_P0_QuickAttackL_Hit_N_Fwd_00_%_00_P0_100.xmot MotionAfter=Troll_Stand_Fist_Fist_P0_QuickAttackL_Hit_N_Fwd_00_%_00_P0_100.xmot Right=TrollFist RightUseType=55 RightGroup=7->7 NativeResult=1 OBSERVE_NATIVE=1
CORE RAW55_QUICK_CALLBACK_BOUNDARY Actor=Troll C1=25 SameC1=1 Action=5->5 Phase=1->1 StateTime=0.498443->0.498443 StatePosition=1->1 MotionBefore=Troll_Stand_Fist_Fist_P0_QuickAttackL_Hit_N_Fwd_00_%_00_P0_100.xmot MotionAfter=Troll_Stand_Fist_Fist_P0_QuickAttackL_Hit_N_Fwd_00_%_00_P0_100.xmot Right=TrollFist RightUseType=55 RightGroup=7->7 NativeResult=1 OBSERVE_NATIVE=1
CORE RAW55_QUICK_CALLBACK_BOUNDARY Actor=Troll C1=25 SameC1=1 Action=5->5 Phase=1->1 StateTime=0.506777->0.506777 StatePosition=1->1 MotionBefore=Troll_Stand_Fist_Fist_P0_QuickAttackL_Hit_N_Fwd_00_%_00_P0_100.xmot MotionAfter=Troll_Stand_Fist_Fist_P0_QuickAttackL_Hit_N_Fwd_00_%_00_P0_100.xmot Right=TrollFist RightUseType=55 RightGroup=7->7 NativeResult=1 OBSERVE_NATIVE=1
CORE RAW55_QUICK_CALLBACK_BOUNDARY Actor=Troll C1=25 SameC1=1 Action=5->5 Phase=1->1 StateTime=0.515747->0.515747 StatePosition=1->1 MotionBefore=Troll_Stand_Fist_Fist_P0_QuickAttackL_Hit_N_Fwd_00_%_00_P0_100.xmot MotionAfter=Troll_Stand_Fist_Fist_P0_QuickAttackL_Hit_N_Fwd_00_%_00_P0_100.xmot Right=TrollFist RightUseType=55 RightGroup=7->7 NativeResult=1 OBSERVE_NATIVE=1
CORE RAW55_QUICK_CALLBACK_BOUNDARY Actor=Troll C1=25 SameC1=1 Action=5->5 Phase=1->1 StateTime=0.524081->0.524081 StatePosition=1->1 MotionBefore=Troll_Stand_Fist_Fist_P0_QuickAttackL_Hit_N_Fwd_00_%_00_P0_100.xmot MotionAfter=Troll_Stand_Fist_Fist_P0_QuickAttackL_Hit_N_Fwd_00_%_00_P0_100.xmot Right=TrollFist RightUseType=55 RightGroup=7->7 NativeResult=1 OBSERVE_NATIVE=1
CORE RAW55_QUICK_CALLBACK_BOUNDARY Actor=Troll C1=25 SameC1=1 Action=5->5 Phase=1->1 StateTime=0.533051->0.533051 StatePosition=1->1 MotionBefore=Troll_Stand_Fist_Fist_P0_QuickAttackL_Hit_N_Fwd_00_%_00_P0_100.xmot MotionAfter=Troll_Stand_Fist_Fist_P0_QuickAttackL_Hit_N_Fwd_00_%_00_P0_100.xmot Right=TrollFist RightUseType=55 RightGroup=7->7 NativeResult=1 OBSERVE_NATIVE=1
CORE RAW55_QUICK_CALLBACK_BOUNDARY Actor=Troll C1=25 SameC1=1 Action=5->5 Phase=1->1 StateTime=0.541385->0.541385 StatePosition=1->1 MotionBefore=Troll_Stand_Fist_Fist_P0_QuickAttackL_Hit_N_Fwd_00_%_00_P0_100.xmot MotionAfter=Troll_Stand_Fist_Fist_P0_QuickAttackL_Hit_N_Fwd_00_%_00_P0_100.xmot Right=TrollFist RightUseType=55 RightGroup=7->7 NativeResult=1 OBSERVE_NATIVE=1
CORE RAW55_QUICK_CALLBACK_BOUNDARY Actor=Troll C1=25 SameC1=1 Action=5->5 Phase=1->1 StateTime=0.549718->0.549718 StatePosition=1->1 MotionBefore=Troll_Stand_Fist_Fist_P0_QuickAttackL_Hit_N_Fwd_00_%_00_P0_100.xmot MotionAfter=Troll_Stand_Fist_Fist_P0_QuickAttackL_Hit_N_Fwd_00_%_00_P0_100.xmot Right=TrollFist RightUseType=55 RightGroup=7->7 NativeResult=1 OBSERVE_NATIVE=1
CORE RAW55_QUICK_CALLBACK_BOUNDARY Actor=Troll C1=25 SameC1=1 Action=5->5 Phase=1->1 StateTime=0.558051->0.558051 StatePosition=1->1 MotionBefore=Troll_Stand_Fist_Fist_P0_QuickAttackL_Hit_N_Fwd_00_%_00_P0_100.xmot MotionAfter=Troll_Stand_Fist_Fist_P0_QuickAttackL_Hit_N_Fwd_00_%_00_P0_100.xmot Right=TrollFist RightUseType=55 RightGroup=7->7 NativeResult=1 OBSERVE_NATIVE=1
CORE RAW55_QUICK_CALLBACK_BOUNDARY Actor=Troll C1=25 SameC1=1 Action=5->5 Phase=1->1 StateTime=0.567022->0.567022 StatePosition=1->1 MotionBefore=Troll_Stand_Fist_Fist_P0_QuickAttackL_Hit_N_Fwd_00_%_00_P0_100.xmot MotionAfter=Troll_Stand_Fist_Fist_P0_QuickAttackL_Hit_N_Fwd_00_%_00_P0_100.xmot Right=TrollFist RightUseType=55 RightGroup=7->7 NativeResult=1 OBSERVE_NATIVE=1
CORE RAW55_QUICK_CALLBACK_BOUNDARY Actor=Troll C1=25 SameC1=1 Action=5->5 Phase=1->1 StateTime=0.575355->0.575355 StatePosition=1->1 MotionBefore=Troll_Stand_Fist_Fist_P0_QuickAttackL_Hit_N_Fwd_00_%_00_P0_100.xmot MotionAfter=Troll_Stand_Fist_Fist_P0_QuickAttackL_Hit_N_Fwd_00_%_00_P0_100.xmot Right=TrollFist RightUseType=55 RightGroup=7->7 NativeResult=1 OBSERVE_NATIVE=1
CORE RAW55_QUICK_CALLBACK_BOUNDARY Actor=Troll C1=25 SameC1=1 Action=5->5 Phase=1->1 StateTime=0.586297->0.586297 StatePosition=1->1 MotionBefore=Troll_Stand_Fist_Fist_P0_QuickAttackL_Hit_N_Fwd_00_%_00_P0_100.xmot MotionAfter=Troll_Stand_Fist_Fist_P0_QuickAttackL_Hit_N_Fwd_00_%_00_P0_100.xmot Right=TrollFist RightUseType=55 RightGroup=7->7 NativeResult=1 OBSERVE_NATIVE=1
CORE RAW55_QUICK_CALLBACK_BOUNDARY Actor=Troll C1=25 SameC1=1 Action=5->5 Phase=1->1 StateTime=0.594630->0.594630 StatePosition=1->1 MotionBefore=Troll_Stand_Fist_Fist_P0_QuickAttackL_Hit_N_Fwd_00_%_00_P0_100.xmot MotionAfter=Troll_Stand_Fist_Fist_P0_QuickAttackL_Hit_N_Fwd_00_%_00_P0_100.xmot Right=TrollFist RightUseType=55 RightGroup=7->7 NativeResult=1 OBSERVE_NATIVE=1
CORE RAW55_QUICK_CALLBACK_BOUNDARY Actor=Troll C1=25 SameC1=1 Action=5->5 Phase=1->1 StateTime=0.603601->0.603601 StatePosition=1->1 MotionBefore=Troll_Stand_Fist_Fist_P0_QuickAttackL_Hit_N_Fwd_00_%_00_P0_100.xmot MotionAfter=Troll_Stand_Fist_Fist_P0_QuickAttackL_Hit_N_Fwd_00_%_00_P0_100.xmot Right=TrollFist RightUseType=55 RightGroup=7->7 NativeResult=1 OBSERVE_NATIVE=1
CORE RAW55_QUICK_CALLBACK_BOUNDARY Actor=Troll C1=25 SameC1=1 Action=5->5 Phase=1->1 StateTime=0.611934->0.611934 StatePosition=1->1 MotionBefore=Troll_Stand_Fist_Fist_P0_QuickAttackL_Hit_N_Fwd_00_%_00_P0_100.xmot MotionAfter=Troll_Stand_Fist_Fist_P0_QuickAttackL_Hit_N_Fwd_00_%_00_P0_100.xmot Right=TrollFist RightUseType=55 RightGroup=7->7 NativeResult=1 OBSERVE_NATIVE=1
CORE RAW55_QUICK_CALLBACK_BOUNDARY Actor=Troll C1=25 SameC1=1 Action=5->5 Phase=1->1 StateTime=0.620268->0.620268 StatePosition=1->1 MotionBefore=Troll_Stand_Fist_Fist_P0_QuickAttackL_Hit_N_Fwd_00_%_00_P0_100.xmot MotionAfter=Troll_Stand_Fist_Fist_P0_QuickAttackL_Hit_N_Fwd_00_%_00_P0_100.xmot Right=TrollFist RightUseType=55 RightGroup=7->7 NativeResult=1 OBSERVE_NATIVE=1
CORE RAW55_QUICK_CALLBACK_BOUNDARY Actor=Troll C1=25 SameC1=1 Action=5->5 Phase=1->1 StateTime=0.629238->0.629238 StatePosition=1->1 MotionBefore=Troll_Stand_Fist_Fist_P0_QuickAttackL_Hit_N_Fwd_00_%_00_P0_100.xmot MotionAfter=Troll_Stand_Fist_Fist_P0_QuickAttackL_Hit_N_Fwd_00_%_00_P0_100.xmot Right=TrollFist RightUseType=55 RightGroup=7->7 NativeResult=1 OBSERVE_NATIVE=1
CORE RAW55_QUICK_CALLBACK_BOUNDARY Actor=Troll C1=25 SameC1=1 Action=5->5 Phase=1->1 StateTime=0.637572->0.637572 StatePosition=1->1 MotionBefore=Troll_Stand_Fist_Fist_P0_QuickAttackL_Hit_N_Fwd_00_%_00_P0_100.xmot MotionAfter=Troll_Stand_Fist_Fist_P0_QuickAttackL_Hit_N_Fwd_00_%_00_P0_100.xmot Right=TrollFist RightUseType=55 RightGroup=7->7 NativeResult=1 OBSERVE_NATIVE=1
CORE RAW55_QUICK_CALLBACK_BOUNDARY Actor=Troll C1=25 SameC1=1 Action=5->5 Phase=1->1 StateTime=0.645905->0.645905 StatePosition=1->1 MotionBefore=Troll_Stand_Fist_Fist_P0_QuickAttackL_Hit_N_Fwd_00_%_00_P0_100.xmot MotionAfter=Troll_Stand_Fist_Fist_P0_QuickAttackL_Hit_N_Fwd_00_%_00_P0_100.xmot Right=TrollFist RightUseType=55 RightGroup=7->7 NativeResult=1 OBSERVE_NATIVE=1
CORE RAW55_QUICK_CALLBACK_BOUNDARY Actor=Troll C1=25 SameC1=1 Action=5->5 Phase=1->1 StateTime=0.654238->0.654238 StatePosition=1->1 MotionBefore=Troll_Stand_Fist_Fist_P0_QuickAttackL_Hit_N_Fwd_00_%_00_P0_100.xmot MotionAfter=Troll_Stand_Fist_Fist_P0_QuickAttackL_Hit_N_Fwd_00_%_00_P0_100.xmot Right=TrollFist RightUseType=55 RightGroup=7->7 NativeResult=1 OBSERVE_NATIVE=1
CORE RAW55_QUICK_CALLBACK_BOUNDARY Actor=Troll C1=25 SameC1=1 Action=5->5 Phase=1->1 StateTime=0.662572->0.662572 StatePosition=1->1 MotionBefore=Troll_Stand_Fist_Fist_P0_QuickAttackL_Hit_N_Fwd_00_%_00_P0_100.xmot MotionAfter=Troll_Stand_Fist_Fist_P0_QuickAttackL_Hit_N_Fwd_00_%_00_P0_100.xmot Right=TrollFist RightUseType=55 RightGroup=7->7 NativeResult=1 OBSERVE_NATIVE=1
CORE RAW55_QUICK_CALLBACK_BOUNDARY Actor=Troll C1=25 SameC1=1 Action=5->5 Phase=1->1 StateTime=0.670905->0.670905 StatePosition=1->1 MotionBefore=Troll_Stand_Fist_Fist_P0_QuickAttackL_Hit_N_Fwd_00_%_00_P0_100.xmot MotionAfter=Troll_Stand_Fist_Fist_P0_QuickAttackL_Hit_N_Fwd_00_%_00_P0_100.xmot Right=TrollFist RightUseType=55 RightGroup=7->7 NativeResult=1 OBSERVE_NATIVE=1
CORE RAW55_QUICK_CALLBACK_BOUNDARY Actor=Troll C1=25 SameC1=1 Action=5->5 Phase=1->1 StateTime=0.679238->0.679238 StatePosition=1->1 MotionBefore=Troll_Stand_Fist_Fist_P0_QuickAttackL_Hit_N_Fwd_00_%_00_P0_100.xmot MotionAfter=Troll_Stand_Fist_Fist_P0_QuickAttackL_Hit_N_Fwd_00_%_00_P0_100.xmot Right=TrollFist RightUseType=55 RightGroup=7->7 NativeResult=1 OBSERVE_NATIVE=1
CORE RAW55_QUICK_CALLBACK_BOUNDARY Actor=Troll C1=25 SameC1=1 Action=5->5 Phase=1->1 StateTime=0.687572->0.687572 StatePosition=1->1 MotionBefore=Troll_Stand_Fist_Fist_P0_QuickAttackL_Hit_N_Fwd_00_%_00_P0_100.xmot MotionAfter=Troll_Stand_Fist_Fist_P0_QuickAttackL_Hit_N_Fwd_00_%_00_P0_100.xmot Right=TrollFist RightUseType=55 RightGroup=7->7 NativeResult=1 OBSERVE_NATIVE=1
CORE RAW55_QUICK_CALLBACK_BOUNDARY Actor=Troll C1=25 SameC1=1 Action=5->5 Phase=1->1 StateTime=0.696542->0.696542 StatePosition=1->1 MotionBefore=Troll_Stand_Fist_Fist_P0_QuickAttackL_Hit_N_Fwd_00_%_00_P0_100.xmot MotionAfter=Troll_Stand_Fist_Fist_P0_QuickAttackL_Hit_N_Fwd_00_%_00_P0_100.xmot Right=TrollFist RightUseType=55 RightGroup=7->7 NativeResult=1 OBSERVE_NATIVE=1
CORE RAW55_QUICK_CALLBACK_BOUNDARY Actor=Troll C1=25 SameC1=1 Action=5->5 Phase=1->1 StateTime=0.704876->0.704876 StatePosition=1->1 MotionBefore=Troll_Stand_Fist_Fist_P0_QuickAttackL_Hit_N_Fwd_00_%_00_P0_100.xmot MotionAfter=Troll_Stand_Fist_Fist_P0_QuickAttackL_Hit_N_Fwd_00_%_00_P0_100.xmot Right=TrollFist RightUseType=55 RightGroup=7->7 NativeResult=1 OBSERVE_NATIVE=1
CORE RAW55_QUICK_CALLBACK_BOUNDARY Actor=Troll C1=25 SameC1=1 Action=5->5 Phase=1->1 StateTime=0.713846->0.713846 StatePosition=1->1 MotionBefore=Troll_Stand_Fist_Fist_P0_QuickAttackL_Hit_N_Fwd_00_%_00_P0_100.xmot MotionAfter=Troll_Stand_Fist_Fist_P0_QuickAttackL_Hit_N_Fwd_00_%_00_P0_100.xmot Right=TrollFist RightUseType=55 RightGroup=7->7 NativeResult=1 OBSERVE_NATIVE=1
CORE RAW55_QUICK_CALLBACK_BOUNDARY Actor=Troll C1=25 SameC1=1 Action=5->5 Phase=1->1 StateTime=0.722180->0.722180 StatePosition=1->1 MotionBefore=Troll_Stand_Fist_Fist_P0_QuickAttackL_Hit_N_Fwd_00_%_00_P0_100.xmot MotionAfter=Troll_Stand_Fist_Fist_P0_QuickAttackL_Hit_N_Fwd_00_%_00_P0_100.xmot Right=TrollFist RightUseType=55 RightGroup=7->7 NativeResult=1 OBSERVE_NATIVE=1
CORE RAW55_QUICK_CALLBACK_BOUNDARY Actor=Troll C1=25 SameC1=1 Action=5->5 Phase=1->1 StateTime=0.730513->0.730513 StatePosition=1->1 MotionBefore=Troll_Stand_Fist_Fist_P0_QuickAttackL_Hit_N_Fwd_00_%_00_P0_100.xmot MotionAfter=Troll_Stand_Fist_Fist_P0_QuickAttackL_Hit_N_Fwd_00_%_00_P0_100.xmot Right=TrollFist RightUseType=55 RightGroup=7->7 NativeResult=1 OBSERVE_NATIVE=1
CORE RAW55_QUICK_CALLBACK_BOUNDARY Actor=Troll C1=25 SameC1=1 Action=5->5 Phase=1->1 StateTime=0.738846->0.738846 StatePosition=1->1 MotionBefore=Troll_Stand_Fist_Fist_P0_QuickAttackL_Hit_N_Fwd_00_%_00_P0_100.xmot MotionAfter=Troll_Stand_Fist_Fist_P0_QuickAttackL_Hit_N_Fwd_00_%_00_P0_100.xmot Right=TrollFist RightUseType=55 RightGroup=7->7 NativeResult=1 OBSERVE_NATIVE=1
CORE RAW55_QUICK_CALLBACK_BOUNDARY Actor=Troll C1=25 SameC1=1 Action=5->5 Phase=1->1 StateTime=0.747180->0.747180 StatePosition=1->1 MotionBefore=Troll_Stand_Fist_Fist_P0_QuickAttackL_Hit_N_Fwd_00_%_00_P0_100.xmot MotionAfter=Troll_Stand_Fist_Fist_P0_QuickAttackL_Hit_N_Fwd_00_%_00_P0_100.xmot Right=TrollFist RightUseType=55 RightGroup=7->7 NativeResult=1 OBSERVE_NATIVE=1
CORE RAW55_QUICK_CALLBACK_BOUNDARY Actor=Troll C1=25 SameC1=1 Action=5->5 Phase=1->1 StateTime=0.755513->0.755513 StatePosition=1->1 MotionBefore=Troll_Stand_Fist_Fist_P0_QuickAttackL_Hit_N_Fwd_00_%_00_P0_100.xmot MotionAfter=Troll_Stand_Fist_Fist_P0_QuickAttackL_Hit_N_Fwd_00_%_00_P0_100.xmot Right=TrollFist RightUseType=55 RightGroup=7->7 NativeResult=1 OBSERVE_NATIVE=1
CORE RAW55_QUICK_CALLBACK_BOUNDARY Actor=Troll C1=25 SameC1=1 Action=5->5 Phase=1->1 StateTime=0.764484->0.764484 StatePosition=1->1 MotionBefore=Troll_Stand_Fist_Fist_P0_QuickAttackL_Hit_N_Fwd_00_%_00_P0_100.xmot MotionAfter=Troll_Stand_Fist_Fist_P0_QuickAttackL_Hit_N_Fwd_00_%_00_P0_100.xmot Right=TrollFist RightUseType=55 RightGroup=7->7 NativeResult=1 OBSERVE_NATIVE=1
CORE RAW55_QUICK_CALLBACK_BOUNDARY Actor=Troll C1=25 SameC1=1 Action=5->5 Phase=1->1 StateTime=0.772817->0.772817 StatePosition=1->1 MotionBefore=Troll_Stand_Fist_Fist_P0_QuickAttackL_Hit_N_Fwd_00_%_00_P0_100.xmot MotionAfter=Troll_Stand_Fist_Fist_P0_QuickAttackL_Hit_N_Fwd_00_%_00_P0_100.xmot Right=TrollFist RightUseType=55 RightGroup=7->7 NativeResult=1 OBSERVE_NATIVE=1
CORE RAW55_QUICK_CALLBACK_BOUNDARY Actor=Troll C1=25 SameC1=1 Action=5->5 Phase=1->1 StateTime=0.781150->0.781150 StatePosition=1->1 MotionBefore=Troll_Stand_Fist_Fist_P0_QuickAttackL_Hit_N_Fwd_00_%_00_P0_100.xmot MotionAfter=Troll_Stand_Fist_Fist_P0_QuickAttackL_Hit_N_Fwd_00_%_00_P0_100.xmot Right=TrollFist RightUseType=55 RightGroup=7->7 NativeResult=1 OBSERVE_NATIVE=1
CORE RAW55_QUICK_CALLBACK_BOUNDARY Actor=Troll C1=25 SameC1=1 Action=5->5 Phase=1->1 StateTime=0.789484->0.789484 StatePosition=1->1 MotionBefore=Troll_Stand_Fist_Fist_P0_QuickAttackL_Hit_N_Fwd_00_%_00_P0_100.xmot MotionAfter=Troll_Stand_Fist_Fist_P0_QuickAttackL_Hit_N_Fwd_00_%_00_P0_100.xmot Right=TrollFist RightUseType=55 RightGroup=7->7 NativeResult=1 OBSERVE_NATIVE=1
CORE RAW55_QUICK_CALLBACK_BOUNDARY Actor=Troll C1=25 SameC1=1 Action=5->5 Phase=1->1 StateTime=0.797817->0.797817 StatePosition=1->1 MotionBefore=Troll_Stand_Fist_Fist_P0_QuickAttackL_Hit_N_Fwd_00_%_00_P0_100.xmot MotionAfter=Troll_Stand_Fist_Fist_P0_QuickAttackL_Hit_N_Fwd_00_%_00_P0_100.xmot Right=TrollFist RightUseType=55 RightGroup=7->7 NativeResult=1 OBSERVE_NATIVE=1
CORE COLLISION_GROUP ElapsedMs=51084.142 Source=TrollFist UseType=55 Owner=Troll Slot=RIGHT Requested=5 Before=7 After=5 MarkerBitsRetired=0
CORE C1 CLEANUP FULFILLED ElapsedMs=51084.170 Actor=Troll Generation=25 Status=PERSISTED Source=TrollFist Side=RIGHT Requests=1 Outstanding=0 CleanupObserved=1 Group=5
CORE C1_FINAL ElapsedMs=51179.768 Actor=Troll Generation=25 Status=PERSISTED SourceCount=2 PhysicalChanged=0 Source[0]=TrollFist Side=RIGHT Outstanding=0 Cleanup=1 Outcome=NO_OP_NO_OUTSTANDING Source[1]=TrollFist Side=LEFT Outstanding=0 Cleanup=0 Outcome=NO_OP_NO_OUTSTANDING
CORE C1_START ElapsedMs=52390.750 Actor=Troll Generation=26 Status=CANDIDATE Outstanding=0 TrackedSources=2 ReplacedGeneration=0 ReplacedOutstanding=0 Source[0]=TrollFist Side=RIGHT Group=5 Source[1]=TrollFist Side=LEFT Group=5
CORE C1_BIND ElapsedMs=52390.764 Event=COMBAT_MOVE_CANDIDATE_BOUND Actor=Troll Generation=26 Status=CANDIDATE Outstanding=0 Source=<null> Script=_AI_Attack
CORE C1_STATUS ElapsedMs=52390.830 Event=PERSISTED Actor=Troll Generation=26 Status=PERSISTED Outstanding=0
CORE ATTACK_OWNERSHIP ElapsedMs=52390.848 Actor=Troll Family=NORMAL Action=1 Phase=1 Motion=Troll_Stand_Fist_Fist_P0_Attack_Hit_N_Fwd_00_%_00_P0_100.xmot MarkerPresent=1 RequiredMask=0 FistMarkers=1 Raw8Fist=<none> Raw8UseType=-1 SuppressNative=0 Classification=CONTRADICTION
===== CORE ATTACK OWNERSHIP ANOMALY =====
MatchingMotionFound: 1
MarkerScanValid: 1
RequiredSourcesAvailable: 1
RightSourceSlot: RIGHT
RightSourceName: TrollFist
RightSourceUseType: 55
RightSourceCollisionGroup: 5
LeftSourceSlot: LEFT
LeftSourceName: TrollFist
LeftSourceUseType: 55
LeftSourceCollisionGroup: 5
Raw8FistSourceName: <none>
Raw8FistSourceUseType: -1
Raw8FistSourceCollisionGroup: -1
=========================================

CORE RAW55_CALLBACK_SUPPRESSION_PROBE Actor=Troll Family=NORMAL Action=1 Motion=Troll_Stand_Fist_Fist_P0_Attack_Hit_N_Fwd_00_%_00_P0_100.xmot C1=26 Right=TrollFist RightUseType=55 RightGroup=5 Left=TrollFist LeftUseType=55 LeftGroup=5 SUPPRESS_NATIVE=1
CORE RAW55_CALLBACK_SUPPRESSION_PROBE Actor=Troll Family=NORMAL Action=1 Motion=Troll_Stand_Fist_Fist_P0_Attack_Hit_N_Fwd_00_%_00_P0_100.xmot C1=26 Right=TrollFist RightUseType=55 RightGroup=5 Left=TrollFist LeftUseType=55 LeftGroup=5 SUPPRESS_NATIVE=1
CORE RAW55_CALLBACK_SUPPRESSION_PROBE Actor=Troll Family=NORMAL Action=1 Motion=Troll_Stand_Fist_Fist_P0_Attack_Hit_N_Fwd_00_%_00_P0_100.xmot C1=26 Right=TrollFist RightUseType=55 RightGroup=5 Left=TrollFist LeftUseType=55 LeftGroup=5 SUPPRESS_NATIVE=1
CORE RAW55_CALLBACK_SUPPRESSION_PROBE Actor=Troll Family=NORMAL Action=1 Motion=Troll_Stand_Fist_Fist_P0_Attack_Hit_N_Fwd_00_%_00_P0_100.xmot C1=26 Right=TrollFist RightUseType=55 RightGroup=5 Left=TrollFist LeftUseType=55 LeftGroup=5 SUPPRESS_NATIVE=1
CORE RAW55_CALLBACK_SUPPRESSION_PROBE Actor=Troll Family=NORMAL Action=1 Motion=Troll_Stand_Fist_Fist_P0_Attack_Hit_N_Fwd_00_%_00_P0_100.xmot C1=26 Right=TrollFist RightUseType=55 RightGroup=5 Left=TrollFist LeftUseType=55 LeftGroup=5 SUPPRESS_NATIVE=1
CORE RAW55_CALLBACK_SUPPRESSION_PROBE Actor=Troll Family=NORMAL Action=1 Motion=Troll_Stand_Fist_Fist_P0_Attack_Hit_N_Fwd_00_%_00_P0_100.xmot C1=26 Right=TrollFist RightUseType=55 RightGroup=5 Left=TrollFist LeftUseType=55 LeftGroup=5 SUPPRESS_NATIVE=1
CORE RAW55_CALLBACK_SUPPRESSION_PROBE Actor=Troll Family=NORMAL Action=1 Motion=Troll_Stand_Fist_Fist_P0_Attack_Hit_N_Fwd_00_%_00_P0_100.xmot C1=26 Right=TrollFist RightUseType=55 RightGroup=5 Left=TrollFist LeftUseType=55 LeftGroup=5 SUPPRESS_NATIVE=1
CORE RAW55_CALLBACK_SUPPRESSION_PROBE Actor=Troll Family=NORMAL Action=1 Motion=Troll_Stand_Fist_Fist_P0_Attack_Hit_N_Fwd_00_%_00_P0_100.xmot C1=26 Right=TrollFist RightUseType=55 RightGroup=5 Left=TrollFist LeftUseType=55 LeftGroup=5 SUPPRESS_NATIVE=1
CORE RAW55_CALLBACK_SUPPRESSION_PROBE Actor=Troll Family=NORMAL Action=1 Motion=Troll_Stand_Fist_Fist_P0_Attack_Hit_N_Fwd_00_%_00_P0_100.xmot C1=26 Right=TrollFist RightUseType=55 RightGroup=5 Left=TrollFist LeftUseType=55 LeftGroup=5 SUPPRESS_NATIVE=1
CORE RAW55_CALLBACK_SUPPRESSION_PROBE Actor=Troll Family=NORMAL Action=1 Motion=Troll_Stand_Fist_Fist_P0_Attack_Hit_N_Fwd_00_%_00_P0_100.xmot C1=26 Right=TrollFist RightUseType=55 RightGroup=5 Left=TrollFist LeftUseType=55 LeftGroup=5 SUPPRESS_NATIVE=1
CORE RAW55_CALLBACK_SUPPRESSION_PROBE Actor=Troll Family=NORMAL Action=1 Motion=Troll_Stand_Fist_Fist_P0_Attack_Hit_N_Fwd_00_%_00_P0_100.xmot C1=26 Right=TrollFist RightUseType=55 RightGroup=5 Left=TrollFist LeftUseType=55 LeftGroup=5 SUPPRESS_NATIVE=1
CORE RAW55_CALLBACK_SUPPRESSION_PROBE Actor=Troll Family=NORMAL Action=1 Motion=Troll_Stand_Fist_Fist_P0_Attack_Hit_N_Fwd_00_%_00_P0_100.xmot C1=26 Right=TrollFist RightUseType=55 RightGroup=5 Left=TrollFist LeftUseType=55 LeftGroup=5 SUPPRESS_NATIVE=1
CORE RAW55_CALLBACK_SUPPRESSION_PROBE Actor=Troll Family=NORMAL Action=1 Motion=Troll_Stand_Fist_Fist_P0_Attack_Hit_N_Fwd_00_%_00_P0_100.xmot C1=26 Right=TrollFist RightUseType=55 RightGroup=5 Left=TrollFist LeftUseType=55 LeftGroup=5 SUPPRESS_NATIVE=1
CORE RAW55_CALLBACK_SUPPRESSION_PROBE Actor=Troll Family=NORMAL Action=1 Motion=Troll_Stand_Fist_Fist_P0_Attack_Hit_N_Fwd_00_%_00_P0_100.xmot C1=26 Right=TrollFist RightUseType=55 RightGroup=5 Left=TrollFist LeftUseType=55 LeftGroup=5 SUPPRESS_NATIVE=1
CORE RAW55_CALLBACK_SUPPRESSION_PROBE Actor=Troll Family=NORMAL Action=1 Motion=Troll_Stand_Fist_Fist_P0_Attack_Hit_N_Fwd_00_%_00_P0_100.xmot C1=26 Right=TrollFist RightUseType=55 RightGroup=5 Left=TrollFist LeftUseType=55 LeftGroup=5 SUPPRESS_NATIVE=1
CORE RAW55_CALLBACK_SUPPRESSION_PROBE Actor=Troll Family=NORMAL Action=1 Motion=Troll_Stand_Fist_Fist_P0_Attack_Hit_N_Fwd_00_%_00_P0_100.xmot C1=26 Right=TrollFist RightUseType=55 RightGroup=5 Left=TrollFist LeftUseType=55 LeftGroup=5 SUPPRESS_NATIVE=1
CORE RAW55_CALLBACK_SUPPRESSION_PROBE Actor=Troll Family=NORMAL Action=1 Motion=Troll_Stand_Fist_Fist_P0_Attack_Hit_N_Fwd_00_%_00_P0_100.xmot C1=26 Right=TrollFist RightUseType=55 RightGroup=5 Left=TrollFist LeftUseType=55 LeftGroup=5 SUPPRESS_NATIVE=1
CORE RAW55_CALLBACK_SUPPRESSION_PROBE Actor=Troll Family=NORMAL Action=1 Motion=Troll_Stand_Fist_Fist_P0_Attack_Hit_N_Fwd_00_%_00_P0_100.xmot C1=26 Right=TrollFist RightUseType=55 RightGroup=5 Left=TrollFist LeftUseType=55 LeftGroup=5 SUPPRESS_NATIVE=1
CORE RAW55_CALLBACK_SUPPRESSION_PROBE Actor=Troll Family=NORMAL Action=1 Motion=Troll_Stand_Fist_Fist_P0_Attack_Hit_N_Fwd_00_%_00_P0_100.xmot C1=26 Right=TrollFist RightUseType=55 RightGroup=5 Left=TrollFist LeftUseType=55 LeftGroup=5 SUPPRESS_NATIVE=1
CORE RAW55_CALLBACK_SUPPRESSION_PROBE Actor=Troll Family=NORMAL Action=1 Motion=Troll_Stand_Fist_Fist_P0_Attack_Hit_N_Fwd_00_%_00_P0_100.xmot C1=26 Right=TrollFist RightUseType=55 RightGroup=5 Left=TrollFist LeftUseType=55 LeftGroup=5 SUPPRESS_NATIVE=1
CORE RAW55_CALLBACK_SUPPRESSION_PROBE Actor=Troll Family=NORMAL Action=1 Motion=Troll_Stand_Fist_Fist_P0_Attack_Hit_N_Fwd_00_%_00_P0_100.xmot C1=26 Right=TrollFist RightUseType=55 RightGroup=5 Left=TrollFist LeftUseType=55 LeftGroup=5 SUPPRESS_NATIVE=1
CORE RAW55_CALLBACK_SUPPRESSION_PROBE Actor=Troll Family=NORMAL Action=1 Motion=Troll_Stand_Fist_Fist_P0_Attack_Hit_N_Fwd_00_%_00_P0_100.xmot C1=26 Right=TrollFist RightUseType=55 RightGroup=5 Left=TrollFist LeftUseType=55 LeftGroup=5 SUPPRESS_NATIVE=1
CORE RAW55_CALLBACK_SUPPRESSION_PROBE Actor=Troll Family=NORMAL Action=1 Motion=Troll_Stand_Fist_Fist_P0_Attack_Hit_N_Fwd_00_%_00_P0_100.xmot C1=26 Right=TrollFist RightUseType=55 RightGroup=5 Left=TrollFist LeftUseType=55 LeftGroup=5 SUPPRESS_NATIVE=1
CORE RAW55_CALLBACK_SUPPRESSION_PROBE Actor=Troll Family=NORMAL Action=1 Motion=Troll_Stand_Fist_Fist_P0_Attack_Hit_N_Fwd_00_%_00_P0_100.xmot C1=26 Right=TrollFist RightUseType=55 RightGroup=5 Left=TrollFist LeftUseType=55 LeftGroup=5 SUPPRESS_NATIVE=1
CORE RAW55_CALLBACK_SUPPRESSION_PROBE Actor=Troll Family=NORMAL Action=1 Motion=Troll_Stand_Fist_Fist_P0_Attack_Hit_N_Fwd_00_%_00_P0_100.xmot C1=26 Right=TrollFist RightUseType=55 RightGroup=5 Left=TrollFist LeftUseType=55 LeftGroup=5 SUPPRESS_NATIVE=1
CORE RAW55_CALLBACK_SUPPRESSION_PROBE Actor=Troll Family=NORMAL Action=1 Motion=Troll_Stand_Fist_Fist_P0_Attack_Hit_N_Fwd_00_%_00_P0_100.xmot C1=26 Right=TrollFist RightUseType=55 RightGroup=5 Left=TrollFist LeftUseType=55 LeftGroup=5 SUPPRESS_NATIVE=1
CORE RAW55_CALLBACK_SUPPRESSION_PROBE Actor=Troll Family=NORMAL Action=1 Motion=Troll_Stand_Fist_Fist_P0_Attack_Hit_N_Fwd_00_%_00_P0_100.xmot C1=26 Right=TrollFist RightUseType=55 RightGroup=5 Left=TrollFist LeftUseType=55 LeftGroup=5 SUPPRESS_NATIVE=1
CORE RAW55_CALLBACK_SUPPRESSION_PROBE Actor=Troll Family=NORMAL Action=1 Motion=Troll_Stand_Fist_Fist_P0_Attack_Hit_N_Fwd_00_%_00_P0_100.xmot C1=26 Right=TrollFist RightUseType=55 RightGroup=5 Left=TrollFist LeftUseType=55 LeftGroup=5 SUPPRESS_NATIVE=1
CORE RAW55_CALLBACK_SUPPRESSION_PROBE Actor=Troll Family=NORMAL Action=1 Motion=Troll_Stand_Fist_Fist_P0_Attack_Hit_N_Fwd_00_%_00_P0_100.xmot C1=26 Right=TrollFist RightUseType=55 RightGroup=5 Left=TrollFist LeftUseType=55 LeftGroup=5 SUPPRESS_NATIVE=1
CORE RAW55_CALLBACK_SUPPRESSION_PROBE Actor=Troll Family=NORMAL Action=1 Motion=Troll_Stand_Fist_Fist_P0_Attack_Hit_N_Fwd_00_%_00_P0_100.xmot C1=26 Right=TrollFist RightUseType=55 RightGroup=5 Left=TrollFist LeftUseType=55 LeftGroup=5 SUPPRESS_NATIVE=1
CORE RAW55_CALLBACK_SUPPRESSION_PROBE Actor=Troll Family=NORMAL Action=1 Motion=Troll_Stand_Fist_Fist_P0_Attack_Hit_N_Fwd_00_%_00_P0_100.xmot C1=26 Right=TrollFist RightUseType=55 RightGroup=5 Left=TrollFist LeftUseType=55 LeftGroup=5 SUPPRESS_NATIVE=1
CORE RAW55_CALLBACK_SUPPRESSION_PROBE Actor=Troll Family=NORMAL Action=1 Motion=Troll_Stand_Fist_Fist_P0_Attack_Hit_N_Fwd_00_%_00_P0_100.xmot C1=26 Right=TrollFist RightUseType=55 RightGroup=5 Left=TrollFist LeftUseType=55 LeftGroup=5 SUPPRESS_NATIVE=1
CORE RAW55_CALLBACK_SUPPRESSION_PROBE Actor=Troll Family=NORMAL Action=1 Motion=Troll_Stand_Fist_Fist_P0_Attack_Hit_N_Fwd_00_%_00_P0_100.xmot C1=26 Right=TrollFist RightUseType=55 RightGroup=5 Left=TrollFist LeftUseType=55 LeftGroup=5 SUPPRESS_NATIVE=1
CORE RAW55_CALLBACK_SUPPRESSION_PROBE Actor=Troll Family=NORMAL Action=1 Motion=Troll_Stand_Fist_Fist_P0_Attack_Hit_N_Fwd_00_%_00_P0_100.xmot C1=26 Right=TrollFist RightUseType=55 RightGroup=5 Left=TrollFist LeftUseType=55 LeftGroup=5 SUPPRESS_NATIVE=1
CORE RAW55_CALLBACK_SUPPRESSION_PROBE Actor=Troll Family=NORMAL Action=1 Motion=Troll_Stand_Fist_Fist_P0_Attack_Hit_N_Fwd_00_%_00_P0_100.xmot C1=26 Right=TrollFist RightUseType=55 RightGroup=5 Left=TrollFist LeftUseType=55 LeftGroup=5 SUPPRESS_NATIVE=1
CORE RAW55_CALLBACK_SUPPRESSION_PROBE Actor=Troll Family=NORMAL Action=1 Motion=Troll_Stand_Fist_Fist_P0_Attack_Hit_N_Fwd_00_%_00_P0_100.xmot C1=26 Right=TrollFist RightUseType=55 RightGroup=5 Left=TrollFist LeftUseType=55 LeftGroup=5 SUPPRESS_NATIVE=1
CORE RAW55_CALLBACK_SUPPRESSION_PROBE Actor=Troll Family=NORMAL Action=1 Motion=Troll_Stand_Fist_Fist_P0_Attack_Hit_N_Fwd_00_%_00_P0_100.xmot C1=26 Right=TrollFist RightUseType=55 RightGroup=5 Left=TrollFist LeftUseType=55 LeftGroup=5 SUPPRESS_NATIVE=1
CORE RAW55_CALLBACK_SUPPRESSION_PROBE Actor=Troll Family=NORMAL Action=1 Motion=Troll_Stand_Fist_Fist_P0_Attack_Hit_N_Fwd_00_%_00_P0_100.xmot C1=26 Right=TrollFist RightUseType=55 RightGroup=5 Left=TrollFist LeftUseType=55 LeftGroup=5 SUPPRESS_NATIVE=1
CORE RAW55_CALLBACK_SUPPRESSION_PROBE Actor=Troll Family=NORMAL Action=1 Motion=Troll_Stand_Fist_Fist_P0_Attack_Hit_N_Fwd_00_%_00_P0_100.xmot C1=26 Right=TrollFist RightUseType=55 RightGroup=5 Left=TrollFist LeftUseType=55 LeftGroup=5 SUPPRESS_NATIVE=1
CORE RAW55_CALLBACK_SUPPRESSION_PROBE Actor=Troll Family=NORMAL Action=1 Motion=Troll_Stand_Fist_Fist_P0_Attack_Hit_N_Fwd_00_%_00_P0_100.xmot C1=26 Right=TrollFist RightUseType=55 RightGroup=5 Left=TrollFist LeftUseType=55 LeftGroup=5 SUPPRESS_NATIVE=1
CORE RAW55_CALLBACK_SUPPRESSION_PROBE Actor=Troll Family=NORMAL Action=1 Motion=Troll_Stand_Fist_Fist_P0_Attack_Hit_N_Fwd_00_%_00_P0_100.xmot C1=26 Right=TrollFist RightUseType=55 RightGroup=5 Left=TrollFist LeftUseType=55 LeftGroup=5 SUPPRESS_NATIVE=1
CORE RAW55_CALLBACK_SUPPRESSION_PROBE Actor=Troll Family=NORMAL Action=1 Motion=Troll_Stand_Fist_Fist_P0_Attack_Hit_N_Fwd_00_%_00_P0_100.xmot C1=26 Right=TrollFist RightUseType=55 RightGroup=5 Left=TrollFist LeftUseType=55 LeftGroup=5 SUPPRESS_NATIVE=1
CORE RAW55_CALLBACK_SUPPRESSION_PROBE Actor=Troll Family=NORMAL Action=1 Motion=Troll_Stand_Fist_Fist_P0_Attack_Hit_N_Fwd_00_%_00_P0_100.xmot C1=26 Right=TrollFist RightUseType=55 RightGroup=5 Left=TrollFist LeftUseType=55 LeftGroup=5 SUPPRESS_NATIVE=1
CORE RAW55_CALLBACK_SUPPRESSION_PROBE Actor=Troll Family=NORMAL Action=1 Motion=Troll_Stand_Fist_Fist_P0_Attack_Hit_N_Fwd_00_%_00_P0_100.xmot C1=26 Right=TrollFist RightUseType=55 RightGroup=5 Left=TrollFist LeftUseType=55 LeftGroup=5 SUPPRESS_NATIVE=1
CORE RAW55_CALLBACK_SUPPRESSION_PROBE Actor=Troll Family=NORMAL Action=1 Motion=Troll_Stand_Fist_Fist_P0_Attack_Hit_N_Fwd_00_%_00_P0_100.xmot C1=26 Right=TrollFist RightUseType=55 RightGroup=5 Left=TrollFist LeftUseType=55 LeftGroup=5 SUPPRESS_NATIVE=1
CORE RAW55_CALLBACK_SUPPRESSION_PROBE Actor=Troll Family=NORMAL Action=1 Motion=Troll_Stand_Fist_Fist_P0_Attack_Hit_N_Fwd_00_%_00_P0_100.xmot C1=26 Right=TrollFist RightUseType=55 RightGroup=5 Left=TrollFist LeftUseType=55 LeftGroup=5 SUPPRESS_NATIVE=1
CORE RAW55_CALLBACK_SUPPRESSION_PROBE Actor=Troll Family=NORMAL Action=1 Motion=Troll_Stand_Fist_Fist_P0_Attack_Hit_N_Fwd_00_%_00_P0_100.xmot C1=26 Right=TrollFist RightUseType=55 RightGroup=5 Left=TrollFist LeftUseType=55 LeftGroup=5 SUPPRESS_NATIVE=1
CORE RAW55_CALLBACK_SUPPRESSION_PROBE Actor=Troll Family=NORMAL Action=1 Motion=Troll_Stand_Fist_Fist_P0_Attack_Hit_N_Fwd_00_%_00_P0_100.xmot C1=26 Right=TrollFist RightUseType=55 RightGroup=5 Left=TrollFist LeftUseType=55 LeftGroup=5 SUPPRESS_NATIVE=1
CORE RAW55_CALLBACK_SUPPRESSION_PROBE Actor=Troll Family=NORMAL Action=1 Motion=Troll_Stand_Fist_Fist_P0_Attack_Hit_N_Fwd_00_%_00_P0_100.xmot C1=26 Right=TrollFist RightUseType=55 RightGroup=5 Left=TrollFist LeftUseType=55 LeftGroup=5 SUPPRESS_NATIVE=1
CORE RAW55_CALLBACK_SUPPRESSION_PROBE Actor=Troll Family=NORMAL Action=1 Motion=Troll_Stand_Fist_Fist_P0_Attack_Hit_N_Fwd_00_%_00_P0_100.xmot C1=26 Right=TrollFist RightUseType=55 RightGroup=5 Left=TrollFist LeftUseType=55 LeftGroup=5 SUPPRESS_NATIVE=1
CORE RAW55_CALLBACK_SUPPRESSION_PROBE Actor=Troll Family=NORMAL Action=1 Motion=Troll_Stand_Fist_Fist_P0_Attack_Hit_N_Fwd_00_%_00_P0_100.xmot C1=26 Right=TrollFist RightUseType=55 RightGroup=5 Left=TrollFist LeftUseType=55 LeftGroup=5 SUPPRESS_NATIVE=1
CORE RAW55_CALLBACK_SUPPRESSION_PROBE Actor=Troll Family=NORMAL Action=1 Motion=Troll_Stand_Fist_Fist_P0_Attack_Hit_N_Fwd_00_%_00_P0_100.xmot C1=26 Right=TrollFist RightUseType=55 RightGroup=5 Left=TrollFist LeftUseType=55 LeftGroup=5 SUPPRESS_NATIVE=1
CORE RAW55_CALLBACK_SUPPRESSION_PROBE Actor=Troll Family=NORMAL Action=1 Motion=Troll_Stand_Fist_Fist_P0_Attack_Hit_N_Fwd_00_%_00_P0_100.xmot C1=26 Right=TrollFist RightUseType=55 RightGroup=5 Left=TrollFist LeftUseType=55 LeftGroup=5 SUPPRESS_NATIVE=1
CORE RAW55_CALLBACK_SUPPRESSION_PROBE Actor=Troll Family=NORMAL Action=1 Motion=Troll_Stand_Fist_Fist_P0_Attack_Hit_N_Fwd_00_%_00_P0_100.xmot C1=26 Right=TrollFist RightUseType=55 RightGroup=5 Left=TrollFist LeftUseType=55 LeftGroup=5 SUPPRESS_NATIVE=1
CORE RAW55_CALLBACK_SUPPRESSION_PROBE Actor=Troll Family=NORMAL Action=1 Motion=Troll_Stand_Fist_Fist_P0_Attack_Hit_N_Fwd_00_%_00_P0_100.xmot C1=26 Right=TrollFist RightUseType=55 RightGroup=5 Left=TrollFist LeftUseType=55 LeftGroup=5 SUPPRESS_NATIVE=1
CORE RAW55_CALLBACK_SUPPRESSION_PROBE Actor=Troll Family=NORMAL Action=1 Motion=Troll_Stand_Fist_Fist_P0_Attack_Hit_N_Fwd_00_%_00_P0_100.xmot C1=26 Right=TrollFist RightUseType=55 RightGroup=5 Left=TrollFist LeftUseType=55 LeftGroup=5 SUPPRESS_NATIVE=1
CORE RAW55_CALLBACK_SUPPRESSION_PROBE Actor=Troll Family=NORMAL Action=1 Motion=Troll_Stand_Fist_Fist_P0_Attack_Hit_N_Fwd_00_%_00_P0_100.xmot C1=26 Right=TrollFist RightUseType=55 RightGroup=5 Left=TrollFist LeftUseType=55 LeftGroup=5 SUPPRESS_NATIVE=1
CORE RAW55_CALLBACK_SUPPRESSION_PROBE Actor=Troll Family=NORMAL Action=1 Motion=Troll_Stand_Fist_Fist_P0_Attack_Hit_N_Fwd_00_%_00_P0_100.xmot C1=26 Right=TrollFist RightUseType=55 RightGroup=5 Left=TrollFist LeftUseType=55 LeftGroup=5 SUPPRESS_NATIVE=1
CORE RAW55_CALLBACK_SUPPRESSION_PROBE Actor=Troll Family=NORMAL Action=1 Motion=Troll_Stand_Fist_Fist_P0_Attack_Hit_N_Fwd_00_%_00_P0_100.xmot C1=26 Right=TrollFist RightUseType=55 RightGroup=5 Left=TrollFist LeftUseType=55 LeftGroup=5 SUPPRESS_NATIVE=1
CORE RAW55_CALLBACK_SUPPRESSION_PROBE Actor=Troll Family=NORMAL Action=1 Motion=Troll_Stand_Fist_Fist_P0_Attack_Hit_N_Fwd_00_%_00_P0_100.xmot C1=26 Right=TrollFist RightUseType=55 RightGroup=5 Left=TrollFist LeftUseType=55 LeftGroup=5 SUPPRESS_NATIVE=1
CORE RAW55_CALLBACK_SUPPRESSION_PROBE Actor=Troll Family=NORMAL Action=1 Motion=Troll_Stand_Fist_Fist_P0_Attack_Hit_N_Fwd_00_%_00_P0_100.xmot C1=26 Right=TrollFist RightUseType=55 RightGroup=5 Left=TrollFist LeftUseType=55 LeftGroup=5 SUPPRESS_NATIVE=1
CORE RAW55_CALLBACK_SUPPRESSION_PROBE Actor=Troll Family=NORMAL Action=1 Motion=Troll_Stand_Fist_Fist_P0_Attack_Hit_N_Fwd_00_%_00_P0_100.xmot C1=26 Right=TrollFist RightUseType=55 RightGroup=5 Left=TrollFist LeftUseType=55 LeftGroup=5 SUPPRESS_NATIVE=1
CORE RAW55_CALLBACK_SUPPRESSION_PROBE Actor=Troll Family=NORMAL Action=1 Motion=Troll_Stand_Fist_Fist_P0_Attack_Hit_N_Fwd_00_%_00_P0_100.xmot C1=26 Right=TrollFist RightUseType=55 RightGroup=5 Left=TrollFist LeftUseType=55 LeftGroup=5 SUPPRESS_NATIVE=1
CORE RAW55_CALLBACK_SUPPRESSION_PROBE Actor=Troll Family=NORMAL Action=1 Motion=Troll_Stand_Fist_Fist_P0_Attack_Hit_N_Fwd_00_%_00_P0_100.xmot C1=26 Right=TrollFist RightUseType=55 RightGroup=5 Left=TrollFist LeftUseType=55 LeftGroup=5 SUPPRESS_NATIVE=1
CORE RAW55_CALLBACK_SUPPRESSION_PROBE Actor=Troll Family=NORMAL Action=1 Motion=Troll_Stand_Fist_Fist_P0_Attack_Hit_N_Fwd_00_%_00_P0_100.xmot C1=26 Right=TrollFist RightUseType=55 RightGroup=5 Left=TrollFist LeftUseType=55 LeftGroup=5 SUPPRESS_NATIVE=1
CORE RAW55_CALLBACK_SUPPRESSION_PROBE Actor=Troll Family=NORMAL Action=1 Motion=Troll_Stand_Fist_Fist_P0_Attack_Hit_N_Fwd_00_%_00_P0_100.xmot C1=26 Right=TrollFist RightUseType=55 RightGroup=5 Left=TrollFist LeftUseType=55 LeftGroup=5 SUPPRESS_NATIVE=1
CORE RAW55_CALLBACK_SUPPRESSION_PROBE Actor=Troll Family=NORMAL Action=1 Motion=Troll_Stand_Fist_Fist_P0_Attack_Hit_N_Fwd_00_%_00_P0_100.xmot C1=26 Right=TrollFist RightUseType=55 RightGroup=5 Left=TrollFist LeftUseType=55 LeftGroup=5 SUPPRESS_NATIVE=1
CORE RAW55_CALLBACK_SUPPRESSION_PROBE Actor=Troll Family=NORMAL Action=1 Motion=Troll_Stand_Fist_Fist_P0_Attack_Hit_N_Fwd_00_%_00_P0_100.xmot C1=26 Right=TrollFist RightUseType=55 RightGroup=5 Left=TrollFist LeftUseType=55 LeftGroup=5 SUPPRESS_NATIVE=1
CORE RAW55_CALLBACK_SUPPRESSION_PROBE Actor=Troll Family=NORMAL Action=1 Motion=Troll_Stand_Fist_Fist_P0_Attack_Hit_N_Fwd_00_%_00_P0_100.xmot C1=26 Right=TrollFist RightUseType=55 RightGroup=5 Left=TrollFist LeftUseType=55 LeftGroup=5 SUPPRESS_NATIVE=1
CORE RAW55_CALLBACK_SUPPRESSION_PROBE Actor=Troll Family=NORMAL Action=1 Motion=Troll_Stand_Fist_Fist_P0_Attack_Hit_N_Fwd_00_%_00_P0_100.xmot C1=26 Right=TrollFist RightUseType=55 RightGroup=5 Left=TrollFist LeftUseType=55 LeftGroup=5 SUPPRESS_NATIVE=1
CORE RAW55_CALLBACK_SUPPRESSION_PROBE Actor=Troll Family=NORMAL Action=1 Motion=Troll_Stand_Fist_Fist_P0_Attack_Hit_N_Fwd_00_%_00_P0_100.xmot C1=26 Right=TrollFist RightUseType=55 RightGroup=5 Left=TrollFist LeftUseType=55 LeftGroup=5 SUPPRESS_NATIVE=1
CORE RAW55_CALLBACK_SUPPRESSION_PROBE Actor=Troll Family=NORMAL Action=1 Motion=Troll_Stand_Fist_Fist_P0_Attack_Hit_N_Fwd_00_%_00_P0_100.xmot C1=26 Right=TrollFist RightUseType=55 RightGroup=5 Left=TrollFist LeftUseType=55 LeftGroup=5 SUPPRESS_NATIVE=1
CORE RAW55_CALLBACK_SUPPRESSION_PROBE Actor=Troll Family=NORMAL Action=1 Motion=Troll_Stand_Fist_Fist_P0_Attack_Hit_N_Fwd_00_%_00_P0_100.xmot C1=26 Right=TrollFist RightUseType=55 RightGroup=5 Left=TrollFist LeftUseType=55 LeftGroup=5 SUPPRESS_NATIVE=1
CORE RAW55_CALLBACK_SUPPRESSION_PROBE Actor=Troll Family=NORMAL Action=1 Motion=Troll_Stand_Fist_Fist_P0_Attack_Hit_N_Fwd_00_%_00_P0_100.xmot C1=26 Right=TrollFist RightUseType=55 RightGroup=5 Left=TrollFist LeftUseType=55 LeftGroup=5 SUPPRESS_NATIVE=1
CORE RAW55_CALLBACK_SUPPRESSION_PROBE Actor=Troll Family=NORMAL Action=1 Motion=Troll_Stand_Fist_Fist_P0_Attack_Hit_N_Fwd_00_%_00_P0_100.xmot C1=26 Right=TrollFist RightUseType=55 RightGroup=5 Left=TrollFist LeftUseType=55 LeftGroup=5 SUPPRESS_NATIVE=1
CORE RAW55_CALLBACK_SUPPRESSION_PROBE Actor=Troll Family=NORMAL Action=1 Motion=Troll_Stand_Fist_Fist_P0_Attack_Hit_N_Fwd_00_%_00_P0_100.xmot C1=26 Right=TrollFist RightUseType=55 RightGroup=5 Left=TrollFist LeftUseType=55 LeftGroup=5 SUPPRESS_NATIVE=1
CORE RAW55_CALLBACK_SUPPRESSION_PROBE Actor=Troll Family=NORMAL Action=1 Motion=Troll_Stand_Fist_Fist_P0_Attack_Hit_N_Fwd_00_%_00_P0_100.xmot C1=26 Right=TrollFist RightUseType=55 RightGroup=5 Left=TrollFist LeftUseType=55 LeftGroup=5 SUPPRESS_NATIVE=1
CORE RAW55_CALLBACK_SUPPRESSION_PROBE Actor=Troll Family=NORMAL Action=1 Motion=Troll_Stand_Fist_Fist_P0_Attack_Hit_N_Fwd_00_%_00_P0_100.xmot C1=26 Right=TrollFist RightUseType=55 RightGroup=5 Left=TrollFist LeftUseType=55 LeftGroup=5 SUPPRESS_NATIVE=1
CORE RAW55_CALLBACK_SUPPRESSION_PROBE Actor=Troll Family=NORMAL Action=1 Motion=Troll_Stand_Fist_Fist_P0_Attack_Hit_N_Fwd_00_%_00_P0_100.xmot C1=26 Right=TrollFist RightUseType=55 RightGroup=5 Left=TrollFist LeftUseType=55 LeftGroup=5 SUPPRESS_NATIVE=1
CORE RAW55_CALLBACK_SUPPRESSION_PROBE Actor=Troll Family=NORMAL Action=1 Motion=Troll_Stand_Fist_Fist_P0_Attack_Hit_N_Fwd_00_%_00_P0_100.xmot C1=26 Right=TrollFist RightUseType=55 RightGroup=5 Left=TrollFist LeftUseType=55 LeftGroup=5 SUPPRESS_NATIVE=1
CORE RAW55_CALLBACK_SUPPRESSION_PROBE Actor=Troll Family=NORMAL Action=1 Motion=Troll_Stand_Fist_Fist_P0_Attack_Hit_N_Fwd_00_%_00_P0_100.xmot C1=26 Right=TrollFist RightUseType=55 RightGroup=5 Left=TrollFist LeftUseType=55 LeftGroup=5 SUPPRESS_NATIVE=1
CORE RAW55_CALLBACK_SUPPRESSION_PROBE Actor=Troll Family=NORMAL Action=1 Motion=Troll_Stand_Fist_Fist_P0_Attack_Hit_N_Fwd_00_%_00_P0_100.xmot C1=26 Right=TrollFist RightUseType=55 RightGroup=5 Left=TrollFist LeftUseType=55 LeftGroup=5 SUPPRESS_NATIVE=1
CORE RAW55_CALLBACK_SUPPRESSION_PROBE Actor=Troll Family=NORMAL Action=1 Motion=Troll_Stand_Fist_Fist_P0_Attack_Hit_N_Fwd_00_%_00_P0_100.xmot C1=26 Right=TrollFist RightUseType=55 RightGroup=5 Left=TrollFist LeftUseType=55 LeftGroup=5 SUPPRESS_NATIVE=1
CORE RAW55_CALLBACK_SUPPRESSION_PROBE Actor=Troll Family=NORMAL Action=1 Motion=Troll_Stand_Fist_Fist_P0_Attack_Hit_N_Fwd_00_%_00_P0_100.xmot C1=26 Right=TrollFist RightUseType=55 RightGroup=5 Left=TrollFist LeftUseType=55 LeftGroup=5 SUPPRESS_NATIVE=1
CORE RAW55_CALLBACK_SUPPRESSION_PROBE Actor=Troll Family=NORMAL Action=1 Motion=Troll_Stand_Fist_Fist_P0_Attack_Hit_N_Fwd_00_%_00_P0_100.xmot C1=26 Right=TrollFist RightUseType=55 RightGroup=5 Left=TrollFist LeftUseType=55 LeftGroup=5 SUPPRESS_NATIVE=1
CORE RAW55_CALLBACK_SUPPRESSION_PROBE Actor=Troll Family=NORMAL Action=1 Motion=Troll_Stand_Fist_Fist_P0_Attack_Hit_N_Fwd_00_%_00_P0_100.xmot C1=26 Right=TrollFist RightUseType=55 RightGroup=5 Left=TrollFist LeftUseType=55 LeftGroup=5 SUPPRESS_NATIVE=1
CORE RAW55_CALLBACK_SUPPRESSION_PROBE Actor=Troll Family=NORMAL Action=1 Motion=Troll_Stand_Fist_Fist_P0_Attack_Hit_N_Fwd_00_%_00_P0_100.xmot C1=26 Right=TrollFist RightUseType=55 RightGroup=5 Left=TrollFist LeftUseType=55 LeftGroup=5 SUPPRESS_NATIVE=1
CORE RAW55_CALLBACK_SUPPRESSION_PROBE Actor=Troll Family=NORMAL Action=1 Motion=Troll_Stand_Fist_Fist_P0_Attack_Hit_N_Fwd_00_%_00_P0_100.xmot C1=26 Right=TrollFist RightUseType=55 RightGroup=5 Left=TrollFist LeftUseType=55 LeftGroup=5 SUPPRESS_NATIVE=1
CORE RAW55_CALLBACK_SUPPRESSION_PROBE Actor=Troll Family=NORMAL Action=1 Motion=Troll_Stand_Fist_Fist_P0_Attack_Hit_N_Fwd_00_%_00_P0_100.xmot C1=26 Right=TrollFist RightUseType=55 RightGroup=5 Left=TrollFist LeftUseType=55 LeftGroup=5 SUPPRESS_NATIVE=1
CORE RAW55_CALLBACK_SUPPRESSION_PROBE Actor=Troll Family=NORMAL Action=1 Motion=Troll_Stand_Fist_Fist_P0_Attack_Hit_N_Fwd_00_%_00_P0_100.xmot C1=26 Right=TrollFist RightUseType=55 RightGroup=5 Left=TrollFist LeftUseType=55 LeftGroup=5 SUPPRESS_NATIVE=1
CORE RAW55_CALLBACK_SUPPRESSION_PROBE Actor=Troll Family=NORMAL Action=1 Motion=Troll_Stand_Fist_Fist_P0_Attack_Hit_N_Fwd_00_%_00_P0_100.xmot C1=26 Right=TrollFist RightUseType=55 RightGroup=5 Left=TrollFist LeftUseType=55 LeftGroup=5 SUPPRESS_NATIVE=1
CORE RAW55_CALLBACK_SUPPRESSION_PROBE Actor=Troll Family=NORMAL Action=1 Motion=Troll_Stand_Fist_Fist_P0_Attack_Hit_N_Fwd_00_%_00_P0_100.xmot C1=26 Right=TrollFist RightUseType=55 RightGroup=5 Left=TrollFist LeftUseType=55 LeftGroup=5 SUPPRESS_NATIVE=1
CORE RAW55_CALLBACK_SUPPRESSION_PROBE Actor=Troll Family=NORMAL Action=1 Motion=Troll_Stand_Fist_Fist_P0_Attack_Hit_N_Fwd_00_%_00_P0_100.xmot C1=26 Right=TrollFist RightUseType=55 RightGroup=5 Left=TrollFist LeftUseType=55 LeftGroup=5 SUPPRESS_NATIVE=1
CORE RAW55_CALLBACK_SUPPRESSION_PROBE Actor=Troll Family=NORMAL Action=1 Motion=Troll_Stand_Fist_Fist_P0_Attack_Hit_N_Fwd_00_%_00_P0_100.xmot C1=26 Right=TrollFist RightUseType=55 RightGroup=5 Left=TrollFist LeftUseType=55 LeftGroup=5 SUPPRESS_NATIVE=1
CORE RAW55_CALLBACK_SUPPRESSION_PROBE Actor=Troll Family=NORMAL Action=1 Motion=Troll_Stand_Fist_Fist_P0_Attack_Hit_N_Fwd_00_%_00_P0_100.xmot C1=26 Right=TrollFist RightUseType=55 RightGroup=5 Left=TrollFist LeftUseType=55 LeftGroup=5 SUPPRESS_NATIVE=1
CORE RAW55_CALLBACK_SUPPRESSION_PROBE Actor=Troll Family=NORMAL Action=1 Motion=Troll_Stand_Fist_Fist_P0_Attack_Hit_N_Fwd_00_%_00_P0_100.xmot C1=26 Right=TrollFist RightUseType=55 RightGroup=5 Left=TrollFist LeftUseType=55 LeftGroup=5 SUPPRESS_NATIVE=1
CORE RAW55_CALLBACK_SUPPRESSION_PROBE Actor=Troll Family=NORMAL Action=1 Motion=Troll_Stand_Fist_Fist_P0_Attack_Hit_N_Fwd_00_%_00_P0_100.xmot C1=26 Right=TrollFist RightUseType=55 RightGroup=5 Left=TrollFist LeftUseType=55 LeftGroup=5 SUPPRESS_NATIVE=1
CORE RAW55_CALLBACK_SUPPRESSION_PROBE Actor=Troll Family=NORMAL Action=1 Motion=Troll_Stand_Fist_Fist_P0_Attack_Hit_N_Fwd_00_%_00_P0_100.xmot C1=26 Right=TrollFist RightUseType=55 RightGroup=5 Left=TrollFist LeftUseType=55 LeftGroup=5 SUPPRESS_NATIVE=1
CORE RAW55_CALLBACK_SUPPRESSION_PROBE Actor=Troll Family=NORMAL Action=1 Motion=Troll_Stand_Fist_Fist_P0_Attack_Hit_N_Fwd_00_%_00_P0_100.xmot C1=26 Right=TrollFist RightUseType=55 RightGroup=5 Left=TrollFist LeftUseType=55 LeftGroup=5 SUPPRESS_NATIVE=1
CORE RAW55_CALLBACK_SUPPRESSION_PROBE Actor=Troll Family=NORMAL Action=1 Motion=Troll_Stand_Fist_Fist_P0_Attack_Hit_N_Fwd_00_%_00_P0_100.xmot C1=26 Right=TrollFist RightUseType=55 RightGroup=5 Left=TrollFist LeftUseType=55 LeftGroup=5 SUPPRESS_NATIVE=1
CORE RAW55_CALLBACK_SUPPRESSION_PROBE Actor=Troll Family=NORMAL Action=1 Motion=Troll_Stand_Fist_Fist_P0_Attack_Hit_N_Fwd_00_%_00_P0_100.xmot C1=26 Right=TrollFist RightUseType=55 RightGroup=5 Left=TrollFist LeftUseType=55 LeftGroup=5 SUPPRESS_NATIVE=1
CORE RAW55_CALLBACK_SUPPRESSION_PROBE Actor=Troll Family=NORMAL Action=1 Motion=Troll_Stand_Fist_Fist_P0_Attack_Hit_N_Fwd_00_%_00_P0_100.xmot C1=26 Right=TrollFist RightUseType=55 RightGroup=5 Left=TrollFist LeftUseType=55 LeftGroup=5 SUPPRESS_NATIVE=1
CORE RAW55_CALLBACK_SUPPRESSION_PROBE Actor=Troll Family=NORMAL Action=1 Motion=Troll_Stand_Fist_Fist_P0_Attack_Hit_N_Fwd_00_%_00_P0_100.xmot C1=26 Right=TrollFist RightUseType=55 RightGroup=5 Left=TrollFist LeftUseType=55 LeftGroup=5 SUPPRESS_NATIVE=1
CORE RAW55_CALLBACK_SUPPRESSION_PROBE Actor=Troll Family=NORMAL Action=1 Motion=Troll_Stand_Fist_Fist_P0_Attack_Hit_N_Fwd_00_%_00_P0_100.xmot C1=26 Right=TrollFist RightUseType=55 RightGroup=5 Left=TrollFist LeftUseType=55 LeftGroup=5 SUPPRESS_NATIVE=1
CORE RAW55_CALLBACK_SUPPRESSION_PROBE Actor=Troll Family=NORMAL Action=1 Motion=Troll_Stand_Fist_Fist_P0_Attack_Hit_N_Fwd_00_%_00_P0_100.xmot C1=26 Right=TrollFist RightUseType=55 RightGroup=5 Left=TrollFist LeftUseType=55 LeftGroup=5 SUPPRESS_NATIVE=1
CORE RAW55_CALLBACK_SUPPRESSION_PROBE Actor=Troll Family=NORMAL Action=1 Motion=Troll_Stand_Fist_Fist_P0_Attack_Hit_N_Fwd_00_%_00_P0_100.xmot C1=26 Right=TrollFist RightUseType=55 RightGroup=5 Left=TrollFist LeftUseType=55 LeftGroup=5 SUPPRESS_NATIVE=1
===== CORE MARKER ANOMALY / DISCOVERY =====
ElapsedMs: 53234.529
Actor: Troll
Action: 1
Family: NORMAL
AniPhase: 1
StatePosition: 0
CurrentMovementAni: Troll_Stand_Fist_Fist_P0_Attack_Hit_N_Fwd_00_%_00_P0_100.xmot
MarkerName: G3AB_COL_FIST
MarkerOpcode: FIST
Result: UNSUPPORTED_MISSING_SOURCE
C1GenerationValid: 1
C1Generation: 26
RequiredSourceMask: 0
MissingSourceMask: 0
RightSourceSlot: RIGHT
RightSourceName: TrollFist
RightSourceUseType: 55
RightSourceCollisionGroup: 5
LeftSourceSlot: LEFT
LeftSourceName: TrollFist
LeftSourceUseType: 55
LeftSourceCollisionGroup: 5
Raw8FistSourceName: <none>
Raw8FistSourceUseType: -1
Raw8FistSourceCollisionGroup: -1
===========================================

CORE RAW55_CALLBACK_SUPPRESSION_PROBE Actor=Troll Family=NORMAL Action=1 Motion=Troll_Stand_Fist_Fist_P0_Attack_Hit_N_Fwd_00_%_00_P0_100.xmot C1=26 Right=TrollFist RightUseType=55 RightGroup=5 Left=TrollFist LeftUseType=55 LeftGroup=5 SUPPRESS_NATIVE=1
CORE RAW55_CALLBACK_SUPPRESSION_PROBE Actor=Troll Family=NORMAL Action=1 Motion=Troll_Stand_Fist_Fist_P0_Attack_Hit_N_Fwd_00_%_00_P0_100.xmot C1=26 Right=TrollFist RightUseType=55 RightGroup=5 Left=TrollFist LeftUseType=55 LeftGroup=5 SUPPRESS_NATIVE=1
CORE RAW55_CALLBACK_SUPPRESSION_PROBE Actor=Troll Family=NORMAL Action=1 Motion=Troll_Stand_Fist_Fist_P0_Attack_Hit_N_Fwd_00_%_00_P0_100.xmot C1=26 Right=TrollFist RightUseType=55 RightGroup=5 Left=TrollFist LeftUseType=55 LeftGroup=5 SUPPRESS_NATIVE=1
CORE RAW55_CALLBACK_SUPPRESSION_PROBE Actor=Troll Family=NORMAL Action=1 Motion=Troll_Stand_Fist_Fist_P0_Attack_Hit_N_Fwd_00_%_00_P0_100.xmot C1=26 Right=TrollFist RightUseType=55 RightGroup=5 Left=TrollFist LeftUseType=55 LeftGroup=5 SUPPRESS_NATIVE=1
CORE RAW55_CALLBACK_SUPPRESSION_PROBE Actor=Troll Family=NORMAL Action=1 Motion=Troll_Stand_Fist_Fist_P0_Attack_Hit_N_Fwd_00_%_00_P0_100.xmot C1=26 Right=TrollFist RightUseType=55 RightGroup=5 Left=TrollFist LeftUseType=55 LeftGroup=5 SUPPRESS_NATIVE=1
CORE RAW55_CALLBACK_SUPPRESSION_PROBE Actor=Troll Family=NORMAL Action=1 Motion=Troll_Stand_Fist_Fist_P0_Attack_Hit_N_Fwd_00_%_00_P0_100.xmot C1=26 Right=TrollFist RightUseType=55 RightGroup=5 Left=TrollFist LeftUseType=55 LeftGroup=5 SUPPRESS_NATIVE=1
CORE RAW55_CALLBACK_SUPPRESSION_PROBE Actor=Troll Family=NORMAL Action=1 Motion=Troll_Stand_Fist_Fist_P0_Attack_Hit_N_Fwd_00_%_00_P0_100.xmot C1=26 Right=TrollFist RightUseType=55 RightGroup=5 Left=TrollFist LeftUseType=55 LeftGroup=5 SUPPRESS_NATIVE=1
CORE RAW55_CALLBACK_SUPPRESSION_PROBE Actor=Troll Family=NORMAL Action=1 Motion=Troll_Stand_Fist_Fist_P0_Attack_Hit_N_Fwd_00_%_00_P0_100.xmot C1=26 Right=TrollFist RightUseType=55 RightGroup=5 Left=TrollFist LeftUseType=55 LeftGroup=5 SUPPRESS_NATIVE=1
CORE RAW55_CALLBACK_SUPPRESSION_PROBE Actor=Troll Family=NORMAL Action=1 Motion=Troll_Stand_Fist_Fist_P0_Attack_Hit_N_Fwd_00_%_00_P0_100.xmot C1=26 Right=TrollFist RightUseType=55 RightGroup=5 Left=TrollFist LeftUseType=55 LeftGroup=5 SUPPRESS_NATIVE=1
CORE RAW55_CALLBACK_SUPPRESSION_PROBE Actor=Troll Family=NORMAL Action=1 Motion=Troll_Stand_Fist_Fist_P0_Attack_Hit_N_Fwd_00_%_00_P0_100.xmot C1=26 Right=TrollFist RightUseType=55 RightGroup=5 Left=TrollFist LeftUseType=55 LeftGroup=5 SUPPRESS_NATIVE=1
CORE RAW55_CALLBACK_SUPPRESSION_PROBE Actor=Troll Family=NORMAL Action=1 Motion=Troll_Stand_Fist_Fist_P0_Attack_Hit_N_Fwd_00_%_00_P0_100.xmot C1=26 Right=TrollFist RightUseType=55 RightGroup=5 Left=TrollFist LeftUseType=55 LeftGroup=5 SUPPRESS_NATIVE=1
CORE RAW55_CALLBACK_SUPPRESSION_PROBE Actor=Troll Family=NORMAL Action=1 Motion=Troll_Stand_Fist_Fist_P0_Attack_Hit_N_Fwd_00_%_00_P0_100.xmot C1=26 Right=TrollFist RightUseType=55 RightGroup=5 Left=TrollFist LeftUseType=55 LeftGroup=5 SUPPRESS_NATIVE=1
CORE RAW55_CALLBACK_SUPPRESSION_PROBE Actor=Troll Family=NORMAL Action=1 Motion=Troll_Stand_Fist_Fist_P0_Attack_Hit_N_Fwd_00_%_00_P0_100.xmot C1=26 Right=TrollFist RightUseType=55 RightGroup=5 Left=TrollFist LeftUseType=55 LeftGroup=5 SUPPRESS_NATIVE=1
CORE RAW55_CALLBACK_SUPPRESSION_PROBE Actor=Troll Family=NORMAL Action=1 Motion=Troll_Stand_Fist_Fist_P0_Attack_Hit_N_Fwd_00_%_00_P0_100.xmot C1=26 Right=TrollFist RightUseType=55 RightGroup=5 Left=TrollFist LeftUseType=55 LeftGroup=5 SUPPRESS_NATIVE=1
CORE RAW55_CALLBACK_SUPPRESSION_PROBE Actor=Troll Family=NORMAL Action=1 Motion=Troll_Stand_Fist_Fist_P0_Attack_Hit_N_Fwd_00_%_00_P0_100.xmot C1=26 Right=TrollFist RightUseType=55 RightGroup=5 Left=TrollFist LeftUseType=55 LeftGroup=5 SUPPRESS_NATIVE=1
CORE RAW55_CALLBACK_SUPPRESSION_PROBE Actor=Troll Family=NORMAL Action=1 Motion=Troll_Stand_Fist_Fist_P0_Attack_Hit_N_Fwd_00_%_00_P0_100.xmot C1=26 Right=TrollFist RightUseType=55 RightGroup=5 Left=TrollFist LeftUseType=55 LeftGroup=5 SUPPRESS_NATIVE=1
CORE RAW55_CALLBACK_SUPPRESSION_PROBE Actor=Troll Family=NORMAL Action=1 Motion=Troll_Stand_Fist_Fist_P0_Attack_Hit_N_Fwd_00_%_00_P0_100.xmot C1=26 Right=TrollFist RightUseType=55 RightGroup=5 Left=TrollFist LeftUseType=55 LeftGroup=5 SUPPRESS_NATIVE=1
CORE RAW55_CALLBACK_SUPPRESSION_PROBE Actor=Troll Family=NORMAL Action=1 Motion=Troll_Stand_Fist_Fist_P0_Attack_Hit_N_Fwd_00_%_00_P0_100.xmot C1=26 Right=TrollFist RightUseType=55 RightGroup=5 Left=TrollFist LeftUseType=55 LeftGroup=5 SUPPRESS_NATIVE=1
CORE RAW55_CALLBACK_SUPPRESSION_PROBE Actor=Troll Family=NORMAL Action=1 Motion=Troll_Stand_Fist_Fist_P0_Attack_Hit_N_Fwd_00_%_00_P0_100.xmot C1=26 Right=TrollFist RightUseType=55 RightGroup=5 Left=TrollFist LeftUseType=55 LeftGroup=5 SUPPRESS_NATIVE=1
CORE RAW55_CALLBACK_SUPPRESSION_PROBE Actor=Troll Family=NORMAL Action=1 Motion=Troll_Stand_Fist_Fist_P0_Attack_Hit_N_Fwd_00_%_00_P0_100.xmot C1=26 Right=TrollFist RightUseType=55 RightGroup=5 Left=TrollFist LeftUseType=55 LeftGroup=5 SUPPRESS_NATIVE=1
CORE RAW55_CALLBACK_SUPPRESSION_PROBE Actor=Troll Family=NORMAL Action=1 Motion=Troll_Stand_Fist_Fist_P0_Attack_Hit_N_Fwd_00_%_00_P0_100.xmot C1=26 Right=TrollFist RightUseType=55 RightGroup=5 Left=TrollFist LeftUseType=55 LeftGroup=5 SUPPRESS_NATIVE=1
CORE RAW55_CALLBACK_SUPPRESSION_PROBE Actor=Troll Family=NORMAL Action=1 Motion=Troll_Stand_Fist_Fist_P0_Attack_Hit_N_Fwd_00_%_00_P0_100.xmot C1=26 Right=TrollFist RightUseType=55 RightGroup=5 Left=TrollFist LeftUseType=55 LeftGroup=5 SUPPRESS_NATIVE=1
CORE RAW55_CALLBACK_SUPPRESSION_PROBE Actor=Troll Family=NORMAL Action=1 Motion=Troll_Stand_Fist_Fist_P0_Attack_Hit_N_Fwd_00_%_00_P0_100.xmot C1=26 Right=TrollFist RightUseType=55 RightGroup=5 Left=TrollFist LeftUseType=55 LeftGroup=5 SUPPRESS_NATIVE=1
CORE RAW55_CALLBACK_SUPPRESSION_PROBE Actor=Troll Family=NORMAL Action=1 Motion=Troll_Stand_Fist_Fist_P0_Attack_Hit_N_Fwd_00_%_00_P0_100.xmot C1=26 Right=TrollFist RightUseType=55 RightGroup=5 Left=TrollFist LeftUseType=55 LeftGroup=5 SUPPRESS_NATIVE=1
CORE RAW55_CALLBACK_SUPPRESSION_PROBE Actor=Troll Family=NORMAL Action=1 Motion=Troll_Stand_Fist_Fist_P0_Attack_Hit_N_Fwd_00_%_00_P0_100.xmot C1=26 Right=TrollFist RightUseType=55 RightGroup=5 Left=TrollFist LeftUseType=55 LeftGroup=5 SUPPRESS_NATIVE=1
CORE RAW55_CALLBACK_SUPPRESSION_PROBE Actor=Troll Family=NORMAL Action=1 Motion=Troll_Stand_Fist_Fist_P0_Attack_Hit_N_Fwd_00_%_00_P0_100.xmot C1=26 Right=TrollFist RightUseType=55 RightGroup=5 Left=TrollFist LeftUseType=55 LeftGroup=5 SUPPRESS_NATIVE=1
CORE RAW55_CALLBACK_SUPPRESSION_PROBE Actor=Troll Family=NORMAL Action=1 Motion=Troll_Stand_Fist_Fist_P0_Attack_Hit_N_Fwd_00_%_00_P0_100.xmot C1=26 Right=TrollFist RightUseType=55 RightGroup=5 Left=TrollFist LeftUseType=55 LeftGroup=5 SUPPRESS_NATIVE=1
CORE RAW55_CALLBACK_SUPPRESSION_PROBE Actor=Troll Family=NORMAL Action=1 Motion=Troll_Stand_Fist_Fist_P0_Attack_Hit_N_Fwd_00_%_00_P0_100.xmot C1=26 Right=TrollFist RightUseType=55 RightGroup=5 Left=TrollFist LeftUseType=55 LeftGroup=5 SUPPRESS_NATIVE=1
CORE RAW55_CALLBACK_SUPPRESSION_PROBE Actor=Troll Family=NORMAL Action=1 Motion=Troll_Stand_Fist_Fist_P0_Attack_Hit_N_Fwd_00_%_00_P0_100.xmot C1=26 Right=TrollFist RightUseType=55 RightGroup=5 Left=TrollFist LeftUseType=55 LeftGroup=5 SUPPRESS_NATIVE=1
CORE RAW55_CALLBACK_SUPPRESSION_PROBE Actor=Troll Family=NORMAL Action=1 Motion=Troll_Stand_Fist_Fist_P0_Attack_Hit_N_Fwd_00_%_00_P0_100.xmot C1=26 Right=TrollFist RightUseType=55 RightGroup=5 Left=TrollFist LeftUseType=55 LeftGroup=5 SUPPRESS_NATIVE=1
CORE RAW55_CALLBACK_SUPPRESSION_PROBE Actor=Troll Family=NORMAL Action=1 Motion=Troll_Stand_Fist_Fist_P0_Attack_Hit_N_Fwd_00_%_00_P0_100.xmot C1=26 Right=TrollFist RightUseType=55 RightGroup=5 Left=TrollFist LeftUseType=55 LeftGroup=5 SUPPRESS_NATIVE=1
CORE RAW55_CALLBACK_SUPPRESSION_PROBE Actor=Troll Family=NORMAL Action=1 Motion=Troll_Stand_Fist_Fist_P0_Attack_Hit_N_Fwd_00_%_00_P0_100.xmot C1=26 Right=TrollFist RightUseType=55 RightGroup=5 Left=TrollFist LeftUseType=55 LeftGroup=5 SUPPRESS_NATIVE=1
CORE RAW55_CALLBACK_SUPPRESSION_PROBE Actor=Troll Family=NORMAL Action=1 Motion=Troll_Stand_Fist_Fist_P0_Attack_Hit_N_Fwd_00_%_00_P0_100.xmot C1=26 Right=TrollFist RightUseType=55 RightGroup=5 Left=TrollFist LeftUseType=55 LeftGroup=5 SUPPRESS_NATIVE=1
CORE C1_FINAL ElapsedMs=53501.484 Actor=Troll Generation=26 Status=PERSISTED SourceCount=2 PhysicalChanged=0 Source[0]=TrollFist Side=RIGHT Outstanding=0 Cleanup=0 Outcome=NO_OP_NO_OUTSTANDING Source[1]=TrollFist Side=LEFT Outstanding=0 Cleanup=0 Outcome=NO_OP_NO_OUTSTANDING
CORE C1_START ElapsedMs=54682.453 Actor=Troll Generation=27 Status=CANDIDATE Outstanding=0 TrackedSources=2 ReplacedGeneration=0 ReplacedOutstanding=0 Source[0]=TrollFist Side=RIGHT Group=5 Source[1]=TrollFist Side=LEFT Group=5
CORE C1_BIND ElapsedMs=54682.467 Event=COMBAT_MOVE_CANDIDATE_BOUND Actor=Troll Generation=27 Status=CANDIDATE Outstanding=0 Source=<null> Script=_AI_Attack
CORE C1_STATUS ElapsedMs=54682.532 Event=PERSISTED Actor=Troll Generation=27 Status=PERSISTED Outstanding=0
CORE RAW55_CALLBACK_SUPPRESSION_PROBE Actor=Troll Family=NORMAL Action=1 Motion=Troll_Stand_Fist_Fist_P0_Attack_Hit_N_Fwd_00_%_00_P0_100.xmot C1=27 Right=TrollFist RightUseType=55 RightGroup=5 Left=TrollFist LeftUseType=55 LeftGroup=5 SUPPRESS_NATIVE=1
CORE RAW55_CALLBACK_SUPPRESSION_PROBE Actor=Troll Family=NORMAL Action=1 Motion=Troll_Stand_Fist_Fist_P0_Attack_Hit_N_Fwd_00_%_00_P0_100.xmot C1=27 Right=TrollFist RightUseType=55 RightGroup=5 Left=TrollFist LeftUseType=55 LeftGroup=5 SUPPRESS_NATIVE=1
CORE RAW55_CALLBACK_SUPPRESSION_PROBE Actor=Troll Family=NORMAL Action=1 Motion=Troll_Stand_Fist_Fist_P0_Attack_Hit_N_Fwd_00_%_00_P0_100.xmot C1=27 Right=TrollFist RightUseType=55 RightGroup=5 Left=TrollFist LeftUseType=55 LeftGroup=5 SUPPRESS_NATIVE=1
CORE RAW55_CALLBACK_SUPPRESSION_PROBE Actor=Troll Family=NORMAL Action=1 Motion=Troll_Stand_Fist_Fist_P0_Attack_Hit_N_Fwd_00_%_00_P0_100.xmot C1=27 Right=TrollFist RightUseType=55 RightGroup=5 Left=TrollFist LeftUseType=55 LeftGroup=5 SUPPRESS_NATIVE=1
CORE RAW55_CALLBACK_SUPPRESSION_PROBE Actor=Troll Family=NORMAL Action=1 Motion=Troll_Stand_Fist_Fist_P0_Attack_Hit_N_Fwd_00_%_00_P0_100.xmot C1=27 Right=TrollFist RightUseType=55 RightGroup=5 Left=TrollFist LeftUseType=55 LeftGroup=5 SUPPRESS_NATIVE=1
CORE RAW55_CALLBACK_SUPPRESSION_PROBE Actor=Troll Family=NORMAL Action=1 Motion=Troll_Stand_Fist_Fist_P0_Attack_Hit_N_Fwd_00_%_00_P0_100.xmot C1=27 Right=TrollFist RightUseType=55 RightGroup=5 Left=TrollFist LeftUseType=55 LeftGroup=5 SUPPRESS_NATIVE=1
CORE RAW55_CALLBACK_SUPPRESSION_PROBE Actor=Troll Family=NORMAL Action=1 Motion=Troll_Stand_Fist_Fist_P0_Attack_Hit_N_Fwd_00_%_00_P0_100.xmot C1=27 Right=TrollFist RightUseType=55 RightGroup=5 Left=TrollFist LeftUseType=55 LeftGroup=5 SUPPRESS_NATIVE=1
CORE RAW55_CALLBACK_SUPPRESSION_PROBE Actor=Troll Family=NORMAL Action=1 Motion=Troll_Stand_Fist_Fist_P0_Attack_Hit_N_Fwd_00_%_00_P0_100.xmot C1=27 Right=TrollFist RightUseType=55 RightGroup=5 Left=TrollFist LeftUseType=55 LeftGroup=5 SUPPRESS_NATIVE=1
CORE RAW55_CALLBACK_SUPPRESSION_PROBE Actor=Troll Family=NORMAL Action=1 Motion=Troll_Stand_Fist_Fist_P0_Attack_Hit_N_Fwd_00_%_00_P0_100.xmot C1=27 Right=TrollFist RightUseType=55 RightGroup=5 Left=TrollFist LeftUseType=55 LeftGroup=5 SUPPRESS_NATIVE=1
CORE RAW55_CALLBACK_SUPPRESSION_PROBE Actor=Troll Family=NORMAL Action=1 Motion=Troll_Stand_Fist_Fist_P0_Attack_Hit_N_Fwd_00_%_00_P0_100.xmot C1=27 Right=TrollFist RightUseType=55 RightGroup=5 Left=TrollFist LeftUseType=55 LeftGroup=5 SUPPRESS_NATIVE=1
CORE RAW55_CALLBACK_SUPPRESSION_PROBE Actor=Troll Family=NORMAL Action=1 Motion=Troll_Stand_Fist_Fist_P0_Attack_Hit_N_Fwd_00_%_00_P0_100.xmot C1=27 Right=TrollFist RightUseType=55 RightGroup=5 Left=TrollFist LeftUseType=55 LeftGroup=5 SUPPRESS_NATIVE=1
CORE RAW55_CALLBACK_SUPPRESSION_PROBE Actor=Troll Family=NORMAL Action=1 Motion=Troll_Stand_Fist_Fist_P0_Attack_Hit_N_Fwd_00_%_00_P0_100.xmot C1=27 Right=TrollFist RightUseType=55 RightGroup=5 Left=TrollFist LeftUseType=55 LeftGroup=5 SUPPRESS_NATIVE=1
CORE RAW55_CALLBACK_SUPPRESSION_PROBE Actor=Troll Family=NORMAL Action=1 Motion=Troll_Stand_Fist_Fist_P0_Attack_Hit_N_Fwd_00_%_00_P0_100.xmot C1=27 Right=TrollFist RightUseType=55 RightGroup=5 Left=TrollFist LeftUseType=55 LeftGroup=5 SUPPRESS_NATIVE=1
CORE RAW55_CALLBACK_SUPPRESSION_PROBE Actor=Troll Family=NORMAL Action=1 Motion=Troll_Stand_Fist_Fist_P0_Attack_Hit_N_Fwd_00_%_00_P0_100.xmot C1=27 Right=TrollFist RightUseType=55 RightGroup=5 Left=TrollFist LeftUseType=55 LeftGroup=5 SUPPRESS_NATIVE=1
CORE RAW55_CALLBACK_SUPPRESSION_PROBE Actor=Troll Family=NORMAL Action=1 Motion=Troll_Stand_Fist_Fist_P0_Attack_Hit_N_Fwd_00_%_00_P0_100.xmot C1=27 Right=TrollFist RightUseType=55 RightGroup=5 Left=TrollFist LeftUseType=55 LeftGroup=5 SUPPRESS_NATIVE=1
CORE RAW55_CALLBACK_SUPPRESSION_PROBE Actor=Troll Family=NORMAL Action=1 Motion=Troll_Stand_Fist_Fist_P0_Attack_Hit_N_Fwd_00_%_00_P0_100.xmot C1=27 Right=TrollFist RightUseType=55 RightGroup=5 Left=TrollFist LeftUseType=55 LeftGroup=5 SUPPRESS_NATIVE=1
CORE RAW55_CALLBACK_SUPPRESSION_PROBE Actor=Troll Family=NORMAL Action=1 Motion=Troll_Stand_Fist_Fist_P0_Attack_Hit_N_Fwd_00_%_00_P0_100.xmot C1=27 Right=TrollFist RightUseType=55 RightGroup=5 Left=TrollFist LeftUseType=55 LeftGroup=5 SUPPRESS_NATIVE=1
CORE RAW55_CALLBACK_SUPPRESSION_PROBE Actor=Troll Family=NORMAL Action=1 Motion=Troll_Stand_Fist_Fist_P0_Attack_Hit_N_Fwd_00_%_00_P0_100.xmot C1=27 Right=TrollFist RightUseType=55 RightGroup=5 Left=TrollFist LeftUseType=55 LeftGroup=5 SUPPRESS_NATIVE=1
CORE RAW55_CALLBACK_SUPPRESSION_PROBE Actor=Troll Family=NORMAL Action=1 Motion=Troll_Stand_Fist_Fist_P0_Attack_Hit_N_Fwd_00_%_00_P0_100.xmot C1=27 Right=TrollFist RightUseType=55 RightGroup=5 Left=TrollFist LeftUseType=55 LeftGroup=5 SUPPRESS_NATIVE=1
CORE RAW55_CALLBACK_SUPPRESSION_PROBE Actor=Troll Family=NORMAL Action=1 Motion=Troll_Stand_Fist_Fist_P0_Attack_Hit_N_Fwd_00_%_00_P0_100.xmot C1=27 Right=TrollFist RightUseType=55 RightGroup=5 Left=TrollFist LeftUseType=55 LeftGroup=5 SUPPRESS_NATIVE=1
CORE RAW55_CALLBACK_SUPPRESSION_PROBE Actor=Troll Family=NORMAL Action=1 Motion=Troll_Stand_Fist_Fist_P0_Attack_Hit_N_Fwd_00_%_00_P0_100.xmot C1=27 Right=TrollFist RightUseType=55 RightGroup=5 Left=TrollFist LeftUseType=55 LeftGroup=5 SUPPRESS_NATIVE=1
CORE RAW55_CALLBACK_SUPPRESSION_PROBE Actor=Troll Family=NORMAL Action=1 Motion=Troll_Stand_Fist_Fist_P0_Attack_Hit_N_Fwd_00_%_00_P0_100.xmot C1=27 Right=TrollFist RightUseType=55 RightGroup=5 Left=TrollFist LeftUseType=55 LeftGroup=5 SUPPRESS_NATIVE=1
CORE RAW55_CALLBACK_SUPPRESSION_PROBE Actor=Troll Family=NORMAL Action=1 Motion=Troll_Stand_Fist_Fist_P0_Attack_Hit_N_Fwd_00_%_00_P0_100.xmot C1=27 Right=TrollFist RightUseType=55 RightGroup=5 Left=TrollFist LeftUseType=55 LeftGroup=5 SUPPRESS_NATIVE=1
CORE RAW55_CALLBACK_SUPPRESSION_PROBE Actor=Troll Family=NORMAL Action=1 Motion=Troll_Stand_Fist_Fist_P0_Attack_Hit_N_Fwd_00_%_00_P0_100.xmot C1=27 Right=TrollFist RightUseType=55 RightGroup=5 Left=TrollFist LeftUseType=55 LeftGroup=5 SUPPRESS_NATIVE=1
CORE RAW55_CALLBACK_SUPPRESSION_PROBE Actor=Troll Family=NORMAL Action=1 Motion=Troll_Stand_Fist_Fist_P0_Attack_Hit_N_Fwd_00_%_00_P0_100.xmot C1=27 Right=TrollFist RightUseType=55 RightGroup=5 Left=TrollFist LeftUseType=55 LeftGroup=5 SUPPRESS_NATIVE=1
CORE RAW55_CALLBACK_SUPPRESSION_PROBE Actor=Troll Family=NORMAL Action=1 Motion=Troll_Stand_Fist_Fist_P0_Attack_Hit_N_Fwd_00_%_00_P0_100.xmot C1=27 Right=TrollFist RightUseType=55 RightGroup=5 Left=TrollFist LeftUseType=55 LeftGroup=5 SUPPRESS_NATIVE=1
CORE RAW55_CALLBACK_SUPPRESSION_PROBE Actor=Troll Family=NORMAL Action=1 Motion=Troll_Stand_Fist_Fist_P0_Attack_Hit_N_Fwd_00_%_00_P0_100.xmot C1=27 Right=TrollFist RightUseType=55 RightGroup=5 Left=TrollFist LeftUseType=55 LeftGroup=5 SUPPRESS_NATIVE=1
CORE RAW55_CALLBACK_SUPPRESSION_PROBE Actor=Troll Family=NORMAL Action=1 Motion=Troll_Stand_Fist_Fist_P0_Attack_Hit_N_Fwd_00_%_00_P0_100.xmot C1=27 Right=TrollFist RightUseType=55 RightGroup=5 Left=TrollFist LeftUseType=55 LeftGroup=5 SUPPRESS_NATIVE=1
CORE RAW55_CALLBACK_SUPPRESSION_PROBE Actor=Troll Family=NORMAL Action=1 Motion=Troll_Stand_Fist_Fist_P0_Attack_Hit_N_Fwd_00_%_00_P0_100.xmot C1=27 Right=TrollFist RightUseType=55 RightGroup=5 Left=TrollFist LeftUseType=55 LeftGroup=5 SUPPRESS_NATIVE=1
CORE RAW55_CALLBACK_SUPPRESSION_PROBE Actor=Troll Family=NORMAL Action=1 Motion=Troll_Stand_Fist_Fist_P0_Attack_Hit_N_Fwd_00_%_00_P0_100.xmot C1=27 Right=TrollFist RightUseType=55 RightGroup=5 Left=TrollFist LeftUseType=55 LeftGroup=5 SUPPRESS_NATIVE=1
CORE RAW55_CALLBACK_SUPPRESSION_PROBE Actor=Troll Family=NORMAL Action=1 Motion=Troll_Stand_Fist_Fist_P0_Attack_Hit_N_Fwd_00_%_00_P0_100.xmot C1=27 Right=TrollFist RightUseType=55 RightGroup=5 Left=TrollFist LeftUseType=55 LeftGroup=5 SUPPRESS_NATIVE=1
CORE RAW55_CALLBACK_SUPPRESSION_PROBE Actor=Troll Family=NORMAL Action=1 Motion=Troll_Stand_Fist_Fist_P0_Attack_Hit_N_Fwd_00_%_00_P0_100.xmot C1=27 Right=TrollFist RightUseType=55 RightGroup=5 Left=TrollFist LeftUseType=55 LeftGroup=5 SUPPRESS_NATIVE=1
CORE RAW55_CALLBACK_SUPPRESSION_PROBE Actor=Troll Family=NORMAL Action=1 Motion=Troll_Stand_Fist_Fist_P0_Attack_Hit_N_Fwd_00_%_00_P0_100.xmot C1=27 Right=TrollFist RightUseType=55 RightGroup=5 Left=TrollFist LeftUseType=55 LeftGroup=5 SUPPRESS_NATIVE=1
CORE RAW55_CALLBACK_SUPPRESSION_PROBE Actor=Troll Family=NORMAL Action=1 Motion=Troll_Stand_Fist_Fist_P0_Attack_Hit_N_Fwd_00_%_00_P0_100.xmot C1=27 Right=TrollFist RightUseType=55 RightGroup=5 Left=TrollFist LeftUseType=55 LeftGroup=5 SUPPRESS_NATIVE=1
CORE RAW55_CALLBACK_SUPPRESSION_PROBE Actor=Troll Family=NORMAL Action=1 Motion=Troll_Stand_Fist_Fist_P0_Attack_Hit_N_Fwd_00_%_00_P0_100.xmot C1=27 Right=TrollFist RightUseType=55 RightGroup=5 Left=TrollFist LeftUseType=55 LeftGroup=5 SUPPRESS_NATIVE=1
CORE RAW55_CALLBACK_SUPPRESSION_PROBE Actor=Troll Family=NORMAL Action=1 Motion=Troll_Stand_Fist_Fist_P0_Attack_Hit_N_Fwd_00_%_00_P0_100.xmot C1=27 Right=TrollFist RightUseType=55 RightGroup=5 Left=TrollFist LeftUseType=55 LeftGroup=5 SUPPRESS_NATIVE=1
CORE RAW55_CALLBACK_SUPPRESSION_PROBE Actor=Troll Family=NORMAL Action=1 Motion=Troll_Stand_Fist_Fist_P0_Attack_Hit_N_Fwd_00_%_00_P0_100.xmot C1=27 Right=TrollFist RightUseType=55 RightGroup=5 Left=TrollFist LeftUseType=55 LeftGroup=5 SUPPRESS_NATIVE=1
CORE RAW55_CALLBACK_SUPPRESSION_PROBE Actor=Troll Family=NORMAL Action=1 Motion=Troll_Stand_Fist_Fist_P0_Attack_Hit_N_Fwd_00_%_00_P0_100.xmot C1=27 Right=TrollFist RightUseType=55 RightGroup=5 Left=TrollFist LeftUseType=55 LeftGroup=5 SUPPRESS_NATIVE=1
CORE RAW55_CALLBACK_SUPPRESSION_PROBE Actor=Troll Family=NORMAL Action=1 Motion=Troll_Stand_Fist_Fist_P0_Attack_Hit_N_Fwd_00_%_00_P0_100.xmot C1=27 Right=TrollFist RightUseType=55 RightGroup=5 Left=TrollFist LeftUseType=55 LeftGroup=5 SUPPRESS_NATIVE=1
CORE RAW55_CALLBACK_SUPPRESSION_PROBE Actor=Troll Family=NORMAL Action=1 Motion=Troll_Stand_Fist_Fist_P0_Attack_Hit_N_Fwd_00_%_00_P0_100.xmot C1=27 Right=TrollFist RightUseType=55 RightGroup=5 Left=TrollFist LeftUseType=55 LeftGroup=5 SUPPRESS_NATIVE=1
CORE RAW55_CALLBACK_SUPPRESSION_PROBE Actor=Troll Family=NORMAL Action=1 Motion=Troll_Stand_Fist_Fist_P0_Attack_Hit_N_Fwd_00_%_00_P0_100.xmot C1=27 Right=TrollFist RightUseType=55 RightGroup=5 Left=TrollFist LeftUseType=55 LeftGroup=5 SUPPRESS_NATIVE=1
CORE RAW55_CALLBACK_SUPPRESSION_PROBE Actor=Troll Family=NORMAL Action=1 Motion=Troll_Stand_Fist_Fist_P0_Attack_Hit_N_Fwd_00_%_00_P0_100.xmot C1=27 Right=TrollFist RightUseType=55 RightGroup=5 Left=TrollFist LeftUseType=55 LeftGroup=5 SUPPRESS_NATIVE=1
CORE RAW55_CALLBACK_SUPPRESSION_PROBE Actor=Troll Family=NORMAL Action=1 Motion=Troll_Stand_Fist_Fist_P0_Attack_Hit_N_Fwd_00_%_00_P0_100.xmot C1=27 Right=TrollFist RightUseType=55 RightGroup=5 Left=TrollFist LeftUseType=55 LeftGroup=5 SUPPRESS_NATIVE=1
CORE RAW55_CALLBACK_SUPPRESSION_PROBE Actor=Troll Family=NORMAL Action=1 Motion=Troll_Stand_Fist_Fist_P0_Attack_Hit_N_Fwd_00_%_00_P0_100.xmot C1=27 Right=TrollFist RightUseType=55 RightGroup=5 Left=TrollFist LeftUseType=55 LeftGroup=5 SUPPRESS_NATIVE=1
CORE RAW55_CALLBACK_SUPPRESSION_PROBE Actor=Troll Family=NORMAL Action=1 Motion=Troll_Stand_Fist_Fist_P0_Attack_Hit_N_Fwd_00_%_00_P0_100.xmot C1=27 Right=TrollFist RightUseType=55 RightGroup=5 Left=TrollFist LeftUseType=55 LeftGroup=5 SUPPRESS_NATIVE=1
CORE RAW55_CALLBACK_SUPPRESSION_PROBE Actor=Troll Family=NORMAL Action=1 Motion=Troll_Stand_Fist_Fist_P0_Attack_Hit_N_Fwd_00_%_00_P0_100.xmot C1=27 Right=TrollFist RightUseType=55 RightGroup=5 Left=TrollFist LeftUseType=55 LeftGroup=5 SUPPRESS_NATIVE=1
CORE RAW55_CALLBACK_SUPPRESSION_PROBE Actor=Troll Family=NORMAL Action=1 Motion=Troll_Stand_Fist_Fist_P0_Attack_Hit_N_Fwd_00_%_00_P0_100.xmot C1=27 Right=TrollFist RightUseType=55 RightGroup=5 Left=TrollFist LeftUseType=55 LeftGroup=5 SUPPRESS_NATIVE=1
CORE RAW55_CALLBACK_SUPPRESSION_PROBE Actor=Troll Family=NORMAL Action=1 Motion=Troll_Stand_Fist_Fist_P0_Attack_Hit_N_Fwd_00_%_00_P0_100.xmot C1=27 Right=TrollFist RightUseType=55 RightGroup=5 Left=TrollFist LeftUseType=55 LeftGroup=5 SUPPRESS_NATIVE=1
CORE RAW55_CALLBACK_SUPPRESSION_PROBE Actor=Troll Family=NORMAL Action=1 Motion=Troll_Stand_Fist_Fist_P0_Attack_Hit_N_Fwd_00_%_00_P0_100.xmot C1=27 Right=TrollFist RightUseType=55 RightGroup=5 Left=TrollFist LeftUseType=55 LeftGroup=5 SUPPRESS_NATIVE=1
CORE RAW55_CALLBACK_SUPPRESSION_PROBE Actor=Troll Family=NORMAL Action=1 Motion=Troll_Stand_Fist_Fist_P0_Attack_Hit_N_Fwd_00_%_00_P0_100.xmot C1=27 Right=TrollFist RightUseType=55 RightGroup=5 Left=TrollFist LeftUseType=55 LeftGroup=5 SUPPRESS_NATIVE=1
CORE RAW55_CALLBACK_SUPPRESSION_PROBE Actor=Troll Family=NORMAL Action=1 Motion=Troll_Stand_Fist_Fist_P0_Attack_Hit_N_Fwd_00_%_00_P0_100.xmot C1=27 Right=TrollFist RightUseType=55 RightGroup=5 Left=TrollFist LeftUseType=55 LeftGroup=5 SUPPRESS_NATIVE=1
CORE RAW55_CALLBACK_SUPPRESSION_PROBE Actor=Troll Family=NORMAL Action=1 Motion=Troll_Stand_Fist_Fist_P0_Attack_Hit_N_Fwd_00_%_00_P0_100.xmot C1=27 Right=TrollFist RightUseType=55 RightGroup=5 Left=TrollFist LeftUseType=55 LeftGroup=5 SUPPRESS_NATIVE=1
CORE RAW55_CALLBACK_SUPPRESSION_PROBE Actor=Troll Family=NORMAL Action=1 Motion=Troll_Stand_Fist_Fist_P0_Attack_Hit_N_Fwd_00_%_00_P0_100.xmot C1=27 Right=TrollFist RightUseType=55 RightGroup=5 Left=TrollFist LeftUseType=55 LeftGroup=5 SUPPRESS_NATIVE=1
CORE RAW55_CALLBACK_SUPPRESSION_PROBE Actor=Troll Family=NORMAL Action=1 Motion=Troll_Stand_Fist_Fist_P0_Attack_Hit_N_Fwd_00_%_00_P0_100.xmot C1=27 Right=TrollFist RightUseType=55 RightGroup=5 Left=TrollFist LeftUseType=55 LeftGroup=5 SUPPRESS_NATIVE=1
CORE RAW55_CALLBACK_SUPPRESSION_PROBE Actor=Troll Family=NORMAL Action=1 Motion=Troll_Stand_Fist_Fist_P0_Attack_Hit_N_Fwd_00_%_00_P0_100.xmot C1=27 Right=TrollFist RightUseType=55 RightGroup=5 Left=TrollFist LeftUseType=55 LeftGroup=5 SUPPRESS_NATIVE=1
CORE RAW55_CALLBACK_SUPPRESSION_PROBE Actor=Troll Family=NORMAL Action=1 Motion=Troll_Stand_Fist_Fist_P0_Attack_Hit_N_Fwd_00_%_00_P0_100.xmot C1=27 Right=TrollFist RightUseType=55 RightGroup=5 Left=TrollFist LeftUseType=55 LeftGroup=5 SUPPRESS_NATIVE=1
CORE RAW55_CALLBACK_SUPPRESSION_PROBE Actor=Troll Family=NORMAL Action=1 Motion=Troll_Stand_Fist_Fist_P0_Attack_Hit_N_Fwd_00_%_00_P0_100.xmot C1=27 Right=TrollFist RightUseType=55 RightGroup=5 Left=TrollFist LeftUseType=55 LeftGroup=5 SUPPRESS_NATIVE=1
CORE RAW55_CALLBACK_SUPPRESSION_PROBE Actor=Troll Family=NORMAL Action=1 Motion=Troll_Stand_Fist_Fist_P0_Attack_Hit_N_Fwd_00_%_00_P0_100.xmot C1=27 Right=TrollFist RightUseType=55 RightGroup=5 Left=TrollFist LeftUseType=55 LeftGroup=5 SUPPRESS_NATIVE=1
CORE RAW55_CALLBACK_SUPPRESSION_PROBE Actor=Troll Family=NORMAL Action=1 Motion=Troll_Stand_Fist_Fist_P0_Attack_Hit_N_Fwd_00_%_00_P0_100.xmot C1=27 Right=TrollFist RightUseType=55 RightGroup=5 Left=TrollFist LeftUseType=55 LeftGroup=5 SUPPRESS_NATIVE=1
CORE RAW55_CALLBACK_SUPPRESSION_PROBE Actor=Troll Family=NORMAL Action=1 Motion=Troll_Stand_Fist_Fist_P0_Attack_Hit_N_Fwd_00_%_00_P0_100.xmot C1=27 Right=TrollFist RightUseType=55 RightGroup=5 Left=TrollFist LeftUseType=55 LeftGroup=5 SUPPRESS_NATIVE=1
CORE RAW55_CALLBACK_SUPPRESSION_PROBE Actor=Troll Family=NORMAL Action=1 Motion=Troll_Stand_Fist_Fist_P0_Attack_Hit_N_Fwd_00_%_00_P0_100.xmot C1=27 Right=TrollFist RightUseType=55 RightGroup=5 Left=TrollFist LeftUseType=55 LeftGroup=5 SUPPRESS_NATIVE=1
CORE RAW55_CALLBACK_SUPPRESSION_PROBE Actor=Troll Family=NORMAL Action=1 Motion=Troll_Stand_Fist_Fist_P0_Attack_Hit_N_Fwd_00_%_00_P0_100.xmot C1=27 Right=TrollFist RightUseType=55 RightGroup=5 Left=TrollFist LeftUseType=55 LeftGroup=5 SUPPRESS_NATIVE=1
CORE RAW55_CALLBACK_SUPPRESSION_PROBE Actor=Troll Family=NORMAL Action=1 Motion=Troll_Stand_Fist_Fist_P0_Attack_Hit_N_Fwd_00_%_00_P0_100.xmot C1=27 Right=TrollFist RightUseType=55 RightGroup=5 Left=TrollFist LeftUseType=55 LeftGroup=5 SUPPRESS_NATIVE=1
CORE RAW55_CALLBACK_SUPPRESSION_PROBE Actor=Troll Family=NORMAL Action=1 Motion=Troll_Stand_Fist_Fist_P0_Attack_Hit_N_Fwd_00_%_00_P0_100.xmot C1=27 Right=TrollFist RightUseType=55 RightGroup=5 Left=TrollFist LeftUseType=55 LeftGroup=5 SUPPRESS_NATIVE=1
CORE RAW55_CALLBACK_SUPPRESSION_PROBE Actor=Troll Family=NORMAL Action=1 Motion=Troll_Stand_Fist_Fist_P0_Attack_Hit_N_Fwd_00_%_00_P0_100.xmot C1=27 Right=TrollFist RightUseType=55 RightGroup=5 Left=TrollFist LeftUseType=55 LeftGroup=5 SUPPRESS_NATIVE=1
CORE RAW55_CALLBACK_SUPPRESSION_PROBE Actor=Troll Family=NORMAL Action=1 Motion=Troll_Stand_Fist_Fist_P0_Attack_Hit_N_Fwd_00_%_00_P0_100.xmot C1=27 Right=TrollFist RightUseType=55 RightGroup=5 Left=TrollFist LeftUseType=55 LeftGroup=5 SUPPRESS_NATIVE=1
CORE RAW55_CALLBACK_SUPPRESSION_PROBE Actor=Troll Family=NORMAL Action=1 Motion=Troll_Stand_Fist_Fist_P0_Attack_Hit_N_Fwd_00_%_00_P0_100.xmot C1=27 Right=TrollFist RightUseType=55 RightGroup=5 Left=TrollFist LeftUseType=55 LeftGroup=5 SUPPRESS_NATIVE=1
CORE RAW55_CALLBACK_SUPPRESSION_PROBE Actor=Troll Family=NORMAL Action=1 Motion=Troll_Stand_Fist_Fist_P0_Attack_Hit_N_Fwd_00_%_00_P0_100.xmot C1=27 Right=TrollFist RightUseType=55 RightGroup=5 Left=TrollFist LeftUseType=55 LeftGroup=5 SUPPRESS_NATIVE=1
CORE RAW55_CALLBACK_SUPPRESSION_PROBE Actor=Troll Family=NORMAL Action=1 Motion=Troll_Stand_Fist_Fist_P0_Attack_Hit_N_Fwd_00_%_00_P0_100.xmot C1=27 Right=TrollFist RightUseType=55 RightGroup=5 Left=TrollFist LeftUseType=55 LeftGroup=5 SUPPRESS_NATIVE=1
CORE RAW55_CALLBACK_SUPPRESSION_PROBE Actor=Troll Family=NORMAL Action=1 Motion=Troll_Stand_Fist_Fist_P0_Attack_Hit_N_Fwd_00_%_00_P0_100.xmot C1=27 Right=TrollFist RightUseType=55 RightGroup=5 Left=TrollFist LeftUseType=55 LeftGroup=5 SUPPRESS_NATIVE=1
CORE RAW55_CALLBACK_SUPPRESSION_PROBE Actor=Troll Family=NORMAL Action=1 Motion=Troll_Stand_Fist_Fist_P0_Attack_Hit_N_Fwd_00_%_00_P0_100.xmot C1=27 Right=TrollFist RightUseType=55 RightGroup=5 Left=TrollFist LeftUseType=55 LeftGroup=5 SUPPRESS_NATIVE=1
CORE RAW55_CALLBACK_SUPPRESSION_PROBE Actor=Troll Family=NORMAL Action=1 Motion=Troll_Stand_Fist_Fist_P0_Attack_Hit_N_Fwd_00_%_00_P0_100.xmot C1=27 Right=TrollFist RightUseType=55 RightGroup=5 Left=TrollFist LeftUseType=55 LeftGroup=5 SUPPRESS_NATIVE=1
CORE RAW55_CALLBACK_SUPPRESSION_PROBE Actor=Troll Family=NORMAL Action=1 Motion=Troll_Stand_Fist_Fist_P0_Attack_Hit_N_Fwd_00_%_00_P0_100.xmot C1=27 Right=TrollFist RightUseType=55 RightGroup=5 Left=TrollFist LeftUseType=55 LeftGroup=5 SUPPRESS_NATIVE=1
CORE RAW55_CALLBACK_SUPPRESSION_PROBE Actor=Troll Family=NORMAL Action=1 Motion=Troll_Stand_Fist_Fist_P0_Attack_Hit_N_Fwd_00_%_00_P0_100.xmot C1=27 Right=TrollFist RightUseType=55 RightGroup=5 Left=TrollFist LeftUseType=55 LeftGroup=5 SUPPRESS_NATIVE=1
CORE RAW55_CALLBACK_SUPPRESSION_PROBE Actor=Troll Family=NORMAL Action=1 Motion=Troll_Stand_Fist_Fist_P0_Attack_Hit_N_Fwd_00_%_00_P0_100.xmot C1=27 Right=TrollFist RightUseType=55 RightGroup=5 Left=TrollFist LeftUseType=55 LeftGroup=5 SUPPRESS_NATIVE=1
CORE RAW55_CALLBACK_SUPPRESSION_PROBE Actor=Troll Family=NORMAL Action=1 Motion=Troll_Stand_Fist_Fist_P0_Attack_Hit_N_Fwd_00_%_00_P0_100.xmot C1=27 Right=TrollFist RightUseType=55 RightGroup=5 Left=TrollFist LeftUseType=55 LeftGroup=5 SUPPRESS_NATIVE=1
CORE RAW55_CALLBACK_SUPPRESSION_PROBE Actor=Troll Family=NORMAL Action=1 Motion=Troll_Stand_Fist_Fist_P0_Attack_Hit_N_Fwd_00_%_00_P0_100.xmot C1=27 Right=TrollFist RightUseType=55 RightGroup=5 Left=TrollFist LeftUseType=55 LeftGroup=5 SUPPRESS_NATIVE=1
CORE RAW55_CALLBACK_SUPPRESSION_PROBE Actor=Troll Family=NORMAL Action=1 Motion=Troll_Stand_Fist_Fist_P0_Attack_Hit_N_Fwd_00_%_00_P0_100.xmot C1=27 Right=TrollFist RightUseType=55 RightGroup=5 Left=TrollFist LeftUseType=55 LeftGroup=5 SUPPRESS_NATIVE=1
CORE RAW55_CALLBACK_SUPPRESSION_PROBE Actor=Troll Family=NORMAL Action=1 Motion=Troll_Stand_Fist_Fist_P0_Attack_Hit_N_Fwd_00_%_00_P0_100.xmot C1=27 Right=TrollFist RightUseType=55 RightGroup=5 Left=TrollFist LeftUseType=55 LeftGroup=5 SUPPRESS_NATIVE=1
CORE RAW55_CALLBACK_SUPPRESSION_PROBE Actor=Troll Family=NORMAL Action=1 Motion=Troll_Stand_Fist_Fist_P0_Attack_Hit_N_Fwd_00_%_00_P0_100.xmot C1=27 Right=TrollFist RightUseType=55 RightGroup=5 Left=TrollFist LeftUseType=55 LeftGroup=5 SUPPRESS_NATIVE=1
CORE RAW55_CALLBACK_SUPPRESSION_PROBE Actor=Troll Family=NORMAL Action=1 Motion=Troll_Stand_Fist_Fist_P0_Attack_Hit_N_Fwd_00_%_00_P0_100.xmot C1=27 Right=TrollFist RightUseType=55 RightGroup=5 Left=TrollFist LeftUseType=55 LeftGroup=5 SUPPRESS_NATIVE=1
CORE RAW55_CALLBACK_SUPPRESSION_PROBE Actor=Troll Family=NORMAL Action=1 Motion=Troll_Stand_Fist_Fist_P0_Attack_Hit_N_Fwd_00_%_00_P0_100.xmot C1=27 Right=TrollFist RightUseType=55 RightGroup=5 Left=TrollFist LeftUseType=55 LeftGroup=5 SUPPRESS_NATIVE=1
CORE RAW55_CALLBACK_SUPPRESSION_PROBE Actor=Troll Family=NORMAL Action=1 Motion=Troll_Stand_Fist_Fist_P0_Attack_Hit_N_Fwd_00_%_00_P0_100.xmot C1=27 Right=TrollFist RightUseType=55 RightGroup=5 Left=TrollFist LeftUseType=55 LeftGroup=5 SUPPRESS_NATIVE=1
CORE RAW55_CALLBACK_SUPPRESSION_PROBE Actor=Troll Family=NORMAL Action=1 Motion=Troll_Stand_Fist_Fist_P0_Attack_Hit_N_Fwd_00_%_00_P0_100.xmot C1=27 Right=TrollFist RightUseType=55 RightGroup=5 Left=TrollFist LeftUseType=55 LeftGroup=5 SUPPRESS_NATIVE=1
CORE RAW55_CALLBACK_SUPPRESSION_PROBE Actor=Troll Family=NORMAL Action=1 Motion=Troll_Stand_Fist_Fist_P0_Attack_Hit_N_Fwd_00_%_00_P0_100.xmot C1=27 Right=TrollFist RightUseType=55 RightGroup=5 Left=TrollFist LeftUseType=55 LeftGroup=5 SUPPRESS_NATIVE=1
CORE RAW55_CALLBACK_SUPPRESSION_PROBE Actor=Troll Family=NORMAL Action=1 Motion=Troll_Stand_Fist_Fist_P0_Attack_Hit_N_Fwd_00_%_00_P0_100.xmot C1=27 Right=TrollFist RightUseType=55 RightGroup=5 Left=TrollFist LeftUseType=55 LeftGroup=5 SUPPRESS_NATIVE=1
CORE RAW55_CALLBACK_SUPPRESSION_PROBE Actor=Troll Family=NORMAL Action=1 Motion=Troll_Stand_Fist_Fist_P0_Attack_Hit_N_Fwd_00_%_00_P0_100.xmot C1=27 Right=TrollFist RightUseType=55 RightGroup=5 Left=TrollFist LeftUseType=55 LeftGroup=5 SUPPRESS_NATIVE=1
CORE RAW55_CALLBACK_SUPPRESSION_PROBE Actor=Troll Family=NORMAL Action=1 Motion=Troll_Stand_Fist_Fist_P0_Attack_Hit_N_Fwd_00_%_00_P0_100.xmot C1=27 Right=TrollFist RightUseType=55 RightGroup=5 Left=TrollFist LeftUseType=55 LeftGroup=5 SUPPRESS_NATIVE=1
CORE RAW55_CALLBACK_SUPPRESSION_PROBE Actor=Troll Family=NORMAL Action=1 Motion=Troll_Stand_Fist_Fist_P0_Attack_Hit_N_Fwd_00_%_00_P0_100.xmot C1=27 Right=TrollFist RightUseType=55 RightGroup=5 Left=TrollFist LeftUseType=55 LeftGroup=5 SUPPRESS_NATIVE=1
CORE RAW55_CALLBACK_SUPPRESSION_PROBE Actor=Troll Family=NORMAL Action=1 Motion=Troll_Stand_Fist_Fist_P0_Attack_Hit_N_Fwd_00_%_00_P0_100.xmot C1=27 Right=TrollFist RightUseType=55 RightGroup=5 Left=TrollFist LeftUseType=55 LeftGroup=5 SUPPRESS_NATIVE=1
CORE RAW55_CALLBACK_SUPPRESSION_PROBE Actor=Troll Family=NORMAL Action=1 Motion=Troll_Stand_Fist_Fist_P0_Attack_Hit_N_Fwd_00_%_00_P0_100.xmot C1=27 Right=TrollFist RightUseType=55 RightGroup=5 Left=TrollFist LeftUseType=55 LeftGroup=5 SUPPRESS_NATIVE=1
CORE RAW55_CALLBACK_SUPPRESSION_PROBE Actor=Troll Family=NORMAL Action=1 Motion=Troll_Stand_Fist_Fist_P0_Attack_Hit_N_Fwd_00_%_00_P0_100.xmot C1=27 Right=TrollFist RightUseType=55 RightGroup=5 Left=TrollFist LeftUseType=55 LeftGroup=5 SUPPRESS_NATIVE=1
CORE RAW55_CALLBACK_SUPPRESSION_PROBE Actor=Troll Family=NORMAL Action=1 Motion=Troll_Stand_Fist_Fist_P0_Attack_Hit_N_Fwd_00_%_00_P0_100.xmot C1=27 Right=TrollFist RightUseType=55 RightGroup=5 Left=TrollFist LeftUseType=55 LeftGroup=5 SUPPRESS_NATIVE=1
CORE RAW55_CALLBACK_SUPPRESSION_PROBE Actor=Troll Family=NORMAL Action=1 Motion=Troll_Stand_Fist_Fist_P0_Attack_Hit_N_Fwd_00_%_00_P0_100.xmot C1=27 Right=TrollFist RightUseType=55 RightGroup=5 Left=TrollFist LeftUseType=55 LeftGroup=5 SUPPRESS_NATIVE=1
CORE RAW55_CALLBACK_SUPPRESSION_PROBE Actor=Troll Family=NORMAL Action=1 Motion=Troll_Stand_Fist_Fist_P0_Attack_Hit_N_Fwd_00_%_00_P0_100.xmot C1=27 Right=TrollFist RightUseType=55 RightGroup=5 Left=TrollFist LeftUseType=55 LeftGroup=5 SUPPRESS_NATIVE=1
CORE RAW55_CALLBACK_SUPPRESSION_PROBE Actor=Troll Family=NORMAL Action=1 Motion=Troll_Stand_Fist_Fist_P0_Attack_Hit_N_Fwd_00_%_00_P0_100.xmot C1=27 Right=TrollFist RightUseType=55 RightGroup=5 Left=TrollFist LeftUseType=55 LeftGroup=5 SUPPRESS_NATIVE=1
CORE RAW55_CALLBACK_SUPPRESSION_PROBE Actor=Troll Family=NORMAL Action=1 Motion=Troll_Stand_Fist_Fist_P0_Attack_Hit_N_Fwd_00_%_00_P0_100.xmot C1=27 Right=TrollFist RightUseType=55 RightGroup=5 Left=TrollFist LeftUseType=55 LeftGroup=5 SUPPRESS_NATIVE=1
CORE RAW55_CALLBACK_SUPPRESSION_PROBE Actor=Troll Family=NORMAL Action=1 Motion=Troll_Stand_Fist_Fist_P0_Attack_Hit_N_Fwd_00_%_00_P0_100.xmot C1=27 Right=TrollFist RightUseType=55 RightGroup=5 Left=TrollFist LeftUseType=55 LeftGroup=5 SUPPRESS_NATIVE=1
CORE RAW55_CALLBACK_SUPPRESSION_PROBE Actor=Troll Family=NORMAL Action=1 Motion=Troll_Stand_Fist_Fist_P0_Attack_Hit_N_Fwd_00_%_00_P0_100.xmot C1=27 Right=TrollFist RightUseType=55 RightGroup=5 Left=TrollFist LeftUseType=55 LeftGroup=5 SUPPRESS_NATIVE=1
CORE RAW55_CALLBACK_SUPPRESSION_PROBE Actor=Troll Family=NORMAL Action=1 Motion=Troll_Stand_Fist_Fist_P0_Attack_Hit_N_Fwd_00_%_00_P0_100.xmot C1=27 Right=TrollFist RightUseType=55 RightGroup=5 Left=TrollFist LeftUseType=55 LeftGroup=5 SUPPRESS_NATIVE=1
CORE RAW55_CALLBACK_SUPPRESSION_PROBE Actor=Troll Family=NORMAL Action=1 Motion=Troll_Stand_Fist_Fist_P0_Attack_Hit_N_Fwd_00_%_00_P0_100.xmot C1=27 Right=TrollFist RightUseType=55 RightGroup=5 Left=TrollFist LeftUseType=55 LeftGroup=5 SUPPRESS_NATIVE=1
CORE RAW55_CALLBACK_SUPPRESSION_PROBE Actor=Troll Family=NORMAL Action=1 Motion=Troll_Stand_Fist_Fist_P0_Attack_Hit_N_Fwd_00_%_00_P0_100.xmot C1=27 Right=TrollFist RightUseType=55 RightGroup=5 Left=TrollFist LeftUseType=55 LeftGroup=5 SUPPRESS_NATIVE=1
CORE RAW55_CALLBACK_SUPPRESSION_PROBE Actor=Troll Family=NORMAL Action=1 Motion=Troll_Stand_Fist_Fist_P0_Attack_Hit_N_Fwd_00_%_00_P0_100.xmot C1=27 Right=TrollFist RightUseType=55 RightGroup=5 Left=TrollFist LeftUseType=55 LeftGroup=5 SUPPRESS_NATIVE=1
CORE RAW55_CALLBACK_SUPPRESSION_PROBE Actor=Troll Family=NORMAL Action=1 Motion=Troll_Stand_Fist_Fist_P0_Attack_Hit_N_Fwd_00_%_00_P0_100.xmot C1=27 Right=TrollFist RightUseType=55 RightGroup=5 Left=TrollFist LeftUseType=55 LeftGroup=5 SUPPRESS_NATIVE=1
CORE RAW55_CALLBACK_SUPPRESSION_PROBE Actor=Troll Family=NORMAL Action=1 Motion=Troll_Stand_Fist_Fist_P0_Attack_Hit_N_Fwd_00_%_00_P0_100.xmot C1=27 Right=TrollFist RightUseType=55 RightGroup=5 Left=TrollFist LeftUseType=55 LeftGroup=5 SUPPRESS_NATIVE=1
CORE RAW55_CALLBACK_SUPPRESSION_PROBE Actor=Troll Family=NORMAL Action=1 Motion=Troll_Stand_Fist_Fist_P0_Attack_Hit_N_Fwd_00_%_00_P0_100.xmot C1=27 Right=TrollFist RightUseType=55 RightGroup=5 Left=TrollFist LeftUseType=55 LeftGroup=5 SUPPRESS_NATIVE=1
===== CORE MARKER ANOMALY / DISCOVERY =====
ElapsedMs: 55526.929
Actor: Troll
Action: 1
Family: NORMAL
AniPhase: 1
StatePosition: 0
CurrentMovementAni: Troll_Stand_Fist_Fist_P0_Attack_Hit_N_Fwd_00_%_00_P0_100.xmot
MarkerName: G3AB_COL_FIST
MarkerOpcode: FIST
Result: UNSUPPORTED_MISSING_SOURCE
C1GenerationValid: 1
C1Generation: 27
RequiredSourceMask: 0
MissingSourceMask: 0
RightSourceSlot: RIGHT
RightSourceName: TrollFist
RightSourceUseType: 55
RightSourceCollisionGroup: 5
LeftSourceSlot: LEFT
LeftSourceName: TrollFist
LeftSourceUseType: 55
LeftSourceCollisionGroup: 5
Raw8FistSourceName: <none>
Raw8FistSourceUseType: -1
Raw8FistSourceCollisionGroup: -1
===========================================

CORE RAW55_CALLBACK_SUPPRESSION_PROBE Actor=Troll Family=NORMAL Action=1 Motion=Troll_Stand_Fist_Fist_P0_Attack_Hit_N_Fwd_00_%_00_P0_100.xmot C1=27 Right=TrollFist RightUseType=55 RightGroup=5 Left=TrollFist LeftUseType=55 LeftGroup=5 SUPPRESS_NATIVE=1
CORE RAW55_CALLBACK_SUPPRESSION_PROBE Actor=Troll Family=NORMAL Action=1 Motion=Troll_Stand_Fist_Fist_P0_Attack_Hit_N_Fwd_00_%_00_P0_100.xmot C1=27 Right=TrollFist RightUseType=55 RightGroup=5 Left=TrollFist LeftUseType=55 LeftGroup=5 SUPPRESS_NATIVE=1
CORE RAW55_CALLBACK_SUPPRESSION_PROBE Actor=Troll Family=NORMAL Action=1 Motion=Troll_Stand_Fist_Fist_P0_Attack_Hit_N_Fwd_00_%_00_P0_100.xmot C1=27 Right=TrollFist RightUseType=55 RightGroup=5 Left=TrollFist LeftUseType=55 LeftGroup=5 SUPPRESS_NATIVE=1
CORE RAW55_CALLBACK_SUPPRESSION_PROBE Actor=Troll Family=NORMAL Action=1 Motion=Troll_Stand_Fist_Fist_P0_Attack_Hit_N_Fwd_00_%_00_P0_100.xmot C1=27 Right=TrollFist RightUseType=55 RightGroup=5 Left=TrollFist LeftUseType=55 LeftGroup=5 SUPPRESS_NATIVE=1
CORE RAW55_CALLBACK_SUPPRESSION_PROBE Actor=Troll Family=NORMAL Action=1 Motion=Troll_Stand_Fist_Fist_P0_Attack_Hit_N_Fwd_00_%_00_P0_100.xmot C1=27 Right=TrollFist RightUseType=55 RightGroup=5 Left=TrollFist LeftUseType=55 LeftGroup=5 SUPPRESS_NATIVE=1
CORE RAW55_CALLBACK_SUPPRESSION_PROBE Actor=Troll Family=NORMAL Action=1 Motion=Troll_Stand_Fist_Fist_P0_Attack_Hit_N_Fwd_00_%_00_P0_100.xmot C1=27 Right=TrollFist RightUseType=55 RightGroup=5 Left=TrollFist LeftUseType=55 LeftGroup=5 SUPPRESS_NATIVE=1
CORE RAW55_CALLBACK_SUPPRESSION_PROBE Actor=Troll Family=NORMAL Action=1 Motion=Troll_Stand_Fist_Fist_P0_Attack_Hit_N_Fwd_00_%_00_P0_100.xmot C1=27 Right=TrollFist RightUseType=55 RightGroup=5 Left=TrollFist LeftUseType=55 LeftGroup=5 SUPPRESS_NATIVE=1
CORE RAW55_CALLBACK_SUPPRESSION_PROBE Actor=Troll Family=NORMAL Action=1 Motion=Troll_Stand_Fist_Fist_P0_Attack_Hit_N_Fwd_00_%_00_P0_100.xmot C1=27 Right=TrollFist RightUseType=55 RightGroup=5 Left=TrollFist LeftUseType=55 LeftGroup=5 SUPPRESS_NATIVE=1
CORE RAW55_CALLBACK_SUPPRESSION_PROBE Actor=Troll Family=NORMAL Action=1 Motion=Troll_Stand_Fist_Fist_P0_Attack_Hit_N_Fwd_00_%_00_P0_100.xmot C1=27 Right=TrollFist RightUseType=55 RightGroup=5 Left=TrollFist LeftUseType=55 LeftGroup=5 SUPPRESS_NATIVE=1
CORE RAW55_CALLBACK_SUPPRESSION_PROBE Actor=Troll Family=NORMAL Action=1 Motion=Troll_Stand_Fist_Fist_P0_Attack_Hit_N_Fwd_00_%_00_P0_100.xmot C1=27 Right=TrollFist RightUseType=55 RightGroup=5 Left=TrollFist LeftUseType=55 LeftGroup=5 SUPPRESS_NATIVE=1
CORE RAW55_CALLBACK_SUPPRESSION_PROBE Actor=Troll Family=NORMAL Action=1 Motion=Troll_Stand_Fist_Fist_P0_Attack_Hit_N_Fwd_00_%_00_P0_100.xmot C1=27 Right=TrollFist RightUseType=55 RightGroup=5 Left=TrollFist LeftUseType=55 LeftGroup=5 SUPPRESS_NATIVE=1
CORE RAW55_CALLBACK_SUPPRESSION_PROBE Actor=Troll Family=NORMAL Action=1 Motion=Troll_Stand_Fist_Fist_P0_Attack_Hit_N_Fwd_00_%_00_P0_100.xmot C1=27 Right=TrollFist RightUseType=55 RightGroup=5 Left=TrollFist LeftUseType=55 LeftGroup=5 SUPPRESS_NATIVE=1
CORE RAW55_CALLBACK_SUPPRESSION_PROBE Actor=Troll Family=NORMAL Action=1 Motion=Troll_Stand_Fist_Fist_P0_Attack_Hit_N_Fwd_00_%_00_P0_100.xmot C1=27 Right=TrollFist RightUseType=55 RightGroup=5 Left=TrollFist LeftUseType=55 LeftGroup=5 SUPPRESS_NATIVE=1
CORE RAW55_CALLBACK_SUPPRESSION_PROBE Actor=Troll Family=NORMAL Action=1 Motion=Troll_Stand_Fist_Fist_P0_Attack_Hit_N_Fwd_00_%_00_P0_100.xmot C1=27 Right=TrollFist RightUseType=55 RightGroup=5 Left=TrollFist LeftUseType=55 LeftGroup=5 SUPPRESS_NATIVE=1
CORE RAW55_CALLBACK_SUPPRESSION_PROBE Actor=Troll Family=NORMAL Action=1 Motion=Troll_Stand_Fist_Fist_P0_Attack_Hit_N_Fwd_00_%_00_P0_100.xmot C1=27 Right=TrollFist RightUseType=55 RightGroup=5 Left=TrollFist LeftUseType=55 LeftGroup=5 SUPPRESS_NATIVE=1
CORE RAW55_CALLBACK_SUPPRESSION_PROBE Actor=Troll Family=NORMAL Action=1 Motion=Troll_Stand_Fist_Fist_P0_Attack_Hit_N_Fwd_00_%_00_P0_100.xmot C1=27 Right=TrollFist RightUseType=55 RightGroup=5 Left=TrollFist LeftUseType=55 LeftGroup=5 SUPPRESS_NATIVE=1
CORE RAW55_CALLBACK_SUPPRESSION_PROBE Actor=Troll Family=NORMAL Action=1 Motion=Troll_Stand_Fist_Fist_P0_Attack_Hit_N_Fwd_00_%_00_P0_100.xmot C1=27 Right=TrollFist RightUseType=55 RightGroup=5 Left=TrollFist LeftUseType=55 LeftGroup=5 SUPPRESS_NATIVE=1
CORE RAW55_CALLBACK_SUPPRESSION_PROBE Actor=Troll Family=NORMAL Action=1 Motion=Troll_Stand_Fist_Fist_P0_Attack_Hit_N_Fwd_00_%_00_P0_100.xmot C1=27 Right=TrollFist RightUseType=55 RightGroup=5 Left=TrollFist LeftUseType=55 LeftGroup=5 SUPPRESS_NATIVE=1
CORE RAW55_CALLBACK_SUPPRESSION_PROBE Actor=Troll Family=NORMAL Action=1 Motion=Troll_Stand_Fist_Fist_P0_Attack_Hit_N_Fwd_00_%_00_P0_100.xmot C1=27 Right=TrollFist RightUseType=55 RightGroup=5 Left=TrollFist LeftUseType=55 LeftGroup=5 SUPPRESS_NATIVE=1
CORE RAW55_CALLBACK_SUPPRESSION_PROBE Actor=Troll Family=NORMAL Action=1 Motion=Troll_Stand_Fist_Fist_P0_Attack_Hit_N_Fwd_00_%_00_P0_100.xmot C1=27 Right=TrollFist RightUseType=55 RightGroup=5 Left=TrollFist LeftUseType=55 LeftGroup=5 SUPPRESS_NATIVE=1
CORE RAW55_CALLBACK_SUPPRESSION_PROBE Actor=Troll Family=NORMAL Action=1 Motion=Troll_Stand_Fist_Fist_P0_Attack_Hit_N_Fwd_00_%_00_P0_100.xmot C1=27 Right=TrollFist RightUseType=55 RightGroup=5 Left=TrollFist LeftUseType=55 LeftGroup=5 SUPPRESS_NATIVE=1
CORE RAW55_CALLBACK_SUPPRESSION_PROBE Actor=Troll Family=NORMAL Action=1 Motion=Troll_Stand_Fist_Fist_P0_Attack_Hit_N_Fwd_00_%_00_P0_100.xmot C1=27 Right=TrollFist RightUseType=55 RightGroup=5 Left=TrollFist LeftUseType=55 LeftGroup=5 SUPPRESS_NATIVE=1
CORE RAW55_CALLBACK_SUPPRESSION_PROBE Actor=Troll Family=NORMAL Action=1 Motion=Troll_Stand_Fist_Fist_P0_Attack_Hit_N_Fwd_00_%_00_P0_100.xmot C1=27 Right=TrollFist RightUseType=55 RightGroup=5 Left=TrollFist LeftUseType=55 LeftGroup=5 SUPPRESS_NATIVE=1
CORE RAW55_CALLBACK_SUPPRESSION_PROBE Actor=Troll Family=NORMAL Action=1 Motion=Troll_Stand_Fist_Fist_P0_Attack_Hit_N_Fwd_00_%_00_P0_100.xmot C1=27 Right=TrollFist RightUseType=55 RightGroup=5 Left=TrollFist LeftUseType=55 LeftGroup=5 SUPPRESS_NATIVE=1
CORE RAW55_CALLBACK_SUPPRESSION_PROBE Actor=Troll Family=NORMAL Action=1 Motion=Troll_Stand_Fist_Fist_P0_Attack_Hit_N_Fwd_00_%_00_P0_100.xmot C1=27 Right=TrollFist RightUseType=55 RightGroup=5 Left=TrollFist LeftUseType=55 LeftGroup=5 SUPPRESS_NATIVE=1
CORE RAW55_CALLBACK_SUPPRESSION_PROBE Actor=Troll Family=NORMAL Action=1 Motion=Troll_Stand_Fist_Fist_P0_Attack_Hit_N_Fwd_00_%_00_P0_100.xmot C1=27 Right=TrollFist RightUseType=55 RightGroup=5 Left=TrollFist LeftUseType=55 LeftGroup=5 SUPPRESS_NATIVE=1
CORE RAW55_CALLBACK_SUPPRESSION_PROBE Actor=Troll Family=NORMAL Action=1 Motion=Troll_Stand_Fist_Fist_P0_Attack_Hit_N_Fwd_00_%_00_P0_100.xmot C1=27 Right=TrollFist RightUseType=55 RightGroup=5 Left=TrollFist LeftUseType=55 LeftGroup=5 SUPPRESS_NATIVE=1
CORE RAW55_CALLBACK_SUPPRESSION_PROBE Actor=Troll Family=NORMAL Action=1 Motion=Troll_Stand_Fist_Fist_P0_Attack_Hit_N_Fwd_00_%_00_P0_100.xmot C1=27 Right=TrollFist RightUseType=55 RightGroup=5 Left=TrollFist LeftUseType=55 LeftGroup=5 SUPPRESS_NATIVE=1
CORE RAW55_CALLBACK_SUPPRESSION_PROBE Actor=Troll Family=NORMAL Action=1 Motion=Troll_Stand_Fist_Fist_P0_Attack_Hit_N_Fwd_00_%_00_P0_100.xmot C1=27 Right=TrollFist RightUseType=55 RightGroup=5 Left=TrollFist LeftUseType=55 LeftGroup=5 SUPPRESS_NATIVE=1
CORE RAW55_CALLBACK_SUPPRESSION_PROBE Actor=Troll Family=NORMAL Action=1 Motion=Troll_Stand_Fist_Fist_P0_Attack_Hit_N_Fwd_00_%_00_P0_100.xmot C1=27 Right=TrollFist RightUseType=55 RightGroup=5 Left=TrollFist LeftUseType=55 LeftGroup=5 SUPPRESS_NATIVE=1
CORE RAW55_CALLBACK_SUPPRESSION_PROBE Actor=Troll Family=NORMAL Action=1 Motion=Troll_Stand_Fist_Fist_P0_Attack_Hit_N_Fwd_00_%_00_P0_100.xmot C1=27 Right=TrollFist RightUseType=55 RightGroup=5 Left=TrollFist LeftUseType=55 LeftGroup=5 SUPPRESS_NATIVE=1
CORE RAW55_CALLBACK_SUPPRESSION_PROBE Actor=Troll Family=NORMAL Action=1 Motion=Troll_Stand_Fist_Fist_P0_Attack_Hit_N_Fwd_00_%_00_P0_100.xmot C1=27 Right=TrollFist RightUseType=55 RightGroup=5 Left=TrollFist LeftUseType=55 LeftGroup=5 SUPPRESS_NATIVE=1
CORE RAW55_CALLBACK_SUPPRESSION_PROBE Actor=Troll Family=NORMAL Action=1 Motion=Troll_Stand_Fist_Fist_P0_Attack_Hit_N_Fwd_00_%_00_P0_100.xmot C1=27 Right=TrollFist RightUseType=55 RightGroup=5 Left=TrollFist LeftUseType=55 LeftGroup=5 SUPPRESS_NATIVE=1
CORE C1_FINAL ElapsedMs=55797.386 Actor=Troll Generation=27 Status=PERSISTED SourceCount=2 PhysicalChanged=0 Source[0]=TrollFist Side=RIGHT Outstanding=0 Cleanup=0 Outcome=NO_OP_NO_OUTSTANDING Source[1]=TrollFist Side=LEFT Outstanding=0 Cleanup=0 Outcome=NO_OP_NO_OUTSTANDING
CORE C1_START ElapsedMs=56976.108 Actor=Troll Generation=28 Status=CANDIDATE Outstanding=0 TrackedSources=2 ReplacedGeneration=0 ReplacedOutstanding=0 Source[0]=TrollFist Side=RIGHT Group=5 Source[1]=TrollFist Side=LEFT Group=5
CORE C1_BIND ElapsedMs=56976.121 Event=COMBAT_MOVE_CANDIDATE_BOUND Actor=Troll Generation=28 Status=CANDIDATE Outstanding=0 Source=<null> Script=_AI_QuickAttack
CORE C1_STATUS ElapsedMs=56976.184 Event=PERSISTED Actor=Troll Generation=28 Status=PERSISTED Outstanding=0
CORE ATTACK_OWNERSHIP ElapsedMs=56976.200 Actor=Troll Family=QUICK Action=5 Phase=1 Motion=Troll_Stand_Fist_Fist_P0_QuickAttackL_Hit_N_Fwd_00_%_00_P0_100.xmot MarkerPresent=1 RequiredMask=0 FistMarkers=1 Raw8Fist=<none> Raw8UseType=-1 SuppressNative=0 Classification=CONTRADICTION
===== CORE ATTACK OWNERSHIP ANOMALY =====
MatchingMotionFound: 1
MarkerScanValid: 1
RequiredSourcesAvailable: 1
RightSourceSlot: RIGHT
RightSourceName: TrollFist
RightSourceUseType: 55
RightSourceCollisionGroup: 5
LeftSourceSlot: LEFT
LeftSourceName: TrollFist
LeftSourceUseType: 55
LeftSourceCollisionGroup: 5
Raw8FistSourceName: <none>
Raw8FistSourceUseType: -1
Raw8FistSourceCollisionGroup: -1
=========================================

CORE RAW55_QUICK_CALLBACK_BOUNDARY Actor=Troll C1=28 SameC1=1 Action=5->5 Phase=1->1 StateTime=0.000000->0.000000 StatePosition=0->0 MotionBefore=Troll_Stand_Fist_Fist_P0_QuickAttackL_Hit_N_Fwd_00_%_00_P0_100.xmot MotionAfter=Troll_Stand_Fist_Fist_P0_QuickAttackL_Hit_N_Fwd_00_%_00_P0_100.xmot Right=TrollFist RightUseType=55 RightGroup=5->5 NativeResult=1 OBSERVE_NATIVE=1
CORE RAW55_QUICK_CALLBACK_BOUNDARY Actor=Troll C1=28 SameC1=1 Action=5->5 Phase=1->1 StateTime=0.008333->0.008333 StatePosition=0->0 MotionBefore=Troll_Stand_Fist_Fist_P0_QuickAttackL_Hit_N_Fwd_00_%_00_P0_100.xmot MotionAfter=Troll_Stand_Fist_Fist_P0_QuickAttackL_Hit_N_Fwd_00_%_00_P0_100.xmot Right=TrollFist RightUseType=55 RightGroup=5->5 NativeResult=1 OBSERVE_NATIVE=1
CORE RAW55_QUICK_CALLBACK_BOUNDARY Actor=Troll C1=28 SameC1=1 Action=5->5 Phase=1->1 StateTime=0.016667->0.016667 StatePosition=0->0 MotionBefore=Troll_Stand_Fist_Fist_P0_QuickAttackL_Hit_N_Fwd_00_%_00_P0_100.xmot MotionAfter=Troll_Stand_Fist_Fist_P0_QuickAttackL_Hit_N_Fwd_00_%_00_P0_100.xmot Right=TrollFist RightUseType=55 RightGroup=5->5 NativeResult=1 OBSERVE_NATIVE=1
CORE RAW55_QUICK_CALLBACK_BOUNDARY Actor=Troll C1=28 SameC1=1 Action=5->5 Phase=1->1 StateTime=0.025637->0.025637 StatePosition=0->0 MotionBefore=Troll_Stand_Fist_Fist_P0_QuickAttackL_Hit_N_Fwd_00_%_00_P0_100.xmot MotionAfter=Troll_Stand_Fist_Fist_P0_QuickAttackL_Hit_N_Fwd_00_%_00_P0_100.xmot Right=TrollFist RightUseType=55 RightGroup=5->5 NativeResult=1 OBSERVE_NATIVE=1
CORE RAW55_QUICK_CALLBACK_BOUNDARY Actor=Troll C1=28 SameC1=1 Action=5->5 Phase=1->1 StateTime=0.033971->0.033971 StatePosition=0->0 MotionBefore=Troll_Stand_Fist_Fist_P0_QuickAttackL_Hit_N_Fwd_00_%_00_P0_100.xmot MotionAfter=Troll_Stand_Fist_Fist_P0_QuickAttackL_Hit_N_Fwd_00_%_00_P0_100.xmot Right=TrollFist RightUseType=55 RightGroup=5->5 NativeResult=1 OBSERVE_NATIVE=1
CORE RAW55_QUICK_CALLBACK_BOUNDARY Actor=Troll C1=28 SameC1=1 Action=5->5 Phase=1->1 StateTime=0.042927->0.042927 StatePosition=0->0 MotionBefore=Troll_Stand_Fist_Fist_P0_QuickAttackL_Hit_N_Fwd_00_%_00_P0_100.xmot MotionAfter=Troll_Stand_Fist_Fist_P0_QuickAttackL_Hit_N_Fwd_00_%_00_P0_100.xmot Right=TrollFist RightUseType=55 RightGroup=5->5 NativeResult=1 OBSERVE_NATIVE=1
CORE RAW55_QUICK_CALLBACK_BOUNDARY Actor=Troll C1=28 SameC1=1 Action=5->5 Phase=1->1 StateTime=0.051260->0.051260 StatePosition=0->0 MotionBefore=Troll_Stand_Fist_Fist_P0_QuickAttackL_Hit_N_Fwd_00_%_00_P0_100.xmot MotionAfter=Troll_Stand_Fist_Fist_P0_QuickAttackL_Hit_N_Fwd_00_%_00_P0_100.xmot Right=TrollFist RightUseType=55 RightGroup=5->5 NativeResult=1 OBSERVE_NATIVE=1
CORE RAW55_QUICK_CALLBACK_BOUNDARY Actor=Troll C1=28 SameC1=1 Action=5->5 Phase=1->1 StateTime=0.059594->0.059594 StatePosition=0->0 MotionBefore=Troll_Stand_Fist_Fist_P0_QuickAttackL_Hit_N_Fwd_00_%_00_P0_100.xmot MotionAfter=Troll_Stand_Fist_Fist_P0_QuickAttackL_Hit_N_Fwd_00_%_00_P0_100.xmot Right=TrollFist RightUseType=55 RightGroup=5->5 NativeResult=1 OBSERVE_NATIVE=1
CORE RAW55_QUICK_CALLBACK_BOUNDARY Actor=Troll C1=28 SameC1=1 Action=5->5 Phase=1->1 StateTime=0.067927->0.067927 StatePosition=0->0 MotionBefore=Troll_Stand_Fist_Fist_P0_QuickAttackL_Hit_N_Fwd_00_%_00_P0_100.xmot MotionAfter=Troll_Stand_Fist_Fist_P0_QuickAttackL_Hit_N_Fwd_00_%_00_P0_100.xmot Right=TrollFist RightUseType=55 RightGroup=5->5 NativeResult=1 OBSERVE_NATIVE=1
CORE RAW55_QUICK_CALLBACK_BOUNDARY Actor=Troll C1=28 SameC1=1 Action=5->5 Phase=1->1 StateTime=0.076260->0.076260 StatePosition=0->0 MotionBefore=Troll_Stand_Fist_Fist_P0_QuickAttackL_Hit_N_Fwd_00_%_00_P0_100.xmot MotionAfter=Troll_Stand_Fist_Fist_P0_QuickAttackL_Hit_N_Fwd_00_%_00_P0_100.xmot Right=TrollFist RightUseType=55 RightGroup=5->5 NativeResult=1 OBSERVE_NATIVE=1
CORE RAW55_QUICK_CALLBACK_BOUNDARY Actor=Troll C1=28 SameC1=1 Action=5->5 Phase=1->1 StateTime=0.084594->0.084594 StatePosition=0->0 MotionBefore=Troll_Stand_Fist_Fist_P0_QuickAttackL_Hit_N_Fwd_00_%_00_P0_100.xmot MotionAfter=Troll_Stand_Fist_Fist_P0_QuickAttackL_Hit_N_Fwd_00_%_00_P0_100.xmot Right=TrollFist RightUseType=55 RightGroup=5->5 NativeResult=1 OBSERVE_NATIVE=1
CORE RAW55_QUICK_CALLBACK_BOUNDARY Actor=Troll C1=28 SameC1=1 Action=5->5 Phase=1->1 StateTime=0.092927->0.092927 StatePosition=0->0 MotionBefore=Troll_Stand_Fist_Fist_P0_QuickAttackL_Hit_N_Fwd_00_%_00_P0_100.xmot MotionAfter=Troll_Stand_Fist_Fist_P0_QuickAttackL_Hit_N_Fwd_00_%_00_P0_100.xmot Right=TrollFist RightUseType=55 RightGroup=5->5 NativeResult=1 OBSERVE_NATIVE=1
CORE RAW55_QUICK_GROUP_SUPPRESSION Actor=Troll C1=28 Right=TrollFist RightUseType=55 RequestedGroup=7 BeforeGroup=5 StatePosition=0 StateTime=0.101898 SUPPRESS_GROUP=1
CORE RAW55_QUICK_CALLBACK_BOUNDARY Actor=Troll C1=28 SameC1=1 Action=5->5 Phase=1->1 StateTime=0.101898->0.101898 StatePosition=0->1 MotionBefore=Troll_Stand_Fist_Fist_P0_QuickAttackL_Hit_N_Fwd_00_%_00_P0_100.xmot MotionAfter=Troll_Stand_Fist_Fist_P0_QuickAttackL_Hit_N_Fwd_00_%_00_P0_100.xmot Right=TrollFist RightUseType=55 RightGroup=5->5 NativeResult=1 OBSERVE_NATIVE=1
CORE RAW55_QUICK_CALLBACK_BOUNDARY Actor=Troll C1=28 SameC1=1 Action=5->5 Phase=1->1 StateTime=0.110231->0.110231 StatePosition=1->1 MotionBefore=Troll_Stand_Fist_Fist_P0_QuickAttackL_Hit_N_Fwd_00_%_00_P0_100.xmot MotionAfter=Troll_Stand_Fist_Fist_P0_QuickAttackL_Hit_N_Fwd_00_%_00_P0_100.xmot Right=TrollFist RightUseType=55 RightGroup=5->5 NativeResult=1 OBSERVE_NATIVE=1
CORE RAW55_QUICK_CALLBACK_BOUNDARY Actor=Troll C1=28 SameC1=1 Action=5->5 Phase=1->1 StateTime=0.118564->0.118564 StatePosition=1->1 MotionBefore=Troll_Stand_Fist_Fist_P0_QuickAttackL_Hit_N_Fwd_00_%_00_P0_100.xmot MotionAfter=Troll_Stand_Fist_Fist_P0_QuickAttackL_Hit_N_Fwd_00_%_00_P0_100.xmot Right=TrollFist RightUseType=55 RightGroup=5->5 NativeResult=1 OBSERVE_NATIVE=1
CORE RAW55_QUICK_CALLBACK_BOUNDARY Actor=Troll C1=28 SameC1=1 Action=5->5 Phase=1->1 StateTime=0.126898->0.126898 StatePosition=1->1 MotionBefore=Troll_Stand_Fist_Fist_P0_QuickAttackL_Hit_N_Fwd_00_%_00_P0_100.xmot MotionAfter=Troll_Stand_Fist_Fist_P0_QuickAttackL_Hit_N_Fwd_00_%_00_P0_100.xmot Right=TrollFist RightUseType=55 RightGroup=5->5 NativeResult=1 OBSERVE_NATIVE=1
CORE RAW55_QUICK_CALLBACK_BOUNDARY Actor=Troll C1=28 SameC1=1 Action=5->5 Phase=1->1 StateTime=0.135231->0.135231 StatePosition=1->1 MotionBefore=Troll_Stand_Fist_Fist_P0_QuickAttackL_Hit_N_Fwd_00_%_00_P0_100.xmot MotionAfter=Troll_Stand_Fist_Fist_P0_QuickAttackL_Hit_N_Fwd_00_%_00_P0_100.xmot Right=TrollFist RightUseType=55 RightGroup=5->5 NativeResult=1 OBSERVE_NATIVE=1
CORE RAW55_QUICK_CALLBACK_BOUNDARY Actor=Troll C1=28 SameC1=1 Action=5->5 Phase=1->1 StateTime=0.143564->0.143564 StatePosition=1->1 MotionBefore=Troll_Stand_Fist_Fist_P0_QuickAttackL_Hit_N_Fwd_00_%_00_P0_100.xmot MotionAfter=Troll_Stand_Fist_Fist_P0_QuickAttackL_Hit_N_Fwd_00_%_00_P0_100.xmot Right=TrollFist RightUseType=55 RightGroup=5->5 NativeResult=1 OBSERVE_NATIVE=1
CORE RAW55_QUICK_CALLBACK_BOUNDARY Actor=Troll C1=28 SameC1=1 Action=5->5 Phase=1->1 StateTime=0.151898->0.151898 StatePosition=1->1 MotionBefore=Troll_Stand_Fist_Fist_P0_QuickAttackL_Hit_N_Fwd_00_%_00_P0_100.xmot MotionAfter=Troll_Stand_Fist_Fist_P0_QuickAttackL_Hit_N_Fwd_00_%_00_P0_100.xmot Right=TrollFist RightUseType=55 RightGroup=5->5 NativeResult=1 OBSERVE_NATIVE=1
CORE RAW55_QUICK_CALLBACK_BOUNDARY Actor=Troll C1=28 SameC1=1 Action=5->5 Phase=1->1 StateTime=0.160868->0.160868 StatePosition=1->1 MotionBefore=Troll_Stand_Fist_Fist_P0_QuickAttackL_Hit_N_Fwd_00_%_00_P0_100.xmot MotionAfter=Troll_Stand_Fist_Fist_P0_QuickAttackL_Hit_N_Fwd_00_%_00_P0_100.xmot Right=TrollFist RightUseType=55 RightGroup=5->5 NativeResult=1 OBSERVE_NATIVE=1
CORE RAW55_QUICK_CALLBACK_BOUNDARY Actor=Troll C1=28 SameC1=1 Action=5->5 Phase=1->1 StateTime=0.169202->0.169202 StatePosition=1->1 MotionBefore=Troll_Stand_Fist_Fist_P0_QuickAttackL_Hit_N_Fwd_00_%_00_P0_100.xmot MotionAfter=Troll_Stand_Fist_Fist_P0_QuickAttackL_Hit_N_Fwd_00_%_00_P0_100.xmot Right=TrollFist RightUseType=55 RightGroup=5->5 NativeResult=1 OBSERVE_NATIVE=1
CORE RAW55_QUICK_CALLBACK_BOUNDARY Actor=Troll C1=28 SameC1=1 Action=5->5 Phase=1->1 StateTime=0.179158->0.179158 StatePosition=1->1 MotionBefore=Troll_Stand_Fist_Fist_P0_QuickAttackL_Hit_N_Fwd_00_%_00_P0_100.xmot MotionAfter=Troll_Stand_Fist_Fist_P0_QuickAttackL_Hit_N_Fwd_00_%_00_P0_100.xmot Right=TrollFist RightUseType=55 RightGroup=5->5 NativeResult=1 OBSERVE_NATIVE=1
CORE RAW55_QUICK_CALLBACK_BOUNDARY Actor=Troll C1=28 SameC1=1 Action=5->5 Phase=1->1 StateTime=0.187491->0.187491 StatePosition=1->1 MotionBefore=Troll_Stand_Fist_Fist_P0_QuickAttackL_Hit_N_Fwd_00_%_00_P0_100.xmot MotionAfter=Troll_Stand_Fist_Fist_P0_QuickAttackL_Hit_N_Fwd_00_%_00_P0_100.xmot Right=TrollFist RightUseType=55 RightGroup=5->5 NativeResult=1 OBSERVE_NATIVE=1
CORE RAW55_QUICK_CALLBACK_BOUNDARY Actor=Troll C1=28 SameC1=1 Action=5->5 Phase=1->1 StateTime=0.197447->0.197447 StatePosition=1->1 MotionBefore=Troll_Stand_Fist_Fist_P0_QuickAttackL_Hit_N_Fwd_00_%_00_P0_100.xmot MotionAfter=Troll_Stand_Fist_Fist_P0_QuickAttackL_Hit_N_Fwd_00_%_00_P0_100.xmot Right=TrollFist RightUseType=55 RightGroup=5->5 NativeResult=1 OBSERVE_NATIVE=1
CORE RAW55_QUICK_CALLBACK_BOUNDARY Actor=Troll C1=28 SameC1=1 Action=5->5 Phase=1->1 StateTime=0.205781->0.205781 StatePosition=1->1 MotionBefore=Troll_Stand_Fist_Fist_P0_QuickAttackL_Hit_N_Fwd_00_%_00_P0_100.xmot MotionAfter=Troll_Stand_Fist_Fist_P0_QuickAttackL_Hit_N_Fwd_00_%_00_P0_100.xmot Right=TrollFist RightUseType=55 RightGroup=5->5 NativeResult=1 OBSERVE_NATIVE=1
CORE RAW55_QUICK_CALLBACK_BOUNDARY Actor=Troll C1=28 SameC1=1 Action=5->5 Phase=1->1 StateTime=0.214752->0.214752 StatePosition=1->1 MotionBefore=Troll_Stand_Fist_Fist_P0_QuickAttackL_Hit_N_Fwd_00_%_00_P0_100.xmot MotionAfter=Troll_Stand_Fist_Fist_P0_QuickAttackL_Hit_N_Fwd_00_%_00_P0_100.xmot Right=TrollFist RightUseType=55 RightGroup=5->5 NativeResult=1 OBSERVE_NATIVE=1
CORE RAW55_QUICK_CALLBACK_BOUNDARY Actor=Troll C1=28 SameC1=1 Action=5->5 Phase=1->1 StateTime=0.223085->0.223085 StatePosition=1->1 MotionBefore=Troll_Stand_Fist_Fist_P0_QuickAttackL_Hit_N_Fwd_00_%_00_P0_100.xmot MotionAfter=Troll_Stand_Fist_Fist_P0_QuickAttackL_Hit_N_Fwd_00_%_00_P0_100.xmot Right=TrollFist RightUseType=55 RightGroup=5->5 NativeResult=1 OBSERVE_NATIVE=1
CORE RAW55_QUICK_CALLBACK_BOUNDARY Actor=Troll C1=28 SameC1=1 Action=5->5 Phase=1->1 StateTime=0.232056->0.232056 StatePosition=1->1 MotionBefore=Troll_Stand_Fist_Fist_P0_QuickAttackL_Hit_N_Fwd_00_%_00_P0_100.xmot MotionAfter=Troll_Stand_Fist_Fist_P0_QuickAttackL_Hit_N_Fwd_00_%_00_P0_100.xmot Right=TrollFist RightUseType=55 RightGroup=5->5 NativeResult=1 OBSERVE_NATIVE=1
CORE RAW55_QUICK_CALLBACK_BOUNDARY Actor=Troll C1=28 SameC1=1 Action=5->5 Phase=1->1 StateTime=0.240389->0.240389 StatePosition=1->1 MotionBefore=Troll_Stand_Fist_Fist_P0_QuickAttackL_Hit_N_Fwd_00_%_00_P0_100.xmot MotionAfter=Troll_Stand_Fist_Fist_P0_QuickAttackL_Hit_N_Fwd_00_%_00_P0_100.xmot Right=TrollFist RightUseType=55 RightGroup=5->5 NativeResult=1 OBSERVE_NATIVE=1
CORE RAW55_QUICK_CALLBACK_BOUNDARY Actor=Troll C1=28 SameC1=1 Action=5->5 Phase=1->1 StateTime=0.248722->0.248722 StatePosition=1->1 MotionBefore=Troll_Stand_Fist_Fist_P0_QuickAttackL_Hit_N_Fwd_00_%_00_P0_100.xmot MotionAfter=Troll_Stand_Fist_Fist_P0_QuickAttackL_Hit_N_Fwd_00_%_00_P0_100.xmot Right=TrollFist RightUseType=55 RightGroup=5->5 NativeResult=1 OBSERVE_NATIVE=1
CORE RAW55_QUICK_CALLBACK_BOUNDARY Actor=Troll C1=28 SameC1=1 Action=5->5 Phase=1->1 StateTime=0.257056->0.257056 StatePosition=1->1 MotionBefore=Troll_Stand_Fist_Fist_P0_QuickAttackL_Hit_N_Fwd_00_%_00_P0_100.xmot MotionAfter=Troll_Stand_Fist_Fist_P0_QuickAttackL_Hit_N_Fwd_00_%_00_P0_100.xmot Right=TrollFist RightUseType=55 RightGroup=5->5 NativeResult=1 OBSERVE_NATIVE=1
CORE RAW55_QUICK_CALLBACK_BOUNDARY Actor=Troll C1=28 SameC1=1 Action=5->5 Phase=1->1 StateTime=0.268982->0.268982 StatePosition=1->1 MotionBefore=Troll_Stand_Fist_Fist_P0_QuickAttackL_Hit_N_Fwd_00_%_00_P0_100.xmot MotionAfter=Troll_Stand_Fist_Fist_P0_QuickAttackL_Hit_N_Fwd_00_%_00_P0_100.xmot Right=TrollFist RightUseType=55 RightGroup=5->5 NativeResult=1 OBSERVE_NATIVE=1
CORE RAW55_QUICK_CALLBACK_BOUNDARY Actor=Troll C1=28 SameC1=1 Action=5->5 Phase=1->1 StateTime=0.277315->0.277315 StatePosition=1->1 MotionBefore=Troll_Stand_Fist_Fist_P0_QuickAttackL_Hit_N_Fwd_00_%_00_P0_100.xmot MotionAfter=Troll_Stand_Fist_Fist_P0_QuickAttackL_Hit_N_Fwd_00_%_00_P0_100.xmot Right=TrollFist RightUseType=55 RightGroup=5->5 NativeResult=1 OBSERVE_NATIVE=1
CORE RAW55_QUICK_CALLBACK_BOUNDARY Actor=Troll C1=28 SameC1=1 Action=5->5 Phase=1->1 StateTime=0.285649->0.285649 StatePosition=1->1 MotionBefore=Troll_Stand_Fist_Fist_P0_QuickAttackL_Hit_N_Fwd_00_%_00_P0_100.xmot MotionAfter=Troll_Stand_Fist_Fist_P0_QuickAttackL_Hit_N_Fwd_00_%_00_P0_100.xmot Right=TrollFist RightUseType=55 RightGroup=5->5 NativeResult=1 OBSERVE_NATIVE=1
CORE RAW55_QUICK_CALLBACK_BOUNDARY Actor=Troll C1=28 SameC1=1 Action=5->5 Phase=1->1 StateTime=0.293982->0.293982 StatePosition=1->1 MotionBefore=Troll_Stand_Fist_Fist_P0_QuickAttackL_Hit_N_Fwd_00_%_00_P0_100.xmot MotionAfter=Troll_Stand_Fist_Fist_P0_QuickAttackL_Hit_N_Fwd_00_%_00_P0_100.xmot Right=TrollFist RightUseType=55 RightGroup=5->5 NativeResult=1 OBSERVE_NATIVE=1
CORE RAW55_QUICK_CALLBACK_BOUNDARY Actor=Troll C1=28 SameC1=1 Action=5->5 Phase=1->1 StateTime=0.302315->0.302315 StatePosition=1->1 MotionBefore=Troll_Stand_Fist_Fist_P0_QuickAttackL_Hit_N_Fwd_00_%_00_P0_100.xmot MotionAfter=Troll_Stand_Fist_Fist_P0_QuickAttackL_Hit_N_Fwd_00_%_00_P0_100.xmot Right=TrollFist RightUseType=55 RightGroup=5->5 NativeResult=1 OBSERVE_NATIVE=1
CORE RAW55_QUICK_CALLBACK_BOUNDARY Actor=Troll C1=28 SameC1=1 Action=5->5 Phase=1->1 StateTime=0.310649->0.310649 StatePosition=1->1 MotionBefore=Troll_Stand_Fist_Fist_P0_QuickAttackL_Hit_N_Fwd_00_%_00_P0_100.xmot MotionAfter=Troll_Stand_Fist_Fist_P0_QuickAttackL_Hit_N_Fwd_00_%_00_P0_100.xmot Right=TrollFist RightUseType=55 RightGroup=5->5 NativeResult=1 OBSERVE_NATIVE=1
CORE RAW55_QUICK_CALLBACK_BOUNDARY Actor=Troll C1=28 SameC1=1 Action=5->5 Phase=1->1 StateTime=0.318982->0.318982 StatePosition=1->1 MotionBefore=Troll_Stand_Fist_Fist_P0_QuickAttackL_Hit_N_Fwd_00_%_00_P0_100.xmot MotionAfter=Troll_Stand_Fist_Fist_P0_QuickAttackL_Hit_N_Fwd_00_%_00_P0_100.xmot Right=TrollFist RightUseType=55 RightGroup=5->5 NativeResult=1 OBSERVE_NATIVE=1
CORE RAW55_QUICK_CALLBACK_BOUNDARY Actor=Troll C1=28 SameC1=1 Action=5->5 Phase=1->1 StateTime=0.328938->0.328938 StatePosition=1->1 MotionBefore=Troll_Stand_Fist_Fist_P0_QuickAttackL_Hit_N_Fwd_00_%_00_P0_100.xmot MotionAfter=Troll_Stand_Fist_Fist_P0_QuickAttackL_Hit_N_Fwd_00_%_00_P0_100.xmot Right=TrollFist RightUseType=55 RightGroup=5->5 NativeResult=1 OBSERVE_NATIVE=1
CORE RAW55_QUICK_CALLBACK_BOUNDARY Actor=Troll C1=28 SameC1=1 Action=5->5 Phase=1->1 StateTime=0.337271->0.337271 StatePosition=1->1 MotionBefore=Troll_Stand_Fist_Fist_P0_QuickAttackL_Hit_N_Fwd_00_%_00_P0_100.xmot MotionAfter=Troll_Stand_Fist_Fist_P0_QuickAttackL_Hit_N_Fwd_00_%_00_P0_100.xmot Right=TrollFist RightUseType=55 RightGroup=5->5 NativeResult=1 OBSERVE_NATIVE=1
CORE RAW55_QUICK_CALLBACK_BOUNDARY Actor=Troll C1=28 SameC1=1 Action=5->5 Phase=1->1 StateTime=0.345605->0.345605 StatePosition=1->1 MotionBefore=Troll_Stand_Fist_Fist_P0_QuickAttackL_Hit_N_Fwd_00_%_00_P0_100.xmot MotionAfter=Troll_Stand_Fist_Fist_P0_QuickAttackL_Hit_N_Fwd_00_%_00_P0_100.xmot Right=TrollFist RightUseType=55 RightGroup=5->5 NativeResult=1 OBSERVE_NATIVE=1
CORE RAW55_QUICK_CALLBACK_BOUNDARY Actor=Troll C1=28 SameC1=1 Action=5->5 Phase=1->1 StateTime=0.353938->0.353938 StatePosition=1->1 MotionBefore=Troll_Stand_Fist_Fist_P0_QuickAttackL_Hit_N_Fwd_00_%_00_P0_100.xmot MotionAfter=Troll_Stand_Fist_Fist_P0_QuickAttackL_Hit_N_Fwd_00_%_00_P0_100.xmot Right=TrollFist RightUseType=55 RightGroup=5->5 NativeResult=1 OBSERVE_NATIVE=1
CORE RAW55_QUICK_CALLBACK_BOUNDARY Actor=Troll C1=28 SameC1=1 Action=5->5 Phase=1->1 StateTime=0.362909->0.362909 StatePosition=1->1 MotionBefore=Troll_Stand_Fist_Fist_P0_QuickAttackL_Hit_N_Fwd_00_%_00_P0_100.xmot MotionAfter=Troll_Stand_Fist_Fist_P0_QuickAttackL_Hit_N_Fwd_00_%_00_P0_100.xmot Right=TrollFist RightUseType=55 RightGroup=5->5 NativeResult=1 OBSERVE_NATIVE=1
CORE RAW55_QUICK_CALLBACK_BOUNDARY Actor=Troll C1=28 SameC1=1 Action=5->5 Phase=1->1 StateTime=0.371242->0.371242 StatePosition=1->1 MotionBefore=Troll_Stand_Fist_Fist_P0_QuickAttackL_Hit_N_Fwd_00_%_00_P0_100.xmot MotionAfter=Troll_Stand_Fist_Fist_P0_QuickAttackL_Hit_N_Fwd_00_%_00_P0_100.xmot Right=TrollFist RightUseType=55 RightGroup=5->5 NativeResult=1 OBSERVE_NATIVE=1
CORE RAW55_QUICK_CALLBACK_BOUNDARY Actor=Troll C1=28 SameC1=1 Action=5->5 Phase=1->1 StateTime=0.379575->0.379575 StatePosition=1->1 MotionBefore=Troll_Stand_Fist_Fist_P0_QuickAttackL_Hit_N_Fwd_00_%_00_P0_100.xmot MotionAfter=Troll_Stand_Fist_Fist_P0_QuickAttackL_Hit_N_Fwd_00_%_00_P0_100.xmot Right=TrollFist RightUseType=55 RightGroup=5->5 NativeResult=1 OBSERVE_NATIVE=1
CORE RAW55_QUICK_CALLBACK_BOUNDARY Actor=Troll C1=28 SameC1=1 Action=5->5 Phase=1->1 StateTime=0.387909->0.387909 StatePosition=1->1 MotionBefore=Troll_Stand_Fist_Fist_P0_QuickAttackL_Hit_N_Fwd_00_%_00_P0_100.xmot MotionAfter=Troll_Stand_Fist_Fist_P0_QuickAttackL_Hit_N_Fwd_00_%_00_P0_100.xmot Right=TrollFist RightUseType=55 RightGroup=5->5 NativeResult=1 OBSERVE_NATIVE=1
CORE RAW55_QUICK_CALLBACK_BOUNDARY Actor=Troll C1=28 SameC1=1 Action=5->5 Phase=1->1 StateTime=0.396242->0.396242 StatePosition=1->1 MotionBefore=Troll_Stand_Fist_Fist_P0_QuickAttackL_Hit_N_Fwd_00_%_00_P0_100.xmot MotionAfter=Troll_Stand_Fist_Fist_P0_QuickAttackL_Hit_N_Fwd_00_%_00_P0_100.xmot Right=TrollFist RightUseType=55 RightGroup=5->5 NativeResult=1 OBSERVE_NATIVE=1
CORE RAW55_QUICK_CALLBACK_BOUNDARY Actor=Troll C1=28 SameC1=1 Action=5->5 Phase=1->1 StateTime=0.405213->0.405213 StatePosition=1->1 MotionBefore=Troll_Stand_Fist_Fist_P0_QuickAttackL_Hit_N_Fwd_00_%_00_P0_100.xmot MotionAfter=Troll_Stand_Fist_Fist_P0_QuickAttackL_Hit_N_Fwd_00_%_00_P0_100.xmot Right=TrollFist RightUseType=55 RightGroup=5->5 NativeResult=1 OBSERVE_NATIVE=1
CORE RAW55_QUICK_CALLBACK_BOUNDARY Actor=Troll C1=28 SameC1=1 Action=5->5 Phase=1->1 StateTime=0.413546->0.413546 StatePosition=1->1 MotionBefore=Troll_Stand_Fist_Fist_P0_QuickAttackL_Hit_N_Fwd_00_%_00_P0_100.xmot MotionAfter=Troll_Stand_Fist_Fist_P0_QuickAttackL_Hit_N_Fwd_00_%_00_P0_100.xmot Right=TrollFist RightUseType=55 RightGroup=5->5 NativeResult=1 OBSERVE_NATIVE=1
CORE RAW55_QUICK_CALLBACK_BOUNDARY Actor=Troll C1=28 SameC1=1 Action=5->5 Phase=1->1 StateTime=0.421879->0.421879 StatePosition=1->1 MotionBefore=Troll_Stand_Fist_Fist_P0_QuickAttackL_Hit_N_Fwd_00_%_00_P0_100.xmot MotionAfter=Troll_Stand_Fist_Fist_P0_QuickAttackL_Hit_N_Fwd_00_%_00_P0_100.xmot Right=TrollFist RightUseType=55 RightGroup=5->5 NativeResult=1 OBSERVE_NATIVE=1
CORE RAW55_QUICK_CALLBACK_BOUNDARY Actor=Troll C1=28 SameC1=1 Action=5->5 Phase=1->1 StateTime=0.430850->0.430850 StatePosition=1->1 MotionBefore=Troll_Stand_Fist_Fist_P0_QuickAttackL_Hit_N_Fwd_00_%_00_P0_100.xmot MotionAfter=Troll_Stand_Fist_Fist_P0_QuickAttackL_Hit_N_Fwd_00_%_00_P0_100.xmot Right=TrollFist RightUseType=55 RightGroup=5->5 NativeResult=1 OBSERVE_NATIVE=1
CORE RAW55_QUICK_CALLBACK_BOUNDARY Actor=Troll C1=28 SameC1=1 Action=5->5 Phase=1->1 StateTime=0.439183->0.439183 StatePosition=1->1 MotionBefore=Troll_Stand_Fist_Fist_P0_QuickAttackL_Hit_N_Fwd_00_%_00_P0_100.xmot MotionAfter=Troll_Stand_Fist_Fist_P0_QuickAttackL_Hit_N_Fwd_00_%_00_P0_100.xmot Right=TrollFist RightUseType=55 RightGroup=5->5 NativeResult=1 OBSERVE_NATIVE=1
CORE RAW55_QUICK_CALLBACK_BOUNDARY Actor=Troll C1=28 SameC1=1 Action=5->5 Phase=1->1 StateTime=0.448154->0.448154 StatePosition=1->1 MotionBefore=Troll_Stand_Fist_Fist_P0_QuickAttackL_Hit_N_Fwd_00_%_00_P0_100.xmot MotionAfter=Troll_Stand_Fist_Fist_P0_QuickAttackL_Hit_N_Fwd_00_%_00_P0_100.xmot Right=TrollFist RightUseType=55 RightGroup=5->5 NativeResult=1 OBSERVE_NATIVE=1
CORE RAW55_QUICK_CALLBACK_BOUNDARY Actor=Troll C1=28 SameC1=1 Action=5->5 Phase=1->1 StateTime=0.456488->0.456488 StatePosition=1->1 MotionBefore=Troll_Stand_Fist_Fist_P0_QuickAttackL_Hit_N_Fwd_00_%_00_P0_100.xmot MotionAfter=Troll_Stand_Fist_Fist_P0_QuickAttackL_Hit_N_Fwd_00_%_00_P0_100.xmot Right=TrollFist RightUseType=55 RightGroup=5->5 NativeResult=1 OBSERVE_NATIVE=1
CORE RAW55_QUICK_CALLBACK_BOUNDARY Actor=Troll C1=28 SameC1=1 Action=5->5 Phase=1->1 StateTime=0.464821->0.464821 StatePosition=1->1 MotionBefore=Troll_Stand_Fist_Fist_P0_QuickAttackL_Hit_N_Fwd_00_%_00_P0_100.xmot MotionAfter=Troll_Stand_Fist_Fist_P0_QuickAttackL_Hit_N_Fwd_00_%_00_P0_100.xmot Right=TrollFist RightUseType=55 RightGroup=5->5 NativeResult=1 OBSERVE_NATIVE=1
CORE RAW55_QUICK_CALLBACK_BOUNDARY Actor=Troll C1=28 SameC1=1 Action=5->5 Phase=1->1 StateTime=0.473792->0.473792 StatePosition=1->1 MotionBefore=Troll_Stand_Fist_Fist_P0_QuickAttackL_Hit_N_Fwd_00_%_00_P0_100.xmot MotionAfter=Troll_Stand_Fist_Fist_P0_QuickAttackL_Hit_N_Fwd_00_%_00_P0_100.xmot Right=TrollFist RightUseType=55 RightGroup=5->5 NativeResult=1 OBSERVE_NATIVE=1
===== CORE MARKER ANOMALY / DISCOVERY =====
ElapsedMs: 57412.575
Actor: Troll
Action: 5
Family: QUICK
AniPhase: 1
StatePosition: 1
CurrentMovementAni: Troll_Stand_Fist_Fist_P0_QuickAttackL_Hit_N_Fwd_00_%_00_P0_100.xmot
MarkerName: G3AB_COL_FIST
MarkerOpcode: FIST
Result: UNSUPPORTED_MISSING_SOURCE
C1GenerationValid: 1
C1Generation: 28
RequiredSourceMask: 0
MissingSourceMask: 0
RightSourceSlot: RIGHT
RightSourceName: TrollFist
RightSourceUseType: 55
RightSourceCollisionGroup: 5
LeftSourceSlot: LEFT
LeftSourceName: TrollFist
LeftSourceUseType: 55
LeftSourceCollisionGroup: 5
Raw8FistSourceName: <none>
Raw8FistSourceUseType: -1
Raw8FistSourceCollisionGroup: -1
===========================================

CORE COLLISION_GROUP ElapsedMs=57412.611 Source=TrollFist UseType=55 Owner=Troll Slot=RIGHT Requested=7 Before=5 After=7 MarkerBitsRetired=0
CORE C1 OFFENSE REQUEST ElapsedMs=57412.620 Actor=Troll Generation=28 Status=PERSISTED Source=TrollFist Side=RIGHT Requests=1 Outstanding=1 CleanupObserved=0 Group=7
CORE RAW55_QUICK_FIST_REARM_PROBE Actor=Troll C1=28 Action=5 StatePosition=1 StateTime=0.482125 Right=TrollFist RightUseType=55 GroupBefore=5 RequestedGroup=7 GroupAfter=7 EarlySuppressionProof=1 ClearTriggeredList=1 REARM_PROBE=1
CORE RAW55_QUICK_CALLBACK_BOUNDARY Actor=Troll C1=28 SameC1=1 Action=5->5 Phase=1->1 StateTime=0.482125->0.482125 StatePosition=1->1 MotionBefore=Troll_Stand_Fist_Fist_P0_QuickAttackL_Hit_N_Fwd_00_%_00_P0_100.xmot MotionAfter=Troll_Stand_Fist_Fist_P0_QuickAttackL_Hit_N_Fwd_00_%_00_P0_100.xmot Right=TrollFist RightUseType=55 RightGroup=7->7 NativeResult=1 OBSERVE_NATIVE=1
CORE RAW55_QUICK_CALLBACK_BOUNDARY Actor=Troll C1=28 SameC1=1 Action=5->5 Phase=1->1 StateTime=0.492081->0.492081 StatePosition=1->1 MotionBefore=Troll_Stand_Fist_Fist_P0_QuickAttackL_Hit_N_Fwd_00_%_00_P0_100.xmot MotionAfter=Troll_Stand_Fist_Fist_P0_QuickAttackL_Hit_N_Fwd_00_%_00_P0_100.xmot Right=TrollFist RightUseType=55 RightGroup=7->7 NativeResult=1 OBSERVE_NATIVE=1
CORE RAW55_QUICK_CALLBACK_BOUNDARY Actor=Troll C1=28 SameC1=1 Action=5->5 Phase=1->1 StateTime=0.500414->0.500414 StatePosition=1->1 MotionBefore=Troll_Stand_Fist_Fist_P0_QuickAttackL_Hit_N_Fwd_00_%_00_P0_100.xmot MotionAfter=Troll_Stand_Fist_Fist_P0_QuickAttackL_Hit_N_Fwd_00_%_00_P0_100.xmot Right=TrollFist RightUseType=55 RightGroup=7->7 NativeResult=1 OBSERVE_NATIVE=1
CORE RAW55_QUICK_CALLBACK_BOUNDARY Actor=Troll C1=28 SameC1=1 Action=5->5 Phase=1->1 StateTime=0.509385->0.509385 StatePosition=1->1 MotionBefore=Troll_Stand_Fist_Fist_P0_QuickAttackL_Hit_N_Fwd_00_%_00_P0_100.xmot MotionAfter=Troll_Stand_Fist_Fist_P0_QuickAttackL_Hit_N_Fwd_00_%_00_P0_100.xmot Right=TrollFist RightUseType=55 RightGroup=7->7 NativeResult=1 OBSERVE_NATIVE=1
CORE RAW55_QUICK_CALLBACK_BOUNDARY Actor=Troll C1=28 SameC1=1 Action=5->5 Phase=1->1 StateTime=0.517719->0.517719 StatePosition=1->1 MotionBefore=Troll_Stand_Fist_Fist_P0_QuickAttackL_Hit_N_Fwd_00_%_00_P0_100.xmot MotionAfter=Troll_Stand_Fist_Fist_P0_QuickAttackL_Hit_N_Fwd_00_%_00_P0_100.xmot Right=TrollFist RightUseType=55 RightGroup=7->7 NativeResult=1 OBSERVE_NATIVE=1
CORE RAW55_QUICK_CALLBACK_BOUNDARY Actor=Troll C1=28 SameC1=1 Action=5->5 Phase=1->1 StateTime=0.526689->0.526689 StatePosition=1->1 MotionBefore=Troll_Stand_Fist_Fist_P0_QuickAttackL_Hit_N_Fwd_00_%_00_P0_100.xmot MotionAfter=Troll_Stand_Fist_Fist_P0_QuickAttackL_Hit_N_Fwd_00_%_00_P0_100.xmot Right=TrollFist RightUseType=55 RightGroup=7->7 NativeResult=1 OBSERVE_NATIVE=1
CORE RAW55_QUICK_CALLBACK_BOUNDARY Actor=Troll C1=28 SameC1=1 Action=5->5 Phase=1->1 StateTime=0.535023->0.535023 StatePosition=1->1 MotionBefore=Troll_Stand_Fist_Fist_P0_QuickAttackL_Hit_N_Fwd_00_%_00_P0_100.xmot MotionAfter=Troll_Stand_Fist_Fist_P0_QuickAttackL_Hit_N_Fwd_00_%_00_P0_100.xmot Right=TrollFist RightUseType=55 RightGroup=7->7 NativeResult=1 OBSERVE_NATIVE=1
CORE RAW55_QUICK_CALLBACK_BOUNDARY Actor=Troll C1=28 SameC1=1 Action=5->5 Phase=1->1 StateTime=0.543356->0.543356 StatePosition=1->1 MotionBefore=Troll_Stand_Fist_Fist_P0_QuickAttackL_Hit_N_Fwd_00_%_00_P0_100.xmot MotionAfter=Troll_Stand_Fist_Fist_P0_QuickAttackL_Hit_N_Fwd_00_%_00_P0_100.xmot Right=TrollFist RightUseType=55 RightGroup=7->7 NativeResult=1 OBSERVE_NATIVE=1
CORE RAW55_QUICK_CALLBACK_BOUNDARY Actor=Troll C1=28 SameC1=1 Action=5->5 Phase=1->1 StateTime=0.552327->0.552327 StatePosition=1->1 MotionBefore=Troll_Stand_Fist_Fist_P0_QuickAttackL_Hit_N_Fwd_00_%_00_P0_100.xmot MotionAfter=Troll_Stand_Fist_Fist_P0_QuickAttackL_Hit_N_Fwd_00_%_00_P0_100.xmot Right=TrollFist RightUseType=55 RightGroup=7->7 NativeResult=1 OBSERVE_NATIVE=1
CORE RAW55_QUICK_CALLBACK_BOUNDARY Actor=Troll C1=28 SameC1=1 Action=5->5 Phase=1->1 StateTime=0.560660->0.560660 StatePosition=1->1 MotionBefore=Troll_Stand_Fist_Fist_P0_QuickAttackL_Hit_N_Fwd_00_%_00_P0_100.xmot MotionAfter=Troll_Stand_Fist_Fist_P0_QuickAttackL_Hit_N_Fwd_00_%_00_P0_100.xmot Right=TrollFist RightUseType=55 RightGroup=7->7 NativeResult=1 OBSERVE_NATIVE=1
CORE RAW55_QUICK_CALLBACK_BOUNDARY Actor=Troll C1=28 SameC1=1 Action=5->5 Phase=1->1 StateTime=0.568993->0.568993 StatePosition=1->1 MotionBefore=Troll_Stand_Fist_Fist_P0_QuickAttackL_Hit_N_Fwd_00_%_00_P0_100.xmot MotionAfter=Troll_Stand_Fist_Fist_P0_QuickAttackL_Hit_N_Fwd_00_%_00_P0_100.xmot Right=TrollFist RightUseType=55 RightGroup=7->7 NativeResult=1 OBSERVE_NATIVE=1
CORE RAW55_QUICK_CALLBACK_BOUNDARY Actor=Troll C1=28 SameC1=1 Action=5->5 Phase=1->1 StateTime=0.577327->0.577327 StatePosition=1->1 MotionBefore=Troll_Stand_Fist_Fist_P0_QuickAttackL_Hit_N_Fwd_00_%_00_P0_100.xmot MotionAfter=Troll_Stand_Fist_Fist_P0_QuickAttackL_Hit_N_Fwd_00_%_00_P0_100.xmot Right=TrollFist RightUseType=55 RightGroup=7->7 NativeResult=1 OBSERVE_NATIVE=1
CORE RAW55_QUICK_CALLBACK_BOUNDARY Actor=Troll C1=28 SameC1=1 Action=5->5 Phase=1->1 StateTime=0.586297->0.586297 StatePosition=1->1 MotionBefore=Troll_Stand_Fist_Fist_P0_QuickAttackL_Hit_N_Fwd_00_%_00_P0_100.xmot MotionAfter=Troll_Stand_Fist_Fist_P0_QuickAttackL_Hit_N_Fwd_00_%_00_P0_100.xmot Right=TrollFist RightUseType=55 RightGroup=7->7 NativeResult=1 OBSERVE_NATIVE=1
CORE RAW55_QUICK_CALLBACK_BOUNDARY Actor=Troll C1=28 SameC1=1 Action=5->5 Phase=1->1 StateTime=0.594631->0.594631 StatePosition=1->1 MotionBefore=Troll_Stand_Fist_Fist_P0_QuickAttackL_Hit_N_Fwd_00_%_00_P0_100.xmot MotionAfter=Troll_Stand_Fist_Fist_P0_QuickAttackL_Hit_N_Fwd_00_%_00_P0_100.xmot Right=TrollFist RightUseType=55 RightGroup=7->7 NativeResult=1 OBSERVE_NATIVE=1
CORE RAW55_QUICK_CALLBACK_BOUNDARY Actor=Troll C1=28 SameC1=1 Action=5->5 Phase=1->1 StateTime=0.602964->0.602964 StatePosition=1->1 MotionBefore=Troll_Stand_Fist_Fist_P0_QuickAttackL_Hit_N_Fwd_00_%_00_P0_100.xmot MotionAfter=Troll_Stand_Fist_Fist_P0_QuickAttackL_Hit_N_Fwd_00_%_00_P0_100.xmot Right=TrollFist RightUseType=55 RightGroup=7->7 NativeResult=1 OBSERVE_NATIVE=1
CORE RAW55_QUICK_CALLBACK_BOUNDARY Actor=Troll C1=28 SameC1=1 Action=5->5 Phase=1->1 StateTime=0.611297->0.611297 StatePosition=1->1 MotionBefore=Troll_Stand_Fist_Fist_P0_QuickAttackL_Hit_N_Fwd_00_%_00_P0_100.xmot MotionAfter=Troll_Stand_Fist_Fist_P0_QuickAttackL_Hit_N_Fwd_00_%_00_P0_100.xmot Right=TrollFist RightUseType=55 RightGroup=7->7 NativeResult=1 OBSERVE_NATIVE=1
CORE RAW55_QUICK_CALLBACK_BOUNDARY Actor=Troll C1=28 SameC1=1 Action=5->5 Phase=1->1 StateTime=0.619631->0.619631 StatePosition=1->1 MotionBefore=Troll_Stand_Fist_Fist_P0_QuickAttackL_Hit_N_Fwd_00_%_00_P0_100.xmot MotionAfter=Troll_Stand_Fist_Fist_P0_QuickAttackL_Hit_N_Fwd_00_%_00_P0_100.xmot Right=TrollFist RightUseType=55 RightGroup=7->7 NativeResult=1 OBSERVE_NATIVE=1
CORE RAW55_QUICK_CALLBACK_BOUNDARY Actor=Troll C1=28 SameC1=1 Action=5->5 Phase=1->1 StateTime=0.627964->0.627964 StatePosition=1->1 MotionBefore=Troll_Stand_Fist_Fist_P0_QuickAttackL_Hit_N_Fwd_00_%_00_P0_100.xmot MotionAfter=Troll_Stand_Fist_Fist_P0_QuickAttackL_Hit_N_Fwd_00_%_00_P0_100.xmot Right=TrollFist RightUseType=55 RightGroup=7->7 NativeResult=1 OBSERVE_NATIVE=1
CORE RAW55_QUICK_CALLBACK_BOUNDARY Actor=Troll C1=28 SameC1=1 Action=5->5 Phase=1->1 StateTime=0.636935->0.636935 StatePosition=1->1 MotionBefore=Troll_Stand_Fist_Fist_P0_QuickAttackL_Hit_N_Fwd_00_%_00_P0_100.xmot MotionAfter=Troll_Stand_Fist_Fist_P0_QuickAttackL_Hit_N_Fwd_00_%_00_P0_100.xmot Right=TrollFist RightUseType=55 RightGroup=7->7 NativeResult=1 OBSERVE_NATIVE=1
CORE RAW55_QUICK_CALLBACK_BOUNDARY Actor=Troll C1=28 SameC1=1 Action=5->5 Phase=1->1 StateTime=0.645934->0.645934 StatePosition=1->1 MotionBefore=Troll_Stand_Fist_Fist_P0_QuickAttackL_Hit_N_Fwd_00_%_00_P0_100.xmot MotionAfter=Troll_Stand_Fist_Fist_P0_QuickAttackL_Hit_N_Fwd_00_%_00_P0_100.xmot Right=TrollFist RightUseType=55 RightGroup=7->7 NativeResult=1 OBSERVE_NATIVE=1
CORE RAW55_QUICK_CALLBACK_BOUNDARY Actor=Troll C1=28 SameC1=1 Action=5->5 Phase=1->1 StateTime=0.654267->0.654267 StatePosition=1->1 MotionBefore=Troll_Stand_Fist_Fist_P0_QuickAttackL_Hit_N_Fwd_00_%_00_P0_100.xmot MotionAfter=Troll_Stand_Fist_Fist_P0_QuickAttackL_Hit_N_Fwd_00_%_00_P0_100.xmot Right=TrollFist RightUseType=55 RightGroup=7->7 NativeResult=1 OBSERVE_NATIVE=1
CORE RAW55_QUICK_CALLBACK_BOUNDARY Actor=Troll C1=28 SameC1=1 Action=5->5 Phase=1->1 StateTime=0.662601->0.662601 StatePosition=1->1 MotionBefore=Troll_Stand_Fist_Fist_P0_QuickAttackL_Hit_N_Fwd_00_%_00_P0_100.xmot MotionAfter=Troll_Stand_Fist_Fist_P0_QuickAttackL_Hit_N_Fwd_00_%_00_P0_100.xmot Right=TrollFist RightUseType=55 RightGroup=7->7 NativeResult=1 OBSERVE_NATIVE=1
CORE RAW55_QUICK_CALLBACK_BOUNDARY Actor=Troll C1=28 SameC1=1 Action=5->5 Phase=1->1 StateTime=0.670934->0.670934 StatePosition=1->1 MotionBefore=Troll_Stand_Fist_Fist_P0_QuickAttackL_Hit_N_Fwd_00_%_00_P0_100.xmot MotionAfter=Troll_Stand_Fist_Fist_P0_QuickAttackL_Hit_N_Fwd_00_%_00_P0_100.xmot Right=TrollFist RightUseType=55 RightGroup=7->7 NativeResult=1 OBSERVE_NATIVE=1
CORE RAW55_QUICK_CALLBACK_BOUNDARY Actor=Troll C1=28 SameC1=1 Action=5->5 Phase=1->1 StateTime=0.679267->0.679267 StatePosition=1->1 MotionBefore=Troll_Stand_Fist_Fist_P0_QuickAttackL_Hit_N_Fwd_00_%_00_P0_100.xmot MotionAfter=Troll_Stand_Fist_Fist_P0_QuickAttackL_Hit_N_Fwd_00_%_00_P0_100.xmot Right=TrollFist RightUseType=55 RightGroup=7->7 NativeResult=1 OBSERVE_NATIVE=1
CORE RAW55_QUICK_CALLBACK_BOUNDARY Actor=Troll C1=28 SameC1=1 Action=5->5 Phase=1->1 StateTime=0.688238->0.688238 StatePosition=1->1 MotionBefore=Troll_Stand_Fist_Fist_P0_QuickAttackL_Hit_N_Fwd_00_%_00_P0_100.xmot MotionAfter=Troll_Stand_Fist_Fist_P0_QuickAttackL_Hit_N_Fwd_00_%_00_P0_100.xmot Right=TrollFist RightUseType=55 RightGroup=7->7 NativeResult=1 OBSERVE_NATIVE=1
CORE RAW55_QUICK_CALLBACK_BOUNDARY Actor=Troll C1=28 SameC1=1 Action=5->5 Phase=1->1 StateTime=0.696571->0.696571 StatePosition=1->1 MotionBefore=Troll_Stand_Fist_Fist_P0_QuickAttackL_Hit_N_Fwd_00_%_00_P0_100.xmot MotionAfter=Troll_Stand_Fist_Fist_P0_QuickAttackL_Hit_N_Fwd_00_%_00_P0_100.xmot Right=TrollFist RightUseType=55 RightGroup=7->7 NativeResult=1 OBSERVE_NATIVE=1
CORE RAW55_QUICK_CALLBACK_BOUNDARY Actor=Troll C1=28 SameC1=1 Action=5->5 Phase=1->1 StateTime=0.705542->0.705542 StatePosition=1->1 MotionBefore=Troll_Stand_Fist_Fist_P0_QuickAttackL_Hit_N_Fwd_00_%_00_P0_100.xmot MotionAfter=Troll_Stand_Fist_Fist_P0_QuickAttackL_Hit_N_Fwd_00_%_00_P0_100.xmot Right=TrollFist RightUseType=55 RightGroup=7->7 NativeResult=1 OBSERVE_NATIVE=1
CORE RAW55_QUICK_CALLBACK_BOUNDARY Actor=Troll C1=28 SameC1=1 Action=5->5 Phase=1->1 StateTime=0.713875->0.713875 StatePosition=1->1 MotionBefore=Troll_Stand_Fist_Fist_P0_QuickAttackL_Hit_N_Fwd_00_%_00_P0_100.xmot MotionAfter=Troll_Stand_Fist_Fist_P0_QuickAttackL_Hit_N_Fwd_00_%_00_P0_100.xmot Right=TrollFist RightUseType=55 RightGroup=7->7 NativeResult=1 OBSERVE_NATIVE=1
CORE RAW55_QUICK_CALLBACK_BOUNDARY Actor=Troll C1=28 SameC1=1 Action=5->5 Phase=1->1 StateTime=0.722209->0.722209 StatePosition=1->1 MotionBefore=Troll_Stand_Fist_Fist_P0_QuickAttackL_Hit_N_Fwd_00_%_00_P0_100.xmot MotionAfter=Troll_Stand_Fist_Fist_P0_QuickAttackL_Hit_N_Fwd_00_%_00_P0_100.xmot Right=TrollFist RightUseType=55 RightGroup=7->7 NativeResult=1 OBSERVE_NATIVE=1
CORE RAW55_QUICK_CALLBACK_BOUNDARY Actor=Troll C1=28 SameC1=1 Action=5->5 Phase=1->1 StateTime=0.730542->0.730542 StatePosition=1->1 MotionBefore=Troll_Stand_Fist_Fist_P0_QuickAttackL_Hit_N_Fwd_00_%_00_P0_100.xmot MotionAfter=Troll_Stand_Fist_Fist_P0_QuickAttackL_Hit_N_Fwd_00_%_00_P0_100.xmot Right=TrollFist RightUseType=55 RightGroup=7->7 NativeResult=1 OBSERVE_NATIVE=1
CORE ONDAMAGE ElapsedMs=57654.200 Ordinal=7 Target=PC_Hero Arg1=PC_Hero Arg2=PC_Hero Caller=Game.dll+0x00069484 PlayerAction=0 PlayerPhase=5 PlayerMotion=Hero_Stand_None_2H_P0_Ambient_Loop_N_Fwd_00_%_00_P0_0.xmot Raw8Fist=<none> Raw8UseType=-1 Raw8Group=-1
CORE RAW55_QUICK_CALLBACK_BOUNDARY Actor=Troll C1=28 SameC1=1 Action=5->5 Phase=1->1 StateTime=0.738875->0.738875 StatePosition=1->1 MotionBefore=Troll_Stand_Fist_Fist_P0_QuickAttackL_Hit_N_Fwd_00_%_00_P0_100.xmot MotionAfter=Troll_Stand_Fist_Fist_P0_QuickAttackL_Hit_N_Fwd_00_%_00_P0_100.xmot Right=TrollFist RightUseType=55 RightGroup=7->7 NativeResult=1 OBSERVE_NATIVE=1
CORE C1_START ElapsedMs=57662.517 Actor=PC_Hero Generation=29 Status=CANDIDATE Outstanding=0 TrackedSources=1 ReplacedGeneration=0 ReplacedOutstanding=0 Source[0]=It_2H_Sword_Flamberge Side=RIGHT Group=5
CORE C1_BIND ElapsedMs=57662.526 Event=COMBAT_MOVE_CANDIDATE_BOUND Actor=PC_Hero Generation=29 Status=CANDIDATE Outstanding=0 Source=<null> Script=_AI_Stumble
CORE C1_STATUS ElapsedMs=57662.833 Event=PERSISTED Actor=PC_Hero Generation=29 Status=PERSISTED Outstanding=0
CORE RAW55_QUICK_CALLBACK_BOUNDARY Actor=Troll C1=28 SameC1=1 Action=5->5 Phase=1->1 StateTime=0.747209->0.747209 StatePosition=1->1 MotionBefore=Troll_Stand_Fist_Fist_P0_QuickAttackL_Hit_N_Fwd_00_%_00_P0_100.xmot MotionAfter=Troll_Stand_Fist_Fist_P0_QuickAttackL_Hit_N_Fwd_00_%_00_P0_100.xmot Right=TrollFist RightUseType=55 RightGroup=7->7 NativeResult=1 OBSERVE_NATIVE=1
CORE RAW55_QUICK_CALLBACK_BOUNDARY Actor=Troll C1=28 SameC1=1 Action=5->5 Phase=1->1 StateTime=0.756194->0.756194 StatePosition=1->1 MotionBefore=Troll_Stand_Fist_Fist_P0_QuickAttackL_Hit_N_Fwd_00_%_00_P0_100.xmot MotionAfter=Troll_Stand_Fist_Fist_P0_QuickAttackL_Hit_N_Fwd_00_%_00_P0_100.xmot Right=TrollFist RightUseType=55 RightGroup=7->7 NativeResult=1 OBSERVE_NATIVE=1
CORE RAW55_QUICK_CALLBACK_BOUNDARY Actor=Troll C1=28 SameC1=1 Action=5->5 Phase=1->1 StateTime=0.764527->0.764527 StatePosition=1->1 MotionBefore=Troll_Stand_Fist_Fist_P0_QuickAttackL_Hit_N_Fwd_00_%_00_P0_100.xmot MotionAfter=Troll_Stand_Fist_Fist_P0_QuickAttackL_Hit_N_Fwd_00_%_00_P0_100.xmot Right=TrollFist RightUseType=55 RightGroup=7->7 NativeResult=1 OBSERVE_NATIVE=1
CORE RAW55_QUICK_CALLBACK_BOUNDARY Actor=Troll C1=28 SameC1=1 Action=5->5 Phase=1->1 StateTime=0.773498->0.773498 StatePosition=1->1 MotionBefore=Troll_Stand_Fist_Fist_P0_QuickAttackL_Hit_N_Fwd_00_%_00_P0_100.xmot MotionAfter=Troll_Stand_Fist_Fist_P0_QuickAttackL_Hit_N_Fwd_00_%_00_P0_100.xmot Right=TrollFist RightUseType=55 RightGroup=7->7 NativeResult=1 OBSERVE_NATIVE=1
CORE RAW55_QUICK_CALLBACK_BOUNDARY Actor=Troll C1=28 SameC1=1 Action=5->5 Phase=1->1 StateTime=0.781831->0.781831 StatePosition=1->1 MotionBefore=Troll_Stand_Fist_Fist_P0_QuickAttackL_Hit_N_Fwd_00_%_00_P0_100.xmot MotionAfter=Troll_Stand_Fist_Fist_P0_QuickAttackL_Hit_N_Fwd_00_%_00_P0_100.xmot Right=TrollFist RightUseType=55 RightGroup=7->7 NativeResult=1 OBSERVE_NATIVE=1
CORE RAW55_QUICK_CALLBACK_BOUNDARY Actor=Troll C1=28 SameC1=1 Action=5->5 Phase=1->1 StateTime=0.790802->0.790802 StatePosition=1->1 MotionBefore=Troll_Stand_Fist_Fist_P0_QuickAttackL_Hit_N_Fwd_00_%_00_P0_100.xmot MotionAfter=Troll_Stand_Fist_Fist_P0_QuickAttackL_Hit_N_Fwd_00_%_00_P0_100.xmot Right=TrollFist RightUseType=55 RightGroup=7->7 NativeResult=1 OBSERVE_NATIVE=1
CORE RAW55_QUICK_CALLBACK_BOUNDARY Actor=Troll C1=28 SameC1=1 Action=5->5 Phase=1->1 StateTime=0.799135->0.799135 StatePosition=1->1 MotionBefore=Troll_Stand_Fist_Fist_P0_QuickAttackL_Hit_N_Fwd_00_%_00_P0_100.xmot MotionAfter=Troll_Stand_Fist_Fist_P0_QuickAttackL_Hit_N_Fwd_00_%_00_P0_100.xmot Right=TrollFist RightUseType=55 RightGroup=7->7 NativeResult=1 OBSERVE_NATIVE=1
CORE COLLISION_GROUP ElapsedMs=57722.773 Source=TrollFist UseType=55 Owner=Troll Slot=RIGHT Requested=5 Before=7 After=5 MarkerBitsRetired=0
CORE C1 CLEANUP FULFILLED ElapsedMs=57722.800 Actor=Troll Generation=28 Status=PERSISTED Source=TrollFist Side=RIGHT Requests=1 Outstanding=0 CleanupObserved=1 Group=5
CORE C1_FINAL ElapsedMs=57818.438 Actor=Troll Generation=28 Status=PERSISTED SourceCount=2 PhysicalChanged=0 Source[0]=TrollFist Side=RIGHT Outstanding=0 Cleanup=1 Outcome=NO_OP_NO_OUTSTANDING Source[1]=TrollFist Side=LEFT Outstanding=0 Cleanup=0 Outcome=NO_OP_NO_OUTSTANDING
CORE C1_FINAL ElapsedMs=57947.772 Actor=PC_Hero Generation=29 Status=PERSISTED SourceCount=1 PhysicalChanged=0 Source[0]=It_2H_Sword_Flamberge Side=RIGHT Outstanding=0 Cleanup=0 Outcome=NO_OP_NO_OUTSTANDING
CORE C1_START ElapsedMs=59033.688 Actor=Troll Generation=30 Status=CANDIDATE Outstanding=0 TrackedSources=2 ReplacedGeneration=0 ReplacedOutstanding=0 Source[0]=TrollFist Side=RIGHT Group=5 Source[1]=TrollFist Side=LEFT Group=5
CORE C1_BIND ElapsedMs=59033.701 Event=COMBAT_MOVE_CANDIDATE_BOUND Actor=Troll Generation=30 Status=CANDIDATE Outstanding=0 Source=<null> Script=_AI_Attack
CORE C1_STATUS ElapsedMs=59033.764 Event=PERSISTED Actor=Troll Generation=30 Status=PERSISTED Outstanding=0
CORE ATTACK_OWNERSHIP ElapsedMs=59033.780 Actor=Troll Family=NORMAL Action=1 Phase=1 Motion=Troll_Stand_Fist_Fist_P0_Attack_Hit_N_Fwd_00_%_00_P0_100.xmot MarkerPresent=1 RequiredMask=0 FistMarkers=1 Raw8Fist=<none> Raw8UseType=-1 SuppressNative=0 Classification=CONTRADICTION
===== CORE ATTACK OWNERSHIP ANOMALY =====
MatchingMotionFound: 1
MarkerScanValid: 1
RequiredSourcesAvailable: 1
RightSourceSlot: RIGHT
RightSourceName: TrollFist
RightSourceUseType: 55
RightSourceCollisionGroup: 5
LeftSourceSlot: LEFT
LeftSourceName: TrollFist
LeftSourceUseType: 55
LeftSourceCollisionGroup: 5
Raw8FistSourceName: <none>
Raw8FistSourceUseType: -1
Raw8FistSourceCollisionGroup: -1
=========================================

CORE RAW55_CALLBACK_SUPPRESSION_PROBE Actor=Troll Family=NORMAL Action=1 Motion=Troll_Stand_Fist_Fist_P0_Attack_Hit_N_Fwd_00_%_00_P0_100.xmot C1=30 Right=TrollFist RightUseType=55 RightGroup=5 Left=TrollFist LeftUseType=55 LeftGroup=5 SUPPRESS_NATIVE=1
CORE RAW55_CALLBACK_SUPPRESSION_PROBE Actor=Troll Family=NORMAL Action=1 Motion=Troll_Stand_Fist_Fist_P0_Attack_Hit_N_Fwd_00_%_00_P0_100.xmot C1=30 Right=TrollFist RightUseType=55 RightGroup=5 Left=TrollFist LeftUseType=55 LeftGroup=5 SUPPRESS_NATIVE=1
CORE RAW55_CALLBACK_SUPPRESSION_PROBE Actor=Troll Family=NORMAL Action=1 Motion=Troll_Stand_Fist_Fist_P0_Attack_Hit_N_Fwd_00_%_00_P0_100.xmot C1=30 Right=TrollFist RightUseType=55 RightGroup=5 Left=TrollFist LeftUseType=55 LeftGroup=5 SUPPRESS_NATIVE=1
CORE RAW55_CALLBACK_SUPPRESSION_PROBE Actor=Troll Family=NORMAL Action=1 Motion=Troll_Stand_Fist_Fist_P0_Attack_Hit_N_Fwd_00_%_00_P0_100.xmot C1=30 Right=TrollFist RightUseType=55 RightGroup=5 Left=TrollFist LeftUseType=55 LeftGroup=5 SUPPRESS_NATIVE=1
CORE RAW55_CALLBACK_SUPPRESSION_PROBE Actor=Troll Family=NORMAL Action=1 Motion=Troll_Stand_Fist_Fist_P0_Attack_Hit_N_Fwd_00_%_00_P0_100.xmot C1=30 Right=TrollFist RightUseType=55 RightGroup=5 Left=TrollFist LeftUseType=55 LeftGroup=5 SUPPRESS_NATIVE=1
CORE RAW55_CALLBACK_SUPPRESSION_PROBE Actor=Troll Family=NORMAL Action=1 Motion=Troll_Stand_Fist_Fist_P0_Attack_Hit_N_Fwd_00_%_00_P0_100.xmot C1=30 Right=TrollFist RightUseType=55 RightGroup=5 Left=TrollFist LeftUseType=55 LeftGroup=5 SUPPRESS_NATIVE=1
CORE RAW55_CALLBACK_SUPPRESSION_PROBE Actor=Troll Family=NORMAL Action=1 Motion=Troll_Stand_Fist_Fist_P0_Attack_Hit_N_Fwd_00_%_00_P0_100.xmot C1=30 Right=TrollFist RightUseType=55 RightGroup=5 Left=TrollFist LeftUseType=55 LeftGroup=5 SUPPRESS_NATIVE=1
CORE RAW55_CALLBACK_SUPPRESSION_PROBE Actor=Troll Family=NORMAL Action=1 Motion=Troll_Stand_Fist_Fist_P0_Attack_Hit_N_Fwd_00_%_00_P0_100.xmot C1=30 Right=TrollFist RightUseType=55 RightGroup=5 Left=TrollFist LeftUseType=55 LeftGroup=5 SUPPRESS_NATIVE=1
CORE RAW55_CALLBACK_SUPPRESSION_PROBE Actor=Troll Family=NORMAL Action=1 Motion=Troll_Stand_Fist_Fist_P0_Attack_Hit_N_Fwd_00_%_00_P0_100.xmot C1=30 Right=TrollFist RightUseType=55 RightGroup=5 Left=TrollFist LeftUseType=55 LeftGroup=5 SUPPRESS_NATIVE=1
CORE RAW55_CALLBACK_SUPPRESSION_PROBE Actor=Troll Family=NORMAL Action=1 Motion=Troll_Stand_Fist_Fist_P0_Attack_Hit_N_Fwd_00_%_00_P0_100.xmot C1=30 Right=TrollFist RightUseType=55 RightGroup=5 Left=TrollFist LeftUseType=55 LeftGroup=5 SUPPRESS_NATIVE=1
CORE RAW55_CALLBACK_SUPPRESSION_PROBE Actor=Troll Family=NORMAL Action=1 Motion=Troll_Stand_Fist_Fist_P0_Attack_Hit_N_Fwd_00_%_00_P0_100.xmot C1=30 Right=TrollFist RightUseType=55 RightGroup=5 Left=TrollFist LeftUseType=55 LeftGroup=5 SUPPRESS_NATIVE=1
CORE RAW55_CALLBACK_SUPPRESSION_PROBE Actor=Troll Family=NORMAL Action=1 Motion=Troll_Stand_Fist_Fist_P0_Attack_Hit_N_Fwd_00_%_00_P0_100.xmot C1=30 Right=TrollFist RightUseType=55 RightGroup=5 Left=TrollFist LeftUseType=55 LeftGroup=5 SUPPRESS_NATIVE=1
CORE RAW55_CALLBACK_SUPPRESSION_PROBE Actor=Troll Family=NORMAL Action=1 Motion=Troll_Stand_Fist_Fist_P0_Attack_Hit_N_Fwd_00_%_00_P0_100.xmot C1=30 Right=TrollFist RightUseType=55 RightGroup=5 Left=TrollFist LeftUseType=55 LeftGroup=5 SUPPRESS_NATIVE=1
CORE RAW55_CALLBACK_SUPPRESSION_PROBE Actor=Troll Family=NORMAL Action=1 Motion=Troll_Stand_Fist_Fist_P0_Attack_Hit_N_Fwd_00_%_00_P0_100.xmot C1=30 Right=TrollFist RightUseType=55 RightGroup=5 Left=TrollFist LeftUseType=55 LeftGroup=5 SUPPRESS_NATIVE=1
CORE RAW55_CALLBACK_SUPPRESSION_PROBE Actor=Troll Family=NORMAL Action=1 Motion=Troll_Stand_Fist_Fist_P0_Attack_Hit_N_Fwd_00_%_00_P0_100.xmot C1=30 Right=TrollFist RightUseType=55 RightGroup=5 Left=TrollFist LeftUseType=55 LeftGroup=5 SUPPRESS_NATIVE=1
CORE RAW55_CALLBACK_SUPPRESSION_PROBE Actor=Troll Family=NORMAL Action=1 Motion=Troll_Stand_Fist_Fist_P0_Attack_Hit_N_Fwd_00_%_00_P0_100.xmot C1=30 Right=TrollFist RightUseType=55 RightGroup=5 Left=TrollFist LeftUseType=55 LeftGroup=5 SUPPRESS_NATIVE=1
CORE RAW55_CALLBACK_SUPPRESSION_PROBE Actor=Troll Family=NORMAL Action=1 Motion=Troll_Stand_Fist_Fist_P0_Attack_Hit_N_Fwd_00_%_00_P0_100.xmot C1=30 Right=TrollFist RightUseType=55 RightGroup=5 Left=TrollFist LeftUseType=55 LeftGroup=5 SUPPRESS_NATIVE=1
CORE RAW55_CALLBACK_SUPPRESSION_PROBE Actor=Troll Family=NORMAL Action=1 Motion=Troll_Stand_Fist_Fist_P0_Attack_Hit_N_Fwd_00_%_00_P0_100.xmot C1=30 Right=TrollFist RightUseType=55 RightGroup=5 Left=TrollFist LeftUseType=55 LeftGroup=5 SUPPRESS_NATIVE=1
CORE RAW55_CALLBACK_SUPPRESSION_PROBE Actor=Troll Family=NORMAL Action=1 Motion=Troll_Stand_Fist_Fist_P0_Attack_Hit_N_Fwd_00_%_00_P0_100.xmot C1=30 Right=TrollFist RightUseType=55 RightGroup=5 Left=TrollFist LeftUseType=55 LeftGroup=5 SUPPRESS_NATIVE=1
CORE RAW55_CALLBACK_SUPPRESSION_PROBE Actor=Troll Family=NORMAL Action=1 Motion=Troll_Stand_Fist_Fist_P0_Attack_Hit_N_Fwd_00_%_00_P0_100.xmot C1=30 Right=TrollFist RightUseType=55 RightGroup=5 Left=TrollFist LeftUseType=55 LeftGroup=5 SUPPRESS_NATIVE=1
CORE RAW55_CALLBACK_SUPPRESSION_PROBE Actor=Troll Family=NORMAL Action=1 Motion=Troll_Stand_Fist_Fist_P0_Attack_Hit_N_Fwd_00_%_00_P0_100.xmot C1=30 Right=TrollFist RightUseType=55 RightGroup=5 Left=TrollFist LeftUseType=55 LeftGroup=5 SUPPRESS_NATIVE=1
CORE RAW55_CALLBACK_SUPPRESSION_PROBE Actor=Troll Family=NORMAL Action=1 Motion=Troll_Stand_Fist_Fist_P0_Attack_Hit_N_Fwd_00_%_00_P0_100.xmot C1=30 Right=TrollFist RightUseType=55 RightGroup=5 Left=TrollFist LeftUseType=55 LeftGroup=5 SUPPRESS_NATIVE=1
CORE RAW55_CALLBACK_SUPPRESSION_PROBE Actor=Troll Family=NORMAL Action=1 Motion=Troll_Stand_Fist_Fist_P0_Attack_Hit_N_Fwd_00_%_00_P0_100.xmot C1=30 Right=TrollFist RightUseType=55 RightGroup=5 Left=TrollFist LeftUseType=55 LeftGroup=5 SUPPRESS_NATIVE=1
CORE RAW55_CALLBACK_SUPPRESSION_PROBE Actor=Troll Family=NORMAL Action=1 Motion=Troll_Stand_Fist_Fist_P0_Attack_Hit_N_Fwd_00_%_00_P0_100.xmot C1=30 Right=TrollFist RightUseType=55 RightGroup=5 Left=TrollFist LeftUseType=55 LeftGroup=5 SUPPRESS_NATIVE=1
CORE RAW55_CALLBACK_SUPPRESSION_PROBE Actor=Troll Family=NORMAL Action=1 Motion=Troll_Stand_Fist_Fist_P0_Attack_Hit_N_Fwd_00_%_00_P0_100.xmot C1=30 Right=TrollFist RightUseType=55 RightGroup=5 Left=TrollFist LeftUseType=55 LeftGroup=5 SUPPRESS_NATIVE=1
CORE RAW55_CALLBACK_SUPPRESSION_PROBE Actor=Troll Family=NORMAL Action=1 Motion=Troll_Stand_Fist_Fist_P0_Attack_Hit_N_Fwd_00_%_00_P0_100.xmot C1=30 Right=TrollFist RightUseType=55 RightGroup=5 Left=TrollFist LeftUseType=55 LeftGroup=5 SUPPRESS_NATIVE=1
CORE RAW55_CALLBACK_SUPPRESSION_PROBE Actor=Troll Family=NORMAL Action=1 Motion=Troll_Stand_Fist_Fist_P0_Attack_Hit_N_Fwd_00_%_00_P0_100.xmot C1=30 Right=TrollFist RightUseType=55 RightGroup=5 Left=TrollFist LeftUseType=55 LeftGroup=5 SUPPRESS_NATIVE=1
CORE RAW55_CALLBACK_SUPPRESSION_PROBE Actor=Troll Family=NORMAL Action=1 Motion=Troll_Stand_Fist_Fist_P0_Attack_Hit_N_Fwd_00_%_00_P0_100.xmot C1=30 Right=TrollFist RightUseType=55 RightGroup=5 Left=TrollFist LeftUseType=55 LeftGroup=5 SUPPRESS_NATIVE=1
CORE RAW55_CALLBACK_SUPPRESSION_PROBE Actor=Troll Family=NORMAL Action=1 Motion=Troll_Stand_Fist_Fist_P0_Attack_Hit_N_Fwd_00_%_00_P0_100.xmot C1=30 Right=TrollFist RightUseType=55 RightGroup=5 Left=TrollFist LeftUseType=55 LeftGroup=5 SUPPRESS_NATIVE=1
CORE RAW55_CALLBACK_SUPPRESSION_PROBE Actor=Troll Family=NORMAL Action=1 Motion=Troll_Stand_Fist_Fist_P0_Attack_Hit_N_Fwd_00_%_00_P0_100.xmot C1=30 Right=TrollFist RightUseType=55 RightGroup=5 Left=TrollFist LeftUseType=55 LeftGroup=5 SUPPRESS_NATIVE=1
CORE RAW55_CALLBACK_SUPPRESSION_PROBE Actor=Troll Family=NORMAL Action=1 Motion=Troll_Stand_Fist_Fist_P0_Attack_Hit_N_Fwd_00_%_00_P0_100.xmot C1=30 Right=TrollFist RightUseType=55 RightGroup=5 Left=TrollFist LeftUseType=55 LeftGroup=5 SUPPRESS_NATIVE=1
CORE RAW55_CALLBACK_SUPPRESSION_PROBE Actor=Troll Family=NORMAL Action=1 Motion=Troll_Stand_Fist_Fist_P0_Attack_Hit_N_Fwd_00_%_00_P0_100.xmot C1=30 Right=TrollFist RightUseType=55 RightGroup=5 Left=TrollFist LeftUseType=55 LeftGroup=5 SUPPRESS_NATIVE=1
CORE RAW55_CALLBACK_SUPPRESSION_PROBE Actor=Troll Family=NORMAL Action=1 Motion=Troll_Stand_Fist_Fist_P0_Attack_Hit_N_Fwd_00_%_00_P0_100.xmot C1=30 Right=TrollFist RightUseType=55 RightGroup=5 Left=TrollFist LeftUseType=55 LeftGroup=5 SUPPRESS_NATIVE=1
CORE RAW55_CALLBACK_SUPPRESSION_PROBE Actor=Troll Family=NORMAL Action=1 Motion=Troll_Stand_Fist_Fist_P0_Attack_Hit_N_Fwd_00_%_00_P0_100.xmot C1=30 Right=TrollFist RightUseType=55 RightGroup=5 Left=TrollFist LeftUseType=55 LeftGroup=5 SUPPRESS_NATIVE=1
CORE RAW55_CALLBACK_SUPPRESSION_PROBE Actor=Troll Family=NORMAL Action=1 Motion=Troll_Stand_Fist_Fist_P0_Attack_Hit_N_Fwd_00_%_00_P0_100.xmot C1=30 Right=TrollFist RightUseType=55 RightGroup=5 Left=TrollFist LeftUseType=55 LeftGroup=5 SUPPRESS_NATIVE=1
CORE RAW55_CALLBACK_SUPPRESSION_PROBE Actor=Troll Family=NORMAL Action=1 Motion=Troll_Stand_Fist_Fist_P0_Attack_Hit_N_Fwd_00_%_00_P0_100.xmot C1=30 Right=TrollFist RightUseType=55 RightGroup=5 Left=TrollFist LeftUseType=55 LeftGroup=5 SUPPRESS_NATIVE=1
CORE RAW55_CALLBACK_SUPPRESSION_PROBE Actor=Troll Family=NORMAL Action=1 Motion=Troll_Stand_Fist_Fist_P0_Attack_Hit_N_Fwd_00_%_00_P0_100.xmot C1=30 Right=TrollFist RightUseType=55 RightGroup=5 Left=TrollFist LeftUseType=55 LeftGroup=5 SUPPRESS_NATIVE=1
CORE RAW55_CALLBACK_SUPPRESSION_PROBE Actor=Troll Family=NORMAL Action=1 Motion=Troll_Stand_Fist_Fist_P0_Attack_Hit_N_Fwd_00_%_00_P0_100.xmot C1=30 Right=TrollFist RightUseType=55 RightGroup=5 Left=TrollFist LeftUseType=55 LeftGroup=5 SUPPRESS_NATIVE=1
CORE RAW55_CALLBACK_SUPPRESSION_PROBE Actor=Troll Family=NORMAL Action=1 Motion=Troll_Stand_Fist_Fist_P0_Attack_Hit_N_Fwd_00_%_00_P0_100.xmot C1=30 Right=TrollFist RightUseType=55 RightGroup=5 Left=TrollFist LeftUseType=55 LeftGroup=5 SUPPRESS_NATIVE=1
CORE RAW55_CALLBACK_SUPPRESSION_PROBE Actor=Troll Family=NORMAL Action=1 Motion=Troll_Stand_Fist_Fist_P0_Attack_Hit_N_Fwd_00_%_00_P0_100.xmot C1=30 Right=TrollFist RightUseType=55 RightGroup=5 Left=TrollFist LeftUseType=55 LeftGroup=5 SUPPRESS_NATIVE=1
CORE RAW55_CALLBACK_SUPPRESSION_PROBE Actor=Troll Family=NORMAL Action=1 Motion=Troll_Stand_Fist_Fist_P0_Attack_Hit_N_Fwd_00_%_00_P0_100.xmot C1=30 Right=TrollFist RightUseType=55 RightGroup=5 Left=TrollFist LeftUseType=55 LeftGroup=5 SUPPRESS_NATIVE=1
CORE RAW55_CALLBACK_SUPPRESSION_PROBE Actor=Troll Family=NORMAL Action=1 Motion=Troll_Stand_Fist_Fist_P0_Attack_Hit_N_Fwd_00_%_00_P0_100.xmot C1=30 Right=TrollFist RightUseType=55 RightGroup=5 Left=TrollFist LeftUseType=55 LeftGroup=5 SUPPRESS_NATIVE=1
CORE RAW55_CALLBACK_SUPPRESSION_PROBE Actor=Troll Family=NORMAL Action=1 Motion=Troll_Stand_Fist_Fist_P0_Attack_Hit_N_Fwd_00_%_00_P0_100.xmot C1=30 Right=TrollFist RightUseType=55 RightGroup=5 Left=TrollFist LeftUseType=55 LeftGroup=5 SUPPRESS_NATIVE=1
CORE RAW55_CALLBACK_SUPPRESSION_PROBE Actor=Troll Family=NORMAL Action=1 Motion=Troll_Stand_Fist_Fist_P0_Attack_Hit_N_Fwd_00_%_00_P0_100.xmot C1=30 Right=TrollFist RightUseType=55 RightGroup=5 Left=TrollFist LeftUseType=55 LeftGroup=5 SUPPRESS_NATIVE=1
CORE RAW55_CALLBACK_SUPPRESSION_PROBE Actor=Troll Family=NORMAL Action=1 Motion=Troll_Stand_Fist_Fist_P0_Attack_Hit_N_Fwd_00_%_00_P0_100.xmot C1=30 Right=TrollFist RightUseType=55 RightGroup=5 Left=TrollFist LeftUseType=55 LeftGroup=5 SUPPRESS_NATIVE=1
CORE RAW55_CALLBACK_SUPPRESSION_PROBE Actor=Troll Family=NORMAL Action=1 Motion=Troll_Stand_Fist_Fist_P0_Attack_Hit_N_Fwd_00_%_00_P0_100.xmot C1=30 Right=TrollFist RightUseType=55 RightGroup=5 Left=TrollFist LeftUseType=55 LeftGroup=5 SUPPRESS_NATIVE=1
CORE RAW55_CALLBACK_SUPPRESSION_PROBE Actor=Troll Family=NORMAL Action=1 Motion=Troll_Stand_Fist_Fist_P0_Attack_Hit_N_Fwd_00_%_00_P0_100.xmot C1=30 Right=TrollFist RightUseType=55 RightGroup=5 Left=TrollFist LeftUseType=55 LeftGroup=5 SUPPRESS_NATIVE=1
CORE RAW55_CALLBACK_SUPPRESSION_PROBE Actor=Troll Family=NORMAL Action=1 Motion=Troll_Stand_Fist_Fist_P0_Attack_Hit_N_Fwd_00_%_00_P0_100.xmot C1=30 Right=TrollFist RightUseType=55 RightGroup=5 Left=TrollFist LeftUseType=55 LeftGroup=5 SUPPRESS_NATIVE=1
CORE RAW55_CALLBACK_SUPPRESSION_PROBE Actor=Troll Family=NORMAL Action=1 Motion=Troll_Stand_Fist_Fist_P0_Attack_Hit_N_Fwd_00_%_00_P0_100.xmot C1=30 Right=TrollFist RightUseType=55 RightGroup=5 Left=TrollFist LeftUseType=55 LeftGroup=5 SUPPRESS_NATIVE=1
CORE RAW55_CALLBACK_SUPPRESSION_PROBE Actor=Troll Family=NORMAL Action=1 Motion=Troll_Stand_Fist_Fist_P0_Attack_Hit_N_Fwd_00_%_00_P0_100.xmot C1=30 Right=TrollFist RightUseType=55 RightGroup=5 Left=TrollFist LeftUseType=55 LeftGroup=5 SUPPRESS_NATIVE=1
CORE RAW55_CALLBACK_SUPPRESSION_PROBE Actor=Troll Family=NORMAL Action=1 Motion=Troll_Stand_Fist_Fist_P0_Attack_Hit_N_Fwd_00_%_00_P0_100.xmot C1=30 Right=TrollFist RightUseType=55 RightGroup=5 Left=TrollFist LeftUseType=55 LeftGroup=5 SUPPRESS_NATIVE=1
CORE RAW55_CALLBACK_SUPPRESSION_PROBE Actor=Troll Family=NORMAL Action=1 Motion=Troll_Stand_Fist_Fist_P0_Attack_Hit_N_Fwd_00_%_00_P0_100.xmot C1=30 Right=TrollFist RightUseType=55 RightGroup=5 Left=TrollFist LeftUseType=55 LeftGroup=5 SUPPRESS_NATIVE=1
CORE RAW55_CALLBACK_SUPPRESSION_PROBE Actor=Troll Family=NORMAL Action=1 Motion=Troll_Stand_Fist_Fist_P0_Attack_Hit_N_Fwd_00_%_00_P0_100.xmot C1=30 Right=TrollFist RightUseType=55 RightGroup=5 Left=TrollFist LeftUseType=55 LeftGroup=5 SUPPRESS_NATIVE=1
CORE RAW55_CALLBACK_SUPPRESSION_PROBE Actor=Troll Family=NORMAL Action=1 Motion=Troll_Stand_Fist_Fist_P0_Attack_Hit_N_Fwd_00_%_00_P0_100.xmot C1=30 Right=TrollFist RightUseType=55 RightGroup=5 Left=TrollFist LeftUseType=55 LeftGroup=5 SUPPRESS_NATIVE=1
CORE RAW55_CALLBACK_SUPPRESSION_PROBE Actor=Troll Family=NORMAL Action=1 Motion=Troll_Stand_Fist_Fist_P0_Attack_Hit_N_Fwd_00_%_00_P0_100.xmot C1=30 Right=TrollFist RightUseType=55 RightGroup=5 Left=TrollFist LeftUseType=55 LeftGroup=5 SUPPRESS_NATIVE=1
CORE RAW55_CALLBACK_SUPPRESSION_PROBE Actor=Troll Family=NORMAL Action=1 Motion=Troll_Stand_Fist_Fist_P0_Attack_Hit_N_Fwd_00_%_00_P0_100.xmot C1=30 Right=TrollFist RightUseType=55 RightGroup=5 Left=TrollFist LeftUseType=55 LeftGroup=5 SUPPRESS_NATIVE=1
CORE RAW55_CALLBACK_SUPPRESSION_PROBE Actor=Troll Family=NORMAL Action=1 Motion=Troll_Stand_Fist_Fist_P0_Attack_Hit_N_Fwd_00_%_00_P0_100.xmot C1=30 Right=TrollFist RightUseType=55 RightGroup=5 Left=TrollFist LeftUseType=55 LeftGroup=5 SUPPRESS_NATIVE=1
CORE RAW55_CALLBACK_SUPPRESSION_PROBE Actor=Troll Family=NORMAL Action=1 Motion=Troll_Stand_Fist_Fist_P0_Attack_Hit_N_Fwd_00_%_00_P0_100.xmot C1=30 Right=TrollFist RightUseType=55 RightGroup=5 Left=TrollFist LeftUseType=55 LeftGroup=5 SUPPRESS_NATIVE=1
CORE RAW55_CALLBACK_SUPPRESSION_PROBE Actor=Troll Family=NORMAL Action=1 Motion=Troll_Stand_Fist_Fist_P0_Attack_Hit_N_Fwd_00_%_00_P0_100.xmot C1=30 Right=TrollFist RightUseType=55 RightGroup=5 Left=TrollFist LeftUseType=55 LeftGroup=5 SUPPRESS_NATIVE=1
CORE RAW55_CALLBACK_SUPPRESSION_PROBE Actor=Troll Family=NORMAL Action=1 Motion=Troll_Stand_Fist_Fist_P0_Attack_Hit_N_Fwd_00_%_00_P0_100.xmot C1=30 Right=TrollFist RightUseType=55 RightGroup=5 Left=TrollFist LeftUseType=55 LeftGroup=5 SUPPRESS_NATIVE=1
CORE RAW55_CALLBACK_SUPPRESSION_PROBE Actor=Troll Family=NORMAL Action=1 Motion=Troll_Stand_Fist_Fist_P0_Attack_Hit_N_Fwd_00_%_00_P0_100.xmot C1=30 Right=TrollFist RightUseType=55 RightGroup=5 Left=TrollFist LeftUseType=55 LeftGroup=5 SUPPRESS_NATIVE=1
CORE RAW55_CALLBACK_SUPPRESSION_PROBE Actor=Troll Family=NORMAL Action=1 Motion=Troll_Stand_Fist_Fist_P0_Attack_Hit_N_Fwd_00_%_00_P0_100.xmot C1=30 Right=TrollFist RightUseType=55 RightGroup=5 Left=TrollFist LeftUseType=55 LeftGroup=5 SUPPRESS_NATIVE=1
CORE RAW55_CALLBACK_SUPPRESSION_PROBE Actor=Troll Family=NORMAL Action=1 Motion=Troll_Stand_Fist_Fist_P0_Attack_Hit_N_Fwd_00_%_00_P0_100.xmot C1=30 Right=TrollFist RightUseType=55 RightGroup=5 Left=TrollFist LeftUseType=55 LeftGroup=5 SUPPRESS_NATIVE=1
CORE RAW55_CALLBACK_SUPPRESSION_PROBE Actor=Troll Family=NORMAL Action=1 Motion=Troll_Stand_Fist_Fist_P0_Attack_Hit_N_Fwd_00_%_00_P0_100.xmot C1=30 Right=TrollFist RightUseType=55 RightGroup=5 Left=TrollFist LeftUseType=55 LeftGroup=5 SUPPRESS_NATIVE=1
CORE RAW55_CALLBACK_SUPPRESSION_PROBE Actor=Troll Family=NORMAL Action=1 Motion=Troll_Stand_Fist_Fist_P0_Attack_Hit_N_Fwd_00_%_00_P0_100.xmot C1=30 Right=TrollFist RightUseType=55 RightGroup=5 Left=TrollFist LeftUseType=55 LeftGroup=5 SUPPRESS_NATIVE=1
CORE RAW55_CALLBACK_SUPPRESSION_PROBE Actor=Troll Family=NORMAL Action=1 Motion=Troll_Stand_Fist_Fist_P0_Attack_Hit_N_Fwd_00_%_00_P0_100.xmot C1=30 Right=TrollFist RightUseType=55 RightGroup=5 Left=TrollFist LeftUseType=55 LeftGroup=5 SUPPRESS_NATIVE=1
CORE RAW55_CALLBACK_SUPPRESSION_PROBE Actor=Troll Family=NORMAL Action=1 Motion=Troll_Stand_Fist_Fist_P0_Attack_Hit_N_Fwd_00_%_00_P0_100.xmot C1=30 Right=TrollFist RightUseType=55 RightGroup=5 Left=TrollFist LeftUseType=55 LeftGroup=5 SUPPRESS_NATIVE=1
CORE RAW55_CALLBACK_SUPPRESSION_PROBE Actor=Troll Family=NORMAL Action=1 Motion=Troll_Stand_Fist_Fist_P0_Attack_Hit_N_Fwd_00_%_00_P0_100.xmot C1=30 Right=TrollFist RightUseType=55 RightGroup=5 Left=TrollFist LeftUseType=55 LeftGroup=5 SUPPRESS_NATIVE=1
CORE RAW55_CALLBACK_SUPPRESSION_PROBE Actor=Troll Family=NORMAL Action=1 Motion=Troll_Stand_Fist_Fist_P0_Attack_Hit_N_Fwd_00_%_00_P0_100.xmot C1=30 Right=TrollFist RightUseType=55 RightGroup=5 Left=TrollFist LeftUseType=55 LeftGroup=5 SUPPRESS_NATIVE=1
CORE RAW55_CALLBACK_SUPPRESSION_PROBE Actor=Troll Family=NORMAL Action=1 Motion=Troll_Stand_Fist_Fist_P0_Attack_Hit_N_Fwd_00_%_00_P0_100.xmot C1=30 Right=TrollFist RightUseType=55 RightGroup=5 Left=TrollFist LeftUseType=55 LeftGroup=5 SUPPRESS_NATIVE=1
CORE RAW55_CALLBACK_SUPPRESSION_PROBE Actor=Troll Family=NORMAL Action=1 Motion=Troll_Stand_Fist_Fist_P0_Attack_Hit_N_Fwd_00_%_00_P0_100.xmot C1=30 Right=TrollFist RightUseType=55 RightGroup=5 Left=TrollFist LeftUseType=55 LeftGroup=5 SUPPRESS_NATIVE=1
CORE RAW55_CALLBACK_SUPPRESSION_PROBE Actor=Troll Family=NORMAL Action=1 Motion=Troll_Stand_Fist_Fist_P0_Attack_Hit_N_Fwd_00_%_00_P0_100.xmot C1=30 Right=TrollFist RightUseType=55 RightGroup=5 Left=TrollFist LeftUseType=55 LeftGroup=5 SUPPRESS_NATIVE=1
CORE RAW55_CALLBACK_SUPPRESSION_PROBE Actor=Troll Family=NORMAL Action=1 Motion=Troll_Stand_Fist_Fist_P0_Attack_Hit_N_Fwd_00_%_00_P0_100.xmot C1=30 Right=TrollFist RightUseType=55 RightGroup=5 Left=TrollFist LeftUseType=55 LeftGroup=5 SUPPRESS_NATIVE=1
CORE RAW55_CALLBACK_SUPPRESSION_PROBE Actor=Troll Family=NORMAL Action=1 Motion=Troll_Stand_Fist_Fist_P0_Attack_Hit_N_Fwd_00_%_00_P0_100.xmot C1=30 Right=TrollFist RightUseType=55 RightGroup=5 Left=TrollFist LeftUseType=55 LeftGroup=5 SUPPRESS_NATIVE=1
CORE RAW55_CALLBACK_SUPPRESSION_PROBE Actor=Troll Family=NORMAL Action=1 Motion=Troll_Stand_Fist_Fist_P0_Attack_Hit_N_Fwd_00_%_00_P0_100.xmot C1=30 Right=TrollFist RightUseType=55 RightGroup=5 Left=TrollFist LeftUseType=55 LeftGroup=5 SUPPRESS_NATIVE=1
CORE RAW55_CALLBACK_SUPPRESSION_PROBE Actor=Troll Family=NORMAL Action=1 Motion=Troll_Stand_Fist_Fist_P0_Attack_Hit_N_Fwd_00_%_00_P0_100.xmot C1=30 Right=TrollFist RightUseType=55 RightGroup=5 Left=TrollFist LeftUseType=55 LeftGroup=5 SUPPRESS_NATIVE=1
CORE RAW55_CALLBACK_SUPPRESSION_PROBE Actor=Troll Family=NORMAL Action=1 Motion=Troll_Stand_Fist_Fist_P0_Attack_Hit_N_Fwd_00_%_00_P0_100.xmot C1=30 Right=TrollFist RightUseType=55 RightGroup=5 Left=TrollFist LeftUseType=55 LeftGroup=5 SUPPRESS_NATIVE=1
CORE RAW55_CALLBACK_SUPPRESSION_PROBE Actor=Troll Family=NORMAL Action=1 Motion=Troll_Stand_Fist_Fist_P0_Attack_Hit_N_Fwd_00_%_00_P0_100.xmot C1=30 Right=TrollFist RightUseType=55 RightGroup=5 Left=TrollFist LeftUseType=55 LeftGroup=5 SUPPRESS_NATIVE=1
CORE RAW55_CALLBACK_SUPPRESSION_PROBE Actor=Troll Family=NORMAL Action=1 Motion=Troll_Stand_Fist_Fist_P0_Attack_Hit_N_Fwd_00_%_00_P0_100.xmot C1=30 Right=TrollFist RightUseType=55 RightGroup=5 Left=TrollFist LeftUseType=55 LeftGroup=5 SUPPRESS_NATIVE=1
CORE RAW55_CALLBACK_SUPPRESSION_PROBE Actor=Troll Family=NORMAL Action=1 Motion=Troll_Stand_Fist_Fist_P0_Attack_Hit_N_Fwd_00_%_00_P0_100.xmot C1=30 Right=TrollFist RightUseType=55 RightGroup=5 Left=TrollFist LeftUseType=55 LeftGroup=5 SUPPRESS_NATIVE=1
CORE RAW55_CALLBACK_SUPPRESSION_PROBE Actor=Troll Family=NORMAL Action=1 Motion=Troll_Stand_Fist_Fist_P0_Attack_Hit_N_Fwd_00_%_00_P0_100.xmot C1=30 Right=TrollFist RightUseType=55 RightGroup=5 Left=TrollFist LeftUseType=55 LeftGroup=5 SUPPRESS_NATIVE=1
CORE RAW55_CALLBACK_SUPPRESSION_PROBE Actor=Troll Family=NORMAL Action=1 Motion=Troll_Stand_Fist_Fist_P0_Attack_Hit_N_Fwd_00_%_00_P0_100.xmot C1=30 Right=TrollFist RightUseType=55 RightGroup=5 Left=TrollFist LeftUseType=55 LeftGroup=5 SUPPRESS_NATIVE=1
CORE RAW55_CALLBACK_SUPPRESSION_PROBE Actor=Troll Family=NORMAL Action=1 Motion=Troll_Stand_Fist_Fist_P0_Attack_Hit_N_Fwd_00_%_00_P0_100.xmot C1=30 Right=TrollFist RightUseType=55 RightGroup=5 Left=TrollFist LeftUseType=55 LeftGroup=5 SUPPRESS_NATIVE=1
CORE RAW55_CALLBACK_SUPPRESSION_PROBE Actor=Troll Family=NORMAL Action=1 Motion=Troll_Stand_Fist_Fist_P0_Attack_Hit_N_Fwd_00_%_00_P0_100.xmot C1=30 Right=TrollFist RightUseType=55 RightGroup=5 Left=TrollFist LeftUseType=55 LeftGroup=5 SUPPRESS_NATIVE=1
CORE RAW55_CALLBACK_SUPPRESSION_PROBE Actor=Troll Family=NORMAL Action=1 Motion=Troll_Stand_Fist_Fist_P0_Attack_Hit_N_Fwd_00_%_00_P0_100.xmot C1=30 Right=TrollFist RightUseType=55 RightGroup=5 Left=TrollFist LeftUseType=55 LeftGroup=5 SUPPRESS_NATIVE=1
CORE RAW55_CALLBACK_SUPPRESSION_PROBE Actor=Troll Family=NORMAL Action=1 Motion=Troll_Stand_Fist_Fist_P0_Attack_Hit_N_Fwd_00_%_00_P0_100.xmot C1=30 Right=TrollFist RightUseType=55 RightGroup=5 Left=TrollFist LeftUseType=55 LeftGroup=5 SUPPRESS_NATIVE=1
CORE RAW55_CALLBACK_SUPPRESSION_PROBE Actor=Troll Family=NORMAL Action=1 Motion=Troll_Stand_Fist_Fist_P0_Attack_Hit_N_Fwd_00_%_00_P0_100.xmot C1=30 Right=TrollFist RightUseType=55 RightGroup=5 Left=TrollFist LeftUseType=55 LeftGroup=5 SUPPRESS_NATIVE=1
CORE RAW55_CALLBACK_SUPPRESSION_PROBE Actor=Troll Family=NORMAL Action=1 Motion=Troll_Stand_Fist_Fist_P0_Attack_Hit_N_Fwd_00_%_00_P0_100.xmot C1=30 Right=TrollFist RightUseType=55 RightGroup=5 Left=TrollFist LeftUseType=55 LeftGroup=5 SUPPRESS_NATIVE=1
CORE RAW55_CALLBACK_SUPPRESSION_PROBE Actor=Troll Family=NORMAL Action=1 Motion=Troll_Stand_Fist_Fist_P0_Attack_Hit_N_Fwd_00_%_00_P0_100.xmot C1=30 Right=TrollFist RightUseType=55 RightGroup=5 Left=TrollFist LeftUseType=55 LeftGroup=5 SUPPRESS_NATIVE=1
CORE RAW55_CALLBACK_SUPPRESSION_PROBE Actor=Troll Family=NORMAL Action=1 Motion=Troll_Stand_Fist_Fist_P0_Attack_Hit_N_Fwd_00_%_00_P0_100.xmot C1=30 Right=TrollFist RightUseType=55 RightGroup=5 Left=TrollFist LeftUseType=55 LeftGroup=5 SUPPRESS_NATIVE=1
CORE RAW55_CALLBACK_SUPPRESSION_PROBE Actor=Troll Family=NORMAL Action=1 Motion=Troll_Stand_Fist_Fist_P0_Attack_Hit_N_Fwd_00_%_00_P0_100.xmot C1=30 Right=TrollFist RightUseType=55 RightGroup=5 Left=TrollFist LeftUseType=55 LeftGroup=5 SUPPRESS_NATIVE=1
CORE RAW55_CALLBACK_SUPPRESSION_PROBE Actor=Troll Family=NORMAL Action=1 Motion=Troll_Stand_Fist_Fist_P0_Attack_Hit_N_Fwd_00_%_00_P0_100.xmot C1=30 Right=TrollFist RightUseType=55 RightGroup=5 Left=TrollFist LeftUseType=55 LeftGroup=5 SUPPRESS_NATIVE=1
CORE RAW55_CALLBACK_SUPPRESSION_PROBE Actor=Troll Family=NORMAL Action=1 Motion=Troll_Stand_Fist_Fist_P0_Attack_Hit_N_Fwd_00_%_00_P0_100.xmot C1=30 Right=TrollFist RightUseType=55 RightGroup=5 Left=TrollFist LeftUseType=55 LeftGroup=5 SUPPRESS_NATIVE=1
CORE RAW55_CALLBACK_SUPPRESSION_PROBE Actor=Troll Family=NORMAL Action=1 Motion=Troll_Stand_Fist_Fist_P0_Attack_Hit_N_Fwd_00_%_00_P0_100.xmot C1=30 Right=TrollFist RightUseType=55 RightGroup=5 Left=TrollFist LeftUseType=55 LeftGroup=5 SUPPRESS_NATIVE=1
CORE RAW55_CALLBACK_SUPPRESSION_PROBE Actor=Troll Family=NORMAL Action=1 Motion=Troll_Stand_Fist_Fist_P0_Attack_Hit_N_Fwd_00_%_00_P0_100.xmot C1=30 Right=TrollFist RightUseType=55 RightGroup=5 Left=TrollFist LeftUseType=55 LeftGroup=5 SUPPRESS_NATIVE=1
CORE RAW55_CALLBACK_SUPPRESSION_PROBE Actor=Troll Family=NORMAL Action=1 Motion=Troll_Stand_Fist_Fist_P0_Attack_Hit_N_Fwd_00_%_00_P0_100.xmot C1=30 Right=TrollFist RightUseType=55 RightGroup=5 Left=TrollFist LeftUseType=55 LeftGroup=5 SUPPRESS_NATIVE=1
CORE RAW55_CALLBACK_SUPPRESSION_PROBE Actor=Troll Family=NORMAL Action=1 Motion=Troll_Stand_Fist_Fist_P0_Attack_Hit_N_Fwd_00_%_00_P0_100.xmot C1=30 Right=TrollFist RightUseType=55 RightGroup=5 Left=TrollFist LeftUseType=55 LeftGroup=5 SUPPRESS_NATIVE=1
CORE RAW55_CALLBACK_SUPPRESSION_PROBE Actor=Troll Family=NORMAL Action=1 Motion=Troll_Stand_Fist_Fist_P0_Attack_Hit_N_Fwd_00_%_00_P0_100.xmot C1=30 Right=TrollFist RightUseType=55 RightGroup=5 Left=TrollFist LeftUseType=55 LeftGroup=5 SUPPRESS_NATIVE=1
CORE RAW55_CALLBACK_SUPPRESSION_PROBE Actor=Troll Family=NORMAL Action=1 Motion=Troll_Stand_Fist_Fist_P0_Attack_Hit_N_Fwd_00_%_00_P0_100.xmot C1=30 Right=TrollFist RightUseType=55 RightGroup=5 Left=TrollFist LeftUseType=55 LeftGroup=5 SUPPRESS_NATIVE=1
CORE RAW55_CALLBACK_SUPPRESSION_PROBE Actor=Troll Family=NORMAL Action=1 Motion=Troll_Stand_Fist_Fist_P0_Attack_Hit_N_Fwd_00_%_00_P0_100.xmot C1=30 Right=TrollFist RightUseType=55 RightGroup=5 Left=TrollFist LeftUseType=55 LeftGroup=5 SUPPRESS_NATIVE=1
CORE RAW55_CALLBACK_SUPPRESSION_PROBE Actor=Troll Family=NORMAL Action=1 Motion=Troll_Stand_Fist_Fist_P0_Attack_Hit_N_Fwd_00_%_00_P0_100.xmot C1=30 Right=TrollFist RightUseType=55 RightGroup=5 Left=TrollFist LeftUseType=55 LeftGroup=5 SUPPRESS_NATIVE=1
CORE RAW55_CALLBACK_SUPPRESSION_PROBE Actor=Troll Family=NORMAL Action=1 Motion=Troll_Stand_Fist_Fist_P0_Attack_Hit_N_Fwd_00_%_00_P0_100.xmot C1=30 Right=TrollFist RightUseType=55 RightGroup=5 Left=TrollFist LeftUseType=55 LeftGroup=5 SUPPRESS_NATIVE=1
CORE RAW55_CALLBACK_SUPPRESSION_PROBE Actor=Troll Family=NORMAL Action=1 Motion=Troll_Stand_Fist_Fist_P0_Attack_Hit_N_Fwd_00_%_00_P0_100.xmot C1=30 Right=TrollFist RightUseType=55 RightGroup=5 Left=TrollFist LeftUseType=55 LeftGroup=5 SUPPRESS_NATIVE=1
CORE RAW55_CALLBACK_SUPPRESSION_PROBE Actor=Troll Family=NORMAL Action=1 Motion=Troll_Stand_Fist_Fist_P0_Attack_Hit_N_Fwd_00_%_00_P0_100.xmot C1=30 Right=TrollFist RightUseType=55 RightGroup=5 Left=TrollFist LeftUseType=55 LeftGroup=5 SUPPRESS_NATIVE=1
CORE RAW55_CALLBACK_SUPPRESSION_PROBE Actor=Troll Family=NORMAL Action=1 Motion=Troll_Stand_Fist_Fist_P0_Attack_Hit_N_Fwd_00_%_00_P0_100.xmot C1=30 Right=TrollFist RightUseType=55 RightGroup=5 Left=TrollFist LeftUseType=55 LeftGroup=5 SUPPRESS_NATIVE=1
CORE RAW55_CALLBACK_SUPPRESSION_PROBE Actor=Troll Family=NORMAL Action=1 Motion=Troll_Stand_Fist_Fist_P0_Attack_Hit_N_Fwd_00_%_00_P0_100.xmot C1=30 Right=TrollFist RightUseType=55 RightGroup=5 Left=TrollFist LeftUseType=55 LeftGroup=5 SUPPRESS_NATIVE=1
CORE RAW55_CALLBACK_SUPPRESSION_PROBE Actor=Troll Family=NORMAL Action=1 Motion=Troll_Stand_Fist_Fist_P0_Attack_Hit_N_Fwd_00_%_00_P0_100.xmot C1=30 Right=TrollFist RightUseType=55 RightGroup=5 Left=TrollFist LeftUseType=55 LeftGroup=5 SUPPRESS_NATIVE=1
===== CORE MARKER ANOMALY / DISCOVERY =====
ElapsedMs: 59876.015
Actor: Troll
Action: 1
Family: NORMAL
AniPhase: 1
StatePosition: 0
CurrentMovementAni: Troll_Stand_Fist_Fist_P0_Attack_Hit_N_Fwd_00_%_00_P0_100.xmot
MarkerName: G3AB_COL_FIST
MarkerOpcode: FIST
Result: UNSUPPORTED_MISSING_SOURCE
C1GenerationValid: 1
C1Generation: 30
RequiredSourceMask: 0
MissingSourceMask: 0
RightSourceSlot: RIGHT
RightSourceName: TrollFist
RightSourceUseType: 55
RightSourceCollisionGroup: 5
LeftSourceSlot: LEFT
LeftSourceName: TrollFist
LeftSourceUseType: 55
LeftSourceCollisionGroup: 5
Raw8FistSourceName: <none>
Raw8FistSourceUseType: -1
Raw8FistSourceCollisionGroup: -1
===========================================

CORE RAW55_CALLBACK_SUPPRESSION_PROBE Actor=Troll Family=NORMAL Action=1 Motion=Troll_Stand_Fist_Fist_P0_Attack_Hit_N_Fwd_00_%_00_P0_100.xmot C1=30 Right=TrollFist RightUseType=55 RightGroup=5 Left=TrollFist LeftUseType=55 LeftGroup=5 SUPPRESS_NATIVE=1
CORE RAW55_CALLBACK_SUPPRESSION_PROBE Actor=Troll Family=NORMAL Action=1 Motion=Troll_Stand_Fist_Fist_P0_Attack_Hit_N_Fwd_00_%_00_P0_100.xmot C1=30 Right=TrollFist RightUseType=55 RightGroup=5 Left=TrollFist LeftUseType=55 LeftGroup=5 SUPPRESS_NATIVE=1
CORE RAW55_CALLBACK_SUPPRESSION_PROBE Actor=Troll Family=NORMAL Action=1 Motion=Troll_Stand_Fist_Fist_P0_Attack_Hit_N_Fwd_00_%_00_P0_100.xmot C1=30 Right=TrollFist RightUseType=55 RightGroup=5 Left=TrollFist LeftUseType=55 LeftGroup=5 SUPPRESS_NATIVE=1
CORE RAW55_CALLBACK_SUPPRESSION_PROBE Actor=Troll Family=NORMAL Action=1 Motion=Troll_Stand_Fist_Fist_P0_Attack_Hit_N_Fwd_00_%_00_P0_100.xmot C1=30 Right=TrollFist RightUseType=55 RightGroup=5 Left=TrollFist LeftUseType=55 LeftGroup=5 SUPPRESS_NATIVE=1
CORE RAW55_CALLBACK_SUPPRESSION_PROBE Actor=Troll Family=NORMAL Action=1 Motion=Troll_Stand_Fist_Fist_P0_Attack_Hit_N_Fwd_00_%_00_P0_100.xmot C1=30 Right=TrollFist RightUseType=55 RightGroup=5 Left=TrollFist LeftUseType=55 LeftGroup=5 SUPPRESS_NATIVE=1
CORE RAW55_CALLBACK_SUPPRESSION_PROBE Actor=Troll Family=NORMAL Action=1 Motion=Troll_Stand_Fist_Fist_P0_Attack_Hit_N_Fwd_00_%_00_P0_100.xmot C1=30 Right=TrollFist RightUseType=55 RightGroup=5 Left=TrollFist LeftUseType=55 LeftGroup=5 SUPPRESS_NATIVE=1
CORE RAW55_CALLBACK_SUPPRESSION_PROBE Actor=Troll Family=NORMAL Action=1 Motion=Troll_Stand_Fist_Fist_P0_Attack_Hit_N_Fwd_00_%_00_P0_100.xmot C1=30 Right=TrollFist RightUseType=55 RightGroup=5 Left=TrollFist LeftUseType=55 LeftGroup=5 SUPPRESS_NATIVE=1
CORE RAW55_CALLBACK_SUPPRESSION_PROBE Actor=Troll Family=NORMAL Action=1 Motion=Troll_Stand_Fist_Fist_P0_Attack_Hit_N_Fwd_00_%_00_P0_100.xmot C1=30 Right=TrollFist RightUseType=55 RightGroup=5 Left=TrollFist LeftUseType=55 LeftGroup=5 SUPPRESS_NATIVE=1
CORE RAW55_CALLBACK_SUPPRESSION_PROBE Actor=Troll Family=NORMAL Action=1 Motion=Troll_Stand_Fist_Fist_P0_Attack_Hit_N_Fwd_00_%_00_P0_100.xmot C1=30 Right=TrollFist RightUseType=55 RightGroup=5 Left=TrollFist LeftUseType=55 LeftGroup=5 SUPPRESS_NATIVE=1
CORE RAW55_CALLBACK_SUPPRESSION_PROBE Actor=Troll Family=NORMAL Action=1 Motion=Troll_Stand_Fist_Fist_P0_Attack_Hit_N_Fwd_00_%_00_P0_100.xmot C1=30 Right=TrollFist RightUseType=55 RightGroup=5 Left=TrollFist LeftUseType=55 LeftGroup=5 SUPPRESS_NATIVE=1
CORE RAW55_CALLBACK_SUPPRESSION_PROBE Actor=Troll Family=NORMAL Action=1 Motion=Troll_Stand_Fist_Fist_P0_Attack_Hit_N_Fwd_00_%_00_P0_100.xmot C1=30 Right=TrollFist RightUseType=55 RightGroup=5 Left=TrollFist LeftUseType=55 LeftGroup=5 SUPPRESS_NATIVE=1
CORE RAW55_CALLBACK_SUPPRESSION_PROBE Actor=Troll Family=NORMAL Action=1 Motion=Troll_Stand_Fist_Fist_P0_Attack_Hit_N_Fwd_00_%_00_P0_100.xmot C1=30 Right=TrollFist RightUseType=55 RightGroup=5 Left=TrollFist LeftUseType=55 LeftGroup=5 SUPPRESS_NATIVE=1
CORE RAW55_CALLBACK_SUPPRESSION_PROBE Actor=Troll Family=NORMAL Action=1 Motion=Troll_Stand_Fist_Fist_P0_Attack_Hit_N_Fwd_00_%_00_P0_100.xmot C1=30 Right=TrollFist RightUseType=55 RightGroup=5 Left=TrollFist LeftUseType=55 LeftGroup=5 SUPPRESS_NATIVE=1
CORE RAW55_CALLBACK_SUPPRESSION_PROBE Actor=Troll Family=NORMAL Action=1 Motion=Troll_Stand_Fist_Fist_P0_Attack_Hit_N_Fwd_00_%_00_P0_100.xmot C1=30 Right=TrollFist RightUseType=55 RightGroup=5 Left=TrollFist LeftUseType=55 LeftGroup=5 SUPPRESS_NATIVE=1
CORE RAW55_CALLBACK_SUPPRESSION_PROBE Actor=Troll Family=NORMAL Action=1 Motion=Troll_Stand_Fist_Fist_P0_Attack_Hit_N_Fwd_00_%_00_P0_100.xmot C1=30 Right=TrollFist RightUseType=55 RightGroup=5 Left=TrollFist LeftUseType=55 LeftGroup=5 SUPPRESS_NATIVE=1
CORE RAW55_CALLBACK_SUPPRESSION_PROBE Actor=Troll Family=NORMAL Action=1 Motion=Troll_Stand_Fist_Fist_P0_Attack_Hit_N_Fwd_00_%_00_P0_100.xmot C1=30 Right=TrollFist RightUseType=55 RightGroup=5 Left=TrollFist LeftUseType=55 LeftGroup=5 SUPPRESS_NATIVE=1
CORE RAW55_CALLBACK_SUPPRESSION_PROBE Actor=Troll Family=NORMAL Action=1 Motion=Troll_Stand_Fist_Fist_P0_Attack_Hit_N_Fwd_00_%_00_P0_100.xmot C1=30 Right=TrollFist RightUseType=55 RightGroup=5 Left=TrollFist LeftUseType=55 LeftGroup=5 SUPPRESS_NATIVE=1
CORE RAW55_CALLBACK_SUPPRESSION_PROBE Actor=Troll Family=NORMAL Action=1 Motion=Troll_Stand_Fist_Fist_P0_Attack_Hit_N_Fwd_00_%_00_P0_100.xmot C1=30 Right=TrollFist RightUseType=55 RightGroup=5 Left=TrollFist LeftUseType=55 LeftGroup=5 SUPPRESS_NATIVE=1
CORE RAW55_CALLBACK_SUPPRESSION_PROBE Actor=Troll Family=NORMAL Action=1 Motion=Troll_Stand_Fist_Fist_P0_Attack_Hit_N_Fwd_00_%_00_P0_100.xmot C1=30 Right=TrollFist RightUseType=55 RightGroup=5 Left=TrollFist LeftUseType=55 LeftGroup=5 SUPPRESS_NATIVE=1
CORE RAW55_CALLBACK_SUPPRESSION_PROBE Actor=Troll Family=NORMAL Action=1 Motion=Troll_Stand_Fist_Fist_P0_Attack_Hit_N_Fwd_00_%_00_P0_100.xmot C1=30 Right=TrollFist RightUseType=55 RightGroup=5 Left=TrollFist LeftUseType=55 LeftGroup=5 SUPPRESS_NATIVE=1
CORE RAW55_CALLBACK_SUPPRESSION_PROBE Actor=Troll Family=NORMAL Action=1 Motion=Troll_Stand_Fist_Fist_P0_Attack_Hit_N_Fwd_00_%_00_P0_100.xmot C1=30 Right=TrollFist RightUseType=55 RightGroup=5 Left=TrollFist LeftUseType=55 LeftGroup=5 SUPPRESS_NATIVE=1
CORE RAW55_CALLBACK_SUPPRESSION_PROBE Actor=Troll Family=NORMAL Action=1 Motion=Troll_Stand_Fist_Fist_P0_Attack_Hit_N_Fwd_00_%_00_P0_100.xmot C1=30 Right=TrollFist RightUseType=55 RightGroup=5 Left=TrollFist LeftUseType=55 LeftGroup=5 SUPPRESS_NATIVE=1
CORE RAW55_CALLBACK_SUPPRESSION_PROBE Actor=Troll Family=NORMAL Action=1 Motion=Troll_Stand_Fist_Fist_P0_Attack_Hit_N_Fwd_00_%_00_P0_100.xmot C1=30 Right=TrollFist RightUseType=55 RightGroup=5 Left=TrollFist LeftUseType=55 LeftGroup=5 SUPPRESS_NATIVE=1
CORE RAW55_CALLBACK_SUPPRESSION_PROBE Actor=Troll Family=NORMAL Action=1 Motion=Troll_Stand_Fist_Fist_P0_Attack_Hit_N_Fwd_00_%_00_P0_100.xmot C1=30 Right=TrollFist RightUseType=55 RightGroup=5 Left=TrollFist LeftUseType=55 LeftGroup=5 SUPPRESS_NATIVE=1
CORE RAW55_CALLBACK_SUPPRESSION_PROBE Actor=Troll Family=NORMAL Action=1 Motion=Troll_Stand_Fist_Fist_P0_Attack_Hit_N_Fwd_00_%_00_P0_100.xmot C1=30 Right=TrollFist RightUseType=55 RightGroup=5 Left=TrollFist LeftUseType=55 LeftGroup=5 SUPPRESS_NATIVE=1
CORE RAW55_CALLBACK_SUPPRESSION_PROBE Actor=Troll Family=NORMAL Action=1 Motion=Troll_Stand_Fist_Fist_P0_Attack_Hit_N_Fwd_00_%_00_P0_100.xmot C1=30 Right=TrollFist RightUseType=55 RightGroup=5 Left=TrollFist LeftUseType=55 LeftGroup=5 SUPPRESS_NATIVE=1
CORE RAW55_CALLBACK_SUPPRESSION_PROBE Actor=Troll Family=NORMAL Action=1 Motion=Troll_Stand_Fist_Fist_P0_Attack_Hit_N_Fwd_00_%_00_P0_100.xmot C1=30 Right=TrollFist RightUseType=55 RightGroup=5 Left=TrollFist LeftUseType=55 LeftGroup=5 SUPPRESS_NATIVE=1
CORE RAW55_CALLBACK_SUPPRESSION_PROBE Actor=Troll Family=NORMAL Action=1 Motion=Troll_Stand_Fist_Fist_P0_Attack_Hit_N_Fwd_00_%_00_P0_100.xmot C1=30 Right=TrollFist RightUseType=55 RightGroup=5 Left=TrollFist LeftUseType=55 LeftGroup=5 SUPPRESS_NATIVE=1
CORE RAW55_CALLBACK_SUPPRESSION_PROBE Actor=Troll Family=NORMAL Action=1 Motion=Troll_Stand_Fist_Fist_P0_Attack_Hit_N_Fwd_00_%_00_P0_100.xmot C1=30 Right=TrollFist RightUseType=55 RightGroup=5 Left=TrollFist LeftUseType=55 LeftGroup=5 SUPPRESS_NATIVE=1
CORE RAW55_CALLBACK_SUPPRESSION_PROBE Actor=Troll Family=NORMAL Action=1 Motion=Troll_Stand_Fist_Fist_P0_Attack_Hit_N_Fwd_00_%_00_P0_100.xmot C1=30 Right=TrollFist RightUseType=55 RightGroup=5 Left=TrollFist LeftUseType=55 LeftGroup=5 SUPPRESS_NATIVE=1
CORE RAW55_CALLBACK_SUPPRESSION_PROBE Actor=Troll Family=NORMAL Action=1 Motion=Troll_Stand_Fist_Fist_P0_Attack_Hit_N_Fwd_00_%_00_P0_100.xmot C1=30 Right=TrollFist RightUseType=55 RightGroup=5 Left=TrollFist LeftUseType=55 LeftGroup=5 SUPPRESS_NATIVE=1
CORE RAW55_CALLBACK_SUPPRESSION_PROBE Actor=Troll Family=NORMAL Action=1 Motion=Troll_Stand_Fist_Fist_P0_Attack_Hit_N_Fwd_00_%_00_P0_100.xmot C1=30 Right=TrollFist RightUseType=55 RightGroup=5 Left=TrollFist LeftUseType=55 LeftGroup=5 SUPPRESS_NATIVE=1
CORE C1_FINAL ElapsedMs=60140.770 Actor=Troll Generation=30 Status=PERSISTED SourceCount=2 PhysicalChanged=0 Source[0]=TrollFist Side=RIGHT Outstanding=0 Cleanup=0 Outcome=NO_OP_NO_OUTSTANDING Source[1]=TrollFist Side=LEFT Outstanding=0 Cleanup=0 Outcome=NO_OP_NO_OUTSTANDING
Script_FrameCollisionTest unloading cleanly.
