Script_FrameCollisionTest diagnostic build loaded.
DiagnosticProfile: CORE
DeepDiagnostics: DISABLED
BehaviorCore: EngineBridge + FrameCollisionMarkers + CollisionSources + CollisionSourceOperations + CollisionLifecycleGuard + Raw8FistCollision + AttackMotionRouting + RuntimeClock
C1Repair: exact outstanding live equipped Item_Attack source -> Item_Equipped after native AISetState opportunity; no ClearTriggeredList.
MarkerFamilies: Normal Power Quick SimpleWhirl Whirl Pierce Hack Sprint
MarkerOpcodes: RIGHT LEFT BOTH OFF FIST
HACK_CALLBACK_IDENTITY TargetRVA=0x433D0 ExactlyOne=1 MatchCount=1 Name=OnAI_HackAttack Source=.\Script\AI\AI_Commands\AI_HackAttack.cpp
Installing behavior hooks...
Hooks installed.

CORE C1_START ElapsedMs=30713.484 Actor=PC_Hero Generation=1 Status=CANDIDATE Outstanding=0 TrackedSources=1 ReplacedGeneration=0 ReplacedOutstanding=0 Source[0]=It_2H_Sword_Flamberge Side=RIGHT Group=5
CORE C1_BIND ElapsedMs=30713.511 Event=COMBAT_MOVE_CANDIDATE_BOUND Actor=PC_Hero Generation=1 Status=CANDIDATE Outstanding=0 Source=<null> Script=_AI_PowerAttack
CORE C1_STATUS ElapsedMs=30720.033 Event=PERSISTED Actor=PC_Hero Generation=1 Status=PERSISTED Outstanding=0
CORE C1_BIND ElapsedMs=31175.579 Event=COMBAT_MOVE_REUSED Actor=PC_Hero Generation=1 Status=PERSISTED Outstanding=0 Source=<null> Script=_AI_PowerAttack
CORE ATTACK_OWNERSHIP ElapsedMs=31181.414 Actor=PC_Hero Family=POWER Action=2 Phase=1 Motion=Hero_Stand_None_2H_P0_PowerAttack_Hit_N_Fwd_00_%_00_P1_100_R.xmot MarkerPresent=1 RequiredMask=1 FistMarkers=0 Raw8Fist=<none> Raw8UseType=-1 SuppressNative=1 Classification=ROUTINE
CORE COLLISION_GROUP ElapsedMs=31422.384 Source=It_2H_Sword_Flamberge UseType=3 Owner=PC_Hero Slot=RIGHT Requested=7 Before=5 After=7 MarkerBitsRetired=0
CORE C1 OFFENSE REQUEST ElapsedMs=31422.414 Actor=PC_Hero Generation=1 Status=PERSISTED Source=It_2H_Sword_Flamberge Side=RIGHT Requests=1 Outstanding=1 CleanupObserved=0 Group=7
CORE MARKER ElapsedMs=31422.427 Actor=PC_Hero Action=2 Family=POWER Phase=1 Motion=Hero_Stand_None_2H_P0_PowerAttack_Hit_N_Fwd_00_%_00_P1_100_R.xmot Marker=RIGHT Result=ACCEPTED C1Valid=1 C1=1 StatePosition=1 PreviousMask=0 DesiredMask=1 RetiredMask=0 OwnedMask=0 MarkerOwnedMask=1 Activated=1 Deactivated=0 Retired=0 RearmRequests=1 Clears=1 RightUseType=3
CORE ONDAMAGE ElapsedMs=31445.720 Ordinal=1 Target=Golem Arg1=Golem Arg2=Golem Caller=Game.dll+0x00069484 PlayerAction=2 PlayerPhase=1 PlayerMotion=Hero_Stand_None_2H_P0_PowerAttack_Hit_N_Fwd_00_%_00_P1_100_R.xmot Raw8Fist=<none> Raw8UseType=-1 Raw8Group=-1
CORE C1_START ElapsedMs=31449.183 Actor=Golem Generation=2 Status=CANDIDATE Outstanding=0 TrackedSources=0 ReplacedGeneration=0 ReplacedOutstanding=0
CORE C1_BIND ElapsedMs=31449.193 Event=COMBAT_MOVE_CANDIDATE_BOUND Actor=Golem Generation=2 Status=CANDIDATE Outstanding=0 Source=<null> Script=_AI_Stumble
CORE C1_STATUS ElapsedMs=31449.518 Event=PERSISTED Actor=Golem Generation=2 Status=PERSISTED Outstanding=0
CORE COLLISION_GROUP ElapsedMs=31613.388 Source=It_2H_Sword_Flamberge UseType=3 Owner=PC_Hero Slot=RIGHT Requested=5 Before=7 After=5 MarkerBitsRetired=1
CORE C1 CLEANUP FULFILLED ElapsedMs=31613.408 Actor=PC_Hero Generation=1 Status=PERSISTED Source=It_2H_Sword_Flamberge Side=RIGHT Requests=1 Outstanding=0 CleanupObserved=1 Group=5
CORE C1_FINAL ElapsedMs=31613.429 Actor=PC_Hero Generation=1 Status=PERSISTED SourceCount=1 PhysicalChanged=0 Source[0]=It_2H_Sword_Flamberge Side=RIGHT Outstanding=0 Cleanup=1 Outcome=NO_OP_NO_OUTSTANDING
CORE C1_FINAL ElapsedMs=31779.000 Actor=Golem Generation=2 Status=PERSISTED SourceCount=0 PhysicalChanged=0
CORE C1_START ElapsedMs=31835.382 Actor=PC_Hero Generation=3 Status=CANDIDATE Outstanding=0 TrackedSources=1 ReplacedGeneration=0 ReplacedOutstanding=0 Source[0]=It_2H_Sword_Flamberge Side=RIGHT Group=5
CORE C1_BIND ElapsedMs=31835.394 Event=COMBAT_MOVE_CANDIDATE_BOUND Actor=PC_Hero Generation=3 Status=CANDIDATE Outstanding=0 Source=<null> Script=_AI_PowerAttack
CORE C1_STATUS ElapsedMs=31841.917 Event=PERSISTED Actor=PC_Hero Generation=3 Status=PERSISTED Outstanding=0
CORE C1_BIND ElapsedMs=32288.019 Event=COMBAT_MOVE_REUSED Actor=PC_Hero Generation=3 Status=PERSISTED Outstanding=0 Source=<null> Script=_AI_PowerAttack
CORE ATTACK_OWNERSHIP ElapsedMs=32293.548 Actor=PC_Hero Family=POWER Action=2 Phase=1 Motion=Hero_Stand_None_2H_P1_PowerAttack_Hit_N_Fwd_00_%_00_P0_120_R.xmot MarkerPresent=1 RequiredMask=1 FistMarkers=0 Raw8Fist=<none> Raw8UseType=-1 SuppressNative=1 Classification=ROUTINE
CORE COLLISION_GROUP ElapsedMs=32535.378 Source=It_2H_Sword_Flamberge UseType=3 Owner=PC_Hero Slot=RIGHT Requested=7 Before=5 After=7 MarkerBitsRetired=0
CORE C1 OFFENSE REQUEST ElapsedMs=32535.408 Actor=PC_Hero Generation=3 Status=PERSISTED Source=It_2H_Sword_Flamberge Side=RIGHT Requests=1 Outstanding=1 CleanupObserved=0 Group=7
CORE MARKER ElapsedMs=32535.421 Actor=PC_Hero Action=2 Family=POWER Phase=1 Motion=Hero_Stand_None_2H_P1_PowerAttack_Hit_N_Fwd_00_%_00_P0_120_R.xmot Marker=RIGHT Result=ACCEPTED C1Valid=1 C1=3 StatePosition=1 PreviousMask=0 DesiredMask=1 RetiredMask=0 OwnedMask=0 MarkerOwnedMask=1 Activated=1 Deactivated=0 Retired=0 RearmRequests=1 Clears=1 RightUseType=3
CORE ONDAMAGE ElapsedMs=32552.284 Ordinal=2 Target=Golem Arg1=Golem Arg2=Golem Caller=Game.dll+0x00069484 PlayerAction=2 PlayerPhase=1 PlayerMotion=Hero_Stand_None_2H_P1_PowerAttack_Hit_N_Fwd_00_%_00_P0_120_R.xmot Raw8Fist=<none> Raw8UseType=-1 Raw8Group=-1
CORE C1_START ElapsedMs=32558.792 Actor=Golem Generation=4 Status=CANDIDATE Outstanding=0 TrackedSources=1 ReplacedGeneration=0 ReplacedOutstanding=0 Source[0]=Fist Side=RIGHT Group=0
CORE C1_BIND ElapsedMs=32558.804 Event=COMBAT_MOVE_CANDIDATE_BOUND Actor=Golem Generation=4 Status=CANDIDATE Outstanding=0 Source=<null> Script=_AI_Stumble
CORE C1_STATUS ElapsedMs=32559.258 Event=PERSISTED Actor=Golem Generation=4 Status=PERSISTED Outstanding=0
CORE COLLISION_GROUP ElapsedMs=32727.383 Source=It_2H_Sword_Flamberge UseType=3 Owner=PC_Hero Slot=RIGHT Requested=5 Before=7 After=5 MarkerBitsRetired=1
CORE C1 CLEANUP FULFILLED ElapsedMs=32727.403 Actor=PC_Hero Generation=3 Status=PERSISTED Source=It_2H_Sword_Flamberge Side=RIGHT Requests=1 Outstanding=0 CleanupObserved=1 Group=5
CORE C1_FINAL ElapsedMs=32727.425 Actor=PC_Hero Generation=3 Status=PERSISTED SourceCount=1 PhysicalChanged=0 Source[0]=It_2H_Sword_Flamberge Side=RIGHT Outstanding=0 Cleanup=1 Outcome=NO_OP_NO_OUTSTANDING
CORE C1_FINAL ElapsedMs=32898.101 Actor=Golem Generation=4 Status=PERSISTED SourceCount=1 PhysicalChanged=0 Source[0]=Fist Side=RIGHT Outstanding=0 Cleanup=0 Outcome=NO_OP_NO_OUTSTANDING
CORE C1_START ElapsedMs=33067.573 Actor=PC_Hero Generation=5 Status=CANDIDATE Outstanding=0 TrackedSources=1 ReplacedGeneration=0 ReplacedOutstanding=0 Source[0]=It_2H_Sword_Flamberge Side=RIGHT Group=5
CORE C1_BIND ElapsedMs=33067.585 Event=COMBAT_MOVE_CANDIDATE_BOUND Actor=PC_Hero Generation=5 Status=CANDIDATE Outstanding=0 Source=<null> Script=_AI_PowerAttack
CORE C1_STATUS ElapsedMs=33067.677 Event=PERSISTED Actor=PC_Hero Generation=5 Status=PERSISTED Outstanding=0
CORE C1_START ElapsedMs=33361.435 Actor=Golem Generation=6 Status=CANDIDATE Outstanding=0 TrackedSources=1 ReplacedGeneration=0 ReplacedOutstanding=0 Source[0]=Fist Side=RIGHT Group=0
CORE C1_BIND ElapsedMs=33361.447 Event=COMBAT_MOVE_CANDIDATE_BOUND Actor=Golem Generation=6 Status=CANDIDATE Outstanding=0 Source=<null> Script=_AI_Attack
CORE C1_STATUS ElapsedMs=33361.892 Event=PERSISTED Actor=Golem Generation=6 Status=PERSISTED Outstanding=0
CORE ATTACK_OWNERSHIP ElapsedMs=33361.915 Actor=Golem Family=NORMAL Action=1 Phase=1 Motion=Golem_Stand_None_Fist_P0_Attack_Hit_N_Fwd_00_%_00_P0_100_R.xmot MarkerPresent=0 RequiredMask=0 FistMarkers=0 Raw8Fist=<none> Raw8UseType=-1 SuppressNative=0 Classification=ROUTINE
CORE C1_BIND ElapsedMs=33531.152 Event=COMBAT_MOVE_REUSED Actor=PC_Hero Generation=5 Status=PERSISTED Outstanding=0 Source=<null> Script=_AI_PowerAttack
CORE ATTACK_OWNERSHIP ElapsedMs=33531.230 Actor=PC_Hero Family=POWER Action=2 Phase=1 Motion=Hero_Stand_None_2H_P0_PowerAttack_Hit_N_Fwd_00_%_00_P1_100_R.xmot MarkerPresent=1 RequiredMask=1 FistMarkers=0 Raw8Fist=<none> Raw8UseType=-1 SuppressNative=1 Classification=ROUTINE
CORE ONDAMAGE ElapsedMs=33583.939 Ordinal=3 Target=PC_Hero Arg1=Fist Arg2=Golem Caller=Game.dll+0x0016E348 PlayerAction=2 PlayerPhase=1 PlayerMotion=Hero_Stand_None_2H_P0_PowerAttack_Hit_N_Fwd_00_%_00_P1_100_R.xmot Raw8Fist=<none> Raw8UseType=-1 Raw8Group=-1
CORE C1_START ElapsedMs=33586.500 Actor=PC_Hero Generation=7 Status=CANDIDATE Outstanding=0 TrackedSources=1 ReplacedGeneration=5 ReplacedOutstanding=0 Source[0]=It_2H_Sword_Flamberge Side=RIGHT Group=5
CORE C1_BIND ElapsedMs=33586.509 Event=COMBAT_MOVE_CANDIDATE_BOUND Actor=PC_Hero Generation=7 Status=CANDIDATE Outstanding=0 Source=<null> Script=_AI_Stumble
CORE C1_STATUS ElapsedMs=33586.900 Event=PERSISTED Actor=PC_Hero Generation=7 Status=PERSISTED Outstanding=0
CORE COLLISION_GROUP ElapsedMs=33593.971 Source=Fist UseType=8 Owner=<unresolved> Slot=NONE Requested=7 Before=0 After=0 MarkerBitsRetired=0
CORE C1_FINAL ElapsedMs=33726.071 Actor=Golem Generation=6 Status=PERSISTED SourceCount=1 PhysicalChanged=0 Source[0]=Fist Side=RIGHT Outstanding=0 Cleanup=0 Outcome=NO_OP_NO_OUTSTANDING
CORE C1_FINAL ElapsedMs=33866.536 Actor=PC_Hero Generation=7 Status=PERSISTED SourceCount=1 PhysicalChanged=0 Source[0]=It_2H_Sword_Flamberge Side=RIGHT Outstanding=0 Cleanup=0 Outcome=NO_OP_NO_OUTSTANDING
CORE C1_START ElapsedMs=34163.916 Actor=PC_Hero Generation=8 Status=CANDIDATE Outstanding=0 TrackedSources=1 ReplacedGeneration=0 ReplacedOutstanding=0 Source[0]=It_2H_Sword_Flamberge Side=RIGHT Group=5
CORE C1_BIND ElapsedMs=34163.928 Event=COMBAT_MOVE_CANDIDATE_BOUND Actor=PC_Hero Generation=8 Status=CANDIDATE Outstanding=0 Source=<null> Script=_AI_PowerAttack
CORE C1_STATUS ElapsedMs=34163.993 Event=PERSISTED Actor=PC_Hero Generation=8 Status=PERSISTED Outstanding=0
CORE C1_START ElapsedMs=34178.914 Actor=Golem Generation=9 Status=CANDIDATE Outstanding=0 TrackedSources=1 ReplacedGeneration=0 ReplacedOutstanding=0 Source[0]=Fist Side=RIGHT Group=0
CORE C1_BIND ElapsedMs=34178.926 Event=COMBAT_MOVE_CANDIDATE_BOUND Actor=Golem Generation=9 Status=CANDIDATE Outstanding=0 Source=<null> Script=_AI_JumpBack
CORE C1_STATUS ElapsedMs=34179.238 Event=PERSISTED Actor=Golem Generation=9 Status=PERSISTED Outstanding=0
CORE C1_FINAL ElapsedMs=34241.009 Actor=PC_Hero Generation=8 Status=PERSISTED SourceCount=1 PhysicalChanged=0 Source[0]=It_2H_Sword_Flamberge Side=RIGHT Outstanding=0 Cleanup=0 Outcome=NO_OP_NO_OUTSTANDING
CORE C1_START ElapsedMs=34241.861 Actor=PC_Hero Generation=10 Status=CANDIDATE Outstanding=0 TrackedSources=1 ReplacedGeneration=0 ReplacedOutstanding=0 Source[0]=It_2H_Sword_Flamberge Side=RIGHT Group=5
CORE C1_STATUS ElapsedMs=34242.193 Event=PERSISTED Actor=PC_Hero Generation=10 Status=PERSISTED Outstanding=0
CORE C1_START ElapsedMs=34388.804 Actor=PC_Hero Generation=11 Status=CANDIDATE Outstanding=0 TrackedSources=1 ReplacedGeneration=10 ReplacedOutstanding=0 Source[0]=It_2H_Sword_Flamberge Side=RIGHT Group=5
CORE C1_BIND ElapsedMs=34388.815 Event=COMBAT_MOVE_CANDIDATE_BOUND Actor=PC_Hero Generation=11 Status=CANDIDATE Outstanding=0 Source=<null> Script=_AI_Attack
CORE C1_STATUS ElapsedMs=34389.180 Event=PERSISTED Actor=PC_Hero Generation=11 Status=PERSISTED Outstanding=0
CORE ATTACK_OWNERSHIP ElapsedMs=34389.201 Actor=PC_Hero Family=NORMAL Action=1 Phase=1 Motion=Hero_Stand_None_2H_P0_Attack_Hit_N_Fwd_00_%_00_P1_90_R.xmot MarkerPresent=1 RequiredMask=1 FistMarkers=0 Raw8Fist=<none> Raw8UseType=-1 SuppressNative=1 Classification=ROUTINE
CORE C1_FINAL ElapsedMs=34622.022 Actor=Golem Generation=9 Status=PERSISTED SourceCount=1 PhysicalChanged=0 Source[0]=Fist Side=RIGHT Outstanding=0 Cleanup=0 Outcome=NO_OP_NO_OUTSTANDING
CORE C1_START ElapsedMs=34632.469 Actor=Golem Generation=12 Status=CANDIDATE Outstanding=0 TrackedSources=1 ReplacedGeneration=0 ReplacedOutstanding=0 Source[0]=Fist Side=RIGHT Group=0
CORE C1_BIND ElapsedMs=34632.481 Event=COMBAT_MOVE_CANDIDATE_BOUND Actor=Golem Generation=12 Status=CANDIDATE Outstanding=0 Source=<null> Script=_AI_JumpBack
CORE C1_STATUS ElapsedMs=34632.532 Event=PERSISTED Actor=Golem Generation=12 Status=PERSISTED Outstanding=0
CORE COLLISION_GROUP ElapsedMs=34640.581 Source=It_2H_Sword_Flamberge UseType=3 Owner=PC_Hero Slot=RIGHT Requested=7 Before=5 After=7 MarkerBitsRetired=0
CORE C1 OFFENSE REQUEST ElapsedMs=34640.609 Actor=PC_Hero Generation=11 Status=PERSISTED Source=It_2H_Sword_Flamberge Side=RIGHT Requests=1 Outstanding=1 CleanupObserved=0 Group=7
CORE MARKER ElapsedMs=34640.622 Actor=PC_Hero Action=1 Family=NORMAL Phase=1 Motion=Hero_Stand_None_2H_P0_Attack_Hit_N_Fwd_00_%_00_P1_90_R.xmot Marker=RIGHT Result=ACCEPTED C1Valid=1 C1=11 StatePosition=0 PreviousMask=0 DesiredMask=1 RetiredMask=0 OwnedMask=0 MarkerOwnedMask=1 Activated=1 Deactivated=0 Retired=0 RearmRequests=1 Clears=1 RightUseType=3
CORE ONDAMAGE ElapsedMs=34677.758 Ordinal=4 Target=Golem Arg1=Golem Arg2=Golem Caller=Game.dll+0x00069484 PlayerAction=1 PlayerPhase=1 PlayerMotion=Hero_Stand_None_2H_P0_Attack_Hit_N_Fwd_00_%_00_P1_90_R.xmot Raw8Fist=<none> Raw8UseType=-1 Raw8Group=-1
CORE C1_START ElapsedMs=34681.608 Actor=Golem Generation=13 Status=CANDIDATE Outstanding=0 TrackedSources=1 ReplacedGeneration=12 ReplacedOutstanding=0 Source[0]=Fist Side=RIGHT Group=0
CORE C1_BIND ElapsedMs=34681.619 Event=COMBAT_MOVE_CANDIDATE_BOUND Actor=Golem Generation=13 Status=CANDIDATE Outstanding=0 Source=<null> Script=_AI_Stumble
CORE C1_STATUS ElapsedMs=34681.678 Event=PERSISTED Actor=Golem Generation=13 Status=PERSISTED Outstanding=0
CORE COLLISION_GROUP ElapsedMs=34839.587 Source=It_2H_Sword_Flamberge UseType=3 Owner=PC_Hero Slot=RIGHT Requested=5 Before=7 After=5 MarkerBitsRetired=1
CORE C1 CLEANUP FULFILLED ElapsedMs=34839.607 Actor=PC_Hero Generation=11 Status=PERSISTED Source=It_2H_Sword_Flamberge Side=RIGHT Requests=1 Outstanding=0 CleanupObserved=1 Group=5
CORE C1_FINAL ElapsedMs=34839.627 Actor=PC_Hero Generation=11 Status=PERSISTED SourceCount=1 PhysicalChanged=0 Source[0]=It_2H_Sword_Flamberge Side=RIGHT Outstanding=0 Cleanup=1 Outcome=NO_OP_NO_OUTSTANDING
CORE C1_START ElapsedMs=34848.061 Actor=PC_Hero Generation=14 Status=CANDIDATE Outstanding=0 TrackedSources=1 ReplacedGeneration=0 ReplacedOutstanding=0 Source[0]=It_2H_Sword_Flamberge Side=RIGHT Group=5
CORE C1_BIND ElapsedMs=34848.073 Event=COMBAT_MOVE_CANDIDATE_BOUND Actor=PC_Hero Generation=14 Status=CANDIDATE Outstanding=0 Source=<null> Script=_AI_PowerAttack
CORE C1_STATUS ElapsedMs=34848.138 Event=PERSISTED Actor=PC_Hero Generation=14 Status=PERSISTED Outstanding=0
CORE C1_FINAL ElapsedMs=35024.101 Actor=Golem Generation=13 Status=PERSISTED SourceCount=1 PhysicalChanged=0 Source[0]=Fist Side=RIGHT Outstanding=0 Cleanup=0 Outcome=NO_OP_NO_OUTSTANDING
CORE C1_BIND ElapsedMs=35315.097 Event=COMBAT_MOVE_REUSED Actor=PC_Hero Generation=14 Status=PERSISTED Outstanding=0 Source=<null> Script=_AI_PowerAttack
CORE ATTACK_OWNERSHIP ElapsedMs=35315.178 Actor=PC_Hero Family=POWER Action=2 Phase=1 Motion=Hero_Stand_None_2H_P1_PowerAttack_Hit_N_Fwd_00_%_00_P0_120_R.xmot MarkerPresent=1 RequiredMask=1 FistMarkers=0 Raw8Fist=<none> Raw8UseType=-1 SuppressNative=1 Classification=ROUTINE
CORE C1_START ElapsedMs=35437.955 Actor=Golem Generation=15 Status=CANDIDATE Outstanding=0 TrackedSources=1 ReplacedGeneration=0 ReplacedOutstanding=0 Source[0]=Fist Side=RIGHT Group=0
CORE C1_BIND ElapsedMs=35437.966 Event=COMBAT_MOVE_CANDIDATE_BOUND Actor=Golem Generation=15 Status=CANDIDATE Outstanding=0 Source=<null> Script=_AI_PowerAttack
CORE C1_STATUS ElapsedMs=35438.285 Event=PERSISTED Actor=Golem Generation=15 Status=PERSISTED Outstanding=0
CORE COLLISION_GROUP ElapsedMs=35571.946 Source=It_2H_Sword_Flamberge UseType=3 Owner=PC_Hero Slot=RIGHT Requested=7 Before=5 After=7 MarkerBitsRetired=0
CORE C1 OFFENSE REQUEST ElapsedMs=35571.976 Actor=PC_Hero Generation=14 Status=PERSISTED Source=It_2H_Sword_Flamberge Side=RIGHT Requests=1 Outstanding=1 CleanupObserved=0 Group=7
CORE MARKER ElapsedMs=35571.991 Actor=PC_Hero Action=2 Family=POWER Phase=1 Motion=Hero_Stand_None_2H_P1_PowerAttack_Hit_N_Fwd_00_%_00_P0_120_R.xmot Marker=RIGHT Result=ACCEPTED C1Valid=1 C1=14 StatePosition=1 PreviousMask=0 DesiredMask=1 RetiredMask=0 OwnedMask=0 MarkerOwnedMask=1 Activated=1 Deactivated=0 Retired=0 RearmRequests=1 Clears=1 RightUseType=3
CORE ONDAMAGE ElapsedMs=35619.091 Ordinal=5 Target=Golem Arg1=Golem Arg2=Golem Caller=Game.dll+0x00069484 PlayerAction=2 PlayerPhase=1 PlayerMotion=Hero_Stand_None_2H_P1_PowerAttack_Hit_N_Fwd_00_%_00_P0_120_R.xmot Raw8Fist=<none> Raw8UseType=-1 Raw8Group=-1
CORE C1_BIND ElapsedMs=35763.747 Event=COMBAT_MOVE_REUSED Actor=Golem Generation=15 Status=PERSISTED Outstanding=0 Source=<null> Script=_AI_PowerAttack
CORE ATTACK_OWNERSHIP ElapsedMs=35764.077 Actor=Golem Family=SPRINT Action=9 Phase=1 Motion=Golem_Stand_None_Fist_P0_PowerAttack_Hit_N_Fwd_00_%_00_P0_100_R.xmot MarkerPresent=0 RequiredMask=0 FistMarkers=0 Raw8Fist=<none> Raw8UseType=-1 SuppressNative=0 Classification=ROUTINE
CORE EQUIPPED_SPRINT_PROBE Boundary=CALLBACK Decision=DELEGATE_NATIVE Reason=MARKER_MISSING Actor=Golem ActorAddress=E6EACA10 Action=9 Phase=1 Family=7 C1Valid=1 C1Generation=15 RequiredSourceMask=0 RightAddress=E6EEFE10 RightUseType=8 LeftAddress=00000000 LeftUseType=0 Marker=INVALID BoundIdentityMatch=-1 Motion=Golem_Stand_None_Fist_P0_PowerAttack_Hit_N_Fwd_00_%_00_P0_100_R.xmot ElapsedMs=35764.092
CORE COLLISION_GROUP ElapsedMs=35764.109 Source=Fist UseType=8 Owner=<unresolved> Slot=NONE Requested=7 Before=0 After=0 MarkerBitsRetired=0
CORE COLLISION_GROUP ElapsedMs=35767.933 Source=It_2H_Sword_Flamberge UseType=3 Owner=PC_Hero Slot=RIGHT Requested=5 Before=7 After=5 MarkerBitsRetired=1
CORE C1 CLEANUP FULFILLED ElapsedMs=35767.948 Actor=PC_Hero Generation=14 Status=PERSISTED Source=It_2H_Sword_Flamberge Side=RIGHT Requests=1 Outstanding=0 CleanupObserved=1 Group=5
CORE C1_FINAL ElapsedMs=35767.967 Actor=PC_Hero Generation=14 Status=PERSISTED SourceCount=1 PhysicalChanged=0 Source[0]=It_2H_Sword_Flamberge Side=RIGHT Outstanding=0 Cleanup=1 Outcome=NO_OP_NO_OUTSTANDING
CORE EQUIPPED_SPRINT_PROBE Boundary=CALLBACK Decision=DELEGATE_NATIVE Reason=MARKER_MISSING Actor=Golem ActorAddress=E6EACA10 Action=9 Phase=1 Family=7 C1Valid=1 C1Generation=15 RequiredSourceMask=0 RightAddress=E6EEFE10 RightUseType=8 LeftAddress=00000000 LeftUseType=0 Marker=INVALID BoundIdentityMatch=-1 Motion=Golem_Stand_None_Fist_P0_PowerAttack_Hit_N_Fwd_00_%_00_P0_100_R.xmot ElapsedMs=35774.945
CORE EQUIPPED_SPRINT_PROBE Boundary=CALLBACK Decision=DELEGATE_NATIVE Reason=MARKER_MISSING Actor=Golem ActorAddress=E6EACA10 Action=9 Phase=1 Family=7 C1Valid=1 C1Generation=15 RequiredSourceMask=0 RightAddress=E6EEFE10 RightUseType=8 LeftAddress=00000000 LeftUseType=0 Marker=INVALID BoundIdentityMatch=-1 Motion=Golem_Stand_None_Fist_P0_PowerAttack_Hit_N_Fwd_00_%_00_P0_100_R.xmot ElapsedMs=35782.832
CORE EQUIPPED_SPRINT_PROBE Boundary=CALLBACK Decision=DELEGATE_NATIVE Reason=MARKER_MISSING Actor=Golem ActorAddress=E6EACA10 Action=9 Phase=1 Family=7 C1Valid=1 C1Generation=15 RequiredSourceMask=0 RightAddress=E6EEFE10 RightUseType=8 LeftAddress=00000000 LeftUseType=0 Marker=INVALID BoundIdentityMatch=-1 Motion=Golem_Stand_None_Fist_P0_PowerAttack_Hit_N_Fwd_00_%_00_P0_100_R.xmot ElapsedMs=35792.242
CORE EQUIPPED_SPRINT_PROBE Boundary=CALLBACK Decision=DELEGATE_NATIVE Reason=MARKER_MISSING Actor=Golem ActorAddress=E6EACA10 Action=9 Phase=1 Family=7 C1Valid=1 C1Generation=15 RequiredSourceMask=0 RightAddress=E6EEFE10 RightUseType=8 LeftAddress=00000000 LeftUseType=0 Marker=INVALID BoundIdentityMatch=-1 Motion=Golem_Stand_None_Fist_P0_PowerAttack_Hit_N_Fwd_00_%_00_P0_100_R.xmot ElapsedMs=35799.087
CORE EQUIPPED_SPRINT_PROBE Boundary=CALLBACK Decision=DELEGATE_NATIVE Reason=MARKER_MISSING Actor=Golem ActorAddress=E6EACA10 Action=9 Phase=1 Family=7 C1Valid=1 C1Generation=15 RequiredSourceMask=0 RightAddress=E6EEFE10 RightUseType=8 LeftAddress=00000000 LeftUseType=0 Marker=INVALID BoundIdentityMatch=-1 Motion=Golem_Stand_None_Fist_P0_PowerAttack_Hit_N_Fwd_00_%_00_P0_100_R.xmot ElapsedMs=35807.208
CORE EQUIPPED_SPRINT_PROBE Boundary=CALLBACK Decision=DELEGATE_NATIVE Reason=MARKER_MISSING Actor=Golem ActorAddress=E6EACA10 Action=9 Phase=1 Family=7 C1Valid=1 C1Generation=15 RequiredSourceMask=0 RightAddress=E6EEFE10 RightUseType=8 LeftAddress=00000000 LeftUseType=0 Marker=INVALID BoundIdentityMatch=-1 Motion=Golem_Stand_None_Fist_P0_PowerAttack_Hit_N_Fwd_00_%_00_P0_100_R.xmot ElapsedMs=35814.254
CORE EQUIPPED_SPRINT_PROBE Boundary=CALLBACK Decision=DELEGATE_NATIVE Reason=MARKER_MISSING Actor=Golem ActorAddress=E6EACA10 Action=9 Phase=1 Family=7 C1Valid=1 C1Generation=15 RequiredSourceMask=0 RightAddress=E6EEFE10 RightUseType=8 LeftAddress=00000000 LeftUseType=0 Marker=INVALID BoundIdentityMatch=-1 Motion=Golem_Stand_None_Fist_P0_PowerAttack_Hit_N_Fwd_00_%_00_P0_100_R.xmot ElapsedMs=35821.965
CORE EQUIPPED_SPRINT_PROBE Boundary=CALLBACK Decision=DELEGATE_NATIVE Reason=MARKER_MISSING Actor=Golem ActorAddress=E6EACA10 Action=9 Phase=1 Family=7 C1Valid=1 C1Generation=15 RequiredSourceMask=0 RightAddress=E6EEFE10 RightUseType=8 LeftAddress=00000000 LeftUseType=0 Marker=INVALID BoundIdentityMatch=-1 Motion=Golem_Stand_None_Fist_P0_PowerAttack_Hit_N_Fwd_00_%_00_P0_100_R.xmot ElapsedMs=35830.344
CORE EQUIPPED_SPRINT_PROBE Boundary=CALLBACK Decision=DELEGATE_NATIVE Reason=MARKER_MISSING Actor=Golem ActorAddress=E6EACA10 Action=9 Phase=1 Family=7 C1Valid=1 C1Generation=15 RequiredSourceMask=0 RightAddress=E6EEFE10 RightUseType=8 LeftAddress=00000000 LeftUseType=0 Marker=INVALID BoundIdentityMatch=-1 Motion=Golem_Stand_None_Fist_P0_PowerAttack_Hit_N_Fwd_00_%_00_P0_100_R.xmot ElapsedMs=35837.101
CORE EQUIPPED_SPRINT_PROBE Boundary=CALLBACK Decision=DELEGATE_NATIVE Reason=MARKER_MISSING Actor=Golem ActorAddress=E6EACA10 Action=9 Phase=1 Family=7 C1Valid=1 C1Generation=15 RequiredSourceMask=0 RightAddress=E6EEFE10 RightUseType=8 LeftAddress=00000000 LeftUseType=0 Marker=INVALID BoundIdentityMatch=-1 Motion=Golem_Stand_None_Fist_P0_PowerAttack_Hit_N_Fwd_00_%_00_P0_100_R.xmot ElapsedMs=35846.228
CORE EQUIPPED_SPRINT_PROBE Boundary=CALLBACK Decision=DELEGATE_NATIVE Reason=MARKER_MISSING Actor=Golem ActorAddress=E6EACA10 Action=9 Phase=1 Family=7 C1Valid=1 C1Generation=15 RequiredSourceMask=0 RightAddress=E6EEFE10 RightUseType=8 LeftAddress=00000000 LeftUseType=0 Marker=INVALID BoundIdentityMatch=-1 Motion=Golem_Stand_None_Fist_P0_PowerAttack_Hit_N_Fwd_00_%_00_P0_100_R.xmot ElapsedMs=35854.406
CORE EQUIPPED_SPRINT_PROBE Boundary=CALLBACK Decision=DELEGATE_NATIVE Reason=MARKER_MISSING Actor=Golem ActorAddress=E6EACA10 Action=9 Phase=1 Family=7 C1Valid=1 C1Generation=15 RequiredSourceMask=0 RightAddress=E6EEFE10 RightUseType=8 LeftAddress=00000000 LeftUseType=0 Marker=INVALID BoundIdentityMatch=-1 Motion=Golem_Stand_None_Fist_P0_PowerAttack_Hit_N_Fwd_00_%_00_P0_100_R.xmot ElapsedMs=35863.041
CORE EQUIPPED_SPRINT_PROBE Boundary=CALLBACK Decision=DELEGATE_NATIVE Reason=MARKER_MISSING Actor=Golem ActorAddress=E6EACA10 Action=9 Phase=1 Family=7 C1Valid=1 C1Generation=15 RequiredSourceMask=0 RightAddress=E6EEFE10 RightUseType=8 LeftAddress=00000000 LeftUseType=0 Marker=INVALID BoundIdentityMatch=-1 Motion=Golem_Stand_None_Fist_P0_PowerAttack_Hit_N_Fwd_00_%_00_P0_100_R.xmot ElapsedMs=35870.576
CORE EQUIPPED_SPRINT_PROBE Boundary=CALLBACK Decision=DELEGATE_NATIVE Reason=MARKER_MISSING Actor=Golem ActorAddress=E6EACA10 Action=9 Phase=1 Family=7 C1Valid=1 C1Generation=15 RequiredSourceMask=0 RightAddress=E6EEFE10 RightUseType=8 LeftAddress=00000000 LeftUseType=0 Marker=INVALID BoundIdentityMatch=-1 Motion=Golem_Stand_None_Fist_P0_PowerAttack_Hit_N_Fwd_00_%_00_P0_100_R.xmot ElapsedMs=35879.031
CORE EQUIPPED_SPRINT_PROBE Boundary=CALLBACK Decision=DELEGATE_NATIVE Reason=MARKER_MISSING Actor=Golem ActorAddress=E6EACA10 Action=9 Phase=1 Family=7 C1Valid=1 C1Generation=15 RequiredSourceMask=0 RightAddress=E6EEFE10 RightUseType=8 LeftAddress=00000000 LeftUseType=0 Marker=INVALID BoundIdentityMatch=-1 Motion=Golem_Stand_None_Fist_P0_PowerAttack_Hit_N_Fwd_00_%_00_P0_100_R.xmot ElapsedMs=35886.451
CORE EQUIPPED_SPRINT_PROBE Boundary=CALLBACK Decision=DELEGATE_NATIVE Reason=MARKER_MISSING Actor=Golem ActorAddress=E6EACA10 Action=9 Phase=1 Family=7 C1Valid=1 C1Generation=15 RequiredSourceMask=0 RightAddress=E6EEFE10 RightUseType=8 LeftAddress=00000000 LeftUseType=0 Marker=INVALID BoundIdentityMatch=-1 Motion=Golem_Stand_None_Fist_P0_PowerAttack_Hit_N_Fwd_00_%_00_P0_100_R.xmot ElapsedMs=35894.046
CORE EQUIPPED_SPRINT_PROBE Boundary=CALLBACK Decision=DELEGATE_NATIVE Reason=MARKER_MISSING Actor=Golem ActorAddress=E6EACA10 Action=9 Phase=1 Family=7 C1Valid=1 C1Generation=15 RequiredSourceMask=0 RightAddress=E6EEFE10 RightUseType=8 LeftAddress=00000000 LeftUseType=0 Marker=INVALID BoundIdentityMatch=-1 Motion=Golem_Stand_None_Fist_P0_PowerAttack_Hit_N_Fwd_00_%_00_P0_100_R.xmot ElapsedMs=35903.000
CORE ONDAMAGE ElapsedMs=35910.790 Ordinal=6 Target=PC_Hero Arg1=Fist Arg2=Golem Caller=Game.dll+0x0016E348 PlayerAction=0 PlayerPhase=3 PlayerMotion=Hero_Stand_None_2H_P0_PowerAttack_Recover_N_Fwd_00_%_00_P0_0_R.xmot Raw8Fist=<none> Raw8UseType=-1 Raw8Group=-1
CORE EQUIPPED_SPRINT_PROBE Boundary=CALLBACK Decision=DELEGATE_NATIVE Reason=NOT_SPRINT_FAMILY Actor=Golem ActorAddress=E6EACA10 Action=2 Phase=1 Family=1 C1Valid=1 C1Generation=15 RequiredSourceMask=0 RightAddress=E6EEFE10 RightUseType=8 LeftAddress=00000000 LeftUseType=0 Marker=INVALID BoundIdentityMatch=-1 Motion=Golem_Stand_None_Fist_P0_PowerAttack_Hit_N_Fwd_00_%_00_P0_100_R.xmot ElapsedMs=35910.826
CORE C1_START ElapsedMs=35912.445 Actor=PC_Hero Generation=16 Status=CANDIDATE Outstanding=0 TrackedSources=1 ReplacedGeneration=0 ReplacedOutstanding=0 Source[0]=It_2H_Sword_Flamberge Side=RIGHT Group=5
CORE C1_STATUS ElapsedMs=35912.922 Event=PERSISTED Actor=PC_Hero Generation=16 Status=PERSISTED Outstanding=0
CORE EQUIPPED_SPRINT_PROBE Boundary=CALLBACK Decision=DELEGATE_NATIVE Reason=NOT_SPRINT_FAMILY Actor=Golem ActorAddress=E6EACA10 Action=2 Phase=1 Family=1 C1Valid=1 C1Generation=15 RequiredSourceMask=0 RightAddress=E6EEFE10 RightUseType=8 LeftAddress=00000000 LeftUseType=0 Marker=INVALID BoundIdentityMatch=-1 Motion=Golem_Stand_None_Fist_P0_PowerAttack_Hit_N_Fwd_00_%_00_P0_100_R.xmot ElapsedMs=35920.165
CORE EQUIPPED_SPRINT_PROBE Boundary=CALLBACK Decision=DELEGATE_NATIVE Reason=NOT_SPRINT_FAMILY Actor=Golem ActorAddress=E6EACA10 Action=2 Phase=1 Family=1 C1Valid=1 C1Generation=15 RequiredSourceMask=0 RightAddress=E6EEFE10 RightUseType=8 LeftAddress=00000000 LeftUseType=0 Marker=INVALID BoundIdentityMatch=-1 Motion=Golem_Stand_None_Fist_P0_PowerAttack_Hit_N_Fwd_00_%_00_P0_100_R.xmot ElapsedMs=35928.986
CORE EQUIPPED_SPRINT_PROBE Boundary=CALLBACK Decision=DELEGATE_NATIVE Reason=NOT_SPRINT_FAMILY Actor=Golem ActorAddress=E6EACA10 Action=2 Phase=1 Family=1 C1Valid=1 C1Generation=15 RequiredSourceMask=0 RightAddress=E6EEFE10 RightUseType=8 LeftAddress=00000000 LeftUseType=0 Marker=INVALID BoundIdentityMatch=-1 Motion=Golem_Stand_None_Fist_P0_PowerAttack_Hit_N_Fwd_00_%_00_P0_100_R.xmot ElapsedMs=35936.334
CORE EQUIPPED_SPRINT_PROBE Boundary=CALLBACK Decision=DELEGATE_NATIVE Reason=NOT_SPRINT_FAMILY Actor=Golem ActorAddress=E6EACA10 Action=2 Phase=1 Family=1 C1Valid=1 C1Generation=15 RequiredSourceMask=0 RightAddress=E6EEFE10 RightUseType=8 LeftAddress=00000000 LeftUseType=0 Marker=INVALID BoundIdentityMatch=-1 Motion=Golem_Stand_None_Fist_P0_PowerAttack_Hit_N_Fwd_00_%_00_P0_100_R.xmot ElapsedMs=35945.017
CORE EQUIPPED_SPRINT_PROBE Boundary=CALLBACK Decision=DELEGATE_NATIVE Reason=NOT_SPRINT_FAMILY Actor=Golem ActorAddress=E6EACA10 Action=2 Phase=1 Family=1 C1Valid=1 C1Generation=15 RequiredSourceMask=0 RightAddress=E6EEFE10 RightUseType=8 LeftAddress=00000000 LeftUseType=0 Marker=INVALID BoundIdentityMatch=-1 Motion=Golem_Stand_None_Fist_P0_PowerAttack_Hit_N_Fwd_00_%_00_P0_100_R.xmot ElapsedMs=35952.454
CORE EQUIPPED_SPRINT_PROBE Boundary=CALLBACK Decision=DELEGATE_NATIVE Reason=NOT_SPRINT_FAMILY Actor=Golem ActorAddress=E6EACA10 Action=2 Phase=1 Family=1 C1Valid=1 C1Generation=15 RequiredSourceMask=0 RightAddress=E6EEFE10 RightUseType=8 LeftAddress=00000000 LeftUseType=0 Marker=INVALID BoundIdentityMatch=-1 Motion=Golem_Stand_None_Fist_P0_PowerAttack_Hit_N_Fwd_00_%_00_P0_100_R.xmot ElapsedMs=35959.879
CORE EQUIPPED_SPRINT_PROBE Boundary=CALLBACK Decision=DELEGATE_NATIVE Reason=NOT_SPRINT_FAMILY Actor=Golem ActorAddress=E6EACA10 Action=2 Phase=1 Family=1 C1Valid=1 C1Generation=15 RequiredSourceMask=0 RightAddress=E6EEFE10 RightUseType=8 LeftAddress=00000000 LeftUseType=0 Marker=INVALID BoundIdentityMatch=-1 Motion=Golem_Stand_None_Fist_P0_PowerAttack_Hit_N_Fwd_00_%_00_P0_100_R.xmot ElapsedMs=35967.905
CORE EQUIPPED_SPRINT_PROBE Boundary=CALLBACK Decision=DELEGATE_NATIVE Reason=NOT_SPRINT_FAMILY Actor=Golem ActorAddress=E6EACA10 Action=2 Phase=1 Family=1 C1Valid=1 C1Generation=15 RequiredSourceMask=0 RightAddress=E6EEFE10 RightUseType=8 LeftAddress=00000000 LeftUseType=0 Marker=INVALID BoundIdentityMatch=-1 Motion=Golem_Stand_None_Fist_P0_PowerAttack_Hit_N_Fwd_00_%_00_P0_100_R.xmot ElapsedMs=35976.835
CORE EQUIPPED_SPRINT_PROBE Boundary=CALLBACK Decision=DELEGATE_NATIVE Reason=NOT_SPRINT_FAMILY Actor=Golem ActorAddress=E6EACA10 Action=2 Phase=1 Family=1 C1Valid=1 C1Generation=15 RequiredSourceMask=0 RightAddress=E6EEFE10 RightUseType=8 LeftAddress=00000000 LeftUseType=0 Marker=INVALID BoundIdentityMatch=-1 Motion=Golem_Stand_None_Fist_P0_PowerAttack_Hit_N_Fwd_00_%_00_P0_100_R.xmot ElapsedMs=35983.779
CORE EQUIPPED_SPRINT_PROBE Boundary=CALLBACK Decision=DELEGATE_NATIVE Reason=NOT_SPRINT_FAMILY Actor=Golem ActorAddress=E6EACA10 Action=2 Phase=1 Family=1 C1Valid=1 C1Generation=15 RequiredSourceMask=0 RightAddress=E6EEFE10 RightUseType=8 LeftAddress=00000000 LeftUseType=0 Marker=INVALID BoundIdentityMatch=-1 Motion=Golem_Stand_None_Fist_P0_PowerAttack_Hit_N_Fwd_00_%_00_P0_100_R.xmot ElapsedMs=35993.595
CORE EQUIPPED_SPRINT_PROBE Boundary=CALLBACK Decision=DELEGATE_NATIVE Reason=NOT_SPRINT_FAMILY Actor=Golem ActorAddress=E6EACA10 Action=2 Phase=1 Family=1 C1Valid=1 C1Generation=15 RequiredSourceMask=0 RightAddress=E6EEFE10 RightUseType=8 LeftAddress=00000000 LeftUseType=0 Marker=INVALID BoundIdentityMatch=-1 Motion=Golem_Stand_None_Fist_P0_PowerAttack_Hit_N_Fwd_00_%_00_P0_100_R.xmot ElapsedMs=36000.412
CORE C1_FINAL ElapsedMs=36008.620 Actor=Golem Generation=15 Status=PERSISTED SourceCount=1 PhysicalChanged=0 Source[0]=Fist Side=RIGHT Outstanding=0 Cleanup=0 Outcome=NO_OP_NO_OUTSTANDING
CORE C1_START ElapsedMs=37229.790 Actor=Golem Generation=17 Status=CANDIDATE Outstanding=0 TrackedSources=1 ReplacedGeneration=0 ReplacedOutstanding=0 Source[0]=Fist Side=RIGHT Group=0
CORE C1_BIND ElapsedMs=37229.802 Event=COMBAT_MOVE_CANDIDATE_BOUND Actor=Golem Generation=17 Status=CANDIDATE Outstanding=0 Source=<null> Script=_AI_Attack
CORE C1_STATUS ElapsedMs=37229.855 Event=PERSISTED Actor=Golem Generation=17 Status=PERSISTED Outstanding=0
CORE ATTACK_OWNERSHIP ElapsedMs=37229.871 Actor=Golem Family=NORMAL Action=1 Phase=1 Motion=Golem_Stand_None_Fist_P0_Attack_Hit_N_Fwd_00_%_00_P0_100_R.xmot MarkerPresent=0 RequiredMask=0 FistMarkers=0 Raw8Fist=<none> Raw8UseType=-1 SuppressNative=0 Classification=ROUTINE
CORE COLLISION_GROUP ElapsedMs=37460.740 Source=Fist UseType=8 Owner=<unresolved> Slot=NONE Requested=7 Before=0 After=0 MarkerBitsRetired=0
CORE C1_FINAL ElapsedMs=37602.411 Actor=Golem Generation=17 Status=PERSISTED SourceCount=1 PhysicalChanged=0 Source[0]=Fist Side=RIGHT Outstanding=0 Cleanup=0 Outcome=NO_OP_NO_OUTSTANDING
CORE C1_START ElapsedMs=37609.784 Actor=Golem Generation=18 Status=CANDIDATE Outstanding=0 TrackedSources=1 ReplacedGeneration=0 ReplacedOutstanding=0 Source[0]=Fist Side=RIGHT Group=0
CORE C1_BIND ElapsedMs=37609.796 Event=COMBAT_MOVE_CANDIDATE_BOUND Actor=Golem Generation=18 Status=CANDIDATE Outstanding=0 Source=<null> Script=_AI_JumpBack
CORE C1_STATUS ElapsedMs=37609.859 Event=PERSISTED Actor=Golem Generation=18 Status=PERSISTED Outstanding=0
CORE C1_FINAL ElapsedMs=37775.382 Actor=PC_Hero Generation=16 Status=PERSISTED SourceCount=1 PhysicalChanged=0 Source[0]=It_2H_Sword_Flamberge Side=RIGHT Outstanding=0 Cleanup=0 Outcome=NO_OP_NO_OUTSTANDING
CORE COLLISION_GROUP ElapsedMs=37783.969 Source=It_2H_Sword_Flamberge UseType=3 Owner=PC_Hero Slot=RIGHT Requested=7 Before=5 After=7 MarkerBitsRetired=0
CORE C1_START ElapsedMs=37784.084 Actor=PC_Hero Generation=19 Status=OUTER_BOUND Outstanding=0 TrackedSources=1 ReplacedGeneration=0 ReplacedOutstanding=0 Source[0]=It_2H_Sword_Flamberge Side=RIGHT Group=7
CORE C1_BIND ElapsedMs=37784.092 Event=PRECOMBAT_ACQUIRED Actor=PC_Hero Generation=19 Status=OUTER_BOUND Outstanding=0 Source=It_2H_Sword_Flamberge Script=_AI_GetUpAttack
CORE C1 OFFENSE REQUEST ElapsedMs=37784.096 Actor=PC_Hero Generation=19 Status=OUTER_BOUND Source=It_2H_Sword_Flamberge Side=RIGHT Requests=1 Outstanding=1 CleanupObserved=0 Group=7
CORE C1_BIND ElapsedMs=37784.119 Event=PRECOMBAT_BRIDGE_CONSUMED Actor=PC_Hero Generation=19 Status=PERSISTED Outstanding=1 Source=<null> Script=_AI_GetUpAttack
CORE COLLISION_GROUP ElapsedMs=37881.372 Source=It_2H_Sword_Flamberge UseType=3 Owner=PC_Hero Slot=RIGHT Requested=7 Before=7 After=7 MarkerBitsRetired=0
CORE C1 OFFENSE REQUEST ElapsedMs=37881.401 Actor=PC_Hero Generation=19 Status=PERSISTED Source=It_2H_Sword_Flamberge Side=RIGHT Requests=2 Outstanding=1 CleanupObserved=0 Group=7
CORE ONDAMAGE ElapsedMs=38005.469 Ordinal=7 Target=Golem Arg1=Golem Arg2=Golem Caller=Game.dll+0x00069484 PlayerAction=30 PlayerPhase=1 PlayerMotion=Hero_SitKnockDown_None_2H_P0_GetUpAttack_Hit_N_Fwd_00_%_00_P1_100_R.xmot Raw8Fist=<none> Raw8UseType=-1 Raw8Group=-1
CORE C1_START ElapsedMs=38013.975 Actor=Golem Generation=20 Status=CANDIDATE Outstanding=0 TrackedSources=1 ReplacedGeneration=18 ReplacedOutstanding=0 Source[0]=Fist Side=RIGHT Group=0
CORE C1_BIND ElapsedMs=38014.000 Event=COMBAT_MOVE_CANDIDATE_BOUND Actor=Golem Generation=20 Status=CANDIDATE Outstanding=0 Source=<null> Script=_AI_Stumble
CORE C1_STATUS ElapsedMs=38014.074 Event=PERSISTED Actor=Golem Generation=20 Status=PERSISTED Outstanding=0
CORE COLLISION_GROUP ElapsedMs=38172.390 Source=It_2H_Sword_Flamberge UseType=3 Owner=PC_Hero Slot=RIGHT Requested=5 Before=7 After=5 MarkerBitsRetired=0
CORE C1 CLEANUP FULFILLED ElapsedMs=38172.411 Actor=PC_Hero Generation=19 Status=PERSISTED Source=It_2H_Sword_Flamberge Side=RIGHT Requests=2 Outstanding=0 CleanupObserved=1 Group=5
CORE C1_FINAL ElapsedMs=38172.440 Actor=PC_Hero Generation=19 Status=PERSISTED SourceCount=1 PhysicalChanged=0 Source[0]=It_2H_Sword_Flamberge Side=RIGHT Outstanding=0 Cleanup=1 Outcome=NO_OP_NO_OUTSTANDING
CORE C1_START ElapsedMs=38331.188 Actor=PC_Hero Generation=21 Status=CANDIDATE Outstanding=0 TrackedSources=1 ReplacedGeneration=0 ReplacedOutstanding=0 Source[0]=It_2H_Sword_Flamberge Side=RIGHT Group=5
CORE C1_BIND ElapsedMs=38331.200 Event=COMBAT_MOVE_CANDIDATE_BOUND Actor=PC_Hero Generation=21 Status=CANDIDATE Outstanding=0 Source=<null> Script=_AI_PowerAttack
CORE C1_STATUS ElapsedMs=38331.288 Event=PERSISTED Actor=PC_Hero Generation=21 Status=PERSISTED Outstanding=0
CORE C1_FINAL ElapsedMs=38372.390 Actor=Golem Generation=20 Status=PERSISTED SourceCount=1 PhysicalChanged=0 Source[0]=Fist Side=RIGHT Outstanding=0 Cleanup=0 Outcome=NO_OP_NO_OUTSTANDING
CORE C1_START ElapsedMs=38389.509 Actor=Golem Generation=22 Status=CANDIDATE Outstanding=0 TrackedSources=1 ReplacedGeneration=0 ReplacedOutstanding=0 Source[0]=Fist Side=RIGHT Group=0
CORE C1_BIND ElapsedMs=38389.521 Event=COMBAT_MOVE_CANDIDATE_BOUND Actor=Golem Generation=22 Status=CANDIDATE Outstanding=0 Source=<null> Script=_AI_JumpBack
CORE C1_STATUS ElapsedMs=38389.576 Event=PERSISTED Actor=Golem Generation=22 Status=PERSISTED Outstanding=0
CORE C1_BIND ElapsedMs=38821.773 Event=COMBAT_MOVE_REUSED Actor=PC_Hero Generation=21 Status=PERSISTED Outstanding=0 Source=<null> Script=_AI_PowerAttack
CORE C1_FINAL ElapsedMs=38854.053 Actor=Golem Generation=22 Status=PERSISTED SourceCount=1 PhysicalChanged=0 Source[0]=Fist Side=RIGHT Outstanding=0 Cleanup=0 Outcome=NO_OP_NO_OUTSTANDING
CORE COLLISION_GROUP ElapsedMs=39089.479 Source=It_2H_Sword_Flamberge UseType=3 Owner=PC_Hero Slot=RIGHT Requested=7 Before=5 After=7 MarkerBitsRetired=0
CORE C1 OFFENSE REQUEST ElapsedMs=39089.506 Actor=PC_Hero Generation=21 Status=PERSISTED Source=It_2H_Sword_Flamberge Side=RIGHT Requests=1 Outstanding=1 CleanupObserved=0 Group=7
CORE MARKER ElapsedMs=39089.524 Actor=PC_Hero Action=2 Family=POWER Phase=1 Motion=Hero_Stand_None_2H_P1_PowerAttack_Hit_N_Fwd_00_%_00_P0_120_R.xmot Marker=RIGHT Result=ACCEPTED C1Valid=1 C1=21 StatePosition=1 PreviousMask=0 DesiredMask=1 RetiredMask=0 OwnedMask=0 MarkerOwnedMask=1 Activated=1 Deactivated=0 Retired=0 RearmRequests=1 Clears=1 RightUseType=3
CORE COLLISION_GROUP ElapsedMs=39287.885 Source=It_2H_Sword_Flamberge UseType=3 Owner=PC_Hero Slot=RIGHT Requested=5 Before=7 After=5 MarkerBitsRetired=1
CORE C1 CLEANUP FULFILLED ElapsedMs=39287.915 Actor=PC_Hero Generation=21 Status=PERSISTED Source=It_2H_Sword_Flamberge Side=RIGHT Requests=1 Outstanding=0 CleanupObserved=1 Group=5
CORE C1_FINAL ElapsedMs=39287.936 Actor=PC_Hero Generation=21 Status=PERSISTED SourceCount=1 PhysicalChanged=0 Source[0]=It_2H_Sword_Flamberge Side=RIGHT Outstanding=0 Cleanup=1 Outcome=NO_OP_NO_OUTSTANDING
CORE C1_START ElapsedMs=39295.375 Actor=Golem Generation=23 Status=CANDIDATE Outstanding=0 TrackedSources=1 ReplacedGeneration=0 ReplacedOutstanding=0 Source[0]=Fist Side=RIGHT Group=0
CORE C1_BIND ElapsedMs=39295.387 Event=COMBAT_MOVE_CANDIDATE_BOUND Actor=Golem Generation=23 Status=CANDIDATE Outstanding=0 Source=<null> Script=_AI_PowerAttack
CORE C1_STATUS ElapsedMs=39295.440 Event=PERSISTED Actor=Golem Generation=23 Status=PERSISTED Outstanding=0
CORE C1_START ElapsedMs=39474.667 Actor=PC_Hero Generation=24 Status=CANDIDATE Outstanding=0 TrackedSources=1 ReplacedGeneration=0 ReplacedOutstanding=0 Source[0]=It_2H_Sword_Flamberge Side=RIGHT Group=5
CORE C1_BIND ElapsedMs=39474.680 Event=COMBAT_MOVE_CANDIDATE_BOUND Actor=PC_Hero Generation=24 Status=CANDIDATE Outstanding=0 Source=<null> Script=_AI_PowerAttack
CORE C1_STATUS ElapsedMs=39474.742 Event=PERSISTED Actor=PC_Hero Generation=24 Status=PERSISTED Outstanding=0
CORE C1_BIND ElapsedMs=39632.634 Event=COMBAT_MOVE_REUSED Actor=Golem Generation=23 Status=PERSISTED Outstanding=0 Source=<null> Script=_AI_PowerAttack
CORE ATTACK_OWNERSHIP ElapsedMs=39632.714 Actor=Golem Family=POWER Action=2 Phase=1 Motion=Golem_Stand_None_Fist_P0_PowerAttack_Hit_N_Fwd_00_%_00_P0_100_R.xmot MarkerPresent=0 RequiredMask=0 FistMarkers=0 Raw8Fist=<none> Raw8UseType=-1 SuppressNative=0 Classification=ROUTINE
CORE EQUIPPED_SPRINT_PROBE Boundary=CALLBACK Decision=DELEGATE_NATIVE Reason=NOT_SPRINT_FAMILY Actor=Golem ActorAddress=E6EACA10 Action=2 Phase=1 Family=1 C1Valid=1 C1Generation=23 RequiredSourceMask=0 RightAddress=E6EEFE10 RightUseType=8 LeftAddress=00000000 LeftUseType=0 Marker=INVALID BoundIdentityMatch=-1 Motion=Golem_Stand_None_Fist_P0_PowerAttack_Hit_N_Fwd_00_%_00_P0_100_R.xmot ElapsedMs=39632.727
CORE COLLISION_GROUP ElapsedMs=39632.747 Source=Fist UseType=8 Owner=<unresolved> Slot=NONE Requested=7 Before=0 After=0 MarkerBitsRetired=0
CORE EQUIPPED_SPRINT_PROBE Boundary=CALLBACK Decision=DELEGATE_NATIVE Reason=NOT_SPRINT_FAMILY Actor=Golem ActorAddress=E6EACA10 Action=2 Phase=1 Family=1 C1Valid=1 C1Generation=23 RequiredSourceMask=0 RightAddress=E6EEFE10 RightUseType=8 LeftAddress=00000000 LeftUseType=0 Marker=INVALID BoundIdentityMatch=-1 Motion=Golem_Stand_None_Fist_P0_PowerAttack_Hit_N_Fwd_00_%_00_P0_100_R.xmot ElapsedMs=39645.444
CORE EQUIPPED_SPRINT_PROBE Boundary=CALLBACK Decision=DELEGATE_NATIVE Reason=NOT_SPRINT_FAMILY Actor=Golem ActorAddress=E6EACA10 Action=2 Phase=1 Family=1 C1Valid=1 C1Generation=23 RequiredSourceMask=0 RightAddress=E6EEFE10 RightUseType=8 LeftAddress=00000000 LeftUseType=0 Marker=INVALID BoundIdentityMatch=-1 Motion=Golem_Stand_None_Fist_P0_PowerAttack_Hit_N_Fwd_00_%_00_P0_100_R.xmot ElapsedMs=39655.921
CORE EQUIPPED_SPRINT_PROBE Boundary=CALLBACK Decision=DELEGATE_NATIVE Reason=NOT_SPRINT_FAMILY Actor=Golem ActorAddress=E6EACA10 Action=2 Phase=1 Family=1 C1Valid=1 C1Generation=23 RequiredSourceMask=0 RightAddress=E6EEFE10 RightUseType=8 LeftAddress=00000000 LeftUseType=0 Marker=INVALID BoundIdentityMatch=-1 Motion=Golem_Stand_None_Fist_P0_PowerAttack_Hit_N_Fwd_00_%_00_P0_100_R.xmot ElapsedMs=39665.109
CORE EQUIPPED_SPRINT_PROBE Boundary=CALLBACK Decision=DELEGATE_NATIVE Reason=NOT_SPRINT_FAMILY Actor=Golem ActorAddress=E6EACA10 Action=2 Phase=1 Family=1 C1Valid=1 C1Generation=23 RequiredSourceMask=0 RightAddress=E6EEFE10 RightUseType=8 LeftAddress=00000000 LeftUseType=0 Marker=INVALID BoundIdentityMatch=-1 Motion=Golem_Stand_None_Fist_P0_PowerAttack_Hit_N_Fwd_00_%_00_P0_100_R.xmot ElapsedMs=39672.539
CORE EQUIPPED_SPRINT_PROBE Boundary=CALLBACK Decision=DELEGATE_NATIVE Reason=NOT_SPRINT_FAMILY Actor=Golem ActorAddress=E6EACA10 Action=2 Phase=1 Family=1 C1Valid=1 C1Generation=23 RequiredSourceMask=0 RightAddress=E6EEFE10 RightUseType=8 LeftAddress=00000000 LeftUseType=0 Marker=INVALID BoundIdentityMatch=-1 Motion=Golem_Stand_None_Fist_P0_PowerAttack_Hit_N_Fwd_00_%_00_P0_100_R.xmot ElapsedMs=39680.365
CORE EQUIPPED_SPRINT_PROBE Boundary=CALLBACK Decision=DELEGATE_NATIVE Reason=NOT_SPRINT_FAMILY Actor=Golem ActorAddress=E6EACA10 Action=2 Phase=1 Family=1 C1Valid=1 C1Generation=23 RequiredSourceMask=0 RightAddress=E6EEFE10 RightUseType=8 LeftAddress=00000000 LeftUseType=0 Marker=INVALID BoundIdentityMatch=-1 Motion=Golem_Stand_None_Fist_P0_PowerAttack_Hit_N_Fwd_00_%_00_P0_100_R.xmot ElapsedMs=39690.662
CORE EQUIPPED_SPRINT_PROBE Boundary=CALLBACK Decision=DELEGATE_NATIVE Reason=NOT_SPRINT_FAMILY Actor=Golem ActorAddress=E6EACA10 Action=2 Phase=1 Family=1 C1Valid=1 C1Generation=23 RequiredSourceMask=0 RightAddress=E6EEFE10 RightUseType=8 LeftAddress=00000000 LeftUseType=0 Marker=INVALID BoundIdentityMatch=-1 Motion=Golem_Stand_None_Fist_P0_PowerAttack_Hit_N_Fwd_00_%_00_P0_100_R.xmot ElapsedMs=39698.779
CORE EQUIPPED_SPRINT_PROBE Boundary=CALLBACK Decision=DELEGATE_NATIVE Reason=NOT_SPRINT_FAMILY Actor=Golem ActorAddress=E6EACA10 Action=2 Phase=1 Family=1 C1Valid=1 C1Generation=23 RequiredSourceMask=0 RightAddress=E6EEFE10 RightUseType=8 LeftAddress=00000000 LeftUseType=0 Marker=INVALID BoundIdentityMatch=-1 Motion=Golem_Stand_None_Fist_P0_PowerAttack_Hit_N_Fwd_00_%_00_P0_100_R.xmot ElapsedMs=39711.021
CORE EQUIPPED_SPRINT_PROBE Boundary=CALLBACK Decision=DELEGATE_NATIVE Reason=NOT_SPRINT_FAMILY Actor=Golem ActorAddress=E6EACA10 Action=2 Phase=1 Family=1 C1Valid=1 C1Generation=23 RequiredSourceMask=0 RightAddress=E6EEFE10 RightUseType=8 LeftAddress=00000000 LeftUseType=0 Marker=INVALID BoundIdentityMatch=-1 Motion=Golem_Stand_None_Fist_P0_PowerAttack_Hit_N_Fwd_00_%_00_P0_100_R.xmot ElapsedMs=39719.102
CORE EQUIPPED_SPRINT_PROBE Boundary=CALLBACK Decision=DELEGATE_NATIVE Reason=NOT_SPRINT_FAMILY Actor=Golem ActorAddress=E6EACA10 Action=2 Phase=1 Family=1 C1Valid=1 C1Generation=23 RequiredSourceMask=0 RightAddress=E6EEFE10 RightUseType=8 LeftAddress=00000000 LeftUseType=0 Marker=INVALID BoundIdentityMatch=-1 Motion=Golem_Stand_None_Fist_P0_PowerAttack_Hit_N_Fwd_00_%_00_P0_100_R.xmot ElapsedMs=39727.146
CORE EQUIPPED_SPRINT_PROBE Boundary=CALLBACK Decision=DELEGATE_NATIVE Reason=NOT_SPRINT_FAMILY Actor=Golem ActorAddress=E6EACA10 Action=2 Phase=1 Family=1 C1Valid=1 C1Generation=23 RequiredSourceMask=0 RightAddress=E6EEFE10 RightUseType=8 LeftAddress=00000000 LeftUseType=0 Marker=INVALID BoundIdentityMatch=-1 Motion=Golem_Stand_None_Fist_P0_PowerAttack_Hit_N_Fwd_00_%_00_P0_100_R.xmot ElapsedMs=39735.596
CORE EQUIPPED_SPRINT_PROBE Boundary=CALLBACK Decision=DELEGATE_NATIVE Reason=NOT_SPRINT_FAMILY Actor=Golem ActorAddress=E6EACA10 Action=2 Phase=1 Family=1 C1Valid=1 C1Generation=23 RequiredSourceMask=0 RightAddress=E6EEFE10 RightUseType=8 LeftAddress=00000000 LeftUseType=0 Marker=INVALID BoundIdentityMatch=-1 Motion=Golem_Stand_None_Fist_P0_PowerAttack_Hit_N_Fwd_00_%_00_P0_100_R.xmot ElapsedMs=39744.344
CORE EQUIPPED_SPRINT_PROBE Boundary=CALLBACK Decision=DELEGATE_NATIVE Reason=NOT_SPRINT_FAMILY Actor=Golem ActorAddress=E6EACA10 Action=2 Phase=1 Family=1 C1Valid=1 C1Generation=23 RequiredSourceMask=0 RightAddress=E6EEFE10 RightUseType=8 LeftAddress=00000000 LeftUseType=0 Marker=INVALID BoundIdentityMatch=-1 Motion=Golem_Stand_None_Fist_P0_PowerAttack_Hit_N_Fwd_00_%_00_P0_100_R.xmot ElapsedMs=39752.208
CORE EQUIPPED_SPRINT_PROBE Boundary=CALLBACK Decision=DELEGATE_NATIVE Reason=NOT_SPRINT_FAMILY Actor=Golem ActorAddress=E6EACA10 Action=2 Phase=1 Family=1 C1Valid=1 C1Generation=23 RequiredSourceMask=0 RightAddress=E6EEFE10 RightUseType=8 LeftAddress=00000000 LeftUseType=0 Marker=INVALID BoundIdentityMatch=-1 Motion=Golem_Stand_None_Fist_P0_PowerAttack_Hit_N_Fwd_00_%_00_P0_100_R.xmot ElapsedMs=39761.163
CORE EQUIPPED_SPRINT_PROBE Boundary=CALLBACK Decision=DELEGATE_NATIVE Reason=NOT_SPRINT_FAMILY Actor=Golem ActorAddress=E6EACA10 Action=2 Phase=1 Family=1 C1Valid=1 C1Generation=23 RequiredSourceMask=0 RightAddress=E6EEFE10 RightUseType=8 LeftAddress=00000000 LeftUseType=0 Marker=INVALID BoundIdentityMatch=-1 Motion=Golem_Stand_None_Fist_P0_PowerAttack_Hit_N_Fwd_00_%_00_P0_100_R.xmot ElapsedMs=39769.301
CORE EQUIPPED_SPRINT_PROBE Boundary=CALLBACK Decision=DELEGATE_NATIVE Reason=NOT_SPRINT_FAMILY Actor=Golem ActorAddress=E6EACA10 Action=2 Phase=1 Family=1 C1Valid=1 C1Generation=23 RequiredSourceMask=0 RightAddress=E6EEFE10 RightUseType=8 LeftAddress=00000000 LeftUseType=0 Marker=INVALID BoundIdentityMatch=-1 Motion=Golem_Stand_None_Fist_P0_PowerAttack_Hit_N_Fwd_00_%_00_P0_100_R.xmot ElapsedMs=39777.688
CORE EQUIPPED_SPRINT_PROBE Boundary=CALLBACK Decision=DELEGATE_NATIVE Reason=NOT_SPRINT_FAMILY Actor=Golem ActorAddress=E6EACA10 Action=2 Phase=1 Family=1 C1Valid=1 C1Generation=23 RequiredSourceMask=0 RightAddress=E6EEFE10 RightUseType=8 LeftAddress=00000000 LeftUseType=0 Marker=INVALID BoundIdentityMatch=-1 Motion=Golem_Stand_None_Fist_P0_PowerAttack_Hit_N_Fwd_00_%_00_P0_100_R.xmot ElapsedMs=39785.570
CORE EQUIPPED_SPRINT_PROBE Boundary=CALLBACK Decision=DELEGATE_NATIVE Reason=NOT_SPRINT_FAMILY Actor=Golem ActorAddress=E6EACA10 Action=2 Phase=1 Family=1 C1Valid=1 C1Generation=23 RequiredSourceMask=0 RightAddress=E6EEFE10 RightUseType=8 LeftAddress=00000000 LeftUseType=0 Marker=INVALID BoundIdentityMatch=-1 Motion=Golem_Stand_None_Fist_P0_PowerAttack_Hit_N_Fwd_00_%_00_P0_100_R.xmot ElapsedMs=39792.872
CORE EQUIPPED_SPRINT_PROBE Boundary=CALLBACK Decision=DELEGATE_NATIVE Reason=NOT_SPRINT_FAMILY Actor=Golem ActorAddress=E6EACA10 Action=2 Phase=1 Family=1 C1Valid=1 C1Generation=23 RequiredSourceMask=0 RightAddress=E6EEFE10 RightUseType=8 LeftAddress=00000000 LeftUseType=0 Marker=INVALID BoundIdentityMatch=-1 Motion=Golem_Stand_None_Fist_P0_PowerAttack_Hit_N_Fwd_00_%_00_P0_100_R.xmot ElapsedMs=39802.144
CORE EQUIPPED_SPRINT_PROBE Boundary=CALLBACK Decision=DELEGATE_NATIVE Reason=NOT_SPRINT_FAMILY Actor=Golem ActorAddress=E6EACA10 Action=2 Phase=1 Family=1 C1Valid=1 C1Generation=23 RequiredSourceMask=0 RightAddress=E6EEFE10 RightUseType=8 LeftAddress=00000000 LeftUseType=0 Marker=INVALID BoundIdentityMatch=-1 Motion=Golem_Stand_None_Fist_P0_PowerAttack_Hit_N_Fwd_00_%_00_P0_100_R.xmot ElapsedMs=39810.055
CORE EQUIPPED_SPRINT_PROBE Boundary=CALLBACK Decision=DELEGATE_NATIVE Reason=NOT_SPRINT_FAMILY Actor=Golem ActorAddress=E6EACA10 Action=2 Phase=1 Family=1 C1Valid=1 C1Generation=23 RequiredSourceMask=0 RightAddress=E6EEFE10 RightUseType=8 LeftAddress=00000000 LeftUseType=0 Marker=INVALID BoundIdentityMatch=-1 Motion=Golem_Stand_None_Fist_P0_PowerAttack_Hit_N_Fwd_00_%_00_P0_100_R.xmot ElapsedMs=39818.804
CORE EQUIPPED_SPRINT_PROBE Boundary=CALLBACK Decision=DELEGATE_NATIVE Reason=NOT_SPRINT_FAMILY Actor=Golem ActorAddress=E6EACA10 Action=2 Phase=1 Family=1 C1Valid=1 C1Generation=23 RequiredSourceMask=0 RightAddress=E6EEFE10 RightUseType=8 LeftAddress=00000000 LeftUseType=0 Marker=INVALID BoundIdentityMatch=-1 Motion=Golem_Stand_None_Fist_P0_PowerAttack_Hit_N_Fwd_00_%_00_P0_100_R.xmot ElapsedMs=39826.578
CORE EQUIPPED_SPRINT_PROBE Boundary=CALLBACK Decision=DELEGATE_NATIVE Reason=NOT_SPRINT_FAMILY Actor=Golem ActorAddress=E6EACA10 Action=2 Phase=1 Family=1 C1Valid=1 C1Generation=23 RequiredSourceMask=0 RightAddress=E6EEFE10 RightUseType=8 LeftAddress=00000000 LeftUseType=0 Marker=INVALID BoundIdentityMatch=-1 Motion=Golem_Stand_None_Fist_P0_PowerAttack_Hit_N_Fwd_00_%_00_P0_100_R.xmot ElapsedMs=39834.245
CORE EQUIPPED_SPRINT_PROBE Boundary=CALLBACK Decision=DELEGATE_NATIVE Reason=NOT_SPRINT_FAMILY Actor=Golem ActorAddress=E6EACA10 Action=2 Phase=1 Family=1 C1Valid=1 C1Generation=23 RequiredSourceMask=0 RightAddress=E6EEFE10 RightUseType=8 LeftAddress=00000000 LeftUseType=0 Marker=INVALID BoundIdentityMatch=-1 Motion=Golem_Stand_None_Fist_P0_PowerAttack_Hit_N_Fwd_00_%_00_P0_100_R.xmot ElapsedMs=39843.207
CORE EQUIPPED_SPRINT_PROBE Boundary=CALLBACK Decision=DELEGATE_NATIVE Reason=NOT_SPRINT_FAMILY Actor=Golem ActorAddress=E6EACA10 Action=2 Phase=1 Family=1 C1Valid=1 C1Generation=23 RequiredSourceMask=0 RightAddress=E6EEFE10 RightUseType=8 LeftAddress=00000000 LeftUseType=0 Marker=INVALID BoundIdentityMatch=-1 Motion=Golem_Stand_None_Fist_P0_PowerAttack_Hit_N_Fwd_00_%_00_P0_100_R.xmot ElapsedMs=39851.048
CORE EQUIPPED_SPRINT_PROBE Boundary=CALLBACK Decision=DELEGATE_NATIVE Reason=NOT_SPRINT_FAMILY Actor=Golem ActorAddress=E6EACA10 Action=2 Phase=1 Family=1 C1Valid=1 C1Generation=23 RequiredSourceMask=0 RightAddress=E6EEFE10 RightUseType=8 LeftAddress=00000000 LeftUseType=0 Marker=INVALID BoundIdentityMatch=-1 Motion=Golem_Stand_None_Fist_P0_PowerAttack_Hit_N_Fwd_00_%_00_P0_100_R.xmot ElapsedMs=39859.547
CORE EQUIPPED_SPRINT_PROBE Boundary=CALLBACK Decision=DELEGATE_NATIVE Reason=NOT_SPRINT_FAMILY Actor=Golem ActorAddress=E6EACA10 Action=2 Phase=1 Family=1 C1Valid=1 C1Generation=23 RequiredSourceMask=0 RightAddress=E6EEFE10 RightUseType=8 LeftAddress=00000000 LeftUseType=0 Marker=INVALID BoundIdentityMatch=-1 Motion=Golem_Stand_None_Fist_P0_PowerAttack_Hit_N_Fwd_00_%_00_P0_100_R.xmot ElapsedMs=39867.467
CORE EQUIPPED_SPRINT_PROBE Boundary=CALLBACK Decision=DELEGATE_NATIVE Reason=NOT_SPRINT_FAMILY Actor=Golem ActorAddress=E6EACA10 Action=2 Phase=1 Family=1 C1Valid=1 C1Generation=23 RequiredSourceMask=0 RightAddress=E6EEFE10 RightUseType=8 LeftAddress=00000000 LeftUseType=0 Marker=INVALID BoundIdentityMatch=-1 Motion=Golem_Stand_None_Fist_P0_PowerAttack_Hit_N_Fwd_00_%_00_P0_100_R.xmot ElapsedMs=39875.002
CORE EQUIPPED_SPRINT_PROBE Boundary=CALLBACK Decision=DELEGATE_NATIVE Reason=NOT_SPRINT_FAMILY Actor=Golem ActorAddress=E6EACA10 Action=2 Phase=1 Family=1 C1Valid=1 C1Generation=23 RequiredSourceMask=0 RightAddress=E6EEFE10 RightUseType=8 LeftAddress=00000000 LeftUseType=0 Marker=INVALID BoundIdentityMatch=-1 Motion=Golem_Stand_None_Fist_P0_PowerAttack_Hit_N_Fwd_00_%_00_P0_100_R.xmot ElapsedMs=39883.468
CORE EQUIPPED_SPRINT_PROBE Boundary=CALLBACK Decision=DELEGATE_NATIVE Reason=NOT_SPRINT_FAMILY Actor=Golem ActorAddress=E6EACA10 Action=2 Phase=1 Family=1 C1Valid=1 C1Generation=23 RequiredSourceMask=0 RightAddress=E6EEFE10 RightUseType=8 LeftAddress=00000000 LeftUseType=0 Marker=INVALID BoundIdentityMatch=-1 Motion=Golem_Stand_None_Fist_P0_PowerAttack_Hit_N_Fwd_00_%_00_P0_100_R.xmot ElapsedMs=39892.745
CORE EQUIPPED_SPRINT_PROBE Boundary=CALLBACK Decision=DELEGATE_NATIVE Reason=NOT_SPRINT_FAMILY Actor=Golem ActorAddress=E6EACA10 Action=2 Phase=1 Family=1 C1Valid=1 C1Generation=23 RequiredSourceMask=0 RightAddress=E6EEFE10 RightUseType=8 LeftAddress=00000000 LeftUseType=0 Marker=INVALID BoundIdentityMatch=-1 Motion=Golem_Stand_None_Fist_P0_PowerAttack_Hit_N_Fwd_00_%_00_P0_100_R.xmot ElapsedMs=39901.004
CORE EQUIPPED_SPRINT_PROBE Boundary=CALLBACK Decision=DELEGATE_NATIVE Reason=NOT_SPRINT_FAMILY Actor=Golem ActorAddress=E6EACA10 Action=2 Phase=1 Family=1 C1Valid=1 C1Generation=23 RequiredSourceMask=0 RightAddress=E6EEFE10 RightUseType=8 LeftAddress=00000000 LeftUseType=0 Marker=INVALID BoundIdentityMatch=-1 Motion=Golem_Stand_None_Fist_P0_PowerAttack_Hit_N_Fwd_00_%_00_P0_100_R.xmot ElapsedMs=39910.278
CORE EQUIPPED_SPRINT_PROBE Boundary=CALLBACK Decision=DELEGATE_NATIVE Reason=NOT_SPRINT_FAMILY Actor=Golem ActorAddress=E6EACA10 Action=2 Phase=1 Family=1 C1Valid=1 C1Generation=23 RequiredSourceMask=0 RightAddress=E6EEFE10 RightUseType=8 LeftAddress=00000000 LeftUseType=0 Marker=INVALID BoundIdentityMatch=-1 Motion=Golem_Stand_None_Fist_P0_PowerAttack_Hit_N_Fwd_00_%_00_P0_100_R.xmot ElapsedMs=39918.077
CORE EQUIPPED_SPRINT_PROBE Boundary=CALLBACK Decision=DELEGATE_NATIVE Reason=NOT_SPRINT_FAMILY Actor=Golem ActorAddress=E6EACA10 Action=2 Phase=1 Family=1 C1Valid=1 C1Generation=23 RequiredSourceMask=0 RightAddress=E6EEFE10 RightUseType=8 LeftAddress=00000000 LeftUseType=0 Marker=INVALID BoundIdentityMatch=-1 Motion=Golem_Stand_None_Fist_P0_PowerAttack_Hit_N_Fwd_00_%_00_P0_100_R.xmot ElapsedMs=39927.194
CORE EQUIPPED_SPRINT_PROBE Boundary=CALLBACK Decision=DELEGATE_NATIVE Reason=NOT_SPRINT_FAMILY Actor=Golem ActorAddress=E6EACA10 Action=2 Phase=1 Family=1 C1Valid=1 C1Generation=23 RequiredSourceMask=0 RightAddress=E6EEFE10 RightUseType=8 LeftAddress=00000000 LeftUseType=0 Marker=INVALID BoundIdentityMatch=-1 Motion=Golem_Stand_None_Fist_P0_PowerAttack_Hit_N_Fwd_00_%_00_P0_100_R.xmot ElapsedMs=39935.893
CORE EQUIPPED_SPRINT_PROBE Boundary=CALLBACK Decision=DELEGATE_NATIVE Reason=NOT_SPRINT_FAMILY Actor=Golem ActorAddress=E6EACA10 Action=2 Phase=1 Family=1 C1Valid=1 C1Generation=23 RequiredSourceMask=0 RightAddress=E6EEFE10 RightUseType=8 LeftAddress=00000000 LeftUseType=0 Marker=INVALID BoundIdentityMatch=-1 Motion=Golem_Stand_None_Fist_P0_PowerAttack_Hit_N_Fwd_00_%_00_P0_100_R.xmot ElapsedMs=39943.122
CORE EQUIPPED_SPRINT_PROBE Boundary=CALLBACK Decision=DELEGATE_NATIVE Reason=NOT_SPRINT_FAMILY Actor=Golem ActorAddress=E6EACA10 Action=2 Phase=1 Family=1 C1Valid=1 C1Generation=23 RequiredSourceMask=0 RightAddress=E6EEFE10 RightUseType=8 LeftAddress=00000000 LeftUseType=0 Marker=INVALID BoundIdentityMatch=-1 Motion=Golem_Stand_None_Fist_P0_PowerAttack_Hit_N_Fwd_00_%_00_P0_100_R.xmot ElapsedMs=39951.012
CORE EQUIPPED_SPRINT_PROBE Boundary=CALLBACK Decision=DELEGATE_NATIVE Reason=NOT_SPRINT_FAMILY Actor=Golem ActorAddress=E6EACA10 Action=2 Phase=1 Family=1 C1Valid=1 C1Generation=23 RequiredSourceMask=0 RightAddress=E6EEFE10 RightUseType=8 LeftAddress=00000000 LeftUseType=0 Marker=INVALID BoundIdentityMatch=-1 Motion=Golem_Stand_None_Fist_P0_PowerAttack_Hit_N_Fwd_00_%_00_P0_100_R.xmot ElapsedMs=39960.095
CORE C1_BIND ElapsedMs=39960.435 Event=COMBAT_MOVE_REUSED Actor=PC_Hero Generation=24 Status=PERSISTED Outstanding=0 Source=<null> Script=_AI_PowerAttack
CORE ATTACK_OWNERSHIP ElapsedMs=39960.497 Actor=PC_Hero Family=POWER Action=2 Phase=1 Motion=Hero_Stand_None_2H_P0_PowerAttack_Hit_N_Fwd_00_%_00_P1_100_R.xmot MarkerPresent=1 RequiredMask=1 FistMarkers=0 Raw8Fist=<none> Raw8UseType=-1 SuppressNative=1 Classification=ROUTINE
CORE EQUIPPED_SPRINT_PROBE Boundary=CALLBACK Decision=DELEGATE_NATIVE Reason=NOT_SPRINT_FAMILY Actor=Golem ActorAddress=E6EACA10 Action=2 Phase=1 Family=1 C1Valid=1 C1Generation=23 RequiredSourceMask=0 RightAddress=E6EEFE10 RightUseType=8 LeftAddress=00000000 LeftUseType=0 Marker=INVALID BoundIdentityMatch=-1 Motion=Golem_Stand_None_Fist_P0_PowerAttack_Hit_N_Fwd_00_%_00_P0_100_R.xmot ElapsedMs=39967.691
CORE EQUIPPED_SPRINT_PROBE Boundary=CALLBACK Decision=DELEGATE_NATIVE Reason=NOT_SPRINT_FAMILY Actor=Golem ActorAddress=E6EACA10 Action=2 Phase=1 Family=1 C1Valid=1 C1Generation=23 RequiredSourceMask=0 RightAddress=E6EEFE10 RightUseType=8 LeftAddress=00000000 LeftUseType=0 Marker=INVALID BoundIdentityMatch=-1 Motion=Golem_Stand_None_Fist_P0_PowerAttack_Hit_N_Fwd_00_%_00_P0_100_R.xmot ElapsedMs=39976.096
CORE EQUIPPED_SPRINT_PROBE Boundary=CALLBACK Decision=DELEGATE_NATIVE Reason=NOT_SPRINT_FAMILY Actor=Golem ActorAddress=E6EACA10 Action=2 Phase=1 Family=1 C1Valid=1 C1Generation=23 RequiredSourceMask=0 RightAddress=E6EEFE10 RightUseType=8 LeftAddress=00000000 LeftUseType=0 Marker=INVALID BoundIdentityMatch=-1 Motion=Golem_Stand_None_Fist_P0_PowerAttack_Hit_N_Fwd_00_%_00_P0_100_R.xmot ElapsedMs=39983.902
CORE EQUIPPED_SPRINT_PROBE Boundary=CALLBACK Decision=DELEGATE_NATIVE Reason=NOT_SPRINT_FAMILY Actor=Golem ActorAddress=E6EACA10 Action=2 Phase=1 Family=1 C1Valid=1 C1Generation=23 RequiredSourceMask=0 RightAddress=E6EEFE10 RightUseType=8 LeftAddress=00000000 LeftUseType=0 Marker=INVALID BoundIdentityMatch=-1 Motion=Golem_Stand_None_Fist_P0_PowerAttack_Hit_N_Fwd_00_%_00_P0_100_R.xmot ElapsedMs=39992.992
CORE EQUIPPED_SPRINT_PROBE Boundary=CALLBACK Decision=DELEGATE_NATIVE Reason=NOT_SPRINT_FAMILY Actor=Golem ActorAddress=E6EACA10 Action=2 Phase=1 Family=1 C1Valid=1 C1Generation=23 RequiredSourceMask=0 RightAddress=E6EEFE10 RightUseType=8 LeftAddress=00000000 LeftUseType=0 Marker=INVALID BoundIdentityMatch=-1 Motion=Golem_Stand_None_Fist_P0_PowerAttack_Hit_N_Fwd_00_%_00_P0_100_R.xmot ElapsedMs=40000.855
CORE EQUIPPED_SPRINT_PROBE Boundary=CALLBACK Decision=DELEGATE_NATIVE Reason=NOT_SPRINT_FAMILY Actor=Golem ActorAddress=E6EACA10 Action=2 Phase=1 Family=1 C1Valid=1 C1Generation=23 RequiredSourceMask=0 RightAddress=E6EEFE10 RightUseType=8 LeftAddress=00000000 LeftUseType=0 Marker=INVALID BoundIdentityMatch=-1 Motion=Golem_Stand_None_Fist_P0_PowerAttack_Hit_N_Fwd_00_%_00_P0_100_R.xmot ElapsedMs=40009.104
CORE C1_FINAL ElapsedMs=40017.976 Actor=Golem Generation=23 Status=PERSISTED SourceCount=1 PhysicalChanged=0 Source[0]=Fist Side=RIGHT Outstanding=0 Cleanup=0 Outcome=NO_OP_NO_OUTSTANDING
CORE C1_START ElapsedMs=40026.077 Actor=Golem Generation=25 Status=CANDIDATE Outstanding=0 TrackedSources=1 ReplacedGeneration=0 ReplacedOutstanding=0 Source[0]=Fist Side=RIGHT Group=0
CORE C1_BIND ElapsedMs=40026.088 Event=COMBAT_MOVE_CANDIDATE_BOUND Actor=Golem Generation=25 Status=CANDIDATE Outstanding=0 Source=<null> Script=_AI_JumpBack
CORE C1_STATUS ElapsedMs=40026.142 Event=PERSISTED Actor=Golem Generation=25 Status=PERSISTED Outstanding=0
CORE COLLISION_GROUP ElapsedMs=40217.493 Source=It_2H_Sword_Flamberge UseType=3 Owner=PC_Hero Slot=RIGHT Requested=7 Before=5 After=7 MarkerBitsRetired=0
CORE C1 OFFENSE REQUEST ElapsedMs=40217.522 Actor=PC_Hero Generation=24 Status=PERSISTED Source=It_2H_Sword_Flamberge Side=RIGHT Requests=1 Outstanding=1 CleanupObserved=0 Group=7
CORE MARKER ElapsedMs=40217.534 Actor=PC_Hero Action=2 Family=POWER Phase=1 Motion=Hero_Stand_None_2H_P0_PowerAttack_Hit_N_Fwd_00_%_00_P1_100_R.xmot Marker=RIGHT Result=ACCEPTED C1Valid=1 C1=24 StatePosition=1 PreviousMask=0 DesiredMask=1 RetiredMask=0 OwnedMask=0 MarkerOwnedMask=1 Activated=1 Deactivated=0 Retired=0 RearmRequests=1 Clears=1 RightUseType=3
CORE ONDAMAGE ElapsedMs=40272.256 Ordinal=8 Target=Golem Arg1=Golem Arg2=Golem Caller=Game.dll+0x00069484 PlayerAction=2 PlayerPhase=1 PlayerMotion=Hero_Stand_None_2H_P0_PowerAttack_Hit_N_Fwd_00_%_00_P1_100_R.xmot Raw8Fist=<none> Raw8UseType=-1 Raw8Group=-1
CORE C1_START ElapsedMs=40279.502 Actor=Golem Generation=26 Status=CANDIDATE Outstanding=0 TrackedSources=1 ReplacedGeneration=25 ReplacedOutstanding=0 Source[0]=Fist Side=RIGHT Group=0
CORE C1_BIND ElapsedMs=40279.514 Event=COMBAT_MOVE_CANDIDATE_BOUND Actor=Golem Generation=26 Status=CANDIDATE Outstanding=0 Source=<null> Script=_AI_Stumble
CORE C1_STATUS ElapsedMs=40279.574 Event=PERSISTED Actor=Golem Generation=26 Status=PERSISTED Outstanding=0
CORE COLLISION_GROUP ElapsedMs=40430.873 Source=It_2H_Sword_Flamberge UseType=3 Owner=PC_Hero Slot=RIGHT Requested=5 Before=7 After=5 MarkerBitsRetired=1
CORE C1 CLEANUP FULFILLED ElapsedMs=40430.901 Actor=PC_Hero Generation=24 Status=PERSISTED Source=It_2H_Sword_Flamberge Side=RIGHT Requests=1 Outstanding=0 CleanupObserved=1 Group=5
CORE C1_FINAL ElapsedMs=40430.920 Actor=PC_Hero Generation=24 Status=PERSISTED SourceCount=1 PhysicalChanged=0 Source[0]=It_2H_Sword_Flamberge Side=RIGHT Outstanding=0 Cleanup=1 Outcome=NO_OP_NO_OUTSTANDING
CORE C1_FINAL ElapsedMs=40647.406 Actor=Golem Generation=26 Status=PERSISTED SourceCount=1 PhysicalChanged=0 Source[0]=Fist Side=RIGHT Outstanding=0 Cleanup=0 Outcome=NO_OP_NO_OUTSTANDING
CORE C1_START ElapsedMs=40775.201 Actor=PC_Hero Generation=27 Status=CANDIDATE Outstanding=0 TrackedSources=1 ReplacedGeneration=0 ReplacedOutstanding=0 Source[0]=It_2H_Sword_Flamberge Side=RIGHT Group=5
CORE C1_BIND ElapsedMs=40775.213 Event=COMBAT_MOVE_CANDIDATE_BOUND Actor=PC_Hero Generation=27 Status=CANDIDATE Outstanding=0 Source=<null> Script=_AI_PowerAttack
CORE C1_STATUS ElapsedMs=40775.273 Event=PERSISTED Actor=PC_Hero Generation=27 Status=PERSISTED Outstanding=0
CORE C1_START ElapsedMs=41265.668 Actor=Golem Generation=28 Status=CANDIDATE Outstanding=0 TrackedSources=1 ReplacedGeneration=0 ReplacedOutstanding=0 Source[0]=Fist Side=RIGHT Group=0
CORE C1_BIND ElapsedMs=41265.680 Event=COMBAT_MOVE_CANDIDATE_BOUND Actor=Golem Generation=28 Status=CANDIDATE Outstanding=0 Source=<null> Script=_AI_Attack
CORE C1_STATUS ElapsedMs=41265.739 Event=PERSISTED Actor=Golem Generation=28 Status=PERSISTED Outstanding=0
CORE ATTACK_OWNERSHIP ElapsedMs=41265.755 Actor=Golem Family=NORMAL Action=1 Phase=1 Motion=Golem_Stand_None_Fist_P0_Attack_Hit_N_Fwd_00_%_00_P0_100_R.xmot MarkerPresent=0 RequiredMask=0 FistMarkers=0 Raw8Fist=<none> Raw8UseType=-1 SuppressNative=0 Classification=ROUTINE
CORE C1_BIND ElapsedMs=41269.978 Event=COMBAT_MOVE_REUSED Actor=PC_Hero Generation=27 Status=PERSISTED Outstanding=0 Source=<null> Script=_AI_PowerAttack
CORE ATTACK_OWNERSHIP ElapsedMs=41270.035 Actor=PC_Hero Family=POWER Action=2 Phase=1 Motion=Hero_Stand_None_2H_P1_PowerAttack_Hit_N_Fwd_00_%_00_P0_120_R.xmot MarkerPresent=1 RequiredMask=1 FistMarkers=0 Raw8Fist=<none> Raw8UseType=-1 SuppressNative=1 Classification=ROUTINE
CORE ONDAMAGE ElapsedMs=41504.239 Ordinal=9 Target=PC_Hero Arg1=Fist Arg2=Golem Caller=Game.dll+0x0016E348 PlayerAction=2 PlayerPhase=1 PlayerMotion=Hero_Stand_None_2H_P1_PowerAttack_Hit_N_Fwd_00_%_00_P0_120_R.xmot Raw8Fist=<none> Raw8UseType=-1 Raw8Group=-1
CORE C1_START ElapsedMs=41505.850 Actor=PC_Hero Generation=29 Status=CANDIDATE Outstanding=0 TrackedSources=1 ReplacedGeneration=27 ReplacedOutstanding=0 Source[0]=It_2H_Sword_Flamberge Side=RIGHT Group=5
CORE C1_BIND ElapsedMs=41505.859 Event=COMBAT_MOVE_CANDIDATE_BOUND Actor=PC_Hero Generation=29 Status=CANDIDATE Outstanding=0 Source=<null> Script=_AI_Stumble
CORE C1_STATUS ElapsedMs=41505.945 Event=PERSISTED Actor=PC_Hero Generation=29 Status=PERSISTED Outstanding=0
CORE COLLISION_GROUP ElapsedMs=41513.561 Source=Fist UseType=8 Owner=<unresolved> Slot=NONE Requested=7 Before=0 After=0 MarkerBitsRetired=0
CORE C1_FINAL ElapsedMs=41662.615 Actor=Golem Generation=28 Status=PERSISTED SourceCount=1 PhysicalChanged=0 Source[0]=Fist Side=RIGHT Outstanding=0 Cleanup=0 Outcome=NO_OP_NO_OUTSTANDING
CORE C1_FINAL ElapsedMs=41807.806 Actor=PC_Hero Generation=29 Status=PERSISTED SourceCount=1 PhysicalChanged=0 Source[0]=It_2H_Sword_Flamberge Side=RIGHT Outstanding=0 Cleanup=0 Outcome=NO_OP_NO_OUTSTANDING
CORE C1_START ElapsedMs=42101.197 Actor=PC_Hero Generation=30 Status=CANDIDATE Outstanding=0 TrackedSources=1 ReplacedGeneration=0 ReplacedOutstanding=0 Source[0]=It_2H_Sword_Flamberge Side=RIGHT Group=5
CORE C1_STATUS ElapsedMs=42101.269 Event=PERSISTED Actor=PC_Hero Generation=30 Status=PERSISTED Outstanding=0
CORE C1_START ElapsedMs=42258.405 Actor=PC_Hero Generation=31 Status=CANDIDATE Outstanding=0 TrackedSources=1 ReplacedGeneration=30 ReplacedOutstanding=0 Source[0]=It_2H_Sword_Flamberge Side=RIGHT Group=5
CORE C1_BIND ElapsedMs=42258.417 Event=COMBAT_MOVE_CANDIDATE_BOUND Actor=PC_Hero Generation=31 Status=CANDIDATE Outstanding=0 Source=<null> Script=_AI_Attack
CORE C1_STATUS ElapsedMs=42258.481 Event=PERSISTED Actor=PC_Hero Generation=31 Status=PERSISTED Outstanding=0
CORE ATTACK_OWNERSHIP ElapsedMs=42258.497 Actor=PC_Hero Family=NORMAL Action=1 Phase=1 Motion=Hero_Stand_None_2H_P0_Attack_Hit_N_Fwd_00_%_00_P1_90_R.xmot MarkerPresent=1 RequiredMask=1 FistMarkers=0 Raw8Fist=<none> Raw8UseType=-1 SuppressNative=1 Classification=ROUTINE
CORE C1_START ElapsedMs=42275.294 Actor=Golem Generation=32 Status=CANDIDATE Outstanding=0 TrackedSources=1 ReplacedGeneration=0 ReplacedOutstanding=0 Source[0]=Fist Side=RIGHT Group=0
CORE C1_BIND ElapsedMs=42275.310 Event=COMBAT_MOVE_CANDIDATE_BOUND Actor=Golem Generation=32 Status=CANDIDATE Outstanding=0 Source=<null> Script=_AI_JumpBack
CORE C1_STATUS ElapsedMs=42275.375 Event=PERSISTED Actor=Golem Generation=32 Status=PERSISTED Outstanding=0
CORE COLLISION_GROUP ElapsedMs=42525.982 Source=It_2H_Sword_Flamberge UseType=3 Owner=PC_Hero Slot=RIGHT Requested=7 Before=5 After=7 MarkerBitsRetired=0
CORE C1 OFFENSE REQUEST ElapsedMs=42526.170 Actor=PC_Hero Generation=31 Status=PERSISTED Source=It_2H_Sword_Flamberge Side=RIGHT Requests=1 Outstanding=1 CleanupObserved=0 Group=7
CORE MARKER ElapsedMs=42526.226 Actor=PC_Hero Action=1 Family=NORMAL Phase=1 Motion=Hero_Stand_None_2H_P0_Attack_Hit_N_Fwd_00_%_00_P1_90_R.xmot Marker=RIGHT Result=ACCEPTED C1Valid=1 C1=31 StatePosition=0 PreviousMask=0 DesiredMask=1 RetiredMask=0 OwnedMask=0 MarkerOwnedMask=1 Activated=1 Deactivated=0 Retired=0 RearmRequests=1 Clears=1 RightUseType=3
CORE ONDAMAGE ElapsedMs=42551.111 Ordinal=10 Target=Golem Arg1=Golem Arg2=Golem Caller=Game.dll+0x00069484 PlayerAction=1 PlayerPhase=1 PlayerMotion=Hero_Stand_None_2H_P0_Attack_Hit_N_Fwd_00_%_00_P1_90_R.xmot Raw8Fist=<none> Raw8UseType=-1 Raw8Group=-1
CORE C1_START ElapsedMs=42559.281 Actor=Golem Generation=33 Status=CANDIDATE Outstanding=0 TrackedSources=1 ReplacedGeneration=32 ReplacedOutstanding=0 Source[0]=Fist Side=RIGHT Group=0
CORE C1_BIND ElapsedMs=42559.293 Event=COMBAT_MOVE_CANDIDATE_BOUND Actor=Golem Generation=33 Status=CANDIDATE Outstanding=0 Source=<null> Script=_AI_Stumble
CORE C1_STATUS ElapsedMs=42559.356 Event=PERSISTED Actor=Golem Generation=33 Status=PERSISTED Outstanding=0
CORE COLLISION_GROUP ElapsedMs=42731.923 Source=It_2H_Sword_Flamberge UseType=3 Owner=PC_Hero Slot=RIGHT Requested=5 Before=7 After=5 MarkerBitsRetired=1
CORE C1 CLEANUP FULFILLED ElapsedMs=42731.953 Actor=PC_Hero Generation=31 Status=PERSISTED Source=It_2H_Sword_Flamberge Side=RIGHT Requests=1 Outstanding=0 CleanupObserved=1 Group=5
CORE C1_FINAL ElapsedMs=42731.990 Actor=PC_Hero Generation=31 Status=PERSISTED SourceCount=1 PhysicalChanged=0 Source[0]=It_2H_Sword_Flamberge Side=RIGHT Outstanding=0 Cleanup=1 Outcome=NO_OP_NO_OUTSTANDING
CORE C1_START ElapsedMs=42748.913 Actor=PC_Hero Generation=34 Status=CANDIDATE Outstanding=0 TrackedSources=1 ReplacedGeneration=0 ReplacedOutstanding=0 Source[0]=It_2H_Sword_Flamberge Side=RIGHT Group=5
CORE C1_BIND ElapsedMs=42748.962 Event=COMBAT_MOVE_CANDIDATE_BOUND Actor=PC_Hero Generation=34 Status=CANDIDATE Outstanding=0 Source=<null> Script=_AI_PowerAttack
CORE C1_STATUS ElapsedMs=42749.025 Event=PERSISTED Actor=PC_Hero Generation=34 Status=PERSISTED Outstanding=0
CORE C1_FINAL ElapsedMs=42928.010 Actor=Golem Generation=33 Status=PERSISTED SourceCount=1 PhysicalChanged=0 Source[0]=Fist Side=RIGHT Outstanding=0 Cleanup=0 Outcome=NO_OP_NO_OUTSTANDING
CORE C1_BIND ElapsedMs=43248.355 Event=COMBAT_MOVE_REUSED Actor=PC_Hero Generation=34 Status=PERSISTED Outstanding=0 Source=<null> Script=_AI_PowerAttack
CORE ATTACK_OWNERSHIP ElapsedMs=43248.498 Actor=PC_Hero Family=POWER Action=2 Phase=1 Motion=Hero_Stand_None_2H_P1_PowerAttack_Hit_N_Fwd_00_%_00_P0_120_R.xmot MarkerPresent=1 RequiredMask=1 FistMarkers=0 Raw8Fist=<none> Raw8UseType=-1 SuppressNative=1 Classification=ROUTINE
CORE C1_START ElapsedMs=43333.065 Actor=Golem Generation=35 Status=CANDIDATE Outstanding=0 TrackedSources=1 ReplacedGeneration=0 ReplacedOutstanding=0 Source[0]=Fist Side=RIGHT Group=0
CORE C1_BIND ElapsedMs=43333.078 Event=COMBAT_MOVE_CANDIDATE_BOUND Actor=Golem Generation=35 Status=CANDIDATE Outstanding=0 Source=<null> Script=_AI_PowerAttack
CORE C1_STATUS ElapsedMs=43333.130 Event=PERSISTED Actor=Golem Generation=35 Status=PERSISTED Outstanding=0
CORE COLLISION_GROUP ElapsedMs=43519.748 Source=It_2H_Sword_Flamberge UseType=3 Owner=PC_Hero Slot=RIGHT Requested=7 Before=5 After=7 MarkerBitsRetired=0
CORE C1 OFFENSE REQUEST ElapsedMs=43519.793 Actor=PC_Hero Generation=34 Status=PERSISTED Source=It_2H_Sword_Flamberge Side=RIGHT Requests=1 Outstanding=1 CleanupObserved=0 Group=7
CORE MARKER ElapsedMs=43519.806 Actor=PC_Hero Action=2 Family=POWER Phase=1 Motion=Hero_Stand_None_2H_P1_PowerAttack_Hit_N_Fwd_00_%_00_P0_120_R.xmot Marker=RIGHT Result=ACCEPTED C1Valid=1 C1=34 StatePosition=1 PreviousMask=0 DesiredMask=1 RetiredMask=0 OwnedMask=0 MarkerOwnedMask=1 Activated=1 Deactivated=0 Retired=0 RearmRequests=1 Clears=1 RightUseType=3
CORE ONDAMAGE ElapsedMs=43563.651 Ordinal=11 Target=Golem Arg1=Golem Arg2=Golem Caller=Game.dll+0x00069484 PlayerAction=2 PlayerPhase=1 PlayerMotion=Hero_Stand_None_2H_P1_PowerAttack_Hit_N_Fwd_00_%_00_P0_120_R.xmot Raw8Fist=<none> Raw8UseType=-1 Raw8Group=-1
CORE C1_BIND ElapsedMs=43675.042 Event=COMBAT_MOVE_REUSED Actor=Golem Generation=35 Status=PERSISTED Outstanding=0 Source=<null> Script=_AI_PowerAttack
CORE ATTACK_OWNERSHIP ElapsedMs=43675.122 Actor=Golem Family=SPRINT Action=9 Phase=1 Motion=Golem_Stand_None_Fist_P0_PowerAttack_Hit_N_Fwd_00_%_00_P0_100_R.xmot MarkerPresent=0 RequiredMask=0 FistMarkers=0 Raw8Fist=<none> Raw8UseType=-1 SuppressNative=0 Classification=ROUTINE
CORE EQUIPPED_SPRINT_PROBE Boundary=CALLBACK Decision=DELEGATE_NATIVE Reason=MARKER_MISSING Actor=Golem ActorAddress=E6EACA10 Action=9 Phase=1 Family=7 C1Valid=1 C1Generation=35 RequiredSourceMask=0 RightAddress=E6EEFE10 RightUseType=8 LeftAddress=00000000 LeftUseType=0 Marker=INVALID BoundIdentityMatch=-1 Motion=Golem_Stand_None_Fist_P0_PowerAttack_Hit_N_Fwd_00_%_00_P0_100_R.xmot ElapsedMs=43675.134
CORE COLLISION_GROUP ElapsedMs=43675.149 Source=Fist UseType=8 Owner=<unresolved> Slot=NONE Requested=7 Before=0 After=0 MarkerBitsRetired=0
CORE EQUIPPED_SPRINT_PROBE Boundary=CALLBACK Decision=DELEGATE_NATIVE Reason=MARKER_MISSING Actor=Golem ActorAddress=E6EACA10 Action=9 Phase=1 Family=7 C1Valid=1 C1Generation=35 RequiredSourceMask=0 RightAddress=E6EEFE10 RightUseType=8 LeftAddress=00000000 LeftUseType=0 Marker=INVALID BoundIdentityMatch=-1 Motion=Golem_Stand_None_Fist_P0_PowerAttack_Hit_N_Fwd_00_%_00_P0_100_R.xmot ElapsedMs=43686.997
CORE EQUIPPED_SPRINT_PROBE Boundary=CALLBACK Decision=DELEGATE_NATIVE Reason=MARKER_MISSING Actor=Golem ActorAddress=E6EACA10 Action=9 Phase=1 Family=7 C1Valid=1 C1Generation=35 RequiredSourceMask=0 RightAddress=E6EEFE10 RightUseType=8 LeftAddress=00000000 LeftUseType=0 Marker=INVALID BoundIdentityMatch=-1 Motion=Golem_Stand_None_Fist_P0_PowerAttack_Hit_N_Fwd_00_%_00_P0_100_R.xmot ElapsedMs=43695.166
CORE EQUIPPED_SPRINT_PROBE Boundary=CALLBACK Decision=DELEGATE_NATIVE Reason=MARKER_MISSING Actor=Golem ActorAddress=E6EACA10 Action=9 Phase=1 Family=7 C1Valid=1 C1Generation=35 RequiredSourceMask=0 RightAddress=E6EEFE10 RightUseType=8 LeftAddress=00000000 LeftUseType=0 Marker=INVALID BoundIdentityMatch=-1 Motion=Golem_Stand_None_Fist_P0_PowerAttack_Hit_N_Fwd_00_%_00_P0_100_R.xmot ElapsedMs=43703.627
CORE EQUIPPED_SPRINT_PROBE Boundary=CALLBACK Decision=DELEGATE_NATIVE Reason=MARKER_MISSING Actor=Golem ActorAddress=E6EACA10 Action=9 Phase=1 Family=7 C1Valid=1 C1Generation=35 RequiredSourceMask=0 RightAddress=E6EEFE10 RightUseType=8 LeftAddress=00000000 LeftUseType=0 Marker=INVALID BoundIdentityMatch=-1 Motion=Golem_Stand_None_Fist_P0_PowerAttack_Hit_N_Fwd_00_%_00_P0_100_R.xmot ElapsedMs=43712.550
CORE EQUIPPED_SPRINT_PROBE Boundary=CALLBACK Decision=DELEGATE_NATIVE Reason=MARKER_MISSING Actor=Golem ActorAddress=E6EACA10 Action=9 Phase=1 Family=7 C1Valid=1 C1Generation=35 RequiredSourceMask=0 RightAddress=E6EEFE10 RightUseType=8 LeftAddress=00000000 LeftUseType=0 Marker=INVALID BoundIdentityMatch=-1 Motion=Golem_Stand_None_Fist_P0_PowerAttack_Hit_N_Fwd_00_%_00_P0_100_R.xmot ElapsedMs=43720.889
CORE COLLISION_GROUP ElapsedMs=43721.307 Source=It_2H_Sword_Flamberge UseType=3 Owner=PC_Hero Slot=RIGHT Requested=5 Before=7 After=5 MarkerBitsRetired=1
CORE C1 CLEANUP FULFILLED ElapsedMs=43721.321 Actor=PC_Hero Generation=34 Status=PERSISTED Source=It_2H_Sword_Flamberge Side=RIGHT Requests=1 Outstanding=0 CleanupObserved=1 Group=5
CORE C1_FINAL ElapsedMs=43721.341 Actor=PC_Hero Generation=34 Status=PERSISTED SourceCount=1 PhysicalChanged=0 Source[0]=It_2H_Sword_Flamberge Side=RIGHT Outstanding=0 Cleanup=1 Outcome=NO_OP_NO_OUTSTANDING
CORE EQUIPPED_SPRINT_PROBE Boundary=CALLBACK Decision=DELEGATE_NATIVE Reason=MARKER_MISSING Actor=Golem ActorAddress=E6EACA10 Action=9 Phase=1 Family=7 C1Valid=1 C1Generation=35 RequiredSourceMask=0 RightAddress=E6EEFE10 RightUseType=8 LeftAddress=00000000 LeftUseType=0 Marker=INVALID BoundIdentityMatch=-1 Motion=Golem_Stand_None_Fist_P0_PowerAttack_Hit_N_Fwd_00_%_00_P0_100_R.xmot ElapsedMs=43729.277
CORE EQUIPPED_SPRINT_PROBE Boundary=CALLBACK Decision=DELEGATE_NATIVE Reason=MARKER_MISSING Actor=Golem ActorAddress=E6EACA10 Action=9 Phase=1 Family=7 C1Valid=1 C1Generation=35 RequiredSourceMask=0 RightAddress=E6EEFE10 RightUseType=8 LeftAddress=00000000 LeftUseType=0 Marker=INVALID BoundIdentityMatch=-1 Motion=Golem_Stand_None_Fist_P0_PowerAttack_Hit_N_Fwd_00_%_00_P0_100_R.xmot ElapsedMs=43737.760
CORE EQUIPPED_SPRINT_PROBE Boundary=CALLBACK Decision=DELEGATE_NATIVE Reason=MARKER_MISSING Actor=Golem ActorAddress=E6EACA10 Action=9 Phase=1 Family=7 C1Valid=1 C1Generation=35 RequiredSourceMask=0 RightAddress=E6EEFE10 RightUseType=8 LeftAddress=00000000 LeftUseType=0 Marker=INVALID BoundIdentityMatch=-1 Motion=Golem_Stand_None_Fist_P0_PowerAttack_Hit_N_Fwd_00_%_00_P0_100_R.xmot ElapsedMs=43746.060
CORE EQUIPPED_SPRINT_PROBE Boundary=CALLBACK Decision=DELEGATE_NATIVE Reason=MARKER_MISSING Actor=Golem ActorAddress=E6EACA10 Action=9 Phase=1 Family=7 C1Valid=1 C1Generation=35 RequiredSourceMask=0 RightAddress=E6EEFE10 RightUseType=8 LeftAddress=00000000 LeftUseType=0 Marker=INVALID BoundIdentityMatch=-1 Motion=Golem_Stand_None_Fist_P0_PowerAttack_Hit_N_Fwd_00_%_00_P0_100_R.xmot ElapsedMs=43754.876
CORE EQUIPPED_SPRINT_PROBE Boundary=CALLBACK Decision=DELEGATE_NATIVE Reason=MARKER_MISSING Actor=Golem ActorAddress=E6EACA10 Action=9 Phase=1 Family=7 C1Valid=1 C1Generation=35 RequiredSourceMask=0 RightAddress=E6EEFE10 RightUseType=8 LeftAddress=00000000 LeftUseType=0 Marker=INVALID BoundIdentityMatch=-1 Motion=Golem_Stand_None_Fist_P0_PowerAttack_Hit_N_Fwd_00_%_00_P0_100_R.xmot ElapsedMs=43763.212
CORE EQUIPPED_SPRINT_PROBE Boundary=CALLBACK Decision=DELEGATE_NATIVE Reason=MARKER_MISSING Actor=Golem ActorAddress=E6EACA10 Action=9 Phase=1 Family=7 C1Valid=1 C1Generation=35 RequiredSourceMask=0 RightAddress=E6EEFE10 RightUseType=8 LeftAddress=00000000 LeftUseType=0 Marker=INVALID BoundIdentityMatch=-1 Motion=Golem_Stand_None_Fist_P0_PowerAttack_Hit_N_Fwd_00_%_00_P0_100_R.xmot ElapsedMs=43771.964
CORE EQUIPPED_SPRINT_PROBE Boundary=CALLBACK Decision=DELEGATE_NATIVE Reason=MARKER_MISSING Actor=Golem ActorAddress=E6EACA10 Action=9 Phase=1 Family=7 C1Valid=1 C1Generation=35 RequiredSourceMask=0 RightAddress=E6EEFE10 RightUseType=8 LeftAddress=00000000 LeftUseType=0 Marker=INVALID BoundIdentityMatch=-1 Motion=Golem_Stand_None_Fist_P0_PowerAttack_Hit_N_Fwd_00_%_00_P0_100_R.xmot ElapsedMs=43780.334
CORE EQUIPPED_SPRINT_PROBE Boundary=CALLBACK Decision=DELEGATE_NATIVE Reason=MARKER_MISSING Actor=Golem ActorAddress=E6EACA10 Action=9 Phase=1 Family=7 C1Valid=1 C1Generation=35 RequiredSourceMask=0 RightAddress=E6EEFE10 RightUseType=8 LeftAddress=00000000 LeftUseType=0 Marker=INVALID BoundIdentityMatch=-1 Motion=Golem_Stand_None_Fist_P0_PowerAttack_Hit_N_Fwd_00_%_00_P0_100_R.xmot ElapsedMs=43789.287
CORE EQUIPPED_SPRINT_PROBE Boundary=CALLBACK Decision=DELEGATE_NATIVE Reason=MARKER_MISSING Actor=Golem ActorAddress=E6EACA10 Action=9 Phase=1 Family=7 C1Valid=1 C1Generation=35 RequiredSourceMask=0 RightAddress=E6EEFE10 RightUseType=8 LeftAddress=00000000 LeftUseType=0 Marker=INVALID BoundIdentityMatch=-1 Motion=Golem_Stand_None_Fist_P0_PowerAttack_Hit_N_Fwd_00_%_00_P0_100_R.xmot ElapsedMs=43797.437
CORE EQUIPPED_SPRINT_PROBE Boundary=CALLBACK Decision=DELEGATE_NATIVE Reason=MARKER_MISSING Actor=Golem ActorAddress=E6EACA10 Action=9 Phase=1 Family=7 C1Valid=1 C1Generation=35 RequiredSourceMask=0 RightAddress=E6EEFE10 RightUseType=8 LeftAddress=00000000 LeftUseType=0 Marker=INVALID BoundIdentityMatch=-1 Motion=Golem_Stand_None_Fist_P0_PowerAttack_Hit_N_Fwd_00_%_00_P0_100_R.xmot ElapsedMs=43805.844
CORE EQUIPPED_SPRINT_PROBE Boundary=CALLBACK Decision=DELEGATE_NATIVE Reason=MARKER_MISSING Actor=Golem ActorAddress=E6EACA10 Action=9 Phase=1 Family=7 C1Valid=1 C1Generation=35 RequiredSourceMask=0 RightAddress=E6EEFE10 RightUseType=8 LeftAddress=00000000 LeftUseType=0 Marker=INVALID BoundIdentityMatch=-1 Motion=Golem_Stand_None_Fist_P0_PowerAttack_Hit_N_Fwd_00_%_00_P0_100_R.xmot ElapsedMs=43814.396
CORE EQUIPPED_SPRINT_PROBE Boundary=CALLBACK Decision=DELEGATE_NATIVE Reason=MARKER_MISSING Actor=Golem ActorAddress=E6EACA10 Action=9 Phase=1 Family=7 C1Valid=1 C1Generation=35 RequiredSourceMask=0 RightAddress=E6EEFE10 RightUseType=8 LeftAddress=00000000 LeftUseType=0 Marker=INVALID BoundIdentityMatch=-1 Motion=Golem_Stand_None_Fist_P0_PowerAttack_Hit_N_Fwd_00_%_00_P0_100_R.xmot ElapsedMs=43822.781
CORE EQUIPPED_SPRINT_PROBE Boundary=CALLBACK Decision=DELEGATE_NATIVE Reason=MARKER_MISSING Actor=Golem ActorAddress=E6EACA10 Action=9 Phase=1 Family=7 C1Valid=1 C1Generation=35 RequiredSourceMask=0 RightAddress=E6EEFE10 RightUseType=8 LeftAddress=00000000 LeftUseType=0 Marker=INVALID BoundIdentityMatch=-1 Motion=Golem_Stand_None_Fist_P0_PowerAttack_Hit_N_Fwd_00_%_00_P0_100_R.xmot ElapsedMs=43832.064
CORE ONDAMAGE ElapsedMs=43840.413 Ordinal=12 Target=PC_Hero Arg1=Fist Arg2=Golem Caller=Game.dll+0x0016E348 PlayerAction=0 PlayerPhase=3 PlayerMotion=Hero_Stand_None_2H_P0_PowerAttack_Recover_N_Fwd_00_%_00_P0_0_R.xmot Raw8Fist=<none> Raw8UseType=-1 Raw8Group=-1
CORE EQUIPPED_SPRINT_PROBE Boundary=CALLBACK Decision=DELEGATE_NATIVE Reason=NOT_SPRINT_FAMILY Actor=Golem ActorAddress=E6EACA10 Action=2 Phase=1 Family=1 C1Valid=1 C1Generation=35 RequiredSourceMask=0 RightAddress=E6EEFE10 RightUseType=8 LeftAddress=00000000 LeftUseType=0 Marker=INVALID BoundIdentityMatch=-1 Motion=Golem_Stand_None_Fist_P0_PowerAttack_Hit_N_Fwd_00_%_00_P0_100_R.xmot ElapsedMs=43840.451
CORE C1_START ElapsedMs=43842.129 Actor=PC_Hero Generation=36 Status=CANDIDATE Outstanding=0 TrackedSources=1 ReplacedGeneration=0 ReplacedOutstanding=0 Source[0]=It_2H_Sword_Flamberge Side=RIGHT Group=5
CORE C1_STATUS ElapsedMs=43842.181 Event=PERSISTED Actor=PC_Hero Generation=36 Status=PERSISTED Outstanding=0
CORE EQUIPPED_SPRINT_PROBE Boundary=CALLBACK Decision=DELEGATE_NATIVE Reason=NOT_SPRINT_FAMILY Actor=Golem ActorAddress=E6EACA10 Action=2 Phase=1 Family=1 C1Valid=1 C1Generation=35 RequiredSourceMask=0 RightAddress=E6EEFE10 RightUseType=8 LeftAddress=00000000 LeftUseType=0 Marker=INVALID BoundIdentityMatch=-1 Motion=Golem_Stand_None_Fist_P0_PowerAttack_Hit_N_Fwd_00_%_00_P0_100_R.xmot ElapsedMs=43850.215
CORE EQUIPPED_SPRINT_PROBE Boundary=CALLBACK Decision=DELEGATE_NATIVE Reason=NOT_SPRINT_FAMILY Actor=Golem ActorAddress=E6EACA10 Action=2 Phase=1 Family=1 C1Valid=1 C1Generation=35 RequiredSourceMask=0 RightAddress=E6EEFE10 RightUseType=8 LeftAddress=00000000 LeftUseType=0 Marker=INVALID BoundIdentityMatch=-1 Motion=Golem_Stand_None_Fist_P0_PowerAttack_Hit_N_Fwd_00_%_00_P0_100_R.xmot ElapsedMs=43858.316
CORE EQUIPPED_SPRINT_PROBE Boundary=CALLBACK Decision=DELEGATE_NATIVE Reason=NOT_SPRINT_FAMILY Actor=Golem ActorAddress=E6EACA10 Action=2 Phase=1 Family=1 C1Valid=1 C1Generation=35 RequiredSourceMask=0 RightAddress=E6EEFE10 RightUseType=8 LeftAddress=00000000 LeftUseType=0 Marker=INVALID BoundIdentityMatch=-1 Motion=Golem_Stand_None_Fist_P0_PowerAttack_Hit_N_Fwd_00_%_00_P0_100_R.xmot ElapsedMs=43867.298
CORE EQUIPPED_SPRINT_PROBE Boundary=CALLBACK Decision=DELEGATE_NATIVE Reason=NOT_SPRINT_FAMILY Actor=Golem ActorAddress=E6EACA10 Action=2 Phase=1 Family=1 C1Valid=1 C1Generation=35 RequiredSourceMask=0 RightAddress=E6EEFE10 RightUseType=8 LeftAddress=00000000 LeftUseType=0 Marker=INVALID BoundIdentityMatch=-1 Motion=Golem_Stand_None_Fist_P0_PowerAttack_Hit_N_Fwd_00_%_00_P0_100_R.xmot ElapsedMs=43875.412
CORE EQUIPPED_SPRINT_PROBE Boundary=CALLBACK Decision=DELEGATE_NATIVE Reason=NOT_SPRINT_FAMILY Actor=Golem ActorAddress=E6EACA10 Action=2 Phase=1 Family=1 C1Valid=1 C1Generation=35 RequiredSourceMask=0 RightAddress=E6EEFE10 RightUseType=8 LeftAddress=00000000 LeftUseType=0 Marker=INVALID BoundIdentityMatch=-1 Motion=Golem_Stand_None_Fist_P0_PowerAttack_Hit_N_Fwd_00_%_00_P0_100_R.xmot ElapsedMs=43883.625
CORE EQUIPPED_SPRINT_PROBE Boundary=CALLBACK Decision=DELEGATE_NATIVE Reason=NOT_SPRINT_FAMILY Actor=Golem ActorAddress=E6EACA10 Action=2 Phase=1 Family=1 C1Valid=1 C1Generation=35 RequiredSourceMask=0 RightAddress=E6EEFE10 RightUseType=8 LeftAddress=00000000 LeftUseType=0 Marker=INVALID BoundIdentityMatch=-1 Motion=Golem_Stand_None_Fist_P0_PowerAttack_Hit_N_Fwd_00_%_00_P0_100_R.xmot ElapsedMs=43892.077
CORE EQUIPPED_SPRINT_PROBE Boundary=CALLBACK Decision=DELEGATE_NATIVE Reason=NOT_SPRINT_FAMILY Actor=Golem ActorAddress=E6EACA10 Action=2 Phase=1 Family=1 C1Valid=1 C1Generation=35 RequiredSourceMask=0 RightAddress=E6EEFE10 RightUseType=8 LeftAddress=00000000 LeftUseType=0 Marker=INVALID BoundIdentityMatch=-1 Motion=Golem_Stand_None_Fist_P0_PowerAttack_Hit_N_Fwd_00_%_00_P0_100_R.xmot ElapsedMs=43900.380
CORE EQUIPPED_SPRINT_PROBE Boundary=CALLBACK Decision=DELEGATE_NATIVE Reason=NOT_SPRINT_FAMILY Actor=Golem ActorAddress=E6EACA10 Action=2 Phase=1 Family=1 C1Valid=1 C1Generation=35 RequiredSourceMask=0 RightAddress=E6EEFE10 RightUseType=8 LeftAddress=00000000 LeftUseType=0 Marker=INVALID BoundIdentityMatch=-1 Motion=Golem_Stand_None_Fist_P0_PowerAttack_Hit_N_Fwd_00_%_00_P0_100_R.xmot ElapsedMs=43909.039
CORE EQUIPPED_SPRINT_PROBE Boundary=CALLBACK Decision=DELEGATE_NATIVE Reason=NOT_SPRINT_FAMILY Actor=Golem ActorAddress=E6EACA10 Action=2 Phase=1 Family=1 C1Valid=1 C1Generation=35 RequiredSourceMask=0 RightAddress=E6EEFE10 RightUseType=8 LeftAddress=00000000 LeftUseType=0 Marker=INVALID BoundIdentityMatch=-1 Motion=Golem_Stand_None_Fist_P0_PowerAttack_Hit_N_Fwd_00_%_00_P0_100_R.xmot ElapsedMs=43917.574
CORE EQUIPPED_SPRINT_PROBE Boundary=CALLBACK Decision=DELEGATE_NATIVE Reason=NOT_SPRINT_FAMILY Actor=Golem ActorAddress=E6EACA10 Action=2 Phase=1 Family=1 C1Valid=1 C1Generation=35 RequiredSourceMask=0 RightAddress=E6EEFE10 RightUseType=8 LeftAddress=00000000 LeftUseType=0 Marker=INVALID BoundIdentityMatch=-1 Motion=Golem_Stand_None_Fist_P0_PowerAttack_Hit_N_Fwd_00_%_00_P0_100_R.xmot ElapsedMs=43925.217
CORE EQUIPPED_SPRINT_PROBE Boundary=CALLBACK Decision=DELEGATE_NATIVE Reason=NOT_SPRINT_FAMILY Actor=Golem ActorAddress=E6EACA10 Action=2 Phase=1 Family=1 C1Valid=1 C1Generation=35 RequiredSourceMask=0 RightAddress=E6EEFE10 RightUseType=8 LeftAddress=00000000 LeftUseType=0 Marker=INVALID BoundIdentityMatch=-1 Motion=Golem_Stand_None_Fist_P0_PowerAttack_Hit_N_Fwd_00_%_00_P0_100_R.xmot ElapsedMs=43934.105
CORE C1_FINAL ElapsedMs=43942.630 Actor=Golem Generation=35 Status=PERSISTED SourceCount=1 PhysicalChanged=0 Source[0]=Fist Side=RIGHT Outstanding=0 Cleanup=0 Outcome=NO_OP_NO_OUTSTANDING
CORE C1_START ElapsedMs=45153.789 Actor=Golem Generation=37 Status=CANDIDATE Outstanding=0 TrackedSources=1 ReplacedGeneration=0 ReplacedOutstanding=0 Source[0]=Fist Side=RIGHT Group=0
CORE C1_BIND ElapsedMs=45153.801 Event=COMBAT_MOVE_CANDIDATE_BOUND Actor=Golem Generation=37 Status=CANDIDATE Outstanding=0 Source=<null> Script=_AI_Attack
CORE C1_STATUS ElapsedMs=45153.862 Event=PERSISTED Actor=Golem Generation=37 Status=PERSISTED Outstanding=0
CORE ATTACK_OWNERSHIP ElapsedMs=45153.878 Actor=Golem Family=NORMAL Action=1 Phase=1 Motion=Golem_Stand_None_Fist_P0_Attack_Hit_N_Fwd_00_%_00_P0_100_R.xmot MarkerPresent=0 RequiredMask=0 FistMarkers=0 Raw8Fist=<none> Raw8UseType=-1 SuppressNative=0 Classification=ROUTINE
CORE COLLISION_GROUP ElapsedMs=45403.265 Source=Fist UseType=8 Owner=<unresolved> Slot=NONE Requested=7 Before=0 After=0 MarkerBitsRetired=0
CORE C1_FINAL ElapsedMs=45547.364 Actor=Golem Generation=37 Status=PERSISTED SourceCount=1 PhysicalChanged=0 Source[0]=Fist Side=RIGHT Outstanding=0 Cleanup=0 Outcome=NO_OP_NO_OUTSTANDING
CORE C1_START ElapsedMs=45556.483 Actor=Golem Generation=38 Status=CANDIDATE Outstanding=0 TrackedSources=1 ReplacedGeneration=0 ReplacedOutstanding=0 Source[0]=Fist Side=RIGHT Group=0
CORE C1_BIND ElapsedMs=45556.496 Event=COMBAT_MOVE_CANDIDATE_BOUND Actor=Golem Generation=38 Status=CANDIDATE Outstanding=0 Source=<null> Script=_AI_JumpBack
CORE C1_STATUS ElapsedMs=45556.560 Event=PERSISTED Actor=Golem Generation=38 Status=PERSISTED Outstanding=0
CORE C1_FINAL ElapsedMs=45813.496 Actor=PC_Hero Generation=36 Status=PERSISTED SourceCount=1 PhysicalChanged=0 Source[0]=It_2H_Sword_Flamberge Side=RIGHT Outstanding=0 Cleanup=0 Outcome=NO_OP_NO_OUTSTANDING
CORE COLLISION_GROUP ElapsedMs=45821.985 Source=It_2H_Sword_Flamberge UseType=3 Owner=PC_Hero Slot=RIGHT Requested=7 Before=5 After=7 MarkerBitsRetired=0
CORE C1_START ElapsedMs=45822.016 Actor=PC_Hero Generation=39 Status=OUTER_BOUND Outstanding=0 TrackedSources=1 ReplacedGeneration=0 ReplacedOutstanding=0 Source[0]=It_2H_Sword_Flamberge Side=RIGHT Group=7
CORE C1_BIND ElapsedMs=45822.023 Event=PRECOMBAT_ACQUIRED Actor=PC_Hero Generation=39 Status=OUTER_BOUND Outstanding=0 Source=It_2H_Sword_Flamberge Script=_AI_GetUpAttack
CORE C1 OFFENSE REQUEST ElapsedMs=45822.027 Actor=PC_Hero Generation=39 Status=OUTER_BOUND Source=It_2H_Sword_Flamberge Side=RIGHT Requests=1 Outstanding=1 CleanupObserved=0 Group=7
CORE C1_BIND ElapsedMs=45822.045 Event=PRECOMBAT_BRIDGE_CONSUMED Actor=PC_Hero Generation=39 Status=PERSISTED Outstanding=1 Source=<null> Script=_AI_GetUpAttack
CORE COLLISION_GROUP ElapsedMs=45927.410 Source=It_2H_Sword_Flamberge UseType=3 Owner=PC_Hero Slot=RIGHT Requested=7 Before=7 After=7 MarkerBitsRetired=0
CORE C1 OFFENSE REQUEST ElapsedMs=45927.438 Actor=PC_Hero Generation=39 Status=PERSISTED Source=It_2H_Sword_Flamberge Side=RIGHT Requests=2 Outstanding=1 CleanupObserved=0 Group=7
CORE C1_FINAL ElapsedMs=46031.014 Actor=Golem Generation=38 Status=PERSISTED SourceCount=1 PhysicalChanged=0 Source[0]=Fist Side=RIGHT Outstanding=0 Cleanup=0 Outcome=NO_OP_NO_OUTSTANDING
CORE ONDAMAGE ElapsedMs=46067.243 Ordinal=13 Target=Golem Arg1=Golem Arg2=Golem Caller=Game.dll+0x00069484 PlayerAction=30 PlayerPhase=1 PlayerMotion=Hero_SitKnockDown_None_2H_P0_GetUpAttack_Hit_N_Fwd_00_%_00_P1_100_R.xmot Raw8Fist=<none> Raw8UseType=-1 Raw8Group=-1
CORE C1_START ElapsedMs=46075.494 Actor=Golem Generation=40 Status=CANDIDATE Outstanding=0 TrackedSources=1 ReplacedGeneration=0 ReplacedOutstanding=0 Source[0]=Fist Side=RIGHT Group=0
CORE C1_BIND ElapsedMs=46075.505 Event=COMBAT_MOVE_CANDIDATE_BOUND Actor=Golem Generation=40 Status=CANDIDATE Outstanding=0 Source=<null> Script=_AI_Stumble
CORE C1_STATUS ElapsedMs=46075.560 Event=PERSISTED Actor=Golem Generation=40 Status=PERSISTED Outstanding=0
CORE COLLISION_GROUP ElapsedMs=46221.105 Source=It_2H_Sword_Flamberge UseType=3 Owner=PC_Hero Slot=RIGHT Requested=5 Before=7 After=5 MarkerBitsRetired=0
CORE C1 CLEANUP FULFILLED ElapsedMs=46221.134 Actor=PC_Hero Generation=39 Status=PERSISTED Source=It_2H_Sword_Flamberge Side=RIGHT Requests=2 Outstanding=0 CleanupObserved=1 Group=5
CORE C1_FINAL ElapsedMs=46221.163 Actor=PC_Hero Generation=39 Status=PERSISTED SourceCount=1 PhysicalChanged=0 Source[0]=It_2H_Sword_Flamberge Side=RIGHT Outstanding=0 Cleanup=1 Outcome=NO_OP_NO_OUTSTANDING
CORE C1_START ElapsedMs=46351.582 Actor=PC_Hero Generation=41 Status=CANDIDATE Outstanding=0 TrackedSources=1 ReplacedGeneration=0 ReplacedOutstanding=0 Source[0]=It_2H_Sword_Flamberge Side=RIGHT Group=5
CORE C1_BIND ElapsedMs=46351.594 Event=COMBAT_MOVE_CANDIDATE_BOUND Actor=PC_Hero Generation=41 Status=CANDIDATE Outstanding=0 Source=<null> Script=_AI_PowerAttack
CORE C1_STATUS ElapsedMs=46351.657 Event=PERSISTED Actor=PC_Hero Generation=41 Status=PERSISTED Outstanding=0
CORE C1_FINAL ElapsedMs=46444.340 Actor=Golem Generation=40 Status=PERSISTED SourceCount=1 PhysicalChanged=0 Source[0]=Fist Side=RIGHT Outstanding=0 Cleanup=0 Outcome=NO_OP_NO_OUTSTANDING
CORE C1_START ElapsedMs=46462.837 Actor=Golem Generation=42 Status=CANDIDATE Outstanding=0 TrackedSources=1 ReplacedGeneration=0 ReplacedOutstanding=0 Source[0]=Fist Side=RIGHT Group=0
CORE C1_BIND ElapsedMs=46462.850 Event=COMBAT_MOVE_CANDIDATE_BOUND Actor=Golem Generation=42 Status=CANDIDATE Outstanding=0 Source=<null> Script=_AI_JumpBack
CORE C1_STATUS ElapsedMs=46462.949 Event=PERSISTED Actor=Golem Generation=42 Status=PERSISTED Outstanding=0
CORE C1_BIND ElapsedMs=46847.686 Event=COMBAT_MOVE_REUSED Actor=PC_Hero Generation=41 Status=PERSISTED Outstanding=0 Source=<null> Script=_AI_PowerAttack
CORE C1_FINAL ElapsedMs=46930.673 Actor=Golem Generation=42 Status=PERSISTED SourceCount=1 PhysicalChanged=0 Source[0]=Fist Side=RIGHT Outstanding=0 Cleanup=0 Outcome=NO_OP_NO_OUTSTANDING
CORE COLLISION_GROUP ElapsedMs=47116.454 Source=It_2H_Sword_Flamberge UseType=3 Owner=PC_Hero Slot=RIGHT Requested=7 Before=5 After=7 MarkerBitsRetired=0
CORE C1 OFFENSE REQUEST ElapsedMs=47116.487 Actor=PC_Hero Generation=41 Status=PERSISTED Source=It_2H_Sword_Flamberge Side=RIGHT Requests=1 Outstanding=1 CleanupObserved=0 Group=7
CORE MARKER ElapsedMs=47116.500 Actor=PC_Hero Action=2 Family=POWER Phase=1 Motion=Hero_Stand_None_2H_P1_PowerAttack_Hit_N_Fwd_00_%_00_P0_120_R.xmot Marker=RIGHT Result=ACCEPTED C1Valid=1 C1=41 StatePosition=1 PreviousMask=0 DesiredMask=1 RetiredMask=0 OwnedMask=0 MarkerOwnedMask=1 Activated=1 Deactivated=0 Retired=0 RearmRequests=1 Clears=1 RightUseType=3
CORE COLLISION_GROUP ElapsedMs=47319.074 Source=It_2H_Sword_Flamberge UseType=3 Owner=PC_Hero Slot=RIGHT Requested=5 Before=7 After=5 MarkerBitsRetired=1
CORE C1 CLEANUP FULFILLED ElapsedMs=47319.103 Actor=PC_Hero Generation=41 Status=PERSISTED Source=It_2H_Sword_Flamberge Side=RIGHT Requests=1 Outstanding=0 CleanupObserved=1 Group=5
CORE C1_FINAL ElapsedMs=47319.124 Actor=PC_Hero Generation=41 Status=PERSISTED SourceCount=1 PhysicalChanged=0 Source[0]=It_2H_Sword_Flamberge Side=RIGHT Outstanding=0 Cleanup=1 Outcome=NO_OP_NO_OUTSTANDING
CORE C1_START ElapsedMs=47625.866 Actor=PC_Hero Generation=43 Status=CANDIDATE Outstanding=0 TrackedSources=1 ReplacedGeneration=0 ReplacedOutstanding=0 Source[0]=It_2H_Sword_Flamberge Side=RIGHT Group=5
CORE C1_BIND ElapsedMs=47625.879 Event=COMBAT_MOVE_CANDIDATE_BOUND Actor=PC_Hero Generation=43 Status=CANDIDATE Outstanding=0 Source=<null> Script=_AI_PowerAttack
CORE C1_STATUS ElapsedMs=47625.944 Event=PERSISTED Actor=PC_Hero Generation=43 Status=PERSISTED Outstanding=0
CORE C1_START ElapsedMs=47826.390 Actor=Golem Generation=44 Status=CANDIDATE Outstanding=0 TrackedSources=1 ReplacedGeneration=0 ReplacedOutstanding=0 Source[0]=Fist Side=RIGHT Group=0
CORE C1_BIND ElapsedMs=47826.401 Event=COMBAT_MOVE_CANDIDATE_BOUND Actor=Golem Generation=44 Status=CANDIDATE Outstanding=0 Source=<null> Script=_AI_Attack
CORE C1_STATUS ElapsedMs=47826.456 Event=PERSISTED Actor=Golem Generation=44 Status=PERSISTED Outstanding=0
CORE ONDAMAGE ElapsedMs=48065.054 Ordinal=14 Target=PC_Hero Arg1=Fist Arg2=Golem Caller=Game.dll+0x0016E348 PlayerAction=2 PlayerPhase=0 PlayerMotion=Hero_Stand_None_2H_P0_PowerAttack_Raise_N_Fwd_00_%_00_P0_0_R.xmot Raw8Fist=<none> Raw8UseType=-1 Raw8Group=-1
CORE C1_START ElapsedMs=48066.851 Actor=PC_Hero Generation=45 Status=CANDIDATE Outstanding=0 TrackedSources=1 ReplacedGeneration=43 ReplacedOutstanding=0 Source[0]=It_2H_Sword_Flamberge Side=RIGHT Group=5
CORE C1_BIND ElapsedMs=48066.859 Event=COMBAT_MOVE_CANDIDATE_BOUND Actor=PC_Hero Generation=45 Status=CANDIDATE Outstanding=0 Source=<null> Script=_AI_Stumble
CORE C1_STATUS ElapsedMs=48066.908 Event=PERSISTED Actor=PC_Hero Generation=45 Status=PERSISTED Outstanding=0
CORE COLLISION_GROUP ElapsedMs=48074.199 Source=Fist UseType=8 Owner=<unresolved> Slot=NONE Requested=7 Before=0 After=0 MarkerBitsRetired=0
CORE C1_FINAL ElapsedMs=48217.295 Actor=Golem Generation=44 Status=PERSISTED SourceCount=1 PhysicalChanged=0 Source[0]=Fist Side=RIGHT Outstanding=0 Cleanup=0 Outcome=NO_OP_NO_OUTSTANDING
CORE C1_FINAL ElapsedMs=48366.353 Actor=PC_Hero Generation=45 Status=PERSISTED SourceCount=1 PhysicalChanged=0 Source[0]=It_2H_Sword_Flamberge Side=RIGHT Outstanding=0 Cleanup=0 Outcome=NO_OP_NO_OUTSTANDING
CORE C1_START ElapsedMs=48636.146 Actor=PC_Hero Generation=46 Status=CANDIDATE Outstanding=0 TrackedSources=1 ReplacedGeneration=0 ReplacedOutstanding=0 Source[0]=It_2H_Sword_Flamberge Side=RIGHT Group=5
CORE C1_BIND ElapsedMs=48636.158 Event=COMBAT_MOVE_CANDIDATE_BOUND Actor=PC_Hero Generation=46 Status=CANDIDATE Outstanding=0 Source=<null> Script=_AI_PowerAttack
CORE C1_STATUS ElapsedMs=48636.219 Event=PERSISTED Actor=PC_Hero Generation=46 Status=PERSISTED Outstanding=0
CORE C1_START ElapsedMs=48653.235 Actor=Golem Generation=47 Status=CANDIDATE Outstanding=0 TrackedSources=1 ReplacedGeneration=0 ReplacedOutstanding=0 Source[0]=Fist Side=RIGHT Group=0
CORE C1_BIND ElapsedMs=48653.247 Event=COMBAT_MOVE_CANDIDATE_BOUND Actor=Golem Generation=47 Status=CANDIDATE Outstanding=0 Source=<null> Script=_AI_JumpBack
CORE C1_STATUS ElapsedMs=48653.306 Event=PERSISTED Actor=Golem Generation=47 Status=PERSISTED Outstanding=0
CORE C1_FINAL ElapsedMs=49114.017 Actor=Golem Generation=47 Status=PERSISTED SourceCount=1 PhysicalChanged=0 Source[0]=Fist Side=RIGHT Outstanding=0 Cleanup=0 Outcome=NO_OP_NO_OUTSTANDING
CORE C1_START ElapsedMs=49124.107 Actor=Golem Generation=48 Status=CANDIDATE Outstanding=0 TrackedSources=1 ReplacedGeneration=0 ReplacedOutstanding=0 Source[0]=Fist Side=RIGHT Group=0
CORE C1_BIND ElapsedMs=49124.118 Event=COMBAT_MOVE_CANDIDATE_BOUND Actor=Golem Generation=48 Status=CANDIDATE Outstanding=0 Source=<null> Script=_AI_JumpBack
CORE C1_STATUS ElapsedMs=49124.174 Event=PERSISTED Actor=Golem Generation=48 Status=PERSISTED Outstanding=0
CORE C1_BIND ElapsedMs=49124.887 Event=COMBAT_MOVE_REUSED Actor=PC_Hero Generation=46 Status=PERSISTED Outstanding=0 Source=<null> Script=_AI_PowerAttack
CORE ATTACK_OWNERSHIP ElapsedMs=49124.945 Actor=PC_Hero Family=POWER Action=2 Phase=1 Motion=Hero_Stand_None_2H_P0_PowerAttack_Hit_N_Fwd_00_%_00_P1_100_R.xmot MarkerPresent=1 RequiredMask=1 FistMarkers=0 Raw8Fist=<none> Raw8UseType=-1 SuppressNative=1 Classification=ROUTINE
CORE COLLISION_GROUP ElapsedMs=49384.918 Source=It_2H_Sword_Flamberge UseType=3 Owner=PC_Hero Slot=RIGHT Requested=7 Before=5 After=7 MarkerBitsRetired=0
CORE C1 OFFENSE REQUEST ElapsedMs=49384.947 Actor=PC_Hero Generation=46 Status=PERSISTED Source=It_2H_Sword_Flamberge Side=RIGHT Requests=1 Outstanding=1 CleanupObserved=0 Group=7
CORE MARKER ElapsedMs=49384.959 Actor=PC_Hero Action=2 Family=POWER Phase=1 Motion=Hero_Stand_None_2H_P0_PowerAttack_Hit_N_Fwd_00_%_00_P1_100_R.xmot Marker=RIGHT Result=ACCEPTED C1Valid=1 C1=46 StatePosition=1 PreviousMask=0 DesiredMask=1 RetiredMask=0 OwnedMask=0 MarkerOwnedMask=1 Activated=1 Deactivated=0 Retired=0 RearmRequests=1 Clears=1 RightUseType=3
CORE C1_FINAL ElapsedMs=49589.952 Actor=Golem Generation=48 Status=PERSISTED SourceCount=1 PhysicalChanged=0 Source[0]=Fist Side=RIGHT Outstanding=0 Cleanup=0 Outcome=NO_OP_NO_OUTSTANDING
CORE COLLISION_GROUP ElapsedMs=49590.570 Source=It_2H_Sword_Flamberge UseType=3 Owner=PC_Hero Slot=RIGHT Requested=5 Before=7 After=5 MarkerBitsRetired=1
CORE C1 CLEANUP FULFILLED ElapsedMs=49590.585 Actor=PC_Hero Generation=46 Status=PERSISTED Source=It_2H_Sword_Flamberge Side=RIGHT Requests=1 Outstanding=0 CleanupObserved=1 Group=5
CORE C1_FINAL ElapsedMs=49590.604 Actor=PC_Hero Generation=46 Status=PERSISTED SourceCount=1 PhysicalChanged=0 Source[0]=It_2H_Sword_Flamberge Side=RIGHT Outstanding=0 Cleanup=1 Outcome=NO_OP_NO_OUTSTANDING
CORE C1_START ElapsedMs=49878.787 Actor=PC_Hero Generation=49 Status=CANDIDATE Outstanding=0 TrackedSources=1 ReplacedGeneration=0 ReplacedOutstanding=0 Source[0]=It_2H_Sword_Flamberge Side=RIGHT Group=5
CORE C1_BIND ElapsedMs=49878.799 Event=COMBAT_MOVE_CANDIDATE_BOUND Actor=PC_Hero Generation=49 Status=CANDIDATE Outstanding=0 Source=<null> Script=_AI_PowerAttack
CORE C1_STATUS ElapsedMs=49878.861 Event=PERSISTED Actor=PC_Hero Generation=49 Status=PERSISTED Outstanding=0
CORE C1_START ElapsedMs=50182.013 Actor=Golem Generation=50 Status=CANDIDATE Outstanding=0 TrackedSources=1 ReplacedGeneration=0 ReplacedOutstanding=0 Source[0]=Fist Side=RIGHT Group=0
CORE C1_BIND ElapsedMs=50182.024 Event=COMBAT_MOVE_CANDIDATE_BOUND Actor=Golem Generation=50 Status=CANDIDATE Outstanding=0 Source=<null> Script=_AI_Attack
CORE C1_STATUS ElapsedMs=50182.080 Event=PERSISTED Actor=Golem Generation=50 Status=PERSISTED Outstanding=0
CORE C1_BIND ElapsedMs=50361.427 Event=COMBAT_MOVE_REUSED Actor=PC_Hero Generation=49 Status=PERSISTED Outstanding=0 Source=<null> Script=_AI_PowerAttack
CORE ATTACK_OWNERSHIP ElapsedMs=50361.504 Actor=PC_Hero Family=POWER Action=2 Phase=1 Motion=Hero_Stand_None_2H_P1_PowerAttack_Hit_N_Fwd_00_%_00_P0_120_R.xmot MarkerPresent=1 RequiredMask=1 FistMarkers=0 Raw8Fist=<none> Raw8UseType=-1 SuppressNative=1 Classification=ROUTINE
CORE ONDAMAGE ElapsedMs=50417.091 Ordinal=15 Target=PC_Hero Arg1=Fist Arg2=Golem Caller=Game.dll+0x0016E348 PlayerAction=2 PlayerPhase=1 PlayerMotion=Hero_Stand_None_2H_P1_PowerAttack_Hit_N_Fwd_00_%_00_P0_120_R.xmot Raw8Fist=<none> Raw8UseType=-1 Raw8Group=-1
CORE C1_START ElapsedMs=50418.811 Actor=PC_Hero Generation=51 Status=CANDIDATE Outstanding=0 TrackedSources=1 ReplacedGeneration=49 ReplacedOutstanding=0 Source[0]=It_2H_Sword_Flamberge Side=RIGHT Group=5
CORE C1_BIND ElapsedMs=50418.819 Event=COMBAT_MOVE_CANDIDATE_BOUND Actor=PC_Hero Generation=51 Status=CANDIDATE Outstanding=0 Source=<null> Script=_AI_Stumble
CORE C1_STATUS ElapsedMs=50419.134 Event=PERSISTED Actor=PC_Hero Generation=51 Status=PERSISTED Outstanding=0
CORE COLLISION_GROUP ElapsedMs=50426.565 Source=Fist UseType=8 Owner=<unresolved> Slot=NONE Requested=7 Before=0 After=0 MarkerBitsRetired=0
CORE C1_FINAL ElapsedMs=50568.584 Actor=Golem Generation=50 Status=PERSISTED SourceCount=1 PhysicalChanged=0 Source[0]=Fist Side=RIGHT Outstanding=0 Cleanup=0 Outcome=NO_OP_NO_OUTSTANDING
CORE C1_FINAL ElapsedMs=50723.056 Actor=PC_Hero Generation=51 Status=PERSISTED SourceCount=1 PhysicalChanged=0 Source[0]=It_2H_Sword_Flamberge Side=RIGHT Outstanding=0 Cleanup=0 Outcome=NO_OP_NO_OUTSTANDING
CORE C1_START ElapsedMs=51059.468 Actor=PC_Hero Generation=52 Status=CANDIDATE Outstanding=0 TrackedSources=1 ReplacedGeneration=0 ReplacedOutstanding=0 Source[0]=It_2H_Sword_Flamberge Side=RIGHT Group=5
CORE C1_BIND ElapsedMs=51059.481 Event=COMBAT_MOVE_CANDIDATE_BOUND Actor=PC_Hero Generation=52 Status=CANDIDATE Outstanding=0 Source=<null> Script=_AI_PowerAttack
CORE C1_STATUS ElapsedMs=51059.542 Event=PERSISTED Actor=PC_Hero Generation=52 Status=PERSISTED Outstanding=0
CORE C1_START ElapsedMs=51076.124 Actor=Golem Generation=53 Status=CANDIDATE Outstanding=0 TrackedSources=1 ReplacedGeneration=0 ReplacedOutstanding=0 Source[0]=Fist Side=RIGHT Group=0
CORE C1_BIND ElapsedMs=51076.136 Event=COMBAT_MOVE_CANDIDATE_BOUND Actor=Golem Generation=53 Status=CANDIDATE Outstanding=0 Source=<null> Script=_AI_JumpBack
CORE C1_STATUS ElapsedMs=51076.192 Event=PERSISTED Actor=Golem Generation=53 Status=PERSISTED Outstanding=0
CORE C1_FINAL ElapsedMs=51540.911 Actor=Golem Generation=53 Status=PERSISTED SourceCount=1 PhysicalChanged=0 Source[0]=Fist Side=RIGHT Outstanding=0 Cleanup=0 Outcome=NO_OP_NO_OUTSTANDING
CORE C1_START ElapsedMs=51549.785 Actor=Golem Generation=54 Status=CANDIDATE Outstanding=0 TrackedSources=1 ReplacedGeneration=0 ReplacedOutstanding=0 Source[0]=Fist Side=RIGHT Group=0
CORE C1_BIND ElapsedMs=51549.809 Event=COMBAT_MOVE_CANDIDATE_BOUND Actor=Golem Generation=54 Status=CANDIDATE Outstanding=0 Source=<null> Script=_AI_JumpBack
CORE C1_STATUS ElapsedMs=51549.862 Event=PERSISTED Actor=Golem Generation=54 Status=PERSISTED Outstanding=0
CORE C1_BIND ElapsedMs=51550.668 Event=COMBAT_MOVE_REUSED Actor=PC_Hero Generation=52 Status=PERSISTED Outstanding=0 Source=<null> Script=_AI_PowerAttack
CORE ATTACK_OWNERSHIP ElapsedMs=51550.724 Actor=PC_Hero Family=POWER Action=2 Phase=1 Motion=Hero_Stand_None_2H_P0_PowerAttack_Hit_N_Fwd_00_%_00_P1_100_R.xmot MarkerPresent=1 RequiredMask=1 FistMarkers=0 Raw8Fist=<none> Raw8UseType=-1 SuppressNative=1 Classification=ROUTINE
CORE COLLISION_GROUP ElapsedMs=51815.146 Source=It_2H_Sword_Flamberge UseType=3 Owner=PC_Hero Slot=RIGHT Requested=7 Before=5 After=7 MarkerBitsRetired=0
CORE C1 OFFENSE REQUEST ElapsedMs=51815.175 Actor=PC_Hero Generation=52 Status=PERSISTED Source=It_2H_Sword_Flamberge Side=RIGHT Requests=1 Outstanding=1 CleanupObserved=0 Group=7
CORE MARKER ElapsedMs=51815.188 Actor=PC_Hero Action=2 Family=POWER Phase=1 Motion=Hero_Stand_None_2H_P0_PowerAttack_Hit_N_Fwd_00_%_00_P1_100_R.xmot Marker=RIGHT Result=ACCEPTED C1Valid=1 C1=52 StatePosition=1 PreviousMask=0 DesiredMask=1 RetiredMask=0 OwnedMask=0 MarkerOwnedMask=1 Activated=1 Deactivated=0 Retired=0 RearmRequests=1 Clears=1 RightUseType=3
CORE C1_FINAL ElapsedMs=52019.001 Actor=Golem Generation=54 Status=PERSISTED SourceCount=1 PhysicalChanged=0 Source[0]=Fist Side=RIGHT Outstanding=0 Cleanup=0 Outcome=NO_OP_NO_OUTSTANDING
CORE COLLISION_GROUP ElapsedMs=52019.460 Source=It_2H_Sword_Flamberge UseType=3 Owner=PC_Hero Slot=RIGHT Requested=5 Before=7 After=5 MarkerBitsRetired=1
CORE C1 CLEANUP FULFILLED ElapsedMs=52019.474 Actor=PC_Hero Generation=52 Status=PERSISTED Source=It_2H_Sword_Flamberge Side=RIGHT Requests=1 Outstanding=0 CleanupObserved=1 Group=5
CORE C1_FINAL ElapsedMs=52019.491 Actor=PC_Hero Generation=52 Status=PERSISTED SourceCount=1 PhysicalChanged=0 Source[0]=It_2H_Sword_Flamberge Side=RIGHT Outstanding=0 Cleanup=1 Outcome=NO_OP_NO_OUTSTANDING
CORE C1_START ElapsedMs=52558.317 Actor=PC_Hero Generation=55 Status=CANDIDATE Outstanding=0 TrackedSources=1 ReplacedGeneration=0 ReplacedOutstanding=0 Source[0]=It_2H_Sword_Flamberge Side=RIGHT Group=5
CORE C1_BIND ElapsedMs=52558.344 Event=COMBAT_MOVE_CANDIDATE_BOUND Actor=PC_Hero Generation=55 Status=CANDIDATE Outstanding=0 Source=<null> Script=_AI_PowerAttack
CORE C1_STATUS ElapsedMs=52558.423 Event=PERSISTED Actor=PC_Hero Generation=55 Status=PERSISTED Outstanding=0
CORE C1_START ElapsedMs=52581.933 Actor=Golem Generation=56 Status=CANDIDATE Outstanding=0 TrackedSources=1 ReplacedGeneration=0 ReplacedOutstanding=0 Source[0]=Fist Side=RIGHT Group=0
CORE C1_BIND ElapsedMs=52581.945 Event=COMBAT_MOVE_CANDIDATE_BOUND Actor=Golem Generation=56 Status=CANDIDATE Outstanding=0 Source=<null> Script=_AI_Attack
CORE C1_STATUS ElapsedMs=52581.999 Event=PERSISTED Actor=Golem Generation=56 Status=PERSISTED Outstanding=0
CORE ONDAMAGE ElapsedMs=52820.965 Ordinal=16 Target=PC_Hero Arg1=Fist Arg2=Golem Caller=Game.dll+0x0016E348 PlayerAction=2 PlayerPhase=0 PlayerMotion=Hero_Stand_None_2H_P1_PowerAttack_Raise_N_Fwd_00_%_00_P1_0_R.xmot Raw8Fist=<none> Raw8UseType=-1 Raw8Group=-1
CORE C1_START ElapsedMs=52822.538 Actor=PC_Hero Generation=57 Status=CANDIDATE Outstanding=0 TrackedSources=1 ReplacedGeneration=55 ReplacedOutstanding=0 Source[0]=It_2H_Sword_Flamberge Side=RIGHT Group=5
CORE C1_BIND ElapsedMs=52822.546 Event=COMBAT_MOVE_CANDIDATE_BOUND Actor=PC_Hero Generation=57 Status=CANDIDATE Outstanding=0 Source=<null> Script=_AI_Stumble
CORE C1_STATUS ElapsedMs=52822.596 Event=PERSISTED Actor=PC_Hero Generation=57 Status=PERSISTED Outstanding=0
CORE COLLISION_GROUP ElapsedMs=52831.218 Source=Fist UseType=8 Owner=<unresolved> Slot=NONE Requested=7 Before=0 After=0 MarkerBitsRetired=0
CORE C1_FINAL ElapsedMs=52974.298 Actor=Golem Generation=56 Status=PERSISTED SourceCount=1 PhysicalChanged=0 Source[0]=Fist Side=RIGHT Outstanding=0 Cleanup=0 Outcome=NO_OP_NO_OUTSTANDING
CORE C1_FINAL ElapsedMs=53125.400 Actor=PC_Hero Generation=57 Status=PERSISTED SourceCount=1 PhysicalChanged=0 Source[0]=It_2H_Sword_Flamberge Side=RIGHT Outstanding=0 Cleanup=0 Outcome=NO_OP_NO_OUTSTANDING
CORE C1_START ElapsedMs=53553.179 Actor=PC_Hero Generation=58 Status=CANDIDATE Outstanding=0 TrackedSources=1 ReplacedGeneration=0 ReplacedOutstanding=0 Source[0]=It_2H_Sword_Flamberge Side=RIGHT Group=5
CORE C1_BIND ElapsedMs=53553.191 Event=COMBAT_MOVE_CANDIDATE_BOUND Actor=PC_Hero Generation=58 Status=CANDIDATE Outstanding=0 Source=<null> Script=_AI_PowerAttack
CORE C1_STATUS ElapsedMs=53553.255 Event=PERSISTED Actor=PC_Hero Generation=58 Status=PERSISTED Outstanding=0
CORE C1_START ElapsedMs=53570.411 Actor=Golem Generation=59 Status=CANDIDATE Outstanding=0 TrackedSources=1 ReplacedGeneration=0 ReplacedOutstanding=0 Source[0]=Fist Side=RIGHT Group=0
CORE C1_BIND ElapsedMs=53570.424 Event=COMBAT_MOVE_CANDIDATE_BOUND Actor=Golem Generation=59 Status=CANDIDATE Outstanding=0 Source=<null> Script=_AI_JumpBack
CORE C1_STATUS ElapsedMs=53570.489 Event=PERSISTED Actor=Golem Generation=59 Status=PERSISTED Outstanding=0
CORE C1_FINAL ElapsedMs=54041.178 Actor=Golem Generation=59 Status=PERSISTED SourceCount=1 PhysicalChanged=0 Source[0]=Fist Side=RIGHT Outstanding=0 Cleanup=0 Outcome=NO_OP_NO_OUTSTANDING
CORE C1_START ElapsedMs=54048.976 Actor=Golem Generation=60 Status=CANDIDATE Outstanding=0 TrackedSources=1 ReplacedGeneration=0 ReplacedOutstanding=0 Source[0]=Fist Side=RIGHT Group=0
CORE C1_BIND ElapsedMs=54048.991 Event=COMBAT_MOVE_CANDIDATE_BOUND Actor=Golem Generation=60 Status=CANDIDATE Outstanding=0 Source=<null> Script=_AI_JumpBack
CORE C1_STATUS ElapsedMs=54049.058 Event=PERSISTED Actor=Golem Generation=60 Status=PERSISTED Outstanding=0
CORE C1_BIND ElapsedMs=54049.603 Event=COMBAT_MOVE_REUSED Actor=PC_Hero Generation=58 Status=PERSISTED Outstanding=0 Source=<null> Script=_AI_PowerAttack
CORE COLLISION_GROUP ElapsedMs=54317.497 Source=It_2H_Sword_Flamberge UseType=3 Owner=PC_Hero Slot=RIGHT Requested=7 Before=5 After=7 MarkerBitsRetired=0
CORE C1 OFFENSE REQUEST ElapsedMs=54317.526 Actor=PC_Hero Generation=58 Status=PERSISTED Source=It_2H_Sword_Flamberge Side=RIGHT Requests=1 Outstanding=1 CleanupObserved=0 Group=7
CORE MARKER ElapsedMs=54317.538 Actor=PC_Hero Action=2 Family=POWER Phase=1 Motion=Hero_Stand_None_2H_P0_PowerAttack_Hit_N_Fwd_00_%_00_P1_100_R.xmot Marker=RIGHT Result=ACCEPTED C1Valid=1 C1=58 StatePosition=1 PreviousMask=0 DesiredMask=1 RetiredMask=0 OwnedMask=0 MarkerOwnedMask=1 Activated=1 Deactivated=0 Retired=0 RearmRequests=1 Clears=1 RightUseType=3
CORE C1_FINAL ElapsedMs=54521.054 Actor=Golem Generation=60 Status=PERSISTED SourceCount=1 PhysicalChanged=0 Source[0]=Fist Side=RIGHT Outstanding=0 Cleanup=0 Outcome=NO_OP_NO_OUTSTANDING
CORE COLLISION_GROUP ElapsedMs=54521.427 Source=It_2H_Sword_Flamberge UseType=3 Owner=PC_Hero Slot=RIGHT Requested=5 Before=7 After=5 MarkerBitsRetired=1
CORE C1 CLEANUP FULFILLED ElapsedMs=54521.441 Actor=PC_Hero Generation=58 Status=PERSISTED Source=It_2H_Sword_Flamberge Side=RIGHT Requests=1 Outstanding=0 CleanupObserved=1 Group=5
CORE C1_FINAL ElapsedMs=54521.458 Actor=PC_Hero Generation=58 Status=PERSISTED SourceCount=1 PhysicalChanged=0 Source[0]=It_2H_Sword_Flamberge Side=RIGHT Outstanding=0 Cleanup=1 Outcome=NO_OP_NO_OUTSTANDING
CORE C1_START ElapsedMs=55084.694 Actor=Golem Generation=61 Status=CANDIDATE Outstanding=0 TrackedSources=1 ReplacedGeneration=0 ReplacedOutstanding=0 Source[0]=Fist Side=RIGHT Group=0
CORE C1_BIND ElapsedMs=55084.706 Event=COMBAT_MOVE_CANDIDATE_BOUND Actor=Golem Generation=61 Status=CANDIDATE Outstanding=0 Source=<null> Script=_AI_Attack
CORE C1_STATUS ElapsedMs=55084.826 Event=PERSISTED Actor=Golem Generation=61 Status=PERSISTED Outstanding=0
CORE ONDAMAGE ElapsedMs=55324.054 Ordinal=17 Target=PC_Hero Arg1=Fist Arg2=Golem Caller=Game.dll+0x0016E348 PlayerAction=0 PlayerPhase=3 PlayerMotion=Hero_Stand_None_2H_P1_PowerAttack_Recover_N_Fwd_00_%_00_P1_0_R.xmot Raw8Fist=<none> Raw8UseType=-1 Raw8Group=-1
CORE C1_START ElapsedMs=55325.507 Actor=PC_Hero Generation=62 Status=CANDIDATE Outstanding=0 TrackedSources=1 ReplacedGeneration=0 ReplacedOutstanding=0 Source[0]=It_2H_Sword_Flamberge Side=RIGHT Group=5
CORE C1_BIND ElapsedMs=55325.514 Event=COMBAT_MOVE_CANDIDATE_BOUND Actor=PC_Hero Generation=62 Status=CANDIDATE Outstanding=0 Source=<null> Script=_AI_Stumble
CORE C1_STATUS ElapsedMs=55325.563 Event=PERSISTED Actor=PC_Hero Generation=62 Status=PERSISTED Outstanding=0
CORE COLLISION_GROUP ElapsedMs=55333.936 Source=Fist UseType=8 Owner=<unresolved> Slot=NONE Requested=7 Before=0 After=0 MarkerBitsRetired=0
CORE C1_FINAL ElapsedMs=55480.644 Actor=Golem Generation=61 Status=PERSISTED SourceCount=1 PhysicalChanged=0 Source[0]=Fist Side=RIGHT Outstanding=0 Cleanup=0 Outcome=NO_OP_NO_OUTSTANDING
CORE C1_FINAL ElapsedMs=55631.426 Actor=PC_Hero Generation=62 Status=PERSISTED SourceCount=1 PhysicalChanged=0 Source[0]=It_2H_Sword_Flamberge Side=RIGHT Outstanding=0 Cleanup=0 Outcome=NO_OP_NO_OUTSTANDING
CORE C1_START ElapsedMs=55647.369 Actor=PC_Hero Generation=63 Status=CANDIDATE Outstanding=0 TrackedSources=1 ReplacedGeneration=0 ReplacedOutstanding=0 Source[0]=It_2H_Sword_Flamberge Side=RIGHT Group=5
CORE C1_BIND ElapsedMs=55647.382 Event=COMBAT_MOVE_CANDIDATE_BOUND Actor=PC_Hero Generation=63 Status=CANDIDATE Outstanding=0 Source=<null> Script=_AI_PowerAttack
CORE C1_STATUS ElapsedMs=55647.448 Event=PERSISTED Actor=PC_Hero Generation=63 Status=PERSISTED Outstanding=0
CORE C1_FINAL ElapsedMs=55831.455 Actor=PC_Hero Generation=63 Status=PERSISTED SourceCount=1 PhysicalChanged=0 Source[0]=It_2H_Sword_Flamberge Side=RIGHT Outstanding=0 Cleanup=0 Outcome=NO_OP_NO_OUTSTANDING
CORE C1_START ElapsedMs=55832.597 Actor=PC_Hero Generation=64 Status=CANDIDATE Outstanding=0 TrackedSources=1 ReplacedGeneration=0 ReplacedOutstanding=0 Source[0]=It_2H_Sword_Flamberge Side=RIGHT Group=5
CORE C1_STATUS ElapsedMs=55832.664 Event=PERSISTED Actor=PC_Hero Generation=64 Status=PERSISTED Outstanding=0
CORE C1_START ElapsedMs=55857.426 Actor=Golem Generation=65 Status=CANDIDATE Outstanding=0 TrackedSources=1 ReplacedGeneration=0 ReplacedOutstanding=0 Source[0]=Fist Side=RIGHT Group=0
CORE C1_BIND ElapsedMs=55857.438 Event=COMBAT_MOVE_CANDIDATE_BOUND Actor=Golem Generation=65 Status=CANDIDATE Outstanding=0 Source=<null> Script=_AI_JumpBack
CORE C1_STATUS ElapsedMs=55857.493 Event=PERSISTED Actor=Golem Generation=65 Status=PERSISTED Outstanding=0
CORE C1_START ElapsedMs=55992.122 Actor=PC_Hero Generation=66 Status=CANDIDATE Outstanding=0 TrackedSources=1 ReplacedGeneration=64 ReplacedOutstanding=0 Source[0]=It_2H_Sword_Flamberge Side=RIGHT Group=5
CORE C1_BIND ElapsedMs=55992.134 Event=COMBAT_MOVE_CANDIDATE_BOUND Actor=PC_Hero Generation=66 Status=CANDIDATE Outstanding=0 Source=<null> Script=_AI_Attack
CORE C1_STATUS ElapsedMs=55992.204 Event=PERSISTED Actor=PC_Hero Generation=66 Status=PERSISTED Outstanding=0
CORE ATTACK_OWNERSHIP ElapsedMs=55992.221 Actor=PC_Hero Family=NORMAL Action=1 Phase=1 Motion=Hero_Stand_None_2H_P0_Attack_Hit_N_Fwd_00_%_00_P1_90_R.xmot MarkerPresent=1 RequiredMask=1 FistMarkers=0 Raw8Fist=<none> Raw8UseType=-1 SuppressNative=1 Classification=ROUTINE
CORE COLLISION_GROUP ElapsedMs=56260.302 Source=It_2H_Sword_Flamberge UseType=3 Owner=PC_Hero Slot=RIGHT Requested=7 Before=5 After=7 MarkerBitsRetired=0
CORE C1 OFFENSE REQUEST ElapsedMs=56260.347 Actor=PC_Hero Generation=66 Status=PERSISTED Source=It_2H_Sword_Flamberge Side=RIGHT Requests=1 Outstanding=1 CleanupObserved=0 Group=7
CORE MARKER ElapsedMs=56260.358 Actor=PC_Hero Action=1 Family=NORMAL Phase=1 Motion=Hero_Stand_None_2H_P0_Attack_Hit_N_Fwd_00_%_00_P1_90_R.xmot Marker=RIGHT Result=ACCEPTED C1Valid=1 C1=66 StatePosition=0 PreviousMask=0 DesiredMask=1 RetiredMask=0 OwnedMask=0 MarkerOwnedMask=1 Activated=1 Deactivated=0 Retired=0 RearmRequests=1 Clears=1 RightUseType=3
CORE ONDAMAGE ElapsedMs=56308.024 Ordinal=18 Target=Golem Arg1=Golem Arg2=Golem Caller=Game.dll+0x00069484 PlayerAction=1 PlayerPhase=1 PlayerMotion=Hero_Stand_None_2H_P0_Attack_Hit_N_Fwd_00_%_00_P1_90_R.xmot Raw8Fist=<none> Raw8UseType=-1 Raw8Group=-1
CORE C1_START ElapsedMs=56313.251 Actor=Golem Generation=67 Status=CANDIDATE Outstanding=0 TrackedSources=1 ReplacedGeneration=65 ReplacedOutstanding=0 Source[0]=Fist Side=RIGHT Group=0
CORE C1_BIND ElapsedMs=56313.276 Event=COMBAT_MOVE_CANDIDATE_BOUND Actor=Golem Generation=67 Status=CANDIDATE Outstanding=0 Source=<null> Script=_AI_Stumble
CORE C1_STATUS ElapsedMs=56313.338 Event=PERSISTED Actor=Golem Generation=67 Status=PERSISTED Outstanding=0
CORE COLLISION_GROUP ElapsedMs=56461.124 Source=It_2H_Sword_Flamberge UseType=3 Owner=PC_Hero Slot=RIGHT Requested=5 Before=7 After=5 MarkerBitsRetired=1
CORE C1 CLEANUP FULFILLED ElapsedMs=56461.154 Actor=PC_Hero Generation=66 Status=PERSISTED Source=It_2H_Sword_Flamberge Side=RIGHT Requests=1 Outstanding=0 CleanupObserved=1 Group=5
CORE C1_FINAL ElapsedMs=56461.179 Actor=PC_Hero Generation=66 Status=PERSISTED SourceCount=1 PhysicalChanged=0 Source[0]=It_2H_Sword_Flamberge Side=RIGHT Outstanding=0 Cleanup=1 Outcome=NO_OP_NO_OUTSTANDING
CORE C1_START ElapsedMs=56470.083 Actor=PC_Hero Generation=68 Status=CANDIDATE Outstanding=0 TrackedSources=1 ReplacedGeneration=0 ReplacedOutstanding=0 Source[0]=It_2H_Sword_Flamberge Side=RIGHT Group=5
CORE C1_BIND ElapsedMs=56470.096 Event=COMBAT_MOVE_CANDIDATE_BOUND Actor=PC_Hero Generation=68 Status=CANDIDATE Outstanding=0 Source=<null> Script=_AI_PowerAttack
CORE C1_STATUS ElapsedMs=56470.167 Event=PERSISTED Actor=PC_Hero Generation=68 Status=PERSISTED Outstanding=0
CORE C1_FINAL ElapsedMs=56676.522 Actor=Golem Generation=67 Status=PERSISTED SourceCount=1 PhysicalChanged=0 Source[0]=Fist Side=RIGHT Outstanding=0 Cleanup=0 Outcome=NO_OP_NO_OUTSTANDING
CORE C1_START ElapsedMs=56692.536 Actor=Golem Generation=69 Status=CANDIDATE Outstanding=0 TrackedSources=1 ReplacedGeneration=0 ReplacedOutstanding=0 Source[0]=Fist Side=RIGHT Group=0
CORE C1_BIND ElapsedMs=56692.583 Event=COMBAT_MOVE_CANDIDATE_BOUND Actor=Golem Generation=69 Status=CANDIDATE Outstanding=0 Source=<null> Script=_AI_JumpBack
CORE C1_STATUS ElapsedMs=56692.643 Event=PERSISTED Actor=Golem Generation=69 Status=PERSISTED Outstanding=0
CORE C1_FINAL ElapsedMs=56766.989 Actor=PC_Hero Generation=68 Status=PERSISTED SourceCount=1 PhysicalChanged=0 Source[0]=It_2H_Sword_Flamberge Side=RIGHT Outstanding=0 Cleanup=0 Outcome=NO_OP_NO_OUTSTANDING
CORE C1_START ElapsedMs=56767.966 Actor=PC_Hero Generation=70 Status=CANDIDATE Outstanding=0 TrackedSources=1 ReplacedGeneration=0 ReplacedOutstanding=0 Source[0]=It_2H_Sword_Flamberge Side=RIGHT Group=5
CORE C1_STATUS ElapsedMs=56768.330 Event=PERSISTED Actor=PC_Hero Generation=70 Status=PERSISTED Outstanding=0
CORE C1_START ElapsedMs=56928.197 Actor=PC_Hero Generation=71 Status=CANDIDATE Outstanding=0 TrackedSources=1 ReplacedGeneration=70 ReplacedOutstanding=0 Source[0]=It_2H_Sword_Flamberge Side=RIGHT Group=5
CORE C1_BIND ElapsedMs=56928.210 Event=COMBAT_MOVE_CANDIDATE_BOUND Actor=PC_Hero Generation=71 Status=CANDIDATE Outstanding=0 Source=<null> Script=_AI_Attack
CORE C1_STATUS ElapsedMs=56928.645 Event=PERSISTED Actor=PC_Hero Generation=71 Status=PERSISTED Outstanding=0
CORE ATTACK_OWNERSHIP ElapsedMs=56928.668 Actor=PC_Hero Family=NORMAL Action=1 Phase=1 Motion=Hero_Stand_None_2H_P1_Attack_Hit_N_Fwd_00_%_00_P0_90_L.xmot MarkerPresent=1 RequiredMask=1 FistMarkers=0 Raw8Fist=<none> Raw8UseType=-1 SuppressNative=1 Classification=ROUTINE
CORE C1_FINAL ElapsedMs=57156.964 Actor=Golem Generation=69 Status=PERSISTED SourceCount=1 PhysicalChanged=0 Source[0]=Fist Side=RIGHT Outstanding=0 Cleanup=0 Outcome=NO_OP_NO_OUTSTANDING
CORE COLLISION_GROUP ElapsedMs=57200.167 Source=It_2H_Sword_Flamberge UseType=3 Owner=PC_Hero Slot=RIGHT Requested=7 Before=5 After=7 MarkerBitsRetired=0
CORE C1 OFFENSE REQUEST ElapsedMs=57200.195 Actor=PC_Hero Generation=71 Status=PERSISTED Source=It_2H_Sword_Flamberge Side=RIGHT Requests=1 Outstanding=1 CleanupObserved=0 Group=7
CORE MARKER ElapsedMs=57200.207 Actor=PC_Hero Action=1 Family=NORMAL Phase=1 Motion=Hero_Stand_None_2H_P1_Attack_Hit_N_Fwd_00_%_00_P0_90_L.xmot Marker=RIGHT Result=ACCEPTED C1Valid=1 C1=71 StatePosition=0 PreviousMask=0 DesiredMask=1 RetiredMask=0 OwnedMask=0 MarkerOwnedMask=1 Activated=1 Deactivated=0 Retired=0 RearmRequests=1 Clears=1 RightUseType=3
CORE COLLISION_GROUP ElapsedMs=57402.593 Source=It_2H_Sword_Flamberge UseType=3 Owner=PC_Hero Slot=RIGHT Requested=5 Before=7 After=5 MarkerBitsRetired=1
CORE C1 CLEANUP FULFILLED ElapsedMs=57402.614 Actor=PC_Hero Generation=71 Status=PERSISTED Source=It_2H_Sword_Flamberge Side=RIGHT Requests=1 Outstanding=0 CleanupObserved=1 Group=5
CORE C1_FINAL ElapsedMs=57402.636 Actor=PC_Hero Generation=71 Status=PERSISTED SourceCount=1 PhysicalChanged=0 Source[0]=It_2H_Sword_Flamberge Side=RIGHT Outstanding=0 Cleanup=1 Outcome=NO_OP_NO_OUTSTANDING
CORE C1_START ElapsedMs=57410.527 Actor=PC_Hero Generation=72 Status=CANDIDATE Outstanding=0 TrackedSources=1 ReplacedGeneration=0 ReplacedOutstanding=0 Source[0]=It_2H_Sword_Flamberge Side=RIGHT Group=5
CORE C1_BIND ElapsedMs=57410.539 Event=COMBAT_MOVE_CANDIDATE_BOUND Actor=PC_Hero Generation=72 Status=CANDIDATE Outstanding=0 Source=<null> Script=_AI_PowerAttack
CORE C1_STATUS ElapsedMs=57410.603 Event=PERSISTED Actor=PC_Hero Generation=72 Status=PERSISTED Outstanding=0
CORE C1_BIND ElapsedMs=57898.841 Event=COMBAT_MOVE_REUSED Actor=PC_Hero Generation=72 Status=PERSISTED Outstanding=0 Source=<null> Script=_AI_PowerAttack
CORE ATTACK_OWNERSHIP ElapsedMs=57898.926 Actor=PC_Hero Family=POWER Action=2 Phase=1 Motion=Hero_Stand_None_2H_P0_PowerAttack_Hit_N_Fwd_00_%_00_P1_100_R.xmot MarkerPresent=1 RequiredMask=1 FistMarkers=0 Raw8Fist=<none> Raw8UseType=-1 SuppressNative=1 Classification=ROUTINE
CORE C1_START ElapsedMs=58039.062 Actor=Golem Generation=73 Status=CANDIDATE Outstanding=0 TrackedSources=1 ReplacedGeneration=0 ReplacedOutstanding=0 Source[0]=Fist Side=RIGHT Group=0
CORE C1_BIND ElapsedMs=58039.073 Event=COMBAT_MOVE_CANDIDATE_BOUND Actor=Golem Generation=73 Status=CANDIDATE Outstanding=0 Source=<null> Script=_AI_Attack
CORE C1_STATUS ElapsedMs=58039.128 Event=PERSISTED Actor=Golem Generation=73 Status=PERSISTED Outstanding=0
CORE COLLISION_GROUP ElapsedMs=58163.391 Source=It_2H_Sword_Flamberge UseType=3 Owner=PC_Hero Slot=RIGHT Requested=7 Before=5 After=7 MarkerBitsRetired=0
CORE C1 OFFENSE REQUEST ElapsedMs=58163.418 Actor=PC_Hero Generation=72 Status=PERSISTED Source=It_2H_Sword_Flamberge Side=RIGHT Requests=1 Outstanding=1 CleanupObserved=0 Group=7
CORE MARKER ElapsedMs=58163.430 Actor=PC_Hero Action=2 Family=POWER Phase=1 Motion=Hero_Stand_None_2H_P0_PowerAttack_Hit_N_Fwd_00_%_00_P1_100_R.xmot Marker=RIGHT Result=ACCEPTED C1Valid=1 C1=72 StatePosition=1 PreviousMask=0 DesiredMask=1 RetiredMask=0 OwnedMask=0 MarkerOwnedMask=1 Activated=1 Deactivated=0 Retired=0 RearmRequests=1 Clears=1 RightUseType=3
CORE ONDAMAGE ElapsedMs=58174.737 Ordinal=19 Target=Golem Arg1=Golem Arg2=Golem Caller=Game.dll+0x00069484 PlayerAction=2 PlayerPhase=1 PlayerMotion=Hero_Stand_None_2H_P0_PowerAttack_Hit_N_Fwd_00_%_00_P1_100_R.xmot Raw8Fist=<none> Raw8UseType=-1 Raw8Group=-1
CORE C1_START ElapsedMs=58179.952 Actor=Golem Generation=74 Status=CANDIDATE Outstanding=0 TrackedSources=1 ReplacedGeneration=73 ReplacedOutstanding=0 Source[0]=Fist Side=RIGHT Group=0
CORE C1_BIND ElapsedMs=58179.963 Event=COMBAT_MOVE_CANDIDATE_BOUND Actor=Golem Generation=74 Status=CANDIDATE Outstanding=0 Source=<null> Script=_AI_Stumble
CORE C1_STATUS ElapsedMs=58180.025 Event=PERSISTED Actor=Golem Generation=74 Status=PERSISTED Outstanding=0
CORE COLLISION_GROUP ElapsedMs=58365.150 Source=It_2H_Sword_Flamberge UseType=3 Owner=PC_Hero Slot=RIGHT Requested=5 Before=7 After=5 MarkerBitsRetired=1
CORE C1 CLEANUP FULFILLED ElapsedMs=58365.180 Actor=PC_Hero Generation=72 Status=PERSISTED Source=It_2H_Sword_Flamberge Side=RIGHT Requests=1 Outstanding=0 CleanupObserved=1 Group=5
CORE C1_FINAL ElapsedMs=58365.200 Actor=PC_Hero Generation=72 Status=PERSISTED SourceCount=1 PhysicalChanged=0 Source[0]=It_2H_Sword_Flamberge Side=RIGHT Outstanding=0 Cleanup=1 Outcome=NO_OP_NO_OUTSTANDING
CORE C1_FINAL ElapsedMs=58547.592 Actor=Golem Generation=74 Status=PERSISTED SourceCount=1 PhysicalChanged=0 Source[0]=Fist Side=RIGHT Outstanding=0 Cleanup=0 Outcome=NO_OP_NO_OUTSTANDING
CORE C1_START ElapsedMs=58994.398 Actor=Golem Generation=75 Status=CANDIDATE Outstanding=0 TrackedSources=1 ReplacedGeneration=0 ReplacedOutstanding=0 Source[0]=Fist Side=RIGHT Group=0
CORE C1_BIND ElapsedMs=58994.411 Event=COMBAT_MOVE_CANDIDATE_BOUND Actor=Golem Generation=75 Status=CANDIDATE Outstanding=0 Source=<null> Script=_AI_Attack
CORE C1_STATUS ElapsedMs=58994.511 Event=PERSISTED Actor=Golem Generation=75 Status=PERSISTED Outstanding=0
CORE ONDAMAGE ElapsedMs=59233.477 Ordinal=20 Target=PC_Hero Arg1=Fist Arg2=Golem Caller=Game.dll+0x0016E348 PlayerAction=0 PlayerPhase=3 PlayerMotion=Hero_Stand_None_2H_P1_PowerAttack_Recover_N_Fwd_00_%_00_P1_0_R.xmot Raw8Fist=<none> Raw8UseType=-1 Raw8Group=-1
CORE C1_START ElapsedMs=59235.014 Actor=PC_Hero Generation=76 Status=CANDIDATE Outstanding=0 TrackedSources=1 ReplacedGeneration=0 ReplacedOutstanding=0 Source[0]=It_2H_Sword_Flamberge Side=RIGHT Group=5
CORE C1_BIND ElapsedMs=59235.022 Event=COMBAT_MOVE_CANDIDATE_BOUND Actor=PC_Hero Generation=76 Status=CANDIDATE Outstanding=0 Source=<null> Script=_AI_Stumble
CORE C1_STATUS ElapsedMs=59235.070 Event=PERSISTED Actor=PC_Hero Generation=76 Status=PERSISTED Outstanding=0
CORE COLLISION_GROUP ElapsedMs=59242.808 Source=Fist UseType=8 Owner=<unresolved> Slot=NONE Requested=7 Before=0 After=0 MarkerBitsRetired=0
CORE C1_FINAL ElapsedMs=59388.400 Actor=Golem Generation=75 Status=PERSISTED SourceCount=1 PhysicalChanged=0 Source[0]=Fist Side=RIGHT Outstanding=0 Cleanup=0 Outcome=NO_OP_NO_OUTSTANDING
CORE C1_FINAL ElapsedMs=59539.823 Actor=PC_Hero Generation=76 Status=PERSISTED SourceCount=1 PhysicalChanged=0 Source[0]=It_2H_Sword_Flamberge Side=RIGHT Outstanding=0 Cleanup=0 Outcome=NO_OP_NO_OUTSTANDING
CORE C1_START ElapsedMs=59556.090 Actor=PC_Hero Generation=77 Status=CANDIDATE Outstanding=0 TrackedSources=1 ReplacedGeneration=0 ReplacedOutstanding=0 Source[0]=It_2H_Sword_Flamberge Side=RIGHT Group=5
CORE C1_BIND ElapsedMs=59556.103 Event=COMBAT_MOVE_CANDIDATE_BOUND Actor=PC_Hero Generation=77 Status=CANDIDATE Outstanding=0 Source=<null> Script=_AI_PowerAttack
CORE C1_STATUS ElapsedMs=59556.168 Event=PERSISTED Actor=PC_Hero Generation=77 Status=PERSISTED Outstanding=0
CORE C1_START ElapsedMs=59765.180 Actor=Golem Generation=78 Status=CANDIDATE Outstanding=0 TrackedSources=1 ReplacedGeneration=0 ReplacedOutstanding=0 Source[0]=Fist Side=RIGHT Group=0
CORE C1_BIND ElapsedMs=59765.192 Event=COMBAT_MOVE_CANDIDATE_BOUND Actor=Golem Generation=78 Status=CANDIDATE Outstanding=0 Source=<null> Script=_AI_JumpBack
CORE C1_STATUS ElapsedMs=59765.249 Event=PERSISTED Actor=Golem Generation=78 Status=PERSISTED Outstanding=0
CORE C1_BIND ElapsedMs=60060.761 Event=COMBAT_MOVE_REUSED Actor=PC_Hero Generation=77 Status=PERSISTED Outstanding=0 Source=<null> Script=_AI_PowerAttack
CORE C1_FINAL ElapsedMs=60237.001 Actor=Golem Generation=78 Status=PERSISTED SourceCount=1 PhysicalChanged=0 Source[0]=Fist Side=RIGHT Outstanding=0 Cleanup=0 Outcome=NO_OP_NO_OUTSTANDING
CORE COLLISION_GROUP ElapsedMs=60330.771 Source=It_2H_Sword_Flamberge UseType=3 Owner=PC_Hero Slot=RIGHT Requested=7 Before=5 After=7 MarkerBitsRetired=0
CORE C1 OFFENSE REQUEST ElapsedMs=60330.799 Actor=PC_Hero Generation=77 Status=PERSISTED Source=It_2H_Sword_Flamberge Side=RIGHT Requests=1 Outstanding=1 CleanupObserved=0 Group=7
CORE MARKER ElapsedMs=60330.812 Actor=PC_Hero Action=2 Family=POWER Phase=1 Motion=Hero_Stand_None_2H_P0_PowerAttack_Hit_N_Fwd_00_%_00_P1_100_R.xmot Marker=RIGHT Result=ACCEPTED C1Valid=1 C1=77 StatePosition=1 PreviousMask=0 DesiredMask=1 RetiredMask=0 OwnedMask=0 MarkerOwnedMask=1 Activated=1 Deactivated=0 Retired=0 RearmRequests=1 Clears=1 RightUseType=3
CORE ONDAMAGE ElapsedMs=60379.604 Ordinal=21 Target=Golem Arg1=Golem Arg2=Golem Caller=Game.dll+0x00069484 PlayerAction=2 PlayerPhase=1 PlayerMotion=Hero_Stand_None_2H_P0_PowerAttack_Hit_N_Fwd_00_%_00_P1_100_R.xmot Raw8Fist=<none> Raw8UseType=-1 Raw8Group=-1
CORE C1_START ElapsedMs=60384.762 Actor=Golem Generation=79 Status=CANDIDATE Outstanding=0 TrackedSources=1 ReplacedGeneration=0 ReplacedOutstanding=0 Source[0]=Fist Side=RIGHT Group=0
CORE C1_BIND ElapsedMs=60384.774 Event=COMBAT_MOVE_CANDIDATE_BOUND Actor=Golem Generation=79 Status=CANDIDATE Outstanding=0 Source=<null> Script=_AI_Stumble
CORE C1_STATUS ElapsedMs=60384.834 Event=PERSISTED Actor=Golem Generation=79 Status=PERSISTED Outstanding=0
CORE COLLISION_GROUP ElapsedMs=60530.115 Source=It_2H_Sword_Flamberge UseType=3 Owner=PC_Hero Slot=RIGHT Requested=5 Before=7 After=5 MarkerBitsRetired=1
CORE C1 CLEANUP FULFILLED ElapsedMs=60530.143 Actor=PC_Hero Generation=77 Status=PERSISTED Source=It_2H_Sword_Flamberge Side=RIGHT Requests=1 Outstanding=0 CleanupObserved=1 Group=5
CORE C1_FINAL ElapsedMs=60530.167 Actor=PC_Hero Generation=77 Status=PERSISTED SourceCount=1 PhysicalChanged=0 Source[0]=It_2H_Sword_Flamberge Side=RIGHT Outstanding=0 Cleanup=1 Outcome=NO_OP_NO_OUTSTANDING
CORE C1_FINAL ElapsedMs=60749.120 Actor=Golem Generation=79 Status=PERSISTED SourceCount=1 PhysicalChanged=0 Source[0]=Fist Side=RIGHT Outstanding=0 Cleanup=0 Outcome=NO_OP_NO_OUTSTANDING
CORE C1_START ElapsedMs=61236.810 Actor=PC_Hero Generation=80 Status=CANDIDATE Outstanding=0 TrackedSources=1 ReplacedGeneration=0 ReplacedOutstanding=0 Source[0]=It_2H_Sword_Flamberge Side=RIGHT Group=5
CORE C1_BIND ElapsedMs=61236.823 Event=COMBAT_MOVE_CANDIDATE_BOUND Actor=PC_Hero Generation=80 Status=CANDIDATE Outstanding=0 Source=<null> Script=_AI_PowerAttack
CORE C1_STATUS ElapsedMs=61236.895 Event=PERSISTED Actor=PC_Hero Generation=80 Status=PERSISTED Outstanding=0
CORE C1_START ElapsedMs=61408.099 Actor=Golem Generation=81 Status=CANDIDATE Outstanding=0 TrackedSources=1 ReplacedGeneration=0 ReplacedOutstanding=0 Source[0]=Fist Side=RIGHT Group=0
CORE C1_BIND ElapsedMs=61408.115 Event=COMBAT_MOVE_CANDIDATE_BOUND Actor=Golem Generation=81 Status=CANDIDATE Outstanding=0 Source=<null> Script=_AI_Attack
CORE C1_STATUS ElapsedMs=61408.169 Event=PERSISTED Actor=Golem Generation=81 Status=PERSISTED Outstanding=0
CORE ONDAMAGE ElapsedMs=61643.773 Ordinal=22 Target=PC_Hero Arg1=Fist Arg2=Golem Caller=Game.dll+0x0016E348 PlayerAction=2 PlayerPhase=0 PlayerMotion=Hero_Stand_None_2H_P1_PowerAttack_Raise_N_Fwd_00_%_00_P1_0_R.xmot Raw8Fist=<none> Raw8UseType=-1 Raw8Group=-1
CORE C1_START ElapsedMs=61645.423 Actor=PC_Hero Generation=82 Status=CANDIDATE Outstanding=0 TrackedSources=1 ReplacedGeneration=80 ReplacedOutstanding=0 Source[0]=It_2H_Sword_Flamberge Side=RIGHT Group=5
CORE C1_BIND ElapsedMs=61645.444 Event=COMBAT_MOVE_CANDIDATE_BOUND Actor=PC_Hero Generation=82 Status=CANDIDATE Outstanding=0 Source=<null> Script=_AI_Stumble
CORE C1_STATUS ElapsedMs=61645.527 Event=PERSISTED Actor=PC_Hero Generation=82 Status=PERSISTED Outstanding=0
CORE COLLISION_GROUP ElapsedMs=61653.534 Source=Fist UseType=8 Owner=<unresolved> Slot=NONE Requested=7 Before=0 After=0 MarkerBitsRetired=0
CORE C1_FINAL ElapsedMs=61795.959 Actor=Golem Generation=81 Status=PERSISTED SourceCount=1 PhysicalChanged=0 Source[0]=Fist Side=RIGHT Outstanding=0 Cleanup=0 Outcome=NO_OP_NO_OUTSTANDING
CORE C1_FINAL ElapsedMs=61950.989 Actor=PC_Hero Generation=82 Status=PERSISTED SourceCount=1 PhysicalChanged=0 Source[0]=It_2H_Sword_Flamberge Side=RIGHT Outstanding=0 Cleanup=0 Outcome=NO_OP_NO_OUTSTANDING
CORE C1_START ElapsedMs=62316.705 Actor=PC_Hero Generation=83 Status=CANDIDATE Outstanding=0 TrackedSources=1 ReplacedGeneration=0 ReplacedOutstanding=0 Source[0]=It_2H_Sword_Flamberge Side=RIGHT Group=5
CORE C1_BIND ElapsedMs=62316.718 Event=COMBAT_MOVE_CANDIDATE_BOUND Actor=PC_Hero Generation=83 Status=CANDIDATE Outstanding=0 Source=<null> Script=_AI_PowerAttack
CORE C1_STATUS ElapsedMs=62316.780 Event=PERSISTED Actor=PC_Hero Generation=83 Status=PERSISTED Outstanding=0
CORE C1_START ElapsedMs=62333.638 Actor=Golem Generation=84 Status=CANDIDATE Outstanding=0 TrackedSources=1 ReplacedGeneration=0 ReplacedOutstanding=0 Source[0]=Fist Side=RIGHT Group=0
CORE C1_BIND ElapsedMs=62333.651 Event=COMBAT_MOVE_CANDIDATE_BOUND Actor=Golem Generation=84 Status=CANDIDATE Outstanding=0 Source=<null> Script=_AI_JumpBack
CORE C1_STATUS ElapsedMs=62333.715 Event=PERSISTED Actor=Golem Generation=84 Status=PERSISTED Outstanding=0
CORE C1_FINAL ElapsedMs=62801.731 Actor=Golem Generation=84 Status=PERSISTED SourceCount=1 PhysicalChanged=0 Source[0]=Fist Side=RIGHT Outstanding=0 Cleanup=0 Outcome=NO_OP_NO_OUTSTANDING
CORE C1_START ElapsedMs=62810.719 Actor=Golem Generation=85 Status=CANDIDATE Outstanding=0 TrackedSources=1 ReplacedGeneration=0 ReplacedOutstanding=0 Source[0]=Fist Side=RIGHT Group=0
CORE C1_BIND ElapsedMs=62810.732 Event=COMBAT_MOVE_CANDIDATE_BOUND Actor=Golem Generation=85 Status=CANDIDATE Outstanding=0 Source=<null> Script=_AI_JumpBack
CORE C1_STATUS ElapsedMs=62810.795 Event=PERSISTED Actor=Golem Generation=85 Status=PERSISTED Outstanding=0
CORE C1_BIND ElapsedMs=62820.103 Event=COMBAT_MOVE_REUSED Actor=PC_Hero Generation=83 Status=PERSISTED Outstanding=0 Source=<null> Script=_AI_PowerAttack
CORE COLLISION_GROUP ElapsedMs=63089.216 Source=It_2H_Sword_Flamberge UseType=3 Owner=PC_Hero Slot=RIGHT Requested=7 Before=5 After=7 MarkerBitsRetired=0
CORE C1 OFFENSE REQUEST ElapsedMs=63089.244 Actor=PC_Hero Generation=83 Status=PERSISTED Source=It_2H_Sword_Flamberge Side=RIGHT Requests=1 Outstanding=1 CleanupObserved=0 Group=7
CORE MARKER ElapsedMs=63089.309 Actor=PC_Hero Action=2 Family=POWER Phase=1 Motion=Hero_Stand_None_2H_P0_PowerAttack_Hit_N_Fwd_00_%_00_P1_100_R.xmot Marker=RIGHT Result=ACCEPTED C1Valid=1 C1=83 StatePosition=1 PreviousMask=0 DesiredMask=1 RetiredMask=0 OwnedMask=0 MarkerOwnedMask=1 Activated=1 Deactivated=0 Retired=0 RearmRequests=1 Clears=1 RightUseType=3
CORE C1_FINAL ElapsedMs=63276.634 Actor=Golem Generation=85 Status=PERSISTED SourceCount=1 PhysicalChanged=0 Source[0]=Fist Side=RIGHT Outstanding=0 Cleanup=0 Outcome=NO_OP_NO_OUTSTANDING
CORE COLLISION_GROUP ElapsedMs=63285.464 Source=It_2H_Sword_Flamberge UseType=3 Owner=PC_Hero Slot=RIGHT Requested=5 Before=7 After=5 MarkerBitsRetired=1
CORE C1 CLEANUP FULFILLED ElapsedMs=63285.493 Actor=PC_Hero Generation=83 Status=PERSISTED Source=It_2H_Sword_Flamberge Side=RIGHT Requests=1 Outstanding=0 CleanupObserved=1 Group=5
CORE C1_FINAL ElapsedMs=63285.514 Actor=PC_Hero Generation=83 Status=PERSISTED SourceCount=1 PhysicalChanged=0 Source[0]=It_2H_Sword_Flamberge Side=RIGHT Outstanding=0 Cleanup=1 Outcome=NO_OP_NO_OUTSTANDING
CORE C1_START ElapsedMs=63871.721 Actor=Golem Generation=86 Status=CANDIDATE Outstanding=0 TrackedSources=1 ReplacedGeneration=0 ReplacedOutstanding=0 Source[0]=Fist Side=RIGHT Group=0
CORE C1_BIND ElapsedMs=63871.732 Event=COMBAT_MOVE_CANDIDATE_BOUND Actor=Golem Generation=86 Status=CANDIDATE Outstanding=0 Source=<null> Script=_AI_Attack
CORE C1_STATUS ElapsedMs=63871.788 Event=PERSISTED Actor=Golem Generation=86 Status=PERSISTED Outstanding=0
CORE C1_START ElapsedMs=63922.302 Actor=PC_Hero Generation=87 Status=CANDIDATE Outstanding=0 TrackedSources=1 ReplacedGeneration=0 ReplacedOutstanding=0 Source[0]=It_2H_Sword_Flamberge Side=RIGHT Group=5
CORE C1_BIND ElapsedMs=63922.314 Event=COMBAT_MOVE_CANDIDATE_BOUND Actor=PC_Hero Generation=87 Status=CANDIDATE Outstanding=0 Source=<null> Script=_AI_PowerAttack
CORE C1_STATUS ElapsedMs=63922.379 Event=PERSISTED Actor=PC_Hero Generation=87 Status=PERSISTED Outstanding=0
CORE ONDAMAGE ElapsedMs=64109.624 Ordinal=23 Target=PC_Hero Arg1=Fist Arg2=Golem Caller=Game.dll+0x0016E348 PlayerAction=2 PlayerPhase=0 PlayerMotion=Hero_Stand_None_2H_P1_PowerAttack_Raise_N_Fwd_00_%_00_P1_0_R.xmot Raw8Fist=<none> Raw8UseType=-1 Raw8Group=-1
CORE C1_START ElapsedMs=64111.122 Actor=PC_Hero Generation=88 Status=CANDIDATE Outstanding=0 TrackedSources=1 ReplacedGeneration=87 ReplacedOutstanding=0 Source[0]=It_2H_Sword_Flamberge Side=RIGHT Group=5
CORE C1_BIND ElapsedMs=64111.130 Event=COMBAT_MOVE_CANDIDATE_BOUND Actor=PC_Hero Generation=88 Status=CANDIDATE Outstanding=0 Source=<null> Script=_AI_Stumble
CORE C1_STATUS ElapsedMs=64111.180 Event=PERSISTED Actor=PC_Hero Generation=88 Status=PERSISTED Outstanding=0
CORE COLLISION_GROUP ElapsedMs=64119.211 Source=Fist UseType=8 Owner=<unresolved> Slot=NONE Requested=7 Before=0 After=0 MarkerBitsRetired=0
CORE C1_FINAL ElapsedMs=64270.655 Actor=Golem Generation=86 Status=PERSISTED SourceCount=1 PhysicalChanged=0 Source[0]=Fist Side=RIGHT Outstanding=0 Cleanup=0 Outcome=NO_OP_NO_OUTSTANDING
CORE C1_FINAL ElapsedMs=64411.737 Actor=PC_Hero Generation=88 Status=PERSISTED SourceCount=1 PhysicalChanged=0 Source[0]=It_2H_Sword_Flamberge Side=RIGHT Outstanding=0 Cleanup=0 Outcome=NO_OP_NO_OUTSTANDING
CORE C1_START ElapsedMs=64819.869 Actor=PC_Hero Generation=89 Status=CANDIDATE Outstanding=0 TrackedSources=1 ReplacedGeneration=0 ReplacedOutstanding=0 Source[0]=It_2H_Sword_Flamberge Side=RIGHT Group=5
CORE C1_BIND ElapsedMs=64819.883 Event=COMBAT_MOVE_CANDIDATE_BOUND Actor=PC_Hero Generation=89 Status=CANDIDATE Outstanding=0 Source=<null> Script=_AI_PowerAttack
CORE C1_STATUS ElapsedMs=64819.948 Event=PERSISTED Actor=PC_Hero Generation=89 Status=PERSISTED Outstanding=0
CORE C1_START ElapsedMs=64836.918 Actor=Golem Generation=90 Status=CANDIDATE Outstanding=0 TrackedSources=1 ReplacedGeneration=0 ReplacedOutstanding=0 Source[0]=Fist Side=RIGHT Group=0
CORE C1_BIND ElapsedMs=64836.931 Event=COMBAT_MOVE_CANDIDATE_BOUND Actor=Golem Generation=90 Status=CANDIDATE Outstanding=0 Source=<null> Script=_AI_JumpBack
CORE C1_STATUS ElapsedMs=64837.018 Event=PERSISTED Actor=Golem Generation=90 Status=PERSISTED Outstanding=0
CORE C1_FINAL ElapsedMs=65309.843 Actor=Golem Generation=90 Status=PERSISTED SourceCount=1 PhysicalChanged=0 Source[0]=Fist Side=RIGHT Outstanding=0 Cleanup=0 Outcome=NO_OP_NO_OUTSTANDING
CORE C1_START ElapsedMs=65317.857 Actor=Golem Generation=91 Status=CANDIDATE Outstanding=0 TrackedSources=1 ReplacedGeneration=0 ReplacedOutstanding=0 Source[0]=Fist Side=RIGHT Group=0
CORE C1_BIND ElapsedMs=65317.869 Event=COMBAT_MOVE_CANDIDATE_BOUND Actor=Golem Generation=91 Status=CANDIDATE Outstanding=0 Source=<null> Script=_AI_JumpBack
CORE C1_STATUS ElapsedMs=65317.931 Event=PERSISTED Actor=Golem Generation=91 Status=PERSISTED Outstanding=0
CORE C1_BIND ElapsedMs=65318.523 Event=COMBAT_MOVE_REUSED Actor=PC_Hero Generation=89 Status=PERSISTED Outstanding=0 Source=<null> Script=_AI_PowerAttack
CORE COLLISION_GROUP ElapsedMs=65586.457 Source=It_2H_Sword_Flamberge UseType=3 Owner=PC_Hero Slot=RIGHT Requested=7 Before=5 After=7 MarkerBitsRetired=0
CORE C1 OFFENSE REQUEST ElapsedMs=65586.486 Actor=PC_Hero Generation=89 Status=PERSISTED Source=It_2H_Sword_Flamberge Side=RIGHT Requests=1 Outstanding=1 CleanupObserved=0 Group=7
CORE MARKER ElapsedMs=65586.499 Actor=PC_Hero Action=2 Family=POWER Phase=1 Motion=Hero_Stand_None_2H_P0_PowerAttack_Hit_N_Fwd_00_%_00_P1_100_R.xmot Marker=RIGHT Result=ACCEPTED C1Valid=1 C1=89 StatePosition=1 PreviousMask=0 DesiredMask=1 RetiredMask=0 OwnedMask=0 MarkerOwnedMask=1 Activated=1 Deactivated=0 Retired=0 RearmRequests=1 Clears=1 RightUseType=3
CORE C1_FINAL ElapsedMs=65797.321 Actor=Golem Generation=91 Status=PERSISTED SourceCount=1 PhysicalChanged=0 Source[0]=Fist Side=RIGHT Outstanding=0 Cleanup=0 Outcome=NO_OP_NO_OUTSTANDING
CORE COLLISION_GROUP ElapsedMs=65797.736 Source=It_2H_Sword_Flamberge UseType=3 Owner=PC_Hero Slot=RIGHT Requested=5 Before=7 After=5 MarkerBitsRetired=1
CORE C1 CLEANUP FULFILLED ElapsedMs=65797.750 Actor=PC_Hero Generation=89 Status=PERSISTED Source=It_2H_Sword_Flamberge Side=RIGHT Requests=1 Outstanding=0 CleanupObserved=1 Group=5
CORE C1_FINAL ElapsedMs=65797.768 Actor=PC_Hero Generation=89 Status=PERSISTED SourceCount=1 PhysicalChanged=0 Source[0]=It_2H_Sword_Flamberge Side=RIGHT Outstanding=0 Cleanup=1 Outcome=NO_OP_NO_OUTSTANDING
CORE C1_START ElapsedMs=66254.607 Actor=PC_Hero Generation=92 Status=CANDIDATE Outstanding=0 TrackedSources=1 ReplacedGeneration=0 ReplacedOutstanding=0 Source[0]=It_2H_Sword_Flamberge Side=RIGHT Group=5
CORE C1_BIND ElapsedMs=66254.621 Event=COMBAT_MOVE_CANDIDATE_BOUND Actor=PC_Hero Generation=92 Status=CANDIDATE Outstanding=0 Source=<null> Script=_AI_PowerAttack
CORE C1_STATUS ElapsedMs=66254.714 Event=PERSISTED Actor=PC_Hero Generation=92 Status=PERSISTED Outstanding=0
CORE C1_START ElapsedMs=66365.273 Actor=Golem Generation=93 Status=CANDIDATE Outstanding=0 TrackedSources=1 ReplacedGeneration=0 ReplacedOutstanding=0 Source[0]=Fist Side=RIGHT Group=0
CORE C1_BIND ElapsedMs=66365.377 Event=COMBAT_MOVE_CANDIDATE_BOUND Actor=Golem Generation=93 Status=CANDIDATE Outstanding=0 Source=<null> Script=_AI_Attack
CORE C1_STATUS ElapsedMs=66365.478 Event=PERSISTED Actor=Golem Generation=93 Status=PERSISTED Outstanding=0
CORE ONDAMAGE ElapsedMs=66603.921 Ordinal=24 Target=PC_Hero Arg1=Fist Arg2=Golem Caller=Game.dll+0x0016E348 PlayerAction=2 PlayerPhase=0 PlayerMotion=Hero_Stand_None_2H_P1_PowerAttack_Raise_N_Fwd_00_%_00_P1_0_R.xmot Raw8Fist=<none> Raw8UseType=-1 Raw8Group=-1
CORE C1_START ElapsedMs=66605.442 Actor=PC_Hero Generation=94 Status=CANDIDATE Outstanding=0 TrackedSources=1 ReplacedGeneration=92 ReplacedOutstanding=0 Source[0]=It_2H_Sword_Flamberge Side=RIGHT Group=5
CORE C1_BIND ElapsedMs=66605.450 Event=COMBAT_MOVE_CANDIDATE_BOUND Actor=PC_Hero Generation=94 Status=CANDIDATE Outstanding=0 Source=<null> Script=_AI_Stumble
CORE C1_STATUS ElapsedMs=66605.501 Event=PERSISTED Actor=PC_Hero Generation=94 Status=PERSISTED Outstanding=0
CORE COLLISION_GROUP ElapsedMs=66613.514 Source=Fist UseType=8 Owner=<unresolved> Slot=NONE Requested=7 Before=0 After=0 MarkerBitsRetired=0
CORE C1_FINAL ElapsedMs=66752.671 Actor=Golem Generation=93 Status=PERSISTED SourceCount=1 PhysicalChanged=0 Source[0]=Fist Side=RIGHT Outstanding=0 Cleanup=0 Outcome=NO_OP_NO_OUTSTANDING
CORE C1_FINAL ElapsedMs=66909.382 Actor=PC_Hero Generation=94 Status=PERSISTED SourceCount=1 PhysicalChanged=0 Source[0]=It_2H_Sword_Flamberge Side=RIGHT Outstanding=0 Cleanup=0 Outcome=NO_OP_NO_OUTSTANDING
CORE C1_START ElapsedMs=67284.586 Actor=PC_Hero Generation=95 Status=CANDIDATE Outstanding=0 TrackedSources=1 ReplacedGeneration=0 ReplacedOutstanding=0 Source[0]=It_2H_Sword_Flamberge Side=RIGHT Group=5
CORE C1_BIND ElapsedMs=67284.598 Event=COMBAT_MOVE_CANDIDATE_BOUND Actor=PC_Hero Generation=95 Status=CANDIDATE Outstanding=0 Source=<null> Script=_AI_PowerAttack
CORE C1_STATUS ElapsedMs=67284.664 Event=PERSISTED Actor=PC_Hero Generation=95 Status=PERSISTED Outstanding=0
CORE C1_START ElapsedMs=67300.919 Actor=Golem Generation=96 Status=CANDIDATE Outstanding=0 TrackedSources=1 ReplacedGeneration=0 ReplacedOutstanding=0 Source[0]=Fist Side=RIGHT Group=0
CORE C1_BIND ElapsedMs=67300.931 Event=COMBAT_MOVE_CANDIDATE_BOUND Actor=Golem Generation=96 Status=CANDIDATE Outstanding=0 Source=<null> Script=_AI_JumpBack
CORE C1_STATUS ElapsedMs=67300.993 Event=PERSISTED Actor=Golem Generation=96 Status=PERSISTED Outstanding=0
CORE C1_FINAL ElapsedMs=67764.904 Actor=Golem Generation=96 Status=PERSISTED SourceCount=1 PhysicalChanged=0 Source[0]=Fist Side=RIGHT Outstanding=0 Cleanup=0 Outcome=NO_OP_NO_OUTSTANDING
CORE C1_START ElapsedMs=67773.167 Actor=Golem Generation=97 Status=CANDIDATE Outstanding=0 TrackedSources=1 ReplacedGeneration=0 ReplacedOutstanding=0 Source[0]=Fist Side=RIGHT Group=0
CORE C1_BIND ElapsedMs=67773.179 Event=COMBAT_MOVE_CANDIDATE_BOUND Actor=Golem Generation=97 Status=CANDIDATE Outstanding=0 Source=<null> Script=_AI_JumpBack
CORE C1_STATUS ElapsedMs=67773.244 Event=PERSISTED Actor=Golem Generation=97 Status=PERSISTED Outstanding=0
CORE C1_BIND ElapsedMs=67773.818 Event=COMBAT_MOVE_REUSED Actor=PC_Hero Generation=95 Status=PERSISTED Outstanding=0 Source=<null> Script=_AI_PowerAttack
CORE COLLISION_GROUP ElapsedMs=68041.741 Source=It_2H_Sword_Flamberge UseType=3 Owner=PC_Hero Slot=RIGHT Requested=7 Before=5 After=7 MarkerBitsRetired=0
CORE C1 OFFENSE REQUEST ElapsedMs=68041.773 Actor=PC_Hero Generation=95 Status=PERSISTED Source=It_2H_Sword_Flamberge Side=RIGHT Requests=1 Outstanding=1 CleanupObserved=0 Group=7
CORE MARKER ElapsedMs=68041.785 Actor=PC_Hero Action=2 Family=POWER Phase=1 Motion=Hero_Stand_None_2H_P0_PowerAttack_Hit_N_Fwd_00_%_00_P1_100_R.xmot Marker=RIGHT Result=ACCEPTED C1Valid=1 C1=95 StatePosition=1 PreviousMask=0 DesiredMask=1 RetiredMask=0 OwnedMask=0 MarkerOwnedMask=1 Activated=1 Deactivated=0 Retired=0 RearmRequests=1 Clears=1 RightUseType=3
CORE C1_FINAL ElapsedMs=68241.216 Actor=Golem Generation=97 Status=PERSISTED SourceCount=1 PhysicalChanged=0 Source[0]=Fist Side=RIGHT Outstanding=0 Cleanup=0 Outcome=NO_OP_NO_OUTSTANDING
CORE COLLISION_GROUP ElapsedMs=68241.566 Source=It_2H_Sword_Flamberge UseType=3 Owner=PC_Hero Slot=RIGHT Requested=5 Before=7 After=5 MarkerBitsRetired=1
CORE C1 CLEANUP FULFILLED ElapsedMs=68241.580 Actor=PC_Hero Generation=95 Status=PERSISTED Source=It_2H_Sword_Flamberge Side=RIGHT Requests=1 Outstanding=0 CleanupObserved=1 Group=5
CORE C1_FINAL ElapsedMs=68241.600 Actor=PC_Hero Generation=95 Status=PERSISTED SourceCount=1 PhysicalChanged=0 Source[0]=It_2H_Sword_Flamberge Side=RIGHT Outstanding=0 Cleanup=1 Outcome=NO_OP_NO_OUTSTANDING
CORE C1_START ElapsedMs=68705.287 Actor=PC_Hero Generation=98 Status=CANDIDATE Outstanding=0 TrackedSources=1 ReplacedGeneration=0 ReplacedOutstanding=0 Source[0]=It_2H_Sword_Flamberge Side=RIGHT Group=5
CORE C1_BIND ElapsedMs=68705.299 Event=COMBAT_MOVE_CANDIDATE_BOUND Actor=PC_Hero Generation=98 Status=CANDIDATE Outstanding=0 Source=<null> Script=_AI_PowerAttack
CORE C1_STATUS ElapsedMs=68705.367 Event=PERSISTED Actor=PC_Hero Generation=98 Status=PERSISTED Outstanding=0
CORE C1_START ElapsedMs=68821.708 Actor=Golem Generation=99 Status=CANDIDATE Outstanding=0 TrackedSources=1 ReplacedGeneration=0 ReplacedOutstanding=0 Source[0]=Fist Side=RIGHT Group=0
CORE C1_BIND ElapsedMs=68821.720 Event=COMBAT_MOVE_CANDIDATE_BOUND Actor=Golem Generation=99 Status=CANDIDATE Outstanding=0 Source=<null> Script=_AI_Attack
CORE C1_STATUS ElapsedMs=68821.813 Event=PERSISTED Actor=Golem Generation=99 Status=PERSISTED Outstanding=0
CORE ONDAMAGE ElapsedMs=69057.186 Ordinal=25 Target=PC_Hero Arg1=Fist Arg2=Golem Caller=Game.dll+0x0016E348 PlayerAction=2 PlayerPhase=0 PlayerMotion=Hero_Stand_None_2H_P1_PowerAttack_Raise_N_Fwd_00_%_00_P1_0_R.xmot Raw8Fist=<none> Raw8UseType=-1 Raw8Group=-1
CORE C1_START ElapsedMs=69058.950 Actor=PC_Hero Generation=100 Status=CANDIDATE Outstanding=0 TrackedSources=1 ReplacedGeneration=98 ReplacedOutstanding=0 Source[0]=It_2H_Sword_Flamberge Side=RIGHT Group=5
CORE C1_BIND ElapsedMs=69058.957 Event=COMBAT_MOVE_CANDIDATE_BOUND Actor=PC_Hero Generation=100 Status=CANDIDATE Outstanding=0 Source=<null> Script=_AI_Stumble
CORE C1_STATUS ElapsedMs=69059.006 Event=PERSISTED Actor=PC_Hero Generation=100 Status=PERSISTED Outstanding=0
CORE COLLISION_GROUP ElapsedMs=69067.172 Source=Fist UseType=8 Owner=<unresolved> Slot=NONE Requested=7 Before=0 After=0 MarkerBitsRetired=0
CORE C1_FINAL ElapsedMs=69214.100 Actor=Golem Generation=99 Status=PERSISTED SourceCount=1 PhysicalChanged=0 Source[0]=Fist Side=RIGHT Outstanding=0 Cleanup=0 Outcome=NO_OP_NO_OUTSTANDING
CORE C1_FINAL ElapsedMs=69360.720 Actor=PC_Hero Generation=100 Status=PERSISTED SourceCount=1 PhysicalChanged=0 Source[0]=It_2H_Sword_Flamberge Side=RIGHT Outstanding=0 Cleanup=0 Outcome=NO_OP_NO_OUTSTANDING
CORE C1_START ElapsedMs=70505.891 Actor=PC_Hero Generation=101 Status=CANDIDATE Outstanding=0 TrackedSources=1 ReplacedGeneration=0 ReplacedOutstanding=0 Source[0]=It_2H_Sword_Flamberge Side=RIGHT Group=5
CORE C1_BIND ElapsedMs=70505.904 Event=COMBAT_MOVE_CANDIDATE_BOUND Actor=PC_Hero Generation=101 Status=CANDIDATE Outstanding=0 Source=<null> Script=_AI_PowerAttack
CORE C1_STATUS ElapsedMs=70505.973 Event=PERSISTED Actor=PC_Hero Generation=101 Status=PERSISTED Outstanding=0
CORE C1_START ElapsedMs=70674.940 Actor=Golem Generation=102 Status=CANDIDATE Outstanding=0 TrackedSources=1 ReplacedGeneration=0 ReplacedOutstanding=0 Source[0]=Fist Side=RIGHT Group=0
CORE C1_BIND ElapsedMs=70674.952 Event=COMBAT_MOVE_CANDIDATE_BOUND Actor=Golem Generation=102 Status=CANDIDATE Outstanding=0 Source=<null> Script=_AI_Attack
CORE C1_STATUS ElapsedMs=70675.019 Event=PERSISTED Actor=Golem Generation=102 Status=PERSISTED Outstanding=0
CORE COLLISION_GROUP ElapsedMs=70927.458 Source=Fist UseType=8 Owner=<unresolved> Slot=NONE Requested=7 Before=0 After=0 MarkerBitsRetired=0
CORE C1_BIND ElapsedMs=71013.103 Event=COMBAT_MOVE_REUSED Actor=PC_Hero Generation=101 Status=PERSISTED Outstanding=0 Source=<null> Script=_AI_PowerAttack
CORE C1_FINAL ElapsedMs=71074.091 Actor=Golem Generation=102 Status=PERSISTED SourceCount=1 PhysicalChanged=0 Source[0]=Fist Side=RIGHT Outstanding=0 Cleanup=0 Outcome=NO_OP_NO_OUTSTANDING
CORE C1_START ElapsedMs=71082.794 Actor=Golem Generation=103 Status=CANDIDATE Outstanding=0 TrackedSources=1 ReplacedGeneration=0 ReplacedOutstanding=0 Source[0]=Fist Side=RIGHT Group=0
CORE C1_BIND ElapsedMs=71082.807 Event=COMBAT_MOVE_CANDIDATE_BOUND Actor=Golem Generation=103 Status=CANDIDATE Outstanding=0 Source=<null> Script=_AI_JumpBack
CORE C1_STATUS ElapsedMs=71082.868 Event=PERSISTED Actor=Golem Generation=103 Status=PERSISTED Outstanding=0
CORE COLLISION_GROUP ElapsedMs=71280.684 Source=It_2H_Sword_Flamberge UseType=3 Owner=PC_Hero Slot=RIGHT Requested=7 Before=5 After=7 MarkerBitsRetired=0
CORE C1 OFFENSE REQUEST ElapsedMs=71280.712 Actor=PC_Hero Generation=101 Status=PERSISTED Source=It_2H_Sword_Flamberge Side=RIGHT Requests=1 Outstanding=1 CleanupObserved=0 Group=7
CORE MARKER ElapsedMs=71280.726 Actor=PC_Hero Action=2 Family=POWER Phase=1 Motion=Hero_Stand_None_2H_P0_PowerAttack_Hit_N_Fwd_00_%_00_P1_100_R.xmot Marker=RIGHT Result=ACCEPTED C1Valid=1 C1=101 StatePosition=1 PreviousMask=0 DesiredMask=1 RetiredMask=0 OwnedMask=0 MarkerOwnedMask=1 Activated=1 Deactivated=0 Retired=0 RearmRequests=1 Clears=1 RightUseType=3
CORE ONDAMAGE ElapsedMs=71326.201 Ordinal=26 Target=Golem Arg1=Golem Arg2=Golem Caller=Game.dll+0x00069484 PlayerAction=2 PlayerPhase=1 PlayerMotion=Hero_Stand_None_2H_P0_PowerAttack_Hit_N_Fwd_00_%_00_P1_100_R.xmot Raw8Fist=<none> Raw8UseType=-1 Raw8Group=-1
CORE C1_START ElapsedMs=71331.455 Actor=Golem Generation=104 Status=CANDIDATE Outstanding=0 TrackedSources=1 ReplacedGeneration=103 ReplacedOutstanding=0 Source[0]=Fist Side=RIGHT Group=0
CORE C1_BIND ElapsedMs=71331.467 Event=COMBAT_MOVE_CANDIDATE_BOUND Actor=Golem Generation=104 Status=CANDIDATE Outstanding=0 Source=<null> Script=_AI_Stumble
CORE C1_STATUS ElapsedMs=71331.527 Event=PERSISTED Actor=Golem Generation=104 Status=PERSISTED Outstanding=0
CORE COLLISION_GROUP ElapsedMs=71486.146 Source=It_2H_Sword_Flamberge UseType=3 Owner=PC_Hero Slot=RIGHT Requested=5 Before=7 After=5 MarkerBitsRetired=1
CORE C1 CLEANUP FULFILLED ElapsedMs=71486.175 Actor=PC_Hero Generation=101 Status=PERSISTED Source=It_2H_Sword_Flamberge Side=RIGHT Requests=1 Outstanding=0 CleanupObserved=1 Group=5
CORE C1_FINAL ElapsedMs=71486.198 Actor=PC_Hero Generation=101 Status=PERSISTED SourceCount=1 PhysicalChanged=0 Source[0]=It_2H_Sword_Flamberge Side=RIGHT Outstanding=0 Cleanup=1 Outcome=NO_OP_NO_OUTSTANDING
CORE C1_FINAL ElapsedMs=71697.687 Actor=Golem Generation=104 Status=PERSISTED SourceCount=1 PhysicalChanged=0 Source[0]=Fist Side=RIGHT Outstanding=0 Cleanup=0 Outcome=NO_OP_NO_OUTSTANDING
CORE C1_START ElapsedMs=72009.165 Actor=PC_Hero Generation=105 Status=CANDIDATE Outstanding=0 TrackedSources=1 ReplacedGeneration=0 ReplacedOutstanding=0 Source[0]=It_2H_Sword_Flamberge Side=RIGHT Group=5
CORE C1_BIND ElapsedMs=72009.178 Event=COMBAT_MOVE_CANDIDATE_BOUND Actor=PC_Hero Generation=105 Status=CANDIDATE Outstanding=0 Source=<null> Script=_AI_PowerAttack
CORE C1_STATUS ElapsedMs=72009.244 Event=PERSISTED Actor=PC_Hero Generation=105 Status=PERSISTED Outstanding=0
CORE C1_START ElapsedMs=72338.358 Actor=Golem Generation=106 Status=CANDIDATE Outstanding=0 TrackedSources=1 ReplacedGeneration=0 ReplacedOutstanding=0 Source[0]=Fist Side=RIGHT Group=0
CORE C1_BIND ElapsedMs=72338.370 Event=COMBAT_MOVE_CANDIDATE_BOUND Actor=Golem Generation=106 Status=CANDIDATE Outstanding=0 Source=<null> Script=_AI_Attack
CORE C1_STATUS ElapsedMs=72338.427 Event=PERSISTED Actor=Golem Generation=106 Status=PERSISTED Outstanding=0
CORE C1_BIND ElapsedMs=72507.991 Event=COMBAT_MOVE_REUSED Actor=PC_Hero Generation=105 Status=PERSISTED Outstanding=0 Source=<null> Script=_AI_PowerAttack
CORE ATTACK_OWNERSHIP ElapsedMs=72508.075 Actor=PC_Hero Family=POWER Action=2 Phase=1 Motion=Hero_Stand_None_2H_P1_PowerAttack_Hit_N_Fwd_00_%_00_P0_120_R.xmot MarkerPresent=1 RequiredMask=1 FistMarkers=0 Raw8Fist=<none> Raw8UseType=-1 SuppressNative=1 Classification=ROUTINE
CORE ONDAMAGE ElapsedMs=72577.801 Ordinal=27 Target=PC_Hero Arg1=Fist Arg2=Golem Caller=Game.dll+0x0016E348 PlayerAction=2 PlayerPhase=1 PlayerMotion=Hero_Stand_None_2H_P1_PowerAttack_Hit_N_Fwd_00_%_00_P0_120_R.xmot Raw8Fist=<none> Raw8UseType=-1 Raw8Group=-1
CORE C1_START ElapsedMs=72579.525 Actor=PC_Hero Generation=107 Status=CANDIDATE Outstanding=0 TrackedSources=1 ReplacedGeneration=105 ReplacedOutstanding=0 Source[0]=It_2H_Sword_Flamberge Side=RIGHT Group=5
CORE C1_BIND ElapsedMs=72579.534 Event=COMBAT_MOVE_CANDIDATE_BOUND Actor=PC_Hero Generation=107 Status=CANDIDATE Outstanding=0 Source=<null> Script=_AI_Stumble
CORE C1_STATUS ElapsedMs=72579.586 Event=PERSISTED Actor=PC_Hero Generation=107 Status=PERSISTED Outstanding=0
CORE COLLISION_GROUP ElapsedMs=72587.533 Source=Fist UseType=8 Owner=<unresolved> Slot=NONE Requested=7 Before=0 After=0 MarkerBitsRetired=0
CORE C1_FINAL ElapsedMs=72730.325 Actor=Golem Generation=106 Status=PERSISTED SourceCount=1 PhysicalChanged=0 Source[0]=Fist Side=RIGHT Outstanding=0 Cleanup=0 Outcome=NO_OP_NO_OUTSTANDING
CORE C1_FINAL ElapsedMs=72882.330 Actor=PC_Hero Generation=107 Status=PERSISTED SourceCount=1 PhysicalChanged=0 Source[0]=It_2H_Sword_Flamberge Side=RIGHT Outstanding=0 Cleanup=0 Outcome=NO_OP_NO_OUTSTANDING
CORE C1_START ElapsedMs=73272.129 Actor=PC_Hero Generation=108 Status=CANDIDATE Outstanding=0 TrackedSources=1 ReplacedGeneration=0 ReplacedOutstanding=0 Source[0]=It_2H_Sword_Flamberge Side=RIGHT Group=5
CORE C1_BIND ElapsedMs=73272.142 Event=COMBAT_MOVE_CANDIDATE_BOUND Actor=PC_Hero Generation=108 Status=CANDIDATE Outstanding=0 Source=<null> Script=_AI_PowerAttack
CORE C1_STATUS ElapsedMs=73272.208 Event=PERSISTED Actor=PC_Hero Generation=108 Status=PERSISTED Outstanding=0
CORE C1_START ElapsedMs=73288.621 Actor=Golem Generation=109 Status=CANDIDATE Outstanding=0 TrackedSources=1 ReplacedGeneration=0 ReplacedOutstanding=0 Source[0]=Fist Side=RIGHT Group=0
CORE C1_BIND ElapsedMs=73288.633 Event=COMBAT_MOVE_CANDIDATE_BOUND Actor=Golem Generation=109 Status=CANDIDATE Outstanding=0 Source=<null> Script=_AI_JumpBack
CORE C1_STATUS ElapsedMs=73288.697 Event=PERSISTED Actor=Golem Generation=109 Status=PERSISTED Outstanding=0
CORE C1_FINAL ElapsedMs=73763.296 Actor=Golem Generation=109 Status=PERSISTED SourceCount=1 PhysicalChanged=0 Source[0]=Fist Side=RIGHT Outstanding=0 Cleanup=0 Outcome=NO_OP_NO_OUTSTANDING
CORE C1_START ElapsedMs=73771.738 Actor=Golem Generation=110 Status=CANDIDATE Outstanding=0 TrackedSources=1 ReplacedGeneration=0 ReplacedOutstanding=0 Source[0]=Fist Side=RIGHT Group=0
CORE C1_BIND ElapsedMs=73771.765 Event=COMBAT_MOVE_CANDIDATE_BOUND Actor=Golem Generation=110 Status=CANDIDATE Outstanding=0 Source=<null> Script=_AI_JumpBack
CORE C1_STATUS ElapsedMs=73771.843 Event=PERSISTED Actor=Golem Generation=110 Status=PERSISTED Outstanding=0
CORE C1_BIND ElapsedMs=73772.474 Event=COMBAT_MOVE_REUSED Actor=PC_Hero Generation=108 Status=PERSISTED Outstanding=0 Source=<null> Script=_AI_PowerAttack
CORE ATTACK_OWNERSHIP ElapsedMs=73772.534 Actor=PC_Hero Family=POWER Action=2 Phase=1 Motion=Hero_Stand_None_2H_P0_PowerAttack_Hit_N_Fwd_00_%_00_P1_100_R.xmot MarkerPresent=1 RequiredMask=1 FistMarkers=0 Raw8Fist=<none> Raw8UseType=-1 SuppressNative=1 Classification=ROUTINE
CORE COLLISION_GROUP ElapsedMs=74040.178 Source=It_2H_Sword_Flamberge UseType=3 Owner=PC_Hero Slot=RIGHT Requested=7 Before=5 After=7 MarkerBitsRetired=0
CORE C1 OFFENSE REQUEST ElapsedMs=74040.206 Actor=PC_Hero Generation=108 Status=PERSISTED Source=It_2H_Sword_Flamberge Side=RIGHT Requests=1 Outstanding=1 CleanupObserved=0 Group=7
CORE MARKER ElapsedMs=74040.220 Actor=PC_Hero Action=2 Family=POWER Phase=1 Motion=Hero_Stand_None_2H_P0_PowerAttack_Hit_N_Fwd_00_%_00_P1_100_R.xmot Marker=RIGHT Result=ACCEPTED C1Valid=1 C1=108 StatePosition=1 PreviousMask=0 DesiredMask=1 RetiredMask=0 OwnedMask=0 MarkerOwnedMask=1 Activated=1 Deactivated=0 Retired=0 RearmRequests=1 Clears=1 RightUseType=3
CORE C1_FINAL ElapsedMs=74248.930 Actor=Golem Generation=110 Status=PERSISTED SourceCount=1 PhysicalChanged=0 Source[0]=Fist Side=RIGHT Outstanding=0 Cleanup=0 Outcome=NO_OP_NO_OUTSTANDING
CORE COLLISION_GROUP ElapsedMs=74249.284 Source=It_2H_Sword_Flamberge UseType=3 Owner=PC_Hero Slot=RIGHT Requested=5 Before=7 After=5 MarkerBitsRetired=1
CORE C1 CLEANUP FULFILLED ElapsedMs=74249.298 Actor=PC_Hero Generation=108 Status=PERSISTED Source=It_2H_Sword_Flamberge Side=RIGHT Requests=1 Outstanding=0 CleanupObserved=1 Group=5
CORE C1_FINAL ElapsedMs=74249.315 Actor=PC_Hero Generation=108 Status=PERSISTED SourceCount=1 PhysicalChanged=0 Source[0]=It_2H_Sword_Flamberge Side=RIGHT Outstanding=0 Cleanup=1 Outcome=NO_OP_NO_OUTSTANDING
CORE C1_START ElapsedMs=74806.978 Actor=Golem Generation=111 Status=CANDIDATE Outstanding=0 TrackedSources=1 ReplacedGeneration=0 ReplacedOutstanding=0 Source[0]=Fist Side=RIGHT Group=0
CORE C1_BIND ElapsedMs=74806.990 Event=COMBAT_MOVE_CANDIDATE_BOUND Actor=Golem Generation=111 Status=CANDIDATE Outstanding=0 Source=<null> Script=_AI_Attack
CORE C1_STATUS ElapsedMs=74807.122 Event=PERSISTED Actor=Golem Generation=111 Status=PERSISTED Outstanding=0
CORE C1_START ElapsedMs=74880.889 Actor=PC_Hero Generation=112 Status=CANDIDATE Outstanding=0 TrackedSources=1 ReplacedGeneration=0 ReplacedOutstanding=0 Source[0]=It_2H_Sword_Flamberge Side=RIGHT Group=5
CORE C1_BIND ElapsedMs=74880.902 Event=COMBAT_MOVE_CANDIDATE_BOUND Actor=PC_Hero Generation=112 Status=CANDIDATE Outstanding=0 Source=<null> Script=_AI_PowerAttack
CORE C1_STATUS ElapsedMs=74880.967 Event=PERSISTED Actor=PC_Hero Generation=112 Status=PERSISTED Outstanding=0
CORE ONDAMAGE ElapsedMs=75040.378 Ordinal=28 Target=PC_Hero Arg1=Fist Arg2=Golem Caller=Game.dll+0x0016E348 PlayerAction=2 PlayerPhase=0 PlayerMotion=Hero_Stand_None_2H_P1_PowerAttack_Raise_N_Fwd_00_%_00_P1_0_R.xmot Raw8Fist=<none> Raw8UseType=-1 Raw8Group=-1
CORE C1_START ElapsedMs=75041.974 Actor=PC_Hero Generation=113 Status=CANDIDATE Outstanding=0 TrackedSources=1 ReplacedGeneration=112 ReplacedOutstanding=0 Source[0]=It_2H_Sword_Flamberge Side=RIGHT Group=5
CORE C1_BIND ElapsedMs=75041.982 Event=COMBAT_MOVE_CANDIDATE_BOUND Actor=PC_Hero Generation=113 Status=CANDIDATE Outstanding=0 Source=<null> Script=_AI_Stumble
CORE C1_STATUS ElapsedMs=75042.031 Event=PERSISTED Actor=PC_Hero Generation=113 Status=PERSISTED Outstanding=0
CORE COLLISION_GROUP ElapsedMs=75058.105 Source=Fist UseType=8 Owner=<unresolved> Slot=NONE Requested=7 Before=0 After=0 MarkerBitsRetired=0
CORE C1_FINAL ElapsedMs=75198.996 Actor=Golem Generation=111 Status=PERSISTED SourceCount=1 PhysicalChanged=0 Source[0]=Fist Side=RIGHT Outstanding=0 Cleanup=0 Outcome=NO_OP_NO_OUTSTANDING
CORE C1_FINAL ElapsedMs=75347.143 Actor=PC_Hero Generation=113 Status=PERSISTED SourceCount=1 PhysicalChanged=0 Source[0]=It_2H_Sword_Flamberge Side=RIGHT Outstanding=0 Cleanup=0 Outcome=NO_OP_NO_OUTSTANDING
CORE C1_START ElapsedMs=75838.831 Actor=PC_Hero Generation=114 Status=CANDIDATE Outstanding=0 TrackedSources=1 ReplacedGeneration=0 ReplacedOutstanding=0 Source[0]=It_2H_Sword_Flamberge Side=RIGHT Group=5
CORE C1_BIND ElapsedMs=75838.845 Event=COMBAT_MOVE_CANDIDATE_BOUND Actor=PC_Hero Generation=114 Status=CANDIDATE Outstanding=0 Source=<null> Script=_AI_PowerAttack
CORE C1_STATUS ElapsedMs=75838.909 Event=PERSISTED Actor=PC_Hero Generation=114 Status=PERSISTED Outstanding=0
CORE C1_START ElapsedMs=75856.240 Actor=Golem Generation=115 Status=CANDIDATE Outstanding=0 TrackedSources=1 ReplacedGeneration=0 ReplacedOutstanding=0 Source[0]=Fist Side=RIGHT Group=0
CORE C1_BIND ElapsedMs=75856.252 Event=COMBAT_MOVE_CANDIDATE_BOUND Actor=Golem Generation=115 Status=CANDIDATE Outstanding=0 Source=<null> Script=_AI_JumpBack
CORE C1_STATUS ElapsedMs=75856.314 Event=PERSISTED Actor=Golem Generation=115 Status=PERSISTED Outstanding=0
CORE C1_FINAL ElapsedMs=76332.021 Actor=Golem Generation=115 Status=PERSISTED SourceCount=1 PhysicalChanged=0 Source[0]=Fist Side=RIGHT Outstanding=0 Cleanup=0 Outcome=NO_OP_NO_OUTSTANDING
CORE C1_START ElapsedMs=76340.787 Actor=Golem Generation=116 Status=CANDIDATE Outstanding=0 TrackedSources=1 ReplacedGeneration=0 ReplacedOutstanding=0 Source[0]=Fist Side=RIGHT Group=0
CORE C1_BIND ElapsedMs=76340.800 Event=COMBAT_MOVE_CANDIDATE_BOUND Actor=Golem Generation=116 Status=CANDIDATE Outstanding=0 Source=<null> Script=_AI_JumpBack
CORE C1_STATUS ElapsedMs=76340.864 Event=PERSISTED Actor=Golem Generation=116 Status=PERSISTED Outstanding=0
CORE C1_BIND ElapsedMs=76341.556 Event=COMBAT_MOVE_REUSED Actor=PC_Hero Generation=114 Status=PERSISTED Outstanding=0 Source=<null> Script=_AI_PowerAttack
CORE COLLISION_GROUP ElapsedMs=76609.657 Source=It_2H_Sword_Flamberge UseType=3 Owner=PC_Hero Slot=RIGHT Requested=7 Before=5 After=7 MarkerBitsRetired=0
CORE C1 OFFENSE REQUEST ElapsedMs=76609.686 Actor=PC_Hero Generation=114 Status=PERSISTED Source=It_2H_Sword_Flamberge Side=RIGHT Requests=1 Outstanding=1 CleanupObserved=0 Group=7
CORE MARKER ElapsedMs=76609.699 Actor=PC_Hero Action=2 Family=POWER Phase=1 Motion=Hero_Stand_None_2H_P0_PowerAttack_Hit_N_Fwd_00_%_00_P1_100_R.xmot Marker=RIGHT Result=ACCEPTED C1Valid=1 C1=114 StatePosition=1 PreviousMask=0 DesiredMask=1 RetiredMask=0 OwnedMask=0 MarkerOwnedMask=1 Activated=1 Deactivated=0 Retired=0 RearmRequests=1 Clears=1 RightUseType=3
CORE C1_FINAL ElapsedMs=76809.067 Actor=Golem Generation=116 Status=PERSISTED SourceCount=1 PhysicalChanged=0 Source[0]=Fist Side=RIGHT Outstanding=0 Cleanup=0 Outcome=NO_OP_NO_OUTSTANDING
CORE COLLISION_GROUP ElapsedMs=76809.421 Source=It_2H_Sword_Flamberge UseType=3 Owner=PC_Hero Slot=RIGHT Requested=5 Before=7 After=5 MarkerBitsRetired=1
CORE C1 CLEANUP FULFILLED ElapsedMs=76809.436 Actor=PC_Hero Generation=114 Status=PERSISTED Source=It_2H_Sword_Flamberge Side=RIGHT Requests=1 Outstanding=0 CleanupObserved=1 Group=5
CORE C1_FINAL ElapsedMs=76809.455 Actor=PC_Hero Generation=114 Status=PERSISTED SourceCount=1 PhysicalChanged=0 Source[0]=It_2H_Sword_Flamberge Side=RIGHT Outstanding=0 Cleanup=1 Outcome=NO_OP_NO_OUTSTANDING
CORE C1_START ElapsedMs=77228.929 Actor=PC_Hero Generation=117 Status=CANDIDATE Outstanding=0 TrackedSources=1 ReplacedGeneration=0 ReplacedOutstanding=0 Source[0]=It_2H_Sword_Flamberge Side=RIGHT Group=5
CORE C1_BIND ElapsedMs=77228.942 Event=COMBAT_MOVE_CANDIDATE_BOUND Actor=PC_Hero Generation=117 Status=CANDIDATE Outstanding=0 Source=<null> Script=_AI_PowerAttack
CORE C1_STATUS ElapsedMs=77229.043 Event=PERSISTED Actor=PC_Hero Generation=117 Status=PERSISTED Outstanding=0
CORE C1_START ElapsedMs=77383.870 Actor=Golem Generation=118 Status=CANDIDATE Outstanding=0 TrackedSources=1 ReplacedGeneration=0 ReplacedOutstanding=0 Source[0]=Fist Side=RIGHT Group=0
CORE C1_BIND ElapsedMs=77383.882 Event=COMBAT_MOVE_CANDIDATE_BOUND Actor=Golem Generation=118 Status=CANDIDATE Outstanding=0 Source=<null> Script=_AI_Attack
CORE C1_STATUS ElapsedMs=77383.938 Event=PERSISTED Actor=Golem Generation=118 Status=PERSISTED Outstanding=0
CORE ONDAMAGE ElapsedMs=77618.780 Ordinal=29 Target=PC_Hero Arg1=Fist Arg2=Golem Caller=Game.dll+0x0016E348 PlayerAction=2 PlayerPhase=0 PlayerMotion=Hero_Stand_None_2H_P1_PowerAttack_Raise_N_Fwd_00_%_00_P1_0_R.xmot Raw8Fist=<none> Raw8UseType=-1 Raw8Group=-1
CORE C1_START ElapsedMs=77620.277 Actor=PC_Hero Generation=119 Status=CANDIDATE Outstanding=0 TrackedSources=1 ReplacedGeneration=117 ReplacedOutstanding=0 Source[0]=It_2H_Sword_Flamberge Side=RIGHT Group=5
CORE C1_BIND ElapsedMs=77620.285 Event=COMBAT_MOVE_CANDIDATE_BOUND Actor=PC_Hero Generation=119 Status=CANDIDATE Outstanding=0 Source=<null> Script=_AI_Stumble
CORE C1_STATUS ElapsedMs=77620.334 Event=PERSISTED Actor=PC_Hero Generation=119 Status=PERSISTED Outstanding=0
CORE COLLISION_GROUP ElapsedMs=77627.788 Source=Fist UseType=8 Owner=<unresolved> Slot=NONE Requested=7 Before=0 After=0 MarkerBitsRetired=0
CORE C1_FINAL ElapsedMs=77768.906 Actor=Golem Generation=118 Status=PERSISTED SourceCount=1 PhysicalChanged=0 Source[0]=Fist Side=RIGHT Outstanding=0 Cleanup=0 Outcome=NO_OP_NO_OUTSTANDING
CORE C1_FINAL ElapsedMs=77921.029 Actor=PC_Hero Generation=119 Status=PERSISTED SourceCount=1 PhysicalChanged=0 Source[0]=It_2H_Sword_Flamberge Side=RIGHT Outstanding=0 Cleanup=0 Outcome=NO_OP_NO_OUTSTANDING
CORE C1_START ElapsedMs=78263.592 Actor=PC_Hero Generation=120 Status=CANDIDATE Outstanding=0 TrackedSources=1 ReplacedGeneration=0 ReplacedOutstanding=0 Source[0]=It_2H_Sword_Flamberge Side=RIGHT Group=5
CORE C1_BIND ElapsedMs=78263.605 Event=COMBAT_MOVE_CANDIDATE_BOUND Actor=PC_Hero Generation=120 Status=CANDIDATE Outstanding=0 Source=<null> Script=_AI_PowerAttack
CORE C1_STATUS ElapsedMs=78263.667 Event=PERSISTED Actor=PC_Hero Generation=120 Status=PERSISTED Outstanding=0
CORE C1_START ElapsedMs=78280.475 Actor=Golem Generation=121 Status=CANDIDATE Outstanding=0 TrackedSources=1 ReplacedGeneration=0 ReplacedOutstanding=0 Source[0]=Fist Side=RIGHT Group=0
CORE C1_BIND ElapsedMs=78280.488 Event=COMBAT_MOVE_CANDIDATE_BOUND Actor=Golem Generation=121 Status=CANDIDATE Outstanding=0 Source=<null> Script=_AI_JumpBack
CORE C1_STATUS ElapsedMs=78280.551 Event=PERSISTED Actor=Golem Generation=121 Status=PERSISTED Outstanding=0
CORE C1_FINAL ElapsedMs=78745.175 Actor=Golem Generation=121 Status=PERSISTED SourceCount=1 PhysicalChanged=0 Source[0]=Fist Side=RIGHT Outstanding=0 Cleanup=0 Outcome=NO_OP_NO_OUTSTANDING
CORE C1_START ElapsedMs=78753.760 Actor=Golem Generation=122 Status=CANDIDATE Outstanding=0 TrackedSources=1 ReplacedGeneration=0 ReplacedOutstanding=0 Source[0]=Fist Side=RIGHT Group=0
CORE C1_BIND ElapsedMs=78753.772 Event=COMBAT_MOVE_CANDIDATE_BOUND Actor=Golem Generation=122 Status=CANDIDATE Outstanding=0 Source=<null> Script=_AI_JumpBack
CORE C1_STATUS ElapsedMs=78753.837 Event=PERSISTED Actor=Golem Generation=122 Status=PERSISTED Outstanding=0
CORE C1_BIND ElapsedMs=78754.438 Event=COMBAT_MOVE_REUSED Actor=PC_Hero Generation=120 Status=PERSISTED Outstanding=0 Source=<null> Script=_AI_PowerAttack
CORE COLLISION_GROUP ElapsedMs=79023.167 Source=It_2H_Sword_Flamberge UseType=3 Owner=PC_Hero Slot=RIGHT Requested=7 Before=5 After=7 MarkerBitsRetired=0
CORE C1 OFFENSE REQUEST ElapsedMs=79023.197 Actor=PC_Hero Generation=120 Status=PERSISTED Source=It_2H_Sword_Flamberge Side=RIGHT Requests=1 Outstanding=1 CleanupObserved=0 Group=7
CORE MARKER ElapsedMs=79023.210 Actor=PC_Hero Action=2 Family=POWER Phase=1 Motion=Hero_Stand_None_2H_P0_PowerAttack_Hit_N_Fwd_00_%_00_P1_100_R.xmot Marker=RIGHT Result=ACCEPTED C1Valid=1 C1=120 StatePosition=1 PreviousMask=0 DesiredMask=1 RetiredMask=0 OwnedMask=0 MarkerOwnedMask=1 Activated=1 Deactivated=0 Retired=0 RearmRequests=1 Clears=1 RightUseType=3
CORE C1_FINAL ElapsedMs=79223.504 Actor=Golem Generation=122 Status=PERSISTED SourceCount=1 PhysicalChanged=0 Source[0]=Fist Side=RIGHT Outstanding=0 Cleanup=0 Outcome=NO_OP_NO_OUTSTANDING
CORE COLLISION_GROUP ElapsedMs=79223.854 Source=It_2H_Sword_Flamberge UseType=3 Owner=PC_Hero Slot=RIGHT Requested=5 Before=7 After=5 MarkerBitsRetired=1
CORE C1 CLEANUP FULFILLED ElapsedMs=79223.869 Actor=PC_Hero Generation=120 Status=PERSISTED Source=It_2H_Sword_Flamberge Side=RIGHT Requests=1 Outstanding=0 CleanupObserved=1 Group=5
CORE C1_FINAL ElapsedMs=79223.887 Actor=PC_Hero Generation=120 Status=PERSISTED SourceCount=1 PhysicalChanged=0 Source[0]=It_2H_Sword_Flamberge Side=RIGHT Outstanding=0 Cleanup=1 Outcome=NO_OP_NO_OUTSTANDING
CORE C1_START ElapsedMs=79636.305 Actor=PC_Hero Generation=123 Status=CANDIDATE Outstanding=0 TrackedSources=1 ReplacedGeneration=0 ReplacedOutstanding=0 Source[0]=It_2H_Sword_Flamberge Side=RIGHT Group=5
CORE C1_BIND ElapsedMs=79636.318 Event=COMBAT_MOVE_CANDIDATE_BOUND Actor=PC_Hero Generation=123 Status=CANDIDATE Outstanding=0 Source=<null> Script=_AI_PowerAttack
CORE C1_STATUS ElapsedMs=79636.387 Event=PERSISTED Actor=PC_Hero Generation=123 Status=PERSISTED Outstanding=0
CORE C1_START ElapsedMs=79799.186 Actor=Golem Generation=124 Status=CANDIDATE Outstanding=0 TrackedSources=1 ReplacedGeneration=0 ReplacedOutstanding=0 Source[0]=Fist Side=RIGHT Group=0
CORE C1_BIND ElapsedMs=79799.198 Event=COMBAT_MOVE_CANDIDATE_BOUND Actor=Golem Generation=124 Status=CANDIDATE Outstanding=0 Source=<null> Script=_AI_Attack
CORE C1_STATUS ElapsedMs=79799.253 Event=PERSISTED Actor=Golem Generation=124 Status=PERSISTED Outstanding=0
CORE ONDAMAGE ElapsedMs=80033.622 Ordinal=30 Target=PC_Hero Arg1=Fist Arg2=Golem Caller=Game.dll+0x0016E348 PlayerAction=2 PlayerPhase=0 PlayerMotion=Hero_Stand_None_2H_P1_PowerAttack_Raise_N_Fwd_00_%_00_P1_0_R.xmot Raw8Fist=<none> Raw8UseType=-1 Raw8Group=-1
CORE C1_START ElapsedMs=80035.307 Actor=PC_Hero Generation=125 Status=CANDIDATE Outstanding=0 TrackedSources=1 ReplacedGeneration=123 ReplacedOutstanding=0 Source[0]=It_2H_Sword_Flamberge Side=RIGHT Group=5
CORE C1_BIND ElapsedMs=80035.315 Event=COMBAT_MOVE_CANDIDATE_BOUND Actor=PC_Hero Generation=125 Status=CANDIDATE Outstanding=0 Source=<null> Script=_AI_Stumble
CORE C1_STATUS ElapsedMs=80035.365 Event=PERSISTED Actor=PC_Hero Generation=125 Status=PERSISTED Outstanding=0
CORE COLLISION_GROUP ElapsedMs=80051.345 Source=Fist UseType=8 Owner=<unresolved> Slot=NONE Requested=7 Before=0 After=0 MarkerBitsRetired=0
CORE C1_FINAL ElapsedMs=80191.993 Actor=Golem Generation=124 Status=PERSISTED SourceCount=1 PhysicalChanged=0 Source[0]=Fist Side=RIGHT Outstanding=0 Cleanup=0 Outcome=NO_OP_NO_OUTSTANDING
CORE C1_FINAL ElapsedMs=80333.085 Actor=PC_Hero Generation=125 Status=PERSISTED SourceCount=1 PhysicalChanged=0 Source[0]=It_2H_Sword_Flamberge Side=RIGHT Outstanding=0 Cleanup=0 Outcome=NO_OP_NO_OUTSTANDING
CORE C1_START ElapsedMs=80694.270 Actor=PC_Hero Generation=126 Status=CANDIDATE Outstanding=0 TrackedSources=1 ReplacedGeneration=0 ReplacedOutstanding=0 Source[0]=It_2H_Sword_Flamberge Side=RIGHT Group=5
CORE C1_BIND ElapsedMs=80694.283 Event=COMBAT_MOVE_CANDIDATE_BOUND Actor=PC_Hero Generation=126 Status=CANDIDATE Outstanding=0 Source=<null> Script=_AI_PowerAttack
CORE C1_STATUS ElapsedMs=80694.350 Event=PERSISTED Actor=PC_Hero Generation=126 Status=PERSISTED Outstanding=0
CORE C1_START ElapsedMs=80710.619 Actor=Golem Generation=127 Status=CANDIDATE Outstanding=0 TrackedSources=1 ReplacedGeneration=0 ReplacedOutstanding=0 Source[0]=Fist Side=RIGHT Group=0
CORE C1_BIND ElapsedMs=80710.631 Event=COMBAT_MOVE_CANDIDATE_BOUND Actor=Golem Generation=127 Status=CANDIDATE Outstanding=0 Source=<null> Script=_AI_JumpBack
CORE C1_STATUS ElapsedMs=80710.693 Event=PERSISTED Actor=Golem Generation=127 Status=PERSISTED Outstanding=0
CORE C1_FINAL ElapsedMs=81177.429 Actor=Golem Generation=127 Status=PERSISTED SourceCount=1 PhysicalChanged=0 Source[0]=Fist Side=RIGHT Outstanding=0 Cleanup=0 Outcome=NO_OP_NO_OUTSTANDING
CORE C1_START ElapsedMs=81185.837 Actor=Golem Generation=128 Status=CANDIDATE Outstanding=0 TrackedSources=1 ReplacedGeneration=0 ReplacedOutstanding=0 Source[0]=Fist Side=RIGHT Group=0
CORE C1_BIND ElapsedMs=81185.850 Event=COMBAT_MOVE_CANDIDATE_BOUND Actor=Golem Generation=128 Status=CANDIDATE Outstanding=0 Source=<null> Script=_AI_JumpBack
CORE C1_STATUS ElapsedMs=81185.915 Event=PERSISTED Actor=Golem Generation=128 Status=PERSISTED Outstanding=0
CORE C1_BIND ElapsedMs=81186.607 Event=COMBAT_MOVE_REUSED Actor=PC_Hero Generation=126 Status=PERSISTED Outstanding=0 Source=<null> Script=_AI_PowerAttack
CORE COLLISION_GROUP ElapsedMs=81453.679 Source=It_2H_Sword_Flamberge UseType=3 Owner=PC_Hero Slot=RIGHT Requested=7 Before=5 After=7 MarkerBitsRetired=0
CORE C1 OFFENSE REQUEST ElapsedMs=81453.708 Actor=PC_Hero Generation=126 Status=PERSISTED Source=It_2H_Sword_Flamberge Side=RIGHT Requests=1 Outstanding=1 CleanupObserved=0 Group=7
CORE MARKER ElapsedMs=81453.721 Actor=PC_Hero Action=2 Family=POWER Phase=1 Motion=Hero_Stand_None_2H_P0_PowerAttack_Hit_N_Fwd_00_%_00_P1_100_R.xmot Marker=RIGHT Result=ACCEPTED C1Valid=1 C1=126 StatePosition=1 PreviousMask=0 DesiredMask=1 RetiredMask=0 OwnedMask=0 MarkerOwnedMask=1 Activated=1 Deactivated=0 Retired=0 RearmRequests=1 Clears=1 RightUseType=3
CORE C1_FINAL ElapsedMs=81651.479 Actor=Golem Generation=128 Status=PERSISTED SourceCount=1 PhysicalChanged=0 Source[0]=Fist Side=RIGHT Outstanding=0 Cleanup=0 Outcome=NO_OP_NO_OUTSTANDING
CORE COLLISION_GROUP ElapsedMs=81651.940 Source=It_2H_Sword_Flamberge UseType=3 Owner=PC_Hero Slot=RIGHT Requested=5 Before=7 After=5 MarkerBitsRetired=1
CORE C1 CLEANUP FULFILLED ElapsedMs=81651.954 Actor=PC_Hero Generation=126 Status=PERSISTED Source=It_2H_Sword_Flamberge Side=RIGHT Requests=1 Outstanding=0 CleanupObserved=1 Group=5
CORE C1_FINAL ElapsedMs=81651.971 Actor=PC_Hero Generation=126 Status=PERSISTED SourceCount=1 PhysicalChanged=0 Source[0]=It_2H_Sword_Flamberge Side=RIGHT Outstanding=0 Cleanup=1 Outcome=NO_OP_NO_OUTSTANDING
CORE C1_START ElapsedMs=81899.947 Actor=PC_Hero Generation=129 Status=CANDIDATE Outstanding=0 TrackedSources=1 ReplacedGeneration=0 ReplacedOutstanding=0 Source[0]=It_2H_Sword_Flamberge Side=RIGHT Group=5
CORE C1_BIND ElapsedMs=81899.959 Event=COMBAT_MOVE_CANDIDATE_BOUND Actor=PC_Hero Generation=129 Status=CANDIDATE Outstanding=0 Source=<null> Script=_AI_PowerAttack
CORE C1_STATUS ElapsedMs=81900.025 Event=PERSISTED Actor=PC_Hero Generation=129 Status=PERSISTED Outstanding=0
CORE C1_START ElapsedMs=82228.501 Actor=Golem Generation=130 Status=CANDIDATE Outstanding=0 TrackedSources=1 ReplacedGeneration=0 ReplacedOutstanding=0 Source[0]=Fist Side=RIGHT Group=0
CORE C1_BIND ElapsedMs=82228.526 Event=COMBAT_MOVE_CANDIDATE_BOUND Actor=Golem Generation=130 Status=CANDIDATE Outstanding=0 Source=<null> Script=_AI_Attack
CORE C1_STATUS ElapsedMs=82228.619 Event=PERSISTED Actor=Golem Generation=130 Status=PERSISTED Outstanding=0
CORE C1_BIND ElapsedMs=82387.285 Event=COMBAT_MOVE_REUSED Actor=PC_Hero Generation=129 Status=PERSISTED Outstanding=0 Source=<null> Script=_AI_PowerAttack
CORE ATTACK_OWNERSHIP ElapsedMs=82387.371 Actor=PC_Hero Family=POWER Action=2 Phase=1 Motion=Hero_Stand_None_2H_P1_PowerAttack_Hit_N_Fwd_00_%_00_P0_120_R.xmot MarkerPresent=1 RequiredMask=1 FistMarkers=0 Raw8Fist=<none> Raw8UseType=-1 SuppressNative=1 Classification=ROUTINE
CORE ONDAMAGE ElapsedMs=82462.488 Ordinal=31 Target=PC_Hero Arg1=Fist Arg2=Golem Caller=Game.dll+0x0016E348 PlayerAction=2 PlayerPhase=1 PlayerMotion=Hero_Stand_None_2H_P1_PowerAttack_Hit_N_Fwd_00_%_00_P0_120_R.xmot Raw8Fist=<none> Raw8UseType=-1 Raw8Group=-1
CORE C1_START ElapsedMs=82463.942 Actor=PC_Hero Generation=131 Status=CANDIDATE Outstanding=0 TrackedSources=1 ReplacedGeneration=129 ReplacedOutstanding=0 Source[0]=It_2H_Sword_Flamberge Side=RIGHT Group=5
CORE C1_BIND ElapsedMs=82463.950 Event=COMBAT_MOVE_CANDIDATE_BOUND Actor=PC_Hero Generation=131 Status=CANDIDATE Outstanding=0 Source=<null> Script=_AI_Stumble
CORE C1_STATUS ElapsedMs=82464.000 Event=PERSISTED Actor=PC_Hero Generation=131 Status=PERSISTED Outstanding=0
CORE COLLISION_GROUP ElapsedMs=82471.754 Source=Fist UseType=8 Owner=<unresolved> Slot=NONE Requested=7 Before=0 After=0 MarkerBitsRetired=0
CORE C1_FINAL ElapsedMs=82620.343 Actor=Golem Generation=130 Status=PERSISTED SourceCount=1 PhysicalChanged=0 Source[0]=Fist Side=RIGHT Outstanding=0 Cleanup=0 Outcome=NO_OP_NO_OUTSTANDING
CORE C1_FINAL ElapsedMs=82760.155 Actor=PC_Hero Generation=131 Status=PERSISTED SourceCount=1 PhysicalChanged=0 Source[0]=It_2H_Sword_Flamberge Side=RIGHT Outstanding=0 Cleanup=0 Outcome=NO_OP_NO_OUTSTANDING
CORE C1_START ElapsedMs=83782.024 Actor=Golem Generation=132 Status=CANDIDATE Outstanding=0 TrackedSources=1 ReplacedGeneration=0 ReplacedOutstanding=0 Source[0]=Fist Side=RIGHT Group=0
CORE C1_BIND ElapsedMs=83782.035 Event=COMBAT_MOVE_CANDIDATE_BOUND Actor=Golem Generation=132 Status=CANDIDATE Outstanding=0 Source=<null> Script=_AI_Attack
CORE C1_STATUS ElapsedMs=83782.098 Event=PERSISTED Actor=Golem Generation=132 Status=PERSISTED Outstanding=0
CORE ONDAMAGE ElapsedMs=84011.976 Ordinal=32 Target=PC_Hero Arg1=Fist Arg2=Golem Caller=Game.dll+0x0016E348 PlayerAction=0 PlayerPhase=5 PlayerMotion=Hero_Stand_None_2H_P0_Ambient_Loop_N_Fwd_00_%_00_P0_0.xmot Raw8Fist=<none> Raw8UseType=-1 Raw8Group=-1
CORE C1_START ElapsedMs=84013.373 Actor=PC_Hero Generation=133 Status=CANDIDATE Outstanding=0 TrackedSources=1 ReplacedGeneration=0 ReplacedOutstanding=0 Source[0]=It_2H_Sword_Flamberge Side=RIGHT Group=5
CORE C1_BIND ElapsedMs=84013.380 Event=COMBAT_MOVE_CANDIDATE_BOUND Actor=PC_Hero Generation=133 Status=CANDIDATE Outstanding=0 Source=<null> Script=_AI_Stumble
CORE C1_STATUS ElapsedMs=84013.428 Event=PERSISTED Actor=PC_Hero Generation=133 Status=PERSISTED Outstanding=0
CORE COLLISION_GROUP ElapsedMs=84020.527 Source=Fist UseType=8 Owner=<unresolved> Slot=NONE Requested=7 Before=0 After=0 MarkerBitsRetired=0
CORE C1_FINAL ElapsedMs=84165.764 Actor=Golem Generation=132 Status=PERSISTED SourceCount=1 PhysicalChanged=0 Source[0]=Fist Side=RIGHT Outstanding=0 Cleanup=0 Outcome=NO_OP_NO_OUTSTANDING
CORE C1_FINAL ElapsedMs=84304.168 Actor=PC_Hero Generation=133 Status=PERSISTED SourceCount=1 PhysicalChanged=0 Source[0]=It_2H_Sword_Flamberge Side=RIGHT Outstanding=0 Cleanup=0 Outcome=NO_OP_NO_OUTSTANDING
CORE C1_START ElapsedMs=85342.269 Actor=Golem Generation=134 Status=CANDIDATE Outstanding=0 TrackedSources=1 ReplacedGeneration=0 ReplacedOutstanding=0 Source[0]=Fist Side=RIGHT Group=0
CORE C1_BIND ElapsedMs=85342.282 Event=COMBAT_MOVE_CANDIDATE_BOUND Actor=Golem Generation=134 Status=CANDIDATE Outstanding=0 Source=<null> Script=_AI_Attack
CORE C1_STATUS ElapsedMs=85342.392 Event=PERSISTED Actor=Golem Generation=134 Status=PERSISTED Outstanding=0
CORE COLLISION_GROUP ElapsedMs=85594.359 Source=Fist UseType=8 Owner=<unresolved> Slot=NONE Requested=7 Before=0 After=0 MarkerBitsRetired=0
CORE C1_START ElapsedMs=85611.859 Actor=PC_Hero Generation=135 Status=CANDIDATE Outstanding=0 TrackedSources=1 ReplacedGeneration=0 ReplacedOutstanding=0 Source[0]=It_2H_Sword_Flamberge Side=RIGHT Group=5
CORE C1_BIND ElapsedMs=85611.871 Event=COMBAT_MOVE_CANDIDATE_BOUND Actor=PC_Hero Generation=135 Status=CANDIDATE Outstanding=0 Source=<null> Script=_AI_PowerAttack
CORE C1_STATUS ElapsedMs=85611.934 Event=PERSISTED Actor=PC_Hero Generation=135 Status=PERSISTED Outstanding=0
CORE C1_FINAL ElapsedMs=85739.421 Actor=Golem Generation=134 Status=PERSISTED SourceCount=1 PhysicalChanged=0 Source[0]=Fist Side=RIGHT Outstanding=0 Cleanup=0 Outcome=NO_OP_NO_OUTSTANDING
CORE C1_START ElapsedMs=85747.751 Actor=Golem Generation=136 Status=CANDIDATE Outstanding=0 TrackedSources=1 ReplacedGeneration=0 ReplacedOutstanding=0 Source[0]=Fist Side=RIGHT Group=0
CORE C1_BIND ElapsedMs=85747.763 Event=COMBAT_MOVE_CANDIDATE_BOUND Actor=Golem Generation=136 Status=CANDIDATE Outstanding=0 Source=<null> Script=_AI_JumpBack
CORE C1_STATUS ElapsedMs=85747.828 Event=PERSISTED Actor=Golem Generation=136 Status=PERSISTED Outstanding=0
CORE C1_BIND ElapsedMs=86106.141 Event=COMBAT_MOVE_REUSED Actor=PC_Hero Generation=135 Status=PERSISTED Outstanding=0 Source=<null> Script=_AI_PowerAttack
CORE ATTACK_OWNERSHIP ElapsedMs=86106.226 Actor=PC_Hero Family=POWER Action=2 Phase=1 Motion=Hero_Stand_None_2H_P0_PowerAttack_Hit_N_Fwd_00_%_00_P1_100_R.xmot MarkerPresent=1 RequiredMask=1 FistMarkers=0 Raw8Fist=<none> Raw8UseType=-1 SuppressNative=1 Classification=ROUTINE
CORE C1_FINAL ElapsedMs=86215.968 Actor=Golem Generation=136 Status=PERSISTED SourceCount=1 PhysicalChanged=0 Source[0]=Fist Side=RIGHT Outstanding=0 Cleanup=0 Outcome=NO_OP_NO_OUTSTANDING
CORE C1_START ElapsedMs=86224.840 Actor=Golem Generation=137 Status=CANDIDATE Outstanding=0 TrackedSources=1 ReplacedGeneration=0 ReplacedOutstanding=0 Source[0]=Fist Side=RIGHT Group=0
CORE C1_BIND ElapsedMs=86224.852 Event=COMBAT_MOVE_CANDIDATE_BOUND Actor=Golem Generation=137 Status=CANDIDATE Outstanding=0 Source=<null> Script=_AI_JumpBack
CORE C1_STATUS ElapsedMs=86224.937 Event=PERSISTED Actor=Golem Generation=137 Status=PERSISTED Outstanding=0
CORE COLLISION_GROUP ElapsedMs=86377.273 Source=It_2H_Sword_Flamberge UseType=3 Owner=PC_Hero Slot=RIGHT Requested=7 Before=5 After=7 MarkerBitsRetired=0
CORE C1 OFFENSE REQUEST ElapsedMs=86377.302 Actor=PC_Hero Generation=135 Status=PERSISTED Source=It_2H_Sword_Flamberge Side=RIGHT Requests=1 Outstanding=1 CleanupObserved=0 Group=7
CORE MARKER ElapsedMs=86377.315 Actor=PC_Hero Action=2 Family=POWER Phase=1 Motion=Hero_Stand_None_2H_P0_PowerAttack_Hit_N_Fwd_00_%_00_P1_100_R.xmot Marker=RIGHT Result=ACCEPTED C1Valid=1 C1=135 StatePosition=1 PreviousMask=0 DesiredMask=1 RetiredMask=0 OwnedMask=0 MarkerOwnedMask=1 Activated=1 Deactivated=0 Retired=0 RearmRequests=1 Clears=1 RightUseType=3
CORE ONDAMAGE ElapsedMs=86419.413 Ordinal=33 Target=Golem Arg1=Golem Arg2=Golem Caller=Game.dll+0x00069484 PlayerAction=2 PlayerPhase=1 PlayerMotion=Hero_Stand_None_2H_P0_PowerAttack_Hit_N_Fwd_00_%_00_P1_100_R.xmot Raw8Fist=<none> Raw8UseType=-1 Raw8Group=-1
CORE C1_START ElapsedMs=86427.081 Actor=Golem Generation=138 Status=CANDIDATE Outstanding=0 TrackedSources=1 ReplacedGeneration=137 ReplacedOutstanding=0 Source[0]=Fist Side=RIGHT Group=0
CORE C1_BIND ElapsedMs=86427.092 Event=COMBAT_MOVE_CANDIDATE_BOUND Actor=Golem Generation=138 Status=CANDIDATE Outstanding=0 Source=<null> Script=_AI_Stumble
CORE C1_STATUS ElapsedMs=86427.211 Event=PERSISTED Actor=Golem Generation=138 Status=PERSISTED Outstanding=0
CORE COLLISION_GROUP ElapsedMs=86580.348 Source=It_2H_Sword_Flamberge UseType=3 Owner=PC_Hero Slot=RIGHT Requested=5 Before=7 After=5 MarkerBitsRetired=1
CORE C1 CLEANUP FULFILLED ElapsedMs=86580.382 Actor=PC_Hero Generation=135 Status=PERSISTED Source=It_2H_Sword_Flamberge Side=RIGHT Requests=1 Outstanding=0 CleanupObserved=1 Group=5
CORE C1_FINAL ElapsedMs=86580.408 Actor=PC_Hero Generation=135 Status=PERSISTED SourceCount=1 PhysicalChanged=0 Source[0]=It_2H_Sword_Flamberge Side=RIGHT Outstanding=0 Cleanup=1 Outcome=NO_OP_NO_OUTSTANDING
CORE C1_FINAL ElapsedMs=86790.586 Actor=Golem Generation=138 Status=PERSISTED SourceCount=1 PhysicalChanged=0 Source[0]=Fist Side=RIGHT Outstanding=0 Cleanup=0 Outcome=NO_OP_NO_OUTSTANDING
CORE C1_START ElapsedMs=86927.000 Actor=PC_Hero Generation=139 Status=CANDIDATE Outstanding=0 TrackedSources=1 ReplacedGeneration=0 ReplacedOutstanding=0 Source[0]=It_2H_Sword_Flamberge Side=RIGHT Group=5
CORE C1_BIND ElapsedMs=86927.013 Event=COMBAT_MOVE_CANDIDATE_BOUND Actor=PC_Hero Generation=139 Status=CANDIDATE Outstanding=0 Source=<null> Script=_AI_PowerAttack
CORE C1_STATUS ElapsedMs=86927.079 Event=PERSISTED Actor=PC_Hero Generation=139 Status=PERSISTED Outstanding=0
CORE C1_START ElapsedMs=87333.822 Actor=Golem Generation=140 Status=CANDIDATE Outstanding=0 TrackedSources=1 ReplacedGeneration=0 ReplacedOutstanding=0 Source[0]=Fist Side=RIGHT Group=0
CORE C1_BIND ElapsedMs=87333.834 Event=COMBAT_MOVE_CANDIDATE_BOUND Actor=Golem Generation=140 Status=CANDIDATE Outstanding=0 Source=<null> Script=_AI_Attack
CORE C1_STATUS ElapsedMs=87333.891 Event=PERSISTED Actor=Golem Generation=140 Status=PERSISTED Outstanding=0
CORE C1_BIND ElapsedMs=87423.838 Event=COMBAT_MOVE_REUSED Actor=PC_Hero Generation=139 Status=PERSISTED Outstanding=0 Source=<null> Script=_AI_PowerAttack
CORE ATTACK_OWNERSHIP ElapsedMs=87423.920 Actor=PC_Hero Family=POWER Action=2 Phase=1 Motion=Hero_Stand_None_2H_P1_PowerAttack_Hit_N_Fwd_00_%_00_P0_120_R.xmot MarkerPresent=1 RequiredMask=1 FistMarkers=0 Raw8Fist=<none> Raw8UseType=-1 SuppressNative=1 Classification=ROUTINE
CORE COLLISION_GROUP ElapsedMs=87584.076 Source=Fist UseType=8 Owner=<unresolved> Slot=NONE Requested=7 Before=0 After=0 MarkerBitsRetired=0
CORE COLLISION_GROUP ElapsedMs=87690.169 Source=It_2H_Sword_Flamberge UseType=3 Owner=PC_Hero Slot=RIGHT Requested=7 Before=5 After=7 MarkerBitsRetired=0
CORE C1 OFFENSE REQUEST ElapsedMs=87690.195 Actor=PC_Hero Generation=139 Status=PERSISTED Source=It_2H_Sword_Flamberge Side=RIGHT Requests=1 Outstanding=1 CleanupObserved=0 Group=7
CORE MARKER ElapsedMs=87690.207 Actor=PC_Hero Action=2 Family=POWER Phase=1 Motion=Hero_Stand_None_2H_P1_PowerAttack_Hit_N_Fwd_00_%_00_P0_120_R.xmot Marker=RIGHT Result=ACCEPTED C1Valid=1 C1=139 StatePosition=1 PreviousMask=0 DesiredMask=1 RetiredMask=0 OwnedMask=0 MarkerOwnedMask=1 Activated=1 Deactivated=0 Retired=0 RearmRequests=1 Clears=1 RightUseType=3
CORE ONDAMAGE ElapsedMs=87701.901 Ordinal=34 Target=Golem Arg1=Golem Arg2=Golem Caller=Game.dll+0x00069484 PlayerAction=2 PlayerPhase=1 PlayerMotion=Hero_Stand_None_2H_P1_PowerAttack_Hit_N_Fwd_00_%_00_P0_120_R.xmot Raw8Fist=<none> Raw8UseType=-1 Raw8Group=-1
CORE C1_START ElapsedMs=87706.656 Actor=Golem Generation=141 Status=CANDIDATE Outstanding=0 TrackedSources=1 ReplacedGeneration=140 ReplacedOutstanding=0 Source[0]=Fist Side=RIGHT Group=0
CORE C1_BIND ElapsedMs=87706.667 Event=COMBAT_MOVE_CANDIDATE_BOUND Actor=Golem Generation=141 Status=CANDIDATE Outstanding=0 Source=<null> Script=_AI_Stumble
CORE C1_STATUS ElapsedMs=87706.725 Event=PERSISTED Actor=Golem Generation=141 Status=PERSISTED Outstanding=0
CORE COLLISION_GROUP ElapsedMs=87891.876 Source=It_2H_Sword_Flamberge UseType=3 Owner=PC_Hero Slot=RIGHT Requested=5 Before=7 After=5 MarkerBitsRetired=1
CORE C1 CLEANUP FULFILLED ElapsedMs=87891.905 Actor=PC_Hero Generation=139 Status=PERSISTED Source=It_2H_Sword_Flamberge Side=RIGHT Requests=1 Outstanding=0 CleanupObserved=1 Group=5
CORE C1_FINAL ElapsedMs=87891.927 Actor=PC_Hero Generation=139 Status=PERSISTED SourceCount=1 PhysicalChanged=0 Source[0]=It_2H_Sword_Flamberge Side=RIGHT Outstanding=0 Cleanup=1 Outcome=NO_OP_NO_OUTSTANDING
CORE C1_FINAL ElapsedMs=88066.486 Actor=Golem Generation=141 Status=PERSISTED SourceCount=1 PhysicalChanged=0 Source[0]=Fist Side=RIGHT Outstanding=0 Cleanup=0 Outcome=NO_OP_NO_OUTSTANDING
CORE C1_START ElapsedMs=88416.740 Actor=PC_Hero Generation=142 Status=CANDIDATE Outstanding=0 TrackedSources=1 ReplacedGeneration=0 ReplacedOutstanding=0 Source[0]=It_2H_Sword_Flamberge Side=RIGHT Group=5
CORE C1_BIND ElapsedMs=88416.753 Event=COMBAT_MOVE_CANDIDATE_BOUND Actor=PC_Hero Generation=142 Status=CANDIDATE Outstanding=0 Source=<null> Script=_AI_PowerAttack
CORE C1_STATUS ElapsedMs=88416.818 Event=PERSISTED Actor=PC_Hero Generation=142 Status=PERSISTED Outstanding=0
CORE C1_START ElapsedMs=88533.527 Actor=Golem Generation=143 Status=CANDIDATE Outstanding=0 TrackedSources=1 ReplacedGeneration=0 ReplacedOutstanding=0 Source[0]=Fist Side=RIGHT Group=0
CORE C1_BIND ElapsedMs=88533.539 Event=COMBAT_MOVE_CANDIDATE_BOUND Actor=Golem Generation=143 Status=CANDIDATE Outstanding=0 Source=<null> Script=_AI_Attack
CORE C1_STATUS ElapsedMs=88533.595 Event=PERSISTED Actor=Golem Generation=143 Status=PERSISTED Outstanding=0
CORE COLLISION_GROUP ElapsedMs=88778.299 Source=Fist UseType=8 Owner=<unresolved> Slot=NONE Requested=7 Before=0 After=0 MarkerBitsRetired=0
CORE C1_BIND ElapsedMs=88913.144 Event=COMBAT_MOVE_REUSED Actor=PC_Hero Generation=142 Status=PERSISTED Outstanding=0 Source=<null> Script=_AI_PowerAttack
CORE ATTACK_OWNERSHIP ElapsedMs=88913.226 Actor=PC_Hero Family=POWER Action=2 Phase=1 Motion=Hero_Stand_None_2H_P0_PowerAttack_Hit_N_Fwd_00_%_00_P1_100_R.xmot MarkerPresent=1 RequiredMask=1 FistMarkers=0 Raw8Fist=<none> Raw8UseType=-1 SuppressNative=1 Classification=ROUTINE
CORE C1_FINAL ElapsedMs=88929.931 Actor=Golem Generation=143 Status=PERSISTED SourceCount=1 PhysicalChanged=0 Source[0]=Fist Side=RIGHT Outstanding=0 Cleanup=0 Outcome=NO_OP_NO_OUTSTANDING
CORE C1_START ElapsedMs=88938.223 Actor=Golem Generation=144 Status=CANDIDATE Outstanding=0 TrackedSources=1 ReplacedGeneration=0 ReplacedOutstanding=0 Source[0]=Fist Side=RIGHT Group=0
CORE C1_BIND ElapsedMs=88938.236 Event=COMBAT_MOVE_CANDIDATE_BOUND Actor=Golem Generation=144 Status=CANDIDATE Outstanding=0 Source=<null> Script=_AI_JumpBack
CORE C1_STATUS ElapsedMs=88938.297 Event=PERSISTED Actor=Golem Generation=144 Status=PERSISTED Outstanding=0
CORE COLLISION_GROUP ElapsedMs=89181.662 Source=It_2H_Sword_Flamberge UseType=3 Owner=PC_Hero Slot=RIGHT Requested=7 Before=5 After=7 MarkerBitsRetired=0
CORE C1 OFFENSE REQUEST ElapsedMs=89181.691 Actor=PC_Hero Generation=142 Status=PERSISTED Source=It_2H_Sword_Flamberge Side=RIGHT Requests=1 Outstanding=1 CleanupObserved=0 Group=7
CORE MARKER ElapsedMs=89181.704 Actor=PC_Hero Action=2 Family=POWER Phase=1 Motion=Hero_Stand_None_2H_P0_PowerAttack_Hit_N_Fwd_00_%_00_P1_100_R.xmot Marker=RIGHT Result=ACCEPTED C1Valid=1 C1=142 StatePosition=1 PreviousMask=0 DesiredMask=1 RetiredMask=0 OwnedMask=0 MarkerOwnedMask=1 Activated=1 Deactivated=0 Retired=0 RearmRequests=1 Clears=1 RightUseType=3
CORE ONDAMAGE ElapsedMs=89226.216 Ordinal=35 Target=Golem Arg1=Golem Arg2=Golem Caller=Game.dll+0x00069484 PlayerAction=2 PlayerPhase=1 PlayerMotion=Hero_Stand_None_2H_P0_PowerAttack_Hit_N_Fwd_00_%_00_P1_100_R.xmot Raw8Fist=<none> Raw8UseType=-1 Raw8Group=-1
CORE C1_START ElapsedMs=89231.588 Actor=Golem Generation=145 Status=CANDIDATE Outstanding=0 TrackedSources=1 ReplacedGeneration=144 ReplacedOutstanding=0 Source[0]=Fist Side=RIGHT Group=0
CORE C1_BIND ElapsedMs=89231.604 Event=COMBAT_MOVE_CANDIDATE_BOUND Actor=Golem Generation=145 Status=CANDIDATE Outstanding=0 Source=<null> Script=_AI_Stumble
CORE C1_STATUS ElapsedMs=89231.727 Event=PERSISTED Actor=Golem Generation=145 Status=PERSISTED Outstanding=0
CORE COLLISION_GROUP ElapsedMs=89388.427 Source=It_2H_Sword_Flamberge UseType=3 Owner=PC_Hero Slot=RIGHT Requested=5 Before=7 After=5 MarkerBitsRetired=1
CORE C1 CLEANUP FULFILLED ElapsedMs=89388.456 Actor=PC_Hero Generation=142 Status=PERSISTED Source=It_2H_Sword_Flamberge Side=RIGHT Requests=1 Outstanding=0 CleanupObserved=1 Group=5
CORE C1_FINAL ElapsedMs=89388.484 Actor=PC_Hero Generation=142 Status=PERSISTED SourceCount=1 PhysicalChanged=0 Source[0]=It_2H_Sword_Flamberge Side=RIGHT Outstanding=0 Cleanup=1 Outcome=NO_OP_NO_OUTSTANDING
CORE C1_FINAL ElapsedMs=89596.270 Actor=Golem Generation=145 Status=PERSISTED SourceCount=1 PhysicalChanged=0 Source[0]=Fist Side=RIGHT Outstanding=0 Cleanup=0 Outcome=NO_OP_NO_OUTSTANDING
CORE C1_START ElapsedMs=89975.657 Actor=PC_Hero Generation=146 Status=CANDIDATE Outstanding=0 TrackedSources=1 ReplacedGeneration=0 ReplacedOutstanding=0 Source[0]=It_2H_Sword_Flamberge Side=RIGHT Group=5
CORE C1_BIND ElapsedMs=89975.671 Event=COMBAT_MOVE_CANDIDATE_BOUND Actor=PC_Hero Generation=146 Status=CANDIDATE Outstanding=0 Source=<null> Script=_AI_PowerAttack
CORE C1_STATUS ElapsedMs=89975.736 Event=PERSISTED Actor=PC_Hero Generation=146 Status=PERSISTED Outstanding=0
CORE C1_START ElapsedMs=90240.016 Actor=Golem Generation=147 Status=CANDIDATE Outstanding=0 TrackedSources=1 ReplacedGeneration=0 ReplacedOutstanding=0 Source[0]=Fist Side=RIGHT Group=0
CORE C1_BIND ElapsedMs=90240.029 Event=COMBAT_MOVE_CANDIDATE_BOUND Actor=Golem Generation=147 Status=CANDIDATE Outstanding=0 Source=<null> Script=_AI_Attack
CORE C1_STATUS ElapsedMs=90240.085 Event=PERSISTED Actor=Golem Generation=147 Status=PERSISTED Outstanding=0
CORE C1_BIND ElapsedMs=90472.648 Event=COMBAT_MOVE_REUSED Actor=PC_Hero Generation=146 Status=PERSISTED Outstanding=0 Source=<null> Script=_AI_PowerAttack
CORE ATTACK_OWNERSHIP ElapsedMs=90472.784 Actor=PC_Hero Family=POWER Action=2 Phase=1 Motion=Hero_Stand_None_2H_P1_PowerAttack_Hit_N_Fwd_00_%_00_P0_120_R.xmot MarkerPresent=1 RequiredMask=1 FistMarkers=0 Raw8Fist=<none> Raw8UseType=-1 SuppressNative=1 Classification=ROUTINE
CORE COLLISION_GROUP ElapsedMs=90488.966 Source=Fist UseType=8 Owner=<unresolved> Slot=NONE Requested=7 Before=0 After=0 MarkerBitsRetired=0
CORE C1_FINAL ElapsedMs=90631.874 Actor=Golem Generation=147 Status=PERSISTED SourceCount=1 PhysicalChanged=0 Source[0]=Fist Side=RIGHT Outstanding=0 Cleanup=0 Outcome=NO_OP_NO_OUTSTANDING
CORE C1_START ElapsedMs=90640.995 Actor=Golem Generation=148 Status=CANDIDATE Outstanding=0 TrackedSources=1 ReplacedGeneration=0 ReplacedOutstanding=0 Source[0]=Fist Side=RIGHT Group=0
CORE C1_BIND ElapsedMs=90641.007 Event=COMBAT_MOVE_CANDIDATE_BOUND Actor=Golem Generation=148 Status=CANDIDATE Outstanding=0 Source=<null> Script=_AI_JumpBack
CORE C1_STATUS ElapsedMs=90641.069 Event=PERSISTED Actor=Golem Generation=148 Status=PERSISTED Outstanding=0
CORE COLLISION_GROUP ElapsedMs=90736.638 Source=It_2H_Sword_Flamberge UseType=3 Owner=PC_Hero Slot=RIGHT Requested=7 Before=5 After=7 MarkerBitsRetired=0
CORE C1 OFFENSE REQUEST ElapsedMs=90736.667 Actor=PC_Hero Generation=146 Status=PERSISTED Source=It_2H_Sword_Flamberge Side=RIGHT Requests=1 Outstanding=1 CleanupObserved=0 Group=7
CORE MARKER ElapsedMs=90736.680 Actor=PC_Hero Action=2 Family=POWER Phase=1 Motion=Hero_Stand_None_2H_P1_PowerAttack_Hit_N_Fwd_00_%_00_P0_120_R.xmot Marker=RIGHT Result=ACCEPTED C1Valid=1 C1=146 StatePosition=1 PreviousMask=0 DesiredMask=1 RetiredMask=0 OwnedMask=0 MarkerOwnedMask=1 Activated=1 Deactivated=0 Retired=0 RearmRequests=1 Clears=1 RightUseType=3
CORE ONDAMAGE ElapsedMs=90756.236 Ordinal=36 Target=Golem Arg1=Golem Arg2=Golem Caller=Game.dll+0x00069484 PlayerAction=2 PlayerPhase=1 PlayerMotion=Hero_Stand_None_2H_P1_PowerAttack_Hit_N_Fwd_00_%_00_P0_120_R.xmot Raw8Fist=<none> Raw8UseType=-1 Raw8Group=-1
CORE C1_START ElapsedMs=90761.424 Actor=Golem Generation=149 Status=CANDIDATE Outstanding=0 TrackedSources=1 ReplacedGeneration=148 ReplacedOutstanding=0 Source[0]=Fist Side=RIGHT Group=0
CORE C1_BIND ElapsedMs=90761.448 Event=COMBAT_MOVE_CANDIDATE_BOUND Actor=Golem Generation=149 Status=CANDIDATE Outstanding=0 Source=<null> Script=_AI_Stumble
CORE C1_STATUS ElapsedMs=90761.552 Event=PERSISTED Actor=Golem Generation=149 Status=PERSISTED Outstanding=0
CORE COLLISION_GROUP ElapsedMs=90940.895 Source=It_2H_Sword_Flamberge UseType=3 Owner=PC_Hero Slot=RIGHT Requested=5 Before=7 After=5 MarkerBitsRetired=1
CORE C1 CLEANUP FULFILLED ElapsedMs=90940.945 Actor=PC_Hero Generation=146 Status=PERSISTED Source=It_2H_Sword_Flamberge Side=RIGHT Requests=1 Outstanding=0 CleanupObserved=1 Group=5
CORE C1_FINAL ElapsedMs=90940.985 Actor=PC_Hero Generation=146 Status=PERSISTED SourceCount=1 PhysicalChanged=0 Source[0]=It_2H_Sword_Flamberge Side=RIGHT Outstanding=0 Cleanup=1 Outcome=NO_OP_NO_OUTSTANDING
CORE C1_FINAL ElapsedMs=91128.810 Actor=Golem Generation=149 Status=PERSISTED SourceCount=1 PhysicalChanged=0 Source[0]=Fist Side=RIGHT Outstanding=0 Cleanup=0 Outcome=NO_OP_NO_OUTSTANDING
CORE C1_START ElapsedMs=91655.913 Actor=PC_Hero Generation=150 Status=CANDIDATE Outstanding=0 TrackedSources=1 ReplacedGeneration=0 ReplacedOutstanding=0 Source[0]=It_2H_Sword_Flamberge Side=RIGHT Group=5
CORE C1_BIND ElapsedMs=91655.926 Event=COMBAT_MOVE_CANDIDATE_BOUND Actor=PC_Hero Generation=150 Status=CANDIDATE Outstanding=0 Source=<null> Script=_AI_PowerAttack
CORE C1_STATUS ElapsedMs=91655.988 Event=PERSISTED Actor=PC_Hero Generation=150 Status=PERSISTED Outstanding=0
CORE C1_START ElapsedMs=91672.080 Actor=Golem Generation=151 Status=CANDIDATE Outstanding=0 TrackedSources=1 ReplacedGeneration=0 ReplacedOutstanding=0 Source[0]=Fist Side=RIGHT Group=0
CORE C1_BIND ElapsedMs=91672.091 Event=COMBAT_MOVE_CANDIDATE_BOUND Actor=Golem Generation=151 Status=CANDIDATE Outstanding=0 Source=<null> Script=_AI_JumpBack
CORE C1_STATUS ElapsedMs=91672.146 Event=PERSISTED Actor=Golem Generation=151 Status=PERSISTED Outstanding=0
CORE C1_FINAL ElapsedMs=92149.492 Actor=Golem Generation=151 Status=PERSISTED SourceCount=1 PhysicalChanged=0 Source[0]=Fist Side=RIGHT Outstanding=0 Cleanup=0 Outcome=NO_OP_NO_OUTSTANDING
CORE C1_START ElapsedMs=92157.668 Actor=Golem Generation=152 Status=CANDIDATE Outstanding=0 TrackedSources=1 ReplacedGeneration=0 ReplacedOutstanding=0 Source[0]=Fist Side=RIGHT Group=0
CORE C1_BIND ElapsedMs=92157.680 Event=COMBAT_MOVE_CANDIDATE_BOUND Actor=Golem Generation=152 Status=CANDIDATE Outstanding=0 Source=<null> Script=_AI_JumpBack
CORE C1_STATUS ElapsedMs=92157.735 Event=PERSISTED Actor=Golem Generation=152 Status=PERSISTED Outstanding=0
CORE C1_BIND ElapsedMs=92158.345 Event=COMBAT_MOVE_REUSED Actor=PC_Hero Generation=150 Status=PERSISTED Outstanding=0 Source=<null> Script=_AI_PowerAttack
CORE ATTACK_OWNERSHIP ElapsedMs=92158.415 Actor=PC_Hero Family=POWER Action=2 Phase=1 Motion=Hero_Stand_None_2H_P0_PowerAttack_Hit_N_Fwd_00_%_00_P1_100_R.xmot MarkerPresent=1 RequiredMask=1 FistMarkers=0 Raw8Fist=<none> Raw8UseType=-1 SuppressNative=1 Classification=ROUTINE
CORE COLLISION_GROUP ElapsedMs=92425.719 Source=It_2H_Sword_Flamberge UseType=3 Owner=PC_Hero Slot=RIGHT Requested=7 Before=5 After=7 MarkerBitsRetired=0
CORE C1 OFFENSE REQUEST ElapsedMs=92425.758 Actor=PC_Hero Generation=150 Status=PERSISTED Source=It_2H_Sword_Flamberge Side=RIGHT Requests=1 Outstanding=1 CleanupObserved=0 Group=7
CORE MARKER ElapsedMs=92425.785 Actor=PC_Hero Action=2 Family=POWER Phase=1 Motion=Hero_Stand_None_2H_P0_PowerAttack_Hit_N_Fwd_00_%_00_P1_100_R.xmot Marker=RIGHT Result=ACCEPTED C1Valid=1 C1=150 StatePosition=1 PreviousMask=0 DesiredMask=1 RetiredMask=0 OwnedMask=0 MarkerOwnedMask=1 Activated=1 Deactivated=0 Retired=0 RearmRequests=1 Clears=1 RightUseType=3
CORE C1_FINAL ElapsedMs=92634.324 Actor=Golem Generation=152 Status=PERSISTED SourceCount=1 PhysicalChanged=0 Source[0]=Fist Side=RIGHT Outstanding=0 Cleanup=0 Outcome=NO_OP_NO_OUTSTANDING
CORE COLLISION_GROUP ElapsedMs=92634.751 Source=It_2H_Sword_Flamberge UseType=3 Owner=PC_Hero Slot=RIGHT Requested=5 Before=7 After=5 MarkerBitsRetired=1
CORE C1 CLEANUP FULFILLED ElapsedMs=92634.766 Actor=PC_Hero Generation=150 Status=PERSISTED Source=It_2H_Sword_Flamberge Side=RIGHT Requests=1 Outstanding=0 CleanupObserved=1 Group=5
CORE C1_FINAL ElapsedMs=92634.784 Actor=PC_Hero Generation=150 Status=PERSISTED SourceCount=1 PhysicalChanged=0 Source[0]=It_2H_Sword_Flamberge Side=RIGHT Outstanding=0 Cleanup=1 Outcome=NO_OP_NO_OUTSTANDING
CORE C1_START ElapsedMs=92978.163 Actor=PC_Hero Generation=153 Status=CANDIDATE Outstanding=0 TrackedSources=1 ReplacedGeneration=0 ReplacedOutstanding=0 Source[0]=It_2H_Sword_Flamberge Side=RIGHT Group=5
CORE C1_STATUS ElapsedMs=92978.252 Event=PERSISTED Actor=PC_Hero Generation=153 Status=PERSISTED Outstanding=0
CORE C1_START ElapsedMs=93140.893 Actor=PC_Hero Generation=154 Status=CANDIDATE Outstanding=0 TrackedSources=1 ReplacedGeneration=153 ReplacedOutstanding=0 Source[0]=It_2H_Sword_Flamberge Side=RIGHT Group=5
CORE C1_BIND ElapsedMs=93140.906 Event=COMBAT_MOVE_CANDIDATE_BOUND Actor=PC_Hero Generation=154 Status=CANDIDATE Outstanding=0 Source=<null> Script=_AI_Attack
CORE C1_STATUS ElapsedMs=93140.973 Event=PERSISTED Actor=PC_Hero Generation=154 Status=PERSISTED Outstanding=0
CORE ATTACK_OWNERSHIP ElapsedMs=93140.990 Actor=PC_Hero Family=NORMAL Action=1 Phase=1 Motion=Hero_Stand_None_2H_P1_Attack_Hit_N_Fwd_00_%_00_P0_90_L.xmot MarkerPresent=1 RequiredMask=1 FistMarkers=0 Raw8Fist=<none> Raw8UseType=-1 SuppressNative=1 Classification=ROUTINE
CORE C1_START ElapsedMs=93269.415 Actor=Golem Generation=155 Status=CANDIDATE Outstanding=0 TrackedSources=1 ReplacedGeneration=0 ReplacedOutstanding=0 Source[0]=Fist Side=RIGHT Group=0
CORE C1_BIND ElapsedMs=93269.427 Event=COMBAT_MOVE_CANDIDATE_BOUND Actor=Golem Generation=155 Status=CANDIDATE Outstanding=0 Source=<null> Script=_AI_Attack
CORE C1_STATUS ElapsedMs=93269.483 Event=PERSISTED Actor=Golem Generation=155 Status=PERSISTED Outstanding=0
CORE COLLISION_GROUP ElapsedMs=93405.620 Source=It_2H_Sword_Flamberge UseType=3 Owner=PC_Hero Slot=RIGHT Requested=7 Before=5 After=7 MarkerBitsRetired=0
CORE C1 OFFENSE REQUEST ElapsedMs=93405.648 Actor=PC_Hero Generation=154 Status=PERSISTED Source=It_2H_Sword_Flamberge Side=RIGHT Requests=1 Outstanding=1 CleanupObserved=0 Group=7
CORE MARKER ElapsedMs=93405.685 Actor=PC_Hero Action=1 Family=NORMAL Phase=1 Motion=Hero_Stand_None_2H_P1_Attack_Hit_N_Fwd_00_%_00_P0_90_L.xmot Marker=RIGHT Result=ACCEPTED C1Valid=1 C1=154 StatePosition=0 PreviousMask=0 DesiredMask=1 RetiredMask=0 OwnedMask=0 MarkerOwnedMask=1 Activated=1 Deactivated=0 Retired=0 RearmRequests=1 Clears=1 RightUseType=3
CORE ONDAMAGE ElapsedMs=93434.001 Ordinal=37 Target=Golem Arg1=Golem Arg2=Golem Caller=Game.dll+0x00069484 PlayerAction=1 PlayerPhase=1 PlayerMotion=Hero_Stand_None_2H_P1_Attack_Hit_N_Fwd_00_%_00_P0_90_L.xmot Raw8Fist=<none> Raw8UseType=-1 Raw8Group=-1
CORE C1_START ElapsedMs=93439.040 Actor=Golem Generation=156 Status=CANDIDATE Outstanding=0 TrackedSources=1 ReplacedGeneration=155 ReplacedOutstanding=0 Source[0]=Fist Side=RIGHT Group=0
CORE C1_BIND ElapsedMs=93439.052 Event=COMBAT_MOVE_CANDIDATE_BOUND Actor=Golem Generation=156 Status=CANDIDATE Outstanding=0 Source=<null> Script=_AI_Stumble
CORE C1_STATUS ElapsedMs=93439.383 Event=PERSISTED Actor=Golem Generation=156 Status=PERSISTED Outstanding=0
CORE COLLISION_GROUP ElapsedMs=93612.664 Source=It_2H_Sword_Flamberge UseType=3 Owner=PC_Hero Slot=RIGHT Requested=5 Before=7 After=5 MarkerBitsRetired=1
CORE C1 CLEANUP FULFILLED ElapsedMs=93612.693 Actor=PC_Hero Generation=154 Status=PERSISTED Source=It_2H_Sword_Flamberge Side=RIGHT Requests=1 Outstanding=0 CleanupObserved=1 Group=5
CORE C1_FINAL ElapsedMs=93612.718 Actor=PC_Hero Generation=154 Status=PERSISTED SourceCount=1 PhysicalChanged=0 Source[0]=It_2H_Sword_Flamberge Side=RIGHT Outstanding=0 Cleanup=1 Outcome=NO_OP_NO_OUTSTANDING
CORE C1_START ElapsedMs=93621.024 Actor=PC_Hero Generation=157 Status=CANDIDATE Outstanding=0 TrackedSources=1 ReplacedGeneration=0 ReplacedOutstanding=0 Source[0]=It_2H_Sword_Flamberge Side=RIGHT Group=5
CORE C1_STATUS ElapsedMs=93621.098 Event=PERSISTED Actor=PC_Hero Generation=157 Status=PERSISTED Outstanding=0
CORE C1_START ElapsedMs=93784.375 Actor=PC_Hero Generation=158 Status=CANDIDATE Outstanding=0 TrackedSources=1 ReplacedGeneration=157 ReplacedOutstanding=0 Source[0]=It_2H_Sword_Flamberge Side=RIGHT Group=5
CORE C1_BIND ElapsedMs=93784.386 Event=COMBAT_MOVE_CANDIDATE_BOUND Actor=PC_Hero Generation=158 Status=CANDIDATE Outstanding=0 Source=<null> Script=_AI_Attack
CORE C1_STATUS ElapsedMs=93784.458 Event=PERSISTED Actor=PC_Hero Generation=158 Status=PERSISTED Outstanding=0
CORE ATTACK_OWNERSHIP ElapsedMs=93784.477 Actor=PC_Hero Family=NORMAL Action=1 Phase=1 Motion=Hero_Stand_None_2H_P0_Attack_Hit_N_Fwd_00_%_00_P1_90_R.xmot MarkerPresent=1 RequiredMask=1 FistMarkers=0 Raw8Fist=<none> Raw8UseType=-1 SuppressNative=1 Classification=ROUTINE
CORE C1_FINAL ElapsedMs=93801.091 Actor=Golem Generation=156 Status=PERSISTED SourceCount=1 PhysicalChanged=0 Source[0]=Fist Side=RIGHT Outstanding=0 Cleanup=0 Outcome=NO_OP_NO_OUTSTANDING
CORE C1_START ElapsedMs=93817.451 Actor=Golem Generation=159 Status=CANDIDATE Outstanding=0 TrackedSources=1 ReplacedGeneration=0 ReplacedOutstanding=0 Source[0]=Fist Side=RIGHT Group=0
CORE C1_BIND ElapsedMs=93817.466 Event=COMBAT_MOVE_CANDIDATE_BOUND Actor=Golem Generation=159 Status=CANDIDATE Outstanding=0 Source=<null> Script=_AI_PowerAttack
CORE C1_STATUS ElapsedMs=93817.527 Event=PERSISTED Actor=Golem Generation=159 Status=PERSISTED Outstanding=0
CORE COLLISION_GROUP ElapsedMs=94058.050 Source=It_2H_Sword_Flamberge UseType=3 Owner=PC_Hero Slot=RIGHT Requested=7 Before=5 After=7 MarkerBitsRetired=0
CORE C1 OFFENSE REQUEST ElapsedMs=94058.079 Actor=PC_Hero Generation=158 Status=PERSISTED Source=It_2H_Sword_Flamberge Side=RIGHT Requests=1 Outstanding=1 CleanupObserved=0 Group=7
CORE MARKER ElapsedMs=94058.091 Actor=PC_Hero Action=1 Family=NORMAL Phase=1 Motion=Hero_Stand_None_2H_P0_Attack_Hit_N_Fwd_00_%_00_P1_90_R.xmot Marker=RIGHT Result=ACCEPTED C1Valid=1 C1=158 StatePosition=0 PreviousMask=0 DesiredMask=1 RetiredMask=0 OwnedMask=0 MarkerOwnedMask=1 Activated=1 Deactivated=0 Retired=0 RearmRequests=1 Clears=1 RightUseType=3
CORE ONDAMAGE ElapsedMs=94086.125 Ordinal=38 Target=Golem Arg1=Golem Arg2=Golem Caller=Game.dll+0x00069484 PlayerAction=1 PlayerPhase=1 PlayerMotion=Hero_Stand_None_2H_P0_Attack_Hit_N_Fwd_00_%_00_P1_90_R.xmot Raw8Fist=<none> Raw8UseType=-1 Raw8Group=-1
CORE C1_BIND ElapsedMs=94158.445 Event=COMBAT_MOVE_REUSED Actor=Golem Generation=159 Status=PERSISTED Outstanding=0 Source=<null> Script=_AI_PowerAttack
CORE ATTACK_OWNERSHIP ElapsedMs=94158.529 Actor=Golem Family=SPRINT Action=9 Phase=1 Motion=Golem_Stand_None_Fist_P0_PowerAttack_Hit_N_Fwd_00_%_00_P0_100_R.xmot MarkerPresent=0 RequiredMask=0 FistMarkers=0 Raw8Fist=<none> Raw8UseType=-1 SuppressNative=0 Classification=ROUTINE
CORE EQUIPPED_SPRINT_PROBE Boundary=CALLBACK Decision=DELEGATE_NATIVE Reason=MARKER_MISSING Actor=Golem ActorAddress=E6EACA10 Action=9 Phase=1 Family=7 C1Valid=1 C1Generation=159 RequiredSourceMask=0 RightAddress=E6EEFE10 RightUseType=8 LeftAddress=00000000 LeftUseType=0 Marker=INVALID BoundIdentityMatch=-1 Motion=Golem_Stand_None_Fist_P0_PowerAttack_Hit_N_Fwd_00_%_00_P0_100_R.xmot ElapsedMs=94158.543
CORE COLLISION_GROUP ElapsedMs=94158.560 Source=Fist UseType=8 Owner=<unresolved> Slot=NONE Requested=7 Before=0 After=0 MarkerBitsRetired=0
CORE EQUIPPED_SPRINT_PROBE Boundary=CALLBACK Decision=DELEGATE_NATIVE Reason=MARKER_MISSING Actor=Golem ActorAddress=E6EACA10 Action=9 Phase=1 Family=7 C1Valid=1 C1Generation=159 RequiredSourceMask=0 RightAddress=E6EEFE10 RightUseType=8 LeftAddress=00000000 LeftUseType=0 Marker=INVALID BoundIdentityMatch=-1 Motion=Golem_Stand_None_Fist_P0_PowerAttack_Hit_N_Fwd_00_%_00_P0_100_R.xmot ElapsedMs=94167.544
CORE EQUIPPED_SPRINT_PROBE Boundary=CALLBACK Decision=DELEGATE_NATIVE Reason=MARKER_MISSING Actor=Golem ActorAddress=E6EACA10 Action=9 Phase=1 Family=7 C1Valid=1 C1Generation=159 RequiredSourceMask=0 RightAddress=E6EEFE10 RightUseType=8 LeftAddress=00000000 LeftUseType=0 Marker=INVALID BoundIdentityMatch=-1 Motion=Golem_Stand_None_Fist_P0_PowerAttack_Hit_N_Fwd_00_%_00_P0_100_R.xmot ElapsedMs=94175.440
CORE EQUIPPED_SPRINT_PROBE Boundary=CALLBACK Decision=DELEGATE_NATIVE Reason=MARKER_MISSING Actor=Golem ActorAddress=E6EACA10 Action=9 Phase=1 Family=7 C1Valid=1 C1Generation=159 RequiredSourceMask=0 RightAddress=E6EEFE10 RightUseType=8 LeftAddress=00000000 LeftUseType=0 Marker=INVALID BoundIdentityMatch=-1 Motion=Golem_Stand_None_Fist_P0_PowerAttack_Hit_N_Fwd_00_%_00_P0_100_R.xmot ElapsedMs=94185.126
CORE EQUIPPED_SPRINT_PROBE Boundary=CALLBACK Decision=DELEGATE_NATIVE Reason=MARKER_MISSING Actor=Golem ActorAddress=E6EACA10 Action=9 Phase=1 Family=7 C1Valid=1 C1Generation=159 RequiredSourceMask=0 RightAddress=E6EEFE10 RightUseType=8 LeftAddress=00000000 LeftUseType=0 Marker=INVALID BoundIdentityMatch=-1 Motion=Golem_Stand_None_Fist_P0_PowerAttack_Hit_N_Fwd_00_%_00_P0_100_R.xmot ElapsedMs=94193.198
CORE EQUIPPED_SPRINT_PROBE Boundary=CALLBACK Decision=DELEGATE_NATIVE Reason=MARKER_MISSING Actor=Golem ActorAddress=E6EACA10 Action=9 Phase=1 Family=7 C1Valid=1 C1Generation=159 RequiredSourceMask=0 RightAddress=E6EEFE10 RightUseType=8 LeftAddress=00000000 LeftUseType=0 Marker=INVALID BoundIdentityMatch=-1 Motion=Golem_Stand_None_Fist_P0_PowerAttack_Hit_N_Fwd_00_%_00_P0_100_R.xmot ElapsedMs=94201.498
CORE EQUIPPED_SPRINT_PROBE Boundary=CALLBACK Decision=DELEGATE_NATIVE Reason=MARKER_MISSING Actor=Golem ActorAddress=E6EACA10 Action=9 Phase=1 Family=7 C1Valid=1 C1Generation=159 RequiredSourceMask=0 RightAddress=E6EEFE10 RightUseType=8 LeftAddress=00000000 LeftUseType=0 Marker=INVALID BoundIdentityMatch=-1 Motion=Golem_Stand_None_Fist_P0_PowerAttack_Hit_N_Fwd_00_%_00_P0_100_R.xmot ElapsedMs=94209.496
CORE EQUIPPED_SPRINT_PROBE Boundary=CALLBACK Decision=DELEGATE_NATIVE Reason=MARKER_MISSING Actor=Golem ActorAddress=E6EACA10 Action=9 Phase=1 Family=7 C1Valid=1 C1Generation=159 RequiredSourceMask=0 RightAddress=E6EEFE10 RightUseType=8 LeftAddress=00000000 LeftUseType=0 Marker=INVALID BoundIdentityMatch=-1 Motion=Golem_Stand_None_Fist_P0_PowerAttack_Hit_N_Fwd_00_%_00_P0_100_R.xmot ElapsedMs=94217.842
CORE EQUIPPED_SPRINT_PROBE Boundary=CALLBACK Decision=DELEGATE_NATIVE Reason=MARKER_MISSING Actor=Golem ActorAddress=E6EACA10 Action=9 Phase=1 Family=7 C1Valid=1 C1Generation=159 RequiredSourceMask=0 RightAddress=E6EEFE10 RightUseType=8 LeftAddress=00000000 LeftUseType=0 Marker=INVALID BoundIdentityMatch=-1 Motion=Golem_Stand_None_Fist_P0_PowerAttack_Hit_N_Fwd_00_%_00_P0_100_R.xmot ElapsedMs=94227.040
CORE EQUIPPED_SPRINT_PROBE Boundary=CALLBACK Decision=DELEGATE_NATIVE Reason=MARKER_MISSING Actor=Golem ActorAddress=E6EACA10 Action=9 Phase=1 Family=7 C1Valid=1 C1Generation=159 RequiredSourceMask=0 RightAddress=E6EEFE10 RightUseType=8 LeftAddress=00000000 LeftUseType=0 Marker=INVALID BoundIdentityMatch=-1 Motion=Golem_Stand_None_Fist_P0_PowerAttack_Hit_N_Fwd_00_%_00_P0_100_R.xmot ElapsedMs=94235.645
CORE EQUIPPED_SPRINT_PROBE Boundary=CALLBACK Decision=DELEGATE_NATIVE Reason=MARKER_MISSING Actor=Golem ActorAddress=E6EACA10 Action=9 Phase=1 Family=7 C1Valid=1 C1Generation=159 RequiredSourceMask=0 RightAddress=E6EEFE10 RightUseType=8 LeftAddress=00000000 LeftUseType=0 Marker=INVALID BoundIdentityMatch=-1 Motion=Golem_Stand_None_Fist_P0_PowerAttack_Hit_N_Fwd_00_%_00_P0_100_R.xmot ElapsedMs=94243.650
CORE EQUIPPED_SPRINT_PROBE Boundary=CALLBACK Decision=DELEGATE_NATIVE Reason=MARKER_MISSING Actor=Golem ActorAddress=E6EACA10 Action=9 Phase=1 Family=7 C1Valid=1 C1Generation=159 RequiredSourceMask=0 RightAddress=E6EEFE10 RightUseType=8 LeftAddress=00000000 LeftUseType=0 Marker=INVALID BoundIdentityMatch=-1 Motion=Golem_Stand_None_Fist_P0_PowerAttack_Hit_N_Fwd_00_%_00_P0_100_R.xmot ElapsedMs=94252.141
CORE EQUIPPED_SPRINT_PROBE Boundary=CALLBACK Decision=DELEGATE_NATIVE Reason=MARKER_MISSING Actor=Golem ActorAddress=E6EACA10 Action=9 Phase=1 Family=7 C1Valid=1 C1Generation=159 RequiredSourceMask=0 RightAddress=E6EEFE10 RightUseType=8 LeftAddress=00000000 LeftUseType=0 Marker=INVALID BoundIdentityMatch=-1 Motion=Golem_Stand_None_Fist_P0_PowerAttack_Hit_N_Fwd_00_%_00_P0_100_R.xmot ElapsedMs=94260.638
CORE COLLISION_GROUP ElapsedMs=94260.909 Source=It_2H_Sword_Flamberge UseType=3 Owner=PC_Hero Slot=RIGHT Requested=5 Before=7 After=5 MarkerBitsRetired=1
CORE C1 CLEANUP FULFILLED ElapsedMs=94260.923 Actor=PC_Hero Generation=158 Status=PERSISTED Source=It_2H_Sword_Flamberge Side=RIGHT Requests=1 Outstanding=0 CleanupObserved=1 Group=5
CORE C1_FINAL ElapsedMs=94260.950 Actor=PC_Hero Generation=158 Status=PERSISTED SourceCount=1 PhysicalChanged=0 Source[0]=It_2H_Sword_Flamberge Side=RIGHT Outstanding=0 Cleanup=1 Outcome=NO_OP_NO_OUTSTANDING
CORE EQUIPPED_SPRINT_PROBE Boundary=CALLBACK Decision=DELEGATE_NATIVE Reason=MARKER_MISSING Actor=Golem ActorAddress=E6EACA10 Action=9 Phase=1 Family=7 C1Valid=1 C1Generation=159 RequiredSourceMask=0 RightAddress=E6EEFE10 RightUseType=8 LeftAddress=00000000 LeftUseType=0 Marker=INVALID BoundIdentityMatch=-1 Motion=Golem_Stand_None_Fist_P0_PowerAttack_Hit_N_Fwd_00_%_00_P0_100_R.xmot ElapsedMs=94269.894
CORE C1_START ElapsedMs=94270.118 Actor=PC_Hero Generation=160 Status=CANDIDATE Outstanding=0 TrackedSources=1 ReplacedGeneration=0 ReplacedOutstanding=0 Source[0]=It_2H_Sword_Flamberge Side=RIGHT Group=5
CORE C1_BIND ElapsedMs=94270.126 Event=COMBAT_MOVE_CANDIDATE_BOUND Actor=PC_Hero Generation=160 Status=CANDIDATE Outstanding=0 Source=<null> Script=_AI_QuickAttack
CORE C1_STATUS ElapsedMs=94270.564 Event=PERSISTED Actor=PC_Hero Generation=160 Status=PERSISTED Outstanding=0
CORE ATTACK_OWNERSHIP ElapsedMs=94270.604 Actor=PC_Hero Family=QUICK Action=5 Phase=1 Motion=Hero_Stand_None_2H_P1_QuickAttackL_Hit_N_Fwd_00_%_00_P0_90_L.xmot MarkerPresent=1 RequiredMask=1 FistMarkers=0 Raw8Fist=<none> Raw8UseType=-1 SuppressNative=1 Classification=ROUTINE
CORE EQUIPPED_SPRINT_PROBE Boundary=CALLBACK Decision=DELEGATE_NATIVE Reason=MARKER_MISSING Actor=Golem ActorAddress=E6EACA10 Action=9 Phase=1 Family=7 C1Valid=1 C1Generation=159 RequiredSourceMask=0 RightAddress=E6EEFE10 RightUseType=8 LeftAddress=00000000 LeftUseType=0 Marker=INVALID BoundIdentityMatch=-1 Motion=Golem_Stand_None_Fist_P0_PowerAttack_Hit_N_Fwd_00_%_00_P0_100_R.xmot ElapsedMs=94278.624
CORE EQUIPPED_SPRINT_PROBE Boundary=CALLBACK Decision=DELEGATE_NATIVE Reason=MARKER_MISSING Actor=Golem ActorAddress=E6EACA10 Action=9 Phase=1 Family=7 C1Valid=1 C1Generation=159 RequiredSourceMask=0 RightAddress=E6EEFE10 RightUseType=8 LeftAddress=00000000 LeftUseType=0 Marker=INVALID BoundIdentityMatch=-1 Motion=Golem_Stand_None_Fist_P0_PowerAttack_Hit_N_Fwd_00_%_00_P0_100_R.xmot ElapsedMs=94286.446
CORE EQUIPPED_SPRINT_PROBE Boundary=CALLBACK Decision=DELEGATE_NATIVE Reason=MARKER_MISSING Actor=Golem ActorAddress=E6EACA10 Action=9 Phase=1 Family=7 C1Valid=1 C1Generation=159 RequiredSourceMask=0 RightAddress=E6EEFE10 RightUseType=8 LeftAddress=00000000 LeftUseType=0 Marker=INVALID BoundIdentityMatch=-1 Motion=Golem_Stand_None_Fist_P0_PowerAttack_Hit_N_Fwd_00_%_00_P0_100_R.xmot ElapsedMs=94295.074
CORE EQUIPPED_SPRINT_PROBE Boundary=CALLBACK Decision=DELEGATE_NATIVE Reason=MARKER_MISSING Actor=Golem ActorAddress=E6EACA10 Action=9 Phase=1 Family=7 C1Valid=1 C1Generation=159 RequiredSourceMask=0 RightAddress=E6EEFE10 RightUseType=8 LeftAddress=00000000 LeftUseType=0 Marker=INVALID BoundIdentityMatch=-1 Motion=Golem_Stand_None_Fist_P0_PowerAttack_Hit_N_Fwd_00_%_00_P0_100_R.xmot ElapsedMs=94303.858
CORE EQUIPPED_SPRINT_PROBE Boundary=CALLBACK Decision=DELEGATE_NATIVE Reason=MARKER_MISSING Actor=Golem ActorAddress=E6EACA10 Action=9 Phase=1 Family=7 C1Valid=1 C1Generation=159 RequiredSourceMask=0 RightAddress=E6EEFE10 RightUseType=8 LeftAddress=00000000 LeftUseType=0 Marker=INVALID BoundIdentityMatch=-1 Motion=Golem_Stand_None_Fist_P0_PowerAttack_Hit_N_Fwd_00_%_00_P0_100_R.xmot ElapsedMs=94312.674
CORE EQUIPPED_SPRINT_PROBE Boundary=CALLBACK Decision=DELEGATE_NATIVE Reason=MARKER_MISSING Actor=Golem ActorAddress=E6EACA10 Action=9 Phase=1 Family=7 C1Valid=1 C1Generation=159 RequiredSourceMask=0 RightAddress=E6EEFE10 RightUseType=8 LeftAddress=00000000 LeftUseType=0 Marker=INVALID BoundIdentityMatch=-1 Motion=Golem_Stand_None_Fist_P0_PowerAttack_Hit_N_Fwd_00_%_00_P0_100_R.xmot ElapsedMs=94320.967
CORE EQUIPPED_SPRINT_PROBE Boundary=CALLBACK Decision=DELEGATE_NATIVE Reason=MARKER_MISSING Actor=Golem ActorAddress=E6EACA10 Action=9 Phase=1 Family=7 C1Valid=1 C1Generation=159 RequiredSourceMask=0 RightAddress=E6EEFE10 RightUseType=8 LeftAddress=00000000 LeftUseType=0 Marker=INVALID BoundIdentityMatch=-1 Motion=Golem_Stand_None_Fist_P0_PowerAttack_Hit_N_Fwd_00_%_00_P0_100_R.xmot ElapsedMs=94329.600
CORE EQUIPPED_SPRINT_PROBE Boundary=CALLBACK Decision=DELEGATE_NATIVE Reason=MARKER_MISSING Actor=Golem ActorAddress=E6EACA10 Action=9 Phase=1 Family=7 C1Valid=1 C1Generation=159 RequiredSourceMask=0 RightAddress=E6EEFE10 RightUseType=8 LeftAddress=00000000 LeftUseType=0 Marker=INVALID BoundIdentityMatch=-1 Motion=Golem_Stand_None_Fist_P0_PowerAttack_Hit_N_Fwd_00_%_00_P0_100_R.xmot ElapsedMs=94337.722
CORE EQUIPPED_SPRINT_PROBE Boundary=CALLBACK Decision=DELEGATE_NATIVE Reason=MARKER_MISSING Actor=Golem ActorAddress=E6EACA10 Action=9 Phase=1 Family=7 C1Valid=1 C1Generation=159 RequiredSourceMask=0 RightAddress=E6EEFE10 RightUseType=8 LeftAddress=00000000 LeftUseType=0 Marker=INVALID BoundIdentityMatch=-1 Motion=Golem_Stand_None_Fist_P0_PowerAttack_Hit_N_Fwd_00_%_00_P0_100_R.xmot ElapsedMs=94347.396
CORE EQUIPPED_SPRINT_PROBE Boundary=CALLBACK Decision=DELEGATE_NATIVE Reason=MARKER_MISSING Actor=Golem ActorAddress=E6EACA10 Action=9 Phase=1 Family=7 C1Valid=1 C1Generation=159 RequiredSourceMask=0 RightAddress=E6EEFE10 RightUseType=8 LeftAddress=00000000 LeftUseType=0 Marker=INVALID BoundIdentityMatch=-1 Motion=Golem_Stand_None_Fist_P0_PowerAttack_Hit_N_Fwd_00_%_00_P0_100_R.xmot ElapsedMs=94355.635
CORE EQUIPPED_SPRINT_PROBE Boundary=CALLBACK Decision=DELEGATE_NATIVE Reason=MARKER_MISSING Actor=Golem ActorAddress=E6EACA10 Action=9 Phase=1 Family=7 C1Valid=1 C1Generation=159 RequiredSourceMask=0 RightAddress=E6EEFE10 RightUseType=8 LeftAddress=00000000 LeftUseType=0 Marker=INVALID BoundIdentityMatch=-1 Motion=Golem_Stand_None_Fist_P0_PowerAttack_Hit_N_Fwd_00_%_00_P0_100_R.xmot ElapsedMs=94364.061
CORE EQUIPPED_SPRINT_PROBE Boundary=CALLBACK Decision=DELEGATE_NATIVE Reason=MARKER_MISSING Actor=Golem ActorAddress=E6EACA10 Action=9 Phase=1 Family=7 C1Valid=1 C1Generation=159 RequiredSourceMask=0 RightAddress=E6EEFE10 RightUseType=8 LeftAddress=00000000 LeftUseType=0 Marker=INVALID BoundIdentityMatch=-1 Motion=Golem_Stand_None_Fist_P0_PowerAttack_Hit_N_Fwd_00_%_00_P0_100_R.xmot ElapsedMs=94372.332
CORE EQUIPPED_SPRINT_PROBE Boundary=CALLBACK Decision=DELEGATE_NATIVE Reason=MARKER_MISSING Actor=Golem ActorAddress=E6EACA10 Action=9 Phase=1 Family=7 C1Valid=1 C1Generation=159 RequiredSourceMask=0 RightAddress=E6EEFE10 RightUseType=8 LeftAddress=00000000 LeftUseType=0 Marker=INVALID BoundIdentityMatch=-1 Motion=Golem_Stand_None_Fist_P0_PowerAttack_Hit_N_Fwd_00_%_00_P0_100_R.xmot ElapsedMs=94381.629
CORE EQUIPPED_SPRINT_PROBE Boundary=CALLBACK Decision=DELEGATE_NATIVE Reason=MARKER_MISSING Actor=Golem ActorAddress=E6EACA10 Action=9 Phase=1 Family=7 C1Valid=1 C1Generation=159 RequiredSourceMask=0 RightAddress=E6EEFE10 RightUseType=8 LeftAddress=00000000 LeftUseType=0 Marker=INVALID BoundIdentityMatch=-1 Motion=Golem_Stand_None_Fist_P0_PowerAttack_Hit_N_Fwd_00_%_00_P0_100_R.xmot ElapsedMs=94390.057
CORE EQUIPPED_SPRINT_PROBE Boundary=CALLBACK Decision=DELEGATE_NATIVE Reason=MARKER_MISSING Actor=Golem ActorAddress=E6EACA10 Action=9 Phase=1 Family=7 C1Valid=1 C1Generation=159 RequiredSourceMask=0 RightAddress=E6EEFE10 RightUseType=8 LeftAddress=00000000 LeftUseType=0 Marker=INVALID BoundIdentityMatch=-1 Motion=Golem_Stand_None_Fist_P0_PowerAttack_Hit_N_Fwd_00_%_00_P0_100_R.xmot ElapsedMs=94398.340
CORE EQUIPPED_SPRINT_PROBE Boundary=CALLBACK Decision=DELEGATE_NATIVE Reason=MARKER_MISSING Actor=Golem ActorAddress=E6EACA10 Action=9 Phase=1 Family=7 C1Valid=1 C1Generation=159 RequiredSourceMask=0 RightAddress=E6EEFE10 RightUseType=8 LeftAddress=00000000 LeftUseType=0 Marker=INVALID BoundIdentityMatch=-1 Motion=Golem_Stand_None_Fist_P0_PowerAttack_Hit_N_Fwd_00_%_00_P0_100_R.xmot ElapsedMs=94406.714
CORE EQUIPPED_SPRINT_PROBE Boundary=CALLBACK Decision=DELEGATE_NATIVE Reason=MARKER_MISSING Actor=Golem ActorAddress=E6EACA10 Action=9 Phase=1 Family=7 C1Valid=1 C1Generation=159 RequiredSourceMask=0 RightAddress=E6EEFE10 RightUseType=8 LeftAddress=00000000 LeftUseType=0 Marker=INVALID BoundIdentityMatch=-1 Motion=Golem_Stand_None_Fist_P0_PowerAttack_Hit_N_Fwd_00_%_00_P0_100_R.xmot ElapsedMs=94415.042
CORE C1_FINAL ElapsedMs=94424.056 Actor=Golem Generation=159 Status=PERSISTED SourceCount=1 PhysicalChanged=0 Source[0]=Fist Side=RIGHT Outstanding=0 Cleanup=0 Outcome=NO_OP_NO_OUTSTANDING
CORE C1_START ElapsedMs=94432.443 Actor=Golem Generation=161 Status=CANDIDATE Outstanding=0 TrackedSources=1 ReplacedGeneration=0 ReplacedOutstanding=0 Source[0]=Fist Side=RIGHT Group=0
CORE C1_BIND ElapsedMs=94432.456 Event=COMBAT_MOVE_CANDIDATE_BOUND Actor=Golem Generation=161 Status=CANDIDATE Outstanding=0 Source=<null> Script=_AI_PowerAttack
CORE C1_STATUS ElapsedMs=94432.516 Event=PERSISTED Actor=Golem Generation=161 Status=PERSISTED Outstanding=0
CORE COLLISION_GROUP ElapsedMs=94536.469 Source=It_2H_Sword_Flamberge UseType=3 Owner=PC_Hero Slot=RIGHT Requested=7 Before=5 After=7 MarkerBitsRetired=0
CORE C1 OFFENSE REQUEST ElapsedMs=94536.498 Actor=PC_Hero Generation=160 Status=PERSISTED Source=It_2H_Sword_Flamberge Side=RIGHT Requests=1 Outstanding=1 CleanupObserved=0 Group=7
CORE MARKER ElapsedMs=94536.511 Actor=PC_Hero Action=5 Family=QUICK Phase=1 Motion=Hero_Stand_None_2H_P1_QuickAttackL_Hit_N_Fwd_00_%_00_P0_90_L.xmot Marker=RIGHT Result=ACCEPTED C1Valid=1 C1=160 StatePosition=1 PreviousMask=0 DesiredMask=1 RetiredMask=0 OwnedMask=0 MarkerOwnedMask=1 Activated=1 Deactivated=0 Retired=0 RearmRequests=1 Clears=1 RightUseType=3
CORE ONDAMAGE ElapsedMs=94540.408 Ordinal=39 Target=Golem Arg1=Golem Arg2=Golem Caller=Game.dll+0x00069484 PlayerAction=5 PlayerPhase=1 PlayerMotion=Hero_Stand_None_2H_P1_QuickAttackL_Hit_N_Fwd_00_%_00_P0_90_L.xmot Raw8Fist=<none> Raw8UseType=-1 Raw8Group=-1
CORE COLLISION_GROUP ElapsedMs=94747.011 Source=It_2H_Sword_Flamberge UseType=3 Owner=PC_Hero Slot=RIGHT Requested=5 Before=7 After=5 MarkerBitsRetired=1
CORE C1 CLEANUP FULFILLED ElapsedMs=94747.032 Actor=PC_Hero Generation=160 Status=PERSISTED Source=It_2H_Sword_Flamberge Side=RIGHT Requests=1 Outstanding=0 CleanupObserved=1 Group=5
CORE C1_BIND ElapsedMs=94780.295 Event=COMBAT_MOVE_REUSED Actor=Golem Generation=161 Status=PERSISTED Outstanding=0 Source=<null> Script=_AI_PowerAttack
CORE EQUIPPED_SPRINT_PROBE Boundary=CALLBACK Decision=DELEGATE_NATIVE Reason=MARKER_MISSING Actor=Golem ActorAddress=E6EACA10 Action=9 Phase=1 Family=7 C1Valid=1 C1Generation=161 RequiredSourceMask=0 RightAddress=E6EEFE10 RightUseType=8 LeftAddress=00000000 LeftUseType=0 Marker=INVALID BoundIdentityMatch=-1 Motion=Golem_Stand_None_Fist_P0_PowerAttack_Hit_N_Fwd_00_%_00_P0_100_R.xmot ElapsedMs=94780.374
CORE COLLISION_GROUP ElapsedMs=94780.394 Source=Fist UseType=8 Owner=<unresolved> Slot=NONE Requested=7 Before=0 After=0 MarkerBitsRetired=0
CORE EQUIPPED_SPRINT_PROBE Boundary=CALLBACK Decision=DELEGATE_NATIVE Reason=MARKER_MISSING Actor=Golem ActorAddress=E6EACA10 Action=9 Phase=1 Family=7 C1Valid=1 C1Generation=161 RequiredSourceMask=0 RightAddress=E6EEFE10 RightUseType=8 LeftAddress=00000000 LeftUseType=0 Marker=INVALID BoundIdentityMatch=-1 Motion=Golem_Stand_None_Fist_P0_PowerAttack_Hit_N_Fwd_00_%_00_P0_100_R.xmot ElapsedMs=94789.270
CORE EQUIPPED_SPRINT_PROBE Boundary=CALLBACK Decision=DELEGATE_NATIVE Reason=MARKER_MISSING Actor=Golem ActorAddress=E6EACA10 Action=9 Phase=1 Family=7 C1Valid=1 C1Generation=161 RequiredSourceMask=0 RightAddress=E6EEFE10 RightUseType=8 LeftAddress=00000000 LeftUseType=0 Marker=INVALID BoundIdentityMatch=-1 Motion=Golem_Stand_None_Fist_P0_PowerAttack_Hit_N_Fwd_00_%_00_P0_100_R.xmot ElapsedMs=94797.528
CORE EQUIPPED_SPRINT_PROBE Boundary=CALLBACK Decision=DELEGATE_NATIVE Reason=MARKER_MISSING Actor=Golem ActorAddress=E6EACA10 Action=9 Phase=1 Family=7 C1Valid=1 C1Generation=161 RequiredSourceMask=0 RightAddress=E6EEFE10 RightUseType=8 LeftAddress=00000000 LeftUseType=0 Marker=INVALID BoundIdentityMatch=-1 Motion=Golem_Stand_None_Fist_P0_PowerAttack_Hit_N_Fwd_00_%_00_P0_100_R.xmot ElapsedMs=94805.172
CORE EQUIPPED_SPRINT_PROBE Boundary=CALLBACK Decision=DELEGATE_NATIVE Reason=MARKER_MISSING Actor=Golem ActorAddress=E6EACA10 Action=9 Phase=1 Family=7 C1Valid=1 C1Generation=161 RequiredSourceMask=0 RightAddress=E6EEFE10 RightUseType=8 LeftAddress=00000000 LeftUseType=0 Marker=INVALID BoundIdentityMatch=-1 Motion=Golem_Stand_None_Fist_P0_PowerAttack_Hit_N_Fwd_00_%_00_P0_100_R.xmot ElapsedMs=94813.704
CORE EQUIPPED_SPRINT_PROBE Boundary=CALLBACK Decision=DELEGATE_NATIVE Reason=MARKER_MISSING Actor=Golem ActorAddress=E6EACA10 Action=9 Phase=1 Family=7 C1Valid=1 C1Generation=161 RequiredSourceMask=0 RightAddress=E6EEFE10 RightUseType=8 LeftAddress=00000000 LeftUseType=0 Marker=INVALID BoundIdentityMatch=-1 Motion=Golem_Stand_None_Fist_P0_PowerAttack_Hit_N_Fwd_00_%_00_P0_100_R.xmot ElapsedMs=94821.304
CORE EQUIPPED_SPRINT_PROBE Boundary=CALLBACK Decision=DELEGATE_NATIVE Reason=MARKER_MISSING Actor=Golem ActorAddress=E6EACA10 Action=9 Phase=1 Family=7 C1Valid=1 C1Generation=161 RequiredSourceMask=0 RightAddress=E6EEFE10 RightUseType=8 LeftAddress=00000000 LeftUseType=0 Marker=INVALID BoundIdentityMatch=-1 Motion=Golem_Stand_None_Fist_P0_PowerAttack_Hit_N_Fwd_00_%_00_P0_100_R.xmot ElapsedMs=94829.322
CORE EQUIPPED_SPRINT_PROBE Boundary=CALLBACK Decision=DELEGATE_NATIVE Reason=MARKER_MISSING Actor=Golem ActorAddress=E6EACA10 Action=9 Phase=1 Family=7 C1Valid=1 C1Generation=161 RequiredSourceMask=0 RightAddress=E6EEFE10 RightUseType=8 LeftAddress=00000000 LeftUseType=0 Marker=INVALID BoundIdentityMatch=-1 Motion=Golem_Stand_None_Fist_P0_PowerAttack_Hit_N_Fwd_00_%_00_P0_100_R.xmot ElapsedMs=94837.723
CORE EQUIPPED_SPRINT_PROBE Boundary=CALLBACK Decision=DELEGATE_NATIVE Reason=MARKER_MISSING Actor=Golem ActorAddress=E6EACA10 Action=9 Phase=1 Family=7 C1Valid=1 C1Generation=161 RequiredSourceMask=0 RightAddress=E6EEFE10 RightUseType=8 LeftAddress=00000000 LeftUseType=0 Marker=INVALID BoundIdentityMatch=-1 Motion=Golem_Stand_None_Fist_P0_PowerAttack_Hit_N_Fwd_00_%_00_P0_100_R.xmot ElapsedMs=94846.274
CORE C1_FINAL ElapsedMs=94846.480 Actor=PC_Hero Generation=160 Status=PERSISTED SourceCount=1 PhysicalChanged=0 Source[0]=It_2H_Sword_Flamberge Side=RIGHT Outstanding=0 Cleanup=1 Outcome=NO_OP_NO_OUTSTANDING
CORE EQUIPPED_SPRINT_PROBE Boundary=CALLBACK Decision=DELEGATE_NATIVE Reason=MARKER_MISSING Actor=Golem ActorAddress=E6EACA10 Action=9 Phase=1 Family=7 C1Valid=1 C1Generation=161 RequiredSourceMask=0 RightAddress=E6EEFE10 RightUseType=8 LeftAddress=00000000 LeftUseType=0 Marker=INVALID BoundIdentityMatch=-1 Motion=Golem_Stand_None_Fist_P0_PowerAttack_Hit_N_Fwd_00_%_00_P0_100_R.xmot ElapsedMs=94855.214
CORE EQUIPPED_SPRINT_PROBE Boundary=CALLBACK Decision=DELEGATE_NATIVE Reason=MARKER_MISSING Actor=Golem ActorAddress=E6EACA10 Action=9 Phase=1 Family=7 C1Valid=1 C1Generation=161 RequiredSourceMask=0 RightAddress=E6EEFE10 RightUseType=8 LeftAddress=00000000 LeftUseType=0 Marker=INVALID BoundIdentityMatch=-1 Motion=Golem_Stand_None_Fist_P0_PowerAttack_Hit_N_Fwd_00_%_00_P0_100_R.xmot ElapsedMs=94863.192
CORE EQUIPPED_SPRINT_PROBE Boundary=CALLBACK Decision=DELEGATE_NATIVE Reason=MARKER_MISSING Actor=Golem ActorAddress=E6EACA10 Action=9 Phase=1 Family=7 C1Valid=1 C1Generation=161 RequiredSourceMask=0 RightAddress=E6EEFE10 RightUseType=8 LeftAddress=00000000 LeftUseType=0 Marker=INVALID BoundIdentityMatch=-1 Motion=Golem_Stand_None_Fist_P0_PowerAttack_Hit_N_Fwd_00_%_00_P0_100_R.xmot ElapsedMs=94871.261
CORE EQUIPPED_SPRINT_PROBE Boundary=CALLBACK Decision=DELEGATE_NATIVE Reason=MARKER_MISSING Actor=Golem ActorAddress=E6EACA10 Action=9 Phase=1 Family=7 C1Valid=1 C1Generation=161 RequiredSourceMask=0 RightAddress=E6EEFE10 RightUseType=8 LeftAddress=00000000 LeftUseType=0 Marker=INVALID BoundIdentityMatch=-1 Motion=Golem_Stand_None_Fist_P0_PowerAttack_Hit_N_Fwd_00_%_00_P0_100_R.xmot ElapsedMs=94879.506
CORE EQUIPPED_SPRINT_PROBE Boundary=CALLBACK Decision=DELEGATE_NATIVE Reason=MARKER_MISSING Actor=Golem ActorAddress=E6EACA10 Action=9 Phase=1 Family=7 C1Valid=1 C1Generation=161 RequiredSourceMask=0 RightAddress=E6EEFE10 RightUseType=8 LeftAddress=00000000 LeftUseType=0 Marker=INVALID BoundIdentityMatch=-1 Motion=Golem_Stand_None_Fist_P0_PowerAttack_Hit_N_Fwd_00_%_00_P0_100_R.xmot ElapsedMs=94887.894
CORE EQUIPPED_SPRINT_PROBE Boundary=CALLBACK Decision=DELEGATE_NATIVE Reason=MARKER_MISSING Actor=Golem ActorAddress=E6EACA10 Action=9 Phase=1 Family=7 C1Valid=1 C1Generation=161 RequiredSourceMask=0 RightAddress=E6EEFE10 RightUseType=8 LeftAddress=00000000 LeftUseType=0 Marker=INVALID BoundIdentityMatch=-1 Motion=Golem_Stand_None_Fist_P0_PowerAttack_Hit_N_Fwd_00_%_00_P0_100_R.xmot ElapsedMs=94896.107
CORE EQUIPPED_SPRINT_PROBE Boundary=CALLBACK Decision=DELEGATE_NATIVE Reason=MARKER_MISSING Actor=Golem ActorAddress=E6EACA10 Action=9 Phase=1 Family=7 C1Valid=1 C1Generation=161 RequiredSourceMask=0 RightAddress=E6EEFE10 RightUseType=8 LeftAddress=00000000 LeftUseType=0 Marker=INVALID BoundIdentityMatch=-1 Motion=Golem_Stand_None_Fist_P0_PowerAttack_Hit_N_Fwd_00_%_00_P0_100_R.xmot ElapsedMs=94904.471
CORE EQUIPPED_SPRINT_PROBE Boundary=CALLBACK Decision=DELEGATE_NATIVE Reason=MARKER_MISSING Actor=Golem ActorAddress=E6EACA10 Action=9 Phase=1 Family=7 C1Valid=1 C1Generation=161 RequiredSourceMask=0 RightAddress=E6EEFE10 RightUseType=8 LeftAddress=00000000 LeftUseType=0 Marker=INVALID BoundIdentityMatch=-1 Motion=Golem_Stand_None_Fist_P0_PowerAttack_Hit_N_Fwd_00_%_00_P0_100_R.xmot ElapsedMs=94912.882
CORE C1_START ElapsedMs=94913.062 Actor=PC_Hero Generation=162 Status=CANDIDATE Outstanding=0 TrackedSources=1 ReplacedGeneration=0 ReplacedOutstanding=0 Source[0]=It_2H_Sword_Flamberge Side=RIGHT Group=5
CORE C1_BIND ElapsedMs=94913.069 Event=COMBAT_MOVE_CANDIDATE_BOUND Actor=PC_Hero Generation=162 Status=CANDIDATE Outstanding=0 Source=<null> Script=_AI_QuickAttack
CORE C1_STATUS ElapsedMs=94913.423 Event=PERSISTED Actor=PC_Hero Generation=162 Status=PERSISTED Outstanding=0
CORE ATTACK_OWNERSHIP ElapsedMs=94913.441 Actor=PC_Hero Family=QUICK Action=4 Phase=1 Motion=Hero_Stand_None_2H_P0_QuickAttackR_Hit_N_Fwd_00_%_00_P1_90_R.xmot MarkerPresent=1 RequiredMask=1 FistMarkers=0 Raw8Fist=<none> Raw8UseType=-1 SuppressNative=1 Classification=ROUTINE
CORE EQUIPPED_SPRINT_PROBE Boundary=CALLBACK Decision=DELEGATE_NATIVE Reason=MARKER_MISSING Actor=Golem ActorAddress=E6EACA10 Action=9 Phase=1 Family=7 C1Valid=1 C1Generation=161 RequiredSourceMask=0 RightAddress=E6EEFE10 RightUseType=8 LeftAddress=00000000 LeftUseType=0 Marker=INVALID BoundIdentityMatch=-1 Motion=Golem_Stand_None_Fist_P0_PowerAttack_Hit_N_Fwd_00_%_00_P0_100_R.xmot ElapsedMs=94921.525
CORE EQUIPPED_SPRINT_PROBE Boundary=CALLBACK Decision=DELEGATE_NATIVE Reason=MARKER_MISSING Actor=Golem ActorAddress=E6EACA10 Action=9 Phase=1 Family=7 C1Valid=1 C1Generation=161 RequiredSourceMask=0 RightAddress=E6EEFE10 RightUseType=8 LeftAddress=00000000 LeftUseType=0 Marker=INVALID BoundIdentityMatch=-1 Motion=Golem_Stand_None_Fist_P0_PowerAttack_Hit_N_Fwd_00_%_00_P0_100_R.xmot ElapsedMs=94930.401
CORE EQUIPPED_SPRINT_PROBE Boundary=CALLBACK Decision=DELEGATE_NATIVE Reason=MARKER_MISSING Actor=Golem ActorAddress=E6EACA10 Action=9 Phase=1 Family=7 C1Valid=1 C1Generation=161 RequiredSourceMask=0 RightAddress=E6EEFE10 RightUseType=8 LeftAddress=00000000 LeftUseType=0 Marker=INVALID BoundIdentityMatch=-1 Motion=Golem_Stand_None_Fist_P0_PowerAttack_Hit_N_Fwd_00_%_00_P0_100_R.xmot ElapsedMs=94938.850
CORE EQUIPPED_SPRINT_PROBE Boundary=CALLBACK Decision=DELEGATE_NATIVE Reason=MARKER_MISSING Actor=Golem ActorAddress=E6EACA10 Action=9 Phase=1 Family=7 C1Valid=1 C1Generation=161 RequiredSourceMask=0 RightAddress=E6EEFE10 RightUseType=8 LeftAddress=00000000 LeftUseType=0 Marker=INVALID BoundIdentityMatch=-1 Motion=Golem_Stand_None_Fist_P0_PowerAttack_Hit_N_Fwd_00_%_00_P0_100_R.xmot ElapsedMs=94947.294
CORE EQUIPPED_SPRINT_PROBE Boundary=CALLBACK Decision=DELEGATE_NATIVE Reason=MARKER_MISSING Actor=Golem ActorAddress=E6EACA10 Action=9 Phase=1 Family=7 C1Valid=1 C1Generation=161 RequiredSourceMask=0 RightAddress=E6EEFE10 RightUseType=8 LeftAddress=00000000 LeftUseType=0 Marker=INVALID BoundIdentityMatch=-1 Motion=Golem_Stand_None_Fist_P0_PowerAttack_Hit_N_Fwd_00_%_00_P0_100_R.xmot ElapsedMs=94955.397
CORE EQUIPPED_SPRINT_PROBE Boundary=CALLBACK Decision=DELEGATE_NATIVE Reason=MARKER_MISSING Actor=Golem ActorAddress=E6EACA10 Action=9 Phase=1 Family=7 C1Valid=1 C1Generation=161 RequiredSourceMask=0 RightAddress=E6EEFE10 RightUseType=8 LeftAddress=00000000 LeftUseType=0 Marker=INVALID BoundIdentityMatch=-1 Motion=Golem_Stand_None_Fist_P0_PowerAttack_Hit_N_Fwd_00_%_00_P0_100_R.xmot ElapsedMs=94963.528
CORE EQUIPPED_SPRINT_PROBE Boundary=CALLBACK Decision=DELEGATE_NATIVE Reason=MARKER_MISSING Actor=Golem ActorAddress=E6EACA10 Action=9 Phase=1 Family=7 C1Valid=1 C1Generation=161 RequiredSourceMask=0 RightAddress=E6EEFE10 RightUseType=8 LeftAddress=00000000 LeftUseType=0 Marker=INVALID BoundIdentityMatch=-1 Motion=Golem_Stand_None_Fist_P0_PowerAttack_Hit_N_Fwd_00_%_00_P0_100_R.xmot ElapsedMs=94972.322
CORE EQUIPPED_SPRINT_PROBE Boundary=CALLBACK Decision=DELEGATE_NATIVE Reason=MARKER_MISSING Actor=Golem ActorAddress=E6EACA10 Action=9 Phase=1 Family=7 C1Valid=1 C1Generation=161 RequiredSourceMask=0 RightAddress=E6EEFE10 RightUseType=8 LeftAddress=00000000 LeftUseType=0 Marker=INVALID BoundIdentityMatch=-1 Motion=Golem_Stand_None_Fist_P0_PowerAttack_Hit_N_Fwd_00_%_00_P0_100_R.xmot ElapsedMs=94980.879
CORE EQUIPPED_SPRINT_PROBE Boundary=CALLBACK Decision=DELEGATE_NATIVE Reason=MARKER_MISSING Actor=Golem ActorAddress=E6EACA10 Action=9 Phase=1 Family=7 C1Valid=1 C1Generation=161 RequiredSourceMask=0 RightAddress=E6EEFE10 RightUseType=8 LeftAddress=00000000 LeftUseType=0 Marker=INVALID BoundIdentityMatch=-1 Motion=Golem_Stand_None_Fist_P0_PowerAttack_Hit_N_Fwd_00_%_00_P0_100_R.xmot ElapsedMs=94989.274
CORE EQUIPPED_SPRINT_PROBE Boundary=CALLBACK Decision=DELEGATE_NATIVE Reason=MARKER_MISSING Actor=Golem ActorAddress=E6EACA10 Action=9 Phase=1 Family=7 C1Valid=1 C1Generation=161 RequiredSourceMask=0 RightAddress=E6EEFE10 RightUseType=8 LeftAddress=00000000 LeftUseType=0 Marker=INVALID BoundIdentityMatch=-1 Motion=Golem_Stand_None_Fist_P0_PowerAttack_Hit_N_Fwd_00_%_00_P0_100_R.xmot ElapsedMs=94997.355
CORE EQUIPPED_SPRINT_PROBE Boundary=CALLBACK Decision=DELEGATE_NATIVE Reason=MARKER_MISSING Actor=Golem ActorAddress=E6EACA10 Action=9 Phase=1 Family=7 C1Valid=1 C1Generation=161 RequiredSourceMask=0 RightAddress=E6EEFE10 RightUseType=8 LeftAddress=00000000 LeftUseType=0 Marker=INVALID BoundIdentityMatch=-1 Motion=Golem_Stand_None_Fist_P0_PowerAttack_Hit_N_Fwd_00_%_00_P0_100_R.xmot ElapsedMs=95006.007
CORE EQUIPPED_SPRINT_PROBE Boundary=CALLBACK Decision=DELEGATE_NATIVE Reason=MARKER_MISSING Actor=Golem ActorAddress=E6EACA10 Action=9 Phase=1 Family=7 C1Valid=1 C1Generation=161 RequiredSourceMask=0 RightAddress=E6EEFE10 RightUseType=8 LeftAddress=00000000 LeftUseType=0 Marker=INVALID BoundIdentityMatch=-1 Motion=Golem_Stand_None_Fist_P0_PowerAttack_Hit_N_Fwd_00_%_00_P0_100_R.xmot ElapsedMs=95013.893
CORE EQUIPPED_SPRINT_PROBE Boundary=CALLBACK Decision=DELEGATE_NATIVE Reason=MARKER_MISSING Actor=Golem ActorAddress=E6EACA10 Action=9 Phase=1 Family=7 C1Valid=1 C1Generation=161 RequiredSourceMask=0 RightAddress=E6EEFE10 RightUseType=8 LeftAddress=00000000 LeftUseType=0 Marker=INVALID BoundIdentityMatch=-1 Motion=Golem_Stand_None_Fist_P0_PowerAttack_Hit_N_Fwd_00_%_00_P0_100_R.xmot ElapsedMs=95022.022
CORE EQUIPPED_SPRINT_PROBE Boundary=CALLBACK Decision=DELEGATE_NATIVE Reason=MARKER_MISSING Actor=Golem ActorAddress=E6EACA10 Action=9 Phase=1 Family=7 C1Valid=1 C1Generation=161 RequiredSourceMask=0 RightAddress=E6EEFE10 RightUseType=8 LeftAddress=00000000 LeftUseType=0 Marker=INVALID BoundIdentityMatch=-1 Motion=Golem_Stand_None_Fist_P0_PowerAttack_Hit_N_Fwd_00_%_00_P0_100_R.xmot ElapsedMs=95030.518
CORE EQUIPPED_SPRINT_PROBE Boundary=CALLBACK Decision=DELEGATE_NATIVE Reason=MARKER_MISSING Actor=Golem ActorAddress=E6EACA10 Action=9 Phase=1 Family=7 C1Valid=1 C1Generation=161 RequiredSourceMask=0 RightAddress=E6EEFE10 RightUseType=8 LeftAddress=00000000 LeftUseType=0 Marker=INVALID BoundIdentityMatch=-1 Motion=Golem_Stand_None_Fist_P0_PowerAttack_Hit_N_Fwd_00_%_00_P0_100_R.xmot ElapsedMs=95038.798
CORE C1_FINAL ElapsedMs=95047.889 Actor=Golem Generation=161 Status=PERSISTED SourceCount=1 PhysicalChanged=0 Source[0]=Fist Side=RIGHT Outstanding=0 Cleanup=0 Outcome=NO_OP_NO_OUTSTANDING
CORE C1_START ElapsedMs=95055.999 Actor=Golem Generation=163 Status=CANDIDATE Outstanding=0 TrackedSources=1 ReplacedGeneration=0 ReplacedOutstanding=0 Source[0]=Fist Side=RIGHT Group=0
CORE C1_BIND ElapsedMs=95056.012 Event=COMBAT_MOVE_CANDIDATE_BOUND Actor=Golem Generation=163 Status=CANDIDATE Outstanding=0 Source=<null> Script=_AI_PowerAttack
CORE C1_STATUS ElapsedMs=95056.079 Event=PERSISTED Actor=Golem Generation=163 Status=PERSISTED Outstanding=0
CORE COLLISION_GROUP ElapsedMs=95186.207 Source=It_2H_Sword_Flamberge UseType=3 Owner=PC_Hero Slot=RIGHT Requested=7 Before=5 After=7 MarkerBitsRetired=0
CORE C1 OFFENSE REQUEST ElapsedMs=95186.237 Actor=PC_Hero Generation=162 Status=PERSISTED Source=It_2H_Sword_Flamberge Side=RIGHT Requests=1 Outstanding=1 CleanupObserved=0 Group=7
CORE MARKER ElapsedMs=95186.250 Actor=PC_Hero Action=4 Family=QUICK Phase=1 Motion=Hero_Stand_None_2H_P0_QuickAttackR_Hit_N_Fwd_00_%_00_P1_90_R.xmot Marker=RIGHT Result=ACCEPTED C1Valid=1 C1=162 StatePosition=1 PreviousMask=0 DesiredMask=1 RetiredMask=0 OwnedMask=0 MarkerOwnedMask=1 Activated=1 Deactivated=0 Retired=0 RearmRequests=1 Clears=1 RightUseType=3
CORE ONDAMAGE ElapsedMs=95189.272 Ordinal=40 Target=Golem Arg1=Golem Arg2=Golem Caller=Game.dll+0x00069484 PlayerAction=4 PlayerPhase=1 PlayerMotion=Hero_Stand_None_2H_P0_QuickAttackR_Hit_N_Fwd_00_%_00_P1_90_R.xmot Raw8Fist=<none> Raw8UseType=-1 Raw8Group=-1
CORE COLLISION_GROUP ElapsedMs=95382.191 Source=It_2H_Sword_Flamberge UseType=3 Owner=PC_Hero Slot=RIGHT Requested=5 Before=7 After=5 MarkerBitsRetired=1
CORE C1 CLEANUP FULFILLED ElapsedMs=95382.247 Actor=PC_Hero Generation=162 Status=PERSISTED Source=It_2H_Sword_Flamberge Side=RIGHT Requests=1 Outstanding=0 CleanupObserved=1 Group=5
CORE C1_BIND ElapsedMs=95399.079 Event=COMBAT_MOVE_REUSED Actor=Golem Generation=163 Status=PERSISTED Outstanding=0 Source=<null> Script=_AI_PowerAttack
CORE EQUIPPED_SPRINT_PROBE Boundary=CALLBACK Decision=DELEGATE_NATIVE Reason=MARKER_MISSING Actor=Golem ActorAddress=E6EACA10 Action=9 Phase=1 Family=7 C1Valid=1 C1Generation=163 RequiredSourceMask=0 RightAddress=E6EEFE10 RightUseType=8 LeftAddress=00000000 LeftUseType=0 Marker=INVALID BoundIdentityMatch=-1 Motion=Golem_Stand_None_Fist_P0_PowerAttack_Hit_N_Fwd_00_%_00_P0_100_R.xmot ElapsedMs=95399.170
CORE COLLISION_GROUP ElapsedMs=95399.189 Source=Fist UseType=8 Owner=<unresolved> Slot=NONE Requested=7 Before=0 After=0 MarkerBitsRetired=0
CORE EQUIPPED_SPRINT_PROBE Boundary=CALLBACK Decision=DELEGATE_NATIVE Reason=MARKER_MISSING Actor=Golem ActorAddress=E6EACA10 Action=9 Phase=1 Family=7 C1Valid=1 C1Generation=163 RequiredSourceMask=0 RightAddress=E6EEFE10 RightUseType=8 LeftAddress=00000000 LeftUseType=0 Marker=INVALID BoundIdentityMatch=-1 Motion=Golem_Stand_None_Fist_P0_PowerAttack_Hit_N_Fwd_00_%_00_P0_100_R.xmot ElapsedMs=95407.468
CORE EQUIPPED_SPRINT_PROBE Boundary=CALLBACK Decision=DELEGATE_NATIVE Reason=MARKER_MISSING Actor=Golem ActorAddress=E6EACA10 Action=9 Phase=1 Family=7 C1Valid=1 C1Generation=163 RequiredSourceMask=0 RightAddress=E6EEFE10 RightUseType=8 LeftAddress=00000000 LeftUseType=0 Marker=INVALID BoundIdentityMatch=-1 Motion=Golem_Stand_None_Fist_P0_PowerAttack_Hit_N_Fwd_00_%_00_P0_100_R.xmot ElapsedMs=95415.731
CORE EQUIPPED_SPRINT_PROBE Boundary=CALLBACK Decision=DELEGATE_NATIVE Reason=MARKER_MISSING Actor=Golem ActorAddress=E6EACA10 Action=9 Phase=1 Family=7 C1Valid=1 C1Generation=163 RequiredSourceMask=0 RightAddress=E6EEFE10 RightUseType=8 LeftAddress=00000000 LeftUseType=0 Marker=INVALID BoundIdentityMatch=-1 Motion=Golem_Stand_None_Fist_P0_PowerAttack_Hit_N_Fwd_00_%_00_P0_100_R.xmot ElapsedMs=95423.703
CORE EQUIPPED_SPRINT_PROBE Boundary=CALLBACK Decision=DELEGATE_NATIVE Reason=MARKER_MISSING Actor=Golem ActorAddress=E6EACA10 Action=9 Phase=1 Family=7 C1Valid=1 C1Generation=163 RequiredSourceMask=0 RightAddress=E6EEFE10 RightUseType=8 LeftAddress=00000000 LeftUseType=0 Marker=INVALID BoundIdentityMatch=-1 Motion=Golem_Stand_None_Fist_P0_PowerAttack_Hit_N_Fwd_00_%_00_P0_100_R.xmot ElapsedMs=95431.940
CORE EQUIPPED_SPRINT_PROBE Boundary=CALLBACK Decision=DELEGATE_NATIVE Reason=MARKER_MISSING Actor=Golem ActorAddress=E6EACA10 Action=9 Phase=1 Family=7 C1Valid=1 C1Generation=163 RequiredSourceMask=0 RightAddress=E6EEFE10 RightUseType=8 LeftAddress=00000000 LeftUseType=0 Marker=INVALID BoundIdentityMatch=-1 Motion=Golem_Stand_None_Fist_P0_PowerAttack_Hit_N_Fwd_00_%_00_P0_100_R.xmot ElapsedMs=95440.731
CORE EQUIPPED_SPRINT_PROBE Boundary=CALLBACK Decision=DELEGATE_NATIVE Reason=MARKER_MISSING Actor=Golem ActorAddress=E6EACA10 Action=9 Phase=1 Family=7 C1Valid=1 C1Generation=163 RequiredSourceMask=0 RightAddress=E6EEFE10 RightUseType=8 LeftAddress=00000000 LeftUseType=0 Marker=INVALID BoundIdentityMatch=-1 Motion=Golem_Stand_None_Fist_P0_PowerAttack_Hit_N_Fwd_00_%_00_P0_100_R.xmot ElapsedMs=95449.222
CORE EQUIPPED_SPRINT_PROBE Boundary=CALLBACK Decision=DELEGATE_NATIVE Reason=MARKER_MISSING Actor=Golem ActorAddress=E6EACA10 Action=9 Phase=1 Family=7 C1Valid=1 C1Generation=163 RequiredSourceMask=0 RightAddress=E6EEFE10 RightUseType=8 LeftAddress=00000000 LeftUseType=0 Marker=INVALID BoundIdentityMatch=-1 Motion=Golem_Stand_None_Fist_P0_PowerAttack_Hit_N_Fwd_00_%_00_P0_100_R.xmot ElapsedMs=95457.240
CORE EQUIPPED_SPRINT_PROBE Boundary=CALLBACK Decision=DELEGATE_NATIVE Reason=MARKER_MISSING Actor=Golem ActorAddress=E6EACA10 Action=9 Phase=1 Family=7 C1Valid=1 C1Generation=163 RequiredSourceMask=0 RightAddress=E6EEFE10 RightUseType=8 LeftAddress=00000000 LeftUseType=0 Marker=INVALID BoundIdentityMatch=-1 Motion=Golem_Stand_None_Fist_P0_PowerAttack_Hit_N_Fwd_00_%_00_P0_100_R.xmot ElapsedMs=95465.331
CORE EQUIPPED_SPRINT_PROBE Boundary=CALLBACK Decision=DELEGATE_NATIVE Reason=MARKER_MISSING Actor=Golem ActorAddress=E6EACA10 Action=9 Phase=1 Family=7 C1Valid=1 C1Generation=163 RequiredSourceMask=0 RightAddress=E6EEFE10 RightUseType=8 LeftAddress=00000000 LeftUseType=0 Marker=INVALID BoundIdentityMatch=-1 Motion=Golem_Stand_None_Fist_P0_PowerAttack_Hit_N_Fwd_00_%_00_P0_100_R.xmot ElapsedMs=95473.900
CORE EQUIPPED_SPRINT_PROBE Boundary=CALLBACK Decision=DELEGATE_NATIVE Reason=MARKER_MISSING Actor=Golem ActorAddress=E6EACA10 Action=9 Phase=1 Family=7 C1Valid=1 C1Generation=163 RequiredSourceMask=0 RightAddress=E6EEFE10 RightUseType=8 LeftAddress=00000000 LeftUseType=0 Marker=INVALID BoundIdentityMatch=-1 Motion=Golem_Stand_None_Fist_P0_PowerAttack_Hit_N_Fwd_00_%_00_P0_100_R.xmot ElapsedMs=95482.016
CORE C1_FINAL ElapsedMs=95482.182 Actor=PC_Hero Generation=162 Status=PERSISTED SourceCount=1 PhysicalChanged=0 Source[0]=It_2H_Sword_Flamberge Side=RIGHT Outstanding=0 Cleanup=1 Outcome=NO_OP_NO_OUTSTANDING
CORE EQUIPPED_SPRINT_PROBE Boundary=CALLBACK Decision=DELEGATE_NATIVE Reason=MARKER_MISSING Actor=Golem ActorAddress=E6EACA10 Action=9 Phase=1 Family=7 C1Valid=1 C1Generation=163 RequiredSourceMask=0 RightAddress=E6EEFE10 RightUseType=8 LeftAddress=00000000 LeftUseType=0 Marker=INVALID BoundIdentityMatch=-1 Motion=Golem_Stand_None_Fist_P0_PowerAttack_Hit_N_Fwd_00_%_00_P0_100_R.xmot ElapsedMs=95490.148
CORE EQUIPPED_SPRINT_PROBE Boundary=CALLBACK Decision=DELEGATE_NATIVE Reason=MARKER_MISSING Actor=Golem ActorAddress=E6EACA10 Action=9 Phase=1 Family=7 C1Valid=1 C1Generation=163 RequiredSourceMask=0 RightAddress=E6EEFE10 RightUseType=8 LeftAddress=00000000 LeftUseType=0 Marker=INVALID BoundIdentityMatch=-1 Motion=Golem_Stand_None_Fist_P0_PowerAttack_Hit_N_Fwd_00_%_00_P0_100_R.xmot ElapsedMs=95498.326
CORE EQUIPPED_SPRINT_PROBE Boundary=CALLBACK Decision=DELEGATE_NATIVE Reason=MARKER_MISSING Actor=Golem ActorAddress=E6EACA10 Action=9 Phase=1 Family=7 C1Valid=1 C1Generation=163 RequiredSourceMask=0 RightAddress=E6EEFE10 RightUseType=8 LeftAddress=00000000 LeftUseType=0 Marker=INVALID BoundIdentityMatch=-1 Motion=Golem_Stand_None_Fist_P0_PowerAttack_Hit_N_Fwd_00_%_00_P0_100_R.xmot ElapsedMs=95506.227
CORE EQUIPPED_SPRINT_PROBE Boundary=CALLBACK Decision=DELEGATE_NATIVE Reason=MARKER_MISSING Actor=Golem ActorAddress=E6EACA10 Action=9 Phase=1 Family=7 C1Valid=1 C1Generation=163 RequiredSourceMask=0 RightAddress=E6EEFE10 RightUseType=8 LeftAddress=00000000 LeftUseType=0 Marker=INVALID BoundIdentityMatch=-1 Motion=Golem_Stand_None_Fist_P0_PowerAttack_Hit_N_Fwd_00_%_00_P0_100_R.xmot ElapsedMs=95514.762
CORE EQUIPPED_SPRINT_PROBE Boundary=CALLBACK Decision=DELEGATE_NATIVE Reason=MARKER_MISSING Actor=Golem ActorAddress=E6EACA10 Action=9 Phase=1 Family=7 C1Valid=1 C1Generation=163 RequiredSourceMask=0 RightAddress=E6EEFE10 RightUseType=8 LeftAddress=00000000 LeftUseType=0 Marker=INVALID BoundIdentityMatch=-1 Motion=Golem_Stand_None_Fist_P0_PowerAttack_Hit_N_Fwd_00_%_00_P0_100_R.xmot ElapsedMs=95524.073
CORE EQUIPPED_SPRINT_PROBE Boundary=CALLBACK Decision=DELEGATE_NATIVE Reason=MARKER_MISSING Actor=Golem ActorAddress=E6EACA10 Action=9 Phase=1 Family=7 C1Valid=1 C1Generation=163 RequiredSourceMask=0 RightAddress=E6EEFE10 RightUseType=8 LeftAddress=00000000 LeftUseType=0 Marker=INVALID BoundIdentityMatch=-1 Motion=Golem_Stand_None_Fist_P0_PowerAttack_Hit_N_Fwd_00_%_00_P0_100_R.xmot ElapsedMs=95531.994
CORE EQUIPPED_SPRINT_PROBE Boundary=CALLBACK Decision=DELEGATE_NATIVE Reason=MARKER_MISSING Actor=Golem ActorAddress=E6EACA10 Action=9 Phase=1 Family=7 C1Valid=1 C1Generation=163 RequiredSourceMask=0 RightAddress=E6EEFE10 RightUseType=8 LeftAddress=00000000 LeftUseType=0 Marker=INVALID BoundIdentityMatch=-1 Motion=Golem_Stand_None_Fist_P0_PowerAttack_Hit_N_Fwd_00_%_00_P0_100_R.xmot ElapsedMs=95539.928
CORE EQUIPPED_SPRINT_PROBE Boundary=CALLBACK Decision=DELEGATE_NATIVE Reason=MARKER_MISSING Actor=Golem ActorAddress=E6EACA10 Action=9 Phase=1 Family=7 C1Valid=1 C1Generation=163 RequiredSourceMask=0 RightAddress=E6EEFE10 RightUseType=8 LeftAddress=00000000 LeftUseType=0 Marker=INVALID BoundIdentityMatch=-1 Motion=Golem_Stand_None_Fist_P0_PowerAttack_Hit_N_Fwd_00_%_00_P0_100_R.xmot ElapsedMs=95548.014
CORE EQUIPPED_SPRINT_PROBE Boundary=CALLBACK Decision=DELEGATE_NATIVE Reason=MARKER_MISSING Actor=Golem ActorAddress=E6EACA10 Action=9 Phase=1 Family=7 C1Valid=1 C1Generation=163 RequiredSourceMask=0 RightAddress=E6EEFE10 RightUseType=8 LeftAddress=00000000 LeftUseType=0 Marker=INVALID BoundIdentityMatch=-1 Motion=Golem_Stand_None_Fist_P0_PowerAttack_Hit_N_Fwd_00_%_00_P0_100_R.xmot ElapsedMs=95556.694
CORE EQUIPPED_SPRINT_PROBE Boundary=CALLBACK Decision=DELEGATE_NATIVE Reason=MARKER_MISSING Actor=Golem ActorAddress=E6EACA10 Action=9 Phase=1 Family=7 C1Valid=1 C1Generation=163 RequiredSourceMask=0 RightAddress=E6EEFE10 RightUseType=8 LeftAddress=00000000 LeftUseType=0 Marker=INVALID BoundIdentityMatch=-1 Motion=Golem_Stand_None_Fist_P0_PowerAttack_Hit_N_Fwd_00_%_00_P0_100_R.xmot ElapsedMs=95564.643
CORE EQUIPPED_SPRINT_PROBE Boundary=CALLBACK Decision=DELEGATE_NATIVE Reason=MARKER_MISSING Actor=Golem ActorAddress=E6EACA10 Action=9 Phase=1 Family=7 C1Valid=1 C1Generation=163 RequiredSourceMask=0 RightAddress=E6EEFE10 RightUseType=8 LeftAddress=00000000 LeftUseType=0 Marker=INVALID BoundIdentityMatch=-1 Motion=Golem_Stand_None_Fist_P0_PowerAttack_Hit_N_Fwd_00_%_00_P0_100_R.xmot ElapsedMs=95572.685
CORE EQUIPPED_SPRINT_PROBE Boundary=CALLBACK Decision=DELEGATE_NATIVE Reason=MARKER_MISSING Actor=Golem ActorAddress=E6EACA10 Action=9 Phase=1 Family=7 C1Valid=1 C1Generation=163 RequiredSourceMask=0 RightAddress=E6EEFE10 RightUseType=8 LeftAddress=00000000 LeftUseType=0 Marker=INVALID BoundIdentityMatch=-1 Motion=Golem_Stand_None_Fist_P0_PowerAttack_Hit_N_Fwd_00_%_00_P0_100_R.xmot ElapsedMs=95581.253
CORE EQUIPPED_SPRINT_PROBE Boundary=CALLBACK Decision=DELEGATE_NATIVE Reason=MARKER_MISSING Actor=Golem ActorAddress=E6EACA10 Action=9 Phase=1 Family=7 C1Valid=1 C1Generation=163 RequiredSourceMask=0 RightAddress=E6EEFE10 RightUseType=8 LeftAddress=00000000 LeftUseType=0 Marker=INVALID BoundIdentityMatch=-1 Motion=Golem_Stand_None_Fist_P0_PowerAttack_Hit_N_Fwd_00_%_00_P0_100_R.xmot ElapsedMs=95590.717
CORE EQUIPPED_SPRINT_PROBE Boundary=CALLBACK Decision=DELEGATE_NATIVE Reason=MARKER_MISSING Actor=Golem ActorAddress=E6EACA10 Action=9 Phase=1 Family=7 C1Valid=1 C1Generation=163 RequiredSourceMask=0 RightAddress=E6EEFE10 RightUseType=8 LeftAddress=00000000 LeftUseType=0 Marker=INVALID BoundIdentityMatch=-1 Motion=Golem_Stand_None_Fist_P0_PowerAttack_Hit_N_Fwd_00_%_00_P0_100_R.xmot ElapsedMs=95598.817
CORE EQUIPPED_SPRINT_PROBE Boundary=CALLBACK Decision=DELEGATE_NATIVE Reason=MARKER_MISSING Actor=Golem ActorAddress=E6EACA10 Action=9 Phase=1 Family=7 C1Valid=1 C1Generation=163 RequiredSourceMask=0 RightAddress=E6EEFE10 RightUseType=8 LeftAddress=00000000 LeftUseType=0 Marker=INVALID BoundIdentityMatch=-1 Motion=Golem_Stand_None_Fist_P0_PowerAttack_Hit_N_Fwd_00_%_00_P0_100_R.xmot ElapsedMs=95607.636
CORE EQUIPPED_SPRINT_PROBE Boundary=CALLBACK Decision=DELEGATE_NATIVE Reason=MARKER_MISSING Actor=Golem ActorAddress=E6EACA10 Action=9 Phase=1 Family=7 C1Valid=1 C1Generation=163 RequiredSourceMask=0 RightAddress=E6EEFE10 RightUseType=8 LeftAddress=00000000 LeftUseType=0 Marker=INVALID BoundIdentityMatch=-1 Motion=Golem_Stand_None_Fist_P0_PowerAttack_Hit_N_Fwd_00_%_00_P0_100_R.xmot ElapsedMs=95615.717
CORE EQUIPPED_SPRINT_PROBE Boundary=CALLBACK Decision=DELEGATE_NATIVE Reason=MARKER_MISSING Actor=Golem ActorAddress=E6EACA10 Action=9 Phase=1 Family=7 C1Valid=1 C1Generation=163 RequiredSourceMask=0 RightAddress=E6EEFE10 RightUseType=8 LeftAddress=00000000 LeftUseType=0 Marker=INVALID BoundIdentityMatch=-1 Motion=Golem_Stand_None_Fist_P0_PowerAttack_Hit_N_Fwd_00_%_00_P0_100_R.xmot ElapsedMs=95624.568
CORE EQUIPPED_SPRINT_PROBE Boundary=CALLBACK Decision=DELEGATE_NATIVE Reason=MARKER_MISSING Actor=Golem ActorAddress=E6EACA10 Action=9 Phase=1 Family=7 C1Valid=1 C1Generation=163 RequiredSourceMask=0 RightAddress=E6EEFE10 RightUseType=8 LeftAddress=00000000 LeftUseType=0 Marker=INVALID BoundIdentityMatch=-1 Motion=Golem_Stand_None_Fist_P0_PowerAttack_Hit_N_Fwd_00_%_00_P0_100_R.xmot ElapsedMs=95632.988
CORE EQUIPPED_SPRINT_PROBE Boundary=CALLBACK Decision=DELEGATE_NATIVE Reason=MARKER_MISSING Actor=Golem ActorAddress=E6EACA10 Action=9 Phase=1 Family=7 C1Valid=1 C1Generation=163 RequiredSourceMask=0 RightAddress=E6EEFE10 RightUseType=8 LeftAddress=00000000 LeftUseType=0 Marker=INVALID BoundIdentityMatch=-1 Motion=Golem_Stand_None_Fist_P0_PowerAttack_Hit_N_Fwd_00_%_00_P0_100_R.xmot ElapsedMs=95640.755
CORE EQUIPPED_SPRINT_PROBE Boundary=CALLBACK Decision=DELEGATE_NATIVE Reason=MARKER_MISSING Actor=Golem ActorAddress=E6EACA10 Action=9 Phase=1 Family=7 C1Valid=1 C1Generation=163 RequiredSourceMask=0 RightAddress=E6EEFE10 RightUseType=8 LeftAddress=00000000 LeftUseType=0 Marker=INVALID BoundIdentityMatch=-1 Motion=Golem_Stand_None_Fist_P0_PowerAttack_Hit_N_Fwd_00_%_00_P0_100_R.xmot ElapsedMs=95648.864
CORE C1_FINAL ElapsedMs=95657.622 Actor=Golem Generation=163 Status=PERSISTED SourceCount=1 PhysicalChanged=0 Source[0]=Fist Side=RIGHT Outstanding=0 Cleanup=0 Outcome=NO_OP_NO_OUTSTANDING
CORE C1_START ElapsedMs=95666.017 Actor=Golem Generation=164 Status=CANDIDATE Outstanding=0 TrackedSources=1 ReplacedGeneration=0 ReplacedOutstanding=0 Source[0]=Fist Side=RIGHT Group=0
CORE C1_BIND ElapsedMs=95666.029 Event=COMBAT_MOVE_CANDIDATE_BOUND Actor=Golem Generation=164 Status=CANDIDATE Outstanding=0 Source=<null> Script=_AI_PowerAttack
CORE C1_STATUS ElapsedMs=95666.087 Event=PERSISTED Actor=Golem Generation=164 Status=PERSISTED Outstanding=0
CORE C1_BIND ElapsedMs=96002.959 Event=COMBAT_MOVE_REUSED Actor=Golem Generation=164 Status=PERSISTED Outstanding=0 Source=<null> Script=_AI_PowerAttack
CORE EQUIPPED_SPRINT_PROBE Boundary=CALLBACK Decision=DELEGATE_NATIVE Reason=MARKER_MISSING Actor=Golem ActorAddress=E6EACA10 Action=9 Phase=1 Family=7 C1Valid=1 C1Generation=164 RequiredSourceMask=0 RightAddress=E6EEFE10 RightUseType=8 LeftAddress=00000000 LeftUseType=0 Marker=INVALID BoundIdentityMatch=-1 Motion=Golem_Stand_None_Fist_P0_PowerAttack_Hit_N_Fwd_00_%_00_P0_100_R.xmot ElapsedMs=96003.036
CORE COLLISION_GROUP ElapsedMs=96003.053 Source=Fist UseType=8 Owner=<unresolved> Slot=NONE Requested=7 Before=0 After=0 MarkerBitsRetired=0
CORE EQUIPPED_SPRINT_PROBE Boundary=CALLBACK Decision=DELEGATE_NATIVE Reason=MARKER_MISSING Actor=Golem ActorAddress=E6EACA10 Action=9 Phase=1 Family=7 C1Valid=1 C1Generation=164 RequiredSourceMask=0 RightAddress=E6EEFE10 RightUseType=8 LeftAddress=00000000 LeftUseType=0 Marker=INVALID BoundIdentityMatch=-1 Motion=Golem_Stand_None_Fist_P0_PowerAttack_Hit_N_Fwd_00_%_00_P0_100_R.xmot ElapsedMs=96012.234
CORE EQUIPPED_SPRINT_PROBE Boundary=CALLBACK Decision=DELEGATE_NATIVE Reason=MARKER_MISSING Actor=Golem ActorAddress=E6EACA10 Action=9 Phase=1 Family=7 C1Valid=1 C1Generation=164 RequiredSourceMask=0 RightAddress=E6EEFE10 RightUseType=8 LeftAddress=00000000 LeftUseType=0 Marker=INVALID BoundIdentityMatch=-1 Motion=Golem_Stand_None_Fist_P0_PowerAttack_Hit_N_Fwd_00_%_00_P0_100_R.xmot ElapsedMs=96020.036
CORE EQUIPPED_SPRINT_PROBE Boundary=CALLBACK Decision=DELEGATE_NATIVE Reason=MARKER_MISSING Actor=Golem ActorAddress=E6EACA10 Action=9 Phase=1 Family=7 C1Valid=1 C1Generation=164 RequiredSourceMask=0 RightAddress=E6EEFE10 RightUseType=8 LeftAddress=00000000 LeftUseType=0 Marker=INVALID BoundIdentityMatch=-1 Motion=Golem_Stand_None_Fist_P0_PowerAttack_Hit_N_Fwd_00_%_00_P0_100_R.xmot ElapsedMs=96029.100
CORE EQUIPPED_SPRINT_PROBE Boundary=CALLBACK Decision=DELEGATE_NATIVE Reason=MARKER_MISSING Actor=Golem ActorAddress=E6EACA10 Action=9 Phase=1 Family=7 C1Valid=1 C1Generation=164 RequiredSourceMask=0 RightAddress=E6EEFE10 RightUseType=8 LeftAddress=00000000 LeftUseType=0 Marker=INVALID BoundIdentityMatch=-1 Motion=Golem_Stand_None_Fist_P0_PowerAttack_Hit_N_Fwd_00_%_00_P0_100_R.xmot ElapsedMs=96036.442
CORE EQUIPPED_SPRINT_PROBE Boundary=CALLBACK Decision=DELEGATE_NATIVE Reason=MARKER_MISSING Actor=Golem ActorAddress=E6EACA10 Action=9 Phase=1 Family=7 C1Valid=1 C1Generation=164 RequiredSourceMask=0 RightAddress=E6EEFE10 RightUseType=8 LeftAddress=00000000 LeftUseType=0 Marker=INVALID BoundIdentityMatch=-1 Motion=Golem_Stand_None_Fist_P0_PowerAttack_Hit_N_Fwd_00_%_00_P0_100_R.xmot ElapsedMs=96044.148
CORE EQUIPPED_SPRINT_PROBE Boundary=CALLBACK Decision=DELEGATE_NATIVE Reason=MARKER_MISSING Actor=Golem ActorAddress=E6EACA10 Action=9 Phase=1 Family=7 C1Valid=1 C1Generation=164 RequiredSourceMask=0 RightAddress=E6EEFE10 RightUseType=8 LeftAddress=00000000 LeftUseType=0 Marker=INVALID BoundIdentityMatch=-1 Motion=Golem_Stand_None_Fist_P0_PowerAttack_Hit_N_Fwd_00_%_00_P0_100_R.xmot ElapsedMs=96052.741
CORE EQUIPPED_SPRINT_PROBE Boundary=CALLBACK Decision=DELEGATE_NATIVE Reason=MARKER_MISSING Actor=Golem ActorAddress=E6EACA10 Action=9 Phase=1 Family=7 C1Valid=1 C1Generation=164 RequiredSourceMask=0 RightAddress=E6EEFE10 RightUseType=8 LeftAddress=00000000 LeftUseType=0 Marker=INVALID BoundIdentityMatch=-1 Motion=Golem_Stand_None_Fist_P0_PowerAttack_Hit_N_Fwd_00_%_00_P0_100_R.xmot ElapsedMs=96060.244
CORE EQUIPPED_SPRINT_PROBE Boundary=CALLBACK Decision=DELEGATE_NATIVE Reason=MARKER_MISSING Actor=Golem ActorAddress=E6EACA10 Action=9 Phase=1 Family=7 C1Valid=1 C1Generation=164 RequiredSourceMask=0 RightAddress=E6EEFE10 RightUseType=8 LeftAddress=00000000 LeftUseType=0 Marker=INVALID BoundIdentityMatch=-1 Motion=Golem_Stand_None_Fist_P0_PowerAttack_Hit_N_Fwd_00_%_00_P0_100_R.xmot ElapsedMs=96068.250
CORE EQUIPPED_SPRINT_PROBE Boundary=CALLBACK Decision=DELEGATE_NATIVE Reason=MARKER_MISSING Actor=Golem ActorAddress=E6EACA10 Action=9 Phase=1 Family=7 C1Valid=1 C1Generation=164 RequiredSourceMask=0 RightAddress=E6EEFE10 RightUseType=8 LeftAddress=00000000 LeftUseType=0 Marker=INVALID BoundIdentityMatch=-1 Motion=Golem_Stand_None_Fist_P0_PowerAttack_Hit_N_Fwd_00_%_00_P0_100_R.xmot ElapsedMs=96077.091
CORE EQUIPPED_SPRINT_PROBE Boundary=CALLBACK Decision=DELEGATE_NATIVE Reason=MARKER_MISSING Actor=Golem ActorAddress=E6EACA10 Action=9 Phase=1 Family=7 C1Valid=1 C1Generation=164 RequiredSourceMask=0 RightAddress=E6EEFE10 RightUseType=8 LeftAddress=00000000 LeftUseType=0 Marker=INVALID BoundIdentityMatch=-1 Motion=Golem_Stand_None_Fist_P0_PowerAttack_Hit_N_Fwd_00_%_00_P0_100_R.xmot ElapsedMs=96085.593
CORE EQUIPPED_SPRINT_PROBE Boundary=CALLBACK Decision=DELEGATE_NATIVE Reason=MARKER_MISSING Actor=Golem ActorAddress=E6EACA10 Action=9 Phase=1 Family=7 C1Valid=1 C1Generation=164 RequiredSourceMask=0 RightAddress=E6EEFE10 RightUseType=8 LeftAddress=00000000 LeftUseType=0 Marker=INVALID BoundIdentityMatch=-1 Motion=Golem_Stand_None_Fist_P0_PowerAttack_Hit_N_Fwd_00_%_00_P0_100_R.xmot ElapsedMs=96093.134
CORE EQUIPPED_SPRINT_PROBE Boundary=CALLBACK Decision=DELEGATE_NATIVE Reason=MARKER_MISSING Actor=Golem ActorAddress=E6EACA10 Action=9 Phase=1 Family=7 C1Valid=1 C1Generation=164 RequiredSourceMask=0 RightAddress=E6EEFE10 RightUseType=8 LeftAddress=00000000 LeftUseType=0 Marker=INVALID BoundIdentityMatch=-1 Motion=Golem_Stand_None_Fist_P0_PowerAttack_Hit_N_Fwd_00_%_00_P0_100_R.xmot ElapsedMs=96101.258
CORE EQUIPPED_SPRINT_PROBE Boundary=CALLBACK Decision=DELEGATE_NATIVE Reason=MARKER_MISSING Actor=Golem ActorAddress=E6EACA10 Action=9 Phase=1 Family=7 C1Valid=1 C1Generation=164 RequiredSourceMask=0 RightAddress=E6EEFE10 RightUseType=8 LeftAddress=00000000 LeftUseType=0 Marker=INVALID BoundIdentityMatch=-1 Motion=Golem_Stand_None_Fist_P0_PowerAttack_Hit_N_Fwd_00_%_00_P0_100_R.xmot ElapsedMs=96109.217
CORE EQUIPPED_SPRINT_PROBE Boundary=CALLBACK Decision=DELEGATE_NATIVE Reason=MARKER_MISSING Actor=Golem ActorAddress=E6EACA10 Action=9 Phase=1 Family=7 C1Valid=1 C1Generation=164 RequiredSourceMask=0 RightAddress=E6EEFE10 RightUseType=8 LeftAddress=00000000 LeftUseType=0 Marker=INVALID BoundIdentityMatch=-1 Motion=Golem_Stand_None_Fist_P0_PowerAttack_Hit_N_Fwd_00_%_00_P0_100_R.xmot ElapsedMs=96117.738
CORE EQUIPPED_SPRINT_PROBE Boundary=CALLBACK Decision=DELEGATE_NATIVE Reason=MARKER_MISSING Actor=Golem ActorAddress=E6EACA10 Action=9 Phase=1 Family=7 C1Valid=1 C1Generation=164 RequiredSourceMask=0 RightAddress=E6EEFE10 RightUseType=8 LeftAddress=00000000 LeftUseType=0 Marker=INVALID BoundIdentityMatch=-1 Motion=Golem_Stand_None_Fist_P0_PowerAttack_Hit_N_Fwd_00_%_00_P0_100_R.xmot ElapsedMs=96125.891
CORE EQUIPPED_SPRINT_PROBE Boundary=CALLBACK Decision=DELEGATE_NATIVE Reason=MARKER_MISSING Actor=Golem ActorAddress=E6EACA10 Action=9 Phase=1 Family=7 C1Valid=1 C1Generation=164 RequiredSourceMask=0 RightAddress=E6EEFE10 RightUseType=8 LeftAddress=00000000 LeftUseType=0 Marker=INVALID BoundIdentityMatch=-1 Motion=Golem_Stand_None_Fist_P0_PowerAttack_Hit_N_Fwd_00_%_00_P0_100_R.xmot ElapsedMs=96135.086
CORE EQUIPPED_SPRINT_PROBE Boundary=CALLBACK Decision=DELEGATE_NATIVE Reason=MARKER_MISSING Actor=Golem ActorAddress=E6EACA10 Action=9 Phase=1 Family=7 C1Valid=1 C1Generation=164 RequiredSourceMask=0 RightAddress=E6EEFE10 RightUseType=8 LeftAddress=00000000 LeftUseType=0 Marker=INVALID BoundIdentityMatch=-1 Motion=Golem_Stand_None_Fist_P0_PowerAttack_Hit_N_Fwd_00_%_00_P0_100_R.xmot ElapsedMs=96142.487
CORE EQUIPPED_SPRINT_PROBE Boundary=CALLBACK Decision=DELEGATE_NATIVE Reason=MARKER_MISSING Actor=Golem ActorAddress=E6EACA10 Action=9 Phase=1 Family=7 C1Valid=1 C1Generation=164 RequiredSourceMask=0 RightAddress=E6EEFE10 RightUseType=8 LeftAddress=00000000 LeftUseType=0 Marker=INVALID BoundIdentityMatch=-1 Motion=Golem_Stand_None_Fist_P0_PowerAttack_Hit_N_Fwd_00_%_00_P0_100_R.xmot ElapsedMs=96150.528
CORE EQUIPPED_SPRINT_PROBE Boundary=CALLBACK Decision=DELEGATE_NATIVE Reason=MARKER_MISSING Actor=Golem ActorAddress=E6EACA10 Action=9 Phase=1 Family=7 C1Valid=1 C1Generation=164 RequiredSourceMask=0 RightAddress=E6EEFE10 RightUseType=8 LeftAddress=00000000 LeftUseType=0 Marker=INVALID BoundIdentityMatch=-1 Motion=Golem_Stand_None_Fist_P0_PowerAttack_Hit_N_Fwd_00_%_00_P0_100_R.xmot ElapsedMs=96158.819
CORE EQUIPPED_SPRINT_PROBE Boundary=CALLBACK Decision=DELEGATE_NATIVE Reason=MARKER_MISSING Actor=Golem ActorAddress=E6EACA10 Action=9 Phase=1 Family=7 C1Valid=1 C1Generation=164 RequiredSourceMask=0 RightAddress=E6EEFE10 RightUseType=8 LeftAddress=00000000 LeftUseType=0 Marker=INVALID BoundIdentityMatch=-1 Motion=Golem_Stand_None_Fist_P0_PowerAttack_Hit_N_Fwd_00_%_00_P0_100_R.xmot ElapsedMs=96167.573
CORE EQUIPPED_SPRINT_PROBE Boundary=CALLBACK Decision=DELEGATE_NATIVE Reason=MARKER_MISSING Actor=Golem ActorAddress=E6EACA10 Action=9 Phase=1 Family=7 C1Valid=1 C1Generation=164 RequiredSourceMask=0 RightAddress=E6EEFE10 RightUseType=8 LeftAddress=00000000 LeftUseType=0 Marker=INVALID BoundIdentityMatch=-1 Motion=Golem_Stand_None_Fist_P0_PowerAttack_Hit_N_Fwd_00_%_00_P0_100_R.xmot ElapsedMs=96175.378
CORE EQUIPPED_SPRINT_PROBE Boundary=CALLBACK Decision=DELEGATE_NATIVE Reason=MARKER_MISSING Actor=Golem ActorAddress=E6EACA10 Action=9 Phase=1 Family=7 C1Valid=1 C1Generation=164 RequiredSourceMask=0 RightAddress=E6EEFE10 RightUseType=8 LeftAddress=00000000 LeftUseType=0 Marker=INVALID BoundIdentityMatch=-1 Motion=Golem_Stand_None_Fist_P0_PowerAttack_Hit_N_Fwd_00_%_00_P0_100_R.xmot ElapsedMs=96184.300
CORE EQUIPPED_SPRINT_PROBE Boundary=CALLBACK Decision=DELEGATE_NATIVE Reason=MARKER_MISSING Actor=Golem ActorAddress=E6EACA10 Action=9 Phase=1 Family=7 C1Valid=1 C1Generation=164 RequiredSourceMask=0 RightAddress=E6EEFE10 RightUseType=8 LeftAddress=00000000 LeftUseType=0 Marker=INVALID BoundIdentityMatch=-1 Motion=Golem_Stand_None_Fist_P0_PowerAttack_Hit_N_Fwd_00_%_00_P0_100_R.xmot ElapsedMs=96191.943
CORE EQUIPPED_SPRINT_PROBE Boundary=CALLBACK Decision=DELEGATE_NATIVE Reason=MARKER_MISSING Actor=Golem ActorAddress=E6EACA10 Action=9 Phase=1 Family=7 C1Valid=1 C1Generation=164 RequiredSourceMask=0 RightAddress=E6EEFE10 RightUseType=8 LeftAddress=00000000 LeftUseType=0 Marker=INVALID BoundIdentityMatch=-1 Motion=Golem_Stand_None_Fist_P0_PowerAttack_Hit_N_Fwd_00_%_00_P0_100_R.xmot ElapsedMs=96200.304
CORE EQUIPPED_SPRINT_PROBE Boundary=CALLBACK Decision=DELEGATE_NATIVE Reason=MARKER_MISSING Actor=Golem ActorAddress=E6EACA10 Action=9 Phase=1 Family=7 C1Valid=1 C1Generation=164 RequiredSourceMask=0 RightAddress=E6EEFE10 RightUseType=8 LeftAddress=00000000 LeftUseType=0 Marker=INVALID BoundIdentityMatch=-1 Motion=Golem_Stand_None_Fist_P0_PowerAttack_Hit_N_Fwd_00_%_00_P0_100_R.xmot ElapsedMs=96209.755
CORE EQUIPPED_SPRINT_PROBE Boundary=CALLBACK Decision=DELEGATE_NATIVE Reason=MARKER_MISSING Actor=Golem ActorAddress=E6EACA10 Action=9 Phase=1 Family=7 C1Valid=1 C1Generation=164 RequiredSourceMask=0 RightAddress=E6EEFE10 RightUseType=8 LeftAddress=00000000 LeftUseType=0 Marker=INVALID BoundIdentityMatch=-1 Motion=Golem_Stand_None_Fist_P0_PowerAttack_Hit_N_Fwd_00_%_00_P0_100_R.xmot ElapsedMs=96217.558
CORE EQUIPPED_SPRINT_PROBE Boundary=CALLBACK Decision=DELEGATE_NATIVE Reason=MARKER_MISSING Actor=Golem ActorAddress=E6EACA10 Action=9 Phase=1 Family=7 C1Valid=1 C1Generation=164 RequiredSourceMask=0 RightAddress=E6EEFE10 RightUseType=8 LeftAddress=00000000 LeftUseType=0 Marker=INVALID BoundIdentityMatch=-1 Motion=Golem_Stand_None_Fist_P0_PowerAttack_Hit_N_Fwd_00_%_00_P0_100_R.xmot ElapsedMs=96225.274
CORE EQUIPPED_SPRINT_PROBE Boundary=CALLBACK Decision=DELEGATE_NATIVE Reason=MARKER_MISSING Actor=Golem ActorAddress=E6EACA10 Action=9 Phase=1 Family=7 C1Valid=1 C1Generation=164 RequiredSourceMask=0 RightAddress=E6EEFE10 RightUseType=8 LeftAddress=00000000 LeftUseType=0 Marker=INVALID BoundIdentityMatch=-1 Motion=Golem_Stand_None_Fist_P0_PowerAttack_Hit_N_Fwd_00_%_00_P0_100_R.xmot ElapsedMs=96233.154
CORE EQUIPPED_SPRINT_PROBE Boundary=CALLBACK Decision=DELEGATE_NATIVE Reason=MARKER_MISSING Actor=Golem ActorAddress=E6EACA10 Action=9 Phase=1 Family=7 C1Valid=1 C1Generation=164 RequiredSourceMask=0 RightAddress=E6EEFE10 RightUseType=8 LeftAddress=00000000 LeftUseType=0 Marker=INVALID BoundIdentityMatch=-1 Motion=Golem_Stand_None_Fist_P0_PowerAttack_Hit_N_Fwd_00_%_00_P0_100_R.xmot ElapsedMs=96241.513
CORE EQUIPPED_SPRINT_PROBE Boundary=CALLBACK Decision=DELEGATE_NATIVE Reason=MARKER_MISSING Actor=Golem ActorAddress=E6EACA10 Action=9 Phase=1 Family=7 C1Valid=1 C1Generation=164 RequiredSourceMask=0 RightAddress=E6EEFE10 RightUseType=8 LeftAddress=00000000 LeftUseType=0 Marker=INVALID BoundIdentityMatch=-1 Motion=Golem_Stand_None_Fist_P0_PowerAttack_Hit_N_Fwd_00_%_00_P0_100_R.xmot ElapsedMs=96249.439
CORE EQUIPPED_SPRINT_PROBE Boundary=CALLBACK Decision=DELEGATE_NATIVE Reason=MARKER_MISSING Actor=Golem ActorAddress=E6EACA10 Action=9 Phase=1 Family=7 C1Valid=1 C1Generation=164 RequiredSourceMask=0 RightAddress=E6EEFE10 RightUseType=8 LeftAddress=00000000 LeftUseType=0 Marker=INVALID BoundIdentityMatch=-1 Motion=Golem_Stand_None_Fist_P0_PowerAttack_Hit_N_Fwd_00_%_00_P0_100_R.xmot ElapsedMs=96257.105
CORE C1_FINAL ElapsedMs=96265.164 Actor=Golem Generation=164 Status=PERSISTED SourceCount=1 PhysicalChanged=0 Source[0]=Fist Side=RIGHT Outstanding=0 Cleanup=0 Outcome=NO_OP_NO_OUTSTANDING
CORE C1_START ElapsedMs=96273.204 Actor=Golem Generation=165 Status=CANDIDATE Outstanding=0 TrackedSources=1 ReplacedGeneration=0 ReplacedOutstanding=0 Source[0]=Fist Side=RIGHT Group=0
CORE C1_BIND ElapsedMs=96273.216 Event=COMBAT_MOVE_CANDIDATE_BOUND Actor=Golem Generation=165 Status=CANDIDATE Outstanding=0 Source=<null> Script=_AI_PowerAttack
CORE C1_STATUS ElapsedMs=96273.277 Event=PERSISTED Actor=Golem Generation=165 Status=PERSISTED Outstanding=0
CORE C1_BIND ElapsedMs=96606.477 Event=COMBAT_MOVE_REUSED Actor=Golem Generation=165 Status=PERSISTED Outstanding=0 Source=<null> Script=_AI_PowerAttack
CORE EQUIPPED_SPRINT_PROBE Boundary=CALLBACK Decision=DELEGATE_NATIVE Reason=MARKER_MISSING Actor=Golem ActorAddress=E6EACA10 Action=9 Phase=1 Family=7 C1Valid=1 C1Generation=165 RequiredSourceMask=0 RightAddress=E6EEFE10 RightUseType=8 LeftAddress=00000000 LeftUseType=0 Marker=INVALID BoundIdentityMatch=-1 Motion=Golem_Stand_None_Fist_P0_PowerAttack_Hit_N_Fwd_00_%_00_P0_100_R.xmot ElapsedMs=96606.557
CORE COLLISION_GROUP ElapsedMs=96606.575 Source=Fist UseType=8 Owner=<unresolved> Slot=NONE Requested=7 Before=0 After=0 MarkerBitsRetired=0
CORE EQUIPPED_SPRINT_PROBE Boundary=CALLBACK Decision=DELEGATE_NATIVE Reason=MARKER_MISSING Actor=Golem ActorAddress=E6EACA10 Action=9 Phase=1 Family=7 C1Valid=1 C1Generation=165 RequiredSourceMask=0 RightAddress=E6EEFE10 RightUseType=8 LeftAddress=00000000 LeftUseType=0 Marker=INVALID BoundIdentityMatch=-1 Motion=Golem_Stand_None_Fist_P0_PowerAttack_Hit_N_Fwd_00_%_00_P0_100_R.xmot ElapsedMs=96617.744
CORE EQUIPPED_SPRINT_PROBE Boundary=CALLBACK Decision=DELEGATE_NATIVE Reason=MARKER_MISSING Actor=Golem ActorAddress=E6EACA10 Action=9 Phase=1 Family=7 C1Valid=1 C1Generation=165 RequiredSourceMask=0 RightAddress=E6EEFE10 RightUseType=8 LeftAddress=00000000 LeftUseType=0 Marker=INVALID BoundIdentityMatch=-1 Motion=Golem_Stand_None_Fist_P0_PowerAttack_Hit_N_Fwd_00_%_00_P0_100_R.xmot ElapsedMs=96626.214
CORE EQUIPPED_SPRINT_PROBE Boundary=CALLBACK Decision=DELEGATE_NATIVE Reason=MARKER_MISSING Actor=Golem ActorAddress=E6EACA10 Action=9 Phase=1 Family=7 C1Valid=1 C1Generation=165 RequiredSourceMask=0 RightAddress=E6EEFE10 RightUseType=8 LeftAddress=00000000 LeftUseType=0 Marker=INVALID BoundIdentityMatch=-1 Motion=Golem_Stand_None_Fist_P0_PowerAttack_Hit_N_Fwd_00_%_00_P0_100_R.xmot ElapsedMs=96634.104
CORE EQUIPPED_SPRINT_PROBE Boundary=CALLBACK Decision=DELEGATE_NATIVE Reason=MARKER_MISSING Actor=Golem ActorAddress=E6EACA10 Action=9 Phase=1 Family=7 C1Valid=1 C1Generation=165 RequiredSourceMask=0 RightAddress=E6EEFE10 RightUseType=8 LeftAddress=00000000 LeftUseType=0 Marker=INVALID BoundIdentityMatch=-1 Motion=Golem_Stand_None_Fist_P0_PowerAttack_Hit_N_Fwd_00_%_00_P0_100_R.xmot ElapsedMs=96643.498
CORE EQUIPPED_SPRINT_PROBE Boundary=CALLBACK Decision=DELEGATE_NATIVE Reason=MARKER_MISSING Actor=Golem ActorAddress=E6EACA10 Action=9 Phase=1 Family=7 C1Valid=1 C1Generation=165 RequiredSourceMask=0 RightAddress=E6EEFE10 RightUseType=8 LeftAddress=00000000 LeftUseType=0 Marker=INVALID BoundIdentityMatch=-1 Motion=Golem_Stand_None_Fist_P0_PowerAttack_Hit_N_Fwd_00_%_00_P0_100_R.xmot ElapsedMs=96651.423
CORE EQUIPPED_SPRINT_PROBE Boundary=CALLBACK Decision=DELEGATE_NATIVE Reason=MARKER_MISSING Actor=Golem ActorAddress=E6EACA10 Action=9 Phase=1 Family=7 C1Valid=1 C1Generation=165 RequiredSourceMask=0 RightAddress=E6EEFE10 RightUseType=8 LeftAddress=00000000 LeftUseType=0 Marker=INVALID BoundIdentityMatch=-1 Motion=Golem_Stand_None_Fist_P0_PowerAttack_Hit_N_Fwd_00_%_00_P0_100_R.xmot ElapsedMs=96659.763
CORE EQUIPPED_SPRINT_PROBE Boundary=CALLBACK Decision=DELEGATE_NATIVE Reason=MARKER_MISSING Actor=Golem ActorAddress=E6EACA10 Action=9 Phase=1 Family=7 C1Valid=1 C1Generation=165 RequiredSourceMask=0 RightAddress=E6EEFE10 RightUseType=8 LeftAddress=00000000 LeftUseType=0 Marker=INVALID BoundIdentityMatch=-1 Motion=Golem_Stand_None_Fist_P0_PowerAttack_Hit_N_Fwd_00_%_00_P0_100_R.xmot ElapsedMs=96667.896
CORE EQUIPPED_SPRINT_PROBE Boundary=CALLBACK Decision=DELEGATE_NATIVE Reason=MARKER_MISSING Actor=Golem ActorAddress=E6EACA10 Action=9 Phase=1 Family=7 C1Valid=1 C1Generation=165 RequiredSourceMask=0 RightAddress=E6EEFE10 RightUseType=8 LeftAddress=00000000 LeftUseType=0 Marker=INVALID BoundIdentityMatch=-1 Motion=Golem_Stand_None_Fist_P0_PowerAttack_Hit_N_Fwd_00_%_00_P0_100_R.xmot ElapsedMs=96677.389
CORE EQUIPPED_SPRINT_PROBE Boundary=CALLBACK Decision=DELEGATE_NATIVE Reason=MARKER_MISSING Actor=Golem ActorAddress=E6EACA10 Action=9 Phase=1 Family=7 C1Valid=1 C1Generation=165 RequiredSourceMask=0 RightAddress=E6EEFE10 RightUseType=8 LeftAddress=00000000 LeftUseType=0 Marker=INVALID BoundIdentityMatch=-1 Motion=Golem_Stand_None_Fist_P0_PowerAttack_Hit_N_Fwd_00_%_00_P0_100_R.xmot ElapsedMs=96685.230
CORE EQUIPPED_SPRINT_PROBE Boundary=CALLBACK Decision=DELEGATE_NATIVE Reason=MARKER_MISSING Actor=Golem ActorAddress=E6EACA10 Action=9 Phase=1 Family=7 C1Valid=1 C1Generation=165 RequiredSourceMask=0 RightAddress=E6EEFE10 RightUseType=8 LeftAddress=00000000 LeftUseType=0 Marker=INVALID BoundIdentityMatch=-1 Motion=Golem_Stand_None_Fist_P0_PowerAttack_Hit_N_Fwd_00_%_00_P0_100_R.xmot ElapsedMs=96693.015
CORE EQUIPPED_SPRINT_PROBE Boundary=CALLBACK Decision=DELEGATE_NATIVE Reason=MARKER_MISSING Actor=Golem ActorAddress=E6EACA10 Action=9 Phase=1 Family=7 C1Valid=1 C1Generation=165 RequiredSourceMask=0 RightAddress=E6EEFE10 RightUseType=8 LeftAddress=00000000 LeftUseType=0 Marker=INVALID BoundIdentityMatch=-1 Motion=Golem_Stand_None_Fist_P0_PowerAttack_Hit_N_Fwd_00_%_00_P0_100_R.xmot ElapsedMs=96701.551
CORE EQUIPPED_SPRINT_PROBE Boundary=CALLBACK Decision=DELEGATE_NATIVE Reason=MARKER_MISSING Actor=Golem ActorAddress=E6EACA10 Action=9 Phase=1 Family=7 C1Valid=1 C1Generation=165 RequiredSourceMask=0 RightAddress=E6EEFE10 RightUseType=8 LeftAddress=00000000 LeftUseType=0 Marker=INVALID BoundIdentityMatch=-1 Motion=Golem_Stand_None_Fist_P0_PowerAttack_Hit_N_Fwd_00_%_00_P0_100_R.xmot ElapsedMs=96709.392
CORE EQUIPPED_SPRINT_PROBE Boundary=CALLBACK Decision=DELEGATE_NATIVE Reason=MARKER_MISSING Actor=Golem ActorAddress=E6EACA10 Action=9 Phase=1 Family=7 C1Valid=1 C1Generation=165 RequiredSourceMask=0 RightAddress=E6EEFE10 RightUseType=8 LeftAddress=00000000 LeftUseType=0 Marker=INVALID BoundIdentityMatch=-1 Motion=Golem_Stand_None_Fist_P0_PowerAttack_Hit_N_Fwd_00_%_00_P0_100_R.xmot ElapsedMs=96717.788
CORE EQUIPPED_SPRINT_PROBE Boundary=CALLBACK Decision=DELEGATE_NATIVE Reason=MARKER_MISSING Actor=Golem ActorAddress=E6EACA10 Action=9 Phase=1 Family=7 C1Valid=1 C1Generation=165 RequiredSourceMask=0 RightAddress=E6EEFE10 RightUseType=8 LeftAddress=00000000 LeftUseType=0 Marker=INVALID BoundIdentityMatch=-1 Motion=Golem_Stand_None_Fist_P0_PowerAttack_Hit_N_Fwd_00_%_00_P0_100_R.xmot ElapsedMs=96725.475
CORE EQUIPPED_SPRINT_PROBE Boundary=CALLBACK Decision=DELEGATE_NATIVE Reason=MARKER_MISSING Actor=Golem ActorAddress=E6EACA10 Action=9 Phase=1 Family=7 C1Valid=1 C1Generation=165 RequiredSourceMask=0 RightAddress=E6EEFE10 RightUseType=8 LeftAddress=00000000 LeftUseType=0 Marker=INVALID BoundIdentityMatch=-1 Motion=Golem_Stand_None_Fist_P0_PowerAttack_Hit_N_Fwd_00_%_00_P0_100_R.xmot ElapsedMs=96734.133
CORE EQUIPPED_SPRINT_PROBE Boundary=CALLBACK Decision=DELEGATE_NATIVE Reason=MARKER_MISSING Actor=Golem ActorAddress=E6EACA10 Action=9 Phase=1 Family=7 C1Valid=1 C1Generation=165 RequiredSourceMask=0 RightAddress=E6EEFE10 RightUseType=8 LeftAddress=00000000 LeftUseType=0 Marker=INVALID BoundIdentityMatch=-1 Motion=Golem_Stand_None_Fist_P0_PowerAttack_Hit_N_Fwd_00_%_00_P0_100_R.xmot ElapsedMs=96741.942
CORE EQUIPPED_SPRINT_PROBE Boundary=CALLBACK Decision=DELEGATE_NATIVE Reason=MARKER_MISSING Actor=Golem ActorAddress=E6EACA10 Action=9 Phase=1 Family=7 C1Valid=1 C1Generation=165 RequiredSourceMask=0 RightAddress=E6EEFE10 RightUseType=8 LeftAddress=00000000 LeftUseType=0 Marker=INVALID BoundIdentityMatch=-1 Motion=Golem_Stand_None_Fist_P0_PowerAttack_Hit_N_Fwd_00_%_00_P0_100_R.xmot ElapsedMs=96750.004
CORE EQUIPPED_SPRINT_PROBE Boundary=CALLBACK Decision=DELEGATE_NATIVE Reason=MARKER_MISSING Actor=Golem ActorAddress=E6EACA10 Action=9 Phase=1 Family=7 C1Valid=1 C1Generation=165 RequiredSourceMask=0 RightAddress=E6EEFE10 RightUseType=8 LeftAddress=00000000 LeftUseType=0 Marker=INVALID BoundIdentityMatch=-1 Motion=Golem_Stand_None_Fist_P0_PowerAttack_Hit_N_Fwd_00_%_00_P0_100_R.xmot ElapsedMs=96757.841
CORE EQUIPPED_SPRINT_PROBE Boundary=CALLBACK Decision=DELEGATE_NATIVE Reason=MARKER_MISSING Actor=Golem ActorAddress=E6EACA10 Action=9 Phase=1 Family=7 C1Valid=1 C1Generation=165 RequiredSourceMask=0 RightAddress=E6EEFE10 RightUseType=8 LeftAddress=00000000 LeftUseType=0 Marker=INVALID BoundIdentityMatch=-1 Motion=Golem_Stand_None_Fist_P0_PowerAttack_Hit_N_Fwd_00_%_00_P0_100_R.xmot ElapsedMs=96765.788
CORE EQUIPPED_SPRINT_PROBE Boundary=CALLBACK Decision=DELEGATE_NATIVE Reason=MARKER_MISSING Actor=Golem ActorAddress=E6EACA10 Action=9 Phase=1 Family=7 C1Valid=1 C1Generation=165 RequiredSourceMask=0 RightAddress=E6EEFE10 RightUseType=8 LeftAddress=00000000 LeftUseType=0 Marker=INVALID BoundIdentityMatch=-1 Motion=Golem_Stand_None_Fist_P0_PowerAttack_Hit_N_Fwd_00_%_00_P0_100_R.xmot ElapsedMs=96774.268
CORE EQUIPPED_SPRINT_PROBE Boundary=CALLBACK Decision=DELEGATE_NATIVE Reason=MARKER_MISSING Actor=Golem ActorAddress=E6EACA10 Action=9 Phase=1 Family=7 C1Valid=1 C1Generation=165 RequiredSourceMask=0 RightAddress=E6EEFE10 RightUseType=8 LeftAddress=00000000 LeftUseType=0 Marker=INVALID BoundIdentityMatch=-1 Motion=Golem_Stand_None_Fist_P0_PowerAttack_Hit_N_Fwd_00_%_00_P0_100_R.xmot ElapsedMs=96781.883
CORE EQUIPPED_SPRINT_PROBE Boundary=CALLBACK Decision=DELEGATE_NATIVE Reason=MARKER_MISSING Actor=Golem ActorAddress=E6EACA10 Action=9 Phase=1 Family=7 C1Valid=1 C1Generation=165 RequiredSourceMask=0 RightAddress=E6EEFE10 RightUseType=8 LeftAddress=00000000 LeftUseType=0 Marker=INVALID BoundIdentityMatch=-1 Motion=Golem_Stand_None_Fist_P0_PowerAttack_Hit_N_Fwd_00_%_00_P0_100_R.xmot ElapsedMs=96791.039
CORE EQUIPPED_SPRINT_PROBE Boundary=CALLBACK Decision=DELEGATE_NATIVE Reason=MARKER_MISSING Actor=Golem ActorAddress=E6EACA10 Action=9 Phase=1 Family=7 C1Valid=1 C1Generation=165 RequiredSourceMask=0 RightAddress=E6EEFE10 RightUseType=8 LeftAddress=00000000 LeftUseType=0 Marker=INVALID BoundIdentityMatch=-1 Motion=Golem_Stand_None_Fist_P0_PowerAttack_Hit_N_Fwd_00_%_00_P0_100_R.xmot ElapsedMs=96798.435
CORE EQUIPPED_SPRINT_PROBE Boundary=CALLBACK Decision=DELEGATE_NATIVE Reason=MARKER_MISSING Actor=Golem ActorAddress=E6EACA10 Action=9 Phase=1 Family=7 C1Valid=1 C1Generation=165 RequiredSourceMask=0 RightAddress=E6EEFE10 RightUseType=8 LeftAddress=00000000 LeftUseType=0 Marker=INVALID BoundIdentityMatch=-1 Motion=Golem_Stand_None_Fist_P0_PowerAttack_Hit_N_Fwd_00_%_00_P0_100_R.xmot ElapsedMs=96805.766
CORE EQUIPPED_SPRINT_PROBE Boundary=CALLBACK Decision=DELEGATE_NATIVE Reason=MARKER_MISSING Actor=Golem ActorAddress=E6EACA10 Action=9 Phase=1 Family=7 C1Valid=1 C1Generation=165 RequiredSourceMask=0 RightAddress=E6EEFE10 RightUseType=8 LeftAddress=00000000 LeftUseType=0 Marker=INVALID BoundIdentityMatch=-1 Motion=Golem_Stand_None_Fist_P0_PowerAttack_Hit_N_Fwd_00_%_00_P0_100_R.xmot ElapsedMs=96814.449
CORE EQUIPPED_SPRINT_PROBE Boundary=CALLBACK Decision=DELEGATE_NATIVE Reason=MARKER_MISSING Actor=Golem ActorAddress=E6EACA10 Action=9 Phase=1 Family=7 C1Valid=1 C1Generation=165 RequiredSourceMask=0 RightAddress=E6EEFE10 RightUseType=8 LeftAddress=00000000 LeftUseType=0 Marker=INVALID BoundIdentityMatch=-1 Motion=Golem_Stand_None_Fist_P0_PowerAttack_Hit_N_Fwd_00_%_00_P0_100_R.xmot ElapsedMs=96822.055
CORE EQUIPPED_SPRINT_PROBE Boundary=CALLBACK Decision=DELEGATE_NATIVE Reason=MARKER_MISSING Actor=Golem ActorAddress=E6EACA10 Action=9 Phase=1 Family=7 C1Valid=1 C1Generation=165 RequiredSourceMask=0 RightAddress=E6EEFE10 RightUseType=8 LeftAddress=00000000 LeftUseType=0 Marker=INVALID BoundIdentityMatch=-1 Motion=Golem_Stand_None_Fist_P0_PowerAttack_Hit_N_Fwd_00_%_00_P0_100_R.xmot ElapsedMs=96829.825
CORE EQUIPPED_SPRINT_PROBE Boundary=CALLBACK Decision=DELEGATE_NATIVE Reason=MARKER_MISSING Actor=Golem ActorAddress=E6EACA10 Action=9 Phase=1 Family=7 C1Valid=1 C1Generation=165 RequiredSourceMask=0 RightAddress=E6EEFE10 RightUseType=8 LeftAddress=00000000 LeftUseType=0 Marker=INVALID BoundIdentityMatch=-1 Motion=Golem_Stand_None_Fist_P0_PowerAttack_Hit_N_Fwd_00_%_00_P0_100_R.xmot ElapsedMs=96838.931
CORE EQUIPPED_SPRINT_PROBE Boundary=CALLBACK Decision=DELEGATE_NATIVE Reason=MARKER_MISSING Actor=Golem ActorAddress=E6EACA10 Action=9 Phase=1 Family=7 C1Valid=1 C1Generation=165 RequiredSourceMask=0 RightAddress=E6EEFE10 RightUseType=8 LeftAddress=00000000 LeftUseType=0 Marker=INVALID BoundIdentityMatch=-1 Motion=Golem_Stand_None_Fist_P0_PowerAttack_Hit_N_Fwd_00_%_00_P0_100_R.xmot ElapsedMs=96846.249
CORE EQUIPPED_SPRINT_PROBE Boundary=CALLBACK Decision=DELEGATE_NATIVE Reason=MARKER_MISSING Actor=Golem ActorAddress=E6EACA10 Action=9 Phase=1 Family=7 C1Valid=1 C1Generation=165 RequiredSourceMask=0 RightAddress=E6EEFE10 RightUseType=8 LeftAddress=00000000 LeftUseType=0 Marker=INVALID BoundIdentityMatch=-1 Motion=Golem_Stand_None_Fist_P0_PowerAttack_Hit_N_Fwd_00_%_00_P0_100_R.xmot ElapsedMs=96854.384
CORE C1_FINAL ElapsedMs=96862.296 Actor=Golem Generation=165 Status=PERSISTED SourceCount=1 PhysicalChanged=0 Source[0]=Fist Side=RIGHT Outstanding=0 Cleanup=0 Outcome=NO_OP_NO_OUTSTANDING
CORE C1_START ElapsedMs=96869.878 Actor=Golem Generation=166 Status=CANDIDATE Outstanding=0 TrackedSources=1 ReplacedGeneration=0 ReplacedOutstanding=0 Source[0]=Fist Side=RIGHT Group=0
CORE C1_BIND ElapsedMs=96869.889 Event=COMBAT_MOVE_CANDIDATE_BOUND Actor=Golem Generation=166 Status=CANDIDATE Outstanding=0 Source=<null> Script=_AI_PowerAttack
CORE C1_STATUS ElapsedMs=96869.949 Event=PERSISTED Actor=Golem Generation=166 Status=PERSISTED Outstanding=0
CORE C1_BIND ElapsedMs=97198.250 Event=COMBAT_MOVE_REUSED Actor=Golem Generation=166 Status=PERSISTED Outstanding=0 Source=<null> Script=_AI_PowerAttack
CORE EQUIPPED_SPRINT_PROBE Boundary=CALLBACK Decision=DELEGATE_NATIVE Reason=MARKER_MISSING Actor=Golem ActorAddress=E6EACA10 Action=9 Phase=1 Family=7 C1Valid=1 C1Generation=166 RequiredSourceMask=0 RightAddress=E6EEFE10 RightUseType=8 LeftAddress=00000000 LeftUseType=0 Marker=INVALID BoundIdentityMatch=-1 Motion=Golem_Stand_None_Fist_P0_PowerAttack_Hit_N_Fwd_00_%_00_P0_100_R.xmot ElapsedMs=97198.362
CORE COLLISION_GROUP ElapsedMs=97198.382 Source=Fist UseType=8 Owner=<unresolved> Slot=NONE Requested=7 Before=0 After=0 MarkerBitsRetired=0
CORE EQUIPPED_SPRINT_PROBE Boundary=CALLBACK Decision=DELEGATE_NATIVE Reason=MARKER_MISSING Actor=Golem ActorAddress=E6EACA10 Action=9 Phase=1 Family=7 C1Valid=1 C1Generation=166 RequiredSourceMask=0 RightAddress=E6EEFE10 RightUseType=8 LeftAddress=00000000 LeftUseType=0 Marker=INVALID BoundIdentityMatch=-1 Motion=Golem_Stand_None_Fist_P0_PowerAttack_Hit_N_Fwd_00_%_00_P0_100_R.xmot ElapsedMs=97206.322
CORE EQUIPPED_SPRINT_PROBE Boundary=CALLBACK Decision=DELEGATE_NATIVE Reason=MARKER_MISSING Actor=Golem ActorAddress=E6EACA10 Action=9 Phase=1 Family=7 C1Valid=1 C1Generation=166 RequiredSourceMask=0 RightAddress=E6EEFE10 RightUseType=8 LeftAddress=00000000 LeftUseType=0 Marker=INVALID BoundIdentityMatch=-1 Motion=Golem_Stand_None_Fist_P0_PowerAttack_Hit_N_Fwd_00_%_00_P0_100_R.xmot ElapsedMs=97214.644
CORE EQUIPPED_SPRINT_PROBE Boundary=CALLBACK Decision=DELEGATE_NATIVE Reason=MARKER_MISSING Actor=Golem ActorAddress=E6EACA10 Action=9 Phase=1 Family=7 C1Valid=1 C1Generation=166 RequiredSourceMask=0 RightAddress=E6EEFE10 RightUseType=8 LeftAddress=00000000 LeftUseType=0 Marker=INVALID BoundIdentityMatch=-1 Motion=Golem_Stand_None_Fist_P0_PowerAttack_Hit_N_Fwd_00_%_00_P0_100_R.xmot ElapsedMs=97222.068
CORE EQUIPPED_SPRINT_PROBE Boundary=CALLBACK Decision=DELEGATE_NATIVE Reason=MARKER_MISSING Actor=Golem ActorAddress=E6EACA10 Action=9 Phase=1 Family=7 C1Valid=1 C1Generation=166 RequiredSourceMask=0 RightAddress=E6EEFE10 RightUseType=8 LeftAddress=00000000 LeftUseType=0 Marker=INVALID BoundIdentityMatch=-1 Motion=Golem_Stand_None_Fist_P0_PowerAttack_Hit_N_Fwd_00_%_00_P0_100_R.xmot ElapsedMs=97230.849
CORE EQUIPPED_SPRINT_PROBE Boundary=CALLBACK Decision=DELEGATE_NATIVE Reason=MARKER_MISSING Actor=Golem ActorAddress=E6EACA10 Action=9 Phase=1 Family=7 C1Valid=1 C1Generation=166 RequiredSourceMask=0 RightAddress=E6EEFE10 RightUseType=8 LeftAddress=00000000 LeftUseType=0 Marker=INVALID BoundIdentityMatch=-1 Motion=Golem_Stand_None_Fist_P0_PowerAttack_Hit_N_Fwd_00_%_00_P0_100_R.xmot ElapsedMs=97240.045
CORE EQUIPPED_SPRINT_PROBE Boundary=CALLBACK Decision=DELEGATE_NATIVE Reason=MARKER_MISSING Actor=Golem ActorAddress=E6EACA10 Action=9 Phase=1 Family=7 C1Valid=1 C1Generation=166 RequiredSourceMask=0 RightAddress=E6EEFE10 RightUseType=8 LeftAddress=00000000 LeftUseType=0 Marker=INVALID BoundIdentityMatch=-1 Motion=Golem_Stand_None_Fist_P0_PowerAttack_Hit_N_Fwd_00_%_00_P0_100_R.xmot ElapsedMs=97247.959
CORE EQUIPPED_SPRINT_PROBE Boundary=CALLBACK Decision=DELEGATE_NATIVE Reason=MARKER_MISSING Actor=Golem ActorAddress=E6EACA10 Action=9 Phase=1 Family=7 C1Valid=1 C1Generation=166 RequiredSourceMask=0 RightAddress=E6EEFE10 RightUseType=8 LeftAddress=00000000 LeftUseType=0 Marker=INVALID BoundIdentityMatch=-1 Motion=Golem_Stand_None_Fist_P0_PowerAttack_Hit_N_Fwd_00_%_00_P0_100_R.xmot ElapsedMs=97256.964
CORE EQUIPPED_SPRINT_PROBE Boundary=CALLBACK Decision=DELEGATE_NATIVE Reason=MARKER_MISSING Actor=Golem ActorAddress=E6EACA10 Action=9 Phase=1 Family=7 C1Valid=1 C1Generation=166 RequiredSourceMask=0 RightAddress=E6EEFE10 RightUseType=8 LeftAddress=00000000 LeftUseType=0 Marker=INVALID BoundIdentityMatch=-1 Motion=Golem_Stand_None_Fist_P0_PowerAttack_Hit_N_Fwd_00_%_00_P0_100_R.xmot ElapsedMs=97265.620
CORE EQUIPPED_SPRINT_PROBE Boundary=CALLBACK Decision=DELEGATE_NATIVE Reason=MARKER_MISSING Actor=Golem ActorAddress=E6EACA10 Action=9 Phase=1 Family=7 C1Valid=1 C1Generation=166 RequiredSourceMask=0 RightAddress=E6EEFE10 RightUseType=8 LeftAddress=00000000 LeftUseType=0 Marker=INVALID BoundIdentityMatch=-1 Motion=Golem_Stand_None_Fist_P0_PowerAttack_Hit_N_Fwd_00_%_00_P0_100_R.xmot ElapsedMs=97274.100
CORE EQUIPPED_SPRINT_PROBE Boundary=CALLBACK Decision=DELEGATE_NATIVE Reason=MARKER_MISSING Actor=Golem ActorAddress=E6EACA10 Action=9 Phase=1 Family=7 C1Valid=1 C1Generation=166 RequiredSourceMask=0 RightAddress=E6EEFE10 RightUseType=8 LeftAddress=00000000 LeftUseType=0 Marker=INVALID BoundIdentityMatch=-1 Motion=Golem_Stand_None_Fist_P0_PowerAttack_Hit_N_Fwd_00_%_00_P0_100_R.xmot ElapsedMs=97282.788
CORE EQUIPPED_SPRINT_PROBE Boundary=CALLBACK Decision=DELEGATE_NATIVE Reason=MARKER_MISSING Actor=Golem ActorAddress=E6EACA10 Action=9 Phase=1 Family=7 C1Valid=1 C1Generation=166 RequiredSourceMask=0 RightAddress=E6EEFE10 RightUseType=8 LeftAddress=00000000 LeftUseType=0 Marker=INVALID BoundIdentityMatch=-1 Motion=Golem_Stand_None_Fist_P0_PowerAttack_Hit_N_Fwd_00_%_00_P0_100_R.xmot ElapsedMs=97290.006
CORE EQUIPPED_SPRINT_PROBE Boundary=CALLBACK Decision=DELEGATE_NATIVE Reason=MARKER_MISSING Actor=Golem ActorAddress=E6EACA10 Action=9 Phase=1 Family=7 C1Valid=1 C1Generation=166 RequiredSourceMask=0 RightAddress=E6EEFE10 RightUseType=8 LeftAddress=00000000 LeftUseType=0 Marker=INVALID BoundIdentityMatch=-1 Motion=Golem_Stand_None_Fist_P0_PowerAttack_Hit_N_Fwd_00_%_00_P0_100_R.xmot ElapsedMs=97298.792
CORE EQUIPPED_SPRINT_PROBE Boundary=CALLBACK Decision=DELEGATE_NATIVE Reason=MARKER_MISSING Actor=Golem ActorAddress=E6EACA10 Action=9 Phase=1 Family=7 C1Valid=1 C1Generation=166 RequiredSourceMask=0 RightAddress=E6EEFE10 RightUseType=8 LeftAddress=00000000 LeftUseType=0 Marker=INVALID BoundIdentityMatch=-1 Motion=Golem_Stand_None_Fist_P0_PowerAttack_Hit_N_Fwd_00_%_00_P0_100_R.xmot ElapsedMs=97306.891
CORE EQUIPPED_SPRINT_PROBE Boundary=CALLBACK Decision=DELEGATE_NATIVE Reason=MARKER_MISSING Actor=Golem ActorAddress=E6EACA10 Action=9 Phase=1 Family=7 C1Valid=1 C1Generation=166 RequiredSourceMask=0 RightAddress=E6EEFE10 RightUseType=8 LeftAddress=00000000 LeftUseType=0 Marker=INVALID BoundIdentityMatch=-1 Motion=Golem_Stand_None_Fist_P0_PowerAttack_Hit_N_Fwd_00_%_00_P0_100_R.xmot ElapsedMs=97315.214
CORE EQUIPPED_SPRINT_PROBE Boundary=CALLBACK Decision=DELEGATE_NATIVE Reason=MARKER_MISSING Actor=Golem ActorAddress=E6EACA10 Action=9 Phase=1 Family=7 C1Valid=1 C1Generation=166 RequiredSourceMask=0 RightAddress=E6EEFE10 RightUseType=8 LeftAddress=00000000 LeftUseType=0 Marker=INVALID BoundIdentityMatch=-1 Motion=Golem_Stand_None_Fist_P0_PowerAttack_Hit_N_Fwd_00_%_00_P0_100_R.xmot ElapsedMs=97323.179
CORE EQUIPPED_SPRINT_PROBE Boundary=CALLBACK Decision=DELEGATE_NATIVE Reason=MARKER_MISSING Actor=Golem ActorAddress=E6EACA10 Action=9 Phase=1 Family=7 C1Valid=1 C1Generation=166 RequiredSourceMask=0 RightAddress=E6EEFE10 RightUseType=8 LeftAddress=00000000 LeftUseType=0 Marker=INVALID BoundIdentityMatch=-1 Motion=Golem_Stand_None_Fist_P0_PowerAttack_Hit_N_Fwd_00_%_00_P0_100_R.xmot ElapsedMs=97331.481
CORE EQUIPPED_SPRINT_PROBE Boundary=CALLBACK Decision=DELEGATE_NATIVE Reason=MARKER_MISSING Actor=Golem ActorAddress=E6EACA10 Action=9 Phase=1 Family=7 C1Valid=1 C1Generation=166 RequiredSourceMask=0 RightAddress=E6EEFE10 RightUseType=8 LeftAddress=00000000 LeftUseType=0 Marker=INVALID BoundIdentityMatch=-1 Motion=Golem_Stand_None_Fist_P0_PowerAttack_Hit_N_Fwd_00_%_00_P0_100_R.xmot ElapsedMs=97338.893
CORE C1_START ElapsedMs=97339.044 Actor=PC_Hero Generation=167 Status=CANDIDATE Outstanding=0 TrackedSources=1 ReplacedGeneration=0 ReplacedOutstanding=0 Source[0]=It_2H_Sword_Flamberge Side=RIGHT Group=5
CORE C1_STATUS ElapsedMs=97339.101 Event=PERSISTED Actor=PC_Hero Generation=167 Status=PERSISTED Outstanding=0
CORE EQUIPPED_SPRINT_PROBE Boundary=CALLBACK Decision=DELEGATE_NATIVE Reason=MARKER_MISSING Actor=Golem ActorAddress=E6EACA10 Action=9 Phase=1 Family=7 C1Valid=1 C1Generation=166 RequiredSourceMask=0 RightAddress=E6EEFE10 RightUseType=8 LeftAddress=00000000 LeftUseType=0 Marker=INVALID BoundIdentityMatch=-1 Motion=Golem_Stand_None_Fist_P0_PowerAttack_Hit_N_Fwd_00_%_00_P0_100_R.xmot ElapsedMs=97347.352
CORE EQUIPPED_SPRINT_PROBE Boundary=CALLBACK Decision=DELEGATE_NATIVE Reason=MARKER_MISSING Actor=Golem ActorAddress=E6EACA10 Action=9 Phase=1 Family=7 C1Valid=1 C1Generation=166 RequiredSourceMask=0 RightAddress=E6EEFE10 RightUseType=8 LeftAddress=00000000 LeftUseType=0 Marker=INVALID BoundIdentityMatch=-1 Motion=Golem_Stand_None_Fist_P0_PowerAttack_Hit_N_Fwd_00_%_00_P0_100_R.xmot ElapsedMs=97355.450
CORE EQUIPPED_SPRINT_PROBE Boundary=CALLBACK Decision=DELEGATE_NATIVE Reason=MARKER_MISSING Actor=Golem ActorAddress=E6EACA10 Action=9 Phase=1 Family=7 C1Valid=1 C1Generation=166 RequiredSourceMask=0 RightAddress=E6EEFE10 RightUseType=8 LeftAddress=00000000 LeftUseType=0 Marker=INVALID BoundIdentityMatch=-1 Motion=Golem_Stand_None_Fist_P0_PowerAttack_Hit_N_Fwd_00_%_00_P0_100_R.xmot ElapsedMs=97363.120
CORE EQUIPPED_SPRINT_PROBE Boundary=CALLBACK Decision=DELEGATE_NATIVE Reason=MARKER_MISSING Actor=Golem ActorAddress=E6EACA10 Action=9 Phase=1 Family=7 C1Valid=1 C1Generation=166 RequiredSourceMask=0 RightAddress=E6EEFE10 RightUseType=8 LeftAddress=00000000 LeftUseType=0 Marker=INVALID BoundIdentityMatch=-1 Motion=Golem_Stand_None_Fist_P0_PowerAttack_Hit_N_Fwd_00_%_00_P0_100_R.xmot ElapsedMs=97372.477
CORE EQUIPPED_SPRINT_PROBE Boundary=CALLBACK Decision=DELEGATE_NATIVE Reason=MARKER_MISSING Actor=Golem ActorAddress=E6EACA10 Action=9 Phase=1 Family=7 C1Valid=1 C1Generation=166 RequiredSourceMask=0 RightAddress=E6EEFE10 RightUseType=8 LeftAddress=00000000 LeftUseType=0 Marker=INVALID BoundIdentityMatch=-1 Motion=Golem_Stand_None_Fist_P0_PowerAttack_Hit_N_Fwd_00_%_00_P0_100_R.xmot ElapsedMs=97380.581
CORE EQUIPPED_SPRINT_PROBE Boundary=CALLBACK Decision=DELEGATE_NATIVE Reason=MARKER_MISSING Actor=Golem ActorAddress=E6EACA10 Action=9 Phase=1 Family=7 C1Valid=1 C1Generation=166 RequiredSourceMask=0 RightAddress=E6EEFE10 RightUseType=8 LeftAddress=00000000 LeftUseType=0 Marker=INVALID BoundIdentityMatch=-1 Motion=Golem_Stand_None_Fist_P0_PowerAttack_Hit_N_Fwd_00_%_00_P0_100_R.xmot ElapsedMs=97387.998
CORE EQUIPPED_SPRINT_PROBE Boundary=CALLBACK Decision=DELEGATE_NATIVE Reason=MARKER_MISSING Actor=Golem ActorAddress=E6EACA10 Action=9 Phase=1 Family=7 C1Valid=1 C1Generation=166 RequiredSourceMask=0 RightAddress=E6EEFE10 RightUseType=8 LeftAddress=00000000 LeftUseType=0 Marker=INVALID BoundIdentityMatch=-1 Motion=Golem_Stand_None_Fist_P0_PowerAttack_Hit_N_Fwd_00_%_00_P0_100_R.xmot ElapsedMs=97396.128
CORE EQUIPPED_SPRINT_PROBE Boundary=CALLBACK Decision=DELEGATE_NATIVE Reason=MARKER_MISSING Actor=Golem ActorAddress=E6EACA10 Action=9 Phase=1 Family=7 C1Valid=1 C1Generation=166 RequiredSourceMask=0 RightAddress=E6EEFE10 RightUseType=8 LeftAddress=00000000 LeftUseType=0 Marker=INVALID BoundIdentityMatch=-1 Motion=Golem_Stand_None_Fist_P0_PowerAttack_Hit_N_Fwd_00_%_00_P0_100_R.xmot ElapsedMs=97405.467
CORE EQUIPPED_SPRINT_PROBE Boundary=CALLBACK Decision=DELEGATE_NATIVE Reason=MARKER_MISSING Actor=Golem ActorAddress=E6EACA10 Action=9 Phase=1 Family=7 C1Valid=1 C1Generation=166 RequiredSourceMask=0 RightAddress=E6EEFE10 RightUseType=8 LeftAddress=00000000 LeftUseType=0 Marker=INVALID BoundIdentityMatch=-1 Motion=Golem_Stand_None_Fist_P0_PowerAttack_Hit_N_Fwd_00_%_00_P0_100_R.xmot ElapsedMs=97412.971
CORE EQUIPPED_SPRINT_PROBE Boundary=CALLBACK Decision=DELEGATE_NATIVE Reason=MARKER_MISSING Actor=Golem ActorAddress=E6EACA10 Action=9 Phase=1 Family=7 C1Valid=1 C1Generation=166 RequiredSourceMask=0 RightAddress=E6EEFE10 RightUseType=8 LeftAddress=00000000 LeftUseType=0 Marker=INVALID BoundIdentityMatch=-1 Motion=Golem_Stand_None_Fist_P0_PowerAttack_Hit_N_Fwd_00_%_00_P0_100_R.xmot ElapsedMs=97420.872
CORE EQUIPPED_SPRINT_PROBE Boundary=CALLBACK Decision=DELEGATE_NATIVE Reason=MARKER_MISSING Actor=Golem ActorAddress=E6EACA10 Action=9 Phase=1 Family=7 C1Valid=1 C1Generation=166 RequiredSourceMask=0 RightAddress=E6EEFE10 RightUseType=8 LeftAddress=00000000 LeftUseType=0 Marker=INVALID BoundIdentityMatch=-1 Motion=Golem_Stand_None_Fist_P0_PowerAttack_Hit_N_Fwd_00_%_00_P0_100_R.xmot ElapsedMs=97429.363
CORE EQUIPPED_SPRINT_PROBE Boundary=CALLBACK Decision=DELEGATE_NATIVE Reason=MARKER_MISSING Actor=Golem ActorAddress=E6EACA10 Action=9 Phase=1 Family=7 C1Valid=1 C1Generation=166 RequiredSourceMask=0 RightAddress=E6EEFE10 RightUseType=8 LeftAddress=00000000 LeftUseType=0 Marker=INVALID BoundIdentityMatch=-1 Motion=Golem_Stand_None_Fist_P0_PowerAttack_Hit_N_Fwd_00_%_00_P0_100_R.xmot ElapsedMs=97436.805
CORE EQUIPPED_SPRINT_PROBE Boundary=CALLBACK Decision=DELEGATE_NATIVE Reason=MARKER_MISSING Actor=Golem ActorAddress=E6EACA10 Action=9 Phase=1 Family=7 C1Valid=1 C1Generation=166 RequiredSourceMask=0 RightAddress=E6EEFE10 RightUseType=8 LeftAddress=00000000 LeftUseType=0 Marker=INVALID BoundIdentityMatch=-1 Motion=Golem_Stand_None_Fist_P0_PowerAttack_Hit_N_Fwd_00_%_00_P0_100_R.xmot ElapsedMs=97444.433
CORE C1_FINAL ElapsedMs=97452.502 Actor=Golem Generation=166 Status=PERSISTED SourceCount=1 PhysicalChanged=0 Source[0]=Fist Side=RIGHT Outstanding=0 Cleanup=0 Outcome=NO_OP_NO_OUTSTANDING
CORE C1_START ElapsedMs=97460.740 Actor=Golem Generation=168 Status=CANDIDATE Outstanding=0 TrackedSources=1 ReplacedGeneration=0 ReplacedOutstanding=0 Source[0]=Fist Side=RIGHT Group=0
CORE C1_BIND ElapsedMs=97460.753 Event=COMBAT_MOVE_CANDIDATE_BOUND Actor=Golem Generation=168 Status=CANDIDATE Outstanding=0 Source=<null> Script=_AI_PowerAttack
CORE C1_STATUS ElapsedMs=97460.949 Event=PERSISTED Actor=Golem Generation=168 Status=PERSISTED Outstanding=0
CORE C1_START ElapsedMs=97494.466 Actor=PC_Hero Generation=169 Status=CANDIDATE Outstanding=0 TrackedSources=1 ReplacedGeneration=167 ReplacedOutstanding=0 Source[0]=It_2H_Sword_Flamberge Side=RIGHT Group=5
CORE C1_BIND ElapsedMs=97494.478 Event=COMBAT_MOVE_CANDIDATE_BOUND Actor=PC_Hero Generation=169 Status=CANDIDATE Outstanding=0 Source=<null> Script=_AI_Attack
CORE C1_STATUS ElapsedMs=97494.551 Event=PERSISTED Actor=PC_Hero Generation=169 Status=PERSISTED Outstanding=0
CORE ATTACK_OWNERSHIP ElapsedMs=97494.569 Actor=PC_Hero Family=NORMAL Action=1 Phase=1 Motion=Hero_Stand_None_2H_P1_Attack_Hit_N_Fwd_00_%_00_P0_90_L.xmot MarkerPresent=1 RequiredMask=1 FistMarkers=0 Raw8Fist=<none> Raw8UseType=-1 SuppressNative=1 Classification=ROUTINE
CORE COLLISION_GROUP ElapsedMs=97754.462 Source=It_2H_Sword_Flamberge UseType=3 Owner=PC_Hero Slot=RIGHT Requested=7 Before=5 After=7 MarkerBitsRetired=0
CORE C1 OFFENSE REQUEST ElapsedMs=97754.490 Actor=PC_Hero Generation=169 Status=PERSISTED Source=It_2H_Sword_Flamberge Side=RIGHT Requests=1 Outstanding=1 CleanupObserved=0 Group=7
CORE MARKER ElapsedMs=97754.501 Actor=PC_Hero Action=1 Family=NORMAL Phase=1 Motion=Hero_Stand_None_2H_P1_Attack_Hit_N_Fwd_00_%_00_P0_90_L.xmot Marker=RIGHT Result=ACCEPTED C1Valid=1 C1=169 StatePosition=0 PreviousMask=0 DesiredMask=1 RetiredMask=0 OwnedMask=0 MarkerOwnedMask=1 Activated=1 Deactivated=0 Retired=0 RearmRequests=1 Clears=1 RightUseType=3
CORE ONDAMAGE ElapsedMs=97765.943 Ordinal=41 Target=Golem Arg1=Golem Arg2=Golem Caller=Game.dll+0x00069484 PlayerAction=1 PlayerPhase=1 PlayerMotion=Hero_Stand_None_2H_P1_Attack_Hit_N_Fwd_00_%_00_P0_90_L.xmot Raw8Fist=<none> Raw8UseType=-1 Raw8Group=-1
CORE C1_BIND ElapsedMs=97796.053 Event=COMBAT_MOVE_REUSED Actor=Golem Generation=168 Status=PERSISTED Outstanding=0 Source=<null> Script=_AI_PowerAttack
CORE EQUIPPED_SPRINT_PROBE Boundary=CALLBACK Decision=DELEGATE_NATIVE Reason=MARKER_MISSING Actor=Golem ActorAddress=E6EACA10 Action=9 Phase=1 Family=7 C1Valid=1 C1Generation=168 RequiredSourceMask=0 RightAddress=E6EEFE10 RightUseType=8 LeftAddress=00000000 LeftUseType=0 Marker=INVALID BoundIdentityMatch=-1 Motion=Golem_Stand_None_Fist_P0_PowerAttack_Hit_N_Fwd_00_%_00_P0_100_R.xmot ElapsedMs=97796.131
CORE COLLISION_GROUP ElapsedMs=97796.151 Source=Fist UseType=8 Owner=<unresolved> Slot=NONE Requested=7 Before=0 After=0 MarkerBitsRetired=0
CORE EQUIPPED_SPRINT_PROBE Boundary=CALLBACK Decision=DELEGATE_NATIVE Reason=MARKER_MISSING Actor=Golem ActorAddress=E6EACA10 Action=9 Phase=1 Family=7 C1Valid=1 C1Generation=168 RequiredSourceMask=0 RightAddress=E6EEFE10 RightUseType=8 LeftAddress=00000000 LeftUseType=0 Marker=INVALID BoundIdentityMatch=-1 Motion=Golem_Stand_None_Fist_P0_PowerAttack_Hit_N_Fwd_00_%_00_P0_100_R.xmot ElapsedMs=97804.339
CORE EQUIPPED_SPRINT_PROBE Boundary=CALLBACK Decision=DELEGATE_NATIVE Reason=MARKER_MISSING Actor=Golem ActorAddress=E6EACA10 Action=9 Phase=1 Family=7 C1Valid=1 C1Generation=168 RequiredSourceMask=0 RightAddress=E6EEFE10 RightUseType=8 LeftAddress=00000000 LeftUseType=0 Marker=INVALID BoundIdentityMatch=-1 Motion=Golem_Stand_None_Fist_P0_PowerAttack_Hit_N_Fwd_00_%_00_P0_100_R.xmot ElapsedMs=97812.362
CORE EQUIPPED_SPRINT_PROBE Boundary=CALLBACK Decision=DELEGATE_NATIVE Reason=MARKER_MISSING Actor=Golem ActorAddress=E6EACA10 Action=9 Phase=1 Family=7 C1Valid=1 C1Generation=168 RequiredSourceMask=0 RightAddress=E6EEFE10 RightUseType=8 LeftAddress=00000000 LeftUseType=0 Marker=INVALID BoundIdentityMatch=-1 Motion=Golem_Stand_None_Fist_P0_PowerAttack_Hit_N_Fwd_00_%_00_P0_100_R.xmot ElapsedMs=97820.154
CORE EQUIPPED_SPRINT_PROBE Boundary=CALLBACK Decision=DELEGATE_NATIVE Reason=MARKER_MISSING Actor=Golem ActorAddress=E6EACA10 Action=9 Phase=1 Family=7 C1Valid=1 C1Generation=168 RequiredSourceMask=0 RightAddress=E6EEFE10 RightUseType=8 LeftAddress=00000000 LeftUseType=0 Marker=INVALID BoundIdentityMatch=-1 Motion=Golem_Stand_None_Fist_P0_PowerAttack_Hit_N_Fwd_00_%_00_P0_100_R.xmot ElapsedMs=97829.327
CORE EQUIPPED_SPRINT_PROBE Boundary=CALLBACK Decision=DELEGATE_NATIVE Reason=MARKER_MISSING Actor=Golem ActorAddress=E6EACA10 Action=9 Phase=1 Family=7 C1Valid=1 C1Generation=168 RequiredSourceMask=0 RightAddress=E6EEFE10 RightUseType=8 LeftAddress=00000000 LeftUseType=0 Marker=INVALID BoundIdentityMatch=-1 Motion=Golem_Stand_None_Fist_P0_PowerAttack_Hit_N_Fwd_00_%_00_P0_100_R.xmot ElapsedMs=97837.292
CORE EQUIPPED_SPRINT_PROBE Boundary=CALLBACK Decision=DELEGATE_NATIVE Reason=MARKER_MISSING Actor=Golem ActorAddress=E6EACA10 Action=9 Phase=1 Family=7 C1Valid=1 C1Generation=168 RequiredSourceMask=0 RightAddress=E6EEFE10 RightUseType=8 LeftAddress=00000000 LeftUseType=0 Marker=INVALID BoundIdentityMatch=-1 Motion=Golem_Stand_None_Fist_P0_PowerAttack_Hit_N_Fwd_00_%_00_P0_100_R.xmot ElapsedMs=97845.212
CORE EQUIPPED_SPRINT_PROBE Boundary=CALLBACK Decision=DELEGATE_NATIVE Reason=MARKER_MISSING Actor=Golem ActorAddress=E6EACA10 Action=9 Phase=1 Family=7 C1Valid=1 C1Generation=168 RequiredSourceMask=0 RightAddress=E6EEFE10 RightUseType=8 LeftAddress=00000000 LeftUseType=0 Marker=INVALID BoundIdentityMatch=-1 Motion=Golem_Stand_None_Fist_P0_PowerAttack_Hit_N_Fwd_00_%_00_P0_100_R.xmot ElapsedMs=97852.743
CORE EQUIPPED_SPRINT_PROBE Boundary=CALLBACK Decision=DELEGATE_NATIVE Reason=MARKER_MISSING Actor=Golem ActorAddress=E6EACA10 Action=9 Phase=1 Family=7 C1Valid=1 C1Generation=168 RequiredSourceMask=0 RightAddress=E6EEFE10 RightUseType=8 LeftAddress=00000000 LeftUseType=0 Marker=INVALID BoundIdentityMatch=-1 Motion=Golem_Stand_None_Fist_P0_PowerAttack_Hit_N_Fwd_00_%_00_P0_100_R.xmot ElapsedMs=97861.551
CORE EQUIPPED_SPRINT_PROBE Boundary=CALLBACK Decision=DELEGATE_NATIVE Reason=MARKER_MISSING Actor=Golem ActorAddress=E6EACA10 Action=9 Phase=1 Family=7 C1Valid=1 C1Generation=168 RequiredSourceMask=0 RightAddress=E6EEFE10 RightUseType=8 LeftAddress=00000000 LeftUseType=0 Marker=INVALID BoundIdentityMatch=-1 Motion=Golem_Stand_None_Fist_P0_PowerAttack_Hit_N_Fwd_00_%_00_P0_100_R.xmot ElapsedMs=97868.903
CORE EQUIPPED_SPRINT_PROBE Boundary=CALLBACK Decision=DELEGATE_NATIVE Reason=MARKER_MISSING Actor=Golem ActorAddress=E6EACA10 Action=9 Phase=1 Family=7 C1Valid=1 C1Generation=168 RequiredSourceMask=0 RightAddress=E6EEFE10 RightUseType=8 LeftAddress=00000000 LeftUseType=0 Marker=INVALID BoundIdentityMatch=-1 Motion=Golem_Stand_None_Fist_P0_PowerAttack_Hit_N_Fwd_00_%_00_P0_100_R.xmot ElapsedMs=97876.843
CORE EQUIPPED_SPRINT_PROBE Boundary=CALLBACK Decision=DELEGATE_NATIVE Reason=MARKER_MISSING Actor=Golem ActorAddress=E6EACA10 Action=9 Phase=1 Family=7 C1Valid=1 C1Generation=168 RequiredSourceMask=0 RightAddress=E6EEFE10 RightUseType=8 LeftAddress=00000000 LeftUseType=0 Marker=INVALID BoundIdentityMatch=-1 Motion=Golem_Stand_None_Fist_P0_PowerAttack_Hit_N_Fwd_00_%_00_P0_100_R.xmot ElapsedMs=97886.052
CORE EQUIPPED_SPRINT_PROBE Boundary=CALLBACK Decision=DELEGATE_NATIVE Reason=MARKER_MISSING Actor=Golem ActorAddress=E6EACA10 Action=9 Phase=1 Family=7 C1Valid=1 C1Generation=168 RequiredSourceMask=0 RightAddress=E6EEFE10 RightUseType=8 LeftAddress=00000000 LeftUseType=0 Marker=INVALID BoundIdentityMatch=-1 Motion=Golem_Stand_None_Fist_P0_PowerAttack_Hit_N_Fwd_00_%_00_P0_100_R.xmot ElapsedMs=97893.379
CORE EQUIPPED_SPRINT_PROBE Boundary=CALLBACK Decision=DELEGATE_NATIVE Reason=MARKER_MISSING Actor=Golem ActorAddress=E6EACA10 Action=9 Phase=1 Family=7 C1Valid=1 C1Generation=168 RequiredSourceMask=0 RightAddress=E6EEFE10 RightUseType=8 LeftAddress=00000000 LeftUseType=0 Marker=INVALID BoundIdentityMatch=-1 Motion=Golem_Stand_None_Fist_P0_PowerAttack_Hit_N_Fwd_00_%_00_P0_100_R.xmot ElapsedMs=97901.307
CORE EQUIPPED_SPRINT_PROBE Boundary=CALLBACK Decision=DELEGATE_NATIVE Reason=MARKER_MISSING Actor=Golem ActorAddress=E6EACA10 Action=9 Phase=1 Family=7 C1Valid=1 C1Generation=168 RequiredSourceMask=0 RightAddress=E6EEFE10 RightUseType=8 LeftAddress=00000000 LeftUseType=0 Marker=INVALID BoundIdentityMatch=-1 Motion=Golem_Stand_None_Fist_P0_PowerAttack_Hit_N_Fwd_00_%_00_P0_100_R.xmot ElapsedMs=97909.739
CORE EQUIPPED_SPRINT_PROBE Boundary=CALLBACK Decision=DELEGATE_NATIVE Reason=MARKER_MISSING Actor=Golem ActorAddress=E6EACA10 Action=9 Phase=1 Family=7 C1Valid=1 C1Generation=168 RequiredSourceMask=0 RightAddress=E6EEFE10 RightUseType=8 LeftAddress=00000000 LeftUseType=0 Marker=INVALID BoundIdentityMatch=-1 Motion=Golem_Stand_None_Fist_P0_PowerAttack_Hit_N_Fwd_00_%_00_P0_100_R.xmot ElapsedMs=97919.069
CORE EQUIPPED_SPRINT_PROBE Boundary=CALLBACK Decision=DELEGATE_NATIVE Reason=MARKER_MISSING Actor=Golem ActorAddress=E6EACA10 Action=9 Phase=1 Family=7 C1Valid=1 C1Generation=168 RequiredSourceMask=0 RightAddress=E6EEFE10 RightUseType=8 LeftAddress=00000000 LeftUseType=0 Marker=INVALID BoundIdentityMatch=-1 Motion=Golem_Stand_None_Fist_P0_PowerAttack_Hit_N_Fwd_00_%_00_P0_100_R.xmot ElapsedMs=97926.412
CORE EQUIPPED_SPRINT_PROBE Boundary=CALLBACK Decision=DELEGATE_NATIVE Reason=MARKER_MISSING Actor=Golem ActorAddress=E6EACA10 Action=9 Phase=1 Family=7 C1Valid=1 C1Generation=168 RequiredSourceMask=0 RightAddress=E6EEFE10 RightUseType=8 LeftAddress=00000000 LeftUseType=0 Marker=INVALID BoundIdentityMatch=-1 Motion=Golem_Stand_None_Fist_P0_PowerAttack_Hit_N_Fwd_00_%_00_P0_100_R.xmot ElapsedMs=97934.011
CORE EQUIPPED_SPRINT_PROBE Boundary=CALLBACK Decision=DELEGATE_NATIVE Reason=MARKER_MISSING Actor=Golem ActorAddress=E6EACA10 Action=9 Phase=1 Family=7 C1Valid=1 C1Generation=168 RequiredSourceMask=0 RightAddress=E6EEFE10 RightUseType=8 LeftAddress=00000000 LeftUseType=0 Marker=INVALID BoundIdentityMatch=-1 Motion=Golem_Stand_None_Fist_P0_PowerAttack_Hit_N_Fwd_00_%_00_P0_100_R.xmot ElapsedMs=97942.957
CORE EQUIPPED_SPRINT_PROBE Boundary=CALLBACK Decision=DELEGATE_NATIVE Reason=MARKER_MISSING Actor=Golem ActorAddress=E6EACA10 Action=9 Phase=1 Family=7 C1Valid=1 C1Generation=168 RequiredSourceMask=0 RightAddress=E6EEFE10 RightUseType=8 LeftAddress=00000000 LeftUseType=0 Marker=INVALID BoundIdentityMatch=-1 Motion=Golem_Stand_None_Fist_P0_PowerAttack_Hit_N_Fwd_00_%_00_P0_100_R.xmot ElapsedMs=97951.196
CORE COLLISION_GROUP ElapsedMs=97951.383 Source=It_2H_Sword_Flamberge UseType=3 Owner=PC_Hero Slot=RIGHT Requested=5 Before=7 After=5 MarkerBitsRetired=1
CORE C1 CLEANUP FULFILLED ElapsedMs=97951.396 Actor=PC_Hero Generation=169 Status=PERSISTED Source=It_2H_Sword_Flamberge Side=RIGHT Requests=1 Outstanding=0 CleanupObserved=1 Group=5
CORE C1_FINAL ElapsedMs=97951.416 Actor=PC_Hero Generation=169 Status=PERSISTED SourceCount=1 PhysicalChanged=0 Source[0]=It_2H_Sword_Flamberge Side=RIGHT Outstanding=0 Cleanup=1 Outcome=NO_OP_NO_OUTSTANDING
CORE EQUIPPED_SPRINT_PROBE Boundary=CALLBACK Decision=DELEGATE_NATIVE Reason=MARKER_MISSING Actor=Golem ActorAddress=E6EACA10 Action=9 Phase=1 Family=7 C1Valid=1 C1Generation=168 RequiredSourceMask=0 RightAddress=E6EEFE10 RightUseType=8 LeftAddress=00000000 LeftUseType=0 Marker=INVALID BoundIdentityMatch=-1 Motion=Golem_Stand_None_Fist_P0_PowerAttack_Hit_N_Fwd_00_%_00_P0_100_R.xmot ElapsedMs=97960.019
CORE EQUIPPED_SPRINT_PROBE Boundary=CALLBACK Decision=DELEGATE_NATIVE Reason=MARKER_MISSING Actor=Golem ActorAddress=E6EACA10 Action=9 Phase=1 Family=7 C1Valid=1 C1Generation=168 RequiredSourceMask=0 RightAddress=E6EEFE10 RightUseType=8 LeftAddress=00000000 LeftUseType=0 Marker=INVALID BoundIdentityMatch=-1 Motion=Golem_Stand_None_Fist_P0_PowerAttack_Hit_N_Fwd_00_%_00_P0_100_R.xmot ElapsedMs=97967.575
CORE EQUIPPED_SPRINT_PROBE Boundary=CALLBACK Decision=DELEGATE_NATIVE Reason=MARKER_MISSING Actor=Golem ActorAddress=E6EACA10 Action=9 Phase=1 Family=7 C1Valid=1 C1Generation=168 RequiredSourceMask=0 RightAddress=E6EEFE10 RightUseType=8 LeftAddress=00000000 LeftUseType=0 Marker=INVALID BoundIdentityMatch=-1 Motion=Golem_Stand_None_Fist_P0_PowerAttack_Hit_N_Fwd_00_%_00_P0_100_R.xmot ElapsedMs=97976.009
CORE EQUIPPED_SPRINT_PROBE Boundary=CALLBACK Decision=DELEGATE_NATIVE Reason=MARKER_MISSING Actor=Golem ActorAddress=E6EACA10 Action=9 Phase=1 Family=7 C1Valid=1 C1Generation=168 RequiredSourceMask=0 RightAddress=E6EEFE10 RightUseType=8 LeftAddress=00000000 LeftUseType=0 Marker=INVALID BoundIdentityMatch=-1 Motion=Golem_Stand_None_Fist_P0_PowerAttack_Hit_N_Fwd_00_%_00_P0_100_R.xmot ElapsedMs=97984.194
CORE EQUIPPED_SPRINT_PROBE Boundary=CALLBACK Decision=DELEGATE_NATIVE Reason=MARKER_MISSING Actor=Golem ActorAddress=E6EACA10 Action=9 Phase=1 Family=7 C1Valid=1 C1Generation=168 RequiredSourceMask=0 RightAddress=E6EEFE10 RightUseType=8 LeftAddress=00000000 LeftUseType=0 Marker=INVALID BoundIdentityMatch=-1 Motion=Golem_Stand_None_Fist_P0_PowerAttack_Hit_N_Fwd_00_%_00_P0_100_R.xmot ElapsedMs=97992.224
CORE EQUIPPED_SPRINT_PROBE Boundary=CALLBACK Decision=DELEGATE_NATIVE Reason=MARKER_MISSING Actor=Golem ActorAddress=E6EACA10 Action=9 Phase=1 Family=7 C1Valid=1 C1Generation=168 RequiredSourceMask=0 RightAddress=E6EEFE10 RightUseType=8 LeftAddress=00000000 LeftUseType=0 Marker=INVALID BoundIdentityMatch=-1 Motion=Golem_Stand_None_Fist_P0_PowerAttack_Hit_N_Fwd_00_%_00_P0_100_R.xmot ElapsedMs=98000.808
CORE EQUIPPED_SPRINT_PROBE Boundary=CALLBACK Decision=DELEGATE_NATIVE Reason=MARKER_MISSING Actor=Golem ActorAddress=E6EACA10 Action=9 Phase=1 Family=7 C1Valid=1 C1Generation=168 RequiredSourceMask=0 RightAddress=E6EEFE10 RightUseType=8 LeftAddress=00000000 LeftUseType=0 Marker=INVALID BoundIdentityMatch=-1 Motion=Golem_Stand_None_Fist_P0_PowerAttack_Hit_N_Fwd_00_%_00_P0_100_R.xmot ElapsedMs=98008.581
CORE EQUIPPED_SPRINT_PROBE Boundary=CALLBACK Decision=DELEGATE_NATIVE Reason=MARKER_MISSING Actor=Golem ActorAddress=E6EACA10 Action=9 Phase=1 Family=7 C1Valid=1 C1Generation=168 RequiredSourceMask=0 RightAddress=E6EEFE10 RightUseType=8 LeftAddress=00000000 LeftUseType=0 Marker=INVALID BoundIdentityMatch=-1 Motion=Golem_Stand_None_Fist_P0_PowerAttack_Hit_N_Fwd_00_%_00_P0_100_R.xmot ElapsedMs=98016.294
CORE EQUIPPED_SPRINT_PROBE Boundary=CALLBACK Decision=DELEGATE_NATIVE Reason=MARKER_MISSING Actor=Golem ActorAddress=E6EACA10 Action=9 Phase=1 Family=7 C1Valid=1 C1Generation=168 RequiredSourceMask=0 RightAddress=E6EEFE10 RightUseType=8 LeftAddress=00000000 LeftUseType=0 Marker=INVALID BoundIdentityMatch=-1 Motion=Golem_Stand_None_Fist_P0_PowerAttack_Hit_N_Fwd_00_%_00_P0_100_R.xmot ElapsedMs=98024.588
CORE EQUIPPED_SPRINT_PROBE Boundary=CALLBACK Decision=DELEGATE_NATIVE Reason=MARKER_MISSING Actor=Golem ActorAddress=E6EACA10 Action=9 Phase=1 Family=7 C1Valid=1 C1Generation=168 RequiredSourceMask=0 RightAddress=E6EEFE10 RightUseType=8 LeftAddress=00000000 LeftUseType=0 Marker=INVALID BoundIdentityMatch=-1 Motion=Golem_Stand_None_Fist_P0_PowerAttack_Hit_N_Fwd_00_%_00_P0_100_R.xmot ElapsedMs=98032.652
CORE EQUIPPED_SPRINT_PROBE Boundary=CALLBACK Decision=DELEGATE_NATIVE Reason=MARKER_MISSING Actor=Golem ActorAddress=E6EACA10 Action=9 Phase=1 Family=7 C1Valid=1 C1Generation=168 RequiredSourceMask=0 RightAddress=E6EEFE10 RightUseType=8 LeftAddress=00000000 LeftUseType=0 Marker=INVALID BoundIdentityMatch=-1 Motion=Golem_Stand_None_Fist_P0_PowerAttack_Hit_N_Fwd_00_%_00_P0_100_R.xmot ElapsedMs=98040.180
CORE C1_FINAL ElapsedMs=98048.112 Actor=Golem Generation=168 Status=PERSISTED SourceCount=1 PhysicalChanged=0 Source[0]=Fist Side=RIGHT Outstanding=0 Cleanup=0 Outcome=NO_OP_NO_OUTSTANDING
CORE C1_START ElapsedMs=98056.699 Actor=Golem Generation=170 Status=CANDIDATE Outstanding=0 TrackedSources=1 ReplacedGeneration=0 ReplacedOutstanding=0 Source[0]=Fist Side=RIGHT Group=0
CORE C1_BIND ElapsedMs=98056.710 Event=COMBAT_MOVE_CANDIDATE_BOUND Actor=Golem Generation=170 Status=CANDIDATE Outstanding=0 Source=<null> Script=_AI_PowerAttack
CORE C1_STATUS ElapsedMs=98056.768 Event=PERSISTED Actor=Golem Generation=170 Status=PERSISTED Outstanding=0
CORE C1_START ElapsedMs=98302.292 Actor=PC_Hero Generation=171 Status=CANDIDATE Outstanding=0 TrackedSources=1 ReplacedGeneration=0 ReplacedOutstanding=0 Source[0]=It_2H_Sword_Flamberge Side=RIGHT Group=5
CORE C1_STATUS ElapsedMs=98302.366 Event=PERSISTED Actor=PC_Hero Generation=171 Status=PERSISTED Outstanding=0
CORE C1_BIND ElapsedMs=98386.149 Event=COMBAT_MOVE_REUSED Actor=Golem Generation=170 Status=PERSISTED Outstanding=0 Source=<null> Script=_AI_PowerAttack
CORE EQUIPPED_SPRINT_PROBE Boundary=CALLBACK Decision=DELEGATE_NATIVE Reason=MARKER_MISSING Actor=Golem ActorAddress=E6EACA10 Action=9 Phase=1 Family=7 C1Valid=1 C1Generation=170 RequiredSourceMask=0 RightAddress=E6EEFE10 RightUseType=8 LeftAddress=00000000 LeftUseType=0 Marker=INVALID BoundIdentityMatch=-1 Motion=Golem_Stand_None_Fist_P0_PowerAttack_Hit_N_Fwd_00_%_00_P0_100_R.xmot ElapsedMs=98386.226
CORE COLLISION_GROUP ElapsedMs=98386.244 Source=Fist UseType=8 Owner=<unresolved> Slot=NONE Requested=7 Before=0 After=0 MarkerBitsRetired=0
CORE EQUIPPED_SPRINT_PROBE Boundary=CALLBACK Decision=DELEGATE_NATIVE Reason=MARKER_MISSING Actor=Golem ActorAddress=E6EACA10 Action=9 Phase=1 Family=7 C1Valid=1 C1Generation=170 RequiredSourceMask=0 RightAddress=E6EEFE10 RightUseType=8 LeftAddress=00000000 LeftUseType=0 Marker=INVALID BoundIdentityMatch=-1 Motion=Golem_Stand_None_Fist_P0_PowerAttack_Hit_N_Fwd_00_%_00_P0_100_R.xmot ElapsedMs=98394.007
CORE EQUIPPED_SPRINT_PROBE Boundary=CALLBACK Decision=DELEGATE_NATIVE Reason=MARKER_MISSING Actor=Golem ActorAddress=E6EACA10 Action=9 Phase=1 Family=7 C1Valid=1 C1Generation=170 RequiredSourceMask=0 RightAddress=E6EEFE10 RightUseType=8 LeftAddress=00000000 LeftUseType=0 Marker=INVALID BoundIdentityMatch=-1 Motion=Golem_Stand_None_Fist_P0_PowerAttack_Hit_N_Fwd_00_%_00_P0_100_R.xmot ElapsedMs=98402.652
CORE EQUIPPED_SPRINT_PROBE Boundary=CALLBACK Decision=DELEGATE_NATIVE Reason=MARKER_MISSING Actor=Golem ActorAddress=E6EACA10 Action=9 Phase=1 Family=7 C1Valid=1 C1Generation=170 RequiredSourceMask=0 RightAddress=E6EEFE10 RightUseType=8 LeftAddress=00000000 LeftUseType=0 Marker=INVALID BoundIdentityMatch=-1 Motion=Golem_Stand_None_Fist_P0_PowerAttack_Hit_N_Fwd_00_%_00_P0_100_R.xmot ElapsedMs=98410.527
CORE EQUIPPED_SPRINT_PROBE Boundary=CALLBACK Decision=DELEGATE_NATIVE Reason=MARKER_MISSING Actor=Golem ActorAddress=E6EACA10 Action=9 Phase=1 Family=7 C1Valid=1 C1Generation=170 RequiredSourceMask=0 RightAddress=E6EEFE10 RightUseType=8 LeftAddress=00000000 LeftUseType=0 Marker=INVALID BoundIdentityMatch=-1 Motion=Golem_Stand_None_Fist_P0_PowerAttack_Hit_N_Fwd_00_%_00_P0_100_R.xmot ElapsedMs=98418.198
CORE EQUIPPED_SPRINT_PROBE Boundary=CALLBACK Decision=DELEGATE_NATIVE Reason=MARKER_MISSING Actor=Golem ActorAddress=E6EACA10 Action=9 Phase=1 Family=7 C1Valid=1 C1Generation=170 RequiredSourceMask=0 RightAddress=E6EEFE10 RightUseType=8 LeftAddress=00000000 LeftUseType=0 Marker=INVALID BoundIdentityMatch=-1 Motion=Golem_Stand_None_Fist_P0_PowerAttack_Hit_N_Fwd_00_%_00_P0_100_R.xmot ElapsedMs=98426.910
CORE EQUIPPED_SPRINT_PROBE Boundary=CALLBACK Decision=DELEGATE_NATIVE Reason=MARKER_MISSING Actor=Golem ActorAddress=E6EACA10 Action=9 Phase=1 Family=7 C1Valid=1 C1Generation=170 RequiredSourceMask=0 RightAddress=E6EEFE10 RightUseType=8 LeftAddress=00000000 LeftUseType=0 Marker=INVALID BoundIdentityMatch=-1 Motion=Golem_Stand_None_Fist_P0_PowerAttack_Hit_N_Fwd_00_%_00_P0_100_R.xmot ElapsedMs=98434.566
CORE EQUIPPED_SPRINT_PROBE Boundary=CALLBACK Decision=DELEGATE_NATIVE Reason=MARKER_MISSING Actor=Golem ActorAddress=E6EACA10 Action=9 Phase=1 Family=7 C1Valid=1 C1Generation=170 RequiredSourceMask=0 RightAddress=E6EEFE10 RightUseType=8 LeftAddress=00000000 LeftUseType=0 Marker=INVALID BoundIdentityMatch=-1 Motion=Golem_Stand_None_Fist_P0_PowerAttack_Hit_N_Fwd_00_%_00_P0_100_R.xmot ElapsedMs=98444.533
CORE EQUIPPED_SPRINT_PROBE Boundary=CALLBACK Decision=DELEGATE_NATIVE Reason=MARKER_MISSING Actor=Golem ActorAddress=E6EACA10 Action=9 Phase=1 Family=7 C1Valid=1 C1Generation=170 RequiredSourceMask=0 RightAddress=E6EEFE10 RightUseType=8 LeftAddress=00000000 LeftUseType=0 Marker=INVALID BoundIdentityMatch=-1 Motion=Golem_Stand_None_Fist_P0_PowerAttack_Hit_N_Fwd_00_%_00_P0_100_R.xmot ElapsedMs=98451.971
CORE EQUIPPED_SPRINT_PROBE Boundary=CALLBACK Decision=DELEGATE_NATIVE Reason=MARKER_MISSING Actor=Golem ActorAddress=E6EACA10 Action=9 Phase=1 Family=7 C1Valid=1 C1Generation=170 RequiredSourceMask=0 RightAddress=E6EEFE10 RightUseType=8 LeftAddress=00000000 LeftUseType=0 Marker=INVALID BoundIdentityMatch=-1 Motion=Golem_Stand_None_Fist_P0_PowerAttack_Hit_N_Fwd_00_%_00_P0_100_R.xmot ElapsedMs=98461.189
CORE C1_START ElapsedMs=98461.341 Actor=PC_Hero Generation=172 Status=CANDIDATE Outstanding=0 TrackedSources=1 ReplacedGeneration=171 ReplacedOutstanding=0 Source[0]=It_2H_Sword_Flamberge Side=RIGHT Group=5
CORE C1_BIND ElapsedMs=98461.348 Event=COMBAT_MOVE_CANDIDATE_BOUND Actor=PC_Hero Generation=172 Status=CANDIDATE Outstanding=0 Source=<null> Script=_AI_Attack
CORE C1_STATUS ElapsedMs=98461.404 Event=PERSISTED Actor=PC_Hero Generation=172 Status=PERSISTED Outstanding=0
CORE ATTACK_OWNERSHIP ElapsedMs=98461.422 Actor=PC_Hero Family=NORMAL Action=1 Phase=1 Motion=Hero_Stand_None_2H_P0_Attack_Hit_N_Fwd_00_%_00_P1_90_R.xmot MarkerPresent=1 RequiredMask=1 FistMarkers=0 Raw8Fist=<none> Raw8UseType=-1 SuppressNative=1 Classification=ROUTINE
CORE EQUIPPED_SPRINT_PROBE Boundary=CALLBACK Decision=DELEGATE_NATIVE Reason=MARKER_MISSING Actor=Golem ActorAddress=E6EACA10 Action=9 Phase=1 Family=7 C1Valid=1 C1Generation=170 RequiredSourceMask=0 RightAddress=E6EEFE10 RightUseType=8 LeftAddress=00000000 LeftUseType=0 Marker=INVALID BoundIdentityMatch=-1 Motion=Golem_Stand_None_Fist_P0_PowerAttack_Hit_N_Fwd_00_%_00_P0_100_R.xmot ElapsedMs=98468.781
CORE EQUIPPED_SPRINT_PROBE Boundary=CALLBACK Decision=DELEGATE_NATIVE Reason=MARKER_MISSING Actor=Golem ActorAddress=E6EACA10 Action=9 Phase=1 Family=7 C1Valid=1 C1Generation=170 RequiredSourceMask=0 RightAddress=E6EEFE10 RightUseType=8 LeftAddress=00000000 LeftUseType=0 Marker=INVALID BoundIdentityMatch=-1 Motion=Golem_Stand_None_Fist_P0_PowerAttack_Hit_N_Fwd_00_%_00_P0_100_R.xmot ElapsedMs=98476.907
CORE EQUIPPED_SPRINT_PROBE Boundary=CALLBACK Decision=DELEGATE_NATIVE Reason=MARKER_MISSING Actor=Golem ActorAddress=E6EACA10 Action=9 Phase=1 Family=7 C1Valid=1 C1Generation=170 RequiredSourceMask=0 RightAddress=E6EEFE10 RightUseType=8 LeftAddress=00000000 LeftUseType=0 Marker=INVALID BoundIdentityMatch=-1 Motion=Golem_Stand_None_Fist_P0_PowerAttack_Hit_N_Fwd_00_%_00_P0_100_R.xmot ElapsedMs=98484.748
CORE EQUIPPED_SPRINT_PROBE Boundary=CALLBACK Decision=DELEGATE_NATIVE Reason=MARKER_MISSING Actor=Golem ActorAddress=E6EACA10 Action=9 Phase=1 Family=7 C1Valid=1 C1Generation=170 RequiredSourceMask=0 RightAddress=E6EEFE10 RightUseType=8 LeftAddress=00000000 LeftUseType=0 Marker=INVALID BoundIdentityMatch=-1 Motion=Golem_Stand_None_Fist_P0_PowerAttack_Hit_N_Fwd_00_%_00_P0_100_R.xmot ElapsedMs=98492.679
CORE EQUIPPED_SPRINT_PROBE Boundary=CALLBACK Decision=DELEGATE_NATIVE Reason=MARKER_MISSING Actor=Golem ActorAddress=E6EACA10 Action=9 Phase=1 Family=7 C1Valid=1 C1Generation=170 RequiredSourceMask=0 RightAddress=E6EEFE10 RightUseType=8 LeftAddress=00000000 LeftUseType=0 Marker=INVALID BoundIdentityMatch=-1 Motion=Golem_Stand_None_Fist_P0_PowerAttack_Hit_N_Fwd_00_%_00_P0_100_R.xmot ElapsedMs=98500.419
CORE EQUIPPED_SPRINT_PROBE Boundary=CALLBACK Decision=DELEGATE_NATIVE Reason=MARKER_MISSING Actor=Golem ActorAddress=E6EACA10 Action=9 Phase=1 Family=7 C1Valid=1 C1Generation=170 RequiredSourceMask=0 RightAddress=E6EEFE10 RightUseType=8 LeftAddress=00000000 LeftUseType=0 Marker=INVALID BoundIdentityMatch=-1 Motion=Golem_Stand_None_Fist_P0_PowerAttack_Hit_N_Fwd_00_%_00_P0_100_R.xmot ElapsedMs=98507.774
CORE EQUIPPED_SPRINT_PROBE Boundary=CALLBACK Decision=DELEGATE_NATIVE Reason=MARKER_MISSING Actor=Golem ActorAddress=E6EACA10 Action=9 Phase=1 Family=7 C1Valid=1 C1Generation=170 RequiredSourceMask=0 RightAddress=E6EEFE10 RightUseType=8 LeftAddress=00000000 LeftUseType=0 Marker=INVALID BoundIdentityMatch=-1 Motion=Golem_Stand_None_Fist_P0_PowerAttack_Hit_N_Fwd_00_%_00_P0_100_R.xmot ElapsedMs=98515.889
CORE EQUIPPED_SPRINT_PROBE Boundary=CALLBACK Decision=DELEGATE_NATIVE Reason=MARKER_MISSING Actor=Golem ActorAddress=E6EACA10 Action=9 Phase=1 Family=7 C1Valid=1 C1Generation=170 RequiredSourceMask=0 RightAddress=E6EEFE10 RightUseType=8 LeftAddress=00000000 LeftUseType=0 Marker=INVALID BoundIdentityMatch=-1 Motion=Golem_Stand_None_Fist_P0_PowerAttack_Hit_N_Fwd_00_%_00_P0_100_R.xmot ElapsedMs=98524.770
CORE EQUIPPED_SPRINT_PROBE Boundary=CALLBACK Decision=DELEGATE_NATIVE Reason=MARKER_MISSING Actor=Golem ActorAddress=E6EACA10 Action=9 Phase=1 Family=7 C1Valid=1 C1Generation=170 RequiredSourceMask=0 RightAddress=E6EEFE10 RightUseType=8 LeftAddress=00000000 LeftUseType=0 Marker=INVALID BoundIdentityMatch=-1 Motion=Golem_Stand_None_Fist_P0_PowerAttack_Hit_N_Fwd_00_%_00_P0_100_R.xmot ElapsedMs=98532.609
CORE EQUIPPED_SPRINT_PROBE Boundary=CALLBACK Decision=DELEGATE_NATIVE Reason=MARKER_MISSING Actor=Golem ActorAddress=E6EACA10 Action=9 Phase=1 Family=7 C1Valid=1 C1Generation=170 RequiredSourceMask=0 RightAddress=E6EEFE10 RightUseType=8 LeftAddress=00000000 LeftUseType=0 Marker=INVALID BoundIdentityMatch=-1 Motion=Golem_Stand_None_Fist_P0_PowerAttack_Hit_N_Fwd_00_%_00_P0_100_R.xmot ElapsedMs=98540.297
CORE EQUIPPED_SPRINT_PROBE Boundary=CALLBACK Decision=DELEGATE_NATIVE Reason=MARKER_MISSING Actor=Golem ActorAddress=E6EACA10 Action=9 Phase=1 Family=7 C1Valid=1 C1Generation=170 RequiredSourceMask=0 RightAddress=E6EEFE10 RightUseType=8 LeftAddress=00000000 LeftUseType=0 Marker=INVALID BoundIdentityMatch=-1 Motion=Golem_Stand_None_Fist_P0_PowerAttack_Hit_N_Fwd_00_%_00_P0_100_R.xmot ElapsedMs=98547.961
CORE EQUIPPED_SPRINT_PROBE Boundary=CALLBACK Decision=DELEGATE_NATIVE Reason=MARKER_MISSING Actor=Golem ActorAddress=E6EACA10 Action=9 Phase=1 Family=7 C1Valid=1 C1Generation=170 RequiredSourceMask=0 RightAddress=E6EEFE10 RightUseType=8 LeftAddress=00000000 LeftUseType=0 Marker=INVALID BoundIdentityMatch=-1 Motion=Golem_Stand_None_Fist_P0_PowerAttack_Hit_N_Fwd_00_%_00_P0_100_R.xmot ElapsedMs=98556.135
CORE EQUIPPED_SPRINT_PROBE Boundary=CALLBACK Decision=DELEGATE_NATIVE Reason=MARKER_MISSING Actor=Golem ActorAddress=E6EACA10 Action=9 Phase=1 Family=7 C1Valid=1 C1Generation=170 RequiredSourceMask=0 RightAddress=E6EEFE10 RightUseType=8 LeftAddress=00000000 LeftUseType=0 Marker=INVALID BoundIdentityMatch=-1 Motion=Golem_Stand_None_Fist_P0_PowerAttack_Hit_N_Fwd_00_%_00_P0_100_R.xmot ElapsedMs=98565.697
CORE EQUIPPED_SPRINT_PROBE Boundary=CALLBACK Decision=DELEGATE_NATIVE Reason=MARKER_MISSING Actor=Golem ActorAddress=E6EACA10 Action=9 Phase=1 Family=7 C1Valid=1 C1Generation=170 RequiredSourceMask=0 RightAddress=E6EEFE10 RightUseType=8 LeftAddress=00000000 LeftUseType=0 Marker=INVALID BoundIdentityMatch=-1 Motion=Golem_Stand_None_Fist_P0_PowerAttack_Hit_N_Fwd_00_%_00_P0_100_R.xmot ElapsedMs=98573.185
CORE EQUIPPED_SPRINT_PROBE Boundary=CALLBACK Decision=DELEGATE_NATIVE Reason=MARKER_MISSING Actor=Golem ActorAddress=E6EACA10 Action=9 Phase=1 Family=7 C1Valid=1 C1Generation=170 RequiredSourceMask=0 RightAddress=E6EEFE10 RightUseType=8 LeftAddress=00000000 LeftUseType=0 Marker=INVALID BoundIdentityMatch=-1 Motion=Golem_Stand_None_Fist_P0_PowerAttack_Hit_N_Fwd_00_%_00_P0_100_R.xmot ElapsedMs=98581.144
CORE EQUIPPED_SPRINT_PROBE Boundary=CALLBACK Decision=DELEGATE_NATIVE Reason=MARKER_MISSING Actor=Golem ActorAddress=E6EACA10 Action=9 Phase=1 Family=7 C1Valid=1 C1Generation=170 RequiredSourceMask=0 RightAddress=E6EEFE10 RightUseType=8 LeftAddress=00000000 LeftUseType=0 Marker=INVALID BoundIdentityMatch=-1 Motion=Golem_Stand_None_Fist_P0_PowerAttack_Hit_N_Fwd_00_%_00_P0_100_R.xmot ElapsedMs=98589.301
CORE EQUIPPED_SPRINT_PROBE Boundary=CALLBACK Decision=DELEGATE_NATIVE Reason=MARKER_MISSING Actor=Golem ActorAddress=E6EACA10 Action=9 Phase=1 Family=7 C1Valid=1 C1Generation=170 RequiredSourceMask=0 RightAddress=E6EEFE10 RightUseType=8 LeftAddress=00000000 LeftUseType=0 Marker=INVALID BoundIdentityMatch=-1 Motion=Golem_Stand_None_Fist_P0_PowerAttack_Hit_N_Fwd_00_%_00_P0_100_R.xmot ElapsedMs=98597.701
CORE EQUIPPED_SPRINT_PROBE Boundary=CALLBACK Decision=DELEGATE_NATIVE Reason=MARKER_MISSING Actor=Golem ActorAddress=E6EACA10 Action=9 Phase=1 Family=7 C1Valid=1 C1Generation=170 RequiredSourceMask=0 RightAddress=E6EEFE10 RightUseType=8 LeftAddress=00000000 LeftUseType=0 Marker=INVALID BoundIdentityMatch=-1 Motion=Golem_Stand_None_Fist_P0_PowerAttack_Hit_N_Fwd_00_%_00_P0_100_R.xmot ElapsedMs=98605.172
CORE EQUIPPED_SPRINT_PROBE Boundary=CALLBACK Decision=DELEGATE_NATIVE Reason=MARKER_MISSING Actor=Golem ActorAddress=E6EACA10 Action=9 Phase=1 Family=7 C1Valid=1 C1Generation=170 RequiredSourceMask=0 RightAddress=E6EEFE10 RightUseType=8 LeftAddress=00000000 LeftUseType=0 Marker=INVALID BoundIdentityMatch=-1 Motion=Golem_Stand_None_Fist_P0_PowerAttack_Hit_N_Fwd_00_%_00_P0_100_R.xmot ElapsedMs=98613.000
CORE EQUIPPED_SPRINT_PROBE Boundary=CALLBACK Decision=DELEGATE_NATIVE Reason=MARKER_MISSING Actor=Golem ActorAddress=E6EACA10 Action=9 Phase=1 Family=7 C1Valid=1 C1Generation=170 RequiredSourceMask=0 RightAddress=E6EEFE10 RightUseType=8 LeftAddress=00000000 LeftUseType=0 Marker=INVALID BoundIdentityMatch=-1 Motion=Golem_Stand_None_Fist_P0_PowerAttack_Hit_N_Fwd_00_%_00_P0_100_R.xmot ElapsedMs=98621.536
CORE EQUIPPED_SPRINT_PROBE Boundary=CALLBACK Decision=DELEGATE_NATIVE Reason=MARKER_MISSING Actor=Golem ActorAddress=E6EACA10 Action=9 Phase=1 Family=7 C1Valid=1 C1Generation=170 RequiredSourceMask=0 RightAddress=E6EEFE10 RightUseType=8 LeftAddress=00000000 LeftUseType=0 Marker=INVALID BoundIdentityMatch=-1 Motion=Golem_Stand_None_Fist_P0_PowerAttack_Hit_N_Fwd_00_%_00_P0_100_R.xmot ElapsedMs=98631.640
CORE EQUIPPED_SPRINT_PROBE Boundary=CALLBACK Decision=DELEGATE_NATIVE Reason=MARKER_MISSING Actor=Golem ActorAddress=E6EACA10 Action=9 Phase=1 Family=7 C1Valid=1 C1Generation=170 RequiredSourceMask=0 RightAddress=E6EEFE10 RightUseType=8 LeftAddress=00000000 LeftUseType=0 Marker=INVALID BoundIdentityMatch=-1 Motion=Golem_Stand_None_Fist_P0_PowerAttack_Hit_N_Fwd_00_%_00_P0_100_R.xmot ElapsedMs=98638.950
CORE C1_FINAL ElapsedMs=98647.680 Actor=Golem Generation=170 Status=PERSISTED SourceCount=1 PhysicalChanged=0 Source[0]=Fist Side=RIGHT Outstanding=0 Cleanup=0 Outcome=NO_OP_NO_OUTSTANDING
CORE C1_START ElapsedMs=98655.222 Actor=Golem Generation=173 Status=CANDIDATE Outstanding=0 TrackedSources=1 ReplacedGeneration=0 ReplacedOutstanding=0 Source[0]=Fist Side=RIGHT Group=0
CORE C1_BIND ElapsedMs=98655.235 Event=COMBAT_MOVE_CANDIDATE_BOUND Actor=Golem Generation=173 Status=CANDIDATE Outstanding=0 Source=<null> Script=_AI_PowerAttack
CORE C1_STATUS ElapsedMs=98655.348 Event=PERSISTED Actor=Golem Generation=173 Status=PERSISTED Outstanding=0
CORE COLLISION_GROUP ElapsedMs=98719.216 Source=It_2H_Sword_Flamberge UseType=3 Owner=PC_Hero Slot=RIGHT Requested=7 Before=5 After=7 MarkerBitsRetired=0
CORE C1 OFFENSE REQUEST ElapsedMs=98719.244 Actor=PC_Hero Generation=172 Status=PERSISTED Source=It_2H_Sword_Flamberge Side=RIGHT Requests=1 Outstanding=1 CleanupObserved=0 Group=7
CORE MARKER ElapsedMs=98719.257 Actor=PC_Hero Action=1 Family=NORMAL Phase=1 Motion=Hero_Stand_None_2H_P0_Attack_Hit_N_Fwd_00_%_00_P1_90_R.xmot Marker=RIGHT Result=ACCEPTED C1Valid=1 C1=172 StatePosition=0 PreviousMask=0 DesiredMask=1 RetiredMask=0 OwnedMask=0 MarkerOwnedMask=1 Activated=1 Deactivated=0 Retired=0 RearmRequests=1 Clears=1 RightUseType=3
CORE ONDAMAGE ElapsedMs=98747.057 Ordinal=42 Target=Golem Arg1=Golem Arg2=Golem Caller=Game.dll+0x00069484 PlayerAction=1 PlayerPhase=1 PlayerMotion=Hero_Stand_None_2H_P0_Attack_Hit_N_Fwd_00_%_00_P1_90_R.xmot Raw8Fist=<none> Raw8UseType=-1 Raw8Group=-1
CORE COLLISION_GROUP ElapsedMs=98915.004 Source=It_2H_Sword_Flamberge UseType=3 Owner=PC_Hero Slot=RIGHT Requested=5 Before=7 After=5 MarkerBitsRetired=1
CORE C1 CLEANUP FULFILLED ElapsedMs=98915.032 Actor=PC_Hero Generation=172 Status=PERSISTED Source=It_2H_Sword_Flamberge Side=RIGHT Requests=1 Outstanding=0 CleanupObserved=1 Group=5
CORE C1_FINAL ElapsedMs=98915.057 Actor=PC_Hero Generation=172 Status=PERSISTED SourceCount=1 PhysicalChanged=0 Source[0]=It_2H_Sword_Flamberge Side=RIGHT Outstanding=0 Cleanup=1 Outcome=NO_OP_NO_OUTSTANDING
CORE C1_BIND ElapsedMs=98990.043 Event=COMBAT_MOVE_REUSED Actor=Golem Generation=173 Status=PERSISTED Outstanding=0 Source=<null> Script=_AI_PowerAttack
CORE EQUIPPED_SPRINT_PROBE Boundary=CALLBACK Decision=DELEGATE_NATIVE Reason=MARKER_MISSING Actor=Golem ActorAddress=E6EACA10 Action=9 Phase=1 Family=7 C1Valid=1 C1Generation=173 RequiredSourceMask=0 RightAddress=E6EEFE10 RightUseType=8 LeftAddress=00000000 LeftUseType=0 Marker=INVALID BoundIdentityMatch=-1 Motion=Golem_Stand_None_Fist_P0_PowerAttack_Hit_N_Fwd_00_%_00_P0_100_R.xmot ElapsedMs=98990.121
CORE COLLISION_GROUP ElapsedMs=98990.141 Source=Fist UseType=8 Owner=<unresolved> Slot=NONE Requested=7 Before=0 After=0 MarkerBitsRetired=0
CORE EQUIPPED_SPRINT_PROBE Boundary=CALLBACK Decision=DELEGATE_NATIVE Reason=MARKER_MISSING Actor=Golem ActorAddress=E6EACA10 Action=9 Phase=1 Family=7 C1Valid=1 C1Generation=173 RequiredSourceMask=0 RightAddress=E6EEFE10 RightUseType=8 LeftAddress=00000000 LeftUseType=0 Marker=INVALID BoundIdentityMatch=-1 Motion=Golem_Stand_None_Fist_P0_PowerAttack_Hit_N_Fwd_00_%_00_P0_100_R.xmot ElapsedMs=98998.140
CORE EQUIPPED_SPRINT_PROBE Boundary=CALLBACK Decision=DELEGATE_NATIVE Reason=MARKER_MISSING Actor=Golem ActorAddress=E6EACA10 Action=9 Phase=1 Family=7 C1Valid=1 C1Generation=173 RequiredSourceMask=0 RightAddress=E6EEFE10 RightUseType=8 LeftAddress=00000000 LeftUseType=0 Marker=INVALID BoundIdentityMatch=-1 Motion=Golem_Stand_None_Fist_P0_PowerAttack_Hit_N_Fwd_00_%_00_P0_100_R.xmot ElapsedMs=99006.449
CORE EQUIPPED_SPRINT_PROBE Boundary=CALLBACK Decision=DELEGATE_NATIVE Reason=MARKER_MISSING Actor=Golem ActorAddress=E6EACA10 Action=9 Phase=1 Family=7 C1Valid=1 C1Generation=173 RequiredSourceMask=0 RightAddress=E6EEFE10 RightUseType=8 LeftAddress=00000000 LeftUseType=0 Marker=INVALID BoundIdentityMatch=-1 Motion=Golem_Stand_None_Fist_P0_PowerAttack_Hit_N_Fwd_00_%_00_P0_100_R.xmot ElapsedMs=99014.171
CORE EQUIPPED_SPRINT_PROBE Boundary=CALLBACK Decision=DELEGATE_NATIVE Reason=MARKER_MISSING Actor=Golem ActorAddress=E6EACA10 Action=9 Phase=1 Family=7 C1Valid=1 C1Generation=173 RequiredSourceMask=0 RightAddress=E6EEFE10 RightUseType=8 LeftAddress=00000000 LeftUseType=0 Marker=INVALID BoundIdentityMatch=-1 Motion=Golem_Stand_None_Fist_P0_PowerAttack_Hit_N_Fwd_00_%_00_P0_100_R.xmot ElapsedMs=99022.978
CORE EQUIPPED_SPRINT_PROBE Boundary=CALLBACK Decision=DELEGATE_NATIVE Reason=MARKER_MISSING Actor=Golem ActorAddress=E6EACA10 Action=9 Phase=1 Family=7 C1Valid=1 C1Generation=173 RequiredSourceMask=0 RightAddress=E6EEFE10 RightUseType=8 LeftAddress=00000000 LeftUseType=0 Marker=INVALID BoundIdentityMatch=-1 Motion=Golem_Stand_None_Fist_P0_PowerAttack_Hit_N_Fwd_00_%_00_P0_100_R.xmot ElapsedMs=99030.763
CORE EQUIPPED_SPRINT_PROBE Boundary=CALLBACK Decision=DELEGATE_NATIVE Reason=MARKER_MISSING Actor=Golem ActorAddress=E6EACA10 Action=9 Phase=1 Family=7 C1Valid=1 C1Generation=173 RequiredSourceMask=0 RightAddress=E6EEFE10 RightUseType=8 LeftAddress=00000000 LeftUseType=0 Marker=INVALID BoundIdentityMatch=-1 Motion=Golem_Stand_None_Fist_P0_PowerAttack_Hit_N_Fwd_00_%_00_P0_100_R.xmot ElapsedMs=99038.399
CORE EQUIPPED_SPRINT_PROBE Boundary=CALLBACK Decision=DELEGATE_NATIVE Reason=MARKER_MISSING Actor=Golem ActorAddress=E6EACA10 Action=9 Phase=1 Family=7 C1Valid=1 C1Generation=173 RequiredSourceMask=0 RightAddress=E6EEFE10 RightUseType=8 LeftAddress=00000000 LeftUseType=0 Marker=INVALID BoundIdentityMatch=-1 Motion=Golem_Stand_None_Fist_P0_PowerAttack_Hit_N_Fwd_00_%_00_P0_100_R.xmot ElapsedMs=99046.789
CORE EQUIPPED_SPRINT_PROBE Boundary=CALLBACK Decision=DELEGATE_NATIVE Reason=MARKER_MISSING Actor=Golem ActorAddress=E6EACA10 Action=9 Phase=1 Family=7 C1Valid=1 C1Generation=173 RequiredSourceMask=0 RightAddress=E6EEFE10 RightUseType=8 LeftAddress=00000000 LeftUseType=0 Marker=INVALID BoundIdentityMatch=-1 Motion=Golem_Stand_None_Fist_P0_PowerAttack_Hit_N_Fwd_00_%_00_P0_100_R.xmot ElapsedMs=99054.044
CORE EQUIPPED_SPRINT_PROBE Boundary=CALLBACK Decision=DELEGATE_NATIVE Reason=MARKER_MISSING Actor=Golem ActorAddress=E6EACA10 Action=9 Phase=1 Family=7 C1Valid=1 C1Generation=173 RequiredSourceMask=0 RightAddress=E6EEFE10 RightUseType=8 LeftAddress=00000000 LeftUseType=0 Marker=INVALID BoundIdentityMatch=-1 Motion=Golem_Stand_None_Fist_P0_PowerAttack_Hit_N_Fwd_00_%_00_P0_100_R.xmot ElapsedMs=99062.877
CORE EQUIPPED_SPRINT_PROBE Boundary=CALLBACK Decision=DELEGATE_NATIVE Reason=MARKER_MISSING Actor=Golem ActorAddress=E6EACA10 Action=9 Phase=1 Family=7 C1Valid=1 C1Generation=173 RequiredSourceMask=0 RightAddress=E6EEFE10 RightUseType=8 LeftAddress=00000000 LeftUseType=0 Marker=INVALID BoundIdentityMatch=-1 Motion=Golem_Stand_None_Fist_P0_PowerAttack_Hit_N_Fwd_00_%_00_P0_100_R.xmot ElapsedMs=99070.114
CORE EQUIPPED_SPRINT_PROBE Boundary=CALLBACK Decision=DELEGATE_NATIVE Reason=MARKER_MISSING Actor=Golem ActorAddress=E6EACA10 Action=9 Phase=1 Family=7 C1Valid=1 C1Generation=173 RequiredSourceMask=0 RightAddress=E6EEFE10 RightUseType=8 LeftAddress=00000000 LeftUseType=0 Marker=INVALID BoundIdentityMatch=-1 Motion=Golem_Stand_None_Fist_P0_PowerAttack_Hit_N_Fwd_00_%_00_P0_100_R.xmot ElapsedMs=99078.877
CORE EQUIPPED_SPRINT_PROBE Boundary=CALLBACK Decision=DELEGATE_NATIVE Reason=MARKER_MISSING Actor=Golem ActorAddress=E6EACA10 Action=9 Phase=1 Family=7 C1Valid=1 C1Generation=173 RequiredSourceMask=0 RightAddress=E6EEFE10 RightUseType=8 LeftAddress=00000000 LeftUseType=0 Marker=INVALID BoundIdentityMatch=-1 Motion=Golem_Stand_None_Fist_P0_PowerAttack_Hit_N_Fwd_00_%_00_P0_100_R.xmot ElapsedMs=99086.911
CORE EQUIPPED_SPRINT_PROBE Boundary=CALLBACK Decision=DELEGATE_NATIVE Reason=MARKER_MISSING Actor=Golem ActorAddress=E6EACA10 Action=9 Phase=1 Family=7 C1Valid=1 C1Generation=173 RequiredSourceMask=0 RightAddress=E6EEFE10 RightUseType=8 LeftAddress=00000000 LeftUseType=0 Marker=INVALID BoundIdentityMatch=-1 Motion=Golem_Stand_None_Fist_P0_PowerAttack_Hit_N_Fwd_00_%_00_P0_100_R.xmot ElapsedMs=99095.759
CORE EQUIPPED_SPRINT_PROBE Boundary=CALLBACK Decision=DELEGATE_NATIVE Reason=MARKER_MISSING Actor=Golem ActorAddress=E6EACA10 Action=9 Phase=1 Family=7 C1Valid=1 C1Generation=173 RequiredSourceMask=0 RightAddress=E6EEFE10 RightUseType=8 LeftAddress=00000000 LeftUseType=0 Marker=INVALID BoundIdentityMatch=-1 Motion=Golem_Stand_None_Fist_P0_PowerAttack_Hit_N_Fwd_00_%_00_P0_100_R.xmot ElapsedMs=99103.116
CORE EQUIPPED_SPRINT_PROBE Boundary=CALLBACK Decision=DELEGATE_NATIVE Reason=MARKER_MISSING Actor=Golem ActorAddress=E6EACA10 Action=9 Phase=1 Family=7 C1Valid=1 C1Generation=173 RequiredSourceMask=0 RightAddress=E6EEFE10 RightUseType=8 LeftAddress=00000000 LeftUseType=0 Marker=INVALID BoundIdentityMatch=-1 Motion=Golem_Stand_None_Fist_P0_PowerAttack_Hit_N_Fwd_00_%_00_P0_100_R.xmot ElapsedMs=99112.010
CORE EQUIPPED_SPRINT_PROBE Boundary=CALLBACK Decision=DELEGATE_NATIVE Reason=MARKER_MISSING Actor=Golem ActorAddress=E6EACA10 Action=9 Phase=1 Family=7 C1Valid=1 C1Generation=173 RequiredSourceMask=0 RightAddress=E6EEFE10 RightUseType=8 LeftAddress=00000000 LeftUseType=0 Marker=INVALID BoundIdentityMatch=-1 Motion=Golem_Stand_None_Fist_P0_PowerAttack_Hit_N_Fwd_00_%_00_P0_100_R.xmot ElapsedMs=99120.445
CORE EQUIPPED_SPRINT_PROBE Boundary=CALLBACK Decision=DELEGATE_NATIVE Reason=MARKER_MISSING Actor=Golem ActorAddress=E6EACA10 Action=9 Phase=1 Family=7 C1Valid=1 C1Generation=173 RequiredSourceMask=0 RightAddress=E6EEFE10 RightUseType=8 LeftAddress=00000000 LeftUseType=0 Marker=INVALID BoundIdentityMatch=-1 Motion=Golem_Stand_None_Fist_P0_PowerAttack_Hit_N_Fwd_00_%_00_P0_100_R.xmot ElapsedMs=99129.093
CORE EQUIPPED_SPRINT_PROBE Boundary=CALLBACK Decision=DELEGATE_NATIVE Reason=MARKER_MISSING Actor=Golem ActorAddress=E6EACA10 Action=9 Phase=1 Family=7 C1Valid=1 C1Generation=173 RequiredSourceMask=0 RightAddress=E6EEFE10 RightUseType=8 LeftAddress=00000000 LeftUseType=0 Marker=INVALID BoundIdentityMatch=-1 Motion=Golem_Stand_None_Fist_P0_PowerAttack_Hit_N_Fwd_00_%_00_P0_100_R.xmot ElapsedMs=99137.216
CORE EQUIPPED_SPRINT_PROBE Boundary=CALLBACK Decision=DELEGATE_NATIVE Reason=MARKER_MISSING Actor=Golem ActorAddress=E6EACA10 Action=9 Phase=1 Family=7 C1Valid=1 C1Generation=173 RequiredSourceMask=0 RightAddress=E6EEFE10 RightUseType=8 LeftAddress=00000000 LeftUseType=0 Marker=INVALID BoundIdentityMatch=-1 Motion=Golem_Stand_None_Fist_P0_PowerAttack_Hit_N_Fwd_00_%_00_P0_100_R.xmot ElapsedMs=99145.852
CORE EQUIPPED_SPRINT_PROBE Boundary=CALLBACK Decision=DELEGATE_NATIVE Reason=MARKER_MISSING Actor=Golem ActorAddress=E6EACA10 Action=9 Phase=1 Family=7 C1Valid=1 C1Generation=173 RequiredSourceMask=0 RightAddress=E6EEFE10 RightUseType=8 LeftAddress=00000000 LeftUseType=0 Marker=INVALID BoundIdentityMatch=-1 Motion=Golem_Stand_None_Fist_P0_PowerAttack_Hit_N_Fwd_00_%_00_P0_100_R.xmot ElapsedMs=99157.542
CORE EQUIPPED_SPRINT_PROBE Boundary=CALLBACK Decision=DELEGATE_NATIVE Reason=MARKER_MISSING Actor=Golem ActorAddress=E6EACA10 Action=9 Phase=1 Family=7 C1Valid=1 C1Generation=173 RequiredSourceMask=0 RightAddress=E6EEFE10 RightUseType=8 LeftAddress=00000000 LeftUseType=0 Marker=INVALID BoundIdentityMatch=-1 Motion=Golem_Stand_None_Fist_P0_PowerAttack_Hit_N_Fwd_00_%_00_P0_100_R.xmot ElapsedMs=99166.083
CORE EQUIPPED_SPRINT_PROBE Boundary=CALLBACK Decision=DELEGATE_NATIVE Reason=MARKER_MISSING Actor=Golem ActorAddress=E6EACA10 Action=9 Phase=1 Family=7 C1Valid=1 C1Generation=173 RequiredSourceMask=0 RightAddress=E6EEFE10 RightUseType=8 LeftAddress=00000000 LeftUseType=0 Marker=INVALID BoundIdentityMatch=-1 Motion=Golem_Stand_None_Fist_P0_PowerAttack_Hit_N_Fwd_00_%_00_P0_100_R.xmot ElapsedMs=99174.659
CORE EQUIPPED_SPRINT_PROBE Boundary=CALLBACK Decision=DELEGATE_NATIVE Reason=MARKER_MISSING Actor=Golem ActorAddress=E6EACA10 Action=9 Phase=1 Family=7 C1Valid=1 C1Generation=173 RequiredSourceMask=0 RightAddress=E6EEFE10 RightUseType=8 LeftAddress=00000000 LeftUseType=0 Marker=INVALID BoundIdentityMatch=-1 Motion=Golem_Stand_None_Fist_P0_PowerAttack_Hit_N_Fwd_00_%_00_P0_100_R.xmot ElapsedMs=99182.348
CORE EQUIPPED_SPRINT_PROBE Boundary=CALLBACK Decision=DELEGATE_NATIVE Reason=MARKER_MISSING Actor=Golem ActorAddress=E6EACA10 Action=9 Phase=1 Family=7 C1Valid=1 C1Generation=173 RequiredSourceMask=0 RightAddress=E6EEFE10 RightUseType=8 LeftAddress=00000000 LeftUseType=0 Marker=INVALID BoundIdentityMatch=-1 Motion=Golem_Stand_None_Fist_P0_PowerAttack_Hit_N_Fwd_00_%_00_P0_100_R.xmot ElapsedMs=99190.667
CORE EQUIPPED_SPRINT_PROBE Boundary=CALLBACK Decision=DELEGATE_NATIVE Reason=MARKER_MISSING Actor=Golem ActorAddress=E6EACA10 Action=9 Phase=1 Family=7 C1Valid=1 C1Generation=173 RequiredSourceMask=0 RightAddress=E6EEFE10 RightUseType=8 LeftAddress=00000000 LeftUseType=0 Marker=INVALID BoundIdentityMatch=-1 Motion=Golem_Stand_None_Fist_P0_PowerAttack_Hit_N_Fwd_00_%_00_P0_100_R.xmot ElapsedMs=99198.873
CORE EQUIPPED_SPRINT_PROBE Boundary=CALLBACK Decision=DELEGATE_NATIVE Reason=MARKER_MISSING Actor=Golem ActorAddress=E6EACA10 Action=9 Phase=1 Family=7 C1Valid=1 C1Generation=173 RequiredSourceMask=0 RightAddress=E6EEFE10 RightUseType=8 LeftAddress=00000000 LeftUseType=0 Marker=INVALID BoundIdentityMatch=-1 Motion=Golem_Stand_None_Fist_P0_PowerAttack_Hit_N_Fwd_00_%_00_P0_100_R.xmot ElapsedMs=99207.478
CORE EQUIPPED_SPRINT_PROBE Boundary=CALLBACK Decision=DELEGATE_NATIVE Reason=MARKER_MISSING Actor=Golem ActorAddress=E6EACA10 Action=9 Phase=1 Family=7 C1Valid=1 C1Generation=173 RequiredSourceMask=0 RightAddress=E6EEFE10 RightUseType=8 LeftAddress=00000000 LeftUseType=0 Marker=INVALID BoundIdentityMatch=-1 Motion=Golem_Stand_None_Fist_P0_PowerAttack_Hit_N_Fwd_00_%_00_P0_100_R.xmot ElapsedMs=99215.223
CORE EQUIPPED_SPRINT_PROBE Boundary=CALLBACK Decision=DELEGATE_NATIVE Reason=MARKER_MISSING Actor=Golem ActorAddress=E6EACA10 Action=9 Phase=1 Family=7 C1Valid=1 C1Generation=173 RequiredSourceMask=0 RightAddress=E6EEFE10 RightUseType=8 LeftAddress=00000000 LeftUseType=0 Marker=INVALID BoundIdentityMatch=-1 Motion=Golem_Stand_None_Fist_P0_PowerAttack_Hit_N_Fwd_00_%_00_P0_100_R.xmot ElapsedMs=99224.573
CORE EQUIPPED_SPRINT_PROBE Boundary=CALLBACK Decision=DELEGATE_NATIVE Reason=MARKER_MISSING Actor=Golem ActorAddress=E6EACA10 Action=9 Phase=1 Family=7 C1Valid=1 C1Generation=173 RequiredSourceMask=0 RightAddress=E6EEFE10 RightUseType=8 LeftAddress=00000000 LeftUseType=0 Marker=INVALID BoundIdentityMatch=-1 Motion=Golem_Stand_None_Fist_P0_PowerAttack_Hit_N_Fwd_00_%_00_P0_100_R.xmot ElapsedMs=99233.494
CORE C1_FINAL ElapsedMs=99241.088 Actor=Golem Generation=173 Status=PERSISTED SourceCount=1 PhysicalChanged=0 Source[0]=Fist Side=RIGHT Outstanding=0 Cleanup=0 Outcome=NO_OP_NO_OUTSTANDING
CORE C1_START ElapsedMs=99248.912 Actor=Golem Generation=174 Status=CANDIDATE Outstanding=0 TrackedSources=1 ReplacedGeneration=0 ReplacedOutstanding=0 Source[0]=Fist Side=RIGHT Group=0
CORE C1_BIND ElapsedMs=99248.924 Event=COMBAT_MOVE_CANDIDATE_BOUND Actor=Golem Generation=174 Status=CANDIDATE Outstanding=0 Source=<null> Script=_AI_PowerAttack
CORE C1_STATUS ElapsedMs=99248.986 Event=PERSISTED Actor=Golem Generation=174 Status=PERSISTED Outstanding=0
Script_FrameCollisionTest unloading cleanly.
