Script_FrameCollisionTest diagnostic build loaded.
DiagnosticProfile: CORE
DeepDiagnostics: DISABLED
BehaviorCore: EngineBridge + FrameCollisionMarkers + CollisionSources + CollisionSourceOperations + CollisionLifecycleGuard + Raw8FistCollision + AttackMotionRouting + RuntimeClock
C1Repair: exact outstanding live equipped Item_Attack source -> Item_Equipped after native AISetState opportunity; no ClearTriggeredList.
MarkerFamilies: Normal Power Quick SimpleWhirl Whirl Pierce Hack Sprint
MarkerOpcodes: RIGHT LEFT BOTH OFF FIST
HACK_CALLBACK_IDENTITY TargetRVA=0x433D0 ExactlyOne=1 MatchCount=1 Name=OnAI_HackAttack Source=.\Script\AI\AI_Commands\AI_HackAttack.cpp
Installing behavior hooks...
Hooks installed.

CORE C1_START ElapsedMs=27837.462 Actor=BlackTroll Generation=1 Status=CANDIDATE Outstanding=0 TrackedSources=2 ReplacedGeneration=0 ReplacedOutstanding=0 Source[0]=TrollFist Side=RIGHT Group=5 Source[1]=TrollFist Side=LEFT Group=5
CORE C1_BIND ElapsedMs=27837.490 Event=COMBAT_MOVE_CANDIDATE_BOUND Actor=BlackTroll Generation=1 Status=CANDIDATE Outstanding=0 Source=<null> Script=_AI_QuickAttack
CORE C1_STATUS ElapsedMs=27837.918 Event=PERSISTED Actor=BlackTroll Generation=1 Status=PERSISTED Outstanding=0
CORE ATTACK_OWNERSHIP ElapsedMs=27837.961 Actor=BlackTroll Family=QUICK Action=4 Phase=1 Motion=Troll_Stand_Fist_Fist_P0_QuickAttackR_Hit_N_Fwd_00_%_00_P0_100.xmot MarkerPresent=1 RequiredMask=0 FistMarkers=1 Raw8Fist=<none> Raw8UseType=-1 SuppressNative=0 Classification=CONTRADICTION
===== CORE ATTACK OWNERSHIP ANOMALY =====
MatchingMotionFound: 1
MarkerScanValid: 1
RequiredSourcesAvailable: 1
RightSourceSlot: RIGHT
RightSourceName: TrollFist
RightSourceUseType: 55
RightSourceCollisionGroup: 5
LeftSourceSlot: LEFT
LeftSourceName: TrollFist
LeftSourceUseType: 55
LeftSourceCollisionGroup: 5
Raw8FistSourceName: <none>
Raw8FistSourceUseType: -1
Raw8FistSourceCollisionGroup: -1
=========================================

CORE RAW55_QUICK_CALLBACK_BOUNDARY Actor=BlackTroll C1=1 SameC1=1 Action=4->4 Phase=1->1 StateTime=0.000000->0.000000 StatePosition=0->0 MotionBefore=Troll_Stand_Fist_Fist_P0_QuickAttackR_Hit_N_Fwd_00_%_00_P0_100.xmot MotionAfter=Troll_Stand_Fist_Fist_P0_QuickAttackR_Hit_N_Fwd_00_%_00_P0_100.xmot Right=TrollFist RightUseType=55 RightGroup=5->5 NativeResult=1 OBSERVE_NATIVE=1
CORE RAW55_QUICK_CALLBACK_BOUNDARY Actor=BlackTroll C1=1 SameC1=1 Action=4->4 Phase=1->1 StateTime=0.000000->0.000000 StatePosition=0->0 MotionBefore=Troll_Stand_Fist_Fist_P0_QuickAttackR_Hit_N_Fwd_00_%_00_P0_100.xmot MotionAfter=Troll_Stand_Fist_Fist_P0_QuickAttackR_Hit_N_Fwd_00_%_00_P0_100.xmot Right=TrollFist RightUseType=55 RightGroup=5->5 NativeResult=1 OBSERVE_NATIVE=1
CORE RAW55_QUICK_CALLBACK_BOUNDARY Actor=BlackTroll C1=1 SameC1=1 Action=4->4 Phase=1->1 StateTime=0.010941->0.010941 StatePosition=0->0 MotionBefore=Troll_Stand_Fist_Fist_P0_QuickAttackR_Hit_N_Fwd_00_%_00_P0_100.xmot MotionAfter=Troll_Stand_Fist_Fist_P0_QuickAttackR_Hit_N_Fwd_00_%_00_P0_100.xmot Right=TrollFist RightUseType=55 RightGroup=5->5 NativeResult=1 OBSERVE_NATIVE=1
CORE RAW55_QUICK_CALLBACK_BOUNDARY Actor=BlackTroll C1=1 SameC1=1 Action=4->4 Phase=1->1 StateTime=0.019274->0.019274 StatePosition=0->0 MotionBefore=Troll_Stand_Fist_Fist_P0_QuickAttackR_Hit_N_Fwd_00_%_00_P0_100.xmot MotionAfter=Troll_Stand_Fist_Fist_P0_QuickAttackR_Hit_N_Fwd_00_%_00_P0_100.xmot Right=TrollFist RightUseType=55 RightGroup=5->5 NativeResult=1 OBSERVE_NATIVE=1
CORE RAW55_QUICK_CALLBACK_BOUNDARY Actor=BlackTroll C1=1 SameC1=1 Action=4->4 Phase=1->1 StateTime=0.028231->0.028231 StatePosition=0->0 MotionBefore=Troll_Stand_Fist_Fist_P0_QuickAttackR_Hit_N_Fwd_00_%_00_P0_100.xmot MotionAfter=Troll_Stand_Fist_Fist_P0_QuickAttackR_Hit_N_Fwd_00_%_00_P0_100.xmot Right=TrollFist RightUseType=55 RightGroup=5->5 NativeResult=1 OBSERVE_NATIVE=1
CORE RAW55_QUICK_CALLBACK_BOUNDARY Actor=BlackTroll C1=1 SameC1=1 Action=4->4 Phase=1->1 StateTime=0.036564->0.036564 StatePosition=0->0 MotionBefore=Troll_Stand_Fist_Fist_P0_QuickAttackR_Hit_N_Fwd_00_%_00_P0_100.xmot MotionAfter=Troll_Stand_Fist_Fist_P0_QuickAttackR_Hit_N_Fwd_00_%_00_P0_100.xmot Right=TrollFist RightUseType=55 RightGroup=5->5 NativeResult=1 OBSERVE_NATIVE=1
CORE RAW55_QUICK_CALLBACK_BOUNDARY Actor=BlackTroll C1=1 SameC1=1 Action=4->4 Phase=1->1 StateTime=0.044898->0.044898 StatePosition=0->0 MotionBefore=Troll_Stand_Fist_Fist_P0_QuickAttackR_Hit_N_Fwd_00_%_00_P0_100.xmot MotionAfter=Troll_Stand_Fist_Fist_P0_QuickAttackR_Hit_N_Fwd_00_%_00_P0_100.xmot Right=TrollFist RightUseType=55 RightGroup=5->5 NativeResult=1 OBSERVE_NATIVE=1
CORE RAW55_QUICK_CALLBACK_BOUNDARY Actor=BlackTroll C1=1 SameC1=1 Action=4->4 Phase=1->1 StateTime=0.053231->0.053231 StatePosition=0->0 MotionBefore=Troll_Stand_Fist_Fist_P0_QuickAttackR_Hit_N_Fwd_00_%_00_P0_100.xmot MotionAfter=Troll_Stand_Fist_Fist_P0_QuickAttackR_Hit_N_Fwd_00_%_00_P0_100.xmot Right=TrollFist RightUseType=55 RightGroup=5->5 NativeResult=1 OBSERVE_NATIVE=1
CORE RAW55_QUICK_CALLBACK_BOUNDARY Actor=BlackTroll C1=1 SameC1=1 Action=4->4 Phase=1->1 StateTime=0.062201->0.062201 StatePosition=0->0 MotionBefore=Troll_Stand_Fist_Fist_P0_QuickAttackR_Hit_N_Fwd_00_%_00_P0_100.xmot MotionAfter=Troll_Stand_Fist_Fist_P0_QuickAttackR_Hit_N_Fwd_00_%_00_P0_100.xmot Right=TrollFist RightUseType=55 RightGroup=5->5 NativeResult=1 OBSERVE_NATIVE=1
CORE RAW55_QUICK_CALLBACK_BOUNDARY Actor=BlackTroll C1=1 SameC1=1 Action=4->4 Phase=1->1 StateTime=0.070535->0.070535 StatePosition=0->0 MotionBefore=Troll_Stand_Fist_Fist_P0_QuickAttackR_Hit_N_Fwd_00_%_00_P0_100.xmot MotionAfter=Troll_Stand_Fist_Fist_P0_QuickAttackR_Hit_N_Fwd_00_%_00_P0_100.xmot Right=TrollFist RightUseType=55 RightGroup=5->5 NativeResult=1 OBSERVE_NATIVE=1
CORE RAW55_QUICK_CALLBACK_BOUNDARY Actor=BlackTroll C1=1 SameC1=1 Action=4->4 Phase=1->1 StateTime=0.078868->0.078868 StatePosition=0->0 MotionBefore=Troll_Stand_Fist_Fist_P0_QuickAttackR_Hit_N_Fwd_00_%_00_P0_100.xmot MotionAfter=Troll_Stand_Fist_Fist_P0_QuickAttackR_Hit_N_Fwd_00_%_00_P0_100.xmot Right=TrollFist RightUseType=55 RightGroup=5->5 NativeResult=1 OBSERVE_NATIVE=1
CORE RAW55_QUICK_CALLBACK_BOUNDARY Actor=BlackTroll C1=1 SameC1=1 Action=4->4 Phase=1->1 StateTime=0.087201->0.087201 StatePosition=0->0 MotionBefore=Troll_Stand_Fist_Fist_P0_QuickAttackR_Hit_N_Fwd_00_%_00_P0_100.xmot MotionAfter=Troll_Stand_Fist_Fist_P0_QuickAttackR_Hit_N_Fwd_00_%_00_P0_100.xmot Right=TrollFist RightUseType=55 RightGroup=5->5 NativeResult=1 OBSERVE_NATIVE=1
CORE RAW55_QUICK_CALLBACK_BOUNDARY Actor=BlackTroll C1=1 SameC1=1 Action=4->4 Phase=1->1 StateTime=0.095535->0.095535 StatePosition=0->0 MotionBefore=Troll_Stand_Fist_Fist_P0_QuickAttackR_Hit_N_Fwd_00_%_00_P0_100.xmot MotionAfter=Troll_Stand_Fist_Fist_P0_QuickAttackR_Hit_N_Fwd_00_%_00_P0_100.xmot Right=TrollFist RightUseType=55 RightGroup=5->5 NativeResult=1 OBSERVE_NATIVE=1
CORE RAW55_QUICK_GROUP_SUPPRESSION Actor=BlackTroll C1=1 Right=TrollFist RightUseType=55 RequestedGroup=7 BeforeGroup=5 StatePosition=0 StateTime=0.103868 SUPPRESS_GROUP=1
CORE RAW55_QUICK_CALLBACK_BOUNDARY Actor=BlackTroll C1=1 SameC1=1 Action=4->4 Phase=1->1 StateTime=0.103868->0.103868 StatePosition=0->1 MotionBefore=Troll_Stand_Fist_Fist_P0_QuickAttackR_Hit_N_Fwd_00_%_00_P0_100.xmot MotionAfter=Troll_Stand_Fist_Fist_P0_QuickAttackR_Hit_N_Fwd_00_%_00_P0_100.xmot Right=TrollFist RightUseType=55 RightGroup=5->5 NativeResult=1 OBSERVE_NATIVE=1
CORE RAW55_QUICK_CALLBACK_BOUNDARY Actor=BlackTroll C1=1 SameC1=1 Action=4->4 Phase=1->1 StateTime=0.112201->0.112201 StatePosition=1->1 MotionBefore=Troll_Stand_Fist_Fist_P0_QuickAttackR_Hit_N_Fwd_00_%_00_P0_100.xmot MotionAfter=Troll_Stand_Fist_Fist_P0_QuickAttackR_Hit_N_Fwd_00_%_00_P0_100.xmot Right=TrollFist RightUseType=55 RightGroup=5->5 NativeResult=1 OBSERVE_NATIVE=1
CORE RAW55_QUICK_CALLBACK_BOUNDARY Actor=BlackTroll C1=1 SameC1=1 Action=4->4 Phase=1->1 StateTime=0.120535->0.120535 StatePosition=1->1 MotionBefore=Troll_Stand_Fist_Fist_P0_QuickAttackR_Hit_N_Fwd_00_%_00_P0_100.xmot MotionAfter=Troll_Stand_Fist_Fist_P0_QuickAttackR_Hit_N_Fwd_00_%_00_P0_100.xmot Right=TrollFist RightUseType=55 RightGroup=5->5 NativeResult=1 OBSERVE_NATIVE=1
CORE RAW55_QUICK_CALLBACK_BOUNDARY Actor=BlackTroll C1=1 SameC1=1 Action=4->4 Phase=1->1 StateTime=0.128868->0.128868 StatePosition=1->1 MotionBefore=Troll_Stand_Fist_Fist_P0_QuickAttackR_Hit_N_Fwd_00_%_00_P0_100.xmot MotionAfter=Troll_Stand_Fist_Fist_P0_QuickAttackR_Hit_N_Fwd_00_%_00_P0_100.xmot Right=TrollFist RightUseType=55 RightGroup=5->5 NativeResult=1 OBSERVE_NATIVE=1
CORE RAW55_QUICK_CALLBACK_BOUNDARY Actor=BlackTroll C1=1 SameC1=1 Action=4->4 Phase=1->1 StateTime=0.137201->0.137201 StatePosition=1->1 MotionBefore=Troll_Stand_Fist_Fist_P0_QuickAttackR_Hit_N_Fwd_00_%_00_P0_100.xmot MotionAfter=Troll_Stand_Fist_Fist_P0_QuickAttackR_Hit_N_Fwd_00_%_00_P0_100.xmot Right=TrollFist RightUseType=55 RightGroup=5->5 NativeResult=1 OBSERVE_NATIVE=1
CORE RAW55_QUICK_CALLBACK_BOUNDARY Actor=BlackTroll C1=1 SameC1=1 Action=4->4 Phase=1->1 StateTime=0.145535->0.145535 StatePosition=1->1 MotionBefore=Troll_Stand_Fist_Fist_P0_QuickAttackR_Hit_N_Fwd_00_%_00_P0_100.xmot MotionAfter=Troll_Stand_Fist_Fist_P0_QuickAttackR_Hit_N_Fwd_00_%_00_P0_100.xmot Right=TrollFist RightUseType=55 RightGroup=5->5 NativeResult=1 OBSERVE_NATIVE=1
CORE RAW55_QUICK_CALLBACK_BOUNDARY Actor=BlackTroll C1=1 SameC1=1 Action=4->4 Phase=1->1 StateTime=0.153868->0.153868 StatePosition=1->1 MotionBefore=Troll_Stand_Fist_Fist_P0_QuickAttackR_Hit_N_Fwd_00_%_00_P0_100.xmot MotionAfter=Troll_Stand_Fist_Fist_P0_QuickAttackR_Hit_N_Fwd_00_%_00_P0_100.xmot Right=TrollFist RightUseType=55 RightGroup=5->5 NativeResult=1 OBSERVE_NATIVE=1
CORE RAW55_QUICK_CALLBACK_BOUNDARY Actor=BlackTroll C1=1 SameC1=1 Action=4->4 Phase=1->1 StateTime=0.162201->0.162201 StatePosition=1->1 MotionBefore=Troll_Stand_Fist_Fist_P0_QuickAttackR_Hit_N_Fwd_00_%_00_P0_100.xmot MotionAfter=Troll_Stand_Fist_Fist_P0_QuickAttackR_Hit_N_Fwd_00_%_00_P0_100.xmot Right=TrollFist RightUseType=55 RightGroup=5->5 NativeResult=1 OBSERVE_NATIVE=1
CORE RAW55_QUICK_CALLBACK_BOUNDARY Actor=BlackTroll C1=1 SameC1=1 Action=4->4 Phase=1->1 StateTime=0.171157->0.171157 StatePosition=1->1 MotionBefore=Troll_Stand_Fist_Fist_P0_QuickAttackR_Hit_N_Fwd_00_%_00_P0_100.xmot MotionAfter=Troll_Stand_Fist_Fist_P0_QuickAttackR_Hit_N_Fwd_00_%_00_P0_100.xmot Right=TrollFist RightUseType=55 RightGroup=5->5 NativeResult=1 OBSERVE_NATIVE=1
CORE RAW55_QUICK_CALLBACK_BOUNDARY Actor=BlackTroll C1=1 SameC1=1 Action=4->4 Phase=1->1 StateTime=0.179491->0.179491 StatePosition=1->1 MotionBefore=Troll_Stand_Fist_Fist_P0_QuickAttackR_Hit_N_Fwd_00_%_00_P0_100.xmot MotionAfter=Troll_Stand_Fist_Fist_P0_QuickAttackR_Hit_N_Fwd_00_%_00_P0_100.xmot Right=TrollFist RightUseType=55 RightGroup=5->5 NativeResult=1 OBSERVE_NATIVE=1
CORE RAW55_QUICK_CALLBACK_BOUNDARY Actor=BlackTroll C1=1 SameC1=1 Action=4->4 Phase=1->1 StateTime=0.187824->0.187824 StatePosition=1->1 MotionBefore=Troll_Stand_Fist_Fist_P0_QuickAttackR_Hit_N_Fwd_00_%_00_P0_100.xmot MotionAfter=Troll_Stand_Fist_Fist_P0_QuickAttackR_Hit_N_Fwd_00_%_00_P0_100.xmot Right=TrollFist RightUseType=55 RightGroup=5->5 NativeResult=1 OBSERVE_NATIVE=1
CORE RAW55_QUICK_CALLBACK_BOUNDARY Actor=BlackTroll C1=1 SameC1=1 Action=4->4 Phase=1->1 StateTime=0.196157->0.196157 StatePosition=1->1 MotionBefore=Troll_Stand_Fist_Fist_P0_QuickAttackR_Hit_N_Fwd_00_%_00_P0_100.xmot MotionAfter=Troll_Stand_Fist_Fist_P0_QuickAttackR_Hit_N_Fwd_00_%_00_P0_100.xmot Right=TrollFist RightUseType=55 RightGroup=5->5 NativeResult=1 OBSERVE_NATIVE=1
CORE RAW55_QUICK_CALLBACK_BOUNDARY Actor=BlackTroll C1=1 SameC1=1 Action=4->4 Phase=1->1 StateTime=0.204491->0.204491 StatePosition=1->1 MotionBefore=Troll_Stand_Fist_Fist_P0_QuickAttackR_Hit_N_Fwd_00_%_00_P0_100.xmot MotionAfter=Troll_Stand_Fist_Fist_P0_QuickAttackR_Hit_N_Fwd_00_%_00_P0_100.xmot Right=TrollFist RightUseType=55 RightGroup=5->5 NativeResult=1 OBSERVE_NATIVE=1
CORE RAW55_QUICK_CALLBACK_BOUNDARY Actor=BlackTroll C1=1 SameC1=1 Action=4->4 Phase=1->1 StateTime=0.214461->0.214461 StatePosition=1->1 MotionBefore=Troll_Stand_Fist_Fist_P0_QuickAttackR_Hit_N_Fwd_00_%_00_P0_100.xmot MotionAfter=Troll_Stand_Fist_Fist_P0_QuickAttackR_Hit_N_Fwd_00_%_00_P0_100.xmot Right=TrollFist RightUseType=55 RightGroup=5->5 NativeResult=1 OBSERVE_NATIVE=1
CORE RAW55_QUICK_CALLBACK_BOUNDARY Actor=BlackTroll C1=1 SameC1=1 Action=4->4 Phase=1->1 StateTime=0.223473->0.223473 StatePosition=1->1 MotionBefore=Troll_Stand_Fist_Fist_P0_QuickAttackR_Hit_N_Fwd_00_%_00_P0_100.xmot MotionAfter=Troll_Stand_Fist_Fist_P0_QuickAttackR_Hit_N_Fwd_00_%_00_P0_100.xmot Right=TrollFist RightUseType=55 RightGroup=5->5 NativeResult=1 OBSERVE_NATIVE=1
CORE RAW55_QUICK_CALLBACK_BOUNDARY Actor=BlackTroll C1=1 SameC1=1 Action=4->4 Phase=1->1 StateTime=0.232473->0.232473 StatePosition=1->1 MotionBefore=Troll_Stand_Fist_Fist_P0_QuickAttackR_Hit_N_Fwd_00_%_00_P0_100.xmot MotionAfter=Troll_Stand_Fist_Fist_P0_QuickAttackR_Hit_N_Fwd_00_%_00_P0_100.xmot Right=TrollFist RightUseType=55 RightGroup=5->5 NativeResult=1 OBSERVE_NATIVE=1
CORE RAW55_QUICK_CALLBACK_BOUNDARY Actor=BlackTroll C1=1 SameC1=1 Action=4->4 Phase=1->1 StateTime=0.240807->0.240807 StatePosition=1->1 MotionBefore=Troll_Stand_Fist_Fist_P0_QuickAttackR_Hit_N_Fwd_00_%_00_P0_100.xmot MotionAfter=Troll_Stand_Fist_Fist_P0_QuickAttackR_Hit_N_Fwd_00_%_00_P0_100.xmot Right=TrollFist RightUseType=55 RightGroup=5->5 NativeResult=1 OBSERVE_NATIVE=1
CORE RAW55_QUICK_CALLBACK_BOUNDARY Actor=BlackTroll C1=1 SameC1=1 Action=4->4 Phase=1->1 StateTime=0.249140->0.249140 StatePosition=1->1 MotionBefore=Troll_Stand_Fist_Fist_P0_QuickAttackR_Hit_N_Fwd_00_%_00_P0_100.xmot MotionAfter=Troll_Stand_Fist_Fist_P0_QuickAttackR_Hit_N_Fwd_00_%_00_P0_100.xmot Right=TrollFist RightUseType=55 RightGroup=5->5 NativeResult=1 OBSERVE_NATIVE=1
CORE RAW55_QUICK_CALLBACK_BOUNDARY Actor=BlackTroll C1=1 SameC1=1 Action=4->4 Phase=1->1 StateTime=0.257473->0.257473 StatePosition=1->1 MotionBefore=Troll_Stand_Fist_Fist_P0_QuickAttackR_Hit_N_Fwd_00_%_00_P0_100.xmot MotionAfter=Troll_Stand_Fist_Fist_P0_QuickAttackR_Hit_N_Fwd_00_%_00_P0_100.xmot Right=TrollFist RightUseType=55 RightGroup=5->5 NativeResult=1 OBSERVE_NATIVE=1
CORE RAW55_QUICK_CALLBACK_BOUNDARY Actor=BlackTroll C1=1 SameC1=1 Action=4->4 Phase=1->1 StateTime=0.266444->0.266444 StatePosition=1->1 MotionBefore=Troll_Stand_Fist_Fist_P0_QuickAttackR_Hit_N_Fwd_00_%_00_P0_100.xmot MotionAfter=Troll_Stand_Fist_Fist_P0_QuickAttackR_Hit_N_Fwd_00_%_00_P0_100.xmot Right=TrollFist RightUseType=55 RightGroup=5->5 NativeResult=1 OBSERVE_NATIVE=1
CORE RAW55_QUICK_CALLBACK_BOUNDARY Actor=BlackTroll C1=1 SameC1=1 Action=4->4 Phase=1->1 StateTime=0.274777->0.274777 StatePosition=1->1 MotionBefore=Troll_Stand_Fist_Fist_P0_QuickAttackR_Hit_N_Fwd_00_%_00_P0_100.xmot MotionAfter=Troll_Stand_Fist_Fist_P0_QuickAttackR_Hit_N_Fwd_00_%_00_P0_100.xmot Right=TrollFist RightUseType=55 RightGroup=5->5 NativeResult=1 OBSERVE_NATIVE=1
CORE RAW55_QUICK_CALLBACK_BOUNDARY Actor=BlackTroll C1=1 SameC1=1 Action=4->4 Phase=1->1 StateTime=0.283111->0.283111 StatePosition=1->1 MotionBefore=Troll_Stand_Fist_Fist_P0_QuickAttackR_Hit_N_Fwd_00_%_00_P0_100.xmot MotionAfter=Troll_Stand_Fist_Fist_P0_QuickAttackR_Hit_N_Fwd_00_%_00_P0_100.xmot Right=TrollFist RightUseType=55 RightGroup=5->5 NativeResult=1 OBSERVE_NATIVE=1
CORE RAW55_QUICK_CALLBACK_BOUNDARY Actor=BlackTroll C1=1 SameC1=1 Action=4->4 Phase=1->1 StateTime=0.306874->0.306874 StatePosition=1->1 MotionBefore=Troll_Stand_Fist_Fist_P0_QuickAttackR_Hit_N_Fwd_00_%_00_P0_100.xmot MotionAfter=Troll_Stand_Fist_Fist_P0_QuickAttackR_Hit_N_Fwd_00_%_00_P0_100.xmot Right=TrollFist RightUseType=55 RightGroup=5->5 NativeResult=1 OBSERVE_NATIVE=1
CORE RAW55_QUICK_CALLBACK_BOUNDARY Actor=BlackTroll C1=1 SameC1=1 Action=4->4 Phase=1->1 StateTime=0.329878->0.329878 StatePosition=1->1 MotionBefore=Troll_Stand_Fist_Fist_P0_QuickAttackR_Hit_N_Fwd_00_%_00_P0_100.xmot MotionAfter=Troll_Stand_Fist_Fist_P0_QuickAttackR_Hit_N_Fwd_00_%_00_P0_100.xmot Right=TrollFist RightUseType=55 RightGroup=5->5 NativeResult=1 OBSERVE_NATIVE=1
CORE RAW55_QUICK_CALLBACK_BOUNDARY Actor=BlackTroll C1=1 SameC1=1 Action=4->4 Phase=1->1 StateTime=0.345916->0.345916 StatePosition=1->1 MotionBefore=Troll_Stand_Fist_Fist_P0_QuickAttackR_Hit_N_Fwd_00_%_00_P0_100.xmot MotionAfter=Troll_Stand_Fist_Fist_P0_QuickAttackR_Hit_N_Fwd_00_%_00_P0_100.xmot Right=TrollFist RightUseType=55 RightGroup=5->5 NativeResult=1 OBSERVE_NATIVE=1
CORE RAW55_QUICK_CALLBACK_BOUNDARY Actor=BlackTroll C1=1 SameC1=1 Action=4->4 Phase=1->1 StateTime=0.357947->0.357947 StatePosition=1->1 MotionBefore=Troll_Stand_Fist_Fist_P0_QuickAttackR_Hit_N_Fwd_00_%_00_P0_100.xmot MotionAfter=Troll_Stand_Fist_Fist_P0_QuickAttackR_Hit_N_Fwd_00_%_00_P0_100.xmot Right=TrollFist RightUseType=55 RightGroup=5->5 NativeResult=1 OBSERVE_NATIVE=1
CORE RAW55_QUICK_CALLBACK_BOUNDARY Actor=BlackTroll C1=1 SameC1=1 Action=4->4 Phase=1->1 StateTime=0.366978->0.366978 StatePosition=1->1 MotionBefore=Troll_Stand_Fist_Fist_P0_QuickAttackR_Hit_N_Fwd_00_%_00_P0_100.xmot MotionAfter=Troll_Stand_Fist_Fist_P0_QuickAttackR_Hit_N_Fwd_00_%_00_P0_100.xmot Right=TrollFist RightUseType=55 RightGroup=5->5 NativeResult=1 OBSERVE_NATIVE=1
CORE RAW55_QUICK_CALLBACK_BOUNDARY Actor=BlackTroll C1=1 SameC1=1 Action=4->4 Phase=1->1 StateTime=0.375311->0.375311 StatePosition=1->1 MotionBefore=Troll_Stand_Fist_Fist_P0_QuickAttackR_Hit_N_Fwd_00_%_00_P0_100.xmot MotionAfter=Troll_Stand_Fist_Fist_P0_QuickAttackR_Hit_N_Fwd_00_%_00_P0_100.xmot Right=TrollFist RightUseType=55 RightGroup=5->5 NativeResult=1 OBSERVE_NATIVE=1
CORE RAW55_QUICK_CALLBACK_BOUNDARY Actor=BlackTroll C1=1 SameC1=1 Action=4->4 Phase=1->1 StateTime=0.384268->0.384268 StatePosition=1->1 MotionBefore=Troll_Stand_Fist_Fist_P0_QuickAttackR_Hit_N_Fwd_00_%_00_P0_100.xmot MotionAfter=Troll_Stand_Fist_Fist_P0_QuickAttackR_Hit_N_Fwd_00_%_00_P0_100.xmot Right=TrollFist RightUseType=55 RightGroup=5->5 NativeResult=1 OBSERVE_NATIVE=1
CORE RAW55_QUICK_CALLBACK_BOUNDARY Actor=BlackTroll C1=1 SameC1=1 Action=4->4 Phase=1->1 StateTime=0.392601->0.392601 StatePosition=1->1 MotionBefore=Troll_Stand_Fist_Fist_P0_QuickAttackR_Hit_N_Fwd_00_%_00_P0_100.xmot MotionAfter=Troll_Stand_Fist_Fist_P0_QuickAttackR_Hit_N_Fwd_00_%_00_P0_100.xmot Right=TrollFist RightUseType=55 RightGroup=5->5 NativeResult=1 OBSERVE_NATIVE=1
CORE RAW55_QUICK_CALLBACK_BOUNDARY Actor=BlackTroll C1=1 SameC1=1 Action=4->4 Phase=1->1 StateTime=0.400934->0.400934 StatePosition=1->1 MotionBefore=Troll_Stand_Fist_Fist_P0_QuickAttackR_Hit_N_Fwd_00_%_00_P0_100.xmot MotionAfter=Troll_Stand_Fist_Fist_P0_QuickAttackR_Hit_N_Fwd_00_%_00_P0_100.xmot Right=TrollFist RightUseType=55 RightGroup=5->5 NativeResult=1 OBSERVE_NATIVE=1
CORE RAW55_QUICK_CALLBACK_BOUNDARY Actor=BlackTroll C1=1 SameC1=1 Action=4->4 Phase=1->1 StateTime=0.409268->0.409268 StatePosition=1->1 MotionBefore=Troll_Stand_Fist_Fist_P0_QuickAttackR_Hit_N_Fwd_00_%_00_P0_100.xmot MotionAfter=Troll_Stand_Fist_Fist_P0_QuickAttackR_Hit_N_Fwd_00_%_00_P0_100.xmot Right=TrollFist RightUseType=55 RightGroup=5->5 NativeResult=1 OBSERVE_NATIVE=1
CORE RAW55_QUICK_CALLBACK_BOUNDARY Actor=BlackTroll C1=1 SameC1=1 Action=4->4 Phase=1->1 StateTime=0.419209->0.419209 StatePosition=1->1 MotionBefore=Troll_Stand_Fist_Fist_P0_QuickAttackR_Hit_N_Fwd_00_%_00_P0_100.xmot MotionAfter=Troll_Stand_Fist_Fist_P0_QuickAttackR_Hit_N_Fwd_00_%_00_P0_100.xmot Right=TrollFist RightUseType=55 RightGroup=5->5 NativeResult=1 OBSERVE_NATIVE=1
CORE RAW55_QUICK_CALLBACK_BOUNDARY Actor=BlackTroll C1=1 SameC1=1 Action=4->4 Phase=1->1 StateTime=0.427542->0.427542 StatePosition=1->1 MotionBefore=Troll_Stand_Fist_Fist_P0_QuickAttackR_Hit_N_Fwd_00_%_00_P0_100.xmot MotionAfter=Troll_Stand_Fist_Fist_P0_QuickAttackR_Hit_N_Fwd_00_%_00_P0_100.xmot Right=TrollFist RightUseType=55 RightGroup=5->5 NativeResult=1 OBSERVE_NATIVE=1
CORE RAW55_QUICK_CALLBACK_BOUNDARY Actor=BlackTroll C1=1 SameC1=1 Action=4->4 Phase=1->1 StateTime=0.438469->0.438469 StatePosition=1->1 MotionBefore=Troll_Stand_Fist_Fist_P0_QuickAttackR_Hit_N_Fwd_00_%_00_P0_100.xmot MotionAfter=Troll_Stand_Fist_Fist_P0_QuickAttackR_Hit_N_Fwd_00_%_00_P0_100.xmot Right=TrollFist RightUseType=55 RightGroup=5->5 NativeResult=1 OBSERVE_NATIVE=1
CORE RAW55_QUICK_CALLBACK_BOUNDARY Actor=BlackTroll C1=1 SameC1=1 Action=4->4 Phase=1->1 StateTime=0.446803->0.446803 StatePosition=1->1 MotionBefore=Troll_Stand_Fist_Fist_P0_QuickAttackR_Hit_N_Fwd_00_%_00_P0_100.xmot MotionAfter=Troll_Stand_Fist_Fist_P0_QuickAttackR_Hit_N_Fwd_00_%_00_P0_100.xmot Right=TrollFist RightUseType=55 RightGroup=5->5 NativeResult=1 OBSERVE_NATIVE=1
CORE RAW55_QUICK_CALLBACK_BOUNDARY Actor=BlackTroll C1=1 SameC1=1 Action=4->4 Phase=1->1 StateTime=0.455759->0.455759 StatePosition=1->1 MotionBefore=Troll_Stand_Fist_Fist_P0_QuickAttackR_Hit_N_Fwd_00_%_00_P0_100.xmot MotionAfter=Troll_Stand_Fist_Fist_P0_QuickAttackR_Hit_N_Fwd_00_%_00_P0_100.xmot Right=TrollFist RightUseType=55 RightGroup=5->5 NativeResult=1 OBSERVE_NATIVE=1
CORE RAW55_QUICK_CALLBACK_BOUNDARY Actor=BlackTroll C1=1 SameC1=1 Action=4->4 Phase=1->1 StateTime=0.464092->0.464092 StatePosition=1->1 MotionBefore=Troll_Stand_Fist_Fist_P0_QuickAttackR_Hit_N_Fwd_00_%_00_P0_100.xmot MotionAfter=Troll_Stand_Fist_Fist_P0_QuickAttackR_Hit_N_Fwd_00_%_00_P0_100.xmot Right=TrollFist RightUseType=55 RightGroup=5->5 NativeResult=1 OBSERVE_NATIVE=1
===== CORE MARKER ANOMALY / DISCOVERY =====
ElapsedMs: 28273.450
Actor: BlackTroll
Action: 4
Family: QUICK
AniPhase: 1
StatePosition: 1
CurrentMovementAni: Troll_Stand_Fist_Fist_P0_QuickAttackR_Hit_N_Fwd_00_%_00_P0_100.xmot
MarkerName: G3AB_COL_FIST
MarkerOpcode: FIST
Result: UNSUPPORTED_MISSING_SOURCE
C1GenerationValid: 1
C1Generation: 1
RequiredSourceMask: 0
MissingSourceMask: 0
RightSourceSlot: RIGHT
RightSourceName: TrollFist
RightSourceUseType: 55
RightSourceCollisionGroup: 5
LeftSourceSlot: LEFT
LeftSourceName: TrollFist
LeftSourceUseType: 55
LeftSourceCollisionGroup: 5
Raw8FistSourceName: <none>
Raw8FistSourceUseType: -1
Raw8FistSourceCollisionGroup: -1
===========================================

CORE COLLISION_GROUP ElapsedMs=28273.484 Source=TrollFist UseType=55 Owner=BlackTroll Slot=RIGHT Requested=7 Before=5 After=7 MarkerBitsRetired=0
CORE C1 OFFENSE REQUEST ElapsedMs=28273.492 Actor=BlackTroll Generation=1 Status=PERSISTED Source=TrollFist Side=RIGHT Requests=1 Outstanding=1 CleanupObserved=0 Group=7
CORE RAW55_QUICK_FIST_REARM_PROBE Actor=BlackTroll C1=1 Action=4 StatePosition=1 StateTime=0.475019 Right=TrollFist RightUseType=55 GroupBefore=5 RequestedGroup=7 GroupAfter=7 EarlySuppressionProof=1 ClearTriggeredList=1 REARM_PROBE=1
CORE RAW55_QUICK_CALLBACK_BOUNDARY Actor=BlackTroll C1=1 SameC1=1 Action=4->4 Phase=1->1 StateTime=0.475019->0.475019 StatePosition=1->1 MotionBefore=Troll_Stand_Fist_Fist_P0_QuickAttackR_Hit_N_Fwd_00_%_00_P0_100.xmot MotionAfter=Troll_Stand_Fist_Fist_P0_QuickAttackR_Hit_N_Fwd_00_%_00_P0_100.xmot Right=TrollFist RightUseType=55 RightGroup=7->7 NativeResult=1 OBSERVE_NATIVE=1
CORE RAW55_QUICK_CALLBACK_BOUNDARY Actor=BlackTroll C1=1 SameC1=1 Action=4->4 Phase=1->1 StateTime=0.483352->0.483352 StatePosition=1->1 MotionBefore=Troll_Stand_Fist_Fist_P0_QuickAttackR_Hit_N_Fwd_00_%_00_P0_100.xmot MotionAfter=Troll_Stand_Fist_Fist_P0_QuickAttackR_Hit_N_Fwd_00_%_00_P0_100.xmot Right=TrollFist RightUseType=55 RightGroup=7->7 NativeResult=1 OBSERVE_NATIVE=1
CORE RAW55_QUICK_CALLBACK_BOUNDARY Actor=BlackTroll C1=1 SameC1=1 Action=4->4 Phase=1->1 StateTime=0.492309->0.492309 StatePosition=1->1 MotionBefore=Troll_Stand_Fist_Fist_P0_QuickAttackR_Hit_N_Fwd_00_%_00_P0_100.xmot MotionAfter=Troll_Stand_Fist_Fist_P0_QuickAttackR_Hit_N_Fwd_00_%_00_P0_100.xmot Right=TrollFist RightUseType=55 RightGroup=7->7 NativeResult=1 OBSERVE_NATIVE=1
CORE RAW55_QUICK_CALLBACK_BOUNDARY Actor=BlackTroll C1=1 SameC1=1 Action=4->4 Phase=1->1 StateTime=0.500642->0.500642 StatePosition=1->1 MotionBefore=Troll_Stand_Fist_Fist_P0_QuickAttackR_Hit_N_Fwd_00_%_00_P0_100.xmot MotionAfter=Troll_Stand_Fist_Fist_P0_QuickAttackR_Hit_N_Fwd_00_%_00_P0_100.xmot Right=TrollFist RightUseType=55 RightGroup=7->7 NativeResult=1 OBSERVE_NATIVE=1
CORE RAW55_QUICK_CALLBACK_BOUNDARY Actor=BlackTroll C1=1 SameC1=1 Action=4->4 Phase=1->1 StateTime=0.509599->0.509599 StatePosition=1->1 MotionBefore=Troll_Stand_Fist_Fist_P0_QuickAttackR_Hit_N_Fwd_00_%_00_P0_100.xmot MotionAfter=Troll_Stand_Fist_Fist_P0_QuickAttackR_Hit_N_Fwd_00_%_00_P0_100.xmot Right=TrollFist RightUseType=55 RightGroup=7->7 NativeResult=1 OBSERVE_NATIVE=1
CORE RAW55_QUICK_CALLBACK_BOUNDARY Actor=BlackTroll C1=1 SameC1=1 Action=4->4 Phase=1->1 StateTime=0.517932->0.517932 StatePosition=1->1 MotionBefore=Troll_Stand_Fist_Fist_P0_QuickAttackR_Hit_N_Fwd_00_%_00_P0_100.xmot MotionAfter=Troll_Stand_Fist_Fist_P0_QuickAttackR_Hit_N_Fwd_00_%_00_P0_100.xmot Right=TrollFist RightUseType=55 RightGroup=7->7 NativeResult=1 OBSERVE_NATIVE=1
CORE RAW55_QUICK_CALLBACK_BOUNDARY Actor=BlackTroll C1=1 SameC1=1 Action=4->4 Phase=1->1 StateTime=0.526265->0.526265 StatePosition=1->1 MotionBefore=Troll_Stand_Fist_Fist_P0_QuickAttackR_Hit_N_Fwd_00_%_00_P0_100.xmot MotionAfter=Troll_Stand_Fist_Fist_P0_QuickAttackR_Hit_N_Fwd_00_%_00_P0_100.xmot Right=TrollFist RightUseType=55 RightGroup=7->7 NativeResult=1 OBSERVE_NATIVE=1
CORE RAW55_QUICK_CALLBACK_BOUNDARY Actor=BlackTroll C1=1 SameC1=1 Action=4->4 Phase=1->1 StateTime=0.535221->0.535221 StatePosition=1->1 MotionBefore=Troll_Stand_Fist_Fist_P0_QuickAttackR_Hit_N_Fwd_00_%_00_P0_100.xmot MotionAfter=Troll_Stand_Fist_Fist_P0_QuickAttackR_Hit_N_Fwd_00_%_00_P0_100.xmot Right=TrollFist RightUseType=55 RightGroup=7->7 NativeResult=1 OBSERVE_NATIVE=1
CORE RAW55_QUICK_CALLBACK_BOUNDARY Actor=BlackTroll C1=1 SameC1=1 Action=4->4 Phase=1->1 StateTime=0.543555->0.543555 StatePosition=1->1 MotionBefore=Troll_Stand_Fist_Fist_P0_QuickAttackR_Hit_N_Fwd_00_%_00_P0_100.xmot MotionAfter=Troll_Stand_Fist_Fist_P0_QuickAttackR_Hit_N_Fwd_00_%_00_P0_100.xmot Right=TrollFist RightUseType=55 RightGroup=7->7 NativeResult=1 OBSERVE_NATIVE=1
CORE RAW55_QUICK_CALLBACK_BOUNDARY Actor=BlackTroll C1=1 SameC1=1 Action=4->4 Phase=1->1 StateTime=0.552525->0.552525 StatePosition=1->1 MotionBefore=Troll_Stand_Fist_Fist_P0_QuickAttackR_Hit_N_Fwd_00_%_00_P0_100.xmot MotionAfter=Troll_Stand_Fist_Fist_P0_QuickAttackR_Hit_N_Fwd_00_%_00_P0_100.xmot Right=TrollFist RightUseType=55 RightGroup=7->7 NativeResult=1 OBSERVE_NATIVE=1
CORE RAW55_QUICK_CALLBACK_BOUNDARY Actor=BlackTroll C1=1 SameC1=1 Action=4->4 Phase=1->1 StateTime=0.560859->0.560859 StatePosition=1->1 MotionBefore=Troll_Stand_Fist_Fist_P0_QuickAttackR_Hit_N_Fwd_00_%_00_P0_100.xmot MotionAfter=Troll_Stand_Fist_Fist_P0_QuickAttackR_Hit_N_Fwd_00_%_00_P0_100.xmot Right=TrollFist RightUseType=55 RightGroup=7->7 NativeResult=1 OBSERVE_NATIVE=1
CORE RAW55_QUICK_CALLBACK_BOUNDARY Actor=BlackTroll C1=1 SameC1=1 Action=4->4 Phase=1->1 StateTime=0.570800->0.570800 StatePosition=1->1 MotionBefore=Troll_Stand_Fist_Fist_P0_QuickAttackR_Hit_N_Fwd_00_%_00_P0_100.xmot MotionAfter=Troll_Stand_Fist_Fist_P0_QuickAttackR_Hit_N_Fwd_00_%_00_P0_100.xmot Right=TrollFist RightUseType=55 RightGroup=7->7 NativeResult=1 OBSERVE_NATIVE=1
CORE RAW55_QUICK_CALLBACK_BOUNDARY Actor=BlackTroll C1=1 SameC1=1 Action=4->4 Phase=1->1 StateTime=0.579134->0.579134 StatePosition=1->1 MotionBefore=Troll_Stand_Fist_Fist_P0_QuickAttackR_Hit_N_Fwd_00_%_00_P0_100.xmot MotionAfter=Troll_Stand_Fist_Fist_P0_QuickAttackR_Hit_N_Fwd_00_%_00_P0_100.xmot Right=TrollFist RightUseType=55 RightGroup=7->7 NativeResult=1 OBSERVE_NATIVE=1
CORE RAW55_QUICK_CALLBACK_BOUNDARY Actor=BlackTroll C1=1 SameC1=1 Action=4->4 Phase=1->1 StateTime=0.589075->0.589075 StatePosition=1->1 MotionBefore=Troll_Stand_Fist_Fist_P0_QuickAttackR_Hit_N_Fwd_00_%_00_P0_100.xmot MotionAfter=Troll_Stand_Fist_Fist_P0_QuickAttackR_Hit_N_Fwd_00_%_00_P0_100.xmot Right=TrollFist RightUseType=55 RightGroup=7->7 NativeResult=1 OBSERVE_NATIVE=1
CORE RAW55_QUICK_CALLBACK_BOUNDARY Actor=BlackTroll C1=1 SameC1=1 Action=4->4 Phase=1->1 StateTime=0.597409->0.597409 StatePosition=1->1 MotionBefore=Troll_Stand_Fist_Fist_P0_QuickAttackR_Hit_N_Fwd_00_%_00_P0_100.xmot MotionAfter=Troll_Stand_Fist_Fist_P0_QuickAttackR_Hit_N_Fwd_00_%_00_P0_100.xmot Right=TrollFist RightUseType=55 RightGroup=7->7 NativeResult=1 OBSERVE_NATIVE=1
CORE RAW55_QUICK_CALLBACK_BOUNDARY Actor=BlackTroll C1=1 SameC1=1 Action=4->4 Phase=1->1 StateTime=0.606380->0.606380 StatePosition=1->1 MotionBefore=Troll_Stand_Fist_Fist_P0_QuickAttackR_Hit_N_Fwd_00_%_00_P0_100.xmot MotionAfter=Troll_Stand_Fist_Fist_P0_QuickAttackR_Hit_N_Fwd_00_%_00_P0_100.xmot Right=TrollFist RightUseType=55 RightGroup=7->7 NativeResult=1 OBSERVE_NATIVE=1
CORE RAW55_QUICK_CALLBACK_BOUNDARY Actor=BlackTroll C1=1 SameC1=1 Action=4->4 Phase=1->1 StateTime=0.614713->0.614713 StatePosition=1->1 MotionBefore=Troll_Stand_Fist_Fist_P0_QuickAttackR_Hit_N_Fwd_00_%_00_P0_100.xmot MotionAfter=Troll_Stand_Fist_Fist_P0_QuickAttackR_Hit_N_Fwd_00_%_00_P0_100.xmot Right=TrollFist RightUseType=55 RightGroup=7->7 NativeResult=1 OBSERVE_NATIVE=1
CORE RAW55_QUICK_CALLBACK_BOUNDARY Actor=BlackTroll C1=1 SameC1=1 Action=4->4 Phase=1->1 StateTime=0.623669->0.623669 StatePosition=1->1 MotionBefore=Troll_Stand_Fist_Fist_P0_QuickAttackR_Hit_N_Fwd_00_%_00_P0_100.xmot MotionAfter=Troll_Stand_Fist_Fist_P0_QuickAttackR_Hit_N_Fwd_00_%_00_P0_100.xmot Right=TrollFist RightUseType=55 RightGroup=7->7 NativeResult=1 OBSERVE_NATIVE=1
CORE RAW55_QUICK_CALLBACK_BOUNDARY Actor=BlackTroll C1=1 SameC1=1 Action=4->4 Phase=1->1 StateTime=0.632002->0.632002 StatePosition=1->1 MotionBefore=Troll_Stand_Fist_Fist_P0_QuickAttackR_Hit_N_Fwd_00_%_00_P0_100.xmot MotionAfter=Troll_Stand_Fist_Fist_P0_QuickAttackR_Hit_N_Fwd_00_%_00_P0_100.xmot Right=TrollFist RightUseType=55 RightGroup=7->7 NativeResult=1 OBSERVE_NATIVE=1
CORE RAW55_QUICK_CALLBACK_BOUNDARY Actor=BlackTroll C1=1 SameC1=1 Action=4->4 Phase=1->1 StateTime=0.640988->0.640988 StatePosition=1->1 MotionBefore=Troll_Stand_Fist_Fist_P0_QuickAttackR_Hit_N_Fwd_00_%_00_P0_100.xmot MotionAfter=Troll_Stand_Fist_Fist_P0_QuickAttackR_Hit_N_Fwd_00_%_00_P0_100.xmot Right=TrollFist RightUseType=55 RightGroup=7->7 NativeResult=1 OBSERVE_NATIVE=1
CORE RAW55_QUICK_CALLBACK_BOUNDARY Actor=BlackTroll C1=1 SameC1=1 Action=4->4 Phase=1->1 StateTime=0.649321->0.649321 StatePosition=1->1 MotionBefore=Troll_Stand_Fist_Fist_P0_QuickAttackR_Hit_N_Fwd_00_%_00_P0_100.xmot MotionAfter=Troll_Stand_Fist_Fist_P0_QuickAttackR_Hit_N_Fwd_00_%_00_P0_100.xmot Right=TrollFist RightUseType=55 RightGroup=7->7 NativeResult=1 OBSERVE_NATIVE=1
CORE RAW55_QUICK_CALLBACK_BOUNDARY Actor=BlackTroll C1=1 SameC1=1 Action=4->4 Phase=1->1 StateTime=0.657654->0.657654 StatePosition=1->1 MotionBefore=Troll_Stand_Fist_Fist_P0_QuickAttackR_Hit_N_Fwd_00_%_00_P0_100.xmot MotionAfter=Troll_Stand_Fist_Fist_P0_QuickAttackR_Hit_N_Fwd_00_%_00_P0_100.xmot Right=TrollFist RightUseType=55 RightGroup=7->7 NativeResult=1 OBSERVE_NATIVE=1
CORE RAW55_QUICK_CALLBACK_BOUNDARY Actor=BlackTroll C1=1 SameC1=1 Action=4->4 Phase=1->1 StateTime=0.665988->0.665988 StatePosition=1->1 MotionBefore=Troll_Stand_Fist_Fist_P0_QuickAttackR_Hit_N_Fwd_00_%_00_P0_100.xmot MotionAfter=Troll_Stand_Fist_Fist_P0_QuickAttackR_Hit_N_Fwd_00_%_00_P0_100.xmot Right=TrollFist RightUseType=55 RightGroup=7->7 NativeResult=1 OBSERVE_NATIVE=1
CORE RAW55_QUICK_CALLBACK_BOUNDARY Actor=BlackTroll C1=1 SameC1=1 Action=4->4 Phase=1->1 StateTime=0.675929->0.675929 StatePosition=1->1 MotionBefore=Troll_Stand_Fist_Fist_P0_QuickAttackR_Hit_N_Fwd_00_%_00_P0_100.xmot MotionAfter=Troll_Stand_Fist_Fist_P0_QuickAttackR_Hit_N_Fwd_00_%_00_P0_100.xmot Right=TrollFist RightUseType=55 RightGroup=7->7 NativeResult=1 OBSERVE_NATIVE=1
CORE RAW55_QUICK_CALLBACK_BOUNDARY Actor=BlackTroll C1=1 SameC1=1 Action=4->4 Phase=1->1 StateTime=0.684262->0.684262 StatePosition=1->1 MotionBefore=Troll_Stand_Fist_Fist_P0_QuickAttackR_Hit_N_Fwd_00_%_00_P0_100.xmot MotionAfter=Troll_Stand_Fist_Fist_P0_QuickAttackR_Hit_N_Fwd_00_%_00_P0_100.xmot Right=TrollFist RightUseType=55 RightGroup=7->7 NativeResult=1 OBSERVE_NATIVE=1
CORE RAW55_QUICK_CALLBACK_BOUNDARY Actor=BlackTroll C1=1 SameC1=1 Action=4->4 Phase=1->1 StateTime=0.692596->0.692596 StatePosition=1->1 MotionBefore=Troll_Stand_Fist_Fist_P0_QuickAttackR_Hit_N_Fwd_00_%_00_P0_100.xmot MotionAfter=Troll_Stand_Fist_Fist_P0_QuickAttackR_Hit_N_Fwd_00_%_00_P0_100.xmot Right=TrollFist RightUseType=55 RightGroup=7->7 NativeResult=1 OBSERVE_NATIVE=1
CORE RAW55_QUICK_CALLBACK_BOUNDARY Actor=BlackTroll C1=1 SameC1=1 Action=4->4 Phase=1->1 StateTime=0.700929->0.700929 StatePosition=1->1 MotionBefore=Troll_Stand_Fist_Fist_P0_QuickAttackR_Hit_N_Fwd_00_%_00_P0_100.xmot MotionAfter=Troll_Stand_Fist_Fist_P0_QuickAttackR_Hit_N_Fwd_00_%_00_P0_100.xmot Right=TrollFist RightUseType=55 RightGroup=7->7 NativeResult=1 OBSERVE_NATIVE=1
CORE RAW55_QUICK_CALLBACK_BOUNDARY Actor=BlackTroll C1=1 SameC1=1 Action=4->4 Phase=1->1 StateTime=0.709262->0.709262 StatePosition=1->1 MotionBefore=Troll_Stand_Fist_Fist_P0_QuickAttackR_Hit_N_Fwd_00_%_00_P0_100.xmot MotionAfter=Troll_Stand_Fist_Fist_P0_QuickAttackR_Hit_N_Fwd_00_%_00_P0_100.xmot Right=TrollFist RightUseType=55 RightGroup=7->7 NativeResult=1 OBSERVE_NATIVE=1
CORE RAW55_QUICK_CALLBACK_BOUNDARY Actor=BlackTroll C1=1 SameC1=1 Action=4->4 Phase=1->1 StateTime=0.717596->0.717596 StatePosition=1->1 MotionBefore=Troll_Stand_Fist_Fist_P0_QuickAttackR_Hit_N_Fwd_00_%_00_P0_100.xmot MotionAfter=Troll_Stand_Fist_Fist_P0_QuickAttackR_Hit_N_Fwd_00_%_00_P0_100.xmot Right=TrollFist RightUseType=55 RightGroup=7->7 NativeResult=1 OBSERVE_NATIVE=1
CORE RAW55_QUICK_CALLBACK_BOUNDARY Actor=BlackTroll C1=1 SameC1=1 Action=4->4 Phase=1->1 StateTime=0.725929->0.725929 StatePosition=1->1 MotionBefore=Troll_Stand_Fist_Fist_P0_QuickAttackR_Hit_N_Fwd_00_%_00_P0_100.xmot MotionAfter=Troll_Stand_Fist_Fist_P0_QuickAttackR_Hit_N_Fwd_00_%_00_P0_100.xmot Right=TrollFist RightUseType=55 RightGroup=7->7 NativeResult=1 OBSERVE_NATIVE=1
CORE RAW55_QUICK_CALLBACK_BOUNDARY Actor=BlackTroll C1=1 SameC1=1 Action=4->4 Phase=1->1 StateTime=0.734885->0.734885 StatePosition=1->1 MotionBefore=Troll_Stand_Fist_Fist_P0_QuickAttackR_Hit_N_Fwd_00_%_00_P0_100.xmot MotionAfter=Troll_Stand_Fist_Fist_P0_QuickAttackR_Hit_N_Fwd_00_%_00_P0_100.xmot Right=TrollFist RightUseType=55 RightGroup=7->7 NativeResult=1 OBSERVE_NATIVE=1
CORE RAW55_QUICK_CALLBACK_BOUNDARY Actor=BlackTroll C1=1 SameC1=1 Action=4->4 Phase=1->1 StateTime=0.743218->0.743218 StatePosition=1->1 MotionBefore=Troll_Stand_Fist_Fist_P0_QuickAttackR_Hit_N_Fwd_00_%_00_P0_100.xmot MotionAfter=Troll_Stand_Fist_Fist_P0_QuickAttackR_Hit_N_Fwd_00_%_00_P0_100.xmot Right=TrollFist RightUseType=55 RightGroup=7->7 NativeResult=1 OBSERVE_NATIVE=1
CORE RAW55_QUICK_CALLBACK_BOUNDARY Actor=BlackTroll C1=1 SameC1=1 Action=4->4 Phase=1->1 StateTime=0.753160->0.753160 StatePosition=1->1 MotionBefore=Troll_Stand_Fist_Fist_P0_QuickAttackR_Hit_N_Fwd_00_%_00_P0_100.xmot MotionAfter=Troll_Stand_Fist_Fist_P0_QuickAttackR_Hit_N_Fwd_00_%_00_P0_100.xmot Right=TrollFist RightUseType=55 RightGroup=7->7 NativeResult=1 OBSERVE_NATIVE=1
CORE RAW55_QUICK_CALLBACK_BOUNDARY Actor=BlackTroll C1=1 SameC1=1 Action=4->4 Phase=1->1 StateTime=0.761493->0.761493 StatePosition=1->1 MotionBefore=Troll_Stand_Fist_Fist_P0_QuickAttackR_Hit_N_Fwd_00_%_00_P0_100.xmot MotionAfter=Troll_Stand_Fist_Fist_P0_QuickAttackR_Hit_N_Fwd_00_%_00_P0_100.xmot Right=TrollFist RightUseType=55 RightGroup=7->7 NativeResult=1 OBSERVE_NATIVE=1
CORE RAW55_QUICK_CALLBACK_BOUNDARY Actor=BlackTroll C1=1 SameC1=1 Action=4->4 Phase=1->1 StateTime=0.770450->0.770450 StatePosition=1->1 MotionBefore=Troll_Stand_Fist_Fist_P0_QuickAttackR_Hit_N_Fwd_00_%_00_P0_100.xmot MotionAfter=Troll_Stand_Fist_Fist_P0_QuickAttackR_Hit_N_Fwd_00_%_00_P0_100.xmot Right=TrollFist RightUseType=55 RightGroup=7->7 NativeResult=1 OBSERVE_NATIVE=1
CORE RAW55_QUICK_CALLBACK_BOUNDARY Actor=BlackTroll C1=1 SameC1=1 Action=4->4 Phase=1->1 StateTime=0.778783->0.778783 StatePosition=1->1 MotionBefore=Troll_Stand_Fist_Fist_P0_QuickAttackR_Hit_N_Fwd_00_%_00_P0_100.xmot MotionAfter=Troll_Stand_Fist_Fist_P0_QuickAttackR_Hit_N_Fwd_00_%_00_P0_100.xmot Right=TrollFist RightUseType=55 RightGroup=7->7 NativeResult=1 OBSERVE_NATIVE=1
CORE RAW55_QUICK_CALLBACK_BOUNDARY Actor=BlackTroll C1=1 SameC1=1 Action=4->4 Phase=1->1 StateTime=0.787116->0.787116 StatePosition=1->1 MotionBefore=Troll_Stand_Fist_Fist_P0_QuickAttackR_Hit_N_Fwd_00_%_00_P0_100.xmot MotionAfter=Troll_Stand_Fist_Fist_P0_QuickAttackR_Hit_N_Fwd_00_%_00_P0_100.xmot Right=TrollFist RightUseType=55 RightGroup=7->7 NativeResult=1 OBSERVE_NATIVE=1
CORE COLLISION_GROUP ElapsedMs=28568.665 Source=TrollFist UseType=55 Owner=BlackTroll Slot=RIGHT Requested=5 Before=7 After=5 MarkerBitsRetired=0
CORE C1 CLEANUP FULFILLED ElapsedMs=28568.690 Actor=BlackTroll Generation=1 Status=PERSISTED Source=TrollFist Side=RIGHT Requests=1 Outstanding=0 CleanupObserved=1 Group=5
CORE C1_FINAL ElapsedMs=28658.965 Actor=BlackTroll Generation=1 Status=PERSISTED SourceCount=2 PhysicalChanged=0 Source[0]=TrollFist Side=RIGHT Outstanding=0 Cleanup=1 Outcome=NO_OP_NO_OUTSTANDING Source[1]=TrollFist Side=LEFT Outstanding=0 Cleanup=0 Outcome=NO_OP_NO_OUTSTANDING
CORE C1_START ElapsedMs=29889.193 Actor=BlackTroll Generation=2 Status=CANDIDATE Outstanding=0 TrackedSources=2 ReplacedGeneration=0 ReplacedOutstanding=0 Source[0]=TrollFist Side=RIGHT Group=5 Source[1]=TrollFist Side=LEFT Group=5
CORE C1_BIND ElapsedMs=29889.205 Event=COMBAT_MOVE_CANDIDATE_BOUND Actor=BlackTroll Generation=2 Status=CANDIDATE Outstanding=0 Source=<null> Script=_AI_Attack
CORE C1_STATUS ElapsedMs=29889.563 Event=PERSISTED Actor=BlackTroll Generation=2 Status=PERSISTED Outstanding=0
CORE ATTACK_OWNERSHIP ElapsedMs=29889.584 Actor=BlackTroll Family=NORMAL Action=1 Phase=1 Motion=Troll_Stand_Fist_Fist_P0_Attack_Hit_N_Fwd_00_%_00_P0_100.xmot MarkerPresent=1 RequiredMask=0 FistMarkers=1 Raw8Fist=<none> Raw8UseType=-1 SuppressNative=0 Classification=CONTRADICTION
===== CORE ATTACK OWNERSHIP ANOMALY =====
MatchingMotionFound: 1
MarkerScanValid: 1
RequiredSourcesAvailable: 1
RightSourceSlot: RIGHT
RightSourceName: TrollFist
RightSourceUseType: 55
RightSourceCollisionGroup: 5
LeftSourceSlot: LEFT
LeftSourceName: TrollFist
LeftSourceUseType: 55
LeftSourceCollisionGroup: 5
Raw8FistSourceName: <none>
Raw8FistSourceUseType: -1
Raw8FistSourceCollisionGroup: -1
=========================================

CORE RAW55_CALLBACK_SUPPRESSION_PROBE Actor=BlackTroll Family=NORMAL Action=1 Motion=Troll_Stand_Fist_Fist_P0_Attack_Hit_N_Fwd_00_%_00_P0_100.xmot C1=2 Right=TrollFist RightUseType=55 RightGroup=5 Left=TrollFist LeftUseType=55 LeftGroup=5 SUPPRESS_NATIVE=1
CORE RAW55_CALLBACK_SUPPRESSION_PROBE Actor=BlackTroll Family=NORMAL Action=1 Motion=Troll_Stand_Fist_Fist_P0_Attack_Hit_N_Fwd_00_%_00_P0_100.xmot C1=2 Right=TrollFist RightUseType=55 RightGroup=5 Left=TrollFist LeftUseType=55 LeftGroup=5 SUPPRESS_NATIVE=1
CORE RAW55_CALLBACK_SUPPRESSION_PROBE Actor=BlackTroll Family=NORMAL Action=1 Motion=Troll_Stand_Fist_Fist_P0_Attack_Hit_N_Fwd_00_%_00_P0_100.xmot C1=2 Right=TrollFist RightUseType=55 RightGroup=5 Left=TrollFist LeftUseType=55 LeftGroup=5 SUPPRESS_NATIVE=1
CORE RAW55_CALLBACK_SUPPRESSION_PROBE Actor=BlackTroll Family=NORMAL Action=1 Motion=Troll_Stand_Fist_Fist_P0_Attack_Hit_N_Fwd_00_%_00_P0_100.xmot C1=2 Right=TrollFist RightUseType=55 RightGroup=5 Left=TrollFist LeftUseType=55 LeftGroup=5 SUPPRESS_NATIVE=1
CORE RAW55_CALLBACK_SUPPRESSION_PROBE Actor=BlackTroll Family=NORMAL Action=1 Motion=Troll_Stand_Fist_Fist_P0_Attack_Hit_N_Fwd_00_%_00_P0_100.xmot C1=2 Right=TrollFist RightUseType=55 RightGroup=5 Left=TrollFist LeftUseType=55 LeftGroup=5 SUPPRESS_NATIVE=1
CORE RAW55_CALLBACK_SUPPRESSION_PROBE Actor=BlackTroll Family=NORMAL Action=1 Motion=Troll_Stand_Fist_Fist_P0_Attack_Hit_N_Fwd_00_%_00_P0_100.xmot C1=2 Right=TrollFist RightUseType=55 RightGroup=5 Left=TrollFist LeftUseType=55 LeftGroup=5 SUPPRESS_NATIVE=1
CORE RAW55_CALLBACK_SUPPRESSION_PROBE Actor=BlackTroll Family=NORMAL Action=1 Motion=Troll_Stand_Fist_Fist_P0_Attack_Hit_N_Fwd_00_%_00_P0_100.xmot C1=2 Right=TrollFist RightUseType=55 RightGroup=5 Left=TrollFist LeftUseType=55 LeftGroup=5 SUPPRESS_NATIVE=1
CORE RAW55_CALLBACK_SUPPRESSION_PROBE Actor=BlackTroll Family=NORMAL Action=1 Motion=Troll_Stand_Fist_Fist_P0_Attack_Hit_N_Fwd_00_%_00_P0_100.xmot C1=2 Right=TrollFist RightUseType=55 RightGroup=5 Left=TrollFist LeftUseType=55 LeftGroup=5 SUPPRESS_NATIVE=1
CORE RAW55_CALLBACK_SUPPRESSION_PROBE Actor=BlackTroll Family=NORMAL Action=1 Motion=Troll_Stand_Fist_Fist_P0_Attack_Hit_N_Fwd_00_%_00_P0_100.xmot C1=2 Right=TrollFist RightUseType=55 RightGroup=5 Left=TrollFist LeftUseType=55 LeftGroup=5 SUPPRESS_NATIVE=1
CORE RAW55_CALLBACK_SUPPRESSION_PROBE Actor=BlackTroll Family=NORMAL Action=1 Motion=Troll_Stand_Fist_Fist_P0_Attack_Hit_N_Fwd_00_%_00_P0_100.xmot C1=2 Right=TrollFist RightUseType=55 RightGroup=5 Left=TrollFist LeftUseType=55 LeftGroup=5 SUPPRESS_NATIVE=1
CORE RAW55_CALLBACK_SUPPRESSION_PROBE Actor=BlackTroll Family=NORMAL Action=1 Motion=Troll_Stand_Fist_Fist_P0_Attack_Hit_N_Fwd_00_%_00_P0_100.xmot C1=2 Right=TrollFist RightUseType=55 RightGroup=5 Left=TrollFist LeftUseType=55 LeftGroup=5 SUPPRESS_NATIVE=1
CORE RAW55_CALLBACK_SUPPRESSION_PROBE Actor=BlackTroll Family=NORMAL Action=1 Motion=Troll_Stand_Fist_Fist_P0_Attack_Hit_N_Fwd_00_%_00_P0_100.xmot C1=2 Right=TrollFist RightUseType=55 RightGroup=5 Left=TrollFist LeftUseType=55 LeftGroup=5 SUPPRESS_NATIVE=1
CORE RAW55_CALLBACK_SUPPRESSION_PROBE Actor=BlackTroll Family=NORMAL Action=1 Motion=Troll_Stand_Fist_Fist_P0_Attack_Hit_N_Fwd_00_%_00_P0_100.xmot C1=2 Right=TrollFist RightUseType=55 RightGroup=5 Left=TrollFist LeftUseType=55 LeftGroup=5 SUPPRESS_NATIVE=1
CORE RAW55_CALLBACK_SUPPRESSION_PROBE Actor=BlackTroll Family=NORMAL Action=1 Motion=Troll_Stand_Fist_Fist_P0_Attack_Hit_N_Fwd_00_%_00_P0_100.xmot C1=2 Right=TrollFist RightUseType=55 RightGroup=5 Left=TrollFist LeftUseType=55 LeftGroup=5 SUPPRESS_NATIVE=1
CORE RAW55_CALLBACK_SUPPRESSION_PROBE Actor=BlackTroll Family=NORMAL Action=1 Motion=Troll_Stand_Fist_Fist_P0_Attack_Hit_N_Fwd_00_%_00_P0_100.xmot C1=2 Right=TrollFist RightUseType=55 RightGroup=5 Left=TrollFist LeftUseType=55 LeftGroup=5 SUPPRESS_NATIVE=1
CORE RAW55_CALLBACK_SUPPRESSION_PROBE Actor=BlackTroll Family=NORMAL Action=1 Motion=Troll_Stand_Fist_Fist_P0_Attack_Hit_N_Fwd_00_%_00_P0_100.xmot C1=2 Right=TrollFist RightUseType=55 RightGroup=5 Left=TrollFist LeftUseType=55 LeftGroup=5 SUPPRESS_NATIVE=1
CORE RAW55_CALLBACK_SUPPRESSION_PROBE Actor=BlackTroll Family=NORMAL Action=1 Motion=Troll_Stand_Fist_Fist_P0_Attack_Hit_N_Fwd_00_%_00_P0_100.xmot C1=2 Right=TrollFist RightUseType=55 RightGroup=5 Left=TrollFist LeftUseType=55 LeftGroup=5 SUPPRESS_NATIVE=1
CORE RAW55_CALLBACK_SUPPRESSION_PROBE Actor=BlackTroll Family=NORMAL Action=1 Motion=Troll_Stand_Fist_Fist_P0_Attack_Hit_N_Fwd_00_%_00_P0_100.xmot C1=2 Right=TrollFist RightUseType=55 RightGroup=5 Left=TrollFist LeftUseType=55 LeftGroup=5 SUPPRESS_NATIVE=1
CORE RAW55_CALLBACK_SUPPRESSION_PROBE Actor=BlackTroll Family=NORMAL Action=1 Motion=Troll_Stand_Fist_Fist_P0_Attack_Hit_N_Fwd_00_%_00_P0_100.xmot C1=2 Right=TrollFist RightUseType=55 RightGroup=5 Left=TrollFist LeftUseType=55 LeftGroup=5 SUPPRESS_NATIVE=1
CORE RAW55_CALLBACK_SUPPRESSION_PROBE Actor=BlackTroll Family=NORMAL Action=1 Motion=Troll_Stand_Fist_Fist_P0_Attack_Hit_N_Fwd_00_%_00_P0_100.xmot C1=2 Right=TrollFist RightUseType=55 RightGroup=5 Left=TrollFist LeftUseType=55 LeftGroup=5 SUPPRESS_NATIVE=1
CORE RAW55_CALLBACK_SUPPRESSION_PROBE Actor=BlackTroll Family=NORMAL Action=1 Motion=Troll_Stand_Fist_Fist_P0_Attack_Hit_N_Fwd_00_%_00_P0_100.xmot C1=2 Right=TrollFist RightUseType=55 RightGroup=5 Left=TrollFist LeftUseType=55 LeftGroup=5 SUPPRESS_NATIVE=1
CORE RAW55_CALLBACK_SUPPRESSION_PROBE Actor=BlackTroll Family=NORMAL Action=1 Motion=Troll_Stand_Fist_Fist_P0_Attack_Hit_N_Fwd_00_%_00_P0_100.xmot C1=2 Right=TrollFist RightUseType=55 RightGroup=5 Left=TrollFist LeftUseType=55 LeftGroup=5 SUPPRESS_NATIVE=1
CORE RAW55_CALLBACK_SUPPRESSION_PROBE Actor=BlackTroll Family=NORMAL Action=1 Motion=Troll_Stand_Fist_Fist_P0_Attack_Hit_N_Fwd_00_%_00_P0_100.xmot C1=2 Right=TrollFist RightUseType=55 RightGroup=5 Left=TrollFist LeftUseType=55 LeftGroup=5 SUPPRESS_NATIVE=1
CORE RAW55_CALLBACK_SUPPRESSION_PROBE Actor=BlackTroll Family=NORMAL Action=1 Motion=Troll_Stand_Fist_Fist_P0_Attack_Hit_N_Fwd_00_%_00_P0_100.xmot C1=2 Right=TrollFist RightUseType=55 RightGroup=5 Left=TrollFist LeftUseType=55 LeftGroup=5 SUPPRESS_NATIVE=1
CORE RAW55_CALLBACK_SUPPRESSION_PROBE Actor=BlackTroll Family=NORMAL Action=1 Motion=Troll_Stand_Fist_Fist_P0_Attack_Hit_N_Fwd_00_%_00_P0_100.xmot C1=2 Right=TrollFist RightUseType=55 RightGroup=5 Left=TrollFist LeftUseType=55 LeftGroup=5 SUPPRESS_NATIVE=1
CORE RAW55_CALLBACK_SUPPRESSION_PROBE Actor=BlackTroll Family=NORMAL Action=1 Motion=Troll_Stand_Fist_Fist_P0_Attack_Hit_N_Fwd_00_%_00_P0_100.xmot C1=2 Right=TrollFist RightUseType=55 RightGroup=5 Left=TrollFist LeftUseType=55 LeftGroup=5 SUPPRESS_NATIVE=1
CORE RAW55_CALLBACK_SUPPRESSION_PROBE Actor=BlackTroll Family=NORMAL Action=1 Motion=Troll_Stand_Fist_Fist_P0_Attack_Hit_N_Fwd_00_%_00_P0_100.xmot C1=2 Right=TrollFist RightUseType=55 RightGroup=5 Left=TrollFist LeftUseType=55 LeftGroup=5 SUPPRESS_NATIVE=1
CORE RAW55_CALLBACK_SUPPRESSION_PROBE Actor=BlackTroll Family=NORMAL Action=1 Motion=Troll_Stand_Fist_Fist_P0_Attack_Hit_N_Fwd_00_%_00_P0_100.xmot C1=2 Right=TrollFist RightUseType=55 RightGroup=5 Left=TrollFist LeftUseType=55 LeftGroup=5 SUPPRESS_NATIVE=1
CORE RAW55_CALLBACK_SUPPRESSION_PROBE Actor=BlackTroll Family=NORMAL Action=1 Motion=Troll_Stand_Fist_Fist_P0_Attack_Hit_N_Fwd_00_%_00_P0_100.xmot C1=2 Right=TrollFist RightUseType=55 RightGroup=5 Left=TrollFist LeftUseType=55 LeftGroup=5 SUPPRESS_NATIVE=1
CORE RAW55_CALLBACK_SUPPRESSION_PROBE Actor=BlackTroll Family=NORMAL Action=1 Motion=Troll_Stand_Fist_Fist_P0_Attack_Hit_N_Fwd_00_%_00_P0_100.xmot C1=2 Right=TrollFist RightUseType=55 RightGroup=5 Left=TrollFist LeftUseType=55 LeftGroup=5 SUPPRESS_NATIVE=1
CORE RAW55_CALLBACK_SUPPRESSION_PROBE Actor=BlackTroll Family=NORMAL Action=1 Motion=Troll_Stand_Fist_Fist_P0_Attack_Hit_N_Fwd_00_%_00_P0_100.xmot C1=2 Right=TrollFist RightUseType=55 RightGroup=5 Left=TrollFist LeftUseType=55 LeftGroup=5 SUPPRESS_NATIVE=1
CORE RAW55_CALLBACK_SUPPRESSION_PROBE Actor=BlackTroll Family=NORMAL Action=1 Motion=Troll_Stand_Fist_Fist_P0_Attack_Hit_N_Fwd_00_%_00_P0_100.xmot C1=2 Right=TrollFist RightUseType=55 RightGroup=5 Left=TrollFist LeftUseType=55 LeftGroup=5 SUPPRESS_NATIVE=1
CORE RAW55_CALLBACK_SUPPRESSION_PROBE Actor=BlackTroll Family=NORMAL Action=1 Motion=Troll_Stand_Fist_Fist_P0_Attack_Hit_N_Fwd_00_%_00_P0_100.xmot C1=2 Right=TrollFist RightUseType=55 RightGroup=5 Left=TrollFist LeftUseType=55 LeftGroup=5 SUPPRESS_NATIVE=1
CORE RAW55_CALLBACK_SUPPRESSION_PROBE Actor=BlackTroll Family=NORMAL Action=1 Motion=Troll_Stand_Fist_Fist_P0_Attack_Hit_N_Fwd_00_%_00_P0_100.xmot C1=2 Right=TrollFist RightUseType=55 RightGroup=5 Left=TrollFist LeftUseType=55 LeftGroup=5 SUPPRESS_NATIVE=1
CORE RAW55_CALLBACK_SUPPRESSION_PROBE Actor=BlackTroll Family=NORMAL Action=1 Motion=Troll_Stand_Fist_Fist_P0_Attack_Hit_N_Fwd_00_%_00_P0_100.xmot C1=2 Right=TrollFist RightUseType=55 RightGroup=5 Left=TrollFist LeftUseType=55 LeftGroup=5 SUPPRESS_NATIVE=1
CORE RAW55_CALLBACK_SUPPRESSION_PROBE Actor=BlackTroll Family=NORMAL Action=1 Motion=Troll_Stand_Fist_Fist_P0_Attack_Hit_N_Fwd_00_%_00_P0_100.xmot C1=2 Right=TrollFist RightUseType=55 RightGroup=5 Left=TrollFist LeftUseType=55 LeftGroup=5 SUPPRESS_NATIVE=1
CORE RAW55_CALLBACK_SUPPRESSION_PROBE Actor=BlackTroll Family=NORMAL Action=1 Motion=Troll_Stand_Fist_Fist_P0_Attack_Hit_N_Fwd_00_%_00_P0_100.xmot C1=2 Right=TrollFist RightUseType=55 RightGroup=5 Left=TrollFist LeftUseType=55 LeftGroup=5 SUPPRESS_NATIVE=1
CORE RAW55_CALLBACK_SUPPRESSION_PROBE Actor=BlackTroll Family=NORMAL Action=1 Motion=Troll_Stand_Fist_Fist_P0_Attack_Hit_N_Fwd_00_%_00_P0_100.xmot C1=2 Right=TrollFist RightUseType=55 RightGroup=5 Left=TrollFist LeftUseType=55 LeftGroup=5 SUPPRESS_NATIVE=1
CORE RAW55_CALLBACK_SUPPRESSION_PROBE Actor=BlackTroll Family=NORMAL Action=1 Motion=Troll_Stand_Fist_Fist_P0_Attack_Hit_N_Fwd_00_%_00_P0_100.xmot C1=2 Right=TrollFist RightUseType=55 RightGroup=5 Left=TrollFist LeftUseType=55 LeftGroup=5 SUPPRESS_NATIVE=1
CORE RAW55_CALLBACK_SUPPRESSION_PROBE Actor=BlackTroll Family=NORMAL Action=1 Motion=Troll_Stand_Fist_Fist_P0_Attack_Hit_N_Fwd_00_%_00_P0_100.xmot C1=2 Right=TrollFist RightUseType=55 RightGroup=5 Left=TrollFist LeftUseType=55 LeftGroup=5 SUPPRESS_NATIVE=1
CORE RAW55_CALLBACK_SUPPRESSION_PROBE Actor=BlackTroll Family=NORMAL Action=1 Motion=Troll_Stand_Fist_Fist_P0_Attack_Hit_N_Fwd_00_%_00_P0_100.xmot C1=2 Right=TrollFist RightUseType=55 RightGroup=5 Left=TrollFist LeftUseType=55 LeftGroup=5 SUPPRESS_NATIVE=1
CORE RAW55_CALLBACK_SUPPRESSION_PROBE Actor=BlackTroll Family=NORMAL Action=1 Motion=Troll_Stand_Fist_Fist_P0_Attack_Hit_N_Fwd_00_%_00_P0_100.xmot C1=2 Right=TrollFist RightUseType=55 RightGroup=5 Left=TrollFist LeftUseType=55 LeftGroup=5 SUPPRESS_NATIVE=1
CORE RAW55_CALLBACK_SUPPRESSION_PROBE Actor=BlackTroll Family=NORMAL Action=1 Motion=Troll_Stand_Fist_Fist_P0_Attack_Hit_N_Fwd_00_%_00_P0_100.xmot C1=2 Right=TrollFist RightUseType=55 RightGroup=5 Left=TrollFist LeftUseType=55 LeftGroup=5 SUPPRESS_NATIVE=1
CORE RAW55_CALLBACK_SUPPRESSION_PROBE Actor=BlackTroll Family=NORMAL Action=1 Motion=Troll_Stand_Fist_Fist_P0_Attack_Hit_N_Fwd_00_%_00_P0_100.xmot C1=2 Right=TrollFist RightUseType=55 RightGroup=5 Left=TrollFist LeftUseType=55 LeftGroup=5 SUPPRESS_NATIVE=1
CORE RAW55_CALLBACK_SUPPRESSION_PROBE Actor=BlackTroll Family=NORMAL Action=1 Motion=Troll_Stand_Fist_Fist_P0_Attack_Hit_N_Fwd_00_%_00_P0_100.xmot C1=2 Right=TrollFist RightUseType=55 RightGroup=5 Left=TrollFist LeftUseType=55 LeftGroup=5 SUPPRESS_NATIVE=1
CORE RAW55_CALLBACK_SUPPRESSION_PROBE Actor=BlackTroll Family=NORMAL Action=1 Motion=Troll_Stand_Fist_Fist_P0_Attack_Hit_N_Fwd_00_%_00_P0_100.xmot C1=2 Right=TrollFist RightUseType=55 RightGroup=5 Left=TrollFist LeftUseType=55 LeftGroup=5 SUPPRESS_NATIVE=1
CORE RAW55_CALLBACK_SUPPRESSION_PROBE Actor=BlackTroll Family=NORMAL Action=1 Motion=Troll_Stand_Fist_Fist_P0_Attack_Hit_N_Fwd_00_%_00_P0_100.xmot C1=2 Right=TrollFist RightUseType=55 RightGroup=5 Left=TrollFist LeftUseType=55 LeftGroup=5 SUPPRESS_NATIVE=1
CORE RAW55_CALLBACK_SUPPRESSION_PROBE Actor=BlackTroll Family=NORMAL Action=1 Motion=Troll_Stand_Fist_Fist_P0_Attack_Hit_N_Fwd_00_%_00_P0_100.xmot C1=2 Right=TrollFist RightUseType=55 RightGroup=5 Left=TrollFist LeftUseType=55 LeftGroup=5 SUPPRESS_NATIVE=1
CORE RAW55_CALLBACK_SUPPRESSION_PROBE Actor=BlackTroll Family=NORMAL Action=1 Motion=Troll_Stand_Fist_Fist_P0_Attack_Hit_N_Fwd_00_%_00_P0_100.xmot C1=2 Right=TrollFist RightUseType=55 RightGroup=5 Left=TrollFist LeftUseType=55 LeftGroup=5 SUPPRESS_NATIVE=1
CORE RAW55_CALLBACK_SUPPRESSION_PROBE Actor=BlackTroll Family=NORMAL Action=1 Motion=Troll_Stand_Fist_Fist_P0_Attack_Hit_N_Fwd_00_%_00_P0_100.xmot C1=2 Right=TrollFist RightUseType=55 RightGroup=5 Left=TrollFist LeftUseType=55 LeftGroup=5 SUPPRESS_NATIVE=1
CORE RAW55_CALLBACK_SUPPRESSION_PROBE Actor=BlackTroll Family=NORMAL Action=1 Motion=Troll_Stand_Fist_Fist_P0_Attack_Hit_N_Fwd_00_%_00_P0_100.xmot C1=2 Right=TrollFist RightUseType=55 RightGroup=5 Left=TrollFist LeftUseType=55 LeftGroup=5 SUPPRESS_NATIVE=1
CORE RAW55_CALLBACK_SUPPRESSION_PROBE Actor=BlackTroll Family=NORMAL Action=1 Motion=Troll_Stand_Fist_Fist_P0_Attack_Hit_N_Fwd_00_%_00_P0_100.xmot C1=2 Right=TrollFist RightUseType=55 RightGroup=5 Left=TrollFist LeftUseType=55 LeftGroup=5 SUPPRESS_NATIVE=1
CORE RAW55_CALLBACK_SUPPRESSION_PROBE Actor=BlackTroll Family=NORMAL Action=1 Motion=Troll_Stand_Fist_Fist_P0_Attack_Hit_N_Fwd_00_%_00_P0_100.xmot C1=2 Right=TrollFist RightUseType=55 RightGroup=5 Left=TrollFist LeftUseType=55 LeftGroup=5 SUPPRESS_NATIVE=1
CORE RAW55_CALLBACK_SUPPRESSION_PROBE Actor=BlackTroll Family=NORMAL Action=1 Motion=Troll_Stand_Fist_Fist_P0_Attack_Hit_N_Fwd_00_%_00_P0_100.xmot C1=2 Right=TrollFist RightUseType=55 RightGroup=5 Left=TrollFist LeftUseType=55 LeftGroup=5 SUPPRESS_NATIVE=1
CORE RAW55_CALLBACK_SUPPRESSION_PROBE Actor=BlackTroll Family=NORMAL Action=1 Motion=Troll_Stand_Fist_Fist_P0_Attack_Hit_N_Fwd_00_%_00_P0_100.xmot C1=2 Right=TrollFist RightUseType=55 RightGroup=5 Left=TrollFist LeftUseType=55 LeftGroup=5 SUPPRESS_NATIVE=1
CORE RAW55_CALLBACK_SUPPRESSION_PROBE Actor=BlackTroll Family=NORMAL Action=1 Motion=Troll_Stand_Fist_Fist_P0_Attack_Hit_N_Fwd_00_%_00_P0_100.xmot C1=2 Right=TrollFist RightUseType=55 RightGroup=5 Left=TrollFist LeftUseType=55 LeftGroup=5 SUPPRESS_NATIVE=1
CORE RAW55_CALLBACK_SUPPRESSION_PROBE Actor=BlackTroll Family=NORMAL Action=1 Motion=Troll_Stand_Fist_Fist_P0_Attack_Hit_N_Fwd_00_%_00_P0_100.xmot C1=2 Right=TrollFist RightUseType=55 RightGroup=5 Left=TrollFist LeftUseType=55 LeftGroup=5 SUPPRESS_NATIVE=1
CORE RAW55_CALLBACK_SUPPRESSION_PROBE Actor=BlackTroll Family=NORMAL Action=1 Motion=Troll_Stand_Fist_Fist_P0_Attack_Hit_N_Fwd_00_%_00_P0_100.xmot C1=2 Right=TrollFist RightUseType=55 RightGroup=5 Left=TrollFist LeftUseType=55 LeftGroup=5 SUPPRESS_NATIVE=1
CORE RAW55_CALLBACK_SUPPRESSION_PROBE Actor=BlackTroll Family=NORMAL Action=1 Motion=Troll_Stand_Fist_Fist_P0_Attack_Hit_N_Fwd_00_%_00_P0_100.xmot C1=2 Right=TrollFist RightUseType=55 RightGroup=5 Left=TrollFist LeftUseType=55 LeftGroup=5 SUPPRESS_NATIVE=1
CORE RAW55_CALLBACK_SUPPRESSION_PROBE Actor=BlackTroll Family=NORMAL Action=1 Motion=Troll_Stand_Fist_Fist_P0_Attack_Hit_N_Fwd_00_%_00_P0_100.xmot C1=2 Right=TrollFist RightUseType=55 RightGroup=5 Left=TrollFist LeftUseType=55 LeftGroup=5 SUPPRESS_NATIVE=1
CORE RAW55_CALLBACK_SUPPRESSION_PROBE Actor=BlackTroll Family=NORMAL Action=1 Motion=Troll_Stand_Fist_Fist_P0_Attack_Hit_N_Fwd_00_%_00_P0_100.xmot C1=2 Right=TrollFist RightUseType=55 RightGroup=5 Left=TrollFist LeftUseType=55 LeftGroup=5 SUPPRESS_NATIVE=1
CORE RAW55_CALLBACK_SUPPRESSION_PROBE Actor=BlackTroll Family=NORMAL Action=1 Motion=Troll_Stand_Fist_Fist_P0_Attack_Hit_N_Fwd_00_%_00_P0_100.xmot C1=2 Right=TrollFist RightUseType=55 RightGroup=5 Left=TrollFist LeftUseType=55 LeftGroup=5 SUPPRESS_NATIVE=1
CORE RAW55_CALLBACK_SUPPRESSION_PROBE Actor=BlackTroll Family=NORMAL Action=1 Motion=Troll_Stand_Fist_Fist_P0_Attack_Hit_N_Fwd_00_%_00_P0_100.xmot C1=2 Right=TrollFist RightUseType=55 RightGroup=5 Left=TrollFist LeftUseType=55 LeftGroup=5 SUPPRESS_NATIVE=1
CORE RAW55_CALLBACK_SUPPRESSION_PROBE Actor=BlackTroll Family=NORMAL Action=1 Motion=Troll_Stand_Fist_Fist_P0_Attack_Hit_N_Fwd_00_%_00_P0_100.xmot C1=2 Right=TrollFist RightUseType=55 RightGroup=5 Left=TrollFist LeftUseType=55 LeftGroup=5 SUPPRESS_NATIVE=1
CORE RAW55_CALLBACK_SUPPRESSION_PROBE Actor=BlackTroll Family=NORMAL Action=1 Motion=Troll_Stand_Fist_Fist_P0_Attack_Hit_N_Fwd_00_%_00_P0_100.xmot C1=2 Right=TrollFist RightUseType=55 RightGroup=5 Left=TrollFist LeftUseType=55 LeftGroup=5 SUPPRESS_NATIVE=1
CORE RAW55_CALLBACK_SUPPRESSION_PROBE Actor=BlackTroll Family=NORMAL Action=1 Motion=Troll_Stand_Fist_Fist_P0_Attack_Hit_N_Fwd_00_%_00_P0_100.xmot C1=2 Right=TrollFist RightUseType=55 RightGroup=5 Left=TrollFist LeftUseType=55 LeftGroup=5 SUPPRESS_NATIVE=1
CORE RAW55_CALLBACK_SUPPRESSION_PROBE Actor=BlackTroll Family=NORMAL Action=1 Motion=Troll_Stand_Fist_Fist_P0_Attack_Hit_N_Fwd_00_%_00_P0_100.xmot C1=2 Right=TrollFist RightUseType=55 RightGroup=5 Left=TrollFist LeftUseType=55 LeftGroup=5 SUPPRESS_NATIVE=1
CORE RAW55_CALLBACK_SUPPRESSION_PROBE Actor=BlackTroll Family=NORMAL Action=1 Motion=Troll_Stand_Fist_Fist_P0_Attack_Hit_N_Fwd_00_%_00_P0_100.xmot C1=2 Right=TrollFist RightUseType=55 RightGroup=5 Left=TrollFist LeftUseType=55 LeftGroup=5 SUPPRESS_NATIVE=1
CORE RAW55_CALLBACK_SUPPRESSION_PROBE Actor=BlackTroll Family=NORMAL Action=1 Motion=Troll_Stand_Fist_Fist_P0_Attack_Hit_N_Fwd_00_%_00_P0_100.xmot C1=2 Right=TrollFist RightUseType=55 RightGroup=5 Left=TrollFist LeftUseType=55 LeftGroup=5 SUPPRESS_NATIVE=1
CORE RAW55_CALLBACK_SUPPRESSION_PROBE Actor=BlackTroll Family=NORMAL Action=1 Motion=Troll_Stand_Fist_Fist_P0_Attack_Hit_N_Fwd_00_%_00_P0_100.xmot C1=2 Right=TrollFist RightUseType=55 RightGroup=5 Left=TrollFist LeftUseType=55 LeftGroup=5 SUPPRESS_NATIVE=1
CORE RAW55_CALLBACK_SUPPRESSION_PROBE Actor=BlackTroll Family=NORMAL Action=1 Motion=Troll_Stand_Fist_Fist_P0_Attack_Hit_N_Fwd_00_%_00_P0_100.xmot C1=2 Right=TrollFist RightUseType=55 RightGroup=5 Left=TrollFist LeftUseType=55 LeftGroup=5 SUPPRESS_NATIVE=1
CORE RAW55_CALLBACK_SUPPRESSION_PROBE Actor=BlackTroll Family=NORMAL Action=1 Motion=Troll_Stand_Fist_Fist_P0_Attack_Hit_N_Fwd_00_%_00_P0_100.xmot C1=2 Right=TrollFist RightUseType=55 RightGroup=5 Left=TrollFist LeftUseType=55 LeftGroup=5 SUPPRESS_NATIVE=1
CORE RAW55_CALLBACK_SUPPRESSION_PROBE Actor=BlackTroll Family=NORMAL Action=1 Motion=Troll_Stand_Fist_Fist_P0_Attack_Hit_N_Fwd_00_%_00_P0_100.xmot C1=2 Right=TrollFist RightUseType=55 RightGroup=5 Left=TrollFist LeftUseType=55 LeftGroup=5 SUPPRESS_NATIVE=1
CORE RAW55_CALLBACK_SUPPRESSION_PROBE Actor=BlackTroll Family=NORMAL Action=1 Motion=Troll_Stand_Fist_Fist_P0_Attack_Hit_N_Fwd_00_%_00_P0_100.xmot C1=2 Right=TrollFist RightUseType=55 RightGroup=5 Left=TrollFist LeftUseType=55 LeftGroup=5 SUPPRESS_NATIVE=1
CORE RAW55_CALLBACK_SUPPRESSION_PROBE Actor=BlackTroll Family=NORMAL Action=1 Motion=Troll_Stand_Fist_Fist_P0_Attack_Hit_N_Fwd_00_%_00_P0_100.xmot C1=2 Right=TrollFist RightUseType=55 RightGroup=5 Left=TrollFist LeftUseType=55 LeftGroup=5 SUPPRESS_NATIVE=1
CORE RAW55_CALLBACK_SUPPRESSION_PROBE Actor=BlackTroll Family=NORMAL Action=1 Motion=Troll_Stand_Fist_Fist_P0_Attack_Hit_N_Fwd_00_%_00_P0_100.xmot C1=2 Right=TrollFist RightUseType=55 RightGroup=5 Left=TrollFist LeftUseType=55 LeftGroup=5 SUPPRESS_NATIVE=1
CORE RAW55_CALLBACK_SUPPRESSION_PROBE Actor=BlackTroll Family=NORMAL Action=1 Motion=Troll_Stand_Fist_Fist_P0_Attack_Hit_N_Fwd_00_%_00_P0_100.xmot C1=2 Right=TrollFist RightUseType=55 RightGroup=5 Left=TrollFist LeftUseType=55 LeftGroup=5 SUPPRESS_NATIVE=1
CORE RAW55_CALLBACK_SUPPRESSION_PROBE Actor=BlackTroll Family=NORMAL Action=1 Motion=Troll_Stand_Fist_Fist_P0_Attack_Hit_N_Fwd_00_%_00_P0_100.xmot C1=2 Right=TrollFist RightUseType=55 RightGroup=5 Left=TrollFist LeftUseType=55 LeftGroup=5 SUPPRESS_NATIVE=1
CORE RAW55_CALLBACK_SUPPRESSION_PROBE Actor=BlackTroll Family=NORMAL Action=1 Motion=Troll_Stand_Fist_Fist_P0_Attack_Hit_N_Fwd_00_%_00_P0_100.xmot C1=2 Right=TrollFist RightUseType=55 RightGroup=5 Left=TrollFist LeftUseType=55 LeftGroup=5 SUPPRESS_NATIVE=1
CORE RAW55_CALLBACK_SUPPRESSION_PROBE Actor=BlackTroll Family=NORMAL Action=1 Motion=Troll_Stand_Fist_Fist_P0_Attack_Hit_N_Fwd_00_%_00_P0_100.xmot C1=2 Right=TrollFist RightUseType=55 RightGroup=5 Left=TrollFist LeftUseType=55 LeftGroup=5 SUPPRESS_NATIVE=1
CORE RAW55_CALLBACK_SUPPRESSION_PROBE Actor=BlackTroll Family=NORMAL Action=1 Motion=Troll_Stand_Fist_Fist_P0_Attack_Hit_N_Fwd_00_%_00_P0_100.xmot C1=2 Right=TrollFist RightUseType=55 RightGroup=5 Left=TrollFist LeftUseType=55 LeftGroup=5 SUPPRESS_NATIVE=1
CORE RAW55_CALLBACK_SUPPRESSION_PROBE Actor=BlackTroll Family=NORMAL Action=1 Motion=Troll_Stand_Fist_Fist_P0_Attack_Hit_N_Fwd_00_%_00_P0_100.xmot C1=2 Right=TrollFist RightUseType=55 RightGroup=5 Left=TrollFist LeftUseType=55 LeftGroup=5 SUPPRESS_NATIVE=1
CORE RAW55_CALLBACK_SUPPRESSION_PROBE Actor=BlackTroll Family=NORMAL Action=1 Motion=Troll_Stand_Fist_Fist_P0_Attack_Hit_N_Fwd_00_%_00_P0_100.xmot C1=2 Right=TrollFist RightUseType=55 RightGroup=5 Left=TrollFist LeftUseType=55 LeftGroup=5 SUPPRESS_NATIVE=1
CORE RAW55_CALLBACK_SUPPRESSION_PROBE Actor=BlackTroll Family=NORMAL Action=1 Motion=Troll_Stand_Fist_Fist_P0_Attack_Hit_N_Fwd_00_%_00_P0_100.xmot C1=2 Right=TrollFist RightUseType=55 RightGroup=5 Left=TrollFist LeftUseType=55 LeftGroup=5 SUPPRESS_NATIVE=1
CORE RAW55_CALLBACK_SUPPRESSION_PROBE Actor=BlackTroll Family=NORMAL Action=1 Motion=Troll_Stand_Fist_Fist_P0_Attack_Hit_N_Fwd_00_%_00_P0_100.xmot C1=2 Right=TrollFist RightUseType=55 RightGroup=5 Left=TrollFist LeftUseType=55 LeftGroup=5 SUPPRESS_NATIVE=1
CORE RAW55_CALLBACK_SUPPRESSION_PROBE Actor=BlackTroll Family=NORMAL Action=1 Motion=Troll_Stand_Fist_Fist_P0_Attack_Hit_N_Fwd_00_%_00_P0_100.xmot C1=2 Right=TrollFist RightUseType=55 RightGroup=5 Left=TrollFist LeftUseType=55 LeftGroup=5 SUPPRESS_NATIVE=1
CORE RAW55_CALLBACK_SUPPRESSION_PROBE Actor=BlackTroll Family=NORMAL Action=1 Motion=Troll_Stand_Fist_Fist_P0_Attack_Hit_N_Fwd_00_%_00_P0_100.xmot C1=2 Right=TrollFist RightUseType=55 RightGroup=5 Left=TrollFist LeftUseType=55 LeftGroup=5 SUPPRESS_NATIVE=1
CORE RAW55_CALLBACK_SUPPRESSION_PROBE Actor=BlackTroll Family=NORMAL Action=1 Motion=Troll_Stand_Fist_Fist_P0_Attack_Hit_N_Fwd_00_%_00_P0_100.xmot C1=2 Right=TrollFist RightUseType=55 RightGroup=5 Left=TrollFist LeftUseType=55 LeftGroup=5 SUPPRESS_NATIVE=1
CORE RAW55_CALLBACK_SUPPRESSION_PROBE Actor=BlackTroll Family=NORMAL Action=1 Motion=Troll_Stand_Fist_Fist_P0_Attack_Hit_N_Fwd_00_%_00_P0_100.xmot C1=2 Right=TrollFist RightUseType=55 RightGroup=5 Left=TrollFist LeftUseType=55 LeftGroup=5 SUPPRESS_NATIVE=1
CORE RAW55_CALLBACK_SUPPRESSION_PROBE Actor=BlackTroll Family=NORMAL Action=1 Motion=Troll_Stand_Fist_Fist_P0_Attack_Hit_N_Fwd_00_%_00_P0_100.xmot C1=2 Right=TrollFist RightUseType=55 RightGroup=5 Left=TrollFist LeftUseType=55 LeftGroup=5 SUPPRESS_NATIVE=1
CORE RAW55_CALLBACK_SUPPRESSION_PROBE Actor=BlackTroll Family=NORMAL Action=1 Motion=Troll_Stand_Fist_Fist_P0_Attack_Hit_N_Fwd_00_%_00_P0_100.xmot C1=2 Right=TrollFist RightUseType=55 RightGroup=5 Left=TrollFist LeftUseType=55 LeftGroup=5 SUPPRESS_NATIVE=1
CORE RAW55_CALLBACK_SUPPRESSION_PROBE Actor=BlackTroll Family=NORMAL Action=1 Motion=Troll_Stand_Fist_Fist_P0_Attack_Hit_N_Fwd_00_%_00_P0_100.xmot C1=2 Right=TrollFist RightUseType=55 RightGroup=5 Left=TrollFist LeftUseType=55 LeftGroup=5 SUPPRESS_NATIVE=1
CORE RAW55_CALLBACK_SUPPRESSION_PROBE Actor=BlackTroll Family=NORMAL Action=1 Motion=Troll_Stand_Fist_Fist_P0_Attack_Hit_N_Fwd_00_%_00_P0_100.xmot C1=2 Right=TrollFist RightUseType=55 RightGroup=5 Left=TrollFist LeftUseType=55 LeftGroup=5 SUPPRESS_NATIVE=1
CORE RAW55_CALLBACK_SUPPRESSION_PROBE Actor=BlackTroll Family=NORMAL Action=1 Motion=Troll_Stand_Fist_Fist_P0_Attack_Hit_N_Fwd_00_%_00_P0_100.xmot C1=2 Right=TrollFist RightUseType=55 RightGroup=5 Left=TrollFist LeftUseType=55 LeftGroup=5 SUPPRESS_NATIVE=1
CORE RAW55_CALLBACK_SUPPRESSION_PROBE Actor=BlackTroll Family=NORMAL Action=1 Motion=Troll_Stand_Fist_Fist_P0_Attack_Hit_N_Fwd_00_%_00_P0_100.xmot C1=2 Right=TrollFist RightUseType=55 RightGroup=5 Left=TrollFist LeftUseType=55 LeftGroup=5 SUPPRESS_NATIVE=1
CORE RAW55_CALLBACK_SUPPRESSION_PROBE Actor=BlackTroll Family=NORMAL Action=1 Motion=Troll_Stand_Fist_Fist_P0_Attack_Hit_N_Fwd_00_%_00_P0_100.xmot C1=2 Right=TrollFist RightUseType=55 RightGroup=5 Left=TrollFist LeftUseType=55 LeftGroup=5 SUPPRESS_NATIVE=1
CORE RAW55_CALLBACK_SUPPRESSION_PROBE Actor=BlackTroll Family=NORMAL Action=1 Motion=Troll_Stand_Fist_Fist_P0_Attack_Hit_N_Fwd_00_%_00_P0_100.xmot C1=2 Right=TrollFist RightUseType=55 RightGroup=5 Left=TrollFist LeftUseType=55 LeftGroup=5 SUPPRESS_NATIVE=1
CORE RAW55_CALLBACK_SUPPRESSION_PROBE Actor=BlackTroll Family=NORMAL Action=1 Motion=Troll_Stand_Fist_Fist_P0_Attack_Hit_N_Fwd_00_%_00_P0_100.xmot C1=2 Right=TrollFist RightUseType=55 RightGroup=5 Left=TrollFist LeftUseType=55 LeftGroup=5 SUPPRESS_NATIVE=1
CORE RAW55_CALLBACK_SUPPRESSION_PROBE Actor=BlackTroll Family=NORMAL Action=1 Motion=Troll_Stand_Fist_Fist_P0_Attack_Hit_N_Fwd_00_%_00_P0_100.xmot C1=2 Right=TrollFist RightUseType=55 RightGroup=5 Left=TrollFist LeftUseType=55 LeftGroup=5 SUPPRESS_NATIVE=1
CORE RAW55_CALLBACK_SUPPRESSION_PROBE Actor=BlackTroll Family=NORMAL Action=1 Motion=Troll_Stand_Fist_Fist_P0_Attack_Hit_N_Fwd_00_%_00_P0_100.xmot C1=2 Right=TrollFist RightUseType=55 RightGroup=5 Left=TrollFist LeftUseType=55 LeftGroup=5 SUPPRESS_NATIVE=1
CORE RAW55_CALLBACK_SUPPRESSION_PROBE Actor=BlackTroll Family=NORMAL Action=1 Motion=Troll_Stand_Fist_Fist_P0_Attack_Hit_N_Fwd_00_%_00_P0_100.xmot C1=2 Right=TrollFist RightUseType=55 RightGroup=5 Left=TrollFist LeftUseType=55 LeftGroup=5 SUPPRESS_NATIVE=1
CORE RAW55_CALLBACK_SUPPRESSION_PROBE Actor=BlackTroll Family=NORMAL Action=1 Motion=Troll_Stand_Fist_Fist_P0_Attack_Hit_N_Fwd_00_%_00_P0_100.xmot C1=2 Right=TrollFist RightUseType=55 RightGroup=5 Left=TrollFist LeftUseType=55 LeftGroup=5 SUPPRESS_NATIVE=1
CORE RAW55_CALLBACK_SUPPRESSION_PROBE Actor=BlackTroll Family=NORMAL Action=1 Motion=Troll_Stand_Fist_Fist_P0_Attack_Hit_N_Fwd_00_%_00_P0_100.xmot C1=2 Right=TrollFist RightUseType=55 RightGroup=5 Left=TrollFist LeftUseType=55 LeftGroup=5 SUPPRESS_NATIVE=1
CORE RAW55_CALLBACK_SUPPRESSION_PROBE Actor=BlackTroll Family=NORMAL Action=1 Motion=Troll_Stand_Fist_Fist_P0_Attack_Hit_N_Fwd_00_%_00_P0_100.xmot C1=2 Right=TrollFist RightUseType=55 RightGroup=5 Left=TrollFist LeftUseType=55 LeftGroup=5 SUPPRESS_NATIVE=1
CORE RAW55_CALLBACK_SUPPRESSION_PROBE Actor=BlackTroll Family=NORMAL Action=1 Motion=Troll_Stand_Fist_Fist_P0_Attack_Hit_N_Fwd_00_%_00_P0_100.xmot C1=2 Right=TrollFist RightUseType=55 RightGroup=5 Left=TrollFist LeftUseType=55 LeftGroup=5 SUPPRESS_NATIVE=1
CORE RAW55_CALLBACK_SUPPRESSION_PROBE Actor=BlackTroll Family=NORMAL Action=1 Motion=Troll_Stand_Fist_Fist_P0_Attack_Hit_N_Fwd_00_%_00_P0_100.xmot C1=2 Right=TrollFist RightUseType=55 RightGroup=5 Left=TrollFist LeftUseType=55 LeftGroup=5 SUPPRESS_NATIVE=1
CORE RAW55_CALLBACK_SUPPRESSION_PROBE Actor=BlackTroll Family=NORMAL Action=1 Motion=Troll_Stand_Fist_Fist_P0_Attack_Hit_N_Fwd_00_%_00_P0_100.xmot C1=2 Right=TrollFist RightUseType=55 RightGroup=5 Left=TrollFist LeftUseType=55 LeftGroup=5 SUPPRESS_NATIVE=1
===== CORE MARKER ANOMALY / DISCOVERY =====
ElapsedMs: 30695.906
Actor: BlackTroll
Action: 1
Family: NORMAL
AniPhase: 1
StatePosition: 0
CurrentMovementAni: Troll_Stand_Fist_Fist_P0_Attack_Hit_N_Fwd_00_%_00_P0_100.xmot
MarkerName: G3AB_COL_FIST
MarkerOpcode: FIST
Result: UNSUPPORTED_MISSING_SOURCE
C1GenerationValid: 1
C1Generation: 2
RequiredSourceMask: 0
MissingSourceMask: 0
RightSourceSlot: RIGHT
RightSourceName: TrollFist
RightSourceUseType: 55
RightSourceCollisionGroup: 5
LeftSourceSlot: LEFT
LeftSourceName: TrollFist
LeftSourceUseType: 55
LeftSourceCollisionGroup: 5
Raw8FistSourceName: <none>
Raw8FistSourceUseType: -1
Raw8FistSourceCollisionGroup: -1
===========================================

CORE RAW55_CALLBACK_SUPPRESSION_PROBE Actor=BlackTroll Family=NORMAL Action=1 Motion=Troll_Stand_Fist_Fist_P0_Attack_Hit_N_Fwd_00_%_00_P0_100.xmot C1=2 Right=TrollFist RightUseType=55 RightGroup=5 Left=TrollFist LeftUseType=55 LeftGroup=5 SUPPRESS_NATIVE=1
CORE RAW55_CALLBACK_SUPPRESSION_PROBE Actor=BlackTroll Family=NORMAL Action=1 Motion=Troll_Stand_Fist_Fist_P0_Attack_Hit_N_Fwd_00_%_00_P0_100.xmot C1=2 Right=TrollFist RightUseType=55 RightGroup=5 Left=TrollFist LeftUseType=55 LeftGroup=5 SUPPRESS_NATIVE=1
CORE RAW55_CALLBACK_SUPPRESSION_PROBE Actor=BlackTroll Family=NORMAL Action=1 Motion=Troll_Stand_Fist_Fist_P0_Attack_Hit_N_Fwd_00_%_00_P0_100.xmot C1=2 Right=TrollFist RightUseType=55 RightGroup=5 Left=TrollFist LeftUseType=55 LeftGroup=5 SUPPRESS_NATIVE=1
CORE RAW55_CALLBACK_SUPPRESSION_PROBE Actor=BlackTroll Family=NORMAL Action=1 Motion=Troll_Stand_Fist_Fist_P0_Attack_Hit_N_Fwd_00_%_00_P0_100.xmot C1=2 Right=TrollFist RightUseType=55 RightGroup=5 Left=TrollFist LeftUseType=55 LeftGroup=5 SUPPRESS_NATIVE=1
CORE RAW55_CALLBACK_SUPPRESSION_PROBE Actor=BlackTroll Family=NORMAL Action=1 Motion=Troll_Stand_Fist_Fist_P0_Attack_Hit_N_Fwd_00_%_00_P0_100.xmot C1=2 Right=TrollFist RightUseType=55 RightGroup=5 Left=TrollFist LeftUseType=55 LeftGroup=5 SUPPRESS_NATIVE=1
CORE RAW55_CALLBACK_SUPPRESSION_PROBE Actor=BlackTroll Family=NORMAL Action=1 Motion=Troll_Stand_Fist_Fist_P0_Attack_Hit_N_Fwd_00_%_00_P0_100.xmot C1=2 Right=TrollFist RightUseType=55 RightGroup=5 Left=TrollFist LeftUseType=55 LeftGroup=5 SUPPRESS_NATIVE=1
CORE RAW55_CALLBACK_SUPPRESSION_PROBE Actor=BlackTroll Family=NORMAL Action=1 Motion=Troll_Stand_Fist_Fist_P0_Attack_Hit_N_Fwd_00_%_00_P0_100.xmot C1=2 Right=TrollFist RightUseType=55 RightGroup=5 Left=TrollFist LeftUseType=55 LeftGroup=5 SUPPRESS_NATIVE=1
CORE RAW55_CALLBACK_SUPPRESSION_PROBE Actor=BlackTroll Family=NORMAL Action=1 Motion=Troll_Stand_Fist_Fist_P0_Attack_Hit_N_Fwd_00_%_00_P0_100.xmot C1=2 Right=TrollFist RightUseType=55 RightGroup=5 Left=TrollFist LeftUseType=55 LeftGroup=5 SUPPRESS_NATIVE=1
CORE RAW55_CALLBACK_SUPPRESSION_PROBE Actor=BlackTroll Family=NORMAL Action=1 Motion=Troll_Stand_Fist_Fist_P0_Attack_Hit_N_Fwd_00_%_00_P0_100.xmot C1=2 Right=TrollFist RightUseType=55 RightGroup=5 Left=TrollFist LeftUseType=55 LeftGroup=5 SUPPRESS_NATIVE=1
CORE RAW55_CALLBACK_SUPPRESSION_PROBE Actor=BlackTroll Family=NORMAL Action=1 Motion=Troll_Stand_Fist_Fist_P0_Attack_Hit_N_Fwd_00_%_00_P0_100.xmot C1=2 Right=TrollFist RightUseType=55 RightGroup=5 Left=TrollFist LeftUseType=55 LeftGroup=5 SUPPRESS_NATIVE=1
CORE RAW55_CALLBACK_SUPPRESSION_PROBE Actor=BlackTroll Family=NORMAL Action=1 Motion=Troll_Stand_Fist_Fist_P0_Attack_Hit_N_Fwd_00_%_00_P0_100.xmot C1=2 Right=TrollFist RightUseType=55 RightGroup=5 Left=TrollFist LeftUseType=55 LeftGroup=5 SUPPRESS_NATIVE=1
CORE RAW55_CALLBACK_SUPPRESSION_PROBE Actor=BlackTroll Family=NORMAL Action=1 Motion=Troll_Stand_Fist_Fist_P0_Attack_Hit_N_Fwd_00_%_00_P0_100.xmot C1=2 Right=TrollFist RightUseType=55 RightGroup=5 Left=TrollFist LeftUseType=55 LeftGroup=5 SUPPRESS_NATIVE=1
CORE RAW55_CALLBACK_SUPPRESSION_PROBE Actor=BlackTroll Family=NORMAL Action=1 Motion=Troll_Stand_Fist_Fist_P0_Attack_Hit_N_Fwd_00_%_00_P0_100.xmot C1=2 Right=TrollFist RightUseType=55 RightGroup=5 Left=TrollFist LeftUseType=55 LeftGroup=5 SUPPRESS_NATIVE=1
CORE RAW55_CALLBACK_SUPPRESSION_PROBE Actor=BlackTroll Family=NORMAL Action=1 Motion=Troll_Stand_Fist_Fist_P0_Attack_Hit_N_Fwd_00_%_00_P0_100.xmot C1=2 Right=TrollFist RightUseType=55 RightGroup=5 Left=TrollFist LeftUseType=55 LeftGroup=5 SUPPRESS_NATIVE=1
CORE RAW55_CALLBACK_SUPPRESSION_PROBE Actor=BlackTroll Family=NORMAL Action=1 Motion=Troll_Stand_Fist_Fist_P0_Attack_Hit_N_Fwd_00_%_00_P0_100.xmot C1=2 Right=TrollFist RightUseType=55 RightGroup=5 Left=TrollFist LeftUseType=55 LeftGroup=5 SUPPRESS_NATIVE=1
CORE RAW55_CALLBACK_SUPPRESSION_PROBE Actor=BlackTroll Family=NORMAL Action=1 Motion=Troll_Stand_Fist_Fist_P0_Attack_Hit_N_Fwd_00_%_00_P0_100.xmot C1=2 Right=TrollFist RightUseType=55 RightGroup=5 Left=TrollFist LeftUseType=55 LeftGroup=5 SUPPRESS_NATIVE=1
CORE RAW55_CALLBACK_SUPPRESSION_PROBE Actor=BlackTroll Family=NORMAL Action=1 Motion=Troll_Stand_Fist_Fist_P0_Attack_Hit_N_Fwd_00_%_00_P0_100.xmot C1=2 Right=TrollFist RightUseType=55 RightGroup=5 Left=TrollFist LeftUseType=55 LeftGroup=5 SUPPRESS_NATIVE=1
CORE RAW55_CALLBACK_SUPPRESSION_PROBE Actor=BlackTroll Family=NORMAL Action=1 Motion=Troll_Stand_Fist_Fist_P0_Attack_Hit_N_Fwd_00_%_00_P0_100.xmot C1=2 Right=TrollFist RightUseType=55 RightGroup=5 Left=TrollFist LeftUseType=55 LeftGroup=5 SUPPRESS_NATIVE=1
CORE RAW55_CALLBACK_SUPPRESSION_PROBE Actor=BlackTroll Family=NORMAL Action=1 Motion=Troll_Stand_Fist_Fist_P0_Attack_Hit_N_Fwd_00_%_00_P0_100.xmot C1=2 Right=TrollFist RightUseType=55 RightGroup=5 Left=TrollFist LeftUseType=55 LeftGroup=5 SUPPRESS_NATIVE=1
CORE RAW55_CALLBACK_SUPPRESSION_PROBE Actor=BlackTroll Family=NORMAL Action=1 Motion=Troll_Stand_Fist_Fist_P0_Attack_Hit_N_Fwd_00_%_00_P0_100.xmot C1=2 Right=TrollFist RightUseType=55 RightGroup=5 Left=TrollFist LeftUseType=55 LeftGroup=5 SUPPRESS_NATIVE=1
CORE RAW55_CALLBACK_SUPPRESSION_PROBE Actor=BlackTroll Family=NORMAL Action=1 Motion=Troll_Stand_Fist_Fist_P0_Attack_Hit_N_Fwd_00_%_00_P0_100.xmot C1=2 Right=TrollFist RightUseType=55 RightGroup=5 Left=TrollFist LeftUseType=55 LeftGroup=5 SUPPRESS_NATIVE=1
CORE RAW55_CALLBACK_SUPPRESSION_PROBE Actor=BlackTroll Family=NORMAL Action=1 Motion=Troll_Stand_Fist_Fist_P0_Attack_Hit_N_Fwd_00_%_00_P0_100.xmot C1=2 Right=TrollFist RightUseType=55 RightGroup=5 Left=TrollFist LeftUseType=55 LeftGroup=5 SUPPRESS_NATIVE=1
CORE RAW55_CALLBACK_SUPPRESSION_PROBE Actor=BlackTroll Family=NORMAL Action=1 Motion=Troll_Stand_Fist_Fist_P0_Attack_Hit_N_Fwd_00_%_00_P0_100.xmot C1=2 Right=TrollFist RightUseType=55 RightGroup=5 Left=TrollFist LeftUseType=55 LeftGroup=5 SUPPRESS_NATIVE=1
CORE RAW55_CALLBACK_SUPPRESSION_PROBE Actor=BlackTroll Family=NORMAL Action=1 Motion=Troll_Stand_Fist_Fist_P0_Attack_Hit_N_Fwd_00_%_00_P0_100.xmot C1=2 Right=TrollFist RightUseType=55 RightGroup=5 Left=TrollFist LeftUseType=55 LeftGroup=5 SUPPRESS_NATIVE=1
CORE RAW55_CALLBACK_SUPPRESSION_PROBE Actor=BlackTroll Family=NORMAL Action=1 Motion=Troll_Stand_Fist_Fist_P0_Attack_Hit_N_Fwd_00_%_00_P0_100.xmot C1=2 Right=TrollFist RightUseType=55 RightGroup=5 Left=TrollFist LeftUseType=55 LeftGroup=5 SUPPRESS_NATIVE=1
CORE RAW55_CALLBACK_SUPPRESSION_PROBE Actor=BlackTroll Family=NORMAL Action=1 Motion=Troll_Stand_Fist_Fist_P0_Attack_Hit_N_Fwd_00_%_00_P0_100.xmot C1=2 Right=TrollFist RightUseType=55 RightGroup=5 Left=TrollFist LeftUseType=55 LeftGroup=5 SUPPRESS_NATIVE=1
CORE RAW55_CALLBACK_SUPPRESSION_PROBE Actor=BlackTroll Family=NORMAL Action=1 Motion=Troll_Stand_Fist_Fist_P0_Attack_Hit_N_Fwd_00_%_00_P0_100.xmot C1=2 Right=TrollFist RightUseType=55 RightGroup=5 Left=TrollFist LeftUseType=55 LeftGroup=5 SUPPRESS_NATIVE=1
CORE RAW55_CALLBACK_SUPPRESSION_PROBE Actor=BlackTroll Family=NORMAL Action=1 Motion=Troll_Stand_Fist_Fist_P0_Attack_Hit_N_Fwd_00_%_00_P0_100.xmot C1=2 Right=TrollFist RightUseType=55 RightGroup=5 Left=TrollFist LeftUseType=55 LeftGroup=5 SUPPRESS_NATIVE=1
CORE RAW55_CALLBACK_SUPPRESSION_PROBE Actor=BlackTroll Family=NORMAL Action=1 Motion=Troll_Stand_Fist_Fist_P0_Attack_Hit_N_Fwd_00_%_00_P0_100.xmot C1=2 Right=TrollFist RightUseType=55 RightGroup=5 Left=TrollFist LeftUseType=55 LeftGroup=5 SUPPRESS_NATIVE=1
CORE RAW55_CALLBACK_SUPPRESSION_PROBE Actor=BlackTroll Family=NORMAL Action=1 Motion=Troll_Stand_Fist_Fist_P0_Attack_Hit_N_Fwd_00_%_00_P0_100.xmot C1=2 Right=TrollFist RightUseType=55 RightGroup=5 Left=TrollFist LeftUseType=55 LeftGroup=5 SUPPRESS_NATIVE=1
CORE RAW55_CALLBACK_SUPPRESSION_PROBE Actor=BlackTroll Family=NORMAL Action=1 Motion=Troll_Stand_Fist_Fist_P0_Attack_Hit_N_Fwd_00_%_00_P0_100.xmot C1=2 Right=TrollFist RightUseType=55 RightGroup=5 Left=TrollFist LeftUseType=55 LeftGroup=5 SUPPRESS_NATIVE=1
CORE RAW55_CALLBACK_SUPPRESSION_PROBE Actor=BlackTroll Family=NORMAL Action=1 Motion=Troll_Stand_Fist_Fist_P0_Attack_Hit_N_Fwd_00_%_00_P0_100.xmot C1=2 Right=TrollFist RightUseType=55 RightGroup=5 Left=TrollFist LeftUseType=55 LeftGroup=5 SUPPRESS_NATIVE=1
CORE RAW55_CALLBACK_SUPPRESSION_PROBE Actor=BlackTroll Family=NORMAL Action=1 Motion=Troll_Stand_Fist_Fist_P0_Attack_Hit_N_Fwd_00_%_00_P0_100.xmot C1=2 Right=TrollFist RightUseType=55 RightGroup=5 Left=TrollFist LeftUseType=55 LeftGroup=5 SUPPRESS_NATIVE=1
CORE C1_FINAL ElapsedMs=30955.372 Actor=BlackTroll Generation=2 Status=PERSISTED SourceCount=2 PhysicalChanged=0 Source[0]=TrollFist Side=RIGHT Outstanding=0 Cleanup=0 Outcome=NO_OP_NO_OUTSTANDING Source[1]=TrollFist Side=LEFT Outstanding=0 Cleanup=0 Outcome=NO_OP_NO_OUTSTANDING
CORE C1_START ElapsedMs=32193.146 Actor=BlackTroll Generation=3 Status=CANDIDATE Outstanding=0 TrackedSources=2 ReplacedGeneration=0 ReplacedOutstanding=0 Source[0]=TrollFist Side=RIGHT Group=5 Source[1]=TrollFist Side=LEFT Group=5
CORE C1_BIND ElapsedMs=32193.159 Event=COMBAT_MOVE_CANDIDATE_BOUND Actor=BlackTroll Generation=3 Status=CANDIDATE Outstanding=0 Source=<null> Script=_AI_QuickAttack
CORE C1_STATUS ElapsedMs=32193.574 Event=PERSISTED Actor=BlackTroll Generation=3 Status=PERSISTED Outstanding=0
CORE ATTACK_OWNERSHIP ElapsedMs=32193.597 Actor=BlackTroll Family=QUICK Action=5 Phase=1 Motion=Troll_Stand_Fist_Fist_P0_QuickAttackL_Hit_N_Fwd_00_%_00_P0_100.xmot MarkerPresent=1 RequiredMask=0 FistMarkers=1 Raw8Fist=<none> Raw8UseType=-1 SuppressNative=0 Classification=CONTRADICTION
===== CORE ATTACK OWNERSHIP ANOMALY =====
MatchingMotionFound: 1
MarkerScanValid: 1
RequiredSourcesAvailable: 1
RightSourceSlot: RIGHT
RightSourceName: TrollFist
RightSourceUseType: 55
RightSourceCollisionGroup: 5
LeftSourceSlot: LEFT
LeftSourceName: TrollFist
LeftSourceUseType: 55
LeftSourceCollisionGroup: 5
Raw8FistSourceName: <none>
Raw8FistSourceUseType: -1
Raw8FistSourceCollisionGroup: -1
=========================================

CORE RAW55_QUICK_CALLBACK_BOUNDARY Actor=BlackTroll C1=3 SameC1=1 Action=5->5 Phase=1->1 StateTime=0.000000->0.000000 StatePosition=0->0 MotionBefore=Troll_Stand_Fist_Fist_P0_QuickAttackL_Hit_N_Fwd_00_%_00_P0_100.xmot MotionAfter=Troll_Stand_Fist_Fist_P0_QuickAttackL_Hit_N_Fwd_00_%_00_P0_100.xmot Right=TrollFist RightUseType=55 RightGroup=5->5 NativeResult=1 OBSERVE_NATIVE=1
CORE RAW55_QUICK_CALLBACK_BOUNDARY Actor=BlackTroll C1=3 SameC1=1 Action=5->5 Phase=1->1 StateTime=0.008956->0.008956 StatePosition=0->0 MotionBefore=Troll_Stand_Fist_Fist_P0_QuickAttackL_Hit_N_Fwd_00_%_00_P0_100.xmot MotionAfter=Troll_Stand_Fist_Fist_P0_QuickAttackL_Hit_N_Fwd_00_%_00_P0_100.xmot Right=TrollFist RightUseType=55 RightGroup=5->5 NativeResult=1 OBSERVE_NATIVE=1
CORE RAW55_QUICK_CALLBACK_BOUNDARY Actor=BlackTroll C1=3 SameC1=1 Action=5->5 Phase=1->1 StateTime=0.017289->0.017289 StatePosition=0->0 MotionBefore=Troll_Stand_Fist_Fist_P0_QuickAttackL_Hit_N_Fwd_00_%_00_P0_100.xmot MotionAfter=Troll_Stand_Fist_Fist_P0_QuickAttackL_Hit_N_Fwd_00_%_00_P0_100.xmot Right=TrollFist RightUseType=55 RightGroup=5->5 NativeResult=1 OBSERVE_NATIVE=1
CORE RAW55_QUICK_CALLBACK_BOUNDARY Actor=BlackTroll C1=3 SameC1=1 Action=5->5 Phase=1->1 StateTime=0.025623->0.025623 StatePosition=0->0 MotionBefore=Troll_Stand_Fist_Fist_P0_QuickAttackL_Hit_N_Fwd_00_%_00_P0_100.xmot MotionAfter=Troll_Stand_Fist_Fist_P0_QuickAttackL_Hit_N_Fwd_00_%_00_P0_100.xmot Right=TrollFist RightUseType=55 RightGroup=5->5 NativeResult=1 OBSERVE_NATIVE=1
CORE RAW55_QUICK_CALLBACK_BOUNDARY Actor=BlackTroll C1=3 SameC1=1 Action=5->5 Phase=1->1 StateTime=0.033956->0.033956 StatePosition=0->0 MotionBefore=Troll_Stand_Fist_Fist_P0_QuickAttackL_Hit_N_Fwd_00_%_00_P0_100.xmot MotionAfter=Troll_Stand_Fist_Fist_P0_QuickAttackL_Hit_N_Fwd_00_%_00_P0_100.xmot Right=TrollFist RightUseType=55 RightGroup=5->5 NativeResult=1 OBSERVE_NATIVE=1
CORE RAW55_QUICK_CALLBACK_BOUNDARY Actor=BlackTroll C1=3 SameC1=1 Action=5->5 Phase=1->1 StateTime=0.042289->0.042289 StatePosition=0->0 MotionBefore=Troll_Stand_Fist_Fist_P0_QuickAttackL_Hit_N_Fwd_00_%_00_P0_100.xmot MotionAfter=Troll_Stand_Fist_Fist_P0_QuickAttackL_Hit_N_Fwd_00_%_00_P0_100.xmot Right=TrollFist RightUseType=55 RightGroup=5->5 NativeResult=1 OBSERVE_NATIVE=1
CORE RAW55_QUICK_CALLBACK_BOUNDARY Actor=BlackTroll C1=3 SameC1=1 Action=5->5 Phase=1->1 StateTime=0.050623->0.050623 StatePosition=0->0 MotionBefore=Troll_Stand_Fist_Fist_P0_QuickAttackL_Hit_N_Fwd_00_%_00_P0_100.xmot MotionAfter=Troll_Stand_Fist_Fist_P0_QuickAttackL_Hit_N_Fwd_00_%_00_P0_100.xmot Right=TrollFist RightUseType=55 RightGroup=5->5 NativeResult=1 OBSERVE_NATIVE=1
CORE RAW55_QUICK_CALLBACK_BOUNDARY Actor=BlackTroll C1=3 SameC1=1 Action=5->5 Phase=1->1 StateTime=0.058956->0.058956 StatePosition=0->0 MotionBefore=Troll_Stand_Fist_Fist_P0_QuickAttackL_Hit_N_Fwd_00_%_00_P0_100.xmot MotionAfter=Troll_Stand_Fist_Fist_P0_QuickAttackL_Hit_N_Fwd_00_%_00_P0_100.xmot Right=TrollFist RightUseType=55 RightGroup=5->5 NativeResult=1 OBSERVE_NATIVE=1
CORE RAW55_QUICK_CALLBACK_BOUNDARY Actor=BlackTroll C1=3 SameC1=1 Action=5->5 Phase=1->1 StateTime=0.068897->0.068897 StatePosition=0->0 MotionBefore=Troll_Stand_Fist_Fist_P0_QuickAttackL_Hit_N_Fwd_00_%_00_P0_100.xmot MotionAfter=Troll_Stand_Fist_Fist_P0_QuickAttackL_Hit_N_Fwd_00_%_00_P0_100.xmot Right=TrollFist RightUseType=55 RightGroup=5->5 NativeResult=1 OBSERVE_NATIVE=1
CORE RAW55_QUICK_CALLBACK_BOUNDARY Actor=BlackTroll C1=3 SameC1=1 Action=5->5 Phase=1->1 StateTime=0.077231->0.077231 StatePosition=0->0 MotionBefore=Troll_Stand_Fist_Fist_P0_QuickAttackL_Hit_N_Fwd_00_%_00_P0_100.xmot MotionAfter=Troll_Stand_Fist_Fist_P0_QuickAttackL_Hit_N_Fwd_00_%_00_P0_100.xmot Right=TrollFist RightUseType=55 RightGroup=5->5 NativeResult=1 OBSERVE_NATIVE=1
CORE RAW55_QUICK_CALLBACK_BOUNDARY Actor=BlackTroll C1=3 SameC1=1 Action=5->5 Phase=1->1 StateTime=0.085564->0.085564 StatePosition=0->0 MotionBefore=Troll_Stand_Fist_Fist_P0_QuickAttackL_Hit_N_Fwd_00_%_00_P0_100.xmot MotionAfter=Troll_Stand_Fist_Fist_P0_QuickAttackL_Hit_N_Fwd_00_%_00_P0_100.xmot Right=TrollFist RightUseType=55 RightGroup=5->5 NativeResult=1 OBSERVE_NATIVE=1
CORE RAW55_QUICK_CALLBACK_BOUNDARY Actor=BlackTroll C1=3 SameC1=1 Action=5->5 Phase=1->1 StateTime=0.093897->0.093897 StatePosition=0->0 MotionBefore=Troll_Stand_Fist_Fist_P0_QuickAttackL_Hit_N_Fwd_00_%_00_P0_100.xmot MotionAfter=Troll_Stand_Fist_Fist_P0_QuickAttackL_Hit_N_Fwd_00_%_00_P0_100.xmot Right=TrollFist RightUseType=55 RightGroup=5->5 NativeResult=1 OBSERVE_NATIVE=1
CORE RAW55_QUICK_GROUP_SUPPRESSION Actor=BlackTroll C1=3 Right=TrollFist RightUseType=55 RequestedGroup=7 BeforeGroup=5 StatePosition=0 StateTime=0.102231 SUPPRESS_GROUP=1
CORE RAW55_QUICK_CALLBACK_BOUNDARY Actor=BlackTroll C1=3 SameC1=1 Action=5->5 Phase=1->1 StateTime=0.102231->0.102231 StatePosition=0->1 MotionBefore=Troll_Stand_Fist_Fist_P0_QuickAttackL_Hit_N_Fwd_00_%_00_P0_100.xmot MotionAfter=Troll_Stand_Fist_Fist_P0_QuickAttackL_Hit_N_Fwd_00_%_00_P0_100.xmot Right=TrollFist RightUseType=55 RightGroup=5->5 NativeResult=1 OBSERVE_NATIVE=1
CORE RAW55_QUICK_CALLBACK_BOUNDARY Actor=BlackTroll C1=3 SameC1=1 Action=5->5 Phase=1->1 StateTime=0.110564->0.110564 StatePosition=1->1 MotionBefore=Troll_Stand_Fist_Fist_P0_QuickAttackL_Hit_N_Fwd_00_%_00_P0_100.xmot MotionAfter=Troll_Stand_Fist_Fist_P0_QuickAttackL_Hit_N_Fwd_00_%_00_P0_100.xmot Right=TrollFist RightUseType=55 RightGroup=5->5 NativeResult=1 OBSERVE_NATIVE=1
CORE RAW55_QUICK_CALLBACK_BOUNDARY Actor=BlackTroll C1=3 SameC1=1 Action=5->5 Phase=1->1 StateTime=0.118897->0.118897 StatePosition=1->1 MotionBefore=Troll_Stand_Fist_Fist_P0_QuickAttackL_Hit_N_Fwd_00_%_00_P0_100.xmot MotionAfter=Troll_Stand_Fist_Fist_P0_QuickAttackL_Hit_N_Fwd_00_%_00_P0_100.xmot Right=TrollFist RightUseType=55 RightGroup=5->5 NativeResult=1 OBSERVE_NATIVE=1
CORE RAW55_QUICK_CALLBACK_BOUNDARY Actor=BlackTroll C1=3 SameC1=1 Action=5->5 Phase=1->1 StateTime=0.127231->0.127231 StatePosition=1->1 MotionBefore=Troll_Stand_Fist_Fist_P0_QuickAttackL_Hit_N_Fwd_00_%_00_P0_100.xmot MotionAfter=Troll_Stand_Fist_Fist_P0_QuickAttackL_Hit_N_Fwd_00_%_00_P0_100.xmot Right=TrollFist RightUseType=55 RightGroup=5->5 NativeResult=1 OBSERVE_NATIVE=1
CORE RAW55_QUICK_CALLBACK_BOUNDARY Actor=BlackTroll C1=3 SameC1=1 Action=5->5 Phase=1->1 StateTime=0.135564->0.135564 StatePosition=1->1 MotionBefore=Troll_Stand_Fist_Fist_P0_QuickAttackL_Hit_N_Fwd_00_%_00_P0_100.xmot MotionAfter=Troll_Stand_Fist_Fist_P0_QuickAttackL_Hit_N_Fwd_00_%_00_P0_100.xmot Right=TrollFist RightUseType=55 RightGroup=5->5 NativeResult=1 OBSERVE_NATIVE=1
CORE RAW55_QUICK_CALLBACK_BOUNDARY Actor=BlackTroll C1=3 SameC1=1 Action=5->5 Phase=1->1 StateTime=0.145520->0.145520 StatePosition=1->1 MotionBefore=Troll_Stand_Fist_Fist_P0_QuickAttackL_Hit_N_Fwd_00_%_00_P0_100.xmot MotionAfter=Troll_Stand_Fist_Fist_P0_QuickAttackL_Hit_N_Fwd_00_%_00_P0_100.xmot Right=TrollFist RightUseType=55 RightGroup=5->5 NativeResult=1 OBSERVE_NATIVE=1
CORE RAW55_QUICK_CALLBACK_BOUNDARY Actor=BlackTroll C1=3 SameC1=1 Action=5->5 Phase=1->1 StateTime=0.153853->0.153853 StatePosition=1->1 MotionBefore=Troll_Stand_Fist_Fist_P0_QuickAttackL_Hit_N_Fwd_00_%_00_P0_100.xmot MotionAfter=Troll_Stand_Fist_Fist_P0_QuickAttackL_Hit_N_Fwd_00_%_00_P0_100.xmot Right=TrollFist RightUseType=55 RightGroup=5->5 NativeResult=1 OBSERVE_NATIVE=1
CORE RAW55_QUICK_CALLBACK_BOUNDARY Actor=BlackTroll C1=3 SameC1=1 Action=5->5 Phase=1->1 StateTime=0.162187->0.162187 StatePosition=1->1 MotionBefore=Troll_Stand_Fist_Fist_P0_QuickAttackL_Hit_N_Fwd_00_%_00_P0_100.xmot MotionAfter=Troll_Stand_Fist_Fist_P0_QuickAttackL_Hit_N_Fwd_00_%_00_P0_100.xmot Right=TrollFist RightUseType=55 RightGroup=5->5 NativeResult=1 OBSERVE_NATIVE=1
CORE RAW55_QUICK_CALLBACK_BOUNDARY Actor=BlackTroll C1=3 SameC1=1 Action=5->5 Phase=1->1 StateTime=0.170520->0.170520 StatePosition=1->1 MotionBefore=Troll_Stand_Fist_Fist_P0_QuickAttackL_Hit_N_Fwd_00_%_00_P0_100.xmot MotionAfter=Troll_Stand_Fist_Fist_P0_QuickAttackL_Hit_N_Fwd_00_%_00_P0_100.xmot Right=TrollFist RightUseType=55 RightGroup=5->5 NativeResult=1 OBSERVE_NATIVE=1
CORE RAW55_QUICK_CALLBACK_BOUNDARY Actor=BlackTroll C1=3 SameC1=1 Action=5->5 Phase=1->1 StateTime=0.178853->0.178853 StatePosition=1->1 MotionBefore=Troll_Stand_Fist_Fist_P0_QuickAttackL_Hit_N_Fwd_00_%_00_P0_100.xmot MotionAfter=Troll_Stand_Fist_Fist_P0_QuickAttackL_Hit_N_Fwd_00_%_00_P0_100.xmot Right=TrollFist RightUseType=55 RightGroup=5->5 NativeResult=1 OBSERVE_NATIVE=1
CORE RAW55_QUICK_CALLBACK_BOUNDARY Actor=BlackTroll C1=3 SameC1=1 Action=5->5 Phase=1->1 StateTime=0.187187->0.187187 StatePosition=1->1 MotionBefore=Troll_Stand_Fist_Fist_P0_QuickAttackL_Hit_N_Fwd_00_%_00_P0_100.xmot MotionAfter=Troll_Stand_Fist_Fist_P0_QuickAttackL_Hit_N_Fwd_00_%_00_P0_100.xmot Right=TrollFist RightUseType=55 RightGroup=5->5 NativeResult=1 OBSERVE_NATIVE=1
CORE RAW55_QUICK_CALLBACK_BOUNDARY Actor=BlackTroll C1=3 SameC1=1 Action=5->5 Phase=1->1 StateTime=0.195520->0.195520 StatePosition=1->1 MotionBefore=Troll_Stand_Fist_Fist_P0_QuickAttackL_Hit_N_Fwd_00_%_00_P0_100.xmot MotionAfter=Troll_Stand_Fist_Fist_P0_QuickAttackL_Hit_N_Fwd_00_%_00_P0_100.xmot Right=TrollFist RightUseType=55 RightGroup=5->5 NativeResult=1 OBSERVE_NATIVE=1
CORE RAW55_QUICK_CALLBACK_BOUNDARY Actor=BlackTroll C1=3 SameC1=1 Action=5->5 Phase=1->1 StateTime=0.203853->0.203853 StatePosition=1->1 MotionBefore=Troll_Stand_Fist_Fist_P0_QuickAttackL_Hit_N_Fwd_00_%_00_P0_100.xmot MotionAfter=Troll_Stand_Fist_Fist_P0_QuickAttackL_Hit_N_Fwd_00_%_00_P0_100.xmot Right=TrollFist RightUseType=55 RightGroup=5->5 NativeResult=1 OBSERVE_NATIVE=1
CORE RAW55_QUICK_CALLBACK_BOUNDARY Actor=BlackTroll C1=3 SameC1=1 Action=5->5 Phase=1->1 StateTime=0.212187->0.212187 StatePosition=1->1 MotionBefore=Troll_Stand_Fist_Fist_P0_QuickAttackL_Hit_N_Fwd_00_%_00_P0_100.xmot MotionAfter=Troll_Stand_Fist_Fist_P0_QuickAttackL_Hit_N_Fwd_00_%_00_P0_100.xmot Right=TrollFist RightUseType=55 RightGroup=5->5 NativeResult=1 OBSERVE_NATIVE=1
CORE RAW55_QUICK_CALLBACK_BOUNDARY Actor=BlackTroll C1=3 SameC1=1 Action=5->5 Phase=1->1 StateTime=0.220520->0.220520 StatePosition=1->1 MotionBefore=Troll_Stand_Fist_Fist_P0_QuickAttackL_Hit_N_Fwd_00_%_00_P0_100.xmot MotionAfter=Troll_Stand_Fist_Fist_P0_QuickAttackL_Hit_N_Fwd_00_%_00_P0_100.xmot Right=TrollFist RightUseType=55 RightGroup=5->5 NativeResult=1 OBSERVE_NATIVE=1
CORE RAW55_QUICK_CALLBACK_BOUNDARY Actor=BlackTroll C1=3 SameC1=1 Action=5->5 Phase=1->1 StateTime=0.229491->0.229491 StatePosition=1->1 MotionBefore=Troll_Stand_Fist_Fist_P0_QuickAttackL_Hit_N_Fwd_00_%_00_P0_100.xmot MotionAfter=Troll_Stand_Fist_Fist_P0_QuickAttackL_Hit_N_Fwd_00_%_00_P0_100.xmot Right=TrollFist RightUseType=55 RightGroup=5->5 NativeResult=1 OBSERVE_NATIVE=1
CORE RAW55_QUICK_CALLBACK_BOUNDARY Actor=BlackTroll C1=3 SameC1=1 Action=5->5 Phase=1->1 StateTime=0.237824->0.237824 StatePosition=1->1 MotionBefore=Troll_Stand_Fist_Fist_P0_QuickAttackL_Hit_N_Fwd_00_%_00_P0_100.xmot MotionAfter=Troll_Stand_Fist_Fist_P0_QuickAttackL_Hit_N_Fwd_00_%_00_P0_100.xmot Right=TrollFist RightUseType=55 RightGroup=5->5 NativeResult=1 OBSERVE_NATIVE=1
CORE RAW55_QUICK_CALLBACK_BOUNDARY Actor=BlackTroll C1=3 SameC1=1 Action=5->5 Phase=1->1 StateTime=0.246795->0.246795 StatePosition=1->1 MotionBefore=Troll_Stand_Fist_Fist_P0_QuickAttackL_Hit_N_Fwd_00_%_00_P0_100.xmot MotionAfter=Troll_Stand_Fist_Fist_P0_QuickAttackL_Hit_N_Fwd_00_%_00_P0_100.xmot Right=TrollFist RightUseType=55 RightGroup=5->5 NativeResult=1 OBSERVE_NATIVE=1
CORE RAW55_QUICK_CALLBACK_BOUNDARY Actor=BlackTroll C1=3 SameC1=1 Action=5->5 Phase=1->1 StateTime=0.255128->0.255128 StatePosition=1->1 MotionBefore=Troll_Stand_Fist_Fist_P0_QuickAttackL_Hit_N_Fwd_00_%_00_P0_100.xmot MotionAfter=Troll_Stand_Fist_Fist_P0_QuickAttackL_Hit_N_Fwd_00_%_00_P0_100.xmot Right=TrollFist RightUseType=55 RightGroup=5->5 NativeResult=1 OBSERVE_NATIVE=1
CORE RAW55_QUICK_CALLBACK_BOUNDARY Actor=BlackTroll C1=3 SameC1=1 Action=5->5 Phase=1->1 StateTime=0.263461->0.263461 StatePosition=1->1 MotionBefore=Troll_Stand_Fist_Fist_P0_QuickAttackL_Hit_N_Fwd_00_%_00_P0_100.xmot MotionAfter=Troll_Stand_Fist_Fist_P0_QuickAttackL_Hit_N_Fwd_00_%_00_P0_100.xmot Right=TrollFist RightUseType=55 RightGroup=5->5 NativeResult=1 OBSERVE_NATIVE=1
CORE RAW55_QUICK_CALLBACK_BOUNDARY Actor=BlackTroll C1=3 SameC1=1 Action=5->5 Phase=1->1 StateTime=0.271795->0.271795 StatePosition=1->1 MotionBefore=Troll_Stand_Fist_Fist_P0_QuickAttackL_Hit_N_Fwd_00_%_00_P0_100.xmot MotionAfter=Troll_Stand_Fist_Fist_P0_QuickAttackL_Hit_N_Fwd_00_%_00_P0_100.xmot Right=TrollFist RightUseType=55 RightGroup=5->5 NativeResult=1 OBSERVE_NATIVE=1
CORE RAW55_QUICK_CALLBACK_BOUNDARY Actor=BlackTroll C1=3 SameC1=1 Action=5->5 Phase=1->1 StateTime=0.280128->0.280128 StatePosition=1->1 MotionBefore=Troll_Stand_Fist_Fist_P0_QuickAttackL_Hit_N_Fwd_00_%_00_P0_100.xmot MotionAfter=Troll_Stand_Fist_Fist_P0_QuickAttackL_Hit_N_Fwd_00_%_00_P0_100.xmot Right=TrollFist RightUseType=55 RightGroup=5->5 NativeResult=1 OBSERVE_NATIVE=1
CORE RAW55_QUICK_CALLBACK_BOUNDARY Actor=BlackTroll C1=3 SameC1=1 Action=5->5 Phase=1->1 StateTime=0.289084->0.289084 StatePosition=1->1 MotionBefore=Troll_Stand_Fist_Fist_P0_QuickAttackL_Hit_N_Fwd_00_%_00_P0_100.xmot MotionAfter=Troll_Stand_Fist_Fist_P0_QuickAttackL_Hit_N_Fwd_00_%_00_P0_100.xmot Right=TrollFist RightUseType=55 RightGroup=5->5 NativeResult=1 OBSERVE_NATIVE=1
CORE RAW55_QUICK_CALLBACK_BOUNDARY Actor=BlackTroll C1=3 SameC1=1 Action=5->5 Phase=1->1 StateTime=0.297418->0.297418 StatePosition=1->1 MotionBefore=Troll_Stand_Fist_Fist_P0_QuickAttackL_Hit_N_Fwd_00_%_00_P0_100.xmot MotionAfter=Troll_Stand_Fist_Fist_P0_QuickAttackL_Hit_N_Fwd_00_%_00_P0_100.xmot Right=TrollFist RightUseType=55 RightGroup=5->5 NativeResult=1 OBSERVE_NATIVE=1
CORE RAW55_QUICK_CALLBACK_BOUNDARY Actor=BlackTroll C1=3 SameC1=1 Action=5->5 Phase=1->1 StateTime=0.305751->0.305751 StatePosition=1->1 MotionBefore=Troll_Stand_Fist_Fist_P0_QuickAttackL_Hit_N_Fwd_00_%_00_P0_100.xmot MotionAfter=Troll_Stand_Fist_Fist_P0_QuickAttackL_Hit_N_Fwd_00_%_00_P0_100.xmot Right=TrollFist RightUseType=55 RightGroup=5->5 NativeResult=1 OBSERVE_NATIVE=1
CORE RAW55_QUICK_CALLBACK_BOUNDARY Actor=BlackTroll C1=3 SameC1=1 Action=5->5 Phase=1->1 StateTime=0.314084->0.314084 StatePosition=1->1 MotionBefore=Troll_Stand_Fist_Fist_P0_QuickAttackL_Hit_N_Fwd_00_%_00_P0_100.xmot MotionAfter=Troll_Stand_Fist_Fist_P0_QuickAttackL_Hit_N_Fwd_00_%_00_P0_100.xmot Right=TrollFist RightUseType=55 RightGroup=5->5 NativeResult=1 OBSERVE_NATIVE=1
CORE RAW55_QUICK_CALLBACK_BOUNDARY Actor=BlackTroll C1=3 SameC1=1 Action=5->5 Phase=1->1 StateTime=0.323040->0.323040 StatePosition=1->1 MotionBefore=Troll_Stand_Fist_Fist_P0_QuickAttackL_Hit_N_Fwd_00_%_00_P0_100.xmot MotionAfter=Troll_Stand_Fist_Fist_P0_QuickAttackL_Hit_N_Fwd_00_%_00_P0_100.xmot Right=TrollFist RightUseType=55 RightGroup=5->5 NativeResult=1 OBSERVE_NATIVE=1
CORE RAW55_QUICK_CALLBACK_BOUNDARY Actor=BlackTroll C1=3 SameC1=1 Action=5->5 Phase=1->1 StateTime=0.331374->0.331374 StatePosition=1->1 MotionBefore=Troll_Stand_Fist_Fist_P0_QuickAttackL_Hit_N_Fwd_00_%_00_P0_100.xmot MotionAfter=Troll_Stand_Fist_Fist_P0_QuickAttackL_Hit_N_Fwd_00_%_00_P0_100.xmot Right=TrollFist RightUseType=55 RightGroup=5->5 NativeResult=1 OBSERVE_NATIVE=1
CORE RAW55_QUICK_CALLBACK_BOUNDARY Actor=BlackTroll C1=3 SameC1=1 Action=5->5 Phase=1->1 StateTime=0.339707->0.339707 StatePosition=1->1 MotionBefore=Troll_Stand_Fist_Fist_P0_QuickAttackL_Hit_N_Fwd_00_%_00_P0_100.xmot MotionAfter=Troll_Stand_Fist_Fist_P0_QuickAttackL_Hit_N_Fwd_00_%_00_P0_100.xmot Right=TrollFist RightUseType=55 RightGroup=5->5 NativeResult=1 OBSERVE_NATIVE=1
CORE RAW55_QUICK_CALLBACK_BOUNDARY Actor=BlackTroll C1=3 SameC1=1 Action=5->5 Phase=1->1 StateTime=0.348678->0.348678 StatePosition=1->1 MotionBefore=Troll_Stand_Fist_Fist_P0_QuickAttackL_Hit_N_Fwd_00_%_00_P0_100.xmot MotionAfter=Troll_Stand_Fist_Fist_P0_QuickAttackL_Hit_N_Fwd_00_%_00_P0_100.xmot Right=TrollFist RightUseType=55 RightGroup=5->5 NativeResult=1 OBSERVE_NATIVE=1
CORE RAW55_QUICK_CALLBACK_BOUNDARY Actor=BlackTroll C1=3 SameC1=1 Action=5->5 Phase=1->1 StateTime=0.357011->0.357011 StatePosition=1->1 MotionBefore=Troll_Stand_Fist_Fist_P0_QuickAttackL_Hit_N_Fwd_00_%_00_P0_100.xmot MotionAfter=Troll_Stand_Fist_Fist_P0_QuickAttackL_Hit_N_Fwd_00_%_00_P0_100.xmot Right=TrollFist RightUseType=55 RightGroup=5->5 NativeResult=1 OBSERVE_NATIVE=1
CORE RAW55_QUICK_CALLBACK_BOUNDARY Actor=BlackTroll C1=3 SameC1=1 Action=5->5 Phase=1->1 StateTime=0.365967->0.365967 StatePosition=1->1 MotionBefore=Troll_Stand_Fist_Fist_P0_QuickAttackL_Hit_N_Fwd_00_%_00_P0_100.xmot MotionAfter=Troll_Stand_Fist_Fist_P0_QuickAttackL_Hit_N_Fwd_00_%_00_P0_100.xmot Right=TrollFist RightUseType=55 RightGroup=5->5 NativeResult=1 OBSERVE_NATIVE=1
CORE RAW55_QUICK_CALLBACK_BOUNDARY Actor=BlackTroll C1=3 SameC1=1 Action=5->5 Phase=1->1 StateTime=0.374301->0.374301 StatePosition=1->1 MotionBefore=Troll_Stand_Fist_Fist_P0_QuickAttackL_Hit_N_Fwd_00_%_00_P0_100.xmot MotionAfter=Troll_Stand_Fist_Fist_P0_QuickAttackL_Hit_N_Fwd_00_%_00_P0_100.xmot Right=TrollFist RightUseType=55 RightGroup=5->5 NativeResult=1 OBSERVE_NATIVE=1
CORE RAW55_QUICK_CALLBACK_BOUNDARY Actor=BlackTroll C1=3 SameC1=1 Action=5->5 Phase=1->1 StateTime=0.382634->0.382634 StatePosition=1->1 MotionBefore=Troll_Stand_Fist_Fist_P0_QuickAttackL_Hit_N_Fwd_00_%_00_P0_100.xmot MotionAfter=Troll_Stand_Fist_Fist_P0_QuickAttackL_Hit_N_Fwd_00_%_00_P0_100.xmot Right=TrollFist RightUseType=55 RightGroup=5->5 NativeResult=1 OBSERVE_NATIVE=1
CORE RAW55_QUICK_CALLBACK_BOUNDARY Actor=BlackTroll C1=3 SameC1=1 Action=5->5 Phase=1->1 StateTime=0.392575->0.392575 StatePosition=1->1 MotionBefore=Troll_Stand_Fist_Fist_P0_QuickAttackL_Hit_N_Fwd_00_%_00_P0_100.xmot MotionAfter=Troll_Stand_Fist_Fist_P0_QuickAttackL_Hit_N_Fwd_00_%_00_P0_100.xmot Right=TrollFist RightUseType=55 RightGroup=5->5 NativeResult=1 OBSERVE_NATIVE=1
CORE RAW55_QUICK_CALLBACK_BOUNDARY Actor=BlackTroll C1=3 SameC1=1 Action=5->5 Phase=1->1 StateTime=0.400909->0.400909 StatePosition=1->1 MotionBefore=Troll_Stand_Fist_Fist_P0_QuickAttackL_Hit_N_Fwd_00_%_00_P0_100.xmot MotionAfter=Troll_Stand_Fist_Fist_P0_QuickAttackL_Hit_N_Fwd_00_%_00_P0_100.xmot Right=TrollFist RightUseType=55 RightGroup=5->5 NativeResult=1 OBSERVE_NATIVE=1
CORE RAW55_QUICK_CALLBACK_BOUNDARY Actor=BlackTroll C1=3 SameC1=1 Action=5->5 Phase=1->1 StateTime=0.409242->0.409242 StatePosition=1->1 MotionBefore=Troll_Stand_Fist_Fist_P0_QuickAttackL_Hit_N_Fwd_00_%_00_P0_100.xmot MotionAfter=Troll_Stand_Fist_Fist_P0_QuickAttackL_Hit_N_Fwd_00_%_00_P0_100.xmot Right=TrollFist RightUseType=55 RightGroup=5->5 NativeResult=1 OBSERVE_NATIVE=1
CORE RAW55_QUICK_CALLBACK_BOUNDARY Actor=BlackTroll C1=3 SameC1=1 Action=5->5 Phase=1->1 StateTime=0.417575->0.417575 StatePosition=1->1 MotionBefore=Troll_Stand_Fist_Fist_P0_QuickAttackL_Hit_N_Fwd_00_%_00_P0_100.xmot MotionAfter=Troll_Stand_Fist_Fist_P0_QuickAttackL_Hit_N_Fwd_00_%_00_P0_100.xmot Right=TrollFist RightUseType=55 RightGroup=5->5 NativeResult=1 OBSERVE_NATIVE=1
CORE RAW55_QUICK_CALLBACK_BOUNDARY Actor=BlackTroll C1=3 SameC1=1 Action=5->5 Phase=1->1 StateTime=0.426546->0.426546 StatePosition=1->1 MotionBefore=Troll_Stand_Fist_Fist_P0_QuickAttackL_Hit_N_Fwd_00_%_00_P0_100.xmot MotionAfter=Troll_Stand_Fist_Fist_P0_QuickAttackL_Hit_N_Fwd_00_%_00_P0_100.xmot Right=TrollFist RightUseType=55 RightGroup=5->5 NativeResult=1 OBSERVE_NATIVE=1
CORE RAW55_QUICK_CALLBACK_BOUNDARY Actor=BlackTroll C1=3 SameC1=1 Action=5->5 Phase=1->1 StateTime=0.434879->0.434879 StatePosition=1->1 MotionBefore=Troll_Stand_Fist_Fist_P0_QuickAttackL_Hit_N_Fwd_00_%_00_P0_100.xmot MotionAfter=Troll_Stand_Fist_Fist_P0_QuickAttackL_Hit_N_Fwd_00_%_00_P0_100.xmot Right=TrollFist RightUseType=55 RightGroup=5->5 NativeResult=1 OBSERVE_NATIVE=1
CORE RAW55_QUICK_CALLBACK_BOUNDARY Actor=BlackTroll C1=3 SameC1=1 Action=5->5 Phase=1->1 StateTime=0.443213->0.443213 StatePosition=1->1 MotionBefore=Troll_Stand_Fist_Fist_P0_QuickAttackL_Hit_N_Fwd_00_%_00_P0_100.xmot MotionAfter=Troll_Stand_Fist_Fist_P0_QuickAttackL_Hit_N_Fwd_00_%_00_P0_100.xmot Right=TrollFist RightUseType=55 RightGroup=5->5 NativeResult=1 OBSERVE_NATIVE=1
CORE RAW55_QUICK_CALLBACK_BOUNDARY Actor=BlackTroll C1=3 SameC1=1 Action=5->5 Phase=1->1 StateTime=0.451546->0.451546 StatePosition=1->1 MotionBefore=Troll_Stand_Fist_Fist_P0_QuickAttackL_Hit_N_Fwd_00_%_00_P0_100.xmot MotionAfter=Troll_Stand_Fist_Fist_P0_QuickAttackL_Hit_N_Fwd_00_%_00_P0_100.xmot Right=TrollFist RightUseType=55 RightGroup=5->5 NativeResult=1 OBSERVE_NATIVE=1
CORE RAW55_QUICK_CALLBACK_BOUNDARY Actor=BlackTroll C1=3 SameC1=1 Action=5->5 Phase=1->1 StateTime=0.459879->0.459879 StatePosition=1->1 MotionBefore=Troll_Stand_Fist_Fist_P0_QuickAttackL_Hit_N_Fwd_00_%_00_P0_100.xmot MotionAfter=Troll_Stand_Fist_Fist_P0_QuickAttackL_Hit_N_Fwd_00_%_00_P0_100.xmot Right=TrollFist RightUseType=55 RightGroup=5->5 NativeResult=1 OBSERVE_NATIVE=1
CORE RAW55_QUICK_CALLBACK_BOUNDARY Actor=BlackTroll C1=3 SameC1=1 Action=5->5 Phase=1->1 StateTime=0.469835->0.469835 StatePosition=1->1 MotionBefore=Troll_Stand_Fist_Fist_P0_QuickAttackL_Hit_N_Fwd_00_%_00_P0_100.xmot MotionAfter=Troll_Stand_Fist_Fist_P0_QuickAttackL_Hit_N_Fwd_00_%_00_P0_100.xmot Right=TrollFist RightUseType=55 RightGroup=5->5 NativeResult=1 OBSERVE_NATIVE=1
CORE RAW55_QUICK_CALLBACK_BOUNDARY Actor=BlackTroll C1=3 SameC1=1 Action=5->5 Phase=1->1 StateTime=0.478168->0.478168 StatePosition=1->1 MotionBefore=Troll_Stand_Fist_Fist_P0_QuickAttackL_Hit_N_Fwd_00_%_00_P0_100.xmot MotionAfter=Troll_Stand_Fist_Fist_P0_QuickAttackL_Hit_N_Fwd_00_%_00_P0_100.xmot Right=TrollFist RightUseType=55 RightGroup=5->5 NativeResult=1 OBSERVE_NATIVE=1
===== CORE MARKER ANOMALY / DISCOVERY =====
ElapsedMs: 32624.333
Actor: BlackTroll
Action: 5
Family: QUICK
AniPhase: 1
StatePosition: 1
CurrentMovementAni: Troll_Stand_Fist_Fist_P0_QuickAttackL_Hit_N_Fwd_00_%_00_P0_100.xmot
MarkerName: G3AB_COL_FIST
MarkerOpcode: FIST
Result: UNSUPPORTED_MISSING_SOURCE
C1GenerationValid: 1
C1Generation: 3
RequiredSourceMask: 0
MissingSourceMask: 0
RightSourceSlot: RIGHT
RightSourceName: TrollFist
RightSourceUseType: 55
RightSourceCollisionGroup: 5
LeftSourceSlot: LEFT
LeftSourceName: TrollFist
LeftSourceUseType: 55
LeftSourceCollisionGroup: 5
Raw8FistSourceName: <none>
Raw8FistSourceUseType: -1
Raw8FistSourceCollisionGroup: -1
===========================================

CORE COLLISION_GROUP ElapsedMs=32624.366 Source=TrollFist UseType=55 Owner=BlackTroll Slot=RIGHT Requested=7 Before=5 After=7 MarkerBitsRetired=0
CORE C1 OFFENSE REQUEST ElapsedMs=32624.374 Actor=BlackTroll Generation=3 Status=PERSISTED Source=TrollFist Side=RIGHT Requests=1 Outstanding=1 CleanupObserved=0 Group=7
CORE RAW55_QUICK_FIST_REARM_PROBE Actor=BlackTroll C1=3 Action=5 StatePosition=1 StateTime=0.488124 Right=TrollFist RightUseType=55 GroupBefore=5 RequestedGroup=7 GroupAfter=7 EarlySuppressionProof=1 ClearTriggeredList=1 REARM_PROBE=1
CORE RAW55_QUICK_CALLBACK_BOUNDARY Actor=BlackTroll C1=3 SameC1=1 Action=5->5 Phase=1->1 StateTime=0.488124->0.488124 StatePosition=1->1 MotionBefore=Troll_Stand_Fist_Fist_P0_QuickAttackL_Hit_N_Fwd_00_%_00_P0_100.xmot MotionAfter=Troll_Stand_Fist_Fist_P0_QuickAttackL_Hit_N_Fwd_00_%_00_P0_100.xmot Right=TrollFist RightUseType=55 RightGroup=7->7 NativeResult=1 OBSERVE_NATIVE=1
CORE RAW55_QUICK_CALLBACK_BOUNDARY Actor=BlackTroll C1=3 SameC1=1 Action=5->5 Phase=1->1 StateTime=0.496458->0.496458 StatePosition=1->1 MotionBefore=Troll_Stand_Fist_Fist_P0_QuickAttackL_Hit_N_Fwd_00_%_00_P0_100.xmot MotionAfter=Troll_Stand_Fist_Fist_P0_QuickAttackL_Hit_N_Fwd_00_%_00_P0_100.xmot Right=TrollFist RightUseType=55 RightGroup=7->7 NativeResult=1 OBSERVE_NATIVE=1
CORE RAW55_QUICK_CALLBACK_BOUNDARY Actor=BlackTroll C1=3 SameC1=1 Action=5->5 Phase=1->1 StateTime=0.505414->0.505414 StatePosition=1->1 MotionBefore=Troll_Stand_Fist_Fist_P0_QuickAttackL_Hit_N_Fwd_00_%_00_P0_100.xmot MotionAfter=Troll_Stand_Fist_Fist_P0_QuickAttackL_Hit_N_Fwd_00_%_00_P0_100.xmot Right=TrollFist RightUseType=55 RightGroup=7->7 NativeResult=1 OBSERVE_NATIVE=1
CORE RAW55_QUICK_CALLBACK_BOUNDARY Actor=BlackTroll C1=3 SameC1=1 Action=5->5 Phase=1->1 StateTime=0.513748->0.513748 StatePosition=1->1 MotionBefore=Troll_Stand_Fist_Fist_P0_QuickAttackL_Hit_N_Fwd_00_%_00_P0_100.xmot MotionAfter=Troll_Stand_Fist_Fist_P0_QuickAttackL_Hit_N_Fwd_00_%_00_P0_100.xmot Right=TrollFist RightUseType=55 RightGroup=7->7 NativeResult=1 OBSERVE_NATIVE=1
CORE RAW55_QUICK_CALLBACK_BOUNDARY Actor=BlackTroll C1=3 SameC1=1 Action=5->5 Phase=1->1 StateTime=0.522081->0.522081 StatePosition=1->1 MotionBefore=Troll_Stand_Fist_Fist_P0_QuickAttackL_Hit_N_Fwd_00_%_00_P0_100.xmot MotionAfter=Troll_Stand_Fist_Fist_P0_QuickAttackL_Hit_N_Fwd_00_%_00_P0_100.xmot Right=TrollFist RightUseType=55 RightGroup=7->7 NativeResult=1 OBSERVE_NATIVE=1
CORE RAW55_QUICK_CALLBACK_BOUNDARY Actor=BlackTroll C1=3 SameC1=1 Action=5->5 Phase=1->1 StateTime=0.532022->0.532022 StatePosition=1->1 MotionBefore=Troll_Stand_Fist_Fist_P0_QuickAttackL_Hit_N_Fwd_00_%_00_P0_100.xmot MotionAfter=Troll_Stand_Fist_Fist_P0_QuickAttackL_Hit_N_Fwd_00_%_00_P0_100.xmot Right=TrollFist RightUseType=55 RightGroup=7->7 NativeResult=1 OBSERVE_NATIVE=1
CORE RAW55_QUICK_CALLBACK_BOUNDARY Actor=BlackTroll C1=3 SameC1=1 Action=5->5 Phase=1->1 StateTime=0.540356->0.540356 StatePosition=1->1 MotionBefore=Troll_Stand_Fist_Fist_P0_QuickAttackL_Hit_N_Fwd_00_%_00_P0_100.xmot MotionAfter=Troll_Stand_Fist_Fist_P0_QuickAttackL_Hit_N_Fwd_00_%_00_P0_100.xmot Right=TrollFist RightUseType=55 RightGroup=7->7 NativeResult=1 OBSERVE_NATIVE=1
CORE RAW55_QUICK_CALLBACK_BOUNDARY Actor=BlackTroll C1=3 SameC1=1 Action=5->5 Phase=1->1 StateTime=0.548689->0.548689 StatePosition=1->1 MotionBefore=Troll_Stand_Fist_Fist_P0_QuickAttackL_Hit_N_Fwd_00_%_00_P0_100.xmot MotionAfter=Troll_Stand_Fist_Fist_P0_QuickAttackL_Hit_N_Fwd_00_%_00_P0_100.xmot Right=TrollFist RightUseType=55 RightGroup=7->7 NativeResult=1 OBSERVE_NATIVE=1
CORE RAW55_QUICK_CALLBACK_BOUNDARY Actor=BlackTroll C1=3 SameC1=1 Action=5->5 Phase=1->1 StateTime=0.557022->0.557022 StatePosition=1->1 MotionBefore=Troll_Stand_Fist_Fist_P0_QuickAttackL_Hit_N_Fwd_00_%_00_P0_100.xmot MotionAfter=Troll_Stand_Fist_Fist_P0_QuickAttackL_Hit_N_Fwd_00_%_00_P0_100.xmot Right=TrollFist RightUseType=55 RightGroup=7->7 NativeResult=1 OBSERVE_NATIVE=1
CORE RAW55_QUICK_CALLBACK_BOUNDARY Actor=BlackTroll C1=3 SameC1=1 Action=5->5 Phase=1->1 StateTime=0.565978->0.565978 StatePosition=1->1 MotionBefore=Troll_Stand_Fist_Fist_P0_QuickAttackL_Hit_N_Fwd_00_%_00_P0_100.xmot MotionAfter=Troll_Stand_Fist_Fist_P0_QuickAttackL_Hit_N_Fwd_00_%_00_P0_100.xmot Right=TrollFist RightUseType=55 RightGroup=7->7 NativeResult=1 OBSERVE_NATIVE=1
CORE RAW55_QUICK_CALLBACK_BOUNDARY Actor=BlackTroll C1=3 SameC1=1 Action=5->5 Phase=1->1 StateTime=0.574312->0.574312 StatePosition=1->1 MotionBefore=Troll_Stand_Fist_Fist_P0_QuickAttackL_Hit_N_Fwd_00_%_00_P0_100.xmot MotionAfter=Troll_Stand_Fist_Fist_P0_QuickAttackL_Hit_N_Fwd_00_%_00_P0_100.xmot Right=TrollFist RightUseType=55 RightGroup=7->7 NativeResult=1 OBSERVE_NATIVE=1
CORE RAW55_QUICK_CALLBACK_BOUNDARY Actor=BlackTroll C1=3 SameC1=1 Action=5->5 Phase=1->1 StateTime=0.583268->0.583268 StatePosition=1->1 MotionBefore=Troll_Stand_Fist_Fist_P0_QuickAttackL_Hit_N_Fwd_00_%_00_P0_100.xmot MotionAfter=Troll_Stand_Fist_Fist_P0_QuickAttackL_Hit_N_Fwd_00_%_00_P0_100.xmot Right=TrollFist RightUseType=55 RightGroup=7->7 NativeResult=1 OBSERVE_NATIVE=1
CORE RAW55_QUICK_CALLBACK_BOUNDARY Actor=BlackTroll C1=3 SameC1=1 Action=5->5 Phase=1->1 StateTime=0.592267->0.592267 StatePosition=1->1 MotionBefore=Troll_Stand_Fist_Fist_P0_QuickAttackL_Hit_N_Fwd_00_%_00_P0_100.xmot MotionAfter=Troll_Stand_Fist_Fist_P0_QuickAttackL_Hit_N_Fwd_00_%_00_P0_100.xmot Right=TrollFist RightUseType=55 RightGroup=7->7 NativeResult=1 OBSERVE_NATIVE=1
CORE RAW55_QUICK_CALLBACK_BOUNDARY Actor=BlackTroll C1=3 SameC1=1 Action=5->5 Phase=1->1 StateTime=0.600601->0.600601 StatePosition=1->1 MotionBefore=Troll_Stand_Fist_Fist_P0_QuickAttackL_Hit_N_Fwd_00_%_00_P0_100.xmot MotionAfter=Troll_Stand_Fist_Fist_P0_QuickAttackL_Hit_N_Fwd_00_%_00_P0_100.xmot Right=TrollFist RightUseType=55 RightGroup=7->7 NativeResult=1 OBSERVE_NATIVE=1
CORE RAW55_QUICK_CALLBACK_BOUNDARY Actor=BlackTroll C1=3 SameC1=1 Action=5->5 Phase=1->1 StateTime=0.608934->0.608934 StatePosition=1->1 MotionBefore=Troll_Stand_Fist_Fist_P0_QuickAttackL_Hit_N_Fwd_00_%_00_P0_100.xmot MotionAfter=Troll_Stand_Fist_Fist_P0_QuickAttackL_Hit_N_Fwd_00_%_00_P0_100.xmot Right=TrollFist RightUseType=55 RightGroup=7->7 NativeResult=1 OBSERVE_NATIVE=1
CORE RAW55_QUICK_CALLBACK_BOUNDARY Actor=BlackTroll C1=3 SameC1=1 Action=5->5 Phase=1->1 StateTime=0.617267->0.617267 StatePosition=1->1 MotionBefore=Troll_Stand_Fist_Fist_P0_QuickAttackL_Hit_N_Fwd_00_%_00_P0_100.xmot MotionAfter=Troll_Stand_Fist_Fist_P0_QuickAttackL_Hit_N_Fwd_00_%_00_P0_100.xmot Right=TrollFist RightUseType=55 RightGroup=7->7 NativeResult=1 OBSERVE_NATIVE=1
CORE RAW55_QUICK_CALLBACK_BOUNDARY Actor=BlackTroll C1=3 SameC1=1 Action=5->5 Phase=1->1 StateTime=0.625601->0.625601 StatePosition=1->1 MotionBefore=Troll_Stand_Fist_Fist_P0_QuickAttackL_Hit_N_Fwd_00_%_00_P0_100.xmot MotionAfter=Troll_Stand_Fist_Fist_P0_QuickAttackL_Hit_N_Fwd_00_%_00_P0_100.xmot Right=TrollFist RightUseType=55 RightGroup=7->7 NativeResult=1 OBSERVE_NATIVE=1
CORE RAW55_QUICK_CALLBACK_BOUNDARY Actor=BlackTroll C1=3 SameC1=1 Action=5->5 Phase=1->1 StateTime=0.633934->0.633934 StatePosition=1->1 MotionBefore=Troll_Stand_Fist_Fist_P0_QuickAttackL_Hit_N_Fwd_00_%_00_P0_100.xmot MotionAfter=Troll_Stand_Fist_Fist_P0_QuickAttackL_Hit_N_Fwd_00_%_00_P0_100.xmot Right=TrollFist RightUseType=55 RightGroup=7->7 NativeResult=1 OBSERVE_NATIVE=1
CORE RAW55_QUICK_CALLBACK_BOUNDARY Actor=BlackTroll C1=3 SameC1=1 Action=5->5 Phase=1->1 StateTime=0.642267->0.642267 StatePosition=1->1 MotionBefore=Troll_Stand_Fist_Fist_P0_QuickAttackL_Hit_N_Fwd_00_%_00_P0_100.xmot MotionAfter=Troll_Stand_Fist_Fist_P0_QuickAttackL_Hit_N_Fwd_00_%_00_P0_100.xmot Right=TrollFist RightUseType=55 RightGroup=7->7 NativeResult=1 OBSERVE_NATIVE=1
CORE RAW55_QUICK_CALLBACK_BOUNDARY Actor=BlackTroll C1=3 SameC1=1 Action=5->5 Phase=1->1 StateTime=0.651252->0.651252 StatePosition=1->1 MotionBefore=Troll_Stand_Fist_Fist_P0_QuickAttackL_Hit_N_Fwd_00_%_00_P0_100.xmot MotionAfter=Troll_Stand_Fist_Fist_P0_QuickAttackL_Hit_N_Fwd_00_%_00_P0_100.xmot Right=TrollFist RightUseType=55 RightGroup=7->7 NativeResult=1 OBSERVE_NATIVE=1
CORE RAW55_QUICK_CALLBACK_BOUNDARY Actor=BlackTroll C1=3 SameC1=1 Action=5->5 Phase=1->1 StateTime=0.659585->0.659585 StatePosition=1->1 MotionBefore=Troll_Stand_Fist_Fist_P0_QuickAttackL_Hit_N_Fwd_00_%_00_P0_100.xmot MotionAfter=Troll_Stand_Fist_Fist_P0_QuickAttackL_Hit_N_Fwd_00_%_00_P0_100.xmot Right=TrollFist RightUseType=55 RightGroup=7->7 NativeResult=1 OBSERVE_NATIVE=1
CORE RAW55_QUICK_CALLBACK_BOUNDARY Actor=BlackTroll C1=3 SameC1=1 Action=5->5 Phase=1->1 StateTime=0.669541->0.669541 StatePosition=1->1 MotionBefore=Troll_Stand_Fist_Fist_P0_QuickAttackL_Hit_N_Fwd_00_%_00_P0_100.xmot MotionAfter=Troll_Stand_Fist_Fist_P0_QuickAttackL_Hit_N_Fwd_00_%_00_P0_100.xmot Right=TrollFist RightUseType=55 RightGroup=7->7 NativeResult=1 OBSERVE_NATIVE=1
CORE RAW55_QUICK_CALLBACK_BOUNDARY Actor=BlackTroll C1=3 SameC1=1 Action=5->5 Phase=1->1 StateTime=0.677875->0.677875 StatePosition=1->1 MotionBefore=Troll_Stand_Fist_Fist_P0_QuickAttackL_Hit_N_Fwd_00_%_00_P0_100.xmot MotionAfter=Troll_Stand_Fist_Fist_P0_QuickAttackL_Hit_N_Fwd_00_%_00_P0_100.xmot Right=TrollFist RightUseType=55 RightGroup=7->7 NativeResult=1 OBSERVE_NATIVE=1
CORE RAW55_QUICK_CALLBACK_BOUNDARY Actor=BlackTroll C1=3 SameC1=1 Action=5->5 Phase=1->1 StateTime=0.686831->0.686831 StatePosition=1->1 MotionBefore=Troll_Stand_Fist_Fist_P0_QuickAttackL_Hit_N_Fwd_00_%_00_P0_100.xmot MotionAfter=Troll_Stand_Fist_Fist_P0_QuickAttackL_Hit_N_Fwd_00_%_00_P0_100.xmot Right=TrollFist RightUseType=55 RightGroup=7->7 NativeResult=1 OBSERVE_NATIVE=1
CORE RAW55_QUICK_CALLBACK_BOUNDARY Actor=BlackTroll C1=3 SameC1=1 Action=5->5 Phase=1->1 StateTime=0.695165->0.695165 StatePosition=1->1 MotionBefore=Troll_Stand_Fist_Fist_P0_QuickAttackL_Hit_N_Fwd_00_%_00_P0_100.xmot MotionAfter=Troll_Stand_Fist_Fist_P0_QuickAttackL_Hit_N_Fwd_00_%_00_P0_100.xmot Right=TrollFist RightUseType=55 RightGroup=7->7 NativeResult=1 OBSERVE_NATIVE=1
CORE RAW55_QUICK_CALLBACK_BOUNDARY Actor=BlackTroll C1=3 SameC1=1 Action=5->5 Phase=1->1 StateTime=0.705106->0.705106 StatePosition=1->1 MotionBefore=Troll_Stand_Fist_Fist_P0_QuickAttackL_Hit_N_Fwd_00_%_00_P0_100.xmot MotionAfter=Troll_Stand_Fist_Fist_P0_QuickAttackL_Hit_N_Fwd_00_%_00_P0_100.xmot Right=TrollFist RightUseType=55 RightGroup=7->7 NativeResult=1 OBSERVE_NATIVE=1
CORE RAW55_QUICK_CALLBACK_BOUNDARY Actor=BlackTroll C1=3 SameC1=1 Action=5->5 Phase=1->1 StateTime=0.713439->0.713439 StatePosition=1->1 MotionBefore=Troll_Stand_Fist_Fist_P0_QuickAttackL_Hit_N_Fwd_00_%_00_P0_100.xmot MotionAfter=Troll_Stand_Fist_Fist_P0_QuickAttackL_Hit_N_Fwd_00_%_00_P0_100.xmot Right=TrollFist RightUseType=55 RightGroup=7->7 NativeResult=1 OBSERVE_NATIVE=1
CORE RAW55_QUICK_CALLBACK_BOUNDARY Actor=BlackTroll C1=3 SameC1=1 Action=5->5 Phase=1->1 StateTime=0.721773->0.721773 StatePosition=1->1 MotionBefore=Troll_Stand_Fist_Fist_P0_QuickAttackL_Hit_N_Fwd_00_%_00_P0_100.xmot MotionAfter=Troll_Stand_Fist_Fist_P0_QuickAttackL_Hit_N_Fwd_00_%_00_P0_100.xmot Right=TrollFist RightUseType=55 RightGroup=7->7 NativeResult=1 OBSERVE_NATIVE=1
CORE RAW55_QUICK_CALLBACK_BOUNDARY Actor=BlackTroll C1=3 SameC1=1 Action=5->5 Phase=1->1 StateTime=0.730106->0.730106 StatePosition=1->1 MotionBefore=Troll_Stand_Fist_Fist_P0_QuickAttackL_Hit_N_Fwd_00_%_00_P0_100.xmot MotionAfter=Troll_Stand_Fist_Fist_P0_QuickAttackL_Hit_N_Fwd_00_%_00_P0_100.xmot Right=TrollFist RightUseType=55 RightGroup=7->7 NativeResult=1 OBSERVE_NATIVE=1
CORE RAW55_QUICK_CALLBACK_BOUNDARY Actor=BlackTroll C1=3 SameC1=1 Action=5->5 Phase=1->1 StateTime=0.738439->0.738439 StatePosition=1->1 MotionBefore=Troll_Stand_Fist_Fist_P0_QuickAttackL_Hit_N_Fwd_00_%_00_P0_100.xmot MotionAfter=Troll_Stand_Fist_Fist_P0_QuickAttackL_Hit_N_Fwd_00_%_00_P0_100.xmot Right=TrollFist RightUseType=55 RightGroup=7->7 NativeResult=1 OBSERVE_NATIVE=1
CORE RAW55_QUICK_CALLBACK_BOUNDARY Actor=BlackTroll C1=3 SameC1=1 Action=5->5 Phase=1->1 StateTime=0.748381->0.748381 StatePosition=1->1 MotionBefore=Troll_Stand_Fist_Fist_P0_QuickAttackL_Hit_N_Fwd_00_%_00_P0_100.xmot MotionAfter=Troll_Stand_Fist_Fist_P0_QuickAttackL_Hit_N_Fwd_00_%_00_P0_100.xmot Right=TrollFist RightUseType=55 RightGroup=7->7 NativeResult=1 OBSERVE_NATIVE=1
CORE RAW55_QUICK_CALLBACK_BOUNDARY Actor=BlackTroll C1=3 SameC1=1 Action=5->5 Phase=1->1 StateTime=0.756714->0.756714 StatePosition=1->1 MotionBefore=Troll_Stand_Fist_Fist_P0_QuickAttackL_Hit_N_Fwd_00_%_00_P0_100.xmot MotionAfter=Troll_Stand_Fist_Fist_P0_QuickAttackL_Hit_N_Fwd_00_%_00_P0_100.xmot Right=TrollFist RightUseType=55 RightGroup=7->7 NativeResult=1 OBSERVE_NATIVE=1
CORE RAW55_QUICK_CALLBACK_BOUNDARY Actor=BlackTroll C1=3 SameC1=1 Action=5->5 Phase=1->1 StateTime=0.765685->0.765685 StatePosition=1->1 MotionBefore=Troll_Stand_Fist_Fist_P0_QuickAttackL_Hit_N_Fwd_00_%_00_P0_100.xmot MotionAfter=Troll_Stand_Fist_Fist_P0_QuickAttackL_Hit_N_Fwd_00_%_00_P0_100.xmot Right=TrollFist RightUseType=55 RightGroup=7->7 NativeResult=1 OBSERVE_NATIVE=1
CORE RAW55_QUICK_CALLBACK_BOUNDARY Actor=BlackTroll C1=3 SameC1=1 Action=5->5 Phase=1->1 StateTime=0.774018->0.774018 StatePosition=1->1 MotionBefore=Troll_Stand_Fist_Fist_P0_QuickAttackL_Hit_N_Fwd_00_%_00_P0_100.xmot MotionAfter=Troll_Stand_Fist_Fist_P0_QuickAttackL_Hit_N_Fwd_00_%_00_P0_100.xmot Right=TrollFist RightUseType=55 RightGroup=7->7 NativeResult=1 OBSERVE_NATIVE=1
CORE RAW55_QUICK_CALLBACK_BOUNDARY Actor=BlackTroll C1=3 SameC1=1 Action=5->5 Phase=1->1 StateTime=0.782975->0.782975 StatePosition=1->1 MotionBefore=Troll_Stand_Fist_Fist_P0_QuickAttackL_Hit_N_Fwd_00_%_00_P0_100.xmot MotionAfter=Troll_Stand_Fist_Fist_P0_QuickAttackL_Hit_N_Fwd_00_%_00_P0_100.xmot Right=TrollFist RightUseType=55 RightGroup=7->7 NativeResult=1 OBSERVE_NATIVE=1
CORE RAW55_QUICK_CALLBACK_BOUNDARY Actor=BlackTroll C1=3 SameC1=1 Action=5->5 Phase=1->1 StateTime=0.791308->0.791308 StatePosition=1->1 MotionBefore=Troll_Stand_Fist_Fist_P0_QuickAttackL_Hit_N_Fwd_00_%_00_P0_100.xmot MotionAfter=Troll_Stand_Fist_Fist_P0_QuickAttackL_Hit_N_Fwd_00_%_00_P0_100.xmot Right=TrollFist RightUseType=55 RightGroup=7->7 NativeResult=1 OBSERVE_NATIVE=1
CORE RAW55_QUICK_CALLBACK_BOUNDARY Actor=BlackTroll C1=3 SameC1=1 Action=5->5 Phase=1->1 StateTime=0.799641->0.799641 StatePosition=1->1 MotionBefore=Troll_Stand_Fist_Fist_P0_QuickAttackL_Hit_N_Fwd_00_%_00_P0_100.xmot MotionAfter=Troll_Stand_Fist_Fist_P0_QuickAttackL_Hit_N_Fwd_00_%_00_P0_100.xmot Right=TrollFist RightUseType=55 RightGroup=7->7 NativeResult=1 OBSERVE_NATIVE=1
CORE COLLISION_GROUP ElapsedMs=32921.625 Source=TrollFist UseType=55 Owner=BlackTroll Slot=RIGHT Requested=5 Before=7 After=5 MarkerBitsRetired=0
CORE C1 CLEANUP FULFILLED ElapsedMs=32921.645 Actor=BlackTroll Generation=3 Status=PERSISTED Source=TrollFist Side=RIGHT Requests=1 Outstanding=0 CleanupObserved=1 Group=5
CORE C1_FINAL ElapsedMs=33013.961 Actor=BlackTroll Generation=3 Status=PERSISTED SourceCount=2 PhysicalChanged=0 Source[0]=TrollFist Side=RIGHT Outstanding=0 Cleanup=1 Outcome=NO_OP_NO_OUTSTANDING Source[1]=TrollFist Side=LEFT Outstanding=0 Cleanup=0 Outcome=NO_OP_NO_OUTSTANDING
CORE C1_START ElapsedMs=34251.714 Actor=BlackTroll Generation=4 Status=CANDIDATE Outstanding=0 TrackedSources=2 ReplacedGeneration=0 ReplacedOutstanding=0 Source[0]=TrollFist Side=RIGHT Group=5 Source[1]=TrollFist Side=LEFT Group=5
CORE C1_BIND ElapsedMs=34251.726 Event=COMBAT_MOVE_CANDIDATE_BOUND Actor=BlackTroll Generation=4 Status=CANDIDATE Outstanding=0 Source=<null> Script=_AI_QuickAttack
CORE C1_STATUS ElapsedMs=34251.804 Event=PERSISTED Actor=BlackTroll Generation=4 Status=PERSISTED Outstanding=0
CORE ATTACK_OWNERSHIP ElapsedMs=34251.821 Actor=BlackTroll Family=QUICK Action=4 Phase=1 Motion=Troll_Stand_Fist_Fist_P0_QuickAttackR_Hit_N_Fwd_00_%_00_P0_100.xmot MarkerPresent=1 RequiredMask=0 FistMarkers=1 Raw8Fist=<none> Raw8UseType=-1 SuppressNative=0 Classification=CONTRADICTION
===== CORE ATTACK OWNERSHIP ANOMALY =====
MatchingMotionFound: 1
MarkerScanValid: 1
RequiredSourcesAvailable: 1
RightSourceSlot: RIGHT
RightSourceName: TrollFist
RightSourceUseType: 55
RightSourceCollisionGroup: 5
LeftSourceSlot: LEFT
LeftSourceName: TrollFist
LeftSourceUseType: 55
LeftSourceCollisionGroup: 5
Raw8FistSourceName: <none>
Raw8FistSourceUseType: -1
Raw8FistSourceCollisionGroup: -1
=========================================

CORE RAW55_QUICK_CALLBACK_BOUNDARY Actor=BlackTroll C1=4 SameC1=1 Action=4->4 Phase=1->1 StateTime=0.000000->0.000000 StatePosition=0->0 MotionBefore=Troll_Stand_Fist_Fist_P0_QuickAttackR_Hit_N_Fwd_00_%_00_P0_100.xmot MotionAfter=Troll_Stand_Fist_Fist_P0_QuickAttackR_Hit_N_Fwd_00_%_00_P0_100.xmot Right=TrollFist RightUseType=55 RightGroup=5->5 NativeResult=1 OBSERVE_NATIVE=1
CORE RAW55_QUICK_CALLBACK_BOUNDARY Actor=BlackTroll C1=4 SameC1=1 Action=4->4 Phase=1->1 StateTime=0.008333->0.008333 StatePosition=0->0 MotionBefore=Troll_Stand_Fist_Fist_P0_QuickAttackR_Hit_N_Fwd_00_%_00_P0_100.xmot MotionAfter=Troll_Stand_Fist_Fist_P0_QuickAttackR_Hit_N_Fwd_00_%_00_P0_100.xmot Right=TrollFist RightUseType=55 RightGroup=5->5 NativeResult=1 OBSERVE_NATIVE=1
CORE RAW55_QUICK_CALLBACK_BOUNDARY Actor=BlackTroll C1=4 SameC1=1 Action=4->4 Phase=1->1 StateTime=0.017304->0.017304 StatePosition=0->0 MotionBefore=Troll_Stand_Fist_Fist_P0_QuickAttackR_Hit_N_Fwd_00_%_00_P0_100.xmot MotionAfter=Troll_Stand_Fist_Fist_P0_QuickAttackR_Hit_N_Fwd_00_%_00_P0_100.xmot Right=TrollFist RightUseType=55 RightGroup=5->5 NativeResult=1 OBSERVE_NATIVE=1
CORE RAW55_QUICK_CALLBACK_BOUNDARY Actor=BlackTroll C1=4 SameC1=1 Action=4->4 Phase=1->1 StateTime=0.025638->0.025638 StatePosition=0->0 MotionBefore=Troll_Stand_Fist_Fist_P0_QuickAttackR_Hit_N_Fwd_00_%_00_P0_100.xmot MotionAfter=Troll_Stand_Fist_Fist_P0_QuickAttackR_Hit_N_Fwd_00_%_00_P0_100.xmot Right=TrollFist RightUseType=55 RightGroup=5->5 NativeResult=1 OBSERVE_NATIVE=1
CORE RAW55_QUICK_CALLBACK_BOUNDARY Actor=BlackTroll C1=4 SameC1=1 Action=4->4 Phase=1->1 StateTime=0.036564->0.036564 StatePosition=0->0 MotionBefore=Troll_Stand_Fist_Fist_P0_QuickAttackR_Hit_N_Fwd_00_%_00_P0_100.xmot MotionAfter=Troll_Stand_Fist_Fist_P0_QuickAttackR_Hit_N_Fwd_00_%_00_P0_100.xmot Right=TrollFist RightUseType=55 RightGroup=5->5 NativeResult=1 OBSERVE_NATIVE=1
CORE RAW55_QUICK_CALLBACK_BOUNDARY Actor=BlackTroll C1=4 SameC1=1 Action=4->4 Phase=1->1 StateTime=0.044898->0.044898 StatePosition=0->0 MotionBefore=Troll_Stand_Fist_Fist_P0_QuickAttackR_Hit_N_Fwd_00_%_00_P0_100.xmot MotionAfter=Troll_Stand_Fist_Fist_P0_QuickAttackR_Hit_N_Fwd_00_%_00_P0_100.xmot Right=TrollFist RightUseType=55 RightGroup=5->5 NativeResult=1 OBSERVE_NATIVE=1
CORE RAW55_QUICK_CALLBACK_BOUNDARY Actor=BlackTroll C1=4 SameC1=1 Action=4->4 Phase=1->1 StateTime=0.053231->0.053231 StatePosition=0->0 MotionBefore=Troll_Stand_Fist_Fist_P0_QuickAttackR_Hit_N_Fwd_00_%_00_P0_100.xmot MotionAfter=Troll_Stand_Fist_Fist_P0_QuickAttackR_Hit_N_Fwd_00_%_00_P0_100.xmot Right=TrollFist RightUseType=55 RightGroup=5->5 NativeResult=1 OBSERVE_NATIVE=1
CORE RAW55_QUICK_CALLBACK_BOUNDARY Actor=BlackTroll C1=4 SameC1=1 Action=4->4 Phase=1->1 StateTime=0.061564->0.061564 StatePosition=0->0 MotionBefore=Troll_Stand_Fist_Fist_P0_QuickAttackR_Hit_N_Fwd_00_%_00_P0_100.xmot MotionAfter=Troll_Stand_Fist_Fist_P0_QuickAttackR_Hit_N_Fwd_00_%_00_P0_100.xmot Right=TrollFist RightUseType=55 RightGroup=5->5 NativeResult=1 OBSERVE_NATIVE=1
CORE RAW55_QUICK_CALLBACK_BOUNDARY Actor=BlackTroll C1=4 SameC1=1 Action=4->4 Phase=1->1 StateTime=0.070535->0.070535 StatePosition=0->0 MotionBefore=Troll_Stand_Fist_Fist_P0_QuickAttackR_Hit_N_Fwd_00_%_00_P0_100.xmot MotionAfter=Troll_Stand_Fist_Fist_P0_QuickAttackR_Hit_N_Fwd_00_%_00_P0_100.xmot Right=TrollFist RightUseType=55 RightGroup=5->5 NativeResult=1 OBSERVE_NATIVE=1
CORE RAW55_QUICK_CALLBACK_BOUNDARY Actor=BlackTroll C1=4 SameC1=1 Action=4->4 Phase=1->1 StateTime=0.078868->0.078868 StatePosition=0->0 MotionBefore=Troll_Stand_Fist_Fist_P0_QuickAttackR_Hit_N_Fwd_00_%_00_P0_100.xmot MotionAfter=Troll_Stand_Fist_Fist_P0_QuickAttackR_Hit_N_Fwd_00_%_00_P0_100.xmot Right=TrollFist RightUseType=55 RightGroup=5->5 NativeResult=1 OBSERVE_NATIVE=1
CORE RAW55_QUICK_CALLBACK_BOUNDARY Actor=BlackTroll C1=4 SameC1=1 Action=4->4 Phase=1->1 StateTime=0.087202->0.087202 StatePosition=0->0 MotionBefore=Troll_Stand_Fist_Fist_P0_QuickAttackR_Hit_N_Fwd_00_%_00_P0_100.xmot MotionAfter=Troll_Stand_Fist_Fist_P0_QuickAttackR_Hit_N_Fwd_00_%_00_P0_100.xmot Right=TrollFist RightUseType=55 RightGroup=5->5 NativeResult=1 OBSERVE_NATIVE=1
CORE RAW55_QUICK_CALLBACK_BOUNDARY Actor=BlackTroll C1=4 SameC1=1 Action=4->4 Phase=1->1 StateTime=0.095535->0.095535 StatePosition=0->0 MotionBefore=Troll_Stand_Fist_Fist_P0_QuickAttackR_Hit_N_Fwd_00_%_00_P0_100.xmot MotionAfter=Troll_Stand_Fist_Fist_P0_QuickAttackR_Hit_N_Fwd_00_%_00_P0_100.xmot Right=TrollFist RightUseType=55 RightGroup=5->5 NativeResult=1 OBSERVE_NATIVE=1
CORE RAW55_QUICK_GROUP_SUPPRESSION Actor=BlackTroll C1=4 Right=TrollFist RightUseType=55 RequestedGroup=7 BeforeGroup=5 StatePosition=0 StateTime=0.103868 SUPPRESS_GROUP=1
CORE RAW55_QUICK_CALLBACK_BOUNDARY Actor=BlackTroll C1=4 SameC1=1 Action=4->4 Phase=1->1 StateTime=0.103868->0.103868 StatePosition=0->1 MotionBefore=Troll_Stand_Fist_Fist_P0_QuickAttackR_Hit_N_Fwd_00_%_00_P0_100.xmot MotionAfter=Troll_Stand_Fist_Fist_P0_QuickAttackR_Hit_N_Fwd_00_%_00_P0_100.xmot Right=TrollFist RightUseType=55 RightGroup=5->5 NativeResult=1 OBSERVE_NATIVE=1
CORE RAW55_QUICK_CALLBACK_BOUNDARY Actor=BlackTroll C1=4 SameC1=1 Action=4->4 Phase=1->1 StateTime=0.112202->0.112202 StatePosition=1->1 MotionBefore=Troll_Stand_Fist_Fist_P0_QuickAttackR_Hit_N_Fwd_00_%_00_P0_100.xmot MotionAfter=Troll_Stand_Fist_Fist_P0_QuickAttackR_Hit_N_Fwd_00_%_00_P0_100.xmot Right=TrollFist RightUseType=55 RightGroup=5->5 NativeResult=1 OBSERVE_NATIVE=1
CORE RAW55_QUICK_CALLBACK_BOUNDARY Actor=BlackTroll C1=4 SameC1=1 Action=4->4 Phase=1->1 StateTime=0.120535->0.120535 StatePosition=1->1 MotionBefore=Troll_Stand_Fist_Fist_P0_QuickAttackR_Hit_N_Fwd_00_%_00_P0_100.xmot MotionAfter=Troll_Stand_Fist_Fist_P0_QuickAttackR_Hit_N_Fwd_00_%_00_P0_100.xmot Right=TrollFist RightUseType=55 RightGroup=5->5 NativeResult=1 OBSERVE_NATIVE=1
CORE RAW55_QUICK_CALLBACK_BOUNDARY Actor=BlackTroll C1=4 SameC1=1 Action=4->4 Phase=1->1 StateTime=0.129506->0.129506 StatePosition=1->1 MotionBefore=Troll_Stand_Fist_Fist_P0_QuickAttackR_Hit_N_Fwd_00_%_00_P0_100.xmot MotionAfter=Troll_Stand_Fist_Fist_P0_QuickAttackR_Hit_N_Fwd_00_%_00_P0_100.xmot Right=TrollFist RightUseType=55 RightGroup=5->5 NativeResult=1 OBSERVE_NATIVE=1
CORE RAW55_QUICK_CALLBACK_BOUNDARY Actor=BlackTroll C1=4 SameC1=1 Action=4->4 Phase=1->1 StateTime=0.137839->0.137839 StatePosition=1->1 MotionBefore=Troll_Stand_Fist_Fist_P0_QuickAttackR_Hit_N_Fwd_00_%_00_P0_100.xmot MotionAfter=Troll_Stand_Fist_Fist_P0_QuickAttackR_Hit_N_Fwd_00_%_00_P0_100.xmot Right=TrollFist RightUseType=55 RightGroup=5->5 NativeResult=1 OBSERVE_NATIVE=1
CORE RAW55_QUICK_CALLBACK_BOUNDARY Actor=BlackTroll C1=4 SameC1=1 Action=4->4 Phase=1->1 StateTime=0.147780->0.147780 StatePosition=1->1 MotionBefore=Troll_Stand_Fist_Fist_P0_QuickAttackR_Hit_N_Fwd_00_%_00_P0_100.xmot MotionAfter=Troll_Stand_Fist_Fist_P0_QuickAttackR_Hit_N_Fwd_00_%_00_P0_100.xmot Right=TrollFist RightUseType=55 RightGroup=5->5 NativeResult=1 OBSERVE_NATIVE=1
CORE RAW55_QUICK_CALLBACK_BOUNDARY Actor=BlackTroll C1=4 SameC1=1 Action=4->4 Phase=1->1 StateTime=0.156114->0.156114 StatePosition=1->1 MotionBefore=Troll_Stand_Fist_Fist_P0_QuickAttackR_Hit_N_Fwd_00_%_00_P0_100.xmot MotionAfter=Troll_Stand_Fist_Fist_P0_QuickAttackR_Hit_N_Fwd_00_%_00_P0_100.xmot Right=TrollFist RightUseType=55 RightGroup=5->5 NativeResult=1 OBSERVE_NATIVE=1
CORE RAW55_QUICK_CALLBACK_BOUNDARY Actor=BlackTroll C1=4 SameC1=1 Action=4->4 Phase=1->1 StateTime=0.165085->0.165085 StatePosition=1->1 MotionBefore=Troll_Stand_Fist_Fist_P0_QuickAttackR_Hit_N_Fwd_00_%_00_P0_100.xmot MotionAfter=Troll_Stand_Fist_Fist_P0_QuickAttackR_Hit_N_Fwd_00_%_00_P0_100.xmot Right=TrollFist RightUseType=55 RightGroup=5->5 NativeResult=1 OBSERVE_NATIVE=1
CORE RAW55_QUICK_CALLBACK_BOUNDARY Actor=BlackTroll C1=4 SameC1=1 Action=4->4 Phase=1->1 StateTime=0.173418->0.173418 StatePosition=1->1 MotionBefore=Troll_Stand_Fist_Fist_P0_QuickAttackR_Hit_N_Fwd_00_%_00_P0_100.xmot MotionAfter=Troll_Stand_Fist_Fist_P0_QuickAttackR_Hit_N_Fwd_00_%_00_P0_100.xmot Right=TrollFist RightUseType=55 RightGroup=5->5 NativeResult=1 OBSERVE_NATIVE=1
CORE RAW55_QUICK_CALLBACK_BOUNDARY Actor=BlackTroll C1=4 SameC1=1 Action=4->4 Phase=1->1 StateTime=0.182374->0.182374 StatePosition=1->1 MotionBefore=Troll_Stand_Fist_Fist_P0_QuickAttackR_Hit_N_Fwd_00_%_00_P0_100.xmot MotionAfter=Troll_Stand_Fist_Fist_P0_QuickAttackR_Hit_N_Fwd_00_%_00_P0_100.xmot Right=TrollFist RightUseType=55 RightGroup=5->5 NativeResult=1 OBSERVE_NATIVE=1
CORE RAW55_QUICK_CALLBACK_BOUNDARY Actor=BlackTroll C1=4 SameC1=1 Action=4->4 Phase=1->1 StateTime=0.190708->0.190708 StatePosition=1->1 MotionBefore=Troll_Stand_Fist_Fist_P0_QuickAttackR_Hit_N_Fwd_00_%_00_P0_100.xmot MotionAfter=Troll_Stand_Fist_Fist_P0_QuickAttackR_Hit_N_Fwd_00_%_00_P0_100.xmot Right=TrollFist RightUseType=55 RightGroup=5->5 NativeResult=1 OBSERVE_NATIVE=1
CORE RAW55_QUICK_CALLBACK_BOUNDARY Actor=BlackTroll C1=4 SameC1=1 Action=4->4 Phase=1->1 StateTime=0.199041->0.199041 StatePosition=1->1 MotionBefore=Troll_Stand_Fist_Fist_P0_QuickAttackR_Hit_N_Fwd_00_%_00_P0_100.xmot MotionAfter=Troll_Stand_Fist_Fist_P0_QuickAttackR_Hit_N_Fwd_00_%_00_P0_100.xmot Right=TrollFist RightUseType=55 RightGroup=5->5 NativeResult=1 OBSERVE_NATIVE=1
CORE RAW55_QUICK_CALLBACK_BOUNDARY Actor=BlackTroll C1=4 SameC1=1 Action=4->4 Phase=1->1 StateTime=0.208982->0.208982 StatePosition=1->1 MotionBefore=Troll_Stand_Fist_Fist_P0_QuickAttackR_Hit_N_Fwd_00_%_00_P0_100.xmot MotionAfter=Troll_Stand_Fist_Fist_P0_QuickAttackR_Hit_N_Fwd_00_%_00_P0_100.xmot Right=TrollFist RightUseType=55 RightGroup=5->5 NativeResult=1 OBSERVE_NATIVE=1
CORE RAW55_QUICK_CALLBACK_BOUNDARY Actor=BlackTroll C1=4 SameC1=1 Action=4->4 Phase=1->1 StateTime=0.217316->0.217316 StatePosition=1->1 MotionBefore=Troll_Stand_Fist_Fist_P0_QuickAttackR_Hit_N_Fwd_00_%_00_P0_100.xmot MotionAfter=Troll_Stand_Fist_Fist_P0_QuickAttackR_Hit_N_Fwd_00_%_00_P0_100.xmot Right=TrollFist RightUseType=55 RightGroup=5->5 NativeResult=1 OBSERVE_NATIVE=1
CORE RAW55_QUICK_CALLBACK_BOUNDARY Actor=BlackTroll C1=4 SameC1=1 Action=4->4 Phase=1->1 StateTime=0.225649->0.225649 StatePosition=1->1 MotionBefore=Troll_Stand_Fist_Fist_P0_QuickAttackR_Hit_N_Fwd_00_%_00_P0_100.xmot MotionAfter=Troll_Stand_Fist_Fist_P0_QuickAttackR_Hit_N_Fwd_00_%_00_P0_100.xmot Right=TrollFist RightUseType=55 RightGroup=5->5 NativeResult=1 OBSERVE_NATIVE=1
CORE RAW55_QUICK_CALLBACK_BOUNDARY Actor=BlackTroll C1=4 SameC1=1 Action=4->4 Phase=1->1 StateTime=0.233982->0.233982 StatePosition=1->1 MotionBefore=Troll_Stand_Fist_Fist_P0_QuickAttackR_Hit_N_Fwd_00_%_00_P0_100.xmot MotionAfter=Troll_Stand_Fist_Fist_P0_QuickAttackR_Hit_N_Fwd_00_%_00_P0_100.xmot Right=TrollFist RightUseType=55 RightGroup=5->5 NativeResult=1 OBSERVE_NATIVE=1
CORE RAW55_QUICK_CALLBACK_BOUNDARY Actor=BlackTroll C1=4 SameC1=1 Action=4->4 Phase=1->1 StateTime=0.242316->0.242316 StatePosition=1->1 MotionBefore=Troll_Stand_Fist_Fist_P0_QuickAttackR_Hit_N_Fwd_00_%_00_P0_100.xmot MotionAfter=Troll_Stand_Fist_Fist_P0_QuickAttackR_Hit_N_Fwd_00_%_00_P0_100.xmot Right=TrollFist RightUseType=55 RightGroup=5->5 NativeResult=1 OBSERVE_NATIVE=1
CORE RAW55_QUICK_CALLBACK_BOUNDARY Actor=BlackTroll C1=4 SameC1=1 Action=4->4 Phase=1->1 StateTime=0.250649->0.250649 StatePosition=1->1 MotionBefore=Troll_Stand_Fist_Fist_P0_QuickAttackR_Hit_N_Fwd_00_%_00_P0_100.xmot MotionAfter=Troll_Stand_Fist_Fist_P0_QuickAttackR_Hit_N_Fwd_00_%_00_P0_100.xmot Right=TrollFist RightUseType=55 RightGroup=5->5 NativeResult=1 OBSERVE_NATIVE=1
CORE RAW55_QUICK_CALLBACK_BOUNDARY Actor=BlackTroll C1=4 SameC1=1 Action=4->4 Phase=1->1 StateTime=0.259619->0.259619 StatePosition=1->1 MotionBefore=Troll_Stand_Fist_Fist_P0_QuickAttackR_Hit_N_Fwd_00_%_00_P0_100.xmot MotionAfter=Troll_Stand_Fist_Fist_P0_QuickAttackR_Hit_N_Fwd_00_%_00_P0_100.xmot Right=TrollFist RightUseType=55 RightGroup=5->5 NativeResult=1 OBSERVE_NATIVE=1
CORE RAW55_QUICK_CALLBACK_BOUNDARY Actor=BlackTroll C1=4 SameC1=1 Action=4->4 Phase=1->1 StateTime=0.267953->0.267953 StatePosition=1->1 MotionBefore=Troll_Stand_Fist_Fist_P0_QuickAttackR_Hit_N_Fwd_00_%_00_P0_100.xmot MotionAfter=Troll_Stand_Fist_Fist_P0_QuickAttackR_Hit_N_Fwd_00_%_00_P0_100.xmot Right=TrollFist RightUseType=55 RightGroup=5->5 NativeResult=1 OBSERVE_NATIVE=1
CORE RAW55_QUICK_CALLBACK_BOUNDARY Actor=BlackTroll C1=4 SameC1=1 Action=4->4 Phase=1->1 StateTime=0.276924->0.276924 StatePosition=1->1 MotionBefore=Troll_Stand_Fist_Fist_P0_QuickAttackR_Hit_N_Fwd_00_%_00_P0_100.xmot MotionAfter=Troll_Stand_Fist_Fist_P0_QuickAttackR_Hit_N_Fwd_00_%_00_P0_100.xmot Right=TrollFist RightUseType=55 RightGroup=5->5 NativeResult=1 OBSERVE_NATIVE=1
CORE RAW55_QUICK_CALLBACK_BOUNDARY Actor=BlackTroll C1=4 SameC1=1 Action=4->4 Phase=1->1 StateTime=0.285257->0.285257 StatePosition=1->1 MotionBefore=Troll_Stand_Fist_Fist_P0_QuickAttackR_Hit_N_Fwd_00_%_00_P0_100.xmot MotionAfter=Troll_Stand_Fist_Fist_P0_QuickAttackR_Hit_N_Fwd_00_%_00_P0_100.xmot Right=TrollFist RightUseType=55 RightGroup=5->5 NativeResult=1 OBSERVE_NATIVE=1
CORE RAW55_QUICK_CALLBACK_BOUNDARY Actor=BlackTroll C1=4 SameC1=1 Action=4->4 Phase=1->1 StateTime=0.293590->0.293590 StatePosition=1->1 MotionBefore=Troll_Stand_Fist_Fist_P0_QuickAttackR_Hit_N_Fwd_00_%_00_P0_100.xmot MotionAfter=Troll_Stand_Fist_Fist_P0_QuickAttackR_Hit_N_Fwd_00_%_00_P0_100.xmot Right=TrollFist RightUseType=55 RightGroup=5->5 NativeResult=1 OBSERVE_NATIVE=1
CORE RAW55_QUICK_CALLBACK_BOUNDARY Actor=BlackTroll C1=4 SameC1=1 Action=4->4 Phase=1->1 StateTime=0.301924->0.301924 StatePosition=1->1 MotionBefore=Troll_Stand_Fist_Fist_P0_QuickAttackR_Hit_N_Fwd_00_%_00_P0_100.xmot MotionAfter=Troll_Stand_Fist_Fist_P0_QuickAttackR_Hit_N_Fwd_00_%_00_P0_100.xmot Right=TrollFist RightUseType=55 RightGroup=5->5 NativeResult=1 OBSERVE_NATIVE=1
CORE RAW55_QUICK_CALLBACK_BOUNDARY Actor=BlackTroll C1=4 SameC1=1 Action=4->4 Phase=1->1 StateTime=0.310894->0.310894 StatePosition=1->1 MotionBefore=Troll_Stand_Fist_Fist_P0_QuickAttackR_Hit_N_Fwd_00_%_00_P0_100.xmot MotionAfter=Troll_Stand_Fist_Fist_P0_QuickAttackR_Hit_N_Fwd_00_%_00_P0_100.xmot Right=TrollFist RightUseType=55 RightGroup=5->5 NativeResult=1 OBSERVE_NATIVE=1
CORE RAW55_QUICK_CALLBACK_BOUNDARY Actor=BlackTroll C1=4 SameC1=1 Action=4->4 Phase=1->1 StateTime=0.319228->0.319228 StatePosition=1->1 MotionBefore=Troll_Stand_Fist_Fist_P0_QuickAttackR_Hit_N_Fwd_00_%_00_P0_100.xmot MotionAfter=Troll_Stand_Fist_Fist_P0_QuickAttackR_Hit_N_Fwd_00_%_00_P0_100.xmot Right=TrollFist RightUseType=55 RightGroup=5->5 NativeResult=1 OBSERVE_NATIVE=1
CORE RAW55_QUICK_CALLBACK_BOUNDARY Actor=BlackTroll C1=4 SameC1=1 Action=4->4 Phase=1->1 StateTime=0.327561->0.327561 StatePosition=1->1 MotionBefore=Troll_Stand_Fist_Fist_P0_QuickAttackR_Hit_N_Fwd_00_%_00_P0_100.xmot MotionAfter=Troll_Stand_Fist_Fist_P0_QuickAttackR_Hit_N_Fwd_00_%_00_P0_100.xmot Right=TrollFist RightUseType=55 RightGroup=5->5 NativeResult=1 OBSERVE_NATIVE=1
CORE RAW55_QUICK_CALLBACK_BOUNDARY Actor=BlackTroll C1=4 SameC1=1 Action=4->4 Phase=1->1 StateTime=0.335894->0.335894 StatePosition=1->1 MotionBefore=Troll_Stand_Fist_Fist_P0_QuickAttackR_Hit_N_Fwd_00_%_00_P0_100.xmot MotionAfter=Troll_Stand_Fist_Fist_P0_QuickAttackR_Hit_N_Fwd_00_%_00_P0_100.xmot Right=TrollFist RightUseType=55 RightGroup=5->5 NativeResult=1 OBSERVE_NATIVE=1
CORE RAW55_QUICK_CALLBACK_BOUNDARY Actor=BlackTroll C1=4 SameC1=1 Action=4->4 Phase=1->1 StateTime=0.344228->0.344228 StatePosition=1->1 MotionBefore=Troll_Stand_Fist_Fist_P0_QuickAttackR_Hit_N_Fwd_00_%_00_P0_100.xmot MotionAfter=Troll_Stand_Fist_Fist_P0_QuickAttackR_Hit_N_Fwd_00_%_00_P0_100.xmot Right=TrollFist RightUseType=55 RightGroup=5->5 NativeResult=1 OBSERVE_NATIVE=1
CORE RAW55_QUICK_CALLBACK_BOUNDARY Actor=BlackTroll C1=4 SameC1=1 Action=4->4 Phase=1->1 StateTime=0.352561->0.352561 StatePosition=1->1 MotionBefore=Troll_Stand_Fist_Fist_P0_QuickAttackR_Hit_N_Fwd_00_%_00_P0_100.xmot MotionAfter=Troll_Stand_Fist_Fist_P0_QuickAttackR_Hit_N_Fwd_00_%_00_P0_100.xmot Right=TrollFist RightUseType=55 RightGroup=5->5 NativeResult=1 OBSERVE_NATIVE=1
CORE RAW55_QUICK_CALLBACK_BOUNDARY Actor=BlackTroll C1=4 SameC1=1 Action=4->4 Phase=1->1 StateTime=0.360894->0.360894 StatePosition=1->1 MotionBefore=Troll_Stand_Fist_Fist_P0_QuickAttackR_Hit_N_Fwd_00_%_00_P0_100.xmot MotionAfter=Troll_Stand_Fist_Fist_P0_QuickAttackR_Hit_N_Fwd_00_%_00_P0_100.xmot Right=TrollFist RightUseType=55 RightGroup=5->5 NativeResult=1 OBSERVE_NATIVE=1
CORE RAW55_QUICK_CALLBACK_BOUNDARY Actor=BlackTroll C1=4 SameC1=1 Action=4->4 Phase=1->1 StateTime=0.369228->0.369228 StatePosition=1->1 MotionBefore=Troll_Stand_Fist_Fist_P0_QuickAttackR_Hit_N_Fwd_00_%_00_P0_100.xmot MotionAfter=Troll_Stand_Fist_Fist_P0_QuickAttackR_Hit_N_Fwd_00_%_00_P0_100.xmot Right=TrollFist RightUseType=55 RightGroup=5->5 NativeResult=1 OBSERVE_NATIVE=1
CORE RAW55_QUICK_CALLBACK_BOUNDARY Actor=BlackTroll C1=4 SameC1=1 Action=4->4 Phase=1->1 StateTime=0.377561->0.377561 StatePosition=1->1 MotionBefore=Troll_Stand_Fist_Fist_P0_QuickAttackR_Hit_N_Fwd_00_%_00_P0_100.xmot MotionAfter=Troll_Stand_Fist_Fist_P0_QuickAttackR_Hit_N_Fwd_00_%_00_P0_100.xmot Right=TrollFist RightUseType=55 RightGroup=5->5 NativeResult=1 OBSERVE_NATIVE=1
CORE RAW55_QUICK_CALLBACK_BOUNDARY Actor=BlackTroll C1=4 SameC1=1 Action=4->4 Phase=1->1 StateTime=0.385894->0.385894 StatePosition=1->1 MotionBefore=Troll_Stand_Fist_Fist_P0_QuickAttackR_Hit_N_Fwd_00_%_00_P0_100.xmot MotionAfter=Troll_Stand_Fist_Fist_P0_QuickAttackR_Hit_N_Fwd_00_%_00_P0_100.xmot Right=TrollFist RightUseType=55 RightGroup=5->5 NativeResult=1 OBSERVE_NATIVE=1
CORE RAW55_QUICK_CALLBACK_BOUNDARY Actor=BlackTroll C1=4 SameC1=1 Action=4->4 Phase=1->1 StateTime=0.394228->0.394228 StatePosition=1->1 MotionBefore=Troll_Stand_Fist_Fist_P0_QuickAttackR_Hit_N_Fwd_00_%_00_P0_100.xmot MotionAfter=Troll_Stand_Fist_Fist_P0_QuickAttackR_Hit_N_Fwd_00_%_00_P0_100.xmot Right=TrollFist RightUseType=55 RightGroup=5->5 NativeResult=1 OBSERVE_NATIVE=1
CORE RAW55_QUICK_CALLBACK_BOUNDARY Actor=BlackTroll C1=4 SameC1=1 Action=4->4 Phase=1->1 StateTime=0.402561->0.402561 StatePosition=1->1 MotionBefore=Troll_Stand_Fist_Fist_P0_QuickAttackR_Hit_N_Fwd_00_%_00_P0_100.xmot MotionAfter=Troll_Stand_Fist_Fist_P0_QuickAttackR_Hit_N_Fwd_00_%_00_P0_100.xmot Right=TrollFist RightUseType=55 RightGroup=5->5 NativeResult=1 OBSERVE_NATIVE=1
CORE RAW55_QUICK_CALLBACK_BOUNDARY Actor=BlackTroll C1=4 SameC1=1 Action=4->4 Phase=1->1 StateTime=0.410894->0.410894 StatePosition=1->1 MotionBefore=Troll_Stand_Fist_Fist_P0_QuickAttackR_Hit_N_Fwd_00_%_00_P0_100.xmot MotionAfter=Troll_Stand_Fist_Fist_P0_QuickAttackR_Hit_N_Fwd_00_%_00_P0_100.xmot Right=TrollFist RightUseType=55 RightGroup=5->5 NativeResult=1 OBSERVE_NATIVE=1
CORE RAW55_QUICK_CALLBACK_BOUNDARY Actor=BlackTroll C1=4 SameC1=1 Action=4->4 Phase=1->1 StateTime=0.419228->0.419228 StatePosition=1->1 MotionBefore=Troll_Stand_Fist_Fist_P0_QuickAttackR_Hit_N_Fwd_00_%_00_P0_100.xmot MotionAfter=Troll_Stand_Fist_Fist_P0_QuickAttackR_Hit_N_Fwd_00_%_00_P0_100.xmot Right=TrollFist RightUseType=55 RightGroup=5->5 NativeResult=1 OBSERVE_NATIVE=1
CORE RAW55_QUICK_CALLBACK_BOUNDARY Actor=BlackTroll C1=4 SameC1=1 Action=4->4 Phase=1->1 StateTime=0.428198->0.428198 StatePosition=1->1 MotionBefore=Troll_Stand_Fist_Fist_P0_QuickAttackR_Hit_N_Fwd_00_%_00_P0_100.xmot MotionAfter=Troll_Stand_Fist_Fist_P0_QuickAttackR_Hit_N_Fwd_00_%_00_P0_100.xmot Right=TrollFist RightUseType=55 RightGroup=5->5 NativeResult=1 OBSERVE_NATIVE=1
CORE RAW55_QUICK_CALLBACK_BOUNDARY Actor=BlackTroll C1=4 SameC1=1 Action=4->4 Phase=1->1 StateTime=0.436532->0.436532 StatePosition=1->1 MotionBefore=Troll_Stand_Fist_Fist_P0_QuickAttackR_Hit_N_Fwd_00_%_00_P0_100.xmot MotionAfter=Troll_Stand_Fist_Fist_P0_QuickAttackR_Hit_N_Fwd_00_%_00_P0_100.xmot Right=TrollFist RightUseType=55 RightGroup=5->5 NativeResult=1 OBSERVE_NATIVE=1
CORE RAW55_QUICK_CALLBACK_BOUNDARY Actor=BlackTroll C1=4 SameC1=1 Action=4->4 Phase=1->1 StateTime=0.448444->0.448444 StatePosition=1->1 MotionBefore=Troll_Stand_Fist_Fist_P0_QuickAttackR_Hit_N_Fwd_00_%_00_P0_100.xmot MotionAfter=Troll_Stand_Fist_Fist_P0_QuickAttackR_Hit_N_Fwd_00_%_00_P0_100.xmot Right=TrollFist RightUseType=55 RightGroup=5->5 NativeResult=1 OBSERVE_NATIVE=1
CORE RAW55_QUICK_CALLBACK_BOUNDARY Actor=BlackTroll C1=4 SameC1=1 Action=4->4 Phase=1->1 StateTime=0.456777->0.456777 StatePosition=1->1 MotionBefore=Troll_Stand_Fist_Fist_P0_QuickAttackR_Hit_N_Fwd_00_%_00_P0_100.xmot MotionAfter=Troll_Stand_Fist_Fist_P0_QuickAttackR_Hit_N_Fwd_00_%_00_P0_100.xmot Right=TrollFist RightUseType=55 RightGroup=5->5 NativeResult=1 OBSERVE_NATIVE=1
CORE RAW55_QUICK_CALLBACK_BOUNDARY Actor=BlackTroll C1=4 SameC1=1 Action=4->4 Phase=1->1 StateTime=0.465110->0.465110 StatePosition=1->1 MotionBefore=Troll_Stand_Fist_Fist_P0_QuickAttackR_Hit_N_Fwd_00_%_00_P0_100.xmot MotionAfter=Troll_Stand_Fist_Fist_P0_QuickAttackR_Hit_N_Fwd_00_%_00_P0_100.xmot Right=TrollFist RightUseType=55 RightGroup=5->5 NativeResult=1 OBSERVE_NATIVE=1
CORE RAW55_QUICK_CALLBACK_BOUNDARY Actor=BlackTroll C1=4 SameC1=1 Action=4->4 Phase=1->1 StateTime=0.473444->0.473444 StatePosition=1->1 MotionBefore=Troll_Stand_Fist_Fist_P0_QuickAttackR_Hit_N_Fwd_00_%_00_P0_100.xmot MotionAfter=Troll_Stand_Fist_Fist_P0_QuickAttackR_Hit_N_Fwd_00_%_00_P0_100.xmot Right=TrollFist RightUseType=55 RightGroup=5->5 NativeResult=1 OBSERVE_NATIVE=1
===== CORE MARKER ANOMALY / DISCOVERY =====
ElapsedMs: 34682.560
Actor: BlackTroll
Action: 4
Family: QUICK
AniPhase: 1
StatePosition: 1
CurrentMovementAni: Troll_Stand_Fist_Fist_P0_QuickAttackR_Hit_N_Fwd_00_%_00_P0_100.xmot
MarkerName: G3AB_COL_FIST
MarkerOpcode: FIST
Result: UNSUPPORTED_MISSING_SOURCE
C1GenerationValid: 1
C1Generation: 4
RequiredSourceMask: 0
MissingSourceMask: 0
RightSourceSlot: RIGHT
RightSourceName: TrollFist
RightSourceUseType: 55
RightSourceCollisionGroup: 5
LeftSourceSlot: LEFT
LeftSourceName: TrollFist
LeftSourceUseType: 55
LeftSourceCollisionGroup: 5
Raw8FistSourceName: <none>
Raw8FistSourceUseType: -1
Raw8FistSourceCollisionGroup: -1
===========================================

CORE COLLISION_GROUP ElapsedMs=34682.613 Source=TrollFist UseType=55 Owner=BlackTroll Slot=RIGHT Requested=7 Before=5 After=7 MarkerBitsRetired=0
CORE C1 OFFENSE REQUEST ElapsedMs=34682.621 Actor=BlackTroll Generation=4 Status=PERSISTED Source=TrollFist Side=RIGHT Requests=1 Outstanding=1 CleanupObserved=0 Group=7
CORE RAW55_QUICK_FIST_REARM_PROBE Actor=BlackTroll C1=4 Action=4 StatePosition=1 StateTime=0.488326 Right=TrollFist RightUseType=55 GroupBefore=5 RequestedGroup=7 GroupAfter=7 EarlySuppressionProof=1 ClearTriggeredList=1 REARM_PROBE=1
CORE RAW55_QUICK_CALLBACK_BOUNDARY Actor=BlackTroll C1=4 SameC1=1 Action=4->4 Phase=1->1 StateTime=0.488326->0.488326 StatePosition=1->1 MotionBefore=Troll_Stand_Fist_Fist_P0_QuickAttackR_Hit_N_Fwd_00_%_00_P0_100.xmot MotionAfter=Troll_Stand_Fist_Fist_P0_QuickAttackR_Hit_N_Fwd_00_%_00_P0_100.xmot Right=TrollFist RightUseType=55 RightGroup=7->7 NativeResult=1 OBSERVE_NATIVE=1
CORE RAW55_QUICK_CALLBACK_BOUNDARY Actor=BlackTroll C1=4 SameC1=1 Action=4->4 Phase=1->1 StateTime=0.496659->0.496659 StatePosition=1->1 MotionBefore=Troll_Stand_Fist_Fist_P0_QuickAttackR_Hit_N_Fwd_00_%_00_P0_100.xmot MotionAfter=Troll_Stand_Fist_Fist_P0_QuickAttackR_Hit_N_Fwd_00_%_00_P0_100.xmot Right=TrollFist RightUseType=55 RightGroup=7->7 NativeResult=1 OBSERVE_NATIVE=1
CORE RAW55_QUICK_CALLBACK_BOUNDARY Actor=BlackTroll C1=4 SameC1=1 Action=4->4 Phase=1->1 StateTime=0.510557->0.510557 StatePosition=1->1 MotionBefore=Troll_Stand_Fist_Fist_P0_QuickAttackR_Hit_N_Fwd_00_%_00_P0_100.xmot MotionAfter=Troll_Stand_Fist_Fist_P0_QuickAttackR_Hit_N_Fwd_00_%_00_P0_100.xmot Right=TrollFist RightUseType=55 RightGroup=7->7 NativeResult=1 OBSERVE_NATIVE=1
CORE RAW55_QUICK_CALLBACK_BOUNDARY Actor=BlackTroll C1=4 SameC1=1 Action=4->4 Phase=1->1 StateTime=0.518890->0.518890 StatePosition=1->1 MotionBefore=Troll_Stand_Fist_Fist_P0_QuickAttackR_Hit_N_Fwd_00_%_00_P0_100.xmot MotionAfter=Troll_Stand_Fist_Fist_P0_QuickAttackR_Hit_N_Fwd_00_%_00_P0_100.xmot Right=TrollFist RightUseType=55 RightGroup=7->7 NativeResult=1 OBSERVE_NATIVE=1
CORE RAW55_QUICK_CALLBACK_BOUNDARY Actor=BlackTroll C1=4 SameC1=1 Action=4->4 Phase=1->1 StateTime=0.527223->0.527223 StatePosition=1->1 MotionBefore=Troll_Stand_Fist_Fist_P0_QuickAttackR_Hit_N_Fwd_00_%_00_P0_100.xmot MotionAfter=Troll_Stand_Fist_Fist_P0_QuickAttackR_Hit_N_Fwd_00_%_00_P0_100.xmot Right=TrollFist RightUseType=55 RightGroup=7->7 NativeResult=1 OBSERVE_NATIVE=1
CORE RAW55_QUICK_CALLBACK_BOUNDARY Actor=BlackTroll C1=4 SameC1=1 Action=4->4 Phase=1->1 StateTime=0.535557->0.535557 StatePosition=1->1 MotionBefore=Troll_Stand_Fist_Fist_P0_QuickAttackR_Hit_N_Fwd_00_%_00_P0_100.xmot MotionAfter=Troll_Stand_Fist_Fist_P0_QuickAttackR_Hit_N_Fwd_00_%_00_P0_100.xmot Right=TrollFist RightUseType=55 RightGroup=7->7 NativeResult=1 OBSERVE_NATIVE=1
CORE RAW55_QUICK_CALLBACK_BOUNDARY Actor=BlackTroll C1=4 SameC1=1 Action=4->4 Phase=1->1 StateTime=0.543890->0.543890 StatePosition=1->1 MotionBefore=Troll_Stand_Fist_Fist_P0_QuickAttackR_Hit_N_Fwd_00_%_00_P0_100.xmot MotionAfter=Troll_Stand_Fist_Fist_P0_QuickAttackR_Hit_N_Fwd_00_%_00_P0_100.xmot Right=TrollFist RightUseType=55 RightGroup=7->7 NativeResult=1 OBSERVE_NATIVE=1
CORE RAW55_QUICK_CALLBACK_BOUNDARY Actor=BlackTroll C1=4 SameC1=1 Action=4->4 Phase=1->1 StateTime=0.552223->0.552223 StatePosition=1->1 MotionBefore=Troll_Stand_Fist_Fist_P0_QuickAttackR_Hit_N_Fwd_00_%_00_P0_100.xmot MotionAfter=Troll_Stand_Fist_Fist_P0_QuickAttackR_Hit_N_Fwd_00_%_00_P0_100.xmot Right=TrollFist RightUseType=55 RightGroup=7->7 NativeResult=1 OBSERVE_NATIVE=1
CORE RAW55_QUICK_CALLBACK_BOUNDARY Actor=BlackTroll C1=4 SameC1=1 Action=4->4 Phase=1->1 StateTime=0.563164->0.563164 StatePosition=1->1 MotionBefore=Troll_Stand_Fist_Fist_P0_QuickAttackR_Hit_N_Fwd_00_%_00_P0_100.xmot MotionAfter=Troll_Stand_Fist_Fist_P0_QuickAttackR_Hit_N_Fwd_00_%_00_P0_100.xmot Right=TrollFist RightUseType=55 RightGroup=7->7 NativeResult=1 OBSERVE_NATIVE=1
CORE RAW55_QUICK_CALLBACK_BOUNDARY Actor=BlackTroll C1=4 SameC1=1 Action=4->4 Phase=1->1 StateTime=0.573175->0.573175 StatePosition=1->1 MotionBefore=Troll_Stand_Fist_Fist_P0_QuickAttackR_Hit_N_Fwd_00_%_00_P0_100.xmot MotionAfter=Troll_Stand_Fist_Fist_P0_QuickAttackR_Hit_N_Fwd_00_%_00_P0_100.xmot Right=TrollFist RightUseType=55 RightGroup=7->7 NativeResult=1 OBSERVE_NATIVE=1
CORE RAW55_QUICK_CALLBACK_BOUNDARY Actor=BlackTroll C1=4 SameC1=1 Action=4->4 Phase=1->1 StateTime=0.581508->0.581508 StatePosition=1->1 MotionBefore=Troll_Stand_Fist_Fist_P0_QuickAttackR_Hit_N_Fwd_00_%_00_P0_100.xmot MotionAfter=Troll_Stand_Fist_Fist_P0_QuickAttackR_Hit_N_Fwd_00_%_00_P0_100.xmot Right=TrollFist RightUseType=55 RightGroup=7->7 NativeResult=1 OBSERVE_NATIVE=1
CORE RAW55_QUICK_CALLBACK_BOUNDARY Actor=BlackTroll C1=4 SameC1=1 Action=4->4 Phase=1->1 StateTime=0.590479->0.590479 StatePosition=1->1 MotionBefore=Troll_Stand_Fist_Fist_P0_QuickAttackR_Hit_N_Fwd_00_%_00_P0_100.xmot MotionAfter=Troll_Stand_Fist_Fist_P0_QuickAttackR_Hit_N_Fwd_00_%_00_P0_100.xmot Right=TrollFist RightUseType=55 RightGroup=7->7 NativeResult=1 OBSERVE_NATIVE=1
CORE RAW55_QUICK_CALLBACK_BOUNDARY Actor=BlackTroll C1=4 SameC1=1 Action=4->4 Phase=1->1 StateTime=0.598813->0.598813 StatePosition=1->1 MotionBefore=Troll_Stand_Fist_Fist_P0_QuickAttackR_Hit_N_Fwd_00_%_00_P0_100.xmot MotionAfter=Troll_Stand_Fist_Fist_P0_QuickAttackR_Hit_N_Fwd_00_%_00_P0_100.xmot Right=TrollFist RightUseType=55 RightGroup=7->7 NativeResult=1 OBSERVE_NATIVE=1
CORE RAW55_QUICK_CALLBACK_BOUNDARY Actor=BlackTroll C1=4 SameC1=1 Action=4->4 Phase=1->1 StateTime=0.607146->0.607146 StatePosition=1->1 MotionBefore=Troll_Stand_Fist_Fist_P0_QuickAttackR_Hit_N_Fwd_00_%_00_P0_100.xmot MotionAfter=Troll_Stand_Fist_Fist_P0_QuickAttackR_Hit_N_Fwd_00_%_00_P0_100.xmot Right=TrollFist RightUseType=55 RightGroup=7->7 NativeResult=1 OBSERVE_NATIVE=1
CORE RAW55_QUICK_CALLBACK_BOUNDARY Actor=BlackTroll C1=4 SameC1=1 Action=4->4 Phase=1->1 StateTime=0.616116->0.616116 StatePosition=1->1 MotionBefore=Troll_Stand_Fist_Fist_P0_QuickAttackR_Hit_N_Fwd_00_%_00_P0_100.xmot MotionAfter=Troll_Stand_Fist_Fist_P0_QuickAttackR_Hit_N_Fwd_00_%_00_P0_100.xmot Right=TrollFist RightUseType=55 RightGroup=7->7 NativeResult=1 OBSERVE_NATIVE=1
CORE RAW55_QUICK_CALLBACK_BOUNDARY Actor=BlackTroll C1=4 SameC1=1 Action=4->4 Phase=1->1 StateTime=0.624450->0.624450 StatePosition=1->1 MotionBefore=Troll_Stand_Fist_Fist_P0_QuickAttackR_Hit_N_Fwd_00_%_00_P0_100.xmot MotionAfter=Troll_Stand_Fist_Fist_P0_QuickAttackR_Hit_N_Fwd_00_%_00_P0_100.xmot Right=TrollFist RightUseType=55 RightGroup=7->7 NativeResult=1 OBSERVE_NATIVE=1
CORE RAW55_QUICK_CALLBACK_BOUNDARY Actor=BlackTroll C1=4 SameC1=1 Action=4->4 Phase=1->1 StateTime=0.634406->0.634406 StatePosition=1->1 MotionBefore=Troll_Stand_Fist_Fist_P0_QuickAttackR_Hit_N_Fwd_00_%_00_P0_100.xmot MotionAfter=Troll_Stand_Fist_Fist_P0_QuickAttackR_Hit_N_Fwd_00_%_00_P0_100.xmot Right=TrollFist RightUseType=55 RightGroup=7->7 NativeResult=1 OBSERVE_NATIVE=1
CORE RAW55_QUICK_CALLBACK_BOUNDARY Actor=BlackTroll C1=4 SameC1=1 Action=4->4 Phase=1->1 StateTime=0.642739->0.642739 StatePosition=1->1 MotionBefore=Troll_Stand_Fist_Fist_P0_QuickAttackR_Hit_N_Fwd_00_%_00_P0_100.xmot MotionAfter=Troll_Stand_Fist_Fist_P0_QuickAttackR_Hit_N_Fwd_00_%_00_P0_100.xmot Right=TrollFist RightUseType=55 RightGroup=7->7 NativeResult=1 OBSERVE_NATIVE=1
CORE RAW55_QUICK_CALLBACK_BOUNDARY Actor=BlackTroll C1=4 SameC1=1 Action=4->4 Phase=1->1 StateTime=0.651710->0.651710 StatePosition=1->1 MotionBefore=Troll_Stand_Fist_Fist_P0_QuickAttackR_Hit_N_Fwd_00_%_00_P0_100.xmot MotionAfter=Troll_Stand_Fist_Fist_P0_QuickAttackR_Hit_N_Fwd_00_%_00_P0_100.xmot Right=TrollFist RightUseType=55 RightGroup=7->7 NativeResult=1 OBSERVE_NATIVE=1
CORE RAW55_QUICK_CALLBACK_BOUNDARY Actor=BlackTroll C1=4 SameC1=1 Action=4->4 Phase=1->1 StateTime=0.660043->0.660043 StatePosition=1->1 MotionBefore=Troll_Stand_Fist_Fist_P0_QuickAttackR_Hit_N_Fwd_00_%_00_P0_100.xmot MotionAfter=Troll_Stand_Fist_Fist_P0_QuickAttackR_Hit_N_Fwd_00_%_00_P0_100.xmot Right=TrollFist RightUseType=55 RightGroup=7->7 NativeResult=1 OBSERVE_NATIVE=1
CORE RAW55_QUICK_CALLBACK_BOUNDARY Actor=BlackTroll C1=4 SameC1=1 Action=4->4 Phase=1->1 StateTime=0.670985->0.670985 StatePosition=1->1 MotionBefore=Troll_Stand_Fist_Fist_P0_QuickAttackR_Hit_N_Fwd_00_%_00_P0_100.xmot MotionAfter=Troll_Stand_Fist_Fist_P0_QuickAttackR_Hit_N_Fwd_00_%_00_P0_100.xmot Right=TrollFist RightUseType=55 RightGroup=7->7 NativeResult=1 OBSERVE_NATIVE=1
CORE RAW55_QUICK_CALLBACK_BOUNDARY Actor=BlackTroll C1=4 SameC1=1 Action=4->4 Phase=1->1 StateTime=0.679318->0.679318 StatePosition=1->1 MotionBefore=Troll_Stand_Fist_Fist_P0_QuickAttackR_Hit_N_Fwd_00_%_00_P0_100.xmot MotionAfter=Troll_Stand_Fist_Fist_P0_QuickAttackR_Hit_N_Fwd_00_%_00_P0_100.xmot Right=TrollFist RightUseType=55 RightGroup=7->7 NativeResult=1 OBSERVE_NATIVE=1
CORE RAW55_QUICK_CALLBACK_BOUNDARY Actor=BlackTroll C1=4 SameC1=1 Action=4->4 Phase=1->1 StateTime=0.687651->0.687651 StatePosition=1->1 MotionBefore=Troll_Stand_Fist_Fist_P0_QuickAttackR_Hit_N_Fwd_00_%_00_P0_100.xmot MotionAfter=Troll_Stand_Fist_Fist_P0_QuickAttackR_Hit_N_Fwd_00_%_00_P0_100.xmot Right=TrollFist RightUseType=55 RightGroup=7->7 NativeResult=1 OBSERVE_NATIVE=1
CORE RAW55_QUICK_CALLBACK_BOUNDARY Actor=BlackTroll C1=4 SameC1=1 Action=4->4 Phase=1->1 StateTime=0.695985->0.695985 StatePosition=1->1 MotionBefore=Troll_Stand_Fist_Fist_P0_QuickAttackR_Hit_N_Fwd_00_%_00_P0_100.xmot MotionAfter=Troll_Stand_Fist_Fist_P0_QuickAttackR_Hit_N_Fwd_00_%_00_P0_100.xmot Right=TrollFist RightUseType=55 RightGroup=7->7 NativeResult=1 OBSERVE_NATIVE=1
CORE RAW55_QUICK_CALLBACK_BOUNDARY Actor=BlackTroll C1=4 SameC1=1 Action=4->4 Phase=1->1 StateTime=0.704318->0.704318 StatePosition=1->1 MotionBefore=Troll_Stand_Fist_Fist_P0_QuickAttackR_Hit_N_Fwd_00_%_00_P0_100.xmot MotionAfter=Troll_Stand_Fist_Fist_P0_QuickAttackR_Hit_N_Fwd_00_%_00_P0_100.xmot Right=TrollFist RightUseType=55 RightGroup=7->7 NativeResult=1 OBSERVE_NATIVE=1
CORE RAW55_QUICK_CALLBACK_BOUNDARY Actor=BlackTroll C1=4 SameC1=1 Action=4->4 Phase=1->1 StateTime=0.712651->0.712651 StatePosition=1->1 MotionBefore=Troll_Stand_Fist_Fist_P0_QuickAttackR_Hit_N_Fwd_00_%_00_P0_100.xmot MotionAfter=Troll_Stand_Fist_Fist_P0_QuickAttackR_Hit_N_Fwd_00_%_00_P0_100.xmot Right=TrollFist RightUseType=55 RightGroup=7->7 NativeResult=1 OBSERVE_NATIVE=1
CORE RAW55_QUICK_CALLBACK_BOUNDARY Actor=BlackTroll C1=4 SameC1=1 Action=4->4 Phase=1->1 StateTime=0.720985->0.720985 StatePosition=1->1 MotionBefore=Troll_Stand_Fist_Fist_P0_QuickAttackR_Hit_N_Fwd_00_%_00_P0_100.xmot MotionAfter=Troll_Stand_Fist_Fist_P0_QuickAttackR_Hit_N_Fwd_00_%_00_P0_100.xmot Right=TrollFist RightUseType=55 RightGroup=7->7 NativeResult=1 OBSERVE_NATIVE=1
CORE RAW55_QUICK_CALLBACK_BOUNDARY Actor=BlackTroll C1=4 SameC1=1 Action=4->4 Phase=1->1 StateTime=0.729318->0.729318 StatePosition=1->1 MotionBefore=Troll_Stand_Fist_Fist_P0_QuickAttackR_Hit_N_Fwd_00_%_00_P0_100.xmot MotionAfter=Troll_Stand_Fist_Fist_P0_QuickAttackR_Hit_N_Fwd_00_%_00_P0_100.xmot Right=TrollFist RightUseType=55 RightGroup=7->7 NativeResult=1 OBSERVE_NATIVE=1
CORE RAW55_QUICK_CALLBACK_BOUNDARY Actor=BlackTroll C1=4 SameC1=1 Action=4->4 Phase=1->1 StateTime=0.737651->0.737651 StatePosition=1->1 MotionBefore=Troll_Stand_Fist_Fist_P0_QuickAttackR_Hit_N_Fwd_00_%_00_P0_100.xmot MotionAfter=Troll_Stand_Fist_Fist_P0_QuickAttackR_Hit_N_Fwd_00_%_00_P0_100.xmot Right=TrollFist RightUseType=55 RightGroup=7->7 NativeResult=1 OBSERVE_NATIVE=1
CORE RAW55_QUICK_CALLBACK_BOUNDARY Actor=BlackTroll C1=4 SameC1=1 Action=4->4 Phase=1->1 StateTime=0.745984->0.745984 StatePosition=1->1 MotionBefore=Troll_Stand_Fist_Fist_P0_QuickAttackR_Hit_N_Fwd_00_%_00_P0_100.xmot MotionAfter=Troll_Stand_Fist_Fist_P0_QuickAttackR_Hit_N_Fwd_00_%_00_P0_100.xmot Right=TrollFist RightUseType=55 RightGroup=7->7 NativeResult=1 OBSERVE_NATIVE=1
CORE RAW55_QUICK_CALLBACK_BOUNDARY Actor=BlackTroll C1=4 SameC1=1 Action=4->4 Phase=1->1 StateTime=0.754318->0.754318 StatePosition=1->1 MotionBefore=Troll_Stand_Fist_Fist_P0_QuickAttackR_Hit_N_Fwd_00_%_00_P0_100.xmot MotionAfter=Troll_Stand_Fist_Fist_P0_QuickAttackR_Hit_N_Fwd_00_%_00_P0_100.xmot Right=TrollFist RightUseType=55 RightGroup=7->7 NativeResult=1 OBSERVE_NATIVE=1
CORE RAW55_QUICK_CALLBACK_BOUNDARY Actor=BlackTroll C1=4 SameC1=1 Action=4->4 Phase=1->1 StateTime=0.762651->0.762651 StatePosition=1->1 MotionBefore=Troll_Stand_Fist_Fist_P0_QuickAttackR_Hit_N_Fwd_00_%_00_P0_100.xmot MotionAfter=Troll_Stand_Fist_Fist_P0_QuickAttackR_Hit_N_Fwd_00_%_00_P0_100.xmot Right=TrollFist RightUseType=55 RightGroup=7->7 NativeResult=1 OBSERVE_NATIVE=1
CORE RAW55_QUICK_CALLBACK_BOUNDARY Actor=BlackTroll C1=4 SameC1=1 Action=4->4 Phase=1->1 StateTime=0.770984->0.770984 StatePosition=1->1 MotionBefore=Troll_Stand_Fist_Fist_P0_QuickAttackR_Hit_N_Fwd_00_%_00_P0_100.xmot MotionAfter=Troll_Stand_Fist_Fist_P0_QuickAttackR_Hit_N_Fwd_00_%_00_P0_100.xmot Right=TrollFist RightUseType=55 RightGroup=7->7 NativeResult=1 OBSERVE_NATIVE=1
CORE RAW55_QUICK_CALLBACK_BOUNDARY Actor=BlackTroll C1=4 SameC1=1 Action=4->4 Phase=1->1 StateTime=0.779318->0.779318 StatePosition=1->1 MotionBefore=Troll_Stand_Fist_Fist_P0_QuickAttackR_Hit_N_Fwd_00_%_00_P0_100.xmot MotionAfter=Troll_Stand_Fist_Fist_P0_QuickAttackR_Hit_N_Fwd_00_%_00_P0_100.xmot Right=TrollFist RightUseType=55 RightGroup=7->7 NativeResult=1 OBSERVE_NATIVE=1
CORE RAW55_QUICK_CALLBACK_BOUNDARY Actor=BlackTroll C1=4 SameC1=1 Action=4->4 Phase=1->1 StateTime=0.787651->0.787651 StatePosition=1->1 MotionBefore=Troll_Stand_Fist_Fist_P0_QuickAttackR_Hit_N_Fwd_00_%_00_P0_100.xmot MotionAfter=Troll_Stand_Fist_Fist_P0_QuickAttackR_Hit_N_Fwd_00_%_00_P0_100.xmot Right=TrollFist RightUseType=55 RightGroup=7->7 NativeResult=1 OBSERVE_NATIVE=1
CORE RAW55_QUICK_CALLBACK_BOUNDARY Actor=BlackTroll C1=4 SameC1=1 Action=4->4 Phase=1->1 StateTime=0.795984->0.795984 StatePosition=1->1 MotionBefore=Troll_Stand_Fist_Fist_P0_QuickAttackR_Hit_N_Fwd_00_%_00_P0_100.xmot MotionAfter=Troll_Stand_Fist_Fist_P0_QuickAttackR_Hit_N_Fwd_00_%_00_P0_100.xmot Right=TrollFist RightUseType=55 RightGroup=7->7 NativeResult=1 OBSERVE_NATIVE=1
CORE COLLISION_GROUP ElapsedMs=34982.300 Source=TrollFist UseType=55 Owner=BlackTroll Slot=RIGHT Requested=5 Before=7 After=5 MarkerBitsRetired=0
CORE C1 CLEANUP FULFILLED ElapsedMs=34982.327 Actor=BlackTroll Generation=4 Status=PERSISTED Source=TrollFist Side=RIGHT Requests=1 Outstanding=0 CleanupObserved=1 Group=5
CORE C1_FINAL ElapsedMs=35076.154 Actor=BlackTroll Generation=4 Status=PERSISTED SourceCount=2 PhysicalChanged=0 Source[0]=TrollFist Side=RIGHT Outstanding=0 Cleanup=1 Outcome=NO_OP_NO_OUTSTANDING Source[1]=TrollFist Side=LEFT Outstanding=0 Cleanup=0 Outcome=NO_OP_NO_OUTSTANDING
CORE C1_START ElapsedMs=36303.211 Actor=BlackTroll Generation=5 Status=CANDIDATE Outstanding=0 TrackedSources=2 ReplacedGeneration=0 ReplacedOutstanding=0 Source[0]=TrollFist Side=RIGHT Group=5 Source[1]=TrollFist Side=LEFT Group=5
CORE C1_BIND ElapsedMs=36303.224 Event=COMBAT_MOVE_CANDIDATE_BOUND Actor=BlackTroll Generation=5 Status=CANDIDATE Outstanding=0 Source=<null> Script=_AI_QuickAttack
CORE C1_STATUS ElapsedMs=36303.289 Event=PERSISTED Actor=BlackTroll Generation=5 Status=PERSISTED Outstanding=0
CORE ATTACK_OWNERSHIP ElapsedMs=36303.306 Actor=BlackTroll Family=QUICK Action=5 Phase=1 Motion=Troll_Stand_Fist_Fist_P0_QuickAttackL_Hit_N_Fwd_00_%_00_P0_100.xmot MarkerPresent=1 RequiredMask=0 FistMarkers=1 Raw8Fist=<none> Raw8UseType=-1 SuppressNative=0 Classification=CONTRADICTION
===== CORE ATTACK OWNERSHIP ANOMALY =====
MatchingMotionFound: 1
MarkerScanValid: 1
RequiredSourcesAvailable: 1
RightSourceSlot: RIGHT
RightSourceName: TrollFist
RightSourceUseType: 55
RightSourceCollisionGroup: 5
LeftSourceSlot: LEFT
LeftSourceName: TrollFist
LeftSourceUseType: 55
LeftSourceCollisionGroup: 5
Raw8FistSourceName: <none>
Raw8FistSourceUseType: -1
Raw8FistSourceCollisionGroup: -1
=========================================

CORE RAW55_QUICK_CALLBACK_BOUNDARY Actor=BlackTroll C1=5 SameC1=1 Action=5->5 Phase=1->1 StateTime=0.000000->0.000000 StatePosition=0->0 MotionBefore=Troll_Stand_Fist_Fist_P0_QuickAttackL_Hit_N_Fwd_00_%_00_P0_100.xmot MotionAfter=Troll_Stand_Fist_Fist_P0_QuickAttackL_Hit_N_Fwd_00_%_00_P0_100.xmot Right=TrollFist RightUseType=55 RightGroup=5->5 NativeResult=1 OBSERVE_NATIVE=1
CORE RAW55_QUICK_CALLBACK_BOUNDARY Actor=BlackTroll C1=5 SameC1=1 Action=5->5 Phase=1->1 StateTime=0.008333->0.008333 StatePosition=0->0 MotionBefore=Troll_Stand_Fist_Fist_P0_QuickAttackL_Hit_N_Fwd_00_%_00_P0_100.xmot MotionAfter=Troll_Stand_Fist_Fist_P0_QuickAttackL_Hit_N_Fwd_00_%_00_P0_100.xmot Right=TrollFist RightUseType=55 RightGroup=5->5 NativeResult=1 OBSERVE_NATIVE=1
CORE RAW55_QUICK_CALLBACK_BOUNDARY Actor=BlackTroll C1=5 SameC1=1 Action=5->5 Phase=1->1 StateTime=0.016667->0.016667 StatePosition=0->0 MotionBefore=Troll_Stand_Fist_Fist_P0_QuickAttackL_Hit_N_Fwd_00_%_00_P0_100.xmot MotionAfter=Troll_Stand_Fist_Fist_P0_QuickAttackL_Hit_N_Fwd_00_%_00_P0_100.xmot Right=TrollFist RightUseType=55 RightGroup=5->5 NativeResult=1 OBSERVE_NATIVE=1
CORE RAW55_QUICK_CALLBACK_BOUNDARY Actor=BlackTroll C1=5 SameC1=1 Action=5->5 Phase=1->1 StateTime=0.026608->0.026608 StatePosition=0->0 MotionBefore=Troll_Stand_Fist_Fist_P0_QuickAttackL_Hit_N_Fwd_00_%_00_P0_100.xmot MotionAfter=Troll_Stand_Fist_Fist_P0_QuickAttackL_Hit_N_Fwd_00_%_00_P0_100.xmot Right=TrollFist RightUseType=55 RightGroup=5->5 NativeResult=1 OBSERVE_NATIVE=1
CORE RAW55_QUICK_CALLBACK_BOUNDARY Actor=BlackTroll C1=5 SameC1=1 Action=5->5 Phase=1->1 StateTime=0.034941->0.034941 StatePosition=0->0 MotionBefore=Troll_Stand_Fist_Fist_P0_QuickAttackL_Hit_N_Fwd_00_%_00_P0_100.xmot MotionAfter=Troll_Stand_Fist_Fist_P0_QuickAttackL_Hit_N_Fwd_00_%_00_P0_100.xmot Right=TrollFist RightUseType=55 RightGroup=5->5 NativeResult=1 OBSERVE_NATIVE=1
CORE RAW55_QUICK_CALLBACK_BOUNDARY Actor=BlackTroll C1=5 SameC1=1 Action=5->5 Phase=1->1 StateTime=0.043275->0.043275 StatePosition=0->0 MotionBefore=Troll_Stand_Fist_Fist_P0_QuickAttackL_Hit_N_Fwd_00_%_00_P0_100.xmot MotionAfter=Troll_Stand_Fist_Fist_P0_QuickAttackL_Hit_N_Fwd_00_%_00_P0_100.xmot Right=TrollFist RightUseType=55 RightGroup=5->5 NativeResult=1 OBSERVE_NATIVE=1
CORE RAW55_QUICK_CALLBACK_BOUNDARY Actor=BlackTroll C1=5 SameC1=1 Action=5->5 Phase=1->1 StateTime=0.051608->0.051608 StatePosition=0->0 MotionBefore=Troll_Stand_Fist_Fist_P0_QuickAttackL_Hit_N_Fwd_00_%_00_P0_100.xmot MotionAfter=Troll_Stand_Fist_Fist_P0_QuickAttackL_Hit_N_Fwd_00_%_00_P0_100.xmot Right=TrollFist RightUseType=55 RightGroup=5->5 NativeResult=1 OBSERVE_NATIVE=1
CORE RAW55_QUICK_CALLBACK_BOUNDARY Actor=BlackTroll C1=5 SameC1=1 Action=5->5 Phase=1->1 StateTime=0.059941->0.059941 StatePosition=0->0 MotionBefore=Troll_Stand_Fist_Fist_P0_QuickAttackL_Hit_N_Fwd_00_%_00_P0_100.xmot MotionAfter=Troll_Stand_Fist_Fist_P0_QuickAttackL_Hit_N_Fwd_00_%_00_P0_100.xmot Right=TrollFist RightUseType=55 RightGroup=5->5 NativeResult=1 OBSERVE_NATIVE=1
CORE RAW55_QUICK_CALLBACK_BOUNDARY Actor=BlackTroll C1=5 SameC1=1 Action=5->5 Phase=1->1 StateTime=0.068275->0.068275 StatePosition=0->0 MotionBefore=Troll_Stand_Fist_Fist_P0_QuickAttackL_Hit_N_Fwd_00_%_00_P0_100.xmot MotionAfter=Troll_Stand_Fist_Fist_P0_QuickAttackL_Hit_N_Fwd_00_%_00_P0_100.xmot Right=TrollFist RightUseType=55 RightGroup=5->5 NativeResult=1 OBSERVE_NATIVE=1
CORE RAW55_QUICK_CALLBACK_BOUNDARY Actor=BlackTroll C1=5 SameC1=1 Action=5->5 Phase=1->1 StateTime=0.076608->0.076608 StatePosition=0->0 MotionBefore=Troll_Stand_Fist_Fist_P0_QuickAttackL_Hit_N_Fwd_00_%_00_P0_100.xmot MotionAfter=Troll_Stand_Fist_Fist_P0_QuickAttackL_Hit_N_Fwd_00_%_00_P0_100.xmot Right=TrollFist RightUseType=55 RightGroup=5->5 NativeResult=1 OBSERVE_NATIVE=1
CORE RAW55_QUICK_CALLBACK_BOUNDARY Actor=BlackTroll C1=5 SameC1=1 Action=5->5 Phase=1->1 StateTime=0.086549->0.086549 StatePosition=0->0 MotionBefore=Troll_Stand_Fist_Fist_P0_QuickAttackL_Hit_N_Fwd_00_%_00_P0_100.xmot MotionAfter=Troll_Stand_Fist_Fist_P0_QuickAttackL_Hit_N_Fwd_00_%_00_P0_100.xmot Right=TrollFist RightUseType=55 RightGroup=5->5 NativeResult=1 OBSERVE_NATIVE=1
CORE RAW55_QUICK_CALLBACK_BOUNDARY Actor=BlackTroll C1=5 SameC1=1 Action=5->5 Phase=1->1 StateTime=0.094883->0.094883 StatePosition=0->0 MotionBefore=Troll_Stand_Fist_Fist_P0_QuickAttackL_Hit_N_Fwd_00_%_00_P0_100.xmot MotionAfter=Troll_Stand_Fist_Fist_P0_QuickAttackL_Hit_N_Fwd_00_%_00_P0_100.xmot Right=TrollFist RightUseType=55 RightGroup=5->5 NativeResult=1 OBSERVE_NATIVE=1
CORE RAW55_QUICK_GROUP_SUPPRESSION Actor=BlackTroll C1=5 Right=TrollFist RightUseType=55 RequestedGroup=7 BeforeGroup=5 StatePosition=0 StateTime=0.103216 SUPPRESS_GROUP=1
CORE RAW55_QUICK_CALLBACK_BOUNDARY Actor=BlackTroll C1=5 SameC1=1 Action=5->5 Phase=1->1 StateTime=0.103216->0.103216 StatePosition=0->1 MotionBefore=Troll_Stand_Fist_Fist_P0_QuickAttackL_Hit_N_Fwd_00_%_00_P0_100.xmot MotionAfter=Troll_Stand_Fist_Fist_P0_QuickAttackL_Hit_N_Fwd_00_%_00_P0_100.xmot Right=TrollFist RightUseType=55 RightGroup=5->5 NativeResult=1 OBSERVE_NATIVE=1
CORE RAW55_QUICK_CALLBACK_BOUNDARY Actor=BlackTroll C1=5 SameC1=1 Action=5->5 Phase=1->1 StateTime=0.111549->0.111549 StatePosition=1->1 MotionBefore=Troll_Stand_Fist_Fist_P0_QuickAttackL_Hit_N_Fwd_00_%_00_P0_100.xmot MotionAfter=Troll_Stand_Fist_Fist_P0_QuickAttackL_Hit_N_Fwd_00_%_00_P0_100.xmot Right=TrollFist RightUseType=55 RightGroup=5->5 NativeResult=1 OBSERVE_NATIVE=1
CORE RAW55_QUICK_CALLBACK_BOUNDARY Actor=BlackTroll C1=5 SameC1=1 Action=5->5 Phase=1->1 StateTime=0.119883->0.119883 StatePosition=1->1 MotionBefore=Troll_Stand_Fist_Fist_P0_QuickAttackL_Hit_N_Fwd_00_%_00_P0_100.xmot MotionAfter=Troll_Stand_Fist_Fist_P0_QuickAttackL_Hit_N_Fwd_00_%_00_P0_100.xmot Right=TrollFist RightUseType=55 RightGroup=5->5 NativeResult=1 OBSERVE_NATIVE=1
CORE RAW55_QUICK_CALLBACK_BOUNDARY Actor=BlackTroll C1=5 SameC1=1 Action=5->5 Phase=1->1 StateTime=0.128216->0.128216 StatePosition=1->1 MotionBefore=Troll_Stand_Fist_Fist_P0_QuickAttackL_Hit_N_Fwd_00_%_00_P0_100.xmot MotionAfter=Troll_Stand_Fist_Fist_P0_QuickAttackL_Hit_N_Fwd_00_%_00_P0_100.xmot Right=TrollFist RightUseType=55 RightGroup=5->5 NativeResult=1 OBSERVE_NATIVE=1
CORE RAW55_QUICK_CALLBACK_BOUNDARY Actor=BlackTroll C1=5 SameC1=1 Action=5->5 Phase=1->1 StateTime=0.136549->0.136549 StatePosition=1->1 MotionBefore=Troll_Stand_Fist_Fist_P0_QuickAttackL_Hit_N_Fwd_00_%_00_P0_100.xmot MotionAfter=Troll_Stand_Fist_Fist_P0_QuickAttackL_Hit_N_Fwd_00_%_00_P0_100.xmot Right=TrollFist RightUseType=55 RightGroup=5->5 NativeResult=1 OBSERVE_NATIVE=1
CORE RAW55_QUICK_CALLBACK_BOUNDARY Actor=BlackTroll C1=5 SameC1=1 Action=5->5 Phase=1->1 StateTime=0.144883->0.144883 StatePosition=1->1 MotionBefore=Troll_Stand_Fist_Fist_P0_QuickAttackL_Hit_N_Fwd_00_%_00_P0_100.xmot MotionAfter=Troll_Stand_Fist_Fist_P0_QuickAttackL_Hit_N_Fwd_00_%_00_P0_100.xmot Right=TrollFist RightUseType=55 RightGroup=5->5 NativeResult=1 OBSERVE_NATIVE=1
CORE RAW55_QUICK_CALLBACK_BOUNDARY Actor=BlackTroll C1=5 SameC1=1 Action=5->5 Phase=1->1 StateTime=0.153216->0.153216 StatePosition=1->1 MotionBefore=Troll_Stand_Fist_Fist_P0_QuickAttackL_Hit_N_Fwd_00_%_00_P0_100.xmot MotionAfter=Troll_Stand_Fist_Fist_P0_QuickAttackL_Hit_N_Fwd_00_%_00_P0_100.xmot Right=TrollFist RightUseType=55 RightGroup=5->5 NativeResult=1 OBSERVE_NATIVE=1
CORE RAW55_QUICK_CALLBACK_BOUNDARY Actor=BlackTroll C1=5 SameC1=1 Action=5->5 Phase=1->1 StateTime=0.161549->0.161549 StatePosition=1->1 MotionBefore=Troll_Stand_Fist_Fist_P0_QuickAttackL_Hit_N_Fwd_00_%_00_P0_100.xmot MotionAfter=Troll_Stand_Fist_Fist_P0_QuickAttackL_Hit_N_Fwd_00_%_00_P0_100.xmot Right=TrollFist RightUseType=55 RightGroup=5->5 NativeResult=1 OBSERVE_NATIVE=1
CORE RAW55_QUICK_CALLBACK_BOUNDARY Actor=BlackTroll C1=5 SameC1=1 Action=5->5 Phase=1->1 StateTime=0.169883->0.169883 StatePosition=1->1 MotionBefore=Troll_Stand_Fist_Fist_P0_QuickAttackL_Hit_N_Fwd_00_%_00_P0_100.xmot MotionAfter=Troll_Stand_Fist_Fist_P0_QuickAttackL_Hit_N_Fwd_00_%_00_P0_100.xmot Right=TrollFist RightUseType=55 RightGroup=5->5 NativeResult=1 OBSERVE_NATIVE=1
CORE RAW55_QUICK_CALLBACK_BOUNDARY Actor=BlackTroll C1=5 SameC1=1 Action=5->5 Phase=1->1 StateTime=0.178216->0.178216 StatePosition=1->1 MotionBefore=Troll_Stand_Fist_Fist_P0_QuickAttackL_Hit_N_Fwd_00_%_00_P0_100.xmot MotionAfter=Troll_Stand_Fist_Fist_P0_QuickAttackL_Hit_N_Fwd_00_%_00_P0_100.xmot Right=TrollFist RightUseType=55 RightGroup=5->5 NativeResult=1 OBSERVE_NATIVE=1
CORE RAW55_QUICK_CALLBACK_BOUNDARY Actor=BlackTroll C1=5 SameC1=1 Action=5->5 Phase=1->1 StateTime=0.186549->0.186549 StatePosition=1->1 MotionBefore=Troll_Stand_Fist_Fist_P0_QuickAttackL_Hit_N_Fwd_00_%_00_P0_100.xmot MotionAfter=Troll_Stand_Fist_Fist_P0_QuickAttackL_Hit_N_Fwd_00_%_00_P0_100.xmot Right=TrollFist RightUseType=55 RightGroup=5->5 NativeResult=1 OBSERVE_NATIVE=1
CORE RAW55_QUICK_CALLBACK_BOUNDARY Actor=BlackTroll C1=5 SameC1=1 Action=5->5 Phase=1->1 StateTime=0.194883->0.194883 StatePosition=1->1 MotionBefore=Troll_Stand_Fist_Fist_P0_QuickAttackL_Hit_N_Fwd_00_%_00_P0_100.xmot MotionAfter=Troll_Stand_Fist_Fist_P0_QuickAttackL_Hit_N_Fwd_00_%_00_P0_100.xmot Right=TrollFist RightUseType=55 RightGroup=5->5 NativeResult=1 OBSERVE_NATIVE=1
CORE RAW55_QUICK_CALLBACK_BOUNDARY Actor=BlackTroll C1=5 SameC1=1 Action=5->5 Phase=1->1 StateTime=0.203216->0.203216 StatePosition=1->1 MotionBefore=Troll_Stand_Fist_Fist_P0_QuickAttackL_Hit_N_Fwd_00_%_00_P0_100.xmot MotionAfter=Troll_Stand_Fist_Fist_P0_QuickAttackL_Hit_N_Fwd_00_%_00_P0_100.xmot Right=TrollFist RightUseType=55 RightGroup=5->5 NativeResult=1 OBSERVE_NATIVE=1
CORE RAW55_QUICK_CALLBACK_BOUNDARY Actor=BlackTroll C1=5 SameC1=1 Action=5->5 Phase=1->1 StateTime=0.211549->0.211549 StatePosition=1->1 MotionBefore=Troll_Stand_Fist_Fist_P0_QuickAttackL_Hit_N_Fwd_00_%_00_P0_100.xmot MotionAfter=Troll_Stand_Fist_Fist_P0_QuickAttackL_Hit_N_Fwd_00_%_00_P0_100.xmot Right=TrollFist RightUseType=55 RightGroup=5->5 NativeResult=1 OBSERVE_NATIVE=1
CORE RAW55_QUICK_CALLBACK_BOUNDARY Actor=BlackTroll C1=5 SameC1=1 Action=5->5 Phase=1->1 StateTime=0.220520->0.220520 StatePosition=1->1 MotionBefore=Troll_Stand_Fist_Fist_P0_QuickAttackL_Hit_N_Fwd_00_%_00_P0_100.xmot MotionAfter=Troll_Stand_Fist_Fist_P0_QuickAttackL_Hit_N_Fwd_00_%_00_P0_100.xmot Right=TrollFist RightUseType=55 RightGroup=5->5 NativeResult=1 OBSERVE_NATIVE=1
CORE RAW55_QUICK_CALLBACK_BOUNDARY Actor=BlackTroll C1=5 SameC1=1 Action=5->5 Phase=1->1 StateTime=0.228853->0.228853 StatePosition=1->1 MotionBefore=Troll_Stand_Fist_Fist_P0_QuickAttackL_Hit_N_Fwd_00_%_00_P0_100.xmot MotionAfter=Troll_Stand_Fist_Fist_P0_QuickAttackL_Hit_N_Fwd_00_%_00_P0_100.xmot Right=TrollFist RightUseType=55 RightGroup=5->5 NativeResult=1 OBSERVE_NATIVE=1
CORE RAW55_QUICK_CALLBACK_BOUNDARY Actor=BlackTroll C1=5 SameC1=1 Action=5->5 Phase=1->1 StateTime=0.237187->0.237187 StatePosition=1->1 MotionBefore=Troll_Stand_Fist_Fist_P0_QuickAttackL_Hit_N_Fwd_00_%_00_P0_100.xmot MotionAfter=Troll_Stand_Fist_Fist_P0_QuickAttackL_Hit_N_Fwd_00_%_00_P0_100.xmot Right=TrollFist RightUseType=55 RightGroup=5->5 NativeResult=1 OBSERVE_NATIVE=1
CORE RAW55_QUICK_CALLBACK_BOUNDARY Actor=BlackTroll C1=5 SameC1=1 Action=5->5 Phase=1->1 StateTime=0.247128->0.247128 StatePosition=1->1 MotionBefore=Troll_Stand_Fist_Fist_P0_QuickAttackL_Hit_N_Fwd_00_%_00_P0_100.xmot MotionAfter=Troll_Stand_Fist_Fist_P0_QuickAttackL_Hit_N_Fwd_00_%_00_P0_100.xmot Right=TrollFist RightUseType=55 RightGroup=5->5 NativeResult=1 OBSERVE_NATIVE=1
CORE RAW55_QUICK_CALLBACK_BOUNDARY Actor=BlackTroll C1=5 SameC1=1 Action=5->5 Phase=1->1 StateTime=0.255461->0.255461 StatePosition=1->1 MotionBefore=Troll_Stand_Fist_Fist_P0_QuickAttackL_Hit_N_Fwd_00_%_00_P0_100.xmot MotionAfter=Troll_Stand_Fist_Fist_P0_QuickAttackL_Hit_N_Fwd_00_%_00_P0_100.xmot Right=TrollFist RightUseType=55 RightGroup=5->5 NativeResult=1 OBSERVE_NATIVE=1
CORE RAW55_QUICK_CALLBACK_BOUNDARY Actor=BlackTroll C1=5 SameC1=1 Action=5->5 Phase=1->1 StateTime=0.264418->0.264418 StatePosition=1->1 MotionBefore=Troll_Stand_Fist_Fist_P0_QuickAttackL_Hit_N_Fwd_00_%_00_P0_100.xmot MotionAfter=Troll_Stand_Fist_Fist_P0_QuickAttackL_Hit_N_Fwd_00_%_00_P0_100.xmot Right=TrollFist RightUseType=55 RightGroup=5->5 NativeResult=1 OBSERVE_NATIVE=1
CORE RAW55_QUICK_CALLBACK_BOUNDARY Actor=BlackTroll C1=5 SameC1=1 Action=5->5 Phase=1->1 StateTime=0.272751->0.272751 StatePosition=1->1 MotionBefore=Troll_Stand_Fist_Fist_P0_QuickAttackL_Hit_N_Fwd_00_%_00_P0_100.xmot MotionAfter=Troll_Stand_Fist_Fist_P0_QuickAttackL_Hit_N_Fwd_00_%_00_P0_100.xmot Right=TrollFist RightUseType=55 RightGroup=5->5 NativeResult=1 OBSERVE_NATIVE=1
CORE RAW55_QUICK_CALLBACK_BOUNDARY Actor=BlackTroll C1=5 SameC1=1 Action=5->5 Phase=1->1 StateTime=0.281084->0.281084 StatePosition=1->1 MotionBefore=Troll_Stand_Fist_Fist_P0_QuickAttackL_Hit_N_Fwd_00_%_00_P0_100.xmot MotionAfter=Troll_Stand_Fist_Fist_P0_QuickAttackL_Hit_N_Fwd_00_%_00_P0_100.xmot Right=TrollFist RightUseType=55 RightGroup=5->5 NativeResult=1 OBSERVE_NATIVE=1
CORE RAW55_QUICK_CALLBACK_BOUNDARY Actor=BlackTroll C1=5 SameC1=1 Action=5->5 Phase=1->1 StateTime=0.289418->0.289418 StatePosition=1->1 MotionBefore=Troll_Stand_Fist_Fist_P0_QuickAttackL_Hit_N_Fwd_00_%_00_P0_100.xmot MotionAfter=Troll_Stand_Fist_Fist_P0_QuickAttackL_Hit_N_Fwd_00_%_00_P0_100.xmot Right=TrollFist RightUseType=55 RightGroup=5->5 NativeResult=1 OBSERVE_NATIVE=1
CORE RAW55_QUICK_CALLBACK_BOUNDARY Actor=BlackTroll C1=5 SameC1=1 Action=5->5 Phase=1->1 StateTime=0.297751->0.297751 StatePosition=1->1 MotionBefore=Troll_Stand_Fist_Fist_P0_QuickAttackL_Hit_N_Fwd_00_%_00_P0_100.xmot MotionAfter=Troll_Stand_Fist_Fist_P0_QuickAttackL_Hit_N_Fwd_00_%_00_P0_100.xmot Right=TrollFist RightUseType=55 RightGroup=5->5 NativeResult=1 OBSERVE_NATIVE=1
CORE RAW55_QUICK_CALLBACK_BOUNDARY Actor=BlackTroll C1=5 SameC1=1 Action=5->5 Phase=1->1 StateTime=0.306722->0.306722 StatePosition=1->1 MotionBefore=Troll_Stand_Fist_Fist_P0_QuickAttackL_Hit_N_Fwd_00_%_00_P0_100.xmot MotionAfter=Troll_Stand_Fist_Fist_P0_QuickAttackL_Hit_N_Fwd_00_%_00_P0_100.xmot Right=TrollFist RightUseType=55 RightGroup=5->5 NativeResult=1 OBSERVE_NATIVE=1
CORE RAW55_QUICK_CALLBACK_BOUNDARY Actor=BlackTroll C1=5 SameC1=1 Action=5->5 Phase=1->1 StateTime=0.315055->0.315055 StatePosition=1->1 MotionBefore=Troll_Stand_Fist_Fist_P0_QuickAttackL_Hit_N_Fwd_00_%_00_P0_100.xmot MotionAfter=Troll_Stand_Fist_Fist_P0_QuickAttackL_Hit_N_Fwd_00_%_00_P0_100.xmot Right=TrollFist RightUseType=55 RightGroup=5->5 NativeResult=1 OBSERVE_NATIVE=1
CORE RAW55_QUICK_CALLBACK_BOUNDARY Actor=BlackTroll C1=5 SameC1=1 Action=5->5 Phase=1->1 StateTime=0.323388->0.323388 StatePosition=1->1 MotionBefore=Troll_Stand_Fist_Fist_P0_QuickAttackL_Hit_N_Fwd_00_%_00_P0_100.xmot MotionAfter=Troll_Stand_Fist_Fist_P0_QuickAttackL_Hit_N_Fwd_00_%_00_P0_100.xmot Right=TrollFist RightUseType=55 RightGroup=5->5 NativeResult=1 OBSERVE_NATIVE=1
CORE RAW55_QUICK_CALLBACK_BOUNDARY Actor=BlackTroll C1=5 SameC1=1 Action=5->5 Phase=1->1 StateTime=0.331722->0.331722 StatePosition=1->1 MotionBefore=Troll_Stand_Fist_Fist_P0_QuickAttackL_Hit_N_Fwd_00_%_00_P0_100.xmot MotionAfter=Troll_Stand_Fist_Fist_P0_QuickAttackL_Hit_N_Fwd_00_%_00_P0_100.xmot Right=TrollFist RightUseType=55 RightGroup=5->5 NativeResult=1 OBSERVE_NATIVE=1
CORE RAW55_QUICK_CALLBACK_BOUNDARY Actor=BlackTroll C1=5 SameC1=1 Action=5->5 Phase=1->1 StateTime=0.340055->0.340055 StatePosition=1->1 MotionBefore=Troll_Stand_Fist_Fist_P0_QuickAttackL_Hit_N_Fwd_00_%_00_P0_100.xmot MotionAfter=Troll_Stand_Fist_Fist_P0_QuickAttackL_Hit_N_Fwd_00_%_00_P0_100.xmot Right=TrollFist RightUseType=55 RightGroup=5->5 NativeResult=1 OBSERVE_NATIVE=1
CORE RAW55_QUICK_CALLBACK_BOUNDARY Actor=BlackTroll C1=5 SameC1=1 Action=5->5 Phase=1->1 StateTime=0.348388->0.348388 StatePosition=1->1 MotionBefore=Troll_Stand_Fist_Fist_P0_QuickAttackL_Hit_N_Fwd_00_%_00_P0_100.xmot MotionAfter=Troll_Stand_Fist_Fist_P0_QuickAttackL_Hit_N_Fwd_00_%_00_P0_100.xmot Right=TrollFist RightUseType=55 RightGroup=5->5 NativeResult=1 OBSERVE_NATIVE=1
CORE RAW55_QUICK_CALLBACK_BOUNDARY Actor=BlackTroll C1=5 SameC1=1 Action=5->5 Phase=1->1 StateTime=0.358344->0.358344 StatePosition=1->1 MotionBefore=Troll_Stand_Fist_Fist_P0_QuickAttackL_Hit_N_Fwd_00_%_00_P0_100.xmot MotionAfter=Troll_Stand_Fist_Fist_P0_QuickAttackL_Hit_N_Fwd_00_%_00_P0_100.xmot Right=TrollFist RightUseType=55 RightGroup=5->5 NativeResult=1 OBSERVE_NATIVE=1
CORE RAW55_QUICK_CALLBACK_BOUNDARY Actor=BlackTroll C1=5 SameC1=1 Action=5->5 Phase=1->1 StateTime=0.366678->0.366678 StatePosition=1->1 MotionBefore=Troll_Stand_Fist_Fist_P0_QuickAttackL_Hit_N_Fwd_00_%_00_P0_100.xmot MotionAfter=Troll_Stand_Fist_Fist_P0_QuickAttackL_Hit_N_Fwd_00_%_00_P0_100.xmot Right=TrollFist RightUseType=55 RightGroup=5->5 NativeResult=1 OBSERVE_NATIVE=1
CORE RAW55_QUICK_CALLBACK_BOUNDARY Actor=BlackTroll C1=5 SameC1=1 Action=5->5 Phase=1->1 StateTime=0.375011->0.375011 StatePosition=1->1 MotionBefore=Troll_Stand_Fist_Fist_P0_QuickAttackL_Hit_N_Fwd_00_%_00_P0_100.xmot MotionAfter=Troll_Stand_Fist_Fist_P0_QuickAttackL_Hit_N_Fwd_00_%_00_P0_100.xmot Right=TrollFist RightUseType=55 RightGroup=5->5 NativeResult=1 OBSERVE_NATIVE=1
CORE RAW55_QUICK_CALLBACK_BOUNDARY Actor=BlackTroll C1=5 SameC1=1 Action=5->5 Phase=1->1 StateTime=0.383344->0.383344 StatePosition=1->1 MotionBefore=Troll_Stand_Fist_Fist_P0_QuickAttackL_Hit_N_Fwd_00_%_00_P0_100.xmot MotionAfter=Troll_Stand_Fist_Fist_P0_QuickAttackL_Hit_N_Fwd_00_%_00_P0_100.xmot Right=TrollFist RightUseType=55 RightGroup=5->5 NativeResult=1 OBSERVE_NATIVE=1
CORE RAW55_QUICK_CALLBACK_BOUNDARY Actor=BlackTroll C1=5 SameC1=1 Action=5->5 Phase=1->1 StateTime=0.393300->0.393300 StatePosition=1->1 MotionBefore=Troll_Stand_Fist_Fist_P0_QuickAttackL_Hit_N_Fwd_00_%_00_P0_100.xmot MotionAfter=Troll_Stand_Fist_Fist_P0_QuickAttackL_Hit_N_Fwd_00_%_00_P0_100.xmot Right=TrollFist RightUseType=55 RightGroup=5->5 NativeResult=1 OBSERVE_NATIVE=1
CORE RAW55_QUICK_CALLBACK_BOUNDARY Actor=BlackTroll C1=5 SameC1=1 Action=5->5 Phase=1->1 StateTime=0.401634->0.401634 StatePosition=1->1 MotionBefore=Troll_Stand_Fist_Fist_P0_QuickAttackL_Hit_N_Fwd_00_%_00_P0_100.xmot MotionAfter=Troll_Stand_Fist_Fist_P0_QuickAttackL_Hit_N_Fwd_00_%_00_P0_100.xmot Right=TrollFist RightUseType=55 RightGroup=5->5 NativeResult=1 OBSERVE_NATIVE=1
CORE RAW55_QUICK_CALLBACK_BOUNDARY Actor=BlackTroll C1=5 SameC1=1 Action=5->5 Phase=1->1 StateTime=0.409967->0.409967 StatePosition=1->1 MotionBefore=Troll_Stand_Fist_Fist_P0_QuickAttackL_Hit_N_Fwd_00_%_00_P0_100.xmot MotionAfter=Troll_Stand_Fist_Fist_P0_QuickAttackL_Hit_N_Fwd_00_%_00_P0_100.xmot Right=TrollFist RightUseType=55 RightGroup=5->5 NativeResult=1 OBSERVE_NATIVE=1
CORE RAW55_QUICK_CALLBACK_BOUNDARY Actor=BlackTroll C1=5 SameC1=1 Action=5->5 Phase=1->1 StateTime=0.418300->0.418300 StatePosition=1->1 MotionBefore=Troll_Stand_Fist_Fist_P0_QuickAttackL_Hit_N_Fwd_00_%_00_P0_100.xmot MotionAfter=Troll_Stand_Fist_Fist_P0_QuickAttackL_Hit_N_Fwd_00_%_00_P0_100.xmot Right=TrollFist RightUseType=55 RightGroup=5->5 NativeResult=1 OBSERVE_NATIVE=1
CORE RAW55_QUICK_CALLBACK_BOUNDARY Actor=BlackTroll C1=5 SameC1=1 Action=5->5 Phase=1->1 StateTime=0.427271->0.427271 StatePosition=1->1 MotionBefore=Troll_Stand_Fist_Fist_P0_QuickAttackL_Hit_N_Fwd_00_%_00_P0_100.xmot MotionAfter=Troll_Stand_Fist_Fist_P0_QuickAttackL_Hit_N_Fwd_00_%_00_P0_100.xmot Right=TrollFist RightUseType=55 RightGroup=5->5 NativeResult=1 OBSERVE_NATIVE=1
CORE RAW55_QUICK_CALLBACK_BOUNDARY Actor=BlackTroll C1=5 SameC1=1 Action=5->5 Phase=1->1 StateTime=0.436271->0.436271 StatePosition=1->1 MotionBefore=Troll_Stand_Fist_Fist_P0_QuickAttackL_Hit_N_Fwd_00_%_00_P0_100.xmot MotionAfter=Troll_Stand_Fist_Fist_P0_QuickAttackL_Hit_N_Fwd_00_%_00_P0_100.xmot Right=TrollFist RightUseType=55 RightGroup=5->5 NativeResult=1 OBSERVE_NATIVE=1
CORE RAW55_QUICK_CALLBACK_BOUNDARY Actor=BlackTroll C1=5 SameC1=1 Action=5->5 Phase=1->1 StateTime=0.445271->0.445271 StatePosition=1->1 MotionBefore=Troll_Stand_Fist_Fist_P0_QuickAttackL_Hit_N_Fwd_00_%_00_P0_100.xmot MotionAfter=Troll_Stand_Fist_Fist_P0_QuickAttackL_Hit_N_Fwd_00_%_00_P0_100.xmot Right=TrollFist RightUseType=55 RightGroup=5->5 NativeResult=1 OBSERVE_NATIVE=1
CORE RAW55_QUICK_CALLBACK_BOUNDARY Actor=BlackTroll C1=5 SameC1=1 Action=5->5 Phase=1->1 StateTime=0.453604->0.453604 StatePosition=1->1 MotionBefore=Troll_Stand_Fist_Fist_P0_QuickAttackL_Hit_N_Fwd_00_%_00_P0_100.xmot MotionAfter=Troll_Stand_Fist_Fist_P0_QuickAttackL_Hit_N_Fwd_00_%_00_P0_100.xmot Right=TrollFist RightUseType=55 RightGroup=5->5 NativeResult=1 OBSERVE_NATIVE=1
CORE RAW55_QUICK_CALLBACK_BOUNDARY Actor=BlackTroll C1=5 SameC1=1 Action=5->5 Phase=1->1 StateTime=0.461937->0.461937 StatePosition=1->1 MotionBefore=Troll_Stand_Fist_Fist_P0_QuickAttackL_Hit_N_Fwd_00_%_00_P0_100.xmot MotionAfter=Troll_Stand_Fist_Fist_P0_QuickAttackL_Hit_N_Fwd_00_%_00_P0_100.xmot Right=TrollFist RightUseType=55 RightGroup=5->5 NativeResult=1 OBSERVE_NATIVE=1
CORE RAW55_QUICK_CALLBACK_BOUNDARY Actor=BlackTroll C1=5 SameC1=1 Action=5->5 Phase=1->1 StateTime=0.470908->0.470908 StatePosition=1->1 MotionBefore=Troll_Stand_Fist_Fist_P0_QuickAttackL_Hit_N_Fwd_00_%_00_P0_100.xmot MotionAfter=Troll_Stand_Fist_Fist_P0_QuickAttackL_Hit_N_Fwd_00_%_00_P0_100.xmot Right=TrollFist RightUseType=55 RightGroup=5->5 NativeResult=1 OBSERVE_NATIVE=1
CORE RAW55_QUICK_CALLBACK_BOUNDARY Actor=BlackTroll C1=5 SameC1=1 Action=5->5 Phase=1->1 StateTime=0.479241->0.479241 StatePosition=1->1 MotionBefore=Troll_Stand_Fist_Fist_P0_QuickAttackL_Hit_N_Fwd_00_%_00_P0_100.xmot MotionAfter=Troll_Stand_Fist_Fist_P0_QuickAttackL_Hit_N_Fwd_00_%_00_P0_100.xmot Right=TrollFist RightUseType=55 RightGroup=5->5 NativeResult=1 OBSERVE_NATIVE=1
===== CORE MARKER ANOMALY / DISCOVERY =====
ElapsedMs: 36744.054
Actor: BlackTroll
Action: 5
Family: QUICK
AniPhase: 1
StatePosition: 1
CurrentMovementAni: Troll_Stand_Fist_Fist_P0_QuickAttackL_Hit_N_Fwd_00_%_00_P0_100.xmot
MarkerName: G3AB_COL_FIST
MarkerOpcode: FIST
Result: UNSUPPORTED_MISSING_SOURCE
C1GenerationValid: 1
C1Generation: 5
RequiredSourceMask: 0
MissingSourceMask: 0
RightSourceSlot: RIGHT
RightSourceName: TrollFist
RightSourceUseType: 55
RightSourceCollisionGroup: 5
LeftSourceSlot: LEFT
LeftSourceName: TrollFist
LeftSourceUseType: 55
LeftSourceCollisionGroup: 5
Raw8FistSourceName: <none>
Raw8FistSourceUseType: -1
Raw8FistSourceCollisionGroup: -1
===========================================

CORE COLLISION_GROUP ElapsedMs=36744.095 Source=TrollFist UseType=55 Owner=BlackTroll Slot=RIGHT Requested=7 Before=5 After=7 MarkerBitsRetired=0
CORE C1 OFFENSE REQUEST ElapsedMs=36744.106 Actor=BlackTroll Generation=5 Status=PERSISTED Source=TrollFist Side=RIGHT Requests=1 Outstanding=1 CleanupObserved=0 Group=7
CORE RAW55_QUICK_FIST_REARM_PROBE Actor=BlackTroll C1=5 Action=5 StatePosition=1 StateTime=0.487574 Right=TrollFist RightUseType=55 GroupBefore=5 RequestedGroup=7 GroupAfter=7 EarlySuppressionProof=1 ClearTriggeredList=1 REARM_PROBE=1
CORE RAW55_QUICK_CALLBACK_BOUNDARY Actor=BlackTroll C1=5 SameC1=1 Action=5->5 Phase=1->1 StateTime=0.487574->0.487574 StatePosition=1->1 MotionBefore=Troll_Stand_Fist_Fist_P0_QuickAttackL_Hit_N_Fwd_00_%_00_P0_100.xmot MotionAfter=Troll_Stand_Fist_Fist_P0_QuickAttackL_Hit_N_Fwd_00_%_00_P0_100.xmot Right=TrollFist RightUseType=55 RightGroup=7->7 NativeResult=1 OBSERVE_NATIVE=1
CORE RAW55_QUICK_CALLBACK_BOUNDARY Actor=BlackTroll C1=5 SameC1=1 Action=5->5 Phase=1->1 StateTime=0.498515->0.498515 StatePosition=1->1 MotionBefore=Troll_Stand_Fist_Fist_P0_QuickAttackL_Hit_N_Fwd_00_%_00_P0_100.xmot MotionAfter=Troll_Stand_Fist_Fist_P0_QuickAttackL_Hit_N_Fwd_00_%_00_P0_100.xmot Right=TrollFist RightUseType=55 RightGroup=7->7 NativeResult=1 OBSERVE_NATIVE=1
CORE RAW55_QUICK_CALLBACK_BOUNDARY Actor=BlackTroll C1=5 SameC1=1 Action=5->5 Phase=1->1 StateTime=0.506849->0.506849 StatePosition=1->1 MotionBefore=Troll_Stand_Fist_Fist_P0_QuickAttackL_Hit_N_Fwd_00_%_00_P0_100.xmot MotionAfter=Troll_Stand_Fist_Fist_P0_QuickAttackL_Hit_N_Fwd_00_%_00_P0_100.xmot Right=TrollFist RightUseType=55 RightGroup=7->7 NativeResult=1 OBSERVE_NATIVE=1
CORE RAW55_QUICK_CALLBACK_BOUNDARY Actor=BlackTroll C1=5 SameC1=1 Action=5->5 Phase=1->1 StateTime=0.515182->0.515182 StatePosition=1->1 MotionBefore=Troll_Stand_Fist_Fist_P0_QuickAttackL_Hit_N_Fwd_00_%_00_P0_100.xmot MotionAfter=Troll_Stand_Fist_Fist_P0_QuickAttackL_Hit_N_Fwd_00_%_00_P0_100.xmot Right=TrollFist RightUseType=55 RightGroup=7->7 NativeResult=1 OBSERVE_NATIVE=1
CORE RAW55_QUICK_CALLBACK_BOUNDARY Actor=BlackTroll C1=5 SameC1=1 Action=5->5 Phase=1->1 StateTime=0.525123->0.525123 StatePosition=1->1 MotionBefore=Troll_Stand_Fist_Fist_P0_QuickAttackL_Hit_N_Fwd_00_%_00_P0_100.xmot MotionAfter=Troll_Stand_Fist_Fist_P0_QuickAttackL_Hit_N_Fwd_00_%_00_P0_100.xmot Right=TrollFist RightUseType=55 RightGroup=7->7 NativeResult=1 OBSERVE_NATIVE=1
CORE RAW55_QUICK_CALLBACK_BOUNDARY Actor=BlackTroll C1=5 SameC1=1 Action=5->5 Phase=1->1 StateTime=0.533457->0.533457 StatePosition=1->1 MotionBefore=Troll_Stand_Fist_Fist_P0_QuickAttackL_Hit_N_Fwd_00_%_00_P0_100.xmot MotionAfter=Troll_Stand_Fist_Fist_P0_QuickAttackL_Hit_N_Fwd_00_%_00_P0_100.xmot Right=TrollFist RightUseType=55 RightGroup=7->7 NativeResult=1 OBSERVE_NATIVE=1
CORE RAW55_QUICK_CALLBACK_BOUNDARY Actor=BlackTroll C1=5 SameC1=1 Action=5->5 Phase=1->1 StateTime=0.542428->0.542428 StatePosition=1->1 MotionBefore=Troll_Stand_Fist_Fist_P0_QuickAttackL_Hit_N_Fwd_00_%_00_P0_100.xmot MotionAfter=Troll_Stand_Fist_Fist_P0_QuickAttackL_Hit_N_Fwd_00_%_00_P0_100.xmot Right=TrollFist RightUseType=55 RightGroup=7->7 NativeResult=1 OBSERVE_NATIVE=1
CORE RAW55_QUICK_CALLBACK_BOUNDARY Actor=BlackTroll C1=5 SameC1=1 Action=5->5 Phase=1->1 StateTime=0.552414->0.552414 StatePosition=1->1 MotionBefore=Troll_Stand_Fist_Fist_P0_QuickAttackL_Hit_N_Fwd_00_%_00_P0_100.xmot MotionAfter=Troll_Stand_Fist_Fist_P0_QuickAttackL_Hit_N_Fwd_00_%_00_P0_100.xmot Right=TrollFist RightUseType=55 RightGroup=7->7 NativeResult=1 OBSERVE_NATIVE=1
CORE RAW55_QUICK_CALLBACK_BOUNDARY Actor=BlackTroll C1=5 SameC1=1 Action=5->5 Phase=1->1 StateTime=0.560747->0.560747 StatePosition=1->1 MotionBefore=Troll_Stand_Fist_Fist_P0_QuickAttackL_Hit_N_Fwd_00_%_00_P0_100.xmot MotionAfter=Troll_Stand_Fist_Fist_P0_QuickAttackL_Hit_N_Fwd_00_%_00_P0_100.xmot Right=TrollFist RightUseType=55 RightGroup=7->7 NativeResult=1 OBSERVE_NATIVE=1
CORE RAW55_QUICK_CALLBACK_BOUNDARY Actor=BlackTroll C1=5 SameC1=1 Action=5->5 Phase=1->1 StateTime=0.569718->0.569718 StatePosition=1->1 MotionBefore=Troll_Stand_Fist_Fist_P0_QuickAttackL_Hit_N_Fwd_00_%_00_P0_100.xmot MotionAfter=Troll_Stand_Fist_Fist_P0_QuickAttackL_Hit_N_Fwd_00_%_00_P0_100.xmot Right=TrollFist RightUseType=55 RightGroup=7->7 NativeResult=1 OBSERVE_NATIVE=1
CORE RAW55_QUICK_CALLBACK_BOUNDARY Actor=BlackTroll C1=5 SameC1=1 Action=5->5 Phase=1->1 StateTime=0.578051->0.578051 StatePosition=1->1 MotionBefore=Troll_Stand_Fist_Fist_P0_QuickAttackL_Hit_N_Fwd_00_%_00_P0_100.xmot MotionAfter=Troll_Stand_Fist_Fist_P0_QuickAttackL_Hit_N_Fwd_00_%_00_P0_100.xmot Right=TrollFist RightUseType=55 RightGroup=7->7 NativeResult=1 OBSERVE_NATIVE=1
CORE RAW55_QUICK_CALLBACK_BOUNDARY Actor=BlackTroll C1=5 SameC1=1 Action=5->5 Phase=1->1 StateTime=0.587022->0.587022 StatePosition=1->1 MotionBefore=Troll_Stand_Fist_Fist_P0_QuickAttackL_Hit_N_Fwd_00_%_00_P0_100.xmot MotionAfter=Troll_Stand_Fist_Fist_P0_QuickAttackL_Hit_N_Fwd_00_%_00_P0_100.xmot Right=TrollFist RightUseType=55 RightGroup=7->7 NativeResult=1 OBSERVE_NATIVE=1
CORE RAW55_QUICK_CALLBACK_BOUNDARY Actor=BlackTroll C1=5 SameC1=1 Action=5->5 Phase=1->1 StateTime=0.595355->0.595355 StatePosition=1->1 MotionBefore=Troll_Stand_Fist_Fist_P0_QuickAttackL_Hit_N_Fwd_00_%_00_P0_100.xmot MotionAfter=Troll_Stand_Fist_Fist_P0_QuickAttackL_Hit_N_Fwd_00_%_00_P0_100.xmot Right=TrollFist RightUseType=55 RightGroup=7->7 NativeResult=1 OBSERVE_NATIVE=1
CORE RAW55_QUICK_CALLBACK_BOUNDARY Actor=BlackTroll C1=5 SameC1=1 Action=5->5 Phase=1->1 StateTime=0.603689->0.603689 StatePosition=1->1 MotionBefore=Troll_Stand_Fist_Fist_P0_QuickAttackL_Hit_N_Fwd_00_%_00_P0_100.xmot MotionAfter=Troll_Stand_Fist_Fist_P0_QuickAttackL_Hit_N_Fwd_00_%_00_P0_100.xmot Right=TrollFist RightUseType=55 RightGroup=7->7 NativeResult=1 OBSERVE_NATIVE=1
CORE RAW55_QUICK_CALLBACK_BOUNDARY Actor=BlackTroll C1=5 SameC1=1 Action=5->5 Phase=1->1 StateTime=0.612022->0.612022 StatePosition=1->1 MotionBefore=Troll_Stand_Fist_Fist_P0_QuickAttackL_Hit_N_Fwd_00_%_00_P0_100.xmot MotionAfter=Troll_Stand_Fist_Fist_P0_QuickAttackL_Hit_N_Fwd_00_%_00_P0_100.xmot Right=TrollFist RightUseType=55 RightGroup=7->7 NativeResult=1 OBSERVE_NATIVE=1
CORE RAW55_QUICK_CALLBACK_BOUNDARY Actor=BlackTroll C1=5 SameC1=1 Action=5->5 Phase=1->1 StateTime=0.620993->0.620993 StatePosition=1->1 MotionBefore=Troll_Stand_Fist_Fist_P0_QuickAttackL_Hit_N_Fwd_00_%_00_P0_100.xmot MotionAfter=Troll_Stand_Fist_Fist_P0_QuickAttackL_Hit_N_Fwd_00_%_00_P0_100.xmot Right=TrollFist RightUseType=55 RightGroup=7->7 NativeResult=1 OBSERVE_NATIVE=1
CORE RAW55_QUICK_CALLBACK_BOUNDARY Actor=BlackTroll C1=5 SameC1=1 Action=5->5 Phase=1->1 StateTime=0.629326->0.629326 StatePosition=1->1 MotionBefore=Troll_Stand_Fist_Fist_P0_QuickAttackL_Hit_N_Fwd_00_%_00_P0_100.xmot MotionAfter=Troll_Stand_Fist_Fist_P0_QuickAttackL_Hit_N_Fwd_00_%_00_P0_100.xmot Right=TrollFist RightUseType=55 RightGroup=7->7 NativeResult=1 OBSERVE_NATIVE=1
CORE RAW55_QUICK_CALLBACK_BOUNDARY Actor=BlackTroll C1=5 SameC1=1 Action=5->5 Phase=1->1 StateTime=0.637659->0.637659 StatePosition=1->1 MotionBefore=Troll_Stand_Fist_Fist_P0_QuickAttackL_Hit_N_Fwd_00_%_00_P0_100.xmot MotionAfter=Troll_Stand_Fist_Fist_P0_QuickAttackL_Hit_N_Fwd_00_%_00_P0_100.xmot Right=TrollFist RightUseType=55 RightGroup=7->7 NativeResult=1 OBSERVE_NATIVE=1
CORE RAW55_QUICK_CALLBACK_BOUNDARY Actor=BlackTroll C1=5 SameC1=1 Action=5->5 Phase=1->1 StateTime=0.646630->0.646630 StatePosition=1->1 MotionBefore=Troll_Stand_Fist_Fist_P0_QuickAttackL_Hit_N_Fwd_00_%_00_P0_100.xmot MotionAfter=Troll_Stand_Fist_Fist_P0_QuickAttackL_Hit_N_Fwd_00_%_00_P0_100.xmot Right=TrollFist RightUseType=55 RightGroup=7->7 NativeResult=1 OBSERVE_NATIVE=1
CORE RAW55_QUICK_CALLBACK_BOUNDARY Actor=BlackTroll C1=5 SameC1=1 Action=5->5 Phase=1->1 StateTime=0.654963->0.654963 StatePosition=1->1 MotionBefore=Troll_Stand_Fist_Fist_P0_QuickAttackL_Hit_N_Fwd_00_%_00_P0_100.xmot MotionAfter=Troll_Stand_Fist_Fist_P0_QuickAttackL_Hit_N_Fwd_00_%_00_P0_100.xmot Right=TrollFist RightUseType=55 RightGroup=7->7 NativeResult=1 OBSERVE_NATIVE=1
CORE RAW55_QUICK_CALLBACK_BOUNDARY Actor=BlackTroll C1=5 SameC1=1 Action=5->5 Phase=1->1 StateTime=0.663297->0.663297 StatePosition=1->1 MotionBefore=Troll_Stand_Fist_Fist_P0_QuickAttackL_Hit_N_Fwd_00_%_00_P0_100.xmot MotionAfter=Troll_Stand_Fist_Fist_P0_QuickAttackL_Hit_N_Fwd_00_%_00_P0_100.xmot Right=TrollFist RightUseType=55 RightGroup=7->7 NativeResult=1 OBSERVE_NATIVE=1
CORE RAW55_QUICK_CALLBACK_BOUNDARY Actor=BlackTroll C1=5 SameC1=1 Action=5->5 Phase=1->1 StateTime=0.671630->0.671630 StatePosition=1->1 MotionBefore=Troll_Stand_Fist_Fist_P0_QuickAttackL_Hit_N_Fwd_00_%_00_P0_100.xmot MotionAfter=Troll_Stand_Fist_Fist_P0_QuickAttackL_Hit_N_Fwd_00_%_00_P0_100.xmot Right=TrollFist RightUseType=55 RightGroup=7->7 NativeResult=1 OBSERVE_NATIVE=1
CORE RAW55_QUICK_CALLBACK_BOUNDARY Actor=BlackTroll C1=5 SameC1=1 Action=5->5 Phase=1->1 StateTime=0.679963->0.679963 StatePosition=1->1 MotionBefore=Troll_Stand_Fist_Fist_P0_QuickAttackL_Hit_N_Fwd_00_%_00_P0_100.xmot MotionAfter=Troll_Stand_Fist_Fist_P0_QuickAttackL_Hit_N_Fwd_00_%_00_P0_100.xmot Right=TrollFist RightUseType=55 RightGroup=7->7 NativeResult=1 OBSERVE_NATIVE=1
CORE RAW55_QUICK_CALLBACK_BOUNDARY Actor=BlackTroll C1=5 SameC1=1 Action=5->5 Phase=1->1 StateTime=0.688934->0.688934 StatePosition=1->1 MotionBefore=Troll_Stand_Fist_Fist_P0_QuickAttackL_Hit_N_Fwd_00_%_00_P0_100.xmot MotionAfter=Troll_Stand_Fist_Fist_P0_QuickAttackL_Hit_N_Fwd_00_%_00_P0_100.xmot Right=TrollFist RightUseType=55 RightGroup=7->7 NativeResult=1 OBSERVE_NATIVE=1
CORE RAW55_QUICK_CALLBACK_BOUNDARY Actor=BlackTroll C1=5 SameC1=1 Action=5->5 Phase=1->1 StateTime=0.697267->0.697267 StatePosition=1->1 MotionBefore=Troll_Stand_Fist_Fist_P0_QuickAttackL_Hit_N_Fwd_00_%_00_P0_100.xmot MotionAfter=Troll_Stand_Fist_Fist_P0_QuickAttackL_Hit_N_Fwd_00_%_00_P0_100.xmot Right=TrollFist RightUseType=55 RightGroup=7->7 NativeResult=1 OBSERVE_NATIVE=1
CORE RAW55_QUICK_CALLBACK_BOUNDARY Actor=BlackTroll C1=5 SameC1=1 Action=5->5 Phase=1->1 StateTime=0.706238->0.706238 StatePosition=1->1 MotionBefore=Troll_Stand_Fist_Fist_P0_QuickAttackL_Hit_N_Fwd_00_%_00_P0_100.xmot MotionAfter=Troll_Stand_Fist_Fist_P0_QuickAttackL_Hit_N_Fwd_00_%_00_P0_100.xmot Right=TrollFist RightUseType=55 RightGroup=7->7 NativeResult=1 OBSERVE_NATIVE=1
CORE RAW55_QUICK_CALLBACK_BOUNDARY Actor=BlackTroll C1=5 SameC1=1 Action=5->5 Phase=1->1 StateTime=0.714571->0.714571 StatePosition=1->1 MotionBefore=Troll_Stand_Fist_Fist_P0_QuickAttackL_Hit_N_Fwd_00_%_00_P0_100.xmot MotionAfter=Troll_Stand_Fist_Fist_P0_QuickAttackL_Hit_N_Fwd_00_%_00_P0_100.xmot Right=TrollFist RightUseType=55 RightGroup=7->7 NativeResult=1 OBSERVE_NATIVE=1
CORE RAW55_QUICK_CALLBACK_BOUNDARY Actor=BlackTroll C1=5 SameC1=1 Action=5->5 Phase=1->1 StateTime=0.723542->0.723542 StatePosition=1->1 MotionBefore=Troll_Stand_Fist_Fist_P0_QuickAttackL_Hit_N_Fwd_00_%_00_P0_100.xmot MotionAfter=Troll_Stand_Fist_Fist_P0_QuickAttackL_Hit_N_Fwd_00_%_00_P0_100.xmot Right=TrollFist RightUseType=55 RightGroup=7->7 NativeResult=1 OBSERVE_NATIVE=1
CORE RAW55_QUICK_CALLBACK_BOUNDARY Actor=BlackTroll C1=5 SameC1=1 Action=5->5 Phase=1->1 StateTime=0.731875->0.731875 StatePosition=1->1 MotionBefore=Troll_Stand_Fist_Fist_P0_QuickAttackL_Hit_N_Fwd_00_%_00_P0_100.xmot MotionAfter=Troll_Stand_Fist_Fist_P0_QuickAttackL_Hit_N_Fwd_00_%_00_P0_100.xmot Right=TrollFist RightUseType=55 RightGroup=7->7 NativeResult=1 OBSERVE_NATIVE=1
CORE RAW55_QUICK_CALLBACK_BOUNDARY Actor=BlackTroll C1=5 SameC1=1 Action=5->5 Phase=1->1 StateTime=0.740832->0.740832 StatePosition=1->1 MotionBefore=Troll_Stand_Fist_Fist_P0_QuickAttackL_Hit_N_Fwd_00_%_00_P0_100.xmot MotionAfter=Troll_Stand_Fist_Fist_P0_QuickAttackL_Hit_N_Fwd_00_%_00_P0_100.xmot Right=TrollFist RightUseType=55 RightGroup=7->7 NativeResult=1 OBSERVE_NATIVE=1
CORE RAW55_QUICK_CALLBACK_BOUNDARY Actor=BlackTroll C1=5 SameC1=1 Action=5->5 Phase=1->1 StateTime=0.749165->0.749165 StatePosition=1->1 MotionBefore=Troll_Stand_Fist_Fist_P0_QuickAttackL_Hit_N_Fwd_00_%_00_P0_100.xmot MotionAfter=Troll_Stand_Fist_Fist_P0_QuickAttackL_Hit_N_Fwd_00_%_00_P0_100.xmot Right=TrollFist RightUseType=55 RightGroup=7->7 NativeResult=1 OBSERVE_NATIVE=1
CORE RAW55_QUICK_CALLBACK_BOUNDARY Actor=BlackTroll C1=5 SameC1=1 Action=5->5 Phase=1->1 StateTime=0.757498->0.757498 StatePosition=1->1 MotionBefore=Troll_Stand_Fist_Fist_P0_QuickAttackL_Hit_N_Fwd_00_%_00_P0_100.xmot MotionAfter=Troll_Stand_Fist_Fist_P0_QuickAttackL_Hit_N_Fwd_00_%_00_P0_100.xmot Right=TrollFist RightUseType=55 RightGroup=7->7 NativeResult=1 OBSERVE_NATIVE=1
CORE RAW55_QUICK_CALLBACK_BOUNDARY Actor=BlackTroll C1=5 SameC1=1 Action=5->5 Phase=1->1 StateTime=0.765832->0.765832 StatePosition=1->1 MotionBefore=Troll_Stand_Fist_Fist_P0_QuickAttackL_Hit_N_Fwd_00_%_00_P0_100.xmot MotionAfter=Troll_Stand_Fist_Fist_P0_QuickAttackL_Hit_N_Fwd_00_%_00_P0_100.xmot Right=TrollFist RightUseType=55 RightGroup=7->7 NativeResult=1 OBSERVE_NATIVE=1
CORE RAW55_QUICK_CALLBACK_BOUNDARY Actor=BlackTroll C1=5 SameC1=1 Action=5->5 Phase=1->1 StateTime=0.774165->0.774165 StatePosition=1->1 MotionBefore=Troll_Stand_Fist_Fist_P0_QuickAttackL_Hit_N_Fwd_00_%_00_P0_100.xmot MotionAfter=Troll_Stand_Fist_Fist_P0_QuickAttackL_Hit_N_Fwd_00_%_00_P0_100.xmot Right=TrollFist RightUseType=55 RightGroup=7->7 NativeResult=1 OBSERVE_NATIVE=1
CORE RAW55_QUICK_CALLBACK_BOUNDARY Actor=BlackTroll C1=5 SameC1=1 Action=5->5 Phase=1->1 StateTime=0.782498->0.782498 StatePosition=1->1 MotionBefore=Troll_Stand_Fist_Fist_P0_QuickAttackL_Hit_N_Fwd_00_%_00_P0_100.xmot MotionAfter=Troll_Stand_Fist_Fist_P0_QuickAttackL_Hit_N_Fwd_00_%_00_P0_100.xmot Right=TrollFist RightUseType=55 RightGroup=7->7 NativeResult=1 OBSERVE_NATIVE=1
CORE RAW55_QUICK_CALLBACK_BOUNDARY Actor=BlackTroll C1=5 SameC1=1 Action=5->5 Phase=1->1 StateTime=0.790832->0.790832 StatePosition=1->1 MotionBefore=Troll_Stand_Fist_Fist_P0_QuickAttackL_Hit_N_Fwd_00_%_00_P0_100.xmot MotionAfter=Troll_Stand_Fist_Fist_P0_QuickAttackL_Hit_N_Fwd_00_%_00_P0_100.xmot Right=TrollFist RightUseType=55 RightGroup=7->7 NativeResult=1 OBSERVE_NATIVE=1
CORE RAW55_QUICK_CALLBACK_BOUNDARY Actor=BlackTroll C1=5 SameC1=1 Action=5->5 Phase=1->1 StateTime=0.799165->0.799165 StatePosition=1->1 MotionBefore=Troll_Stand_Fist_Fist_P0_QuickAttackL_Hit_N_Fwd_00_%_00_P0_100.xmot MotionAfter=Troll_Stand_Fist_Fist_P0_QuickAttackL_Hit_N_Fwd_00_%_00_P0_100.xmot Right=TrollFist RightUseType=55 RightGroup=7->7 NativeResult=1 OBSERVE_NATIVE=1
CORE COLLISION_GROUP ElapsedMs=37041.634 Source=TrollFist UseType=55 Owner=BlackTroll Slot=RIGHT Requested=5 Before=7 After=5 MarkerBitsRetired=0
CORE C1 CLEANUP FULFILLED ElapsedMs=37041.661 Actor=BlackTroll Generation=5 Status=PERSISTED Source=TrollFist Side=RIGHT Requests=1 Outstanding=0 CleanupObserved=1 Group=5
CORE C1_FINAL ElapsedMs=37136.387 Actor=BlackTroll Generation=5 Status=PERSISTED SourceCount=2 PhysicalChanged=0 Source[0]=TrollFist Side=RIGHT Outstanding=0 Cleanup=1 Outcome=NO_OP_NO_OUTSTANDING Source[1]=TrollFist Side=LEFT Outstanding=0 Cleanup=0 Outcome=NO_OP_NO_OUTSTANDING
CORE C1_START ElapsedMs=38360.437 Actor=BlackTroll Generation=6 Status=CANDIDATE Outstanding=0 TrackedSources=2 ReplacedGeneration=0 ReplacedOutstanding=0 Source[0]=TrollFist Side=RIGHT Group=5 Source[1]=TrollFist Side=LEFT Group=5
CORE C1_BIND ElapsedMs=38360.453 Event=COMBAT_MOVE_CANDIDATE_BOUND Actor=BlackTroll Generation=6 Status=CANDIDATE Outstanding=0 Source=<null> Script=_AI_QuickAttack
CORE C1_STATUS ElapsedMs=38360.523 Event=PERSISTED Actor=BlackTroll Generation=6 Status=PERSISTED Outstanding=0
CORE ATTACK_OWNERSHIP ElapsedMs=38360.541 Actor=BlackTroll Family=QUICK Action=4 Phase=1 Motion=Troll_Stand_Fist_Fist_P0_QuickAttackR_Hit_N_Fwd_00_%_00_P0_100.xmot MarkerPresent=1 RequiredMask=0 FistMarkers=1 Raw8Fist=<none> Raw8UseType=-1 SuppressNative=0 Classification=CONTRADICTION
===== CORE ATTACK OWNERSHIP ANOMALY =====
MatchingMotionFound: 1
MarkerScanValid: 1
RequiredSourcesAvailable: 1
RightSourceSlot: RIGHT
RightSourceName: TrollFist
RightSourceUseType: 55
RightSourceCollisionGroup: 5
LeftSourceSlot: LEFT
LeftSourceName: TrollFist
LeftSourceUseType: 55
LeftSourceCollisionGroup: 5
Raw8FistSourceName: <none>
Raw8FistSourceUseType: -1
Raw8FistSourceCollisionGroup: -1
=========================================

CORE RAW55_QUICK_CALLBACK_BOUNDARY Actor=BlackTroll C1=6 SameC1=1 Action=4->4 Phase=1->1 StateTime=0.000000->0.000000 StatePosition=0->0 MotionBefore=Troll_Stand_Fist_Fist_P0_QuickAttackR_Hit_N_Fwd_00_%_00_P0_100.xmot MotionAfter=Troll_Stand_Fist_Fist_P0_QuickAttackR_Hit_N_Fwd_00_%_00_P0_100.xmot Right=TrollFist RightUseType=55 RightGroup=5->5 NativeResult=1 OBSERVE_NATIVE=1
CORE RAW55_QUICK_CALLBACK_BOUNDARY Actor=BlackTroll C1=6 SameC1=1 Action=4->4 Phase=1->1 StateTime=0.008971->0.008971 StatePosition=0->0 MotionBefore=Troll_Stand_Fist_Fist_P0_QuickAttackR_Hit_N_Fwd_00_%_00_P0_100.xmot MotionAfter=Troll_Stand_Fist_Fist_P0_QuickAttackR_Hit_N_Fwd_00_%_00_P0_100.xmot Right=TrollFist RightUseType=55 RightGroup=5->5 NativeResult=1 OBSERVE_NATIVE=1
CORE RAW55_QUICK_CALLBACK_BOUNDARY Actor=BlackTroll C1=6 SameC1=1 Action=4->4 Phase=1->1 StateTime=0.017304->0.017304 StatePosition=0->0 MotionBefore=Troll_Stand_Fist_Fist_P0_QuickAttackR_Hit_N_Fwd_00_%_00_P0_100.xmot MotionAfter=Troll_Stand_Fist_Fist_P0_QuickAttackR_Hit_N_Fwd_00_%_00_P0_100.xmot Right=TrollFist RightUseType=55 RightGroup=5->5 NativeResult=1 OBSERVE_NATIVE=1
CORE RAW55_QUICK_CALLBACK_BOUNDARY Actor=BlackTroll C1=6 SameC1=1 Action=4->4 Phase=1->1 StateTime=0.026275->0.026275 StatePosition=0->0 MotionBefore=Troll_Stand_Fist_Fist_P0_QuickAttackR_Hit_N_Fwd_00_%_00_P0_100.xmot MotionAfter=Troll_Stand_Fist_Fist_P0_QuickAttackR_Hit_N_Fwd_00_%_00_P0_100.xmot Right=TrollFist RightUseType=55 RightGroup=5->5 NativeResult=1 OBSERVE_NATIVE=1
CORE RAW55_QUICK_CALLBACK_BOUNDARY Actor=BlackTroll C1=6 SameC1=1 Action=4->4 Phase=1->1 StateTime=0.034608->0.034608 StatePosition=0->0 MotionBefore=Troll_Stand_Fist_Fist_P0_QuickAttackR_Hit_N_Fwd_00_%_00_P0_100.xmot MotionAfter=Troll_Stand_Fist_Fist_P0_QuickAttackR_Hit_N_Fwd_00_%_00_P0_100.xmot Right=TrollFist RightUseType=55 RightGroup=5->5 NativeResult=1 OBSERVE_NATIVE=1
CORE RAW55_QUICK_CALLBACK_BOUNDARY Actor=BlackTroll C1=6 SameC1=1 Action=4->4 Phase=1->1 StateTime=0.042942->0.042942 StatePosition=0->0 MotionBefore=Troll_Stand_Fist_Fist_P0_QuickAttackR_Hit_N_Fwd_00_%_00_P0_100.xmot MotionAfter=Troll_Stand_Fist_Fist_P0_QuickAttackR_Hit_N_Fwd_00_%_00_P0_100.xmot Right=TrollFist RightUseType=55 RightGroup=5->5 NativeResult=1 OBSERVE_NATIVE=1
CORE RAW55_QUICK_CALLBACK_BOUNDARY Actor=BlackTroll C1=6 SameC1=1 Action=4->4 Phase=1->1 StateTime=0.051275->0.051275 StatePosition=0->0 MotionBefore=Troll_Stand_Fist_Fist_P0_QuickAttackR_Hit_N_Fwd_00_%_00_P0_100.xmot MotionAfter=Troll_Stand_Fist_Fist_P0_QuickAttackR_Hit_N_Fwd_00_%_00_P0_100.xmot Right=TrollFist RightUseType=55 RightGroup=5->5 NativeResult=1 OBSERVE_NATIVE=1
CORE RAW55_QUICK_CALLBACK_BOUNDARY Actor=BlackTroll C1=6 SameC1=1 Action=4->4 Phase=1->1 StateTime=0.060246->0.060246 StatePosition=0->0 MotionBefore=Troll_Stand_Fist_Fist_P0_QuickAttackR_Hit_N_Fwd_00_%_00_P0_100.xmot MotionAfter=Troll_Stand_Fist_Fist_P0_QuickAttackR_Hit_N_Fwd_00_%_00_P0_100.xmot Right=TrollFist RightUseType=55 RightGroup=5->5 NativeResult=1 OBSERVE_NATIVE=1
CORE RAW55_QUICK_CALLBACK_BOUNDARY Actor=BlackTroll C1=6 SameC1=1 Action=4->4 Phase=1->1 StateTime=0.068579->0.068579 StatePosition=0->0 MotionBefore=Troll_Stand_Fist_Fist_P0_QuickAttackR_Hit_N_Fwd_00_%_00_P0_100.xmot MotionAfter=Troll_Stand_Fist_Fist_P0_QuickAttackR_Hit_N_Fwd_00_%_00_P0_100.xmot Right=TrollFist RightUseType=55 RightGroup=5->5 NativeResult=1 OBSERVE_NATIVE=1
CORE RAW55_QUICK_CALLBACK_BOUNDARY Actor=BlackTroll C1=6 SameC1=1 Action=4->4 Phase=1->1 StateTime=0.076912->0.076912 StatePosition=0->0 MotionBefore=Troll_Stand_Fist_Fist_P0_QuickAttackR_Hit_N_Fwd_00_%_00_P0_100.xmot MotionAfter=Troll_Stand_Fist_Fist_P0_QuickAttackR_Hit_N_Fwd_00_%_00_P0_100.xmot Right=TrollFist RightUseType=55 RightGroup=5->5 NativeResult=1 OBSERVE_NATIVE=1
CORE RAW55_QUICK_CALLBACK_BOUNDARY Actor=BlackTroll C1=6 SameC1=1 Action=4->4 Phase=1->1 StateTime=0.085246->0.085246 StatePosition=0->0 MotionBefore=Troll_Stand_Fist_Fist_P0_QuickAttackR_Hit_N_Fwd_00_%_00_P0_100.xmot MotionAfter=Troll_Stand_Fist_Fist_P0_QuickAttackR_Hit_N_Fwd_00_%_00_P0_100.xmot Right=TrollFist RightUseType=55 RightGroup=5->5 NativeResult=1 OBSERVE_NATIVE=1
CORE RAW55_QUICK_CALLBACK_BOUNDARY Actor=BlackTroll C1=6 SameC1=1 Action=4->4 Phase=1->1 StateTime=0.095201->0.095201 StatePosition=0->0 MotionBefore=Troll_Stand_Fist_Fist_P0_QuickAttackR_Hit_N_Fwd_00_%_00_P0_100.xmot MotionAfter=Troll_Stand_Fist_Fist_P0_QuickAttackR_Hit_N_Fwd_00_%_00_P0_100.xmot Right=TrollFist RightUseType=55 RightGroup=5->5 NativeResult=1 OBSERVE_NATIVE=1
CORE RAW55_QUICK_GROUP_SUPPRESSION Actor=BlackTroll C1=6 Right=TrollFist RightUseType=55 RequestedGroup=7 BeforeGroup=5 StatePosition=0 StateTime=0.103535 SUPPRESS_GROUP=1
CORE RAW55_QUICK_CALLBACK_BOUNDARY Actor=BlackTroll C1=6 SameC1=1 Action=4->4 Phase=1->1 StateTime=0.103535->0.103535 StatePosition=0->1 MotionBefore=Troll_Stand_Fist_Fist_P0_QuickAttackR_Hit_N_Fwd_00_%_00_P0_100.xmot MotionAfter=Troll_Stand_Fist_Fist_P0_QuickAttackR_Hit_N_Fwd_00_%_00_P0_100.xmot Right=TrollFist RightUseType=55 RightGroup=5->5 NativeResult=1 OBSERVE_NATIVE=1
CORE RAW55_QUICK_CALLBACK_BOUNDARY Actor=BlackTroll C1=6 SameC1=1 Action=4->4 Phase=1->1 StateTime=0.112506->0.112506 StatePosition=1->1 MotionBefore=Troll_Stand_Fist_Fist_P0_QuickAttackR_Hit_N_Fwd_00_%_00_P0_100.xmot MotionAfter=Troll_Stand_Fist_Fist_P0_QuickAttackR_Hit_N_Fwd_00_%_00_P0_100.xmot Right=TrollFist RightUseType=55 RightGroup=5->5 NativeResult=1 OBSERVE_NATIVE=1
CORE RAW55_QUICK_CALLBACK_BOUNDARY Actor=BlackTroll C1=6 SameC1=1 Action=4->4 Phase=1->1 StateTime=0.120839->0.120839 StatePosition=1->1 MotionBefore=Troll_Stand_Fist_Fist_P0_QuickAttackR_Hit_N_Fwd_00_%_00_P0_100.xmot MotionAfter=Troll_Stand_Fist_Fist_P0_QuickAttackR_Hit_N_Fwd_00_%_00_P0_100.xmot Right=TrollFist RightUseType=55 RightGroup=5->5 NativeResult=1 OBSERVE_NATIVE=1
CORE RAW55_QUICK_CALLBACK_BOUNDARY Actor=BlackTroll C1=6 SameC1=1 Action=4->4 Phase=1->1 StateTime=0.129810->0.129810 StatePosition=1->1 MotionBefore=Troll_Stand_Fist_Fist_P0_QuickAttackR_Hit_N_Fwd_00_%_00_P0_100.xmot MotionAfter=Troll_Stand_Fist_Fist_P0_QuickAttackR_Hit_N_Fwd_00_%_00_P0_100.xmot Right=TrollFist RightUseType=55 RightGroup=5->5 NativeResult=1 OBSERVE_NATIVE=1
CORE RAW55_QUICK_CALLBACK_BOUNDARY Actor=BlackTroll C1=6 SameC1=1 Action=4->4 Phase=1->1 StateTime=0.138143->0.138143 StatePosition=1->1 MotionBefore=Troll_Stand_Fist_Fist_P0_QuickAttackR_Hit_N_Fwd_00_%_00_P0_100.xmot MotionAfter=Troll_Stand_Fist_Fist_P0_QuickAttackR_Hit_N_Fwd_00_%_00_P0_100.xmot Right=TrollFist RightUseType=55 RightGroup=5->5 NativeResult=1 OBSERVE_NATIVE=1
CORE RAW55_QUICK_CALLBACK_BOUNDARY Actor=BlackTroll C1=6 SameC1=1 Action=4->4 Phase=1->1 StateTime=0.148099->0.148099 StatePosition=1->1 MotionBefore=Troll_Stand_Fist_Fist_P0_QuickAttackR_Hit_N_Fwd_00_%_00_P0_100.xmot MotionAfter=Troll_Stand_Fist_Fist_P0_QuickAttackR_Hit_N_Fwd_00_%_00_P0_100.xmot Right=TrollFist RightUseType=55 RightGroup=5->5 NativeResult=1 OBSERVE_NATIVE=1
CORE RAW55_QUICK_CALLBACK_BOUNDARY Actor=BlackTroll C1=6 SameC1=1 Action=4->4 Phase=1->1 StateTime=0.156433->0.156433 StatePosition=1->1 MotionBefore=Troll_Stand_Fist_Fist_P0_QuickAttackR_Hit_N_Fwd_00_%_00_P0_100.xmot MotionAfter=Troll_Stand_Fist_Fist_P0_QuickAttackR_Hit_N_Fwd_00_%_00_P0_100.xmot Right=TrollFist RightUseType=55 RightGroup=5->5 NativeResult=1 OBSERVE_NATIVE=1
CORE RAW55_QUICK_CALLBACK_BOUNDARY Actor=BlackTroll C1=6 SameC1=1 Action=4->4 Phase=1->1 StateTime=0.164766->0.164766 StatePosition=1->1 MotionBefore=Troll_Stand_Fist_Fist_P0_QuickAttackR_Hit_N_Fwd_00_%_00_P0_100.xmot MotionAfter=Troll_Stand_Fist_Fist_P0_QuickAttackR_Hit_N_Fwd_00_%_00_P0_100.xmot Right=TrollFist RightUseType=55 RightGroup=5->5 NativeResult=1 OBSERVE_NATIVE=1
CORE RAW55_QUICK_CALLBACK_BOUNDARY Actor=BlackTroll C1=6 SameC1=1 Action=4->4 Phase=1->1 StateTime=0.174707->0.174707 StatePosition=1->1 MotionBefore=Troll_Stand_Fist_Fist_P0_QuickAttackR_Hit_N_Fwd_00_%_00_P0_100.xmot MotionAfter=Troll_Stand_Fist_Fist_P0_QuickAttackR_Hit_N_Fwd_00_%_00_P0_100.xmot Right=TrollFist RightUseType=55 RightGroup=5->5 NativeResult=1 OBSERVE_NATIVE=1
CORE RAW55_QUICK_CALLBACK_BOUNDARY Actor=BlackTroll C1=6 SameC1=1 Action=4->4 Phase=1->1 StateTime=0.183041->0.183041 StatePosition=1->1 MotionBefore=Troll_Stand_Fist_Fist_P0_QuickAttackR_Hit_N_Fwd_00_%_00_P0_100.xmot MotionAfter=Troll_Stand_Fist_Fist_P0_QuickAttackR_Hit_N_Fwd_00_%_00_P0_100.xmot Right=TrollFist RightUseType=55 RightGroup=5->5 NativeResult=1 OBSERVE_NATIVE=1
CORE RAW55_QUICK_CALLBACK_BOUNDARY Actor=BlackTroll C1=6 SameC1=1 Action=4->4 Phase=1->1 StateTime=0.191374->0.191374 StatePosition=1->1 MotionBefore=Troll_Stand_Fist_Fist_P0_QuickAttackR_Hit_N_Fwd_00_%_00_P0_100.xmot MotionAfter=Troll_Stand_Fist_Fist_P0_QuickAttackR_Hit_N_Fwd_00_%_00_P0_100.xmot Right=TrollFist RightUseType=55 RightGroup=5->5 NativeResult=1 OBSERVE_NATIVE=1
CORE RAW55_QUICK_CALLBACK_BOUNDARY Actor=BlackTroll C1=6 SameC1=1 Action=4->4 Phase=1->1 StateTime=0.199707->0.199707 StatePosition=1->1 MotionBefore=Troll_Stand_Fist_Fist_P0_QuickAttackR_Hit_N_Fwd_00_%_00_P0_100.xmot MotionAfter=Troll_Stand_Fist_Fist_P0_QuickAttackR_Hit_N_Fwd_00_%_00_P0_100.xmot Right=TrollFist RightUseType=55 RightGroup=5->5 NativeResult=1 OBSERVE_NATIVE=1
CORE RAW55_QUICK_CALLBACK_BOUNDARY Actor=BlackTroll C1=6 SameC1=1 Action=4->4 Phase=1->1 StateTime=0.208041->0.208041 StatePosition=1->1 MotionBefore=Troll_Stand_Fist_Fist_P0_QuickAttackR_Hit_N_Fwd_00_%_00_P0_100.xmot MotionAfter=Troll_Stand_Fist_Fist_P0_QuickAttackR_Hit_N_Fwd_00_%_00_P0_100.xmot Right=TrollFist RightUseType=55 RightGroup=5->5 NativeResult=1 OBSERVE_NATIVE=1
CORE RAW55_QUICK_CALLBACK_BOUNDARY Actor=BlackTroll C1=6 SameC1=1 Action=4->4 Phase=1->1 StateTime=0.216374->0.216374 StatePosition=1->1 MotionBefore=Troll_Stand_Fist_Fist_P0_QuickAttackR_Hit_N_Fwd_00_%_00_P0_100.xmot MotionAfter=Troll_Stand_Fist_Fist_P0_QuickAttackR_Hit_N_Fwd_00_%_00_P0_100.xmot Right=TrollFist RightUseType=55 RightGroup=5->5 NativeResult=1 OBSERVE_NATIVE=1
CORE RAW55_QUICK_CALLBACK_BOUNDARY Actor=BlackTroll C1=6 SameC1=1 Action=4->4 Phase=1->1 StateTime=0.224707->0.224707 StatePosition=1->1 MotionBefore=Troll_Stand_Fist_Fist_P0_QuickAttackR_Hit_N_Fwd_00_%_00_P0_100.xmot MotionAfter=Troll_Stand_Fist_Fist_P0_QuickAttackR_Hit_N_Fwd_00_%_00_P0_100.xmot Right=TrollFist RightUseType=55 RightGroup=5->5 NativeResult=1 OBSERVE_NATIVE=1
CORE RAW55_QUICK_CALLBACK_BOUNDARY Actor=BlackTroll C1=6 SameC1=1 Action=4->4 Phase=1->1 StateTime=0.234663->0.234663 StatePosition=1->1 MotionBefore=Troll_Stand_Fist_Fist_P0_QuickAttackR_Hit_N_Fwd_00_%_00_P0_100.xmot MotionAfter=Troll_Stand_Fist_Fist_P0_QuickAttackR_Hit_N_Fwd_00_%_00_P0_100.xmot Right=TrollFist RightUseType=55 RightGroup=5->5 NativeResult=1 OBSERVE_NATIVE=1
CORE RAW55_QUICK_CALLBACK_BOUNDARY Actor=BlackTroll C1=6 SameC1=1 Action=4->4 Phase=1->1 StateTime=0.242996->0.242996 StatePosition=1->1 MotionBefore=Troll_Stand_Fist_Fist_P0_QuickAttackR_Hit_N_Fwd_00_%_00_P0_100.xmot MotionAfter=Troll_Stand_Fist_Fist_P0_QuickAttackR_Hit_N_Fwd_00_%_00_P0_100.xmot Right=TrollFist RightUseType=55 RightGroup=5->5 NativeResult=1 OBSERVE_NATIVE=1
CORE RAW55_QUICK_CALLBACK_BOUNDARY Actor=BlackTroll C1=6 SameC1=1 Action=4->4 Phase=1->1 StateTime=0.252938->0.252938 StatePosition=1->1 MotionBefore=Troll_Stand_Fist_Fist_P0_QuickAttackR_Hit_N_Fwd_00_%_00_P0_100.xmot MotionAfter=Troll_Stand_Fist_Fist_P0_QuickAttackR_Hit_N_Fwd_00_%_00_P0_100.xmot Right=TrollFist RightUseType=55 RightGroup=5->5 NativeResult=1 OBSERVE_NATIVE=1
CORE RAW55_QUICK_CALLBACK_BOUNDARY Actor=BlackTroll C1=6 SameC1=1 Action=4->4 Phase=1->1 StateTime=0.261271->0.261271 StatePosition=1->1 MotionBefore=Troll_Stand_Fist_Fist_P0_QuickAttackR_Hit_N_Fwd_00_%_00_P0_100.xmot MotionAfter=Troll_Stand_Fist_Fist_P0_QuickAttackR_Hit_N_Fwd_00_%_00_P0_100.xmot Right=TrollFist RightUseType=55 RightGroup=5->5 NativeResult=1 OBSERVE_NATIVE=1
CORE RAW55_QUICK_CALLBACK_BOUNDARY Actor=BlackTroll C1=6 SameC1=1 Action=4->4 Phase=1->1 StateTime=0.269605->0.269605 StatePosition=1->1 MotionBefore=Troll_Stand_Fist_Fist_P0_QuickAttackR_Hit_N_Fwd_00_%_00_P0_100.xmot MotionAfter=Troll_Stand_Fist_Fist_P0_QuickAttackR_Hit_N_Fwd_00_%_00_P0_100.xmot Right=TrollFist RightUseType=55 RightGroup=5->5 NativeResult=1 OBSERVE_NATIVE=1
CORE RAW55_QUICK_CALLBACK_BOUNDARY Actor=BlackTroll C1=6 SameC1=1 Action=4->4 Phase=1->1 StateTime=0.277938->0.277938 StatePosition=1->1 MotionBefore=Troll_Stand_Fist_Fist_P0_QuickAttackR_Hit_N_Fwd_00_%_00_P0_100.xmot MotionAfter=Troll_Stand_Fist_Fist_P0_QuickAttackR_Hit_N_Fwd_00_%_00_P0_100.xmot Right=TrollFist RightUseType=55 RightGroup=5->5 NativeResult=1 OBSERVE_NATIVE=1
CORE RAW55_QUICK_CALLBACK_BOUNDARY Actor=BlackTroll C1=6 SameC1=1 Action=4->4 Phase=1->1 StateTime=0.286271->0.286271 StatePosition=1->1 MotionBefore=Troll_Stand_Fist_Fist_P0_QuickAttackR_Hit_N_Fwd_00_%_00_P0_100.xmot MotionAfter=Troll_Stand_Fist_Fist_P0_QuickAttackR_Hit_N_Fwd_00_%_00_P0_100.xmot Right=TrollFist RightUseType=55 RightGroup=5->5 NativeResult=1 OBSERVE_NATIVE=1
CORE RAW55_QUICK_CALLBACK_BOUNDARY Actor=BlackTroll C1=6 SameC1=1 Action=4->4 Phase=1->1 StateTime=0.294605->0.294605 StatePosition=1->1 MotionBefore=Troll_Stand_Fist_Fist_P0_QuickAttackR_Hit_N_Fwd_00_%_00_P0_100.xmot MotionAfter=Troll_Stand_Fist_Fist_P0_QuickAttackR_Hit_N_Fwd_00_%_00_P0_100.xmot Right=TrollFist RightUseType=55 RightGroup=5->5 NativeResult=1 OBSERVE_NATIVE=1
CORE RAW55_QUICK_CALLBACK_BOUNDARY Actor=BlackTroll C1=6 SameC1=1 Action=4->4 Phase=1->1 StateTime=0.302938->0.302938 StatePosition=1->1 MotionBefore=Troll_Stand_Fist_Fist_P0_QuickAttackR_Hit_N_Fwd_00_%_00_P0_100.xmot MotionAfter=Troll_Stand_Fist_Fist_P0_QuickAttackR_Hit_N_Fwd_00_%_00_P0_100.xmot Right=TrollFist RightUseType=55 RightGroup=5->5 NativeResult=1 OBSERVE_NATIVE=1
CORE RAW55_QUICK_CALLBACK_BOUNDARY Actor=BlackTroll C1=6 SameC1=1 Action=4->4 Phase=1->1 StateTime=0.312879->0.312879 StatePosition=1->1 MotionBefore=Troll_Stand_Fist_Fist_P0_QuickAttackR_Hit_N_Fwd_00_%_00_P0_100.xmot MotionAfter=Troll_Stand_Fist_Fist_P0_QuickAttackR_Hit_N_Fwd_00_%_00_P0_100.xmot Right=TrollFist RightUseType=55 RightGroup=5->5 NativeResult=1 OBSERVE_NATIVE=1
CORE RAW55_QUICK_CALLBACK_BOUNDARY Actor=BlackTroll C1=6 SameC1=1 Action=4->4 Phase=1->1 StateTime=0.321213->0.321213 StatePosition=1->1 MotionBefore=Troll_Stand_Fist_Fist_P0_QuickAttackR_Hit_N_Fwd_00_%_00_P0_100.xmot MotionAfter=Troll_Stand_Fist_Fist_P0_QuickAttackR_Hit_N_Fwd_00_%_00_P0_100.xmot Right=TrollFist RightUseType=55 RightGroup=5->5 NativeResult=1 OBSERVE_NATIVE=1
CORE RAW55_QUICK_CALLBACK_BOUNDARY Actor=BlackTroll C1=6 SameC1=1 Action=4->4 Phase=1->1 StateTime=0.330184->0.330184 StatePosition=1->1 MotionBefore=Troll_Stand_Fist_Fist_P0_QuickAttackR_Hit_N_Fwd_00_%_00_P0_100.xmot MotionAfter=Troll_Stand_Fist_Fist_P0_QuickAttackR_Hit_N_Fwd_00_%_00_P0_100.xmot Right=TrollFist RightUseType=55 RightGroup=5->5 NativeResult=1 OBSERVE_NATIVE=1
CORE RAW55_QUICK_CALLBACK_BOUNDARY Actor=BlackTroll C1=6 SameC1=1 Action=4->4 Phase=1->1 StateTime=0.338517->0.338517 StatePosition=1->1 MotionBefore=Troll_Stand_Fist_Fist_P0_QuickAttackR_Hit_N_Fwd_00_%_00_P0_100.xmot MotionAfter=Troll_Stand_Fist_Fist_P0_QuickAttackR_Hit_N_Fwd_00_%_00_P0_100.xmot Right=TrollFist RightUseType=55 RightGroup=5->5 NativeResult=1 OBSERVE_NATIVE=1
CORE RAW55_QUICK_CALLBACK_BOUNDARY Actor=BlackTroll C1=6 SameC1=1 Action=4->4 Phase=1->1 StateTime=0.347488->0.347488 StatePosition=1->1 MotionBefore=Troll_Stand_Fist_Fist_P0_QuickAttackR_Hit_N_Fwd_00_%_00_P0_100.xmot MotionAfter=Troll_Stand_Fist_Fist_P0_QuickAttackR_Hit_N_Fwd_00_%_00_P0_100.xmot Right=TrollFist RightUseType=55 RightGroup=5->5 NativeResult=1 OBSERVE_NATIVE=1
CORE RAW55_QUICK_CALLBACK_BOUNDARY Actor=BlackTroll C1=6 SameC1=1 Action=4->4 Phase=1->1 StateTime=0.355821->0.355821 StatePosition=1->1 MotionBefore=Troll_Stand_Fist_Fist_P0_QuickAttackR_Hit_N_Fwd_00_%_00_P0_100.xmot MotionAfter=Troll_Stand_Fist_Fist_P0_QuickAttackR_Hit_N_Fwd_00_%_00_P0_100.xmot Right=TrollFist RightUseType=55 RightGroup=5->5 NativeResult=1 OBSERVE_NATIVE=1
CORE RAW55_QUICK_CALLBACK_BOUNDARY Actor=BlackTroll C1=6 SameC1=1 Action=4->4 Phase=1->1 StateTime=0.364155->0.364155 StatePosition=1->1 MotionBefore=Troll_Stand_Fist_Fist_P0_QuickAttackR_Hit_N_Fwd_00_%_00_P0_100.xmot MotionAfter=Troll_Stand_Fist_Fist_P0_QuickAttackR_Hit_N_Fwd_00_%_00_P0_100.xmot Right=TrollFist RightUseType=55 RightGroup=5->5 NativeResult=1 OBSERVE_NATIVE=1
CORE RAW55_QUICK_CALLBACK_BOUNDARY Actor=BlackTroll C1=6 SameC1=1 Action=4->4 Phase=1->1 StateTime=0.372488->0.372488 StatePosition=1->1 MotionBefore=Troll_Stand_Fist_Fist_P0_QuickAttackR_Hit_N_Fwd_00_%_00_P0_100.xmot MotionAfter=Troll_Stand_Fist_Fist_P0_QuickAttackR_Hit_N_Fwd_00_%_00_P0_100.xmot Right=TrollFist RightUseType=55 RightGroup=5->5 NativeResult=1 OBSERVE_NATIVE=1
CORE RAW55_QUICK_CALLBACK_BOUNDARY Actor=BlackTroll C1=6 SameC1=1 Action=4->4 Phase=1->1 StateTime=0.380821->0.380821 StatePosition=1->1 MotionBefore=Troll_Stand_Fist_Fist_P0_QuickAttackR_Hit_N_Fwd_00_%_00_P0_100.xmot MotionAfter=Troll_Stand_Fist_Fist_P0_QuickAttackR_Hit_N_Fwd_00_%_00_P0_100.xmot Right=TrollFist RightUseType=55 RightGroup=5->5 NativeResult=1 OBSERVE_NATIVE=1
CORE RAW55_QUICK_CALLBACK_BOUNDARY Actor=BlackTroll C1=6 SameC1=1 Action=4->4 Phase=1->1 StateTime=0.389155->0.389155 StatePosition=1->1 MotionBefore=Troll_Stand_Fist_Fist_P0_QuickAttackR_Hit_N_Fwd_00_%_00_P0_100.xmot MotionAfter=Troll_Stand_Fist_Fist_P0_QuickAttackR_Hit_N_Fwd_00_%_00_P0_100.xmot Right=TrollFist RightUseType=55 RightGroup=5->5 NativeResult=1 OBSERVE_NATIVE=1
CORE RAW55_QUICK_CALLBACK_BOUNDARY Actor=BlackTroll C1=6 SameC1=1 Action=4->4 Phase=1->1 StateTime=0.397488->0.397488 StatePosition=1->1 MotionBefore=Troll_Stand_Fist_Fist_P0_QuickAttackR_Hit_N_Fwd_00_%_00_P0_100.xmot MotionAfter=Troll_Stand_Fist_Fist_P0_QuickAttackR_Hit_N_Fwd_00_%_00_P0_100.xmot Right=TrollFist RightUseType=55 RightGroup=5->5 NativeResult=1 OBSERVE_NATIVE=1
CORE RAW55_QUICK_CALLBACK_BOUNDARY Actor=BlackTroll C1=6 SameC1=1 Action=4->4 Phase=1->1 StateTime=0.405821->0.405821 StatePosition=1->1 MotionBefore=Troll_Stand_Fist_Fist_P0_QuickAttackR_Hit_N_Fwd_00_%_00_P0_100.xmot MotionAfter=Troll_Stand_Fist_Fist_P0_QuickAttackR_Hit_N_Fwd_00_%_00_P0_100.xmot Right=TrollFist RightUseType=55 RightGroup=5->5 NativeResult=1 OBSERVE_NATIVE=1
CORE RAW55_QUICK_CALLBACK_BOUNDARY Actor=BlackTroll C1=6 SameC1=1 Action=4->4 Phase=1->1 StateTime=0.414155->0.414155 StatePosition=1->1 MotionBefore=Troll_Stand_Fist_Fist_P0_QuickAttackR_Hit_N_Fwd_00_%_00_P0_100.xmot MotionAfter=Troll_Stand_Fist_Fist_P0_QuickAttackR_Hit_N_Fwd_00_%_00_P0_100.xmot Right=TrollFist RightUseType=55 RightGroup=5->5 NativeResult=1 OBSERVE_NATIVE=1
CORE RAW55_QUICK_CALLBACK_BOUNDARY Actor=BlackTroll C1=6 SameC1=1 Action=4->4 Phase=1->1 StateTime=0.422488->0.422488 StatePosition=1->1 MotionBefore=Troll_Stand_Fist_Fist_P0_QuickAttackR_Hit_N_Fwd_00_%_00_P0_100.xmot MotionAfter=Troll_Stand_Fist_Fist_P0_QuickAttackR_Hit_N_Fwd_00_%_00_P0_100.xmot Right=TrollFist RightUseType=55 RightGroup=5->5 NativeResult=1 OBSERVE_NATIVE=1
CORE RAW55_QUICK_CALLBACK_BOUNDARY Actor=BlackTroll C1=6 SameC1=1 Action=4->4 Phase=1->1 StateTime=0.430821->0.430821 StatePosition=1->1 MotionBefore=Troll_Stand_Fist_Fist_P0_QuickAttackR_Hit_N_Fwd_00_%_00_P0_100.xmot MotionAfter=Troll_Stand_Fist_Fist_P0_QuickAttackR_Hit_N_Fwd_00_%_00_P0_100.xmot Right=TrollFist RightUseType=55 RightGroup=5->5 NativeResult=1 OBSERVE_NATIVE=1
CORE RAW55_QUICK_CALLBACK_BOUNDARY Actor=BlackTroll C1=6 SameC1=1 Action=4->4 Phase=1->1 StateTime=0.439792->0.439792 StatePosition=1->1 MotionBefore=Troll_Stand_Fist_Fist_P0_QuickAttackR_Hit_N_Fwd_00_%_00_P0_100.xmot MotionAfter=Troll_Stand_Fist_Fist_P0_QuickAttackR_Hit_N_Fwd_00_%_00_P0_100.xmot Right=TrollFist RightUseType=55 RightGroup=5->5 NativeResult=1 OBSERVE_NATIVE=1
CORE RAW55_QUICK_CALLBACK_BOUNDARY Actor=BlackTroll C1=6 SameC1=1 Action=4->4 Phase=1->1 StateTime=0.448125->0.448125 StatePosition=1->1 MotionBefore=Troll_Stand_Fist_Fist_P0_QuickAttackR_Hit_N_Fwd_00_%_00_P0_100.xmot MotionAfter=Troll_Stand_Fist_Fist_P0_QuickAttackR_Hit_N_Fwd_00_%_00_P0_100.xmot Right=TrollFist RightUseType=55 RightGroup=5->5 NativeResult=1 OBSERVE_NATIVE=1
CORE RAW55_QUICK_CALLBACK_BOUNDARY Actor=BlackTroll C1=6 SameC1=1 Action=4->4 Phase=1->1 StateTime=0.456459->0.456459 StatePosition=1->1 MotionBefore=Troll_Stand_Fist_Fist_P0_QuickAttackR_Hit_N_Fwd_00_%_00_P0_100.xmot MotionAfter=Troll_Stand_Fist_Fist_P0_QuickAttackR_Hit_N_Fwd_00_%_00_P0_100.xmot Right=TrollFist RightUseType=55 RightGroup=5->5 NativeResult=1 OBSERVE_NATIVE=1
CORE RAW55_QUICK_CALLBACK_BOUNDARY Actor=BlackTroll C1=6 SameC1=1 Action=4->4 Phase=1->1 StateTime=0.464792->0.464792 StatePosition=1->1 MotionBefore=Troll_Stand_Fist_Fist_P0_QuickAttackR_Hit_N_Fwd_00_%_00_P0_100.xmot MotionAfter=Troll_Stand_Fist_Fist_P0_QuickAttackR_Hit_N_Fwd_00_%_00_P0_100.xmot Right=TrollFist RightUseType=55 RightGroup=5->5 NativeResult=1 OBSERVE_NATIVE=1
CORE RAW55_QUICK_CALLBACK_BOUNDARY Actor=BlackTroll C1=6 SameC1=1 Action=4->4 Phase=1->1 StateTime=0.473125->0.473125 StatePosition=1->1 MotionBefore=Troll_Stand_Fist_Fist_P0_QuickAttackR_Hit_N_Fwd_00_%_00_P0_100.xmot MotionAfter=Troll_Stand_Fist_Fist_P0_QuickAttackR_Hit_N_Fwd_00_%_00_P0_100.xmot Right=TrollFist RightUseType=55 RightGroup=5->5 NativeResult=1 OBSERVE_NATIVE=1
===== CORE MARKER ANOMALY / DISCOVERY =====
ElapsedMs: 38794.984
Actor: BlackTroll
Action: 4
Family: QUICK
AniPhase: 1
StatePosition: 1
CurrentMovementAni: Troll_Stand_Fist_Fist_P0_QuickAttackR_Hit_N_Fwd_00_%_00_P0_100.xmot
MarkerName: G3AB_COL_FIST
MarkerOpcode: FIST
Result: UNSUPPORTED_MISSING_SOURCE
C1GenerationValid: 1
C1Generation: 6
RequiredSourceMask: 0
MissingSourceMask: 0
RightSourceSlot: RIGHT
RightSourceName: TrollFist
RightSourceUseType: 55
RightSourceCollisionGroup: 5
LeftSourceSlot: LEFT
LeftSourceName: TrollFist
LeftSourceUseType: 55
LeftSourceCollisionGroup: 5
Raw8FistSourceName: <none>
Raw8FistSourceUseType: -1
Raw8FistSourceCollisionGroup: -1
===========================================

CORE COLLISION_GROUP ElapsedMs=38795.019 Source=TrollFist UseType=55 Owner=BlackTroll Slot=RIGHT Requested=7 Before=5 After=7 MarkerBitsRetired=0
CORE C1 OFFENSE REQUEST ElapsedMs=38795.027 Actor=BlackTroll Generation=6 Status=PERSISTED Source=TrollFist Side=RIGHT Requests=1 Outstanding=1 CleanupObserved=0 Group=7
CORE RAW55_QUICK_FIST_REARM_PROBE Actor=BlackTroll C1=6 Action=4 StatePosition=1 StateTime=0.481459 Right=TrollFist RightUseType=55 GroupBefore=5 RequestedGroup=7 GroupAfter=7 EarlySuppressionProof=1 ClearTriggeredList=1 REARM_PROBE=1
CORE RAW55_QUICK_CALLBACK_BOUNDARY Actor=BlackTroll C1=6 SameC1=1 Action=4->4 Phase=1->1 StateTime=0.481459->0.481459 StatePosition=1->1 MotionBefore=Troll_Stand_Fist_Fist_P0_QuickAttackR_Hit_N_Fwd_00_%_00_P0_100.xmot MotionAfter=Troll_Stand_Fist_Fist_P0_QuickAttackR_Hit_N_Fwd_00_%_00_P0_100.xmot Right=TrollFist RightUseType=55 RightGroup=7->7 NativeResult=1 OBSERVE_NATIVE=1
CORE RAW55_QUICK_CALLBACK_BOUNDARY Actor=BlackTroll C1=6 SameC1=1 Action=4->4 Phase=1->1 StateTime=0.489792->0.489792 StatePosition=1->1 MotionBefore=Troll_Stand_Fist_Fist_P0_QuickAttackR_Hit_N_Fwd_00_%_00_P0_100.xmot MotionAfter=Troll_Stand_Fist_Fist_P0_QuickAttackR_Hit_N_Fwd_00_%_00_P0_100.xmot Right=TrollFist RightUseType=55 RightGroup=7->7 NativeResult=1 OBSERVE_NATIVE=1
CORE RAW55_QUICK_CALLBACK_BOUNDARY Actor=BlackTroll C1=6 SameC1=1 Action=4->4 Phase=1->1 StateTime=0.498763->0.498763 StatePosition=1->1 MotionBefore=Troll_Stand_Fist_Fist_P0_QuickAttackR_Hit_N_Fwd_00_%_00_P0_100.xmot MotionAfter=Troll_Stand_Fist_Fist_P0_QuickAttackR_Hit_N_Fwd_00_%_00_P0_100.xmot Right=TrollFist RightUseType=55 RightGroup=7->7 NativeResult=1 OBSERVE_NATIVE=1
CORE RAW55_QUICK_CALLBACK_BOUNDARY Actor=BlackTroll C1=6 SameC1=1 Action=4->4 Phase=1->1 StateTime=0.507096->0.507096 StatePosition=1->1 MotionBefore=Troll_Stand_Fist_Fist_P0_QuickAttackR_Hit_N_Fwd_00_%_00_P0_100.xmot MotionAfter=Troll_Stand_Fist_Fist_P0_QuickAttackR_Hit_N_Fwd_00_%_00_P0_100.xmot Right=TrollFist RightUseType=55 RightGroup=7->7 NativeResult=1 OBSERVE_NATIVE=1
CORE RAW55_QUICK_CALLBACK_BOUNDARY Actor=BlackTroll C1=6 SameC1=1 Action=4->4 Phase=1->1 StateTime=0.516067->0.516067 StatePosition=1->1 MotionBefore=Troll_Stand_Fist_Fist_P0_QuickAttackR_Hit_N_Fwd_00_%_00_P0_100.xmot MotionAfter=Troll_Stand_Fist_Fist_P0_QuickAttackR_Hit_N_Fwd_00_%_00_P0_100.xmot Right=TrollFist RightUseType=55 RightGroup=7->7 NativeResult=1 OBSERVE_NATIVE=1
CORE RAW55_QUICK_CALLBACK_BOUNDARY Actor=BlackTroll C1=6 SameC1=1 Action=4->4 Phase=1->1 StateTime=0.524400->0.524400 StatePosition=1->1 MotionBefore=Troll_Stand_Fist_Fist_P0_QuickAttackR_Hit_N_Fwd_00_%_00_P0_100.xmot MotionAfter=Troll_Stand_Fist_Fist_P0_QuickAttackR_Hit_N_Fwd_00_%_00_P0_100.xmot Right=TrollFist RightUseType=55 RightGroup=7->7 NativeResult=1 OBSERVE_NATIVE=1
CORE RAW55_QUICK_CALLBACK_BOUNDARY Actor=BlackTroll C1=6 SameC1=1 Action=4->4 Phase=1->1 StateTime=0.532734->0.532734 StatePosition=1->1 MotionBefore=Troll_Stand_Fist_Fist_P0_QuickAttackR_Hit_N_Fwd_00_%_00_P0_100.xmot MotionAfter=Troll_Stand_Fist_Fist_P0_QuickAttackR_Hit_N_Fwd_00_%_00_P0_100.xmot Right=TrollFist RightUseType=55 RightGroup=7->7 NativeResult=1 OBSERVE_NATIVE=1
CORE RAW55_QUICK_CALLBACK_BOUNDARY Actor=BlackTroll C1=6 SameC1=1 Action=4->4 Phase=1->1 StateTime=0.541067->0.541067 StatePosition=1->1 MotionBefore=Troll_Stand_Fist_Fist_P0_QuickAttackR_Hit_N_Fwd_00_%_00_P0_100.xmot MotionAfter=Troll_Stand_Fist_Fist_P0_QuickAttackR_Hit_N_Fwd_00_%_00_P0_100.xmot Right=TrollFist RightUseType=55 RightGroup=7->7 NativeResult=1 OBSERVE_NATIVE=1
CORE RAW55_QUICK_CALLBACK_BOUNDARY Actor=BlackTroll C1=6 SameC1=1 Action=4->4 Phase=1->1 StateTime=0.552993->0.552993 StatePosition=1->1 MotionBefore=Troll_Stand_Fist_Fist_P0_QuickAttackR_Hit_N_Fwd_00_%_00_P0_100.xmot MotionAfter=Troll_Stand_Fist_Fist_P0_QuickAttackR_Hit_N_Fwd_00_%_00_P0_100.xmot Right=TrollFist RightUseType=55 RightGroup=7->7 NativeResult=1 OBSERVE_NATIVE=1
CORE RAW55_QUICK_CALLBACK_BOUNDARY Actor=BlackTroll C1=6 SameC1=1 Action=4->4 Phase=1->1 StateTime=0.561327->0.561327 StatePosition=1->1 MotionBefore=Troll_Stand_Fist_Fist_P0_QuickAttackR_Hit_N_Fwd_00_%_00_P0_100.xmot MotionAfter=Troll_Stand_Fist_Fist_P0_QuickAttackR_Hit_N_Fwd_00_%_00_P0_100.xmot Right=TrollFist RightUseType=55 RightGroup=7->7 NativeResult=1 OBSERVE_NATIVE=1
CORE RAW55_QUICK_CALLBACK_BOUNDARY Actor=BlackTroll C1=6 SameC1=1 Action=4->4 Phase=1->1 StateTime=0.569660->0.569660 StatePosition=1->1 MotionBefore=Troll_Stand_Fist_Fist_P0_QuickAttackR_Hit_N_Fwd_00_%_00_P0_100.xmot MotionAfter=Troll_Stand_Fist_Fist_P0_QuickAttackR_Hit_N_Fwd_00_%_00_P0_100.xmot Right=TrollFist RightUseType=55 RightGroup=7->7 NativeResult=1 OBSERVE_NATIVE=1
CORE RAW55_QUICK_CALLBACK_BOUNDARY Actor=BlackTroll C1=6 SameC1=1 Action=4->4 Phase=1->1 StateTime=0.577993->0.577993 StatePosition=1->1 MotionBefore=Troll_Stand_Fist_Fist_P0_QuickAttackR_Hit_N_Fwd_00_%_00_P0_100.xmot MotionAfter=Troll_Stand_Fist_Fist_P0_QuickAttackR_Hit_N_Fwd_00_%_00_P0_100.xmot Right=TrollFist RightUseType=55 RightGroup=7->7 NativeResult=1 OBSERVE_NATIVE=1
CORE RAW55_QUICK_CALLBACK_BOUNDARY Actor=BlackTroll C1=6 SameC1=1 Action=4->4 Phase=1->1 StateTime=0.586964->0.586964 StatePosition=1->1 MotionBefore=Troll_Stand_Fist_Fist_P0_QuickAttackR_Hit_N_Fwd_00_%_00_P0_100.xmot MotionAfter=Troll_Stand_Fist_Fist_P0_QuickAttackR_Hit_N_Fwd_00_%_00_P0_100.xmot Right=TrollFist RightUseType=55 RightGroup=7->7 NativeResult=1 OBSERVE_NATIVE=1
CORE RAW55_QUICK_CALLBACK_BOUNDARY Actor=BlackTroll C1=6 SameC1=1 Action=4->4 Phase=1->1 StateTime=0.595297->0.595297 StatePosition=1->1 MotionBefore=Troll_Stand_Fist_Fist_P0_QuickAttackR_Hit_N_Fwd_00_%_00_P0_100.xmot MotionAfter=Troll_Stand_Fist_Fist_P0_QuickAttackR_Hit_N_Fwd_00_%_00_P0_100.xmot Right=TrollFist RightUseType=55 RightGroup=7->7 NativeResult=1 OBSERVE_NATIVE=1
CORE RAW55_QUICK_CALLBACK_BOUNDARY Actor=BlackTroll C1=6 SameC1=1 Action=4->4 Phase=1->1 StateTime=0.604268->0.604268 StatePosition=1->1 MotionBefore=Troll_Stand_Fist_Fist_P0_QuickAttackR_Hit_N_Fwd_00_%_00_P0_100.xmot MotionAfter=Troll_Stand_Fist_Fist_P0_QuickAttackR_Hit_N_Fwd_00_%_00_P0_100.xmot Right=TrollFist RightUseType=55 RightGroup=7->7 NativeResult=1 OBSERVE_NATIVE=1
CORE RAW55_QUICK_CALLBACK_BOUNDARY Actor=BlackTroll C1=6 SameC1=1 Action=4->4 Phase=1->1 StateTime=0.612601->0.612601 StatePosition=1->1 MotionBefore=Troll_Stand_Fist_Fist_P0_QuickAttackR_Hit_N_Fwd_00_%_00_P0_100.xmot MotionAfter=Troll_Stand_Fist_Fist_P0_QuickAttackR_Hit_N_Fwd_00_%_00_P0_100.xmot Right=TrollFist RightUseType=55 RightGroup=7->7 NativeResult=1 OBSERVE_NATIVE=1
CORE RAW55_QUICK_CALLBACK_BOUNDARY Actor=BlackTroll C1=6 SameC1=1 Action=4->4 Phase=1->1 StateTime=0.620934->0.620934 StatePosition=1->1 MotionBefore=Troll_Stand_Fist_Fist_P0_QuickAttackR_Hit_N_Fwd_00_%_00_P0_100.xmot MotionAfter=Troll_Stand_Fist_Fist_P0_QuickAttackR_Hit_N_Fwd_00_%_00_P0_100.xmot Right=TrollFist RightUseType=55 RightGroup=7->7 NativeResult=1 OBSERVE_NATIVE=1
CORE RAW55_QUICK_CALLBACK_BOUNDARY Actor=BlackTroll C1=6 SameC1=1 Action=4->4 Phase=1->1 StateTime=0.629905->0.629905 StatePosition=1->1 MotionBefore=Troll_Stand_Fist_Fist_P0_QuickAttackR_Hit_N_Fwd_00_%_00_P0_100.xmot MotionAfter=Troll_Stand_Fist_Fist_P0_QuickAttackR_Hit_N_Fwd_00_%_00_P0_100.xmot Right=TrollFist RightUseType=55 RightGroup=7->7 NativeResult=1 OBSERVE_NATIVE=1
CORE RAW55_QUICK_CALLBACK_BOUNDARY Actor=BlackTroll C1=6 SameC1=1 Action=4->4 Phase=1->1 StateTime=0.638238->0.638238 StatePosition=1->1 MotionBefore=Troll_Stand_Fist_Fist_P0_QuickAttackR_Hit_N_Fwd_00_%_00_P0_100.xmot MotionAfter=Troll_Stand_Fist_Fist_P0_QuickAttackR_Hit_N_Fwd_00_%_00_P0_100.xmot Right=TrollFist RightUseType=55 RightGroup=7->7 NativeResult=1 OBSERVE_NATIVE=1
CORE RAW55_QUICK_CALLBACK_BOUNDARY Actor=BlackTroll C1=6 SameC1=1 Action=4->4 Phase=1->1 StateTime=0.646572->0.646572 StatePosition=1->1 MotionBefore=Troll_Stand_Fist_Fist_P0_QuickAttackR_Hit_N_Fwd_00_%_00_P0_100.xmot MotionAfter=Troll_Stand_Fist_Fist_P0_QuickAttackR_Hit_N_Fwd_00_%_00_P0_100.xmot Right=TrollFist RightUseType=55 RightGroup=7->7 NativeResult=1 OBSERVE_NATIVE=1
CORE RAW55_QUICK_CALLBACK_BOUNDARY Actor=BlackTroll C1=6 SameC1=1 Action=4->4 Phase=1->1 StateTime=0.654905->0.654905 StatePosition=1->1 MotionBefore=Troll_Stand_Fist_Fist_P0_QuickAttackR_Hit_N_Fwd_00_%_00_P0_100.xmot MotionAfter=Troll_Stand_Fist_Fist_P0_QuickAttackR_Hit_N_Fwd_00_%_00_P0_100.xmot Right=TrollFist RightUseType=55 RightGroup=7->7 NativeResult=1 OBSERVE_NATIVE=1
CORE RAW55_QUICK_CALLBACK_BOUNDARY Actor=BlackTroll C1=6 SameC1=1 Action=4->4 Phase=1->1 StateTime=0.663238->0.663238 StatePosition=1->1 MotionBefore=Troll_Stand_Fist_Fist_P0_QuickAttackR_Hit_N_Fwd_00_%_00_P0_100.xmot MotionAfter=Troll_Stand_Fist_Fist_P0_QuickAttackR_Hit_N_Fwd_00_%_00_P0_100.xmot Right=TrollFist RightUseType=55 RightGroup=7->7 NativeResult=1 OBSERVE_NATIVE=1
CORE RAW55_QUICK_CALLBACK_BOUNDARY Actor=BlackTroll C1=6 SameC1=1 Action=4->4 Phase=1->1 StateTime=0.671572->0.671572 StatePosition=1->1 MotionBefore=Troll_Stand_Fist_Fist_P0_QuickAttackR_Hit_N_Fwd_00_%_00_P0_100.xmot MotionAfter=Troll_Stand_Fist_Fist_P0_QuickAttackR_Hit_N_Fwd_00_%_00_P0_100.xmot Right=TrollFist RightUseType=55 RightGroup=7->7 NativeResult=1 OBSERVE_NATIVE=1
CORE RAW55_QUICK_CALLBACK_BOUNDARY Actor=BlackTroll C1=6 SameC1=1 Action=4->4 Phase=1->1 StateTime=0.679905->0.679905 StatePosition=1->1 MotionBefore=Troll_Stand_Fist_Fist_P0_QuickAttackR_Hit_N_Fwd_00_%_00_P0_100.xmot MotionAfter=Troll_Stand_Fist_Fist_P0_QuickAttackR_Hit_N_Fwd_00_%_00_P0_100.xmot Right=TrollFist RightUseType=55 RightGroup=7->7 NativeResult=1 OBSERVE_NATIVE=1
CORE RAW55_QUICK_CALLBACK_BOUNDARY Actor=BlackTroll C1=6 SameC1=1 Action=4->4 Phase=1->1 StateTime=0.688238->0.688238 StatePosition=1->1 MotionBefore=Troll_Stand_Fist_Fist_P0_QuickAttackR_Hit_N_Fwd_00_%_00_P0_100.xmot MotionAfter=Troll_Stand_Fist_Fist_P0_QuickAttackR_Hit_N_Fwd_00_%_00_P0_100.xmot Right=TrollFist RightUseType=55 RightGroup=7->7 NativeResult=1 OBSERVE_NATIVE=1
CORE RAW55_QUICK_CALLBACK_BOUNDARY Actor=BlackTroll C1=6 SameC1=1 Action=4->4 Phase=1->1 StateTime=0.696572->0.696572 StatePosition=1->1 MotionBefore=Troll_Stand_Fist_Fist_P0_QuickAttackR_Hit_N_Fwd_00_%_00_P0_100.xmot MotionAfter=Troll_Stand_Fist_Fist_P0_QuickAttackR_Hit_N_Fwd_00_%_00_P0_100.xmot Right=TrollFist RightUseType=55 RightGroup=7->7 NativeResult=1 OBSERVE_NATIVE=1
CORE RAW55_QUICK_CALLBACK_BOUNDARY Actor=BlackTroll C1=6 SameC1=1 Action=4->4 Phase=1->1 StateTime=0.705542->0.705542 StatePosition=1->1 MotionBefore=Troll_Stand_Fist_Fist_P0_QuickAttackR_Hit_N_Fwd_00_%_00_P0_100.xmot MotionAfter=Troll_Stand_Fist_Fist_P0_QuickAttackR_Hit_N_Fwd_00_%_00_P0_100.xmot Right=TrollFist RightUseType=55 RightGroup=7->7 NativeResult=1 OBSERVE_NATIVE=1
CORE RAW55_QUICK_CALLBACK_BOUNDARY Actor=BlackTroll C1=6 SameC1=1 Action=4->4 Phase=1->1 StateTime=0.713876->0.713876 StatePosition=1->1 MotionBefore=Troll_Stand_Fist_Fist_P0_QuickAttackR_Hit_N_Fwd_00_%_00_P0_100.xmot MotionAfter=Troll_Stand_Fist_Fist_P0_QuickAttackR_Hit_N_Fwd_00_%_00_P0_100.xmot Right=TrollFist RightUseType=55 RightGroup=7->7 NativeResult=1 OBSERVE_NATIVE=1
CORE RAW55_QUICK_CALLBACK_BOUNDARY Actor=BlackTroll C1=6 SameC1=1 Action=4->4 Phase=1->1 StateTime=0.722209->0.722209 StatePosition=1->1 MotionBefore=Troll_Stand_Fist_Fist_P0_QuickAttackR_Hit_N_Fwd_00_%_00_P0_100.xmot MotionAfter=Troll_Stand_Fist_Fist_P0_QuickAttackR_Hit_N_Fwd_00_%_00_P0_100.xmot Right=TrollFist RightUseType=55 RightGroup=7->7 NativeResult=1 OBSERVE_NATIVE=1
CORE RAW55_QUICK_CALLBACK_BOUNDARY Actor=BlackTroll C1=6 SameC1=1 Action=4->4 Phase=1->1 StateTime=0.730542->0.730542 StatePosition=1->1 MotionBefore=Troll_Stand_Fist_Fist_P0_QuickAttackR_Hit_N_Fwd_00_%_00_P0_100.xmot MotionAfter=Troll_Stand_Fist_Fist_P0_QuickAttackR_Hit_N_Fwd_00_%_00_P0_100.xmot Right=TrollFist RightUseType=55 RightGroup=7->7 NativeResult=1 OBSERVE_NATIVE=1
CORE ONDAMAGE ElapsedMs=39036.040 Ordinal=1 Target=PC_Hero Arg1=PC_Hero Arg2=PC_Hero Caller=Game.dll+0x00069484 PlayerAction=0 PlayerPhase=5 PlayerMotion=Hero_Stand_None_None_P0_Ambient_Loop_N_Fwd_00_%_02_P0_0.xmot Raw8Fist=<none> Raw8UseType=-1 Raw8Group=-1
CORE RAW55_QUICK_CALLBACK_BOUNDARY Actor=BlackTroll C1=6 SameC1=1 Action=4->4 Phase=1->1 StateTime=0.739513->0.739513 StatePosition=1->1 MotionBefore=Troll_Stand_Fist_Fist_P0_QuickAttackR_Hit_N_Fwd_00_%_00_P0_100.xmot MotionAfter=Troll_Stand_Fist_Fist_P0_QuickAttackR_Hit_N_Fwd_00_%_00_P0_100.xmot Right=TrollFist RightUseType=55 RightGroup=7->7 NativeResult=1 OBSERVE_NATIVE=1
CORE C1_START ElapsedMs=39045.306 Actor=PC_Hero Generation=7 Status=CANDIDATE Outstanding=0 TrackedSources=0 ReplacedGeneration=0 ReplacedOutstanding=0
CORE C1_BIND ElapsedMs=39045.314 Event=COMBAT_MOVE_CANDIDATE_BOUND Actor=PC_Hero Generation=7 Status=CANDIDATE Outstanding=0 Source=<null> Script=_AI_Stumble
CORE C1_STATUS ElapsedMs=39045.581 Event=PERSISTED Actor=PC_Hero Generation=7 Status=PERSISTED Outstanding=0
CORE RAW55_QUICK_CALLBACK_BOUNDARY Actor=BlackTroll C1=6 SameC1=1 Action=4->4 Phase=1->1 StateTime=0.747846->0.747846 StatePosition=1->1 MotionBefore=Troll_Stand_Fist_Fist_P0_QuickAttackR_Hit_N_Fwd_00_%_00_P0_100.xmot MotionAfter=Troll_Stand_Fist_Fist_P0_QuickAttackR_Hit_N_Fwd_00_%_00_P0_100.xmot Right=TrollFist RightUseType=55 RightGroup=7->7 NativeResult=1 OBSERVE_NATIVE=1
CORE RAW55_QUICK_CALLBACK_BOUNDARY Actor=BlackTroll C1=6 SameC1=1 Action=4->4 Phase=1->1 StateTime=0.757817->0.757817 StatePosition=1->1 MotionBefore=Troll_Stand_Fist_Fist_P0_QuickAttackR_Hit_N_Fwd_00_%_00_P0_100.xmot MotionAfter=Troll_Stand_Fist_Fist_P0_QuickAttackR_Hit_N_Fwd_00_%_00_P0_100.xmot Right=TrollFist RightUseType=55 RightGroup=7->7 NativeResult=1 OBSERVE_NATIVE=1
CORE RAW55_QUICK_CALLBACK_BOUNDARY Actor=BlackTroll C1=6 SameC1=1 Action=4->4 Phase=1->1 StateTime=0.766150->0.766150 StatePosition=1->1 MotionBefore=Troll_Stand_Fist_Fist_P0_QuickAttackR_Hit_N_Fwd_00_%_00_P0_100.xmot MotionAfter=Troll_Stand_Fist_Fist_P0_QuickAttackR_Hit_N_Fwd_00_%_00_P0_100.xmot Right=TrollFist RightUseType=55 RightGroup=7->7 NativeResult=1 OBSERVE_NATIVE=1
CORE RAW55_QUICK_CALLBACK_BOUNDARY Actor=BlackTroll C1=6 SameC1=1 Action=4->4 Phase=1->1 StateTime=0.775121->0.775121 StatePosition=1->1 MotionBefore=Troll_Stand_Fist_Fist_P0_QuickAttackR_Hit_N_Fwd_00_%_00_P0_100.xmot MotionAfter=Troll_Stand_Fist_Fist_P0_QuickAttackR_Hit_N_Fwd_00_%_00_P0_100.xmot Right=TrollFist RightUseType=55 RightGroup=7->7 NativeResult=1 OBSERVE_NATIVE=1
CORE RAW55_QUICK_CALLBACK_BOUNDARY Actor=BlackTroll C1=6 SameC1=1 Action=4->4 Phase=1->1 StateTime=0.783454->0.783454 StatePosition=1->1 MotionBefore=Troll_Stand_Fist_Fist_P0_QuickAttackR_Hit_N_Fwd_00_%_00_P0_100.xmot MotionAfter=Troll_Stand_Fist_Fist_P0_QuickAttackR_Hit_N_Fwd_00_%_00_P0_100.xmot Right=TrollFist RightUseType=55 RightGroup=7->7 NativeResult=1 OBSERVE_NATIVE=1
CORE RAW55_QUICK_CALLBACK_BOUNDARY Actor=BlackTroll C1=6 SameC1=1 Action=4->4 Phase=1->1 StateTime=0.791788->0.791788 StatePosition=1->1 MotionBefore=Troll_Stand_Fist_Fist_P0_QuickAttackR_Hit_N_Fwd_00_%_00_P0_100.xmot MotionAfter=Troll_Stand_Fist_Fist_P0_QuickAttackR_Hit_N_Fwd_00_%_00_P0_100.xmot Right=TrollFist RightUseType=55 RightGroup=7->7 NativeResult=1 OBSERVE_NATIVE=1
CORE COLLISION_GROUP ElapsedMs=39097.668 Source=TrollFist UseType=55 Owner=BlackTroll Slot=RIGHT Requested=5 Before=7 After=5 MarkerBitsRetired=0
CORE C1 CLEANUP FULFILLED ElapsedMs=39097.695 Actor=BlackTroll Generation=6 Status=PERSISTED Source=TrollFist Side=RIGHT Requests=1 Outstanding=0 CleanupObserved=1 Group=5
CORE C1_FINAL ElapsedMs=39190.363 Actor=BlackTroll Generation=6 Status=PERSISTED SourceCount=2 PhysicalChanged=0 Source[0]=TrollFist Side=RIGHT Outstanding=0 Cleanup=1 Outcome=NO_OP_NO_OUTSTANDING Source[1]=TrollFist Side=LEFT Outstanding=0 Cleanup=0 Outcome=NO_OP_NO_OUTSTANDING
CORE C1_FINAL ElapsedMs=39327.012 Actor=PC_Hero Generation=7 Status=PERSISTED SourceCount=0 PhysicalChanged=0
CORE C1_START ElapsedMs=40405.074 Actor=BlackTroll Generation=8 Status=CANDIDATE Outstanding=0 TrackedSources=2 ReplacedGeneration=0 ReplacedOutstanding=0 Source[0]=TrollFist Side=RIGHT Group=5 Source[1]=TrollFist Side=LEFT Group=5
CORE C1_BIND ElapsedMs=40405.087 Event=COMBAT_MOVE_CANDIDATE_BOUND Actor=BlackTroll Generation=8 Status=CANDIDATE Outstanding=0 Source=<null> Script=_AI_QuickAttack
CORE C1_STATUS ElapsedMs=40405.151 Event=PERSISTED Actor=BlackTroll Generation=8 Status=PERSISTED Outstanding=0
CORE ATTACK_OWNERSHIP ElapsedMs=40405.168 Actor=BlackTroll Family=QUICK Action=5 Phase=1 Motion=Troll_Stand_Fist_Fist_P0_QuickAttackL_Hit_N_Fwd_00_%_00_P0_100.xmot MarkerPresent=1 RequiredMask=0 FistMarkers=1 Raw8Fist=<none> Raw8UseType=-1 SuppressNative=0 Classification=CONTRADICTION
===== CORE ATTACK OWNERSHIP ANOMALY =====
MatchingMotionFound: 1
MarkerScanValid: 1
RequiredSourcesAvailable: 1
RightSourceSlot: RIGHT
RightSourceName: TrollFist
RightSourceUseType: 55
RightSourceCollisionGroup: 5
LeftSourceSlot: LEFT
LeftSourceName: TrollFist
LeftSourceUseType: 55
LeftSourceCollisionGroup: 5
Raw8FistSourceName: <none>
Raw8FistSourceUseType: -1
Raw8FistSourceCollisionGroup: -1
=========================================

CORE RAW55_QUICK_CALLBACK_BOUNDARY Actor=BlackTroll C1=8 SameC1=1 Action=5->5 Phase=1->1 StateTime=0.000000->0.000000 StatePosition=0->0 MotionBefore=Troll_Stand_Fist_Fist_P0_QuickAttackL_Hit_N_Fwd_00_%_00_P0_100.xmot MotionAfter=Troll_Stand_Fist_Fist_P0_QuickAttackL_Hit_N_Fwd_00_%_00_P0_100.xmot Right=TrollFist RightUseType=55 RightGroup=5->5 NativeResult=1 OBSERVE_NATIVE=1
CORE RAW55_QUICK_CALLBACK_BOUNDARY Actor=BlackTroll C1=8 SameC1=1 Action=5->5 Phase=1->1 StateTime=0.008333->0.008333 StatePosition=0->0 MotionBefore=Troll_Stand_Fist_Fist_P0_QuickAttackL_Hit_N_Fwd_00_%_00_P0_100.xmot MotionAfter=Troll_Stand_Fist_Fist_P0_QuickAttackL_Hit_N_Fwd_00_%_00_P0_100.xmot Right=TrollFist RightUseType=55 RightGroup=5->5 NativeResult=1 OBSERVE_NATIVE=1
CORE RAW55_QUICK_CALLBACK_BOUNDARY Actor=BlackTroll C1=8 SameC1=1 Action=5->5 Phase=1->1 StateTime=0.016667->0.016667 StatePosition=0->0 MotionBefore=Troll_Stand_Fist_Fist_P0_QuickAttackL_Hit_N_Fwd_00_%_00_P0_100.xmot MotionAfter=Troll_Stand_Fist_Fist_P0_QuickAttackL_Hit_N_Fwd_00_%_00_P0_100.xmot Right=TrollFist RightUseType=55 RightGroup=5->5 NativeResult=1 OBSERVE_NATIVE=1
CORE RAW55_QUICK_CALLBACK_BOUNDARY Actor=BlackTroll C1=8 SameC1=1 Action=5->5 Phase=1->1 StateTime=0.025000->0.025000 StatePosition=0->0 MotionBefore=Troll_Stand_Fist_Fist_P0_QuickAttackL_Hit_N_Fwd_00_%_00_P0_100.xmot MotionAfter=Troll_Stand_Fist_Fist_P0_QuickAttackL_Hit_N_Fwd_00_%_00_P0_100.xmot Right=TrollFist RightUseType=55 RightGroup=5->5 NativeResult=1 OBSERVE_NATIVE=1
CORE RAW55_QUICK_CALLBACK_BOUNDARY Actor=BlackTroll C1=8 SameC1=1 Action=5->5 Phase=1->1 StateTime=0.033971->0.033971 StatePosition=0->0 MotionBefore=Troll_Stand_Fist_Fist_P0_QuickAttackL_Hit_N_Fwd_00_%_00_P0_100.xmot MotionAfter=Troll_Stand_Fist_Fist_P0_QuickAttackL_Hit_N_Fwd_00_%_00_P0_100.xmot Right=TrollFist RightUseType=55 RightGroup=5->5 NativeResult=1 OBSERVE_NATIVE=1
CORE RAW55_QUICK_CALLBACK_BOUNDARY Actor=BlackTroll C1=8 SameC1=1 Action=5->5 Phase=1->1 StateTime=0.042304->0.042304 StatePosition=0->0 MotionBefore=Troll_Stand_Fist_Fist_P0_QuickAttackL_Hit_N_Fwd_00_%_00_P0_100.xmot MotionAfter=Troll_Stand_Fist_Fist_P0_QuickAttackL_Hit_N_Fwd_00_%_00_P0_100.xmot Right=TrollFist RightUseType=55 RightGroup=5->5 NativeResult=1 OBSERVE_NATIVE=1
CORE RAW55_QUICK_CALLBACK_BOUNDARY Actor=BlackTroll C1=8 SameC1=1 Action=5->5 Phase=1->1 StateTime=0.051275->0.051275 StatePosition=0->0 MotionBefore=Troll_Stand_Fist_Fist_P0_QuickAttackL_Hit_N_Fwd_00_%_00_P0_100.xmot MotionAfter=Troll_Stand_Fist_Fist_P0_QuickAttackL_Hit_N_Fwd_00_%_00_P0_100.xmot Right=TrollFist RightUseType=55 RightGroup=5->5 NativeResult=1 OBSERVE_NATIVE=1
CORE RAW55_QUICK_CALLBACK_BOUNDARY Actor=BlackTroll C1=8 SameC1=1 Action=5->5 Phase=1->1 StateTime=0.059608->0.059608 StatePosition=0->0 MotionBefore=Troll_Stand_Fist_Fist_P0_QuickAttackL_Hit_N_Fwd_00_%_00_P0_100.xmot MotionAfter=Troll_Stand_Fist_Fist_P0_QuickAttackL_Hit_N_Fwd_00_%_00_P0_100.xmot Right=TrollFist RightUseType=55 RightGroup=5->5 NativeResult=1 OBSERVE_NATIVE=1
CORE RAW55_QUICK_CALLBACK_BOUNDARY Actor=BlackTroll C1=8 SameC1=1 Action=5->5 Phase=1->1 StateTime=0.069550->0.069550 StatePosition=0->0 MotionBefore=Troll_Stand_Fist_Fist_P0_QuickAttackL_Hit_N_Fwd_00_%_00_P0_100.xmot MotionAfter=Troll_Stand_Fist_Fist_P0_QuickAttackL_Hit_N_Fwd_00_%_00_P0_100.xmot Right=TrollFist RightUseType=55 RightGroup=5->5 NativeResult=1 OBSERVE_NATIVE=1
CORE RAW55_QUICK_CALLBACK_BOUNDARY Actor=BlackTroll C1=8 SameC1=1 Action=5->5 Phase=1->1 StateTime=0.077883->0.077883 StatePosition=0->0 MotionBefore=Troll_Stand_Fist_Fist_P0_QuickAttackL_Hit_N_Fwd_00_%_00_P0_100.xmot MotionAfter=Troll_Stand_Fist_Fist_P0_QuickAttackL_Hit_N_Fwd_00_%_00_P0_100.xmot Right=TrollFist RightUseType=55 RightGroup=5->5 NativeResult=1 OBSERVE_NATIVE=1
CORE RAW55_QUICK_CALLBACK_BOUNDARY Actor=BlackTroll C1=8 SameC1=1 Action=5->5 Phase=1->1 StateTime=0.086216->0.086216 StatePosition=0->0 MotionBefore=Troll_Stand_Fist_Fist_P0_QuickAttackL_Hit_N_Fwd_00_%_00_P0_100.xmot MotionAfter=Troll_Stand_Fist_Fist_P0_QuickAttackL_Hit_N_Fwd_00_%_00_P0_100.xmot Right=TrollFist RightUseType=55 RightGroup=5->5 NativeResult=1 OBSERVE_NATIVE=1
CORE RAW55_QUICK_CALLBACK_BOUNDARY Actor=BlackTroll C1=8 SameC1=1 Action=5->5 Phase=1->1 StateTime=0.094550->0.094550 StatePosition=0->0 MotionBefore=Troll_Stand_Fist_Fist_P0_QuickAttackL_Hit_N_Fwd_00_%_00_P0_100.xmot MotionAfter=Troll_Stand_Fist_Fist_P0_QuickAttackL_Hit_N_Fwd_00_%_00_P0_100.xmot Right=TrollFist RightUseType=55 RightGroup=5->5 NativeResult=1 OBSERVE_NATIVE=1
CORE RAW55_QUICK_GROUP_SUPPRESSION Actor=BlackTroll C1=8 Right=TrollFist RightUseType=55 RequestedGroup=7 BeforeGroup=5 StatePosition=0 StateTime=0.104506 SUPPRESS_GROUP=1
CORE RAW55_QUICK_CALLBACK_BOUNDARY Actor=BlackTroll C1=8 SameC1=1 Action=5->5 Phase=1->1 StateTime=0.104506->0.104506 StatePosition=0->1 MotionBefore=Troll_Stand_Fist_Fist_P0_QuickAttackL_Hit_N_Fwd_00_%_00_P0_100.xmot MotionAfter=Troll_Stand_Fist_Fist_P0_QuickAttackL_Hit_N_Fwd_00_%_00_P0_100.xmot Right=TrollFist RightUseType=55 RightGroup=5->5 NativeResult=1 OBSERVE_NATIVE=1
CORE RAW55_QUICK_CALLBACK_BOUNDARY Actor=BlackTroll C1=8 SameC1=1 Action=5->5 Phase=1->1 StateTime=0.112839->0.112839 StatePosition=1->1 MotionBefore=Troll_Stand_Fist_Fist_P0_QuickAttackL_Hit_N_Fwd_00_%_00_P0_100.xmot MotionAfter=Troll_Stand_Fist_Fist_P0_QuickAttackL_Hit_N_Fwd_00_%_00_P0_100.xmot Right=TrollFist RightUseType=55 RightGroup=5->5 NativeResult=1 OBSERVE_NATIVE=1
CORE RAW55_QUICK_CALLBACK_BOUNDARY Actor=BlackTroll C1=8 SameC1=1 Action=5->5 Phase=1->1 StateTime=0.121172->0.121172 StatePosition=1->1 MotionBefore=Troll_Stand_Fist_Fist_P0_QuickAttackL_Hit_N_Fwd_00_%_00_P0_100.xmot MotionAfter=Troll_Stand_Fist_Fist_P0_QuickAttackL_Hit_N_Fwd_00_%_00_P0_100.xmot Right=TrollFist RightUseType=55 RightGroup=5->5 NativeResult=1 OBSERVE_NATIVE=1
CORE RAW55_QUICK_CALLBACK_BOUNDARY Actor=BlackTroll C1=8 SameC1=1 Action=5->5 Phase=1->1 StateTime=0.129506->0.129506 StatePosition=1->1 MotionBefore=Troll_Stand_Fist_Fist_P0_QuickAttackL_Hit_N_Fwd_00_%_00_P0_100.xmot MotionAfter=Troll_Stand_Fist_Fist_P0_QuickAttackL_Hit_N_Fwd_00_%_00_P0_100.xmot Right=TrollFist RightUseType=55 RightGroup=5->5 NativeResult=1 OBSERVE_NATIVE=1
CORE RAW55_QUICK_CALLBACK_BOUNDARY Actor=BlackTroll C1=8 SameC1=1 Action=5->5 Phase=1->1 StateTime=0.137839->0.137839 StatePosition=1->1 MotionBefore=Troll_Stand_Fist_Fist_P0_QuickAttackL_Hit_N_Fwd_00_%_00_P0_100.xmot MotionAfter=Troll_Stand_Fist_Fist_P0_QuickAttackL_Hit_N_Fwd_00_%_00_P0_100.xmot Right=TrollFist RightUseType=55 RightGroup=5->5 NativeResult=1 OBSERVE_NATIVE=1
CORE RAW55_QUICK_CALLBACK_BOUNDARY Actor=BlackTroll C1=8 SameC1=1 Action=5->5 Phase=1->1 StateTime=0.146172->0.146172 StatePosition=1->1 MotionBefore=Troll_Stand_Fist_Fist_P0_QuickAttackL_Hit_N_Fwd_00_%_00_P0_100.xmot MotionAfter=Troll_Stand_Fist_Fist_P0_QuickAttackL_Hit_N_Fwd_00_%_00_P0_100.xmot Right=TrollFist RightUseType=55 RightGroup=5->5 NativeResult=1 OBSERVE_NATIVE=1
CORE RAW55_QUICK_CALLBACK_BOUNDARY Actor=BlackTroll C1=8 SameC1=1 Action=5->5 Phase=1->1 StateTime=0.154506->0.154506 StatePosition=1->1 MotionBefore=Troll_Stand_Fist_Fist_P0_QuickAttackL_Hit_N_Fwd_00_%_00_P0_100.xmot MotionAfter=Troll_Stand_Fist_Fist_P0_QuickAttackL_Hit_N_Fwd_00_%_00_P0_100.xmot Right=TrollFist RightUseType=55 RightGroup=5->5 NativeResult=1 OBSERVE_NATIVE=1
CORE RAW55_QUICK_CALLBACK_BOUNDARY Actor=BlackTroll C1=8 SameC1=1 Action=5->5 Phase=1->1 StateTime=0.162839->0.162839 StatePosition=1->1 MotionBefore=Troll_Stand_Fist_Fist_P0_QuickAttackL_Hit_N_Fwd_00_%_00_P0_100.xmot MotionAfter=Troll_Stand_Fist_Fist_P0_QuickAttackL_Hit_N_Fwd_00_%_00_P0_100.xmot Right=TrollFist RightUseType=55 RightGroup=5->5 NativeResult=1 OBSERVE_NATIVE=1
CORE RAW55_QUICK_CALLBACK_BOUNDARY Actor=BlackTroll C1=8 SameC1=1 Action=5->5 Phase=1->1 StateTime=0.171172->0.171172 StatePosition=1->1 MotionBefore=Troll_Stand_Fist_Fist_P0_QuickAttackL_Hit_N_Fwd_00_%_00_P0_100.xmot MotionAfter=Troll_Stand_Fist_Fist_P0_QuickAttackL_Hit_N_Fwd_00_%_00_P0_100.xmot Right=TrollFist RightUseType=55 RightGroup=5->5 NativeResult=1 OBSERVE_NATIVE=1
CORE RAW55_QUICK_CALLBACK_BOUNDARY Actor=BlackTroll C1=8 SameC1=1 Action=5->5 Phase=1->1 StateTime=0.179506->0.179506 StatePosition=1->1 MotionBefore=Troll_Stand_Fist_Fist_P0_QuickAttackL_Hit_N_Fwd_00_%_00_P0_100.xmot MotionAfter=Troll_Stand_Fist_Fist_P0_QuickAttackL_Hit_N_Fwd_00_%_00_P0_100.xmot Right=TrollFist RightUseType=55 RightGroup=5->5 NativeResult=1 OBSERVE_NATIVE=1
CORE RAW55_QUICK_CALLBACK_BOUNDARY Actor=BlackTroll C1=8 SameC1=1 Action=5->5 Phase=1->1 StateTime=0.188476->0.188476 StatePosition=1->1 MotionBefore=Troll_Stand_Fist_Fist_P0_QuickAttackL_Hit_N_Fwd_00_%_00_P0_100.xmot MotionAfter=Troll_Stand_Fist_Fist_P0_QuickAttackL_Hit_N_Fwd_00_%_00_P0_100.xmot Right=TrollFist RightUseType=55 RightGroup=5->5 NativeResult=1 OBSERVE_NATIVE=1
CORE RAW55_QUICK_CALLBACK_BOUNDARY Actor=BlackTroll C1=8 SameC1=1 Action=5->5 Phase=1->1 StateTime=0.196810->0.196810 StatePosition=1->1 MotionBefore=Troll_Stand_Fist_Fist_P0_QuickAttackL_Hit_N_Fwd_00_%_00_P0_100.xmot MotionAfter=Troll_Stand_Fist_Fist_P0_QuickAttackL_Hit_N_Fwd_00_%_00_P0_100.xmot Right=TrollFist RightUseType=55 RightGroup=5->5 NativeResult=1 OBSERVE_NATIVE=1
CORE RAW55_QUICK_CALLBACK_BOUNDARY Actor=BlackTroll C1=8 SameC1=1 Action=5->5 Phase=1->1 StateTime=0.205143->0.205143 StatePosition=1->1 MotionBefore=Troll_Stand_Fist_Fist_P0_QuickAttackL_Hit_N_Fwd_00_%_00_P0_100.xmot MotionAfter=Troll_Stand_Fist_Fist_P0_QuickAttackL_Hit_N_Fwd_00_%_00_P0_100.xmot Right=TrollFist RightUseType=55 RightGroup=5->5 NativeResult=1 OBSERVE_NATIVE=1
CORE RAW55_QUICK_CALLBACK_BOUNDARY Actor=BlackTroll C1=8 SameC1=1 Action=5->5 Phase=1->1 StateTime=0.213476->0.213476 StatePosition=1->1 MotionBefore=Troll_Stand_Fist_Fist_P0_QuickAttackL_Hit_N_Fwd_00_%_00_P0_100.xmot MotionAfter=Troll_Stand_Fist_Fist_P0_QuickAttackL_Hit_N_Fwd_00_%_00_P0_100.xmot Right=TrollFist RightUseType=55 RightGroup=5->5 NativeResult=1 OBSERVE_NATIVE=1
CORE RAW55_QUICK_CALLBACK_BOUNDARY Actor=BlackTroll C1=8 SameC1=1 Action=5->5 Phase=1->1 StateTime=0.222447->0.222447 StatePosition=1->1 MotionBefore=Troll_Stand_Fist_Fist_P0_QuickAttackL_Hit_N_Fwd_00_%_00_P0_100.xmot MotionAfter=Troll_Stand_Fist_Fist_P0_QuickAttackL_Hit_N_Fwd_00_%_00_P0_100.xmot Right=TrollFist RightUseType=55 RightGroup=5->5 NativeResult=1 OBSERVE_NATIVE=1
CORE RAW55_QUICK_CALLBACK_BOUNDARY Actor=BlackTroll C1=8 SameC1=1 Action=5->5 Phase=1->1 StateTime=0.230780->0.230780 StatePosition=1->1 MotionBefore=Troll_Stand_Fist_Fist_P0_QuickAttackL_Hit_N_Fwd_00_%_00_P0_100.xmot MotionAfter=Troll_Stand_Fist_Fist_P0_QuickAttackL_Hit_N_Fwd_00_%_00_P0_100.xmot Right=TrollFist RightUseType=55 RightGroup=5->5 NativeResult=1 OBSERVE_NATIVE=1
CORE RAW55_QUICK_CALLBACK_BOUNDARY Actor=BlackTroll C1=8 SameC1=1 Action=5->5 Phase=1->1 StateTime=0.239113->0.239113 StatePosition=1->1 MotionBefore=Troll_Stand_Fist_Fist_P0_QuickAttackL_Hit_N_Fwd_00_%_00_P0_100.xmot MotionAfter=Troll_Stand_Fist_Fist_P0_QuickAttackL_Hit_N_Fwd_00_%_00_P0_100.xmot Right=TrollFist RightUseType=55 RightGroup=5->5 NativeResult=1 OBSERVE_NATIVE=1
CORE RAW55_QUICK_CALLBACK_BOUNDARY Actor=BlackTroll C1=8 SameC1=1 Action=5->5 Phase=1->1 StateTime=0.247447->0.247447 StatePosition=1->1 MotionBefore=Troll_Stand_Fist_Fist_P0_QuickAttackL_Hit_N_Fwd_00_%_00_P0_100.xmot MotionAfter=Troll_Stand_Fist_Fist_P0_QuickAttackL_Hit_N_Fwd_00_%_00_P0_100.xmot Right=TrollFist RightUseType=55 RightGroup=5->5 NativeResult=1 OBSERVE_NATIVE=1
CORE RAW55_QUICK_CALLBACK_BOUNDARY Actor=BlackTroll C1=8 SameC1=1 Action=5->5 Phase=1->1 StateTime=0.255780->0.255780 StatePosition=1->1 MotionBefore=Troll_Stand_Fist_Fist_P0_QuickAttackL_Hit_N_Fwd_00_%_00_P0_100.xmot MotionAfter=Troll_Stand_Fist_Fist_P0_QuickAttackL_Hit_N_Fwd_00_%_00_P0_100.xmot Right=TrollFist RightUseType=55 RightGroup=5->5 NativeResult=1 OBSERVE_NATIVE=1
CORE RAW55_QUICK_CALLBACK_BOUNDARY Actor=BlackTroll C1=8 SameC1=1 Action=5->5 Phase=1->1 StateTime=0.264751->0.264751 StatePosition=1->1 MotionBefore=Troll_Stand_Fist_Fist_P0_QuickAttackL_Hit_N_Fwd_00_%_00_P0_100.xmot MotionAfter=Troll_Stand_Fist_Fist_P0_QuickAttackL_Hit_N_Fwd_00_%_00_P0_100.xmot Right=TrollFist RightUseType=55 RightGroup=5->5 NativeResult=1 OBSERVE_NATIVE=1
CORE RAW55_QUICK_CALLBACK_BOUNDARY Actor=BlackTroll C1=8 SameC1=1 Action=5->5 Phase=1->1 StateTime=0.273084->0.273084 StatePosition=1->1 MotionBefore=Troll_Stand_Fist_Fist_P0_QuickAttackL_Hit_N_Fwd_00_%_00_P0_100.xmot MotionAfter=Troll_Stand_Fist_Fist_P0_QuickAttackL_Hit_N_Fwd_00_%_00_P0_100.xmot Right=TrollFist RightUseType=55 RightGroup=5->5 NativeResult=1 OBSERVE_NATIVE=1
CORE RAW55_QUICK_CALLBACK_BOUNDARY Actor=BlackTroll C1=8 SameC1=1 Action=5->5 Phase=1->1 StateTime=0.281418->0.281418 StatePosition=1->1 MotionBefore=Troll_Stand_Fist_Fist_P0_QuickAttackL_Hit_N_Fwd_00_%_00_P0_100.xmot MotionAfter=Troll_Stand_Fist_Fist_P0_QuickAttackL_Hit_N_Fwd_00_%_00_P0_100.xmot Right=TrollFist RightUseType=55 RightGroup=5->5 NativeResult=1 OBSERVE_NATIVE=1
CORE RAW55_QUICK_CALLBACK_BOUNDARY Actor=BlackTroll C1=8 SameC1=1 Action=5->5 Phase=1->1 StateTime=0.289751->0.289751 StatePosition=1->1 MotionBefore=Troll_Stand_Fist_Fist_P0_QuickAttackL_Hit_N_Fwd_00_%_00_P0_100.xmot MotionAfter=Troll_Stand_Fist_Fist_P0_QuickAttackL_Hit_N_Fwd_00_%_00_P0_100.xmot Right=TrollFist RightUseType=55 RightGroup=5->5 NativeResult=1 OBSERVE_NATIVE=1
CORE RAW55_QUICK_CALLBACK_BOUNDARY Actor=BlackTroll C1=8 SameC1=1 Action=5->5 Phase=1->1 StateTime=0.298084->0.298084 StatePosition=1->1 MotionBefore=Troll_Stand_Fist_Fist_P0_QuickAttackL_Hit_N_Fwd_00_%_00_P0_100.xmot MotionAfter=Troll_Stand_Fist_Fist_P0_QuickAttackL_Hit_N_Fwd_00_%_00_P0_100.xmot Right=TrollFist RightUseType=55 RightGroup=5->5 NativeResult=1 OBSERVE_NATIVE=1
CORE RAW55_QUICK_CALLBACK_BOUNDARY Actor=BlackTroll C1=8 SameC1=1 Action=5->5 Phase=1->1 StateTime=0.306418->0.306418 StatePosition=1->1 MotionBefore=Troll_Stand_Fist_Fist_P0_QuickAttackL_Hit_N_Fwd_00_%_00_P0_100.xmot MotionAfter=Troll_Stand_Fist_Fist_P0_QuickAttackL_Hit_N_Fwd_00_%_00_P0_100.xmot Right=TrollFist RightUseType=55 RightGroup=5->5 NativeResult=1 OBSERVE_NATIVE=1
CORE RAW55_QUICK_CALLBACK_BOUNDARY Actor=BlackTroll C1=8 SameC1=1 Action=5->5 Phase=1->1 StateTime=0.316359->0.316359 StatePosition=1->1 MotionBefore=Troll_Stand_Fist_Fist_P0_QuickAttackL_Hit_N_Fwd_00_%_00_P0_100.xmot MotionAfter=Troll_Stand_Fist_Fist_P0_QuickAttackL_Hit_N_Fwd_00_%_00_P0_100.xmot Right=TrollFist RightUseType=55 RightGroup=5->5 NativeResult=1 OBSERVE_NATIVE=1
CORE RAW55_QUICK_CALLBACK_BOUNDARY Actor=BlackTroll C1=8 SameC1=1 Action=5->5 Phase=1->1 StateTime=0.324692->0.324692 StatePosition=1->1 MotionBefore=Troll_Stand_Fist_Fist_P0_QuickAttackL_Hit_N_Fwd_00_%_00_P0_100.xmot MotionAfter=Troll_Stand_Fist_Fist_P0_QuickAttackL_Hit_N_Fwd_00_%_00_P0_100.xmot Right=TrollFist RightUseType=55 RightGroup=5->5 NativeResult=1 OBSERVE_NATIVE=1
CORE RAW55_QUICK_CALLBACK_BOUNDARY Actor=BlackTroll C1=8 SameC1=1 Action=5->5 Phase=1->1 StateTime=0.333026->0.333026 StatePosition=1->1 MotionBefore=Troll_Stand_Fist_Fist_P0_QuickAttackL_Hit_N_Fwd_00_%_00_P0_100.xmot MotionAfter=Troll_Stand_Fist_Fist_P0_QuickAttackL_Hit_N_Fwd_00_%_00_P0_100.xmot Right=TrollFist RightUseType=55 RightGroup=5->5 NativeResult=1 OBSERVE_NATIVE=1
CORE RAW55_QUICK_CALLBACK_BOUNDARY Actor=BlackTroll C1=8 SameC1=1 Action=5->5 Phase=1->1 StateTime=0.341359->0.341359 StatePosition=1->1 MotionBefore=Troll_Stand_Fist_Fist_P0_QuickAttackL_Hit_N_Fwd_00_%_00_P0_100.xmot MotionAfter=Troll_Stand_Fist_Fist_P0_QuickAttackL_Hit_N_Fwd_00_%_00_P0_100.xmot Right=TrollFist RightUseType=55 RightGroup=5->5 NativeResult=1 OBSERVE_NATIVE=1
CORE RAW55_QUICK_CALLBACK_BOUNDARY Actor=BlackTroll C1=8 SameC1=1 Action=5->5 Phase=1->1 StateTime=0.350330->0.350330 StatePosition=1->1 MotionBefore=Troll_Stand_Fist_Fist_P0_QuickAttackL_Hit_N_Fwd_00_%_00_P0_100.xmot MotionAfter=Troll_Stand_Fist_Fist_P0_QuickAttackL_Hit_N_Fwd_00_%_00_P0_100.xmot Right=TrollFist RightUseType=55 RightGroup=5->5 NativeResult=1 OBSERVE_NATIVE=1
CORE RAW55_QUICK_CALLBACK_BOUNDARY Actor=BlackTroll C1=8 SameC1=1 Action=5->5 Phase=1->1 StateTime=0.358663->0.358663 StatePosition=1->1 MotionBefore=Troll_Stand_Fist_Fist_P0_QuickAttackL_Hit_N_Fwd_00_%_00_P0_100.xmot MotionAfter=Troll_Stand_Fist_Fist_P0_QuickAttackL_Hit_N_Fwd_00_%_00_P0_100.xmot Right=TrollFist RightUseType=55 RightGroup=5->5 NativeResult=1 OBSERVE_NATIVE=1
CORE RAW55_QUICK_CALLBACK_BOUNDARY Actor=BlackTroll C1=8 SameC1=1 Action=5->5 Phase=1->1 StateTime=0.366996->0.366996 StatePosition=1->1 MotionBefore=Troll_Stand_Fist_Fist_P0_QuickAttackL_Hit_N_Fwd_00_%_00_P0_100.xmot MotionAfter=Troll_Stand_Fist_Fist_P0_QuickAttackL_Hit_N_Fwd_00_%_00_P0_100.xmot Right=TrollFist RightUseType=55 RightGroup=5->5 NativeResult=1 OBSERVE_NATIVE=1
CORE RAW55_QUICK_CALLBACK_BOUNDARY Actor=BlackTroll C1=8 SameC1=1 Action=5->5 Phase=1->1 StateTime=0.375330->0.375330 StatePosition=1->1 MotionBefore=Troll_Stand_Fist_Fist_P0_QuickAttackL_Hit_N_Fwd_00_%_00_P0_100.xmot MotionAfter=Troll_Stand_Fist_Fist_P0_QuickAttackL_Hit_N_Fwd_00_%_00_P0_100.xmot Right=TrollFist RightUseType=55 RightGroup=5->5 NativeResult=1 OBSERVE_NATIVE=1
CORE RAW55_QUICK_CALLBACK_BOUNDARY Actor=BlackTroll C1=8 SameC1=1 Action=5->5 Phase=1->1 StateTime=0.383663->0.383663 StatePosition=1->1 MotionBefore=Troll_Stand_Fist_Fist_P0_QuickAttackL_Hit_N_Fwd_00_%_00_P0_100.xmot MotionAfter=Troll_Stand_Fist_Fist_P0_QuickAttackL_Hit_N_Fwd_00_%_00_P0_100.xmot Right=TrollFist RightUseType=55 RightGroup=5->5 NativeResult=1 OBSERVE_NATIVE=1
CORE RAW55_QUICK_CALLBACK_BOUNDARY Actor=BlackTroll C1=8 SameC1=1 Action=5->5 Phase=1->1 StateTime=0.394590->0.394590 StatePosition=1->1 MotionBefore=Troll_Stand_Fist_Fist_P0_QuickAttackL_Hit_N_Fwd_00_%_00_P0_100.xmot MotionAfter=Troll_Stand_Fist_Fist_P0_QuickAttackL_Hit_N_Fwd_00_%_00_P0_100.xmot Right=TrollFist RightUseType=55 RightGroup=5->5 NativeResult=1 OBSERVE_NATIVE=1
CORE RAW55_QUICK_CALLBACK_BOUNDARY Actor=BlackTroll C1=8 SameC1=1 Action=5->5 Phase=1->1 StateTime=0.402923->0.402923 StatePosition=1->1 MotionBefore=Troll_Stand_Fist_Fist_P0_QuickAttackL_Hit_N_Fwd_00_%_00_P0_100.xmot MotionAfter=Troll_Stand_Fist_Fist_P0_QuickAttackL_Hit_N_Fwd_00_%_00_P0_100.xmot Right=TrollFist RightUseType=55 RightGroup=5->5 NativeResult=1 OBSERVE_NATIVE=1
CORE RAW55_QUICK_CALLBACK_BOUNDARY Actor=BlackTroll C1=8 SameC1=1 Action=5->5 Phase=1->1 StateTime=0.412879->0.412879 StatePosition=1->1 MotionBefore=Troll_Stand_Fist_Fist_P0_QuickAttackL_Hit_N_Fwd_00_%_00_P0_100.xmot MotionAfter=Troll_Stand_Fist_Fist_P0_QuickAttackL_Hit_N_Fwd_00_%_00_P0_100.xmot Right=TrollFist RightUseType=55 RightGroup=5->5 NativeResult=1 OBSERVE_NATIVE=1
CORE RAW55_QUICK_CALLBACK_BOUNDARY Actor=BlackTroll C1=8 SameC1=1 Action=5->5 Phase=1->1 StateTime=0.421213->0.421213 StatePosition=1->1 MotionBefore=Troll_Stand_Fist_Fist_P0_QuickAttackL_Hit_N_Fwd_00_%_00_P0_100.xmot MotionAfter=Troll_Stand_Fist_Fist_P0_QuickAttackL_Hit_N_Fwd_00_%_00_P0_100.xmot Right=TrollFist RightUseType=55 RightGroup=5->5 NativeResult=1 OBSERVE_NATIVE=1
CORE RAW55_QUICK_CALLBACK_BOUNDARY Actor=BlackTroll C1=8 SameC1=1 Action=5->5 Phase=1->1 StateTime=0.429546->0.429546 StatePosition=1->1 MotionBefore=Troll_Stand_Fist_Fist_P0_QuickAttackL_Hit_N_Fwd_00_%_00_P0_100.xmot MotionAfter=Troll_Stand_Fist_Fist_P0_QuickAttackL_Hit_N_Fwd_00_%_00_P0_100.xmot Right=TrollFist RightUseType=55 RightGroup=5->5 NativeResult=1 OBSERVE_NATIVE=1
CORE RAW55_QUICK_CALLBACK_BOUNDARY Actor=BlackTroll C1=8 SameC1=1 Action=5->5 Phase=1->1 StateTime=0.437879->0.437879 StatePosition=1->1 MotionBefore=Troll_Stand_Fist_Fist_P0_QuickAttackL_Hit_N_Fwd_00_%_00_P0_100.xmot MotionAfter=Troll_Stand_Fist_Fist_P0_QuickAttackL_Hit_N_Fwd_00_%_00_P0_100.xmot Right=TrollFist RightUseType=55 RightGroup=5->5 NativeResult=1 OBSERVE_NATIVE=1
CORE RAW55_QUICK_CALLBACK_BOUNDARY Actor=BlackTroll C1=8 SameC1=1 Action=5->5 Phase=1->1 StateTime=0.447821->0.447821 StatePosition=1->1 MotionBefore=Troll_Stand_Fist_Fist_P0_QuickAttackL_Hit_N_Fwd_00_%_00_P0_100.xmot MotionAfter=Troll_Stand_Fist_Fist_P0_QuickAttackL_Hit_N_Fwd_00_%_00_P0_100.xmot Right=TrollFist RightUseType=55 RightGroup=5->5 NativeResult=1 OBSERVE_NATIVE=1
CORE RAW55_QUICK_CALLBACK_BOUNDARY Actor=BlackTroll C1=8 SameC1=1 Action=5->5 Phase=1->1 StateTime=0.456154->0.456154 StatePosition=1->1 MotionBefore=Troll_Stand_Fist_Fist_P0_QuickAttackL_Hit_N_Fwd_00_%_00_P0_100.xmot MotionAfter=Troll_Stand_Fist_Fist_P0_QuickAttackL_Hit_N_Fwd_00_%_00_P0_100.xmot Right=TrollFist RightUseType=55 RightGroup=5->5 NativeResult=1 OBSERVE_NATIVE=1
CORE RAW55_QUICK_CALLBACK_BOUNDARY Actor=BlackTroll C1=8 SameC1=1 Action=5->5 Phase=1->1 StateTime=0.466110->0.466110 StatePosition=1->1 MotionBefore=Troll_Stand_Fist_Fist_P0_QuickAttackL_Hit_N_Fwd_00_%_00_P0_100.xmot MotionAfter=Troll_Stand_Fist_Fist_P0_QuickAttackL_Hit_N_Fwd_00_%_00_P0_100.xmot Right=TrollFist RightUseType=55 RightGroup=5->5 NativeResult=1 OBSERVE_NATIVE=1
CORE RAW55_QUICK_CALLBACK_BOUNDARY Actor=BlackTroll C1=8 SameC1=1 Action=5->5 Phase=1->1 StateTime=0.474443->0.474443 StatePosition=1->1 MotionBefore=Troll_Stand_Fist_Fist_P0_QuickAttackL_Hit_N_Fwd_00_%_00_P0_100.xmot MotionAfter=Troll_Stand_Fist_Fist_P0_QuickAttackL_Hit_N_Fwd_00_%_00_P0_100.xmot Right=TrollFist RightUseType=55 RightGroup=5->5 NativeResult=1 OBSERVE_NATIVE=1
===== CORE MARKER ANOMALY / DISCOVERY =====
ElapsedMs: 40839.324
Actor: BlackTroll
Action: 5
Family: QUICK
AniPhase: 1
StatePosition: 1
CurrentMovementAni: Troll_Stand_Fist_Fist_P0_QuickAttackL_Hit_N_Fwd_00_%_00_P0_100.xmot
MarkerName: G3AB_COL_FIST
MarkerOpcode: FIST
Result: UNSUPPORTED_MISSING_SOURCE
C1GenerationValid: 1
C1Generation: 8
RequiredSourceMask: 0
MissingSourceMask: 0
RightSourceSlot: RIGHT
RightSourceName: TrollFist
RightSourceUseType: 55
RightSourceCollisionGroup: 5
LeftSourceSlot: LEFT
LeftSourceName: TrollFist
LeftSourceUseType: 55
LeftSourceCollisionGroup: 5
Raw8FistSourceName: <none>
Raw8FistSourceUseType: -1
Raw8FistSourceCollisionGroup: -1
===========================================

CORE COLLISION_GROUP ElapsedMs=40839.378 Source=TrollFist UseType=55 Owner=BlackTroll Slot=RIGHT Requested=7 Before=5 After=7 MarkerBitsRetired=0
CORE C1 OFFENSE REQUEST ElapsedMs=40839.389 Actor=BlackTroll Generation=8 Status=PERSISTED Source=TrollFist Side=RIGHT Requests=1 Outstanding=1 CleanupObserved=0 Group=7
CORE RAW55_QUICK_FIST_REARM_PROBE Actor=BlackTroll C1=8 Action=5 StatePosition=1 StateTime=0.483414 Right=TrollFist RightUseType=55 GroupBefore=5 RequestedGroup=7 GroupAfter=7 EarlySuppressionProof=1 ClearTriggeredList=1 REARM_PROBE=1
CORE RAW55_QUICK_CALLBACK_BOUNDARY Actor=BlackTroll C1=8 SameC1=1 Action=5->5 Phase=1->1 StateTime=0.483414->0.483414 StatePosition=1->1 MotionBefore=Troll_Stand_Fist_Fist_P0_QuickAttackL_Hit_N_Fwd_00_%_00_P0_100.xmot MotionAfter=Troll_Stand_Fist_Fist_P0_QuickAttackL_Hit_N_Fwd_00_%_00_P0_100.xmot Right=TrollFist RightUseType=55 RightGroup=7->7 NativeResult=1 OBSERVE_NATIVE=1
CORE RAW55_QUICK_CALLBACK_BOUNDARY Actor=BlackTroll C1=8 SameC1=1 Action=5->5 Phase=1->1 StateTime=0.491748->0.491748 StatePosition=1->1 MotionBefore=Troll_Stand_Fist_Fist_P0_QuickAttackL_Hit_N_Fwd_00_%_00_P0_100.xmot MotionAfter=Troll_Stand_Fist_Fist_P0_QuickAttackL_Hit_N_Fwd_00_%_00_P0_100.xmot Right=TrollFist RightUseType=55 RightGroup=7->7 NativeResult=1 OBSERVE_NATIVE=1
CORE RAW55_QUICK_CALLBACK_BOUNDARY Actor=BlackTroll C1=8 SameC1=1 Action=5->5 Phase=1->1 StateTime=0.501689->0.501689 StatePosition=1->1 MotionBefore=Troll_Stand_Fist_Fist_P0_QuickAttackL_Hit_N_Fwd_00_%_00_P0_100.xmot MotionAfter=Troll_Stand_Fist_Fist_P0_QuickAttackL_Hit_N_Fwd_00_%_00_P0_100.xmot Right=TrollFist RightUseType=55 RightGroup=7->7 NativeResult=1 OBSERVE_NATIVE=1
CORE RAW55_QUICK_CALLBACK_BOUNDARY Actor=BlackTroll C1=8 SameC1=1 Action=5->5 Phase=1->1 StateTime=0.510023->0.510023 StatePosition=1->1 MotionBefore=Troll_Stand_Fist_Fist_P0_QuickAttackL_Hit_N_Fwd_00_%_00_P0_100.xmot MotionAfter=Troll_Stand_Fist_Fist_P0_QuickAttackL_Hit_N_Fwd_00_%_00_P0_100.xmot Right=TrollFist RightUseType=55 RightGroup=7->7 NativeResult=1 OBSERVE_NATIVE=1
CORE RAW55_QUICK_CALLBACK_BOUNDARY Actor=BlackTroll C1=8 SameC1=1 Action=5->5 Phase=1->1 StateTime=0.519979->0.519979 StatePosition=1->1 MotionBefore=Troll_Stand_Fist_Fist_P0_QuickAttackL_Hit_N_Fwd_00_%_00_P0_100.xmot MotionAfter=Troll_Stand_Fist_Fist_P0_QuickAttackL_Hit_N_Fwd_00_%_00_P0_100.xmot Right=TrollFist RightUseType=55 RightGroup=7->7 NativeResult=1 OBSERVE_NATIVE=1
CORE RAW55_QUICK_CALLBACK_BOUNDARY Actor=BlackTroll C1=8 SameC1=1 Action=5->5 Phase=1->1 StateTime=0.528312->0.528312 StatePosition=1->1 MotionBefore=Troll_Stand_Fist_Fist_P0_QuickAttackL_Hit_N_Fwd_00_%_00_P0_100.xmot MotionAfter=Troll_Stand_Fist_Fist_P0_QuickAttackL_Hit_N_Fwd_00_%_00_P0_100.xmot Right=TrollFist RightUseType=55 RightGroup=7->7 NativeResult=1 OBSERVE_NATIVE=1
CORE RAW55_QUICK_CALLBACK_BOUNDARY Actor=BlackTroll C1=8 SameC1=1 Action=5->5 Phase=1->1 StateTime=0.537283->0.537283 StatePosition=1->1 MotionBefore=Troll_Stand_Fist_Fist_P0_QuickAttackL_Hit_N_Fwd_00_%_00_P0_100.xmot MotionAfter=Troll_Stand_Fist_Fist_P0_QuickAttackL_Hit_N_Fwd_00_%_00_P0_100.xmot Right=TrollFist RightUseType=55 RightGroup=7->7 NativeResult=1 OBSERVE_NATIVE=1
CORE RAW55_QUICK_CALLBACK_BOUNDARY Actor=BlackTroll C1=8 SameC1=1 Action=5->5 Phase=1->1 StateTime=0.545616->0.545616 StatePosition=1->1 MotionBefore=Troll_Stand_Fist_Fist_P0_QuickAttackL_Hit_N_Fwd_00_%_00_P0_100.xmot MotionAfter=Troll_Stand_Fist_Fist_P0_QuickAttackL_Hit_N_Fwd_00_%_00_P0_100.xmot Right=TrollFist RightUseType=55 RightGroup=7->7 NativeResult=1 OBSERVE_NATIVE=1
CORE RAW55_QUICK_CALLBACK_BOUNDARY Actor=BlackTroll C1=8 SameC1=1 Action=5->5 Phase=1->1 StateTime=0.554587->0.554587 StatePosition=1->1 MotionBefore=Troll_Stand_Fist_Fist_P0_QuickAttackL_Hit_N_Fwd_00_%_00_P0_100.xmot MotionAfter=Troll_Stand_Fist_Fist_P0_QuickAttackL_Hit_N_Fwd_00_%_00_P0_100.xmot Right=TrollFist RightUseType=55 RightGroup=7->7 NativeResult=1 OBSERVE_NATIVE=1
CORE RAW55_QUICK_CALLBACK_BOUNDARY Actor=BlackTroll C1=8 SameC1=1 Action=5->5 Phase=1->1 StateTime=0.562921->0.562921 StatePosition=1->1 MotionBefore=Troll_Stand_Fist_Fist_P0_QuickAttackL_Hit_N_Fwd_00_%_00_P0_100.xmot MotionAfter=Troll_Stand_Fist_Fist_P0_QuickAttackL_Hit_N_Fwd_00_%_00_P0_100.xmot Right=TrollFist RightUseType=55 RightGroup=7->7 NativeResult=1 OBSERVE_NATIVE=1
CORE RAW55_QUICK_CALLBACK_BOUNDARY Actor=BlackTroll C1=8 SameC1=1 Action=5->5 Phase=1->1 StateTime=0.571254->0.571254 StatePosition=1->1 MotionBefore=Troll_Stand_Fist_Fist_P0_QuickAttackL_Hit_N_Fwd_00_%_00_P0_100.xmot MotionAfter=Troll_Stand_Fist_Fist_P0_QuickAttackL_Hit_N_Fwd_00_%_00_P0_100.xmot Right=TrollFist RightUseType=55 RightGroup=7->7 NativeResult=1 OBSERVE_NATIVE=1
CORE RAW55_QUICK_CALLBACK_BOUNDARY Actor=BlackTroll C1=8 SameC1=1 Action=5->5 Phase=1->1 StateTime=0.579587->0.579587 StatePosition=1->1 MotionBefore=Troll_Stand_Fist_Fist_P0_QuickAttackL_Hit_N_Fwd_00_%_00_P0_100.xmot MotionAfter=Troll_Stand_Fist_Fist_P0_QuickAttackL_Hit_N_Fwd_00_%_00_P0_100.xmot Right=TrollFist RightUseType=55 RightGroup=7->7 NativeResult=1 OBSERVE_NATIVE=1
CORE RAW55_QUICK_CALLBACK_BOUNDARY Actor=BlackTroll C1=8 SameC1=1 Action=5->5 Phase=1->1 StateTime=0.587921->0.587921 StatePosition=1->1 MotionBefore=Troll_Stand_Fist_Fist_P0_QuickAttackL_Hit_N_Fwd_00_%_00_P0_100.xmot MotionAfter=Troll_Stand_Fist_Fist_P0_QuickAttackL_Hit_N_Fwd_00_%_00_P0_100.xmot Right=TrollFist RightUseType=55 RightGroup=7->7 NativeResult=1 OBSERVE_NATIVE=1
CORE RAW55_QUICK_CALLBACK_BOUNDARY Actor=BlackTroll C1=8 SameC1=1 Action=5->5 Phase=1->1 StateTime=0.596254->0.596254 StatePosition=1->1 MotionBefore=Troll_Stand_Fist_Fist_P0_QuickAttackL_Hit_N_Fwd_00_%_00_P0_100.xmot MotionAfter=Troll_Stand_Fist_Fist_P0_QuickAttackL_Hit_N_Fwd_00_%_00_P0_100.xmot Right=TrollFist RightUseType=55 RightGroup=7->7 NativeResult=1 OBSERVE_NATIVE=1
CORE RAW55_QUICK_CALLBACK_BOUNDARY Actor=BlackTroll C1=8 SameC1=1 Action=5->5 Phase=1->1 StateTime=0.604587->0.604587 StatePosition=1->1 MotionBefore=Troll_Stand_Fist_Fist_P0_QuickAttackL_Hit_N_Fwd_00_%_00_P0_100.xmot MotionAfter=Troll_Stand_Fist_Fist_P0_QuickAttackL_Hit_N_Fwd_00_%_00_P0_100.xmot Right=TrollFist RightUseType=55 RightGroup=7->7 NativeResult=1 OBSERVE_NATIVE=1
CORE RAW55_QUICK_CALLBACK_BOUNDARY Actor=BlackTroll C1=8 SameC1=1 Action=5->5 Phase=1->1 StateTime=0.612920->0.612920 StatePosition=1->1 MotionBefore=Troll_Stand_Fist_Fist_P0_QuickAttackL_Hit_N_Fwd_00_%_00_P0_100.xmot MotionAfter=Troll_Stand_Fist_Fist_P0_QuickAttackL_Hit_N_Fwd_00_%_00_P0_100.xmot Right=TrollFist RightUseType=55 RightGroup=7->7 NativeResult=1 OBSERVE_NATIVE=1
CORE RAW55_QUICK_CALLBACK_BOUNDARY Actor=BlackTroll C1=8 SameC1=1 Action=5->5 Phase=1->1 StateTime=0.621254->0.621254 StatePosition=1->1 MotionBefore=Troll_Stand_Fist_Fist_P0_QuickAttackL_Hit_N_Fwd_00_%_00_P0_100.xmot MotionAfter=Troll_Stand_Fist_Fist_P0_QuickAttackL_Hit_N_Fwd_00_%_00_P0_100.xmot Right=TrollFist RightUseType=55 RightGroup=7->7 NativeResult=1 OBSERVE_NATIVE=1
CORE RAW55_QUICK_CALLBACK_BOUNDARY Actor=BlackTroll C1=8 SameC1=1 Action=5->5 Phase=1->1 StateTime=0.630239->0.630239 StatePosition=1->1 MotionBefore=Troll_Stand_Fist_Fist_P0_QuickAttackL_Hit_N_Fwd_00_%_00_P0_100.xmot MotionAfter=Troll_Stand_Fist_Fist_P0_QuickAttackL_Hit_N_Fwd_00_%_00_P0_100.xmot Right=TrollFist RightUseType=55 RightGroup=7->7 NativeResult=1 OBSERVE_NATIVE=1
CORE RAW55_QUICK_CALLBACK_BOUNDARY Actor=BlackTroll C1=8 SameC1=1 Action=5->5 Phase=1->1 StateTime=0.638572->0.638572 StatePosition=1->1 MotionBefore=Troll_Stand_Fist_Fist_P0_QuickAttackL_Hit_N_Fwd_00_%_00_P0_100.xmot MotionAfter=Troll_Stand_Fist_Fist_P0_QuickAttackL_Hit_N_Fwd_00_%_00_P0_100.xmot Right=TrollFist RightUseType=55 RightGroup=7->7 NativeResult=1 OBSERVE_NATIVE=1
CORE RAW55_QUICK_CALLBACK_BOUNDARY Actor=BlackTroll C1=8 SameC1=1 Action=5->5 Phase=1->1 StateTime=0.648514->0.648514 StatePosition=1->1 MotionBefore=Troll_Stand_Fist_Fist_P0_QuickAttackL_Hit_N_Fwd_00_%_00_P0_100.xmot MotionAfter=Troll_Stand_Fist_Fist_P0_QuickAttackL_Hit_N_Fwd_00_%_00_P0_100.xmot Right=TrollFist RightUseType=55 RightGroup=7->7 NativeResult=1 OBSERVE_NATIVE=1
CORE RAW55_QUICK_CALLBACK_BOUNDARY Actor=BlackTroll C1=8 SameC1=1 Action=5->5 Phase=1->1 StateTime=0.656847->0.656847 StatePosition=1->1 MotionBefore=Troll_Stand_Fist_Fist_P0_QuickAttackL_Hit_N_Fwd_00_%_00_P0_100.xmot MotionAfter=Troll_Stand_Fist_Fist_P0_QuickAttackL_Hit_N_Fwd_00_%_00_P0_100.xmot Right=TrollFist RightUseType=55 RightGroup=7->7 NativeResult=1 OBSERVE_NATIVE=1
CORE RAW55_QUICK_CALLBACK_BOUNDARY Actor=BlackTroll C1=8 SameC1=1 Action=5->5 Phase=1->1 StateTime=0.665803->0.665803 StatePosition=1->1 MotionBefore=Troll_Stand_Fist_Fist_P0_QuickAttackL_Hit_N_Fwd_00_%_00_P0_100.xmot MotionAfter=Troll_Stand_Fist_Fist_P0_QuickAttackL_Hit_N_Fwd_00_%_00_P0_100.xmot Right=TrollFist RightUseType=55 RightGroup=7->7 NativeResult=1 OBSERVE_NATIVE=1
CORE RAW55_QUICK_CALLBACK_BOUNDARY Actor=BlackTroll C1=8 SameC1=1 Action=5->5 Phase=1->1 StateTime=0.675789->0.675789 StatePosition=1->1 MotionBefore=Troll_Stand_Fist_Fist_P0_QuickAttackL_Hit_N_Fwd_00_%_00_P0_100.xmot MotionAfter=Troll_Stand_Fist_Fist_P0_QuickAttackL_Hit_N_Fwd_00_%_00_P0_100.xmot Right=TrollFist RightUseType=55 RightGroup=7->7 NativeResult=1 OBSERVE_NATIVE=1
CORE RAW55_QUICK_CALLBACK_BOUNDARY Actor=BlackTroll C1=8 SameC1=1 Action=5->5 Phase=1->1 StateTime=0.684122->0.684122 StatePosition=1->1 MotionBefore=Troll_Stand_Fist_Fist_P0_QuickAttackL_Hit_N_Fwd_00_%_00_P0_100.xmot MotionAfter=Troll_Stand_Fist_Fist_P0_QuickAttackL_Hit_N_Fwd_00_%_00_P0_100.xmot Right=TrollFist RightUseType=55 RightGroup=7->7 NativeResult=1 OBSERVE_NATIVE=1
CORE RAW55_QUICK_CALLBACK_BOUNDARY Actor=BlackTroll C1=8 SameC1=1 Action=5->5 Phase=1->1 StateTime=0.692456->0.692456 StatePosition=1->1 MotionBefore=Troll_Stand_Fist_Fist_P0_QuickAttackL_Hit_N_Fwd_00_%_00_P0_100.xmot MotionAfter=Troll_Stand_Fist_Fist_P0_QuickAttackL_Hit_N_Fwd_00_%_00_P0_100.xmot Right=TrollFist RightUseType=55 RightGroup=7->7 NativeResult=1 OBSERVE_NATIVE=1
CORE RAW55_QUICK_CALLBACK_BOUNDARY Actor=BlackTroll C1=8 SameC1=1 Action=5->5 Phase=1->1 StateTime=0.700789->0.700789 StatePosition=1->1 MotionBefore=Troll_Stand_Fist_Fist_P0_QuickAttackL_Hit_N_Fwd_00_%_00_P0_100.xmot MotionAfter=Troll_Stand_Fist_Fist_P0_QuickAttackL_Hit_N_Fwd_00_%_00_P0_100.xmot Right=TrollFist RightUseType=55 RightGroup=7->7 NativeResult=1 OBSERVE_NATIVE=1
CORE RAW55_QUICK_CALLBACK_BOUNDARY Actor=BlackTroll C1=8 SameC1=1 Action=5->5 Phase=1->1 StateTime=0.709122->0.709122 StatePosition=1->1 MotionBefore=Troll_Stand_Fist_Fist_P0_QuickAttackL_Hit_N_Fwd_00_%_00_P0_100.xmot MotionAfter=Troll_Stand_Fist_Fist_P0_QuickAttackL_Hit_N_Fwd_00_%_00_P0_100.xmot Right=TrollFist RightUseType=55 RightGroup=7->7 NativeResult=1 OBSERVE_NATIVE=1
CORE RAW55_QUICK_CALLBACK_BOUNDARY Actor=BlackTroll C1=8 SameC1=1 Action=5->5 Phase=1->1 StateTime=0.718093->0.718093 StatePosition=1->1 MotionBefore=Troll_Stand_Fist_Fist_P0_QuickAttackL_Hit_N_Fwd_00_%_00_P0_100.xmot MotionAfter=Troll_Stand_Fist_Fist_P0_QuickAttackL_Hit_N_Fwd_00_%_00_P0_100.xmot Right=TrollFist RightUseType=55 RightGroup=7->7 NativeResult=1 OBSERVE_NATIVE=1
CORE RAW55_QUICK_CALLBACK_BOUNDARY Actor=BlackTroll C1=8 SameC1=1 Action=5->5 Phase=1->1 StateTime=0.726426->0.726426 StatePosition=1->1 MotionBefore=Troll_Stand_Fist_Fist_P0_QuickAttackL_Hit_N_Fwd_00_%_00_P0_100.xmot MotionAfter=Troll_Stand_Fist_Fist_P0_QuickAttackL_Hit_N_Fwd_00_%_00_P0_100.xmot Right=TrollFist RightUseType=55 RightGroup=7->7 NativeResult=1 OBSERVE_NATIVE=1
CORE ONDAMAGE ElapsedMs=41072.911 Ordinal=2 Target=PC_Hero Arg1=PC_Hero Arg2=PC_Hero Caller=Game.dll+0x00069484 PlayerAction=0 PlayerPhase=5 PlayerMotion=Hero_Stand_None_None_P0_Ambient_Loop_N_Fwd_02_%_00_P0_0.xmot Raw8Fist=<none> Raw8UseType=-1 Raw8Group=-1
CORE RAW55_QUICK_CALLBACK_BOUNDARY Actor=BlackTroll C1=8 SameC1=1 Action=5->5 Phase=1->1 StateTime=0.735382->0.735382 StatePosition=1->1 MotionBefore=Troll_Stand_Fist_Fist_P0_QuickAttackL_Hit_N_Fwd_00_%_00_P0_100.xmot MotionAfter=Troll_Stand_Fist_Fist_P0_QuickAttackL_Hit_N_Fwd_00_%_00_P0_100.xmot Right=TrollFist RightUseType=55 RightGroup=7->7 NativeResult=1 OBSERVE_NATIVE=1
CORE C1_START ElapsedMs=41082.797 Actor=PC_Hero Generation=9 Status=CANDIDATE Outstanding=0 TrackedSources=0 ReplacedGeneration=0 ReplacedOutstanding=0
CORE C1_BIND ElapsedMs=41082.816 Event=COMBAT_MOVE_CANDIDATE_BOUND Actor=PC_Hero Generation=9 Status=CANDIDATE Outstanding=0 Source=<null> Script=_AI_Stumble
CORE C1_STATUS ElapsedMs=41082.866 Event=PERSISTED Actor=PC_Hero Generation=9 Status=PERSISTED Outstanding=0
CORE RAW55_QUICK_CALLBACK_BOUNDARY Actor=BlackTroll C1=8 SameC1=1 Action=5->5 Phase=1->1 StateTime=0.743716->0.743716 StatePosition=1->1 MotionBefore=Troll_Stand_Fist_Fist_P0_QuickAttackL_Hit_N_Fwd_00_%_00_P0_100.xmot MotionAfter=Troll_Stand_Fist_Fist_P0_QuickAttackL_Hit_N_Fwd_00_%_00_P0_100.xmot Right=TrollFist RightUseType=55 RightGroup=7->7 NativeResult=1 OBSERVE_NATIVE=1
CORE RAW55_QUICK_CALLBACK_BOUNDARY Actor=BlackTroll C1=8 SameC1=1 Action=5->5 Phase=1->1 StateTime=0.754657->0.754657 StatePosition=1->1 MotionBefore=Troll_Stand_Fist_Fist_P0_QuickAttackL_Hit_N_Fwd_00_%_00_P0_100.xmot MotionAfter=Troll_Stand_Fist_Fist_P0_QuickAttackL_Hit_N_Fwd_00_%_00_P0_100.xmot Right=TrollFist RightUseType=55 RightGroup=7->7 NativeResult=1 OBSERVE_NATIVE=1
CORE RAW55_QUICK_CALLBACK_BOUNDARY Actor=BlackTroll C1=8 SameC1=1 Action=5->5 Phase=1->1 StateTime=0.765656->0.765656 StatePosition=1->1 MotionBefore=Troll_Stand_Fist_Fist_P0_QuickAttackL_Hit_N_Fwd_00_%_00_P0_100.xmot MotionAfter=Troll_Stand_Fist_Fist_P0_QuickAttackL_Hit_N_Fwd_00_%_00_P0_100.xmot Right=TrollFist RightUseType=55 RightGroup=7->7 NativeResult=1 OBSERVE_NATIVE=1
CORE RAW55_QUICK_CALLBACK_BOUNDARY Actor=BlackTroll C1=8 SameC1=1 Action=5->5 Phase=1->1 StateTime=0.773990->0.773990 StatePosition=1->1 MotionBefore=Troll_Stand_Fist_Fist_P0_QuickAttackL_Hit_N_Fwd_00_%_00_P0_100.xmot MotionAfter=Troll_Stand_Fist_Fist_P0_QuickAttackL_Hit_N_Fwd_00_%_00_P0_100.xmot Right=TrollFist RightUseType=55 RightGroup=7->7 NativeResult=1 OBSERVE_NATIVE=1
CORE RAW55_QUICK_CALLBACK_BOUNDARY Actor=BlackTroll C1=8 SameC1=1 Action=5->5 Phase=1->1 StateTime=0.782323->0.782323 StatePosition=1->1 MotionBefore=Troll_Stand_Fist_Fist_P0_QuickAttackL_Hit_N_Fwd_00_%_00_P0_100.xmot MotionAfter=Troll_Stand_Fist_Fist_P0_QuickAttackL_Hit_N_Fwd_00_%_00_P0_100.xmot Right=TrollFist RightUseType=55 RightGroup=7->7 NativeResult=1 OBSERVE_NATIVE=1
CORE RAW55_QUICK_CALLBACK_BOUNDARY Actor=BlackTroll C1=8 SameC1=1 Action=5->5 Phase=1->1 StateTime=0.790656->0.790656 StatePosition=1->1 MotionBefore=Troll_Stand_Fist_Fist_P0_QuickAttackL_Hit_N_Fwd_00_%_00_P0_100.xmot MotionAfter=Troll_Stand_Fist_Fist_P0_QuickAttackL_Hit_N_Fwd_00_%_00_P0_100.xmot Right=TrollFist RightUseType=55 RightGroup=7->7 NativeResult=1 OBSERVE_NATIVE=1
CORE RAW55_QUICK_CALLBACK_BOUNDARY Actor=BlackTroll C1=8 SameC1=1 Action=5->5 Phase=1->1 StateTime=0.798990->0.798990 StatePosition=1->1 MotionBefore=Troll_Stand_Fist_Fist_P0_QuickAttackL_Hit_N_Fwd_00_%_00_P0_100.xmot MotionAfter=Troll_Stand_Fist_Fist_P0_QuickAttackL_Hit_N_Fwd_00_%_00_P0_100.xmot Right=TrollFist RightUseType=55 RightGroup=7->7 NativeResult=1 OBSERVE_NATIVE=1
CORE COLLISION_GROUP ElapsedMs=41147.010 Source=TrollFist UseType=55 Owner=BlackTroll Slot=RIGHT Requested=5 Before=7 After=5 MarkerBitsRetired=0
CORE C1 CLEANUP FULFILLED ElapsedMs=41147.037 Actor=BlackTroll Generation=8 Status=PERSISTED Source=TrollFist Side=RIGHT Requests=1 Outstanding=0 CleanupObserved=1 Group=5
CORE C1_FINAL ElapsedMs=41240.207 Actor=BlackTroll Generation=8 Status=PERSISTED SourceCount=2 PhysicalChanged=0 Source[0]=TrollFist Side=RIGHT Outstanding=0 Cleanup=1 Outcome=NO_OP_NO_OUTSTANDING Source[1]=TrollFist Side=LEFT Outstanding=0 Cleanup=0 Outcome=NO_OP_NO_OUTSTANDING
CORE C1_FINAL ElapsedMs=41371.018 Actor=PC_Hero Generation=9 Status=PERSISTED SourceCount=0 PhysicalChanged=0
CORE C1_START ElapsedMs=42458.674 Actor=BlackTroll Generation=10 Status=CANDIDATE Outstanding=0 TrackedSources=2 ReplacedGeneration=0 ReplacedOutstanding=0 Source[0]=TrollFist Side=RIGHT Group=5 Source[1]=TrollFist Side=LEFT Group=5
CORE C1_BIND ElapsedMs=42458.687 Event=COMBAT_MOVE_CANDIDATE_BOUND Actor=BlackTroll Generation=10 Status=CANDIDATE Outstanding=0 Source=<null> Script=_AI_QuickAttack
CORE C1_STATUS ElapsedMs=42458.750 Event=PERSISTED Actor=BlackTroll Generation=10 Status=PERSISTED Outstanding=0
CORE ATTACK_OWNERSHIP ElapsedMs=42458.767 Actor=BlackTroll Family=QUICK Action=4 Phase=1 Motion=Troll_Stand_Fist_Fist_P0_QuickAttackR_Hit_N_Fwd_00_%_00_P0_100.xmot MarkerPresent=1 RequiredMask=0 FistMarkers=1 Raw8Fist=<none> Raw8UseType=-1 SuppressNative=0 Classification=CONTRADICTION
===== CORE ATTACK OWNERSHIP ANOMALY =====
MatchingMotionFound: 1
MarkerScanValid: 1
RequiredSourcesAvailable: 1
RightSourceSlot: RIGHT
RightSourceName: TrollFist
RightSourceUseType: 55
RightSourceCollisionGroup: 5
LeftSourceSlot: LEFT
LeftSourceName: TrollFist
LeftSourceUseType: 55
LeftSourceCollisionGroup: 5
Raw8FistSourceName: <none>
Raw8FistSourceUseType: -1
Raw8FistSourceCollisionGroup: -1
=========================================

CORE RAW55_QUICK_CALLBACK_BOUNDARY Actor=BlackTroll C1=10 SameC1=1 Action=4->4 Phase=1->1 StateTime=0.000000->0.000000 StatePosition=0->0 MotionBefore=Troll_Stand_Fist_Fist_P0_QuickAttackR_Hit_N_Fwd_00_%_00_P0_100.xmot MotionAfter=Troll_Stand_Fist_Fist_P0_QuickAttackR_Hit_N_Fwd_00_%_00_P0_100.xmot Right=TrollFist RightUseType=55 RightGroup=5->5 NativeResult=1 OBSERVE_NATIVE=1
CORE RAW55_QUICK_CALLBACK_BOUNDARY Actor=BlackTroll C1=10 SameC1=1 Action=4->4 Phase=1->1 StateTime=0.008333->0.008333 StatePosition=0->0 MotionBefore=Troll_Stand_Fist_Fist_P0_QuickAttackR_Hit_N_Fwd_00_%_00_P0_100.xmot MotionAfter=Troll_Stand_Fist_Fist_P0_QuickAttackR_Hit_N_Fwd_00_%_00_P0_100.xmot Right=TrollFist RightUseType=55 RightGroup=5->5 NativeResult=1 OBSERVE_NATIVE=1
CORE RAW55_QUICK_CALLBACK_BOUNDARY Actor=BlackTroll C1=10 SameC1=1 Action=4->4 Phase=1->1 StateTime=0.018275->0.018275 StatePosition=0->0 MotionBefore=Troll_Stand_Fist_Fist_P0_QuickAttackR_Hit_N_Fwd_00_%_00_P0_100.xmot MotionAfter=Troll_Stand_Fist_Fist_P0_QuickAttackR_Hit_N_Fwd_00_%_00_P0_100.xmot Right=TrollFist RightUseType=55 RightGroup=5->5 NativeResult=1 OBSERVE_NATIVE=1
CORE RAW55_QUICK_CALLBACK_BOUNDARY Actor=BlackTroll C1=10 SameC1=1 Action=4->4 Phase=1->1 StateTime=0.026608->0.026608 StatePosition=0->0 MotionBefore=Troll_Stand_Fist_Fist_P0_QuickAttackR_Hit_N_Fwd_00_%_00_P0_100.xmot MotionAfter=Troll_Stand_Fist_Fist_P0_QuickAttackR_Hit_N_Fwd_00_%_00_P0_100.xmot Right=TrollFist RightUseType=55 RightGroup=5->5 NativeResult=1 OBSERVE_NATIVE=1
CORE RAW55_QUICK_CALLBACK_BOUNDARY Actor=BlackTroll C1=10 SameC1=1 Action=4->4 Phase=1->1 StateTime=0.034941->0.034941 StatePosition=0->0 MotionBefore=Troll_Stand_Fist_Fist_P0_QuickAttackR_Hit_N_Fwd_00_%_00_P0_100.xmot MotionAfter=Troll_Stand_Fist_Fist_P0_QuickAttackR_Hit_N_Fwd_00_%_00_P0_100.xmot Right=TrollFist RightUseType=55 RightGroup=5->5 NativeResult=1 OBSERVE_NATIVE=1
CORE RAW55_QUICK_CALLBACK_BOUNDARY Actor=BlackTroll C1=10 SameC1=1 Action=4->4 Phase=1->1 StateTime=0.043275->0.043275 StatePosition=0->0 MotionBefore=Troll_Stand_Fist_Fist_P0_QuickAttackR_Hit_N_Fwd_00_%_00_P0_100.xmot MotionAfter=Troll_Stand_Fist_Fist_P0_QuickAttackR_Hit_N_Fwd_00_%_00_P0_100.xmot Right=TrollFist RightUseType=55 RightGroup=5->5 NativeResult=1 OBSERVE_NATIVE=1
CORE RAW55_QUICK_CALLBACK_BOUNDARY Actor=BlackTroll C1=10 SameC1=1 Action=4->4 Phase=1->1 StateTime=0.051608->0.051608 StatePosition=0->0 MotionBefore=Troll_Stand_Fist_Fist_P0_QuickAttackR_Hit_N_Fwd_00_%_00_P0_100.xmot MotionAfter=Troll_Stand_Fist_Fist_P0_QuickAttackR_Hit_N_Fwd_00_%_00_P0_100.xmot Right=TrollFist RightUseType=55 RightGroup=5->5 NativeResult=1 OBSERVE_NATIVE=1
CORE RAW55_QUICK_CALLBACK_BOUNDARY Actor=BlackTroll C1=10 SameC1=1 Action=4->4 Phase=1->1 StateTime=0.060579->0.060579 StatePosition=0->0 MotionBefore=Troll_Stand_Fist_Fist_P0_QuickAttackR_Hit_N_Fwd_00_%_00_P0_100.xmot MotionAfter=Troll_Stand_Fist_Fist_P0_QuickAttackR_Hit_N_Fwd_00_%_00_P0_100.xmot Right=TrollFist RightUseType=55 RightGroup=5->5 NativeResult=1 OBSERVE_NATIVE=1
CORE RAW55_QUICK_CALLBACK_BOUNDARY Actor=BlackTroll C1=10 SameC1=1 Action=4->4 Phase=1->1 StateTime=0.068912->0.068912 StatePosition=0->0 MotionBefore=Troll_Stand_Fist_Fist_P0_QuickAttackR_Hit_N_Fwd_00_%_00_P0_100.xmot MotionAfter=Troll_Stand_Fist_Fist_P0_QuickAttackR_Hit_N_Fwd_00_%_00_P0_100.xmot Right=TrollFist RightUseType=55 RightGroup=5->5 NativeResult=1 OBSERVE_NATIVE=1
CORE RAW55_QUICK_CALLBACK_BOUNDARY Actor=BlackTroll C1=10 SameC1=1 Action=4->4 Phase=1->1 StateTime=0.077883->0.077883 StatePosition=0->0 MotionBefore=Troll_Stand_Fist_Fist_P0_QuickAttackR_Hit_N_Fwd_00_%_00_P0_100.xmot MotionAfter=Troll_Stand_Fist_Fist_P0_QuickAttackR_Hit_N_Fwd_00_%_00_P0_100.xmot Right=TrollFist RightUseType=55 RightGroup=5->5 NativeResult=1 OBSERVE_NATIVE=1
CORE RAW55_QUICK_CALLBACK_BOUNDARY Actor=BlackTroll C1=10 SameC1=1 Action=4->4 Phase=1->1 StateTime=0.086216->0.086216 StatePosition=0->0 MotionBefore=Troll_Stand_Fist_Fist_P0_QuickAttackR_Hit_N_Fwd_00_%_00_P0_100.xmot MotionAfter=Troll_Stand_Fist_Fist_P0_QuickAttackR_Hit_N_Fwd_00_%_00_P0_100.xmot Right=TrollFist RightUseType=55 RightGroup=5->5 NativeResult=1 OBSERVE_NATIVE=1
CORE RAW55_QUICK_CALLBACK_BOUNDARY Actor=BlackTroll C1=10 SameC1=1 Action=4->4 Phase=1->1 StateTime=0.095187->0.095187 StatePosition=0->0 MotionBefore=Troll_Stand_Fist_Fist_P0_QuickAttackR_Hit_N_Fwd_00_%_00_P0_100.xmot MotionAfter=Troll_Stand_Fist_Fist_P0_QuickAttackR_Hit_N_Fwd_00_%_00_P0_100.xmot Right=TrollFist RightUseType=55 RightGroup=5->5 NativeResult=1 OBSERVE_NATIVE=1
CORE RAW55_QUICK_GROUP_SUPPRESSION Actor=BlackTroll C1=10 Right=TrollFist RightUseType=55 RequestedGroup=7 BeforeGroup=5 StatePosition=0 StateTime=0.103521 SUPPRESS_GROUP=1
CORE RAW55_QUICK_CALLBACK_BOUNDARY Actor=BlackTroll C1=10 SameC1=1 Action=4->4 Phase=1->1 StateTime=0.103521->0.103521 StatePosition=0->1 MotionBefore=Troll_Stand_Fist_Fist_P0_QuickAttackR_Hit_N_Fwd_00_%_00_P0_100.xmot MotionAfter=Troll_Stand_Fist_Fist_P0_QuickAttackR_Hit_N_Fwd_00_%_00_P0_100.xmot Right=TrollFist RightUseType=55 RightGroup=5->5 NativeResult=1 OBSERVE_NATIVE=1
CORE RAW55_QUICK_CALLBACK_BOUNDARY Actor=BlackTroll C1=10 SameC1=1 Action=4->4 Phase=1->1 StateTime=0.111854->0.111854 StatePosition=1->1 MotionBefore=Troll_Stand_Fist_Fist_P0_QuickAttackR_Hit_N_Fwd_00_%_00_P0_100.xmot MotionAfter=Troll_Stand_Fist_Fist_P0_QuickAttackR_Hit_N_Fwd_00_%_00_P0_100.xmot Right=TrollFist RightUseType=55 RightGroup=5->5 NativeResult=1 OBSERVE_NATIVE=1
CORE RAW55_QUICK_CALLBACK_BOUNDARY Actor=BlackTroll C1=10 SameC1=1 Action=4->4 Phase=1->1 StateTime=0.120187->0.120187 StatePosition=1->1 MotionBefore=Troll_Stand_Fist_Fist_P0_QuickAttackR_Hit_N_Fwd_00_%_00_P0_100.xmot MotionAfter=Troll_Stand_Fist_Fist_P0_QuickAttackR_Hit_N_Fwd_00_%_00_P0_100.xmot Right=TrollFist RightUseType=55 RightGroup=5->5 NativeResult=1 OBSERVE_NATIVE=1
CORE RAW55_QUICK_CALLBACK_BOUNDARY Actor=BlackTroll C1=10 SameC1=1 Action=4->4 Phase=1->1 StateTime=0.129158->0.129158 StatePosition=1->1 MotionBefore=Troll_Stand_Fist_Fist_P0_QuickAttackR_Hit_N_Fwd_00_%_00_P0_100.xmot MotionAfter=Troll_Stand_Fist_Fist_P0_QuickAttackR_Hit_N_Fwd_00_%_00_P0_100.xmot Right=TrollFist RightUseType=55 RightGroup=5->5 NativeResult=1 OBSERVE_NATIVE=1
CORE RAW55_QUICK_CALLBACK_BOUNDARY Actor=BlackTroll C1=10 SameC1=1 Action=4->4 Phase=1->1 StateTime=0.137491->0.137491 StatePosition=1->1 MotionBefore=Troll_Stand_Fist_Fist_P0_QuickAttackR_Hit_N_Fwd_00_%_00_P0_100.xmot MotionAfter=Troll_Stand_Fist_Fist_P0_QuickAttackR_Hit_N_Fwd_00_%_00_P0_100.xmot Right=TrollFist RightUseType=55 RightGroup=5->5 NativeResult=1 OBSERVE_NATIVE=1
CORE RAW55_QUICK_CALLBACK_BOUNDARY Actor=BlackTroll C1=10 SameC1=1 Action=4->4 Phase=1->1 StateTime=0.146462->0.146462 StatePosition=1->1 MotionBefore=Troll_Stand_Fist_Fist_P0_QuickAttackR_Hit_N_Fwd_00_%_00_P0_100.xmot MotionAfter=Troll_Stand_Fist_Fist_P0_QuickAttackR_Hit_N_Fwd_00_%_00_P0_100.xmot Right=TrollFist RightUseType=55 RightGroup=5->5 NativeResult=1 OBSERVE_NATIVE=1
CORE RAW55_QUICK_CALLBACK_BOUNDARY Actor=BlackTroll C1=10 SameC1=1 Action=4->4 Phase=1->1 StateTime=0.154795->0.154795 StatePosition=1->1 MotionBefore=Troll_Stand_Fist_Fist_P0_QuickAttackR_Hit_N_Fwd_00_%_00_P0_100.xmot MotionAfter=Troll_Stand_Fist_Fist_P0_QuickAttackR_Hit_N_Fwd_00_%_00_P0_100.xmot Right=TrollFist RightUseType=55 RightGroup=5->5 NativeResult=1 OBSERVE_NATIVE=1
CORE RAW55_QUICK_CALLBACK_BOUNDARY Actor=BlackTroll C1=10 SameC1=1 Action=4->4 Phase=1->1 StateTime=0.163129->0.163129 StatePosition=1->1 MotionBefore=Troll_Stand_Fist_Fist_P0_QuickAttackR_Hit_N_Fwd_00_%_00_P0_100.xmot MotionAfter=Troll_Stand_Fist_Fist_P0_QuickAttackR_Hit_N_Fwd_00_%_00_P0_100.xmot Right=TrollFist RightUseType=55 RightGroup=5->5 NativeResult=1 OBSERVE_NATIVE=1
CORE RAW55_QUICK_CALLBACK_BOUNDARY Actor=BlackTroll C1=10 SameC1=1 Action=4->4 Phase=1->1 StateTime=0.171462->0.171462 StatePosition=1->1 MotionBefore=Troll_Stand_Fist_Fist_P0_QuickAttackR_Hit_N_Fwd_00_%_00_P0_100.xmot MotionAfter=Troll_Stand_Fist_Fist_P0_QuickAttackR_Hit_N_Fwd_00_%_00_P0_100.xmot Right=TrollFist RightUseType=55 RightGroup=5->5 NativeResult=1 OBSERVE_NATIVE=1
CORE RAW55_QUICK_CALLBACK_BOUNDARY Actor=BlackTroll C1=10 SameC1=1 Action=4->4 Phase=1->1 StateTime=0.179795->0.179795 StatePosition=1->1 MotionBefore=Troll_Stand_Fist_Fist_P0_QuickAttackR_Hit_N_Fwd_00_%_00_P0_100.xmot MotionAfter=Troll_Stand_Fist_Fist_P0_QuickAttackR_Hit_N_Fwd_00_%_00_P0_100.xmot Right=TrollFist RightUseType=55 RightGroup=5->5 NativeResult=1 OBSERVE_NATIVE=1
CORE RAW55_QUICK_CALLBACK_BOUNDARY Actor=BlackTroll C1=10 SameC1=1 Action=4->4 Phase=1->1 StateTime=0.188766->0.188766 StatePosition=1->1 MotionBefore=Troll_Stand_Fist_Fist_P0_QuickAttackR_Hit_N_Fwd_00_%_00_P0_100.xmot MotionAfter=Troll_Stand_Fist_Fist_P0_QuickAttackR_Hit_N_Fwd_00_%_00_P0_100.xmot Right=TrollFist RightUseType=55 RightGroup=5->5 NativeResult=1 OBSERVE_NATIVE=1
CORE RAW55_QUICK_CALLBACK_BOUNDARY Actor=BlackTroll C1=10 SameC1=1 Action=4->4 Phase=1->1 StateTime=0.197099->0.197099 StatePosition=1->1 MotionBefore=Troll_Stand_Fist_Fist_P0_QuickAttackR_Hit_N_Fwd_00_%_00_P0_100.xmot MotionAfter=Troll_Stand_Fist_Fist_P0_QuickAttackR_Hit_N_Fwd_00_%_00_P0_100.xmot Right=TrollFist RightUseType=55 RightGroup=5->5 NativeResult=1 OBSERVE_NATIVE=1
CORE RAW55_QUICK_CALLBACK_BOUNDARY Actor=BlackTroll C1=10 SameC1=1 Action=4->4 Phase=1->1 StateTime=0.206070->0.206070 StatePosition=1->1 MotionBefore=Troll_Stand_Fist_Fist_P0_QuickAttackR_Hit_N_Fwd_00_%_00_P0_100.xmot MotionAfter=Troll_Stand_Fist_Fist_P0_QuickAttackR_Hit_N_Fwd_00_%_00_P0_100.xmot Right=TrollFist RightUseType=55 RightGroup=5->5 NativeResult=1 OBSERVE_NATIVE=1
CORE RAW55_QUICK_CALLBACK_BOUNDARY Actor=BlackTroll C1=10 SameC1=1 Action=4->4 Phase=1->1 StateTime=0.214403->0.214403 StatePosition=1->1 MotionBefore=Troll_Stand_Fist_Fist_P0_QuickAttackR_Hit_N_Fwd_00_%_00_P0_100.xmot MotionAfter=Troll_Stand_Fist_Fist_P0_QuickAttackR_Hit_N_Fwd_00_%_00_P0_100.xmot Right=TrollFist RightUseType=55 RightGroup=5->5 NativeResult=1 OBSERVE_NATIVE=1
CORE RAW55_QUICK_CALLBACK_BOUNDARY Actor=BlackTroll C1=10 SameC1=1 Action=4->4 Phase=1->1 StateTime=0.223374->0.223374 StatePosition=1->1 MotionBefore=Troll_Stand_Fist_Fist_P0_QuickAttackR_Hit_N_Fwd_00_%_00_P0_100.xmot MotionAfter=Troll_Stand_Fist_Fist_P0_QuickAttackR_Hit_N_Fwd_00_%_00_P0_100.xmot Right=TrollFist RightUseType=55 RightGroup=5->5 NativeResult=1 OBSERVE_NATIVE=1
CORE RAW55_QUICK_CALLBACK_BOUNDARY Actor=BlackTroll C1=10 SameC1=1 Action=4->4 Phase=1->1 StateTime=0.231708->0.231708 StatePosition=1->1 MotionBefore=Troll_Stand_Fist_Fist_P0_QuickAttackR_Hit_N_Fwd_00_%_00_P0_100.xmot MotionAfter=Troll_Stand_Fist_Fist_P0_QuickAttackR_Hit_N_Fwd_00_%_00_P0_100.xmot Right=TrollFist RightUseType=55 RightGroup=5->5 NativeResult=1 OBSERVE_NATIVE=1
CORE RAW55_QUICK_CALLBACK_BOUNDARY Actor=BlackTroll C1=10 SameC1=1 Action=4->4 Phase=1->1 StateTime=0.241664->0.241664 StatePosition=1->1 MotionBefore=Troll_Stand_Fist_Fist_P0_QuickAttackR_Hit_N_Fwd_00_%_00_P0_100.xmot MotionAfter=Troll_Stand_Fist_Fist_P0_QuickAttackR_Hit_N_Fwd_00_%_00_P0_100.xmot Right=TrollFist RightUseType=55 RightGroup=5->5 NativeResult=1 OBSERVE_NATIVE=1
CORE RAW55_QUICK_CALLBACK_BOUNDARY Actor=BlackTroll C1=10 SameC1=1 Action=4->4 Phase=1->1 StateTime=0.249997->0.249997 StatePosition=1->1 MotionBefore=Troll_Stand_Fist_Fist_P0_QuickAttackR_Hit_N_Fwd_00_%_00_P0_100.xmot MotionAfter=Troll_Stand_Fist_Fist_P0_QuickAttackR_Hit_N_Fwd_00_%_00_P0_100.xmot Right=TrollFist RightUseType=55 RightGroup=5->5 NativeResult=1 OBSERVE_NATIVE=1
CORE RAW55_QUICK_CALLBACK_BOUNDARY Actor=BlackTroll C1=10 SameC1=1 Action=4->4 Phase=1->1 StateTime=0.259939->0.259939 StatePosition=1->1 MotionBefore=Troll_Stand_Fist_Fist_P0_QuickAttackR_Hit_N_Fwd_00_%_00_P0_100.xmot MotionAfter=Troll_Stand_Fist_Fist_P0_QuickAttackR_Hit_N_Fwd_00_%_00_P0_100.xmot Right=TrollFist RightUseType=55 RightGroup=5->5 NativeResult=1 OBSERVE_NATIVE=1
CORE RAW55_QUICK_CALLBACK_BOUNDARY Actor=BlackTroll C1=10 SameC1=1 Action=4->4 Phase=1->1 StateTime=0.268272->0.268272 StatePosition=1->1 MotionBefore=Troll_Stand_Fist_Fist_P0_QuickAttackR_Hit_N_Fwd_00_%_00_P0_100.xmot MotionAfter=Troll_Stand_Fist_Fist_P0_QuickAttackR_Hit_N_Fwd_00_%_00_P0_100.xmot Right=TrollFist RightUseType=55 RightGroup=5->5 NativeResult=1 OBSERVE_NATIVE=1
CORE RAW55_QUICK_CALLBACK_BOUNDARY Actor=BlackTroll C1=10 SameC1=1 Action=4->4 Phase=1->1 StateTime=0.277243->0.277243 StatePosition=1->1 MotionBefore=Troll_Stand_Fist_Fist_P0_QuickAttackR_Hit_N_Fwd_00_%_00_P0_100.xmot MotionAfter=Troll_Stand_Fist_Fist_P0_QuickAttackR_Hit_N_Fwd_00_%_00_P0_100.xmot Right=TrollFist RightUseType=55 RightGroup=5->5 NativeResult=1 OBSERVE_NATIVE=1
CORE RAW55_QUICK_CALLBACK_BOUNDARY Actor=BlackTroll C1=10 SameC1=1 Action=4->4 Phase=1->1 StateTime=0.285576->0.285576 StatePosition=1->1 MotionBefore=Troll_Stand_Fist_Fist_P0_QuickAttackR_Hit_N_Fwd_00_%_00_P0_100.xmot MotionAfter=Troll_Stand_Fist_Fist_P0_QuickAttackR_Hit_N_Fwd_00_%_00_P0_100.xmot Right=TrollFist RightUseType=55 RightGroup=5->5 NativeResult=1 OBSERVE_NATIVE=1
CORE RAW55_QUICK_CALLBACK_BOUNDARY Actor=BlackTroll C1=10 SameC1=1 Action=4->4 Phase=1->1 StateTime=0.293910->0.293910 StatePosition=1->1 MotionBefore=Troll_Stand_Fist_Fist_P0_QuickAttackR_Hit_N_Fwd_00_%_00_P0_100.xmot MotionAfter=Troll_Stand_Fist_Fist_P0_QuickAttackR_Hit_N_Fwd_00_%_00_P0_100.xmot Right=TrollFist RightUseType=55 RightGroup=5->5 NativeResult=1 OBSERVE_NATIVE=1
CORE RAW55_QUICK_CALLBACK_BOUNDARY Actor=BlackTroll C1=10 SameC1=1 Action=4->4 Phase=1->1 StateTime=0.302243->0.302243 StatePosition=1->1 MotionBefore=Troll_Stand_Fist_Fist_P0_QuickAttackR_Hit_N_Fwd_00_%_00_P0_100.xmot MotionAfter=Troll_Stand_Fist_Fist_P0_QuickAttackR_Hit_N_Fwd_00_%_00_P0_100.xmot Right=TrollFist RightUseType=55 RightGroup=5->5 NativeResult=1 OBSERVE_NATIVE=1
CORE RAW55_QUICK_CALLBACK_BOUNDARY Actor=BlackTroll C1=10 SameC1=1 Action=4->4 Phase=1->1 StateTime=0.310576->0.310576 StatePosition=1->1 MotionBefore=Troll_Stand_Fist_Fist_P0_QuickAttackR_Hit_N_Fwd_00_%_00_P0_100.xmot MotionAfter=Troll_Stand_Fist_Fist_P0_QuickAttackR_Hit_N_Fwd_00_%_00_P0_100.xmot Right=TrollFist RightUseType=55 RightGroup=5->5 NativeResult=1 OBSERVE_NATIVE=1
CORE RAW55_QUICK_CALLBACK_BOUNDARY Actor=BlackTroll C1=10 SameC1=1 Action=4->4 Phase=1->1 StateTime=0.319547->0.319547 StatePosition=1->1 MotionBefore=Troll_Stand_Fist_Fist_P0_QuickAttackR_Hit_N_Fwd_00_%_00_P0_100.xmot MotionAfter=Troll_Stand_Fist_Fist_P0_QuickAttackR_Hit_N_Fwd_00_%_00_P0_100.xmot Right=TrollFist RightUseType=55 RightGroup=5->5 NativeResult=1 OBSERVE_NATIVE=1
CORE RAW55_QUICK_CALLBACK_BOUNDARY Actor=BlackTroll C1=10 SameC1=1 Action=4->4 Phase=1->1 StateTime=0.327880->0.327880 StatePosition=1->1 MotionBefore=Troll_Stand_Fist_Fist_P0_QuickAttackR_Hit_N_Fwd_00_%_00_P0_100.xmot MotionAfter=Troll_Stand_Fist_Fist_P0_QuickAttackR_Hit_N_Fwd_00_%_00_P0_100.xmot Right=TrollFist RightUseType=55 RightGroup=5->5 NativeResult=1 OBSERVE_NATIVE=1
CORE RAW55_QUICK_CALLBACK_BOUNDARY Actor=BlackTroll C1=10 SameC1=1 Action=4->4 Phase=1->1 StateTime=0.336214->0.336214 StatePosition=1->1 MotionBefore=Troll_Stand_Fist_Fist_P0_QuickAttackR_Hit_N_Fwd_00_%_00_P0_100.xmot MotionAfter=Troll_Stand_Fist_Fist_P0_QuickAttackR_Hit_N_Fwd_00_%_00_P0_100.xmot Right=TrollFist RightUseType=55 RightGroup=5->5 NativeResult=1 OBSERVE_NATIVE=1
CORE RAW55_QUICK_CALLBACK_BOUNDARY Actor=BlackTroll C1=10 SameC1=1 Action=4->4 Phase=1->1 StateTime=0.344547->0.344547 StatePosition=1->1 MotionBefore=Troll_Stand_Fist_Fist_P0_QuickAttackR_Hit_N_Fwd_00_%_00_P0_100.xmot MotionAfter=Troll_Stand_Fist_Fist_P0_QuickAttackR_Hit_N_Fwd_00_%_00_P0_100.xmot Right=TrollFist RightUseType=55 RightGroup=5->5 NativeResult=1 OBSERVE_NATIVE=1
CORE RAW55_QUICK_CALLBACK_BOUNDARY Actor=BlackTroll C1=10 SameC1=1 Action=4->4 Phase=1->1 StateTime=0.352880->0.352880 StatePosition=1->1 MotionBefore=Troll_Stand_Fist_Fist_P0_QuickAttackR_Hit_N_Fwd_00_%_00_P0_100.xmot MotionAfter=Troll_Stand_Fist_Fist_P0_QuickAttackR_Hit_N_Fwd_00_%_00_P0_100.xmot Right=TrollFist RightUseType=55 RightGroup=5->5 NativeResult=1 OBSERVE_NATIVE=1
CORE RAW55_QUICK_CALLBACK_BOUNDARY Actor=BlackTroll C1=10 SameC1=1 Action=4->4 Phase=1->1 StateTime=0.361214->0.361214 StatePosition=1->1 MotionBefore=Troll_Stand_Fist_Fist_P0_QuickAttackR_Hit_N_Fwd_00_%_00_P0_100.xmot MotionAfter=Troll_Stand_Fist_Fist_P0_QuickAttackR_Hit_N_Fwd_00_%_00_P0_100.xmot Right=TrollFist RightUseType=55 RightGroup=5->5 NativeResult=1 OBSERVE_NATIVE=1
CORE RAW55_QUICK_CALLBACK_BOUNDARY Actor=BlackTroll C1=10 SameC1=1 Action=4->4 Phase=1->1 StateTime=0.369547->0.369547 StatePosition=1->1 MotionBefore=Troll_Stand_Fist_Fist_P0_QuickAttackR_Hit_N_Fwd_00_%_00_P0_100.xmot MotionAfter=Troll_Stand_Fist_Fist_P0_QuickAttackR_Hit_N_Fwd_00_%_00_P0_100.xmot Right=TrollFist RightUseType=55 RightGroup=5->5 NativeResult=1 OBSERVE_NATIVE=1
CORE RAW55_QUICK_CALLBACK_BOUNDARY Actor=BlackTroll C1=10 SameC1=1 Action=4->4 Phase=1->1 StateTime=0.378518->0.378518 StatePosition=1->1 MotionBefore=Troll_Stand_Fist_Fist_P0_QuickAttackR_Hit_N_Fwd_00_%_00_P0_100.xmot MotionAfter=Troll_Stand_Fist_Fist_P0_QuickAttackR_Hit_N_Fwd_00_%_00_P0_100.xmot Right=TrollFist RightUseType=55 RightGroup=5->5 NativeResult=1 OBSERVE_NATIVE=1
CORE RAW55_QUICK_CALLBACK_BOUNDARY Actor=BlackTroll C1=10 SameC1=1 Action=4->4 Phase=1->1 StateTime=0.386851->0.386851 StatePosition=1->1 MotionBefore=Troll_Stand_Fist_Fist_P0_QuickAttackR_Hit_N_Fwd_00_%_00_P0_100.xmot MotionAfter=Troll_Stand_Fist_Fist_P0_QuickAttackR_Hit_N_Fwd_00_%_00_P0_100.xmot Right=TrollFist RightUseType=55 RightGroup=5->5 NativeResult=1 OBSERVE_NATIVE=1
CORE RAW55_QUICK_CALLBACK_BOUNDARY Actor=BlackTroll C1=10 SameC1=1 Action=4->4 Phase=1->1 StateTime=0.395184->0.395184 StatePosition=1->1 MotionBefore=Troll_Stand_Fist_Fist_P0_QuickAttackR_Hit_N_Fwd_00_%_00_P0_100.xmot MotionAfter=Troll_Stand_Fist_Fist_P0_QuickAttackR_Hit_N_Fwd_00_%_00_P0_100.xmot Right=TrollFist RightUseType=55 RightGroup=5->5 NativeResult=1 OBSERVE_NATIVE=1
CORE RAW55_QUICK_CALLBACK_BOUNDARY Actor=BlackTroll C1=10 SameC1=1 Action=4->4 Phase=1->1 StateTime=0.403518->0.403518 StatePosition=1->1 MotionBefore=Troll_Stand_Fist_Fist_P0_QuickAttackR_Hit_N_Fwd_00_%_00_P0_100.xmot MotionAfter=Troll_Stand_Fist_Fist_P0_QuickAttackR_Hit_N_Fwd_00_%_00_P0_100.xmot Right=TrollFist RightUseType=55 RightGroup=5->5 NativeResult=1 OBSERVE_NATIVE=1
CORE RAW55_QUICK_CALLBACK_BOUNDARY Actor=BlackTroll C1=10 SameC1=1 Action=4->4 Phase=1->1 StateTime=0.411851->0.411851 StatePosition=1->1 MotionBefore=Troll_Stand_Fist_Fist_P0_QuickAttackR_Hit_N_Fwd_00_%_00_P0_100.xmot MotionAfter=Troll_Stand_Fist_Fist_P0_QuickAttackR_Hit_N_Fwd_00_%_00_P0_100.xmot Right=TrollFist RightUseType=55 RightGroup=5->5 NativeResult=1 OBSERVE_NATIVE=1
CORE RAW55_QUICK_CALLBACK_BOUNDARY Actor=BlackTroll C1=10 SameC1=1 Action=4->4 Phase=1->1 StateTime=0.420185->0.420185 StatePosition=1->1 MotionBefore=Troll_Stand_Fist_Fist_P0_QuickAttackR_Hit_N_Fwd_00_%_00_P0_100.xmot MotionAfter=Troll_Stand_Fist_Fist_P0_QuickAttackR_Hit_N_Fwd_00_%_00_P0_100.xmot Right=TrollFist RightUseType=55 RightGroup=5->5 NativeResult=1 OBSERVE_NATIVE=1
CORE RAW55_QUICK_CALLBACK_BOUNDARY Actor=BlackTroll C1=10 SameC1=1 Action=4->4 Phase=1->1 StateTime=0.428518->0.428518 StatePosition=1->1 MotionBefore=Troll_Stand_Fist_Fist_P0_QuickAttackR_Hit_N_Fwd_00_%_00_P0_100.xmot MotionAfter=Troll_Stand_Fist_Fist_P0_QuickAttackR_Hit_N_Fwd_00_%_00_P0_100.xmot Right=TrollFist RightUseType=55 RightGroup=5->5 NativeResult=1 OBSERVE_NATIVE=1
CORE RAW55_QUICK_CALLBACK_BOUNDARY Actor=BlackTroll C1=10 SameC1=1 Action=4->4 Phase=1->1 StateTime=0.438474->0.438474 StatePosition=1->1 MotionBefore=Troll_Stand_Fist_Fist_P0_QuickAttackR_Hit_N_Fwd_00_%_00_P0_100.xmot MotionAfter=Troll_Stand_Fist_Fist_P0_QuickAttackR_Hit_N_Fwd_00_%_00_P0_100.xmot Right=TrollFist RightUseType=55 RightGroup=5->5 NativeResult=1 OBSERVE_NATIVE=1
CORE RAW55_QUICK_CALLBACK_BOUNDARY Actor=BlackTroll C1=10 SameC1=1 Action=4->4 Phase=1->1 StateTime=0.446807->0.446807 StatePosition=1->1 MotionBefore=Troll_Stand_Fist_Fist_P0_QuickAttackR_Hit_N_Fwd_00_%_00_P0_100.xmot MotionAfter=Troll_Stand_Fist_Fist_P0_QuickAttackR_Hit_N_Fwd_00_%_00_P0_100.xmot Right=TrollFist RightUseType=55 RightGroup=5->5 NativeResult=1 OBSERVE_NATIVE=1
CORE RAW55_QUICK_CALLBACK_BOUNDARY Actor=BlackTroll C1=10 SameC1=1 Action=4->4 Phase=1->1 StateTime=0.455140->0.455140 StatePosition=1->1 MotionBefore=Troll_Stand_Fist_Fist_P0_QuickAttackR_Hit_N_Fwd_00_%_00_P0_100.xmot MotionAfter=Troll_Stand_Fist_Fist_P0_QuickAttackR_Hit_N_Fwd_00_%_00_P0_100.xmot Right=TrollFist RightUseType=55 RightGroup=5->5 NativeResult=1 OBSERVE_NATIVE=1
CORE RAW55_QUICK_CALLBACK_BOUNDARY Actor=BlackTroll C1=10 SameC1=1 Action=4->4 Phase=1->1 StateTime=0.466096->0.466096 StatePosition=1->1 MotionBefore=Troll_Stand_Fist_Fist_P0_QuickAttackR_Hit_N_Fwd_00_%_00_P0_100.xmot MotionAfter=Troll_Stand_Fist_Fist_P0_QuickAttackR_Hit_N_Fwd_00_%_00_P0_100.xmot Right=TrollFist RightUseType=55 RightGroup=5->5 NativeResult=1 OBSERVE_NATIVE=1
CORE RAW55_QUICK_CALLBACK_BOUNDARY Actor=BlackTroll C1=10 SameC1=1 Action=4->4 Phase=1->1 StateTime=0.474429->0.474429 StatePosition=1->1 MotionBefore=Troll_Stand_Fist_Fist_P0_QuickAttackR_Hit_N_Fwd_00_%_00_P0_100.xmot MotionAfter=Troll_Stand_Fist_Fist_P0_QuickAttackR_Hit_N_Fwd_00_%_00_P0_100.xmot Right=TrollFist RightUseType=55 RightGroup=5->5 NativeResult=1 OBSERVE_NATIVE=1
===== CORE MARKER ANOMALY / DISCOVERY =====
ElapsedMs: 42896.385
Actor: BlackTroll
Action: 4
Family: QUICK
AniPhase: 1
StatePosition: 1
CurrentMovementAni: Troll_Stand_Fist_Fist_P0_QuickAttackR_Hit_N_Fwd_00_%_00_P0_100.xmot
MarkerName: G3AB_COL_FIST
MarkerOpcode: FIST
Result: UNSUPPORTED_MISSING_SOURCE
C1GenerationValid: 1
C1Generation: 10
RequiredSourceMask: 0
MissingSourceMask: 0
RightSourceSlot: RIGHT
RightSourceName: TrollFist
RightSourceUseType: 55
RightSourceCollisionGroup: 5
LeftSourceSlot: LEFT
LeftSourceName: TrollFist
LeftSourceUseType: 55
LeftSourceCollisionGroup: 5
Raw8FistSourceName: <none>
Raw8FistSourceUseType: -1
Raw8FistSourceCollisionGroup: -1
===========================================

CORE COLLISION_GROUP ElapsedMs=42896.419 Source=TrollFist UseType=55 Owner=BlackTroll Slot=RIGHT Requested=7 Before=5 After=7 MarkerBitsRetired=0
CORE C1 OFFENSE REQUEST ElapsedMs=42896.427 Actor=BlackTroll Generation=10 Status=PERSISTED Source=TrollFist Side=RIGHT Requests=1 Outstanding=1 CleanupObserved=0 Group=7
CORE RAW55_QUICK_FIST_REARM_PROBE Actor=BlackTroll C1=10 Action=4 StatePosition=1 StateTime=0.482763 Right=TrollFist RightUseType=55 GroupBefore=5 RequestedGroup=7 GroupAfter=7 EarlySuppressionProof=1 ClearTriggeredList=1 REARM_PROBE=1
CORE RAW55_QUICK_CALLBACK_BOUNDARY Actor=BlackTroll C1=10 SameC1=1 Action=4->4 Phase=1->1 StateTime=0.482763->0.482763 StatePosition=1->1 MotionBefore=Troll_Stand_Fist_Fist_P0_QuickAttackR_Hit_N_Fwd_00_%_00_P0_100.xmot MotionAfter=Troll_Stand_Fist_Fist_P0_QuickAttackR_Hit_N_Fwd_00_%_00_P0_100.xmot Right=TrollFist RightUseType=55 RightGroup=7->7 NativeResult=1 OBSERVE_NATIVE=1
CORE RAW55_QUICK_CALLBACK_BOUNDARY Actor=BlackTroll C1=10 SameC1=1 Action=4->4 Phase=1->1 StateTime=0.491733->0.491733 StatePosition=1->1 MotionBefore=Troll_Stand_Fist_Fist_P0_QuickAttackR_Hit_N_Fwd_00_%_00_P0_100.xmot MotionAfter=Troll_Stand_Fist_Fist_P0_QuickAttackR_Hit_N_Fwd_00_%_00_P0_100.xmot Right=TrollFist RightUseType=55 RightGroup=7->7 NativeResult=1 OBSERVE_NATIVE=1
CORE RAW55_QUICK_CALLBACK_BOUNDARY Actor=BlackTroll C1=10 SameC1=1 Action=4->4 Phase=1->1 StateTime=0.500067->0.500067 StatePosition=1->1 MotionBefore=Troll_Stand_Fist_Fist_P0_QuickAttackR_Hit_N_Fwd_00_%_00_P0_100.xmot MotionAfter=Troll_Stand_Fist_Fist_P0_QuickAttackR_Hit_N_Fwd_00_%_00_P0_100.xmot Right=TrollFist RightUseType=55 RightGroup=7->7 NativeResult=1 OBSERVE_NATIVE=1
CORE RAW55_QUICK_CALLBACK_BOUNDARY Actor=BlackTroll C1=10 SameC1=1 Action=4->4 Phase=1->1 StateTime=0.511008->0.511008 StatePosition=1->1 MotionBefore=Troll_Stand_Fist_Fist_P0_QuickAttackR_Hit_N_Fwd_00_%_00_P0_100.xmot MotionAfter=Troll_Stand_Fist_Fist_P0_QuickAttackR_Hit_N_Fwd_00_%_00_P0_100.xmot Right=TrollFist RightUseType=55 RightGroup=7->7 NativeResult=1 OBSERVE_NATIVE=1
CORE RAW55_QUICK_CALLBACK_BOUNDARY Actor=BlackTroll C1=10 SameC1=1 Action=4->4 Phase=1->1 StateTime=0.519341->0.519341 StatePosition=1->1 MotionBefore=Troll_Stand_Fist_Fist_P0_QuickAttackR_Hit_N_Fwd_00_%_00_P0_100.xmot MotionAfter=Troll_Stand_Fist_Fist_P0_QuickAttackR_Hit_N_Fwd_00_%_00_P0_100.xmot Right=TrollFist RightUseType=55 RightGroup=7->7 NativeResult=1 OBSERVE_NATIVE=1
CORE RAW55_QUICK_CALLBACK_BOUNDARY Actor=BlackTroll C1=10 SameC1=1 Action=4->4 Phase=1->1 StateTime=0.527675->0.527675 StatePosition=1->1 MotionBefore=Troll_Stand_Fist_Fist_P0_QuickAttackR_Hit_N_Fwd_00_%_00_P0_100.xmot MotionAfter=Troll_Stand_Fist_Fist_P0_QuickAttackR_Hit_N_Fwd_00_%_00_P0_100.xmot Right=TrollFist RightUseType=55 RightGroup=7->7 NativeResult=1 OBSERVE_NATIVE=1
CORE RAW55_QUICK_CALLBACK_BOUNDARY Actor=BlackTroll C1=10 SameC1=1 Action=4->4 Phase=1->1 StateTime=0.536008->0.536008 StatePosition=1->1 MotionBefore=Troll_Stand_Fist_Fist_P0_QuickAttackR_Hit_N_Fwd_00_%_00_P0_100.xmot MotionAfter=Troll_Stand_Fist_Fist_P0_QuickAttackR_Hit_N_Fwd_00_%_00_P0_100.xmot Right=TrollFist RightUseType=55 RightGroup=7->7 NativeResult=1 OBSERVE_NATIVE=1
CORE RAW55_QUICK_CALLBACK_BOUNDARY Actor=BlackTroll C1=10 SameC1=1 Action=4->4 Phase=1->1 StateTime=0.544341->0.544341 StatePosition=1->1 MotionBefore=Troll_Stand_Fist_Fist_P0_QuickAttackR_Hit_N_Fwd_00_%_00_P0_100.xmot MotionAfter=Troll_Stand_Fist_Fist_P0_QuickAttackR_Hit_N_Fwd_00_%_00_P0_100.xmot Right=TrollFist RightUseType=55 RightGroup=7->7 NativeResult=1 OBSERVE_NATIVE=1
CORE RAW55_QUICK_CALLBACK_BOUNDARY Actor=BlackTroll C1=10 SameC1=1 Action=4->4 Phase=1->1 StateTime=0.552675->0.552675 StatePosition=1->1 MotionBefore=Troll_Stand_Fist_Fist_P0_QuickAttackR_Hit_N_Fwd_00_%_00_P0_100.xmot MotionAfter=Troll_Stand_Fist_Fist_P0_QuickAttackR_Hit_N_Fwd_00_%_00_P0_100.xmot Right=TrollFist RightUseType=55 RightGroup=7->7 NativeResult=1 OBSERVE_NATIVE=1
CORE RAW55_QUICK_CALLBACK_BOUNDARY Actor=BlackTroll C1=10 SameC1=1 Action=4->4 Phase=1->1 StateTime=0.561008->0.561008 StatePosition=1->1 MotionBefore=Troll_Stand_Fist_Fist_P0_QuickAttackR_Hit_N_Fwd_00_%_00_P0_100.xmot MotionAfter=Troll_Stand_Fist_Fist_P0_QuickAttackR_Hit_N_Fwd_00_%_00_P0_100.xmot Right=TrollFist RightUseType=55 RightGroup=7->7 NativeResult=1 OBSERVE_NATIVE=1
CORE RAW55_QUICK_CALLBACK_BOUNDARY Actor=BlackTroll C1=10 SameC1=1 Action=4->4 Phase=1->1 StateTime=0.569341->0.569341 StatePosition=1->1 MotionBefore=Troll_Stand_Fist_Fist_P0_QuickAttackR_Hit_N_Fwd_00_%_00_P0_100.xmot MotionAfter=Troll_Stand_Fist_Fist_P0_QuickAttackR_Hit_N_Fwd_00_%_00_P0_100.xmot Right=TrollFist RightUseType=55 RightGroup=7->7 NativeResult=1 OBSERVE_NATIVE=1
CORE RAW55_QUICK_CALLBACK_BOUNDARY Actor=BlackTroll C1=10 SameC1=1 Action=4->4 Phase=1->1 StateTime=0.578312->0.578312 StatePosition=1->1 MotionBefore=Troll_Stand_Fist_Fist_P0_QuickAttackR_Hit_N_Fwd_00_%_00_P0_100.xmot MotionAfter=Troll_Stand_Fist_Fist_P0_QuickAttackR_Hit_N_Fwd_00_%_00_P0_100.xmot Right=TrollFist RightUseType=55 RightGroup=7->7 NativeResult=1 OBSERVE_NATIVE=1
CORE RAW55_QUICK_CALLBACK_BOUNDARY Actor=BlackTroll C1=10 SameC1=1 Action=4->4 Phase=1->1 StateTime=0.586645->0.586645 StatePosition=1->1 MotionBefore=Troll_Stand_Fist_Fist_P0_QuickAttackR_Hit_N_Fwd_00_%_00_P0_100.xmot MotionAfter=Troll_Stand_Fist_Fist_P0_QuickAttackR_Hit_N_Fwd_00_%_00_P0_100.xmot Right=TrollFist RightUseType=55 RightGroup=7->7 NativeResult=1 OBSERVE_NATIVE=1
CORE RAW55_QUICK_CALLBACK_BOUNDARY Actor=BlackTroll C1=10 SameC1=1 Action=4->4 Phase=1->1 StateTime=0.595616->0.595616 StatePosition=1->1 MotionBefore=Troll_Stand_Fist_Fist_P0_QuickAttackR_Hit_N_Fwd_00_%_00_P0_100.xmot MotionAfter=Troll_Stand_Fist_Fist_P0_QuickAttackR_Hit_N_Fwd_00_%_00_P0_100.xmot Right=TrollFist RightUseType=55 RightGroup=7->7 NativeResult=1 OBSERVE_NATIVE=1
CORE RAW55_QUICK_CALLBACK_BOUNDARY Actor=BlackTroll C1=10 SameC1=1 Action=4->4 Phase=1->1 StateTime=0.603949->0.603949 StatePosition=1->1 MotionBefore=Troll_Stand_Fist_Fist_P0_QuickAttackR_Hit_N_Fwd_00_%_00_P0_100.xmot MotionAfter=Troll_Stand_Fist_Fist_P0_QuickAttackR_Hit_N_Fwd_00_%_00_P0_100.xmot Right=TrollFist RightUseType=55 RightGroup=7->7 NativeResult=1 OBSERVE_NATIVE=1
CORE RAW55_QUICK_CALLBACK_BOUNDARY Actor=BlackTroll C1=10 SameC1=1 Action=4->4 Phase=1->1 StateTime=0.612283->0.612283 StatePosition=1->1 MotionBefore=Troll_Stand_Fist_Fist_P0_QuickAttackR_Hit_N_Fwd_00_%_00_P0_100.xmot MotionAfter=Troll_Stand_Fist_Fist_P0_QuickAttackR_Hit_N_Fwd_00_%_00_P0_100.xmot Right=TrollFist RightUseType=55 RightGroup=7->7 NativeResult=1 OBSERVE_NATIVE=1
CORE RAW55_QUICK_CALLBACK_BOUNDARY Actor=BlackTroll C1=10 SameC1=1 Action=4->4 Phase=1->1 StateTime=0.620616->0.620616 StatePosition=1->1 MotionBefore=Troll_Stand_Fist_Fist_P0_QuickAttackR_Hit_N_Fwd_00_%_00_P0_100.xmot MotionAfter=Troll_Stand_Fist_Fist_P0_QuickAttackR_Hit_N_Fwd_00_%_00_P0_100.xmot Right=TrollFist RightUseType=55 RightGroup=7->7 NativeResult=1 OBSERVE_NATIVE=1
CORE RAW55_QUICK_CALLBACK_BOUNDARY Actor=BlackTroll C1=10 SameC1=1 Action=4->4 Phase=1->1 StateTime=0.628949->0.628949 StatePosition=1->1 MotionBefore=Troll_Stand_Fist_Fist_P0_QuickAttackR_Hit_N_Fwd_00_%_00_P0_100.xmot MotionAfter=Troll_Stand_Fist_Fist_P0_QuickAttackR_Hit_N_Fwd_00_%_00_P0_100.xmot Right=TrollFist RightUseType=55 RightGroup=7->7 NativeResult=1 OBSERVE_NATIVE=1
CORE RAW55_QUICK_CALLBACK_BOUNDARY Actor=BlackTroll C1=10 SameC1=1 Action=4->4 Phase=1->1 StateTime=0.638905->0.638905 StatePosition=1->1 MotionBefore=Troll_Stand_Fist_Fist_P0_QuickAttackR_Hit_N_Fwd_00_%_00_P0_100.xmot MotionAfter=Troll_Stand_Fist_Fist_P0_QuickAttackR_Hit_N_Fwd_00_%_00_P0_100.xmot Right=TrollFist RightUseType=55 RightGroup=7->7 NativeResult=1 OBSERVE_NATIVE=1
CORE RAW55_QUICK_CALLBACK_BOUNDARY Actor=BlackTroll C1=10 SameC1=1 Action=4->4 Phase=1->1 StateTime=0.647917->0.647917 StatePosition=1->1 MotionBefore=Troll_Stand_Fist_Fist_P0_QuickAttackR_Hit_N_Fwd_00_%_00_P0_100.xmot MotionAfter=Troll_Stand_Fist_Fist_P0_QuickAttackR_Hit_N_Fwd_00_%_00_P0_100.xmot Right=TrollFist RightUseType=55 RightGroup=7->7 NativeResult=1 OBSERVE_NATIVE=1
CORE RAW55_QUICK_CALLBACK_BOUNDARY Actor=BlackTroll C1=10 SameC1=1 Action=4->4 Phase=1->1 StateTime=0.656250->0.656250 StatePosition=1->1 MotionBefore=Troll_Stand_Fist_Fist_P0_QuickAttackR_Hit_N_Fwd_00_%_00_P0_100.xmot MotionAfter=Troll_Stand_Fist_Fist_P0_QuickAttackR_Hit_N_Fwd_00_%_00_P0_100.xmot Right=TrollFist RightUseType=55 RightGroup=7->7 NativeResult=1 OBSERVE_NATIVE=1
CORE RAW55_QUICK_CALLBACK_BOUNDARY Actor=BlackTroll C1=10 SameC1=1 Action=4->4 Phase=1->1 StateTime=0.665221->0.665221 StatePosition=1->1 MotionBefore=Troll_Stand_Fist_Fist_P0_QuickAttackR_Hit_N_Fwd_00_%_00_P0_100.xmot MotionAfter=Troll_Stand_Fist_Fist_P0_QuickAttackR_Hit_N_Fwd_00_%_00_P0_100.xmot Right=TrollFist RightUseType=55 RightGroup=7->7 NativeResult=1 OBSERVE_NATIVE=1
CORE RAW55_QUICK_CALLBACK_BOUNDARY Actor=BlackTroll C1=10 SameC1=1 Action=4->4 Phase=1->1 StateTime=0.673554->0.673554 StatePosition=1->1 MotionBefore=Troll_Stand_Fist_Fist_P0_QuickAttackR_Hit_N_Fwd_00_%_00_P0_100.xmot MotionAfter=Troll_Stand_Fist_Fist_P0_QuickAttackR_Hit_N_Fwd_00_%_00_P0_100.xmot Right=TrollFist RightUseType=55 RightGroup=7->7 NativeResult=1 OBSERVE_NATIVE=1
CORE RAW55_QUICK_CALLBACK_BOUNDARY Actor=BlackTroll C1=10 SameC1=1 Action=4->4 Phase=1->1 StateTime=0.683510->0.683510 StatePosition=1->1 MotionBefore=Troll_Stand_Fist_Fist_P0_QuickAttackR_Hit_N_Fwd_00_%_00_P0_100.xmot MotionAfter=Troll_Stand_Fist_Fist_P0_QuickAttackR_Hit_N_Fwd_00_%_00_P0_100.xmot Right=TrollFist RightUseType=55 RightGroup=7->7 NativeResult=1 OBSERVE_NATIVE=1
CORE RAW55_QUICK_CALLBACK_BOUNDARY Actor=BlackTroll C1=10 SameC1=1 Action=4->4 Phase=1->1 StateTime=0.691844->0.691844 StatePosition=1->1 MotionBefore=Troll_Stand_Fist_Fist_P0_QuickAttackR_Hit_N_Fwd_00_%_00_P0_100.xmot MotionAfter=Troll_Stand_Fist_Fist_P0_QuickAttackR_Hit_N_Fwd_00_%_00_P0_100.xmot Right=TrollFist RightUseType=55 RightGroup=7->7 NativeResult=1 OBSERVE_NATIVE=1
CORE RAW55_QUICK_CALLBACK_BOUNDARY Actor=BlackTroll C1=10 SameC1=1 Action=4->4 Phase=1->1 StateTime=0.700815->0.700815 StatePosition=1->1 MotionBefore=Troll_Stand_Fist_Fist_P0_QuickAttackR_Hit_N_Fwd_00_%_00_P0_100.xmot MotionAfter=Troll_Stand_Fist_Fist_P0_QuickAttackR_Hit_N_Fwd_00_%_00_P0_100.xmot Right=TrollFist RightUseType=55 RightGroup=7->7 NativeResult=1 OBSERVE_NATIVE=1
CORE RAW55_QUICK_CALLBACK_BOUNDARY Actor=BlackTroll C1=10 SameC1=1 Action=4->4 Phase=1->1 StateTime=0.709148->0.709148 StatePosition=1->1 MotionBefore=Troll_Stand_Fist_Fist_P0_QuickAttackR_Hit_N_Fwd_00_%_00_P0_100.xmot MotionAfter=Troll_Stand_Fist_Fist_P0_QuickAttackR_Hit_N_Fwd_00_%_00_P0_100.xmot Right=TrollFist RightUseType=55 RightGroup=7->7 NativeResult=1 OBSERVE_NATIVE=1
CORE RAW55_QUICK_CALLBACK_BOUNDARY Actor=BlackTroll C1=10 SameC1=1 Action=4->4 Phase=1->1 StateTime=0.718119->0.718119 StatePosition=1->1 MotionBefore=Troll_Stand_Fist_Fist_P0_QuickAttackR_Hit_N_Fwd_00_%_00_P0_100.xmot MotionAfter=Troll_Stand_Fist_Fist_P0_QuickAttackR_Hit_N_Fwd_00_%_00_P0_100.xmot Right=TrollFist RightUseType=55 RightGroup=7->7 NativeResult=1 OBSERVE_NATIVE=1
CORE RAW55_QUICK_CALLBACK_BOUNDARY Actor=BlackTroll C1=10 SameC1=1 Action=4->4 Phase=1->1 StateTime=0.726452->0.726452 StatePosition=1->1 MotionBefore=Troll_Stand_Fist_Fist_P0_QuickAttackR_Hit_N_Fwd_00_%_00_P0_100.xmot MotionAfter=Troll_Stand_Fist_Fist_P0_QuickAttackR_Hit_N_Fwd_00_%_00_P0_100.xmot Right=TrollFist RightUseType=55 RightGroup=7->7 NativeResult=1 OBSERVE_NATIVE=1
CORE ONDAMAGE ElapsedMs=43133.548 Ordinal=3 Target=PC_Hero Arg1=PC_Hero Arg2=PC_Hero Caller=Game.dll+0x00069484 PlayerAction=0 PlayerPhase=12 PlayerMotion=Hero_Stand_None_None_P0_Ambient_Ambient_N_Fwd_00_%_10_P0_0.xmot Raw8Fist=<none> Raw8UseType=-1 Raw8Group=-1
CORE RAW55_QUICK_CALLBACK_BOUNDARY Actor=BlackTroll C1=10 SameC1=1 Action=4->4 Phase=1->1 StateTime=0.734786->0.734786 StatePosition=1->1 MotionBefore=Troll_Stand_Fist_Fist_P0_QuickAttackR_Hit_N_Fwd_00_%_00_P0_100.xmot MotionAfter=Troll_Stand_Fist_Fist_P0_QuickAttackR_Hit_N_Fwd_00_%_00_P0_100.xmot Right=TrollFist RightUseType=55 RightGroup=7->7 NativeResult=1 OBSERVE_NATIVE=1
CORE C1_START ElapsedMs=43142.110 Actor=PC_Hero Generation=11 Status=CANDIDATE Outstanding=0 TrackedSources=0 ReplacedGeneration=0 ReplacedOutstanding=0
CORE C1_BIND ElapsedMs=43142.117 Event=COMBAT_MOVE_CANDIDATE_BOUND Actor=PC_Hero Generation=11 Status=CANDIDATE Outstanding=0 Source=<null> Script=_AI_Stumble
CORE C1_STATUS ElapsedMs=43142.183 Event=PERSISTED Actor=PC_Hero Generation=11 Status=PERSISTED Outstanding=0
CORE RAW55_QUICK_CALLBACK_BOUNDARY Actor=BlackTroll C1=10 SameC1=1 Action=4->4 Phase=1->1 StateTime=0.743756->0.743756 StatePosition=1->1 MotionBefore=Troll_Stand_Fist_Fist_P0_QuickAttackR_Hit_N_Fwd_00_%_00_P0_100.xmot MotionAfter=Troll_Stand_Fist_Fist_P0_QuickAttackR_Hit_N_Fwd_00_%_00_P0_100.xmot Right=TrollFist RightUseType=55 RightGroup=7->7 NativeResult=1 OBSERVE_NATIVE=1
CORE RAW55_QUICK_CALLBACK_BOUNDARY Actor=BlackTroll C1=10 SameC1=1 Action=4->4 Phase=1->1 StateTime=0.752756->0.752756 StatePosition=1->1 MotionBefore=Troll_Stand_Fist_Fist_P0_QuickAttackR_Hit_N_Fwd_00_%_00_P0_100.xmot MotionAfter=Troll_Stand_Fist_Fist_P0_QuickAttackR_Hit_N_Fwd_00_%_00_P0_100.xmot Right=TrollFist RightUseType=55 RightGroup=7->7 NativeResult=1 OBSERVE_NATIVE=1
CORE RAW55_QUICK_CALLBACK_BOUNDARY Actor=BlackTroll C1=10 SameC1=1 Action=4->4 Phase=1->1 StateTime=0.761089->0.761089 StatePosition=1->1 MotionBefore=Troll_Stand_Fist_Fist_P0_QuickAttackR_Hit_N_Fwd_00_%_00_P0_100.xmot MotionAfter=Troll_Stand_Fist_Fist_P0_QuickAttackR_Hit_N_Fwd_00_%_00_P0_100.xmot Right=TrollFist RightUseType=55 RightGroup=7->7 NativeResult=1 OBSERVE_NATIVE=1
CORE RAW55_QUICK_CALLBACK_BOUNDARY Actor=BlackTroll C1=10 SameC1=1 Action=4->4 Phase=1->1 StateTime=0.769422->0.769422 StatePosition=1->1 MotionBefore=Troll_Stand_Fist_Fist_P0_QuickAttackR_Hit_N_Fwd_00_%_00_P0_100.xmot MotionAfter=Troll_Stand_Fist_Fist_P0_QuickAttackR_Hit_N_Fwd_00_%_00_P0_100.xmot Right=TrollFist RightUseType=55 RightGroup=7->7 NativeResult=1 OBSERVE_NATIVE=1
CORE RAW55_QUICK_CALLBACK_BOUNDARY Actor=BlackTroll C1=10 SameC1=1 Action=4->4 Phase=1->1 StateTime=0.778393->0.778393 StatePosition=1->1 MotionBefore=Troll_Stand_Fist_Fist_P0_QuickAttackR_Hit_N_Fwd_00_%_00_P0_100.xmot MotionAfter=Troll_Stand_Fist_Fist_P0_QuickAttackR_Hit_N_Fwd_00_%_00_P0_100.xmot Right=TrollFist RightUseType=55 RightGroup=7->7 NativeResult=1 OBSERVE_NATIVE=1
CORE RAW55_QUICK_CALLBACK_BOUNDARY Actor=BlackTroll C1=10 SameC1=1 Action=4->4 Phase=1->1 StateTime=0.786726->0.786726 StatePosition=1->1 MotionBefore=Troll_Stand_Fist_Fist_P0_QuickAttackR_Hit_N_Fwd_00_%_00_P0_100.xmot MotionAfter=Troll_Stand_Fist_Fist_P0_QuickAttackR_Hit_N_Fwd_00_%_00_P0_100.xmot Right=TrollFist RightUseType=55 RightGroup=7->7 NativeResult=1 OBSERVE_NATIVE=1
CORE RAW55_QUICK_CALLBACK_BOUNDARY Actor=BlackTroll C1=10 SameC1=1 Action=4->4 Phase=1->1 StateTime=0.796668->0.796668 StatePosition=1->1 MotionBefore=Troll_Stand_Fist_Fist_P0_QuickAttackR_Hit_N_Fwd_00_%_00_P0_100.xmot MotionAfter=Troll_Stand_Fist_Fist_P0_QuickAttackR_Hit_N_Fwd_00_%_00_P0_100.xmot Right=TrollFist RightUseType=55 RightGroup=7->7 NativeResult=1 OBSERVE_NATIVE=1
CORE COLLISION_GROUP ElapsedMs=43202.158 Source=TrollFist UseType=55 Owner=BlackTroll Slot=RIGHT Requested=5 Before=7 After=5 MarkerBitsRetired=0
CORE C1 CLEANUP FULFILLED ElapsedMs=43202.183 Actor=BlackTroll Generation=10 Status=PERSISTED Source=TrollFist Side=RIGHT Requests=1 Outstanding=0 CleanupObserved=1 Group=5
CORE C1_FINAL ElapsedMs=43296.170 Actor=BlackTroll Generation=10 Status=PERSISTED SourceCount=2 PhysicalChanged=0 Source[0]=TrollFist Side=RIGHT Outstanding=0 Cleanup=1 Outcome=NO_OP_NO_OUTSTANDING Source[1]=TrollFist Side=LEFT Outstanding=0 Cleanup=0 Outcome=NO_OP_NO_OUTSTANDING
CORE C1_FINAL ElapsedMs=43427.125 Actor=PC_Hero Generation=11 Status=PERSISTED SourceCount=0 PhysicalChanged=0
CORE C1_START ElapsedMs=44408.643 Actor=PC_Hero Generation=12 Status=CANDIDATE Outstanding=0 TrackedSources=1 ReplacedGeneration=0 ReplacedOutstanding=0 Source[0]=It_2H_Sword_Flamberge Side=RIGHT Group=5
CORE C1_STATUS ElapsedMs=44408.972 Event=PERSISTED Actor=PC_Hero Generation=12 Status=PERSISTED Outstanding=0
CORE C1_START ElapsedMs=44517.226 Actor=BlackTroll Generation=13 Status=CANDIDATE Outstanding=0 TrackedSources=2 ReplacedGeneration=0 ReplacedOutstanding=0 Source[0]=TrollFist Side=RIGHT Group=5 Source[1]=TrollFist Side=LEFT Group=5
CORE C1_BIND ElapsedMs=44517.239 Event=COMBAT_MOVE_CANDIDATE_BOUND Actor=BlackTroll Generation=13 Status=CANDIDATE Outstanding=0 Source=<null> Script=_AI_Attack
CORE C1_STATUS ElapsedMs=44517.301 Event=PERSISTED Actor=BlackTroll Generation=13 Status=PERSISTED Outstanding=0
CORE ATTACK_OWNERSHIP ElapsedMs=44517.317 Actor=BlackTroll Family=NORMAL Action=1 Phase=1 Motion=Troll_Stand_Fist_Fist_P0_Attack_Hit_N_Fwd_00_%_00_P0_100.xmot MarkerPresent=1 RequiredMask=0 FistMarkers=1 Raw8Fist=<none> Raw8UseType=-1 SuppressNative=0 Classification=CONTRADICTION
===== CORE ATTACK OWNERSHIP ANOMALY =====
MatchingMotionFound: 1
MarkerScanValid: 1
RequiredSourcesAvailable: 1
RightSourceSlot: RIGHT
RightSourceName: TrollFist
RightSourceUseType: 55
RightSourceCollisionGroup: 5
LeftSourceSlot: LEFT
LeftSourceName: TrollFist
LeftSourceUseType: 55
LeftSourceCollisionGroup: 5
Raw8FistSourceName: <none>
Raw8FistSourceUseType: -1
Raw8FistSourceCollisionGroup: -1
=========================================

CORE RAW55_CALLBACK_SUPPRESSION_PROBE Actor=BlackTroll Family=NORMAL Action=1 Motion=Troll_Stand_Fist_Fist_P0_Attack_Hit_N_Fwd_00_%_00_P0_100.xmot C1=13 Right=TrollFist RightUseType=55 RightGroup=5 Left=TrollFist LeftUseType=55 LeftGroup=5 SUPPRESS_NATIVE=1
CORE RAW55_CALLBACK_SUPPRESSION_PROBE Actor=BlackTroll Family=NORMAL Action=1 Motion=Troll_Stand_Fist_Fist_P0_Attack_Hit_N_Fwd_00_%_00_P0_100.xmot C1=13 Right=TrollFist RightUseType=55 RightGroup=5 Left=TrollFist LeftUseType=55 LeftGroup=5 SUPPRESS_NATIVE=1
CORE RAW55_CALLBACK_SUPPRESSION_PROBE Actor=BlackTroll Family=NORMAL Action=1 Motion=Troll_Stand_Fist_Fist_P0_Attack_Hit_N_Fwd_00_%_00_P0_100.xmot C1=13 Right=TrollFist RightUseType=55 RightGroup=5 Left=TrollFist LeftUseType=55 LeftGroup=5 SUPPRESS_NATIVE=1
CORE RAW55_CALLBACK_SUPPRESSION_PROBE Actor=BlackTroll Family=NORMAL Action=1 Motion=Troll_Stand_Fist_Fist_P0_Attack_Hit_N_Fwd_00_%_00_P0_100.xmot C1=13 Right=TrollFist RightUseType=55 RightGroup=5 Left=TrollFist LeftUseType=55 LeftGroup=5 SUPPRESS_NATIVE=1
CORE RAW55_CALLBACK_SUPPRESSION_PROBE Actor=BlackTroll Family=NORMAL Action=1 Motion=Troll_Stand_Fist_Fist_P0_Attack_Hit_N_Fwd_00_%_00_P0_100.xmot C1=13 Right=TrollFist RightUseType=55 RightGroup=5 Left=TrollFist LeftUseType=55 LeftGroup=5 SUPPRESS_NATIVE=1
CORE RAW55_CALLBACK_SUPPRESSION_PROBE Actor=BlackTroll Family=NORMAL Action=1 Motion=Troll_Stand_Fist_Fist_P0_Attack_Hit_N_Fwd_00_%_00_P0_100.xmot C1=13 Right=TrollFist RightUseType=55 RightGroup=5 Left=TrollFist LeftUseType=55 LeftGroup=5 SUPPRESS_NATIVE=1
CORE C1_START ElapsedMs=44561.074 Actor=PC_Hero Generation=14 Status=CANDIDATE Outstanding=0 TrackedSources=1 ReplacedGeneration=12 ReplacedOutstanding=0 Source[0]=It_2H_Sword_Flamberge Side=RIGHT Group=5
CORE C1_BIND ElapsedMs=44561.084 Event=COMBAT_MOVE_CANDIDATE_BOUND Actor=PC_Hero Generation=14 Status=CANDIDATE Outstanding=0 Source=<null> Script=_AI_Attack
CORE C1_STATUS ElapsedMs=44561.490 Event=PERSISTED Actor=PC_Hero Generation=14 Status=PERSISTED Outstanding=0
CORE ATTACK_OWNERSHIP ElapsedMs=44561.511 Actor=PC_Hero Family=NORMAL Action=1 Phase=1 Motion=Hero_Stand_None_2H_P0_Attack_Hit_N_Fwd_00_%_00_P1_90_R.xmot MarkerPresent=1 RequiredMask=1 FistMarkers=0 Raw8Fist=<none> Raw8UseType=-1 SuppressNative=1 Classification=ROUTINE
CORE RAW55_CALLBACK_SUPPRESSION_PROBE Actor=BlackTroll Family=NORMAL Action=1 Motion=Troll_Stand_Fist_Fist_P0_Attack_Hit_N_Fwd_00_%_00_P0_100.xmot C1=13 Right=TrollFist RightUseType=55 RightGroup=5 Left=TrollFist LeftUseType=55 LeftGroup=5 SUPPRESS_NATIVE=1
CORE RAW55_CALLBACK_SUPPRESSION_PROBE Actor=BlackTroll Family=NORMAL Action=1 Motion=Troll_Stand_Fist_Fist_P0_Attack_Hit_N_Fwd_00_%_00_P0_100.xmot C1=13 Right=TrollFist RightUseType=55 RightGroup=5 Left=TrollFist LeftUseType=55 LeftGroup=5 SUPPRESS_NATIVE=1
CORE RAW55_CALLBACK_SUPPRESSION_PROBE Actor=BlackTroll Family=NORMAL Action=1 Motion=Troll_Stand_Fist_Fist_P0_Attack_Hit_N_Fwd_00_%_00_P0_100.xmot C1=13 Right=TrollFist RightUseType=55 RightGroup=5 Left=TrollFist LeftUseType=55 LeftGroup=5 SUPPRESS_NATIVE=1
CORE RAW55_CALLBACK_SUPPRESSION_PROBE Actor=BlackTroll Family=NORMAL Action=1 Motion=Troll_Stand_Fist_Fist_P0_Attack_Hit_N_Fwd_00_%_00_P0_100.xmot C1=13 Right=TrollFist RightUseType=55 RightGroup=5 Left=TrollFist LeftUseType=55 LeftGroup=5 SUPPRESS_NATIVE=1
CORE RAW55_CALLBACK_SUPPRESSION_PROBE Actor=BlackTroll Family=NORMAL Action=1 Motion=Troll_Stand_Fist_Fist_P0_Attack_Hit_N_Fwd_00_%_00_P0_100.xmot C1=13 Right=TrollFist RightUseType=55 RightGroup=5 Left=TrollFist LeftUseType=55 LeftGroup=5 SUPPRESS_NATIVE=1
CORE RAW55_CALLBACK_SUPPRESSION_PROBE Actor=BlackTroll Family=NORMAL Action=1 Motion=Troll_Stand_Fist_Fist_P0_Attack_Hit_N_Fwd_00_%_00_P0_100.xmot C1=13 Right=TrollFist RightUseType=55 RightGroup=5 Left=TrollFist LeftUseType=55 LeftGroup=5 SUPPRESS_NATIVE=1
CORE RAW55_CALLBACK_SUPPRESSION_PROBE Actor=BlackTroll Family=NORMAL Action=1 Motion=Troll_Stand_Fist_Fist_P0_Attack_Hit_N_Fwd_00_%_00_P0_100.xmot C1=13 Right=TrollFist RightUseType=55 RightGroup=5 Left=TrollFist LeftUseType=55 LeftGroup=5 SUPPRESS_NATIVE=1
CORE RAW55_CALLBACK_SUPPRESSION_PROBE Actor=BlackTroll Family=NORMAL Action=1 Motion=Troll_Stand_Fist_Fist_P0_Attack_Hit_N_Fwd_00_%_00_P0_100.xmot C1=13 Right=TrollFist RightUseType=55 RightGroup=5 Left=TrollFist LeftUseType=55 LeftGroup=5 SUPPRESS_NATIVE=1
CORE RAW55_CALLBACK_SUPPRESSION_PROBE Actor=BlackTroll Family=NORMAL Action=1 Motion=Troll_Stand_Fist_Fist_P0_Attack_Hit_N_Fwd_00_%_00_P0_100.xmot C1=13 Right=TrollFist RightUseType=55 RightGroup=5 Left=TrollFist LeftUseType=55 LeftGroup=5 SUPPRESS_NATIVE=1
CORE RAW55_CALLBACK_SUPPRESSION_PROBE Actor=BlackTroll Family=NORMAL Action=1 Motion=Troll_Stand_Fist_Fist_P0_Attack_Hit_N_Fwd_00_%_00_P0_100.xmot C1=13 Right=TrollFist RightUseType=55 RightGroup=5 Left=TrollFist LeftUseType=55 LeftGroup=5 SUPPRESS_NATIVE=1
CORE RAW55_CALLBACK_SUPPRESSION_PROBE Actor=BlackTroll Family=NORMAL Action=1 Motion=Troll_Stand_Fist_Fist_P0_Attack_Hit_N_Fwd_00_%_00_P0_100.xmot C1=13 Right=TrollFist RightUseType=55 RightGroup=5 Left=TrollFist LeftUseType=55 LeftGroup=5 SUPPRESS_NATIVE=1
CORE RAW55_CALLBACK_SUPPRESSION_PROBE Actor=BlackTroll Family=NORMAL Action=1 Motion=Troll_Stand_Fist_Fist_P0_Attack_Hit_N_Fwd_00_%_00_P0_100.xmot C1=13 Right=TrollFist RightUseType=55 RightGroup=5 Left=TrollFist LeftUseType=55 LeftGroup=5 SUPPRESS_NATIVE=1
CORE RAW55_CALLBACK_SUPPRESSION_PROBE Actor=BlackTroll Family=NORMAL Action=1 Motion=Troll_Stand_Fist_Fist_P0_Attack_Hit_N_Fwd_00_%_00_P0_100.xmot C1=13 Right=TrollFist RightUseType=55 RightGroup=5 Left=TrollFist LeftUseType=55 LeftGroup=5 SUPPRESS_NATIVE=1
CORE RAW55_CALLBACK_SUPPRESSION_PROBE Actor=BlackTroll Family=NORMAL Action=1 Motion=Troll_Stand_Fist_Fist_P0_Attack_Hit_N_Fwd_00_%_00_P0_100.xmot C1=13 Right=TrollFist RightUseType=55 RightGroup=5 Left=TrollFist LeftUseType=55 LeftGroup=5 SUPPRESS_NATIVE=1
CORE RAW55_CALLBACK_SUPPRESSION_PROBE Actor=BlackTroll Family=NORMAL Action=1 Motion=Troll_Stand_Fist_Fist_P0_Attack_Hit_N_Fwd_00_%_00_P0_100.xmot C1=13 Right=TrollFist RightUseType=55 RightGroup=5 Left=TrollFist LeftUseType=55 LeftGroup=5 SUPPRESS_NATIVE=1
CORE RAW55_CALLBACK_SUPPRESSION_PROBE Actor=BlackTroll Family=NORMAL Action=1 Motion=Troll_Stand_Fist_Fist_P0_Attack_Hit_N_Fwd_00_%_00_P0_100.xmot C1=13 Right=TrollFist RightUseType=55 RightGroup=5 Left=TrollFist LeftUseType=55 LeftGroup=5 SUPPRESS_NATIVE=1
CORE RAW55_CALLBACK_SUPPRESSION_PROBE Actor=BlackTroll Family=NORMAL Action=1 Motion=Troll_Stand_Fist_Fist_P0_Attack_Hit_N_Fwd_00_%_00_P0_100.xmot C1=13 Right=TrollFist RightUseType=55 RightGroup=5 Left=TrollFist LeftUseType=55 LeftGroup=5 SUPPRESS_NATIVE=1
CORE RAW55_CALLBACK_SUPPRESSION_PROBE Actor=BlackTroll Family=NORMAL Action=1 Motion=Troll_Stand_Fist_Fist_P0_Attack_Hit_N_Fwd_00_%_00_P0_100.xmot C1=13 Right=TrollFist RightUseType=55 RightGroup=5 Left=TrollFist LeftUseType=55 LeftGroup=5 SUPPRESS_NATIVE=1
CORE RAW55_CALLBACK_SUPPRESSION_PROBE Actor=BlackTroll Family=NORMAL Action=1 Motion=Troll_Stand_Fist_Fist_P0_Attack_Hit_N_Fwd_00_%_00_P0_100.xmot C1=13 Right=TrollFist RightUseType=55 RightGroup=5 Left=TrollFist LeftUseType=55 LeftGroup=5 SUPPRESS_NATIVE=1
CORE RAW55_CALLBACK_SUPPRESSION_PROBE Actor=BlackTroll Family=NORMAL Action=1 Motion=Troll_Stand_Fist_Fist_P0_Attack_Hit_N_Fwd_00_%_00_P0_100.xmot C1=13 Right=TrollFist RightUseType=55 RightGroup=5 Left=TrollFist LeftUseType=55 LeftGroup=5 SUPPRESS_NATIVE=1
CORE RAW55_CALLBACK_SUPPRESSION_PROBE Actor=BlackTroll Family=NORMAL Action=1 Motion=Troll_Stand_Fist_Fist_P0_Attack_Hit_N_Fwd_00_%_00_P0_100.xmot C1=13 Right=TrollFist RightUseType=55 RightGroup=5 Left=TrollFist LeftUseType=55 LeftGroup=5 SUPPRESS_NATIVE=1
CORE RAW55_CALLBACK_SUPPRESSION_PROBE Actor=BlackTroll Family=NORMAL Action=1 Motion=Troll_Stand_Fist_Fist_P0_Attack_Hit_N_Fwd_00_%_00_P0_100.xmot C1=13 Right=TrollFist RightUseType=55 RightGroup=5 Left=TrollFist LeftUseType=55 LeftGroup=5 SUPPRESS_NATIVE=1
CORE RAW55_CALLBACK_SUPPRESSION_PROBE Actor=BlackTroll Family=NORMAL Action=1 Motion=Troll_Stand_Fist_Fist_P0_Attack_Hit_N_Fwd_00_%_00_P0_100.xmot C1=13 Right=TrollFist RightUseType=55 RightGroup=5 Left=TrollFist LeftUseType=55 LeftGroup=5 SUPPRESS_NATIVE=1
CORE RAW55_CALLBACK_SUPPRESSION_PROBE Actor=BlackTroll Family=NORMAL Action=1 Motion=Troll_Stand_Fist_Fist_P0_Attack_Hit_N_Fwd_00_%_00_P0_100.xmot C1=13 Right=TrollFist RightUseType=55 RightGroup=5 Left=TrollFist LeftUseType=55 LeftGroup=5 SUPPRESS_NATIVE=1
CORE RAW55_CALLBACK_SUPPRESSION_PROBE Actor=BlackTroll Family=NORMAL Action=1 Motion=Troll_Stand_Fist_Fist_P0_Attack_Hit_N_Fwd_00_%_00_P0_100.xmot C1=13 Right=TrollFist RightUseType=55 RightGroup=5 Left=TrollFist LeftUseType=55 LeftGroup=5 SUPPRESS_NATIVE=1
CORE RAW55_CALLBACK_SUPPRESSION_PROBE Actor=BlackTroll Family=NORMAL Action=1 Motion=Troll_Stand_Fist_Fist_P0_Attack_Hit_N_Fwd_00_%_00_P0_100.xmot C1=13 Right=TrollFist RightUseType=55 RightGroup=5 Left=TrollFist LeftUseType=55 LeftGroup=5 SUPPRESS_NATIVE=1
CORE RAW55_CALLBACK_SUPPRESSION_PROBE Actor=BlackTroll Family=NORMAL Action=1 Motion=Troll_Stand_Fist_Fist_P0_Attack_Hit_N_Fwd_00_%_00_P0_100.xmot C1=13 Right=TrollFist RightUseType=55 RightGroup=5 Left=TrollFist LeftUseType=55 LeftGroup=5 SUPPRESS_NATIVE=1
CORE RAW55_CALLBACK_SUPPRESSION_PROBE Actor=BlackTroll Family=NORMAL Action=1 Motion=Troll_Stand_Fist_Fist_P0_Attack_Hit_N_Fwd_00_%_00_P0_100.xmot C1=13 Right=TrollFist RightUseType=55 RightGroup=5 Left=TrollFist LeftUseType=55 LeftGroup=5 SUPPRESS_NATIVE=1
CORE RAW55_CALLBACK_SUPPRESSION_PROBE Actor=BlackTroll Family=NORMAL Action=1 Motion=Troll_Stand_Fist_Fist_P0_Attack_Hit_N_Fwd_00_%_00_P0_100.xmot C1=13 Right=TrollFist RightUseType=55 RightGroup=5 Left=TrollFist LeftUseType=55 LeftGroup=5 SUPPRESS_NATIVE=1
CORE RAW55_CALLBACK_SUPPRESSION_PROBE Actor=BlackTroll Family=NORMAL Action=1 Motion=Troll_Stand_Fist_Fist_P0_Attack_Hit_N_Fwd_00_%_00_P0_100.xmot C1=13 Right=TrollFist RightUseType=55 RightGroup=5 Left=TrollFist LeftUseType=55 LeftGroup=5 SUPPRESS_NATIVE=1
CORE RAW55_CALLBACK_SUPPRESSION_PROBE Actor=BlackTroll Family=NORMAL Action=1 Motion=Troll_Stand_Fist_Fist_P0_Attack_Hit_N_Fwd_00_%_00_P0_100.xmot C1=13 Right=TrollFist RightUseType=55 RightGroup=5 Left=TrollFist LeftUseType=55 LeftGroup=5 SUPPRESS_NATIVE=1
CORE COLLISION_GROUP ElapsedMs=44814.504 Source=It_2H_Sword_Flamberge UseType=3 Owner=PC_Hero Slot=RIGHT Requested=7 Before=5 After=7 MarkerBitsRetired=0
CORE C1 OFFENSE REQUEST ElapsedMs=44814.522 Actor=PC_Hero Generation=14 Status=PERSISTED Source=It_2H_Sword_Flamberge Side=RIGHT Requests=1 Outstanding=1 CleanupObserved=0 Group=7
CORE MARKER ElapsedMs=44814.533 Actor=PC_Hero Action=1 Family=NORMAL Phase=1 Motion=Hero_Stand_None_2H_P0_Attack_Hit_N_Fwd_00_%_00_P1_90_R.xmot Marker=RIGHT Result=ACCEPTED C1Valid=1 C1=14 StatePosition=0 PreviousMask=0 DesiredMask=1 RetiredMask=0 OwnedMask=0 MarkerOwnedMask=1 Activated=1 Deactivated=0 Retired=0 RearmRequests=1 Clears=1 RightUseType=3
CORE RAW55_CALLBACK_SUPPRESSION_PROBE Actor=BlackTroll Family=NORMAL Action=1 Motion=Troll_Stand_Fist_Fist_P0_Attack_Hit_N_Fwd_00_%_00_P0_100.xmot C1=13 Right=TrollFist RightUseType=55 RightGroup=5 Left=TrollFist LeftUseType=55 LeftGroup=5 SUPPRESS_NATIVE=1
CORE ONDAMAGE ElapsedMs=44826.408 Ordinal=4 Target=BlackTroll Arg1=BlackTroll Arg2=BlackTroll Caller=Game.dll+0x00069484 PlayerAction=1 PlayerPhase=1 PlayerMotion=Hero_Stand_None_2H_P0_Attack_Hit_N_Fwd_00_%_00_P1_90_R.xmot Raw8Fist=<none> Raw8UseType=-1 Raw8Group=-1
CORE C1_START ElapsedMs=44830.776 Actor=BlackTroll Generation=15 Status=CANDIDATE Outstanding=0 TrackedSources=2 ReplacedGeneration=13 ReplacedOutstanding=0 Source[0]=TrollFist Side=RIGHT Group=5 Source[1]=TrollFist Side=LEFT Group=5
CORE C1_BIND ElapsedMs=44830.789 Event=COMBAT_MOVE_CANDIDATE_BOUND Actor=BlackTroll Generation=15 Status=CANDIDATE Outstanding=0 Source=<null> Script=_AI_Stumble
CORE C1_STATUS ElapsedMs=44831.132 Event=PERSISTED Actor=BlackTroll Generation=15 Status=PERSISTED Outstanding=0
CORE COLLISION_GROUP ElapsedMs=45013.750 Source=It_2H_Sword_Flamberge UseType=3 Owner=PC_Hero Slot=RIGHT Requested=5 Before=7 After=5 MarkerBitsRetired=1
CORE C1 CLEANUP FULFILLED ElapsedMs=45013.770 Actor=PC_Hero Generation=14 Status=PERSISTED Source=It_2H_Sword_Flamberge Side=RIGHT Requests=1 Outstanding=0 CleanupObserved=1 Group=5
CORE C1_FINAL ElapsedMs=45013.792 Actor=PC_Hero Generation=14 Status=PERSISTED SourceCount=1 PhysicalChanged=0 Source[0]=It_2H_Sword_Flamberge Side=RIGHT Outstanding=0 Cleanup=1 Outcome=NO_OP_NO_OUTSTANDING
CORE C1_START ElapsedMs=45021.317 Actor=PC_Hero Generation=16 Status=CANDIDATE Outstanding=0 TrackedSources=1 ReplacedGeneration=0 ReplacedOutstanding=0 Source[0]=It_2H_Sword_Flamberge Side=RIGHT Group=5
CORE C1_STATUS ElapsedMs=45021.651 Event=PERSISTED Actor=PC_Hero Generation=16 Status=PERSISTED Outstanding=0
CORE C1_START ElapsedMs=45174.304 Actor=PC_Hero Generation=17 Status=CANDIDATE Outstanding=0 TrackedSources=1 ReplacedGeneration=16 ReplacedOutstanding=0 Source[0]=It_2H_Sword_Flamberge Side=RIGHT Group=5
CORE C1_BIND ElapsedMs=45174.316 Event=COMBAT_MOVE_CANDIDATE_BOUND Actor=PC_Hero Generation=17 Status=CANDIDATE Outstanding=0 Source=<null> Script=_AI_Attack
CORE C1_STATUS ElapsedMs=45174.661 Event=PERSISTED Actor=PC_Hero Generation=17 Status=PERSISTED Outstanding=0
CORE ATTACK_OWNERSHIP ElapsedMs=45174.683 Actor=PC_Hero Family=NORMAL Action=1 Phase=1 Motion=Hero_Stand_None_2H_P1_Attack_Hit_N_Fwd_00_%_00_P0_90_L.xmot MarkerPresent=1 RequiredMask=1 FistMarkers=0 Raw8Fist=<none> Raw8UseType=-1 SuppressNative=1 Classification=ROUTINE
CORE C1_FINAL ElapsedMs=45203.101 Actor=BlackTroll Generation=15 Status=PERSISTED SourceCount=2 PhysicalChanged=0 Source[0]=TrollFist Side=RIGHT Outstanding=0 Cleanup=0 Outcome=NO_OP_NO_OUTSTANDING Source[1]=TrollFist Side=LEFT Outstanding=0 Cleanup=0 Outcome=NO_OP_NO_OUTSTANDING
CORE C1_START ElapsedMs=45219.348 Actor=BlackTroll Generation=18 Status=CANDIDATE Outstanding=0 TrackedSources=2 ReplacedGeneration=0 ReplacedOutstanding=0 Source[0]=TrollFist Side=RIGHT Group=5 Source[1]=TrollFist Side=LEFT Group=5
CORE C1_BIND ElapsedMs=45219.361 Event=COMBAT_MOVE_CANDIDATE_BOUND Actor=BlackTroll Generation=18 Status=CANDIDATE Outstanding=0 Source=<null> Script=_AI_PowerAttack
CORE C1_STATUS ElapsedMs=45219.863 Event=PERSISTED Actor=BlackTroll Generation=18 Status=PERSISTED Outstanding=0
CORE COLLISION_GROUP ElapsedMs=45428.888 Source=It_2H_Sword_Flamberge UseType=3 Owner=PC_Hero Slot=RIGHT Requested=7 Before=5 After=7 MarkerBitsRetired=0
CORE C1 OFFENSE REQUEST ElapsedMs=45428.917 Actor=PC_Hero Generation=17 Status=PERSISTED Source=It_2H_Sword_Flamberge Side=RIGHT Requests=1 Outstanding=1 CleanupObserved=0 Group=7
CORE MARKER ElapsedMs=45428.928 Actor=PC_Hero Action=1 Family=NORMAL Phase=1 Motion=Hero_Stand_None_2H_P1_Attack_Hit_N_Fwd_00_%_00_P0_90_L.xmot Marker=RIGHT Result=ACCEPTED C1Valid=1 C1=17 StatePosition=0 PreviousMask=0 DesiredMask=1 RetiredMask=0 OwnedMask=0 MarkerOwnedMask=1 Activated=1 Deactivated=0 Retired=0 RearmRequests=1 Clears=1 RightUseType=3
CORE ONDAMAGE ElapsedMs=45445.991 Ordinal=5 Target=BlackTroll Arg1=BlackTroll Arg2=BlackTroll Caller=Game.dll+0x00069484 PlayerAction=1 PlayerPhase=1 PlayerMotion=Hero_Stand_None_2H_P1_Attack_Hit_N_Fwd_00_%_00_P0_90_L.xmot Raw8Fist=<none> Raw8UseType=-1 Raw8Group=-1
CORE COLLISION_GROUP ElapsedMs=45623.597 Source=It_2H_Sword_Flamberge UseType=3 Owner=PC_Hero Slot=RIGHT Requested=5 Before=7 After=5 MarkerBitsRetired=1
CORE C1 CLEANUP FULFILLED ElapsedMs=45623.616 Actor=PC_Hero Generation=17 Status=PERSISTED Source=It_2H_Sword_Flamberge Side=RIGHT Requests=1 Outstanding=0 CleanupObserved=1 Group=5
CORE C1_FINAL ElapsedMs=45623.636 Actor=PC_Hero Generation=17 Status=PERSISTED SourceCount=1 PhysicalChanged=0 Source[0]=It_2H_Sword_Flamberge Side=RIGHT Outstanding=0 Cleanup=1 Outcome=NO_OP_NO_OUTSTANDING
CORE C1_BIND ElapsedMs=47269.473 Event=COMBAT_MOVE_REUSED Actor=BlackTroll Generation=18 Status=PERSISTED Outstanding=0 Source=<null> Script=_AI_PowerAttack
CORE ATTACK_OWNERSHIP ElapsedMs=47269.926 Actor=BlackTroll Family=SPRINT Action=9 Phase=1 Motion=Troll_Stand_Fist_Fist_P0_PowerAttack_Hit_N_Fwd_00_%_00_P0_150.xmot MarkerPresent=1 RequiredMask=0 FistMarkers=1 Raw8Fist=<none> Raw8UseType=-1 SuppressNative=0 Classification=CONTRADICTION
===== CORE ATTACK OWNERSHIP ANOMALY =====
MatchingMotionFound: 1
MarkerScanValid: 1
RequiredSourcesAvailable: 1
RightSourceSlot: RIGHT
RightSourceName: TrollFist
RightSourceUseType: 55
RightSourceCollisionGroup: 5
LeftSourceSlot: LEFT
LeftSourceName: TrollFist
LeftSourceUseType: 55
LeftSourceCollisionGroup: 5
Raw8FistSourceName: <none>
Raw8FistSourceUseType: -1
Raw8FistSourceCollisionGroup: -1
=========================================

CORE RAW55_CALLBACK_SUPPRESSION_PROBE Actor=BlackTroll Family=SPRINT Action=9 Motion=Troll_Stand_Fist_Fist_P0_PowerAttack_Hit_N_Fwd_00_%_00_P0_150.xmot C1=18 Right=TrollFist RightUseType=55 RightGroup=5 Left=TrollFist LeftUseType=55 LeftGroup=5 SUPPRESS_NATIVE=1
CORE RAW55_CALLBACK_SUPPRESSION_PROBE Actor=BlackTroll Family=SPRINT Action=9 Motion=Troll_Stand_Fist_Fist_P0_PowerAttack_Hit_N_Fwd_00_%_00_P0_150.xmot C1=18 Right=TrollFist RightUseType=55 RightGroup=5 Left=TrollFist LeftUseType=55 LeftGroup=5 SUPPRESS_NATIVE=1
CORE RAW55_CALLBACK_SUPPRESSION_PROBE Actor=BlackTroll Family=SPRINT Action=9 Motion=Troll_Stand_Fist_Fist_P0_PowerAttack_Hit_N_Fwd_00_%_00_P0_150.xmot C1=18 Right=TrollFist RightUseType=55 RightGroup=5 Left=TrollFist LeftUseType=55 LeftGroup=5 SUPPRESS_NATIVE=1
CORE RAW55_CALLBACK_SUPPRESSION_PROBE Actor=BlackTroll Family=SPRINT Action=9 Motion=Troll_Stand_Fist_Fist_P0_PowerAttack_Hit_N_Fwd_00_%_00_P0_150.xmot C1=18 Right=TrollFist RightUseType=55 RightGroup=5 Left=TrollFist LeftUseType=55 LeftGroup=5 SUPPRESS_NATIVE=1
CORE RAW55_CALLBACK_SUPPRESSION_PROBE Actor=BlackTroll Family=SPRINT Action=9 Motion=Troll_Stand_Fist_Fist_P0_PowerAttack_Hit_N_Fwd_00_%_00_P0_150.xmot C1=18 Right=TrollFist RightUseType=55 RightGroup=5 Left=TrollFist LeftUseType=55 LeftGroup=5 SUPPRESS_NATIVE=1
CORE RAW55_CALLBACK_SUPPRESSION_PROBE Actor=BlackTroll Family=SPRINT Action=9 Motion=Troll_Stand_Fist_Fist_P0_PowerAttack_Hit_N_Fwd_00_%_00_P0_150.xmot C1=18 Right=TrollFist RightUseType=55 RightGroup=5 Left=TrollFist LeftUseType=55 LeftGroup=5 SUPPRESS_NATIVE=1
CORE RAW55_CALLBACK_SUPPRESSION_PROBE Actor=BlackTroll Family=SPRINT Action=9 Motion=Troll_Stand_Fist_Fist_P0_PowerAttack_Hit_N_Fwd_00_%_00_P0_150.xmot C1=18 Right=TrollFist RightUseType=55 RightGroup=5 Left=TrollFist LeftUseType=55 LeftGroup=5 SUPPRESS_NATIVE=1
CORE RAW55_CALLBACK_SUPPRESSION_PROBE Actor=BlackTroll Family=SPRINT Action=9 Motion=Troll_Stand_Fist_Fist_P0_PowerAttack_Hit_N_Fwd_00_%_00_P0_150.xmot C1=18 Right=TrollFist RightUseType=55 RightGroup=5 Left=TrollFist LeftUseType=55 LeftGroup=5 SUPPRESS_NATIVE=1
CORE RAW55_CALLBACK_SUPPRESSION_PROBE Actor=BlackTroll Family=SPRINT Action=9 Motion=Troll_Stand_Fist_Fist_P0_PowerAttack_Hit_N_Fwd_00_%_00_P0_150.xmot C1=18 Right=TrollFist RightUseType=55 RightGroup=5 Left=TrollFist LeftUseType=55 LeftGroup=5 SUPPRESS_NATIVE=1
CORE RAW55_CALLBACK_SUPPRESSION_PROBE Actor=BlackTroll Family=SPRINT Action=9 Motion=Troll_Stand_Fist_Fist_P0_PowerAttack_Hit_N_Fwd_00_%_00_P0_150.xmot C1=18 Right=TrollFist RightUseType=55 RightGroup=5 Left=TrollFist LeftUseType=55 LeftGroup=5 SUPPRESS_NATIVE=1
CORE RAW55_CALLBACK_SUPPRESSION_PROBE Actor=BlackTroll Family=SPRINT Action=9 Motion=Troll_Stand_Fist_Fist_P0_PowerAttack_Hit_N_Fwd_00_%_00_P0_150.xmot C1=18 Right=TrollFist RightUseType=55 RightGroup=5 Left=TrollFist LeftUseType=55 LeftGroup=5 SUPPRESS_NATIVE=1
CORE RAW55_CALLBACK_SUPPRESSION_PROBE Actor=BlackTroll Family=SPRINT Action=9 Motion=Troll_Stand_Fist_Fist_P0_PowerAttack_Hit_N_Fwd_00_%_00_P0_150.xmot C1=18 Right=TrollFist RightUseType=55 RightGroup=5 Left=TrollFist LeftUseType=55 LeftGroup=5 SUPPRESS_NATIVE=1
CORE RAW55_CALLBACK_SUPPRESSION_PROBE Actor=BlackTroll Family=SPRINT Action=9 Motion=Troll_Stand_Fist_Fist_P0_PowerAttack_Hit_N_Fwd_00_%_00_P0_150.xmot C1=18 Right=TrollFist RightUseType=55 RightGroup=5 Left=TrollFist LeftUseType=55 LeftGroup=5 SUPPRESS_NATIVE=1
CORE RAW55_CALLBACK_SUPPRESSION_PROBE Actor=BlackTroll Family=SPRINT Action=9 Motion=Troll_Stand_Fist_Fist_P0_PowerAttack_Hit_N_Fwd_00_%_00_P0_150.xmot C1=18 Right=TrollFist RightUseType=55 RightGroup=5 Left=TrollFist LeftUseType=55 LeftGroup=5 SUPPRESS_NATIVE=1
===== CORE MARKER ANOMALY / DISCOVERY =====
ElapsedMs: 47378.344
Actor: BlackTroll
Action: 9
Family: SPRINT
AniPhase: 1
StatePosition: 0
CurrentMovementAni: Troll_Stand_Fist_Fist_P0_PowerAttack_Hit_N_Fwd_00_%_00_P0_150.xmot
MarkerName: G3AB_COL_FIST
MarkerOpcode: FIST
Result: UNSUPPORTED_MISSING_SOURCE
C1GenerationValid: 1
C1Generation: 18
RequiredSourceMask: 0
MissingSourceMask: 0
RightSourceSlot: RIGHT
RightSourceName: TrollFist
RightSourceUseType: 55
RightSourceCollisionGroup: 5
LeftSourceSlot: LEFT
LeftSourceName: TrollFist
LeftSourceUseType: 55
LeftSourceCollisionGroup: 5
Raw8FistSourceName: <none>
Raw8FistSourceUseType: -1
Raw8FistSourceCollisionGroup: -1
===========================================

CORE RAW55_CALLBACK_SUPPRESSION_PROBE Actor=BlackTroll Family=SPRINT Action=9 Motion=Troll_Stand_Fist_Fist_P0_PowerAttack_Hit_N_Fwd_00_%_00_P0_150.xmot C1=18 Right=TrollFist RightUseType=55 RightGroup=5 Left=TrollFist LeftUseType=55 LeftGroup=5 SUPPRESS_NATIVE=1
CORE RAW55_CALLBACK_SUPPRESSION_PROBE Actor=BlackTroll Family=SPRINT Action=9 Motion=Troll_Stand_Fist_Fist_P0_PowerAttack_Hit_N_Fwd_00_%_00_P0_150.xmot C1=18 Right=TrollFist RightUseType=55 RightGroup=5 Left=TrollFist LeftUseType=55 LeftGroup=5 SUPPRESS_NATIVE=1
CORE RAW55_CALLBACK_SUPPRESSION_PROBE Actor=BlackTroll Family=SPRINT Action=9 Motion=Troll_Stand_Fist_Fist_P0_PowerAttack_Hit_N_Fwd_00_%_00_P0_150.xmot C1=18 Right=TrollFist RightUseType=55 RightGroup=5 Left=TrollFist LeftUseType=55 LeftGroup=5 SUPPRESS_NATIVE=1
CORE RAW55_CALLBACK_SUPPRESSION_PROBE Actor=BlackTroll Family=SPRINT Action=9 Motion=Troll_Stand_Fist_Fist_P0_PowerAttack_Hit_N_Fwd_00_%_00_P0_150.xmot C1=18 Right=TrollFist RightUseType=55 RightGroup=5 Left=TrollFist LeftUseType=55 LeftGroup=5 SUPPRESS_NATIVE=1
CORE RAW55_CALLBACK_SUPPRESSION_PROBE Actor=BlackTroll Family=SPRINT Action=9 Motion=Troll_Stand_Fist_Fist_P0_PowerAttack_Hit_N_Fwd_00_%_00_P0_150.xmot C1=18 Right=TrollFist RightUseType=55 RightGroup=5 Left=TrollFist LeftUseType=55 LeftGroup=5 SUPPRESS_NATIVE=1
CORE RAW55_CALLBACK_SUPPRESSION_PROBE Actor=BlackTroll Family=SPRINT Action=9 Motion=Troll_Stand_Fist_Fist_P0_PowerAttack_Hit_N_Fwd_00_%_00_P0_150.xmot C1=18 Right=TrollFist RightUseType=55 RightGroup=5 Left=TrollFist LeftUseType=55 LeftGroup=5 SUPPRESS_NATIVE=1
CORE RAW55_CALLBACK_SUPPRESSION_PROBE Actor=BlackTroll Family=SPRINT Action=9 Motion=Troll_Stand_Fist_Fist_P0_PowerAttack_Hit_N_Fwd_00_%_00_P0_150.xmot C1=18 Right=TrollFist RightUseType=55 RightGroup=5 Left=TrollFist LeftUseType=55 LeftGroup=5 SUPPRESS_NATIVE=1
CORE RAW55_CALLBACK_SUPPRESSION_PROBE Actor=BlackTroll Family=SPRINT Action=9 Motion=Troll_Stand_Fist_Fist_P0_PowerAttack_Hit_N_Fwd_00_%_00_P0_150.xmot C1=18 Right=TrollFist RightUseType=55 RightGroup=5 Left=TrollFist LeftUseType=55 LeftGroup=5 SUPPRESS_NATIVE=1
CORE RAW55_CALLBACK_SUPPRESSION_PROBE Actor=BlackTroll Family=SPRINT Action=9 Motion=Troll_Stand_Fist_Fist_P0_PowerAttack_Hit_N_Fwd_00_%_00_P0_150.xmot C1=18 Right=TrollFist RightUseType=55 RightGroup=5 Left=TrollFist LeftUseType=55 LeftGroup=5 SUPPRESS_NATIVE=1
CORE RAW55_CALLBACK_SUPPRESSION_PROBE Actor=BlackTroll Family=SPRINT Action=9 Motion=Troll_Stand_Fist_Fist_P0_PowerAttack_Hit_N_Fwd_00_%_00_P0_150.xmot C1=18 Right=TrollFist RightUseType=55 RightGroup=5 Left=TrollFist LeftUseType=55 LeftGroup=5 SUPPRESS_NATIVE=1
CORE RAW55_CALLBACK_SUPPRESSION_PROBE Actor=BlackTroll Family=SPRINT Action=9 Motion=Troll_Stand_Fist_Fist_P0_PowerAttack_Hit_N_Fwd_00_%_00_P0_150.xmot C1=18 Right=TrollFist RightUseType=55 RightGroup=5 Left=TrollFist LeftUseType=55 LeftGroup=5 SUPPRESS_NATIVE=1
CORE RAW55_CALLBACK_SUPPRESSION_PROBE Actor=BlackTroll Family=SPRINT Action=9 Motion=Troll_Stand_Fist_Fist_P0_PowerAttack_Hit_N_Fwd_00_%_00_P0_150.xmot C1=18 Right=TrollFist RightUseType=55 RightGroup=5 Left=TrollFist LeftUseType=55 LeftGroup=5 SUPPRESS_NATIVE=1
CORE RAW55_CALLBACK_SUPPRESSION_PROBE Actor=BlackTroll Family=SPRINT Action=9 Motion=Troll_Stand_Fist_Fist_P0_PowerAttack_Hit_N_Fwd_00_%_00_P0_150.xmot C1=18 Right=TrollFist RightUseType=55 RightGroup=5 Left=TrollFist LeftUseType=55 LeftGroup=5 SUPPRESS_NATIVE=1
CORE RAW55_CALLBACK_SUPPRESSION_PROBE Actor=BlackTroll Family=SPRINT Action=9 Motion=Troll_Stand_Fist_Fist_P0_PowerAttack_Hit_N_Fwd_00_%_00_P0_150.xmot C1=18 Right=TrollFist RightUseType=55 RightGroup=5 Left=TrollFist LeftUseType=55 LeftGroup=5 SUPPRESS_NATIVE=1
CORE RAW55_CALLBACK_SUPPRESSION_PROBE Actor=BlackTroll Family=SPRINT Action=9 Motion=Troll_Stand_Fist_Fist_P0_PowerAttack_Hit_N_Fwd_00_%_00_P0_150.xmot C1=18 Right=TrollFist RightUseType=55 RightGroup=5 Left=TrollFist LeftUseType=55 LeftGroup=5 SUPPRESS_NATIVE=1
CORE RAW55_CALLBACK_SUPPRESSION_PROBE Actor=BlackTroll Family=SPRINT Action=9 Motion=Troll_Stand_Fist_Fist_P0_PowerAttack_Hit_N_Fwd_00_%_00_P0_150.xmot C1=18 Right=TrollFist RightUseType=55 RightGroup=5 Left=TrollFist LeftUseType=55 LeftGroup=5 SUPPRESS_NATIVE=1
CORE RAW55_CALLBACK_SUPPRESSION_PROBE Actor=BlackTroll Family=SPRINT Action=9 Motion=Troll_Stand_Fist_Fist_P0_PowerAttack_Hit_N_Fwd_00_%_00_P0_150.xmot C1=18 Right=TrollFist RightUseType=55 RightGroup=5 Left=TrollFist LeftUseType=55 LeftGroup=5 SUPPRESS_NATIVE=1
CORE RAW55_CALLBACK_SUPPRESSION_PROBE Actor=BlackTroll Family=SPRINT Action=9 Motion=Troll_Stand_Fist_Fist_P0_PowerAttack_Hit_N_Fwd_00_%_00_P0_150.xmot C1=18 Right=TrollFist RightUseType=55 RightGroup=5 Left=TrollFist LeftUseType=55 LeftGroup=5 SUPPRESS_NATIVE=1
CORE RAW55_CALLBACK_SUPPRESSION_PROBE Actor=BlackTroll Family=SPRINT Action=9 Motion=Troll_Stand_Fist_Fist_P0_PowerAttack_Hit_N_Fwd_00_%_00_P0_150.xmot C1=18 Right=TrollFist RightUseType=55 RightGroup=5 Left=TrollFist LeftUseType=55 LeftGroup=5 SUPPRESS_NATIVE=1
CORE RAW55_CALLBACK_SUPPRESSION_PROBE Actor=BlackTroll Family=SPRINT Action=9 Motion=Troll_Stand_Fist_Fist_P0_PowerAttack_Hit_N_Fwd_00_%_00_P0_150.xmot C1=18 Right=TrollFist RightUseType=55 RightGroup=5 Left=TrollFist LeftUseType=55 LeftGroup=5 SUPPRESS_NATIVE=1
CORE RAW55_CALLBACK_SUPPRESSION_PROBE Actor=BlackTroll Family=SPRINT Action=9 Motion=Troll_Stand_Fist_Fist_P0_PowerAttack_Hit_N_Fwd_00_%_00_P0_150.xmot C1=18 Right=TrollFist RightUseType=55 RightGroup=5 Left=TrollFist LeftUseType=55 LeftGroup=5 SUPPRESS_NATIVE=1
CORE RAW55_CALLBACK_SUPPRESSION_PROBE Actor=BlackTroll Family=SPRINT Action=9 Motion=Troll_Stand_Fist_Fist_P0_PowerAttack_Hit_N_Fwd_00_%_00_P0_150.xmot C1=18 Right=TrollFist RightUseType=55 RightGroup=5 Left=TrollFist LeftUseType=55 LeftGroup=5 SUPPRESS_NATIVE=1
CORE RAW55_CALLBACK_SUPPRESSION_PROBE Actor=BlackTroll Family=SPRINT Action=9 Motion=Troll_Stand_Fist_Fist_P0_PowerAttack_Hit_N_Fwd_00_%_00_P0_150.xmot C1=18 Right=TrollFist RightUseType=55 RightGroup=5 Left=TrollFist LeftUseType=55 LeftGroup=5 SUPPRESS_NATIVE=1
CORE RAW55_CALLBACK_SUPPRESSION_PROBE Actor=BlackTroll Family=SPRINT Action=9 Motion=Troll_Stand_Fist_Fist_P0_PowerAttack_Hit_N_Fwd_00_%_00_P0_150.xmot C1=18 Right=TrollFist RightUseType=55 RightGroup=5 Left=TrollFist LeftUseType=55 LeftGroup=5 SUPPRESS_NATIVE=1
CORE RAW55_CALLBACK_SUPPRESSION_PROBE Actor=BlackTroll Family=SPRINT Action=9 Motion=Troll_Stand_Fist_Fist_P0_PowerAttack_Hit_N_Fwd_00_%_00_P0_150.xmot C1=18 Right=TrollFist RightUseType=55 RightGroup=5 Left=TrollFist LeftUseType=55 LeftGroup=5 SUPPRESS_NATIVE=1
CORE RAW55_CALLBACK_SUPPRESSION_PROBE Actor=BlackTroll Family=SPRINT Action=9 Motion=Troll_Stand_Fist_Fist_P0_PowerAttack_Hit_N_Fwd_00_%_00_P0_150.xmot C1=18 Right=TrollFist RightUseType=55 RightGroup=5 Left=TrollFist LeftUseType=55 LeftGroup=5 SUPPRESS_NATIVE=1
CORE RAW55_CALLBACK_SUPPRESSION_PROBE Actor=BlackTroll Family=SPRINT Action=9 Motion=Troll_Stand_Fist_Fist_P0_PowerAttack_Hit_N_Fwd_00_%_00_P0_150.xmot C1=18 Right=TrollFist RightUseType=55 RightGroup=5 Left=TrollFist LeftUseType=55 LeftGroup=5 SUPPRESS_NATIVE=1
CORE RAW55_CALLBACK_SUPPRESSION_PROBE Actor=BlackTroll Family=SPRINT Action=9 Motion=Troll_Stand_Fist_Fist_P0_PowerAttack_Hit_N_Fwd_00_%_00_P0_150.xmot C1=18 Right=TrollFist RightUseType=55 RightGroup=5 Left=TrollFist LeftUseType=55 LeftGroup=5 SUPPRESS_NATIVE=1
CORE RAW55_CALLBACK_SUPPRESSION_PROBE Actor=BlackTroll Family=SPRINT Action=9 Motion=Troll_Stand_Fist_Fist_P0_PowerAttack_Hit_N_Fwd_00_%_00_P0_150.xmot C1=18 Right=TrollFist RightUseType=55 RightGroup=5 Left=TrollFist LeftUseType=55 LeftGroup=5 SUPPRESS_NATIVE=1
CORE RAW55_CALLBACK_SUPPRESSION_PROBE Actor=BlackTroll Family=SPRINT Action=9 Motion=Troll_Stand_Fist_Fist_P0_PowerAttack_Hit_N_Fwd_00_%_00_P0_150.xmot C1=18 Right=TrollFist RightUseType=55 RightGroup=5 Left=TrollFist LeftUseType=55 LeftGroup=5 SUPPRESS_NATIVE=1
CORE RAW55_CALLBACK_SUPPRESSION_PROBE Actor=BlackTroll Family=SPRINT Action=9 Motion=Troll_Stand_Fist_Fist_P0_PowerAttack_Hit_N_Fwd_00_%_00_P0_150.xmot C1=18 Right=TrollFist RightUseType=55 RightGroup=5 Left=TrollFist LeftUseType=55 LeftGroup=5 SUPPRESS_NATIVE=1
CORE RAW55_CALLBACK_SUPPRESSION_PROBE Actor=BlackTroll Family=SPRINT Action=9 Motion=Troll_Stand_Fist_Fist_P0_PowerAttack_Hit_N_Fwd_00_%_00_P0_150.xmot C1=18 Right=TrollFist RightUseType=55 RightGroup=5 Left=TrollFist LeftUseType=55 LeftGroup=5 SUPPRESS_NATIVE=1
CORE RAW55_CALLBACK_SUPPRESSION_PROBE Actor=BlackTroll Family=SPRINT Action=9 Motion=Troll_Stand_Fist_Fist_P0_PowerAttack_Hit_N_Fwd_00_%_00_P0_150.xmot C1=18 Right=TrollFist RightUseType=55 RightGroup=5 Left=TrollFist LeftUseType=55 LeftGroup=5 SUPPRESS_NATIVE=1
CORE RAW55_CALLBACK_SUPPRESSION_PROBE Actor=BlackTroll Family=SPRINT Action=9 Motion=Troll_Stand_Fist_Fist_P0_PowerAttack_Hit_N_Fwd_00_%_00_P0_150.xmot C1=18 Right=TrollFist RightUseType=55 RightGroup=5 Left=TrollFist LeftUseType=55 LeftGroup=5 SUPPRESS_NATIVE=1
CORE RAW55_CALLBACK_SUPPRESSION_PROBE Actor=BlackTroll Family=SPRINT Action=9 Motion=Troll_Stand_Fist_Fist_P0_PowerAttack_Hit_N_Fwd_00_%_00_P0_150.xmot C1=18 Right=TrollFist RightUseType=55 RightGroup=5 Left=TrollFist LeftUseType=55 LeftGroup=5 SUPPRESS_NATIVE=1
CORE RAW55_CALLBACK_SUPPRESSION_PROBE Actor=BlackTroll Family=SPRINT Action=9 Motion=Troll_Stand_Fist_Fist_P0_PowerAttack_Hit_N_Fwd_00_%_00_P0_150.xmot C1=18 Right=TrollFist RightUseType=55 RightGroup=5 Left=TrollFist LeftUseType=55 LeftGroup=5 SUPPRESS_NATIVE=1
CORE C1_FINAL ElapsedMs=47683.698 Actor=BlackTroll Generation=18 Status=PERSISTED SourceCount=2 PhysicalChanged=0 Source[0]=TrollFist Side=RIGHT Outstanding=0 Cleanup=0 Outcome=NO_OP_NO_OUTSTANDING Source[1]=TrollFist Side=LEFT Outstanding=0 Cleanup=0 Outcome=NO_OP_NO_OUTSTANDING
CORE C1_START ElapsedMs=48864.525 Actor=BlackTroll Generation=19 Status=CANDIDATE Outstanding=0 TrackedSources=2 ReplacedGeneration=0 ReplacedOutstanding=0 Source[0]=TrollFist Side=RIGHT Group=5 Source[1]=TrollFist Side=LEFT Group=5
CORE C1_BIND ElapsedMs=48864.539 Event=COMBAT_MOVE_CANDIDATE_BOUND Actor=BlackTroll Generation=19 Status=CANDIDATE Outstanding=0 Source=<null> Script=_AI_QuickAttack
CORE C1_STATUS ElapsedMs=48864.616 Event=PERSISTED Actor=BlackTroll Generation=19 Status=PERSISTED Outstanding=0
CORE ATTACK_OWNERSHIP ElapsedMs=48864.632 Actor=BlackTroll Family=QUICK Action=5 Phase=1 Motion=Troll_Stand_Fist_Fist_P0_QuickAttackL_Hit_N_Fwd_00_%_00_P0_100.xmot MarkerPresent=1 RequiredMask=0 FistMarkers=1 Raw8Fist=<none> Raw8UseType=-1 SuppressNative=0 Classification=CONTRADICTION
===== CORE ATTACK OWNERSHIP ANOMALY =====
MatchingMotionFound: 1
MarkerScanValid: 1
RequiredSourcesAvailable: 1
RightSourceSlot: RIGHT
RightSourceName: TrollFist
RightSourceUseType: 55
RightSourceCollisionGroup: 5
LeftSourceSlot: LEFT
LeftSourceName: TrollFist
LeftSourceUseType: 55
LeftSourceCollisionGroup: 5
Raw8FistSourceName: <none>
Raw8FistSourceUseType: -1
Raw8FistSourceCollisionGroup: -1
=========================================

CORE RAW55_QUICK_CALLBACK_BOUNDARY Actor=BlackTroll C1=19 SameC1=1 Action=5->5 Phase=1->1 StateTime=0.000000->0.000000 StatePosition=0->0 MotionBefore=Troll_Stand_Fist_Fist_P0_QuickAttackL_Hit_N_Fwd_00_%_00_P0_100.xmot MotionAfter=Troll_Stand_Fist_Fist_P0_QuickAttackL_Hit_N_Fwd_00_%_00_P0_100.xmot Right=TrollFist RightUseType=55 RightGroup=5->5 NativeResult=1 OBSERVE_NATIVE=1
CORE RAW55_QUICK_CALLBACK_BOUNDARY Actor=BlackTroll C1=19 SameC1=1 Action=5->5 Phase=1->1 StateTime=0.008333->0.008333 StatePosition=0->0 MotionBefore=Troll_Stand_Fist_Fist_P0_QuickAttackL_Hit_N_Fwd_00_%_00_P0_100.xmot MotionAfter=Troll_Stand_Fist_Fist_P0_QuickAttackL_Hit_N_Fwd_00_%_00_P0_100.xmot Right=TrollFist RightUseType=55 RightGroup=5->5 NativeResult=1 OBSERVE_NATIVE=1
CORE RAW55_QUICK_CALLBACK_BOUNDARY Actor=BlackTroll C1=19 SameC1=1 Action=5->5 Phase=1->1 StateTime=0.016667->0.016667 StatePosition=0->0 MotionBefore=Troll_Stand_Fist_Fist_P0_QuickAttackL_Hit_N_Fwd_00_%_00_P0_100.xmot MotionAfter=Troll_Stand_Fist_Fist_P0_QuickAttackL_Hit_N_Fwd_00_%_00_P0_100.xmot Right=TrollFist RightUseType=55 RightGroup=5->5 NativeResult=1 OBSERVE_NATIVE=1
CORE RAW55_QUICK_CALLBACK_BOUNDARY Actor=BlackTroll C1=19 SameC1=1 Action=5->5 Phase=1->1 StateTime=0.025000->0.025000 StatePosition=0->0 MotionBefore=Troll_Stand_Fist_Fist_P0_QuickAttackL_Hit_N_Fwd_00_%_00_P0_100.xmot MotionAfter=Troll_Stand_Fist_Fist_P0_QuickAttackL_Hit_N_Fwd_00_%_00_P0_100.xmot Right=TrollFist RightUseType=55 RightGroup=5->5 NativeResult=1 OBSERVE_NATIVE=1
CORE RAW55_QUICK_CALLBACK_BOUNDARY Actor=BlackTroll C1=19 SameC1=1 Action=5->5 Phase=1->1 StateTime=0.033333->0.033333 StatePosition=0->0 MotionBefore=Troll_Stand_Fist_Fist_P0_QuickAttackL_Hit_N_Fwd_00_%_00_P0_100.xmot MotionAfter=Troll_Stand_Fist_Fist_P0_QuickAttackL_Hit_N_Fwd_00_%_00_P0_100.xmot Right=TrollFist RightUseType=55 RightGroup=5->5 NativeResult=1 OBSERVE_NATIVE=1
CORE RAW55_QUICK_CALLBACK_BOUNDARY Actor=BlackTroll C1=19 SameC1=1 Action=5->5 Phase=1->1 StateTime=0.041667->0.041667 StatePosition=0->0 MotionBefore=Troll_Stand_Fist_Fist_P0_QuickAttackL_Hit_N_Fwd_00_%_00_P0_100.xmot MotionAfter=Troll_Stand_Fist_Fist_P0_QuickAttackL_Hit_N_Fwd_00_%_00_P0_100.xmot Right=TrollFist RightUseType=55 RightGroup=5->5 NativeResult=1 OBSERVE_NATIVE=1
CORE RAW55_QUICK_CALLBACK_BOUNDARY Actor=BlackTroll C1=19 SameC1=1 Action=5->5 Phase=1->1 StateTime=0.050637->0.050637 StatePosition=0->0 MotionBefore=Troll_Stand_Fist_Fist_P0_QuickAttackL_Hit_N_Fwd_00_%_00_P0_100.xmot MotionAfter=Troll_Stand_Fist_Fist_P0_QuickAttackL_Hit_N_Fwd_00_%_00_P0_100.xmot Right=TrollFist RightUseType=55 RightGroup=5->5 NativeResult=1 OBSERVE_NATIVE=1
CORE RAW55_QUICK_CALLBACK_BOUNDARY Actor=BlackTroll C1=19 SameC1=1 Action=5->5 Phase=1->1 StateTime=0.058971->0.058971 StatePosition=0->0 MotionBefore=Troll_Stand_Fist_Fist_P0_QuickAttackL_Hit_N_Fwd_00_%_00_P0_100.xmot MotionAfter=Troll_Stand_Fist_Fist_P0_QuickAttackL_Hit_N_Fwd_00_%_00_P0_100.xmot Right=TrollFist RightUseType=55 RightGroup=5->5 NativeResult=1 OBSERVE_NATIVE=1
CORE RAW55_QUICK_CALLBACK_BOUNDARY Actor=BlackTroll C1=19 SameC1=1 Action=5->5 Phase=1->1 StateTime=0.067942->0.067942 StatePosition=0->0 MotionBefore=Troll_Stand_Fist_Fist_P0_QuickAttackL_Hit_N_Fwd_00_%_00_P0_100.xmot MotionAfter=Troll_Stand_Fist_Fist_P0_QuickAttackL_Hit_N_Fwd_00_%_00_P0_100.xmot Right=TrollFist RightUseType=55 RightGroup=5->5 NativeResult=1 OBSERVE_NATIVE=1
CORE RAW55_QUICK_CALLBACK_BOUNDARY Actor=BlackTroll C1=19 SameC1=1 Action=5->5 Phase=1->1 StateTime=0.076275->0.076275 StatePosition=0->0 MotionBefore=Troll_Stand_Fist_Fist_P0_QuickAttackL_Hit_N_Fwd_00_%_00_P0_100.xmot MotionAfter=Troll_Stand_Fist_Fist_P0_QuickAttackL_Hit_N_Fwd_00_%_00_P0_100.xmot Right=TrollFist RightUseType=55 RightGroup=5->5 NativeResult=1 OBSERVE_NATIVE=1
CORE RAW55_QUICK_CALLBACK_BOUNDARY Actor=BlackTroll C1=19 SameC1=1 Action=5->5 Phase=1->1 StateTime=0.084608->0.084608 StatePosition=0->0 MotionBefore=Troll_Stand_Fist_Fist_P0_QuickAttackL_Hit_N_Fwd_00_%_00_P0_100.xmot MotionAfter=Troll_Stand_Fist_Fist_P0_QuickAttackL_Hit_N_Fwd_00_%_00_P0_100.xmot Right=TrollFist RightUseType=55 RightGroup=5->5 NativeResult=1 OBSERVE_NATIVE=1
CORE RAW55_QUICK_CALLBACK_BOUNDARY Actor=BlackTroll C1=19 SameC1=1 Action=5->5 Phase=1->1 StateTime=0.093579->0.093579 StatePosition=0->0 MotionBefore=Troll_Stand_Fist_Fist_P0_QuickAttackL_Hit_N_Fwd_00_%_00_P0_100.xmot MotionAfter=Troll_Stand_Fist_Fist_P0_QuickAttackL_Hit_N_Fwd_00_%_00_P0_100.xmot Right=TrollFist RightUseType=55 RightGroup=5->5 NativeResult=1 OBSERVE_NATIVE=1
CORE RAW55_QUICK_GROUP_SUPPRESSION Actor=BlackTroll C1=19 Right=TrollFist RightUseType=55 RequestedGroup=7 BeforeGroup=5 StatePosition=0 StateTime=0.101912 SUPPRESS_GROUP=1
CORE RAW55_QUICK_CALLBACK_BOUNDARY Actor=BlackTroll C1=19 SameC1=1 Action=5->5 Phase=1->1 StateTime=0.101912->0.101912 StatePosition=0->1 MotionBefore=Troll_Stand_Fist_Fist_P0_QuickAttackL_Hit_N_Fwd_00_%_00_P0_100.xmot MotionAfter=Troll_Stand_Fist_Fist_P0_QuickAttackL_Hit_N_Fwd_00_%_00_P0_100.xmot Right=TrollFist RightUseType=55 RightGroup=5->5 NativeResult=1 OBSERVE_NATIVE=1
CORE RAW55_QUICK_CALLBACK_BOUNDARY Actor=BlackTroll C1=19 SameC1=1 Action=5->5 Phase=1->1 StateTime=0.110883->0.110883 StatePosition=1->1 MotionBefore=Troll_Stand_Fist_Fist_P0_QuickAttackL_Hit_N_Fwd_00_%_00_P0_100.xmot MotionAfter=Troll_Stand_Fist_Fist_P0_QuickAttackL_Hit_N_Fwd_00_%_00_P0_100.xmot Right=TrollFist RightUseType=55 RightGroup=5->5 NativeResult=1 OBSERVE_NATIVE=1
CORE RAW55_QUICK_CALLBACK_BOUNDARY Actor=BlackTroll C1=19 SameC1=1 Action=5->5 Phase=1->1 StateTime=0.119216->0.119216 StatePosition=1->1 MotionBefore=Troll_Stand_Fist_Fist_P0_QuickAttackL_Hit_N_Fwd_00_%_00_P0_100.xmot MotionAfter=Troll_Stand_Fist_Fist_P0_QuickAttackL_Hit_N_Fwd_00_%_00_P0_100.xmot Right=TrollFist RightUseType=55 RightGroup=5->5 NativeResult=1 OBSERVE_NATIVE=1
CORE RAW55_QUICK_CALLBACK_BOUNDARY Actor=BlackTroll C1=19 SameC1=1 Action=5->5 Phase=1->1 StateTime=0.127550->0.127550 StatePosition=1->1 MotionBefore=Troll_Stand_Fist_Fist_P0_QuickAttackL_Hit_N_Fwd_00_%_00_P0_100.xmot MotionAfter=Troll_Stand_Fist_Fist_P0_QuickAttackL_Hit_N_Fwd_00_%_00_P0_100.xmot Right=TrollFist RightUseType=55 RightGroup=5->5 NativeResult=1 OBSERVE_NATIVE=1
CORE RAW55_QUICK_CALLBACK_BOUNDARY Actor=BlackTroll C1=19 SameC1=1 Action=5->5 Phase=1->1 StateTime=0.135883->0.135883 StatePosition=1->1 MotionBefore=Troll_Stand_Fist_Fist_P0_QuickAttackL_Hit_N_Fwd_00_%_00_P0_100.xmot MotionAfter=Troll_Stand_Fist_Fist_P0_QuickAttackL_Hit_N_Fwd_00_%_00_P0_100.xmot Right=TrollFist RightUseType=55 RightGroup=5->5 NativeResult=1 OBSERVE_NATIVE=1
CORE RAW55_QUICK_CALLBACK_BOUNDARY Actor=BlackTroll C1=19 SameC1=1 Action=5->5 Phase=1->1 StateTime=0.144216->0.144216 StatePosition=1->1 MotionBefore=Troll_Stand_Fist_Fist_P0_QuickAttackL_Hit_N_Fwd_00_%_00_P0_100.xmot MotionAfter=Troll_Stand_Fist_Fist_P0_QuickAttackL_Hit_N_Fwd_00_%_00_P0_100.xmot Right=TrollFist RightUseType=55 RightGroup=5->5 NativeResult=1 OBSERVE_NATIVE=1
CORE RAW55_QUICK_CALLBACK_BOUNDARY Actor=BlackTroll C1=19 SameC1=1 Action=5->5 Phase=1->1 StateTime=0.152550->0.152550 StatePosition=1->1 MotionBefore=Troll_Stand_Fist_Fist_P0_QuickAttackL_Hit_N_Fwd_00_%_00_P0_100.xmot MotionAfter=Troll_Stand_Fist_Fist_P0_QuickAttackL_Hit_N_Fwd_00_%_00_P0_100.xmot Right=TrollFist RightUseType=55 RightGroup=5->5 NativeResult=1 OBSERVE_NATIVE=1
CORE RAW55_QUICK_CALLBACK_BOUNDARY Actor=BlackTroll C1=19 SameC1=1 Action=5->5 Phase=1->1 StateTime=0.160883->0.160883 StatePosition=1->1 MotionBefore=Troll_Stand_Fist_Fist_P0_QuickAttackL_Hit_N_Fwd_00_%_00_P0_100.xmot MotionAfter=Troll_Stand_Fist_Fist_P0_QuickAttackL_Hit_N_Fwd_00_%_00_P0_100.xmot Right=TrollFist RightUseType=55 RightGroup=5->5 NativeResult=1 OBSERVE_NATIVE=1
CORE RAW55_QUICK_CALLBACK_BOUNDARY Actor=BlackTroll C1=19 SameC1=1 Action=5->5 Phase=1->1 StateTime=0.169216->0.169216 StatePosition=1->1 MotionBefore=Troll_Stand_Fist_Fist_P0_QuickAttackL_Hit_N_Fwd_00_%_00_P0_100.xmot MotionAfter=Troll_Stand_Fist_Fist_P0_QuickAttackL_Hit_N_Fwd_00_%_00_P0_100.xmot Right=TrollFist RightUseType=55 RightGroup=5->5 NativeResult=1 OBSERVE_NATIVE=1
CORE RAW55_QUICK_CALLBACK_BOUNDARY Actor=BlackTroll C1=19 SameC1=1 Action=5->5 Phase=1->1 StateTime=0.177550->0.177550 StatePosition=1->1 MotionBefore=Troll_Stand_Fist_Fist_P0_QuickAttackL_Hit_N_Fwd_00_%_00_P0_100.xmot MotionAfter=Troll_Stand_Fist_Fist_P0_QuickAttackL_Hit_N_Fwd_00_%_00_P0_100.xmot Right=TrollFist RightUseType=55 RightGroup=5->5 NativeResult=1 OBSERVE_NATIVE=1
CORE RAW55_QUICK_CALLBACK_BOUNDARY Actor=BlackTroll C1=19 SameC1=1 Action=5->5 Phase=1->1 StateTime=0.186520->0.186520 StatePosition=1->1 MotionBefore=Troll_Stand_Fist_Fist_P0_QuickAttackL_Hit_N_Fwd_00_%_00_P0_100.xmot MotionAfter=Troll_Stand_Fist_Fist_P0_QuickAttackL_Hit_N_Fwd_00_%_00_P0_100.xmot Right=TrollFist RightUseType=55 RightGroup=5->5 NativeResult=1 OBSERVE_NATIVE=1
CORE RAW55_QUICK_CALLBACK_BOUNDARY Actor=BlackTroll C1=19 SameC1=1 Action=5->5 Phase=1->1 StateTime=0.194854->0.194854 StatePosition=1->1 MotionBefore=Troll_Stand_Fist_Fist_P0_QuickAttackL_Hit_N_Fwd_00_%_00_P0_100.xmot MotionAfter=Troll_Stand_Fist_Fist_P0_QuickAttackL_Hit_N_Fwd_00_%_00_P0_100.xmot Right=TrollFist RightUseType=55 RightGroup=5->5 NativeResult=1 OBSERVE_NATIVE=1
CORE RAW55_QUICK_CALLBACK_BOUNDARY Actor=BlackTroll C1=19 SameC1=1 Action=5->5 Phase=1->1 StateTime=0.218617->0.218617 StatePosition=1->1 MotionBefore=Troll_Stand_Fist_Fist_P0_QuickAttackL_Hit_N_Fwd_00_%_00_P0_100.xmot MotionAfter=Troll_Stand_Fist_Fist_P0_QuickAttackL_Hit_N_Fwd_00_%_00_P0_100.xmot Right=TrollFist RightUseType=55 RightGroup=5->5 NativeResult=1 OBSERVE_NATIVE=1
CORE RAW55_QUICK_CALLBACK_BOUNDARY Actor=BlackTroll C1=19 SameC1=1 Action=5->5 Phase=1->1 StateTime=0.227695->0.227695 StatePosition=1->1 MotionBefore=Troll_Stand_Fist_Fist_P0_QuickAttackL_Hit_N_Fwd_00_%_00_P0_100.xmot MotionAfter=Troll_Stand_Fist_Fist_P0_QuickAttackL_Hit_N_Fwd_00_%_00_P0_100.xmot Right=TrollFist RightUseType=55 RightGroup=5->5 NativeResult=1 OBSERVE_NATIVE=1
CORE RAW55_QUICK_CALLBACK_BOUNDARY Actor=BlackTroll C1=19 SameC1=1 Action=5->5 Phase=1->1 StateTime=0.236028->0.236028 StatePosition=1->1 MotionBefore=Troll_Stand_Fist_Fist_P0_QuickAttackL_Hit_N_Fwd_00_%_00_P0_100.xmot MotionAfter=Troll_Stand_Fist_Fist_P0_QuickAttackL_Hit_N_Fwd_00_%_00_P0_100.xmot Right=TrollFist RightUseType=55 RightGroup=5->5 NativeResult=1 OBSERVE_NATIVE=1
CORE RAW55_QUICK_CALLBACK_BOUNDARY Actor=BlackTroll C1=19 SameC1=1 Action=5->5 Phase=1->1 StateTime=0.245984->0.245984 StatePosition=1->1 MotionBefore=Troll_Stand_Fist_Fist_P0_QuickAttackL_Hit_N_Fwd_00_%_00_P0_100.xmot MotionAfter=Troll_Stand_Fist_Fist_P0_QuickAttackL_Hit_N_Fwd_00_%_00_P0_100.xmot Right=TrollFist RightUseType=55 RightGroup=5->5 NativeResult=1 OBSERVE_NATIVE=1
CORE RAW55_QUICK_CALLBACK_BOUNDARY Actor=BlackTroll C1=19 SameC1=1 Action=5->5 Phase=1->1 StateTime=0.254317->0.254317 StatePosition=1->1 MotionBefore=Troll_Stand_Fist_Fist_P0_QuickAttackL_Hit_N_Fwd_00_%_00_P0_100.xmot MotionAfter=Troll_Stand_Fist_Fist_P0_QuickAttackL_Hit_N_Fwd_00_%_00_P0_100.xmot Right=TrollFist RightUseType=55 RightGroup=5->5 NativeResult=1 OBSERVE_NATIVE=1
CORE RAW55_QUICK_CALLBACK_BOUNDARY Actor=BlackTroll C1=19 SameC1=1 Action=5->5 Phase=1->1 StateTime=0.262651->0.262651 StatePosition=1->1 MotionBefore=Troll_Stand_Fist_Fist_P0_QuickAttackL_Hit_N_Fwd_00_%_00_P0_100.xmot MotionAfter=Troll_Stand_Fist_Fist_P0_QuickAttackL_Hit_N_Fwd_00_%_00_P0_100.xmot Right=TrollFist RightUseType=55 RightGroup=5->5 NativeResult=1 OBSERVE_NATIVE=1
CORE RAW55_QUICK_CALLBACK_BOUNDARY Actor=BlackTroll C1=19 SameC1=1 Action=5->5 Phase=1->1 StateTime=0.270984->0.270984 StatePosition=1->1 MotionBefore=Troll_Stand_Fist_Fist_P0_QuickAttackL_Hit_N_Fwd_00_%_00_P0_100.xmot MotionAfter=Troll_Stand_Fist_Fist_P0_QuickAttackL_Hit_N_Fwd_00_%_00_P0_100.xmot Right=TrollFist RightUseType=55 RightGroup=5->5 NativeResult=1 OBSERVE_NATIVE=1
CORE RAW55_QUICK_CALLBACK_BOUNDARY Actor=BlackTroll C1=19 SameC1=1 Action=5->5 Phase=1->1 StateTime=0.281925->0.281925 StatePosition=1->1 MotionBefore=Troll_Stand_Fist_Fist_P0_QuickAttackL_Hit_N_Fwd_00_%_00_P0_100.xmot MotionAfter=Troll_Stand_Fist_Fist_P0_QuickAttackL_Hit_N_Fwd_00_%_00_P0_100.xmot Right=TrollFist RightUseType=55 RightGroup=5->5 NativeResult=1 OBSERVE_NATIVE=1
CORE RAW55_QUICK_CALLBACK_BOUNDARY Actor=BlackTroll C1=19 SameC1=1 Action=5->5 Phase=1->1 StateTime=0.290259->0.290259 StatePosition=1->1 MotionBefore=Troll_Stand_Fist_Fist_P0_QuickAttackL_Hit_N_Fwd_00_%_00_P0_100.xmot MotionAfter=Troll_Stand_Fist_Fist_P0_QuickAttackL_Hit_N_Fwd_00_%_00_P0_100.xmot Right=TrollFist RightUseType=55 RightGroup=5->5 NativeResult=1 OBSERVE_NATIVE=1
CORE RAW55_QUICK_CALLBACK_BOUNDARY Actor=BlackTroll C1=19 SameC1=1 Action=5->5 Phase=1->1 StateTime=0.299230->0.299230 StatePosition=1->1 MotionBefore=Troll_Stand_Fist_Fist_P0_QuickAttackL_Hit_N_Fwd_00_%_00_P0_100.xmot MotionAfter=Troll_Stand_Fist_Fist_P0_QuickAttackL_Hit_N_Fwd_00_%_00_P0_100.xmot Right=TrollFist RightUseType=55 RightGroup=5->5 NativeResult=1 OBSERVE_NATIVE=1
CORE RAW55_QUICK_CALLBACK_BOUNDARY Actor=BlackTroll C1=19 SameC1=1 Action=5->5 Phase=1->1 StateTime=0.307563->0.307563 StatePosition=1->1 MotionBefore=Troll_Stand_Fist_Fist_P0_QuickAttackL_Hit_N_Fwd_00_%_00_P0_100.xmot MotionAfter=Troll_Stand_Fist_Fist_P0_QuickAttackL_Hit_N_Fwd_00_%_00_P0_100.xmot Right=TrollFist RightUseType=55 RightGroup=5->5 NativeResult=1 OBSERVE_NATIVE=1
CORE RAW55_QUICK_CALLBACK_BOUNDARY Actor=BlackTroll C1=19 SameC1=1 Action=5->5 Phase=1->1 StateTime=0.317519->0.317519 StatePosition=1->1 MotionBefore=Troll_Stand_Fist_Fist_P0_QuickAttackL_Hit_N_Fwd_00_%_00_P0_100.xmot MotionAfter=Troll_Stand_Fist_Fist_P0_QuickAttackL_Hit_N_Fwd_00_%_00_P0_100.xmot Right=TrollFist RightUseType=55 RightGroup=5->5 NativeResult=1 OBSERVE_NATIVE=1
CORE RAW55_QUICK_CALLBACK_BOUNDARY Actor=BlackTroll C1=19 SameC1=1 Action=5->5 Phase=1->1 StateTime=0.325852->0.325852 StatePosition=1->1 MotionBefore=Troll_Stand_Fist_Fist_P0_QuickAttackL_Hit_N_Fwd_00_%_00_P0_100.xmot MotionAfter=Troll_Stand_Fist_Fist_P0_QuickAttackL_Hit_N_Fwd_00_%_00_P0_100.xmot Right=TrollFist RightUseType=55 RightGroup=5->5 NativeResult=1 OBSERVE_NATIVE=1
CORE RAW55_QUICK_CALLBACK_BOUNDARY Actor=BlackTroll C1=19 SameC1=1 Action=5->5 Phase=1->1 StateTime=0.334823->0.334823 StatePosition=1->1 MotionBefore=Troll_Stand_Fist_Fist_P0_QuickAttackL_Hit_N_Fwd_00_%_00_P0_100.xmot MotionAfter=Troll_Stand_Fist_Fist_P0_QuickAttackL_Hit_N_Fwd_00_%_00_P0_100.xmot Right=TrollFist RightUseType=55 RightGroup=5->5 NativeResult=1 OBSERVE_NATIVE=1
CORE RAW55_QUICK_CALLBACK_BOUNDARY Actor=BlackTroll C1=19 SameC1=1 Action=5->5 Phase=1->1 StateTime=0.343157->0.343157 StatePosition=1->1 MotionBefore=Troll_Stand_Fist_Fist_P0_QuickAttackL_Hit_N_Fwd_00_%_00_P0_100.xmot MotionAfter=Troll_Stand_Fist_Fist_P0_QuickAttackL_Hit_N_Fwd_00_%_00_P0_100.xmot Right=TrollFist RightUseType=55 RightGroup=5->5 NativeResult=1 OBSERVE_NATIVE=1
CORE RAW55_QUICK_CALLBACK_BOUNDARY Actor=BlackTroll C1=19 SameC1=1 Action=5->5 Phase=1->1 StateTime=0.351490->0.351490 StatePosition=1->1 MotionBefore=Troll_Stand_Fist_Fist_P0_QuickAttackL_Hit_N_Fwd_00_%_00_P0_100.xmot MotionAfter=Troll_Stand_Fist_Fist_P0_QuickAttackL_Hit_N_Fwd_00_%_00_P0_100.xmot Right=TrollFist RightUseType=55 RightGroup=5->5 NativeResult=1 OBSERVE_NATIVE=1
CORE RAW55_QUICK_CALLBACK_BOUNDARY Actor=BlackTroll C1=19 SameC1=1 Action=5->5 Phase=1->1 StateTime=0.359823->0.359823 StatePosition=1->1 MotionBefore=Troll_Stand_Fist_Fist_P0_QuickAttackL_Hit_N_Fwd_00_%_00_P0_100.xmot MotionAfter=Troll_Stand_Fist_Fist_P0_QuickAttackL_Hit_N_Fwd_00_%_00_P0_100.xmot Right=TrollFist RightUseType=55 RightGroup=5->5 NativeResult=1 OBSERVE_NATIVE=1
CORE RAW55_QUICK_CALLBACK_BOUNDARY Actor=BlackTroll C1=19 SameC1=1 Action=5->5 Phase=1->1 StateTime=0.368157->0.368157 StatePosition=1->1 MotionBefore=Troll_Stand_Fist_Fist_P0_QuickAttackL_Hit_N_Fwd_00_%_00_P0_100.xmot MotionAfter=Troll_Stand_Fist_Fist_P0_QuickAttackL_Hit_N_Fwd_00_%_00_P0_100.xmot Right=TrollFist RightUseType=55 RightGroup=5->5 NativeResult=1 OBSERVE_NATIVE=1
CORE RAW55_QUICK_CALLBACK_BOUNDARY Actor=BlackTroll C1=19 SameC1=1 Action=5->5 Phase=1->1 StateTime=0.377127->0.377127 StatePosition=1->1 MotionBefore=Troll_Stand_Fist_Fist_P0_QuickAttackL_Hit_N_Fwd_00_%_00_P0_100.xmot MotionAfter=Troll_Stand_Fist_Fist_P0_QuickAttackL_Hit_N_Fwd_00_%_00_P0_100.xmot Right=TrollFist RightUseType=55 RightGroup=5->5 NativeResult=1 OBSERVE_NATIVE=1
CORE RAW55_QUICK_CALLBACK_BOUNDARY Actor=BlackTroll C1=19 SameC1=1 Action=5->5 Phase=1->1 StateTime=0.385461->0.385461 StatePosition=1->1 MotionBefore=Troll_Stand_Fist_Fist_P0_QuickAttackL_Hit_N_Fwd_00_%_00_P0_100.xmot MotionAfter=Troll_Stand_Fist_Fist_P0_QuickAttackL_Hit_N_Fwd_00_%_00_P0_100.xmot Right=TrollFist RightUseType=55 RightGroup=5->5 NativeResult=1 OBSERVE_NATIVE=1
CORE RAW55_QUICK_CALLBACK_BOUNDARY Actor=BlackTroll C1=19 SameC1=1 Action=5->5 Phase=1->1 StateTime=0.394432->0.394432 StatePosition=1->1 MotionBefore=Troll_Stand_Fist_Fist_P0_QuickAttackL_Hit_N_Fwd_00_%_00_P0_100.xmot MotionAfter=Troll_Stand_Fist_Fist_P0_QuickAttackL_Hit_N_Fwd_00_%_00_P0_100.xmot Right=TrollFist RightUseType=55 RightGroup=5->5 NativeResult=1 OBSERVE_NATIVE=1
CORE RAW55_QUICK_CALLBACK_BOUNDARY Actor=BlackTroll C1=19 SameC1=1 Action=5->5 Phase=1->1 StateTime=0.402765->0.402765 StatePosition=1->1 MotionBefore=Troll_Stand_Fist_Fist_P0_QuickAttackL_Hit_N_Fwd_00_%_00_P0_100.xmot MotionAfter=Troll_Stand_Fist_Fist_P0_QuickAttackL_Hit_N_Fwd_00_%_00_P0_100.xmot Right=TrollFist RightUseType=55 RightGroup=5->5 NativeResult=1 OBSERVE_NATIVE=1
CORE RAW55_QUICK_CALLBACK_BOUNDARY Actor=BlackTroll C1=19 SameC1=1 Action=5->5 Phase=1->1 StateTime=0.411098->0.411098 StatePosition=1->1 MotionBefore=Troll_Stand_Fist_Fist_P0_QuickAttackL_Hit_N_Fwd_00_%_00_P0_100.xmot MotionAfter=Troll_Stand_Fist_Fist_P0_QuickAttackL_Hit_N_Fwd_00_%_00_P0_100.xmot Right=TrollFist RightUseType=55 RightGroup=5->5 NativeResult=1 OBSERVE_NATIVE=1
CORE RAW55_QUICK_CALLBACK_BOUNDARY Actor=BlackTroll C1=19 SameC1=1 Action=5->5 Phase=1->1 StateTime=0.419432->0.419432 StatePosition=1->1 MotionBefore=Troll_Stand_Fist_Fist_P0_QuickAttackL_Hit_N_Fwd_00_%_00_P0_100.xmot MotionAfter=Troll_Stand_Fist_Fist_P0_QuickAttackL_Hit_N_Fwd_00_%_00_P0_100.xmot Right=TrollFist RightUseType=55 RightGroup=5->5 NativeResult=1 OBSERVE_NATIVE=1
CORE RAW55_QUICK_CALLBACK_BOUNDARY Actor=BlackTroll C1=19 SameC1=1 Action=5->5 Phase=1->1 StateTime=0.427765->0.427765 StatePosition=1->1 MotionBefore=Troll_Stand_Fist_Fist_P0_QuickAttackL_Hit_N_Fwd_00_%_00_P0_100.xmot MotionAfter=Troll_Stand_Fist_Fist_P0_QuickAttackL_Hit_N_Fwd_00_%_00_P0_100.xmot Right=TrollFist RightUseType=55 RightGroup=5->5 NativeResult=1 OBSERVE_NATIVE=1
CORE RAW55_QUICK_CALLBACK_BOUNDARY Actor=BlackTroll C1=19 SameC1=1 Action=5->5 Phase=1->1 StateTime=0.436736->0.436736 StatePosition=1->1 MotionBefore=Troll_Stand_Fist_Fist_P0_QuickAttackL_Hit_N_Fwd_00_%_00_P0_100.xmot MotionAfter=Troll_Stand_Fist_Fist_P0_QuickAttackL_Hit_N_Fwd_00_%_00_P0_100.xmot Right=TrollFist RightUseType=55 RightGroup=5->5 NativeResult=1 OBSERVE_NATIVE=1
CORE RAW55_QUICK_CALLBACK_BOUNDARY Actor=BlackTroll C1=19 SameC1=1 Action=5->5 Phase=1->1 StateTime=0.445069->0.445069 StatePosition=1->1 MotionBefore=Troll_Stand_Fist_Fist_P0_QuickAttackL_Hit_N_Fwd_00_%_00_P0_100.xmot MotionAfter=Troll_Stand_Fist_Fist_P0_QuickAttackL_Hit_N_Fwd_00_%_00_P0_100.xmot Right=TrollFist RightUseType=55 RightGroup=5->5 NativeResult=1 OBSERVE_NATIVE=1
CORE RAW55_QUICK_CALLBACK_BOUNDARY Actor=BlackTroll C1=19 SameC1=1 Action=5->5 Phase=1->1 StateTime=0.453402->0.453402 StatePosition=1->1 MotionBefore=Troll_Stand_Fist_Fist_P0_QuickAttackL_Hit_N_Fwd_00_%_00_P0_100.xmot MotionAfter=Troll_Stand_Fist_Fist_P0_QuickAttackL_Hit_N_Fwd_00_%_00_P0_100.xmot Right=TrollFist RightUseType=55 RightGroup=5->5 NativeResult=1 OBSERVE_NATIVE=1
CORE RAW55_QUICK_CALLBACK_BOUNDARY Actor=BlackTroll C1=19 SameC1=1 Action=5->5 Phase=1->1 StateTime=0.462373->0.462373 StatePosition=1->1 MotionBefore=Troll_Stand_Fist_Fist_P0_QuickAttackL_Hit_N_Fwd_00_%_00_P0_100.xmot MotionAfter=Troll_Stand_Fist_Fist_P0_QuickAttackL_Hit_N_Fwd_00_%_00_P0_100.xmot Right=TrollFist RightUseType=55 RightGroup=5->5 NativeResult=1 OBSERVE_NATIVE=1
CORE RAW55_QUICK_CALLBACK_BOUNDARY Actor=BlackTroll C1=19 SameC1=1 Action=5->5 Phase=1->1 StateTime=0.470706->0.470706 StatePosition=1->1 MotionBefore=Troll_Stand_Fist_Fist_P0_QuickAttackL_Hit_N_Fwd_00_%_00_P0_100.xmot MotionAfter=Troll_Stand_Fist_Fist_P0_QuickAttackL_Hit_N_Fwd_00_%_00_P0_100.xmot Right=TrollFist RightUseType=55 RightGroup=5->5 NativeResult=1 OBSERVE_NATIVE=1
CORE RAW55_QUICK_CALLBACK_BOUNDARY Actor=BlackTroll C1=19 SameC1=1 Action=5->5 Phase=1->1 StateTime=0.479677->0.479677 StatePosition=1->1 MotionBefore=Troll_Stand_Fist_Fist_P0_QuickAttackL_Hit_N_Fwd_00_%_00_P0_100.xmot MotionAfter=Troll_Stand_Fist_Fist_P0_QuickAttackL_Hit_N_Fwd_00_%_00_P0_100.xmot Right=TrollFist RightUseType=55 RightGroup=5->5 NativeResult=1 OBSERVE_NATIVE=1
===== CORE MARKER ANOMALY / DISCOVERY =====
ElapsedMs: 49315.898
Actor: BlackTroll
Action: 5
Family: QUICK
AniPhase: 1
StatePosition: 1
CurrentMovementAni: Troll_Stand_Fist_Fist_P0_QuickAttackL_Hit_N_Fwd_00_%_00_P0_100.xmot
MarkerName: G3AB_COL_FIST
MarkerOpcode: FIST
Result: UNSUPPORTED_MISSING_SOURCE
C1GenerationValid: 1
C1Generation: 19
RequiredSourceMask: 0
MissingSourceMask: 0
RightSourceSlot: RIGHT
RightSourceName: TrollFist
RightSourceUseType: 55
RightSourceCollisionGroup: 5
LeftSourceSlot: LEFT
LeftSourceName: TrollFist
LeftSourceUseType: 55
LeftSourceCollisionGroup: 5
Raw8FistSourceName: <none>
Raw8FistSourceUseType: -1
Raw8FistSourceCollisionGroup: -1
===========================================

CORE COLLISION_GROUP ElapsedMs=49315.935 Source=TrollFist UseType=55 Owner=BlackTroll Slot=RIGHT Requested=7 Before=5 After=7 MarkerBitsRetired=0
CORE C1 OFFENSE REQUEST ElapsedMs=49315.943 Actor=BlackTroll Generation=19 Status=PERSISTED Source=TrollFist Side=RIGHT Requests=1 Outstanding=1 CleanupObserved=0 Group=7
CORE RAW55_QUICK_FIST_REARM_PROBE Actor=BlackTroll C1=19 Action=5 StatePosition=1 StateTime=0.488011 Right=TrollFist RightUseType=55 GroupBefore=5 RequestedGroup=7 GroupAfter=7 EarlySuppressionProof=1 ClearTriggeredList=1 REARM_PROBE=1
CORE RAW55_QUICK_CALLBACK_BOUNDARY Actor=BlackTroll C1=19 SameC1=1 Action=5->5 Phase=1->1 StateTime=0.488011->0.488011 StatePosition=1->1 MotionBefore=Troll_Stand_Fist_Fist_P0_QuickAttackL_Hit_N_Fwd_00_%_00_P0_100.xmot MotionAfter=Troll_Stand_Fist_Fist_P0_QuickAttackL_Hit_N_Fwd_00_%_00_P0_100.xmot Right=TrollFist RightUseType=55 RightGroup=7->7 NativeResult=1 OBSERVE_NATIVE=1
CORE RAW55_QUICK_CALLBACK_BOUNDARY Actor=BlackTroll C1=19 SameC1=1 Action=5->5 Phase=1->1 StateTime=0.497967->0.497967 StatePosition=1->1 MotionBefore=Troll_Stand_Fist_Fist_P0_QuickAttackL_Hit_N_Fwd_00_%_00_P0_100.xmot MotionAfter=Troll_Stand_Fist_Fist_P0_QuickAttackL_Hit_N_Fwd_00_%_00_P0_100.xmot Right=TrollFist RightUseType=55 RightGroup=7->7 NativeResult=1 OBSERVE_NATIVE=1
CORE RAW55_QUICK_CALLBACK_BOUNDARY Actor=BlackTroll C1=19 SameC1=1 Action=5->5 Phase=1->1 StateTime=0.506300->0.506300 StatePosition=1->1 MotionBefore=Troll_Stand_Fist_Fist_P0_QuickAttackL_Hit_N_Fwd_00_%_00_P0_100.xmot MotionAfter=Troll_Stand_Fist_Fist_P0_QuickAttackL_Hit_N_Fwd_00_%_00_P0_100.xmot Right=TrollFist RightUseType=55 RightGroup=7->7 NativeResult=1 OBSERVE_NATIVE=1
CORE RAW55_QUICK_CALLBACK_BOUNDARY Actor=BlackTroll C1=19 SameC1=1 Action=5->5 Phase=1->1 StateTime=0.516256->0.516256 StatePosition=1->1 MotionBefore=Troll_Stand_Fist_Fist_P0_QuickAttackL_Hit_N_Fwd_00_%_00_P0_100.xmot MotionAfter=Troll_Stand_Fist_Fist_P0_QuickAttackL_Hit_N_Fwd_00_%_00_P0_100.xmot Right=TrollFist RightUseType=55 RightGroup=7->7 NativeResult=1 OBSERVE_NATIVE=1
CORE RAW55_QUICK_CALLBACK_BOUNDARY Actor=BlackTroll C1=19 SameC1=1 Action=5->5 Phase=1->1 StateTime=0.524589->0.524589 StatePosition=1->1 MotionBefore=Troll_Stand_Fist_Fist_P0_QuickAttackL_Hit_N_Fwd_00_%_00_P0_100.xmot MotionAfter=Troll_Stand_Fist_Fist_P0_QuickAttackL_Hit_N_Fwd_00_%_00_P0_100.xmot Right=TrollFist RightUseType=55 RightGroup=7->7 NativeResult=1 OBSERVE_NATIVE=1
CORE RAW55_QUICK_CALLBACK_BOUNDARY Actor=BlackTroll C1=19 SameC1=1 Action=5->5 Phase=1->1 StateTime=0.532923->0.532923 StatePosition=1->1 MotionBefore=Troll_Stand_Fist_Fist_P0_QuickAttackL_Hit_N_Fwd_00_%_00_P0_100.xmot MotionAfter=Troll_Stand_Fist_Fist_P0_QuickAttackL_Hit_N_Fwd_00_%_00_P0_100.xmot Right=TrollFist RightUseType=55 RightGroup=7->7 NativeResult=1 OBSERVE_NATIVE=1
CORE RAW55_QUICK_CALLBACK_BOUNDARY Actor=BlackTroll C1=19 SameC1=1 Action=5->5 Phase=1->1 StateTime=0.541256->0.541256 StatePosition=1->1 MotionBefore=Troll_Stand_Fist_Fist_P0_QuickAttackL_Hit_N_Fwd_00_%_00_P0_100.xmot MotionAfter=Troll_Stand_Fist_Fist_P0_QuickAttackL_Hit_N_Fwd_00_%_00_P0_100.xmot Right=TrollFist RightUseType=55 RightGroup=7->7 NativeResult=1 OBSERVE_NATIVE=1
CORE RAW55_QUICK_CALLBACK_BOUNDARY Actor=BlackTroll C1=19 SameC1=1 Action=5->5 Phase=1->1 StateTime=0.549589->0.549589 StatePosition=1->1 MotionBefore=Troll_Stand_Fist_Fist_P0_QuickAttackL_Hit_N_Fwd_00_%_00_P0_100.xmot MotionAfter=Troll_Stand_Fist_Fist_P0_QuickAttackL_Hit_N_Fwd_00_%_00_P0_100.xmot Right=TrollFist RightUseType=55 RightGroup=7->7 NativeResult=1 OBSERVE_NATIVE=1
CORE RAW55_QUICK_CALLBACK_BOUNDARY Actor=BlackTroll C1=19 SameC1=1 Action=5->5 Phase=1->1 StateTime=0.557923->0.557923 StatePosition=1->1 MotionBefore=Troll_Stand_Fist_Fist_P0_QuickAttackL_Hit_N_Fwd_00_%_00_P0_100.xmot MotionAfter=Troll_Stand_Fist_Fist_P0_QuickAttackL_Hit_N_Fwd_00_%_00_P0_100.xmot Right=TrollFist RightUseType=55 RightGroup=7->7 NativeResult=1 OBSERVE_NATIVE=1
CORE RAW55_QUICK_CALLBACK_BOUNDARY Actor=BlackTroll C1=19 SameC1=1 Action=5->5 Phase=1->1 StateTime=0.566256->0.566256 StatePosition=1->1 MotionBefore=Troll_Stand_Fist_Fist_P0_QuickAttackL_Hit_N_Fwd_00_%_00_P0_100.xmot MotionAfter=Troll_Stand_Fist_Fist_P0_QuickAttackL_Hit_N_Fwd_00_%_00_P0_100.xmot Right=TrollFist RightUseType=55 RightGroup=7->7 NativeResult=1 OBSERVE_NATIVE=1
CORE RAW55_QUICK_CALLBACK_BOUNDARY Actor=BlackTroll C1=19 SameC1=1 Action=5->5 Phase=1->1 StateTime=0.574589->0.574589 StatePosition=1->1 MotionBefore=Troll_Stand_Fist_Fist_P0_QuickAttackL_Hit_N_Fwd_00_%_00_P0_100.xmot MotionAfter=Troll_Stand_Fist_Fist_P0_QuickAttackL_Hit_N_Fwd_00_%_00_P0_100.xmot Right=TrollFist RightUseType=55 RightGroup=7->7 NativeResult=1 OBSERVE_NATIVE=1
CORE RAW55_QUICK_CALLBACK_BOUNDARY Actor=BlackTroll C1=19 SameC1=1 Action=5->5 Phase=1->1 StateTime=0.582923->0.582923 StatePosition=1->1 MotionBefore=Troll_Stand_Fist_Fist_P0_QuickAttackL_Hit_N_Fwd_00_%_00_P0_100.xmot MotionAfter=Troll_Stand_Fist_Fist_P0_QuickAttackL_Hit_N_Fwd_00_%_00_P0_100.xmot Right=TrollFist RightUseType=55 RightGroup=7->7 NativeResult=1 OBSERVE_NATIVE=1
CORE RAW55_QUICK_CALLBACK_BOUNDARY Actor=BlackTroll C1=19 SameC1=1 Action=5->5 Phase=1->1 StateTime=0.591256->0.591256 StatePosition=1->1 MotionBefore=Troll_Stand_Fist_Fist_P0_QuickAttackL_Hit_N_Fwd_00_%_00_P0_100.xmot MotionAfter=Troll_Stand_Fist_Fist_P0_QuickAttackL_Hit_N_Fwd_00_%_00_P0_100.xmot Right=TrollFist RightUseType=55 RightGroup=7->7 NativeResult=1 OBSERVE_NATIVE=1
CORE RAW55_QUICK_CALLBACK_BOUNDARY Actor=BlackTroll C1=19 SameC1=1 Action=5->5 Phase=1->1 StateTime=0.603182->0.603182 StatePosition=1->1 MotionBefore=Troll_Stand_Fist_Fist_P0_QuickAttackL_Hit_N_Fwd_00_%_00_P0_100.xmot MotionAfter=Troll_Stand_Fist_Fist_P0_QuickAttackL_Hit_N_Fwd_00_%_00_P0_100.xmot Right=TrollFist RightUseType=55 RightGroup=7->7 NativeResult=1 OBSERVE_NATIVE=1
CORE RAW55_QUICK_CALLBACK_BOUNDARY Actor=BlackTroll C1=19 SameC1=1 Action=5->5 Phase=1->1 StateTime=0.611516->0.611516 StatePosition=1->1 MotionBefore=Troll_Stand_Fist_Fist_P0_QuickAttackL_Hit_N_Fwd_00_%_00_P0_100.xmot MotionAfter=Troll_Stand_Fist_Fist_P0_QuickAttackL_Hit_N_Fwd_00_%_00_P0_100.xmot Right=TrollFist RightUseType=55 RightGroup=7->7 NativeResult=1 OBSERVE_NATIVE=1
CORE RAW55_QUICK_CALLBACK_BOUNDARY Actor=BlackTroll C1=19 SameC1=1 Action=5->5 Phase=1->1 StateTime=0.619849->0.619849 StatePosition=1->1 MotionBefore=Troll_Stand_Fist_Fist_P0_QuickAttackL_Hit_N_Fwd_00_%_00_P0_100.xmot MotionAfter=Troll_Stand_Fist_Fist_P0_QuickAttackL_Hit_N_Fwd_00_%_00_P0_100.xmot Right=TrollFist RightUseType=55 RightGroup=7->7 NativeResult=1 OBSERVE_NATIVE=1
CORE RAW55_QUICK_CALLBACK_BOUNDARY Actor=BlackTroll C1=19 SameC1=1 Action=5->5 Phase=1->1 StateTime=0.628820->0.628820 StatePosition=1->1 MotionBefore=Troll_Stand_Fist_Fist_P0_QuickAttackL_Hit_N_Fwd_00_%_00_P0_100.xmot MotionAfter=Troll_Stand_Fist_Fist_P0_QuickAttackL_Hit_N_Fwd_00_%_00_P0_100.xmot Right=TrollFist RightUseType=55 RightGroup=7->7 NativeResult=1 OBSERVE_NATIVE=1
CORE RAW55_QUICK_CALLBACK_BOUNDARY Actor=BlackTroll C1=19 SameC1=1 Action=5->5 Phase=1->1 StateTime=0.637153->0.637153 StatePosition=1->1 MotionBefore=Troll_Stand_Fist_Fist_P0_QuickAttackL_Hit_N_Fwd_00_%_00_P0_100.xmot MotionAfter=Troll_Stand_Fist_Fist_P0_QuickAttackL_Hit_N_Fwd_00_%_00_P0_100.xmot Right=TrollFist RightUseType=55 RightGroup=7->7 NativeResult=1 OBSERVE_NATIVE=1
CORE RAW55_QUICK_CALLBACK_BOUNDARY Actor=BlackTroll C1=19 SameC1=1 Action=5->5 Phase=1->1 StateTime=0.645486->0.645486 StatePosition=1->1 MotionBefore=Troll_Stand_Fist_Fist_P0_QuickAttackL_Hit_N_Fwd_00_%_00_P0_100.xmot MotionAfter=Troll_Stand_Fist_Fist_P0_QuickAttackL_Hit_N_Fwd_00_%_00_P0_100.xmot Right=TrollFist RightUseType=55 RightGroup=7->7 NativeResult=1 OBSERVE_NATIVE=1
CORE RAW55_QUICK_CALLBACK_BOUNDARY Actor=BlackTroll C1=19 SameC1=1 Action=5->5 Phase=1->1 StateTime=0.657413->0.657413 StatePosition=1->1 MotionBefore=Troll_Stand_Fist_Fist_P0_QuickAttackL_Hit_N_Fwd_00_%_00_P0_100.xmot MotionAfter=Troll_Stand_Fist_Fist_P0_QuickAttackL_Hit_N_Fwd_00_%_00_P0_100.xmot Right=TrollFist RightUseType=55 RightGroup=7->7 NativeResult=1 OBSERVE_NATIVE=1
CORE RAW55_QUICK_CALLBACK_BOUNDARY Actor=BlackTroll C1=19 SameC1=1 Action=5->5 Phase=1->1 StateTime=0.665746->0.665746 StatePosition=1->1 MotionBefore=Troll_Stand_Fist_Fist_P0_QuickAttackL_Hit_N_Fwd_00_%_00_P0_100.xmot MotionAfter=Troll_Stand_Fist_Fist_P0_QuickAttackL_Hit_N_Fwd_00_%_00_P0_100.xmot Right=TrollFist RightUseType=55 RightGroup=7->7 NativeResult=1 OBSERVE_NATIVE=1
CORE RAW55_QUICK_CALLBACK_BOUNDARY Actor=BlackTroll C1=19 SameC1=1 Action=5->5 Phase=1->1 StateTime=0.674717->0.674717 StatePosition=1->1 MotionBefore=Troll_Stand_Fist_Fist_P0_QuickAttackL_Hit_N_Fwd_00_%_00_P0_100.xmot MotionAfter=Troll_Stand_Fist_Fist_P0_QuickAttackL_Hit_N_Fwd_00_%_00_P0_100.xmot Right=TrollFist RightUseType=55 RightGroup=7->7 NativeResult=1 OBSERVE_NATIVE=1
CORE RAW55_QUICK_CALLBACK_BOUNDARY Actor=BlackTroll C1=19 SameC1=1 Action=5->5 Phase=1->1 StateTime=0.683050->0.683050 StatePosition=1->1 MotionBefore=Troll_Stand_Fist_Fist_P0_QuickAttackL_Hit_N_Fwd_00_%_00_P0_100.xmot MotionAfter=Troll_Stand_Fist_Fist_P0_QuickAttackL_Hit_N_Fwd_00_%_00_P0_100.xmot Right=TrollFist RightUseType=55 RightGroup=7->7 NativeResult=1 OBSERVE_NATIVE=1
CORE RAW55_QUICK_CALLBACK_BOUNDARY Actor=BlackTroll C1=19 SameC1=1 Action=5->5 Phase=1->1 StateTime=0.692021->0.692021 StatePosition=1->1 MotionBefore=Troll_Stand_Fist_Fist_P0_QuickAttackL_Hit_N_Fwd_00_%_00_P0_100.xmot MotionAfter=Troll_Stand_Fist_Fist_P0_QuickAttackL_Hit_N_Fwd_00_%_00_P0_100.xmot Right=TrollFist RightUseType=55 RightGroup=7->7 NativeResult=1 OBSERVE_NATIVE=1
CORE RAW55_QUICK_CALLBACK_BOUNDARY Actor=BlackTroll C1=19 SameC1=1 Action=5->5 Phase=1->1 StateTime=0.700355->0.700355 StatePosition=1->1 MotionBefore=Troll_Stand_Fist_Fist_P0_QuickAttackL_Hit_N_Fwd_00_%_00_P0_100.xmot MotionAfter=Troll_Stand_Fist_Fist_P0_QuickAttackL_Hit_N_Fwd_00_%_00_P0_100.xmot Right=TrollFist RightUseType=55 RightGroup=7->7 NativeResult=1 OBSERVE_NATIVE=1
CORE RAW55_QUICK_CALLBACK_BOUNDARY Actor=BlackTroll C1=19 SameC1=1 Action=5->5 Phase=1->1 StateTime=0.708688->0.708688 StatePosition=1->1 MotionBefore=Troll_Stand_Fist_Fist_P0_QuickAttackL_Hit_N_Fwd_00_%_00_P0_100.xmot MotionAfter=Troll_Stand_Fist_Fist_P0_QuickAttackL_Hit_N_Fwd_00_%_00_P0_100.xmot Right=TrollFist RightUseType=55 RightGroup=7->7 NativeResult=1 OBSERVE_NATIVE=1
CORE RAW55_QUICK_CALLBACK_BOUNDARY Actor=BlackTroll C1=19 SameC1=1 Action=5->5 Phase=1->1 StateTime=0.718644->0.718644 StatePosition=1->1 MotionBefore=Troll_Stand_Fist_Fist_P0_QuickAttackL_Hit_N_Fwd_00_%_00_P0_100.xmot MotionAfter=Troll_Stand_Fist_Fist_P0_QuickAttackL_Hit_N_Fwd_00_%_00_P0_100.xmot Right=TrollFist RightUseType=55 RightGroup=7->7 NativeResult=1 OBSERVE_NATIVE=1
CORE RAW55_QUICK_CALLBACK_BOUNDARY Actor=BlackTroll C1=19 SameC1=1 Action=5->5 Phase=1->1 StateTime=0.726977->0.726977 StatePosition=1->1 MotionBefore=Troll_Stand_Fist_Fist_P0_QuickAttackL_Hit_N_Fwd_00_%_00_P0_100.xmot MotionAfter=Troll_Stand_Fist_Fist_P0_QuickAttackL_Hit_N_Fwd_00_%_00_P0_100.xmot Right=TrollFist RightUseType=55 RightGroup=7->7 NativeResult=1 OBSERVE_NATIVE=1
CORE RAW55_QUICK_CALLBACK_BOUNDARY Actor=BlackTroll C1=19 SameC1=1 Action=5->5 Phase=1->1 StateTime=0.735948->0.735948 StatePosition=1->1 MotionBefore=Troll_Stand_Fist_Fist_P0_QuickAttackL_Hit_N_Fwd_00_%_00_P0_100.xmot MotionAfter=Troll_Stand_Fist_Fist_P0_QuickAttackL_Hit_N_Fwd_00_%_00_P0_100.xmot Right=TrollFist RightUseType=55 RightGroup=7->7 NativeResult=1 OBSERVE_NATIVE=1
CORE RAW55_QUICK_CALLBACK_BOUNDARY Actor=BlackTroll C1=19 SameC1=1 Action=5->5 Phase=1->1 StateTime=0.744281->0.744281 StatePosition=1->1 MotionBefore=Troll_Stand_Fist_Fist_P0_QuickAttackL_Hit_N_Fwd_00_%_00_P0_100.xmot MotionAfter=Troll_Stand_Fist_Fist_P0_QuickAttackL_Hit_N_Fwd_00_%_00_P0_100.xmot Right=TrollFist RightUseType=55 RightGroup=7->7 NativeResult=1 OBSERVE_NATIVE=1
CORE RAW55_QUICK_CALLBACK_BOUNDARY Actor=BlackTroll C1=19 SameC1=1 Action=5->5 Phase=1->1 StateTime=0.752615->0.752615 StatePosition=1->1 MotionBefore=Troll_Stand_Fist_Fist_P0_QuickAttackL_Hit_N_Fwd_00_%_00_P0_100.xmot MotionAfter=Troll_Stand_Fist_Fist_P0_QuickAttackL_Hit_N_Fwd_00_%_00_P0_100.xmot Right=TrollFist RightUseType=55 RightGroup=7->7 NativeResult=1 OBSERVE_NATIVE=1
CORE RAW55_QUICK_CALLBACK_BOUNDARY Actor=BlackTroll C1=19 SameC1=1 Action=5->5 Phase=1->1 StateTime=0.761585->0.761585 StatePosition=1->1 MotionBefore=Troll_Stand_Fist_Fist_P0_QuickAttackL_Hit_N_Fwd_00_%_00_P0_100.xmot MotionAfter=Troll_Stand_Fist_Fist_P0_QuickAttackL_Hit_N_Fwd_00_%_00_P0_100.xmot Right=TrollFist RightUseType=55 RightGroup=7->7 NativeResult=1 OBSERVE_NATIVE=1
CORE RAW55_QUICK_CALLBACK_BOUNDARY Actor=BlackTroll C1=19 SameC1=1 Action=5->5 Phase=1->1 StateTime=0.769919->0.769919 StatePosition=1->1 MotionBefore=Troll_Stand_Fist_Fist_P0_QuickAttackL_Hit_N_Fwd_00_%_00_P0_100.xmot MotionAfter=Troll_Stand_Fist_Fist_P0_QuickAttackL_Hit_N_Fwd_00_%_00_P0_100.xmot Right=TrollFist RightUseType=55 RightGroup=7->7 NativeResult=1 OBSERVE_NATIVE=1
CORE RAW55_QUICK_CALLBACK_BOUNDARY Actor=BlackTroll C1=19 SameC1=1 Action=5->5 Phase=1->1 StateTime=0.778252->0.778252 StatePosition=1->1 MotionBefore=Troll_Stand_Fist_Fist_P0_QuickAttackL_Hit_N_Fwd_00_%_00_P0_100.xmot MotionAfter=Troll_Stand_Fist_Fist_P0_QuickAttackL_Hit_N_Fwd_00_%_00_P0_100.xmot Right=TrollFist RightUseType=55 RightGroup=7->7 NativeResult=1 OBSERVE_NATIVE=1
CORE RAW55_QUICK_CALLBACK_BOUNDARY Actor=BlackTroll C1=19 SameC1=1 Action=5->5 Phase=1->1 StateTime=0.786585->0.786585 StatePosition=1->1 MotionBefore=Troll_Stand_Fist_Fist_P0_QuickAttackL_Hit_N_Fwd_00_%_00_P0_100.xmot MotionAfter=Troll_Stand_Fist_Fist_P0_QuickAttackL_Hit_N_Fwd_00_%_00_P0_100.xmot Right=TrollFist RightUseType=55 RightGroup=7->7 NativeResult=1 OBSERVE_NATIVE=1
CORE RAW55_QUICK_CALLBACK_BOUNDARY Actor=BlackTroll C1=19 SameC1=1 Action=5->5 Phase=1->1 StateTime=0.794919->0.794919 StatePosition=1->1 MotionBefore=Troll_Stand_Fist_Fist_P0_QuickAttackL_Hit_N_Fwd_00_%_00_P0_100.xmot MotionAfter=Troll_Stand_Fist_Fist_P0_QuickAttackL_Hit_N_Fwd_00_%_00_P0_100.xmot Right=TrollFist RightUseType=55 RightGroup=7->7 NativeResult=1 OBSERVE_NATIVE=1
CORE COLLISION_GROUP ElapsedMs=49617.267 Source=TrollFist UseType=55 Owner=BlackTroll Slot=RIGHT Requested=5 Before=7 After=5 MarkerBitsRetired=0
CORE C1 CLEANUP FULFILLED ElapsedMs=49617.294 Actor=BlackTroll Generation=19 Status=PERSISTED Source=TrollFist Side=RIGHT Requests=1 Outstanding=0 CleanupObserved=1 Group=5
CORE C1_FINAL ElapsedMs=49715.693 Actor=BlackTroll Generation=19 Status=PERSISTED SourceCount=2 PhysicalChanged=0 Source[0]=TrollFist Side=RIGHT Outstanding=0 Cleanup=1 Outcome=NO_OP_NO_OUTSTANDING Source[1]=TrollFist Side=LEFT Outstanding=0 Cleanup=0 Outcome=NO_OP_NO_OUTSTANDING
CORE C1_START ElapsedMs=50908.844 Actor=BlackTroll Generation=20 Status=CANDIDATE Outstanding=0 TrackedSources=2 ReplacedGeneration=0 ReplacedOutstanding=0 Source[0]=TrollFist Side=RIGHT Group=5 Source[1]=TrollFist Side=LEFT Group=5
CORE C1_BIND ElapsedMs=50908.857 Event=COMBAT_MOVE_CANDIDATE_BOUND Actor=BlackTroll Generation=20 Status=CANDIDATE Outstanding=0 Source=<null> Script=_AI_Attack
CORE C1_STATUS ElapsedMs=50908.925 Event=PERSISTED Actor=BlackTroll Generation=20 Status=PERSISTED Outstanding=0
CORE ATTACK_OWNERSHIP ElapsedMs=50908.944 Actor=BlackTroll Family=NORMAL Action=1 Phase=1 Motion=Troll_Stand_Fist_Fist_P0_Attack_Hit_N_Fwd_00_%_00_P0_100.xmot MarkerPresent=1 RequiredMask=0 FistMarkers=1 Raw8Fist=<none> Raw8UseType=-1 SuppressNative=0 Classification=CONTRADICTION
===== CORE ATTACK OWNERSHIP ANOMALY =====
MatchingMotionFound: 1
MarkerScanValid: 1
RequiredSourcesAvailable: 1
RightSourceSlot: RIGHT
RightSourceName: TrollFist
RightSourceUseType: 55
RightSourceCollisionGroup: 5
LeftSourceSlot: LEFT
LeftSourceName: TrollFist
LeftSourceUseType: 55
LeftSourceCollisionGroup: 5
Raw8FistSourceName: <none>
Raw8FistSourceUseType: -1
Raw8FistSourceCollisionGroup: -1
=========================================

CORE RAW55_CALLBACK_SUPPRESSION_PROBE Actor=BlackTroll Family=NORMAL Action=1 Motion=Troll_Stand_Fist_Fist_P0_Attack_Hit_N_Fwd_00_%_00_P0_100.xmot C1=20 Right=TrollFist RightUseType=55 RightGroup=5 Left=TrollFist LeftUseType=55 LeftGroup=5 SUPPRESS_NATIVE=1
CORE RAW55_CALLBACK_SUPPRESSION_PROBE Actor=BlackTroll Family=NORMAL Action=1 Motion=Troll_Stand_Fist_Fist_P0_Attack_Hit_N_Fwd_00_%_00_P0_100.xmot C1=20 Right=TrollFist RightUseType=55 RightGroup=5 Left=TrollFist LeftUseType=55 LeftGroup=5 SUPPRESS_NATIVE=1
CORE RAW55_CALLBACK_SUPPRESSION_PROBE Actor=BlackTroll Family=NORMAL Action=1 Motion=Troll_Stand_Fist_Fist_P0_Attack_Hit_N_Fwd_00_%_00_P0_100.xmot C1=20 Right=TrollFist RightUseType=55 RightGroup=5 Left=TrollFist LeftUseType=55 LeftGroup=5 SUPPRESS_NATIVE=1
CORE RAW55_CALLBACK_SUPPRESSION_PROBE Actor=BlackTroll Family=NORMAL Action=1 Motion=Troll_Stand_Fist_Fist_P0_Attack_Hit_N_Fwd_00_%_00_P0_100.xmot C1=20 Right=TrollFist RightUseType=55 RightGroup=5 Left=TrollFist LeftUseType=55 LeftGroup=5 SUPPRESS_NATIVE=1
CORE RAW55_CALLBACK_SUPPRESSION_PROBE Actor=BlackTroll Family=NORMAL Action=1 Motion=Troll_Stand_Fist_Fist_P0_Attack_Hit_N_Fwd_00_%_00_P0_100.xmot C1=20 Right=TrollFist RightUseType=55 RightGroup=5 Left=TrollFist LeftUseType=55 LeftGroup=5 SUPPRESS_NATIVE=1
CORE RAW55_CALLBACK_SUPPRESSION_PROBE Actor=BlackTroll Family=NORMAL Action=1 Motion=Troll_Stand_Fist_Fist_P0_Attack_Hit_N_Fwd_00_%_00_P0_100.xmot C1=20 Right=TrollFist RightUseType=55 RightGroup=5 Left=TrollFist LeftUseType=55 LeftGroup=5 SUPPRESS_NATIVE=1
CORE RAW55_CALLBACK_SUPPRESSION_PROBE Actor=BlackTroll Family=NORMAL Action=1 Motion=Troll_Stand_Fist_Fist_P0_Attack_Hit_N_Fwd_00_%_00_P0_100.xmot C1=20 Right=TrollFist RightUseType=55 RightGroup=5 Left=TrollFist LeftUseType=55 LeftGroup=5 SUPPRESS_NATIVE=1
CORE RAW55_CALLBACK_SUPPRESSION_PROBE Actor=BlackTroll Family=NORMAL Action=1 Motion=Troll_Stand_Fist_Fist_P0_Attack_Hit_N_Fwd_00_%_00_P0_100.xmot C1=20 Right=TrollFist RightUseType=55 RightGroup=5 Left=TrollFist LeftUseType=55 LeftGroup=5 SUPPRESS_NATIVE=1
CORE RAW55_CALLBACK_SUPPRESSION_PROBE Actor=BlackTroll Family=NORMAL Action=1 Motion=Troll_Stand_Fist_Fist_P0_Attack_Hit_N_Fwd_00_%_00_P0_100.xmot C1=20 Right=TrollFist RightUseType=55 RightGroup=5 Left=TrollFist LeftUseType=55 LeftGroup=5 SUPPRESS_NATIVE=1
CORE RAW55_CALLBACK_SUPPRESSION_PROBE Actor=BlackTroll Family=NORMAL Action=1 Motion=Troll_Stand_Fist_Fist_P0_Attack_Hit_N_Fwd_00_%_00_P0_100.xmot C1=20 Right=TrollFist RightUseType=55 RightGroup=5 Left=TrollFist LeftUseType=55 LeftGroup=5 SUPPRESS_NATIVE=1
CORE RAW55_CALLBACK_SUPPRESSION_PROBE Actor=BlackTroll Family=NORMAL Action=1 Motion=Troll_Stand_Fist_Fist_P0_Attack_Hit_N_Fwd_00_%_00_P0_100.xmot C1=20 Right=TrollFist RightUseType=55 RightGroup=5 Left=TrollFist LeftUseType=55 LeftGroup=5 SUPPRESS_NATIVE=1
CORE RAW55_CALLBACK_SUPPRESSION_PROBE Actor=BlackTroll Family=NORMAL Action=1 Motion=Troll_Stand_Fist_Fist_P0_Attack_Hit_N_Fwd_00_%_00_P0_100.xmot C1=20 Right=TrollFist RightUseType=55 RightGroup=5 Left=TrollFist LeftUseType=55 LeftGroup=5 SUPPRESS_NATIVE=1
CORE RAW55_CALLBACK_SUPPRESSION_PROBE Actor=BlackTroll Family=NORMAL Action=1 Motion=Troll_Stand_Fist_Fist_P0_Attack_Hit_N_Fwd_00_%_00_P0_100.xmot C1=20 Right=TrollFist RightUseType=55 RightGroup=5 Left=TrollFist LeftUseType=55 LeftGroup=5 SUPPRESS_NATIVE=1
CORE RAW55_CALLBACK_SUPPRESSION_PROBE Actor=BlackTroll Family=NORMAL Action=1 Motion=Troll_Stand_Fist_Fist_P0_Attack_Hit_N_Fwd_00_%_00_P0_100.xmot C1=20 Right=TrollFist RightUseType=55 RightGroup=5 Left=TrollFist LeftUseType=55 LeftGroup=5 SUPPRESS_NATIVE=1
CORE RAW55_CALLBACK_SUPPRESSION_PROBE Actor=BlackTroll Family=NORMAL Action=1 Motion=Troll_Stand_Fist_Fist_P0_Attack_Hit_N_Fwd_00_%_00_P0_100.xmot C1=20 Right=TrollFist RightUseType=55 RightGroup=5 Left=TrollFist LeftUseType=55 LeftGroup=5 SUPPRESS_NATIVE=1
CORE RAW55_CALLBACK_SUPPRESSION_PROBE Actor=BlackTroll Family=NORMAL Action=1 Motion=Troll_Stand_Fist_Fist_P0_Attack_Hit_N_Fwd_00_%_00_P0_100.xmot C1=20 Right=TrollFist RightUseType=55 RightGroup=5 Left=TrollFist LeftUseType=55 LeftGroup=5 SUPPRESS_NATIVE=1
CORE RAW55_CALLBACK_SUPPRESSION_PROBE Actor=BlackTroll Family=NORMAL Action=1 Motion=Troll_Stand_Fist_Fist_P0_Attack_Hit_N_Fwd_00_%_00_P0_100.xmot C1=20 Right=TrollFist RightUseType=55 RightGroup=5 Left=TrollFist LeftUseType=55 LeftGroup=5 SUPPRESS_NATIVE=1
CORE RAW55_CALLBACK_SUPPRESSION_PROBE Actor=BlackTroll Family=NORMAL Action=1 Motion=Troll_Stand_Fist_Fist_P0_Attack_Hit_N_Fwd_00_%_00_P0_100.xmot C1=20 Right=TrollFist RightUseType=55 RightGroup=5 Left=TrollFist LeftUseType=55 LeftGroup=5 SUPPRESS_NATIVE=1
CORE RAW55_CALLBACK_SUPPRESSION_PROBE Actor=BlackTroll Family=NORMAL Action=1 Motion=Troll_Stand_Fist_Fist_P0_Attack_Hit_N_Fwd_00_%_00_P0_100.xmot C1=20 Right=TrollFist RightUseType=55 RightGroup=5 Left=TrollFist LeftUseType=55 LeftGroup=5 SUPPRESS_NATIVE=1
CORE RAW55_CALLBACK_SUPPRESSION_PROBE Actor=BlackTroll Family=NORMAL Action=1 Motion=Troll_Stand_Fist_Fist_P0_Attack_Hit_N_Fwd_00_%_00_P0_100.xmot C1=20 Right=TrollFist RightUseType=55 RightGroup=5 Left=TrollFist LeftUseType=55 LeftGroup=5 SUPPRESS_NATIVE=1
CORE RAW55_CALLBACK_SUPPRESSION_PROBE Actor=BlackTroll Family=NORMAL Action=1 Motion=Troll_Stand_Fist_Fist_P0_Attack_Hit_N_Fwd_00_%_00_P0_100.xmot C1=20 Right=TrollFist RightUseType=55 RightGroup=5 Left=TrollFist LeftUseType=55 LeftGroup=5 SUPPRESS_NATIVE=1
CORE RAW55_CALLBACK_SUPPRESSION_PROBE Actor=BlackTroll Family=NORMAL Action=1 Motion=Troll_Stand_Fist_Fist_P0_Attack_Hit_N_Fwd_00_%_00_P0_100.xmot C1=20 Right=TrollFist RightUseType=55 RightGroup=5 Left=TrollFist LeftUseType=55 LeftGroup=5 SUPPRESS_NATIVE=1
CORE RAW55_CALLBACK_SUPPRESSION_PROBE Actor=BlackTroll Family=NORMAL Action=1 Motion=Troll_Stand_Fist_Fist_P0_Attack_Hit_N_Fwd_00_%_00_P0_100.xmot C1=20 Right=TrollFist RightUseType=55 RightGroup=5 Left=TrollFist LeftUseType=55 LeftGroup=5 SUPPRESS_NATIVE=1
CORE RAW55_CALLBACK_SUPPRESSION_PROBE Actor=BlackTroll Family=NORMAL Action=1 Motion=Troll_Stand_Fist_Fist_P0_Attack_Hit_N_Fwd_00_%_00_P0_100.xmot C1=20 Right=TrollFist RightUseType=55 RightGroup=5 Left=TrollFist LeftUseType=55 LeftGroup=5 SUPPRESS_NATIVE=1
CORE RAW55_CALLBACK_SUPPRESSION_PROBE Actor=BlackTroll Family=NORMAL Action=1 Motion=Troll_Stand_Fist_Fist_P0_Attack_Hit_N_Fwd_00_%_00_P0_100.xmot C1=20 Right=TrollFist RightUseType=55 RightGroup=5 Left=TrollFist LeftUseType=55 LeftGroup=5 SUPPRESS_NATIVE=1
CORE RAW55_CALLBACK_SUPPRESSION_PROBE Actor=BlackTroll Family=NORMAL Action=1 Motion=Troll_Stand_Fist_Fist_P0_Attack_Hit_N_Fwd_00_%_00_P0_100.xmot C1=20 Right=TrollFist RightUseType=55 RightGroup=5 Left=TrollFist LeftUseType=55 LeftGroup=5 SUPPRESS_NATIVE=1
CORE RAW55_CALLBACK_SUPPRESSION_PROBE Actor=BlackTroll Family=NORMAL Action=1 Motion=Troll_Stand_Fist_Fist_P0_Attack_Hit_N_Fwd_00_%_00_P0_100.xmot C1=20 Right=TrollFist RightUseType=55 RightGroup=5 Left=TrollFist LeftUseType=55 LeftGroup=5 SUPPRESS_NATIVE=1
CORE RAW55_CALLBACK_SUPPRESSION_PROBE Actor=BlackTroll Family=NORMAL Action=1 Motion=Troll_Stand_Fist_Fist_P0_Attack_Hit_N_Fwd_00_%_00_P0_100.xmot C1=20 Right=TrollFist RightUseType=55 RightGroup=5 Left=TrollFist LeftUseType=55 LeftGroup=5 SUPPRESS_NATIVE=1
CORE RAW55_CALLBACK_SUPPRESSION_PROBE Actor=BlackTroll Family=NORMAL Action=1 Motion=Troll_Stand_Fist_Fist_P0_Attack_Hit_N_Fwd_00_%_00_P0_100.xmot C1=20 Right=TrollFist RightUseType=55 RightGroup=5 Left=TrollFist LeftUseType=55 LeftGroup=5 SUPPRESS_NATIVE=1
CORE RAW55_CALLBACK_SUPPRESSION_PROBE Actor=BlackTroll Family=NORMAL Action=1 Motion=Troll_Stand_Fist_Fist_P0_Attack_Hit_N_Fwd_00_%_00_P0_100.xmot C1=20 Right=TrollFist RightUseType=55 RightGroup=5 Left=TrollFist LeftUseType=55 LeftGroup=5 SUPPRESS_NATIVE=1
CORE RAW55_CALLBACK_SUPPRESSION_PROBE Actor=BlackTroll Family=NORMAL Action=1 Motion=Troll_Stand_Fist_Fist_P0_Attack_Hit_N_Fwd_00_%_00_P0_100.xmot C1=20 Right=TrollFist RightUseType=55 RightGroup=5 Left=TrollFist LeftUseType=55 LeftGroup=5 SUPPRESS_NATIVE=1
CORE RAW55_CALLBACK_SUPPRESSION_PROBE Actor=BlackTroll Family=NORMAL Action=1 Motion=Troll_Stand_Fist_Fist_P0_Attack_Hit_N_Fwd_00_%_00_P0_100.xmot C1=20 Right=TrollFist RightUseType=55 RightGroup=5 Left=TrollFist LeftUseType=55 LeftGroup=5 SUPPRESS_NATIVE=1
CORE RAW55_CALLBACK_SUPPRESSION_PROBE Actor=BlackTroll Family=NORMAL Action=1 Motion=Troll_Stand_Fist_Fist_P0_Attack_Hit_N_Fwd_00_%_00_P0_100.xmot C1=20 Right=TrollFist RightUseType=55 RightGroup=5 Left=TrollFist LeftUseType=55 LeftGroup=5 SUPPRESS_NATIVE=1
CORE RAW55_CALLBACK_SUPPRESSION_PROBE Actor=BlackTroll Family=NORMAL Action=1 Motion=Troll_Stand_Fist_Fist_P0_Attack_Hit_N_Fwd_00_%_00_P0_100.xmot C1=20 Right=TrollFist RightUseType=55 RightGroup=5 Left=TrollFist LeftUseType=55 LeftGroup=5 SUPPRESS_NATIVE=1
CORE RAW55_CALLBACK_SUPPRESSION_PROBE Actor=BlackTroll Family=NORMAL Action=1 Motion=Troll_Stand_Fist_Fist_P0_Attack_Hit_N_Fwd_00_%_00_P0_100.xmot C1=20 Right=TrollFist RightUseType=55 RightGroup=5 Left=TrollFist LeftUseType=55 LeftGroup=5 SUPPRESS_NATIVE=1
CORE RAW55_CALLBACK_SUPPRESSION_PROBE Actor=BlackTroll Family=NORMAL Action=1 Motion=Troll_Stand_Fist_Fist_P0_Attack_Hit_N_Fwd_00_%_00_P0_100.xmot C1=20 Right=TrollFist RightUseType=55 RightGroup=5 Left=TrollFist LeftUseType=55 LeftGroup=5 SUPPRESS_NATIVE=1
CORE RAW55_CALLBACK_SUPPRESSION_PROBE Actor=BlackTroll Family=NORMAL Action=1 Motion=Troll_Stand_Fist_Fist_P0_Attack_Hit_N_Fwd_00_%_00_P0_100.xmot C1=20 Right=TrollFist RightUseType=55 RightGroup=5 Left=TrollFist LeftUseType=55 LeftGroup=5 SUPPRESS_NATIVE=1
CORE RAW55_CALLBACK_SUPPRESSION_PROBE Actor=BlackTroll Family=NORMAL Action=1 Motion=Troll_Stand_Fist_Fist_P0_Attack_Hit_N_Fwd_00_%_00_P0_100.xmot C1=20 Right=TrollFist RightUseType=55 RightGroup=5 Left=TrollFist LeftUseType=55 LeftGroup=5 SUPPRESS_NATIVE=1
CORE RAW55_CALLBACK_SUPPRESSION_PROBE Actor=BlackTroll Family=NORMAL Action=1 Motion=Troll_Stand_Fist_Fist_P0_Attack_Hit_N_Fwd_00_%_00_P0_100.xmot C1=20 Right=TrollFist RightUseType=55 RightGroup=5 Left=TrollFist LeftUseType=55 LeftGroup=5 SUPPRESS_NATIVE=1
CORE RAW55_CALLBACK_SUPPRESSION_PROBE Actor=BlackTroll Family=NORMAL Action=1 Motion=Troll_Stand_Fist_Fist_P0_Attack_Hit_N_Fwd_00_%_00_P0_100.xmot C1=20 Right=TrollFist RightUseType=55 RightGroup=5 Left=TrollFist LeftUseType=55 LeftGroup=5 SUPPRESS_NATIVE=1
CORE RAW55_CALLBACK_SUPPRESSION_PROBE Actor=BlackTroll Family=NORMAL Action=1 Motion=Troll_Stand_Fist_Fist_P0_Attack_Hit_N_Fwd_00_%_00_P0_100.xmot C1=20 Right=TrollFist RightUseType=55 RightGroup=5 Left=TrollFist LeftUseType=55 LeftGroup=5 SUPPRESS_NATIVE=1
CORE RAW55_CALLBACK_SUPPRESSION_PROBE Actor=BlackTroll Family=NORMAL Action=1 Motion=Troll_Stand_Fist_Fist_P0_Attack_Hit_N_Fwd_00_%_00_P0_100.xmot C1=20 Right=TrollFist RightUseType=55 RightGroup=5 Left=TrollFist LeftUseType=55 LeftGroup=5 SUPPRESS_NATIVE=1
CORE RAW55_CALLBACK_SUPPRESSION_PROBE Actor=BlackTroll Family=NORMAL Action=1 Motion=Troll_Stand_Fist_Fist_P0_Attack_Hit_N_Fwd_00_%_00_P0_100.xmot C1=20 Right=TrollFist RightUseType=55 RightGroup=5 Left=TrollFist LeftUseType=55 LeftGroup=5 SUPPRESS_NATIVE=1
CORE RAW55_CALLBACK_SUPPRESSION_PROBE Actor=BlackTroll Family=NORMAL Action=1 Motion=Troll_Stand_Fist_Fist_P0_Attack_Hit_N_Fwd_00_%_00_P0_100.xmot C1=20 Right=TrollFist RightUseType=55 RightGroup=5 Left=TrollFist LeftUseType=55 LeftGroup=5 SUPPRESS_NATIVE=1
CORE RAW55_CALLBACK_SUPPRESSION_PROBE Actor=BlackTroll Family=NORMAL Action=1 Motion=Troll_Stand_Fist_Fist_P0_Attack_Hit_N_Fwd_00_%_00_P0_100.xmot C1=20 Right=TrollFist RightUseType=55 RightGroup=5 Left=TrollFist LeftUseType=55 LeftGroup=5 SUPPRESS_NATIVE=1
CORE RAW55_CALLBACK_SUPPRESSION_PROBE Actor=BlackTroll Family=NORMAL Action=1 Motion=Troll_Stand_Fist_Fist_P0_Attack_Hit_N_Fwd_00_%_00_P0_100.xmot C1=20 Right=TrollFist RightUseType=55 RightGroup=5 Left=TrollFist LeftUseType=55 LeftGroup=5 SUPPRESS_NATIVE=1
CORE RAW55_CALLBACK_SUPPRESSION_PROBE Actor=BlackTroll Family=NORMAL Action=1 Motion=Troll_Stand_Fist_Fist_P0_Attack_Hit_N_Fwd_00_%_00_P0_100.xmot C1=20 Right=TrollFist RightUseType=55 RightGroup=5 Left=TrollFist LeftUseType=55 LeftGroup=5 SUPPRESS_NATIVE=1
CORE RAW55_CALLBACK_SUPPRESSION_PROBE Actor=BlackTroll Family=NORMAL Action=1 Motion=Troll_Stand_Fist_Fist_P0_Attack_Hit_N_Fwd_00_%_00_P0_100.xmot C1=20 Right=TrollFist RightUseType=55 RightGroup=5 Left=TrollFist LeftUseType=55 LeftGroup=5 SUPPRESS_NATIVE=1
CORE RAW55_CALLBACK_SUPPRESSION_PROBE Actor=BlackTroll Family=NORMAL Action=1 Motion=Troll_Stand_Fist_Fist_P0_Attack_Hit_N_Fwd_00_%_00_P0_100.xmot C1=20 Right=TrollFist RightUseType=55 RightGroup=5 Left=TrollFist LeftUseType=55 LeftGroup=5 SUPPRESS_NATIVE=1
CORE RAW55_CALLBACK_SUPPRESSION_PROBE Actor=BlackTroll Family=NORMAL Action=1 Motion=Troll_Stand_Fist_Fist_P0_Attack_Hit_N_Fwd_00_%_00_P0_100.xmot C1=20 Right=TrollFist RightUseType=55 RightGroup=5 Left=TrollFist LeftUseType=55 LeftGroup=5 SUPPRESS_NATIVE=1
CORE RAW55_CALLBACK_SUPPRESSION_PROBE Actor=BlackTroll Family=NORMAL Action=1 Motion=Troll_Stand_Fist_Fist_P0_Attack_Hit_N_Fwd_00_%_00_P0_100.xmot C1=20 Right=TrollFist RightUseType=55 RightGroup=5 Left=TrollFist LeftUseType=55 LeftGroup=5 SUPPRESS_NATIVE=1
CORE RAW55_CALLBACK_SUPPRESSION_PROBE Actor=BlackTroll Family=NORMAL Action=1 Motion=Troll_Stand_Fist_Fist_P0_Attack_Hit_N_Fwd_00_%_00_P0_100.xmot C1=20 Right=TrollFist RightUseType=55 RightGroup=5 Left=TrollFist LeftUseType=55 LeftGroup=5 SUPPRESS_NATIVE=1
CORE RAW55_CALLBACK_SUPPRESSION_PROBE Actor=BlackTroll Family=NORMAL Action=1 Motion=Troll_Stand_Fist_Fist_P0_Attack_Hit_N_Fwd_00_%_00_P0_100.xmot C1=20 Right=TrollFist RightUseType=55 RightGroup=5 Left=TrollFist LeftUseType=55 LeftGroup=5 SUPPRESS_NATIVE=1
CORE RAW55_CALLBACK_SUPPRESSION_PROBE Actor=BlackTroll Family=NORMAL Action=1 Motion=Troll_Stand_Fist_Fist_P0_Attack_Hit_N_Fwd_00_%_00_P0_100.xmot C1=20 Right=TrollFist RightUseType=55 RightGroup=5 Left=TrollFist LeftUseType=55 LeftGroup=5 SUPPRESS_NATIVE=1
CORE RAW55_CALLBACK_SUPPRESSION_PROBE Actor=BlackTroll Family=NORMAL Action=1 Motion=Troll_Stand_Fist_Fist_P0_Attack_Hit_N_Fwd_00_%_00_P0_100.xmot C1=20 Right=TrollFist RightUseType=55 RightGroup=5 Left=TrollFist LeftUseType=55 LeftGroup=5 SUPPRESS_NATIVE=1
CORE RAW55_CALLBACK_SUPPRESSION_PROBE Actor=BlackTroll Family=NORMAL Action=1 Motion=Troll_Stand_Fist_Fist_P0_Attack_Hit_N_Fwd_00_%_00_P0_100.xmot C1=20 Right=TrollFist RightUseType=55 RightGroup=5 Left=TrollFist LeftUseType=55 LeftGroup=5 SUPPRESS_NATIVE=1
CORE RAW55_CALLBACK_SUPPRESSION_PROBE Actor=BlackTroll Family=NORMAL Action=1 Motion=Troll_Stand_Fist_Fist_P0_Attack_Hit_N_Fwd_00_%_00_P0_100.xmot C1=20 Right=TrollFist RightUseType=55 RightGroup=5 Left=TrollFist LeftUseType=55 LeftGroup=5 SUPPRESS_NATIVE=1
CORE RAW55_CALLBACK_SUPPRESSION_PROBE Actor=BlackTroll Family=NORMAL Action=1 Motion=Troll_Stand_Fist_Fist_P0_Attack_Hit_N_Fwd_00_%_00_P0_100.xmot C1=20 Right=TrollFist RightUseType=55 RightGroup=5 Left=TrollFist LeftUseType=55 LeftGroup=5 SUPPRESS_NATIVE=1
CORE RAW55_CALLBACK_SUPPRESSION_PROBE Actor=BlackTroll Family=NORMAL Action=1 Motion=Troll_Stand_Fist_Fist_P0_Attack_Hit_N_Fwd_00_%_00_P0_100.xmot C1=20 Right=TrollFist RightUseType=55 RightGroup=5 Left=TrollFist LeftUseType=55 LeftGroup=5 SUPPRESS_NATIVE=1
CORE RAW55_CALLBACK_SUPPRESSION_PROBE Actor=BlackTroll Family=NORMAL Action=1 Motion=Troll_Stand_Fist_Fist_P0_Attack_Hit_N_Fwd_00_%_00_P0_100.xmot C1=20 Right=TrollFist RightUseType=55 RightGroup=5 Left=TrollFist LeftUseType=55 LeftGroup=5 SUPPRESS_NATIVE=1
CORE RAW55_CALLBACK_SUPPRESSION_PROBE Actor=BlackTroll Family=NORMAL Action=1 Motion=Troll_Stand_Fist_Fist_P0_Attack_Hit_N_Fwd_00_%_00_P0_100.xmot C1=20 Right=TrollFist RightUseType=55 RightGroup=5 Left=TrollFist LeftUseType=55 LeftGroup=5 SUPPRESS_NATIVE=1
CORE RAW55_CALLBACK_SUPPRESSION_PROBE Actor=BlackTroll Family=NORMAL Action=1 Motion=Troll_Stand_Fist_Fist_P0_Attack_Hit_N_Fwd_00_%_00_P0_100.xmot C1=20 Right=TrollFist RightUseType=55 RightGroup=5 Left=TrollFist LeftUseType=55 LeftGroup=5 SUPPRESS_NATIVE=1
CORE RAW55_CALLBACK_SUPPRESSION_PROBE Actor=BlackTroll Family=NORMAL Action=1 Motion=Troll_Stand_Fist_Fist_P0_Attack_Hit_N_Fwd_00_%_00_P0_100.xmot C1=20 Right=TrollFist RightUseType=55 RightGroup=5 Left=TrollFist LeftUseType=55 LeftGroup=5 SUPPRESS_NATIVE=1
CORE RAW55_CALLBACK_SUPPRESSION_PROBE Actor=BlackTroll Family=NORMAL Action=1 Motion=Troll_Stand_Fist_Fist_P0_Attack_Hit_N_Fwd_00_%_00_P0_100.xmot C1=20 Right=TrollFist RightUseType=55 RightGroup=5 Left=TrollFist LeftUseType=55 LeftGroup=5 SUPPRESS_NATIVE=1
CORE RAW55_CALLBACK_SUPPRESSION_PROBE Actor=BlackTroll Family=NORMAL Action=1 Motion=Troll_Stand_Fist_Fist_P0_Attack_Hit_N_Fwd_00_%_00_P0_100.xmot C1=20 Right=TrollFist RightUseType=55 RightGroup=5 Left=TrollFist LeftUseType=55 LeftGroup=5 SUPPRESS_NATIVE=1
CORE RAW55_CALLBACK_SUPPRESSION_PROBE Actor=BlackTroll Family=NORMAL Action=1 Motion=Troll_Stand_Fist_Fist_P0_Attack_Hit_N_Fwd_00_%_00_P0_100.xmot C1=20 Right=TrollFist RightUseType=55 RightGroup=5 Left=TrollFist LeftUseType=55 LeftGroup=5 SUPPRESS_NATIVE=1
CORE RAW55_CALLBACK_SUPPRESSION_PROBE Actor=BlackTroll Family=NORMAL Action=1 Motion=Troll_Stand_Fist_Fist_P0_Attack_Hit_N_Fwd_00_%_00_P0_100.xmot C1=20 Right=TrollFist RightUseType=55 RightGroup=5 Left=TrollFist LeftUseType=55 LeftGroup=5 SUPPRESS_NATIVE=1
CORE RAW55_CALLBACK_SUPPRESSION_PROBE Actor=BlackTroll Family=NORMAL Action=1 Motion=Troll_Stand_Fist_Fist_P0_Attack_Hit_N_Fwd_00_%_00_P0_100.xmot C1=20 Right=TrollFist RightUseType=55 RightGroup=5 Left=TrollFist LeftUseType=55 LeftGroup=5 SUPPRESS_NATIVE=1
CORE RAW55_CALLBACK_SUPPRESSION_PROBE Actor=BlackTroll Family=NORMAL Action=1 Motion=Troll_Stand_Fist_Fist_P0_Attack_Hit_N_Fwd_00_%_00_P0_100.xmot C1=20 Right=TrollFist RightUseType=55 RightGroup=5 Left=TrollFist LeftUseType=55 LeftGroup=5 SUPPRESS_NATIVE=1
CORE RAW55_CALLBACK_SUPPRESSION_PROBE Actor=BlackTroll Family=NORMAL Action=1 Motion=Troll_Stand_Fist_Fist_P0_Attack_Hit_N_Fwd_00_%_00_P0_100.xmot C1=20 Right=TrollFist RightUseType=55 RightGroup=5 Left=TrollFist LeftUseType=55 LeftGroup=5 SUPPRESS_NATIVE=1
CORE RAW55_CALLBACK_SUPPRESSION_PROBE Actor=BlackTroll Family=NORMAL Action=1 Motion=Troll_Stand_Fist_Fist_P0_Attack_Hit_N_Fwd_00_%_00_P0_100.xmot C1=20 Right=TrollFist RightUseType=55 RightGroup=5 Left=TrollFist LeftUseType=55 LeftGroup=5 SUPPRESS_NATIVE=1
CORE RAW55_CALLBACK_SUPPRESSION_PROBE Actor=BlackTroll Family=NORMAL Action=1 Motion=Troll_Stand_Fist_Fist_P0_Attack_Hit_N_Fwd_00_%_00_P0_100.xmot C1=20 Right=TrollFist RightUseType=55 RightGroup=5 Left=TrollFist LeftUseType=55 LeftGroup=5 SUPPRESS_NATIVE=1
CORE RAW55_CALLBACK_SUPPRESSION_PROBE Actor=BlackTroll Family=NORMAL Action=1 Motion=Troll_Stand_Fist_Fist_P0_Attack_Hit_N_Fwd_00_%_00_P0_100.xmot C1=20 Right=TrollFist RightUseType=55 RightGroup=5 Left=TrollFist LeftUseType=55 LeftGroup=5 SUPPRESS_NATIVE=1
CORE RAW55_CALLBACK_SUPPRESSION_PROBE Actor=BlackTroll Family=NORMAL Action=1 Motion=Troll_Stand_Fist_Fist_P0_Attack_Hit_N_Fwd_00_%_00_P0_100.xmot C1=20 Right=TrollFist RightUseType=55 RightGroup=5 Left=TrollFist LeftUseType=55 LeftGroup=5 SUPPRESS_NATIVE=1
CORE RAW55_CALLBACK_SUPPRESSION_PROBE Actor=BlackTroll Family=NORMAL Action=1 Motion=Troll_Stand_Fist_Fist_P0_Attack_Hit_N_Fwd_00_%_00_P0_100.xmot C1=20 Right=TrollFist RightUseType=55 RightGroup=5 Left=TrollFist LeftUseType=55 LeftGroup=5 SUPPRESS_NATIVE=1
CORE RAW55_CALLBACK_SUPPRESSION_PROBE Actor=BlackTroll Family=NORMAL Action=1 Motion=Troll_Stand_Fist_Fist_P0_Attack_Hit_N_Fwd_00_%_00_P0_100.xmot C1=20 Right=TrollFist RightUseType=55 RightGroup=5 Left=TrollFist LeftUseType=55 LeftGroup=5 SUPPRESS_NATIVE=1
CORE RAW55_CALLBACK_SUPPRESSION_PROBE Actor=BlackTroll Family=NORMAL Action=1 Motion=Troll_Stand_Fist_Fist_P0_Attack_Hit_N_Fwd_00_%_00_P0_100.xmot C1=20 Right=TrollFist RightUseType=55 RightGroup=5 Left=TrollFist LeftUseType=55 LeftGroup=5 SUPPRESS_NATIVE=1
CORE RAW55_CALLBACK_SUPPRESSION_PROBE Actor=BlackTroll Family=NORMAL Action=1 Motion=Troll_Stand_Fist_Fist_P0_Attack_Hit_N_Fwd_00_%_00_P0_100.xmot C1=20 Right=TrollFist RightUseType=55 RightGroup=5 Left=TrollFist LeftUseType=55 LeftGroup=5 SUPPRESS_NATIVE=1
CORE RAW55_CALLBACK_SUPPRESSION_PROBE Actor=BlackTroll Family=NORMAL Action=1 Motion=Troll_Stand_Fist_Fist_P0_Attack_Hit_N_Fwd_00_%_00_P0_100.xmot C1=20 Right=TrollFist RightUseType=55 RightGroup=5 Left=TrollFist LeftUseType=55 LeftGroup=5 SUPPRESS_NATIVE=1
CORE RAW55_CALLBACK_SUPPRESSION_PROBE Actor=BlackTroll Family=NORMAL Action=1 Motion=Troll_Stand_Fist_Fist_P0_Attack_Hit_N_Fwd_00_%_00_P0_100.xmot C1=20 Right=TrollFist RightUseType=55 RightGroup=5 Left=TrollFist LeftUseType=55 LeftGroup=5 SUPPRESS_NATIVE=1
CORE RAW55_CALLBACK_SUPPRESSION_PROBE Actor=BlackTroll Family=NORMAL Action=1 Motion=Troll_Stand_Fist_Fist_P0_Attack_Hit_N_Fwd_00_%_00_P0_100.xmot C1=20 Right=TrollFist RightUseType=55 RightGroup=5 Left=TrollFist LeftUseType=55 LeftGroup=5 SUPPRESS_NATIVE=1
CORE RAW55_CALLBACK_SUPPRESSION_PROBE Actor=BlackTroll Family=NORMAL Action=1 Motion=Troll_Stand_Fist_Fist_P0_Attack_Hit_N_Fwd_00_%_00_P0_100.xmot C1=20 Right=TrollFist RightUseType=55 RightGroup=5 Left=TrollFist LeftUseType=55 LeftGroup=5 SUPPRESS_NATIVE=1
CORE RAW55_CALLBACK_SUPPRESSION_PROBE Actor=BlackTroll Family=NORMAL Action=1 Motion=Troll_Stand_Fist_Fist_P0_Attack_Hit_N_Fwd_00_%_00_P0_100.xmot C1=20 Right=TrollFist RightUseType=55 RightGroup=5 Left=TrollFist LeftUseType=55 LeftGroup=5 SUPPRESS_NATIVE=1
CORE RAW55_CALLBACK_SUPPRESSION_PROBE Actor=BlackTroll Family=NORMAL Action=1 Motion=Troll_Stand_Fist_Fist_P0_Attack_Hit_N_Fwd_00_%_00_P0_100.xmot C1=20 Right=TrollFist RightUseType=55 RightGroup=5 Left=TrollFist LeftUseType=55 LeftGroup=5 SUPPRESS_NATIVE=1
CORE RAW55_CALLBACK_SUPPRESSION_PROBE Actor=BlackTroll Family=NORMAL Action=1 Motion=Troll_Stand_Fist_Fist_P0_Attack_Hit_N_Fwd_00_%_00_P0_100.xmot C1=20 Right=TrollFist RightUseType=55 RightGroup=5 Left=TrollFist LeftUseType=55 LeftGroup=5 SUPPRESS_NATIVE=1
CORE RAW55_CALLBACK_SUPPRESSION_PROBE Actor=BlackTroll Family=NORMAL Action=1 Motion=Troll_Stand_Fist_Fist_P0_Attack_Hit_N_Fwd_00_%_00_P0_100.xmot C1=20 Right=TrollFist RightUseType=55 RightGroup=5 Left=TrollFist LeftUseType=55 LeftGroup=5 SUPPRESS_NATIVE=1
CORE RAW55_CALLBACK_SUPPRESSION_PROBE Actor=BlackTroll Family=NORMAL Action=1 Motion=Troll_Stand_Fist_Fist_P0_Attack_Hit_N_Fwd_00_%_00_P0_100.xmot C1=20 Right=TrollFist RightUseType=55 RightGroup=5 Left=TrollFist LeftUseType=55 LeftGroup=5 SUPPRESS_NATIVE=1
CORE RAW55_CALLBACK_SUPPRESSION_PROBE Actor=BlackTroll Family=NORMAL Action=1 Motion=Troll_Stand_Fist_Fist_P0_Attack_Hit_N_Fwd_00_%_00_P0_100.xmot C1=20 Right=TrollFist RightUseType=55 RightGroup=5 Left=TrollFist LeftUseType=55 LeftGroup=5 SUPPRESS_NATIVE=1
CORE RAW55_CALLBACK_SUPPRESSION_PROBE Actor=BlackTroll Family=NORMAL Action=1 Motion=Troll_Stand_Fist_Fist_P0_Attack_Hit_N_Fwd_00_%_00_P0_100.xmot C1=20 Right=TrollFist RightUseType=55 RightGroup=5 Left=TrollFist LeftUseType=55 LeftGroup=5 SUPPRESS_NATIVE=1
CORE RAW55_CALLBACK_SUPPRESSION_PROBE Actor=BlackTroll Family=NORMAL Action=1 Motion=Troll_Stand_Fist_Fist_P0_Attack_Hit_N_Fwd_00_%_00_P0_100.xmot C1=20 Right=TrollFist RightUseType=55 RightGroup=5 Left=TrollFist LeftUseType=55 LeftGroup=5 SUPPRESS_NATIVE=1
CORE RAW55_CALLBACK_SUPPRESSION_PROBE Actor=BlackTroll Family=NORMAL Action=1 Motion=Troll_Stand_Fist_Fist_P0_Attack_Hit_N_Fwd_00_%_00_P0_100.xmot C1=20 Right=TrollFist RightUseType=55 RightGroup=5 Left=TrollFist LeftUseType=55 LeftGroup=5 SUPPRESS_NATIVE=1
CORE RAW55_CALLBACK_SUPPRESSION_PROBE Actor=BlackTroll Family=NORMAL Action=1 Motion=Troll_Stand_Fist_Fist_P0_Attack_Hit_N_Fwd_00_%_00_P0_100.xmot C1=20 Right=TrollFist RightUseType=55 RightGroup=5 Left=TrollFist LeftUseType=55 LeftGroup=5 SUPPRESS_NATIVE=1
CORE RAW55_CALLBACK_SUPPRESSION_PROBE Actor=BlackTroll Family=NORMAL Action=1 Motion=Troll_Stand_Fist_Fist_P0_Attack_Hit_N_Fwd_00_%_00_P0_100.xmot C1=20 Right=TrollFist RightUseType=55 RightGroup=5 Left=TrollFist LeftUseType=55 LeftGroup=5 SUPPRESS_NATIVE=1
CORE RAW55_CALLBACK_SUPPRESSION_PROBE Actor=BlackTroll Family=NORMAL Action=1 Motion=Troll_Stand_Fist_Fist_P0_Attack_Hit_N_Fwd_00_%_00_P0_100.xmot C1=20 Right=TrollFist RightUseType=55 RightGroup=5 Left=TrollFist LeftUseType=55 LeftGroup=5 SUPPRESS_NATIVE=1
CORE RAW55_CALLBACK_SUPPRESSION_PROBE Actor=BlackTroll Family=NORMAL Action=1 Motion=Troll_Stand_Fist_Fist_P0_Attack_Hit_N_Fwd_00_%_00_P0_100.xmot C1=20 Right=TrollFist RightUseType=55 RightGroup=5 Left=TrollFist LeftUseType=55 LeftGroup=5 SUPPRESS_NATIVE=1
CORE RAW55_CALLBACK_SUPPRESSION_PROBE Actor=BlackTroll Family=NORMAL Action=1 Motion=Troll_Stand_Fist_Fist_P0_Attack_Hit_N_Fwd_00_%_00_P0_100.xmot C1=20 Right=TrollFist RightUseType=55 RightGroup=5 Left=TrollFist LeftUseType=55 LeftGroup=5 SUPPRESS_NATIVE=1
CORE RAW55_CALLBACK_SUPPRESSION_PROBE Actor=BlackTroll Family=NORMAL Action=1 Motion=Troll_Stand_Fist_Fist_P0_Attack_Hit_N_Fwd_00_%_00_P0_100.xmot C1=20 Right=TrollFist RightUseType=55 RightGroup=5 Left=TrollFist LeftUseType=55 LeftGroup=5 SUPPRESS_NATIVE=1
CORE RAW55_CALLBACK_SUPPRESSION_PROBE Actor=BlackTroll Family=NORMAL Action=1 Motion=Troll_Stand_Fist_Fist_P0_Attack_Hit_N_Fwd_00_%_00_P0_100.xmot C1=20 Right=TrollFist RightUseType=55 RightGroup=5 Left=TrollFist LeftUseType=55 LeftGroup=5 SUPPRESS_NATIVE=1
CORE RAW55_CALLBACK_SUPPRESSION_PROBE Actor=BlackTroll Family=NORMAL Action=1 Motion=Troll_Stand_Fist_Fist_P0_Attack_Hit_N_Fwd_00_%_00_P0_100.xmot C1=20 Right=TrollFist RightUseType=55 RightGroup=5 Left=TrollFist LeftUseType=55 LeftGroup=5 SUPPRESS_NATIVE=1
CORE RAW55_CALLBACK_SUPPRESSION_PROBE Actor=BlackTroll Family=NORMAL Action=1 Motion=Troll_Stand_Fist_Fist_P0_Attack_Hit_N_Fwd_00_%_00_P0_100.xmot C1=20 Right=TrollFist RightUseType=55 RightGroup=5 Left=TrollFist LeftUseType=55 LeftGroup=5 SUPPRESS_NATIVE=1
CORE RAW55_CALLBACK_SUPPRESSION_PROBE Actor=BlackTroll Family=NORMAL Action=1 Motion=Troll_Stand_Fist_Fist_P0_Attack_Hit_N_Fwd_00_%_00_P0_100.xmot C1=20 Right=TrollFist RightUseType=55 RightGroup=5 Left=TrollFist LeftUseType=55 LeftGroup=5 SUPPRESS_NATIVE=1
CORE RAW55_CALLBACK_SUPPRESSION_PROBE Actor=BlackTroll Family=NORMAL Action=1 Motion=Troll_Stand_Fist_Fist_P0_Attack_Hit_N_Fwd_00_%_00_P0_100.xmot C1=20 Right=TrollFist RightUseType=55 RightGroup=5 Left=TrollFist LeftUseType=55 LeftGroup=5 SUPPRESS_NATIVE=1
CORE RAW55_CALLBACK_SUPPRESSION_PROBE Actor=BlackTroll Family=NORMAL Action=1 Motion=Troll_Stand_Fist_Fist_P0_Attack_Hit_N_Fwd_00_%_00_P0_100.xmot C1=20 Right=TrollFist RightUseType=55 RightGroup=5 Left=TrollFist LeftUseType=55 LeftGroup=5 SUPPRESS_NATIVE=1
CORE RAW55_CALLBACK_SUPPRESSION_PROBE Actor=BlackTroll Family=NORMAL Action=1 Motion=Troll_Stand_Fist_Fist_P0_Attack_Hit_N_Fwd_00_%_00_P0_100.xmot C1=20 Right=TrollFist RightUseType=55 RightGroup=5 Left=TrollFist LeftUseType=55 LeftGroup=5 SUPPRESS_NATIVE=1
CORE RAW55_CALLBACK_SUPPRESSION_PROBE Actor=BlackTroll Family=NORMAL Action=1 Motion=Troll_Stand_Fist_Fist_P0_Attack_Hit_N_Fwd_00_%_00_P0_100.xmot C1=20 Right=TrollFist RightUseType=55 RightGroup=5 Left=TrollFist LeftUseType=55 LeftGroup=5 SUPPRESS_NATIVE=1
CORE RAW55_CALLBACK_SUPPRESSION_PROBE Actor=BlackTroll Family=NORMAL Action=1 Motion=Troll_Stand_Fist_Fist_P0_Attack_Hit_N_Fwd_00_%_00_P0_100.xmot C1=20 Right=TrollFist RightUseType=55 RightGroup=5 Left=TrollFist LeftUseType=55 LeftGroup=5 SUPPRESS_NATIVE=1
CORE RAW55_CALLBACK_SUPPRESSION_PROBE Actor=BlackTroll Family=NORMAL Action=1 Motion=Troll_Stand_Fist_Fist_P0_Attack_Hit_N_Fwd_00_%_00_P0_100.xmot C1=20 Right=TrollFist RightUseType=55 RightGroup=5 Left=TrollFist LeftUseType=55 LeftGroup=5 SUPPRESS_NATIVE=1
===== CORE MARKER ANOMALY / DISCOVERY =====
ElapsedMs: 51757.150
Actor: BlackTroll
Action: 1
Family: NORMAL
AniPhase: 1
StatePosition: 0
CurrentMovementAni: Troll_Stand_Fist_Fist_P0_Attack_Hit_N_Fwd_00_%_00_P0_100.xmot
MarkerName: G3AB_COL_FIST
MarkerOpcode: FIST
Result: UNSUPPORTED_MISSING_SOURCE
C1GenerationValid: 1
C1Generation: 20
RequiredSourceMask: 0
MissingSourceMask: 0
RightSourceSlot: RIGHT
RightSourceName: TrollFist
RightSourceUseType: 55
RightSourceCollisionGroup: 5
LeftSourceSlot: LEFT
LeftSourceName: TrollFist
LeftSourceUseType: 55
LeftSourceCollisionGroup: 5
Raw8FistSourceName: <none>
Raw8FistSourceUseType: -1
Raw8FistSourceCollisionGroup: -1
===========================================

CORE RAW55_CALLBACK_SUPPRESSION_PROBE Actor=BlackTroll Family=NORMAL Action=1 Motion=Troll_Stand_Fist_Fist_P0_Attack_Hit_N_Fwd_00_%_00_P0_100.xmot C1=20 Right=TrollFist RightUseType=55 RightGroup=5 Left=TrollFist LeftUseType=55 LeftGroup=5 SUPPRESS_NATIVE=1
CORE RAW55_CALLBACK_SUPPRESSION_PROBE Actor=BlackTroll Family=NORMAL Action=1 Motion=Troll_Stand_Fist_Fist_P0_Attack_Hit_N_Fwd_00_%_00_P0_100.xmot C1=20 Right=TrollFist RightUseType=55 RightGroup=5 Left=TrollFist LeftUseType=55 LeftGroup=5 SUPPRESS_NATIVE=1
CORE RAW55_CALLBACK_SUPPRESSION_PROBE Actor=BlackTroll Family=NORMAL Action=1 Motion=Troll_Stand_Fist_Fist_P0_Attack_Hit_N_Fwd_00_%_00_P0_100.xmot C1=20 Right=TrollFist RightUseType=55 RightGroup=5 Left=TrollFist LeftUseType=55 LeftGroup=5 SUPPRESS_NATIVE=1
CORE RAW55_CALLBACK_SUPPRESSION_PROBE Actor=BlackTroll Family=NORMAL Action=1 Motion=Troll_Stand_Fist_Fist_P0_Attack_Hit_N_Fwd_00_%_00_P0_100.xmot C1=20 Right=TrollFist RightUseType=55 RightGroup=5 Left=TrollFist LeftUseType=55 LeftGroup=5 SUPPRESS_NATIVE=1
CORE RAW55_CALLBACK_SUPPRESSION_PROBE Actor=BlackTroll Family=NORMAL Action=1 Motion=Troll_Stand_Fist_Fist_P0_Attack_Hit_N_Fwd_00_%_00_P0_100.xmot C1=20 Right=TrollFist RightUseType=55 RightGroup=5 Left=TrollFist LeftUseType=55 LeftGroup=5 SUPPRESS_NATIVE=1
CORE RAW55_CALLBACK_SUPPRESSION_PROBE Actor=BlackTroll Family=NORMAL Action=1 Motion=Troll_Stand_Fist_Fist_P0_Attack_Hit_N_Fwd_00_%_00_P0_100.xmot C1=20 Right=TrollFist RightUseType=55 RightGroup=5 Left=TrollFist LeftUseType=55 LeftGroup=5 SUPPRESS_NATIVE=1
CORE RAW55_CALLBACK_SUPPRESSION_PROBE Actor=BlackTroll Family=NORMAL Action=1 Motion=Troll_Stand_Fist_Fist_P0_Attack_Hit_N_Fwd_00_%_00_P0_100.xmot C1=20 Right=TrollFist RightUseType=55 RightGroup=5 Left=TrollFist LeftUseType=55 LeftGroup=5 SUPPRESS_NATIVE=1
CORE RAW55_CALLBACK_SUPPRESSION_PROBE Actor=BlackTroll Family=NORMAL Action=1 Motion=Troll_Stand_Fist_Fist_P0_Attack_Hit_N_Fwd_00_%_00_P0_100.xmot C1=20 Right=TrollFist RightUseType=55 RightGroup=5 Left=TrollFist LeftUseType=55 LeftGroup=5 SUPPRESS_NATIVE=1
CORE RAW55_CALLBACK_SUPPRESSION_PROBE Actor=BlackTroll Family=NORMAL Action=1 Motion=Troll_Stand_Fist_Fist_P0_Attack_Hit_N_Fwd_00_%_00_P0_100.xmot C1=20 Right=TrollFist RightUseType=55 RightGroup=5 Left=TrollFist LeftUseType=55 LeftGroup=5 SUPPRESS_NATIVE=1
CORE RAW55_CALLBACK_SUPPRESSION_PROBE Actor=BlackTroll Family=NORMAL Action=1 Motion=Troll_Stand_Fist_Fist_P0_Attack_Hit_N_Fwd_00_%_00_P0_100.xmot C1=20 Right=TrollFist RightUseType=55 RightGroup=5 Left=TrollFist LeftUseType=55 LeftGroup=5 SUPPRESS_NATIVE=1
CORE RAW55_CALLBACK_SUPPRESSION_PROBE Actor=BlackTroll Family=NORMAL Action=1 Motion=Troll_Stand_Fist_Fist_P0_Attack_Hit_N_Fwd_00_%_00_P0_100.xmot C1=20 Right=TrollFist RightUseType=55 RightGroup=5 Left=TrollFist LeftUseType=55 LeftGroup=5 SUPPRESS_NATIVE=1
CORE RAW55_CALLBACK_SUPPRESSION_PROBE Actor=BlackTroll Family=NORMAL Action=1 Motion=Troll_Stand_Fist_Fist_P0_Attack_Hit_N_Fwd_00_%_00_P0_100.xmot C1=20 Right=TrollFist RightUseType=55 RightGroup=5 Left=TrollFist LeftUseType=55 LeftGroup=5 SUPPRESS_NATIVE=1
CORE RAW55_CALLBACK_SUPPRESSION_PROBE Actor=BlackTroll Family=NORMAL Action=1 Motion=Troll_Stand_Fist_Fist_P0_Attack_Hit_N_Fwd_00_%_00_P0_100.xmot C1=20 Right=TrollFist RightUseType=55 RightGroup=5 Left=TrollFist LeftUseType=55 LeftGroup=5 SUPPRESS_NATIVE=1
CORE RAW55_CALLBACK_SUPPRESSION_PROBE Actor=BlackTroll Family=NORMAL Action=1 Motion=Troll_Stand_Fist_Fist_P0_Attack_Hit_N_Fwd_00_%_00_P0_100.xmot C1=20 Right=TrollFist RightUseType=55 RightGroup=5 Left=TrollFist LeftUseType=55 LeftGroup=5 SUPPRESS_NATIVE=1
CORE RAW55_CALLBACK_SUPPRESSION_PROBE Actor=BlackTroll Family=NORMAL Action=1 Motion=Troll_Stand_Fist_Fist_P0_Attack_Hit_N_Fwd_00_%_00_P0_100.xmot C1=20 Right=TrollFist RightUseType=55 RightGroup=5 Left=TrollFist LeftUseType=55 LeftGroup=5 SUPPRESS_NATIVE=1
CORE RAW55_CALLBACK_SUPPRESSION_PROBE Actor=BlackTroll Family=NORMAL Action=1 Motion=Troll_Stand_Fist_Fist_P0_Attack_Hit_N_Fwd_00_%_00_P0_100.xmot C1=20 Right=TrollFist RightUseType=55 RightGroup=5 Left=TrollFist LeftUseType=55 LeftGroup=5 SUPPRESS_NATIVE=1
CORE RAW55_CALLBACK_SUPPRESSION_PROBE Actor=BlackTroll Family=NORMAL Action=1 Motion=Troll_Stand_Fist_Fist_P0_Attack_Hit_N_Fwd_00_%_00_P0_100.xmot C1=20 Right=TrollFist RightUseType=55 RightGroup=5 Left=TrollFist LeftUseType=55 LeftGroup=5 SUPPRESS_NATIVE=1
CORE RAW55_CALLBACK_SUPPRESSION_PROBE Actor=BlackTroll Family=NORMAL Action=1 Motion=Troll_Stand_Fist_Fist_P0_Attack_Hit_N_Fwd_00_%_00_P0_100.xmot C1=20 Right=TrollFist RightUseType=55 RightGroup=5 Left=TrollFist LeftUseType=55 LeftGroup=5 SUPPRESS_NATIVE=1
CORE RAW55_CALLBACK_SUPPRESSION_PROBE Actor=BlackTroll Family=NORMAL Action=1 Motion=Troll_Stand_Fist_Fist_P0_Attack_Hit_N_Fwd_00_%_00_P0_100.xmot C1=20 Right=TrollFist RightUseType=55 RightGroup=5 Left=TrollFist LeftUseType=55 LeftGroup=5 SUPPRESS_NATIVE=1
CORE RAW55_CALLBACK_SUPPRESSION_PROBE Actor=BlackTroll Family=NORMAL Action=1 Motion=Troll_Stand_Fist_Fist_P0_Attack_Hit_N_Fwd_00_%_00_P0_100.xmot C1=20 Right=TrollFist RightUseType=55 RightGroup=5 Left=TrollFist LeftUseType=55 LeftGroup=5 SUPPRESS_NATIVE=1
CORE RAW55_CALLBACK_SUPPRESSION_PROBE Actor=BlackTroll Family=NORMAL Action=1 Motion=Troll_Stand_Fist_Fist_P0_Attack_Hit_N_Fwd_00_%_00_P0_100.xmot C1=20 Right=TrollFist RightUseType=55 RightGroup=5 Left=TrollFist LeftUseType=55 LeftGroup=5 SUPPRESS_NATIVE=1
CORE RAW55_CALLBACK_SUPPRESSION_PROBE Actor=BlackTroll Family=NORMAL Action=1 Motion=Troll_Stand_Fist_Fist_P0_Attack_Hit_N_Fwd_00_%_00_P0_100.xmot C1=20 Right=TrollFist RightUseType=55 RightGroup=5 Left=TrollFist LeftUseType=55 LeftGroup=5 SUPPRESS_NATIVE=1
CORE RAW55_CALLBACK_SUPPRESSION_PROBE Actor=BlackTroll Family=NORMAL Action=1 Motion=Troll_Stand_Fist_Fist_P0_Attack_Hit_N_Fwd_00_%_00_P0_100.xmot C1=20 Right=TrollFist RightUseType=55 RightGroup=5 Left=TrollFist LeftUseType=55 LeftGroup=5 SUPPRESS_NATIVE=1
CORE RAW55_CALLBACK_SUPPRESSION_PROBE Actor=BlackTroll Family=NORMAL Action=1 Motion=Troll_Stand_Fist_Fist_P0_Attack_Hit_N_Fwd_00_%_00_P0_100.xmot C1=20 Right=TrollFist RightUseType=55 RightGroup=5 Left=TrollFist LeftUseType=55 LeftGroup=5 SUPPRESS_NATIVE=1
CORE RAW55_CALLBACK_SUPPRESSION_PROBE Actor=BlackTroll Family=NORMAL Action=1 Motion=Troll_Stand_Fist_Fist_P0_Attack_Hit_N_Fwd_00_%_00_P0_100.xmot C1=20 Right=TrollFist RightUseType=55 RightGroup=5 Left=TrollFist LeftUseType=55 LeftGroup=5 SUPPRESS_NATIVE=1
CORE RAW55_CALLBACK_SUPPRESSION_PROBE Actor=BlackTroll Family=NORMAL Action=1 Motion=Troll_Stand_Fist_Fist_P0_Attack_Hit_N_Fwd_00_%_00_P0_100.xmot C1=20 Right=TrollFist RightUseType=55 RightGroup=5 Left=TrollFist LeftUseType=55 LeftGroup=5 SUPPRESS_NATIVE=1
CORE RAW55_CALLBACK_SUPPRESSION_PROBE Actor=BlackTroll Family=NORMAL Action=1 Motion=Troll_Stand_Fist_Fist_P0_Attack_Hit_N_Fwd_00_%_00_P0_100.xmot C1=20 Right=TrollFist RightUseType=55 RightGroup=5 Left=TrollFist LeftUseType=55 LeftGroup=5 SUPPRESS_NATIVE=1
CORE RAW55_CALLBACK_SUPPRESSION_PROBE Actor=BlackTroll Family=NORMAL Action=1 Motion=Troll_Stand_Fist_Fist_P0_Attack_Hit_N_Fwd_00_%_00_P0_100.xmot C1=20 Right=TrollFist RightUseType=55 RightGroup=5 Left=TrollFist LeftUseType=55 LeftGroup=5 SUPPRESS_NATIVE=1
CORE RAW55_CALLBACK_SUPPRESSION_PROBE Actor=BlackTroll Family=NORMAL Action=1 Motion=Troll_Stand_Fist_Fist_P0_Attack_Hit_N_Fwd_00_%_00_P0_100.xmot C1=20 Right=TrollFist RightUseType=55 RightGroup=5 Left=TrollFist LeftUseType=55 LeftGroup=5 SUPPRESS_NATIVE=1
CORE RAW55_CALLBACK_SUPPRESSION_PROBE Actor=BlackTroll Family=NORMAL Action=1 Motion=Troll_Stand_Fist_Fist_P0_Attack_Hit_N_Fwd_00_%_00_P0_100.xmot C1=20 Right=TrollFist RightUseType=55 RightGroup=5 Left=TrollFist LeftUseType=55 LeftGroup=5 SUPPRESS_NATIVE=1
CORE RAW55_CALLBACK_SUPPRESSION_PROBE Actor=BlackTroll Family=NORMAL Action=1 Motion=Troll_Stand_Fist_Fist_P0_Attack_Hit_N_Fwd_00_%_00_P0_100.xmot C1=20 Right=TrollFist RightUseType=55 RightGroup=5 Left=TrollFist LeftUseType=55 LeftGroup=5 SUPPRESS_NATIVE=1
CORE RAW55_CALLBACK_SUPPRESSION_PROBE Actor=BlackTroll Family=NORMAL Action=1 Motion=Troll_Stand_Fist_Fist_P0_Attack_Hit_N_Fwd_00_%_00_P0_100.xmot C1=20 Right=TrollFist RightUseType=55 RightGroup=5 Left=TrollFist LeftUseType=55 LeftGroup=5 SUPPRESS_NATIVE=1
CORE RAW55_CALLBACK_SUPPRESSION_PROBE Actor=BlackTroll Family=NORMAL Action=1 Motion=Troll_Stand_Fist_Fist_P0_Attack_Hit_N_Fwd_00_%_00_P0_100.xmot C1=20 Right=TrollFist RightUseType=55 RightGroup=5 Left=TrollFist LeftUseType=55 LeftGroup=5 SUPPRESS_NATIVE=1
CORE C1_FINAL ElapsedMs=52028.690 Actor=BlackTroll Generation=20 Status=PERSISTED SourceCount=2 PhysicalChanged=0 Source[0]=TrollFist Side=RIGHT Outstanding=0 Cleanup=0 Outcome=NO_OP_NO_OUTSTANDING Source[1]=TrollFist Side=LEFT Outstanding=0 Cleanup=0 Outcome=NO_OP_NO_OUTSTANDING
CORE C1_START ElapsedMs=52801.701 Actor=PC_Hero Generation=21 Status=CANDIDATE Outstanding=0 TrackedSources=1 ReplacedGeneration=0 ReplacedOutstanding=0 Source[0]=It_2H_Sword_Flamberge Side=RIGHT Group=5
CORE C1_BIND ElapsedMs=52801.713 Event=COMBAT_MOVE_CANDIDATE_BOUND Actor=PC_Hero Generation=21 Status=CANDIDATE Outstanding=0 Source=<null> Script=_AI_QuickAttack
CORE C1_STATUS ElapsedMs=52802.076 Event=PERSISTED Actor=PC_Hero Generation=21 Status=PERSISTED Outstanding=0
CORE ATTACK_OWNERSHIP ElapsedMs=52802.099 Actor=PC_Hero Family=QUICK Action=4 Phase=1 Motion=Hero_Stand_None_2H_P0_QuickAttackR_Hit_N_Fwd_00_%_00_P1_90_R.xmot MarkerPresent=1 RequiredMask=1 FistMarkers=0 Raw8Fist=<none> Raw8UseType=-1 SuppressNative=1 Classification=ROUTINE
CORE C1_START ElapsedMs=52814.627 Actor=BlackTroll Generation=22 Status=CANDIDATE Outstanding=0 TrackedSources=2 ReplacedGeneration=0 ReplacedOutstanding=0 Source[0]=TrollFist Side=RIGHT Group=5 Source[1]=TrollFist Side=LEFT Group=5
CORE C1_BIND ElapsedMs=52814.640 Event=COMBAT_MOVE_CANDIDATE_BOUND Actor=BlackTroll Generation=22 Status=CANDIDATE Outstanding=0 Source=<null> Script=_AI_JumpBack
CORE C1_STATUS ElapsedMs=52814.974 Event=PERSISTED Actor=BlackTroll Generation=22 Status=PERSISTED Outstanding=0
CORE COLLISION_GROUP ElapsedMs=53055.087 Source=It_2H_Sword_Flamberge UseType=3 Owner=PC_Hero Slot=RIGHT Requested=7 Before=5 After=7 MarkerBitsRetired=0
CORE C1 OFFENSE REQUEST ElapsedMs=53055.114 Actor=PC_Hero Generation=21 Status=PERSISTED Source=It_2H_Sword_Flamberge Side=RIGHT Requests=1 Outstanding=1 CleanupObserved=0 Group=7
CORE MARKER ElapsedMs=53055.126 Actor=PC_Hero Action=4 Family=QUICK Phase=1 Motion=Hero_Stand_None_2H_P0_QuickAttackR_Hit_N_Fwd_00_%_00_P1_90_R.xmot Marker=RIGHT Result=ACCEPTED C1Valid=1 C1=21 StatePosition=1 PreviousMask=0 DesiredMask=1 RetiredMask=0 OwnedMask=0 MarkerOwnedMask=1 Activated=1 Deactivated=0 Retired=0 RearmRequests=1 Clears=1 RightUseType=3
CORE ONDAMAGE ElapsedMs=53081.867 Ordinal=6 Target=BlackTroll Arg1=BlackTroll Arg2=BlackTroll Caller=Game.dll+0x00069484 PlayerAction=4 PlayerPhase=1 PlayerMotion=Hero_Stand_None_2H_P0_QuickAttackR_Hit_N_Fwd_00_%_00_P1_90_R.xmot Raw8Fist=<none> Raw8UseType=-1 Raw8Group=-1
CORE C1_START ElapsedMs=53086.876 Actor=BlackTroll Generation=23 Status=CANDIDATE Outstanding=0 TrackedSources=2 ReplacedGeneration=22 ReplacedOutstanding=0 Source[0]=TrollFist Side=RIGHT Group=5 Source[1]=TrollFist Side=LEFT Group=5
CORE C1_BIND ElapsedMs=53086.888 Event=COMBAT_MOVE_CANDIDATE_BOUND Actor=BlackTroll Generation=23 Status=CANDIDATE Outstanding=0 Source=<null> Script=_AI_Stumble
CORE C1_STATUS ElapsedMs=53086.950 Event=PERSISTED Actor=BlackTroll Generation=23 Status=PERSISTED Outstanding=0
CORE COLLISION_GROUP ElapsedMs=53255.707 Source=It_2H_Sword_Flamberge UseType=3 Owner=PC_Hero Slot=RIGHT Requested=5 Before=7 After=5 MarkerBitsRetired=1
CORE C1 CLEANUP FULFILLED ElapsedMs=53255.799 Actor=PC_Hero Generation=21 Status=PERSISTED Source=It_2H_Sword_Flamberge Side=RIGHT Requests=1 Outstanding=0 CleanupObserved=1 Group=5
CORE C1_FINAL ElapsedMs=53350.824 Actor=PC_Hero Generation=21 Status=PERSISTED SourceCount=1 PhysicalChanged=0 Source[0]=It_2H_Sword_Flamberge Side=RIGHT Outstanding=0 Cleanup=1 Outcome=NO_OP_NO_OUTSTANDING
CORE C1_START ElapsedMs=53357.861 Actor=PC_Hero Generation=24 Status=CANDIDATE Outstanding=0 TrackedSources=1 ReplacedGeneration=0 ReplacedOutstanding=0 Source[0]=It_2H_Sword_Flamberge Side=RIGHT Group=5
CORE C1_BIND ElapsedMs=53357.873 Event=COMBAT_MOVE_CANDIDATE_BOUND Actor=PC_Hero Generation=24 Status=CANDIDATE Outstanding=0 Source=<null> Script=_AI_QuickAttack
CORE C1_STATUS ElapsedMs=53358.235 Event=PERSISTED Actor=PC_Hero Generation=24 Status=PERSISTED Outstanding=0
CORE ATTACK_OWNERSHIP ElapsedMs=53358.257 Actor=PC_Hero Family=QUICK Action=5 Phase=1 Motion=Hero_Stand_None_2H_P1_QuickAttackL_Hit_N_Fwd_00_%_00_P0_90_L.xmot MarkerPresent=1 RequiredMask=1 FistMarkers=0 Raw8Fist=<none> Raw8UseType=-1 SuppressNative=1 Classification=ROUTINE
CORE C1_FINAL ElapsedMs=53458.789 Actor=BlackTroll Generation=23 Status=PERSISTED SourceCount=2 PhysicalChanged=0 Source[0]=TrollFist Side=RIGHT Outstanding=0 Cleanup=0 Outcome=NO_OP_NO_OUTSTANDING Source[1]=TrollFist Side=LEFT Outstanding=0 Cleanup=0 Outcome=NO_OP_NO_OUTSTANDING
CORE C1_START ElapsedMs=53475.014 Actor=BlackTroll Generation=25 Status=CANDIDATE Outstanding=0 TrackedSources=2 ReplacedGeneration=0 ReplacedOutstanding=0 Source[0]=TrollFist Side=RIGHT Group=5 Source[1]=TrollFist Side=LEFT Group=5
CORE C1_BIND ElapsedMs=53475.028 Event=COMBAT_MOVE_CANDIDATE_BOUND Actor=BlackTroll Generation=25 Status=CANDIDATE Outstanding=0 Source=<null> Script=_AI_PowerAttack
CORE C1_STATUS ElapsedMs=53475.091 Event=PERSISTED Actor=BlackTroll Generation=25 Status=PERSISTED Outstanding=0
CORE COLLISION_GROUP ElapsedMs=53618.283 Source=It_2H_Sword_Flamberge UseType=3 Owner=PC_Hero Slot=RIGHT Requested=7 Before=5 After=7 MarkerBitsRetired=0
CORE C1 OFFENSE REQUEST ElapsedMs=53618.310 Actor=PC_Hero Generation=24 Status=PERSISTED Source=It_2H_Sword_Flamberge Side=RIGHT Requests=1 Outstanding=1 CleanupObserved=0 Group=7
CORE MARKER ElapsedMs=53618.322 Actor=PC_Hero Action=5 Family=QUICK Phase=1 Motion=Hero_Stand_None_2H_P1_QuickAttackL_Hit_N_Fwd_00_%_00_P0_90_L.xmot Marker=RIGHT Result=ACCEPTED C1Valid=1 C1=24 StatePosition=1 PreviousMask=0 DesiredMask=1 RetiredMask=0 OwnedMask=0 MarkerOwnedMask=1 Activated=1 Deactivated=0 Retired=0 RearmRequests=1 Clears=1 RightUseType=3
CORE ONDAMAGE ElapsedMs=53665.937 Ordinal=7 Target=BlackTroll Arg1=BlackTroll Arg2=BlackTroll Caller=Game.dll+0x00069484 PlayerAction=5 PlayerPhase=1 PlayerMotion=Hero_Stand_None_2H_P1_QuickAttackL_Hit_N_Fwd_00_%_00_P0_90_L.xmot Raw8Fist=<none> Raw8UseType=-1 Raw8Group=-1
CORE COLLISION_GROUP ElapsedMs=53812.194 Source=It_2H_Sword_Flamberge UseType=3 Owner=PC_Hero Slot=RIGHT Requested=5 Before=7 After=5 MarkerBitsRetired=1
CORE C1 CLEANUP FULFILLED ElapsedMs=53812.213 Actor=PC_Hero Generation=24 Status=PERSISTED Source=It_2H_Sword_Flamberge Side=RIGHT Requests=1 Outstanding=0 CleanupObserved=1 Group=5
CORE C1_FINAL ElapsedMs=53910.410 Actor=PC_Hero Generation=24 Status=PERSISTED SourceCount=1 PhysicalChanged=0 Source[0]=It_2H_Sword_Flamberge Side=RIGHT Outstanding=0 Cleanup=1 Outcome=NO_OP_NO_OUTSTANDING
CORE C1_START ElapsedMs=53917.852 Actor=PC_Hero Generation=26 Status=CANDIDATE Outstanding=0 TrackedSources=1 ReplacedGeneration=0 ReplacedOutstanding=0 Source[0]=It_2H_Sword_Flamberge Side=RIGHT Group=5
CORE C1_BIND ElapsedMs=53917.864 Event=COMBAT_MOVE_CANDIDATE_BOUND Actor=PC_Hero Generation=26 Status=CANDIDATE Outstanding=0 Source=<null> Script=_AI_QuickAttack
CORE C1_STATUS ElapsedMs=53917.960 Event=PERSISTED Actor=PC_Hero Generation=26 Status=PERSISTED Outstanding=0
CORE ATTACK_OWNERSHIP ElapsedMs=53917.983 Actor=PC_Hero Family=QUICK Action=4 Phase=1 Motion=Hero_Stand_None_2H_P0_QuickAttackR_Hit_N_Fwd_00_%_00_P1_90_R.xmot MarkerPresent=1 RequiredMask=1 FistMarkers=0 Raw8Fist=<none> Raw8UseType=-1 SuppressNative=1 Classification=ROUTINE
CORE COLLISION_GROUP ElapsedMs=54171.980 Source=It_2H_Sword_Flamberge UseType=3 Owner=PC_Hero Slot=RIGHT Requested=7 Before=5 After=7 MarkerBitsRetired=0
CORE C1 OFFENSE REQUEST ElapsedMs=54172.010 Actor=PC_Hero Generation=26 Status=PERSISTED Source=It_2H_Sword_Flamberge Side=RIGHT Requests=1 Outstanding=1 CleanupObserved=0 Group=7
CORE MARKER ElapsedMs=54172.022 Actor=PC_Hero Action=4 Family=QUICK Phase=1 Motion=Hero_Stand_None_2H_P0_QuickAttackR_Hit_N_Fwd_00_%_00_P1_90_R.xmot Marker=RIGHT Result=ACCEPTED C1Valid=1 C1=26 StatePosition=1 PreviousMask=0 DesiredMask=1 RetiredMask=0 OwnedMask=0 MarkerOwnedMask=1 Activated=1 Deactivated=0 Retired=0 RearmRequests=1 Clears=1 RightUseType=3
CORE ONDAMAGE ElapsedMs=54195.205 Ordinal=8 Target=BlackTroll Arg1=BlackTroll Arg2=BlackTroll Caller=Game.dll+0x00069484 PlayerAction=4 PlayerPhase=1 PlayerMotion=Hero_Stand_None_2H_P0_QuickAttackR_Hit_N_Fwd_00_%_00_P1_90_R.xmot Raw8Fist=<none> Raw8UseType=-1 Raw8Group=-1
CORE COLLISION_GROUP ElapsedMs=54366.298 Source=It_2H_Sword_Flamberge UseType=3 Owner=PC_Hero Slot=RIGHT Requested=5 Before=7 After=5 MarkerBitsRetired=1
CORE C1 CLEANUP FULFILLED ElapsedMs=54366.326 Actor=PC_Hero Generation=26 Status=PERSISTED Source=It_2H_Sword_Flamberge Side=RIGHT Requests=1 Outstanding=0 CleanupObserved=1 Group=5
CORE C1_FINAL ElapsedMs=54463.311 Actor=PC_Hero Generation=26 Status=PERSISTED SourceCount=1 PhysicalChanged=0 Source[0]=It_2H_Sword_Flamberge Side=RIGHT Outstanding=0 Cleanup=1 Outcome=NO_OP_NO_OUTSTANDING
CORE C1_BIND ElapsedMs=55518.944 Event=COMBAT_MOVE_REUSED Actor=BlackTroll Generation=25 Status=PERSISTED Outstanding=0 Source=<null> Script=_AI_PowerAttack
CORE ATTACK_OWNERSHIP ElapsedMs=55519.026 Actor=BlackTroll Family=SPRINT Action=9 Phase=1 Motion=Troll_Stand_Fist_Fist_P0_PowerAttack_Hit_N_Fwd_00_%_00_P0_150.xmot MarkerPresent=1 RequiredMask=0 FistMarkers=1 Raw8Fist=<none> Raw8UseType=-1 SuppressNative=0 Classification=CONTRADICTION
===== CORE ATTACK OWNERSHIP ANOMALY =====
MatchingMotionFound: 1
MarkerScanValid: 1
RequiredSourcesAvailable: 1
RightSourceSlot: RIGHT
RightSourceName: TrollFist
RightSourceUseType: 55
RightSourceCollisionGroup: 5
LeftSourceSlot: LEFT
LeftSourceName: TrollFist
LeftSourceUseType: 55
LeftSourceCollisionGroup: 5
Raw8FistSourceName: <none>
Raw8FistSourceUseType: -1
Raw8FistSourceCollisionGroup: -1
=========================================

CORE RAW55_CALLBACK_SUPPRESSION_PROBE Actor=BlackTroll Family=SPRINT Action=9 Motion=Troll_Stand_Fist_Fist_P0_PowerAttack_Hit_N_Fwd_00_%_00_P0_150.xmot C1=25 Right=TrollFist RightUseType=55 RightGroup=5 Left=TrollFist LeftUseType=55 LeftGroup=5 SUPPRESS_NATIVE=1
CORE RAW55_CALLBACK_SUPPRESSION_PROBE Actor=BlackTroll Family=SPRINT Action=9 Motion=Troll_Stand_Fist_Fist_P0_PowerAttack_Hit_N_Fwd_00_%_00_P0_150.xmot C1=25 Right=TrollFist RightUseType=55 RightGroup=5 Left=TrollFist LeftUseType=55 LeftGroup=5 SUPPRESS_NATIVE=1
CORE RAW55_CALLBACK_SUPPRESSION_PROBE Actor=BlackTroll Family=SPRINT Action=9 Motion=Troll_Stand_Fist_Fist_P0_PowerAttack_Hit_N_Fwd_00_%_00_P0_150.xmot C1=25 Right=TrollFist RightUseType=55 RightGroup=5 Left=TrollFist LeftUseType=55 LeftGroup=5 SUPPRESS_NATIVE=1
CORE RAW55_CALLBACK_SUPPRESSION_PROBE Actor=BlackTroll Family=SPRINT Action=9 Motion=Troll_Stand_Fist_Fist_P0_PowerAttack_Hit_N_Fwd_00_%_00_P0_150.xmot C1=25 Right=TrollFist RightUseType=55 RightGroup=5 Left=TrollFist LeftUseType=55 LeftGroup=5 SUPPRESS_NATIVE=1
CORE RAW55_CALLBACK_SUPPRESSION_PROBE Actor=BlackTroll Family=SPRINT Action=9 Motion=Troll_Stand_Fist_Fist_P0_PowerAttack_Hit_N_Fwd_00_%_00_P0_150.xmot C1=25 Right=TrollFist RightUseType=55 RightGroup=5 Left=TrollFist LeftUseType=55 LeftGroup=5 SUPPRESS_NATIVE=1
CORE RAW55_CALLBACK_SUPPRESSION_PROBE Actor=BlackTroll Family=SPRINT Action=9 Motion=Troll_Stand_Fist_Fist_P0_PowerAttack_Hit_N_Fwd_00_%_00_P0_150.xmot C1=25 Right=TrollFist RightUseType=55 RightGroup=5 Left=TrollFist LeftUseType=55 LeftGroup=5 SUPPRESS_NATIVE=1
CORE RAW55_CALLBACK_SUPPRESSION_PROBE Actor=BlackTroll Family=SPRINT Action=9 Motion=Troll_Stand_Fist_Fist_P0_PowerAttack_Hit_N_Fwd_00_%_00_P0_150.xmot C1=25 Right=TrollFist RightUseType=55 RightGroup=5 Left=TrollFist LeftUseType=55 LeftGroup=5 SUPPRESS_NATIVE=1
CORE RAW55_CALLBACK_SUPPRESSION_PROBE Actor=BlackTroll Family=SPRINT Action=9 Motion=Troll_Stand_Fist_Fist_P0_PowerAttack_Hit_N_Fwd_00_%_00_P0_150.xmot C1=25 Right=TrollFist RightUseType=55 RightGroup=5 Left=TrollFist LeftUseType=55 LeftGroup=5 SUPPRESS_NATIVE=1
CORE RAW55_CALLBACK_SUPPRESSION_PROBE Actor=BlackTroll Family=SPRINT Action=9 Motion=Troll_Stand_Fist_Fist_P0_PowerAttack_Hit_N_Fwd_00_%_00_P0_150.xmot C1=25 Right=TrollFist RightUseType=55 RightGroup=5 Left=TrollFist LeftUseType=55 LeftGroup=5 SUPPRESS_NATIVE=1
CORE RAW55_CALLBACK_SUPPRESSION_PROBE Actor=BlackTroll Family=SPRINT Action=9 Motion=Troll_Stand_Fist_Fist_P0_PowerAttack_Hit_N_Fwd_00_%_00_P0_150.xmot C1=25 Right=TrollFist RightUseType=55 RightGroup=5 Left=TrollFist LeftUseType=55 LeftGroup=5 SUPPRESS_NATIVE=1
CORE RAW55_CALLBACK_SUPPRESSION_PROBE Actor=BlackTroll Family=SPRINT Action=9 Motion=Troll_Stand_Fist_Fist_P0_PowerAttack_Hit_N_Fwd_00_%_00_P0_150.xmot C1=25 Right=TrollFist RightUseType=55 RightGroup=5 Left=TrollFist LeftUseType=55 LeftGroup=5 SUPPRESS_NATIVE=1
CORE RAW55_CALLBACK_SUPPRESSION_PROBE Actor=BlackTroll Family=SPRINT Action=9 Motion=Troll_Stand_Fist_Fist_P0_PowerAttack_Hit_N_Fwd_00_%_00_P0_150.xmot C1=25 Right=TrollFist RightUseType=55 RightGroup=5 Left=TrollFist LeftUseType=55 LeftGroup=5 SUPPRESS_NATIVE=1
CORE RAW55_CALLBACK_SUPPRESSION_PROBE Actor=BlackTroll Family=SPRINT Action=9 Motion=Troll_Stand_Fist_Fist_P0_PowerAttack_Hit_N_Fwd_00_%_00_P0_150.xmot C1=25 Right=TrollFist RightUseType=55 RightGroup=5 Left=TrollFist LeftUseType=55 LeftGroup=5 SUPPRESS_NATIVE=1
CORE RAW55_CALLBACK_SUPPRESSION_PROBE Actor=BlackTroll Family=SPRINT Action=9 Motion=Troll_Stand_Fist_Fist_P0_PowerAttack_Hit_N_Fwd_00_%_00_P0_150.xmot C1=25 Right=TrollFist RightUseType=55 RightGroup=5 Left=TrollFist LeftUseType=55 LeftGroup=5 SUPPRESS_NATIVE=1
===== CORE MARKER ANOMALY / DISCOVERY =====
ElapsedMs: 55623.681
Actor: BlackTroll
Action: 9
Family: SPRINT
AniPhase: 1
StatePosition: 0
CurrentMovementAni: Troll_Stand_Fist_Fist_P0_PowerAttack_Hit_N_Fwd_00_%_00_P0_150.xmot
MarkerName: G3AB_COL_FIST
MarkerOpcode: FIST
Result: UNSUPPORTED_MISSING_SOURCE
C1GenerationValid: 1
C1Generation: 25
RequiredSourceMask: 0
MissingSourceMask: 0
RightSourceSlot: RIGHT
RightSourceName: TrollFist
RightSourceUseType: 55
RightSourceCollisionGroup: 5
LeftSourceSlot: LEFT
LeftSourceName: TrollFist
LeftSourceUseType: 55
LeftSourceCollisionGroup: 5
Raw8FistSourceName: <none>
Raw8FistSourceUseType: -1
Raw8FistSourceCollisionGroup: -1
===========================================

CORE RAW55_CALLBACK_SUPPRESSION_PROBE Actor=BlackTroll Family=SPRINT Action=9 Motion=Troll_Stand_Fist_Fist_P0_PowerAttack_Hit_N_Fwd_00_%_00_P0_150.xmot C1=25 Right=TrollFist RightUseType=55 RightGroup=5 Left=TrollFist LeftUseType=55 LeftGroup=5 SUPPRESS_NATIVE=1
CORE RAW55_CALLBACK_SUPPRESSION_PROBE Actor=BlackTroll Family=SPRINT Action=9 Motion=Troll_Stand_Fist_Fist_P0_PowerAttack_Hit_N_Fwd_00_%_00_P0_150.xmot C1=25 Right=TrollFist RightUseType=55 RightGroup=5 Left=TrollFist LeftUseType=55 LeftGroup=5 SUPPRESS_NATIVE=1
CORE RAW55_CALLBACK_SUPPRESSION_PROBE Actor=BlackTroll Family=SPRINT Action=9 Motion=Troll_Stand_Fist_Fist_P0_PowerAttack_Hit_N_Fwd_00_%_00_P0_150.xmot C1=25 Right=TrollFist RightUseType=55 RightGroup=5 Left=TrollFist LeftUseType=55 LeftGroup=5 SUPPRESS_NATIVE=1
CORE RAW55_CALLBACK_SUPPRESSION_PROBE Actor=BlackTroll Family=SPRINT Action=9 Motion=Troll_Stand_Fist_Fist_P0_PowerAttack_Hit_N_Fwd_00_%_00_P0_150.xmot C1=25 Right=TrollFist RightUseType=55 RightGroup=5 Left=TrollFist LeftUseType=55 LeftGroup=5 SUPPRESS_NATIVE=1
CORE RAW55_CALLBACK_SUPPRESSION_PROBE Actor=BlackTroll Family=SPRINT Action=9 Motion=Troll_Stand_Fist_Fist_P0_PowerAttack_Hit_N_Fwd_00_%_00_P0_150.xmot C1=25 Right=TrollFist RightUseType=55 RightGroup=5 Left=TrollFist LeftUseType=55 LeftGroup=5 SUPPRESS_NATIVE=1
CORE RAW55_CALLBACK_SUPPRESSION_PROBE Actor=BlackTroll Family=SPRINT Action=9 Motion=Troll_Stand_Fist_Fist_P0_PowerAttack_Hit_N_Fwd_00_%_00_P0_150.xmot C1=25 Right=TrollFist RightUseType=55 RightGroup=5 Left=TrollFist LeftUseType=55 LeftGroup=5 SUPPRESS_NATIVE=1
CORE RAW55_CALLBACK_SUPPRESSION_PROBE Actor=BlackTroll Family=SPRINT Action=9 Motion=Troll_Stand_Fist_Fist_P0_PowerAttack_Hit_N_Fwd_00_%_00_P0_150.xmot C1=25 Right=TrollFist RightUseType=55 RightGroup=5 Left=TrollFist LeftUseType=55 LeftGroup=5 SUPPRESS_NATIVE=1
CORE RAW55_CALLBACK_SUPPRESSION_PROBE Actor=BlackTroll Family=SPRINT Action=9 Motion=Troll_Stand_Fist_Fist_P0_PowerAttack_Hit_N_Fwd_00_%_00_P0_150.xmot C1=25 Right=TrollFist RightUseType=55 RightGroup=5 Left=TrollFist LeftUseType=55 LeftGroup=5 SUPPRESS_NATIVE=1
CORE RAW55_CALLBACK_SUPPRESSION_PROBE Actor=BlackTroll Family=SPRINT Action=9 Motion=Troll_Stand_Fist_Fist_P0_PowerAttack_Hit_N_Fwd_00_%_00_P0_150.xmot C1=25 Right=TrollFist RightUseType=55 RightGroup=5 Left=TrollFist LeftUseType=55 LeftGroup=5 SUPPRESS_NATIVE=1
CORE RAW55_CALLBACK_SUPPRESSION_PROBE Actor=BlackTroll Family=SPRINT Action=9 Motion=Troll_Stand_Fist_Fist_P0_PowerAttack_Hit_N_Fwd_00_%_00_P0_150.xmot C1=25 Right=TrollFist RightUseType=55 RightGroup=5 Left=TrollFist LeftUseType=55 LeftGroup=5 SUPPRESS_NATIVE=1
CORE RAW55_CALLBACK_SUPPRESSION_PROBE Actor=BlackTroll Family=SPRINT Action=9 Motion=Troll_Stand_Fist_Fist_P0_PowerAttack_Hit_N_Fwd_00_%_00_P0_150.xmot C1=25 Right=TrollFist RightUseType=55 RightGroup=5 Left=TrollFist LeftUseType=55 LeftGroup=5 SUPPRESS_NATIVE=1
CORE RAW55_CALLBACK_SUPPRESSION_PROBE Actor=BlackTroll Family=SPRINT Action=9 Motion=Troll_Stand_Fist_Fist_P0_PowerAttack_Hit_N_Fwd_00_%_00_P0_150.xmot C1=25 Right=TrollFist RightUseType=55 RightGroup=5 Left=TrollFist LeftUseType=55 LeftGroup=5 SUPPRESS_NATIVE=1
CORE RAW55_CALLBACK_SUPPRESSION_PROBE Actor=BlackTroll Family=SPRINT Action=9 Motion=Troll_Stand_Fist_Fist_P0_PowerAttack_Hit_N_Fwd_00_%_00_P0_150.xmot C1=25 Right=TrollFist RightUseType=55 RightGroup=5 Left=TrollFist LeftUseType=55 LeftGroup=5 SUPPRESS_NATIVE=1
CORE RAW55_CALLBACK_SUPPRESSION_PROBE Actor=BlackTroll Family=SPRINT Action=9 Motion=Troll_Stand_Fist_Fist_P0_PowerAttack_Hit_N_Fwd_00_%_00_P0_150.xmot C1=25 Right=TrollFist RightUseType=55 RightGroup=5 Left=TrollFist LeftUseType=55 LeftGroup=5 SUPPRESS_NATIVE=1
CORE RAW55_CALLBACK_SUPPRESSION_PROBE Actor=BlackTroll Family=SPRINT Action=9 Motion=Troll_Stand_Fist_Fist_P0_PowerAttack_Hit_N_Fwd_00_%_00_P0_150.xmot C1=25 Right=TrollFist RightUseType=55 RightGroup=5 Left=TrollFist LeftUseType=55 LeftGroup=5 SUPPRESS_NATIVE=1
CORE RAW55_CALLBACK_SUPPRESSION_PROBE Actor=BlackTroll Family=SPRINT Action=9 Motion=Troll_Stand_Fist_Fist_P0_PowerAttack_Hit_N_Fwd_00_%_00_P0_150.xmot C1=25 Right=TrollFist RightUseType=55 RightGroup=5 Left=TrollFist LeftUseType=55 LeftGroup=5 SUPPRESS_NATIVE=1
CORE RAW55_CALLBACK_SUPPRESSION_PROBE Actor=BlackTroll Family=SPRINT Action=9 Motion=Troll_Stand_Fist_Fist_P0_PowerAttack_Hit_N_Fwd_00_%_00_P0_150.xmot C1=25 Right=TrollFist RightUseType=55 RightGroup=5 Left=TrollFist LeftUseType=55 LeftGroup=5 SUPPRESS_NATIVE=1
CORE RAW55_CALLBACK_SUPPRESSION_PROBE Actor=BlackTroll Family=SPRINT Action=9 Motion=Troll_Stand_Fist_Fist_P0_PowerAttack_Hit_N_Fwd_00_%_00_P0_150.xmot C1=25 Right=TrollFist RightUseType=55 RightGroup=5 Left=TrollFist LeftUseType=55 LeftGroup=5 SUPPRESS_NATIVE=1
CORE RAW55_CALLBACK_SUPPRESSION_PROBE Actor=BlackTroll Family=SPRINT Action=9 Motion=Troll_Stand_Fist_Fist_P0_PowerAttack_Hit_N_Fwd_00_%_00_P0_150.xmot C1=25 Right=TrollFist RightUseType=55 RightGroup=5 Left=TrollFist LeftUseType=55 LeftGroup=5 SUPPRESS_NATIVE=1
CORE RAW55_CALLBACK_SUPPRESSION_PROBE Actor=BlackTroll Family=SPRINT Action=9 Motion=Troll_Stand_Fist_Fist_P0_PowerAttack_Hit_N_Fwd_00_%_00_P0_150.xmot C1=25 Right=TrollFist RightUseType=55 RightGroup=5 Left=TrollFist LeftUseType=55 LeftGroup=5 SUPPRESS_NATIVE=1
CORE RAW55_CALLBACK_SUPPRESSION_PROBE Actor=BlackTroll Family=SPRINT Action=9 Motion=Troll_Stand_Fist_Fist_P0_PowerAttack_Hit_N_Fwd_00_%_00_P0_150.xmot C1=25 Right=TrollFist RightUseType=55 RightGroup=5 Left=TrollFist LeftUseType=55 LeftGroup=5 SUPPRESS_NATIVE=1
CORE RAW55_CALLBACK_SUPPRESSION_PROBE Actor=BlackTroll Family=SPRINT Action=9 Motion=Troll_Stand_Fist_Fist_P0_PowerAttack_Hit_N_Fwd_00_%_00_P0_150.xmot C1=25 Right=TrollFist RightUseType=55 RightGroup=5 Left=TrollFist LeftUseType=55 LeftGroup=5 SUPPRESS_NATIVE=1
CORE RAW55_CALLBACK_SUPPRESSION_PROBE Actor=BlackTroll Family=SPRINT Action=9 Motion=Troll_Stand_Fist_Fist_P0_PowerAttack_Hit_N_Fwd_00_%_00_P0_150.xmot C1=25 Right=TrollFist RightUseType=55 RightGroup=5 Left=TrollFist LeftUseType=55 LeftGroup=5 SUPPRESS_NATIVE=1
CORE RAW55_CALLBACK_SUPPRESSION_PROBE Actor=BlackTroll Family=SPRINT Action=9 Motion=Troll_Stand_Fist_Fist_P0_PowerAttack_Hit_N_Fwd_00_%_00_P0_150.xmot C1=25 Right=TrollFist RightUseType=55 RightGroup=5 Left=TrollFist LeftUseType=55 LeftGroup=5 SUPPRESS_NATIVE=1
CORE RAW55_CALLBACK_SUPPRESSION_PROBE Actor=BlackTroll Family=SPRINT Action=9 Motion=Troll_Stand_Fist_Fist_P0_PowerAttack_Hit_N_Fwd_00_%_00_P0_150.xmot C1=25 Right=TrollFist RightUseType=55 RightGroup=5 Left=TrollFist LeftUseType=55 LeftGroup=5 SUPPRESS_NATIVE=1
CORE RAW55_CALLBACK_SUPPRESSION_PROBE Actor=BlackTroll Family=SPRINT Action=9 Motion=Troll_Stand_Fist_Fist_P0_PowerAttack_Hit_N_Fwd_00_%_00_P0_150.xmot C1=25 Right=TrollFist RightUseType=55 RightGroup=5 Left=TrollFist LeftUseType=55 LeftGroup=5 SUPPRESS_NATIVE=1
CORE RAW55_CALLBACK_SUPPRESSION_PROBE Actor=BlackTroll Family=SPRINT Action=9 Motion=Troll_Stand_Fist_Fist_P0_PowerAttack_Hit_N_Fwd_00_%_00_P0_150.xmot C1=25 Right=TrollFist RightUseType=55 RightGroup=5 Left=TrollFist LeftUseType=55 LeftGroup=5 SUPPRESS_NATIVE=1
CORE RAW55_CALLBACK_SUPPRESSION_PROBE Actor=BlackTroll Family=SPRINT Action=9 Motion=Troll_Stand_Fist_Fist_P0_PowerAttack_Hit_N_Fwd_00_%_00_P0_150.xmot C1=25 Right=TrollFist RightUseType=55 RightGroup=5 Left=TrollFist LeftUseType=55 LeftGroup=5 SUPPRESS_NATIVE=1
CORE RAW55_CALLBACK_SUPPRESSION_PROBE Actor=BlackTroll Family=SPRINT Action=9 Motion=Troll_Stand_Fist_Fist_P0_PowerAttack_Hit_N_Fwd_00_%_00_P0_150.xmot C1=25 Right=TrollFist RightUseType=55 RightGroup=5 Left=TrollFist LeftUseType=55 LeftGroup=5 SUPPRESS_NATIVE=1
CORE RAW55_CALLBACK_SUPPRESSION_PROBE Actor=BlackTroll Family=SPRINT Action=9 Motion=Troll_Stand_Fist_Fist_P0_PowerAttack_Hit_N_Fwd_00_%_00_P0_150.xmot C1=25 Right=TrollFist RightUseType=55 RightGroup=5 Left=TrollFist LeftUseType=55 LeftGroup=5 SUPPRESS_NATIVE=1
CORE RAW55_CALLBACK_SUPPRESSION_PROBE Actor=BlackTroll Family=SPRINT Action=9 Motion=Troll_Stand_Fist_Fist_P0_PowerAttack_Hit_N_Fwd_00_%_00_P0_150.xmot C1=25 Right=TrollFist RightUseType=55 RightGroup=5 Left=TrollFist LeftUseType=55 LeftGroup=5 SUPPRESS_NATIVE=1
CORE RAW55_CALLBACK_SUPPRESSION_PROBE Actor=BlackTroll Family=SPRINT Action=9 Motion=Troll_Stand_Fist_Fist_P0_PowerAttack_Hit_N_Fwd_00_%_00_P0_150.xmot C1=25 Right=TrollFist RightUseType=55 RightGroup=5 Left=TrollFist LeftUseType=55 LeftGroup=5 SUPPRESS_NATIVE=1
CORE RAW55_CALLBACK_SUPPRESSION_PROBE Actor=BlackTroll Family=SPRINT Action=9 Motion=Troll_Stand_Fist_Fist_P0_PowerAttack_Hit_N_Fwd_00_%_00_P0_150.xmot C1=25 Right=TrollFist RightUseType=55 RightGroup=5 Left=TrollFist LeftUseType=55 LeftGroup=5 SUPPRESS_NATIVE=1
CORE RAW55_CALLBACK_SUPPRESSION_PROBE Actor=BlackTroll Family=SPRINT Action=9 Motion=Troll_Stand_Fist_Fist_P0_PowerAttack_Hit_N_Fwd_00_%_00_P0_150.xmot C1=25 Right=TrollFist RightUseType=55 RightGroup=5 Left=TrollFist LeftUseType=55 LeftGroup=5 SUPPRESS_NATIVE=1
CORE RAW55_CALLBACK_SUPPRESSION_PROBE Actor=BlackTroll Family=SPRINT Action=9 Motion=Troll_Stand_Fist_Fist_P0_PowerAttack_Hit_N_Fwd_00_%_00_P0_150.xmot C1=25 Right=TrollFist RightUseType=55 RightGroup=5 Left=TrollFist LeftUseType=55 LeftGroup=5 SUPPRESS_NATIVE=1
CORE RAW55_CALLBACK_SUPPRESSION_PROBE Actor=BlackTroll Family=SPRINT Action=9 Motion=Troll_Stand_Fist_Fist_P0_PowerAttack_Hit_N_Fwd_00_%_00_P0_150.xmot C1=25 Right=TrollFist RightUseType=55 RightGroup=5 Left=TrollFist LeftUseType=55 LeftGroup=5 SUPPRESS_NATIVE=1
CORE RAW55_CALLBACK_SUPPRESSION_PROBE Actor=BlackTroll Family=SPRINT Action=9 Motion=Troll_Stand_Fist_Fist_P0_PowerAttack_Hit_N_Fwd_00_%_00_P0_150.xmot C1=25 Right=TrollFist RightUseType=55 RightGroup=5 Left=TrollFist LeftUseType=55 LeftGroup=5 SUPPRESS_NATIVE=1
CORE C1_FINAL ElapsedMs=55930.180 Actor=BlackTroll Generation=25 Status=PERSISTED SourceCount=2 PhysicalChanged=0 Source[0]=TrollFist Side=RIGHT Outstanding=0 Cleanup=0 Outcome=NO_OP_NO_OUTSTANDING Source[1]=TrollFist Side=LEFT Outstanding=0 Cleanup=0 Outcome=NO_OP_NO_OUTSTANDING
CORE C1_START ElapsedMs=55937.784 Actor=BlackTroll Generation=27 Status=CANDIDATE Outstanding=0 TrackedSources=2 ReplacedGeneration=0 ReplacedOutstanding=0 Source[0]=TrollFist Side=RIGHT Group=5 Source[1]=TrollFist Side=LEFT Group=5
CORE C1_BIND ElapsedMs=55937.798 Event=COMBAT_MOVE_CANDIDATE_BOUND Actor=BlackTroll Generation=27 Status=CANDIDATE Outstanding=0 Source=<null> Script=_AI_PowerAttack
CORE C1_STATUS ElapsedMs=55937.859 Event=PERSISTED Actor=BlackTroll Generation=27 Status=PERSISTED Outstanding=0
CORE C1_BIND ElapsedMs=57981.534 Event=COMBAT_MOVE_REUSED Actor=BlackTroll Generation=27 Status=PERSISTED Outstanding=0 Source=<null> Script=_AI_PowerAttack
CORE RAW55_CALLBACK_SUPPRESSION_PROBE Actor=BlackTroll Family=SPRINT Action=9 Motion=Troll_Stand_Fist_Fist_P0_PowerAttack_Hit_N_Fwd_00_%_00_P0_150.xmot C1=27 Right=TrollFist RightUseType=55 RightGroup=5 Left=TrollFist LeftUseType=55 LeftGroup=5 SUPPRESS_NATIVE=1
CORE RAW55_CALLBACK_SUPPRESSION_PROBE Actor=BlackTroll Family=SPRINT Action=9 Motion=Troll_Stand_Fist_Fist_P0_PowerAttack_Hit_N_Fwd_00_%_00_P0_150.xmot C1=27 Right=TrollFist RightUseType=55 RightGroup=5 Left=TrollFist LeftUseType=55 LeftGroup=5 SUPPRESS_NATIVE=1
CORE RAW55_CALLBACK_SUPPRESSION_PROBE Actor=BlackTroll Family=SPRINT Action=9 Motion=Troll_Stand_Fist_Fist_P0_PowerAttack_Hit_N_Fwd_00_%_00_P0_150.xmot C1=27 Right=TrollFist RightUseType=55 RightGroup=5 Left=TrollFist LeftUseType=55 LeftGroup=5 SUPPRESS_NATIVE=1
CORE RAW55_CALLBACK_SUPPRESSION_PROBE Actor=BlackTroll Family=SPRINT Action=9 Motion=Troll_Stand_Fist_Fist_P0_PowerAttack_Hit_N_Fwd_00_%_00_P0_150.xmot C1=27 Right=TrollFist RightUseType=55 RightGroup=5 Left=TrollFist LeftUseType=55 LeftGroup=5 SUPPRESS_NATIVE=1
CORE RAW55_CALLBACK_SUPPRESSION_PROBE Actor=BlackTroll Family=SPRINT Action=9 Motion=Troll_Stand_Fist_Fist_P0_PowerAttack_Hit_N_Fwd_00_%_00_P0_150.xmot C1=27 Right=TrollFist RightUseType=55 RightGroup=5 Left=TrollFist LeftUseType=55 LeftGroup=5 SUPPRESS_NATIVE=1
CORE RAW55_CALLBACK_SUPPRESSION_PROBE Actor=BlackTroll Family=SPRINT Action=9 Motion=Troll_Stand_Fist_Fist_P0_PowerAttack_Hit_N_Fwd_00_%_00_P0_150.xmot C1=27 Right=TrollFist RightUseType=55 RightGroup=5 Left=TrollFist LeftUseType=55 LeftGroup=5 SUPPRESS_NATIVE=1
CORE RAW55_CALLBACK_SUPPRESSION_PROBE Actor=BlackTroll Family=SPRINT Action=9 Motion=Troll_Stand_Fist_Fist_P0_PowerAttack_Hit_N_Fwd_00_%_00_P0_150.xmot C1=27 Right=TrollFist RightUseType=55 RightGroup=5 Left=TrollFist LeftUseType=55 LeftGroup=5 SUPPRESS_NATIVE=1
CORE RAW55_CALLBACK_SUPPRESSION_PROBE Actor=BlackTroll Family=SPRINT Action=9 Motion=Troll_Stand_Fist_Fist_P0_PowerAttack_Hit_N_Fwd_00_%_00_P0_150.xmot C1=27 Right=TrollFist RightUseType=55 RightGroup=5 Left=TrollFist LeftUseType=55 LeftGroup=5 SUPPRESS_NATIVE=1
CORE RAW55_CALLBACK_SUPPRESSION_PROBE Actor=BlackTroll Family=SPRINT Action=9 Motion=Troll_Stand_Fist_Fist_P0_PowerAttack_Hit_N_Fwd_00_%_00_P0_150.xmot C1=27 Right=TrollFist RightUseType=55 RightGroup=5 Left=TrollFist LeftUseType=55 LeftGroup=5 SUPPRESS_NATIVE=1
CORE RAW55_CALLBACK_SUPPRESSION_PROBE Actor=BlackTroll Family=SPRINT Action=9 Motion=Troll_Stand_Fist_Fist_P0_PowerAttack_Hit_N_Fwd_00_%_00_P0_150.xmot C1=27 Right=TrollFist RightUseType=55 RightGroup=5 Left=TrollFist LeftUseType=55 LeftGroup=5 SUPPRESS_NATIVE=1
CORE RAW55_CALLBACK_SUPPRESSION_PROBE Actor=BlackTroll Family=SPRINT Action=9 Motion=Troll_Stand_Fist_Fist_P0_PowerAttack_Hit_N_Fwd_00_%_00_P0_150.xmot C1=27 Right=TrollFist RightUseType=55 RightGroup=5 Left=TrollFist LeftUseType=55 LeftGroup=5 SUPPRESS_NATIVE=1
CORE RAW55_CALLBACK_SUPPRESSION_PROBE Actor=BlackTroll Family=SPRINT Action=9 Motion=Troll_Stand_Fist_Fist_P0_PowerAttack_Hit_N_Fwd_00_%_00_P0_150.xmot C1=27 Right=TrollFist RightUseType=55 RightGroup=5 Left=TrollFist LeftUseType=55 LeftGroup=5 SUPPRESS_NATIVE=1
CORE RAW55_CALLBACK_SUPPRESSION_PROBE Actor=BlackTroll Family=SPRINT Action=9 Motion=Troll_Stand_Fist_Fist_P0_PowerAttack_Hit_N_Fwd_00_%_00_P0_150.xmot C1=27 Right=TrollFist RightUseType=55 RightGroup=5 Left=TrollFist LeftUseType=55 LeftGroup=5 SUPPRESS_NATIVE=1
CORE RAW55_CALLBACK_SUPPRESSION_PROBE Actor=BlackTroll Family=SPRINT Action=9 Motion=Troll_Stand_Fist_Fist_P0_PowerAttack_Hit_N_Fwd_00_%_00_P0_150.xmot C1=27 Right=TrollFist RightUseType=55 RightGroup=5 Left=TrollFist LeftUseType=55 LeftGroup=5 SUPPRESS_NATIVE=1
CORE RAW55_CALLBACK_SUPPRESSION_PROBE Actor=BlackTroll Family=SPRINT Action=9 Motion=Troll_Stand_Fist_Fist_P0_PowerAttack_Hit_N_Fwd_00_%_00_P0_150.xmot C1=27 Right=TrollFist RightUseType=55 RightGroup=5 Left=TrollFist LeftUseType=55 LeftGroup=5 SUPPRESS_NATIVE=1
===== CORE MARKER ANOMALY / DISCOVERY =====
ElapsedMs: 58090.512
Actor: BlackTroll
Action: 9
Family: SPRINT
AniPhase: 1
StatePosition: 0
CurrentMovementAni: Troll_Stand_Fist_Fist_P0_PowerAttack_Hit_N_Fwd_00_%_00_P0_150.xmot
MarkerName: G3AB_COL_FIST
MarkerOpcode: FIST
Result: UNSUPPORTED_MISSING_SOURCE
C1GenerationValid: 1
C1Generation: 27
RequiredSourceMask: 0
MissingSourceMask: 0
RightSourceSlot: RIGHT
RightSourceName: TrollFist
RightSourceUseType: 55
RightSourceCollisionGroup: 5
LeftSourceSlot: LEFT
LeftSourceName: TrollFist
LeftSourceUseType: 55
LeftSourceCollisionGroup: 5
Raw8FistSourceName: <none>
Raw8FistSourceUseType: -1
Raw8FistSourceCollisionGroup: -1
===========================================

CORE RAW55_CALLBACK_SUPPRESSION_PROBE Actor=BlackTroll Family=SPRINT Action=9 Motion=Troll_Stand_Fist_Fist_P0_PowerAttack_Hit_N_Fwd_00_%_00_P0_150.xmot C1=27 Right=TrollFist RightUseType=55 RightGroup=5 Left=TrollFist LeftUseType=55 LeftGroup=5 SUPPRESS_NATIVE=1
CORE RAW55_CALLBACK_SUPPRESSION_PROBE Actor=BlackTroll Family=SPRINT Action=9 Motion=Troll_Stand_Fist_Fist_P0_PowerAttack_Hit_N_Fwd_00_%_00_P0_150.xmot C1=27 Right=TrollFist RightUseType=55 RightGroup=5 Left=TrollFist LeftUseType=55 LeftGroup=5 SUPPRESS_NATIVE=1
CORE RAW55_CALLBACK_SUPPRESSION_PROBE Actor=BlackTroll Family=SPRINT Action=9 Motion=Troll_Stand_Fist_Fist_P0_PowerAttack_Hit_N_Fwd_00_%_00_P0_150.xmot C1=27 Right=TrollFist RightUseType=55 RightGroup=5 Left=TrollFist LeftUseType=55 LeftGroup=5 SUPPRESS_NATIVE=1
CORE RAW55_CALLBACK_SUPPRESSION_PROBE Actor=BlackTroll Family=SPRINT Action=9 Motion=Troll_Stand_Fist_Fist_P0_PowerAttack_Hit_N_Fwd_00_%_00_P0_150.xmot C1=27 Right=TrollFist RightUseType=55 RightGroup=5 Left=TrollFist LeftUseType=55 LeftGroup=5 SUPPRESS_NATIVE=1
CORE RAW55_CALLBACK_SUPPRESSION_PROBE Actor=BlackTroll Family=SPRINT Action=9 Motion=Troll_Stand_Fist_Fist_P0_PowerAttack_Hit_N_Fwd_00_%_00_P0_150.xmot C1=27 Right=TrollFist RightUseType=55 RightGroup=5 Left=TrollFist LeftUseType=55 LeftGroup=5 SUPPRESS_NATIVE=1
CORE RAW55_CALLBACK_SUPPRESSION_PROBE Actor=BlackTroll Family=SPRINT Action=9 Motion=Troll_Stand_Fist_Fist_P0_PowerAttack_Hit_N_Fwd_00_%_00_P0_150.xmot C1=27 Right=TrollFist RightUseType=55 RightGroup=5 Left=TrollFist LeftUseType=55 LeftGroup=5 SUPPRESS_NATIVE=1
CORE RAW55_CALLBACK_SUPPRESSION_PROBE Actor=BlackTroll Family=SPRINT Action=9 Motion=Troll_Stand_Fist_Fist_P0_PowerAttack_Hit_N_Fwd_00_%_00_P0_150.xmot C1=27 Right=TrollFist RightUseType=55 RightGroup=5 Left=TrollFist LeftUseType=55 LeftGroup=5 SUPPRESS_NATIVE=1
CORE RAW55_CALLBACK_SUPPRESSION_PROBE Actor=BlackTroll Family=SPRINT Action=9 Motion=Troll_Stand_Fist_Fist_P0_PowerAttack_Hit_N_Fwd_00_%_00_P0_150.xmot C1=27 Right=TrollFist RightUseType=55 RightGroup=5 Left=TrollFist LeftUseType=55 LeftGroup=5 SUPPRESS_NATIVE=1
CORE RAW55_CALLBACK_SUPPRESSION_PROBE Actor=BlackTroll Family=SPRINT Action=9 Motion=Troll_Stand_Fist_Fist_P0_PowerAttack_Hit_N_Fwd_00_%_00_P0_150.xmot C1=27 Right=TrollFist RightUseType=55 RightGroup=5 Left=TrollFist LeftUseType=55 LeftGroup=5 SUPPRESS_NATIVE=1
CORE RAW55_CALLBACK_SUPPRESSION_PROBE Actor=BlackTroll Family=SPRINT Action=9 Motion=Troll_Stand_Fist_Fist_P0_PowerAttack_Hit_N_Fwd_00_%_00_P0_150.xmot C1=27 Right=TrollFist RightUseType=55 RightGroup=5 Left=TrollFist LeftUseType=55 LeftGroup=5 SUPPRESS_NATIVE=1
CORE RAW55_CALLBACK_SUPPRESSION_PROBE Actor=BlackTroll Family=SPRINT Action=9 Motion=Troll_Stand_Fist_Fist_P0_PowerAttack_Hit_N_Fwd_00_%_00_P0_150.xmot C1=27 Right=TrollFist RightUseType=55 RightGroup=5 Left=TrollFist LeftUseType=55 LeftGroup=5 SUPPRESS_NATIVE=1
CORE RAW55_CALLBACK_SUPPRESSION_PROBE Actor=BlackTroll Family=SPRINT Action=9 Motion=Troll_Stand_Fist_Fist_P0_PowerAttack_Hit_N_Fwd_00_%_00_P0_150.xmot C1=27 Right=TrollFist RightUseType=55 RightGroup=5 Left=TrollFist LeftUseType=55 LeftGroup=5 SUPPRESS_NATIVE=1
CORE RAW55_CALLBACK_SUPPRESSION_PROBE Actor=BlackTroll Family=SPRINT Action=9 Motion=Troll_Stand_Fist_Fist_P0_PowerAttack_Hit_N_Fwd_00_%_00_P0_150.xmot C1=27 Right=TrollFist RightUseType=55 RightGroup=5 Left=TrollFist LeftUseType=55 LeftGroup=5 SUPPRESS_NATIVE=1
CORE RAW55_CALLBACK_SUPPRESSION_PROBE Actor=BlackTroll Family=SPRINT Action=9 Motion=Troll_Stand_Fist_Fist_P0_PowerAttack_Hit_N_Fwd_00_%_00_P0_150.xmot C1=27 Right=TrollFist RightUseType=55 RightGroup=5 Left=TrollFist LeftUseType=55 LeftGroup=5 SUPPRESS_NATIVE=1
CORE RAW55_CALLBACK_SUPPRESSION_PROBE Actor=BlackTroll Family=SPRINT Action=9 Motion=Troll_Stand_Fist_Fist_P0_PowerAttack_Hit_N_Fwd_00_%_00_P0_150.xmot C1=27 Right=TrollFist RightUseType=55 RightGroup=5 Left=TrollFist LeftUseType=55 LeftGroup=5 SUPPRESS_NATIVE=1
CORE RAW55_CALLBACK_SUPPRESSION_PROBE Actor=BlackTroll Family=SPRINT Action=9 Motion=Troll_Stand_Fist_Fist_P0_PowerAttack_Hit_N_Fwd_00_%_00_P0_150.xmot C1=27 Right=TrollFist RightUseType=55 RightGroup=5 Left=TrollFist LeftUseType=55 LeftGroup=5 SUPPRESS_NATIVE=1
CORE RAW55_CALLBACK_SUPPRESSION_PROBE Actor=BlackTroll Family=SPRINT Action=9 Motion=Troll_Stand_Fist_Fist_P0_PowerAttack_Hit_N_Fwd_00_%_00_P0_150.xmot C1=27 Right=TrollFist RightUseType=55 RightGroup=5 Left=TrollFist LeftUseType=55 LeftGroup=5 SUPPRESS_NATIVE=1
CORE RAW55_CALLBACK_SUPPRESSION_PROBE Actor=BlackTroll Family=SPRINT Action=9 Motion=Troll_Stand_Fist_Fist_P0_PowerAttack_Hit_N_Fwd_00_%_00_P0_150.xmot C1=27 Right=TrollFist RightUseType=55 RightGroup=5 Left=TrollFist LeftUseType=55 LeftGroup=5 SUPPRESS_NATIVE=1
CORE RAW55_CALLBACK_SUPPRESSION_PROBE Actor=BlackTroll Family=SPRINT Action=9 Motion=Troll_Stand_Fist_Fist_P0_PowerAttack_Hit_N_Fwd_00_%_00_P0_150.xmot C1=27 Right=TrollFist RightUseType=55 RightGroup=5 Left=TrollFist LeftUseType=55 LeftGroup=5 SUPPRESS_NATIVE=1
CORE RAW55_CALLBACK_SUPPRESSION_PROBE Actor=BlackTroll Family=SPRINT Action=9 Motion=Troll_Stand_Fist_Fist_P0_PowerAttack_Hit_N_Fwd_00_%_00_P0_150.xmot C1=27 Right=TrollFist RightUseType=55 RightGroup=5 Left=TrollFist LeftUseType=55 LeftGroup=5 SUPPRESS_NATIVE=1
CORE RAW55_CALLBACK_SUPPRESSION_PROBE Actor=BlackTroll Family=SPRINT Action=9 Motion=Troll_Stand_Fist_Fist_P0_PowerAttack_Hit_N_Fwd_00_%_00_P0_150.xmot C1=27 Right=TrollFist RightUseType=55 RightGroup=5 Left=TrollFist LeftUseType=55 LeftGroup=5 SUPPRESS_NATIVE=1
CORE RAW55_CALLBACK_SUPPRESSION_PROBE Actor=BlackTroll Family=SPRINT Action=9 Motion=Troll_Stand_Fist_Fist_P0_PowerAttack_Hit_N_Fwd_00_%_00_P0_150.xmot C1=27 Right=TrollFist RightUseType=55 RightGroup=5 Left=TrollFist LeftUseType=55 LeftGroup=5 SUPPRESS_NATIVE=1
CORE RAW55_CALLBACK_SUPPRESSION_PROBE Actor=BlackTroll Family=SPRINT Action=9 Motion=Troll_Stand_Fist_Fist_P0_PowerAttack_Hit_N_Fwd_00_%_00_P0_150.xmot C1=27 Right=TrollFist RightUseType=55 RightGroup=5 Left=TrollFist LeftUseType=55 LeftGroup=5 SUPPRESS_NATIVE=1
CORE RAW55_CALLBACK_SUPPRESSION_PROBE Actor=BlackTroll Family=SPRINT Action=9 Motion=Troll_Stand_Fist_Fist_P0_PowerAttack_Hit_N_Fwd_00_%_00_P0_150.xmot C1=27 Right=TrollFist RightUseType=55 RightGroup=5 Left=TrollFist LeftUseType=55 LeftGroup=5 SUPPRESS_NATIVE=1
CORE RAW55_CALLBACK_SUPPRESSION_PROBE Actor=BlackTroll Family=SPRINT Action=9 Motion=Troll_Stand_Fist_Fist_P0_PowerAttack_Hit_N_Fwd_00_%_00_P0_150.xmot C1=27 Right=TrollFist RightUseType=55 RightGroup=5 Left=TrollFist LeftUseType=55 LeftGroup=5 SUPPRESS_NATIVE=1
CORE RAW55_CALLBACK_SUPPRESSION_PROBE Actor=BlackTroll Family=SPRINT Action=9 Motion=Troll_Stand_Fist_Fist_P0_PowerAttack_Hit_N_Fwd_00_%_00_P0_150.xmot C1=27 Right=TrollFist RightUseType=55 RightGroup=5 Left=TrollFist LeftUseType=55 LeftGroup=5 SUPPRESS_NATIVE=1
CORE RAW55_CALLBACK_SUPPRESSION_PROBE Actor=BlackTroll Family=SPRINT Action=9 Motion=Troll_Stand_Fist_Fist_P0_PowerAttack_Hit_N_Fwd_00_%_00_P0_150.xmot C1=27 Right=TrollFist RightUseType=55 RightGroup=5 Left=TrollFist LeftUseType=55 LeftGroup=5 SUPPRESS_NATIVE=1
CORE RAW55_CALLBACK_SUPPRESSION_PROBE Actor=BlackTroll Family=SPRINT Action=9 Motion=Troll_Stand_Fist_Fist_P0_PowerAttack_Hit_N_Fwd_00_%_00_P0_150.xmot C1=27 Right=TrollFist RightUseType=55 RightGroup=5 Left=TrollFist LeftUseType=55 LeftGroup=5 SUPPRESS_NATIVE=1
CORE RAW55_CALLBACK_SUPPRESSION_PROBE Actor=BlackTroll Family=SPRINT Action=9 Motion=Troll_Stand_Fist_Fist_P0_PowerAttack_Hit_N_Fwd_00_%_00_P0_150.xmot C1=27 Right=TrollFist RightUseType=55 RightGroup=5 Left=TrollFist LeftUseType=55 LeftGroup=5 SUPPRESS_NATIVE=1
CORE RAW55_CALLBACK_SUPPRESSION_PROBE Actor=BlackTroll Family=SPRINT Action=9 Motion=Troll_Stand_Fist_Fist_P0_PowerAttack_Hit_N_Fwd_00_%_00_P0_150.xmot C1=27 Right=TrollFist RightUseType=55 RightGroup=5 Left=TrollFist LeftUseType=55 LeftGroup=5 SUPPRESS_NATIVE=1
CORE RAW55_CALLBACK_SUPPRESSION_PROBE Actor=BlackTroll Family=SPRINT Action=9 Motion=Troll_Stand_Fist_Fist_P0_PowerAttack_Hit_N_Fwd_00_%_00_P0_150.xmot C1=27 Right=TrollFist RightUseType=55 RightGroup=5 Left=TrollFist LeftUseType=55 LeftGroup=5 SUPPRESS_NATIVE=1
CORE RAW55_CALLBACK_SUPPRESSION_PROBE Actor=BlackTroll Family=SPRINT Action=9 Motion=Troll_Stand_Fist_Fist_P0_PowerAttack_Hit_N_Fwd_00_%_00_P0_150.xmot C1=27 Right=TrollFist RightUseType=55 RightGroup=5 Left=TrollFist LeftUseType=55 LeftGroup=5 SUPPRESS_NATIVE=1
CORE RAW55_CALLBACK_SUPPRESSION_PROBE Actor=BlackTroll Family=SPRINT Action=9 Motion=Troll_Stand_Fist_Fist_P0_PowerAttack_Hit_N_Fwd_00_%_00_P0_150.xmot C1=27 Right=TrollFist RightUseType=55 RightGroup=5 Left=TrollFist LeftUseType=55 LeftGroup=5 SUPPRESS_NATIVE=1
CORE RAW55_CALLBACK_SUPPRESSION_PROBE Actor=BlackTroll Family=SPRINT Action=9 Motion=Troll_Stand_Fist_Fist_P0_PowerAttack_Hit_N_Fwd_00_%_00_P0_150.xmot C1=27 Right=TrollFist RightUseType=55 RightGroup=5 Left=TrollFist LeftUseType=55 LeftGroup=5 SUPPRESS_NATIVE=1
CORE RAW55_CALLBACK_SUPPRESSION_PROBE Actor=BlackTroll Family=SPRINT Action=9 Motion=Troll_Stand_Fist_Fist_P0_PowerAttack_Hit_N_Fwd_00_%_00_P0_150.xmot C1=27 Right=TrollFist RightUseType=55 RightGroup=5 Left=TrollFist LeftUseType=55 LeftGroup=5 SUPPRESS_NATIVE=1
CORE RAW55_CALLBACK_SUPPRESSION_PROBE Actor=BlackTroll Family=SPRINT Action=9 Motion=Troll_Stand_Fist_Fist_P0_PowerAttack_Hit_N_Fwd_00_%_00_P0_150.xmot C1=27 Right=TrollFist RightUseType=55 RightGroup=5 Left=TrollFist LeftUseType=55 LeftGroup=5 SUPPRESS_NATIVE=1
CORE C1_FINAL ElapsedMs=58390.360 Actor=BlackTroll Generation=27 Status=PERSISTED SourceCount=2 PhysicalChanged=0 Source[0]=TrollFist Side=RIGHT Outstanding=0 Cleanup=0 Outcome=NO_OP_NO_OUTSTANDING Source[1]=TrollFist Side=LEFT Outstanding=0 Cleanup=0 Outcome=NO_OP_NO_OUTSTANDING
CORE C1_START ElapsedMs=59033.561 Actor=PC_Hero Generation=28 Status=CANDIDATE Outstanding=0 TrackedSources=1 ReplacedGeneration=0 ReplacedOutstanding=0 Source[0]=It_2H_Sword_Flamberge Side=RIGHT Group=5
CORE C1_STATUS ElapsedMs=59033.660 Event=PERSISTED Actor=PC_Hero Generation=28 Status=PERSISTED Outstanding=0
CORE C1_START ElapsedMs=59185.037 Actor=PC_Hero Generation=29 Status=CANDIDATE Outstanding=0 TrackedSources=1 ReplacedGeneration=28 ReplacedOutstanding=0 Source[0]=It_2H_Sword_Flamberge Side=RIGHT Group=5
CORE C1_BIND ElapsedMs=59185.048 Event=COMBAT_MOVE_CANDIDATE_BOUND Actor=PC_Hero Generation=29 Status=CANDIDATE Outstanding=0 Source=<null> Script=_AI_Attack
CORE C1_STATUS ElapsedMs=59185.168 Event=PERSISTED Actor=PC_Hero Generation=29 Status=PERSISTED Outstanding=0
CORE ATTACK_OWNERSHIP ElapsedMs=59185.189 Actor=PC_Hero Family=NORMAL Action=1 Phase=1 Motion=Hero_Stand_None_2H_P1_Attack_Hit_N_Fwd_00_%_00_P0_90_L.xmot MarkerPresent=1 RequiredMask=1 FistMarkers=0 Raw8Fist=<none> Raw8UseType=-1 SuppressNative=1 Classification=ROUTINE
CORE C1_START ElapsedMs=59200.891 Actor=BlackTroll Generation=30 Status=CANDIDATE Outstanding=0 TrackedSources=2 ReplacedGeneration=0 ReplacedOutstanding=0 Source[0]=TrollFist Side=RIGHT Group=5 Source[1]=TrollFist Side=LEFT Group=5
CORE C1_BIND ElapsedMs=59200.933 Event=COMBAT_MOVE_CANDIDATE_BOUND Actor=BlackTroll Generation=30 Status=CANDIDATE Outstanding=0 Source=<null> Script=_AI_JumpBack
CORE C1_STATUS ElapsedMs=59201.040 Event=PERSISTED Actor=BlackTroll Generation=30 Status=PERSISTED Outstanding=0
CORE COLLISION_GROUP ElapsedMs=59440.641 Source=It_2H_Sword_Flamberge UseType=3 Owner=PC_Hero Slot=RIGHT Requested=7 Before=5 After=7 MarkerBitsRetired=0
CORE C1 OFFENSE REQUEST ElapsedMs=59440.669 Actor=PC_Hero Generation=29 Status=PERSISTED Source=It_2H_Sword_Flamberge Side=RIGHT Requests=1 Outstanding=1 CleanupObserved=0 Group=7
CORE MARKER ElapsedMs=59440.681 Actor=PC_Hero Action=1 Family=NORMAL Phase=1 Motion=Hero_Stand_None_2H_P1_Attack_Hit_N_Fwd_00_%_00_P0_90_L.xmot Marker=RIGHT Result=ACCEPTED C1Valid=1 C1=29 StatePosition=0 PreviousMask=0 DesiredMask=1 RetiredMask=0 OwnedMask=0 MarkerOwnedMask=1 Activated=1 Deactivated=0 Retired=0 RearmRequests=1 Clears=1 RightUseType=3
CORE ONDAMAGE ElapsedMs=59450.610 Ordinal=9 Target=BlackTroll Arg1=BlackTroll Arg2=BlackTroll Caller=Game.dll+0x00069484 PlayerAction=1 PlayerPhase=1 PlayerMotion=Hero_Stand_None_2H_P1_Attack_Hit_N_Fwd_00_%_00_P0_90_L.xmot Raw8Fist=<none> Raw8UseType=-1 Raw8Group=-1
CORE C1_START ElapsedMs=59454.808 Actor=BlackTroll Generation=31 Status=CANDIDATE Outstanding=0 TrackedSources=2 ReplacedGeneration=30 ReplacedOutstanding=0 Source[0]=TrollFist Side=RIGHT Group=5 Source[1]=TrollFist Side=LEFT Group=5
CORE C1_BIND ElapsedMs=59454.820 Event=COMBAT_MOVE_CANDIDATE_BOUND Actor=BlackTroll Generation=31 Status=CANDIDATE Outstanding=0 Source=<null> Script=_AI_Stumble
CORE C1_STATUS ElapsedMs=59455.177 Event=PERSISTED Actor=BlackTroll Generation=31 Status=PERSISTED Outstanding=0
CORE COLLISION_GROUP ElapsedMs=59637.573 Source=It_2H_Sword_Flamberge UseType=3 Owner=PC_Hero Slot=RIGHT Requested=5 Before=7 After=5 MarkerBitsRetired=1
CORE C1 CLEANUP FULFILLED ElapsedMs=59637.602 Actor=PC_Hero Generation=29 Status=PERSISTED Source=It_2H_Sword_Flamberge Side=RIGHT Requests=1 Outstanding=0 CleanupObserved=1 Group=5
CORE C1_FINAL ElapsedMs=59637.698 Actor=PC_Hero Generation=29 Status=PERSISTED SourceCount=1 PhysicalChanged=0 Source[0]=It_2H_Sword_Flamberge Side=RIGHT Outstanding=0 Cleanup=1 Outcome=NO_OP_NO_OUTSTANDING
CORE C1_FINAL ElapsedMs=59835.008 Actor=BlackTroll Generation=31 Status=PERSISTED SourceCount=2 PhysicalChanged=0 Source[0]=TrollFist Side=RIGHT Outstanding=0 Cleanup=0 Outcome=NO_OP_NO_OUTSTANDING Source[1]=TrollFist Side=LEFT Outstanding=0 Cleanup=0 Outcome=NO_OP_NO_OUTSTANDING
CORE C1_START ElapsedMs=59851.559 Actor=BlackTroll Generation=32 Status=CANDIDATE Outstanding=0 TrackedSources=2 ReplacedGeneration=0 ReplacedOutstanding=0 Source[0]=TrollFist Side=RIGHT Group=5 Source[1]=TrollFist Side=LEFT Group=5
CORE C1_BIND ElapsedMs=59851.572 Event=COMBAT_MOVE_CANDIDATE_BOUND Actor=BlackTroll Generation=32 Status=CANDIDATE Outstanding=0 Source=<null> Script=_AI_Attack
CORE C1_STATUS ElapsedMs=59851.637 Event=PERSISTED Actor=BlackTroll Generation=32 Status=PERSISTED Outstanding=0
CORE ATTACK_OWNERSHIP ElapsedMs=59851.654 Actor=BlackTroll Family=NORMAL Action=1 Phase=1 Motion=Troll_Stand_Fist_Fist_P0_Attack_Hit_N_Fwd_00_%_00_P0_100.xmot MarkerPresent=1 RequiredMask=0 FistMarkers=1 Raw8Fist=<none> Raw8UseType=-1 SuppressNative=0 Classification=CONTRADICTION
===== CORE ATTACK OWNERSHIP ANOMALY =====
MatchingMotionFound: 1
MarkerScanValid: 1
RequiredSourcesAvailable: 1
RightSourceSlot: RIGHT
RightSourceName: TrollFist
RightSourceUseType: 55
RightSourceCollisionGroup: 5
LeftSourceSlot: LEFT
LeftSourceName: TrollFist
LeftSourceUseType: 55
LeftSourceCollisionGroup: 5
Raw8FistSourceName: <none>
Raw8FistSourceUseType: -1
Raw8FistSourceCollisionGroup: -1
=========================================

CORE RAW55_CALLBACK_SUPPRESSION_PROBE Actor=BlackTroll Family=NORMAL Action=1 Motion=Troll_Stand_Fist_Fist_P0_Attack_Hit_N_Fwd_00_%_00_P0_100.xmot C1=32 Right=TrollFist RightUseType=55 RightGroup=5 Left=TrollFist LeftUseType=55 LeftGroup=5 SUPPRESS_NATIVE=1
CORE RAW55_CALLBACK_SUPPRESSION_PROBE Actor=BlackTroll Family=NORMAL Action=1 Motion=Troll_Stand_Fist_Fist_P0_Attack_Hit_N_Fwd_00_%_00_P0_100.xmot C1=32 Right=TrollFist RightUseType=55 RightGroup=5 Left=TrollFist LeftUseType=55 LeftGroup=5 SUPPRESS_NATIVE=1
CORE RAW55_CALLBACK_SUPPRESSION_PROBE Actor=BlackTroll Family=NORMAL Action=1 Motion=Troll_Stand_Fist_Fist_P0_Attack_Hit_N_Fwd_00_%_00_P0_100.xmot C1=32 Right=TrollFist RightUseType=55 RightGroup=5 Left=TrollFist LeftUseType=55 LeftGroup=5 SUPPRESS_NATIVE=1
CORE RAW55_CALLBACK_SUPPRESSION_PROBE Actor=BlackTroll Family=NORMAL Action=1 Motion=Troll_Stand_Fist_Fist_P0_Attack_Hit_N_Fwd_00_%_00_P0_100.xmot C1=32 Right=TrollFist RightUseType=55 RightGroup=5 Left=TrollFist LeftUseType=55 LeftGroup=5 SUPPRESS_NATIVE=1
CORE RAW55_CALLBACK_SUPPRESSION_PROBE Actor=BlackTroll Family=NORMAL Action=1 Motion=Troll_Stand_Fist_Fist_P0_Attack_Hit_N_Fwd_00_%_00_P0_100.xmot C1=32 Right=TrollFist RightUseType=55 RightGroup=5 Left=TrollFist LeftUseType=55 LeftGroup=5 SUPPRESS_NATIVE=1
CORE RAW55_CALLBACK_SUPPRESSION_PROBE Actor=BlackTroll Family=NORMAL Action=1 Motion=Troll_Stand_Fist_Fist_P0_Attack_Hit_N_Fwd_00_%_00_P0_100.xmot C1=32 Right=TrollFist RightUseType=55 RightGroup=5 Left=TrollFist LeftUseType=55 LeftGroup=5 SUPPRESS_NATIVE=1
CORE RAW55_CALLBACK_SUPPRESSION_PROBE Actor=BlackTroll Family=NORMAL Action=1 Motion=Troll_Stand_Fist_Fist_P0_Attack_Hit_N_Fwd_00_%_00_P0_100.xmot C1=32 Right=TrollFist RightUseType=55 RightGroup=5 Left=TrollFist LeftUseType=55 LeftGroup=5 SUPPRESS_NATIVE=1
CORE RAW55_CALLBACK_SUPPRESSION_PROBE Actor=BlackTroll Family=NORMAL Action=1 Motion=Troll_Stand_Fist_Fist_P0_Attack_Hit_N_Fwd_00_%_00_P0_100.xmot C1=32 Right=TrollFist RightUseType=55 RightGroup=5 Left=TrollFist LeftUseType=55 LeftGroup=5 SUPPRESS_NATIVE=1
CORE RAW55_CALLBACK_SUPPRESSION_PROBE Actor=BlackTroll Family=NORMAL Action=1 Motion=Troll_Stand_Fist_Fist_P0_Attack_Hit_N_Fwd_00_%_00_P0_100.xmot C1=32 Right=TrollFist RightUseType=55 RightGroup=5 Left=TrollFist LeftUseType=55 LeftGroup=5 SUPPRESS_NATIVE=1
CORE RAW55_CALLBACK_SUPPRESSION_PROBE Actor=BlackTroll Family=NORMAL Action=1 Motion=Troll_Stand_Fist_Fist_P0_Attack_Hit_N_Fwd_00_%_00_P0_100.xmot C1=32 Right=TrollFist RightUseType=55 RightGroup=5 Left=TrollFist LeftUseType=55 LeftGroup=5 SUPPRESS_NATIVE=1
CORE RAW55_CALLBACK_SUPPRESSION_PROBE Actor=BlackTroll Family=NORMAL Action=1 Motion=Troll_Stand_Fist_Fist_P0_Attack_Hit_N_Fwd_00_%_00_P0_100.xmot C1=32 Right=TrollFist RightUseType=55 RightGroup=5 Left=TrollFist LeftUseType=55 LeftGroup=5 SUPPRESS_NATIVE=1
CORE RAW55_CALLBACK_SUPPRESSION_PROBE Actor=BlackTroll Family=NORMAL Action=1 Motion=Troll_Stand_Fist_Fist_P0_Attack_Hit_N_Fwd_00_%_00_P0_100.xmot C1=32 Right=TrollFist RightUseType=55 RightGroup=5 Left=TrollFist LeftUseType=55 LeftGroup=5 SUPPRESS_NATIVE=1
CORE RAW55_CALLBACK_SUPPRESSION_PROBE Actor=BlackTroll Family=NORMAL Action=1 Motion=Troll_Stand_Fist_Fist_P0_Attack_Hit_N_Fwd_00_%_00_P0_100.xmot C1=32 Right=TrollFist RightUseType=55 RightGroup=5 Left=TrollFist LeftUseType=55 LeftGroup=5 SUPPRESS_NATIVE=1
CORE RAW55_CALLBACK_SUPPRESSION_PROBE Actor=BlackTroll Family=NORMAL Action=1 Motion=Troll_Stand_Fist_Fist_P0_Attack_Hit_N_Fwd_00_%_00_P0_100.xmot C1=32 Right=TrollFist RightUseType=55 RightGroup=5 Left=TrollFist LeftUseType=55 LeftGroup=5 SUPPRESS_NATIVE=1
CORE RAW55_CALLBACK_SUPPRESSION_PROBE Actor=BlackTroll Family=NORMAL Action=1 Motion=Troll_Stand_Fist_Fist_P0_Attack_Hit_N_Fwd_00_%_00_P0_100.xmot C1=32 Right=TrollFist RightUseType=55 RightGroup=5 Left=TrollFist LeftUseType=55 LeftGroup=5 SUPPRESS_NATIVE=1
CORE RAW55_CALLBACK_SUPPRESSION_PROBE Actor=BlackTroll Family=NORMAL Action=1 Motion=Troll_Stand_Fist_Fist_P0_Attack_Hit_N_Fwd_00_%_00_P0_100.xmot C1=32 Right=TrollFist RightUseType=55 RightGroup=5 Left=TrollFist LeftUseType=55 LeftGroup=5 SUPPRESS_NATIVE=1
CORE RAW55_CALLBACK_SUPPRESSION_PROBE Actor=BlackTroll Family=NORMAL Action=1 Motion=Troll_Stand_Fist_Fist_P0_Attack_Hit_N_Fwd_00_%_00_P0_100.xmot C1=32 Right=TrollFist RightUseType=55 RightGroup=5 Left=TrollFist LeftUseType=55 LeftGroup=5 SUPPRESS_NATIVE=1
CORE RAW55_CALLBACK_SUPPRESSION_PROBE Actor=BlackTroll Family=NORMAL Action=1 Motion=Troll_Stand_Fist_Fist_P0_Attack_Hit_N_Fwd_00_%_00_P0_100.xmot C1=32 Right=TrollFist RightUseType=55 RightGroup=5 Left=TrollFist LeftUseType=55 LeftGroup=5 SUPPRESS_NATIVE=1
CORE RAW55_CALLBACK_SUPPRESSION_PROBE Actor=BlackTroll Family=NORMAL Action=1 Motion=Troll_Stand_Fist_Fist_P0_Attack_Hit_N_Fwd_00_%_00_P0_100.xmot C1=32 Right=TrollFist RightUseType=55 RightGroup=5 Left=TrollFist LeftUseType=55 LeftGroup=5 SUPPRESS_NATIVE=1
CORE RAW55_CALLBACK_SUPPRESSION_PROBE Actor=BlackTroll Family=NORMAL Action=1 Motion=Troll_Stand_Fist_Fist_P0_Attack_Hit_N_Fwd_00_%_00_P0_100.xmot C1=32 Right=TrollFist RightUseType=55 RightGroup=5 Left=TrollFist LeftUseType=55 LeftGroup=5 SUPPRESS_NATIVE=1
CORE RAW55_CALLBACK_SUPPRESSION_PROBE Actor=BlackTroll Family=NORMAL Action=1 Motion=Troll_Stand_Fist_Fist_P0_Attack_Hit_N_Fwd_00_%_00_P0_100.xmot C1=32 Right=TrollFist RightUseType=55 RightGroup=5 Left=TrollFist LeftUseType=55 LeftGroup=5 SUPPRESS_NATIVE=1
CORE RAW55_CALLBACK_SUPPRESSION_PROBE Actor=BlackTroll Family=NORMAL Action=1 Motion=Troll_Stand_Fist_Fist_P0_Attack_Hit_N_Fwd_00_%_00_P0_100.xmot C1=32 Right=TrollFist RightUseType=55 RightGroup=5 Left=TrollFist LeftUseType=55 LeftGroup=5 SUPPRESS_NATIVE=1
CORE RAW55_CALLBACK_SUPPRESSION_PROBE Actor=BlackTroll Family=NORMAL Action=1 Motion=Troll_Stand_Fist_Fist_P0_Attack_Hit_N_Fwd_00_%_00_P0_100.xmot C1=32 Right=TrollFist RightUseType=55 RightGroup=5 Left=TrollFist LeftUseType=55 LeftGroup=5 SUPPRESS_NATIVE=1
CORE RAW55_CALLBACK_SUPPRESSION_PROBE Actor=BlackTroll Family=NORMAL Action=1 Motion=Troll_Stand_Fist_Fist_P0_Attack_Hit_N_Fwd_00_%_00_P0_100.xmot C1=32 Right=TrollFist RightUseType=55 RightGroup=5 Left=TrollFist LeftUseType=55 LeftGroup=5 SUPPRESS_NATIVE=1
CORE RAW55_CALLBACK_SUPPRESSION_PROBE Actor=BlackTroll Family=NORMAL Action=1 Motion=Troll_Stand_Fist_Fist_P0_Attack_Hit_N_Fwd_00_%_00_P0_100.xmot C1=32 Right=TrollFist RightUseType=55 RightGroup=5 Left=TrollFist LeftUseType=55 LeftGroup=5 SUPPRESS_NATIVE=1
CORE RAW55_CALLBACK_SUPPRESSION_PROBE Actor=BlackTroll Family=NORMAL Action=1 Motion=Troll_Stand_Fist_Fist_P0_Attack_Hit_N_Fwd_00_%_00_P0_100.xmot C1=32 Right=TrollFist RightUseType=55 RightGroup=5 Left=TrollFist LeftUseType=55 LeftGroup=5 SUPPRESS_NATIVE=1
CORE RAW55_CALLBACK_SUPPRESSION_PROBE Actor=BlackTroll Family=NORMAL Action=1 Motion=Troll_Stand_Fist_Fist_P0_Attack_Hit_N_Fwd_00_%_00_P0_100.xmot C1=32 Right=TrollFist RightUseType=55 RightGroup=5 Left=TrollFist LeftUseType=55 LeftGroup=5 SUPPRESS_NATIVE=1
CORE RAW55_CALLBACK_SUPPRESSION_PROBE Actor=BlackTroll Family=NORMAL Action=1 Motion=Troll_Stand_Fist_Fist_P0_Attack_Hit_N_Fwd_00_%_00_P0_100.xmot C1=32 Right=TrollFist RightUseType=55 RightGroup=5 Left=TrollFist LeftUseType=55 LeftGroup=5 SUPPRESS_NATIVE=1
CORE RAW55_CALLBACK_SUPPRESSION_PROBE Actor=BlackTroll Family=NORMAL Action=1 Motion=Troll_Stand_Fist_Fist_P0_Attack_Hit_N_Fwd_00_%_00_P0_100.xmot C1=32 Right=TrollFist RightUseType=55 RightGroup=5 Left=TrollFist LeftUseType=55 LeftGroup=5 SUPPRESS_NATIVE=1
CORE RAW55_CALLBACK_SUPPRESSION_PROBE Actor=BlackTroll Family=NORMAL Action=1 Motion=Troll_Stand_Fist_Fist_P0_Attack_Hit_N_Fwd_00_%_00_P0_100.xmot C1=32 Right=TrollFist RightUseType=55 RightGroup=5 Left=TrollFist LeftUseType=55 LeftGroup=5 SUPPRESS_NATIVE=1
CORE RAW55_CALLBACK_SUPPRESSION_PROBE Actor=BlackTroll Family=NORMAL Action=1 Motion=Troll_Stand_Fist_Fist_P0_Attack_Hit_N_Fwd_00_%_00_P0_100.xmot C1=32 Right=TrollFist RightUseType=55 RightGroup=5 Left=TrollFist LeftUseType=55 LeftGroup=5 SUPPRESS_NATIVE=1
CORE RAW55_CALLBACK_SUPPRESSION_PROBE Actor=BlackTroll Family=NORMAL Action=1 Motion=Troll_Stand_Fist_Fist_P0_Attack_Hit_N_Fwd_00_%_00_P0_100.xmot C1=32 Right=TrollFist RightUseType=55 RightGroup=5 Left=TrollFist LeftUseType=55 LeftGroup=5 SUPPRESS_NATIVE=1
CORE RAW55_CALLBACK_SUPPRESSION_PROBE Actor=BlackTroll Family=NORMAL Action=1 Motion=Troll_Stand_Fist_Fist_P0_Attack_Hit_N_Fwd_00_%_00_P0_100.xmot C1=32 Right=TrollFist RightUseType=55 RightGroup=5 Left=TrollFist LeftUseType=55 LeftGroup=5 SUPPRESS_NATIVE=1
CORE RAW55_CALLBACK_SUPPRESSION_PROBE Actor=BlackTroll Family=NORMAL Action=1 Motion=Troll_Stand_Fist_Fist_P0_Attack_Hit_N_Fwd_00_%_00_P0_100.xmot C1=32 Right=TrollFist RightUseType=55 RightGroup=5 Left=TrollFist LeftUseType=55 LeftGroup=5 SUPPRESS_NATIVE=1
CORE RAW55_CALLBACK_SUPPRESSION_PROBE Actor=BlackTroll Family=NORMAL Action=1 Motion=Troll_Stand_Fist_Fist_P0_Attack_Hit_N_Fwd_00_%_00_P0_100.xmot C1=32 Right=TrollFist RightUseType=55 RightGroup=5 Left=TrollFist LeftUseType=55 LeftGroup=5 SUPPRESS_NATIVE=1
CORE RAW55_CALLBACK_SUPPRESSION_PROBE Actor=BlackTroll Family=NORMAL Action=1 Motion=Troll_Stand_Fist_Fist_P0_Attack_Hit_N_Fwd_00_%_00_P0_100.xmot C1=32 Right=TrollFist RightUseType=55 RightGroup=5 Left=TrollFist LeftUseType=55 LeftGroup=5 SUPPRESS_NATIVE=1
CORE RAW55_CALLBACK_SUPPRESSION_PROBE Actor=BlackTroll Family=NORMAL Action=1 Motion=Troll_Stand_Fist_Fist_P0_Attack_Hit_N_Fwd_00_%_00_P0_100.xmot C1=32 Right=TrollFist RightUseType=55 RightGroup=5 Left=TrollFist LeftUseType=55 LeftGroup=5 SUPPRESS_NATIVE=1
CORE RAW55_CALLBACK_SUPPRESSION_PROBE Actor=BlackTroll Family=NORMAL Action=1 Motion=Troll_Stand_Fist_Fist_P0_Attack_Hit_N_Fwd_00_%_00_P0_100.xmot C1=32 Right=TrollFist RightUseType=55 RightGroup=5 Left=TrollFist LeftUseType=55 LeftGroup=5 SUPPRESS_NATIVE=1
CORE RAW55_CALLBACK_SUPPRESSION_PROBE Actor=BlackTroll Family=NORMAL Action=1 Motion=Troll_Stand_Fist_Fist_P0_Attack_Hit_N_Fwd_00_%_00_P0_100.xmot C1=32 Right=TrollFist RightUseType=55 RightGroup=5 Left=TrollFist LeftUseType=55 LeftGroup=5 SUPPRESS_NATIVE=1
CORE RAW55_CALLBACK_SUPPRESSION_PROBE Actor=BlackTroll Family=NORMAL Action=1 Motion=Troll_Stand_Fist_Fist_P0_Attack_Hit_N_Fwd_00_%_00_P0_100.xmot C1=32 Right=TrollFist RightUseType=55 RightGroup=5 Left=TrollFist LeftUseType=55 LeftGroup=5 SUPPRESS_NATIVE=1
CORE RAW55_CALLBACK_SUPPRESSION_PROBE Actor=BlackTroll Family=NORMAL Action=1 Motion=Troll_Stand_Fist_Fist_P0_Attack_Hit_N_Fwd_00_%_00_P0_100.xmot C1=32 Right=TrollFist RightUseType=55 RightGroup=5 Left=TrollFist LeftUseType=55 LeftGroup=5 SUPPRESS_NATIVE=1
CORE RAW55_CALLBACK_SUPPRESSION_PROBE Actor=BlackTroll Family=NORMAL Action=1 Motion=Troll_Stand_Fist_Fist_P0_Attack_Hit_N_Fwd_00_%_00_P0_100.xmot C1=32 Right=TrollFist RightUseType=55 RightGroup=5 Left=TrollFist LeftUseType=55 LeftGroup=5 SUPPRESS_NATIVE=1
CORE RAW55_CALLBACK_SUPPRESSION_PROBE Actor=BlackTroll Family=NORMAL Action=1 Motion=Troll_Stand_Fist_Fist_P0_Attack_Hit_N_Fwd_00_%_00_P0_100.xmot C1=32 Right=TrollFist RightUseType=55 RightGroup=5 Left=TrollFist LeftUseType=55 LeftGroup=5 SUPPRESS_NATIVE=1
CORE RAW55_CALLBACK_SUPPRESSION_PROBE Actor=BlackTroll Family=NORMAL Action=1 Motion=Troll_Stand_Fist_Fist_P0_Attack_Hit_N_Fwd_00_%_00_P0_100.xmot C1=32 Right=TrollFist RightUseType=55 RightGroup=5 Left=TrollFist LeftUseType=55 LeftGroup=5 SUPPRESS_NATIVE=1
CORE RAW55_CALLBACK_SUPPRESSION_PROBE Actor=BlackTroll Family=NORMAL Action=1 Motion=Troll_Stand_Fist_Fist_P0_Attack_Hit_N_Fwd_00_%_00_P0_100.xmot C1=32 Right=TrollFist RightUseType=55 RightGroup=5 Left=TrollFist LeftUseType=55 LeftGroup=5 SUPPRESS_NATIVE=1
CORE RAW55_CALLBACK_SUPPRESSION_PROBE Actor=BlackTroll Family=NORMAL Action=1 Motion=Troll_Stand_Fist_Fist_P0_Attack_Hit_N_Fwd_00_%_00_P0_100.xmot C1=32 Right=TrollFist RightUseType=55 RightGroup=5 Left=TrollFist LeftUseType=55 LeftGroup=5 SUPPRESS_NATIVE=1
CORE RAW55_CALLBACK_SUPPRESSION_PROBE Actor=BlackTroll Family=NORMAL Action=1 Motion=Troll_Stand_Fist_Fist_P0_Attack_Hit_N_Fwd_00_%_00_P0_100.xmot C1=32 Right=TrollFist RightUseType=55 RightGroup=5 Left=TrollFist LeftUseType=55 LeftGroup=5 SUPPRESS_NATIVE=1
CORE RAW55_CALLBACK_SUPPRESSION_PROBE Actor=BlackTroll Family=NORMAL Action=1 Motion=Troll_Stand_Fist_Fist_P0_Attack_Hit_N_Fwd_00_%_00_P0_100.xmot C1=32 Right=TrollFist RightUseType=55 RightGroup=5 Left=TrollFist LeftUseType=55 LeftGroup=5 SUPPRESS_NATIVE=1
CORE RAW55_CALLBACK_SUPPRESSION_PROBE Actor=BlackTroll Family=NORMAL Action=1 Motion=Troll_Stand_Fist_Fist_P0_Attack_Hit_N_Fwd_00_%_00_P0_100.xmot C1=32 Right=TrollFist RightUseType=55 RightGroup=5 Left=TrollFist LeftUseType=55 LeftGroup=5 SUPPRESS_NATIVE=1
CORE RAW55_CALLBACK_SUPPRESSION_PROBE Actor=BlackTroll Family=NORMAL Action=1 Motion=Troll_Stand_Fist_Fist_P0_Attack_Hit_N_Fwd_00_%_00_P0_100.xmot C1=32 Right=TrollFist RightUseType=55 RightGroup=5 Left=TrollFist LeftUseType=55 LeftGroup=5 SUPPRESS_NATIVE=1
CORE RAW55_CALLBACK_SUPPRESSION_PROBE Actor=BlackTroll Family=NORMAL Action=1 Motion=Troll_Stand_Fist_Fist_P0_Attack_Hit_N_Fwd_00_%_00_P0_100.xmot C1=32 Right=TrollFist RightUseType=55 RightGroup=5 Left=TrollFist LeftUseType=55 LeftGroup=5 SUPPRESS_NATIVE=1
CORE RAW55_CALLBACK_SUPPRESSION_PROBE Actor=BlackTroll Family=NORMAL Action=1 Motion=Troll_Stand_Fist_Fist_P0_Attack_Hit_N_Fwd_00_%_00_P0_100.xmot C1=32 Right=TrollFist RightUseType=55 RightGroup=5 Left=TrollFist LeftUseType=55 LeftGroup=5 SUPPRESS_NATIVE=1
CORE RAW55_CALLBACK_SUPPRESSION_PROBE Actor=BlackTroll Family=NORMAL Action=1 Motion=Troll_Stand_Fist_Fist_P0_Attack_Hit_N_Fwd_00_%_00_P0_100.xmot C1=32 Right=TrollFist RightUseType=55 RightGroup=5 Left=TrollFist LeftUseType=55 LeftGroup=5 SUPPRESS_NATIVE=1
CORE RAW55_CALLBACK_SUPPRESSION_PROBE Actor=BlackTroll Family=NORMAL Action=1 Motion=Troll_Stand_Fist_Fist_P0_Attack_Hit_N_Fwd_00_%_00_P0_100.xmot C1=32 Right=TrollFist RightUseType=55 RightGroup=5 Left=TrollFist LeftUseType=55 LeftGroup=5 SUPPRESS_NATIVE=1
CORE RAW55_CALLBACK_SUPPRESSION_PROBE Actor=BlackTroll Family=NORMAL Action=1 Motion=Troll_Stand_Fist_Fist_P0_Attack_Hit_N_Fwd_00_%_00_P0_100.xmot C1=32 Right=TrollFist RightUseType=55 RightGroup=5 Left=TrollFist LeftUseType=55 LeftGroup=5 SUPPRESS_NATIVE=1
CORE RAW55_CALLBACK_SUPPRESSION_PROBE Actor=BlackTroll Family=NORMAL Action=1 Motion=Troll_Stand_Fist_Fist_P0_Attack_Hit_N_Fwd_00_%_00_P0_100.xmot C1=32 Right=TrollFist RightUseType=55 RightGroup=5 Left=TrollFist LeftUseType=55 LeftGroup=5 SUPPRESS_NATIVE=1
CORE RAW55_CALLBACK_SUPPRESSION_PROBE Actor=BlackTroll Family=NORMAL Action=1 Motion=Troll_Stand_Fist_Fist_P0_Attack_Hit_N_Fwd_00_%_00_P0_100.xmot C1=32 Right=TrollFist RightUseType=55 RightGroup=5 Left=TrollFist LeftUseType=55 LeftGroup=5 SUPPRESS_NATIVE=1
CORE RAW55_CALLBACK_SUPPRESSION_PROBE Actor=BlackTroll Family=NORMAL Action=1 Motion=Troll_Stand_Fist_Fist_P0_Attack_Hit_N_Fwd_00_%_00_P0_100.xmot C1=32 Right=TrollFist RightUseType=55 RightGroup=5 Left=TrollFist LeftUseType=55 LeftGroup=5 SUPPRESS_NATIVE=1
CORE RAW55_CALLBACK_SUPPRESSION_PROBE Actor=BlackTroll Family=NORMAL Action=1 Motion=Troll_Stand_Fist_Fist_P0_Attack_Hit_N_Fwd_00_%_00_P0_100.xmot C1=32 Right=TrollFist RightUseType=55 RightGroup=5 Left=TrollFist LeftUseType=55 LeftGroup=5 SUPPRESS_NATIVE=1
CORE RAW55_CALLBACK_SUPPRESSION_PROBE Actor=BlackTroll Family=NORMAL Action=1 Motion=Troll_Stand_Fist_Fist_P0_Attack_Hit_N_Fwd_00_%_00_P0_100.xmot C1=32 Right=TrollFist RightUseType=55 RightGroup=5 Left=TrollFist LeftUseType=55 LeftGroup=5 SUPPRESS_NATIVE=1
CORE RAW55_CALLBACK_SUPPRESSION_PROBE Actor=BlackTroll Family=NORMAL Action=1 Motion=Troll_Stand_Fist_Fist_P0_Attack_Hit_N_Fwd_00_%_00_P0_100.xmot C1=32 Right=TrollFist RightUseType=55 RightGroup=5 Left=TrollFist LeftUseType=55 LeftGroup=5 SUPPRESS_NATIVE=1
CORE RAW55_CALLBACK_SUPPRESSION_PROBE Actor=BlackTroll Family=NORMAL Action=1 Motion=Troll_Stand_Fist_Fist_P0_Attack_Hit_N_Fwd_00_%_00_P0_100.xmot C1=32 Right=TrollFist RightUseType=55 RightGroup=5 Left=TrollFist LeftUseType=55 LeftGroup=5 SUPPRESS_NATIVE=1
CORE RAW55_CALLBACK_SUPPRESSION_PROBE Actor=BlackTroll Family=NORMAL Action=1 Motion=Troll_Stand_Fist_Fist_P0_Attack_Hit_N_Fwd_00_%_00_P0_100.xmot C1=32 Right=TrollFist RightUseType=55 RightGroup=5 Left=TrollFist LeftUseType=55 LeftGroup=5 SUPPRESS_NATIVE=1
CORE RAW55_CALLBACK_SUPPRESSION_PROBE Actor=BlackTroll Family=NORMAL Action=1 Motion=Troll_Stand_Fist_Fist_P0_Attack_Hit_N_Fwd_00_%_00_P0_100.xmot C1=32 Right=TrollFist RightUseType=55 RightGroup=5 Left=TrollFist LeftUseType=55 LeftGroup=5 SUPPRESS_NATIVE=1
CORE RAW55_CALLBACK_SUPPRESSION_PROBE Actor=BlackTroll Family=NORMAL Action=1 Motion=Troll_Stand_Fist_Fist_P0_Attack_Hit_N_Fwd_00_%_00_P0_100.xmot C1=32 Right=TrollFist RightUseType=55 RightGroup=5 Left=TrollFist LeftUseType=55 LeftGroup=5 SUPPRESS_NATIVE=1
CORE RAW55_CALLBACK_SUPPRESSION_PROBE Actor=BlackTroll Family=NORMAL Action=1 Motion=Troll_Stand_Fist_Fist_P0_Attack_Hit_N_Fwd_00_%_00_P0_100.xmot C1=32 Right=TrollFist RightUseType=55 RightGroup=5 Left=TrollFist LeftUseType=55 LeftGroup=5 SUPPRESS_NATIVE=1
CORE RAW55_CALLBACK_SUPPRESSION_PROBE Actor=BlackTroll Family=NORMAL Action=1 Motion=Troll_Stand_Fist_Fist_P0_Attack_Hit_N_Fwd_00_%_00_P0_100.xmot C1=32 Right=TrollFist RightUseType=55 RightGroup=5 Left=TrollFist LeftUseType=55 LeftGroup=5 SUPPRESS_NATIVE=1
CORE RAW55_CALLBACK_SUPPRESSION_PROBE Actor=BlackTroll Family=NORMAL Action=1 Motion=Troll_Stand_Fist_Fist_P0_Attack_Hit_N_Fwd_00_%_00_P0_100.xmot C1=32 Right=TrollFist RightUseType=55 RightGroup=5 Left=TrollFist LeftUseType=55 LeftGroup=5 SUPPRESS_NATIVE=1
CORE RAW55_CALLBACK_SUPPRESSION_PROBE Actor=BlackTroll Family=NORMAL Action=1 Motion=Troll_Stand_Fist_Fist_P0_Attack_Hit_N_Fwd_00_%_00_P0_100.xmot C1=32 Right=TrollFist RightUseType=55 RightGroup=5 Left=TrollFist LeftUseType=55 LeftGroup=5 SUPPRESS_NATIVE=1
CORE RAW55_CALLBACK_SUPPRESSION_PROBE Actor=BlackTroll Family=NORMAL Action=1 Motion=Troll_Stand_Fist_Fist_P0_Attack_Hit_N_Fwd_00_%_00_P0_100.xmot C1=32 Right=TrollFist RightUseType=55 RightGroup=5 Left=TrollFist LeftUseType=55 LeftGroup=5 SUPPRESS_NATIVE=1
CORE RAW55_CALLBACK_SUPPRESSION_PROBE Actor=BlackTroll Family=NORMAL Action=1 Motion=Troll_Stand_Fist_Fist_P0_Attack_Hit_N_Fwd_00_%_00_P0_100.xmot C1=32 Right=TrollFist RightUseType=55 RightGroup=5 Left=TrollFist LeftUseType=55 LeftGroup=5 SUPPRESS_NATIVE=1
CORE RAW55_CALLBACK_SUPPRESSION_PROBE Actor=BlackTroll Family=NORMAL Action=1 Motion=Troll_Stand_Fist_Fist_P0_Attack_Hit_N_Fwd_00_%_00_P0_100.xmot C1=32 Right=TrollFist RightUseType=55 RightGroup=5 Left=TrollFist LeftUseType=55 LeftGroup=5 SUPPRESS_NATIVE=1
CORE RAW55_CALLBACK_SUPPRESSION_PROBE Actor=BlackTroll Family=NORMAL Action=1 Motion=Troll_Stand_Fist_Fist_P0_Attack_Hit_N_Fwd_00_%_00_P0_100.xmot C1=32 Right=TrollFist RightUseType=55 RightGroup=5 Left=TrollFist LeftUseType=55 LeftGroup=5 SUPPRESS_NATIVE=1
CORE RAW55_CALLBACK_SUPPRESSION_PROBE Actor=BlackTroll Family=NORMAL Action=1 Motion=Troll_Stand_Fist_Fist_P0_Attack_Hit_N_Fwd_00_%_00_P0_100.xmot C1=32 Right=TrollFist RightUseType=55 RightGroup=5 Left=TrollFist LeftUseType=55 LeftGroup=5 SUPPRESS_NATIVE=1
CORE RAW55_CALLBACK_SUPPRESSION_PROBE Actor=BlackTroll Family=NORMAL Action=1 Motion=Troll_Stand_Fist_Fist_P0_Attack_Hit_N_Fwd_00_%_00_P0_100.xmot C1=32 Right=TrollFist RightUseType=55 RightGroup=5 Left=TrollFist LeftUseType=55 LeftGroup=5 SUPPRESS_NATIVE=1
CORE RAW55_CALLBACK_SUPPRESSION_PROBE Actor=BlackTroll Family=NORMAL Action=1 Motion=Troll_Stand_Fist_Fist_P0_Attack_Hit_N_Fwd_00_%_00_P0_100.xmot C1=32 Right=TrollFist RightUseType=55 RightGroup=5 Left=TrollFist LeftUseType=55 LeftGroup=5 SUPPRESS_NATIVE=1
CORE RAW55_CALLBACK_SUPPRESSION_PROBE Actor=BlackTroll Family=NORMAL Action=1 Motion=Troll_Stand_Fist_Fist_P0_Attack_Hit_N_Fwd_00_%_00_P0_100.xmot C1=32 Right=TrollFist RightUseType=55 RightGroup=5 Left=TrollFist LeftUseType=55 LeftGroup=5 SUPPRESS_NATIVE=1
CORE RAW55_CALLBACK_SUPPRESSION_PROBE Actor=BlackTroll Family=NORMAL Action=1 Motion=Troll_Stand_Fist_Fist_P0_Attack_Hit_N_Fwd_00_%_00_P0_100.xmot C1=32 Right=TrollFist RightUseType=55 RightGroup=5 Left=TrollFist LeftUseType=55 LeftGroup=5 SUPPRESS_NATIVE=1
CORE RAW55_CALLBACK_SUPPRESSION_PROBE Actor=BlackTroll Family=NORMAL Action=1 Motion=Troll_Stand_Fist_Fist_P0_Attack_Hit_N_Fwd_00_%_00_P0_100.xmot C1=32 Right=TrollFist RightUseType=55 RightGroup=5 Left=TrollFist LeftUseType=55 LeftGroup=5 SUPPRESS_NATIVE=1
CORE RAW55_CALLBACK_SUPPRESSION_PROBE Actor=BlackTroll Family=NORMAL Action=1 Motion=Troll_Stand_Fist_Fist_P0_Attack_Hit_N_Fwd_00_%_00_P0_100.xmot C1=32 Right=TrollFist RightUseType=55 RightGroup=5 Left=TrollFist LeftUseType=55 LeftGroup=5 SUPPRESS_NATIVE=1
CORE RAW55_CALLBACK_SUPPRESSION_PROBE Actor=BlackTroll Family=NORMAL Action=1 Motion=Troll_Stand_Fist_Fist_P0_Attack_Hit_N_Fwd_00_%_00_P0_100.xmot C1=32 Right=TrollFist RightUseType=55 RightGroup=5 Left=TrollFist LeftUseType=55 LeftGroup=5 SUPPRESS_NATIVE=1
CORE RAW55_CALLBACK_SUPPRESSION_PROBE Actor=BlackTroll Family=NORMAL Action=1 Motion=Troll_Stand_Fist_Fist_P0_Attack_Hit_N_Fwd_00_%_00_P0_100.xmot C1=32 Right=TrollFist RightUseType=55 RightGroup=5 Left=TrollFist LeftUseType=55 LeftGroup=5 SUPPRESS_NATIVE=1
CORE RAW55_CALLBACK_SUPPRESSION_PROBE Actor=BlackTroll Family=NORMAL Action=1 Motion=Troll_Stand_Fist_Fist_P0_Attack_Hit_N_Fwd_00_%_00_P0_100.xmot C1=32 Right=TrollFist RightUseType=55 RightGroup=5 Left=TrollFist LeftUseType=55 LeftGroup=5 SUPPRESS_NATIVE=1
CORE RAW55_CALLBACK_SUPPRESSION_PROBE Actor=BlackTroll Family=NORMAL Action=1 Motion=Troll_Stand_Fist_Fist_P0_Attack_Hit_N_Fwd_00_%_00_P0_100.xmot C1=32 Right=TrollFist RightUseType=55 RightGroup=5 Left=TrollFist LeftUseType=55 LeftGroup=5 SUPPRESS_NATIVE=1
CORE RAW55_CALLBACK_SUPPRESSION_PROBE Actor=BlackTroll Family=NORMAL Action=1 Motion=Troll_Stand_Fist_Fist_P0_Attack_Hit_N_Fwd_00_%_00_P0_100.xmot C1=32 Right=TrollFist RightUseType=55 RightGroup=5 Left=TrollFist LeftUseType=55 LeftGroup=5 SUPPRESS_NATIVE=1
CORE RAW55_CALLBACK_SUPPRESSION_PROBE Actor=BlackTroll Family=NORMAL Action=1 Motion=Troll_Stand_Fist_Fist_P0_Attack_Hit_N_Fwd_00_%_00_P0_100.xmot C1=32 Right=TrollFist RightUseType=55 RightGroup=5 Left=TrollFist LeftUseType=55 LeftGroup=5 SUPPRESS_NATIVE=1
CORE RAW55_CALLBACK_SUPPRESSION_PROBE Actor=BlackTroll Family=NORMAL Action=1 Motion=Troll_Stand_Fist_Fist_P0_Attack_Hit_N_Fwd_00_%_00_P0_100.xmot C1=32 Right=TrollFist RightUseType=55 RightGroup=5 Left=TrollFist LeftUseType=55 LeftGroup=5 SUPPRESS_NATIVE=1
CORE RAW55_CALLBACK_SUPPRESSION_PROBE Actor=BlackTroll Family=NORMAL Action=1 Motion=Troll_Stand_Fist_Fist_P0_Attack_Hit_N_Fwd_00_%_00_P0_100.xmot C1=32 Right=TrollFist RightUseType=55 RightGroup=5 Left=TrollFist LeftUseType=55 LeftGroup=5 SUPPRESS_NATIVE=1
CORE RAW55_CALLBACK_SUPPRESSION_PROBE Actor=BlackTroll Family=NORMAL Action=1 Motion=Troll_Stand_Fist_Fist_P0_Attack_Hit_N_Fwd_00_%_00_P0_100.xmot C1=32 Right=TrollFist RightUseType=55 RightGroup=5 Left=TrollFist LeftUseType=55 LeftGroup=5 SUPPRESS_NATIVE=1
CORE RAW55_CALLBACK_SUPPRESSION_PROBE Actor=BlackTroll Family=NORMAL Action=1 Motion=Troll_Stand_Fist_Fist_P0_Attack_Hit_N_Fwd_00_%_00_P0_100.xmot C1=32 Right=TrollFist RightUseType=55 RightGroup=5 Left=TrollFist LeftUseType=55 LeftGroup=5 SUPPRESS_NATIVE=1
CORE RAW55_CALLBACK_SUPPRESSION_PROBE Actor=BlackTroll Family=NORMAL Action=1 Motion=Troll_Stand_Fist_Fist_P0_Attack_Hit_N_Fwd_00_%_00_P0_100.xmot C1=32 Right=TrollFist RightUseType=55 RightGroup=5 Left=TrollFist LeftUseType=55 LeftGroup=5 SUPPRESS_NATIVE=1
CORE RAW55_CALLBACK_SUPPRESSION_PROBE Actor=BlackTroll Family=NORMAL Action=1 Motion=Troll_Stand_Fist_Fist_P0_Attack_Hit_N_Fwd_00_%_00_P0_100.xmot C1=32 Right=TrollFist RightUseType=55 RightGroup=5 Left=TrollFist LeftUseType=55 LeftGroup=5 SUPPRESS_NATIVE=1
CORE RAW55_CALLBACK_SUPPRESSION_PROBE Actor=BlackTroll Family=NORMAL Action=1 Motion=Troll_Stand_Fist_Fist_P0_Attack_Hit_N_Fwd_00_%_00_P0_100.xmot C1=32 Right=TrollFist RightUseType=55 RightGroup=5 Left=TrollFist LeftUseType=55 LeftGroup=5 SUPPRESS_NATIVE=1
CORE RAW55_CALLBACK_SUPPRESSION_PROBE Actor=BlackTroll Family=NORMAL Action=1 Motion=Troll_Stand_Fist_Fist_P0_Attack_Hit_N_Fwd_00_%_00_P0_100.xmot C1=32 Right=TrollFist RightUseType=55 RightGroup=5 Left=TrollFist LeftUseType=55 LeftGroup=5 SUPPRESS_NATIVE=1
CORE RAW55_CALLBACK_SUPPRESSION_PROBE Actor=BlackTroll Family=NORMAL Action=1 Motion=Troll_Stand_Fist_Fist_P0_Attack_Hit_N_Fwd_00_%_00_P0_100.xmot C1=32 Right=TrollFist RightUseType=55 RightGroup=5 Left=TrollFist LeftUseType=55 LeftGroup=5 SUPPRESS_NATIVE=1
CORE RAW55_CALLBACK_SUPPRESSION_PROBE Actor=BlackTroll Family=NORMAL Action=1 Motion=Troll_Stand_Fist_Fist_P0_Attack_Hit_N_Fwd_00_%_00_P0_100.xmot C1=32 Right=TrollFist RightUseType=55 RightGroup=5 Left=TrollFist LeftUseType=55 LeftGroup=5 SUPPRESS_NATIVE=1
CORE RAW55_CALLBACK_SUPPRESSION_PROBE Actor=BlackTroll Family=NORMAL Action=1 Motion=Troll_Stand_Fist_Fist_P0_Attack_Hit_N_Fwd_00_%_00_P0_100.xmot C1=32 Right=TrollFist RightUseType=55 RightGroup=5 Left=TrollFist LeftUseType=55 LeftGroup=5 SUPPRESS_NATIVE=1
CORE RAW55_CALLBACK_SUPPRESSION_PROBE Actor=BlackTroll Family=NORMAL Action=1 Motion=Troll_Stand_Fist_Fist_P0_Attack_Hit_N_Fwd_00_%_00_P0_100.xmot C1=32 Right=TrollFist RightUseType=55 RightGroup=5 Left=TrollFist LeftUseType=55 LeftGroup=5 SUPPRESS_NATIVE=1
CORE RAW55_CALLBACK_SUPPRESSION_PROBE Actor=BlackTroll Family=NORMAL Action=1 Motion=Troll_Stand_Fist_Fist_P0_Attack_Hit_N_Fwd_00_%_00_P0_100.xmot C1=32 Right=TrollFist RightUseType=55 RightGroup=5 Left=TrollFist LeftUseType=55 LeftGroup=5 SUPPRESS_NATIVE=1
CORE RAW55_CALLBACK_SUPPRESSION_PROBE Actor=BlackTroll Family=NORMAL Action=1 Motion=Troll_Stand_Fist_Fist_P0_Attack_Hit_N_Fwd_00_%_00_P0_100.xmot C1=32 Right=TrollFist RightUseType=55 RightGroup=5 Left=TrollFist LeftUseType=55 LeftGroup=5 SUPPRESS_NATIVE=1
CORE RAW55_CALLBACK_SUPPRESSION_PROBE Actor=BlackTroll Family=NORMAL Action=1 Motion=Troll_Stand_Fist_Fist_P0_Attack_Hit_N_Fwd_00_%_00_P0_100.xmot C1=32 Right=TrollFist RightUseType=55 RightGroup=5 Left=TrollFist LeftUseType=55 LeftGroup=5 SUPPRESS_NATIVE=1
CORE RAW55_CALLBACK_SUPPRESSION_PROBE Actor=BlackTroll Family=NORMAL Action=1 Motion=Troll_Stand_Fist_Fist_P0_Attack_Hit_N_Fwd_00_%_00_P0_100.xmot C1=32 Right=TrollFist RightUseType=55 RightGroup=5 Left=TrollFist LeftUseType=55 LeftGroup=5 SUPPRESS_NATIVE=1
CORE RAW55_CALLBACK_SUPPRESSION_PROBE Actor=BlackTroll Family=NORMAL Action=1 Motion=Troll_Stand_Fist_Fist_P0_Attack_Hit_N_Fwd_00_%_00_P0_100.xmot C1=32 Right=TrollFist RightUseType=55 RightGroup=5 Left=TrollFist LeftUseType=55 LeftGroup=5 SUPPRESS_NATIVE=1
CORE RAW55_CALLBACK_SUPPRESSION_PROBE Actor=BlackTroll Family=NORMAL Action=1 Motion=Troll_Stand_Fist_Fist_P0_Attack_Hit_N_Fwd_00_%_00_P0_100.xmot C1=32 Right=TrollFist RightUseType=55 RightGroup=5 Left=TrollFist LeftUseType=55 LeftGroup=5 SUPPRESS_NATIVE=1
CORE RAW55_CALLBACK_SUPPRESSION_PROBE Actor=BlackTroll Family=NORMAL Action=1 Motion=Troll_Stand_Fist_Fist_P0_Attack_Hit_N_Fwd_00_%_00_P0_100.xmot C1=32 Right=TrollFist RightUseType=55 RightGroup=5 Left=TrollFist LeftUseType=55 LeftGroup=5 SUPPRESS_NATIVE=1
CORE RAW55_CALLBACK_SUPPRESSION_PROBE Actor=BlackTroll Family=NORMAL Action=1 Motion=Troll_Stand_Fist_Fist_P0_Attack_Hit_N_Fwd_00_%_00_P0_100.xmot C1=32 Right=TrollFist RightUseType=55 RightGroup=5 Left=TrollFist LeftUseType=55 LeftGroup=5 SUPPRESS_NATIVE=1
CORE RAW55_CALLBACK_SUPPRESSION_PROBE Actor=BlackTroll Family=NORMAL Action=1 Motion=Troll_Stand_Fist_Fist_P0_Attack_Hit_N_Fwd_00_%_00_P0_100.xmot C1=32 Right=TrollFist RightUseType=55 RightGroup=5 Left=TrollFist LeftUseType=55 LeftGroup=5 SUPPRESS_NATIVE=1
===== CORE MARKER ANOMALY / DISCOVERY =====
ElapsedMs: 60703.737
Actor: BlackTroll
Action: 1
Family: NORMAL
AniPhase: 1
StatePosition: 0
CurrentMovementAni: Troll_Stand_Fist_Fist_P0_Attack_Hit_N_Fwd_00_%_00_P0_100.xmot
MarkerName: G3AB_COL_FIST
MarkerOpcode: FIST
Result: UNSUPPORTED_MISSING_SOURCE
C1GenerationValid: 1
C1Generation: 32
RequiredSourceMask: 0
MissingSourceMask: 0
RightSourceSlot: RIGHT
RightSourceName: TrollFist
RightSourceUseType: 55
RightSourceCollisionGroup: 5
LeftSourceSlot: LEFT
LeftSourceName: TrollFist
LeftSourceUseType: 55
LeftSourceCollisionGroup: 5
Raw8FistSourceName: <none>
Raw8FistSourceUseType: -1
Raw8FistSourceCollisionGroup: -1
===========================================

CORE RAW55_CALLBACK_SUPPRESSION_PROBE Actor=BlackTroll Family=NORMAL Action=1 Motion=Troll_Stand_Fist_Fist_P0_Attack_Hit_N_Fwd_00_%_00_P0_100.xmot C1=32 Right=TrollFist RightUseType=55 RightGroup=5 Left=TrollFist LeftUseType=55 LeftGroup=5 SUPPRESS_NATIVE=1
CORE RAW55_CALLBACK_SUPPRESSION_PROBE Actor=BlackTroll Family=NORMAL Action=1 Motion=Troll_Stand_Fist_Fist_P0_Attack_Hit_N_Fwd_00_%_00_P0_100.xmot C1=32 Right=TrollFist RightUseType=55 RightGroup=5 Left=TrollFist LeftUseType=55 LeftGroup=5 SUPPRESS_NATIVE=1
CORE RAW55_CALLBACK_SUPPRESSION_PROBE Actor=BlackTroll Family=NORMAL Action=1 Motion=Troll_Stand_Fist_Fist_P0_Attack_Hit_N_Fwd_00_%_00_P0_100.xmot C1=32 Right=TrollFist RightUseType=55 RightGroup=5 Left=TrollFist LeftUseType=55 LeftGroup=5 SUPPRESS_NATIVE=1
CORE RAW55_CALLBACK_SUPPRESSION_PROBE Actor=BlackTroll Family=NORMAL Action=1 Motion=Troll_Stand_Fist_Fist_P0_Attack_Hit_N_Fwd_00_%_00_P0_100.xmot C1=32 Right=TrollFist RightUseType=55 RightGroup=5 Left=TrollFist LeftUseType=55 LeftGroup=5 SUPPRESS_NATIVE=1
CORE RAW55_CALLBACK_SUPPRESSION_PROBE Actor=BlackTroll Family=NORMAL Action=1 Motion=Troll_Stand_Fist_Fist_P0_Attack_Hit_N_Fwd_00_%_00_P0_100.xmot C1=32 Right=TrollFist RightUseType=55 RightGroup=5 Left=TrollFist LeftUseType=55 LeftGroup=5 SUPPRESS_NATIVE=1
CORE RAW55_CALLBACK_SUPPRESSION_PROBE Actor=BlackTroll Family=NORMAL Action=1 Motion=Troll_Stand_Fist_Fist_P0_Attack_Hit_N_Fwd_00_%_00_P0_100.xmot C1=32 Right=TrollFist RightUseType=55 RightGroup=5 Left=TrollFist LeftUseType=55 LeftGroup=5 SUPPRESS_NATIVE=1
CORE RAW55_CALLBACK_SUPPRESSION_PROBE Actor=BlackTroll Family=NORMAL Action=1 Motion=Troll_Stand_Fist_Fist_P0_Attack_Hit_N_Fwd_00_%_00_P0_100.xmot C1=32 Right=TrollFist RightUseType=55 RightGroup=5 Left=TrollFist LeftUseType=55 LeftGroup=5 SUPPRESS_NATIVE=1
CORE RAW55_CALLBACK_SUPPRESSION_PROBE Actor=BlackTroll Family=NORMAL Action=1 Motion=Troll_Stand_Fist_Fist_P0_Attack_Hit_N_Fwd_00_%_00_P0_100.xmot C1=32 Right=TrollFist RightUseType=55 RightGroup=5 Left=TrollFist LeftUseType=55 LeftGroup=5 SUPPRESS_NATIVE=1
CORE RAW55_CALLBACK_SUPPRESSION_PROBE Actor=BlackTroll Family=NORMAL Action=1 Motion=Troll_Stand_Fist_Fist_P0_Attack_Hit_N_Fwd_00_%_00_P0_100.xmot C1=32 Right=TrollFist RightUseType=55 RightGroup=5 Left=TrollFist LeftUseType=55 LeftGroup=5 SUPPRESS_NATIVE=1
CORE RAW55_CALLBACK_SUPPRESSION_PROBE Actor=BlackTroll Family=NORMAL Action=1 Motion=Troll_Stand_Fist_Fist_P0_Attack_Hit_N_Fwd_00_%_00_P0_100.xmot C1=32 Right=TrollFist RightUseType=55 RightGroup=5 Left=TrollFist LeftUseType=55 LeftGroup=5 SUPPRESS_NATIVE=1
CORE RAW55_CALLBACK_SUPPRESSION_PROBE Actor=BlackTroll Family=NORMAL Action=1 Motion=Troll_Stand_Fist_Fist_P0_Attack_Hit_N_Fwd_00_%_00_P0_100.xmot C1=32 Right=TrollFist RightUseType=55 RightGroup=5 Left=TrollFist LeftUseType=55 LeftGroup=5 SUPPRESS_NATIVE=1
CORE RAW55_CALLBACK_SUPPRESSION_PROBE Actor=BlackTroll Family=NORMAL Action=1 Motion=Troll_Stand_Fist_Fist_P0_Attack_Hit_N_Fwd_00_%_00_P0_100.xmot C1=32 Right=TrollFist RightUseType=55 RightGroup=5 Left=TrollFist LeftUseType=55 LeftGroup=5 SUPPRESS_NATIVE=1
CORE RAW55_CALLBACK_SUPPRESSION_PROBE Actor=BlackTroll Family=NORMAL Action=1 Motion=Troll_Stand_Fist_Fist_P0_Attack_Hit_N_Fwd_00_%_00_P0_100.xmot C1=32 Right=TrollFist RightUseType=55 RightGroup=5 Left=TrollFist LeftUseType=55 LeftGroup=5 SUPPRESS_NATIVE=1
CORE RAW55_CALLBACK_SUPPRESSION_PROBE Actor=BlackTroll Family=NORMAL Action=1 Motion=Troll_Stand_Fist_Fist_P0_Attack_Hit_N_Fwd_00_%_00_P0_100.xmot C1=32 Right=TrollFist RightUseType=55 RightGroup=5 Left=TrollFist LeftUseType=55 LeftGroup=5 SUPPRESS_NATIVE=1
CORE RAW55_CALLBACK_SUPPRESSION_PROBE Actor=BlackTroll Family=NORMAL Action=1 Motion=Troll_Stand_Fist_Fist_P0_Attack_Hit_N_Fwd_00_%_00_P0_100.xmot C1=32 Right=TrollFist RightUseType=55 RightGroup=5 Left=TrollFist LeftUseType=55 LeftGroup=5 SUPPRESS_NATIVE=1
CORE RAW55_CALLBACK_SUPPRESSION_PROBE Actor=BlackTroll Family=NORMAL Action=1 Motion=Troll_Stand_Fist_Fist_P0_Attack_Hit_N_Fwd_00_%_00_P0_100.xmot C1=32 Right=TrollFist RightUseType=55 RightGroup=5 Left=TrollFist LeftUseType=55 LeftGroup=5 SUPPRESS_NATIVE=1
CORE RAW55_CALLBACK_SUPPRESSION_PROBE Actor=BlackTroll Family=NORMAL Action=1 Motion=Troll_Stand_Fist_Fist_P0_Attack_Hit_N_Fwd_00_%_00_P0_100.xmot C1=32 Right=TrollFist RightUseType=55 RightGroup=5 Left=TrollFist LeftUseType=55 LeftGroup=5 SUPPRESS_NATIVE=1
CORE RAW55_CALLBACK_SUPPRESSION_PROBE Actor=BlackTroll Family=NORMAL Action=1 Motion=Troll_Stand_Fist_Fist_P0_Attack_Hit_N_Fwd_00_%_00_P0_100.xmot C1=32 Right=TrollFist RightUseType=55 RightGroup=5 Left=TrollFist LeftUseType=55 LeftGroup=5 SUPPRESS_NATIVE=1
CORE RAW55_CALLBACK_SUPPRESSION_PROBE Actor=BlackTroll Family=NORMAL Action=1 Motion=Troll_Stand_Fist_Fist_P0_Attack_Hit_N_Fwd_00_%_00_P0_100.xmot C1=32 Right=TrollFist RightUseType=55 RightGroup=5 Left=TrollFist LeftUseType=55 LeftGroup=5 SUPPRESS_NATIVE=1
CORE RAW55_CALLBACK_SUPPRESSION_PROBE Actor=BlackTroll Family=NORMAL Action=1 Motion=Troll_Stand_Fist_Fist_P0_Attack_Hit_N_Fwd_00_%_00_P0_100.xmot C1=32 Right=TrollFist RightUseType=55 RightGroup=5 Left=TrollFist LeftUseType=55 LeftGroup=5 SUPPRESS_NATIVE=1
CORE RAW55_CALLBACK_SUPPRESSION_PROBE Actor=BlackTroll Family=NORMAL Action=1 Motion=Troll_Stand_Fist_Fist_P0_Attack_Hit_N_Fwd_00_%_00_P0_100.xmot C1=32 Right=TrollFist RightUseType=55 RightGroup=5 Left=TrollFist LeftUseType=55 LeftGroup=5 SUPPRESS_NATIVE=1
CORE RAW55_CALLBACK_SUPPRESSION_PROBE Actor=BlackTroll Family=NORMAL Action=1 Motion=Troll_Stand_Fist_Fist_P0_Attack_Hit_N_Fwd_00_%_00_P0_100.xmot C1=32 Right=TrollFist RightUseType=55 RightGroup=5 Left=TrollFist LeftUseType=55 LeftGroup=5 SUPPRESS_NATIVE=1
CORE RAW55_CALLBACK_SUPPRESSION_PROBE Actor=BlackTroll Family=NORMAL Action=1 Motion=Troll_Stand_Fist_Fist_P0_Attack_Hit_N_Fwd_00_%_00_P0_100.xmot C1=32 Right=TrollFist RightUseType=55 RightGroup=5 Left=TrollFist LeftUseType=55 LeftGroup=5 SUPPRESS_NATIVE=1
CORE RAW55_CALLBACK_SUPPRESSION_PROBE Actor=BlackTroll Family=NORMAL Action=1 Motion=Troll_Stand_Fist_Fist_P0_Attack_Hit_N_Fwd_00_%_00_P0_100.xmot C1=32 Right=TrollFist RightUseType=55 RightGroup=5 Left=TrollFist LeftUseType=55 LeftGroup=5 SUPPRESS_NATIVE=1
CORE RAW55_CALLBACK_SUPPRESSION_PROBE Actor=BlackTroll Family=NORMAL Action=1 Motion=Troll_Stand_Fist_Fist_P0_Attack_Hit_N_Fwd_00_%_00_P0_100.xmot C1=32 Right=TrollFist RightUseType=55 RightGroup=5 Left=TrollFist LeftUseType=55 LeftGroup=5 SUPPRESS_NATIVE=1
CORE RAW55_CALLBACK_SUPPRESSION_PROBE Actor=BlackTroll Family=NORMAL Action=1 Motion=Troll_Stand_Fist_Fist_P0_Attack_Hit_N_Fwd_00_%_00_P0_100.xmot C1=32 Right=TrollFist RightUseType=55 RightGroup=5 Left=TrollFist LeftUseType=55 LeftGroup=5 SUPPRESS_NATIVE=1
CORE RAW55_CALLBACK_SUPPRESSION_PROBE Actor=BlackTroll Family=NORMAL Action=1 Motion=Troll_Stand_Fist_Fist_P0_Attack_Hit_N_Fwd_00_%_00_P0_100.xmot C1=32 Right=TrollFist RightUseType=55 RightGroup=5 Left=TrollFist LeftUseType=55 LeftGroup=5 SUPPRESS_NATIVE=1
CORE RAW55_CALLBACK_SUPPRESSION_PROBE Actor=BlackTroll Family=NORMAL Action=1 Motion=Troll_Stand_Fist_Fist_P0_Attack_Hit_N_Fwd_00_%_00_P0_100.xmot C1=32 Right=TrollFist RightUseType=55 RightGroup=5 Left=TrollFist LeftUseType=55 LeftGroup=5 SUPPRESS_NATIVE=1
CORE RAW55_CALLBACK_SUPPRESSION_PROBE Actor=BlackTroll Family=NORMAL Action=1 Motion=Troll_Stand_Fist_Fist_P0_Attack_Hit_N_Fwd_00_%_00_P0_100.xmot C1=32 Right=TrollFist RightUseType=55 RightGroup=5 Left=TrollFist LeftUseType=55 LeftGroup=5 SUPPRESS_NATIVE=1
CORE RAW55_CALLBACK_SUPPRESSION_PROBE Actor=BlackTroll Family=NORMAL Action=1 Motion=Troll_Stand_Fist_Fist_P0_Attack_Hit_N_Fwd_00_%_00_P0_100.xmot C1=32 Right=TrollFist RightUseType=55 RightGroup=5 Left=TrollFist LeftUseType=55 LeftGroup=5 SUPPRESS_NATIVE=1
CORE RAW55_CALLBACK_SUPPRESSION_PROBE Actor=BlackTroll Family=NORMAL Action=1 Motion=Troll_Stand_Fist_Fist_P0_Attack_Hit_N_Fwd_00_%_00_P0_100.xmot C1=32 Right=TrollFist RightUseType=55 RightGroup=5 Left=TrollFist LeftUseType=55 LeftGroup=5 SUPPRESS_NATIVE=1
CORE RAW55_CALLBACK_SUPPRESSION_PROBE Actor=BlackTroll Family=NORMAL Action=1 Motion=Troll_Stand_Fist_Fist_P0_Attack_Hit_N_Fwd_00_%_00_P0_100.xmot C1=32 Right=TrollFist RightUseType=55 RightGroup=5 Left=TrollFist LeftUseType=55 LeftGroup=5 SUPPRESS_NATIVE=1
CORE C1_FINAL ElapsedMs=60968.655 Actor=BlackTroll Generation=32 Status=PERSISTED SourceCount=2 PhysicalChanged=0 Source[0]=TrollFist Side=RIGHT Outstanding=0 Cleanup=0 Outcome=NO_OP_NO_OUTSTANDING Source[1]=TrollFist Side=LEFT Outstanding=0 Cleanup=0 Outcome=NO_OP_NO_OUTSTANDING
CORE C1_START ElapsedMs=62141.289 Actor=BlackTroll Generation=33 Status=CANDIDATE Outstanding=0 TrackedSources=2 ReplacedGeneration=0 ReplacedOutstanding=0 Source[0]=TrollFist Side=RIGHT Group=5 Source[1]=TrollFist Side=LEFT Group=5
CORE C1_BIND ElapsedMs=62141.301 Event=COMBAT_MOVE_CANDIDATE_BOUND Actor=BlackTroll Generation=33 Status=CANDIDATE Outstanding=0 Source=<null> Script=_AI_QuickAttack
CORE C1_STATUS ElapsedMs=62141.365 Event=PERSISTED Actor=BlackTroll Generation=33 Status=PERSISTED Outstanding=0
CORE ATTACK_OWNERSHIP ElapsedMs=62141.380 Actor=BlackTroll Family=QUICK Action=5 Phase=1 Motion=Troll_Stand_Fist_Fist_P0_QuickAttackL_Hit_N_Fwd_00_%_00_P0_100.xmot MarkerPresent=1 RequiredMask=0 FistMarkers=1 Raw8Fist=<none> Raw8UseType=-1 SuppressNative=0 Classification=CONTRADICTION
===== CORE ATTACK OWNERSHIP ANOMALY =====
MatchingMotionFound: 1
MarkerScanValid: 1
RequiredSourcesAvailable: 1
RightSourceSlot: RIGHT
RightSourceName: TrollFist
RightSourceUseType: 55
RightSourceCollisionGroup: 5
LeftSourceSlot: LEFT
LeftSourceName: TrollFist
LeftSourceUseType: 55
LeftSourceCollisionGroup: 5
Raw8FistSourceName: <none>
Raw8FistSourceUseType: -1
Raw8FistSourceCollisionGroup: -1
=========================================

CORE RAW55_QUICK_CALLBACK_BOUNDARY Actor=BlackTroll C1=33 SameC1=1 Action=5->5 Phase=1->1 StateTime=0.000000->0.000000 StatePosition=0->0 MotionBefore=Troll_Stand_Fist_Fist_P0_QuickAttackL_Hit_N_Fwd_00_%_00_P0_100.xmot MotionAfter=Troll_Stand_Fist_Fist_P0_QuickAttackL_Hit_N_Fwd_00_%_00_P0_100.xmot Right=TrollFist RightUseType=55 RightGroup=5->5 NativeResult=1 OBSERVE_NATIVE=1
CORE RAW55_QUICK_CALLBACK_BOUNDARY Actor=BlackTroll C1=33 SameC1=1 Action=5->5 Phase=1->1 StateTime=0.008971->0.008971 StatePosition=0->0 MotionBefore=Troll_Stand_Fist_Fist_P0_QuickAttackL_Hit_N_Fwd_00_%_00_P0_100.xmot MotionAfter=Troll_Stand_Fist_Fist_P0_QuickAttackL_Hit_N_Fwd_00_%_00_P0_100.xmot Right=TrollFist RightUseType=55 RightGroup=5->5 NativeResult=1 OBSERVE_NATIVE=1
CORE RAW55_QUICK_CALLBACK_BOUNDARY Actor=BlackTroll C1=33 SameC1=1 Action=5->5 Phase=1->1 StateTime=0.017304->0.017304 StatePosition=0->0 MotionBefore=Troll_Stand_Fist_Fist_P0_QuickAttackL_Hit_N_Fwd_00_%_00_P0_100.xmot MotionAfter=Troll_Stand_Fist_Fist_P0_QuickAttackL_Hit_N_Fwd_00_%_00_P0_100.xmot Right=TrollFist RightUseType=55 RightGroup=5->5 NativeResult=1 OBSERVE_NATIVE=1
CORE RAW55_QUICK_CALLBACK_BOUNDARY Actor=BlackTroll C1=33 SameC1=1 Action=5->5 Phase=1->1 StateTime=0.026275->0.026275 StatePosition=0->0 MotionBefore=Troll_Stand_Fist_Fist_P0_QuickAttackL_Hit_N_Fwd_00_%_00_P0_100.xmot MotionAfter=Troll_Stand_Fist_Fist_P0_QuickAttackL_Hit_N_Fwd_00_%_00_P0_100.xmot Right=TrollFist RightUseType=55 RightGroup=5->5 NativeResult=1 OBSERVE_NATIVE=1
CORE RAW55_QUICK_CALLBACK_BOUNDARY Actor=BlackTroll C1=33 SameC1=1 Action=5->5 Phase=1->1 StateTime=0.034608->0.034608 StatePosition=0->0 MotionBefore=Troll_Stand_Fist_Fist_P0_QuickAttackL_Hit_N_Fwd_00_%_00_P0_100.xmot MotionAfter=Troll_Stand_Fist_Fist_P0_QuickAttackL_Hit_N_Fwd_00_%_00_P0_100.xmot Right=TrollFist RightUseType=55 RightGroup=5->5 NativeResult=1 OBSERVE_NATIVE=1
CORE RAW55_QUICK_CALLBACK_BOUNDARY Actor=BlackTroll C1=33 SameC1=1 Action=5->5 Phase=1->1 StateTime=0.043579->0.043579 StatePosition=0->0 MotionBefore=Troll_Stand_Fist_Fist_P0_QuickAttackL_Hit_N_Fwd_00_%_00_P0_100.xmot MotionAfter=Troll_Stand_Fist_Fist_P0_QuickAttackL_Hit_N_Fwd_00_%_00_P0_100.xmot Right=TrollFist RightUseType=55 RightGroup=5->5 NativeResult=1 OBSERVE_NATIVE=1
CORE RAW55_QUICK_CALLBACK_BOUNDARY Actor=BlackTroll C1=33 SameC1=1 Action=5->5 Phase=1->1 StateTime=0.051913->0.051913 StatePosition=0->0 MotionBefore=Troll_Stand_Fist_Fist_P0_QuickAttackL_Hit_N_Fwd_00_%_00_P0_100.xmot MotionAfter=Troll_Stand_Fist_Fist_P0_QuickAttackL_Hit_N_Fwd_00_%_00_P0_100.xmot Right=TrollFist RightUseType=55 RightGroup=5->5 NativeResult=1 OBSERVE_NATIVE=1
CORE RAW55_QUICK_CALLBACK_BOUNDARY Actor=BlackTroll C1=33 SameC1=1 Action=5->5 Phase=1->1 StateTime=0.060883->0.060883 StatePosition=0->0 MotionBefore=Troll_Stand_Fist_Fist_P0_QuickAttackL_Hit_N_Fwd_00_%_00_P0_100.xmot MotionAfter=Troll_Stand_Fist_Fist_P0_QuickAttackL_Hit_N_Fwd_00_%_00_P0_100.xmot Right=TrollFist RightUseType=55 RightGroup=5->5 NativeResult=1 OBSERVE_NATIVE=1
CORE RAW55_QUICK_CALLBACK_BOUNDARY Actor=BlackTroll C1=33 SameC1=1 Action=5->5 Phase=1->1 StateTime=0.069217->0.069217 StatePosition=0->0 MotionBefore=Troll_Stand_Fist_Fist_P0_QuickAttackL_Hit_N_Fwd_00_%_00_P0_100.xmot MotionAfter=Troll_Stand_Fist_Fist_P0_QuickAttackL_Hit_N_Fwd_00_%_00_P0_100.xmot Right=TrollFist RightUseType=55 RightGroup=5->5 NativeResult=1 OBSERVE_NATIVE=1
CORE RAW55_QUICK_CALLBACK_BOUNDARY Actor=BlackTroll C1=33 SameC1=1 Action=5->5 Phase=1->1 StateTime=0.078188->0.078188 StatePosition=0->0 MotionBefore=Troll_Stand_Fist_Fist_P0_QuickAttackL_Hit_N_Fwd_00_%_00_P0_100.xmot MotionAfter=Troll_Stand_Fist_Fist_P0_QuickAttackL_Hit_N_Fwd_00_%_00_P0_100.xmot Right=TrollFist RightUseType=55 RightGroup=5->5 NativeResult=1 OBSERVE_NATIVE=1
CORE RAW55_QUICK_CALLBACK_BOUNDARY Actor=BlackTroll C1=33 SameC1=1 Action=5->5 Phase=1->1 StateTime=0.086521->0.086521 StatePosition=0->0 MotionBefore=Troll_Stand_Fist_Fist_P0_QuickAttackL_Hit_N_Fwd_00_%_00_P0_100.xmot MotionAfter=Troll_Stand_Fist_Fist_P0_QuickAttackL_Hit_N_Fwd_00_%_00_P0_100.xmot Right=TrollFist RightUseType=55 RightGroup=5->5 NativeResult=1 OBSERVE_NATIVE=1
CORE RAW55_QUICK_CALLBACK_BOUNDARY Actor=BlackTroll C1=33 SameC1=1 Action=5->5 Phase=1->1 StateTime=0.094854->0.094854 StatePosition=0->0 MotionBefore=Troll_Stand_Fist_Fist_P0_QuickAttackL_Hit_N_Fwd_00_%_00_P0_100.xmot MotionAfter=Troll_Stand_Fist_Fist_P0_QuickAttackL_Hit_N_Fwd_00_%_00_P0_100.xmot Right=TrollFist RightUseType=55 RightGroup=5->5 NativeResult=1 OBSERVE_NATIVE=1
CORE RAW55_QUICK_GROUP_SUPPRESSION Actor=BlackTroll C1=33 Right=TrollFist RightUseType=55 RequestedGroup=7 BeforeGroup=5 StatePosition=0 StateTime=0.103188 SUPPRESS_GROUP=1
CORE RAW55_QUICK_CALLBACK_BOUNDARY Actor=BlackTroll C1=33 SameC1=1 Action=5->5 Phase=1->1 StateTime=0.103188->0.103188 StatePosition=0->1 MotionBefore=Troll_Stand_Fist_Fist_P0_QuickAttackL_Hit_N_Fwd_00_%_00_P0_100.xmot MotionAfter=Troll_Stand_Fist_Fist_P0_QuickAttackL_Hit_N_Fwd_00_%_00_P0_100.xmot Right=TrollFist RightUseType=55 RightGroup=5->5 NativeResult=1 OBSERVE_NATIVE=1
CORE RAW55_QUICK_CALLBACK_BOUNDARY Actor=BlackTroll C1=33 SameC1=1 Action=5->5 Phase=1->1 StateTime=0.111521->0.111521 StatePosition=1->1 MotionBefore=Troll_Stand_Fist_Fist_P0_QuickAttackL_Hit_N_Fwd_00_%_00_P0_100.xmot MotionAfter=Troll_Stand_Fist_Fist_P0_QuickAttackL_Hit_N_Fwd_00_%_00_P0_100.xmot Right=TrollFist RightUseType=55 RightGroup=5->5 NativeResult=1 OBSERVE_NATIVE=1
CORE RAW55_QUICK_CALLBACK_BOUNDARY Actor=BlackTroll C1=33 SameC1=1 Action=5->5 Phase=1->1 StateTime=0.119854->0.119854 StatePosition=1->1 MotionBefore=Troll_Stand_Fist_Fist_P0_QuickAttackL_Hit_N_Fwd_00_%_00_P0_100.xmot MotionAfter=Troll_Stand_Fist_Fist_P0_QuickAttackL_Hit_N_Fwd_00_%_00_P0_100.xmot Right=TrollFist RightUseType=55 RightGroup=5->5 NativeResult=1 OBSERVE_NATIVE=1
CORE RAW55_QUICK_CALLBACK_BOUNDARY Actor=BlackTroll C1=33 SameC1=1 Action=5->5 Phase=1->1 StateTime=0.128188->0.128188 StatePosition=1->1 MotionBefore=Troll_Stand_Fist_Fist_P0_QuickAttackL_Hit_N_Fwd_00_%_00_P0_100.xmot MotionAfter=Troll_Stand_Fist_Fist_P0_QuickAttackL_Hit_N_Fwd_00_%_00_P0_100.xmot Right=TrollFist RightUseType=55 RightGroup=5->5 NativeResult=1 OBSERVE_NATIVE=1
CORE RAW55_QUICK_CALLBACK_BOUNDARY Actor=BlackTroll C1=33 SameC1=1 Action=5->5 Phase=1->1 StateTime=0.136521->0.136521 StatePosition=1->1 MotionBefore=Troll_Stand_Fist_Fist_P0_QuickAttackL_Hit_N_Fwd_00_%_00_P0_100.xmot MotionAfter=Troll_Stand_Fist_Fist_P0_QuickAttackL_Hit_N_Fwd_00_%_00_P0_100.xmot Right=TrollFist RightUseType=55 RightGroup=5->5 NativeResult=1 OBSERVE_NATIVE=1
CORE RAW55_QUICK_CALLBACK_BOUNDARY Actor=BlackTroll C1=33 SameC1=1 Action=5->5 Phase=1->1 StateTime=0.144854->0.144854 StatePosition=1->1 MotionBefore=Troll_Stand_Fist_Fist_P0_QuickAttackL_Hit_N_Fwd_00_%_00_P0_100.xmot MotionAfter=Troll_Stand_Fist_Fist_P0_QuickAttackL_Hit_N_Fwd_00_%_00_P0_100.xmot Right=TrollFist RightUseType=55 RightGroup=5->5 NativeResult=1 OBSERVE_NATIVE=1
CORE RAW55_QUICK_CALLBACK_BOUNDARY Actor=BlackTroll C1=33 SameC1=1 Action=5->5 Phase=1->1 StateTime=0.153188->0.153188 StatePosition=1->1 MotionBefore=Troll_Stand_Fist_Fist_P0_QuickAttackL_Hit_N_Fwd_00_%_00_P0_100.xmot MotionAfter=Troll_Stand_Fist_Fist_P0_QuickAttackL_Hit_N_Fwd_00_%_00_P0_100.xmot Right=TrollFist RightUseType=55 RightGroup=5->5 NativeResult=1 OBSERVE_NATIVE=1
CORE RAW55_QUICK_CALLBACK_BOUNDARY Actor=BlackTroll C1=33 SameC1=1 Action=5->5 Phase=1->1 StateTime=0.161521->0.161521 StatePosition=1->1 MotionBefore=Troll_Stand_Fist_Fist_P0_QuickAttackL_Hit_N_Fwd_00_%_00_P0_100.xmot MotionAfter=Troll_Stand_Fist_Fist_P0_QuickAttackL_Hit_N_Fwd_00_%_00_P0_100.xmot Right=TrollFist RightUseType=55 RightGroup=5->5 NativeResult=1 OBSERVE_NATIVE=1
CORE RAW55_QUICK_CALLBACK_BOUNDARY Actor=BlackTroll C1=33 SameC1=1 Action=5->5 Phase=1->1 StateTime=0.169854->0.169854 StatePosition=1->1 MotionBefore=Troll_Stand_Fist_Fist_P0_QuickAttackL_Hit_N_Fwd_00_%_00_P0_100.xmot MotionAfter=Troll_Stand_Fist_Fist_P0_QuickAttackL_Hit_N_Fwd_00_%_00_P0_100.xmot Right=TrollFist RightUseType=55 RightGroup=5->5 NativeResult=1 OBSERVE_NATIVE=1
CORE RAW55_QUICK_CALLBACK_BOUNDARY Actor=BlackTroll C1=33 SameC1=1 Action=5->5 Phase=1->1 StateTime=0.178188->0.178188 StatePosition=1->1 MotionBefore=Troll_Stand_Fist_Fist_P0_QuickAttackL_Hit_N_Fwd_00_%_00_P0_100.xmot MotionAfter=Troll_Stand_Fist_Fist_P0_QuickAttackL_Hit_N_Fwd_00_%_00_P0_100.xmot Right=TrollFist RightUseType=55 RightGroup=5->5 NativeResult=1 OBSERVE_NATIVE=1
CORE RAW55_QUICK_CALLBACK_BOUNDARY Actor=BlackTroll C1=33 SameC1=1 Action=5->5 Phase=1->1 StateTime=0.186521->0.186521 StatePosition=1->1 MotionBefore=Troll_Stand_Fist_Fist_P0_QuickAttackL_Hit_N_Fwd_00_%_00_P0_100.xmot MotionAfter=Troll_Stand_Fist_Fist_P0_QuickAttackL_Hit_N_Fwd_00_%_00_P0_100.xmot Right=TrollFist RightUseType=55 RightGroup=5->5 NativeResult=1 OBSERVE_NATIVE=1
CORE RAW55_QUICK_CALLBACK_BOUNDARY Actor=BlackTroll C1=33 SameC1=1 Action=5->5 Phase=1->1 StateTime=0.194854->0.194854 StatePosition=1->1 MotionBefore=Troll_Stand_Fist_Fist_P0_QuickAttackL_Hit_N_Fwd_00_%_00_P0_100.xmot MotionAfter=Troll_Stand_Fist_Fist_P0_QuickAttackL_Hit_N_Fwd_00_%_00_P0_100.xmot Right=TrollFist RightUseType=55 RightGroup=5->5 NativeResult=1 OBSERVE_NATIVE=1
CORE RAW55_QUICK_CALLBACK_BOUNDARY Actor=BlackTroll C1=33 SameC1=1 Action=5->5 Phase=1->1 StateTime=0.203825->0.203825 StatePosition=1->1 MotionBefore=Troll_Stand_Fist_Fist_P0_QuickAttackL_Hit_N_Fwd_00_%_00_P0_100.xmot MotionAfter=Troll_Stand_Fist_Fist_P0_QuickAttackL_Hit_N_Fwd_00_%_00_P0_100.xmot Right=TrollFist RightUseType=55 RightGroup=5->5 NativeResult=1 OBSERVE_NATIVE=1
CORE RAW55_QUICK_CALLBACK_BOUNDARY Actor=BlackTroll C1=33 SameC1=1 Action=5->5 Phase=1->1 StateTime=0.212158->0.212158 StatePosition=1->1 MotionBefore=Troll_Stand_Fist_Fist_P0_QuickAttackL_Hit_N_Fwd_00_%_00_P0_100.xmot MotionAfter=Troll_Stand_Fist_Fist_P0_QuickAttackL_Hit_N_Fwd_00_%_00_P0_100.xmot Right=TrollFist RightUseType=55 RightGroup=5->5 NativeResult=1 OBSERVE_NATIVE=1
CORE RAW55_QUICK_CALLBACK_BOUNDARY Actor=BlackTroll C1=33 SameC1=1 Action=5->5 Phase=1->1 StateTime=0.228026->0.228026 StatePosition=1->1 MotionBefore=Troll_Stand_Fist_Fist_P0_QuickAttackL_Hit_N_Fwd_00_%_00_P0_100.xmot MotionAfter=Troll_Stand_Fist_Fist_P0_QuickAttackL_Hit_N_Fwd_00_%_00_P0_100.xmot Right=TrollFist RightUseType=55 RightGroup=5->5 NativeResult=1 OBSERVE_NATIVE=1
CORE RAW55_QUICK_CALLBACK_BOUNDARY Actor=BlackTroll C1=33 SameC1=1 Action=5->5 Phase=1->1 StateTime=0.238071->0.238071 StatePosition=1->1 MotionBefore=Troll_Stand_Fist_Fist_P0_QuickAttackL_Hit_N_Fwd_00_%_00_P0_100.xmot MotionAfter=Troll_Stand_Fist_Fist_P0_QuickAttackL_Hit_N_Fwd_00_%_00_P0_100.xmot Right=TrollFist RightUseType=55 RightGroup=5->5 NativeResult=1 OBSERVE_NATIVE=1
CORE RAW55_QUICK_CALLBACK_BOUNDARY Actor=BlackTroll C1=33 SameC1=1 Action=5->5 Phase=1->1 StateTime=0.246405->0.246405 StatePosition=1->1 MotionBefore=Troll_Stand_Fist_Fist_P0_QuickAttackL_Hit_N_Fwd_00_%_00_P0_100.xmot MotionAfter=Troll_Stand_Fist_Fist_P0_QuickAttackL_Hit_N_Fwd_00_%_00_P0_100.xmot Right=TrollFist RightUseType=55 RightGroup=5->5 NativeResult=1 OBSERVE_NATIVE=1
CORE RAW55_QUICK_CALLBACK_BOUNDARY Actor=BlackTroll C1=33 SameC1=1 Action=5->5 Phase=1->1 StateTime=0.254738->0.254738 StatePosition=1->1 MotionBefore=Troll_Stand_Fist_Fist_P0_QuickAttackL_Hit_N_Fwd_00_%_00_P0_100.xmot MotionAfter=Troll_Stand_Fist_Fist_P0_QuickAttackL_Hit_N_Fwd_00_%_00_P0_100.xmot Right=TrollFist RightUseType=55 RightGroup=5->5 NativeResult=1 OBSERVE_NATIVE=1
CORE RAW55_QUICK_CALLBACK_BOUNDARY Actor=BlackTroll C1=33 SameC1=1 Action=5->5 Phase=1->1 StateTime=0.263071->0.263071 StatePosition=1->1 MotionBefore=Troll_Stand_Fist_Fist_P0_QuickAttackL_Hit_N_Fwd_00_%_00_P0_100.xmot MotionAfter=Troll_Stand_Fist_Fist_P0_QuickAttackL_Hit_N_Fwd_00_%_00_P0_100.xmot Right=TrollFist RightUseType=55 RightGroup=5->5 NativeResult=1 OBSERVE_NATIVE=1
CORE RAW55_QUICK_CALLBACK_BOUNDARY Actor=BlackTroll C1=33 SameC1=1 Action=5->5 Phase=1->1 StateTime=0.273013->0.273013 StatePosition=1->1 MotionBefore=Troll_Stand_Fist_Fist_P0_QuickAttackL_Hit_N_Fwd_00_%_00_P0_100.xmot MotionAfter=Troll_Stand_Fist_Fist_P0_QuickAttackL_Hit_N_Fwd_00_%_00_P0_100.xmot Right=TrollFist RightUseType=55 RightGroup=5->5 NativeResult=1 OBSERVE_NATIVE=1
CORE RAW55_QUICK_CALLBACK_BOUNDARY Actor=BlackTroll C1=33 SameC1=1 Action=5->5 Phase=1->1 StateTime=0.281346->0.281346 StatePosition=1->1 MotionBefore=Troll_Stand_Fist_Fist_P0_QuickAttackL_Hit_N_Fwd_00_%_00_P0_100.xmot MotionAfter=Troll_Stand_Fist_Fist_P0_QuickAttackL_Hit_N_Fwd_00_%_00_P0_100.xmot Right=TrollFist RightUseType=55 RightGroup=5->5 NativeResult=1 OBSERVE_NATIVE=1
CORE RAW55_QUICK_CALLBACK_BOUNDARY Actor=BlackTroll C1=33 SameC1=1 Action=5->5 Phase=1->1 StateTime=0.289679->0.289679 StatePosition=1->1 MotionBefore=Troll_Stand_Fist_Fist_P0_QuickAttackL_Hit_N_Fwd_00_%_00_P0_100.xmot MotionAfter=Troll_Stand_Fist_Fist_P0_QuickAttackL_Hit_N_Fwd_00_%_00_P0_100.xmot Right=TrollFist RightUseType=55 RightGroup=5->5 NativeResult=1 OBSERVE_NATIVE=1
CORE RAW55_QUICK_CALLBACK_BOUNDARY Actor=BlackTroll C1=33 SameC1=1 Action=5->5 Phase=1->1 StateTime=0.298013->0.298013 StatePosition=1->1 MotionBefore=Troll_Stand_Fist_Fist_P0_QuickAttackL_Hit_N_Fwd_00_%_00_P0_100.xmot MotionAfter=Troll_Stand_Fist_Fist_P0_QuickAttackL_Hit_N_Fwd_00_%_00_P0_100.xmot Right=TrollFist RightUseType=55 RightGroup=5->5 NativeResult=1 OBSERVE_NATIVE=1
CORE RAW55_QUICK_CALLBACK_BOUNDARY Actor=BlackTroll C1=33 SameC1=1 Action=5->5 Phase=1->1 StateTime=0.307969->0.307969 StatePosition=1->1 MotionBefore=Troll_Stand_Fist_Fist_P0_QuickAttackL_Hit_N_Fwd_00_%_00_P0_100.xmot MotionAfter=Troll_Stand_Fist_Fist_P0_QuickAttackL_Hit_N_Fwd_00_%_00_P0_100.xmot Right=TrollFist RightUseType=55 RightGroup=5->5 NativeResult=1 OBSERVE_NATIVE=1
CORE RAW55_QUICK_CALLBACK_BOUNDARY Actor=BlackTroll C1=33 SameC1=1 Action=5->5 Phase=1->1 StateTime=0.316302->0.316302 StatePosition=1->1 MotionBefore=Troll_Stand_Fist_Fist_P0_QuickAttackL_Hit_N_Fwd_00_%_00_P0_100.xmot MotionAfter=Troll_Stand_Fist_Fist_P0_QuickAttackL_Hit_N_Fwd_00_%_00_P0_100.xmot Right=TrollFist RightUseType=55 RightGroup=5->5 NativeResult=1 OBSERVE_NATIVE=1
CORE RAW55_QUICK_CALLBACK_BOUNDARY Actor=BlackTroll C1=33 SameC1=1 Action=5->5 Phase=1->1 StateTime=0.324635->0.324635 StatePosition=1->1 MotionBefore=Troll_Stand_Fist_Fist_P0_QuickAttackL_Hit_N_Fwd_00_%_00_P0_100.xmot MotionAfter=Troll_Stand_Fist_Fist_P0_QuickAttackL_Hit_N_Fwd_00_%_00_P0_100.xmot Right=TrollFist RightUseType=55 RightGroup=5->5 NativeResult=1 OBSERVE_NATIVE=1
CORE RAW55_QUICK_CALLBACK_BOUNDARY Actor=BlackTroll C1=33 SameC1=1 Action=5->5 Phase=1->1 StateTime=0.332969->0.332969 StatePosition=1->1 MotionBefore=Troll_Stand_Fist_Fist_P0_QuickAttackL_Hit_N_Fwd_00_%_00_P0_100.xmot MotionAfter=Troll_Stand_Fist_Fist_P0_QuickAttackL_Hit_N_Fwd_00_%_00_P0_100.xmot Right=TrollFist RightUseType=55 RightGroup=5->5 NativeResult=1 OBSERVE_NATIVE=1
CORE RAW55_QUICK_CALLBACK_BOUNDARY Actor=BlackTroll C1=33 SameC1=1 Action=5->5 Phase=1->1 StateTime=0.341302->0.341302 StatePosition=1->1 MotionBefore=Troll_Stand_Fist_Fist_P0_QuickAttackL_Hit_N_Fwd_00_%_00_P0_100.xmot MotionAfter=Troll_Stand_Fist_Fist_P0_QuickAttackL_Hit_N_Fwd_00_%_00_P0_100.xmot Right=TrollFist RightUseType=55 RightGroup=5->5 NativeResult=1 OBSERVE_NATIVE=1
CORE RAW55_QUICK_CALLBACK_BOUNDARY Actor=BlackTroll C1=33 SameC1=1 Action=5->5 Phase=1->1 StateTime=0.350273->0.350273 StatePosition=1->1 MotionBefore=Troll_Stand_Fist_Fist_P0_QuickAttackL_Hit_N_Fwd_00_%_00_P0_100.xmot MotionAfter=Troll_Stand_Fist_Fist_P0_QuickAttackL_Hit_N_Fwd_00_%_00_P0_100.xmot Right=TrollFist RightUseType=55 RightGroup=5->5 NativeResult=1 OBSERVE_NATIVE=1
CORE RAW55_QUICK_CALLBACK_BOUNDARY Actor=BlackTroll C1=33 SameC1=1 Action=5->5 Phase=1->1 StateTime=0.358606->0.358606 StatePosition=1->1 MotionBefore=Troll_Stand_Fist_Fist_P0_QuickAttackL_Hit_N_Fwd_00_%_00_P0_100.xmot MotionAfter=Troll_Stand_Fist_Fist_P0_QuickAttackL_Hit_N_Fwd_00_%_00_P0_100.xmot Right=TrollFist RightUseType=55 RightGroup=5->5 NativeResult=1 OBSERVE_NATIVE=1
CORE RAW55_QUICK_CALLBACK_BOUNDARY Actor=BlackTroll C1=33 SameC1=1 Action=5->5 Phase=1->1 StateTime=0.367577->0.367577 StatePosition=1->1 MotionBefore=Troll_Stand_Fist_Fist_P0_QuickAttackL_Hit_N_Fwd_00_%_00_P0_100.xmot MotionAfter=Troll_Stand_Fist_Fist_P0_QuickAttackL_Hit_N_Fwd_00_%_00_P0_100.xmot Right=TrollFist RightUseType=55 RightGroup=5->5 NativeResult=1 OBSERVE_NATIVE=1
CORE RAW55_QUICK_CALLBACK_BOUNDARY Actor=BlackTroll C1=33 SameC1=1 Action=5->5 Phase=1->1 StateTime=0.375910->0.375910 StatePosition=1->1 MotionBefore=Troll_Stand_Fist_Fist_P0_QuickAttackL_Hit_N_Fwd_00_%_00_P0_100.xmot MotionAfter=Troll_Stand_Fist_Fist_P0_QuickAttackL_Hit_N_Fwd_00_%_00_P0_100.xmot Right=TrollFist RightUseType=55 RightGroup=5->5 NativeResult=1 OBSERVE_NATIVE=1
CORE RAW55_QUICK_CALLBACK_BOUNDARY Actor=BlackTroll C1=33 SameC1=1 Action=5->5 Phase=1->1 StateTime=0.384881->0.384881 StatePosition=1->1 MotionBefore=Troll_Stand_Fist_Fist_P0_QuickAttackL_Hit_N_Fwd_00_%_00_P0_100.xmot MotionAfter=Troll_Stand_Fist_Fist_P0_QuickAttackL_Hit_N_Fwd_00_%_00_P0_100.xmot Right=TrollFist RightUseType=55 RightGroup=5->5 NativeResult=1 OBSERVE_NATIVE=1
CORE RAW55_QUICK_CALLBACK_BOUNDARY Actor=BlackTroll C1=33 SameC1=1 Action=5->5 Phase=1->1 StateTime=0.393214->0.393214 StatePosition=1->1 MotionBefore=Troll_Stand_Fist_Fist_P0_QuickAttackL_Hit_N_Fwd_00_%_00_P0_100.xmot MotionAfter=Troll_Stand_Fist_Fist_P0_QuickAttackL_Hit_N_Fwd_00_%_00_P0_100.xmot Right=TrollFist RightUseType=55 RightGroup=5->5 NativeResult=1 OBSERVE_NATIVE=1
CORE RAW55_QUICK_CALLBACK_BOUNDARY Actor=BlackTroll C1=33 SameC1=1 Action=5->5 Phase=1->1 StateTime=0.401548->0.401548 StatePosition=1->1 MotionBefore=Troll_Stand_Fist_Fist_P0_QuickAttackL_Hit_N_Fwd_00_%_00_P0_100.xmot MotionAfter=Troll_Stand_Fist_Fist_P0_QuickAttackL_Hit_N_Fwd_00_%_00_P0_100.xmot Right=TrollFist RightUseType=55 RightGroup=5->5 NativeResult=1 OBSERVE_NATIVE=1
CORE RAW55_QUICK_CALLBACK_BOUNDARY Actor=BlackTroll C1=33 SameC1=1 Action=5->5 Phase=1->1 StateTime=0.409881->0.409881 StatePosition=1->1 MotionBefore=Troll_Stand_Fist_Fist_P0_QuickAttackL_Hit_N_Fwd_00_%_00_P0_100.xmot MotionAfter=Troll_Stand_Fist_Fist_P0_QuickAttackL_Hit_N_Fwd_00_%_00_P0_100.xmot Right=TrollFist RightUseType=55 RightGroup=5->5 NativeResult=1 OBSERVE_NATIVE=1
CORE RAW55_QUICK_CALLBACK_BOUNDARY Actor=BlackTroll C1=33 SameC1=1 Action=5->5 Phase=1->1 StateTime=0.418214->0.418214 StatePosition=1->1 MotionBefore=Troll_Stand_Fist_Fist_P0_QuickAttackL_Hit_N_Fwd_00_%_00_P0_100.xmot MotionAfter=Troll_Stand_Fist_Fist_P0_QuickAttackL_Hit_N_Fwd_00_%_00_P0_100.xmot Right=TrollFist RightUseType=55 RightGroup=5->5 NativeResult=1 OBSERVE_NATIVE=1
CORE RAW55_QUICK_CALLBACK_BOUNDARY Actor=BlackTroll C1=33 SameC1=1 Action=5->5 Phase=1->1 StateTime=0.428170->0.428170 StatePosition=1->1 MotionBefore=Troll_Stand_Fist_Fist_P0_QuickAttackL_Hit_N_Fwd_00_%_00_P0_100.xmot MotionAfter=Troll_Stand_Fist_Fist_P0_QuickAttackL_Hit_N_Fwd_00_%_00_P0_100.xmot Right=TrollFist RightUseType=55 RightGroup=5->5 NativeResult=1 OBSERVE_NATIVE=1
CORE RAW55_QUICK_CALLBACK_BOUNDARY Actor=BlackTroll C1=33 SameC1=1 Action=5->5 Phase=1->1 StateTime=0.436504->0.436504 StatePosition=1->1 MotionBefore=Troll_Stand_Fist_Fist_P0_QuickAttackL_Hit_N_Fwd_00_%_00_P0_100.xmot MotionAfter=Troll_Stand_Fist_Fist_P0_QuickAttackL_Hit_N_Fwd_00_%_00_P0_100.xmot Right=TrollFist RightUseType=55 RightGroup=5->5 NativeResult=1 OBSERVE_NATIVE=1
CORE RAW55_QUICK_CALLBACK_BOUNDARY Actor=BlackTroll C1=33 SameC1=1 Action=5->5 Phase=1->1 StateTime=0.444837->0.444837 StatePosition=1->1 MotionBefore=Troll_Stand_Fist_Fist_P0_QuickAttackL_Hit_N_Fwd_00_%_00_P0_100.xmot MotionAfter=Troll_Stand_Fist_Fist_P0_QuickAttackL_Hit_N_Fwd_00_%_00_P0_100.xmot Right=TrollFist RightUseType=55 RightGroup=5->5 NativeResult=1 OBSERVE_NATIVE=1
CORE RAW55_QUICK_CALLBACK_BOUNDARY Actor=BlackTroll C1=33 SameC1=1 Action=5->5 Phase=1->1 StateTime=0.453808->0.453808 StatePosition=1->1 MotionBefore=Troll_Stand_Fist_Fist_P0_QuickAttackL_Hit_N_Fwd_00_%_00_P0_100.xmot MotionAfter=Troll_Stand_Fist_Fist_P0_QuickAttackL_Hit_N_Fwd_00_%_00_P0_100.xmot Right=TrollFist RightUseType=55 RightGroup=5->5 NativeResult=1 OBSERVE_NATIVE=1
CORE RAW55_QUICK_CALLBACK_BOUNDARY Actor=BlackTroll C1=33 SameC1=1 Action=5->5 Phase=1->1 StateTime=0.462141->0.462141 StatePosition=1->1 MotionBefore=Troll_Stand_Fist_Fist_P0_QuickAttackL_Hit_N_Fwd_00_%_00_P0_100.xmot MotionAfter=Troll_Stand_Fist_Fist_P0_QuickAttackL_Hit_N_Fwd_00_%_00_P0_100.xmot Right=TrollFist RightUseType=55 RightGroup=5->5 NativeResult=1 OBSERVE_NATIVE=1
CORE RAW55_QUICK_CALLBACK_BOUNDARY Actor=BlackTroll C1=33 SameC1=1 Action=5->5 Phase=1->1 StateTime=0.471112->0.471112 StatePosition=1->1 MotionBefore=Troll_Stand_Fist_Fist_P0_QuickAttackL_Hit_N_Fwd_00_%_00_P0_100.xmot MotionAfter=Troll_Stand_Fist_Fist_P0_QuickAttackL_Hit_N_Fwd_00_%_00_P0_100.xmot Right=TrollFist RightUseType=55 RightGroup=5->5 NativeResult=1 OBSERVE_NATIVE=1
===== CORE MARKER ANOMALY / DISCOVERY =====
ElapsedMs: 62581.479
Actor: BlackTroll
Action: 5
Family: QUICK
AniPhase: 1
StatePosition: 1
CurrentMovementAni: Troll_Stand_Fist_Fist_P0_QuickAttackL_Hit_N_Fwd_00_%_00_P0_100.xmot
MarkerName: G3AB_COL_FIST
MarkerOpcode: FIST
Result: UNSUPPORTED_MISSING_SOURCE
C1GenerationValid: 1
C1Generation: 33
RequiredSourceMask: 0
MissingSourceMask: 0
RightSourceSlot: RIGHT
RightSourceName: TrollFist
RightSourceUseType: 55
RightSourceCollisionGroup: 5
LeftSourceSlot: LEFT
LeftSourceName: TrollFist
LeftSourceUseType: 55
LeftSourceCollisionGroup: 5
Raw8FistSourceName: <none>
Raw8FistSourceUseType: -1
Raw8FistSourceCollisionGroup: -1
===========================================

CORE COLLISION_GROUP ElapsedMs=62581.515 Source=TrollFist UseType=55 Owner=BlackTroll Slot=RIGHT Requested=7 Before=5 After=7 MarkerBitsRetired=0
CORE C1 OFFENSE REQUEST ElapsedMs=62581.524 Actor=BlackTroll Generation=33 Status=PERSISTED Source=TrollFist Side=RIGHT Requests=1 Outstanding=1 CleanupObserved=0 Group=7
CORE RAW55_QUICK_FIST_REARM_PROBE Actor=BlackTroll C1=33 Action=5 StatePosition=1 StateTime=0.480112 Right=TrollFist RightUseType=55 GroupBefore=5 RequestedGroup=7 GroupAfter=7 EarlySuppressionProof=1 ClearTriggeredList=1 REARM_PROBE=1
CORE RAW55_QUICK_CALLBACK_BOUNDARY Actor=BlackTroll C1=33 SameC1=1 Action=5->5 Phase=1->1 StateTime=0.480112->0.480112 StatePosition=1->1 MotionBefore=Troll_Stand_Fist_Fist_P0_QuickAttackL_Hit_N_Fwd_00_%_00_P0_100.xmot MotionAfter=Troll_Stand_Fist_Fist_P0_QuickAttackL_Hit_N_Fwd_00_%_00_P0_100.xmot Right=TrollFist RightUseType=55 RightGroup=7->7 NativeResult=1 OBSERVE_NATIVE=1
CORE RAW55_QUICK_CALLBACK_BOUNDARY Actor=BlackTroll C1=33 SameC1=1 Action=5->5 Phase=1->1 StateTime=0.490098->0.490098 StatePosition=1->1 MotionBefore=Troll_Stand_Fist_Fist_P0_QuickAttackL_Hit_N_Fwd_00_%_00_P0_100.xmot MotionAfter=Troll_Stand_Fist_Fist_P0_QuickAttackL_Hit_N_Fwd_00_%_00_P0_100.xmot Right=TrollFist RightUseType=55 RightGroup=7->7 NativeResult=1 OBSERVE_NATIVE=1
CORE RAW55_QUICK_CALLBACK_BOUNDARY Actor=BlackTroll C1=33 SameC1=1 Action=5->5 Phase=1->1 StateTime=0.498431->0.498431 StatePosition=1->1 MotionBefore=Troll_Stand_Fist_Fist_P0_QuickAttackL_Hit_N_Fwd_00_%_00_P0_100.xmot MotionAfter=Troll_Stand_Fist_Fist_P0_QuickAttackL_Hit_N_Fwd_00_%_00_P0_100.xmot Right=TrollFist RightUseType=55 RightGroup=7->7 NativeResult=1 OBSERVE_NATIVE=1
CORE RAW55_QUICK_CALLBACK_BOUNDARY Actor=BlackTroll C1=33 SameC1=1 Action=5->5 Phase=1->1 StateTime=0.507402->0.507402 StatePosition=1->1 MotionBefore=Troll_Stand_Fist_Fist_P0_QuickAttackL_Hit_N_Fwd_00_%_00_P0_100.xmot MotionAfter=Troll_Stand_Fist_Fist_P0_QuickAttackL_Hit_N_Fwd_00_%_00_P0_100.xmot Right=TrollFist RightUseType=55 RightGroup=7->7 NativeResult=1 OBSERVE_NATIVE=1
CORE RAW55_QUICK_CALLBACK_BOUNDARY Actor=BlackTroll C1=33 SameC1=1 Action=5->5 Phase=1->1 StateTime=0.515735->0.515735 StatePosition=1->1 MotionBefore=Troll_Stand_Fist_Fist_P0_QuickAttackL_Hit_N_Fwd_00_%_00_P0_100.xmot MotionAfter=Troll_Stand_Fist_Fist_P0_QuickAttackL_Hit_N_Fwd_00_%_00_P0_100.xmot Right=TrollFist RightUseType=55 RightGroup=7->7 NativeResult=1 OBSERVE_NATIVE=1
CORE RAW55_QUICK_CALLBACK_BOUNDARY Actor=BlackTroll C1=33 SameC1=1 Action=5->5 Phase=1->1 StateTime=0.524706->0.524706 StatePosition=1->1 MotionBefore=Troll_Stand_Fist_Fist_P0_QuickAttackL_Hit_N_Fwd_00_%_00_P0_100.xmot MotionAfter=Troll_Stand_Fist_Fist_P0_QuickAttackL_Hit_N_Fwd_00_%_00_P0_100.xmot Right=TrollFist RightUseType=55 RightGroup=7->7 NativeResult=1 OBSERVE_NATIVE=1
CORE RAW55_QUICK_CALLBACK_BOUNDARY Actor=BlackTroll C1=33 SameC1=1 Action=5->5 Phase=1->1 StateTime=0.533040->0.533040 StatePosition=1->1 MotionBefore=Troll_Stand_Fist_Fist_P0_QuickAttackL_Hit_N_Fwd_00_%_00_P0_100.xmot MotionAfter=Troll_Stand_Fist_Fist_P0_QuickAttackL_Hit_N_Fwd_00_%_00_P0_100.xmot Right=TrollFist RightUseType=55 RightGroup=7->7 NativeResult=1 OBSERVE_NATIVE=1
CORE RAW55_QUICK_CALLBACK_BOUNDARY Actor=BlackTroll C1=33 SameC1=1 Action=5->5 Phase=1->1 StateTime=0.541373->0.541373 StatePosition=1->1 MotionBefore=Troll_Stand_Fist_Fist_P0_QuickAttackL_Hit_N_Fwd_00_%_00_P0_100.xmot MotionAfter=Troll_Stand_Fist_Fist_P0_QuickAttackL_Hit_N_Fwd_00_%_00_P0_100.xmot Right=TrollFist RightUseType=55 RightGroup=7->7 NativeResult=1 OBSERVE_NATIVE=1
CORE RAW55_QUICK_CALLBACK_BOUNDARY Actor=BlackTroll C1=33 SameC1=1 Action=5->5 Phase=1->1 StateTime=0.550344->0.550344 StatePosition=1->1 MotionBefore=Troll_Stand_Fist_Fist_P0_QuickAttackL_Hit_N_Fwd_00_%_00_P0_100.xmot MotionAfter=Troll_Stand_Fist_Fist_P0_QuickAttackL_Hit_N_Fwd_00_%_00_P0_100.xmot Right=TrollFist RightUseType=55 RightGroup=7->7 NativeResult=1 OBSERVE_NATIVE=1
CORE RAW55_QUICK_CALLBACK_BOUNDARY Actor=BlackTroll C1=33 SameC1=1 Action=5->5 Phase=1->1 StateTime=0.558677->0.558677 StatePosition=1->1 MotionBefore=Troll_Stand_Fist_Fist_P0_QuickAttackL_Hit_N_Fwd_00_%_00_P0_100.xmot MotionAfter=Troll_Stand_Fist_Fist_P0_QuickAttackL_Hit_N_Fwd_00_%_00_P0_100.xmot Right=TrollFist RightUseType=55 RightGroup=7->7 NativeResult=1 OBSERVE_NATIVE=1
CORE RAW55_QUICK_CALLBACK_BOUNDARY Actor=BlackTroll C1=33 SameC1=1 Action=5->5 Phase=1->1 StateTime=0.567010->0.567010 StatePosition=1->1 MotionBefore=Troll_Stand_Fist_Fist_P0_QuickAttackL_Hit_N_Fwd_00_%_00_P0_100.xmot MotionAfter=Troll_Stand_Fist_Fist_P0_QuickAttackL_Hit_N_Fwd_00_%_00_P0_100.xmot Right=TrollFist RightUseType=55 RightGroup=7->7 NativeResult=1 OBSERVE_NATIVE=1
CORE RAW55_QUICK_CALLBACK_BOUNDARY Actor=BlackTroll C1=33 SameC1=1 Action=5->5 Phase=1->1 StateTime=0.575981->0.575981 StatePosition=1->1 MotionBefore=Troll_Stand_Fist_Fist_P0_QuickAttackL_Hit_N_Fwd_00_%_00_P0_100.xmot MotionAfter=Troll_Stand_Fist_Fist_P0_QuickAttackL_Hit_N_Fwd_00_%_00_P0_100.xmot Right=TrollFist RightUseType=55 RightGroup=7->7 NativeResult=1 OBSERVE_NATIVE=1
CORE RAW55_QUICK_CALLBACK_BOUNDARY Actor=BlackTroll C1=33 SameC1=1 Action=5->5 Phase=1->1 StateTime=0.584314->0.584314 StatePosition=1->1 MotionBefore=Troll_Stand_Fist_Fist_P0_QuickAttackL_Hit_N_Fwd_00_%_00_P0_100.xmot MotionAfter=Troll_Stand_Fist_Fist_P0_QuickAttackL_Hit_N_Fwd_00_%_00_P0_100.xmot Right=TrollFist RightUseType=55 RightGroup=7->7 NativeResult=1 OBSERVE_NATIVE=1
CORE RAW55_QUICK_CALLBACK_BOUNDARY Actor=BlackTroll C1=33 SameC1=1 Action=5->5 Phase=1->1 StateTime=0.593285->0.593285 StatePosition=1->1 MotionBefore=Troll_Stand_Fist_Fist_P0_QuickAttackL_Hit_N_Fwd_00_%_00_P0_100.xmot MotionAfter=Troll_Stand_Fist_Fist_P0_QuickAttackL_Hit_N_Fwd_00_%_00_P0_100.xmot Right=TrollFist RightUseType=55 RightGroup=7->7 NativeResult=1 OBSERVE_NATIVE=1
CORE RAW55_QUICK_CALLBACK_BOUNDARY Actor=BlackTroll C1=33 SameC1=1 Action=5->5 Phase=1->1 StateTime=0.601618->0.601618 StatePosition=1->1 MotionBefore=Troll_Stand_Fist_Fist_P0_QuickAttackL_Hit_N_Fwd_00_%_00_P0_100.xmot MotionAfter=Troll_Stand_Fist_Fist_P0_QuickAttackL_Hit_N_Fwd_00_%_00_P0_100.xmot Right=TrollFist RightUseType=55 RightGroup=7->7 NativeResult=1 OBSERVE_NATIVE=1
CORE RAW55_QUICK_CALLBACK_BOUNDARY Actor=BlackTroll C1=33 SameC1=1 Action=5->5 Phase=1->1 StateTime=0.609952->0.609952 StatePosition=1->1 MotionBefore=Troll_Stand_Fist_Fist_P0_QuickAttackL_Hit_N_Fwd_00_%_00_P0_100.xmot MotionAfter=Troll_Stand_Fist_Fist_P0_QuickAttackL_Hit_N_Fwd_00_%_00_P0_100.xmot Right=TrollFist RightUseType=55 RightGroup=7->7 NativeResult=1 OBSERVE_NATIVE=1
CORE RAW55_QUICK_CALLBACK_BOUNDARY Actor=BlackTroll C1=33 SameC1=1 Action=5->5 Phase=1->1 StateTime=0.618285->0.618285 StatePosition=1->1 MotionBefore=Troll_Stand_Fist_Fist_P0_QuickAttackL_Hit_N_Fwd_00_%_00_P0_100.xmot MotionAfter=Troll_Stand_Fist_Fist_P0_QuickAttackL_Hit_N_Fwd_00_%_00_P0_100.xmot Right=TrollFist RightUseType=55 RightGroup=7->7 NativeResult=1 OBSERVE_NATIVE=1
CORE RAW55_QUICK_CALLBACK_BOUNDARY Actor=BlackTroll C1=33 SameC1=1 Action=5->5 Phase=1->1 StateTime=0.626618->0.626618 StatePosition=1->1 MotionBefore=Troll_Stand_Fist_Fist_P0_QuickAttackL_Hit_N_Fwd_00_%_00_P0_100.xmot MotionAfter=Troll_Stand_Fist_Fist_P0_QuickAttackL_Hit_N_Fwd_00_%_00_P0_100.xmot Right=TrollFist RightUseType=55 RightGroup=7->7 NativeResult=1 OBSERVE_NATIVE=1
CORE RAW55_QUICK_CALLBACK_BOUNDARY Actor=BlackTroll C1=33 SameC1=1 Action=5->5 Phase=1->1 StateTime=0.634952->0.634952 StatePosition=1->1 MotionBefore=Troll_Stand_Fist_Fist_P0_QuickAttackL_Hit_N_Fwd_00_%_00_P0_100.xmot MotionAfter=Troll_Stand_Fist_Fist_P0_QuickAttackL_Hit_N_Fwd_00_%_00_P0_100.xmot Right=TrollFist RightUseType=55 RightGroup=7->7 NativeResult=1 OBSERVE_NATIVE=1
CORE RAW55_QUICK_CALLBACK_BOUNDARY Actor=BlackTroll C1=33 SameC1=1 Action=5->5 Phase=1->1 StateTime=0.643285->0.643285 StatePosition=1->1 MotionBefore=Troll_Stand_Fist_Fist_P0_QuickAttackL_Hit_N_Fwd_00_%_00_P0_100.xmot MotionAfter=Troll_Stand_Fist_Fist_P0_QuickAttackL_Hit_N_Fwd_00_%_00_P0_100.xmot Right=TrollFist RightUseType=55 RightGroup=7->7 NativeResult=1 OBSERVE_NATIVE=1
CORE RAW55_QUICK_CALLBACK_BOUNDARY Actor=BlackTroll C1=33 SameC1=1 Action=5->5 Phase=1->1 StateTime=0.651618->0.651618 StatePosition=1->1 MotionBefore=Troll_Stand_Fist_Fist_P0_QuickAttackL_Hit_N_Fwd_00_%_00_P0_100.xmot MotionAfter=Troll_Stand_Fist_Fist_P0_QuickAttackL_Hit_N_Fwd_00_%_00_P0_100.xmot Right=TrollFist RightUseType=55 RightGroup=7->7 NativeResult=1 OBSERVE_NATIVE=1
CORE RAW55_QUICK_CALLBACK_BOUNDARY Actor=BlackTroll C1=33 SameC1=1 Action=5->5 Phase=1->1 StateTime=0.659951->0.659951 StatePosition=1->1 MotionBefore=Troll_Stand_Fist_Fist_P0_QuickAttackL_Hit_N_Fwd_00_%_00_P0_100.xmot MotionAfter=Troll_Stand_Fist_Fist_P0_QuickAttackL_Hit_N_Fwd_00_%_00_P0_100.xmot Right=TrollFist RightUseType=55 RightGroup=7->7 NativeResult=1 OBSERVE_NATIVE=1
CORE RAW55_QUICK_CALLBACK_BOUNDARY Actor=BlackTroll C1=33 SameC1=1 Action=5->5 Phase=1->1 StateTime=0.670878->0.670878 StatePosition=1->1 MotionBefore=Troll_Stand_Fist_Fist_P0_QuickAttackL_Hit_N_Fwd_00_%_00_P0_100.xmot MotionAfter=Troll_Stand_Fist_Fist_P0_QuickAttackL_Hit_N_Fwd_00_%_00_P0_100.xmot Right=TrollFist RightUseType=55 RightGroup=7->7 NativeResult=1 OBSERVE_NATIVE=1
CORE RAW55_QUICK_CALLBACK_BOUNDARY Actor=BlackTroll C1=33 SameC1=1 Action=5->5 Phase=1->1 StateTime=0.679211->0.679211 StatePosition=1->1 MotionBefore=Troll_Stand_Fist_Fist_P0_QuickAttackL_Hit_N_Fwd_00_%_00_P0_100.xmot MotionAfter=Troll_Stand_Fist_Fist_P0_QuickAttackL_Hit_N_Fwd_00_%_00_P0_100.xmot Right=TrollFist RightUseType=55 RightGroup=7->7 NativeResult=1 OBSERVE_NATIVE=1
CORE RAW55_QUICK_CALLBACK_BOUNDARY Actor=BlackTroll C1=33 SameC1=1 Action=5->5 Phase=1->1 StateTime=0.687545->0.687545 StatePosition=1->1 MotionBefore=Troll_Stand_Fist_Fist_P0_QuickAttackL_Hit_N_Fwd_00_%_00_P0_100.xmot MotionAfter=Troll_Stand_Fist_Fist_P0_QuickAttackL_Hit_N_Fwd_00_%_00_P0_100.xmot Right=TrollFist RightUseType=55 RightGroup=7->7 NativeResult=1 OBSERVE_NATIVE=1
CORE RAW55_QUICK_CALLBACK_BOUNDARY Actor=BlackTroll C1=33 SameC1=1 Action=5->5 Phase=1->1 StateTime=0.695878->0.695878 StatePosition=1->1 MotionBefore=Troll_Stand_Fist_Fist_P0_QuickAttackL_Hit_N_Fwd_00_%_00_P0_100.xmot MotionAfter=Troll_Stand_Fist_Fist_P0_QuickAttackL_Hit_N_Fwd_00_%_00_P0_100.xmot Right=TrollFist RightUseType=55 RightGroup=7->7 NativeResult=1 OBSERVE_NATIVE=1
CORE RAW55_QUICK_CALLBACK_BOUNDARY Actor=BlackTroll C1=33 SameC1=1 Action=5->5 Phase=1->1 StateTime=0.704211->0.704211 StatePosition=1->1 MotionBefore=Troll_Stand_Fist_Fist_P0_QuickAttackL_Hit_N_Fwd_00_%_00_P0_100.xmot MotionAfter=Troll_Stand_Fist_Fist_P0_QuickAttackL_Hit_N_Fwd_00_%_00_P0_100.xmot Right=TrollFist RightUseType=55 RightGroup=7->7 NativeResult=1 OBSERVE_NATIVE=1
CORE ONDAMAGE ElapsedMs=62796.369 Ordinal=10 Target=PC_Hero Arg1=PC_Hero Arg2=PC_Hero Caller=Game.dll+0x00069484 PlayerAction=0 PlayerPhase=5 PlayerMotion=Hero_Stand_None_2H_P0_Ambient_Loop_N_Fwd_00_%_00_P0_0.xmot Raw8Fist=<none> Raw8UseType=-1 Raw8Group=-1
CORE RAW55_QUICK_CALLBACK_BOUNDARY Actor=BlackTroll C1=33 SameC1=1 Action=5->5 Phase=1->1 StateTime=0.712545->0.712545 StatePosition=1->1 MotionBefore=Troll_Stand_Fist_Fist_P0_QuickAttackL_Hit_N_Fwd_00_%_00_P0_100.xmot MotionAfter=Troll_Stand_Fist_Fist_P0_QuickAttackL_Hit_N_Fwd_00_%_00_P0_100.xmot Right=TrollFist RightUseType=55 RightGroup=7->7 NativeResult=1 OBSERVE_NATIVE=1
CORE C1_START ElapsedMs=62805.445 Actor=PC_Hero Generation=34 Status=CANDIDATE Outstanding=0 TrackedSources=1 ReplacedGeneration=0 ReplacedOutstanding=0 Source[0]=It_2H_Sword_Flamberge Side=RIGHT Group=5
CORE C1_BIND ElapsedMs=62805.452 Event=COMBAT_MOVE_CANDIDATE_BOUND Actor=PC_Hero Generation=34 Status=CANDIDATE Outstanding=0 Source=<null> Script=_AI_Stumble
CORE C1_STATUS ElapsedMs=62805.750 Event=PERSISTED Actor=PC_Hero Generation=34 Status=PERSISTED Outstanding=0
CORE RAW55_QUICK_CALLBACK_BOUNDARY Actor=BlackTroll C1=33 SameC1=1 Action=5->5 Phase=1->1 StateTime=0.720878->0.720878 StatePosition=1->1 MotionBefore=Troll_Stand_Fist_Fist_P0_QuickAttackL_Hit_N_Fwd_00_%_00_P0_100.xmot MotionAfter=Troll_Stand_Fist_Fist_P0_QuickAttackL_Hit_N_Fwd_00_%_00_P0_100.xmot Right=TrollFist RightUseType=55 RightGroup=7->7 NativeResult=1 OBSERVE_NATIVE=1
CORE RAW55_QUICK_CALLBACK_BOUNDARY Actor=BlackTroll C1=33 SameC1=1 Action=5->5 Phase=1->1 StateTime=0.729849->0.729849 StatePosition=1->1 MotionBefore=Troll_Stand_Fist_Fist_P0_QuickAttackL_Hit_N_Fwd_00_%_00_P0_100.xmot MotionAfter=Troll_Stand_Fist_Fist_P0_QuickAttackL_Hit_N_Fwd_00_%_00_P0_100.xmot Right=TrollFist RightUseType=55 RightGroup=7->7 NativeResult=1 OBSERVE_NATIVE=1
CORE RAW55_QUICK_CALLBACK_BOUNDARY Actor=BlackTroll C1=33 SameC1=1 Action=5->5 Phase=1->1 StateTime=0.738182->0.738182 StatePosition=1->1 MotionBefore=Troll_Stand_Fist_Fist_P0_QuickAttackL_Hit_N_Fwd_00_%_00_P0_100.xmot MotionAfter=Troll_Stand_Fist_Fist_P0_QuickAttackL_Hit_N_Fwd_00_%_00_P0_100.xmot Right=TrollFist RightUseType=55 RightGroup=7->7 NativeResult=1 OBSERVE_NATIVE=1
CORE RAW55_QUICK_CALLBACK_BOUNDARY Actor=BlackTroll C1=33 SameC1=1 Action=5->5 Phase=1->1 StateTime=0.746515->0.746515 StatePosition=1->1 MotionBefore=Troll_Stand_Fist_Fist_P0_QuickAttackL_Hit_N_Fwd_00_%_00_P0_100.xmot MotionAfter=Troll_Stand_Fist_Fist_P0_QuickAttackL_Hit_N_Fwd_00_%_00_P0_100.xmot Right=TrollFist RightUseType=55 RightGroup=7->7 NativeResult=1 OBSERVE_NATIVE=1
CORE RAW55_QUICK_CALLBACK_BOUNDARY Actor=BlackTroll C1=33 SameC1=1 Action=5->5 Phase=1->1 StateTime=0.754849->0.754849 StatePosition=1->1 MotionBefore=Troll_Stand_Fist_Fist_P0_QuickAttackL_Hit_N_Fwd_00_%_00_P0_100.xmot MotionAfter=Troll_Stand_Fist_Fist_P0_QuickAttackL_Hit_N_Fwd_00_%_00_P0_100.xmot Right=TrollFist RightUseType=55 RightGroup=7->7 NativeResult=1 OBSERVE_NATIVE=1
CORE RAW55_QUICK_CALLBACK_BOUNDARY Actor=BlackTroll C1=33 SameC1=1 Action=5->5 Phase=1->1 StateTime=0.763182->0.763182 StatePosition=1->1 MotionBefore=Troll_Stand_Fist_Fist_P0_QuickAttackL_Hit_N_Fwd_00_%_00_P0_100.xmot MotionAfter=Troll_Stand_Fist_Fist_P0_QuickAttackL_Hit_N_Fwd_00_%_00_P0_100.xmot Right=TrollFist RightUseType=55 RightGroup=7->7 NativeResult=1 OBSERVE_NATIVE=1
CORE RAW55_QUICK_CALLBACK_BOUNDARY Actor=BlackTroll C1=33 SameC1=1 Action=5->5 Phase=1->1 StateTime=0.771515->0.771515 StatePosition=1->1 MotionBefore=Troll_Stand_Fist_Fist_P0_QuickAttackL_Hit_N_Fwd_00_%_00_P0_100.xmot MotionAfter=Troll_Stand_Fist_Fist_P0_QuickAttackL_Hit_N_Fwd_00_%_00_P0_100.xmot Right=TrollFist RightUseType=55 RightGroup=7->7 NativeResult=1 OBSERVE_NATIVE=1
CORE RAW55_QUICK_CALLBACK_BOUNDARY Actor=BlackTroll C1=33 SameC1=1 Action=5->5 Phase=1->1 StateTime=0.779848->0.779848 StatePosition=1->1 MotionBefore=Troll_Stand_Fist_Fist_P0_QuickAttackL_Hit_N_Fwd_00_%_00_P0_100.xmot MotionAfter=Troll_Stand_Fist_Fist_P0_QuickAttackL_Hit_N_Fwd_00_%_00_P0_100.xmot Right=TrollFist RightUseType=55 RightGroup=7->7 NativeResult=1 OBSERVE_NATIVE=1
CORE RAW55_QUICK_CALLBACK_BOUNDARY Actor=BlackTroll C1=33 SameC1=1 Action=5->5 Phase=1->1 StateTime=0.788182->0.788182 StatePosition=1->1 MotionBefore=Troll_Stand_Fist_Fist_P0_QuickAttackL_Hit_N_Fwd_00_%_00_P0_100.xmot MotionAfter=Troll_Stand_Fist_Fist_P0_QuickAttackL_Hit_N_Fwd_00_%_00_P0_100.xmot Right=TrollFist RightUseType=55 RightGroup=7->7 NativeResult=1 OBSERVE_NATIVE=1
CORE RAW55_QUICK_CALLBACK_BOUNDARY Actor=BlackTroll C1=33 SameC1=1 Action=5->5 Phase=1->1 StateTime=0.796515->0.796515 StatePosition=1->1 MotionBefore=Troll_Stand_Fist_Fist_P0_QuickAttackL_Hit_N_Fwd_00_%_00_P0_100.xmot MotionAfter=Troll_Stand_Fist_Fist_P0_QuickAttackL_Hit_N_Fwd_00_%_00_P0_100.xmot Right=TrollFist RightUseType=55 RightGroup=7->7 NativeResult=1 OBSERVE_NATIVE=1
CORE COLLISION_GROUP ElapsedMs=62888.010 Source=TrollFist UseType=55 Owner=BlackTroll Slot=RIGHT Requested=5 Before=7 After=5 MarkerBitsRetired=0
CORE C1 CLEANUP FULFILLED ElapsedMs=62888.037 Actor=BlackTroll Generation=33 Status=PERSISTED Source=TrollFist Side=RIGHT Requests=1 Outstanding=0 CleanupObserved=1 Group=5
CORE C1_FINAL ElapsedMs=62986.710 Actor=BlackTroll Generation=33 Status=PERSISTED SourceCount=2 PhysicalChanged=0 Source[0]=TrollFist Side=RIGHT Outstanding=0 Cleanup=1 Outcome=NO_OP_NO_OUTSTANDING Source[1]=TrollFist Side=LEFT Outstanding=0 Cleanup=0 Outcome=NO_OP_NO_OUTSTANDING
CORE C1_FINAL ElapsedMs=63096.386 Actor=PC_Hero Generation=34 Status=PERSISTED SourceCount=1 PhysicalChanged=0 Source[0]=It_2H_Sword_Flamberge Side=RIGHT Outstanding=0 Cleanup=0 Outcome=NO_OP_NO_OUTSTANDING
Script_FrameCollisionTest unloading cleanly.
