Script_FrameCollisionTest v0.20 loaded.
GENERALIZED ACTOR / WEAPON-SLOT PROTOTYPE.
NO IsPlayer restriction.
NO 2H / Staff / 1H use-type restriction.
NO P0/P1/P2 restriction.
Normal eligibility: exact Attack action + Hit phase + current _Attack_Hit_ motion + RIGHT/LEFT/BOTH source marker.
Quick eligibility: OnAI_QuickAttack + exact Quick/QuickR/QuickL action + Hit phase + a RIGHT/LEFT/BOTH source marker.
Accepted Quick marker completes one-shot callback bookkeeping: StatePosition -> 1.
Full Whirl eligibility: OnAI_WhirlAttack + exact WhirlAttack action + Hit phase + a RIGHT/LEFT/BOTH source marker.
Accepted full-Whirl marker completes one-shot callback bookkeeping: StatePosition -> 1.
Full Whirl uses explicit marker windows; ResetOnUntouch is NOT enabled.
v0.20 PRIMARY-MOTION LIFETIME PROBE: read-only; cleanup behavior is unchanged.
STEP B1 PRIMARYFIRST EVENT PROBE: PlayMotion/StopMotion request/result snapshots; diagnostic-only.
STEP B3 COMBATMOVE STARTRECOVER BOUNDARY PROBE: player-only BEGIN/END snapshots; diagnostic-only.
STEP B4 NATIVE CLEANUP CALL-SITE PROBE: exact player weapon 7 -> 5 caller module/RVA; diagnostic-only.
STEP B5 CLEANUP PARENT-STACK PROBE: short Win32-captured raw stack for exact player weapon 7 -> 5 cleanup; diagnostic-only.
STEP B6 HIT STARTRECOVER / STOP / REPLACEMENT / UNGATED EMPTY-PRIMARY SUCCESSOR STACK PROBE: player PrimaryFirst outgoing attack-Hit or factual empty-Primary successor stack; diagnostic-only.
STEP B7 COMBATMOVE FULLSTOP STACK PROBE: player sAICombatMoveInstr fullStop=true caller/context stack; diagnostic-only.
STEP B7b AIFULLSTOP CALLSITE PROBE: player gCScriptRoutine_PS::AIFullStop immediate caller/context stack; diagnostic-only.
STEP B9 AISETSTATE ORDERING PROBE: player gCScriptRoutine_PS::AISetState requested-state/caller/context stack before original; diagnostic-only.
STEP C1 SHADOW LIFECYCLE GUARD: event-driven execution/source obligations; WOULD_REPAIR only; no physical repair.
STEP C1 AISETSTATE RECURSION-SAFE THISCALL BASELINE: explicit per-invocation this; RunScriptFunction remains pure pass-through.
STEP C1 AIFULLSTOP RECURSION-SAFE THISCALL BASELINE: explicit per-invocation this; AISetState and RunScriptFunction unchanged.
STEP C1-O1 OUTER SCRIPTFRAME IDENTITY PROBE: top SPU frame snapshots only; no lifecycle or collision behavior change.
STEP C1-O2-P1 LIGHTWEIGHT DISPATCH BRIDGE: stack-local/TLS current scope; relevant-offense diagnostics only; no lifecycle or collision behavior change.
v0.20 probe runs only while a marker-owned collision window exists.
Dual SimpleWhirl remains on the original OnAI_SimpleWhirl callback in v0.19.
FIST CAUSAL TEST: raw Fist/PhysicalFist skips SetCollisionGroup(Item_Attack).
FIST CAUSAL TEST: ClearTriggeredList remains active.
G3AB_COL_RIGHT is the final RIGHT equipped-slot marker.
G3AB_COL_LEFT is the final LEFT equipped-slot marker.
G3AB_COL_BOTH is the final BOTH equipped-slot marker.
RIGHT, LEFT, and BOTH use exact-set semantics: the selected source set replaces the previous marker-owned set.
BOTH activates/rearms the right and left equipped slot entities independently at one authored marker.
If any source required by the exact motion is missing, its original attack callback is NOT suppressed.
This protects unarmed/monster attacks until body-source resolution is implemented.
Marker action: non-Fist -> Item_Attack + ClearTriggeredList; Fist -> ClearTriggeredList only.
G3AB_COL_OFF closes only a weapon window opened by this prototype.
OFF requests Item_Equipped and never clears the triggered list.
OFF before ON or after natural reset is consumed as a logged no-op.
Fist/body OFF remains unsupported; Gothic 3 still owns Hit->Recover reset.
Known collision groups: Item_Equipped=5, Item_Attack=7.
PASSIVE DUAL DISCOVERY: Item_Attack transitions are labelled by exact player LEFT/RIGHT slot entity identity.
A Dual both-weapon activation normally appears as separate LEFT and RIGHT transition records.
Preserved RIGHT and LEFT Normal paths passed v0.14 source validation.

v0.19 adds only the full 2H/Staff OnAI_WhirlAttack adapter.
v0.19 preserves the validated v0.18 Normal/Quick RIGHT/LEFT/BOTH/OFF core unchanged.
No Dual SimpleWhirl, Power, collision-source, timing, or cleanup behavior is added in v0.19.
Dedup key: actor + RIGHT/LEFT slot snapshot + motion + marker + action + phase + state time; wall window <= 5 ms.

Authored-occurrence budgets are cached separately for RIGHT, LEFT, BOTH, and OFF.
Budget key: actor + RIGHT/LEFT slot snapshot + motion + action + phase.
Marker-time or controlled-callback state-time rollback starts a new execution.
Natural collision reset outside the owning Hit execution retires the actor budget.
No per-frame actor scan; budget work occurs only when a reserved marker is received.

STEP C1-R1 PHYSICAL REPAIR: exact live/equipped outstanding Item_Attack source resets to Item_Equipped at destructive AISetState finalization; native cleanup/no-op paths unchanged; no ClearTriggeredList.
Installing hooks...
Hooks installed.

===== AIFULLSTOP CALLSITE =====
ElapsedMs: 17171.956
ActorAddress: EBB66E10
Actor: PC_Hero
CallerAddress: 1AE8B74A
CallerModuleResolved: 1
CallerModule: Script_Game.dll
CallerModuleBase: 1ADE0000
CallerRVA: 0x000AB74A
CurrentAction: 0
CurrentAniPhase: 5
CurrentState: PS_Normal_Loop
CurrentStateTime: 0.000000
CurrentStatePosition: 0
PressedKey: 15
IsPressed: 0
IsPressedBefore: 1
DurationPressedMSecs: 0
CurrentMovementAni: 
Stage: BEFORE_ORIGINAL
ElapsedMs: 17171.960
PrimarySnapshotAvailable: 1
PrimaryMotionName: 
PrimaryHasMotionInstance: 0
PrimaryMotionRunning: 0
PrimaryPlayTime: 0.000000
PrimaryMaxTime: 0.000000
PrimaryPlaySpeed: 0.000000
LeftHandSourceResolved: 0
LeftHandSource: <none>
LeftHandSourceAddress: 00000000
LeftHandSourceCollisionGroup: -1
RightHandSourceResolved: 0
RightHandSource: <none>
RightHandSourceAddress: 00000000
RightHandSourceCollisionGroup: -1
CapturedStackFrameCount: 3
StackFrame[0]: Address=1C5F06D8 Module=Script_FrameCollisionTest.dll Base=1C5E0000 RVA=0x000106D8
StackFrame[1]: Address=1AE8B74A Module=Script_Game.dll Base=1ADE0000 RVA=0x000AB74A
StackFrame[2]: Address=00C6093B Module=Game.dll Base=00B00000 RVA=0x0016093B
CleanupBehaviorChanged: 0
===============================

===== EMPTY-PRIMARY SUCCESSOR STACK =====
ElapsedMs: 17194.171
Actor: PC_Hero
PrimaryWasEmptyBefore: 1
IncomingMotionRequestAddress: 0019E288
SuccessorPrimaryMotionNameAfterOriginal: Hero_Stand_None_None_P0_Ambient_Loop_N_Fwd_00_%_02_P0_0.xmot
SuccessorPrimarySnapshotAvailable: 1
SuccessorPrimaryHasMotionInstance: 1
CurrentActionBeforeOriginal: 0
CurrentAniPhaseBeforeOriginal: 5
CurrentStateTimeBeforeOriginal: 0.000000
CurrentStatePositionBeforeOriginal: 0
CurrentMovementAniBeforeOriginal: Hero_Stand_None_None_P0_Ambient_Loop_N_Fwd_00_%_02_P0_0.xmot
LeftHandSourceResolved: 0
LeftHandSource: <none>
LeftHandSourceAddress: 00000000
LeftHandSourceCollisionGroup: -1
RightHandSourceResolved: 0
RightHandSource: <none>
RightHandSourceAddress: 00000000
RightHandSourceCollisionGroup: -1
CapturedStackFrameCount: 2
StackFrame[0]: Address=1C5EF763 Module=Script_FrameCollisionTest.dll Base=1C5E0000 RVA=0x0000F763
StackFrame[1]: Address=00BD9CB3 Module=Game.dll Base=00B00000 RVA=0x000D9CB3
CleanupBehaviorChanged: 0
=============================================

===== PRIMARYFIRST PlayMotion =====
OwnerEntityAddress: EBB66E10
OwnerEntity: PC_Hero
MotionType: 0
Stage: REQUEST_BEFORE_ORIGINAL
ElapsedMs: 17194.169
PrimarySnapshotAvailable: 1
PrimaryMotionName: 
PrimaryHasMotionInstance: 0
PrimaryMotionRunning: 0
PrimaryPlayTime: 0.000000
PrimaryMaxTime: 0.000000
PrimaryPlaySpeed: 0.000000
Stage: RESULT_AFTER_ORIGINAL
ElapsedMs: 17194.513
PrimarySnapshotAvailable: 1
PrimaryMotionName: Hero_Stand_None_None_P0_Ambient_Loop_N_Fwd_00_%_02_P0_0.xmot
PrimaryHasMotionInstance: 1
PrimaryMotionRunning: 1
PrimaryPlayTime: 0.000000
PrimaryMaxTime: 4.000000
PrimaryPlaySpeed: 1.000000
CleanupBehaviorChanged: 0
=====================================

===== AISETSTATE CALLSITE =====
ElapsedMs: 17194.613
ActorAddress: EBB66E10
Actor: PC_Hero
RequestedState: PS_Normal_Loop
CallerAddress: 1AD72F61
CallerModuleResolved: 1
CallerModule: Script.dll
CallerModuleBase: 1AD60000
CallerRVA: 0x00012F61
CurrentStateBeforeOriginal: PS_Normal
CurrentAction: 0
CurrentAniPhase: 5
CurrentStateTime: 0.000000
CurrentStatePosition: 0
CurrentMovementAni: Hero_Stand_None_None_P0_Ambient_Loop_N_Fwd_00_%_02_P0_0.xmot
Stage: BEFORE_ORIGINAL
ElapsedMs: 17194.616
PrimarySnapshotAvailable: 1
PrimaryMotionName: Hero_Stand_None_None_P0_Ambient_Loop_N_Fwd_00_%_02_P0_0.xmot
PrimaryHasMotionInstance: 1
PrimaryMotionRunning: 1
PrimaryPlayTime: 0.000000
PrimaryMaxTime: 4.000000
PrimaryPlaySpeed: 1.000000
LeftHandSourceResolved: 0
LeftHandSource: <none>
LeftHandSourceAddress: 00000000
LeftHandSourceCollisionGroup: -1
RightHandSourceResolved: 0
RightHandSource: <none>
RightHandSourceAddress: 00000000
RightHandSourceCollisionGroup: -1
CapturedStackFrameCount: 3
StackFrame[0]: Address=1C5F0CA8 Module=Script_FrameCollisionTest.dll Base=1C5E0000 RVA=0x00010CA8
StackFrame[1]: Address=1AD72F61 Module=Script.dll Base=1AD60000 RVA=0x00012F61
StackFrame[2]: Address=00C604D3 Module=Game.dll Base=00B00000 RVA=0x001604D3
CleanupBehaviorChanged: 0
==============================

===== OUTER_FRAME AI_SET_STATE_BEFORE =====
ElapsedMs: 17194.697
ActorAddress: EBB66E10
Actor: PC_Hero
SPUAddress: EBB67074
StateStackCount: 1
HasTopFrame: 1
TopIndex: 0
TopEntryAddressDiagnosticOnly: DC490C10
TopScriptName: PS_Normal
TopIsScriptState: 1
TopBreakBlock: 4
TopArgumentsAddress: 00000000
TopLocalCallback: 
TopExtraFloat: 1000.000000
CurrentState: PS_Normal
CurrentAction: 0
CurrentStatePosition: 0
CurrentStateTime: 0.000000
TopEntryAddressIsExecutionIdentity: 0
ArgumentsDereferencedOrClassified: 0
LifecycleBehaviorChanged: 0
CollisionBehaviorChanged: 0
===============================

===== OUTER_FRAME AI_SET_STATE_AFTER =====
ElapsedMs: 17194.719
ActorAddress: EBB66E10
Actor: PC_Hero
SPUAddress: EBB67074
StateStackCount: 1
HasTopFrame: 1
TopIndex: 0
TopEntryAddressDiagnosticOnly: DC490C10
TopScriptName: PS_Normal_Loop
TopIsScriptState: 1
TopBreakBlock: 0
TopArgumentsAddress: 00000000
TopLocalCallback: 
TopExtraFloat: 1000.000000
CurrentState: PS_Normal_Loop
CurrentAction: 0
CurrentStatePosition: 0
CurrentStateTime: 0.000000
TopEntryAddressIsExecutionIdentity: 0
ArgumentsDereferencedOrClassified: 0
LifecycleBehaviorChanged: 0
CollisionBehaviorChanged: 0
===============================

===== PRIMARYFIRST StopMotion =====
OwnerEntityAddress: EBB66E10
OwnerEntity: PC_Hero
MotionType: 0
Stage: REQUEST_BEFORE_ORIGINAL
ElapsedMs: 18675.172
PrimarySnapshotAvailable: 1
PrimaryMotionName: 
PrimaryHasMotionInstance: 0
PrimaryMotionRunning: 0
PrimaryPlayTime: 0.000000
PrimaryMaxTime: 0.000000
PrimaryPlaySpeed: 0.000000
Stage: RESULT_AFTER_ORIGINAL
ElapsedMs: 18675.173
PrimarySnapshotAvailable: 1
PrimaryMotionName: 
PrimaryHasMotionInstance: 0
PrimaryMotionRunning: 0
PrimaryPlayTime: 0.000000
PrimaryMaxTime: 0.000000
PrimaryPlaySpeed: 0.000000
CleanupBehaviorChanged: 0
=====================================

===== PRIMARYFIRST StopMotion =====
OwnerEntityAddress: EBB66E10
OwnerEntity: PC_Hero
MotionType: 0
Stage: REQUEST_BEFORE_ORIGINAL
ElapsedMs: 18675.266
PrimarySnapshotAvailable: 1
PrimaryMotionName: 
PrimaryHasMotionInstance: 0
PrimaryMotionRunning: 0
PrimaryPlayTime: 0.000000
PrimaryMaxTime: 0.000000
PrimaryPlaySpeed: 0.000000
Stage: RESULT_AFTER_ORIGINAL
ElapsedMs: 18675.267
PrimarySnapshotAvailable: 1
PrimaryMotionName: 
PrimaryHasMotionInstance: 0
PrimaryMotionRunning: 0
PrimaryPlayTime: 0.000000
PrimaryMaxTime: 0.000000
PrimaryPlaySpeed: 0.000000
CleanupBehaviorChanged: 0
=====================================

===== EMPTY-PRIMARY SUCCESSOR STACK =====
ElapsedMs: 18675.292
Actor: PC_Hero
PrimaryWasEmptyBefore: 1
IncomingMotionRequestAddress: 0019EB18
SuccessorPrimaryMotionNameAfterOriginal: Hero_Stand_None_None_P0_Move_Turn90_N_Right_00_%_00_P0_0.xmot
SuccessorPrimarySnapshotAvailable: 1
SuccessorPrimaryHasMotionInstance: 1
CurrentActionBeforeOriginal: 0
CurrentAniPhaseBeforeOriginal: 12
CurrentStateTimeBeforeOriginal: 1.316494
CurrentStatePositionBeforeOriginal: 0
CurrentMovementAniBeforeOriginal: Hero_Stand_None_None_P0_Move_Turn90_N_Right_00_%_00_P0_0.xmot
LeftHandSourceResolved: 0
LeftHandSource: <none>
LeftHandSourceAddress: 00000000
LeftHandSourceCollisionGroup: -1
RightHandSourceResolved: 0
RightHandSource: <none>
RightHandSourceAddress: 00000000
RightHandSourceCollisionGroup: -1
CapturedStackFrameCount: 2
StackFrame[0]: Address=1C5EF763 Module=Script_FrameCollisionTest.dll Base=1C5E0000 RVA=0x0000F763
StackFrame[1]: Address=00BDA1CF Module=Game.dll Base=00B00000 RVA=0x000DA1CF
CleanupBehaviorChanged: 0
=============================================

===== PRIMARYFIRST PlayMotion =====
OwnerEntityAddress: EBB66E10
OwnerEntity: PC_Hero
MotionType: 0
Stage: REQUEST_BEFORE_ORIGINAL
ElapsedMs: 18675.291
PrimarySnapshotAvailable: 1
PrimaryMotionName: 
PrimaryHasMotionInstance: 0
PrimaryMotionRunning: 0
PrimaryPlayTime: 0.000000
PrimaryMaxTime: 0.000000
PrimaryPlaySpeed: 0.000000
Stage: RESULT_AFTER_ORIGINAL
ElapsedMs: 18675.493
PrimarySnapshotAvailable: 1
PrimaryMotionName: Hero_Stand_None_None_P0_Move_Turn90_N_Right_00_%_00_P0_0.xmot
PrimaryHasMotionInstance: 1
PrimaryMotionRunning: 1
PrimaryPlayTime: 0.000000
PrimaryMaxTime: 0.800000
PrimaryPlaySpeed: 1.000000
CleanupBehaviorChanged: 0
=====================================

===== EMPTY-PRIMARY SUCCESSOR STACK =====
ElapsedMs: 18967.713
Actor: PC_Hero
PrimaryWasEmptyBefore: 1
IncomingMotionRequestAddress: 0019EB18
SuccessorPrimaryMotionNameAfterOriginal: Hero_Stand_None_None_P0_Ambient_Loop_N_Fwd_02_%_00_P0_0.xmot
SuccessorPrimarySnapshotAvailable: 1
SuccessorPrimaryHasMotionInstance: 1
CurrentActionBeforeOriginal: 0
CurrentAniPhaseBeforeOriginal: 5
CurrentStateTimeBeforeOriginal: 1.609451
CurrentStatePositionBeforeOriginal: 0
CurrentMovementAniBeforeOriginal: Hero_Stand_None_None_P0_Ambient_Loop_N_Fwd_02_%_00_P0_0.xmot
LeftHandSourceResolved: 0
LeftHandSource: <none>
LeftHandSourceAddress: 00000000
LeftHandSourceCollisionGroup: -1
RightHandSourceResolved: 0
RightHandSource: <none>
RightHandSourceAddress: 00000000
RightHandSourceCollisionGroup: -1
CapturedStackFrameCount: 2
StackFrame[0]: Address=1C5EF763 Module=Script_FrameCollisionTest.dll Base=1C5E0000 RVA=0x0000F763
StackFrame[1]: Address=00BD9CB3 Module=Game.dll Base=00B00000 RVA=0x000D9CB3
CleanupBehaviorChanged: 0
=============================================

===== PRIMARYFIRST PlayMotion =====
OwnerEntityAddress: EBB66E10
OwnerEntity: PC_Hero
MotionType: 0
Stage: REQUEST_BEFORE_ORIGINAL
ElapsedMs: 18967.711
PrimarySnapshotAvailable: 1
PrimaryMotionName: 
PrimaryHasMotionInstance: 0
PrimaryMotionRunning: 0
PrimaryPlayTime: 0.000000
PrimaryMaxTime: 0.000000
PrimaryPlaySpeed: 0.000000
Stage: RESULT_AFTER_ORIGINAL
ElapsedMs: 18968.564
PrimarySnapshotAvailable: 1
PrimaryMotionName: Hero_Stand_None_None_P0_Ambient_Loop_N_Fwd_02_%_00_P0_0.xmot
PrimaryHasMotionInstance: 1
PrimaryMotionRunning: 1
PrimaryPlayTime: 0.000000
PrimaryMaxTime: 8.000000
PrimaryPlaySpeed: 1.000000
CleanupBehaviorChanged: 0
=====================================

===== PRIMARYFIRST StopMotion =====
OwnerEntityAddress: EBB66E10
OwnerEntity: PC_Hero
MotionType: 0
Stage: REQUEST_BEFORE_ORIGINAL
ElapsedMs: 19167.258
PrimarySnapshotAvailable: 1
PrimaryMotionName: 
PrimaryHasMotionInstance: 0
PrimaryMotionRunning: 0
PrimaryPlayTime: 0.000000
PrimaryMaxTime: 0.000000
PrimaryPlaySpeed: 0.000000
Stage: RESULT_AFTER_ORIGINAL
ElapsedMs: 19167.259
PrimarySnapshotAvailable: 1
PrimaryMotionName: 
PrimaryHasMotionInstance: 0
PrimaryMotionRunning: 0
PrimaryPlayTime: 0.000000
PrimaryMaxTime: 0.000000
PrimaryPlaySpeed: 0.000000
CleanupBehaviorChanged: 0
=====================================

===== PRIMARYFIRST StopMotion =====
OwnerEntityAddress: EBB66E10
OwnerEntity: PC_Hero
MotionType: 0
Stage: REQUEST_BEFORE_ORIGINAL
ElapsedMs: 19167.356
PrimarySnapshotAvailable: 1
PrimaryMotionName: 
PrimaryHasMotionInstance: 0
PrimaryMotionRunning: 0
PrimaryPlayTime: 0.000000
PrimaryMaxTime: 0.000000
PrimaryPlaySpeed: 0.000000
Stage: RESULT_AFTER_ORIGINAL
ElapsedMs: 19167.357
PrimarySnapshotAvailable: 1
PrimaryMotionName: 
PrimaryHasMotionInstance: 0
PrimaryMotionRunning: 0
PrimaryPlayTime: 0.000000
PrimaryMaxTime: 0.000000
PrimaryPlaySpeed: 0.000000
CleanupBehaviorChanged: 0
=====================================

===== EMPTY-PRIMARY SUCCESSOR STACK =====
ElapsedMs: 19167.433
Actor: PC_Hero
PrimaryWasEmptyBefore: 1
IncomingMotionRequestAddress: 0019EB18
SuccessorPrimaryMotionNameAfterOriginal: Hero_Stand_None_None_P0_Move_Turn90_N_Left_00_%_00_P0_0.xmot
SuccessorPrimarySnapshotAvailable: 1
SuccessorPrimaryHasMotionInstance: 1
CurrentActionBeforeOriginal: 0
CurrentAniPhaseBeforeOriginal: 12
CurrentStateTimeBeforeOriginal: 1.808446
CurrentStatePositionBeforeOriginal: 0
CurrentMovementAniBeforeOriginal: Hero_Stand_None_None_P0_Move_Turn90_N_Left_00_%_00_P0_0.xmot
LeftHandSourceResolved: 0
LeftHandSource: <none>
LeftHandSourceAddress: 00000000
LeftHandSourceCollisionGroup: -1
RightHandSourceResolved: 0
RightHandSource: <none>
RightHandSourceAddress: 00000000
RightHandSourceCollisionGroup: -1
CapturedStackFrameCount: 2
StackFrame[0]: Address=1C5EF763 Module=Script_FrameCollisionTest.dll Base=1C5E0000 RVA=0x0000F763
StackFrame[1]: Address=00BDA1CF Module=Game.dll Base=00B00000 RVA=0x000DA1CF
CleanupBehaviorChanged: 0
=============================================

===== PRIMARYFIRST PlayMotion =====
OwnerEntityAddress: EBB66E10
OwnerEntity: PC_Hero
MotionType: 0
Stage: REQUEST_BEFORE_ORIGINAL
ElapsedMs: 19167.432
PrimarySnapshotAvailable: 1
PrimaryMotionName: 
PrimaryHasMotionInstance: 0
PrimaryMotionRunning: 0
PrimaryPlayTime: 0.000000
PrimaryMaxTime: 0.000000
PrimaryPlaySpeed: 0.000000
Stage: RESULT_AFTER_ORIGINAL
ElapsedMs: 19167.673
PrimarySnapshotAvailable: 1
PrimaryMotionName: Hero_Stand_None_None_P0_Move_Turn90_N_Left_00_%_00_P0_0.xmot
PrimaryHasMotionInstance: 1
PrimaryMotionRunning: 1
PrimaryPlayTime: 0.000000
PrimaryMaxTime: 0.800000
PrimaryPlaySpeed: 1.000000
CleanupBehaviorChanged: 0
=====================================

===== EMPTY-PRIMARY SUCCESSOR STACK =====
ElapsedMs: 19297.423
Actor: PC_Hero
PrimaryWasEmptyBefore: 1
IncomingMotionRequestAddress: 0019EB18
SuccessorPrimaryMotionNameAfterOriginal: Hero_Stand_None_None_P0_Ambient_Loop_N_Fwd_02_%_00_P0_0.xmot
SuccessorPrimarySnapshotAvailable: 1
SuccessorPrimaryHasMotionInstance: 1
CurrentActionBeforeOriginal: 0
CurrentAniPhaseBeforeOriginal: 5
CurrentStateTimeBeforeOriginal: 1.937694
CurrentStatePositionBeforeOriginal: 0
CurrentMovementAniBeforeOriginal: Hero_Stand_None_None_P0_Ambient_Loop_N_Fwd_02_%_00_P0_0.xmot
LeftHandSourceResolved: 0
LeftHandSource: <none>
LeftHandSourceAddress: 00000000
LeftHandSourceCollisionGroup: -1
RightHandSourceResolved: 0
RightHandSource: <none>
RightHandSourceAddress: 00000000
RightHandSourceCollisionGroup: -1
CapturedStackFrameCount: 2
StackFrame[0]: Address=1C5EF763 Module=Script_FrameCollisionTest.dll Base=1C5E0000 RVA=0x0000F763
StackFrame[1]: Address=00BD9CB3 Module=Game.dll Base=00B00000 RVA=0x000D9CB3
CleanupBehaviorChanged: 0
=============================================

===== PRIMARYFIRST PlayMotion =====
OwnerEntityAddress: EBB66E10
OwnerEntity: PC_Hero
MotionType: 0
Stage: REQUEST_BEFORE_ORIGINAL
ElapsedMs: 19297.421
PrimarySnapshotAvailable: 1
PrimaryMotionName: 
PrimaryHasMotionInstance: 0
PrimaryMotionRunning: 0
PrimaryPlayTime: 0.000000
PrimaryMaxTime: 0.000000
PrimaryPlaySpeed: 0.000000
Stage: RESULT_AFTER_ORIGINAL
ElapsedMs: 19297.439
PrimarySnapshotAvailable: 1
PrimaryMotionName: Hero_Stand_None_None_P0_Ambient_Loop_N_Fwd_02_%_00_P0_0.xmot
PrimaryHasMotionInstance: 1
PrimaryMotionRunning: 1
PrimaryPlayTime: 0.000000
PrimaryMaxTime: 8.000000
PrimaryPlaySpeed: 1.000000
CleanupBehaviorChanged: 0
=====================================

===== PRIMARYFIRST StopMotion =====
OwnerEntityAddress: EBB66E10
OwnerEntity: PC_Hero
MotionType: 0
Stage: REQUEST_BEFORE_ORIGINAL
ElapsedMs: 24472.322
PrimarySnapshotAvailable: 1
PrimaryMotionName: 
PrimaryHasMotionInstance: 0
PrimaryMotionRunning: 0
PrimaryPlayTime: 0.000000
PrimaryMaxTime: 0.000000
PrimaryPlaySpeed: 0.000000
Stage: RESULT_AFTER_ORIGINAL
ElapsedMs: 24472.324
PrimarySnapshotAvailable: 1
PrimaryMotionName: 
PrimaryHasMotionInstance: 0
PrimaryMotionRunning: 0
PrimaryPlayTime: 0.000000
PrimaryMaxTime: 0.000000
PrimaryPlaySpeed: 0.000000
CleanupBehaviorChanged: 0
=====================================

===== PRIMARYFIRST StopMotion =====
OwnerEntityAddress: EBB66E10
OwnerEntity: PC_Hero
MotionType: 0
Stage: REQUEST_BEFORE_ORIGINAL
ElapsedMs: 24472.374
PrimarySnapshotAvailable: 1
PrimaryMotionName: 
PrimaryHasMotionInstance: 0
PrimaryMotionRunning: 0
PrimaryPlayTime: 0.000000
PrimaryMaxTime: 0.000000
PrimaryPlaySpeed: 0.000000
Stage: RESULT_AFTER_ORIGINAL
ElapsedMs: 24472.375
PrimarySnapshotAvailable: 1
PrimaryMotionName: 
PrimaryHasMotionInstance: 0
PrimaryMotionRunning: 0
PrimaryPlayTime: 0.000000
PrimaryMaxTime: 0.000000
PrimaryPlaySpeed: 0.000000
CleanupBehaviorChanged: 0
=====================================

===== EMPTY-PRIMARY SUCCESSOR STACK =====
ElapsedMs: 24472.400
Actor: PC_Hero
PrimaryWasEmptyBefore: 1
IncomingMotionRequestAddress: 0019EB18
SuccessorPrimaryMotionNameAfterOriginal: Hero_Stand_None_None_P0_Move_Turn90_N_Left_00_%_00_P0_0.xmot
SuccessorPrimarySnapshotAvailable: 1
SuccessorPrimaryHasMotionInstance: 1
CurrentActionBeforeOriginal: 0
CurrentAniPhaseBeforeOriginal: 12
CurrentStateTimeBeforeOriginal: 7.111541
CurrentStatePositionBeforeOriginal: 0
CurrentMovementAniBeforeOriginal: Hero_Stand_None_None_P0_Move_Turn90_N_Left_00_%_00_P0_0.xmot
LeftHandSourceResolved: 0
LeftHandSource: <none>
LeftHandSourceAddress: 00000000
LeftHandSourceCollisionGroup: -1
RightHandSourceResolved: 0
RightHandSource: <none>
RightHandSourceAddress: 00000000
RightHandSourceCollisionGroup: -1
CapturedStackFrameCount: 2
StackFrame[0]: Address=1C5EF763 Module=Script_FrameCollisionTest.dll Base=1C5E0000 RVA=0x0000F763
StackFrame[1]: Address=00BDA1CF Module=Game.dll Base=00B00000 RVA=0x000DA1CF
CleanupBehaviorChanged: 0
=============================================

===== PRIMARYFIRST PlayMotion =====
OwnerEntityAddress: EBB66E10
OwnerEntity: PC_Hero
MotionType: 0
Stage: REQUEST_BEFORE_ORIGINAL
ElapsedMs: 24472.399
PrimarySnapshotAvailable: 1
PrimaryMotionName: 
PrimaryHasMotionInstance: 0
PrimaryMotionRunning: 0
PrimaryPlayTime: 0.000000
PrimaryMaxTime: 0.000000
PrimaryPlaySpeed: 0.000000
Stage: RESULT_AFTER_ORIGINAL
ElapsedMs: 24472.417
PrimarySnapshotAvailable: 1
PrimaryMotionName: Hero_Stand_None_None_P0_Move_Turn90_N_Left_00_%_00_P0_0.xmot
PrimaryHasMotionInstance: 1
PrimaryMotionRunning: 1
PrimaryPlayTime: 0.000000
PrimaryMaxTime: 0.800000
PrimaryPlaySpeed: 1.000000
CleanupBehaviorChanged: 0
=====================================

===== PRIMARYFIRST StopMotion =====
OwnerEntityAddress: EBB66E10
OwnerEntity: PC_Hero
MotionType: 0
Stage: REQUEST_BEFORE_ORIGINAL
ElapsedMs: 25022.556
PrimarySnapshotAvailable: 1
PrimaryMotionName: Hero_Stand_None_None_P0_Move_Turn90_N_Left_00_%_00_P0_0.xmot
PrimaryHasMotionInstance: 1
PrimaryMotionRunning: 1
PrimaryPlayTime: 0.116596
PrimaryMaxTime: 0.800000
PrimaryPlaySpeed: 0.014703
Stage: RESULT_AFTER_ORIGINAL
ElapsedMs: 25022.560
PrimarySnapshotAvailable: 1
PrimaryMotionName: 
PrimaryHasMotionInstance: 0
PrimaryMotionRunning: 0
PrimaryPlayTime: 0.000000
PrimaryMaxTime: 0.000000
PrimaryPlaySpeed: 0.000000
CleanupBehaviorChanged: 0
=====================================

===== EMPTY-PRIMARY SUCCESSOR STACK =====
ElapsedMs: 25022.610
Actor: PC_Hero
PrimaryWasEmptyBefore: 1
IncomingMotionRequestAddress: 0019EB18
SuccessorPrimaryMotionNameAfterOriginal: Hero_Stand_None_None_P0_Move_Turn90_N_Right_00_%_00_P0_0.xmot
SuccessorPrimarySnapshotAvailable: 1
SuccessorPrimaryHasMotionInstance: 1
CurrentActionBeforeOriginal: 0
CurrentAniPhaseBeforeOriginal: 12
CurrentStateTimeBeforeOriginal: 7.667422
CurrentStatePositionBeforeOriginal: 0
CurrentMovementAniBeforeOriginal: Hero_Stand_None_None_P0_Move_Turn90_N_Right_00_%_00_P0_0.xmot
LeftHandSourceResolved: 0
LeftHandSource: <none>
LeftHandSourceAddress: 00000000
LeftHandSourceCollisionGroup: -1
RightHandSourceResolved: 0
RightHandSource: <none>
RightHandSourceAddress: 00000000
RightHandSourceCollisionGroup: -1
CapturedStackFrameCount: 2
StackFrame[0]: Address=1C5EF763 Module=Script_FrameCollisionTest.dll Base=1C5E0000 RVA=0x0000F763
StackFrame[1]: Address=00BDA1CF Module=Game.dll Base=00B00000 RVA=0x000DA1CF
CleanupBehaviorChanged: 0
=============================================

===== PRIMARYFIRST PlayMotion =====
OwnerEntityAddress: EBB66E10
OwnerEntity: PC_Hero
MotionType: 0
Stage: REQUEST_BEFORE_ORIGINAL
ElapsedMs: 25022.609
PrimarySnapshotAvailable: 1
PrimaryMotionName: 
PrimaryHasMotionInstance: 0
PrimaryMotionRunning: 0
PrimaryPlayTime: 0.000000
PrimaryMaxTime: 0.000000
PrimaryPlaySpeed: 0.000000
Stage: RESULT_AFTER_ORIGINAL
ElapsedMs: 25022.626
PrimarySnapshotAvailable: 1
PrimaryMotionName: Hero_Stand_None_None_P0_Move_Turn90_N_Right_00_%_00_P0_0.xmot
PrimaryHasMotionInstance: 1
PrimaryMotionRunning: 1
PrimaryPlayTime: 0.000000
PrimaryMaxTime: 0.800000
PrimaryPlaySpeed: 1.000000
CleanupBehaviorChanged: 0
=====================================

===== PRIMARYFIRST StopMotion =====
OwnerEntityAddress: EBB66E10
OwnerEntity: PC_Hero
MotionType: 0
Stage: REQUEST_BEFORE_ORIGINAL
ElapsedMs: 25456.231
PrimarySnapshotAvailable: 1
PrimaryMotionName: 
PrimaryHasMotionInstance: 0
PrimaryMotionRunning: 0
PrimaryPlayTime: 0.000000
PrimaryMaxTime: 0.000000
PrimaryPlaySpeed: 0.000000
Stage: RESULT_AFTER_ORIGINAL
ElapsedMs: 25456.233
PrimarySnapshotAvailable: 1
PrimaryMotionName: 
PrimaryHasMotionInstance: 0
PrimaryMotionRunning: 0
PrimaryPlayTime: 0.000000
PrimaryMaxTime: 0.000000
PrimaryPlaySpeed: 0.000000
CleanupBehaviorChanged: 0
=====================================

===== EMPTY-PRIMARY SUCCESSOR STACK =====
ElapsedMs: 25456.269
Actor: PC_Hero
PrimaryWasEmptyBefore: 1
IncomingMotionRequestAddress: EBB671A8
SuccessorPrimaryMotionNameAfterOriginal: Hero_Stand_None_2H_P0_HoldRight_Begin_N_Fwd_00_%_00_P0_0.xmot
SuccessorPrimarySnapshotAvailable: 1
SuccessorPrimaryHasMotionInstance: 1
CurrentActionBeforeOriginal: 68
CurrentAniPhaseBeforeOriginal: 4
CurrentStateTimeBeforeOriginal: 0.000000
CurrentStatePositionBeforeOriginal: 0
CurrentMovementAniBeforeOriginal: Hero_Stand_None_2H_P0_HoldRight_Begin_N_Fwd_00_%_00_P0_0.xmot
LeftHandSourceResolved: 0
LeftHandSource: <none>
LeftHandSourceAddress: 00000000
LeftHandSourceCollisionGroup: -1
RightHandSourceResolved: 0
RightHandSource: <none>
RightHandSourceAddress: 00000000
RightHandSourceCollisionGroup: -1
CapturedStackFrameCount: 2
StackFrame[0]: Address=1C5EF763 Module=Script_FrameCollisionTest.dll Base=1C5E0000 RVA=0x0000F763
StackFrame[1]: Address=00C6A90C Module=Game.dll Base=00B00000 RVA=0x0016A90C
CleanupBehaviorChanged: 0
=============================================

===== PRIMARYFIRST PlayMotion =====
OwnerEntityAddress: EBB66E10
OwnerEntity: PC_Hero
MotionType: 0
Stage: REQUEST_BEFORE_ORIGINAL
ElapsedMs: 25456.268
PrimarySnapshotAvailable: 1
PrimaryMotionName: 
PrimaryHasMotionInstance: 0
PrimaryMotionRunning: 0
PrimaryPlayTime: 0.000000
PrimaryMaxTime: 0.000000
PrimaryPlaySpeed: 0.000000
Stage: RESULT_AFTER_ORIGINAL
ElapsedMs: 25456.283
PrimarySnapshotAvailable: 1
PrimaryMotionName: Hero_Stand_None_2H_P0_HoldRight_Begin_N_Fwd_00_%_00_P0_0.xmot
PrimaryHasMotionInstance: 1
PrimaryMotionRunning: 1
PrimaryPlayTime: 0.000000
PrimaryMaxTime: 0.360000
PrimaryPlaySpeed: 1.000000
CleanupBehaviorChanged: 0
=====================================

===== PRIMARYFIRST StopMotion =====
OwnerEntityAddress: EBB66E10
OwnerEntity: PC_Hero
MotionType: 0
Stage: REQUEST_BEFORE_ORIGINAL
ElapsedMs: 25786.004
PrimarySnapshotAvailable: 1
PrimaryMotionName: 
PrimaryHasMotionInstance: 0
PrimaryMotionRunning: 0
PrimaryPlayTime: 0.000000
PrimaryMaxTime: 0.000000
PrimaryPlaySpeed: 0.000000
Stage: RESULT_AFTER_ORIGINAL
ElapsedMs: 25786.006
PrimarySnapshotAvailable: 1
PrimaryMotionName: 
PrimaryHasMotionInstance: 0
PrimaryMotionRunning: 0
PrimaryPlayTime: 0.000000
PrimaryMaxTime: 0.000000
PrimaryPlaySpeed: 0.000000
CleanupBehaviorChanged: 0
=====================================

===== EMPTY-PRIMARY SUCCESSOR STACK =====
ElapsedMs: 25786.051
Actor: PC_Hero
PrimaryWasEmptyBefore: 1
IncomingMotionRequestAddress: EBB671A8
SuccessorPrimaryMotionNameAfterOriginal: Hero_Stand_None_2H_P0_HoldRight_End_N_Fwd_00_%_00_P0_0.xmot
SuccessorPrimarySnapshotAvailable: 1
SuccessorPrimaryHasMotionInstance: 1
CurrentActionBeforeOriginal: 68
CurrentAniPhaseBeforeOriginal: 6
CurrentStateTimeBeforeOriginal: 0.364980
CurrentStatePositionBeforeOriginal: 0
CurrentMovementAniBeforeOriginal: Hero_Stand_None_2H_P0_HoldRight_End_N_Fwd_00_%_00_P0_0.xmot
LeftHandSourceResolved: 0
LeftHandSource: <none>
LeftHandSourceAddress: 00000000
LeftHandSourceCollisionGroup: -1
RightHandSourceResolved: 1
RightHandSource: It_2H_Sword_Flamberge
RightHandSourceAddress: E70EAC10
RightHandSourceCollisionGroup: 5
CapturedStackFrameCount: 2
StackFrame[0]: Address=1C5EF763 Module=Script_FrameCollisionTest.dll Base=1C5E0000 RVA=0x0000F763
StackFrame[1]: Address=00C6A90C Module=Game.dll Base=00B00000 RVA=0x0016A90C
CleanupBehaviorChanged: 0
=============================================

===== PRIMARYFIRST PlayMotion =====
OwnerEntityAddress: EBB66E10
OwnerEntity: PC_Hero
MotionType: 0
Stage: REQUEST_BEFORE_ORIGINAL
ElapsedMs: 25786.049
PrimarySnapshotAvailable: 1
PrimaryMotionName: 
PrimaryHasMotionInstance: 0
PrimaryMotionRunning: 0
PrimaryPlayTime: 0.000000
PrimaryMaxTime: 0.000000
PrimaryPlaySpeed: 0.000000
Stage: RESULT_AFTER_ORIGINAL
ElapsedMs: 25786.067
PrimarySnapshotAvailable: 1
PrimaryMotionName: Hero_Stand_None_2H_P0_HoldRight_End_N_Fwd_00_%_00_P0_0.xmot
PrimaryHasMotionInstance: 1
PrimaryMotionRunning: 1
PrimaryPlayTime: 0.000000
PrimaryMaxTime: 0.400000
PrimaryPlaySpeed: 1.000000
CleanupBehaviorChanged: 0
=====================================

===== AISETSTATE CALLSITE =====
ElapsedMs: 26153.129
ActorAddress: EBB66E10
Actor: PC_Hero
RequestedState: PS_Melee_Loop
CallerAddress: 1AD72F61
CallerModuleResolved: 1
CallerModule: Script.dll
CallerModuleBase: 1AD60000
CallerRVA: 0x00012F61
CurrentStateBeforeOriginal: PS_Melee
CurrentAction: 68
CurrentAniPhase: 6
CurrentStateTime: 0.768152
CurrentStatePosition: 0
CurrentMovementAni: Hero_Stand_None_2H_P0_HoldRight_End_N_Fwd_00_%_00_P0_0.xmot
Stage: BEFORE_ORIGINAL
ElapsedMs: 26153.135
PrimarySnapshotAvailable: 1
PrimaryMotionName: Hero_Stand_None_2H_P0_HoldRight_End_N_Fwd_00_%_00_P0_0.xmot
PrimaryHasMotionInstance: 1
PrimaryMotionRunning: 1
PrimaryPlayTime: 0.399990
PrimaryMaxTime: 0.400000
PrimaryPlaySpeed: 0.000000
LeftHandSourceResolved: 0
LeftHandSource: <none>
LeftHandSourceAddress: 00000000
LeftHandSourceCollisionGroup: -1
RightHandSourceResolved: 1
RightHandSource: It_2H_Sword_Flamberge
RightHandSourceAddress: E70EAC10
RightHandSourceCollisionGroup: 5
CapturedStackFrameCount: 3
StackFrame[0]: Address=1C5F0CA8 Module=Script_FrameCollisionTest.dll Base=1C5E0000 RVA=0x00010CA8
StackFrame[1]: Address=1AD72F61 Module=Script.dll Base=1AD60000 RVA=0x00012F61
StackFrame[2]: Address=00C604D3 Module=Game.dll Base=00B00000 RVA=0x001604D3
CleanupBehaviorChanged: 0
==============================

===== OUTER_FRAME AI_SET_STATE_BEFORE =====
ElapsedMs: 26153.197
ActorAddress: EBB66E10
Actor: PC_Hero
SPUAddress: EBB67074
StateStackCount: 1
HasTopFrame: 1
TopIndex: 0
TopEntryAddressDiagnosticOnly: DC490C10
TopScriptName: PS_Melee
TopIsScriptState: 1
TopBreakBlock: 3
TopArgumentsAddress: 00000000
TopLocalCallback: 
TopExtraFloat: 1000.000000
CurrentState: PS_Melee
CurrentAction: 68
CurrentStatePosition: 0
CurrentStateTime: 0.768152
TopEntryAddressIsExecutionIdentity: 0
ArgumentsDereferencedOrClassified: 0
LifecycleBehaviorChanged: 0
CollisionBehaviorChanged: 0
===============================

===== OUTER_FRAME AI_SET_STATE_AFTER =====
ElapsedMs: 26153.298
ActorAddress: EBB66E10
Actor: PC_Hero
SPUAddress: EBB67074
StateStackCount: 1
HasTopFrame: 1
TopIndex: 0
TopEntryAddressDiagnosticOnly: DC490210
TopScriptName: PS_Melee_Loop
TopIsScriptState: 1
TopBreakBlock: 0
TopArgumentsAddress: 00000000
TopLocalCallback: 
TopExtraFloat: 1000.000000
CurrentState: PS_Melee_Loop
CurrentAction: 68
CurrentStatePosition: 0
CurrentStateTime: 0.000000
TopEntryAddressIsExecutionIdentity: 0
ArgumentsDereferencedOrClassified: 0
LifecycleBehaviorChanged: 0
CollisionBehaviorChanged: 0
===============================

===== AISETSTATE CALLSITE =====
ElapsedMs: 26754.756
ActorAddress: EBB66E10
Actor: PC_Hero
RequestedState: PS_Melee_Parade
CallerAddress: 1AD72F61
CallerModuleResolved: 1
CallerModule: Script.dll
CallerModuleBase: 1AD60000
CallerRVA: 0x00012F61
CurrentStateBeforeOriginal: PS_Melee_Loop
CurrentAction: 0
CurrentAniPhase: 6
CurrentStateTime: 0.591922
CurrentStatePosition: 0
CurrentMovementAni: Hero_Stand_None_2H_P0_HoldRight_End_N_Fwd_00_%_00_P0_0.xmot
Stage: BEFORE_ORIGINAL
ElapsedMs: 26754.763
PrimarySnapshotAvailable: 1
PrimaryMotionName: Hero_Stand_None_2H_P0_HoldRight_End_N_Fwd_00_%_00_P0_0.xmot
PrimaryHasMotionInstance: 1
PrimaryMotionRunning: 1
PrimaryPlayTime: 0.399990
PrimaryMaxTime: 0.400000
PrimaryPlaySpeed: 0.000000
LeftHandSourceResolved: 0
LeftHandSource: <none>
LeftHandSourceAddress: 00000000
LeftHandSourceCollisionGroup: -1
RightHandSourceResolved: 1
RightHandSource: It_2H_Sword_Flamberge
RightHandSourceAddress: E70EAC10
RightHandSourceCollisionGroup: 5
CapturedStackFrameCount: 3
StackFrame[0]: Address=1C5F0CA8 Module=Script_FrameCollisionTest.dll Base=1C5E0000 RVA=0x00010CA8
StackFrame[1]: Address=1AD72F61 Module=Script.dll Base=1AD60000 RVA=0x00012F61
StackFrame[2]: Address=00C604D3 Module=Game.dll Base=00B00000 RVA=0x001604D3
CleanupBehaviorChanged: 0
==============================

===== OUTER_FRAME AI_SET_STATE_BEFORE =====
ElapsedMs: 26754.826
ActorAddress: EBB66E10
Actor: PC_Hero
SPUAddress: EBB67074
StateStackCount: 1
HasTopFrame: 1
TopIndex: 0
TopEntryAddressDiagnosticOnly: DC490210
TopScriptName: PS_Melee_Loop
TopIsScriptState: 1
TopBreakBlock: 1
TopArgumentsAddress: 00000000
TopLocalCallback: 
TopExtraFloat: 1000.000000
CurrentState: PS_Melee_Loop
CurrentAction: 0
CurrentStatePosition: 0
CurrentStateTime: 0.591922
TopEntryAddressIsExecutionIdentity: 0
ArgumentsDereferencedOrClassified: 0
LifecycleBehaviorChanged: 0
CollisionBehaviorChanged: 0
===============================

===== OUTER_FRAME AI_SET_STATE_AFTER =====
ElapsedMs: 26754.849
ActorAddress: EBB66E10
Actor: PC_Hero
SPUAddress: EBB67074
StateStackCount: 1
HasTopFrame: 1
TopIndex: 0
TopEntryAddressDiagnosticOnly: DC490210
TopScriptName: PS_Melee_Parade
TopIsScriptState: 1
TopBreakBlock: 0
TopArgumentsAddress: 00000000
TopLocalCallback: 
TopExtraFloat: 1000.000000
CurrentState: PS_Melee_Parade
CurrentAction: 0
CurrentStatePosition: 0
CurrentStateTime: 0.000000
TopEntryAddressIsExecutionIdentity: 0
ArgumentsDereferencedOrClassified: 0
LifecycleBehaviorChanged: 0
CollisionBehaviorChanged: 0
===============================

===== AISETSTATE CALLSITE =====
ElapsedMs: 26764.422
ActorAddress: EBB66E10
Actor: PC_Hero
RequestedState: PS_Melee_Loop
CallerAddress: 1AD72F61
CallerModuleResolved: 1
CallerModule: Script.dll
CallerModuleBase: 1AD60000
CallerRVA: 0x00012F61
CurrentStateBeforeOriginal: PS_Melee_Parade
CurrentAction: 0
CurrentAniPhase: 6
CurrentStateTime: 0.000000
CurrentStatePosition: 0
CurrentMovementAni: Hero_Stand_None_2H_P0_HoldRight_End_N_Fwd_00_%_00_P0_0.xmot
Stage: BEFORE_ORIGINAL
ElapsedMs: 26764.428
PrimarySnapshotAvailable: 1
PrimaryMotionName: Hero_Stand_None_2H_P0_HoldRight_End_N_Fwd_00_%_00_P0_0.xmot
PrimaryHasMotionInstance: 1
PrimaryMotionRunning: 1
PrimaryPlayTime: 0.399990
PrimaryMaxTime: 0.400000
PrimaryPlaySpeed: 0.000000
LeftHandSourceResolved: 0
LeftHandSource: <none>
LeftHandSourceAddress: 00000000
LeftHandSourceCollisionGroup: -1
RightHandSourceResolved: 1
RightHandSource: It_2H_Sword_Flamberge
RightHandSourceAddress: E70EAC10
RightHandSourceCollisionGroup: 5
CapturedStackFrameCount: 3
StackFrame[0]: Address=1C5F0CA8 Module=Script_FrameCollisionTest.dll Base=1C5E0000 RVA=0x00010CA8
StackFrame[1]: Address=1AD72F61 Module=Script.dll Base=1AD60000 RVA=0x00012F61
StackFrame[2]: Address=00C604D3 Module=Game.dll Base=00B00000 RVA=0x001604D3
CleanupBehaviorChanged: 0
==============================

===== OUTER_FRAME AI_SET_STATE_BEFORE =====
ElapsedMs: 26764.490
ActorAddress: EBB66E10
Actor: PC_Hero
SPUAddress: EBB67074
StateStackCount: 1
HasTopFrame: 1
TopIndex: 0
TopEntryAddressDiagnosticOnly: DC490210
TopScriptName: PS_Melee_Parade
TopIsScriptState: 1
TopBreakBlock: 2
TopArgumentsAddress: 00000000
TopLocalCallback: 
TopExtraFloat: 1000.000000
CurrentState: PS_Melee_Parade
CurrentAction: 0
CurrentStatePosition: 0
CurrentStateTime: 0.000000
TopEntryAddressIsExecutionIdentity: 0
ArgumentsDereferencedOrClassified: 0
LifecycleBehaviorChanged: 0
CollisionBehaviorChanged: 0
===============================

===== OUTER_FRAME AI_SET_STATE_AFTER =====
ElapsedMs: 26764.515
ActorAddress: EBB66E10
Actor: PC_Hero
SPUAddress: EBB67074
StateStackCount: 1
HasTopFrame: 1
TopIndex: 0
TopEntryAddressDiagnosticOnly: DC490210
TopScriptName: PS_Melee_Loop
TopIsScriptState: 1
TopBreakBlock: 0
TopArgumentsAddress: 00000000
TopLocalCallback: 
TopExtraFloat: 1000.000000
CurrentState: PS_Melee_Loop
CurrentAction: 0
CurrentStatePosition: 0
CurrentStateTime: 0.000000
TopEntryAddressIsExecutionIdentity: 0
ArgumentsDereferencedOrClassified: 0
LifecycleBehaviorChanged: 0
CollisionBehaviorChanged: 0
===============================

===== PRIMARYFIRST StopMotion =====
OwnerEntityAddress: EBB66E10
OwnerEntity: PC_Hero
MotionType: 0
Stage: REQUEST_BEFORE_ORIGINAL
ElapsedMs: 27367.767
PrimarySnapshotAvailable: 1
PrimaryMotionName: Hero_Stand_None_2H_P0_HoldRight_End_N_Fwd_00_%_00_P0_0.xmot
PrimaryHasMotionInstance: 1
PrimaryMotionRunning: 1
PrimaryPlayTime: 0.399990
PrimaryMaxTime: 0.400000
PrimaryPlaySpeed: 0.000000
Stage: RESULT_AFTER_ORIGINAL
ElapsedMs: 27367.771
PrimarySnapshotAvailable: 1
PrimaryMotionName: 
PrimaryHasMotionInstance: 0
PrimaryMotionRunning: 0
PrimaryPlayTime: 0.000000
PrimaryMaxTime: 0.000000
PrimaryPlaySpeed: 0.000000
CleanupBehaviorChanged: 0
=====================================

===== EMPTY-PRIMARY SUCCESSOR STACK =====
ElapsedMs: 27367.819
Actor: PC_Hero
PrimaryWasEmptyBefore: 1
IncomingMotionRequestAddress: 0019EB18
SuccessorPrimaryMotionNameAfterOriginal: Hero_Stand_None_2H_P0_Move_Turn90_N_Right_00_%_00_P0_0.xmot
SuccessorPrimarySnapshotAvailable: 1
SuccessorPrimaryHasMotionInstance: 1
CurrentActionBeforeOriginal: 0
CurrentAniPhaseBeforeOriginal: 12
CurrentStateTimeBeforeOriginal: 0.592971
CurrentStatePositionBeforeOriginal: 0
CurrentMovementAniBeforeOriginal: Hero_Stand_None_2H_P0_Move_Turn90_N_Right_00_%_00_P0_0.xmot
LeftHandSourceResolved: 0
LeftHandSource: <none>
LeftHandSourceAddress: 00000000
LeftHandSourceCollisionGroup: -1
RightHandSourceResolved: 1
RightHandSource: It_2H_Sword_Flamberge
RightHandSourceAddress: E70EAC10
RightHandSourceCollisionGroup: 5
CapturedStackFrameCount: 2
StackFrame[0]: Address=1C5EF763 Module=Script_FrameCollisionTest.dll Base=1C5E0000 RVA=0x0000F763
StackFrame[1]: Address=00BDA1CF Module=Game.dll Base=00B00000 RVA=0x000DA1CF
CleanupBehaviorChanged: 0
=============================================

===== PRIMARYFIRST PlayMotion =====
OwnerEntityAddress: EBB66E10
OwnerEntity: PC_Hero
MotionType: 0
Stage: REQUEST_BEFORE_ORIGINAL
ElapsedMs: 27367.817
PrimarySnapshotAvailable: 1
PrimaryMotionName: 
PrimaryHasMotionInstance: 0
PrimaryMotionRunning: 0
PrimaryPlayTime: 0.000000
PrimaryMaxTime: 0.000000
PrimaryPlaySpeed: 0.000000
Stage: RESULT_AFTER_ORIGINAL
ElapsedMs: 27368.012
PrimarySnapshotAvailable: 1
PrimaryMotionName: Hero_Stand_None_2H_P0_Move_Turn90_N_Right_00_%_00_P0_0.xmot
PrimaryHasMotionInstance: 1
PrimaryMotionRunning: 1
PrimaryPlayTime: 0.000000
PrimaryMaxTime: 0.800000
PrimaryPlaySpeed: 1.000000
CleanupBehaviorChanged: 0
=====================================

===== PRIMARYFIRST StopMotion =====
OwnerEntityAddress: EBB66E10
OwnerEntity: PC_Hero
MotionType: 0
Stage: REQUEST_BEFORE_ORIGINAL
ElapsedMs: 27606.751
PrimarySnapshotAvailable: 1
PrimaryMotionName: Hero_Stand_None_2H_P0_Move_Turn90_N_Right_00_%_00_P0_0.xmot
PrimaryHasMotionInstance: 1
PrimaryMotionRunning: 1
PrimaryPlayTime: 0.103180
PrimaryMaxTime: 0.800000
PrimaryPlaySpeed: 0.017584
Stage: RESULT_AFTER_ORIGINAL
ElapsedMs: 27606.755
PrimarySnapshotAvailable: 1
PrimaryMotionName: 
PrimaryHasMotionInstance: 0
PrimaryMotionRunning: 0
PrimaryPlayTime: 0.000000
PrimaryMaxTime: 0.000000
PrimaryPlaySpeed: 0.000000
CleanupBehaviorChanged: 0
=====================================

===== EMPTY-PRIMARY SUCCESSOR STACK =====
ElapsedMs: 27606.836
Actor: PC_Hero
PrimaryWasEmptyBefore: 1
IncomingMotionRequestAddress: 0019EB18
SuccessorPrimaryMotionNameAfterOriginal: Hero_Stand_None_2H_P0_Move_Turn90_N_Left_00_%_00_P0_0.xmot
SuccessorPrimarySnapshotAvailable: 1
SuccessorPrimaryHasMotionInstance: 1
CurrentActionBeforeOriginal: 0
CurrentAniPhaseBeforeOriginal: 12
CurrentStateTimeBeforeOriginal: 0.832926
CurrentStatePositionBeforeOriginal: 0
CurrentMovementAniBeforeOriginal: Hero_Stand_None_2H_P0_Move_Turn90_N_Left_00_%_00_P0_0.xmot
LeftHandSourceResolved: 0
LeftHandSource: <none>
LeftHandSourceAddress: 00000000
LeftHandSourceCollisionGroup: -1
RightHandSourceResolved: 1
RightHandSource: It_2H_Sword_Flamberge
RightHandSourceAddress: E70EAC10
RightHandSourceCollisionGroup: 5
CapturedStackFrameCount: 2
StackFrame[0]: Address=1C5EF763 Module=Script_FrameCollisionTest.dll Base=1C5E0000 RVA=0x0000F763
StackFrame[1]: Address=00BDA1CF Module=Game.dll Base=00B00000 RVA=0x000DA1CF
CleanupBehaviorChanged: 0
=============================================

===== PRIMARYFIRST PlayMotion =====
OwnerEntityAddress: EBB66E10
OwnerEntity: PC_Hero
MotionType: 0
Stage: REQUEST_BEFORE_ORIGINAL
ElapsedMs: 27606.822
PrimarySnapshotAvailable: 1
PrimaryMotionName: 
PrimaryHasMotionInstance: 0
PrimaryMotionRunning: 0
PrimaryPlayTime: 0.000000
PrimaryMaxTime: 0.000000
PrimaryPlaySpeed: 0.000000
Stage: RESULT_AFTER_ORIGINAL
ElapsedMs: 27607.026
PrimarySnapshotAvailable: 1
PrimaryMotionName: Hero_Stand_None_2H_P0_Move_Turn90_N_Left_00_%_00_P0_0.xmot
PrimaryHasMotionInstance: 1
PrimaryMotionRunning: 1
PrimaryPlayTime: 0.000000
PrimaryMaxTime: 0.800000
PrimaryPlaySpeed: 1.000000
CleanupBehaviorChanged: 0
=====================================

===== AISETSTATE CALLSITE =====
ElapsedMs: 28018.107
ActorAddress: EBB66E10
Actor: PC_Hero
RequestedState: PS_Melee_Parade
CallerAddress: 1AD72F61
CallerModuleResolved: 1
CallerModule: Script.dll
CallerModuleBase: 1AD60000
CallerRVA: 0x00012F61
CurrentStateBeforeOriginal: PS_Melee_Loop
CurrentAction: 0
CurrentAniPhase: 12
CurrentStateTime: 1.243899
CurrentStatePosition: 0
CurrentMovementAni: Hero_Stand_None_2H_P0_Move_Turn90_N_Left_00_%_00_P0_0.xmot
Stage: BEFORE_ORIGINAL
ElapsedMs: 28018.114
PrimarySnapshotAvailable: 1
PrimaryMotionName: Hero_Stand_None_2H_P0_Move_Turn90_N_Left_00_%_00_P0_0.xmot
PrimaryHasMotionInstance: 1
PrimaryMotionRunning: 1
PrimaryPlayTime: 0.078299
PrimaryMaxTime: 0.800000
PrimaryPlaySpeed: 0.080449
LeftHandSourceResolved: 0
LeftHandSource: <none>
LeftHandSourceAddress: 00000000
LeftHandSourceCollisionGroup: -1
RightHandSourceResolved: 1
RightHandSource: It_2H_Sword_Flamberge
RightHandSourceAddress: E70EAC10
RightHandSourceCollisionGroup: 5
CapturedStackFrameCount: 3
StackFrame[0]: Address=1C5F0CA8 Module=Script_FrameCollisionTest.dll Base=1C5E0000 RVA=0x00010CA8
StackFrame[1]: Address=1AD72F61 Module=Script.dll Base=1AD60000 RVA=0x00012F61
StackFrame[2]: Address=00C604D3 Module=Game.dll Base=00B00000 RVA=0x001604D3
CleanupBehaviorChanged: 0
==============================

===== OUTER_FRAME AI_SET_STATE_BEFORE =====
ElapsedMs: 28018.180
ActorAddress: EBB66E10
Actor: PC_Hero
SPUAddress: EBB67074
StateStackCount: 1
HasTopFrame: 1
TopIndex: 0
TopEntryAddressDiagnosticOnly: DC490210
TopScriptName: PS_Melee_Loop
TopIsScriptState: 1
TopBreakBlock: 1
TopArgumentsAddress: 00000000
TopLocalCallback: 
TopExtraFloat: 1000.000000
CurrentState: PS_Melee_Loop
CurrentAction: 0
CurrentStatePosition: 0
CurrentStateTime: 1.243899
TopEntryAddressIsExecutionIdentity: 0
ArgumentsDereferencedOrClassified: 0
LifecycleBehaviorChanged: 0
CollisionBehaviorChanged: 0
===============================

===== OUTER_FRAME AI_SET_STATE_AFTER =====
ElapsedMs: 28018.205
ActorAddress: EBB66E10
Actor: PC_Hero
SPUAddress: EBB67074
StateStackCount: 1
HasTopFrame: 1
TopIndex: 0
TopEntryAddressDiagnosticOnly: DC490210
TopScriptName: PS_Melee_Parade
TopIsScriptState: 1
TopBreakBlock: 0
TopArgumentsAddress: 00000000
TopLocalCallback: 
TopExtraFloat: 1000.000000
CurrentState: PS_Melee_Parade
CurrentAction: 0
CurrentStatePosition: 0
CurrentStateTime: 0.000000
TopEntryAddressIsExecutionIdentity: 0
ArgumentsDereferencedOrClassified: 0
LifecycleBehaviorChanged: 0
CollisionBehaviorChanged: 0
===============================

===== AISETSTATE CALLSITE =====
ElapsedMs: 28028.229
ActorAddress: EBB66E10
Actor: PC_Hero
RequestedState: PS_Melee_Loop
CallerAddress: 1AD72F61
CallerModuleResolved: 1
CallerModule: Script.dll
CallerModuleBase: 1AD60000
CallerRVA: 0x00012F61
CurrentStateBeforeOriginal: PS_Melee_Parade
CurrentAction: 0
CurrentAniPhase: 12
CurrentStateTime: 0.000000
CurrentStatePosition: 0
CurrentMovementAni: Hero_Stand_None_2H_P0_Move_Turn90_N_Left_00_%_00_P0_0.xmot
Stage: BEFORE_ORIGINAL
ElapsedMs: 28028.235
PrimarySnapshotAvailable: 1
PrimaryMotionName: Hero_Stand_None_2H_P0_Move_Turn90_N_Left_00_%_00_P0_0.xmot
PrimaryHasMotionInstance: 1
PrimaryMotionRunning: 1
PrimaryPlayTime: 0.079024
PrimaryMaxTime: 0.800000
PrimaryPlaySpeed: 0.055513
LeftHandSourceResolved: 0
LeftHandSource: <none>
LeftHandSourceAddress: 00000000
LeftHandSourceCollisionGroup: -1
RightHandSourceResolved: 1
RightHandSource: It_2H_Sword_Flamberge
RightHandSourceAddress: E70EAC10
RightHandSourceCollisionGroup: 5
CapturedStackFrameCount: 3
StackFrame[0]: Address=1C5F0CA8 Module=Script_FrameCollisionTest.dll Base=1C5E0000 RVA=0x00010CA8
StackFrame[1]: Address=1AD72F61 Module=Script.dll Base=1AD60000 RVA=0x00012F61
StackFrame[2]: Address=00C604D3 Module=Game.dll Base=00B00000 RVA=0x001604D3
CleanupBehaviorChanged: 0
==============================

===== OUTER_FRAME AI_SET_STATE_BEFORE =====
ElapsedMs: 28028.296
ActorAddress: EBB66E10
Actor: PC_Hero
SPUAddress: EBB67074
StateStackCount: 1
HasTopFrame: 1
TopIndex: 0
TopEntryAddressDiagnosticOnly: DC490210
TopScriptName: PS_Melee_Parade
TopIsScriptState: 1
TopBreakBlock: 2
TopArgumentsAddress: 00000000
TopLocalCallback: 
TopExtraFloat: 1000.000000
CurrentState: PS_Melee_Parade
CurrentAction: 0
CurrentStatePosition: 0
CurrentStateTime: 0.000000
TopEntryAddressIsExecutionIdentity: 0
ArgumentsDereferencedOrClassified: 0
LifecycleBehaviorChanged: 0
CollisionBehaviorChanged: 0
===============================

===== OUTER_FRAME AI_SET_STATE_AFTER =====
ElapsedMs: 28028.317
ActorAddress: EBB66E10
Actor: PC_Hero
SPUAddress: EBB67074
StateStackCount: 1
HasTopFrame: 1
TopIndex: 0
TopEntryAddressDiagnosticOnly: DC490210
TopScriptName: PS_Melee_Loop
TopIsScriptState: 1
TopBreakBlock: 0
TopArgumentsAddress: 00000000
TopLocalCallback: 
TopExtraFloat: 1000.000000
CurrentState: PS_Melee_Loop
CurrentAction: 0
CurrentStatePosition: 0
CurrentStateTime: 0.000000
TopEntryAddressIsExecutionIdentity: 0
ArgumentsDereferencedOrClassified: 0
LifecycleBehaviorChanged: 0
CollisionBehaviorChanged: 0
===============================

===== PRIMARYFIRST StopMotion =====
OwnerEntityAddress: EBB66E10
OwnerEntity: PC_Hero
MotionType: 0
Stage: REQUEST_BEFORE_ORIGINAL
ElapsedMs: 28037.694
PrimarySnapshotAvailable: 1
PrimaryMotionName: 
PrimaryHasMotionInstance: 0
PrimaryMotionRunning: 0
PrimaryPlayTime: 0.000000
PrimaryMaxTime: 0.000000
PrimaryPlaySpeed: 0.000000
Stage: RESULT_AFTER_ORIGINAL
ElapsedMs: 28037.696
PrimarySnapshotAvailable: 1
PrimaryMotionName: 
PrimaryHasMotionInstance: 0
PrimaryMotionRunning: 0
PrimaryPlayTime: 0.000000
PrimaryMaxTime: 0.000000
PrimaryPlaySpeed: 0.000000
CleanupBehaviorChanged: 0
=====================================

===== PRIMARYFIRST StopMotion =====
OwnerEntityAddress: EBB66E10
OwnerEntity: PC_Hero
MotionType: 0
Stage: REQUEST_BEFORE_ORIGINAL
ElapsedMs: 28037.804
PrimarySnapshotAvailable: 1
PrimaryMotionName: 
PrimaryHasMotionInstance: 0
PrimaryMotionRunning: 0
PrimaryPlayTime: 0.000000
PrimaryMaxTime: 0.000000
PrimaryPlaySpeed: 0.000000
Stage: RESULT_AFTER_ORIGINAL
ElapsedMs: 28037.805
PrimarySnapshotAvailable: 1
PrimaryMotionName: 
PrimaryHasMotionInstance: 0
PrimaryMotionRunning: 0
PrimaryPlayTime: 0.000000
PrimaryMaxTime: 0.000000
PrimaryPlaySpeed: 0.000000
CleanupBehaviorChanged: 0
=====================================

===== EMPTY-PRIMARY SUCCESSOR STACK =====
ElapsedMs: 28037.832
Actor: PC_Hero
PrimaryWasEmptyBefore: 1
IncomingMotionRequestAddress: 0019EB18
SuccessorPrimaryMotionNameAfterOriginal: Hero_Parade_None_2H_P0_Move_Turn90_N_Left_00_%_00_P0_0.xmot
SuccessorPrimarySnapshotAvailable: 1
SuccessorPrimaryHasMotionInstance: 1
CurrentActionBeforeOriginal: 0
CurrentAniPhaseBeforeOriginal: 15
CurrentStateTimeBeforeOriginal: 0.000000
CurrentStatePositionBeforeOriginal: 0
CurrentMovementAniBeforeOriginal: Hero_Parade_None_2H_P0_Move_Turn90_N_Left_00_%_00_P0_0.xmot
LeftHandSourceResolved: 0
LeftHandSource: <none>
LeftHandSourceAddress: 00000000
LeftHandSourceCollisionGroup: -1
RightHandSourceResolved: 1
RightHandSource: It_2H_Sword_Flamberge
RightHandSourceAddress: E70EAC10
RightHandSourceCollisionGroup: 5
CapturedStackFrameCount: 2
StackFrame[0]: Address=1C5EF763 Module=Script_FrameCollisionTest.dll Base=1C5E0000 RVA=0x0000F763
StackFrame[1]: Address=00BDA1CF Module=Game.dll Base=00B00000 RVA=0x000DA1CF
CleanupBehaviorChanged: 0
=============================================

===== PRIMARYFIRST PlayMotion =====
OwnerEntityAddress: EBB66E10
OwnerEntity: PC_Hero
MotionType: 0
Stage: REQUEST_BEFORE_ORIGINAL
ElapsedMs: 28037.831
PrimarySnapshotAvailable: 1
PrimaryMotionName: 
PrimaryHasMotionInstance: 0
PrimaryMotionRunning: 0
PrimaryPlayTime: 0.000000
PrimaryMaxTime: 0.000000
PrimaryPlaySpeed: 0.000000
Stage: RESULT_AFTER_ORIGINAL
ElapsedMs: 28038.006
PrimarySnapshotAvailable: 1
PrimaryMotionName: Hero_Parade_None_2H_P0_Move_Turn90_N_Left_00_%_00_P0_0.xmot
PrimaryHasMotionInstance: 1
PrimaryMotionRunning: 1
PrimaryPlayTime: 0.000000
PrimaryMaxTime: 0.800000
PrimaryPlaySpeed: 1.000000
CleanupBehaviorChanged: 0
=====================================

===== EMPTY-PRIMARY SUCCESSOR STACK =====
ElapsedMs: 28160.554
Actor: PC_Hero
PrimaryWasEmptyBefore: 1
IncomingMotionRequestAddress: 0019EB18
SuccessorPrimaryMotionNameAfterOriginal: Hero_Parade_None_2H_P0_Ambient_Loop_N_Fwd_00_%_00_P0_0.xmot
SuccessorPrimarySnapshotAvailable: 1
SuccessorPrimaryHasMotionInstance: 1
CurrentActionBeforeOriginal: 0
CurrentAniPhaseBeforeOriginal: 5
CurrentStateTimeBeforeOriginal: 0.123018
CurrentStatePositionBeforeOriginal: 0
CurrentMovementAniBeforeOriginal: Hero_Parade_None_2H_P0_Ambient_Loop_N_Fwd_00_%_00_P0_0.xmot
LeftHandSourceResolved: 0
LeftHandSource: <none>
LeftHandSourceAddress: 00000000
LeftHandSourceCollisionGroup: -1
RightHandSourceResolved: 1
RightHandSource: It_2H_Sword_Flamberge
RightHandSourceAddress: E70EAC10
RightHandSourceCollisionGroup: 5
CapturedStackFrameCount: 2
StackFrame[0]: Address=1C5EF763 Module=Script_FrameCollisionTest.dll Base=1C5E0000 RVA=0x0000F763
StackFrame[1]: Address=00BD9CB3 Module=Game.dll Base=00B00000 RVA=0x000D9CB3
CleanupBehaviorChanged: 0
=============================================

===== PRIMARYFIRST PlayMotion =====
OwnerEntityAddress: EBB66E10
OwnerEntity: PC_Hero
MotionType: 0
Stage: REQUEST_BEFORE_ORIGINAL
ElapsedMs: 28160.552
PrimarySnapshotAvailable: 1
PrimaryMotionName: 
PrimaryHasMotionInstance: 0
PrimaryMotionRunning: 0
PrimaryPlayTime: 0.000000
PrimaryMaxTime: 0.000000
PrimaryPlaySpeed: 0.000000
Stage: RESULT_AFTER_ORIGINAL
ElapsedMs: 28160.709
PrimarySnapshotAvailable: 1
PrimaryMotionName: Hero_Parade_None_2H_P0_Ambient_Loop_N_Fwd_00_%_00_P0_0.xmot
PrimaryHasMotionInstance: 1
PrimaryMotionRunning: 1
PrimaryPlayTime: 0.000000
PrimaryMaxTime: 0.000000
PrimaryPlaySpeed: 1.000000
CleanupBehaviorChanged: 0
=====================================

===== AISETSTATE CALLSITE =====
ElapsedMs: 29759.127
ActorAddress: EBB66E10
Actor: PC_Hero
RequestedState: PS_Melee_HackAttack
CallerAddress: 1AD72F61
CallerModuleResolved: 1
CallerModule: Script.dll
CallerModuleBase: 1AD60000
CallerRVA: 0x00012F61
CurrentStateBeforeOriginal: PS_Melee_Loop
CurrentAction: 0
CurrentAniPhase: 5
CurrentStateTime: 1.694710
CurrentStatePosition: 0
CurrentMovementAni: Hero_Parade_None_2H_P0_Ambient_Loop_N_Fwd_00_%_00_P0_0.xmot
Stage: BEFORE_ORIGINAL
ElapsedMs: 29759.133
PrimarySnapshotAvailable: 1
PrimaryMotionName: Hero_Parade_None_2H_P0_Ambient_Loop_N_Fwd_00_%_00_P0_0.xmot
PrimaryHasMotionInstance: 1
PrimaryMotionRunning: 1
PrimaryPlayTime: 0.000002
PrimaryMaxTime: 0.000000
PrimaryPlaySpeed: 1.000000
LeftHandSourceResolved: 0
LeftHandSource: <none>
LeftHandSourceAddress: 00000000
LeftHandSourceCollisionGroup: -1
RightHandSourceResolved: 1
RightHandSource: It_2H_Sword_Flamberge
RightHandSourceAddress: E70EAC10
RightHandSourceCollisionGroup: 5
CapturedStackFrameCount: 3
StackFrame[0]: Address=1C5F0CA8 Module=Script_FrameCollisionTest.dll Base=1C5E0000 RVA=0x00010CA8
StackFrame[1]: Address=1AD72F61 Module=Script.dll Base=1AD60000 RVA=0x00012F61
StackFrame[2]: Address=00C604D3 Module=Game.dll Base=00B00000 RVA=0x001604D3
CleanupBehaviorChanged: 0
==============================

===== OUTER_FRAME AI_SET_STATE_BEFORE =====
ElapsedMs: 29759.196
ActorAddress: EBB66E10
Actor: PC_Hero
SPUAddress: EBB67074
StateStackCount: 1
HasTopFrame: 1
TopIndex: 0
TopEntryAddressDiagnosticOnly: DC490210
TopScriptName: PS_Melee_Loop
TopIsScriptState: 1
TopBreakBlock: 1
TopArgumentsAddress: 00000000
TopLocalCallback: 
TopExtraFloat: 1000.000000
CurrentState: PS_Melee_Loop
CurrentAction: 0
CurrentStatePosition: 0
CurrentStateTime: 1.694710
TopEntryAddressIsExecutionIdentity: 0
ArgumentsDereferencedOrClassified: 0
LifecycleBehaviorChanged: 0
CollisionBehaviorChanged: 0
===============================

===== OUTER_FRAME AI_SET_STATE_AFTER =====
ElapsedMs: 29759.217
ActorAddress: EBB66E10
Actor: PC_Hero
SPUAddress: EBB67074
StateStackCount: 1
HasTopFrame: 1
TopIndex: 0
TopEntryAddressDiagnosticOnly: DC490210
TopScriptName: PS_Melee_HackAttack
TopIsScriptState: 1
TopBreakBlock: 0
TopArgumentsAddress: 00000000
TopLocalCallback: 
TopExtraFloat: 1000.000000
CurrentState: PS_Melee_HackAttack
CurrentAction: 0
CurrentStatePosition: 0
CurrentStateTime: 0.000000
TopEntryAddressIsExecutionIdentity: 0
ArgumentsDereferencedOrClassified: 0
LifecycleBehaviorChanged: 0
CollisionBehaviorChanged: 0
===============================

===== AIFULLSTOP CALLSITE =====
ElapsedMs: 29768.359
ActorAddress: EBB66E10
Actor: PC_Hero
CallerAddress: 1AE42BEE
CallerModuleResolved: 1
CallerModule: Script_Game.dll
CallerModuleBase: 1ADE0000
CallerRVA: 0x00062BEE
CurrentAction: 0
CurrentAniPhase: 5
CurrentState: PS_Melee_HackAttack
CurrentStateTime: 0.000000
CurrentStatePosition: 0
PressedKey: 15
IsPressed: 0
IsPressedBefore: 1
DurationPressedMSecs: 101
CurrentMovementAni: Hero_Parade_None_2H_P0_Ambient_Loop_N_Fwd_00_%_00_P0_0.xmot
Stage: BEFORE_ORIGINAL
ElapsedMs: 29768.369
PrimarySnapshotAvailable: 1
PrimaryMotionName: Hero_Parade_None_2H_P0_Ambient_Loop_N_Fwd_00_%_00_P0_0.xmot
PrimaryHasMotionInstance: 1
PrimaryMotionRunning: 1
PrimaryPlayTime: 0.000005
PrimaryMaxTime: 0.000000
PrimaryPlaySpeed: 1.000000
LeftHandSourceResolved: 0
LeftHandSource: <none>
LeftHandSourceAddress: 00000000
LeftHandSourceCollisionGroup: -1
RightHandSourceResolved: 1
RightHandSource: It_2H_Sword_Flamberge
RightHandSourceAddress: E70EAC10
RightHandSourceCollisionGroup: 5
CapturedStackFrameCount: 4
StackFrame[0]: Address=1C5F06D8 Module=Script_FrameCollisionTest.dll Base=1C5E0000 RVA=0x000106D8
StackFrame[1]: Address=1AE42BEE Module=Script_Game.dll Base=1ADE0000 RVA=0x00062BEE
StackFrame[2]: Address=1AE41852 Module=Script_Game.dll Base=1ADE0000 RVA=0x00061852
StackFrame[3]: Address=00C6093B Module=Game.dll Base=00B00000 RVA=0x0016093B
CleanupBehaviorChanged: 0
===============================

===== AISETSTATE CALLSITE =====
ElapsedMs: 29768.453
ActorAddress: EBB66E10
Actor: PC_Hero
RequestedState: PS_Melee_WhirlAttack
CallerAddress: 1AD72F61
CallerModuleResolved: 1
CallerModule: Script.dll
CallerModuleBase: 1AD60000
CallerRVA: 0x00012F61
CurrentStateBeforeOriginal: PS_Melee_HackAttack
CurrentAction: 0
CurrentAniPhase: 5
CurrentStateTime: 0.000000
CurrentStatePosition: 0
CurrentMovementAni: Hero_Parade_None_2H_P0_Ambient_Loop_N_Fwd_00_%_00_P0_0.xmot
Stage: BEFORE_ORIGINAL
ElapsedMs: 29768.456
PrimarySnapshotAvailable: 1
PrimaryMotionName: Hero_Parade_None_2H_P0_Ambient_Loop_N_Fwd_00_%_00_P0_0.xmot
PrimaryHasMotionInstance: 1
PrimaryMotionRunning: 1
PrimaryPlayTime: 0.000005
PrimaryMaxTime: 0.000000
PrimaryPlaySpeed: 1.000000
LeftHandSourceResolved: 0
LeftHandSource: <none>
LeftHandSourceAddress: 00000000
LeftHandSourceCollisionGroup: -1
RightHandSourceResolved: 1
RightHandSource: It_2H_Sword_Flamberge
RightHandSourceAddress: E70EAC10
RightHandSourceCollisionGroup: 5
CapturedStackFrameCount: 4
StackFrame[0]: Address=1C5F0CA8 Module=Script_FrameCollisionTest.dll Base=1C5E0000 RVA=0x00010CA8
StackFrame[1]: Address=1AD72F61 Module=Script.dll Base=1AD60000 RVA=0x00012F61
StackFrame[2]: Address=1AE41852 Module=Script_Game.dll Base=1ADE0000 RVA=0x00061852
StackFrame[3]: Address=00C6093B Module=Game.dll Base=00B00000 RVA=0x0016093B
CleanupBehaviorChanged: 0
==============================

===== OUTER_FRAME AI_SET_STATE_BEFORE =====
ElapsedMs: 29768.495
ActorAddress: EBB66E10
Actor: PC_Hero
SPUAddress: EBB67074
StateStackCount: 1
HasTopFrame: 1
TopIndex: 0
TopEntryAddressDiagnosticOnly: DC490210
TopScriptName: PS_Melee_HackAttack
TopIsScriptState: 1
TopBreakBlock: 0
TopArgumentsAddress: 00000000
TopLocalCallback: 
TopExtraFloat: 1000.000000
CurrentState: PS_Melee_HackAttack
CurrentAction: 0
CurrentStatePosition: 0
CurrentStateTime: 0.000000
TopEntryAddressIsExecutionIdentity: 0
ArgumentsDereferencedOrClassified: 0
LifecycleBehaviorChanged: 0
CollisionBehaviorChanged: 0
===============================

===== OUTER_FRAME AI_SET_STATE_AFTER =====
ElapsedMs: 29768.516
ActorAddress: EBB66E10
Actor: PC_Hero
SPUAddress: EBB67074
StateStackCount: 1
HasTopFrame: 1
TopIndex: 0
TopEntryAddressDiagnosticOnly: DC490210
TopScriptName: PS_Melee_WhirlAttack
TopIsScriptState: 1
TopBreakBlock: 0
TopArgumentsAddress: 00000000
TopLocalCallback: 
TopExtraFloat: 1000.000000
CurrentState: PS_Melee_WhirlAttack
CurrentAction: 0
CurrentStatePosition: 0
CurrentStateTime: 0.000000
TopEntryAddressIsExecutionIdentity: 0
ArgumentsDereferencedOrClassified: 0
LifecycleBehaviorChanged: 0
CollisionBehaviorChanged: 0
===============================

===== C1 LIFECYCLE START =====
ElapsedMs: 29769.631
ActorAddress: EBB66E10
Actor: PC_Hero
Generation: 1
Status: CANDIDATE
ReplacedGeneration: 0
ReplacedOutstanding: 0
TrackedSourceCount: 1
Source[0].Address: E70EAC10
Source[0].Name: It_2H_Sword_Flamberge
Source[0].SideMask: 1
Source[0].Side: RIGHT
Source[0].ActualGroup: 5
PhysicalCollisionChanged: 0
==============================

===== C1-O2 OUTER BINDING =====
ElapsedMs: 29769.656
Event: COMBAT_MOVE_CANDIDATE_BOUND
ActorAddress: EBB66E10
Actor: PC_Hero
Generation: 1
Status: CANDIDATE
SPUAddress: EBB67074
ArgumentsAddress: DE8E8990
ScriptFunction: _AI_WhirlAttack
Outstanding: 0
PhysicalCollisionChanged: 0
================================

===== OUTER_FRAME COMBAT_MOVE_INITIAL =====
ElapsedMs: 29769.667
ActorAddress: EBB66E10
Actor: PC_Hero
SPUAddress: EBB67074
StateStackCount: 2
HasTopFrame: 1
TopIndex: 1
TopEntryAddressDiagnosticOnly: DC490228
TopScriptName: _AI_WhirlAttack
TopIsScriptState: 0
TopBreakBlock: 2
TopArgumentsAddress: DE8E8990
TopLocalCallback: OnAI_WhirlAttack
TopExtraFloat: 1000.000000
CurrentState: PS_Melee_WhirlAttack
CurrentAction: 10
CurrentStatePosition: 0
CurrentStateTime: 0.000000
TopEntryAddressIsExecutionIdentity: 0
ArgumentsDereferencedOrClassified: 0
LifecycleBehaviorChanged: 0
CollisionBehaviorChanged: 0
===============================

===== PRIMARYFIRST StopMotion =====
OwnerEntityAddress: EBB66E10
OwnerEntity: PC_Hero
MotionType: 0
Stage: REQUEST_BEFORE_ORIGINAL
ElapsedMs: 29769.978
PrimarySnapshotAvailable: 1
PrimaryMotionName: 
PrimaryHasMotionInstance: 0
PrimaryMotionRunning: 0
PrimaryPlayTime: 0.000000
PrimaryMaxTime: 0.000000
PrimaryPlaySpeed: 0.000000
Stage: RESULT_AFTER_ORIGINAL
ElapsedMs: 29769.979
PrimarySnapshotAvailable: 1
PrimaryMotionName: 
PrimaryHasMotionInstance: 0
PrimaryMotionRunning: 0
PrimaryPlayTime: 0.000000
PrimaryMaxTime: 0.000000
PrimaryPlaySpeed: 0.000000
CleanupBehaviorChanged: 0
=====================================

===== EMPTY-PRIMARY SUCCESSOR STACK =====
ElapsedMs: 29770.004
Actor: PC_Hero
PrimaryWasEmptyBefore: 1
IncomingMotionRequestAddress: EBB671A8
SuccessorPrimaryMotionNameAfterOriginal: Hero_Parade_None_2H_P0_WhirlAttack_Hit_N_Fwd_00_%_00_P0_150_R.xmot
SuccessorPrimarySnapshotAvailable: 1
SuccessorPrimaryHasMotionInstance: 1
CurrentActionBeforeOriginal: 10
CurrentAniPhaseBeforeOriginal: 1
CurrentStateTimeBeforeOriginal: 0.000000
CurrentStatePositionBeforeOriginal: 0
CurrentMovementAniBeforeOriginal: Hero_Parade_None_2H_P0_WhirlAttack_Hit_N_Fwd_00_%_00_P0_150_R.xmot
LeftHandSourceResolved: 0
LeftHandSource: <none>
LeftHandSourceAddress: 00000000
LeftHandSourceCollisionGroup: -1
RightHandSourceResolved: 1
RightHandSource: It_2H_Sword_Flamberge
RightHandSourceAddress: E70EAC10
RightHandSourceCollisionGroup: 5
CapturedStackFrameCount: 8
StackFrame[0]: Address=1C5EF763 Module=Script_FrameCollisionTest.dll Base=1C5E0000 RVA=0x0000F763
StackFrame[1]: Address=00C6B485 Module=Game.dll Base=00B00000 RVA=0x0016B485
StackFrame[2]: Address=00C69724 Module=Game.dll Base=00B00000 RVA=0x00169724
StackFrame[3]: Address=1C5F042E Module=Script_FrameCollisionTest.dll Base=1C5E0000 RVA=0x0001042E
StackFrame[4]: Address=1AE2DF92 Module=Script_Game.dll Base=1ADE0000 RVA=0x0004DF92
StackFrame[5]: Address=00C605EB Module=Game.dll Base=00B00000 RVA=0x001605EB
StackFrame[6]: Address=1AE60010 Module=Script_Game.dll Base=1ADE0000 RVA=0x00080010
StackFrame[7]: Address=00C604D3 Module=Game.dll Base=00B00000 RVA=0x001604D3
CleanupBehaviorChanged: 0
=============================================

===== PRIMARYFIRST PlayMotion =====
OwnerEntityAddress: EBB66E10
OwnerEntity: PC_Hero
MotionType: 0
Stage: REQUEST_BEFORE_ORIGINAL
ElapsedMs: 29770.004
PrimarySnapshotAvailable: 1
PrimaryMotionName: 
PrimaryHasMotionInstance: 0
PrimaryMotionRunning: 0
PrimaryPlayTime: 0.000000
PrimaryMaxTime: 0.000000
PrimaryPlaySpeed: 0.000000
Stage: RESULT_AFTER_ORIGINAL
ElapsedMs: 29770.019
PrimarySnapshotAvailable: 1
PrimaryMotionName: Hero_Parade_None_2H_P0_WhirlAttack_Hit_N_Fwd_00_%_00_P0_150_R.xmot
PrimaryHasMotionInstance: 1
PrimaryMotionRunning: 1
PrimaryPlayTime: 0.000000
PrimaryMaxTime: 0.800000
PrimaryPlaySpeed: 1.000000
CleanupBehaviorChanged: 0
=====================================

===== C1 LIFECYCLE STATUS =====
ElapsedMs: 29770.087
Event: PERSISTED
ActorAddress: EBB66E10
Actor: PC_Hero
Generation: 1
Status: PERSISTED
Outstanding: 0
PhysicalCollisionChanged: 0
===============================

===== MARKER OWNERSHIP DECISION =====
ElapsedMs: 29770.154
Actor: PC_Hero
CurrentMovementAni: Hero_Parade_None_2H_P0_WhirlAttack_Hit_N_Fwd_00_%_00_P0_150_R.xmot
MatchingMotionFound: 1
FrameEffectCount: 1
ContainsReservedSourceMarker: 0
RequiredSourceMask: 0
AuthoredRIGHTMarkerCount: 0
FirstRIGHTMarkerFrame: -1
AuthoredLEFTMarkerCount: 0
FirstLEFTMarkerFrame: -1
AuthoredBOTHMarkerCount: 0
FirstBOTHMarkerFrame: -1
AuthoredOFFMarkerCount: 0
FirstOFFMarkerFrame: -1
RightHandSourceResolved: 1
RightHandSource: It_2H_Sword_Flamberge
RightHandSourceAddress: E70EAC10
RightHandSourceUseType: 3
RightHandSourceCollisionGroup: 5
LeftHandSourceResolved: 0
Decision: LEGACY/NATIVE - call original timer callback
=====================================

===== C1 OFFENSE REQUEST =====
ElapsedMs: 30011.315
ActorAddress: EBB66E10
Actor: PC_Hero
Generation: 1
Status: PERSISTED
SourceAddress: E70EAC10
Source: It_2H_Sword_Flamberge
OriginalSideMask: 1
OriginalSide: RIGHT
OffensiveRequestCount: 1
Outstanding: 1
CleanupObserved: 0
ActualGroup: 7
PhysicalCollisionChanged: 0
==============================

===== ENGINE SetCollisionGroup =====
ElapsedMs: 30011.348
Entity: It_2H_Sword_Flamberge
ChangedEntityAddress: E70EAC10
PlayerSlotMatch: RIGHT
PlayerAction: 10
PlayerAniPhase: 1
PlayerPrimaryPose: 1
PlayerStateTime: 0.254071
PlayerStatePosition: 0
PlayerCurrentMovementAni: Hero_Parade_None_2H_P0_WhirlAttack_Hit_N_Fwd_00_%_00_P0_150_R.xmot
PlayerLeftItem: <none>
PlayerLeftItemAddress: 00000000
PlayerLeftUseType: -1
PlayerLeftCollisionGroup: -1
PlayerRightItem: It_2H_Sword_Flamberge
PlayerRightItemAddress: E70EAC10
PlayerRightUseType: 3
PlayerRightCollisionGroup: 7
RequestedGroup: 7
BeforeGroup: 5
AfterGroup: 7
Item_EquippedValue: 5
Item_AttackValue: 7
RetiredMarkerExecutionCount: 0
====================================

===== C1-O2-P1 OFFENSE SCOPE =====
ElapsedMs: 30011.372
ActorAddress: EBB66E10
SourceAddress: E70EAC10
CurrentScopeExists: 0
ScopeAddress: 00000000
ScopeSPUAddress: 00000000
PlayerSPUAddress: EBB67074
SPUMatchesPlayer: 0
ScopeRuntimeStackAddress: 00000000
PlayerStateStackAddress: EBB67078
RuntimeStackMatchesPlayerStateStack: 0
ScriptNameReferenceAddress: 00000000
ScriptFunctionName: <no-current-scope>
ParentScopeExists: 0
OffenseObservedSet: 0
LifecycleBehaviorChanged: 0
CollisionBehaviorChanged: 0
==================================

===== OUTER_FRAME OFFENSE =====
ElapsedMs: 30011.386
ActorAddress: EBB66E10
Actor: PC_Hero
SourceAddress: E70EAC10
Source: It_2H_Sword_Flamberge
RequestedGroup: 7
BeforeGroup: 5
AfterGroup: 7
SPUAddress: EBB67074
StateStackCount: 2
HasTopFrame: 1
TopIndex: 1
TopEntryAddressDiagnosticOnly: DC490228
TopScriptName: _AI_WhirlAttack
TopIsScriptState: 0
TopBreakBlock: 2
TopArgumentsAddress: DE8E8990
TopLocalCallback: OnAI_WhirlAttack
TopExtraFloat: 1000.000000
CurrentState: PS_Melee_WhirlAttack
CurrentAction: 10
CurrentStatePosition: 0
CurrentStateTime: 0.254071
TopEntryAddressIsExecutionIdentity: 0
ArgumentsDereferencedOrClassified: 0
LifecycleBehaviorChanged: 0
CollisionBehaviorChanged: 0
===============================

===== AIFULLSTOP CALLSITE =====
ElapsedMs: 30466.811
ActorAddress: EBB66E10
Actor: PC_Hero
CallerAddress: 1AE433F7
CallerModuleResolved: 1
CallerModule: Script_Game.dll
CallerModuleBase: 1ADE0000
CallerRVA: 0x000633F7
CurrentAction: 10
CurrentAniPhase: 1
CurrentState: PS_Melee_WhirlAttack
CurrentStateTime: 0.710049
CurrentStatePosition: 1
PressedKey: 16
IsPressed: 1
IsPressedBefore: 1
DurationPressedMSecs: 2509
CurrentMovementAni: Hero_Parade_None_2H_P0_WhirlAttack_Hit_N_Fwd_00_%_00_P0_150_R.xmot
Stage: BEFORE_ORIGINAL
ElapsedMs: 30466.820
PrimarySnapshotAvailable: 1
PrimaryMotionName: Hero_Parade_None_2H_P0_WhirlAttack_Hit_N_Fwd_00_%_00_P0_150_R.xmot
PrimaryHasMotionInstance: 1
PrimaryMotionRunning: 1
PrimaryPlayTime: 0.710049
PrimaryMaxTime: 0.800000
PrimaryPlaySpeed: 1.000000
LeftHandSourceResolved: 0
LeftHandSource: <none>
LeftHandSourceAddress: 00000000
LeftHandSourceCollisionGroup: -1
RightHandSourceResolved: 1
RightHandSource: It_2H_Sword_Flamberge
RightHandSourceAddress: E70EAC10
RightHandSourceCollisionGroup: 7
CapturedStackFrameCount: 4
StackFrame[0]: Address=1C5F06D8 Module=Script_FrameCollisionTest.dll Base=1C5E0000 RVA=0x000106D8
StackFrame[1]: Address=1AE433F7 Module=Script_Game.dll Base=1ADE0000 RVA=0x000633F7
StackFrame[2]: Address=1AE41866 Module=Script_Game.dll Base=1ADE0000 RVA=0x00061866
StackFrame[3]: Address=00C6093B Module=Game.dll Base=00B00000 RVA=0x0016093B
CleanupBehaviorChanged: 0
===============================

===== COMBATMOVE FULLSTOP STACK =====
ElapsedMs: 30467.010
ActorAddress: EBB66E10
Actor: PC_Hero
FullStop: 1
InstructionArgsAddress: 00000000
CurrentAction: 10
CurrentAniPhase: 1
CurrentStateTime: 0.710049
CurrentStatePosition: 1
CurrentMovementAni: Hero_Parade_None_2H_P0_WhirlAttack_Hit_N_Fwd_00_%_00_P0_150_R.xmot
Stage: BEFORE_ORIGINAL
ElapsedMs: 30467.015
PrimarySnapshotAvailable: 1
PrimaryMotionName: Hero_Parade_None_2H_P0_WhirlAttack_Hit_N_Fwd_00_%_00_P0_150_R.xmot
PrimaryHasMotionInstance: 1
PrimaryMotionRunning: 1
PrimaryPlayTime: 0.710049
PrimaryMaxTime: 0.800000
PrimaryPlaySpeed: 1.000000
LeftHandSourceResolved: 0
LeftHandSource: <none>
LeftHandSourceAddress: 00000000
LeftHandSourceCollisionGroup: -1
RightHandSourceResolved: 1
RightHandSource: It_2H_Sword_Flamberge
RightHandSourceAddress: E70EAC10
RightHandSourceCollisionGroup: 7
CapturedStackFrameCount: 5
StackFrame[0]: Address=1C5F03BA Module=Script_FrameCollisionTest.dll Base=1C5E0000 RVA=0x000103BA
StackFrame[1]: Address=00C64441 Module=Game.dll Base=00B00000 RVA=0x00164441
StackFrame[2]: Address=1AE433F7 Module=Script_Game.dll Base=1ADE0000 RVA=0x000633F7
StackFrame[3]: Address=1AE41866 Module=Script_Game.dll Base=1ADE0000 RVA=0x00061866
StackFrame[4]: Address=00C6093B Module=Game.dll Base=00B00000 RVA=0x0016093B
CleanupBehaviorChanged: 0
=====================================

===== AISETSTATE CALLSITE =====
ElapsedMs: 30467.143
ActorAddress: EBB66E10
Actor: PC_Hero
RequestedState: PS_Melee_Loop
CallerAddress: 1AD72F61
CallerModuleResolved: 1
CallerModule: Script.dll
CallerModuleBase: 1AD60000
CallerRVA: 0x00012F61
CurrentStateBeforeOriginal: PS_Melee_WhirlAttack
CurrentAction: 10
CurrentAniPhase: 1
CurrentStateTime: 0.710049
CurrentStatePosition: 1
CurrentMovementAni: Hero_Parade_None_2H_P0_WhirlAttack_Hit_N_Fwd_00_%_00_P0_150_R.xmot
Stage: BEFORE_ORIGINAL
ElapsedMs: 30467.146
PrimarySnapshotAvailable: 1
PrimaryMotionName: Hero_Parade_None_2H_P0_WhirlAttack_Hit_N_Fwd_00_%_00_P0_150_R.xmot
PrimaryHasMotionInstance: 1
PrimaryMotionRunning: 1
PrimaryPlayTime: 0.710049
PrimaryMaxTime: 0.800000
PrimaryPlaySpeed: 1.000000
LeftHandSourceResolved: 0
LeftHandSource: <none>
LeftHandSourceAddress: 00000000
LeftHandSourceCollisionGroup: -1
RightHandSourceResolved: 1
RightHandSource: It_2H_Sword_Flamberge
RightHandSourceAddress: E70EAC10
RightHandSourceCollisionGroup: 7
CapturedStackFrameCount: 4
StackFrame[0]: Address=1C5F0CA8 Module=Script_FrameCollisionTest.dll Base=1C5E0000 RVA=0x00010CA8
StackFrame[1]: Address=1AD72F61 Module=Script.dll Base=1AD60000 RVA=0x00012F61
StackFrame[2]: Address=1AE41866 Module=Script_Game.dll Base=1ADE0000 RVA=0x00061866
StackFrame[3]: Address=00C6093B Module=Game.dll Base=00B00000 RVA=0x0016093B
CleanupBehaviorChanged: 0
==============================

===== OUTER_FRAME AI_SET_STATE_BEFORE =====
ElapsedMs: 30467.199
ActorAddress: EBB66E10
Actor: PC_Hero
SPUAddress: EBB67074
StateStackCount: 2
HasTopFrame: 1
TopIndex: 1
TopEntryAddressDiagnosticOnly: DC490228
TopScriptName: _AI_WhirlAttack
TopIsScriptState: 0
TopBreakBlock: 2
TopArgumentsAddress: DE8E8990
TopLocalCallback: OnAI_WhirlAttack
TopExtraFloat: 1000.000000
CurrentState: PS_Melee_WhirlAttack
CurrentAction: 10
CurrentStatePosition: 1
CurrentStateTime: 0.710049
TopEntryAddressIsExecutionIdentity: 0
ArgumentsDereferencedOrClassified: 0
LifecycleBehaviorChanged: 0
CollisionBehaviorChanged: 0
===============================

===== C1 CLEANUP FULFILLED =====
ElapsedMs: 30467.269
ActorAddress: EBB66E10
Actor: PC_Hero
Generation: 1
Status: PERSISTED
SourceAddress: E70EAC10
Source: It_2H_Sword_Flamberge
OriginalSideMask: 1
OriginalSide: RIGHT
OffensiveRequestCount: 1
Outstanding: 0
CleanupObserved: 1
ActualGroup: 5
PhysicalCollisionChanged: 0
==============================

===== ENGINE SetCollisionGroup =====
ElapsedMs: 30467.285
Entity: It_2H_Sword_Flamberge
ChangedEntityAddress: E70EAC10
PlayerSlotMatch: RIGHT
PlayerAction: 10
PlayerAniPhase: 1
PlayerPrimaryPose: 1
PlayerStateTime: 0.000000
PlayerStatePosition: 0
PlayerCurrentMovementAni: Hero_Parade_None_2H_P0_WhirlAttack_Hit_N_Fwd_00_%_00_P0_150_R.xmot
PlayerLeftItem: <none>
PlayerLeftItemAddress: 00000000
PlayerLeftUseType: -1
PlayerLeftCollisionGroup: -1
PlayerRightItem: It_2H_Sword_Flamberge
PlayerRightItemAddress: E70EAC10
PlayerRightUseType: 3
PlayerRightCollisionGroup: 5
RequestedGroup: 5
BeforeGroup: 7
AfterGroup: 5
Item_EquippedValue: 5
Item_AttackValue: 7
RetiredMarkerExecutionCount: 0
====================================

===== NATIVE CLEANUP CALL SITE =====
ElapsedMs: 30467.303
Source: It_2H_Sword_Flamberge
SourceAddress: E70EAC10
PlayerSlotMatch: RIGHT
CallerAddress: 1C5EDBA8
CallerModuleResolved: 1
CallerModule: Script_FrameCollisionTest.dll
CallerModuleBase: 1C5E0000
CallerRVA: 0x0000DBA8
CapturedStackFrameCount: 6
StackFrame[0]: Address=1C5F11D9 Module=Script_FrameCollisionTest.dll Base=1C5E0000 RVA=0x000111D9
StackFrame[1]: Address=1C5EDBA8 Module=Script_FrameCollisionTest.dll Base=1C5E0000 RVA=0x0000DBA8
StackFrame[2]: Address=1C5F1082 Module=Script_FrameCollisionTest.dll Base=1C5E0000 RVA=0x00011082
StackFrame[3]: Address=1AD72F61 Module=Script.dll Base=1AD60000 RVA=0x00012F61
StackFrame[4]: Address=1AE41866 Module=Script_Game.dll Base=1ADE0000 RVA=0x00061866
StackFrame[5]: Address=00C6093B Module=Game.dll Base=00B00000 RVA=0x0016093B
RequestedGroup: 5
BeforeGroup: 7
AfterGroup: 5
CleanupBehaviorChanged: 0
====================================

===== OUTER_FRAME CLEANUP =====
ElapsedMs: 30467.328
ActorAddress: EBB66E10
Actor: PC_Hero
SourceAddress: E70EAC10
Source: It_2H_Sword_Flamberge
RequestedGroup: 5
BeforeGroup: 7
AfterGroup: 5
SPUAddress: EBB67074
StateStackCount: 1
HasTopFrame: 1
TopIndex: 0
TopEntryAddressDiagnosticOnly: DC490210
TopScriptName: PS_Melee_Loop
TopIsScriptState: 1
TopBreakBlock: 0
TopArgumentsAddress: 00000000
TopLocalCallback: 
TopExtraFloat: 1000.000000
CurrentState: PS_Melee_Loop
CurrentAction: 10
CurrentStatePosition: 0
CurrentStateTime: 0.000000
TopEntryAddressIsExecutionIdentity: 0
ArgumentsDereferencedOrClassified: 0
LifecycleBehaviorChanged: 0
CollisionBehaviorChanged: 0
===============================

===== C1 FINALIZATION =====
ElapsedMs: 30467.350
Reason: AISETSTATE_AFTER_ORIGINAL
ActorAddress: EBB66E10
Actor: PC_Hero
Generation: 1
Status: PERSISTED
TrackedSourceCount: 1
Source[0].Outcome: REPAIRED_TO_ITEM_EQUIPPED
Source[0].Address: E70EAC10
Source[0].Name: It_2H_Sword_Flamberge
Source[0].LivenessEstablished: 1
Source[0].OriginalSideMask: 1
Source[0].OriginalSide: RIGHT
Source[0].OffensiveRequestCount: 1
Source[0].OutstandingBeforeFinalization: 1
Source[0].ActualGroup: 7
Source[0].ActualGroupBeforeRepair: 7
Source[0].CleanupObserved: 0
Source[0].CleanupObservedBeforeFinalization: 0
Source[0].StillEquipped: 1
Source[0].CurrentSideMask: 1
Source[0].RepairAttempted: 1
Source[0].RepairRequestedGroup: 5
Source[0].ActualGroupAfterRepair: 5
Source[0].PhysicalCollisionChanged: 1
PhysicalCollisionChanged: 1
===========================

===== OUTER_FRAME AI_SET_STATE_AFTER =====
ElapsedMs: 30467.374
ActorAddress: EBB66E10
Actor: PC_Hero
SPUAddress: EBB67074
StateStackCount: 1
HasTopFrame: 1
TopIndex: 0
TopEntryAddressDiagnosticOnly: DC490210
TopScriptName: PS_Melee_Loop
TopIsScriptState: 1
TopBreakBlock: 0
TopArgumentsAddress: 00000000
TopLocalCallback: 
TopExtraFloat: 1000.000000
CurrentState: PS_Melee_Loop
CurrentAction: 10
CurrentStatePosition: 0
CurrentStateTime: 0.000000
TopEntryAddressIsExecutionIdentity: 0
ArgumentsDereferencedOrClassified: 0
LifecycleBehaviorChanged: 0
CollisionBehaviorChanged: 0
===============================

===== EMPTY-PRIMARY SUCCESSOR STACK =====
ElapsedMs: 30556.798
Actor: PC_Hero
PrimaryWasEmptyBefore: 1
IncomingMotionRequestAddress: 0019EB18
SuccessorPrimaryMotionNameAfterOriginal: Hero_Stand_None_2H_P0_Ambient_Loop_N_Fwd_00_%_00_P0_0.xmot
SuccessorPrimarySnapshotAvailable: 1
SuccessorPrimaryHasMotionInstance: 1
CurrentActionBeforeOriginal: 0
CurrentAniPhaseBeforeOriginal: 5
CurrentStateTimeBeforeOriginal: 0.089978
CurrentStatePositionBeforeOriginal: 0
CurrentMovementAniBeforeOriginal: Hero_Stand_None_2H_P0_Ambient_Loop_N_Fwd_00_%_00_P0_0.xmot
LeftHandSourceResolved: 0
LeftHandSource: <none>
LeftHandSourceAddress: 00000000
LeftHandSourceCollisionGroup: -1
RightHandSourceResolved: 1
RightHandSource: It_2H_Sword_Flamberge
RightHandSourceAddress: E70EAC10
RightHandSourceCollisionGroup: 5
CapturedStackFrameCount: 2
StackFrame[0]: Address=1C5EF763 Module=Script_FrameCollisionTest.dll Base=1C5E0000 RVA=0x0000F763
StackFrame[1]: Address=00BD9CB3 Module=Game.dll Base=00B00000 RVA=0x000D9CB3
CleanupBehaviorChanged: 0
=============================================

===== PRIMARYFIRST PlayMotion =====
OwnerEntityAddress: EBB66E10
OwnerEntity: PC_Hero
MotionType: 0
Stage: REQUEST_BEFORE_ORIGINAL
ElapsedMs: 30556.796
PrimarySnapshotAvailable: 1
PrimaryMotionName: 
PrimaryHasMotionInstance: 0
PrimaryMotionRunning: 0
PrimaryPlayTime: 0.000000
PrimaryMaxTime: 0.000000
PrimaryPlaySpeed: 0.000000
Stage: RESULT_AFTER_ORIGINAL
ElapsedMs: 30557.189
PrimarySnapshotAvailable: 1
PrimaryMotionName: Hero_Stand_None_2H_P0_Ambient_Loop_N_Fwd_00_%_00_P0_0.xmot
PrimaryHasMotionInstance: 1
PrimaryMotionRunning: 1
PrimaryPlayTime: 0.000000
PrimaryMaxTime: 4.000000
PrimaryPlaySpeed: 1.000000
CleanupBehaviorChanged: 0
=====================================

===== AISETSTATE CALLSITE =====
ElapsedMs: 33668.592
ActorAddress: EBB66E10
Actor: PC_Hero
RequestedState: PS_Melee_Attack
CallerAddress: 1AD72F61
CallerModuleResolved: 1
CallerModule: Script.dll
CallerModuleBase: 1AD60000
CallerRVA: 0x00012F61
CurrentStateBeforeOriginal: PS_Melee_Loop
CurrentAction: 0
CurrentAniPhase: 5
CurrentStateTime: 3.201304
CurrentStatePosition: 0
CurrentMovementAni: Hero_Stand_None_2H_P0_Ambient_Loop_N_Fwd_00_%_00_P0_0.xmot
Stage: BEFORE_ORIGINAL
ElapsedMs: 33668.599
PrimarySnapshotAvailable: 1
PrimaryMotionName: Hero_Stand_None_2H_P0_Ambient_Loop_N_Fwd_00_%_00_P0_0.xmot
PrimaryHasMotionInstance: 1
PrimaryMotionRunning: 1
PrimaryPlayTime: 3.111322
PrimaryMaxTime: 4.000000
PrimaryPlaySpeed: 1.000000
LeftHandSourceResolved: 0
LeftHandSource: <none>
LeftHandSourceAddress: 00000000
LeftHandSourceCollisionGroup: -1
RightHandSourceResolved: 1
RightHandSource: It_2H_Sword_Flamberge
RightHandSourceAddress: E70EAC10
RightHandSourceCollisionGroup: 5
CapturedStackFrameCount: 3
StackFrame[0]: Address=1C5F0CA8 Module=Script_FrameCollisionTest.dll Base=1C5E0000 RVA=0x00010CA8
StackFrame[1]: Address=1AD72F61 Module=Script.dll Base=1AD60000 RVA=0x00012F61
StackFrame[2]: Address=00C604D3 Module=Game.dll Base=00B00000 RVA=0x001604D3
CleanupBehaviorChanged: 0
==============================

===== OUTER_FRAME AI_SET_STATE_BEFORE =====
ElapsedMs: 33668.667
ActorAddress: EBB66E10
Actor: PC_Hero
SPUAddress: EBB67074
StateStackCount: 1
HasTopFrame: 1
TopIndex: 0
TopEntryAddressDiagnosticOnly: DC490210
TopScriptName: PS_Melee_Loop
TopIsScriptState: 1
TopBreakBlock: 1
TopArgumentsAddress: 00000000
TopLocalCallback: 
TopExtraFloat: 1000.000000
CurrentState: PS_Melee_Loop
CurrentAction: 0
CurrentStatePosition: 0
CurrentStateTime: 3.201304
TopEntryAddressIsExecutionIdentity: 0
ArgumentsDereferencedOrClassified: 0
LifecycleBehaviorChanged: 0
CollisionBehaviorChanged: 0
===============================

===== OUTER_FRAME AI_SET_STATE_AFTER =====
ElapsedMs: 33668.693
ActorAddress: EBB66E10
Actor: PC_Hero
SPUAddress: EBB67074
StateStackCount: 1
HasTopFrame: 1
TopIndex: 0
TopEntryAddressDiagnosticOnly: DC490210
TopScriptName: PS_Melee_Attack
TopIsScriptState: 1
TopBreakBlock: 0
TopArgumentsAddress: 00000000
TopLocalCallback: 
TopExtraFloat: 1000.000000
CurrentState: PS_Melee_Attack
CurrentAction: 0
CurrentStatePosition: 0
CurrentStateTime: 0.000000
TopEntryAddressIsExecutionIdentity: 0
ArgumentsDereferencedOrClassified: 0
LifecycleBehaviorChanged: 0
CollisionBehaviorChanged: 0
===============================

===== C1 LIFECYCLE START =====
ElapsedMs: 33678.073
ActorAddress: EBB66E10
Actor: PC_Hero
Generation: 2
Status: CANDIDATE
ReplacedGeneration: 0
ReplacedOutstanding: 0
TrackedSourceCount: 1
Source[0].Address: E70EAC10
Source[0].Name: It_2H_Sword_Flamberge
Source[0].SideMask: 1
Source[0].Side: RIGHT
Source[0].ActualGroup: 5
PhysicalCollisionChanged: 0
==============================

===== C1-O2 OUTER BINDING =====
ElapsedMs: 33678.106
Event: COMBAT_MOVE_CANDIDATE_BOUND
ActorAddress: EBB66E10
Actor: PC_Hero
Generation: 2
Status: CANDIDATE
SPUAddress: EBB67074
ArgumentsAddress: DE8EAD90
ScriptFunction: _AI_Attack
Outstanding: 0
PhysicalCollisionChanged: 0
================================

===== OUTER_FRAME COMBAT_MOVE_INITIAL =====
ElapsedMs: 33678.117
ActorAddress: EBB66E10
Actor: PC_Hero
SPUAddress: EBB67074
StateStackCount: 2
HasTopFrame: 1
TopIndex: 1
TopEntryAddressDiagnosticOnly: DC490228
TopScriptName: _AI_Attack
TopIsScriptState: 0
TopBreakBlock: 1
TopArgumentsAddress: DE8EAD90
TopLocalCallback: OnAI_Attack
TopExtraFloat: 1000.000000
CurrentState: PS_Melee_Attack
CurrentAction: 1
CurrentStatePosition: 0
CurrentStateTime: 0.000000
TopEntryAddressIsExecutionIdentity: 0
ArgumentsDereferencedOrClassified: 0
LifecycleBehaviorChanged: 0
CollisionBehaviorChanged: 0
===============================

===== PRIMARYFIRST StopMotion =====
OwnerEntityAddress: EBB66E10
OwnerEntity: PC_Hero
MotionType: 0
Stage: REQUEST_BEFORE_ORIGINAL
ElapsedMs: 33678.381
PrimarySnapshotAvailable: 1
PrimaryMotionName: 
PrimaryHasMotionInstance: 0
PrimaryMotionRunning: 0
PrimaryPlayTime: 0.000000
PrimaryMaxTime: 0.000000
PrimaryPlaySpeed: 0.000000
Stage: RESULT_AFTER_ORIGINAL
ElapsedMs: 33678.382
PrimarySnapshotAvailable: 1
PrimaryMotionName: 
PrimaryHasMotionInstance: 0
PrimaryMotionRunning: 0
PrimaryPlayTime: 0.000000
PrimaryMaxTime: 0.000000
PrimaryPlaySpeed: 0.000000
CleanupBehaviorChanged: 0
=====================================

===== EMPTY-PRIMARY SUCCESSOR STACK =====
ElapsedMs: 33678.407
Actor: PC_Hero
PrimaryWasEmptyBefore: 1
IncomingMotionRequestAddress: EBB671A8
SuccessorPrimaryMotionNameAfterOriginal: Hero_Stand_None_2H_P0_Attack_Hit_N_Fwd_00_%_00_P1_90_R.xmot
SuccessorPrimarySnapshotAvailable: 1
SuccessorPrimaryHasMotionInstance: 1
CurrentActionBeforeOriginal: 1
CurrentAniPhaseBeforeOriginal: 1
CurrentStateTimeBeforeOriginal: 0.000000
CurrentStatePositionBeforeOriginal: 0
CurrentMovementAniBeforeOriginal: Hero_Stand_None_2H_P0_Attack_Hit_N_Fwd_00_%_00_P1_90_R.xmot
LeftHandSourceResolved: 0
LeftHandSource: <none>
LeftHandSourceAddress: 00000000
LeftHandSourceCollisionGroup: -1
RightHandSourceResolved: 1
RightHandSource: It_2H_Sword_Flamberge
RightHandSourceAddress: E70EAC10
RightHandSourceCollisionGroup: 5
CapturedStackFrameCount: 8
StackFrame[0]: Address=1C5EF763 Module=Script_FrameCollisionTest.dll Base=1C5E0000 RVA=0x0000F763
StackFrame[1]: Address=00C6B485 Module=Game.dll Base=00B00000 RVA=0x0016B485
StackFrame[2]: Address=00C69724 Module=Game.dll Base=00B00000 RVA=0x00169724
StackFrame[3]: Address=1C5F042E Module=Script_FrameCollisionTest.dll Base=1C5E0000 RVA=0x0001042E
StackFrame[4]: Address=1AE18463 Module=Script_Game.dll Base=1ADE0000 RVA=0x00038463
StackFrame[5]: Address=00C605EB Module=Game.dll Base=00B00000 RVA=0x001605EB
StackFrame[6]: Address=1AE5F0DB Module=Script_Game.dll Base=1ADE0000 RVA=0x0007F0DB
StackFrame[7]: Address=00C604D3 Module=Game.dll Base=00B00000 RVA=0x001604D3
CleanupBehaviorChanged: 0
=============================================

===== PRIMARYFIRST PlayMotion =====
OwnerEntityAddress: EBB66E10
OwnerEntity: PC_Hero
MotionType: 0
Stage: REQUEST_BEFORE_ORIGINAL
ElapsedMs: 33678.406
PrimarySnapshotAvailable: 1
PrimaryMotionName: 
PrimaryHasMotionInstance: 0
PrimaryMotionRunning: 0
PrimaryPlayTime: 0.000000
PrimaryMaxTime: 0.000000
PrimaryPlaySpeed: 0.000000
Stage: RESULT_AFTER_ORIGINAL
ElapsedMs: 33678.423
PrimarySnapshotAvailable: 1
PrimaryMotionName: Hero_Stand_None_2H_P0_Attack_Hit_N_Fwd_00_%_00_P1_90_R.xmot
PrimaryHasMotionInstance: 1
PrimaryMotionRunning: 1
PrimaryPlayTime: 0.000000
PrimaryMaxTime: 0.520000
PrimaryPlaySpeed: 0.700000
CleanupBehaviorChanged: 0
=====================================

===== C1 LIFECYCLE STATUS =====
ElapsedMs: 33678.500
Event: PERSISTED
ActorAddress: EBB66E10
Actor: PC_Hero
Generation: 2
Status: PERSISTED
Outstanding: 0
PhysicalCollisionChanged: 0
===============================

===== MARKER OWNERSHIP DECISION =====
ElapsedMs: 33678.517
Actor: PC_Hero
CurrentMovementAni: Hero_Stand_None_2H_P0_Attack_Hit_N_Fwd_00_%_00_P1_90_R.xmot
MatchingMotionFound: 1
FrameEffectCount: 1
ContainsReservedSourceMarker: 0
RequiredSourceMask: 0
AuthoredRIGHTMarkerCount: 0
FirstRIGHTMarkerFrame: -1
AuthoredLEFTMarkerCount: 0
FirstLEFTMarkerFrame: -1
AuthoredBOTHMarkerCount: 0
FirstBOTHMarkerFrame: -1
AuthoredOFFMarkerCount: 0
FirstOFFMarkerFrame: -1
RightHandSourceResolved: 1
RightHandSource: It_2H_Sword_Flamberge
RightHandSourceAddress: E70EAC10
RightHandSourceUseType: 3
RightHandSourceCollisionGroup: 5
LeftHandSourceResolved: 0
Decision: LEGACY/NATIVE - call original timer callback
=====================================

===== C1 OFFENSE REQUEST =====
ElapsedMs: 33928.188
ActorAddress: EBB66E10
Actor: PC_Hero
Generation: 2
Status: PERSISTED
SourceAddress: E70EAC10
Source: It_2H_Sword_Flamberge
OriginalSideMask: 1
OriginalSide: RIGHT
OffensiveRequestCount: 1
Outstanding: 1
CleanupObserved: 0
ActualGroup: 7
PhysicalCollisionChanged: 0
==============================

===== ENGINE SetCollisionGroup =====
ElapsedMs: 33928.223
Entity: It_2H_Sword_Flamberge
ChangedEntityAddress: E70EAC10
PlayerSlotMatch: RIGHT
PlayerAction: 1
PlayerAniPhase: 1
PlayerPrimaryPose: 1
PlayerStateTime: 0.250009
PlayerStatePosition: 0
PlayerCurrentMovementAni: Hero_Stand_None_2H_P0_Attack_Hit_N_Fwd_00_%_00_P1_90_R.xmot
PlayerLeftItem: <none>
PlayerLeftItemAddress: 00000000
PlayerLeftUseType: -1
PlayerLeftCollisionGroup: -1
PlayerRightItem: It_2H_Sword_Flamberge
PlayerRightItemAddress: E70EAC10
PlayerRightUseType: 3
PlayerRightCollisionGroup: 7
RequestedGroup: 7
BeforeGroup: 5
AfterGroup: 7
Item_EquippedValue: 5
Item_AttackValue: 7
RetiredMarkerExecutionCount: 0
====================================

===== C1-O2-P1 OFFENSE SCOPE =====
ElapsedMs: 33928.248
ActorAddress: EBB66E10
SourceAddress: E70EAC10
CurrentScopeExists: 0
ScopeAddress: 00000000
ScopeSPUAddress: 00000000
PlayerSPUAddress: EBB67074
SPUMatchesPlayer: 0
ScopeRuntimeStackAddress: 00000000
PlayerStateStackAddress: EBB67078
RuntimeStackMatchesPlayerStateStack: 0
ScriptNameReferenceAddress: 00000000
ScriptFunctionName: <no-current-scope>
ParentScopeExists: 0
OffenseObservedSet: 0
LifecycleBehaviorChanged: 0
CollisionBehaviorChanged: 0
==================================

===== OUTER_FRAME OFFENSE =====
ElapsedMs: 33928.262
ActorAddress: EBB66E10
Actor: PC_Hero
SourceAddress: E70EAC10
Source: It_2H_Sword_Flamberge
RequestedGroup: 7
BeforeGroup: 5
AfterGroup: 7
SPUAddress: EBB67074
StateStackCount: 2
HasTopFrame: 1
TopIndex: 1
TopEntryAddressDiagnosticOnly: DC490228
TopScriptName: _AI_Attack
TopIsScriptState: 0
TopBreakBlock: 1
TopArgumentsAddress: DE8EAD90
TopLocalCallback: OnAI_Attack
TopExtraFloat: 1000.000000
CurrentState: PS_Melee_Attack
CurrentAction: 1
CurrentStatePosition: 0
CurrentStateTime: 0.250009
TopEntryAddressIsExecutionIdentity: 0
ArgumentsDereferencedOrClassified: 0
LifecycleBehaviorChanged: 0
CollisionBehaviorChanged: 0
===============================

===== COMBATMOVE STARTRECOVER BEGIN =====
ActorAddress: EBB66E10
Actor: PC_Hero
CurrentAction: 1
CurrentAniPhase: 1
CurrentMovementAni: Hero_Stand_None_2H_P0_Attack_Hit_N_Fwd_00_%_00_P1_90_R.xmot
Stage: BEGIN
ElapsedMs: 34430.368
PrimarySnapshotAvailable: 1
PrimaryMotionName: Hero_Stand_None_2H_P0_Attack_Hit_N_Fwd_00_%_00_P1_90_R.xmot
PrimaryHasMotionInstance: 1
PrimaryMotionRunning: 1
PrimaryPlayTime: 0.519990
PrimaryMaxTime: 0.520000
PrimaryPlaySpeed: 0.000000
LeftHandSourceResolved: 0
RightHandSourceResolved: 1
RightHandSource: It_2H_Sword_Flamberge
RightHandSourceAddress: E70EAC10
RightHandSourceCollisionGroup: 7
CleanupBehaviorChanged: 0
=========================================

===== HIT STARTRECOVER BEGIN STACK =====
ElapsedMs: 34430.454
Actor: PC_Hero
OutgoingPrimaryMotionName: Hero_Stand_None_2H_P0_Attack_Hit_N_Fwd_00_%_00_P1_90_R.xmot
CurrentAction: 1
CurrentAniPhase: 1
CurrentStateTime: 0.751964
CurrentMovementAni: Hero_Stand_None_2H_P0_Attack_Hit_N_Fwd_00_%_00_P1_90_R.xmot
LeftHandSourceResolved: 0
LeftHandSource: <none>
LeftHandSourceAddress: 00000000
LeftHandSourceCollisionGroup: -1
RightHandSourceResolved: 1
RightHandSource: It_2H_Sword_Flamberge
RightHandSourceAddress: E70EAC10
RightHandSourceCollisionGroup: 7
CapturedStackFrameCount: 4
StackFrame[0]: Address=1C5EFDCD Module=Script_FrameCollisionTest.dll Base=1C5E0000 RVA=0x0000FDCD
StackFrame[1]: Address=00C69772 Module=Game.dll Base=00B00000 RVA=0x00169772
StackFrame[2]: Address=1C5F042E Module=Script_FrameCollisionTest.dll Base=1C5E0000 RVA=0x0001042E
StackFrame[3]: Address=00C6F240 Module=Game.dll Base=00B00000 RVA=0x0016F240
CleanupBehaviorChanged: 0
========================================

===== PRIMARYFIRST StopMotion =====
OwnerEntityAddress: EBB66E10
OwnerEntity: PC_Hero
MotionType: 0
Stage: REQUEST_BEFORE_ORIGINAL
ElapsedMs: 34430.826
PrimarySnapshotAvailable: 1
PrimaryMotionName: 
PrimaryHasMotionInstance: 0
PrimaryMotionRunning: 0
PrimaryPlayTime: 0.000000
PrimaryMaxTime: 0.000000
PrimaryPlaySpeed: 0.000000
Stage: RESULT_AFTER_ORIGINAL
ElapsedMs: 34430.827
PrimarySnapshotAvailable: 1
PrimaryMotionName: 
PrimaryHasMotionInstance: 0
PrimaryMotionRunning: 0
PrimaryPlayTime: 0.000000
PrimaryMaxTime: 0.000000
PrimaryPlaySpeed: 0.000000
CleanupBehaviorChanged: 0
=====================================

===== EMPTY-PRIMARY SUCCESSOR STACK =====
ElapsedMs: 34430.853
Actor: PC_Hero
PrimaryWasEmptyBefore: 1
IncomingMotionRequestAddress: EBB671A8
SuccessorPrimaryMotionNameAfterOriginal: Hero_Stand_None_2H_P1_Attack_Recover_N_Fwd_00_%_00_P1_0_R.xmot
SuccessorPrimarySnapshotAvailable: 1
SuccessorPrimaryHasMotionInstance: 1
CurrentActionBeforeOriginal: 1
CurrentAniPhaseBeforeOriginal: 3
CurrentStateTimeBeforeOriginal: 0.751964
CurrentStatePositionBeforeOriginal: 1
CurrentMovementAniBeforeOriginal: Hero_Stand_None_2H_P0_Attack_Hit_N_Fwd_00_%_00_P1_90_R.xmot
LeftHandSourceResolved: 0
LeftHandSource: <none>
LeftHandSourceAddress: 00000000
LeftHandSourceCollisionGroup: -1
RightHandSourceResolved: 1
RightHandSource: It_2H_Sword_Flamberge
RightHandSourceAddress: E70EAC10
RightHandSourceCollisionGroup: 7
CapturedStackFrameCount: 2
StackFrame[0]: Address=1C5EF763 Module=Script_FrameCollisionTest.dll Base=1C5E0000 RVA=0x0000F763
StackFrame[1]: Address=00C6E709 Module=Game.dll Base=00B00000 RVA=0x0016E709
CleanupBehaviorChanged: 0
=============================================

===== PRIMARYFIRST PlayMotion =====
OwnerEntityAddress: EBB66E10
OwnerEntity: PC_Hero
MotionType: 0
Stage: REQUEST_BEFORE_ORIGINAL
ElapsedMs: 34430.853
PrimarySnapshotAvailable: 1
PrimaryMotionName: 
PrimaryHasMotionInstance: 0
PrimaryMotionRunning: 0
PrimaryPlayTime: 0.000000
PrimaryMaxTime: 0.000000
PrimaryPlaySpeed: 0.000000
Stage: RESULT_AFTER_ORIGINAL
ElapsedMs: 34430.869
PrimarySnapshotAvailable: 1
PrimaryMotionName: Hero_Stand_None_2H_P1_Attack_Recover_N_Fwd_00_%_00_P1_0_R.xmot
PrimaryHasMotionInstance: 1
PrimaryMotionRunning: 1
PrimaryPlayTime: 0.000000
PrimaryMaxTime: 0.920000
PrimaryPlaySpeed: 0.700000
CleanupBehaviorChanged: 0
=====================================

===== COMBATMOVE STARTRECOVER END =====
ActorAddress: EBB66E10
Actor: PC_Hero
CurrentAction: 1
CurrentAniPhase: 3
CurrentMovementAni: Hero_Stand_None_2H_P0_Attack_Hit_N_Fwd_00_%_00_P1_90_R.xmot
Stage: END
ElapsedMs: 34430.920
PrimarySnapshotAvailable: 1
PrimaryMotionName: Hero_Stand_None_2H_P1_Attack_Recover_N_Fwd_00_%_00_P1_0_R.xmot
PrimaryHasMotionInstance: 1
PrimaryMotionRunning: 1
PrimaryPlayTime: 0.000000
PrimaryMaxTime: 0.920000
PrimaryPlaySpeed: 0.700000
LeftHandSourceResolved: 0
RightHandSourceResolved: 1
RightHandSource: It_2H_Sword_Flamberge
RightHandSourceAddress: E70EAC10
RightHandSourceCollisionGroup: 7
CleanupBehaviorChanged: 0
=========================================

===== C1 CLEANUP FULFILLED =====
ElapsedMs: 34430.973
ActorAddress: EBB66E10
Actor: PC_Hero
Generation: 2
Status: PERSISTED
SourceAddress: E70EAC10
Source: It_2H_Sword_Flamberge
OriginalSideMask: 1
OriginalSide: RIGHT
OffensiveRequestCount: 1
Outstanding: 0
CleanupObserved: 1
ActualGroup: 5
PhysicalCollisionChanged: 0
==============================

===== ENGINE SetCollisionGroup =====
ElapsedMs: 34430.987
Entity: It_2H_Sword_Flamberge
ChangedEntityAddress: E70EAC10
PlayerSlotMatch: RIGHT
PlayerAction: 1
PlayerAniPhase: 3
PlayerPrimaryPose: 2
PlayerStateTime: 0.751964
PlayerStatePosition: 1
PlayerCurrentMovementAni: Hero_Stand_None_2H_P0_Attack_Hit_N_Fwd_00_%_00_P1_90_R.xmot
PlayerLeftItem: <none>
PlayerLeftItemAddress: 00000000
PlayerLeftUseType: -1
PlayerLeftCollisionGroup: -1
PlayerRightItem: It_2H_Sword_Flamberge
PlayerRightItemAddress: E70EAC10
PlayerRightUseType: 3
PlayerRightCollisionGroup: 5
RequestedGroup: 5
BeforeGroup: 7
AfterGroup: 5
Item_EquippedValue: 5
Item_AttackValue: 7
RetiredMarkerExecutionCount: 0
====================================

===== NATIVE CLEANUP CALL SITE =====
ElapsedMs: 34431.005
Source: It_2H_Sword_Flamberge
SourceAddress: E70EAC10
PlayerSlotMatch: RIGHT
CallerAddress: 1AE1851A
CallerModuleResolved: 1
CallerModule: Script_Game.dll
CallerModuleBase: 1ADE0000
CallerRVA: 0x0003851A
CapturedStackFrameCount: 4
StackFrame[0]: Address=1C5F11D9 Module=Script_FrameCollisionTest.dll Base=1C5E0000 RVA=0x000111D9
StackFrame[1]: Address=1AE1851A Module=Script_Game.dll Base=1ADE0000 RVA=0x0003851A
StackFrame[2]: Address=00C605EB Module=Game.dll Base=00B00000 RVA=0x001605EB
StackFrame[3]: Address=00C6F2C7 Module=Game.dll Base=00B00000 RVA=0x0016F2C7
RequestedGroup: 5
BeforeGroup: 7
AfterGroup: 5
CleanupBehaviorChanged: 0
====================================

===== OUTER_FRAME CLEANUP =====
ElapsedMs: 34431.026
ActorAddress: EBB66E10
Actor: PC_Hero
SourceAddress: E70EAC10
Source: It_2H_Sword_Flamberge
RequestedGroup: 5
BeforeGroup: 7
AfterGroup: 5
SPUAddress: EBB67074
StateStackCount: 2
HasTopFrame: 1
TopIndex: 1
TopEntryAddressDiagnosticOnly: DC490228
TopScriptName: _AI_Attack
TopIsScriptState: 0
TopBreakBlock: 2
TopArgumentsAddress: DE8EAD90
TopLocalCallback: OnAI_Attack
TopExtraFloat: 1000.000000
CurrentState: PS_Melee_Attack
CurrentAction: 1
CurrentStatePosition: 1
CurrentStateTime: 0.751964
TopEntryAddressIsExecutionIdentity: 0
ArgumentsDereferencedOrClassified: 0
LifecycleBehaviorChanged: 0
CollisionBehaviorChanged: 0
===============================

===== AISETSTATE CALLSITE =====
ElapsedMs: 34431.052
ActorAddress: EBB66E10
Actor: PC_Hero
RequestedState: PS_Melee_Loop
CallerAddress: 1AD72F61
CallerModuleResolved: 1
CallerModule: Script.dll
CallerModuleBase: 1AD60000
CallerRVA: 0x00012F61
CurrentStateBeforeOriginal: PS_Melee_Attack
CurrentAction: 1
CurrentAniPhase: 3
CurrentStateTime: 0.751964
CurrentStatePosition: 1
CurrentMovementAni: Hero_Stand_None_2H_P0_Attack_Hit_N_Fwd_00_%_00_P1_90_R.xmot
Stage: BEFORE_ORIGINAL
ElapsedMs: 34431.054
PrimarySnapshotAvailable: 1
PrimaryMotionName: Hero_Stand_None_2H_P1_Attack_Recover_N_Fwd_00_%_00_P1_0_R.xmot
PrimaryHasMotionInstance: 1
PrimaryMotionRunning: 1
PrimaryPlayTime: 0.000000
PrimaryMaxTime: 0.920000
PrimaryPlaySpeed: 0.700000
LeftHandSourceResolved: 0
LeftHandSource: <none>
LeftHandSourceAddress: 00000000
LeftHandSourceCollisionGroup: -1
RightHandSourceResolved: 1
RightHandSource: It_2H_Sword_Flamberge
RightHandSourceAddress: E70EAC10
RightHandSourceCollisionGroup: 5
CapturedStackFrameCount: 3
StackFrame[0]: Address=1C5F0CA8 Module=Script_FrameCollisionTest.dll Base=1C5E0000 RVA=0x00010CA8
StackFrame[1]: Address=1AD72F61 Module=Script.dll Base=1AD60000 RVA=0x00012F61
StackFrame[2]: Address=00C604D3 Module=Game.dll Base=00B00000 RVA=0x001604D3
CleanupBehaviorChanged: 0
==============================

===== OUTER_FRAME AI_SET_STATE_BEFORE =====
ElapsedMs: 34431.089
ActorAddress: EBB66E10
Actor: PC_Hero
SPUAddress: EBB67074
StateStackCount: 1
HasTopFrame: 1
TopIndex: 0
TopEntryAddressDiagnosticOnly: DC490210
TopScriptName: PS_Melee_Attack
TopIsScriptState: 1
TopBreakBlock: 2
TopArgumentsAddress: 00000000
TopLocalCallback: 
TopExtraFloat: 1000.000000
CurrentState: PS_Melee_Attack
CurrentAction: 1
CurrentStatePosition: 1
CurrentStateTime: 0.751964
TopEntryAddressIsExecutionIdentity: 0
ArgumentsDereferencedOrClassified: 0
LifecycleBehaviorChanged: 0
CollisionBehaviorChanged: 0
===============================

===== C1 FINALIZATION =====
ElapsedMs: 34431.111
Reason: AISETSTATE_AFTER_ORIGINAL
ActorAddress: EBB66E10
Actor: PC_Hero
Generation: 2
Status: PERSISTED
TrackedSourceCount: 1
Source[0].Outcome: NO_OP_NO_OUTSTANDING
Source[0].Address: E70EAC10
Source[0].Name: It_2H_Sword_Flamberge
Source[0].LivenessEstablished: 1
Source[0].OriginalSideMask: 1
Source[0].OriginalSide: RIGHT
Source[0].OffensiveRequestCount: 1
Source[0].OutstandingBeforeFinalization: 0
Source[0].ActualGroup: 5
Source[0].ActualGroupBeforeRepair: 5
Source[0].CleanupObserved: 1
Source[0].CleanupObservedBeforeFinalization: 1
Source[0].StillEquipped: 1
Source[0].CurrentSideMask: 1
Source[0].RepairAttempted: 0
Source[0].PhysicalCollisionChanged: 0
PhysicalCollisionChanged: 0
===========================

===== OUTER_FRAME AI_SET_STATE_AFTER =====
ElapsedMs: 34431.132
ActorAddress: EBB66E10
Actor: PC_Hero
SPUAddress: EBB67074
StateStackCount: 1
HasTopFrame: 1
TopIndex: 0
TopEntryAddressDiagnosticOnly: DC490210
TopScriptName: PS_Melee_Loop
TopIsScriptState: 1
TopBreakBlock: 0
TopArgumentsAddress: 00000000
TopLocalCallback: 
TopExtraFloat: 1000.000000
CurrentState: PS_Melee_Loop
CurrentAction: 1
CurrentStatePosition: 0
CurrentStateTime: 0.000000
TopEntryAddressIsExecutionIdentity: 0
ArgumentsDereferencedOrClassified: 0
LifecycleBehaviorChanged: 0
CollisionBehaviorChanged: 0
===============================

===== EMPTY-PRIMARY SUCCESSOR STACK =====
ElapsedMs: 35759.565
Actor: PC_Hero
PrimaryWasEmptyBefore: 1
IncomingMotionRequestAddress: 0019EB18
SuccessorPrimaryMotionNameAfterOriginal: Hero_Stand_None_2H_P1_Ambient_Loop_N_Fwd_00_%_00_P1_0.xmot
SuccessorPrimarySnapshotAvailable: 1
SuccessorPrimaryHasMotionInstance: 1
CurrentActionBeforeOriginal: 0
CurrentAniPhaseBeforeOriginal: 5
CurrentStateTimeBeforeOriginal: 1.320836
CurrentStatePositionBeforeOriginal: 0
CurrentMovementAniBeforeOriginal: Hero_Stand_None_2H_P1_Ambient_Loop_N_Fwd_00_%_00_P1_0.xmot
LeftHandSourceResolved: 0
LeftHandSource: <none>
LeftHandSourceAddress: 00000000
LeftHandSourceCollisionGroup: -1
RightHandSourceResolved: 1
RightHandSource: It_2H_Sword_Flamberge
RightHandSourceAddress: E70EAC10
RightHandSourceCollisionGroup: 5
CapturedStackFrameCount: 2
StackFrame[0]: Address=1C5EF763 Module=Script_FrameCollisionTest.dll Base=1C5E0000 RVA=0x0000F763
StackFrame[1]: Address=00BD9CB3 Module=Game.dll Base=00B00000 RVA=0x000D9CB3
CleanupBehaviorChanged: 0
=============================================

===== PRIMARYFIRST PlayMotion =====
OwnerEntityAddress: EBB66E10
OwnerEntity: PC_Hero
MotionType: 0
Stage: REQUEST_BEFORE_ORIGINAL
ElapsedMs: 35759.562
PrimarySnapshotAvailable: 1
PrimaryMotionName: 
PrimaryHasMotionInstance: 0
PrimaryMotionRunning: 0
PrimaryPlayTime: 0.000000
PrimaryMaxTime: 0.000000
PrimaryPlaySpeed: 0.000000
Stage: RESULT_AFTER_ORIGINAL
ElapsedMs: 35759.955
PrimarySnapshotAvailable: 1
PrimaryMotionName: Hero_Stand_None_2H_P1_Ambient_Loop_N_Fwd_00_%_00_P1_0.xmot
PrimaryHasMotionInstance: 1
PrimaryMotionRunning: 1
PrimaryPlayTime: 0.000000
PrimaryMaxTime: 4.000000
PrimaryPlaySpeed: 1.000000
CleanupBehaviorChanged: 0
=====================================

===== AISETSTATE CALLSITE =====
ElapsedMs: 37776.279
ActorAddress: EBB66E10
Actor: PC_Hero
RequestedState: PS_Melee_Parade
CallerAddress: 1AD72F61
CallerModuleResolved: 1
CallerModule: Script.dll
CallerModuleBase: 1AD60000
CallerRVA: 0x00012F61
CurrentStateBeforeOriginal: PS_Melee_Loop
CurrentAction: 0
CurrentAniPhase: 5
CurrentStateTime: 3.336723
CurrentStatePosition: 0
CurrentMovementAni: Hero_Stand_None_2H_P1_Ambient_Loop_N_Fwd_00_%_00_P1_0.xmot
Stage: BEFORE_ORIGINAL
ElapsedMs: 37776.285
PrimarySnapshotAvailable: 1
PrimaryMotionName: Hero_Stand_None_2H_P1_Ambient_Loop_N_Fwd_00_%_00_P1_0.xmot
PrimaryHasMotionInstance: 1
PrimaryMotionRunning: 1
PrimaryPlayTime: 2.015883
PrimaryMaxTime: 4.000000
PrimaryPlaySpeed: 1.000000
LeftHandSourceResolved: 0
LeftHandSource: <none>
LeftHandSourceAddress: 00000000
LeftHandSourceCollisionGroup: -1
RightHandSourceResolved: 1
RightHandSource: It_2H_Sword_Flamberge
RightHandSourceAddress: E70EAC10
RightHandSourceCollisionGroup: 5
CapturedStackFrameCount: 3
StackFrame[0]: Address=1C5F0CA8 Module=Script_FrameCollisionTest.dll Base=1C5E0000 RVA=0x00010CA8
StackFrame[1]: Address=1AD72F61 Module=Script.dll Base=1AD60000 RVA=0x00012F61
StackFrame[2]: Address=00C604D3 Module=Game.dll Base=00B00000 RVA=0x001604D3
CleanupBehaviorChanged: 0
==============================

===== OUTER_FRAME AI_SET_STATE_BEFORE =====
ElapsedMs: 37776.349
ActorAddress: EBB66E10
Actor: PC_Hero
SPUAddress: EBB67074
StateStackCount: 1
HasTopFrame: 1
TopIndex: 0
TopEntryAddressDiagnosticOnly: DC490210
TopScriptName: PS_Melee_Loop
TopIsScriptState: 1
TopBreakBlock: 1
TopArgumentsAddress: 00000000
TopLocalCallback: 
TopExtraFloat: 1000.000000
CurrentState: PS_Melee_Loop
CurrentAction: 0
CurrentStatePosition: 0
CurrentStateTime: 3.336723
TopEntryAddressIsExecutionIdentity: 0
ArgumentsDereferencedOrClassified: 0
LifecycleBehaviorChanged: 0
CollisionBehaviorChanged: 0
===============================

===== OUTER_FRAME AI_SET_STATE_AFTER =====
ElapsedMs: 37776.372
ActorAddress: EBB66E10
Actor: PC_Hero
SPUAddress: EBB67074
StateStackCount: 1
HasTopFrame: 1
TopIndex: 0
TopEntryAddressDiagnosticOnly: DC490210
TopScriptName: PS_Melee_Parade
TopIsScriptState: 1
TopBreakBlock: 0
TopArgumentsAddress: 00000000
TopLocalCallback: 
TopExtraFloat: 1000.000000
CurrentState: PS_Melee_Parade
CurrentAction: 0
CurrentStatePosition: 0
CurrentStateTime: 0.000000
TopEntryAddressIsExecutionIdentity: 0
ArgumentsDereferencedOrClassified: 0
LifecycleBehaviorChanged: 0
CollisionBehaviorChanged: 0
===============================

===== C1 LIFECYCLE START =====
ElapsedMs: 37786.543
ActorAddress: EBB66E10
Actor: PC_Hero
Generation: 3
Status: CANDIDATE
ReplacedGeneration: 0
ReplacedOutstanding: 0
TrackedSourceCount: 1
Source[0].Address: E70EAC10
Source[0].Name: It_2H_Sword_Flamberge
Source[0].SideMask: 1
Source[0].Side: RIGHT
Source[0].ActualGroup: 5
PhysicalCollisionChanged: 0
==============================

===== C1-O2 OUTER BINDING =====
ElapsedMs: 37786.577
Event: COMBAT_MOVE_CANDIDATE_BOUND
ActorAddress: EBB66E10
Actor: PC_Hero
Generation: 3
Status: CANDIDATE
SPUAddress: EBB67074
ArgumentsAddress: DE8EAF10
ScriptFunction: _AI_Parade
Outstanding: 0
PhysicalCollisionChanged: 0
================================

===== OUTER_FRAME COMBAT_MOVE_INITIAL =====
ElapsedMs: 37786.594
ActorAddress: EBB66E10
Actor: PC_Hero
SPUAddress: EBB67074
StateStackCount: 2
HasTopFrame: 1
TopIndex: 1
TopEntryAddressDiagnosticOnly: DC490228
TopScriptName: _AI_Parade
TopIsScriptState: 0
TopBreakBlock: 1
TopArgumentsAddress: DE8EAF10
TopLocalCallback: OnAI_Parade
TopExtraFloat: 1000.000000
CurrentState: PS_Melee_Parade
CurrentAction: 16
CurrentStatePosition: 0
CurrentStateTime: 0.000000
TopEntryAddressIsExecutionIdentity: 0
ArgumentsDereferencedOrClassified: 0
LifecycleBehaviorChanged: 0
CollisionBehaviorChanged: 0
===============================

===== PRIMARYFIRST StopMotion =====
OwnerEntityAddress: EBB66E10
OwnerEntity: PC_Hero
MotionType: 0
Stage: REQUEST_BEFORE_ORIGINAL
ElapsedMs: 37786.949
PrimarySnapshotAvailable: 1
PrimaryMotionName: 
PrimaryHasMotionInstance: 0
PrimaryMotionRunning: 0
PrimaryPlayTime: 0.000000
PrimaryMaxTime: 0.000000
PrimaryPlaySpeed: 0.000000
Stage: RESULT_AFTER_ORIGINAL
ElapsedMs: 37786.950
PrimarySnapshotAvailable: 1
PrimaryMotionName: 
PrimaryHasMotionInstance: 0
PrimaryMotionRunning: 0
PrimaryPlayTime: 0.000000
PrimaryMaxTime: 0.000000
PrimaryPlaySpeed: 0.000000
CleanupBehaviorChanged: 0
=====================================

===== EMPTY-PRIMARY SUCCESSOR STACK =====
ElapsedMs: 37786.977
Actor: PC_Hero
PrimaryWasEmptyBefore: 1
IncomingMotionRequestAddress: EBB671A8
SuccessorPrimaryMotionNameAfterOriginal: Hero_Stand_None_2H_P1_Parade_Begin_N_Fwd_00_%_00_P0_0.xmot
SuccessorPrimarySnapshotAvailable: 1
SuccessorPrimaryHasMotionInstance: 1
CurrentActionBeforeOriginal: 16
CurrentAniPhaseBeforeOriginal: 4
CurrentStateTimeBeforeOriginal: 0.000000
CurrentStatePositionBeforeOriginal: 0
CurrentMovementAniBeforeOriginal: Hero_Stand_None_2H_P1_Parade_Begin_N_Fwd_00_%_00_P0_0.xmot
LeftHandSourceResolved: 0
LeftHandSource: <none>
LeftHandSourceAddress: 00000000
LeftHandSourceCollisionGroup: -1
RightHandSourceResolved: 1
RightHandSource: It_2H_Sword_Flamberge
RightHandSourceAddress: E70EAC10
RightHandSourceCollisionGroup: 5
CapturedStackFrameCount: 8
StackFrame[0]: Address=1C5EF763 Module=Script_FrameCollisionTest.dll Base=1C5E0000 RVA=0x0000F763
StackFrame[1]: Address=00C6B485 Module=Game.dll Base=00B00000 RVA=0x0016B485
StackFrame[2]: Address=00C69724 Module=Game.dll Base=00B00000 RVA=0x00169724
StackFrame[3]: Address=1C5F042E Module=Script_FrameCollisionTest.dll Base=1C5E0000 RVA=0x0001042E
StackFrame[4]: Address=1AE26BE1 Module=Script_Game.dll Base=1ADE0000 RVA=0x00046BE1
StackFrame[5]: Address=00C605EB Module=Game.dll Base=00B00000 RVA=0x001605EB
StackFrame[6]: Address=1AE5FB73 Module=Script_Game.dll Base=1ADE0000 RVA=0x0007FB73
StackFrame[7]: Address=00C604D3 Module=Game.dll Base=00B00000 RVA=0x001604D3
CleanupBehaviorChanged: 0
=============================================

===== PRIMARYFIRST PlayMotion =====
OwnerEntityAddress: EBB66E10
OwnerEntity: PC_Hero
MotionType: 0
Stage: REQUEST_BEFORE_ORIGINAL
ElapsedMs: 37786.976
PrimarySnapshotAvailable: 1
PrimaryMotionName: 
PrimaryHasMotionInstance: 0
PrimaryMotionRunning: 0
PrimaryPlayTime: 0.000000
PrimaryMaxTime: 0.000000
PrimaryPlaySpeed: 0.000000
Stage: RESULT_AFTER_ORIGINAL
ElapsedMs: 37786.993
PrimarySnapshotAvailable: 1
PrimaryMotionName: Hero_Stand_None_2H_P1_Parade_Begin_N_Fwd_00_%_00_P0_0.xmot
PrimaryHasMotionInstance: 1
PrimaryMotionRunning: 1
PrimaryPlayTime: 0.000000
PrimaryMaxTime: 0.800000
PrimaryPlaySpeed: 2.300000
CleanupBehaviorChanged: 0
=====================================

===== C1 LIFECYCLE STATUS =====
ElapsedMs: 37787.065
Event: PERSISTED
ActorAddress: EBB66E10
Actor: PC_Hero
Generation: 3
Status: PERSISTED
Outstanding: 0
PhysicalCollisionChanged: 0
===============================

===== AISETSTATE CALLSITE =====
ElapsedMs: 38135.011
ActorAddress: EBB66E10
Actor: PC_Hero
RequestedState: PS_Melee_Loop
CallerAddress: 1AD72F61
CallerModuleResolved: 1
CallerModule: Script.dll
CallerModuleBase: 1AD60000
CallerRVA: 0x00012F61
CurrentStateBeforeOriginal: PS_Melee_Parade
CurrentAction: 16
CurrentAniPhase: 4
CurrentStateTime: 0.348976
CurrentStatePosition: 1
CurrentMovementAni: Hero_Stand_None_2H_P1_Parade_Begin_N_Fwd_00_%_00_P0_0.xmot
Stage: BEFORE_ORIGINAL
ElapsedMs: 38135.018
PrimarySnapshotAvailable: 1
PrimaryMotionName: Hero_Stand_None_2H_P1_Parade_Begin_N_Fwd_00_%_00_P0_0.xmot
PrimaryHasMotionInstance: 1
PrimaryMotionRunning: 1
PrimaryPlayTime: 0.799990
PrimaryMaxTime: 0.800000
PrimaryPlaySpeed: 0.000000
LeftHandSourceResolved: 0
LeftHandSource: <none>
LeftHandSourceAddress: 00000000
LeftHandSourceCollisionGroup: -1
RightHandSourceResolved: 1
RightHandSource: It_2H_Sword_Flamberge
RightHandSourceAddress: E70EAC10
RightHandSourceCollisionGroup: 5
CapturedStackFrameCount: 3
StackFrame[0]: Address=1C5F0CA8 Module=Script_FrameCollisionTest.dll Base=1C5E0000 RVA=0x00010CA8
StackFrame[1]: Address=1AD72F61 Module=Script.dll Base=1AD60000 RVA=0x00012F61
StackFrame[2]: Address=00C604D3 Module=Game.dll Base=00B00000 RVA=0x001604D3
CleanupBehaviorChanged: 0
==============================

===== OUTER_FRAME AI_SET_STATE_BEFORE =====
ElapsedMs: 38135.086
ActorAddress: EBB66E10
Actor: PC_Hero
SPUAddress: EBB67074
StateStackCount: 1
HasTopFrame: 1
TopIndex: 0
TopEntryAddressDiagnosticOnly: DC490210
TopScriptName: PS_Melee_Parade
TopIsScriptState: 1
TopBreakBlock: 2
TopArgumentsAddress: 00000000
TopLocalCallback: 
TopExtraFloat: 1000.000000
CurrentState: PS_Melee_Parade
CurrentAction: 16
CurrentStatePosition: 1
CurrentStateTime: 0.348976
TopEntryAddressIsExecutionIdentity: 0
ArgumentsDereferencedOrClassified: 0
LifecycleBehaviorChanged: 0
CollisionBehaviorChanged: 0
===============================

===== C1 FINALIZATION =====
ElapsedMs: 38135.114
Reason: AISETSTATE_AFTER_ORIGINAL
ActorAddress: EBB66E10
Actor: PC_Hero
Generation: 3
Status: PERSISTED
TrackedSourceCount: 1
Source[0].Outcome: NO_OP_NO_OUTSTANDING
Source[0].Address: E70EAC10
Source[0].Name: It_2H_Sword_Flamberge
Source[0].LivenessEstablished: 1
Source[0].OriginalSideMask: 1
Source[0].OriginalSide: RIGHT
Source[0].OffensiveRequestCount: 0
Source[0].OutstandingBeforeFinalization: 0
Source[0].ActualGroup: 5
Source[0].ActualGroupBeforeRepair: 5
Source[0].CleanupObserved: 0
Source[0].CleanupObservedBeforeFinalization: 0
Source[0].StillEquipped: 1
Source[0].CurrentSideMask: 1
Source[0].RepairAttempted: 0
Source[0].PhysicalCollisionChanged: 0
PhysicalCollisionChanged: 0
===========================

===== OUTER_FRAME AI_SET_STATE_AFTER =====
ElapsedMs: 38135.138
ActorAddress: EBB66E10
Actor: PC_Hero
SPUAddress: EBB67074
StateStackCount: 1
HasTopFrame: 1
TopIndex: 0
TopEntryAddressDiagnosticOnly: DC490210
TopScriptName: PS_Melee_Loop
TopIsScriptState: 1
TopBreakBlock: 0
TopArgumentsAddress: 00000000
TopLocalCallback: 
TopExtraFloat: 1000.000000
CurrentState: PS_Melee_Loop
CurrentAction: 16
CurrentStatePosition: 0
CurrentStateTime: 0.000000
TopEntryAddressIsExecutionIdentity: 0
ArgumentsDereferencedOrClassified: 0
LifecycleBehaviorChanged: 0
CollisionBehaviorChanged: 0
===============================

===== EMPTY-PRIMARY SUCCESSOR STACK =====
ElapsedMs: 38145.427
Actor: PC_Hero
PrimaryWasEmptyBefore: 1
IncomingMotionRequestAddress: 0019EB18
SuccessorPrimaryMotionNameAfterOriginal: Hero_Parade_None_2H_P0_Ambient_Loop_N_Fwd_00_%_00_P0_0.xmot
SuccessorPrimarySnapshotAvailable: 1
SuccessorPrimaryHasMotionInstance: 1
CurrentActionBeforeOriginal: 0
CurrentAniPhaseBeforeOriginal: 5
CurrentStateTimeBeforeOriginal: 0.000000
CurrentStatePositionBeforeOriginal: 0
CurrentMovementAniBeforeOriginal: Hero_Parade_None_2H_P0_Ambient_Loop_N_Fwd_00_%_00_P0_0.xmot
LeftHandSourceResolved: 0
LeftHandSource: <none>
LeftHandSourceAddress: 00000000
LeftHandSourceCollisionGroup: -1
RightHandSourceResolved: 1
RightHandSource: It_2H_Sword_Flamberge
RightHandSourceAddress: E70EAC10
RightHandSourceCollisionGroup: 5
CapturedStackFrameCount: 2
StackFrame[0]: Address=1C5EF763 Module=Script_FrameCollisionTest.dll Base=1C5E0000 RVA=0x0000F763
StackFrame[1]: Address=00BD9CB3 Module=Game.dll Base=00B00000 RVA=0x000D9CB3
CleanupBehaviorChanged: 0
=============================================

===== PRIMARYFIRST PlayMotion =====
OwnerEntityAddress: EBB66E10
OwnerEntity: PC_Hero
MotionType: 0
Stage: REQUEST_BEFORE_ORIGINAL
ElapsedMs: 38145.425
PrimarySnapshotAvailable: 1
PrimaryMotionName: 
PrimaryHasMotionInstance: 0
PrimaryMotionRunning: 0
PrimaryPlayTime: 0.000000
PrimaryMaxTime: 0.000000
PrimaryPlaySpeed: 0.000000
Stage: RESULT_AFTER_ORIGINAL
ElapsedMs: 38145.445
PrimarySnapshotAvailable: 1
PrimaryMotionName: Hero_Parade_None_2H_P0_Ambient_Loop_N_Fwd_00_%_00_P0_0.xmot
PrimaryHasMotionInstance: 1
PrimaryMotionRunning: 1
PrimaryPlayTime: 0.000000
PrimaryMaxTime: 0.000000
PrimaryPlaySpeed: 1.000000
CleanupBehaviorChanged: 0
=====================================

===== AISETSTATE CALLSITE =====
ElapsedMs: 40134.172
ActorAddress: EBB66E10
Actor: PC_Hero
RequestedState: PS_Melee_HackAttack
CallerAddress: 1AD72F61
CallerModuleResolved: 1
CallerModule: Script.dll
CallerModuleBase: 1AD60000
CallerRVA: 0x00012F61
CurrentStateBeforeOriginal: PS_Melee_Loop
CurrentAction: 0
CurrentAniPhase: 5
CurrentStateTime: 1.988824
CurrentStatePosition: 0
CurrentMovementAni: Hero_Parade_None_2H_P0_Ambient_Loop_N_Fwd_00_%_00_P0_0.xmot
Stage: BEFORE_ORIGINAL
ElapsedMs: 40134.179
PrimarySnapshotAvailable: 1
PrimaryMotionName: Hero_Parade_None_2H_P0_Ambient_Loop_N_Fwd_00_%_00_P0_0.xmot
PrimaryHasMotionInstance: 1
PrimaryMotionRunning: 1
PrimaryPlayTime: 0.000005
PrimaryMaxTime: 0.000000
PrimaryPlaySpeed: 1.000000
LeftHandSourceResolved: 0
LeftHandSource: <none>
LeftHandSourceAddress: 00000000
LeftHandSourceCollisionGroup: -1
RightHandSourceResolved: 1
RightHandSource: It_2H_Sword_Flamberge
RightHandSourceAddress: E70EAC10
RightHandSourceCollisionGroup: 5
CapturedStackFrameCount: 3
StackFrame[0]: Address=1C5F0CA8 Module=Script_FrameCollisionTest.dll Base=1C5E0000 RVA=0x00010CA8
StackFrame[1]: Address=1AD72F61 Module=Script.dll Base=1AD60000 RVA=0x00012F61
StackFrame[2]: Address=00C604D3 Module=Game.dll Base=00B00000 RVA=0x001604D3
CleanupBehaviorChanged: 0
==============================

===== OUTER_FRAME AI_SET_STATE_BEFORE =====
ElapsedMs: 40134.245
ActorAddress: EBB66E10
Actor: PC_Hero
SPUAddress: EBB67074
StateStackCount: 1
HasTopFrame: 1
TopIndex: 0
TopEntryAddressDiagnosticOnly: DC490210
TopScriptName: PS_Melee_Loop
TopIsScriptState: 1
TopBreakBlock: 1
TopArgumentsAddress: 00000000
TopLocalCallback: 
TopExtraFloat: 1000.000000
CurrentState: PS_Melee_Loop
CurrentAction: 0
CurrentStatePosition: 0
CurrentStateTime: 1.988824
TopEntryAddressIsExecutionIdentity: 0
ArgumentsDereferencedOrClassified: 0
LifecycleBehaviorChanged: 0
CollisionBehaviorChanged: 0
===============================

===== OUTER_FRAME AI_SET_STATE_AFTER =====
ElapsedMs: 40134.268
ActorAddress: EBB66E10
Actor: PC_Hero
SPUAddress: EBB67074
StateStackCount: 1
HasTopFrame: 1
TopIndex: 0
TopEntryAddressDiagnosticOnly: DC490210
TopScriptName: PS_Melee_HackAttack
TopIsScriptState: 1
TopBreakBlock: 0
TopArgumentsAddress: 00000000
TopLocalCallback: 
TopExtraFloat: 1000.000000
CurrentState: PS_Melee_HackAttack
CurrentAction: 0
CurrentStatePosition: 0
CurrentStateTime: 0.000000
TopEntryAddressIsExecutionIdentity: 0
ArgumentsDereferencedOrClassified: 0
LifecycleBehaviorChanged: 0
CollisionBehaviorChanged: 0
===============================

===== AIFULLSTOP CALLSITE =====
ElapsedMs: 40143.964
ActorAddress: EBB66E10
Actor: PC_Hero
CallerAddress: 1AE42BEE
CallerModuleResolved: 1
CallerModule: Script_Game.dll
CallerModuleBase: 1ADE0000
CallerRVA: 0x00062BEE
CurrentAction: 0
CurrentAniPhase: 5
CurrentState: PS_Melee_HackAttack
CurrentStateTime: 0.000000
CurrentStatePosition: 0
PressedKey: 15
IsPressed: 0
IsPressedBefore: 1
DurationPressedMSecs: 109
CurrentMovementAni: Hero_Parade_None_2H_P0_Ambient_Loop_N_Fwd_00_%_00_P0_0.xmot
Stage: BEFORE_ORIGINAL
ElapsedMs: 40143.974
PrimarySnapshotAvailable: 1
PrimaryMotionName: Hero_Parade_None_2H_P0_Ambient_Loop_N_Fwd_00_%_00_P0_0.xmot
PrimaryHasMotionInstance: 1
PrimaryMotionRunning: 1
PrimaryPlayTime: 0.000005
PrimaryMaxTime: 0.000000
PrimaryPlaySpeed: 1.000000
LeftHandSourceResolved: 0
LeftHandSource: <none>
LeftHandSourceAddress: 00000000
LeftHandSourceCollisionGroup: -1
RightHandSourceResolved: 1
RightHandSource: It_2H_Sword_Flamberge
RightHandSourceAddress: E70EAC10
RightHandSourceCollisionGroup: 5
CapturedStackFrameCount: 4
StackFrame[0]: Address=1C5F06D8 Module=Script_FrameCollisionTest.dll Base=1C5E0000 RVA=0x000106D8
StackFrame[1]: Address=1AE42BEE Module=Script_Game.dll Base=1ADE0000 RVA=0x00062BEE
StackFrame[2]: Address=1AE41852 Module=Script_Game.dll Base=1ADE0000 RVA=0x00061852
StackFrame[3]: Address=00C6093B Module=Game.dll Base=00B00000 RVA=0x0016093B
CleanupBehaviorChanged: 0
===============================

===== AISETSTATE CALLSITE =====
ElapsedMs: 40144.215
ActorAddress: EBB66E10
Actor: PC_Hero
RequestedState: PS_Melee_WhirlAttack
CallerAddress: 1AD72F61
CallerModuleResolved: 1
CallerModule: Script.dll
CallerModuleBase: 1AD60000
CallerRVA: 0x00012F61
CurrentStateBeforeOriginal: PS_Melee_HackAttack
CurrentAction: 0
CurrentAniPhase: 5
CurrentStateTime: 0.000000
CurrentStatePosition: 0
CurrentMovementAni: Hero_Parade_None_2H_P0_Ambient_Loop_N_Fwd_00_%_00_P0_0.xmot
Stage: BEFORE_ORIGINAL
ElapsedMs: 40144.219
PrimarySnapshotAvailable: 1
PrimaryMotionName: Hero_Parade_None_2H_P0_Ambient_Loop_N_Fwd_00_%_00_P0_0.xmot
PrimaryHasMotionInstance: 1
PrimaryMotionRunning: 1
PrimaryPlayTime: 0.000005
PrimaryMaxTime: 0.000000
PrimaryPlaySpeed: 1.000000
LeftHandSourceResolved: 0
LeftHandSource: <none>
LeftHandSourceAddress: 00000000
LeftHandSourceCollisionGroup: -1
RightHandSourceResolved: 1
RightHandSource: It_2H_Sword_Flamberge
RightHandSourceAddress: E70EAC10
RightHandSourceCollisionGroup: 5
CapturedStackFrameCount: 4
StackFrame[0]: Address=1C5F0CA8 Module=Script_FrameCollisionTest.dll Base=1C5E0000 RVA=0x00010CA8
StackFrame[1]: Address=1AD72F61 Module=Script.dll Base=1AD60000 RVA=0x00012F61
StackFrame[2]: Address=1AE41852 Module=Script_Game.dll Base=1ADE0000 RVA=0x00061852
StackFrame[3]: Address=00C6093B Module=Game.dll Base=00B00000 RVA=0x0016093B
CleanupBehaviorChanged: 0
==============================

===== OUTER_FRAME AI_SET_STATE_BEFORE =====
ElapsedMs: 40144.261
ActorAddress: EBB66E10
Actor: PC_Hero
SPUAddress: EBB67074
StateStackCount: 1
HasTopFrame: 1
TopIndex: 0
TopEntryAddressDiagnosticOnly: DC490210
TopScriptName: PS_Melee_HackAttack
TopIsScriptState: 1
TopBreakBlock: 0
TopArgumentsAddress: 00000000
TopLocalCallback: 
TopExtraFloat: 1000.000000
CurrentState: PS_Melee_HackAttack
CurrentAction: 0
CurrentStatePosition: 0
CurrentStateTime: 0.000000
TopEntryAddressIsExecutionIdentity: 0
ArgumentsDereferencedOrClassified: 0
LifecycleBehaviorChanged: 0
CollisionBehaviorChanged: 0
===============================

===== OUTER_FRAME AI_SET_STATE_AFTER =====
ElapsedMs: 40144.283
ActorAddress: EBB66E10
Actor: PC_Hero
SPUAddress: EBB67074
StateStackCount: 1
HasTopFrame: 1
TopIndex: 0
TopEntryAddressDiagnosticOnly: DC490210
TopScriptName: PS_Melee_WhirlAttack
TopIsScriptState: 1
TopBreakBlock: 0
TopArgumentsAddress: 00000000
TopLocalCallback: 
TopExtraFloat: 1000.000000
CurrentState: PS_Melee_WhirlAttack
CurrentAction: 0
CurrentStatePosition: 0
CurrentStateTime: 0.000000
TopEntryAddressIsExecutionIdentity: 0
ArgumentsDereferencedOrClassified: 0
LifecycleBehaviorChanged: 0
CollisionBehaviorChanged: 0
===============================

===== C1 LIFECYCLE START =====
ElapsedMs: 40145.255
ActorAddress: EBB66E10
Actor: PC_Hero
Generation: 4
Status: CANDIDATE
ReplacedGeneration: 0
ReplacedOutstanding: 0
TrackedSourceCount: 1
Source[0].Address: E70EAC10
Source[0].Name: It_2H_Sword_Flamberge
Source[0].SideMask: 1
Source[0].Side: RIGHT
Source[0].ActualGroup: 5
PhysicalCollisionChanged: 0
==============================

===== C1-O2 OUTER BINDING =====
ElapsedMs: 40145.283
Event: COMBAT_MOVE_CANDIDATE_BOUND
ActorAddress: EBB66E10
Actor: PC_Hero
Generation: 4
Status: CANDIDATE
SPUAddress: EBB67074
ArgumentsAddress: DE8ECE90
ScriptFunction: _AI_WhirlAttack
Outstanding: 0
PhysicalCollisionChanged: 0
================================

===== OUTER_FRAME COMBAT_MOVE_INITIAL =====
ElapsedMs: 40145.297
ActorAddress: EBB66E10
Actor: PC_Hero
SPUAddress: EBB67074
StateStackCount: 2
HasTopFrame: 1
TopIndex: 1
TopEntryAddressDiagnosticOnly: DC490228
TopScriptName: _AI_WhirlAttack
TopIsScriptState: 0
TopBreakBlock: 2
TopArgumentsAddress: DE8ECE90
TopLocalCallback: OnAI_WhirlAttack
TopExtraFloat: 1000.000000
CurrentState: PS_Melee_WhirlAttack
CurrentAction: 10
CurrentStatePosition: 0
CurrentStateTime: 0.000000
TopEntryAddressIsExecutionIdentity: 0
ArgumentsDereferencedOrClassified: 0
LifecycleBehaviorChanged: 0
CollisionBehaviorChanged: 0
===============================

===== PRIMARYFIRST StopMotion =====
OwnerEntityAddress: EBB66E10
OwnerEntity: PC_Hero
MotionType: 0
Stage: REQUEST_BEFORE_ORIGINAL
ElapsedMs: 40145.332
PrimarySnapshotAvailable: 1
PrimaryMotionName: 
PrimaryHasMotionInstance: 0
PrimaryMotionRunning: 0
PrimaryPlayTime: 0.000000
PrimaryMaxTime: 0.000000
PrimaryPlaySpeed: 0.000000
Stage: RESULT_AFTER_ORIGINAL
ElapsedMs: 40145.334
PrimarySnapshotAvailable: 1
PrimaryMotionName: 
PrimaryHasMotionInstance: 0
PrimaryMotionRunning: 0
PrimaryPlayTime: 0.000000
PrimaryMaxTime: 0.000000
PrimaryPlaySpeed: 0.000000
CleanupBehaviorChanged: 0
=====================================

===== EMPTY-PRIMARY SUCCESSOR STACK =====
ElapsedMs: 40145.357
Actor: PC_Hero
PrimaryWasEmptyBefore: 1
IncomingMotionRequestAddress: EBB671A8
SuccessorPrimaryMotionNameAfterOriginal: Hero_Parade_None_2H_P0_WhirlAttack_Hit_N_Fwd_00_%_00_P0_150_R.xmot
SuccessorPrimarySnapshotAvailable: 1
SuccessorPrimaryHasMotionInstance: 1
CurrentActionBeforeOriginal: 10
CurrentAniPhaseBeforeOriginal: 1
CurrentStateTimeBeforeOriginal: 0.000000
CurrentStatePositionBeforeOriginal: 0
CurrentMovementAniBeforeOriginal: Hero_Parade_None_2H_P0_WhirlAttack_Hit_N_Fwd_00_%_00_P0_150_R.xmot
LeftHandSourceResolved: 0
LeftHandSource: <none>
LeftHandSourceAddress: 00000000
LeftHandSourceCollisionGroup: -1
RightHandSourceResolved: 1
RightHandSource: It_2H_Sword_Flamberge
RightHandSourceAddress: E70EAC10
RightHandSourceCollisionGroup: 5
CapturedStackFrameCount: 8
StackFrame[0]: Address=1C5EF763 Module=Script_FrameCollisionTest.dll Base=1C5E0000 RVA=0x0000F763
StackFrame[1]: Address=00C6B485 Module=Game.dll Base=00B00000 RVA=0x0016B485
StackFrame[2]: Address=00C69724 Module=Game.dll Base=00B00000 RVA=0x00169724
StackFrame[3]: Address=1C5F042E Module=Script_FrameCollisionTest.dll Base=1C5E0000 RVA=0x0001042E
StackFrame[4]: Address=1AE2DF92 Module=Script_Game.dll Base=1ADE0000 RVA=0x0004DF92
StackFrame[5]: Address=00C605EB Module=Game.dll Base=00B00000 RVA=0x001605EB
StackFrame[6]: Address=1AE60010 Module=Script_Game.dll Base=1ADE0000 RVA=0x00080010
StackFrame[7]: Address=00C604D3 Module=Game.dll Base=00B00000 RVA=0x001604D3
CleanupBehaviorChanged: 0
=============================================

===== PRIMARYFIRST PlayMotion =====
OwnerEntityAddress: EBB66E10
OwnerEntity: PC_Hero
MotionType: 0
Stage: REQUEST_BEFORE_ORIGINAL
ElapsedMs: 40145.355
PrimarySnapshotAvailable: 1
PrimaryMotionName: 
PrimaryHasMotionInstance: 0
PrimaryMotionRunning: 0
PrimaryPlayTime: 0.000000
PrimaryMaxTime: 0.000000
PrimaryPlaySpeed: 0.000000
Stage: RESULT_AFTER_ORIGINAL
ElapsedMs: 40145.371
PrimarySnapshotAvailable: 1
PrimaryMotionName: Hero_Parade_None_2H_P0_WhirlAttack_Hit_N_Fwd_00_%_00_P0_150_R.xmot
PrimaryHasMotionInstance: 1
PrimaryMotionRunning: 1
PrimaryPlayTime: 0.000000
PrimaryMaxTime: 0.800000
PrimaryPlaySpeed: 1.000000
CleanupBehaviorChanged: 0
=====================================

===== C1 LIFECYCLE STATUS =====
ElapsedMs: 40145.444
Event: PERSISTED
ActorAddress: EBB66E10
Actor: PC_Hero
Generation: 4
Status: PERSISTED
Outstanding: 0
PhysicalCollisionChanged: 0
===============================

===== MARKER OWNERSHIP DECISION =====
ElapsedMs: 40145.460
Actor: PC_Hero
CurrentMovementAni: Hero_Parade_None_2H_P0_WhirlAttack_Hit_N_Fwd_00_%_00_P0_150_R.xmot
MatchingMotionFound: 1
FrameEffectCount: 1
ContainsReservedSourceMarker: 0
RequiredSourceMask: 0
AuthoredRIGHTMarkerCount: 0
FirstRIGHTMarkerFrame: -1
AuthoredLEFTMarkerCount: 0
FirstLEFTMarkerFrame: -1
AuthoredBOTHMarkerCount: 0
FirstBOTHMarkerFrame: -1
AuthoredOFFMarkerCount: 0
FirstOFFMarkerFrame: -1
RightHandSourceResolved: 1
RightHandSource: It_2H_Sword_Flamberge
RightHandSourceAddress: E70EAC10
RightHandSourceUseType: 3
RightHandSourceCollisionGroup: 5
LeftHandSourceResolved: 0
Decision: LEGACY/NATIVE - call original timer callback
=====================================

===== AIFULLSTOP CALLSITE =====
ElapsedMs: 40223.739
ActorAddress: EBB66E10
Actor: PC_Hero
CallerAddress: 1AE433F7
CallerModuleResolved: 1
CallerModule: Script_Game.dll
CallerModuleBase: 1ADE0000
CallerRVA: 0x000633F7
CurrentAction: 10
CurrentAniPhase: 1
CurrentState: PS_Melee_WhirlAttack
CurrentStateTime: 0.079994
CurrentStatePosition: 0
PressedKey: 16
IsPressed: 1
IsPressedBefore: 1
DurationPressedMSecs: 2508
CurrentMovementAni: Hero_Parade_None_2H_P0_WhirlAttack_Hit_N_Fwd_00_%_00_P0_150_R.xmot
Stage: BEFORE_ORIGINAL
ElapsedMs: 40223.747
PrimarySnapshotAvailable: 1
PrimaryMotionName: Hero_Parade_None_2H_P0_WhirlAttack_Hit_N_Fwd_00_%_00_P0_150_R.xmot
PrimaryHasMotionInstance: 1
PrimaryMotionRunning: 1
PrimaryPlayTime: 0.079994
PrimaryMaxTime: 0.800000
PrimaryPlaySpeed: 1.000000
LeftHandSourceResolved: 0
LeftHandSource: <none>
LeftHandSourceAddress: 00000000
LeftHandSourceCollisionGroup: -1
RightHandSourceResolved: 1
RightHandSource: It_2H_Sword_Flamberge
RightHandSourceAddress: E70EAC10
RightHandSourceCollisionGroup: 5
CapturedStackFrameCount: 4
StackFrame[0]: Address=1C5F06D8 Module=Script_FrameCollisionTest.dll Base=1C5E0000 RVA=0x000106D8
StackFrame[1]: Address=1AE433F7 Module=Script_Game.dll Base=1ADE0000 RVA=0x000633F7
StackFrame[2]: Address=1AE41866 Module=Script_Game.dll Base=1ADE0000 RVA=0x00061866
StackFrame[3]: Address=00C6093B Module=Game.dll Base=00B00000 RVA=0x0016093B
CleanupBehaviorChanged: 0
===============================

===== COMBATMOVE FULLSTOP STACK =====
ElapsedMs: 40223.813
ActorAddress: EBB66E10
Actor: PC_Hero
FullStop: 1
InstructionArgsAddress: 00000000
CurrentAction: 10
CurrentAniPhase: 1
CurrentStateTime: 0.079994
CurrentStatePosition: 0
CurrentMovementAni: Hero_Parade_None_2H_P0_WhirlAttack_Hit_N_Fwd_00_%_00_P0_150_R.xmot
Stage: BEFORE_ORIGINAL
ElapsedMs: 40223.816
PrimarySnapshotAvailable: 1
PrimaryMotionName: Hero_Parade_None_2H_P0_WhirlAttack_Hit_N_Fwd_00_%_00_P0_150_R.xmot
PrimaryHasMotionInstance: 1
PrimaryMotionRunning: 1
PrimaryPlayTime: 0.079994
PrimaryMaxTime: 0.800000
PrimaryPlaySpeed: 1.000000
LeftHandSourceResolved: 0
LeftHandSource: <none>
LeftHandSourceAddress: 00000000
LeftHandSourceCollisionGroup: -1
RightHandSourceResolved: 1
RightHandSource: It_2H_Sword_Flamberge
RightHandSourceAddress: E70EAC10
RightHandSourceCollisionGroup: 5
CapturedStackFrameCount: 5
StackFrame[0]: Address=1C5F03BA Module=Script_FrameCollisionTest.dll Base=1C5E0000 RVA=0x000103BA
StackFrame[1]: Address=00C64441 Module=Game.dll Base=00B00000 RVA=0x00164441
StackFrame[2]: Address=1AE433F7 Module=Script_Game.dll Base=1ADE0000 RVA=0x000633F7
StackFrame[3]: Address=1AE41866 Module=Script_Game.dll Base=1ADE0000 RVA=0x00061866
StackFrame[4]: Address=00C6093B Module=Game.dll Base=00B00000 RVA=0x0016093B
CleanupBehaviorChanged: 0
=====================================

===== AISETSTATE CALLSITE =====
ElapsedMs: 40223.922
ActorAddress: EBB66E10
Actor: PC_Hero
RequestedState: PS_Melee_Loop
CallerAddress: 1AD72F61
CallerModuleResolved: 1
CallerModule: Script.dll
CallerModuleBase: 1AD60000
CallerRVA: 0x00012F61
CurrentStateBeforeOriginal: PS_Melee_WhirlAttack
CurrentAction: 10
CurrentAniPhase: 1
CurrentStateTime: 0.079994
CurrentStatePosition: 0
CurrentMovementAni: Hero_Parade_None_2H_P0_WhirlAttack_Hit_N_Fwd_00_%_00_P0_150_R.xmot
Stage: BEFORE_ORIGINAL
ElapsedMs: 40223.924
PrimarySnapshotAvailable: 1
PrimaryMotionName: Hero_Parade_None_2H_P0_WhirlAttack_Hit_N_Fwd_00_%_00_P0_150_R.xmot
PrimaryHasMotionInstance: 1
PrimaryMotionRunning: 1
PrimaryPlayTime: 0.079994
PrimaryMaxTime: 0.800000
PrimaryPlaySpeed: 1.000000
LeftHandSourceResolved: 0
LeftHandSource: <none>
LeftHandSourceAddress: 00000000
LeftHandSourceCollisionGroup: -1
RightHandSourceResolved: 1
RightHandSource: It_2H_Sword_Flamberge
RightHandSourceAddress: E70EAC10
RightHandSourceCollisionGroup: 5
CapturedStackFrameCount: 4
StackFrame[0]: Address=1C5F0CA8 Module=Script_FrameCollisionTest.dll Base=1C5E0000 RVA=0x00010CA8
StackFrame[1]: Address=1AD72F61 Module=Script.dll Base=1AD60000 RVA=0x00012F61
StackFrame[2]: Address=1AE41866 Module=Script_Game.dll Base=1ADE0000 RVA=0x00061866
StackFrame[3]: Address=00C6093B Module=Game.dll Base=00B00000 RVA=0x0016093B
CleanupBehaviorChanged: 0
==============================

===== OUTER_FRAME AI_SET_STATE_BEFORE =====
ElapsedMs: 40223.977
ActorAddress: EBB66E10
Actor: PC_Hero
SPUAddress: EBB67074
StateStackCount: 2
HasTopFrame: 1
TopIndex: 1
TopEntryAddressDiagnosticOnly: DC490228
TopScriptName: _AI_WhirlAttack
TopIsScriptState: 0
TopBreakBlock: 2
TopArgumentsAddress: DE8ECE90
TopLocalCallback: OnAI_WhirlAttack
TopExtraFloat: 1000.000000
CurrentState: PS_Melee_WhirlAttack
CurrentAction: 10
CurrentStatePosition: 0
CurrentStateTime: 0.079994
TopEntryAddressIsExecutionIdentity: 0
ArgumentsDereferencedOrClassified: 0
LifecycleBehaviorChanged: 0
CollisionBehaviorChanged: 0
===============================

===== C1 FINALIZATION =====
ElapsedMs: 40224.134
Reason: AISETSTATE_AFTER_ORIGINAL
ActorAddress: EBB66E10
Actor: PC_Hero
Generation: 4
Status: PERSISTED
TrackedSourceCount: 1
Source[0].Outcome: NO_OP_NO_OUTSTANDING
Source[0].Address: E70EAC10
Source[0].Name: It_2H_Sword_Flamberge
Source[0].LivenessEstablished: 1
Source[0].OriginalSideMask: 1
Source[0].OriginalSide: RIGHT
Source[0].OffensiveRequestCount: 0
Source[0].OutstandingBeforeFinalization: 0
Source[0].ActualGroup: 5
Source[0].ActualGroupBeforeRepair: 5
Source[0].CleanupObserved: 0
Source[0].CleanupObservedBeforeFinalization: 0
Source[0].StillEquipped: 1
Source[0].CurrentSideMask: 1
Source[0].RepairAttempted: 0
Source[0].PhysicalCollisionChanged: 0
PhysicalCollisionChanged: 0
===========================

===== OUTER_FRAME AI_SET_STATE_AFTER =====
ElapsedMs: 40224.158
ActorAddress: EBB66E10
Actor: PC_Hero
SPUAddress: EBB67074
StateStackCount: 1
HasTopFrame: 1
TopIndex: 0
TopEntryAddressDiagnosticOnly: DC490210
TopScriptName: PS_Melee_Loop
TopIsScriptState: 1
TopBreakBlock: 0
TopArgumentsAddress: 00000000
TopLocalCallback: 
TopExtraFloat: 1000.000000
CurrentState: PS_Melee_Loop
CurrentAction: 10
CurrentStatePosition: 0
CurrentStateTime: 0.000000
TopEntryAddressIsExecutionIdentity: 0
ArgumentsDereferencedOrClassified: 0
LifecycleBehaviorChanged: 0
CollisionBehaviorChanged: 0
===============================

===== EMPTY-PRIMARY SUCCESSOR STACK =====
ElapsedMs: 40949.662
Actor: PC_Hero
PrimaryWasEmptyBefore: 1
IncomingMotionRequestAddress: 0019EB18
SuccessorPrimaryMotionNameAfterOriginal: Hero_Stand_None_2H_P0_Ambient_Loop_N_Fwd_00_%_00_P0_0.xmot
SuccessorPrimarySnapshotAvailable: 1
SuccessorPrimaryHasMotionInstance: 1
CurrentActionBeforeOriginal: 0
CurrentAniPhaseBeforeOriginal: 5
CurrentStateTimeBeforeOriginal: 0.721939
CurrentStatePositionBeforeOriginal: 0
CurrentMovementAniBeforeOriginal: Hero_Stand_None_2H_P0_Ambient_Loop_N_Fwd_00_%_00_P0_0.xmot
LeftHandSourceResolved: 0
LeftHandSource: <none>
LeftHandSourceAddress: 00000000
LeftHandSourceCollisionGroup: -1
RightHandSourceResolved: 1
RightHandSource: It_2H_Sword_Flamberge
RightHandSourceAddress: E70EAC10
RightHandSourceCollisionGroup: 5
CapturedStackFrameCount: 2
StackFrame[0]: Address=1C5EF763 Module=Script_FrameCollisionTest.dll Base=1C5E0000 RVA=0x0000F763
StackFrame[1]: Address=00BD9CB3 Module=Game.dll Base=00B00000 RVA=0x000D9CB3
CleanupBehaviorChanged: 0
=============================================

===== PRIMARYFIRST PlayMotion =====
OwnerEntityAddress: EBB66E10
OwnerEntity: PC_Hero
MotionType: 0
Stage: REQUEST_BEFORE_ORIGINAL
ElapsedMs: 40949.660
PrimarySnapshotAvailable: 1
PrimaryMotionName: 
PrimaryHasMotionInstance: 0
PrimaryMotionRunning: 0
PrimaryPlayTime: 0.000000
PrimaryMaxTime: 0.000000
PrimaryPlaySpeed: 0.000000
Stage: RESULT_AFTER_ORIGINAL
ElapsedMs: 40949.682
PrimarySnapshotAvailable: 1
PrimaryMotionName: Hero_Stand_None_2H_P0_Ambient_Loop_N_Fwd_00_%_00_P0_0.xmot
PrimaryHasMotionInstance: 1
PrimaryMotionRunning: 1
PrimaryPlayTime: 0.000000
PrimaryMaxTime: 4.000000
PrimaryPlaySpeed: 1.000000
CleanupBehaviorChanged: 0
=====================================

===== EMPTY-PRIMARY SUCCESSOR STACK =====
ElapsedMs: 44757.912
Actor: PC_Hero
PrimaryWasEmptyBefore: 1
IncomingMotionRequestAddress: 0019EB18
SuccessorPrimaryMotionNameAfterOriginal: Hero_Stand_None_2H_P0_Ambient_Loop_N_Fwd_00_%_00_P0_0.xmot
SuccessorPrimarySnapshotAvailable: 1
SuccessorPrimaryHasMotionInstance: 1
CurrentActionBeforeOriginal: 0
CurrentAniPhaseBeforeOriginal: 5
CurrentStateTimeBeforeOriginal: 4.530940
CurrentStatePositionBeforeOriginal: 0
CurrentMovementAniBeforeOriginal: Hero_Stand_None_2H_P0_Ambient_Loop_N_Fwd_00_%_00_P0_0.xmot
LeftHandSourceResolved: 0
LeftHandSource: <none>
LeftHandSourceAddress: 00000000
LeftHandSourceCollisionGroup: -1
RightHandSourceResolved: 1
RightHandSource: It_2H_Sword_Flamberge
RightHandSourceAddress: E70EAC10
RightHandSourceCollisionGroup: 5
CapturedStackFrameCount: 2
StackFrame[0]: Address=1C5EF763 Module=Script_FrameCollisionTest.dll Base=1C5E0000 RVA=0x0000F763
StackFrame[1]: Address=00BD9CB3 Module=Game.dll Base=00B00000 RVA=0x000D9CB3
CleanupBehaviorChanged: 0
=============================================

===== PRIMARYFIRST PlayMotion =====
OwnerEntityAddress: EBB66E10
OwnerEntity: PC_Hero
MotionType: 0
Stage: REQUEST_BEFORE_ORIGINAL
ElapsedMs: 44757.910
PrimarySnapshotAvailable: 1
PrimaryMotionName: 
PrimaryHasMotionInstance: 0
PrimaryMotionRunning: 0
PrimaryPlayTime: 0.000000
PrimaryMaxTime: 0.000000
PrimaryPlaySpeed: 0.000000
Stage: RESULT_AFTER_ORIGINAL
ElapsedMs: 44757.929
PrimarySnapshotAvailable: 1
PrimaryMotionName: Hero_Stand_None_2H_P0_Ambient_Loop_N_Fwd_00_%_00_P0_0.xmot
PrimaryHasMotionInstance: 1
PrimaryMotionRunning: 1
PrimaryPlayTime: 0.000000
PrimaryMaxTime: 4.000000
PrimaryPlaySpeed: 1.000000
CleanupBehaviorChanged: 0
=====================================

===== AISETSTATE CALLSITE =====
ElapsedMs: 44905.131
ActorAddress: EBB66E10
Actor: PC_Hero
RequestedState: PS_Melee_Attack
CallerAddress: 1AD72F61
CallerModuleResolved: 1
CallerModule: Script.dll
CallerModuleBase: 1AD60000
CallerRVA: 0x00012F61
CurrentStateBeforeOriginal: PS_Melee_Loop
CurrentAction: 0
CurrentAniPhase: 5
CurrentStateTime: 4.677940
CurrentStatePosition: 0
CurrentMovementAni: Hero_Stand_None_2H_P0_Ambient_Loop_N_Fwd_00_%_00_P0_0.xmot
Stage: BEFORE_ORIGINAL
ElapsedMs: 44905.138
PrimarySnapshotAvailable: 1
PrimaryMotionName: Hero_Stand_None_2H_P0_Ambient_Loop_N_Fwd_00_%_00_P0_0.xmot
PrimaryHasMotionInstance: 1
PrimaryMotionRunning: 1
PrimaryPlayTime: 0.147000
PrimaryMaxTime: 4.000000
PrimaryPlaySpeed: 1.000000
LeftHandSourceResolved: 0
LeftHandSource: <none>
LeftHandSourceAddress: 00000000
LeftHandSourceCollisionGroup: -1
RightHandSourceResolved: 1
RightHandSource: It_2H_Sword_Flamberge
RightHandSourceAddress: E70EAC10
RightHandSourceCollisionGroup: 5
CapturedStackFrameCount: 3
StackFrame[0]: Address=1C5F0CA8 Module=Script_FrameCollisionTest.dll Base=1C5E0000 RVA=0x00010CA8
StackFrame[1]: Address=1AD72F61 Module=Script.dll Base=1AD60000 RVA=0x00012F61
StackFrame[2]: Address=00C604D3 Module=Game.dll Base=00B00000 RVA=0x001604D3
CleanupBehaviorChanged: 0
==============================

===== OUTER_FRAME AI_SET_STATE_BEFORE =====
ElapsedMs: 44905.207
ActorAddress: EBB66E10
Actor: PC_Hero
SPUAddress: EBB67074
StateStackCount: 1
HasTopFrame: 1
TopIndex: 0
TopEntryAddressDiagnosticOnly: DC490210
TopScriptName: PS_Melee_Loop
TopIsScriptState: 1
TopBreakBlock: 1
TopArgumentsAddress: 00000000
TopLocalCallback: 
TopExtraFloat: 1000.000000
CurrentState: PS_Melee_Loop
CurrentAction: 0
CurrentStatePosition: 0
CurrentStateTime: 4.677940
TopEntryAddressIsExecutionIdentity: 0
ArgumentsDereferencedOrClassified: 0
LifecycleBehaviorChanged: 0
CollisionBehaviorChanged: 0
===============================

===== OUTER_FRAME AI_SET_STATE_AFTER =====
ElapsedMs: 44905.233
ActorAddress: EBB66E10
Actor: PC_Hero
SPUAddress: EBB67074
StateStackCount: 1
HasTopFrame: 1
TopIndex: 0
TopEntryAddressDiagnosticOnly: DC490210
TopScriptName: PS_Melee_Attack
TopIsScriptState: 1
TopBreakBlock: 0
TopArgumentsAddress: 00000000
TopLocalCallback: 
TopExtraFloat: 1000.000000
CurrentState: PS_Melee_Attack
CurrentAction: 0
CurrentStatePosition: 0
CurrentStateTime: 0.000000
TopEntryAddressIsExecutionIdentity: 0
ArgumentsDereferencedOrClassified: 0
LifecycleBehaviorChanged: 0
CollisionBehaviorChanged: 0
===============================

===== C1 LIFECYCLE START =====
ElapsedMs: 44914.414
ActorAddress: EBB66E10
Actor: PC_Hero
Generation: 5
Status: CANDIDATE
ReplacedGeneration: 0
ReplacedOutstanding: 0
TrackedSourceCount: 1
Source[0].Address: E70EAC10
Source[0].Name: It_2H_Sword_Flamberge
Source[0].SideMask: 1
Source[0].Side: RIGHT
Source[0].ActualGroup: 5
PhysicalCollisionChanged: 0
==============================

===== C1-O2 OUTER BINDING =====
ElapsedMs: 44914.459
Event: COMBAT_MOVE_CANDIDATE_BOUND
ActorAddress: EBB66E10
Actor: PC_Hero
Generation: 5
Status: CANDIDATE
SPUAddress: EBB67074
ArgumentsAddress: DE8EE090
ScriptFunction: _AI_Attack
Outstanding: 0
PhysicalCollisionChanged: 0
================================

===== OUTER_FRAME COMBAT_MOVE_INITIAL =====
ElapsedMs: 44914.476
ActorAddress: EBB66E10
Actor: PC_Hero
SPUAddress: EBB67074
StateStackCount: 2
HasTopFrame: 1
TopIndex: 1
TopEntryAddressDiagnosticOnly: DC490228
TopScriptName: _AI_Attack
TopIsScriptState: 0
TopBreakBlock: 1
TopArgumentsAddress: DE8EE090
TopLocalCallback: OnAI_Attack
TopExtraFloat: 1000.000000
CurrentState: PS_Melee_Attack
CurrentAction: 1
CurrentStatePosition: 0
CurrentStateTime: 0.000000
TopEntryAddressIsExecutionIdentity: 0
ArgumentsDereferencedOrClassified: 0
LifecycleBehaviorChanged: 0
CollisionBehaviorChanged: 0
===============================

===== PRIMARYFIRST StopMotion =====
OwnerEntityAddress: EBB66E10
OwnerEntity: PC_Hero
MotionType: 0
Stage: REQUEST_BEFORE_ORIGINAL
ElapsedMs: 44914.523
PrimarySnapshotAvailable: 1
PrimaryMotionName: 
PrimaryHasMotionInstance: 0
PrimaryMotionRunning: 0
PrimaryPlayTime: 0.000000
PrimaryMaxTime: 0.000000
PrimaryPlaySpeed: 0.000000
Stage: RESULT_AFTER_ORIGINAL
ElapsedMs: 44914.525
PrimarySnapshotAvailable: 1
PrimaryMotionName: 
PrimaryHasMotionInstance: 0
PrimaryMotionRunning: 0
PrimaryPlayTime: 0.000000
PrimaryMaxTime: 0.000000
PrimaryPlaySpeed: 0.000000
CleanupBehaviorChanged: 0
=====================================

===== EMPTY-PRIMARY SUCCESSOR STACK =====
ElapsedMs: 44914.559
Actor: PC_Hero
PrimaryWasEmptyBefore: 1
IncomingMotionRequestAddress: EBB671A8
SuccessorPrimaryMotionNameAfterOriginal: Hero_Stand_None_2H_P0_Attack_Hit_N_Fwd_00_%_00_P1_90_R.xmot
SuccessorPrimarySnapshotAvailable: 1
SuccessorPrimaryHasMotionInstance: 1
CurrentActionBeforeOriginal: 1
CurrentAniPhaseBeforeOriginal: 1
CurrentStateTimeBeforeOriginal: 0.000000
CurrentStatePositionBeforeOriginal: 0
CurrentMovementAniBeforeOriginal: Hero_Stand_None_2H_P0_Attack_Hit_N_Fwd_00_%_00_P1_90_R.xmot
LeftHandSourceResolved: 0
LeftHandSource: <none>
LeftHandSourceAddress: 00000000
LeftHandSourceCollisionGroup: -1
RightHandSourceResolved: 1
RightHandSource: It_2H_Sword_Flamberge
RightHandSourceAddress: E70EAC10
RightHandSourceCollisionGroup: 5
CapturedStackFrameCount: 8
StackFrame[0]: Address=1C5EF763 Module=Script_FrameCollisionTest.dll Base=1C5E0000 RVA=0x0000F763
StackFrame[1]: Address=00C6B485 Module=Game.dll Base=00B00000 RVA=0x0016B485
StackFrame[2]: Address=00C69724 Module=Game.dll Base=00B00000 RVA=0x00169724
StackFrame[3]: Address=1C5F042E Module=Script_FrameCollisionTest.dll Base=1C5E0000 RVA=0x0001042E
StackFrame[4]: Address=1AE18463 Module=Script_Game.dll Base=1ADE0000 RVA=0x00038463
StackFrame[5]: Address=00C605EB Module=Game.dll Base=00B00000 RVA=0x001605EB
StackFrame[6]: Address=1AE5F0DB Module=Script_Game.dll Base=1ADE0000 RVA=0x0007F0DB
StackFrame[7]: Address=00C604D3 Module=Game.dll Base=00B00000 RVA=0x001604D3
CleanupBehaviorChanged: 0
=============================================

===== PRIMARYFIRST PlayMotion =====
OwnerEntityAddress: EBB66E10
OwnerEntity: PC_Hero
MotionType: 0
Stage: REQUEST_BEFORE_ORIGINAL
ElapsedMs: 44914.558
PrimarySnapshotAvailable: 1
PrimaryMotionName: 
PrimaryHasMotionInstance: 0
PrimaryMotionRunning: 0
PrimaryPlayTime: 0.000000
PrimaryMaxTime: 0.000000
PrimaryPlaySpeed: 0.000000
Stage: RESULT_AFTER_ORIGINAL
ElapsedMs: 44914.580
PrimarySnapshotAvailable: 1
PrimaryMotionName: Hero_Stand_None_2H_P0_Attack_Hit_N_Fwd_00_%_00_P1_90_R.xmot
PrimaryHasMotionInstance: 1
PrimaryMotionRunning: 1
PrimaryPlayTime: 0.000000
PrimaryMaxTime: 0.520000
PrimaryPlaySpeed: 0.700000
CleanupBehaviorChanged: 0
=====================================

===== C1 LIFECYCLE STATUS =====
ElapsedMs: 44914.664
Event: PERSISTED
ActorAddress: EBB66E10
Actor: PC_Hero
Generation: 5
Status: PERSISTED
Outstanding: 0
PhysicalCollisionChanged: 0
===============================

===== MARKER OWNERSHIP DECISION =====
ElapsedMs: 44914.679
Actor: PC_Hero
CurrentMovementAni: Hero_Stand_None_2H_P0_Attack_Hit_N_Fwd_00_%_00_P1_90_R.xmot
MatchingMotionFound: 1
FrameEffectCount: 1
ContainsReservedSourceMarker: 0
RequiredSourceMask: 0
AuthoredRIGHTMarkerCount: 0
FirstRIGHTMarkerFrame: -1
AuthoredLEFTMarkerCount: 0
FirstLEFTMarkerFrame: -1
AuthoredBOTHMarkerCount: 0
FirstBOTHMarkerFrame: -1
AuthoredOFFMarkerCount: 0
FirstOFFMarkerFrame: -1
RightHandSourceResolved: 1
RightHandSource: It_2H_Sword_Flamberge
RightHandSourceAddress: E70EAC10
RightHandSourceUseType: 3
RightHandSourceCollisionGroup: 5
LeftHandSourceResolved: 0
Decision: LEGACY/NATIVE - call original timer callback
=====================================

===== C1 OFFENSE REQUEST =====
ElapsedMs: 45170.255
ActorAddress: EBB66E10
Actor: PC_Hero
Generation: 5
Status: PERSISTED
SourceAddress: E70EAC10
Source: It_2H_Sword_Flamberge
OriginalSideMask: 1
OriginalSide: RIGHT
OffensiveRequestCount: 1
Outstanding: 1
CleanupObserved: 0
ActualGroup: 7
PhysicalCollisionChanged: 0
==============================

===== ENGINE SetCollisionGroup =====
ElapsedMs: 45170.289
Entity: It_2H_Sword_Flamberge
ChangedEntityAddress: E70EAC10
PlayerSlotMatch: RIGHT
PlayerAction: 1
PlayerAniPhase: 1
PlayerPrimaryPose: 1
PlayerStateTime: 0.254998
PlayerStatePosition: 0
PlayerCurrentMovementAni: Hero_Stand_None_2H_P0_Attack_Hit_N_Fwd_00_%_00_P1_90_R.xmot
PlayerLeftItem: <none>
PlayerLeftItemAddress: 00000000
PlayerLeftUseType: -1
PlayerLeftCollisionGroup: -1
PlayerRightItem: It_2H_Sword_Flamberge
PlayerRightItemAddress: E70EAC10
PlayerRightUseType: 3
PlayerRightCollisionGroup: 7
RequestedGroup: 7
BeforeGroup: 5
AfterGroup: 7
Item_EquippedValue: 5
Item_AttackValue: 7
RetiredMarkerExecutionCount: 0
====================================

===== C1-O2-P1 OFFENSE SCOPE =====
ElapsedMs: 45170.313
ActorAddress: EBB66E10
SourceAddress: E70EAC10
CurrentScopeExists: 0
ScopeAddress: 00000000
ScopeSPUAddress: 00000000
PlayerSPUAddress: EBB67074
SPUMatchesPlayer: 0
ScopeRuntimeStackAddress: 00000000
PlayerStateStackAddress: EBB67078
RuntimeStackMatchesPlayerStateStack: 0
ScriptNameReferenceAddress: 00000000
ScriptFunctionName: <no-current-scope>
ParentScopeExists: 0
OffenseObservedSet: 0
LifecycleBehaviorChanged: 0
CollisionBehaviorChanged: 0
==================================

===== OUTER_FRAME OFFENSE =====
ElapsedMs: 45170.332
ActorAddress: EBB66E10
Actor: PC_Hero
SourceAddress: E70EAC10
Source: It_2H_Sword_Flamberge
RequestedGroup: 7
BeforeGroup: 5
AfterGroup: 7
SPUAddress: EBB67074
StateStackCount: 2
HasTopFrame: 1
TopIndex: 1
TopEntryAddressDiagnosticOnly: DC490228
TopScriptName: _AI_Attack
TopIsScriptState: 0
TopBreakBlock: 1
TopArgumentsAddress: DE8EE090
TopLocalCallback: OnAI_Attack
TopExtraFloat: 1000.000000
CurrentState: PS_Melee_Attack
CurrentAction: 1
CurrentStatePosition: 0
CurrentStateTime: 0.254998
TopEntryAddressIsExecutionIdentity: 0
ArgumentsDereferencedOrClassified: 0
LifecycleBehaviorChanged: 0
CollisionBehaviorChanged: 0
===============================

===== COMBATMOVE STARTRECOVER BEGIN =====
ActorAddress: EBB66E10
Actor: PC_Hero
CurrentAction: 1
CurrentAniPhase: 1
CurrentMovementAni: Hero_Stand_None_2H_P0_Attack_Hit_N_Fwd_00_%_00_P1_90_R.xmot
Stage: BEGIN
ElapsedMs: 45665.566
PrimarySnapshotAvailable: 1
PrimaryMotionName: Hero_Stand_None_2H_P0_Attack_Hit_N_Fwd_00_%_00_P1_90_R.xmot
PrimaryHasMotionInstance: 1
PrimaryMotionRunning: 1
PrimaryPlayTime: 0.519990
PrimaryMaxTime: 0.520000
PrimaryPlaySpeed: 0.000000
LeftHandSourceResolved: 0
RightHandSourceResolved: 1
RightHandSource: It_2H_Sword_Flamberge
RightHandSourceAddress: E70EAC10
RightHandSourceCollisionGroup: 7
CleanupBehaviorChanged: 0
=========================================

===== HIT STARTRECOVER BEGIN STACK =====
ElapsedMs: 45665.646
Actor: PC_Hero
OutgoingPrimaryMotionName: Hero_Stand_None_2H_P0_Attack_Hit_N_Fwd_00_%_00_P1_90_R.xmot
CurrentAction: 1
CurrentAniPhase: 1
CurrentStateTime: 0.750269
CurrentMovementAni: Hero_Stand_None_2H_P0_Attack_Hit_N_Fwd_00_%_00_P1_90_R.xmot
LeftHandSourceResolved: 0
LeftHandSource: <none>
LeftHandSourceAddress: 00000000
LeftHandSourceCollisionGroup: -1
RightHandSourceResolved: 1
RightHandSource: It_2H_Sword_Flamberge
RightHandSourceAddress: E70EAC10
RightHandSourceCollisionGroup: 7
CapturedStackFrameCount: 4
StackFrame[0]: Address=1C5EFDCD Module=Script_FrameCollisionTest.dll Base=1C5E0000 RVA=0x0000FDCD
StackFrame[1]: Address=00C69772 Module=Game.dll Base=00B00000 RVA=0x00169772
StackFrame[2]: Address=1C5F042E Module=Script_FrameCollisionTest.dll Base=1C5E0000 RVA=0x0001042E
StackFrame[3]: Address=00C6F240 Module=Game.dll Base=00B00000 RVA=0x0016F240
CleanupBehaviorChanged: 0
========================================

===== PRIMARYFIRST StopMotion =====
OwnerEntityAddress: EBB66E10
OwnerEntity: PC_Hero
MotionType: 0
Stage: REQUEST_BEFORE_ORIGINAL
ElapsedMs: 45665.723
PrimarySnapshotAvailable: 1
PrimaryMotionName: 
PrimaryHasMotionInstance: 0
PrimaryMotionRunning: 0
PrimaryPlayTime: 0.000000
PrimaryMaxTime: 0.000000
PrimaryPlaySpeed: 0.000000
Stage: RESULT_AFTER_ORIGINAL
ElapsedMs: 45665.724
PrimarySnapshotAvailable: 1
PrimaryMotionName: 
PrimaryHasMotionInstance: 0
PrimaryMotionRunning: 0
PrimaryPlayTime: 0.000000
PrimaryMaxTime: 0.000000
PrimaryPlaySpeed: 0.000000
CleanupBehaviorChanged: 0
=====================================

===== EMPTY-PRIMARY SUCCESSOR STACK =====
ElapsedMs: 45665.759
Actor: PC_Hero
PrimaryWasEmptyBefore: 1
IncomingMotionRequestAddress: EBB671A8
SuccessorPrimaryMotionNameAfterOriginal: Hero_Stand_None_2H_P1_Attack_Recover_N_Fwd_00_%_00_P1_0_R.xmot
SuccessorPrimarySnapshotAvailable: 1
SuccessorPrimaryHasMotionInstance: 1
CurrentActionBeforeOriginal: 1
CurrentAniPhaseBeforeOriginal: 3
CurrentStateTimeBeforeOriginal: 0.750269
CurrentStatePositionBeforeOriginal: 1
CurrentMovementAniBeforeOriginal: Hero_Stand_None_2H_P0_Attack_Hit_N_Fwd_00_%_00_P1_90_R.xmot
LeftHandSourceResolved: 0
LeftHandSource: <none>
LeftHandSourceAddress: 00000000
LeftHandSourceCollisionGroup: -1
RightHandSourceResolved: 1
RightHandSource: It_2H_Sword_Flamberge
RightHandSourceAddress: E70EAC10
RightHandSourceCollisionGroup: 7
CapturedStackFrameCount: 2
StackFrame[0]: Address=1C5EF763 Module=Script_FrameCollisionTest.dll Base=1C5E0000 RVA=0x0000F763
StackFrame[1]: Address=00C6E709 Module=Game.dll Base=00B00000 RVA=0x0016E709
CleanupBehaviorChanged: 0
=============================================

===== PRIMARYFIRST PlayMotion =====
OwnerEntityAddress: EBB66E10
OwnerEntity: PC_Hero
MotionType: 0
Stage: REQUEST_BEFORE_ORIGINAL
ElapsedMs: 45665.759
PrimarySnapshotAvailable: 1
PrimaryMotionName: 
PrimaryHasMotionInstance: 0
PrimaryMotionRunning: 0
PrimaryPlayTime: 0.000000
PrimaryMaxTime: 0.000000
PrimaryPlaySpeed: 0.000000
Stage: RESULT_AFTER_ORIGINAL
ElapsedMs: 45665.775
PrimarySnapshotAvailable: 1
PrimaryMotionName: Hero_Stand_None_2H_P1_Attack_Recover_N_Fwd_00_%_00_P1_0_R.xmot
PrimaryHasMotionInstance: 1
PrimaryMotionRunning: 1
PrimaryPlayTime: 0.000000
PrimaryMaxTime: 0.920000
PrimaryPlaySpeed: 0.700000
CleanupBehaviorChanged: 0
=====================================

===== COMBATMOVE STARTRECOVER END =====
ActorAddress: EBB66E10
Actor: PC_Hero
CurrentAction: 1
CurrentAniPhase: 3
CurrentMovementAni: Hero_Stand_None_2H_P0_Attack_Hit_N_Fwd_00_%_00_P1_90_R.xmot
Stage: END
ElapsedMs: 45665.861
PrimarySnapshotAvailable: 1
PrimaryMotionName: Hero_Stand_None_2H_P1_Attack_Recover_N_Fwd_00_%_00_P1_0_R.xmot
PrimaryHasMotionInstance: 1
PrimaryMotionRunning: 1
PrimaryPlayTime: 0.000000
PrimaryMaxTime: 0.920000
PrimaryPlaySpeed: 0.700000
LeftHandSourceResolved: 0
RightHandSourceResolved: 1
RightHandSource: It_2H_Sword_Flamberge
RightHandSourceAddress: E70EAC10
RightHandSourceCollisionGroup: 7
CleanupBehaviorChanged: 0
=========================================

===== C1 CLEANUP FULFILLED =====
ElapsedMs: 45665.961
ActorAddress: EBB66E10
Actor: PC_Hero
Generation: 5
Status: PERSISTED
SourceAddress: E70EAC10
Source: It_2H_Sword_Flamberge
OriginalSideMask: 1
OriginalSide: RIGHT
OffensiveRequestCount: 1
Outstanding: 0
CleanupObserved: 1
ActualGroup: 5
PhysicalCollisionChanged: 0
==============================

===== ENGINE SetCollisionGroup =====
ElapsedMs: 45665.975
Entity: It_2H_Sword_Flamberge
ChangedEntityAddress: E70EAC10
PlayerSlotMatch: RIGHT
PlayerAction: 1
PlayerAniPhase: 3
PlayerPrimaryPose: 2
PlayerStateTime: 0.750269
PlayerStatePosition: 1
PlayerCurrentMovementAni: Hero_Stand_None_2H_P0_Attack_Hit_N_Fwd_00_%_00_P1_90_R.xmot
PlayerLeftItem: <none>
PlayerLeftItemAddress: 00000000
PlayerLeftUseType: -1
PlayerLeftCollisionGroup: -1
PlayerRightItem: It_2H_Sword_Flamberge
PlayerRightItemAddress: E70EAC10
PlayerRightUseType: 3
PlayerRightCollisionGroup: 5
RequestedGroup: 5
BeforeGroup: 7
AfterGroup: 5
Item_EquippedValue: 5
Item_AttackValue: 7
RetiredMarkerExecutionCount: 0
====================================

===== NATIVE CLEANUP CALL SITE =====
ElapsedMs: 45665.992
Source: It_2H_Sword_Flamberge
SourceAddress: E70EAC10
PlayerSlotMatch: RIGHT
CallerAddress: 1AE1851A
CallerModuleResolved: 1
CallerModule: Script_Game.dll
CallerModuleBase: 1ADE0000
CallerRVA: 0x0003851A
CapturedStackFrameCount: 4
StackFrame[0]: Address=1C5F11D9 Module=Script_FrameCollisionTest.dll Base=1C5E0000 RVA=0x000111D9
StackFrame[1]: Address=1AE1851A Module=Script_Game.dll Base=1ADE0000 RVA=0x0003851A
StackFrame[2]: Address=00C605EB Module=Game.dll Base=00B00000 RVA=0x001605EB
StackFrame[3]: Address=00C6F2C7 Module=Game.dll Base=00B00000 RVA=0x0016F2C7
RequestedGroup: 5
BeforeGroup: 7
AfterGroup: 5
CleanupBehaviorChanged: 0
====================================

===== OUTER_FRAME CLEANUP =====
ElapsedMs: 45666.013
ActorAddress: EBB66E10
Actor: PC_Hero
SourceAddress: E70EAC10
Source: It_2H_Sword_Flamberge
RequestedGroup: 5
BeforeGroup: 7
AfterGroup: 5
SPUAddress: EBB67074
StateStackCount: 2
HasTopFrame: 1
TopIndex: 1
TopEntryAddressDiagnosticOnly: DC490228
TopScriptName: _AI_Attack
TopIsScriptState: 0
TopBreakBlock: 2
TopArgumentsAddress: DE8EE090
TopLocalCallback: OnAI_Attack
TopExtraFloat: 1000.000000
CurrentState: PS_Melee_Attack
CurrentAction: 1
CurrentStatePosition: 1
CurrentStateTime: 0.750269
TopEntryAddressIsExecutionIdentity: 0
ArgumentsDereferencedOrClassified: 0
LifecycleBehaviorChanged: 0
CollisionBehaviorChanged: 0
===============================

===== AISETSTATE CALLSITE =====
ElapsedMs: 45666.041
ActorAddress: EBB66E10
Actor: PC_Hero
RequestedState: PS_Melee_Loop
CallerAddress: 1AD72F61
CallerModuleResolved: 1
CallerModule: Script.dll
CallerModuleBase: 1AD60000
CallerRVA: 0x00012F61
CurrentStateBeforeOriginal: PS_Melee_Attack
CurrentAction: 1
CurrentAniPhase: 3
CurrentStateTime: 0.750269
CurrentStatePosition: 1
CurrentMovementAni: Hero_Stand_None_2H_P0_Attack_Hit_N_Fwd_00_%_00_P1_90_R.xmot
Stage: BEFORE_ORIGINAL
ElapsedMs: 45666.043
PrimarySnapshotAvailable: 1
PrimaryMotionName: Hero_Stand_None_2H_P1_Attack_Recover_N_Fwd_00_%_00_P1_0_R.xmot
PrimaryHasMotionInstance: 1
PrimaryMotionRunning: 1
PrimaryPlayTime: 0.000000
PrimaryMaxTime: 0.920000
PrimaryPlaySpeed: 0.700000
LeftHandSourceResolved: 0
LeftHandSource: <none>
LeftHandSourceAddress: 00000000
LeftHandSourceCollisionGroup: -1
RightHandSourceResolved: 1
RightHandSource: It_2H_Sword_Flamberge
RightHandSourceAddress: E70EAC10
RightHandSourceCollisionGroup: 5
CapturedStackFrameCount: 3
StackFrame[0]: Address=1C5F0CA8 Module=Script_FrameCollisionTest.dll Base=1C5E0000 RVA=0x00010CA8
StackFrame[1]: Address=1AD72F61 Module=Script.dll Base=1AD60000 RVA=0x00012F61
StackFrame[2]: Address=00C604D3 Module=Game.dll Base=00B00000 RVA=0x001604D3
CleanupBehaviorChanged: 0
==============================

===== OUTER_FRAME AI_SET_STATE_BEFORE =====
ElapsedMs: 45666.077
ActorAddress: EBB66E10
Actor: PC_Hero
SPUAddress: EBB67074
StateStackCount: 1
HasTopFrame: 1
TopIndex: 0
TopEntryAddressDiagnosticOnly: DC490210
TopScriptName: PS_Melee_Attack
TopIsScriptState: 1
TopBreakBlock: 2
TopArgumentsAddress: 00000000
TopLocalCallback: 
TopExtraFloat: 1000.000000
CurrentState: PS_Melee_Attack
CurrentAction: 1
CurrentStatePosition: 1
CurrentStateTime: 0.750269
TopEntryAddressIsExecutionIdentity: 0
ArgumentsDereferencedOrClassified: 0
LifecycleBehaviorChanged: 0
CollisionBehaviorChanged: 0
===============================

===== C1 FINALIZATION =====
ElapsedMs: 45666.098
Reason: AISETSTATE_AFTER_ORIGINAL
ActorAddress: EBB66E10
Actor: PC_Hero
Generation: 5
Status: PERSISTED
TrackedSourceCount: 1
Source[0].Outcome: NO_OP_NO_OUTSTANDING
Source[0].Address: E70EAC10
Source[0].Name: It_2H_Sword_Flamberge
Source[0].LivenessEstablished: 1
Source[0].OriginalSideMask: 1
Source[0].OriginalSide: RIGHT
Source[0].OffensiveRequestCount: 1
Source[0].OutstandingBeforeFinalization: 0
Source[0].ActualGroup: 5
Source[0].ActualGroupBeforeRepair: 5
Source[0].CleanupObserved: 1
Source[0].CleanupObservedBeforeFinalization: 1
Source[0].StillEquipped: 1
Source[0].CurrentSideMask: 1
Source[0].RepairAttempted: 0
Source[0].PhysicalCollisionChanged: 0
PhysicalCollisionChanged: 0
===========================

===== OUTER_FRAME AI_SET_STATE_AFTER =====
ElapsedMs: 45666.119
ActorAddress: EBB66E10
Actor: PC_Hero
SPUAddress: EBB67074
StateStackCount: 1
HasTopFrame: 1
TopIndex: 0
TopEntryAddressDiagnosticOnly: DC490210
TopScriptName: PS_Melee_Loop
TopIsScriptState: 1
TopBreakBlock: 0
TopArgumentsAddress: 00000000
TopLocalCallback: 
TopExtraFloat: 1000.000000
CurrentState: PS_Melee_Loop
CurrentAction: 1
CurrentStatePosition: 0
CurrentStateTime: 0.000000
TopEntryAddressIsExecutionIdentity: 0
ArgumentsDereferencedOrClassified: 0
LifecycleBehaviorChanged: 0
CollisionBehaviorChanged: 0
===============================

===== EMPTY-PRIMARY SUCCESSOR STACK =====
ElapsedMs: 46993.168
Actor: PC_Hero
PrimaryWasEmptyBefore: 1
IncomingMotionRequestAddress: 0019EB18
SuccessorPrimaryMotionNameAfterOriginal: Hero_Stand_None_2H_P1_Ambient_Loop_N_Fwd_00_%_00_P1_0.xmot
SuccessorPrimarySnapshotAvailable: 1
SuccessorPrimaryHasMotionInstance: 1
CurrentActionBeforeOriginal: 0
CurrentAniPhaseBeforeOriginal: 5
CurrentStateTimeBeforeOriginal: 1.318234
CurrentStatePositionBeforeOriginal: 0
CurrentMovementAniBeforeOriginal: Hero_Stand_None_2H_P1_Ambient_Loop_N_Fwd_00_%_00_P1_0.xmot
LeftHandSourceResolved: 0
LeftHandSource: <none>
LeftHandSourceAddress: 00000000
LeftHandSourceCollisionGroup: -1
RightHandSourceResolved: 1
RightHandSource: It_2H_Sword_Flamberge
RightHandSourceAddress: E70EAC10
RightHandSourceCollisionGroup: 5
CapturedStackFrameCount: 2
StackFrame[0]: Address=1C5EF763 Module=Script_FrameCollisionTest.dll Base=1C5E0000 RVA=0x0000F763
StackFrame[1]: Address=00BD9CB3 Module=Game.dll Base=00B00000 RVA=0x000D9CB3
CleanupBehaviorChanged: 0
=============================================

===== PRIMARYFIRST PlayMotion =====
OwnerEntityAddress: EBB66E10
OwnerEntity: PC_Hero
MotionType: 0
Stage: REQUEST_BEFORE_ORIGINAL
ElapsedMs: 46993.166
PrimarySnapshotAvailable: 1
PrimaryMotionName: 
PrimaryHasMotionInstance: 0
PrimaryMotionRunning: 0
PrimaryPlayTime: 0.000000
PrimaryMaxTime: 0.000000
PrimaryPlaySpeed: 0.000000
Stage: RESULT_AFTER_ORIGINAL
ElapsedMs: 46993.187
PrimarySnapshotAvailable: 1
PrimaryMotionName: Hero_Stand_None_2H_P1_Ambient_Loop_N_Fwd_00_%_00_P1_0.xmot
PrimaryHasMotionInstance: 1
PrimaryMotionRunning: 1
PrimaryPlayTime: 0.000000
PrimaryMaxTime: 4.000000
PrimaryPlaySpeed: 1.000000
CleanupBehaviorChanged: 0
=====================================

===== AISETSTATE CALLSITE =====
ElapsedMs: 48181.535
ActorAddress: EBB66E10
Actor: PC_Hero
RequestedState: PS_Melee_Parade
CallerAddress: 1AD72F61
CallerModuleResolved: 1
CallerModule: Script.dll
CallerModuleBase: 1AD60000
CallerRVA: 0x00012F61
CurrentStateBeforeOriginal: PS_Melee_Loop
CurrentAction: 0
CurrentAniPhase: 5
CurrentStateTime: 2.506173
CurrentStatePosition: 0
CurrentMovementAni: Hero_Stand_None_2H_P1_Ambient_Loop_N_Fwd_00_%_00_P1_0.xmot
Stage: BEFORE_ORIGINAL
ElapsedMs: 48181.542
PrimarySnapshotAvailable: 1
PrimaryMotionName: Hero_Stand_None_2H_P1_Ambient_Loop_N_Fwd_00_%_00_P1_0.xmot
PrimaryHasMotionInstance: 1
PrimaryMotionRunning: 1
PrimaryPlayTime: 1.187938
PrimaryMaxTime: 4.000000
PrimaryPlaySpeed: 1.000000
LeftHandSourceResolved: 0
LeftHandSource: <none>
LeftHandSourceAddress: 00000000
LeftHandSourceCollisionGroup: -1
RightHandSourceResolved: 1
RightHandSource: It_2H_Sword_Flamberge
RightHandSourceAddress: E70EAC10
RightHandSourceCollisionGroup: 5
CapturedStackFrameCount: 3
StackFrame[0]: Address=1C5F0CA8 Module=Script_FrameCollisionTest.dll Base=1C5E0000 RVA=0x00010CA8
StackFrame[1]: Address=1AD72F61 Module=Script.dll Base=1AD60000 RVA=0x00012F61
StackFrame[2]: Address=00C604D3 Module=Game.dll Base=00B00000 RVA=0x001604D3
CleanupBehaviorChanged: 0
==============================

===== OUTER_FRAME AI_SET_STATE_BEFORE =====
ElapsedMs: 48181.606
ActorAddress: EBB66E10
Actor: PC_Hero
SPUAddress: EBB67074
StateStackCount: 1
HasTopFrame: 1
TopIndex: 0
TopEntryAddressDiagnosticOnly: DC490210
TopScriptName: PS_Melee_Loop
TopIsScriptState: 1
TopBreakBlock: 1
TopArgumentsAddress: 00000000
TopLocalCallback: 
TopExtraFloat: 1000.000000
CurrentState: PS_Melee_Loop
CurrentAction: 0
CurrentStatePosition: 0
CurrentStateTime: 2.506173
TopEntryAddressIsExecutionIdentity: 0
ArgumentsDereferencedOrClassified: 0
LifecycleBehaviorChanged: 0
CollisionBehaviorChanged: 0
===============================

===== OUTER_FRAME AI_SET_STATE_AFTER =====
ElapsedMs: 48181.628
ActorAddress: EBB66E10
Actor: PC_Hero
SPUAddress: EBB67074
StateStackCount: 1
HasTopFrame: 1
TopIndex: 0
TopEntryAddressDiagnosticOnly: DC490210
TopScriptName: PS_Melee_Parade
TopIsScriptState: 1
TopBreakBlock: 0
TopArgumentsAddress: 00000000
TopLocalCallback: 
TopExtraFloat: 1000.000000
CurrentState: PS_Melee_Parade
CurrentAction: 0
CurrentStatePosition: 0
CurrentStateTime: 0.000000
TopEntryAddressIsExecutionIdentity: 0
ArgumentsDereferencedOrClassified: 0
LifecycleBehaviorChanged: 0
CollisionBehaviorChanged: 0
===============================

===== C1 LIFECYCLE START =====
ElapsedMs: 48190.956
ActorAddress: EBB66E10
Actor: PC_Hero
Generation: 6
Status: CANDIDATE
ReplacedGeneration: 0
ReplacedOutstanding: 0
TrackedSourceCount: 1
Source[0].Address: E70EAC10
Source[0].Name: It_2H_Sword_Flamberge
Source[0].SideMask: 1
Source[0].Side: RIGHT
Source[0].ActualGroup: 5
PhysicalCollisionChanged: 0
==============================

===== C1-O2 OUTER BINDING =====
ElapsedMs: 48190.996
Event: COMBAT_MOVE_CANDIDATE_BOUND
ActorAddress: EBB66E10
Actor: PC_Hero
Generation: 6
Status: CANDIDATE
SPUAddress: EBB67074
ArgumentsAddress: DE8EE810
ScriptFunction: _AI_Parade
Outstanding: 0
PhysicalCollisionChanged: 0
================================

===== OUTER_FRAME COMBAT_MOVE_INITIAL =====
ElapsedMs: 48191.010
ActorAddress: EBB66E10
Actor: PC_Hero
SPUAddress: EBB67074
StateStackCount: 2
HasTopFrame: 1
TopIndex: 1
TopEntryAddressDiagnosticOnly: DC490228
TopScriptName: _AI_Parade
TopIsScriptState: 0
TopBreakBlock: 1
TopArgumentsAddress: DE8EE810
TopLocalCallback: OnAI_Parade
TopExtraFloat: 1000.000000
CurrentState: PS_Melee_Parade
CurrentAction: 16
CurrentStatePosition: 0
CurrentStateTime: 0.000000
TopEntryAddressIsExecutionIdentity: 0
ArgumentsDereferencedOrClassified: 0
LifecycleBehaviorChanged: 0
CollisionBehaviorChanged: 0
===============================

===== PRIMARYFIRST StopMotion =====
OwnerEntityAddress: EBB66E10
OwnerEntity: PC_Hero
MotionType: 0
Stage: REQUEST_BEFORE_ORIGINAL
ElapsedMs: 48191.047
PrimarySnapshotAvailable: 1
PrimaryMotionName: 
PrimaryHasMotionInstance: 0
PrimaryMotionRunning: 0
PrimaryPlayTime: 0.000000
PrimaryMaxTime: 0.000000
PrimaryPlaySpeed: 0.000000
Stage: RESULT_AFTER_ORIGINAL
ElapsedMs: 48191.048
PrimarySnapshotAvailable: 1
PrimaryMotionName: 
PrimaryHasMotionInstance: 0
PrimaryMotionRunning: 0
PrimaryPlayTime: 0.000000
PrimaryMaxTime: 0.000000
PrimaryPlaySpeed: 0.000000
CleanupBehaviorChanged: 0
=====================================

===== EMPTY-PRIMARY SUCCESSOR STACK =====
ElapsedMs: 48191.070
Actor: PC_Hero
PrimaryWasEmptyBefore: 1
IncomingMotionRequestAddress: EBB671A8
SuccessorPrimaryMotionNameAfterOriginal: Hero_Stand_None_2H_P1_Parade_Begin_N_Fwd_00_%_00_P0_0.xmot
SuccessorPrimarySnapshotAvailable: 1
SuccessorPrimaryHasMotionInstance: 1
CurrentActionBeforeOriginal: 16
CurrentAniPhaseBeforeOriginal: 4
CurrentStateTimeBeforeOriginal: 0.000000
CurrentStatePositionBeforeOriginal: 0
CurrentMovementAniBeforeOriginal: Hero_Stand_None_2H_P1_Parade_Begin_N_Fwd_00_%_00_P0_0.xmot
LeftHandSourceResolved: 0
LeftHandSource: <none>
LeftHandSourceAddress: 00000000
LeftHandSourceCollisionGroup: -1
RightHandSourceResolved: 1
RightHandSource: It_2H_Sword_Flamberge
RightHandSourceAddress: E70EAC10
RightHandSourceCollisionGroup: 5
CapturedStackFrameCount: 8
StackFrame[0]: Address=1C5EF763 Module=Script_FrameCollisionTest.dll Base=1C5E0000 RVA=0x0000F763
StackFrame[1]: Address=00C6B485 Module=Game.dll Base=00B00000 RVA=0x0016B485
StackFrame[2]: Address=00C69724 Module=Game.dll Base=00B00000 RVA=0x00169724
StackFrame[3]: Address=1C5F042E Module=Script_FrameCollisionTest.dll Base=1C5E0000 RVA=0x0001042E
StackFrame[4]: Address=1AE26BE1 Module=Script_Game.dll Base=1ADE0000 RVA=0x00046BE1
StackFrame[5]: Address=00C605EB Module=Game.dll Base=00B00000 RVA=0x001605EB
StackFrame[6]: Address=1AE5FB73 Module=Script_Game.dll Base=1ADE0000 RVA=0x0007FB73
StackFrame[7]: Address=00C604D3 Module=Game.dll Base=00B00000 RVA=0x001604D3
CleanupBehaviorChanged: 0
=============================================

===== PRIMARYFIRST PlayMotion =====
OwnerEntityAddress: EBB66E10
OwnerEntity: PC_Hero
MotionType: 0
Stage: REQUEST_BEFORE_ORIGINAL
ElapsedMs: 48191.069
PrimarySnapshotAvailable: 1
PrimaryMotionName: 
PrimaryHasMotionInstance: 0
PrimaryMotionRunning: 0
PrimaryPlayTime: 0.000000
PrimaryMaxTime: 0.000000
PrimaryPlaySpeed: 0.000000
Stage: RESULT_AFTER_ORIGINAL
ElapsedMs: 48191.088
PrimarySnapshotAvailable: 1
PrimaryMotionName: Hero_Stand_None_2H_P1_Parade_Begin_N_Fwd_00_%_00_P0_0.xmot
PrimaryHasMotionInstance: 1
PrimaryMotionRunning: 1
PrimaryPlayTime: 0.000000
PrimaryMaxTime: 0.800000
PrimaryPlaySpeed: 2.300000
CleanupBehaviorChanged: 0
=====================================

===== C1 LIFECYCLE STATUS =====
ElapsedMs: 48191.157
Event: PERSISTED
ActorAddress: EBB66E10
Actor: PC_Hero
Generation: 6
Status: PERSISTED
Outstanding: 0
PhysicalCollisionChanged: 0
===============================

===== AISETSTATE CALLSITE =====
ElapsedMs: 48547.418
ActorAddress: EBB66E10
Actor: PC_Hero
RequestedState: PS_Melee_Loop
CallerAddress: 1AD72F61
CallerModuleResolved: 1
CallerModule: Script.dll
CallerModuleBase: 1AD60000
CallerRVA: 0x00012F61
CurrentStateBeforeOriginal: PS_Melee_Parade
CurrentAction: 16
CurrentAniPhase: 4
CurrentStateTime: 0.355298
CurrentStatePosition: 1
CurrentMovementAni: Hero_Stand_None_2H_P1_Parade_Begin_N_Fwd_00_%_00_P0_0.xmot
Stage: BEFORE_ORIGINAL
ElapsedMs: 48547.425
PrimarySnapshotAvailable: 1
PrimaryMotionName: Hero_Stand_None_2H_P1_Parade_Begin_N_Fwd_00_%_00_P0_0.xmot
PrimaryHasMotionInstance: 1
PrimaryMotionRunning: 1
PrimaryPlayTime: 0.799990
PrimaryMaxTime: 0.800000
PrimaryPlaySpeed: 0.000000
LeftHandSourceResolved: 0
LeftHandSource: <none>
LeftHandSourceAddress: 00000000
LeftHandSourceCollisionGroup: -1
RightHandSourceResolved: 1
RightHandSource: It_2H_Sword_Flamberge
RightHandSourceAddress: E70EAC10
RightHandSourceCollisionGroup: 5
CapturedStackFrameCount: 3
StackFrame[0]: Address=1C5F0CA8 Module=Script_FrameCollisionTest.dll Base=1C5E0000 RVA=0x00010CA8
StackFrame[1]: Address=1AD72F61 Module=Script.dll Base=1AD60000 RVA=0x00012F61
StackFrame[2]: Address=00C604D3 Module=Game.dll Base=00B00000 RVA=0x001604D3
CleanupBehaviorChanged: 0
==============================

===== OUTER_FRAME AI_SET_STATE_BEFORE =====
ElapsedMs: 48547.486
ActorAddress: EBB66E10
Actor: PC_Hero
SPUAddress: EBB67074
StateStackCount: 1
HasTopFrame: 1
TopIndex: 0
TopEntryAddressDiagnosticOnly: DC490210
TopScriptName: PS_Melee_Parade
TopIsScriptState: 1
TopBreakBlock: 2
TopArgumentsAddress: 00000000
TopLocalCallback: 
TopExtraFloat: 1000.000000
CurrentState: PS_Melee_Parade
CurrentAction: 16
CurrentStatePosition: 1
CurrentStateTime: 0.355298
TopEntryAddressIsExecutionIdentity: 0
ArgumentsDereferencedOrClassified: 0
LifecycleBehaviorChanged: 0
CollisionBehaviorChanged: 0
===============================

===== C1 FINALIZATION =====
ElapsedMs: 48547.510
Reason: AISETSTATE_AFTER_ORIGINAL
ActorAddress: EBB66E10
Actor: PC_Hero
Generation: 6
Status: PERSISTED
TrackedSourceCount: 1
Source[0].Outcome: NO_OP_NO_OUTSTANDING
Source[0].Address: E70EAC10
Source[0].Name: It_2H_Sword_Flamberge
Source[0].LivenessEstablished: 1
Source[0].OriginalSideMask: 1
Source[0].OriginalSide: RIGHT
Source[0].OffensiveRequestCount: 0
Source[0].OutstandingBeforeFinalization: 0
Source[0].ActualGroup: 5
Source[0].ActualGroupBeforeRepair: 5
Source[0].CleanupObserved: 0
Source[0].CleanupObservedBeforeFinalization: 0
Source[0].StillEquipped: 1
Source[0].CurrentSideMask: 1
Source[0].RepairAttempted: 0
Source[0].PhysicalCollisionChanged: 0
PhysicalCollisionChanged: 0
===========================

===== OUTER_FRAME AI_SET_STATE_AFTER =====
ElapsedMs: 48547.532
ActorAddress: EBB66E10
Actor: PC_Hero
SPUAddress: EBB67074
StateStackCount: 1
HasTopFrame: 1
TopIndex: 0
TopEntryAddressDiagnosticOnly: DC490210
TopScriptName: PS_Melee_Loop
TopIsScriptState: 1
TopBreakBlock: 0
TopArgumentsAddress: 00000000
TopLocalCallback: 
TopExtraFloat: 1000.000000
CurrentState: PS_Melee_Loop
CurrentAction: 16
CurrentStatePosition: 0
CurrentStateTime: 0.000000
TopEntryAddressIsExecutionIdentity: 0
ArgumentsDereferencedOrClassified: 0
LifecycleBehaviorChanged: 0
CollisionBehaviorChanged: 0
===============================

===== EMPTY-PRIMARY SUCCESSOR STACK =====
ElapsedMs: 48557.516
Actor: PC_Hero
PrimaryWasEmptyBefore: 1
IncomingMotionRequestAddress: 0019EB18
SuccessorPrimaryMotionNameAfterOriginal: Hero_Parade_None_2H_P0_Ambient_Loop_N_Fwd_00_%_00_P0_0.xmot
SuccessorPrimarySnapshotAvailable: 1
SuccessorPrimaryHasMotionInstance: 1
CurrentActionBeforeOriginal: 0
CurrentAniPhaseBeforeOriginal: 5
CurrentStateTimeBeforeOriginal: 0.000000
CurrentStatePositionBeforeOriginal: 0
CurrentMovementAniBeforeOriginal: Hero_Parade_None_2H_P0_Ambient_Loop_N_Fwd_00_%_00_P0_0.xmot
LeftHandSourceResolved: 0
LeftHandSource: <none>
LeftHandSourceAddress: 00000000
LeftHandSourceCollisionGroup: -1
RightHandSourceResolved: 1
RightHandSource: It_2H_Sword_Flamberge
RightHandSourceAddress: E70EAC10
RightHandSourceCollisionGroup: 5
CapturedStackFrameCount: 2
StackFrame[0]: Address=1C5EF763 Module=Script_FrameCollisionTest.dll Base=1C5E0000 RVA=0x0000F763
StackFrame[1]: Address=00BD9CB3 Module=Game.dll Base=00B00000 RVA=0x000D9CB3
CleanupBehaviorChanged: 0
=============================================

===== PRIMARYFIRST PlayMotion =====
OwnerEntityAddress: EBB66E10
OwnerEntity: PC_Hero
MotionType: 0
Stage: REQUEST_BEFORE_ORIGINAL
ElapsedMs: 48557.514
PrimarySnapshotAvailable: 1
PrimaryMotionName: 
PrimaryHasMotionInstance: 0
PrimaryMotionRunning: 0
PrimaryPlayTime: 0.000000
PrimaryMaxTime: 0.000000
PrimaryPlaySpeed: 0.000000
Stage: RESULT_AFTER_ORIGINAL
ElapsedMs: 48557.536
PrimarySnapshotAvailable: 1
PrimaryMotionName: Hero_Parade_None_2H_P0_Ambient_Loop_N_Fwd_00_%_00_P0_0.xmot
PrimaryHasMotionInstance: 1
PrimaryMotionRunning: 1
PrimaryPlayTime: 0.000000
PrimaryMaxTime: 0.000000
PrimaryPlaySpeed: 1.000000
CleanupBehaviorChanged: 0
=====================================

===== AISETSTATE CALLSITE =====
ElapsedMs: 50268.071
ActorAddress: EBB66E10
Actor: PC_Hero
RequestedState: PS_Melee_HackAttack
CallerAddress: 1AD72F61
CallerModuleResolved: 1
CallerModule: Script.dll
CallerModuleBase: 1AD60000
CallerRVA: 0x00012F61
CurrentStateBeforeOriginal: PS_Melee_Loop
CurrentAction: 0
CurrentAniPhase: 5
CurrentStateTime: 1.707103
CurrentStatePosition: 0
CurrentMovementAni: Hero_Parade_None_2H_P0_Ambient_Loop_N_Fwd_00_%_00_P0_0.xmot
Stage: BEFORE_ORIGINAL
ElapsedMs: 50268.078
PrimarySnapshotAvailable: 1
PrimaryMotionName: Hero_Parade_None_2H_P0_Ambient_Loop_N_Fwd_00_%_00_P0_0.xmot
PrimaryHasMotionInstance: 1
PrimaryMotionRunning: 1
PrimaryPlayTime: 0.000003
PrimaryMaxTime: 0.000000
PrimaryPlaySpeed: 1.000000
LeftHandSourceResolved: 0
LeftHandSource: <none>
LeftHandSourceAddress: 00000000
LeftHandSourceCollisionGroup: -1
RightHandSourceResolved: 1
RightHandSource: It_2H_Sword_Flamberge
RightHandSourceAddress: E70EAC10
RightHandSourceCollisionGroup: 5
CapturedStackFrameCount: 3
StackFrame[0]: Address=1C5F0CA8 Module=Script_FrameCollisionTest.dll Base=1C5E0000 RVA=0x00010CA8
StackFrame[1]: Address=1AD72F61 Module=Script.dll Base=1AD60000 RVA=0x00012F61
StackFrame[2]: Address=00C604D3 Module=Game.dll Base=00B00000 RVA=0x001604D3
CleanupBehaviorChanged: 0
==============================

===== OUTER_FRAME AI_SET_STATE_BEFORE =====
ElapsedMs: 50268.144
ActorAddress: EBB66E10
Actor: PC_Hero
SPUAddress: EBB67074
StateStackCount: 1
HasTopFrame: 1
TopIndex: 0
TopEntryAddressDiagnosticOnly: DC490210
TopScriptName: PS_Melee_Loop
TopIsScriptState: 1
TopBreakBlock: 1
TopArgumentsAddress: 00000000
TopLocalCallback: 
TopExtraFloat: 1000.000000
CurrentState: PS_Melee_Loop
CurrentAction: 0
CurrentStatePosition: 0
CurrentStateTime: 1.707103
TopEntryAddressIsExecutionIdentity: 0
ArgumentsDereferencedOrClassified: 0
LifecycleBehaviorChanged: 0
CollisionBehaviorChanged: 0
===============================

===== OUTER_FRAME AI_SET_STATE_AFTER =====
ElapsedMs: 50268.168
ActorAddress: EBB66E10
Actor: PC_Hero
SPUAddress: EBB67074
StateStackCount: 1
HasTopFrame: 1
TopIndex: 0
TopEntryAddressDiagnosticOnly: DC490210
TopScriptName: PS_Melee_HackAttack
TopIsScriptState: 1
TopBreakBlock: 0
TopArgumentsAddress: 00000000
TopLocalCallback: 
TopExtraFloat: 1000.000000
CurrentState: PS_Melee_HackAttack
CurrentAction: 0
CurrentStatePosition: 0
CurrentStateTime: 0.000000
TopEntryAddressIsExecutionIdentity: 0
ArgumentsDereferencedOrClassified: 0
LifecycleBehaviorChanged: 0
CollisionBehaviorChanged: 0
===============================

===== AIFULLSTOP CALLSITE =====
ElapsedMs: 50273.517
ActorAddress: EBB66E10
Actor: PC_Hero
CallerAddress: 1AE42BEE
CallerModuleResolved: 1
CallerModule: Script_Game.dll
CallerModuleBase: 1ADE0000
CallerRVA: 0x00062BEE
CurrentAction: 0
CurrentAniPhase: 5
CurrentState: PS_Melee_HackAttack
CurrentStateTime: 0.000000
CurrentStatePosition: 0
PressedKey: 15
IsPressed: 0
IsPressedBefore: 1
DurationPressedMSecs: 114
CurrentMovementAni: Hero_Parade_None_2H_P0_Ambient_Loop_N_Fwd_00_%_00_P0_0.xmot
Stage: BEFORE_ORIGINAL
ElapsedMs: 50273.527
PrimarySnapshotAvailable: 1
PrimaryMotionName: Hero_Parade_None_2H_P0_Ambient_Loop_N_Fwd_00_%_00_P0_0.xmot
PrimaryHasMotionInstance: 1
PrimaryMotionRunning: 1
PrimaryPlayTime: 0.000001
PrimaryMaxTime: 0.000000
PrimaryPlaySpeed: 1.000000
LeftHandSourceResolved: 0
LeftHandSource: <none>
LeftHandSourceAddress: 00000000
LeftHandSourceCollisionGroup: -1
RightHandSourceResolved: 1
RightHandSource: It_2H_Sword_Flamberge
RightHandSourceAddress: E70EAC10
RightHandSourceCollisionGroup: 5
CapturedStackFrameCount: 4
StackFrame[0]: Address=1C5F06D8 Module=Script_FrameCollisionTest.dll Base=1C5E0000 RVA=0x000106D8
StackFrame[1]: Address=1AE42BEE Module=Script_Game.dll Base=1ADE0000 RVA=0x00062BEE
StackFrame[2]: Address=1AE41852 Module=Script_Game.dll Base=1ADE0000 RVA=0x00061852
StackFrame[3]: Address=00C6093B Module=Game.dll Base=00B00000 RVA=0x0016093B
CleanupBehaviorChanged: 0
===============================

===== AISETSTATE CALLSITE =====
ElapsedMs: 50273.601
ActorAddress: EBB66E10
Actor: PC_Hero
RequestedState: PS_Melee_WhirlAttack
CallerAddress: 1AD72F61
CallerModuleResolved: 1
CallerModule: Script.dll
CallerModuleBase: 1AD60000
CallerRVA: 0x00012F61
CurrentStateBeforeOriginal: PS_Melee_HackAttack
CurrentAction: 0
CurrentAniPhase: 5
CurrentStateTime: 0.000000
CurrentStatePosition: 0
CurrentMovementAni: Hero_Parade_None_2H_P0_Ambient_Loop_N_Fwd_00_%_00_P0_0.xmot
Stage: BEFORE_ORIGINAL
ElapsedMs: 50273.604
PrimarySnapshotAvailable: 1
PrimaryMotionName: Hero_Parade_None_2H_P0_Ambient_Loop_N_Fwd_00_%_00_P0_0.xmot
PrimaryHasMotionInstance: 1
PrimaryMotionRunning: 1
PrimaryPlayTime: 0.000001
PrimaryMaxTime: 0.000000
PrimaryPlaySpeed: 1.000000
LeftHandSourceResolved: 0
LeftHandSource: <none>
LeftHandSourceAddress: 00000000
LeftHandSourceCollisionGroup: -1
RightHandSourceResolved: 1
RightHandSource: It_2H_Sword_Flamberge
RightHandSourceAddress: E70EAC10
RightHandSourceCollisionGroup: 5
CapturedStackFrameCount: 4
StackFrame[0]: Address=1C5F0CA8 Module=Script_FrameCollisionTest.dll Base=1C5E0000 RVA=0x00010CA8
StackFrame[1]: Address=1AD72F61 Module=Script.dll Base=1AD60000 RVA=0x00012F61
StackFrame[2]: Address=1AE41852 Module=Script_Game.dll Base=1ADE0000 RVA=0x00061852
StackFrame[3]: Address=00C6093B Module=Game.dll Base=00B00000 RVA=0x0016093B
CleanupBehaviorChanged: 0
==============================

===== OUTER_FRAME AI_SET_STATE_BEFORE =====
ElapsedMs: 50273.645
ActorAddress: EBB66E10
Actor: PC_Hero
SPUAddress: EBB67074
StateStackCount: 1
HasTopFrame: 1
TopIndex: 0
TopEntryAddressDiagnosticOnly: DC490210
TopScriptName: PS_Melee_HackAttack
TopIsScriptState: 1
TopBreakBlock: 0
TopArgumentsAddress: 00000000
TopLocalCallback: 
TopExtraFloat: 1000.000000
CurrentState: PS_Melee_HackAttack
CurrentAction: 0
CurrentStatePosition: 0
CurrentStateTime: 0.000000
TopEntryAddressIsExecutionIdentity: 0
ArgumentsDereferencedOrClassified: 0
LifecycleBehaviorChanged: 0
CollisionBehaviorChanged: 0
===============================

===== OUTER_FRAME AI_SET_STATE_AFTER =====
ElapsedMs: 50273.680
ActorAddress: EBB66E10
Actor: PC_Hero
SPUAddress: EBB67074
StateStackCount: 1
HasTopFrame: 1
TopIndex: 0
TopEntryAddressDiagnosticOnly: DC490210
TopScriptName: PS_Melee_WhirlAttack
TopIsScriptState: 1
TopBreakBlock: 0
TopArgumentsAddress: 00000000
TopLocalCallback: 
TopExtraFloat: 1000.000000
CurrentState: PS_Melee_WhirlAttack
CurrentAction: 0
CurrentStatePosition: 0
CurrentStateTime: 0.000000
TopEntryAddressIsExecutionIdentity: 0
ArgumentsDereferencedOrClassified: 0
LifecycleBehaviorChanged: 0
CollisionBehaviorChanged: 0
===============================

===== C1 LIFECYCLE START =====
ElapsedMs: 50278.218
ActorAddress: EBB66E10
Actor: PC_Hero
Generation: 7
Status: CANDIDATE
ReplacedGeneration: 0
ReplacedOutstanding: 0
TrackedSourceCount: 1
Source[0].Address: E70EAC10
Source[0].Name: It_2H_Sword_Flamberge
Source[0].SideMask: 1
Source[0].Side: RIGHT
Source[0].ActualGroup: 5
PhysicalCollisionChanged: 0
==============================

===== C1-O2 OUTER BINDING =====
ElapsedMs: 50278.257
Event: COMBAT_MOVE_CANDIDATE_BOUND
ActorAddress: EBB66E10
Actor: PC_Hero
Generation: 7
Status: CANDIDATE
SPUAddress: EBB67074
ArgumentsAddress: DE8EF290
ScriptFunction: _AI_WhirlAttack
Outstanding: 0
PhysicalCollisionChanged: 0
================================

===== OUTER_FRAME COMBAT_MOVE_INITIAL =====
ElapsedMs: 50278.269
ActorAddress: EBB66E10
Actor: PC_Hero
SPUAddress: EBB67074
StateStackCount: 2
HasTopFrame: 1
TopIndex: 1
TopEntryAddressDiagnosticOnly: DC490228
TopScriptName: _AI_WhirlAttack
TopIsScriptState: 0
TopBreakBlock: 2
TopArgumentsAddress: DE8EF290
TopLocalCallback: OnAI_WhirlAttack
TopExtraFloat: 1000.000000
CurrentState: PS_Melee_WhirlAttack
CurrentAction: 10
CurrentStatePosition: 0
CurrentStateTime: 0.000000
TopEntryAddressIsExecutionIdentity: 0
ArgumentsDereferencedOrClassified: 0
LifecycleBehaviorChanged: 0
CollisionBehaviorChanged: 0
===============================

===== PRIMARYFIRST StopMotion =====
OwnerEntityAddress: EBB66E10
OwnerEntity: PC_Hero
MotionType: 0
Stage: REQUEST_BEFORE_ORIGINAL
ElapsedMs: 50278.310
PrimarySnapshotAvailable: 1
PrimaryMotionName: 
PrimaryHasMotionInstance: 0
PrimaryMotionRunning: 0
PrimaryPlayTime: 0.000000
PrimaryMaxTime: 0.000000
PrimaryPlaySpeed: 0.000000
Stage: RESULT_AFTER_ORIGINAL
ElapsedMs: 50278.311
PrimarySnapshotAvailable: 1
PrimaryMotionName: 
PrimaryHasMotionInstance: 0
PrimaryMotionRunning: 0
PrimaryPlayTime: 0.000000
PrimaryMaxTime: 0.000000
PrimaryPlaySpeed: 0.000000
CleanupBehaviorChanged: 0
=====================================

===== EMPTY-PRIMARY SUCCESSOR STACK =====
ElapsedMs: 50278.335
Actor: PC_Hero
PrimaryWasEmptyBefore: 1
IncomingMotionRequestAddress: EBB671A8
SuccessorPrimaryMotionNameAfterOriginal: Hero_Parade_None_2H_P0_WhirlAttack_Hit_N_Fwd_00_%_00_P0_150_R.xmot
SuccessorPrimarySnapshotAvailable: 1
SuccessorPrimaryHasMotionInstance: 1
CurrentActionBeforeOriginal: 10
CurrentAniPhaseBeforeOriginal: 1
CurrentStateTimeBeforeOriginal: 0.000000
CurrentStatePositionBeforeOriginal: 0
CurrentMovementAniBeforeOriginal: Hero_Parade_None_2H_P0_WhirlAttack_Hit_N_Fwd_00_%_00_P0_150_R.xmot
LeftHandSourceResolved: 0
LeftHandSource: <none>
LeftHandSourceAddress: 00000000
LeftHandSourceCollisionGroup: -1
RightHandSourceResolved: 1
RightHandSource: It_2H_Sword_Flamberge
RightHandSourceAddress: E70EAC10
RightHandSourceCollisionGroup: 5
CapturedStackFrameCount: 8
StackFrame[0]: Address=1C5EF763 Module=Script_FrameCollisionTest.dll Base=1C5E0000 RVA=0x0000F763
StackFrame[1]: Address=00C6B485 Module=Game.dll Base=00B00000 RVA=0x0016B485
StackFrame[2]: Address=00C69724 Module=Game.dll Base=00B00000 RVA=0x00169724
StackFrame[3]: Address=1C5F042E Module=Script_FrameCollisionTest.dll Base=1C5E0000 RVA=0x0001042E
StackFrame[4]: Address=1AE2DF92 Module=Script_Game.dll Base=1ADE0000 RVA=0x0004DF92
StackFrame[5]: Address=00C605EB Module=Game.dll Base=00B00000 RVA=0x001605EB
StackFrame[6]: Address=1AE60010 Module=Script_Game.dll Base=1ADE0000 RVA=0x00080010
StackFrame[7]: Address=00C604D3 Module=Game.dll Base=00B00000 RVA=0x001604D3
CleanupBehaviorChanged: 0
=============================================

===== PRIMARYFIRST PlayMotion =====
OwnerEntityAddress: EBB66E10
OwnerEntity: PC_Hero
MotionType: 0
Stage: REQUEST_BEFORE_ORIGINAL
ElapsedMs: 50278.334
PrimarySnapshotAvailable: 1
PrimaryMotionName: 
PrimaryHasMotionInstance: 0
PrimaryMotionRunning: 0
PrimaryPlayTime: 0.000000
PrimaryMaxTime: 0.000000
PrimaryPlaySpeed: 0.000000
Stage: RESULT_AFTER_ORIGINAL
ElapsedMs: 50278.353
PrimarySnapshotAvailable: 1
PrimaryMotionName: Hero_Parade_None_2H_P0_WhirlAttack_Hit_N_Fwd_00_%_00_P0_150_R.xmot
PrimaryHasMotionInstance: 1
PrimaryMotionRunning: 1
PrimaryPlayTime: 0.000000
PrimaryMaxTime: 0.800000
PrimaryPlaySpeed: 1.000000
CleanupBehaviorChanged: 0
=====================================

===== C1 LIFECYCLE STATUS =====
ElapsedMs: 50278.432
Event: PERSISTED
ActorAddress: EBB66E10
Actor: PC_Hero
Generation: 7
Status: PERSISTED
Outstanding: 0
PhysicalCollisionChanged: 0
===============================

===== MARKER OWNERSHIP DECISION =====
ElapsedMs: 50278.448
Actor: PC_Hero
CurrentMovementAni: Hero_Parade_None_2H_P0_WhirlAttack_Hit_N_Fwd_00_%_00_P0_150_R.xmot
MatchingMotionFound: 1
FrameEffectCount: 1
ContainsReservedSourceMarker: 0
RequiredSourceMask: 0
AuthoredRIGHTMarkerCount: 0
FirstRIGHTMarkerFrame: -1
AuthoredLEFTMarkerCount: 0
FirstLEFTMarkerFrame: -1
AuthoredBOTHMarkerCount: 0
FirstBOTHMarkerFrame: -1
AuthoredOFFMarkerCount: 0
FirstOFFMarkerFrame: -1
RightHandSourceResolved: 1
RightHandSource: It_2H_Sword_Flamberge
RightHandSourceAddress: E70EAC10
RightHandSourceUseType: 3
RightHandSourceCollisionGroup: 5
LeftHandSourceResolved: 0
Decision: LEGACY/NATIVE - call original timer callback
=====================================

===== C1 OFFENSE REQUEST =====
ElapsedMs: 50535.790
ActorAddress: EBB66E10
Actor: PC_Hero
Generation: 7
Status: PERSISTED
SourceAddress: E70EAC10
Source: It_2H_Sword_Flamberge
OriginalSideMask: 1
OriginalSide: RIGHT
OffensiveRequestCount: 1
Outstanding: 1
CleanupObserved: 0
ActualGroup: 7
PhysicalCollisionChanged: 0
==============================

===== ENGINE SetCollisionGroup =====
ElapsedMs: 50535.825
Entity: It_2H_Sword_Flamberge
ChangedEntityAddress: E70EAC10
PlayerSlotMatch: RIGHT
PlayerAction: 10
PlayerAniPhase: 1
PlayerPrimaryPose: 1
PlayerStateTime: 0.257001
PlayerStatePosition: 0
PlayerCurrentMovementAni: Hero_Parade_None_2H_P0_WhirlAttack_Hit_N_Fwd_00_%_00_P0_150_R.xmot
PlayerLeftItem: <none>
PlayerLeftItemAddress: 00000000
PlayerLeftUseType: -1
PlayerLeftCollisionGroup: -1
PlayerRightItem: It_2H_Sword_Flamberge
PlayerRightItemAddress: E70EAC10
PlayerRightUseType: 3
PlayerRightCollisionGroup: 7
RequestedGroup: 7
BeforeGroup: 5
AfterGroup: 7
Item_EquippedValue: 5
Item_AttackValue: 7
RetiredMarkerExecutionCount: 0
====================================

===== C1-O2-P1 OFFENSE SCOPE =====
ElapsedMs: 50535.850
ActorAddress: EBB66E10
SourceAddress: E70EAC10
CurrentScopeExists: 0
ScopeAddress: 00000000
ScopeSPUAddress: 00000000
PlayerSPUAddress: EBB67074
SPUMatchesPlayer: 0
ScopeRuntimeStackAddress: 00000000
PlayerStateStackAddress: EBB67078
RuntimeStackMatchesPlayerStateStack: 0
ScriptNameReferenceAddress: 00000000
ScriptFunctionName: <no-current-scope>
ParentScopeExists: 0
OffenseObservedSet: 0
LifecycleBehaviorChanged: 0
CollisionBehaviorChanged: 0
==================================

===== OUTER_FRAME OFFENSE =====
ElapsedMs: 50535.865
ActorAddress: EBB66E10
Actor: PC_Hero
SourceAddress: E70EAC10
Source: It_2H_Sword_Flamberge
RequestedGroup: 7
BeforeGroup: 5
AfterGroup: 7
SPUAddress: EBB67074
StateStackCount: 2
HasTopFrame: 1
TopIndex: 1
TopEntryAddressDiagnosticOnly: DC490228
TopScriptName: _AI_WhirlAttack
TopIsScriptState: 0
TopBreakBlock: 2
TopArgumentsAddress: DE8EF290
TopLocalCallback: OnAI_WhirlAttack
TopExtraFloat: 1000.000000
CurrentState: PS_Melee_WhirlAttack
CurrentAction: 10
CurrentStatePosition: 0
CurrentStateTime: 0.257001
TopEntryAddressIsExecutionIdentity: 0
ArgumentsDereferencedOrClassified: 0
LifecycleBehaviorChanged: 0
CollisionBehaviorChanged: 0
===============================

===== AIFULLSTOP CALLSITE =====
ElapsedMs: 50627.708
ActorAddress: EBB66E10
Actor: PC_Hero
CallerAddress: 1AE433F7
CallerModuleResolved: 1
CallerModule: Script_Game.dll
CallerModuleBase: 1ADE0000
CallerRVA: 0x000633F7
CurrentAction: 10
CurrentAniPhase: 1
CurrentState: PS_Melee_WhirlAttack
CurrentStateTime: 0.350966
CurrentStatePosition: 1
PressedKey: 16
IsPressed: 1
IsPressedBefore: 1
DurationPressedMSecs: 2501
CurrentMovementAni: Hero_Parade_None_2H_P0_WhirlAttack_Hit_N_Fwd_00_%_00_P0_150_R.xmot
Stage: BEFORE_ORIGINAL
ElapsedMs: 50627.719
PrimarySnapshotAvailable: 1
PrimaryMotionName: Hero_Parade_None_2H_P0_WhirlAttack_Hit_N_Fwd_00_%_00_P0_150_R.xmot
PrimaryHasMotionInstance: 1
PrimaryMotionRunning: 1
PrimaryPlayTime: 0.350966
PrimaryMaxTime: 0.800000
PrimaryPlaySpeed: 1.000000
LeftHandSourceResolved: 0
LeftHandSource: <none>
LeftHandSourceAddress: 00000000
LeftHandSourceCollisionGroup: -1
RightHandSourceResolved: 1
RightHandSource: It_2H_Sword_Flamberge
RightHandSourceAddress: E70EAC10
RightHandSourceCollisionGroup: 7
CapturedStackFrameCount: 4
StackFrame[0]: Address=1C5F06D8 Module=Script_FrameCollisionTest.dll Base=1C5E0000 RVA=0x000106D8
StackFrame[1]: Address=1AE433F7 Module=Script_Game.dll Base=1ADE0000 RVA=0x000633F7
StackFrame[2]: Address=1AE41866 Module=Script_Game.dll Base=1ADE0000 RVA=0x00061866
StackFrame[3]: Address=00C6093B Module=Game.dll Base=00B00000 RVA=0x0016093B
CleanupBehaviorChanged: 0
===============================

===== COMBATMOVE FULLSTOP STACK =====
ElapsedMs: 50627.832
ActorAddress: EBB66E10
Actor: PC_Hero
FullStop: 1
InstructionArgsAddress: 00000000
CurrentAction: 10
CurrentAniPhase: 1
CurrentStateTime: 0.350966
CurrentStatePosition: 1
CurrentMovementAni: Hero_Parade_None_2H_P0_WhirlAttack_Hit_N_Fwd_00_%_00_P0_150_R.xmot
Stage: BEFORE_ORIGINAL
ElapsedMs: 50627.836
PrimarySnapshotAvailable: 1
PrimaryMotionName: Hero_Parade_None_2H_P0_WhirlAttack_Hit_N_Fwd_00_%_00_P0_150_R.xmot
PrimaryHasMotionInstance: 1
PrimaryMotionRunning: 1
PrimaryPlayTime: 0.350966
PrimaryMaxTime: 0.800000
PrimaryPlaySpeed: 1.000000
LeftHandSourceResolved: 0
LeftHandSource: <none>
LeftHandSourceAddress: 00000000
LeftHandSourceCollisionGroup: -1
RightHandSourceResolved: 1
RightHandSource: It_2H_Sword_Flamberge
RightHandSourceAddress: E70EAC10
RightHandSourceCollisionGroup: 7
CapturedStackFrameCount: 5
StackFrame[0]: Address=1C5F03BA Module=Script_FrameCollisionTest.dll Base=1C5E0000 RVA=0x000103BA
StackFrame[1]: Address=00C64441 Module=Game.dll Base=00B00000 RVA=0x00164441
StackFrame[2]: Address=1AE433F7 Module=Script_Game.dll Base=1ADE0000 RVA=0x000633F7
StackFrame[3]: Address=1AE41866 Module=Script_Game.dll Base=1ADE0000 RVA=0x00061866
StackFrame[4]: Address=00C6093B Module=Game.dll Base=00B00000 RVA=0x0016093B
CleanupBehaviorChanged: 0
=====================================

===== AISETSTATE CALLSITE =====
ElapsedMs: 50628.019
ActorAddress: EBB66E10
Actor: PC_Hero
RequestedState: PS_Melee_Loop
CallerAddress: 1AD72F61
CallerModuleResolved: 1
CallerModule: Script.dll
CallerModuleBase: 1AD60000
CallerRVA: 0x00012F61
CurrentStateBeforeOriginal: PS_Melee_WhirlAttack
CurrentAction: 10
CurrentAniPhase: 1
CurrentStateTime: 0.350966
CurrentStatePosition: 1
CurrentMovementAni: Hero_Parade_None_2H_P0_WhirlAttack_Hit_N_Fwd_00_%_00_P0_150_R.xmot
Stage: BEFORE_ORIGINAL
ElapsedMs: 50628.023
PrimarySnapshotAvailable: 1
PrimaryMotionName: Hero_Parade_None_2H_P0_WhirlAttack_Hit_N_Fwd_00_%_00_P0_150_R.xmot
PrimaryHasMotionInstance: 1
PrimaryMotionRunning: 1
PrimaryPlayTime: 0.350966
PrimaryMaxTime: 0.800000
PrimaryPlaySpeed: 1.000000
LeftHandSourceResolved: 0
LeftHandSource: <none>
LeftHandSourceAddress: 00000000
LeftHandSourceCollisionGroup: -1
RightHandSourceResolved: 1
RightHandSource: It_2H_Sword_Flamberge
RightHandSourceAddress: E70EAC10
RightHandSourceCollisionGroup: 7
CapturedStackFrameCount: 4
StackFrame[0]: Address=1C5F0CA8 Module=Script_FrameCollisionTest.dll Base=1C5E0000 RVA=0x00010CA8
StackFrame[1]: Address=1AD72F61 Module=Script.dll Base=1AD60000 RVA=0x00012F61
StackFrame[2]: Address=1AE41866 Module=Script_Game.dll Base=1ADE0000 RVA=0x00061866
StackFrame[3]: Address=00C6093B Module=Game.dll Base=00B00000 RVA=0x0016093B
CleanupBehaviorChanged: 0
==============================

===== OUTER_FRAME AI_SET_STATE_BEFORE =====
ElapsedMs: 50628.111
ActorAddress: EBB66E10
Actor: PC_Hero
SPUAddress: EBB67074
StateStackCount: 2
HasTopFrame: 1
TopIndex: 1
TopEntryAddressDiagnosticOnly: DC490228
TopScriptName: _AI_WhirlAttack
TopIsScriptState: 0
TopBreakBlock: 2
TopArgumentsAddress: DE8EF290
TopLocalCallback: OnAI_WhirlAttack
TopExtraFloat: 1000.000000
CurrentState: PS_Melee_WhirlAttack
CurrentAction: 10
CurrentStatePosition: 1
CurrentStateTime: 0.350966
TopEntryAddressIsExecutionIdentity: 0
ArgumentsDereferencedOrClassified: 0
LifecycleBehaviorChanged: 0
CollisionBehaviorChanged: 0
===============================

===== C1 CLEANUP FULFILLED =====
ElapsedMs: 50628.170
ActorAddress: EBB66E10
Actor: PC_Hero
Generation: 7
Status: PERSISTED
SourceAddress: E70EAC10
Source: It_2H_Sword_Flamberge
OriginalSideMask: 1
OriginalSide: RIGHT
OffensiveRequestCount: 1
Outstanding: 0
CleanupObserved: 1
ActualGroup: 5
PhysicalCollisionChanged: 0
==============================

===== ENGINE SetCollisionGroup =====
ElapsedMs: 50628.185
Entity: It_2H_Sword_Flamberge
ChangedEntityAddress: E70EAC10
PlayerSlotMatch: RIGHT
PlayerAction: 10
PlayerAniPhase: 1
PlayerPrimaryPose: 1
PlayerStateTime: 0.000000
PlayerStatePosition: 0
PlayerCurrentMovementAni: Hero_Parade_None_2H_P0_WhirlAttack_Hit_N_Fwd_00_%_00_P0_150_R.xmot
PlayerLeftItem: <none>
PlayerLeftItemAddress: 00000000
PlayerLeftUseType: -1
PlayerLeftCollisionGroup: -1
PlayerRightItem: It_2H_Sword_Flamberge
PlayerRightItemAddress: E70EAC10
PlayerRightUseType: 3
PlayerRightCollisionGroup: 5
RequestedGroup: 5
BeforeGroup: 7
AfterGroup: 5
Item_EquippedValue: 5
Item_AttackValue: 7
RetiredMarkerExecutionCount: 0
====================================

===== NATIVE CLEANUP CALL SITE =====
ElapsedMs: 50628.203
Source: It_2H_Sword_Flamberge
SourceAddress: E70EAC10
PlayerSlotMatch: RIGHT
CallerAddress: 1C5EDBA8
CallerModuleResolved: 1
CallerModule: Script_FrameCollisionTest.dll
CallerModuleBase: 1C5E0000
CallerRVA: 0x0000DBA8
CapturedStackFrameCount: 6
StackFrame[0]: Address=1C5F11D9 Module=Script_FrameCollisionTest.dll Base=1C5E0000 RVA=0x000111D9
StackFrame[1]: Address=1C5EDBA8 Module=Script_FrameCollisionTest.dll Base=1C5E0000 RVA=0x0000DBA8
StackFrame[2]: Address=1C5F1082 Module=Script_FrameCollisionTest.dll Base=1C5E0000 RVA=0x00011082
StackFrame[3]: Address=1AD72F61 Module=Script.dll Base=1AD60000 RVA=0x00012F61
StackFrame[4]: Address=1AE41866 Module=Script_Game.dll Base=1ADE0000 RVA=0x00061866
StackFrame[5]: Address=00C6093B Module=Game.dll Base=00B00000 RVA=0x0016093B
RequestedGroup: 5
BeforeGroup: 7
AfterGroup: 5
CleanupBehaviorChanged: 0
====================================

===== OUTER_FRAME CLEANUP =====
ElapsedMs: 50628.229
ActorAddress: EBB66E10
Actor: PC_Hero
SourceAddress: E70EAC10
Source: It_2H_Sword_Flamberge
RequestedGroup: 5
BeforeGroup: 7
AfterGroup: 5
SPUAddress: EBB67074
StateStackCount: 1
HasTopFrame: 1
TopIndex: 0
TopEntryAddressDiagnosticOnly: DC490210
TopScriptName: PS_Melee_Loop
TopIsScriptState: 1
TopBreakBlock: 0
TopArgumentsAddress: 00000000
TopLocalCallback: 
TopExtraFloat: 1000.000000
CurrentState: PS_Melee_Loop
CurrentAction: 10
CurrentStatePosition: 0
CurrentStateTime: 0.000000
TopEntryAddressIsExecutionIdentity: 0
ArgumentsDereferencedOrClassified: 0
LifecycleBehaviorChanged: 0
CollisionBehaviorChanged: 0
===============================

===== C1 FINALIZATION =====
ElapsedMs: 50628.250
Reason: AISETSTATE_AFTER_ORIGINAL
ActorAddress: EBB66E10
Actor: PC_Hero
Generation: 7
Status: PERSISTED
TrackedSourceCount: 1
Source[0].Outcome: REPAIRED_TO_ITEM_EQUIPPED
Source[0].Address: E70EAC10
Source[0].Name: It_2H_Sword_Flamberge
Source[0].LivenessEstablished: 1
Source[0].OriginalSideMask: 1
Source[0].OriginalSide: RIGHT
Source[0].OffensiveRequestCount: 1
Source[0].OutstandingBeforeFinalization: 1
Source[0].ActualGroup: 7
Source[0].ActualGroupBeforeRepair: 7
Source[0].CleanupObserved: 0
Source[0].CleanupObservedBeforeFinalization: 0
Source[0].StillEquipped: 1
Source[0].CurrentSideMask: 1
Source[0].RepairAttempted: 1
Source[0].RepairRequestedGroup: 5
Source[0].ActualGroupAfterRepair: 5
Source[0].PhysicalCollisionChanged: 1
PhysicalCollisionChanged: 1
===========================

===== OUTER_FRAME AI_SET_STATE_AFTER =====
ElapsedMs: 50628.313
ActorAddress: EBB66E10
Actor: PC_Hero
SPUAddress: EBB67074
StateStackCount: 1
HasTopFrame: 1
TopIndex: 0
TopEntryAddressDiagnosticOnly: DC490210
TopScriptName: PS_Melee_Loop
TopIsScriptState: 1
TopBreakBlock: 0
TopArgumentsAddress: 00000000
TopLocalCallback: 
TopExtraFloat: 1000.000000
CurrentState: PS_Melee_Loop
CurrentAction: 10
CurrentStatePosition: 0
CurrentStateTime: 0.000000
TopEntryAddressIsExecutionIdentity: 0
ArgumentsDereferencedOrClassified: 0
LifecycleBehaviorChanged: 0
CollisionBehaviorChanged: 0
===============================

===== EMPTY-PRIMARY SUCCESSOR STACK =====
ElapsedMs: 51091.084
Actor: PC_Hero
PrimaryWasEmptyBefore: 1
IncomingMotionRequestAddress: 0019EB18
SuccessorPrimaryMotionNameAfterOriginal: Hero_Stand_None_2H_P0_Ambient_Loop_N_Fwd_00_%_00_P0_0.xmot
SuccessorPrimarySnapshotAvailable: 1
SuccessorPrimaryHasMotionInstance: 1
CurrentActionBeforeOriginal: 0
CurrentAniPhaseBeforeOriginal: 5
CurrentStateTimeBeforeOriginal: 0.460993
CurrentStatePositionBeforeOriginal: 0
CurrentMovementAniBeforeOriginal: Hero_Stand_None_2H_P0_Ambient_Loop_N_Fwd_00_%_00_P0_0.xmot
LeftHandSourceResolved: 0
LeftHandSource: <none>
LeftHandSourceAddress: 00000000
LeftHandSourceCollisionGroup: -1
RightHandSourceResolved: 1
RightHandSource: It_2H_Sword_Flamberge
RightHandSourceAddress: E70EAC10
RightHandSourceCollisionGroup: 5
CapturedStackFrameCount: 2
StackFrame[0]: Address=1C5EF763 Module=Script_FrameCollisionTest.dll Base=1C5E0000 RVA=0x0000F763
StackFrame[1]: Address=00BD9CB3 Module=Game.dll Base=00B00000 RVA=0x000D9CB3
CleanupBehaviorChanged: 0
=============================================

===== PRIMARYFIRST PlayMotion =====
OwnerEntityAddress: EBB66E10
OwnerEntity: PC_Hero
MotionType: 0
Stage: REQUEST_BEFORE_ORIGINAL
ElapsedMs: 51091.082
PrimarySnapshotAvailable: 1
PrimaryMotionName: 
PrimaryHasMotionInstance: 0
PrimaryMotionRunning: 0
PrimaryPlayTime: 0.000000
PrimaryMaxTime: 0.000000
PrimaryPlaySpeed: 0.000000
Stage: RESULT_AFTER_ORIGINAL
ElapsedMs: 51091.103
PrimarySnapshotAvailable: 1
PrimaryMotionName: Hero_Stand_None_2H_P0_Ambient_Loop_N_Fwd_00_%_00_P0_0.xmot
PrimaryHasMotionInstance: 1
PrimaryMotionRunning: 1
PrimaryPlayTime: 0.000000
PrimaryMaxTime: 4.000000
PrimaryPlaySpeed: 1.000000
CleanupBehaviorChanged: 0
=====================================

===== AISETSTATE CALLSITE =====
ElapsedMs: 54334.933
ActorAddress: EBB66E10
Actor: PC_Hero
RequestedState: PS_Melee_PowerAttack
CallerAddress: 1AD72F61
CallerModuleResolved: 1
CallerModule: Script.dll
CallerModuleBase: 1AD60000
CallerRVA: 0x00012F61
CurrentStateBeforeOriginal: PS_Melee_Loop
CurrentAction: 0
CurrentAniPhase: 5
CurrentStateTime: 3.705993
CurrentStatePosition: 0
CurrentMovementAni: Hero_Stand_None_2H_P0_Ambient_Loop_N_Fwd_00_%_00_P0_0.xmot
Stage: BEFORE_ORIGINAL
ElapsedMs: 54334.939
PrimarySnapshotAvailable: 1
PrimaryMotionName: Hero_Stand_None_2H_P0_Ambient_Loop_N_Fwd_00_%_00_P0_0.xmot
PrimaryHasMotionInstance: 1
PrimaryMotionRunning: 1
PrimaryPlayTime: 3.244996
PrimaryMaxTime: 4.000000
PrimaryPlaySpeed: 1.000000
LeftHandSourceResolved: 0
LeftHandSource: <none>
LeftHandSourceAddress: 00000000
LeftHandSourceCollisionGroup: -1
RightHandSourceResolved: 1
RightHandSource: It_2H_Sword_Flamberge
RightHandSourceAddress: E70EAC10
RightHandSourceCollisionGroup: 5
CapturedStackFrameCount: 3
StackFrame[0]: Address=1C5F0CA8 Module=Script_FrameCollisionTest.dll Base=1C5E0000 RVA=0x00010CA8
StackFrame[1]: Address=1AD72F61 Module=Script.dll Base=1AD60000 RVA=0x00012F61
StackFrame[2]: Address=00C604D3 Module=Game.dll Base=00B00000 RVA=0x001604D3
CleanupBehaviorChanged: 0
==============================

===== OUTER_FRAME AI_SET_STATE_BEFORE =====
ElapsedMs: 54335.009
ActorAddress: EBB66E10
Actor: PC_Hero
SPUAddress: EBB67074
StateStackCount: 1
HasTopFrame: 1
TopIndex: 0
TopEntryAddressDiagnosticOnly: DC490210
TopScriptName: PS_Melee_Loop
TopIsScriptState: 1
TopBreakBlock: 1
TopArgumentsAddress: 00000000
TopLocalCallback: 
TopExtraFloat: 1000.000000
CurrentState: PS_Melee_Loop
CurrentAction: 0
CurrentStatePosition: 0
CurrentStateTime: 3.705993
TopEntryAddressIsExecutionIdentity: 0
ArgumentsDereferencedOrClassified: 0
LifecycleBehaviorChanged: 0
CollisionBehaviorChanged: 0
===============================

===== OUTER_FRAME AI_SET_STATE_AFTER =====
ElapsedMs: 54335.034
ActorAddress: EBB66E10
Actor: PC_Hero
SPUAddress: EBB67074
StateStackCount: 1
HasTopFrame: 1
TopIndex: 0
TopEntryAddressDiagnosticOnly: DC490210
TopScriptName: PS_Melee_PowerAttack
TopIsScriptState: 1
TopBreakBlock: 0
TopArgumentsAddress: 00000000
TopLocalCallback: 
TopExtraFloat: 1000.000000
CurrentState: PS_Melee_PowerAttack
CurrentAction: 0
CurrentStatePosition: 0
CurrentStateTime: 0.000000
TopEntryAddressIsExecutionIdentity: 0
ArgumentsDereferencedOrClassified: 0
LifecycleBehaviorChanged: 0
CollisionBehaviorChanged: 0
===============================

===== AIFULLSTOP CALLSITE =====
ElapsedMs: 54340.814
ActorAddress: EBB66E10
Actor: PC_Hero
CallerAddress: 1AE42AAB
CallerModuleResolved: 1
CallerModule: Script_Game.dll
CallerModuleBase: 1ADE0000
CallerRVA: 0x00062AAB
CurrentAction: 0
CurrentAniPhase: 5
CurrentState: PS_Melee_PowerAttack
CurrentStateTime: 0.000000
CurrentStatePosition: 0
PressedKey: 15
IsPressed: 0
IsPressedBefore: 1
DurationPressedMSecs: 109
CurrentMovementAni: Hero_Stand_None_2H_P0_Ambient_Loop_N_Fwd_00_%_00_P0_0.xmot
Stage: BEFORE_ORIGINAL
ElapsedMs: 54340.823
PrimarySnapshotAvailable: 1
PrimaryMotionName: Hero_Stand_None_2H_P0_Ambient_Loop_N_Fwd_00_%_00_P0_0.xmot
PrimaryHasMotionInstance: 1
PrimaryMotionRunning: 1
PrimaryPlayTime: 3.253996
PrimaryMaxTime: 4.000000
PrimaryPlaySpeed: 1.000000
LeftHandSourceResolved: 0
LeftHandSource: <none>
LeftHandSourceAddress: 00000000
LeftHandSourceCollisionGroup: -1
RightHandSourceResolved: 1
RightHandSource: It_2H_Sword_Flamberge
RightHandSourceAddress: E70EAC10
RightHandSourceCollisionGroup: 5
CapturedStackFrameCount: 4
StackFrame[0]: Address=1C5F06D8 Module=Script_FrameCollisionTest.dll Base=1C5E0000 RVA=0x000106D8
StackFrame[1]: Address=1AE42AAB Module=Script_Game.dll Base=1ADE0000 RVA=0x00062AAB
StackFrame[2]: Address=1AE41852 Module=Script_Game.dll Base=1ADE0000 RVA=0x00061852
StackFrame[3]: Address=00C6093B Module=Game.dll Base=00B00000 RVA=0x0016093B
CleanupBehaviorChanged: 0
===============================

===== AISETSTATE CALLSITE =====
ElapsedMs: 54341.008
ActorAddress: EBB66E10
Actor: PC_Hero
RequestedState: PS_Melee_Attack
CallerAddress: 1AD72F61
CallerModuleResolved: 1
CallerModule: Script.dll
CallerModuleBase: 1AD60000
CallerRVA: 0x00012F61
CurrentStateBeforeOriginal: PS_Melee_PowerAttack
CurrentAction: 0
CurrentAniPhase: 5
CurrentStateTime: 0.000000
CurrentStatePosition: 0
CurrentMovementAni: Hero_Stand_None_2H_P0_Ambient_Loop_N_Fwd_00_%_00_P0_0.xmot
Stage: BEFORE_ORIGINAL
ElapsedMs: 54341.012
PrimarySnapshotAvailable: 1
PrimaryMotionName: Hero_Stand_None_2H_P0_Ambient_Loop_N_Fwd_00_%_00_P0_0.xmot
PrimaryHasMotionInstance: 1
PrimaryMotionRunning: 1
PrimaryPlayTime: 3.253996
PrimaryMaxTime: 4.000000
PrimaryPlaySpeed: 1.000000
LeftHandSourceResolved: 0
LeftHandSource: <none>
LeftHandSourceAddress: 00000000
LeftHandSourceCollisionGroup: -1
RightHandSourceResolved: 1
RightHandSource: It_2H_Sword_Flamberge
RightHandSourceAddress: E70EAC10
RightHandSourceCollisionGroup: 5
CapturedStackFrameCount: 4
StackFrame[0]: Address=1C5F0CA8 Module=Script_FrameCollisionTest.dll Base=1C5E0000 RVA=0x00010CA8
StackFrame[1]: Address=1AD72F61 Module=Script.dll Base=1AD60000 RVA=0x00012F61
StackFrame[2]: Address=1AE41852 Module=Script_Game.dll Base=1ADE0000 RVA=0x00061852
StackFrame[3]: Address=00C6093B Module=Game.dll Base=00B00000 RVA=0x0016093B
CleanupBehaviorChanged: 0
==============================

===== OUTER_FRAME AI_SET_STATE_BEFORE =====
ElapsedMs: 54341.054
ActorAddress: EBB66E10
Actor: PC_Hero
SPUAddress: EBB67074
StateStackCount: 1
HasTopFrame: 1
TopIndex: 0
TopEntryAddressDiagnosticOnly: DC490210
TopScriptName: PS_Melee_PowerAttack
TopIsScriptState: 1
TopBreakBlock: 0
TopArgumentsAddress: 00000000
TopLocalCallback: 
TopExtraFloat: 1000.000000
CurrentState: PS_Melee_PowerAttack
CurrentAction: 0
CurrentStatePosition: 0
CurrentStateTime: 0.000000
TopEntryAddressIsExecutionIdentity: 0
ArgumentsDereferencedOrClassified: 0
LifecycleBehaviorChanged: 0
CollisionBehaviorChanged: 0
===============================

===== OUTER_FRAME AI_SET_STATE_AFTER =====
ElapsedMs: 54341.077
ActorAddress: EBB66E10
Actor: PC_Hero
SPUAddress: EBB67074
StateStackCount: 1
HasTopFrame: 1
TopIndex: 0
TopEntryAddressDiagnosticOnly: DC490210
TopScriptName: PS_Melee_Attack
TopIsScriptState: 1
TopBreakBlock: 0
TopArgumentsAddress: 00000000
TopLocalCallback: 
TopExtraFloat: 1000.000000
CurrentState: PS_Melee_Attack
CurrentAction: 0
CurrentStatePosition: 0
CurrentStateTime: 0.000000
TopEntryAddressIsExecutionIdentity: 0
ArgumentsDereferencedOrClassified: 0
LifecycleBehaviorChanged: 0
CollisionBehaviorChanged: 0
===============================

===== C1 LIFECYCLE START =====
ElapsedMs: 54344.807
ActorAddress: EBB66E10
Actor: PC_Hero
Generation: 8
Status: CANDIDATE
ReplacedGeneration: 0
ReplacedOutstanding: 0
TrackedSourceCount: 1
Source[0].Address: E70EAC10
Source[0].Name: It_2H_Sword_Flamberge
Source[0].SideMask: 1
Source[0].Side: RIGHT
Source[0].ActualGroup: 5
PhysicalCollisionChanged: 0
==============================

===== C1-O2 OUTER BINDING =====
ElapsedMs: 54344.835
Event: COMBAT_MOVE_CANDIDATE_BOUND
ActorAddress: EBB66E10
Actor: PC_Hero
Generation: 8
Status: CANDIDATE
SPUAddress: EBB67074
ArgumentsAddress: DE8F0F10
ScriptFunction: _AI_Attack
Outstanding: 0
PhysicalCollisionChanged: 0
================================

===== OUTER_FRAME COMBAT_MOVE_INITIAL =====
ElapsedMs: 54344.846
ActorAddress: EBB66E10
Actor: PC_Hero
SPUAddress: EBB67074
StateStackCount: 2
HasTopFrame: 1
TopIndex: 1
TopEntryAddressDiagnosticOnly: DC490228
TopScriptName: _AI_Attack
TopIsScriptState: 0
TopBreakBlock: 1
TopArgumentsAddress: DE8F0F10
TopLocalCallback: OnAI_Attack
TopExtraFloat: 1000.000000
CurrentState: PS_Melee_Attack
CurrentAction: 1
CurrentStatePosition: 0
CurrentStateTime: 0.000000
TopEntryAddressIsExecutionIdentity: 0
ArgumentsDereferencedOrClassified: 0
LifecycleBehaviorChanged: 0
CollisionBehaviorChanged: 0
===============================

===== PRIMARYFIRST StopMotion =====
OwnerEntityAddress: EBB66E10
OwnerEntity: PC_Hero
MotionType: 0
Stage: REQUEST_BEFORE_ORIGINAL
ElapsedMs: 54344.878
PrimarySnapshotAvailable: 1
PrimaryMotionName: 
PrimaryHasMotionInstance: 0
PrimaryMotionRunning: 0
PrimaryPlayTime: 0.000000
PrimaryMaxTime: 0.000000
PrimaryPlaySpeed: 0.000000
Stage: RESULT_AFTER_ORIGINAL
ElapsedMs: 54344.879
PrimarySnapshotAvailable: 1
PrimaryMotionName: 
PrimaryHasMotionInstance: 0
PrimaryMotionRunning: 0
PrimaryPlayTime: 0.000000
PrimaryMaxTime: 0.000000
PrimaryPlaySpeed: 0.000000
CleanupBehaviorChanged: 0
=====================================

===== EMPTY-PRIMARY SUCCESSOR STACK =====
ElapsedMs: 54344.901
Actor: PC_Hero
PrimaryWasEmptyBefore: 1
IncomingMotionRequestAddress: EBB671A8
SuccessorPrimaryMotionNameAfterOriginal: Hero_Stand_None_2H_P0_Attack_Hit_N_Fwd_00_%_00_P1_90_R.xmot
SuccessorPrimarySnapshotAvailable: 1
SuccessorPrimaryHasMotionInstance: 1
CurrentActionBeforeOriginal: 1
CurrentAniPhaseBeforeOriginal: 1
CurrentStateTimeBeforeOriginal: 0.000000
CurrentStatePositionBeforeOriginal: 0
CurrentMovementAniBeforeOriginal: Hero_Stand_None_2H_P0_Attack_Hit_N_Fwd_00_%_00_P1_90_R.xmot
LeftHandSourceResolved: 0
LeftHandSource: <none>
LeftHandSourceAddress: 00000000
LeftHandSourceCollisionGroup: -1
RightHandSourceResolved: 1
RightHandSource: It_2H_Sword_Flamberge
RightHandSourceAddress: E70EAC10
RightHandSourceCollisionGroup: 5
CapturedStackFrameCount: 8
StackFrame[0]: Address=1C5EF763 Module=Script_FrameCollisionTest.dll Base=1C5E0000 RVA=0x0000F763
StackFrame[1]: Address=00C6B485 Module=Game.dll Base=00B00000 RVA=0x0016B485
StackFrame[2]: Address=00C69724 Module=Game.dll Base=00B00000 RVA=0x00169724
StackFrame[3]: Address=1C5F042E Module=Script_FrameCollisionTest.dll Base=1C5E0000 RVA=0x0001042E
StackFrame[4]: Address=1AE18463 Module=Script_Game.dll Base=1ADE0000 RVA=0x00038463
StackFrame[5]: Address=00C605EB Module=Game.dll Base=00B00000 RVA=0x001605EB
StackFrame[6]: Address=1AE5F0DB Module=Script_Game.dll Base=1ADE0000 RVA=0x0007F0DB
StackFrame[7]: Address=00C604D3 Module=Game.dll Base=00B00000 RVA=0x001604D3
CleanupBehaviorChanged: 0
=============================================

===== PRIMARYFIRST PlayMotion =====
OwnerEntityAddress: EBB66E10
OwnerEntity: PC_Hero
MotionType: 0
Stage: REQUEST_BEFORE_ORIGINAL
ElapsedMs: 54344.901
PrimarySnapshotAvailable: 1
PrimaryMotionName: 
PrimaryHasMotionInstance: 0
PrimaryMotionRunning: 0
PrimaryPlayTime: 0.000000
PrimaryMaxTime: 0.000000
PrimaryPlaySpeed: 0.000000
Stage: RESULT_AFTER_ORIGINAL
ElapsedMs: 54344.917
PrimarySnapshotAvailable: 1
PrimaryMotionName: Hero_Stand_None_2H_P0_Attack_Hit_N_Fwd_00_%_00_P1_90_R.xmot
PrimaryHasMotionInstance: 1
PrimaryMotionRunning: 1
PrimaryPlayTime: 0.000000
PrimaryMaxTime: 0.520000
PrimaryPlaySpeed: 0.700000
CleanupBehaviorChanged: 0
=====================================

===== C1 LIFECYCLE STATUS =====
ElapsedMs: 54344.995
Event: PERSISTED
ActorAddress: EBB66E10
Actor: PC_Hero
Generation: 8
Status: PERSISTED
Outstanding: 0
PhysicalCollisionChanged: 0
===============================

===== MARKER OWNERSHIP DECISION =====
ElapsedMs: 54345.009
Actor: PC_Hero
CurrentMovementAni: Hero_Stand_None_2H_P0_Attack_Hit_N_Fwd_00_%_00_P1_90_R.xmot
MatchingMotionFound: 1
FrameEffectCount: 1
ContainsReservedSourceMarker: 0
RequiredSourceMask: 0
AuthoredRIGHTMarkerCount: 0
FirstRIGHTMarkerFrame: -1
AuthoredLEFTMarkerCount: 0
FirstLEFTMarkerFrame: -1
AuthoredBOTHMarkerCount: 0
FirstBOTHMarkerFrame: -1
AuthoredOFFMarkerCount: 0
FirstOFFMarkerFrame: -1
RightHandSourceResolved: 1
RightHandSource: It_2H_Sword_Flamberge
RightHandSourceAddress: E70EAC10
RightHandSourceUseType: 3
RightHandSourceCollisionGroup: 5
LeftHandSourceResolved: 0
Decision: LEGACY/NATIVE - call original timer callback
=====================================

===== C1 OFFENSE REQUEST =====
ElapsedMs: 54601.615
ActorAddress: EBB66E10
Actor: PC_Hero
Generation: 8
Status: PERSISTED
SourceAddress: E70EAC10
Source: It_2H_Sword_Flamberge
OriginalSideMask: 1
OriginalSide: RIGHT
OffensiveRequestCount: 1
Outstanding: 1
CleanupObserved: 0
ActualGroup: 7
PhysicalCollisionChanged: 0
==============================

===== ENGINE SetCollisionGroup =====
ElapsedMs: 54601.647
Entity: It_2H_Sword_Flamberge
ChangedEntityAddress: E70EAC10
PlayerSlotMatch: RIGHT
PlayerAction: 1
PlayerAniPhase: 1
PlayerPrimaryPose: 1
PlayerStateTime: 0.257984
PlayerStatePosition: 0
PlayerCurrentMovementAni: Hero_Stand_None_2H_P0_Attack_Hit_N_Fwd_00_%_00_P1_90_R.xmot
PlayerLeftItem: <none>
PlayerLeftItemAddress: 00000000
PlayerLeftUseType: -1
PlayerLeftCollisionGroup: -1
PlayerRightItem: It_2H_Sword_Flamberge
PlayerRightItemAddress: E70EAC10
PlayerRightUseType: 3
PlayerRightCollisionGroup: 7
RequestedGroup: 7
BeforeGroup: 5
AfterGroup: 7
Item_EquippedValue: 5
Item_AttackValue: 7
RetiredMarkerExecutionCount: 0
====================================

===== C1-O2-P1 OFFENSE SCOPE =====
ElapsedMs: 54601.674
ActorAddress: EBB66E10
SourceAddress: E70EAC10
CurrentScopeExists: 0
ScopeAddress: 00000000
ScopeSPUAddress: 00000000
PlayerSPUAddress: EBB67074
SPUMatchesPlayer: 0
ScopeRuntimeStackAddress: 00000000
PlayerStateStackAddress: EBB67078
RuntimeStackMatchesPlayerStateStack: 0
ScriptNameReferenceAddress: 00000000
ScriptFunctionName: <no-current-scope>
ParentScopeExists: 0
OffenseObservedSet: 0
LifecycleBehaviorChanged: 0
CollisionBehaviorChanged: 0
==================================

===== OUTER_FRAME OFFENSE =====
ElapsedMs: 54601.692
ActorAddress: EBB66E10
Actor: PC_Hero
SourceAddress: E70EAC10
Source: It_2H_Sword_Flamberge
RequestedGroup: 7
BeforeGroup: 5
AfterGroup: 7
SPUAddress: EBB67074
StateStackCount: 2
HasTopFrame: 1
TopIndex: 1
TopEntryAddressDiagnosticOnly: DC490228
TopScriptName: _AI_Attack
TopIsScriptState: 0
TopBreakBlock: 1
TopArgumentsAddress: DE8F0F10
TopLocalCallback: OnAI_Attack
TopExtraFloat: 1000.000000
CurrentState: PS_Melee_Attack
CurrentAction: 1
CurrentStatePosition: 0
CurrentStateTime: 0.257984
TopEntryAddressIsExecutionIdentity: 0
ArgumentsDereferencedOrClassified: 0
LifecycleBehaviorChanged: 0
CollisionBehaviorChanged: 0
===============================

===== COMBATMOVE STARTRECOVER BEGIN =====
ActorAddress: EBB66E10
Actor: PC_Hero
CurrentAction: 1
CurrentAniPhase: 1
CurrentMovementAni: Hero_Stand_None_2H_P0_Attack_Hit_N_Fwd_00_%_00_P1_90_R.xmot
Stage: BEGIN
ElapsedMs: 55086.375
PrimarySnapshotAvailable: 1
PrimaryMotionName: Hero_Stand_None_2H_P0_Attack_Hit_N_Fwd_00_%_00_P1_90_R.xmot
PrimaryHasMotionInstance: 1
PrimaryMotionRunning: 1
PrimaryPlayTime: 0.519990
PrimaryMaxTime: 0.520000
PrimaryPlaySpeed: 0.000000
LeftHandSourceResolved: 0
RightHandSourceResolved: 1
RightHandSource: It_2H_Sword_Flamberge
RightHandSourceAddress: E70EAC10
RightHandSourceCollisionGroup: 7
CleanupBehaviorChanged: 0
=========================================

===== HIT STARTRECOVER BEGIN STACK =====
ElapsedMs: 55086.426
Actor: PC_Hero
OutgoingPrimaryMotionName: Hero_Stand_None_2H_P0_Attack_Hit_N_Fwd_00_%_00_P1_90_R.xmot
CurrentAction: 1
CurrentAniPhase: 1
CurrentStateTime: 0.742943
CurrentMovementAni: Hero_Stand_None_2H_P0_Attack_Hit_N_Fwd_00_%_00_P1_90_R.xmot
LeftHandSourceResolved: 0
LeftHandSource: <none>
LeftHandSourceAddress: 00000000
LeftHandSourceCollisionGroup: -1
RightHandSourceResolved: 1
RightHandSource: It_2H_Sword_Flamberge
RightHandSourceAddress: E70EAC10
RightHandSourceCollisionGroup: 7
CapturedStackFrameCount: 4
StackFrame[0]: Address=1C5EFDCD Module=Script_FrameCollisionTest.dll Base=1C5E0000 RVA=0x0000FDCD
StackFrame[1]: Address=00C69772 Module=Game.dll Base=00B00000 RVA=0x00169772
StackFrame[2]: Address=1C5F042E Module=Script_FrameCollisionTest.dll Base=1C5E0000 RVA=0x0001042E
StackFrame[3]: Address=00C6F240 Module=Game.dll Base=00B00000 RVA=0x0016F240
CleanupBehaviorChanged: 0
========================================

===== PRIMARYFIRST StopMotion =====
OwnerEntityAddress: EBB66E10
OwnerEntity: PC_Hero
MotionType: 0
Stage: REQUEST_BEFORE_ORIGINAL
ElapsedMs: 55086.476
PrimarySnapshotAvailable: 1
PrimaryMotionName: 
PrimaryHasMotionInstance: 0
PrimaryMotionRunning: 0
PrimaryPlayTime: 0.000000
PrimaryMaxTime: 0.000000
PrimaryPlaySpeed: 0.000000
Stage: RESULT_AFTER_ORIGINAL
ElapsedMs: 55086.477
PrimarySnapshotAvailable: 1
PrimaryMotionName: 
PrimaryHasMotionInstance: 0
PrimaryMotionRunning: 0
PrimaryPlayTime: 0.000000
PrimaryMaxTime: 0.000000
PrimaryPlaySpeed: 0.000000
CleanupBehaviorChanged: 0
=====================================

===== EMPTY-PRIMARY SUCCESSOR STACK =====
ElapsedMs: 55086.499
Actor: PC_Hero
PrimaryWasEmptyBefore: 1
IncomingMotionRequestAddress: EBB671A8
SuccessorPrimaryMotionNameAfterOriginal: Hero_Stand_None_2H_P1_Attack_Recover_N_Fwd_00_%_00_P1_0_R.xmot
SuccessorPrimarySnapshotAvailable: 1
SuccessorPrimaryHasMotionInstance: 1
CurrentActionBeforeOriginal: 1
CurrentAniPhaseBeforeOriginal: 3
CurrentStateTimeBeforeOriginal: 0.742943
CurrentStatePositionBeforeOriginal: 1
CurrentMovementAniBeforeOriginal: Hero_Stand_None_2H_P0_Attack_Hit_N_Fwd_00_%_00_P1_90_R.xmot
LeftHandSourceResolved: 0
LeftHandSource: <none>
LeftHandSourceAddress: 00000000
LeftHandSourceCollisionGroup: -1
RightHandSourceResolved: 1
RightHandSource: It_2H_Sword_Flamberge
RightHandSourceAddress: E70EAC10
RightHandSourceCollisionGroup: 7
CapturedStackFrameCount: 2
StackFrame[0]: Address=1C5EF763 Module=Script_FrameCollisionTest.dll Base=1C5E0000 RVA=0x0000F763
StackFrame[1]: Address=00C6E709 Module=Game.dll Base=00B00000 RVA=0x0016E709
CleanupBehaviorChanged: 0
=============================================

===== PRIMARYFIRST PlayMotion =====
OwnerEntityAddress: EBB66E10
OwnerEntity: PC_Hero
MotionType: 0
Stage: REQUEST_BEFORE_ORIGINAL
ElapsedMs: 55086.498
PrimarySnapshotAvailable: 1
PrimaryMotionName: 
PrimaryHasMotionInstance: 0
PrimaryMotionRunning: 0
PrimaryPlayTime: 0.000000
PrimaryMaxTime: 0.000000
PrimaryPlaySpeed: 0.000000
Stage: RESULT_AFTER_ORIGINAL
ElapsedMs: 55086.515
PrimarySnapshotAvailable: 1
PrimaryMotionName: Hero_Stand_None_2H_P1_Attack_Recover_N_Fwd_00_%_00_P1_0_R.xmot
PrimaryHasMotionInstance: 1
PrimaryMotionRunning: 1
PrimaryPlayTime: 0.000000
PrimaryMaxTime: 0.920000
PrimaryPlaySpeed: 0.700000
CleanupBehaviorChanged: 0
=====================================

===== COMBATMOVE STARTRECOVER END =====
ActorAddress: EBB66E10
Actor: PC_Hero
CurrentAction: 1
CurrentAniPhase: 3
CurrentMovementAni: Hero_Stand_None_2H_P0_Attack_Hit_N_Fwd_00_%_00_P1_90_R.xmot
Stage: END
ElapsedMs: 55086.573
PrimarySnapshotAvailable: 1
PrimaryMotionName: Hero_Stand_None_2H_P1_Attack_Recover_N_Fwd_00_%_00_P1_0_R.xmot
PrimaryHasMotionInstance: 1
PrimaryMotionRunning: 1
PrimaryPlayTime: 0.000000
PrimaryMaxTime: 0.920000
PrimaryPlaySpeed: 0.700000
LeftHandSourceResolved: 0
RightHandSourceResolved: 1
RightHandSource: It_2H_Sword_Flamberge
RightHandSourceAddress: E70EAC10
RightHandSourceCollisionGroup: 7
CleanupBehaviorChanged: 0
=========================================

===== C1 CLEANUP FULFILLED =====
ElapsedMs: 55086.625
ActorAddress: EBB66E10
Actor: PC_Hero
Generation: 8
Status: PERSISTED
SourceAddress: E70EAC10
Source: It_2H_Sword_Flamberge
OriginalSideMask: 1
OriginalSide: RIGHT
OffensiveRequestCount: 1
Outstanding: 0
CleanupObserved: 1
ActualGroup: 5
PhysicalCollisionChanged: 0
==============================

===== ENGINE SetCollisionGroup =====
ElapsedMs: 55086.638
Entity: It_2H_Sword_Flamberge
ChangedEntityAddress: E70EAC10
PlayerSlotMatch: RIGHT
PlayerAction: 1
PlayerAniPhase: 3
PlayerPrimaryPose: 2
PlayerStateTime: 0.742943
PlayerStatePosition: 1
PlayerCurrentMovementAni: Hero_Stand_None_2H_P0_Attack_Hit_N_Fwd_00_%_00_P1_90_R.xmot
PlayerLeftItem: <none>
PlayerLeftItemAddress: 00000000
PlayerLeftUseType: -1
PlayerLeftCollisionGroup: -1
PlayerRightItem: It_2H_Sword_Flamberge
PlayerRightItemAddress: E70EAC10
PlayerRightUseType: 3
PlayerRightCollisionGroup: 5
RequestedGroup: 5
BeforeGroup: 7
AfterGroup: 5
Item_EquippedValue: 5
Item_AttackValue: 7
RetiredMarkerExecutionCount: 0
====================================

===== NATIVE CLEANUP CALL SITE =====
ElapsedMs: 55086.656
Source: It_2H_Sword_Flamberge
SourceAddress: E70EAC10
PlayerSlotMatch: RIGHT
CallerAddress: 1AE1851A
CallerModuleResolved: 1
CallerModule: Script_Game.dll
CallerModuleBase: 1ADE0000
CallerRVA: 0x0003851A
CapturedStackFrameCount: 4
StackFrame[0]: Address=1C5F11D9 Module=Script_FrameCollisionTest.dll Base=1C5E0000 RVA=0x000111D9
StackFrame[1]: Address=1AE1851A Module=Script_Game.dll Base=1ADE0000 RVA=0x0003851A
StackFrame[2]: Address=00C605EB Module=Game.dll Base=00B00000 RVA=0x001605EB
StackFrame[3]: Address=00C6F2C7 Module=Game.dll Base=00B00000 RVA=0x0016F2C7
RequestedGroup: 5
BeforeGroup: 7
AfterGroup: 5
CleanupBehaviorChanged: 0
====================================

===== OUTER_FRAME CLEANUP =====
ElapsedMs: 55086.680
ActorAddress: EBB66E10
Actor: PC_Hero
SourceAddress: E70EAC10
Source: It_2H_Sword_Flamberge
RequestedGroup: 5
BeforeGroup: 7
AfterGroup: 5
SPUAddress: EBB67074
StateStackCount: 2
HasTopFrame: 1
TopIndex: 1
TopEntryAddressDiagnosticOnly: DC490228
TopScriptName: _AI_Attack
TopIsScriptState: 0
TopBreakBlock: 2
TopArgumentsAddress: DE8F0F10
TopLocalCallback: OnAI_Attack
TopExtraFloat: 1000.000000
CurrentState: PS_Melee_Attack
CurrentAction: 1
CurrentStatePosition: 1
CurrentStateTime: 0.742943
TopEntryAddressIsExecutionIdentity: 0
ArgumentsDereferencedOrClassified: 0
LifecycleBehaviorChanged: 0
CollisionBehaviorChanged: 0
===============================

===== AISETSTATE CALLSITE =====
ElapsedMs: 55086.708
ActorAddress: EBB66E10
Actor: PC_Hero
RequestedState: PS_Melee_Loop
CallerAddress: 1AD72F61
CallerModuleResolved: 1
CallerModule: Script.dll
CallerModuleBase: 1AD60000
CallerRVA: 0x00012F61
CurrentStateBeforeOriginal: PS_Melee_Attack
CurrentAction: 1
CurrentAniPhase: 3
CurrentStateTime: 0.742943
CurrentStatePosition: 1
CurrentMovementAni: Hero_Stand_None_2H_P0_Attack_Hit_N_Fwd_00_%_00_P1_90_R.xmot
Stage: BEFORE_ORIGINAL
ElapsedMs: 55086.710
PrimarySnapshotAvailable: 1
PrimaryMotionName: Hero_Stand_None_2H_P1_Attack_Recover_N_Fwd_00_%_00_P1_0_R.xmot
PrimaryHasMotionInstance: 1
PrimaryMotionRunning: 1
PrimaryPlayTime: 0.000000
PrimaryMaxTime: 0.920000
PrimaryPlaySpeed: 0.700000
LeftHandSourceResolved: 0
LeftHandSource: <none>
LeftHandSourceAddress: 00000000
LeftHandSourceCollisionGroup: -1
RightHandSourceResolved: 1
RightHandSource: It_2H_Sword_Flamberge
RightHandSourceAddress: E70EAC10
RightHandSourceCollisionGroup: 5
CapturedStackFrameCount: 3
StackFrame[0]: Address=1C5F0CA8 Module=Script_FrameCollisionTest.dll Base=1C5E0000 RVA=0x00010CA8
StackFrame[1]: Address=1AD72F61 Module=Script.dll Base=1AD60000 RVA=0x00012F61
StackFrame[2]: Address=00C604D3 Module=Game.dll Base=00B00000 RVA=0x001604D3
CleanupBehaviorChanged: 0
==============================

===== OUTER_FRAME AI_SET_STATE_BEFORE =====
ElapsedMs: 55086.745
ActorAddress: EBB66E10
Actor: PC_Hero
SPUAddress: EBB67074
StateStackCount: 1
HasTopFrame: 1
TopIndex: 0
TopEntryAddressDiagnosticOnly: DC490210
TopScriptName: PS_Melee_Attack
TopIsScriptState: 1
TopBreakBlock: 2
TopArgumentsAddress: 00000000
TopLocalCallback: 
TopExtraFloat: 1000.000000
CurrentState: PS_Melee_Attack
CurrentAction: 1
CurrentStatePosition: 1
CurrentStateTime: 0.742943
TopEntryAddressIsExecutionIdentity: 0
ArgumentsDereferencedOrClassified: 0
LifecycleBehaviorChanged: 0
CollisionBehaviorChanged: 0
===============================

===== C1 FINALIZATION =====
ElapsedMs: 55086.766
Reason: AISETSTATE_AFTER_ORIGINAL
ActorAddress: EBB66E10
Actor: PC_Hero
Generation: 8
Status: PERSISTED
TrackedSourceCount: 1
Source[0].Outcome: NO_OP_NO_OUTSTANDING
Source[0].Address: E70EAC10
Source[0].Name: It_2H_Sword_Flamberge
Source[0].LivenessEstablished: 1
Source[0].OriginalSideMask: 1
Source[0].OriginalSide: RIGHT
Source[0].OffensiveRequestCount: 1
Source[0].OutstandingBeforeFinalization: 0
Source[0].ActualGroup: 5
Source[0].ActualGroupBeforeRepair: 5
Source[0].CleanupObserved: 1
Source[0].CleanupObservedBeforeFinalization: 1
Source[0].StillEquipped: 1
Source[0].CurrentSideMask: 1
Source[0].RepairAttempted: 0
Source[0].PhysicalCollisionChanged: 0
PhysicalCollisionChanged: 0
===========================

===== OUTER_FRAME AI_SET_STATE_AFTER =====
ElapsedMs: 55086.801
ActorAddress: EBB66E10
Actor: PC_Hero
SPUAddress: EBB67074
StateStackCount: 1
HasTopFrame: 1
TopIndex: 0
TopEntryAddressDiagnosticOnly: DC490210
TopScriptName: PS_Melee_Loop
TopIsScriptState: 1
TopBreakBlock: 0
TopArgumentsAddress: 00000000
TopLocalCallback: 
TopExtraFloat: 1000.000000
CurrentState: PS_Melee_Loop
CurrentAction: 1
CurrentStatePosition: 0
CurrentStateTime: 0.000000
TopEntryAddressIsExecutionIdentity: 0
ArgumentsDereferencedOrClassified: 0
LifecycleBehaviorChanged: 0
CollisionBehaviorChanged: 0
===============================

===== EMPTY-PRIMARY SUCCESSOR STACK =====
ElapsedMs: 56418.669
Actor: PC_Hero
PrimaryWasEmptyBefore: 1
IncomingMotionRequestAddress: 0019EB18
SuccessorPrimaryMotionNameAfterOriginal: Hero_Stand_None_2H_P1_Ambient_Loop_N_Fwd_00_%_00_P1_0.xmot
SuccessorPrimarySnapshotAvailable: 1
SuccessorPrimaryHasMotionInstance: 1
CurrentActionBeforeOriginal: 0
CurrentAniPhaseBeforeOriginal: 5
CurrentStateTimeBeforeOriginal: 1.322240
CurrentStatePositionBeforeOriginal: 0
CurrentMovementAniBeforeOriginal: Hero_Stand_None_2H_P1_Ambient_Loop_N_Fwd_00_%_00_P1_0.xmot
LeftHandSourceResolved: 0
LeftHandSource: <none>
LeftHandSourceAddress: 00000000
LeftHandSourceCollisionGroup: -1
RightHandSourceResolved: 1
RightHandSource: It_2H_Sword_Flamberge
RightHandSourceAddress: E70EAC10
RightHandSourceCollisionGroup: 5
CapturedStackFrameCount: 2
StackFrame[0]: Address=1C5EF763 Module=Script_FrameCollisionTest.dll Base=1C5E0000 RVA=0x0000F763
StackFrame[1]: Address=00BD9CB3 Module=Game.dll Base=00B00000 RVA=0x000D9CB3
CleanupBehaviorChanged: 0
=============================================

===== PRIMARYFIRST PlayMotion =====
OwnerEntityAddress: EBB66E10
OwnerEntity: PC_Hero
MotionType: 0
Stage: REQUEST_BEFORE_ORIGINAL
ElapsedMs: 56418.667
PrimarySnapshotAvailable: 1
PrimaryMotionName: 
PrimaryHasMotionInstance: 0
PrimaryMotionRunning: 0
PrimaryPlayTime: 0.000000
PrimaryMaxTime: 0.000000
PrimaryPlaySpeed: 0.000000
Stage: RESULT_AFTER_ORIGINAL
ElapsedMs: 56418.689
PrimarySnapshotAvailable: 1
PrimaryMotionName: Hero_Stand_None_2H_P1_Ambient_Loop_N_Fwd_00_%_00_P1_0.xmot
PrimaryHasMotionInstance: 1
PrimaryMotionRunning: 1
PrimaryPlayTime: 0.000000
PrimaryMaxTime: 4.000000
PrimaryPlaySpeed: 1.000000
CleanupBehaviorChanged: 0
=====================================

Script_FrameCollisionTest unloading.
