Script_FrameCollisionTest diagnostic build loaded.
DiagnosticProfile: CORE
DeepDiagnostics: DISABLED
BehaviorCore: EngineBridge + FrameCollisionMarkers + CollisionSources + CollisionSourceOperations + CollisionLifecycleGuard + EquippedSprintCollision + Raw8FistCollision + PhysicalFistCollision + AttackMotionRouting + RuntimeClock
C1Repair: exact outstanding live equipped Item_Attack source -> Item_Equipped after native AISetState opportunity; no ClearTriggeredList.
MarkerFamilies: Normal Power Quick SimpleWhirl Whirl Pierce Hack Sprint
MarkerOpcodes: RIGHT LEFT BOTH OFF FIST
HACK_CALLBACK_IDENTITY TargetRVA=0x433D0 ExactlyOne=1 MatchCount=1 Name=OnAI_HackAttack Source=.\Script\AI\AI_Commands\AI_HackAttack.cpp
Installing behavior hooks...
Hooks installed.

CORE C1_START ElapsedMs=35754.505 Actor=PC_Hero Generation=1 Status=CANDIDATE Outstanding=0 TrackedSources=1 ReplacedGeneration=0 ReplacedOutstanding=0 Source[0]=Fist Side=RIGHT Group=0
CORE C1_BIND ElapsedMs=35754.532 Event=COMBAT_MOVE_CANDIDATE_BOUND Actor=PC_Hero Generation=1 Status=CANDIDATE Outstanding=0 Source=<null> Script=_AI_Attack
CORE C1_STATUS ElapsedMs=35754.915 Event=PERSISTED Actor=PC_Hero Generation=1 Status=PERSISTED Outstanding=0
CORE RAW8_FIST_OWNERSHIP ElapsedMs=35754.943 Actor=PC_Hero Action=1 Family=NORMAL Motion=Hero_Stand_None_Fist_P0_Attack_Hit_N_Fwd_00_%_00_P1_100_R.xmot C1=1 Raw8Fist=Fist Raw8UseType=8 InitialClose=0->1 Result=CONFIRMED
CORE ATTACK_OWNERSHIP ElapsedMs=35754.956 Actor=PC_Hero Family=NORMAL Action=1 Phase=1 Motion=Hero_Stand_None_Fist_P0_Attack_Hit_N_Fwd_00_%_00_P1_100_R.xmot MarkerPresent=1 RequiredMask=0 FistMarkers=1 Raw8Fist=Fist Raw8UseType=8 SuppressNative=0 Classification=ROUTINE
CORE RAW8_FIST_TIMING ElapsedMs=35857.760 Actor=PC_Hero Action=1 Family=NORMAL Motion=Hero_Stand_None_Fist_P0_Attack_Hit_N_Fwd_00_%_00_P1_100_R.xmot C1=1 Raw8Fist=Fist Raw8UseType=8 AcceptedRearm=1->0 OwnershipMatched=1 Classification=EARLY_PERMISSION_ARMED
CORE RAW8_OPPORTUNITY_OPEN ElapsedMs=35857.788 Actor=PC_Hero Action=1 Family=NORMAL Motion=Hero_Stand_None_Fist_P0_Attack_Hit_N_Fwd_00_%_00_P1_100_R.xmot C1=1 Raw8Fist=Fist OpportunityOrdinal=1 Reason=ACCEPTED_FIST LatchBefore=1 LatchAfter=0 LatchWriteAttempted=1 LatchWriteConfirmed=1 TimingActive=1
CORE MARKER ElapsedMs=35857.800 Actor=PC_Hero Action=1 Family=NORMAL Phase=1 Motion=Hero_Stand_None_Fist_P0_Attack_Hit_N_Fwd_00_%_00_P1_100_R.xmot Marker=FIST Result=ACCEPTED C1Valid=1 C1=1 StatePosition=0 PreviousMask=0 DesiredMask=0 RetiredMask=0 OwnedMask=0 MarkerOwnedMask=0 Activated=0 Deactivated=0 Retired=0 RearmRequests=0 Clears=0 Raw8Fist=Fist Raw8UseType=8 Latch=1->0 LatchConfirmed=1
CORE RAW8_FIST_TIMING ElapsedMs=35865.915 Actor=PC_Hero Action=1 Family=NORMAL Motion=Hero_Stand_None_Fist_P0_Attack_Hit_N_Fwd_00_%_00_P1_100_R.xmot C1=1 Raw8Fist=Fist Raw8UseType=8 PermissionApplied=1 SyntheticApplied=1 Classification=EARLY_PERMISSION_APPLIED
CORE RAW8_OPPORTUNITY_CONTACT_CONSUMED ElapsedMs=35866.924 Actor=PC_Hero Action=1 Family=NORMAL Motion=Hero_Stand_None_Fist_P0_Attack_Hit_N_Fwd_00_%_00_P1_100_R.xmot C1=1 Raw8Fist=Fist OpportunityOrdinal=1 Reason=EXACT_NATIVE_CONTACT_DISPATCH LatchValue=1
CORE RAW8_FIST_TIMING ElapsedMs=35866.940 Actor=PC_Hero C1=1 PermissionRetired=1 Reason=CONTACT_CONSUMED
CORE ONDAMAGE ElapsedMs=35866.954 Ordinal=1 Target=Golem Arg1=Fist Arg2=PC_Hero Caller=Game.dll+0x0016E348 PlayerAction=1 PlayerPhase=1 PlayerMotion=Hero_Stand_None_Fist_P0_Attack_Hit_N_Fwd_00_%_00_P1_100_R.xmot Raw8Fist=Fist Raw8UseType=8 Raw8Group=0
CORE C1_START ElapsedMs=35869.844 Actor=Golem Generation=2 Status=CANDIDATE Outstanding=0 TrackedSources=0 ReplacedGeneration=0 ReplacedOutstanding=0
CORE C1_BIND ElapsedMs=35869.853 Event=COMBAT_MOVE_CANDIDATE_BOUND Actor=Golem Generation=2 Status=CANDIDATE Outstanding=0 Source=<null> Script=_AI_Stumble
CORE C1_STATUS ElapsedMs=35870.156 Event=PERSISTED Actor=Golem Generation=2 Status=PERSISTED Outstanding=0
CORE COLLISION_GROUP ElapsedMs=36007.967 Source=Fist UseType=8 Owner=<unresolved> Slot=NONE Requested=7 Before=0 After=0 MarkerBitsRetired=0
CORE C1_FINAL ElapsedMs=36055.664 Actor=PC_Hero Generation=1 Status=PERSISTED SourceCount=1 PhysicalChanged=0 Source[0]=Fist Side=RIGHT Outstanding=0 Cleanup=0 Outcome=NO_OP_NO_OUTSTANDING
CORE C1_FINAL ElapsedMs=36212.312 Actor=Golem Generation=2 Status=PERSISTED SourceCount=0 PhysicalChanged=0
CORE C1_START ElapsedMs=37683.135 Actor=Golem Generation=3 Status=CANDIDATE Outstanding=0 TrackedSources=1 ReplacedGeneration=0 ReplacedOutstanding=0 Source[0]=Fist Side=RIGHT Group=0
CORE C1_BIND ElapsedMs=37683.148 Event=COMBAT_MOVE_CANDIDATE_BOUND Actor=Golem Generation=3 Status=CANDIDATE Outstanding=0 Source=<null> Script=_AI_Attack
CORE C1_STATUS ElapsedMs=37683.557 Event=PERSISTED Actor=Golem Generation=3 Status=PERSISTED Outstanding=0
CORE ATTACK_OWNERSHIP ElapsedMs=37683.577 Actor=Golem Family=NORMAL Action=1 Phase=1 Motion=Golem_Stand_None_Fist_P0_Attack_Hit_N_Fwd_00_%_00_P0_100_R.xmot MarkerPresent=0 RequiredMask=0 FistMarkers=0 Raw8Fist=<none> Raw8UseType=-1 SuppressNative=0 Classification=ROUTINE
CORE C1_START ElapsedMs=37867.371 Actor=PC_Hero Generation=4 Status=CANDIDATE Outstanding=0 TrackedSources=1 ReplacedGeneration=0 ReplacedOutstanding=0 Source[0]=Fist Side=RIGHT Group=0
CORE C1_BIND ElapsedMs=37867.383 Event=COMBAT_MOVE_CANDIDATE_BOUND Actor=PC_Hero Generation=4 Status=CANDIDATE Outstanding=0 Source=<null> Script=_AI_Attack
CORE C1_STATUS ElapsedMs=37867.748 Event=PERSISTED Actor=PC_Hero Generation=4 Status=PERSISTED Outstanding=0
CORE RAW8_FIST_OWNERSHIP ElapsedMs=37867.804 Actor=PC_Hero Action=1 Family=NORMAL Motion=Hero_Stand_None_Fist_P1_Attack_Hit_N_Fwd_00_%_00_P0_100_L.xmot C1=4 Raw8Fist=Fist Raw8UseType=8 InitialClose=0->1 Result=CONFIRMED
CORE ATTACK_OWNERSHIP ElapsedMs=37867.834 Actor=PC_Hero Family=NORMAL Action=1 Phase=1 Motion=Hero_Stand_None_Fist_P1_Attack_Hit_N_Fwd_00_%_00_P0_100_L.xmot MarkerPresent=1 RequiredMask=0 FistMarkers=1 Raw8Fist=Fist Raw8UseType=8 SuppressNative=0 Classification=ROUTINE
CORE COLLISION_GROUP ElapsedMs=37917.804 Source=Fist UseType=8 Owner=<unresolved> Slot=NONE Requested=7 Before=0 After=0 MarkerBitsRetired=0
CORE RAW8_FIST_TIMING ElapsedMs=37975.596 Actor=PC_Hero Action=1 Family=NORMAL Motion=Hero_Stand_None_Fist_P1_Attack_Hit_N_Fwd_00_%_00_P0_100_L.xmot C1=4 Raw8Fist=Fist Raw8UseType=8 AcceptedRearm=1->0 OwnershipMatched=1 Classification=EARLY_PERMISSION_ARMED
CORE RAW8_OPPORTUNITY_OPEN ElapsedMs=37975.625 Actor=PC_Hero Action=1 Family=NORMAL Motion=Hero_Stand_None_Fist_P1_Attack_Hit_N_Fwd_00_%_00_P0_100_L.xmot C1=4 Raw8Fist=Fist OpportunityOrdinal=2 Reason=ACCEPTED_FIST LatchBefore=1 LatchAfter=0 LatchWriteAttempted=1 LatchWriteConfirmed=1 TimingActive=1
CORE MARKER ElapsedMs=37975.639 Actor=PC_Hero Action=1 Family=NORMAL Phase=1 Motion=Hero_Stand_None_Fist_P1_Attack_Hit_N_Fwd_00_%_00_P0_100_L.xmot Marker=FIST Result=ACCEPTED C1Valid=1 C1=4 StatePosition=0 PreviousMask=0 DesiredMask=0 RetiredMask=0 OwnedMask=0 MarkerOwnedMask=0 Activated=0 Deactivated=0 Retired=0 RearmRequests=0 Clears=0 Raw8Fist=Fist Raw8UseType=8 Latch=1->0 LatchConfirmed=1
CORE RAW8_FIST_TIMING ElapsedMs=37983.144 Actor=PC_Hero Action=1 Family=NORMAL Motion=Hero_Stand_None_Fist_P1_Attack_Hit_N_Fwd_00_%_00_P0_100_L.xmot C1=4 Raw8Fist=Fist Raw8UseType=8 PermissionApplied=1 SyntheticApplied=1 Classification=EARLY_PERMISSION_APPLIED
CORE RAW8_OPPORTUNITY_CONTACT_CONSUMED ElapsedMs=37983.279 Actor=PC_Hero Action=1 Family=NORMAL Motion=Hero_Stand_None_Fist_P1_Attack_Hit_N_Fwd_00_%_00_P0_100_L.xmot C1=4 Raw8Fist=Fist OpportunityOrdinal=2 Reason=EXACT_NATIVE_CONTACT_DISPATCH LatchValue=1
CORE RAW8_FIST_TIMING ElapsedMs=37983.295 Actor=PC_Hero C1=4 PermissionRetired=1 Reason=CONTACT_CONSUMED
CORE ONDAMAGE ElapsedMs=37983.309 Ordinal=2 Target=Golem Arg1=Fist Arg2=PC_Hero Caller=Game.dll+0x0016E348 PlayerAction=1 PlayerPhase=1 PlayerMotion=Hero_Stand_None_Fist_P1_Attack_Hit_N_Fwd_00_%_00_P0_100_L.xmot Raw8Fist=Fist Raw8UseType=8 Raw8Group=0
CORE C1_START ElapsedMs=37988.323 Actor=Golem Generation=5 Status=CANDIDATE Outstanding=0 TrackedSources=1 ReplacedGeneration=3 ReplacedOutstanding=0 Source[0]=Fist Side=RIGHT Group=0
CORE C1_BIND ElapsedMs=37988.334 Event=COMBAT_MOVE_CANDIDATE_BOUND Actor=Golem Generation=5 Status=CANDIDATE Outstanding=0 Source=<null> Script=_AI_Stumble
CORE C1_STATUS ElapsedMs=37988.760 Event=PERSISTED Actor=Golem Generation=5 Status=PERSISTED Outstanding=0
CORE COLLISION_GROUP ElapsedMs=38099.177 Source=Fist UseType=8 Owner=<unresolved> Slot=NONE Requested=7 Before=0 After=0 MarkerBitsRetired=0
CORE C1_FINAL ElapsedMs=38160.563 Actor=PC_Hero Generation=4 Status=PERSISTED SourceCount=1 PhysicalChanged=0 Source[0]=Fist Side=RIGHT Outstanding=0 Cleanup=0 Outcome=NO_OP_NO_OUTSTANDING
CORE C1_FINAL ElapsedMs=38333.701 Actor=Golem Generation=5 Status=PERSISTED SourceCount=1 PhysicalChanged=0 Source[0]=Fist Side=RIGHT Outstanding=0 Cleanup=0 Outcome=NO_OP_NO_OUTSTANDING
CORE C1_START ElapsedMs=38765.401 Actor=Golem Generation=6 Status=CANDIDATE Outstanding=0 TrackedSources=1 ReplacedGeneration=0 ReplacedOutstanding=0 Source[0]=Fist Side=RIGHT Group=0
CORE C1_BIND ElapsedMs=38765.412 Event=COMBAT_MOVE_CANDIDATE_BOUND Actor=Golem Generation=6 Status=CANDIDATE Outstanding=0 Source=<null> Script=_AI_Attack
CORE C1_STATUS ElapsedMs=38765.467 Event=PERSISTED Actor=Golem Generation=6 Status=PERSISTED Outstanding=0
CORE COLLISION_GROUP ElapsedMs=38996.906 Source=Fist UseType=8 Owner=<unresolved> Slot=NONE Requested=7 Before=0 After=0 MarkerBitsRetired=0
CORE C1_START ElapsedMs=39077.590 Actor=PC_Hero Generation=7 Status=CANDIDATE Outstanding=0 TrackedSources=1 ReplacedGeneration=0 ReplacedOutstanding=0 Source[0]=Fist Side=RIGHT Group=0
CORE C1_BIND ElapsedMs=39077.601 Event=COMBAT_MOVE_CANDIDATE_BOUND Actor=PC_Hero Generation=7 Status=CANDIDATE Outstanding=0 Source=<null> Script=_AI_PowerAttack
CORE C1_STATUS ElapsedMs=39086.762 Event=PERSISTED Actor=PC_Hero Generation=7 Status=PERSISTED Outstanding=0
CORE C1_FINAL ElapsedMs=39137.933 Actor=Golem Generation=6 Status=PERSISTED SourceCount=1 PhysicalChanged=0 Source[0]=Fist Side=RIGHT Outstanding=0 Cleanup=0 Outcome=NO_OP_NO_OUTSTANDING
CORE C1_START ElapsedMs=39144.505 Actor=Golem Generation=8 Status=CANDIDATE Outstanding=0 TrackedSources=1 ReplacedGeneration=0 ReplacedOutstanding=0 Source[0]=Fist Side=RIGHT Group=0
CORE C1_BIND ElapsedMs=39144.516 Event=COMBAT_MOVE_CANDIDATE_BOUND Actor=Golem Generation=8 Status=CANDIDATE Outstanding=0 Source=<null> Script=_AI_JumpBack
CORE C1_STATUS ElapsedMs=39145.033 Event=PERSISTED Actor=Golem Generation=8 Status=PERSISTED Outstanding=0
CORE C1_BIND ElapsedMs=39349.700 Event=COMBAT_MOVE_REUSED Actor=PC_Hero Generation=7 Status=PERSISTED Outstanding=0 Source=<null> Script=_AI_PowerAttack
CORE RAW8_FIST_OWNERSHIP ElapsedMs=39357.389 Actor=PC_Hero Action=2 Family=POWER Motion=Hero_Stand_None_Fist_P0_PowerAttack_Hit_N_Fwd_00_%_00_P1_100_R.xmot C1=7 Raw8Fist=Fist Raw8UseType=8 InitialClose=0->1 Result=CONFIRMED
CORE ATTACK_OWNERSHIP ElapsedMs=39357.410 Actor=PC_Hero Family=POWER Action=2 Phase=1 Motion=Hero_Stand_None_Fist_P0_PowerAttack_Hit_N_Fwd_00_%_00_P1_100_R.xmot MarkerPresent=1 RequiredMask=0 FistMarkers=1 Raw8Fist=Fist Raw8UseType=8 SuppressNative=0 Classification=ROUTINE
CORE COLLISION_GROUP ElapsedMs=39357.452 Source=Fist UseType=8 Owner=<unresolved> Slot=NONE Requested=7 Before=0 After=0 MarkerBitsRetired=0
CORE RAW8_FIST_TIMING ElapsedMs=39456.731 Actor=PC_Hero Action=2 Family=POWER Motion=Hero_Stand_None_Fist_P0_PowerAttack_Hit_N_Fwd_00_%_00_P1_100_R.xmot C1=7 Raw8Fist=Fist Raw8UseType=8 AcceptedRearm=1->0 OwnershipMatched=1 Classification=EARLY_PERMISSION_ARMED
CORE RAW8_OPPORTUNITY_OPEN ElapsedMs=39456.759 Actor=PC_Hero Action=2 Family=POWER Motion=Hero_Stand_None_Fist_P0_PowerAttack_Hit_N_Fwd_00_%_00_P1_100_R.xmot C1=7 Raw8Fist=Fist OpportunityOrdinal=3 Reason=ACCEPTED_FIST LatchBefore=1 LatchAfter=0 LatchWriteAttempted=1 LatchWriteConfirmed=1 TimingActive=1
CORE MARKER ElapsedMs=39456.772 Actor=PC_Hero Action=2 Family=POWER Phase=1 Motion=Hero_Stand_None_Fist_P0_PowerAttack_Hit_N_Fwd_00_%_00_P1_100_R.xmot Marker=FIST Result=ACCEPTED C1Valid=1 C1=7 StatePosition=1 PreviousMask=0 DesiredMask=0 RetiredMask=0 OwnedMask=0 MarkerOwnedMask=0 Activated=0 Deactivated=0 Retired=0 RearmRequests=0 Clears=0 Raw8Fist=Fist Raw8UseType=8 Latch=1->0 LatchConfirmed=1
CORE RAW8_FIST_TIMING ElapsedMs=39464.755 Actor=PC_Hero Action=2 Family=POWER Motion=Hero_Stand_None_Fist_P0_PowerAttack_Hit_N_Fwd_00_%_00_P1_100_R.xmot C1=7 Raw8Fist=Fist Raw8UseType=8 PermissionApplied=1 SyntheticApplied=1 Classification=EARLY_PERMISSION_APPLIED
CORE RAW8_OPPORTUNITY_MISS_REARM ElapsedMs=39464.792 Actor=PC_Hero Action=2 Family=POWER Motion=Hero_Stand_None_Fist_P0_PowerAttack_Hit_N_Fwd_00_%_00_P1_100_R.xmot C1=7 Raw8Fist=Fist OpportunityOrdinal=3 Reason=NO_CONTACT_DISPATCH FullStop=0 LatchBefore=1 LatchAfter=0 LatchWriteAttempted=1 LatchWriteConfirmed=1
CORE RAW8_OPPORTUNITY_MISS_REARM ElapsedMs=39471.562 Actor=PC_Hero Action=2 Family=POWER Motion=Hero_Stand_None_Fist_P0_PowerAttack_Hit_N_Fwd_00_%_00_P1_100_R.xmot C1=7 Raw8Fist=Fist OpportunityOrdinal=3 Reason=NO_CONTACT_DISPATCH FullStop=0 LatchBefore=1 LatchAfter=0 LatchWriteAttempted=1 LatchWriteConfirmed=1
CORE RAW8_OPPORTUNITY_MISS_REARM ElapsedMs=39479.834 Actor=PC_Hero Action=2 Family=POWER Motion=Hero_Stand_None_Fist_P0_PowerAttack_Hit_N_Fwd_00_%_00_P1_100_R.xmot C1=7 Raw8Fist=Fist OpportunityOrdinal=3 Reason=NO_CONTACT_DISPATCH FullStop=0 LatchBefore=1 LatchAfter=0 LatchWriteAttempted=1 LatchWriteConfirmed=1
CORE RAW8_OPPORTUNITY_MISS_REARM ElapsedMs=39486.699 Actor=PC_Hero Action=2 Family=POWER Motion=Hero_Stand_None_Fist_P0_PowerAttack_Hit_N_Fwd_00_%_00_P1_100_R.xmot C1=7 Raw8Fist=Fist OpportunityOrdinal=3 Reason=NO_CONTACT_DISPATCH FullStop=0 LatchBefore=1 LatchAfter=0 LatchWriteAttempted=1 LatchWriteConfirmed=1
CORE RAW8_OPPORTUNITY_MISS_REARM ElapsedMs=39495.444 Actor=PC_Hero Action=2 Family=POWER Motion=Hero_Stand_None_Fist_P0_PowerAttack_Hit_N_Fwd_00_%_00_P1_100_R.xmot C1=7 Raw8Fist=Fist OpportunityOrdinal=3 Reason=NO_CONTACT_DISPATCH FullStop=0 LatchBefore=1 LatchAfter=0 LatchWriteAttempted=1 LatchWriteConfirmed=1
CORE RAW8_OPPORTUNITY_MISS_REARM ElapsedMs=39502.329 Actor=PC_Hero Action=2 Family=POWER Motion=Hero_Stand_None_Fist_P0_PowerAttack_Hit_N_Fwd_00_%_00_P1_100_R.xmot C1=7 Raw8Fist=Fist OpportunityOrdinal=3 Reason=NO_CONTACT_DISPATCH FullStop=0 LatchBefore=1 LatchAfter=0 LatchWriteAttempted=1 LatchWriteConfirmed=1
CORE RAW8_OPPORTUNITY_MISS_REARM ElapsedMs=39511.342 Actor=PC_Hero Action=2 Family=POWER Motion=Hero_Stand_None_Fist_P0_PowerAttack_Hit_N_Fwd_00_%_00_P1_100_R.xmot C1=7 Raw8Fist=Fist OpportunityOrdinal=3 Reason=NO_CONTACT_DISPATCH FullStop=0 LatchBefore=1 LatchAfter=0 LatchWriteAttempted=1 LatchWriteConfirmed=1
CORE RAW8_OPPORTUNITY_MISS_REARM ElapsedMs=39518.693 Actor=PC_Hero Action=2 Family=POWER Motion=Hero_Stand_None_Fist_P0_PowerAttack_Hit_N_Fwd_00_%_00_P1_100_R.xmot C1=7 Raw8Fist=Fist OpportunityOrdinal=3 Reason=NO_CONTACT_DISPATCH FullStop=0 LatchBefore=1 LatchAfter=0 LatchWriteAttempted=1 LatchWriteConfirmed=1
CORE RAW8_OPPORTUNITY_MISS_REARM ElapsedMs=39527.450 Actor=PC_Hero Action=2 Family=POWER Motion=Hero_Stand_None_Fist_P0_PowerAttack_Hit_N_Fwd_00_%_00_P1_100_R.xmot C1=7 Raw8Fist=Fist OpportunityOrdinal=3 Reason=NO_CONTACT_DISPATCH FullStop=0 LatchBefore=1 LatchAfter=0 LatchWriteAttempted=1 LatchWriteConfirmed=1
CORE RAW8_FIST_TIMING ElapsedMs=39535.543 Actor=PC_Hero C1=7 PermissionRetired=1 Reason=REAL_TIME_REACHED_FORCED_VALUE
CORE RAW8_OPPORTUNITY_MISS_REARM ElapsedMs=39535.579 Actor=PC_Hero Action=2 Family=POWER Motion=Hero_Stand_None_Fist_P0_PowerAttack_Hit_N_Fwd_00_%_00_P1_100_R.xmot C1=7 Raw8Fist=Fist OpportunityOrdinal=3 Reason=NO_CONTACT_DISPATCH FullStop=0 LatchBefore=1 LatchAfter=0 LatchWriteAttempted=1 LatchWriteConfirmed=1
CORE RAW8_OPPORTUNITY_MISS_REARM ElapsedMs=39542.399 Actor=PC_Hero Action=2 Family=POWER Motion=Hero_Stand_None_Fist_P0_PowerAttack_Hit_N_Fwd_00_%_00_P1_100_R.xmot C1=7 Raw8Fist=Fist OpportunityOrdinal=3 Reason=NO_CONTACT_DISPATCH FullStop=0 LatchBefore=1 LatchAfter=0 LatchWriteAttempted=1 LatchWriteConfirmed=1
CORE RAW8_OPPORTUNITY_MISS_REARM ElapsedMs=39551.168 Actor=PC_Hero Action=2 Family=POWER Motion=Hero_Stand_None_Fist_P0_PowerAttack_Hit_N_Fwd_00_%_00_P1_100_R.xmot C1=7 Raw8Fist=Fist OpportunityOrdinal=3 Reason=NO_CONTACT_DISPATCH FullStop=0 LatchBefore=1 LatchAfter=0 LatchWriteAttempted=1 LatchWriteConfirmed=1
CORE RAW8_OPPORTUNITY_MISS_REARM ElapsedMs=39557.890 Actor=PC_Hero Action=2 Family=POWER Motion=Hero_Stand_None_Fist_P0_PowerAttack_Hit_N_Fwd_00_%_00_P1_100_R.xmot C1=7 Raw8Fist=Fist OpportunityOrdinal=3 Reason=NO_CONTACT_DISPATCH FullStop=0 LatchBefore=1 LatchAfter=0 LatchWriteAttempted=1 LatchWriteConfirmed=1
CORE RAW8_OPPORTUNITY_MISS_REARM ElapsedMs=39567.503 Actor=PC_Hero Action=2 Family=POWER Motion=Hero_Stand_None_Fist_P0_PowerAttack_Hit_N_Fwd_00_%_00_P1_100_R.xmot C1=7 Raw8Fist=Fist OpportunityOrdinal=3 Reason=NO_CONTACT_DISPATCH FullStop=0 LatchBefore=1 LatchAfter=0 LatchWriteAttempted=1 LatchWriteConfirmed=1
CORE RAW8_OPPORTUNITY_MISS_REARM ElapsedMs=39573.963 Actor=PC_Hero Action=2 Family=POWER Motion=Hero_Stand_None_Fist_P0_PowerAttack_Hit_N_Fwd_00_%_00_P1_100_R.xmot C1=7 Raw8Fist=Fist OpportunityOrdinal=3 Reason=NO_CONTACT_DISPATCH FullStop=0 LatchBefore=1 LatchAfter=0 LatchWriteAttempted=1 LatchWriteConfirmed=1
CORE RAW8_OPPORTUNITY_MISS_REARM ElapsedMs=39582.756 Actor=PC_Hero Action=2 Family=POWER Motion=Hero_Stand_None_Fist_P0_PowerAttack_Hit_N_Fwd_00_%_00_P1_100_R.xmot C1=7 Raw8Fist=Fist OpportunityOrdinal=3 Reason=NO_CONTACT_DISPATCH FullStop=0 LatchBefore=1 LatchAfter=0 LatchWriteAttempted=1 LatchWriteConfirmed=1
CORE C1_FINAL ElapsedMs=39587.091 Actor=Golem Generation=8 Status=PERSISTED SourceCount=1 PhysicalChanged=0 Source[0]=Fist Side=RIGHT Outstanding=0 Cleanup=0 Outcome=NO_OP_NO_OUTSTANDING
CORE RAW8_OPPORTUNITY_MISS_REARM ElapsedMs=39590.035 Actor=PC_Hero Action=2 Family=POWER Motion=Hero_Stand_None_Fist_P0_PowerAttack_Hit_N_Fwd_00_%_00_P1_100_R.xmot C1=7 Raw8Fist=Fist OpportunityOrdinal=3 Reason=NO_CONTACT_DISPATCH FullStop=0 LatchBefore=1 LatchAfter=0 LatchWriteAttempted=1 LatchWriteConfirmed=1
CORE RAW8_OPPORTUNITY_MISS_REARM ElapsedMs=39598.120 Actor=PC_Hero Action=2 Family=POWER Motion=Hero_Stand_None_Fist_P0_PowerAttack_Hit_N_Fwd_00_%_00_P1_100_R.xmot C1=7 Raw8Fist=Fist OpportunityOrdinal=3 Reason=NO_CONTACT_DISPATCH FullStop=0 LatchBefore=1 LatchAfter=0 LatchWriteAttempted=1 LatchWriteConfirmed=1
CORE RAW8_OPPORTUNITY_MISS_REARM ElapsedMs=39606.841 Actor=PC_Hero Action=2 Family=POWER Motion=Hero_Stand_None_Fist_P0_PowerAttack_Hit_N_Fwd_00_%_00_P1_100_R.xmot C1=7 Raw8Fist=Fist OpportunityOrdinal=3 Reason=NO_CONTACT_DISPATCH FullStop=0 LatchBefore=1 LatchAfter=0 LatchWriteAttempted=1 LatchWriteConfirmed=1
CORE RAW8_OPPORTUNITY_MISS_REARM ElapsedMs=39614.749 Actor=PC_Hero Action=2 Family=POWER Motion=Hero_Stand_None_Fist_P0_PowerAttack_Hit_N_Fwd_00_%_00_P1_100_R.xmot C1=7 Raw8Fist=Fist OpportunityOrdinal=3 Reason=NO_CONTACT_DISPATCH FullStop=0 LatchBefore=1 LatchAfter=0 LatchWriteAttempted=1 LatchWriteConfirmed=1
CORE RAW8_OPPORTUNITY_MISS_REARM ElapsedMs=39622.679 Actor=PC_Hero Action=2 Family=POWER Motion=Hero_Stand_None_Fist_P0_PowerAttack_Hit_N_Fwd_00_%_00_P1_100_R.xmot C1=7 Raw8Fist=Fist OpportunityOrdinal=3 Reason=NO_CONTACT_DISPATCH FullStop=0 LatchBefore=1 LatchAfter=0 LatchWriteAttempted=1 LatchWriteConfirmed=1
CORE RAW8_OPPORTUNITY_MISS_REARM ElapsedMs=39630.707 Actor=PC_Hero Action=2 Family=POWER Motion=Hero_Stand_None_Fist_P0_PowerAttack_Hit_N_Fwd_00_%_00_P1_100_R.xmot C1=7 Raw8Fist=Fist OpportunityOrdinal=3 Reason=NO_CONTACT_DISPATCH FullStop=0 LatchBefore=1 LatchAfter=0 LatchWriteAttempted=1 LatchWriteConfirmed=1
CORE RAW8_OPPORTUNITY_MISS_REARM ElapsedMs=39638.363 Actor=PC_Hero Action=2 Family=POWER Motion=Hero_Stand_None_Fist_P0_PowerAttack_Hit_N_Fwd_00_%_00_P1_100_R.xmot C1=7 Raw8Fist=Fist OpportunityOrdinal=3 Reason=NO_CONTACT_DISPATCH FullStop=0 LatchBefore=1 LatchAfter=0 LatchWriteAttempted=1 LatchWriteConfirmed=1
CORE RAW8_OPPORTUNITY_CLOSE ElapsedMs=39651.089 Actor=PC_Hero Action=2 Family=POWER Motion=Hero_Stand_None_Fist_P0_PowerAttack_Hit_N_Fwd_00_%_00_P1_100_R.xmot C1=7 Raw8Fist=Fist OpportunityOrdinal=3 Reason=C1_FINALIZED LatchBefore=0 LatchAfter=1 LatchWriteAttempted=1 LatchWriteConfirmed=1
CORE C1_FINAL ElapsedMs=39651.118 Actor=PC_Hero Generation=7 Status=PERSISTED SourceCount=1 PhysicalChanged=0 Source[0]=Fist Side=RIGHT Outstanding=0 Cleanup=0 Outcome=NO_OP_NO_OUTSTANDING
CORE C1_START ElapsedMs=40391.012 Actor=Golem Generation=9 Status=CANDIDATE Outstanding=0 TrackedSources=1 ReplacedGeneration=0 ReplacedOutstanding=0 Source[0]=Fist Side=RIGHT Group=0
CORE C1_BIND ElapsedMs=40391.025 Event=COMBAT_MOVE_CANDIDATE_BOUND Actor=Golem Generation=9 Status=CANDIDATE Outstanding=0 Source=<null> Script=_AI_Attack
CORE C1_STATUS ElapsedMs=40391.088 Event=PERSISTED Actor=Golem Generation=9 Status=PERSISTED Outstanding=0
CORE C1_START ElapsedMs=40469.481 Actor=PC_Hero Generation=10 Status=CANDIDATE Outstanding=0 TrackedSources=1 ReplacedGeneration=0 ReplacedOutstanding=0 Source[0]=Fist Side=RIGHT Group=0
CORE C1_BIND ElapsedMs=40469.493 Event=COMBAT_MOVE_CANDIDATE_BOUND Actor=PC_Hero Generation=10 Status=CANDIDATE Outstanding=0 Source=<null> Script=_AI_PowerAttack
CORE C1_STATUS ElapsedMs=40479.263 Event=PERSISTED Actor=PC_Hero Generation=10 Status=PERSISTED Outstanding=0
CORE COLLISION_GROUP ElapsedMs=40622.427 Source=Fist UseType=8 Owner=<unresolved> Slot=NONE Requested=7 Before=0 After=0 MarkerBitsRetired=0
CORE C1_BIND ElapsedMs=40743.425 Event=COMBAT_MOVE_REUSED Actor=PC_Hero Generation=10 Status=PERSISTED Outstanding=0 Source=<null> Script=_AI_PowerAttack
CORE RAW8_FIST_OWNERSHIP ElapsedMs=40750.225 Actor=PC_Hero Action=2 Family=POWER Motion=Hero_Stand_None_Fist_P1_PowerAttack_Hit_N_Fwd_00_%_00_P0_100_L.xmot C1=10 Raw8Fist=Fist Raw8UseType=8 InitialClose=0->1 Result=CONFIRMED
CORE ATTACK_OWNERSHIP ElapsedMs=40750.246 Actor=PC_Hero Family=POWER Action=2 Phase=1 Motion=Hero_Stand_None_Fist_P1_PowerAttack_Hit_N_Fwd_00_%_00_P0_100_L.xmot MarkerPresent=1 RequiredMask=0 FistMarkers=1 Raw8Fist=Fist Raw8UseType=8 SuppressNative=0 Classification=ROUTINE
CORE COLLISION_GROUP ElapsedMs=40750.289 Source=Fist UseType=8 Owner=<unresolved> Slot=NONE Requested=7 Before=0 After=0 MarkerBitsRetired=0
CORE C1_FINAL ElapsedMs=40762.205 Actor=Golem Generation=9 Status=PERSISTED SourceCount=1 PhysicalChanged=0 Source[0]=Fist Side=RIGHT Outstanding=0 Cleanup=0 Outcome=NO_OP_NO_OUTSTANDING
CORE C1_START ElapsedMs=40770.509 Actor=Golem Generation=11 Status=CANDIDATE Outstanding=0 TrackedSources=1 ReplacedGeneration=0 ReplacedOutstanding=0 Source[0]=Fist Side=RIGHT Group=0
CORE C1_BIND ElapsedMs=40770.520 Event=COMBAT_MOVE_CANDIDATE_BOUND Actor=Golem Generation=11 Status=CANDIDATE Outstanding=0 Source=<null> Script=_AI_JumpBack
CORE C1_STATUS ElapsedMs=40770.583 Event=PERSISTED Actor=Golem Generation=11 Status=PERSISTED Outstanding=0
CORE RAW8_FIST_TIMING ElapsedMs=40853.175 Actor=PC_Hero Action=2 Family=POWER Motion=Hero_Stand_None_Fist_P1_PowerAttack_Hit_N_Fwd_00_%_00_P0_100_L.xmot C1=10 Raw8Fist=Fist Raw8UseType=8 AcceptedRearm=1->0 OwnershipMatched=1 Classification=EARLY_PERMISSION_ARMED
CORE RAW8_OPPORTUNITY_OPEN ElapsedMs=40853.203 Actor=PC_Hero Action=2 Family=POWER Motion=Hero_Stand_None_Fist_P1_PowerAttack_Hit_N_Fwd_00_%_00_P0_100_L.xmot C1=10 Raw8Fist=Fist OpportunityOrdinal=4 Reason=ACCEPTED_FIST LatchBefore=1 LatchAfter=0 LatchWriteAttempted=1 LatchWriteConfirmed=1 TimingActive=1
CORE MARKER ElapsedMs=40853.216 Actor=PC_Hero Action=2 Family=POWER Phase=1 Motion=Hero_Stand_None_Fist_P1_PowerAttack_Hit_N_Fwd_00_%_00_P0_100_L.xmot Marker=FIST Result=ACCEPTED C1Valid=1 C1=10 StatePosition=1 PreviousMask=0 DesiredMask=0 RetiredMask=0 OwnedMask=0 MarkerOwnedMask=0 Activated=0 Deactivated=0 Retired=0 RearmRequests=0 Clears=0 Raw8Fist=Fist Raw8UseType=8 Latch=1->0 LatchConfirmed=1
CORE RAW8_FIST_TIMING ElapsedMs=40864.001 Actor=PC_Hero Action=2 Family=POWER Motion=Hero_Stand_None_Fist_P1_PowerAttack_Hit_N_Fwd_00_%_00_P0_100_L.xmot C1=10 Raw8Fist=Fist Raw8UseType=8 PermissionApplied=1 SyntheticApplied=1 Classification=EARLY_PERMISSION_APPLIED
CORE RAW8_OPPORTUNITY_CONTACT_CONSUMED ElapsedMs=40866.280 Actor=PC_Hero Action=2 Family=POWER Motion=Hero_Stand_None_Fist_P1_PowerAttack_Hit_N_Fwd_00_%_00_P0_100_L.xmot C1=10 Raw8Fist=Fist OpportunityOrdinal=4 Reason=EXACT_NATIVE_CONTACT_DISPATCH LatchValue=1
CORE RAW8_FIST_TIMING ElapsedMs=40866.301 Actor=PC_Hero C1=10 PermissionRetired=1 Reason=CONTACT_CONSUMED
CORE ONDAMAGE ElapsedMs=40866.318 Ordinal=3 Target=Golem Arg1=Fist Arg2=PC_Hero Caller=Game.dll+0x0016E348 PlayerAction=2 PlayerPhase=1 PlayerMotion=Hero_Stand_None_Fist_P1_PowerAttack_Hit_N_Fwd_00_%_00_P0_100_L.xmot Raw8Fist=Fist Raw8UseType=8 Raw8Group=0
CORE C1_START ElapsedMs=40869.679 Actor=Golem Generation=12 Status=CANDIDATE Outstanding=0 TrackedSources=1 ReplacedGeneration=11 ReplacedOutstanding=0 Source[0]=Fist Side=RIGHT Group=0
CORE C1_BIND ElapsedMs=40869.690 Event=COMBAT_MOVE_CANDIDATE_BOUND Actor=Golem Generation=12 Status=CANDIDATE Outstanding=0 Source=<null> Script=_AI_Stumble
CORE C1_STATUS ElapsedMs=40869.750 Event=PERSISTED Actor=Golem Generation=12 Status=PERSISTED Outstanding=0
CORE RAW8_FIST_TIMING ElapsedMs=41184.852 Actor=PC_Hero Action=2 Family=POWER Motion=Hero_Stand_None_Fist_P1_PowerAttack_Hit_N_Fwd_00_%_00_P0_100_L.xmot C1=10 Raw8Fist=Fist Raw8UseType=8 AcceptedRearm=1->0 OwnershipMatched=1 Classification=NATIVE_TIMING
CORE RAW8_OPPORTUNITY_OPEN ElapsedMs=41184.881 Actor=PC_Hero Action=2 Family=POWER Motion=Hero_Stand_None_Fist_P1_PowerAttack_Hit_N_Fwd_00_%_00_P0_100_L.xmot C1=10 Raw8Fist=Fist OpportunityOrdinal=5 Reason=ACCEPTED_FIST LatchBefore=1 LatchAfter=0 LatchWriteAttempted=1 LatchWriteConfirmed=1 TimingActive=0
CORE MARKER ElapsedMs=41184.896 Actor=PC_Hero Action=2 Family=POWER Phase=1 Motion=Hero_Stand_None_Fist_P1_PowerAttack_Hit_N_Fwd_00_%_00_P0_100_L.xmot Marker=FIST Result=ACCEPTED C1Valid=1 C1=10 StatePosition=1 PreviousMask=0 DesiredMask=0 RetiredMask=0 OwnedMask=0 MarkerOwnedMask=0 Activated=0 Deactivated=0 Retired=0 RearmRequests=0 Clears=0 Raw8Fist=Fist Raw8UseType=8 Latch=1->0 LatchConfirmed=1
CORE RAW8_OPPORTUNITY_CONTACT_CONSUMED ElapsedMs=41193.930 Actor=PC_Hero Action=2 Family=POWER Motion=Hero_Stand_None_Fist_P1_PowerAttack_Hit_N_Fwd_00_%_00_P0_100_L.xmot C1=10 Raw8Fist=Fist OpportunityOrdinal=5 Reason=EXACT_NATIVE_CONTACT_DISPATCH LatchValue=1
CORE ONDAMAGE ElapsedMs=41193.978 Ordinal=4 Target=Golem Arg1=Fist Arg2=PC_Hero Caller=Game.dll+0x0016E348 PlayerAction=2 PlayerPhase=1 PlayerMotion=Hero_Stand_None_Fist_P1_PowerAttack_Hit_N_Fwd_00_%_00_P0_100_L.xmot Raw8Fist=Fist Raw8UseType=8 Raw8Group=0
CORE C1_BIND ElapsedMs=41197.731 Event=COMBAT_MOVE_REUSED Actor=Golem Generation=12 Status=PERSISTED Outstanding=0 Source=<null> Script=_AI_Stumble
CORE C1_FINAL ElapsedMs=41382.268 Actor=PC_Hero Generation=10 Status=PERSISTED SourceCount=1 PhysicalChanged=0 Source[0]=Fist Side=RIGHT Outstanding=0 Cleanup=0 Outcome=NO_OP_NO_OUTSTANDING
CORE C1_FINAL ElapsedMs=41540.528 Actor=Golem Generation=12 Status=PERSISTED SourceCount=1 PhysicalChanged=0 Source[0]=Fist Side=RIGHT Outstanding=0 Cleanup=0 Outcome=NO_OP_NO_OUTSTANDING
CORE C1_START ElapsedMs=42209.971 Actor=Golem Generation=13 Status=CANDIDATE Outstanding=0 TrackedSources=1 ReplacedGeneration=0 ReplacedOutstanding=0 Source[0]=Fist Side=RIGHT Group=0
CORE C1_BIND ElapsedMs=42209.983 Event=COMBAT_MOVE_CANDIDATE_BOUND Actor=Golem Generation=13 Status=CANDIDATE Outstanding=0 Source=<null> Script=_AI_Attack
CORE C1_STATUS ElapsedMs=42210.039 Event=PERSISTED Actor=Golem Generation=13 Status=PERSISTED Outstanding=0
CORE C1_START ElapsedMs=42381.552 Actor=PC_Hero Generation=14 Status=CANDIDATE Outstanding=0 TrackedSources=1 ReplacedGeneration=0 ReplacedOutstanding=0 Source[0]=Fist Side=RIGHT Group=0
CORE C1_BIND ElapsedMs=42381.563 Event=COMBAT_MOVE_CANDIDATE_BOUND Actor=PC_Hero Generation=14 Status=CANDIDATE Outstanding=0 Source=<null> Script=_AI_PowerAttack
CORE C1_STATUS ElapsedMs=42381.626 Event=PERSISTED Actor=PC_Hero Generation=14 Status=PERSISTED Outstanding=0
CORE COLLISION_GROUP ElapsedMs=42441.476 Source=Fist UseType=8 Owner=<unresolved> Slot=NONE Requested=7 Before=0 After=0 MarkerBitsRetired=0
CORE C1_FINAL ElapsedMs=42582.525 Actor=Golem Generation=13 Status=PERSISTED SourceCount=1 PhysicalChanged=0 Source[0]=Fist Side=RIGHT Outstanding=0 Cleanup=0 Outcome=NO_OP_NO_OUTSTANDING
CORE C1_START ElapsedMs=42590.464 Actor=Golem Generation=15 Status=CANDIDATE Outstanding=0 TrackedSources=1 ReplacedGeneration=0 ReplacedOutstanding=0 Source[0]=Fist Side=RIGHT Group=0
CORE C1_BIND ElapsedMs=42590.476 Event=COMBAT_MOVE_CANDIDATE_BOUND Actor=Golem Generation=15 Status=CANDIDATE Outstanding=0 Source=<null> Script=_AI_JumpBack
CORE C1_STATUS ElapsedMs=42590.617 Event=PERSISTED Actor=Golem Generation=15 Status=PERSISTED Outstanding=0
CORE C1_BIND ElapsedMs=42657.874 Event=COMBAT_MOVE_REUSED Actor=PC_Hero Generation=14 Status=PERSISTED Outstanding=0 Source=<null> Script=_AI_PowerAttack
CORE RAW8_FIST_OWNERSHIP ElapsedMs=42657.952 Actor=PC_Hero Action=2 Family=POWER Motion=Hero_Stand_None_Fist_P0_PowerAttack_Hit_N_Fwd_00_%_00_P1_100_R.xmot C1=14 Raw8Fist=Fist Raw8UseType=8 InitialClose=0->1 Result=CONFIRMED
CORE ATTACK_OWNERSHIP ElapsedMs=42657.966 Actor=PC_Hero Family=POWER Action=2 Phase=1 Motion=Hero_Stand_None_Fist_P0_PowerAttack_Hit_N_Fwd_00_%_00_P1_100_R.xmot MarkerPresent=1 RequiredMask=0 FistMarkers=1 Raw8Fist=Fist Raw8UseType=8 SuppressNative=0 Classification=ROUTINE
CORE COLLISION_GROUP ElapsedMs=42657.998 Source=Fist UseType=8 Owner=<unresolved> Slot=NONE Requested=7 Before=0 After=0 MarkerBitsRetired=0
CORE RAW8_FIST_TIMING ElapsedMs=42764.480 Actor=PC_Hero Action=2 Family=POWER Motion=Hero_Stand_None_Fist_P0_PowerAttack_Hit_N_Fwd_00_%_00_P1_100_R.xmot C1=14 Raw8Fist=Fist Raw8UseType=8 AcceptedRearm=1->0 OwnershipMatched=1 Classification=EARLY_PERMISSION_ARMED
CORE RAW8_OPPORTUNITY_OPEN ElapsedMs=42764.505 Actor=PC_Hero Action=2 Family=POWER Motion=Hero_Stand_None_Fist_P0_PowerAttack_Hit_N_Fwd_00_%_00_P1_100_R.xmot C1=14 Raw8Fist=Fist OpportunityOrdinal=6 Reason=ACCEPTED_FIST LatchBefore=1 LatchAfter=0 LatchWriteAttempted=1 LatchWriteConfirmed=1 TimingActive=1
CORE MARKER ElapsedMs=42764.518 Actor=PC_Hero Action=2 Family=POWER Phase=1 Motion=Hero_Stand_None_Fist_P0_PowerAttack_Hit_N_Fwd_00_%_00_P1_100_R.xmot Marker=FIST Result=ACCEPTED C1Valid=1 C1=14 StatePosition=1 PreviousMask=0 DesiredMask=0 RetiredMask=0 OwnedMask=0 MarkerOwnedMask=0 Activated=0 Deactivated=0 Retired=0 RearmRequests=0 Clears=0 Raw8Fist=Fist Raw8UseType=8 Latch=1->0 LatchConfirmed=1
CORE RAW8_FIST_TIMING ElapsedMs=42771.560 Actor=PC_Hero Action=2 Family=POWER Motion=Hero_Stand_None_Fist_P0_PowerAttack_Hit_N_Fwd_00_%_00_P1_100_R.xmot C1=14 Raw8Fist=Fist Raw8UseType=8 PermissionApplied=1 SyntheticApplied=1 Classification=EARLY_PERMISSION_APPLIED
CORE RAW8_OPPORTUNITY_MISS_REARM ElapsedMs=42771.594 Actor=PC_Hero Action=2 Family=POWER Motion=Hero_Stand_None_Fist_P0_PowerAttack_Hit_N_Fwd_00_%_00_P1_100_R.xmot C1=14 Raw8Fist=Fist OpportunityOrdinal=6 Reason=NO_CONTACT_DISPATCH FullStop=0 LatchBefore=1 LatchAfter=0 LatchWriteAttempted=1 LatchWriteConfirmed=1
CORE RAW8_OPPORTUNITY_MISS_REARM ElapsedMs=42779.963 Actor=PC_Hero Action=2 Family=POWER Motion=Hero_Stand_None_Fist_P0_PowerAttack_Hit_N_Fwd_00_%_00_P1_100_R.xmot C1=14 Raw8Fist=Fist OpportunityOrdinal=6 Reason=NO_CONTACT_DISPATCH FullStop=0 LatchBefore=1 LatchAfter=0 LatchWriteAttempted=1 LatchWriteConfirmed=1
CORE RAW8_OPPORTUNITY_MISS_REARM ElapsedMs=42786.886 Actor=PC_Hero Action=2 Family=POWER Motion=Hero_Stand_None_Fist_P0_PowerAttack_Hit_N_Fwd_00_%_00_P1_100_R.xmot C1=14 Raw8Fist=Fist OpportunityOrdinal=6 Reason=NO_CONTACT_DISPATCH FullStop=0 LatchBefore=1 LatchAfter=0 LatchWriteAttempted=1 LatchWriteConfirmed=1
CORE RAW8_OPPORTUNITY_MISS_REARM ElapsedMs=42795.048 Actor=PC_Hero Action=2 Family=POWER Motion=Hero_Stand_None_Fist_P0_PowerAttack_Hit_N_Fwd_00_%_00_P1_100_R.xmot C1=14 Raw8Fist=Fist OpportunityOrdinal=6 Reason=NO_CONTACT_DISPATCH FullStop=0 LatchBefore=1 LatchAfter=0 LatchWriteAttempted=1 LatchWriteConfirmed=1
CORE RAW8_OPPORTUNITY_MISS_REARM ElapsedMs=42802.507 Actor=PC_Hero Action=2 Family=POWER Motion=Hero_Stand_None_Fist_P0_PowerAttack_Hit_N_Fwd_00_%_00_P1_100_R.xmot C1=14 Raw8Fist=Fist OpportunityOrdinal=6 Reason=NO_CONTACT_DISPATCH FullStop=0 LatchBefore=1 LatchAfter=0 LatchWriteAttempted=1 LatchWriteConfirmed=1
CORE RAW8_OPPORTUNITY_MISS_REARM ElapsedMs=42810.857 Actor=PC_Hero Action=2 Family=POWER Motion=Hero_Stand_None_Fist_P0_PowerAttack_Hit_N_Fwd_00_%_00_P1_100_R.xmot C1=14 Raw8Fist=Fist OpportunityOrdinal=6 Reason=NO_CONTACT_DISPATCH FullStop=0 LatchBefore=1 LatchAfter=0 LatchWriteAttempted=1 LatchWriteConfirmed=1
CORE RAW8_OPPORTUNITY_MISS_REARM ElapsedMs=42818.196 Actor=PC_Hero Action=2 Family=POWER Motion=Hero_Stand_None_Fist_P0_PowerAttack_Hit_N_Fwd_00_%_00_P1_100_R.xmot C1=14 Raw8Fist=Fist OpportunityOrdinal=6 Reason=NO_CONTACT_DISPATCH FullStop=0 LatchBefore=1 LatchAfter=0 LatchWriteAttempted=1 LatchWriteConfirmed=1
CORE RAW8_OPPORTUNITY_MISS_REARM ElapsedMs=42826.899 Actor=PC_Hero Action=2 Family=POWER Motion=Hero_Stand_None_Fist_P0_PowerAttack_Hit_N_Fwd_00_%_00_P1_100_R.xmot C1=14 Raw8Fist=Fist OpportunityOrdinal=6 Reason=NO_CONTACT_DISPATCH FullStop=0 LatchBefore=1 LatchAfter=0 LatchWriteAttempted=1 LatchWriteConfirmed=1
CORE RAW8_FIST_TIMING ElapsedMs=42833.853 Actor=PC_Hero C1=14 PermissionRetired=1 Reason=REAL_TIME_REACHED_FORCED_VALUE
CORE RAW8_OPPORTUNITY_MISS_REARM ElapsedMs=42833.886 Actor=PC_Hero Action=2 Family=POWER Motion=Hero_Stand_None_Fist_P0_PowerAttack_Hit_N_Fwd_00_%_00_P1_100_R.xmot C1=14 Raw8Fist=Fist OpportunityOrdinal=6 Reason=NO_CONTACT_DISPATCH FullStop=0 LatchBefore=1 LatchAfter=0 LatchWriteAttempted=1 LatchWriteConfirmed=1
CORE RAW8_OPPORTUNITY_MISS_REARM ElapsedMs=42842.380 Actor=PC_Hero Action=2 Family=POWER Motion=Hero_Stand_None_Fist_P0_PowerAttack_Hit_N_Fwd_00_%_00_P1_100_R.xmot C1=14 Raw8Fist=Fist OpportunityOrdinal=6 Reason=NO_CONTACT_DISPATCH FullStop=0 LatchBefore=1 LatchAfter=0 LatchWriteAttempted=1 LatchWriteConfirmed=1
CORE RAW8_OPPORTUNITY_MISS_REARM ElapsedMs=42849.829 Actor=PC_Hero Action=2 Family=POWER Motion=Hero_Stand_None_Fist_P0_PowerAttack_Hit_N_Fwd_00_%_00_P1_100_R.xmot C1=14 Raw8Fist=Fist OpportunityOrdinal=6 Reason=NO_CONTACT_DISPATCH FullStop=0 LatchBefore=1 LatchAfter=0 LatchWriteAttempted=1 LatchWriteConfirmed=1
CORE RAW8_OPPORTUNITY_MISS_REARM ElapsedMs=42857.858 Actor=PC_Hero Action=2 Family=POWER Motion=Hero_Stand_None_Fist_P0_PowerAttack_Hit_N_Fwd_00_%_00_P1_100_R.xmot C1=14 Raw8Fist=Fist OpportunityOrdinal=6 Reason=NO_CONTACT_DISPATCH FullStop=0 LatchBefore=1 LatchAfter=0 LatchWriteAttempted=1 LatchWriteConfirmed=1
CORE RAW8_OPPORTUNITY_MISS_REARM ElapsedMs=42865.594 Actor=PC_Hero Action=2 Family=POWER Motion=Hero_Stand_None_Fist_P0_PowerAttack_Hit_N_Fwd_00_%_00_P1_100_R.xmot C1=14 Raw8Fist=Fist OpportunityOrdinal=6 Reason=NO_CONTACT_DISPATCH FullStop=0 LatchBefore=1 LatchAfter=0 LatchWriteAttempted=1 LatchWriteConfirmed=1
CORE RAW8_OPPORTUNITY_MISS_REARM ElapsedMs=42873.539 Actor=PC_Hero Action=2 Family=POWER Motion=Hero_Stand_None_Fist_P0_PowerAttack_Hit_N_Fwd_00_%_00_P1_100_R.xmot C1=14 Raw8Fist=Fist OpportunityOrdinal=6 Reason=NO_CONTACT_DISPATCH FullStop=0 LatchBefore=1 LatchAfter=0 LatchWriteAttempted=1 LatchWriteConfirmed=1
CORE RAW8_OPPORTUNITY_MISS_REARM ElapsedMs=42880.868 Actor=PC_Hero Action=2 Family=POWER Motion=Hero_Stand_None_Fist_P0_PowerAttack_Hit_N_Fwd_00_%_00_P1_100_R.xmot C1=14 Raw8Fist=Fist OpportunityOrdinal=6 Reason=NO_CONTACT_DISPATCH FullStop=0 LatchBefore=1 LatchAfter=0 LatchWriteAttempted=1 LatchWriteConfirmed=1
CORE RAW8_OPPORTUNITY_MISS_REARM ElapsedMs=42889.646 Actor=PC_Hero Action=2 Family=POWER Motion=Hero_Stand_None_Fist_P0_PowerAttack_Hit_N_Fwd_00_%_00_P1_100_R.xmot C1=14 Raw8Fist=Fist OpportunityOrdinal=6 Reason=NO_CONTACT_DISPATCH FullStop=0 LatchBefore=1 LatchAfter=0 LatchWriteAttempted=1 LatchWriteConfirmed=1
CORE RAW8_OPPORTUNITY_MISS_REARM ElapsedMs=42899.086 Actor=PC_Hero Action=2 Family=POWER Motion=Hero_Stand_None_Fist_P0_PowerAttack_Hit_N_Fwd_00_%_00_P1_100_R.xmot C1=14 Raw8Fist=Fist OpportunityOrdinal=6 Reason=NO_CONTACT_DISPATCH FullStop=0 LatchBefore=1 LatchAfter=0 LatchWriteAttempted=1 LatchWriteConfirmed=1
CORE RAW8_OPPORTUNITY_MISS_REARM ElapsedMs=42907.715 Actor=PC_Hero Action=2 Family=POWER Motion=Hero_Stand_None_Fist_P0_PowerAttack_Hit_N_Fwd_00_%_00_P1_100_R.xmot C1=14 Raw8Fist=Fist OpportunityOrdinal=6 Reason=NO_CONTACT_DISPATCH FullStop=0 LatchBefore=1 LatchAfter=0 LatchWriteAttempted=1 LatchWriteConfirmed=1
CORE RAW8_OPPORTUNITY_MISS_REARM ElapsedMs=42917.515 Actor=PC_Hero Action=2 Family=POWER Motion=Hero_Stand_None_Fist_P0_PowerAttack_Hit_N_Fwd_00_%_00_P1_100_R.xmot C1=14 Raw8Fist=Fist OpportunityOrdinal=6 Reason=NO_CONTACT_DISPATCH FullStop=0 LatchBefore=1 LatchAfter=0 LatchWriteAttempted=1 LatchWriteConfirmed=1
CORE RAW8_OPPORTUNITY_MISS_REARM ElapsedMs=42924.902 Actor=PC_Hero Action=2 Family=POWER Motion=Hero_Stand_None_Fist_P0_PowerAttack_Hit_N_Fwd_00_%_00_P1_100_R.xmot C1=14 Raw8Fist=Fist OpportunityOrdinal=6 Reason=NO_CONTACT_DISPATCH FullStop=0 LatchBefore=1 LatchAfter=0 LatchWriteAttempted=1 LatchWriteConfirmed=1
CORE RAW8_OPPORTUNITY_MISS_REARM ElapsedMs=42933.340 Actor=PC_Hero Action=2 Family=POWER Motion=Hero_Stand_None_Fist_P0_PowerAttack_Hit_N_Fwd_00_%_00_P1_100_R.xmot C1=14 Raw8Fist=Fist OpportunityOrdinal=6 Reason=NO_CONTACT_DISPATCH FullStop=0 LatchBefore=1 LatchAfter=0 LatchWriteAttempted=1 LatchWriteConfirmed=1
CORE RAW8_OPPORTUNITY_MISS_REARM ElapsedMs=42940.461 Actor=PC_Hero Action=2 Family=POWER Motion=Hero_Stand_None_Fist_P0_PowerAttack_Hit_N_Fwd_00_%_00_P1_100_R.xmot C1=14 Raw8Fist=Fist OpportunityOrdinal=6 Reason=NO_CONTACT_DISPATCH FullStop=0 LatchBefore=1 LatchAfter=0 LatchWriteAttempted=1 LatchWriteConfirmed=1
CORE RAW8_OPPORTUNITY_MISS_REARM ElapsedMs=42949.573 Actor=PC_Hero Action=2 Family=POWER Motion=Hero_Stand_None_Fist_P0_PowerAttack_Hit_N_Fwd_00_%_00_P1_100_R.xmot C1=14 Raw8Fist=Fist OpportunityOrdinal=6 Reason=NO_CONTACT_DISPATCH FullStop=0 LatchBefore=1 LatchAfter=0 LatchWriteAttempted=1 LatchWriteConfirmed=1
CORE RAW8_OPPORTUNITY_CLOSE ElapsedMs=42956.892 Actor=PC_Hero Action=2 Family=POWER Motion=Hero_Stand_None_Fist_P0_PowerAttack_Hit_N_Fwd_00_%_00_P1_100_R.xmot C1=14 Raw8Fist=Fist OpportunityOrdinal=6 Reason=C1_FINALIZED LatchBefore=0 LatchAfter=1 LatchWriteAttempted=1 LatchWriteConfirmed=1
CORE C1_FINAL ElapsedMs=42956.927 Actor=PC_Hero Generation=14 Status=PERSISTED SourceCount=1 PhysicalChanged=0 Source[0]=Fist Side=RIGHT Outstanding=0 Cleanup=0 Outcome=NO_OP_NO_OUTSTANDING
CORE C1_FINAL ElapsedMs=43042.276 Actor=Golem Generation=15 Status=PERSISTED SourceCount=1 PhysicalChanged=0 Source[0]=Fist Side=RIGHT Outstanding=0 Cleanup=0 Outcome=NO_OP_NO_OUTSTANDING
CORE C1_START ElapsedMs=43817.093 Actor=Golem Generation=16 Status=CANDIDATE Outstanding=0 TrackedSources=1 ReplacedGeneration=0 ReplacedOutstanding=0 Source[0]=Fist Side=RIGHT Group=0
CORE C1_BIND ElapsedMs=43817.105 Event=COMBAT_MOVE_CANDIDATE_BOUND Actor=Golem Generation=16 Status=CANDIDATE Outstanding=0 Source=<null> Script=_AI_Attack
CORE C1_STATUS ElapsedMs=43817.169 Event=PERSISTED Actor=Golem Generation=16 Status=PERSISTED Outstanding=0
CORE C1_START ElapsedMs=43890.651 Actor=PC_Hero Generation=17 Status=CANDIDATE Outstanding=0 TrackedSources=1 ReplacedGeneration=0 ReplacedOutstanding=0 Source[0]=Fist Side=RIGHT Group=0
CORE C1_BIND ElapsedMs=43890.662 Event=COMBAT_MOVE_CANDIDATE_BOUND Actor=PC_Hero Generation=17 Status=CANDIDATE Outstanding=0 Source=<null> Script=_AI_PowerAttack
CORE C1_STATUS ElapsedMs=43890.722 Event=PERSISTED Actor=PC_Hero Generation=17 Status=PERSISTED Outstanding=0
CORE COLLISION_GROUP ElapsedMs=44049.447 Source=Fist UseType=8 Owner=<unresolved> Slot=NONE Requested=7 Before=0 After=0 MarkerBitsRetired=0
CORE C1_BIND ElapsedMs=44164.717 Event=COMBAT_MOVE_REUSED Actor=PC_Hero Generation=17 Status=PERSISTED Outstanding=0 Source=<null> Script=_AI_PowerAttack
CORE RAW8_FIST_OWNERSHIP ElapsedMs=44164.805 Actor=PC_Hero Action=2 Family=POWER Motion=Hero_Stand_None_Fist_P1_PowerAttack_Hit_N_Fwd_00_%_00_P0_100_L.xmot C1=17 Raw8Fist=Fist Raw8UseType=8 InitialClose=0->1 Result=CONFIRMED
CORE ATTACK_OWNERSHIP ElapsedMs=44164.818 Actor=PC_Hero Family=POWER Action=2 Phase=1 Motion=Hero_Stand_None_Fist_P1_PowerAttack_Hit_N_Fwd_00_%_00_P0_100_L.xmot MarkerPresent=1 RequiredMask=0 FistMarkers=1 Raw8Fist=Fist Raw8UseType=8 SuppressNative=0 Classification=ROUTINE
CORE COLLISION_GROUP ElapsedMs=44164.930 Source=Fist UseType=8 Owner=<unresolved> Slot=NONE Requested=7 Before=0 After=0 MarkerBitsRetired=0
CORE C1_FINAL ElapsedMs=44186.133 Actor=Golem Generation=16 Status=PERSISTED SourceCount=1 PhysicalChanged=0 Source[0]=Fist Side=RIGHT Outstanding=0 Cleanup=0 Outcome=NO_OP_NO_OUTSTANDING
CORE C1_START ElapsedMs=44192.932 Actor=Golem Generation=18 Status=CANDIDATE Outstanding=0 TrackedSources=1 ReplacedGeneration=0 ReplacedOutstanding=0 Source[0]=Fist Side=RIGHT Group=0
CORE C1_BIND ElapsedMs=44192.945 Event=COMBAT_MOVE_CANDIDATE_BOUND Actor=Golem Generation=18 Status=CANDIDATE Outstanding=0 Source=<null> Script=_AI_JumpBack
CORE C1_STATUS ElapsedMs=44193.007 Event=PERSISTED Actor=Golem Generation=18 Status=PERSISTED Outstanding=0
CORE RAW8_FIST_TIMING ElapsedMs=44275.380 Actor=PC_Hero Action=2 Family=POWER Motion=Hero_Stand_None_Fist_P1_PowerAttack_Hit_N_Fwd_00_%_00_P0_100_L.xmot C1=17 Raw8Fist=Fist Raw8UseType=8 AcceptedRearm=1->0 OwnershipMatched=1 Classification=EARLY_PERMISSION_ARMED
CORE RAW8_OPPORTUNITY_OPEN ElapsedMs=44275.436 Actor=PC_Hero Action=2 Family=POWER Motion=Hero_Stand_None_Fist_P1_PowerAttack_Hit_N_Fwd_00_%_00_P0_100_L.xmot C1=17 Raw8Fist=Fist OpportunityOrdinal=7 Reason=ACCEPTED_FIST LatchBefore=1 LatchAfter=0 LatchWriteAttempted=1 LatchWriteConfirmed=1 TimingActive=1
CORE MARKER ElapsedMs=44275.449 Actor=PC_Hero Action=2 Family=POWER Phase=1 Motion=Hero_Stand_None_Fist_P1_PowerAttack_Hit_N_Fwd_00_%_00_P0_100_L.xmot Marker=FIST Result=ACCEPTED C1Valid=1 C1=17 StatePosition=1 PreviousMask=0 DesiredMask=0 RetiredMask=0 OwnedMask=0 MarkerOwnedMask=0 Activated=0 Deactivated=0 Retired=0 RearmRequests=0 Clears=0 Raw8Fist=Fist Raw8UseType=8 Latch=1->0 LatchConfirmed=1
CORE RAW8_FIST_TIMING ElapsedMs=44282.793 Actor=PC_Hero Action=2 Family=POWER Motion=Hero_Stand_None_Fist_P1_PowerAttack_Hit_N_Fwd_00_%_00_P0_100_L.xmot C1=17 Raw8Fist=Fist Raw8UseType=8 PermissionApplied=1 SyntheticApplied=1 Classification=EARLY_PERMISSION_APPLIED
CORE RAW8_OPPORTUNITY_CONTACT_CONSUMED ElapsedMs=44282.929 Actor=PC_Hero Action=2 Family=POWER Motion=Hero_Stand_None_Fist_P1_PowerAttack_Hit_N_Fwd_00_%_00_P0_100_L.xmot C1=17 Raw8Fist=Fist OpportunityOrdinal=7 Reason=EXACT_NATIVE_CONTACT_DISPATCH LatchValue=1
CORE RAW8_FIST_TIMING ElapsedMs=44282.945 Actor=PC_Hero C1=17 PermissionRetired=1 Reason=CONTACT_CONSUMED
CORE ONDAMAGE ElapsedMs=44282.961 Ordinal=5 Target=Golem Arg1=Fist Arg2=PC_Hero Caller=Game.dll+0x0016E348 PlayerAction=2 PlayerPhase=1 PlayerMotion=Hero_Stand_None_Fist_P1_PowerAttack_Hit_N_Fwd_00_%_00_P0_100_L.xmot Raw8Fist=Fist Raw8UseType=8 Raw8Group=0
CORE C1_START ElapsedMs=44288.005 Actor=Golem Generation=19 Status=CANDIDATE Outstanding=0 TrackedSources=1 ReplacedGeneration=18 ReplacedOutstanding=0 Source[0]=Fist Side=RIGHT Group=0
CORE C1_BIND ElapsedMs=44288.016 Event=COMBAT_MOVE_CANDIDATE_BOUND Actor=Golem Generation=19 Status=CANDIDATE Outstanding=0 Source=<null> Script=_AI_Stumble
CORE C1_STATUS ElapsedMs=44288.076 Event=PERSISTED Actor=Golem Generation=19 Status=PERSISTED Outstanding=0
CORE RAW8_FIST_TIMING ElapsedMs=44598.519 Actor=PC_Hero Action=2 Family=POWER Motion=Hero_Stand_None_Fist_P1_PowerAttack_Hit_N_Fwd_00_%_00_P0_100_L.xmot C1=17 Raw8Fist=Fist Raw8UseType=8 AcceptedRearm=1->0 OwnershipMatched=1 Classification=NATIVE_TIMING
CORE RAW8_OPPORTUNITY_OPEN ElapsedMs=44598.548 Actor=PC_Hero Action=2 Family=POWER Motion=Hero_Stand_None_Fist_P1_PowerAttack_Hit_N_Fwd_00_%_00_P0_100_L.xmot C1=17 Raw8Fist=Fist OpportunityOrdinal=8 Reason=ACCEPTED_FIST LatchBefore=1 LatchAfter=0 LatchWriteAttempted=1 LatchWriteConfirmed=1 TimingActive=0
CORE MARKER ElapsedMs=44598.561 Actor=PC_Hero Action=2 Family=POWER Phase=1 Motion=Hero_Stand_None_Fist_P1_PowerAttack_Hit_N_Fwd_00_%_00_P0_100_L.xmot Marker=FIST Result=ACCEPTED C1Valid=1 C1=17 StatePosition=1 PreviousMask=0 DesiredMask=0 RetiredMask=0 OwnedMask=0 MarkerOwnedMask=0 Activated=0 Deactivated=0 Retired=0 RearmRequests=0 Clears=0 Raw8Fist=Fist Raw8UseType=8 Latch=1->0 LatchConfirmed=1
CORE RAW8_OPPORTUNITY_CONTACT_CONSUMED ElapsedMs=44609.544 Actor=PC_Hero Action=2 Family=POWER Motion=Hero_Stand_None_Fist_P1_PowerAttack_Hit_N_Fwd_00_%_00_P0_100_L.xmot C1=17 Raw8Fist=Fist OpportunityOrdinal=8 Reason=EXACT_NATIVE_CONTACT_DISPATCH LatchValue=1
CORE ONDAMAGE ElapsedMs=44609.577 Ordinal=6 Target=Golem Arg1=Fist Arg2=PC_Hero Caller=Game.dll+0x0016E348 PlayerAction=2 PlayerPhase=1 PlayerMotion=Hero_Stand_None_Fist_P1_PowerAttack_Hit_N_Fwd_00_%_00_P0_100_L.xmot Raw8Fist=Fist Raw8UseType=8 Raw8Group=0
CORE C1_BIND ElapsedMs=44613.689 Event=COMBAT_MOVE_REUSED Actor=Golem Generation=19 Status=PERSISTED Outstanding=0 Source=<null> Script=_AI_Stumble
CORE C1_FINAL ElapsedMs=44791.501 Actor=PC_Hero Generation=17 Status=PERSISTED SourceCount=1 PhysicalChanged=0 Source[0]=Fist Side=RIGHT Outstanding=0 Cleanup=0 Outcome=NO_OP_NO_OUTSTANDING
CORE C1_FINAL ElapsedMs=44956.268 Actor=Golem Generation=19 Status=PERSISTED SourceCount=1 PhysicalChanged=0 Source[0]=Fist Side=RIGHT Outstanding=0 Cleanup=0 Outcome=NO_OP_NO_OUTSTANDING
CORE C1_START ElapsedMs=45615.534 Actor=Golem Generation=20 Status=CANDIDATE Outstanding=0 TrackedSources=1 ReplacedGeneration=0 ReplacedOutstanding=0 Source[0]=Fist Side=RIGHT Group=0
CORE C1_BIND ElapsedMs=45615.546 Event=COMBAT_MOVE_CANDIDATE_BOUND Actor=Golem Generation=20 Status=CANDIDATE Outstanding=0 Source=<null> Script=_AI_Attack
CORE C1_STATUS ElapsedMs=45615.604 Event=PERSISTED Actor=Golem Generation=20 Status=PERSISTED Outstanding=0
CORE C1_START ElapsedMs=45829.987 Actor=PC_Hero Generation=21 Status=CANDIDATE Outstanding=0 TrackedSources=1 ReplacedGeneration=0 ReplacedOutstanding=0 Source[0]=Fist Side=RIGHT Group=0
CORE C1_BIND ElapsedMs=45829.999 Event=COMBAT_MOVE_CANDIDATE_BOUND Actor=PC_Hero Generation=21 Status=CANDIDATE Outstanding=0 Source=<null> Script=_AI_PowerAttack
CORE C1_STATUS ElapsedMs=45830.062 Event=PERSISTED Actor=PC_Hero Generation=21 Status=PERSISTED Outstanding=0
CORE COLLISION_GROUP ElapsedMs=45851.369 Source=Fist UseType=8 Owner=<unresolved> Slot=NONE Requested=7 Before=0 After=0 MarkerBitsRetired=0
CORE C1_FINAL ElapsedMs=45988.029 Actor=Golem Generation=20 Status=PERSISTED SourceCount=1 PhysicalChanged=0 Source[0]=Fist Side=RIGHT Outstanding=0 Cleanup=0 Outcome=NO_OP_NO_OUTSTANDING
CORE C1_START ElapsedMs=45997.174 Actor=Golem Generation=22 Status=CANDIDATE Outstanding=0 TrackedSources=1 ReplacedGeneration=0 ReplacedOutstanding=0 Source[0]=Fist Side=RIGHT Group=0
CORE C1_BIND ElapsedMs=45997.185 Event=COMBAT_MOVE_CANDIDATE_BOUND Actor=Golem Generation=22 Status=CANDIDATE Outstanding=0 Source=<null> Script=_AI_JumpBack
CORE C1_STATUS ElapsedMs=45997.244 Event=PERSISTED Actor=Golem Generation=22 Status=PERSISTED Outstanding=0
CORE C1_BIND ElapsedMs=46101.519 Event=COMBAT_MOVE_REUSED Actor=PC_Hero Generation=21 Status=PERSISTED Outstanding=0 Source=<null> Script=_AI_PowerAttack
CORE RAW8_FIST_OWNERSHIP ElapsedMs=46101.596 Actor=PC_Hero Action=2 Family=POWER Motion=Hero_Stand_None_Fist_P0_PowerAttack_Hit_N_Fwd_00_%_00_P1_100_R.xmot C1=21 Raw8Fist=Fist Raw8UseType=8 InitialClose=0->1 Result=CONFIRMED
CORE ATTACK_OWNERSHIP ElapsedMs=46101.609 Actor=PC_Hero Family=POWER Action=2 Phase=1 Motion=Hero_Stand_None_Fist_P0_PowerAttack_Hit_N_Fwd_00_%_00_P1_100_R.xmot MarkerPresent=1 RequiredMask=0 FistMarkers=1 Raw8Fist=Fist Raw8UseType=8 SuppressNative=0 Classification=ROUTINE
CORE COLLISION_GROUP ElapsedMs=46101.639 Source=Fist UseType=8 Owner=<unresolved> Slot=NONE Requested=7 Before=0 After=0 MarkerBitsRetired=0
CORE RAW8_FIST_TIMING ElapsedMs=46207.475 Actor=PC_Hero Action=2 Family=POWER Motion=Hero_Stand_None_Fist_P0_PowerAttack_Hit_N_Fwd_00_%_00_P1_100_R.xmot C1=21 Raw8Fist=Fist Raw8UseType=8 AcceptedRearm=1->0 OwnershipMatched=1 Classification=EARLY_PERMISSION_ARMED
CORE RAW8_OPPORTUNITY_OPEN ElapsedMs=46207.505 Actor=PC_Hero Action=2 Family=POWER Motion=Hero_Stand_None_Fist_P0_PowerAttack_Hit_N_Fwd_00_%_00_P1_100_R.xmot C1=21 Raw8Fist=Fist OpportunityOrdinal=9 Reason=ACCEPTED_FIST LatchBefore=1 LatchAfter=0 LatchWriteAttempted=1 LatchWriteConfirmed=1 TimingActive=1
CORE MARKER ElapsedMs=46207.523 Actor=PC_Hero Action=2 Family=POWER Phase=1 Motion=Hero_Stand_None_Fist_P0_PowerAttack_Hit_N_Fwd_00_%_00_P1_100_R.xmot Marker=FIST Result=ACCEPTED C1Valid=1 C1=21 StatePosition=1 PreviousMask=0 DesiredMask=0 RetiredMask=0 OwnedMask=0 MarkerOwnedMask=0 Activated=0 Deactivated=0 Retired=0 RearmRequests=0 Clears=0 Raw8Fist=Fist Raw8UseType=8 Latch=1->0 LatchConfirmed=1
CORE RAW8_FIST_TIMING ElapsedMs=46216.501 Actor=PC_Hero Action=2 Family=POWER Motion=Hero_Stand_None_Fist_P0_PowerAttack_Hit_N_Fwd_00_%_00_P1_100_R.xmot C1=21 Raw8Fist=Fist Raw8UseType=8 PermissionApplied=1 SyntheticApplied=1 Classification=EARLY_PERMISSION_APPLIED
CORE RAW8_OPPORTUNITY_MISS_REARM ElapsedMs=46216.535 Actor=PC_Hero Action=2 Family=POWER Motion=Hero_Stand_None_Fist_P0_PowerAttack_Hit_N_Fwd_00_%_00_P1_100_R.xmot C1=21 Raw8Fist=Fist OpportunityOrdinal=9 Reason=NO_CONTACT_DISPATCH FullStop=0 LatchBefore=1 LatchAfter=0 LatchWriteAttempted=1 LatchWriteConfirmed=1
CORE RAW8_OPPORTUNITY_MISS_REARM ElapsedMs=46224.257 Actor=PC_Hero Action=2 Family=POWER Motion=Hero_Stand_None_Fist_P0_PowerAttack_Hit_N_Fwd_00_%_00_P1_100_R.xmot C1=21 Raw8Fist=Fist OpportunityOrdinal=9 Reason=NO_CONTACT_DISPATCH FullStop=0 LatchBefore=1 LatchAfter=0 LatchWriteAttempted=1 LatchWriteConfirmed=1
CORE RAW8_OPPORTUNITY_MISS_REARM ElapsedMs=46231.510 Actor=PC_Hero Action=2 Family=POWER Motion=Hero_Stand_None_Fist_P0_PowerAttack_Hit_N_Fwd_00_%_00_P1_100_R.xmot C1=21 Raw8Fist=Fist OpportunityOrdinal=9 Reason=NO_CONTACT_DISPATCH FullStop=0 LatchBefore=1 LatchAfter=0 LatchWriteAttempted=1 LatchWriteConfirmed=1
CORE RAW8_OPPORTUNITY_MISS_REARM ElapsedMs=46240.413 Actor=PC_Hero Action=2 Family=POWER Motion=Hero_Stand_None_Fist_P0_PowerAttack_Hit_N_Fwd_00_%_00_P1_100_R.xmot C1=21 Raw8Fist=Fist OpportunityOrdinal=9 Reason=NO_CONTACT_DISPATCH FullStop=0 LatchBefore=1 LatchAfter=0 LatchWriteAttempted=1 LatchWriteConfirmed=1
CORE RAW8_OPPORTUNITY_MISS_REARM ElapsedMs=46247.957 Actor=PC_Hero Action=2 Family=POWER Motion=Hero_Stand_None_Fist_P0_PowerAttack_Hit_N_Fwd_00_%_00_P1_100_R.xmot C1=21 Raw8Fist=Fist OpportunityOrdinal=9 Reason=NO_CONTACT_DISPATCH FullStop=0 LatchBefore=1 LatchAfter=0 LatchWriteAttempted=1 LatchWriteConfirmed=1
CORE RAW8_OPPORTUNITY_MISS_REARM ElapsedMs=46256.111 Actor=PC_Hero Action=2 Family=POWER Motion=Hero_Stand_None_Fist_P0_PowerAttack_Hit_N_Fwd_00_%_00_P1_100_R.xmot C1=21 Raw8Fist=Fist OpportunityOrdinal=9 Reason=NO_CONTACT_DISPATCH FullStop=0 LatchBefore=1 LatchAfter=0 LatchWriteAttempted=1 LatchWriteConfirmed=1
CORE RAW8_OPPORTUNITY_MISS_REARM ElapsedMs=46264.072 Actor=PC_Hero Action=2 Family=POWER Motion=Hero_Stand_None_Fist_P0_PowerAttack_Hit_N_Fwd_00_%_00_P1_100_R.xmot C1=21 Raw8Fist=Fist OpportunityOrdinal=9 Reason=NO_CONTACT_DISPATCH FullStop=0 LatchBefore=1 LatchAfter=0 LatchWriteAttempted=1 LatchWriteConfirmed=1
CORE RAW8_OPPORTUNITY_MISS_REARM ElapsedMs=46271.981 Actor=PC_Hero Action=2 Family=POWER Motion=Hero_Stand_None_Fist_P0_PowerAttack_Hit_N_Fwd_00_%_00_P1_100_R.xmot C1=21 Raw8Fist=Fist OpportunityOrdinal=9 Reason=NO_CONTACT_DISPATCH FullStop=0 LatchBefore=1 LatchAfter=0 LatchWriteAttempted=1 LatchWriteConfirmed=1
CORE RAW8_OPPORTUNITY_MISS_REARM ElapsedMs=46279.423 Actor=PC_Hero Action=2 Family=POWER Motion=Hero_Stand_None_Fist_P0_PowerAttack_Hit_N_Fwd_00_%_00_P1_100_R.xmot C1=21 Raw8Fist=Fist OpportunityOrdinal=9 Reason=NO_CONTACT_DISPATCH FullStop=0 LatchBefore=1 LatchAfter=0 LatchWriteAttempted=1 LatchWriteConfirmed=1
CORE RAW8_FIST_TIMING ElapsedMs=46286.306 Actor=PC_Hero C1=21 PermissionRetired=1 Reason=REAL_TIME_REACHED_FORCED_VALUE
CORE RAW8_OPPORTUNITY_MISS_REARM ElapsedMs=46286.340 Actor=PC_Hero Action=2 Family=POWER Motion=Hero_Stand_None_Fist_P0_PowerAttack_Hit_N_Fwd_00_%_00_P1_100_R.xmot C1=21 Raw8Fist=Fist OpportunityOrdinal=9 Reason=NO_CONTACT_DISPATCH FullStop=0 LatchBefore=1 LatchAfter=0 LatchWriteAttempted=1 LatchWriteConfirmed=1
CORE RAW8_OPPORTUNITY_MISS_REARM ElapsedMs=46296.019 Actor=PC_Hero Action=2 Family=POWER Motion=Hero_Stand_None_Fist_P0_PowerAttack_Hit_N_Fwd_00_%_00_P1_100_R.xmot C1=21 Raw8Fist=Fist OpportunityOrdinal=9 Reason=NO_CONTACT_DISPATCH FullStop=0 LatchBefore=1 LatchAfter=0 LatchWriteAttempted=1 LatchWriteConfirmed=1
CORE RAW8_OPPORTUNITY_MISS_REARM ElapsedMs=46302.879 Actor=PC_Hero Action=2 Family=POWER Motion=Hero_Stand_None_Fist_P0_PowerAttack_Hit_N_Fwd_00_%_00_P1_100_R.xmot C1=21 Raw8Fist=Fist OpportunityOrdinal=9 Reason=NO_CONTACT_DISPATCH FullStop=0 LatchBefore=1 LatchAfter=0 LatchWriteAttempted=1 LatchWriteConfirmed=1
CORE RAW8_OPPORTUNITY_MISS_REARM ElapsedMs=46310.958 Actor=PC_Hero Action=2 Family=POWER Motion=Hero_Stand_None_Fist_P0_PowerAttack_Hit_N_Fwd_00_%_00_P1_100_R.xmot C1=21 Raw8Fist=Fist OpportunityOrdinal=9 Reason=NO_CONTACT_DISPATCH FullStop=0 LatchBefore=1 LatchAfter=0 LatchWriteAttempted=1 LatchWriteConfirmed=1
CORE RAW8_OPPORTUNITY_MISS_REARM ElapsedMs=46318.317 Actor=PC_Hero Action=2 Family=POWER Motion=Hero_Stand_None_Fist_P0_PowerAttack_Hit_N_Fwd_00_%_00_P1_100_R.xmot C1=21 Raw8Fist=Fist OpportunityOrdinal=9 Reason=NO_CONTACT_DISPATCH FullStop=0 LatchBefore=1 LatchAfter=0 LatchWriteAttempted=1 LatchWriteConfirmed=1
CORE RAW8_OPPORTUNITY_MISS_REARM ElapsedMs=46324.008 Actor=PC_Hero Action=2 Family=POWER Motion=Hero_Stand_None_Fist_P0_PowerAttack_Hit_N_Fwd_00_%_00_P1_100_R.xmot C1=21 Raw8Fist=Fist OpportunityOrdinal=9 Reason=NO_CONTACT_DISPATCH FullStop=0 LatchBefore=1 LatchAfter=0 LatchWriteAttempted=1 LatchWriteConfirmed=1
CORE RAW8_OPPORTUNITY_MISS_REARM ElapsedMs=46331.554 Actor=PC_Hero Action=2 Family=POWER Motion=Hero_Stand_None_Fist_P0_PowerAttack_Hit_N_Fwd_00_%_00_P1_100_R.xmot C1=21 Raw8Fist=Fist OpportunityOrdinal=9 Reason=NO_CONTACT_DISPATCH FullStop=0 LatchBefore=1 LatchAfter=0 LatchWriteAttempted=1 LatchWriteConfirmed=1
CORE RAW8_OPPORTUNITY_MISS_REARM ElapsedMs=46339.619 Actor=PC_Hero Action=2 Family=POWER Motion=Hero_Stand_None_Fist_P0_PowerAttack_Hit_N_Fwd_00_%_00_P1_100_R.xmot C1=21 Raw8Fist=Fist OpportunityOrdinal=9 Reason=NO_CONTACT_DISPATCH FullStop=0 LatchBefore=1 LatchAfter=0 LatchWriteAttempted=1 LatchWriteConfirmed=1
CORE RAW8_OPPORTUNITY_MISS_REARM ElapsedMs=46347.732 Actor=PC_Hero Action=2 Family=POWER Motion=Hero_Stand_None_Fist_P0_PowerAttack_Hit_N_Fwd_00_%_00_P1_100_R.xmot C1=21 Raw8Fist=Fist OpportunityOrdinal=9 Reason=NO_CONTACT_DISPATCH FullStop=0 LatchBefore=1 LatchAfter=0 LatchWriteAttempted=1 LatchWriteConfirmed=1
CORE RAW8_OPPORTUNITY_MISS_REARM ElapsedMs=46354.642 Actor=PC_Hero Action=2 Family=POWER Motion=Hero_Stand_None_Fist_P0_PowerAttack_Hit_N_Fwd_00_%_00_P1_100_R.xmot C1=21 Raw8Fist=Fist OpportunityOrdinal=9 Reason=NO_CONTACT_DISPATCH FullStop=0 LatchBefore=1 LatchAfter=0 LatchWriteAttempted=1 LatchWriteConfirmed=1
CORE RAW8_OPPORTUNITY_MISS_REARM ElapsedMs=46362.738 Actor=PC_Hero Action=2 Family=POWER Motion=Hero_Stand_None_Fist_P0_PowerAttack_Hit_N_Fwd_00_%_00_P1_100_R.xmot C1=21 Raw8Fist=Fist OpportunityOrdinal=9 Reason=NO_CONTACT_DISPATCH FullStop=0 LatchBefore=1 LatchAfter=0 LatchWriteAttempted=1 LatchWriteConfirmed=1
CORE RAW8_OPPORTUNITY_MISS_REARM ElapsedMs=46369.357 Actor=PC_Hero Action=2 Family=POWER Motion=Hero_Stand_None_Fist_P0_PowerAttack_Hit_N_Fwd_00_%_00_P1_100_R.xmot C1=21 Raw8Fist=Fist OpportunityOrdinal=9 Reason=NO_CONTACT_DISPATCH FullStop=0 LatchBefore=1 LatchAfter=0 LatchWriteAttempted=1 LatchWriteConfirmed=1
CORE RAW8_OPPORTUNITY_MISS_REARM ElapsedMs=46377.162 Actor=PC_Hero Action=2 Family=POWER Motion=Hero_Stand_None_Fist_P0_PowerAttack_Hit_N_Fwd_00_%_00_P1_100_R.xmot C1=21 Raw8Fist=Fist OpportunityOrdinal=9 Reason=NO_CONTACT_DISPATCH FullStop=0 LatchBefore=1 LatchAfter=0 LatchWriteAttempted=1 LatchWriteConfirmed=1
CORE RAW8_OPPORTUNITY_MISS_REARM ElapsedMs=46385.732 Actor=PC_Hero Action=2 Family=POWER Motion=Hero_Stand_None_Fist_P0_PowerAttack_Hit_N_Fwd_00_%_00_P1_100_R.xmot C1=21 Raw8Fist=Fist OpportunityOrdinal=9 Reason=NO_CONTACT_DISPATCH FullStop=0 LatchBefore=1 LatchAfter=0 LatchWriteAttempted=1 LatchWriteConfirmed=1
CORE RAW8_OPPORTUNITY_MISS_REARM ElapsedMs=46392.541 Actor=PC_Hero Action=2 Family=POWER Motion=Hero_Stand_None_Fist_P0_PowerAttack_Hit_N_Fwd_00_%_00_P1_100_R.xmot C1=21 Raw8Fist=Fist OpportunityOrdinal=9 Reason=NO_CONTACT_DISPATCH FullStop=0 LatchBefore=1 LatchAfter=0 LatchWriteAttempted=1 LatchWriteConfirmed=1
CORE RAW8_OPPORTUNITY_CLOSE ElapsedMs=46401.755 Actor=PC_Hero Action=2 Family=POWER Motion=Hero_Stand_None_Fist_P0_PowerAttack_Hit_N_Fwd_00_%_00_P1_100_R.xmot C1=21 Raw8Fist=Fist OpportunityOrdinal=9 Reason=C1_FINALIZED LatchBefore=0 LatchAfter=1 LatchWriteAttempted=1 LatchWriteConfirmed=1
CORE C1_FINAL ElapsedMs=46401.795 Actor=PC_Hero Generation=21 Status=PERSISTED SourceCount=1 PhysicalChanged=0 Source[0]=Fist Side=RIGHT Outstanding=0 Cleanup=0 Outcome=NO_OP_NO_OUTSTANDING
CORE C1_FINAL ElapsedMs=46441.197 Actor=Golem Generation=22 Status=PERSISTED SourceCount=1 PhysicalChanged=0 Source[0]=Fist Side=RIGHT Outstanding=0 Cleanup=0 Outcome=NO_OP_NO_OUTSTANDING
CORE C1_START ElapsedMs=47238.995 Actor=Golem Generation=23 Status=CANDIDATE Outstanding=0 TrackedSources=1 ReplacedGeneration=0 ReplacedOutstanding=0 Source[0]=Fist Side=RIGHT Group=0
CORE C1_BIND ElapsedMs=47239.007 Event=COMBAT_MOVE_CANDIDATE_BOUND Actor=Golem Generation=23 Status=CANDIDATE Outstanding=0 Source=<null> Script=_AI_Attack
CORE C1_STATUS ElapsedMs=47239.070 Event=PERSISTED Actor=Golem Generation=23 Status=PERSISTED Outstanding=0
CORE COLLISION_GROUP ElapsedMs=47476.582 Source=Fist UseType=8 Owner=<unresolved> Slot=NONE Requested=7 Before=0 After=0 MarkerBitsRetired=0
CORE C1_FINAL ElapsedMs=47618.784 Actor=Golem Generation=23 Status=PERSISTED SourceCount=1 PhysicalChanged=0 Source[0]=Fist Side=RIGHT Outstanding=0 Cleanup=0 Outcome=NO_OP_NO_OUTSTANDING
CORE C1_START ElapsedMs=47767.172 Actor=PC_Hero Generation=24 Status=CANDIDATE Outstanding=0 TrackedSources=1 ReplacedGeneration=0 ReplacedOutstanding=0 Source[0]=Fist Side=RIGHT Group=0
CORE C1_BIND ElapsedMs=47767.184 Event=COMBAT_MOVE_CANDIDATE_BOUND Actor=PC_Hero Generation=24 Status=CANDIDATE Outstanding=0 Source=<null> Script=_AI_PowerAttack
CORE C1_STATUS ElapsedMs=47767.248 Event=PERSISTED Actor=PC_Hero Generation=24 Status=PERSISTED Outstanding=0
CORE C1_START ElapsedMs=47941.690 Actor=Golem Generation=25 Status=CANDIDATE Outstanding=0 TrackedSources=1 ReplacedGeneration=0 ReplacedOutstanding=0 Source[0]=Fist Side=RIGHT Group=0
CORE C1_BIND ElapsedMs=47941.702 Event=COMBAT_MOVE_CANDIDATE_BOUND Actor=Golem Generation=25 Status=CANDIDATE Outstanding=0 Source=<null> Script=_AI_JumpBack
CORE C1_STATUS ElapsedMs=47941.765 Event=PERSISTED Actor=Golem Generation=25 Status=PERSISTED Outstanding=0
CORE C1_BIND ElapsedMs=48045.313 Event=COMBAT_MOVE_REUSED Actor=PC_Hero Generation=24 Status=PERSISTED Outstanding=0 Source=<null> Script=_AI_PowerAttack
CORE RAW8_FIST_OWNERSHIP ElapsedMs=48045.391 Actor=PC_Hero Action=2 Family=POWER Motion=Hero_Stand_None_Fist_P0_PowerAttack_Hit_N_Fwd_00_%_00_P1_100_R.xmot C1=24 Raw8Fist=Fist Raw8UseType=8 InitialClose=0->1 Result=CONFIRMED
CORE COLLISION_GROUP ElapsedMs=48045.428 Source=Fist UseType=8 Owner=<unresolved> Slot=NONE Requested=7 Before=0 After=0 MarkerBitsRetired=0
CORE RAW8_FIST_TIMING ElapsedMs=48151.462 Actor=PC_Hero Action=2 Family=POWER Motion=Hero_Stand_None_Fist_P0_PowerAttack_Hit_N_Fwd_00_%_00_P1_100_R.xmot C1=24 Raw8Fist=Fist Raw8UseType=8 AcceptedRearm=1->0 OwnershipMatched=1 Classification=EARLY_PERMISSION_ARMED
CORE RAW8_OPPORTUNITY_OPEN ElapsedMs=48151.490 Actor=PC_Hero Action=2 Family=POWER Motion=Hero_Stand_None_Fist_P0_PowerAttack_Hit_N_Fwd_00_%_00_P1_100_R.xmot C1=24 Raw8Fist=Fist OpportunityOrdinal=10 Reason=ACCEPTED_FIST LatchBefore=1 LatchAfter=0 LatchWriteAttempted=1 LatchWriteConfirmed=1 TimingActive=1
CORE MARKER ElapsedMs=48151.503 Actor=PC_Hero Action=2 Family=POWER Phase=1 Motion=Hero_Stand_None_Fist_P0_PowerAttack_Hit_N_Fwd_00_%_00_P1_100_R.xmot Marker=FIST Result=ACCEPTED C1Valid=1 C1=24 StatePosition=1 PreviousMask=0 DesiredMask=0 RetiredMask=0 OwnedMask=0 MarkerOwnedMask=0 Activated=0 Deactivated=0 Retired=0 RearmRequests=0 Clears=0 Raw8Fist=Fist Raw8UseType=8 Latch=1->0 LatchConfirmed=1
CORE RAW8_FIST_TIMING ElapsedMs=48158.672 Actor=PC_Hero Action=2 Family=POWER Motion=Hero_Stand_None_Fist_P0_PowerAttack_Hit_N_Fwd_00_%_00_P1_100_R.xmot C1=24 Raw8Fist=Fist Raw8UseType=8 PermissionApplied=1 SyntheticApplied=1 Classification=EARLY_PERMISSION_APPLIED
CORE RAW8_OPPORTUNITY_MISS_REARM ElapsedMs=48158.708 Actor=PC_Hero Action=2 Family=POWER Motion=Hero_Stand_None_Fist_P0_PowerAttack_Hit_N_Fwd_00_%_00_P1_100_R.xmot C1=24 Raw8Fist=Fist OpportunityOrdinal=10 Reason=NO_CONTACT_DISPATCH FullStop=0 LatchBefore=1 LatchAfter=0 LatchWriteAttempted=1 LatchWriteConfirmed=1
CORE RAW8_OPPORTUNITY_MISS_REARM ElapsedMs=48166.750 Actor=PC_Hero Action=2 Family=POWER Motion=Hero_Stand_None_Fist_P0_PowerAttack_Hit_N_Fwd_00_%_00_P1_100_R.xmot C1=24 Raw8Fist=Fist OpportunityOrdinal=10 Reason=NO_CONTACT_DISPATCH FullStop=0 LatchBefore=1 LatchAfter=0 LatchWriteAttempted=1 LatchWriteConfirmed=1
CORE RAW8_OPPORTUNITY_MISS_REARM ElapsedMs=48174.714 Actor=PC_Hero Action=2 Family=POWER Motion=Hero_Stand_None_Fist_P0_PowerAttack_Hit_N_Fwd_00_%_00_P1_100_R.xmot C1=24 Raw8Fist=Fist OpportunityOrdinal=10 Reason=NO_CONTACT_DISPATCH FullStop=0 LatchBefore=1 LatchAfter=0 LatchWriteAttempted=1 LatchWriteConfirmed=1
CORE RAW8_OPPORTUNITY_MISS_REARM ElapsedMs=48184.936 Actor=PC_Hero Action=2 Family=POWER Motion=Hero_Stand_None_Fist_P0_PowerAttack_Hit_N_Fwd_00_%_00_P1_100_R.xmot C1=24 Raw8Fist=Fist OpportunityOrdinal=10 Reason=NO_CONTACT_DISPATCH FullStop=0 LatchBefore=1 LatchAfter=0 LatchWriteAttempted=1 LatchWriteConfirmed=1
CORE RAW8_OPPORTUNITY_MISS_REARM ElapsedMs=48192.146 Actor=PC_Hero Action=2 Family=POWER Motion=Hero_Stand_None_Fist_P0_PowerAttack_Hit_N_Fwd_00_%_00_P1_100_R.xmot C1=24 Raw8Fist=Fist OpportunityOrdinal=10 Reason=NO_CONTACT_DISPATCH FullStop=0 LatchBefore=1 LatchAfter=0 LatchWriteAttempted=1 LatchWriteConfirmed=1
CORE RAW8_OPPORTUNITY_MISS_REARM ElapsedMs=48199.783 Actor=PC_Hero Action=2 Family=POWER Motion=Hero_Stand_None_Fist_P0_PowerAttack_Hit_N_Fwd_00_%_00_P1_100_R.xmot C1=24 Raw8Fist=Fist OpportunityOrdinal=10 Reason=NO_CONTACT_DISPATCH FullStop=0 LatchBefore=1 LatchAfter=0 LatchWriteAttempted=1 LatchWriteConfirmed=1
CORE RAW8_OPPORTUNITY_MISS_REARM ElapsedMs=48207.755 Actor=PC_Hero Action=2 Family=POWER Motion=Hero_Stand_None_Fist_P0_PowerAttack_Hit_N_Fwd_00_%_00_P1_100_R.xmot C1=24 Raw8Fist=Fist OpportunityOrdinal=10 Reason=NO_CONTACT_DISPATCH FullStop=0 LatchBefore=1 LatchAfter=0 LatchWriteAttempted=1 LatchWriteConfirmed=1
CORE RAW8_OPPORTUNITY_MISS_REARM ElapsedMs=48216.655 Actor=PC_Hero Action=2 Family=POWER Motion=Hero_Stand_None_Fist_P0_PowerAttack_Hit_N_Fwd_00_%_00_P1_100_R.xmot C1=24 Raw8Fist=Fist OpportunityOrdinal=10 Reason=NO_CONTACT_DISPATCH FullStop=0 LatchBefore=1 LatchAfter=0 LatchWriteAttempted=1 LatchWriteConfirmed=1
CORE RAW8_OPPORTUNITY_MISS_REARM ElapsedMs=48223.605 Actor=PC_Hero Action=2 Family=POWER Motion=Hero_Stand_None_Fist_P0_PowerAttack_Hit_N_Fwd_00_%_00_P1_100_R.xmot C1=24 Raw8Fist=Fist OpportunityOrdinal=10 Reason=NO_CONTACT_DISPATCH FullStop=0 LatchBefore=1 LatchAfter=0 LatchWriteAttempted=1 LatchWriteConfirmed=1
CORE RAW8_FIST_TIMING ElapsedMs=48232.519 Actor=PC_Hero C1=24 PermissionRetired=1 Reason=REAL_TIME_REACHED_FORCED_VALUE
CORE RAW8_OPPORTUNITY_MISS_REARM ElapsedMs=48232.552 Actor=PC_Hero Action=2 Family=POWER Motion=Hero_Stand_None_Fist_P0_PowerAttack_Hit_N_Fwd_00_%_00_P1_100_R.xmot C1=24 Raw8Fist=Fist OpportunityOrdinal=10 Reason=NO_CONTACT_DISPATCH FullStop=0 LatchBefore=1 LatchAfter=0 LatchWriteAttempted=1 LatchWriteConfirmed=1
CORE RAW8_OPPORTUNITY_MISS_REARM ElapsedMs=48240.476 Actor=PC_Hero Action=2 Family=POWER Motion=Hero_Stand_None_Fist_P0_PowerAttack_Hit_N_Fwd_00_%_00_P1_100_R.xmot C1=24 Raw8Fist=Fist OpportunityOrdinal=10 Reason=NO_CONTACT_DISPATCH FullStop=0 LatchBefore=1 LatchAfter=0 LatchWriteAttempted=1 LatchWriteConfirmed=1
CORE RAW8_OPPORTUNITY_MISS_REARM ElapsedMs=48248.538 Actor=PC_Hero Action=2 Family=POWER Motion=Hero_Stand_None_Fist_P0_PowerAttack_Hit_N_Fwd_00_%_00_P1_100_R.xmot C1=24 Raw8Fist=Fist OpportunityOrdinal=10 Reason=NO_CONTACT_DISPATCH FullStop=0 LatchBefore=1 LatchAfter=0 LatchWriteAttempted=1 LatchWriteConfirmed=1
CORE RAW8_OPPORTUNITY_MISS_REARM ElapsedMs=48255.847 Actor=PC_Hero Action=2 Family=POWER Motion=Hero_Stand_None_Fist_P0_PowerAttack_Hit_N_Fwd_00_%_00_P1_100_R.xmot C1=24 Raw8Fist=Fist OpportunityOrdinal=10 Reason=NO_CONTACT_DISPATCH FullStop=0 LatchBefore=1 LatchAfter=0 LatchWriteAttempted=1 LatchWriteConfirmed=1
CORE RAW8_OPPORTUNITY_MISS_REARM ElapsedMs=48264.467 Actor=PC_Hero Action=2 Family=POWER Motion=Hero_Stand_None_Fist_P0_PowerAttack_Hit_N_Fwd_00_%_00_P1_100_R.xmot C1=24 Raw8Fist=Fist OpportunityOrdinal=10 Reason=NO_CONTACT_DISPATCH FullStop=0 LatchBefore=1 LatchAfter=0 LatchWriteAttempted=1 LatchWriteConfirmed=1
CORE RAW8_OPPORTUNITY_MISS_REARM ElapsedMs=48272.299 Actor=PC_Hero Action=2 Family=POWER Motion=Hero_Stand_None_Fist_P0_PowerAttack_Hit_N_Fwd_00_%_00_P1_100_R.xmot C1=24 Raw8Fist=Fist OpportunityOrdinal=10 Reason=NO_CONTACT_DISPATCH FullStop=0 LatchBefore=1 LatchAfter=0 LatchWriteAttempted=1 LatchWriteConfirmed=1
CORE RAW8_OPPORTUNITY_MISS_REARM ElapsedMs=48280.567 Actor=PC_Hero Action=2 Family=POWER Motion=Hero_Stand_None_Fist_P0_PowerAttack_Hit_N_Fwd_00_%_00_P1_100_R.xmot C1=24 Raw8Fist=Fist OpportunityOrdinal=10 Reason=NO_CONTACT_DISPATCH FullStop=0 LatchBefore=1 LatchAfter=0 LatchWriteAttempted=1 LatchWriteConfirmed=1
CORE RAW8_OPPORTUNITY_MISS_REARM ElapsedMs=48289.470 Actor=PC_Hero Action=2 Family=POWER Motion=Hero_Stand_None_Fist_P0_PowerAttack_Hit_N_Fwd_00_%_00_P1_100_R.xmot C1=24 Raw8Fist=Fist OpportunityOrdinal=10 Reason=NO_CONTACT_DISPATCH FullStop=0 LatchBefore=1 LatchAfter=0 LatchWriteAttempted=1 LatchWriteConfirmed=1
CORE RAW8_OPPORTUNITY_MISS_REARM ElapsedMs=48296.941 Actor=PC_Hero Action=2 Family=POWER Motion=Hero_Stand_None_Fist_P0_PowerAttack_Hit_N_Fwd_00_%_00_P1_100_R.xmot C1=24 Raw8Fist=Fist OpportunityOrdinal=10 Reason=NO_CONTACT_DISPATCH FullStop=0 LatchBefore=1 LatchAfter=0 LatchWriteAttempted=1 LatchWriteConfirmed=1
CORE RAW8_OPPORTUNITY_MISS_REARM ElapsedMs=48305.605 Actor=PC_Hero Action=2 Family=POWER Motion=Hero_Stand_None_Fist_P0_PowerAttack_Hit_N_Fwd_00_%_00_P1_100_R.xmot C1=24 Raw8Fist=Fist OpportunityOrdinal=10 Reason=NO_CONTACT_DISPATCH FullStop=0 LatchBefore=1 LatchAfter=0 LatchWriteAttempted=1 LatchWriteConfirmed=1
CORE RAW8_OPPORTUNITY_MISS_REARM ElapsedMs=48313.230 Actor=PC_Hero Action=2 Family=POWER Motion=Hero_Stand_None_Fist_P0_PowerAttack_Hit_N_Fwd_00_%_00_P1_100_R.xmot C1=24 Raw8Fist=Fist OpportunityOrdinal=10 Reason=NO_CONTACT_DISPATCH FullStop=0 LatchBefore=1 LatchAfter=0 LatchWriteAttempted=1 LatchWriteConfirmed=1
CORE RAW8_OPPORTUNITY_MISS_REARM ElapsedMs=48321.292 Actor=PC_Hero Action=2 Family=POWER Motion=Hero_Stand_None_Fist_P0_PowerAttack_Hit_N_Fwd_00_%_00_P1_100_R.xmot C1=24 Raw8Fist=Fist OpportunityOrdinal=10 Reason=NO_CONTACT_DISPATCH FullStop=0 LatchBefore=1 LatchAfter=0 LatchWriteAttempted=1 LatchWriteConfirmed=1
CORE RAW8_OPPORTUNITY_MISS_REARM ElapsedMs=48329.644 Actor=PC_Hero Action=2 Family=POWER Motion=Hero_Stand_None_Fist_P0_PowerAttack_Hit_N_Fwd_00_%_00_P1_100_R.xmot C1=24 Raw8Fist=Fist OpportunityOrdinal=10 Reason=NO_CONTACT_DISPATCH FullStop=0 LatchBefore=1 LatchAfter=0 LatchWriteAttempted=1 LatchWriteConfirmed=1
CORE RAW8_OPPORTUNITY_MISS_REARM ElapsedMs=48337.443 Actor=PC_Hero Action=2 Family=POWER Motion=Hero_Stand_None_Fist_P0_PowerAttack_Hit_N_Fwd_00_%_00_P1_100_R.xmot C1=24 Raw8Fist=Fist OpportunityOrdinal=10 Reason=NO_CONTACT_DISPATCH FullStop=0 LatchBefore=1 LatchAfter=0 LatchWriteAttempted=1 LatchWriteConfirmed=1
CORE RAW8_OPPORTUNITY_CLOSE ElapsedMs=48346.418 Actor=PC_Hero Action=2 Family=POWER Motion=Hero_Stand_None_Fist_P0_PowerAttack_Hit_N_Fwd_00_%_00_P1_100_R.xmot C1=24 Raw8Fist=Fist OpportunityOrdinal=10 Reason=C1_FINALIZED LatchBefore=0 LatchAfter=1 LatchWriteAttempted=1 LatchWriteConfirmed=1
CORE C1_FINAL ElapsedMs=48346.451 Actor=PC_Hero Generation=24 Status=PERSISTED SourceCount=1 PhysicalChanged=0 Source[0]=Fist Side=RIGHT Outstanding=0 Cleanup=0 Outcome=NO_OP_NO_OUTSTANDING
CORE C1_FINAL ElapsedMs=48395.425 Actor=Golem Generation=25 Status=PERSISTED SourceCount=1 PhysicalChanged=0 Source[0]=Fist Side=RIGHT Outstanding=0 Cleanup=0 Outcome=NO_OP_NO_OUTSTANDING
CORE C1_START ElapsedMs=48830.948 Actor=Golem Generation=26 Status=CANDIDATE Outstanding=0 TrackedSources=1 ReplacedGeneration=0 ReplacedOutstanding=0 Source[0]=Fist Side=RIGHT Group=0
CORE C1_BIND ElapsedMs=48830.960 Event=COMBAT_MOVE_CANDIDATE_BOUND Actor=Golem Generation=26 Status=CANDIDATE Outstanding=0 Source=<null> Script=_AI_Attack
CORE C1_STATUS ElapsedMs=48831.020 Event=PERSISTED Actor=Golem Generation=26 Status=PERSISTED Outstanding=0
CORE COLLISION_GROUP ElapsedMs=49074.347 Source=Fist UseType=8 Owner=<unresolved> Slot=NONE Requested=7 Before=0 After=0 MarkerBitsRetired=0
CORE C1_FINAL ElapsedMs=49215.948 Actor=Golem Generation=26 Status=PERSISTED SourceCount=1 PhysicalChanged=0 Source[0]=Fist Side=RIGHT Outstanding=0 Cleanup=0 Outcome=NO_OP_NO_OUTSTANDING
CORE C1_START ElapsedMs=49231.516 Actor=PC_Hero Generation=27 Status=CANDIDATE Outstanding=0 TrackedSources=1 ReplacedGeneration=0 ReplacedOutstanding=0 Source[0]=Fist Side=RIGHT Group=0
CORE C1_BIND ElapsedMs=49231.527 Event=COMBAT_MOVE_CANDIDATE_BOUND Actor=PC_Hero Generation=27 Status=CANDIDATE Outstanding=0 Source=<null> Script=_AI_PowerAttack
CORE C1_STATUS ElapsedMs=49231.587 Event=PERSISTED Actor=PC_Hero Generation=27 Status=PERSISTED Outstanding=0
CORE C1_START ElapsedMs=49246.918 Actor=Golem Generation=28 Status=CANDIDATE Outstanding=0 TrackedSources=1 ReplacedGeneration=0 ReplacedOutstanding=0 Source[0]=Fist Side=RIGHT Group=0
CORE C1_BIND ElapsedMs=49246.931 Event=COMBAT_MOVE_CANDIDATE_BOUND Actor=Golem Generation=28 Status=CANDIDATE Outstanding=0 Source=<null> Script=_AI_JumpBack
CORE C1_STATUS ElapsedMs=49246.996 Event=PERSISTED Actor=Golem Generation=28 Status=PERSISTED Outstanding=0
CORE C1_BIND ElapsedMs=49511.005 Event=COMBAT_MOVE_REUSED Actor=PC_Hero Generation=27 Status=PERSISTED Outstanding=0 Source=<null> Script=_AI_PowerAttack
CORE RAW8_FIST_OWNERSHIP ElapsedMs=49511.141 Actor=PC_Hero Action=2 Family=POWER Motion=Hero_Stand_None_Fist_P1_PowerAttack_Hit_N_Fwd_00_%_00_P0_100_L.xmot C1=27 Raw8Fist=Fist Raw8UseType=8 InitialClose=0->1 Result=CONFIRMED
CORE ATTACK_OWNERSHIP ElapsedMs=49511.154 Actor=PC_Hero Family=POWER Action=2 Phase=1 Motion=Hero_Stand_None_Fist_P1_PowerAttack_Hit_N_Fwd_00_%_00_P0_100_L.xmot MarkerPresent=1 RequiredMask=0 FistMarkers=1 Raw8Fist=Fist Raw8UseType=8 SuppressNative=0 Classification=ROUTINE
CORE COLLISION_GROUP ElapsedMs=49511.226 Source=Fist UseType=8 Owner=<unresolved> Slot=NONE Requested=7 Before=0 After=0 MarkerBitsRetired=0
CORE RAW8_FIST_TIMING ElapsedMs=49615.368 Actor=PC_Hero Action=2 Family=POWER Motion=Hero_Stand_None_Fist_P1_PowerAttack_Hit_N_Fwd_00_%_00_P0_100_L.xmot C1=27 Raw8Fist=Fist Raw8UseType=8 AcceptedRearm=1->0 OwnershipMatched=1 Classification=EARLY_PERMISSION_ARMED
CORE RAW8_OPPORTUNITY_OPEN ElapsedMs=49615.397 Actor=PC_Hero Action=2 Family=POWER Motion=Hero_Stand_None_Fist_P1_PowerAttack_Hit_N_Fwd_00_%_00_P0_100_L.xmot C1=27 Raw8Fist=Fist OpportunityOrdinal=11 Reason=ACCEPTED_FIST LatchBefore=1 LatchAfter=0 LatchWriteAttempted=1 LatchWriteConfirmed=1 TimingActive=1
CORE MARKER ElapsedMs=49615.412 Actor=PC_Hero Action=2 Family=POWER Phase=1 Motion=Hero_Stand_None_Fist_P1_PowerAttack_Hit_N_Fwd_00_%_00_P0_100_L.xmot Marker=FIST Result=ACCEPTED C1Valid=1 C1=27 StatePosition=1 PreviousMask=0 DesiredMask=0 RetiredMask=0 OwnedMask=0 MarkerOwnedMask=0 Activated=0 Deactivated=0 Retired=0 RearmRequests=0 Clears=0 Raw8Fist=Fist Raw8UseType=8 Latch=1->0 LatchConfirmed=1
CORE RAW8_FIST_TIMING ElapsedMs=49623.717 Actor=PC_Hero Action=2 Family=POWER Motion=Hero_Stand_None_Fist_P1_PowerAttack_Hit_N_Fwd_00_%_00_P0_100_L.xmot C1=27 Raw8Fist=Fist Raw8UseType=8 PermissionApplied=1 SyntheticApplied=1 Classification=EARLY_PERMISSION_APPLIED
CORE RAW8_OPPORTUNITY_MISS_REARM ElapsedMs=49623.755 Actor=PC_Hero Action=2 Family=POWER Motion=Hero_Stand_None_Fist_P1_PowerAttack_Hit_N_Fwd_00_%_00_P0_100_L.xmot C1=27 Raw8Fist=Fist OpportunityOrdinal=11 Reason=NO_CONTACT_DISPATCH FullStop=0 LatchBefore=1 LatchAfter=0 LatchWriteAttempted=1 LatchWriteConfirmed=1
CORE RAW8_OPPORTUNITY_MISS_REARM ElapsedMs=49632.023 Actor=PC_Hero Action=2 Family=POWER Motion=Hero_Stand_None_Fist_P1_PowerAttack_Hit_N_Fwd_00_%_00_P0_100_L.xmot C1=27 Raw8Fist=Fist OpportunityOrdinal=11 Reason=NO_CONTACT_DISPATCH FullStop=0 LatchBefore=1 LatchAfter=0 LatchWriteAttempted=1 LatchWriteConfirmed=1
CORE RAW8_OPPORTUNITY_MISS_REARM ElapsedMs=49640.696 Actor=PC_Hero Action=2 Family=POWER Motion=Hero_Stand_None_Fist_P1_PowerAttack_Hit_N_Fwd_00_%_00_P0_100_L.xmot C1=27 Raw8Fist=Fist OpportunityOrdinal=11 Reason=NO_CONTACT_DISPATCH FullStop=0 LatchBefore=1 LatchAfter=0 LatchWriteAttempted=1 LatchWriteConfirmed=1
CORE RAW8_OPPORTUNITY_MISS_REARM ElapsedMs=49648.098 Actor=PC_Hero Action=2 Family=POWER Motion=Hero_Stand_None_Fist_P1_PowerAttack_Hit_N_Fwd_00_%_00_P0_100_L.xmot C1=27 Raw8Fist=Fist OpportunityOrdinal=11 Reason=NO_CONTACT_DISPATCH FullStop=0 LatchBefore=1 LatchAfter=0 LatchWriteAttempted=1 LatchWriteConfirmed=1
CORE RAW8_OPPORTUNITY_MISS_REARM ElapsedMs=49655.630 Actor=PC_Hero Action=2 Family=POWER Motion=Hero_Stand_None_Fist_P1_PowerAttack_Hit_N_Fwd_00_%_00_P0_100_L.xmot C1=27 Raw8Fist=Fist OpportunityOrdinal=11 Reason=NO_CONTACT_DISPATCH FullStop=0 LatchBefore=1 LatchAfter=0 LatchWriteAttempted=1 LatchWriteConfirmed=1
CORE RAW8_OPPORTUNITY_MISS_REARM ElapsedMs=49664.130 Actor=PC_Hero Action=2 Family=POWER Motion=Hero_Stand_None_Fist_P1_PowerAttack_Hit_N_Fwd_00_%_00_P0_100_L.xmot C1=27 Raw8Fist=Fist OpportunityOrdinal=11 Reason=NO_CONTACT_DISPATCH FullStop=0 LatchBefore=1 LatchAfter=0 LatchWriteAttempted=1 LatchWriteConfirmed=1
CORE RAW8_OPPORTUNITY_MISS_REARM ElapsedMs=49671.362 Actor=PC_Hero Action=2 Family=POWER Motion=Hero_Stand_None_Fist_P1_PowerAttack_Hit_N_Fwd_00_%_00_P0_100_L.xmot C1=27 Raw8Fist=Fist OpportunityOrdinal=11 Reason=NO_CONTACT_DISPATCH FullStop=0 LatchBefore=1 LatchAfter=0 LatchWriteAttempted=1 LatchWriteConfirmed=1
CORE RAW8_OPPORTUNITY_MISS_REARM ElapsedMs=49680.700 Actor=PC_Hero Action=2 Family=POWER Motion=Hero_Stand_None_Fist_P1_PowerAttack_Hit_N_Fwd_00_%_00_P0_100_L.xmot C1=27 Raw8Fist=Fist OpportunityOrdinal=11 Reason=NO_CONTACT_DISPATCH FullStop=0 LatchBefore=1 LatchAfter=0 LatchWriteAttempted=1 LatchWriteConfirmed=1
CORE RAW8_OPPORTUNITY_MISS_REARM ElapsedMs=49688.031 Actor=PC_Hero Action=2 Family=POWER Motion=Hero_Stand_None_Fist_P1_PowerAttack_Hit_N_Fwd_00_%_00_P0_100_L.xmot C1=27 Raw8Fist=Fist OpportunityOrdinal=11 Reason=NO_CONTACT_DISPATCH FullStop=0 LatchBefore=1 LatchAfter=0 LatchWriteAttempted=1 LatchWriteConfirmed=1
CORE C1_FINAL ElapsedMs=49696.498 Actor=Golem Generation=28 Status=PERSISTED SourceCount=1 PhysicalChanged=0 Source[0]=Fist Side=RIGHT Outstanding=0 Cleanup=0 Outcome=NO_OP_NO_OUTSTANDING
CORE RAW8_OPPORTUNITY_MISS_REARM ElapsedMs=49696.979 Actor=PC_Hero Action=2 Family=POWER Motion=Hero_Stand_None_Fist_P1_PowerAttack_Hit_N_Fwd_00_%_00_P0_100_L.xmot C1=27 Raw8Fist=Fist OpportunityOrdinal=11 Reason=NO_CONTACT_DISPATCH FullStop=0 LatchBefore=1 LatchAfter=0 LatchWriteAttempted=1 LatchWriteConfirmed=1
CORE RAW8_OPPORTUNITY_MISS_REARM ElapsedMs=49704.698 Actor=PC_Hero Action=2 Family=POWER Motion=Hero_Stand_None_Fist_P1_PowerAttack_Hit_N_Fwd_00_%_00_P0_100_L.xmot C1=27 Raw8Fist=Fist OpportunityOrdinal=11 Reason=NO_CONTACT_DISPATCH FullStop=0 LatchBefore=1 LatchAfter=0 LatchWriteAttempted=1 LatchWriteConfirmed=1
CORE RAW8_OPPORTUNITY_MISS_REARM ElapsedMs=49713.957 Actor=PC_Hero Action=2 Family=POWER Motion=Hero_Stand_None_Fist_P1_PowerAttack_Hit_N_Fwd_00_%_00_P0_100_L.xmot C1=27 Raw8Fist=Fist OpportunityOrdinal=11 Reason=NO_CONTACT_DISPATCH FullStop=0 LatchBefore=1 LatchAfter=0 LatchWriteAttempted=1 LatchWriteConfirmed=1
CORE RAW8_OPPORTUNITY_MISS_REARM ElapsedMs=49721.402 Actor=PC_Hero Action=2 Family=POWER Motion=Hero_Stand_None_Fist_P1_PowerAttack_Hit_N_Fwd_00_%_00_P0_100_L.xmot C1=27 Raw8Fist=Fist OpportunityOrdinal=11 Reason=NO_CONTACT_DISPATCH FullStop=0 LatchBefore=1 LatchAfter=0 LatchWriteAttempted=1 LatchWriteConfirmed=1
CORE RAW8_OPPORTUNITY_MISS_REARM ElapsedMs=49728.831 Actor=PC_Hero Action=2 Family=POWER Motion=Hero_Stand_None_Fist_P1_PowerAttack_Hit_N_Fwd_00_%_00_P0_100_L.xmot C1=27 Raw8Fist=Fist OpportunityOrdinal=11 Reason=NO_CONTACT_DISPATCH FullStop=0 LatchBefore=1 LatchAfter=0 LatchWriteAttempted=1 LatchWriteConfirmed=1
CORE RAW8_OPPORTUNITY_MISS_REARM ElapsedMs=49736.959 Actor=PC_Hero Action=2 Family=POWER Motion=Hero_Stand_None_Fist_P1_PowerAttack_Hit_N_Fwd_00_%_00_P0_100_L.xmot C1=27 Raw8Fist=Fist OpportunityOrdinal=11 Reason=NO_CONTACT_DISPATCH FullStop=0 LatchBefore=1 LatchAfter=0 LatchWriteAttempted=1 LatchWriteConfirmed=1
CORE RAW8_OPPORTUNITY_MISS_REARM ElapsedMs=49749.312 Actor=PC_Hero Action=2 Family=POWER Motion=Hero_Stand_None_Fist_P1_PowerAttack_Hit_N_Fwd_00_%_00_P0_100_L.xmot C1=27 Raw8Fist=Fist OpportunityOrdinal=11 Reason=NO_CONTACT_DISPATCH FullStop=0 LatchBefore=1 LatchAfter=0 LatchWriteAttempted=1 LatchWriteConfirmed=1
CORE RAW8_OPPORTUNITY_MISS_REARM ElapsedMs=49756.331 Actor=PC_Hero Action=2 Family=POWER Motion=Hero_Stand_None_Fist_P1_PowerAttack_Hit_N_Fwd_00_%_00_P0_100_L.xmot C1=27 Raw8Fist=Fist OpportunityOrdinal=11 Reason=NO_CONTACT_DISPATCH FullStop=0 LatchBefore=1 LatchAfter=0 LatchWriteAttempted=1 LatchWriteConfirmed=1
CORE RAW8_OPPORTUNITY_MISS_REARM ElapsedMs=49764.192 Actor=PC_Hero Action=2 Family=POWER Motion=Hero_Stand_None_Fist_P1_PowerAttack_Hit_N_Fwd_00_%_00_P0_100_L.xmot C1=27 Raw8Fist=Fist OpportunityOrdinal=11 Reason=NO_CONTACT_DISPATCH FullStop=0 LatchBefore=1 LatchAfter=0 LatchWriteAttempted=1 LatchWriteConfirmed=1
CORE RAW8_OPPORTUNITY_MISS_REARM ElapsedMs=49772.526 Actor=PC_Hero Action=2 Family=POWER Motion=Hero_Stand_None_Fist_P1_PowerAttack_Hit_N_Fwd_00_%_00_P0_100_L.xmot C1=27 Raw8Fist=Fist OpportunityOrdinal=11 Reason=NO_CONTACT_DISPATCH FullStop=0 LatchBefore=1 LatchAfter=0 LatchWriteAttempted=1 LatchWriteConfirmed=1
CORE RAW8_OPPORTUNITY_MISS_REARM ElapsedMs=49783.225 Actor=PC_Hero Action=2 Family=POWER Motion=Hero_Stand_None_Fist_P1_PowerAttack_Hit_N_Fwd_00_%_00_P0_100_L.xmot C1=27 Raw8Fist=Fist OpportunityOrdinal=11 Reason=NO_CONTACT_DISPATCH FullStop=0 LatchBefore=1 LatchAfter=0 LatchWriteAttempted=1 LatchWriteConfirmed=1
CORE RAW8_OPPORTUNITY_MISS_REARM ElapsedMs=49790.889 Actor=PC_Hero Action=2 Family=POWER Motion=Hero_Stand_None_Fist_P1_PowerAttack_Hit_N_Fwd_00_%_00_P0_100_L.xmot C1=27 Raw8Fist=Fist OpportunityOrdinal=11 Reason=NO_CONTACT_DISPATCH FullStop=0 LatchBefore=1 LatchAfter=0 LatchWriteAttempted=1 LatchWriteConfirmed=1
CORE RAW8_OPPORTUNITY_MISS_REARM ElapsedMs=49798.537 Actor=PC_Hero Action=2 Family=POWER Motion=Hero_Stand_None_Fist_P1_PowerAttack_Hit_N_Fwd_00_%_00_P0_100_L.xmot C1=27 Raw8Fist=Fist OpportunityOrdinal=11 Reason=NO_CONTACT_DISPATCH FullStop=0 LatchBefore=1 LatchAfter=0 LatchWriteAttempted=1 LatchWriteConfirmed=1
CORE RAW8_OPPORTUNITY_MISS_REARM ElapsedMs=49807.312 Actor=PC_Hero Action=2 Family=POWER Motion=Hero_Stand_None_Fist_P1_PowerAttack_Hit_N_Fwd_00_%_00_P0_100_L.xmot C1=27 Raw8Fist=Fist OpportunityOrdinal=11 Reason=NO_CONTACT_DISPATCH FullStop=0 LatchBefore=1 LatchAfter=0 LatchWriteAttempted=1 LatchWriteConfirmed=1
CORE RAW8_OPPORTUNITY_MISS_REARM ElapsedMs=49815.703 Actor=PC_Hero Action=2 Family=POWER Motion=Hero_Stand_None_Fist_P1_PowerAttack_Hit_N_Fwd_00_%_00_P0_100_L.xmot C1=27 Raw8Fist=Fist OpportunityOrdinal=11 Reason=NO_CONTACT_DISPATCH FullStop=0 LatchBefore=1 LatchAfter=0 LatchWriteAttempted=1 LatchWriteConfirmed=1
CORE RAW8_OPPORTUNITY_MISS_REARM ElapsedMs=49823.755 Actor=PC_Hero Action=2 Family=POWER Motion=Hero_Stand_None_Fist_P1_PowerAttack_Hit_N_Fwd_00_%_00_P0_100_L.xmot C1=27 Raw8Fist=Fist OpportunityOrdinal=11 Reason=NO_CONTACT_DISPATCH FullStop=0 LatchBefore=1 LatchAfter=0 LatchWriteAttempted=1 LatchWriteConfirmed=1
CORE RAW8_OPPORTUNITY_MISS_REARM ElapsedMs=49831.557 Actor=PC_Hero Action=2 Family=POWER Motion=Hero_Stand_None_Fist_P1_PowerAttack_Hit_N_Fwd_00_%_00_P0_100_L.xmot C1=27 Raw8Fist=Fist OpportunityOrdinal=11 Reason=NO_CONTACT_DISPATCH FullStop=0 LatchBefore=1 LatchAfter=0 LatchWriteAttempted=1 LatchWriteConfirmed=1
CORE RAW8_OPPORTUNITY_MISS_REARM ElapsedMs=49840.190 Actor=PC_Hero Action=2 Family=POWER Motion=Hero_Stand_None_Fist_P1_PowerAttack_Hit_N_Fwd_00_%_00_P0_100_L.xmot C1=27 Raw8Fist=Fist OpportunityOrdinal=11 Reason=NO_CONTACT_DISPATCH FullStop=0 LatchBefore=1 LatchAfter=0 LatchWriteAttempted=1 LatchWriteConfirmed=1
CORE RAW8_OPPORTUNITY_MISS_REARM ElapsedMs=49847.332 Actor=PC_Hero Action=2 Family=POWER Motion=Hero_Stand_None_Fist_P1_PowerAttack_Hit_N_Fwd_00_%_00_P0_100_L.xmot C1=27 Raw8Fist=Fist OpportunityOrdinal=11 Reason=NO_CONTACT_DISPATCH FullStop=0 LatchBefore=1 LatchAfter=0 LatchWriteAttempted=1 LatchWriteConfirmed=1
CORE RAW8_OPPORTUNITY_MISS_REARM ElapsedMs=49857.204 Actor=PC_Hero Action=2 Family=POWER Motion=Hero_Stand_None_Fist_P1_PowerAttack_Hit_N_Fwd_00_%_00_P0_100_L.xmot C1=27 Raw8Fist=Fist OpportunityOrdinal=11 Reason=NO_CONTACT_DISPATCH FullStop=0 LatchBefore=1 LatchAfter=0 LatchWriteAttempted=1 LatchWriteConfirmed=1
CORE RAW8_OPPORTUNITY_MISS_REARM ElapsedMs=49864.417 Actor=PC_Hero Action=2 Family=POWER Motion=Hero_Stand_None_Fist_P1_PowerAttack_Hit_N_Fwd_00_%_00_P0_100_L.xmot C1=27 Raw8Fist=Fist OpportunityOrdinal=11 Reason=NO_CONTACT_DISPATCH FullStop=0 LatchBefore=1 LatchAfter=0 LatchWriteAttempted=1 LatchWriteConfirmed=1
CORE RAW8_OPPORTUNITY_MISS_REARM ElapsedMs=49871.442 Actor=PC_Hero Action=2 Family=POWER Motion=Hero_Stand_None_Fist_P1_PowerAttack_Hit_N_Fwd_00_%_00_P0_100_L.xmot C1=27 Raw8Fist=Fist OpportunityOrdinal=11 Reason=NO_CONTACT_DISPATCH FullStop=0 LatchBefore=1 LatchAfter=0 LatchWriteAttempted=1 LatchWriteConfirmed=1
CORE RAW8_OPPORTUNITY_MISS_REARM ElapsedMs=49880.099 Actor=PC_Hero Action=2 Family=POWER Motion=Hero_Stand_None_Fist_P1_PowerAttack_Hit_N_Fwd_00_%_00_P0_100_L.xmot C1=27 Raw8Fist=Fist OpportunityOrdinal=11 Reason=NO_CONTACT_DISPATCH FullStop=0 LatchBefore=1 LatchAfter=0 LatchWriteAttempted=1 LatchWriteConfirmed=1
CORE RAW8_OPPORTUNITY_MISS_REARM ElapsedMs=49888.408 Actor=PC_Hero Action=2 Family=POWER Motion=Hero_Stand_None_Fist_P1_PowerAttack_Hit_N_Fwd_00_%_00_P0_100_L.xmot C1=27 Raw8Fist=Fist OpportunityOrdinal=11 Reason=NO_CONTACT_DISPATCH FullStop=0 LatchBefore=1 LatchAfter=0 LatchWriteAttempted=1 LatchWriteConfirmed=1
CORE RAW8_FIST_TIMING ElapsedMs=49896.063 Actor=PC_Hero C1=27 PermissionRetired=1 Reason=REAL_TIME_REACHED_FORCED_VALUE
CORE RAW8_OPPORTUNITY_MISS_REARM ElapsedMs=49896.099 Actor=PC_Hero Action=2 Family=POWER Motion=Hero_Stand_None_Fist_P1_PowerAttack_Hit_N_Fwd_00_%_00_P0_100_L.xmot C1=27 Raw8Fist=Fist OpportunityOrdinal=11 Reason=NO_CONTACT_DISPATCH FullStop=0 LatchBefore=1 LatchAfter=0 LatchWriteAttempted=1 LatchWriteConfirmed=1
CORE RAW8_OPPORTUNITY_MISS_REARM ElapsedMs=49903.757 Actor=PC_Hero Action=2 Family=POWER Motion=Hero_Stand_None_Fist_P1_PowerAttack_Hit_N_Fwd_00_%_00_P0_100_L.xmot C1=27 Raw8Fist=Fist OpportunityOrdinal=11 Reason=NO_CONTACT_DISPATCH FullStop=0 LatchBefore=1 LatchAfter=0 LatchWriteAttempted=1 LatchWriteConfirmed=1
CORE RAW8_OPPORTUNITY_MISS_REARM ElapsedMs=49912.293 Actor=PC_Hero Action=2 Family=POWER Motion=Hero_Stand_None_Fist_P1_PowerAttack_Hit_N_Fwd_00_%_00_P0_100_L.xmot C1=27 Raw8Fist=Fist OpportunityOrdinal=11 Reason=NO_CONTACT_DISPATCH FullStop=0 LatchBefore=1 LatchAfter=0 LatchWriteAttempted=1 LatchWriteConfirmed=1
CORE RAW8_OPPORTUNITY_MISS_REARM ElapsedMs=49919.603 Actor=PC_Hero Action=2 Family=POWER Motion=Hero_Stand_None_Fist_P1_PowerAttack_Hit_N_Fwd_00_%_00_P0_100_L.xmot C1=27 Raw8Fist=Fist OpportunityOrdinal=11 Reason=NO_CONTACT_DISPATCH FullStop=0 LatchBefore=1 LatchAfter=0 LatchWriteAttempted=1 LatchWriteConfirmed=1
CORE RAW8_OPPORTUNITY_MISS_REARM ElapsedMs=49927.574 Actor=PC_Hero Action=2 Family=POWER Motion=Hero_Stand_None_Fist_P1_PowerAttack_Hit_N_Fwd_00_%_00_P0_100_L.xmot C1=27 Raw8Fist=Fist OpportunityOrdinal=11 Reason=NO_CONTACT_DISPATCH FullStop=0 LatchBefore=1 LatchAfter=0 LatchWriteAttempted=1 LatchWriteConfirmed=1
CORE RAW8_OPPORTUNITY_MISS_REARM ElapsedMs=49936.905 Actor=PC_Hero Action=2 Family=POWER Motion=Hero_Stand_None_Fist_P1_PowerAttack_Hit_N_Fwd_00_%_00_P0_100_L.xmot C1=27 Raw8Fist=Fist OpportunityOrdinal=11 Reason=NO_CONTACT_DISPATCH FullStop=0 LatchBefore=1 LatchAfter=0 LatchWriteAttempted=1 LatchWriteConfirmed=1
CORE RAW8_OPPORTUNITY_MISS_REARM ElapsedMs=49943.901 Actor=PC_Hero Action=2 Family=POWER Motion=Hero_Stand_None_Fist_P1_PowerAttack_Hit_N_Fwd_00_%_00_P0_100_L.xmot C1=27 Raw8Fist=Fist OpportunityOrdinal=11 Reason=NO_CONTACT_DISPATCH FullStop=0 LatchBefore=1 LatchAfter=0 LatchWriteAttempted=1 LatchWriteConfirmed=1
CORE RAW8_OPPORTUNITY_MISS_REARM ElapsedMs=49952.870 Actor=PC_Hero Action=2 Family=POWER Motion=Hero_Stand_None_Fist_P1_PowerAttack_Hit_N_Fwd_00_%_00_P0_100_L.xmot C1=27 Raw8Fist=Fist OpportunityOrdinal=11 Reason=NO_CONTACT_DISPATCH FullStop=0 LatchBefore=1 LatchAfter=0 LatchWriteAttempted=1 LatchWriteConfirmed=1
CORE RAW8_OPPORTUNITY_MISS_REARM ElapsedMs=49960.270 Actor=PC_Hero Action=2 Family=POWER Motion=Hero_Stand_None_Fist_P1_PowerAttack_Hit_N_Fwd_00_%_00_P0_100_L.xmot C1=27 Raw8Fist=Fist OpportunityOrdinal=11 Reason=NO_CONTACT_DISPATCH FullStop=0 LatchBefore=1 LatchAfter=0 LatchWriteAttempted=1 LatchWriteConfirmed=1
CORE RAW8_FIST_TIMING ElapsedMs=49960.352 Actor=PC_Hero Action=2 Family=POWER Motion=Hero_Stand_None_Fist_P1_PowerAttack_Hit_N_Fwd_00_%_00_P0_100_L.xmot C1=27 Raw8Fist=Fist Raw8UseType=8 AcceptedRearm=0->0 OwnershipMatched=1 Classification=NATIVE_TIMING
CORE RAW8_OPPORTUNITY_OPEN ElapsedMs=49960.363 Actor=PC_Hero Action=2 Family=POWER Motion=Hero_Stand_None_Fist_P1_PowerAttack_Hit_N_Fwd_00_%_00_P0_100_L.xmot C1=27 Raw8Fist=Fist OpportunityOrdinal=12 Reason=ACCEPTED_FIST LatchBefore=0 LatchAfter=0 LatchWriteAttempted=1 LatchWriteConfirmed=1 TimingActive=0
CORE MARKER ElapsedMs=49960.375 Actor=PC_Hero Action=2 Family=POWER Phase=1 Motion=Hero_Stand_None_Fist_P1_PowerAttack_Hit_N_Fwd_00_%_00_P0_100_L.xmot Marker=FIST Result=ACCEPTED C1Valid=1 C1=27 StatePosition=1 PreviousMask=0 DesiredMask=0 RetiredMask=0 OwnedMask=0 MarkerOwnedMask=0 Activated=0 Deactivated=0 Retired=0 RearmRequests=0 Clears=0 Raw8Fist=Fist Raw8UseType=8 Latch=0->0 LatchConfirmed=1
CORE RAW8_OPPORTUNITY_MISS_REARM ElapsedMs=49968.495 Actor=PC_Hero Action=2 Family=POWER Motion=Hero_Stand_None_Fist_P1_PowerAttack_Hit_N_Fwd_00_%_00_P0_100_L.xmot C1=27 Raw8Fist=Fist OpportunityOrdinal=12 Reason=NO_CONTACT_DISPATCH FullStop=0 LatchBefore=1 LatchAfter=0 LatchWriteAttempted=1 LatchWriteConfirmed=1
CORE RAW8_OPPORTUNITY_MISS_REARM ElapsedMs=49976.747 Actor=PC_Hero Action=2 Family=POWER Motion=Hero_Stand_None_Fist_P1_PowerAttack_Hit_N_Fwd_00_%_00_P0_100_L.xmot C1=27 Raw8Fist=Fist OpportunityOrdinal=12 Reason=NO_CONTACT_DISPATCH FullStop=0 LatchBefore=1 LatchAfter=0 LatchWriteAttempted=1 LatchWriteConfirmed=1
CORE RAW8_OPPORTUNITY_MISS_REARM ElapsedMs=49984.449 Actor=PC_Hero Action=2 Family=POWER Motion=Hero_Stand_None_Fist_P1_PowerAttack_Hit_N_Fwd_00_%_00_P0_100_L.xmot C1=27 Raw8Fist=Fist OpportunityOrdinal=12 Reason=NO_CONTACT_DISPATCH FullStop=0 LatchBefore=1 LatchAfter=0 LatchWriteAttempted=1 LatchWriteConfirmed=1
CORE RAW8_OPPORTUNITY_MISS_REARM ElapsedMs=49992.811 Actor=PC_Hero Action=2 Family=POWER Motion=Hero_Stand_None_Fist_P1_PowerAttack_Hit_N_Fwd_00_%_00_P0_100_L.xmot C1=27 Raw8Fist=Fist OpportunityOrdinal=12 Reason=NO_CONTACT_DISPATCH FullStop=0 LatchBefore=1 LatchAfter=0 LatchWriteAttempted=1 LatchWriteConfirmed=1
CORE RAW8_OPPORTUNITY_MISS_REARM ElapsedMs=50000.940 Actor=PC_Hero Action=2 Family=POWER Motion=Hero_Stand_None_Fist_P1_PowerAttack_Hit_N_Fwd_00_%_00_P0_100_L.xmot C1=27 Raw8Fist=Fist OpportunityOrdinal=12 Reason=NO_CONTACT_DISPATCH FullStop=0 LatchBefore=1 LatchAfter=0 LatchWriteAttempted=1 LatchWriteConfirmed=1
CORE RAW8_OPPORTUNITY_MISS_REARM ElapsedMs=50009.904 Actor=PC_Hero Action=2 Family=POWER Motion=Hero_Stand_None_Fist_P1_PowerAttack_Hit_N_Fwd_00_%_00_P0_100_L.xmot C1=27 Raw8Fist=Fist OpportunityOrdinal=12 Reason=NO_CONTACT_DISPATCH FullStop=0 LatchBefore=1 LatchAfter=0 LatchWriteAttempted=1 LatchWriteConfirmed=1
CORE RAW8_OPPORTUNITY_MISS_REARM ElapsedMs=50017.714 Actor=PC_Hero Action=2 Family=POWER Motion=Hero_Stand_None_Fist_P1_PowerAttack_Hit_N_Fwd_00_%_00_P0_100_L.xmot C1=27 Raw8Fist=Fist OpportunityOrdinal=12 Reason=NO_CONTACT_DISPATCH FullStop=0 LatchBefore=1 LatchAfter=0 LatchWriteAttempted=1 LatchWriteConfirmed=1
CORE RAW8_OPPORTUNITY_MISS_REARM ElapsedMs=50026.786 Actor=PC_Hero Action=2 Family=POWER Motion=Hero_Stand_None_Fist_P1_PowerAttack_Hit_N_Fwd_00_%_00_P0_100_L.xmot C1=27 Raw8Fist=Fist OpportunityOrdinal=12 Reason=NO_CONTACT_DISPATCH FullStop=0 LatchBefore=1 LatchAfter=0 LatchWriteAttempted=1 LatchWriteConfirmed=1
CORE RAW8_OPPORTUNITY_MISS_REARM ElapsedMs=50033.832 Actor=PC_Hero Action=2 Family=POWER Motion=Hero_Stand_None_Fist_P1_PowerAttack_Hit_N_Fwd_00_%_00_P0_100_L.xmot C1=27 Raw8Fist=Fist OpportunityOrdinal=12 Reason=NO_CONTACT_DISPATCH FullStop=0 LatchBefore=1 LatchAfter=0 LatchWriteAttempted=1 LatchWriteConfirmed=1
CORE RAW8_OPPORTUNITY_MISS_REARM ElapsedMs=50041.321 Actor=PC_Hero Action=2 Family=POWER Motion=Hero_Stand_None_Fist_P1_PowerAttack_Hit_N_Fwd_00_%_00_P0_100_L.xmot C1=27 Raw8Fist=Fist OpportunityOrdinal=12 Reason=NO_CONTACT_DISPATCH FullStop=0 LatchBefore=1 LatchAfter=0 LatchWriteAttempted=1 LatchWriteConfirmed=1
CORE RAW8_OPPORTUNITY_CONTACT_CONSUMED ElapsedMs=50049.681 Actor=PC_Hero Action=2 Family=POWER Motion=Hero_Stand_None_Fist_P1_PowerAttack_Hit_N_Fwd_00_%_00_P0_100_L.xmot C1=27 Raw8Fist=Fist OpportunityOrdinal=12 Reason=EXACT_NATIVE_CONTACT_DISPATCH LatchValue=1
CORE ONDAMAGE ElapsedMs=50049.718 Ordinal=7 Target=Golem Arg1=Fist Arg2=PC_Hero Caller=Game.dll+0x0016E348 PlayerAction=2 PlayerPhase=1 PlayerMotion=Hero_Stand_None_Fist_P1_PowerAttack_Hit_N_Fwd_00_%_00_P0_100_L.xmot Raw8Fist=Fist Raw8UseType=8 Raw8Group=0
CORE C1_START ElapsedMs=50056.765 Actor=Golem Generation=29 Status=CANDIDATE Outstanding=0 TrackedSources=1 ReplacedGeneration=0 ReplacedOutstanding=0 Source[0]=Fist Side=RIGHT Group=0
CORE C1_BIND ElapsedMs=50056.776 Event=COMBAT_MOVE_CANDIDATE_BOUND Actor=Golem Generation=29 Status=CANDIDATE Outstanding=0 Source=<null> Script=_AI_Stumble
CORE C1_STATUS ElapsedMs=50056.827 Event=PERSISTED Actor=Golem Generation=29 Status=PERSISTED Outstanding=0
CORE C1_FINAL ElapsedMs=50154.406 Actor=PC_Hero Generation=27 Status=PERSISTED SourceCount=1 PhysicalChanged=0 Source[0]=Fist Side=RIGHT Outstanding=0 Cleanup=0 Outcome=NO_OP_NO_OUTSTANDING
CORE C1_FINAL ElapsedMs=50400.399 Actor=Golem Generation=29 Status=PERSISTED SourceCount=1 PhysicalChanged=0 Source[0]=Fist Side=RIGHT Outstanding=0 Cleanup=0 Outcome=NO_OP_NO_OUTSTANDING
CORE C1_START ElapsedMs=50844.484 Actor=Golem Generation=30 Status=CANDIDATE Outstanding=0 TrackedSources=1 ReplacedGeneration=0 ReplacedOutstanding=0 Source[0]=Fist Side=RIGHT Group=0
CORE C1_BIND ElapsedMs=50844.497 Event=COMBAT_MOVE_CANDIDATE_BOUND Actor=Golem Generation=30 Status=CANDIDATE Outstanding=0 Source=<null> Script=_AI_Attack
CORE C1_STATUS ElapsedMs=50844.595 Event=PERSISTED Actor=Golem Generation=30 Status=PERSISTED Outstanding=0
CORE C1_START ElapsedMs=50910.882 Actor=PC_Hero Generation=31 Status=CANDIDATE Outstanding=0 TrackedSources=1 ReplacedGeneration=0 ReplacedOutstanding=0 Source[0]=Fist Side=RIGHT Group=0
CORE C1_BIND ElapsedMs=50910.894 Event=COMBAT_MOVE_CANDIDATE_BOUND Actor=PC_Hero Generation=31 Status=CANDIDATE Outstanding=0 Source=<null> Script=_AI_PowerAttack
CORE C1_STATUS ElapsedMs=50910.971 Event=PERSISTED Actor=PC_Hero Generation=31 Status=PERSISTED Outstanding=0
CORE COLLISION_GROUP ElapsedMs=51085.431 Source=Fist UseType=8 Owner=<unresolved> Slot=NONE Requested=7 Before=0 After=0 MarkerBitsRetired=0
CORE C1_BIND ElapsedMs=51191.979 Event=COMBAT_MOVE_REUSED Actor=PC_Hero Generation=31 Status=PERSISTED Outstanding=0 Source=<null> Script=_AI_PowerAttack
CORE RAW8_FIST_OWNERSHIP ElapsedMs=51192.056 Actor=PC_Hero Action=2 Family=POWER Motion=Hero_Stand_None_Fist_P0_PowerAttack_Hit_N_Fwd_00_%_00_P1_100_R.xmot C1=31 Raw8Fist=Fist Raw8UseType=8 InitialClose=0->1 Result=CONFIRMED
CORE ATTACK_OWNERSHIP ElapsedMs=51192.069 Actor=PC_Hero Family=POWER Action=2 Phase=1 Motion=Hero_Stand_None_Fist_P0_PowerAttack_Hit_N_Fwd_00_%_00_P1_100_R.xmot MarkerPresent=1 RequiredMask=0 FistMarkers=1 Raw8Fist=Fist Raw8UseType=8 SuppressNative=0 Classification=ROUTINE
CORE COLLISION_GROUP ElapsedMs=51192.107 Source=Fist UseType=8 Owner=<unresolved> Slot=NONE Requested=7 Before=0 After=0 MarkerBitsRetired=0
CORE C1_FINAL ElapsedMs=51223.841 Actor=Golem Generation=30 Status=PERSISTED SourceCount=1 PhysicalChanged=0 Source[0]=Fist Side=RIGHT Outstanding=0 Cleanup=0 Outcome=NO_OP_NO_OUTSTANDING
CORE RAW8_FIST_TIMING ElapsedMs=51297.540 Actor=PC_Hero Action=2 Family=POWER Motion=Hero_Stand_None_Fist_P0_PowerAttack_Hit_N_Fwd_00_%_00_P1_100_R.xmot C1=31 Raw8Fist=Fist Raw8UseType=8 AcceptedRearm=1->0 OwnershipMatched=1 Classification=EARLY_PERMISSION_ARMED
CORE RAW8_OPPORTUNITY_OPEN ElapsedMs=51297.568 Actor=PC_Hero Action=2 Family=POWER Motion=Hero_Stand_None_Fist_P0_PowerAttack_Hit_N_Fwd_00_%_00_P1_100_R.xmot C1=31 Raw8Fist=Fist OpportunityOrdinal=13 Reason=ACCEPTED_FIST LatchBefore=1 LatchAfter=0 LatchWriteAttempted=1 LatchWriteConfirmed=1 TimingActive=1
CORE MARKER ElapsedMs=51297.582 Actor=PC_Hero Action=2 Family=POWER Phase=1 Motion=Hero_Stand_None_Fist_P0_PowerAttack_Hit_N_Fwd_00_%_00_P1_100_R.xmot Marker=FIST Result=ACCEPTED C1Valid=1 C1=31 StatePosition=1 PreviousMask=0 DesiredMask=0 RetiredMask=0 OwnedMask=0 MarkerOwnedMask=0 Activated=0 Deactivated=0 Retired=0 RearmRequests=0 Clears=0 Raw8Fist=Fist Raw8UseType=8 Latch=1->0 LatchConfirmed=1
CORE RAW8_FIST_TIMING ElapsedMs=51305.655 Actor=PC_Hero Action=2 Family=POWER Motion=Hero_Stand_None_Fist_P0_PowerAttack_Hit_N_Fwd_00_%_00_P1_100_R.xmot C1=31 Raw8Fist=Fist Raw8UseType=8 PermissionApplied=1 SyntheticApplied=1 Classification=EARLY_PERMISSION_APPLIED
CORE RAW8_OPPORTUNITY_CONTACT_CONSUMED ElapsedMs=51305.796 Actor=PC_Hero Action=2 Family=POWER Motion=Hero_Stand_None_Fist_P0_PowerAttack_Hit_N_Fwd_00_%_00_P1_100_R.xmot C1=31 Raw8Fist=Fist OpportunityOrdinal=13 Reason=EXACT_NATIVE_CONTACT_DISPATCH LatchValue=1
CORE RAW8_FIST_TIMING ElapsedMs=51305.811 Actor=PC_Hero C1=31 PermissionRetired=1 Reason=CONTACT_CONSUMED
CORE ONDAMAGE ElapsedMs=51305.828 Ordinal=8 Target=Golem Arg1=Fist Arg2=PC_Hero Caller=Game.dll+0x0016E348 PlayerAction=2 PlayerPhase=1 PlayerMotion=Hero_Stand_None_Fist_P0_PowerAttack_Hit_N_Fwd_00_%_00_P1_100_R.xmot Raw8Fist=Fist Raw8UseType=8 Raw8Group=0
CORE C1_START ElapsedMs=51313.267 Actor=Golem Generation=32 Status=CANDIDATE Outstanding=0 TrackedSources=1 ReplacedGeneration=0 ReplacedOutstanding=0 Source[0]=Fist Side=RIGHT Group=0
CORE C1_BIND ElapsedMs=51313.278 Event=COMBAT_MOVE_CANDIDATE_BOUND Actor=Golem Generation=32 Status=CANDIDATE Outstanding=0 Source=<null> Script=_AI_Stumble
CORE C1_STATUS ElapsedMs=51313.659 Event=PERSISTED Actor=Golem Generation=32 Status=PERSISTED Outstanding=0
CORE C1_FINAL ElapsedMs=51492.334 Actor=PC_Hero Generation=31 Status=PERSISTED SourceCount=1 PhysicalChanged=0 Source[0]=Fist Side=RIGHT Outstanding=0 Cleanup=0 Outcome=NO_OP_NO_OUTSTANDING
CORE C1_FINAL ElapsedMs=51660.286 Actor=Golem Generation=32 Status=PERSISTED SourceCount=1 PhysicalChanged=0 Source[0]=Fist Side=RIGHT Outstanding=0 Cleanup=0 Outcome=NO_OP_NO_OUTSTANDING
CORE C1_START ElapsedMs=52212.612 Actor=PC_Hero Generation=33 Status=CANDIDATE Outstanding=0 TrackedSources=1 ReplacedGeneration=0 ReplacedOutstanding=0 Source[0]=Fist Side=RIGHT Group=0
CORE C1_BIND ElapsedMs=52212.654 Event=COMBAT_MOVE_CANDIDATE_BOUND Actor=PC_Hero Generation=33 Status=CANDIDATE Outstanding=0 Source=<null> Script=_AI_PowerAttack
CORE C1_STATUS ElapsedMs=52212.744 Event=PERSISTED Actor=PC_Hero Generation=33 Status=PERSISTED Outstanding=0
CORE C1_START ElapsedMs=52231.507 Actor=Golem Generation=34 Status=CANDIDATE Outstanding=0 TrackedSources=1 ReplacedGeneration=0 ReplacedOutstanding=0 Source[0]=Fist Side=RIGHT Group=0
CORE C1_BIND ElapsedMs=52231.519 Event=COMBAT_MOVE_CANDIDATE_BOUND Actor=Golem Generation=34 Status=CANDIDATE Outstanding=0 Source=<null> Script=_AI_JumpBack
CORE C1_STATUS ElapsedMs=52231.576 Event=PERSISTED Actor=Golem Generation=34 Status=PERSISTED Outstanding=0
CORE C1_BIND ElapsedMs=52497.555 Event=COMBAT_MOVE_REUSED Actor=PC_Hero Generation=33 Status=PERSISTED Outstanding=0 Source=<null> Script=_AI_PowerAttack
CORE RAW8_FIST_OWNERSHIP ElapsedMs=52497.637 Actor=PC_Hero Action=2 Family=POWER Motion=Hero_Stand_None_Fist_P1_PowerAttack_Hit_N_Fwd_00_%_00_P0_100_L.xmot C1=33 Raw8Fist=Fist Raw8UseType=8 InitialClose=0->1 Result=CONFIRMED
CORE ATTACK_OWNERSHIP ElapsedMs=52497.653 Actor=PC_Hero Family=POWER Action=2 Phase=1 Motion=Hero_Stand_None_Fist_P1_PowerAttack_Hit_N_Fwd_00_%_00_P0_100_L.xmot MarkerPresent=1 RequiredMask=0 FistMarkers=1 Raw8Fist=Fist Raw8UseType=8 SuppressNative=0 Classification=ROUTINE
CORE COLLISION_GROUP ElapsedMs=52497.687 Source=Fist UseType=8 Owner=<unresolved> Slot=NONE Requested=7 Before=0 After=0 MarkerBitsRetired=0
CORE RAW8_FIST_TIMING ElapsedMs=52604.579 Actor=PC_Hero Action=2 Family=POWER Motion=Hero_Stand_None_Fist_P1_PowerAttack_Hit_N_Fwd_00_%_00_P0_100_L.xmot C1=33 Raw8Fist=Fist Raw8UseType=8 AcceptedRearm=1->0 OwnershipMatched=1 Classification=EARLY_PERMISSION_ARMED
CORE RAW8_OPPORTUNITY_OPEN ElapsedMs=52604.641 Actor=PC_Hero Action=2 Family=POWER Motion=Hero_Stand_None_Fist_P1_PowerAttack_Hit_N_Fwd_00_%_00_P0_100_L.xmot C1=33 Raw8Fist=Fist OpportunityOrdinal=14 Reason=ACCEPTED_FIST LatchBefore=1 LatchAfter=0 LatchWriteAttempted=1 LatchWriteConfirmed=1 TimingActive=1
CORE MARKER ElapsedMs=52604.656 Actor=PC_Hero Action=2 Family=POWER Phase=1 Motion=Hero_Stand_None_Fist_P1_PowerAttack_Hit_N_Fwd_00_%_00_P0_100_L.xmot Marker=FIST Result=ACCEPTED C1Valid=1 C1=33 StatePosition=1 PreviousMask=0 DesiredMask=0 RetiredMask=0 OwnedMask=0 MarkerOwnedMask=0 Activated=0 Deactivated=0 Retired=0 RearmRequests=0 Clears=0 Raw8Fist=Fist Raw8UseType=8 Latch=1->0 LatchConfirmed=1
CORE RAW8_FIST_TIMING ElapsedMs=52612.663 Actor=PC_Hero Action=2 Family=POWER Motion=Hero_Stand_None_Fist_P1_PowerAttack_Hit_N_Fwd_00_%_00_P0_100_L.xmot C1=33 Raw8Fist=Fist Raw8UseType=8 PermissionApplied=1 SyntheticApplied=1 Classification=EARLY_PERMISSION_APPLIED
CORE RAW8_OPPORTUNITY_MISS_REARM ElapsedMs=52612.699 Actor=PC_Hero Action=2 Family=POWER Motion=Hero_Stand_None_Fist_P1_PowerAttack_Hit_N_Fwd_00_%_00_P0_100_L.xmot C1=33 Raw8Fist=Fist OpportunityOrdinal=14 Reason=NO_CONTACT_DISPATCH FullStop=0 LatchBefore=1 LatchAfter=0 LatchWriteAttempted=1 LatchWriteConfirmed=1
CORE RAW8_OPPORTUNITY_MISS_REARM ElapsedMs=52621.252 Actor=PC_Hero Action=2 Family=POWER Motion=Hero_Stand_None_Fist_P1_PowerAttack_Hit_N_Fwd_00_%_00_P0_100_L.xmot C1=33 Raw8Fist=Fist OpportunityOrdinal=14 Reason=NO_CONTACT_DISPATCH FullStop=0 LatchBefore=1 LatchAfter=0 LatchWriteAttempted=1 LatchWriteConfirmed=1
CORE RAW8_OPPORTUNITY_MISS_REARM ElapsedMs=52628.865 Actor=PC_Hero Action=2 Family=POWER Motion=Hero_Stand_None_Fist_P1_PowerAttack_Hit_N_Fwd_00_%_00_P0_100_L.xmot C1=33 Raw8Fist=Fist OpportunityOrdinal=14 Reason=NO_CONTACT_DISPATCH FullStop=0 LatchBefore=1 LatchAfter=0 LatchWriteAttempted=1 LatchWriteConfirmed=1
CORE RAW8_OPPORTUNITY_MISS_REARM ElapsedMs=52636.374 Actor=PC_Hero Action=2 Family=POWER Motion=Hero_Stand_None_Fist_P1_PowerAttack_Hit_N_Fwd_00_%_00_P0_100_L.xmot C1=33 Raw8Fist=Fist OpportunityOrdinal=14 Reason=NO_CONTACT_DISPATCH FullStop=0 LatchBefore=1 LatchAfter=0 LatchWriteAttempted=1 LatchWriteConfirmed=1
CORE RAW8_OPPORTUNITY_MISS_REARM ElapsedMs=52645.710 Actor=PC_Hero Action=2 Family=POWER Motion=Hero_Stand_None_Fist_P1_PowerAttack_Hit_N_Fwd_00_%_00_P0_100_L.xmot C1=33 Raw8Fist=Fist OpportunityOrdinal=14 Reason=NO_CONTACT_DISPATCH FullStop=0 LatchBefore=1 LatchAfter=0 LatchWriteAttempted=1 LatchWriteConfirmed=1
CORE RAW8_OPPORTUNITY_MISS_REARM ElapsedMs=52653.014 Actor=PC_Hero Action=2 Family=POWER Motion=Hero_Stand_None_Fist_P1_PowerAttack_Hit_N_Fwd_00_%_00_P0_100_L.xmot C1=33 Raw8Fist=Fist OpportunityOrdinal=14 Reason=NO_CONTACT_DISPATCH FullStop=0 LatchBefore=1 LatchAfter=0 LatchWriteAttempted=1 LatchWriteConfirmed=1
CORE RAW8_OPPORTUNITY_MISS_REARM ElapsedMs=52661.485 Actor=PC_Hero Action=2 Family=POWER Motion=Hero_Stand_None_Fist_P1_PowerAttack_Hit_N_Fwd_00_%_00_P0_100_L.xmot C1=33 Raw8Fist=Fist OpportunityOrdinal=14 Reason=NO_CONTACT_DISPATCH FullStop=0 LatchBefore=1 LatchAfter=0 LatchWriteAttempted=1 LatchWriteConfirmed=1
CORE RAW8_OPPORTUNITY_MISS_REARM ElapsedMs=52669.132 Actor=PC_Hero Action=2 Family=POWER Motion=Hero_Stand_None_Fist_P1_PowerAttack_Hit_N_Fwd_00_%_00_P0_100_L.xmot C1=33 Raw8Fist=Fist OpportunityOrdinal=14 Reason=NO_CONTACT_DISPATCH FullStop=0 LatchBefore=1 LatchAfter=0 LatchWriteAttempted=1 LatchWriteConfirmed=1
CORE RAW8_OPPORTUNITY_MISS_REARM ElapsedMs=52676.255 Actor=PC_Hero Action=2 Family=POWER Motion=Hero_Stand_None_Fist_P1_PowerAttack_Hit_N_Fwd_00_%_00_P0_100_L.xmot C1=33 Raw8Fist=Fist OpportunityOrdinal=14 Reason=NO_CONTACT_DISPATCH FullStop=0 LatchBefore=1 LatchAfter=0 LatchWriteAttempted=1 LatchWriteConfirmed=1
CORE C1_FINAL ElapsedMs=52685.115 Actor=Golem Generation=34 Status=PERSISTED SourceCount=1 PhysicalChanged=0 Source[0]=Fist Side=RIGHT Outstanding=0 Cleanup=0 Outcome=NO_OP_NO_OUTSTANDING
CORE RAW8_OPPORTUNITY_MISS_REARM ElapsedMs=52685.588 Actor=PC_Hero Action=2 Family=POWER Motion=Hero_Stand_None_Fist_P1_PowerAttack_Hit_N_Fwd_00_%_00_P0_100_L.xmot C1=33 Raw8Fist=Fist OpportunityOrdinal=14 Reason=NO_CONTACT_DISPATCH FullStop=0 LatchBefore=1 LatchAfter=0 LatchWriteAttempted=1 LatchWriteConfirmed=1
CORE C1_START ElapsedMs=52692.318 Actor=Golem Generation=35 Status=CANDIDATE Outstanding=0 TrackedSources=1 ReplacedGeneration=0 ReplacedOutstanding=0 Source[0]=Fist Side=RIGHT Group=0
CORE C1_BIND ElapsedMs=52692.349 Event=COMBAT_MOVE_CANDIDATE_BOUND Actor=Golem Generation=35 Status=CANDIDATE Outstanding=0 Source=<null> Script=_AI_PowerAttack
CORE C1_STATUS ElapsedMs=52692.877 Event=PERSISTED Actor=Golem Generation=35 Status=PERSISTED Outstanding=0
CORE RAW8_OPPORTUNITY_MISS_REARM ElapsedMs=52693.260 Actor=PC_Hero Action=2 Family=POWER Motion=Hero_Stand_None_Fist_P1_PowerAttack_Hit_N_Fwd_00_%_00_P0_100_L.xmot C1=33 Raw8Fist=Fist OpportunityOrdinal=14 Reason=NO_CONTACT_DISPATCH FullStop=0 LatchBefore=1 LatchAfter=0 LatchWriteAttempted=1 LatchWriteConfirmed=1
CORE RAW8_OPPORTUNITY_MISS_REARM ElapsedMs=52701.492 Actor=PC_Hero Action=2 Family=POWER Motion=Hero_Stand_None_Fist_P1_PowerAttack_Hit_N_Fwd_00_%_00_P0_100_L.xmot C1=33 Raw8Fist=Fist OpportunityOrdinal=14 Reason=NO_CONTACT_DISPATCH FullStop=0 LatchBefore=1 LatchAfter=0 LatchWriteAttempted=1 LatchWriteConfirmed=1
CORE RAW8_OPPORTUNITY_MISS_REARM ElapsedMs=52710.218 Actor=PC_Hero Action=2 Family=POWER Motion=Hero_Stand_None_Fist_P1_PowerAttack_Hit_N_Fwd_00_%_00_P0_100_L.xmot C1=33 Raw8Fist=Fist OpportunityOrdinal=14 Reason=NO_CONTACT_DISPATCH FullStop=0 LatchBefore=1 LatchAfter=0 LatchWriteAttempted=1 LatchWriteConfirmed=1
CORE RAW8_OPPORTUNITY_MISS_REARM ElapsedMs=52717.992 Actor=PC_Hero Action=2 Family=POWER Motion=Hero_Stand_None_Fist_P1_PowerAttack_Hit_N_Fwd_00_%_00_P0_100_L.xmot C1=33 Raw8Fist=Fist OpportunityOrdinal=14 Reason=NO_CONTACT_DISPATCH FullStop=0 LatchBefore=1 LatchAfter=0 LatchWriteAttempted=1 LatchWriteConfirmed=1
CORE RAW8_OPPORTUNITY_MISS_REARM ElapsedMs=52725.458 Actor=PC_Hero Action=2 Family=POWER Motion=Hero_Stand_None_Fist_P1_PowerAttack_Hit_N_Fwd_00_%_00_P0_100_L.xmot C1=33 Raw8Fist=Fist OpportunityOrdinal=14 Reason=NO_CONTACT_DISPATCH FullStop=0 LatchBefore=1 LatchAfter=0 LatchWriteAttempted=1 LatchWriteConfirmed=1
CORE RAW8_OPPORTUNITY_MISS_REARM ElapsedMs=52733.992 Actor=PC_Hero Action=2 Family=POWER Motion=Hero_Stand_None_Fist_P1_PowerAttack_Hit_N_Fwd_00_%_00_P0_100_L.xmot C1=33 Raw8Fist=Fist OpportunityOrdinal=14 Reason=NO_CONTACT_DISPATCH FullStop=0 LatchBefore=1 LatchAfter=0 LatchWriteAttempted=1 LatchWriteConfirmed=1
CORE RAW8_OPPORTUNITY_MISS_REARM ElapsedMs=52741.222 Actor=PC_Hero Action=2 Family=POWER Motion=Hero_Stand_None_Fist_P1_PowerAttack_Hit_N_Fwd_00_%_00_P0_100_L.xmot C1=33 Raw8Fist=Fist OpportunityOrdinal=14 Reason=NO_CONTACT_DISPATCH FullStop=0 LatchBefore=1 LatchAfter=0 LatchWriteAttempted=1 LatchWriteConfirmed=1
CORE RAW8_OPPORTUNITY_MISS_REARM ElapsedMs=52750.494 Actor=PC_Hero Action=2 Family=POWER Motion=Hero_Stand_None_Fist_P1_PowerAttack_Hit_N_Fwd_00_%_00_P0_100_L.xmot C1=33 Raw8Fist=Fist OpportunityOrdinal=14 Reason=NO_CONTACT_DISPATCH FullStop=0 LatchBefore=1 LatchAfter=0 LatchWriteAttempted=1 LatchWriteConfirmed=1
CORE RAW8_OPPORTUNITY_MISS_REARM ElapsedMs=52757.637 Actor=PC_Hero Action=2 Family=POWER Motion=Hero_Stand_None_Fist_P1_PowerAttack_Hit_N_Fwd_00_%_00_P0_100_L.xmot C1=33 Raw8Fist=Fist OpportunityOrdinal=14 Reason=NO_CONTACT_DISPATCH FullStop=0 LatchBefore=1 LatchAfter=0 LatchWriteAttempted=1 LatchWriteConfirmed=1
CORE RAW8_OPPORTUNITY_MISS_REARM ElapsedMs=52766.162 Actor=PC_Hero Action=2 Family=POWER Motion=Hero_Stand_None_Fist_P1_PowerAttack_Hit_N_Fwd_00_%_00_P0_100_L.xmot C1=33 Raw8Fist=Fist OpportunityOrdinal=14 Reason=NO_CONTACT_DISPATCH FullStop=0 LatchBefore=1 LatchAfter=0 LatchWriteAttempted=1 LatchWriteConfirmed=1
CORE RAW8_OPPORTUNITY_MISS_REARM ElapsedMs=52773.835 Actor=PC_Hero Action=2 Family=POWER Motion=Hero_Stand_None_Fist_P1_PowerAttack_Hit_N_Fwd_00_%_00_P0_100_L.xmot C1=33 Raw8Fist=Fist OpportunityOrdinal=14 Reason=NO_CONTACT_DISPATCH FullStop=0 LatchBefore=1 LatchAfter=0 LatchWriteAttempted=1 LatchWriteConfirmed=1
CORE RAW8_OPPORTUNITY_MISS_REARM ElapsedMs=52781.448 Actor=PC_Hero Action=2 Family=POWER Motion=Hero_Stand_None_Fist_P1_PowerAttack_Hit_N_Fwd_00_%_00_P0_100_L.xmot C1=33 Raw8Fist=Fist OpportunityOrdinal=14 Reason=NO_CONTACT_DISPATCH FullStop=0 LatchBefore=1 LatchAfter=0 LatchWriteAttempted=1 LatchWriteConfirmed=1
CORE RAW8_OPPORTUNITY_MISS_REARM ElapsedMs=52790.160 Actor=PC_Hero Action=2 Family=POWER Motion=Hero_Stand_None_Fist_P1_PowerAttack_Hit_N_Fwd_00_%_00_P0_100_L.xmot C1=33 Raw8Fist=Fist OpportunityOrdinal=14 Reason=NO_CONTACT_DISPATCH FullStop=0 LatchBefore=1 LatchAfter=0 LatchWriteAttempted=1 LatchWriteConfirmed=1
CORE RAW8_OPPORTUNITY_MISS_REARM ElapsedMs=52797.834 Actor=PC_Hero Action=2 Family=POWER Motion=Hero_Stand_None_Fist_P1_PowerAttack_Hit_N_Fwd_00_%_00_P0_100_L.xmot C1=33 Raw8Fist=Fist OpportunityOrdinal=14 Reason=NO_CONTACT_DISPATCH FullStop=0 LatchBefore=1 LatchAfter=0 LatchWriteAttempted=1 LatchWriteConfirmed=1
CORE RAW8_OPPORTUNITY_MISS_REARM ElapsedMs=52805.527 Actor=PC_Hero Action=2 Family=POWER Motion=Hero_Stand_None_Fist_P1_PowerAttack_Hit_N_Fwd_00_%_00_P0_100_L.xmot C1=33 Raw8Fist=Fist OpportunityOrdinal=14 Reason=NO_CONTACT_DISPATCH FullStop=0 LatchBefore=1 LatchAfter=0 LatchWriteAttempted=1 LatchWriteConfirmed=1
CORE RAW8_OPPORTUNITY_MISS_REARM ElapsedMs=52813.911 Actor=PC_Hero Action=2 Family=POWER Motion=Hero_Stand_None_Fist_P1_PowerAttack_Hit_N_Fwd_00_%_00_P0_100_L.xmot C1=33 Raw8Fist=Fist OpportunityOrdinal=14 Reason=NO_CONTACT_DISPATCH FullStop=0 LatchBefore=1 LatchAfter=0 LatchWriteAttempted=1 LatchWriteConfirmed=1
CORE RAW8_OPPORTUNITY_MISS_REARM ElapsedMs=52821.587 Actor=PC_Hero Action=2 Family=POWER Motion=Hero_Stand_None_Fist_P1_PowerAttack_Hit_N_Fwd_00_%_00_P0_100_L.xmot C1=33 Raw8Fist=Fist OpportunityOrdinal=14 Reason=NO_CONTACT_DISPATCH FullStop=0 LatchBefore=1 LatchAfter=0 LatchWriteAttempted=1 LatchWriteConfirmed=1
CORE RAW8_OPPORTUNITY_MISS_REARM ElapsedMs=52831.045 Actor=PC_Hero Action=2 Family=POWER Motion=Hero_Stand_None_Fist_P1_PowerAttack_Hit_N_Fwd_00_%_00_P0_100_L.xmot C1=33 Raw8Fist=Fist OpportunityOrdinal=14 Reason=NO_CONTACT_DISPATCH FullStop=0 LatchBefore=1 LatchAfter=0 LatchWriteAttempted=1 LatchWriteConfirmed=1
CORE RAW8_OPPORTUNITY_MISS_REARM ElapsedMs=52838.267 Actor=PC_Hero Action=2 Family=POWER Motion=Hero_Stand_None_Fist_P1_PowerAttack_Hit_N_Fwd_00_%_00_P0_100_L.xmot C1=33 Raw8Fist=Fist OpportunityOrdinal=14 Reason=NO_CONTACT_DISPATCH FullStop=0 LatchBefore=1 LatchAfter=0 LatchWriteAttempted=1 LatchWriteConfirmed=1
CORE RAW8_OPPORTUNITY_MISS_REARM ElapsedMs=52847.249 Actor=PC_Hero Action=2 Family=POWER Motion=Hero_Stand_None_Fist_P1_PowerAttack_Hit_N_Fwd_00_%_00_P0_100_L.xmot C1=33 Raw8Fist=Fist OpportunityOrdinal=14 Reason=NO_CONTACT_DISPATCH FullStop=0 LatchBefore=1 LatchAfter=0 LatchWriteAttempted=1 LatchWriteConfirmed=1
CORE RAW8_OPPORTUNITY_MISS_REARM ElapsedMs=52854.825 Actor=PC_Hero Action=2 Family=POWER Motion=Hero_Stand_None_Fist_P1_PowerAttack_Hit_N_Fwd_00_%_00_P0_100_L.xmot C1=33 Raw8Fist=Fist OpportunityOrdinal=14 Reason=NO_CONTACT_DISPATCH FullStop=0 LatchBefore=1 LatchAfter=0 LatchWriteAttempted=1 LatchWriteConfirmed=1
CORE RAW8_OPPORTUNITY_MISS_REARM ElapsedMs=52862.683 Actor=PC_Hero Action=2 Family=POWER Motion=Hero_Stand_None_Fist_P1_PowerAttack_Hit_N_Fwd_00_%_00_P0_100_L.xmot C1=33 Raw8Fist=Fist OpportunityOrdinal=14 Reason=NO_CONTACT_DISPATCH FullStop=0 LatchBefore=1 LatchAfter=0 LatchWriteAttempted=1 LatchWriteConfirmed=1
CORE RAW8_OPPORTUNITY_MISS_REARM ElapsedMs=52871.970 Actor=PC_Hero Action=2 Family=POWER Motion=Hero_Stand_None_Fist_P1_PowerAttack_Hit_N_Fwd_00_%_00_P0_100_L.xmot C1=33 Raw8Fist=Fist OpportunityOrdinal=14 Reason=NO_CONTACT_DISPATCH FullStop=0 LatchBefore=1 LatchAfter=0 LatchWriteAttempted=1 LatchWriteConfirmed=1
CORE RAW8_OPPORTUNITY_MISS_REARM ElapsedMs=52879.894 Actor=PC_Hero Action=2 Family=POWER Motion=Hero_Stand_None_Fist_P1_PowerAttack_Hit_N_Fwd_00_%_00_P0_100_L.xmot C1=33 Raw8Fist=Fist OpportunityOrdinal=14 Reason=NO_CONTACT_DISPATCH FullStop=0 LatchBefore=1 LatchAfter=0 LatchWriteAttempted=1 LatchWriteConfirmed=1
CORE RAW8_FIST_TIMING ElapsedMs=52888.227 Actor=PC_Hero C1=33 PermissionRetired=1 Reason=REAL_TIME_REACHED_FORCED_VALUE
CORE RAW8_OPPORTUNITY_MISS_REARM ElapsedMs=52888.263 Actor=PC_Hero Action=2 Family=POWER Motion=Hero_Stand_None_Fist_P1_PowerAttack_Hit_N_Fwd_00_%_00_P0_100_L.xmot C1=33 Raw8Fist=Fist OpportunityOrdinal=14 Reason=NO_CONTACT_DISPATCH FullStop=0 LatchBefore=1 LatchAfter=0 LatchWriteAttempted=1 LatchWriteConfirmed=1
CORE RAW8_OPPORTUNITY_MISS_REARM ElapsedMs=52896.279 Actor=PC_Hero Action=2 Family=POWER Motion=Hero_Stand_None_Fist_P1_PowerAttack_Hit_N_Fwd_00_%_00_P0_100_L.xmot C1=33 Raw8Fist=Fist OpportunityOrdinal=14 Reason=NO_CONTACT_DISPATCH FullStop=0 LatchBefore=1 LatchAfter=0 LatchWriteAttempted=1 LatchWriteConfirmed=1
CORE RAW8_OPPORTUNITY_MISS_REARM ElapsedMs=52906.845 Actor=PC_Hero Action=2 Family=POWER Motion=Hero_Stand_None_Fist_P1_PowerAttack_Hit_N_Fwd_00_%_00_P0_100_L.xmot C1=33 Raw8Fist=Fist OpportunityOrdinal=14 Reason=NO_CONTACT_DISPATCH FullStop=0 LatchBefore=1 LatchAfter=0 LatchWriteAttempted=1 LatchWriteConfirmed=1
CORE RAW8_OPPORTUNITY_MISS_REARM ElapsedMs=52914.589 Actor=PC_Hero Action=2 Family=POWER Motion=Hero_Stand_None_Fist_P1_PowerAttack_Hit_N_Fwd_00_%_00_P0_100_L.xmot C1=33 Raw8Fist=Fist OpportunityOrdinal=14 Reason=NO_CONTACT_DISPATCH FullStop=0 LatchBefore=1 LatchAfter=0 LatchWriteAttempted=1 LatchWriteConfirmed=1
CORE RAW8_OPPORTUNITY_MISS_REARM ElapsedMs=52923.159 Actor=PC_Hero Action=2 Family=POWER Motion=Hero_Stand_None_Fist_P1_PowerAttack_Hit_N_Fwd_00_%_00_P0_100_L.xmot C1=33 Raw8Fist=Fist OpportunityOrdinal=14 Reason=NO_CONTACT_DISPATCH FullStop=0 LatchBefore=1 LatchAfter=0 LatchWriteAttempted=1 LatchWriteConfirmed=1
CORE RAW8_OPPORTUNITY_MISS_REARM ElapsedMs=52930.882 Actor=PC_Hero Action=2 Family=POWER Motion=Hero_Stand_None_Fist_P1_PowerAttack_Hit_N_Fwd_00_%_00_P0_100_L.xmot C1=33 Raw8Fist=Fist OpportunityOrdinal=14 Reason=NO_CONTACT_DISPATCH FullStop=0 LatchBefore=1 LatchAfter=0 LatchWriteAttempted=1 LatchWriteConfirmed=1
CORE RAW8_OPPORTUNITY_MISS_REARM ElapsedMs=52938.344 Actor=PC_Hero Action=2 Family=POWER Motion=Hero_Stand_None_Fist_P1_PowerAttack_Hit_N_Fwd_00_%_00_P0_100_L.xmot C1=33 Raw8Fist=Fist OpportunityOrdinal=14 Reason=NO_CONTACT_DISPATCH FullStop=0 LatchBefore=1 LatchAfter=0 LatchWriteAttempted=1 LatchWriteConfirmed=1
CORE RAW8_OPPORTUNITY_MISS_REARM ElapsedMs=52946.282 Actor=PC_Hero Action=2 Family=POWER Motion=Hero_Stand_None_Fist_P1_PowerAttack_Hit_N_Fwd_00_%_00_P0_100_L.xmot C1=33 Raw8Fist=Fist OpportunityOrdinal=14 Reason=NO_CONTACT_DISPATCH FullStop=0 LatchBefore=1 LatchAfter=0 LatchWriteAttempted=1 LatchWriteConfirmed=1
CORE RAW8_FIST_TIMING ElapsedMs=52946.374 Actor=PC_Hero Action=2 Family=POWER Motion=Hero_Stand_None_Fist_P1_PowerAttack_Hit_N_Fwd_00_%_00_P0_100_L.xmot C1=33 Raw8Fist=Fist Raw8UseType=8 AcceptedRearm=0->0 OwnershipMatched=1 Classification=NATIVE_TIMING
CORE RAW8_OPPORTUNITY_OPEN ElapsedMs=52946.464 Actor=PC_Hero Action=2 Family=POWER Motion=Hero_Stand_None_Fist_P1_PowerAttack_Hit_N_Fwd_00_%_00_P0_100_L.xmot C1=33 Raw8Fist=Fist OpportunityOrdinal=15 Reason=ACCEPTED_FIST LatchBefore=0 LatchAfter=0 LatchWriteAttempted=1 LatchWriteConfirmed=1 TimingActive=0
CORE MARKER ElapsedMs=52946.484 Actor=PC_Hero Action=2 Family=POWER Phase=1 Motion=Hero_Stand_None_Fist_P1_PowerAttack_Hit_N_Fwd_00_%_00_P0_100_L.xmot Marker=FIST Result=ACCEPTED C1Valid=1 C1=33 StatePosition=1 PreviousMask=0 DesiredMask=0 RetiredMask=0 OwnedMask=0 MarkerOwnedMask=0 Activated=0 Deactivated=0 Retired=0 RearmRequests=0 Clears=0 Raw8Fist=Fist Raw8UseType=8 Latch=0->0 LatchConfirmed=1
CORE RAW8_OPPORTUNITY_MISS_REARM ElapsedMs=52955.677 Actor=PC_Hero Action=2 Family=POWER Motion=Hero_Stand_None_Fist_P1_PowerAttack_Hit_N_Fwd_00_%_00_P0_100_L.xmot C1=33 Raw8Fist=Fist OpportunityOrdinal=15 Reason=NO_CONTACT_DISPATCH FullStop=0 LatchBefore=1 LatchAfter=0 LatchWriteAttempted=1 LatchWriteConfirmed=1
CORE RAW8_OPPORTUNITY_MISS_REARM ElapsedMs=52964.032 Actor=PC_Hero Action=2 Family=POWER Motion=Hero_Stand_None_Fist_P1_PowerAttack_Hit_N_Fwd_00_%_00_P0_100_L.xmot C1=33 Raw8Fist=Fist OpportunityOrdinal=15 Reason=NO_CONTACT_DISPATCH FullStop=0 LatchBefore=1 LatchAfter=0 LatchWriteAttempted=1 LatchWriteConfirmed=1
CORE RAW8_OPPORTUNITY_MISS_REARM ElapsedMs=52971.790 Actor=PC_Hero Action=2 Family=POWER Motion=Hero_Stand_None_Fist_P1_PowerAttack_Hit_N_Fwd_00_%_00_P0_100_L.xmot C1=33 Raw8Fist=Fist OpportunityOrdinal=15 Reason=NO_CONTACT_DISPATCH FullStop=0 LatchBefore=1 LatchAfter=0 LatchWriteAttempted=1 LatchWriteConfirmed=1
CORE RAW8_OPPORTUNITY_MISS_REARM ElapsedMs=52979.315 Actor=PC_Hero Action=2 Family=POWER Motion=Hero_Stand_None_Fist_P1_PowerAttack_Hit_N_Fwd_00_%_00_P0_100_L.xmot C1=33 Raw8Fist=Fist OpportunityOrdinal=15 Reason=NO_CONTACT_DISPATCH FullStop=0 LatchBefore=1 LatchAfter=0 LatchWriteAttempted=1 LatchWriteConfirmed=1
CORE RAW8_OPPORTUNITY_MISS_REARM ElapsedMs=52988.931 Actor=PC_Hero Action=2 Family=POWER Motion=Hero_Stand_None_Fist_P1_PowerAttack_Hit_N_Fwd_00_%_00_P0_100_L.xmot C1=33 Raw8Fist=Fist OpportunityOrdinal=15 Reason=NO_CONTACT_DISPATCH FullStop=0 LatchBefore=1 LatchAfter=0 LatchWriteAttempted=1 LatchWriteConfirmed=1
CORE RAW8_OPPORTUNITY_MISS_REARM ElapsedMs=52996.462 Actor=PC_Hero Action=2 Family=POWER Motion=Hero_Stand_None_Fist_P1_PowerAttack_Hit_N_Fwd_00_%_00_P0_100_L.xmot C1=33 Raw8Fist=Fist OpportunityOrdinal=15 Reason=NO_CONTACT_DISPATCH FullStop=0 LatchBefore=1 LatchAfter=0 LatchWriteAttempted=1 LatchWriteConfirmed=1
CORE RAW8_OPPORTUNITY_MISS_REARM ElapsedMs=53004.605 Actor=PC_Hero Action=2 Family=POWER Motion=Hero_Stand_None_Fist_P1_PowerAttack_Hit_N_Fwd_00_%_00_P0_100_L.xmot C1=33 Raw8Fist=Fist OpportunityOrdinal=15 Reason=NO_CONTACT_DISPATCH FullStop=0 LatchBefore=1 LatchAfter=0 LatchWriteAttempted=1 LatchWriteConfirmed=1
CORE RAW8_OPPORTUNITY_MISS_REARM ElapsedMs=53012.697 Actor=PC_Hero Action=2 Family=POWER Motion=Hero_Stand_None_Fist_P1_PowerAttack_Hit_N_Fwd_00_%_00_P0_100_L.xmot C1=33 Raw8Fist=Fist OpportunityOrdinal=15 Reason=NO_CONTACT_DISPATCH FullStop=0 LatchBefore=1 LatchAfter=0 LatchWriteAttempted=1 LatchWriteConfirmed=1
CORE RAW8_OPPORTUNITY_MISS_REARM ElapsedMs=53020.684 Actor=PC_Hero Action=2 Family=POWER Motion=Hero_Stand_None_Fist_P1_PowerAttack_Hit_N_Fwd_00_%_00_P0_100_L.xmot C1=33 Raw8Fist=Fist OpportunityOrdinal=15 Reason=NO_CONTACT_DISPATCH FullStop=0 LatchBefore=1 LatchAfter=0 LatchWriteAttempted=1 LatchWriteConfirmed=1
CORE C1_BIND ElapsedMs=53028.171 Event=COMBAT_MOVE_REUSED Actor=Golem Generation=35 Status=PERSISTED Outstanding=0 Source=<null> Script=_AI_PowerAttack
CORE ATTACK_OWNERSHIP ElapsedMs=53028.622 Actor=Golem Family=POWER Action=2 Phase=1 Motion=Golem_Stand_None_Fist_P0_PowerAttack_Hit_N_Fwd_00_%_00_P0_100_R.xmot MarkerPresent=0 RequiredMask=0 FistMarkers=0 Raw8Fist=<none> Raw8UseType=-1 SuppressNative=0 Classification=ROUTINE
CORE COLLISION_GROUP ElapsedMs=53028.642 Source=Fist UseType=8 Owner=<unresolved> Slot=NONE Requested=7 Before=0 After=0 MarkerBitsRetired=0
CORE RAW8_OPPORTUNITY_MISS_REARM ElapsedMs=53032.615 Actor=PC_Hero Action=2 Family=POWER Motion=Hero_Stand_None_Fist_P1_PowerAttack_Hit_N_Fwd_00_%_00_P0_100_L.xmot C1=33 Raw8Fist=Fist OpportunityOrdinal=15 Reason=NO_CONTACT_DISPATCH FullStop=0 LatchBefore=1 LatchAfter=0 LatchWriteAttempted=1 LatchWriteConfirmed=1
CORE RAW8_OPPORTUNITY_MISS_REARM ElapsedMs=53040.961 Actor=PC_Hero Action=2 Family=POWER Motion=Hero_Stand_None_Fist_P1_PowerAttack_Hit_N_Fwd_00_%_00_P0_100_L.xmot C1=33 Raw8Fist=Fist OpportunityOrdinal=15 Reason=NO_CONTACT_DISPATCH FullStop=0 LatchBefore=1 LatchAfter=0 LatchWriteAttempted=1 LatchWriteConfirmed=1
CORE RAW8_OPPORTUNITY_MISS_REARM ElapsedMs=53048.814 Actor=PC_Hero Action=2 Family=POWER Motion=Hero_Stand_None_Fist_P1_PowerAttack_Hit_N_Fwd_00_%_00_P0_100_L.xmot C1=33 Raw8Fist=Fist OpportunityOrdinal=15 Reason=NO_CONTACT_DISPATCH FullStop=0 LatchBefore=1 LatchAfter=0 LatchWriteAttempted=1 LatchWriteConfirmed=1
CORE RAW8_OPPORTUNITY_MISS_REARM ElapsedMs=53056.258 Actor=PC_Hero Action=2 Family=POWER Motion=Hero_Stand_None_Fist_P1_PowerAttack_Hit_N_Fwd_00_%_00_P0_100_L.xmot C1=33 Raw8Fist=Fist OpportunityOrdinal=15 Reason=NO_CONTACT_DISPATCH FullStop=0 LatchBefore=1 LatchAfter=0 LatchWriteAttempted=1 LatchWriteConfirmed=1
CORE RAW8_OPPORTUNITY_MISS_REARM ElapsedMs=53065.560 Actor=PC_Hero Action=2 Family=POWER Motion=Hero_Stand_None_Fist_P1_PowerAttack_Hit_N_Fwd_00_%_00_P0_100_L.xmot C1=33 Raw8Fist=Fist OpportunityOrdinal=15 Reason=NO_CONTACT_DISPATCH FullStop=0 LatchBefore=1 LatchAfter=0 LatchWriteAttempted=1 LatchWriteConfirmed=1
CORE RAW8_OPPORTUNITY_MISS_REARM ElapsedMs=53072.847 Actor=PC_Hero Action=2 Family=POWER Motion=Hero_Stand_None_Fist_P1_PowerAttack_Hit_N_Fwd_00_%_00_P0_100_L.xmot C1=33 Raw8Fist=Fist OpportunityOrdinal=15 Reason=NO_CONTACT_DISPATCH FullStop=0 LatchBefore=1 LatchAfter=0 LatchWriteAttempted=1 LatchWriteConfirmed=1
CORE RAW8_OPPORTUNITY_MISS_REARM ElapsedMs=53081.256 Actor=PC_Hero Action=2 Family=POWER Motion=Hero_Stand_None_Fist_P1_PowerAttack_Hit_N_Fwd_00_%_00_P0_100_L.xmot C1=33 Raw8Fist=Fist OpportunityOrdinal=15 Reason=NO_CONTACT_DISPATCH FullStop=0 LatchBefore=1 LatchAfter=0 LatchWriteAttempted=1 LatchWriteConfirmed=1
CORE RAW8_OPPORTUNITY_MISS_REARM ElapsedMs=53089.022 Actor=PC_Hero Action=2 Family=POWER Motion=Hero_Stand_None_Fist_P1_PowerAttack_Hit_N_Fwd_00_%_00_P0_100_L.xmot C1=33 Raw8Fist=Fist OpportunityOrdinal=15 Reason=NO_CONTACT_DISPATCH FullStop=0 LatchBefore=1 LatchAfter=0 LatchWriteAttempted=1 LatchWriteConfirmed=1
CORE RAW8_OPPORTUNITY_MISS_REARM ElapsedMs=53099.062 Actor=PC_Hero Action=2 Family=POWER Motion=Hero_Stand_None_Fist_P1_PowerAttack_Hit_N_Fwd_00_%_00_P0_100_L.xmot C1=33 Raw8Fist=Fist OpportunityOrdinal=15 Reason=NO_CONTACT_DISPATCH FullStop=0 LatchBefore=1 LatchAfter=0 LatchWriteAttempted=1 LatchWriteConfirmed=1
CORE RAW8_OPPORTUNITY_MISS_REARM ElapsedMs=53105.302 Actor=PC_Hero Action=2 Family=POWER Motion=Hero_Stand_None_Fist_P1_PowerAttack_Hit_N_Fwd_00_%_00_P0_100_L.xmot C1=33 Raw8Fist=Fist OpportunityOrdinal=15 Reason=NO_CONTACT_DISPATCH FullStop=0 LatchBefore=1 LatchAfter=0 LatchWriteAttempted=1 LatchWriteConfirmed=1
CORE RAW8_OPPORTUNITY_MISS_REARM ElapsedMs=53116.413 Actor=PC_Hero Action=2 Family=POWER Motion=Hero_Stand_None_Fist_P1_PowerAttack_Hit_N_Fwd_00_%_00_P0_100_L.xmot C1=33 Raw8Fist=Fist OpportunityOrdinal=15 Reason=NO_CONTACT_DISPATCH FullStop=0 LatchBefore=1 LatchAfter=0 LatchWriteAttempted=1 LatchWriteConfirmed=1
CORE RAW8_OPPORTUNITY_MISS_REARM ElapsedMs=53123.783 Actor=PC_Hero Action=2 Family=POWER Motion=Hero_Stand_None_Fist_P1_PowerAttack_Hit_N_Fwd_00_%_00_P0_100_L.xmot C1=33 Raw8Fist=Fist OpportunityOrdinal=15 Reason=NO_CONTACT_DISPATCH FullStop=0 LatchBefore=1 LatchAfter=0 LatchWriteAttempted=1 LatchWriteConfirmed=1
CORE RAW8_OPPORTUNITY_MISS_REARM ElapsedMs=53131.623 Actor=PC_Hero Action=2 Family=POWER Motion=Hero_Stand_None_Fist_P1_PowerAttack_Hit_N_Fwd_00_%_00_P0_100_L.xmot C1=33 Raw8Fist=Fist OpportunityOrdinal=15 Reason=NO_CONTACT_DISPATCH FullStop=0 LatchBefore=1 LatchAfter=0 LatchWriteAttempted=1 LatchWriteConfirmed=1
CORE RAW8_OPPORTUNITY_MISS_REARM ElapsedMs=53140.264 Actor=PC_Hero Action=2 Family=POWER Motion=Hero_Stand_None_Fist_P1_PowerAttack_Hit_N_Fwd_00_%_00_P0_100_L.xmot C1=33 Raw8Fist=Fist OpportunityOrdinal=15 Reason=NO_CONTACT_DISPATCH FullStop=0 LatchBefore=1 LatchAfter=0 LatchWriteAttempted=1 LatchWriteConfirmed=1
CORE RAW8_OPPORTUNITY_CLOSE ElapsedMs=53149.896 Actor=PC_Hero Action=2 Family=POWER Motion=Hero_Stand_None_Fist_P1_PowerAttack_Hit_N_Fwd_00_%_00_P0_100_L.xmot C1=33 Raw8Fist=Fist OpportunityOrdinal=15 Reason=C1_FINALIZED LatchBefore=0 LatchAfter=1 LatchWriteAttempted=1 LatchWriteConfirmed=1
CORE C1_FINAL ElapsedMs=53149.934 Actor=PC_Hero Generation=33 Status=PERSISTED SourceCount=1 PhysicalChanged=0 Source[0]=Fist Side=RIGHT Outstanding=0 Cleanup=0 Outcome=NO_OP_NO_OUTSTANDING
CORE C1_FINAL ElapsedMs=53414.082 Actor=Golem Generation=35 Status=PERSISTED SourceCount=1 PhysicalChanged=0 Source[0]=Fist Side=RIGHT Outstanding=0 Cleanup=0 Outcome=NO_OP_NO_OUTSTANDING
CORE C1_START ElapsedMs=53863.385 Actor=PC_Hero Generation=36 Status=CANDIDATE Outstanding=0 TrackedSources=1 ReplacedGeneration=0 ReplacedOutstanding=0 Source[0]=Fist Side=RIGHT Group=0
CORE C1_BIND ElapsedMs=53863.397 Event=COMBAT_MOVE_CANDIDATE_BOUND Actor=PC_Hero Generation=36 Status=CANDIDATE Outstanding=0 Source=<null> Script=_AI_PowerAttack
CORE C1_STATUS ElapsedMs=53863.485 Event=PERSISTED Actor=PC_Hero Generation=36 Status=PERSISTED Outstanding=0
CORE C1_START ElapsedMs=53881.113 Actor=Golem Generation=37 Status=CANDIDATE Outstanding=0 TrackedSources=1 ReplacedGeneration=0 ReplacedOutstanding=0 Source[0]=Fist Side=RIGHT Group=0
CORE C1_BIND ElapsedMs=53881.125 Event=COMBAT_MOVE_CANDIDATE_BOUND Actor=Golem Generation=37 Status=CANDIDATE Outstanding=0 Source=<null> Script=_AI_JumpBack
CORE C1_STATUS ElapsedMs=53881.185 Event=PERSISTED Actor=Golem Generation=37 Status=PERSISTED Outstanding=0
CORE C1_BIND ElapsedMs=54140.469 Event=COMBAT_MOVE_REUSED Actor=PC_Hero Generation=36 Status=PERSISTED Outstanding=0 Source=<null> Script=_AI_PowerAttack
CORE RAW8_FIST_OWNERSHIP ElapsedMs=54140.546 Actor=PC_Hero Action=2 Family=POWER Motion=Hero_Stand_None_Fist_P0_PowerAttack_Hit_N_Fwd_00_%_00_P1_100_R.xmot C1=36 Raw8Fist=Fist Raw8UseType=8 InitialClose=0->1 Result=CONFIRMED
CORE ATTACK_OWNERSHIP ElapsedMs=54140.558 Actor=PC_Hero Family=POWER Action=2 Phase=1 Motion=Hero_Stand_None_Fist_P0_PowerAttack_Hit_N_Fwd_00_%_00_P1_100_R.xmot MarkerPresent=1 RequiredMask=0 FistMarkers=1 Raw8Fist=Fist Raw8UseType=8 SuppressNative=0 Classification=ROUTINE
CORE COLLISION_GROUP ElapsedMs=54140.588 Source=Fist UseType=8 Owner=<unresolved> Slot=NONE Requested=7 Before=0 After=0 MarkerBitsRetired=0
CORE RAW8_FIST_TIMING ElapsedMs=54249.188 Actor=PC_Hero Action=2 Family=POWER Motion=Hero_Stand_None_Fist_P0_PowerAttack_Hit_N_Fwd_00_%_00_P1_100_R.xmot C1=36 Raw8Fist=Fist Raw8UseType=8 AcceptedRearm=1->0 OwnershipMatched=1 Classification=EARLY_PERMISSION_ARMED
CORE RAW8_OPPORTUNITY_OPEN ElapsedMs=54249.217 Actor=PC_Hero Action=2 Family=POWER Motion=Hero_Stand_None_Fist_P0_PowerAttack_Hit_N_Fwd_00_%_00_P1_100_R.xmot C1=36 Raw8Fist=Fist OpportunityOrdinal=16 Reason=ACCEPTED_FIST LatchBefore=1 LatchAfter=0 LatchWriteAttempted=1 LatchWriteConfirmed=1 TimingActive=1
CORE MARKER ElapsedMs=54249.230 Actor=PC_Hero Action=2 Family=POWER Phase=1 Motion=Hero_Stand_None_Fist_P0_PowerAttack_Hit_N_Fwd_00_%_00_P1_100_R.xmot Marker=FIST Result=ACCEPTED C1Valid=1 C1=36 StatePosition=1 PreviousMask=0 DesiredMask=0 RetiredMask=0 OwnedMask=0 MarkerOwnedMask=0 Activated=0 Deactivated=0 Retired=0 RearmRequests=0 Clears=0 Raw8Fist=Fist Raw8UseType=8 Latch=1->0 LatchConfirmed=1
CORE RAW8_FIST_TIMING ElapsedMs=54256.584 Actor=PC_Hero Action=2 Family=POWER Motion=Hero_Stand_None_Fist_P0_PowerAttack_Hit_N_Fwd_00_%_00_P1_100_R.xmot C1=36 Raw8Fist=Fist Raw8UseType=8 PermissionApplied=1 SyntheticApplied=1 Classification=EARLY_PERMISSION_APPLIED
CORE RAW8_OPPORTUNITY_MISS_REARM ElapsedMs=54256.617 Actor=PC_Hero Action=2 Family=POWER Motion=Hero_Stand_None_Fist_P0_PowerAttack_Hit_N_Fwd_00_%_00_P1_100_R.xmot C1=36 Raw8Fist=Fist OpportunityOrdinal=16 Reason=NO_CONTACT_DISPATCH FullStop=0 LatchBefore=1 LatchAfter=0 LatchWriteAttempted=1 LatchWriteConfirmed=1
CORE RAW8_OPPORTUNITY_MISS_REARM ElapsedMs=54265.738 Actor=PC_Hero Action=2 Family=POWER Motion=Hero_Stand_None_Fist_P0_PowerAttack_Hit_N_Fwd_00_%_00_P1_100_R.xmot C1=36 Raw8Fist=Fist OpportunityOrdinal=16 Reason=NO_CONTACT_DISPATCH FullStop=0 LatchBefore=1 LatchAfter=0 LatchWriteAttempted=1 LatchWriteConfirmed=1
CORE RAW8_OPPORTUNITY_MISS_REARM ElapsedMs=54273.196 Actor=PC_Hero Action=2 Family=POWER Motion=Hero_Stand_None_Fist_P0_PowerAttack_Hit_N_Fwd_00_%_00_P1_100_R.xmot C1=36 Raw8Fist=Fist OpportunityOrdinal=16 Reason=NO_CONTACT_DISPATCH FullStop=0 LatchBefore=1 LatchAfter=0 LatchWriteAttempted=1 LatchWriteConfirmed=1
CORE RAW8_OPPORTUNITY_MISS_REARM ElapsedMs=54281.649 Actor=PC_Hero Action=2 Family=POWER Motion=Hero_Stand_None_Fist_P0_PowerAttack_Hit_N_Fwd_00_%_00_P1_100_R.xmot C1=36 Raw8Fist=Fist OpportunityOrdinal=16 Reason=NO_CONTACT_DISPATCH FullStop=0 LatchBefore=1 LatchAfter=0 LatchWriteAttempted=1 LatchWriteConfirmed=1
CORE RAW8_OPPORTUNITY_MISS_REARM ElapsedMs=54289.175 Actor=PC_Hero Action=2 Family=POWER Motion=Hero_Stand_None_Fist_P0_PowerAttack_Hit_N_Fwd_00_%_00_P1_100_R.xmot C1=36 Raw8Fist=Fist OpportunityOrdinal=16 Reason=NO_CONTACT_DISPATCH FullStop=0 LatchBefore=1 LatchAfter=0 LatchWriteAttempted=1 LatchWriteConfirmed=1
CORE RAW8_OPPORTUNITY_MISS_REARM ElapsedMs=54298.798 Actor=PC_Hero Action=2 Family=POWER Motion=Hero_Stand_None_Fist_P0_PowerAttack_Hit_N_Fwd_00_%_00_P1_100_R.xmot C1=36 Raw8Fist=Fist OpportunityOrdinal=16 Reason=NO_CONTACT_DISPATCH FullStop=0 LatchBefore=1 LatchAfter=0 LatchWriteAttempted=1 LatchWriteConfirmed=1
CORE RAW8_OPPORTUNITY_MISS_REARM ElapsedMs=54306.679 Actor=PC_Hero Action=2 Family=POWER Motion=Hero_Stand_None_Fist_P0_PowerAttack_Hit_N_Fwd_00_%_00_P1_100_R.xmot C1=36 Raw8Fist=Fist OpportunityOrdinal=16 Reason=NO_CONTACT_DISPATCH FullStop=0 LatchBefore=1 LatchAfter=0 LatchWriteAttempted=1 LatchWriteConfirmed=1
CORE RAW8_OPPORTUNITY_MISS_REARM ElapsedMs=54315.443 Actor=PC_Hero Action=2 Family=POWER Motion=Hero_Stand_None_Fist_P0_PowerAttack_Hit_N_Fwd_00_%_00_P1_100_R.xmot C1=36 Raw8Fist=Fist OpportunityOrdinal=16 Reason=NO_CONTACT_DISPATCH FullStop=0 LatchBefore=1 LatchAfter=0 LatchWriteAttempted=1 LatchWriteConfirmed=1
CORE RAW8_FIST_TIMING ElapsedMs=54323.938 Actor=PC_Hero C1=36 PermissionRetired=1 Reason=REAL_TIME_REACHED_FORCED_VALUE
CORE RAW8_OPPORTUNITY_MISS_REARM ElapsedMs=54323.971 Actor=PC_Hero Action=2 Family=POWER Motion=Hero_Stand_None_Fist_P0_PowerAttack_Hit_N_Fwd_00_%_00_P1_100_R.xmot C1=36 Raw8Fist=Fist OpportunityOrdinal=16 Reason=NO_CONTACT_DISPATCH FullStop=0 LatchBefore=1 LatchAfter=0 LatchWriteAttempted=1 LatchWriteConfirmed=1
CORE C1_FINAL ElapsedMs=54331.797 Actor=Golem Generation=37 Status=PERSISTED SourceCount=1 PhysicalChanged=0 Source[0]=Fist Side=RIGHT Outstanding=0 Cleanup=0 Outcome=NO_OP_NO_OUTSTANDING
CORE RAW8_OPPORTUNITY_MISS_REARM ElapsedMs=54332.198 Actor=PC_Hero Action=2 Family=POWER Motion=Hero_Stand_None_Fist_P0_PowerAttack_Hit_N_Fwd_00_%_00_P1_100_R.xmot C1=36 Raw8Fist=Fist OpportunityOrdinal=16 Reason=NO_CONTACT_DISPATCH FullStop=0 LatchBefore=1 LatchAfter=0 LatchWriteAttempted=1 LatchWriteConfirmed=1
CORE RAW8_OPPORTUNITY_MISS_REARM ElapsedMs=54339.686 Actor=PC_Hero Action=2 Family=POWER Motion=Hero_Stand_None_Fist_P0_PowerAttack_Hit_N_Fwd_00_%_00_P1_100_R.xmot C1=36 Raw8Fist=Fist OpportunityOrdinal=16 Reason=NO_CONTACT_DISPATCH FullStop=0 LatchBefore=1 LatchAfter=0 LatchWriteAttempted=1 LatchWriteConfirmed=1
CORE RAW8_OPPORTUNITY_MISS_REARM ElapsedMs=54347.888 Actor=PC_Hero Action=2 Family=POWER Motion=Hero_Stand_None_Fist_P0_PowerAttack_Hit_N_Fwd_00_%_00_P1_100_R.xmot C1=36 Raw8Fist=Fist OpportunityOrdinal=16 Reason=NO_CONTACT_DISPATCH FullStop=0 LatchBefore=1 LatchAfter=0 LatchWriteAttempted=1 LatchWriteConfirmed=1
CORE RAW8_OPPORTUNITY_MISS_REARM ElapsedMs=54356.195 Actor=PC_Hero Action=2 Family=POWER Motion=Hero_Stand_None_Fist_P0_PowerAttack_Hit_N_Fwd_00_%_00_P1_100_R.xmot C1=36 Raw8Fist=Fist OpportunityOrdinal=16 Reason=NO_CONTACT_DISPATCH FullStop=0 LatchBefore=1 LatchAfter=0 LatchWriteAttempted=1 LatchWriteConfirmed=1
CORE RAW8_OPPORTUNITY_MISS_REARM ElapsedMs=54363.894 Actor=PC_Hero Action=2 Family=POWER Motion=Hero_Stand_None_Fist_P0_PowerAttack_Hit_N_Fwd_00_%_00_P1_100_R.xmot C1=36 Raw8Fist=Fist OpportunityOrdinal=16 Reason=NO_CONTACT_DISPATCH FullStop=0 LatchBefore=1 LatchAfter=0 LatchWriteAttempted=1 LatchWriteConfirmed=1
CORE RAW8_OPPORTUNITY_MISS_REARM ElapsedMs=54371.423 Actor=PC_Hero Action=2 Family=POWER Motion=Hero_Stand_None_Fist_P0_PowerAttack_Hit_N_Fwd_00_%_00_P1_100_R.xmot C1=36 Raw8Fist=Fist OpportunityOrdinal=16 Reason=NO_CONTACT_DISPATCH FullStop=0 LatchBefore=1 LatchAfter=0 LatchWriteAttempted=1 LatchWriteConfirmed=1
CORE RAW8_OPPORTUNITY_MISS_REARM ElapsedMs=54380.636 Actor=PC_Hero Action=2 Family=POWER Motion=Hero_Stand_None_Fist_P0_PowerAttack_Hit_N_Fwd_00_%_00_P1_100_R.xmot C1=36 Raw8Fist=Fist OpportunityOrdinal=16 Reason=NO_CONTACT_DISPATCH FullStop=0 LatchBefore=1 LatchAfter=0 LatchWriteAttempted=1 LatchWriteConfirmed=1
CORE RAW8_OPPORTUNITY_MISS_REARM ElapsedMs=54388.046 Actor=PC_Hero Action=2 Family=POWER Motion=Hero_Stand_None_Fist_P0_PowerAttack_Hit_N_Fwd_00_%_00_P1_100_R.xmot C1=36 Raw8Fist=Fist OpportunityOrdinal=16 Reason=NO_CONTACT_DISPATCH FullStop=0 LatchBefore=1 LatchAfter=0 LatchWriteAttempted=1 LatchWriteConfirmed=1
CORE RAW8_OPPORTUNITY_MISS_REARM ElapsedMs=54396.489 Actor=PC_Hero Action=2 Family=POWER Motion=Hero_Stand_None_Fist_P0_PowerAttack_Hit_N_Fwd_00_%_00_P1_100_R.xmot C1=36 Raw8Fist=Fist OpportunityOrdinal=16 Reason=NO_CONTACT_DISPATCH FullStop=0 LatchBefore=1 LatchAfter=0 LatchWriteAttempted=1 LatchWriteConfirmed=1
CORE RAW8_OPPORTUNITY_MISS_REARM ElapsedMs=54404.309 Actor=PC_Hero Action=2 Family=POWER Motion=Hero_Stand_None_Fist_P0_PowerAttack_Hit_N_Fwd_00_%_00_P1_100_R.xmot C1=36 Raw8Fist=Fist OpportunityOrdinal=16 Reason=NO_CONTACT_DISPATCH FullStop=0 LatchBefore=1 LatchAfter=0 LatchWriteAttempted=1 LatchWriteConfirmed=1
CORE RAW8_OPPORTUNITY_MISS_REARM ElapsedMs=54412.321 Actor=PC_Hero Action=2 Family=POWER Motion=Hero_Stand_None_Fist_P0_PowerAttack_Hit_N_Fwd_00_%_00_P1_100_R.xmot C1=36 Raw8Fist=Fist OpportunityOrdinal=16 Reason=NO_CONTACT_DISPATCH FullStop=0 LatchBefore=1 LatchAfter=0 LatchWriteAttempted=1 LatchWriteConfirmed=1
CORE RAW8_OPPORTUNITY_MISS_REARM ElapsedMs=54420.392 Actor=PC_Hero Action=2 Family=POWER Motion=Hero_Stand_None_Fist_P0_PowerAttack_Hit_N_Fwd_00_%_00_P1_100_R.xmot C1=36 Raw8Fist=Fist OpportunityOrdinal=16 Reason=NO_CONTACT_DISPATCH FullStop=0 LatchBefore=1 LatchAfter=0 LatchWriteAttempted=1 LatchWriteConfirmed=1
CORE RAW8_OPPORTUNITY_MISS_REARM ElapsedMs=54428.220 Actor=PC_Hero Action=2 Family=POWER Motion=Hero_Stand_None_Fist_P0_PowerAttack_Hit_N_Fwd_00_%_00_P1_100_R.xmot C1=36 Raw8Fist=Fist OpportunityOrdinal=16 Reason=NO_CONTACT_DISPATCH FullStop=0 LatchBefore=1 LatchAfter=0 LatchWriteAttempted=1 LatchWriteConfirmed=1
CORE RAW8_OPPORTUNITY_MISS_REARM ElapsedMs=54436.725 Actor=PC_Hero Action=2 Family=POWER Motion=Hero_Stand_None_Fist_P0_PowerAttack_Hit_N_Fwd_00_%_00_P1_100_R.xmot C1=36 Raw8Fist=Fist OpportunityOrdinal=16 Reason=NO_CONTACT_DISPATCH FullStop=0 LatchBefore=1 LatchAfter=0 LatchWriteAttempted=1 LatchWriteConfirmed=1
CORE RAW8_OPPORTUNITY_CLOSE ElapsedMs=54445.750 Actor=PC_Hero Action=2 Family=POWER Motion=Hero_Stand_None_Fist_P0_PowerAttack_Hit_N_Fwd_00_%_00_P1_100_R.xmot C1=36 Raw8Fist=Fist OpportunityOrdinal=16 Reason=C1_FINALIZED LatchBefore=0 LatchAfter=1 LatchWriteAttempted=1 LatchWriteConfirmed=1
CORE C1_FINAL ElapsedMs=54445.783 Actor=PC_Hero Generation=36 Status=PERSISTED SourceCount=1 PhysicalChanged=0 Source[0]=Fist Side=RIGHT Outstanding=0 Cleanup=0 Outcome=NO_OP_NO_OUTSTANDING
CORE C1_START ElapsedMs=54679.081 Actor=Golem Generation=38 Status=CANDIDATE Outstanding=0 TrackedSources=1 ReplacedGeneration=0 ReplacedOutstanding=0 Source[0]=Fist Side=RIGHT Group=0
CORE C1_BIND ElapsedMs=54679.092 Event=COMBAT_MOVE_CANDIDATE_BOUND Actor=Golem Generation=38 Status=CANDIDATE Outstanding=0 Source=<null> Script=_AI_Attack
CORE C1_STATUS ElapsedMs=54679.150 Event=PERSISTED Actor=Golem Generation=38 Status=PERSISTED Outstanding=0
CORE ATTACK_OWNERSHIP ElapsedMs=54679.168 Actor=Golem Family=NORMAL Action=1 Phase=1 Motion=Golem_Stand_None_Fist_P0_Attack_Hit_N_Fwd_00_%_00_P0_100_R.xmot MarkerPresent=0 RequiredMask=0 FistMarkers=0 Raw8Fist=<none> Raw8UseType=-1 SuppressNative=0 Classification=ROUTINE
CORE COLLISION_GROUP ElapsedMs=54914.376 Source=Fist UseType=8 Owner=<unresolved> Slot=NONE Requested=7 Before=0 After=0 MarkerBitsRetired=0
CORE C1_FINAL ElapsedMs=55061.584 Actor=Golem Generation=38 Status=PERSISTED SourceCount=1 PhysicalChanged=0 Source[0]=Fist Side=RIGHT Outstanding=0 Cleanup=0 Outcome=NO_OP_NO_OUTSTANDING
CORE C1_START ElapsedMs=56049.870 Actor=PC_Hero Generation=39 Status=CANDIDATE Outstanding=0 TrackedSources=1 ReplacedGeneration=0 ReplacedOutstanding=0 Source[0]=Fist Side=RIGHT Group=0
CORE C1_BIND ElapsedMs=56049.883 Event=COMBAT_MOVE_CANDIDATE_BOUND Actor=PC_Hero Generation=39 Status=CANDIDATE Outstanding=0 Source=<null> Script=_AI_Attack
CORE C1_STATUS ElapsedMs=56049.943 Event=PERSISTED Actor=PC_Hero Generation=39 Status=PERSISTED Outstanding=0
CORE RAW8_FIST_OWNERSHIP ElapsedMs=56049.960 Actor=PC_Hero Action=1 Family=NORMAL Motion=Hero_Stand_None_Fist_P0_Attack_Hit_N_Fwd_00_%_00_P1_100_R.xmot C1=39 Raw8Fist=Fist Raw8UseType=8 InitialClose=0->1 Result=CONFIRMED
CORE ATTACK_OWNERSHIP ElapsedMs=56049.971 Actor=PC_Hero Family=NORMAL Action=1 Phase=1 Motion=Hero_Stand_None_Fist_P0_Attack_Hit_N_Fwd_00_%_00_P1_100_R.xmot MarkerPresent=1 RequiredMask=0 FistMarkers=1 Raw8Fist=Fist Raw8UseType=8 SuppressNative=0 Classification=ROUTINE
CORE C1_START ElapsedMs=56064.512 Actor=Golem Generation=40 Status=CANDIDATE Outstanding=0 TrackedSources=1 ReplacedGeneration=0 ReplacedOutstanding=0 Source[0]=Fist Side=RIGHT Group=0
CORE C1_BIND ElapsedMs=56064.524 Event=COMBAT_MOVE_CANDIDATE_BOUND Actor=Golem Generation=40 Status=CANDIDATE Outstanding=0 Source=<null> Script=_AI_JumpBack
CORE C1_STATUS ElapsedMs=56064.628 Event=PERSISTED Actor=Golem Generation=40 Status=PERSISTED Outstanding=0
CORE RAW8_FIST_TIMING ElapsedMs=56158.022 Actor=PC_Hero Action=1 Family=NORMAL Motion=Hero_Stand_None_Fist_P0_Attack_Hit_N_Fwd_00_%_00_P1_100_R.xmot C1=39 Raw8Fist=Fist Raw8UseType=8 AcceptedRearm=1->0 OwnershipMatched=1 Classification=EARLY_PERMISSION_ARMED
CORE RAW8_OPPORTUNITY_OPEN ElapsedMs=56158.051 Actor=PC_Hero Action=1 Family=NORMAL Motion=Hero_Stand_None_Fist_P0_Attack_Hit_N_Fwd_00_%_00_P1_100_R.xmot C1=39 Raw8Fist=Fist OpportunityOrdinal=17 Reason=ACCEPTED_FIST LatchBefore=1 LatchAfter=0 LatchWriteAttempted=1 LatchWriteConfirmed=1 TimingActive=1
CORE MARKER ElapsedMs=56158.066 Actor=PC_Hero Action=1 Family=NORMAL Phase=1 Motion=Hero_Stand_None_Fist_P0_Attack_Hit_N_Fwd_00_%_00_P1_100_R.xmot Marker=FIST Result=ACCEPTED C1Valid=1 C1=39 StatePosition=0 PreviousMask=0 DesiredMask=0 RetiredMask=0 OwnedMask=0 MarkerOwnedMask=0 Activated=0 Deactivated=0 Retired=0 RearmRequests=0 Clears=0 Raw8Fist=Fist Raw8UseType=8 Latch=1->0 LatchConfirmed=1
CORE RAW8_FIST_TIMING ElapsedMs=56164.908 Actor=PC_Hero Action=1 Family=NORMAL Motion=Hero_Stand_None_Fist_P0_Attack_Hit_N_Fwd_00_%_00_P1_100_R.xmot C1=39 Raw8Fist=Fist Raw8UseType=8 PermissionApplied=1 SyntheticApplied=1 Classification=EARLY_PERMISSION_APPLIED
CORE RAW8_OPPORTUNITY_CONTACT_CONSUMED ElapsedMs=56167.311 Actor=PC_Hero Action=1 Family=NORMAL Motion=Hero_Stand_None_Fist_P0_Attack_Hit_N_Fwd_00_%_00_P1_100_R.xmot C1=39 Raw8Fist=Fist OpportunityOrdinal=17 Reason=EXACT_NATIVE_CONTACT_DISPATCH LatchValue=1
CORE RAW8_FIST_TIMING ElapsedMs=56167.329 Actor=PC_Hero C1=39 PermissionRetired=1 Reason=CONTACT_CONSUMED
CORE ONDAMAGE ElapsedMs=56167.344 Ordinal=9 Target=Golem Arg1=Fist Arg2=PC_Hero Caller=Game.dll+0x0016E348 PlayerAction=1 PlayerPhase=1 PlayerMotion=Hero_Stand_None_Fist_P0_Attack_Hit_N_Fwd_00_%_00_P1_100_R.xmot Raw8Fist=Fist Raw8UseType=8 Raw8Group=0
CORE C1_START ElapsedMs=56173.379 Actor=Golem Generation=41 Status=CANDIDATE Outstanding=0 TrackedSources=1 ReplacedGeneration=40 ReplacedOutstanding=0 Source[0]=Fist Side=RIGHT Group=0
CORE C1_BIND ElapsedMs=56173.391 Event=COMBAT_MOVE_CANDIDATE_BOUND Actor=Golem Generation=41 Status=CANDIDATE Outstanding=0 Source=<null> Script=_AI_Stumble
CORE C1_STATUS ElapsedMs=56173.471 Event=PERSISTED Actor=Golem Generation=41 Status=PERSISTED Outstanding=0
CORE COLLISION_GROUP ElapsedMs=56280.892 Source=Fist UseType=8 Owner=<unresolved> Slot=NONE Requested=7 Before=0 After=0 MarkerBitsRetired=0
CORE C1_FINAL ElapsedMs=56341.826 Actor=PC_Hero Generation=39 Status=PERSISTED SourceCount=1 PhysicalChanged=0 Source[0]=Fist Side=RIGHT Outstanding=0 Cleanup=0 Outcome=NO_OP_NO_OUTSTANDING
CORE C1_FINAL ElapsedMs=56513.522 Actor=Golem Generation=41 Status=PERSISTED SourceCount=1 PhysicalChanged=0 Source[0]=Fist Side=RIGHT Outstanding=0 Cleanup=0 Outcome=NO_OP_NO_OUTSTANDING
CORE C1_START ElapsedMs=56814.569 Actor=Golem Generation=42 Status=CANDIDATE Outstanding=0 TrackedSources=1 ReplacedGeneration=0 ReplacedOutstanding=0 Source[0]=Fist Side=RIGHT Group=0
CORE C1_BIND ElapsedMs=56814.581 Event=COMBAT_MOVE_CANDIDATE_BOUND Actor=Golem Generation=42 Status=CANDIDATE Outstanding=0 Source=<null> Script=_AI_Attack
CORE C1_STATUS ElapsedMs=56814.695 Event=PERSISTED Actor=Golem Generation=42 Status=PERSISTED Outstanding=0
CORE C1_START ElapsedMs=56826.239 Actor=PC_Hero Generation=43 Status=CANDIDATE Outstanding=0 TrackedSources=1 ReplacedGeneration=0 ReplacedOutstanding=0 Source[0]=Fist Side=RIGHT Group=0
CORE C1_BIND ElapsedMs=56826.250 Event=COMBAT_MOVE_CANDIDATE_BOUND Actor=PC_Hero Generation=43 Status=CANDIDATE Outstanding=0 Source=<null> Script=_AI_Attack
CORE C1_STATUS ElapsedMs=56826.314 Event=PERSISTED Actor=PC_Hero Generation=43 Status=PERSISTED Outstanding=0
CORE RAW8_FIST_OWNERSHIP ElapsedMs=56826.329 Actor=PC_Hero Action=1 Family=NORMAL Motion=Hero_Stand_None_Fist_P1_Attack_Hit_N_Fwd_00_%_00_P0_100_L.xmot C1=43 Raw8Fist=Fist Raw8UseType=8 InitialClose=0->1 Result=CONFIRMED
CORE ATTACK_OWNERSHIP ElapsedMs=56826.340 Actor=PC_Hero Family=NORMAL Action=1 Phase=1 Motion=Hero_Stand_None_Fist_P1_Attack_Hit_N_Fwd_00_%_00_P0_100_L.xmot MarkerPresent=1 RequiredMask=0 FistMarkers=1 Raw8Fist=Fist Raw8UseType=8 SuppressNative=0 Classification=ROUTINE
CORE RAW8_FIST_TIMING ElapsedMs=56934.896 Actor=PC_Hero Action=1 Family=NORMAL Motion=Hero_Stand_None_Fist_P1_Attack_Hit_N_Fwd_00_%_00_P0_100_L.xmot C1=43 Raw8Fist=Fist Raw8UseType=8 AcceptedRearm=1->0 OwnershipMatched=1 Classification=EARLY_PERMISSION_ARMED
CORE RAW8_OPPORTUNITY_OPEN ElapsedMs=56934.925 Actor=PC_Hero Action=1 Family=NORMAL Motion=Hero_Stand_None_Fist_P1_Attack_Hit_N_Fwd_00_%_00_P0_100_L.xmot C1=43 Raw8Fist=Fist OpportunityOrdinal=18 Reason=ACCEPTED_FIST LatchBefore=1 LatchAfter=0 LatchWriteAttempted=1 LatchWriteConfirmed=1 TimingActive=1
CORE MARKER ElapsedMs=56934.937 Actor=PC_Hero Action=1 Family=NORMAL Phase=1 Motion=Hero_Stand_None_Fist_P1_Attack_Hit_N_Fwd_00_%_00_P0_100_L.xmot Marker=FIST Result=ACCEPTED C1Valid=1 C1=43 StatePosition=0 PreviousMask=0 DesiredMask=0 RetiredMask=0 OwnedMask=0 MarkerOwnedMask=0 Activated=0 Deactivated=0 Retired=0 RearmRequests=0 Clears=0 Raw8Fist=Fist Raw8UseType=8 Latch=1->0 LatchConfirmed=1
CORE RAW8_FIST_TIMING ElapsedMs=56941.727 Actor=PC_Hero Action=1 Family=NORMAL Motion=Hero_Stand_None_Fist_P1_Attack_Hit_N_Fwd_00_%_00_P0_100_L.xmot C1=43 Raw8Fist=Fist Raw8UseType=8 PermissionApplied=1 SyntheticApplied=1 Classification=EARLY_PERMISSION_APPLIED
CORE RAW8_OPPORTUNITY_CONTACT_CONSUMED ElapsedMs=56941.857 Actor=PC_Hero Action=1 Family=NORMAL Motion=Hero_Stand_None_Fist_P1_Attack_Hit_N_Fwd_00_%_00_P0_100_L.xmot C1=43 Raw8Fist=Fist OpportunityOrdinal=18 Reason=EXACT_NATIVE_CONTACT_DISPATCH LatchValue=1
CORE RAW8_FIST_TIMING ElapsedMs=56941.872 Actor=PC_Hero C1=43 PermissionRetired=1 Reason=CONTACT_CONSUMED
CORE ONDAMAGE ElapsedMs=56941.886 Ordinal=10 Target=Golem Arg1=Fist Arg2=PC_Hero Caller=Game.dll+0x0016E348 PlayerAction=1 PlayerPhase=1 PlayerMotion=Hero_Stand_None_Fist_P1_Attack_Hit_N_Fwd_00_%_00_P0_100_L.xmot Raw8Fist=Fist Raw8UseType=8 Raw8Group=0
CORE C1_START ElapsedMs=56945.971 Actor=Golem Generation=44 Status=CANDIDATE Outstanding=0 TrackedSources=1 ReplacedGeneration=42 ReplacedOutstanding=0 Source[0]=Fist Side=RIGHT Group=0
CORE C1_BIND ElapsedMs=56945.982 Event=COMBAT_MOVE_CANDIDATE_BOUND Actor=Golem Generation=44 Status=CANDIDATE Outstanding=0 Source=<null> Script=_AI_Stumble
CORE C1_STATUS ElapsedMs=56946.048 Event=PERSISTED Actor=Golem Generation=44 Status=PERSISTED Outstanding=0
CORE COLLISION_GROUP ElapsedMs=57064.600 Source=Fist UseType=8 Owner=<unresolved> Slot=NONE Requested=7 Before=0 After=0 MarkerBitsRetired=0
CORE C1_FINAL ElapsedMs=57128.226 Actor=PC_Hero Generation=43 Status=PERSISTED SourceCount=1 PhysicalChanged=0 Source[0]=Fist Side=RIGHT Outstanding=0 Cleanup=0 Outcome=NO_OP_NO_OUTSTANDING
CORE C1_FINAL ElapsedMs=57300.525 Actor=Golem Generation=44 Status=PERSISTED SourceCount=1 PhysicalChanged=0 Source[0]=Fist Side=RIGHT Outstanding=0 Cleanup=0 Outcome=NO_OP_NO_OUTSTANDING
CORE C1_START ElapsedMs=57738.883 Actor=Golem Generation=45 Status=CANDIDATE Outstanding=0 TrackedSources=1 ReplacedGeneration=0 ReplacedOutstanding=0 Source[0]=Fist Side=RIGHT Group=0
CORE C1_BIND ElapsedMs=57739.080 Event=COMBAT_MOVE_CANDIDATE_BOUND Actor=Golem Generation=45 Status=CANDIDATE Outstanding=0 Source=<null> Script=_AI_Attack
CORE C1_STATUS ElapsedMs=57739.170 Event=PERSISTED Actor=Golem Generation=45 Status=PERSISTED Outstanding=0
CORE COLLISION_GROUP ElapsedMs=57980.741 Source=Fist UseType=8 Owner=<unresolved> Slot=NONE Requested=7 Before=0 After=0 MarkerBitsRetired=0
CORE C1_FINAL ElapsedMs=58120.149 Actor=Golem Generation=45 Status=PERSISTED SourceCount=1 PhysicalChanged=0 Source[0]=Fist Side=RIGHT Outstanding=0 Cleanup=0 Outcome=NO_OP_NO_OUTSTANDING
CORE C1_START ElapsedMs=59048.488 Actor=PC_Hero Generation=46 Status=CANDIDATE Outstanding=0 TrackedSources=1 ReplacedGeneration=0 ReplacedOutstanding=0 Source[0]=Fist Side=RIGHT Group=0
CORE C1_BIND ElapsedMs=59048.500 Event=COMBAT_MOVE_CANDIDATE_BOUND Actor=PC_Hero Generation=46 Status=CANDIDATE Outstanding=0 Source=<null> Script=_AI_PowerAttack
CORE C1_STATUS ElapsedMs=59048.562 Event=PERSISTED Actor=PC_Hero Generation=46 Status=PERSISTED Outstanding=0
CORE C1_START ElapsedMs=59095.121 Actor=Golem Generation=47 Status=CANDIDATE Outstanding=0 TrackedSources=1 ReplacedGeneration=0 ReplacedOutstanding=0 Source[0]=Fist Side=RIGHT Group=0
CORE C1_BIND ElapsedMs=59095.133 Event=COMBAT_MOVE_CANDIDATE_BOUND Actor=Golem Generation=47 Status=CANDIDATE Outstanding=0 Source=<null> Script=_AI_JumpBack
CORE C1_STATUS ElapsedMs=59095.197 Event=PERSISTED Actor=Golem Generation=47 Status=PERSISTED Outstanding=0
CORE C1_BIND ElapsedMs=59311.016 Event=COMBAT_MOVE_REUSED Actor=PC_Hero Generation=46 Status=PERSISTED Outstanding=0 Source=<null> Script=_AI_PowerAttack
CORE RAW8_FIST_OWNERSHIP ElapsedMs=59311.097 Actor=PC_Hero Action=2 Family=POWER Motion=Hero_Stand_None_Fist_P0_PowerAttack_Hit_N_Fwd_00_%_00_P1_100_R.xmot C1=46 Raw8Fist=Fist Raw8UseType=8 InitialClose=0->1 Result=CONFIRMED
CORE ATTACK_OWNERSHIP ElapsedMs=59311.110 Actor=PC_Hero Family=POWER Action=2 Phase=1 Motion=Hero_Stand_None_Fist_P0_PowerAttack_Hit_N_Fwd_00_%_00_P1_100_R.xmot MarkerPresent=1 RequiredMask=0 FistMarkers=1 Raw8Fist=Fist Raw8UseType=8 SuppressNative=0 Classification=ROUTINE
CORE COLLISION_GROUP ElapsedMs=59311.144 Source=Fist UseType=8 Owner=<unresolved> Slot=NONE Requested=7 Before=0 After=0 MarkerBitsRetired=0
CORE RAW8_FIST_TIMING ElapsedMs=59416.324 Actor=PC_Hero Action=2 Family=POWER Motion=Hero_Stand_None_Fist_P0_PowerAttack_Hit_N_Fwd_00_%_00_P1_100_R.xmot C1=46 Raw8Fist=Fist Raw8UseType=8 AcceptedRearm=1->0 OwnershipMatched=1 Classification=EARLY_PERMISSION_ARMED
CORE RAW8_OPPORTUNITY_OPEN ElapsedMs=59416.354 Actor=PC_Hero Action=2 Family=POWER Motion=Hero_Stand_None_Fist_P0_PowerAttack_Hit_N_Fwd_00_%_00_P1_100_R.xmot C1=46 Raw8Fist=Fist OpportunityOrdinal=19 Reason=ACCEPTED_FIST LatchBefore=1 LatchAfter=0 LatchWriteAttempted=1 LatchWriteConfirmed=1 TimingActive=1
CORE MARKER ElapsedMs=59416.367 Actor=PC_Hero Action=2 Family=POWER Phase=1 Motion=Hero_Stand_None_Fist_P0_PowerAttack_Hit_N_Fwd_00_%_00_P1_100_R.xmot Marker=FIST Result=ACCEPTED C1Valid=1 C1=46 StatePosition=1 PreviousMask=0 DesiredMask=0 RetiredMask=0 OwnedMask=0 MarkerOwnedMask=0 Activated=0 Deactivated=0 Retired=0 RearmRequests=0 Clears=0 Raw8Fist=Fist Raw8UseType=8 Latch=1->0 LatchConfirmed=1
CORE RAW8_FIST_TIMING ElapsedMs=59425.079 Actor=PC_Hero Action=2 Family=POWER Motion=Hero_Stand_None_Fist_P0_PowerAttack_Hit_N_Fwd_00_%_00_P1_100_R.xmot C1=46 Raw8Fist=Fist Raw8UseType=8 PermissionApplied=1 SyntheticApplied=1 Classification=EARLY_PERMISSION_APPLIED
CORE RAW8_OPPORTUNITY_MISS_REARM ElapsedMs=59425.118 Actor=PC_Hero Action=2 Family=POWER Motion=Hero_Stand_None_Fist_P0_PowerAttack_Hit_N_Fwd_00_%_00_P1_100_R.xmot C1=46 Raw8Fist=Fist OpportunityOrdinal=19 Reason=NO_CONTACT_DISPATCH FullStop=0 LatchBefore=1 LatchAfter=0 LatchWriteAttempted=1 LatchWriteConfirmed=1
CORE RAW8_OPPORTUNITY_MISS_REARM ElapsedMs=59433.431 Actor=PC_Hero Action=2 Family=POWER Motion=Hero_Stand_None_Fist_P0_PowerAttack_Hit_N_Fwd_00_%_00_P1_100_R.xmot C1=46 Raw8Fist=Fist OpportunityOrdinal=19 Reason=NO_CONTACT_DISPATCH FullStop=0 LatchBefore=1 LatchAfter=0 LatchWriteAttempted=1 LatchWriteConfirmed=1
CORE RAW8_OPPORTUNITY_MISS_REARM ElapsedMs=59442.412 Actor=PC_Hero Action=2 Family=POWER Motion=Hero_Stand_None_Fist_P0_PowerAttack_Hit_N_Fwd_00_%_00_P1_100_R.xmot C1=46 Raw8Fist=Fist OpportunityOrdinal=19 Reason=NO_CONTACT_DISPATCH FullStop=0 LatchBefore=1 LatchAfter=0 LatchWriteAttempted=1 LatchWriteConfirmed=1
CORE RAW8_OPPORTUNITY_MISS_REARM ElapsedMs=59448.719 Actor=PC_Hero Action=2 Family=POWER Motion=Hero_Stand_None_Fist_P0_PowerAttack_Hit_N_Fwd_00_%_00_P1_100_R.xmot C1=46 Raw8Fist=Fist OpportunityOrdinal=19 Reason=NO_CONTACT_DISPATCH FullStop=0 LatchBefore=1 LatchAfter=0 LatchWriteAttempted=1 LatchWriteConfirmed=1
CORE RAW8_OPPORTUNITY_MISS_REARM ElapsedMs=59456.780 Actor=PC_Hero Action=2 Family=POWER Motion=Hero_Stand_None_Fist_P0_PowerAttack_Hit_N_Fwd_00_%_00_P1_100_R.xmot C1=46 Raw8Fist=Fist OpportunityOrdinal=19 Reason=NO_CONTACT_DISPATCH FullStop=0 LatchBefore=1 LatchAfter=0 LatchWriteAttempted=1 LatchWriteConfirmed=1
CORE RAW8_OPPORTUNITY_MISS_REARM ElapsedMs=59463.732 Actor=PC_Hero Action=2 Family=POWER Motion=Hero_Stand_None_Fist_P0_PowerAttack_Hit_N_Fwd_00_%_00_P1_100_R.xmot C1=46 Raw8Fist=Fist OpportunityOrdinal=19 Reason=NO_CONTACT_DISPATCH FullStop=0 LatchBefore=1 LatchAfter=0 LatchWriteAttempted=1 LatchWriteConfirmed=1
CORE RAW8_OPPORTUNITY_MISS_REARM ElapsedMs=59471.977 Actor=PC_Hero Action=2 Family=POWER Motion=Hero_Stand_None_Fist_P0_PowerAttack_Hit_N_Fwd_00_%_00_P1_100_R.xmot C1=46 Raw8Fist=Fist OpportunityOrdinal=19 Reason=NO_CONTACT_DISPATCH FullStop=0 LatchBefore=1 LatchAfter=0 LatchWriteAttempted=1 LatchWriteConfirmed=1
CORE RAW8_OPPORTUNITY_MISS_REARM ElapsedMs=59478.765 Actor=PC_Hero Action=2 Family=POWER Motion=Hero_Stand_None_Fist_P0_PowerAttack_Hit_N_Fwd_00_%_00_P1_100_R.xmot C1=46 Raw8Fist=Fist OpportunityOrdinal=19 Reason=NO_CONTACT_DISPATCH FullStop=0 LatchBefore=1 LatchAfter=0 LatchWriteAttempted=1 LatchWriteConfirmed=1
CORE RAW8_FIST_TIMING ElapsedMs=59487.015 Actor=PC_Hero C1=46 PermissionRetired=1 Reason=REAL_TIME_REACHED_FORCED_VALUE
CORE RAW8_OPPORTUNITY_MISS_REARM ElapsedMs=59487.052 Actor=PC_Hero Action=2 Family=POWER Motion=Hero_Stand_None_Fist_P0_PowerAttack_Hit_N_Fwd_00_%_00_P1_100_R.xmot C1=46 Raw8Fist=Fist OpportunityOrdinal=19 Reason=NO_CONTACT_DISPATCH FullStop=0 LatchBefore=1 LatchAfter=0 LatchWriteAttempted=1 LatchWriteConfirmed=1
CORE RAW8_OPPORTUNITY_MISS_REARM ElapsedMs=59493.548 Actor=PC_Hero Action=2 Family=POWER Motion=Hero_Stand_None_Fist_P0_PowerAttack_Hit_N_Fwd_00_%_00_P1_100_R.xmot C1=46 Raw8Fist=Fist OpportunityOrdinal=19 Reason=NO_CONTACT_DISPATCH FullStop=0 LatchBefore=1 LatchAfter=0 LatchWriteAttempted=1 LatchWriteConfirmed=1
CORE RAW8_OPPORTUNITY_MISS_REARM ElapsedMs=59502.967 Actor=PC_Hero Action=2 Family=POWER Motion=Hero_Stand_None_Fist_P0_PowerAttack_Hit_N_Fwd_00_%_00_P1_100_R.xmot C1=46 Raw8Fist=Fist OpportunityOrdinal=19 Reason=NO_CONTACT_DISPATCH FullStop=0 LatchBefore=1 LatchAfter=0 LatchWriteAttempted=1 LatchWriteConfirmed=1
CORE RAW8_OPPORTUNITY_MISS_REARM ElapsedMs=59509.854 Actor=PC_Hero Action=2 Family=POWER Motion=Hero_Stand_None_Fist_P0_PowerAttack_Hit_N_Fwd_00_%_00_P1_100_R.xmot C1=46 Raw8Fist=Fist OpportunityOrdinal=19 Reason=NO_CONTACT_DISPATCH FullStop=0 LatchBefore=1 LatchAfter=0 LatchWriteAttempted=1 LatchWriteConfirmed=1
CORE RAW8_OPPORTUNITY_MISS_REARM ElapsedMs=59518.892 Actor=PC_Hero Action=2 Family=POWER Motion=Hero_Stand_None_Fist_P0_PowerAttack_Hit_N_Fwd_00_%_00_P1_100_R.xmot C1=46 Raw8Fist=Fist OpportunityOrdinal=19 Reason=NO_CONTACT_DISPATCH FullStop=0 LatchBefore=1 LatchAfter=0 LatchWriteAttempted=1 LatchWriteConfirmed=1
CORE C1_FINAL ElapsedMs=59525.349 Actor=Golem Generation=47 Status=PERSISTED SourceCount=1 PhysicalChanged=0 Source[0]=Fist Side=RIGHT Outstanding=0 Cleanup=0 Outcome=NO_OP_NO_OUTSTANDING
CORE RAW8_OPPORTUNITY_MISS_REARM ElapsedMs=59525.626 Actor=PC_Hero Action=2 Family=POWER Motion=Hero_Stand_None_Fist_P0_PowerAttack_Hit_N_Fwd_00_%_00_P1_100_R.xmot C1=46 Raw8Fist=Fist OpportunityOrdinal=19 Reason=NO_CONTACT_DISPATCH FullStop=0 LatchBefore=1 LatchAfter=0 LatchWriteAttempted=1 LatchWriteConfirmed=1
CORE C1_START ElapsedMs=59534.710 Actor=Golem Generation=48 Status=CANDIDATE Outstanding=0 TrackedSources=1 ReplacedGeneration=0 ReplacedOutstanding=0 Source[0]=Fist Side=RIGHT Group=0
CORE C1_BIND ElapsedMs=59534.721 Event=COMBAT_MOVE_CANDIDATE_BOUND Actor=Golem Generation=48 Status=CANDIDATE Outstanding=0 Source=<null> Script=_AI_PowerAttack
CORE C1_STATUS ElapsedMs=59534.773 Event=PERSISTED Actor=Golem Generation=48 Status=PERSISTED Outstanding=0
CORE RAW8_OPPORTUNITY_MISS_REARM ElapsedMs=59535.007 Actor=PC_Hero Action=2 Family=POWER Motion=Hero_Stand_None_Fist_P0_PowerAttack_Hit_N_Fwd_00_%_00_P1_100_R.xmot C1=46 Raw8Fist=Fist OpportunityOrdinal=19 Reason=NO_CONTACT_DISPATCH FullStop=0 LatchBefore=1 LatchAfter=0 LatchWriteAttempted=1 LatchWriteConfirmed=1
CORE RAW8_OPPORTUNITY_MISS_REARM ElapsedMs=59541.750 Actor=PC_Hero Action=2 Family=POWER Motion=Hero_Stand_None_Fist_P0_PowerAttack_Hit_N_Fwd_00_%_00_P1_100_R.xmot C1=46 Raw8Fist=Fist OpportunityOrdinal=19 Reason=NO_CONTACT_DISPATCH FullStop=0 LatchBefore=1 LatchAfter=0 LatchWriteAttempted=1 LatchWriteConfirmed=1
CORE RAW8_OPPORTUNITY_MISS_REARM ElapsedMs=59549.849 Actor=PC_Hero Action=2 Family=POWER Motion=Hero_Stand_None_Fist_P0_PowerAttack_Hit_N_Fwd_00_%_00_P1_100_R.xmot C1=46 Raw8Fist=Fist OpportunityOrdinal=19 Reason=NO_CONTACT_DISPATCH FullStop=0 LatchBefore=1 LatchAfter=0 LatchWriteAttempted=1 LatchWriteConfirmed=1
CORE RAW8_OPPORTUNITY_MISS_REARM ElapsedMs=59556.286 Actor=PC_Hero Action=2 Family=POWER Motion=Hero_Stand_None_Fist_P0_PowerAttack_Hit_N_Fwd_00_%_00_P1_100_R.xmot C1=46 Raw8Fist=Fist OpportunityOrdinal=19 Reason=NO_CONTACT_DISPATCH FullStop=0 LatchBefore=1 LatchAfter=0 LatchWriteAttempted=1 LatchWriteConfirmed=1
CORE RAW8_OPPORTUNITY_MISS_REARM ElapsedMs=59565.554 Actor=PC_Hero Action=2 Family=POWER Motion=Hero_Stand_None_Fist_P0_PowerAttack_Hit_N_Fwd_00_%_00_P1_100_R.xmot C1=46 Raw8Fist=Fist OpportunityOrdinal=19 Reason=NO_CONTACT_DISPATCH FullStop=0 LatchBefore=1 LatchAfter=0 LatchWriteAttempted=1 LatchWriteConfirmed=1
CORE RAW8_OPPORTUNITY_MISS_REARM ElapsedMs=59571.995 Actor=PC_Hero Action=2 Family=POWER Motion=Hero_Stand_None_Fist_P0_PowerAttack_Hit_N_Fwd_00_%_00_P1_100_R.xmot C1=46 Raw8Fist=Fist OpportunityOrdinal=19 Reason=NO_CONTACT_DISPATCH FullStop=0 LatchBefore=1 LatchAfter=0 LatchWriteAttempted=1 LatchWriteConfirmed=1
CORE RAW8_OPPORTUNITY_MISS_REARM ElapsedMs=59579.761 Actor=PC_Hero Action=2 Family=POWER Motion=Hero_Stand_None_Fist_P0_PowerAttack_Hit_N_Fwd_00_%_00_P1_100_R.xmot C1=46 Raw8Fist=Fist OpportunityOrdinal=19 Reason=NO_CONTACT_DISPATCH FullStop=0 LatchBefore=1 LatchAfter=0 LatchWriteAttempted=1 LatchWriteConfirmed=1
CORE RAW8_OPPORTUNITY_MISS_REARM ElapsedMs=59587.774 Actor=PC_Hero Action=2 Family=POWER Motion=Hero_Stand_None_Fist_P0_PowerAttack_Hit_N_Fwd_00_%_00_P1_100_R.xmot C1=46 Raw8Fist=Fist OpportunityOrdinal=19 Reason=NO_CONTACT_DISPATCH FullStop=0 LatchBefore=1 LatchAfter=0 LatchWriteAttempted=1 LatchWriteConfirmed=1
CORE RAW8_OPPORTUNITY_MISS_REARM ElapsedMs=59595.702 Actor=PC_Hero Action=2 Family=POWER Motion=Hero_Stand_None_Fist_P0_PowerAttack_Hit_N_Fwd_00_%_00_P1_100_R.xmot C1=46 Raw8Fist=Fist OpportunityOrdinal=19 Reason=NO_CONTACT_DISPATCH FullStop=0 LatchBefore=1 LatchAfter=0 LatchWriteAttempted=1 LatchWriteConfirmed=1
CORE RAW8_OPPORTUNITY_CLOSE ElapsedMs=59601.762 Actor=PC_Hero Action=2 Family=POWER Motion=Hero_Stand_None_Fist_P0_PowerAttack_Hit_N_Fwd_00_%_00_P1_100_R.xmot C1=46 Raw8Fist=Fist OpportunityOrdinal=19 Reason=C1_FINALIZED LatchBefore=0 LatchAfter=1 LatchWriteAttempted=1 LatchWriteConfirmed=1
CORE C1_FINAL ElapsedMs=59601.795 Actor=PC_Hero Generation=46 Status=PERSISTED SourceCount=1 PhysicalChanged=0 Source[0]=Fist Side=RIGHT Outstanding=0 Cleanup=0 Outcome=NO_OP_NO_OUTSTANDING
CORE C1_BIND ElapsedMs=59847.804 Event=COMBAT_MOVE_REUSED Actor=Golem Generation=48 Status=PERSISTED Outstanding=0 Source=<null> Script=_AI_PowerAttack
CORE ATTACK_OWNERSHIP ElapsedMs=59847.878 Actor=Golem Family=POWER Action=2 Phase=1 Motion=Golem_Stand_None_Fist_P0_PowerAttack_Hit_N_Fwd_00_%_00_P0_100_R.xmot MarkerPresent=0 RequiredMask=0 FistMarkers=0 Raw8Fist=<none> Raw8UseType=-1 SuppressNative=0 Classification=ROUTINE
CORE COLLISION_GROUP ElapsedMs=59847.894 Source=Fist UseType=8 Owner=<unresolved> Slot=NONE Requested=7 Before=0 After=0 MarkerBitsRetired=0
CORE C1_FINAL ElapsedMs=60213.736 Actor=Golem Generation=48 Status=PERSISTED SourceCount=1 PhysicalChanged=0 Source[0]=Fist Side=RIGHT Outstanding=0 Cleanup=0 Outcome=NO_OP_NO_OUTSTANDING
CORE C1_START ElapsedMs=60544.826 Actor=PC_Hero Generation=49 Status=CANDIDATE Outstanding=0 TrackedSources=1 ReplacedGeneration=0 ReplacedOutstanding=0 Source[0]=Fist Side=RIGHT Group=0
CORE C1_BIND ElapsedMs=60544.838 Event=COMBAT_MOVE_CANDIDATE_BOUND Actor=PC_Hero Generation=49 Status=CANDIDATE Outstanding=0 Source=<null> Script=_AI_PowerAttack
CORE C1_STATUS ElapsedMs=60544.895 Event=PERSISTED Actor=PC_Hero Generation=49 Status=PERSISTED Outstanding=0
CORE C1_START ElapsedMs=60698.024 Actor=Golem Generation=50 Status=CANDIDATE Outstanding=0 TrackedSources=1 ReplacedGeneration=0 ReplacedOutstanding=0 Source[0]=Fist Side=RIGHT Group=0
CORE C1_BIND ElapsedMs=60698.037 Event=COMBAT_MOVE_CANDIDATE_BOUND Actor=Golem Generation=50 Status=CANDIDATE Outstanding=0 Source=<null> Script=_AI_JumpBack
CORE C1_STATUS ElapsedMs=60698.090 Event=PERSISTED Actor=Golem Generation=50 Status=PERSISTED Outstanding=0
CORE C1_BIND ElapsedMs=60819.962 Event=COMBAT_MOVE_REUSED Actor=PC_Hero Generation=49 Status=PERSISTED Outstanding=0 Source=<null> Script=_AI_PowerAttack
CORE RAW8_FIST_OWNERSHIP ElapsedMs=60820.039 Actor=PC_Hero Action=2 Family=POWER Motion=Hero_Stand_None_Fist_P0_PowerAttack_Hit_N_Fwd_00_%_00_P1_100_R.xmot C1=49 Raw8Fist=Fist Raw8UseType=8 InitialClose=0->1 Result=CONFIRMED
CORE COLLISION_GROUP ElapsedMs=60820.077 Source=Fist UseType=8 Owner=<unresolved> Slot=NONE Requested=7 Before=0 After=0 MarkerBitsRetired=0
CORE RAW8_FIST_TIMING ElapsedMs=60924.253 Actor=PC_Hero Action=2 Family=POWER Motion=Hero_Stand_None_Fist_P0_PowerAttack_Hit_N_Fwd_00_%_00_P1_100_R.xmot C1=49 Raw8Fist=Fist Raw8UseType=8 AcceptedRearm=1->0 OwnershipMatched=1 Classification=EARLY_PERMISSION_ARMED
CORE RAW8_OPPORTUNITY_OPEN ElapsedMs=60924.282 Actor=PC_Hero Action=2 Family=POWER Motion=Hero_Stand_None_Fist_P0_PowerAttack_Hit_N_Fwd_00_%_00_P1_100_R.xmot C1=49 Raw8Fist=Fist OpportunityOrdinal=20 Reason=ACCEPTED_FIST LatchBefore=1 LatchAfter=0 LatchWriteAttempted=1 LatchWriteConfirmed=1 TimingActive=1
CORE MARKER ElapsedMs=60924.297 Actor=PC_Hero Action=2 Family=POWER Phase=1 Motion=Hero_Stand_None_Fist_P0_PowerAttack_Hit_N_Fwd_00_%_00_P1_100_R.xmot Marker=FIST Result=ACCEPTED C1Valid=1 C1=49 StatePosition=1 PreviousMask=0 DesiredMask=0 RetiredMask=0 OwnedMask=0 MarkerOwnedMask=0 Activated=0 Deactivated=0 Retired=0 RearmRequests=0 Clears=0 Raw8Fist=Fist Raw8UseType=8 Latch=1->0 LatchConfirmed=1
CORE RAW8_FIST_TIMING ElapsedMs=60932.090 Actor=PC_Hero Action=2 Family=POWER Motion=Hero_Stand_None_Fist_P0_PowerAttack_Hit_N_Fwd_00_%_00_P1_100_R.xmot C1=49 Raw8Fist=Fist Raw8UseType=8 PermissionApplied=1 SyntheticApplied=1 Classification=EARLY_PERMISSION_APPLIED
CORE RAW8_OPPORTUNITY_MISS_REARM ElapsedMs=60932.130 Actor=PC_Hero Action=2 Family=POWER Motion=Hero_Stand_None_Fist_P0_PowerAttack_Hit_N_Fwd_00_%_00_P1_100_R.xmot C1=49 Raw8Fist=Fist OpportunityOrdinal=20 Reason=NO_CONTACT_DISPATCH FullStop=0 LatchBefore=1 LatchAfter=0 LatchWriteAttempted=1 LatchWriteConfirmed=1
CORE RAW8_OPPORTUNITY_MISS_REARM ElapsedMs=60940.122 Actor=PC_Hero Action=2 Family=POWER Motion=Hero_Stand_None_Fist_P0_PowerAttack_Hit_N_Fwd_00_%_00_P1_100_R.xmot C1=49 Raw8Fist=Fist OpportunityOrdinal=20 Reason=NO_CONTACT_DISPATCH FullStop=0 LatchBefore=1 LatchAfter=0 LatchWriteAttempted=1 LatchWriteConfirmed=1
CORE RAW8_OPPORTUNITY_MISS_REARM ElapsedMs=60947.447 Actor=PC_Hero Action=2 Family=POWER Motion=Hero_Stand_None_Fist_P0_PowerAttack_Hit_N_Fwd_00_%_00_P1_100_R.xmot C1=49 Raw8Fist=Fist OpportunityOrdinal=20 Reason=NO_CONTACT_DISPATCH FullStop=0 LatchBefore=1 LatchAfter=0 LatchWriteAttempted=1 LatchWriteConfirmed=1
CORE RAW8_OPPORTUNITY_MISS_REARM ElapsedMs=60957.007 Actor=PC_Hero Action=2 Family=POWER Motion=Hero_Stand_None_Fist_P0_PowerAttack_Hit_N_Fwd_00_%_00_P1_100_R.xmot C1=49 Raw8Fist=Fist OpportunityOrdinal=20 Reason=NO_CONTACT_DISPATCH FullStop=0 LatchBefore=1 LatchAfter=0 LatchWriteAttempted=1 LatchWriteConfirmed=1
CORE RAW8_OPPORTUNITY_MISS_REARM ElapsedMs=60964.603 Actor=PC_Hero Action=2 Family=POWER Motion=Hero_Stand_None_Fist_P0_PowerAttack_Hit_N_Fwd_00_%_00_P1_100_R.xmot C1=49 Raw8Fist=Fist OpportunityOrdinal=20 Reason=NO_CONTACT_DISPATCH FullStop=0 LatchBefore=1 LatchAfter=0 LatchWriteAttempted=1 LatchWriteConfirmed=1
CORE RAW8_OPPORTUNITY_MISS_REARM ElapsedMs=60971.629 Actor=PC_Hero Action=2 Family=POWER Motion=Hero_Stand_None_Fist_P0_PowerAttack_Hit_N_Fwd_00_%_00_P1_100_R.xmot C1=49 Raw8Fist=Fist OpportunityOrdinal=20 Reason=NO_CONTACT_DISPATCH FullStop=0 LatchBefore=1 LatchAfter=0 LatchWriteAttempted=1 LatchWriteConfirmed=1
CORE RAW8_OPPORTUNITY_MISS_REARM ElapsedMs=60980.407 Actor=PC_Hero Action=2 Family=POWER Motion=Hero_Stand_None_Fist_P0_PowerAttack_Hit_N_Fwd_00_%_00_P1_100_R.xmot C1=49 Raw8Fist=Fist OpportunityOrdinal=20 Reason=NO_CONTACT_DISPATCH FullStop=0 LatchBefore=1 LatchAfter=0 LatchWriteAttempted=1 LatchWriteConfirmed=1
CORE RAW8_OPPORTUNITY_MISS_REARM ElapsedMs=60988.188 Actor=PC_Hero Action=2 Family=POWER Motion=Hero_Stand_None_Fist_P0_PowerAttack_Hit_N_Fwd_00_%_00_P1_100_R.xmot C1=49 Raw8Fist=Fist OpportunityOrdinal=20 Reason=NO_CONTACT_DISPATCH FullStop=0 LatchBefore=1 LatchAfter=0 LatchWriteAttempted=1 LatchWriteConfirmed=1
CORE RAW8_OPPORTUNITY_MISS_REARM ElapsedMs=60995.554 Actor=PC_Hero Action=2 Family=POWER Motion=Hero_Stand_None_Fist_P0_PowerAttack_Hit_N_Fwd_00_%_00_P1_100_R.xmot C1=49 Raw8Fist=Fist OpportunityOrdinal=20 Reason=NO_CONTACT_DISPATCH FullStop=0 LatchBefore=1 LatchAfter=0 LatchWriteAttempted=1 LatchWriteConfirmed=1
CORE RAW8_FIST_TIMING ElapsedMs=61004.203 Actor=PC_Hero C1=49 PermissionRetired=1 Reason=REAL_TIME_REACHED_FORCED_VALUE
CORE RAW8_OPPORTUNITY_MISS_REARM ElapsedMs=61004.239 Actor=PC_Hero Action=2 Family=POWER Motion=Hero_Stand_None_Fist_P0_PowerAttack_Hit_N_Fwd_00_%_00_P1_100_R.xmot C1=49 Raw8Fist=Fist OpportunityOrdinal=20 Reason=NO_CONTACT_DISPATCH FullStop=0 LatchBefore=1 LatchAfter=0 LatchWriteAttempted=1 LatchWriteConfirmed=1
CORE RAW8_OPPORTUNITY_MISS_REARM ElapsedMs=61011.666 Actor=PC_Hero Action=2 Family=POWER Motion=Hero_Stand_None_Fist_P0_PowerAttack_Hit_N_Fwd_00_%_00_P1_100_R.xmot C1=49 Raw8Fist=Fist OpportunityOrdinal=20 Reason=NO_CONTACT_DISPATCH FullStop=0 LatchBefore=1 LatchAfter=0 LatchWriteAttempted=1 LatchWriteConfirmed=1
CORE RAW8_OPPORTUNITY_MISS_REARM ElapsedMs=61019.966 Actor=PC_Hero Action=2 Family=POWER Motion=Hero_Stand_None_Fist_P0_PowerAttack_Hit_N_Fwd_00_%_00_P1_100_R.xmot C1=49 Raw8Fist=Fist OpportunityOrdinal=20 Reason=NO_CONTACT_DISPATCH FullStop=0 LatchBefore=1 LatchAfter=0 LatchWriteAttempted=1 LatchWriteConfirmed=1
CORE RAW8_OPPORTUNITY_MISS_REARM ElapsedMs=61027.935 Actor=PC_Hero Action=2 Family=POWER Motion=Hero_Stand_None_Fist_P0_PowerAttack_Hit_N_Fwd_00_%_00_P1_100_R.xmot C1=49 Raw8Fist=Fist OpportunityOrdinal=20 Reason=NO_CONTACT_DISPATCH FullStop=0 LatchBefore=1 LatchAfter=0 LatchWriteAttempted=1 LatchWriteConfirmed=1
CORE RAW8_OPPORTUNITY_MISS_REARM ElapsedMs=61035.272 Actor=PC_Hero Action=2 Family=POWER Motion=Hero_Stand_None_Fist_P0_PowerAttack_Hit_N_Fwd_00_%_00_P1_100_R.xmot C1=49 Raw8Fist=Fist OpportunityOrdinal=20 Reason=NO_CONTACT_DISPATCH FullStop=0 LatchBefore=1 LatchAfter=0 LatchWriteAttempted=1 LatchWriteConfirmed=1
CORE RAW8_OPPORTUNITY_MISS_REARM ElapsedMs=61044.414 Actor=PC_Hero Action=2 Family=POWER Motion=Hero_Stand_None_Fist_P0_PowerAttack_Hit_N_Fwd_00_%_00_P1_100_R.xmot C1=49 Raw8Fist=Fist OpportunityOrdinal=20 Reason=NO_CONTACT_DISPATCH FullStop=0 LatchBefore=1 LatchAfter=0 LatchWriteAttempted=1 LatchWriteConfirmed=1
CORE RAW8_OPPORTUNITY_MISS_REARM ElapsedMs=61051.576 Actor=PC_Hero Action=2 Family=POWER Motion=Hero_Stand_None_Fist_P0_PowerAttack_Hit_N_Fwd_00_%_00_P1_100_R.xmot C1=49 Raw8Fist=Fist OpportunityOrdinal=20 Reason=NO_CONTACT_DISPATCH FullStop=0 LatchBefore=1 LatchAfter=0 LatchWriteAttempted=1 LatchWriteConfirmed=1
CORE RAW8_OPPORTUNITY_MISS_REARM ElapsedMs=61060.128 Actor=PC_Hero Action=2 Family=POWER Motion=Hero_Stand_None_Fist_P0_PowerAttack_Hit_N_Fwd_00_%_00_P1_100_R.xmot C1=49 Raw8Fist=Fist OpportunityOrdinal=20 Reason=NO_CONTACT_DISPATCH FullStop=0 LatchBefore=1 LatchAfter=0 LatchWriteAttempted=1 LatchWriteConfirmed=1
CORE RAW8_OPPORTUNITY_MISS_REARM ElapsedMs=61068.186 Actor=PC_Hero Action=2 Family=POWER Motion=Hero_Stand_None_Fist_P0_PowerAttack_Hit_N_Fwd_00_%_00_P1_100_R.xmot C1=49 Raw8Fist=Fist OpportunityOrdinal=20 Reason=NO_CONTACT_DISPATCH FullStop=0 LatchBefore=1 LatchAfter=0 LatchWriteAttempted=1 LatchWriteConfirmed=1
CORE RAW8_OPPORTUNITY_MISS_REARM ElapsedMs=61078.642 Actor=PC_Hero Action=2 Family=POWER Motion=Hero_Stand_None_Fist_P0_PowerAttack_Hit_N_Fwd_00_%_00_P1_100_R.xmot C1=49 Raw8Fist=Fist OpportunityOrdinal=20 Reason=NO_CONTACT_DISPATCH FullStop=0 LatchBefore=1 LatchAfter=0 LatchWriteAttempted=1 LatchWriteConfirmed=1
CORE RAW8_OPPORTUNITY_MISS_REARM ElapsedMs=61085.835 Actor=PC_Hero Action=2 Family=POWER Motion=Hero_Stand_None_Fist_P0_PowerAttack_Hit_N_Fwd_00_%_00_P1_100_R.xmot C1=49 Raw8Fist=Fist OpportunityOrdinal=20 Reason=NO_CONTACT_DISPATCH FullStop=0 LatchBefore=1 LatchAfter=0 LatchWriteAttempted=1 LatchWriteConfirmed=1
CORE RAW8_OPPORTUNITY_MISS_REARM ElapsedMs=61093.800 Actor=PC_Hero Action=2 Family=POWER Motion=Hero_Stand_None_Fist_P0_PowerAttack_Hit_N_Fwd_00_%_00_P1_100_R.xmot C1=49 Raw8Fist=Fist OpportunityOrdinal=20 Reason=NO_CONTACT_DISPATCH FullStop=0 LatchBefore=1 LatchAfter=0 LatchWriteAttempted=1 LatchWriteConfirmed=1
CORE RAW8_OPPORTUNITY_MISS_REARM ElapsedMs=61099.198 Actor=PC_Hero Action=2 Family=POWER Motion=Hero_Stand_None_Fist_P0_PowerAttack_Hit_N_Fwd_00_%_00_P1_100_R.xmot C1=49 Raw8Fist=Fist OpportunityOrdinal=20 Reason=NO_CONTACT_DISPATCH FullStop=0 LatchBefore=1 LatchAfter=0 LatchWriteAttempted=1 LatchWriteConfirmed=1
CORE RAW8_OPPORTUNITY_MISS_REARM ElapsedMs=61107.580 Actor=PC_Hero Action=2 Family=POWER Motion=Hero_Stand_None_Fist_P0_PowerAttack_Hit_N_Fwd_00_%_00_P1_100_R.xmot C1=49 Raw8Fist=Fist OpportunityOrdinal=20 Reason=NO_CONTACT_DISPATCH FullStop=0 LatchBefore=1 LatchAfter=0 LatchWriteAttempted=1 LatchWriteConfirmed=1
CORE RAW8_OPPORTUNITY_CLOSE ElapsedMs=61115.141 Actor=PC_Hero Action=2 Family=POWER Motion=Hero_Stand_None_Fist_P0_PowerAttack_Hit_N_Fwd_00_%_00_P1_100_R.xmot C1=49 Raw8Fist=Fist OpportunityOrdinal=20 Reason=C1_FINALIZED LatchBefore=0 LatchAfter=1 LatchWriteAttempted=1 LatchWriteConfirmed=1
CORE C1_FINAL ElapsedMs=61115.220 Actor=PC_Hero Generation=49 Status=PERSISTED SourceCount=1 PhysicalChanged=0 Source[0]=Fist Side=RIGHT Outstanding=0 Cleanup=0 Outcome=NO_OP_NO_OUTSTANDING
CORE C1_FINAL ElapsedMs=61146.329 Actor=Golem Generation=50 Status=PERSISTED SourceCount=1 PhysicalChanged=0 Source[0]=Fist Side=RIGHT Outstanding=0 Cleanup=0 Outcome=NO_OP_NO_OUTSTANDING
CORE C1_START ElapsedMs=61468.834 Actor=Golem Generation=51 Status=CANDIDATE Outstanding=0 TrackedSources=1 ReplacedGeneration=0 ReplacedOutstanding=0 Source[0]=Fist Side=RIGHT Group=0
CORE C1_BIND ElapsedMs=61468.845 Event=COMBAT_MOVE_CANDIDATE_BOUND Actor=Golem Generation=51 Status=CANDIDATE Outstanding=0 Source=<null> Script=_AI_Attack
CORE C1_STATUS ElapsedMs=61468.904 Event=PERSISTED Actor=Golem Generation=51 Status=PERSISTED Outstanding=0
CORE ATTACK_OWNERSHIP ElapsedMs=61468.918 Actor=Golem Family=NORMAL Action=1 Phase=1 Motion=Golem_Stand_None_Fist_P0_Attack_Hit_N_Fwd_00_%_00_P0_100_R.xmot MarkerPresent=0 RequiredMask=0 FistMarkers=0 Raw8Fist=<none> Raw8UseType=-1 SuppressNative=0 Classification=ROUTINE
CORE COLLISION_GROUP ElapsedMs=61700.586 Source=Fist UseType=8 Owner=<unresolved> Slot=NONE Requested=7 Before=0 After=0 MarkerBitsRetired=0
CORE C1_FINAL ElapsedMs=61834.499 Actor=Golem Generation=51 Status=PERSISTED SourceCount=1 PhysicalChanged=0 Source[0]=Fist Side=RIGHT Outstanding=0 Cleanup=0 Outcome=NO_OP_NO_OUTSTANDING
CORE C1_START ElapsedMs=61930.454 Actor=PC_Hero Generation=52 Status=CANDIDATE Outstanding=0 TrackedSources=1 ReplacedGeneration=0 ReplacedOutstanding=0 Source[0]=Fist Side=RIGHT Group=0
CORE C1_BIND ElapsedMs=61930.465 Event=COMBAT_MOVE_CANDIDATE_BOUND Actor=PC_Hero Generation=52 Status=CANDIDATE Outstanding=0 Source=<null> Script=_AI_PowerAttack
CORE C1_STATUS ElapsedMs=61930.526 Event=PERSISTED Actor=PC_Hero Generation=52 Status=PERSISTED Outstanding=0
CORE C1_START ElapsedMs=61948.449 Actor=Golem Generation=53 Status=CANDIDATE Outstanding=0 TrackedSources=1 ReplacedGeneration=0 ReplacedOutstanding=0 Source[0]=Fist Side=RIGHT Group=0
CORE C1_BIND ElapsedMs=61948.461 Event=COMBAT_MOVE_CANDIDATE_BOUND Actor=Golem Generation=53 Status=CANDIDATE Outstanding=0 Source=<null> Script=_AI_JumpBack
CORE C1_STATUS ElapsedMs=61948.524 Event=PERSISTED Actor=Golem Generation=53 Status=PERSISTED Outstanding=0
CORE C1_BIND ElapsedMs=62201.058 Event=COMBAT_MOVE_REUSED Actor=PC_Hero Generation=52 Status=PERSISTED Outstanding=0 Source=<null> Script=_AI_PowerAttack
CORE RAW8_FIST_OWNERSHIP ElapsedMs=62201.167 Actor=PC_Hero Action=2 Family=POWER Motion=Hero_Stand_None_Fist_P1_PowerAttack_Hit_N_Fwd_00_%_00_P0_100_L.xmot C1=52 Raw8Fist=Fist Raw8UseType=8 InitialClose=0->1 Result=CONFIRMED
CORE ATTACK_OWNERSHIP ElapsedMs=62201.181 Actor=PC_Hero Family=POWER Action=2 Phase=1 Motion=Hero_Stand_None_Fist_P1_PowerAttack_Hit_N_Fwd_00_%_00_P0_100_L.xmot MarkerPresent=1 RequiredMask=0 FistMarkers=1 Raw8Fist=Fist Raw8UseType=8 SuppressNative=0 Classification=ROUTINE
CORE COLLISION_GROUP ElapsedMs=62201.216 Source=Fist UseType=8 Owner=<unresolved> Slot=NONE Requested=7 Before=0 After=0 MarkerBitsRetired=0
CORE RAW8_FIST_TIMING ElapsedMs=62309.430 Actor=PC_Hero Action=2 Family=POWER Motion=Hero_Stand_None_Fist_P1_PowerAttack_Hit_N_Fwd_00_%_00_P0_100_L.xmot C1=52 Raw8Fist=Fist Raw8UseType=8 AcceptedRearm=1->0 OwnershipMatched=1 Classification=EARLY_PERMISSION_ARMED
CORE RAW8_OPPORTUNITY_OPEN ElapsedMs=62309.458 Actor=PC_Hero Action=2 Family=POWER Motion=Hero_Stand_None_Fist_P1_PowerAttack_Hit_N_Fwd_00_%_00_P0_100_L.xmot C1=52 Raw8Fist=Fist OpportunityOrdinal=21 Reason=ACCEPTED_FIST LatchBefore=1 LatchAfter=0 LatchWriteAttempted=1 LatchWriteConfirmed=1 TimingActive=1
CORE MARKER ElapsedMs=62309.473 Actor=PC_Hero Action=2 Family=POWER Phase=1 Motion=Hero_Stand_None_Fist_P1_PowerAttack_Hit_N_Fwd_00_%_00_P0_100_L.xmot Marker=FIST Result=ACCEPTED C1Valid=1 C1=52 StatePosition=1 PreviousMask=0 DesiredMask=0 RetiredMask=0 OwnedMask=0 MarkerOwnedMask=0 Activated=0 Deactivated=0 Retired=0 RearmRequests=0 Clears=0 Raw8Fist=Fist Raw8UseType=8 Latch=1->0 LatchConfirmed=1
CORE RAW8_FIST_TIMING ElapsedMs=62317.143 Actor=PC_Hero Action=2 Family=POWER Motion=Hero_Stand_None_Fist_P1_PowerAttack_Hit_N_Fwd_00_%_00_P0_100_L.xmot C1=52 Raw8Fist=Fist Raw8UseType=8 PermissionApplied=1 SyntheticApplied=1 Classification=EARLY_PERMISSION_APPLIED
CORE RAW8_OPPORTUNITY_MISS_REARM ElapsedMs=62317.185 Actor=PC_Hero Action=2 Family=POWER Motion=Hero_Stand_None_Fist_P1_PowerAttack_Hit_N_Fwd_00_%_00_P0_100_L.xmot C1=52 Raw8Fist=Fist OpportunityOrdinal=21 Reason=NO_CONTACT_DISPATCH FullStop=0 LatchBefore=1 LatchAfter=0 LatchWriteAttempted=1 LatchWriteConfirmed=1
CORE RAW8_OPPORTUNITY_MISS_REARM ElapsedMs=62326.241 Actor=PC_Hero Action=2 Family=POWER Motion=Hero_Stand_None_Fist_P1_PowerAttack_Hit_N_Fwd_00_%_00_P0_100_L.xmot C1=52 Raw8Fist=Fist OpportunityOrdinal=21 Reason=NO_CONTACT_DISPATCH FullStop=0 LatchBefore=1 LatchAfter=0 LatchWriteAttempted=1 LatchWriteConfirmed=1
CORE RAW8_OPPORTUNITY_MISS_REARM ElapsedMs=62333.616 Actor=PC_Hero Action=2 Family=POWER Motion=Hero_Stand_None_Fist_P1_PowerAttack_Hit_N_Fwd_00_%_00_P0_100_L.xmot C1=52 Raw8Fist=Fist OpportunityOrdinal=21 Reason=NO_CONTACT_DISPATCH FullStop=0 LatchBefore=1 LatchAfter=0 LatchWriteAttempted=1 LatchWriteConfirmed=1
CORE RAW8_OPPORTUNITY_MISS_REARM ElapsedMs=62342.088 Actor=PC_Hero Action=2 Family=POWER Motion=Hero_Stand_None_Fist_P1_PowerAttack_Hit_N_Fwd_00_%_00_P0_100_L.xmot C1=52 Raw8Fist=Fist OpportunityOrdinal=21 Reason=NO_CONTACT_DISPATCH FullStop=0 LatchBefore=1 LatchAfter=0 LatchWriteAttempted=1 LatchWriteConfirmed=1
CORE RAW8_OPPORTUNITY_MISS_REARM ElapsedMs=62349.589 Actor=PC_Hero Action=2 Family=POWER Motion=Hero_Stand_None_Fist_P1_PowerAttack_Hit_N_Fwd_00_%_00_P0_100_L.xmot C1=52 Raw8Fist=Fist OpportunityOrdinal=21 Reason=NO_CONTACT_DISPATCH FullStop=0 LatchBefore=1 LatchAfter=0 LatchWriteAttempted=1 LatchWriteConfirmed=1
CORE RAW8_OPPORTUNITY_MISS_REARM ElapsedMs=62358.205 Actor=PC_Hero Action=2 Family=POWER Motion=Hero_Stand_None_Fist_P1_PowerAttack_Hit_N_Fwd_00_%_00_P0_100_L.xmot C1=52 Raw8Fist=Fist OpportunityOrdinal=21 Reason=NO_CONTACT_DISPATCH FullStop=0 LatchBefore=1 LatchAfter=0 LatchWriteAttempted=1 LatchWriteConfirmed=1
CORE RAW8_OPPORTUNITY_MISS_REARM ElapsedMs=62365.633 Actor=PC_Hero Action=2 Family=POWER Motion=Hero_Stand_None_Fist_P1_PowerAttack_Hit_N_Fwd_00_%_00_P0_100_L.xmot C1=52 Raw8Fist=Fist OpportunityOrdinal=21 Reason=NO_CONTACT_DISPATCH FullStop=0 LatchBefore=1 LatchAfter=0 LatchWriteAttempted=1 LatchWriteConfirmed=1
CORE RAW8_OPPORTUNITY_MISS_REARM ElapsedMs=62374.068 Actor=PC_Hero Action=2 Family=POWER Motion=Hero_Stand_None_Fist_P1_PowerAttack_Hit_N_Fwd_00_%_00_P0_100_L.xmot C1=52 Raw8Fist=Fist OpportunityOrdinal=21 Reason=NO_CONTACT_DISPATCH FullStop=0 LatchBefore=1 LatchAfter=0 LatchWriteAttempted=1 LatchWriteConfirmed=1
CORE RAW8_OPPORTUNITY_MISS_REARM ElapsedMs=62382.810 Actor=PC_Hero Action=2 Family=POWER Motion=Hero_Stand_None_Fist_P1_PowerAttack_Hit_N_Fwd_00_%_00_P0_100_L.xmot C1=52 Raw8Fist=Fist OpportunityOrdinal=21 Reason=NO_CONTACT_DISPATCH FullStop=0 LatchBefore=1 LatchAfter=0 LatchWriteAttempted=1 LatchWriteConfirmed=1
CORE C1_FINAL ElapsedMs=62390.214 Actor=Golem Generation=53 Status=PERSISTED SourceCount=1 PhysicalChanged=0 Source[0]=Fist Side=RIGHT Outstanding=0 Cleanup=0 Outcome=NO_OP_NO_OUTSTANDING
CORE RAW8_OPPORTUNITY_MISS_REARM ElapsedMs=62390.564 Actor=PC_Hero Action=2 Family=POWER Motion=Hero_Stand_None_Fist_P1_PowerAttack_Hit_N_Fwd_00_%_00_P0_100_L.xmot C1=52 Raw8Fist=Fist OpportunityOrdinal=21 Reason=NO_CONTACT_DISPATCH FullStop=0 LatchBefore=1 LatchAfter=0 LatchWriteAttempted=1 LatchWriteConfirmed=1
CORE RAW8_OPPORTUNITY_MISS_REARM ElapsedMs=62399.055 Actor=PC_Hero Action=2 Family=POWER Motion=Hero_Stand_None_Fist_P1_PowerAttack_Hit_N_Fwd_00_%_00_P0_100_L.xmot C1=52 Raw8Fist=Fist OpportunityOrdinal=21 Reason=NO_CONTACT_DISPATCH FullStop=0 LatchBefore=1 LatchAfter=0 LatchWriteAttempted=1 LatchWriteConfirmed=1
CORE RAW8_OPPORTUNITY_MISS_REARM ElapsedMs=62406.690 Actor=PC_Hero Action=2 Family=POWER Motion=Hero_Stand_None_Fist_P1_PowerAttack_Hit_N_Fwd_00_%_00_P0_100_L.xmot C1=52 Raw8Fist=Fist OpportunityOrdinal=21 Reason=NO_CONTACT_DISPATCH FullStop=0 LatchBefore=1 LatchAfter=0 LatchWriteAttempted=1 LatchWriteConfirmed=1
CORE RAW8_OPPORTUNITY_MISS_REARM ElapsedMs=62414.139 Actor=PC_Hero Action=2 Family=POWER Motion=Hero_Stand_None_Fist_P1_PowerAttack_Hit_N_Fwd_00_%_00_P0_100_L.xmot C1=52 Raw8Fist=Fist OpportunityOrdinal=21 Reason=NO_CONTACT_DISPATCH FullStop=0 LatchBefore=1 LatchAfter=0 LatchWriteAttempted=1 LatchWriteConfirmed=1
CORE RAW8_OPPORTUNITY_MISS_REARM ElapsedMs=62423.022 Actor=PC_Hero Action=2 Family=POWER Motion=Hero_Stand_None_Fist_P1_PowerAttack_Hit_N_Fwd_00_%_00_P0_100_L.xmot C1=52 Raw8Fist=Fist OpportunityOrdinal=21 Reason=NO_CONTACT_DISPATCH FullStop=0 LatchBefore=1 LatchAfter=0 LatchWriteAttempted=1 LatchWriteConfirmed=1
CORE RAW8_OPPORTUNITY_MISS_REARM ElapsedMs=62431.531 Actor=PC_Hero Action=2 Family=POWER Motion=Hero_Stand_None_Fist_P1_PowerAttack_Hit_N_Fwd_00_%_00_P0_100_L.xmot C1=52 Raw8Fist=Fist OpportunityOrdinal=21 Reason=NO_CONTACT_DISPATCH FullStop=0 LatchBefore=1 LatchAfter=0 LatchWriteAttempted=1 LatchWriteConfirmed=1
CORE RAW8_OPPORTUNITY_MISS_REARM ElapsedMs=62440.006 Actor=PC_Hero Action=2 Family=POWER Motion=Hero_Stand_None_Fist_P1_PowerAttack_Hit_N_Fwd_00_%_00_P0_100_L.xmot C1=52 Raw8Fist=Fist OpportunityOrdinal=21 Reason=NO_CONTACT_DISPATCH FullStop=0 LatchBefore=1 LatchAfter=0 LatchWriteAttempted=1 LatchWriteConfirmed=1
CORE RAW8_OPPORTUNITY_MISS_REARM ElapsedMs=62446.941 Actor=PC_Hero Action=2 Family=POWER Motion=Hero_Stand_None_Fist_P1_PowerAttack_Hit_N_Fwd_00_%_00_P0_100_L.xmot C1=52 Raw8Fist=Fist OpportunityOrdinal=21 Reason=NO_CONTACT_DISPATCH FullStop=0 LatchBefore=1 LatchAfter=0 LatchWriteAttempted=1 LatchWriteConfirmed=1
CORE RAW8_OPPORTUNITY_MISS_REARM ElapsedMs=62454.821 Actor=PC_Hero Action=2 Family=POWER Motion=Hero_Stand_None_Fist_P1_PowerAttack_Hit_N_Fwd_00_%_00_P0_100_L.xmot C1=52 Raw8Fist=Fist OpportunityOrdinal=21 Reason=NO_CONTACT_DISPATCH FullStop=0 LatchBefore=1 LatchAfter=0 LatchWriteAttempted=1 LatchWriteConfirmed=1
CORE RAW8_OPPORTUNITY_MISS_REARM ElapsedMs=62463.017 Actor=PC_Hero Action=2 Family=POWER Motion=Hero_Stand_None_Fist_P1_PowerAttack_Hit_N_Fwd_00_%_00_P0_100_L.xmot C1=52 Raw8Fist=Fist OpportunityOrdinal=21 Reason=NO_CONTACT_DISPATCH FullStop=0 LatchBefore=1 LatchAfter=0 LatchWriteAttempted=1 LatchWriteConfirmed=1
CORE RAW8_OPPORTUNITY_MISS_REARM ElapsedMs=62472.004 Actor=PC_Hero Action=2 Family=POWER Motion=Hero_Stand_None_Fist_P1_PowerAttack_Hit_N_Fwd_00_%_00_P0_100_L.xmot C1=52 Raw8Fist=Fist OpportunityOrdinal=21 Reason=NO_CONTACT_DISPATCH FullStop=0 LatchBefore=1 LatchAfter=0 LatchWriteAttempted=1 LatchWriteConfirmed=1
CORE RAW8_OPPORTUNITY_MISS_REARM ElapsedMs=62479.517 Actor=PC_Hero Action=2 Family=POWER Motion=Hero_Stand_None_Fist_P1_PowerAttack_Hit_N_Fwd_00_%_00_P0_100_L.xmot C1=52 Raw8Fist=Fist OpportunityOrdinal=21 Reason=NO_CONTACT_DISPATCH FullStop=0 LatchBefore=1 LatchAfter=0 LatchWriteAttempted=1 LatchWriteConfirmed=1
CORE RAW8_OPPORTUNITY_MISS_REARM ElapsedMs=62487.743 Actor=PC_Hero Action=2 Family=POWER Motion=Hero_Stand_None_Fist_P1_PowerAttack_Hit_N_Fwd_00_%_00_P0_100_L.xmot C1=52 Raw8Fist=Fist OpportunityOrdinal=21 Reason=NO_CONTACT_DISPATCH FullStop=0 LatchBefore=1 LatchAfter=0 LatchWriteAttempted=1 LatchWriteConfirmed=1
CORE RAW8_OPPORTUNITY_MISS_REARM ElapsedMs=62495.253 Actor=PC_Hero Action=2 Family=POWER Motion=Hero_Stand_None_Fist_P1_PowerAttack_Hit_N_Fwd_00_%_00_P0_100_L.xmot C1=52 Raw8Fist=Fist OpportunityOrdinal=21 Reason=NO_CONTACT_DISPATCH FullStop=0 LatchBefore=1 LatchAfter=0 LatchWriteAttempted=1 LatchWriteConfirmed=1
CORE RAW8_OPPORTUNITY_MISS_REARM ElapsedMs=62502.960 Actor=PC_Hero Action=2 Family=POWER Motion=Hero_Stand_None_Fist_P1_PowerAttack_Hit_N_Fwd_00_%_00_P0_100_L.xmot C1=52 Raw8Fist=Fist OpportunityOrdinal=21 Reason=NO_CONTACT_DISPATCH FullStop=0 LatchBefore=1 LatchAfter=0 LatchWriteAttempted=1 LatchWriteConfirmed=1
CORE RAW8_OPPORTUNITY_MISS_REARM ElapsedMs=62511.970 Actor=PC_Hero Action=2 Family=POWER Motion=Hero_Stand_None_Fist_P1_PowerAttack_Hit_N_Fwd_00_%_00_P0_100_L.xmot C1=52 Raw8Fist=Fist OpportunityOrdinal=21 Reason=NO_CONTACT_DISPATCH FullStop=0 LatchBefore=1 LatchAfter=0 LatchWriteAttempted=1 LatchWriteConfirmed=1
CORE RAW8_OPPORTUNITY_MISS_REARM ElapsedMs=62519.088 Actor=PC_Hero Action=2 Family=POWER Motion=Hero_Stand_None_Fist_P1_PowerAttack_Hit_N_Fwd_00_%_00_P0_100_L.xmot C1=52 Raw8Fist=Fist OpportunityOrdinal=21 Reason=NO_CONTACT_DISPATCH FullStop=0 LatchBefore=1 LatchAfter=0 LatchWriteAttempted=1 LatchWriteConfirmed=1
CORE RAW8_OPPORTUNITY_MISS_REARM ElapsedMs=62526.714 Actor=PC_Hero Action=2 Family=POWER Motion=Hero_Stand_None_Fist_P1_PowerAttack_Hit_N_Fwd_00_%_00_P0_100_L.xmot C1=52 Raw8Fist=Fist OpportunityOrdinal=21 Reason=NO_CONTACT_DISPATCH FullStop=0 LatchBefore=1 LatchAfter=0 LatchWriteAttempted=1 LatchWriteConfirmed=1
CORE RAW8_OPPORTUNITY_MISS_REARM ElapsedMs=62535.954 Actor=PC_Hero Action=2 Family=POWER Motion=Hero_Stand_None_Fist_P1_PowerAttack_Hit_N_Fwd_00_%_00_P0_100_L.xmot C1=52 Raw8Fist=Fist OpportunityOrdinal=21 Reason=NO_CONTACT_DISPATCH FullStop=0 LatchBefore=1 LatchAfter=0 LatchWriteAttempted=1 LatchWriteConfirmed=1
CORE RAW8_OPPORTUNITY_MISS_REARM ElapsedMs=62544.061 Actor=PC_Hero Action=2 Family=POWER Motion=Hero_Stand_None_Fist_P1_PowerAttack_Hit_N_Fwd_00_%_00_P0_100_L.xmot C1=52 Raw8Fist=Fist OpportunityOrdinal=21 Reason=NO_CONTACT_DISPATCH FullStop=0 LatchBefore=1 LatchAfter=0 LatchWriteAttempted=1 LatchWriteConfirmed=1
CORE RAW8_OPPORTUNITY_MISS_REARM ElapsedMs=62551.439 Actor=PC_Hero Action=2 Family=POWER Motion=Hero_Stand_None_Fist_P1_PowerAttack_Hit_N_Fwd_00_%_00_P0_100_L.xmot C1=52 Raw8Fist=Fist OpportunityOrdinal=21 Reason=NO_CONTACT_DISPATCH FullStop=0 LatchBefore=1 LatchAfter=0 LatchWriteAttempted=1 LatchWriteConfirmed=1
CORE RAW8_OPPORTUNITY_MISS_REARM ElapsedMs=62559.555 Actor=PC_Hero Action=2 Family=POWER Motion=Hero_Stand_None_Fist_P1_PowerAttack_Hit_N_Fwd_00_%_00_P0_100_L.xmot C1=52 Raw8Fist=Fist OpportunityOrdinal=21 Reason=NO_CONTACT_DISPATCH FullStop=0 LatchBefore=1 LatchAfter=0 LatchWriteAttempted=1 LatchWriteConfirmed=1
CORE RAW8_OPPORTUNITY_MISS_REARM ElapsedMs=62572.380 Actor=PC_Hero Action=2 Family=POWER Motion=Hero_Stand_None_Fist_P1_PowerAttack_Hit_N_Fwd_00_%_00_P0_100_L.xmot C1=52 Raw8Fist=Fist OpportunityOrdinal=21 Reason=NO_CONTACT_DISPATCH FullStop=0 LatchBefore=1 LatchAfter=0 LatchWriteAttempted=1 LatchWriteConfirmed=1
CORE RAW8_OPPORTUNITY_MISS_REARM ElapsedMs=62580.083 Actor=PC_Hero Action=2 Family=POWER Motion=Hero_Stand_None_Fist_P1_PowerAttack_Hit_N_Fwd_00_%_00_P0_100_L.xmot C1=52 Raw8Fist=Fist OpportunityOrdinal=21 Reason=NO_CONTACT_DISPATCH FullStop=0 LatchBefore=1 LatchAfter=0 LatchWriteAttempted=1 LatchWriteConfirmed=1
CORE RAW8_FIST_TIMING ElapsedMs=62588.840 Actor=PC_Hero C1=52 PermissionRetired=1 Reason=REAL_TIME_REACHED_FORCED_VALUE
CORE RAW8_OPPORTUNITY_MISS_REARM ElapsedMs=62588.876 Actor=PC_Hero Action=2 Family=POWER Motion=Hero_Stand_None_Fist_P1_PowerAttack_Hit_N_Fwd_00_%_00_P0_100_L.xmot C1=52 Raw8Fist=Fist OpportunityOrdinal=21 Reason=NO_CONTACT_DISPATCH FullStop=0 LatchBefore=1 LatchAfter=0 LatchWriteAttempted=1 LatchWriteConfirmed=1
CORE RAW8_OPPORTUNITY_MISS_REARM ElapsedMs=62595.934 Actor=PC_Hero Action=2 Family=POWER Motion=Hero_Stand_None_Fist_P1_PowerAttack_Hit_N_Fwd_00_%_00_P0_100_L.xmot C1=52 Raw8Fist=Fist OpportunityOrdinal=21 Reason=NO_CONTACT_DISPATCH FullStop=0 LatchBefore=1 LatchAfter=0 LatchWriteAttempted=1 LatchWriteConfirmed=1
CORE RAW8_OPPORTUNITY_MISS_REARM ElapsedMs=62604.418 Actor=PC_Hero Action=2 Family=POWER Motion=Hero_Stand_None_Fist_P1_PowerAttack_Hit_N_Fwd_00_%_00_P0_100_L.xmot C1=52 Raw8Fist=Fist OpportunityOrdinal=21 Reason=NO_CONTACT_DISPATCH FullStop=0 LatchBefore=1 LatchAfter=0 LatchWriteAttempted=1 LatchWriteConfirmed=1
CORE RAW8_OPPORTUNITY_MISS_REARM ElapsedMs=62611.976 Actor=PC_Hero Action=2 Family=POWER Motion=Hero_Stand_None_Fist_P1_PowerAttack_Hit_N_Fwd_00_%_00_P0_100_L.xmot C1=52 Raw8Fist=Fist OpportunityOrdinal=21 Reason=NO_CONTACT_DISPATCH FullStop=0 LatchBefore=1 LatchAfter=0 LatchWriteAttempted=1 LatchWriteConfirmed=1
CORE RAW8_OPPORTUNITY_MISS_REARM ElapsedMs=62620.327 Actor=PC_Hero Action=2 Family=POWER Motion=Hero_Stand_None_Fist_P1_PowerAttack_Hit_N_Fwd_00_%_00_P0_100_L.xmot C1=52 Raw8Fist=Fist OpportunityOrdinal=21 Reason=NO_CONTACT_DISPATCH FullStop=0 LatchBefore=1 LatchAfter=0 LatchWriteAttempted=1 LatchWriteConfirmed=1
CORE RAW8_OPPORTUNITY_MISS_REARM ElapsedMs=62626.767 Actor=PC_Hero Action=2 Family=POWER Motion=Hero_Stand_None_Fist_P1_PowerAttack_Hit_N_Fwd_00_%_00_P0_100_L.xmot C1=52 Raw8Fist=Fist OpportunityOrdinal=21 Reason=NO_CONTACT_DISPATCH FullStop=0 LatchBefore=1 LatchAfter=0 LatchWriteAttempted=1 LatchWriteConfirmed=1
CORE RAW8_OPPORTUNITY_MISS_REARM ElapsedMs=62635.319 Actor=PC_Hero Action=2 Family=POWER Motion=Hero_Stand_None_Fist_P1_PowerAttack_Hit_N_Fwd_00_%_00_P0_100_L.xmot C1=52 Raw8Fist=Fist OpportunityOrdinal=21 Reason=NO_CONTACT_DISPATCH FullStop=0 LatchBefore=1 LatchAfter=0 LatchWriteAttempted=1 LatchWriteConfirmed=1
CORE RAW8_OPPORTUNITY_MISS_REARM ElapsedMs=62642.161 Actor=PC_Hero Action=2 Family=POWER Motion=Hero_Stand_None_Fist_P1_PowerAttack_Hit_N_Fwd_00_%_00_P0_100_L.xmot C1=52 Raw8Fist=Fist OpportunityOrdinal=21 Reason=NO_CONTACT_DISPATCH FullStop=0 LatchBefore=1 LatchAfter=0 LatchWriteAttempted=1 LatchWriteConfirmed=1
CORE RAW8_FIST_TIMING ElapsedMs=62642.251 Actor=PC_Hero Action=2 Family=POWER Motion=Hero_Stand_None_Fist_P1_PowerAttack_Hit_N_Fwd_00_%_00_P0_100_L.xmot C1=52 Raw8Fist=Fist Raw8UseType=8 AcceptedRearm=0->0 OwnershipMatched=1 Classification=NATIVE_TIMING
CORE RAW8_OPPORTUNITY_OPEN ElapsedMs=62642.263 Actor=PC_Hero Action=2 Family=POWER Motion=Hero_Stand_None_Fist_P1_PowerAttack_Hit_N_Fwd_00_%_00_P0_100_L.xmot C1=52 Raw8Fist=Fist OpportunityOrdinal=22 Reason=ACCEPTED_FIST LatchBefore=0 LatchAfter=0 LatchWriteAttempted=1 LatchWriteConfirmed=1 TimingActive=0
CORE MARKER ElapsedMs=62642.276 Actor=PC_Hero Action=2 Family=POWER Phase=1 Motion=Hero_Stand_None_Fist_P1_PowerAttack_Hit_N_Fwd_00_%_00_P0_100_L.xmot Marker=FIST Result=ACCEPTED C1Valid=1 C1=52 StatePosition=1 PreviousMask=0 DesiredMask=0 RetiredMask=0 OwnedMask=0 MarkerOwnedMask=0 Activated=0 Deactivated=0 Retired=0 RearmRequests=0 Clears=0 Raw8Fist=Fist Raw8UseType=8 Latch=0->0 LatchConfirmed=1
CORE RAW8_OPPORTUNITY_MISS_REARM ElapsedMs=62650.136 Actor=PC_Hero Action=2 Family=POWER Motion=Hero_Stand_None_Fist_P1_PowerAttack_Hit_N_Fwd_00_%_00_P0_100_L.xmot C1=52 Raw8Fist=Fist OpportunityOrdinal=22 Reason=NO_CONTACT_DISPATCH FullStop=0 LatchBefore=1 LatchAfter=0 LatchWriteAttempted=1 LatchWriteConfirmed=1
CORE RAW8_OPPORTUNITY_MISS_REARM ElapsedMs=62658.180 Actor=PC_Hero Action=2 Family=POWER Motion=Hero_Stand_None_Fist_P1_PowerAttack_Hit_N_Fwd_00_%_00_P0_100_L.xmot C1=52 Raw8Fist=Fist OpportunityOrdinal=22 Reason=NO_CONTACT_DISPATCH FullStop=0 LatchBefore=1 LatchAfter=0 LatchWriteAttempted=1 LatchWriteConfirmed=1
CORE RAW8_OPPORTUNITY_MISS_REARM ElapsedMs=62665.589 Actor=PC_Hero Action=2 Family=POWER Motion=Hero_Stand_None_Fist_P1_PowerAttack_Hit_N_Fwd_00_%_00_P0_100_L.xmot C1=52 Raw8Fist=Fist OpportunityOrdinal=22 Reason=NO_CONTACT_DISPATCH FullStop=0 LatchBefore=1 LatchAfter=0 LatchWriteAttempted=1 LatchWriteConfirmed=1
CORE RAW8_OPPORTUNITY_MISS_REARM ElapsedMs=62674.293 Actor=PC_Hero Action=2 Family=POWER Motion=Hero_Stand_None_Fist_P1_PowerAttack_Hit_N_Fwd_00_%_00_P0_100_L.xmot C1=52 Raw8Fist=Fist OpportunityOrdinal=22 Reason=NO_CONTACT_DISPATCH FullStop=0 LatchBefore=1 LatchAfter=0 LatchWriteAttempted=1 LatchWriteConfirmed=1
CORE RAW8_OPPORTUNITY_MISS_REARM ElapsedMs=62681.330 Actor=PC_Hero Action=2 Family=POWER Motion=Hero_Stand_None_Fist_P1_PowerAttack_Hit_N_Fwd_00_%_00_P0_100_L.xmot C1=52 Raw8Fist=Fist OpportunityOrdinal=22 Reason=NO_CONTACT_DISPATCH FullStop=0 LatchBefore=1 LatchAfter=0 LatchWriteAttempted=1 LatchWriteConfirmed=1
CORE RAW8_OPPORTUNITY_MISS_REARM ElapsedMs=62690.217 Actor=PC_Hero Action=2 Family=POWER Motion=Hero_Stand_None_Fist_P1_PowerAttack_Hit_N_Fwd_00_%_00_P0_100_L.xmot C1=52 Raw8Fist=Fist OpportunityOrdinal=22 Reason=NO_CONTACT_DISPATCH FullStop=0 LatchBefore=1 LatchAfter=0 LatchWriteAttempted=1 LatchWriteConfirmed=1
CORE RAW8_OPPORTUNITY_MISS_REARM ElapsedMs=62697.383 Actor=PC_Hero Action=2 Family=POWER Motion=Hero_Stand_None_Fist_P1_PowerAttack_Hit_N_Fwd_00_%_00_P0_100_L.xmot C1=52 Raw8Fist=Fist OpportunityOrdinal=22 Reason=NO_CONTACT_DISPATCH FullStop=0 LatchBefore=1 LatchAfter=0 LatchWriteAttempted=1 LatchWriteConfirmed=1
CORE RAW8_OPPORTUNITY_MISS_REARM ElapsedMs=62706.149 Actor=PC_Hero Action=2 Family=POWER Motion=Hero_Stand_None_Fist_P1_PowerAttack_Hit_N_Fwd_00_%_00_P0_100_L.xmot C1=52 Raw8Fist=Fist OpportunityOrdinal=22 Reason=NO_CONTACT_DISPATCH FullStop=0 LatchBefore=1 LatchAfter=0 LatchWriteAttempted=1 LatchWriteConfirmed=1
CORE RAW8_OPPORTUNITY_MISS_REARM ElapsedMs=62713.408 Actor=PC_Hero Action=2 Family=POWER Motion=Hero_Stand_None_Fist_P1_PowerAttack_Hit_N_Fwd_00_%_00_P0_100_L.xmot C1=52 Raw8Fist=Fist OpportunityOrdinal=22 Reason=NO_CONTACT_DISPATCH FullStop=0 LatchBefore=1 LatchAfter=0 LatchWriteAttempted=1 LatchWriteConfirmed=1
CORE RAW8_OPPORTUNITY_MISS_REARM ElapsedMs=62722.032 Actor=PC_Hero Action=2 Family=POWER Motion=Hero_Stand_None_Fist_P1_PowerAttack_Hit_N_Fwd_00_%_00_P0_100_L.xmot C1=52 Raw8Fist=Fist OpportunityOrdinal=22 Reason=NO_CONTACT_DISPATCH FullStop=0 LatchBefore=1 LatchAfter=0 LatchWriteAttempted=1 LatchWriteConfirmed=1
CORE RAW8_OPPORTUNITY_MISS_REARM ElapsedMs=62729.426 Actor=PC_Hero Action=2 Family=POWER Motion=Hero_Stand_None_Fist_P1_PowerAttack_Hit_N_Fwd_00_%_00_P0_100_L.xmot C1=52 Raw8Fist=Fist OpportunityOrdinal=22 Reason=NO_CONTACT_DISPATCH FullStop=0 LatchBefore=1 LatchAfter=0 LatchWriteAttempted=1 LatchWriteConfirmed=1
CORE RAW8_OPPORTUNITY_MISS_REARM ElapsedMs=62738.085 Actor=PC_Hero Action=2 Family=POWER Motion=Hero_Stand_None_Fist_P1_PowerAttack_Hit_N_Fwd_00_%_00_P0_100_L.xmot C1=52 Raw8Fist=Fist OpportunityOrdinal=22 Reason=NO_CONTACT_DISPATCH FullStop=0 LatchBefore=1 LatchAfter=0 LatchWriteAttempted=1 LatchWriteConfirmed=1
CORE RAW8_OPPORTUNITY_CONTACT_CONSUMED ElapsedMs=62745.846 Actor=PC_Hero Action=2 Family=POWER Motion=Hero_Stand_None_Fist_P1_PowerAttack_Hit_N_Fwd_00_%_00_P0_100_L.xmot C1=52 Raw8Fist=Fist OpportunityOrdinal=22 Reason=EXACT_NATIVE_CONTACT_DISPATCH LatchValue=1
CORE ONDAMAGE ElapsedMs=62745.886 Ordinal=11 Target=Golem Arg1=Fist Arg2=PC_Hero Caller=Game.dll+0x0016E348 PlayerAction=2 PlayerPhase=1 PlayerMotion=Hero_Stand_None_Fist_P1_PowerAttack_Hit_N_Fwd_00_%_00_P0_100_L.xmot Raw8Fist=Fist Raw8UseType=8 Raw8Group=0
CORE C1_START ElapsedMs=62753.933 Actor=Golem Generation=54 Status=CANDIDATE Outstanding=0 TrackedSources=1 ReplacedGeneration=0 ReplacedOutstanding=0 Source[0]=Fist Side=RIGHT Group=0
CORE C1_BIND ElapsedMs=62753.944 Event=COMBAT_MOVE_CANDIDATE_BOUND Actor=Golem Generation=54 Status=CANDIDATE Outstanding=0 Source=<null> Script=_AI_Stumble
CORE C1_STATUS ElapsedMs=62754.031 Event=PERSISTED Actor=Golem Generation=54 Status=PERSISTED Outstanding=0
CORE C1_FINAL ElapsedMs=62831.756 Actor=PC_Hero Generation=52 Status=PERSISTED SourceCount=1 PhysicalChanged=0 Source[0]=Fist Side=RIGHT Outstanding=0 Cleanup=0 Outcome=NO_OP_NO_OUTSTANDING
CORE C1_START ElapsedMs=62974.423 Actor=PC_Hero Generation=55 Status=CANDIDATE Outstanding=0 TrackedSources=1 ReplacedGeneration=0 ReplacedOutstanding=0 Source[0]=Fist Side=RIGHT Group=0
CORE C1_BIND ElapsedMs=62974.434 Event=COMBAT_MOVE_CANDIDATE_BOUND Actor=PC_Hero Generation=55 Status=CANDIDATE Outstanding=0 Source=<null> Script=_AI_PowerAttack
CORE C1_STATUS ElapsedMs=62974.493 Event=PERSISTED Actor=PC_Hero Generation=55 Status=PERSISTED Outstanding=0
CORE C1_FINAL ElapsedMs=63100.973 Actor=Golem Generation=54 Status=PERSISTED SourceCount=1 PhysicalChanged=0 Source[0]=Fist Side=RIGHT Outstanding=0 Cleanup=0 Outcome=NO_OP_NO_OUTSTANDING
CORE C1_START ElapsedMs=63115.184 Actor=Golem Generation=56 Status=CANDIDATE Outstanding=0 TrackedSources=1 ReplacedGeneration=0 ReplacedOutstanding=0 Source[0]=Fist Side=RIGHT Group=0
CORE C1_BIND ElapsedMs=63115.195 Event=COMBAT_MOVE_CANDIDATE_BOUND Actor=Golem Generation=56 Status=CANDIDATE Outstanding=0 Source=<null> Script=_AI_PowerAttack
CORE C1_STATUS ElapsedMs=63115.248 Event=PERSISTED Actor=Golem Generation=56 Status=PERSISTED Outstanding=0
CORE C1_BIND ElapsedMs=63250.723 Event=COMBAT_MOVE_REUSED Actor=PC_Hero Generation=55 Status=PERSISTED Outstanding=0 Source=<null> Script=_AI_PowerAttack
CORE RAW8_FIST_OWNERSHIP ElapsedMs=63250.804 Actor=PC_Hero Action=2 Family=POWER Motion=Hero_Stand_None_Fist_P0_PowerAttack_Hit_N_Fwd_00_%_00_P1_100_R.xmot C1=55 Raw8Fist=Fist Raw8UseType=8 InitialClose=0->1 Result=CONFIRMED
CORE ATTACK_OWNERSHIP ElapsedMs=63250.821 Actor=PC_Hero Family=POWER Action=2 Phase=1 Motion=Hero_Stand_None_Fist_P0_PowerAttack_Hit_N_Fwd_00_%_00_P1_100_R.xmot MarkerPresent=1 RequiredMask=0 FistMarkers=1 Raw8Fist=Fist Raw8UseType=8 SuppressNative=0 Classification=ROUTINE
CORE COLLISION_GROUP ElapsedMs=63250.855 Source=Fist UseType=8 Owner=<unresolved> Slot=NONE Requested=7 Before=0 After=0 MarkerBitsRetired=0
CORE RAW8_FIST_TIMING ElapsedMs=63354.719 Actor=PC_Hero Action=2 Family=POWER Motion=Hero_Stand_None_Fist_P0_PowerAttack_Hit_N_Fwd_00_%_00_P1_100_R.xmot C1=55 Raw8Fist=Fist Raw8UseType=8 AcceptedRearm=1->0 OwnershipMatched=1 Classification=EARLY_PERMISSION_ARMED
CORE RAW8_OPPORTUNITY_OPEN ElapsedMs=63354.748 Actor=PC_Hero Action=2 Family=POWER Motion=Hero_Stand_None_Fist_P0_PowerAttack_Hit_N_Fwd_00_%_00_P1_100_R.xmot C1=55 Raw8Fist=Fist OpportunityOrdinal=23 Reason=ACCEPTED_FIST LatchBefore=1 LatchAfter=0 LatchWriteAttempted=1 LatchWriteConfirmed=1 TimingActive=1
CORE MARKER ElapsedMs=63354.761 Actor=PC_Hero Action=2 Family=POWER Phase=1 Motion=Hero_Stand_None_Fist_P0_PowerAttack_Hit_N_Fwd_00_%_00_P1_100_R.xmot Marker=FIST Result=ACCEPTED C1Valid=1 C1=55 StatePosition=1 PreviousMask=0 DesiredMask=0 RetiredMask=0 OwnedMask=0 MarkerOwnedMask=0 Activated=0 Deactivated=0 Retired=0 RearmRequests=0 Clears=0 Raw8Fist=Fist Raw8UseType=8 Latch=1->0 LatchConfirmed=1
CORE RAW8_FIST_TIMING ElapsedMs=63362.501 Actor=PC_Hero Action=2 Family=POWER Motion=Hero_Stand_None_Fist_P0_PowerAttack_Hit_N_Fwd_00_%_00_P1_100_R.xmot C1=55 Raw8Fist=Fist Raw8UseType=8 PermissionApplied=1 SyntheticApplied=1 Classification=EARLY_PERMISSION_APPLIED
CORE RAW8_OPPORTUNITY_MISS_REARM ElapsedMs=63362.536 Actor=PC_Hero Action=2 Family=POWER Motion=Hero_Stand_None_Fist_P0_PowerAttack_Hit_N_Fwd_00_%_00_P1_100_R.xmot C1=55 Raw8Fist=Fist OpportunityOrdinal=23 Reason=NO_CONTACT_DISPATCH FullStop=0 LatchBefore=1 LatchAfter=0 LatchWriteAttempted=1 LatchWriteConfirmed=1
CORE RAW8_OPPORTUNITY_MISS_REARM ElapsedMs=63369.399 Actor=PC_Hero Action=2 Family=POWER Motion=Hero_Stand_None_Fist_P0_PowerAttack_Hit_N_Fwd_00_%_00_P1_100_R.xmot C1=55 Raw8Fist=Fist OpportunityOrdinal=23 Reason=NO_CONTACT_DISPATCH FullStop=0 LatchBefore=1 LatchAfter=0 LatchWriteAttempted=1 LatchWriteConfirmed=1
CORE RAW8_OPPORTUNITY_MISS_REARM ElapsedMs=63377.764 Actor=PC_Hero Action=2 Family=POWER Motion=Hero_Stand_None_Fist_P0_PowerAttack_Hit_N_Fwd_00_%_00_P1_100_R.xmot C1=55 Raw8Fist=Fist OpportunityOrdinal=23 Reason=NO_CONTACT_DISPATCH FullStop=0 LatchBefore=1 LatchAfter=0 LatchWriteAttempted=1 LatchWriteConfirmed=1
CORE RAW8_OPPORTUNITY_MISS_REARM ElapsedMs=63385.454 Actor=PC_Hero Action=2 Family=POWER Motion=Hero_Stand_None_Fist_P0_PowerAttack_Hit_N_Fwd_00_%_00_P1_100_R.xmot C1=55 Raw8Fist=Fist OpportunityOrdinal=23 Reason=NO_CONTACT_DISPATCH FullStop=0 LatchBefore=1 LatchAfter=0 LatchWriteAttempted=1 LatchWriteConfirmed=1
CORE RAW8_OPPORTUNITY_MISS_REARM ElapsedMs=63394.568 Actor=PC_Hero Action=2 Family=POWER Motion=Hero_Stand_None_Fist_P0_PowerAttack_Hit_N_Fwd_00_%_00_P1_100_R.xmot C1=55 Raw8Fist=Fist OpportunityOrdinal=23 Reason=NO_CONTACT_DISPATCH FullStop=0 LatchBefore=1 LatchAfter=0 LatchWriteAttempted=1 LatchWriteConfirmed=1
CORE RAW8_OPPORTUNITY_MISS_REARM ElapsedMs=63401.573 Actor=PC_Hero Action=2 Family=POWER Motion=Hero_Stand_None_Fist_P0_PowerAttack_Hit_N_Fwd_00_%_00_P1_100_R.xmot C1=55 Raw8Fist=Fist OpportunityOrdinal=23 Reason=NO_CONTACT_DISPATCH FullStop=0 LatchBefore=1 LatchAfter=0 LatchWriteAttempted=1 LatchWriteConfirmed=1
CORE RAW8_OPPORTUNITY_MISS_REARM ElapsedMs=63410.667 Actor=PC_Hero Action=2 Family=POWER Motion=Hero_Stand_None_Fist_P0_PowerAttack_Hit_N_Fwd_00_%_00_P1_100_R.xmot C1=55 Raw8Fist=Fist OpportunityOrdinal=23 Reason=NO_CONTACT_DISPATCH FullStop=0 LatchBefore=1 LatchAfter=0 LatchWriteAttempted=1 LatchWriteConfirmed=1
CORE RAW8_OPPORTUNITY_MISS_REARM ElapsedMs=63418.118 Actor=PC_Hero Action=2 Family=POWER Motion=Hero_Stand_None_Fist_P0_PowerAttack_Hit_N_Fwd_00_%_00_P1_100_R.xmot C1=55 Raw8Fist=Fist OpportunityOrdinal=23 Reason=NO_CONTACT_DISPATCH FullStop=0 LatchBefore=1 LatchAfter=0 LatchWriteAttempted=1 LatchWriteConfirmed=1
CORE RAW8_OPPORTUNITY_MISS_REARM ElapsedMs=63425.973 Actor=PC_Hero Action=2 Family=POWER Motion=Hero_Stand_None_Fist_P0_PowerAttack_Hit_N_Fwd_00_%_00_P1_100_R.xmot C1=55 Raw8Fist=Fist OpportunityOrdinal=23 Reason=NO_CONTACT_DISPATCH FullStop=0 LatchBefore=1 LatchAfter=0 LatchWriteAttempted=1 LatchWriteConfirmed=1
CORE RAW8_FIST_TIMING ElapsedMs=63434.723 Actor=PC_Hero C1=55 PermissionRetired=1 Reason=REAL_TIME_REACHED_FORCED_VALUE
CORE RAW8_OPPORTUNITY_MISS_REARM ElapsedMs=63434.756 Actor=PC_Hero Action=2 Family=POWER Motion=Hero_Stand_None_Fist_P0_PowerAttack_Hit_N_Fwd_00_%_00_P1_100_R.xmot C1=55 Raw8Fist=Fist OpportunityOrdinal=23 Reason=NO_CONTACT_DISPATCH FullStop=0 LatchBefore=1 LatchAfter=0 LatchWriteAttempted=1 LatchWriteConfirmed=1
CORE C1_BIND ElapsedMs=63441.821 Event=COMBAT_MOVE_REUSED Actor=Golem Generation=56 Status=PERSISTED Outstanding=0 Source=<null> Script=_AI_PowerAttack
CORE ATTACK_OWNERSHIP ElapsedMs=63441.893 Actor=Golem Family=POWER Action=2 Phase=1 Motion=Golem_Stand_None_Fist_P0_PowerAttack_Hit_N_Fwd_00_%_00_P0_100_R.xmot MarkerPresent=0 RequiredMask=0 FistMarkers=0 Raw8Fist=<none> Raw8UseType=-1 SuppressNative=0 Classification=ROUTINE
CORE COLLISION_GROUP ElapsedMs=63441.909 Source=Fist UseType=8 Owner=<unresolved> Slot=NONE Requested=7 Before=0 After=0 MarkerBitsRetired=0
CORE RAW8_OPPORTUNITY_MISS_REARM ElapsedMs=63446.090 Actor=PC_Hero Action=2 Family=POWER Motion=Hero_Stand_None_Fist_P0_PowerAttack_Hit_N_Fwd_00_%_00_P1_100_R.xmot C1=55 Raw8Fist=Fist OpportunityOrdinal=23 Reason=NO_CONTACT_DISPATCH FullStop=0 LatchBefore=1 LatchAfter=0 LatchWriteAttempted=1 LatchWriteConfirmed=1
CORE RAW8_OPPORTUNITY_MISS_REARM ElapsedMs=63453.375 Actor=PC_Hero Action=2 Family=POWER Motion=Hero_Stand_None_Fist_P0_PowerAttack_Hit_N_Fwd_00_%_00_P1_100_R.xmot C1=55 Raw8Fist=Fist OpportunityOrdinal=23 Reason=NO_CONTACT_DISPATCH FullStop=0 LatchBefore=1 LatchAfter=0 LatchWriteAttempted=1 LatchWriteConfirmed=1
CORE RAW8_OPPORTUNITY_MISS_REARM ElapsedMs=63462.660 Actor=PC_Hero Action=2 Family=POWER Motion=Hero_Stand_None_Fist_P0_PowerAttack_Hit_N_Fwd_00_%_00_P1_100_R.xmot C1=55 Raw8Fist=Fist OpportunityOrdinal=23 Reason=NO_CONTACT_DISPATCH FullStop=0 LatchBefore=1 LatchAfter=0 LatchWriteAttempted=1 LatchWriteConfirmed=1
CORE RAW8_OPPORTUNITY_MISS_REARM ElapsedMs=63469.841 Actor=PC_Hero Action=2 Family=POWER Motion=Hero_Stand_None_Fist_P0_PowerAttack_Hit_N_Fwd_00_%_00_P1_100_R.xmot C1=55 Raw8Fist=Fist OpportunityOrdinal=23 Reason=NO_CONTACT_DISPATCH FullStop=0 LatchBefore=1 LatchAfter=0 LatchWriteAttempted=1 LatchWriteConfirmed=1
CORE RAW8_OPPORTUNITY_MISS_REARM ElapsedMs=63478.625 Actor=PC_Hero Action=2 Family=POWER Motion=Hero_Stand_None_Fist_P0_PowerAttack_Hit_N_Fwd_00_%_00_P1_100_R.xmot C1=55 Raw8Fist=Fist OpportunityOrdinal=23 Reason=NO_CONTACT_DISPATCH FullStop=0 LatchBefore=1 LatchAfter=0 LatchWriteAttempted=1 LatchWriteConfirmed=1
CORE RAW8_OPPORTUNITY_MISS_REARM ElapsedMs=63485.545 Actor=PC_Hero Action=2 Family=POWER Motion=Hero_Stand_None_Fist_P0_PowerAttack_Hit_N_Fwd_00_%_00_P1_100_R.xmot C1=55 Raw8Fist=Fist OpportunityOrdinal=23 Reason=NO_CONTACT_DISPATCH FullStop=0 LatchBefore=1 LatchAfter=0 LatchWriteAttempted=1 LatchWriteConfirmed=1
CORE RAW8_OPPORTUNITY_MISS_REARM ElapsedMs=63493.736 Actor=PC_Hero Action=2 Family=POWER Motion=Hero_Stand_None_Fist_P0_PowerAttack_Hit_N_Fwd_00_%_00_P1_100_R.xmot C1=55 Raw8Fist=Fist OpportunityOrdinal=23 Reason=NO_CONTACT_DISPATCH FullStop=0 LatchBefore=1 LatchAfter=0 LatchWriteAttempted=1 LatchWriteConfirmed=1
CORE RAW8_OPPORTUNITY_MISS_REARM ElapsedMs=63501.536 Actor=PC_Hero Action=2 Family=POWER Motion=Hero_Stand_None_Fist_P0_PowerAttack_Hit_N_Fwd_00_%_00_P1_100_R.xmot C1=55 Raw8Fist=Fist OpportunityOrdinal=23 Reason=NO_CONTACT_DISPATCH FullStop=0 LatchBefore=1 LatchAfter=0 LatchWriteAttempted=1 LatchWriteConfirmed=1
CORE RAW8_OPPORTUNITY_MISS_REARM ElapsedMs=63509.692 Actor=PC_Hero Action=2 Family=POWER Motion=Hero_Stand_None_Fist_P0_PowerAttack_Hit_N_Fwd_00_%_00_P1_100_R.xmot C1=55 Raw8Fist=Fist OpportunityOrdinal=23 Reason=NO_CONTACT_DISPATCH FullStop=0 LatchBefore=1 LatchAfter=0 LatchWriteAttempted=1 LatchWriteConfirmed=1
CORE RAW8_OPPORTUNITY_MISS_REARM ElapsedMs=63516.837 Actor=PC_Hero Action=2 Family=POWER Motion=Hero_Stand_None_Fist_P0_PowerAttack_Hit_N_Fwd_00_%_00_P1_100_R.xmot C1=55 Raw8Fist=Fist OpportunityOrdinal=23 Reason=NO_CONTACT_DISPATCH FullStop=0 LatchBefore=1 LatchAfter=0 LatchWriteAttempted=1 LatchWriteConfirmed=1
CORE RAW8_OPPORTUNITY_MISS_REARM ElapsedMs=63525.492 Actor=PC_Hero Action=2 Family=POWER Motion=Hero_Stand_None_Fist_P0_PowerAttack_Hit_N_Fwd_00_%_00_P1_100_R.xmot C1=55 Raw8Fist=Fist OpportunityOrdinal=23 Reason=NO_CONTACT_DISPATCH FullStop=0 LatchBefore=1 LatchAfter=0 LatchWriteAttempted=1 LatchWriteConfirmed=1
CORE RAW8_OPPORTUNITY_MISS_REARM ElapsedMs=63532.629 Actor=PC_Hero Action=2 Family=POWER Motion=Hero_Stand_None_Fist_P0_PowerAttack_Hit_N_Fwd_00_%_00_P1_100_R.xmot C1=55 Raw8Fist=Fist OpportunityOrdinal=23 Reason=NO_CONTACT_DISPATCH FullStop=0 LatchBefore=1 LatchAfter=0 LatchWriteAttempted=1 LatchWriteConfirmed=1
CORE RAW8_OPPORTUNITY_MISS_REARM ElapsedMs=63540.165 Actor=PC_Hero Action=2 Family=POWER Motion=Hero_Stand_None_Fist_P0_PowerAttack_Hit_N_Fwd_00_%_00_P1_100_R.xmot C1=55 Raw8Fist=Fist OpportunityOrdinal=23 Reason=NO_CONTACT_DISPATCH FullStop=0 LatchBefore=1 LatchAfter=0 LatchWriteAttempted=1 LatchWriteConfirmed=1
CORE RAW8_OPPORTUNITY_CLOSE ElapsedMs=63548.596 Actor=PC_Hero Action=2 Family=POWER Motion=Hero_Stand_None_Fist_P0_PowerAttack_Hit_N_Fwd_00_%_00_P1_100_R.xmot C1=55 Raw8Fist=Fist OpportunityOrdinal=23 Reason=C1_FINALIZED LatchBefore=0 LatchAfter=1 LatchWriteAttempted=1 LatchWriteConfirmed=1
CORE C1_FINAL ElapsedMs=63548.632 Actor=PC_Hero Generation=55 Status=PERSISTED SourceCount=1 PhysicalChanged=0 Source[0]=Fist Side=RIGHT Outstanding=0 Cleanup=0 Outcome=NO_OP_NO_OUTSTANDING
CORE C1_START ElapsedMs=63676.235 Actor=PC_Hero Generation=57 Status=CANDIDATE Outstanding=0 TrackedSources=1 ReplacedGeneration=0 ReplacedOutstanding=0 Source[0]=Fist Side=RIGHT Group=0
CORE C1_BIND ElapsedMs=63676.247 Event=COMBAT_MOVE_CANDIDATE_BOUND Actor=PC_Hero Generation=57 Status=CANDIDATE Outstanding=0 Source=<null> Script=_AI_PowerAttack
CORE C1_STATUS ElapsedMs=63676.311 Event=PERSISTED Actor=PC_Hero Generation=57 Status=PERSISTED Outstanding=0
CORE C1_FINAL ElapsedMs=63810.427 Actor=Golem Generation=56 Status=PERSISTED SourceCount=1 PhysicalChanged=0 Source[0]=Fist Side=RIGHT Outstanding=0 Cleanup=0 Outcome=NO_OP_NO_OUTSTANDING
CORE C1_START ElapsedMs=63819.616 Actor=Golem Generation=58 Status=CANDIDATE Outstanding=0 TrackedSources=1 ReplacedGeneration=0 ReplacedOutstanding=0 Source[0]=Fist Side=RIGHT Group=0
CORE C1_BIND ElapsedMs=63819.628 Event=COMBAT_MOVE_CANDIDATE_BOUND Actor=Golem Generation=58 Status=CANDIDATE Outstanding=0 Source=<null> Script=_AI_PowerAttack
CORE C1_STATUS ElapsedMs=63819.686 Event=PERSISTED Actor=Golem Generation=58 Status=PERSISTED Outstanding=0
CORE C1_BIND ElapsedMs=63945.260 Event=COMBAT_MOVE_REUSED Actor=PC_Hero Generation=57 Status=PERSISTED Outstanding=0 Source=<null> Script=_AI_PowerAttack
CORE RAW8_FIST_OWNERSHIP ElapsedMs=63945.338 Actor=PC_Hero Action=2 Family=POWER Motion=Hero_Stand_None_Fist_P1_PowerAttack_Hit_N_Fwd_00_%_00_P0_100_L.xmot C1=57 Raw8Fist=Fist Raw8UseType=8 InitialClose=0->1 Result=CONFIRMED
CORE ATTACK_OWNERSHIP ElapsedMs=63945.352 Actor=PC_Hero Family=POWER Action=2 Phase=1 Motion=Hero_Stand_None_Fist_P1_PowerAttack_Hit_N_Fwd_00_%_00_P0_100_L.xmot MarkerPresent=1 RequiredMask=0 FistMarkers=1 Raw8Fist=Fist Raw8UseType=8 SuppressNative=0 Classification=ROUTINE
CORE COLLISION_GROUP ElapsedMs=63945.382 Source=Fist UseType=8 Owner=<unresolved> Slot=NONE Requested=7 Before=0 After=0 MarkerBitsRetired=0
CORE RAW8_FIST_TIMING ElapsedMs=64049.535 Actor=PC_Hero Action=2 Family=POWER Motion=Hero_Stand_None_Fist_P1_PowerAttack_Hit_N_Fwd_00_%_00_P0_100_L.xmot C1=57 Raw8Fist=Fist Raw8UseType=8 AcceptedRearm=1->0 OwnershipMatched=1 Classification=EARLY_PERMISSION_ARMED
CORE RAW8_OPPORTUNITY_OPEN ElapsedMs=64049.565 Actor=PC_Hero Action=2 Family=POWER Motion=Hero_Stand_None_Fist_P1_PowerAttack_Hit_N_Fwd_00_%_00_P0_100_L.xmot C1=57 Raw8Fist=Fist OpportunityOrdinal=24 Reason=ACCEPTED_FIST LatchBefore=1 LatchAfter=0 LatchWriteAttempted=1 LatchWriteConfirmed=1 TimingActive=1
CORE MARKER ElapsedMs=64049.578 Actor=PC_Hero Action=2 Family=POWER Phase=1 Motion=Hero_Stand_None_Fist_P1_PowerAttack_Hit_N_Fwd_00_%_00_P0_100_L.xmot Marker=FIST Result=ACCEPTED C1Valid=1 C1=57 StatePosition=1 PreviousMask=0 DesiredMask=0 RetiredMask=0 OwnedMask=0 MarkerOwnedMask=0 Activated=0 Deactivated=0 Retired=0 RearmRequests=0 Clears=0 Raw8Fist=Fist Raw8UseType=8 Latch=1->0 LatchConfirmed=1
CORE RAW8_FIST_TIMING ElapsedMs=64057.276 Actor=PC_Hero Action=2 Family=POWER Motion=Hero_Stand_None_Fist_P1_PowerAttack_Hit_N_Fwd_00_%_00_P0_100_L.xmot C1=57 Raw8Fist=Fist Raw8UseType=8 PermissionApplied=1 SyntheticApplied=1 Classification=EARLY_PERMISSION_APPLIED
CORE RAW8_OPPORTUNITY_CONTACT_CONSUMED ElapsedMs=64057.368 Actor=PC_Hero Action=2 Family=POWER Motion=Hero_Stand_None_Fist_P1_PowerAttack_Hit_N_Fwd_00_%_00_P0_100_L.xmot C1=57 Raw8Fist=Fist OpportunityOrdinal=24 Reason=EXACT_NATIVE_CONTACT_DISPATCH LatchValue=1
CORE RAW8_FIST_TIMING ElapsedMs=64057.381 Actor=PC_Hero C1=57 PermissionRetired=1 Reason=CONTACT_CONSUMED
CORE ONDAMAGE ElapsedMs=64057.395 Ordinal=12 Target=Golem Arg1=Fist Arg2=PC_Hero Caller=Game.dll+0x0016E348 PlayerAction=2 PlayerPhase=1 PlayerMotion=Hero_Stand_None_Fist_P1_PowerAttack_Hit_N_Fwd_00_%_00_P0_100_L.xmot Raw8Fist=Fist Raw8UseType=8 Raw8Group=0
CORE C1_BIND ElapsedMs=64134.501 Event=COMBAT_MOVE_REUSED Actor=Golem Generation=58 Status=PERSISTED Outstanding=0 Source=<null> Script=_AI_PowerAttack
CORE COLLISION_GROUP ElapsedMs=64134.580 Source=Fist UseType=8 Owner=<unresolved> Slot=NONE Requested=7 Before=0 After=0 MarkerBitsRetired=0
CORE C1_FINAL ElapsedMs=64381.093 Actor=Golem Generation=58 Status=PERSISTED SourceCount=1 PhysicalChanged=0 Source[0]=Fist Side=RIGHT Outstanding=0 Cleanup=0 Outcome=NO_OP_NO_OUTSTANDING
CORE RAW8_FIST_TIMING ElapsedMs=64381.373 Actor=PC_Hero Action=2 Family=POWER Motion=Hero_Stand_None_Fist_P1_PowerAttack_Hit_N_Fwd_00_%_00_P0_100_L.xmot C1=57 Raw8Fist=Fist Raw8UseType=8 AcceptedRearm=1->0 OwnershipMatched=1 Classification=NATIVE_TIMING
CORE RAW8_OPPORTUNITY_OPEN ElapsedMs=64381.388 Actor=PC_Hero Action=2 Family=POWER Motion=Hero_Stand_None_Fist_P1_PowerAttack_Hit_N_Fwd_00_%_00_P0_100_L.xmot C1=57 Raw8Fist=Fist OpportunityOrdinal=25 Reason=ACCEPTED_FIST LatchBefore=1 LatchAfter=0 LatchWriteAttempted=1 LatchWriteConfirmed=1 TimingActive=0
CORE MARKER ElapsedMs=64381.402 Actor=PC_Hero Action=2 Family=POWER Phase=1 Motion=Hero_Stand_None_Fist_P1_PowerAttack_Hit_N_Fwd_00_%_00_P0_100_L.xmot Marker=FIST Result=ACCEPTED C1Valid=1 C1=57 StatePosition=1 PreviousMask=0 DesiredMask=0 RetiredMask=0 OwnedMask=0 MarkerOwnedMask=0 Activated=0 Deactivated=0 Retired=0 RearmRequests=0 Clears=0 Raw8Fist=Fist Raw8UseType=8 Latch=1->0 LatchConfirmed=1
CORE C1_START ElapsedMs=64389.509 Actor=Golem Generation=59 Status=CANDIDATE Outstanding=0 TrackedSources=1 ReplacedGeneration=0 ReplacedOutstanding=0 Source[0]=Fist Side=RIGHT Group=0
CORE C1_BIND ElapsedMs=64389.520 Event=COMBAT_MOVE_CANDIDATE_BOUND Actor=Golem Generation=59 Status=CANDIDATE Outstanding=0 Source=<null> Script=_AI_JumpBack
CORE C1_STATUS ElapsedMs=64389.580 Event=PERSISTED Actor=Golem Generation=59 Status=PERSISTED Outstanding=0
CORE RAW8_OPPORTUNITY_CONTACT_CONSUMED ElapsedMs=64390.256 Actor=PC_Hero Action=2 Family=POWER Motion=Hero_Stand_None_Fist_P1_PowerAttack_Hit_N_Fwd_00_%_00_P0_100_L.xmot C1=57 Raw8Fist=Fist OpportunityOrdinal=25 Reason=EXACT_NATIVE_CONTACT_DISPATCH LatchValue=1
CORE ONDAMAGE ElapsedMs=64390.279 Ordinal=13 Target=Golem Arg1=Fist Arg2=PC_Hero Caller=Game.dll+0x0016E348 PlayerAction=2 PlayerPhase=1 PlayerMotion=Hero_Stand_None_Fist_P1_PowerAttack_Hit_N_Fwd_00_%_00_P0_100_L.xmot Raw8Fist=Fist Raw8UseType=8 Raw8Group=0
CORE C1_START ElapsedMs=64397.320 Actor=Golem Generation=60 Status=CANDIDATE Outstanding=0 TrackedSources=1 ReplacedGeneration=59 ReplacedOutstanding=0 Source[0]=Fist Side=RIGHT Group=0
CORE C1_BIND ElapsedMs=64397.332 Event=COMBAT_MOVE_CANDIDATE_BOUND Actor=Golem Generation=60 Status=CANDIDATE Outstanding=0 Source=<null> Script=_AI_Stumble
CORE C1_STATUS ElapsedMs=64397.394 Event=PERSISTED Actor=Golem Generation=60 Status=PERSISTED Outstanding=0
CORE C1_FINAL ElapsedMs=64576.175 Actor=PC_Hero Generation=57 Status=PERSISTED SourceCount=1 PhysicalChanged=0 Source[0]=Fist Side=RIGHT Outstanding=0 Cleanup=0 Outcome=NO_OP_NO_OUTSTANDING
CORE C1_FINAL ElapsedMs=64741.654 Actor=Golem Generation=60 Status=PERSISTED SourceCount=1 PhysicalChanged=0 Source[0]=Fist Side=RIGHT Outstanding=0 Cleanup=0 Outcome=NO_OP_NO_OUTSTANDING
CORE C1_START ElapsedMs=65237.369 Actor=PC_Hero Generation=61 Status=CANDIDATE Outstanding=0 TrackedSources=1 ReplacedGeneration=0 ReplacedOutstanding=0 Source[0]=Fist Side=RIGHT Group=0
CORE C1_BIND ElapsedMs=65237.381 Event=COMBAT_MOVE_CANDIDATE_BOUND Actor=PC_Hero Generation=61 Status=CANDIDATE Outstanding=0 Source=<null> Script=_AI_PowerAttack
CORE C1_STATUS ElapsedMs=65237.444 Event=PERSISTED Actor=PC_Hero Generation=61 Status=PERSISTED Outstanding=0
CORE C1_START ElapsedMs=65253.197 Actor=Golem Generation=62 Status=CANDIDATE Outstanding=0 TrackedSources=1 ReplacedGeneration=0 ReplacedOutstanding=0 Source[0]=Fist Side=RIGHT Group=0
CORE C1_BIND ElapsedMs=65253.209 Event=COMBAT_MOVE_CANDIDATE_BOUND Actor=Golem Generation=62 Status=CANDIDATE Outstanding=0 Source=<null> Script=_AI_JumpBack
CORE C1_STATUS ElapsedMs=65253.267 Event=PERSISTED Actor=Golem Generation=62 Status=PERSISTED Outstanding=0
CORE C1_BIND ElapsedMs=65515.599 Event=COMBAT_MOVE_REUSED Actor=PC_Hero Generation=61 Status=PERSISTED Outstanding=0 Source=<null> Script=_AI_PowerAttack
CORE RAW8_FIST_OWNERSHIP ElapsedMs=65515.679 Actor=PC_Hero Action=2 Family=POWER Motion=Hero_Stand_None_Fist_P0_PowerAttack_Hit_N_Fwd_00_%_00_P1_100_R.xmot C1=61 Raw8Fist=Fist Raw8UseType=8 InitialClose=0->1 Result=CONFIRMED
CORE ATTACK_OWNERSHIP ElapsedMs=65515.693 Actor=PC_Hero Family=POWER Action=2 Phase=1 Motion=Hero_Stand_None_Fist_P0_PowerAttack_Hit_N_Fwd_00_%_00_P1_100_R.xmot MarkerPresent=1 RequiredMask=0 FistMarkers=1 Raw8Fist=Fist Raw8UseType=8 SuppressNative=0 Classification=ROUTINE
CORE COLLISION_GROUP ElapsedMs=65515.724 Source=Fist UseType=8 Owner=<unresolved> Slot=NONE Requested=7 Before=0 After=0 MarkerBitsRetired=0
CORE RAW8_FIST_TIMING ElapsedMs=65619.249 Actor=PC_Hero Action=2 Family=POWER Motion=Hero_Stand_None_Fist_P0_PowerAttack_Hit_N_Fwd_00_%_00_P1_100_R.xmot C1=61 Raw8Fist=Fist Raw8UseType=8 AcceptedRearm=1->0 OwnershipMatched=1 Classification=EARLY_PERMISSION_ARMED
CORE RAW8_OPPORTUNITY_OPEN ElapsedMs=65619.277 Actor=PC_Hero Action=2 Family=POWER Motion=Hero_Stand_None_Fist_P0_PowerAttack_Hit_N_Fwd_00_%_00_P1_100_R.xmot C1=61 Raw8Fist=Fist OpportunityOrdinal=26 Reason=ACCEPTED_FIST LatchBefore=1 LatchAfter=0 LatchWriteAttempted=1 LatchWriteConfirmed=1 TimingActive=1
CORE MARKER ElapsedMs=65619.292 Actor=PC_Hero Action=2 Family=POWER Phase=1 Motion=Hero_Stand_None_Fist_P0_PowerAttack_Hit_N_Fwd_00_%_00_P1_100_R.xmot Marker=FIST Result=ACCEPTED C1Valid=1 C1=61 StatePosition=1 PreviousMask=0 DesiredMask=0 RetiredMask=0 OwnedMask=0 MarkerOwnedMask=0 Activated=0 Deactivated=0 Retired=0 RearmRequests=0 Clears=0 Raw8Fist=Fist Raw8UseType=8 Latch=1->0 LatchConfirmed=1
CORE RAW8_FIST_TIMING ElapsedMs=65626.680 Actor=PC_Hero Action=2 Family=POWER Motion=Hero_Stand_None_Fist_P0_PowerAttack_Hit_N_Fwd_00_%_00_P1_100_R.xmot C1=61 Raw8Fist=Fist Raw8UseType=8 PermissionApplied=1 SyntheticApplied=1 Classification=EARLY_PERMISSION_APPLIED
CORE RAW8_OPPORTUNITY_MISS_REARM ElapsedMs=65626.718 Actor=PC_Hero Action=2 Family=POWER Motion=Hero_Stand_None_Fist_P0_PowerAttack_Hit_N_Fwd_00_%_00_P1_100_R.xmot C1=61 Raw8Fist=Fist OpportunityOrdinal=26 Reason=NO_CONTACT_DISPATCH FullStop=0 LatchBefore=1 LatchAfter=0 LatchWriteAttempted=1 LatchWriteConfirmed=1
CORE RAW8_OPPORTUNITY_MISS_REARM ElapsedMs=65634.777 Actor=PC_Hero Action=2 Family=POWER Motion=Hero_Stand_None_Fist_P0_PowerAttack_Hit_N_Fwd_00_%_00_P1_100_R.xmot C1=61 Raw8Fist=Fist OpportunityOrdinal=26 Reason=NO_CONTACT_DISPATCH FullStop=0 LatchBefore=1 LatchAfter=0 LatchWriteAttempted=1 LatchWriteConfirmed=1
CORE RAW8_OPPORTUNITY_MISS_REARM ElapsedMs=65642.865 Actor=PC_Hero Action=2 Family=POWER Motion=Hero_Stand_None_Fist_P0_PowerAttack_Hit_N_Fwd_00_%_00_P1_100_R.xmot C1=61 Raw8Fist=Fist OpportunityOrdinal=26 Reason=NO_CONTACT_DISPATCH FullStop=0 LatchBefore=1 LatchAfter=0 LatchWriteAttempted=1 LatchWriteConfirmed=1
CORE RAW8_OPPORTUNITY_MISS_REARM ElapsedMs=65650.464 Actor=PC_Hero Action=2 Family=POWER Motion=Hero_Stand_None_Fist_P0_PowerAttack_Hit_N_Fwd_00_%_00_P1_100_R.xmot C1=61 Raw8Fist=Fist OpportunityOrdinal=26 Reason=NO_CONTACT_DISPATCH FullStop=0 LatchBefore=1 LatchAfter=0 LatchWriteAttempted=1 LatchWriteConfirmed=1
CORE RAW8_OPPORTUNITY_MISS_REARM ElapsedMs=65661.018 Actor=PC_Hero Action=2 Family=POWER Motion=Hero_Stand_None_Fist_P0_PowerAttack_Hit_N_Fwd_00_%_00_P1_100_R.xmot C1=61 Raw8Fist=Fist OpportunityOrdinal=26 Reason=NO_CONTACT_DISPATCH FullStop=0 LatchBefore=1 LatchAfter=0 LatchWriteAttempted=1 LatchWriteConfirmed=1
CORE RAW8_OPPORTUNITY_MISS_REARM ElapsedMs=65668.412 Actor=PC_Hero Action=2 Family=POWER Motion=Hero_Stand_None_Fist_P0_PowerAttack_Hit_N_Fwd_00_%_00_P1_100_R.xmot C1=61 Raw8Fist=Fist OpportunityOrdinal=26 Reason=NO_CONTACT_DISPATCH FullStop=0 LatchBefore=1 LatchAfter=0 LatchWriteAttempted=1 LatchWriteConfirmed=1
CORE RAW8_OPPORTUNITY_MISS_REARM ElapsedMs=65676.274 Actor=PC_Hero Action=2 Family=POWER Motion=Hero_Stand_None_Fist_P0_PowerAttack_Hit_N_Fwd_00_%_00_P1_100_R.xmot C1=61 Raw8Fist=Fist OpportunityOrdinal=26 Reason=NO_CONTACT_DISPATCH FullStop=0 LatchBefore=1 LatchAfter=0 LatchWriteAttempted=1 LatchWriteConfirmed=1
CORE RAW8_OPPORTUNITY_MISS_REARM ElapsedMs=65686.825 Actor=PC_Hero Action=2 Family=POWER Motion=Hero_Stand_None_Fist_P0_PowerAttack_Hit_N_Fwd_00_%_00_P1_100_R.xmot C1=61 Raw8Fist=Fist OpportunityOrdinal=26 Reason=NO_CONTACT_DISPATCH FullStop=0 LatchBefore=1 LatchAfter=0 LatchWriteAttempted=1 LatchWriteConfirmed=1
CORE RAW8_OPPORTUNITY_MISS_REARM ElapsedMs=65694.089 Actor=PC_Hero Action=2 Family=POWER Motion=Hero_Stand_None_Fist_P0_PowerAttack_Hit_N_Fwd_00_%_00_P1_100_R.xmot C1=61 Raw8Fist=Fist OpportunityOrdinal=26 Reason=NO_CONTACT_DISPATCH FullStop=0 LatchBefore=1 LatchAfter=0 LatchWriteAttempted=1 LatchWriteConfirmed=1
CORE C1_FINAL ElapsedMs=65701.322 Actor=Golem Generation=62 Status=PERSISTED SourceCount=1 PhysicalChanged=0 Source[0]=Fist Side=RIGHT Outstanding=0 Cleanup=0 Outcome=NO_OP_NO_OUTSTANDING
CORE RAW8_FIST_TIMING ElapsedMs=65701.658 Actor=PC_Hero C1=61 PermissionRetired=1 Reason=REAL_TIME_REACHED_FORCED_VALUE
CORE RAW8_OPPORTUNITY_MISS_REARM ElapsedMs=65701.679 Actor=PC_Hero Action=2 Family=POWER Motion=Hero_Stand_None_Fist_P0_PowerAttack_Hit_N_Fwd_00_%_00_P1_100_R.xmot C1=61 Raw8Fist=Fist OpportunityOrdinal=26 Reason=NO_CONTACT_DISPATCH FullStop=0 LatchBefore=1 LatchAfter=0 LatchWriteAttempted=1 LatchWriteConfirmed=1
CORE C1_START ElapsedMs=65710.082 Actor=Golem Generation=63 Status=CANDIDATE Outstanding=0 TrackedSources=1 ReplacedGeneration=0 ReplacedOutstanding=0 Source[0]=Fist Side=RIGHT Group=0
CORE C1_BIND ElapsedMs=65710.094 Event=COMBAT_MOVE_CANDIDATE_BOUND Actor=Golem Generation=63 Status=CANDIDATE Outstanding=0 Source=<null> Script=_AI_PowerAttack
CORE C1_STATUS ElapsedMs=65710.146 Event=PERSISTED Actor=Golem Generation=63 Status=PERSISTED Outstanding=0
CORE RAW8_OPPORTUNITY_MISS_REARM ElapsedMs=65710.534 Actor=PC_Hero Action=2 Family=POWER Motion=Hero_Stand_None_Fist_P0_PowerAttack_Hit_N_Fwd_00_%_00_P1_100_R.xmot C1=61 Raw8Fist=Fist OpportunityOrdinal=26 Reason=NO_CONTACT_DISPATCH FullStop=0 LatchBefore=1 LatchAfter=0 LatchWriteAttempted=1 LatchWriteConfirmed=1
CORE RAW8_OPPORTUNITY_MISS_REARM ElapsedMs=65718.737 Actor=PC_Hero Action=2 Family=POWER Motion=Hero_Stand_None_Fist_P0_PowerAttack_Hit_N_Fwd_00_%_00_P1_100_R.xmot C1=61 Raw8Fist=Fist OpportunityOrdinal=26 Reason=NO_CONTACT_DISPATCH FullStop=0 LatchBefore=1 LatchAfter=0 LatchWriteAttempted=1 LatchWriteConfirmed=1
CORE RAW8_OPPORTUNITY_MISS_REARM ElapsedMs=65727.196 Actor=PC_Hero Action=2 Family=POWER Motion=Hero_Stand_None_Fist_P0_PowerAttack_Hit_N_Fwd_00_%_00_P1_100_R.xmot C1=61 Raw8Fist=Fist OpportunityOrdinal=26 Reason=NO_CONTACT_DISPATCH FullStop=0 LatchBefore=1 LatchAfter=0 LatchWriteAttempted=1 LatchWriteConfirmed=1
CORE RAW8_OPPORTUNITY_MISS_REARM ElapsedMs=65734.772 Actor=PC_Hero Action=2 Family=POWER Motion=Hero_Stand_None_Fist_P0_PowerAttack_Hit_N_Fwd_00_%_00_P1_100_R.xmot C1=61 Raw8Fist=Fist OpportunityOrdinal=26 Reason=NO_CONTACT_DISPATCH FullStop=0 LatchBefore=1 LatchAfter=0 LatchWriteAttempted=1 LatchWriteConfirmed=1
CORE RAW8_OPPORTUNITY_MISS_REARM ElapsedMs=65743.178 Actor=PC_Hero Action=2 Family=POWER Motion=Hero_Stand_None_Fist_P0_PowerAttack_Hit_N_Fwd_00_%_00_P1_100_R.xmot C1=61 Raw8Fist=Fist OpportunityOrdinal=26 Reason=NO_CONTACT_DISPATCH FullStop=0 LatchBefore=1 LatchAfter=0 LatchWriteAttempted=1 LatchWriteConfirmed=1
CORE RAW8_OPPORTUNITY_MISS_REARM ElapsedMs=65751.274 Actor=PC_Hero Action=2 Family=POWER Motion=Hero_Stand_None_Fist_P0_PowerAttack_Hit_N_Fwd_00_%_00_P1_100_R.xmot C1=61 Raw8Fist=Fist OpportunityOrdinal=26 Reason=NO_CONTACT_DISPATCH FullStop=0 LatchBefore=1 LatchAfter=0 LatchWriteAttempted=1 LatchWriteConfirmed=1
CORE RAW8_OPPORTUNITY_MISS_REARM ElapsedMs=65760.019 Actor=PC_Hero Action=2 Family=POWER Motion=Hero_Stand_None_Fist_P0_PowerAttack_Hit_N_Fwd_00_%_00_P1_100_R.xmot C1=61 Raw8Fist=Fist OpportunityOrdinal=26 Reason=NO_CONTACT_DISPATCH FullStop=0 LatchBefore=1 LatchAfter=0 LatchWriteAttempted=1 LatchWriteConfirmed=1
CORE RAW8_OPPORTUNITY_MISS_REARM ElapsedMs=65767.684 Actor=PC_Hero Action=2 Family=POWER Motion=Hero_Stand_None_Fist_P0_PowerAttack_Hit_N_Fwd_00_%_00_P1_100_R.xmot C1=61 Raw8Fist=Fist OpportunityOrdinal=26 Reason=NO_CONTACT_DISPATCH FullStop=0 LatchBefore=1 LatchAfter=0 LatchWriteAttempted=1 LatchWriteConfirmed=1
CORE RAW8_OPPORTUNITY_MISS_REARM ElapsedMs=65776.052 Actor=PC_Hero Action=2 Family=POWER Motion=Hero_Stand_None_Fist_P0_PowerAttack_Hit_N_Fwd_00_%_00_P1_100_R.xmot C1=61 Raw8Fist=Fist OpportunityOrdinal=26 Reason=NO_CONTACT_DISPATCH FullStop=0 LatchBefore=1 LatchAfter=0 LatchWriteAttempted=1 LatchWriteConfirmed=1
CORE RAW8_OPPORTUNITY_MISS_REARM ElapsedMs=65783.292 Actor=PC_Hero Action=2 Family=POWER Motion=Hero_Stand_None_Fist_P0_PowerAttack_Hit_N_Fwd_00_%_00_P1_100_R.xmot C1=61 Raw8Fist=Fist OpportunityOrdinal=26 Reason=NO_CONTACT_DISPATCH FullStop=0 LatchBefore=1 LatchAfter=0 LatchWriteAttempted=1 LatchWriteConfirmed=1
CORE RAW8_OPPORTUNITY_MISS_REARM ElapsedMs=65791.195 Actor=PC_Hero Action=2 Family=POWER Motion=Hero_Stand_None_Fist_P0_PowerAttack_Hit_N_Fwd_00_%_00_P1_100_R.xmot C1=61 Raw8Fist=Fist OpportunityOrdinal=26 Reason=NO_CONTACT_DISPATCH FullStop=0 LatchBefore=1 LatchAfter=0 LatchWriteAttempted=1 LatchWriteConfirmed=1
CORE RAW8_OPPORTUNITY_MISS_REARM ElapsedMs=65798.505 Actor=PC_Hero Action=2 Family=POWER Motion=Hero_Stand_None_Fist_P0_PowerAttack_Hit_N_Fwd_00_%_00_P1_100_R.xmot C1=61 Raw8Fist=Fist OpportunityOrdinal=26 Reason=NO_CONTACT_DISPATCH FullStop=0 LatchBefore=1 LatchAfter=0 LatchWriteAttempted=1 LatchWriteConfirmed=1
CORE RAW8_OPPORTUNITY_MISS_REARM ElapsedMs=65807.149 Actor=PC_Hero Action=2 Family=POWER Motion=Hero_Stand_None_Fist_P0_PowerAttack_Hit_N_Fwd_00_%_00_P1_100_R.xmot C1=61 Raw8Fist=Fist OpportunityOrdinal=26 Reason=NO_CONTACT_DISPATCH FullStop=0 LatchBefore=1 LatchAfter=0 LatchWriteAttempted=1 LatchWriteConfirmed=1
CORE RAW8_OPPORTUNITY_CLOSE ElapsedMs=65814.868 Actor=PC_Hero Action=2 Family=POWER Motion=Hero_Stand_None_Fist_P0_PowerAttack_Hit_N_Fwd_00_%_00_P1_100_R.xmot C1=61 Raw8Fist=Fist OpportunityOrdinal=26 Reason=C1_FINALIZED LatchBefore=0 LatchAfter=1 LatchWriteAttempted=1 LatchWriteConfirmed=1
CORE C1_FINAL ElapsedMs=65814.906 Actor=PC_Hero Generation=61 Status=PERSISTED SourceCount=1 PhysicalChanged=0 Source[0]=Fist Side=RIGHT Outstanding=0 Cleanup=0 Outcome=NO_OP_NO_OUTSTANDING
CORE C1_BIND ElapsedMs=66040.307 Event=COMBAT_MOVE_REUSED Actor=Golem Generation=63 Status=PERSISTED Outstanding=0 Source=<null> Script=_AI_PowerAttack
CORE COLLISION_GROUP ElapsedMs=66040.387 Source=Fist UseType=8 Owner=<unresolved> Slot=NONE Requested=7 Before=0 After=0 MarkerBitsRetired=0
CORE C1_FINAL ElapsedMs=66415.964 Actor=Golem Generation=63 Status=PERSISTED SourceCount=1 PhysicalChanged=0 Source[0]=Fist Side=RIGHT Outstanding=0 Cleanup=0 Outcome=NO_OP_NO_OUTSTANDING
CORE C1_START ElapsedMs=67176.175 Actor=PC_Hero Generation=64 Status=CANDIDATE Outstanding=0 TrackedSources=1 ReplacedGeneration=0 ReplacedOutstanding=0 Source[0]=Fist Side=RIGHT Group=0
CORE C1_BIND ElapsedMs=67176.186 Event=COMBAT_MOVE_CANDIDATE_BOUND Actor=PC_Hero Generation=64 Status=CANDIDATE Outstanding=0 Source=<null> Script=_AI_PowerAttack
CORE C1_STATUS ElapsedMs=67176.251 Event=PERSISTED Actor=PC_Hero Generation=64 Status=PERSISTED Outstanding=0
CORE C1_START ElapsedMs=67185.674 Actor=Golem Generation=65 Status=CANDIDATE Outstanding=0 TrackedSources=1 ReplacedGeneration=0 ReplacedOutstanding=0 Source[0]=Fist Side=RIGHT Group=0
CORE C1_BIND ElapsedMs=67185.686 Event=COMBAT_MOVE_CANDIDATE_BOUND Actor=Golem Generation=65 Status=CANDIDATE Outstanding=0 Source=<null> Script=_AI_JumpBack
CORE C1_STATUS ElapsedMs=67185.739 Event=PERSISTED Actor=Golem Generation=65 Status=PERSISTED Outstanding=0
CORE C1_BIND ElapsedMs=67459.653 Event=COMBAT_MOVE_REUSED Actor=PC_Hero Generation=64 Status=PERSISTED Outstanding=0 Source=<null> Script=_AI_PowerAttack
CORE RAW8_FIST_OWNERSHIP ElapsedMs=67459.728 Actor=PC_Hero Action=2 Family=POWER Motion=Hero_Stand_None_Fist_P0_PowerAttack_Hit_N_Fwd_00_%_00_P1_100_R.xmot C1=64 Raw8Fist=Fist Raw8UseType=8 InitialClose=0->1 Result=CONFIRMED
CORE COLLISION_GROUP ElapsedMs=67459.761 Source=Fist UseType=8 Owner=<unresolved> Slot=NONE Requested=7 Before=0 After=0 MarkerBitsRetired=0
CORE RAW8_FIST_TIMING ElapsedMs=67565.223 Actor=PC_Hero Action=2 Family=POWER Motion=Hero_Stand_None_Fist_P0_PowerAttack_Hit_N_Fwd_00_%_00_P1_100_R.xmot C1=64 Raw8Fist=Fist Raw8UseType=8 AcceptedRearm=1->0 OwnershipMatched=1 Classification=EARLY_PERMISSION_ARMED
CORE RAW8_OPPORTUNITY_OPEN ElapsedMs=67565.253 Actor=PC_Hero Action=2 Family=POWER Motion=Hero_Stand_None_Fist_P0_PowerAttack_Hit_N_Fwd_00_%_00_P1_100_R.xmot C1=64 Raw8Fist=Fist OpportunityOrdinal=27 Reason=ACCEPTED_FIST LatchBefore=1 LatchAfter=0 LatchWriteAttempted=1 LatchWriteConfirmed=1 TimingActive=1
CORE MARKER ElapsedMs=67565.268 Actor=PC_Hero Action=2 Family=POWER Phase=1 Motion=Hero_Stand_None_Fist_P0_PowerAttack_Hit_N_Fwd_00_%_00_P1_100_R.xmot Marker=FIST Result=ACCEPTED C1Valid=1 C1=64 StatePosition=1 PreviousMask=0 DesiredMask=0 RetiredMask=0 OwnedMask=0 MarkerOwnedMask=0 Activated=0 Deactivated=0 Retired=0 RearmRequests=0 Clears=0 Raw8Fist=Fist Raw8UseType=8 Latch=1->0 LatchConfirmed=1
CORE RAW8_FIST_TIMING ElapsedMs=67573.746 Actor=PC_Hero Action=2 Family=POWER Motion=Hero_Stand_None_Fist_P0_PowerAttack_Hit_N_Fwd_00_%_00_P1_100_R.xmot C1=64 Raw8Fist=Fist Raw8UseType=8 PermissionApplied=1 SyntheticApplied=1 Classification=EARLY_PERMISSION_APPLIED
CORE RAW8_OPPORTUNITY_CONTACT_CONSUMED ElapsedMs=67573.899 Actor=PC_Hero Action=2 Family=POWER Motion=Hero_Stand_None_Fist_P0_PowerAttack_Hit_N_Fwd_00_%_00_P1_100_R.xmot C1=64 Raw8Fist=Fist OpportunityOrdinal=27 Reason=EXACT_NATIVE_CONTACT_DISPATCH LatchValue=1
CORE RAW8_FIST_TIMING ElapsedMs=67573.916 Actor=PC_Hero C1=64 PermissionRetired=1 Reason=CONTACT_CONSUMED
CORE ONDAMAGE ElapsedMs=67573.932 Ordinal=14 Target=Golem Arg1=Fist Arg2=PC_Hero Caller=Game.dll+0x0016E348 PlayerAction=2 PlayerPhase=1 PlayerMotion=Hero_Stand_None_Fist_P0_PowerAttack_Hit_N_Fwd_00_%_00_P1_100_R.xmot Raw8Fist=Fist Raw8UseType=8 Raw8Group=0
CORE C1_START ElapsedMs=67574.064 Actor=Golem Generation=66 Status=CANDIDATE Outstanding=0 TrackedSources=1 ReplacedGeneration=65 ReplacedOutstanding=0 Source[0]=Fist Side=RIGHT Group=0
CORE C1_BIND ElapsedMs=67574.071 Event=COMBAT_MOVE_CANDIDATE_BOUND Actor=Golem Generation=66 Status=CANDIDATE Outstanding=0 Source=<null> Script=_AI_Stumble
CORE C1_STATUS ElapsedMs=67574.122 Event=PERSISTED Actor=Golem Generation=66 Status=PERSISTED Outstanding=0
CORE C1_FINAL ElapsedMs=67764.985 Actor=PC_Hero Generation=64 Status=PERSISTED SourceCount=1 PhysicalChanged=0 Source[0]=Fist Side=RIGHT Outstanding=0 Cleanup=0 Outcome=NO_OP_NO_OUTSTANDING
CORE C1_FINAL ElapsedMs=67930.531 Actor=Golem Generation=66 Status=PERSISTED SourceCount=1 PhysicalChanged=0 Source[0]=Fist Side=RIGHT Outstanding=0 Cleanup=0 Outcome=NO_OP_NO_OUTSTANDING
CORE C1_START ElapsedMs=68383.125 Actor=Golem Generation=67 Status=CANDIDATE Outstanding=0 TrackedSources=1 ReplacedGeneration=0 ReplacedOutstanding=0 Source[0]=Fist Side=RIGHT Group=0
CORE C1_BIND ElapsedMs=68383.137 Event=COMBAT_MOVE_CANDIDATE_BOUND Actor=Golem Generation=67 Status=CANDIDATE Outstanding=0 Source=<null> Script=_AI_Attack
CORE C1_STATUS ElapsedMs=68383.192 Event=PERSISTED Actor=Golem Generation=67 Status=PERSISTED Outstanding=0
CORE ATTACK_OWNERSHIP ElapsedMs=68383.207 Actor=Golem Family=NORMAL Action=1 Phase=1 Motion=Golem_Stand_None_Fist_P0_Attack_Hit_N_Fwd_00_%_00_P0_100_R.xmot MarkerPresent=0 RequiredMask=0 FistMarkers=0 Raw8Fist=<none> Raw8UseType=-1 SuppressNative=0 Classification=ROUTINE
CORE C1_START ElapsedMs=68465.397 Actor=PC_Hero Generation=68 Status=CANDIDATE Outstanding=0 TrackedSources=1 ReplacedGeneration=0 ReplacedOutstanding=0 Source[0]=Fist Side=RIGHT Group=0
CORE C1_BIND ElapsedMs=68465.409 Event=COMBAT_MOVE_CANDIDATE_BOUND Actor=PC_Hero Generation=68 Status=CANDIDATE Outstanding=0 Source=<null> Script=_AI_PowerAttack
CORE C1_STATUS ElapsedMs=68465.471 Event=PERSISTED Actor=PC_Hero Generation=68 Status=PERSISTED Outstanding=0
CORE COLLISION_GROUP ElapsedMs=68622.198 Source=Fist UseType=8 Owner=<unresolved> Slot=NONE Requested=7 Before=0 After=0 MarkerBitsRetired=0
CORE C1_BIND ElapsedMs=68747.357 Event=COMBAT_MOVE_REUSED Actor=PC_Hero Generation=68 Status=PERSISTED Outstanding=0 Source=<null> Script=_AI_PowerAttack
CORE RAW8_FIST_OWNERSHIP ElapsedMs=68747.434 Actor=PC_Hero Action=2 Family=POWER Motion=Hero_Stand_None_Fist_P1_PowerAttack_Hit_N_Fwd_00_%_00_P0_100_L.xmot C1=68 Raw8Fist=Fist Raw8UseType=8 InitialClose=0->1 Result=CONFIRMED
CORE ATTACK_OWNERSHIP ElapsedMs=68747.447 Actor=PC_Hero Family=POWER Action=2 Phase=1 Motion=Hero_Stand_None_Fist_P1_PowerAttack_Hit_N_Fwd_00_%_00_P0_100_L.xmot MarkerPresent=1 RequiredMask=0 FistMarkers=1 Raw8Fist=Fist Raw8UseType=8 SuppressNative=0 Classification=ROUTINE
CORE COLLISION_GROUP ElapsedMs=68747.478 Source=Fist UseType=8 Owner=<unresolved> Slot=NONE Requested=7 Before=0 After=0 MarkerBitsRetired=0
CORE C1_FINAL ElapsedMs=68764.942 Actor=Golem Generation=67 Status=PERSISTED SourceCount=1 PhysicalChanged=0 Source[0]=Fist Side=RIGHT Outstanding=0 Cleanup=0 Outcome=NO_OP_NO_OUTSTANDING
CORE RAW8_FIST_TIMING ElapsedMs=68861.836 Actor=PC_Hero Action=2 Family=POWER Motion=Hero_Stand_None_Fist_P1_PowerAttack_Hit_N_Fwd_00_%_00_P0_100_L.xmot C1=68 Raw8Fist=Fist Raw8UseType=8 AcceptedRearm=1->0 OwnershipMatched=1 Classification=EARLY_PERMISSION_ARMED
CORE RAW8_OPPORTUNITY_OPEN ElapsedMs=68861.866 Actor=PC_Hero Action=2 Family=POWER Motion=Hero_Stand_None_Fist_P1_PowerAttack_Hit_N_Fwd_00_%_00_P0_100_L.xmot C1=68 Raw8Fist=Fist OpportunityOrdinal=28 Reason=ACCEPTED_FIST LatchBefore=1 LatchAfter=0 LatchWriteAttempted=1 LatchWriteConfirmed=1 TimingActive=1
CORE MARKER ElapsedMs=68861.878 Actor=PC_Hero Action=2 Family=POWER Phase=1 Motion=Hero_Stand_None_Fist_P1_PowerAttack_Hit_N_Fwd_00_%_00_P0_100_L.xmot Marker=FIST Result=ACCEPTED C1Valid=1 C1=68 StatePosition=1 PreviousMask=0 DesiredMask=0 RetiredMask=0 OwnedMask=0 MarkerOwnedMask=0 Activated=0 Deactivated=0 Retired=0 RearmRequests=0 Clears=0 Raw8Fist=Fist Raw8UseType=8 Latch=1->0 LatchConfirmed=1
CORE RAW8_FIST_TIMING ElapsedMs=68870.082 Actor=PC_Hero Action=2 Family=POWER Motion=Hero_Stand_None_Fist_P1_PowerAttack_Hit_N_Fwd_00_%_00_P0_100_L.xmot C1=68 Raw8Fist=Fist Raw8UseType=8 PermissionApplied=1 SyntheticApplied=1 Classification=EARLY_PERMISSION_APPLIED
CORE RAW8_OPPORTUNITY_CONTACT_CONSUMED ElapsedMs=68870.272 Actor=PC_Hero Action=2 Family=POWER Motion=Hero_Stand_None_Fist_P1_PowerAttack_Hit_N_Fwd_00_%_00_P0_100_L.xmot C1=68 Raw8Fist=Fist OpportunityOrdinal=28 Reason=EXACT_NATIVE_CONTACT_DISPATCH LatchValue=1
CORE RAW8_FIST_TIMING ElapsedMs=68870.290 Actor=PC_Hero C1=68 PermissionRetired=1 Reason=CONTACT_CONSUMED
CORE ONDAMAGE ElapsedMs=68870.303 Ordinal=15 Target=Golem Arg1=Fist Arg2=PC_Hero Caller=Game.dll+0x0016E348 PlayerAction=2 PlayerPhase=1 PlayerMotion=Hero_Stand_None_Fist_P1_PowerAttack_Hit_N_Fwd_00_%_00_P0_100_L.xmot Raw8Fist=Fist Raw8UseType=8 Raw8Group=0
CORE C1_START ElapsedMs=68870.413 Actor=Golem Generation=69 Status=CANDIDATE Outstanding=0 TrackedSources=1 ReplacedGeneration=0 ReplacedOutstanding=0 Source[0]=Fist Side=RIGHT Group=0
CORE C1_BIND ElapsedMs=68870.420 Event=COMBAT_MOVE_CANDIDATE_BOUND Actor=Golem Generation=69 Status=CANDIDATE Outstanding=0 Source=<null> Script=_AI_Stumble
CORE C1_STATUS ElapsedMs=68870.463 Event=PERSISTED Actor=Golem Generation=69 Status=PERSISTED Outstanding=0
CORE RAW8_FIST_TIMING ElapsedMs=69198.803 Actor=PC_Hero Action=2 Family=POWER Motion=Hero_Stand_None_Fist_P1_PowerAttack_Hit_N_Fwd_00_%_00_P0_100_L.xmot C1=68 Raw8Fist=Fist Raw8UseType=8 AcceptedRearm=1->0 OwnershipMatched=1 Classification=NATIVE_TIMING
CORE RAW8_OPPORTUNITY_OPEN ElapsedMs=69198.834 Actor=PC_Hero Action=2 Family=POWER Motion=Hero_Stand_None_Fist_P1_PowerAttack_Hit_N_Fwd_00_%_00_P0_100_L.xmot C1=68 Raw8Fist=Fist OpportunityOrdinal=29 Reason=ACCEPTED_FIST LatchBefore=1 LatchAfter=0 LatchWriteAttempted=1 LatchWriteConfirmed=1 TimingActive=0
CORE MARKER ElapsedMs=69198.849 Actor=PC_Hero Action=2 Family=POWER Phase=1 Motion=Hero_Stand_None_Fist_P1_PowerAttack_Hit_N_Fwd_00_%_00_P0_100_L.xmot Marker=FIST Result=ACCEPTED C1Valid=1 C1=68 StatePosition=1 PreviousMask=0 DesiredMask=0 RetiredMask=0 OwnedMask=0 MarkerOwnedMask=0 Activated=0 Deactivated=0 Retired=0 RearmRequests=0 Clears=0 Raw8Fist=Fist Raw8UseType=8 Latch=1->0 LatchConfirmed=1
CORE RAW8_OPPORTUNITY_CONTACT_CONSUMED ElapsedMs=69207.272 Actor=PC_Hero Action=2 Family=POWER Motion=Hero_Stand_None_Fist_P1_PowerAttack_Hit_N_Fwd_00_%_00_P0_100_L.xmot C1=68 Raw8Fist=Fist OpportunityOrdinal=29 Reason=EXACT_NATIVE_CONTACT_DISPATCH LatchValue=1
CORE ONDAMAGE ElapsedMs=69207.311 Ordinal=16 Target=Golem Arg1=Fist Arg2=PC_Hero Caller=Game.dll+0x0016E348 PlayerAction=2 PlayerPhase=1 PlayerMotion=Hero_Stand_None_Fist_P1_PowerAttack_Hit_N_Fwd_00_%_00_P0_100_L.xmot Raw8Fist=Fist Raw8UseType=8 Raw8Group=0
CORE C1_BIND ElapsedMs=69207.422 Event=COMBAT_MOVE_REUSED Actor=Golem Generation=69 Status=PERSISTED Outstanding=0 Source=<null> Script=_AI_Stumble
CORE C1_FINAL ElapsedMs=69396.170 Actor=PC_Hero Generation=68 Status=PERSISTED SourceCount=1 PhysicalChanged=0 Source[0]=Fist Side=RIGHT Outstanding=0 Cleanup=0 Outcome=NO_OP_NO_OUTSTANDING
CORE C1_FINAL ElapsedMs=69559.034 Actor=Golem Generation=69 Status=PERSISTED SourceCount=1 PhysicalChanged=0 Source[0]=Fist Side=RIGHT Outstanding=0 Cleanup=0 Outcome=NO_OP_NO_OUTSTANDING
CORE C1_START ElapsedMs=70253.647 Actor=Golem Generation=70 Status=CANDIDATE Outstanding=0 TrackedSources=1 ReplacedGeneration=0 ReplacedOutstanding=0 Source[0]=Fist Side=RIGHT Group=0
CORE C1_BIND ElapsedMs=70253.659 Event=COMBAT_MOVE_CANDIDATE_BOUND Actor=Golem Generation=70 Status=CANDIDATE Outstanding=0 Source=<null> Script=_AI_Attack
CORE C1_STATUS ElapsedMs=70253.715 Event=PERSISTED Actor=Golem Generation=70 Status=PERSISTED Outstanding=0
CORE COLLISION_GROUP ElapsedMs=70497.472 Source=Fist UseType=8 Owner=<unresolved> Slot=NONE Requested=7 Before=0 After=0 MarkerBitsRetired=0
CORE C1_FINAL ElapsedMs=70657.188 Actor=Golem Generation=70 Status=PERSISTED SourceCount=1 PhysicalChanged=0 Source[0]=Fist Side=RIGHT Outstanding=0 Cleanup=0 Outcome=NO_OP_NO_OUTSTANDING
CORE C1_START ElapsedMs=71029.188 Actor=PC_Hero Generation=71 Status=CANDIDATE Outstanding=0 TrackedSources=1 ReplacedGeneration=0 ReplacedOutstanding=0 Source[0]=Fist Side=RIGHT Group=0
CORE C1_BIND ElapsedMs=71029.199 Event=COMBAT_MOVE_CANDIDATE_BOUND Actor=PC_Hero Generation=71 Status=CANDIDATE Outstanding=0 Source=<null> Script=_AI_PowerAttack
CORE C1_STATUS ElapsedMs=71029.264 Event=PERSISTED Actor=PC_Hero Generation=71 Status=PERSISTED Outstanding=0
CORE C1_START ElapsedMs=71042.941 Actor=Golem Generation=72 Status=CANDIDATE Outstanding=0 TrackedSources=1 ReplacedGeneration=0 ReplacedOutstanding=0 Source[0]=Fist Side=RIGHT Group=0
CORE C1_BIND ElapsedMs=71042.953 Event=COMBAT_MOVE_CANDIDATE_BOUND Actor=Golem Generation=72 Status=CANDIDATE Outstanding=0 Source=<null> Script=_AI_JumpBack
CORE C1_STATUS ElapsedMs=71043.009 Event=PERSISTED Actor=Golem Generation=72 Status=PERSISTED Outstanding=0
CORE C1_FINAL ElapsedMs=71082.788 Actor=PC_Hero Generation=71 Status=PERSISTED SourceCount=1 PhysicalChanged=0 Source[0]=Fist Side=RIGHT Outstanding=0 Cleanup=0 Outcome=NO_OP_NO_OUTSTANDING
CORE C1_START ElapsedMs=71086.726 Actor=PC_Hero Generation=73 Status=CANDIDATE Outstanding=0 TrackedSources=1 ReplacedGeneration=0 ReplacedOutstanding=0 Source[0]=Fist Side=RIGHT Group=0
CORE C1_BIND ElapsedMs=71086.737 Event=COMBAT_MOVE_CANDIDATE_BOUND Actor=PC_Hero Generation=73 Status=CANDIDATE Outstanding=0 Source=<null> Script=_AI_Attack
CORE C1_STATUS ElapsedMs=71086.799 Event=PERSISTED Actor=PC_Hero Generation=73 Status=PERSISTED Outstanding=0
CORE RAW8_FIST_OWNERSHIP ElapsedMs=71086.816 Actor=PC_Hero Action=1 Family=NORMAL Motion=Hero_Stand_None_Fist_P0_Attack_Hit_N_Fwd_00_%_00_P1_100_R.xmot C1=73 Raw8Fist=Fist Raw8UseType=8 InitialClose=0->1 Result=CONFIRMED
CORE ATTACK_OWNERSHIP ElapsedMs=71086.826 Actor=PC_Hero Family=NORMAL Action=1 Phase=1 Motion=Hero_Stand_None_Fist_P0_Attack_Hit_N_Fwd_00_%_00_P1_100_R.xmot MarkerPresent=1 RequiredMask=0 FistMarkers=1 Raw8Fist=Fist Raw8UseType=8 SuppressNative=0 Classification=ROUTINE
CORE RAW8_FIST_TIMING ElapsedMs=71197.732 Actor=PC_Hero Action=1 Family=NORMAL Motion=Hero_Stand_None_Fist_P0_Attack_Hit_N_Fwd_00_%_00_P1_100_R.xmot C1=73 Raw8Fist=Fist Raw8UseType=8 AcceptedRearm=1->0 OwnershipMatched=1 Classification=EARLY_PERMISSION_ARMED
CORE RAW8_OPPORTUNITY_OPEN ElapsedMs=71197.761 Actor=PC_Hero Action=1 Family=NORMAL Motion=Hero_Stand_None_Fist_P0_Attack_Hit_N_Fwd_00_%_00_P1_100_R.xmot C1=73 Raw8Fist=Fist OpportunityOrdinal=30 Reason=ACCEPTED_FIST LatchBefore=1 LatchAfter=0 LatchWriteAttempted=1 LatchWriteConfirmed=1 TimingActive=1
CORE MARKER ElapsedMs=71197.775 Actor=PC_Hero Action=1 Family=NORMAL Phase=1 Motion=Hero_Stand_None_Fist_P0_Attack_Hit_N_Fwd_00_%_00_P1_100_R.xmot Marker=FIST Result=ACCEPTED C1Valid=1 C1=73 StatePosition=0 PreviousMask=0 DesiredMask=0 RetiredMask=0 OwnedMask=0 MarkerOwnedMask=0 Activated=0 Deactivated=0 Retired=0 RearmRequests=0 Clears=0 Raw8Fist=Fist Raw8UseType=8 Latch=1->0 LatchConfirmed=1
CORE RAW8_FIST_TIMING ElapsedMs=71205.490 Actor=PC_Hero Action=1 Family=NORMAL Motion=Hero_Stand_None_Fist_P0_Attack_Hit_N_Fwd_00_%_00_P1_100_R.xmot C1=73 Raw8Fist=Fist Raw8UseType=8 PermissionApplied=1 SyntheticApplied=1 Classification=EARLY_PERMISSION_APPLIED
CORE RAW8_OPPORTUNITY_MISS_REARM ElapsedMs=71205.527 Actor=PC_Hero Action=1 Family=NORMAL Motion=Hero_Stand_None_Fist_P0_Attack_Hit_N_Fwd_00_%_00_P1_100_R.xmot C1=73 Raw8Fist=Fist OpportunityOrdinal=30 Reason=NO_CONTACT_DISPATCH FullStop=0 LatchBefore=1 LatchAfter=0 LatchWriteAttempted=1 LatchWriteConfirmed=1
CORE RAW8_OPPORTUNITY_MISS_REARM ElapsedMs=71214.767 Actor=PC_Hero Action=1 Family=NORMAL Motion=Hero_Stand_None_Fist_P0_Attack_Hit_N_Fwd_00_%_00_P1_100_R.xmot C1=73 Raw8Fist=Fist OpportunityOrdinal=30 Reason=NO_CONTACT_DISPATCH FullStop=0 LatchBefore=1 LatchAfter=0 LatchWriteAttempted=1 LatchWriteConfirmed=1
CORE RAW8_OPPORTUNITY_MISS_REARM ElapsedMs=71223.404 Actor=PC_Hero Action=1 Family=NORMAL Motion=Hero_Stand_None_Fist_P0_Attack_Hit_N_Fwd_00_%_00_P1_100_R.xmot C1=73 Raw8Fist=Fist OpportunityOrdinal=30 Reason=NO_CONTACT_DISPATCH FullStop=0 LatchBefore=1 LatchAfter=0 LatchWriteAttempted=1 LatchWriteConfirmed=1
CORE RAW8_OPPORTUNITY_MISS_REARM ElapsedMs=71231.773 Actor=PC_Hero Action=1 Family=NORMAL Motion=Hero_Stand_None_Fist_P0_Attack_Hit_N_Fwd_00_%_00_P1_100_R.xmot C1=73 Raw8Fist=Fist OpportunityOrdinal=30 Reason=NO_CONTACT_DISPATCH FullStop=0 LatchBefore=1 LatchAfter=0 LatchWriteAttempted=1 LatchWriteConfirmed=1
CORE RAW8_OPPORTUNITY_MISS_REARM ElapsedMs=71239.615 Actor=PC_Hero Action=1 Family=NORMAL Motion=Hero_Stand_None_Fist_P0_Attack_Hit_N_Fwd_00_%_00_P1_100_R.xmot C1=73 Raw8Fist=Fist OpportunityOrdinal=30 Reason=NO_CONTACT_DISPATCH FullStop=0 LatchBefore=1 LatchAfter=0 LatchWriteAttempted=1 LatchWriteConfirmed=1
CORE RAW8_OPPORTUNITY_MISS_REARM ElapsedMs=71248.045 Actor=PC_Hero Action=1 Family=NORMAL Motion=Hero_Stand_None_Fist_P0_Attack_Hit_N_Fwd_00_%_00_P1_100_R.xmot C1=73 Raw8Fist=Fist OpportunityOrdinal=30 Reason=NO_CONTACT_DISPATCH FullStop=0 LatchBefore=1 LatchAfter=0 LatchWriteAttempted=1 LatchWriteConfirmed=1
CORE RAW8_OPPORTUNITY_MISS_REARM ElapsedMs=71256.098 Actor=PC_Hero Action=1 Family=NORMAL Motion=Hero_Stand_None_Fist_P0_Attack_Hit_N_Fwd_00_%_00_P1_100_R.xmot C1=73 Raw8Fist=Fist OpportunityOrdinal=30 Reason=NO_CONTACT_DISPATCH FullStop=0 LatchBefore=1 LatchAfter=0 LatchWriteAttempted=1 LatchWriteConfirmed=1
CORE RAW8_OPPORTUNITY_MISS_REARM ElapsedMs=71266.576 Actor=PC_Hero Action=1 Family=NORMAL Motion=Hero_Stand_None_Fist_P0_Attack_Hit_N_Fwd_00_%_00_P1_100_R.xmot C1=73 Raw8Fist=Fist OpportunityOrdinal=30 Reason=NO_CONTACT_DISPATCH FullStop=0 LatchBefore=1 LatchAfter=0 LatchWriteAttempted=1 LatchWriteConfirmed=1
CORE RAW8_FIST_TIMING ElapsedMs=71274.730 Actor=PC_Hero C1=73 PermissionRetired=1 Reason=REAL_TIME_REACHED_FORCED_VALUE
CORE RAW8_OPPORTUNITY_MISS_REARM ElapsedMs=71274.764 Actor=PC_Hero Action=1 Family=NORMAL Motion=Hero_Stand_None_Fist_P0_Attack_Hit_N_Fwd_00_%_00_P1_100_R.xmot C1=73 Raw8Fist=Fist OpportunityOrdinal=30 Reason=NO_CONTACT_DISPATCH FullStop=0 LatchBefore=1 LatchAfter=0 LatchWriteAttempted=1 LatchWriteConfirmed=1
CORE RAW8_OPPORTUNITY_MISS_REARM ElapsedMs=71282.610 Actor=PC_Hero Action=1 Family=NORMAL Motion=Hero_Stand_None_Fist_P0_Attack_Hit_N_Fwd_00_%_00_P1_100_R.xmot C1=73 Raw8Fist=Fist OpportunityOrdinal=30 Reason=NO_CONTACT_DISPATCH FullStop=0 LatchBefore=1 LatchAfter=0 LatchWriteAttempted=1 LatchWriteConfirmed=1
CORE RAW8_OPPORTUNITY_MISS_REARM ElapsedMs=71290.685 Actor=PC_Hero Action=1 Family=NORMAL Motion=Hero_Stand_None_Fist_P0_Attack_Hit_N_Fwd_00_%_00_P1_100_R.xmot C1=73 Raw8Fist=Fist OpportunityOrdinal=30 Reason=NO_CONTACT_DISPATCH FullStop=0 LatchBefore=1 LatchAfter=0 LatchWriteAttempted=1 LatchWriteConfirmed=1
CORE RAW8_OPPORTUNITY_MISS_REARM ElapsedMs=71298.771 Actor=PC_Hero Action=1 Family=NORMAL Motion=Hero_Stand_None_Fist_P0_Attack_Hit_N_Fwd_00_%_00_P1_100_R.xmot C1=73 Raw8Fist=Fist OpportunityOrdinal=30 Reason=NO_CONTACT_DISPATCH FullStop=0 LatchBefore=1 LatchAfter=0 LatchWriteAttempted=1 LatchWriteConfirmed=1
CORE RAW8_OPPORTUNITY_MISS_REARM ElapsedMs=71309.529 Actor=PC_Hero Action=1 Family=NORMAL Motion=Hero_Stand_None_Fist_P0_Attack_Hit_N_Fwd_00_%_00_P1_100_R.xmot C1=73 Raw8Fist=Fist OpportunityOrdinal=30 Reason=NO_CONTACT_DISPATCH FullStop=0 LatchBefore=1 LatchAfter=0 LatchWriteAttempted=1 LatchWriteConfirmed=1
CORE RAW8_OPPORTUNITY_MISS_REARM ElapsedMs=71317.808 Actor=PC_Hero Action=1 Family=NORMAL Motion=Hero_Stand_None_Fist_P0_Attack_Hit_N_Fwd_00_%_00_P1_100_R.xmot C1=73 Raw8Fist=Fist OpportunityOrdinal=30 Reason=NO_CONTACT_DISPATCH FullStop=0 LatchBefore=1 LatchAfter=0 LatchWriteAttempted=1 LatchWriteConfirmed=1
CORE RAW8_OPPORTUNITY_MISS_REARM ElapsedMs=71326.142 Actor=PC_Hero Action=1 Family=NORMAL Motion=Hero_Stand_None_Fist_P0_Attack_Hit_N_Fwd_00_%_00_P1_100_R.xmot C1=73 Raw8Fist=Fist OpportunityOrdinal=30 Reason=NO_CONTACT_DISPATCH FullStop=0 LatchBefore=1 LatchAfter=0 LatchWriteAttempted=1 LatchWriteConfirmed=1
CORE RAW8_OPPORTUNITY_MISS_REARM ElapsedMs=71334.574 Actor=PC_Hero Action=1 Family=NORMAL Motion=Hero_Stand_None_Fist_P0_Attack_Hit_N_Fwd_00_%_00_P1_100_R.xmot C1=73 Raw8Fist=Fist OpportunityOrdinal=30 Reason=NO_CONTACT_DISPATCH FullStop=0 LatchBefore=1 LatchAfter=0 LatchWriteAttempted=1 LatchWriteConfirmed=1
CORE COLLISION_GROUP ElapsedMs=71334.644 Source=Fist UseType=8 Owner=<unresolved> Slot=NONE Requested=7 Before=0 After=0 MarkerBitsRetired=0
CORE RAW8_OPPORTUNITY_MISS_REARM ElapsedMs=71344.021 Actor=PC_Hero Action=1 Family=NORMAL Motion=Hero_Stand_None_Fist_P0_Attack_Hit_N_Fwd_00_%_00_P1_100_R.xmot C1=73 Raw8Fist=Fist OpportunityOrdinal=30 Reason=NO_CONTACT_DISPATCH FullStop=0 LatchBefore=1 LatchAfter=0 LatchWriteAttempted=1 LatchWriteConfirmed=1
CORE RAW8_OPPORTUNITY_MISS_REARM ElapsedMs=71352.321 Actor=PC_Hero Action=1 Family=NORMAL Motion=Hero_Stand_None_Fist_P0_Attack_Hit_N_Fwd_00_%_00_P1_100_R.xmot C1=73 Raw8Fist=Fist OpportunityOrdinal=30 Reason=NO_CONTACT_DISPATCH FullStop=0 LatchBefore=1 LatchAfter=0 LatchWriteAttempted=1 LatchWriteConfirmed=1
CORE RAW8_OPPORTUNITY_MISS_REARM ElapsedMs=71360.943 Actor=PC_Hero Action=1 Family=NORMAL Motion=Hero_Stand_None_Fist_P0_Attack_Hit_N_Fwd_00_%_00_P1_100_R.xmot C1=73 Raw8Fist=Fist OpportunityOrdinal=30 Reason=NO_CONTACT_DISPATCH FullStop=0 LatchBefore=1 LatchAfter=0 LatchWriteAttempted=1 LatchWriteConfirmed=1
CORE RAW8_OPPORTUNITY_MISS_REARM ElapsedMs=71368.879 Actor=PC_Hero Action=1 Family=NORMAL Motion=Hero_Stand_None_Fist_P0_Attack_Hit_N_Fwd_00_%_00_P1_100_R.xmot C1=73 Raw8Fist=Fist OpportunityOrdinal=30 Reason=NO_CONTACT_DISPATCH FullStop=0 LatchBefore=1 LatchAfter=0 LatchWriteAttempted=1 LatchWriteConfirmed=1
CORE RAW8_OPPORTUNITY_MISS_REARM ElapsedMs=71377.399 Actor=PC_Hero Action=1 Family=NORMAL Motion=Hero_Stand_None_Fist_P0_Attack_Hit_N_Fwd_00_%_00_P1_100_R.xmot C1=73 Raw8Fist=Fist OpportunityOrdinal=30 Reason=NO_CONTACT_DISPATCH FullStop=0 LatchBefore=1 LatchAfter=0 LatchWriteAttempted=1 LatchWriteConfirmed=1
CORE RAW8_OPPORTUNITY_MISS_REARM ElapsedMs=71385.907 Actor=PC_Hero Action=1 Family=NORMAL Motion=Hero_Stand_None_Fist_P0_Attack_Hit_N_Fwd_00_%_00_P1_100_R.xmot C1=73 Raw8Fist=Fist OpportunityOrdinal=30 Reason=NO_CONTACT_DISPATCH FullStop=0 LatchBefore=1 LatchAfter=0 LatchWriteAttempted=1 LatchWriteConfirmed=1
CORE RAW8_OPPORTUNITY_MISS_REARM ElapsedMs=71393.512 Actor=PC_Hero Action=1 Family=NORMAL Motion=Hero_Stand_None_Fist_P0_Attack_Hit_N_Fwd_00_%_00_P1_100_R.xmot C1=73 Raw8Fist=Fist OpportunityOrdinal=30 Reason=NO_CONTACT_DISPATCH FullStop=0 LatchBefore=1 LatchAfter=0 LatchWriteAttempted=1 LatchWriteConfirmed=1
CORE RAW8_OPPORTUNITY_CLOSE ElapsedMs=71401.567 Actor=PC_Hero Action=1 Family=NORMAL Motion=Hero_Stand_None_Fist_P0_Attack_Hit_N_Fwd_00_%_00_P1_100_R.xmot C1=73 Raw8Fist=Fist OpportunityOrdinal=30 Reason=C1_FINALIZED LatchBefore=0 LatchAfter=1 LatchWriteAttempted=1 LatchWriteConfirmed=1
CORE C1_FINAL ElapsedMs=71401.603 Actor=PC_Hero Generation=73 Status=PERSISTED SourceCount=1 PhysicalChanged=0 Source[0]=Fist Side=RIGHT Outstanding=0 Cleanup=0 Outcome=NO_OP_NO_OUTSTANDING
CORE C1_FINAL ElapsedMs=71509.378 Actor=Golem Generation=72 Status=PERSISTED SourceCount=1 PhysicalChanged=0 Source[0]=Fist Side=RIGHT Outstanding=0 Cleanup=0 Outcome=NO_OP_NO_OUTSTANDING
CORE C1_START ElapsedMs=71874.440 Actor=Golem Generation=74 Status=CANDIDATE Outstanding=0 TrackedSources=1 ReplacedGeneration=0 ReplacedOutstanding=0 Source[0]=Fist Side=RIGHT Group=0
CORE C1_BIND ElapsedMs=71874.451 Event=COMBAT_MOVE_CANDIDATE_BOUND Actor=Golem Generation=74 Status=CANDIDATE Outstanding=0 Source=<null> Script=_AI_Attack
CORE C1_STATUS ElapsedMs=71874.513 Event=PERSISTED Actor=Golem Generation=74 Status=PERSISTED Outstanding=0
CORE C1_START ElapsedMs=72089.685 Actor=PC_Hero Generation=75 Status=CANDIDATE Outstanding=0 TrackedSources=1 ReplacedGeneration=0 ReplacedOutstanding=0 Source[0]=Fist Side=RIGHT Group=0
CORE C1_BIND ElapsedMs=72089.701 Event=COMBAT_MOVE_CANDIDATE_BOUND Actor=PC_Hero Generation=75 Status=CANDIDATE Outstanding=0 Source=<null> Script=_AI_PowerAttack
CORE C1_STATUS ElapsedMs=72089.763 Event=PERSISTED Actor=PC_Hero Generation=75 Status=PERSISTED Outstanding=0
CORE COLLISION_GROUP ElapsedMs=72122.115 Source=Fist UseType=8 Owner=<unresolved> Slot=NONE Requested=7 Before=0 After=0 MarkerBitsRetired=0
CORE C1_FINAL ElapsedMs=72258.408 Actor=Golem Generation=74 Status=PERSISTED SourceCount=1 PhysicalChanged=0 Source[0]=Fist Side=RIGHT Outstanding=0 Cleanup=0 Outcome=NO_OP_NO_OUTSTANDING
CORE C1_START ElapsedMs=72266.418 Actor=Golem Generation=76 Status=CANDIDATE Outstanding=0 TrackedSources=1 ReplacedGeneration=0 ReplacedOutstanding=0 Source[0]=Fist Side=RIGHT Group=0
CORE C1_BIND ElapsedMs=72266.431 Event=COMBAT_MOVE_CANDIDATE_BOUND Actor=Golem Generation=76 Status=CANDIDATE Outstanding=0 Source=<null> Script=_AI_JumpBack
CORE C1_STATUS ElapsedMs=72266.493 Event=PERSISTED Actor=Golem Generation=76 Status=PERSISTED Outstanding=0
CORE C1_BIND ElapsedMs=72372.355 Event=COMBAT_MOVE_REUSED Actor=PC_Hero Generation=75 Status=PERSISTED Outstanding=0 Source=<null> Script=_AI_PowerAttack
CORE RAW8_FIST_OWNERSHIP ElapsedMs=72372.432 Actor=PC_Hero Action=2 Family=POWER Motion=Hero_Stand_None_Fist_P1_PowerAttack_Hit_N_Fwd_00_%_00_P0_100_L.xmot C1=75 Raw8Fist=Fist Raw8UseType=8 InitialClose=0->1 Result=CONFIRMED
CORE ATTACK_OWNERSHIP ElapsedMs=72372.446 Actor=PC_Hero Family=POWER Action=2 Phase=1 Motion=Hero_Stand_None_Fist_P1_PowerAttack_Hit_N_Fwd_00_%_00_P0_100_L.xmot MarkerPresent=1 RequiredMask=0 FistMarkers=1 Raw8Fist=Fist Raw8UseType=8 SuppressNative=0 Classification=ROUTINE
CORE COLLISION_GROUP ElapsedMs=72372.477 Source=Fist UseType=8 Owner=<unresolved> Slot=NONE Requested=7 Before=0 After=0 MarkerBitsRetired=0
CORE RAW8_FIST_TIMING ElapsedMs=72477.577 Actor=PC_Hero Action=2 Family=POWER Motion=Hero_Stand_None_Fist_P1_PowerAttack_Hit_N_Fwd_00_%_00_P0_100_L.xmot C1=75 Raw8Fist=Fist Raw8UseType=8 AcceptedRearm=1->0 OwnershipMatched=1 Classification=EARLY_PERMISSION_ARMED
CORE RAW8_OPPORTUNITY_OPEN ElapsedMs=72477.606 Actor=PC_Hero Action=2 Family=POWER Motion=Hero_Stand_None_Fist_P1_PowerAttack_Hit_N_Fwd_00_%_00_P0_100_L.xmot C1=75 Raw8Fist=Fist OpportunityOrdinal=31 Reason=ACCEPTED_FIST LatchBefore=1 LatchAfter=0 LatchWriteAttempted=1 LatchWriteConfirmed=1 TimingActive=1
CORE MARKER ElapsedMs=72477.618 Actor=PC_Hero Action=2 Family=POWER Phase=1 Motion=Hero_Stand_None_Fist_P1_PowerAttack_Hit_N_Fwd_00_%_00_P0_100_L.xmot Marker=FIST Result=ACCEPTED C1Valid=1 C1=75 StatePosition=1 PreviousMask=0 DesiredMask=0 RetiredMask=0 OwnedMask=0 MarkerOwnedMask=0 Activated=0 Deactivated=0 Retired=0 RearmRequests=0 Clears=0 Raw8Fist=Fist Raw8UseType=8 Latch=1->0 LatchConfirmed=1
CORE RAW8_FIST_TIMING ElapsedMs=72485.611 Actor=PC_Hero Action=2 Family=POWER Motion=Hero_Stand_None_Fist_P1_PowerAttack_Hit_N_Fwd_00_%_00_P0_100_L.xmot C1=75 Raw8Fist=Fist Raw8UseType=8 PermissionApplied=1 SyntheticApplied=1 Classification=EARLY_PERMISSION_APPLIED
CORE RAW8_OPPORTUNITY_MISS_REARM ElapsedMs=72485.650 Actor=PC_Hero Action=2 Family=POWER Motion=Hero_Stand_None_Fist_P1_PowerAttack_Hit_N_Fwd_00_%_00_P0_100_L.xmot C1=75 Raw8Fist=Fist OpportunityOrdinal=31 Reason=NO_CONTACT_DISPATCH FullStop=0 LatchBefore=1 LatchAfter=0 LatchWriteAttempted=1 LatchWriteConfirmed=1
CORE RAW8_OPPORTUNITY_MISS_REARM ElapsedMs=72494.089 Actor=PC_Hero Action=2 Family=POWER Motion=Hero_Stand_None_Fist_P1_PowerAttack_Hit_N_Fwd_00_%_00_P0_100_L.xmot C1=75 Raw8Fist=Fist OpportunityOrdinal=31 Reason=NO_CONTACT_DISPATCH FullStop=0 LatchBefore=1 LatchAfter=0 LatchWriteAttempted=1 LatchWriteConfirmed=1
CORE RAW8_OPPORTUNITY_MISS_REARM ElapsedMs=72501.633 Actor=PC_Hero Action=2 Family=POWER Motion=Hero_Stand_None_Fist_P1_PowerAttack_Hit_N_Fwd_00_%_00_P0_100_L.xmot C1=75 Raw8Fist=Fist OpportunityOrdinal=31 Reason=NO_CONTACT_DISPATCH FullStop=0 LatchBefore=1 LatchAfter=0 LatchWriteAttempted=1 LatchWriteConfirmed=1
CORE RAW8_OPPORTUNITY_MISS_REARM ElapsedMs=72508.901 Actor=PC_Hero Action=2 Family=POWER Motion=Hero_Stand_None_Fist_P1_PowerAttack_Hit_N_Fwd_00_%_00_P0_100_L.xmot C1=75 Raw8Fist=Fist OpportunityOrdinal=31 Reason=NO_CONTACT_DISPATCH FullStop=0 LatchBefore=1 LatchAfter=0 LatchWriteAttempted=1 LatchWriteConfirmed=1
CORE RAW8_OPPORTUNITY_MISS_REARM ElapsedMs=72518.233 Actor=PC_Hero Action=2 Family=POWER Motion=Hero_Stand_None_Fist_P1_PowerAttack_Hit_N_Fwd_00_%_00_P0_100_L.xmot C1=75 Raw8Fist=Fist OpportunityOrdinal=31 Reason=NO_CONTACT_DISPATCH FullStop=0 LatchBefore=1 LatchAfter=0 LatchWriteAttempted=1 LatchWriteConfirmed=1
CORE RAW8_OPPORTUNITY_MISS_REARM ElapsedMs=72525.389 Actor=PC_Hero Action=2 Family=POWER Motion=Hero_Stand_None_Fist_P1_PowerAttack_Hit_N_Fwd_00_%_00_P0_100_L.xmot C1=75 Raw8Fist=Fist OpportunityOrdinal=31 Reason=NO_CONTACT_DISPATCH FullStop=0 LatchBefore=1 LatchAfter=0 LatchWriteAttempted=1 LatchWriteConfirmed=1
CORE RAW8_OPPORTUNITY_MISS_REARM ElapsedMs=72534.155 Actor=PC_Hero Action=2 Family=POWER Motion=Hero_Stand_None_Fist_P1_PowerAttack_Hit_N_Fwd_00_%_00_P0_100_L.xmot C1=75 Raw8Fist=Fist OpportunityOrdinal=31 Reason=NO_CONTACT_DISPATCH FullStop=0 LatchBefore=1 LatchAfter=0 LatchWriteAttempted=1 LatchWriteConfirmed=1
CORE RAW8_OPPORTUNITY_MISS_REARM ElapsedMs=72541.904 Actor=PC_Hero Action=2 Family=POWER Motion=Hero_Stand_None_Fist_P1_PowerAttack_Hit_N_Fwd_00_%_00_P0_100_L.xmot C1=75 Raw8Fist=Fist OpportunityOrdinal=31 Reason=NO_CONTACT_DISPATCH FullStop=0 LatchBefore=1 LatchAfter=0 LatchWriteAttempted=1 LatchWriteConfirmed=1
CORE RAW8_OPPORTUNITY_MISS_REARM ElapsedMs=72549.583 Actor=PC_Hero Action=2 Family=POWER Motion=Hero_Stand_None_Fist_P1_PowerAttack_Hit_N_Fwd_00_%_00_P0_100_L.xmot C1=75 Raw8Fist=Fist OpportunityOrdinal=31 Reason=NO_CONTACT_DISPATCH FullStop=0 LatchBefore=1 LatchAfter=0 LatchWriteAttempted=1 LatchWriteConfirmed=1
CORE RAW8_OPPORTUNITY_MISS_REARM ElapsedMs=72558.328 Actor=PC_Hero Action=2 Family=POWER Motion=Hero_Stand_None_Fist_P1_PowerAttack_Hit_N_Fwd_00_%_00_P0_100_L.xmot C1=75 Raw8Fist=Fist OpportunityOrdinal=31 Reason=NO_CONTACT_DISPATCH FullStop=0 LatchBefore=1 LatchAfter=0 LatchWriteAttempted=1 LatchWriteConfirmed=1
CORE RAW8_OPPORTUNITY_MISS_REARM ElapsedMs=72567.071 Actor=PC_Hero Action=2 Family=POWER Motion=Hero_Stand_None_Fist_P1_PowerAttack_Hit_N_Fwd_00_%_00_P0_100_L.xmot C1=75 Raw8Fist=Fist OpportunityOrdinal=31 Reason=NO_CONTACT_DISPATCH FullStop=0 LatchBefore=1 LatchAfter=0 LatchWriteAttempted=1 LatchWriteConfirmed=1
CORE RAW8_OPPORTUNITY_MISS_REARM ElapsedMs=72576.010 Actor=PC_Hero Action=2 Family=POWER Motion=Hero_Stand_None_Fist_P1_PowerAttack_Hit_N_Fwd_00_%_00_P0_100_L.xmot C1=75 Raw8Fist=Fist OpportunityOrdinal=31 Reason=NO_CONTACT_DISPATCH FullStop=0 LatchBefore=1 LatchAfter=0 LatchWriteAttempted=1 LatchWriteConfirmed=1
CORE RAW8_OPPORTUNITY_MISS_REARM ElapsedMs=72583.888 Actor=PC_Hero Action=2 Family=POWER Motion=Hero_Stand_None_Fist_P1_PowerAttack_Hit_N_Fwd_00_%_00_P0_100_L.xmot C1=75 Raw8Fist=Fist OpportunityOrdinal=31 Reason=NO_CONTACT_DISPATCH FullStop=0 LatchBefore=1 LatchAfter=0 LatchWriteAttempted=1 LatchWriteConfirmed=1
CORE RAW8_OPPORTUNITY_MISS_REARM ElapsedMs=72591.511 Actor=PC_Hero Action=2 Family=POWER Motion=Hero_Stand_None_Fist_P1_PowerAttack_Hit_N_Fwd_00_%_00_P0_100_L.xmot C1=75 Raw8Fist=Fist OpportunityOrdinal=31 Reason=NO_CONTACT_DISPATCH FullStop=0 LatchBefore=1 LatchAfter=0 LatchWriteAttempted=1 LatchWriteConfirmed=1
CORE RAW8_OPPORTUNITY_MISS_REARM ElapsedMs=72599.900 Actor=PC_Hero Action=2 Family=POWER Motion=Hero_Stand_None_Fist_P1_PowerAttack_Hit_N_Fwd_00_%_00_P0_100_L.xmot C1=75 Raw8Fist=Fist OpportunityOrdinal=31 Reason=NO_CONTACT_DISPATCH FullStop=0 LatchBefore=1 LatchAfter=0 LatchWriteAttempted=1 LatchWriteConfirmed=1
CORE RAW8_OPPORTUNITY_MISS_REARM ElapsedMs=72608.196 Actor=PC_Hero Action=2 Family=POWER Motion=Hero_Stand_None_Fist_P1_PowerAttack_Hit_N_Fwd_00_%_00_P0_100_L.xmot C1=75 Raw8Fist=Fist OpportunityOrdinal=31 Reason=NO_CONTACT_DISPATCH FullStop=0 LatchBefore=1 LatchAfter=0 LatchWriteAttempted=1 LatchWriteConfirmed=1
CORE RAW8_OPPORTUNITY_MISS_REARM ElapsedMs=72615.998 Actor=PC_Hero Action=2 Family=POWER Motion=Hero_Stand_None_Fist_P1_PowerAttack_Hit_N_Fwd_00_%_00_P0_100_L.xmot C1=75 Raw8Fist=Fist OpportunityOrdinal=31 Reason=NO_CONTACT_DISPATCH FullStop=0 LatchBefore=1 LatchAfter=0 LatchWriteAttempted=1 LatchWriteConfirmed=1
CORE RAW8_OPPORTUNITY_MISS_REARM ElapsedMs=72623.431 Actor=PC_Hero Action=2 Family=POWER Motion=Hero_Stand_None_Fist_P1_PowerAttack_Hit_N_Fwd_00_%_00_P0_100_L.xmot C1=75 Raw8Fist=Fist OpportunityOrdinal=31 Reason=NO_CONTACT_DISPATCH FullStop=0 LatchBefore=1 LatchAfter=0 LatchWriteAttempted=1 LatchWriteConfirmed=1
CORE RAW8_OPPORTUNITY_MISS_REARM ElapsedMs=72631.249 Actor=PC_Hero Action=2 Family=POWER Motion=Hero_Stand_None_Fist_P1_PowerAttack_Hit_N_Fwd_00_%_00_P0_100_L.xmot C1=75 Raw8Fist=Fist OpportunityOrdinal=31 Reason=NO_CONTACT_DISPATCH FullStop=0 LatchBefore=1 LatchAfter=0 LatchWriteAttempted=1 LatchWriteConfirmed=1
CORE RAW8_OPPORTUNITY_MISS_REARM ElapsedMs=72640.033 Actor=PC_Hero Action=2 Family=POWER Motion=Hero_Stand_None_Fist_P1_PowerAttack_Hit_N_Fwd_00_%_00_P0_100_L.xmot C1=75 Raw8Fist=Fist OpportunityOrdinal=31 Reason=NO_CONTACT_DISPATCH FullStop=0 LatchBefore=1 LatchAfter=0 LatchWriteAttempted=1 LatchWriteConfirmed=1
CORE RAW8_OPPORTUNITY_MISS_REARM ElapsedMs=72648.533 Actor=PC_Hero Action=2 Family=POWER Motion=Hero_Stand_None_Fist_P1_PowerAttack_Hit_N_Fwd_00_%_00_P0_100_L.xmot C1=75 Raw8Fist=Fist OpportunityOrdinal=31 Reason=NO_CONTACT_DISPATCH FullStop=0 LatchBefore=1 LatchAfter=0 LatchWriteAttempted=1 LatchWriteConfirmed=1
CORE RAW8_OPPORTUNITY_MISS_REARM ElapsedMs=72656.017 Actor=PC_Hero Action=2 Family=POWER Motion=Hero_Stand_None_Fist_P1_PowerAttack_Hit_N_Fwd_00_%_00_P0_100_L.xmot C1=75 Raw8Fist=Fist OpportunityOrdinal=31 Reason=NO_CONTACT_DISPATCH FullStop=0 LatchBefore=1 LatchAfter=0 LatchWriteAttempted=1 LatchWriteConfirmed=1
CORE RAW8_OPPORTUNITY_MISS_REARM ElapsedMs=72664.138 Actor=PC_Hero Action=2 Family=POWER Motion=Hero_Stand_None_Fist_P1_PowerAttack_Hit_N_Fwd_00_%_00_P0_100_L.xmot C1=75 Raw8Fist=Fist OpportunityOrdinal=31 Reason=NO_CONTACT_DISPATCH FullStop=0 LatchBefore=1 LatchAfter=0 LatchWriteAttempted=1 LatchWriteConfirmed=1
CORE RAW8_OPPORTUNITY_MISS_REARM ElapsedMs=72671.642 Actor=PC_Hero Action=2 Family=POWER Motion=Hero_Stand_None_Fist_P1_PowerAttack_Hit_N_Fwd_00_%_00_P0_100_L.xmot C1=75 Raw8Fist=Fist OpportunityOrdinal=31 Reason=NO_CONTACT_DISPATCH FullStop=0 LatchBefore=1 LatchAfter=0 LatchWriteAttempted=1 LatchWriteConfirmed=1
CORE RAW8_OPPORTUNITY_MISS_REARM ElapsedMs=72679.981 Actor=PC_Hero Action=2 Family=POWER Motion=Hero_Stand_None_Fist_P1_PowerAttack_Hit_N_Fwd_00_%_00_P0_100_L.xmot C1=75 Raw8Fist=Fist OpportunityOrdinal=31 Reason=NO_CONTACT_DISPATCH FullStop=0 LatchBefore=1 LatchAfter=0 LatchWriteAttempted=1 LatchWriteConfirmed=1
CORE RAW8_OPPORTUNITY_MISS_REARM ElapsedMs=72688.009 Actor=PC_Hero Action=2 Family=POWER Motion=Hero_Stand_None_Fist_P1_PowerAttack_Hit_N_Fwd_00_%_00_P0_100_L.xmot C1=75 Raw8Fist=Fist OpportunityOrdinal=31 Reason=NO_CONTACT_DISPATCH FullStop=0 LatchBefore=1 LatchAfter=0 LatchWriteAttempted=1 LatchWriteConfirmed=1
CORE RAW8_OPPORTUNITY_MISS_REARM ElapsedMs=72695.556 Actor=PC_Hero Action=2 Family=POWER Motion=Hero_Stand_None_Fist_P1_PowerAttack_Hit_N_Fwd_00_%_00_P0_100_L.xmot C1=75 Raw8Fist=Fist OpportunityOrdinal=31 Reason=NO_CONTACT_DISPATCH FullStop=0 LatchBefore=1 LatchAfter=0 LatchWriteAttempted=1 LatchWriteConfirmed=1
CORE RAW8_OPPORTUNITY_MISS_REARM ElapsedMs=72703.859 Actor=PC_Hero Action=2 Family=POWER Motion=Hero_Stand_None_Fist_P1_PowerAttack_Hit_N_Fwd_00_%_00_P0_100_L.xmot C1=75 Raw8Fist=Fist OpportunityOrdinal=31 Reason=NO_CONTACT_DISPATCH FullStop=0 LatchBefore=1 LatchAfter=0 LatchWriteAttempted=1 LatchWriteConfirmed=1
CORE RAW8_OPPORTUNITY_MISS_REARM ElapsedMs=72711.543 Actor=PC_Hero Action=2 Family=POWER Motion=Hero_Stand_None_Fist_P1_PowerAttack_Hit_N_Fwd_00_%_00_P0_100_L.xmot C1=75 Raw8Fist=Fist OpportunityOrdinal=31 Reason=NO_CONTACT_DISPATCH FullStop=0 LatchBefore=1 LatchAfter=0 LatchWriteAttempted=1 LatchWriteConfirmed=1
CORE RAW8_OPPORTUNITY_MISS_REARM ElapsedMs=72720.279 Actor=PC_Hero Action=2 Family=POWER Motion=Hero_Stand_None_Fist_P1_PowerAttack_Hit_N_Fwd_00_%_00_P0_100_L.xmot C1=75 Raw8Fist=Fist OpportunityOrdinal=31 Reason=NO_CONTACT_DISPATCH FullStop=0 LatchBefore=1 LatchAfter=0 LatchWriteAttempted=1 LatchWriteConfirmed=1
CORE C1_FINAL ElapsedMs=72725.003 Actor=Golem Generation=76 Status=PERSISTED SourceCount=1 PhysicalChanged=0 Source[0]=Fist Side=RIGHT Outstanding=0 Cleanup=0 Outcome=NO_OP_NO_OUTSTANDING
CORE RAW8_OPPORTUNITY_MISS_REARM ElapsedMs=72728.382 Actor=PC_Hero Action=2 Family=POWER Motion=Hero_Stand_None_Fist_P1_PowerAttack_Hit_N_Fwd_00_%_00_P0_100_L.xmot C1=75 Raw8Fist=Fist OpportunityOrdinal=31 Reason=NO_CONTACT_DISPATCH FullStop=0 LatchBefore=1 LatchAfter=0 LatchWriteAttempted=1 LatchWriteConfirmed=1
CORE RAW8_OPPORTUNITY_MISS_REARM ElapsedMs=72736.432 Actor=PC_Hero Action=2 Family=POWER Motion=Hero_Stand_None_Fist_P1_PowerAttack_Hit_N_Fwd_00_%_00_P0_100_L.xmot C1=75 Raw8Fist=Fist OpportunityOrdinal=31 Reason=NO_CONTACT_DISPATCH FullStop=0 LatchBefore=1 LatchAfter=0 LatchWriteAttempted=1 LatchWriteConfirmed=1
CORE RAW8_OPPORTUNITY_MISS_REARM ElapsedMs=72745.901 Actor=PC_Hero Action=2 Family=POWER Motion=Hero_Stand_None_Fist_P1_PowerAttack_Hit_N_Fwd_00_%_00_P0_100_L.xmot C1=75 Raw8Fist=Fist OpportunityOrdinal=31 Reason=NO_CONTACT_DISPATCH FullStop=0 LatchBefore=1 LatchAfter=0 LatchWriteAttempted=1 LatchWriteConfirmed=1
CORE RAW8_OPPORTUNITY_MISS_REARM ElapsedMs=72753.306 Actor=PC_Hero Action=2 Family=POWER Motion=Hero_Stand_None_Fist_P1_PowerAttack_Hit_N_Fwd_00_%_00_P0_100_L.xmot C1=75 Raw8Fist=Fist OpportunityOrdinal=31 Reason=NO_CONTACT_DISPATCH FullStop=0 LatchBefore=1 LatchAfter=0 LatchWriteAttempted=1 LatchWriteConfirmed=1
CORE RAW8_FIST_TIMING ElapsedMs=72764.338 Actor=PC_Hero C1=75 PermissionRetired=1 Reason=REAL_TIME_REACHED_FORCED_VALUE
CORE RAW8_OPPORTUNITY_MISS_REARM ElapsedMs=72764.372 Actor=PC_Hero Action=2 Family=POWER Motion=Hero_Stand_None_Fist_P1_PowerAttack_Hit_N_Fwd_00_%_00_P0_100_L.xmot C1=75 Raw8Fist=Fist OpportunityOrdinal=31 Reason=NO_CONTACT_DISPATCH FullStop=0 LatchBefore=1 LatchAfter=0 LatchWriteAttempted=1 LatchWriteConfirmed=1
CORE RAW8_OPPORTUNITY_MISS_REARM ElapsedMs=72771.739 Actor=PC_Hero Action=2 Family=POWER Motion=Hero_Stand_None_Fist_P1_PowerAttack_Hit_N_Fwd_00_%_00_P0_100_L.xmot C1=75 Raw8Fist=Fist OpportunityOrdinal=31 Reason=NO_CONTACT_DISPATCH FullStop=0 LatchBefore=1 LatchAfter=0 LatchWriteAttempted=1 LatchWriteConfirmed=1
CORE RAW8_OPPORTUNITY_MISS_REARM ElapsedMs=72779.411 Actor=PC_Hero Action=2 Family=POWER Motion=Hero_Stand_None_Fist_P1_PowerAttack_Hit_N_Fwd_00_%_00_P0_100_L.xmot C1=75 Raw8Fist=Fist OpportunityOrdinal=31 Reason=NO_CONTACT_DISPATCH FullStop=0 LatchBefore=1 LatchAfter=0 LatchWriteAttempted=1 LatchWriteConfirmed=1
CORE RAW8_OPPORTUNITY_MISS_REARM ElapsedMs=72788.583 Actor=PC_Hero Action=2 Family=POWER Motion=Hero_Stand_None_Fist_P1_PowerAttack_Hit_N_Fwd_00_%_00_P0_100_L.xmot C1=75 Raw8Fist=Fist OpportunityOrdinal=31 Reason=NO_CONTACT_DISPATCH FullStop=0 LatchBefore=1 LatchAfter=0 LatchWriteAttempted=1 LatchWriteConfirmed=1
CORE RAW8_OPPORTUNITY_MISS_REARM ElapsedMs=72797.138 Actor=PC_Hero Action=2 Family=POWER Motion=Hero_Stand_None_Fist_P1_PowerAttack_Hit_N_Fwd_00_%_00_P0_100_L.xmot C1=75 Raw8Fist=Fist OpportunityOrdinal=31 Reason=NO_CONTACT_DISPATCH FullStop=0 LatchBefore=1 LatchAfter=0 LatchWriteAttempted=1 LatchWriteConfirmed=1
CORE RAW8_OPPORTUNITY_MISS_REARM ElapsedMs=72805.805 Actor=PC_Hero Action=2 Family=POWER Motion=Hero_Stand_None_Fist_P1_PowerAttack_Hit_N_Fwd_00_%_00_P0_100_L.xmot C1=75 Raw8Fist=Fist OpportunityOrdinal=31 Reason=NO_CONTACT_DISPATCH FullStop=0 LatchBefore=1 LatchAfter=0 LatchWriteAttempted=1 LatchWriteConfirmed=1
CORE RAW8_OPPORTUNITY_MISS_REARM ElapsedMs=72813.641 Actor=PC_Hero Action=2 Family=POWER Motion=Hero_Stand_None_Fist_P1_PowerAttack_Hit_N_Fwd_00_%_00_P0_100_L.xmot C1=75 Raw8Fist=Fist OpportunityOrdinal=31 Reason=NO_CONTACT_DISPATCH FullStop=0 LatchBefore=1 LatchAfter=0 LatchWriteAttempted=1 LatchWriteConfirmed=1
CORE RAW8_OPPORTUNITY_MISS_REARM ElapsedMs=72821.075 Actor=PC_Hero Action=2 Family=POWER Motion=Hero_Stand_None_Fist_P1_PowerAttack_Hit_N_Fwd_00_%_00_P0_100_L.xmot C1=75 Raw8Fist=Fist OpportunityOrdinal=31 Reason=NO_CONTACT_DISPATCH FullStop=0 LatchBefore=1 LatchAfter=0 LatchWriteAttempted=1 LatchWriteConfirmed=1
CORE RAW8_FIST_TIMING ElapsedMs=72821.321 Actor=PC_Hero Action=2 Family=POWER Motion=Hero_Stand_None_Fist_P1_PowerAttack_Hit_N_Fwd_00_%_00_P0_100_L.xmot C1=75 Raw8Fist=Fist Raw8UseType=8 AcceptedRearm=0->0 OwnershipMatched=1 Classification=NATIVE_TIMING
CORE RAW8_OPPORTUNITY_OPEN ElapsedMs=72821.335 Actor=PC_Hero Action=2 Family=POWER Motion=Hero_Stand_None_Fist_P1_PowerAttack_Hit_N_Fwd_00_%_00_P0_100_L.xmot C1=75 Raw8Fist=Fist OpportunityOrdinal=32 Reason=ACCEPTED_FIST LatchBefore=0 LatchAfter=0 LatchWriteAttempted=1 LatchWriteConfirmed=1 TimingActive=0
CORE MARKER ElapsedMs=72821.348 Actor=PC_Hero Action=2 Family=POWER Phase=1 Motion=Hero_Stand_None_Fist_P1_PowerAttack_Hit_N_Fwd_00_%_00_P0_100_L.xmot Marker=FIST Result=ACCEPTED C1Valid=1 C1=75 StatePosition=1 PreviousMask=0 DesiredMask=0 RetiredMask=0 OwnedMask=0 MarkerOwnedMask=0 Activated=0 Deactivated=0 Retired=0 RearmRequests=0 Clears=0 Raw8Fist=Fist Raw8UseType=8 Latch=0->0 LatchConfirmed=1
CORE RAW8_OPPORTUNITY_MISS_REARM ElapsedMs=72830.398 Actor=PC_Hero Action=2 Family=POWER Motion=Hero_Stand_None_Fist_P1_PowerAttack_Hit_N_Fwd_00_%_00_P0_100_L.xmot C1=75 Raw8Fist=Fist OpportunityOrdinal=32 Reason=NO_CONTACT_DISPATCH FullStop=0 LatchBefore=1 LatchAfter=0 LatchWriteAttempted=1 LatchWriteConfirmed=1
CORE RAW8_OPPORTUNITY_MISS_REARM ElapsedMs=72838.498 Actor=PC_Hero Action=2 Family=POWER Motion=Hero_Stand_None_Fist_P1_PowerAttack_Hit_N_Fwd_00_%_00_P0_100_L.xmot C1=75 Raw8Fist=Fist OpportunityOrdinal=32 Reason=NO_CONTACT_DISPATCH FullStop=0 LatchBefore=1 LatchAfter=0 LatchWriteAttempted=1 LatchWriteConfirmed=1
CORE RAW8_OPPORTUNITY_MISS_REARM ElapsedMs=72845.999 Actor=PC_Hero Action=2 Family=POWER Motion=Hero_Stand_None_Fist_P1_PowerAttack_Hit_N_Fwd_00_%_00_P0_100_L.xmot C1=75 Raw8Fist=Fist OpportunityOrdinal=32 Reason=NO_CONTACT_DISPATCH FullStop=0 LatchBefore=1 LatchAfter=0 LatchWriteAttempted=1 LatchWriteConfirmed=1
CORE RAW8_OPPORTUNITY_MISS_REARM ElapsedMs=72853.270 Actor=PC_Hero Action=2 Family=POWER Motion=Hero_Stand_None_Fist_P1_PowerAttack_Hit_N_Fwd_00_%_00_P0_100_L.xmot C1=75 Raw8Fist=Fist OpportunityOrdinal=32 Reason=NO_CONTACT_DISPATCH FullStop=0 LatchBefore=1 LatchAfter=0 LatchWriteAttempted=1 LatchWriteConfirmed=1
CORE RAW8_OPPORTUNITY_MISS_REARM ElapsedMs=72862.645 Actor=PC_Hero Action=2 Family=POWER Motion=Hero_Stand_None_Fist_P1_PowerAttack_Hit_N_Fwd_00_%_00_P0_100_L.xmot C1=75 Raw8Fist=Fist OpportunityOrdinal=32 Reason=NO_CONTACT_DISPATCH FullStop=0 LatchBefore=1 LatchAfter=0 LatchWriteAttempted=1 LatchWriteConfirmed=1
CORE RAW8_OPPORTUNITY_MISS_REARM ElapsedMs=72870.760 Actor=PC_Hero Action=2 Family=POWER Motion=Hero_Stand_None_Fist_P1_PowerAttack_Hit_N_Fwd_00_%_00_P0_100_L.xmot C1=75 Raw8Fist=Fist OpportunityOrdinal=32 Reason=NO_CONTACT_DISPATCH FullStop=0 LatchBefore=1 LatchAfter=0 LatchWriteAttempted=1 LatchWriteConfirmed=1
CORE RAW8_OPPORTUNITY_MISS_REARM ElapsedMs=72878.353 Actor=PC_Hero Action=2 Family=POWER Motion=Hero_Stand_None_Fist_P1_PowerAttack_Hit_N_Fwd_00_%_00_P0_100_L.xmot C1=75 Raw8Fist=Fist OpportunityOrdinal=32 Reason=NO_CONTACT_DISPATCH FullStop=0 LatchBefore=1 LatchAfter=0 LatchWriteAttempted=1 LatchWriteConfirmed=1
CORE RAW8_OPPORTUNITY_MISS_REARM ElapsedMs=72887.082 Actor=PC_Hero Action=2 Family=POWER Motion=Hero_Stand_None_Fist_P1_PowerAttack_Hit_N_Fwd_00_%_00_P0_100_L.xmot C1=75 Raw8Fist=Fist OpportunityOrdinal=32 Reason=NO_CONTACT_DISPATCH FullStop=0 LatchBefore=1 LatchAfter=0 LatchWriteAttempted=1 LatchWriteConfirmed=1
CORE RAW8_OPPORTUNITY_MISS_REARM ElapsedMs=72894.678 Actor=PC_Hero Action=2 Family=POWER Motion=Hero_Stand_None_Fist_P1_PowerAttack_Hit_N_Fwd_00_%_00_P0_100_L.xmot C1=75 Raw8Fist=Fist OpportunityOrdinal=32 Reason=NO_CONTACT_DISPATCH FullStop=0 LatchBefore=1 LatchAfter=0 LatchWriteAttempted=1 LatchWriteConfirmed=1
CORE RAW8_OPPORTUNITY_MISS_REARM ElapsedMs=72903.416 Actor=PC_Hero Action=2 Family=POWER Motion=Hero_Stand_None_Fist_P1_PowerAttack_Hit_N_Fwd_00_%_00_P0_100_L.xmot C1=75 Raw8Fist=Fist OpportunityOrdinal=32 Reason=NO_CONTACT_DISPATCH FullStop=0 LatchBefore=1 LatchAfter=0 LatchWriteAttempted=1 LatchWriteConfirmed=1
CORE RAW8_OPPORTUNITY_MISS_REARM ElapsedMs=72912.096 Actor=PC_Hero Action=2 Family=POWER Motion=Hero_Stand_None_Fist_P1_PowerAttack_Hit_N_Fwd_00_%_00_P0_100_L.xmot C1=75 Raw8Fist=Fist OpportunityOrdinal=32 Reason=NO_CONTACT_DISPATCH FullStop=0 LatchBefore=1 LatchAfter=0 LatchWriteAttempted=1 LatchWriteConfirmed=1
CORE RAW8_OPPORTUNITY_MISS_REARM ElapsedMs=72920.013 Actor=PC_Hero Action=2 Family=POWER Motion=Hero_Stand_None_Fist_P1_PowerAttack_Hit_N_Fwd_00_%_00_P0_100_L.xmot C1=75 Raw8Fist=Fist OpportunityOrdinal=32 Reason=NO_CONTACT_DISPATCH FullStop=0 LatchBefore=1 LatchAfter=0 LatchWriteAttempted=1 LatchWriteConfirmed=1
CORE RAW8_OPPORTUNITY_MISS_REARM ElapsedMs=72928.078 Actor=PC_Hero Action=2 Family=POWER Motion=Hero_Stand_None_Fist_P1_PowerAttack_Hit_N_Fwd_00_%_00_P0_100_L.xmot C1=75 Raw8Fist=Fist OpportunityOrdinal=32 Reason=NO_CONTACT_DISPATCH FullStop=0 LatchBefore=1 LatchAfter=0 LatchWriteAttempted=1 LatchWriteConfirmed=1
CORE RAW8_OPPORTUNITY_MISS_REARM ElapsedMs=72936.226 Actor=PC_Hero Action=2 Family=POWER Motion=Hero_Stand_None_Fist_P1_PowerAttack_Hit_N_Fwd_00_%_00_P0_100_L.xmot C1=75 Raw8Fist=Fist OpportunityOrdinal=32 Reason=NO_CONTACT_DISPATCH FullStop=0 LatchBefore=1 LatchAfter=0 LatchWriteAttempted=1 LatchWriteConfirmed=1
CORE RAW8_OPPORTUNITY_MISS_REARM ElapsedMs=72943.496 Actor=PC_Hero Action=2 Family=POWER Motion=Hero_Stand_None_Fist_P1_PowerAttack_Hit_N_Fwd_00_%_00_P0_100_L.xmot C1=75 Raw8Fist=Fist OpportunityOrdinal=32 Reason=NO_CONTACT_DISPATCH FullStop=0 LatchBefore=1 LatchAfter=0 LatchWriteAttempted=1 LatchWriteConfirmed=1
CORE RAW8_OPPORTUNITY_MISS_REARM ElapsedMs=72951.772 Actor=PC_Hero Action=2 Family=POWER Motion=Hero_Stand_None_Fist_P1_PowerAttack_Hit_N_Fwd_00_%_00_P0_100_L.xmot C1=75 Raw8Fist=Fist OpportunityOrdinal=32 Reason=NO_CONTACT_DISPATCH FullStop=0 LatchBefore=1 LatchAfter=0 LatchWriteAttempted=1 LatchWriteConfirmed=1
CORE RAW8_OPPORTUNITY_MISS_REARM ElapsedMs=72959.040 Actor=PC_Hero Action=2 Family=POWER Motion=Hero_Stand_None_Fist_P1_PowerAttack_Hit_N_Fwd_00_%_00_P0_100_L.xmot C1=75 Raw8Fist=Fist OpportunityOrdinal=32 Reason=NO_CONTACT_DISPATCH FullStop=0 LatchBefore=1 LatchAfter=0 LatchWriteAttempted=1 LatchWriteConfirmed=1
CORE RAW8_OPPORTUNITY_MISS_REARM ElapsedMs=72968.362 Actor=PC_Hero Action=2 Family=POWER Motion=Hero_Stand_None_Fist_P1_PowerAttack_Hit_N_Fwd_00_%_00_P0_100_L.xmot C1=75 Raw8Fist=Fist OpportunityOrdinal=32 Reason=NO_CONTACT_DISPATCH FullStop=0 LatchBefore=1 LatchAfter=0 LatchWriteAttempted=1 LatchWriteConfirmed=1
CORE RAW8_OPPORTUNITY_MISS_REARM ElapsedMs=72972.759 Actor=PC_Hero Action=2 Family=POWER Motion=Hero_Stand_None_Fist_P1_PowerAttack_Hit_N_Fwd_00_%_00_P0_100_L.xmot C1=75 Raw8Fist=Fist OpportunityOrdinal=32 Reason=NO_CONTACT_DISPATCH FullStop=0 LatchBefore=1 LatchAfter=0 LatchWriteAttempted=1 LatchWriteConfirmed=1
CORE RAW8_OPPORTUNITY_MISS_REARM ElapsedMs=72981.948 Actor=PC_Hero Action=2 Family=POWER Motion=Hero_Stand_None_Fist_P1_PowerAttack_Hit_N_Fwd_00_%_00_P0_100_L.xmot C1=75 Raw8Fist=Fist OpportunityOrdinal=32 Reason=NO_CONTACT_DISPATCH FullStop=0 LatchBefore=1 LatchAfter=0 LatchWriteAttempted=1 LatchWriteConfirmed=1
CORE RAW8_OPPORTUNITY_MISS_REARM ElapsedMs=72990.235 Actor=PC_Hero Action=2 Family=POWER Motion=Hero_Stand_None_Fist_P1_PowerAttack_Hit_N_Fwd_00_%_00_P0_100_L.xmot C1=75 Raw8Fist=Fist OpportunityOrdinal=32 Reason=NO_CONTACT_DISPATCH FullStop=0 LatchBefore=1 LatchAfter=0 LatchWriteAttempted=1 LatchWriteConfirmed=1
CORE RAW8_OPPORTUNITY_MISS_REARM ElapsedMs=72999.006 Actor=PC_Hero Action=2 Family=POWER Motion=Hero_Stand_None_Fist_P1_PowerAttack_Hit_N_Fwd_00_%_00_P0_100_L.xmot C1=75 Raw8Fist=Fist OpportunityOrdinal=32 Reason=NO_CONTACT_DISPATCH FullStop=0 LatchBefore=1 LatchAfter=0 LatchWriteAttempted=1 LatchWriteConfirmed=1
CORE RAW8_OPPORTUNITY_MISS_REARM ElapsedMs=73006.380 Actor=PC_Hero Action=2 Family=POWER Motion=Hero_Stand_None_Fist_P1_PowerAttack_Hit_N_Fwd_00_%_00_P0_100_L.xmot C1=75 Raw8Fist=Fist OpportunityOrdinal=32 Reason=NO_CONTACT_DISPATCH FullStop=0 LatchBefore=1 LatchAfter=0 LatchWriteAttempted=1 LatchWriteConfirmed=1
CORE RAW8_OPPORTUNITY_CLOSE ElapsedMs=73014.995 Actor=PC_Hero Action=2 Family=POWER Motion=Hero_Stand_None_Fist_P1_PowerAttack_Hit_N_Fwd_00_%_00_P0_100_L.xmot C1=75 Raw8Fist=Fist OpportunityOrdinal=32 Reason=C1_FINALIZED LatchBefore=0 LatchAfter=1 LatchWriteAttempted=1 LatchWriteConfirmed=1
CORE C1_FINAL ElapsedMs=73015.027 Actor=PC_Hero Generation=75 Status=PERSISTED SourceCount=1 PhysicalChanged=0 Source[0]=Fist Side=RIGHT Outstanding=0 Cleanup=0 Outcome=NO_OP_NO_OUTSTANDING
CORE C1_START ElapsedMs=73464.688 Actor=Golem Generation=77 Status=CANDIDATE Outstanding=0 TrackedSources=1 ReplacedGeneration=0 ReplacedOutstanding=0 Source[0]=Fist Side=RIGHT Group=0
CORE C1_BIND ElapsedMs=73464.700 Event=COMBAT_MOVE_CANDIDATE_BOUND Actor=Golem Generation=77 Status=CANDIDATE Outstanding=0 Source=<null> Script=_AI_Attack
CORE C1_STATUS ElapsedMs=73464.760 Event=PERSISTED Actor=Golem Generation=77 Status=PERSISTED Outstanding=0
CORE COLLISION_GROUP ElapsedMs=73701.279 Source=Fist UseType=8 Owner=<unresolved> Slot=NONE Requested=7 Before=0 After=0 MarkerBitsRetired=0
CORE C1_FINAL ElapsedMs=73856.637 Actor=Golem Generation=77 Status=PERSISTED SourceCount=1 PhysicalChanged=0 Source[0]=Fist Side=RIGHT Outstanding=0 Cleanup=0 Outcome=NO_OP_NO_OUTSTANDING
CORE C1_START ElapsedMs=76042.243 Actor=Golem Generation=78 Status=CANDIDATE Outstanding=0 TrackedSources=1 ReplacedGeneration=0 ReplacedOutstanding=0 Source[0]=Fist Side=RIGHT Group=0
CORE C1_BIND ElapsedMs=76042.256 Event=COMBAT_MOVE_CANDIDATE_BOUND Actor=Golem Generation=78 Status=CANDIDATE Outstanding=0 Source=<null> Script=_AI_Attack
CORE C1_STATUS ElapsedMs=76042.312 Event=PERSISTED Actor=Golem Generation=78 Status=PERSISTED Outstanding=0
CORE COLLISION_GROUP ElapsedMs=76279.221 Source=Fist UseType=8 Owner=<unresolved> Slot=NONE Requested=7 Before=0 After=0 MarkerBitsRetired=0
CORE C1_FINAL ElapsedMs=76415.444 Actor=Golem Generation=78 Status=PERSISTED SourceCount=1 PhysicalChanged=0 Source[0]=Fist Side=RIGHT Outstanding=0 Cleanup=0 Outcome=NO_OP_NO_OUTSTANDING
CORE C1_START ElapsedMs=76522.243 Actor=PC_Hero Generation=79 Status=CANDIDATE Outstanding=0 TrackedSources=1 ReplacedGeneration=0 ReplacedOutstanding=0 Source[0]=Fist Side=RIGHT Group=0
CORE C1_BIND ElapsedMs=76522.255 Event=COMBAT_MOVE_CANDIDATE_BOUND Actor=PC_Hero Generation=79 Status=CANDIDATE Outstanding=0 Source=<null> Script=_AI_Attack
CORE C1_STATUS ElapsedMs=76522.322 Event=PERSISTED Actor=PC_Hero Generation=79 Status=PERSISTED Outstanding=0
CORE RAW8_FIST_OWNERSHIP ElapsedMs=76522.339 Actor=PC_Hero Action=1 Family=NORMAL Motion=Hero_Stand_None_Fist_P0_Attack_Hit_N_Fwd_00_%_00_P1_100_R.xmot C1=79 Raw8Fist=Fist Raw8UseType=8 InitialClose=0->1 Result=CONFIRMED
CORE ATTACK_OWNERSHIP ElapsedMs=76522.350 Actor=PC_Hero Family=NORMAL Action=1 Phase=1 Motion=Hero_Stand_None_Fist_P0_Attack_Hit_N_Fwd_00_%_00_P1_100_R.xmot MarkerPresent=1 RequiredMask=0 FistMarkers=1 Raw8Fist=Fist Raw8UseType=8 SuppressNative=0 Classification=ROUTINE
CORE RAW8_FIST_TIMING ElapsedMs=76632.416 Actor=PC_Hero Action=1 Family=NORMAL Motion=Hero_Stand_None_Fist_P0_Attack_Hit_N_Fwd_00_%_00_P1_100_R.xmot C1=79 Raw8Fist=Fist Raw8UseType=8 AcceptedRearm=1->0 OwnershipMatched=1 Classification=EARLY_PERMISSION_ARMED
CORE RAW8_OPPORTUNITY_OPEN ElapsedMs=76632.444 Actor=PC_Hero Action=1 Family=NORMAL Motion=Hero_Stand_None_Fist_P0_Attack_Hit_N_Fwd_00_%_00_P1_100_R.xmot C1=79 Raw8Fist=Fist OpportunityOrdinal=33 Reason=ACCEPTED_FIST LatchBefore=1 LatchAfter=0 LatchWriteAttempted=1 LatchWriteConfirmed=1 TimingActive=1
CORE MARKER ElapsedMs=76632.458 Actor=PC_Hero Action=1 Family=NORMAL Phase=1 Motion=Hero_Stand_None_Fist_P0_Attack_Hit_N_Fwd_00_%_00_P1_100_R.xmot Marker=FIST Result=ACCEPTED C1Valid=1 C1=79 StatePosition=0 PreviousMask=0 DesiredMask=0 RetiredMask=0 OwnedMask=0 MarkerOwnedMask=0 Activated=0 Deactivated=0 Retired=0 RearmRequests=0 Clears=0 Raw8Fist=Fist Raw8UseType=8 Latch=1->0 LatchConfirmed=1
CORE RAW8_FIST_TIMING ElapsedMs=76639.544 Actor=PC_Hero Action=1 Family=NORMAL Motion=Hero_Stand_None_Fist_P0_Attack_Hit_N_Fwd_00_%_00_P1_100_R.xmot C1=79 Raw8Fist=Fist Raw8UseType=8 PermissionApplied=1 SyntheticApplied=1 Classification=EARLY_PERMISSION_APPLIED
CORE RAW8_OPPORTUNITY_CONTACT_CONSUMED ElapsedMs=76640.511 Actor=PC_Hero Action=1 Family=NORMAL Motion=Hero_Stand_None_Fist_P0_Attack_Hit_N_Fwd_00_%_00_P1_100_R.xmot C1=79 Raw8Fist=Fist OpportunityOrdinal=33 Reason=EXACT_NATIVE_CONTACT_DISPATCH LatchValue=1
CORE RAW8_FIST_TIMING ElapsedMs=76640.529 Actor=PC_Hero C1=79 PermissionRetired=1 Reason=CONTACT_CONSUMED
CORE ONDAMAGE ElapsedMs=76640.543 Ordinal=17 Target=Golem Arg1=Fist Arg2=PC_Hero Caller=Game.dll+0x0016E348 PlayerAction=1 PlayerPhase=1 PlayerMotion=Hero_Stand_None_Fist_P0_Attack_Hit_N_Fwd_00_%_00_P1_100_R.xmot Raw8Fist=Fist Raw8UseType=8 Raw8Group=0
CORE C1_START ElapsedMs=76647.573 Actor=Golem Generation=80 Status=CANDIDATE Outstanding=0 TrackedSources=1 ReplacedGeneration=0 ReplacedOutstanding=0 Source[0]=Fist Side=RIGHT Group=0
CORE C1_BIND ElapsedMs=76647.584 Event=COMBAT_MOVE_CANDIDATE_BOUND Actor=Golem Generation=80 Status=CANDIDATE Outstanding=0 Source=<null> Script=_AI_Stumble
CORE C1_STATUS ElapsedMs=76647.640 Event=PERSISTED Actor=Golem Generation=80 Status=PERSISTED Outstanding=0
CORE COLLISION_GROUP ElapsedMs=76755.891 Source=Fist UseType=8 Owner=<unresolved> Slot=NONE Requested=7 Before=0 After=0 MarkerBitsRetired=0
CORE C1_FINAL ElapsedMs=76821.890 Actor=PC_Hero Generation=79 Status=PERSISTED SourceCount=1 PhysicalChanged=0 Source[0]=Fist Side=RIGHT Outstanding=0 Cleanup=0 Outcome=NO_OP_NO_OUTSTANDING
CORE C1_FINAL ElapsedMs=76997.080 Actor=Golem Generation=80 Status=PERSISTED SourceCount=1 PhysicalChanged=0 Source[0]=Fist Side=RIGHT Outstanding=0 Cleanup=0 Outcome=NO_OP_NO_OUTSTANDING
CORE C1_START ElapsedMs=77389.751 Actor=PC_Hero Generation=81 Status=CANDIDATE Outstanding=0 TrackedSources=1 ReplacedGeneration=0 ReplacedOutstanding=0 Source[0]=Fist Side=RIGHT Group=0
CORE C1_BIND ElapsedMs=77389.763 Event=COMBAT_MOVE_CANDIDATE_BOUND Actor=PC_Hero Generation=81 Status=CANDIDATE Outstanding=0 Source=<null> Script=_AI_PowerAttack
CORE C1_STATUS ElapsedMs=77389.825 Event=PERSISTED Actor=PC_Hero Generation=81 Status=PERSISTED Outstanding=0
CORE C1_FINAL ElapsedMs=77406.075 Actor=PC_Hero Generation=81 Status=PERSISTED SourceCount=1 PhysicalChanged=0 Source[0]=Fist Side=RIGHT Outstanding=0 Cleanup=0 Outcome=NO_OP_NO_OUTSTANDING
CORE C1_START ElapsedMs=77410.395 Actor=PC_Hero Generation=82 Status=CANDIDATE Outstanding=0 TrackedSources=1 ReplacedGeneration=0 ReplacedOutstanding=0 Source[0]=Fist Side=RIGHT Group=0
CORE C1_BIND ElapsedMs=77410.407 Event=COMBAT_MOVE_CANDIDATE_BOUND Actor=PC_Hero Generation=82 Status=CANDIDATE Outstanding=0 Source=<null> Script=_AI_Attack
CORE C1_STATUS ElapsedMs=77410.469 Event=PERSISTED Actor=PC_Hero Generation=82 Status=PERSISTED Outstanding=0
CORE RAW8_FIST_OWNERSHIP ElapsedMs=77410.486 Actor=PC_Hero Action=1 Family=NORMAL Motion=Hero_Stand_None_Fist_P1_Attack_Hit_N_Fwd_00_%_00_P0_100_L.xmot C1=82 Raw8Fist=Fist Raw8UseType=8 InitialClose=0->1 Result=CONFIRMED
CORE ATTACK_OWNERSHIP ElapsedMs=77410.497 Actor=PC_Hero Family=NORMAL Action=1 Phase=1 Motion=Hero_Stand_None_Fist_P1_Attack_Hit_N_Fwd_00_%_00_P0_100_L.xmot MarkerPresent=1 RequiredMask=0 FistMarkers=1 Raw8Fist=Fist Raw8UseType=8 SuppressNative=0 Classification=ROUTINE
CORE C1_START ElapsedMs=77422.151 Actor=Golem Generation=83 Status=CANDIDATE Outstanding=0 TrackedSources=1 ReplacedGeneration=0 ReplacedOutstanding=0 Source[0]=Fist Side=RIGHT Group=0
CORE C1_BIND ElapsedMs=77422.163 Event=COMBAT_MOVE_CANDIDATE_BOUND Actor=Golem Generation=83 Status=CANDIDATE Outstanding=0 Source=<null> Script=_AI_JumpBack
CORE C1_STATUS ElapsedMs=77422.217 Event=PERSISTED Actor=Golem Generation=83 Status=PERSISTED Outstanding=0
CORE RAW8_FIST_TIMING ElapsedMs=77511.992 Actor=PC_Hero Action=1 Family=NORMAL Motion=Hero_Stand_None_Fist_P1_Attack_Hit_N_Fwd_00_%_00_P0_100_L.xmot C1=82 Raw8Fist=Fist Raw8UseType=8 AcceptedRearm=1->0 OwnershipMatched=1 Classification=EARLY_PERMISSION_ARMED
CORE RAW8_OPPORTUNITY_OPEN ElapsedMs=77512.025 Actor=PC_Hero Action=1 Family=NORMAL Motion=Hero_Stand_None_Fist_P1_Attack_Hit_N_Fwd_00_%_00_P0_100_L.xmot C1=82 Raw8Fist=Fist OpportunityOrdinal=34 Reason=ACCEPTED_FIST LatchBefore=1 LatchAfter=0 LatchWriteAttempted=1 LatchWriteConfirmed=1 TimingActive=1
CORE MARKER ElapsedMs=77512.040 Actor=PC_Hero Action=1 Family=NORMAL Phase=1 Motion=Hero_Stand_None_Fist_P1_Attack_Hit_N_Fwd_00_%_00_P0_100_L.xmot Marker=FIST Result=ACCEPTED C1Valid=1 C1=82 StatePosition=0 PreviousMask=0 DesiredMask=0 RetiredMask=0 OwnedMask=0 MarkerOwnedMask=0 Activated=0 Deactivated=0 Retired=0 RearmRequests=0 Clears=0 Raw8Fist=Fist Raw8UseType=8 Latch=1->0 LatchConfirmed=1
CORE RAW8_FIST_TIMING ElapsedMs=77519.945 Actor=PC_Hero Action=1 Family=NORMAL Motion=Hero_Stand_None_Fist_P1_Attack_Hit_N_Fwd_00_%_00_P0_100_L.xmot C1=82 Raw8Fist=Fist Raw8UseType=8 PermissionApplied=1 SyntheticApplied=1 Classification=EARLY_PERMISSION_APPLIED
CORE RAW8_OPPORTUNITY_MISS_REARM ElapsedMs=77519.983 Actor=PC_Hero Action=1 Family=NORMAL Motion=Hero_Stand_None_Fist_P1_Attack_Hit_N_Fwd_00_%_00_P0_100_L.xmot C1=82 Raw8Fist=Fist OpportunityOrdinal=34 Reason=NO_CONTACT_DISPATCH FullStop=0 LatchBefore=1 LatchAfter=0 LatchWriteAttempted=1 LatchWriteConfirmed=1
CORE RAW8_OPPORTUNITY_MISS_REARM ElapsedMs=77528.628 Actor=PC_Hero Action=1 Family=NORMAL Motion=Hero_Stand_None_Fist_P1_Attack_Hit_N_Fwd_00_%_00_P0_100_L.xmot C1=82 Raw8Fist=Fist OpportunityOrdinal=34 Reason=NO_CONTACT_DISPATCH FullStop=0 LatchBefore=1 LatchAfter=0 LatchWriteAttempted=1 LatchWriteConfirmed=1
CORE RAW8_OPPORTUNITY_MISS_REARM ElapsedMs=77535.338 Actor=PC_Hero Action=1 Family=NORMAL Motion=Hero_Stand_None_Fist_P1_Attack_Hit_N_Fwd_00_%_00_P0_100_L.xmot C1=82 Raw8Fist=Fist OpportunityOrdinal=34 Reason=NO_CONTACT_DISPATCH FullStop=0 LatchBefore=1 LatchAfter=0 LatchWriteAttempted=1 LatchWriteConfirmed=1
CORE RAW8_OPPORTUNITY_MISS_REARM ElapsedMs=77544.428 Actor=PC_Hero Action=1 Family=NORMAL Motion=Hero_Stand_None_Fist_P1_Attack_Hit_N_Fwd_00_%_00_P0_100_L.xmot C1=82 Raw8Fist=Fist OpportunityOrdinal=34 Reason=NO_CONTACT_DISPATCH FullStop=0 LatchBefore=1 LatchAfter=0 LatchWriteAttempted=1 LatchWriteConfirmed=1
CORE RAW8_OPPORTUNITY_MISS_REARM ElapsedMs=77551.502 Actor=PC_Hero Action=1 Family=NORMAL Motion=Hero_Stand_None_Fist_P1_Attack_Hit_N_Fwd_00_%_00_P0_100_L.xmot C1=82 Raw8Fist=Fist OpportunityOrdinal=34 Reason=NO_CONTACT_DISPATCH FullStop=0 LatchBefore=1 LatchAfter=0 LatchWriteAttempted=1 LatchWriteConfirmed=1
CORE RAW8_OPPORTUNITY_MISS_REARM ElapsedMs=77559.101 Actor=PC_Hero Action=1 Family=NORMAL Motion=Hero_Stand_None_Fist_P1_Attack_Hit_N_Fwd_00_%_00_P0_100_L.xmot C1=82 Raw8Fist=Fist OpportunityOrdinal=34 Reason=NO_CONTACT_DISPATCH FullStop=0 LatchBefore=1 LatchAfter=0 LatchWriteAttempted=1 LatchWriteConfirmed=1
CORE RAW8_OPPORTUNITY_MISS_REARM ElapsedMs=77566.392 Actor=PC_Hero Action=1 Family=NORMAL Motion=Hero_Stand_None_Fist_P1_Attack_Hit_N_Fwd_00_%_00_P0_100_L.xmot C1=82 Raw8Fist=Fist OpportunityOrdinal=34 Reason=NO_CONTACT_DISPATCH FullStop=0 LatchBefore=1 LatchAfter=0 LatchWriteAttempted=1 LatchWriteConfirmed=1
CORE RAW8_OPPORTUNITY_MISS_REARM ElapsedMs=77575.305 Actor=PC_Hero Action=1 Family=NORMAL Motion=Hero_Stand_None_Fist_P1_Attack_Hit_N_Fwd_00_%_00_P0_100_L.xmot C1=82 Raw8Fist=Fist OpportunityOrdinal=34 Reason=NO_CONTACT_DISPATCH FullStop=0 LatchBefore=1 LatchAfter=0 LatchWriteAttempted=1 LatchWriteConfirmed=1
CORE RAW8_OPPORTUNITY_MISS_REARM ElapsedMs=77582.530 Actor=PC_Hero Action=1 Family=NORMAL Motion=Hero_Stand_None_Fist_P1_Attack_Hit_N_Fwd_00_%_00_P0_100_L.xmot C1=82 Raw8Fist=Fist OpportunityOrdinal=34 Reason=NO_CONTACT_DISPATCH FullStop=0 LatchBefore=1 LatchAfter=0 LatchWriteAttempted=1 LatchWriteConfirmed=1
CORE RAW8_FIST_TIMING ElapsedMs=77591.279 Actor=PC_Hero C1=82 PermissionRetired=1 Reason=REAL_TIME_REACHED_FORCED_VALUE
CORE RAW8_OPPORTUNITY_MISS_REARM ElapsedMs=77591.314 Actor=PC_Hero Action=1 Family=NORMAL Motion=Hero_Stand_None_Fist_P1_Attack_Hit_N_Fwd_00_%_00_P0_100_L.xmot C1=82 Raw8Fist=Fist OpportunityOrdinal=34 Reason=NO_CONTACT_DISPATCH FullStop=0 LatchBefore=1 LatchAfter=0 LatchWriteAttempted=1 LatchWriteConfirmed=1
CORE RAW8_OPPORTUNITY_MISS_REARM ElapsedMs=77599.220 Actor=PC_Hero Action=1 Family=NORMAL Motion=Hero_Stand_None_Fist_P1_Attack_Hit_N_Fwd_00_%_00_P0_100_L.xmot C1=82 Raw8Fist=Fist OpportunityOrdinal=34 Reason=NO_CONTACT_DISPATCH FullStop=0 LatchBefore=1 LatchAfter=0 LatchWriteAttempted=1 LatchWriteConfirmed=1
CORE RAW8_OPPORTUNITY_MISS_REARM ElapsedMs=77608.287 Actor=PC_Hero Action=1 Family=NORMAL Motion=Hero_Stand_None_Fist_P1_Attack_Hit_N_Fwd_00_%_00_P0_100_L.xmot C1=82 Raw8Fist=Fist OpportunityOrdinal=34 Reason=NO_CONTACT_DISPATCH FullStop=0 LatchBefore=1 LatchAfter=0 LatchWriteAttempted=1 LatchWriteConfirmed=1
CORE RAW8_OPPORTUNITY_MISS_REARM ElapsedMs=77615.522 Actor=PC_Hero Action=1 Family=NORMAL Motion=Hero_Stand_None_Fist_P1_Attack_Hit_N_Fwd_00_%_00_P0_100_L.xmot C1=82 Raw8Fist=Fist OpportunityOrdinal=34 Reason=NO_CONTACT_DISPATCH FullStop=0 LatchBefore=1 LatchAfter=0 LatchWriteAttempted=1 LatchWriteConfirmed=1
CORE RAW8_OPPORTUNITY_MISS_REARM ElapsedMs=77624.278 Actor=PC_Hero Action=1 Family=NORMAL Motion=Hero_Stand_None_Fist_P1_Attack_Hit_N_Fwd_00_%_00_P0_100_L.xmot C1=82 Raw8Fist=Fist OpportunityOrdinal=34 Reason=NO_CONTACT_DISPATCH FullStop=0 LatchBefore=1 LatchAfter=0 LatchWriteAttempted=1 LatchWriteConfirmed=1
CORE RAW8_OPPORTUNITY_MISS_REARM ElapsedMs=77632.088 Actor=PC_Hero Action=1 Family=NORMAL Motion=Hero_Stand_None_Fist_P1_Attack_Hit_N_Fwd_00_%_00_P0_100_L.xmot C1=82 Raw8Fist=Fist OpportunityOrdinal=34 Reason=NO_CONTACT_DISPATCH FullStop=0 LatchBefore=1 LatchAfter=0 LatchWriteAttempted=1 LatchWriteConfirmed=1
CORE RAW8_OPPORTUNITY_MISS_REARM ElapsedMs=77639.241 Actor=PC_Hero Action=1 Family=NORMAL Motion=Hero_Stand_None_Fist_P1_Attack_Hit_N_Fwd_00_%_00_P0_100_L.xmot C1=82 Raw8Fist=Fist OpportunityOrdinal=34 Reason=NO_CONTACT_DISPATCH FullStop=0 LatchBefore=1 LatchAfter=0 LatchWriteAttempted=1 LatchWriteConfirmed=1
CORE COLLISION_GROUP ElapsedMs=77639.305 Source=Fist UseType=8 Owner=<unresolved> Slot=NONE Requested=7 Before=0 After=0 MarkerBitsRetired=0
CORE RAW8_OPPORTUNITY_MISS_REARM ElapsedMs=77648.180 Actor=PC_Hero Action=1 Family=NORMAL Motion=Hero_Stand_None_Fist_P1_Attack_Hit_N_Fwd_00_%_00_P0_100_L.xmot C1=82 Raw8Fist=Fist OpportunityOrdinal=34 Reason=NO_CONTACT_DISPATCH FullStop=0 LatchBefore=1 LatchAfter=0 LatchWriteAttempted=1 LatchWriteConfirmed=1
CORE RAW8_OPPORTUNITY_MISS_REARM ElapsedMs=77656.319 Actor=PC_Hero Action=1 Family=NORMAL Motion=Hero_Stand_None_Fist_P1_Attack_Hit_N_Fwd_00_%_00_P0_100_L.xmot C1=82 Raw8Fist=Fist OpportunityOrdinal=34 Reason=NO_CONTACT_DISPATCH FullStop=0 LatchBefore=1 LatchAfter=0 LatchWriteAttempted=1 LatchWriteConfirmed=1
CORE RAW8_OPPORTUNITY_MISS_REARM ElapsedMs=77665.202 Actor=PC_Hero Action=1 Family=NORMAL Motion=Hero_Stand_None_Fist_P1_Attack_Hit_N_Fwd_00_%_00_P0_100_L.xmot C1=82 Raw8Fist=Fist OpportunityOrdinal=34 Reason=NO_CONTACT_DISPATCH FullStop=0 LatchBefore=1 LatchAfter=0 LatchWriteAttempted=1 LatchWriteConfirmed=1
CORE RAW8_OPPORTUNITY_MISS_REARM ElapsedMs=77673.106 Actor=PC_Hero Action=1 Family=NORMAL Motion=Hero_Stand_None_Fist_P1_Attack_Hit_N_Fwd_00_%_00_P0_100_L.xmot C1=82 Raw8Fist=Fist OpportunityOrdinal=34 Reason=NO_CONTACT_DISPATCH FullStop=0 LatchBefore=1 LatchAfter=0 LatchWriteAttempted=1 LatchWriteConfirmed=1
CORE RAW8_OPPORTUNITY_MISS_REARM ElapsedMs=77680.371 Actor=PC_Hero Action=1 Family=NORMAL Motion=Hero_Stand_None_Fist_P1_Attack_Hit_N_Fwd_00_%_00_P0_100_L.xmot C1=82 Raw8Fist=Fist OpportunityOrdinal=34 Reason=NO_CONTACT_DISPATCH FullStop=0 LatchBefore=1 LatchAfter=0 LatchWriteAttempted=1 LatchWriteConfirmed=1
CORE RAW8_OPPORTUNITY_MISS_REARM ElapsedMs=77689.082 Actor=PC_Hero Action=1 Family=NORMAL Motion=Hero_Stand_None_Fist_P1_Attack_Hit_N_Fwd_00_%_00_P0_100_L.xmot C1=82 Raw8Fist=Fist OpportunityOrdinal=34 Reason=NO_CONTACT_DISPATCH FullStop=0 LatchBefore=1 LatchAfter=0 LatchWriteAttempted=1 LatchWriteConfirmed=1
CORE RAW8_OPPORTUNITY_MISS_REARM ElapsedMs=77698.803 Actor=PC_Hero Action=1 Family=NORMAL Motion=Hero_Stand_None_Fist_P1_Attack_Hit_N_Fwd_00_%_00_P0_100_L.xmot C1=82 Raw8Fist=Fist OpportunityOrdinal=34 Reason=NO_CONTACT_DISPATCH FullStop=0 LatchBefore=1 LatchAfter=0 LatchWriteAttempted=1 LatchWriteConfirmed=1
CORE RAW8_OPPORTUNITY_CLOSE ElapsedMs=77706.646 Actor=PC_Hero Action=1 Family=NORMAL Motion=Hero_Stand_None_Fist_P1_Attack_Hit_N_Fwd_00_%_00_P0_100_L.xmot C1=82 Raw8Fist=Fist OpportunityOrdinal=34 Reason=C1_FINALIZED LatchBefore=0 LatchAfter=1 LatchWriteAttempted=1 LatchWriteConfirmed=1
CORE C1_FINAL ElapsedMs=77706.682 Actor=PC_Hero Generation=82 Status=PERSISTED SourceCount=1 PhysicalChanged=0 Source[0]=Fist Side=RIGHT Outstanding=0 Cleanup=0 Outcome=NO_OP_NO_OUTSTANDING
CORE C1_FINAL ElapsedMs=77875.936 Actor=Golem Generation=83 Status=PERSISTED SourceCount=1 PhysicalChanged=0 Source[0]=Fist Side=RIGHT Outstanding=0 Cleanup=0 Outcome=NO_OP_NO_OUTSTANDING
CORE C1_START ElapsedMs=78175.451 Actor=Golem Generation=84 Status=CANDIDATE Outstanding=0 TrackedSources=1 ReplacedGeneration=0 ReplacedOutstanding=0 Source[0]=Fist Side=RIGHT Group=0
CORE C1_BIND ElapsedMs=78175.462 Event=COMBAT_MOVE_CANDIDATE_BOUND Actor=Golem Generation=84 Status=CANDIDATE Outstanding=0 Source=<null> Script=_AI_Attack
CORE C1_STATUS ElapsedMs=78175.517 Event=PERSISTED Actor=Golem Generation=84 Status=PERSISTED Outstanding=0
CORE C1_START ElapsedMs=78279.156 Actor=PC_Hero Generation=85 Status=CANDIDATE Outstanding=0 TrackedSources=1 ReplacedGeneration=0 ReplacedOutstanding=0 Source[0]=Fist Side=RIGHT Group=0
CORE C1_BIND ElapsedMs=78279.168 Event=COMBAT_MOVE_CANDIDATE_BOUND Actor=PC_Hero Generation=85 Status=CANDIDATE Outstanding=0 Source=<null> Script=_AI_PowerAttack
CORE C1_STATUS ElapsedMs=78279.229 Event=PERSISTED Actor=PC_Hero Generation=85 Status=PERSISTED Outstanding=0
CORE COLLISION_GROUP ElapsedMs=78411.966 Source=Fist UseType=8 Owner=<unresolved> Slot=NONE Requested=7 Before=0 After=0 MarkerBitsRetired=0
CORE C1_FINAL ElapsedMs=78544.504 Actor=Golem Generation=84 Status=PERSISTED SourceCount=1 PhysicalChanged=0 Source[0]=Fist Side=RIGHT Outstanding=0 Cleanup=0 Outcome=NO_OP_NO_OUTSTANDING
CORE C1_START ElapsedMs=78553.065 Actor=Golem Generation=86 Status=CANDIDATE Outstanding=0 TrackedSources=1 ReplacedGeneration=0 ReplacedOutstanding=0 Source[0]=Fist Side=RIGHT Group=0
CORE C1_BIND ElapsedMs=78553.079 Event=COMBAT_MOVE_CANDIDATE_BOUND Actor=Golem Generation=86 Status=CANDIDATE Outstanding=0 Source=<null> Script=_AI_JumpBack
CORE C1_STATUS ElapsedMs=78553.169 Event=PERSISTED Actor=Golem Generation=86 Status=PERSISTED Outstanding=0
CORE C1_BIND ElapsedMs=78553.812 Event=COMBAT_MOVE_REUSED Actor=PC_Hero Generation=85 Status=PERSISTED Outstanding=0 Source=<null> Script=_AI_PowerAttack
CORE RAW8_FIST_OWNERSHIP ElapsedMs=78553.868 Actor=PC_Hero Action=2 Family=POWER Motion=Hero_Stand_None_Fist_P0_PowerAttack_Hit_N_Fwd_00_%_00_P1_100_R.xmot C1=85 Raw8Fist=Fist Raw8UseType=8 InitialClose=0->1 Result=CONFIRMED
CORE ATTACK_OWNERSHIP ElapsedMs=78553.881 Actor=PC_Hero Family=POWER Action=2 Phase=1 Motion=Hero_Stand_None_Fist_P0_PowerAttack_Hit_N_Fwd_00_%_00_P1_100_R.xmot MarkerPresent=1 RequiredMask=0 FistMarkers=1 Raw8Fist=Fist Raw8UseType=8 SuppressNative=0 Classification=ROUTINE
CORE COLLISION_GROUP ElapsedMs=78553.915 Source=Fist UseType=8 Owner=<unresolved> Slot=NONE Requested=7 Before=0 After=0 MarkerBitsRetired=0
CORE RAW8_FIST_TIMING ElapsedMs=78657.231 Actor=PC_Hero Action=2 Family=POWER Motion=Hero_Stand_None_Fist_P0_PowerAttack_Hit_N_Fwd_00_%_00_P1_100_R.xmot C1=85 Raw8Fist=Fist Raw8UseType=8 AcceptedRearm=1->0 OwnershipMatched=1 Classification=EARLY_PERMISSION_ARMED
CORE RAW8_OPPORTUNITY_OPEN ElapsedMs=78657.259 Actor=PC_Hero Action=2 Family=POWER Motion=Hero_Stand_None_Fist_P0_PowerAttack_Hit_N_Fwd_00_%_00_P1_100_R.xmot C1=85 Raw8Fist=Fist OpportunityOrdinal=35 Reason=ACCEPTED_FIST LatchBefore=1 LatchAfter=0 LatchWriteAttempted=1 LatchWriteConfirmed=1 TimingActive=1
CORE MARKER ElapsedMs=78657.272 Actor=PC_Hero Action=2 Family=POWER Phase=1 Motion=Hero_Stand_None_Fist_P0_PowerAttack_Hit_N_Fwd_00_%_00_P1_100_R.xmot Marker=FIST Result=ACCEPTED C1Valid=1 C1=85 StatePosition=1 PreviousMask=0 DesiredMask=0 RetiredMask=0 OwnedMask=0 MarkerOwnedMask=0 Activated=0 Deactivated=0 Retired=0 RearmRequests=0 Clears=0 Raw8Fist=Fist Raw8UseType=8 Latch=1->0 LatchConfirmed=1
CORE RAW8_FIST_TIMING ElapsedMs=78664.267 Actor=PC_Hero Action=2 Family=POWER Motion=Hero_Stand_None_Fist_P0_PowerAttack_Hit_N_Fwd_00_%_00_P1_100_R.xmot C1=85 Raw8Fist=Fist Raw8UseType=8 PermissionApplied=1 SyntheticApplied=1 Classification=EARLY_PERMISSION_APPLIED
CORE RAW8_OPPORTUNITY_CONTACT_CONSUMED ElapsedMs=78664.413 Actor=PC_Hero Action=2 Family=POWER Motion=Hero_Stand_None_Fist_P0_PowerAttack_Hit_N_Fwd_00_%_00_P1_100_R.xmot C1=85 Raw8Fist=Fist OpportunityOrdinal=35 Reason=EXACT_NATIVE_CONTACT_DISPATCH LatchValue=1
CORE RAW8_FIST_TIMING ElapsedMs=78664.429 Actor=PC_Hero C1=85 PermissionRetired=1 Reason=CONTACT_CONSUMED
CORE ONDAMAGE ElapsedMs=78664.442 Ordinal=18 Target=Golem Arg1=Fist Arg2=PC_Hero Caller=Game.dll+0x0016E348 PlayerAction=2 PlayerPhase=1 PlayerMotion=Hero_Stand_None_Fist_P0_PowerAttack_Hit_N_Fwd_00_%_00_P1_100_R.xmot Raw8Fist=Fist Raw8UseType=8 Raw8Group=0
CORE C1_START ElapsedMs=78671.759 Actor=Golem Generation=87 Status=CANDIDATE Outstanding=0 TrackedSources=1 ReplacedGeneration=86 ReplacedOutstanding=0 Source[0]=Fist Side=RIGHT Group=0
CORE C1_BIND ElapsedMs=78671.770 Event=COMBAT_MOVE_CANDIDATE_BOUND Actor=Golem Generation=87 Status=CANDIDATE Outstanding=0 Source=<null> Script=_AI_Stumble
CORE C1_STATUS ElapsedMs=78671.830 Event=PERSISTED Actor=Golem Generation=87 Status=PERSISTED Outstanding=0
CORE C1_FINAL ElapsedMs=78850.035 Actor=PC_Hero Generation=85 Status=PERSISTED SourceCount=1 PhysicalChanged=0 Source[0]=Fist Side=RIGHT Outstanding=0 Cleanup=0 Outcome=NO_OP_NO_OUTSTANDING
CORE C1_FINAL ElapsedMs=79014.319 Actor=Golem Generation=87 Status=PERSISTED SourceCount=1 PhysicalChanged=0 Source[0]=Fist Side=RIGHT Outstanding=0 Cleanup=0 Outcome=NO_OP_NO_OUTSTANDING
CORE C1_START ElapsedMs=79495.569 Actor=PC_Hero Generation=88 Status=CANDIDATE Outstanding=0 TrackedSources=1 ReplacedGeneration=0 ReplacedOutstanding=0 Source[0]=Fist Side=RIGHT Group=0
CORE C1_BIND ElapsedMs=79495.581 Event=COMBAT_MOVE_CANDIDATE_BOUND Actor=PC_Hero Generation=88 Status=CANDIDATE Outstanding=0 Source=<null> Script=_AI_PowerAttack
CORE C1_STATUS ElapsedMs=79495.643 Event=PERSISTED Actor=PC_Hero Generation=88 Status=PERSISTED Outstanding=0
CORE C1_START ElapsedMs=79533.964 Actor=Golem Generation=89 Status=CANDIDATE Outstanding=0 TrackedSources=1 ReplacedGeneration=0 ReplacedOutstanding=0 Source[0]=Fist Side=RIGHT Group=0
CORE C1_BIND ElapsedMs=79533.975 Event=COMBAT_MOVE_CANDIDATE_BOUND Actor=Golem Generation=89 Status=CANDIDATE Outstanding=0 Source=<null> Script=_AI_JumpBack
CORE C1_STATUS ElapsedMs=79534.027 Event=PERSISTED Actor=Golem Generation=89 Status=PERSISTED Outstanding=0
CORE C1_BIND ElapsedMs=79772.270 Event=COMBAT_MOVE_REUSED Actor=PC_Hero Generation=88 Status=PERSISTED Outstanding=0 Source=<null> Script=_AI_PowerAttack
CORE RAW8_FIST_OWNERSHIP ElapsedMs=79772.345 Actor=PC_Hero Action=2 Family=POWER Motion=Hero_Stand_None_Fist_P1_PowerAttack_Hit_N_Fwd_00_%_00_P0_100_L.xmot C1=88 Raw8Fist=Fist Raw8UseType=8 InitialClose=0->1 Result=CONFIRMED
CORE ATTACK_OWNERSHIP ElapsedMs=79772.358 Actor=PC_Hero Family=POWER Action=2 Phase=1 Motion=Hero_Stand_None_Fist_P1_PowerAttack_Hit_N_Fwd_00_%_00_P0_100_L.xmot MarkerPresent=1 RequiredMask=0 FistMarkers=1 Raw8Fist=Fist Raw8UseType=8 SuppressNative=0 Classification=ROUTINE
CORE COLLISION_GROUP ElapsedMs=79772.387 Source=Fist UseType=8 Owner=<unresolved> Slot=NONE Requested=7 Before=0 After=0 MarkerBitsRetired=0
CORE RAW8_FIST_TIMING ElapsedMs=79880.418 Actor=PC_Hero Action=2 Family=POWER Motion=Hero_Stand_None_Fist_P1_PowerAttack_Hit_N_Fwd_00_%_00_P0_100_L.xmot C1=88 Raw8Fist=Fist Raw8UseType=8 AcceptedRearm=1->0 OwnershipMatched=1 Classification=EARLY_PERMISSION_ARMED
CORE RAW8_OPPORTUNITY_OPEN ElapsedMs=79880.447 Actor=PC_Hero Action=2 Family=POWER Motion=Hero_Stand_None_Fist_P1_PowerAttack_Hit_N_Fwd_00_%_00_P0_100_L.xmot C1=88 Raw8Fist=Fist OpportunityOrdinal=36 Reason=ACCEPTED_FIST LatchBefore=1 LatchAfter=0 LatchWriteAttempted=1 LatchWriteConfirmed=1 TimingActive=1
CORE MARKER ElapsedMs=79880.465 Actor=PC_Hero Action=2 Family=POWER Phase=1 Motion=Hero_Stand_None_Fist_P1_PowerAttack_Hit_N_Fwd_00_%_00_P0_100_L.xmot Marker=FIST Result=ACCEPTED C1Valid=1 C1=88 StatePosition=1 PreviousMask=0 DesiredMask=0 RetiredMask=0 OwnedMask=0 MarkerOwnedMask=0 Activated=0 Deactivated=0 Retired=0 RearmRequests=0 Clears=0 Raw8Fist=Fist Raw8UseType=8 Latch=1->0 LatchConfirmed=1
CORE RAW8_FIST_TIMING ElapsedMs=79888.888 Actor=PC_Hero Action=2 Family=POWER Motion=Hero_Stand_None_Fist_P1_PowerAttack_Hit_N_Fwd_00_%_00_P0_100_L.xmot C1=88 Raw8Fist=Fist Raw8UseType=8 PermissionApplied=1 SyntheticApplied=1 Classification=EARLY_PERMISSION_APPLIED
CORE RAW8_OPPORTUNITY_MISS_REARM ElapsedMs=79888.925 Actor=PC_Hero Action=2 Family=POWER Motion=Hero_Stand_None_Fist_P1_PowerAttack_Hit_N_Fwd_00_%_00_P0_100_L.xmot C1=88 Raw8Fist=Fist OpportunityOrdinal=36 Reason=NO_CONTACT_DISPATCH FullStop=0 LatchBefore=1 LatchAfter=0 LatchWriteAttempted=1 LatchWriteConfirmed=1
CORE RAW8_OPPORTUNITY_MISS_REARM ElapsedMs=79895.980 Actor=PC_Hero Action=2 Family=POWER Motion=Hero_Stand_None_Fist_P1_PowerAttack_Hit_N_Fwd_00_%_00_P0_100_L.xmot C1=88 Raw8Fist=Fist OpportunityOrdinal=36 Reason=NO_CONTACT_DISPATCH FullStop=0 LatchBefore=1 LatchAfter=0 LatchWriteAttempted=1 LatchWriteConfirmed=1
CORE RAW8_OPPORTUNITY_MISS_REARM ElapsedMs=79904.865 Actor=PC_Hero Action=2 Family=POWER Motion=Hero_Stand_None_Fist_P1_PowerAttack_Hit_N_Fwd_00_%_00_P0_100_L.xmot C1=88 Raw8Fist=Fist OpportunityOrdinal=36 Reason=NO_CONTACT_DISPATCH FullStop=0 LatchBefore=1 LatchAfter=0 LatchWriteAttempted=1 LatchWriteConfirmed=1
CORE RAW8_OPPORTUNITY_MISS_REARM ElapsedMs=79912.135 Actor=PC_Hero Action=2 Family=POWER Motion=Hero_Stand_None_Fist_P1_PowerAttack_Hit_N_Fwd_00_%_00_P0_100_L.xmot C1=88 Raw8Fist=Fist OpportunityOrdinal=36 Reason=NO_CONTACT_DISPATCH FullStop=0 LatchBefore=1 LatchAfter=0 LatchWriteAttempted=1 LatchWriteConfirmed=1
CORE RAW8_OPPORTUNITY_MISS_REARM ElapsedMs=79920.195 Actor=PC_Hero Action=2 Family=POWER Motion=Hero_Stand_None_Fist_P1_PowerAttack_Hit_N_Fwd_00_%_00_P0_100_L.xmot C1=88 Raw8Fist=Fist OpportunityOrdinal=36 Reason=NO_CONTACT_DISPATCH FullStop=0 LatchBefore=1 LatchAfter=0 LatchWriteAttempted=1 LatchWriteConfirmed=1
CORE RAW8_OPPORTUNITY_MISS_REARM ElapsedMs=79929.884 Actor=PC_Hero Action=2 Family=POWER Motion=Hero_Stand_None_Fist_P1_PowerAttack_Hit_N_Fwd_00_%_00_P0_100_L.xmot C1=88 Raw8Fist=Fist OpportunityOrdinal=36 Reason=NO_CONTACT_DISPATCH FullStop=0 LatchBefore=1 LatchAfter=0 LatchWriteAttempted=1 LatchWriteConfirmed=1
CORE RAW8_OPPORTUNITY_MISS_REARM ElapsedMs=79937.709 Actor=PC_Hero Action=2 Family=POWER Motion=Hero_Stand_None_Fist_P1_PowerAttack_Hit_N_Fwd_00_%_00_P0_100_L.xmot C1=88 Raw8Fist=Fist OpportunityOrdinal=36 Reason=NO_CONTACT_DISPATCH FullStop=0 LatchBefore=1 LatchAfter=0 LatchWriteAttempted=1 LatchWriteConfirmed=1
CORE RAW8_OPPORTUNITY_MISS_REARM ElapsedMs=79944.871 Actor=PC_Hero Action=2 Family=POWER Motion=Hero_Stand_None_Fist_P1_PowerAttack_Hit_N_Fwd_00_%_00_P0_100_L.xmot C1=88 Raw8Fist=Fist OpportunityOrdinal=36 Reason=NO_CONTACT_DISPATCH FullStop=0 LatchBefore=1 LatchAfter=0 LatchWriteAttempted=1 LatchWriteConfirmed=1
CORE RAW8_OPPORTUNITY_MISS_REARM ElapsedMs=79952.548 Actor=PC_Hero Action=2 Family=POWER Motion=Hero_Stand_None_Fist_P1_PowerAttack_Hit_N_Fwd_00_%_00_P0_100_L.xmot C1=88 Raw8Fist=Fist OpportunityOrdinal=36 Reason=NO_CONTACT_DISPATCH FullStop=0 LatchBefore=1 LatchAfter=0 LatchWriteAttempted=1 LatchWriteConfirmed=1
CORE RAW8_OPPORTUNITY_MISS_REARM ElapsedMs=79961.764 Actor=PC_Hero Action=2 Family=POWER Motion=Hero_Stand_None_Fist_P1_PowerAttack_Hit_N_Fwd_00_%_00_P0_100_L.xmot C1=88 Raw8Fist=Fist OpportunityOrdinal=36 Reason=NO_CONTACT_DISPATCH FullStop=0 LatchBefore=1 LatchAfter=0 LatchWriteAttempted=1 LatchWriteConfirmed=1
CORE RAW8_OPPORTUNITY_MISS_REARM ElapsedMs=79969.234 Actor=PC_Hero Action=2 Family=POWER Motion=Hero_Stand_None_Fist_P1_PowerAttack_Hit_N_Fwd_00_%_00_P0_100_L.xmot C1=88 Raw8Fist=Fist OpportunityOrdinal=36 Reason=NO_CONTACT_DISPATCH FullStop=0 LatchBefore=1 LatchAfter=0 LatchWriteAttempted=1 LatchWriteConfirmed=1
CORE C1_FINAL ElapsedMs=79977.921 Actor=Golem Generation=89 Status=PERSISTED SourceCount=1 PhysicalChanged=0 Source[0]=Fist Side=RIGHT Outstanding=0 Cleanup=0 Outcome=NO_OP_NO_OUTSTANDING
CORE RAW8_OPPORTUNITY_MISS_REARM ElapsedMs=79978.251 Actor=PC_Hero Action=2 Family=POWER Motion=Hero_Stand_None_Fist_P1_PowerAttack_Hit_N_Fwd_00_%_00_P0_100_L.xmot C1=88 Raw8Fist=Fist OpportunityOrdinal=36 Reason=NO_CONTACT_DISPATCH FullStop=0 LatchBefore=1 LatchAfter=0 LatchWriteAttempted=1 LatchWriteConfirmed=1
CORE RAW8_OPPORTUNITY_MISS_REARM ElapsedMs=79984.878 Actor=PC_Hero Action=2 Family=POWER Motion=Hero_Stand_None_Fist_P1_PowerAttack_Hit_N_Fwd_00_%_00_P0_100_L.xmot C1=88 Raw8Fist=Fist OpportunityOrdinal=36 Reason=NO_CONTACT_DISPATCH FullStop=0 LatchBefore=1 LatchAfter=0 LatchWriteAttempted=1 LatchWriteConfirmed=1
CORE RAW8_OPPORTUNITY_MISS_REARM ElapsedMs=79994.933 Actor=PC_Hero Action=2 Family=POWER Motion=Hero_Stand_None_Fist_P1_PowerAttack_Hit_N_Fwd_00_%_00_P0_100_L.xmot C1=88 Raw8Fist=Fist OpportunityOrdinal=36 Reason=NO_CONTACT_DISPATCH FullStop=0 LatchBefore=1 LatchAfter=0 LatchWriteAttempted=1 LatchWriteConfirmed=1
CORE RAW8_OPPORTUNITY_MISS_REARM ElapsedMs=80001.981 Actor=PC_Hero Action=2 Family=POWER Motion=Hero_Stand_None_Fist_P1_PowerAttack_Hit_N_Fwd_00_%_00_P0_100_L.xmot C1=88 Raw8Fist=Fist OpportunityOrdinal=36 Reason=NO_CONTACT_DISPATCH FullStop=0 LatchBefore=1 LatchAfter=0 LatchWriteAttempted=1 LatchWriteConfirmed=1
CORE RAW8_OPPORTUNITY_MISS_REARM ElapsedMs=80010.879 Actor=PC_Hero Action=2 Family=POWER Motion=Hero_Stand_None_Fist_P1_PowerAttack_Hit_N_Fwd_00_%_00_P0_100_L.xmot C1=88 Raw8Fist=Fist OpportunityOrdinal=36 Reason=NO_CONTACT_DISPATCH FullStop=0 LatchBefore=1 LatchAfter=0 LatchWriteAttempted=1 LatchWriteConfirmed=1
CORE RAW8_OPPORTUNITY_MISS_REARM ElapsedMs=80017.931 Actor=PC_Hero Action=2 Family=POWER Motion=Hero_Stand_None_Fist_P1_PowerAttack_Hit_N_Fwd_00_%_00_P0_100_L.xmot C1=88 Raw8Fist=Fist OpportunityOrdinal=36 Reason=NO_CONTACT_DISPATCH FullStop=0 LatchBefore=1 LatchAfter=0 LatchWriteAttempted=1 LatchWriteConfirmed=1
CORE RAW8_OPPORTUNITY_MISS_REARM ElapsedMs=80026.881 Actor=PC_Hero Action=2 Family=POWER Motion=Hero_Stand_None_Fist_P1_PowerAttack_Hit_N_Fwd_00_%_00_P0_100_L.xmot C1=88 Raw8Fist=Fist OpportunityOrdinal=36 Reason=NO_CONTACT_DISPATCH FullStop=0 LatchBefore=1 LatchAfter=0 LatchWriteAttempted=1 LatchWriteConfirmed=1
CORE RAW8_OPPORTUNITY_MISS_REARM ElapsedMs=80034.145 Actor=PC_Hero Action=2 Family=POWER Motion=Hero_Stand_None_Fist_P1_PowerAttack_Hit_N_Fwd_00_%_00_P0_100_L.xmot C1=88 Raw8Fist=Fist OpportunityOrdinal=36 Reason=NO_CONTACT_DISPATCH FullStop=0 LatchBefore=1 LatchAfter=0 LatchWriteAttempted=1 LatchWriteConfirmed=1
CORE RAW8_OPPORTUNITY_MISS_REARM ElapsedMs=80042.673 Actor=PC_Hero Action=2 Family=POWER Motion=Hero_Stand_None_Fist_P1_PowerAttack_Hit_N_Fwd_00_%_00_P0_100_L.xmot C1=88 Raw8Fist=Fist OpportunityOrdinal=36 Reason=NO_CONTACT_DISPATCH FullStop=0 LatchBefore=1 LatchAfter=0 LatchWriteAttempted=1 LatchWriteConfirmed=1
CORE RAW8_OPPORTUNITY_MISS_REARM ElapsedMs=80049.549 Actor=PC_Hero Action=2 Family=POWER Motion=Hero_Stand_None_Fist_P1_PowerAttack_Hit_N_Fwd_00_%_00_P0_100_L.xmot C1=88 Raw8Fist=Fist OpportunityOrdinal=36 Reason=NO_CONTACT_DISPATCH FullStop=0 LatchBefore=1 LatchAfter=0 LatchWriteAttempted=1 LatchWriteConfirmed=1
CORE RAW8_OPPORTUNITY_MISS_REARM ElapsedMs=80057.692 Actor=PC_Hero Action=2 Family=POWER Motion=Hero_Stand_None_Fist_P1_PowerAttack_Hit_N_Fwd_00_%_00_P0_100_L.xmot C1=88 Raw8Fist=Fist OpportunityOrdinal=36 Reason=NO_CONTACT_DISPATCH FullStop=0 LatchBefore=1 LatchAfter=0 LatchWriteAttempted=1 LatchWriteConfirmed=1
CORE RAW8_OPPORTUNITY_MISS_REARM ElapsedMs=80065.630 Actor=PC_Hero Action=2 Family=POWER Motion=Hero_Stand_None_Fist_P1_PowerAttack_Hit_N_Fwd_00_%_00_P0_100_L.xmot C1=88 Raw8Fist=Fist OpportunityOrdinal=36 Reason=NO_CONTACT_DISPATCH FullStop=0 LatchBefore=1 LatchAfter=0 LatchWriteAttempted=1 LatchWriteConfirmed=1
CORE RAW8_OPPORTUNITY_MISS_REARM ElapsedMs=80074.627 Actor=PC_Hero Action=2 Family=POWER Motion=Hero_Stand_None_Fist_P1_PowerAttack_Hit_N_Fwd_00_%_00_P0_100_L.xmot C1=88 Raw8Fist=Fist OpportunityOrdinal=36 Reason=NO_CONTACT_DISPATCH FullStop=0 LatchBefore=1 LatchAfter=0 LatchWriteAttempted=1 LatchWriteConfirmed=1
CORE RAW8_OPPORTUNITY_MISS_REARM ElapsedMs=80081.728 Actor=PC_Hero Action=2 Family=POWER Motion=Hero_Stand_None_Fist_P1_PowerAttack_Hit_N_Fwd_00_%_00_P0_100_L.xmot C1=88 Raw8Fist=Fist OpportunityOrdinal=36 Reason=NO_CONTACT_DISPATCH FullStop=0 LatchBefore=1 LatchAfter=0 LatchWriteAttempted=1 LatchWriteConfirmed=1
CORE RAW8_OPPORTUNITY_MISS_REARM ElapsedMs=80090.571 Actor=PC_Hero Action=2 Family=POWER Motion=Hero_Stand_None_Fist_P1_PowerAttack_Hit_N_Fwd_00_%_00_P0_100_L.xmot C1=88 Raw8Fist=Fist OpportunityOrdinal=36 Reason=NO_CONTACT_DISPATCH FullStop=0 LatchBefore=1 LatchAfter=0 LatchWriteAttempted=1 LatchWriteConfirmed=1
CORE RAW8_OPPORTUNITY_MISS_REARM ElapsedMs=80097.436 Actor=PC_Hero Action=2 Family=POWER Motion=Hero_Stand_None_Fist_P1_PowerAttack_Hit_N_Fwd_00_%_00_P0_100_L.xmot C1=88 Raw8Fist=Fist OpportunityOrdinal=36 Reason=NO_CONTACT_DISPATCH FullStop=0 LatchBefore=1 LatchAfter=0 LatchWriteAttempted=1 LatchWriteConfirmed=1
CORE C1_START ElapsedMs=80106.261 Actor=Golem Generation=90 Status=CANDIDATE Outstanding=0 TrackedSources=1 ReplacedGeneration=0 ReplacedOutstanding=0 Source[0]=Fist Side=RIGHT Group=0
CORE C1_BIND ElapsedMs=80106.273 Event=COMBAT_MOVE_CANDIDATE_BOUND Actor=Golem Generation=90 Status=CANDIDATE Outstanding=0 Source=<null> Script=_AI_PowerAttack
CORE C1_STATUS ElapsedMs=80106.332 Event=PERSISTED Actor=Golem Generation=90 Status=PERSISTED Outstanding=0
CORE RAW8_OPPORTUNITY_MISS_REARM ElapsedMs=80106.620 Actor=PC_Hero Action=2 Family=POWER Motion=Hero_Stand_None_Fist_P1_PowerAttack_Hit_N_Fwd_00_%_00_P0_100_L.xmot C1=88 Raw8Fist=Fist OpportunityOrdinal=36 Reason=NO_CONTACT_DISPATCH FullStop=0 LatchBefore=1 LatchAfter=0 LatchWriteAttempted=1 LatchWriteConfirmed=1
CORE RAW8_OPPORTUNITY_MISS_REARM ElapsedMs=80113.647 Actor=PC_Hero Action=2 Family=POWER Motion=Hero_Stand_None_Fist_P1_PowerAttack_Hit_N_Fwd_00_%_00_P0_100_L.xmot C1=88 Raw8Fist=Fist OpportunityOrdinal=36 Reason=NO_CONTACT_DISPATCH FullStop=0 LatchBefore=1 LatchAfter=0 LatchWriteAttempted=1 LatchWriteConfirmed=1
CORE RAW8_OPPORTUNITY_MISS_REARM ElapsedMs=80122.465 Actor=PC_Hero Action=2 Family=POWER Motion=Hero_Stand_None_Fist_P1_PowerAttack_Hit_N_Fwd_00_%_00_P0_100_L.xmot C1=88 Raw8Fist=Fist OpportunityOrdinal=36 Reason=NO_CONTACT_DISPATCH FullStop=0 LatchBefore=1 LatchAfter=0 LatchWriteAttempted=1 LatchWriteConfirmed=1
CORE RAW8_OPPORTUNITY_MISS_REARM ElapsedMs=80129.808 Actor=PC_Hero Action=2 Family=POWER Motion=Hero_Stand_None_Fist_P1_PowerAttack_Hit_N_Fwd_00_%_00_P0_100_L.xmot C1=88 Raw8Fist=Fist OpportunityOrdinal=36 Reason=NO_CONTACT_DISPATCH FullStop=0 LatchBefore=1 LatchAfter=0 LatchWriteAttempted=1 LatchWriteConfirmed=1
CORE RAW8_OPPORTUNITY_MISS_REARM ElapsedMs=80138.482 Actor=PC_Hero Action=2 Family=POWER Motion=Hero_Stand_None_Fist_P1_PowerAttack_Hit_N_Fwd_00_%_00_P0_100_L.xmot C1=88 Raw8Fist=Fist OpportunityOrdinal=36 Reason=NO_CONTACT_DISPATCH FullStop=0 LatchBefore=1 LatchAfter=0 LatchWriteAttempted=1 LatchWriteConfirmed=1
CORE RAW8_OPPORTUNITY_MISS_REARM ElapsedMs=80145.879 Actor=PC_Hero Action=2 Family=POWER Motion=Hero_Stand_None_Fist_P1_PowerAttack_Hit_N_Fwd_00_%_00_P0_100_L.xmot C1=88 Raw8Fist=Fist OpportunityOrdinal=36 Reason=NO_CONTACT_DISPATCH FullStop=0 LatchBefore=1 LatchAfter=0 LatchWriteAttempted=1 LatchWriteConfirmed=1
CORE RAW8_FIST_TIMING ElapsedMs=80153.408 Actor=PC_Hero C1=88 PermissionRetired=1 Reason=REAL_TIME_REACHED_FORCED_VALUE
CORE RAW8_OPPORTUNITY_MISS_REARM ElapsedMs=80153.445 Actor=PC_Hero Action=2 Family=POWER Motion=Hero_Stand_None_Fist_P1_PowerAttack_Hit_N_Fwd_00_%_00_P0_100_L.xmot C1=88 Raw8Fist=Fist OpportunityOrdinal=36 Reason=NO_CONTACT_DISPATCH FullStop=0 LatchBefore=1 LatchAfter=0 LatchWriteAttempted=1 LatchWriteConfirmed=1
CORE RAW8_OPPORTUNITY_MISS_REARM ElapsedMs=80162.972 Actor=PC_Hero Action=2 Family=POWER Motion=Hero_Stand_None_Fist_P1_PowerAttack_Hit_N_Fwd_00_%_00_P0_100_L.xmot C1=88 Raw8Fist=Fist OpportunityOrdinal=36 Reason=NO_CONTACT_DISPATCH FullStop=0 LatchBefore=1 LatchAfter=0 LatchWriteAttempted=1 LatchWriteConfirmed=1
CORE RAW8_OPPORTUNITY_MISS_REARM ElapsedMs=80169.972 Actor=PC_Hero Action=2 Family=POWER Motion=Hero_Stand_None_Fist_P1_PowerAttack_Hit_N_Fwd_00_%_00_P0_100_L.xmot C1=88 Raw8Fist=Fist OpportunityOrdinal=36 Reason=NO_CONTACT_DISPATCH FullStop=0 LatchBefore=1 LatchAfter=0 LatchWriteAttempted=1 LatchWriteConfirmed=1
CORE RAW8_OPPORTUNITY_MISS_REARM ElapsedMs=80178.248 Actor=PC_Hero Action=2 Family=POWER Motion=Hero_Stand_None_Fist_P1_PowerAttack_Hit_N_Fwd_00_%_00_P0_100_L.xmot C1=88 Raw8Fist=Fist OpportunityOrdinal=36 Reason=NO_CONTACT_DISPATCH FullStop=0 LatchBefore=1 LatchAfter=0 LatchWriteAttempted=1 LatchWriteConfirmed=1
CORE RAW8_OPPORTUNITY_MISS_REARM ElapsedMs=80185.376 Actor=PC_Hero Action=2 Family=POWER Motion=Hero_Stand_None_Fist_P1_PowerAttack_Hit_N_Fwd_00_%_00_P0_100_L.xmot C1=88 Raw8Fist=Fist OpportunityOrdinal=36 Reason=NO_CONTACT_DISPATCH FullStop=0 LatchBefore=1 LatchAfter=0 LatchWriteAttempted=1 LatchWriteConfirmed=1
CORE RAW8_OPPORTUNITY_MISS_REARM ElapsedMs=80195.337 Actor=PC_Hero Action=2 Family=POWER Motion=Hero_Stand_None_Fist_P1_PowerAttack_Hit_N_Fwd_00_%_00_P0_100_L.xmot C1=88 Raw8Fist=Fist OpportunityOrdinal=36 Reason=NO_CONTACT_DISPATCH FullStop=0 LatchBefore=1 LatchAfter=0 LatchWriteAttempted=1 LatchWriteConfirmed=1
CORE RAW8_OPPORTUNITY_MISS_REARM ElapsedMs=80201.819 Actor=PC_Hero Action=2 Family=POWER Motion=Hero_Stand_None_Fist_P1_PowerAttack_Hit_N_Fwd_00_%_00_P0_100_L.xmot C1=88 Raw8Fist=Fist OpportunityOrdinal=36 Reason=NO_CONTACT_DISPATCH FullStop=0 LatchBefore=1 LatchAfter=0 LatchWriteAttempted=1 LatchWriteConfirmed=1
CORE RAW8_OPPORTUNITY_MISS_REARM ElapsedMs=80210.490 Actor=PC_Hero Action=2 Family=POWER Motion=Hero_Stand_None_Fist_P1_PowerAttack_Hit_N_Fwd_00_%_00_P0_100_L.xmot C1=88 Raw8Fist=Fist OpportunityOrdinal=36 Reason=NO_CONTACT_DISPATCH FullStop=0 LatchBefore=1 LatchAfter=0 LatchWriteAttempted=1 LatchWriteConfirmed=1
CORE RAW8_FIST_TIMING ElapsedMs=80210.575 Actor=PC_Hero Action=2 Family=POWER Motion=Hero_Stand_None_Fist_P1_PowerAttack_Hit_N_Fwd_00_%_00_P0_100_L.xmot C1=88 Raw8Fist=Fist Raw8UseType=8 AcceptedRearm=0->0 OwnershipMatched=1 Classification=NATIVE_TIMING
CORE RAW8_OPPORTUNITY_OPEN ElapsedMs=80210.586 Actor=PC_Hero Action=2 Family=POWER Motion=Hero_Stand_None_Fist_P1_PowerAttack_Hit_N_Fwd_00_%_00_P0_100_L.xmot C1=88 Raw8Fist=Fist OpportunityOrdinal=37 Reason=ACCEPTED_FIST LatchBefore=0 LatchAfter=0 LatchWriteAttempted=1 LatchWriteConfirmed=1 TimingActive=0
CORE MARKER ElapsedMs=80210.598 Actor=PC_Hero Action=2 Family=POWER Phase=1 Motion=Hero_Stand_None_Fist_P1_PowerAttack_Hit_N_Fwd_00_%_00_P0_100_L.xmot Marker=FIST Result=ACCEPTED C1Valid=1 C1=88 StatePosition=1 PreviousMask=0 DesiredMask=0 RetiredMask=0 OwnedMask=0 MarkerOwnedMask=0 Activated=0 Deactivated=0 Retired=0 RearmRequests=0 Clears=0 Raw8Fist=Fist Raw8UseType=8 Latch=0->0 LatchConfirmed=1
CORE RAW8_OPPORTUNITY_MISS_REARM ElapsedMs=80217.864 Actor=PC_Hero Action=2 Family=POWER Motion=Hero_Stand_None_Fist_P1_PowerAttack_Hit_N_Fwd_00_%_00_P0_100_L.xmot C1=88 Raw8Fist=Fist OpportunityOrdinal=37 Reason=NO_CONTACT_DISPATCH FullStop=0 LatchBefore=1 LatchAfter=0 LatchWriteAttempted=1 LatchWriteConfirmed=1
CORE RAW8_OPPORTUNITY_MISS_REARM ElapsedMs=80226.308 Actor=PC_Hero Action=2 Family=POWER Motion=Hero_Stand_None_Fist_P1_PowerAttack_Hit_N_Fwd_00_%_00_P0_100_L.xmot C1=88 Raw8Fist=Fist OpportunityOrdinal=37 Reason=NO_CONTACT_DISPATCH FullStop=0 LatchBefore=1 LatchAfter=0 LatchWriteAttempted=1 LatchWriteConfirmed=1
CORE RAW8_OPPORTUNITY_MISS_REARM ElapsedMs=80233.085 Actor=PC_Hero Action=2 Family=POWER Motion=Hero_Stand_None_Fist_P1_PowerAttack_Hit_N_Fwd_00_%_00_P0_100_L.xmot C1=88 Raw8Fist=Fist OpportunityOrdinal=37 Reason=NO_CONTACT_DISPATCH FullStop=0 LatchBefore=1 LatchAfter=0 LatchWriteAttempted=1 LatchWriteConfirmed=1
CORE RAW8_OPPORTUNITY_MISS_REARM ElapsedMs=80242.152 Actor=PC_Hero Action=2 Family=POWER Motion=Hero_Stand_None_Fist_P1_PowerAttack_Hit_N_Fwd_00_%_00_P0_100_L.xmot C1=88 Raw8Fist=Fist OpportunityOrdinal=37 Reason=NO_CONTACT_DISPATCH FullStop=0 LatchBefore=1 LatchAfter=0 LatchWriteAttempted=1 LatchWriteConfirmed=1
CORE RAW8_OPPORTUNITY_MISS_REARM ElapsedMs=80249.035 Actor=PC_Hero Action=2 Family=POWER Motion=Hero_Stand_None_Fist_P1_PowerAttack_Hit_N_Fwd_00_%_00_P0_100_L.xmot C1=88 Raw8Fist=Fist OpportunityOrdinal=37 Reason=NO_CONTACT_DISPATCH FullStop=0 LatchBefore=1 LatchAfter=0 LatchWriteAttempted=1 LatchWriteConfirmed=1
CORE RAW8_OPPORTUNITY_MISS_REARM ElapsedMs=80256.526 Actor=PC_Hero Action=2 Family=POWER Motion=Hero_Stand_None_Fist_P1_PowerAttack_Hit_N_Fwd_00_%_00_P0_100_L.xmot C1=88 Raw8Fist=Fist OpportunityOrdinal=37 Reason=NO_CONTACT_DISPATCH FullStop=0 LatchBefore=1 LatchAfter=0 LatchWriteAttempted=1 LatchWriteConfirmed=1
CORE RAW8_OPPORTUNITY_MISS_REARM ElapsedMs=80265.042 Actor=PC_Hero Action=2 Family=POWER Motion=Hero_Stand_None_Fist_P1_PowerAttack_Hit_N_Fwd_00_%_00_P0_100_L.xmot C1=88 Raw8Fist=Fist OpportunityOrdinal=37 Reason=NO_CONTACT_DISPATCH FullStop=0 LatchBefore=1 LatchAfter=0 LatchWriteAttempted=1 LatchWriteConfirmed=1
CORE RAW8_OPPORTUNITY_MISS_REARM ElapsedMs=80271.880 Actor=PC_Hero Action=2 Family=POWER Motion=Hero_Stand_None_Fist_P1_PowerAttack_Hit_N_Fwd_00_%_00_P0_100_L.xmot C1=88 Raw8Fist=Fist OpportunityOrdinal=37 Reason=NO_CONTACT_DISPATCH FullStop=0 LatchBefore=1 LatchAfter=0 LatchWriteAttempted=1 LatchWriteConfirmed=1
CORE RAW8_OPPORTUNITY_MISS_REARM ElapsedMs=80280.067 Actor=PC_Hero Action=2 Family=POWER Motion=Hero_Stand_None_Fist_P1_PowerAttack_Hit_N_Fwd_00_%_00_P0_100_L.xmot C1=88 Raw8Fist=Fist OpportunityOrdinal=37 Reason=NO_CONTACT_DISPATCH FullStop=0 LatchBefore=1 LatchAfter=0 LatchWriteAttempted=1 LatchWriteConfirmed=1
CORE RAW8_OPPORTUNITY_MISS_REARM ElapsedMs=80287.445 Actor=PC_Hero Action=2 Family=POWER Motion=Hero_Stand_None_Fist_P1_PowerAttack_Hit_N_Fwd_00_%_00_P0_100_L.xmot C1=88 Raw8Fist=Fist OpportunityOrdinal=37 Reason=NO_CONTACT_DISPATCH FullStop=0 LatchBefore=1 LatchAfter=0 LatchWriteAttempted=1 LatchWriteConfirmed=1
CORE RAW8_OPPORTUNITY_MISS_REARM ElapsedMs=80295.942 Actor=PC_Hero Action=2 Family=POWER Motion=Hero_Stand_None_Fist_P1_PowerAttack_Hit_N_Fwd_00_%_00_P0_100_L.xmot C1=88 Raw8Fist=Fist OpportunityOrdinal=37 Reason=NO_CONTACT_DISPATCH FullStop=0 LatchBefore=1 LatchAfter=0 LatchWriteAttempted=1 LatchWriteConfirmed=1
CORE RAW8_OPPORTUNITY_MISS_REARM ElapsedMs=80302.320 Actor=PC_Hero Action=2 Family=POWER Motion=Hero_Stand_None_Fist_P1_PowerAttack_Hit_N_Fwd_00_%_00_P0_100_L.xmot C1=88 Raw8Fist=Fist OpportunityOrdinal=37 Reason=NO_CONTACT_DISPATCH FullStop=0 LatchBefore=1 LatchAfter=0 LatchWriteAttempted=1 LatchWriteConfirmed=1
CORE RAW8_OPPORTUNITY_MISS_REARM ElapsedMs=80311.267 Actor=PC_Hero Action=2 Family=POWER Motion=Hero_Stand_None_Fist_P1_PowerAttack_Hit_N_Fwd_00_%_00_P0_100_L.xmot C1=88 Raw8Fist=Fist OpportunityOrdinal=37 Reason=NO_CONTACT_DISPATCH FullStop=0 LatchBefore=1 LatchAfter=0 LatchWriteAttempted=1 LatchWriteConfirmed=1
CORE RAW8_OPPORTUNITY_MISS_REARM ElapsedMs=80318.276 Actor=PC_Hero Action=2 Family=POWER Motion=Hero_Stand_None_Fist_P1_PowerAttack_Hit_N_Fwd_00_%_00_P0_100_L.xmot C1=88 Raw8Fist=Fist OpportunityOrdinal=37 Reason=NO_CONTACT_DISPATCH FullStop=0 LatchBefore=1 LatchAfter=0 LatchWriteAttempted=1 LatchWriteConfirmed=1
CORE RAW8_OPPORTUNITY_MISS_REARM ElapsedMs=80327.925 Actor=PC_Hero Action=2 Family=POWER Motion=Hero_Stand_None_Fist_P1_PowerAttack_Hit_N_Fwd_00_%_00_P0_100_L.xmot C1=88 Raw8Fist=Fist OpportunityOrdinal=37 Reason=NO_CONTACT_DISPATCH FullStop=0 LatchBefore=1 LatchAfter=0 LatchWriteAttempted=1 LatchWriteConfirmed=1
CORE RAW8_OPPORTUNITY_MISS_REARM ElapsedMs=80334.382 Actor=PC_Hero Action=2 Family=POWER Motion=Hero_Stand_None_Fist_P1_PowerAttack_Hit_N_Fwd_00_%_00_P0_100_L.xmot C1=88 Raw8Fist=Fist OpportunityOrdinal=37 Reason=NO_CONTACT_DISPATCH FullStop=0 LatchBefore=1 LatchAfter=0 LatchWriteAttempted=1 LatchWriteConfirmed=1
CORE RAW8_OPPORTUNITY_MISS_REARM ElapsedMs=80344.110 Actor=PC_Hero Action=2 Family=POWER Motion=Hero_Stand_None_Fist_P1_PowerAttack_Hit_N_Fwd_00_%_00_P0_100_L.xmot C1=88 Raw8Fist=Fist OpportunityOrdinal=37 Reason=NO_CONTACT_DISPATCH FullStop=0 LatchBefore=1 LatchAfter=0 LatchWriteAttempted=1 LatchWriteConfirmed=1
CORE RAW8_OPPORTUNITY_MISS_REARM ElapsedMs=80350.619 Actor=PC_Hero Action=2 Family=POWER Motion=Hero_Stand_None_Fist_P1_PowerAttack_Hit_N_Fwd_00_%_00_P0_100_L.xmot C1=88 Raw8Fist=Fist OpportunityOrdinal=37 Reason=NO_CONTACT_DISPATCH FullStop=0 LatchBefore=1 LatchAfter=0 LatchWriteAttempted=1 LatchWriteConfirmed=1
CORE RAW8_OPPORTUNITY_MISS_REARM ElapsedMs=80360.031 Actor=PC_Hero Action=2 Family=POWER Motion=Hero_Stand_None_Fist_P1_PowerAttack_Hit_N_Fwd_00_%_00_P0_100_L.xmot C1=88 Raw8Fist=Fist OpportunityOrdinal=37 Reason=NO_CONTACT_DISPATCH FullStop=0 LatchBefore=1 LatchAfter=0 LatchWriteAttempted=1 LatchWriteConfirmed=1
CORE RAW8_OPPORTUNITY_MISS_REARM ElapsedMs=80366.986 Actor=PC_Hero Action=2 Family=POWER Motion=Hero_Stand_None_Fist_P1_PowerAttack_Hit_N_Fwd_00_%_00_P0_100_L.xmot C1=88 Raw8Fist=Fist OpportunityOrdinal=37 Reason=NO_CONTACT_DISPATCH FullStop=0 LatchBefore=1 LatchAfter=0 LatchWriteAttempted=1 LatchWriteConfirmed=1
CORE RAW8_OPPORTUNITY_MISS_REARM ElapsedMs=80374.610 Actor=PC_Hero Action=2 Family=POWER Motion=Hero_Stand_None_Fist_P1_PowerAttack_Hit_N_Fwd_00_%_00_P0_100_L.xmot C1=88 Raw8Fist=Fist OpportunityOrdinal=37 Reason=NO_CONTACT_DISPATCH FullStop=0 LatchBefore=1 LatchAfter=0 LatchWriteAttempted=1 LatchWriteConfirmed=1
CORE RAW8_OPPORTUNITY_MISS_REARM ElapsedMs=80383.154 Actor=PC_Hero Action=2 Family=POWER Motion=Hero_Stand_None_Fist_P1_PowerAttack_Hit_N_Fwd_00_%_00_P0_100_L.xmot C1=88 Raw8Fist=Fist OpportunityOrdinal=37 Reason=NO_CONTACT_DISPATCH FullStop=0 LatchBefore=1 LatchAfter=0 LatchWriteAttempted=1 LatchWriteConfirmed=1
CORE RAW8_OPPORTUNITY_MISS_REARM ElapsedMs=80391.198 Actor=PC_Hero Action=2 Family=POWER Motion=Hero_Stand_None_Fist_P1_PowerAttack_Hit_N_Fwd_00_%_00_P0_100_L.xmot C1=88 Raw8Fist=Fist OpportunityOrdinal=37 Reason=NO_CONTACT_DISPATCH FullStop=0 LatchBefore=1 LatchAfter=0 LatchWriteAttempted=1 LatchWriteConfirmed=1
CORE RAW8_OPPORTUNITY_CLOSE ElapsedMs=80398.879 Actor=PC_Hero Action=2 Family=POWER Motion=Hero_Stand_None_Fist_P1_PowerAttack_Hit_N_Fwd_00_%_00_P0_100_L.xmot C1=88 Raw8Fist=Fist OpportunityOrdinal=37 Reason=C1_FINALIZED LatchBefore=0 LatchAfter=1 LatchWriteAttempted=1 LatchWriteConfirmed=1
CORE C1_FINAL ElapsedMs=80398.914 Actor=PC_Hero Generation=88 Status=PERSISTED SourceCount=1 PhysicalChanged=0 Source[0]=Fist Side=RIGHT Outstanding=0 Cleanup=0 Outcome=NO_OP_NO_OUTSTANDING
CORE C1_BIND ElapsedMs=80429.552 Event=COMBAT_MOVE_REUSED Actor=Golem Generation=90 Status=PERSISTED Outstanding=0 Source=<null> Script=_AI_PowerAttack
CORE ATTACK_OWNERSHIP ElapsedMs=80429.719 Actor=Golem Family=POWER Action=2 Phase=1 Motion=Golem_Stand_None_Fist_P0_PowerAttack_Hit_N_Fwd_00_%_00_P0_100_R.xmot MarkerPresent=0 RequiredMask=0 FistMarkers=0 Raw8Fist=<none> Raw8UseType=-1 SuppressNative=0 Classification=ROUTINE
CORE COLLISION_GROUP ElapsedMs=80429.795 Source=Fist UseType=8 Owner=<unresolved> Slot=NONE Requested=7 Before=0 After=0 MarkerBitsRetired=0
CORE C1_FINAL ElapsedMs=80797.102 Actor=Golem Generation=90 Status=PERSISTED SourceCount=1 PhysicalChanged=0 Source[0]=Fist Side=RIGHT Outstanding=0 Cleanup=0 Outcome=NO_OP_NO_OUTSTANDING
CORE C1_START ElapsedMs=81041.725 Actor=PC_Hero Generation=91 Status=CANDIDATE Outstanding=0 TrackedSources=1 ReplacedGeneration=0 ReplacedOutstanding=0 Source[0]=Fist Side=RIGHT Group=0
CORE C1_BIND ElapsedMs=81041.738 Event=COMBAT_MOVE_CANDIDATE_BOUND Actor=PC_Hero Generation=91 Status=CANDIDATE Outstanding=0 Source=<null> Script=_AI_PowerAttack
CORE C1_STATUS ElapsedMs=81041.799 Event=PERSISTED Actor=PC_Hero Generation=91 Status=PERSISTED Outstanding=0
CORE C1_START ElapsedMs=81056.628 Actor=Golem Generation=92 Status=CANDIDATE Outstanding=0 TrackedSources=1 ReplacedGeneration=0 ReplacedOutstanding=0 Source[0]=Fist Side=RIGHT Group=0
CORE C1_BIND ElapsedMs=81056.640 Event=COMBAT_MOVE_CANDIDATE_BOUND Actor=Golem Generation=92 Status=CANDIDATE Outstanding=0 Source=<null> Script=_AI_JumpBack
CORE C1_STATUS ElapsedMs=81056.704 Event=PERSISTED Actor=Golem Generation=92 Status=PERSISTED Outstanding=0
CORE C1_FINAL ElapsedMs=81117.331 Actor=PC_Hero Generation=91 Status=PERSISTED SourceCount=1 PhysicalChanged=0 Source[0]=Fist Side=RIGHT Outstanding=0 Cleanup=0 Outcome=NO_OP_NO_OUTSTANDING
CORE C1_START ElapsedMs=81118.614 Actor=PC_Hero Generation=93 Status=CANDIDATE Outstanding=0 TrackedSources=1 ReplacedGeneration=0 ReplacedOutstanding=0 Source[0]=Fist Side=RIGHT Group=0
CORE C1_BIND ElapsedMs=81118.624 Event=COMBAT_MOVE_CANDIDATE_BOUND Actor=PC_Hero Generation=93 Status=CANDIDATE Outstanding=0 Source=<null> Script=_AI_Attack
CORE C1_STATUS ElapsedMs=81118.713 Event=PERSISTED Actor=PC_Hero Generation=93 Status=PERSISTED Outstanding=0
CORE RAW8_FIST_OWNERSHIP ElapsedMs=81118.729 Actor=PC_Hero Action=1 Family=NORMAL Motion=Hero_Stand_None_Fist_P0_Attack_Hit_N_Fwd_00_%_00_P1_100_R.xmot C1=93 Raw8Fist=Fist Raw8UseType=8 InitialClose=0->1 Result=CONFIRMED
CORE ATTACK_OWNERSHIP ElapsedMs=81118.740 Actor=PC_Hero Family=NORMAL Action=1 Phase=1 Motion=Hero_Stand_None_Fist_P0_Attack_Hit_N_Fwd_00_%_00_P1_100_R.xmot MarkerPresent=1 RequiredMask=0 FistMarkers=1 Raw8Fist=Fist Raw8UseType=8 SuppressNative=0 Classification=ROUTINE
CORE RAW8_FIST_TIMING ElapsedMs=81227.797 Actor=PC_Hero Action=1 Family=NORMAL Motion=Hero_Stand_None_Fist_P0_Attack_Hit_N_Fwd_00_%_00_P1_100_R.xmot C1=93 Raw8Fist=Fist Raw8UseType=8 AcceptedRearm=1->0 OwnershipMatched=1 Classification=EARLY_PERMISSION_ARMED
CORE RAW8_OPPORTUNITY_OPEN ElapsedMs=81227.826 Actor=PC_Hero Action=1 Family=NORMAL Motion=Hero_Stand_None_Fist_P0_Attack_Hit_N_Fwd_00_%_00_P1_100_R.xmot C1=93 Raw8Fist=Fist OpportunityOrdinal=38 Reason=ACCEPTED_FIST LatchBefore=1 LatchAfter=0 LatchWriteAttempted=1 LatchWriteConfirmed=1 TimingActive=1
CORE MARKER ElapsedMs=81227.846 Actor=PC_Hero Action=1 Family=NORMAL Phase=1 Motion=Hero_Stand_None_Fist_P0_Attack_Hit_N_Fwd_00_%_00_P1_100_R.xmot Marker=FIST Result=ACCEPTED C1Valid=1 C1=93 StatePosition=0 PreviousMask=0 DesiredMask=0 RetiredMask=0 OwnedMask=0 MarkerOwnedMask=0 Activated=0 Deactivated=0 Retired=0 RearmRequests=0 Clears=0 Raw8Fist=Fist Raw8UseType=8 Latch=1->0 LatchConfirmed=1
CORE RAW8_FIST_TIMING ElapsedMs=81239.186 Actor=PC_Hero Action=1 Family=NORMAL Motion=Hero_Stand_None_Fist_P0_Attack_Hit_N_Fwd_00_%_00_P1_100_R.xmot C1=93 Raw8Fist=Fist Raw8UseType=8 PermissionApplied=1 SyntheticApplied=1 Classification=EARLY_PERMISSION_APPLIED
CORE RAW8_OPPORTUNITY_MISS_REARM ElapsedMs=81239.223 Actor=PC_Hero Action=1 Family=NORMAL Motion=Hero_Stand_None_Fist_P0_Attack_Hit_N_Fwd_00_%_00_P1_100_R.xmot C1=93 Raw8Fist=Fist OpportunityOrdinal=38 Reason=NO_CONTACT_DISPATCH FullStop=0 LatchBefore=1 LatchAfter=0 LatchWriteAttempted=1 LatchWriteConfirmed=1
CORE RAW8_OPPORTUNITY_MISS_REARM ElapsedMs=81247.163 Actor=PC_Hero Action=1 Family=NORMAL Motion=Hero_Stand_None_Fist_P0_Attack_Hit_N_Fwd_00_%_00_P1_100_R.xmot C1=93 Raw8Fist=Fist OpportunityOrdinal=38 Reason=NO_CONTACT_DISPATCH FullStop=0 LatchBefore=1 LatchAfter=0 LatchWriteAttempted=1 LatchWriteConfirmed=1
CORE RAW8_OPPORTUNITY_MISS_REARM ElapsedMs=81255.503 Actor=PC_Hero Action=1 Family=NORMAL Motion=Hero_Stand_None_Fist_P0_Attack_Hit_N_Fwd_00_%_00_P1_100_R.xmot C1=93 Raw8Fist=Fist OpportunityOrdinal=38 Reason=NO_CONTACT_DISPATCH FullStop=0 LatchBefore=1 LatchAfter=0 LatchWriteAttempted=1 LatchWriteConfirmed=1
CORE RAW8_OPPORTUNITY_MISS_REARM ElapsedMs=81262.722 Actor=PC_Hero Action=1 Family=NORMAL Motion=Hero_Stand_None_Fist_P0_Attack_Hit_N_Fwd_00_%_00_P1_100_R.xmot C1=93 Raw8Fist=Fist OpportunityOrdinal=38 Reason=NO_CONTACT_DISPATCH FullStop=0 LatchBefore=1 LatchAfter=0 LatchWriteAttempted=1 LatchWriteConfirmed=1
CORE RAW8_OPPORTUNITY_MISS_REARM ElapsedMs=81271.436 Actor=PC_Hero Action=1 Family=NORMAL Motion=Hero_Stand_None_Fist_P0_Attack_Hit_N_Fwd_00_%_00_P1_100_R.xmot C1=93 Raw8Fist=Fist OpportunityOrdinal=38 Reason=NO_CONTACT_DISPATCH FullStop=0 LatchBefore=1 LatchAfter=0 LatchWriteAttempted=1 LatchWriteConfirmed=1
CORE RAW8_OPPORTUNITY_MISS_REARM ElapsedMs=81278.230 Actor=PC_Hero Action=1 Family=NORMAL Motion=Hero_Stand_None_Fist_P0_Attack_Hit_N_Fwd_00_%_00_P1_100_R.xmot C1=93 Raw8Fist=Fist OpportunityOrdinal=38 Reason=NO_CONTACT_DISPATCH FullStop=0 LatchBefore=1 LatchAfter=0 LatchWriteAttempted=1 LatchWriteConfirmed=1
CORE RAW8_OPPORTUNITY_MISS_REARM ElapsedMs=81287.288 Actor=PC_Hero Action=1 Family=NORMAL Motion=Hero_Stand_None_Fist_P0_Attack_Hit_N_Fwd_00_%_00_P1_100_R.xmot C1=93 Raw8Fist=Fist OpportunityOrdinal=38 Reason=NO_CONTACT_DISPATCH FullStop=0 LatchBefore=1 LatchAfter=0 LatchWriteAttempted=1 LatchWriteConfirmed=1
CORE RAW8_OPPORTUNITY_MISS_REARM ElapsedMs=81293.922 Actor=PC_Hero Action=1 Family=NORMAL Motion=Hero_Stand_None_Fist_P0_Attack_Hit_N_Fwd_00_%_00_P1_100_R.xmot C1=93 Raw8Fist=Fist OpportunityOrdinal=38 Reason=NO_CONTACT_DISPATCH FullStop=0 LatchBefore=1 LatchAfter=0 LatchWriteAttempted=1 LatchWriteConfirmed=1
CORE RAW8_FIST_TIMING ElapsedMs=81302.311 Actor=PC_Hero C1=93 PermissionRetired=1 Reason=REAL_TIME_REACHED_FORCED_VALUE
CORE RAW8_OPPORTUNITY_MISS_REARM ElapsedMs=81302.348 Actor=PC_Hero Action=1 Family=NORMAL Motion=Hero_Stand_None_Fist_P0_Attack_Hit_N_Fwd_00_%_00_P1_100_R.xmot C1=93 Raw8Fist=Fist OpportunityOrdinal=38 Reason=NO_CONTACT_DISPATCH FullStop=0 LatchBefore=1 LatchAfter=0 LatchWriteAttempted=1 LatchWriteConfirmed=1
CORE RAW8_OPPORTUNITY_MISS_REARM ElapsedMs=81310.101 Actor=PC_Hero Action=1 Family=NORMAL Motion=Hero_Stand_None_Fist_P0_Attack_Hit_N_Fwd_00_%_00_P1_100_R.xmot C1=93 Raw8Fist=Fist OpportunityOrdinal=38 Reason=NO_CONTACT_DISPATCH FullStop=0 LatchBefore=1 LatchAfter=0 LatchWriteAttempted=1 LatchWriteConfirmed=1
CORE RAW8_OPPORTUNITY_MISS_REARM ElapsedMs=81318.284 Actor=PC_Hero Action=1 Family=NORMAL Motion=Hero_Stand_None_Fist_P0_Attack_Hit_N_Fwd_00_%_00_P1_100_R.xmot C1=93 Raw8Fist=Fist OpportunityOrdinal=38 Reason=NO_CONTACT_DISPATCH FullStop=0 LatchBefore=1 LatchAfter=0 LatchWriteAttempted=1 LatchWriteConfirmed=1
CORE RAW8_OPPORTUNITY_MISS_REARM ElapsedMs=81325.197 Actor=PC_Hero Action=1 Family=NORMAL Motion=Hero_Stand_None_Fist_P0_Attack_Hit_N_Fwd_00_%_00_P1_100_R.xmot C1=93 Raw8Fist=Fist OpportunityOrdinal=38 Reason=NO_CONTACT_DISPATCH FullStop=0 LatchBefore=1 LatchAfter=0 LatchWriteAttempted=1 LatchWriteConfirmed=1
CORE RAW8_OPPORTUNITY_MISS_REARM ElapsedMs=81333.271 Actor=PC_Hero Action=1 Family=NORMAL Motion=Hero_Stand_None_Fist_P0_Attack_Hit_N_Fwd_00_%_00_P1_100_R.xmot C1=93 Raw8Fist=Fist OpportunityOrdinal=38 Reason=NO_CONTACT_DISPATCH FullStop=0 LatchBefore=1 LatchAfter=0 LatchWriteAttempted=1 LatchWriteConfirmed=1
CORE RAW8_OPPORTUNITY_MISS_REARM ElapsedMs=81339.673 Actor=PC_Hero Action=1 Family=NORMAL Motion=Hero_Stand_None_Fist_P0_Attack_Hit_N_Fwd_00_%_00_P1_100_R.xmot C1=93 Raw8Fist=Fist OpportunityOrdinal=38 Reason=NO_CONTACT_DISPATCH FullStop=0 LatchBefore=1 LatchAfter=0 LatchWriteAttempted=1 LatchWriteConfirmed=1
CORE RAW8_OPPORTUNITY_MISS_REARM ElapsedMs=81348.234 Actor=PC_Hero Action=1 Family=NORMAL Motion=Hero_Stand_None_Fist_P0_Attack_Hit_N_Fwd_00_%_00_P1_100_R.xmot C1=93 Raw8Fist=Fist OpportunityOrdinal=38 Reason=NO_CONTACT_DISPATCH FullStop=0 LatchBefore=1 LatchAfter=0 LatchWriteAttempted=1 LatchWriteConfirmed=1
CORE COLLISION_GROUP ElapsedMs=81348.299 Source=Fist UseType=8 Owner=<unresolved> Slot=NONE Requested=7 Before=0 After=0 MarkerBitsRetired=0
CORE RAW8_OPPORTUNITY_MISS_REARM ElapsedMs=81354.738 Actor=PC_Hero Action=1 Family=NORMAL Motion=Hero_Stand_None_Fist_P0_Attack_Hit_N_Fwd_00_%_00_P1_100_R.xmot C1=93 Raw8Fist=Fist OpportunityOrdinal=38 Reason=NO_CONTACT_DISPATCH FullStop=0 LatchBefore=1 LatchAfter=0 LatchWriteAttempted=1 LatchWriteConfirmed=1
CORE RAW8_OPPORTUNITY_MISS_REARM ElapsedMs=81363.421 Actor=PC_Hero Action=1 Family=NORMAL Motion=Hero_Stand_None_Fist_P0_Attack_Hit_N_Fwd_00_%_00_P1_100_R.xmot C1=93 Raw8Fist=Fist OpportunityOrdinal=38 Reason=NO_CONTACT_DISPATCH FullStop=0 LatchBefore=1 LatchAfter=0 LatchWriteAttempted=1 LatchWriteConfirmed=1
CORE RAW8_OPPORTUNITY_MISS_REARM ElapsedMs=81369.882 Actor=PC_Hero Action=1 Family=NORMAL Motion=Hero_Stand_None_Fist_P0_Attack_Hit_N_Fwd_00_%_00_P1_100_R.xmot C1=93 Raw8Fist=Fist OpportunityOrdinal=38 Reason=NO_CONTACT_DISPATCH FullStop=0 LatchBefore=1 LatchAfter=0 LatchWriteAttempted=1 LatchWriteConfirmed=1
CORE RAW8_OPPORTUNITY_MISS_REARM ElapsedMs=81378.433 Actor=PC_Hero Action=1 Family=NORMAL Motion=Hero_Stand_None_Fist_P0_Attack_Hit_N_Fwd_00_%_00_P1_100_R.xmot C1=93 Raw8Fist=Fist OpportunityOrdinal=38 Reason=NO_CONTACT_DISPATCH FullStop=0 LatchBefore=1 LatchAfter=0 LatchWriteAttempted=1 LatchWriteConfirmed=1
CORE RAW8_OPPORTUNITY_MISS_REARM ElapsedMs=81385.757 Actor=PC_Hero Action=1 Family=NORMAL Motion=Hero_Stand_None_Fist_P0_Attack_Hit_N_Fwd_00_%_00_P1_100_R.xmot C1=93 Raw8Fist=Fist OpportunityOrdinal=38 Reason=NO_CONTACT_DISPATCH FullStop=0 LatchBefore=1 LatchAfter=0 LatchWriteAttempted=1 LatchWriteConfirmed=1
CORE RAW8_OPPORTUNITY_MISS_REARM ElapsedMs=81397.557 Actor=PC_Hero Action=1 Family=NORMAL Motion=Hero_Stand_None_Fist_P0_Attack_Hit_N_Fwd_00_%_00_P1_100_R.xmot C1=93 Raw8Fist=Fist OpportunityOrdinal=38 Reason=NO_CONTACT_DISPATCH FullStop=0 LatchBefore=1 LatchAfter=0 LatchWriteAttempted=1 LatchWriteConfirmed=1
CORE RAW8_OPPORTUNITY_MISS_REARM ElapsedMs=81404.134 Actor=PC_Hero Action=1 Family=NORMAL Motion=Hero_Stand_None_Fist_P0_Attack_Hit_N_Fwd_00_%_00_P1_100_R.xmot C1=93 Raw8Fist=Fist OpportunityOrdinal=38 Reason=NO_CONTACT_DISPATCH FullStop=0 LatchBefore=1 LatchAfter=0 LatchWriteAttempted=1 LatchWriteConfirmed=1
CORE RAW8_OPPORTUNITY_MISS_REARM ElapsedMs=81412.978 Actor=PC_Hero Action=1 Family=NORMAL Motion=Hero_Stand_None_Fist_P0_Attack_Hit_N_Fwd_00_%_00_P1_100_R.xmot C1=93 Raw8Fist=Fist OpportunityOrdinal=38 Reason=NO_CONTACT_DISPATCH FullStop=0 LatchBefore=1 LatchAfter=0 LatchWriteAttempted=1 LatchWriteConfirmed=1
CORE RAW8_OPPORTUNITY_CLOSE ElapsedMs=81420.294 Actor=PC_Hero Action=1 Family=NORMAL Motion=Hero_Stand_None_Fist_P0_Attack_Hit_N_Fwd_00_%_00_P1_100_R.xmot C1=93 Raw8Fist=Fist OpportunityOrdinal=38 Reason=C1_FINALIZED LatchBefore=0 LatchAfter=1 LatchWriteAttempted=1 LatchWriteConfirmed=1
CORE C1_FINAL ElapsedMs=81420.330 Actor=PC_Hero Generation=93 Status=PERSISTED SourceCount=1 PhysicalChanged=0 Source[0]=Fist Side=RIGHT Outstanding=0 Cleanup=0 Outcome=NO_OP_NO_OUTSTANDING
CORE C1_FINAL ElapsedMs=81494.278 Actor=Golem Generation=92 Status=PERSISTED SourceCount=1 PhysicalChanged=0 Source[0]=Fist Side=RIGHT Outstanding=0 Cleanup=0 Outcome=NO_OP_NO_OUTSTANDING
CORE C1_START ElapsedMs=81815.556 Actor=PC_Hero Generation=94 Status=CANDIDATE Outstanding=0 TrackedSources=1 ReplacedGeneration=0 ReplacedOutstanding=0 Source[0]=Fist Side=RIGHT Group=0
CORE C1_BIND ElapsedMs=81815.567 Event=COMBAT_MOVE_CANDIDATE_BOUND Actor=PC_Hero Generation=94 Status=CANDIDATE Outstanding=0 Source=<null> Script=_AI_PowerAttack
CORE C1_STATUS ElapsedMs=81815.626 Event=PERSISTED Actor=PC_Hero Generation=94 Status=PERSISTED Outstanding=0
CORE C1_START ElapsedMs=81818.923 Actor=Golem Generation=95 Status=CANDIDATE Outstanding=0 TrackedSources=1 ReplacedGeneration=0 ReplacedOutstanding=0 Source[0]=Fist Side=RIGHT Group=0
CORE C1_BIND ElapsedMs=81818.934 Event=COMBAT_MOVE_CANDIDATE_BOUND Actor=Golem Generation=95 Status=CANDIDATE Outstanding=0 Source=<null> Script=_AI_PowerAttack
CORE C1_STATUS ElapsedMs=81818.983 Event=PERSISTED Actor=Golem Generation=95 Status=PERSISTED Outstanding=0
CORE C1_FINAL ElapsedMs=81842.042 Actor=PC_Hero Generation=94 Status=PERSISTED SourceCount=1 PhysicalChanged=0 Source[0]=Fist Side=RIGHT Outstanding=0 Cleanup=0 Outcome=NO_OP_NO_OUTSTANDING
CORE C1_START ElapsedMs=81845.966 Actor=PC_Hero Generation=96 Status=CANDIDATE Outstanding=0 TrackedSources=1 ReplacedGeneration=0 ReplacedOutstanding=0 Source[0]=Fist Side=RIGHT Group=0
CORE C1_BIND ElapsedMs=81845.977 Event=COMBAT_MOVE_CANDIDATE_BOUND Actor=PC_Hero Generation=96 Status=CANDIDATE Outstanding=0 Source=<null> Script=_AI_Attack
CORE C1_STATUS ElapsedMs=81846.041 Event=PERSISTED Actor=PC_Hero Generation=96 Status=PERSISTED Outstanding=0
CORE RAW8_FIST_OWNERSHIP ElapsedMs=81846.059 Actor=PC_Hero Action=1 Family=NORMAL Motion=Hero_Stand_None_Fist_P1_Attack_Hit_N_Fwd_00_%_00_P0_100_L.xmot C1=96 Raw8Fist=Fist Raw8UseType=8 InitialClose=0->1 Result=CONFIRMED
CORE ATTACK_OWNERSHIP ElapsedMs=81846.069 Actor=PC_Hero Family=NORMAL Action=1 Phase=1 Motion=Hero_Stand_None_Fist_P1_Attack_Hit_N_Fwd_00_%_00_P0_100_L.xmot MarkerPresent=1 RequiredMask=0 FistMarkers=1 Raw8Fist=Fist Raw8UseType=8 SuppressNative=0 Classification=ROUTINE
CORE RAW8_FIST_TIMING ElapsedMs=81950.506 Actor=PC_Hero Action=1 Family=NORMAL Motion=Hero_Stand_None_Fist_P1_Attack_Hit_N_Fwd_00_%_00_P0_100_L.xmot C1=96 Raw8Fist=Fist Raw8UseType=8 AcceptedRearm=1->0 OwnershipMatched=1 Classification=EARLY_PERMISSION_ARMED
CORE RAW8_OPPORTUNITY_OPEN ElapsedMs=81950.536 Actor=PC_Hero Action=1 Family=NORMAL Motion=Hero_Stand_None_Fist_P1_Attack_Hit_N_Fwd_00_%_00_P0_100_L.xmot C1=96 Raw8Fist=Fist OpportunityOrdinal=39 Reason=ACCEPTED_FIST LatchBefore=1 LatchAfter=0 LatchWriteAttempted=1 LatchWriteConfirmed=1 TimingActive=1
CORE MARKER ElapsedMs=81950.550 Actor=PC_Hero Action=1 Family=NORMAL Phase=1 Motion=Hero_Stand_None_Fist_P1_Attack_Hit_N_Fwd_00_%_00_P0_100_L.xmot Marker=FIST Result=ACCEPTED C1Valid=1 C1=96 StatePosition=0 PreviousMask=0 DesiredMask=0 RetiredMask=0 OwnedMask=0 MarkerOwnedMask=0 Activated=0 Deactivated=0 Retired=0 RearmRequests=0 Clears=0 Raw8Fist=Fist Raw8UseType=8 Latch=1->0 LatchConfirmed=1
CORE RAW8_FIST_TIMING ElapsedMs=81959.969 Actor=PC_Hero Action=1 Family=NORMAL Motion=Hero_Stand_None_Fist_P1_Attack_Hit_N_Fwd_00_%_00_P0_100_L.xmot C1=96 Raw8Fist=Fist Raw8UseType=8 PermissionApplied=1 SyntheticApplied=1 Classification=EARLY_PERMISSION_APPLIED
CORE RAW8_OPPORTUNITY_CONTACT_CONSUMED ElapsedMs=81960.076 Actor=PC_Hero Action=1 Family=NORMAL Motion=Hero_Stand_None_Fist_P1_Attack_Hit_N_Fwd_00_%_00_P0_100_L.xmot C1=96 Raw8Fist=Fist OpportunityOrdinal=39 Reason=EXACT_NATIVE_CONTACT_DISPATCH LatchValue=1
CORE RAW8_FIST_TIMING ElapsedMs=81960.089 Actor=PC_Hero C1=96 PermissionRetired=1 Reason=CONTACT_CONSUMED
CORE ONDAMAGE ElapsedMs=81960.114 Ordinal=19 Target=Golem Arg1=Fist Arg2=PC_Hero Caller=Game.dll+0x0016E348 PlayerAction=1 PlayerPhase=1 PlayerMotion=Hero_Stand_None_Fist_P1_Attack_Hit_N_Fwd_00_%_00_P0_100_L.xmot Raw8Fist=Fist Raw8UseType=8 Raw8Group=0
CORE COLLISION_GROUP ElapsedMs=82072.369 Source=Fist UseType=8 Owner=<unresolved> Slot=NONE Requested=7 Before=0 After=0 MarkerBitsRetired=0
CORE C1_FINAL ElapsedMs=82133.194 Actor=PC_Hero Generation=96 Status=PERSISTED SourceCount=1 PhysicalChanged=0 Source[0]=Fist Side=RIGHT Outstanding=0 Cleanup=0 Outcome=NO_OP_NO_OUTSTANDING
CORE C1_BIND ElapsedMs=82139.849 Event=COMBAT_MOVE_REUSED Actor=Golem Generation=95 Status=PERSISTED Outstanding=0 Source=<null> Script=_AI_PowerAttack
CORE COLLISION_GROUP ElapsedMs=82139.929 Source=Fist UseType=8 Owner=<unresolved> Slot=NONE Requested=7 Before=0 After=0 MarkerBitsRetired=0
CORE C1_FINAL ElapsedMs=82383.252 Actor=Golem Generation=95 Status=PERSISTED SourceCount=1 PhysicalChanged=0 Source[0]=Fist Side=RIGHT Outstanding=0 Cleanup=0 Outcome=NO_OP_NO_OUTSTANDING
CORE C1_START ElapsedMs=82654.643 Actor=PC_Hero Generation=97 Status=CANDIDATE Outstanding=0 TrackedSources=1 ReplacedGeneration=0 ReplacedOutstanding=0 Source[0]=Fist Side=RIGHT Group=0
CORE C1_BIND ElapsedMs=82654.655 Event=COMBAT_MOVE_CANDIDATE_BOUND Actor=PC_Hero Generation=97 Status=CANDIDATE Outstanding=0 Source=<null> Script=_AI_PowerAttack
CORE C1_STATUS ElapsedMs=82654.716 Event=PERSISTED Actor=PC_Hero Generation=97 Status=PERSISTED Outstanding=0
CORE C1_START ElapsedMs=82661.188 Actor=Golem Generation=98 Status=CANDIDATE Outstanding=0 TrackedSources=1 ReplacedGeneration=0 ReplacedOutstanding=0 Source[0]=Fist Side=RIGHT Group=0
CORE C1_BIND ElapsedMs=82661.200 Event=COMBAT_MOVE_CANDIDATE_BOUND Actor=Golem Generation=98 Status=CANDIDATE Outstanding=0 Source=<null> Script=_AI_PowerAttack
CORE C1_STATUS ElapsedMs=82661.265 Event=PERSISTED Actor=Golem Generation=98 Status=PERSISTED Outstanding=0
CORE C1_BIND ElapsedMs=82917.147 Event=COMBAT_MOVE_REUSED Actor=PC_Hero Generation=97 Status=PERSISTED Outstanding=0 Source=<null> Script=_AI_PowerAttack
CORE RAW8_FIST_OWNERSHIP ElapsedMs=82917.226 Actor=PC_Hero Action=2 Family=POWER Motion=Hero_Stand_None_Fist_P0_PowerAttack_Hit_N_Fwd_00_%_00_P1_100_R.xmot C1=97 Raw8Fist=Fist Raw8UseType=8 InitialClose=0->1 Result=CONFIRMED
CORE ATTACK_OWNERSHIP ElapsedMs=82917.240 Actor=PC_Hero Family=POWER Action=2 Phase=1 Motion=Hero_Stand_None_Fist_P0_PowerAttack_Hit_N_Fwd_00_%_00_P1_100_R.xmot MarkerPresent=1 RequiredMask=0 FistMarkers=1 Raw8Fist=Fist Raw8UseType=8 SuppressNative=0 Classification=ROUTINE
CORE COLLISION_GROUP ElapsedMs=82917.274 Source=Fist UseType=8 Owner=<unresolved> Slot=NONE Requested=7 Before=0 After=0 MarkerBitsRetired=0
CORE C1_BIND ElapsedMs=82972.089 Event=COMBAT_MOVE_REUSED Actor=Golem Generation=98 Status=PERSISTED Outstanding=0 Source=<null> Script=_AI_PowerAttack
CORE COLLISION_GROUP ElapsedMs=82972.168 Source=Fist UseType=8 Owner=<unresolved> Slot=NONE Requested=7 Before=0 After=0 MarkerBitsRetired=0
CORE RAW8_FIST_TIMING ElapsedMs=83018.098 Actor=PC_Hero Action=2 Family=POWER Motion=Hero_Stand_None_Fist_P0_PowerAttack_Hit_N_Fwd_00_%_00_P1_100_R.xmot C1=97 Raw8Fist=Fist Raw8UseType=8 AcceptedRearm=1->0 OwnershipMatched=1 Classification=EARLY_PERMISSION_ARMED
CORE RAW8_OPPORTUNITY_OPEN ElapsedMs=83018.128 Actor=PC_Hero Action=2 Family=POWER Motion=Hero_Stand_None_Fist_P0_PowerAttack_Hit_N_Fwd_00_%_00_P1_100_R.xmot C1=97 Raw8Fist=Fist OpportunityOrdinal=40 Reason=ACCEPTED_FIST LatchBefore=1 LatchAfter=0 LatchWriteAttempted=1 LatchWriteConfirmed=1 TimingActive=1
CORE MARKER ElapsedMs=83018.142 Actor=PC_Hero Action=2 Family=POWER Phase=1 Motion=Hero_Stand_None_Fist_P0_PowerAttack_Hit_N_Fwd_00_%_00_P1_100_R.xmot Marker=FIST Result=ACCEPTED C1Valid=1 C1=97 StatePosition=1 PreviousMask=0 DesiredMask=0 RetiredMask=0 OwnedMask=0 MarkerOwnedMask=0 Activated=0 Deactivated=0 Retired=0 RearmRequests=0 Clears=0 Raw8Fist=Fist Raw8UseType=8 Latch=1->0 LatchConfirmed=1
CORE RAW8_FIST_TIMING ElapsedMs=83024.325 Actor=PC_Hero Action=2 Family=POWER Motion=Hero_Stand_None_Fist_P0_PowerAttack_Hit_N_Fwd_00_%_00_P1_100_R.xmot C1=97 Raw8Fist=Fist Raw8UseType=8 PermissionApplied=1 SyntheticApplied=1 Classification=EARLY_PERMISSION_APPLIED
CORE RAW8_OPPORTUNITY_CONTACT_CONSUMED ElapsedMs=83024.418 Actor=PC_Hero Action=2 Family=POWER Motion=Hero_Stand_None_Fist_P0_PowerAttack_Hit_N_Fwd_00_%_00_P1_100_R.xmot C1=97 Raw8Fist=Fist OpportunityOrdinal=40 Reason=EXACT_NATIVE_CONTACT_DISPATCH LatchValue=1
CORE RAW8_FIST_TIMING ElapsedMs=83024.433 Actor=PC_Hero C1=97 PermissionRetired=1 Reason=CONTACT_CONSUMED
CORE ONDAMAGE ElapsedMs=83024.447 Ordinal=20 Target=Golem Arg1=Fist Arg2=PC_Hero Caller=Game.dll+0x0016E348 PlayerAction=2 PlayerPhase=1 PlayerMotion=Hero_Stand_None_Fist_P0_PowerAttack_Hit_N_Fwd_00_%_00_P1_100_R.xmot Raw8Fist=Fist Raw8UseType=8 Raw8Group=0
CORE C1_FINAL ElapsedMs=83208.889 Actor=PC_Hero Generation=97 Status=PERSISTED SourceCount=1 PhysicalChanged=0 Source[0]=Fist Side=RIGHT Outstanding=0 Cleanup=0 Outcome=NO_OP_NO_OUTSTANDING
CORE C1_FINAL ElapsedMs=83216.370 Actor=Golem Generation=98 Status=PERSISTED SourceCount=1 PhysicalChanged=0 Source[0]=Fist Side=RIGHT Outstanding=0 Cleanup=0 Outcome=NO_OP_NO_OUTSTANDING
CORE C1_START ElapsedMs=83900.337 Actor=PC_Hero Generation=99 Status=CANDIDATE Outstanding=0 TrackedSources=1 ReplacedGeneration=0 ReplacedOutstanding=0 Source[0]=Fist Side=RIGHT Group=0
CORE C1_BIND ElapsedMs=83900.349 Event=COMBAT_MOVE_CANDIDATE_BOUND Actor=PC_Hero Generation=99 Status=CANDIDATE Outstanding=0 Source=<null> Script=_AI_PowerAttack
CORE C1_STATUS ElapsedMs=83900.413 Event=PERSISTED Actor=PC_Hero Generation=99 Status=PERSISTED Outstanding=0
CORE C1_START ElapsedMs=83906.855 Actor=Golem Generation=100 Status=CANDIDATE Outstanding=0 TrackedSources=1 ReplacedGeneration=0 ReplacedOutstanding=0 Source[0]=Fist Side=RIGHT Group=0
CORE C1_BIND ElapsedMs=83906.868 Event=COMBAT_MOVE_CANDIDATE_BOUND Actor=Golem Generation=100 Status=CANDIDATE Outstanding=0 Source=<null> Script=_AI_PowerAttack
CORE C1_STATUS ElapsedMs=83906.931 Event=PERSISTED Actor=Golem Generation=100 Status=PERSISTED Outstanding=0
CORE C1_BIND ElapsedMs=84166.451 Event=COMBAT_MOVE_REUSED Actor=PC_Hero Generation=99 Status=PERSISTED Outstanding=0 Source=<null> Script=_AI_PowerAttack
CORE RAW8_FIST_OWNERSHIP ElapsedMs=84166.531 Actor=PC_Hero Action=2 Family=POWER Motion=Hero_Stand_None_Fist_P1_PowerAttack_Hit_N_Fwd_00_%_00_P0_100_L.xmot C1=99 Raw8Fist=Fist Raw8UseType=8 InitialClose=0->1 Result=CONFIRMED
CORE ATTACK_OWNERSHIP ElapsedMs=84166.545 Actor=PC_Hero Family=POWER Action=2 Phase=1 Motion=Hero_Stand_None_Fist_P1_PowerAttack_Hit_N_Fwd_00_%_00_P0_100_L.xmot MarkerPresent=1 RequiredMask=0 FistMarkers=1 Raw8Fist=Fist Raw8UseType=8 SuppressNative=0 Classification=ROUTINE
CORE COLLISION_GROUP ElapsedMs=84166.578 Source=Fist UseType=8 Owner=<unresolved> Slot=NONE Requested=7 Before=0 After=0 MarkerBitsRetired=0
CORE C1_BIND ElapsedMs=84220.916 Event=COMBAT_MOVE_REUSED Actor=Golem Generation=100 Status=PERSISTED Outstanding=0 Source=<null> Script=_AI_PowerAttack
CORE COLLISION_GROUP ElapsedMs=84220.996 Source=Fist UseType=8 Owner=<unresolved> Slot=NONE Requested=7 Before=0 After=0 MarkerBitsRetired=0
CORE RAW8_FIST_TIMING ElapsedMs=84267.934 Actor=PC_Hero Action=2 Family=POWER Motion=Hero_Stand_None_Fist_P1_PowerAttack_Hit_N_Fwd_00_%_00_P0_100_L.xmot C1=99 Raw8Fist=Fist Raw8UseType=8 AcceptedRearm=1->0 OwnershipMatched=1 Classification=EARLY_PERMISSION_ARMED
CORE RAW8_OPPORTUNITY_OPEN ElapsedMs=84267.963 Actor=PC_Hero Action=2 Family=POWER Motion=Hero_Stand_None_Fist_P1_PowerAttack_Hit_N_Fwd_00_%_00_P0_100_L.xmot C1=99 Raw8Fist=Fist OpportunityOrdinal=41 Reason=ACCEPTED_FIST LatchBefore=1 LatchAfter=0 LatchWriteAttempted=1 LatchWriteConfirmed=1 TimingActive=1
CORE MARKER ElapsedMs=84267.978 Actor=PC_Hero Action=2 Family=POWER Phase=1 Motion=Hero_Stand_None_Fist_P1_PowerAttack_Hit_N_Fwd_00_%_00_P0_100_L.xmot Marker=FIST Result=ACCEPTED C1Valid=1 C1=99 StatePosition=1 PreviousMask=0 DesiredMask=0 RetiredMask=0 OwnedMask=0 MarkerOwnedMask=0 Activated=0 Deactivated=0 Retired=0 RearmRequests=0 Clears=0 Raw8Fist=Fist Raw8UseType=8 Latch=1->0 LatchConfirmed=1
CORE RAW8_FIST_TIMING ElapsedMs=84274.299 Actor=PC_Hero Action=2 Family=POWER Motion=Hero_Stand_None_Fist_P1_PowerAttack_Hit_N_Fwd_00_%_00_P0_100_L.xmot C1=99 Raw8Fist=Fist Raw8UseType=8 PermissionApplied=1 SyntheticApplied=1 Classification=EARLY_PERMISSION_APPLIED
CORE RAW8_OPPORTUNITY_CONTACT_CONSUMED ElapsedMs=84274.394 Actor=PC_Hero Action=2 Family=POWER Motion=Hero_Stand_None_Fist_P1_PowerAttack_Hit_N_Fwd_00_%_00_P0_100_L.xmot C1=99 Raw8Fist=Fist OpportunityOrdinal=41 Reason=EXACT_NATIVE_CONTACT_DISPATCH LatchValue=1
CORE RAW8_FIST_TIMING ElapsedMs=84274.409 Actor=PC_Hero C1=99 PermissionRetired=1 Reason=CONTACT_CONSUMED
CORE ONDAMAGE ElapsedMs=84274.423 Ordinal=21 Target=Golem Arg1=Fist Arg2=PC_Hero Caller=Game.dll+0x0016E348 PlayerAction=2 PlayerPhase=1 PlayerMotion=Hero_Stand_None_Fist_P1_PowerAttack_Hit_N_Fwd_00_%_00_P0_100_L.xmot Raw8Fist=Fist Raw8UseType=8 Raw8Group=0
CORE C1_FINAL ElapsedMs=84458.369 Actor=Golem Generation=100 Status=PERSISTED SourceCount=1 PhysicalChanged=0 Source[0]=Fist Side=RIGHT Outstanding=0 Cleanup=0 Outcome=NO_OP_NO_OUTSTANDING
CORE C1_START ElapsedMs=84465.361 Actor=Golem Generation=101 Status=CANDIDATE Outstanding=0 TrackedSources=1 ReplacedGeneration=0 ReplacedOutstanding=0 Source[0]=Fist Side=RIGHT Group=0
CORE C1_BIND ElapsedMs=84465.374 Event=COMBAT_MOVE_CANDIDATE_BOUND Actor=Golem Generation=101 Status=CANDIDATE Outstanding=0 Source=<null> Script=_AI_JumpBack
CORE C1_STATUS ElapsedMs=84465.465 Event=PERSISTED Actor=Golem Generation=101 Status=PERSISTED Outstanding=0
CORE RAW8_FIST_TIMING ElapsedMs=84589.466 Actor=PC_Hero Action=2 Family=POWER Motion=Hero_Stand_None_Fist_P1_PowerAttack_Hit_N_Fwd_00_%_00_P0_100_L.xmot C1=99 Raw8Fist=Fist Raw8UseType=8 AcceptedRearm=1->0 OwnershipMatched=1 Classification=NATIVE_TIMING
CORE RAW8_OPPORTUNITY_OPEN ElapsedMs=84589.494 Actor=PC_Hero Action=2 Family=POWER Motion=Hero_Stand_None_Fist_P1_PowerAttack_Hit_N_Fwd_00_%_00_P0_100_L.xmot C1=99 Raw8Fist=Fist OpportunityOrdinal=42 Reason=ACCEPTED_FIST LatchBefore=1 LatchAfter=0 LatchWriteAttempted=1 LatchWriteConfirmed=1 TimingActive=0
CORE MARKER ElapsedMs=84589.519 Actor=PC_Hero Action=2 Family=POWER Phase=1 Motion=Hero_Stand_None_Fist_P1_PowerAttack_Hit_N_Fwd_00_%_00_P0_100_L.xmot Marker=FIST Result=ACCEPTED C1Valid=1 C1=99 StatePosition=1 PreviousMask=0 DesiredMask=0 RetiredMask=0 OwnedMask=0 MarkerOwnedMask=0 Activated=0 Deactivated=0 Retired=0 RearmRequests=0 Clears=0 Raw8Fist=Fist Raw8UseType=8 Latch=1->0 LatchConfirmed=1
CORE RAW8_OPPORTUNITY_CONTACT_CONSUMED ElapsedMs=84596.633 Actor=PC_Hero Action=2 Family=POWER Motion=Hero_Stand_None_Fist_P1_PowerAttack_Hit_N_Fwd_00_%_00_P0_100_L.xmot C1=99 Raw8Fist=Fist OpportunityOrdinal=42 Reason=EXACT_NATIVE_CONTACT_DISPATCH LatchValue=1
CORE ONDAMAGE ElapsedMs=84596.672 Ordinal=22 Target=Golem Arg1=Fist Arg2=PC_Hero Caller=Game.dll+0x0016E348 PlayerAction=2 PlayerPhase=1 PlayerMotion=Hero_Stand_None_Fist_P1_PowerAttack_Hit_N_Fwd_00_%_00_P0_100_L.xmot Raw8Fist=Fist Raw8UseType=8 Raw8Group=0
CORE C1_START ElapsedMs=84606.301 Actor=Golem Generation=102 Status=CANDIDATE Outstanding=0 TrackedSources=1 ReplacedGeneration=101 ReplacedOutstanding=0 Source[0]=Fist Side=RIGHT Group=0
CORE C1_BIND ElapsedMs=84606.312 Event=COMBAT_MOVE_CANDIDATE_BOUND Actor=Golem Generation=102 Status=CANDIDATE Outstanding=0 Source=<null> Script=_AI_Stumble
CORE C1_STATUS ElapsedMs=84606.372 Event=PERSISTED Actor=Golem Generation=102 Status=PERSISTED Outstanding=0
CORE C1_FINAL ElapsedMs=84772.431 Actor=PC_Hero Generation=99 Status=PERSISTED SourceCount=1 PhysicalChanged=0 Source[0]=Fist Side=RIGHT Outstanding=0 Cleanup=0 Outcome=NO_OP_NO_OUTSTANDING
CORE C1_FINAL ElapsedMs=84932.970 Actor=Golem Generation=102 Status=PERSISTED SourceCount=1 PhysicalChanged=0 Source[0]=Fist Side=RIGHT Outstanding=0 Cleanup=0 Outcome=NO_OP_NO_OUTSTANDING
CORE C1_START ElapsedMs=85574.958 Actor=PC_Hero Generation=103 Status=CANDIDATE Outstanding=0 TrackedSources=1 ReplacedGeneration=0 ReplacedOutstanding=0 Source[0]=Fist Side=RIGHT Group=0
CORE C1_BIND ElapsedMs=85574.970 Event=COMBAT_MOVE_CANDIDATE_BOUND Actor=PC_Hero Generation=103 Status=CANDIDATE Outstanding=0 Source=<null> Script=_AI_PowerAttack
CORE C1_STATUS ElapsedMs=85575.046 Event=PERSISTED Actor=PC_Hero Generation=103 Status=PERSISTED Outstanding=0
CORE C1_START ElapsedMs=85589.724 Actor=Golem Generation=104 Status=CANDIDATE Outstanding=0 TrackedSources=1 ReplacedGeneration=0 ReplacedOutstanding=0 Source[0]=Fist Side=RIGHT Group=0
CORE C1_BIND ElapsedMs=85589.736 Event=COMBAT_MOVE_CANDIDATE_BOUND Actor=Golem Generation=104 Status=CANDIDATE Outstanding=0 Source=<null> Script=_AI_JumpBack
CORE C1_STATUS ElapsedMs=85589.837 Event=PERSISTED Actor=Golem Generation=104 Status=PERSISTED Outstanding=0
CORE C1_FINAL ElapsedMs=85597.017 Actor=PC_Hero Generation=103 Status=PERSISTED SourceCount=1 PhysicalChanged=0 Source[0]=Fist Side=RIGHT Outstanding=0 Cleanup=0 Outcome=NO_OP_NO_OUTSTANDING
CORE C1_START ElapsedMs=85597.949 Actor=PC_Hero Generation=105 Status=CANDIDATE Outstanding=0 TrackedSources=1 ReplacedGeneration=0 ReplacedOutstanding=0 Source[0]=Fist Side=RIGHT Group=0
CORE C1_BIND ElapsedMs=85597.958 Event=COMBAT_MOVE_CANDIDATE_BOUND Actor=PC_Hero Generation=105 Status=CANDIDATE Outstanding=0 Source=<null> Script=_AI_Attack
CORE C1_STATUS ElapsedMs=85598.015 Event=PERSISTED Actor=PC_Hero Generation=105 Status=PERSISTED Outstanding=0
CORE RAW8_FIST_OWNERSHIP ElapsedMs=85598.032 Actor=PC_Hero Action=1 Family=NORMAL Motion=Hero_Stand_None_Fist_P0_Attack_Hit_N_Fwd_00_%_00_P1_100_R.xmot C1=105 Raw8Fist=Fist Raw8UseType=8 InitialClose=0->1 Result=CONFIRMED
CORE ATTACK_OWNERSHIP ElapsedMs=85598.043 Actor=PC_Hero Family=NORMAL Action=1 Phase=1 Motion=Hero_Stand_None_Fist_P0_Attack_Hit_N_Fwd_00_%_00_P1_100_R.xmot MarkerPresent=1 RequiredMask=0 FistMarkers=1 Raw8Fist=Fist Raw8UseType=8 SuppressNative=0 Classification=ROUTINE
CORE RAW8_FIST_TIMING ElapsedMs=85704.259 Actor=PC_Hero Action=1 Family=NORMAL Motion=Hero_Stand_None_Fist_P0_Attack_Hit_N_Fwd_00_%_00_P1_100_R.xmot C1=105 Raw8Fist=Fist Raw8UseType=8 AcceptedRearm=1->0 OwnershipMatched=1 Classification=EARLY_PERMISSION_ARMED
CORE RAW8_OPPORTUNITY_OPEN ElapsedMs=85704.292 Actor=PC_Hero Action=1 Family=NORMAL Motion=Hero_Stand_None_Fist_P0_Attack_Hit_N_Fwd_00_%_00_P1_100_R.xmot C1=105 Raw8Fist=Fist OpportunityOrdinal=43 Reason=ACCEPTED_FIST LatchBefore=1 LatchAfter=0 LatchWriteAttempted=1 LatchWriteConfirmed=1 TimingActive=1
CORE MARKER ElapsedMs=85704.305 Actor=PC_Hero Action=1 Family=NORMAL Phase=1 Motion=Hero_Stand_None_Fist_P0_Attack_Hit_N_Fwd_00_%_00_P1_100_R.xmot Marker=FIST Result=ACCEPTED C1Valid=1 C1=105 StatePosition=0 PreviousMask=0 DesiredMask=0 RetiredMask=0 OwnedMask=0 MarkerOwnedMask=0 Activated=0 Deactivated=0 Retired=0 RearmRequests=0 Clears=0 Raw8Fist=Fist Raw8UseType=8 Latch=1->0 LatchConfirmed=1
CORE RAW8_FIST_TIMING ElapsedMs=85710.985 Actor=PC_Hero Action=1 Family=NORMAL Motion=Hero_Stand_None_Fist_P0_Attack_Hit_N_Fwd_00_%_00_P1_100_R.xmot C1=105 Raw8Fist=Fist Raw8UseType=8 PermissionApplied=1 SyntheticApplied=1 Classification=EARLY_PERMISSION_APPLIED
CORE RAW8_OPPORTUNITY_CONTACT_CONSUMED ElapsedMs=85711.153 Actor=PC_Hero Action=1 Family=NORMAL Motion=Hero_Stand_None_Fist_P0_Attack_Hit_N_Fwd_00_%_00_P1_100_R.xmot C1=105 Raw8Fist=Fist OpportunityOrdinal=43 Reason=EXACT_NATIVE_CONTACT_DISPATCH LatchValue=1
CORE RAW8_FIST_TIMING ElapsedMs=85711.168 Actor=PC_Hero C1=105 PermissionRetired=1 Reason=CONTACT_CONSUMED
CORE ONDAMAGE ElapsedMs=85711.180 Ordinal=23 Target=Golem Arg1=Fist Arg2=PC_Hero Caller=Game.dll+0x0016E348 PlayerAction=1 PlayerPhase=1 PlayerMotion=Hero_Stand_None_Fist_P0_Attack_Hit_N_Fwd_00_%_00_P1_100_R.xmot Raw8Fist=Fist Raw8UseType=8 Raw8Group=0
CORE C1_START ElapsedMs=85719.038 Actor=Golem Generation=106 Status=CANDIDATE Outstanding=0 TrackedSources=1 ReplacedGeneration=104 ReplacedOutstanding=0 Source[0]=Fist Side=RIGHT Group=0
CORE C1_BIND ElapsedMs=85719.064 Event=COMBAT_MOVE_CANDIDATE_BOUND Actor=Golem Generation=106 Status=CANDIDATE Outstanding=0 Source=<null> Script=_AI_Stumble
CORE C1_STATUS ElapsedMs=85719.141 Event=PERSISTED Actor=Golem Generation=106 Status=PERSISTED Outstanding=0
CORE COLLISION_GROUP ElapsedMs=85827.795 Source=Fist UseType=8 Owner=<unresolved> Slot=NONE Requested=7 Before=0 After=0 MarkerBitsRetired=0
CORE C1_FINAL ElapsedMs=85888.250 Actor=PC_Hero Generation=105 Status=PERSISTED SourceCount=1 PhysicalChanged=0 Source[0]=Fist Side=RIGHT Outstanding=0 Cleanup=0 Outcome=NO_OP_NO_OUTSTANDING
CORE C1_FINAL ElapsedMs=86052.741 Actor=Golem Generation=106 Status=PERSISTED SourceCount=1 PhysicalChanged=0 Source[0]=Fist Side=RIGHT Outstanding=0 Cleanup=0 Outcome=NO_OP_NO_OUTSTANDING
CORE C1_START ElapsedMs=86470.714 Actor=Golem Generation=107 Status=CANDIDATE Outstanding=0 TrackedSources=1 ReplacedGeneration=0 ReplacedOutstanding=0 Source[0]=Fist Side=RIGHT Group=0
CORE C1_BIND ElapsedMs=86470.726 Event=COMBAT_MOVE_CANDIDATE_BOUND Actor=Golem Generation=107 Status=CANDIDATE Outstanding=0 Source=<null> Script=_AI_Attack
CORE C1_STATUS ElapsedMs=86470.781 Event=PERSISTED Actor=Golem Generation=107 Status=PERSISTED Outstanding=0
CORE ATTACK_OWNERSHIP ElapsedMs=86470.796 Actor=Golem Family=NORMAL Action=1 Phase=1 Motion=Golem_Stand_None_Fist_P0_Attack_Hit_N_Fwd_00_%_00_P0_100_R.xmot MarkerPresent=0 RequiredMask=0 FistMarkers=0 Raw8Fist=<none> Raw8UseType=-1 SuppressNative=0 Classification=ROUTINE
CORE COLLISION_GROUP ElapsedMs=86695.676 Source=Fist UseType=8 Owner=<unresolved> Slot=NONE Requested=7 Before=0 After=0 MarkerBitsRetired=0
CORE C1_START ElapsedMs=86818.365 Actor=PC_Hero Generation=108 Status=CANDIDATE Outstanding=0 TrackedSources=1 ReplacedGeneration=0 ReplacedOutstanding=0 Source[0]=Fist Side=RIGHT Group=0
CORE C1_BIND ElapsedMs=86818.378 Event=COMBAT_MOVE_CANDIDATE_BOUND Actor=PC_Hero Generation=108 Status=CANDIDATE Outstanding=0 Source=<null> Script=_AI_PowerAttack
CORE C1_STATUS ElapsedMs=86818.442 Event=PERSISTED Actor=PC_Hero Generation=108 Status=PERSISTED Outstanding=0
CORE C1_FINAL ElapsedMs=86833.591 Actor=Golem Generation=107 Status=PERSISTED SourceCount=1 PhysicalChanged=0 Source[0]=Fist Side=RIGHT Outstanding=0 Cleanup=0 Outcome=NO_OP_NO_OUTSTANDING
CORE C1_START ElapsedMs=86842.076 Actor=Golem Generation=109 Status=CANDIDATE Outstanding=0 TrackedSources=1 ReplacedGeneration=0 ReplacedOutstanding=0 Source[0]=Fist Side=RIGHT Group=0
CORE C1_BIND ElapsedMs=86842.088 Event=COMBAT_MOVE_CANDIDATE_BOUND Actor=Golem Generation=109 Status=CANDIDATE Outstanding=0 Source=<null> Script=_AI_PowerAttack
CORE C1_STATUS ElapsedMs=86842.179 Event=PERSISTED Actor=Golem Generation=109 Status=PERSISTED Outstanding=0
CORE C1_BIND ElapsedMs=87087.546 Event=COMBAT_MOVE_REUSED Actor=PC_Hero Generation=108 Status=PERSISTED Outstanding=0 Source=<null> Script=_AI_PowerAttack
CORE RAW8_FIST_OWNERSHIP ElapsedMs=87087.625 Actor=PC_Hero Action=2 Family=POWER Motion=Hero_Stand_None_Fist_P1_PowerAttack_Hit_N_Fwd_00_%_00_P0_100_L.xmot C1=108 Raw8Fist=Fist Raw8UseType=8 InitialClose=0->1 Result=CONFIRMED
CORE ATTACK_OWNERSHIP ElapsedMs=87087.639 Actor=PC_Hero Family=POWER Action=2 Phase=1 Motion=Hero_Stand_None_Fist_P1_PowerAttack_Hit_N_Fwd_00_%_00_P0_100_L.xmot MarkerPresent=1 RequiredMask=0 FistMarkers=1 Raw8Fist=Fist Raw8UseType=8 SuppressNative=0 Classification=ROUTINE
CORE COLLISION_GROUP ElapsedMs=87087.673 Source=Fist UseType=8 Owner=<unresolved> Slot=NONE Requested=7 Before=0 After=0 MarkerBitsRetired=0
CORE C1_BIND ElapsedMs=87160.540 Event=COMBAT_MOVE_REUSED Actor=Golem Generation=109 Status=PERSISTED Outstanding=0 Source=<null> Script=_AI_PowerAttack
CORE ATTACK_OWNERSHIP ElapsedMs=87160.615 Actor=Golem Family=SPRINT Action=9 Phase=1 Motion=Golem_Stand_None_Fist_P0_PowerAttack_Hit_N_Fwd_00_%_00_P0_100_R.xmot MarkerPresent=0 RequiredMask=0 FistMarkers=0 Raw8Fist=<none> Raw8UseType=-1 SuppressNative=0 Classification=ROUTINE
CORE COLLISION_GROUP ElapsedMs=87160.633 Source=Fist UseType=8 Owner=<unresolved> Slot=NONE Requested=7 Before=0 After=0 MarkerBitsRetired=0
CORE RAW8_FIST_TIMING ElapsedMs=87192.625 Actor=PC_Hero Action=2 Family=POWER Motion=Hero_Stand_None_Fist_P1_PowerAttack_Hit_N_Fwd_00_%_00_P0_100_L.xmot C1=108 Raw8Fist=Fist Raw8UseType=8 AcceptedRearm=1->0 OwnershipMatched=1 Classification=EARLY_PERMISSION_ARMED
CORE RAW8_OPPORTUNITY_OPEN ElapsedMs=87192.669 Actor=PC_Hero Action=2 Family=POWER Motion=Hero_Stand_None_Fist_P1_PowerAttack_Hit_N_Fwd_00_%_00_P0_100_L.xmot C1=108 Raw8Fist=Fist OpportunityOrdinal=44 Reason=ACCEPTED_FIST LatchBefore=1 LatchAfter=0 LatchWriteAttempted=1 LatchWriteConfirmed=1 TimingActive=1
CORE MARKER ElapsedMs=87192.684 Actor=PC_Hero Action=2 Family=POWER Phase=1 Motion=Hero_Stand_None_Fist_P1_PowerAttack_Hit_N_Fwd_00_%_00_P0_100_L.xmot Marker=FIST Result=ACCEPTED C1Valid=1 C1=108 StatePosition=1 PreviousMask=0 DesiredMask=0 RetiredMask=0 OwnedMask=0 MarkerOwnedMask=0 Activated=0 Deactivated=0 Retired=0 RearmRequests=0 Clears=0 Raw8Fist=Fist Raw8UseType=8 Latch=1->0 LatchConfirmed=1
CORE RAW8_FIST_TIMING ElapsedMs=87199.262 Actor=PC_Hero Action=2 Family=POWER Motion=Hero_Stand_None_Fist_P1_PowerAttack_Hit_N_Fwd_00_%_00_P0_100_L.xmot C1=108 Raw8Fist=Fist Raw8UseType=8 PermissionApplied=1 SyntheticApplied=1 Classification=EARLY_PERMISSION_APPLIED
CORE RAW8_OPPORTUNITY_CONTACT_CONSUMED ElapsedMs=87199.357 Actor=PC_Hero Action=2 Family=POWER Motion=Hero_Stand_None_Fist_P1_PowerAttack_Hit_N_Fwd_00_%_00_P0_100_L.xmot C1=108 Raw8Fist=Fist OpportunityOrdinal=44 Reason=EXACT_NATIVE_CONTACT_DISPATCH LatchValue=1
CORE RAW8_FIST_TIMING ElapsedMs=87199.372 Actor=PC_Hero C1=108 PermissionRetired=1 Reason=CONTACT_CONSUMED
CORE ONDAMAGE ElapsedMs=87199.386 Ordinal=24 Target=Golem Arg1=Fist Arg2=PC_Hero Caller=Game.dll+0x0016E348 PlayerAction=2 PlayerPhase=1 PlayerMotion=Hero_Stand_None_Fist_P1_PowerAttack_Hit_N_Fwd_00_%_00_P0_100_L.xmot Raw8Fist=Fist Raw8UseType=8 Raw8Group=0
CORE C1_FINAL ElapsedMs=87406.612 Actor=Golem Generation=109 Status=PERSISTED SourceCount=1 PhysicalChanged=0 Source[0]=Fist Side=RIGHT Outstanding=0 Cleanup=0 Outcome=NO_OP_NO_OUTSTANDING
CORE RAW8_FIST_TIMING ElapsedMs=87516.123 Actor=PC_Hero Action=2 Family=POWER Motion=Hero_Stand_None_Fist_P1_PowerAttack_Hit_N_Fwd_00_%_00_P0_100_L.xmot C1=108 Raw8Fist=Fist Raw8UseType=8 AcceptedRearm=1->0 OwnershipMatched=1 Classification=NATIVE_TIMING
CORE RAW8_OPPORTUNITY_OPEN ElapsedMs=87516.153 Actor=PC_Hero Action=2 Family=POWER Motion=Hero_Stand_None_Fist_P1_PowerAttack_Hit_N_Fwd_00_%_00_P0_100_L.xmot C1=108 Raw8Fist=Fist OpportunityOrdinal=45 Reason=ACCEPTED_FIST LatchBefore=1 LatchAfter=0 LatchWriteAttempted=1 LatchWriteConfirmed=1 TimingActive=0
CORE MARKER ElapsedMs=87516.166 Actor=PC_Hero Action=2 Family=POWER Phase=1 Motion=Hero_Stand_None_Fist_P1_PowerAttack_Hit_N_Fwd_00_%_00_P0_100_L.xmot Marker=FIST Result=ACCEPTED C1Valid=1 C1=108 StatePosition=1 PreviousMask=0 DesiredMask=0 RetiredMask=0 OwnedMask=0 MarkerOwnedMask=0 Activated=0 Deactivated=0 Retired=0 RearmRequests=0 Clears=0 Raw8Fist=Fist Raw8UseType=8 Latch=1->0 LatchConfirmed=1
CORE RAW8_OPPORTUNITY_CONTACT_CONSUMED ElapsedMs=87524.058 Actor=PC_Hero Action=2 Family=POWER Motion=Hero_Stand_None_Fist_P1_PowerAttack_Hit_N_Fwd_00_%_00_P0_100_L.xmot C1=108 Raw8Fist=Fist OpportunityOrdinal=45 Reason=EXACT_NATIVE_CONTACT_DISPATCH LatchValue=1
CORE ONDAMAGE ElapsedMs=87524.094 Ordinal=25 Target=Golem Arg1=Fist Arg2=PC_Hero Caller=Game.dll+0x0016E348 PlayerAction=2 PlayerPhase=1 PlayerMotion=Hero_Stand_None_Fist_P1_PowerAttack_Hit_N_Fwd_00_%_00_P0_100_L.xmot Raw8Fist=Fist Raw8UseType=8 Raw8Group=0
CORE C1_START ElapsedMs=87530.765 Actor=Golem Generation=110 Status=CANDIDATE Outstanding=0 TrackedSources=1 ReplacedGeneration=0 ReplacedOutstanding=0 Source[0]=Fist Side=RIGHT Group=0
CORE C1_BIND ElapsedMs=87530.776 Event=COMBAT_MOVE_CANDIDATE_BOUND Actor=Golem Generation=110 Status=CANDIDATE Outstanding=0 Source=<null> Script=_AI_Stumble
CORE C1_STATUS ElapsedMs=87530.836 Event=PERSISTED Actor=Golem Generation=110 Status=PERSISTED Outstanding=0
CORE C1_FINAL ElapsedMs=87710.998 Actor=PC_Hero Generation=108 Status=PERSISTED SourceCount=1 PhysicalChanged=0 Source[0]=Fist Side=RIGHT Outstanding=0 Cleanup=0 Outcome=NO_OP_NO_OUTSTANDING
CORE C1_FINAL ElapsedMs=87865.834 Actor=Golem Generation=110 Status=PERSISTED SourceCount=1 PhysicalChanged=0 Source[0]=Fist Side=RIGHT Outstanding=0 Cleanup=0 Outcome=NO_OP_NO_OUTSTANDING
CORE C1_START ElapsedMs=88575.542 Actor=PC_Hero Generation=111 Status=CANDIDATE Outstanding=0 TrackedSources=1 ReplacedGeneration=0 ReplacedOutstanding=0 Source[0]=Fist Side=RIGHT Group=0
CORE C1_BIND ElapsedMs=88575.553 Event=COMBAT_MOVE_CANDIDATE_BOUND Actor=PC_Hero Generation=111 Status=CANDIDATE Outstanding=0 Source=<null> Script=_AI_PowerAttack
CORE C1_STATUS ElapsedMs=88575.658 Event=PERSISTED Actor=PC_Hero Generation=111 Status=PERSISTED Outstanding=0
CORE C1_START ElapsedMs=88589.247 Actor=Golem Generation=112 Status=CANDIDATE Outstanding=0 TrackedSources=1 ReplacedGeneration=0 ReplacedOutstanding=0 Source[0]=Fist Side=RIGHT Group=0
CORE C1_BIND ElapsedMs=88589.260 Event=COMBAT_MOVE_CANDIDATE_BOUND Actor=Golem Generation=112 Status=CANDIDATE Outstanding=0 Source=<null> Script=_AI_JumpBack
CORE C1_STATUS ElapsedMs=88589.322 Event=PERSISTED Actor=Golem Generation=112 Status=PERSISTED Outstanding=0
CORE C1_FINAL ElapsedMs=88636.501 Actor=PC_Hero Generation=111 Status=PERSISTED SourceCount=1 PhysicalChanged=0 Source[0]=Fist Side=RIGHT Outstanding=0 Cleanup=0 Outcome=NO_OP_NO_OUTSTANDING
CORE C1_START ElapsedMs=88637.521 Actor=PC_Hero Generation=113 Status=CANDIDATE Outstanding=0 TrackedSources=1 ReplacedGeneration=0 ReplacedOutstanding=0 Source[0]=Fist Side=RIGHT Group=0
CORE C1_BIND ElapsedMs=88637.529 Event=COMBAT_MOVE_CANDIDATE_BOUND Actor=PC_Hero Generation=113 Status=CANDIDATE Outstanding=0 Source=<null> Script=_AI_Attack
CORE C1_STATUS ElapsedMs=88637.584 Event=PERSISTED Actor=PC_Hero Generation=113 Status=PERSISTED Outstanding=0
CORE RAW8_FIST_OWNERSHIP ElapsedMs=88637.604 Actor=PC_Hero Action=1 Family=NORMAL Motion=Hero_Stand_None_Fist_P0_Attack_Hit_N_Fwd_00_%_00_P1_100_R.xmot C1=113 Raw8Fist=Fist Raw8UseType=8 InitialClose=0->1 Result=CONFIRMED
CORE ATTACK_OWNERSHIP ElapsedMs=88637.617 Actor=PC_Hero Family=NORMAL Action=1 Phase=1 Motion=Hero_Stand_None_Fist_P0_Attack_Hit_N_Fwd_00_%_00_P1_100_R.xmot MarkerPresent=1 RequiredMask=0 FistMarkers=1 Raw8Fist=Fist Raw8UseType=8 SuppressNative=0 Classification=ROUTINE
CORE RAW8_FIST_TIMING ElapsedMs=88741.930 Actor=PC_Hero Action=1 Family=NORMAL Motion=Hero_Stand_None_Fist_P0_Attack_Hit_N_Fwd_00_%_00_P1_100_R.xmot C1=113 Raw8Fist=Fist Raw8UseType=8 AcceptedRearm=1->0 OwnershipMatched=1 Classification=EARLY_PERMISSION_ARMED
CORE RAW8_OPPORTUNITY_OPEN ElapsedMs=88741.961 Actor=PC_Hero Action=1 Family=NORMAL Motion=Hero_Stand_None_Fist_P0_Attack_Hit_N_Fwd_00_%_00_P1_100_R.xmot C1=113 Raw8Fist=Fist OpportunityOrdinal=46 Reason=ACCEPTED_FIST LatchBefore=1 LatchAfter=0 LatchWriteAttempted=1 LatchWriteConfirmed=1 TimingActive=1
CORE MARKER ElapsedMs=88741.974 Actor=PC_Hero Action=1 Family=NORMAL Phase=1 Motion=Hero_Stand_None_Fist_P0_Attack_Hit_N_Fwd_00_%_00_P1_100_R.xmot Marker=FIST Result=ACCEPTED C1Valid=1 C1=113 StatePosition=0 PreviousMask=0 DesiredMask=0 RetiredMask=0 OwnedMask=0 MarkerOwnedMask=0 Activated=0 Deactivated=0 Retired=0 RearmRequests=0 Clears=0 Raw8Fist=Fist Raw8UseType=8 Latch=1->0 LatchConfirmed=1
CORE RAW8_FIST_TIMING ElapsedMs=88748.688 Actor=PC_Hero Action=1 Family=NORMAL Motion=Hero_Stand_None_Fist_P0_Attack_Hit_N_Fwd_00_%_00_P1_100_R.xmot C1=113 Raw8Fist=Fist Raw8UseType=8 PermissionApplied=1 SyntheticApplied=1 Classification=EARLY_PERMISSION_APPLIED
CORE RAW8_OPPORTUNITY_CONTACT_CONSUMED ElapsedMs=88748.829 Actor=PC_Hero Action=1 Family=NORMAL Motion=Hero_Stand_None_Fist_P0_Attack_Hit_N_Fwd_00_%_00_P1_100_R.xmot C1=113 Raw8Fist=Fist OpportunityOrdinal=46 Reason=EXACT_NATIVE_CONTACT_DISPATCH LatchValue=1
CORE RAW8_FIST_TIMING ElapsedMs=88748.846 Actor=PC_Hero C1=113 PermissionRetired=1 Reason=CONTACT_CONSUMED
CORE ONDAMAGE ElapsedMs=88748.859 Ordinal=26 Target=Golem Arg1=Fist Arg2=PC_Hero Caller=Game.dll+0x0016E348 PlayerAction=1 PlayerPhase=1 PlayerMotion=Hero_Stand_None_Fist_P0_Attack_Hit_N_Fwd_00_%_00_P1_100_R.xmot Raw8Fist=Fist Raw8UseType=8 Raw8Group=0
CORE C1_START ElapsedMs=88758.026 Actor=Golem Generation=114 Status=CANDIDATE Outstanding=0 TrackedSources=1 ReplacedGeneration=112 ReplacedOutstanding=0 Source[0]=Fist Side=RIGHT Group=0
CORE C1_BIND ElapsedMs=88758.038 Event=COMBAT_MOVE_CANDIDATE_BOUND Actor=Golem Generation=114 Status=CANDIDATE Outstanding=0 Source=<null> Script=_AI_Stumble
CORE C1_STATUS ElapsedMs=88758.098 Event=PERSISTED Actor=Golem Generation=114 Status=PERSISTED Outstanding=0
CORE COLLISION_GROUP ElapsedMs=88868.218 Source=Fist UseType=8 Owner=<unresolved> Slot=NONE Requested=7 Before=0 After=0 MarkerBitsRetired=0
CORE C1_FINAL ElapsedMs=88925.823 Actor=PC_Hero Generation=113 Status=PERSISTED SourceCount=1 PhysicalChanged=0 Source[0]=Fist Side=RIGHT Outstanding=0 Cleanup=0 Outcome=NO_OP_NO_OUTSTANDING
CORE C1_FINAL ElapsedMs=89100.066 Actor=Golem Generation=114 Status=PERSISTED SourceCount=1 PhysicalChanged=0 Source[0]=Fist Side=RIGHT Outstanding=0 Cleanup=0 Outcome=NO_OP_NO_OUTSTANDING
CORE C1_START ElapsedMs=89577.197 Actor=PC_Hero Generation=115 Status=CANDIDATE Outstanding=0 TrackedSources=1 ReplacedGeneration=0 ReplacedOutstanding=0 Source[0]=Fist Side=RIGHT Group=0
CORE C1_BIND ElapsedMs=89577.208 Event=COMBAT_MOVE_CANDIDATE_BOUND Actor=PC_Hero Generation=115 Status=CANDIDATE Outstanding=0 Source=<null> Script=_AI_PowerAttack
CORE C1_STATUS ElapsedMs=89577.281 Event=PERSISTED Actor=PC_Hero Generation=115 Status=PERSISTED Outstanding=0
CORE C1_START ElapsedMs=89583.745 Actor=Golem Generation=116 Status=CANDIDATE Outstanding=0 TrackedSources=1 ReplacedGeneration=0 ReplacedOutstanding=0 Source[0]=Fist Side=RIGHT Group=0
CORE C1_BIND ElapsedMs=89583.756 Event=COMBAT_MOVE_CANDIDATE_BOUND Actor=Golem Generation=116 Status=CANDIDATE Outstanding=0 Source=<null> Script=_AI_Attack
CORE C1_STATUS ElapsedMs=89583.813 Event=PERSISTED Actor=Golem Generation=116 Status=PERSISTED Outstanding=0
CORE ATTACK_OWNERSHIP ElapsedMs=89583.830 Actor=Golem Family=NORMAL Action=1 Phase=1 Motion=Golem_Stand_None_Fist_P0_Attack_Hit_N_Fwd_00_%_00_P0_100_R.xmot MarkerPresent=0 RequiredMask=0 FistMarkers=0 Raw8Fist=<none> Raw8UseType=-1 SuppressNative=0 Classification=ROUTINE
CORE COLLISION_GROUP ElapsedMs=89817.727 Source=Fist UseType=8 Owner=<unresolved> Slot=NONE Requested=7 Before=0 After=0 MarkerBitsRetired=0
CORE C1_BIND ElapsedMs=89848.989 Event=COMBAT_MOVE_REUSED Actor=PC_Hero Generation=115 Status=PERSISTED Outstanding=0 Source=<null> Script=_AI_PowerAttack
CORE RAW8_FIST_OWNERSHIP ElapsedMs=89849.064 Actor=PC_Hero Action=2 Family=POWER Motion=Hero_Stand_None_Fist_P1_PowerAttack_Hit_N_Fwd_00_%_00_P0_100_L.xmot C1=115 Raw8Fist=Fist Raw8UseType=8 InitialClose=0->1 Result=CONFIRMED
CORE ATTACK_OWNERSHIP ElapsedMs=89849.076 Actor=PC_Hero Family=POWER Action=2 Phase=1 Motion=Hero_Stand_None_Fist_P1_PowerAttack_Hit_N_Fwd_00_%_00_P0_100_L.xmot MarkerPresent=1 RequiredMask=0 FistMarkers=1 Raw8Fist=Fist Raw8UseType=8 SuppressNative=0 Classification=ROUTINE
CORE COLLISION_GROUP ElapsedMs=89849.106 Source=Fist UseType=8 Owner=<unresolved> Slot=NONE Requested=7 Before=0 After=0 MarkerBitsRetired=0
CORE C1_FINAL ElapsedMs=89954.644 Actor=Golem Generation=116 Status=PERSISTED SourceCount=1 PhysicalChanged=0 Source[0]=Fist Side=RIGHT Outstanding=0 Cleanup=0 Outcome=NO_OP_NO_OUTSTANDING
CORE RAW8_FIST_TIMING ElapsedMs=89954.908 Actor=PC_Hero Action=2 Family=POWER Motion=Hero_Stand_None_Fist_P1_PowerAttack_Hit_N_Fwd_00_%_00_P0_100_L.xmot C1=115 Raw8Fist=Fist Raw8UseType=8 AcceptedRearm=1->0 OwnershipMatched=1 Classification=EARLY_PERMISSION_ARMED
CORE RAW8_OPPORTUNITY_OPEN ElapsedMs=89954.921 Actor=PC_Hero Action=2 Family=POWER Motion=Hero_Stand_None_Fist_P1_PowerAttack_Hit_N_Fwd_00_%_00_P0_100_L.xmot C1=115 Raw8Fist=Fist OpportunityOrdinal=47 Reason=ACCEPTED_FIST LatchBefore=1 LatchAfter=0 LatchWriteAttempted=1 LatchWriteConfirmed=1 TimingActive=1
CORE MARKER ElapsedMs=89954.934 Actor=PC_Hero Action=2 Family=POWER Phase=1 Motion=Hero_Stand_None_Fist_P1_PowerAttack_Hit_N_Fwd_00_%_00_P0_100_L.xmot Marker=FIST Result=ACCEPTED C1Valid=1 C1=115 StatePosition=1 PreviousMask=0 DesiredMask=0 RetiredMask=0 OwnedMask=0 MarkerOwnedMask=0 Activated=0 Deactivated=0 Retired=0 RearmRequests=0 Clears=0 Raw8Fist=Fist Raw8UseType=8 Latch=1->0 LatchConfirmed=1
CORE RAW8_FIST_TIMING ElapsedMs=89961.803 Actor=PC_Hero Action=2 Family=POWER Motion=Hero_Stand_None_Fist_P1_PowerAttack_Hit_N_Fwd_00_%_00_P0_100_L.xmot C1=115 Raw8Fist=Fist Raw8UseType=8 PermissionApplied=1 SyntheticApplied=1 Classification=EARLY_PERMISSION_APPLIED
CORE RAW8_OPPORTUNITY_CONTACT_CONSUMED ElapsedMs=89961.923 Actor=PC_Hero Action=2 Family=POWER Motion=Hero_Stand_None_Fist_P1_PowerAttack_Hit_N_Fwd_00_%_00_P0_100_L.xmot C1=115 Raw8Fist=Fist OpportunityOrdinal=47 Reason=EXACT_NATIVE_CONTACT_DISPATCH LatchValue=1
CORE RAW8_FIST_TIMING ElapsedMs=89961.937 Actor=PC_Hero C1=115 PermissionRetired=1 Reason=CONTACT_CONSUMED
CORE ONDAMAGE ElapsedMs=89961.949 Ordinal=27 Target=Golem Arg1=Fist Arg2=PC_Hero Caller=Game.dll+0x0016E348 PlayerAction=2 PlayerPhase=1 PlayerMotion=Hero_Stand_None_Fist_P1_PowerAttack_Hit_N_Fwd_00_%_00_P0_100_L.xmot Raw8Fist=Fist Raw8UseType=8 Raw8Group=0
CORE C1_START ElapsedMs=89969.117 Actor=Golem Generation=117 Status=CANDIDATE Outstanding=0 TrackedSources=1 ReplacedGeneration=0 ReplacedOutstanding=0 Source[0]=Fist Side=RIGHT Group=0
CORE C1_BIND ElapsedMs=89969.128 Event=COMBAT_MOVE_CANDIDATE_BOUND Actor=Golem Generation=117 Status=CANDIDATE Outstanding=0 Source=<null> Script=_AI_Stumble
CORE C1_STATUS ElapsedMs=89969.187 Event=PERSISTED Actor=Golem Generation=117 Status=PERSISTED Outstanding=0
CORE RAW8_FIST_TIMING ElapsedMs=90282.789 Actor=PC_Hero Action=2 Family=POWER Motion=Hero_Stand_None_Fist_P1_PowerAttack_Hit_N_Fwd_00_%_00_P0_100_L.xmot C1=115 Raw8Fist=Fist Raw8UseType=8 AcceptedRearm=1->0 OwnershipMatched=1 Classification=NATIVE_TIMING
CORE RAW8_OPPORTUNITY_OPEN ElapsedMs=90282.822 Actor=PC_Hero Action=2 Family=POWER Motion=Hero_Stand_None_Fist_P1_PowerAttack_Hit_N_Fwd_00_%_00_P0_100_L.xmot C1=115 Raw8Fist=Fist OpportunityOrdinal=48 Reason=ACCEPTED_FIST LatchBefore=1 LatchAfter=0 LatchWriteAttempted=1 LatchWriteConfirmed=1 TimingActive=0
CORE MARKER ElapsedMs=90282.837 Actor=PC_Hero Action=2 Family=POWER Phase=1 Motion=Hero_Stand_None_Fist_P1_PowerAttack_Hit_N_Fwd_00_%_00_P0_100_L.xmot Marker=FIST Result=ACCEPTED C1Valid=1 C1=115 StatePosition=1 PreviousMask=0 DesiredMask=0 RetiredMask=0 OwnedMask=0 MarkerOwnedMask=0 Activated=0 Deactivated=0 Retired=0 RearmRequests=0 Clears=0 Raw8Fist=Fist Raw8UseType=8 Latch=1->0 LatchConfirmed=1
CORE RAW8_OPPORTUNITY_CONTACT_CONSUMED ElapsedMs=90289.416 Actor=PC_Hero Action=2 Family=POWER Motion=Hero_Stand_None_Fist_P1_PowerAttack_Hit_N_Fwd_00_%_00_P0_100_L.xmot C1=115 Raw8Fist=Fist OpportunityOrdinal=48 Reason=EXACT_NATIVE_CONTACT_DISPATCH LatchValue=1
CORE ONDAMAGE ElapsedMs=90289.453 Ordinal=28 Target=Golem Arg1=Fist Arg2=PC_Hero Caller=Game.dll+0x0016E348 PlayerAction=2 PlayerPhase=1 PlayerMotion=Hero_Stand_None_Fist_P1_PowerAttack_Hit_N_Fwd_00_%_00_P0_100_L.xmot Raw8Fist=Fist Raw8UseType=8 Raw8Group=0
CORE C1_BIND ElapsedMs=90297.191 Event=COMBAT_MOVE_REUSED Actor=Golem Generation=117 Status=PERSISTED Outstanding=0 Source=<null> Script=_AI_Stumble
CORE C1_FINAL ElapsedMs=90473.293 Actor=PC_Hero Generation=115 Status=PERSISTED SourceCount=1 PhysicalChanged=0 Source[0]=Fist Side=RIGHT Outstanding=0 Cleanup=0 Outcome=NO_OP_NO_OUTSTANDING
CORE C1_FINAL ElapsedMs=90640.042 Actor=Golem Generation=117 Status=PERSISTED SourceCount=1 PhysicalChanged=0 Source[0]=Fist Side=RIGHT Outstanding=0 Cleanup=0 Outcome=NO_OP_NO_OUTSTANDING
CORE C1_START ElapsedMs=91315.580 Actor=Golem Generation=118 Status=CANDIDATE Outstanding=0 TrackedSources=1 ReplacedGeneration=0 ReplacedOutstanding=0 Source[0]=Fist Side=RIGHT Group=0
CORE C1_BIND ElapsedMs=91315.591 Event=COMBAT_MOVE_CANDIDATE_BOUND Actor=Golem Generation=118 Status=CANDIDATE Outstanding=0 Source=<null> Script=_AI_Attack
CORE C1_STATUS ElapsedMs=91315.657 Event=PERSISTED Actor=Golem Generation=118 Status=PERSISTED Outstanding=0
CORE C1_START ElapsedMs=91403.658 Actor=PC_Hero Generation=119 Status=CANDIDATE Outstanding=0 TrackedSources=1 ReplacedGeneration=0 ReplacedOutstanding=0 Source[0]=Fist Side=RIGHT Group=0
CORE C1_BIND ElapsedMs=91403.670 Event=COMBAT_MOVE_CANDIDATE_BOUND Actor=PC_Hero Generation=119 Status=CANDIDATE Outstanding=0 Source=<null> Script=_AI_Attack
CORE C1_STATUS ElapsedMs=91405.842 Event=PERSISTED Actor=PC_Hero Generation=119 Status=PERSISTED Outstanding=0
CORE RAW8_FIST_OWNERSHIP ElapsedMs=91405.873 Actor=PC_Hero Action=1 Family=NORMAL Motion=Hero_Stand_None_Fist_P0_Attack_Hit_N_Fwd_00_%_00_P1_100_R.xmot C1=119 Raw8Fist=Fist Raw8UseType=8 InitialClose=0->1 Result=CONFIRMED
CORE ATTACK_OWNERSHIP ElapsedMs=91405.897 Actor=PC_Hero Family=NORMAL Action=1 Phase=1 Motion=Hero_Stand_None_Fist_P0_Attack_Hit_N_Fwd_00_%_00_P1_100_R.xmot MarkerPresent=1 RequiredMask=0 FistMarkers=1 Raw8Fist=Fist Raw8UseType=8 SuppressNative=0 Classification=ROUTINE
CORE RAW8_FIST_TIMING ElapsedMs=91507.588 Actor=PC_Hero Action=1 Family=NORMAL Motion=Hero_Stand_None_Fist_P0_Attack_Hit_N_Fwd_00_%_00_P1_100_R.xmot C1=119 Raw8Fist=Fist Raw8UseType=8 AcceptedRearm=1->0 OwnershipMatched=1 Classification=EARLY_PERMISSION_ARMED
CORE RAW8_OPPORTUNITY_OPEN ElapsedMs=91507.618 Actor=PC_Hero Action=1 Family=NORMAL Motion=Hero_Stand_None_Fist_P0_Attack_Hit_N_Fwd_00_%_00_P1_100_R.xmot C1=119 Raw8Fist=Fist OpportunityOrdinal=49 Reason=ACCEPTED_FIST LatchBefore=1 LatchAfter=0 LatchWriteAttempted=1 LatchWriteConfirmed=1 TimingActive=1
CORE MARKER ElapsedMs=91507.630 Actor=PC_Hero Action=1 Family=NORMAL Phase=1 Motion=Hero_Stand_None_Fist_P0_Attack_Hit_N_Fwd_00_%_00_P1_100_R.xmot Marker=FIST Result=ACCEPTED C1Valid=1 C1=119 StatePosition=0 PreviousMask=0 DesiredMask=0 RetiredMask=0 OwnedMask=0 MarkerOwnedMask=0 Activated=0 Deactivated=0 Retired=0 RearmRequests=0 Clears=0 Raw8Fist=Fist Raw8UseType=8 Latch=1->0 LatchConfirmed=1
CORE RAW8_FIST_TIMING ElapsedMs=91514.702 Actor=PC_Hero Action=1 Family=NORMAL Motion=Hero_Stand_None_Fist_P0_Attack_Hit_N_Fwd_00_%_00_P1_100_R.xmot C1=119 Raw8Fist=Fist Raw8UseType=8 PermissionApplied=1 SyntheticApplied=1 Classification=EARLY_PERMISSION_APPLIED
CORE RAW8_OPPORTUNITY_CONTACT_CONSUMED ElapsedMs=91514.849 Actor=PC_Hero Action=1 Family=NORMAL Motion=Hero_Stand_None_Fist_P0_Attack_Hit_N_Fwd_00_%_00_P1_100_R.xmot C1=119 Raw8Fist=Fist OpportunityOrdinal=49 Reason=EXACT_NATIVE_CONTACT_DISPATCH LatchValue=1
CORE RAW8_FIST_TIMING ElapsedMs=91514.865 Actor=PC_Hero C1=119 PermissionRetired=1 Reason=CONTACT_CONSUMED
CORE ONDAMAGE ElapsedMs=91514.879 Ordinal=29 Target=Golem Arg1=Fist Arg2=PC_Hero Caller=Game.dll+0x0016E348 PlayerAction=1 PlayerPhase=1 PlayerMotion=Hero_Stand_None_Fist_P0_Attack_Hit_N_Fwd_00_%_00_P1_100_R.xmot Raw8Fist=Fist Raw8UseType=8 Raw8Group=0
CORE C1_START ElapsedMs=91523.228 Actor=Golem Generation=120 Status=CANDIDATE Outstanding=0 TrackedSources=1 ReplacedGeneration=118 ReplacedOutstanding=0 Source[0]=Fist Side=RIGHT Group=0
CORE C1_BIND ElapsedMs=91523.239 Event=COMBAT_MOVE_CANDIDATE_BOUND Actor=Golem Generation=120 Status=CANDIDATE Outstanding=0 Source=<null> Script=_AI_Stumble
CORE C1_STATUS ElapsedMs=91523.316 Event=PERSISTED Actor=Golem Generation=120 Status=PERSISTED Outstanding=0
CORE COLLISION_GROUP ElapsedMs=91632.057 Source=Fist UseType=8 Owner=<unresolved> Slot=NONE Requested=7 Before=0 After=0 MarkerBitsRetired=0
CORE C1_FINAL ElapsedMs=91693.762 Actor=PC_Hero Generation=119 Status=PERSISTED SourceCount=1 PhysicalChanged=0 Source[0]=Fist Side=RIGHT Outstanding=0 Cleanup=0 Outcome=NO_OP_NO_OUTSTANDING
CORE C1_FINAL ElapsedMs=91867.111 Actor=Golem Generation=120 Status=PERSISTED SourceCount=1 PhysicalChanged=0 Source[0]=Fist Side=RIGHT Outstanding=0 Cleanup=0 Outcome=NO_OP_NO_OUTSTANDING
CORE C1_START ElapsedMs=92306.260 Actor=Golem Generation=121 Status=CANDIDATE Outstanding=0 TrackedSources=1 ReplacedGeneration=0 ReplacedOutstanding=0 Source[0]=Fist Side=RIGHT Group=0
CORE C1_BIND ElapsedMs=92306.272 Event=COMBAT_MOVE_CANDIDATE_BOUND Actor=Golem Generation=121 Status=CANDIDATE Outstanding=0 Source=<null> Script=_AI_Attack
CORE C1_STATUS ElapsedMs=92306.320 Event=PERSISTED Actor=Golem Generation=121 Status=PERSISTED Outstanding=0
CORE C1_START ElapsedMs=92391.022 Actor=PC_Hero Generation=122 Status=CANDIDATE Outstanding=0 TrackedSources=1 ReplacedGeneration=0 ReplacedOutstanding=0 Source[0]=Fist Side=RIGHT Group=0
CORE C1_BIND ElapsedMs=92391.034 Event=COMBAT_MOVE_CANDIDATE_BOUND Actor=PC_Hero Generation=122 Status=CANDIDATE Outstanding=0 Source=<null> Script=_AI_PowerAttack
CORE C1_STATUS ElapsedMs=92391.092 Event=PERSISTED Actor=PC_Hero Generation=122 Status=PERSISTED Outstanding=0
CORE COLLISION_GROUP ElapsedMs=92531.999 Source=Fist UseType=8 Owner=<unresolved> Slot=NONE Requested=7 Before=0 After=0 MarkerBitsRetired=0
CORE C1_BIND ElapsedMs=92656.342 Event=COMBAT_MOVE_REUSED Actor=PC_Hero Generation=122 Status=PERSISTED Outstanding=0 Source=<null> Script=_AI_PowerAttack
CORE RAW8_FIST_OWNERSHIP ElapsedMs=92656.417 Actor=PC_Hero Action=2 Family=POWER Motion=Hero_Stand_None_Fist_P1_PowerAttack_Hit_N_Fwd_00_%_00_P0_100_L.xmot C1=122 Raw8Fist=Fist Raw8UseType=8 InitialClose=0->1 Result=CONFIRMED
CORE ATTACK_OWNERSHIP ElapsedMs=92656.430 Actor=PC_Hero Family=POWER Action=2 Phase=1 Motion=Hero_Stand_None_Fist_P1_PowerAttack_Hit_N_Fwd_00_%_00_P0_100_L.xmot MarkerPresent=1 RequiredMask=0 FistMarkers=1 Raw8Fist=Fist Raw8UseType=8 SuppressNative=0 Classification=ROUTINE
CORE COLLISION_GROUP ElapsedMs=92656.462 Source=Fist UseType=8 Owner=<unresolved> Slot=NONE Requested=7 Before=0 After=0 MarkerBitsRetired=0
CORE C1_FINAL ElapsedMs=92671.549 Actor=Golem Generation=121 Status=PERSISTED SourceCount=1 PhysicalChanged=0 Source[0]=Fist Side=RIGHT Outstanding=0 Cleanup=0 Outcome=NO_OP_NO_OUTSTANDING
CORE RAW8_FIST_TIMING ElapsedMs=92759.106 Actor=PC_Hero Action=2 Family=POWER Motion=Hero_Stand_None_Fist_P1_PowerAttack_Hit_N_Fwd_00_%_00_P0_100_L.xmot C1=122 Raw8Fist=Fist Raw8UseType=8 AcceptedRearm=1->0 OwnershipMatched=1 Classification=EARLY_PERMISSION_ARMED
CORE RAW8_OPPORTUNITY_OPEN ElapsedMs=92759.138 Actor=PC_Hero Action=2 Family=POWER Motion=Hero_Stand_None_Fist_P1_PowerAttack_Hit_N_Fwd_00_%_00_P0_100_L.xmot C1=122 Raw8Fist=Fist OpportunityOrdinal=50 Reason=ACCEPTED_FIST LatchBefore=1 LatchAfter=0 LatchWriteAttempted=1 LatchWriteConfirmed=1 TimingActive=1
CORE MARKER ElapsedMs=92759.155 Actor=PC_Hero Action=2 Family=POWER Phase=1 Motion=Hero_Stand_None_Fist_P1_PowerAttack_Hit_N_Fwd_00_%_00_P0_100_L.xmot Marker=FIST Result=ACCEPTED C1Valid=1 C1=122 StatePosition=1 PreviousMask=0 DesiredMask=0 RetiredMask=0 OwnedMask=0 MarkerOwnedMask=0 Activated=0 Deactivated=0 Retired=0 RearmRequests=0 Clears=0 Raw8Fist=Fist Raw8UseType=8 Latch=1->0 LatchConfirmed=1
CORE RAW8_FIST_TIMING ElapsedMs=92766.636 Actor=PC_Hero Action=2 Family=POWER Motion=Hero_Stand_None_Fist_P1_PowerAttack_Hit_N_Fwd_00_%_00_P0_100_L.xmot C1=122 Raw8Fist=Fist Raw8UseType=8 PermissionApplied=1 SyntheticApplied=1 Classification=EARLY_PERMISSION_APPLIED
CORE RAW8_OPPORTUNITY_CONTACT_CONSUMED ElapsedMs=92766.766 Actor=PC_Hero Action=2 Family=POWER Motion=Hero_Stand_None_Fist_P1_PowerAttack_Hit_N_Fwd_00_%_00_P0_100_L.xmot C1=122 Raw8Fist=Fist OpportunityOrdinal=50 Reason=EXACT_NATIVE_CONTACT_DISPATCH LatchValue=1
CORE RAW8_FIST_TIMING ElapsedMs=92766.782 Actor=PC_Hero C1=122 PermissionRetired=1 Reason=CONTACT_CONSUMED
CORE ONDAMAGE ElapsedMs=92766.795 Ordinal=30 Target=Golem Arg1=Fist Arg2=PC_Hero Caller=Game.dll+0x0016E348 PlayerAction=2 PlayerPhase=1 PlayerMotion=Hero_Stand_None_Fist_P1_PowerAttack_Hit_N_Fwd_00_%_00_P0_100_L.xmot Raw8Fist=Fist Raw8UseType=8 Raw8Group=0
CORE C1_START ElapsedMs=92774.544 Actor=Golem Generation=123 Status=CANDIDATE Outstanding=0 TrackedSources=1 ReplacedGeneration=0 ReplacedOutstanding=0 Source[0]=Fist Side=RIGHT Group=0
CORE C1_BIND ElapsedMs=92774.555 Event=COMBAT_MOVE_CANDIDATE_BOUND Actor=Golem Generation=123 Status=CANDIDATE Outstanding=0 Source=<null> Script=_AI_Stumble
CORE C1_STATUS ElapsedMs=92774.615 Event=PERSISTED Actor=Golem Generation=123 Status=PERSISTED Outstanding=0
CORE RAW8_FIST_TIMING ElapsedMs=93082.970 Actor=PC_Hero Action=2 Family=POWER Motion=Hero_Stand_None_Fist_P1_PowerAttack_Hit_N_Fwd_00_%_00_P0_100_L.xmot C1=122 Raw8Fist=Fist Raw8UseType=8 AcceptedRearm=1->0 OwnershipMatched=1 Classification=NATIVE_TIMING
CORE RAW8_OPPORTUNITY_OPEN ElapsedMs=93083.000 Actor=PC_Hero Action=2 Family=POWER Motion=Hero_Stand_None_Fist_P1_PowerAttack_Hit_N_Fwd_00_%_00_P0_100_L.xmot C1=122 Raw8Fist=Fist OpportunityOrdinal=51 Reason=ACCEPTED_FIST LatchBefore=1 LatchAfter=0 LatchWriteAttempted=1 LatchWriteConfirmed=1 TimingActive=0
CORE MARKER ElapsedMs=93083.013 Actor=PC_Hero Action=2 Family=POWER Phase=1 Motion=Hero_Stand_None_Fist_P1_PowerAttack_Hit_N_Fwd_00_%_00_P0_100_L.xmot Marker=FIST Result=ACCEPTED C1Valid=1 C1=122 StatePosition=1 PreviousMask=0 DesiredMask=0 RetiredMask=0 OwnedMask=0 MarkerOwnedMask=0 Activated=0 Deactivated=0 Retired=0 RearmRequests=0 Clears=0 Raw8Fist=Fist Raw8UseType=8 Latch=1->0 LatchConfirmed=1
CORE RAW8_OPPORTUNITY_CONTACT_CONSUMED ElapsedMs=93091.803 Actor=PC_Hero Action=2 Family=POWER Motion=Hero_Stand_None_Fist_P1_PowerAttack_Hit_N_Fwd_00_%_00_P0_100_L.xmot C1=122 Raw8Fist=Fist OpportunityOrdinal=51 Reason=EXACT_NATIVE_CONTACT_DISPATCH LatchValue=1
CORE ONDAMAGE ElapsedMs=93091.863 Ordinal=31 Target=Golem Arg1=Fist Arg2=PC_Hero Caller=Game.dll+0x0016E348 PlayerAction=2 PlayerPhase=1 PlayerMotion=Hero_Stand_None_Fist_P1_PowerAttack_Hit_N_Fwd_00_%_00_P0_100_L.xmot Raw8Fist=Fist Raw8UseType=8 Raw8Group=0
CORE C1_BIND ElapsedMs=93100.817 Event=COMBAT_MOVE_REUSED Actor=Golem Generation=123 Status=PERSISTED Outstanding=0 Source=<null> Script=_AI_Stumble
CORE C1_FINAL ElapsedMs=93277.565 Actor=PC_Hero Generation=122 Status=PERSISTED SourceCount=1 PhysicalChanged=0 Source[0]=Fist Side=RIGHT Outstanding=0 Cleanup=0 Outcome=NO_OP_NO_OUTSTANDING
CORE C1_FINAL ElapsedMs=93438.924 Actor=Golem Generation=123 Status=PERSISTED SourceCount=1 PhysicalChanged=0 Source[0]=Fist Side=RIGHT Outstanding=0 Cleanup=0 Outcome=NO_OP_NO_OUTSTANDING
CORE C1_START ElapsedMs=94090.968 Actor=Golem Generation=124 Status=CANDIDATE Outstanding=0 TrackedSources=1 ReplacedGeneration=0 ReplacedOutstanding=0 Source[0]=Fist Side=RIGHT Group=0
CORE C1_BIND ElapsedMs=94090.980 Event=COMBAT_MOVE_CANDIDATE_BOUND Actor=Golem Generation=124 Status=CANDIDATE Outstanding=0 Source=<null> Script=_AI_Attack
CORE C1_STATUS ElapsedMs=94091.039 Event=PERSISTED Actor=Golem Generation=124 Status=PERSISTED Outstanding=0
CORE C1_START ElapsedMs=94264.627 Actor=PC_Hero Generation=125 Status=CANDIDATE Outstanding=0 TrackedSources=1 ReplacedGeneration=0 ReplacedOutstanding=0 Source[0]=Fist Side=RIGHT Group=0
CORE C1_BIND ElapsedMs=94264.639 Event=COMBAT_MOVE_CANDIDATE_BOUND Actor=PC_Hero Generation=125 Status=CANDIDATE Outstanding=0 Source=<null> Script=_AI_PowerAttack
CORE C1_STATUS ElapsedMs=94264.718 Event=PERSISTED Actor=PC_Hero Generation=125 Status=PERSISTED Outstanding=0
CORE C1_FINAL ElapsedMs=94296.511 Actor=PC_Hero Generation=125 Status=PERSISTED SourceCount=1 PhysicalChanged=0 Source[0]=Fist Side=RIGHT Outstanding=0 Cleanup=0 Outcome=NO_OP_NO_OUTSTANDING
CORE C1_START ElapsedMs=94297.597 Actor=PC_Hero Generation=126 Status=CANDIDATE Outstanding=0 TrackedSources=1 ReplacedGeneration=0 ReplacedOutstanding=0 Source[0]=Fist Side=RIGHT Group=0
CORE C1_BIND ElapsedMs=94297.606 Event=COMBAT_MOVE_CANDIDATE_BOUND Actor=PC_Hero Generation=126 Status=CANDIDATE Outstanding=0 Source=<null> Script=_AI_Attack
CORE C1_STATUS ElapsedMs=94297.933 Event=PERSISTED Actor=PC_Hero Generation=126 Status=PERSISTED Outstanding=0
CORE RAW8_FIST_OWNERSHIP ElapsedMs=94297.949 Actor=PC_Hero Action=1 Family=NORMAL Motion=Hero_Stand_None_Fist_P0_Attack_Hit_N_Fwd_00_%_00_P1_100_R.xmot C1=126 Raw8Fist=Fist Raw8UseType=8 InitialClose=0->1 Result=CONFIRMED
CORE ATTACK_OWNERSHIP ElapsedMs=94297.960 Actor=PC_Hero Family=NORMAL Action=1 Phase=1 Motion=Hero_Stand_None_Fist_P0_Attack_Hit_N_Fwd_00_%_00_P1_100_R.xmot MarkerPresent=1 RequiredMask=0 FistMarkers=1 Raw8Fist=Fist Raw8UseType=8 SuppressNative=0 Classification=ROUTINE
CORE COLLISION_GROUP ElapsedMs=94321.479 Source=Fist UseType=8 Owner=<unresolved> Slot=NONE Requested=7 Before=0 After=0 MarkerBitsRetired=0
CORE RAW8_FIST_TIMING ElapsedMs=94398.084 Actor=PC_Hero Action=1 Family=NORMAL Motion=Hero_Stand_None_Fist_P0_Attack_Hit_N_Fwd_00_%_00_P1_100_R.xmot C1=126 Raw8Fist=Fist Raw8UseType=8 AcceptedRearm=1->0 OwnershipMatched=1 Classification=EARLY_PERMISSION_ARMED
CORE RAW8_OPPORTUNITY_OPEN ElapsedMs=94398.113 Actor=PC_Hero Action=1 Family=NORMAL Motion=Hero_Stand_None_Fist_P0_Attack_Hit_N_Fwd_00_%_00_P1_100_R.xmot C1=126 Raw8Fist=Fist OpportunityOrdinal=52 Reason=ACCEPTED_FIST LatchBefore=1 LatchAfter=0 LatchWriteAttempted=1 LatchWriteConfirmed=1 TimingActive=1
CORE MARKER ElapsedMs=94398.126 Actor=PC_Hero Action=1 Family=NORMAL Phase=1 Motion=Hero_Stand_None_Fist_P0_Attack_Hit_N_Fwd_00_%_00_P1_100_R.xmot Marker=FIST Result=ACCEPTED C1Valid=1 C1=126 StatePosition=0 PreviousMask=0 DesiredMask=0 RetiredMask=0 OwnedMask=0 MarkerOwnedMask=0 Activated=0 Deactivated=0 Retired=0 RearmRequests=0 Clears=0 Raw8Fist=Fist Raw8UseType=8 Latch=1->0 LatchConfirmed=1
CORE RAW8_FIST_TIMING ElapsedMs=94405.273 Actor=PC_Hero Action=1 Family=NORMAL Motion=Hero_Stand_None_Fist_P0_Attack_Hit_N_Fwd_00_%_00_P1_100_R.xmot C1=126 Raw8Fist=Fist Raw8UseType=8 PermissionApplied=1 SyntheticApplied=1 Classification=EARLY_PERMISSION_APPLIED
CORE RAW8_OPPORTUNITY_CONTACT_CONSUMED ElapsedMs=94405.511 Actor=PC_Hero Action=1 Family=NORMAL Motion=Hero_Stand_None_Fist_P0_Attack_Hit_N_Fwd_00_%_00_P1_100_R.xmot C1=126 Raw8Fist=Fist OpportunityOrdinal=52 Reason=EXACT_NATIVE_CONTACT_DISPATCH LatchValue=1
CORE RAW8_FIST_TIMING ElapsedMs=94405.529 Actor=PC_Hero C1=126 PermissionRetired=1 Reason=CONTACT_CONSUMED
CORE ONDAMAGE ElapsedMs=94405.543 Ordinal=32 Target=Golem Arg1=Fist Arg2=PC_Hero Caller=Game.dll+0x0016E348 PlayerAction=1 PlayerPhase=1 PlayerMotion=Hero_Stand_None_Fist_P0_Attack_Hit_N_Fwd_00_%_00_P1_100_R.xmot Raw8Fist=Fist Raw8UseType=8 Raw8Group=0
CORE C1_START ElapsedMs=94412.413 Actor=Golem Generation=127 Status=CANDIDATE Outstanding=0 TrackedSources=1 ReplacedGeneration=124 ReplacedOutstanding=0 Source[0]=Fist Side=RIGHT Group=0
CORE C1_BIND ElapsedMs=94412.425 Event=COMBAT_MOVE_CANDIDATE_BOUND Actor=Golem Generation=127 Status=CANDIDATE Outstanding=0 Source=<null> Script=_AI_Stumble
CORE C1_STATUS ElapsedMs=94412.490 Event=PERSISTED Actor=Golem Generation=127 Status=PERSISTED Outstanding=0
CORE COLLISION_GROUP ElapsedMs=94528.461 Source=Fist UseType=8 Owner=<unresolved> Slot=NONE Requested=7 Before=0 After=0 MarkerBitsRetired=0
CORE C1_FINAL ElapsedMs=94592.108 Actor=PC_Hero Generation=126 Status=PERSISTED SourceCount=1 PhysicalChanged=0 Source[0]=Fist Side=RIGHT Outstanding=0 Cleanup=0 Outcome=NO_OP_NO_OUTSTANDING
CORE C1_FINAL ElapsedMs=94752.868 Actor=Golem Generation=127 Status=PERSISTED SourceCount=1 PhysicalChanged=0 Source[0]=Fist Side=RIGHT Outstanding=0 Cleanup=0 Outcome=NO_OP_NO_OUTSTANDING
CORE C1_START ElapsedMs=95175.982 Actor=Golem Generation=128 Status=CANDIDATE Outstanding=0 TrackedSources=1 ReplacedGeneration=0 ReplacedOutstanding=0 Source[0]=Fist Side=RIGHT Group=0
CORE C1_BIND ElapsedMs=95176.007 Event=COMBAT_MOVE_CANDIDATE_BOUND Actor=Golem Generation=128 Status=CANDIDATE Outstanding=0 Source=<null> Script=_AI_Attack
CORE C1_STATUS ElapsedMs=95176.078 Event=PERSISTED Actor=Golem Generation=128 Status=PERSISTED Outstanding=0
CORE C1_START ElapsedMs=95223.754 Actor=PC_Hero Generation=129 Status=CANDIDATE Outstanding=0 TrackedSources=1 ReplacedGeneration=0 ReplacedOutstanding=0 Source[0]=Fist Side=RIGHT Group=0
CORE C1_BIND ElapsedMs=95223.765 Event=COMBAT_MOVE_CANDIDATE_BOUND Actor=PC_Hero Generation=129 Status=CANDIDATE Outstanding=0 Source=<null> Script=_AI_PowerAttack
CORE C1_STATUS ElapsedMs=95223.824 Event=PERSISTED Actor=PC_Hero Generation=129 Status=PERSISTED Outstanding=0
CORE COLLISION_GROUP ElapsedMs=95402.528 Source=Fist UseType=8 Owner=<unresolved> Slot=NONE Requested=7 Before=0 After=0 MarkerBitsRetired=0
CORE C1_BIND ElapsedMs=95488.432 Event=COMBAT_MOVE_REUSED Actor=PC_Hero Generation=129 Status=PERSISTED Outstanding=0 Source=<null> Script=_AI_PowerAttack
CORE RAW8_FIST_OWNERSHIP ElapsedMs=95488.506 Actor=PC_Hero Action=2 Family=POWER Motion=Hero_Stand_None_Fist_P1_PowerAttack_Hit_N_Fwd_00_%_00_P0_100_L.xmot C1=129 Raw8Fist=Fist Raw8UseType=8 InitialClose=0->1 Result=CONFIRMED
CORE ATTACK_OWNERSHIP ElapsedMs=95488.551 Actor=PC_Hero Family=POWER Action=2 Phase=1 Motion=Hero_Stand_None_Fist_P1_PowerAttack_Hit_N_Fwd_00_%_00_P0_100_L.xmot MarkerPresent=1 RequiredMask=0 FistMarkers=1 Raw8Fist=Fist Raw8UseType=8 SuppressNative=0 Classification=ROUTINE
CORE COLLISION_GROUP ElapsedMs=95488.587 Source=Fist UseType=8 Owner=<unresolved> Slot=NONE Requested=7 Before=0 After=0 MarkerBitsRetired=0
CORE C1_FINAL ElapsedMs=95542.095 Actor=Golem Generation=128 Status=PERSISTED SourceCount=1 PhysicalChanged=0 Source[0]=Fist Side=RIGHT Outstanding=0 Cleanup=0 Outcome=NO_OP_NO_OUTSTANDING
CORE RAW8_FIST_TIMING ElapsedMs=95591.105 Actor=PC_Hero Action=2 Family=POWER Motion=Hero_Stand_None_Fist_P1_PowerAttack_Hit_N_Fwd_00_%_00_P0_100_L.xmot C1=129 Raw8Fist=Fist Raw8UseType=8 AcceptedRearm=1->0 OwnershipMatched=1 Classification=EARLY_PERMISSION_ARMED
CORE RAW8_OPPORTUNITY_OPEN ElapsedMs=95591.150 Actor=PC_Hero Action=2 Family=POWER Motion=Hero_Stand_None_Fist_P1_PowerAttack_Hit_N_Fwd_00_%_00_P0_100_L.xmot C1=129 Raw8Fist=Fist OpportunityOrdinal=53 Reason=ACCEPTED_FIST LatchBefore=1 LatchAfter=0 LatchWriteAttempted=1 LatchWriteConfirmed=1 TimingActive=1
CORE MARKER ElapsedMs=95591.179 Actor=PC_Hero Action=2 Family=POWER Phase=1 Motion=Hero_Stand_None_Fist_P1_PowerAttack_Hit_N_Fwd_00_%_00_P0_100_L.xmot Marker=FIST Result=ACCEPTED C1Valid=1 C1=129 StatePosition=1 PreviousMask=0 DesiredMask=0 RetiredMask=0 OwnedMask=0 MarkerOwnedMask=0 Activated=0 Deactivated=0 Retired=0 RearmRequests=0 Clears=0 Raw8Fist=Fist Raw8UseType=8 Latch=1->0 LatchConfirmed=1
CORE RAW8_FIST_TIMING ElapsedMs=95599.091 Actor=PC_Hero Action=2 Family=POWER Motion=Hero_Stand_None_Fist_P1_PowerAttack_Hit_N_Fwd_00_%_00_P0_100_L.xmot C1=129 Raw8Fist=Fist Raw8UseType=8 PermissionApplied=1 SyntheticApplied=1 Classification=EARLY_PERMISSION_APPLIED
CORE RAW8_OPPORTUNITY_CONTACT_CONSUMED ElapsedMs=95599.288 Actor=PC_Hero Action=2 Family=POWER Motion=Hero_Stand_None_Fist_P1_PowerAttack_Hit_N_Fwd_00_%_00_P0_100_L.xmot C1=129 Raw8Fist=Fist OpportunityOrdinal=53 Reason=EXACT_NATIVE_CONTACT_DISPATCH LatchValue=1
CORE RAW8_FIST_TIMING ElapsedMs=95599.306 Actor=PC_Hero C1=129 PermissionRetired=1 Reason=CONTACT_CONSUMED
CORE ONDAMAGE ElapsedMs=95599.319 Ordinal=33 Target=Golem Arg1=Fist Arg2=PC_Hero Caller=Game.dll+0x0016E348 PlayerAction=2 PlayerPhase=1 PlayerMotion=Hero_Stand_None_Fist_P1_PowerAttack_Hit_N_Fwd_00_%_00_P0_100_L.xmot Raw8Fist=Fist Raw8UseType=8 Raw8Group=0
CORE C1_START ElapsedMs=95606.472 Actor=Golem Generation=130 Status=CANDIDATE Outstanding=0 TrackedSources=1 ReplacedGeneration=0 ReplacedOutstanding=0 Source[0]=Fist Side=RIGHT Group=0
CORE C1_BIND ElapsedMs=95606.484 Event=COMBAT_MOVE_CANDIDATE_BOUND Actor=Golem Generation=130 Status=CANDIDATE Outstanding=0 Source=<null> Script=_AI_Stumble
CORE C1_STATUS ElapsedMs=95606.545 Event=PERSISTED Actor=Golem Generation=130 Status=PERSISTED Outstanding=0
CORE RAW8_FIST_TIMING ElapsedMs=95923.456 Actor=PC_Hero Action=2 Family=POWER Motion=Hero_Stand_None_Fist_P1_PowerAttack_Hit_N_Fwd_00_%_00_P0_100_L.xmot C1=129 Raw8Fist=Fist Raw8UseType=8 AcceptedRearm=1->0 OwnershipMatched=1 Classification=NATIVE_TIMING
CORE RAW8_OPPORTUNITY_OPEN ElapsedMs=95923.514 Actor=PC_Hero Action=2 Family=POWER Motion=Hero_Stand_None_Fist_P1_PowerAttack_Hit_N_Fwd_00_%_00_P0_100_L.xmot C1=129 Raw8Fist=Fist OpportunityOrdinal=54 Reason=ACCEPTED_FIST LatchBefore=1 LatchAfter=0 LatchWriteAttempted=1 LatchWriteConfirmed=1 TimingActive=0
CORE MARKER ElapsedMs=95923.529 Actor=PC_Hero Action=2 Family=POWER Phase=1 Motion=Hero_Stand_None_Fist_P1_PowerAttack_Hit_N_Fwd_00_%_00_P0_100_L.xmot Marker=FIST Result=ACCEPTED C1Valid=1 C1=129 StatePosition=1 PreviousMask=0 DesiredMask=0 RetiredMask=0 OwnedMask=0 MarkerOwnedMask=0 Activated=0 Deactivated=0 Retired=0 RearmRequests=0 Clears=0 Raw8Fist=Fist Raw8UseType=8 Latch=1->0 LatchConfirmed=1
CORE RAW8_OPPORTUNITY_CONTACT_CONSUMED ElapsedMs=95931.402 Actor=PC_Hero Action=2 Family=POWER Motion=Hero_Stand_None_Fist_P1_PowerAttack_Hit_N_Fwd_00_%_00_P0_100_L.xmot C1=129 Raw8Fist=Fist OpportunityOrdinal=54 Reason=EXACT_NATIVE_CONTACT_DISPATCH LatchValue=1
CORE ONDAMAGE ElapsedMs=95931.441 Ordinal=34 Target=Golem Arg1=Fist Arg2=PC_Hero Caller=Game.dll+0x0016E348 PlayerAction=2 PlayerPhase=1 PlayerMotion=Hero_Stand_None_Fist_P1_PowerAttack_Hit_N_Fwd_00_%_00_P0_100_L.xmot Raw8Fist=Fist Raw8UseType=8 Raw8Group=0
CORE C1_BIND ElapsedMs=95938.152 Event=COMBAT_MOVE_REUSED Actor=Golem Generation=130 Status=PERSISTED Outstanding=0 Source=<null> Script=_AI_Stumble
CORE C1_FINAL ElapsedMs=96112.756 Actor=PC_Hero Generation=129 Status=PERSISTED SourceCount=1 PhysicalChanged=0 Source[0]=Fist Side=RIGHT Outstanding=0 Cleanup=0 Outcome=NO_OP_NO_OUTSTANDING
CORE C1_FINAL ElapsedMs=96277.747 Actor=Golem Generation=130 Status=PERSISTED SourceCount=1 PhysicalChanged=0 Source[0]=Fist Side=RIGHT Outstanding=0 Cleanup=0 Outcome=NO_OP_NO_OUTSTANDING
CORE C1_START ElapsedMs=96981.739 Actor=Golem Generation=131 Status=CANDIDATE Outstanding=0 TrackedSources=1 ReplacedGeneration=0 ReplacedOutstanding=0 Source[0]=Fist Side=RIGHT Group=0
CORE C1_BIND ElapsedMs=96981.751 Event=COMBAT_MOVE_CANDIDATE_BOUND Actor=Golem Generation=131 Status=CANDIDATE Outstanding=0 Source=<null> Script=_AI_Attack
CORE C1_STATUS ElapsedMs=96981.836 Event=PERSISTED Actor=Golem Generation=131 Status=PERSISTED Outstanding=0
CORE COLLISION_GROUP ElapsedMs=97213.571 Source=Fist UseType=8 Owner=<unresolved> Slot=NONE Requested=7 Before=0 After=0 MarkerBitsRetired=0
CORE C1_START ElapsedMs=97270.033 Actor=PC_Hero Generation=132 Status=CANDIDATE Outstanding=0 TrackedSources=1 ReplacedGeneration=0 ReplacedOutstanding=0 Source[0]=Fist Side=RIGHT Group=0
CORE C1_BIND ElapsedMs=97270.044 Event=COMBAT_MOVE_CANDIDATE_BOUND Actor=PC_Hero Generation=132 Status=CANDIDATE Outstanding=0 Source=<null> Script=_AI_PowerAttack
CORE C1_STATUS ElapsedMs=97270.164 Event=PERSISTED Actor=PC_Hero Generation=132 Status=PERSISTED Outstanding=0
CORE C1_FINAL ElapsedMs=97339.886 Actor=PC_Hero Generation=132 Status=PERSISTED SourceCount=1 PhysicalChanged=0 Source[0]=Fist Side=RIGHT Outstanding=0 Cleanup=0 Outcome=NO_OP_NO_OUTSTANDING
CORE C1_START ElapsedMs=97340.837 Actor=PC_Hero Generation=133 Status=CANDIDATE Outstanding=0 TrackedSources=1 ReplacedGeneration=0 ReplacedOutstanding=0 Source[0]=Fist Side=RIGHT Group=0
CORE C1_BIND ElapsedMs=97340.845 Event=COMBAT_MOVE_CANDIDATE_BOUND Actor=PC_Hero Generation=133 Status=CANDIDATE Outstanding=0 Source=<null> Script=_AI_Attack
CORE C1_STATUS ElapsedMs=97340.902 Event=PERSISTED Actor=PC_Hero Generation=133 Status=PERSISTED Outstanding=0
CORE RAW8_FIST_OWNERSHIP ElapsedMs=97340.914 Actor=PC_Hero Action=1 Family=NORMAL Motion=Hero_Stand_None_Fist_P0_Attack_Hit_N_Fwd_00_%_00_P1_100_R.xmot C1=133 Raw8Fist=Fist Raw8UseType=8 InitialClose=0->1 Result=CONFIRMED
CORE ATTACK_OWNERSHIP ElapsedMs=97340.924 Actor=PC_Hero Family=NORMAL Action=1 Phase=1 Motion=Hero_Stand_None_Fist_P0_Attack_Hit_N_Fwd_00_%_00_P1_100_R.xmot MarkerPresent=1 RequiredMask=0 FistMarkers=1 Raw8Fist=Fist Raw8UseType=8 SuppressNative=0 Classification=ROUTINE
CORE C1_FINAL ElapsedMs=97347.617 Actor=Golem Generation=131 Status=PERSISTED SourceCount=1 PhysicalChanged=0 Source[0]=Fist Side=RIGHT Outstanding=0 Cleanup=0 Outcome=NO_OP_NO_OUTSTANDING
CORE RAW8_FIST_TIMING ElapsedMs=97443.255 Actor=PC_Hero Action=1 Family=NORMAL Motion=Hero_Stand_None_Fist_P0_Attack_Hit_N_Fwd_00_%_00_P1_100_R.xmot C1=133 Raw8Fist=Fist Raw8UseType=8 AcceptedRearm=1->0 OwnershipMatched=1 Classification=EARLY_PERMISSION_ARMED
CORE RAW8_OPPORTUNITY_OPEN ElapsedMs=97443.283 Actor=PC_Hero Action=1 Family=NORMAL Motion=Hero_Stand_None_Fist_P0_Attack_Hit_N_Fwd_00_%_00_P1_100_R.xmot C1=133 Raw8Fist=Fist OpportunityOrdinal=55 Reason=ACCEPTED_FIST LatchBefore=1 LatchAfter=0 LatchWriteAttempted=1 LatchWriteConfirmed=1 TimingActive=1
CORE MARKER ElapsedMs=97443.297 Actor=PC_Hero Action=1 Family=NORMAL Phase=1 Motion=Hero_Stand_None_Fist_P0_Attack_Hit_N_Fwd_00_%_00_P1_100_R.xmot Marker=FIST Result=ACCEPTED C1Valid=1 C1=133 StatePosition=0 PreviousMask=0 DesiredMask=0 RetiredMask=0 OwnedMask=0 MarkerOwnedMask=0 Activated=0 Deactivated=0 Retired=0 RearmRequests=0 Clears=0 Raw8Fist=Fist Raw8UseType=8 Latch=1->0 LatchConfirmed=1
CORE RAW8_FIST_TIMING ElapsedMs=97451.629 Actor=PC_Hero Action=1 Family=NORMAL Motion=Hero_Stand_None_Fist_P0_Attack_Hit_N_Fwd_00_%_00_P1_100_R.xmot C1=133 Raw8Fist=Fist Raw8UseType=8 PermissionApplied=1 SyntheticApplied=1 Classification=EARLY_PERMISSION_APPLIED
CORE RAW8_OPPORTUNITY_CONTACT_CONSUMED ElapsedMs=97451.755 Actor=PC_Hero Action=1 Family=NORMAL Motion=Hero_Stand_None_Fist_P0_Attack_Hit_N_Fwd_00_%_00_P1_100_R.xmot C1=133 Raw8Fist=Fist OpportunityOrdinal=55 Reason=EXACT_NATIVE_CONTACT_DISPATCH LatchValue=1
CORE RAW8_FIST_TIMING ElapsedMs=97451.771 Actor=PC_Hero C1=133 PermissionRetired=1 Reason=CONTACT_CONSUMED
CORE ONDAMAGE ElapsedMs=97451.785 Ordinal=35 Target=Golem Arg1=Fist Arg2=PC_Hero Caller=Game.dll+0x0016E348 PlayerAction=1 PlayerPhase=1 PlayerMotion=Hero_Stand_None_Fist_P0_Attack_Hit_N_Fwd_00_%_00_P1_100_R.xmot Raw8Fist=Fist Raw8UseType=8 Raw8Group=0
CORE C1_START ElapsedMs=97458.514 Actor=Golem Generation=134 Status=CANDIDATE Outstanding=0 TrackedSources=1 ReplacedGeneration=0 ReplacedOutstanding=0 Source[0]=Fist Side=RIGHT Group=0
CORE C1_BIND ElapsedMs=97458.525 Event=COMBAT_MOVE_CANDIDATE_BOUND Actor=Golem Generation=134 Status=CANDIDATE Outstanding=0 Source=<null> Script=_AI_Stumble
CORE C1_STATUS ElapsedMs=97458.585 Event=PERSISTED Actor=Golem Generation=134 Status=PERSISTED Outstanding=0
CORE COLLISION_GROUP ElapsedMs=97567.425 Source=Fist UseType=8 Owner=<unresolved> Slot=NONE Requested=7 Before=0 After=0 MarkerBitsRetired=0
CORE C1_FINAL ElapsedMs=97638.281 Actor=PC_Hero Generation=133 Status=PERSISTED SourceCount=1 PhysicalChanged=0 Source[0]=Fist Side=RIGHT Outstanding=0 Cleanup=0 Outcome=NO_OP_NO_OUTSTANDING
CORE C1_FINAL ElapsedMs=97797.684 Actor=Golem Generation=134 Status=PERSISTED SourceCount=1 PhysicalChanged=0 Source[0]=Fist Side=RIGHT Outstanding=0 Cleanup=0 Outcome=NO_OP_NO_OUTSTANDING
CORE C1_START ElapsedMs=98456.798 Actor=PC_Hero Generation=135 Status=CANDIDATE Outstanding=0 TrackedSources=1 ReplacedGeneration=0 ReplacedOutstanding=0 Source[0]=Fist Side=RIGHT Group=0
CORE C1_BIND ElapsedMs=98456.811 Event=COMBAT_MOVE_CANDIDATE_BOUND Actor=PC_Hero Generation=135 Status=CANDIDATE Outstanding=0 Source=<null> Script=_AI_PowerAttack
CORE C1_STATUS ElapsedMs=98456.874 Event=PERSISTED Actor=PC_Hero Generation=135 Status=PERSISTED Outstanding=0
CORE C1_START ElapsedMs=98473.550 Actor=Golem Generation=136 Status=CANDIDATE Outstanding=0 TrackedSources=1 ReplacedGeneration=0 ReplacedOutstanding=0 Source[0]=Fist Side=RIGHT Group=0
CORE C1_BIND ElapsedMs=98473.563 Event=COMBAT_MOVE_CANDIDATE_BOUND Actor=Golem Generation=136 Status=CANDIDATE Outstanding=0 Source=<null> Script=_AI_JumpBack
CORE C1_STATUS ElapsedMs=98473.653 Event=PERSISTED Actor=Golem Generation=136 Status=PERSISTED Outstanding=0
CORE C1_BIND ElapsedMs=98728.912 Event=COMBAT_MOVE_REUSED Actor=PC_Hero Generation=135 Status=PERSISTED Outstanding=0 Source=<null> Script=_AI_PowerAttack
CORE RAW8_FIST_OWNERSHIP ElapsedMs=98728.991 Actor=PC_Hero Action=2 Family=POWER Motion=Hero_Stand_None_Fist_P1_PowerAttack_Hit_N_Fwd_00_%_00_P0_100_L.xmot C1=135 Raw8Fist=Fist Raw8UseType=8 InitialClose=0->1 Result=CONFIRMED
CORE ATTACK_OWNERSHIP ElapsedMs=98729.005 Actor=PC_Hero Family=POWER Action=2 Phase=1 Motion=Hero_Stand_None_Fist_P1_PowerAttack_Hit_N_Fwd_00_%_00_P0_100_L.xmot MarkerPresent=1 RequiredMask=0 FistMarkers=1 Raw8Fist=Fist Raw8UseType=8 SuppressNative=0 Classification=ROUTINE
CORE COLLISION_GROUP ElapsedMs=98729.039 Source=Fist UseType=8 Owner=<unresolved> Slot=NONE Requested=7 Before=0 After=0 MarkerBitsRetired=0
CORE RAW8_FIST_TIMING ElapsedMs=98831.573 Actor=PC_Hero Action=2 Family=POWER Motion=Hero_Stand_None_Fist_P1_PowerAttack_Hit_N_Fwd_00_%_00_P0_100_L.xmot C1=135 Raw8Fist=Fist Raw8UseType=8 AcceptedRearm=1->0 OwnershipMatched=1 Classification=EARLY_PERMISSION_ARMED
CORE RAW8_OPPORTUNITY_OPEN ElapsedMs=98831.602 Actor=PC_Hero Action=2 Family=POWER Motion=Hero_Stand_None_Fist_P1_PowerAttack_Hit_N_Fwd_00_%_00_P0_100_L.xmot C1=135 Raw8Fist=Fist OpportunityOrdinal=56 Reason=ACCEPTED_FIST LatchBefore=1 LatchAfter=0 LatchWriteAttempted=1 LatchWriteConfirmed=1 TimingActive=1
CORE MARKER ElapsedMs=98831.616 Actor=PC_Hero Action=2 Family=POWER Phase=1 Motion=Hero_Stand_None_Fist_P1_PowerAttack_Hit_N_Fwd_00_%_00_P0_100_L.xmot Marker=FIST Result=ACCEPTED C1Valid=1 C1=135 StatePosition=1 PreviousMask=0 DesiredMask=0 RetiredMask=0 OwnedMask=0 MarkerOwnedMask=0 Activated=0 Deactivated=0 Retired=0 RearmRequests=0 Clears=0 Raw8Fist=Fist Raw8UseType=8 Latch=1->0 LatchConfirmed=1
CORE RAW8_FIST_TIMING ElapsedMs=98840.302 Actor=PC_Hero Action=2 Family=POWER Motion=Hero_Stand_None_Fist_P1_PowerAttack_Hit_N_Fwd_00_%_00_P0_100_L.xmot C1=135 Raw8Fist=Fist Raw8UseType=8 PermissionApplied=1 SyntheticApplied=1 Classification=EARLY_PERMISSION_APPLIED
CORE RAW8_OPPORTUNITY_MISS_REARM ElapsedMs=98840.340 Actor=PC_Hero Action=2 Family=POWER Motion=Hero_Stand_None_Fist_P1_PowerAttack_Hit_N_Fwd_00_%_00_P0_100_L.xmot C1=135 Raw8Fist=Fist OpportunityOrdinal=56 Reason=NO_CONTACT_DISPATCH FullStop=0 LatchBefore=1 LatchAfter=0 LatchWriteAttempted=1 LatchWriteConfirmed=1
CORE RAW8_OPPORTUNITY_MISS_REARM ElapsedMs=98847.465 Actor=PC_Hero Action=2 Family=POWER Motion=Hero_Stand_None_Fist_P1_PowerAttack_Hit_N_Fwd_00_%_00_P0_100_L.xmot C1=135 Raw8Fist=Fist OpportunityOrdinal=56 Reason=NO_CONTACT_DISPATCH FullStop=0 LatchBefore=1 LatchAfter=0 LatchWriteAttempted=1 LatchWriteConfirmed=1
CORE RAW8_OPPORTUNITY_MISS_REARM ElapsedMs=98856.462 Actor=PC_Hero Action=2 Family=POWER Motion=Hero_Stand_None_Fist_P1_PowerAttack_Hit_N_Fwd_00_%_00_P0_100_L.xmot C1=135 Raw8Fist=Fist OpportunityOrdinal=56 Reason=NO_CONTACT_DISPATCH FullStop=0 LatchBefore=1 LatchAfter=0 LatchWriteAttempted=1 LatchWriteConfirmed=1
CORE RAW8_OPPORTUNITY_MISS_REARM ElapsedMs=98864.043 Actor=PC_Hero Action=2 Family=POWER Motion=Hero_Stand_None_Fist_P1_PowerAttack_Hit_N_Fwd_00_%_00_P0_100_L.xmot C1=135 Raw8Fist=Fist OpportunityOrdinal=56 Reason=NO_CONTACT_DISPATCH FullStop=0 LatchBefore=1 LatchAfter=0 LatchWriteAttempted=1 LatchWriteConfirmed=1
CORE RAW8_OPPORTUNITY_MISS_REARM ElapsedMs=98872.132 Actor=PC_Hero Action=2 Family=POWER Motion=Hero_Stand_None_Fist_P1_PowerAttack_Hit_N_Fwd_00_%_00_P0_100_L.xmot C1=135 Raw8Fist=Fist OpportunityOrdinal=56 Reason=NO_CONTACT_DISPATCH FullStop=0 LatchBefore=1 LatchAfter=0 LatchWriteAttempted=1 LatchWriteConfirmed=1
CORE RAW8_OPPORTUNITY_MISS_REARM ElapsedMs=98879.184 Actor=PC_Hero Action=2 Family=POWER Motion=Hero_Stand_None_Fist_P1_PowerAttack_Hit_N_Fwd_00_%_00_P0_100_L.xmot C1=135 Raw8Fist=Fist OpportunityOrdinal=56 Reason=NO_CONTACT_DISPATCH FullStop=0 LatchBefore=1 LatchAfter=0 LatchWriteAttempted=1 LatchWriteConfirmed=1
CORE RAW8_OPPORTUNITY_MISS_REARM ElapsedMs=98888.096 Actor=PC_Hero Action=2 Family=POWER Motion=Hero_Stand_None_Fist_P1_PowerAttack_Hit_N_Fwd_00_%_00_P0_100_L.xmot C1=135 Raw8Fist=Fist OpportunityOrdinal=56 Reason=NO_CONTACT_DISPATCH FullStop=0 LatchBefore=1 LatchAfter=0 LatchWriteAttempted=1 LatchWriteConfirmed=1
CORE RAW8_OPPORTUNITY_MISS_REARM ElapsedMs=98894.804 Actor=PC_Hero Action=2 Family=POWER Motion=Hero_Stand_None_Fist_P1_PowerAttack_Hit_N_Fwd_00_%_00_P0_100_L.xmot C1=135 Raw8Fist=Fist OpportunityOrdinal=56 Reason=NO_CONTACT_DISPATCH FullStop=0 LatchBefore=1 LatchAfter=0 LatchWriteAttempted=1 LatchWriteConfirmed=1
CORE RAW8_OPPORTUNITY_MISS_REARM ElapsedMs=98902.294 Actor=PC_Hero Action=2 Family=POWER Motion=Hero_Stand_None_Fist_P1_PowerAttack_Hit_N_Fwd_00_%_00_P0_100_L.xmot C1=135 Raw8Fist=Fist OpportunityOrdinal=56 Reason=NO_CONTACT_DISPATCH FullStop=0 LatchBefore=1 LatchAfter=0 LatchWriteAttempted=1 LatchWriteConfirmed=1
CORE C1_FINAL ElapsedMs=98911.032 Actor=Golem Generation=136 Status=PERSISTED SourceCount=1 PhysicalChanged=0 Source[0]=Fist Side=RIGHT Outstanding=0 Cleanup=0 Outcome=NO_OP_NO_OUTSTANDING
CORE RAW8_OPPORTUNITY_MISS_REARM ElapsedMs=98911.309 Actor=PC_Hero Action=2 Family=POWER Motion=Hero_Stand_None_Fist_P1_PowerAttack_Hit_N_Fwd_00_%_00_P0_100_L.xmot C1=135 Raw8Fist=Fist OpportunityOrdinal=56 Reason=NO_CONTACT_DISPATCH FullStop=0 LatchBefore=1 LatchAfter=0 LatchWriteAttempted=1 LatchWriteConfirmed=1
CORE C1_START ElapsedMs=98918.174 Actor=Golem Generation=137 Status=CANDIDATE Outstanding=0 TrackedSources=1 ReplacedGeneration=0 ReplacedOutstanding=0 Source[0]=Fist Side=RIGHT Group=0
CORE C1_BIND ElapsedMs=98918.185 Event=COMBAT_MOVE_CANDIDATE_BOUND Actor=Golem Generation=137 Status=CANDIDATE Outstanding=0 Source=<null> Script=_AI_PowerAttack
CORE C1_STATUS ElapsedMs=98918.246 Event=PERSISTED Actor=Golem Generation=137 Status=PERSISTED Outstanding=0
CORE RAW8_OPPORTUNITY_MISS_REARM ElapsedMs=98918.476 Actor=PC_Hero Action=2 Family=POWER Motion=Hero_Stand_None_Fist_P1_PowerAttack_Hit_N_Fwd_00_%_00_P0_100_L.xmot C1=135 Raw8Fist=Fist OpportunityOrdinal=56 Reason=NO_CONTACT_DISPATCH FullStop=0 LatchBefore=1 LatchAfter=0 LatchWriteAttempted=1 LatchWriteConfirmed=1
CORE RAW8_OPPORTUNITY_MISS_REARM ElapsedMs=98927.016 Actor=PC_Hero Action=2 Family=POWER Motion=Hero_Stand_None_Fist_P1_PowerAttack_Hit_N_Fwd_00_%_00_P0_100_L.xmot C1=135 Raw8Fist=Fist OpportunityOrdinal=56 Reason=NO_CONTACT_DISPATCH FullStop=0 LatchBefore=1 LatchAfter=0 LatchWriteAttempted=1 LatchWriteConfirmed=1
CORE RAW8_OPPORTUNITY_MISS_REARM ElapsedMs=98934.697 Actor=PC_Hero Action=2 Family=POWER Motion=Hero_Stand_None_Fist_P1_PowerAttack_Hit_N_Fwd_00_%_00_P0_100_L.xmot C1=135 Raw8Fist=Fist OpportunityOrdinal=56 Reason=NO_CONTACT_DISPATCH FullStop=0 LatchBefore=1 LatchAfter=0 LatchWriteAttempted=1 LatchWriteConfirmed=1
CORE RAW8_OPPORTUNITY_MISS_REARM ElapsedMs=98943.304 Actor=PC_Hero Action=2 Family=POWER Motion=Hero_Stand_None_Fist_P1_PowerAttack_Hit_N_Fwd_00_%_00_P0_100_L.xmot C1=135 Raw8Fist=Fist OpportunityOrdinal=56 Reason=NO_CONTACT_DISPATCH FullStop=0 LatchBefore=1 LatchAfter=0 LatchWriteAttempted=1 LatchWriteConfirmed=1
CORE RAW8_OPPORTUNITY_MISS_REARM ElapsedMs=98949.680 Actor=PC_Hero Action=2 Family=POWER Motion=Hero_Stand_None_Fist_P1_PowerAttack_Hit_N_Fwd_00_%_00_P0_100_L.xmot C1=135 Raw8Fist=Fist OpportunityOrdinal=56 Reason=NO_CONTACT_DISPATCH FullStop=0 LatchBefore=1 LatchAfter=0 LatchWriteAttempted=1 LatchWriteConfirmed=1
CORE RAW8_OPPORTUNITY_MISS_REARM ElapsedMs=98957.946 Actor=PC_Hero Action=2 Family=POWER Motion=Hero_Stand_None_Fist_P1_PowerAttack_Hit_N_Fwd_00_%_00_P0_100_L.xmot C1=135 Raw8Fist=Fist OpportunityOrdinal=56 Reason=NO_CONTACT_DISPATCH FullStop=0 LatchBefore=1 LatchAfter=0 LatchWriteAttempted=1 LatchWriteConfirmed=1
CORE RAW8_OPPORTUNITY_MISS_REARM ElapsedMs=98965.016 Actor=PC_Hero Action=2 Family=POWER Motion=Hero_Stand_None_Fist_P1_PowerAttack_Hit_N_Fwd_00_%_00_P0_100_L.xmot C1=135 Raw8Fist=Fist OpportunityOrdinal=56 Reason=NO_CONTACT_DISPATCH FullStop=0 LatchBefore=1 LatchAfter=0 LatchWriteAttempted=1 LatchWriteConfirmed=1
CORE RAW8_OPPORTUNITY_MISS_REARM ElapsedMs=98972.242 Actor=PC_Hero Action=2 Family=POWER Motion=Hero_Stand_None_Fist_P1_PowerAttack_Hit_N_Fwd_00_%_00_P0_100_L.xmot C1=135 Raw8Fist=Fist OpportunityOrdinal=56 Reason=NO_CONTACT_DISPATCH FullStop=0 LatchBefore=1 LatchAfter=0 LatchWriteAttempted=1 LatchWriteConfirmed=1
CORE RAW8_OPPORTUNITY_MISS_REARM ElapsedMs=98980.938 Actor=PC_Hero Action=2 Family=POWER Motion=Hero_Stand_None_Fist_P1_PowerAttack_Hit_N_Fwd_00_%_00_P0_100_L.xmot C1=135 Raw8Fist=Fist OpportunityOrdinal=56 Reason=NO_CONTACT_DISPATCH FullStop=0 LatchBefore=1 LatchAfter=0 LatchWriteAttempted=1 LatchWriteConfirmed=1
CORE RAW8_OPPORTUNITY_MISS_REARM ElapsedMs=98987.589 Actor=PC_Hero Action=2 Family=POWER Motion=Hero_Stand_None_Fist_P1_PowerAttack_Hit_N_Fwd_00_%_00_P0_100_L.xmot C1=135 Raw8Fist=Fist OpportunityOrdinal=56 Reason=NO_CONTACT_DISPATCH FullStop=0 LatchBefore=1 LatchAfter=0 LatchWriteAttempted=1 LatchWriteConfirmed=1
CORE RAW8_OPPORTUNITY_MISS_REARM ElapsedMs=98996.290 Actor=PC_Hero Action=2 Family=POWER Motion=Hero_Stand_None_Fist_P1_PowerAttack_Hit_N_Fwd_00_%_00_P0_100_L.xmot C1=135 Raw8Fist=Fist OpportunityOrdinal=56 Reason=NO_CONTACT_DISPATCH FullStop=0 LatchBefore=1 LatchAfter=0 LatchWriteAttempted=1 LatchWriteConfirmed=1
CORE RAW8_OPPORTUNITY_MISS_REARM ElapsedMs=99002.641 Actor=PC_Hero Action=2 Family=POWER Motion=Hero_Stand_None_Fist_P1_PowerAttack_Hit_N_Fwd_00_%_00_P0_100_L.xmot C1=135 Raw8Fist=Fist OpportunityOrdinal=56 Reason=NO_CONTACT_DISPATCH FullStop=0 LatchBefore=1 LatchAfter=0 LatchWriteAttempted=1 LatchWriteConfirmed=1
CORE RAW8_OPPORTUNITY_MISS_REARM ElapsedMs=99010.577 Actor=PC_Hero Action=2 Family=POWER Motion=Hero_Stand_None_Fist_P1_PowerAttack_Hit_N_Fwd_00_%_00_P0_100_L.xmot C1=135 Raw8Fist=Fist OpportunityOrdinal=56 Reason=NO_CONTACT_DISPATCH FullStop=0 LatchBefore=1 LatchAfter=0 LatchWriteAttempted=1 LatchWriteConfirmed=1
CORE RAW8_OPPORTUNITY_MISS_REARM ElapsedMs=99019.089 Actor=PC_Hero Action=2 Family=POWER Motion=Hero_Stand_None_Fist_P1_PowerAttack_Hit_N_Fwd_00_%_00_P0_100_L.xmot C1=135 Raw8Fist=Fist OpportunityOrdinal=56 Reason=NO_CONTACT_DISPATCH FullStop=0 LatchBefore=1 LatchAfter=0 LatchWriteAttempted=1 LatchWriteConfirmed=1
CORE RAW8_OPPORTUNITY_MISS_REARM ElapsedMs=99026.124 Actor=PC_Hero Action=2 Family=POWER Motion=Hero_Stand_None_Fist_P1_PowerAttack_Hit_N_Fwd_00_%_00_P0_100_L.xmot C1=135 Raw8Fist=Fist OpportunityOrdinal=56 Reason=NO_CONTACT_DISPATCH FullStop=0 LatchBefore=1 LatchAfter=0 LatchWriteAttempted=1 LatchWriteConfirmed=1
CORE RAW8_OPPORTUNITY_MISS_REARM ElapsedMs=99034.181 Actor=PC_Hero Action=2 Family=POWER Motion=Hero_Stand_None_Fist_P1_PowerAttack_Hit_N_Fwd_00_%_00_P0_100_L.xmot C1=135 Raw8Fist=Fist OpportunityOrdinal=56 Reason=NO_CONTACT_DISPATCH FullStop=0 LatchBefore=1 LatchAfter=0 LatchWriteAttempted=1 LatchWriteConfirmed=1
CORE RAW8_OPPORTUNITY_MISS_REARM ElapsedMs=99041.452 Actor=PC_Hero Action=2 Family=POWER Motion=Hero_Stand_None_Fist_P1_PowerAttack_Hit_N_Fwd_00_%_00_P0_100_L.xmot C1=135 Raw8Fist=Fist OpportunityOrdinal=56 Reason=NO_CONTACT_DISPATCH FullStop=0 LatchBefore=1 LatchAfter=0 LatchWriteAttempted=1 LatchWriteConfirmed=1
CORE RAW8_OPPORTUNITY_MISS_REARM ElapsedMs=99050.072 Actor=PC_Hero Action=2 Family=POWER Motion=Hero_Stand_None_Fist_P1_PowerAttack_Hit_N_Fwd_00_%_00_P0_100_L.xmot C1=135 Raw8Fist=Fist OpportunityOrdinal=56 Reason=NO_CONTACT_DISPATCH FullStop=0 LatchBefore=1 LatchAfter=0 LatchWriteAttempted=1 LatchWriteConfirmed=1
CORE RAW8_OPPORTUNITY_MISS_REARM ElapsedMs=99057.444 Actor=PC_Hero Action=2 Family=POWER Motion=Hero_Stand_None_Fist_P1_PowerAttack_Hit_N_Fwd_00_%_00_P0_100_L.xmot C1=135 Raw8Fist=Fist OpportunityOrdinal=56 Reason=NO_CONTACT_DISPATCH FullStop=0 LatchBefore=1 LatchAfter=0 LatchWriteAttempted=1 LatchWriteConfirmed=1
CORE RAW8_OPPORTUNITY_MISS_REARM ElapsedMs=99066.029 Actor=PC_Hero Action=2 Family=POWER Motion=Hero_Stand_None_Fist_P1_PowerAttack_Hit_N_Fwd_00_%_00_P0_100_L.xmot C1=135 Raw8Fist=Fist OpportunityOrdinal=56 Reason=NO_CONTACT_DISPATCH FullStop=0 LatchBefore=1 LatchAfter=0 LatchWriteAttempted=1 LatchWriteConfirmed=1
CORE RAW8_OPPORTUNITY_MISS_REARM ElapsedMs=99072.573 Actor=PC_Hero Action=2 Family=POWER Motion=Hero_Stand_None_Fist_P1_PowerAttack_Hit_N_Fwd_00_%_00_P0_100_L.xmot C1=135 Raw8Fist=Fist OpportunityOrdinal=56 Reason=NO_CONTACT_DISPATCH FullStop=0 LatchBefore=1 LatchAfter=0 LatchWriteAttempted=1 LatchWriteConfirmed=1
CORE RAW8_OPPORTUNITY_MISS_REARM ElapsedMs=99080.598 Actor=PC_Hero Action=2 Family=POWER Motion=Hero_Stand_None_Fist_P1_PowerAttack_Hit_N_Fwd_00_%_00_P0_100_L.xmot C1=135 Raw8Fist=Fist OpportunityOrdinal=56 Reason=NO_CONTACT_DISPATCH FullStop=0 LatchBefore=1 LatchAfter=0 LatchWriteAttempted=1 LatchWriteConfirmed=1
CORE RAW8_OPPORTUNITY_MISS_REARM ElapsedMs=99089.065 Actor=PC_Hero Action=2 Family=POWER Motion=Hero_Stand_None_Fist_P1_PowerAttack_Hit_N_Fwd_00_%_00_P0_100_L.xmot C1=135 Raw8Fist=Fist OpportunityOrdinal=56 Reason=NO_CONTACT_DISPATCH FullStop=0 LatchBefore=1 LatchAfter=0 LatchWriteAttempted=1 LatchWriteConfirmed=1
CORE RAW8_OPPORTUNITY_MISS_REARM ElapsedMs=99096.152 Actor=PC_Hero Action=2 Family=POWER Motion=Hero_Stand_None_Fist_P1_PowerAttack_Hit_N_Fwd_00_%_00_P0_100_L.xmot C1=135 Raw8Fist=Fist OpportunityOrdinal=56 Reason=NO_CONTACT_DISPATCH FullStop=0 LatchBefore=1 LatchAfter=0 LatchWriteAttempted=1 LatchWriteConfirmed=1
CORE RAW8_FIST_TIMING ElapsedMs=99105.076 Actor=PC_Hero C1=135 PermissionRetired=1 Reason=REAL_TIME_REACHED_FORCED_VALUE
CORE RAW8_OPPORTUNITY_MISS_REARM ElapsedMs=99105.109 Actor=PC_Hero Action=2 Family=POWER Motion=Hero_Stand_None_Fist_P1_PowerAttack_Hit_N_Fwd_00_%_00_P0_100_L.xmot C1=135 Raw8Fist=Fist OpportunityOrdinal=56 Reason=NO_CONTACT_DISPATCH FullStop=0 LatchBefore=1 LatchAfter=0 LatchWriteAttempted=1 LatchWriteConfirmed=1
CORE RAW8_OPPORTUNITY_MISS_REARM ElapsedMs=99111.904 Actor=PC_Hero Action=2 Family=POWER Motion=Hero_Stand_None_Fist_P1_PowerAttack_Hit_N_Fwd_00_%_00_P0_100_L.xmot C1=135 Raw8Fist=Fist OpportunityOrdinal=56 Reason=NO_CONTACT_DISPATCH FullStop=0 LatchBefore=1 LatchAfter=0 LatchWriteAttempted=1 LatchWriteConfirmed=1
CORE RAW8_OPPORTUNITY_MISS_REARM ElapsedMs=99119.255 Actor=PC_Hero Action=2 Family=POWER Motion=Hero_Stand_None_Fist_P1_PowerAttack_Hit_N_Fwd_00_%_00_P0_100_L.xmot C1=135 Raw8Fist=Fist OpportunityOrdinal=56 Reason=NO_CONTACT_DISPATCH FullStop=0 LatchBefore=1 LatchAfter=0 LatchWriteAttempted=1 LatchWriteConfirmed=1
CORE RAW8_OPPORTUNITY_MISS_REARM ElapsedMs=99127.966 Actor=PC_Hero Action=2 Family=POWER Motion=Hero_Stand_None_Fist_P1_PowerAttack_Hit_N_Fwd_00_%_00_P0_100_L.xmot C1=135 Raw8Fist=Fist OpportunityOrdinal=56 Reason=NO_CONTACT_DISPATCH FullStop=0 LatchBefore=1 LatchAfter=0 LatchWriteAttempted=1 LatchWriteConfirmed=1
CORE RAW8_OPPORTUNITY_MISS_REARM ElapsedMs=99134.440 Actor=PC_Hero Action=2 Family=POWER Motion=Hero_Stand_None_Fist_P1_PowerAttack_Hit_N_Fwd_00_%_00_P0_100_L.xmot C1=135 Raw8Fist=Fist OpportunityOrdinal=56 Reason=NO_CONTACT_DISPATCH FullStop=0 LatchBefore=1 LatchAfter=0 LatchWriteAttempted=1 LatchWriteConfirmed=1
CORE RAW8_OPPORTUNITY_MISS_REARM ElapsedMs=99144.565 Actor=PC_Hero Action=2 Family=POWER Motion=Hero_Stand_None_Fist_P1_PowerAttack_Hit_N_Fwd_00_%_00_P0_100_L.xmot C1=135 Raw8Fist=Fist OpportunityOrdinal=56 Reason=NO_CONTACT_DISPATCH FullStop=0 LatchBefore=1 LatchAfter=0 LatchWriteAttempted=1 LatchWriteConfirmed=1
CORE RAW8_OPPORTUNITY_MISS_REARM ElapsedMs=99150.804 Actor=PC_Hero Action=2 Family=POWER Motion=Hero_Stand_None_Fist_P1_PowerAttack_Hit_N_Fwd_00_%_00_P0_100_L.xmot C1=135 Raw8Fist=Fist OpportunityOrdinal=56 Reason=NO_CONTACT_DISPATCH FullStop=0 LatchBefore=1 LatchAfter=0 LatchWriteAttempted=1 LatchWriteConfirmed=1
CORE RAW8_OPPORTUNITY_MISS_REARM ElapsedMs=99160.293 Actor=PC_Hero Action=2 Family=POWER Motion=Hero_Stand_None_Fist_P1_PowerAttack_Hit_N_Fwd_00_%_00_P0_100_L.xmot C1=135 Raw8Fist=Fist OpportunityOrdinal=56 Reason=NO_CONTACT_DISPATCH FullStop=0 LatchBefore=1 LatchAfter=0 LatchWriteAttempted=1 LatchWriteConfirmed=1
CORE RAW8_FIST_TIMING ElapsedMs=99160.414 Actor=PC_Hero Action=2 Family=POWER Motion=Hero_Stand_None_Fist_P1_PowerAttack_Hit_N_Fwd_00_%_00_P0_100_L.xmot C1=135 Raw8Fist=Fist Raw8UseType=8 AcceptedRearm=0->0 OwnershipMatched=1 Classification=NATIVE_TIMING
CORE RAW8_OPPORTUNITY_OPEN ElapsedMs=99160.425 Actor=PC_Hero Action=2 Family=POWER Motion=Hero_Stand_None_Fist_P1_PowerAttack_Hit_N_Fwd_00_%_00_P0_100_L.xmot C1=135 Raw8Fist=Fist OpportunityOrdinal=57 Reason=ACCEPTED_FIST LatchBefore=0 LatchAfter=0 LatchWriteAttempted=1 LatchWriteConfirmed=1 TimingActive=0
CORE MARKER ElapsedMs=99160.438 Actor=PC_Hero Action=2 Family=POWER Phase=1 Motion=Hero_Stand_None_Fist_P1_PowerAttack_Hit_N_Fwd_00_%_00_P0_100_L.xmot Marker=FIST Result=ACCEPTED C1Valid=1 C1=135 StatePosition=1 PreviousMask=0 DesiredMask=0 RetiredMask=0 OwnedMask=0 MarkerOwnedMask=0 Activated=0 Deactivated=0 Retired=0 RearmRequests=0 Clears=0 Raw8Fist=Fist Raw8UseType=8 Latch=0->0 LatchConfirmed=1
CORE RAW8_OPPORTUNITY_MISS_REARM ElapsedMs=99167.198 Actor=PC_Hero Action=2 Family=POWER Motion=Hero_Stand_None_Fist_P1_PowerAttack_Hit_N_Fwd_00_%_00_P0_100_L.xmot C1=135 Raw8Fist=Fist OpportunityOrdinal=57 Reason=NO_CONTACT_DISPATCH FullStop=0 LatchBefore=1 LatchAfter=0 LatchWriteAttempted=1 LatchWriteConfirmed=1
CORE RAW8_OPPORTUNITY_MISS_REARM ElapsedMs=99176.032 Actor=PC_Hero Action=2 Family=POWER Motion=Hero_Stand_None_Fist_P1_PowerAttack_Hit_N_Fwd_00_%_00_P0_100_L.xmot C1=135 Raw8Fist=Fist OpportunityOrdinal=57 Reason=NO_CONTACT_DISPATCH FullStop=0 LatchBefore=1 LatchAfter=0 LatchWriteAttempted=1 LatchWriteConfirmed=1
CORE RAW8_OPPORTUNITY_MISS_REARM ElapsedMs=99183.085 Actor=PC_Hero Action=2 Family=POWER Motion=Hero_Stand_None_Fist_P1_PowerAttack_Hit_N_Fwd_00_%_00_P0_100_L.xmot C1=135 Raw8Fist=Fist OpportunityOrdinal=57 Reason=NO_CONTACT_DISPATCH FullStop=0 LatchBefore=1 LatchAfter=0 LatchWriteAttempted=1 LatchWriteConfirmed=1
CORE RAW8_OPPORTUNITY_MISS_REARM ElapsedMs=99190.482 Actor=PC_Hero Action=2 Family=POWER Motion=Hero_Stand_None_Fist_P1_PowerAttack_Hit_N_Fwd_00_%_00_P0_100_L.xmot C1=135 Raw8Fist=Fist OpportunityOrdinal=57 Reason=NO_CONTACT_DISPATCH FullStop=0 LatchBefore=1 LatchAfter=0 LatchWriteAttempted=1 LatchWriteConfirmed=1
CORE RAW8_OPPORTUNITY_MISS_REARM ElapsedMs=99199.952 Actor=PC_Hero Action=2 Family=POWER Motion=Hero_Stand_None_Fist_P1_PowerAttack_Hit_N_Fwd_00_%_00_P0_100_L.xmot C1=135 Raw8Fist=Fist OpportunityOrdinal=57 Reason=NO_CONTACT_DISPATCH FullStop=0 LatchBefore=1 LatchAfter=0 LatchWriteAttempted=1 LatchWriteConfirmed=1
CORE RAW8_OPPORTUNITY_MISS_REARM ElapsedMs=99209.277 Actor=PC_Hero Action=2 Family=POWER Motion=Hero_Stand_None_Fist_P1_PowerAttack_Hit_N_Fwd_00_%_00_P0_100_L.xmot C1=135 Raw8Fist=Fist OpportunityOrdinal=57 Reason=NO_CONTACT_DISPATCH FullStop=0 LatchBefore=1 LatchAfter=0 LatchWriteAttempted=1 LatchWriteConfirmed=1
CORE RAW8_OPPORTUNITY_MISS_REARM ElapsedMs=99216.454 Actor=PC_Hero Action=2 Family=POWER Motion=Hero_Stand_None_Fist_P1_PowerAttack_Hit_N_Fwd_00_%_00_P0_100_L.xmot C1=135 Raw8Fist=Fist OpportunityOrdinal=57 Reason=NO_CONTACT_DISPATCH FullStop=0 LatchBefore=1 LatchAfter=0 LatchWriteAttempted=1 LatchWriteConfirmed=1
CORE RAW8_OPPORTUNITY_MISS_REARM ElapsedMs=99226.090 Actor=PC_Hero Action=2 Family=POWER Motion=Hero_Stand_None_Fist_P1_PowerAttack_Hit_N_Fwd_00_%_00_P0_100_L.xmot C1=135 Raw8Fist=Fist OpportunityOrdinal=57 Reason=NO_CONTACT_DISPATCH FullStop=0 LatchBefore=1 LatchAfter=0 LatchWriteAttempted=1 LatchWriteConfirmed=1
CORE RAW8_OPPORTUNITY_MISS_REARM ElapsedMs=99233.100 Actor=PC_Hero Action=2 Family=POWER Motion=Hero_Stand_None_Fist_P1_PowerAttack_Hit_N_Fwd_00_%_00_P0_100_L.xmot C1=135 Raw8Fist=Fist OpportunityOrdinal=57 Reason=NO_CONTACT_DISPATCH FullStop=0 LatchBefore=1 LatchAfter=0 LatchWriteAttempted=1 LatchWriteConfirmed=1
CORE C1_BIND ElapsedMs=99241.592 Event=COMBAT_MOVE_REUSED Actor=Golem Generation=137 Status=PERSISTED Outstanding=0 Source=<null> Script=_AI_PowerAttack
CORE ATTACK_OWNERSHIP ElapsedMs=99241.667 Actor=Golem Family=POWER Action=2 Phase=1 Motion=Golem_Stand_None_Fist_P0_PowerAttack_Hit_N_Fwd_00_%_00_P0_100_R.xmot MarkerPresent=0 RequiredMask=0 FistMarkers=0 Raw8Fist=<none> Raw8UseType=-1 SuppressNative=0 Classification=ROUTINE
CORE COLLISION_GROUP ElapsedMs=99241.684 Source=Fist UseType=8 Owner=<unresolved> Slot=NONE Requested=7 Before=0 After=0 MarkerBitsRetired=0
CORE RAW8_OPPORTUNITY_MISS_REARM ElapsedMs=99242.426 Actor=PC_Hero Action=2 Family=POWER Motion=Hero_Stand_None_Fist_P1_PowerAttack_Hit_N_Fwd_00_%_00_P0_100_L.xmot C1=135 Raw8Fist=Fist OpportunityOrdinal=57 Reason=NO_CONTACT_DISPATCH FullStop=0 LatchBefore=1 LatchAfter=0 LatchWriteAttempted=1 LatchWriteConfirmed=1
CORE RAW8_OPPORTUNITY_MISS_REARM ElapsedMs=99249.258 Actor=PC_Hero Action=2 Family=POWER Motion=Hero_Stand_None_Fist_P1_PowerAttack_Hit_N_Fwd_00_%_00_P0_100_L.xmot C1=135 Raw8Fist=Fist OpportunityOrdinal=57 Reason=NO_CONTACT_DISPATCH FullStop=0 LatchBefore=1 LatchAfter=0 LatchWriteAttempted=1 LatchWriteConfirmed=1
CORE RAW8_OPPORTUNITY_MISS_REARM ElapsedMs=99259.045 Actor=PC_Hero Action=2 Family=POWER Motion=Hero_Stand_None_Fist_P1_PowerAttack_Hit_N_Fwd_00_%_00_P0_100_L.xmot C1=135 Raw8Fist=Fist OpportunityOrdinal=57 Reason=NO_CONTACT_DISPATCH FullStop=0 LatchBefore=1 LatchAfter=0 LatchWriteAttempted=1 LatchWriteConfirmed=1
CORE RAW8_OPPORTUNITY_MISS_REARM ElapsedMs=99266.638 Actor=PC_Hero Action=2 Family=POWER Motion=Hero_Stand_None_Fist_P1_PowerAttack_Hit_N_Fwd_00_%_00_P0_100_L.xmot C1=135 Raw8Fist=Fist OpportunityOrdinal=57 Reason=NO_CONTACT_DISPATCH FullStop=0 LatchBefore=1 LatchAfter=0 LatchWriteAttempted=1 LatchWriteConfirmed=1
CORE RAW8_OPPORTUNITY_MISS_REARM ElapsedMs=99275.933 Actor=PC_Hero Action=2 Family=POWER Motion=Hero_Stand_None_Fist_P1_PowerAttack_Hit_N_Fwd_00_%_00_P0_100_L.xmot C1=135 Raw8Fist=Fist OpportunityOrdinal=57 Reason=NO_CONTACT_DISPATCH FullStop=0 LatchBefore=1 LatchAfter=0 LatchWriteAttempted=1 LatchWriteConfirmed=1
CORE RAW8_OPPORTUNITY_MISS_REARM ElapsedMs=99283.152 Actor=PC_Hero Action=2 Family=POWER Motion=Hero_Stand_None_Fist_P1_PowerAttack_Hit_N_Fwd_00_%_00_P0_100_L.xmot C1=135 Raw8Fist=Fist OpportunityOrdinal=57 Reason=NO_CONTACT_DISPATCH FullStop=0 LatchBefore=1 LatchAfter=0 LatchWriteAttempted=1 LatchWriteConfirmed=1
CORE RAW8_OPPORTUNITY_MISS_REARM ElapsedMs=99291.654 Actor=PC_Hero Action=2 Family=POWER Motion=Hero_Stand_None_Fist_P1_PowerAttack_Hit_N_Fwd_00_%_00_P0_100_L.xmot C1=135 Raw8Fist=Fist OpportunityOrdinal=57 Reason=NO_CONTACT_DISPATCH FullStop=0 LatchBefore=1 LatchAfter=0 LatchWriteAttempted=1 LatchWriteConfirmed=1
CORE RAW8_OPPORTUNITY_MISS_REARM ElapsedMs=99299.652 Actor=PC_Hero Action=2 Family=POWER Motion=Hero_Stand_None_Fist_P1_PowerAttack_Hit_N_Fwd_00_%_00_P0_100_L.xmot C1=135 Raw8Fist=Fist OpportunityOrdinal=57 Reason=NO_CONTACT_DISPATCH FullStop=0 LatchBefore=1 LatchAfter=0 LatchWriteAttempted=1 LatchWriteConfirmed=1
CORE RAW8_OPPORTUNITY_MISS_REARM ElapsedMs=99307.712 Actor=PC_Hero Action=2 Family=POWER Motion=Hero_Stand_None_Fist_P1_PowerAttack_Hit_N_Fwd_00_%_00_P0_100_L.xmot C1=135 Raw8Fist=Fist OpportunityOrdinal=57 Reason=NO_CONTACT_DISPATCH FullStop=0 LatchBefore=1 LatchAfter=0 LatchWriteAttempted=1 LatchWriteConfirmed=1
CORE RAW8_OPPORTUNITY_MISS_REARM ElapsedMs=99314.833 Actor=PC_Hero Action=2 Family=POWER Motion=Hero_Stand_None_Fist_P1_PowerAttack_Hit_N_Fwd_00_%_00_P0_100_L.xmot C1=135 Raw8Fist=Fist OpportunityOrdinal=57 Reason=NO_CONTACT_DISPATCH FullStop=0 LatchBefore=1 LatchAfter=0 LatchWriteAttempted=1 LatchWriteConfirmed=1
CORE RAW8_OPPORTUNITY_MISS_REARM ElapsedMs=99322.444 Actor=PC_Hero Action=2 Family=POWER Motion=Hero_Stand_None_Fist_P1_PowerAttack_Hit_N_Fwd_00_%_00_P0_100_L.xmot C1=135 Raw8Fist=Fist OpportunityOrdinal=57 Reason=NO_CONTACT_DISPATCH FullStop=0 LatchBefore=1 LatchAfter=0 LatchWriteAttempted=1 LatchWriteConfirmed=1
CORE RAW8_OPPORTUNITY_MISS_REARM ElapsedMs=99329.566 Actor=PC_Hero Action=2 Family=POWER Motion=Hero_Stand_None_Fist_P1_PowerAttack_Hit_N_Fwd_00_%_00_P0_100_L.xmot C1=135 Raw8Fist=Fist OpportunityOrdinal=57 Reason=NO_CONTACT_DISPATCH FullStop=0 LatchBefore=1 LatchAfter=0 LatchWriteAttempted=1 LatchWriteConfirmed=1
CORE RAW8_OPPORTUNITY_MISS_REARM ElapsedMs=99340.194 Actor=PC_Hero Action=2 Family=POWER Motion=Hero_Stand_None_Fist_P1_PowerAttack_Hit_N_Fwd_00_%_00_P0_100_L.xmot C1=135 Raw8Fist=Fist OpportunityOrdinal=57 Reason=NO_CONTACT_DISPATCH FullStop=0 LatchBefore=1 LatchAfter=0 LatchWriteAttempted=1 LatchWriteConfirmed=1
CORE RAW8_OPPORTUNITY_CONTACT_CONSUMED ElapsedMs=99347.212 Actor=PC_Hero Action=2 Family=POWER Motion=Hero_Stand_None_Fist_P1_PowerAttack_Hit_N_Fwd_00_%_00_P0_100_L.xmot C1=135 Raw8Fist=Fist OpportunityOrdinal=57 Reason=EXACT_NATIVE_CONTACT_DISPATCH LatchValue=1
CORE ONDAMAGE ElapsedMs=99347.250 Ordinal=36 Target=Golem Arg1=Fist Arg2=PC_Hero Caller=Game.dll+0x0016E348 PlayerAction=2 PlayerPhase=1 PlayerMotion=Hero_Stand_None_Fist_P1_PowerAttack_Hit_N_Fwd_00_%_00_P0_100_L.xmot Raw8Fist=Fist Raw8UseType=8 Raw8Group=0
CORE C1_START ElapsedMs=99355.309 Actor=Golem Generation=138 Status=CANDIDATE Outstanding=0 TrackedSources=1 ReplacedGeneration=137 ReplacedOutstanding=0 Source[0]=Fist Side=RIGHT Group=0
CORE C1_BIND ElapsedMs=99355.321 Event=COMBAT_MOVE_CANDIDATE_BOUND Actor=Golem Generation=138 Status=CANDIDATE Outstanding=0 Source=<null> Script=_AI_Stumble
CORE C1_STATUS ElapsedMs=99355.381 Event=PERSISTED Actor=Golem Generation=138 Status=PERSISTED Outstanding=0
CORE C1_FINAL ElapsedMs=99356.231 Actor=PC_Hero Generation=135 Status=PERSISTED SourceCount=1 PhysicalChanged=0 Source[0]=Fist Side=RIGHT Outstanding=0 Cleanup=0 Outcome=NO_OP_NO_OUTSTANDING
CORE C1_FINAL ElapsedMs=99699.365 Actor=Golem Generation=138 Status=PERSISTED SourceCount=1 PhysicalChanged=0 Source[0]=Fist Side=RIGHT Outstanding=0 Cleanup=0 Outcome=NO_OP_NO_OUTSTANDING
CORE C1_START ElapsedMs=100134.023 Actor=Golem Generation=139 Status=CANDIDATE Outstanding=0 TrackedSources=1 ReplacedGeneration=0 ReplacedOutstanding=0 Source[0]=Fist Side=RIGHT Group=0
CORE C1_BIND ElapsedMs=100134.035 Event=COMBAT_MOVE_CANDIDATE_BOUND Actor=Golem Generation=139 Status=CANDIDATE Outstanding=0 Source=<null> Script=_AI_Attack
CORE C1_STATUS ElapsedMs=100134.088 Event=PERSISTED Actor=Golem Generation=139 Status=PERSISTED Outstanding=0
CORE ATTACK_OWNERSHIP ElapsedMs=100134.103 Actor=Golem Family=NORMAL Action=1 Phase=1 Motion=Golem_Stand_None_Fist_P0_Attack_Hit_N_Fwd_00_%_00_P0_100_R.xmot MarkerPresent=0 RequiredMask=0 FistMarkers=0 Raw8Fist=<none> Raw8UseType=-1 SuppressNative=0 Classification=ROUTINE
CORE C1_START ElapsedMs=100134.769 Actor=PC_Hero Generation=140 Status=CANDIDATE Outstanding=0 TrackedSources=1 ReplacedGeneration=0 ReplacedOutstanding=0 Source[0]=Fist Side=RIGHT Group=0
CORE C1_BIND ElapsedMs=100134.776 Event=COMBAT_MOVE_CANDIDATE_BOUND Actor=PC_Hero Generation=140 Status=CANDIDATE Outstanding=0 Source=<null> Script=_AI_PowerAttack
CORE C1_STATUS ElapsedMs=100134.818 Event=PERSISTED Actor=PC_Hero Generation=140 Status=PERSISTED Outstanding=0
CORE C1_FINAL ElapsedMs=100155.773 Actor=PC_Hero Generation=140 Status=PERSISTED SourceCount=1 PhysicalChanged=0 Source[0]=Fist Side=RIGHT Outstanding=0 Cleanup=0 Outcome=NO_OP_NO_OUTSTANDING
CORE C1_START ElapsedMs=100156.779 Actor=PC_Hero Generation=141 Status=CANDIDATE Outstanding=0 TrackedSources=1 ReplacedGeneration=0 ReplacedOutstanding=0 Source[0]=Fist Side=RIGHT Group=0
CORE C1_BIND ElapsedMs=100156.788 Event=COMBAT_MOVE_CANDIDATE_BOUND Actor=PC_Hero Generation=141 Status=CANDIDATE Outstanding=0 Source=<null> Script=_AI_Attack
CORE C1_STATUS ElapsedMs=100156.849 Event=PERSISTED Actor=PC_Hero Generation=141 Status=PERSISTED Outstanding=0
CORE RAW8_FIST_OWNERSHIP ElapsedMs=100156.863 Actor=PC_Hero Action=1 Family=NORMAL Motion=Hero_Stand_None_Fist_P0_Attack_Hit_N_Fwd_00_%_00_P1_100_R.xmot C1=141 Raw8Fist=Fist Raw8UseType=8 InitialClose=0->1 Result=CONFIRMED
CORE ATTACK_OWNERSHIP ElapsedMs=100156.874 Actor=PC_Hero Family=NORMAL Action=1 Phase=1 Motion=Hero_Stand_None_Fist_P0_Attack_Hit_N_Fwd_00_%_00_P1_100_R.xmot MarkerPresent=1 RequiredMask=0 FistMarkers=1 Raw8Fist=Fist Raw8UseType=8 SuppressNative=0 Classification=ROUTINE
CORE RAW8_FIST_TIMING ElapsedMs=100264.653 Actor=PC_Hero Action=1 Family=NORMAL Motion=Hero_Stand_None_Fist_P0_Attack_Hit_N_Fwd_00_%_00_P1_100_R.xmot C1=141 Raw8Fist=Fist Raw8UseType=8 AcceptedRearm=1->0 OwnershipMatched=1 Classification=EARLY_PERMISSION_ARMED
CORE RAW8_OPPORTUNITY_OPEN ElapsedMs=100264.681 Actor=PC_Hero Action=1 Family=NORMAL Motion=Hero_Stand_None_Fist_P0_Attack_Hit_N_Fwd_00_%_00_P1_100_R.xmot C1=141 Raw8Fist=Fist OpportunityOrdinal=58 Reason=ACCEPTED_FIST LatchBefore=1 LatchAfter=0 LatchWriteAttempted=1 LatchWriteConfirmed=1 TimingActive=1
CORE MARKER ElapsedMs=100264.694 Actor=PC_Hero Action=1 Family=NORMAL Phase=1 Motion=Hero_Stand_None_Fist_P0_Attack_Hit_N_Fwd_00_%_00_P1_100_R.xmot Marker=FIST Result=ACCEPTED C1Valid=1 C1=141 StatePosition=0 PreviousMask=0 DesiredMask=0 RetiredMask=0 OwnedMask=0 MarkerOwnedMask=0 Activated=0 Deactivated=0 Retired=0 RearmRequests=0 Clears=0 Raw8Fist=Fist Raw8UseType=8 Latch=1->0 LatchConfirmed=1
CORE RAW8_FIST_TIMING ElapsedMs=100271.274 Actor=PC_Hero Action=1 Family=NORMAL Motion=Hero_Stand_None_Fist_P0_Attack_Hit_N_Fwd_00_%_00_P1_100_R.xmot C1=141 Raw8Fist=Fist Raw8UseType=8 PermissionApplied=1 SyntheticApplied=1 Classification=EARLY_PERMISSION_APPLIED
CORE RAW8_OPPORTUNITY_CONTACT_CONSUMED ElapsedMs=100271.417 Actor=PC_Hero Action=1 Family=NORMAL Motion=Hero_Stand_None_Fist_P0_Attack_Hit_N_Fwd_00_%_00_P1_100_R.xmot C1=141 Raw8Fist=Fist OpportunityOrdinal=58 Reason=EXACT_NATIVE_CONTACT_DISPATCH LatchValue=1
CORE RAW8_FIST_TIMING ElapsedMs=100271.434 Actor=PC_Hero C1=141 PermissionRetired=1 Reason=CONTACT_CONSUMED
CORE ONDAMAGE ElapsedMs=100271.448 Ordinal=37 Target=Golem Arg1=Fist Arg2=PC_Hero Caller=Game.dll+0x0016E348 PlayerAction=1 PlayerPhase=1 PlayerMotion=Hero_Stand_None_Fist_P0_Attack_Hit_N_Fwd_00_%_00_P1_100_R.xmot Raw8Fist=Fist Raw8UseType=8 Raw8Group=0
CORE C1_START ElapsedMs=100280.516 Actor=Golem Generation=142 Status=CANDIDATE Outstanding=0 TrackedSources=1 ReplacedGeneration=139 ReplacedOutstanding=0 Source[0]=Fist Side=RIGHT Group=0
CORE C1_BIND ElapsedMs=100280.528 Event=COMBAT_MOVE_CANDIDATE_BOUND Actor=Golem Generation=142 Status=CANDIDATE Outstanding=0 Source=<null> Script=_AI_Stumble
CORE C1_STATUS ElapsedMs=100280.591 Event=PERSISTED Actor=Golem Generation=142 Status=PERSISTED Outstanding=0
CORE COLLISION_GROUP ElapsedMs=100389.387 Source=Fist UseType=8 Owner=<unresolved> Slot=NONE Requested=7 Before=0 After=0 MarkerBitsRetired=0
CORE C1_FINAL ElapsedMs=100451.028 Actor=PC_Hero Generation=141 Status=PERSISTED SourceCount=1 PhysicalChanged=0 Source[0]=Fist Side=RIGHT Outstanding=0 Cleanup=0 Outcome=NO_OP_NO_OUTSTANDING
CORE C1_FINAL ElapsedMs=100615.569 Actor=Golem Generation=142 Status=PERSISTED SourceCount=1 PhysicalChanged=0 Source[0]=Fist Side=RIGHT Outstanding=0 Cleanup=0 Outcome=NO_OP_NO_OUTSTANDING
CORE C1_START ElapsedMs=100695.572 Actor=PC_Hero Generation=143 Status=CANDIDATE Outstanding=0 TrackedSources=1 ReplacedGeneration=0 ReplacedOutstanding=0 Source[0]=Fist Side=RIGHT Group=0
CORE C1_BIND ElapsedMs=100695.584 Event=COMBAT_MOVE_CANDIDATE_BOUND Actor=PC_Hero Generation=143 Status=CANDIDATE Outstanding=0 Source=<null> Script=_AI_PowerAttack
CORE C1_STATUS ElapsedMs=100695.648 Event=PERSISTED Actor=PC_Hero Generation=143 Status=PERSISTED Outstanding=0
CORE C1_START ElapsedMs=100705.793 Actor=Golem Generation=144 Status=CANDIDATE Outstanding=0 TrackedSources=1 ReplacedGeneration=0 ReplacedOutstanding=0 Source[0]=Fist Side=RIGHT Group=0
CORE C1_BIND ElapsedMs=100705.804 Event=COMBAT_MOVE_CANDIDATE_BOUND Actor=Golem Generation=144 Status=CANDIDATE Outstanding=0 Source=<null> Script=_AI_PowerAttack
CORE C1_STATUS ElapsedMs=100705.853 Event=PERSISTED Actor=Golem Generation=144 Status=PERSISTED Outstanding=0
CORE C1_BIND ElapsedMs=100961.112 Event=COMBAT_MOVE_REUSED Actor=PC_Hero Generation=143 Status=PERSISTED Outstanding=0 Source=<null> Script=_AI_PowerAttack
CORE RAW8_FIST_OWNERSHIP ElapsedMs=100961.325 Actor=PC_Hero Action=2 Family=POWER Motion=Hero_Stand_None_Fist_P1_PowerAttack_Hit_N_Fwd_00_%_00_P0_100_L.xmot C1=143 Raw8Fist=Fist Raw8UseType=8 InitialClose=0->1 Result=CONFIRMED
CORE ATTACK_OWNERSHIP ElapsedMs=100961.338 Actor=PC_Hero Family=POWER Action=2 Phase=1 Motion=Hero_Stand_None_Fist_P1_PowerAttack_Hit_N_Fwd_00_%_00_P0_100_L.xmot MarkerPresent=1 RequiredMask=0 FistMarkers=1 Raw8Fist=Fist Raw8UseType=8 SuppressNative=0 Classification=ROUTINE
CORE COLLISION_GROUP ElapsedMs=100961.367 Source=Fist UseType=8 Owner=<unresolved> Slot=NONE Requested=7 Before=0 After=0 MarkerBitsRetired=0
CORE C1_BIND ElapsedMs=101022.880 Event=COMBAT_MOVE_REUSED Actor=Golem Generation=144 Status=PERSISTED Outstanding=0 Source=<null> Script=_AI_PowerAttack
CORE ATTACK_OWNERSHIP ElapsedMs=101022.988 Actor=Golem Family=SPRINT Action=9 Phase=1 Motion=Golem_Stand_None_Fist_P0_PowerAttack_Hit_N_Fwd_00_%_00_P0_100_R.xmot MarkerPresent=0 RequiredMask=0 FistMarkers=0 Raw8Fist=<none> Raw8UseType=-1 SuppressNative=0 Classification=ROUTINE
CORE COLLISION_GROUP ElapsedMs=101023.003 Source=Fist UseType=8 Owner=<unresolved> Slot=NONE Requested=7 Before=0 After=0 MarkerBitsRetired=0
CORE RAW8_FIST_TIMING ElapsedMs=101060.922 Actor=PC_Hero Action=2 Family=POWER Motion=Hero_Stand_None_Fist_P1_PowerAttack_Hit_N_Fwd_00_%_00_P0_100_L.xmot C1=143 Raw8Fist=Fist Raw8UseType=8 AcceptedRearm=1->0 OwnershipMatched=1 Classification=EARLY_PERMISSION_ARMED
CORE RAW8_OPPORTUNITY_OPEN ElapsedMs=101060.950 Actor=PC_Hero Action=2 Family=POWER Motion=Hero_Stand_None_Fist_P1_PowerAttack_Hit_N_Fwd_00_%_00_P0_100_L.xmot C1=143 Raw8Fist=Fist OpportunityOrdinal=59 Reason=ACCEPTED_FIST LatchBefore=1 LatchAfter=0 LatchWriteAttempted=1 LatchWriteConfirmed=1 TimingActive=1
CORE MARKER ElapsedMs=101060.963 Actor=PC_Hero Action=2 Family=POWER Phase=1 Motion=Hero_Stand_None_Fist_P1_PowerAttack_Hit_N_Fwd_00_%_00_P0_100_L.xmot Marker=FIST Result=ACCEPTED C1Valid=1 C1=143 StatePosition=1 PreviousMask=0 DesiredMask=0 RetiredMask=0 OwnedMask=0 MarkerOwnedMask=0 Activated=0 Deactivated=0 Retired=0 RearmRequests=0 Clears=0 Raw8Fist=Fist Raw8UseType=8 Latch=1->0 LatchConfirmed=1
CORE RAW8_FIST_TIMING ElapsedMs=101069.047 Actor=PC_Hero Action=2 Family=POWER Motion=Hero_Stand_None_Fist_P1_PowerAttack_Hit_N_Fwd_00_%_00_P0_100_L.xmot C1=143 Raw8Fist=Fist Raw8UseType=8 PermissionApplied=1 SyntheticApplied=1 Classification=EARLY_PERMISSION_APPLIED
CORE RAW8_OPPORTUNITY_MISS_REARM ElapsedMs=101069.084 Actor=PC_Hero Action=2 Family=POWER Motion=Hero_Stand_None_Fist_P1_PowerAttack_Hit_N_Fwd_00_%_00_P0_100_L.xmot C1=143 Raw8Fist=Fist OpportunityOrdinal=59 Reason=NO_CONTACT_DISPATCH FullStop=0 LatchBefore=1 LatchAfter=0 LatchWriteAttempted=1 LatchWriteConfirmed=1
CORE RAW8_OPPORTUNITY_MISS_REARM ElapsedMs=101075.884 Actor=PC_Hero Action=2 Family=POWER Motion=Hero_Stand_None_Fist_P1_PowerAttack_Hit_N_Fwd_00_%_00_P0_100_L.xmot C1=143 Raw8Fist=Fist OpportunityOrdinal=59 Reason=NO_CONTACT_DISPATCH FullStop=0 LatchBefore=1 LatchAfter=0 LatchWriteAttempted=1 LatchWriteConfirmed=1
CORE RAW8_OPPORTUNITY_MISS_REARM ElapsedMs=101083.280 Actor=PC_Hero Action=2 Family=POWER Motion=Hero_Stand_None_Fist_P1_PowerAttack_Hit_N_Fwd_00_%_00_P0_100_L.xmot C1=143 Raw8Fist=Fist OpportunityOrdinal=59 Reason=NO_CONTACT_DISPATCH FullStop=0 LatchBefore=1 LatchAfter=0 LatchWriteAttempted=1 LatchWriteConfirmed=1
CORE RAW8_OPPORTUNITY_MISS_REARM ElapsedMs=101091.844 Actor=PC_Hero Action=2 Family=POWER Motion=Hero_Stand_None_Fist_P1_PowerAttack_Hit_N_Fwd_00_%_00_P0_100_L.xmot C1=143 Raw8Fist=Fist OpportunityOrdinal=59 Reason=NO_CONTACT_DISPATCH FullStop=0 LatchBefore=1 LatchAfter=0 LatchWriteAttempted=1 LatchWriteConfirmed=1
CORE RAW8_OPPORTUNITY_MISS_REARM ElapsedMs=101098.515 Actor=PC_Hero Action=2 Family=POWER Motion=Hero_Stand_None_Fist_P1_PowerAttack_Hit_N_Fwd_00_%_00_P0_100_L.xmot C1=143 Raw8Fist=Fist OpportunityOrdinal=59 Reason=NO_CONTACT_DISPATCH FullStop=0 LatchBefore=1 LatchAfter=0 LatchWriteAttempted=1 LatchWriteConfirmed=1
CORE RAW8_OPPORTUNITY_MISS_REARM ElapsedMs=101106.918 Actor=PC_Hero Action=2 Family=POWER Motion=Hero_Stand_None_Fist_P1_PowerAttack_Hit_N_Fwd_00_%_00_P0_100_L.xmot C1=143 Raw8Fist=Fist OpportunityOrdinal=59 Reason=NO_CONTACT_DISPATCH FullStop=0 LatchBefore=1 LatchAfter=0 LatchWriteAttempted=1 LatchWriteConfirmed=1
CORE RAW8_OPPORTUNITY_MISS_REARM ElapsedMs=101115.601 Actor=PC_Hero Action=2 Family=POWER Motion=Hero_Stand_None_Fist_P1_PowerAttack_Hit_N_Fwd_00_%_00_P0_100_L.xmot C1=143 Raw8Fist=Fist OpportunityOrdinal=59 Reason=NO_CONTACT_DISPATCH FullStop=0 LatchBefore=1 LatchAfter=0 LatchWriteAttempted=1 LatchWriteConfirmed=1
CORE RAW8_OPPORTUNITY_MISS_REARM ElapsedMs=101124.868 Actor=PC_Hero Action=2 Family=POWER Motion=Hero_Stand_None_Fist_P1_PowerAttack_Hit_N_Fwd_00_%_00_P0_100_L.xmot C1=143 Raw8Fist=Fist OpportunityOrdinal=59 Reason=NO_CONTACT_DISPATCH FullStop=0 LatchBefore=1 LatchAfter=0 LatchWriteAttempted=1 LatchWriteConfirmed=1
CORE RAW8_OPPORTUNITY_MISS_REARM ElapsedMs=101131.939 Actor=PC_Hero Action=2 Family=POWER Motion=Hero_Stand_None_Fist_P1_PowerAttack_Hit_N_Fwd_00_%_00_P0_100_L.xmot C1=143 Raw8Fist=Fist OpportunityOrdinal=59 Reason=NO_CONTACT_DISPATCH FullStop=0 LatchBefore=1 LatchAfter=0 LatchWriteAttempted=1 LatchWriteConfirmed=1
CORE RAW8_OPPORTUNITY_MISS_REARM ElapsedMs=101140.867 Actor=PC_Hero Action=2 Family=POWER Motion=Hero_Stand_None_Fist_P1_PowerAttack_Hit_N_Fwd_00_%_00_P0_100_L.xmot C1=143 Raw8Fist=Fist OpportunityOrdinal=59 Reason=NO_CONTACT_DISPATCH FullStop=0 LatchBefore=1 LatchAfter=0 LatchWriteAttempted=1 LatchWriteConfirmed=1
CORE RAW8_OPPORTUNITY_MISS_REARM ElapsedMs=101147.438 Actor=PC_Hero Action=2 Family=POWER Motion=Hero_Stand_None_Fist_P1_PowerAttack_Hit_N_Fwd_00_%_00_P0_100_L.xmot C1=143 Raw8Fist=Fist OpportunityOrdinal=59 Reason=NO_CONTACT_DISPATCH FullStop=0 LatchBefore=1 LatchAfter=0 LatchWriteAttempted=1 LatchWriteConfirmed=1
CORE RAW8_OPPORTUNITY_MISS_REARM ElapsedMs=101156.663 Actor=PC_Hero Action=2 Family=POWER Motion=Hero_Stand_None_Fist_P1_PowerAttack_Hit_N_Fwd_00_%_00_P0_100_L.xmot C1=143 Raw8Fist=Fist OpportunityOrdinal=59 Reason=NO_CONTACT_DISPATCH FullStop=0 LatchBefore=1 LatchAfter=0 LatchWriteAttempted=1 LatchWriteConfirmed=1
CORE RAW8_OPPORTUNITY_MISS_REARM ElapsedMs=101164.029 Actor=PC_Hero Action=2 Family=POWER Motion=Hero_Stand_None_Fist_P1_PowerAttack_Hit_N_Fwd_00_%_00_P0_100_L.xmot C1=143 Raw8Fist=Fist OpportunityOrdinal=59 Reason=NO_CONTACT_DISPATCH FullStop=0 LatchBefore=1 LatchAfter=0 LatchWriteAttempted=1 LatchWriteConfirmed=1
CORE RAW8_OPPORTUNITY_MISS_REARM ElapsedMs=101172.622 Actor=PC_Hero Action=2 Family=POWER Motion=Hero_Stand_None_Fist_P1_PowerAttack_Hit_N_Fwd_00_%_00_P0_100_L.xmot C1=143 Raw8Fist=Fist OpportunityOrdinal=59 Reason=NO_CONTACT_DISPATCH FullStop=0 LatchBefore=1 LatchAfter=0 LatchWriteAttempted=1 LatchWriteConfirmed=1
CORE RAW8_OPPORTUNITY_MISS_REARM ElapsedMs=101179.796 Actor=PC_Hero Action=2 Family=POWER Motion=Hero_Stand_None_Fist_P1_PowerAttack_Hit_N_Fwd_00_%_00_P0_100_L.xmot C1=143 Raw8Fist=Fist OpportunityOrdinal=59 Reason=NO_CONTACT_DISPATCH FullStop=0 LatchBefore=1 LatchAfter=0 LatchWriteAttempted=1 LatchWriteConfirmed=1
CORE RAW8_OPPORTUNITY_MISS_REARM ElapsedMs=101188.522 Actor=PC_Hero Action=2 Family=POWER Motion=Hero_Stand_None_Fist_P1_PowerAttack_Hit_N_Fwd_00_%_00_P0_100_L.xmot C1=143 Raw8Fist=Fist OpportunityOrdinal=59 Reason=NO_CONTACT_DISPATCH FullStop=0 LatchBefore=1 LatchAfter=0 LatchWriteAttempted=1 LatchWriteConfirmed=1
CORE RAW8_OPPORTUNITY_MISS_REARM ElapsedMs=101196.115 Actor=PC_Hero Action=2 Family=POWER Motion=Hero_Stand_None_Fist_P1_PowerAttack_Hit_N_Fwd_00_%_00_P0_100_L.xmot C1=143 Raw8Fist=Fist OpportunityOrdinal=59 Reason=NO_CONTACT_DISPATCH FullStop=0 LatchBefore=1 LatchAfter=0 LatchWriteAttempted=1 LatchWriteConfirmed=1
CORE RAW8_OPPORTUNITY_MISS_REARM ElapsedMs=101203.641 Actor=PC_Hero Action=2 Family=POWER Motion=Hero_Stand_None_Fist_P1_PowerAttack_Hit_N_Fwd_00_%_00_P0_100_L.xmot C1=143 Raw8Fist=Fist OpportunityOrdinal=59 Reason=NO_CONTACT_DISPATCH FullStop=0 LatchBefore=1 LatchAfter=0 LatchWriteAttempted=1 LatchWriteConfirmed=1
CORE RAW8_OPPORTUNITY_MISS_REARM ElapsedMs=101213.591 Actor=PC_Hero Action=2 Family=POWER Motion=Hero_Stand_None_Fist_P1_PowerAttack_Hit_N_Fwd_00_%_00_P0_100_L.xmot C1=143 Raw8Fist=Fist OpportunityOrdinal=59 Reason=NO_CONTACT_DISPATCH FullStop=0 LatchBefore=1 LatchAfter=0 LatchWriteAttempted=1 LatchWriteConfirmed=1
CORE RAW8_OPPORTUNITY_MISS_REARM ElapsedMs=101221.903 Actor=PC_Hero Action=2 Family=POWER Motion=Hero_Stand_None_Fist_P1_PowerAttack_Hit_N_Fwd_00_%_00_P0_100_L.xmot C1=143 Raw8Fist=Fist OpportunityOrdinal=59 Reason=NO_CONTACT_DISPATCH FullStop=0 LatchBefore=1 LatchAfter=0 LatchWriteAttempted=1 LatchWriteConfirmed=1
CORE RAW8_OPPORTUNITY_MISS_REARM ElapsedMs=101228.784 Actor=PC_Hero Action=2 Family=POWER Motion=Hero_Stand_None_Fist_P1_PowerAttack_Hit_N_Fwd_00_%_00_P0_100_L.xmot C1=143 Raw8Fist=Fist OpportunityOrdinal=59 Reason=NO_CONTACT_DISPATCH FullStop=0 LatchBefore=1 LatchAfter=0 LatchWriteAttempted=1 LatchWriteConfirmed=1
CORE RAW8_OPPORTUNITY_MISS_REARM ElapsedMs=101236.795 Actor=PC_Hero Action=2 Family=POWER Motion=Hero_Stand_None_Fist_P1_PowerAttack_Hit_N_Fwd_00_%_00_P0_100_L.xmot C1=143 Raw8Fist=Fist OpportunityOrdinal=59 Reason=NO_CONTACT_DISPATCH FullStop=0 LatchBefore=1 LatchAfter=0 LatchWriteAttempted=1 LatchWriteConfirmed=1
CORE RAW8_OPPORTUNITY_MISS_REARM ElapsedMs=101243.847 Actor=PC_Hero Action=2 Family=POWER Motion=Hero_Stand_None_Fist_P1_PowerAttack_Hit_N_Fwd_00_%_00_P0_100_L.xmot C1=143 Raw8Fist=Fist OpportunityOrdinal=59 Reason=NO_CONTACT_DISPATCH FullStop=0 LatchBefore=1 LatchAfter=0 LatchWriteAttempted=1 LatchWriteConfirmed=1
CORE RAW8_OPPORTUNITY_MISS_REARM ElapsedMs=101251.869 Actor=PC_Hero Action=2 Family=POWER Motion=Hero_Stand_None_Fist_P1_PowerAttack_Hit_N_Fwd_00_%_00_P0_100_L.xmot C1=143 Raw8Fist=Fist OpportunityOrdinal=59 Reason=NO_CONTACT_DISPATCH FullStop=0 LatchBefore=1 LatchAfter=0 LatchWriteAttempted=1 LatchWriteConfirmed=1
CORE RAW8_OPPORTUNITY_CONTACT_CONSUMED ElapsedMs=101260.013 Actor=PC_Hero Action=2 Family=POWER Motion=Hero_Stand_None_Fist_P1_PowerAttack_Hit_N_Fwd_00_%_00_P0_100_L.xmot C1=143 Raw8Fist=Fist OpportunityOrdinal=59 Reason=EXACT_NATIVE_CONTACT_DISPATCH LatchValue=1
CORE RAW8_FIST_TIMING ElapsedMs=101260.043 Actor=PC_Hero C1=143 PermissionRetired=1 Reason=CONTACT_CONSUMED
CORE ONDAMAGE ElapsedMs=101260.057 Ordinal=38 Target=Golem Arg1=Fist Arg2=PC_Hero Caller=Game.dll+0x0016E348 PlayerAction=2 PlayerPhase=1 PlayerMotion=Hero_Stand_None_Fist_P1_PowerAttack_Hit_N_Fwd_00_%_00_P0_100_L.xmot Raw8Fist=Fist Raw8UseType=8 Raw8Group=0
CORE C1_FINAL ElapsedMs=101271.380 Actor=Golem Generation=144 Status=PERSISTED SourceCount=1 PhysicalChanged=0 Source[0]=Fist Side=RIGHT Outstanding=0 Cleanup=0 Outcome=NO_OP_NO_OUTSTANDING
CORE RAW8_FIST_TIMING ElapsedMs=101398.117 Actor=PC_Hero Action=2 Family=POWER Motion=Hero_Stand_None_Fist_P1_PowerAttack_Hit_N_Fwd_00_%_00_P0_100_L.xmot C1=143 Raw8Fist=Fist Raw8UseType=8 AcceptedRearm=1->0 OwnershipMatched=1 Classification=NATIVE_TIMING
CORE RAW8_OPPORTUNITY_OPEN ElapsedMs=101398.145 Actor=PC_Hero Action=2 Family=POWER Motion=Hero_Stand_None_Fist_P1_PowerAttack_Hit_N_Fwd_00_%_00_P0_100_L.xmot C1=143 Raw8Fist=Fist OpportunityOrdinal=60 Reason=ACCEPTED_FIST LatchBefore=1 LatchAfter=0 LatchWriteAttempted=1 LatchWriteConfirmed=1 TimingActive=0
CORE MARKER ElapsedMs=101398.164 Actor=PC_Hero Action=2 Family=POWER Phase=1 Motion=Hero_Stand_None_Fist_P1_PowerAttack_Hit_N_Fwd_00_%_00_P0_100_L.xmot Marker=FIST Result=ACCEPTED C1Valid=1 C1=143 StatePosition=1 PreviousMask=0 DesiredMask=0 RetiredMask=0 OwnedMask=0 MarkerOwnedMask=0 Activated=0 Deactivated=0 Retired=0 RearmRequests=0 Clears=0 Raw8Fist=Fist Raw8UseType=8 Latch=1->0 LatchConfirmed=1
CORE RAW8_OPPORTUNITY_CONTACT_CONSUMED ElapsedMs=101406.947 Actor=PC_Hero Action=2 Family=POWER Motion=Hero_Stand_None_Fist_P1_PowerAttack_Hit_N_Fwd_00_%_00_P0_100_L.xmot C1=143 Raw8Fist=Fist OpportunityOrdinal=60 Reason=EXACT_NATIVE_CONTACT_DISPATCH LatchValue=1
CORE ONDAMAGE ElapsedMs=101406.985 Ordinal=39 Target=Golem Arg1=Fist Arg2=PC_Hero Caller=Game.dll+0x0016E348 PlayerAction=2 PlayerPhase=1 PlayerMotion=Hero_Stand_None_Fist_P1_PowerAttack_Hit_N_Fwd_00_%_00_P0_100_L.xmot Raw8Fist=Fist Raw8UseType=8 Raw8Group=0
CORE C1_START ElapsedMs=101410.743 Actor=Golem Generation=145 Status=CANDIDATE Outstanding=0 TrackedSources=1 ReplacedGeneration=0 ReplacedOutstanding=0 Source[0]=Fist Side=RIGHT Group=0
CORE C1_BIND ElapsedMs=101410.754 Event=COMBAT_MOVE_CANDIDATE_BOUND Actor=Golem Generation=145 Status=CANDIDATE Outstanding=0 Source=<null> Script=_AI_Stumble
CORE C1_STATUS ElapsedMs=101410.814 Event=PERSISTED Actor=Golem Generation=145 Status=PERSISTED Outstanding=0
CORE C1_FINAL ElapsedMs=101587.721 Actor=PC_Hero Generation=143 Status=PERSISTED SourceCount=1 PhysicalChanged=0 Source[0]=Fist Side=RIGHT Outstanding=0 Cleanup=0 Outcome=NO_OP_NO_OUTSTANDING
CORE C1_FINAL ElapsedMs=101748.791 Actor=Golem Generation=145 Status=PERSISTED SourceCount=1 PhysicalChanged=0 Source[0]=Fist Side=RIGHT Outstanding=0 Cleanup=0 Outcome=NO_OP_NO_OUTSTANDING
CORE C1_START ElapsedMs=102454.887 Actor=PC_Hero Generation=146 Status=CANDIDATE Outstanding=0 TrackedSources=1 ReplacedGeneration=0 ReplacedOutstanding=0 Source[0]=Fist Side=RIGHT Group=0
CORE C1_BIND ElapsedMs=102454.900 Event=COMBAT_MOVE_CANDIDATE_BOUND Actor=PC_Hero Generation=146 Status=CANDIDATE Outstanding=0 Source=<null> Script=_AI_PowerAttack
CORE C1_STATUS ElapsedMs=102454.963 Event=PERSISTED Actor=PC_Hero Generation=146 Status=PERSISTED Outstanding=0
CORE C1_START ElapsedMs=102466.408 Actor=Golem Generation=147 Status=CANDIDATE Outstanding=0 TrackedSources=1 ReplacedGeneration=0 ReplacedOutstanding=0 Source[0]=Fist Side=RIGHT Group=0
CORE C1_BIND ElapsedMs=102466.420 Event=COMBAT_MOVE_CANDIDATE_BOUND Actor=Golem Generation=147 Status=CANDIDATE Outstanding=0 Source=<null> Script=_AI_Attack
CORE C1_STATUS ElapsedMs=102466.484 Event=PERSISTED Actor=Golem Generation=147 Status=PERSISTED Outstanding=0
CORE ATTACK_OWNERSHIP ElapsedMs=102466.500 Actor=Golem Family=NORMAL Action=1 Phase=1 Motion=Golem_Stand_None_Fist_P0_Attack_Hit_N_Fwd_00_%_00_P0_100_R.xmot MarkerPresent=0 RequiredMask=0 FistMarkers=0 Raw8Fist=<none> Raw8UseType=-1 SuppressNative=0 Classification=ROUTINE
CORE C1_FINAL ElapsedMs=102490.046 Actor=PC_Hero Generation=146 Status=PERSISTED SourceCount=1 PhysicalChanged=0 Source[0]=Fist Side=RIGHT Outstanding=0 Cleanup=0 Outcome=NO_OP_NO_OUTSTANDING
CORE C1_START ElapsedMs=102494.233 Actor=PC_Hero Generation=148 Status=CANDIDATE Outstanding=0 TrackedSources=1 ReplacedGeneration=0 ReplacedOutstanding=0 Source[0]=Fist Side=RIGHT Group=0
CORE C1_BIND ElapsedMs=102494.245 Event=COMBAT_MOVE_CANDIDATE_BOUND Actor=PC_Hero Generation=148 Status=CANDIDATE Outstanding=0 Source=<null> Script=_AI_Attack
CORE C1_STATUS ElapsedMs=102494.308 Event=PERSISTED Actor=PC_Hero Generation=148 Status=PERSISTED Outstanding=0
CORE RAW8_FIST_OWNERSHIP ElapsedMs=102494.324 Actor=PC_Hero Action=1 Family=NORMAL Motion=Hero_Stand_None_Fist_P0_Attack_Hit_N_Fwd_00_%_00_P1_100_R.xmot C1=148 Raw8Fist=Fist Raw8UseType=8 InitialClose=0->1 Result=CONFIRMED
CORE ATTACK_OWNERSHIP ElapsedMs=102494.334 Actor=PC_Hero Family=NORMAL Action=1 Phase=1 Motion=Hero_Stand_None_Fist_P0_Attack_Hit_N_Fwd_00_%_00_P1_100_R.xmot MarkerPresent=1 RequiredMask=0 FistMarkers=1 Raw8Fist=Fist Raw8UseType=8 SuppressNative=0 Classification=ROUTINE
CORE RAW8_FIST_TIMING ElapsedMs=102595.753 Actor=PC_Hero Action=1 Family=NORMAL Motion=Hero_Stand_None_Fist_P0_Attack_Hit_N_Fwd_00_%_00_P1_100_R.xmot C1=148 Raw8Fist=Fist Raw8UseType=8 AcceptedRearm=1->0 OwnershipMatched=1 Classification=EARLY_PERMISSION_ARMED
CORE RAW8_OPPORTUNITY_OPEN ElapsedMs=102595.785 Actor=PC_Hero Action=1 Family=NORMAL Motion=Hero_Stand_None_Fist_P0_Attack_Hit_N_Fwd_00_%_00_P1_100_R.xmot C1=148 Raw8Fist=Fist OpportunityOrdinal=61 Reason=ACCEPTED_FIST LatchBefore=1 LatchAfter=0 LatchWriteAttempted=1 LatchWriteConfirmed=1 TimingActive=1
CORE MARKER ElapsedMs=102595.798 Actor=PC_Hero Action=1 Family=NORMAL Phase=1 Motion=Hero_Stand_None_Fist_P0_Attack_Hit_N_Fwd_00_%_00_P1_100_R.xmot Marker=FIST Result=ACCEPTED C1Valid=1 C1=148 StatePosition=0 PreviousMask=0 DesiredMask=0 RetiredMask=0 OwnedMask=0 MarkerOwnedMask=0 Activated=0 Deactivated=0 Retired=0 RearmRequests=0 Clears=0 Raw8Fist=Fist Raw8UseType=8 Latch=1->0 LatchConfirmed=1
CORE RAW8_FIST_TIMING ElapsedMs=102603.042 Actor=PC_Hero Action=1 Family=NORMAL Motion=Hero_Stand_None_Fist_P0_Attack_Hit_N_Fwd_00_%_00_P1_100_R.xmot C1=148 Raw8Fist=Fist Raw8UseType=8 PermissionApplied=1 SyntheticApplied=1 Classification=EARLY_PERMISSION_APPLIED
CORE RAW8_OPPORTUNITY_CONTACT_CONSUMED ElapsedMs=102603.173 Actor=PC_Hero Action=1 Family=NORMAL Motion=Hero_Stand_None_Fist_P0_Attack_Hit_N_Fwd_00_%_00_P1_100_R.xmot C1=148 Raw8Fist=Fist OpportunityOrdinal=61 Reason=EXACT_NATIVE_CONTACT_DISPATCH LatchValue=1
CORE RAW8_FIST_TIMING ElapsedMs=102603.189 Actor=PC_Hero C1=148 PermissionRetired=1 Reason=CONTACT_CONSUMED
CORE ONDAMAGE ElapsedMs=102603.202 Ordinal=40 Target=Golem Arg1=Fist Arg2=PC_Hero Caller=Game.dll+0x0016E348 PlayerAction=1 PlayerPhase=1 PlayerMotion=Hero_Stand_None_Fist_P0_Attack_Hit_N_Fwd_00_%_00_P1_100_R.xmot Raw8Fist=Fist Raw8UseType=8 Raw8Group=0
CORE C1_START ElapsedMs=102607.069 Actor=Golem Generation=149 Status=CANDIDATE Outstanding=0 TrackedSources=1 ReplacedGeneration=147 ReplacedOutstanding=0 Source[0]=Fist Side=RIGHT Group=0
CORE C1_BIND ElapsedMs=102607.081 Event=COMBAT_MOVE_CANDIDATE_BOUND Actor=Golem Generation=149 Status=CANDIDATE Outstanding=0 Source=<null> Script=_AI_Stumble
CORE C1_STATUS ElapsedMs=102607.141 Event=PERSISTED Actor=Golem Generation=149 Status=PERSISTED Outstanding=0
CORE COLLISION_GROUP ElapsedMs=102723.544 Source=Fist UseType=8 Owner=<unresolved> Slot=NONE Requested=7 Before=0 After=0 MarkerBitsRetired=0
CORE C1_FINAL ElapsedMs=102785.571 Actor=PC_Hero Generation=148 Status=PERSISTED SourceCount=1 PhysicalChanged=0 Source[0]=Fist Side=RIGHT Outstanding=0 Cleanup=0 Outcome=NO_OP_NO_OUTSTANDING
CORE C1_FINAL ElapsedMs=102947.004 Actor=Golem Generation=149 Status=PERSISTED SourceCount=1 PhysicalChanged=0 Source[0]=Fist Side=RIGHT Outstanding=0 Cleanup=0 Outcome=NO_OP_NO_OUTSTANDING
CORE C1_START ElapsedMs=103287.427 Actor=Golem Generation=150 Status=CANDIDATE Outstanding=0 TrackedSources=1 ReplacedGeneration=0 ReplacedOutstanding=0 Source[0]=Fist Side=RIGHT Group=0
CORE C1_BIND ElapsedMs=103287.439 Event=COMBAT_MOVE_CANDIDATE_BOUND Actor=Golem Generation=150 Status=CANDIDATE Outstanding=0 Source=<null> Script=_AI_Attack
CORE C1_STATUS ElapsedMs=103287.496 Event=PERSISTED Actor=Golem Generation=150 Status=PERSISTED Outstanding=0
CORE C1_START ElapsedMs=103505.105 Actor=PC_Hero Generation=151 Status=CANDIDATE Outstanding=0 TrackedSources=1 ReplacedGeneration=0 ReplacedOutstanding=0 Source[0]=Fist Side=RIGHT Group=0
CORE C1_BIND ElapsedMs=103505.117 Event=COMBAT_MOVE_CANDIDATE_BOUND Actor=PC_Hero Generation=151 Status=CANDIDATE Outstanding=0 Source=<null> Script=_AI_PowerAttack
CORE C1_STATUS ElapsedMs=103505.176 Event=PERSISTED Actor=PC_Hero Generation=151 Status=PERSISTED Outstanding=0
CORE COLLISION_GROUP ElapsedMs=103517.762 Source=Fist UseType=8 Owner=<unresolved> Slot=NONE Requested=7 Before=0 After=0 MarkerBitsRetired=0
CORE C1_FINAL ElapsedMs=103660.083 Actor=Golem Generation=150 Status=PERSISTED SourceCount=1 PhysicalChanged=0 Source[0]=Fist Side=RIGHT Outstanding=0 Cleanup=0 Outcome=NO_OP_NO_OUTSTANDING
CORE C1_START ElapsedMs=103667.220 Actor=Golem Generation=152 Status=CANDIDATE Outstanding=0 TrackedSources=1 ReplacedGeneration=0 ReplacedOutstanding=0 Source[0]=Fist Side=RIGHT Group=0
CORE C1_BIND ElapsedMs=103667.232 Event=COMBAT_MOVE_CANDIDATE_BOUND Actor=Golem Generation=152 Status=CANDIDATE Outstanding=0 Source=<null> Script=_AI_JumpBack
CORE C1_STATUS ElapsedMs=103667.295 Event=PERSISTED Actor=Golem Generation=152 Status=PERSISTED Outstanding=0
CORE C1_BIND ElapsedMs=103781.053 Event=COMBAT_MOVE_REUSED Actor=PC_Hero Generation=151 Status=PERSISTED Outstanding=0 Source=<null> Script=_AI_PowerAttack
CORE RAW8_FIST_OWNERSHIP ElapsedMs=103781.161 Actor=PC_Hero Action=2 Family=POWER Motion=Hero_Stand_None_Fist_P1_PowerAttack_Hit_N_Fwd_00_%_00_P0_100_L.xmot C1=151 Raw8Fist=Fist Raw8UseType=8 InitialClose=0->1 Result=CONFIRMED
CORE ATTACK_OWNERSHIP ElapsedMs=103781.174 Actor=PC_Hero Family=POWER Action=2 Phase=1 Motion=Hero_Stand_None_Fist_P1_PowerAttack_Hit_N_Fwd_00_%_00_P0_100_L.xmot MarkerPresent=1 RequiredMask=0 FistMarkers=1 Raw8Fist=Fist Raw8UseType=8 SuppressNative=0 Classification=ROUTINE
CORE COLLISION_GROUP ElapsedMs=103781.208 Source=Fist UseType=8 Owner=<unresolved> Slot=NONE Requested=7 Before=0 After=0 MarkerBitsRetired=0
CORE RAW8_FIST_TIMING ElapsedMs=103886.890 Actor=PC_Hero Action=2 Family=POWER Motion=Hero_Stand_None_Fist_P1_PowerAttack_Hit_N_Fwd_00_%_00_P0_100_L.xmot C1=151 Raw8Fist=Fist Raw8UseType=8 AcceptedRearm=1->0 OwnershipMatched=1 Classification=EARLY_PERMISSION_ARMED
CORE RAW8_OPPORTUNITY_OPEN ElapsedMs=103886.918 Actor=PC_Hero Action=2 Family=POWER Motion=Hero_Stand_None_Fist_P1_PowerAttack_Hit_N_Fwd_00_%_00_P0_100_L.xmot C1=151 Raw8Fist=Fist OpportunityOrdinal=62 Reason=ACCEPTED_FIST LatchBefore=1 LatchAfter=0 LatchWriteAttempted=1 LatchWriteConfirmed=1 TimingActive=1
CORE MARKER ElapsedMs=103886.933 Actor=PC_Hero Action=2 Family=POWER Phase=1 Motion=Hero_Stand_None_Fist_P1_PowerAttack_Hit_N_Fwd_00_%_00_P0_100_L.xmot Marker=FIST Result=ACCEPTED C1Valid=1 C1=151 StatePosition=1 PreviousMask=0 DesiredMask=0 RetiredMask=0 OwnedMask=0 MarkerOwnedMask=0 Activated=0 Deactivated=0 Retired=0 RearmRequests=0 Clears=0 Raw8Fist=Fist Raw8UseType=8 Latch=1->0 LatchConfirmed=1
CORE RAW8_FIST_TIMING ElapsedMs=103895.105 Actor=PC_Hero Action=2 Family=POWER Motion=Hero_Stand_None_Fist_P1_PowerAttack_Hit_N_Fwd_00_%_00_P0_100_L.xmot C1=151 Raw8Fist=Fist Raw8UseType=8 PermissionApplied=1 SyntheticApplied=1 Classification=EARLY_PERMISSION_APPLIED
CORE RAW8_OPPORTUNITY_MISS_REARM ElapsedMs=103895.140 Actor=PC_Hero Action=2 Family=POWER Motion=Hero_Stand_None_Fist_P1_PowerAttack_Hit_N_Fwd_00_%_00_P0_100_L.xmot C1=151 Raw8Fist=Fist OpportunityOrdinal=62 Reason=NO_CONTACT_DISPATCH FullStop=0 LatchBefore=1 LatchAfter=0 LatchWriteAttempted=1 LatchWriteConfirmed=1
CORE RAW8_OPPORTUNITY_MISS_REARM ElapsedMs=103902.066 Actor=PC_Hero Action=2 Family=POWER Motion=Hero_Stand_None_Fist_P1_PowerAttack_Hit_N_Fwd_00_%_00_P0_100_L.xmot C1=151 Raw8Fist=Fist OpportunityOrdinal=62 Reason=NO_CONTACT_DISPATCH FullStop=0 LatchBefore=1 LatchAfter=0 LatchWriteAttempted=1 LatchWriteConfirmed=1
CORE RAW8_OPPORTUNITY_MISS_REARM ElapsedMs=103910.680 Actor=PC_Hero Action=2 Family=POWER Motion=Hero_Stand_None_Fist_P1_PowerAttack_Hit_N_Fwd_00_%_00_P0_100_L.xmot C1=151 Raw8Fist=Fist OpportunityOrdinal=62 Reason=NO_CONTACT_DISPATCH FullStop=0 LatchBefore=1 LatchAfter=0 LatchWriteAttempted=1 LatchWriteConfirmed=1
CORE RAW8_OPPORTUNITY_MISS_REARM ElapsedMs=103917.916 Actor=PC_Hero Action=2 Family=POWER Motion=Hero_Stand_None_Fist_P1_PowerAttack_Hit_N_Fwd_00_%_00_P0_100_L.xmot C1=151 Raw8Fist=Fist OpportunityOrdinal=62 Reason=NO_CONTACT_DISPATCH FullStop=0 LatchBefore=1 LatchAfter=0 LatchWriteAttempted=1 LatchWriteConfirmed=1
CORE RAW8_OPPORTUNITY_MISS_REARM ElapsedMs=103927.216 Actor=PC_Hero Action=2 Family=POWER Motion=Hero_Stand_None_Fist_P1_PowerAttack_Hit_N_Fwd_00_%_00_P0_100_L.xmot C1=151 Raw8Fist=Fist OpportunityOrdinal=62 Reason=NO_CONTACT_DISPATCH FullStop=0 LatchBefore=1 LatchAfter=0 LatchWriteAttempted=1 LatchWriteConfirmed=1
CORE RAW8_OPPORTUNITY_MISS_REARM ElapsedMs=103934.483 Actor=PC_Hero Action=2 Family=POWER Motion=Hero_Stand_None_Fist_P1_PowerAttack_Hit_N_Fwd_00_%_00_P0_100_L.xmot C1=151 Raw8Fist=Fist OpportunityOrdinal=62 Reason=NO_CONTACT_DISPATCH FullStop=0 LatchBefore=1 LatchAfter=0 LatchWriteAttempted=1 LatchWriteConfirmed=1
CORE RAW8_OPPORTUNITY_MISS_REARM ElapsedMs=103942.976 Actor=PC_Hero Action=2 Family=POWER Motion=Hero_Stand_None_Fist_P1_PowerAttack_Hit_N_Fwd_00_%_00_P0_100_L.xmot C1=151 Raw8Fist=Fist OpportunityOrdinal=62 Reason=NO_CONTACT_DISPATCH FullStop=0 LatchBefore=1 LatchAfter=0 LatchWriteAttempted=1 LatchWriteConfirmed=1
CORE RAW8_OPPORTUNITY_MISS_REARM ElapsedMs=103949.774 Actor=PC_Hero Action=2 Family=POWER Motion=Hero_Stand_None_Fist_P1_PowerAttack_Hit_N_Fwd_00_%_00_P0_100_L.xmot C1=151 Raw8Fist=Fist OpportunityOrdinal=62 Reason=NO_CONTACT_DISPATCH FullStop=0 LatchBefore=1 LatchAfter=0 LatchWriteAttempted=1 LatchWriteConfirmed=1
CORE RAW8_OPPORTUNITY_MISS_REARM ElapsedMs=103957.360 Actor=PC_Hero Action=2 Family=POWER Motion=Hero_Stand_None_Fist_P1_PowerAttack_Hit_N_Fwd_00_%_00_P0_100_L.xmot C1=151 Raw8Fist=Fist OpportunityOrdinal=62 Reason=NO_CONTACT_DISPATCH FullStop=0 LatchBefore=1 LatchAfter=0 LatchWriteAttempted=1 LatchWriteConfirmed=1
CORE RAW8_OPPORTUNITY_MISS_REARM ElapsedMs=103965.555 Actor=PC_Hero Action=2 Family=POWER Motion=Hero_Stand_None_Fist_P1_PowerAttack_Hit_N_Fwd_00_%_00_P0_100_L.xmot C1=151 Raw8Fist=Fist OpportunityOrdinal=62 Reason=NO_CONTACT_DISPATCH FullStop=0 LatchBefore=1 LatchAfter=0 LatchWriteAttempted=1 LatchWriteConfirmed=1
CORE RAW8_OPPORTUNITY_MISS_REARM ElapsedMs=103972.250 Actor=PC_Hero Action=2 Family=POWER Motion=Hero_Stand_None_Fist_P1_PowerAttack_Hit_N_Fwd_00_%_00_P0_100_L.xmot C1=151 Raw8Fist=Fist OpportunityOrdinal=62 Reason=NO_CONTACT_DISPATCH FullStop=0 LatchBefore=1 LatchAfter=0 LatchWriteAttempted=1 LatchWriteConfirmed=1
CORE RAW8_OPPORTUNITY_MISS_REARM ElapsedMs=103980.376 Actor=PC_Hero Action=2 Family=POWER Motion=Hero_Stand_None_Fist_P1_PowerAttack_Hit_N_Fwd_00_%_00_P0_100_L.xmot C1=151 Raw8Fist=Fist OpportunityOrdinal=62 Reason=NO_CONTACT_DISPATCH FullStop=0 LatchBefore=1 LatchAfter=0 LatchWriteAttempted=1 LatchWriteConfirmed=1
CORE RAW8_OPPORTUNITY_MISS_REARM ElapsedMs=103987.275 Actor=PC_Hero Action=2 Family=POWER Motion=Hero_Stand_None_Fist_P1_PowerAttack_Hit_N_Fwd_00_%_00_P0_100_L.xmot C1=151 Raw8Fist=Fist OpportunityOrdinal=62 Reason=NO_CONTACT_DISPATCH FullStop=0 LatchBefore=1 LatchAfter=0 LatchWriteAttempted=1 LatchWriteConfirmed=1
CORE RAW8_OPPORTUNITY_MISS_REARM ElapsedMs=103996.582 Actor=PC_Hero Action=2 Family=POWER Motion=Hero_Stand_None_Fist_P1_PowerAttack_Hit_N_Fwd_00_%_00_P0_100_L.xmot C1=151 Raw8Fist=Fist OpportunityOrdinal=62 Reason=NO_CONTACT_DISPATCH FullStop=0 LatchBefore=1 LatchAfter=0 LatchWriteAttempted=1 LatchWriteConfirmed=1
CORE RAW8_OPPORTUNITY_MISS_REARM ElapsedMs=104003.831 Actor=PC_Hero Action=2 Family=POWER Motion=Hero_Stand_None_Fist_P1_PowerAttack_Hit_N_Fwd_00_%_00_P0_100_L.xmot C1=151 Raw8Fist=Fist OpportunityOrdinal=62 Reason=NO_CONTACT_DISPATCH FullStop=0 LatchBefore=1 LatchAfter=0 LatchWriteAttempted=1 LatchWriteConfirmed=1
CORE RAW8_OPPORTUNITY_MISS_REARM ElapsedMs=104012.628 Actor=PC_Hero Action=2 Family=POWER Motion=Hero_Stand_None_Fist_P1_PowerAttack_Hit_N_Fwd_00_%_00_P0_100_L.xmot C1=151 Raw8Fist=Fist OpportunityOrdinal=62 Reason=NO_CONTACT_DISPATCH FullStop=0 LatchBefore=1 LatchAfter=0 LatchWriteAttempted=1 LatchWriteConfirmed=1
CORE RAW8_OPPORTUNITY_MISS_REARM ElapsedMs=104019.408 Actor=PC_Hero Action=2 Family=POWER Motion=Hero_Stand_None_Fist_P1_PowerAttack_Hit_N_Fwd_00_%_00_P0_100_L.xmot C1=151 Raw8Fist=Fist OpportunityOrdinal=62 Reason=NO_CONTACT_DISPATCH FullStop=0 LatchBefore=1 LatchAfter=0 LatchWriteAttempted=1 LatchWriteConfirmed=1
CORE RAW8_OPPORTUNITY_MISS_REARM ElapsedMs=104027.448 Actor=PC_Hero Action=2 Family=POWER Motion=Hero_Stand_None_Fist_P1_PowerAttack_Hit_N_Fwd_00_%_00_P0_100_L.xmot C1=151 Raw8Fist=Fist OpportunityOrdinal=62 Reason=NO_CONTACT_DISPATCH FullStop=0 LatchBefore=1 LatchAfter=0 LatchWriteAttempted=1 LatchWriteConfirmed=1
CORE RAW8_OPPORTUNITY_MISS_REARM ElapsedMs=104034.822 Actor=PC_Hero Action=2 Family=POWER Motion=Hero_Stand_None_Fist_P1_PowerAttack_Hit_N_Fwd_00_%_00_P0_100_L.xmot C1=151 Raw8Fist=Fist OpportunityOrdinal=62 Reason=NO_CONTACT_DISPATCH FullStop=0 LatchBefore=1 LatchAfter=0 LatchWriteAttempted=1 LatchWriteConfirmed=1
CORE RAW8_OPPORTUNITY_MISS_REARM ElapsedMs=104043.230 Actor=PC_Hero Action=2 Family=POWER Motion=Hero_Stand_None_Fist_P1_PowerAttack_Hit_N_Fwd_00_%_00_P0_100_L.xmot C1=151 Raw8Fist=Fist OpportunityOrdinal=62 Reason=NO_CONTACT_DISPATCH FullStop=0 LatchBefore=1 LatchAfter=0 LatchWriteAttempted=1 LatchWriteConfirmed=1
CORE RAW8_OPPORTUNITY_MISS_REARM ElapsedMs=104050.171 Actor=PC_Hero Action=2 Family=POWER Motion=Hero_Stand_None_Fist_P1_PowerAttack_Hit_N_Fwd_00_%_00_P0_100_L.xmot C1=151 Raw8Fist=Fist OpportunityOrdinal=62 Reason=NO_CONTACT_DISPATCH FullStop=0 LatchBefore=1 LatchAfter=0 LatchWriteAttempted=1 LatchWriteConfirmed=1
CORE RAW8_OPPORTUNITY_MISS_REARM ElapsedMs=104058.959 Actor=PC_Hero Action=2 Family=POWER Motion=Hero_Stand_None_Fist_P1_PowerAttack_Hit_N_Fwd_00_%_00_P0_100_L.xmot C1=151 Raw8Fist=Fist OpportunityOrdinal=62 Reason=NO_CONTACT_DISPATCH FullStop=0 LatchBefore=1 LatchAfter=0 LatchWriteAttempted=1 LatchWriteConfirmed=1
CORE RAW8_OPPORTUNITY_MISS_REARM ElapsedMs=104066.104 Actor=PC_Hero Action=2 Family=POWER Motion=Hero_Stand_None_Fist_P1_PowerAttack_Hit_N_Fwd_00_%_00_P0_100_L.xmot C1=151 Raw8Fist=Fist OpportunityOrdinal=62 Reason=NO_CONTACT_DISPATCH FullStop=0 LatchBefore=1 LatchAfter=0 LatchWriteAttempted=1 LatchWriteConfirmed=1
CORE RAW8_OPPORTUNITY_MISS_REARM ElapsedMs=104074.708 Actor=PC_Hero Action=2 Family=POWER Motion=Hero_Stand_None_Fist_P1_PowerAttack_Hit_N_Fwd_00_%_00_P0_100_L.xmot C1=151 Raw8Fist=Fist OpportunityOrdinal=62 Reason=NO_CONTACT_DISPATCH FullStop=0 LatchBefore=1 LatchAfter=0 LatchWriteAttempted=1 LatchWriteConfirmed=1
CORE RAW8_OPPORTUNITY_MISS_REARM ElapsedMs=104082.020 Actor=PC_Hero Action=2 Family=POWER Motion=Hero_Stand_None_Fist_P1_PowerAttack_Hit_N_Fwd_00_%_00_P0_100_L.xmot C1=151 Raw8Fist=Fist OpportunityOrdinal=62 Reason=NO_CONTACT_DISPATCH FullStop=0 LatchBefore=1 LatchAfter=0 LatchWriteAttempted=1 LatchWriteConfirmed=1
CORE RAW8_OPPORTUNITY_MISS_REARM ElapsedMs=104090.633 Actor=PC_Hero Action=2 Family=POWER Motion=Hero_Stand_None_Fist_P1_PowerAttack_Hit_N_Fwd_00_%_00_P0_100_L.xmot C1=151 Raw8Fist=Fist OpportunityOrdinal=62 Reason=NO_CONTACT_DISPATCH FullStop=0 LatchBefore=1 LatchAfter=0 LatchWriteAttempted=1 LatchWriteConfirmed=1
CORE RAW8_OPPORTUNITY_MISS_REARM ElapsedMs=104097.781 Actor=PC_Hero Action=2 Family=POWER Motion=Hero_Stand_None_Fist_P1_PowerAttack_Hit_N_Fwd_00_%_00_P0_100_L.xmot C1=151 Raw8Fist=Fist OpportunityOrdinal=62 Reason=NO_CONTACT_DISPATCH FullStop=0 LatchBefore=1 LatchAfter=0 LatchWriteAttempted=1 LatchWriteConfirmed=1
CORE RAW8_OPPORTUNITY_MISS_REARM ElapsedMs=104106.990 Actor=PC_Hero Action=2 Family=POWER Motion=Hero_Stand_None_Fist_P1_PowerAttack_Hit_N_Fwd_00_%_00_P0_100_L.xmot C1=151 Raw8Fist=Fist OpportunityOrdinal=62 Reason=NO_CONTACT_DISPATCH FullStop=0 LatchBefore=1 LatchAfter=0 LatchWriteAttempted=1 LatchWriteConfirmed=1
CORE C1_FINAL ElapsedMs=104110.798 Actor=Golem Generation=152 Status=PERSISTED SourceCount=1 PhysicalChanged=0 Source[0]=Fist Side=RIGHT Outstanding=0 Cleanup=0 Outcome=NO_OP_NO_OUTSTANDING
CORE RAW8_OPPORTUNITY_MISS_REARM ElapsedMs=104114.211 Actor=PC_Hero Action=2 Family=POWER Motion=Hero_Stand_None_Fist_P1_PowerAttack_Hit_N_Fwd_00_%_00_P0_100_L.xmot C1=151 Raw8Fist=Fist OpportunityOrdinal=62 Reason=NO_CONTACT_DISPATCH FullStop=0 LatchBefore=1 LatchAfter=0 LatchWriteAttempted=1 LatchWriteConfirmed=1
CORE RAW8_OPPORTUNITY_MISS_REARM ElapsedMs=104122.737 Actor=PC_Hero Action=2 Family=POWER Motion=Hero_Stand_None_Fist_P1_PowerAttack_Hit_N_Fwd_00_%_00_P0_100_L.xmot C1=151 Raw8Fist=Fist OpportunityOrdinal=62 Reason=NO_CONTACT_DISPATCH FullStop=0 LatchBefore=1 LatchAfter=0 LatchWriteAttempted=1 LatchWriteConfirmed=1
CORE RAW8_OPPORTUNITY_MISS_REARM ElapsedMs=104130.856 Actor=PC_Hero Action=2 Family=POWER Motion=Hero_Stand_None_Fist_P1_PowerAttack_Hit_N_Fwd_00_%_00_P0_100_L.xmot C1=151 Raw8Fist=Fist OpportunityOrdinal=62 Reason=NO_CONTACT_DISPATCH FullStop=0 LatchBefore=1 LatchAfter=0 LatchWriteAttempted=1 LatchWriteConfirmed=1
CORE RAW8_OPPORTUNITY_MISS_REARM ElapsedMs=104137.828 Actor=PC_Hero Action=2 Family=POWER Motion=Hero_Stand_None_Fist_P1_PowerAttack_Hit_N_Fwd_00_%_00_P0_100_L.xmot C1=151 Raw8Fist=Fist OpportunityOrdinal=62 Reason=NO_CONTACT_DISPATCH FullStop=0 LatchBefore=1 LatchAfter=0 LatchWriteAttempted=1 LatchWriteConfirmed=1
CORE RAW8_OPPORTUNITY_MISS_REARM ElapsedMs=104146.760 Actor=PC_Hero Action=2 Family=POWER Motion=Hero_Stand_None_Fist_P1_PowerAttack_Hit_N_Fwd_00_%_00_P0_100_L.xmot C1=151 Raw8Fist=Fist OpportunityOrdinal=62 Reason=NO_CONTACT_DISPATCH FullStop=0 LatchBefore=1 LatchAfter=0 LatchWriteAttempted=1 LatchWriteConfirmed=1
CORE RAW8_OPPORTUNITY_MISS_REARM ElapsedMs=104153.372 Actor=PC_Hero Action=2 Family=POWER Motion=Hero_Stand_None_Fist_P1_PowerAttack_Hit_N_Fwd_00_%_00_P0_100_L.xmot C1=151 Raw8Fist=Fist OpportunityOrdinal=62 Reason=NO_CONTACT_DISPATCH FullStop=0 LatchBefore=1 LatchAfter=0 LatchWriteAttempted=1 LatchWriteConfirmed=1
CORE RAW8_FIST_TIMING ElapsedMs=104162.118 Actor=PC_Hero C1=151 PermissionRetired=1 Reason=REAL_TIME_REACHED_FORCED_VALUE
CORE RAW8_OPPORTUNITY_MISS_REARM ElapsedMs=104162.151 Actor=PC_Hero Action=2 Family=POWER Motion=Hero_Stand_None_Fist_P1_PowerAttack_Hit_N_Fwd_00_%_00_P0_100_L.xmot C1=151 Raw8Fist=Fist OpportunityOrdinal=62 Reason=NO_CONTACT_DISPATCH FullStop=0 LatchBefore=1 LatchAfter=0 LatchWriteAttempted=1 LatchWriteConfirmed=1
CORE RAW8_OPPORTUNITY_MISS_REARM ElapsedMs=104169.073 Actor=PC_Hero Action=2 Family=POWER Motion=Hero_Stand_None_Fist_P1_PowerAttack_Hit_N_Fwd_00_%_00_P0_100_L.xmot C1=151 Raw8Fist=Fist OpportunityOrdinal=62 Reason=NO_CONTACT_DISPATCH FullStop=0 LatchBefore=1 LatchAfter=0 LatchWriteAttempted=1 LatchWriteConfirmed=1
CORE RAW8_OPPORTUNITY_MISS_REARM ElapsedMs=104177.925 Actor=PC_Hero Action=2 Family=POWER Motion=Hero_Stand_None_Fist_P1_PowerAttack_Hit_N_Fwd_00_%_00_P0_100_L.xmot C1=151 Raw8Fist=Fist OpportunityOrdinal=62 Reason=NO_CONTACT_DISPATCH FullStop=0 LatchBefore=1 LatchAfter=0 LatchWriteAttempted=1 LatchWriteConfirmed=1
CORE RAW8_OPPORTUNITY_MISS_REARM ElapsedMs=104185.508 Actor=PC_Hero Action=2 Family=POWER Motion=Hero_Stand_None_Fist_P1_PowerAttack_Hit_N_Fwd_00_%_00_P0_100_L.xmot C1=151 Raw8Fist=Fist OpportunityOrdinal=62 Reason=NO_CONTACT_DISPATCH FullStop=0 LatchBefore=1 LatchAfter=0 LatchWriteAttempted=1 LatchWriteConfirmed=1
CORE RAW8_OPPORTUNITY_MISS_REARM ElapsedMs=104192.933 Actor=PC_Hero Action=2 Family=POWER Motion=Hero_Stand_None_Fist_P1_PowerAttack_Hit_N_Fwd_00_%_00_P0_100_L.xmot C1=151 Raw8Fist=Fist OpportunityOrdinal=62 Reason=NO_CONTACT_DISPATCH FullStop=0 LatchBefore=1 LatchAfter=0 LatchWriteAttempted=1 LatchWriteConfirmed=1
CORE RAW8_OPPORTUNITY_MISS_REARM ElapsedMs=104201.979 Actor=PC_Hero Action=2 Family=POWER Motion=Hero_Stand_None_Fist_P1_PowerAttack_Hit_N_Fwd_00_%_00_P0_100_L.xmot C1=151 Raw8Fist=Fist OpportunityOrdinal=62 Reason=NO_CONTACT_DISPATCH FullStop=0 LatchBefore=1 LatchAfter=0 LatchWriteAttempted=1 LatchWriteConfirmed=1
CORE RAW8_OPPORTUNITY_MISS_REARM ElapsedMs=104209.329 Actor=PC_Hero Action=2 Family=POWER Motion=Hero_Stand_None_Fist_P1_PowerAttack_Hit_N_Fwd_00_%_00_P0_100_L.xmot C1=151 Raw8Fist=Fist OpportunityOrdinal=62 Reason=NO_CONTACT_DISPATCH FullStop=0 LatchBefore=1 LatchAfter=0 LatchWriteAttempted=1 LatchWriteConfirmed=1
CORE RAW8_OPPORTUNITY_MISS_REARM ElapsedMs=104217.382 Actor=PC_Hero Action=2 Family=POWER Motion=Hero_Stand_None_Fist_P1_PowerAttack_Hit_N_Fwd_00_%_00_P0_100_L.xmot C1=151 Raw8Fist=Fist OpportunityOrdinal=62 Reason=NO_CONTACT_DISPATCH FullStop=0 LatchBefore=1 LatchAfter=0 LatchWriteAttempted=1 LatchWriteConfirmed=1
CORE RAW8_FIST_TIMING ElapsedMs=104217.478 Actor=PC_Hero Action=2 Family=POWER Motion=Hero_Stand_None_Fist_P1_PowerAttack_Hit_N_Fwd_00_%_00_P0_100_L.xmot C1=151 Raw8Fist=Fist Raw8UseType=8 AcceptedRearm=0->0 OwnershipMatched=1 Classification=NATIVE_TIMING
CORE RAW8_OPPORTUNITY_OPEN ElapsedMs=104217.492 Actor=PC_Hero Action=2 Family=POWER Motion=Hero_Stand_None_Fist_P1_PowerAttack_Hit_N_Fwd_00_%_00_P0_100_L.xmot C1=151 Raw8Fist=Fist OpportunityOrdinal=63 Reason=ACCEPTED_FIST LatchBefore=0 LatchAfter=0 LatchWriteAttempted=1 LatchWriteConfirmed=1 TimingActive=0
CORE MARKER ElapsedMs=104217.505 Actor=PC_Hero Action=2 Family=POWER Phase=1 Motion=Hero_Stand_None_Fist_P1_PowerAttack_Hit_N_Fwd_00_%_00_P0_100_L.xmot Marker=FIST Result=ACCEPTED C1Valid=1 C1=151 StatePosition=1 PreviousMask=0 DesiredMask=0 RetiredMask=0 OwnedMask=0 MarkerOwnedMask=0 Activated=0 Deactivated=0 Retired=0 RearmRequests=0 Clears=0 Raw8Fist=Fist Raw8UseType=8 Latch=0->0 LatchConfirmed=1
CORE RAW8_OPPORTUNITY_MISS_REARM ElapsedMs=104224.356 Actor=PC_Hero Action=2 Family=POWER Motion=Hero_Stand_None_Fist_P1_PowerAttack_Hit_N_Fwd_00_%_00_P0_100_L.xmot C1=151 Raw8Fist=Fist OpportunityOrdinal=63 Reason=NO_CONTACT_DISPATCH FullStop=0 LatchBefore=1 LatchAfter=0 LatchWriteAttempted=1 LatchWriteConfirmed=1
CORE RAW8_OPPORTUNITY_MISS_REARM ElapsedMs=104232.811 Actor=PC_Hero Action=2 Family=POWER Motion=Hero_Stand_None_Fist_P1_PowerAttack_Hit_N_Fwd_00_%_00_P0_100_L.xmot C1=151 Raw8Fist=Fist OpportunityOrdinal=63 Reason=NO_CONTACT_DISPATCH FullStop=0 LatchBefore=1 LatchAfter=0 LatchWriteAttempted=1 LatchWriteConfirmed=1
CORE RAW8_OPPORTUNITY_MISS_REARM ElapsedMs=104239.565 Actor=PC_Hero Action=2 Family=POWER Motion=Hero_Stand_None_Fist_P1_PowerAttack_Hit_N_Fwd_00_%_00_P0_100_L.xmot C1=151 Raw8Fist=Fist OpportunityOrdinal=63 Reason=NO_CONTACT_DISPATCH FullStop=0 LatchBefore=1 LatchAfter=0 LatchWriteAttempted=1 LatchWriteConfirmed=1
CORE RAW8_OPPORTUNITY_MISS_REARM ElapsedMs=104247.526 Actor=PC_Hero Action=2 Family=POWER Motion=Hero_Stand_None_Fist_P1_PowerAttack_Hit_N_Fwd_00_%_00_P0_100_L.xmot C1=151 Raw8Fist=Fist OpportunityOrdinal=63 Reason=NO_CONTACT_DISPATCH FullStop=0 LatchBefore=1 LatchAfter=0 LatchWriteAttempted=1 LatchWriteConfirmed=1
CORE RAW8_OPPORTUNITY_MISS_REARM ElapsedMs=104254.720 Actor=PC_Hero Action=2 Family=POWER Motion=Hero_Stand_None_Fist_P1_PowerAttack_Hit_N_Fwd_00_%_00_P0_100_L.xmot C1=151 Raw8Fist=Fist OpportunityOrdinal=63 Reason=NO_CONTACT_DISPATCH FullStop=0 LatchBefore=1 LatchAfter=0 LatchWriteAttempted=1 LatchWriteConfirmed=1
CORE RAW8_OPPORTUNITY_MISS_REARM ElapsedMs=104263.263 Actor=PC_Hero Action=2 Family=POWER Motion=Hero_Stand_None_Fist_P1_PowerAttack_Hit_N_Fwd_00_%_00_P0_100_L.xmot C1=151 Raw8Fist=Fist OpportunityOrdinal=63 Reason=NO_CONTACT_DISPATCH FullStop=0 LatchBefore=1 LatchAfter=0 LatchWriteAttempted=1 LatchWriteConfirmed=1
CORE RAW8_OPPORTUNITY_MISS_REARM ElapsedMs=104270.321 Actor=PC_Hero Action=2 Family=POWER Motion=Hero_Stand_None_Fist_P1_PowerAttack_Hit_N_Fwd_00_%_00_P0_100_L.xmot C1=151 Raw8Fist=Fist OpportunityOrdinal=63 Reason=NO_CONTACT_DISPATCH FullStop=0 LatchBefore=1 LatchAfter=0 LatchWriteAttempted=1 LatchWriteConfirmed=1
CORE RAW8_OPPORTUNITY_MISS_REARM ElapsedMs=104279.806 Actor=PC_Hero Action=2 Family=POWER Motion=Hero_Stand_None_Fist_P1_PowerAttack_Hit_N_Fwd_00_%_00_P0_100_L.xmot C1=151 Raw8Fist=Fist OpportunityOrdinal=63 Reason=NO_CONTACT_DISPATCH FullStop=0 LatchBefore=1 LatchAfter=0 LatchWriteAttempted=1 LatchWriteConfirmed=1
CORE RAW8_OPPORTUNITY_MISS_REARM ElapsedMs=104286.716 Actor=PC_Hero Action=2 Family=POWER Motion=Hero_Stand_None_Fist_P1_PowerAttack_Hit_N_Fwd_00_%_00_P0_100_L.xmot C1=151 Raw8Fist=Fist OpportunityOrdinal=63 Reason=NO_CONTACT_DISPATCH FullStop=0 LatchBefore=1 LatchAfter=0 LatchWriteAttempted=1 LatchWriteConfirmed=1
CORE RAW8_OPPORTUNITY_MISS_REARM ElapsedMs=104295.479 Actor=PC_Hero Action=2 Family=POWER Motion=Hero_Stand_None_Fist_P1_PowerAttack_Hit_N_Fwd_00_%_00_P0_100_L.xmot C1=151 Raw8Fist=Fist OpportunityOrdinal=63 Reason=NO_CONTACT_DISPATCH FullStop=0 LatchBefore=1 LatchAfter=0 LatchWriteAttempted=1 LatchWriteConfirmed=1
CORE RAW8_OPPORTUNITY_MISS_REARM ElapsedMs=104302.716 Actor=PC_Hero Action=2 Family=POWER Motion=Hero_Stand_None_Fist_P1_PowerAttack_Hit_N_Fwd_00_%_00_P0_100_L.xmot C1=151 Raw8Fist=Fist OpportunityOrdinal=63 Reason=NO_CONTACT_DISPATCH FullStop=0 LatchBefore=1 LatchAfter=0 LatchWriteAttempted=1 LatchWriteConfirmed=1
CORE RAW8_OPPORTUNITY_MISS_REARM ElapsedMs=104313.612 Actor=PC_Hero Action=2 Family=POWER Motion=Hero_Stand_None_Fist_P1_PowerAttack_Hit_N_Fwd_00_%_00_P0_100_L.xmot C1=151 Raw8Fist=Fist OpportunityOrdinal=63 Reason=NO_CONTACT_DISPATCH FullStop=0 LatchBefore=1 LatchAfter=0 LatchWriteAttempted=1 LatchWriteConfirmed=1
CORE RAW8_OPPORTUNITY_MISS_REARM ElapsedMs=104320.622 Actor=PC_Hero Action=2 Family=POWER Motion=Hero_Stand_None_Fist_P1_PowerAttack_Hit_N_Fwd_00_%_00_P0_100_L.xmot C1=151 Raw8Fist=Fist OpportunityOrdinal=63 Reason=NO_CONTACT_DISPATCH FullStop=0 LatchBefore=1 LatchAfter=0 LatchWriteAttempted=1 LatchWriteConfirmed=1
CORE RAW8_OPPORTUNITY_MISS_REARM ElapsedMs=104330.079 Actor=PC_Hero Action=2 Family=POWER Motion=Hero_Stand_None_Fist_P1_PowerAttack_Hit_N_Fwd_00_%_00_P0_100_L.xmot C1=151 Raw8Fist=Fist OpportunityOrdinal=63 Reason=NO_CONTACT_DISPATCH FullStop=0 LatchBefore=1 LatchAfter=0 LatchWriteAttempted=1 LatchWriteConfirmed=1
CORE RAW8_OPPORTUNITY_MISS_REARM ElapsedMs=104336.753 Actor=PC_Hero Action=2 Family=POWER Motion=Hero_Stand_None_Fist_P1_PowerAttack_Hit_N_Fwd_00_%_00_P0_100_L.xmot C1=151 Raw8Fist=Fist OpportunityOrdinal=63 Reason=NO_CONTACT_DISPATCH FullStop=0 LatchBefore=1 LatchAfter=0 LatchWriteAttempted=1 LatchWriteConfirmed=1
CORE RAW8_OPPORTUNITY_MISS_REARM ElapsedMs=104346.030 Actor=PC_Hero Action=2 Family=POWER Motion=Hero_Stand_None_Fist_P1_PowerAttack_Hit_N_Fwd_00_%_00_P0_100_L.xmot C1=151 Raw8Fist=Fist OpportunityOrdinal=63 Reason=NO_CONTACT_DISPATCH FullStop=0 LatchBefore=1 LatchAfter=0 LatchWriteAttempted=1 LatchWriteConfirmed=1
CORE RAW8_OPPORTUNITY_MISS_REARM ElapsedMs=104352.656 Actor=PC_Hero Action=2 Family=POWER Motion=Hero_Stand_None_Fist_P1_PowerAttack_Hit_N_Fwd_00_%_00_P0_100_L.xmot C1=151 Raw8Fist=Fist OpportunityOrdinal=63 Reason=NO_CONTACT_DISPATCH FullStop=0 LatchBefore=1 LatchAfter=0 LatchWriteAttempted=1 LatchWriteConfirmed=1
CORE RAW8_OPPORTUNITY_MISS_REARM ElapsedMs=104361.853 Actor=PC_Hero Action=2 Family=POWER Motion=Hero_Stand_None_Fist_P1_PowerAttack_Hit_N_Fwd_00_%_00_P0_100_L.xmot C1=151 Raw8Fist=Fist OpportunityOrdinal=63 Reason=NO_CONTACT_DISPATCH FullStop=0 LatchBefore=1 LatchAfter=0 LatchWriteAttempted=1 LatchWriteConfirmed=1
CORE RAW8_OPPORTUNITY_MISS_REARM ElapsedMs=104369.748 Actor=PC_Hero Action=2 Family=POWER Motion=Hero_Stand_None_Fist_P1_PowerAttack_Hit_N_Fwd_00_%_00_P0_100_L.xmot C1=151 Raw8Fist=Fist OpportunityOrdinal=63 Reason=NO_CONTACT_DISPATCH FullStop=0 LatchBefore=1 LatchAfter=0 LatchWriteAttempted=1 LatchWriteConfirmed=1
CORE RAW8_OPPORTUNITY_MISS_REARM ElapsedMs=104377.001 Actor=PC_Hero Action=2 Family=POWER Motion=Hero_Stand_None_Fist_P1_PowerAttack_Hit_N_Fwd_00_%_00_P0_100_L.xmot C1=151 Raw8Fist=Fist OpportunityOrdinal=63 Reason=NO_CONTACT_DISPATCH FullStop=0 LatchBefore=1 LatchAfter=0 LatchWriteAttempted=1 LatchWriteConfirmed=1
CORE RAW8_OPPORTUNITY_MISS_REARM ElapsedMs=104385.622 Actor=PC_Hero Action=2 Family=POWER Motion=Hero_Stand_None_Fist_P1_PowerAttack_Hit_N_Fwd_00_%_00_P0_100_L.xmot C1=151 Raw8Fist=Fist OpportunityOrdinal=63 Reason=NO_CONTACT_DISPATCH FullStop=0 LatchBefore=1 LatchAfter=0 LatchWriteAttempted=1 LatchWriteConfirmed=1
CORE RAW8_OPPORTUNITY_MISS_REARM ElapsedMs=104392.777 Actor=PC_Hero Action=2 Family=POWER Motion=Hero_Stand_None_Fist_P1_PowerAttack_Hit_N_Fwd_00_%_00_P0_100_L.xmot C1=151 Raw8Fist=Fist OpportunityOrdinal=63 Reason=NO_CONTACT_DISPATCH FullStop=0 LatchBefore=1 LatchAfter=0 LatchWriteAttempted=1 LatchWriteConfirmed=1
CORE RAW8_OPPORTUNITY_MISS_REARM ElapsedMs=104401.789 Actor=PC_Hero Action=2 Family=POWER Motion=Hero_Stand_None_Fist_P1_PowerAttack_Hit_N_Fwd_00_%_00_P0_100_L.xmot C1=151 Raw8Fist=Fist OpportunityOrdinal=63 Reason=NO_CONTACT_DISPATCH FullStop=0 LatchBefore=1 LatchAfter=0 LatchWriteAttempted=1 LatchWriteConfirmed=1
CORE RAW8_OPPORTUNITY_CLOSE ElapsedMs=104409.180 Actor=PC_Hero Action=2 Family=POWER Motion=Hero_Stand_None_Fist_P1_PowerAttack_Hit_N_Fwd_00_%_00_P0_100_L.xmot C1=151 Raw8Fist=Fist OpportunityOrdinal=63 Reason=C1_FINALIZED LatchBefore=0 LatchAfter=1 LatchWriteAttempted=1 LatchWriteConfirmed=1
CORE C1_FINAL ElapsedMs=104409.219 Actor=PC_Hero Generation=151 Status=PERSISTED SourceCount=1 PhysicalChanged=0 Source[0]=Fist Side=RIGHT Outstanding=0 Cleanup=0 Outcome=NO_OP_NO_OUTSTANDING
CORE C1_START ElapsedMs=104887.745 Actor=Golem Generation=153 Status=CANDIDATE Outstanding=0 TrackedSources=1 ReplacedGeneration=0 ReplacedOutstanding=0 Source[0]=Fist Side=RIGHT Group=0
CORE C1_BIND ElapsedMs=104887.757 Event=COMBAT_MOVE_CANDIDATE_BOUND Actor=Golem Generation=153 Status=CANDIDATE Outstanding=0 Source=<null> Script=_AI_Attack
CORE C1_STATUS ElapsedMs=104887.821 Event=PERSISTED Actor=Golem Generation=153 Status=PERSISTED Outstanding=0
CORE C1_START ElapsedMs=105031.607 Actor=PC_Hero Generation=154 Status=CANDIDATE Outstanding=0 TrackedSources=1 ReplacedGeneration=0 ReplacedOutstanding=0 Source[0]=Fist Side=RIGHT Group=0
CORE C1_BIND ElapsedMs=105031.618 Event=COMBAT_MOVE_CANDIDATE_BOUND Actor=PC_Hero Generation=154 Status=CANDIDATE Outstanding=0 Source=<null> Script=_AI_Attack
CORE C1_STATUS ElapsedMs=105031.680 Event=PERSISTED Actor=PC_Hero Generation=154 Status=PERSISTED Outstanding=0
CORE RAW8_FIST_OWNERSHIP ElapsedMs=105031.695 Actor=PC_Hero Action=1 Family=NORMAL Motion=Hero_Stand_None_Fist_P0_Attack_Hit_N_Fwd_00_%_00_P1_100_R.xmot C1=154 Raw8Fist=Fist Raw8UseType=8 InitialClose=0->1 Result=CONFIRMED
CORE ATTACK_OWNERSHIP ElapsedMs=105031.705 Actor=PC_Hero Family=NORMAL Action=1 Phase=1 Motion=Hero_Stand_None_Fist_P0_Attack_Hit_N_Fwd_00_%_00_P1_100_R.xmot MarkerPresent=1 RequiredMask=0 FistMarkers=1 Raw8Fist=Fist Raw8UseType=8 SuppressNative=0 Classification=ROUTINE
CORE COLLISION_GROUP ElapsedMs=105122.874 Source=Fist UseType=8 Owner=<unresolved> Slot=NONE Requested=7 Before=0 After=0 MarkerBitsRetired=0
CORE RAW8_FIST_TIMING ElapsedMs=105141.458 Actor=PC_Hero Action=1 Family=NORMAL Motion=Hero_Stand_None_Fist_P0_Attack_Hit_N_Fwd_00_%_00_P1_100_R.xmot C1=154 Raw8Fist=Fist Raw8UseType=8 AcceptedRearm=1->0 OwnershipMatched=1 Classification=EARLY_PERMISSION_ARMED
CORE RAW8_OPPORTUNITY_OPEN ElapsedMs=105141.486 Actor=PC_Hero Action=1 Family=NORMAL Motion=Hero_Stand_None_Fist_P0_Attack_Hit_N_Fwd_00_%_00_P1_100_R.xmot C1=154 Raw8Fist=Fist OpportunityOrdinal=64 Reason=ACCEPTED_FIST LatchBefore=1 LatchAfter=0 LatchWriteAttempted=1 LatchWriteConfirmed=1 TimingActive=1
CORE MARKER ElapsedMs=105141.498 Actor=PC_Hero Action=1 Family=NORMAL Phase=1 Motion=Hero_Stand_None_Fist_P0_Attack_Hit_N_Fwd_00_%_00_P1_100_R.xmot Marker=FIST Result=ACCEPTED C1Valid=1 C1=154 StatePosition=0 PreviousMask=0 DesiredMask=0 RetiredMask=0 OwnedMask=0 MarkerOwnedMask=0 Activated=0 Deactivated=0 Retired=0 RearmRequests=0 Clears=0 Raw8Fist=Fist Raw8UseType=8 Latch=1->0 LatchConfirmed=1
CORE RAW8_FIST_TIMING ElapsedMs=105149.974 Actor=PC_Hero Action=1 Family=NORMAL Motion=Hero_Stand_None_Fist_P0_Attack_Hit_N_Fwd_00_%_00_P1_100_R.xmot C1=154 Raw8Fist=Fist Raw8UseType=8 PermissionApplied=1 SyntheticApplied=1 Classification=EARLY_PERMISSION_APPLIED
CORE RAW8_OPPORTUNITY_CONTACT_CONSUMED ElapsedMs=105150.105 Actor=PC_Hero Action=1 Family=NORMAL Motion=Hero_Stand_None_Fist_P0_Attack_Hit_N_Fwd_00_%_00_P1_100_R.xmot C1=154 Raw8Fist=Fist OpportunityOrdinal=64 Reason=EXACT_NATIVE_CONTACT_DISPATCH LatchValue=1
CORE RAW8_FIST_TIMING ElapsedMs=105150.119 Actor=PC_Hero C1=154 PermissionRetired=1 Reason=CONTACT_CONSUMED
CORE ONDAMAGE ElapsedMs=105150.133 Ordinal=41 Target=Golem Arg1=Fist Arg2=PC_Hero Caller=Game.dll+0x0016E348 PlayerAction=1 PlayerPhase=1 PlayerMotion=Hero_Stand_None_Fist_P0_Attack_Hit_N_Fwd_00_%_00_P1_100_R.xmot Raw8Fist=Fist Raw8UseType=8 Raw8Group=0
CORE C1_START ElapsedMs=105153.764 Actor=Golem Generation=155 Status=CANDIDATE Outstanding=0 TrackedSources=1 ReplacedGeneration=153 ReplacedOutstanding=0 Source[0]=Fist Side=RIGHT Group=0
CORE C1_BIND ElapsedMs=105153.775 Event=COMBAT_MOVE_CANDIDATE_BOUND Actor=Golem Generation=155 Status=CANDIDATE Outstanding=0 Source=<null> Script=_AI_Stumble
CORE C1_STATUS ElapsedMs=105153.838 Event=PERSISTED Actor=Golem Generation=155 Status=PERSISTED Outstanding=0
CORE COLLISION_GROUP ElapsedMs=105264.945 Source=Fist UseType=8 Owner=<unresolved> Slot=NONE Requested=7 Before=0 After=0 MarkerBitsRetired=0
CORE C1_FINAL ElapsedMs=105325.335 Actor=PC_Hero Generation=154 Status=PERSISTED SourceCount=1 PhysicalChanged=0 Source[0]=Fist Side=RIGHT Outstanding=0 Cleanup=0 Outcome=NO_OP_NO_OUTSTANDING
CORE C1_FINAL ElapsedMs=105492.444 Actor=Golem Generation=155 Status=PERSISTED SourceCount=1 PhysicalChanged=0 Source[0]=Fist Side=RIGHT Outstanding=0 Cleanup=0 Outcome=NO_OP_NO_OUTSTANDING
CORE C1_START ElapsedMs=105831.121 Actor=Golem Generation=156 Status=CANDIDATE Outstanding=0 TrackedSources=1 ReplacedGeneration=0 ReplacedOutstanding=0 Source[0]=Fist Side=RIGHT Group=0
CORE C1_BIND ElapsedMs=105831.132 Event=COMBAT_MOVE_CANDIDATE_BOUND Actor=Golem Generation=156 Status=CANDIDATE Outstanding=0 Source=<null> Script=_AI_Attack
CORE C1_STATUS ElapsedMs=105831.186 Event=PERSISTED Actor=Golem Generation=156 Status=PERSISTED Outstanding=0
CORE C1_START ElapsedMs=106013.699 Actor=PC_Hero Generation=157 Status=CANDIDATE Outstanding=0 TrackedSources=1 ReplacedGeneration=0 ReplacedOutstanding=0 Source[0]=Fist Side=RIGHT Group=0
CORE C1_BIND ElapsedMs=106013.710 Event=COMBAT_MOVE_CANDIDATE_BOUND Actor=PC_Hero Generation=157 Status=CANDIDATE Outstanding=0 Source=<null> Script=_AI_PowerAttack
CORE C1_STATUS ElapsedMs=106013.767 Event=PERSISTED Actor=PC_Hero Generation=157 Status=PERSISTED Outstanding=0
CORE COLLISION_GROUP ElapsedMs=106063.946 Source=Fist UseType=8 Owner=<unresolved> Slot=NONE Requested=7 Before=0 After=0 MarkerBitsRetired=0
CORE C1_FINAL ElapsedMs=106203.576 Actor=Golem Generation=156 Status=PERSISTED SourceCount=1 PhysicalChanged=0 Source[0]=Fist Side=RIGHT Outstanding=0 Cleanup=0 Outcome=NO_OP_NO_OUTSTANDING
CORE C1_START ElapsedMs=106211.103 Actor=Golem Generation=158 Status=CANDIDATE Outstanding=0 TrackedSources=1 ReplacedGeneration=0 ReplacedOutstanding=0 Source[0]=Fist Side=RIGHT Group=0
CORE C1_BIND ElapsedMs=106211.116 Event=COMBAT_MOVE_CANDIDATE_BOUND Actor=Golem Generation=158 Status=CANDIDATE Outstanding=0 Source=<null> Script=_AI_JumpBack
CORE C1_STATUS ElapsedMs=106211.180 Event=PERSISTED Actor=Golem Generation=158 Status=PERSISTED Outstanding=0
CORE C1_BIND ElapsedMs=106285.537 Event=COMBAT_MOVE_REUSED Actor=PC_Hero Generation=157 Status=PERSISTED Outstanding=0 Source=<null> Script=_AI_PowerAttack
CORE RAW8_FIST_OWNERSHIP ElapsedMs=106285.628 Actor=PC_Hero Action=2 Family=POWER Motion=Hero_Stand_None_Fist_P1_PowerAttack_Hit_N_Fwd_00_%_00_P0_100_L.xmot C1=157 Raw8Fist=Fist Raw8UseType=8 InitialClose=0->1 Result=CONFIRMED
CORE ATTACK_OWNERSHIP ElapsedMs=106285.641 Actor=PC_Hero Family=POWER Action=2 Phase=1 Motion=Hero_Stand_None_Fist_P1_PowerAttack_Hit_N_Fwd_00_%_00_P0_100_L.xmot MarkerPresent=1 RequiredMask=0 FistMarkers=1 Raw8Fist=Fist Raw8UseType=8 SuppressNative=0 Classification=ROUTINE
CORE COLLISION_GROUP ElapsedMs=106285.674 Source=Fist UseType=8 Owner=<unresolved> Slot=NONE Requested=7 Before=0 After=0 MarkerBitsRetired=0
CORE RAW8_FIST_TIMING ElapsedMs=106389.895 Actor=PC_Hero Action=2 Family=POWER Motion=Hero_Stand_None_Fist_P1_PowerAttack_Hit_N_Fwd_00_%_00_P0_100_L.xmot C1=157 Raw8Fist=Fist Raw8UseType=8 AcceptedRearm=1->0 OwnershipMatched=1 Classification=EARLY_PERMISSION_ARMED
CORE RAW8_OPPORTUNITY_OPEN ElapsedMs=106389.925 Actor=PC_Hero Action=2 Family=POWER Motion=Hero_Stand_None_Fist_P1_PowerAttack_Hit_N_Fwd_00_%_00_P0_100_L.xmot C1=157 Raw8Fist=Fist OpportunityOrdinal=65 Reason=ACCEPTED_FIST LatchBefore=1 LatchAfter=0 LatchWriteAttempted=1 LatchWriteConfirmed=1 TimingActive=1
CORE MARKER ElapsedMs=106389.938 Actor=PC_Hero Action=2 Family=POWER Phase=1 Motion=Hero_Stand_None_Fist_P1_PowerAttack_Hit_N_Fwd_00_%_00_P0_100_L.xmot Marker=FIST Result=ACCEPTED C1Valid=1 C1=157 StatePosition=1 PreviousMask=0 DesiredMask=0 RetiredMask=0 OwnedMask=0 MarkerOwnedMask=0 Activated=0 Deactivated=0 Retired=0 RearmRequests=0 Clears=0 Raw8Fist=Fist Raw8UseType=8 Latch=1->0 LatchConfirmed=1
CORE RAW8_FIST_TIMING ElapsedMs=106396.883 Actor=PC_Hero Action=2 Family=POWER Motion=Hero_Stand_None_Fist_P1_PowerAttack_Hit_N_Fwd_00_%_00_P0_100_L.xmot C1=157 Raw8Fist=Fist Raw8UseType=8 PermissionApplied=1 SyntheticApplied=1 Classification=EARLY_PERMISSION_APPLIED
CORE RAW8_OPPORTUNITY_MISS_REARM ElapsedMs=106396.922 Actor=PC_Hero Action=2 Family=POWER Motion=Hero_Stand_None_Fist_P1_PowerAttack_Hit_N_Fwd_00_%_00_P0_100_L.xmot C1=157 Raw8Fist=Fist OpportunityOrdinal=65 Reason=NO_CONTACT_DISPATCH FullStop=0 LatchBefore=1 LatchAfter=0 LatchWriteAttempted=1 LatchWriteConfirmed=1
CORE RAW8_OPPORTUNITY_MISS_REARM ElapsedMs=106405.413 Actor=PC_Hero Action=2 Family=POWER Motion=Hero_Stand_None_Fist_P1_PowerAttack_Hit_N_Fwd_00_%_00_P0_100_L.xmot C1=157 Raw8Fist=Fist OpportunityOrdinal=65 Reason=NO_CONTACT_DISPATCH FullStop=0 LatchBefore=1 LatchAfter=0 LatchWriteAttempted=1 LatchWriteConfirmed=1
CORE RAW8_OPPORTUNITY_MISS_REARM ElapsedMs=106413.356 Actor=PC_Hero Action=2 Family=POWER Motion=Hero_Stand_None_Fist_P1_PowerAttack_Hit_N_Fwd_00_%_00_P0_100_L.xmot C1=157 Raw8Fist=Fist OpportunityOrdinal=65 Reason=NO_CONTACT_DISPATCH FullStop=0 LatchBefore=1 LatchAfter=0 LatchWriteAttempted=1 LatchWriteConfirmed=1
CORE RAW8_OPPORTUNITY_MISS_REARM ElapsedMs=106420.568 Actor=PC_Hero Action=2 Family=POWER Motion=Hero_Stand_None_Fist_P1_PowerAttack_Hit_N_Fwd_00_%_00_P0_100_L.xmot C1=157 Raw8Fist=Fist OpportunityOrdinal=65 Reason=NO_CONTACT_DISPATCH FullStop=0 LatchBefore=1 LatchAfter=0 LatchWriteAttempted=1 LatchWriteConfirmed=1
CORE RAW8_OPPORTUNITY_MISS_REARM ElapsedMs=106429.075 Actor=PC_Hero Action=2 Family=POWER Motion=Hero_Stand_None_Fist_P1_PowerAttack_Hit_N_Fwd_00_%_00_P0_100_L.xmot C1=157 Raw8Fist=Fist OpportunityOrdinal=65 Reason=NO_CONTACT_DISPATCH FullStop=0 LatchBefore=1 LatchAfter=0 LatchWriteAttempted=1 LatchWriteConfirmed=1
CORE RAW8_OPPORTUNITY_MISS_REARM ElapsedMs=106435.996 Actor=PC_Hero Action=2 Family=POWER Motion=Hero_Stand_None_Fist_P1_PowerAttack_Hit_N_Fwd_00_%_00_P0_100_L.xmot C1=157 Raw8Fist=Fist OpportunityOrdinal=65 Reason=NO_CONTACT_DISPATCH FullStop=0 LatchBefore=1 LatchAfter=0 LatchWriteAttempted=1 LatchWriteConfirmed=1
CORE RAW8_OPPORTUNITY_MISS_REARM ElapsedMs=106444.901 Actor=PC_Hero Action=2 Family=POWER Motion=Hero_Stand_None_Fist_P1_PowerAttack_Hit_N_Fwd_00_%_00_P0_100_L.xmot C1=157 Raw8Fist=Fist OpportunityOrdinal=65 Reason=NO_CONTACT_DISPATCH FullStop=0 LatchBefore=1 LatchAfter=0 LatchWriteAttempted=1 LatchWriteConfirmed=1
CORE RAW8_OPPORTUNITY_MISS_REARM ElapsedMs=106452.101 Actor=PC_Hero Action=2 Family=POWER Motion=Hero_Stand_None_Fist_P1_PowerAttack_Hit_N_Fwd_00_%_00_P0_100_L.xmot C1=157 Raw8Fist=Fist OpportunityOrdinal=65 Reason=NO_CONTACT_DISPATCH FullStop=0 LatchBefore=1 LatchAfter=0 LatchWriteAttempted=1 LatchWriteConfirmed=1
CORE RAW8_OPPORTUNITY_MISS_REARM ElapsedMs=106459.391 Actor=PC_Hero Action=2 Family=POWER Motion=Hero_Stand_None_Fist_P1_PowerAttack_Hit_N_Fwd_00_%_00_P0_100_L.xmot C1=157 Raw8Fist=Fist OpportunityOrdinal=65 Reason=NO_CONTACT_DISPATCH FullStop=0 LatchBefore=1 LatchAfter=0 LatchWriteAttempted=1 LatchWriteConfirmed=1
CORE RAW8_OPPORTUNITY_MISS_REARM ElapsedMs=106467.668 Actor=PC_Hero Action=2 Family=POWER Motion=Hero_Stand_None_Fist_P1_PowerAttack_Hit_N_Fwd_00_%_00_P0_100_L.xmot C1=157 Raw8Fist=Fist OpportunityOrdinal=65 Reason=NO_CONTACT_DISPATCH FullStop=0 LatchBefore=1 LatchAfter=0 LatchWriteAttempted=1 LatchWriteConfirmed=1
CORE RAW8_OPPORTUNITY_MISS_REARM ElapsedMs=106474.403 Actor=PC_Hero Action=2 Family=POWER Motion=Hero_Stand_None_Fist_P1_PowerAttack_Hit_N_Fwd_00_%_00_P0_100_L.xmot C1=157 Raw8Fist=Fist OpportunityOrdinal=65 Reason=NO_CONTACT_DISPATCH FullStop=0 LatchBefore=1 LatchAfter=0 LatchWriteAttempted=1 LatchWriteConfirmed=1
CORE RAW8_OPPORTUNITY_MISS_REARM ElapsedMs=106483.623 Actor=PC_Hero Action=2 Family=POWER Motion=Hero_Stand_None_Fist_P1_PowerAttack_Hit_N_Fwd_00_%_00_P0_100_L.xmot C1=157 Raw8Fist=Fist OpportunityOrdinal=65 Reason=NO_CONTACT_DISPATCH FullStop=0 LatchBefore=1 LatchAfter=0 LatchWriteAttempted=1 LatchWriteConfirmed=1
CORE RAW8_OPPORTUNITY_MISS_REARM ElapsedMs=106490.542 Actor=PC_Hero Action=2 Family=POWER Motion=Hero_Stand_None_Fist_P1_PowerAttack_Hit_N_Fwd_00_%_00_P0_100_L.xmot C1=157 Raw8Fist=Fist OpportunityOrdinal=65 Reason=NO_CONTACT_DISPATCH FullStop=0 LatchBefore=1 LatchAfter=0 LatchWriteAttempted=1 LatchWriteConfirmed=1
CORE RAW8_OPPORTUNITY_MISS_REARM ElapsedMs=106499.527 Actor=PC_Hero Action=2 Family=POWER Motion=Hero_Stand_None_Fist_P1_PowerAttack_Hit_N_Fwd_00_%_00_P0_100_L.xmot C1=157 Raw8Fist=Fist OpportunityOrdinal=65 Reason=NO_CONTACT_DISPATCH FullStop=0 LatchBefore=1 LatchAfter=0 LatchWriteAttempted=1 LatchWriteConfirmed=1
CORE RAW8_OPPORTUNITY_MISS_REARM ElapsedMs=106506.079 Actor=PC_Hero Action=2 Family=POWER Motion=Hero_Stand_None_Fist_P1_PowerAttack_Hit_N_Fwd_00_%_00_P0_100_L.xmot C1=157 Raw8Fist=Fist OpportunityOrdinal=65 Reason=NO_CONTACT_DISPATCH FullStop=0 LatchBefore=1 LatchAfter=0 LatchWriteAttempted=1 LatchWriteConfirmed=1
CORE RAW8_OPPORTUNITY_MISS_REARM ElapsedMs=106514.793 Actor=PC_Hero Action=2 Family=POWER Motion=Hero_Stand_None_Fist_P1_PowerAttack_Hit_N_Fwd_00_%_00_P0_100_L.xmot C1=157 Raw8Fist=Fist OpportunityOrdinal=65 Reason=NO_CONTACT_DISPATCH FullStop=0 LatchBefore=1 LatchAfter=0 LatchWriteAttempted=1 LatchWriteConfirmed=1
CORE RAW8_OPPORTUNITY_MISS_REARM ElapsedMs=106522.145 Actor=PC_Hero Action=2 Family=POWER Motion=Hero_Stand_None_Fist_P1_PowerAttack_Hit_N_Fwd_00_%_00_P0_100_L.xmot C1=157 Raw8Fist=Fist OpportunityOrdinal=65 Reason=NO_CONTACT_DISPATCH FullStop=0 LatchBefore=1 LatchAfter=0 LatchWriteAttempted=1 LatchWriteConfirmed=1
CORE RAW8_OPPORTUNITY_MISS_REARM ElapsedMs=106529.606 Actor=PC_Hero Action=2 Family=POWER Motion=Hero_Stand_None_Fist_P1_PowerAttack_Hit_N_Fwd_00_%_00_P0_100_L.xmot C1=157 Raw8Fist=Fist OpportunityOrdinal=65 Reason=NO_CONTACT_DISPATCH FullStop=0 LatchBefore=1 LatchAfter=0 LatchWriteAttempted=1 LatchWriteConfirmed=1
CORE RAW8_OPPORTUNITY_MISS_REARM ElapsedMs=106537.593 Actor=PC_Hero Action=2 Family=POWER Motion=Hero_Stand_None_Fist_P1_PowerAttack_Hit_N_Fwd_00_%_00_P0_100_L.xmot C1=157 Raw8Fist=Fist OpportunityOrdinal=65 Reason=NO_CONTACT_DISPATCH FullStop=0 LatchBefore=1 LatchAfter=0 LatchWriteAttempted=1 LatchWriteConfirmed=1
CORE RAW8_OPPORTUNITY_MISS_REARM ElapsedMs=106545.158 Actor=PC_Hero Action=2 Family=POWER Motion=Hero_Stand_None_Fist_P1_PowerAttack_Hit_N_Fwd_00_%_00_P0_100_L.xmot C1=157 Raw8Fist=Fist OpportunityOrdinal=65 Reason=NO_CONTACT_DISPATCH FullStop=0 LatchBefore=1 LatchAfter=0 LatchWriteAttempted=1 LatchWriteConfirmed=1
CORE RAW8_OPPORTUNITY_MISS_REARM ElapsedMs=106553.664 Actor=PC_Hero Action=2 Family=POWER Motion=Hero_Stand_None_Fist_P1_PowerAttack_Hit_N_Fwd_00_%_00_P0_100_L.xmot C1=157 Raw8Fist=Fist OpportunityOrdinal=65 Reason=NO_CONTACT_DISPATCH FullStop=0 LatchBefore=1 LatchAfter=0 LatchWriteAttempted=1 LatchWriteConfirmed=1
CORE RAW8_OPPORTUNITY_MISS_REARM ElapsedMs=106561.443 Actor=PC_Hero Action=2 Family=POWER Motion=Hero_Stand_None_Fist_P1_PowerAttack_Hit_N_Fwd_00_%_00_P0_100_L.xmot C1=157 Raw8Fist=Fist OpportunityOrdinal=65 Reason=NO_CONTACT_DISPATCH FullStop=0 LatchBefore=1 LatchAfter=0 LatchWriteAttempted=1 LatchWriteConfirmed=1
CORE RAW8_OPPORTUNITY_MISS_REARM ElapsedMs=106568.339 Actor=PC_Hero Action=2 Family=POWER Motion=Hero_Stand_None_Fist_P1_PowerAttack_Hit_N_Fwd_00_%_00_P0_100_L.xmot C1=157 Raw8Fist=Fist OpportunityOrdinal=65 Reason=NO_CONTACT_DISPATCH FullStop=0 LatchBefore=1 LatchAfter=0 LatchWriteAttempted=1 LatchWriteConfirmed=1
CORE RAW8_OPPORTUNITY_MISS_REARM ElapsedMs=106577.841 Actor=PC_Hero Action=2 Family=POWER Motion=Hero_Stand_None_Fist_P1_PowerAttack_Hit_N_Fwd_00_%_00_P0_100_L.xmot C1=157 Raw8Fist=Fist OpportunityOrdinal=65 Reason=NO_CONTACT_DISPATCH FullStop=0 LatchBefore=1 LatchAfter=0 LatchWriteAttempted=1 LatchWriteConfirmed=1
CORE RAW8_OPPORTUNITY_MISS_REARM ElapsedMs=106585.239 Actor=PC_Hero Action=2 Family=POWER Motion=Hero_Stand_None_Fist_P1_PowerAttack_Hit_N_Fwd_00_%_00_P0_100_L.xmot C1=157 Raw8Fist=Fist OpportunityOrdinal=65 Reason=NO_CONTACT_DISPATCH FullStop=0 LatchBefore=1 LatchAfter=0 LatchWriteAttempted=1 LatchWriteConfirmed=1
CORE RAW8_OPPORTUNITY_MISS_REARM ElapsedMs=106593.045 Actor=PC_Hero Action=2 Family=POWER Motion=Hero_Stand_None_Fist_P1_PowerAttack_Hit_N_Fwd_00_%_00_P0_100_L.xmot C1=157 Raw8Fist=Fist OpportunityOrdinal=65 Reason=NO_CONTACT_DISPATCH FullStop=0 LatchBefore=1 LatchAfter=0 LatchWriteAttempted=1 LatchWriteConfirmed=1
CORE RAW8_OPPORTUNITY_MISS_REARM ElapsedMs=106601.309 Actor=PC_Hero Action=2 Family=POWER Motion=Hero_Stand_None_Fist_P1_PowerAttack_Hit_N_Fwd_00_%_00_P0_100_L.xmot C1=157 Raw8Fist=Fist OpportunityOrdinal=65 Reason=NO_CONTACT_DISPATCH FullStop=0 LatchBefore=1 LatchAfter=0 LatchWriteAttempted=1 LatchWriteConfirmed=1
CORE RAW8_OPPORTUNITY_MISS_REARM ElapsedMs=106608.031 Actor=PC_Hero Action=2 Family=POWER Motion=Hero_Stand_None_Fist_P1_PowerAttack_Hit_N_Fwd_00_%_00_P0_100_L.xmot C1=157 Raw8Fist=Fist OpportunityOrdinal=65 Reason=NO_CONTACT_DISPATCH FullStop=0 LatchBefore=1 LatchAfter=0 LatchWriteAttempted=1 LatchWriteConfirmed=1
CORE RAW8_OPPORTUNITY_MISS_REARM ElapsedMs=106616.469 Actor=PC_Hero Action=2 Family=POWER Motion=Hero_Stand_None_Fist_P1_PowerAttack_Hit_N_Fwd_00_%_00_P0_100_L.xmot C1=157 Raw8Fist=Fist OpportunityOrdinal=65 Reason=NO_CONTACT_DISPATCH FullStop=0 LatchBefore=1 LatchAfter=0 LatchWriteAttempted=1 LatchWriteConfirmed=1
CORE RAW8_OPPORTUNITY_MISS_REARM ElapsedMs=106622.899 Actor=PC_Hero Action=2 Family=POWER Motion=Hero_Stand_None_Fist_P1_PowerAttack_Hit_N_Fwd_00_%_00_P0_100_L.xmot C1=157 Raw8Fist=Fist OpportunityOrdinal=65 Reason=NO_CONTACT_DISPATCH FullStop=0 LatchBefore=1 LatchAfter=0 LatchWriteAttempted=1 LatchWriteConfirmed=1
CORE RAW8_OPPORTUNITY_MISS_REARM ElapsedMs=106632.263 Actor=PC_Hero Action=2 Family=POWER Motion=Hero_Stand_None_Fist_P1_PowerAttack_Hit_N_Fwd_00_%_00_P0_100_L.xmot C1=157 Raw8Fist=Fist OpportunityOrdinal=65 Reason=NO_CONTACT_DISPATCH FullStop=0 LatchBefore=1 LatchAfter=0 LatchWriteAttempted=1 LatchWriteConfirmed=1
CORE RAW8_OPPORTUNITY_MISS_REARM ElapsedMs=106639.357 Actor=PC_Hero Action=2 Family=POWER Motion=Hero_Stand_None_Fist_P1_PowerAttack_Hit_N_Fwd_00_%_00_P0_100_L.xmot C1=157 Raw8Fist=Fist OpportunityOrdinal=65 Reason=NO_CONTACT_DISPATCH FullStop=0 LatchBefore=1 LatchAfter=0 LatchWriteAttempted=1 LatchWriteConfirmed=1
CORE RAW8_OPPORTUNITY_MISS_REARM ElapsedMs=106648.347 Actor=PC_Hero Action=2 Family=POWER Motion=Hero_Stand_None_Fist_P1_PowerAttack_Hit_N_Fwd_00_%_00_P0_100_L.xmot C1=157 Raw8Fist=Fist OpportunityOrdinal=65 Reason=NO_CONTACT_DISPATCH FullStop=0 LatchBefore=1 LatchAfter=0 LatchWriteAttempted=1 LatchWriteConfirmed=1
CORE C1_FINAL ElapsedMs=106652.188 Actor=Golem Generation=158 Status=PERSISTED SourceCount=1 PhysicalChanged=0 Source[0]=Fist Side=RIGHT Outstanding=0 Cleanup=0 Outcome=NO_OP_NO_OUTSTANDING
CORE RAW8_OPPORTUNITY_MISS_REARM ElapsedMs=106655.613 Actor=PC_Hero Action=2 Family=POWER Motion=Hero_Stand_None_Fist_P1_PowerAttack_Hit_N_Fwd_00_%_00_P0_100_L.xmot C1=157 Raw8Fist=Fist OpportunityOrdinal=65 Reason=NO_CONTACT_DISPATCH FullStop=0 LatchBefore=1 LatchAfter=0 LatchWriteAttempted=1 LatchWriteConfirmed=1
CORE RAW8_FIST_TIMING ElapsedMs=106667.812 Actor=PC_Hero C1=157 PermissionRetired=1 Reason=REAL_TIME_REACHED_FORCED_VALUE
CORE RAW8_OPPORTUNITY_MISS_REARM ElapsedMs=106667.849 Actor=PC_Hero Action=2 Family=POWER Motion=Hero_Stand_None_Fist_P1_PowerAttack_Hit_N_Fwd_00_%_00_P0_100_L.xmot C1=157 Raw8Fist=Fist OpportunityOrdinal=65 Reason=NO_CONTACT_DISPATCH FullStop=0 LatchBefore=1 LatchAfter=0 LatchWriteAttempted=1 LatchWriteConfirmed=1
CORE RAW8_OPPORTUNITY_MISS_REARM ElapsedMs=106677.902 Actor=PC_Hero Action=2 Family=POWER Motion=Hero_Stand_None_Fist_P1_PowerAttack_Hit_N_Fwd_00_%_00_P0_100_L.xmot C1=157 Raw8Fist=Fist OpportunityOrdinal=65 Reason=NO_CONTACT_DISPATCH FullStop=0 LatchBefore=1 LatchAfter=0 LatchWriteAttempted=1 LatchWriteConfirmed=1
CORE RAW8_OPPORTUNITY_MISS_REARM ElapsedMs=106685.043 Actor=PC_Hero Action=2 Family=POWER Motion=Hero_Stand_None_Fist_P1_PowerAttack_Hit_N_Fwd_00_%_00_P0_100_L.xmot C1=157 Raw8Fist=Fist OpportunityOrdinal=65 Reason=NO_CONTACT_DISPATCH FullStop=0 LatchBefore=1 LatchAfter=0 LatchWriteAttempted=1 LatchWriteConfirmed=1
CORE RAW8_OPPORTUNITY_MISS_REARM ElapsedMs=106693.595 Actor=PC_Hero Action=2 Family=POWER Motion=Hero_Stand_None_Fist_P1_PowerAttack_Hit_N_Fwd_00_%_00_P0_100_L.xmot C1=157 Raw8Fist=Fist OpportunityOrdinal=65 Reason=NO_CONTACT_DISPATCH FullStop=0 LatchBefore=1 LatchAfter=0 LatchWriteAttempted=1 LatchWriteConfirmed=1
CORE RAW8_OPPORTUNITY_MISS_REARM ElapsedMs=106700.708 Actor=PC_Hero Action=2 Family=POWER Motion=Hero_Stand_None_Fist_P1_PowerAttack_Hit_N_Fwd_00_%_00_P0_100_L.xmot C1=157 Raw8Fist=Fist OpportunityOrdinal=65 Reason=NO_CONTACT_DISPATCH FullStop=0 LatchBefore=1 LatchAfter=0 LatchWriteAttempted=1 LatchWriteConfirmed=1
CORE RAW8_OPPORTUNITY_MISS_REARM ElapsedMs=106710.339 Actor=PC_Hero Action=2 Family=POWER Motion=Hero_Stand_None_Fist_P1_PowerAttack_Hit_N_Fwd_00_%_00_P0_100_L.xmot C1=157 Raw8Fist=Fist OpportunityOrdinal=65 Reason=NO_CONTACT_DISPATCH FullStop=0 LatchBefore=1 LatchAfter=0 LatchWriteAttempted=1 LatchWriteConfirmed=1
CORE RAW8_OPPORTUNITY_MISS_REARM ElapsedMs=106717.628 Actor=PC_Hero Action=2 Family=POWER Motion=Hero_Stand_None_Fist_P1_PowerAttack_Hit_N_Fwd_00_%_00_P0_100_L.xmot C1=157 Raw8Fist=Fist OpportunityOrdinal=65 Reason=NO_CONTACT_DISPATCH FullStop=0 LatchBefore=1 LatchAfter=0 LatchWriteAttempted=1 LatchWriteConfirmed=1
CORE RAW8_FIST_TIMING ElapsedMs=106717.719 Actor=PC_Hero Action=2 Family=POWER Motion=Hero_Stand_None_Fist_P1_PowerAttack_Hit_N_Fwd_00_%_00_P0_100_L.xmot C1=157 Raw8Fist=Fist Raw8UseType=8 AcceptedRearm=0->0 OwnershipMatched=1 Classification=NATIVE_TIMING
CORE RAW8_OPPORTUNITY_OPEN ElapsedMs=106717.730 Actor=PC_Hero Action=2 Family=POWER Motion=Hero_Stand_None_Fist_P1_PowerAttack_Hit_N_Fwd_00_%_00_P0_100_L.xmot C1=157 Raw8Fist=Fist OpportunityOrdinal=66 Reason=ACCEPTED_FIST LatchBefore=0 LatchAfter=0 LatchWriteAttempted=1 LatchWriteConfirmed=1 TimingActive=0
CORE MARKER ElapsedMs=106717.743 Actor=PC_Hero Action=2 Family=POWER Phase=1 Motion=Hero_Stand_None_Fist_P1_PowerAttack_Hit_N_Fwd_00_%_00_P0_100_L.xmot Marker=FIST Result=ACCEPTED C1Valid=1 C1=157 StatePosition=1 PreviousMask=0 DesiredMask=0 RetiredMask=0 OwnedMask=0 MarkerOwnedMask=0 Activated=0 Deactivated=0 Retired=0 RearmRequests=0 Clears=0 Raw8Fist=Fist Raw8UseType=8 Latch=0->0 LatchConfirmed=1
CORE RAW8_OPPORTUNITY_MISS_REARM ElapsedMs=106726.348 Actor=PC_Hero Action=2 Family=POWER Motion=Hero_Stand_None_Fist_P1_PowerAttack_Hit_N_Fwd_00_%_00_P0_100_L.xmot C1=157 Raw8Fist=Fist OpportunityOrdinal=66 Reason=NO_CONTACT_DISPATCH FullStop=0 LatchBefore=1 LatchAfter=0 LatchWriteAttempted=1 LatchWriteConfirmed=1
CORE RAW8_OPPORTUNITY_MISS_REARM ElapsedMs=106733.211 Actor=PC_Hero Action=2 Family=POWER Motion=Hero_Stand_None_Fist_P1_PowerAttack_Hit_N_Fwd_00_%_00_P0_100_L.xmot C1=157 Raw8Fist=Fist OpportunityOrdinal=66 Reason=NO_CONTACT_DISPATCH FullStop=0 LatchBefore=1 LatchAfter=0 LatchWriteAttempted=1 LatchWriteConfirmed=1
CORE RAW8_OPPORTUNITY_MISS_REARM ElapsedMs=106742.722 Actor=PC_Hero Action=2 Family=POWER Motion=Hero_Stand_None_Fist_P1_PowerAttack_Hit_N_Fwd_00_%_00_P0_100_L.xmot C1=157 Raw8Fist=Fist OpportunityOrdinal=66 Reason=NO_CONTACT_DISPATCH FullStop=0 LatchBefore=1 LatchAfter=0 LatchWriteAttempted=1 LatchWriteConfirmed=1
CORE RAW8_OPPORTUNITY_MISS_REARM ElapsedMs=106749.990 Actor=PC_Hero Action=2 Family=POWER Motion=Hero_Stand_None_Fist_P1_PowerAttack_Hit_N_Fwd_00_%_00_P0_100_L.xmot C1=157 Raw8Fist=Fist OpportunityOrdinal=66 Reason=NO_CONTACT_DISPATCH FullStop=0 LatchBefore=1 LatchAfter=0 LatchWriteAttempted=1 LatchWriteConfirmed=1
CORE RAW8_OPPORTUNITY_MISS_REARM ElapsedMs=106758.679 Actor=PC_Hero Action=2 Family=POWER Motion=Hero_Stand_None_Fist_P1_PowerAttack_Hit_N_Fwd_00_%_00_P0_100_L.xmot C1=157 Raw8Fist=Fist OpportunityOrdinal=66 Reason=NO_CONTACT_DISPATCH FullStop=0 LatchBefore=1 LatchAfter=0 LatchWriteAttempted=1 LatchWriteConfirmed=1
CORE RAW8_OPPORTUNITY_MISS_REARM ElapsedMs=106766.326 Actor=PC_Hero Action=2 Family=POWER Motion=Hero_Stand_None_Fist_P1_PowerAttack_Hit_N_Fwd_00_%_00_P0_100_L.xmot C1=157 Raw8Fist=Fist OpportunityOrdinal=66 Reason=NO_CONTACT_DISPATCH FullStop=0 LatchBefore=1 LatchAfter=0 LatchWriteAttempted=1 LatchWriteConfirmed=1
CORE RAW8_OPPORTUNITY_MISS_REARM ElapsedMs=106775.903 Actor=PC_Hero Action=2 Family=POWER Motion=Hero_Stand_None_Fist_P1_PowerAttack_Hit_N_Fwd_00_%_00_P0_100_L.xmot C1=157 Raw8Fist=Fist OpportunityOrdinal=66 Reason=NO_CONTACT_DISPATCH FullStop=0 LatchBefore=1 LatchAfter=0 LatchWriteAttempted=1 LatchWriteConfirmed=1
CORE RAW8_OPPORTUNITY_MISS_REARM ElapsedMs=106782.645 Actor=PC_Hero Action=2 Family=POWER Motion=Hero_Stand_None_Fist_P1_PowerAttack_Hit_N_Fwd_00_%_00_P0_100_L.xmot C1=157 Raw8Fist=Fist OpportunityOrdinal=66 Reason=NO_CONTACT_DISPATCH FullStop=0 LatchBefore=1 LatchAfter=0 LatchWriteAttempted=1 LatchWriteConfirmed=1
CORE RAW8_OPPORTUNITY_MISS_REARM ElapsedMs=106790.552 Actor=PC_Hero Action=2 Family=POWER Motion=Hero_Stand_None_Fist_P1_PowerAttack_Hit_N_Fwd_00_%_00_P0_100_L.xmot C1=157 Raw8Fist=Fist OpportunityOrdinal=66 Reason=NO_CONTACT_DISPATCH FullStop=0 LatchBefore=1 LatchAfter=0 LatchWriteAttempted=1 LatchWriteConfirmed=1
CORE RAW8_OPPORTUNITY_MISS_REARM ElapsedMs=106797.834 Actor=PC_Hero Action=2 Family=POWER Motion=Hero_Stand_None_Fist_P1_PowerAttack_Hit_N_Fwd_00_%_00_P0_100_L.xmot C1=157 Raw8Fist=Fist OpportunityOrdinal=66 Reason=NO_CONTACT_DISPATCH FullStop=0 LatchBefore=1 LatchAfter=0 LatchWriteAttempted=1 LatchWriteConfirmed=1
CORE RAW8_OPPORTUNITY_MISS_REARM ElapsedMs=106805.875 Actor=PC_Hero Action=2 Family=POWER Motion=Hero_Stand_None_Fist_P1_PowerAttack_Hit_N_Fwd_00_%_00_P0_100_L.xmot C1=157 Raw8Fist=Fist OpportunityOrdinal=66 Reason=NO_CONTACT_DISPATCH FullStop=0 LatchBefore=1 LatchAfter=0 LatchWriteAttempted=1 LatchWriteConfirmed=1
CORE RAW8_OPPORTUNITY_MISS_REARM ElapsedMs=106814.086 Actor=PC_Hero Action=2 Family=POWER Motion=Hero_Stand_None_Fist_P1_PowerAttack_Hit_N_Fwd_00_%_00_P0_100_L.xmot C1=157 Raw8Fist=Fist OpportunityOrdinal=66 Reason=NO_CONTACT_DISPATCH FullStop=0 LatchBefore=1 LatchAfter=0 LatchWriteAttempted=1 LatchWriteConfirmed=1
CORE RAW8_OPPORTUNITY_MISS_REARM ElapsedMs=106820.964 Actor=PC_Hero Action=2 Family=POWER Motion=Hero_Stand_None_Fist_P1_PowerAttack_Hit_N_Fwd_00_%_00_P0_100_L.xmot C1=157 Raw8Fist=Fist OpportunityOrdinal=66 Reason=NO_CONTACT_DISPATCH FullStop=0 LatchBefore=1 LatchAfter=0 LatchWriteAttempted=1 LatchWriteConfirmed=1
CORE RAW8_OPPORTUNITY_MISS_REARM ElapsedMs=106829.621 Actor=PC_Hero Action=2 Family=POWER Motion=Hero_Stand_None_Fist_P1_PowerAttack_Hit_N_Fwd_00_%_00_P0_100_L.xmot C1=157 Raw8Fist=Fist OpportunityOrdinal=66 Reason=NO_CONTACT_DISPATCH FullStop=0 LatchBefore=1 LatchAfter=0 LatchWriteAttempted=1 LatchWriteConfirmed=1
CORE RAW8_OPPORTUNITY_MISS_REARM ElapsedMs=106836.273 Actor=PC_Hero Action=2 Family=POWER Motion=Hero_Stand_None_Fist_P1_PowerAttack_Hit_N_Fwd_00_%_00_P0_100_L.xmot C1=157 Raw8Fist=Fist OpportunityOrdinal=66 Reason=NO_CONTACT_DISPATCH FullStop=0 LatchBefore=1 LatchAfter=0 LatchWriteAttempted=1 LatchWriteConfirmed=1
CORE RAW8_OPPORTUNITY_MISS_REARM ElapsedMs=106846.060 Actor=PC_Hero Action=2 Family=POWER Motion=Hero_Stand_None_Fist_P1_PowerAttack_Hit_N_Fwd_00_%_00_P0_100_L.xmot C1=157 Raw8Fist=Fist OpportunityOrdinal=66 Reason=NO_CONTACT_DISPATCH FullStop=0 LatchBefore=1 LatchAfter=0 LatchWriteAttempted=1 LatchWriteConfirmed=1
CORE RAW8_OPPORTUNITY_MISS_REARM ElapsedMs=106856.136 Actor=PC_Hero Action=2 Family=POWER Motion=Hero_Stand_None_Fist_P1_PowerAttack_Hit_N_Fwd_00_%_00_P0_100_L.xmot C1=157 Raw8Fist=Fist OpportunityOrdinal=66 Reason=NO_CONTACT_DISPATCH FullStop=0 LatchBefore=1 LatchAfter=0 LatchWriteAttempted=1 LatchWriteConfirmed=1
CORE RAW8_OPPORTUNITY_MISS_REARM ElapsedMs=106863.784 Actor=PC_Hero Action=2 Family=POWER Motion=Hero_Stand_None_Fist_P1_PowerAttack_Hit_N_Fwd_00_%_00_P0_100_L.xmot C1=157 Raw8Fist=Fist OpportunityOrdinal=66 Reason=NO_CONTACT_DISPATCH FullStop=0 LatchBefore=1 LatchAfter=0 LatchWriteAttempted=1 LatchWriteConfirmed=1
CORE RAW8_OPPORTUNITY_MISS_REARM ElapsedMs=106872.492 Actor=PC_Hero Action=2 Family=POWER Motion=Hero_Stand_None_Fist_P1_PowerAttack_Hit_N_Fwd_00_%_00_P0_100_L.xmot C1=157 Raw8Fist=Fist OpportunityOrdinal=66 Reason=NO_CONTACT_DISPATCH FullStop=0 LatchBefore=1 LatchAfter=0 LatchWriteAttempted=1 LatchWriteConfirmed=1
CORE RAW8_OPPORTUNITY_MISS_REARM ElapsedMs=106879.697 Actor=PC_Hero Action=2 Family=POWER Motion=Hero_Stand_None_Fist_P1_PowerAttack_Hit_N_Fwd_00_%_00_P0_100_L.xmot C1=157 Raw8Fist=Fist OpportunityOrdinal=66 Reason=NO_CONTACT_DISPATCH FullStop=0 LatchBefore=1 LatchAfter=0 LatchWriteAttempted=1 LatchWriteConfirmed=1
CORE RAW8_OPPORTUNITY_MISS_REARM ElapsedMs=106888.220 Actor=PC_Hero Action=2 Family=POWER Motion=Hero_Stand_None_Fist_P1_PowerAttack_Hit_N_Fwd_00_%_00_P0_100_L.xmot C1=157 Raw8Fist=Fist OpportunityOrdinal=66 Reason=NO_CONTACT_DISPATCH FullStop=0 LatchBefore=1 LatchAfter=0 LatchWriteAttempted=1 LatchWriteConfirmed=1
CORE RAW8_OPPORTUNITY_MISS_REARM ElapsedMs=106895.405 Actor=PC_Hero Action=2 Family=POWER Motion=Hero_Stand_None_Fist_P1_PowerAttack_Hit_N_Fwd_00_%_00_P0_100_L.xmot C1=157 Raw8Fist=Fist OpportunityOrdinal=66 Reason=NO_CONTACT_DISPATCH FullStop=0 LatchBefore=1 LatchAfter=0 LatchWriteAttempted=1 LatchWriteConfirmed=1
CORE RAW8_OPPORTUNITY_MISS_REARM ElapsedMs=106903.585 Actor=PC_Hero Action=2 Family=POWER Motion=Hero_Stand_None_Fist_P1_PowerAttack_Hit_N_Fwd_00_%_00_P0_100_L.xmot C1=157 Raw8Fist=Fist OpportunityOrdinal=66 Reason=NO_CONTACT_DISPATCH FullStop=0 LatchBefore=1 LatchAfter=0 LatchWriteAttempted=1 LatchWriteConfirmed=1
CORE RAW8_OPPORTUNITY_CLOSE ElapsedMs=106911.027 Actor=PC_Hero Action=2 Family=POWER Motion=Hero_Stand_None_Fist_P1_PowerAttack_Hit_N_Fwd_00_%_00_P0_100_L.xmot C1=157 Raw8Fist=Fist OpportunityOrdinal=66 Reason=C1_FINALIZED LatchBefore=0 LatchAfter=1 LatchWriteAttempted=1 LatchWriteConfirmed=1
CORE C1_FINAL ElapsedMs=106911.063 Actor=PC_Hero Generation=157 Status=PERSISTED SourceCount=1 PhysicalChanged=0 Source[0]=Fist Side=RIGHT Outstanding=0 Cleanup=0 Outcome=NO_OP_NO_OUTSTANDING
CORE C1_START ElapsedMs=107389.796 Actor=Golem Generation=159 Status=CANDIDATE Outstanding=0 TrackedSources=1 ReplacedGeneration=0 ReplacedOutstanding=0 Source[0]=Fist Side=RIGHT Group=0
CORE C1_BIND ElapsedMs=107389.808 Event=COMBAT_MOVE_CANDIDATE_BOUND Actor=Golem Generation=159 Status=CANDIDATE Outstanding=0 Source=<null> Script=_AI_Attack
CORE C1_STATUS ElapsedMs=107389.869 Event=PERSISTED Actor=Golem Generation=159 Status=PERSISTED Outstanding=0
CORE C1_START ElapsedMs=107597.368 Actor=PC_Hero Generation=160 Status=CANDIDATE Outstanding=0 TrackedSources=1 ReplacedGeneration=0 ReplacedOutstanding=0 Source[0]=Fist Side=RIGHT Group=0
CORE C1_BIND ElapsedMs=107597.380 Event=COMBAT_MOVE_CANDIDATE_BOUND Actor=PC_Hero Generation=160 Status=CANDIDATE Outstanding=0 Source=<null> Script=_AI_Attack
CORE C1_STATUS ElapsedMs=107597.448 Event=PERSISTED Actor=PC_Hero Generation=160 Status=PERSISTED Outstanding=0
CORE RAW8_FIST_OWNERSHIP ElapsedMs=107597.463 Actor=PC_Hero Action=1 Family=NORMAL Motion=Hero_Stand_None_Fist_P0_Attack_Hit_N_Fwd_00_%_00_P1_100_R.xmot C1=160 Raw8Fist=Fist Raw8UseType=8 InitialClose=0->1 Result=CONFIRMED
CORE ATTACK_OWNERSHIP ElapsedMs=107597.473 Actor=PC_Hero Family=NORMAL Action=1 Phase=1 Motion=Hero_Stand_None_Fist_P0_Attack_Hit_N_Fwd_00_%_00_P1_100_R.xmot MarkerPresent=1 RequiredMask=0 FistMarkers=1 Raw8Fist=Fist Raw8UseType=8 SuppressNative=0 Classification=ROUTINE
CORE COLLISION_GROUP ElapsedMs=107619.603 Source=Fist UseType=8 Owner=<unresolved> Slot=NONE Requested=7 Before=0 After=0 MarkerBitsRetired=0
CORE RAW8_FIST_TIMING ElapsedMs=107701.582 Actor=PC_Hero Action=1 Family=NORMAL Motion=Hero_Stand_None_Fist_P0_Attack_Hit_N_Fwd_00_%_00_P1_100_R.xmot C1=160 Raw8Fist=Fist Raw8UseType=8 AcceptedRearm=1->0 OwnershipMatched=1 Classification=EARLY_PERMISSION_ARMED
CORE RAW8_OPPORTUNITY_OPEN ElapsedMs=107701.614 Actor=PC_Hero Action=1 Family=NORMAL Motion=Hero_Stand_None_Fist_P0_Attack_Hit_N_Fwd_00_%_00_P1_100_R.xmot C1=160 Raw8Fist=Fist OpportunityOrdinal=67 Reason=ACCEPTED_FIST LatchBefore=1 LatchAfter=0 LatchWriteAttempted=1 LatchWriteConfirmed=1 TimingActive=1
CORE MARKER ElapsedMs=107701.632 Actor=PC_Hero Action=1 Family=NORMAL Phase=1 Motion=Hero_Stand_None_Fist_P0_Attack_Hit_N_Fwd_00_%_00_P1_100_R.xmot Marker=FIST Result=ACCEPTED C1Valid=1 C1=160 StatePosition=0 PreviousMask=0 DesiredMask=0 RetiredMask=0 OwnedMask=0 MarkerOwnedMask=0 Activated=0 Deactivated=0 Retired=0 RearmRequests=0 Clears=0 Raw8Fist=Fist Raw8UseType=8 Latch=1->0 LatchConfirmed=1
CORE RAW8_FIST_TIMING ElapsedMs=107709.958 Actor=PC_Hero Action=1 Family=NORMAL Motion=Hero_Stand_None_Fist_P0_Attack_Hit_N_Fwd_00_%_00_P1_100_R.xmot C1=160 Raw8Fist=Fist Raw8UseType=8 PermissionApplied=1 SyntheticApplied=1 Classification=EARLY_PERMISSION_APPLIED
CORE RAW8_OPPORTUNITY_CONTACT_CONSUMED ElapsedMs=107710.095 Actor=PC_Hero Action=1 Family=NORMAL Motion=Hero_Stand_None_Fist_P0_Attack_Hit_N_Fwd_00_%_00_P1_100_R.xmot C1=160 Raw8Fist=Fist OpportunityOrdinal=67 Reason=EXACT_NATIVE_CONTACT_DISPATCH LatchValue=1
CORE RAW8_FIST_TIMING ElapsedMs=107710.111 Actor=PC_Hero C1=160 PermissionRetired=1 Reason=CONTACT_CONSUMED
CORE ONDAMAGE ElapsedMs=107710.125 Ordinal=42 Target=Golem Arg1=Fist Arg2=PC_Hero Caller=Game.dll+0x0016E348 PlayerAction=1 PlayerPhase=1 PlayerMotion=Hero_Stand_None_Fist_P0_Attack_Hit_N_Fwd_00_%_00_P1_100_R.xmot Raw8Fist=Fist Raw8UseType=8 Raw8Group=0
CORE C1_START ElapsedMs=107714.094 Actor=Golem Generation=161 Status=CANDIDATE Outstanding=0 TrackedSources=1 ReplacedGeneration=159 ReplacedOutstanding=0 Source[0]=Fist Side=RIGHT Group=0
CORE C1_BIND ElapsedMs=107714.106 Event=COMBAT_MOVE_CANDIDATE_BOUND Actor=Golem Generation=161 Status=CANDIDATE Outstanding=0 Source=<null> Script=_AI_Stumble
CORE C1_STATUS ElapsedMs=107714.166 Event=PERSISTED Actor=Golem Generation=161 Status=PERSISTED Outstanding=0
CORE COLLISION_GROUP ElapsedMs=107827.795 Source=Fist UseType=8 Owner=<unresolved> Slot=NONE Requested=7 Before=0 After=0 MarkerBitsRetired=0
CORE C1_FINAL ElapsedMs=107896.220 Actor=PC_Hero Generation=160 Status=PERSISTED SourceCount=1 PhysicalChanged=0 Source[0]=Fist Side=RIGHT Outstanding=0 Cleanup=0 Outcome=NO_OP_NO_OUTSTANDING
CORE C1_FINAL ElapsedMs=108054.920 Actor=Golem Generation=161 Status=PERSISTED SourceCount=1 PhysicalChanged=0 Source[0]=Fist Side=RIGHT Outstanding=0 Cleanup=0 Outcome=NO_OP_NO_OUTSTANDING
CORE C1_START ElapsedMs=108384.264 Actor=Golem Generation=162 Status=CANDIDATE Outstanding=0 TrackedSources=1 ReplacedGeneration=0 ReplacedOutstanding=0 Source[0]=Fist Side=RIGHT Group=0
CORE C1_BIND ElapsedMs=108384.276 Event=COMBAT_MOVE_CANDIDATE_BOUND Actor=Golem Generation=162 Status=CANDIDATE Outstanding=0 Source=<null> Script=_AI_Attack
CORE C1_STATUS ElapsedMs=108384.331 Event=PERSISTED Actor=Golem Generation=162 Status=PERSISTED Outstanding=0
CORE C1_START ElapsedMs=108528.323 Actor=PC_Hero Generation=163 Status=CANDIDATE Outstanding=0 TrackedSources=1 ReplacedGeneration=0 ReplacedOutstanding=0 Source[0]=Fist Side=RIGHT Group=0
CORE C1_BIND ElapsedMs=108528.335 Event=COMBAT_MOVE_CANDIDATE_BOUND Actor=PC_Hero Generation=163 Status=CANDIDATE Outstanding=0 Source=<null> Script=_AI_PowerAttack
CORE C1_STATUS ElapsedMs=108528.397 Event=PERSISTED Actor=PC_Hero Generation=163 Status=PERSISTED Outstanding=0
CORE COLLISION_GROUP ElapsedMs=108617.131 Source=Fist UseType=8 Owner=<unresolved> Slot=NONE Requested=7 Before=0 After=0 MarkerBitsRetired=0
CORE C1_FINAL ElapsedMs=108752.250 Actor=Golem Generation=162 Status=PERSISTED SourceCount=1 PhysicalChanged=0 Source[0]=Fist Side=RIGHT Outstanding=0 Cleanup=0 Outcome=NO_OP_NO_OUTSTANDING
CORE C1_START ElapsedMs=108760.859 Actor=Golem Generation=164 Status=CANDIDATE Outstanding=0 TrackedSources=1 ReplacedGeneration=0 ReplacedOutstanding=0 Source[0]=Fist Side=RIGHT Group=0
CORE C1_BIND ElapsedMs=108760.870 Event=COMBAT_MOVE_CANDIDATE_BOUND Actor=Golem Generation=164 Status=CANDIDATE Outstanding=0 Source=<null> Script=_AI_JumpBack
CORE C1_STATUS ElapsedMs=108760.937 Event=PERSISTED Actor=Golem Generation=164 Status=PERSISTED Outstanding=0
CORE C1_BIND ElapsedMs=108794.941 Event=COMBAT_MOVE_REUSED Actor=PC_Hero Generation=163 Status=PERSISTED Outstanding=0 Source=<null> Script=_AI_PowerAttack
CORE RAW8_FIST_OWNERSHIP ElapsedMs=108795.046 Actor=PC_Hero Action=2 Family=POWER Motion=Hero_Stand_None_Fist_P1_PowerAttack_Hit_N_Fwd_00_%_00_P0_100_L.xmot C1=163 Raw8Fist=Fist Raw8UseType=8 InitialClose=0->1 Result=CONFIRMED
CORE ATTACK_OWNERSHIP ElapsedMs=108795.059 Actor=PC_Hero Family=POWER Action=2 Phase=1 Motion=Hero_Stand_None_Fist_P1_PowerAttack_Hit_N_Fwd_00_%_00_P0_100_L.xmot MarkerPresent=1 RequiredMask=0 FistMarkers=1 Raw8Fist=Fist Raw8UseType=8 SuppressNative=0 Classification=ROUTINE
CORE COLLISION_GROUP ElapsedMs=108795.092 Source=Fist UseType=8 Owner=<unresolved> Slot=NONE Requested=7 Before=0 After=0 MarkerBitsRetired=0
CORE RAW8_FIST_TIMING ElapsedMs=108905.624 Actor=PC_Hero Action=2 Family=POWER Motion=Hero_Stand_None_Fist_P1_PowerAttack_Hit_N_Fwd_00_%_00_P0_100_L.xmot C1=163 Raw8Fist=Fist Raw8UseType=8 AcceptedRearm=1->0 OwnershipMatched=1 Classification=EARLY_PERMISSION_ARMED
CORE RAW8_OPPORTUNITY_OPEN ElapsedMs=108905.653 Actor=PC_Hero Action=2 Family=POWER Motion=Hero_Stand_None_Fist_P1_PowerAttack_Hit_N_Fwd_00_%_00_P0_100_L.xmot C1=163 Raw8Fist=Fist OpportunityOrdinal=68 Reason=ACCEPTED_FIST LatchBefore=1 LatchAfter=0 LatchWriteAttempted=1 LatchWriteConfirmed=1 TimingActive=1
CORE MARKER ElapsedMs=108905.679 Actor=PC_Hero Action=2 Family=POWER Phase=1 Motion=Hero_Stand_None_Fist_P1_PowerAttack_Hit_N_Fwd_00_%_00_P0_100_L.xmot Marker=FIST Result=ACCEPTED C1Valid=1 C1=163 StatePosition=1 PreviousMask=0 DesiredMask=0 RetiredMask=0 OwnedMask=0 MarkerOwnedMask=0 Activated=0 Deactivated=0 Retired=0 RearmRequests=0 Clears=0 Raw8Fist=Fist Raw8UseType=8 Latch=1->0 LatchConfirmed=1
CORE RAW8_FIST_TIMING ElapsedMs=108912.968 Actor=PC_Hero Action=2 Family=POWER Motion=Hero_Stand_None_Fist_P1_PowerAttack_Hit_N_Fwd_00_%_00_P0_100_L.xmot C1=163 Raw8Fist=Fist Raw8UseType=8 PermissionApplied=1 SyntheticApplied=1 Classification=EARLY_PERMISSION_APPLIED
CORE RAW8_OPPORTUNITY_MISS_REARM ElapsedMs=108913.004 Actor=PC_Hero Action=2 Family=POWER Motion=Hero_Stand_None_Fist_P1_PowerAttack_Hit_N_Fwd_00_%_00_P0_100_L.xmot C1=163 Raw8Fist=Fist OpportunityOrdinal=68 Reason=NO_CONTACT_DISPATCH FullStop=0 LatchBefore=1 LatchAfter=0 LatchWriteAttempted=1 LatchWriteConfirmed=1
CORE RAW8_OPPORTUNITY_MISS_REARM ElapsedMs=108921.515 Actor=PC_Hero Action=2 Family=POWER Motion=Hero_Stand_None_Fist_P1_PowerAttack_Hit_N_Fwd_00_%_00_P0_100_L.xmot C1=163 Raw8Fist=Fist OpportunityOrdinal=68 Reason=NO_CONTACT_DISPATCH FullStop=0 LatchBefore=1 LatchAfter=0 LatchWriteAttempted=1 LatchWriteConfirmed=1
CORE RAW8_OPPORTUNITY_MISS_REARM ElapsedMs=108929.387 Actor=PC_Hero Action=2 Family=POWER Motion=Hero_Stand_None_Fist_P1_PowerAttack_Hit_N_Fwd_00_%_00_P0_100_L.xmot C1=163 Raw8Fist=Fist OpportunityOrdinal=68 Reason=NO_CONTACT_DISPATCH FullStop=0 LatchBefore=1 LatchAfter=0 LatchWriteAttempted=1 LatchWriteConfirmed=1
CORE RAW8_OPPORTUNITY_MISS_REARM ElapsedMs=108936.761 Actor=PC_Hero Action=2 Family=POWER Motion=Hero_Stand_None_Fist_P1_PowerAttack_Hit_N_Fwd_00_%_00_P0_100_L.xmot C1=163 Raw8Fist=Fist OpportunityOrdinal=68 Reason=NO_CONTACT_DISPATCH FullStop=0 LatchBefore=1 LatchAfter=0 LatchWriteAttempted=1 LatchWriteConfirmed=1
CORE RAW8_OPPORTUNITY_MISS_REARM ElapsedMs=108945.825 Actor=PC_Hero Action=2 Family=POWER Motion=Hero_Stand_None_Fist_P1_PowerAttack_Hit_N_Fwd_00_%_00_P0_100_L.xmot C1=163 Raw8Fist=Fist OpportunityOrdinal=68 Reason=NO_CONTACT_DISPATCH FullStop=0 LatchBefore=1 LatchAfter=0 LatchWriteAttempted=1 LatchWriteConfirmed=1
CORE RAW8_OPPORTUNITY_MISS_REARM ElapsedMs=108952.884 Actor=PC_Hero Action=2 Family=POWER Motion=Hero_Stand_None_Fist_P1_PowerAttack_Hit_N_Fwd_00_%_00_P0_100_L.xmot C1=163 Raw8Fist=Fist OpportunityOrdinal=68 Reason=NO_CONTACT_DISPATCH FullStop=0 LatchBefore=1 LatchAfter=0 LatchWriteAttempted=1 LatchWriteConfirmed=1
CORE RAW8_OPPORTUNITY_MISS_REARM ElapsedMs=108960.479 Actor=PC_Hero Action=2 Family=POWER Motion=Hero_Stand_None_Fist_P1_PowerAttack_Hit_N_Fwd_00_%_00_P0_100_L.xmot C1=163 Raw8Fist=Fist OpportunityOrdinal=68 Reason=NO_CONTACT_DISPATCH FullStop=0 LatchBefore=1 LatchAfter=0 LatchWriteAttempted=1 LatchWriteConfirmed=1
CORE RAW8_OPPORTUNITY_MISS_REARM ElapsedMs=108970.027 Actor=PC_Hero Action=2 Family=POWER Motion=Hero_Stand_None_Fist_P1_PowerAttack_Hit_N_Fwd_00_%_00_P0_100_L.xmot C1=163 Raw8Fist=Fist OpportunityOrdinal=68 Reason=NO_CONTACT_DISPATCH FullStop=0 LatchBefore=1 LatchAfter=0 LatchWriteAttempted=1 LatchWriteConfirmed=1
CORE RAW8_OPPORTUNITY_MISS_REARM ElapsedMs=108977.055 Actor=PC_Hero Action=2 Family=POWER Motion=Hero_Stand_None_Fist_P1_PowerAttack_Hit_N_Fwd_00_%_00_P0_100_L.xmot C1=163 Raw8Fist=Fist OpportunityOrdinal=68 Reason=NO_CONTACT_DISPATCH FullStop=0 LatchBefore=1 LatchAfter=0 LatchWriteAttempted=1 LatchWriteConfirmed=1
CORE RAW8_OPPORTUNITY_MISS_REARM ElapsedMs=108985.355 Actor=PC_Hero Action=2 Family=POWER Motion=Hero_Stand_None_Fist_P1_PowerAttack_Hit_N_Fwd_00_%_00_P0_100_L.xmot C1=163 Raw8Fist=Fist OpportunityOrdinal=68 Reason=NO_CONTACT_DISPATCH FullStop=0 LatchBefore=1 LatchAfter=0 LatchWriteAttempted=1 LatchWriteConfirmed=1
CORE RAW8_OPPORTUNITY_MISS_REARM ElapsedMs=108992.488 Actor=PC_Hero Action=2 Family=POWER Motion=Hero_Stand_None_Fist_P1_PowerAttack_Hit_N_Fwd_00_%_00_P0_100_L.xmot C1=163 Raw8Fist=Fist OpportunityOrdinal=68 Reason=NO_CONTACT_DISPATCH FullStop=0 LatchBefore=1 LatchAfter=0 LatchWriteAttempted=1 LatchWriteConfirmed=1
CORE RAW8_OPPORTUNITY_MISS_REARM ElapsedMs=108998.117 Actor=PC_Hero Action=2 Family=POWER Motion=Hero_Stand_None_Fist_P1_PowerAttack_Hit_N_Fwd_00_%_00_P0_100_L.xmot C1=163 Raw8Fist=Fist OpportunityOrdinal=68 Reason=NO_CONTACT_DISPATCH FullStop=0 LatchBefore=1 LatchAfter=0 LatchWriteAttempted=1 LatchWriteConfirmed=1
CORE RAW8_OPPORTUNITY_MISS_REARM ElapsedMs=109004.681 Actor=PC_Hero Action=2 Family=POWER Motion=Hero_Stand_None_Fist_P1_PowerAttack_Hit_N_Fwd_00_%_00_P0_100_L.xmot C1=163 Raw8Fist=Fist OpportunityOrdinal=68 Reason=NO_CONTACT_DISPATCH FullStop=0 LatchBefore=1 LatchAfter=0 LatchWriteAttempted=1 LatchWriteConfirmed=1
CORE RAW8_OPPORTUNITY_MISS_REARM ElapsedMs=109013.175 Actor=PC_Hero Action=2 Family=POWER Motion=Hero_Stand_None_Fist_P1_PowerAttack_Hit_N_Fwd_00_%_00_P0_100_L.xmot C1=163 Raw8Fist=Fist OpportunityOrdinal=68 Reason=NO_CONTACT_DISPATCH FullStop=0 LatchBefore=1 LatchAfter=0 LatchWriteAttempted=1 LatchWriteConfirmed=1
CORE RAW8_OPPORTUNITY_MISS_REARM ElapsedMs=109019.727 Actor=PC_Hero Action=2 Family=POWER Motion=Hero_Stand_None_Fist_P1_PowerAttack_Hit_N_Fwd_00_%_00_P0_100_L.xmot C1=163 Raw8Fist=Fist OpportunityOrdinal=68 Reason=NO_CONTACT_DISPATCH FullStop=0 LatchBefore=1 LatchAfter=0 LatchWriteAttempted=1 LatchWriteConfirmed=1
CORE RAW8_OPPORTUNITY_MISS_REARM ElapsedMs=109028.186 Actor=PC_Hero Action=2 Family=POWER Motion=Hero_Stand_None_Fist_P1_PowerAttack_Hit_N_Fwd_00_%_00_P0_100_L.xmot C1=163 Raw8Fist=Fist OpportunityOrdinal=68 Reason=NO_CONTACT_DISPATCH FullStop=0 LatchBefore=1 LatchAfter=0 LatchWriteAttempted=1 LatchWriteConfirmed=1
CORE RAW8_OPPORTUNITY_MISS_REARM ElapsedMs=109034.987 Actor=PC_Hero Action=2 Family=POWER Motion=Hero_Stand_None_Fist_P1_PowerAttack_Hit_N_Fwd_00_%_00_P0_100_L.xmot C1=163 Raw8Fist=Fist OpportunityOrdinal=68 Reason=NO_CONTACT_DISPATCH FullStop=0 LatchBefore=1 LatchAfter=0 LatchWriteAttempted=1 LatchWriteConfirmed=1
CORE RAW8_OPPORTUNITY_MISS_REARM ElapsedMs=109043.639 Actor=PC_Hero Action=2 Family=POWER Motion=Hero_Stand_None_Fist_P1_PowerAttack_Hit_N_Fwd_00_%_00_P0_100_L.xmot C1=163 Raw8Fist=Fist OpportunityOrdinal=68 Reason=NO_CONTACT_DISPATCH FullStop=0 LatchBefore=1 LatchAfter=0 LatchWriteAttempted=1 LatchWriteConfirmed=1
CORE RAW8_OPPORTUNITY_MISS_REARM ElapsedMs=109051.401 Actor=PC_Hero Action=2 Family=POWER Motion=Hero_Stand_None_Fist_P1_PowerAttack_Hit_N_Fwd_00_%_00_P0_100_L.xmot C1=163 Raw8Fist=Fist OpportunityOrdinal=68 Reason=NO_CONTACT_DISPATCH FullStop=0 LatchBefore=1 LatchAfter=0 LatchWriteAttempted=1 LatchWriteConfirmed=1
CORE RAW8_OPPORTUNITY_MISS_REARM ElapsedMs=109060.173 Actor=PC_Hero Action=2 Family=POWER Motion=Hero_Stand_None_Fist_P1_PowerAttack_Hit_N_Fwd_00_%_00_P0_100_L.xmot C1=163 Raw8Fist=Fist OpportunityOrdinal=68 Reason=NO_CONTACT_DISPATCH FullStop=0 LatchBefore=1 LatchAfter=0 LatchWriteAttempted=1 LatchWriteConfirmed=1
CORE RAW8_OPPORTUNITY_MISS_REARM ElapsedMs=109067.156 Actor=PC_Hero Action=2 Family=POWER Motion=Hero_Stand_None_Fist_P1_PowerAttack_Hit_N_Fwd_00_%_00_P0_100_L.xmot C1=163 Raw8Fist=Fist OpportunityOrdinal=68 Reason=NO_CONTACT_DISPATCH FullStop=0 LatchBefore=1 LatchAfter=0 LatchWriteAttempted=1 LatchWriteConfirmed=1
CORE RAW8_OPPORTUNITY_MISS_REARM ElapsedMs=109075.278 Actor=PC_Hero Action=2 Family=POWER Motion=Hero_Stand_None_Fist_P1_PowerAttack_Hit_N_Fwd_00_%_00_P0_100_L.xmot C1=163 Raw8Fist=Fist OpportunityOrdinal=68 Reason=NO_CONTACT_DISPATCH FullStop=0 LatchBefore=1 LatchAfter=0 LatchWriteAttempted=1 LatchWriteConfirmed=1
CORE RAW8_OPPORTUNITY_MISS_REARM ElapsedMs=109082.813 Actor=PC_Hero Action=2 Family=POWER Motion=Hero_Stand_None_Fist_P1_PowerAttack_Hit_N_Fwd_00_%_00_P0_100_L.xmot C1=163 Raw8Fist=Fist OpportunityOrdinal=68 Reason=NO_CONTACT_DISPATCH FullStop=0 LatchBefore=1 LatchAfter=0 LatchWriteAttempted=1 LatchWriteConfirmed=1
CORE RAW8_OPPORTUNITY_MISS_REARM ElapsedMs=109091.052 Actor=PC_Hero Action=2 Family=POWER Motion=Hero_Stand_None_Fist_P1_PowerAttack_Hit_N_Fwd_00_%_00_P0_100_L.xmot C1=163 Raw8Fist=Fist OpportunityOrdinal=68 Reason=NO_CONTACT_DISPATCH FullStop=0 LatchBefore=1 LatchAfter=0 LatchWriteAttempted=1 LatchWriteConfirmed=1
CORE RAW8_OPPORTUNITY_MISS_REARM ElapsedMs=109097.822 Actor=PC_Hero Action=2 Family=POWER Motion=Hero_Stand_None_Fist_P1_PowerAttack_Hit_N_Fwd_00_%_00_P0_100_L.xmot C1=163 Raw8Fist=Fist OpportunityOrdinal=68 Reason=NO_CONTACT_DISPATCH FullStop=0 LatchBefore=1 LatchAfter=0 LatchWriteAttempted=1 LatchWriteConfirmed=1
CORE RAW8_OPPORTUNITY_MISS_REARM ElapsedMs=109105.968 Actor=PC_Hero Action=2 Family=POWER Motion=Hero_Stand_None_Fist_P1_PowerAttack_Hit_N_Fwd_00_%_00_P0_100_L.xmot C1=163 Raw8Fist=Fist OpportunityOrdinal=68 Reason=NO_CONTACT_DISPATCH FullStop=0 LatchBefore=1 LatchAfter=0 LatchWriteAttempted=1 LatchWriteConfirmed=1
CORE RAW8_OPPORTUNITY_MISS_REARM ElapsedMs=109113.639 Actor=PC_Hero Action=2 Family=POWER Motion=Hero_Stand_None_Fist_P1_PowerAttack_Hit_N_Fwd_00_%_00_P0_100_L.xmot C1=163 Raw8Fist=Fist OpportunityOrdinal=68 Reason=NO_CONTACT_DISPATCH FullStop=0 LatchBefore=1 LatchAfter=0 LatchWriteAttempted=1 LatchWriteConfirmed=1
CORE RAW8_OPPORTUNITY_MISS_REARM ElapsedMs=109121.651 Actor=PC_Hero Action=2 Family=POWER Motion=Hero_Stand_None_Fist_P1_PowerAttack_Hit_N_Fwd_00_%_00_P0_100_L.xmot C1=163 Raw8Fist=Fist OpportunityOrdinal=68 Reason=NO_CONTACT_DISPATCH FullStop=0 LatchBefore=1 LatchAfter=0 LatchWriteAttempted=1 LatchWriteConfirmed=1
CORE RAW8_OPPORTUNITY_MISS_REARM ElapsedMs=109130.858 Actor=PC_Hero Action=2 Family=POWER Motion=Hero_Stand_None_Fist_P1_PowerAttack_Hit_N_Fwd_00_%_00_P0_100_L.xmot C1=163 Raw8Fist=Fist OpportunityOrdinal=68 Reason=NO_CONTACT_DISPATCH FullStop=0 LatchBefore=1 LatchAfter=0 LatchWriteAttempted=1 LatchWriteConfirmed=1
CORE RAW8_OPPORTUNITY_MISS_REARM ElapsedMs=109137.787 Actor=PC_Hero Action=2 Family=POWER Motion=Hero_Stand_None_Fist_P1_PowerAttack_Hit_N_Fwd_00_%_00_P0_100_L.xmot C1=163 Raw8Fist=Fist OpportunityOrdinal=68 Reason=NO_CONTACT_DISPATCH FullStop=0 LatchBefore=1 LatchAfter=0 LatchWriteAttempted=1 LatchWriteConfirmed=1
CORE RAW8_OPPORTUNITY_MISS_REARM ElapsedMs=109146.837 Actor=PC_Hero Action=2 Family=POWER Motion=Hero_Stand_None_Fist_P1_PowerAttack_Hit_N_Fwd_00_%_00_P0_100_L.xmot C1=163 Raw8Fist=Fist OpportunityOrdinal=68 Reason=NO_CONTACT_DISPATCH FullStop=0 LatchBefore=1 LatchAfter=0 LatchWriteAttempted=1 LatchWriteConfirmed=1
CORE RAW8_OPPORTUNITY_MISS_REARM ElapsedMs=109153.519 Actor=PC_Hero Action=2 Family=POWER Motion=Hero_Stand_None_Fist_P1_PowerAttack_Hit_N_Fwd_00_%_00_P0_100_L.xmot C1=163 Raw8Fist=Fist OpportunityOrdinal=68 Reason=NO_CONTACT_DISPATCH FullStop=0 LatchBefore=1 LatchAfter=0 LatchWriteAttempted=1 LatchWriteConfirmed=1
CORE RAW8_OPPORTUNITY_MISS_REARM ElapsedMs=109161.537 Actor=PC_Hero Action=2 Family=POWER Motion=Hero_Stand_None_Fist_P1_PowerAttack_Hit_N_Fwd_00_%_00_P0_100_L.xmot C1=163 Raw8Fist=Fist OpportunityOrdinal=68 Reason=NO_CONTACT_DISPATCH FullStop=0 LatchBefore=1 LatchAfter=0 LatchWriteAttempted=1 LatchWriteConfirmed=1
CORE RAW8_FIST_TIMING ElapsedMs=109170.059 Actor=PC_Hero C1=163 PermissionRetired=1 Reason=REAL_TIME_REACHED_FORCED_VALUE
CORE RAW8_OPPORTUNITY_MISS_REARM ElapsedMs=109170.137 Actor=PC_Hero Action=2 Family=POWER Motion=Hero_Stand_None_Fist_P1_PowerAttack_Hit_N_Fwd_00_%_00_P0_100_L.xmot C1=163 Raw8Fist=Fist OpportunityOrdinal=68 Reason=NO_CONTACT_DISPATCH FullStop=0 LatchBefore=1 LatchAfter=0 LatchWriteAttempted=1 LatchWriteConfirmed=1
CORE RAW8_OPPORTUNITY_MISS_REARM ElapsedMs=109177.386 Actor=PC_Hero Action=2 Family=POWER Motion=Hero_Stand_None_Fist_P1_PowerAttack_Hit_N_Fwd_00_%_00_P0_100_L.xmot C1=163 Raw8Fist=Fist OpportunityOrdinal=68 Reason=NO_CONTACT_DISPATCH FullStop=0 LatchBefore=1 LatchAfter=0 LatchWriteAttempted=1 LatchWriteConfirmed=1
CORE RAW8_OPPORTUNITY_MISS_REARM ElapsedMs=109184.506 Actor=PC_Hero Action=2 Family=POWER Motion=Hero_Stand_None_Fist_P1_PowerAttack_Hit_N_Fwd_00_%_00_P0_100_L.xmot C1=163 Raw8Fist=Fist OpportunityOrdinal=68 Reason=NO_CONTACT_DISPATCH FullStop=0 LatchBefore=1 LatchAfter=0 LatchWriteAttempted=1 LatchWriteConfirmed=1
CORE RAW8_OPPORTUNITY_MISS_REARM ElapsedMs=109193.265 Actor=PC_Hero Action=2 Family=POWER Motion=Hero_Stand_None_Fist_P1_PowerAttack_Hit_N_Fwd_00_%_00_P0_100_L.xmot C1=163 Raw8Fist=Fist OpportunityOrdinal=68 Reason=NO_CONTACT_DISPATCH FullStop=0 LatchBefore=1 LatchAfter=0 LatchWriteAttempted=1 LatchWriteConfirmed=1
CORE RAW8_OPPORTUNITY_MISS_REARM ElapsedMs=109200.041 Actor=PC_Hero Action=2 Family=POWER Motion=Hero_Stand_None_Fist_P1_PowerAttack_Hit_N_Fwd_00_%_00_P0_100_L.xmot C1=163 Raw8Fist=Fist OpportunityOrdinal=68 Reason=NO_CONTACT_DISPATCH FullStop=0 LatchBefore=1 LatchAfter=0 LatchWriteAttempted=1 LatchWriteConfirmed=1
CORE C1_FINAL ElapsedMs=109207.879 Actor=Golem Generation=164 Status=PERSISTED SourceCount=1 PhysicalChanged=0 Source[0]=Fist Side=RIGHT Outstanding=0 Cleanup=0 Outcome=NO_OP_NO_OUTSTANDING
CORE RAW8_OPPORTUNITY_MISS_REARM ElapsedMs=109208.314 Actor=PC_Hero Action=2 Family=POWER Motion=Hero_Stand_None_Fist_P1_PowerAttack_Hit_N_Fwd_00_%_00_P0_100_L.xmot C1=163 Raw8Fist=Fist OpportunityOrdinal=68 Reason=NO_CONTACT_DISPATCH FullStop=0 LatchBefore=1 LatchAfter=0 LatchWriteAttempted=1 LatchWriteConfirmed=1
CORE RAW8_OPPORTUNITY_MISS_REARM ElapsedMs=109215.737 Actor=PC_Hero Action=2 Family=POWER Motion=Hero_Stand_None_Fist_P1_PowerAttack_Hit_N_Fwd_00_%_00_P0_100_L.xmot C1=163 Raw8Fist=Fist OpportunityOrdinal=68 Reason=NO_CONTACT_DISPATCH FullStop=0 LatchBefore=1 LatchAfter=0 LatchWriteAttempted=1 LatchWriteConfirmed=1
CORE RAW8_OPPORTUNITY_MISS_REARM ElapsedMs=109224.860 Actor=PC_Hero Action=2 Family=POWER Motion=Hero_Stand_None_Fist_P1_PowerAttack_Hit_N_Fwd_00_%_00_P0_100_L.xmot C1=163 Raw8Fist=Fist OpportunityOrdinal=68 Reason=NO_CONTACT_DISPATCH FullStop=0 LatchBefore=1 LatchAfter=0 LatchWriteAttempted=1 LatchWriteConfirmed=1
CORE RAW8_OPPORTUNITY_MISS_REARM ElapsedMs=109232.386 Actor=PC_Hero Action=2 Family=POWER Motion=Hero_Stand_None_Fist_P1_PowerAttack_Hit_N_Fwd_00_%_00_P0_100_L.xmot C1=163 Raw8Fist=Fist OpportunityOrdinal=68 Reason=NO_CONTACT_DISPATCH FullStop=0 LatchBefore=1 LatchAfter=0 LatchWriteAttempted=1 LatchWriteConfirmed=1
CORE RAW8_FIST_TIMING ElapsedMs=109232.473 Actor=PC_Hero Action=2 Family=POWER Motion=Hero_Stand_None_Fist_P1_PowerAttack_Hit_N_Fwd_00_%_00_P0_100_L.xmot C1=163 Raw8Fist=Fist Raw8UseType=8 AcceptedRearm=0->0 OwnershipMatched=1 Classification=NATIVE_TIMING
CORE RAW8_OPPORTUNITY_OPEN ElapsedMs=109232.484 Actor=PC_Hero Action=2 Family=POWER Motion=Hero_Stand_None_Fist_P1_PowerAttack_Hit_N_Fwd_00_%_00_P0_100_L.xmot C1=163 Raw8Fist=Fist OpportunityOrdinal=69 Reason=ACCEPTED_FIST LatchBefore=0 LatchAfter=0 LatchWriteAttempted=1 LatchWriteConfirmed=1 TimingActive=0
CORE MARKER ElapsedMs=109232.503 Actor=PC_Hero Action=2 Family=POWER Phase=1 Motion=Hero_Stand_None_Fist_P1_PowerAttack_Hit_N_Fwd_00_%_00_P0_100_L.xmot Marker=FIST Result=ACCEPTED C1Valid=1 C1=163 StatePosition=1 PreviousMask=0 DesiredMask=0 RetiredMask=0 OwnedMask=0 MarkerOwnedMask=0 Activated=0 Deactivated=0 Retired=0 RearmRequests=0 Clears=0 Raw8Fist=Fist Raw8UseType=8 Latch=0->0 LatchConfirmed=1
CORE RAW8_OPPORTUNITY_MISS_REARM ElapsedMs=109240.956 Actor=PC_Hero Action=2 Family=POWER Motion=Hero_Stand_None_Fist_P1_PowerAttack_Hit_N_Fwd_00_%_00_P0_100_L.xmot C1=163 Raw8Fist=Fist OpportunityOrdinal=69 Reason=NO_CONTACT_DISPATCH FullStop=0 LatchBefore=1 LatchAfter=0 LatchWriteAttempted=1 LatchWriteConfirmed=1
CORE RAW8_OPPORTUNITY_MISS_REARM ElapsedMs=109248.265 Actor=PC_Hero Action=2 Family=POWER Motion=Hero_Stand_None_Fist_P1_PowerAttack_Hit_N_Fwd_00_%_00_P0_100_L.xmot C1=163 Raw8Fist=Fist OpportunityOrdinal=69 Reason=NO_CONTACT_DISPATCH FullStop=0 LatchBefore=1 LatchAfter=0 LatchWriteAttempted=1 LatchWriteConfirmed=1
CORE RAW8_OPPORTUNITY_MISS_REARM ElapsedMs=109256.976 Actor=PC_Hero Action=2 Family=POWER Motion=Hero_Stand_None_Fist_P1_PowerAttack_Hit_N_Fwd_00_%_00_P0_100_L.xmot C1=163 Raw8Fist=Fist OpportunityOrdinal=69 Reason=NO_CONTACT_DISPATCH FullStop=0 LatchBefore=1 LatchAfter=0 LatchWriteAttempted=1 LatchWriteConfirmed=1
CORE RAW8_OPPORTUNITY_MISS_REARM ElapsedMs=109264.698 Actor=PC_Hero Action=2 Family=POWER Motion=Hero_Stand_None_Fist_P1_PowerAttack_Hit_N_Fwd_00_%_00_P0_100_L.xmot C1=163 Raw8Fist=Fist OpportunityOrdinal=69 Reason=NO_CONTACT_DISPATCH FullStop=0 LatchBefore=1 LatchAfter=0 LatchWriteAttempted=1 LatchWriteConfirmed=1
CORE RAW8_OPPORTUNITY_MISS_REARM ElapsedMs=109272.220 Actor=PC_Hero Action=2 Family=POWER Motion=Hero_Stand_None_Fist_P1_PowerAttack_Hit_N_Fwd_00_%_00_P0_100_L.xmot C1=163 Raw8Fist=Fist OpportunityOrdinal=69 Reason=NO_CONTACT_DISPATCH FullStop=0 LatchBefore=1 LatchAfter=0 LatchWriteAttempted=1 LatchWriteConfirmed=1
CORE RAW8_OPPORTUNITY_MISS_REARM ElapsedMs=109281.444 Actor=PC_Hero Action=2 Family=POWER Motion=Hero_Stand_None_Fist_P1_PowerAttack_Hit_N_Fwd_00_%_00_P0_100_L.xmot C1=163 Raw8Fist=Fist OpportunityOrdinal=69 Reason=NO_CONTACT_DISPATCH FullStop=0 LatchBefore=1 LatchAfter=0 LatchWriteAttempted=1 LatchWriteConfirmed=1
CORE RAW8_OPPORTUNITY_MISS_REARM ElapsedMs=109288.337 Actor=PC_Hero Action=2 Family=POWER Motion=Hero_Stand_None_Fist_P1_PowerAttack_Hit_N_Fwd_00_%_00_P0_100_L.xmot C1=163 Raw8Fist=Fist OpportunityOrdinal=69 Reason=NO_CONTACT_DISPATCH FullStop=0 LatchBefore=1 LatchAfter=0 LatchWriteAttempted=1 LatchWriteConfirmed=1
CORE RAW8_OPPORTUNITY_MISS_REARM ElapsedMs=109297.529 Actor=PC_Hero Action=2 Family=POWER Motion=Hero_Stand_None_Fist_P1_PowerAttack_Hit_N_Fwd_00_%_00_P0_100_L.xmot C1=163 Raw8Fist=Fist OpportunityOrdinal=69 Reason=NO_CONTACT_DISPATCH FullStop=0 LatchBefore=1 LatchAfter=0 LatchWriteAttempted=1 LatchWriteConfirmed=1
CORE RAW8_OPPORTUNITY_MISS_REARM ElapsedMs=109304.742 Actor=PC_Hero Action=2 Family=POWER Motion=Hero_Stand_None_Fist_P1_PowerAttack_Hit_N_Fwd_00_%_00_P0_100_L.xmot C1=163 Raw8Fist=Fist OpportunityOrdinal=69 Reason=NO_CONTACT_DISPATCH FullStop=0 LatchBefore=1 LatchAfter=0 LatchWriteAttempted=1 LatchWriteConfirmed=1
CORE RAW8_OPPORTUNITY_MISS_REARM ElapsedMs=109313.337 Actor=PC_Hero Action=2 Family=POWER Motion=Hero_Stand_None_Fist_P1_PowerAttack_Hit_N_Fwd_00_%_00_P0_100_L.xmot C1=163 Raw8Fist=Fist OpportunityOrdinal=69 Reason=NO_CONTACT_DISPATCH FullStop=0 LatchBefore=1 LatchAfter=0 LatchWriteAttempted=1 LatchWriteConfirmed=1
CORE RAW8_OPPORTUNITY_MISS_REARM ElapsedMs=109320.554 Actor=PC_Hero Action=2 Family=POWER Motion=Hero_Stand_None_Fist_P1_PowerAttack_Hit_N_Fwd_00_%_00_P0_100_L.xmot C1=163 Raw8Fist=Fist OpportunityOrdinal=69 Reason=NO_CONTACT_DISPATCH FullStop=0 LatchBefore=1 LatchAfter=0 LatchWriteAttempted=1 LatchWriteConfirmed=1
CORE RAW8_OPPORTUNITY_MISS_REARM ElapsedMs=109329.339 Actor=PC_Hero Action=2 Family=POWER Motion=Hero_Stand_None_Fist_P1_PowerAttack_Hit_N_Fwd_00_%_00_P0_100_L.xmot C1=163 Raw8Fist=Fist OpportunityOrdinal=69 Reason=NO_CONTACT_DISPATCH FullStop=0 LatchBefore=1 LatchAfter=0 LatchWriteAttempted=1 LatchWriteConfirmed=1
CORE RAW8_OPPORTUNITY_MISS_REARM ElapsedMs=109336.239 Actor=PC_Hero Action=2 Family=POWER Motion=Hero_Stand_None_Fist_P1_PowerAttack_Hit_N_Fwd_00_%_00_P0_100_L.xmot C1=163 Raw8Fist=Fist OpportunityOrdinal=69 Reason=NO_CONTACT_DISPATCH FullStop=0 LatchBefore=1 LatchAfter=0 LatchWriteAttempted=1 LatchWriteConfirmed=1
CORE RAW8_OPPORTUNITY_MISS_REARM ElapsedMs=109344.396 Actor=PC_Hero Action=2 Family=POWER Motion=Hero_Stand_None_Fist_P1_PowerAttack_Hit_N_Fwd_00_%_00_P0_100_L.xmot C1=163 Raw8Fist=Fist OpportunityOrdinal=69 Reason=NO_CONTACT_DISPATCH FullStop=0 LatchBefore=1 LatchAfter=0 LatchWriteAttempted=1 LatchWriteConfirmed=1
CORE RAW8_OPPORTUNITY_MISS_REARM ElapsedMs=109354.499 Actor=PC_Hero Action=2 Family=POWER Motion=Hero_Stand_None_Fist_P1_PowerAttack_Hit_N_Fwd_00_%_00_P0_100_L.xmot C1=163 Raw8Fist=Fist OpportunityOrdinal=69 Reason=NO_CONTACT_DISPATCH FullStop=0 LatchBefore=1 LatchAfter=0 LatchWriteAttempted=1 LatchWriteConfirmed=1
CORE RAW8_OPPORTUNITY_MISS_REARM ElapsedMs=109361.701 Actor=PC_Hero Action=2 Family=POWER Motion=Hero_Stand_None_Fist_P1_PowerAttack_Hit_N_Fwd_00_%_00_P0_100_L.xmot C1=163 Raw8Fist=Fist OpportunityOrdinal=69 Reason=NO_CONTACT_DISPATCH FullStop=0 LatchBefore=1 LatchAfter=0 LatchWriteAttempted=1 LatchWriteConfirmed=1
CORE RAW8_OPPORTUNITY_MISS_REARM ElapsedMs=109370.126 Actor=PC_Hero Action=2 Family=POWER Motion=Hero_Stand_None_Fist_P1_PowerAttack_Hit_N_Fwd_00_%_00_P0_100_L.xmot C1=163 Raw8Fist=Fist OpportunityOrdinal=69 Reason=NO_CONTACT_DISPATCH FullStop=0 LatchBefore=1 LatchAfter=0 LatchWriteAttempted=1 LatchWriteConfirmed=1
CORE RAW8_OPPORTUNITY_MISS_REARM ElapsedMs=109377.678 Actor=PC_Hero Action=2 Family=POWER Motion=Hero_Stand_None_Fist_P1_PowerAttack_Hit_N_Fwd_00_%_00_P0_100_L.xmot C1=163 Raw8Fist=Fist OpportunityOrdinal=69 Reason=NO_CONTACT_DISPATCH FullStop=0 LatchBefore=1 LatchAfter=0 LatchWriteAttempted=1 LatchWriteConfirmed=1
CORE RAW8_OPPORTUNITY_MISS_REARM ElapsedMs=109386.061 Actor=PC_Hero Action=2 Family=POWER Motion=Hero_Stand_None_Fist_P1_PowerAttack_Hit_N_Fwd_00_%_00_P0_100_L.xmot C1=163 Raw8Fist=Fist OpportunityOrdinal=69 Reason=NO_CONTACT_DISPATCH FullStop=0 LatchBefore=1 LatchAfter=0 LatchWriteAttempted=1 LatchWriteConfirmed=1
CORE RAW8_OPPORTUNITY_MISS_REARM ElapsedMs=109393.692 Actor=PC_Hero Action=2 Family=POWER Motion=Hero_Stand_None_Fist_P1_PowerAttack_Hit_N_Fwd_00_%_00_P0_100_L.xmot C1=163 Raw8Fist=Fist OpportunityOrdinal=69 Reason=NO_CONTACT_DISPATCH FullStop=0 LatchBefore=1 LatchAfter=0 LatchWriteAttempted=1 LatchWriteConfirmed=1
CORE RAW8_OPPORTUNITY_MISS_REARM ElapsedMs=109400.448 Actor=PC_Hero Action=2 Family=POWER Motion=Hero_Stand_None_Fist_P1_PowerAttack_Hit_N_Fwd_00_%_00_P0_100_L.xmot C1=163 Raw8Fist=Fist OpportunityOrdinal=69 Reason=NO_CONTACT_DISPATCH FullStop=0 LatchBefore=1 LatchAfter=0 LatchWriteAttempted=1 LatchWriteConfirmed=1
CORE RAW8_OPPORTUNITY_MISS_REARM ElapsedMs=109409.811 Actor=PC_Hero Action=2 Family=POWER Motion=Hero_Stand_None_Fist_P1_PowerAttack_Hit_N_Fwd_00_%_00_P0_100_L.xmot C1=163 Raw8Fist=Fist OpportunityOrdinal=69 Reason=NO_CONTACT_DISPATCH FullStop=0 LatchBefore=1 LatchAfter=0 LatchWriteAttempted=1 LatchWriteConfirmed=1
CORE RAW8_OPPORTUNITY_MISS_REARM ElapsedMs=109417.291 Actor=PC_Hero Action=2 Family=POWER Motion=Hero_Stand_None_Fist_P1_PowerAttack_Hit_N_Fwd_00_%_00_P0_100_L.xmot C1=163 Raw8Fist=Fist OpportunityOrdinal=69 Reason=NO_CONTACT_DISPATCH FullStop=0 LatchBefore=1 LatchAfter=0 LatchWriteAttempted=1 LatchWriteConfirmed=1
CORE RAW8_OPPORTUNITY_CLOSE ElapsedMs=109426.952 Actor=PC_Hero Action=2 Family=POWER Motion=Hero_Stand_None_Fist_P1_PowerAttack_Hit_N_Fwd_00_%_00_P0_100_L.xmot C1=163 Raw8Fist=Fist OpportunityOrdinal=69 Reason=C1_FINALIZED LatchBefore=0 LatchAfter=1 LatchWriteAttempted=1 LatchWriteConfirmed=1
CORE C1_FINAL ElapsedMs=109426.986 Actor=PC_Hero Generation=163 Status=PERSISTED SourceCount=1 PhysicalChanged=0 Source[0]=Fist Side=RIGHT Outstanding=0 Cleanup=0 Outcome=NO_OP_NO_OUTSTANDING
CORE C1_START ElapsedMs=109971.065 Actor=Golem Generation=165 Status=CANDIDATE Outstanding=0 TrackedSources=1 ReplacedGeneration=0 ReplacedOutstanding=0 Source[0]=Fist Side=RIGHT Group=0
CORE C1_BIND ElapsedMs=109971.077 Event=COMBAT_MOVE_CANDIDATE_BOUND Actor=Golem Generation=165 Status=CANDIDATE Outstanding=0 Source=<null> Script=_AI_Attack
CORE C1_STATUS ElapsedMs=109971.187 Event=PERSISTED Actor=Golem Generation=165 Status=PERSISTED Outstanding=0
CORE COLLISION_GROUP ElapsedMs=110201.327 Source=Fist UseType=8 Owner=<unresolved> Slot=NONE Requested=7 Before=0 After=0 MarkerBitsRetired=0
CORE C1_START ElapsedMs=110278.933 Actor=PC_Hero Generation=166 Status=CANDIDATE Outstanding=0 TrackedSources=1 ReplacedGeneration=0 ReplacedOutstanding=0 Source[0]=Fist Side=RIGHT Group=0
CORE C1_BIND ElapsedMs=110278.947 Event=COMBAT_MOVE_CANDIDATE_BOUND Actor=PC_Hero Generation=166 Status=CANDIDATE Outstanding=0 Source=<null> Script=_AI_PowerAttack
CORE C1_STATUS ElapsedMs=110279.007 Event=PERSISTED Actor=PC_Hero Generation=166 Status=PERSISTED Outstanding=0
CORE C1_FINAL ElapsedMs=110339.753 Actor=Golem Generation=165 Status=PERSISTED SourceCount=1 PhysicalChanged=0 Source[0]=Fist Side=RIGHT Outstanding=0 Cleanup=0 Outcome=NO_OP_NO_OUTSTANDING
CORE C1_START ElapsedMs=110347.059 Actor=Golem Generation=167 Status=CANDIDATE Outstanding=0 TrackedSources=1 ReplacedGeneration=0 ReplacedOutstanding=0 Source[0]=Fist Side=RIGHT Group=0
CORE C1_BIND ElapsedMs=110347.071 Event=COMBAT_MOVE_CANDIDATE_BOUND Actor=Golem Generation=167 Status=CANDIDATE Outstanding=0 Source=<null> Script=_AI_JumpBack
CORE C1_STATUS ElapsedMs=110347.133 Event=PERSISTED Actor=Golem Generation=167 Status=PERSISTED Outstanding=0
CORE C1_BIND ElapsedMs=110543.624 Event=COMBAT_MOVE_REUSED Actor=PC_Hero Generation=166 Status=PERSISTED Outstanding=0 Source=<null> Script=_AI_PowerAttack
CORE RAW8_FIST_OWNERSHIP ElapsedMs=110543.702 Actor=PC_Hero Action=2 Family=POWER Motion=Hero_Stand_None_Fist_P0_PowerAttack_Hit_N_Fwd_00_%_00_P1_100_R.xmot C1=166 Raw8Fist=Fist Raw8UseType=8 InitialClose=0->1 Result=CONFIRMED
CORE ATTACK_OWNERSHIP ElapsedMs=110543.715 Actor=PC_Hero Family=POWER Action=2 Phase=1 Motion=Hero_Stand_None_Fist_P0_PowerAttack_Hit_N_Fwd_00_%_00_P1_100_R.xmot MarkerPresent=1 RequiredMask=0 FistMarkers=1 Raw8Fist=Fist Raw8UseType=8 SuppressNative=0 Classification=ROUTINE
CORE COLLISION_GROUP ElapsedMs=110543.749 Source=Fist UseType=8 Owner=<unresolved> Slot=NONE Requested=7 Before=0 After=0 MarkerBitsRetired=0
CORE C1_FINAL ElapsedMs=110627.443 Actor=PC_Hero Generation=166 Status=PERSISTED SourceCount=1 PhysicalChanged=0 Source[0]=Fist Side=RIGHT Outstanding=0 Cleanup=0 Outcome=NO_OP_NO_OUTSTANDING
CORE C1_START ElapsedMs=110629.939 Actor=PC_Hero Generation=168 Status=CANDIDATE Outstanding=0 TrackedSources=1 ReplacedGeneration=0 ReplacedOutstanding=0 Source[0]=Fist Side=RIGHT Group=0
CORE C1_BIND ElapsedMs=110629.949 Event=COMBAT_MOVE_CANDIDATE_BOUND Actor=PC_Hero Generation=168 Status=CANDIDATE Outstanding=0 Source=<null> Script=_AI_Attack
CORE C1_STATUS ElapsedMs=110630.101 Event=PERSISTED Actor=PC_Hero Generation=168 Status=PERSISTED Outstanding=0
CORE RAW8_FIST_OWNERSHIP ElapsedMs=110630.121 Actor=PC_Hero Action=1 Family=NORMAL Motion=Hero_Stand_None_Fist_P0_Attack_Hit_N_Fwd_00_%_00_P1_100_R.xmot C1=168 Raw8Fist=Fist Raw8UseType=8 InitialClose=0->1 Result=CONFIRMED
CORE ATTACK_OWNERSHIP ElapsedMs=110630.167 Actor=PC_Hero Family=NORMAL Action=1 Phase=1 Motion=Hero_Stand_None_Fist_P0_Attack_Hit_N_Fwd_00_%_00_P1_100_R.xmot MarkerPresent=1 RequiredMask=0 FistMarkers=1 Raw8Fist=Fist Raw8UseType=8 SuppressNative=0 Classification=ROUTINE
CORE RAW8_FIST_TIMING ElapsedMs=110738.138 Actor=PC_Hero Action=1 Family=NORMAL Motion=Hero_Stand_None_Fist_P0_Attack_Hit_N_Fwd_00_%_00_P1_100_R.xmot C1=168 Raw8Fist=Fist Raw8UseType=8 AcceptedRearm=1->0 OwnershipMatched=1 Classification=EARLY_PERMISSION_ARMED
CORE RAW8_OPPORTUNITY_OPEN ElapsedMs=110738.167 Actor=PC_Hero Action=1 Family=NORMAL Motion=Hero_Stand_None_Fist_P0_Attack_Hit_N_Fwd_00_%_00_P1_100_R.xmot C1=168 Raw8Fist=Fist OpportunityOrdinal=70 Reason=ACCEPTED_FIST LatchBefore=1 LatchAfter=0 LatchWriteAttempted=1 LatchWriteConfirmed=1 TimingActive=1
CORE MARKER ElapsedMs=110738.185 Actor=PC_Hero Action=1 Family=NORMAL Phase=1 Motion=Hero_Stand_None_Fist_P0_Attack_Hit_N_Fwd_00_%_00_P1_100_R.xmot Marker=FIST Result=ACCEPTED C1Valid=1 C1=168 StatePosition=0 PreviousMask=0 DesiredMask=0 RetiredMask=0 OwnedMask=0 MarkerOwnedMask=0 Activated=0 Deactivated=0 Retired=0 RearmRequests=0 Clears=0 Raw8Fist=Fist Raw8UseType=8 Latch=1->0 LatchConfirmed=1
CORE RAW8_FIST_TIMING ElapsedMs=110744.742 Actor=PC_Hero Action=1 Family=NORMAL Motion=Hero_Stand_None_Fist_P0_Attack_Hit_N_Fwd_00_%_00_P1_100_R.xmot C1=168 Raw8Fist=Fist Raw8UseType=8 PermissionApplied=1 SyntheticApplied=1 Classification=EARLY_PERMISSION_APPLIED
CORE RAW8_OPPORTUNITY_MISS_REARM ElapsedMs=110744.779 Actor=PC_Hero Action=1 Family=NORMAL Motion=Hero_Stand_None_Fist_P0_Attack_Hit_N_Fwd_00_%_00_P1_100_R.xmot C1=168 Raw8Fist=Fist OpportunityOrdinal=70 Reason=NO_CONTACT_DISPATCH FullStop=0 LatchBefore=1 LatchAfter=0 LatchWriteAttempted=1 LatchWriteConfirmed=1
CORE RAW8_OPPORTUNITY_MISS_REARM ElapsedMs=110752.885 Actor=PC_Hero Action=1 Family=NORMAL Motion=Hero_Stand_None_Fist_P0_Attack_Hit_N_Fwd_00_%_00_P1_100_R.xmot C1=168 Raw8Fist=Fist OpportunityOrdinal=70 Reason=NO_CONTACT_DISPATCH FullStop=0 LatchBefore=1 LatchAfter=0 LatchWriteAttempted=1 LatchWriteConfirmed=1
CORE RAW8_OPPORTUNITY_MISS_REARM ElapsedMs=110760.651 Actor=PC_Hero Action=1 Family=NORMAL Motion=Hero_Stand_None_Fist_P0_Attack_Hit_N_Fwd_00_%_00_P1_100_R.xmot C1=168 Raw8Fist=Fist OpportunityOrdinal=70 Reason=NO_CONTACT_DISPATCH FullStop=0 LatchBefore=1 LatchAfter=0 LatchWriteAttempted=1 LatchWriteConfirmed=1
CORE RAW8_OPPORTUNITY_MISS_REARM ElapsedMs=110768.935 Actor=PC_Hero Action=1 Family=NORMAL Motion=Hero_Stand_None_Fist_P0_Attack_Hit_N_Fwd_00_%_00_P1_100_R.xmot C1=168 Raw8Fist=Fist OpportunityOrdinal=70 Reason=NO_CONTACT_DISPATCH FullStop=0 LatchBefore=1 LatchAfter=0 LatchWriteAttempted=1 LatchWriteConfirmed=1
CORE RAW8_OPPORTUNITY_MISS_REARM ElapsedMs=110775.796 Actor=PC_Hero Action=1 Family=NORMAL Motion=Hero_Stand_None_Fist_P0_Attack_Hit_N_Fwd_00_%_00_P1_100_R.xmot C1=168 Raw8Fist=Fist OpportunityOrdinal=70 Reason=NO_CONTACT_DISPATCH FullStop=0 LatchBefore=1 LatchAfter=0 LatchWriteAttempted=1 LatchWriteConfirmed=1
CORE C1_FINAL ElapsedMs=110783.987 Actor=Golem Generation=167 Status=PERSISTED SourceCount=1 PhysicalChanged=0 Source[0]=Fist Side=RIGHT Outstanding=0 Cleanup=0 Outcome=NO_OP_NO_OUTSTANDING
CORE RAW8_OPPORTUNITY_MISS_REARM ElapsedMs=110784.255 Actor=PC_Hero Action=1 Family=NORMAL Motion=Hero_Stand_None_Fist_P0_Attack_Hit_N_Fwd_00_%_00_P1_100_R.xmot C1=168 Raw8Fist=Fist OpportunityOrdinal=70 Reason=NO_CONTACT_DISPATCH FullStop=0 LatchBefore=1 LatchAfter=0 LatchWriteAttempted=1 LatchWriteConfirmed=1
CORE RAW8_OPPORTUNITY_MISS_REARM ElapsedMs=110791.160 Actor=PC_Hero Action=1 Family=NORMAL Motion=Hero_Stand_None_Fist_P0_Attack_Hit_N_Fwd_00_%_00_P1_100_R.xmot C1=168 Raw8Fist=Fist OpportunityOrdinal=70 Reason=NO_CONTACT_DISPATCH FullStop=0 LatchBefore=1 LatchAfter=0 LatchWriteAttempted=1 LatchWriteConfirmed=1
CORE RAW8_OPPORTUNITY_MISS_REARM ElapsedMs=110799.738 Actor=PC_Hero Action=1 Family=NORMAL Motion=Hero_Stand_None_Fist_P0_Attack_Hit_N_Fwd_00_%_00_P1_100_R.xmot C1=168 Raw8Fist=Fist OpportunityOrdinal=70 Reason=NO_CONTACT_DISPATCH FullStop=0 LatchBefore=1 LatchAfter=0 LatchWriteAttempted=1 LatchWriteConfirmed=1
CORE RAW8_FIST_TIMING ElapsedMs=110806.612 Actor=PC_Hero C1=168 PermissionRetired=1 Reason=REAL_TIME_REACHED_FORCED_VALUE
CORE RAW8_OPPORTUNITY_MISS_REARM ElapsedMs=110806.648 Actor=PC_Hero Action=1 Family=NORMAL Motion=Hero_Stand_None_Fist_P0_Attack_Hit_N_Fwd_00_%_00_P1_100_R.xmot C1=168 Raw8Fist=Fist OpportunityOrdinal=70 Reason=NO_CONTACT_DISPATCH FullStop=0 LatchBefore=1 LatchAfter=0 LatchWriteAttempted=1 LatchWriteConfirmed=1
CORE RAW8_OPPORTUNITY_MISS_REARM ElapsedMs=110815.006 Actor=PC_Hero Action=1 Family=NORMAL Motion=Hero_Stand_None_Fist_P0_Attack_Hit_N_Fwd_00_%_00_P1_100_R.xmot C1=168 Raw8Fist=Fist OpportunityOrdinal=70 Reason=NO_CONTACT_DISPATCH FullStop=0 LatchBefore=1 LatchAfter=0 LatchWriteAttempted=1 LatchWriteConfirmed=1
CORE RAW8_OPPORTUNITY_MISS_REARM ElapsedMs=110821.491 Actor=PC_Hero Action=1 Family=NORMAL Motion=Hero_Stand_None_Fist_P0_Attack_Hit_N_Fwd_00_%_00_P1_100_R.xmot C1=168 Raw8Fist=Fist OpportunityOrdinal=70 Reason=NO_CONTACT_DISPATCH FullStop=0 LatchBefore=1 LatchAfter=0 LatchWriteAttempted=1 LatchWriteConfirmed=1
CORE RAW8_OPPORTUNITY_MISS_REARM ElapsedMs=110829.928 Actor=PC_Hero Action=1 Family=NORMAL Motion=Hero_Stand_None_Fist_P0_Attack_Hit_N_Fwd_00_%_00_P1_100_R.xmot C1=168 Raw8Fist=Fist OpportunityOrdinal=70 Reason=NO_CONTACT_DISPATCH FullStop=0 LatchBefore=1 LatchAfter=0 LatchWriteAttempted=1 LatchWriteConfirmed=1
CORE RAW8_OPPORTUNITY_MISS_REARM ElapsedMs=110837.462 Actor=PC_Hero Action=1 Family=NORMAL Motion=Hero_Stand_None_Fist_P0_Attack_Hit_N_Fwd_00_%_00_P1_100_R.xmot C1=168 Raw8Fist=Fist OpportunityOrdinal=70 Reason=NO_CONTACT_DISPATCH FullStop=0 LatchBefore=1 LatchAfter=0 LatchWriteAttempted=1 LatchWriteConfirmed=1
CORE RAW8_OPPORTUNITY_MISS_REARM ElapsedMs=110845.861 Actor=PC_Hero Action=1 Family=NORMAL Motion=Hero_Stand_None_Fist_P0_Attack_Hit_N_Fwd_00_%_00_P1_100_R.xmot C1=168 Raw8Fist=Fist OpportunityOrdinal=70 Reason=NO_CONTACT_DISPATCH FullStop=0 LatchBefore=1 LatchAfter=0 LatchWriteAttempted=1 LatchWriteConfirmed=1
CORE RAW8_OPPORTUNITY_MISS_REARM ElapsedMs=110852.294 Actor=PC_Hero Action=1 Family=NORMAL Motion=Hero_Stand_None_Fist_P0_Attack_Hit_N_Fwd_00_%_00_P1_100_R.xmot C1=168 Raw8Fist=Fist OpportunityOrdinal=70 Reason=NO_CONTACT_DISPATCH FullStop=0 LatchBefore=1 LatchAfter=0 LatchWriteAttempted=1 LatchWriteConfirmed=1
CORE RAW8_OPPORTUNITY_MISS_REARM ElapsedMs=110862.167 Actor=PC_Hero Action=1 Family=NORMAL Motion=Hero_Stand_None_Fist_P0_Attack_Hit_N_Fwd_00_%_00_P1_100_R.xmot C1=168 Raw8Fist=Fist OpportunityOrdinal=70 Reason=NO_CONTACT_DISPATCH FullStop=0 LatchBefore=1 LatchAfter=0 LatchWriteAttempted=1 LatchWriteConfirmed=1
CORE COLLISION_GROUP ElapsedMs=110862.219 Source=Fist UseType=8 Owner=<unresolved> Slot=NONE Requested=7 Before=0 After=0 MarkerBitsRetired=0
CORE RAW8_OPPORTUNITY_MISS_REARM ElapsedMs=110868.527 Actor=PC_Hero Action=1 Family=NORMAL Motion=Hero_Stand_None_Fist_P0_Attack_Hit_N_Fwd_00_%_00_P1_100_R.xmot C1=168 Raw8Fist=Fist OpportunityOrdinal=70 Reason=NO_CONTACT_DISPATCH FullStop=0 LatchBefore=1 LatchAfter=0 LatchWriteAttempted=1 LatchWriteConfirmed=1
CORE RAW8_OPPORTUNITY_MISS_REARM ElapsedMs=110877.799 Actor=PC_Hero Action=1 Family=NORMAL Motion=Hero_Stand_None_Fist_P0_Attack_Hit_N_Fwd_00_%_00_P1_100_R.xmot C1=168 Raw8Fist=Fist OpportunityOrdinal=70 Reason=NO_CONTACT_DISPATCH FullStop=0 LatchBefore=1 LatchAfter=0 LatchWriteAttempted=1 LatchWriteConfirmed=1
CORE RAW8_OPPORTUNITY_MISS_REARM ElapsedMs=110884.234 Actor=PC_Hero Action=1 Family=NORMAL Motion=Hero_Stand_None_Fist_P0_Attack_Hit_N_Fwd_00_%_00_P1_100_R.xmot C1=168 Raw8Fist=Fist OpportunityOrdinal=70 Reason=NO_CONTACT_DISPATCH FullStop=0 LatchBefore=1 LatchAfter=0 LatchWriteAttempted=1 LatchWriteConfirmed=1
CORE RAW8_OPPORTUNITY_MISS_REARM ElapsedMs=110891.810 Actor=PC_Hero Action=1 Family=NORMAL Motion=Hero_Stand_None_Fist_P0_Attack_Hit_N_Fwd_00_%_00_P1_100_R.xmot C1=168 Raw8Fist=Fist OpportunityOrdinal=70 Reason=NO_CONTACT_DISPATCH FullStop=0 LatchBefore=1 LatchAfter=0 LatchWriteAttempted=1 LatchWriteConfirmed=1
CORE RAW8_OPPORTUNITY_MISS_REARM ElapsedMs=110898.810 Actor=PC_Hero Action=1 Family=NORMAL Motion=Hero_Stand_None_Fist_P0_Attack_Hit_N_Fwd_00_%_00_P1_100_R.xmot C1=168 Raw8Fist=Fist OpportunityOrdinal=70 Reason=NO_CONTACT_DISPATCH FullStop=0 LatchBefore=1 LatchAfter=0 LatchWriteAttempted=1 LatchWriteConfirmed=1
CORE RAW8_OPPORTUNITY_MISS_REARM ElapsedMs=110907.745 Actor=PC_Hero Action=1 Family=NORMAL Motion=Hero_Stand_None_Fist_P0_Attack_Hit_N_Fwd_00_%_00_P1_100_R.xmot C1=168 Raw8Fist=Fist OpportunityOrdinal=70 Reason=NO_CONTACT_DISPATCH FullStop=0 LatchBefore=1 LatchAfter=0 LatchWriteAttempted=1 LatchWriteConfirmed=1
CORE RAW8_OPPORTUNITY_MISS_REARM ElapsedMs=110914.337 Actor=PC_Hero Action=1 Family=NORMAL Motion=Hero_Stand_None_Fist_P0_Attack_Hit_N_Fwd_00_%_00_P1_100_R.xmot C1=168 Raw8Fist=Fist OpportunityOrdinal=70 Reason=NO_CONTACT_DISPATCH FullStop=0 LatchBefore=1 LatchAfter=0 LatchWriteAttempted=1 LatchWriteConfirmed=1
CORE RAW8_OPPORTUNITY_CLOSE ElapsedMs=110923.080 Actor=PC_Hero Action=1 Family=NORMAL Motion=Hero_Stand_None_Fist_P0_Attack_Hit_N_Fwd_00_%_00_P1_100_R.xmot C1=168 Raw8Fist=Fist OpportunityOrdinal=70 Reason=C1_FINALIZED LatchBefore=0 LatchAfter=1 LatchWriteAttempted=1 LatchWriteConfirmed=1
CORE C1_FINAL ElapsedMs=110923.113 Actor=PC_Hero Generation=168 Status=PERSISTED SourceCount=1 PhysicalChanged=0 Source[0]=Fist Side=RIGHT Outstanding=0 Cleanup=0 Outcome=NO_OP_NO_OUTSTANDING
CORE C1_START ElapsedMs=111364.295 Actor=PC_Hero Generation=169 Status=CANDIDATE Outstanding=0 TrackedSources=1 ReplacedGeneration=0 ReplacedOutstanding=0 Source[0]=Fist Side=RIGHT Group=0
CORE C1_BIND ElapsedMs=111364.307 Event=COMBAT_MOVE_CANDIDATE_BOUND Actor=PC_Hero Generation=169 Status=CANDIDATE Outstanding=0 Source=<null> Script=_AI_PowerAttack
CORE C1_STATUS ElapsedMs=111364.372 Event=PERSISTED Actor=PC_Hero Generation=169 Status=PERSISTED Outstanding=0
CORE C1_START ElapsedMs=111371.502 Actor=Golem Generation=170 Status=CANDIDATE Outstanding=0 TrackedSources=1 ReplacedGeneration=0 ReplacedOutstanding=0 Source[0]=Fist Side=RIGHT Group=0
CORE C1_BIND ElapsedMs=111371.512 Event=COMBAT_MOVE_CANDIDATE_BOUND Actor=Golem Generation=170 Status=CANDIDATE Outstanding=0 Source=<null> Script=_AI_JumpBack
CORE C1_STATUS ElapsedMs=111371.573 Event=PERSISTED Actor=Golem Generation=170 Status=PERSISTED Outstanding=0
CORE C1_BIND ElapsedMs=111634.475 Event=COMBAT_MOVE_REUSED Actor=PC_Hero Generation=169 Status=PERSISTED Outstanding=0 Source=<null> Script=_AI_PowerAttack
CORE RAW8_FIST_OWNERSHIP ElapsedMs=111634.559 Actor=PC_Hero Action=2 Family=POWER Motion=Hero_Stand_None_Fist_P1_PowerAttack_Hit_N_Fwd_00_%_00_P0_100_L.xmot C1=169 Raw8Fist=Fist Raw8UseType=8 InitialClose=0->1 Result=CONFIRMED
CORE ATTACK_OWNERSHIP ElapsedMs=111634.572 Actor=PC_Hero Family=POWER Action=2 Phase=1 Motion=Hero_Stand_None_Fist_P1_PowerAttack_Hit_N_Fwd_00_%_00_P0_100_L.xmot MarkerPresent=1 RequiredMask=0 FistMarkers=1 Raw8Fist=Fist Raw8UseType=8 SuppressNative=0 Classification=ROUTINE
CORE COLLISION_GROUP ElapsedMs=111634.611 Source=Fist UseType=8 Owner=<unresolved> Slot=NONE Requested=7 Before=0 After=0 MarkerBitsRetired=0
CORE RAW8_FIST_TIMING ElapsedMs=111735.251 Actor=PC_Hero Action=2 Family=POWER Motion=Hero_Stand_None_Fist_P1_PowerAttack_Hit_N_Fwd_00_%_00_P0_100_L.xmot C1=169 Raw8Fist=Fist Raw8UseType=8 AcceptedRearm=1->0 OwnershipMatched=1 Classification=EARLY_PERMISSION_ARMED
CORE RAW8_OPPORTUNITY_OPEN ElapsedMs=111735.280 Actor=PC_Hero Action=2 Family=POWER Motion=Hero_Stand_None_Fist_P1_PowerAttack_Hit_N_Fwd_00_%_00_P0_100_L.xmot C1=169 Raw8Fist=Fist OpportunityOrdinal=71 Reason=ACCEPTED_FIST LatchBefore=1 LatchAfter=0 LatchWriteAttempted=1 LatchWriteConfirmed=1 TimingActive=1
CORE MARKER ElapsedMs=111735.294 Actor=PC_Hero Action=2 Family=POWER Phase=1 Motion=Hero_Stand_None_Fist_P1_PowerAttack_Hit_N_Fwd_00_%_00_P0_100_L.xmot Marker=FIST Result=ACCEPTED C1Valid=1 C1=169 StatePosition=1 PreviousMask=0 DesiredMask=0 RetiredMask=0 OwnedMask=0 MarkerOwnedMask=0 Activated=0 Deactivated=0 Retired=0 RearmRequests=0 Clears=0 Raw8Fist=Fist Raw8UseType=8 Latch=1->0 LatchConfirmed=1
CORE RAW8_FIST_TIMING ElapsedMs=111743.778 Actor=PC_Hero Action=2 Family=POWER Motion=Hero_Stand_None_Fist_P1_PowerAttack_Hit_N_Fwd_00_%_00_P0_100_L.xmot C1=169 Raw8Fist=Fist Raw8UseType=8 PermissionApplied=1 SyntheticApplied=1 Classification=EARLY_PERMISSION_APPLIED
CORE RAW8_OPPORTUNITY_CONTACT_CONSUMED ElapsedMs=111743.924 Actor=PC_Hero Action=2 Family=POWER Motion=Hero_Stand_None_Fist_P1_PowerAttack_Hit_N_Fwd_00_%_00_P0_100_L.xmot C1=169 Raw8Fist=Fist OpportunityOrdinal=71 Reason=EXACT_NATIVE_CONTACT_DISPATCH LatchValue=1
CORE RAW8_FIST_TIMING ElapsedMs=111743.943 Actor=PC_Hero C1=169 PermissionRetired=1 Reason=CONTACT_CONSUMED
CORE ONDAMAGE ElapsedMs=111743.957 Ordinal=43 Target=Golem Arg1=Fist Arg2=PC_Hero Caller=Game.dll+0x0016E348 PlayerAction=2 PlayerPhase=1 PlayerMotion=Hero_Stand_None_Fist_P1_PowerAttack_Hit_N_Fwd_00_%_00_P0_100_L.xmot Raw8Fist=Fist Raw8UseType=8 Raw8Group=0
CORE C1_START ElapsedMs=111744.136 Actor=Golem Generation=171 Status=CANDIDATE Outstanding=0 TrackedSources=1 ReplacedGeneration=170 ReplacedOutstanding=0 Source[0]=Fist Side=RIGHT Group=0
CORE C1_BIND ElapsedMs=111744.142 Event=COMBAT_MOVE_CANDIDATE_BOUND Actor=Golem Generation=171 Status=CANDIDATE Outstanding=0 Source=<null> Script=_AI_Stumble
CORE C1_STATUS ElapsedMs=111744.187 Event=PERSISTED Actor=Golem Generation=171 Status=PERSISTED Outstanding=0
CORE RAW8_FIST_TIMING ElapsedMs=112065.786 Actor=PC_Hero Action=2 Family=POWER Motion=Hero_Stand_None_Fist_P1_PowerAttack_Hit_N_Fwd_00_%_00_P0_100_L.xmot C1=169 Raw8Fist=Fist Raw8UseType=8 AcceptedRearm=1->0 OwnershipMatched=1 Classification=NATIVE_TIMING
CORE RAW8_OPPORTUNITY_OPEN ElapsedMs=112065.817 Actor=PC_Hero Action=2 Family=POWER Motion=Hero_Stand_None_Fist_P1_PowerAttack_Hit_N_Fwd_00_%_00_P0_100_L.xmot C1=169 Raw8Fist=Fist OpportunityOrdinal=72 Reason=ACCEPTED_FIST LatchBefore=1 LatchAfter=0 LatchWriteAttempted=1 LatchWriteConfirmed=1 TimingActive=0
CORE MARKER ElapsedMs=112065.832 Actor=PC_Hero Action=2 Family=POWER Phase=1 Motion=Hero_Stand_None_Fist_P1_PowerAttack_Hit_N_Fwd_00_%_00_P0_100_L.xmot Marker=FIST Result=ACCEPTED C1Valid=1 C1=169 StatePosition=1 PreviousMask=0 DesiredMask=0 RetiredMask=0 OwnedMask=0 MarkerOwnedMask=0 Activated=0 Deactivated=0 Retired=0 RearmRequests=0 Clears=0 Raw8Fist=Fist Raw8UseType=8 Latch=1->0 LatchConfirmed=1
CORE RAW8_OPPORTUNITY_CONTACT_CONSUMED ElapsedMs=112072.399 Actor=PC_Hero Action=2 Family=POWER Motion=Hero_Stand_None_Fist_P1_PowerAttack_Hit_N_Fwd_00_%_00_P0_100_L.xmot C1=169 Raw8Fist=Fist OpportunityOrdinal=72 Reason=EXACT_NATIVE_CONTACT_DISPATCH LatchValue=1
CORE ONDAMAGE ElapsedMs=112072.437 Ordinal=44 Target=Golem Arg1=Fist Arg2=PC_Hero Caller=Game.dll+0x0016E348 PlayerAction=2 PlayerPhase=1 PlayerMotion=Hero_Stand_None_Fist_P1_PowerAttack_Hit_N_Fwd_00_%_00_P0_100_L.xmot Raw8Fist=Fist Raw8UseType=8 Raw8Group=0
CORE C1_BIND ElapsedMs=112072.611 Event=COMBAT_MOVE_REUSED Actor=Golem Generation=171 Status=PERSISTED Outstanding=0 Source=<null> Script=_AI_Stumble
CORE C1_FINAL ElapsedMs=112247.981 Actor=PC_Hero Generation=169 Status=PERSISTED SourceCount=1 PhysicalChanged=0 Source[0]=Fist Side=RIGHT Outstanding=0 Cleanup=0 Outcome=NO_OP_NO_OUTSTANDING
CORE C1_FINAL ElapsedMs=112411.073 Actor=Golem Generation=171 Status=PERSISTED SourceCount=1 PhysicalChanged=0 Source[0]=Fist Side=RIGHT Outstanding=0 Cleanup=0 Outcome=NO_OP_NO_OUTSTANDING
CORE C1_START ElapsedMs=112874.496 Actor=PC_Hero Generation=172 Status=CANDIDATE Outstanding=0 TrackedSources=1 ReplacedGeneration=0 ReplacedOutstanding=0 Source[0]=Fist Side=RIGHT Group=0
CORE C1_BIND ElapsedMs=112874.508 Event=COMBAT_MOVE_CANDIDATE_BOUND Actor=PC_Hero Generation=172 Status=CANDIDATE Outstanding=0 Source=<null> Script=_AI_Attack
CORE C1_STATUS ElapsedMs=112874.577 Event=PERSISTED Actor=PC_Hero Generation=172 Status=PERSISTED Outstanding=0
CORE RAW8_FIST_OWNERSHIP ElapsedMs=112874.593 Actor=PC_Hero Action=1 Family=NORMAL Motion=Hero_Stand_None_Fist_P0_Attack_Hit_N_Fwd_00_%_00_P1_100_R.xmot C1=172 Raw8Fist=Fist Raw8UseType=8 InitialClose=0->1 Result=CONFIRMED
CORE ATTACK_OWNERSHIP ElapsedMs=112874.604 Actor=PC_Hero Family=NORMAL Action=1 Phase=1 Motion=Hero_Stand_None_Fist_P0_Attack_Hit_N_Fwd_00_%_00_P1_100_R.xmot MarkerPresent=1 RequiredMask=0 FistMarkers=1 Raw8Fist=Fist Raw8UseType=8 SuppressNative=0 Classification=ROUTINE
CORE RAW8_FIST_TIMING ElapsedMs=112974.986 Actor=PC_Hero Action=1 Family=NORMAL Motion=Hero_Stand_None_Fist_P0_Attack_Hit_N_Fwd_00_%_00_P1_100_R.xmot C1=172 Raw8Fist=Fist Raw8UseType=8 AcceptedRearm=1->0 OwnershipMatched=1 Classification=EARLY_PERMISSION_ARMED
CORE RAW8_OPPORTUNITY_OPEN ElapsedMs=112975.032 Actor=PC_Hero Action=1 Family=NORMAL Motion=Hero_Stand_None_Fist_P0_Attack_Hit_N_Fwd_00_%_00_P1_100_R.xmot C1=172 Raw8Fist=Fist OpportunityOrdinal=73 Reason=ACCEPTED_FIST LatchBefore=1 LatchAfter=0 LatchWriteAttempted=1 LatchWriteConfirmed=1 TimingActive=1
CORE MARKER ElapsedMs=112975.064 Actor=PC_Hero Action=1 Family=NORMAL Phase=1 Motion=Hero_Stand_None_Fist_P0_Attack_Hit_N_Fwd_00_%_00_P1_100_R.xmot Marker=FIST Result=ACCEPTED C1Valid=1 C1=172 StatePosition=0 PreviousMask=0 DesiredMask=0 RetiredMask=0 OwnedMask=0 MarkerOwnedMask=0 Activated=0 Deactivated=0 Retired=0 RearmRequests=0 Clears=0 Raw8Fist=Fist Raw8UseType=8 Latch=1->0 LatchConfirmed=1
CORE RAW8_FIST_TIMING ElapsedMs=112981.939 Actor=PC_Hero Action=1 Family=NORMAL Motion=Hero_Stand_None_Fist_P0_Attack_Hit_N_Fwd_00_%_00_P1_100_R.xmot C1=172 Raw8Fist=Fist Raw8UseType=8 PermissionApplied=1 SyntheticApplied=1 Classification=EARLY_PERMISSION_APPLIED
CORE RAW8_OPPORTUNITY_MISS_REARM ElapsedMs=112981.977 Actor=PC_Hero Action=1 Family=NORMAL Motion=Hero_Stand_None_Fist_P0_Attack_Hit_N_Fwd_00_%_00_P1_100_R.xmot C1=172 Raw8Fist=Fist OpportunityOrdinal=73 Reason=NO_CONTACT_DISPATCH FullStop=0 LatchBefore=1 LatchAfter=0 LatchWriteAttempted=1 LatchWriteConfirmed=1
CORE RAW8_OPPORTUNITY_MISS_REARM ElapsedMs=112990.187 Actor=PC_Hero Action=1 Family=NORMAL Motion=Hero_Stand_None_Fist_P0_Attack_Hit_N_Fwd_00_%_00_P1_100_R.xmot C1=172 Raw8Fist=Fist OpportunityOrdinal=73 Reason=NO_CONTACT_DISPATCH FullStop=0 LatchBefore=1 LatchAfter=0 LatchWriteAttempted=1 LatchWriteConfirmed=1
CORE RAW8_OPPORTUNITY_MISS_REARM ElapsedMs=112997.676 Actor=PC_Hero Action=1 Family=NORMAL Motion=Hero_Stand_None_Fist_P0_Attack_Hit_N_Fwd_00_%_00_P1_100_R.xmot C1=172 Raw8Fist=Fist OpportunityOrdinal=73 Reason=NO_CONTACT_DISPATCH FullStop=0 LatchBefore=1 LatchAfter=0 LatchWriteAttempted=1 LatchWriteConfirmed=1
CORE RAW8_OPPORTUNITY_MISS_REARM ElapsedMs=113006.152 Actor=PC_Hero Action=1 Family=NORMAL Motion=Hero_Stand_None_Fist_P0_Attack_Hit_N_Fwd_00_%_00_P1_100_R.xmot C1=172 Raw8Fist=Fist OpportunityOrdinal=73 Reason=NO_CONTACT_DISPATCH FullStop=0 LatchBefore=1 LatchAfter=0 LatchWriteAttempted=1 LatchWriteConfirmed=1
CORE RAW8_OPPORTUNITY_MISS_REARM ElapsedMs=113013.788 Actor=PC_Hero Action=1 Family=NORMAL Motion=Hero_Stand_None_Fist_P0_Attack_Hit_N_Fwd_00_%_00_P1_100_R.xmot C1=172 Raw8Fist=Fist OpportunityOrdinal=73 Reason=NO_CONTACT_DISPATCH FullStop=0 LatchBefore=1 LatchAfter=0 LatchWriteAttempted=1 LatchWriteConfirmed=1
CORE RAW8_OPPORTUNITY_MISS_REARM ElapsedMs=113022.111 Actor=PC_Hero Action=1 Family=NORMAL Motion=Hero_Stand_None_Fist_P0_Attack_Hit_N_Fwd_00_%_00_P1_100_R.xmot C1=172 Raw8Fist=Fist OpportunityOrdinal=73 Reason=NO_CONTACT_DISPATCH FullStop=0 LatchBefore=1 LatchAfter=0 LatchWriteAttempted=1 LatchWriteConfirmed=1
CORE RAW8_OPPORTUNITY_MISS_REARM ElapsedMs=113029.685 Actor=PC_Hero Action=1 Family=NORMAL Motion=Hero_Stand_None_Fist_P0_Attack_Hit_N_Fwd_00_%_00_P1_100_R.xmot C1=172 Raw8Fist=Fist OpportunityOrdinal=73 Reason=NO_CONTACT_DISPATCH FullStop=0 LatchBefore=1 LatchAfter=0 LatchWriteAttempted=1 LatchWriteConfirmed=1
CORE RAW8_OPPORTUNITY_MISS_REARM ElapsedMs=113038.064 Actor=PC_Hero Action=1 Family=NORMAL Motion=Hero_Stand_None_Fist_P0_Attack_Hit_N_Fwd_00_%_00_P1_100_R.xmot C1=172 Raw8Fist=Fist OpportunityOrdinal=73 Reason=NO_CONTACT_DISPATCH FullStop=0 LatchBefore=1 LatchAfter=0 LatchWriteAttempted=1 LatchWriteConfirmed=1
CORE RAW8_OPPORTUNITY_MISS_REARM ElapsedMs=113044.942 Actor=PC_Hero Action=1 Family=NORMAL Motion=Hero_Stand_None_Fist_P0_Attack_Hit_N_Fwd_00_%_00_P1_100_R.xmot C1=172 Raw8Fist=Fist OpportunityOrdinal=73 Reason=NO_CONTACT_DISPATCH FullStop=0 LatchBefore=1 LatchAfter=0 LatchWriteAttempted=1 LatchWriteConfirmed=1
CORE RAW8_FIST_TIMING ElapsedMs=113054.190 Actor=PC_Hero C1=172 PermissionRetired=1 Reason=REAL_TIME_REACHED_FORCED_VALUE
CORE RAW8_OPPORTUNITY_MISS_REARM ElapsedMs=113054.228 Actor=PC_Hero Action=1 Family=NORMAL Motion=Hero_Stand_None_Fist_P0_Attack_Hit_N_Fwd_00_%_00_P1_100_R.xmot C1=172 Raw8Fist=Fist OpportunityOrdinal=73 Reason=NO_CONTACT_DISPATCH FullStop=0 LatchBefore=1 LatchAfter=0 LatchWriteAttempted=1 LatchWriteConfirmed=1
CORE RAW8_OPPORTUNITY_MISS_REARM ElapsedMs=113061.110 Actor=PC_Hero Action=1 Family=NORMAL Motion=Hero_Stand_None_Fist_P0_Attack_Hit_N_Fwd_00_%_00_P1_100_R.xmot C1=172 Raw8Fist=Fist OpportunityOrdinal=73 Reason=NO_CONTACT_DISPATCH FullStop=0 LatchBefore=1 LatchAfter=0 LatchWriteAttempted=1 LatchWriteConfirmed=1
CORE RAW8_OPPORTUNITY_MISS_REARM ElapsedMs=113069.962 Actor=PC_Hero Action=1 Family=NORMAL Motion=Hero_Stand_None_Fist_P0_Attack_Hit_N_Fwd_00_%_00_P1_100_R.xmot C1=172 Raw8Fist=Fist OpportunityOrdinal=73 Reason=NO_CONTACT_DISPATCH FullStop=0 LatchBefore=1 LatchAfter=0 LatchWriteAttempted=1 LatchWriteConfirmed=1
CORE RAW8_OPPORTUNITY_MISS_REARM ElapsedMs=113076.874 Actor=PC_Hero Action=1 Family=NORMAL Motion=Hero_Stand_None_Fist_P0_Attack_Hit_N_Fwd_00_%_00_P1_100_R.xmot C1=172 Raw8Fist=Fist OpportunityOrdinal=73 Reason=NO_CONTACT_DISPATCH FullStop=0 LatchBefore=1 LatchAfter=0 LatchWriteAttempted=1 LatchWriteConfirmed=1
CORE RAW8_OPPORTUNITY_MISS_REARM ElapsedMs=113084.948 Actor=PC_Hero Action=1 Family=NORMAL Motion=Hero_Stand_None_Fist_P0_Attack_Hit_N_Fwd_00_%_00_P1_100_R.xmot C1=172 Raw8Fist=Fist OpportunityOrdinal=73 Reason=NO_CONTACT_DISPATCH FullStop=0 LatchBefore=1 LatchAfter=0 LatchWriteAttempted=1 LatchWriteConfirmed=1
CORE C1_START ElapsedMs=113085.270 Actor=Golem Generation=173 Status=CANDIDATE Outstanding=0 TrackedSources=1 ReplacedGeneration=0 ReplacedOutstanding=0 Source[0]=Fist Side=RIGHT Group=0
CORE C1_BIND ElapsedMs=113085.278 Event=COMBAT_MOVE_CANDIDATE_BOUND Actor=Golem Generation=173 Status=CANDIDATE Outstanding=0 Source=<null> Script=_AI_Attack
CORE C1_STATUS ElapsedMs=113085.322 Event=PERSISTED Actor=Golem Generation=173 Status=PERSISTED Outstanding=0
CORE RAW8_OPPORTUNITY_MISS_REARM ElapsedMs=113092.304 Actor=PC_Hero Action=1 Family=NORMAL Motion=Hero_Stand_None_Fist_P0_Attack_Hit_N_Fwd_00_%_00_P1_100_R.xmot C1=172 Raw8Fist=Fist OpportunityOrdinal=73 Reason=NO_CONTACT_DISPATCH FullStop=0 LatchBefore=1 LatchAfter=0 LatchWriteAttempted=1 LatchWriteConfirmed=1
CORE RAW8_OPPORTUNITY_MISS_REARM ElapsedMs=113101.782 Actor=PC_Hero Action=1 Family=NORMAL Motion=Hero_Stand_None_Fist_P0_Attack_Hit_N_Fwd_00_%_00_P1_100_R.xmot C1=172 Raw8Fist=Fist OpportunityOrdinal=73 Reason=NO_CONTACT_DISPATCH FullStop=0 LatchBefore=1 LatchAfter=0 LatchWriteAttempted=1 LatchWriteConfirmed=1
CORE COLLISION_GROUP ElapsedMs=113101.847 Source=Fist UseType=8 Owner=<unresolved> Slot=NONE Requested=7 Before=0 After=0 MarkerBitsRetired=0
CORE RAW8_OPPORTUNITY_MISS_REARM ElapsedMs=113109.379 Actor=PC_Hero Action=1 Family=NORMAL Motion=Hero_Stand_None_Fist_P0_Attack_Hit_N_Fwd_00_%_00_P1_100_R.xmot C1=172 Raw8Fist=Fist OpportunityOrdinal=73 Reason=NO_CONTACT_DISPATCH FullStop=0 LatchBefore=1 LatchAfter=0 LatchWriteAttempted=1 LatchWriteConfirmed=1
CORE RAW8_OPPORTUNITY_MISS_REARM ElapsedMs=113117.736 Actor=PC_Hero Action=1 Family=NORMAL Motion=Hero_Stand_None_Fist_P0_Attack_Hit_N_Fwd_00_%_00_P1_100_R.xmot C1=172 Raw8Fist=Fist OpportunityOrdinal=73 Reason=NO_CONTACT_DISPATCH FullStop=0 LatchBefore=1 LatchAfter=0 LatchWriteAttempted=1 LatchWriteConfirmed=1
CORE RAW8_OPPORTUNITY_MISS_REARM ElapsedMs=113124.167 Actor=PC_Hero Action=1 Family=NORMAL Motion=Hero_Stand_None_Fist_P0_Attack_Hit_N_Fwd_00_%_00_P1_100_R.xmot C1=172 Raw8Fist=Fist OpportunityOrdinal=73 Reason=NO_CONTACT_DISPATCH FullStop=0 LatchBefore=1 LatchAfter=0 LatchWriteAttempted=1 LatchWriteConfirmed=1
CORE RAW8_OPPORTUNITY_MISS_REARM ElapsedMs=113132.734 Actor=PC_Hero Action=1 Family=NORMAL Motion=Hero_Stand_None_Fist_P0_Attack_Hit_N_Fwd_00_%_00_P1_100_R.xmot C1=172 Raw8Fist=Fist OpportunityOrdinal=73 Reason=NO_CONTACT_DISPATCH FullStop=0 LatchBefore=1 LatchAfter=0 LatchWriteAttempted=1 LatchWriteConfirmed=1
CORE RAW8_OPPORTUNITY_MISS_REARM ElapsedMs=113139.957 Actor=PC_Hero Action=1 Family=NORMAL Motion=Hero_Stand_None_Fist_P0_Attack_Hit_N_Fwd_00_%_00_P1_100_R.xmot C1=172 Raw8Fist=Fist OpportunityOrdinal=73 Reason=NO_CONTACT_DISPATCH FullStop=0 LatchBefore=1 LatchAfter=0 LatchWriteAttempted=1 LatchWriteConfirmed=1
CORE RAW8_OPPORTUNITY_MISS_REARM ElapsedMs=113148.581 Actor=PC_Hero Action=1 Family=NORMAL Motion=Hero_Stand_None_Fist_P0_Attack_Hit_N_Fwd_00_%_00_P1_100_R.xmot C1=172 Raw8Fist=Fist OpportunityOrdinal=73 Reason=NO_CONTACT_DISPATCH FullStop=0 LatchBefore=1 LatchAfter=0 LatchWriteAttempted=1 LatchWriteConfirmed=1
CORE RAW8_OPPORTUNITY_CONTACT_CONSUMED ElapsedMs=113155.207 Actor=PC_Hero Action=1 Family=NORMAL Motion=Hero_Stand_None_Fist_P0_Attack_Hit_N_Fwd_00_%_00_P1_100_R.xmot C1=172 Raw8Fist=Fist OpportunityOrdinal=73 Reason=EXACT_NATIVE_CONTACT_DISPATCH LatchValue=1
CORE ONDAMAGE ElapsedMs=113155.244 Ordinal=45 Target=Golem Arg1=Fist Arg2=PC_Hero Caller=Game.dll+0x0016E348 PlayerAction=1 PlayerPhase=1 PlayerMotion=Hero_Stand_None_Fist_P0_Attack_Hit_N_Fwd_00_%_00_P1_100_R.xmot Raw8Fist=Fist Raw8UseType=8 Raw8Group=0
CORE C1_START ElapsedMs=113155.412 Actor=Golem Generation=174 Status=CANDIDATE Outstanding=0 TrackedSources=1 ReplacedGeneration=173 ReplacedOutstanding=0 Source[0]=Fist Side=RIGHT Group=0
CORE C1_BIND ElapsedMs=113155.418 Event=COMBAT_MOVE_CANDIDATE_BOUND Actor=Golem Generation=174 Status=CANDIDATE Outstanding=0 Source=<null> Script=_AI_Stumble
CORE C1_STATUS ElapsedMs=113155.463 Event=PERSISTED Actor=Golem Generation=174 Status=PERSISTED Outstanding=0
CORE C1_FINAL ElapsedMs=113163.790 Actor=PC_Hero Generation=172 Status=PERSISTED SourceCount=1 PhysicalChanged=0 Source[0]=Fist Side=RIGHT Outstanding=0 Cleanup=0 Outcome=NO_OP_NO_OUTSTANDING
CORE C1_START ElapsedMs=113474.679 Actor=PC_Hero Generation=175 Status=CANDIDATE Outstanding=0 TrackedSources=1 ReplacedGeneration=0 ReplacedOutstanding=0 Source[0]=Fist Side=RIGHT Group=0
CORE C1_BIND ElapsedMs=113474.691 Event=COMBAT_MOVE_CANDIDATE_BOUND Actor=PC_Hero Generation=175 Status=CANDIDATE Outstanding=0 Source=<null> Script=_AI_PowerAttack
CORE C1_STATUS ElapsedMs=113474.759 Event=PERSISTED Actor=PC_Hero Generation=175 Status=PERSISTED Outstanding=0
CORE C1_FINAL ElapsedMs=113489.759 Actor=PC_Hero Generation=175 Status=PERSISTED SourceCount=1 PhysicalChanged=0 Source[0]=Fist Side=RIGHT Outstanding=0 Cleanup=0 Outcome=NO_OP_NO_OUTSTANDING
CORE C1_START ElapsedMs=113490.488 Actor=PC_Hero Generation=176 Status=CANDIDATE Outstanding=0 TrackedSources=1 ReplacedGeneration=0 ReplacedOutstanding=0 Source[0]=Fist Side=RIGHT Group=0
CORE C1_BIND ElapsedMs=113490.496 Event=COMBAT_MOVE_CANDIDATE_BOUND Actor=PC_Hero Generation=176 Status=CANDIDATE Outstanding=0 Source=<null> Script=_AI_Attack
CORE C1_STATUS ElapsedMs=113490.583 Event=PERSISTED Actor=PC_Hero Generation=176 Status=PERSISTED Outstanding=0
CORE RAW8_FIST_OWNERSHIP ElapsedMs=113490.597 Actor=PC_Hero Action=1 Family=NORMAL Motion=Hero_Stand_None_Fist_P1_Attack_Hit_N_Fwd_00_%_00_P0_100_L.xmot C1=176 Raw8Fist=Fist Raw8UseType=8 InitialClose=0->1 Result=CONFIRMED
CORE ATTACK_OWNERSHIP ElapsedMs=113490.607 Actor=PC_Hero Family=NORMAL Action=1 Phase=1 Motion=Hero_Stand_None_Fist_P1_Attack_Hit_N_Fwd_00_%_00_P0_100_L.xmot MarkerPresent=1 RequiredMask=0 FistMarkers=1 Raw8Fist=Fist Raw8UseType=8 SuppressNative=0 Classification=ROUTINE
CORE C1_FINAL ElapsedMs=113490.812 Actor=Golem Generation=174 Status=PERSISTED SourceCount=1 PhysicalChanged=0 Source[0]=Fist Side=RIGHT Outstanding=0 Cleanup=0 Outcome=NO_OP_NO_OUTSTANDING
CORE C1_START ElapsedMs=113507.399 Actor=Golem Generation=177 Status=CANDIDATE Outstanding=0 TrackedSources=1 ReplacedGeneration=0 ReplacedOutstanding=0 Source[0]=Fist Side=RIGHT Group=0
CORE C1_BIND ElapsedMs=113507.444 Event=COMBAT_MOVE_CANDIDATE_BOUND Actor=Golem Generation=177 Status=CANDIDATE Outstanding=0 Source=<null> Script=_AI_PowerAttack
CORE C1_STATUS ElapsedMs=113507.517 Event=PERSISTED Actor=Golem Generation=177 Status=PERSISTED Outstanding=0
CORE RAW8_FIST_TIMING ElapsedMs=113592.976 Actor=PC_Hero Action=1 Family=NORMAL Motion=Hero_Stand_None_Fist_P1_Attack_Hit_N_Fwd_00_%_00_P0_100_L.xmot C1=176 Raw8Fist=Fist Raw8UseType=8 AcceptedRearm=1->0 OwnershipMatched=1 Classification=EARLY_PERMISSION_ARMED
CORE RAW8_OPPORTUNITY_OPEN ElapsedMs=113593.010 Actor=PC_Hero Action=1 Family=NORMAL Motion=Hero_Stand_None_Fist_P1_Attack_Hit_N_Fwd_00_%_00_P0_100_L.xmot C1=176 Raw8Fist=Fist OpportunityOrdinal=74 Reason=ACCEPTED_FIST LatchBefore=1 LatchAfter=0 LatchWriteAttempted=1 LatchWriteConfirmed=1 TimingActive=1
CORE MARKER ElapsedMs=113593.027 Actor=PC_Hero Action=1 Family=NORMAL Phase=1 Motion=Hero_Stand_None_Fist_P1_Attack_Hit_N_Fwd_00_%_00_P0_100_L.xmot Marker=FIST Result=ACCEPTED C1Valid=1 C1=176 StatePosition=0 PreviousMask=0 DesiredMask=0 RetiredMask=0 OwnedMask=0 MarkerOwnedMask=0 Activated=0 Deactivated=0 Retired=0 RearmRequests=0 Clears=0 Raw8Fist=Fist Raw8UseType=8 Latch=1->0 LatchConfirmed=1
CORE RAW8_FIST_TIMING ElapsedMs=113601.752 Actor=PC_Hero Action=1 Family=NORMAL Motion=Hero_Stand_None_Fist_P1_Attack_Hit_N_Fwd_00_%_00_P0_100_L.xmot C1=176 Raw8Fist=Fist Raw8UseType=8 PermissionApplied=1 SyntheticApplied=1 Classification=EARLY_PERMISSION_APPLIED
CORE RAW8_OPPORTUNITY_MISS_REARM ElapsedMs=113601.791 Actor=PC_Hero Action=1 Family=NORMAL Motion=Hero_Stand_None_Fist_P1_Attack_Hit_N_Fwd_00_%_00_P0_100_L.xmot C1=176 Raw8Fist=Fist OpportunityOrdinal=74 Reason=NO_CONTACT_DISPATCH FullStop=0 LatchBefore=1 LatchAfter=0 LatchWriteAttempted=1 LatchWriteConfirmed=1
CORE RAW8_OPPORTUNITY_MISS_REARM ElapsedMs=113609.627 Actor=PC_Hero Action=1 Family=NORMAL Motion=Hero_Stand_None_Fist_P1_Attack_Hit_N_Fwd_00_%_00_P0_100_L.xmot C1=176 Raw8Fist=Fist OpportunityOrdinal=74 Reason=NO_CONTACT_DISPATCH FullStop=0 LatchBefore=1 LatchAfter=0 LatchWriteAttempted=1 LatchWriteConfirmed=1
CORE RAW8_OPPORTUNITY_MISS_REARM ElapsedMs=113617.770 Actor=PC_Hero Action=1 Family=NORMAL Motion=Hero_Stand_None_Fist_P1_Attack_Hit_N_Fwd_00_%_00_P0_100_L.xmot C1=176 Raw8Fist=Fist OpportunityOrdinal=74 Reason=NO_CONTACT_DISPATCH FullStop=0 LatchBefore=1 LatchAfter=0 LatchWriteAttempted=1 LatchWriteConfirmed=1
CORE RAW8_OPPORTUNITY_MISS_REARM ElapsedMs=113624.522 Actor=PC_Hero Action=1 Family=NORMAL Motion=Hero_Stand_None_Fist_P1_Attack_Hit_N_Fwd_00_%_00_P0_100_L.xmot C1=176 Raw8Fist=Fist OpportunityOrdinal=74 Reason=NO_CONTACT_DISPATCH FullStop=0 LatchBefore=1 LatchAfter=0 LatchWriteAttempted=1 LatchWriteConfirmed=1
CORE RAW8_OPPORTUNITY_MISS_REARM ElapsedMs=113632.903 Actor=PC_Hero Action=1 Family=NORMAL Motion=Hero_Stand_None_Fist_P1_Attack_Hit_N_Fwd_00_%_00_P0_100_L.xmot C1=176 Raw8Fist=Fist OpportunityOrdinal=74 Reason=NO_CONTACT_DISPATCH FullStop=0 LatchBefore=1 LatchAfter=0 LatchWriteAttempted=1 LatchWriteConfirmed=1
CORE RAW8_OPPORTUNITY_MISS_REARM ElapsedMs=113640.621 Actor=PC_Hero Action=1 Family=NORMAL Motion=Hero_Stand_None_Fist_P1_Attack_Hit_N_Fwd_00_%_00_P0_100_L.xmot C1=176 Raw8Fist=Fist OpportunityOrdinal=74 Reason=NO_CONTACT_DISPATCH FullStop=0 LatchBefore=1 LatchAfter=0 LatchWriteAttempted=1 LatchWriteConfirmed=1
CORE RAW8_OPPORTUNITY_MISS_REARM ElapsedMs=113648.101 Actor=PC_Hero Action=1 Family=NORMAL Motion=Hero_Stand_None_Fist_P1_Attack_Hit_N_Fwd_00_%_00_P0_100_L.xmot C1=176 Raw8Fist=Fist OpportunityOrdinal=74 Reason=NO_CONTACT_DISPATCH FullStop=0 LatchBefore=1 LatchAfter=0 LatchWriteAttempted=1 LatchWriteConfirmed=1
CORE RAW8_OPPORTUNITY_MISS_REARM ElapsedMs=113656.666 Actor=PC_Hero Action=1 Family=NORMAL Motion=Hero_Stand_None_Fist_P1_Attack_Hit_N_Fwd_00_%_00_P0_100_L.xmot C1=176 Raw8Fist=Fist OpportunityOrdinal=74 Reason=NO_CONTACT_DISPATCH FullStop=0 LatchBefore=1 LatchAfter=0 LatchWriteAttempted=1 LatchWriteConfirmed=1
CORE RAW8_FIST_TIMING ElapsedMs=113663.664 Actor=PC_Hero C1=176 PermissionRetired=1 Reason=REAL_TIME_REACHED_FORCED_VALUE
CORE RAW8_OPPORTUNITY_MISS_REARM ElapsedMs=113663.701 Actor=PC_Hero Action=1 Family=NORMAL Motion=Hero_Stand_None_Fist_P1_Attack_Hit_N_Fwd_00_%_00_P0_100_L.xmot C1=176 Raw8Fist=Fist OpportunityOrdinal=74 Reason=NO_CONTACT_DISPATCH FullStop=0 LatchBefore=1 LatchAfter=0 LatchWriteAttempted=1 LatchWriteConfirmed=1
CORE RAW8_OPPORTUNITY_MISS_REARM ElapsedMs=113671.625 Actor=PC_Hero Action=1 Family=NORMAL Motion=Hero_Stand_None_Fist_P1_Attack_Hit_N_Fwd_00_%_00_P0_100_L.xmot C1=176 Raw8Fist=Fist OpportunityOrdinal=74 Reason=NO_CONTACT_DISPATCH FullStop=0 LatchBefore=1 LatchAfter=0 LatchWriteAttempted=1 LatchWriteConfirmed=1
CORE RAW8_OPPORTUNITY_MISS_REARM ElapsedMs=113679.064 Actor=PC_Hero Action=1 Family=NORMAL Motion=Hero_Stand_None_Fist_P1_Attack_Hit_N_Fwd_00_%_00_P0_100_L.xmot C1=176 Raw8Fist=Fist OpportunityOrdinal=74 Reason=NO_CONTACT_DISPATCH FullStop=0 LatchBefore=1 LatchAfter=0 LatchWriteAttempted=1 LatchWriteConfirmed=1
CORE RAW8_OPPORTUNITY_MISS_REARM ElapsedMs=113687.841 Actor=PC_Hero Action=1 Family=NORMAL Motion=Hero_Stand_None_Fist_P1_Attack_Hit_N_Fwd_00_%_00_P0_100_L.xmot C1=176 Raw8Fist=Fist OpportunityOrdinal=74 Reason=NO_CONTACT_DISPATCH FullStop=0 LatchBefore=1 LatchAfter=0 LatchWriteAttempted=1 LatchWriteConfirmed=1
CORE RAW8_OPPORTUNITY_MISS_REARM ElapsedMs=113694.656 Actor=PC_Hero Action=1 Family=NORMAL Motion=Hero_Stand_None_Fist_P1_Attack_Hit_N_Fwd_00_%_00_P0_100_L.xmot C1=176 Raw8Fist=Fist OpportunityOrdinal=74 Reason=NO_CONTACT_DISPATCH FullStop=0 LatchBefore=1 LatchAfter=0 LatchWriteAttempted=1 LatchWriteConfirmed=1
CORE RAW8_OPPORTUNITY_MISS_REARM ElapsedMs=113702.814 Actor=PC_Hero Action=1 Family=NORMAL Motion=Hero_Stand_None_Fist_P1_Attack_Hit_N_Fwd_00_%_00_P0_100_L.xmot C1=176 Raw8Fist=Fist OpportunityOrdinal=74 Reason=NO_CONTACT_DISPATCH FullStop=0 LatchBefore=1 LatchAfter=0 LatchWriteAttempted=1 LatchWriteConfirmed=1
CORE RAW8_OPPORTUNITY_MISS_REARM ElapsedMs=113709.945 Actor=PC_Hero Action=1 Family=NORMAL Motion=Hero_Stand_None_Fist_P1_Attack_Hit_N_Fwd_00_%_00_P0_100_L.xmot C1=176 Raw8Fist=Fist OpportunityOrdinal=74 Reason=NO_CONTACT_DISPATCH FullStop=0 LatchBefore=1 LatchAfter=0 LatchWriteAttempted=1 LatchWriteConfirmed=1
CORE RAW8_OPPORTUNITY_MISS_REARM ElapsedMs=113718.765 Actor=PC_Hero Action=1 Family=NORMAL Motion=Hero_Stand_None_Fist_P1_Attack_Hit_N_Fwd_00_%_00_P0_100_L.xmot C1=176 Raw8Fist=Fist OpportunityOrdinal=74 Reason=NO_CONTACT_DISPATCH FullStop=0 LatchBefore=1 LatchAfter=0 LatchWriteAttempted=1 LatchWriteConfirmed=1
CORE COLLISION_GROUP ElapsedMs=113718.830 Source=Fist UseType=8 Owner=<unresolved> Slot=NONE Requested=7 Before=0 After=0 MarkerBitsRetired=0
CORE RAW8_OPPORTUNITY_MISS_REARM ElapsedMs=113725.606 Actor=PC_Hero Action=1 Family=NORMAL Motion=Hero_Stand_None_Fist_P1_Attack_Hit_N_Fwd_00_%_00_P0_100_L.xmot C1=176 Raw8Fist=Fist OpportunityOrdinal=74 Reason=NO_CONTACT_DISPATCH FullStop=0 LatchBefore=1 LatchAfter=0 LatchWriteAttempted=1 LatchWriteConfirmed=1
CORE RAW8_OPPORTUNITY_MISS_REARM ElapsedMs=113733.858 Actor=PC_Hero Action=1 Family=NORMAL Motion=Hero_Stand_None_Fist_P1_Attack_Hit_N_Fwd_00_%_00_P0_100_L.xmot C1=176 Raw8Fist=Fist OpportunityOrdinal=74 Reason=NO_CONTACT_DISPATCH FullStop=0 LatchBefore=1 LatchAfter=0 LatchWriteAttempted=1 LatchWriteConfirmed=1
CORE RAW8_OPPORTUNITY_MISS_REARM ElapsedMs=113740.306 Actor=PC_Hero Action=1 Family=NORMAL Motion=Hero_Stand_None_Fist_P1_Attack_Hit_N_Fwd_00_%_00_P0_100_L.xmot C1=176 Raw8Fist=Fist OpportunityOrdinal=74 Reason=NO_CONTACT_DISPATCH FullStop=0 LatchBefore=1 LatchAfter=0 LatchWriteAttempted=1 LatchWriteConfirmed=1
CORE RAW8_OPPORTUNITY_MISS_REARM ElapsedMs=113748.715 Actor=PC_Hero Action=1 Family=NORMAL Motion=Hero_Stand_None_Fist_P1_Attack_Hit_N_Fwd_00_%_00_P0_100_L.xmot C1=176 Raw8Fist=Fist OpportunityOrdinal=74 Reason=NO_CONTACT_DISPATCH FullStop=0 LatchBefore=1 LatchAfter=0 LatchWriteAttempted=1 LatchWriteConfirmed=1
CORE RAW8_OPPORTUNITY_MISS_REARM ElapsedMs=113755.169 Actor=PC_Hero Action=1 Family=NORMAL Motion=Hero_Stand_None_Fist_P1_Attack_Hit_N_Fwd_00_%_00_P0_100_L.xmot C1=176 Raw8Fist=Fist OpportunityOrdinal=74 Reason=NO_CONTACT_DISPATCH FullStop=0 LatchBefore=1 LatchAfter=0 LatchWriteAttempted=1 LatchWriteConfirmed=1
CORE RAW8_OPPORTUNITY_MISS_REARM ElapsedMs=113763.837 Actor=PC_Hero Action=1 Family=NORMAL Motion=Hero_Stand_None_Fist_P1_Attack_Hit_N_Fwd_00_%_00_P0_100_L.xmot C1=176 Raw8Fist=Fist OpportunityOrdinal=74 Reason=NO_CONTACT_DISPATCH FullStop=0 LatchBefore=1 LatchAfter=0 LatchWriteAttempted=1 LatchWriteConfirmed=1
CORE RAW8_OPPORTUNITY_MISS_REARM ElapsedMs=113771.870 Actor=PC_Hero Action=1 Family=NORMAL Motion=Hero_Stand_None_Fist_P1_Attack_Hit_N_Fwd_00_%_00_P0_100_L.xmot C1=176 Raw8Fist=Fist OpportunityOrdinal=74 Reason=NO_CONTACT_DISPATCH FullStop=0 LatchBefore=1 LatchAfter=0 LatchWriteAttempted=1 LatchWriteConfirmed=1
CORE RAW8_OPPORTUNITY_CLOSE ElapsedMs=113778.846 Actor=PC_Hero Action=1 Family=NORMAL Motion=Hero_Stand_None_Fist_P1_Attack_Hit_N_Fwd_00_%_00_P0_100_L.xmot C1=176 Raw8Fist=Fist OpportunityOrdinal=74 Reason=C1_FINALIZED LatchBefore=0 LatchAfter=1 LatchWriteAttempted=1 LatchWriteConfirmed=1
CORE C1_FINAL ElapsedMs=113778.918 Actor=PC_Hero Generation=176 Status=PERSISTED SourceCount=1 PhysicalChanged=0 Source[0]=Fist Side=RIGHT Outstanding=0 Cleanup=0 Outcome=NO_OP_NO_OUTSTANDING
CORE C1_BIND ElapsedMs=113826.884 Event=COMBAT_MOVE_REUSED Actor=Golem Generation=177 Status=PERSISTED Outstanding=0 Source=<null> Script=_AI_PowerAttack
CORE ATTACK_OWNERSHIP ElapsedMs=113826.958 Actor=Golem Family=SPRINT Action=9 Phase=1 Motion=Golem_Stand_None_Fist_P0_PowerAttack_Hit_N_Fwd_00_%_00_P0_100_R.xmot MarkerPresent=0 RequiredMask=0 FistMarkers=0 Raw8Fist=<none> Raw8UseType=-1 SuppressNative=0 Classification=ROUTINE
CORE COLLISION_GROUP ElapsedMs=113826.973 Source=Fist UseType=8 Owner=<unresolved> Slot=NONE Requested=7 Before=0 After=0 MarkerBitsRetired=0
CORE C1_FINAL ElapsedMs=114068.435 Actor=Golem Generation=177 Status=PERSISTED SourceCount=1 PhysicalChanged=0 Source[0]=Fist Side=RIGHT Outstanding=0 Cleanup=0 Outcome=NO_OP_NO_OUTSTANDING
CORE C1_START ElapsedMs=114076.008 Actor=Golem Generation=178 Status=CANDIDATE Outstanding=0 TrackedSources=1 ReplacedGeneration=0 ReplacedOutstanding=0 Source[0]=Fist Side=RIGHT Group=0
CORE C1_BIND ElapsedMs=114076.021 Event=COMBAT_MOVE_CANDIDATE_BOUND Actor=Golem Generation=178 Status=CANDIDATE Outstanding=0 Source=<null> Script=_AI_PowerAttack
CORE C1_STATUS ElapsedMs=114076.129 Event=PERSISTED Actor=Golem Generation=178 Status=PERSISTED Outstanding=0
CORE C1_START ElapsedMs=114153.648 Actor=PC_Hero Generation=179 Status=CANDIDATE Outstanding=0 TrackedSources=1 ReplacedGeneration=0 ReplacedOutstanding=0 Source[0]=Fist Side=RIGHT Group=0
CORE C1_BIND ElapsedMs=114153.660 Event=COMBAT_MOVE_CANDIDATE_BOUND Actor=PC_Hero Generation=179 Status=CANDIDATE Outstanding=0 Source=<null> Script=_AI_Attack
CORE C1_STATUS ElapsedMs=114153.808 Event=PERSISTED Actor=PC_Hero Generation=179 Status=PERSISTED Outstanding=0
CORE RAW8_FIST_OWNERSHIP ElapsedMs=114153.828 Actor=PC_Hero Action=1 Family=NORMAL Motion=Hero_Stand_None_Fist_P0_Attack_Hit_N_Fwd_00_%_00_P1_100_R.xmot C1=179 Raw8Fist=Fist Raw8UseType=8 InitialClose=0->1 Result=CONFIRMED
CORE ATTACK_OWNERSHIP ElapsedMs=114153.930 Actor=PC_Hero Family=NORMAL Action=1 Phase=1 Motion=Hero_Stand_None_Fist_P0_Attack_Hit_N_Fwd_00_%_00_P1_100_R.xmot MarkerPresent=1 RequiredMask=0 FistMarkers=1 Raw8Fist=Fist Raw8UseType=8 SuppressNative=0 Classification=ROUTINE
CORE RAW8_FIST_TIMING ElapsedMs=114253.427 Actor=PC_Hero Action=1 Family=NORMAL Motion=Hero_Stand_None_Fist_P0_Attack_Hit_N_Fwd_00_%_00_P1_100_R.xmot C1=179 Raw8Fist=Fist Raw8UseType=8 AcceptedRearm=1->0 OwnershipMatched=1 Classification=EARLY_PERMISSION_ARMED
CORE RAW8_OPPORTUNITY_OPEN ElapsedMs=114253.456 Actor=PC_Hero Action=1 Family=NORMAL Motion=Hero_Stand_None_Fist_P0_Attack_Hit_N_Fwd_00_%_00_P1_100_R.xmot C1=179 Raw8Fist=Fist OpportunityOrdinal=75 Reason=ACCEPTED_FIST LatchBefore=1 LatchAfter=0 LatchWriteAttempted=1 LatchWriteConfirmed=1 TimingActive=1
CORE MARKER ElapsedMs=114253.483 Actor=PC_Hero Action=1 Family=NORMAL Phase=1 Motion=Hero_Stand_None_Fist_P0_Attack_Hit_N_Fwd_00_%_00_P1_100_R.xmot Marker=FIST Result=ACCEPTED C1Valid=1 C1=179 StatePosition=0 PreviousMask=0 DesiredMask=0 RetiredMask=0 OwnedMask=0 MarkerOwnedMask=0 Activated=0 Deactivated=0 Retired=0 RearmRequests=0 Clears=0 Raw8Fist=Fist Raw8UseType=8 Latch=1->0 LatchConfirmed=1
CORE RAW8_FIST_TIMING ElapsedMs=114260.345 Actor=PC_Hero Action=1 Family=NORMAL Motion=Hero_Stand_None_Fist_P0_Attack_Hit_N_Fwd_00_%_00_P1_100_R.xmot C1=179 Raw8Fist=Fist Raw8UseType=8 PermissionApplied=1 SyntheticApplied=1 Classification=EARLY_PERMISSION_APPLIED
CORE RAW8_OPPORTUNITY_CONTACT_CONSUMED ElapsedMs=114260.448 Actor=PC_Hero Action=1 Family=NORMAL Motion=Hero_Stand_None_Fist_P0_Attack_Hit_N_Fwd_00_%_00_P1_100_R.xmot C1=179 Raw8Fist=Fist OpportunityOrdinal=75 Reason=EXACT_NATIVE_CONTACT_DISPATCH LatchValue=1
CORE RAW8_FIST_TIMING ElapsedMs=114260.466 Actor=PC_Hero C1=179 PermissionRetired=1 Reason=CONTACT_CONSUMED
CORE ONDAMAGE ElapsedMs=114260.481 Ordinal=46 Target=Golem Arg1=Fist Arg2=PC_Hero Caller=Game.dll+0x0016E348 PlayerAction=1 PlayerPhase=1 PlayerMotion=Hero_Stand_None_Fist_P0_Attack_Hit_N_Fwd_00_%_00_P1_100_R.xmot Raw8Fist=Fist Raw8UseType=8 Raw8Group=0
CORE COLLISION_GROUP ElapsedMs=114385.755 Source=Fist UseType=8 Owner=<unresolved> Slot=NONE Requested=7 Before=0 After=0 MarkerBitsRetired=0
CORE C1_BIND ElapsedMs=114392.880 Event=COMBAT_MOVE_REUSED Actor=Golem Generation=178 Status=PERSISTED Outstanding=0 Source=<null> Script=_AI_PowerAttack
CORE COLLISION_GROUP ElapsedMs=114392.957 Source=Fist UseType=8 Owner=<unresolved> Slot=NONE Requested=7 Before=0 After=0 MarkerBitsRetired=0
CORE C1_FINAL ElapsedMs=114447.558 Actor=PC_Hero Generation=179 Status=PERSISTED SourceCount=1 PhysicalChanged=0 Source[0]=Fist Side=RIGHT Outstanding=0 Cleanup=0 Outcome=NO_OP_NO_OUTSTANDING
CORE C1_FINAL ElapsedMs=114639.091 Actor=Golem Generation=178 Status=PERSISTED SourceCount=1 PhysicalChanged=0 Source[0]=Fist Side=RIGHT Outstanding=0 Cleanup=0 Outcome=NO_OP_NO_OUTSTANDING
CORE C1_START ElapsedMs=114646.289 Actor=Golem Generation=180 Status=CANDIDATE Outstanding=0 TrackedSources=1 ReplacedGeneration=0 ReplacedOutstanding=0 Source[0]=Fist Side=RIGHT Group=0
CORE C1_BIND ElapsedMs=114646.301 Event=COMBAT_MOVE_CANDIDATE_BOUND Actor=Golem Generation=180 Status=CANDIDATE Outstanding=0 Source=<null> Script=_AI_PowerAttack
CORE C1_STATUS ElapsedMs=114646.360 Event=PERSISTED Actor=Golem Generation=180 Status=PERSISTED Outstanding=0
CORE C1_START ElapsedMs=114699.223 Actor=PC_Hero Generation=181 Status=CANDIDATE Outstanding=0 TrackedSources=1 ReplacedGeneration=0 ReplacedOutstanding=0 Source[0]=Fist Side=RIGHT Group=0
CORE C1_BIND ElapsedMs=114699.236 Event=COMBAT_MOVE_CANDIDATE_BOUND Actor=PC_Hero Generation=181 Status=CANDIDATE Outstanding=0 Source=<null> Script=_AI_PowerAttack
CORE C1_STATUS ElapsedMs=114699.303 Event=PERSISTED Actor=PC_Hero Generation=181 Status=PERSISTED Outstanding=0
CORE C1_FINAL ElapsedMs=114721.490 Actor=PC_Hero Generation=181 Status=PERSISTED SourceCount=1 PhysicalChanged=0 Source[0]=Fist Side=RIGHT Outstanding=0 Cleanup=0 Outcome=NO_OP_NO_OUTSTANDING
CORE C1_START ElapsedMs=114722.141 Actor=PC_Hero Generation=182 Status=CANDIDATE Outstanding=0 TrackedSources=1 ReplacedGeneration=0 ReplacedOutstanding=0 Source[0]=Fist Side=RIGHT Group=0
CORE C1_BIND ElapsedMs=114722.150 Event=COMBAT_MOVE_CANDIDATE_BOUND Actor=PC_Hero Generation=182 Status=CANDIDATE Outstanding=0 Source=<null> Script=_AI_Attack
CORE C1_STATUS ElapsedMs=114722.209 Event=PERSISTED Actor=PC_Hero Generation=182 Status=PERSISTED Outstanding=0
CORE RAW8_FIST_OWNERSHIP ElapsedMs=114722.224 Actor=PC_Hero Action=1 Family=NORMAL Motion=Hero_Stand_None_Fist_P1_Attack_Hit_N_Fwd_00_%_00_P0_100_L.xmot C1=182 Raw8Fist=Fist Raw8UseType=8 InitialClose=0->1 Result=CONFIRMED
CORE ATTACK_OWNERSHIP ElapsedMs=114722.234 Actor=PC_Hero Family=NORMAL Action=1 Phase=1 Motion=Hero_Stand_None_Fist_P1_Attack_Hit_N_Fwd_00_%_00_P0_100_L.xmot MarkerPresent=1 RequiredMask=0 FistMarkers=1 Raw8Fist=Fist Raw8UseType=8 SuppressNative=0 Classification=ROUTINE
CORE RAW8_FIST_TIMING ElapsedMs=114821.503 Actor=PC_Hero Action=1 Family=NORMAL Motion=Hero_Stand_None_Fist_P1_Attack_Hit_N_Fwd_00_%_00_P0_100_L.xmot C1=182 Raw8Fist=Fist Raw8UseType=8 AcceptedRearm=1->0 OwnershipMatched=1 Classification=EARLY_PERMISSION_ARMED
CORE RAW8_OPPORTUNITY_OPEN ElapsedMs=114821.533 Actor=PC_Hero Action=1 Family=NORMAL Motion=Hero_Stand_None_Fist_P1_Attack_Hit_N_Fwd_00_%_00_P0_100_L.xmot C1=182 Raw8Fist=Fist OpportunityOrdinal=76 Reason=ACCEPTED_FIST LatchBefore=1 LatchAfter=0 LatchWriteAttempted=1 LatchWriteConfirmed=1 TimingActive=1
CORE MARKER ElapsedMs=114821.552 Actor=PC_Hero Action=1 Family=NORMAL Phase=1 Motion=Hero_Stand_None_Fist_P1_Attack_Hit_N_Fwd_00_%_00_P0_100_L.xmot Marker=FIST Result=ACCEPTED C1Valid=1 C1=182 StatePosition=0 PreviousMask=0 DesiredMask=0 RetiredMask=0 OwnedMask=0 MarkerOwnedMask=0 Activated=0 Deactivated=0 Retired=0 RearmRequests=0 Clears=0 Raw8Fist=Fist Raw8UseType=8 Latch=1->0 LatchConfirmed=1
CORE RAW8_FIST_TIMING ElapsedMs=114828.005 Actor=PC_Hero Action=1 Family=NORMAL Motion=Hero_Stand_None_Fist_P1_Attack_Hit_N_Fwd_00_%_00_P0_100_L.xmot C1=182 Raw8Fist=Fist Raw8UseType=8 PermissionApplied=1 SyntheticApplied=1 Classification=EARLY_PERMISSION_APPLIED
CORE RAW8_OPPORTUNITY_CONTACT_CONSUMED ElapsedMs=114828.102 Actor=PC_Hero Action=1 Family=NORMAL Motion=Hero_Stand_None_Fist_P1_Attack_Hit_N_Fwd_00_%_00_P0_100_L.xmot C1=182 Raw8Fist=Fist OpportunityOrdinal=76 Reason=EXACT_NATIVE_CONTACT_DISPATCH LatchValue=1
CORE RAW8_FIST_TIMING ElapsedMs=114828.116 Actor=PC_Hero C1=182 PermissionRetired=1 Reason=CONTACT_CONSUMED
CORE ONDAMAGE ElapsedMs=114828.131 Ordinal=47 Target=Golem Arg1=Fist Arg2=PC_Hero Caller=Game.dll+0x0016E348 PlayerAction=1 PlayerPhase=1 PlayerMotion=Hero_Stand_None_Fist_P1_Attack_Hit_N_Fwd_00_%_00_P0_100_L.xmot Raw8Fist=Fist Raw8UseType=8 Raw8Group=0
CORE COLLISION_GROUP ElapsedMs=114943.914 Source=Fist UseType=8 Owner=<unresolved> Slot=NONE Requested=7 Before=0 After=0 MarkerBitsRetired=0
CORE C1_BIND ElapsedMs=114958.340 Event=COMBAT_MOVE_REUSED Actor=Golem Generation=180 Status=PERSISTED Outstanding=0 Source=<null> Script=_AI_PowerAttack
CORE COLLISION_GROUP ElapsedMs=114958.460 Source=Fist UseType=8 Owner=<unresolved> Slot=NONE Requested=7 Before=0 After=0 MarkerBitsRetired=0
CORE C1_FINAL ElapsedMs=115012.117 Actor=PC_Hero Generation=182 Status=PERSISTED SourceCount=1 PhysicalChanged=0 Source[0]=Fist Side=RIGHT Outstanding=0 Cleanup=0 Outcome=NO_OP_NO_OUTSTANDING
CORE C1_FINAL ElapsedMs=115199.029 Actor=Golem Generation=180 Status=PERSISTED SourceCount=1 PhysicalChanged=0 Source[0]=Fist Side=RIGHT Outstanding=0 Cleanup=0 Outcome=NO_OP_NO_OUTSTANDING
CORE C1_START ElapsedMs=115205.920 Actor=Golem Generation=183 Status=CANDIDATE Outstanding=0 TrackedSources=1 ReplacedGeneration=0 ReplacedOutstanding=0 Source[0]=Fist Side=RIGHT Group=0
CORE C1_BIND ElapsedMs=115205.932 Event=COMBAT_MOVE_CANDIDATE_BOUND Actor=Golem Generation=183 Status=CANDIDATE Outstanding=0 Source=<null> Script=_AI_PowerAttack
CORE C1_STATUS ElapsedMs=115205.989 Event=PERSISTED Actor=Golem Generation=183 Status=PERSISTED Outstanding=0
CORE C1_BIND ElapsedMs=115524.587 Event=COMBAT_MOVE_REUSED Actor=Golem Generation=183 Status=PERSISTED Outstanding=0 Source=<null> Script=_AI_PowerAttack
CORE COLLISION_GROUP ElapsedMs=115524.665 Source=Fist UseType=8 Owner=<unresolved> Slot=NONE Requested=7 Before=0 After=0 MarkerBitsRetired=0
CORE C1_FINAL ElapsedMs=115771.012 Actor=Golem Generation=183 Status=PERSISTED SourceCount=1 PhysicalChanged=0 Source[0]=Fist Side=RIGHT Outstanding=0 Cleanup=0 Outcome=NO_OP_NO_OUTSTANDING
CORE C1_START ElapsedMs=115779.168 Actor=Golem Generation=184 Status=CANDIDATE Outstanding=0 TrackedSources=1 ReplacedGeneration=0 ReplacedOutstanding=0 Source[0]=Fist Side=RIGHT Group=0
CORE C1_BIND ElapsedMs=115779.180 Event=COMBAT_MOVE_CANDIDATE_BOUND Actor=Golem Generation=184 Status=CANDIDATE Outstanding=0 Source=<null> Script=_AI_PowerAttack
CORE C1_STATUS ElapsedMs=115779.233 Event=PERSISTED Actor=Golem Generation=184 Status=PERSISTED Outstanding=0
CORE C1_BIND ElapsedMs=116098.653 Event=COMBAT_MOVE_REUSED Actor=Golem Generation=184 Status=PERSISTED Outstanding=0 Source=<null> Script=_AI_PowerAttack
CORE COLLISION_GROUP ElapsedMs=116098.767 Source=Fist UseType=8 Owner=<unresolved> Slot=NONE Requested=7 Before=0 After=0 MarkerBitsRetired=0
CORE C1_FINAL ElapsedMs=116343.392 Actor=Golem Generation=184 Status=PERSISTED SourceCount=1 PhysicalChanged=0 Source[0]=Fist Side=RIGHT Outstanding=0 Cleanup=0 Outcome=NO_OP_NO_OUTSTANDING
CORE C1_START ElapsedMs=117607.305 Actor=Golem Generation=185 Status=CANDIDATE Outstanding=0 TrackedSources=1 ReplacedGeneration=0 ReplacedOutstanding=0 Source[0]=Fist Side=RIGHT Group=0
CORE C1_BIND ElapsedMs=117607.317 Event=COMBAT_MOVE_CANDIDATE_BOUND Actor=Golem Generation=185 Status=CANDIDATE Outstanding=0 Source=<null> Script=_AI_Attack
CORE C1_STATUS ElapsedMs=117607.381 Event=PERSISTED Actor=Golem Generation=185 Status=PERSISTED Outstanding=0
CORE ATTACK_OWNERSHIP ElapsedMs=117607.412 Actor=Golem Family=NORMAL Action=1 Phase=1 Motion=Golem_Stand_None_Fist_P0_Attack_Hit_N_Fwd_00_%_00_P0_100_R.xmot MarkerPresent=0 RequiredMask=0 FistMarkers=0 Raw8Fist=<none> Raw8UseType=-1 SuppressNative=0 Classification=ROUTINE
CORE COLLISION_GROUP ElapsedMs=117794.990 Source=Fist UseType=8 Owner=<unresolved> Slot=NONE Requested=7 Before=0 After=0 MarkerBitsRetired=0
CORE C1_FINAL ElapsedMs=117911.730 Actor=Golem Generation=185 Status=PERSISTED SourceCount=1 PhysicalChanged=0 Source[0]=Fist Side=RIGHT Outstanding=0 Cleanup=0 Outcome=NO_OP_NO_OUTSTANDING
CORE C1_START ElapsedMs=119140.684 Actor=Golem Generation=186 Status=CANDIDATE Outstanding=0 TrackedSources=1 ReplacedGeneration=0 ReplacedOutstanding=0 Source[0]=Fist Side=RIGHT Group=0
CORE C1_BIND ElapsedMs=119140.756 Event=COMBAT_MOVE_CANDIDATE_BOUND Actor=Golem Generation=186 Status=CANDIDATE Outstanding=0 Source=<null> Script=_AI_Attack
CORE C1_STATUS ElapsedMs=119140.811 Event=PERSISTED Actor=Golem Generation=186 Status=PERSISTED Outstanding=0
CORE COLLISION_GROUP ElapsedMs=119348.426 Source=Fist UseType=8 Owner=<unresolved> Slot=NONE Requested=7 Before=0 After=0 MarkerBitsRetired=0
CORE C1_FINAL ElapsedMs=119463.562 Actor=Golem Generation=186 Status=PERSISTED SourceCount=1 PhysicalChanged=0 Source[0]=Fist Side=RIGHT Outstanding=0 Cleanup=0 Outcome=NO_OP_NO_OUTSTANDING
CORE C1_START ElapsedMs=120578.743 Actor=PC_Hero Generation=187 Status=CANDIDATE Outstanding=0 TrackedSources=1 ReplacedGeneration=0 ReplacedOutstanding=0 Source[0]=It_1H_Sword_Rust_01 Side=RIGHT Group=5
CORE C1_BIND ElapsedMs=120578.757 Event=COMBAT_MOVE_CANDIDATE_BOUND Actor=PC_Hero Generation=187 Status=CANDIDATE Outstanding=0 Source=<null> Script=_AI_Attack
CORE C1_STATUS ElapsedMs=120579.186 Event=PERSISTED Actor=PC_Hero Generation=187 Status=PERSISTED Outstanding=0
CORE ATTACK_OWNERSHIP ElapsedMs=120579.209 Actor=PC_Hero Family=NORMAL Action=1 Phase=1 Motion=Hero_Stand_None_1H_P0_Attack_Hit_N_Fwd_00_%_00_P1_118_R.xmot MarkerPresent=1 RequiredMask=1 FistMarkers=0 Raw8Fist=<none> Raw8UseType=-1 SuppressNative=1 Classification=ROUTINE
CORE C1_START ElapsedMs=120588.678 Actor=Golem Generation=188 Status=CANDIDATE Outstanding=0 TrackedSources=1 ReplacedGeneration=0 ReplacedOutstanding=0 Source[0]=Fist Side=RIGHT Group=0
CORE C1_BIND ElapsedMs=120588.691 Event=COMBAT_MOVE_CANDIDATE_BOUND Actor=Golem Generation=188 Status=CANDIDATE Outstanding=0 Source=<null> Script=_AI_JumpBack
CORE C1_STATUS ElapsedMs=120588.753 Event=PERSISTED Actor=Golem Generation=188 Status=PERSISTED Outstanding=0
CORE COLLISION_GROUP ElapsedMs=120815.266 Source=It_1H_Sword_Rust_01 UseType=2 Owner=PC_Hero Slot=RIGHT Requested=7 Before=5 After=7 MarkerBitsRetired=0
CORE C1 OFFENSE REQUEST ElapsedMs=120815.294 Actor=PC_Hero Generation=187 Status=PERSISTED Source=It_1H_Sword_Rust_01 Side=RIGHT Requests=1 Outstanding=1 CleanupObserved=0 Group=7
CORE MARKER ElapsedMs=120815.306 Actor=PC_Hero Action=1 Family=NORMAL Phase=1 Motion=Hero_Stand_None_1H_P0_Attack_Hit_N_Fwd_00_%_00_P1_118_R.xmot Marker=RIGHT Result=ACCEPTED C1Valid=1 C1=187 StatePosition=0 PreviousMask=0 DesiredMask=1 RetiredMask=0 OwnedMask=0 MarkerOwnedMask=1 Activated=1 Deactivated=0 Retired=0 RearmRequests=1 Clears=1 RightUseType=2
CORE ONDAMAGE ElapsedMs=120827.981 Ordinal=48 Target=Golem Arg1=Golem Arg2=Golem Caller=Game.dll+0x00069484 PlayerAction=1 PlayerPhase=1 PlayerMotion=Hero_Stand_None_1H_P0_Attack_Hit_N_Fwd_00_%_00_P1_118_R.xmot Raw8Fist=<none> Raw8UseType=-1 Raw8Group=-1
CORE C1_START ElapsedMs=120831.555 Actor=Golem Generation=189 Status=CANDIDATE Outstanding=0 TrackedSources=1 ReplacedGeneration=188 ReplacedOutstanding=0 Source[0]=Fist Side=RIGHT Group=0
CORE C1_BIND ElapsedMs=120831.566 Event=COMBAT_MOVE_CANDIDATE_BOUND Actor=Golem Generation=189 Status=CANDIDATE Outstanding=0 Source=<null> Script=_AI_Stumble
CORE C1_STATUS ElapsedMs=120831.780 Event=PERSISTED Actor=Golem Generation=189 Status=PERSISTED Outstanding=0
CORE COLLISION_GROUP ElapsedMs=121063.306 Source=It_1H_Sword_Rust_01 UseType=2 Owner=PC_Hero Slot=RIGHT Requested=5 Before=7 After=5 MarkerBitsRetired=1
CORE C1 CLEANUP FULFILLED ElapsedMs=121063.347 Actor=PC_Hero Generation=187 Status=PERSISTED Source=It_1H_Sword_Rust_01 Side=RIGHT Requests=1 Outstanding=0 CleanupObserved=1 Group=5
CORE C1_FINAL ElapsedMs=121063.385 Actor=PC_Hero Generation=187 Status=PERSISTED SourceCount=1 PhysicalChanged=0 Source[0]=It_1H_Sword_Rust_01 Side=RIGHT Outstanding=0 Cleanup=1 Outcome=NO_OP_NO_OUTSTANDING
CORE C1_FINAL ElapsedMs=121161.318 Actor=Golem Generation=189 Status=PERSISTED SourceCount=1 PhysicalChanged=0 Source[0]=Fist Side=RIGHT Outstanding=0 Cleanup=0 Outcome=NO_OP_NO_OUTSTANDING
CORE C1_START ElapsedMs=121600.688 Actor=PC_Hero Generation=190 Status=CANDIDATE Outstanding=0 TrackedSources=1 ReplacedGeneration=0 ReplacedOutstanding=0 Source[0]=It_1H_Sword_Rust_01 Side=RIGHT Group=5
CORE C1_BIND ElapsedMs=121600.701 Event=COMBAT_MOVE_CANDIDATE_BOUND Actor=PC_Hero Generation=190 Status=CANDIDATE Outstanding=0 Source=<null> Script=_AI_Attack
CORE C1_STATUS ElapsedMs=121601.073 Event=PERSISTED Actor=PC_Hero Generation=190 Status=PERSISTED Outstanding=0
CORE ATTACK_OWNERSHIP ElapsedMs=121601.096 Actor=PC_Hero Family=NORMAL Action=1 Phase=1 Motion=Hero_Stand_None_1H_P1_Attack_Hit_N_Fwd_00_%_00_P2_119_L.xmot MarkerPresent=1 RequiredMask=1 FistMarkers=0 Raw8Fist=<none> Raw8UseType=-1 SuppressNative=1 Classification=ROUTINE
CORE C1_START ElapsedMs=121601.235 Actor=Golem Generation=191 Status=CANDIDATE Outstanding=0 TrackedSources=1 ReplacedGeneration=0 ReplacedOutstanding=0 Source[0]=Fist Side=RIGHT Group=0
CORE C1_BIND ElapsedMs=121601.242 Event=COMBAT_MOVE_CANDIDATE_BOUND Actor=Golem Generation=191 Status=CANDIDATE Outstanding=0 Source=<null> Script=_AI_PowerAttack
CORE C1_STATUS ElapsedMs=121601.279 Event=PERSISTED Actor=Golem Generation=191 Status=PERSISTED Outstanding=0
CORE COLLISION_GROUP ElapsedMs=121834.001 Source=It_1H_Sword_Rust_01 UseType=2 Owner=PC_Hero Slot=RIGHT Requested=7 Before=5 After=7 MarkerBitsRetired=0
CORE C1 OFFENSE REQUEST ElapsedMs=121834.029 Actor=PC_Hero Generation=190 Status=PERSISTED Source=It_1H_Sword_Rust_01 Side=RIGHT Requests=1 Outstanding=1 CleanupObserved=0 Group=7
CORE MARKER ElapsedMs=121834.041 Actor=PC_Hero Action=1 Family=NORMAL Phase=1 Motion=Hero_Stand_None_1H_P1_Attack_Hit_N_Fwd_00_%_00_P2_119_L.xmot Marker=RIGHT Result=ACCEPTED C1Valid=1 C1=190 StatePosition=0 PreviousMask=0 DesiredMask=1 RetiredMask=0 OwnedMask=0 MarkerOwnedMask=1 Activated=1 Deactivated=0 Retired=0 RearmRequests=1 Clears=1 RightUseType=2
CORE ONDAMAGE ElapsedMs=121859.055 Ordinal=49 Target=Golem Arg1=Golem Arg2=Golem Caller=Game.dll+0x00069484 PlayerAction=1 PlayerPhase=1 PlayerMotion=Hero_Stand_None_1H_P1_Attack_Hit_N_Fwd_00_%_00_P2_119_L.xmot Raw8Fist=<none> Raw8UseType=-1 Raw8Group=-1
CORE C1_BIND ElapsedMs=121907.627 Event=COMBAT_MOVE_REUSED Actor=Golem Generation=191 Status=PERSISTED Outstanding=0 Source=<null> Script=_AI_PowerAttack
CORE ATTACK_OWNERSHIP ElapsedMs=121907.698 Actor=Golem Family=SPRINT Action=9 Phase=1 Motion=Golem_Stand_None_Fist_P0_PowerAttack_Hit_N_Fwd_00_%_00_P0_100_R.xmot MarkerPresent=0 RequiredMask=0 FistMarkers=0 Raw8Fist=<none> Raw8UseType=-1 SuppressNative=0 Classification=ROUTINE
CORE COLLISION_GROUP ElapsedMs=121907.714 Source=Fist UseType=8 Owner=<unresolved> Slot=NONE Requested=7 Before=0 After=0 MarkerBitsRetired=0
CORE COLLISION_GROUP ElapsedMs=122072.385 Source=It_1H_Sword_Rust_01 UseType=2 Owner=PC_Hero Slot=RIGHT Requested=5 Before=7 After=5 MarkerBitsRetired=1
CORE C1 CLEANUP FULFILLED ElapsedMs=122072.406 Actor=PC_Hero Generation=190 Status=PERSISTED Source=It_1H_Sword_Rust_01 Side=RIGHT Requests=1 Outstanding=0 CleanupObserved=1 Group=5
CORE C1_FINAL ElapsedMs=122072.434 Actor=PC_Hero Generation=190 Status=PERSISTED SourceCount=1 PhysicalChanged=0 Source[0]=It_1H_Sword_Rust_01 Side=RIGHT Outstanding=0 Cleanup=1 Outcome=NO_OP_NO_OUTSTANDING
CORE C1_FINAL ElapsedMs=122146.282 Actor=Golem Generation=191 Status=PERSISTED SourceCount=1 PhysicalChanged=0 Source[0]=Fist Side=RIGHT Outstanding=0 Cleanup=0 Outcome=NO_OP_NO_OUTSTANDING
CORE C1_START ElapsedMs=122155.439 Actor=Golem Generation=192 Status=CANDIDATE Outstanding=0 TrackedSources=1 ReplacedGeneration=0 ReplacedOutstanding=0 Source[0]=Fist Side=RIGHT Group=0
CORE C1_BIND ElapsedMs=122155.454 Event=COMBAT_MOVE_CANDIDATE_BOUND Actor=Golem Generation=192 Status=CANDIDATE Outstanding=0 Source=<null> Script=_AI_PowerAttack
CORE C1_STATUS ElapsedMs=122155.512 Event=PERSISTED Actor=Golem Generation=192 Status=PERSISTED Outstanding=0
CORE C1_START ElapsedMs=122347.208 Actor=PC_Hero Generation=193 Status=CANDIDATE Outstanding=0 TrackedSources=1 ReplacedGeneration=0 ReplacedOutstanding=0 Source[0]=It_1H_Sword_Rust_01 Side=RIGHT Group=5
CORE C1_BIND ElapsedMs=122347.222 Event=COMBAT_MOVE_CANDIDATE_BOUND Actor=PC_Hero Generation=193 Status=CANDIDATE Outstanding=0 Source=<null> Script=_AI_Parade
CORE C1_STATUS ElapsedMs=122347.553 Event=PERSISTED Actor=PC_Hero Generation=193 Status=PERSISTED Outstanding=0
CORE C1_FINAL ElapsedMs=122371.134 Actor=PC_Hero Generation=193 Status=PERSISTED SourceCount=1 PhysicalChanged=0 Source[0]=It_1H_Sword_Rust_01 Side=RIGHT Outstanding=0 Cleanup=0 Outcome=NO_OP_NO_OUTSTANDING
CORE C1_START ElapsedMs=122371.919 Actor=PC_Hero Generation=194 Status=CANDIDATE Outstanding=0 TrackedSources=1 ReplacedGeneration=0 ReplacedOutstanding=0 Source[0]=It_1H_Sword_Rust_01 Side=RIGHT Group=5
CORE C1_BIND ElapsedMs=122371.928 Event=COMBAT_MOVE_CANDIDATE_BOUND Actor=PC_Hero Generation=194 Status=CANDIDATE Outstanding=0 Source=<null> Script=_AI_QuickAttack
CORE C1_STATUS ElapsedMs=122380.495 Event=PERSISTED Actor=PC_Hero Generation=194 Status=PERSISTED Outstanding=0
CORE ATTACK_OWNERSHIP ElapsedMs=122380.532 Actor=PC_Hero Family=QUICK Action=4 Phase=1 Motion=Hero_Stand_None_1H_P2_QuickAttackR_Hit_N_Fwd_00_%_00_P60_100_R.xmot MarkerPresent=1 RequiredMask=1 FistMarkers=0 Raw8Fist=<none> Raw8UseType=-1 SuppressNative=1 Classification=ROUTINE
CORE C1_BIND ElapsedMs=122463.493 Event=COMBAT_MOVE_REUSED Actor=Golem Generation=192 Status=PERSISTED Outstanding=0 Source=<null> Script=_AI_PowerAttack
CORE COLLISION_GROUP ElapsedMs=122463.582 Source=Fist UseType=8 Owner=<unresolved> Slot=NONE Requested=7 Before=0 After=0 MarkerBitsRetired=0
CORE COLLISION_GROUP ElapsedMs=122545.184 Source=It_1H_Sword_Rust_01 UseType=2 Owner=PC_Hero Slot=RIGHT Requested=7 Before=5 After=7 MarkerBitsRetired=0
CORE C1 OFFENSE REQUEST ElapsedMs=122545.211 Actor=PC_Hero Generation=194 Status=PERSISTED Source=It_1H_Sword_Rust_01 Side=RIGHT Requests=1 Outstanding=1 CleanupObserved=0 Group=7
CORE MARKER ElapsedMs=122545.223 Actor=PC_Hero Action=4 Family=QUICK Phase=1 Motion=Hero_Stand_None_1H_P2_QuickAttackR_Hit_N_Fwd_00_%_00_P60_100_R.xmot Marker=RIGHT Result=ACCEPTED C1Valid=1 C1=194 StatePosition=1 PreviousMask=0 DesiredMask=1 RetiredMask=0 OwnedMask=0 MarkerOwnedMask=1 Activated=1 Deactivated=0 Retired=0 RearmRequests=1 Clears=1 RightUseType=2
CORE ONDAMAGE ElapsedMs=122556.894 Ordinal=50 Target=Golem Arg1=Golem Arg2=Golem Caller=Game.dll+0x00069484 PlayerAction=4 PlayerPhase=1 PlayerMotion=Hero_Stand_None_1H_P2_QuickAttackR_Hit_N_Fwd_00_%_00_P60_100_R.xmot Raw8Fist=<none> Raw8UseType=-1 Raw8Group=-1
CORE C1_FINAL ElapsedMs=122704.280 Actor=Golem Generation=192 Status=PERSISTED SourceCount=1 PhysicalChanged=0 Source[0]=Fist Side=RIGHT Outstanding=0 Cleanup=0 Outcome=NO_OP_NO_OUTSTANDING
CORE C1_START ElapsedMs=122710.812 Actor=Golem Generation=195 Status=CANDIDATE Outstanding=0 TrackedSources=1 ReplacedGeneration=0 ReplacedOutstanding=0 Source[0]=Fist Side=RIGHT Group=0
CORE C1_BIND ElapsedMs=122710.823 Event=COMBAT_MOVE_CANDIDATE_BOUND Actor=Golem Generation=195 Status=CANDIDATE Outstanding=0 Source=<null> Script=_AI_JumpBack
CORE C1_STATUS ElapsedMs=122710.886 Event=PERSISTED Actor=Golem Generation=195 Status=PERSISTED Outstanding=0
CORE COLLISION_GROUP ElapsedMs=122734.522 Source=It_1H_Sword_Rust_01 UseType=2 Owner=PC_Hero Slot=RIGHT Requested=5 Before=7 After=5 MarkerBitsRetired=1
CORE C1 CLEANUP FULFILLED ElapsedMs=122734.541 Actor=PC_Hero Generation=194 Status=PERSISTED Source=It_1H_Sword_Rust_01 Side=RIGHT Requests=1 Outstanding=0 CleanupObserved=1 Group=5
CORE C1_FINAL ElapsedMs=122821.422 Actor=PC_Hero Generation=194 Status=PERSISTED SourceCount=1 PhysicalChanged=0 Source[0]=It_1H_Sword_Rust_01 Side=RIGHT Outstanding=0 Cleanup=1 Outcome=NO_OP_NO_OUTSTANDING
CORE C1_START ElapsedMs=123137.944 Actor=PC_Hero Generation=196 Status=CANDIDATE Outstanding=0 TrackedSources=1 ReplacedGeneration=0 ReplacedOutstanding=0 Source[0]=It_1H_Sword_Rust_01 Side=RIGHT Group=5
CORE C1_BIND ElapsedMs=123137.957 Event=COMBAT_MOVE_CANDIDATE_BOUND Actor=PC_Hero Generation=196 Status=CANDIDATE Outstanding=0 Source=<null> Script=_AI_QuickAttack
CORE C1_STATUS ElapsedMs=123138.221 Event=PERSISTED Actor=PC_Hero Generation=196 Status=PERSISTED Outstanding=0
CORE ATTACK_OWNERSHIP ElapsedMs=123138.242 Actor=PC_Hero Family=QUICK Action=5 Phase=1 Motion=Hero_Stand_None_1H_P0_QuickAttackL_Hit_N_Fwd_00_%_00_P0_100_L.xmot MarkerPresent=1 RequiredMask=1 FistMarkers=0 Raw8Fist=<none> Raw8UseType=-1 SuppressNative=1 Classification=ROUTINE
CORE C1_FINAL ElapsedMs=123138.397 Actor=Golem Generation=195 Status=PERSISTED SourceCount=1 PhysicalChanged=0 Source[0]=Fist Side=RIGHT Outstanding=0 Cleanup=0 Outcome=NO_OP_NO_OUTSTANDING
CORE C1_START ElapsedMs=123145.098 Actor=Golem Generation=197 Status=CANDIDATE Outstanding=0 TrackedSources=1 ReplacedGeneration=0 ReplacedOutstanding=0 Source[0]=Fist Side=RIGHT Group=0
CORE C1_BIND ElapsedMs=123145.109 Event=COMBAT_MOVE_CANDIDATE_BOUND Actor=Golem Generation=197 Status=CANDIDATE Outstanding=0 Source=<null> Script=_AI_PowerAttack
CORE C1_STATUS ElapsedMs=123145.159 Event=PERSISTED Actor=Golem Generation=197 Status=PERSISTED Outstanding=0
CORE COLLISION_GROUP ElapsedMs=123309.958 Source=It_1H_Sword_Rust_01 UseType=2 Owner=PC_Hero Slot=RIGHT Requested=7 Before=5 After=7 MarkerBitsRetired=0
CORE C1 OFFENSE REQUEST ElapsedMs=123309.986 Actor=PC_Hero Generation=196 Status=PERSISTED Source=It_1H_Sword_Rust_01 Side=RIGHT Requests=1 Outstanding=1 CleanupObserved=0 Group=7
CORE MARKER ElapsedMs=123309.999 Actor=PC_Hero Action=5 Family=QUICK Phase=1 Motion=Hero_Stand_None_1H_P0_QuickAttackL_Hit_N_Fwd_00_%_00_P0_100_L.xmot Marker=RIGHT Result=ACCEPTED C1Valid=1 C1=196 StatePosition=1 PreviousMask=0 DesiredMask=1 RetiredMask=0 OwnedMask=0 MarkerOwnedMask=1 Activated=1 Deactivated=0 Retired=0 RearmRequests=1 Clears=1 RightUseType=2
CORE ONDAMAGE ElapsedMs=123358.181 Ordinal=51 Target=Golem Arg1=Golem Arg2=Golem Caller=Game.dll+0x00069484 PlayerAction=5 PlayerPhase=1 PlayerMotion=Hero_Stand_None_1H_P0_QuickAttackL_Hit_N_Fwd_00_%_00_P0_100_L.xmot Raw8Fist=<none> Raw8UseType=-1 Raw8Group=-1
CORE C1_BIND ElapsedMs=123452.690 Event=COMBAT_MOVE_REUSED Actor=Golem Generation=197 Status=PERSISTED Outstanding=0 Source=<null> Script=_AI_PowerAttack
CORE COLLISION_GROUP ElapsedMs=123452.767 Source=Fist UseType=8 Owner=<unresolved> Slot=NONE Requested=7 Before=0 After=0 MarkerBitsRetired=0
CORE COLLISION_GROUP ElapsedMs=123499.027 Source=It_1H_Sword_Rust_01 UseType=2 Owner=PC_Hero Slot=RIGHT Requested=5 Before=7 After=5 MarkerBitsRetired=1
CORE C1 CLEANUP FULFILLED ElapsedMs=123499.047 Actor=PC_Hero Generation=196 Status=PERSISTED Source=It_1H_Sword_Rust_01 Side=RIGHT Requests=1 Outstanding=0 CleanupObserved=1 Group=5
CORE C1_FINAL ElapsedMs=123588.695 Actor=PC_Hero Generation=196 Status=PERSISTED SourceCount=1 PhysicalChanged=0 Source[0]=It_1H_Sword_Rust_01 Side=RIGHT Outstanding=0 Cleanup=1 Outcome=NO_OP_NO_OUTSTANDING
CORE C1_FINAL ElapsedMs=123692.042 Actor=Golem Generation=197 Status=PERSISTED SourceCount=1 PhysicalChanged=0 Source[0]=Fist Side=RIGHT Outstanding=0 Cleanup=0 Outcome=NO_OP_NO_OUTSTANDING
CORE C1_START ElapsedMs=123879.405 Actor=PC_Hero Generation=198 Status=CANDIDATE Outstanding=0 TrackedSources=1 ReplacedGeneration=0 ReplacedOutstanding=0 Source[0]=It_1H_Sword_Rust_01 Side=RIGHT Group=5
CORE C1_BIND ElapsedMs=123879.418 Event=COMBAT_MOVE_CANDIDATE_BOUND Actor=PC_Hero Generation=198 Status=CANDIDATE Outstanding=0 Source=<null> Script=_AI_QuickAttack
CORE C1_STATUS ElapsedMs=123879.775 Event=PERSISTED Actor=PC_Hero Generation=198 Status=PERSISTED Outstanding=0
CORE ATTACK_OWNERSHIP ElapsedMs=123879.797 Actor=PC_Hero Family=QUICK Action=4 Phase=1 Motion=Hero_Stand_None_1H_P0_QuickAttackR_Hit_N_Fwd_00_%_00_P0_100_R.xmot MarkerPresent=1 RequiredMask=1 FistMarkers=0 Raw8Fist=<none> Raw8UseType=-1 SuppressNative=1 Classification=ROUTINE
CORE C1_START ElapsedMs=123879.902 Actor=Golem Generation=199 Status=CANDIDATE Outstanding=0 TrackedSources=1 ReplacedGeneration=0 ReplacedOutstanding=0 Source[0]=Fist Side=RIGHT Group=0
CORE C1_BIND ElapsedMs=123879.909 Event=COMBAT_MOVE_CANDIDATE_BOUND Actor=Golem Generation=199 Status=CANDIDATE Outstanding=0 Source=<null> Script=_AI_PowerAttack
CORE C1_STATUS ElapsedMs=123879.950 Event=PERSISTED Actor=Golem Generation=199 Status=PERSISTED Outstanding=0
CORE COLLISION_GROUP ElapsedMs=124050.085 Source=It_1H_Sword_Rust_01 UseType=2 Owner=PC_Hero Slot=RIGHT Requested=7 Before=5 After=7 MarkerBitsRetired=0
CORE C1 OFFENSE REQUEST ElapsedMs=124050.113 Actor=PC_Hero Generation=198 Status=PERSISTED Source=It_1H_Sword_Rust_01 Side=RIGHT Requests=1 Outstanding=1 CleanupObserved=0 Group=7
CORE MARKER ElapsedMs=124050.125 Actor=PC_Hero Action=4 Family=QUICK Phase=1 Motion=Hero_Stand_None_1H_P0_QuickAttackR_Hit_N_Fwd_00_%_00_P0_100_R.xmot Marker=RIGHT Result=ACCEPTED C1Valid=1 C1=198 StatePosition=1 PreviousMask=0 DesiredMask=1 RetiredMask=0 OwnedMask=0 MarkerOwnedMask=1 Activated=1 Deactivated=0 Retired=0 RearmRequests=1 Clears=1 RightUseType=2
CORE ONDAMAGE ElapsedMs=124053.281 Ordinal=52 Target=Golem Arg1=Golem Arg2=Golem Caller=Game.dll+0x00069484 PlayerAction=4 PlayerPhase=1 PlayerMotion=Hero_Stand_None_1H_P0_QuickAttackR_Hit_N_Fwd_00_%_00_P0_100_R.xmot Raw8Fist=<none> Raw8UseType=-1 Raw8Group=-1
CORE C1_BIND ElapsedMs=124183.761 Event=COMBAT_MOVE_REUSED Actor=Golem Generation=199 Status=PERSISTED Outstanding=0 Source=<null> Script=_AI_PowerAttack
CORE COLLISION_GROUP ElapsedMs=124183.839 Source=Fist UseType=8 Owner=<unresolved> Slot=NONE Requested=7 Before=0 After=0 MarkerBitsRetired=0
CORE COLLISION_GROUP ElapsedMs=124236.434 Source=It_1H_Sword_Rust_01 UseType=2 Owner=PC_Hero Slot=RIGHT Requested=5 Before=7 After=5 MarkerBitsRetired=1
CORE C1 CLEANUP FULFILLED ElapsedMs=124236.454 Actor=PC_Hero Generation=198 Status=PERSISTED Source=It_1H_Sword_Rust_01 Side=RIGHT Requests=1 Outstanding=0 CleanupObserved=1 Group=5
CORE C1_FINAL ElapsedMs=124324.052 Actor=PC_Hero Generation=198 Status=PERSISTED SourceCount=1 PhysicalChanged=0 Source[0]=It_1H_Sword_Rust_01 Side=RIGHT Outstanding=0 Cleanup=1 Outcome=NO_OP_NO_OUTSTANDING
CORE C1_FINAL ElapsedMs=124421.995 Actor=Golem Generation=199 Status=PERSISTED SourceCount=1 PhysicalChanged=0 Source[0]=Fist Side=RIGHT Outstanding=0 Cleanup=0 Outcome=NO_OP_NO_OUTSTANDING
CORE C1_START ElapsedMs=124428.296 Actor=Golem Generation=200 Status=CANDIDATE Outstanding=0 TrackedSources=1 ReplacedGeneration=0 ReplacedOutstanding=0 Source[0]=Fist Side=RIGHT Group=0
CORE C1_BIND ElapsedMs=124428.309 Event=COMBAT_MOVE_CANDIDATE_BOUND Actor=Golem Generation=200 Status=CANDIDATE Outstanding=0 Source=<null> Script=_AI_PowerAttack
CORE C1_STATUS ElapsedMs=124428.368 Event=PERSISTED Actor=Golem Generation=200 Status=PERSISTED Outstanding=0
CORE C1_START ElapsedMs=124475.937 Actor=PC_Hero Generation=201 Status=CANDIDATE Outstanding=0 TrackedSources=1 ReplacedGeneration=0 ReplacedOutstanding=0 Source[0]=It_1H_Sword_Rust_01 Side=RIGHT Group=5
CORE C1_BIND ElapsedMs=124475.951 Event=COMBAT_MOVE_CANDIDATE_BOUND Actor=PC_Hero Generation=201 Status=CANDIDATE Outstanding=0 Source=<null> Script=_AI_Attack
CORE C1_STATUS ElapsedMs=124476.023 Event=PERSISTED Actor=PC_Hero Generation=201 Status=PERSISTED Outstanding=0
CORE ATTACK_OWNERSHIP ElapsedMs=124476.055 Actor=PC_Hero Family=NORMAL Action=1 Phase=1 Motion=Hero_Stand_None_1H_P0_Attack_Hit_N_Fwd_00_%_00_P1_118_R.xmot MarkerPresent=1 RequiredMask=1 FistMarkers=0 Raw8Fist=<none> Raw8UseType=-1 SuppressNative=1 Classification=ROUTINE
CORE COLLISION_GROUP ElapsedMs=124704.236 Source=It_1H_Sword_Rust_01 UseType=2 Owner=PC_Hero Slot=RIGHT Requested=7 Before=5 After=7 MarkerBitsRetired=0
CORE C1 OFFENSE REQUEST ElapsedMs=124704.265 Actor=PC_Hero Generation=201 Status=PERSISTED Source=It_1H_Sword_Rust_01 Side=RIGHT Requests=1 Outstanding=1 CleanupObserved=0 Group=7
CORE MARKER ElapsedMs=124704.278 Actor=PC_Hero Action=1 Family=NORMAL Phase=1 Motion=Hero_Stand_None_1H_P0_Attack_Hit_N_Fwd_00_%_00_P1_118_R.xmot Marker=RIGHT Result=ACCEPTED C1Valid=1 C1=201 StatePosition=0 PreviousMask=0 DesiredMask=1 RetiredMask=0 OwnedMask=0 MarkerOwnedMask=1 Activated=1 Deactivated=0 Retired=0 RearmRequests=1 Clears=1 RightUseType=2
CORE ONDAMAGE ElapsedMs=124713.195 Ordinal=53 Target=Golem Arg1=Golem Arg2=Golem Caller=Game.dll+0x00069484 PlayerAction=1 PlayerPhase=1 PlayerMotion=Hero_Stand_None_1H_P0_Attack_Hit_N_Fwd_00_%_00_P1_118_R.xmot Raw8Fist=<none> Raw8UseType=-1 Raw8Group=-1
CORE C1_BIND ElapsedMs=124741.175 Event=COMBAT_MOVE_REUSED Actor=Golem Generation=200 Status=PERSISTED Outstanding=0 Source=<null> Script=_AI_PowerAttack
CORE COLLISION_GROUP ElapsedMs=124741.253 Source=Fist UseType=8 Owner=<unresolved> Slot=NONE Requested=7 Before=0 After=0 MarkerBitsRetired=0
CORE COLLISION_GROUP ElapsedMs=124951.455 Source=It_1H_Sword_Rust_01 UseType=2 Owner=PC_Hero Slot=RIGHT Requested=5 Before=7 After=5 MarkerBitsRetired=1
CORE C1 CLEANUP FULFILLED ElapsedMs=124951.483 Actor=PC_Hero Generation=201 Status=PERSISTED Source=It_1H_Sword_Rust_01 Side=RIGHT Requests=1 Outstanding=0 CleanupObserved=1 Group=5
CORE C1_FINAL ElapsedMs=124951.503 Actor=PC_Hero Generation=201 Status=PERSISTED SourceCount=1 PhysicalChanged=0 Source[0]=It_1H_Sword_Rust_01 Side=RIGHT Outstanding=0 Cleanup=1 Outcome=NO_OP_NO_OUTSTANDING
CORE C1_FINAL ElapsedMs=124978.646 Actor=Golem Generation=200 Status=PERSISTED SourceCount=1 PhysicalChanged=0 Source[0]=Fist Side=RIGHT Outstanding=0 Cleanup=0 Outcome=NO_OP_NO_OUTSTANDING
CORE C1_START ElapsedMs=124986.818 Actor=Golem Generation=202 Status=CANDIDATE Outstanding=0 TrackedSources=1 ReplacedGeneration=0 ReplacedOutstanding=0 Source[0]=Fist Side=RIGHT Group=0
CORE C1_BIND ElapsedMs=124986.830 Event=COMBAT_MOVE_CANDIDATE_BOUND Actor=Golem Generation=202 Status=CANDIDATE Outstanding=0 Source=<null> Script=_AI_PowerAttack
CORE C1_STATUS ElapsedMs=124986.889 Event=PERSISTED Actor=Golem Generation=202 Status=PERSISTED Outstanding=0
CORE C1_START ElapsedMs=125192.484 Actor=PC_Hero Generation=203 Status=CANDIDATE Outstanding=0 TrackedSources=1 ReplacedGeneration=0 ReplacedOutstanding=0 Source[0]=It_1H_Sword_Rust_01 Side=RIGHT Group=5
CORE C1_BIND ElapsedMs=125192.496 Event=COMBAT_MOVE_CANDIDATE_BOUND Actor=PC_Hero Generation=203 Status=CANDIDATE Outstanding=0 Source=<null> Script=_AI_PowerAttack
CORE C1_STATUS ElapsedMs=125192.879 Event=PERSISTED Actor=PC_Hero Generation=203 Status=PERSISTED Outstanding=0
CORE C1_BIND ElapsedMs=125294.243 Event=COMBAT_MOVE_REUSED Actor=Golem Generation=202 Status=PERSISTED Outstanding=0 Source=<null> Script=_AI_PowerAttack
CORE COLLISION_GROUP ElapsedMs=125294.320 Source=Fist UseType=8 Owner=<unresolved> Slot=NONE Requested=7 Before=0 After=0 MarkerBitsRetired=0
CORE C1_FINAL ElapsedMs=125537.337 Actor=Golem Generation=202 Status=PERSISTED SourceCount=1 PhysicalChanged=0 Source[0]=Fist Side=RIGHT Outstanding=0 Cleanup=0 Outcome=NO_OP_NO_OUTSTANDING
CORE C1_START ElapsedMs=125546.774 Actor=Golem Generation=204 Status=CANDIDATE Outstanding=0 TrackedSources=1 ReplacedGeneration=0 ReplacedOutstanding=0 Source[0]=Fist Side=RIGHT Group=0
CORE C1_BIND ElapsedMs=125546.786 Event=COMBAT_MOVE_CANDIDATE_BOUND Actor=Golem Generation=204 Status=CANDIDATE Outstanding=0 Source=<null> Script=_AI_PowerAttack
CORE C1_STATUS ElapsedMs=125546.849 Event=PERSISTED Actor=Golem Generation=204 Status=PERSISTED Outstanding=0
CORE C1_BIND ElapsedMs=125642.091 Event=COMBAT_MOVE_REUSED Actor=PC_Hero Generation=203 Status=PERSISTED Outstanding=0 Source=<null> Script=_AI_PowerAttack
CORE ATTACK_OWNERSHIP ElapsedMs=125642.546 Actor=PC_Hero Family=POWER Action=2 Phase=1 Motion=Hero_Stand_None_1H_P1_PowerAttack_Hit_N_Fwd_00_%_00_P2_100_L.xmot MarkerPresent=1 RequiredMask=1 FistMarkers=0 Raw8Fist=<none> Raw8UseType=-1 SuppressNative=1 Classification=ROUTINE
CORE C1_BIND ElapsedMs=125850.944 Event=COMBAT_MOVE_REUSED Actor=Golem Generation=204 Status=PERSISTED Outstanding=0 Source=<null> Script=_AI_PowerAttack
CORE COLLISION_GROUP ElapsedMs=125851.025 Source=Fist UseType=8 Owner=<unresolved> Slot=NONE Requested=7 Before=0 After=0 MarkerBitsRetired=0
CORE COLLISION_GROUP ElapsedMs=125989.213 Source=It_1H_Sword_Rust_01 UseType=2 Owner=PC_Hero Slot=RIGHT Requested=7 Before=5 After=7 MarkerBitsRetired=0
CORE C1 OFFENSE REQUEST ElapsedMs=125989.235 Actor=PC_Hero Generation=203 Status=PERSISTED Source=It_1H_Sword_Rust_01 Side=RIGHT Requests=1 Outstanding=1 CleanupObserved=0 Group=7
CORE MARKER ElapsedMs=125989.247 Actor=PC_Hero Action=2 Family=POWER Phase=1 Motion=Hero_Stand_None_1H_P1_PowerAttack_Hit_N_Fwd_00_%_00_P2_100_L.xmot Marker=RIGHT Result=ACCEPTED C1Valid=1 C1=203 StatePosition=1 PreviousMask=0 DesiredMask=1 RetiredMask=0 OwnedMask=0 MarkerOwnedMask=1 Activated=1 Deactivated=0 Retired=0 RearmRequests=1 Clears=1 RightUseType=2
CORE ONDAMAGE ElapsedMs=126015.101 Ordinal=54 Target=Golem Arg1=Golem Arg2=Golem Caller=Game.dll+0x00069484 PlayerAction=2 PlayerPhase=1 PlayerMotion=Hero_Stand_None_1H_P1_PowerAttack_Hit_N_Fwd_00_%_00_P2_100_L.xmot Raw8Fist=<none> Raw8UseType=-1 Raw8Group=-1
CORE C1_FINAL ElapsedMs=126086.100 Actor=Golem Generation=204 Status=PERSISTED SourceCount=1 PhysicalChanged=0 Source[0]=Fist Side=RIGHT Outstanding=0 Cleanup=0 Outcome=NO_OP_NO_OUTSTANDING
CORE C1_START ElapsedMs=126092.444 Actor=Golem Generation=205 Status=CANDIDATE Outstanding=0 TrackedSources=1 ReplacedGeneration=0 ReplacedOutstanding=0 Source[0]=Fist Side=RIGHT Group=0
CORE C1_BIND ElapsedMs=126092.455 Event=COMBAT_MOVE_CANDIDATE_BOUND Actor=Golem Generation=205 Status=CANDIDATE Outstanding=0 Source=<null> Script=_AI_PowerAttack
CORE C1_STATUS ElapsedMs=126092.512 Event=PERSISTED Actor=Golem Generation=205 Status=PERSISTED Outstanding=0
CORE COLLISION_GROUP ElapsedMs=126168.117 Source=It_1H_Sword_Rust_01 UseType=2 Owner=PC_Hero Slot=RIGHT Requested=5 Before=7 After=5 MarkerBitsRetired=1
CORE C1 CLEANUP FULFILLED ElapsedMs=126168.136 Actor=PC_Hero Generation=203 Status=PERSISTED Source=It_1H_Sword_Rust_01 Side=RIGHT Requests=1 Outstanding=0 CleanupObserved=1 Group=5
CORE C1_FINAL ElapsedMs=126168.159 Actor=PC_Hero Generation=203 Status=PERSISTED SourceCount=1 PhysicalChanged=0 Source[0]=It_1H_Sword_Rust_01 Side=RIGHT Outstanding=0 Cleanup=1 Outcome=NO_OP_NO_OUTSTANDING
CORE C1_BIND ElapsedMs=126396.216 Event=COMBAT_MOVE_REUSED Actor=Golem Generation=205 Status=PERSISTED Outstanding=0 Source=<null> Script=_AI_PowerAttack
CORE COLLISION_GROUP ElapsedMs=126396.293 Source=Fist UseType=8 Owner=<unresolved> Slot=NONE Requested=7 Before=0 After=0 MarkerBitsRetired=0
CORE C1_START ElapsedMs=126465.320 Actor=PC_Hero Generation=206 Status=CANDIDATE Outstanding=0 TrackedSources=1 ReplacedGeneration=0 ReplacedOutstanding=0 Source[0]=It_1H_Sword_Rust_01 Side=RIGHT Group=5
CORE C1_BIND ElapsedMs=126465.333 Event=COMBAT_MOVE_CANDIDATE_BOUND Actor=PC_Hero Generation=206 Status=CANDIDATE Outstanding=0 Source=<null> Script=_AI_PowerAttack
CORE C1_STATUS ElapsedMs=126465.710 Event=PERSISTED Actor=PC_Hero Generation=206 Status=PERSISTED Outstanding=0
CORE C1_FINAL ElapsedMs=126631.783 Actor=Golem Generation=205 Status=PERSISTED SourceCount=1 PhysicalChanged=0 Source[0]=Fist Side=RIGHT Outstanding=0 Cleanup=0 Outcome=NO_OP_NO_OUTSTANDING
CORE C1_START ElapsedMs=126637.960 Actor=Golem Generation=207 Status=CANDIDATE Outstanding=0 TrackedSources=1 ReplacedGeneration=0 ReplacedOutstanding=0 Source[0]=Fist Side=RIGHT Group=0
CORE C1_BIND ElapsedMs=126637.973 Event=COMBAT_MOVE_CANDIDATE_BOUND Actor=Golem Generation=207 Status=CANDIDATE Outstanding=0 Source=<null> Script=_AI_PowerAttack
CORE C1_STATUS ElapsedMs=126638.058 Event=PERSISTED Actor=Golem Generation=207 Status=PERSISTED Outstanding=0
CORE C1_BIND ElapsedMs=126908.316 Event=COMBAT_MOVE_REUSED Actor=PC_Hero Generation=206 Status=PERSISTED Outstanding=0 Source=<null> Script=_AI_PowerAttack
CORE ATTACK_OWNERSHIP ElapsedMs=126908.712 Actor=PC_Hero Family=POWER Action=2 Phase=1 Motion=Hero_Stand_None_1H_P2_PowerAttack_Hit_N_Fwd_00_%_00_P3_125_R.xmot MarkerPresent=1 RequiredMask=1 FistMarkers=0 Raw8Fist=<none> Raw8UseType=-1 SuppressNative=1 Classification=ROUTINE
CORE C1_BIND ElapsedMs=126946.318 Event=COMBAT_MOVE_REUSED Actor=Golem Generation=207 Status=PERSISTED Outstanding=0 Source=<null> Script=_AI_PowerAttack
CORE COLLISION_GROUP ElapsedMs=126946.397 Source=Fist UseType=8 Owner=<unresolved> Slot=NONE Requested=7 Before=0 After=0 MarkerBitsRetired=0
CORE C1_FINAL ElapsedMs=127178.792 Actor=Golem Generation=207 Status=PERSISTED SourceCount=1 PhysicalChanged=0 Source[0]=Fist Side=RIGHT Outstanding=0 Cleanup=0 Outcome=NO_OP_NO_OUTSTANDING
CORE C1_START ElapsedMs=127186.561 Actor=Golem Generation=208 Status=CANDIDATE Outstanding=0 TrackedSources=1 ReplacedGeneration=0 ReplacedOutstanding=0 Source[0]=Fist Side=RIGHT Group=0
CORE C1_BIND ElapsedMs=127186.573 Event=COMBAT_MOVE_CANDIDATE_BOUND Actor=Golem Generation=208 Status=CANDIDATE Outstanding=0 Source=<null> Script=_AI_PowerAttack
CORE C1_STATUS ElapsedMs=127186.632 Event=PERSISTED Actor=Golem Generation=208 Status=PERSISTED Outstanding=0
CORE COLLISION_GROUP ElapsedMs=127254.459 Source=It_1H_Sword_Rust_01 UseType=2 Owner=PC_Hero Slot=RIGHT Requested=7 Before=5 After=7 MarkerBitsRetired=0
CORE C1 OFFENSE REQUEST ElapsedMs=127254.488 Actor=PC_Hero Generation=206 Status=PERSISTED Source=It_1H_Sword_Rust_01 Side=RIGHT Requests=1 Outstanding=1 CleanupObserved=0 Group=7
CORE MARKER ElapsedMs=127254.502 Actor=PC_Hero Action=2 Family=POWER Phase=1 Motion=Hero_Stand_None_1H_P2_PowerAttack_Hit_N_Fwd_00_%_00_P3_125_R.xmot Marker=RIGHT Result=ACCEPTED C1Valid=1 C1=206 StatePosition=1 PreviousMask=0 DesiredMask=1 RetiredMask=0 OwnedMask=0 MarkerOwnedMask=1 Activated=1 Deactivated=0 Retired=0 RearmRequests=1 Clears=1 RightUseType=2
CORE ONDAMAGE ElapsedMs=127264.289 Ordinal=55 Target=Golem Arg1=Golem Arg2=Golem Caller=Game.dll+0x00069484 PlayerAction=2 PlayerPhase=1 PlayerMotion=Hero_Stand_None_1H_P2_PowerAttack_Hit_N_Fwd_00_%_00_P3_125_R.xmot Raw8Fist=<none> Raw8UseType=-1 Raw8Group=-1
CORE COLLISION_GROUP ElapsedMs=127437.942 Source=It_1H_Sword_Rust_01 UseType=2 Owner=PC_Hero Slot=RIGHT Requested=5 Before=7 After=5 MarkerBitsRetired=1
CORE C1 CLEANUP FULFILLED ElapsedMs=127437.963 Actor=PC_Hero Generation=206 Status=PERSISTED Source=It_1H_Sword_Rust_01 Side=RIGHT Requests=1 Outstanding=0 CleanupObserved=1 Group=5
CORE C1_FINAL ElapsedMs=127437.984 Actor=PC_Hero Generation=206 Status=PERSISTED SourceCount=1 PhysicalChanged=0 Source[0]=It_1H_Sword_Rust_01 Side=RIGHT Outstanding=0 Cleanup=1 Outcome=NO_OP_NO_OUTSTANDING
CORE C1_BIND ElapsedMs=127496.289 Event=COMBAT_MOVE_REUSED Actor=Golem Generation=208 Status=PERSISTED Outstanding=0 Source=<null> Script=_AI_PowerAttack
CORE COLLISION_GROUP ElapsedMs=127496.371 Source=Fist UseType=8 Owner=<unresolved> Slot=NONE Requested=7 Before=0 After=0 MarkerBitsRetired=0
CORE C1_FINAL ElapsedMs=127734.418 Actor=Golem Generation=208 Status=PERSISTED SourceCount=1 PhysicalChanged=0 Source[0]=Fist Side=RIGHT Outstanding=0 Cleanup=0 Outcome=NO_OP_NO_OUTSTANDING
CORE C1_START ElapsedMs=127740.566 Actor=Golem Generation=209 Status=CANDIDATE Outstanding=0 TrackedSources=1 ReplacedGeneration=0 ReplacedOutstanding=0 Source[0]=Fist Side=RIGHT Group=0
CORE C1_BIND ElapsedMs=127740.579 Event=COMBAT_MOVE_CANDIDATE_BOUND Actor=Golem Generation=209 Status=CANDIDATE Outstanding=0 Source=<null> Script=_AI_PowerAttack
CORE C1_STATUS ElapsedMs=127740.641 Event=PERSISTED Actor=Golem Generation=209 Status=PERSISTED Outstanding=0
CORE C1_START ElapsedMs=128037.685 Actor=PC_Hero Generation=210 Status=CANDIDATE Outstanding=0 TrackedSources=1 ReplacedGeneration=0 ReplacedOutstanding=0 Source[0]=It_1H_Sword_Rust_01 Side=RIGHT Group=5
CORE C1_BIND ElapsedMs=128037.698 Event=COMBAT_MOVE_CANDIDATE_BOUND Actor=PC_Hero Generation=210 Status=CANDIDATE Outstanding=0 Source=<null> Script=_AI_PowerAttack
CORE C1_STATUS ElapsedMs=128047.316 Event=PERSISTED Actor=PC_Hero Generation=210 Status=PERSISTED Outstanding=0
CORE C1_FINAL ElapsedMs=128052.734 Actor=PC_Hero Generation=210 Status=PERSISTED SourceCount=1 PhysicalChanged=0 Source[0]=It_1H_Sword_Rust_01 Side=RIGHT Outstanding=0 Cleanup=0 Outcome=NO_OP_NO_OUTSTANDING
CORE C1_START ElapsedMs=128053.442 Actor=PC_Hero Generation=211 Status=CANDIDATE Outstanding=0 TrackedSources=1 ReplacedGeneration=0 ReplacedOutstanding=0 Source[0]=It_1H_Sword_Rust_01 Side=RIGHT Group=5
CORE C1_BIND ElapsedMs=128053.464 Event=COMBAT_MOVE_CANDIDATE_BOUND Actor=PC_Hero Generation=211 Status=CANDIDATE Outstanding=0 Source=<null> Script=_AI_Attack
CORE C1_STATUS ElapsedMs=128053.819 Event=PERSISTED Actor=PC_Hero Generation=211 Status=PERSISTED Outstanding=0
CORE ATTACK_OWNERSHIP ElapsedMs=128053.855 Actor=PC_Hero Family=NORMAL Action=1 Phase=1 Motion=Hero_Stand_None_1H_P3_Attack_Hit_N_Fwd_00_%_00_P0_106_L.xmot MarkerPresent=1 RequiredMask=1 FistMarkers=0 Raw8Fist=<none> Raw8UseType=-1 SuppressNative=1 Classification=ROUTINE
CORE C1_BIND ElapsedMs=128054.143 Event=COMBAT_MOVE_REUSED Actor=Golem Generation=209 Status=PERSISTED Outstanding=0 Source=<null> Script=_AI_PowerAttack
CORE COLLISION_GROUP ElapsedMs=128054.205 Source=Fist UseType=8 Owner=<unresolved> Slot=NONE Requested=7 Before=0 After=0 MarkerBitsRetired=0
CORE COLLISION_GROUP ElapsedMs=128274.205 Source=It_1H_Sword_Rust_01 UseType=2 Owner=PC_Hero Slot=RIGHT Requested=7 Before=5 After=7 MarkerBitsRetired=0
CORE C1 OFFENSE REQUEST ElapsedMs=128274.234 Actor=PC_Hero Generation=211 Status=PERSISTED Source=It_1H_Sword_Rust_01 Side=RIGHT Requests=1 Outstanding=1 CleanupObserved=0 Group=7
CORE MARKER ElapsedMs=128274.247 Actor=PC_Hero Action=1 Family=NORMAL Phase=1 Motion=Hero_Stand_None_1H_P3_Attack_Hit_N_Fwd_00_%_00_P0_106_L.xmot Marker=RIGHT Result=ACCEPTED C1Valid=1 C1=211 StatePosition=0 PreviousMask=0 DesiredMask=1 RetiredMask=0 OwnedMask=0 MarkerOwnedMask=1 Activated=1 Deactivated=0 Retired=0 RearmRequests=1 Clears=1 RightUseType=2
CORE C1_FINAL ElapsedMs=128280.847 Actor=Golem Generation=209 Status=PERSISTED SourceCount=1 PhysicalChanged=0 Source[0]=Fist Side=RIGHT Outstanding=0 Cleanup=0 Outcome=NO_OP_NO_OUTSTANDING
CORE C1_START ElapsedMs=128288.255 Actor=Golem Generation=212 Status=CANDIDATE Outstanding=0 TrackedSources=1 ReplacedGeneration=0 ReplacedOutstanding=0 Source[0]=Fist Side=RIGHT Group=0
CORE C1_BIND ElapsedMs=128288.267 Event=COMBAT_MOVE_CANDIDATE_BOUND Actor=Golem Generation=212 Status=CANDIDATE Outstanding=0 Source=<null> Script=_AI_PowerAttack
CORE C1_STATUS ElapsedMs=128288.325 Event=PERSISTED Actor=Golem Generation=212 Status=PERSISTED Outstanding=0
CORE ONDAMAGE ElapsedMs=128291.168 Ordinal=56 Target=Golem Arg1=Golem Arg2=Golem Caller=Game.dll+0x00069484 PlayerAction=1 PlayerPhase=1 PlayerMotion=Hero_Stand_None_1H_P3_Attack_Hit_N_Fwd_00_%_00_P0_106_L.xmot Raw8Fist=<none> Raw8UseType=-1 Raw8Group=-1
CORE COLLISION_GROUP ElapsedMs=128509.318 Source=It_1H_Sword_Rust_01 UseType=2 Owner=PC_Hero Slot=RIGHT Requested=5 Before=7 After=5 MarkerBitsRetired=1
CORE C1 CLEANUP FULFILLED ElapsedMs=128509.337 Actor=PC_Hero Generation=211 Status=PERSISTED Source=It_1H_Sword_Rust_01 Side=RIGHT Requests=1 Outstanding=0 CleanupObserved=1 Group=5
CORE C1_FINAL ElapsedMs=128509.361 Actor=PC_Hero Generation=211 Status=PERSISTED SourceCount=1 PhysicalChanged=0 Source[0]=It_1H_Sword_Rust_01 Side=RIGHT Outstanding=0 Cleanup=1 Outcome=NO_OP_NO_OUTSTANDING
CORE C1_BIND ElapsedMs=128590.817 Event=COMBAT_MOVE_REUSED Actor=Golem Generation=212 Status=PERSISTED Outstanding=0 Source=<null> Script=_AI_PowerAttack
CORE COLLISION_GROUP ElapsedMs=128590.905 Source=Fist UseType=8 Owner=<unresolved> Slot=NONE Requested=7 Before=0 After=0 MarkerBitsRetired=0
CORE C1_START ElapsedMs=128737.357 Actor=PC_Hero Generation=213 Status=CANDIDATE Outstanding=0 TrackedSources=1 ReplacedGeneration=0 ReplacedOutstanding=0 Source[0]=It_1H_Sword_Rust_01 Side=RIGHT Group=5
CORE C1_BIND ElapsedMs=128737.370 Event=COMBAT_MOVE_CANDIDATE_BOUND Actor=PC_Hero Generation=213 Status=CANDIDATE Outstanding=0 Source=<null> Script=_AI_QuickAttack
CORE C1_STATUS ElapsedMs=128737.436 Event=PERSISTED Actor=PC_Hero Generation=213 Status=PERSISTED Outstanding=0
CORE ATTACK_OWNERSHIP ElapsedMs=128737.452 Actor=PC_Hero Family=QUICK Action=4 Phase=1 Motion=Hero_Stand_None_1H_P0_QuickAttackR_Hit_N_Fwd_00_%_00_P0_100_R.xmot MarkerPresent=1 RequiredMask=1 FistMarkers=0 Raw8Fist=<none> Raw8UseType=-1 SuppressNative=1 Classification=ROUTINE
CORE C1_FINAL ElapsedMs=128824.567 Actor=Golem Generation=212 Status=PERSISTED SourceCount=1 PhysicalChanged=0 Source[0]=Fist Side=RIGHT Outstanding=0 Cleanup=0 Outcome=NO_OP_NO_OUTSTANDING
CORE C1_START ElapsedMs=128831.637 Actor=Golem Generation=214 Status=CANDIDATE Outstanding=0 TrackedSources=1 ReplacedGeneration=0 ReplacedOutstanding=0 Source[0]=Fist Side=RIGHT Group=0
CORE C1_BIND ElapsedMs=128831.648 Event=COMBAT_MOVE_CANDIDATE_BOUND Actor=Golem Generation=214 Status=CANDIDATE Outstanding=0 Source=<null> Script=_AI_PowerAttack
CORE C1_STATUS ElapsedMs=128831.704 Event=PERSISTED Actor=Golem Generation=214 Status=PERSISTED Outstanding=0
CORE COLLISION_GROUP ElapsedMs=128903.766 Source=It_1H_Sword_Rust_01 UseType=2 Owner=PC_Hero Slot=RIGHT Requested=7 Before=5 After=7 MarkerBitsRetired=0
CORE C1 OFFENSE REQUEST ElapsedMs=128903.795 Actor=PC_Hero Generation=213 Status=PERSISTED Source=It_1H_Sword_Rust_01 Side=RIGHT Requests=1 Outstanding=1 CleanupObserved=0 Group=7
CORE MARKER ElapsedMs=128903.807 Actor=PC_Hero Action=4 Family=QUICK Phase=1 Motion=Hero_Stand_None_1H_P0_QuickAttackR_Hit_N_Fwd_00_%_00_P0_100_R.xmot Marker=RIGHT Result=ACCEPTED C1Valid=1 C1=213 StatePosition=1 PreviousMask=0 DesiredMask=1 RetiredMask=0 OwnedMask=0 MarkerOwnedMask=1 Activated=1 Deactivated=0 Retired=0 RearmRequests=1 Clears=1 RightUseType=2
CORE ONDAMAGE ElapsedMs=128921.719 Ordinal=57 Target=Golem Arg1=Golem Arg2=Golem Caller=Game.dll+0x00069484 PlayerAction=4 PlayerPhase=1 PlayerMotion=Hero_Stand_None_1H_P0_QuickAttackR_Hit_N_Fwd_00_%_00_P0_100_R.xmot Raw8Fist=<none> Raw8UseType=-1 Raw8Group=-1
CORE COLLISION_GROUP ElapsedMs=129086.846 Source=It_1H_Sword_Rust_01 UseType=2 Owner=PC_Hero Slot=RIGHT Requested=5 Before=7 After=5 MarkerBitsRetired=1
CORE C1 CLEANUP FULFILLED ElapsedMs=129086.876 Actor=PC_Hero Generation=213 Status=PERSISTED Source=It_1H_Sword_Rust_01 Side=RIGHT Requests=1 Outstanding=0 CleanupObserved=1 Group=5
CORE C1_BIND ElapsedMs=129131.113 Event=COMBAT_MOVE_REUSED Actor=Golem Generation=214 Status=PERSISTED Outstanding=0 Source=<null> Script=_AI_PowerAttack
CORE COLLISION_GROUP ElapsedMs=129131.186 Source=Fist UseType=8 Owner=<unresolved> Slot=NONE Requested=7 Before=0 After=0 MarkerBitsRetired=0
CORE C1_FINAL ElapsedMs=129175.272 Actor=PC_Hero Generation=213 Status=PERSISTED SourceCount=1 PhysicalChanged=0 Source[0]=It_1H_Sword_Rust_01 Side=RIGHT Outstanding=0 Cleanup=1 Outcome=NO_OP_NO_OUTSTANDING
CORE C1_START ElapsedMs=129337.574 Actor=PC_Hero Generation=215 Status=CANDIDATE Outstanding=0 TrackedSources=1 ReplacedGeneration=0 ReplacedOutstanding=0 Source[0]=It_1H_Sword_Rust_01 Side=RIGHT Group=5
CORE C1_BIND ElapsedMs=129337.586 Event=COMBAT_MOVE_CANDIDATE_BOUND Actor=PC_Hero Generation=215 Status=CANDIDATE Outstanding=0 Source=<null> Script=_AI_QuickAttack
CORE C1_STATUS ElapsedMs=129337.653 Event=PERSISTED Actor=PC_Hero Generation=215 Status=PERSISTED Outstanding=0
CORE ATTACK_OWNERSHIP ElapsedMs=129337.669 Actor=PC_Hero Family=QUICK Action=5 Phase=1 Motion=Hero_Stand_None_1H_P0_QuickAttackL_Hit_N_Fwd_00_%_00_P0_100_L.xmot MarkerPresent=1 RequiredMask=1 FistMarkers=0 Raw8Fist=<none> Raw8UseType=-1 SuppressNative=1 Classification=ROUTINE
CORE C1_FINAL ElapsedMs=129367.685 Actor=Golem Generation=214 Status=PERSISTED SourceCount=1 PhysicalChanged=0 Source[0]=Fist Side=RIGHT Outstanding=0 Cleanup=0 Outcome=NO_OP_NO_OUTSTANDING
CORE C1_START ElapsedMs=129374.290 Actor=Golem Generation=216 Status=CANDIDATE Outstanding=0 TrackedSources=1 ReplacedGeneration=0 ReplacedOutstanding=0 Source[0]=Fist Side=RIGHT Group=0
CORE C1_BIND ElapsedMs=129374.302 Event=COMBAT_MOVE_CANDIDATE_BOUND Actor=Golem Generation=216 Status=CANDIDATE Outstanding=0 Source=<null> Script=_AI_PowerAttack
CORE C1_STATUS ElapsedMs=129374.361 Event=PERSISTED Actor=Golem Generation=216 Status=PERSISTED Outstanding=0
CORE COLLISION_GROUP ElapsedMs=129507.987 Source=It_1H_Sword_Rust_01 UseType=2 Owner=PC_Hero Slot=RIGHT Requested=7 Before=5 After=7 MarkerBitsRetired=0
CORE C1 OFFENSE REQUEST ElapsedMs=129508.015 Actor=PC_Hero Generation=215 Status=PERSISTED Source=It_1H_Sword_Rust_01 Side=RIGHT Requests=1 Outstanding=1 CleanupObserved=0 Group=7
CORE MARKER ElapsedMs=129508.028 Actor=PC_Hero Action=5 Family=QUICK Phase=1 Motion=Hero_Stand_None_1H_P0_QuickAttackL_Hit_N_Fwd_00_%_00_P0_100_L.xmot Marker=RIGHT Result=ACCEPTED C1Valid=1 C1=215 StatePosition=1 PreviousMask=0 DesiredMask=1 RetiredMask=0 OwnedMask=0 MarkerOwnedMask=1 Activated=1 Deactivated=0 Retired=0 RearmRequests=1 Clears=1 RightUseType=2
CORE ONDAMAGE ElapsedMs=129527.150 Ordinal=58 Target=Golem Arg1=Golem Arg2=Golem Caller=Game.dll+0x00069484 PlayerAction=5 PlayerPhase=1 PlayerMotion=Hero_Stand_None_1H_P0_QuickAttackL_Hit_N_Fwd_00_%_00_P0_100_L.xmot Raw8Fist=<none> Raw8UseType=-1 Raw8Group=-1
CORE C1_BIND ElapsedMs=129680.082 Event=COMBAT_MOVE_REUSED Actor=Golem Generation=216 Status=PERSISTED Outstanding=0 Source=<null> Script=_AI_PowerAttack
CORE COLLISION_GROUP ElapsedMs=129680.171 Source=Fist UseType=8 Owner=<unresolved> Slot=NONE Requested=7 Before=0 After=0 MarkerBitsRetired=0
CORE COLLISION_GROUP ElapsedMs=129686.934 Source=It_1H_Sword_Rust_01 UseType=2 Owner=PC_Hero Slot=RIGHT Requested=5 Before=7 After=5 MarkerBitsRetired=1
CORE C1 CLEANUP FULFILLED ElapsedMs=129686.961 Actor=PC_Hero Generation=215 Status=PERSISTED Source=It_1H_Sword_Rust_01 Side=RIGHT Requests=1 Outstanding=0 CleanupObserved=1 Group=5
CORE C1_FINAL ElapsedMs=129775.590 Actor=PC_Hero Generation=215 Status=PERSISTED SourceCount=1 PhysicalChanged=0 Source[0]=It_1H_Sword_Rust_01 Side=RIGHT Outstanding=0 Cleanup=1 Outcome=NO_OP_NO_OUTSTANDING
CORE C1_FINAL ElapsedMs=129917.448 Actor=Golem Generation=216 Status=PERSISTED SourceCount=1 PhysicalChanged=0 Source[0]=Fist Side=RIGHT Outstanding=0 Cleanup=0 Outcome=NO_OP_NO_OUTSTANDING
CORE C1_START ElapsedMs=129923.664 Actor=Golem Generation=217 Status=CANDIDATE Outstanding=0 TrackedSources=1 ReplacedGeneration=0 ReplacedOutstanding=0 Source[0]=Fist Side=RIGHT Group=0
CORE C1_BIND ElapsedMs=129923.677 Event=COMBAT_MOVE_CANDIDATE_BOUND Actor=Golem Generation=217 Status=CANDIDATE Outstanding=0 Source=<null> Script=_AI_PowerAttack
CORE C1_STATUS ElapsedMs=129923.736 Event=PERSISTED Actor=Golem Generation=217 Status=PERSISTED Outstanding=0
CORE C1_START ElapsedMs=130018.865 Actor=PC_Hero Generation=218 Status=CANDIDATE Outstanding=0 TrackedSources=1 ReplacedGeneration=0 ReplacedOutstanding=0 Source[0]=It_1H_Sword_Rust_01 Side=RIGHT Group=5
CORE C1_BIND ElapsedMs=130018.878 Event=COMBAT_MOVE_CANDIDATE_BOUND Actor=PC_Hero Generation=218 Status=CANDIDATE Outstanding=0 Source=<null> Script=_AI_Attack
CORE C1_STATUS ElapsedMs=130018.947 Event=PERSISTED Actor=PC_Hero Generation=218 Status=PERSISTED Outstanding=0
CORE ATTACK_OWNERSHIP ElapsedMs=130018.965 Actor=PC_Hero Family=NORMAL Action=1 Phase=1 Motion=Hero_Stand_None_1H_P0_Attack_Hit_N_Fwd_00_%_00_P1_118_R.xmot MarkerPresent=1 RequiredMask=1 FistMarkers=0 Raw8Fist=<none> Raw8UseType=-1 SuppressNative=1 Classification=ROUTINE
CORE C1_BIND ElapsedMs=130231.608 Event=COMBAT_MOVE_REUSED Actor=Golem Generation=217 Status=PERSISTED Outstanding=0 Source=<null> Script=_AI_PowerAttack
CORE COLLISION_GROUP ElapsedMs=130231.703 Source=Fist UseType=8 Owner=<unresolved> Slot=NONE Requested=7 Before=0 After=0 MarkerBitsRetired=0
CORE COLLISION_GROUP ElapsedMs=130246.383 Source=It_1H_Sword_Rust_01 UseType=2 Owner=PC_Hero Slot=RIGHT Requested=7 Before=5 After=7 MarkerBitsRetired=0
CORE C1 OFFENSE REQUEST ElapsedMs=130246.413 Actor=PC_Hero Generation=218 Status=PERSISTED Source=It_1H_Sword_Rust_01 Side=RIGHT Requests=1 Outstanding=1 CleanupObserved=0 Group=7
CORE MARKER ElapsedMs=130246.426 Actor=PC_Hero Action=1 Family=NORMAL Phase=1 Motion=Hero_Stand_None_1H_P0_Attack_Hit_N_Fwd_00_%_00_P1_118_R.xmot Marker=RIGHT Result=ACCEPTED C1Valid=1 C1=218 StatePosition=0 PreviousMask=0 DesiredMask=1 RetiredMask=0 OwnedMask=0 MarkerOwnedMask=1 Activated=1 Deactivated=0 Retired=0 RearmRequests=1 Clears=1 RightUseType=2
CORE ONDAMAGE ElapsedMs=130249.576 Ordinal=59 Target=Golem Arg1=Golem Arg2=Golem Caller=Game.dll+0x00069484 PlayerAction=1 PlayerPhase=1 PlayerMotion=Hero_Stand_None_1H_P0_Attack_Hit_N_Fwd_00_%_00_P1_118_R.xmot Raw8Fist=<none> Raw8UseType=-1 Raw8Group=-1
CORE C1_FINAL ElapsedMs=130469.836 Actor=Golem Generation=217 Status=PERSISTED SourceCount=1 PhysicalChanged=0 Source[0]=Fist Side=RIGHT Outstanding=0 Cleanup=0 Outcome=NO_OP_NO_OUTSTANDING
CORE C1_START ElapsedMs=130476.233 Actor=Golem Generation=219 Status=CANDIDATE Outstanding=0 TrackedSources=1 ReplacedGeneration=0 ReplacedOutstanding=0 Source[0]=Fist Side=RIGHT Group=0
CORE C1_BIND ElapsedMs=130476.245 Event=COMBAT_MOVE_CANDIDATE_BOUND Actor=Golem Generation=219 Status=CANDIDATE Outstanding=0 Source=<null> Script=_AI_PowerAttack
CORE C1_STATUS ElapsedMs=130476.303 Event=PERSISTED Actor=Golem Generation=219 Status=PERSISTED Outstanding=0
CORE COLLISION_GROUP ElapsedMs=130484.561 Source=It_1H_Sword_Rust_01 UseType=2 Owner=PC_Hero Slot=RIGHT Requested=5 Before=7 After=5 MarkerBitsRetired=1
CORE C1 CLEANUP FULFILLED ElapsedMs=130484.589 Actor=PC_Hero Generation=218 Status=PERSISTED Source=It_1H_Sword_Rust_01 Side=RIGHT Requests=1 Outstanding=0 CleanupObserved=1 Group=5
CORE C1_FINAL ElapsedMs=130484.613 Actor=PC_Hero Generation=218 Status=PERSISTED SourceCount=1 PhysicalChanged=0 Source[0]=It_1H_Sword_Rust_01 Side=RIGHT Outstanding=0 Cleanup=1 Outcome=NO_OP_NO_OUTSTANDING
CORE C1_START ElapsedMs=130580.562 Actor=PC_Hero Generation=220 Status=CANDIDATE Outstanding=0 TrackedSources=1 ReplacedGeneration=0 ReplacedOutstanding=0 Source[0]=It_1H_Sword_Rust_01 Side=RIGHT Group=5
CORE C1_BIND ElapsedMs=130580.574 Event=COMBAT_MOVE_CANDIDATE_BOUND Actor=PC_Hero Generation=220 Status=CANDIDATE Outstanding=0 Source=<null> Script=_AI_PowerAttack
CORE C1_STATUS ElapsedMs=130580.640 Event=PERSISTED Actor=PC_Hero Generation=220 Status=PERSISTED Outstanding=0
CORE C1_FINAL ElapsedMs=130587.069 Actor=PC_Hero Generation=220 Status=PERSISTED SourceCount=1 PhysicalChanged=0 Source[0]=It_1H_Sword_Rust_01 Side=RIGHT Outstanding=0 Cleanup=0 Outcome=NO_OP_NO_OUTSTANDING
CORE C1_START ElapsedMs=130587.766 Actor=PC_Hero Generation=221 Status=CANDIDATE Outstanding=0 TrackedSources=1 ReplacedGeneration=0 ReplacedOutstanding=0 Source[0]=It_1H_Sword_Rust_01 Side=RIGHT Group=5
CORE C1_BIND ElapsedMs=130587.776 Event=COMBAT_MOVE_CANDIDATE_BOUND Actor=PC_Hero Generation=221 Status=CANDIDATE Outstanding=0 Source=<null> Script=_AI_Attack
CORE C1_STATUS ElapsedMs=130587.835 Event=PERSISTED Actor=PC_Hero Generation=221 Status=PERSISTED Outstanding=0
CORE ATTACK_OWNERSHIP ElapsedMs=130587.851 Actor=PC_Hero Family=NORMAL Action=1 Phase=1 Motion=Hero_Stand_None_1H_P1_Attack_Hit_N_Fwd_00_%_00_P2_119_L.xmot MarkerPresent=1 RequiredMask=1 FistMarkers=0 Raw8Fist=<none> Raw8UseType=-1 SuppressNative=1 Classification=ROUTINE
CORE C1_BIND ElapsedMs=130781.101 Event=COMBAT_MOVE_REUSED Actor=Golem Generation=219 Status=PERSISTED Outstanding=0 Source=<null> Script=_AI_PowerAttack
CORE COLLISION_GROUP ElapsedMs=130781.178 Source=Fist UseType=8 Owner=<unresolved> Slot=NONE Requested=7 Before=0 After=0 MarkerBitsRetired=0
CORE COLLISION_GROUP ElapsedMs=130820.401 Source=It_1H_Sword_Rust_01 UseType=2 Owner=PC_Hero Slot=RIGHT Requested=7 Before=5 After=7 MarkerBitsRetired=0
CORE C1 OFFENSE REQUEST ElapsedMs=130820.448 Actor=PC_Hero Generation=221 Status=PERSISTED Source=It_1H_Sword_Rust_01 Side=RIGHT Requests=1 Outstanding=1 CleanupObserved=0 Group=7
CORE MARKER ElapsedMs=130820.462 Actor=PC_Hero Action=1 Family=NORMAL Phase=1 Motion=Hero_Stand_None_1H_P1_Attack_Hit_N_Fwd_00_%_00_P2_119_L.xmot Marker=RIGHT Result=ACCEPTED C1Valid=1 C1=221 StatePosition=0 PreviousMask=0 DesiredMask=1 RetiredMask=0 OwnedMask=0 MarkerOwnedMask=1 Activated=1 Deactivated=0 Retired=0 RearmRequests=1 Clears=1 RightUseType=2
CORE ONDAMAGE ElapsedMs=130838.143 Ordinal=60 Target=Golem Arg1=Golem Arg2=Golem Caller=Game.dll+0x00069484 PlayerAction=1 PlayerPhase=1 PlayerMotion=Hero_Stand_None_1H_P1_Attack_Hit_N_Fwd_00_%_00_P2_119_L.xmot Raw8Fist=<none> Raw8UseType=-1 Raw8Group=-1
CORE C1_FINAL ElapsedMs=131019.749 Actor=Golem Generation=219 Status=PERSISTED SourceCount=1 PhysicalChanged=0 Source[0]=Fist Side=RIGHT Outstanding=0 Cleanup=0 Outcome=NO_OP_NO_OUTSTANDING
CORE C1_START ElapsedMs=131026.302 Actor=Golem Generation=222 Status=CANDIDATE Outstanding=0 TrackedSources=1 ReplacedGeneration=0 ReplacedOutstanding=0 Source[0]=Fist Side=RIGHT Group=0
CORE C1_BIND ElapsedMs=131026.314 Event=COMBAT_MOVE_CANDIDATE_BOUND Actor=Golem Generation=222 Status=CANDIDATE Outstanding=0 Source=<null> Script=_AI_PowerAttack
CORE C1_STATUS ElapsedMs=131026.372 Event=PERSISTED Actor=Golem Generation=222 Status=PERSISTED Outstanding=0
CORE COLLISION_GROUP ElapsedMs=131063.549 Source=It_1H_Sword_Rust_01 UseType=2 Owner=PC_Hero Slot=RIGHT Requested=5 Before=7 After=5 MarkerBitsRetired=1
CORE C1 CLEANUP FULFILLED ElapsedMs=131063.576 Actor=PC_Hero Generation=221 Status=PERSISTED Source=It_1H_Sword_Rust_01 Side=RIGHT Requests=1 Outstanding=0 CleanupObserved=1 Group=5
CORE C1_FINAL ElapsedMs=131063.598 Actor=PC_Hero Generation=221 Status=PERSISTED SourceCount=1 PhysicalChanged=0 Source[0]=It_1H_Sword_Rust_01 Side=RIGHT Outstanding=0 Cleanup=1 Outcome=NO_OP_NO_OUTSTANDING
CORE C1_BIND ElapsedMs=131330.746 Event=COMBAT_MOVE_REUSED Actor=Golem Generation=222 Status=PERSISTED Outstanding=0 Source=<null> Script=_AI_PowerAttack
CORE COLLISION_GROUP ElapsedMs=131330.823 Source=Fist UseType=8 Owner=<unresolved> Slot=NONE Requested=7 Before=0 After=0 MarkerBitsRetired=0
CORE C1_START ElapsedMs=131366.196 Actor=PC_Hero Generation=223 Status=CANDIDATE Outstanding=0 TrackedSources=1 ReplacedGeneration=0 ReplacedOutstanding=0 Source[0]=It_1H_Sword_Rust_01 Side=RIGHT Group=5
CORE C1_BIND ElapsedMs=131366.209 Event=COMBAT_MOVE_CANDIDATE_BOUND Actor=PC_Hero Generation=223 Status=CANDIDATE Outstanding=0 Source=<null> Script=_AI_Attack
CORE C1_STATUS ElapsedMs=131366.571 Event=PERSISTED Actor=PC_Hero Generation=223 Status=PERSISTED Outstanding=0
CORE ATTACK_OWNERSHIP ElapsedMs=131366.594 Actor=PC_Hero Family=NORMAL Action=1 Phase=1 Motion=Hero_Stand_None_1H_P2_Attack_Hit_N_Fwd_00_%_00_P3_115_R.xmot MarkerPresent=1 RequiredMask=1 FistMarkers=0 Raw8Fist=<none> Raw8UseType=-1 SuppressNative=1 Classification=ROUTINE
CORE C1_FINAL ElapsedMs=131568.804 Actor=Golem Generation=222 Status=PERSISTED SourceCount=1 PhysicalChanged=0 Source[0]=Fist Side=RIGHT Outstanding=0 Cleanup=0 Outcome=NO_OP_NO_OUTSTANDING
CORE C1_START ElapsedMs=131577.126 Actor=Golem Generation=224 Status=CANDIDATE Outstanding=0 TrackedSources=1 ReplacedGeneration=0 ReplacedOutstanding=0 Source[0]=Fist Side=RIGHT Group=0
CORE C1_BIND ElapsedMs=131577.136 Event=COMBAT_MOVE_CANDIDATE_BOUND Actor=Golem Generation=224 Status=CANDIDATE Outstanding=0 Source=<null> Script=_AI_PowerAttack
CORE C1_STATUS ElapsedMs=131577.195 Event=PERSISTED Actor=Golem Generation=224 Status=PERSISTED Outstanding=0
CORE COLLISION_GROUP ElapsedMs=131597.172 Source=It_1H_Sword_Rust_01 UseType=2 Owner=PC_Hero Slot=RIGHT Requested=7 Before=5 After=7 MarkerBitsRetired=0
CORE C1 OFFENSE REQUEST ElapsedMs=131597.201 Actor=PC_Hero Generation=223 Status=PERSISTED Source=It_1H_Sword_Rust_01 Side=RIGHT Requests=1 Outstanding=1 CleanupObserved=0 Group=7
CORE MARKER ElapsedMs=131597.219 Actor=PC_Hero Action=1 Family=NORMAL Phase=1 Motion=Hero_Stand_None_1H_P2_Attack_Hit_N_Fwd_00_%_00_P3_115_R.xmot Marker=RIGHT Result=ACCEPTED C1Valid=1 C1=223 StatePosition=0 PreviousMask=0 DesiredMask=1 RetiredMask=0 OwnedMask=0 MarkerOwnedMask=1 Activated=1 Deactivated=0 Retired=0 RearmRequests=1 Clears=1 RightUseType=2
CORE ONDAMAGE ElapsedMs=131615.543 Ordinal=61 Target=Golem Arg1=Golem Arg2=Golem Caller=Game.dll+0x00069484 PlayerAction=1 PlayerPhase=1 PlayerMotion=Hero_Stand_None_1H_P2_Attack_Hit_N_Fwd_00_%_00_P3_115_R.xmot Raw8Fist=<none> Raw8UseType=-1 Raw8Group=-1
CORE COLLISION_GROUP ElapsedMs=131835.862 Source=It_1H_Sword_Rust_01 UseType=2 Owner=PC_Hero Slot=RIGHT Requested=5 Before=7 After=5 MarkerBitsRetired=1
CORE C1 CLEANUP FULFILLED ElapsedMs=131835.881 Actor=PC_Hero Generation=223 Status=PERSISTED Source=It_1H_Sword_Rust_01 Side=RIGHT Requests=1 Outstanding=0 CleanupObserved=1 Group=5
CORE C1_FINAL ElapsedMs=131835.905 Actor=PC_Hero Generation=223 Status=PERSISTED SourceCount=1 PhysicalChanged=0 Source[0]=It_1H_Sword_Rust_01 Side=RIGHT Outstanding=0 Cleanup=1 Outcome=NO_OP_NO_OUTSTANDING
CORE C1_BIND ElapsedMs=131879.940 Event=COMBAT_MOVE_REUSED Actor=Golem Generation=224 Status=PERSISTED Outstanding=0 Source=<null> Script=_AI_PowerAttack
CORE COLLISION_GROUP ElapsedMs=131880.017 Source=Fist UseType=8 Owner=<unresolved> Slot=NONE Requested=7 Before=0 After=0 MarkerBitsRetired=0
CORE C1_FINAL ElapsedMs=132120.886 Actor=Golem Generation=224 Status=PERSISTED SourceCount=1 PhysicalChanged=0 Source[0]=Fist Side=RIGHT Outstanding=0 Cleanup=0 Outcome=NO_OP_NO_OUTSTANDING
CORE C1_START ElapsedMs=132127.878 Actor=Golem Generation=225 Status=CANDIDATE Outstanding=0 TrackedSources=1 ReplacedGeneration=0 ReplacedOutstanding=0 Source[0]=Fist Side=RIGHT Group=0
CORE C1_BIND ElapsedMs=132127.890 Event=COMBAT_MOVE_CANDIDATE_BOUND Actor=Golem Generation=225 Status=CANDIDATE Outstanding=0 Source=<null> Script=_AI_PowerAttack
CORE C1_STATUS ElapsedMs=132127.951 Event=PERSISTED Actor=Golem Generation=225 Status=PERSISTED Outstanding=0
CORE C1_BIND ElapsedMs=132431.963 Event=COMBAT_MOVE_REUSED Actor=Golem Generation=225 Status=PERSISTED Outstanding=0 Source=<null> Script=_AI_PowerAttack
CORE COLLISION_GROUP ElapsedMs=132432.030 Source=Fist UseType=8 Owner=<unresolved> Slot=NONE Requested=7 Before=0 After=0 MarkerBitsRetired=0
CORE C1_START ElapsedMs=132513.781 Actor=PC_Hero Generation=226 Status=CANDIDATE Outstanding=0 TrackedSources=1 ReplacedGeneration=0 ReplacedOutstanding=0 Source[0]=It_1H_Sword_Rust_01 Side=RIGHT Group=5
CORE C1_BIND ElapsedMs=132513.793 Event=COMBAT_MOVE_CANDIDATE_BOUND Actor=PC_Hero Generation=226 Status=CANDIDATE Outstanding=0 Source=<null> Script=_AI_Parade
CORE C1_STATUS ElapsedMs=132514.157 Event=PERSISTED Actor=PC_Hero Generation=226 Status=PERSISTED Outstanding=0
CORE C1_FINAL ElapsedMs=132669.516 Actor=Golem Generation=225 Status=PERSISTED SourceCount=1 PhysicalChanged=0 Source[0]=Fist Side=RIGHT Outstanding=0 Cleanup=0 Outcome=NO_OP_NO_OUTSTANDING
CORE C1_START ElapsedMs=132675.777 Actor=Golem Generation=227 Status=CANDIDATE Outstanding=0 TrackedSources=1 ReplacedGeneration=0 ReplacedOutstanding=0 Source[0]=Fist Side=RIGHT Group=0
CORE C1_BIND ElapsedMs=132675.789 Event=COMBAT_MOVE_CANDIDATE_BOUND Actor=Golem Generation=227 Status=CANDIDATE Outstanding=0 Source=<null> Script=_AI_PowerAttack
CORE C1_STATUS ElapsedMs=132675.848 Event=PERSISTED Actor=Golem Generation=227 Status=PERSISTED Outstanding=0
CORE C1_FINAL ElapsedMs=132821.458 Actor=PC_Hero Generation=226 Status=PERSISTED SourceCount=1 PhysicalChanged=0 Source[0]=It_1H_Sword_Rust_01 Side=RIGHT Outstanding=0 Cleanup=0 Outcome=NO_OP_NO_OUTSTANDING
CORE C1_START ElapsedMs=132836.820 Actor=PC_Hero Generation=228 Status=CANDIDATE Outstanding=0 TrackedSources=1 ReplacedGeneration=0 ReplacedOutstanding=0 Source[0]=It_1H_Sword_Rust_01 Side=RIGHT Group=5
CORE C1_BIND ElapsedMs=132836.832 Event=COMBAT_MOVE_CANDIDATE_BOUND Actor=PC_Hero Generation=228 Status=CANDIDATE Outstanding=0 Source=<null> Script=_AI_PierceAttack
CORE C1_STATUS ElapsedMs=132837.137 Event=PERSISTED Actor=PC_Hero Generation=228 Status=PERSISTED Outstanding=0
CORE C1_BIND ElapsedMs=132985.259 Event=COMBAT_MOVE_REUSED Actor=Golem Generation=227 Status=PERSISTED Outstanding=0 Source=<null> Script=_AI_PowerAttack
CORE COLLISION_GROUP ElapsedMs=132985.371 Source=Fist UseType=8 Owner=<unresolved> Slot=NONE Requested=7 Before=0 After=0 MarkerBitsRetired=0
CORE C1_FINAL ElapsedMs=133226.001 Actor=Golem Generation=227 Status=PERSISTED SourceCount=1 PhysicalChanged=0 Source[0]=Fist Side=RIGHT Outstanding=0 Cleanup=0 Outcome=NO_OP_NO_OUTSTANDING
CORE C1_START ElapsedMs=133231.696 Actor=Golem Generation=229 Status=CANDIDATE Outstanding=0 TrackedSources=1 ReplacedGeneration=0 ReplacedOutstanding=0 Source[0]=Fist Side=RIGHT Group=0
CORE C1_BIND ElapsedMs=133231.707 Event=COMBAT_MOVE_CANDIDATE_BOUND Actor=Golem Generation=229 Status=CANDIDATE Outstanding=0 Source=<null> Script=_AI_PowerAttack
CORE C1_STATUS ElapsedMs=133231.764 Event=PERSISTED Actor=Golem Generation=229 Status=PERSISTED Outstanding=0
CORE C1_BIND ElapsedMs=133463.148 Event=COMBAT_MOVE_REUSED Actor=PC_Hero Generation=228 Status=PERSISTED Outstanding=0 Source=<null> Script=_AI_PierceAttack
CORE ATTACK_OWNERSHIP ElapsedMs=133463.641 Actor=PC_Hero Family=PIERCE Action=11 Phase=1 Motion=Hero_Parade_None_1H_P0_PierceAttack_Hit_N_Fwd_00_%_00_P1_120.xmot MarkerPresent=1 RequiredMask=1 FistMarkers=0 Raw8Fist=<none> Raw8UseType=-1 SuppressNative=1 Classification=ROUTINE
CORE C1_BIND ElapsedMs=133539.531 Event=COMBAT_MOVE_REUSED Actor=Golem Generation=229 Status=PERSISTED Outstanding=0 Source=<null> Script=_AI_PowerAttack
CORE COLLISION_GROUP ElapsedMs=133539.606 Source=Fist UseType=8 Owner=<unresolved> Slot=NONE Requested=7 Before=0 After=0 MarkerBitsRetired=0
CORE COLLISION_GROUP ElapsedMs=133635.917 Source=It_1H_Sword_Rust_01 UseType=2 Owner=PC_Hero Slot=RIGHT Requested=7 Before=5 After=7 MarkerBitsRetired=0
CORE C1 OFFENSE REQUEST ElapsedMs=133635.948 Actor=PC_Hero Generation=228 Status=PERSISTED Source=It_1H_Sword_Rust_01 Side=RIGHT Requests=1 Outstanding=1 CleanupObserved=0 Group=7
CORE MARKER ElapsedMs=133635.962 Actor=PC_Hero Action=11 Family=PIERCE Phase=1 Motion=Hero_Parade_None_1H_P0_PierceAttack_Hit_N_Fwd_00_%_00_P1_120.xmot Marker=RIGHT Result=ACCEPTED C1Valid=1 C1=228 StatePosition=1 PreviousMask=0 DesiredMask=1 RetiredMask=0 OwnedMask=0 MarkerOwnedMask=1 Activated=1 Deactivated=0 Retired=0 RearmRequests=1 Clears=1 RightUseType=2
CORE ONDAMAGE ElapsedMs=133663.901 Ordinal=62 Target=Golem Arg1=Golem Arg2=Golem Caller=Game.dll+0x00069484 PlayerAction=11 PlayerPhase=1 PlayerMotion=Hero_Parade_None_1H_P0_PierceAttack_Hit_N_Fwd_00_%_00_P1_120.xmot Raw8Fist=<none> Raw8UseType=-1 Raw8Group=-1
CORE C1_FINAL ElapsedMs=133781.945 Actor=Golem Generation=229 Status=PERSISTED SourceCount=1 PhysicalChanged=0 Source[0]=Fist Side=RIGHT Outstanding=0 Cleanup=0 Outcome=NO_OP_NO_OUTSTANDING
CORE C1_START ElapsedMs=133788.125 Actor=Golem Generation=230 Status=CANDIDATE Outstanding=0 TrackedSources=1 ReplacedGeneration=0 ReplacedOutstanding=0 Source[0]=Fist Side=RIGHT Group=0
CORE C1_BIND ElapsedMs=133788.137 Event=COMBAT_MOVE_CANDIDATE_BOUND Actor=Golem Generation=230 Status=CANDIDATE Outstanding=0 Source=<null> Script=_AI_PowerAttack
CORE C1_STATUS ElapsedMs=133788.192 Event=PERSISTED Actor=Golem Generation=230 Status=PERSISTED Outstanding=0
CORE COLLISION_GROUP ElapsedMs=133818.691 Source=It_1H_Sword_Rust_01 UseType=2 Owner=PC_Hero Slot=RIGHT Requested=5 Before=7 After=5 MarkerBitsRetired=1
CORE C1 CLEANUP FULFILLED ElapsedMs=133818.712 Actor=PC_Hero Generation=228 Status=PERSISTED Source=It_1H_Sword_Rust_01 Side=RIGHT Requests=1 Outstanding=0 CleanupObserved=1 Group=5
CORE C1_BIND ElapsedMs=133818.834 Event=COMBAT_MOVE_REUSED Actor=PC_Hero Generation=228 Status=PERSISTED Outstanding=0 Source=<null> Script=_AI_PierceAttack
CORE C1_BIND ElapsedMs=134095.776 Event=COMBAT_MOVE_REUSED Actor=Golem Generation=230 Status=PERSISTED Outstanding=0 Source=<null> Script=_AI_PowerAttack
CORE COLLISION_GROUP ElapsedMs=134095.943 Source=Fist UseType=8 Owner=<unresolved> Slot=NONE Requested=7 Before=0 After=0 MarkerBitsRetired=0
CORE C1_FINAL ElapsedMs=134331.056 Actor=Golem Generation=230 Status=PERSISTED SourceCount=1 PhysicalChanged=0 Source[0]=Fist Side=RIGHT Outstanding=0 Cleanup=0 Outcome=NO_OP_NO_OUTSTANDING
CORE C1_START ElapsedMs=134338.048 Actor=Golem Generation=231 Status=CANDIDATE Outstanding=0 TrackedSources=1 ReplacedGeneration=0 ReplacedOutstanding=0 Source[0]=Fist Side=RIGHT Group=0
CORE C1_BIND ElapsedMs=134338.059 Event=COMBAT_MOVE_CANDIDATE_BOUND Actor=Golem Generation=231 Status=CANDIDATE Outstanding=0 Source=<null> Script=_AI_PowerAttack
CORE C1_STATUS ElapsedMs=134338.148 Event=PERSISTED Actor=Golem Generation=231 Status=PERSISTED Outstanding=0
CORE C1_FINAL ElapsedMs=134454.074 Actor=PC_Hero Generation=228 Status=PERSISTED SourceCount=1 PhysicalChanged=0 Source[0]=It_1H_Sword_Rust_01 Side=RIGHT Outstanding=0 Cleanup=1 Outcome=NO_OP_NO_OUTSTANDING
CORE C1_BIND ElapsedMs=134651.704 Event=COMBAT_MOVE_REUSED Actor=Golem Generation=231 Status=PERSISTED Outstanding=0 Source=<null> Script=_AI_PowerAttack
CORE COLLISION_GROUP ElapsedMs=134651.780 Source=Fist UseType=8 Owner=<unresolved> Slot=NONE Requested=7 Before=0 After=0 MarkerBitsRetired=0
CORE C1_FINAL ElapsedMs=134890.053 Actor=Golem Generation=231 Status=PERSISTED SourceCount=1 PhysicalChanged=0 Source[0]=Fist Side=RIGHT Outstanding=0 Cleanup=0 Outcome=NO_OP_NO_OUTSTANDING
CORE C1_START ElapsedMs=134897.140 Actor=Golem Generation=232 Status=CANDIDATE Outstanding=0 TrackedSources=1 ReplacedGeneration=0 ReplacedOutstanding=0 Source[0]=Fist Side=RIGHT Group=0
CORE C1_BIND ElapsedMs=134897.152 Event=COMBAT_MOVE_CANDIDATE_BOUND Actor=Golem Generation=232 Status=CANDIDATE Outstanding=0 Source=<null> Script=_AI_PowerAttack
CORE C1_STATUS ElapsedMs=134897.212 Event=PERSISTED Actor=Golem Generation=232 Status=PERSISTED Outstanding=0
CORE C1_BIND ElapsedMs=135202.762 Event=COMBAT_MOVE_REUSED Actor=Golem Generation=232 Status=PERSISTED Outstanding=0 Source=<null> Script=_AI_PowerAttack
CORE COLLISION_GROUP ElapsedMs=135202.838 Source=Fist UseType=8 Owner=<unresolved> Slot=NONE Requested=7 Before=0 After=0 MarkerBitsRetired=0
CORE C1_FINAL ElapsedMs=135438.479 Actor=Golem Generation=232 Status=PERSISTED SourceCount=1 PhysicalChanged=0 Source[0]=Fist Side=RIGHT Outstanding=0 Cleanup=0 Outcome=NO_OP_NO_OUTSTANDING
CORE C1_START ElapsedMs=135447.416 Actor=Golem Generation=233 Status=CANDIDATE Outstanding=0 TrackedSources=1 ReplacedGeneration=0 ReplacedOutstanding=0 Source[0]=Fist Side=RIGHT Group=0
CORE C1_BIND ElapsedMs=135447.427 Event=COMBAT_MOVE_CANDIDATE_BOUND Actor=Golem Generation=233 Status=CANDIDATE Outstanding=0 Source=<null> Script=_AI_PowerAttack
CORE C1_STATUS ElapsedMs=135447.488 Event=PERSISTED Actor=Golem Generation=233 Status=PERSISTED Outstanding=0
CORE C1_BIND ElapsedMs=135751.471 Event=COMBAT_MOVE_REUSED Actor=Golem Generation=233 Status=PERSISTED Outstanding=0 Source=<null> Script=_AI_PowerAttack
CORE COLLISION_GROUP ElapsedMs=135751.550 Source=Fist UseType=8 Owner=<unresolved> Slot=NONE Requested=7 Before=0 After=0 MarkerBitsRetired=0
CORE C1_FINAL ElapsedMs=135987.285 Actor=Golem Generation=233 Status=PERSISTED SourceCount=1 PhysicalChanged=0 Source[0]=Fist Side=RIGHT Outstanding=0 Cleanup=0 Outcome=NO_OP_NO_OUTSTANDING
CORE C1_START ElapsedMs=135995.914 Actor=Golem Generation=234 Status=CANDIDATE Outstanding=0 TrackedSources=1 ReplacedGeneration=0 ReplacedOutstanding=0 Source[0]=Fist Side=RIGHT Group=0
CORE C1_BIND ElapsedMs=135995.926 Event=COMBAT_MOVE_CANDIDATE_BOUND Actor=Golem Generation=234 Status=CANDIDATE Outstanding=0 Source=<null> Script=_AI_PowerAttack
CORE C1_STATUS ElapsedMs=135995.987 Event=PERSISTED Actor=Golem Generation=234 Status=PERSISTED Outstanding=0
CORE C1_BIND ElapsedMs=136298.116 Event=COMBAT_MOVE_REUSED Actor=Golem Generation=234 Status=PERSISTED Outstanding=0 Source=<null> Script=_AI_PowerAttack
CORE COLLISION_GROUP ElapsedMs=136298.418 Source=Fist UseType=8 Owner=<unresolved> Slot=NONE Requested=7 Before=0 After=0 MarkerBitsRetired=0
CORE C1_FINAL ElapsedMs=136529.053 Actor=Golem Generation=234 Status=PERSISTED SourceCount=1 PhysicalChanged=0 Source[0]=Fist Side=RIGHT Outstanding=0 Cleanup=0 Outcome=NO_OP_NO_OUTSTANDING
CORE C1_START ElapsedMs=136537.161 Actor=Golem Generation=235 Status=CANDIDATE Outstanding=0 TrackedSources=1 ReplacedGeneration=0 ReplacedOutstanding=0 Source[0]=Fist Side=RIGHT Group=0
CORE C1_BIND ElapsedMs=136537.172 Event=COMBAT_MOVE_CANDIDATE_BOUND Actor=Golem Generation=235 Status=CANDIDATE Outstanding=0 Source=<null> Script=_AI_PowerAttack
CORE C1_STATUS ElapsedMs=136537.227 Event=PERSISTED Actor=Golem Generation=235 Status=PERSISTED Outstanding=0
CORE C1_BIND ElapsedMs=136835.248 Event=COMBAT_MOVE_REUSED Actor=Golem Generation=235 Status=PERSISTED Outstanding=0 Source=<null> Script=_AI_PowerAttack
CORE COLLISION_GROUP ElapsedMs=136835.327 Source=Fist UseType=8 Owner=<unresolved> Slot=NONE Requested=7 Before=0 After=0 MarkerBitsRetired=0
CORE C1_FINAL ElapsedMs=137065.538 Actor=Golem Generation=235 Status=PERSISTED SourceCount=1 PhysicalChanged=0 Source[0]=Fist Side=RIGHT Outstanding=0 Cleanup=0 Outcome=NO_OP_NO_OUTSTANDING
CORE C1_START ElapsedMs=137074.394 Actor=Golem Generation=236 Status=CANDIDATE Outstanding=0 TrackedSources=1 ReplacedGeneration=0 ReplacedOutstanding=0 Source[0]=Fist Side=RIGHT Group=0
CORE C1_BIND ElapsedMs=137074.406 Event=COMBAT_MOVE_CANDIDATE_BOUND Actor=Golem Generation=236 Status=CANDIDATE Outstanding=0 Source=<null> Script=_AI_PowerAttack
CORE C1_STATUS ElapsedMs=137074.453 Event=PERSISTED Actor=Golem Generation=236 Status=PERSISTED Outstanding=0
CORE C1_BIND ElapsedMs=137373.356 Event=COMBAT_MOVE_REUSED Actor=Golem Generation=236 Status=PERSISTED Outstanding=0 Source=<null> Script=_AI_PowerAttack
CORE COLLISION_GROUP ElapsedMs=137373.448 Source=Fist UseType=8 Owner=<unresolved> Slot=NONE Requested=7 Before=0 After=0 MarkerBitsRetired=0
CORE C1_FINAL ElapsedMs=137608.103 Actor=Golem Generation=236 Status=PERSISTED SourceCount=1 PhysicalChanged=0 Source[0]=Fist Side=RIGHT Outstanding=0 Cleanup=0 Outcome=NO_OP_NO_OUTSTANDING
CORE C1_START ElapsedMs=137614.722 Actor=Golem Generation=237 Status=CANDIDATE Outstanding=0 TrackedSources=1 ReplacedGeneration=0 ReplacedOutstanding=0 Source[0]=Fist Side=RIGHT Group=0
CORE C1_BIND ElapsedMs=137614.735 Event=COMBAT_MOVE_CANDIDATE_BOUND Actor=Golem Generation=237 Status=CANDIDATE Outstanding=0 Source=<null> Script=_AI_PowerAttack
CORE C1_STATUS ElapsedMs=137614.794 Event=PERSISTED Actor=Golem Generation=237 Status=PERSISTED Outstanding=0
CORE C1_BIND ElapsedMs=137924.016 Event=COMBAT_MOVE_REUSED Actor=Golem Generation=237 Status=PERSISTED Outstanding=0 Source=<null> Script=_AI_PowerAttack
CORE COLLISION_GROUP ElapsedMs=137924.126 Source=Fist UseType=8 Owner=<unresolved> Slot=NONE Requested=7 Before=0 After=0 MarkerBitsRetired=0
CORE C1_FINAL ElapsedMs=138162.642 Actor=Golem Generation=237 Status=PERSISTED SourceCount=1 PhysicalChanged=0 Source[0]=Fist Side=RIGHT Outstanding=0 Cleanup=0 Outcome=NO_OP_NO_OUTSTANDING
CORE C1_START ElapsedMs=138170.871 Actor=Golem Generation=238 Status=CANDIDATE Outstanding=0 TrackedSources=1 ReplacedGeneration=0 ReplacedOutstanding=0 Source[0]=Fist Side=RIGHT Group=0
CORE C1_BIND ElapsedMs=138170.883 Event=COMBAT_MOVE_CANDIDATE_BOUND Actor=Golem Generation=238 Status=CANDIDATE Outstanding=0 Source=<null> Script=_AI_PowerAttack
CORE C1_STATUS ElapsedMs=138170.941 Event=PERSISTED Actor=Golem Generation=238 Status=PERSISTED Outstanding=0
CORE C1_START ElapsedMs=138206.627 Actor=PC_Hero Generation=239 Status=CANDIDATE Outstanding=0 TrackedSources=1 ReplacedGeneration=0 ReplacedOutstanding=0 Source[0]=It_1H_Sword_Rust_01 Side=RIGHT Group=5
CORE C1_BIND ElapsedMs=138206.639 Event=COMBAT_MOVE_CANDIDATE_BOUND Actor=PC_Hero Generation=239 Status=CANDIDATE Outstanding=0 Source=<null> Script=_AI_Attack
CORE C1_STATUS ElapsedMs=138206.703 Event=PERSISTED Actor=PC_Hero Generation=239 Status=PERSISTED Outstanding=0
CORE ATTACK_OWNERSHIP ElapsedMs=138206.723 Actor=PC_Hero Family=NORMAL Action=1 Phase=1 Motion=Hero_Stand_None_1H_P0_Attack_Hit_N_Fwd_00_%_00_P1_118_R.xmot MarkerPresent=1 RequiredMask=1 FistMarkers=0 Raw8Fist=<none> Raw8UseType=-1 SuppressNative=1 Classification=ROUTINE
CORE COLLISION_GROUP ElapsedMs=138436.712 Source=It_1H_Sword_Rust_01 UseType=2 Owner=PC_Hero Slot=RIGHT Requested=7 Before=5 After=7 MarkerBitsRetired=0
CORE C1 OFFENSE REQUEST ElapsedMs=138436.826 Actor=PC_Hero Generation=239 Status=PERSISTED Source=It_1H_Sword_Rust_01 Side=RIGHT Requests=1 Outstanding=1 CleanupObserved=0 Group=7
CORE MARKER ElapsedMs=138436.876 Actor=PC_Hero Action=1 Family=NORMAL Phase=1 Motion=Hero_Stand_None_1H_P0_Attack_Hit_N_Fwd_00_%_00_P1_118_R.xmot Marker=RIGHT Result=ACCEPTED C1Valid=1 C1=239 StatePosition=0 PreviousMask=0 DesiredMask=1 RetiredMask=0 OwnedMask=0 MarkerOwnedMask=1 Activated=1 Deactivated=0 Retired=0 RearmRequests=1 Clears=1 RightUseType=2
CORE ONDAMAGE ElapsedMs=138440.099 Ordinal=63 Target=Golem Arg1=Golem Arg2=Golem Caller=Game.dll+0x00069484 PlayerAction=1 PlayerPhase=1 PlayerMotion=Hero_Stand_None_1H_P0_Attack_Hit_N_Fwd_00_%_00_P1_118_R.xmot Raw8Fist=<none> Raw8UseType=-1 Raw8Group=-1
CORE C1_BIND ElapsedMs=138480.711 Event=COMBAT_MOVE_REUSED Actor=Golem Generation=238 Status=PERSISTED Outstanding=0 Source=<null> Script=_AI_PowerAttack
CORE COLLISION_GROUP ElapsedMs=138480.785 Source=Fist UseType=8 Owner=<unresolved> Slot=NONE Requested=7 Before=0 After=0 MarkerBitsRetired=0
CORE ONDAMAGE ElapsedMs=138622.567 Ordinal=64 Target=PC_Hero Arg1=Fist Arg2=Golem Caller=Game.dll+0x0016E348 PlayerAction=1 PlayerPhase=1 PlayerMotion=Hero_Stand_None_1H_P0_Attack_Hit_N_Fwd_00_%_00_P1_118_R.xmot Raw8Fist=<none> Raw8UseType=-1 Raw8Group=-1
CORE COLLISION_GROUP ElapsedMs=138630.934 Source=It_1H_Sword_Rust_01 UseType=2 Owner=PC_Hero Slot=RIGHT Requested=5 Before=7 After=5 MarkerBitsRetired=1
CORE C1 CLEANUP FULFILLED ElapsedMs=138630.962 Actor=PC_Hero Generation=239 Status=PERSISTED Source=It_1H_Sword_Rust_01 Side=RIGHT Requests=1 Outstanding=0 CleanupObserved=1 Group=5
CORE C1_START ElapsedMs=138633.233 Actor=PC_Hero Generation=240 Status=CANDIDATE Outstanding=0 TrackedSources=1 ReplacedGeneration=239 ReplacedOutstanding=0 Source[0]=It_1H_Sword_Rust_01 Side=RIGHT Group=5
CORE C1_STATUS ElapsedMs=138633.595 Event=PERSISTED Actor=PC_Hero Generation=240 Status=PERSISTED Outstanding=0
CORE C1_FINAL ElapsedMs=138717.622 Actor=Golem Generation=238 Status=PERSISTED SourceCount=1 PhysicalChanged=0 Source[0]=Fist Side=RIGHT Outstanding=0 Cleanup=0 Outcome=NO_OP_NO_OUTSTANDING
CORE C1_START ElapsedMs=139966.887 Actor=Golem Generation=241 Status=CANDIDATE Outstanding=0 TrackedSources=1 ReplacedGeneration=0 ReplacedOutstanding=0 Source[0]=Fist Side=RIGHT Group=0
CORE C1_BIND ElapsedMs=139966.901 Event=COMBAT_MOVE_CANDIDATE_BOUND Actor=Golem Generation=241 Status=CANDIDATE Outstanding=0 Source=<null> Script=_AI_Attack
CORE C1_STATUS ElapsedMs=139967.023 Event=PERSISTED Actor=Golem Generation=241 Status=PERSISTED Outstanding=0
CORE ATTACK_OWNERSHIP ElapsedMs=139967.041 Actor=Golem Family=NORMAL Action=1 Phase=1 Motion=Golem_Stand_None_Fist_P0_Attack_Hit_N_Fwd_00_%_00_P0_100_R.xmot MarkerPresent=0 RequiredMask=0 FistMarkers=0 Raw8Fist=<none> Raw8UseType=-1 SuppressNative=0 Classification=ROUTINE
CORE COLLISION_GROUP ElapsedMs=140194.345 Source=Fist UseType=8 Owner=<unresolved> Slot=NONE Requested=7 Before=0 After=0 MarkerBitsRetired=0
CORE C1_FINAL ElapsedMs=140322.518 Actor=Golem Generation=241 Status=PERSISTED SourceCount=1 PhysicalChanged=0 Source[0]=Fist Side=RIGHT Outstanding=0 Cleanup=0 Outcome=NO_OP_NO_OUTSTANDING
CORE C1_START ElapsedMs=140329.041 Actor=Golem Generation=242 Status=CANDIDATE Outstanding=0 TrackedSources=1 ReplacedGeneration=0 ReplacedOutstanding=0 Source[0]=Fist Side=RIGHT Group=0
CORE C1_BIND ElapsedMs=140329.054 Event=COMBAT_MOVE_CANDIDATE_BOUND Actor=Golem Generation=242 Status=CANDIDATE Outstanding=0 Source=<null> Script=_AI_JumpBack
CORE C1_STATUS ElapsedMs=140329.123 Event=PERSISTED Actor=Golem Generation=242 Status=PERSISTED Outstanding=0
CORE C1_FINAL ElapsedMs=140389.918 Actor=PC_Hero Generation=240 Status=PERSISTED SourceCount=1 PhysicalChanged=0 Source[0]=It_1H_Sword_Rust_01 Side=RIGHT Outstanding=0 Cleanup=0 Outcome=NO_OP_NO_OUTSTANDING
CORE COLLISION_GROUP ElapsedMs=140397.081 Source=It_1H_Sword_Rust_01 UseType=2 Owner=PC_Hero Slot=RIGHT Requested=7 Before=5 After=7 MarkerBitsRetired=0
CORE C1_START ElapsedMs=140397.108 Actor=PC_Hero Generation=243 Status=OUTER_BOUND Outstanding=0 TrackedSources=1 ReplacedGeneration=0 ReplacedOutstanding=0 Source[0]=It_1H_Sword_Rust_01 Side=RIGHT Group=7
CORE C1_BIND ElapsedMs=140397.114 Event=PRECOMBAT_ACQUIRED Actor=PC_Hero Generation=243 Status=OUTER_BOUND Outstanding=0 Source=It_1H_Sword_Rust_01 Script=_AI_GetUpAttack
CORE C1 OFFENSE REQUEST ElapsedMs=140397.117 Actor=PC_Hero Generation=243 Status=OUTER_BOUND Source=It_1H_Sword_Rust_01 Side=RIGHT Requests=1 Outstanding=1 CleanupObserved=0 Group=7
CORE C1_BIND ElapsedMs=140397.133 Event=PRECOMBAT_BRIDGE_CONSUMED Actor=PC_Hero Generation=243 Status=PERSISTED Outstanding=1 Source=<null> Script=_AI_GetUpAttack
CORE COLLISION_GROUP ElapsedMs=140487.983 Source=It_1H_Sword_Rust_01 UseType=2 Owner=PC_Hero Slot=RIGHT Requested=7 Before=7 After=7 MarkerBitsRetired=0
CORE C1 OFFENSE REQUEST ElapsedMs=140488.011 Actor=PC_Hero Generation=243 Status=PERSISTED Source=It_1H_Sword_Rust_01 Side=RIGHT Requests=2 Outstanding=1 CleanupObserved=0 Group=7
CORE ONDAMAGE_CAP ElapsedMs=140574.900 LoggedEntryCap=64 FurtherEntriesSuppressed=1
CORE C1_START ElapsedMs=140577.978 Actor=Golem Generation=244 Status=CANDIDATE Outstanding=0 TrackedSources=1 ReplacedGeneration=242 ReplacedOutstanding=0 Source[0]=Fist Side=RIGHT Group=0
CORE C1_BIND ElapsedMs=140577.989 Event=COMBAT_MOVE_CANDIDATE_BOUND Actor=Golem Generation=244 Status=CANDIDATE Outstanding=0 Source=<null> Script=_AI_Stumble
CORE C1_STATUS ElapsedMs=140578.050 Event=PERSISTED Actor=Golem Generation=244 Status=PERSISTED Outstanding=0
CORE COLLISION_GROUP ElapsedMs=140756.675 Source=It_1H_Sword_Rust_01 UseType=2 Owner=PC_Hero Slot=RIGHT Requested=5 Before=7 After=5 MarkerBitsRetired=0
CORE C1 CLEANUP FULFILLED ElapsedMs=140756.696 Actor=PC_Hero Generation=243 Status=PERSISTED Source=It_1H_Sword_Rust_01 Side=RIGHT Requests=2 Outstanding=0 CleanupObserved=1 Group=5
CORE C1_FINAL ElapsedMs=140756.728 Actor=PC_Hero Generation=243 Status=PERSISTED SourceCount=1 PhysicalChanged=0 Source[0]=It_1H_Sword_Rust_01 Side=RIGHT Outstanding=0 Cleanup=1 Outcome=NO_OP_NO_OUTSTANDING
CORE C1_FINAL ElapsedMs=140904.691 Actor=Golem Generation=244 Status=PERSISTED SourceCount=1 PhysicalChanged=0 Source[0]=Fist Side=RIGHT Outstanding=0 Cleanup=0 Outcome=NO_OP_NO_OUTSTANDING
CORE C1_START ElapsedMs=141189.157 Actor=PC_Hero Generation=245 Status=CANDIDATE Outstanding=0 TrackedSources=1 ReplacedGeneration=0 ReplacedOutstanding=0 Source[0]=It_1H_Sword_Rust_01 Side=RIGHT Group=5
CORE C1_BIND ElapsedMs=141189.169 Event=COMBAT_MOVE_CANDIDATE_BOUND Actor=PC_Hero Generation=245 Status=CANDIDATE Outstanding=0 Source=<null> Script=_AI_Attack
CORE C1_STATUS ElapsedMs=141189.289 Event=PERSISTED Actor=PC_Hero Generation=245 Status=PERSISTED Outstanding=0
CORE ATTACK_OWNERSHIP ElapsedMs=141189.306 Actor=PC_Hero Family=NORMAL Action=1 Phase=1 Motion=Hero_Stand_None_1H_P1_Attack_Hit_N_Fwd_00_%_00_P2_119_L.xmot MarkerPresent=1 RequiredMask=1 FistMarkers=0 Raw8Fist=<none> Raw8UseType=-1 SuppressNative=1 Classification=ROUTINE
CORE C1_START ElapsedMs=141300.713 Actor=Golem Generation=246 Status=CANDIDATE Outstanding=0 TrackedSources=1 ReplacedGeneration=0 ReplacedOutstanding=0 Source[0]=Fist Side=RIGHT Group=0
CORE C1_BIND ElapsedMs=141300.724 Event=COMBAT_MOVE_CANDIDATE_BOUND Actor=Golem Generation=246 Status=CANDIDATE Outstanding=0 Source=<null> Script=_AI_JumpBack
CORE C1_STATUS ElapsedMs=141300.778 Event=PERSISTED Actor=Golem Generation=246 Status=PERSISTED Outstanding=0
CORE COLLISION_GROUP ElapsedMs=141426.194 Source=It_1H_Sword_Rust_01 UseType=2 Owner=PC_Hero Slot=RIGHT Requested=7 Before=5 After=7 MarkerBitsRetired=0
CORE C1 OFFENSE REQUEST ElapsedMs=141426.226 Actor=PC_Hero Generation=245 Status=PERSISTED Source=It_1H_Sword_Rust_01 Side=RIGHT Requests=1 Outstanding=1 CleanupObserved=0 Group=7
CORE MARKER ElapsedMs=141426.241 Actor=PC_Hero Action=1 Family=NORMAL Phase=1 Motion=Hero_Stand_None_1H_P1_Attack_Hit_N_Fwd_00_%_00_P2_119_L.xmot Marker=RIGHT Result=ACCEPTED C1Valid=1 C1=245 StatePosition=0 PreviousMask=0 DesiredMask=1 RetiredMask=0 OwnedMask=0 MarkerOwnedMask=1 Activated=1 Deactivated=0 Retired=0 RearmRequests=1 Clears=1 RightUseType=2
CORE C1_START ElapsedMs=141484.905 Actor=Golem Generation=247 Status=CANDIDATE Outstanding=0 TrackedSources=1 ReplacedGeneration=246 ReplacedOutstanding=0 Source[0]=Fist Side=RIGHT Group=0
CORE C1_BIND ElapsedMs=141484.929 Event=COMBAT_MOVE_CANDIDATE_BOUND Actor=Golem Generation=247 Status=CANDIDATE Outstanding=0 Source=<null> Script=_AI_Stumble
CORE C1_STATUS ElapsedMs=141484.990 Event=PERSISTED Actor=Golem Generation=247 Status=PERSISTED Outstanding=0
CORE COLLISION_GROUP ElapsedMs=141670.261 Source=It_1H_Sword_Rust_01 UseType=2 Owner=PC_Hero Slot=RIGHT Requested=5 Before=7 After=5 MarkerBitsRetired=1
CORE C1 CLEANUP FULFILLED ElapsedMs=141670.293 Actor=PC_Hero Generation=245 Status=PERSISTED Source=It_1H_Sword_Rust_01 Side=RIGHT Requests=1 Outstanding=0 CleanupObserved=1 Group=5
CORE C1_FINAL ElapsedMs=141670.343 Actor=PC_Hero Generation=245 Status=PERSISTED SourceCount=1 PhysicalChanged=0 Source[0]=It_1H_Sword_Rust_01 Side=RIGHT Outstanding=0 Cleanup=1 Outcome=NO_OP_NO_OUTSTANDING
CORE C1_START ElapsedMs=141798.569 Actor=PC_Hero Generation=248 Status=CANDIDATE Outstanding=0 TrackedSources=1 ReplacedGeneration=0 ReplacedOutstanding=0 Source[0]=It_1H_Sword_Rust_01 Side=RIGHT Group=5
CORE C1_BIND ElapsedMs=141798.581 Event=COMBAT_MOVE_CANDIDATE_BOUND Actor=PC_Hero Generation=248 Status=CANDIDATE Outstanding=0 Source=<null> Script=_AI_Attack
CORE C1_STATUS ElapsedMs=141798.645 Event=PERSISTED Actor=PC_Hero Generation=248 Status=PERSISTED Outstanding=0
CORE ATTACK_OWNERSHIP ElapsedMs=141798.661 Actor=PC_Hero Family=NORMAL Action=1 Phase=1 Motion=Hero_Stand_None_1H_P2_Attack_Hit_N_Fwd_00_%_00_P3_115_R.xmot MarkerPresent=1 RequiredMask=1 FistMarkers=0 Raw8Fist=<none> Raw8UseType=-1 SuppressNative=1 Classification=ROUTINE
CORE C1_FINAL ElapsedMs=141819.517 Actor=Golem Generation=247 Status=PERSISTED SourceCount=1 PhysicalChanged=0 Source[0]=Fist Side=RIGHT Outstanding=0 Cleanup=0 Outcome=NO_OP_NO_OUTSTANDING
CORE C1_START ElapsedMs=141912.088 Actor=Golem Generation=249 Status=CANDIDATE Outstanding=0 TrackedSources=1 ReplacedGeneration=0 ReplacedOutstanding=0 Source[0]=Fist Side=RIGHT Group=0
CORE C1_BIND ElapsedMs=141912.100 Event=COMBAT_MOVE_CANDIDATE_BOUND Actor=Golem Generation=249 Status=CANDIDATE Outstanding=0 Source=<null> Script=_AI_PowerAttack
CORE C1_STATUS ElapsedMs=141912.158 Event=PERSISTED Actor=Golem Generation=249 Status=PERSISTED Outstanding=0
CORE COLLISION_GROUP ElapsedMs=142030.706 Source=It_1H_Sword_Rust_01 UseType=2 Owner=PC_Hero Slot=RIGHT Requested=7 Before=5 After=7 MarkerBitsRetired=0
CORE C1 OFFENSE REQUEST ElapsedMs=142030.735 Actor=PC_Hero Generation=248 Status=PERSISTED Source=It_1H_Sword_Rust_01 Side=RIGHT Requests=1 Outstanding=1 CleanupObserved=0 Group=7
CORE MARKER ElapsedMs=142030.747 Actor=PC_Hero Action=1 Family=NORMAL Phase=1 Motion=Hero_Stand_None_1H_P2_Attack_Hit_N_Fwd_00_%_00_P3_115_R.xmot Marker=RIGHT Result=ACCEPTED C1Valid=1 C1=248 StatePosition=0 PreviousMask=0 DesiredMask=1 RetiredMask=0 OwnedMask=0 MarkerOwnedMask=1 Activated=1 Deactivated=0 Retired=0 RearmRequests=1 Clears=1 RightUseType=2
CORE C1_BIND ElapsedMs=142227.109 Event=COMBAT_MOVE_REUSED Actor=Golem Generation=249 Status=PERSISTED Outstanding=0 Source=<null> Script=_AI_PowerAttack
CORE ATTACK_OWNERSHIP ElapsedMs=142227.187 Actor=Golem Family=SPRINT Action=9 Phase=1 Motion=Golem_Stand_None_Fist_P0_PowerAttack_Hit_N_Fwd_00_%_00_P0_100_R.xmot MarkerPresent=0 RequiredMask=0 FistMarkers=0 Raw8Fist=<none> Raw8UseType=-1 SuppressNative=0 Classification=ROUTINE
CORE COLLISION_GROUP ElapsedMs=142227.209 Source=Fist UseType=8 Owner=<unresolved> Slot=NONE Requested=7 Before=0 After=0 MarkerBitsRetired=0
CORE COLLISION_GROUP ElapsedMs=142275.291 Source=It_1H_Sword_Rust_01 UseType=2 Owner=PC_Hero Slot=RIGHT Requested=5 Before=7 After=5 MarkerBitsRetired=1
CORE C1 CLEANUP FULFILLED ElapsedMs=142275.318 Actor=PC_Hero Generation=248 Status=PERSISTED Source=It_1H_Sword_Rust_01 Side=RIGHT Requests=1 Outstanding=0 CleanupObserved=1 Group=5
CORE C1_FINAL ElapsedMs=142275.338 Actor=PC_Hero Generation=248 Status=PERSISTED SourceCount=1 PhysicalChanged=0 Source[0]=It_1H_Sword_Rust_01 Side=RIGHT Outstanding=0 Cleanup=1 Outcome=NO_OP_NO_OUTSTANDING
CORE C1_START ElapsedMs=142382.519 Actor=PC_Hero Generation=250 Status=CANDIDATE Outstanding=0 TrackedSources=1 ReplacedGeneration=0 ReplacedOutstanding=0 Source[0]=It_1H_Sword_Rust_01 Side=RIGHT Group=5
CORE C1_STATUS ElapsedMs=142382.580 Event=PERSISTED Actor=PC_Hero Generation=250 Status=PERSISTED Outstanding=0
CORE C1_FINAL ElapsedMs=142471.925 Actor=Golem Generation=249 Status=PERSISTED SourceCount=1 PhysicalChanged=0 Source[0]=Fist Side=RIGHT Outstanding=0 Cleanup=0 Outcome=NO_OP_NO_OUTSTANDING
CORE C1_START ElapsedMs=143721.987 Actor=Golem Generation=251 Status=CANDIDATE Outstanding=0 TrackedSources=1 ReplacedGeneration=0 ReplacedOutstanding=0 Source[0]=Fist Side=RIGHT Group=0
CORE C1_BIND ElapsedMs=143721.999 Event=COMBAT_MOVE_CANDIDATE_BOUND Actor=Golem Generation=251 Status=CANDIDATE Outstanding=0 Source=<null> Script=_AI_Attack
CORE C1_STATUS ElapsedMs=143722.055 Event=PERSISTED Actor=Golem Generation=251 Status=PERSISTED Outstanding=0
CORE ATTACK_OWNERSHIP ElapsedMs=143722.071 Actor=Golem Family=NORMAL Action=1 Phase=1 Motion=Golem_Stand_None_Fist_P0_Attack_Hit_N_Fwd_00_%_00_P0_100_R.xmot MarkerPresent=0 RequiredMask=0 FistMarkers=0 Raw8Fist=<none> Raw8UseType=-1 SuppressNative=0 Classification=ROUTINE
CORE COLLISION_GROUP ElapsedMs=143951.538 Source=Fist UseType=8 Owner=<unresolved> Slot=NONE Requested=7 Before=0 After=0 MarkerBitsRetired=0
CORE C1_FINAL ElapsedMs=144089.087 Actor=Golem Generation=251 Status=PERSISTED SourceCount=1 PhysicalChanged=0 Source[0]=Fist Side=RIGHT Outstanding=0 Cleanup=0 Outcome=NO_OP_NO_OUTSTANDING
CORE C1_START ElapsedMs=144098.494 Actor=Golem Generation=252 Status=CANDIDATE Outstanding=0 TrackedSources=1 ReplacedGeneration=0 ReplacedOutstanding=0 Source[0]=Fist Side=RIGHT Group=0
CORE C1_BIND ElapsedMs=144098.506 Event=COMBAT_MOVE_CANDIDATE_BOUND Actor=Golem Generation=252 Status=CANDIDATE Outstanding=0 Source=<null> Script=_AI_JumpBack
CORE C1_STATUS ElapsedMs=144098.568 Event=PERSISTED Actor=Golem Generation=252 Status=PERSISTED Outstanding=0
CORE C1_FINAL ElapsedMs=144187.141 Actor=PC_Hero Generation=250 Status=PERSISTED SourceCount=1 PhysicalChanged=0 Source[0]=It_1H_Sword_Rust_01 Side=RIGHT Outstanding=0 Cleanup=0 Outcome=NO_OP_NO_OUTSTANDING
CORE COLLISION_GROUP ElapsedMs=144195.837 Source=It_1H_Sword_Rust_01 UseType=2 Owner=PC_Hero Slot=RIGHT Requested=7 Before=5 After=7 MarkerBitsRetired=0
CORE C1_START ElapsedMs=144195.864 Actor=PC_Hero Generation=253 Status=OUTER_BOUND Outstanding=0 TrackedSources=1 ReplacedGeneration=0 ReplacedOutstanding=0 Source[0]=It_1H_Sword_Rust_01 Side=RIGHT Group=7
CORE C1_BIND ElapsedMs=144195.871 Event=PRECOMBAT_ACQUIRED Actor=PC_Hero Generation=253 Status=OUTER_BOUND Outstanding=0 Source=It_1H_Sword_Rust_01 Script=_AI_GetUpAttack
CORE C1 OFFENSE REQUEST ElapsedMs=144195.875 Actor=PC_Hero Generation=253 Status=OUTER_BOUND Source=It_1H_Sword_Rust_01 Side=RIGHT Requests=1 Outstanding=1 CleanupObserved=0 Group=7
CORE C1_BIND ElapsedMs=144195.892 Event=PRECOMBAT_BRIDGE_CONSUMED Actor=PC_Hero Generation=253 Status=PERSISTED Outstanding=1 Source=<null> Script=_AI_GetUpAttack
CORE COLLISION_GROUP ElapsedMs=144285.929 Source=It_1H_Sword_Rust_01 UseType=2 Owner=PC_Hero Slot=RIGHT Requested=7 Before=7 After=7 MarkerBitsRetired=0
CORE C1 OFFENSE REQUEST ElapsedMs=144285.968 Actor=PC_Hero Generation=253 Status=PERSISTED Source=It_1H_Sword_Rust_01 Side=RIGHT Requests=2 Outstanding=1 CleanupObserved=0 Group=7
CORE C1_START ElapsedMs=144399.870 Actor=Golem Generation=254 Status=CANDIDATE Outstanding=0 TrackedSources=1 ReplacedGeneration=252 ReplacedOutstanding=0 Source[0]=Fist Side=RIGHT Group=0
CORE C1_BIND ElapsedMs=144399.882 Event=COMBAT_MOVE_CANDIDATE_BOUND Actor=Golem Generation=254 Status=CANDIDATE Outstanding=0 Source=<null> Script=_AI_Stumble
CORE C1_STATUS ElapsedMs=144399.948 Event=PERSISTED Actor=Golem Generation=254 Status=PERSISTED Outstanding=0
CORE COLLISION_GROUP ElapsedMs=144561.850 Source=It_1H_Sword_Rust_01 UseType=2 Owner=PC_Hero Slot=RIGHT Requested=5 Before=7 After=5 MarkerBitsRetired=0
CORE C1 CLEANUP FULFILLED ElapsedMs=144561.879 Actor=PC_Hero Generation=253 Status=PERSISTED Source=It_1H_Sword_Rust_01 Side=RIGHT Requests=2 Outstanding=0 CleanupObserved=1 Group=5
CORE C1_FINAL ElapsedMs=144561.911 Actor=PC_Hero Generation=253 Status=PERSISTED SourceCount=1 PhysicalChanged=0 Source[0]=It_1H_Sword_Rust_01 Side=RIGHT Outstanding=0 Cleanup=1 Outcome=NO_OP_NO_OUTSTANDING
CORE C1_FINAL ElapsedMs=144737.108 Actor=Golem Generation=254 Status=PERSISTED SourceCount=1 PhysicalChanged=0 Source[0]=Fist Side=RIGHT Outstanding=0 Cleanup=0 Outcome=NO_OP_NO_OUTSTANDING
CORE C1_START ElapsedMs=144843.535 Actor=PC_Hero Generation=255 Status=CANDIDATE Outstanding=0 TrackedSources=1 ReplacedGeneration=0 ReplacedOutstanding=0 Source[0]=It_1H_Sword_Rust_01 Side=RIGHT Group=5
CORE C1_BIND ElapsedMs=144843.547 Event=COMBAT_MOVE_CANDIDATE_BOUND Actor=PC_Hero Generation=255 Status=CANDIDATE Outstanding=0 Source=<null> Script=_AI_Parade
CORE C1_STATUS ElapsedMs=144843.885 Event=PERSISTED Actor=PC_Hero Generation=255 Status=PERSISTED Outstanding=0
CORE C1_FINAL ElapsedMs=144863.686 Actor=PC_Hero Generation=255 Status=PERSISTED SourceCount=1 PhysicalChanged=0 Source[0]=It_1H_Sword_Rust_01 Side=RIGHT Outstanding=0 Cleanup=0 Outcome=NO_OP_NO_OUTSTANDING
CORE C1_START ElapsedMs=144867.374 Actor=PC_Hero Generation=256 Status=CANDIDATE Outstanding=0 TrackedSources=1 ReplacedGeneration=0 ReplacedOutstanding=0 Source[0]=It_1H_Sword_Rust_01 Side=RIGHT Group=5
CORE C1_BIND ElapsedMs=144867.419 Event=COMBAT_MOVE_CANDIDATE_BOUND Actor=PC_Hero Generation=256 Status=CANDIDATE Outstanding=0 Source=<null> Script=_AI_QuickAttack
CORE C1_STATUS ElapsedMs=144867.821 Event=PERSISTED Actor=PC_Hero Generation=256 Status=PERSISTED Outstanding=0
CORE ATTACK_OWNERSHIP ElapsedMs=144867.843 Actor=PC_Hero Family=QUICK Action=5 Phase=1 Motion=Hero_Stand_None_1H_P1_QuickAttackL_Hit_N_Fwd_00_%_00_P50_100_L.xmot MarkerPresent=1 RequiredMask=1 FistMarkers=0 Raw8Fist=<none> Raw8UseType=-1 SuppressNative=1 Classification=ROUTINE
CORE COLLISION_GROUP ElapsedMs=145047.165 Source=It_1H_Sword_Rust_01 UseType=2 Owner=PC_Hero Slot=RIGHT Requested=7 Before=5 After=7 MarkerBitsRetired=0
CORE C1 OFFENSE REQUEST ElapsedMs=145047.193 Actor=PC_Hero Generation=256 Status=PERSISTED Source=It_1H_Sword_Rust_01 Side=RIGHT Requests=1 Outstanding=1 CleanupObserved=0 Group=7
CORE MARKER ElapsedMs=145047.206 Actor=PC_Hero Action=5 Family=QUICK Phase=1 Motion=Hero_Stand_None_1H_P1_QuickAttackL_Hit_N_Fwd_00_%_00_P50_100_L.xmot Marker=RIGHT Result=ACCEPTED C1Valid=1 C1=256 StatePosition=1 PreviousMask=0 DesiredMask=1 RetiredMask=0 OwnedMask=0 MarkerOwnedMask=1 Activated=1 Deactivated=0 Retired=0 RearmRequests=1 Clears=1 RightUseType=2
CORE C1_START ElapsedMs=145084.184 Actor=Golem Generation=257 Status=CANDIDATE Outstanding=0 TrackedSources=1 ReplacedGeneration=0 ReplacedOutstanding=0 Source[0]=Fist Side=RIGHT Group=0
CORE C1_BIND ElapsedMs=145084.196 Event=COMBAT_MOVE_CANDIDATE_BOUND Actor=Golem Generation=257 Status=CANDIDATE Outstanding=0 Source=<null> Script=_AI_JumpBack
CORE C1_STATUS ElapsedMs=145084.252 Event=PERSISTED Actor=Golem Generation=257 Status=PERSISTED Outstanding=0
CORE C1_START ElapsedMs=145094.544 Actor=Golem Generation=258 Status=CANDIDATE Outstanding=0 TrackedSources=1 ReplacedGeneration=257 ReplacedOutstanding=0 Source[0]=Fist Side=RIGHT Group=0
CORE C1_BIND ElapsedMs=145094.556 Event=COMBAT_MOVE_CANDIDATE_BOUND Actor=Golem Generation=258 Status=CANDIDATE Outstanding=0 Source=<null> Script=_AI_Stumble
CORE C1_STATUS ElapsedMs=145094.619 Event=PERSISTED Actor=Golem Generation=258 Status=PERSISTED Outstanding=0
CORE COLLISION_GROUP ElapsedMs=145241.092 Source=It_1H_Sword_Rust_01 UseType=2 Owner=PC_Hero Slot=RIGHT Requested=5 Before=7 After=5 MarkerBitsRetired=1
CORE C1 CLEANUP FULFILLED ElapsedMs=145241.112 Actor=PC_Hero Generation=256 Status=PERSISTED Source=It_1H_Sword_Rust_01 Side=RIGHT Requests=1 Outstanding=0 CleanupObserved=1 Group=5
CORE C1_FINAL ElapsedMs=145329.820 Actor=PC_Hero Generation=256 Status=PERSISTED SourceCount=1 PhysicalChanged=0 Source[0]=It_1H_Sword_Rust_01 Side=RIGHT Outstanding=0 Cleanup=1 Outcome=NO_OP_NO_OUTSTANDING
CORE C1_FINAL ElapsedMs=145430.380 Actor=Golem Generation=258 Status=PERSISTED SourceCount=1 PhysicalChanged=0 Source[0]=Fist Side=RIGHT Outstanding=0 Cleanup=0 Outcome=NO_OP_NO_OUTSTANDING
CORE C1_START ElapsedMs=145508.948 Actor=PC_Hero Generation=259 Status=CANDIDATE Outstanding=0 TrackedSources=1 ReplacedGeneration=0 ReplacedOutstanding=0 Source[0]=It_1H_Sword_Rust_01 Side=RIGHT Group=5
CORE C1_BIND ElapsedMs=145508.960 Event=COMBAT_MOVE_CANDIDATE_BOUND Actor=PC_Hero Generation=259 Status=CANDIDATE Outstanding=0 Source=<null> Script=_AI_QuickAttack
CORE C1_STATUS ElapsedMs=145509.063 Event=PERSISTED Actor=PC_Hero Generation=259 Status=PERSISTED Outstanding=0
CORE ATTACK_OWNERSHIP ElapsedMs=145509.078 Actor=PC_Hero Family=QUICK Action=4 Phase=1 Motion=Hero_Stand_None_1H_P0_QuickAttackR_Hit_N_Fwd_00_%_00_P0_100_R.xmot MarkerPresent=1 RequiredMask=1 FistMarkers=0 Raw8Fist=<none> Raw8UseType=-1 SuppressNative=1 Classification=ROUTINE
CORE COLLISION_GROUP ElapsedMs=145689.629 Source=It_1H_Sword_Rust_01 UseType=2 Owner=PC_Hero Slot=RIGHT Requested=7 Before=5 After=7 MarkerBitsRetired=0
CORE C1 OFFENSE REQUEST ElapsedMs=145689.657 Actor=PC_Hero Generation=259 Status=PERSISTED Source=It_1H_Sword_Rust_01 Side=RIGHT Requests=1 Outstanding=1 CleanupObserved=0 Group=7
CORE MARKER ElapsedMs=145689.670 Actor=PC_Hero Action=4 Family=QUICK Phase=1 Motion=Hero_Stand_None_1H_P0_QuickAttackR_Hit_N_Fwd_00_%_00_P0_100_R.xmot Marker=RIGHT Result=ACCEPTED C1Valid=1 C1=259 StatePosition=1 PreviousMask=0 DesiredMask=1 RetiredMask=0 OwnedMask=0 MarkerOwnedMask=1 Activated=1 Deactivated=0 Retired=0 RearmRequests=1 Clears=1 RightUseType=2
CORE C1_START ElapsedMs=145737.601 Actor=Golem Generation=260 Status=CANDIDATE Outstanding=0 TrackedSources=1 ReplacedGeneration=0 ReplacedOutstanding=0 Source[0]=Fist Side=RIGHT Group=0
CORE C1_BIND ElapsedMs=145737.613 Event=COMBAT_MOVE_CANDIDATE_BOUND Actor=Golem Generation=260 Status=CANDIDATE Outstanding=0 Source=<null> Script=_AI_Stumble
CORE C1_STATUS ElapsedMs=145737.667 Event=PERSISTED Actor=Golem Generation=260 Status=PERSISTED Outstanding=0
CORE COLLISION_GROUP ElapsedMs=145879.086 Source=It_1H_Sword_Rust_01 UseType=2 Owner=PC_Hero Slot=RIGHT Requested=5 Before=7 After=5 MarkerBitsRetired=1
CORE C1 CLEANUP FULFILLED ElapsedMs=145879.116 Actor=PC_Hero Generation=259 Status=PERSISTED Source=It_1H_Sword_Rust_01 Side=RIGHT Requests=1 Outstanding=0 CleanupObserved=1 Group=5
CORE C1_FINAL ElapsedMs=145972.275 Actor=PC_Hero Generation=259 Status=PERSISTED SourceCount=1 PhysicalChanged=0 Source[0]=It_1H_Sword_Rust_01 Side=RIGHT Outstanding=0 Cleanup=1 Outcome=NO_OP_NO_OUTSTANDING
CORE C1_START ElapsedMs=146068.103 Actor=PC_Hero Generation=261 Status=CANDIDATE Outstanding=0 TrackedSources=1 ReplacedGeneration=0 ReplacedOutstanding=0 Source[0]=It_1H_Sword_Rust_01 Side=RIGHT Group=5
CORE C1_BIND ElapsedMs=146068.119 Event=COMBAT_MOVE_CANDIDATE_BOUND Actor=PC_Hero Generation=261 Status=CANDIDATE Outstanding=0 Source=<null> Script=_AI_Attack
CORE C1_STATUS ElapsedMs=146068.185 Event=PERSISTED Actor=PC_Hero Generation=261 Status=PERSISTED Outstanding=0
CORE ATTACK_OWNERSHIP ElapsedMs=146068.202 Actor=PC_Hero Family=NORMAL Action=1 Phase=1 Motion=Hero_Stand_None_1H_P0_Attack_Hit_N_Fwd_00_%_00_P1_118_R.xmot MarkerPresent=1 RequiredMask=1 FistMarkers=0 Raw8Fist=<none> Raw8UseType=-1 SuppressNative=1 Classification=ROUTINE
CORE C1_FINAL ElapsedMs=146075.909 Actor=Golem Generation=260 Status=PERSISTED SourceCount=1 PhysicalChanged=0 Source[0]=Fist Side=RIGHT Outstanding=0 Cleanup=0 Outcome=NO_OP_NO_OUTSTANDING
CORE C1_START ElapsedMs=146172.572 Actor=Golem Generation=262 Status=CANDIDATE Outstanding=0 TrackedSources=1 ReplacedGeneration=0 ReplacedOutstanding=0 Source[0]=Fist Side=RIGHT Group=0
CORE C1_BIND ElapsedMs=146172.584 Event=COMBAT_MOVE_CANDIDATE_BOUND Actor=Golem Generation=262 Status=CANDIDATE Outstanding=0 Source=<null> Script=_AI_PowerAttack
CORE C1_STATUS ElapsedMs=146172.636 Event=PERSISTED Actor=Golem Generation=262 Status=PERSISTED Outstanding=0
CORE COLLISION_GROUP ElapsedMs=146305.531 Source=It_1H_Sword_Rust_01 UseType=2 Owner=PC_Hero Slot=RIGHT Requested=7 Before=5 After=7 MarkerBitsRetired=0
CORE C1 OFFENSE REQUEST ElapsedMs=146305.560 Actor=PC_Hero Generation=261 Status=PERSISTED Source=It_1H_Sword_Rust_01 Side=RIGHT Requests=1 Outstanding=1 CleanupObserved=0 Group=7
CORE MARKER ElapsedMs=146305.573 Actor=PC_Hero Action=1 Family=NORMAL Phase=1 Motion=Hero_Stand_None_1H_P0_Attack_Hit_N_Fwd_00_%_00_P1_118_R.xmot Marker=RIGHT Result=ACCEPTED C1Valid=1 C1=261 StatePosition=0 PreviousMask=0 DesiredMask=1 RetiredMask=0 OwnedMask=0 MarkerOwnedMask=1 Activated=1 Deactivated=0 Retired=0 RearmRequests=1 Clears=1 RightUseType=2
CORE C1_BIND ElapsedMs=146493.930 Event=COMBAT_MOVE_REUSED Actor=Golem Generation=262 Status=PERSISTED Outstanding=0 Source=<null> Script=_AI_PowerAttack
CORE ATTACK_OWNERSHIP ElapsedMs=146494.005 Actor=Golem Family=SPRINT Action=9 Phase=1 Motion=Golem_Stand_None_Fist_P0_PowerAttack_Hit_N_Fwd_00_%_00_P0_100_R.xmot MarkerPresent=0 RequiredMask=0 FistMarkers=0 Raw8Fist=<none> Raw8UseType=-1 SuppressNative=0 Classification=ROUTINE
CORE COLLISION_GROUP ElapsedMs=146494.022 Source=Fist UseType=8 Owner=<unresolved> Slot=NONE Requested=7 Before=0 After=0 MarkerBitsRetired=0
CORE COLLISION_GROUP ElapsedMs=146557.182 Source=It_1H_Sword_Rust_01 UseType=2 Owner=PC_Hero Slot=RIGHT Requested=5 Before=7 After=5 MarkerBitsRetired=1
CORE C1 CLEANUP FULFILLED ElapsedMs=146557.224 Actor=PC_Hero Generation=261 Status=PERSISTED Source=It_1H_Sword_Rust_01 Side=RIGHT Requests=1 Outstanding=0 CleanupObserved=1 Group=5
CORE C1_FINAL ElapsedMs=146557.250 Actor=PC_Hero Generation=261 Status=PERSISTED SourceCount=1 PhysicalChanged=0 Source[0]=It_1H_Sword_Rust_01 Side=RIGHT Outstanding=0 Cleanup=1 Outcome=NO_OP_NO_OUTSTANDING
CORE C1_START ElapsedMs=146645.060 Actor=PC_Hero Generation=263 Status=CANDIDATE Outstanding=0 TrackedSources=1 ReplacedGeneration=0 ReplacedOutstanding=0 Source[0]=It_1H_Sword_Rust_01 Side=RIGHT Group=5
CORE C1_STATUS ElapsedMs=146645.122 Event=PERSISTED Actor=PC_Hero Generation=263 Status=PERSISTED Outstanding=0
CORE C1_FINAL ElapsedMs=146745.395 Actor=Golem Generation=262 Status=PERSISTED SourceCount=1 PhysicalChanged=0 Source[0]=Fist Side=RIGHT Outstanding=0 Cleanup=0 Outcome=NO_OP_NO_OUTSTANDING
CORE C1_START ElapsedMs=147970.657 Actor=Golem Generation=264 Status=CANDIDATE Outstanding=0 TrackedSources=1 ReplacedGeneration=0 ReplacedOutstanding=0 Source[0]=Fist Side=RIGHT Group=0
CORE C1_BIND ElapsedMs=147970.669 Event=COMBAT_MOVE_CANDIDATE_BOUND Actor=Golem Generation=264 Status=CANDIDATE Outstanding=0 Source=<null> Script=_AI_Attack
CORE C1_STATUS ElapsedMs=147970.723 Event=PERSISTED Actor=Golem Generation=264 Status=PERSISTED Outstanding=0
CORE ATTACK_OWNERSHIP ElapsedMs=147970.738 Actor=Golem Family=NORMAL Action=1 Phase=1 Motion=Golem_Stand_None_Fist_P0_Attack_Hit_N_Fwd_00_%_00_P0_100_R.xmot MarkerPresent=0 RequiredMask=0 FistMarkers=0 Raw8Fist=<none> Raw8UseType=-1 SuppressNative=0 Classification=ROUTINE
CORE COLLISION_GROUP ElapsedMs=148203.922 Source=Fist UseType=8 Owner=<unresolved> Slot=NONE Requested=7 Before=0 After=0 MarkerBitsRetired=0
CORE C1_FINAL ElapsedMs=148333.215 Actor=Golem Generation=264 Status=PERSISTED SourceCount=1 PhysicalChanged=0 Source[0]=Fist Side=RIGHT Outstanding=0 Cleanup=0 Outcome=NO_OP_NO_OUTSTANDING
CORE C1_START ElapsedMs=148341.438 Actor=Golem Generation=265 Status=CANDIDATE Outstanding=0 TrackedSources=1 ReplacedGeneration=0 ReplacedOutstanding=0 Source[0]=Fist Side=RIGHT Group=0
CORE C1_BIND ElapsedMs=148341.450 Event=COMBAT_MOVE_CANDIDATE_BOUND Actor=Golem Generation=265 Status=CANDIDATE Outstanding=0 Source=<null> Script=_AI_JumpBack
CORE C1_STATUS ElapsedMs=148341.518 Event=PERSISTED Actor=Golem Generation=265 Status=PERSISTED Outstanding=0
CORE C1_FINAL ElapsedMs=148474.722 Actor=PC_Hero Generation=263 Status=PERSISTED SourceCount=1 PhysicalChanged=0 Source[0]=It_1H_Sword_Rust_01 Side=RIGHT Outstanding=0 Cleanup=0 Outcome=NO_OP_NO_OUTSTANDING
CORE COLLISION_GROUP ElapsedMs=148482.911 Source=It_1H_Sword_Rust_01 UseType=2 Owner=PC_Hero Slot=RIGHT Requested=7 Before=5 After=7 MarkerBitsRetired=0
CORE C1_START ElapsedMs=148482.939 Actor=PC_Hero Generation=266 Status=OUTER_BOUND Outstanding=0 TrackedSources=1 ReplacedGeneration=0 ReplacedOutstanding=0 Source[0]=It_1H_Sword_Rust_01 Side=RIGHT Group=7
CORE C1_BIND ElapsedMs=148482.945 Event=PRECOMBAT_ACQUIRED Actor=PC_Hero Generation=266 Status=OUTER_BOUND Outstanding=0 Source=It_1H_Sword_Rust_01 Script=_AI_GetUpAttack
CORE C1 OFFENSE REQUEST ElapsedMs=148482.950 Actor=PC_Hero Generation=266 Status=OUTER_BOUND Source=It_1H_Sword_Rust_01 Side=RIGHT Requests=1 Outstanding=1 CleanupObserved=0 Group=7
CORE C1_BIND ElapsedMs=148482.967 Event=PRECOMBAT_BRIDGE_CONSUMED Actor=PC_Hero Generation=266 Status=PERSISTED Outstanding=1 Source=<null> Script=_AI_GetUpAttack
CORE COLLISION_GROUP ElapsedMs=148575.667 Source=It_1H_Sword_Rust_01 UseType=2 Owner=PC_Hero Slot=RIGHT Requested=7 Before=7 After=7 MarkerBitsRetired=0
CORE C1 OFFENSE REQUEST ElapsedMs=148575.694 Actor=PC_Hero Generation=266 Status=PERSISTED Source=It_1H_Sword_Rust_01 Side=RIGHT Requests=2 Outstanding=1 CleanupObserved=0 Group=7
CORE C1_FINAL ElapsedMs=148702.519 Actor=Golem Generation=265 Status=PERSISTED SourceCount=1 PhysicalChanged=0 Source[0]=<not-live> Side=RIGHT Outstanding=0 Cleanup=0 Outcome=NO_OP_NO_OUTSTANDING
CORE COLLISION_GROUP ElapsedMs=148851.131 Source=It_1H_Sword_Rust_01 UseType=2 Owner=PC_Hero Slot=RIGHT Requested=5 Before=7 After=5 MarkerBitsRetired=0
CORE C1 CLEANUP FULFILLED ElapsedMs=148851.160 Actor=PC_Hero Generation=266 Status=PERSISTED Source=It_1H_Sword_Rust_01 Side=RIGHT Requests=2 Outstanding=0 CleanupObserved=1 Group=5
CORE C1_FINAL ElapsedMs=148851.192 Actor=PC_Hero Generation=266 Status=PERSISTED SourceCount=1 PhysicalChanged=0 Source[0]=It_1H_Sword_Rust_01 Side=RIGHT Outstanding=0 Cleanup=1 Outcome=NO_OP_NO_OUTSTANDING
Script_FrameCollisionTest unloading cleanly.
