Script_FrameCollisionTest diagnostic build loaded.
DiagnosticProfile: CORE
DeepDiagnostics: DISABLED
BehaviorCore: EngineBridge + FrameCollisionMarkers + CollisionSources + CollisionSourceOperations + CollisionLifecycleGuard + Raw8FistCollision + AttackMotionRouting + RuntimeClock
C1Repair: exact outstanding live equipped Item_Attack source -> Item_Equipped after native AISetState opportunity; no ClearTriggeredList.
MarkerFamilies: Normal Power Quick SimpleWhirl Whirl Pierce Hack Sprint
MarkerOpcodes: RIGHT LEFT BOTH OFF FIST
HACK_CALLBACK_IDENTITY TargetRVA=0x433D0 ExactlyOne=1 MatchCount=1 Name=OnAI_HackAttack Source=.\Script\AI\AI_Commands\AI_HackAttack.cpp
Installing behavior hooks...
Hooks installed.

CORE C1_START ElapsedMs=26106.303 Actor=Troll Generation=1 Status=CANDIDATE Outstanding=0 TrackedSources=2 ReplacedGeneration=0 ReplacedOutstanding=0 Source[0]=TrollFist Side=RIGHT Group=5 Source[1]=TrollFist Side=LEFT Group=5
CORE C1_BIND ElapsedMs=26106.323 Event=COMBAT_MOVE_CANDIDATE_BOUND Actor=Troll Generation=1 Status=CANDIDATE Outstanding=0 Source=<null> Script=_AI_QuickAttack
CORE C1_STATUS ElapsedMs=26108.129 Event=PERSISTED Actor=Troll Generation=1 Status=PERSISTED Outstanding=0
CORE ATTACK_OWNERSHIP ElapsedMs=26108.163 Actor=Troll Family=QUICK Action=4 Phase=1 Motion=Troll_Stand_Fist_Fist_P0_QuickAttackR_Hit_N_Fwd_00_%_00_P0_100.xmot MarkerPresent=0 RequiredMask=0 FistMarkers=0 Raw8Fist=<none> Raw8UseType=-1 SuppressNative=0 Classification=ROUTINE
CORE COLLISION_GROUP ElapsedMs=26208.395 Source=TrollFist UseType=55 Owner=Troll Slot=RIGHT Requested=7 Before=5 After=7 MarkerBitsRetired=0
CORE C1 OFFENSE REQUEST ElapsedMs=26208.422 Actor=Troll Generation=1 Status=PERSISTED Source=TrollFist Side=RIGHT Requests=1 Outstanding=1 CleanupObserved=0 Group=7
CORE ONDAMAGE ElapsedMs=26286.387 Ordinal=1 Target=PC_Hero Arg1=PC_Hero Arg2=PC_Hero Caller=Game.dll+0x00069484 PlayerAction=0 PlayerPhase=5 PlayerMotion=Hero_Stand_None_None_P0_Ambient_Loop_N_Fwd_02_%_00_P0_0.xmot Raw8Fist=<none> Raw8UseType=-1 Raw8Group=-1
CORE C1_START ElapsedMs=26294.934 Actor=PC_Hero Generation=2 Status=CANDIDATE Outstanding=0 TrackedSources=0 ReplacedGeneration=0 ReplacedOutstanding=0
CORE C1_BIND ElapsedMs=26294.944 Event=COMBAT_MOVE_CANDIDATE_BOUND Actor=PC_Hero Generation=2 Status=CANDIDATE Outstanding=0 Source=<null> Script=_AI_Stumble
CORE C1_STATUS ElapsedMs=26295.223 Event=PERSISTED Actor=PC_Hero Generation=2 Status=PERSISTED Outstanding=0
CORE C1_FINAL ElapsedMs=26569.768 Actor=PC_Hero Generation=2 Status=PERSISTED SourceCount=0 PhysicalChanged=0
CORE COLLISION_GROUP ElapsedMs=26818.516 Source=TrollFist UseType=55 Owner=Troll Slot=RIGHT Requested=5 Before=7 After=5 MarkerBitsRetired=0
CORE C1 CLEANUP FULFILLED ElapsedMs=26818.536 Actor=Troll Generation=1 Status=PERSISTED Source=TrollFist Side=RIGHT Requests=1 Outstanding=0 CleanupObserved=1 Group=5
CORE C1_FINAL ElapsedMs=26906.663 Actor=Troll Generation=1 Status=PERSISTED SourceCount=2 PhysicalChanged=0 Source[0]=TrollFist Side=RIGHT Outstanding=0 Cleanup=1 Outcome=NO_OP_NO_OUTSTANDING Source[1]=TrollFist Side=LEFT Outstanding=0 Cleanup=0 Outcome=NO_OP_NO_OUTSTANDING
CORE C1_START ElapsedMs=28083.816 Actor=Troll Generation=3 Status=CANDIDATE Outstanding=0 TrackedSources=2 ReplacedGeneration=0 ReplacedOutstanding=0 Source[0]=TrollFist Side=RIGHT Group=5 Source[1]=TrollFist Side=LEFT Group=5
CORE C1_BIND ElapsedMs=28083.830 Event=COMBAT_MOVE_CANDIDATE_BOUND Actor=Troll Generation=3 Status=CANDIDATE Outstanding=0 Source=<null> Script=_AI_QuickAttack
CORE C1_STATUS ElapsedMs=28085.640 Event=PERSISTED Actor=Troll Generation=3 Status=PERSISTED Outstanding=0
CORE ATTACK_OWNERSHIP ElapsedMs=28085.664 Actor=Troll Family=QUICK Action=5 Phase=1 Motion=Troll_Stand_Fist_Fist_P0_QuickAttackL_Hit_N_Fwd_00_%_00_P0_100.xmot MarkerPresent=0 RequiredMask=0 FistMarkers=0 Raw8Fist=<none> Raw8UseType=-1 SuppressNative=0 Classification=ROUTINE
CORE COLLISION_GROUP ElapsedMs=28175.790 Source=TrollFist UseType=55 Owner=Troll Slot=RIGHT Requested=7 Before=5 After=7 MarkerBitsRetired=0
CORE C1 OFFENSE REQUEST ElapsedMs=28175.872 Actor=Troll Generation=3 Status=PERSISTED Source=TrollFist Side=RIGHT Requests=1 Outstanding=1 CleanupObserved=0 Group=7
CORE ONDAMAGE ElapsedMs=28276.577 Ordinal=2 Target=PC_Hero Arg1=PC_Hero Arg2=PC_Hero Caller=Game.dll+0x00069484 PlayerAction=0 PlayerPhase=5 PlayerMotion=Hero_Stand_None_None_P0_Ambient_Loop_N_Fwd_01_%_00_P0_0.xmot Raw8Fist=<none> Raw8UseType=-1 Raw8Group=-1
CORE C1_START ElapsedMs=28286.006 Actor=PC_Hero Generation=4 Status=CANDIDATE Outstanding=0 TrackedSources=0 ReplacedGeneration=0 ReplacedOutstanding=0
CORE C1_BIND ElapsedMs=28286.016 Event=COMBAT_MOVE_CANDIDATE_BOUND Actor=PC_Hero Generation=4 Status=CANDIDATE Outstanding=0 Source=<null> Script=_AI_Stumble
CORE C1_STATUS ElapsedMs=28286.074 Event=PERSISTED Actor=PC_Hero Generation=4 Status=PERSISTED Outstanding=0
CORE C1_FINAL ElapsedMs=28572.971 Actor=PC_Hero Generation=4 Status=PERSISTED SourceCount=0 PhysicalChanged=0
CORE COLLISION_GROUP ElapsedMs=28812.199 Source=TrollFist UseType=55 Owner=Troll Slot=RIGHT Requested=5 Before=7 After=5 MarkerBitsRetired=0
CORE C1 CLEANUP FULFILLED ElapsedMs=28812.222 Actor=Troll Generation=3 Status=PERSISTED Source=TrollFist Side=RIGHT Requests=1 Outstanding=0 CleanupObserved=1 Group=5
CORE C1_FINAL ElapsedMs=28902.666 Actor=Troll Generation=3 Status=PERSISTED SourceCount=2 PhysicalChanged=0 Source[0]=TrollFist Side=RIGHT Outstanding=0 Cleanup=1 Outcome=NO_OP_NO_OUTSTANDING Source[1]=TrollFist Side=LEFT Outstanding=0 Cleanup=0 Outcome=NO_OP_NO_OUTSTANDING
CORE C1_START ElapsedMs=30134.885 Actor=Troll Generation=5 Status=CANDIDATE Outstanding=0 TrackedSources=2 ReplacedGeneration=0 ReplacedOutstanding=0 Source[0]=TrollFist Side=RIGHT Group=5 Source[1]=TrollFist Side=LEFT Group=5
CORE C1_BIND ElapsedMs=30134.897 Event=COMBAT_MOVE_CANDIDATE_BOUND Actor=Troll Generation=5 Status=CANDIDATE Outstanding=0 Source=<null> Script=_AI_QuickAttack
CORE C1_STATUS ElapsedMs=30135.104 Event=PERSISTED Actor=Troll Generation=5 Status=PERSISTED Outstanding=0
CORE ATTACK_OWNERSHIP ElapsedMs=30135.126 Actor=Troll Family=QUICK Action=4 Phase=1 Motion=Troll_Stand_Fist_Fist_P0_QuickAttackR_Hit_N_Fwd_00_%_00_P0_100.xmot MarkerPresent=0 RequiredMask=0 FistMarkers=0 Raw8Fist=<none> Raw8UseType=-1 SuppressNative=0 Classification=ROUTINE
CORE COLLISION_GROUP ElapsedMs=30225.922 Source=TrollFist UseType=55 Owner=Troll Slot=RIGHT Requested=7 Before=5 After=7 MarkerBitsRetired=0
CORE C1 OFFENSE REQUEST ElapsedMs=30225.951 Actor=Troll Generation=5 Status=PERSISTED Source=TrollFist Side=RIGHT Requests=1 Outstanding=1 CleanupObserved=0 Group=7
CORE ONDAMAGE ElapsedMs=30351.229 Ordinal=3 Target=PC_Hero Arg1=PC_Hero Arg2=PC_Hero Caller=Game.dll+0x00069484 PlayerAction=0 PlayerPhase=5 PlayerMotion=Hero_Stand_None_None_P0_Ambient_Loop_N_Fwd_01_%_00_P0_0.xmot Raw8Fist=<none> Raw8UseType=-1 Raw8Group=-1
CORE C1_START ElapsedMs=30358.840 Actor=PC_Hero Generation=6 Status=CANDIDATE Outstanding=0 TrackedSources=0 ReplacedGeneration=0 ReplacedOutstanding=0
CORE C1_BIND ElapsedMs=30358.850 Event=COMBAT_MOVE_CANDIDATE_BOUND Actor=PC_Hero Generation=6 Status=CANDIDATE Outstanding=0 Source=<null> Script=_AI_Stumble
CORE C1_STATUS ElapsedMs=30358.906 Event=PERSISTED Actor=PC_Hero Generation=6 Status=PERSISTED Outstanding=0
CORE C1_FINAL ElapsedMs=30648.462 Actor=PC_Hero Generation=6 Status=PERSISTED SourceCount=0 PhysicalChanged=0
CORE COLLISION_GROUP ElapsedMs=30866.096 Source=TrollFist UseType=55 Owner=Troll Slot=RIGHT Requested=5 Before=7 After=5 MarkerBitsRetired=0
CORE C1 CLEANUP FULFILLED ElapsedMs=30866.124 Actor=Troll Generation=5 Status=PERSISTED Source=TrollFist Side=RIGHT Requests=1 Outstanding=0 CleanupObserved=1 Group=5
CORE C1_FINAL ElapsedMs=30959.564 Actor=Troll Generation=5 Status=PERSISTED SourceCount=2 PhysicalChanged=0 Source[0]=TrollFist Side=RIGHT Outstanding=0 Cleanup=1 Outcome=NO_OP_NO_OUTSTANDING Source[1]=TrollFist Side=LEFT Outstanding=0 Cleanup=0 Outcome=NO_OP_NO_OUTSTANDING
CORE C1_START ElapsedMs=32189.536 Actor=Troll Generation=7 Status=CANDIDATE Outstanding=0 TrackedSources=2 ReplacedGeneration=0 ReplacedOutstanding=0 Source[0]=TrollFist Side=RIGHT Group=5 Source[1]=TrollFist Side=LEFT Group=5
CORE C1_BIND ElapsedMs=32189.549 Event=COMBAT_MOVE_CANDIDATE_BOUND Actor=Troll Generation=7 Status=CANDIDATE Outstanding=0 Source=<null> Script=_AI_QuickAttack
CORE C1_STATUS ElapsedMs=32189.615 Event=PERSISTED Actor=Troll Generation=7 Status=PERSISTED Outstanding=0
CORE ATTACK_OWNERSHIP ElapsedMs=32189.633 Actor=Troll Family=QUICK Action=5 Phase=1 Motion=Troll_Stand_Fist_Fist_P0_QuickAttackL_Hit_N_Fwd_00_%_00_P0_100.xmot MarkerPresent=0 RequiredMask=0 FistMarkers=0 Raw8Fist=<none> Raw8UseType=-1 SuppressNative=0 Classification=ROUTINE
CORE COLLISION_GROUP ElapsedMs=32283.238 Source=TrollFist UseType=55 Owner=Troll Slot=RIGHT Requested=7 Before=5 After=7 MarkerBitsRetired=0
CORE C1 OFFENSE REQUEST ElapsedMs=32283.265 Actor=Troll Generation=7 Status=PERSISTED Source=TrollFist Side=RIGHT Requests=1 Outstanding=1 CleanupObserved=0 Group=7
CORE ONDAMAGE ElapsedMs=32419.018 Ordinal=4 Target=PC_Hero Arg1=PC_Hero Arg2=PC_Hero Caller=Game.dll+0x00069484 PlayerAction=0 PlayerPhase=5 PlayerMotion=Hero_Stand_None_None_P0_Ambient_Loop_N_Fwd_02_%_00_P0_0.xmot Raw8Fist=<none> Raw8UseType=-1 Raw8Group=-1
CORE C1_START ElapsedMs=32426.943 Actor=PC_Hero Generation=8 Status=CANDIDATE Outstanding=0 TrackedSources=0 ReplacedGeneration=0 ReplacedOutstanding=0
CORE C1_BIND ElapsedMs=32426.953 Event=COMBAT_MOVE_CANDIDATE_BOUND Actor=PC_Hero Generation=8 Status=CANDIDATE Outstanding=0 Source=<null> Script=_AI_Stumble
CORE C1_STATUS ElapsedMs=32427.010 Event=PERSISTED Actor=PC_Hero Generation=8 Status=PERSISTED Outstanding=0
CORE C1_FINAL ElapsedMs=32710.761 Actor=PC_Hero Generation=8 Status=PERSISTED SourceCount=0 PhysicalChanged=0
CORE COLLISION_GROUP ElapsedMs=32925.173 Source=TrollFist UseType=55 Owner=Troll Slot=RIGHT Requested=5 Before=7 After=5 MarkerBitsRetired=0
CORE C1 CLEANUP FULFILLED ElapsedMs=32925.203 Actor=Troll Generation=7 Status=PERSISTED Source=TrollFist Side=RIGHT Requests=1 Outstanding=0 CleanupObserved=1 Group=5
CORE C1_FINAL ElapsedMs=33017.119 Actor=Troll Generation=7 Status=PERSISTED SourceCount=2 PhysicalChanged=0 Source[0]=TrollFist Side=RIGHT Outstanding=0 Cleanup=1 Outcome=NO_OP_NO_OUTSTANDING Source[1]=TrollFist Side=LEFT Outstanding=0 Cleanup=0 Outcome=NO_OP_NO_OUTSTANDING
CORE C1_START ElapsedMs=34244.448 Actor=Troll Generation=9 Status=CANDIDATE Outstanding=0 TrackedSources=2 ReplacedGeneration=0 ReplacedOutstanding=0 Source[0]=TrollFist Side=RIGHT Group=5 Source[1]=TrollFist Side=LEFT Group=5
CORE C1_BIND ElapsedMs=34244.461 Event=COMBAT_MOVE_CANDIDATE_BOUND Actor=Troll Generation=9 Status=CANDIDATE Outstanding=0 Source=<null> Script=_AI_QuickAttack
CORE C1_STATUS ElapsedMs=34244.528 Event=PERSISTED Actor=Troll Generation=9 Status=PERSISTED Outstanding=0
CORE ATTACK_OWNERSHIP ElapsedMs=34244.545 Actor=Troll Family=QUICK Action=4 Phase=1 Motion=Troll_Stand_Fist_Fist_P0_QuickAttackR_Hit_N_Fwd_00_%_00_P0_100.xmot MarkerPresent=0 RequiredMask=0 FistMarkers=0 Raw8Fist=<none> Raw8UseType=-1 SuppressNative=0 Classification=ROUTINE
CORE COLLISION_GROUP ElapsedMs=34337.254 Source=TrollFist UseType=55 Owner=Troll Slot=RIGHT Requested=7 Before=5 After=7 MarkerBitsRetired=0
CORE C1 OFFENSE REQUEST ElapsedMs=34337.364 Actor=Troll Generation=9 Status=PERSISTED Source=TrollFist Side=RIGHT Requests=1 Outstanding=1 CleanupObserved=0 Group=7
CORE ONDAMAGE ElapsedMs=34437.994 Ordinal=5 Target=PC_Hero Arg1=PC_Hero Arg2=PC_Hero Caller=Game.dll+0x00069484 PlayerAction=0 PlayerPhase=12 PlayerMotion=Hero_Stand_None_None_P0_Move_Stand_N_Fwd_00_%_00_P0_0.xmot Raw8Fist=<none> Raw8UseType=-1 Raw8Group=-1
CORE C1_START ElapsedMs=34447.149 Actor=PC_Hero Generation=10 Status=CANDIDATE Outstanding=0 TrackedSources=0 ReplacedGeneration=0 ReplacedOutstanding=0
CORE C1_BIND ElapsedMs=34447.159 Event=COMBAT_MOVE_CANDIDATE_BOUND Actor=PC_Hero Generation=10 Status=CANDIDATE Outstanding=0 Source=<null> Script=_AI_Stumble
CORE C1_STATUS ElapsedMs=34447.219 Event=PERSISTED Actor=PC_Hero Generation=10 Status=PERSISTED Outstanding=0
CORE C1_FINAL ElapsedMs=34736.677 Actor=PC_Hero Generation=10 Status=PERSISTED SourceCount=0 PhysicalChanged=0
CORE COLLISION_GROUP ElapsedMs=34982.322 Source=TrollFist UseType=55 Owner=Troll Slot=RIGHT Requested=5 Before=7 After=5 MarkerBitsRetired=0
CORE C1 CLEANUP FULFILLED ElapsedMs=34982.349 Actor=Troll Generation=9 Status=PERSISTED Source=TrollFist Side=RIGHT Requests=1 Outstanding=0 CleanupObserved=1 Group=5
CORE C1_FINAL ElapsedMs=35075.253 Actor=Troll Generation=9 Status=PERSISTED SourceCount=2 PhysicalChanged=0 Source[0]=TrollFist Side=RIGHT Outstanding=0 Cleanup=1 Outcome=NO_OP_NO_OUTSTANDING Source[1]=TrollFist Side=LEFT Outstanding=0 Cleanup=0 Outcome=NO_OP_NO_OUTSTANDING
CORE C1_START ElapsedMs=36288.995 Actor=Troll Generation=11 Status=CANDIDATE Outstanding=0 TrackedSources=2 ReplacedGeneration=0 ReplacedOutstanding=0 Source[0]=TrollFist Side=RIGHT Group=5 Source[1]=TrollFist Side=LEFT Group=5
CORE C1_BIND ElapsedMs=36289.008 Event=COMBAT_MOVE_CANDIDATE_BOUND Actor=Troll Generation=11 Status=CANDIDATE Outstanding=0 Source=<null> Script=_AI_QuickAttack
CORE C1_STATUS ElapsedMs=36289.070 Event=PERSISTED Actor=Troll Generation=11 Status=PERSISTED Outstanding=0
CORE ATTACK_OWNERSHIP ElapsedMs=36289.086 Actor=Troll Family=QUICK Action=5 Phase=1 Motion=Troll_Stand_Fist_Fist_P0_QuickAttackL_Hit_N_Fwd_00_%_00_P0_100.xmot MarkerPresent=0 RequiredMask=0 FistMarkers=0 Raw8Fist=<none> Raw8UseType=-1 SuppressNative=0 Classification=ROUTINE
CORE COLLISION_GROUP ElapsedMs=36386.094 Source=TrollFist UseType=55 Owner=Troll Slot=RIGHT Requested=7 Before=5 After=7 MarkerBitsRetired=0
CORE C1 OFFENSE REQUEST ElapsedMs=36386.122 Actor=Troll Generation=11 Status=PERSISTED Source=TrollFist Side=RIGHT Requests=1 Outstanding=1 CleanupObserved=0 Group=7
CORE ONDAMAGE ElapsedMs=36499.925 Ordinal=6 Target=PC_Hero Arg1=PC_Hero Arg2=PC_Hero Caller=Game.dll+0x00069484 PlayerAction=0 PlayerPhase=5 PlayerMotion=Hero_Stand_None_None_P0_Ambient_Loop_N_Fwd_02_%_00_P0_0.xmot Raw8Fist=<none> Raw8UseType=-1 Raw8Group=-1
CORE C1_START ElapsedMs=36505.559 Actor=PC_Hero Generation=12 Status=CANDIDATE Outstanding=0 TrackedSources=0 ReplacedGeneration=0 ReplacedOutstanding=0
CORE C1_BIND ElapsedMs=36505.569 Event=COMBAT_MOVE_CANDIDATE_BOUND Actor=PC_Hero Generation=12 Status=CANDIDATE Outstanding=0 Source=<null> Script=_AI_Stumble
CORE C1_STATUS ElapsedMs=36505.624 Event=PERSISTED Actor=PC_Hero Generation=12 Status=PERSISTED Outstanding=0
CORE C1_FINAL ElapsedMs=36795.990 Actor=PC_Hero Generation=12 Status=PERSISTED SourceCount=0 PhysicalChanged=0
CORE COLLISION_GROUP ElapsedMs=37023.884 Source=TrollFist UseType=55 Owner=Troll Slot=RIGHT Requested=5 Before=7 After=5 MarkerBitsRetired=0
CORE C1 CLEANUP FULFILLED ElapsedMs=37023.913 Actor=Troll Generation=11 Status=PERSISTED Source=TrollFist Side=RIGHT Requests=1 Outstanding=0 CleanupObserved=1 Group=5
CORE C1_FINAL ElapsedMs=37118.505 Actor=Troll Generation=11 Status=PERSISTED SourceCount=2 PhysicalChanged=0 Source[0]=TrollFist Side=RIGHT Outstanding=0 Cleanup=1 Outcome=NO_OP_NO_OUTSTANDING Source[1]=TrollFist Side=LEFT Outstanding=0 Cleanup=0 Outcome=NO_OP_NO_OUTSTANDING
CORE C1_START ElapsedMs=38342.328 Actor=Troll Generation=13 Status=CANDIDATE Outstanding=0 TrackedSources=2 ReplacedGeneration=0 ReplacedOutstanding=0 Source[0]=TrollFist Side=RIGHT Group=5 Source[1]=TrollFist Side=LEFT Group=5
CORE C1_BIND ElapsedMs=38342.342 Event=COMBAT_MOVE_CANDIDATE_BOUND Actor=Troll Generation=13 Status=CANDIDATE Outstanding=0 Source=<null> Script=_AI_QuickAttack
CORE C1_STATUS ElapsedMs=38342.409 Event=PERSISTED Actor=Troll Generation=13 Status=PERSISTED Outstanding=0
CORE ATTACK_OWNERSHIP ElapsedMs=38342.426 Actor=Troll Family=QUICK Action=4 Phase=1 Motion=Troll_Stand_Fist_Fist_P0_QuickAttackR_Hit_N_Fwd_00_%_00_P0_100.xmot MarkerPresent=0 RequiredMask=0 FistMarkers=0 Raw8Fist=<none> Raw8UseType=-1 SuppressNative=0 Classification=ROUTINE
CORE COLLISION_GROUP ElapsedMs=38437.398 Source=TrollFist UseType=55 Owner=Troll Slot=RIGHT Requested=7 Before=5 After=7 MarkerBitsRetired=0
CORE C1 OFFENSE REQUEST ElapsedMs=38437.477 Actor=Troll Generation=13 Status=PERSISTED Source=TrollFist Side=RIGHT Requests=1 Outstanding=1 CleanupObserved=0 Group=7
CORE ONDAMAGE ElapsedMs=39012.933 Ordinal=7 Target=PC_Hero Arg1=PC_Hero Arg2=PC_Hero Caller=Game.dll+0x00069484 PlayerAction=0 PlayerPhase=5 PlayerMotion=Hero_Stand_None_None_P0_Ambient_Loop_N_Fwd_00_%_02_P0_0.xmot Raw8Fist=<none> Raw8UseType=-1 Raw8Group=-1
CORE C1_START ElapsedMs=39022.001 Actor=PC_Hero Generation=14 Status=CANDIDATE Outstanding=0 TrackedSources=0 ReplacedGeneration=0 ReplacedOutstanding=0
CORE C1_BIND ElapsedMs=39022.012 Event=COMBAT_MOVE_CANDIDATE_BOUND Actor=PC_Hero Generation=14 Status=CANDIDATE Outstanding=0 Source=<null> Script=_AI_Stumble
CORE C1_STATUS ElapsedMs=39022.071 Event=PERSISTED Actor=PC_Hero Generation=14 Status=PERSISTED Outstanding=0
CORE COLLISION_GROUP ElapsedMs=39088.477 Source=TrollFist UseType=55 Owner=Troll Slot=RIGHT Requested=5 Before=7 After=5 MarkerBitsRetired=0
CORE C1 CLEANUP FULFILLED ElapsedMs=39088.505 Actor=Troll Generation=13 Status=PERSISTED Source=TrollFist Side=RIGHT Requests=1 Outstanding=0 CleanupObserved=1 Group=5
CORE C1_FINAL ElapsedMs=39185.119 Actor=Troll Generation=13 Status=PERSISTED SourceCount=2 PhysicalChanged=0 Source[0]=TrollFist Side=RIGHT Outstanding=0 Cleanup=1 Outcome=NO_OP_NO_OUTSTANDING Source[1]=TrollFist Side=LEFT Outstanding=0 Cleanup=0 Outcome=NO_OP_NO_OUTSTANDING
CORE C1_FINAL ElapsedMs=39315.427 Actor=PC_Hero Generation=14 Status=PERSISTED SourceCount=0 PhysicalChanged=0
CORE C1_START ElapsedMs=40388.564 Actor=Troll Generation=15 Status=CANDIDATE Outstanding=0 TrackedSources=2 ReplacedGeneration=0 ReplacedOutstanding=0 Source[0]=TrollFist Side=RIGHT Group=5 Source[1]=TrollFist Side=LEFT Group=5
CORE C1_BIND ElapsedMs=40388.577 Event=COMBAT_MOVE_CANDIDATE_BOUND Actor=Troll Generation=15 Status=CANDIDATE Outstanding=0 Source=<null> Script=_AI_QuickAttack
CORE C1_STATUS ElapsedMs=40388.644 Event=PERSISTED Actor=Troll Generation=15 Status=PERSISTED Outstanding=0
CORE ATTACK_OWNERSHIP ElapsedMs=40388.661 Actor=Troll Family=QUICK Action=5 Phase=1 Motion=Troll_Stand_Fist_Fist_P0_QuickAttackL_Hit_N_Fwd_00_%_00_P0_100.xmot MarkerPresent=0 RequiredMask=0 FistMarkers=0 Raw8Fist=<none> Raw8UseType=-1 SuppressNative=0 Classification=ROUTINE
CORE COLLISION_GROUP ElapsedMs=40482.381 Source=TrollFist UseType=55 Owner=Troll Slot=RIGHT Requested=7 Before=5 After=7 MarkerBitsRetired=0
CORE C1 OFFENSE REQUEST ElapsedMs=40482.410 Actor=Troll Generation=15 Status=PERSISTED Source=TrollFist Side=RIGHT Requests=1 Outstanding=1 CleanupObserved=0 Group=7
CORE ONDAMAGE ElapsedMs=40618.734 Ordinal=8 Target=PC_Hero Arg1=PC_Hero Arg2=PC_Hero Caller=Game.dll+0x00069484 PlayerAction=0 PlayerPhase=5 PlayerMotion=Hero_Stand_None_None_P0_Ambient_Loop_N_Fwd_01_%_00_P0_0.xmot Raw8Fist=<none> Raw8UseType=-1 Raw8Group=-1
CORE C1_START ElapsedMs=40627.041 Actor=PC_Hero Generation=16 Status=CANDIDATE Outstanding=0 TrackedSources=0 ReplacedGeneration=0 ReplacedOutstanding=0
CORE C1_BIND ElapsedMs=40627.052 Event=COMBAT_MOVE_CANDIDATE_BOUND Actor=PC_Hero Generation=16 Status=CANDIDATE Outstanding=0 Source=<null> Script=_AI_Stumble
CORE C1_STATUS ElapsedMs=40627.112 Event=PERSISTED Actor=PC_Hero Generation=16 Status=PERSISTED Outstanding=0
CORE C1_FINAL ElapsedMs=40909.719 Actor=PC_Hero Generation=16 Status=PERSISTED SourceCount=0 PhysicalChanged=0
CORE COLLISION_GROUP ElapsedMs=41135.632 Source=TrollFist UseType=55 Owner=Troll Slot=RIGHT Requested=5 Before=7 After=5 MarkerBitsRetired=0
CORE C1 CLEANUP FULFILLED ElapsedMs=41135.661 Actor=Troll Generation=15 Status=PERSISTED Source=TrollFist Side=RIGHT Requests=1 Outstanding=0 CleanupObserved=1 Group=5
CORE C1_FINAL ElapsedMs=41230.195 Actor=Troll Generation=15 Status=PERSISTED SourceCount=2 PhysicalChanged=0 Source[0]=TrollFist Side=RIGHT Outstanding=0 Cleanup=1 Outcome=NO_OP_NO_OUTSTANDING Source[1]=TrollFist Side=LEFT Outstanding=0 Cleanup=0 Outcome=NO_OP_NO_OUTSTANDING
CORE C1_START ElapsedMs=42435.736 Actor=Troll Generation=17 Status=CANDIDATE Outstanding=0 TrackedSources=2 ReplacedGeneration=0 ReplacedOutstanding=0 Source[0]=TrollFist Side=RIGHT Group=5 Source[1]=TrollFist Side=LEFT Group=5
CORE C1_BIND ElapsedMs=42435.749 Event=COMBAT_MOVE_CANDIDATE_BOUND Actor=Troll Generation=17 Status=CANDIDATE Outstanding=0 Source=<null> Script=_AI_QuickAttack
CORE C1_STATUS ElapsedMs=42435.819 Event=PERSISTED Actor=Troll Generation=17 Status=PERSISTED Outstanding=0
CORE ATTACK_OWNERSHIP ElapsedMs=42435.838 Actor=Troll Family=QUICK Action=4 Phase=1 Motion=Troll_Stand_Fist_Fist_P0_QuickAttackR_Hit_N_Fwd_00_%_00_P0_100.xmot MarkerPresent=0 RequiredMask=0 FistMarkers=0 Raw8Fist=<none> Raw8UseType=-1 SuppressNative=0 Classification=ROUTINE
CORE COLLISION_GROUP ElapsedMs=42532.586 Source=TrollFist UseType=55 Owner=Troll Slot=RIGHT Requested=7 Before=5 After=7 MarkerBitsRetired=0
CORE C1 OFFENSE REQUEST ElapsedMs=42532.698 Actor=Troll Generation=17 Status=PERSISTED Source=TrollFist Side=RIGHT Requests=1 Outstanding=1 CleanupObserved=0 Group=7
CORE ONDAMAGE ElapsedMs=42630.281 Ordinal=9 Target=PC_Hero Arg1=PC_Hero Arg2=PC_Hero Caller=Game.dll+0x00069484 PlayerAction=0 PlayerPhase=5 PlayerMotion=Hero_Stand_None_None_P0_Ambient_Loop_N_Fwd_01_%_00_P0_0.xmot Raw8Fist=<none> Raw8UseType=-1 Raw8Group=-1
CORE C1_START ElapsedMs=42638.653 Actor=PC_Hero Generation=18 Status=CANDIDATE Outstanding=0 TrackedSources=0 ReplacedGeneration=0 ReplacedOutstanding=0
CORE C1_BIND ElapsedMs=42638.664 Event=COMBAT_MOVE_CANDIDATE_BOUND Actor=PC_Hero Generation=18 Status=CANDIDATE Outstanding=0 Source=<null> Script=_AI_Stumble
CORE C1_STATUS ElapsedMs=42638.723 Event=PERSISTED Actor=PC_Hero Generation=18 Status=PERSISTED Outstanding=0
CORE C1_FINAL ElapsedMs=42926.856 Actor=PC_Hero Generation=18 Status=PERSISTED SourceCount=0 PhysicalChanged=0
CORE COLLISION_GROUP ElapsedMs=43182.550 Source=TrollFist UseType=55 Owner=Troll Slot=RIGHT Requested=5 Before=7 After=5 MarkerBitsRetired=0
CORE C1 CLEANUP FULFILLED ElapsedMs=43182.662 Actor=Troll Generation=17 Status=PERSISTED Source=TrollFist Side=RIGHT Requests=1 Outstanding=0 CleanupObserved=1 Group=5
CORE C1_FINAL ElapsedMs=43279.671 Actor=Troll Generation=17 Status=PERSISTED SourceCount=2 PhysicalChanged=0 Source[0]=TrollFist Side=RIGHT Outstanding=0 Cleanup=1 Outcome=NO_OP_NO_OUTSTANDING Source[1]=TrollFist Side=LEFT Outstanding=0 Cleanup=0 Outcome=NO_OP_NO_OUTSTANDING
CORE C1_START ElapsedMs=44487.288 Actor=Troll Generation=19 Status=CANDIDATE Outstanding=0 TrackedSources=2 ReplacedGeneration=0 ReplacedOutstanding=0 Source[0]=TrollFist Side=RIGHT Group=5 Source[1]=TrollFist Side=LEFT Group=5
CORE C1_BIND ElapsedMs=44487.302 Event=COMBAT_MOVE_CANDIDATE_BOUND Actor=Troll Generation=19 Status=CANDIDATE Outstanding=0 Source=<null> Script=_AI_QuickAttack
CORE C1_STATUS ElapsedMs=44487.368 Event=PERSISTED Actor=Troll Generation=19 Status=PERSISTED Outstanding=0
CORE ATTACK_OWNERSHIP ElapsedMs=44487.385 Actor=Troll Family=QUICK Action=5 Phase=1 Motion=Troll_Stand_Fist_Fist_P0_QuickAttackL_Hit_N_Fwd_00_%_00_P0_100.xmot MarkerPresent=0 RequiredMask=0 FistMarkers=0 Raw8Fist=<none> Raw8UseType=-1 SuppressNative=0 Classification=ROUTINE
CORE COLLISION_GROUP ElapsedMs=44582.281 Source=TrollFist UseType=55 Owner=Troll Slot=RIGHT Requested=7 Before=5 After=7 MarkerBitsRetired=0
CORE C1 OFFENSE REQUEST ElapsedMs=44582.321 Actor=Troll Generation=19 Status=PERSISTED Source=TrollFist Side=RIGHT Requests=1 Outstanding=1 CleanupObserved=0 Group=7
CORE ONDAMAGE ElapsedMs=44729.367 Ordinal=10 Target=PC_Hero Arg1=PC_Hero Arg2=PC_Hero Caller=Game.dll+0x00069484 PlayerAction=0 PlayerPhase=12 PlayerMotion=Hero_Stand_None_None_P0_Ambient_Ambient_N_Fwd_00_%_10_P0_0.xmot Raw8Fist=<none> Raw8UseType=-1 Raw8Group=-1
CORE C1_START ElapsedMs=44738.028 Actor=PC_Hero Generation=20 Status=CANDIDATE Outstanding=0 TrackedSources=0 ReplacedGeneration=0 ReplacedOutstanding=0
CORE C1_BIND ElapsedMs=44738.039 Event=COMBAT_MOVE_CANDIDATE_BOUND Actor=PC_Hero Generation=20 Status=CANDIDATE Outstanding=0 Source=<null> Script=_AI_Stumble
CORE C1_STATUS ElapsedMs=44738.096 Event=PERSISTED Actor=PC_Hero Generation=20 Status=PERSISTED Outstanding=0
CORE C1_FINAL ElapsedMs=45024.023 Actor=PC_Hero Generation=20 Status=PERSISTED SourceCount=0 PhysicalChanged=0
CORE COLLISION_GROUP ElapsedMs=45225.586 Source=TrollFist UseType=55 Owner=Troll Slot=RIGHT Requested=5 Before=7 After=5 MarkerBitsRetired=0
CORE C1 CLEANUP FULFILLED ElapsedMs=45225.615 Actor=Troll Generation=19 Status=PERSISTED Source=TrollFist Side=RIGHT Requests=1 Outstanding=0 CleanupObserved=1 Group=5
CORE C1_FINAL ElapsedMs=45321.301 Actor=Troll Generation=19 Status=PERSISTED SourceCount=2 PhysicalChanged=0 Source[0]=TrollFist Side=RIGHT Outstanding=0 Cleanup=1 Outcome=NO_OP_NO_OUTSTANDING Source[1]=TrollFist Side=LEFT Outstanding=0 Cleanup=0 Outcome=NO_OP_NO_OUTSTANDING
CORE C1_START ElapsedMs=46542.268 Actor=Troll Generation=21 Status=CANDIDATE Outstanding=0 TrackedSources=2 ReplacedGeneration=0 ReplacedOutstanding=0 Source[0]=TrollFist Side=RIGHT Group=5 Source[1]=TrollFist Side=LEFT Group=5
CORE C1_BIND ElapsedMs=46542.281 Event=COMBAT_MOVE_CANDIDATE_BOUND Actor=Troll Generation=21 Status=CANDIDATE Outstanding=0 Source=<null> Script=_AI_QuickAttack
CORE C1_STATUS ElapsedMs=46542.345 Event=PERSISTED Actor=Troll Generation=21 Status=PERSISTED Outstanding=0
CORE ATTACK_OWNERSHIP ElapsedMs=46542.360 Actor=Troll Family=QUICK Action=4 Phase=1 Motion=Troll_Stand_Fist_Fist_P0_QuickAttackR_Hit_N_Fwd_00_%_00_P0_100.xmot MarkerPresent=0 RequiredMask=0 FistMarkers=0 Raw8Fist=<none> Raw8UseType=-1 SuppressNative=0 Classification=ROUTINE
CORE COLLISION_GROUP ElapsedMs=46642.172 Source=TrollFist UseType=55 Owner=Troll Slot=RIGHT Requested=7 Before=5 After=7 MarkerBitsRetired=0
CORE C1 OFFENSE REQUEST ElapsedMs=46642.200 Actor=Troll Generation=21 Status=PERSISTED Source=TrollFist Side=RIGHT Requests=1 Outstanding=1 CleanupObserved=0 Group=7
CORE ONDAMAGE ElapsedMs=46763.634 Ordinal=11 Target=PC_Hero Arg1=PC_Hero Arg2=PC_Hero Caller=Game.dll+0x00069484 PlayerAction=0 PlayerPhase=5 PlayerMotion=Hero_Stand_None_None_P0_Ambient_Loop_N_Fwd_01_%_00_P0_0.xmot Raw8Fist=<none> Raw8UseType=-1 Raw8Group=-1
CORE C1_START ElapsedMs=46774.611 Actor=PC_Hero Generation=22 Status=CANDIDATE Outstanding=0 TrackedSources=0 ReplacedGeneration=0 ReplacedOutstanding=0
CORE C1_BIND ElapsedMs=46774.621 Event=COMBAT_MOVE_CANDIDATE_BOUND Actor=PC_Hero Generation=22 Status=CANDIDATE Outstanding=0 Source=<null> Script=_AI_Stumble
CORE C1_STATUS ElapsedMs=46774.676 Event=PERSISTED Actor=PC_Hero Generation=22 Status=PERSISTED Outstanding=0
CORE C1_FINAL ElapsedMs=47061.127 Actor=PC_Hero Generation=22 Status=PERSISTED SourceCount=0 PhysicalChanged=0
CORE COLLISION_GROUP ElapsedMs=47290.954 Source=TrollFist UseType=55 Owner=Troll Slot=RIGHT Requested=5 Before=7 After=5 MarkerBitsRetired=0
CORE C1 CLEANUP FULFILLED ElapsedMs=47290.982 Actor=Troll Generation=21 Status=PERSISTED Source=TrollFist Side=RIGHT Requests=1 Outstanding=0 CleanupObserved=1 Group=5
CORE C1_FINAL ElapsedMs=47384.591 Actor=Troll Generation=21 Status=PERSISTED SourceCount=2 PhysicalChanged=0 Source[0]=TrollFist Side=RIGHT Outstanding=0 Cleanup=1 Outcome=NO_OP_NO_OUTSTANDING Source[1]=TrollFist Side=LEFT Outstanding=0 Cleanup=0 Outcome=NO_OP_NO_OUTSTANDING
CORE C1_START ElapsedMs=48589.186 Actor=Troll Generation=23 Status=CANDIDATE Outstanding=0 TrackedSources=2 ReplacedGeneration=0 ReplacedOutstanding=0 Source[0]=TrollFist Side=RIGHT Group=5 Source[1]=TrollFist Side=LEFT Group=5
CORE C1_BIND ElapsedMs=48589.200 Event=COMBAT_MOVE_CANDIDATE_BOUND Actor=Troll Generation=23 Status=CANDIDATE Outstanding=0 Source=<null> Script=_AI_QuickAttack
CORE C1_STATUS ElapsedMs=48589.267 Event=PERSISTED Actor=Troll Generation=23 Status=PERSISTED Outstanding=0
CORE ATTACK_OWNERSHIP ElapsedMs=48589.284 Actor=Troll Family=QUICK Action=5 Phase=1 Motion=Troll_Stand_Fist_Fist_P0_QuickAttackL_Hit_N_Fwd_00_%_00_P0_100.xmot MarkerPresent=0 RequiredMask=0 FistMarkers=0 Raw8Fist=<none> Raw8UseType=-1 SuppressNative=0 Classification=ROUTINE
CORE COLLISION_GROUP ElapsedMs=48689.413 Source=TrollFist UseType=55 Owner=Troll Slot=RIGHT Requested=7 Before=5 After=7 MarkerBitsRetired=0
CORE C1 OFFENSE REQUEST ElapsedMs=48689.452 Actor=Troll Generation=23 Status=PERSISTED Source=TrollFist Side=RIGHT Requests=1 Outstanding=1 CleanupObserved=0 Group=7
CORE ONDAMAGE ElapsedMs=49269.326 Ordinal=12 Target=PC_Hero Arg1=PC_Hero Arg2=PC_Hero Caller=Game.dll+0x00069484 PlayerAction=0 PlayerPhase=5 PlayerMotion=Hero_Stand_None_None_P0_Ambient_Loop_N_Fwd_01_%_00_P0_0.xmot Raw8Fist=<none> Raw8UseType=-1 Raw8Group=-1
CORE C1_START ElapsedMs=49278.968 Actor=PC_Hero Generation=24 Status=CANDIDATE Outstanding=0 TrackedSources=0 ReplacedGeneration=0 ReplacedOutstanding=0
CORE C1_BIND ElapsedMs=49278.979 Event=COMBAT_MOVE_CANDIDATE_BOUND Actor=PC_Hero Generation=24 Status=CANDIDATE Outstanding=0 Source=<null> Script=_AI_Stumble
CORE C1_STATUS ElapsedMs=49279.037 Event=PERSISTED Actor=PC_Hero Generation=24 Status=PERSISTED Outstanding=0
CORE COLLISION_GROUP ElapsedMs=49332.024 Source=TrollFist UseType=55 Owner=Troll Slot=RIGHT Requested=5 Before=7 After=5 MarkerBitsRetired=0
CORE C1 CLEANUP FULFILLED ElapsedMs=49332.051 Actor=Troll Generation=23 Status=PERSISTED Source=TrollFist Side=RIGHT Requests=1 Outstanding=0 CleanupObserved=1 Group=5
CORE C1_FINAL ElapsedMs=49427.382 Actor=Troll Generation=23 Status=PERSISTED SourceCount=2 PhysicalChanged=0 Source[0]=TrollFist Side=RIGHT Outstanding=0 Cleanup=1 Outcome=NO_OP_NO_OUTSTANDING Source[1]=TrollFist Side=LEFT Outstanding=0 Cleanup=0 Outcome=NO_OP_NO_OUTSTANDING
CORE C1_FINAL ElapsedMs=49568.243 Actor=PC_Hero Generation=24 Status=PERSISTED SourceCount=0 PhysicalChanged=0
CORE C1_START ElapsedMs=50642.983 Actor=Troll Generation=25 Status=CANDIDATE Outstanding=0 TrackedSources=2 ReplacedGeneration=0 ReplacedOutstanding=0 Source[0]=TrollFist Side=RIGHT Group=5 Source[1]=TrollFist Side=LEFT Group=5
CORE C1_BIND ElapsedMs=50642.995 Event=COMBAT_MOVE_CANDIDATE_BOUND Actor=Troll Generation=25 Status=CANDIDATE Outstanding=0 Source=<null> Script=_AI_QuickAttack
CORE C1_STATUS ElapsedMs=50643.060 Event=PERSISTED Actor=Troll Generation=25 Status=PERSISTED Outstanding=0
CORE ATTACK_OWNERSHIP ElapsedMs=50643.075 Actor=Troll Family=QUICK Action=4 Phase=1 Motion=Troll_Stand_Fist_Fist_P0_QuickAttackR_Hit_N_Fwd_00_%_00_P0_100.xmot MarkerPresent=0 RequiredMask=0 FistMarkers=0 Raw8Fist=<none> Raw8UseType=-1 SuppressNative=0 Classification=ROUTINE
CORE COLLISION_GROUP ElapsedMs=50742.240 Source=TrollFist UseType=55 Owner=Troll Slot=RIGHT Requested=7 Before=5 After=7 MarkerBitsRetired=0
CORE C1 OFFENSE REQUEST ElapsedMs=50742.268 Actor=Troll Generation=25 Status=PERSISTED Source=TrollFist Side=RIGHT Requests=1 Outstanding=1 CleanupObserved=0 Group=7
CORE ONDAMAGE ElapsedMs=50833.512 Ordinal=13 Target=PC_Hero Arg1=PC_Hero Arg2=PC_Hero Caller=Game.dll+0x00069484 PlayerAction=0 PlayerPhase=5 PlayerMotion=Hero_Stand_None_None_P0_Ambient_Loop_N_Fwd_00_%_02_P0_0.xmot Raw8Fist=<none> Raw8UseType=-1 Raw8Group=-1
CORE C1_START ElapsedMs=50841.812 Actor=PC_Hero Generation=26 Status=CANDIDATE Outstanding=0 TrackedSources=0 ReplacedGeneration=0 ReplacedOutstanding=0
CORE C1_BIND ElapsedMs=50841.825 Event=COMBAT_MOVE_CANDIDATE_BOUND Actor=PC_Hero Generation=26 Status=CANDIDATE Outstanding=0 Source=<null> Script=_AI_Stumble
CORE C1_STATUS ElapsedMs=50841.884 Event=PERSISTED Actor=PC_Hero Generation=26 Status=PERSISTED Outstanding=0
CORE C1_FINAL ElapsedMs=51135.857 Actor=PC_Hero Generation=26 Status=PERSISTED SourceCount=0 PhysicalChanged=0
CORE COLLISION_GROUP ElapsedMs=51395.662 Source=TrollFist UseType=55 Owner=Troll Slot=RIGHT Requested=5 Before=7 After=5 MarkerBitsRetired=0
CORE C1 CLEANUP FULFILLED ElapsedMs=51395.690 Actor=Troll Generation=25 Status=PERSISTED Source=TrollFist Side=RIGHT Requests=1 Outstanding=0 CleanupObserved=1 Group=5
CORE C1_FINAL ElapsedMs=51487.963 Actor=Troll Generation=25 Status=PERSISTED SourceCount=2 PhysicalChanged=0 Source[0]=TrollFist Side=RIGHT Outstanding=0 Cleanup=1 Outcome=NO_OP_NO_OUTSTANDING Source[1]=TrollFist Side=LEFT Outstanding=0 Cleanup=0 Outcome=NO_OP_NO_OUTSTANDING
CORE C1_START ElapsedMs=52691.955 Actor=Troll Generation=27 Status=CANDIDATE Outstanding=0 TrackedSources=2 ReplacedGeneration=0 ReplacedOutstanding=0 Source[0]=TrollFist Side=RIGHT Group=5 Source[1]=TrollFist Side=LEFT Group=5
CORE C1_BIND ElapsedMs=52691.968 Event=COMBAT_MOVE_CANDIDATE_BOUND Actor=Troll Generation=27 Status=CANDIDATE Outstanding=0 Source=<null> Script=_AI_QuickAttack
CORE C1_STATUS ElapsedMs=52692.036 Event=PERSISTED Actor=Troll Generation=27 Status=PERSISTED Outstanding=0
CORE ATTACK_OWNERSHIP ElapsedMs=52692.054 Actor=Troll Family=QUICK Action=5 Phase=1 Motion=Troll_Stand_Fist_Fist_P0_QuickAttackL_Hit_N_Fwd_00_%_00_P0_100.xmot MarkerPresent=0 RequiredMask=0 FistMarkers=0 Raw8Fist=<none> Raw8UseType=-1 SuppressNative=0 Classification=ROUTINE
CORE COLLISION_GROUP ElapsedMs=52793.626 Source=TrollFist UseType=55 Owner=Troll Slot=RIGHT Requested=7 Before=5 After=7 MarkerBitsRetired=0
CORE C1 OFFENSE REQUEST ElapsedMs=52793.654 Actor=Troll Generation=27 Status=PERSISTED Source=TrollFist Side=RIGHT Requests=1 Outstanding=1 CleanupObserved=0 Group=7
CORE ONDAMAGE ElapsedMs=52899.557 Ordinal=14 Target=PC_Hero Arg1=PC_Hero Arg2=PC_Hero Caller=Game.dll+0x00069484 PlayerAction=0 PlayerPhase=8 PlayerMotion=Hero_Stand_None_None_P0_Move_Walk_N_Back_00_%_00_P0_160.xmot Raw8Fist=<none> Raw8UseType=-1 Raw8Group=-1
CORE C1_START ElapsedMs=52904.689 Actor=PC_Hero Generation=28 Status=CANDIDATE Outstanding=0 TrackedSources=0 ReplacedGeneration=0 ReplacedOutstanding=0
CORE C1_BIND ElapsedMs=52904.697 Event=COMBAT_MOVE_CANDIDATE_BOUND Actor=PC_Hero Generation=28 Status=CANDIDATE Outstanding=0 Source=<null> Script=_AI_Stumble
CORE C1_STATUS ElapsedMs=52904.751 Event=PERSISTED Actor=PC_Hero Generation=28 Status=PERSISTED Outstanding=0
CORE C1_FINAL ElapsedMs=53188.312 Actor=PC_Hero Generation=28 Status=PERSISTED SourceCount=0 PhysicalChanged=0
CORE COLLISION_GROUP ElapsedMs=53444.137 Source=TrollFist UseType=55 Owner=Troll Slot=RIGHT Requested=5 Before=7 After=5 MarkerBitsRetired=0
CORE C1 CLEANUP FULFILLED ElapsedMs=53444.166 Actor=Troll Generation=27 Status=PERSISTED Source=TrollFist Side=RIGHT Requests=1 Outstanding=0 CleanupObserved=1 Group=5
CORE C1_FINAL ElapsedMs=53542.413 Actor=Troll Generation=27 Status=PERSISTED SourceCount=2 PhysicalChanged=0 Source[0]=TrollFist Side=RIGHT Outstanding=0 Cleanup=1 Outcome=NO_OP_NO_OUTSTANDING Source[1]=TrollFist Side=LEFT Outstanding=0 Cleanup=0 Outcome=NO_OP_NO_OUTSTANDING
CORE C1_START ElapsedMs=54739.283 Actor=Troll Generation=29 Status=CANDIDATE Outstanding=0 TrackedSources=2 ReplacedGeneration=0 ReplacedOutstanding=0 Source[0]=TrollFist Side=RIGHT Group=5 Source[1]=TrollFist Side=LEFT Group=5
CORE C1_BIND ElapsedMs=54739.296 Event=COMBAT_MOVE_CANDIDATE_BOUND Actor=Troll Generation=29 Status=CANDIDATE Outstanding=0 Source=<null> Script=_AI_Attack
CORE C1_STATUS ElapsedMs=54741.079 Event=PERSISTED Actor=Troll Generation=29 Status=PERSISTED Outstanding=0
CORE ATTACK_OWNERSHIP ElapsedMs=54741.102 Actor=Troll Family=NORMAL Action=1 Phase=1 Motion=Troll_Stand_Fist_Fist_P0_Attack_Hit_N_Fwd_00_%_00_P0_100.xmot MarkerPresent=0 RequiredMask=0 FistMarkers=0 Raw8Fist=<none> Raw8UseType=-1 SuppressNative=0 Classification=ROUTINE
CORE COLLISION_GROUP ElapsedMs=54977.365 Source=TrollFist UseType=55 Owner=Troll Slot=RIGHT Requested=7 Before=5 After=7 MarkerBitsRetired=0
CORE C1 OFFENSE REQUEST ElapsedMs=54977.394 Actor=Troll Generation=29 Status=PERSISTED Source=TrollFist Side=RIGHT Requests=1 Outstanding=1 CleanupObserved=0 Group=7
CORE COLLISION_GROUP ElapsedMs=55850.571 Source=TrollFist UseType=55 Owner=Troll Slot=RIGHT Requested=5 Before=7 After=5 MarkerBitsRetired=0
CORE C1 CLEANUP FULFILLED ElapsedMs=55850.592 Actor=Troll Generation=29 Status=PERSISTED Source=TrollFist Side=RIGHT Requests=1 Outstanding=0 CleanupObserved=1 Group=5
CORE C1_FINAL ElapsedMs=55850.613 Actor=Troll Generation=29 Status=PERSISTED SourceCount=2 PhysicalChanged=0 Source[0]=TrollFist Side=RIGHT Outstanding=0 Cleanup=1 Outcome=NO_OP_NO_OUTSTANDING Source[1]=TrollFist Side=LEFT Outstanding=0 Cleanup=0 Outcome=NO_OP_NO_OUTSTANDING
CORE C1_START ElapsedMs=57129.752 Actor=Troll Generation=30 Status=CANDIDATE Outstanding=0 TrackedSources=2 ReplacedGeneration=0 ReplacedOutstanding=0 Source[0]=TrollFist Side=RIGHT Group=5 Source[1]=TrollFist Side=LEFT Group=5
CORE C1_BIND ElapsedMs=57129.765 Event=COMBAT_MOVE_CANDIDATE_BOUND Actor=Troll Generation=30 Status=CANDIDATE Outstanding=0 Source=<null> Script=_AI_PowerAttack
CORE C1_STATUS ElapsedMs=57131.899 Event=PERSISTED Actor=Troll Generation=30 Status=PERSISTED Outstanding=0
CORE C1_BIND ElapsedMs=59168.069 Event=COMBAT_MOVE_REUSED Actor=Troll Generation=30 Status=PERSISTED Outstanding=0 Source=<null> Script=_AI_PowerAttack
CORE ATTACK_OWNERSHIP ElapsedMs=59171.491 Actor=Troll Family=POWER Action=2 Phase=1 Motion=Troll_Stand_Fist_Fist_P0_PowerAttack_Hit_N_Fwd_00_%_00_P0_150.xmot MarkerPresent=0 RequiredMask=0 FistMarkers=0 Raw8Fist=<none> Raw8UseType=-1 SuppressNative=0 Classification=ROUTINE
CORE COLLISION_GROUP ElapsedMs=59171.534 Source=TrollFist UseType=55 Owner=Troll Slot=RIGHT Requested=7 Before=5 After=7 MarkerBitsRetired=0
CORE C1 OFFENSE REQUEST ElapsedMs=59171.542 Actor=Troll Generation=30 Status=PERSISTED Source=TrollFist Side=RIGHT Requests=1 Outstanding=1 CleanupObserved=0 Group=7
CORE ONDAMAGE ElapsedMs=59360.773 Ordinal=15 Target=PC_Hero Arg1=PC_Hero Arg2=PC_Hero Caller=Game.dll+0x00069484 PlayerAction=0 PlayerPhase=12 PlayerMotion=Hero_Stand_None_None_P0_Move_Stand_N_Fwd_00_%_00_P0_0.xmot Raw8Fist=<none> Raw8UseType=-1 Raw8Group=-1
CORE C1_START ElapsedMs=59369.614 Actor=PC_Hero Generation=31 Status=CANDIDATE Outstanding=0 TrackedSources=0 ReplacedGeneration=0 ReplacedOutstanding=0
CORE C1_BIND ElapsedMs=59369.625 Event=COMBAT_MOVE_CANDIDATE_BOUND Actor=PC_Hero Generation=31 Status=CANDIDATE Outstanding=0 Source=<null> Script=_AI_Stumble
CORE C1_STATUS ElapsedMs=59369.683 Event=PERSISTED Actor=PC_Hero Generation=31 Status=PERSISTED Outstanding=0
CORE COLLISION_GROUP ElapsedMs=59580.337 Source=TrollFist UseType=55 Owner=Troll Slot=RIGHT Requested=5 Before=7 After=5 MarkerBitsRetired=0
CORE C1 CLEANUP FULFILLED ElapsedMs=59580.373 Actor=Troll Generation=30 Status=PERSISTED Source=TrollFist Side=RIGHT Requests=1 Outstanding=0 CleanupObserved=1 Group=5
CORE C1_FINAL ElapsedMs=59580.411 Actor=Troll Generation=30 Status=PERSISTED SourceCount=2 PhysicalChanged=0 Source[0]=TrollFist Side=RIGHT Outstanding=0 Cleanup=1 Outcome=NO_OP_NO_OUTSTANDING Source[1]=TrollFist Side=LEFT Outstanding=0 Cleanup=0 Outcome=NO_OP_NO_OUTSTANDING
CORE C1_FINAL ElapsedMs=59658.934 Actor=PC_Hero Generation=31 Status=PERSISTED SourceCount=0 PhysicalChanged=0
CORE C1_START ElapsedMs=60814.691 Actor=Troll Generation=32 Status=CANDIDATE Outstanding=0 TrackedSources=2 ReplacedGeneration=0 ReplacedOutstanding=0 Source[0]=TrollFist Side=RIGHT Group=5 Source[1]=TrollFist Side=LEFT Group=5
CORE C1_BIND ElapsedMs=60814.732 Event=COMBAT_MOVE_CANDIDATE_BOUND Actor=Troll Generation=32 Status=CANDIDATE Outstanding=0 Source=<null> Script=_AI_QuickAttack
CORE C1_STATUS ElapsedMs=60814.797 Event=PERSISTED Actor=Troll Generation=32 Status=PERSISTED Outstanding=0
CORE ATTACK_OWNERSHIP ElapsedMs=60814.814 Actor=Troll Family=QUICK Action=5 Phase=1 Motion=Troll_Stand_Fist_Fist_P0_QuickAttackL_Hit_N_Fwd_00_%_00_P0_100.xmot MarkerPresent=0 RequiredMask=0 FistMarkers=0 Raw8Fist=<none> Raw8UseType=-1 SuppressNative=0 Classification=ROUTINE
CORE COLLISION_GROUP ElapsedMs=60916.067 Source=TrollFist UseType=55 Owner=Troll Slot=RIGHT Requested=7 Before=5 After=7 MarkerBitsRetired=0
CORE C1 OFFENSE REQUEST ElapsedMs=60916.095 Actor=Troll Generation=32 Status=PERSISTED Source=TrollFist Side=RIGHT Requests=1 Outstanding=1 CleanupObserved=0 Group=7
CORE ONDAMAGE ElapsedMs=60998.502 Ordinal=16 Target=PC_Hero Arg1=PC_Hero Arg2=PC_Hero Caller=Game.dll+0x00069484 PlayerAction=0 PlayerPhase=5 PlayerMotion=Hero_Stand_None_None_P0_Ambient_Loop_N_Fwd_02_%_00_P0_0.xmot Raw8Fist=<none> Raw8UseType=-1 Raw8Group=-1
CORE C1_START ElapsedMs=61006.874 Actor=PC_Hero Generation=33 Status=CANDIDATE Outstanding=0 TrackedSources=0 ReplacedGeneration=0 ReplacedOutstanding=0
CORE C1_BIND ElapsedMs=61006.885 Event=COMBAT_MOVE_CANDIDATE_BOUND Actor=PC_Hero Generation=33 Status=CANDIDATE Outstanding=0 Source=<null> Script=_AI_Stumble
CORE C1_STATUS ElapsedMs=61006.944 Event=PERSISTED Actor=PC_Hero Generation=33 Status=PERSISTED Outstanding=0
CORE C1_FINAL ElapsedMs=61293.530 Actor=PC_Hero Generation=33 Status=PERSISTED SourceCount=0 PhysicalChanged=0
CORE COLLISION_GROUP ElapsedMs=61563.824 Source=TrollFist UseType=55 Owner=Troll Slot=RIGHT Requested=5 Before=7 After=5 MarkerBitsRetired=0
CORE C1 CLEANUP FULFILLED ElapsedMs=61563.854 Actor=Troll Generation=32 Status=PERSISTED Source=TrollFist Side=RIGHT Requests=1 Outstanding=0 CleanupObserved=1 Group=5
CORE C1_FINAL ElapsedMs=61659.526 Actor=Troll Generation=32 Status=PERSISTED SourceCount=2 PhysicalChanged=0 Source[0]=TrollFist Side=RIGHT Outstanding=0 Cleanup=1 Outcome=NO_OP_NO_OUTSTANDING Source[1]=TrollFist Side=LEFT Outstanding=0 Cleanup=0 Outcome=NO_OP_NO_OUTSTANDING
CORE C1_START ElapsedMs=62864.278 Actor=Troll Generation=34 Status=CANDIDATE Outstanding=0 TrackedSources=2 ReplacedGeneration=0 ReplacedOutstanding=0 Source[0]=TrollFist Side=RIGHT Group=5 Source[1]=TrollFist Side=LEFT Group=5
CORE C1_BIND ElapsedMs=62864.292 Event=COMBAT_MOVE_CANDIDATE_BOUND Actor=Troll Generation=34 Status=CANDIDATE Outstanding=0 Source=<null> Script=_AI_QuickAttack
CORE C1_STATUS ElapsedMs=62864.415 Event=PERSISTED Actor=Troll Generation=34 Status=PERSISTED Outstanding=0
CORE ATTACK_OWNERSHIP ElapsedMs=62864.458 Actor=Troll Family=QUICK Action=4 Phase=1 Motion=Troll_Stand_Fist_Fist_P0_QuickAttackR_Hit_N_Fwd_00_%_00_P0_100.xmot MarkerPresent=0 RequiredMask=0 FistMarkers=0 Raw8Fist=<none> Raw8UseType=-1 SuppressNative=0 Classification=ROUTINE
CORE COLLISION_GROUP ElapsedMs=62961.891 Source=TrollFist UseType=55 Owner=Troll Slot=RIGHT Requested=7 Before=5 After=7 MarkerBitsRetired=0
CORE C1 OFFENSE REQUEST ElapsedMs=62961.920 Actor=Troll Generation=34 Status=PERSISTED Source=TrollFist Side=RIGHT Requests=1 Outstanding=1 CleanupObserved=0 Group=7
CORE ONDAMAGE ElapsedMs=63044.575 Ordinal=17 Target=PC_Hero Arg1=PC_Hero Arg2=PC_Hero Caller=Game.dll+0x00069484 PlayerAction=0 PlayerPhase=12 PlayerMotion=Hero_Stand_None_None_P0_Ambient_Ambient_N_Fwd_03_%_00_P0_0.xmot Raw8Fist=<none> Raw8UseType=-1 Raw8Group=-1
CORE C1_START ElapsedMs=63053.140 Actor=PC_Hero Generation=35 Status=CANDIDATE Outstanding=0 TrackedSources=0 ReplacedGeneration=0 ReplacedOutstanding=0
CORE C1_BIND ElapsedMs=63053.151 Event=COMBAT_MOVE_CANDIDATE_BOUND Actor=PC_Hero Generation=35 Status=CANDIDATE Outstanding=0 Source=<null> Script=_AI_Stumble
CORE C1_STATUS ElapsedMs=63053.209 Event=PERSISTED Actor=PC_Hero Generation=35 Status=PERSISTED Outstanding=0
CORE C1_FINAL ElapsedMs=63341.964 Actor=PC_Hero Generation=35 Status=PERSISTED SourceCount=0 PhysicalChanged=0
CORE COLLISION_GROUP ElapsedMs=63607.512 Source=TrollFist UseType=55 Owner=Troll Slot=RIGHT Requested=5 Before=7 After=5 MarkerBitsRetired=0
CORE C1 CLEANUP FULFILLED ElapsedMs=63607.540 Actor=Troll Generation=34 Status=PERSISTED Source=TrollFist Side=RIGHT Requests=1 Outstanding=0 CleanupObserved=1 Group=5
CORE C1_FINAL ElapsedMs=63707.178 Actor=Troll Generation=34 Status=PERSISTED SourceCount=2 PhysicalChanged=0 Source[0]=TrollFist Side=RIGHT Outstanding=0 Cleanup=1 Outcome=NO_OP_NO_OUTSTANDING Source[1]=TrollFist Side=LEFT Outstanding=0 Cleanup=0 Outcome=NO_OP_NO_OUTSTANDING
CORE C1_START ElapsedMs=64923.515 Actor=Troll Generation=36 Status=CANDIDATE Outstanding=0 TrackedSources=2 ReplacedGeneration=0 ReplacedOutstanding=0 Source[0]=TrollFist Side=RIGHT Group=5 Source[1]=TrollFist Side=LEFT Group=5
CORE C1_BIND ElapsedMs=64923.528 Event=COMBAT_MOVE_CANDIDATE_BOUND Actor=Troll Generation=36 Status=CANDIDATE Outstanding=0 Source=<null> Script=_AI_PowerAttack
CORE C1_STATUS ElapsedMs=64923.600 Event=PERSISTED Actor=Troll Generation=36 Status=PERSISTED Outstanding=0
CORE C1_BIND ElapsedMs=66947.616 Event=COMBAT_MOVE_REUSED Actor=Troll Generation=36 Status=PERSISTED Outstanding=0 Source=<null> Script=_AI_PowerAttack
CORE ATTACK_OWNERSHIP ElapsedMs=66947.718 Actor=Troll Family=POWER Action=2 Phase=1 Motion=Troll_Stand_Fist_Fist_P0_PowerAttack_Hit_N_Fwd_00_%_00_P0_150.xmot MarkerPresent=0 RequiredMask=0 FistMarkers=0 Raw8Fist=<none> Raw8UseType=-1 SuppressNative=0 Classification=ROUTINE
CORE COLLISION_GROUP ElapsedMs=66947.763 Source=TrollFist UseType=55 Owner=Troll Slot=RIGHT Requested=7 Before=5 After=7 MarkerBitsRetired=0
CORE C1 OFFENSE REQUEST ElapsedMs=66947.772 Actor=Troll Generation=36 Status=PERSISTED Source=TrollFist Side=RIGHT Requests=1 Outstanding=1 CleanupObserved=0 Group=7
CORE ONDAMAGE ElapsedMs=67140.351 Ordinal=18 Target=PC_Hero Arg1=PC_Hero Arg2=PC_Hero Caller=Game.dll+0x00069484 PlayerAction=0 PlayerPhase=5 PlayerMotion=Hero_Stand_None_None_P0_Ambient_Loop_N_Fwd_02_%_00_P0_0.xmot Raw8Fist=<none> Raw8UseType=-1 Raw8Group=-1
CORE C1_START ElapsedMs=67150.295 Actor=PC_Hero Generation=37 Status=CANDIDATE Outstanding=0 TrackedSources=0 ReplacedGeneration=0 ReplacedOutstanding=0
CORE C1_BIND ElapsedMs=67150.305 Event=COMBAT_MOVE_CANDIDATE_BOUND Actor=PC_Hero Generation=37 Status=CANDIDATE Outstanding=0 Source=<null> Script=_AI_Stumble
CORE C1_STATUS ElapsedMs=67150.362 Event=PERSISTED Actor=PC_Hero Generation=37 Status=PERSISTED Outstanding=0
CORE COLLISION_GROUP ElapsedMs=67351.360 Source=TrollFist UseType=55 Owner=Troll Slot=RIGHT Requested=5 Before=7 After=5 MarkerBitsRetired=0
CORE C1 CLEANUP FULFILLED ElapsedMs=67351.389 Actor=Troll Generation=36 Status=PERSISTED Source=TrollFist Side=RIGHT Requests=1 Outstanding=0 CleanupObserved=1 Group=5
CORE C1_FINAL ElapsedMs=67351.412 Actor=Troll Generation=36 Status=PERSISTED SourceCount=2 PhysicalChanged=0 Source[0]=TrollFist Side=RIGHT Outstanding=0 Cleanup=1 Outcome=NO_OP_NO_OUTSTANDING Source[1]=TrollFist Side=LEFT Outstanding=0 Cleanup=0 Outcome=NO_OP_NO_OUTSTANDING
CORE C1_FINAL ElapsedMs=67432.703 Actor=PC_Hero Generation=37 Status=PERSISTED SourceCount=0 PhysicalChanged=0
CORE C1_START ElapsedMs=68530.093 Actor=Troll Generation=38 Status=CANDIDATE Outstanding=0 TrackedSources=2 ReplacedGeneration=0 ReplacedOutstanding=0 Source[0]=TrollFist Side=RIGHT Group=5 Source[1]=TrollFist Side=LEFT Group=5
CORE C1_BIND ElapsedMs=68530.106 Event=COMBAT_MOVE_CANDIDATE_BOUND Actor=Troll Generation=38 Status=CANDIDATE Outstanding=0 Source=<null> Script=_AI_QuickAttack
CORE C1_STATUS ElapsedMs=68530.170 Event=PERSISTED Actor=Troll Generation=38 Status=PERSISTED Outstanding=0
CORE ATTACK_OWNERSHIP ElapsedMs=68530.185 Actor=Troll Family=QUICK Action=5 Phase=1 Motion=Troll_Stand_Fist_Fist_P0_QuickAttackL_Hit_N_Fwd_00_%_00_P0_100.xmot MarkerPresent=0 RequiredMask=0 FistMarkers=0 Raw8Fist=<none> Raw8UseType=-1 SuppressNative=0 Classification=ROUTINE
CORE COLLISION_GROUP ElapsedMs=68626.772 Source=TrollFist UseType=55 Owner=Troll Slot=RIGHT Requested=7 Before=5 After=7 MarkerBitsRetired=0
CORE C1 OFFENSE REQUEST ElapsedMs=68626.802 Actor=Troll Generation=38 Status=PERSISTED Source=TrollFist Side=RIGHT Requests=1 Outstanding=1 CleanupObserved=0 Group=7
CORE ONDAMAGE ElapsedMs=68774.827 Ordinal=19 Target=PC_Hero Arg1=PC_Hero Arg2=PC_Hero Caller=Game.dll+0x00069484 PlayerAction=0 PlayerPhase=12 PlayerMotion=Hero_Stand_None_None_P0_Move_Turn90_N_Left_00_%_00_P0_0.xmot Raw8Fist=<none> Raw8UseType=-1 Raw8Group=-1
CORE C1_START ElapsedMs=68784.181 Actor=PC_Hero Generation=39 Status=CANDIDATE Outstanding=0 TrackedSources=0 ReplacedGeneration=0 ReplacedOutstanding=0
CORE C1_BIND ElapsedMs=68784.191 Event=COMBAT_MOVE_CANDIDATE_BOUND Actor=PC_Hero Generation=39 Status=CANDIDATE Outstanding=0 Source=<null> Script=_AI_Stumble
CORE C1_STATUS ElapsedMs=68784.247 Event=PERSISTED Actor=PC_Hero Generation=39 Status=PERSISTED Outstanding=0
CORE C1_FINAL ElapsedMs=69071.838 Actor=PC_Hero Generation=39 Status=PERSISTED SourceCount=0 PhysicalChanged=0
CORE COLLISION_GROUP ElapsedMs=69274.794 Source=TrollFist UseType=55 Owner=Troll Slot=RIGHT Requested=5 Before=7 After=5 MarkerBitsRetired=0
CORE C1 CLEANUP FULFILLED ElapsedMs=69274.823 Actor=Troll Generation=38 Status=PERSISTED Source=TrollFist Side=RIGHT Requests=1 Outstanding=0 CleanupObserved=1 Group=5
CORE C1_FINAL ElapsedMs=69369.480 Actor=Troll Generation=38 Status=PERSISTED SourceCount=2 PhysicalChanged=0 Source[0]=TrollFist Side=RIGHT Outstanding=0 Cleanup=1 Outcome=NO_OP_NO_OUTSTANDING Source[1]=TrollFist Side=LEFT Outstanding=0 Cleanup=0 Outcome=NO_OP_NO_OUTSTANDING
CORE C1_START ElapsedMs=70309.077 Actor=PC_Hero Generation=40 Status=CANDIDATE Outstanding=0 TrackedSources=1 ReplacedGeneration=0 ReplacedOutstanding=0 Source[0]=It_2H_Sword_Flamberge Side=RIGHT Group=5
CORE C1_STATUS ElapsedMs=70309.423 Event=PERSISTED Actor=PC_Hero Generation=40 Status=PERSISTED Outstanding=0
CORE C1_START ElapsedMs=70466.126 Actor=PC_Hero Generation=41 Status=CANDIDATE Outstanding=0 TrackedSources=1 ReplacedGeneration=40 ReplacedOutstanding=0 Source[0]=It_2H_Sword_Flamberge Side=RIGHT Group=5
CORE C1_BIND ElapsedMs=70466.139 Event=COMBAT_MOVE_CANDIDATE_BOUND Actor=PC_Hero Generation=41 Status=CANDIDATE Outstanding=0 Source=<null> Script=_AI_Attack
CORE C1_STATUS ElapsedMs=70466.589 Event=PERSISTED Actor=PC_Hero Generation=41 Status=PERSISTED Outstanding=0
CORE ATTACK_OWNERSHIP ElapsedMs=70466.613 Actor=PC_Hero Family=NORMAL Action=1 Phase=1 Motion=Hero_Stand_None_2H_P0_Attack_Hit_N_Fwd_00_%_00_P1_90_R.xmot MarkerPresent=1 RequiredMask=1 FistMarkers=0 Raw8Fist=<none> Raw8UseType=-1 SuppressNative=1 Classification=ROUTINE
CORE C1_START ElapsedMs=70481.747 Actor=Troll Generation=42 Status=CANDIDATE Outstanding=0 TrackedSources=2 ReplacedGeneration=0 ReplacedOutstanding=0 Source[0]=TrollFist Side=RIGHT Group=5 Source[1]=TrollFist Side=LEFT Group=5
CORE C1_BIND ElapsedMs=70481.761 Event=COMBAT_MOVE_CANDIDATE_BOUND Actor=Troll Generation=42 Status=CANDIDATE Outstanding=0 Source=<null> Script=_AI_JumpBack
CORE C1_STATUS ElapsedMs=70482.095 Event=PERSISTED Actor=Troll Generation=42 Status=PERSISTED Outstanding=0
CORE COLLISION_GROUP ElapsedMs=70720.645 Source=It_2H_Sword_Flamberge UseType=3 Owner=PC_Hero Slot=RIGHT Requested=7 Before=5 After=7 MarkerBitsRetired=0
CORE C1 OFFENSE REQUEST ElapsedMs=70720.687 Actor=PC_Hero Generation=41 Status=PERSISTED Source=It_2H_Sword_Flamberge Side=RIGHT Requests=1 Outstanding=1 CleanupObserved=0 Group=7
CORE MARKER ElapsedMs=70720.699 Actor=PC_Hero Action=1 Family=NORMAL Phase=1 Motion=Hero_Stand_None_2H_P0_Attack_Hit_N_Fwd_00_%_00_P1_90_R.xmot Marker=RIGHT Result=ACCEPTED C1Valid=1 C1=41 StatePosition=0 PreviousMask=0 DesiredMask=1 RetiredMask=0 OwnedMask=0 MarkerOwnedMask=1 Activated=1 Deactivated=0 Retired=0 RearmRequests=1 Clears=1 RightUseType=3
CORE ONDAMAGE ElapsedMs=70750.513 Ordinal=20 Target=Troll Arg1=Troll Arg2=Troll Caller=Game.dll+0x00069484 PlayerAction=1 PlayerPhase=1 PlayerMotion=Hero_Stand_None_2H_P0_Attack_Hit_N_Fwd_00_%_00_P1_90_R.xmot Raw8Fist=<none> Raw8UseType=-1 Raw8Group=-1
CORE C1_START ElapsedMs=70754.541 Actor=Troll Generation=43 Status=CANDIDATE Outstanding=0 TrackedSources=2 ReplacedGeneration=42 ReplacedOutstanding=0 Source[0]=TrollFist Side=RIGHT Group=5 Source[1]=TrollFist Side=LEFT Group=5
CORE C1_BIND ElapsedMs=70754.554 Event=COMBAT_MOVE_CANDIDATE_BOUND Actor=Troll Generation=43 Status=CANDIDATE Outstanding=0 Source=<null> Script=_AI_Stumble
CORE C1_STATUS ElapsedMs=70755.057 Event=PERSISTED Actor=Troll Generation=43 Status=PERSISTED Outstanding=0
CORE COLLISION_GROUP ElapsedMs=70928.009 Source=It_2H_Sword_Flamberge UseType=3 Owner=PC_Hero Slot=RIGHT Requested=5 Before=7 After=5 MarkerBitsRetired=1
CORE C1 CLEANUP FULFILLED ElapsedMs=70928.029 Actor=PC_Hero Generation=41 Status=PERSISTED Source=It_2H_Sword_Flamberge Side=RIGHT Requests=1 Outstanding=0 CleanupObserved=1 Group=5
CORE C1_FINAL ElapsedMs=70928.051 Actor=PC_Hero Generation=41 Status=PERSISTED SourceCount=1 PhysicalChanged=0 Source[0]=It_2H_Sword_Flamberge Side=RIGHT Outstanding=0 Cleanup=1 Outcome=NO_OP_NO_OUTSTANDING
CORE C1_FINAL ElapsedMs=71123.515 Actor=Troll Generation=43 Status=PERSISTED SourceCount=2 PhysicalChanged=0 Source[0]=TrollFist Side=RIGHT Outstanding=0 Cleanup=0 Outcome=NO_OP_NO_OUTSTANDING Source[1]=TrollFist Side=LEFT Outstanding=0 Cleanup=0 Outcome=NO_OP_NO_OUTSTANDING
CORE C1_START ElapsedMs=71138.805 Actor=Troll Generation=44 Status=CANDIDATE Outstanding=0 TrackedSources=2 ReplacedGeneration=0 ReplacedOutstanding=0 Source[0]=TrollFist Side=RIGHT Group=5 Source[1]=TrollFist Side=LEFT Group=5
CORE C1_BIND ElapsedMs=71138.818 Event=COMBAT_MOVE_CANDIDATE_BOUND Actor=Troll Generation=44 Status=CANDIDATE Outstanding=0 Source=<null> Script=_AI_QuickAttack
CORE C1_STATUS ElapsedMs=71138.883 Event=PERSISTED Actor=Troll Generation=44 Status=PERSISTED Outstanding=0
CORE ATTACK_OWNERSHIP ElapsedMs=71138.898 Actor=Troll Family=QUICK Action=4 Phase=1 Motion=Troll_Stand_Fist_Fist_P0_QuickAttackR_Hit_N_Fwd_00_%_00_P0_100.xmot MarkerPresent=0 RequiredMask=0 FistMarkers=0 Raw8Fist=<none> Raw8UseType=-1 SuppressNative=0 Classification=ROUTINE
CORE COLLISION_GROUP ElapsedMs=71239.029 Source=TrollFist UseType=55 Owner=Troll Slot=RIGHT Requested=7 Before=5 After=7 MarkerBitsRetired=0
CORE C1 OFFENSE REQUEST ElapsedMs=71239.058 Actor=Troll Generation=44 Status=PERSISTED Source=TrollFist Side=RIGHT Requests=1 Outstanding=1 CleanupObserved=0 Group=7
CORE ONDAMAGE ElapsedMs=71402.169 Ordinal=21 Target=PC_Hero Arg1=PC_Hero Arg2=PC_Hero Caller=Game.dll+0x00069484 PlayerAction=0 PlayerPhase=8 PlayerMotion=Hero_Stand_None_2H_P1_Move_Walk_N_Fwd_00_%_00_P0_160.xmot Raw8Fist=<none> Raw8UseType=-1 Raw8Group=-1
CORE C1_START ElapsedMs=71410.716 Actor=PC_Hero Generation=45 Status=CANDIDATE Outstanding=0 TrackedSources=1 ReplacedGeneration=0 ReplacedOutstanding=0 Source[0]=It_2H_Sword_Flamberge Side=RIGHT Group=5
CORE C1_BIND ElapsedMs=71410.729 Event=COMBAT_MOVE_CANDIDATE_BOUND Actor=PC_Hero Generation=45 Status=CANDIDATE Outstanding=0 Source=<null> Script=_AI_Stumble
CORE C1_STATUS ElapsedMs=71411.042 Event=PERSISTED Actor=PC_Hero Generation=45 Status=PERSISTED Outstanding=0
CORE C1_FINAL ElapsedMs=71697.921 Actor=PC_Hero Generation=45 Status=PERSISTED SourceCount=1 PhysicalChanged=0 Source[0]=It_2H_Sword_Flamberge Side=RIGHT Outstanding=0 Cleanup=0 Outcome=NO_OP_NO_OUTSTANDING
CORE COLLISION_GROUP ElapsedMs=71885.742 Source=TrollFist UseType=55 Owner=Troll Slot=RIGHT Requested=5 Before=7 After=5 MarkerBitsRetired=0
CORE C1 CLEANUP FULFILLED ElapsedMs=71885.770 Actor=Troll Generation=44 Status=PERSISTED Source=TrollFist Side=RIGHT Requests=1 Outstanding=0 CleanupObserved=1 Group=5
CORE C1_FINAL ElapsedMs=71982.200 Actor=Troll Generation=44 Status=PERSISTED SourceCount=2 PhysicalChanged=0 Source[0]=TrollFist Side=RIGHT Outstanding=0 Cleanup=1 Outcome=NO_OP_NO_OUTSTANDING Source[1]=TrollFist Side=LEFT Outstanding=0 Cleanup=0 Outcome=NO_OP_NO_OUTSTANDING
CORE C1_START ElapsedMs=72205.011 Actor=PC_Hero Generation=46 Status=CANDIDATE Outstanding=0 TrackedSources=1 ReplacedGeneration=0 ReplacedOutstanding=0 Source[0]=It_2H_Sword_Flamberge Side=RIGHT Group=5
CORE C1_STATUS ElapsedMs=72205.080 Event=PERSISTED Actor=PC_Hero Generation=46 Status=PERSISTED Outstanding=0
CORE C1_START ElapsedMs=72353.045 Actor=PC_Hero Generation=47 Status=CANDIDATE Outstanding=0 TrackedSources=1 ReplacedGeneration=46 ReplacedOutstanding=0 Source[0]=It_2H_Sword_Flamberge Side=RIGHT Group=5
CORE C1_BIND ElapsedMs=72353.057 Event=COMBAT_MOVE_CANDIDATE_BOUND Actor=PC_Hero Generation=47 Status=CANDIDATE Outstanding=0 Source=<null> Script=_AI_Attack
CORE C1_STATUS ElapsedMs=72353.125 Event=PERSISTED Actor=PC_Hero Generation=47 Status=PERSISTED Outstanding=0
CORE C1_START ElapsedMs=72376.325 Actor=Troll Generation=48 Status=CANDIDATE Outstanding=0 TrackedSources=2 ReplacedGeneration=0 ReplacedOutstanding=0 Source[0]=TrollFist Side=RIGHT Group=5 Source[1]=TrollFist Side=LEFT Group=5
CORE C1_BIND ElapsedMs=72376.339 Event=COMBAT_MOVE_CANDIDATE_BOUND Actor=Troll Generation=48 Status=CANDIDATE Outstanding=0 Source=<null> Script=_AI_JumpBack
CORE C1_STATUS ElapsedMs=72376.406 Event=PERSISTED Actor=Troll Generation=48 Status=PERSISTED Outstanding=0
CORE COLLISION_GROUP ElapsedMs=72605.485 Source=It_2H_Sword_Flamberge UseType=3 Owner=PC_Hero Slot=RIGHT Requested=7 Before=5 After=7 MarkerBitsRetired=0
CORE C1 OFFENSE REQUEST ElapsedMs=72605.519 Actor=PC_Hero Generation=47 Status=PERSISTED Source=It_2H_Sword_Flamberge Side=RIGHT Requests=1 Outstanding=1 CleanupObserved=0 Group=7
CORE MARKER ElapsedMs=72605.534 Actor=PC_Hero Action=1 Family=NORMAL Phase=1 Motion=Hero_Stand_None_2H_P0_Attack_Hit_N_Fwd_00_%_00_P1_90_R.xmot Marker=RIGHT Result=ACCEPTED C1Valid=1 C1=47 StatePosition=0 PreviousMask=0 DesiredMask=1 RetiredMask=0 OwnedMask=0 MarkerOwnedMask=1 Activated=1 Deactivated=0 Retired=0 RearmRequests=1 Clears=1 RightUseType=3
CORE ONDAMAGE ElapsedMs=72642.843 Ordinal=22 Target=Troll Arg1=Troll Arg2=Troll Caller=Game.dll+0x00069484 PlayerAction=1 PlayerPhase=1 PlayerMotion=Hero_Stand_None_2H_P0_Attack_Hit_N_Fwd_00_%_00_P1_90_R.xmot Raw8Fist=<none> Raw8UseType=-1 Raw8Group=-1
CORE C1_START ElapsedMs=72646.897 Actor=Troll Generation=49 Status=CANDIDATE Outstanding=0 TrackedSources=2 ReplacedGeneration=48 ReplacedOutstanding=0 Source[0]=TrollFist Side=RIGHT Group=5 Source[1]=TrollFist Side=LEFT Group=5
CORE C1_BIND ElapsedMs=72646.909 Event=COMBAT_MOVE_CANDIDATE_BOUND Actor=Troll Generation=49 Status=CANDIDATE Outstanding=0 Source=<null> Script=_AI_Stumble
CORE C1_STATUS ElapsedMs=72646.972 Event=PERSISTED Actor=Troll Generation=49 Status=PERSISTED Outstanding=0
CORE COLLISION_GROUP ElapsedMs=72798.198 Source=It_2H_Sword_Flamberge UseType=3 Owner=PC_Hero Slot=RIGHT Requested=5 Before=7 After=5 MarkerBitsRetired=1
CORE C1 CLEANUP FULFILLED ElapsedMs=72798.226 Actor=PC_Hero Generation=47 Status=PERSISTED Source=It_2H_Sword_Flamberge Side=RIGHT Requests=1 Outstanding=0 CleanupObserved=1 Group=5
CORE C1_FINAL ElapsedMs=72798.248 Actor=PC_Hero Generation=47 Status=PERSISTED SourceCount=1 PhysicalChanged=0 Source[0]=It_2H_Sword_Flamberge Side=RIGHT Outstanding=0 Cleanup=1 Outcome=NO_OP_NO_OUTSTANDING
CORE C1_FINAL ElapsedMs=73017.579 Actor=Troll Generation=49 Status=PERSISTED SourceCount=2 PhysicalChanged=0 Source[0]=TrollFist Side=RIGHT Outstanding=0 Cleanup=0 Outcome=NO_OP_NO_OUTSTANDING Source[1]=TrollFist Side=LEFT Outstanding=0 Cleanup=0 Outcome=NO_OP_NO_OUTSTANDING
CORE C1_START ElapsedMs=73164.572 Actor=PC_Hero Generation=50 Status=CANDIDATE Outstanding=0 TrackedSources=1 ReplacedGeneration=0 ReplacedOutstanding=0 Source[0]=It_2H_Sword_Flamberge Side=RIGHT Group=5
CORE C1_STATUS ElapsedMs=73171.994 Event=PERSISTED Actor=PC_Hero Generation=50 Status=PERSISTED Outstanding=0
CORE C1_START ElapsedMs=73176.207 Actor=Troll Generation=51 Status=CANDIDATE Outstanding=0 TrackedSources=2 ReplacedGeneration=0 ReplacedOutstanding=0 Source[0]=TrollFist Side=RIGHT Group=5 Source[1]=TrollFist Side=LEFT Group=5
CORE C1_BIND ElapsedMs=73176.221 Event=COMBAT_MOVE_CANDIDATE_BOUND Actor=Troll Generation=51 Status=CANDIDATE Outstanding=0 Source=<null> Script=_AI_PowerAttack
CORE C1_STATUS ElapsedMs=73176.281 Event=PERSISTED Actor=Troll Generation=51 Status=PERSISTED Outstanding=0
CORE C1_START ElapsedMs=73318.658 Actor=PC_Hero Generation=52 Status=CANDIDATE Outstanding=0 TrackedSources=1 ReplacedGeneration=50 ReplacedOutstanding=0 Source[0]=It_2H_Sword_Flamberge Side=RIGHT Group=5
CORE C1_BIND ElapsedMs=73318.670 Event=COMBAT_MOVE_CANDIDATE_BOUND Actor=PC_Hero Generation=52 Status=CANDIDATE Outstanding=0 Source=<null> Script=_AI_Attack
CORE C1_STATUS ElapsedMs=73325.413 Event=PERSISTED Actor=PC_Hero Generation=52 Status=PERSISTED Outstanding=0
CORE ATTACK_OWNERSHIP ElapsedMs=73325.446 Actor=PC_Hero Family=NORMAL Action=1 Phase=1 Motion=Hero_Stand_None_2H_P1_Attack_Hit_N_Fwd_00_%_00_P0_90_L.xmot MarkerPresent=1 RequiredMask=1 FistMarkers=0 Raw8Fist=<none> Raw8UseType=-1 SuppressNative=1 Classification=ROUTINE
CORE COLLISION_GROUP ElapsedMs=73577.822 Source=It_2H_Sword_Flamberge UseType=3 Owner=PC_Hero Slot=RIGHT Requested=7 Before=5 After=7 MarkerBitsRetired=0
CORE C1 OFFENSE REQUEST ElapsedMs=73577.853 Actor=PC_Hero Generation=52 Status=PERSISTED Source=It_2H_Sword_Flamberge Side=RIGHT Requests=1 Outstanding=1 CleanupObserved=0 Group=7
CORE MARKER ElapsedMs=73577.870 Actor=PC_Hero Action=1 Family=NORMAL Phase=1 Motion=Hero_Stand_None_2H_P1_Attack_Hit_N_Fwd_00_%_00_P0_90_L.xmot Marker=RIGHT Result=ACCEPTED C1Valid=1 C1=52 StatePosition=0 PreviousMask=0 DesiredMask=1 RetiredMask=0 OwnedMask=0 MarkerOwnedMask=1 Activated=1 Deactivated=0 Retired=0 RearmRequests=1 Clears=1 RightUseType=3
CORE ONDAMAGE ElapsedMs=73595.438 Ordinal=23 Target=Troll Arg1=Troll Arg2=Troll Caller=Game.dll+0x00069484 PlayerAction=1 PlayerPhase=1 PlayerMotion=Hero_Stand_None_2H_P1_Attack_Hit_N_Fwd_00_%_00_P0_90_L.xmot Raw8Fist=<none> Raw8UseType=-1 Raw8Group=-1
CORE COLLISION_GROUP ElapsedMs=73775.544 Source=It_2H_Sword_Flamberge UseType=3 Owner=PC_Hero Slot=RIGHT Requested=5 Before=7 After=5 MarkerBitsRetired=1
CORE C1 CLEANUP FULFILLED ElapsedMs=73775.564 Actor=PC_Hero Generation=52 Status=PERSISTED Source=It_2H_Sword_Flamberge Side=RIGHT Requests=1 Outstanding=0 CleanupObserved=1 Group=5
CORE C1_FINAL ElapsedMs=73775.586 Actor=PC_Hero Generation=52 Status=PERSISTED SourceCount=1 PhysicalChanged=0 Source[0]=It_2H_Sword_Flamberge Side=RIGHT Outstanding=0 Cleanup=1 Outcome=NO_OP_NO_OUTSTANDING
CORE C1_BIND ElapsedMs=75221.690 Event=COMBAT_MOVE_REUSED Actor=Troll Generation=51 Status=PERSISTED Outstanding=0 Source=<null> Script=_AI_PowerAttack
CORE ATTACK_OWNERSHIP ElapsedMs=75221.814 Actor=Troll Family=SPRINT Action=9 Phase=1 Motion=Troll_Stand_Fist_Fist_P0_PowerAttack_Hit_N_Fwd_00_%_00_P0_150.xmot MarkerPresent=0 RequiredMask=0 FistMarkers=0 Raw8Fist=<none> Raw8UseType=-1 SuppressNative=0 Classification=ROUTINE
CORE COLLISION_GROUP ElapsedMs=75221.843 Source=TrollFist UseType=55 Owner=Troll Slot=RIGHT Requested=7 Before=5 After=7 MarkerBitsRetired=0
CORE C1 OFFENSE REQUEST ElapsedMs=75221.852 Actor=Troll Generation=51 Status=PERSISTED Source=TrollFist Side=RIGHT Requests=1 Outstanding=1 CleanupObserved=0 Group=7
CORE COLLISION_GROUP ElapsedMs=75645.505 Source=TrollFist UseType=55 Owner=Troll Slot=RIGHT Requested=5 Before=7 After=5 MarkerBitsRetired=0
CORE C1 CLEANUP FULFILLED ElapsedMs=75645.534 Actor=Troll Generation=51 Status=PERSISTED Source=TrollFist Side=RIGHT Requests=1 Outstanding=0 CleanupObserved=1 Group=5
CORE C1_FINAL ElapsedMs=75645.556 Actor=Troll Generation=51 Status=PERSISTED SourceCount=2 PhysicalChanged=0 Source[0]=TrollFist Side=RIGHT Outstanding=0 Cleanup=1 Outcome=NO_OP_NO_OUTSTANDING Source[1]=TrollFist Side=LEFT Outstanding=0 Cleanup=0 Outcome=NO_OP_NO_OUTSTANDING
CORE C1_START ElapsedMs=75989.029 Actor=PC_Hero Generation=53 Status=CANDIDATE Outstanding=0 TrackedSources=1 ReplacedGeneration=0 ReplacedOutstanding=0 Source[0]=It_2H_Sword_Flamberge Side=RIGHT Group=5
CORE C1_STATUS ElapsedMs=75989.099 Event=PERSISTED Actor=PC_Hero Generation=53 Status=PERSISTED Outstanding=0
CORE C1_START ElapsedMs=76143.620 Actor=PC_Hero Generation=54 Status=CANDIDATE Outstanding=0 TrackedSources=1 ReplacedGeneration=53 ReplacedOutstanding=0 Source[0]=It_2H_Sword_Flamberge Side=RIGHT Group=5
CORE C1_BIND ElapsedMs=76143.633 Event=COMBAT_MOVE_CANDIDATE_BOUND Actor=PC_Hero Generation=54 Status=CANDIDATE Outstanding=0 Source=<null> Script=_AI_Attack
CORE C1_STATUS ElapsedMs=76143.699 Event=PERSISTED Actor=PC_Hero Generation=54 Status=PERSISTED Outstanding=0
CORE ATTACK_OWNERSHIP ElapsedMs=76143.717 Actor=PC_Hero Family=NORMAL Action=1 Phase=1 Motion=Hero_Stand_None_2H_P0_Attack_Hit_N_Fwd_00_%_00_P1_90_R.xmot MarkerPresent=1 RequiredMask=1 FistMarkers=0 Raw8Fist=<none> Raw8UseType=-1 SuppressNative=1 Classification=ROUTINE
CORE C1_START ElapsedMs=76156.608 Actor=Troll Generation=55 Status=CANDIDATE Outstanding=0 TrackedSources=2 ReplacedGeneration=0 ReplacedOutstanding=0 Source[0]=TrollFist Side=RIGHT Group=5 Source[1]=TrollFist Side=LEFT Group=5
CORE C1_BIND ElapsedMs=76156.621 Event=COMBAT_MOVE_CANDIDATE_BOUND Actor=Troll Generation=55 Status=CANDIDATE Outstanding=0 Source=<null> Script=_AI_JumpBack
CORE C1_STATUS ElapsedMs=76156.685 Event=PERSISTED Actor=Troll Generation=55 Status=PERSISTED Outstanding=0
CORE COLLISION_GROUP ElapsedMs=76398.704 Source=It_2H_Sword_Flamberge UseType=3 Owner=PC_Hero Slot=RIGHT Requested=7 Before=5 After=7 MarkerBitsRetired=0
CORE C1 OFFENSE REQUEST ElapsedMs=76398.785 Actor=PC_Hero Generation=54 Status=PERSISTED Source=It_2H_Sword_Flamberge Side=RIGHT Requests=1 Outstanding=1 CleanupObserved=0 Group=7
CORE MARKER ElapsedMs=76398.805 Actor=PC_Hero Action=1 Family=NORMAL Phase=1 Motion=Hero_Stand_None_2H_P0_Attack_Hit_N_Fwd_00_%_00_P1_90_R.xmot Marker=RIGHT Result=ACCEPTED C1Valid=1 C1=54 StatePosition=0 PreviousMask=0 DesiredMask=1 RetiredMask=0 OwnedMask=0 MarkerOwnedMask=1 Activated=1 Deactivated=0 Retired=0 RearmRequests=1 Clears=1 RightUseType=3
CORE ONDAMAGE ElapsedMs=76415.256 Ordinal=24 Target=Troll Arg1=Troll Arg2=Troll Caller=Game.dll+0x00069484 PlayerAction=1 PlayerPhase=1 PlayerMotion=Hero_Stand_None_2H_P0_Attack_Hit_N_Fwd_00_%_00_P1_90_R.xmot Raw8Fist=<none> Raw8UseType=-1 Raw8Group=-1
CORE C1_START ElapsedMs=76419.634 Actor=Troll Generation=56 Status=CANDIDATE Outstanding=0 TrackedSources=2 ReplacedGeneration=55 ReplacedOutstanding=0 Source[0]=TrollFist Side=RIGHT Group=5 Source[1]=TrollFist Side=LEFT Group=5
CORE C1_BIND ElapsedMs=76419.647 Event=COMBAT_MOVE_CANDIDATE_BOUND Actor=Troll Generation=56 Status=CANDIDATE Outstanding=0 Source=<null> Script=_AI_Stumble
CORE C1_STATUS ElapsedMs=76419.709 Event=PERSISTED Actor=Troll Generation=56 Status=PERSISTED Outstanding=0
CORE COLLISION_GROUP ElapsedMs=76597.418 Source=It_2H_Sword_Flamberge UseType=3 Owner=PC_Hero Slot=RIGHT Requested=5 Before=7 After=5 MarkerBitsRetired=1
CORE C1 CLEANUP FULFILLED ElapsedMs=76597.447 Actor=PC_Hero Generation=54 Status=PERSISTED Source=It_2H_Sword_Flamberge Side=RIGHT Requests=1 Outstanding=0 CleanupObserved=1 Group=5
CORE C1_FINAL ElapsedMs=76597.496 Actor=PC_Hero Generation=54 Status=PERSISTED SourceCount=1 PhysicalChanged=0 Source[0]=It_2H_Sword_Flamberge Side=RIGHT Outstanding=0 Cleanup=1 Outcome=NO_OP_NO_OUTSTANDING
CORE C1_FINAL ElapsedMs=76794.701 Actor=Troll Generation=56 Status=PERSISTED SourceCount=2 PhysicalChanged=0 Source[0]=TrollFist Side=RIGHT Outstanding=0 Cleanup=0 Outcome=NO_OP_NO_OUTSTANDING Source[1]=TrollFist Side=LEFT Outstanding=0 Cleanup=0 Outcome=NO_OP_NO_OUTSTANDING
CORE C1_START ElapsedMs=76818.430 Actor=Troll Generation=57 Status=CANDIDATE Outstanding=0 TrackedSources=2 ReplacedGeneration=0 ReplacedOutstanding=0 Source[0]=TrollFist Side=RIGHT Group=5 Source[1]=TrollFist Side=LEFT Group=5
CORE C1_BIND ElapsedMs=76818.443 Event=COMBAT_MOVE_CANDIDATE_BOUND Actor=Troll Generation=57 Status=CANDIDATE Outstanding=0 Source=<null> Script=_AI_QuickAttack
CORE C1_STATUS ElapsedMs=76818.508 Event=PERSISTED Actor=Troll Generation=57 Status=PERSISTED Outstanding=0
CORE ATTACK_OWNERSHIP ElapsedMs=76818.524 Actor=Troll Family=QUICK Action=5 Phase=1 Motion=Troll_Stand_Fist_Fist_P0_QuickAttackL_Hit_N_Fwd_00_%_00_P0_100.xmot MarkerPresent=0 RequiredMask=0 FistMarkers=0 Raw8Fist=<none> Raw8UseType=-1 SuppressNative=0 Classification=ROUTINE
CORE COLLISION_GROUP ElapsedMs=76918.954 Source=TrollFist UseType=55 Owner=Troll Slot=RIGHT Requested=7 Before=5 After=7 MarkerBitsRetired=0
CORE C1 OFFENSE REQUEST ElapsedMs=76918.982 Actor=Troll Generation=57 Status=PERSISTED Source=TrollFist Side=RIGHT Requests=1 Outstanding=1 CleanupObserved=0 Group=7
CORE C1_START ElapsedMs=77015.819 Actor=PC_Hero Generation=58 Status=CANDIDATE Outstanding=0 TrackedSources=1 ReplacedGeneration=0 ReplacedOutstanding=0 Source[0]=It_2H_Sword_Flamberge Side=RIGHT Group=5
CORE C1_STATUS ElapsedMs=77015.891 Event=PERSISTED Actor=PC_Hero Generation=58 Status=PERSISTED Outstanding=0
CORE ONDAMAGE ElapsedMs=77065.648 Ordinal=25 Target=PC_Hero Arg1=PC_Hero Arg2=PC_Hero Caller=Game.dll+0x00069484 PlayerAction=0 PlayerPhase=0 PlayerMotion=Hero_Stand_None_2H_P1_Attack_Raise_N_Fwd_00_%_00_P1_0_L.xmot Raw8Fist=<none> Raw8UseType=-1 Raw8Group=-1
CORE C1_START ElapsedMs=77074.322 Actor=PC_Hero Generation=59 Status=CANDIDATE Outstanding=0 TrackedSources=1 ReplacedGeneration=58 ReplacedOutstanding=0 Source[0]=It_2H_Sword_Flamberge Side=RIGHT Group=5
CORE C1_BIND ElapsedMs=77074.334 Event=COMBAT_MOVE_CANDIDATE_BOUND Actor=PC_Hero Generation=59 Status=CANDIDATE Outstanding=0 Source=<null> Script=_AI_Stumble
CORE C1_STATUS ElapsedMs=77074.394 Event=PERSISTED Actor=PC_Hero Generation=59 Status=PERSISTED Outstanding=0
CORE C1_FINAL ElapsedMs=77361.567 Actor=PC_Hero Generation=59 Status=PERSISTED SourceCount=1 PhysicalChanged=0 Source[0]=It_2H_Sword_Flamberge Side=RIGHT Outstanding=0 Cleanup=0 Outcome=NO_OP_NO_OUTSTANDING
CORE COLLISION_GROUP ElapsedMs=77570.901 Source=TrollFist UseType=55 Owner=Troll Slot=RIGHT Requested=5 Before=7 After=5 MarkerBitsRetired=0
CORE C1 CLEANUP FULFILLED ElapsedMs=77570.928 Actor=Troll Generation=57 Status=PERSISTED Source=TrollFist Side=RIGHT Requests=1 Outstanding=0 CleanupObserved=1 Group=5
CORE C1_FINAL ElapsedMs=77666.514 Actor=Troll Generation=57 Status=PERSISTED SourceCount=2 PhysicalChanged=0 Source[0]=TrollFist Side=RIGHT Outstanding=0 Cleanup=1 Outcome=NO_OP_NO_OUTSTANDING Source[1]=TrollFist Side=LEFT Outstanding=0 Cleanup=0 Outcome=NO_OP_NO_OUTSTANDING
CORE C1_START ElapsedMs=77675.145 Actor=Troll Generation=60 Status=CANDIDATE Outstanding=0 TrackedSources=2 ReplacedGeneration=0 ReplacedOutstanding=0 Source[0]=TrollFist Side=RIGHT Group=5 Source[1]=TrollFist Side=LEFT Group=5
CORE C1_BIND ElapsedMs=77675.158 Event=COMBAT_MOVE_CANDIDATE_BOUND Actor=Troll Generation=60 Status=CANDIDATE Outstanding=0 Source=<null> Script=_AI_PowerAttack
CORE C1_STATUS ElapsedMs=77675.224 Event=PERSISTED Actor=Troll Generation=60 Status=PERSISTED Outstanding=0
CORE C1_START ElapsedMs=77754.448 Actor=PC_Hero Generation=61 Status=CANDIDATE Outstanding=0 TrackedSources=1 ReplacedGeneration=0 ReplacedOutstanding=0 Source[0]=It_2H_Sword_Flamberge Side=RIGHT Group=5
CORE C1_STATUS ElapsedMs=77754.519 Event=PERSISTED Actor=PC_Hero Generation=61 Status=PERSISTED Outstanding=0
CORE C1_START ElapsedMs=77904.494 Actor=PC_Hero Generation=62 Status=CANDIDATE Outstanding=0 TrackedSources=1 ReplacedGeneration=61 ReplacedOutstanding=0 Source[0]=It_2H_Sword_Flamberge Side=RIGHT Group=5
CORE C1_BIND ElapsedMs=77904.506 Event=COMBAT_MOVE_CANDIDATE_BOUND Actor=PC_Hero Generation=62 Status=CANDIDATE Outstanding=0 Source=<null> Script=_AI_Attack
CORE C1_STATUS ElapsedMs=77904.570 Event=PERSISTED Actor=PC_Hero Generation=62 Status=PERSISTED Outstanding=0
CORE COLLISION_GROUP ElapsedMs=78158.701 Source=It_2H_Sword_Flamberge UseType=3 Owner=PC_Hero Slot=RIGHT Requested=7 Before=5 After=7 MarkerBitsRetired=0
CORE C1 OFFENSE REQUEST ElapsedMs=78158.731 Actor=PC_Hero Generation=62 Status=PERSISTED Source=It_2H_Sword_Flamberge Side=RIGHT Requests=1 Outstanding=1 CleanupObserved=0 Group=7
CORE MARKER ElapsedMs=78158.742 Actor=PC_Hero Action=1 Family=NORMAL Phase=1 Motion=Hero_Stand_None_2H_P0_Attack_Hit_N_Fwd_00_%_00_P1_90_R.xmot Marker=RIGHT Result=ACCEPTED C1Valid=1 C1=62 StatePosition=0 PreviousMask=0 DesiredMask=1 RetiredMask=0 OwnedMask=0 MarkerOwnedMask=1 Activated=1 Deactivated=0 Retired=0 RearmRequests=1 Clears=1 RightUseType=3
CORE ONDAMAGE ElapsedMs=78178.581 Ordinal=26 Target=Troll Arg1=Troll Arg2=Troll Caller=Game.dll+0x00069484 PlayerAction=1 PlayerPhase=1 PlayerMotion=Hero_Stand_None_2H_P0_Attack_Hit_N_Fwd_00_%_00_P1_90_R.xmot Raw8Fist=<none> Raw8UseType=-1 Raw8Group=-1
CORE COLLISION_GROUP ElapsedMs=78350.759 Source=It_2H_Sword_Flamberge UseType=3 Owner=PC_Hero Slot=RIGHT Requested=5 Before=7 After=5 MarkerBitsRetired=1
CORE C1 CLEANUP FULFILLED ElapsedMs=78350.787 Actor=PC_Hero Generation=62 Status=PERSISTED Source=It_2H_Sword_Flamberge Side=RIGHT Requests=1 Outstanding=0 CleanupObserved=1 Group=5
CORE C1_FINAL ElapsedMs=78350.809 Actor=PC_Hero Generation=62 Status=PERSISTED SourceCount=1 PhysicalChanged=0 Source[0]=It_2H_Sword_Flamberge Side=RIGHT Outstanding=0 Cleanup=1 Outcome=NO_OP_NO_OUTSTANDING
CORE C1_BIND ElapsedMs=79730.557 Event=COMBAT_MOVE_REUSED Actor=Troll Generation=60 Status=PERSISTED Outstanding=0 Source=<null> Script=_AI_PowerAttack
CORE ATTACK_OWNERSHIP ElapsedMs=79730.674 Actor=Troll Family=SPRINT Action=9 Phase=1 Motion=Troll_Stand_Fist_Fist_P0_PowerAttack_Hit_N_Fwd_00_%_00_P0_150.xmot MarkerPresent=0 RequiredMask=0 FistMarkers=0 Raw8Fist=<none> Raw8UseType=-1 SuppressNative=0 Classification=ROUTINE
CORE COLLISION_GROUP ElapsedMs=79730.749 Source=TrollFist UseType=55 Owner=Troll Slot=RIGHT Requested=7 Before=5 After=7 MarkerBitsRetired=0
CORE C1 OFFENSE REQUEST ElapsedMs=79730.760 Actor=Troll Generation=60 Status=PERSISTED Source=TrollFist Side=RIGHT Requests=1 Outstanding=1 CleanupObserved=0 Group=7
CORE ONDAMAGE ElapsedMs=79921.779 Ordinal=27 Target=PC_Hero Arg1=PC_Hero Arg2=PC_Hero Caller=Game.dll+0x00069484 PlayerAction=0 PlayerPhase=5 PlayerMotion=Hero_Stand_None_2H_P1_Ambient_Loop_N_Fwd_00_%_00_P1_0.xmot Raw8Fist=<none> Raw8UseType=-1 Raw8Group=-1
CORE C1_START ElapsedMs=79928.883 Actor=PC_Hero Generation=63 Status=CANDIDATE Outstanding=0 TrackedSources=1 ReplacedGeneration=0 ReplacedOutstanding=0 Source[0]=It_2H_Sword_Flamberge Side=RIGHT Group=5
CORE C1_STATUS ElapsedMs=79937.619 Event=PERSISTED Actor=PC_Hero Generation=63 Status=PERSISTED Outstanding=0
CORE COLLISION_GROUP ElapsedMs=80143.537 Source=TrollFist UseType=55 Owner=Troll Slot=RIGHT Requested=5 Before=7 After=5 MarkerBitsRetired=0
CORE C1 CLEANUP FULFILLED ElapsedMs=80143.565 Actor=Troll Generation=60 Status=PERSISTED Source=TrollFist Side=RIGHT Requests=1 Outstanding=0 CleanupObserved=1 Group=5
CORE C1_FINAL ElapsedMs=80143.587 Actor=Troll Generation=60 Status=PERSISTED SourceCount=2 PhysicalChanged=0 Source[0]=TrollFist Side=RIGHT Outstanding=0 Cleanup=1 Outcome=NO_OP_NO_OUTSTANDING Source[1]=TrollFist Side=LEFT Outstanding=0 Cleanup=0 Outcome=NO_OP_NO_OUTSTANDING
CORE C1_START ElapsedMs=81328.081 Actor=Troll Generation=64 Status=CANDIDATE Outstanding=0 TrackedSources=2 ReplacedGeneration=0 ReplacedOutstanding=0 Source[0]=TrollFist Side=RIGHT Group=5 Source[1]=TrollFist Side=LEFT Group=5
CORE C1_BIND ElapsedMs=81328.094 Event=COMBAT_MOVE_CANDIDATE_BOUND Actor=Troll Generation=64 Status=CANDIDATE Outstanding=0 Source=<null> Script=_AI_Attack
CORE C1_STATUS ElapsedMs=81328.161 Event=PERSISTED Actor=Troll Generation=64 Status=PERSISTED Outstanding=0
CORE ATTACK_OWNERSHIP ElapsedMs=81328.178 Actor=Troll Family=NORMAL Action=1 Phase=1 Motion=Troll_Stand_Fist_Fist_P0_Attack_Hit_N_Fwd_00_%_00_P0_100.xmot MarkerPresent=0 RequiredMask=0 FistMarkers=0 Raw8Fist=<none> Raw8UseType=-1 SuppressNative=0 Classification=ROUTINE
CORE COLLISION_GROUP ElapsedMs=81567.806 Source=TrollFist UseType=55 Owner=Troll Slot=RIGHT Requested=7 Before=5 After=7 MarkerBitsRetired=0
CORE C1 OFFENSE REQUEST ElapsedMs=81567.833 Actor=Troll Generation=64 Status=PERSISTED Source=TrollFist Side=RIGHT Requests=1 Outstanding=1 CleanupObserved=0 Group=7
CORE C1_FINAL ElapsedMs=81782.158 Actor=PC_Hero Generation=63 Status=PERSISTED SourceCount=1 PhysicalChanged=0 Source[0]=It_2H_Sword_Flamberge Side=RIGHT Outstanding=0 Cleanup=0 Outcome=NO_OP_NO_OUTSTANDING
CORE COLLISION_GROUP ElapsedMs=81791.128 Source=It_2H_Sword_Flamberge UseType=3 Owner=PC_Hero Slot=RIGHT Requested=7 Before=5 After=7 MarkerBitsRetired=0
CORE C1_START ElapsedMs=81791.156 Actor=PC_Hero Generation=65 Status=OUTER_BOUND Outstanding=0 TrackedSources=1 ReplacedGeneration=0 ReplacedOutstanding=0 Source[0]=It_2H_Sword_Flamberge Side=RIGHT Group=7
CORE C1_BIND ElapsedMs=81791.163 Event=PRECOMBAT_ACQUIRED Actor=PC_Hero Generation=65 Status=OUTER_BOUND Outstanding=0 Source=It_2H_Sword_Flamberge Script=_AI_GetUpAttack
CORE C1 OFFENSE REQUEST ElapsedMs=81791.167 Actor=PC_Hero Generation=65 Status=OUTER_BOUND Source=It_2H_Sword_Flamberge Side=RIGHT Requests=1 Outstanding=1 CleanupObserved=0 Group=7
CORE C1_BIND ElapsedMs=81791.185 Event=PRECOMBAT_BRIDGE_CONSUMED Actor=PC_Hero Generation=65 Status=PERSISTED Outstanding=1 Source=<null> Script=_AI_GetUpAttack
CORE COLLISION_GROUP ElapsedMs=81884.421 Source=It_2H_Sword_Flamberge UseType=3 Owner=PC_Hero Slot=RIGHT Requested=7 Before=7 After=7 MarkerBitsRetired=0
CORE C1 OFFENSE REQUEST ElapsedMs=81884.451 Actor=PC_Hero Generation=65 Status=PERSISTED Source=It_2H_Sword_Flamberge Side=RIGHT Requests=2 Outstanding=1 CleanupObserved=0 Group=7
CORE ONDAMAGE ElapsedMs=81962.692 Ordinal=28 Target=Troll Arg1=Troll Arg2=Troll Caller=Game.dll+0x00069484 PlayerAction=30 PlayerPhase=1 PlayerMotion=Hero_SitKnockDown_None_2H_P0_GetUpAttack_Hit_N_Fwd_00_%_00_P1_100_R.xmot Raw8Fist=<none> Raw8UseType=-1 Raw8Group=-1
CORE COLLISION_GROUP ElapsedMs=81967.137 Source=TrollFist UseType=55 Owner=Troll Slot=RIGHT Requested=5 Before=7 After=5 MarkerBitsRetired=0
CORE C1 CLEANUP FULFILLED ElapsedMs=81967.164 Actor=Troll Generation=64 Status=PERSISTED Source=TrollFist Side=RIGHT Requests=1 Outstanding=0 CleanupObserved=1 Group=5
CORE C1_START ElapsedMs=81967.206 Actor=Troll Generation=66 Status=CANDIDATE Outstanding=0 TrackedSources=2 ReplacedGeneration=64 ReplacedOutstanding=0 Source[0]=TrollFist Side=RIGHT Group=5 Source[1]=TrollFist Side=LEFT Group=5
CORE C1_BIND ElapsedMs=81967.213 Event=COMBAT_MOVE_CANDIDATE_BOUND Actor=Troll Generation=66 Status=CANDIDATE Outstanding=0 Source=<null> Script=_AI_Stumble
CORE C1_STATUS ElapsedMs=81967.277 Event=PERSISTED Actor=Troll Generation=66 Status=PERSISTED Outstanding=0
CORE COLLISION_GROUP ElapsedMs=82160.130 Source=It_2H_Sword_Flamberge UseType=3 Owner=PC_Hero Slot=RIGHT Requested=5 Before=7 After=5 MarkerBitsRetired=0
CORE C1 CLEANUP FULFILLED ElapsedMs=82160.149 Actor=PC_Hero Generation=65 Status=PERSISTED Source=It_2H_Sword_Flamberge Side=RIGHT Requests=2 Outstanding=0 CleanupObserved=1 Group=5
CORE C1_FINAL ElapsedMs=82160.180 Actor=PC_Hero Generation=65 Status=PERSISTED SourceCount=1 PhysicalChanged=0 Source[0]=It_2H_Sword_Flamberge Side=RIGHT Outstanding=0 Cleanup=1 Outcome=NO_OP_NO_OUTSTANDING
CORE C1_FINAL ElapsedMs=82336.184 Actor=Troll Generation=66 Status=PERSISTED SourceCount=2 PhysicalChanged=0 Source[0]=TrollFist Side=RIGHT Outstanding=0 Cleanup=0 Outcome=NO_OP_NO_OUTSTANDING Source[1]=TrollFist Side=LEFT Outstanding=0 Cleanup=0 Outcome=NO_OP_NO_OUTSTANDING
CORE C1_START ElapsedMs=82351.264 Actor=Troll Generation=67 Status=CANDIDATE Outstanding=0 TrackedSources=2 ReplacedGeneration=0 ReplacedOutstanding=0 Source[0]=TrollFist Side=RIGHT Group=5 Source[1]=TrollFist Side=LEFT Group=5
CORE C1_BIND ElapsedMs=82351.276 Event=COMBAT_MOVE_CANDIDATE_BOUND Actor=Troll Generation=67 Status=CANDIDATE Outstanding=0 Source=<null> Script=_AI_QuickAttack
CORE C1_STATUS ElapsedMs=82351.350 Event=PERSISTED Actor=Troll Generation=67 Status=PERSISTED Outstanding=0
CORE ATTACK_OWNERSHIP ElapsedMs=82351.368 Actor=Troll Family=QUICK Action=5 Phase=1 Motion=Troll_Stand_Fist_Fist_P0_QuickAttackL_Hit_N_Fwd_00_%_00_P0_100.xmot MarkerPresent=0 RequiredMask=0 FistMarkers=0 Raw8Fist=<none> Raw8UseType=-1 SuppressNative=0 Classification=ROUTINE
CORE COLLISION_GROUP ElapsedMs=82446.867 Source=TrollFist UseType=55 Owner=Troll Slot=RIGHT Requested=7 Before=5 After=7 MarkerBitsRetired=0
CORE C1 OFFENSE REQUEST ElapsedMs=82446.894 Actor=Troll Generation=67 Status=PERSISTED Source=TrollFist Side=RIGHT Requests=1 Outstanding=1 CleanupObserved=0 Group=7
CORE ONDAMAGE ElapsedMs=82574.790 Ordinal=29 Target=PC_Hero Arg1=PC_Hero Arg2=PC_Hero Caller=Game.dll+0x00069484 PlayerAction=0 PlayerPhase=3 PlayerMotion=Hero_SitKnockDown_None_2H_P1_GetUpAttack_Recover_N_Fwd_00_%_00_P1_0_R.xmot Raw8Fist=<none> Raw8UseType=-1 Raw8Group=-1
CORE C1_START ElapsedMs=82580.461 Actor=PC_Hero Generation=68 Status=CANDIDATE Outstanding=0 TrackedSources=1 ReplacedGeneration=0 ReplacedOutstanding=0 Source[0]=It_2H_Sword_Flamberge Side=RIGHT Group=5
CORE C1_BIND ElapsedMs=82580.472 Event=COMBAT_MOVE_CANDIDATE_BOUND Actor=PC_Hero Generation=68 Status=CANDIDATE Outstanding=0 Source=<null> Script=_AI_Stumble
CORE C1_STATUS ElapsedMs=82580.537 Event=PERSISTED Actor=PC_Hero Generation=68 Status=PERSISTED Outstanding=0
CORE C1_FINAL ElapsedMs=82862.458 Actor=PC_Hero Generation=68 Status=PERSISTED SourceCount=1 PhysicalChanged=0 Source[0]=It_2H_Sword_Flamberge Side=RIGHT Outstanding=0 Cleanup=0 Outcome=NO_OP_NO_OUTSTANDING
CORE COLLISION_GROUP ElapsedMs=83088.320 Source=TrollFist UseType=55 Owner=Troll Slot=RIGHT Requested=5 Before=7 After=5 MarkerBitsRetired=0
CORE C1 CLEANUP FULFILLED ElapsedMs=83088.352 Actor=Troll Generation=67 Status=PERSISTED Source=TrollFist Side=RIGHT Requests=1 Outstanding=0 CleanupObserved=1 Group=5
CORE C1_FINAL ElapsedMs=83185.416 Actor=Troll Generation=67 Status=PERSISTED SourceCount=2 PhysicalChanged=0 Source[0]=TrollFist Side=RIGHT Outstanding=0 Cleanup=1 Outcome=NO_OP_NO_OUTSTANDING Source[1]=TrollFist Side=LEFT Outstanding=0 Cleanup=0 Outcome=NO_OP_NO_OUTSTANDING
CORE C1_START ElapsedMs=83534.388 Actor=PC_Hero Generation=69 Status=CANDIDATE Outstanding=0 TrackedSources=1 ReplacedGeneration=0 ReplacedOutstanding=0 Source[0]=It_2H_Sword_Flamberge Side=RIGHT Group=5
CORE C1_BIND ElapsedMs=83534.401 Event=COMBAT_MOVE_CANDIDATE_BOUND Actor=PC_Hero Generation=69 Status=CANDIDATE Outstanding=0 Source=<null> Script=_AI_QuickAttack
CORE C1_STATUS ElapsedMs=83540.113 Event=PERSISTED Actor=PC_Hero Generation=69 Status=PERSISTED Outstanding=0
CORE ATTACK_OWNERSHIP ElapsedMs=83540.150 Actor=PC_Hero Family=QUICK Action=5 Phase=1 Motion=Hero_Stand_None_2H_P0_QuickAttackL_Hit_N_Fwd_00_%_00_P1_90_L.xmot MarkerPresent=1 RequiredMask=1 FistMarkers=0 Raw8Fist=<none> Raw8UseType=-1 SuppressNative=1 Classification=ROUTINE
CORE COLLISION_GROUP ElapsedMs=83793.615 Source=It_2H_Sword_Flamberge UseType=3 Owner=PC_Hero Slot=RIGHT Requested=7 Before=5 After=7 MarkerBitsRetired=0
CORE C1 OFFENSE REQUEST ElapsedMs=83793.646 Actor=PC_Hero Generation=69 Status=PERSISTED Source=It_2H_Sword_Flamberge Side=RIGHT Requests=1 Outstanding=1 CleanupObserved=0 Group=7
CORE MARKER ElapsedMs=83793.659 Actor=PC_Hero Action=5 Family=QUICK Phase=1 Motion=Hero_Stand_None_2H_P0_QuickAttackL_Hit_N_Fwd_00_%_00_P1_90_L.xmot Marker=RIGHT Result=ACCEPTED C1Valid=1 C1=69 StatePosition=1 PreviousMask=0 DesiredMask=1 RetiredMask=0 OwnedMask=0 MarkerOwnedMask=1 Activated=1 Deactivated=0 Retired=0 RearmRequests=1 Clears=1 RightUseType=3
CORE ONDAMAGE ElapsedMs=83807.791 Ordinal=30 Target=Troll Arg1=Troll Arg2=Troll Caller=Game.dll+0x00069484 PlayerAction=5 PlayerPhase=1 PlayerMotion=Hero_Stand_None_2H_P0_QuickAttackL_Hit_N_Fwd_00_%_00_P1_90_L.xmot Raw8Fist=<none> Raw8UseType=-1 Raw8Group=-1
CORE C1_START ElapsedMs=83812.071 Actor=Troll Generation=70 Status=CANDIDATE Outstanding=0 TrackedSources=2 ReplacedGeneration=0 ReplacedOutstanding=0 Source[0]=TrollFist Side=RIGHT Group=5 Source[1]=TrollFist Side=LEFT Group=5
CORE C1_BIND ElapsedMs=83812.083 Event=COMBAT_MOVE_CANDIDATE_BOUND Actor=Troll Generation=70 Status=CANDIDATE Outstanding=0 Source=<null> Script=_AI_Stumble
CORE C1_STATUS ElapsedMs=83812.558 Event=PERSISTED Actor=Troll Generation=70 Status=PERSISTED Outstanding=0
CORE COLLISION_GROUP ElapsedMs=83993.141 Source=It_2H_Sword_Flamberge UseType=3 Owner=PC_Hero Slot=RIGHT Requested=5 Before=7 After=5 MarkerBitsRetired=1
CORE C1 CLEANUP FULFILLED ElapsedMs=83993.162 Actor=PC_Hero Generation=69 Status=PERSISTED Source=It_2H_Sword_Flamberge Side=RIGHT Requests=1 Outstanding=0 CleanupObserved=1 Group=5
CORE C1_FINAL ElapsedMs=84085.277 Actor=PC_Hero Generation=69 Status=PERSISTED SourceCount=1 PhysicalChanged=0 Source[0]=It_2H_Sword_Flamberge Side=RIGHT Outstanding=0 Cleanup=1 Outcome=NO_OP_NO_OUTSTANDING
CORE C1_FINAL ElapsedMs=84186.916 Actor=Troll Generation=70 Status=PERSISTED SourceCount=2 PhysicalChanged=0 Source[0]=TrollFist Side=RIGHT Outstanding=0 Cleanup=0 Outcome=NO_OP_NO_OUTSTANDING Source[1]=TrollFist Side=LEFT Outstanding=0 Cleanup=0 Outcome=NO_OP_NO_OUTSTANDING
CORE C1_START ElapsedMs=84371.667 Actor=Troll Generation=71 Status=CANDIDATE Outstanding=0 TrackedSources=2 ReplacedGeneration=0 ReplacedOutstanding=0 Source[0]=TrollFist Side=RIGHT Group=5 Source[1]=TrollFist Side=LEFT Group=5
CORE C1_BIND ElapsedMs=84371.679 Event=COMBAT_MOVE_CANDIDATE_BOUND Actor=Troll Generation=71 Status=CANDIDATE Outstanding=0 Source=<null> Script=_AI_Attack
CORE C1_STATUS ElapsedMs=84371.741 Event=PERSISTED Actor=Troll Generation=71 Status=PERSISTED Outstanding=0
CORE ATTACK_OWNERSHIP ElapsedMs=84371.756 Actor=Troll Family=NORMAL Action=1 Phase=1 Motion=Troll_Stand_Fist_Fist_P0_Attack_Hit_N_Fwd_00_%_00_P0_100.xmot MarkerPresent=0 RequiredMask=0 FistMarkers=0 Raw8Fist=<none> Raw8UseType=-1 SuppressNative=0 Classification=ROUTINE
CORE COLLISION_GROUP ElapsedMs=84603.988 Source=TrollFist UseType=55 Owner=Troll Slot=RIGHT Requested=7 Before=5 After=7 MarkerBitsRetired=0
CORE C1 OFFENSE REQUEST ElapsedMs=84604.019 Actor=Troll Generation=71 Status=PERSISTED Source=TrollFist Side=RIGHT Requests=1 Outstanding=1 CleanupObserved=0 Group=7
CORE ONDAMAGE ElapsedMs=85342.043 Ordinal=31 Target=PC_Hero Arg1=PC_Hero Arg2=PC_Hero Caller=Game.dll+0x00069484 PlayerAction=0 PlayerPhase=5 PlayerMotion=Hero_Stand_None_2H_P1_Ambient_Loop_N_Fwd_00_%_00_P1_0.xmot Raw8Fist=<none> Raw8UseType=-1 Raw8Group=-1
CORE C1_START ElapsedMs=85347.962 Actor=PC_Hero Generation=72 Status=CANDIDATE Outstanding=0 TrackedSources=1 ReplacedGeneration=0 ReplacedOutstanding=0 Source[0]=It_2H_Sword_Flamberge Side=RIGHT Group=5
CORE C1_BIND ElapsedMs=85347.975 Event=COMBAT_MOVE_CANDIDATE_BOUND Actor=PC_Hero Generation=72 Status=CANDIDATE Outstanding=0 Source=<null> Script=_AI_Stumble
CORE C1_STATUS ElapsedMs=85348.032 Event=PERSISTED Actor=PC_Hero Generation=72 Status=PERSISTED Outstanding=0
CORE COLLISION_GROUP ElapsedMs=85480.824 Source=TrollFist UseType=55 Owner=Troll Slot=RIGHT Requested=5 Before=7 After=5 MarkerBitsRetired=0
CORE C1 CLEANUP FULFILLED ElapsedMs=85480.880 Actor=Troll Generation=71 Status=PERSISTED Source=TrollFist Side=RIGHT Requests=1 Outstanding=0 CleanupObserved=1 Group=5
CORE C1_FINAL ElapsedMs=85480.902 Actor=Troll Generation=71 Status=PERSISTED SourceCount=2 PhysicalChanged=0 Source[0]=TrollFist Side=RIGHT Outstanding=0 Cleanup=1 Outcome=NO_OP_NO_OUTSTANDING Source[1]=TrollFist Side=LEFT Outstanding=0 Cleanup=0 Outcome=NO_OP_NO_OUTSTANDING
CORE C1_FINAL ElapsedMs=85635.349 Actor=PC_Hero Generation=72 Status=PERSISTED SourceCount=1 PhysicalChanged=0 Source[0]=It_2H_Sword_Flamberge Side=RIGHT Outstanding=0 Cleanup=0 Outcome=NO_OP_NO_OUTSTANDING
CORE C1_START ElapsedMs=86661.672 Actor=Troll Generation=73 Status=CANDIDATE Outstanding=0 TrackedSources=2 ReplacedGeneration=0 ReplacedOutstanding=0 Source[0]=TrollFist Side=RIGHT Group=5 Source[1]=TrollFist Side=LEFT Group=5
CORE C1_BIND ElapsedMs=86661.686 Event=COMBAT_MOVE_CANDIDATE_BOUND Actor=Troll Generation=73 Status=CANDIDATE Outstanding=0 Source=<null> Script=_AI_QuickAttack
CORE C1_STATUS ElapsedMs=86661.753 Event=PERSISTED Actor=Troll Generation=73 Status=PERSISTED Outstanding=0
CORE ATTACK_OWNERSHIP ElapsedMs=86661.769 Actor=Troll Family=QUICK Action=5 Phase=1 Motion=Troll_Stand_Fist_Fist_P0_QuickAttackL_Hit_N_Fwd_00_%_00_P0_100.xmot MarkerPresent=0 RequiredMask=0 FistMarkers=0 Raw8Fist=<none> Raw8UseType=-1 SuppressNative=0 Classification=ROUTINE
CORE COLLISION_GROUP ElapsedMs=86758.444 Source=TrollFist UseType=55 Owner=Troll Slot=RIGHT Requested=7 Before=5 After=7 MarkerBitsRetired=0
CORE C1 OFFENSE REQUEST ElapsedMs=86758.472 Actor=Troll Generation=73 Status=PERSISTED Source=TrollFist Side=RIGHT Requests=1 Outstanding=1 CleanupObserved=0 Group=7
CORE ONDAMAGE ElapsedMs=87314.947 Ordinal=32 Target=PC_Hero Arg1=PC_Hero Arg2=PC_Hero Caller=Game.dll+0x00069484 PlayerAction=0 PlayerPhase=5 PlayerMotion=Hero_Stand_None_2H_P0_Ambient_Loop_N_Fwd_00_%_00_P0_0.xmot Raw8Fist=<none> Raw8UseType=-1 Raw8Group=-1
CORE C1_START ElapsedMs=87320.181 Actor=PC_Hero Generation=74 Status=CANDIDATE Outstanding=0 TrackedSources=1 ReplacedGeneration=0 ReplacedOutstanding=0 Source[0]=It_2H_Sword_Flamberge Side=RIGHT Group=5
CORE C1_BIND ElapsedMs=87320.193 Event=COMBAT_MOVE_CANDIDATE_BOUND Actor=PC_Hero Generation=74 Status=CANDIDATE Outstanding=0 Source=<null> Script=_AI_Stumble
CORE C1_STATUS ElapsedMs=87320.508 Event=PERSISTED Actor=PC_Hero Generation=74 Status=PERSISTED Outstanding=0
CORE COLLISION_GROUP ElapsedMs=87406.928 Source=TrollFist UseType=55 Owner=Troll Slot=RIGHT Requested=5 Before=7 After=5 MarkerBitsRetired=0
CORE C1 CLEANUP FULFILLED ElapsedMs=87406.957 Actor=Troll Generation=73 Status=PERSISTED Source=TrollFist Side=RIGHT Requests=1 Outstanding=0 CleanupObserved=1 Group=5
CORE C1_FINAL ElapsedMs=87502.576 Actor=Troll Generation=73 Status=PERSISTED SourceCount=2 PhysicalChanged=0 Source[0]=TrollFist Side=RIGHT Outstanding=0 Cleanup=1 Outcome=NO_OP_NO_OUTSTANDING Source[1]=TrollFist Side=LEFT Outstanding=0 Cleanup=0 Outcome=NO_OP_NO_OUTSTANDING
CORE C1_FINAL ElapsedMs=87607.290 Actor=PC_Hero Generation=74 Status=PERSISTED SourceCount=1 PhysicalChanged=0 Source[0]=It_2H_Sword_Flamberge Side=RIGHT Outstanding=0 Cleanup=0 Outcome=NO_OP_NO_OUTSTANDING
CORE C1_START ElapsedMs=88298.812 Actor=PC_Hero Generation=75 Status=CANDIDATE Outstanding=0 TrackedSources=1 ReplacedGeneration=0 ReplacedOutstanding=0 Source[0]=It_2H_Sword_Flamberge Side=RIGHT Group=5
CORE C1_STATUS ElapsedMs=88298.887 Event=PERSISTED Actor=PC_Hero Generation=75 Status=PERSISTED Outstanding=0
CORE C1_START ElapsedMs=88448.105 Actor=PC_Hero Generation=76 Status=CANDIDATE Outstanding=0 TrackedSources=1 ReplacedGeneration=75 ReplacedOutstanding=0 Source[0]=It_2H_Sword_Flamberge Side=RIGHT Group=5
CORE C1_BIND ElapsedMs=88448.117 Event=COMBAT_MOVE_CANDIDATE_BOUND Actor=PC_Hero Generation=76 Status=CANDIDATE Outstanding=0 Source=<null> Script=_AI_Attack
CORE C1_STATUS ElapsedMs=88448.184 Event=PERSISTED Actor=PC_Hero Generation=76 Status=PERSISTED Outstanding=0
CORE ATTACK_OWNERSHIP ElapsedMs=88448.201 Actor=PC_Hero Family=NORMAL Action=1 Phase=1 Motion=Hero_Stand_None_2H_P0_Attack_Hit_N_Fwd_00_%_00_P1_90_R.xmot MarkerPresent=1 RequiredMask=1 FistMarkers=0 Raw8Fist=<none> Raw8UseType=-1 SuppressNative=1 Classification=ROUTINE
CORE COLLISION_GROUP ElapsedMs=88699.984 Source=It_2H_Sword_Flamberge UseType=3 Owner=PC_Hero Slot=RIGHT Requested=7 Before=5 After=7 MarkerBitsRetired=0
CORE C1 OFFENSE REQUEST ElapsedMs=88700.015 Actor=PC_Hero Generation=76 Status=PERSISTED Source=It_2H_Sword_Flamberge Side=RIGHT Requests=1 Outstanding=1 CleanupObserved=0 Group=7
CORE MARKER ElapsedMs=88700.027 Actor=PC_Hero Action=1 Family=NORMAL Phase=1 Motion=Hero_Stand_None_2H_P0_Attack_Hit_N_Fwd_00_%_00_P1_90_R.xmot Marker=RIGHT Result=ACCEPTED C1Valid=1 C1=76 StatePosition=0 PreviousMask=0 DesiredMask=1 RetiredMask=0 OwnedMask=0 MarkerOwnedMask=1 Activated=1 Deactivated=0 Retired=0 RearmRequests=1 Clears=1 RightUseType=3
CORE ONDAMAGE ElapsedMs=88700.291 Ordinal=33 Target=Troll Arg1=Troll Arg2=Troll Caller=Game.dll+0x00069484 PlayerAction=1 PlayerPhase=1 PlayerMotion=Hero_Stand_None_2H_P0_Attack_Hit_N_Fwd_00_%_00_P1_90_R.xmot Raw8Fist=<none> Raw8UseType=-1 Raw8Group=-1
CORE C1_START ElapsedMs=88704.502 Actor=Troll Generation=77 Status=CANDIDATE Outstanding=0 TrackedSources=2 ReplacedGeneration=0 ReplacedOutstanding=0 Source[0]=TrollFist Side=RIGHT Group=5 Source[1]=TrollFist Side=LEFT Group=5
CORE C1_BIND ElapsedMs=88704.515 Event=COMBAT_MOVE_CANDIDATE_BOUND Actor=Troll Generation=77 Status=CANDIDATE Outstanding=0 Source=<null> Script=_AI_Stumble
CORE C1_STATUS ElapsedMs=88704.570 Event=PERSISTED Actor=Troll Generation=77 Status=PERSISTED Outstanding=0
CORE COLLISION_GROUP ElapsedMs=88893.901 Source=It_2H_Sword_Flamberge UseType=3 Owner=PC_Hero Slot=RIGHT Requested=5 Before=7 After=5 MarkerBitsRetired=1
CORE C1 CLEANUP FULFILLED ElapsedMs=88893.928 Actor=PC_Hero Generation=76 Status=PERSISTED Source=It_2H_Sword_Flamberge Side=RIGHT Requests=1 Outstanding=0 CleanupObserved=1 Group=5
CORE C1_FINAL ElapsedMs=88893.948 Actor=PC_Hero Generation=76 Status=PERSISTED SourceCount=1 PhysicalChanged=0 Source[0]=It_2H_Sword_Flamberge Side=RIGHT Outstanding=0 Cleanup=1 Outcome=NO_OP_NO_OUTSTANDING
CORE C1_FINAL ElapsedMs=89081.610 Actor=Troll Generation=77 Status=PERSISTED SourceCount=2 PhysicalChanged=0 Source[0]=TrollFist Side=RIGHT Outstanding=0 Cleanup=0 Outcome=NO_OP_NO_OUTSTANDING Source[1]=TrollFist Side=LEFT Outstanding=0 Cleanup=0 Outcome=NO_OP_NO_OUTSTANDING
CORE C1_START ElapsedMs=89097.568 Actor=Troll Generation=78 Status=CANDIDATE Outstanding=0 TrackedSources=2 ReplacedGeneration=0 ReplacedOutstanding=0 Source[0]=TrollFist Side=RIGHT Group=5 Source[1]=TrollFist Side=LEFT Group=5
CORE C1_BIND ElapsedMs=89097.580 Event=COMBAT_MOVE_CANDIDATE_BOUND Actor=Troll Generation=78 Status=CANDIDATE Outstanding=0 Source=<null> Script=_AI_QuickAttack
CORE C1_STATUS ElapsedMs=89097.638 Event=PERSISTED Actor=Troll Generation=78 Status=PERSISTED Outstanding=0
CORE ATTACK_OWNERSHIP ElapsedMs=89097.656 Actor=Troll Family=QUICK Action=4 Phase=1 Motion=Troll_Stand_Fist_Fist_P0_QuickAttackR_Hit_N_Fwd_00_%_00_P0_100.xmot MarkerPresent=0 RequiredMask=0 FistMarkers=0 Raw8Fist=<none> Raw8UseType=-1 SuppressNative=0 Classification=ROUTINE
CORE COLLISION_GROUP ElapsedMs=89192.470 Source=TrollFist UseType=55 Owner=Troll Slot=RIGHT Requested=7 Before=5 After=7 MarkerBitsRetired=0
CORE C1 OFFENSE REQUEST ElapsedMs=89192.497 Actor=Troll Generation=78 Status=PERSISTED Source=TrollFist Side=RIGHT Requests=1 Outstanding=1 CleanupObserved=0 Group=7
CORE ONDAMAGE ElapsedMs=89316.088 Ordinal=34 Target=PC_Hero Arg1=PC_Hero Arg2=PC_Hero Caller=Game.dll+0x00069484 PlayerAction=0 PlayerPhase=3 PlayerMotion=Hero_Stand_None_2H_P1_Attack_Recover_N_Fwd_00_%_00_P1_0_R.xmot Raw8Fist=<none> Raw8UseType=-1 Raw8Group=-1
CORE C1_START ElapsedMs=89324.277 Actor=PC_Hero Generation=79 Status=CANDIDATE Outstanding=0 TrackedSources=1 ReplacedGeneration=0 ReplacedOutstanding=0 Source[0]=It_2H_Sword_Flamberge Side=RIGHT Group=5
CORE C1_BIND ElapsedMs=89324.289 Event=COMBAT_MOVE_CANDIDATE_BOUND Actor=PC_Hero Generation=79 Status=CANDIDATE Outstanding=0 Source=<null> Script=_AI_Stumble
CORE C1_STATUS ElapsedMs=89324.343 Event=PERSISTED Actor=PC_Hero Generation=79 Status=PERSISTED Outstanding=0
CORE C1_FINAL ElapsedMs=89613.479 Actor=PC_Hero Generation=79 Status=PERSISTED SourceCount=1 PhysicalChanged=0 Source[0]=It_2H_Sword_Flamberge Side=RIGHT Outstanding=0 Cleanup=0 Outcome=NO_OP_NO_OUTSTANDING
CORE COLLISION_GROUP ElapsedMs=89841.110 Source=TrollFist UseType=55 Owner=Troll Slot=RIGHT Requested=5 Before=7 After=5 MarkerBitsRetired=0
CORE C1 CLEANUP FULFILLED ElapsedMs=89841.139 Actor=Troll Generation=78 Status=PERSISTED Source=TrollFist Side=RIGHT Requests=1 Outstanding=0 CleanupObserved=1 Group=5
CORE C1_FINAL ElapsedMs=89937.182 Actor=Troll Generation=78 Status=PERSISTED SourceCount=2 PhysicalChanged=0 Source[0]=TrollFist Side=RIGHT Outstanding=0 Cleanup=1 Outcome=NO_OP_NO_OUTSTANDING Source[1]=TrollFist Side=LEFT Outstanding=0 Cleanup=0 Outcome=NO_OP_NO_OUTSTANDING
CORE C1_START ElapsedMs=90732.776 Actor=PC_Hero Generation=80 Status=CANDIDATE Outstanding=0 TrackedSources=1 ReplacedGeneration=0 ReplacedOutstanding=0 Source[0]=It_2H_Sword_Flamberge Side=RIGHT Group=5
CORE C1_BIND ElapsedMs=90732.788 Event=COMBAT_MOVE_CANDIDATE_BOUND Actor=PC_Hero Generation=80 Status=CANDIDATE Outstanding=0 Source=<null> Script=_AI_QuickAttack
CORE C1_STATUS ElapsedMs=90732.849 Event=PERSISTED Actor=PC_Hero Generation=80 Status=PERSISTED Outstanding=0
CORE ATTACK_OWNERSHIP ElapsedMs=90732.865 Actor=PC_Hero Family=QUICK Action=5 Phase=1 Motion=Hero_Stand_None_2H_P0_QuickAttackL_Hit_N_Fwd_00_%_00_P1_90_L.xmot MarkerPresent=1 RequiredMask=1 FistMarkers=0 Raw8Fist=<none> Raw8UseType=-1 SuppressNative=1 Classification=ROUTINE
CORE COLLISION_GROUP ElapsedMs=90989.996 Source=It_2H_Sword_Flamberge UseType=3 Owner=PC_Hero Slot=RIGHT Requested=7 Before=5 After=7 MarkerBitsRetired=0
CORE C1 OFFENSE REQUEST ElapsedMs=90990.025 Actor=PC_Hero Generation=80 Status=PERSISTED Source=It_2H_Sword_Flamberge Side=RIGHT Requests=1 Outstanding=1 CleanupObserved=0 Group=7
CORE MARKER ElapsedMs=90990.038 Actor=PC_Hero Action=5 Family=QUICK Phase=1 Motion=Hero_Stand_None_2H_P0_QuickAttackL_Hit_N_Fwd_00_%_00_P1_90_L.xmot Marker=RIGHT Result=ACCEPTED C1Valid=1 C1=80 StatePosition=1 PreviousMask=0 DesiredMask=1 RetiredMask=0 OwnedMask=0 MarkerOwnedMask=1 Activated=1 Deactivated=0 Retired=0 RearmRequests=1 Clears=1 RightUseType=3
CORE C1_START ElapsedMs=90995.895 Actor=Troll Generation=81 Status=CANDIDATE Outstanding=0 TrackedSources=2 ReplacedGeneration=0 ReplacedOutstanding=0 Source[0]=TrollFist Side=RIGHT Group=5 Source[1]=TrollFist Side=LEFT Group=5
CORE C1_BIND ElapsedMs=90995.908 Event=COMBAT_MOVE_CANDIDATE_BOUND Actor=Troll Generation=81 Status=CANDIDATE Outstanding=0 Source=<null> Script=_AI_JumpBack
CORE C1_STATUS ElapsedMs=90995.970 Event=PERSISTED Actor=Troll Generation=81 Status=PERSISTED Outstanding=0
CORE ONDAMAGE ElapsedMs=91011.077 Ordinal=35 Target=Troll Arg1=Troll Arg2=Troll Caller=Game.dll+0x00069484 PlayerAction=5 PlayerPhase=1 PlayerMotion=Hero_Stand_None_2H_P0_QuickAttackL_Hit_N_Fwd_00_%_00_P1_90_L.xmot Raw8Fist=<none> Raw8UseType=-1 Raw8Group=-1
CORE C1_START ElapsedMs=91015.549 Actor=Troll Generation=82 Status=CANDIDATE Outstanding=0 TrackedSources=2 ReplacedGeneration=81 ReplacedOutstanding=0 Source[0]=TrollFist Side=RIGHT Group=5 Source[1]=TrollFist Side=LEFT Group=5
CORE C1_BIND ElapsedMs=91015.561 Event=COMBAT_MOVE_CANDIDATE_BOUND Actor=Troll Generation=82 Status=CANDIDATE Outstanding=0 Source=<null> Script=_AI_Stumble
CORE C1_STATUS ElapsedMs=91015.622 Event=PERSISTED Actor=Troll Generation=82 Status=PERSISTED Outstanding=0
CORE COLLISION_GROUP ElapsedMs=91181.883 Source=It_2H_Sword_Flamberge UseType=3 Owner=PC_Hero Slot=RIGHT Requested=5 Before=7 After=5 MarkerBitsRetired=1
CORE C1 CLEANUP FULFILLED ElapsedMs=91181.909 Actor=PC_Hero Generation=80 Status=PERSISTED Source=It_2H_Sword_Flamberge Side=RIGHT Requests=1 Outstanding=0 CleanupObserved=1 Group=5
CORE C1_FINAL ElapsedMs=91274.178 Actor=PC_Hero Generation=80 Status=PERSISTED SourceCount=1 PhysicalChanged=0 Source[0]=It_2H_Sword_Flamberge Side=RIGHT Outstanding=0 Cleanup=1 Outcome=NO_OP_NO_OUTSTANDING
CORE C1_FINAL ElapsedMs=91382.173 Actor=Troll Generation=82 Status=PERSISTED SourceCount=2 PhysicalChanged=0 Source[0]=TrollFist Side=RIGHT Outstanding=0 Cleanup=0 Outcome=NO_OP_NO_OUTSTANDING Source[1]=TrollFist Side=LEFT Outstanding=0 Cleanup=0 Outcome=NO_OP_NO_OUTSTANDING
CORE C1_START ElapsedMs=91397.500 Actor=Troll Generation=83 Status=CANDIDATE Outstanding=0 TrackedSources=2 ReplacedGeneration=0 ReplacedOutstanding=0 Source[0]=TrollFist Side=RIGHT Group=5 Source[1]=TrollFist Side=LEFT Group=5
CORE C1_BIND ElapsedMs=91397.513 Event=COMBAT_MOVE_CANDIDATE_BOUND Actor=Troll Generation=83 Status=CANDIDATE Outstanding=0 Source=<null> Script=_AI_Attack
CORE C1_STATUS ElapsedMs=91397.568 Event=PERSISTED Actor=Troll Generation=83 Status=PERSISTED Outstanding=0
CORE ATTACK_OWNERSHIP ElapsedMs=91397.582 Actor=Troll Family=NORMAL Action=1 Phase=1 Motion=Troll_Stand_Fist_Fist_P0_Attack_Hit_N_Fwd_00_%_00_P0_100.xmot MarkerPresent=0 RequiredMask=0 FistMarkers=0 Raw8Fist=<none> Raw8UseType=-1 SuppressNative=0 Classification=ROUTINE
CORE COLLISION_GROUP ElapsedMs=91631.735 Source=TrollFist UseType=55 Owner=Troll Slot=RIGHT Requested=7 Before=5 After=7 MarkerBitsRetired=0
CORE C1 OFFENSE REQUEST ElapsedMs=91631.763 Actor=Troll Generation=83 Status=PERSISTED Source=TrollFist Side=RIGHT Requests=1 Outstanding=1 CleanupObserved=0 Group=7
CORE ONDAMAGE ElapsedMs=92384.174 Ordinal=36 Target=PC_Hero Arg1=PC_Hero Arg2=PC_Hero Caller=Game.dll+0x00069484 PlayerAction=0 PlayerPhase=5 PlayerMotion=Hero_Stand_None_2H_P1_Ambient_Loop_N_Fwd_00_%_00_P1_0.xmot Raw8Fist=<none> Raw8UseType=-1 Raw8Group=-1
CORE C1_START ElapsedMs=92394.899 Actor=PC_Hero Generation=84 Status=CANDIDATE Outstanding=0 TrackedSources=1 ReplacedGeneration=0 ReplacedOutstanding=0 Source[0]=It_2H_Sword_Flamberge Side=RIGHT Group=5
CORE C1_BIND ElapsedMs=92394.910 Event=COMBAT_MOVE_CANDIDATE_BOUND Actor=PC_Hero Generation=84 Status=CANDIDATE Outstanding=0 Source=<null> Script=_AI_Stumble
CORE C1_STATUS ElapsedMs=92394.964 Event=PERSISTED Actor=PC_Hero Generation=84 Status=PERSISTED Outstanding=0
CORE COLLISION_GROUP ElapsedMs=92507.697 Source=TrollFist UseType=55 Owner=Troll Slot=RIGHT Requested=5 Before=7 After=5 MarkerBitsRetired=0
CORE C1 CLEANUP FULFILLED ElapsedMs=92507.724 Actor=Troll Generation=83 Status=PERSISTED Source=TrollFist Side=RIGHT Requests=1 Outstanding=0 CleanupObserved=1 Group=5
CORE C1_FINAL ElapsedMs=92507.744 Actor=Troll Generation=83 Status=PERSISTED SourceCount=2 PhysicalChanged=0 Source[0]=TrollFist Side=RIGHT Outstanding=0 Cleanup=1 Outcome=NO_OP_NO_OUTSTANDING Source[1]=TrollFist Side=LEFT Outstanding=0 Cleanup=0 Outcome=NO_OP_NO_OUTSTANDING
CORE C1_FINAL ElapsedMs=92677.131 Actor=PC_Hero Generation=84 Status=PERSISTED SourceCount=1 PhysicalChanged=0 Source[0]=It_2H_Sword_Flamberge Side=RIGHT Outstanding=0 Cleanup=0 Outcome=NO_OP_NO_OUTSTANDING
CORE C1_START ElapsedMs=93334.639 Actor=PC_Hero Generation=85 Status=CANDIDATE Outstanding=0 TrackedSources=1 ReplacedGeneration=0 ReplacedOutstanding=0 Source[0]=It_2H_Sword_Flamberge Side=RIGHT Group=5
CORE C1_BIND ElapsedMs=93334.651 Event=COMBAT_MOVE_CANDIDATE_BOUND Actor=PC_Hero Generation=85 Status=CANDIDATE Outstanding=0 Source=<null> Script=_AI_PowerAttack
CORE C1_STATUS ElapsedMs=93350.605 Event=PERSISTED Actor=PC_Hero Generation=85 Status=PERSISTED Outstanding=0
CORE C1_FINAL ElapsedMs=93354.255 Actor=PC_Hero Generation=85 Status=PERSISTED SourceCount=1 PhysicalChanged=0 Source[0]=It_2H_Sword_Flamberge Side=RIGHT Outstanding=0 Cleanup=0 Outcome=NO_OP_NO_OUTSTANDING
CORE C1_START ElapsedMs=93358.447 Actor=PC_Hero Generation=86 Status=CANDIDATE Outstanding=0 TrackedSources=1 ReplacedGeneration=0 ReplacedOutstanding=0 Source[0]=It_2H_Sword_Flamberge Side=RIGHT Group=5
CORE C1_STATUS ElapsedMs=93358.511 Event=PERSISTED Actor=PC_Hero Generation=86 Status=PERSISTED Outstanding=0
CORE C1_START ElapsedMs=93362.675 Actor=Troll Generation=87 Status=CANDIDATE Outstanding=0 TrackedSources=2 ReplacedGeneration=0 ReplacedOutstanding=0 Source[0]=TrollFist Side=RIGHT Group=5 Source[1]=TrollFist Side=LEFT Group=5
CORE C1_BIND ElapsedMs=93362.701 Event=COMBAT_MOVE_CANDIDATE_BOUND Actor=Troll Generation=87 Status=CANDIDATE Outstanding=0 Source=<null> Script=_AI_JumpBack
CORE C1_STATUS ElapsedMs=93362.779 Event=PERSISTED Actor=Troll Generation=87 Status=PERSISTED Outstanding=0
CORE C1_START ElapsedMs=93493.228 Actor=PC_Hero Generation=88 Status=CANDIDATE Outstanding=0 TrackedSources=1 ReplacedGeneration=86 ReplacedOutstanding=0 Source[0]=It_2H_Sword_Flamberge Side=RIGHT Group=5
CORE C1_BIND ElapsedMs=93493.239 Event=COMBAT_MOVE_CANDIDATE_BOUND Actor=PC_Hero Generation=88 Status=CANDIDATE Outstanding=0 Source=<null> Script=_AI_Attack
CORE C1_STATUS ElapsedMs=93493.303 Event=PERSISTED Actor=PC_Hero Generation=88 Status=PERSISTED Outstanding=0
CORE ATTACK_OWNERSHIP ElapsedMs=93493.319 Actor=PC_Hero Family=NORMAL Action=1 Phase=1 Motion=Hero_Stand_None_2H_P0_Attack_Hit_N_Fwd_00_%_00_P1_90_R.xmot MarkerPresent=1 RequiredMask=1 FistMarkers=0 Raw8Fist=<none> Raw8UseType=-1 SuppressNative=1 Classification=ROUTINE
CORE C1_FINAL ElapsedMs=93735.335 Actor=Troll Generation=87 Status=PERSISTED SourceCount=2 PhysicalChanged=0 Source[0]=TrollFist Side=RIGHT Outstanding=0 Cleanup=0 Outcome=NO_OP_NO_OUTSTANDING Source[1]=TrollFist Side=LEFT Outstanding=0 Cleanup=0 Outcome=NO_OP_NO_OUTSTANDING
CORE C1_START ElapsedMs=93742.536 Actor=Troll Generation=89 Status=CANDIDATE Outstanding=0 TrackedSources=2 ReplacedGeneration=0 ReplacedOutstanding=0 Source[0]=TrollFist Side=RIGHT Group=5 Source[1]=TrollFist Side=LEFT Group=5
CORE C1_BIND ElapsedMs=93742.550 Event=COMBAT_MOVE_CANDIDATE_BOUND Actor=Troll Generation=89 Status=CANDIDATE Outstanding=0 Source=<null> Script=_AI_PowerAttack
CORE C1_STATUS ElapsedMs=93742.612 Event=PERSISTED Actor=Troll Generation=89 Status=PERSISTED Outstanding=0
CORE COLLISION_GROUP ElapsedMs=93745.660 Source=It_2H_Sword_Flamberge UseType=3 Owner=PC_Hero Slot=RIGHT Requested=7 Before=5 After=7 MarkerBitsRetired=0
CORE C1 OFFENSE REQUEST ElapsedMs=93745.675 Actor=PC_Hero Generation=88 Status=PERSISTED Source=It_2H_Sword_Flamberge Side=RIGHT Requests=1 Outstanding=1 CleanupObserved=0 Group=7
CORE MARKER ElapsedMs=93745.687 Actor=PC_Hero Action=1 Family=NORMAL Phase=1 Motion=Hero_Stand_None_2H_P0_Attack_Hit_N_Fwd_00_%_00_P1_90_R.xmot Marker=RIGHT Result=ACCEPTED C1Valid=1 C1=88 StatePosition=0 PreviousMask=0 DesiredMask=1 RetiredMask=0 OwnedMask=0 MarkerOwnedMask=1 Activated=1 Deactivated=0 Retired=0 RearmRequests=1 Clears=1 RightUseType=3
CORE COLLISION_GROUP ElapsedMs=93943.205 Source=It_2H_Sword_Flamberge UseType=3 Owner=PC_Hero Slot=RIGHT Requested=5 Before=7 After=5 MarkerBitsRetired=1
CORE C1 CLEANUP FULFILLED ElapsedMs=93943.237 Actor=PC_Hero Generation=88 Status=PERSISTED Source=It_2H_Sword_Flamberge Side=RIGHT Requests=1 Outstanding=0 CleanupObserved=1 Group=5
CORE C1_FINAL ElapsedMs=93943.262 Actor=PC_Hero Generation=88 Status=PERSISTED SourceCount=1 PhysicalChanged=0 Source[0]=It_2H_Sword_Flamberge Side=RIGHT Outstanding=0 Cleanup=1 Outcome=NO_OP_NO_OUTSTANDING
Script_FrameCollisionTest unloading cleanly.
