Script_FrameCollisionTest v0.19 loaded.
GENERALIZED ACTOR / WEAPON-SLOT PROTOTYPE.
NO IsPlayer restriction.
NO 2H / Staff / 1H use-type restriction.
NO P0/P1/P2 restriction.
Normal eligibility: exact Attack action + Hit phase + current _Attack_Hit_ motion + RIGHT/LEFT/BOTH source marker.
Quick eligibility: OnAI_QuickAttack + exact Quick/QuickR/QuickL action + Hit phase + a RIGHT/LEFT/BOTH source marker.
Accepted Quick marker completes one-shot callback bookkeeping: StatePosition -> 1.
Full Whirl eligibility: OnAI_WhirlAttack + exact WhirlAttack action + Hit phase + a RIGHT/LEFT/BOTH source marker.
Accepted full-Whirl marker completes one-shot callback bookkeeping: StatePosition -> 1.
Full Whirl uses explicit marker windows; ResetOnUntouch is NOT enabled.
Dual SimpleWhirl remains on the original OnAI_SimpleWhirl callback in v0.19.
FIST CAUSAL TEST: raw Fist/PhysicalFist skips SetCollisionGroup(Item_Attack).
FIST CAUSAL TEST: ClearTriggeredList remains active.
G3AB_COL_RIGHT is the final RIGHT equipped-slot marker.
G3AB_COL_LEFT is the final LEFT equipped-slot marker.
G3AB_COL_BOTH is the final BOTH equipped-slot marker.
RIGHT, LEFT, and BOTH use exact-set semantics: the selected source set replaces the previous marker-owned set.
BOTH activates/rearms the right and left equipped slot entities independently at one authored marker.
If any source required by the exact motion is missing, its original attack callback is NOT suppressed.
This protects unarmed/monster attacks until body-source resolution is implemented.
Marker action: non-Fist -> Item_Attack + ClearTriggeredList; Fist -> ClearTriggeredList only.
G3AB_COL_OFF closes only a weapon window opened by this prototype.
OFF requests Item_Equipped and never clears the triggered list.
OFF before ON or after natural reset is consumed as a logged no-op.
Fist/body OFF remains unsupported; Gothic 3 still owns Hit->Recover reset.
Known collision groups: Item_Equipped=5, Item_Attack=7.
PASSIVE DUAL DISCOVERY: Item_Attack transitions are labelled by exact player LEFT/RIGHT slot entity identity.
A Dual both-weapon activation normally appears as separate LEFT and RIGHT transition records.
Preserved RIGHT and LEFT Normal paths passed v0.14 source validation.

v0.19 adds only the full 2H/Staff OnAI_WhirlAttack adapter.
v0.19 preserves the validated v0.18 Normal/Quick RIGHT/LEFT/BOTH/OFF core unchanged.
No Dual SimpleWhirl, Power, collision-source, timing, or cleanup behavior is added in v0.19.
Dedup key: actor + RIGHT/LEFT slot snapshot + motion + marker + action + phase + state time; wall window <= 5 ms.

Authored-occurrence budgets are cached separately for RIGHT, LEFT, BOTH, and OFF.
Budget key: actor + RIGHT/LEFT slot snapshot + motion + action + phase.
Marker-time or controlled-callback state-time rollback starts a new execution.
Natural collision reset outside the owning Hit execution retires the actor budget.
No per-frame actor scan; budget work occurs only when a reserved marker is received.

Installing hooks...
Hooks installed.

===== MARKER OWNERSHIP DECISION =====
ElapsedMs: 46395.873
Actor: PC_Hero
CurrentMovementAni: Hero_Parade_None_2H_P0_WhirlAttack_Hit_N_Fwd_00_%_00_P0_150_R.xmot
MatchingMotionFound: 1
FrameEffectCount: 5
ContainsReservedSourceMarker: 1
RequiredSourceMask: 1
AuthoredRIGHTMarkerCount: 2
FirstRIGHTMarkerFrame: 4
AuthoredLEFTMarkerCount: 0
FirstLEFTMarkerFrame: -1
AuthoredBOTHMarkerCount: 0
FirstBOTHMarkerFrame: -1
AuthoredOFFMarkerCount: 1
FirstOFFMarkerFrame: 10
RightHandSourceResolved: 1
RightHandSource: It_2H_Sword_Flamberge
RightHandSourceAddress: E2BFE810
RightHandSourceUseType: 3
RightHandSourceCollisionGroup: 5
LeftHandSourceResolved: 0
Decision: FRAME-CONTROLLED - suppress original timer callback
=====================================

===== G3AB_COL_RIGHT RECEIVED =====
ElapsedMs: 46569.272
Actor: PC_Hero
Action: 10
AniPhase: 1
StateTime: 0.181005
StatePosition: 0
CurrentMovementAni: Hero_Parade_None_2H_P0_WhirlAttack_Hit_N_Fwd_00_%_00_P0_150_R.xmot
MarkerOpcode: RIGHT
RightHandSourceResolved: 1
RightHandSource: It_2H_Sword_Flamberge
RightHandSourceAddress: E2BFE810
RightHandSourceUseType: 3
RightHandSourceCollisionGroup: 5
LeftHandSourceResolved: 0
===== ENGINE SetCollisionGroup =====
ElapsedMs: 46569.304
Entity: It_2H_Sword_Flamberge
ChangedEntityAddress: E2BFE810
PlayerSlotMatch: RIGHT
PlayerAction: 10
PlayerAniPhase: 1
PlayerPrimaryPose: 1
PlayerStateTime: 0.181005
PlayerStatePosition: 0
PlayerCurrentMovementAni: Hero_Parade_None_2H_P0_WhirlAttack_Hit_N_Fwd_00_%_00_P0_150_R.xmot
PlayerLeftItem: <none>
PlayerLeftItemAddress: 00000000
PlayerLeftUseType: -1
PlayerLeftCollisionGroup: -1
PlayerRightItem: It_2H_Sword_Flamberge
PlayerRightItemAddress: E2BFE810
PlayerRightUseType: 3
PlayerRightCollisionGroup: 7
RequestedGroup: 7
BeforeGroup: 5
AfterGroup: 7
Item_EquippedValue: 5
Item_AttackValue: 7
RetiredMarkerExecutionCount: 0
====================================

MarkerAction: ACCEPTED
MarkerName: G3AB_COL_RIGHT
MarkerOpcode: RIGHT
AuthoredMarkerOccurrences: 2
AcceptedMarkerOccurrencesBefore: 0
AcceptedMarkerOccurrencesAfter: 1
ExecutionBudgetReset: 1
AuthoredMarkerFrame: 4
PreviousMarkerOwnedSourceMask: 0
DesiredMarkerOwnedSourceMask: 1
RetiredMarkerOwnedSourceMask: 0
RetiredSourceCount: 0
MarkerOwnedWeaponSourceMaskAfterActivation: 1
CollisionGroupBeforeMarker: 5
CollisionGroupAfterMarker: 7
ResolvedSourceUseTypeAtMarker: 3
ActivatedSourceCount: 1
CollisionGroupRequestCount: 1
FistSourceCount: 0
TriggeredDamageListClearCount: 1
RightCollisionGroupBeforeMarker: 5
RightCollisionGroupAfterMarker: 7
RightResolvedSourceUseTypeAtMarker: 3
RightSetCollisionGroupRequested: 1
RightSkippedCollisionGroupForFist: 0
RightTriggeredDamageListCleared: 1
SetCollisionGroupAction: REQUESTED_ITEM_ATTACK
TriggeredDamageList: CLEARED
WhirlStatePositionBeforeMarker: 0
WhirlStatePositionAfterMarker: 1
Original StartEffect for marker: NOT CALLED
=================================

===== G3AB_COL_OFF RECEIVED =====
ElapsedMs: 46832.650
Actor: PC_Hero
Action: 10
AniPhase: 1
StateTime: 0.446984
StatePosition: 1
CurrentMovementAni: Hero_Parade_None_2H_P0_WhirlAttack_Hit_N_Fwd_00_%_00_P0_150_R.xmot
MarkerOpcode: OFF
RightHandSourceResolved: 1
RightHandSource: It_2H_Sword_Flamberge
RightHandSourceAddress: E2BFE810
RightHandSourceUseType: 3
RightHandSourceCollisionGroup: 7
LeftHandSourceResolved: 0
===== ENGINE SetCollisionGroup =====
ElapsedMs: 46832.680
Entity: It_2H_Sword_Flamberge
ChangedEntityAddress: E2BFE810
PlayerSlotMatch: RIGHT
PlayerAction: 10
PlayerAniPhase: 1
PlayerPrimaryPose: 1
PlayerStateTime: 0.446984
PlayerStatePosition: 1
PlayerCurrentMovementAni: Hero_Parade_None_2H_P0_WhirlAttack_Hit_N_Fwd_00_%_00_P0_150_R.xmot
PlayerLeftItem: <none>
PlayerLeftItemAddress: 00000000
PlayerLeftUseType: -1
PlayerLeftCollisionGroup: -1
PlayerRightItem: It_2H_Sword_Flamberge
PlayerRightItemAddress: E2BFE810
PlayerRightUseType: 3
PlayerRightCollisionGroup: 5
RequestedGroup: 5
BeforeGroup: 7
AfterGroup: 5
Item_EquippedValue: 5
Item_AttackValue: 7
RetiredMarkerExecutionCount: 0
====================================

MarkerAction: OFF_ACCEPTED
MarkerName: G3AB_COL_OFF
MarkerOpcode: OFF
AuthoredMarkerOccurrences: 1
AcceptedMarkerOccurrencesBefore: 0
AcceptedMarkerOccurrencesAfter: 1
ExecutionBudgetReset: 0
AuthoredMarkerFrame: 10
MarkerOwnedSourceMaskBeforeOff: 1
DeactivatedSourceCount: 1
SetCollisionGroupAction: REQUESTED_ITEM_EQUIPPED_FOR_OWNED_SOURCES
TriggeredDamageList: NOT_CLEARED_OFF
Original StartEffect for marker: NOT CALLED
=================================

===== G3AB_COL_RIGHT RECEIVED =====
ElapsedMs: 47053.906
Actor: PC_Hero
Action: 10
AniPhase: 1
StateTime: 0.667960
StatePosition: 1
CurrentMovementAni: Hero_Parade_None_2H_P0_WhirlAttack_Hit_N_Fwd_00_%_00_P0_150_R.xmot
MarkerOpcode: RIGHT
RightHandSourceResolved: 1
RightHandSource: It_2H_Sword_Flamberge
RightHandSourceAddress: E2BFE810
RightHandSourceUseType: 3
RightHandSourceCollisionGroup: 5
LeftHandSourceResolved: 0
===== ENGINE SetCollisionGroup =====
ElapsedMs: 47053.937
Entity: It_2H_Sword_Flamberge
ChangedEntityAddress: E2BFE810
PlayerSlotMatch: RIGHT
PlayerAction: 10
PlayerAniPhase: 1
PlayerPrimaryPose: 1
PlayerStateTime: 0.667960
PlayerStatePosition: 1
PlayerCurrentMovementAni: Hero_Parade_None_2H_P0_WhirlAttack_Hit_N_Fwd_00_%_00_P0_150_R.xmot
PlayerLeftItem: <none>
PlayerLeftItemAddress: 00000000
PlayerLeftUseType: -1
PlayerLeftCollisionGroup: -1
PlayerRightItem: It_2H_Sword_Flamberge
PlayerRightItemAddress: E2BFE810
PlayerRightUseType: 3
PlayerRightCollisionGroup: 7
RequestedGroup: 7
BeforeGroup: 5
AfterGroup: 7
Item_EquippedValue: 5
Item_AttackValue: 7
RetiredMarkerExecutionCount: 0
====================================

MarkerAction: ACCEPTED
MarkerName: G3AB_COL_RIGHT
MarkerOpcode: RIGHT
AuthoredMarkerOccurrences: 2
AcceptedMarkerOccurrencesBefore: 1
AcceptedMarkerOccurrencesAfter: 2
ExecutionBudgetReset: 0
AuthoredMarkerFrame: 4
PreviousMarkerOwnedSourceMask: 0
DesiredMarkerOwnedSourceMask: 1
RetiredMarkerOwnedSourceMask: 0
RetiredSourceCount: 0
MarkerOwnedWeaponSourceMaskAfterActivation: 1
CollisionGroupBeforeMarker: 5
CollisionGroupAfterMarker: 7
ResolvedSourceUseTypeAtMarker: 3
ActivatedSourceCount: 1
CollisionGroupRequestCount: 1
FistSourceCount: 0
TriggeredDamageListClearCount: 1
RightCollisionGroupBeforeMarker: 5
RightCollisionGroupAfterMarker: 7
RightResolvedSourceUseTypeAtMarker: 3
RightSetCollisionGroupRequested: 1
RightSkippedCollisionGroupForFist: 0
RightTriggeredDamageListCleared: 1
SetCollisionGroupAction: REQUESTED_ITEM_ATTACK
TriggeredDamageList: CLEARED
WhirlStatePositionBeforeMarker: 1
WhirlStatePositionAfterMarker: 1
Original StartEffect for marker: NOT CALLED
=================================

===== G3AB_COL_OFF RECEIVED =====
ElapsedMs: 47054.010
Actor: PC_Hero
Action: 10
AniPhase: 1
StateTime: 0.667960
StatePosition: 1
CurrentMovementAni: Hero_Parade_None_2H_P0_WhirlAttack_Hit_N_Fwd_00_%_00_P0_150_R.xmot
MarkerOpcode: OFF
RightHandSourceResolved: 1
RightHandSource: It_2H_Sword_Flamberge
RightHandSourceAddress: E2BFE810
RightHandSourceUseType: 3
RightHandSourceCollisionGroup: 7
LeftHandSourceResolved: 0
MarkerAction: AUTHORED_OCCURRENCE_BUDGET_IGNORED
MarkerName: G3AB_COL_OFF
AuthoredMarkerOccurrences: 1
AcceptedMarkerOccurrencesBefore: 1
AcceptedMarkerOccurrencesAfter: 1
ExecutionBudgetReset: 0
SetCollisionGroupAction: NOT_REQUESTED_BUDGET_EXHAUSTED
TriggeredDamageList: NOT_CLEARED_BUDGET_EXHAUSTED
Original StartEffect for marker: NOT CALLED
=================================

===== G3AB_COL_RIGHT RECEIVED =====
ElapsedMs: 47054.035
Actor: PC_Hero
Action: 10
AniPhase: 1
StateTime: 0.667960
StatePosition: 1
CurrentMovementAni: Hero_Parade_None_2H_P0_WhirlAttack_Hit_N_Fwd_00_%_00_P0_150_R.xmot
MarkerOpcode: RIGHT
RightHandSourceResolved: 1
RightHandSource: It_2H_Sword_Flamberge
RightHandSourceAddress: E2BFE810
RightHandSourceUseType: 3
RightHandSourceCollisionGroup: 7
LeftHandSourceResolved: 0
MarkerAction: DUPLICATE_SAME_UPDATE_IGNORED
AuthoredMarkerFrame: 4
DuplicateStateTimeDelta: 0.000000000
DuplicateElapsedMsDelta: 0.122800
SetCollisionGroupAction: NOT_REQUESTED_DUPLICATE
TriggeredDamageList: NOT_CLEARED_DUPLICATE
Original StartEffect for marker: NOT CALLED
=================================

===== ENGINE SetCollisionGroup =====
ElapsedMs: 47287.125
Entity: It_2H_Sword_Flamberge
ChangedEntityAddress: E2BFE810
PlayerSlotMatch: RIGHT
PlayerAction: 10
PlayerAniPhase: 3
PlayerPrimaryPose: 1
PlayerStateTime: 0.888907
PlayerStatePosition: 1
PlayerCurrentMovementAni: Hero_Parade_None_2H_P0_WhirlAttack_Hit_N_Fwd_00_%_00_P0_150_R.xmot
PlayerLeftItem: <none>
PlayerLeftItemAddress: 00000000
PlayerLeftUseType: -1
PlayerLeftCollisionGroup: -1
PlayerRightItem: It_2H_Sword_Flamberge
PlayerRightItemAddress: E2BFE810
PlayerRightUseType: 3
PlayerRightCollisionGroup: 5
RequestedGroup: 5
BeforeGroup: 7
AfterGroup: 5
Item_EquippedValue: 5
Item_AttackValue: 7
RetiredMarkerExecutionCount: 1
====================================

===== G3AB_COL_RIGHT RECEIVED =====
ElapsedMs: 49973.161
Actor: PC_Hero
Action: 10
AniPhase: 1
StateTime: 0.183981
StatePosition: 0
CurrentMovementAni: Hero_Parade_None_2H_P0_WhirlAttack_Hit_N_Fwd_00_%_00_P0_150_R.xmot
MarkerOpcode: RIGHT
RightHandSourceResolved: 1
RightHandSource: It_2H_Sword_Flamberge
RightHandSourceAddress: E2BFE810
RightHandSourceUseType: 3
RightHandSourceCollisionGroup: 5
LeftHandSourceResolved: 0
===== ENGINE SetCollisionGroup =====
ElapsedMs: 49973.190
Entity: It_2H_Sword_Flamberge
ChangedEntityAddress: E2BFE810
PlayerSlotMatch: RIGHT
PlayerAction: 10
PlayerAniPhase: 1
PlayerPrimaryPose: 1
PlayerStateTime: 0.183981
PlayerStatePosition: 0
PlayerCurrentMovementAni: Hero_Parade_None_2H_P0_WhirlAttack_Hit_N_Fwd_00_%_00_P0_150_R.xmot
PlayerLeftItem: <none>
PlayerLeftItemAddress: 00000000
PlayerLeftUseType: -1
PlayerLeftCollisionGroup: -1
PlayerRightItem: It_2H_Sword_Flamberge
PlayerRightItemAddress: E2BFE810
PlayerRightUseType: 3
PlayerRightCollisionGroup: 7
RequestedGroup: 7
BeforeGroup: 5
AfterGroup: 7
Item_EquippedValue: 5
Item_AttackValue: 7
RetiredMarkerExecutionCount: 0
====================================

MarkerAction: ACCEPTED
MarkerName: G3AB_COL_RIGHT
MarkerOpcode: RIGHT
AuthoredMarkerOccurrences: 2
AcceptedMarkerOccurrencesBefore: 0
AcceptedMarkerOccurrencesAfter: 1
ExecutionBudgetReset: 1
AuthoredMarkerFrame: 4
PreviousMarkerOwnedSourceMask: 0
DesiredMarkerOwnedSourceMask: 1
RetiredMarkerOwnedSourceMask: 0
RetiredSourceCount: 0
MarkerOwnedWeaponSourceMaskAfterActivation: 1
CollisionGroupBeforeMarker: 5
CollisionGroupAfterMarker: 7
ResolvedSourceUseTypeAtMarker: 3
ActivatedSourceCount: 1
CollisionGroupRequestCount: 1
FistSourceCount: 0
TriggeredDamageListClearCount: 1
RightCollisionGroupBeforeMarker: 5
RightCollisionGroupAfterMarker: 7
RightResolvedSourceUseTypeAtMarker: 3
RightSetCollisionGroupRequested: 1
RightSkippedCollisionGroupForFist: 0
RightTriggeredDamageListCleared: 1
SetCollisionGroupAction: REQUESTED_ITEM_ATTACK
TriggeredDamageList: CLEARED
WhirlStatePositionBeforeMarker: 0
WhirlStatePositionAfterMarker: 1
Original StartEffect for marker: NOT CALLED
=================================

===== G3AB_COL_OFF RECEIVED =====
ElapsedMs: 50240.504
Actor: PC_Hero
Action: 10
AniPhase: 1
StateTime: 0.452591
StatePosition: 1
CurrentMovementAni: Hero_Parade_None_2H_P0_WhirlAttack_Hit_N_Fwd_00_%_00_P0_150_R.xmot
MarkerOpcode: OFF
RightHandSourceResolved: 1
RightHandSource: It_2H_Sword_Flamberge
RightHandSourceAddress: E2BFE810
RightHandSourceUseType: 3
RightHandSourceCollisionGroup: 7
LeftHandSourceResolved: 0
===== ENGINE SetCollisionGroup =====
ElapsedMs: 50240.533
Entity: It_2H_Sword_Flamberge
ChangedEntityAddress: E2BFE810
PlayerSlotMatch: RIGHT
PlayerAction: 10
PlayerAniPhase: 1
PlayerPrimaryPose: 1
PlayerStateTime: 0.452591
PlayerStatePosition: 1
PlayerCurrentMovementAni: Hero_Parade_None_2H_P0_WhirlAttack_Hit_N_Fwd_00_%_00_P0_150_R.xmot
PlayerLeftItem: <none>
PlayerLeftItemAddress: 00000000
PlayerLeftUseType: -1
PlayerLeftCollisionGroup: -1
PlayerRightItem: It_2H_Sword_Flamberge
PlayerRightItemAddress: E2BFE810
PlayerRightUseType: 3
PlayerRightCollisionGroup: 5
RequestedGroup: 5
BeforeGroup: 7
AfterGroup: 5
Item_EquippedValue: 5
Item_AttackValue: 7
RetiredMarkerExecutionCount: 0
====================================

MarkerAction: OFF_ACCEPTED
MarkerName: G3AB_COL_OFF
MarkerOpcode: OFF
AuthoredMarkerOccurrences: 1
AcceptedMarkerOccurrencesBefore: 0
AcceptedMarkerOccurrencesAfter: 1
ExecutionBudgetReset: 0
AuthoredMarkerFrame: 10
MarkerOwnedSourceMaskBeforeOff: 1
DeactivatedSourceCount: 1
SetCollisionGroupAction: REQUESTED_ITEM_EQUIPPED_FOR_OWNED_SOURCES
TriggeredDamageList: NOT_CLEARED_OFF
Original StartEffect for marker: NOT CALLED
=================================

===== G3AB_COL_RIGHT RECEIVED =====
ElapsedMs: 50463.557
Actor: PC_Hero
Action: 10
AniPhase: 1
StateTime: 0.674593
StatePosition: 1
CurrentMovementAni: Hero_Parade_None_2H_P0_WhirlAttack_Hit_N_Fwd_00_%_00_P0_150_R.xmot
MarkerOpcode: RIGHT
RightHandSourceResolved: 1
RightHandSource: It_2H_Sword_Flamberge
RightHandSourceAddress: E2BFE810
RightHandSourceUseType: 3
RightHandSourceCollisionGroup: 5
LeftHandSourceResolved: 0
===== ENGINE SetCollisionGroup =====
ElapsedMs: 50463.588
Entity: It_2H_Sword_Flamberge
ChangedEntityAddress: E2BFE810
PlayerSlotMatch: RIGHT
PlayerAction: 10
PlayerAniPhase: 1
PlayerPrimaryPose: 1
PlayerStateTime: 0.674593
PlayerStatePosition: 1
PlayerCurrentMovementAni: Hero_Parade_None_2H_P0_WhirlAttack_Hit_N_Fwd_00_%_00_P0_150_R.xmot
PlayerLeftItem: <none>
PlayerLeftItemAddress: 00000000
PlayerLeftUseType: -1
PlayerLeftCollisionGroup: -1
PlayerRightItem: It_2H_Sword_Flamberge
PlayerRightItemAddress: E2BFE810
PlayerRightUseType: 3
PlayerRightCollisionGroup: 7
RequestedGroup: 7
BeforeGroup: 5
AfterGroup: 7
Item_EquippedValue: 5
Item_AttackValue: 7
RetiredMarkerExecutionCount: 0
====================================

MarkerAction: ACCEPTED
MarkerName: G3AB_COL_RIGHT
MarkerOpcode: RIGHT
AuthoredMarkerOccurrences: 2
AcceptedMarkerOccurrencesBefore: 1
AcceptedMarkerOccurrencesAfter: 2
ExecutionBudgetReset: 0
AuthoredMarkerFrame: 4
PreviousMarkerOwnedSourceMask: 0
DesiredMarkerOwnedSourceMask: 1
RetiredMarkerOwnedSourceMask: 0
RetiredSourceCount: 0
MarkerOwnedWeaponSourceMaskAfterActivation: 1
CollisionGroupBeforeMarker: 5
CollisionGroupAfterMarker: 7
ResolvedSourceUseTypeAtMarker: 3
ActivatedSourceCount: 1
CollisionGroupRequestCount: 1
FistSourceCount: 0
TriggeredDamageListClearCount: 1
RightCollisionGroupBeforeMarker: 5
RightCollisionGroupAfterMarker: 7
RightResolvedSourceUseTypeAtMarker: 3
RightSetCollisionGroupRequested: 1
RightSkippedCollisionGroupForFist: 0
RightTriggeredDamageListCleared: 1
SetCollisionGroupAction: REQUESTED_ITEM_ATTACK
TriggeredDamageList: CLEARED
WhirlStatePositionBeforeMarker: 1
WhirlStatePositionAfterMarker: 1
Original StartEffect for marker: NOT CALLED
=================================

===== G3AB_COL_OFF RECEIVED =====
ElapsedMs: 50463.710
Actor: PC_Hero
Action: 10
AniPhase: 1
StateTime: 0.674593
StatePosition: 1
CurrentMovementAni: Hero_Parade_None_2H_P0_WhirlAttack_Hit_N_Fwd_00_%_00_P0_150_R.xmot
MarkerOpcode: OFF
RightHandSourceResolved: 1
RightHandSource: It_2H_Sword_Flamberge
RightHandSourceAddress: E2BFE810
RightHandSourceUseType: 3
RightHandSourceCollisionGroup: 7
LeftHandSourceResolved: 0
MarkerAction: AUTHORED_OCCURRENCE_BUDGET_IGNORED
MarkerName: G3AB_COL_OFF
AuthoredMarkerOccurrences: 1
AcceptedMarkerOccurrencesBefore: 1
AcceptedMarkerOccurrencesAfter: 1
ExecutionBudgetReset: 0
SetCollisionGroupAction: NOT_REQUESTED_BUDGET_EXHAUSTED
TriggeredDamageList: NOT_CLEARED_BUDGET_EXHAUSTED
Original StartEffect for marker: NOT CALLED
=================================

===== G3AB_COL_RIGHT RECEIVED =====
ElapsedMs: 50463.736
Actor: PC_Hero
Action: 10
AniPhase: 1
StateTime: 0.674593
StatePosition: 1
CurrentMovementAni: Hero_Parade_None_2H_P0_WhirlAttack_Hit_N_Fwd_00_%_00_P0_150_R.xmot
MarkerOpcode: RIGHT
RightHandSourceResolved: 1
RightHandSource: It_2H_Sword_Flamberge
RightHandSourceAddress: E2BFE810
RightHandSourceUseType: 3
RightHandSourceCollisionGroup: 7
LeftHandSourceResolved: 0
MarkerAction: DUPLICATE_SAME_UPDATE_IGNORED
AuthoredMarkerFrame: 4
DuplicateStateTimeDelta: 0.000000000
DuplicateElapsedMsDelta: 0.172700
SetCollisionGroupAction: NOT_REQUESTED_DUPLICATE
TriggeredDamageList: NOT_CLEARED_DUPLICATE
Original StartEffect for marker: NOT CALLED
=================================

===== ENGINE SetCollisionGroup =====
ElapsedMs: 50695.084
Entity: It_2H_Sword_Flamberge
ChangedEntityAddress: E2BFE810
PlayerSlotMatch: RIGHT
PlayerAction: 10
PlayerAniPhase: 3
PlayerPrimaryPose: 1
PlayerStateTime: 0.893560
PlayerStatePosition: 1
PlayerCurrentMovementAni: Hero_Parade_None_2H_P0_WhirlAttack_Hit_N_Fwd_00_%_00_P0_150_R.xmot
PlayerLeftItem: <none>
PlayerLeftItemAddress: 00000000
PlayerLeftUseType: -1
PlayerLeftCollisionGroup: -1
PlayerRightItem: It_2H_Sword_Flamberge
PlayerRightItemAddress: E2BFE810
PlayerRightUseType: 3
PlayerRightCollisionGroup: 5
RequestedGroup: 5
BeforeGroup: 7
AfterGroup: 5
Item_EquippedValue: 5
Item_AttackValue: 7
RetiredMarkerExecutionCount: 1
====================================

===== G3AB_COL_RIGHT RECEIVED =====
ElapsedMs: 52848.942
Actor: PC_Hero
Action: 10
AniPhase: 1
StateTime: 0.183975
StatePosition: 0
CurrentMovementAni: Hero_Parade_None_2H_P0_WhirlAttack_Hit_N_Fwd_00_%_00_P0_150_R.xmot
MarkerOpcode: RIGHT
RightHandSourceResolved: 1
RightHandSource: It_2H_Sword_Flamberge
RightHandSourceAddress: E2BFE810
RightHandSourceUseType: 3
RightHandSourceCollisionGroup: 5
LeftHandSourceResolved: 0
===== ENGINE SetCollisionGroup =====
ElapsedMs: 52848.973
Entity: It_2H_Sword_Flamberge
ChangedEntityAddress: E2BFE810
PlayerSlotMatch: RIGHT
PlayerAction: 10
PlayerAniPhase: 1
PlayerPrimaryPose: 1
PlayerStateTime: 0.183975
PlayerStatePosition: 0
PlayerCurrentMovementAni: Hero_Parade_None_2H_P0_WhirlAttack_Hit_N_Fwd_00_%_00_P0_150_R.xmot
PlayerLeftItem: <none>
PlayerLeftItemAddress: 00000000
PlayerLeftUseType: -1
PlayerLeftCollisionGroup: -1
PlayerRightItem: It_2H_Sword_Flamberge
PlayerRightItemAddress: E2BFE810
PlayerRightUseType: 3
PlayerRightCollisionGroup: 7
RequestedGroup: 7
BeforeGroup: 5
AfterGroup: 7
Item_EquippedValue: 5
Item_AttackValue: 7
RetiredMarkerExecutionCount: 0
====================================

MarkerAction: ACCEPTED
MarkerName: G3AB_COL_RIGHT
MarkerOpcode: RIGHT
AuthoredMarkerOccurrences: 2
AcceptedMarkerOccurrencesBefore: 0
AcceptedMarkerOccurrencesAfter: 1
ExecutionBudgetReset: 1
AuthoredMarkerFrame: 4
PreviousMarkerOwnedSourceMask: 0
DesiredMarkerOwnedSourceMask: 1
RetiredMarkerOwnedSourceMask: 0
RetiredSourceCount: 0
MarkerOwnedWeaponSourceMaskAfterActivation: 1
CollisionGroupBeforeMarker: 5
CollisionGroupAfterMarker: 7
ResolvedSourceUseTypeAtMarker: 3
ActivatedSourceCount: 1
CollisionGroupRequestCount: 1
FistSourceCount: 0
TriggeredDamageListClearCount: 1
RightCollisionGroupBeforeMarker: 5
RightCollisionGroupAfterMarker: 7
RightResolvedSourceUseTypeAtMarker: 3
RightSetCollisionGroupRequested: 1
RightSkippedCollisionGroupForFist: 0
RightTriggeredDamageListCleared: 1
SetCollisionGroupAction: REQUESTED_ITEM_ATTACK
TriggeredDamageList: CLEARED
WhirlStatePositionBeforeMarker: 0
WhirlStatePositionAfterMarker: 1
Original StartEffect for marker: NOT CALLED
=================================

===== G3AB_COL_OFF RECEIVED =====
ElapsedMs: 53116.047
Actor: PC_Hero
Action: 10
AniPhase: 1
StateTime: 0.450969
StatePosition: 1
CurrentMovementAni: Hero_Parade_None_2H_P0_WhirlAttack_Hit_N_Fwd_00_%_00_P0_150_R.xmot
MarkerOpcode: OFF
RightHandSourceResolved: 1
RightHandSource: It_2H_Sword_Flamberge
RightHandSourceAddress: E2BFE810
RightHandSourceUseType: 3
RightHandSourceCollisionGroup: 7
LeftHandSourceResolved: 0
===== ENGINE SetCollisionGroup =====
ElapsedMs: 53116.076
Entity: It_2H_Sword_Flamberge
ChangedEntityAddress: E2BFE810
PlayerSlotMatch: RIGHT
PlayerAction: 10
PlayerAniPhase: 1
PlayerPrimaryPose: 1
PlayerStateTime: 0.450969
PlayerStatePosition: 1
PlayerCurrentMovementAni: Hero_Parade_None_2H_P0_WhirlAttack_Hit_N_Fwd_00_%_00_P0_150_R.xmot
PlayerLeftItem: <none>
PlayerLeftItemAddress: 00000000
PlayerLeftUseType: -1
PlayerLeftCollisionGroup: -1
PlayerRightItem: It_2H_Sword_Flamberge
PlayerRightItemAddress: E2BFE810
PlayerRightUseType: 3
PlayerRightCollisionGroup: 5
RequestedGroup: 5
BeforeGroup: 7
AfterGroup: 5
Item_EquippedValue: 5
Item_AttackValue: 7
RetiredMarkerExecutionCount: 0
====================================

MarkerAction: OFF_ACCEPTED
MarkerName: G3AB_COL_OFF
MarkerOpcode: OFF
AuthoredMarkerOccurrences: 1
AcceptedMarkerOccurrencesBefore: 0
AcceptedMarkerOccurrencesAfter: 1
ExecutionBudgetReset: 0
AuthoredMarkerFrame: 10
MarkerOwnedSourceMaskBeforeOff: 1
DeactivatedSourceCount: 1
SetCollisionGroupAction: REQUESTED_ITEM_EQUIPPED_FOR_OWNED_SOURCES
TriggeredDamageList: NOT_CLEARED_OFF
Original StartEffect for marker: NOT CALLED
=================================

===== G3AB_COL_RIGHT RECEIVED =====
ElapsedMs: 53339.107
Actor: PC_Hero
Action: 10
AniPhase: 1
StateTime: 0.673954
StatePosition: 1
CurrentMovementAni: Hero_Parade_None_2H_P0_WhirlAttack_Hit_N_Fwd_00_%_00_P0_150_R.xmot
MarkerOpcode: RIGHT
RightHandSourceResolved: 1
RightHandSource: It_2H_Sword_Flamberge
RightHandSourceAddress: E2BFE810
RightHandSourceUseType: 3
RightHandSourceCollisionGroup: 5
LeftHandSourceResolved: 0
===== ENGINE SetCollisionGroup =====
ElapsedMs: 53339.135
Entity: It_2H_Sword_Flamberge
ChangedEntityAddress: E2BFE810
PlayerSlotMatch: RIGHT
PlayerAction: 10
PlayerAniPhase: 1
PlayerPrimaryPose: 1
PlayerStateTime: 0.673954
PlayerStatePosition: 1
PlayerCurrentMovementAni: Hero_Parade_None_2H_P0_WhirlAttack_Hit_N_Fwd_00_%_00_P0_150_R.xmot
PlayerLeftItem: <none>
PlayerLeftItemAddress: 00000000
PlayerLeftUseType: -1
PlayerLeftCollisionGroup: -1
PlayerRightItem: It_2H_Sword_Flamberge
PlayerRightItemAddress: E2BFE810
PlayerRightUseType: 3
PlayerRightCollisionGroup: 7
RequestedGroup: 7
BeforeGroup: 5
AfterGroup: 7
Item_EquippedValue: 5
Item_AttackValue: 7
RetiredMarkerExecutionCount: 0
====================================

MarkerAction: ACCEPTED
MarkerName: G3AB_COL_RIGHT
MarkerOpcode: RIGHT
AuthoredMarkerOccurrences: 2
AcceptedMarkerOccurrencesBefore: 1
AcceptedMarkerOccurrencesAfter: 2
ExecutionBudgetReset: 0
AuthoredMarkerFrame: 4
PreviousMarkerOwnedSourceMask: 0
DesiredMarkerOwnedSourceMask: 1
RetiredMarkerOwnedSourceMask: 0
RetiredSourceCount: 0
MarkerOwnedWeaponSourceMaskAfterActivation: 1
CollisionGroupBeforeMarker: 5
CollisionGroupAfterMarker: 7
ResolvedSourceUseTypeAtMarker: 3
ActivatedSourceCount: 1
CollisionGroupRequestCount: 1
FistSourceCount: 0
TriggeredDamageListClearCount: 1
RightCollisionGroupBeforeMarker: 5
RightCollisionGroupAfterMarker: 7
RightResolvedSourceUseTypeAtMarker: 3
RightSetCollisionGroupRequested: 1
RightSkippedCollisionGroupForFist: 0
RightTriggeredDamageListCleared: 1
SetCollisionGroupAction: REQUESTED_ITEM_ATTACK
TriggeredDamageList: CLEARED
WhirlStatePositionBeforeMarker: 1
WhirlStatePositionAfterMarker: 1
Original StartEffect for marker: NOT CALLED
=================================

===== G3AB_COL_OFF RECEIVED =====
ElapsedMs: 53339.202
Actor: PC_Hero
Action: 10
AniPhase: 1
StateTime: 0.673954
StatePosition: 1
CurrentMovementAni: Hero_Parade_None_2H_P0_WhirlAttack_Hit_N_Fwd_00_%_00_P0_150_R.xmot
MarkerOpcode: OFF
RightHandSourceResolved: 1
RightHandSource: It_2H_Sword_Flamberge
RightHandSourceAddress: E2BFE810
RightHandSourceUseType: 3
RightHandSourceCollisionGroup: 7
LeftHandSourceResolved: 0
MarkerAction: AUTHORED_OCCURRENCE_BUDGET_IGNORED
MarkerName: G3AB_COL_OFF
AuthoredMarkerOccurrences: 1
AcceptedMarkerOccurrencesBefore: 1
AcceptedMarkerOccurrencesAfter: 1
ExecutionBudgetReset: 0
SetCollisionGroupAction: NOT_REQUESTED_BUDGET_EXHAUSTED
TriggeredDamageList: NOT_CLEARED_BUDGET_EXHAUSTED
Original StartEffect for marker: NOT CALLED
=================================

===== G3AB_COL_RIGHT RECEIVED =====
ElapsedMs: 53339.226
Actor: PC_Hero
Action: 10
AniPhase: 1
StateTime: 0.673954
StatePosition: 1
CurrentMovementAni: Hero_Parade_None_2H_P0_WhirlAttack_Hit_N_Fwd_00_%_00_P0_150_R.xmot
MarkerOpcode: RIGHT
RightHandSourceResolved: 1
RightHandSource: It_2H_Sword_Flamberge
RightHandSourceAddress: E2BFE810
RightHandSourceUseType: 3
RightHandSourceCollisionGroup: 7
LeftHandSourceResolved: 0
MarkerAction: DUPLICATE_SAME_UPDATE_IGNORED
AuthoredMarkerFrame: 4
DuplicateStateTimeDelta: 0.000000000
DuplicateElapsedMsDelta: 0.113300
SetCollisionGroupAction: NOT_REQUESTED_DUPLICATE
TriggeredDamageList: NOT_CLEARED_DUPLICATE
Original StartEffect for marker: NOT CALLED
=================================

===== ENGINE SetCollisionGroup =====
ElapsedMs: 53568.136
Entity: It_2H_Sword_Flamberge
ChangedEntityAddress: E2BFE810
PlayerSlotMatch: RIGHT
PlayerAction: 10
PlayerAniPhase: 3
PlayerPrimaryPose: 1
PlayerStateTime: 0.888928
PlayerStatePosition: 1
PlayerCurrentMovementAni: Hero_Parade_None_2H_P0_WhirlAttack_Hit_N_Fwd_00_%_00_P0_150_R.xmot
PlayerLeftItem: <none>
PlayerLeftItemAddress: 00000000
PlayerLeftUseType: -1
PlayerLeftCollisionGroup: -1
PlayerRightItem: It_2H_Sword_Flamberge
PlayerRightItemAddress: E2BFE810
PlayerRightUseType: 3
PlayerRightCollisionGroup: 5
RequestedGroup: 5
BeforeGroup: 7
AfterGroup: 5
Item_EquippedValue: 5
Item_AttackValue: 7
RetiredMarkerExecutionCount: 1
====================================

===== G3AB_COL_RIGHT RECEIVED =====
ElapsedMs: 68994.132
Actor: PC_Hero
Action: 10
AniPhase: 1
StateTime: 0.183976
StatePosition: 0
CurrentMovementAni: Hero_Parade_None_2H_P0_WhirlAttack_Hit_N_Fwd_00_%_00_P0_150_R.xmot
MarkerOpcode: RIGHT
RightHandSourceResolved: 1
RightHandSource: It_2H_Sword_Flamberge
RightHandSourceAddress: E2BFE810
RightHandSourceUseType: 3
RightHandSourceCollisionGroup: 5
LeftHandSourceResolved: 0
===== ENGINE SetCollisionGroup =====
ElapsedMs: 68994.165
Entity: It_2H_Sword_Flamberge
ChangedEntityAddress: E2BFE810
PlayerSlotMatch: RIGHT
PlayerAction: 10
PlayerAniPhase: 1
PlayerPrimaryPose: 1
PlayerStateTime: 0.183976
PlayerStatePosition: 0
PlayerCurrentMovementAni: Hero_Parade_None_2H_P0_WhirlAttack_Hit_N_Fwd_00_%_00_P0_150_R.xmot
PlayerLeftItem: <none>
PlayerLeftItemAddress: 00000000
PlayerLeftUseType: -1
PlayerLeftCollisionGroup: -1
PlayerRightItem: It_2H_Sword_Flamberge
PlayerRightItemAddress: E2BFE810
PlayerRightUseType: 3
PlayerRightCollisionGroup: 7
RequestedGroup: 7
BeforeGroup: 5
AfterGroup: 7
Item_EquippedValue: 5
Item_AttackValue: 7
RetiredMarkerExecutionCount: 0
====================================

MarkerAction: ACCEPTED
MarkerName: G3AB_COL_RIGHT
MarkerOpcode: RIGHT
AuthoredMarkerOccurrences: 2
AcceptedMarkerOccurrencesBefore: 0
AcceptedMarkerOccurrencesAfter: 1
ExecutionBudgetReset: 1
AuthoredMarkerFrame: 4
PreviousMarkerOwnedSourceMask: 0
DesiredMarkerOwnedSourceMask: 1
RetiredMarkerOwnedSourceMask: 0
RetiredSourceCount: 0
MarkerOwnedWeaponSourceMaskAfterActivation: 1
CollisionGroupBeforeMarker: 5
CollisionGroupAfterMarker: 7
ResolvedSourceUseTypeAtMarker: 3
ActivatedSourceCount: 1
CollisionGroupRequestCount: 1
FistSourceCount: 0
TriggeredDamageListClearCount: 1
RightCollisionGroupBeforeMarker: 5
RightCollisionGroupAfterMarker: 7
RightResolvedSourceUseTypeAtMarker: 3
RightSetCollisionGroupRequested: 1
RightSkippedCollisionGroupForFist: 0
RightTriggeredDamageListCleared: 1
SetCollisionGroupAction: REQUESTED_ITEM_ATTACK
TriggeredDamageList: CLEARED
WhirlStatePositionBeforeMarker: 0
WhirlStatePositionAfterMarker: 1
Original StartEffect for marker: NOT CALLED
=================================

===== G3AB_COL_OFF RECEIVED =====
ElapsedMs: 69260.604
Actor: PC_Hero
Action: 10
AniPhase: 1
StateTime: 0.449948
StatePosition: 1
CurrentMovementAni: Hero_Parade_None_2H_P0_WhirlAttack_Hit_N_Fwd_00_%_00_P0_150_R.xmot
MarkerOpcode: OFF
RightHandSourceResolved: 1
RightHandSource: It_2H_Sword_Flamberge
RightHandSourceAddress: E2BFE810
RightHandSourceUseType: 3
RightHandSourceCollisionGroup: 7
LeftHandSourceResolved: 0
===== ENGINE SetCollisionGroup =====
ElapsedMs: 69260.633
Entity: It_2H_Sword_Flamberge
ChangedEntityAddress: E2BFE810
PlayerSlotMatch: RIGHT
PlayerAction: 10
PlayerAniPhase: 1
PlayerPrimaryPose: 1
PlayerStateTime: 0.449948
PlayerStatePosition: 1
PlayerCurrentMovementAni: Hero_Parade_None_2H_P0_WhirlAttack_Hit_N_Fwd_00_%_00_P0_150_R.xmot
PlayerLeftItem: <none>
PlayerLeftItemAddress: 00000000
PlayerLeftUseType: -1
PlayerLeftCollisionGroup: -1
PlayerRightItem: It_2H_Sword_Flamberge
PlayerRightItemAddress: E2BFE810
PlayerRightUseType: 3
PlayerRightCollisionGroup: 5
RequestedGroup: 5
BeforeGroup: 7
AfterGroup: 5
Item_EquippedValue: 5
Item_AttackValue: 7
RetiredMarkerExecutionCount: 0
====================================

MarkerAction: OFF_ACCEPTED
MarkerName: G3AB_COL_OFF
MarkerOpcode: OFF
AuthoredMarkerOccurrences: 1
AcceptedMarkerOccurrencesBefore: 0
AcceptedMarkerOccurrencesAfter: 1
ExecutionBudgetReset: 0
AuthoredMarkerFrame: 10
MarkerOwnedSourceMaskBeforeOff: 1
DeactivatedSourceCount: 1
SetCollisionGroupAction: REQUESTED_ITEM_EQUIPPED_FOR_OWNED_SOURCES
TriggeredDamageList: NOT_CLEARED_OFF
Original StartEffect for marker: NOT CALLED
=================================

===== G3AB_COL_RIGHT RECEIVED =====
ElapsedMs: 69485.202
Actor: PC_Hero
Action: 10
AniPhase: 1
StateTime: 0.674933
StatePosition: 1
CurrentMovementAni: Hero_Parade_None_2H_P0_WhirlAttack_Hit_N_Fwd_00_%_00_P0_150_R.xmot
MarkerOpcode: RIGHT
RightHandSourceResolved: 1
RightHandSource: It_2H_Sword_Flamberge
RightHandSourceAddress: E2BFE810
RightHandSourceUseType: 3
RightHandSourceCollisionGroup: 5
LeftHandSourceResolved: 0
===== ENGINE SetCollisionGroup =====
ElapsedMs: 69485.232
Entity: It_2H_Sword_Flamberge
ChangedEntityAddress: E2BFE810
PlayerSlotMatch: RIGHT
PlayerAction: 10
PlayerAniPhase: 1
PlayerPrimaryPose: 1
PlayerStateTime: 0.674933
PlayerStatePosition: 1
PlayerCurrentMovementAni: Hero_Parade_None_2H_P0_WhirlAttack_Hit_N_Fwd_00_%_00_P0_150_R.xmot
PlayerLeftItem: <none>
PlayerLeftItemAddress: 00000000
PlayerLeftUseType: -1
PlayerLeftCollisionGroup: -1
PlayerRightItem: It_2H_Sword_Flamberge
PlayerRightItemAddress: E2BFE810
PlayerRightUseType: 3
PlayerRightCollisionGroup: 7
RequestedGroup: 7
BeforeGroup: 5
AfterGroup: 7
Item_EquippedValue: 5
Item_AttackValue: 7
RetiredMarkerExecutionCount: 0
====================================

MarkerAction: ACCEPTED
MarkerName: G3AB_COL_RIGHT
MarkerOpcode: RIGHT
AuthoredMarkerOccurrences: 2
AcceptedMarkerOccurrencesBefore: 1
AcceptedMarkerOccurrencesAfter: 2
ExecutionBudgetReset: 0
AuthoredMarkerFrame: 4
PreviousMarkerOwnedSourceMask: 0
DesiredMarkerOwnedSourceMask: 1
RetiredMarkerOwnedSourceMask: 0
RetiredSourceCount: 0
MarkerOwnedWeaponSourceMaskAfterActivation: 1
CollisionGroupBeforeMarker: 5
CollisionGroupAfterMarker: 7
ResolvedSourceUseTypeAtMarker: 3
ActivatedSourceCount: 1
CollisionGroupRequestCount: 1
FistSourceCount: 0
TriggeredDamageListClearCount: 1
RightCollisionGroupBeforeMarker: 5
RightCollisionGroupAfterMarker: 7
RightResolvedSourceUseTypeAtMarker: 3
RightSetCollisionGroupRequested: 1
RightSkippedCollisionGroupForFist: 0
RightTriggeredDamageListCleared: 1
SetCollisionGroupAction: REQUESTED_ITEM_ATTACK
TriggeredDamageList: CLEARED
WhirlStatePositionBeforeMarker: 1
WhirlStatePositionAfterMarker: 1
Original StartEffect for marker: NOT CALLED
=================================

===== G3AB_COL_OFF RECEIVED =====
ElapsedMs: 69485.303
Actor: PC_Hero
Action: 10
AniPhase: 1
StateTime: 0.674933
StatePosition: 1
CurrentMovementAni: Hero_Parade_None_2H_P0_WhirlAttack_Hit_N_Fwd_00_%_00_P0_150_R.xmot
MarkerOpcode: OFF
RightHandSourceResolved: 1
RightHandSource: It_2H_Sword_Flamberge
RightHandSourceAddress: E2BFE810
RightHandSourceUseType: 3
RightHandSourceCollisionGroup: 7
LeftHandSourceResolved: 0
MarkerAction: AUTHORED_OCCURRENCE_BUDGET_IGNORED
MarkerName: G3AB_COL_OFF
AuthoredMarkerOccurrences: 1
AcceptedMarkerOccurrencesBefore: 1
AcceptedMarkerOccurrencesAfter: 1
ExecutionBudgetReset: 0
SetCollisionGroupAction: NOT_REQUESTED_BUDGET_EXHAUSTED
TriggeredDamageList: NOT_CLEARED_BUDGET_EXHAUSTED
Original StartEffect for marker: NOT CALLED
=================================

===== G3AB_COL_RIGHT RECEIVED =====
ElapsedMs: 69485.327
Actor: PC_Hero
Action: 10
AniPhase: 1
StateTime: 0.674933
StatePosition: 1
CurrentMovementAni: Hero_Parade_None_2H_P0_WhirlAttack_Hit_N_Fwd_00_%_00_P0_150_R.xmot
MarkerOpcode: RIGHT
RightHandSourceResolved: 1
RightHandSource: It_2H_Sword_Flamberge
RightHandSourceAddress: E2BFE810
RightHandSourceUseType: 3
RightHandSourceCollisionGroup: 7
LeftHandSourceResolved: 0
MarkerAction: DUPLICATE_SAME_UPDATE_IGNORED
AuthoredMarkerFrame: 4
DuplicateStateTimeDelta: 0.000000000
DuplicateElapsedMsDelta: 0.118300
SetCollisionGroupAction: NOT_REQUESTED_DUPLICATE
TriggeredDamageList: NOT_CLEARED_DUPLICATE
Original StartEffect for marker: NOT CALLED
=================================

===== ENGINE SetCollisionGroup =====
ElapsedMs: 69716.075
Entity: It_2H_Sword_Flamberge
ChangedEntityAddress: E2BFE810
PlayerSlotMatch: RIGHT
PlayerAction: 10
PlayerAniPhase: 3
PlayerPrimaryPose: 1
PlayerStateTime: 0.894891
PlayerStatePosition: 1
PlayerCurrentMovementAni: Hero_Parade_None_2H_P0_WhirlAttack_Hit_N_Fwd_00_%_00_P0_150_R.xmot
PlayerLeftItem: <none>
PlayerLeftItemAddress: 00000000
PlayerLeftUseType: -1
PlayerLeftCollisionGroup: -1
PlayerRightItem: It_2H_Sword_Flamberge
PlayerRightItemAddress: E2BFE810
PlayerRightUseType: 3
PlayerRightCollisionGroup: 5
RequestedGroup: 5
BeforeGroup: 7
AfterGroup: 5
Item_EquippedValue: 5
Item_AttackValue: 7
RetiredMarkerExecutionCount: 1
====================================

===== G3AB_COL_RIGHT RECEIVED =====
ElapsedMs: 70846.911
Actor: PC_Hero
Action: 10
AniPhase: 1
StateTime: 0.181007
StatePosition: 0
CurrentMovementAni: Hero_Parade_None_2H_P0_WhirlAttack_Hit_N_Fwd_00_%_00_P0_150_R.xmot
MarkerOpcode: RIGHT
RightHandSourceResolved: 1
RightHandSource: It_2H_Sword_Flamberge
RightHandSourceAddress: E2BFE810
RightHandSourceUseType: 3
RightHandSourceCollisionGroup: 5
LeftHandSourceResolved: 0
===== ENGINE SetCollisionGroup =====
ElapsedMs: 70846.975
Entity: It_2H_Sword_Flamberge
ChangedEntityAddress: E2BFE810
PlayerSlotMatch: RIGHT
PlayerAction: 10
PlayerAniPhase: 1
PlayerPrimaryPose: 1
PlayerStateTime: 0.181007
PlayerStatePosition: 0
PlayerCurrentMovementAni: Hero_Parade_None_2H_P0_WhirlAttack_Hit_N_Fwd_00_%_00_P0_150_R.xmot
PlayerLeftItem: <none>
PlayerLeftItemAddress: 00000000
PlayerLeftUseType: -1
PlayerLeftCollisionGroup: -1
PlayerRightItem: It_2H_Sword_Flamberge
PlayerRightItemAddress: E2BFE810
PlayerRightUseType: 3
PlayerRightCollisionGroup: 7
RequestedGroup: 7
BeforeGroup: 5
AfterGroup: 7
Item_EquippedValue: 5
Item_AttackValue: 7
RetiredMarkerExecutionCount: 0
====================================

MarkerAction: ACCEPTED
MarkerName: G3AB_COL_RIGHT
MarkerOpcode: RIGHT
AuthoredMarkerOccurrences: 2
AcceptedMarkerOccurrencesBefore: 0
AcceptedMarkerOccurrencesAfter: 1
ExecutionBudgetReset: 1
AuthoredMarkerFrame: 4
PreviousMarkerOwnedSourceMask: 0
DesiredMarkerOwnedSourceMask: 1
RetiredMarkerOwnedSourceMask: 0
RetiredSourceCount: 0
MarkerOwnedWeaponSourceMaskAfterActivation: 1
CollisionGroupBeforeMarker: 5
CollisionGroupAfterMarker: 7
ResolvedSourceUseTypeAtMarker: 3
ActivatedSourceCount: 1
CollisionGroupRequestCount: 1
FistSourceCount: 0
TriggeredDamageListClearCount: 1
RightCollisionGroupBeforeMarker: 5
RightCollisionGroupAfterMarker: 7
RightResolvedSourceUseTypeAtMarker: 3
RightSetCollisionGroupRequested: 1
RightSkippedCollisionGroupForFist: 0
RightTriggeredDamageListCleared: 1
SetCollisionGroupAction: REQUESTED_ITEM_ATTACK
TriggeredDamageList: CLEARED
WhirlStatePositionBeforeMarker: 0
WhirlStatePositionAfterMarker: 1
Original StartEffect for marker: NOT CALLED
=================================

===== G3AB_COL_OFF RECEIVED =====
ElapsedMs: 71110.739
Actor: PC_Hero
Action: 10
AniPhase: 1
StateTime: 0.444982
StatePosition: 1
CurrentMovementAni: Hero_Parade_None_2H_P0_WhirlAttack_Hit_N_Fwd_00_%_00_P0_150_R.xmot
MarkerOpcode: OFF
RightHandSourceResolved: 1
RightHandSource: It_2H_Sword_Flamberge
RightHandSourceAddress: E2BFE810
RightHandSourceUseType: 3
RightHandSourceCollisionGroup: 7
LeftHandSourceResolved: 0
===== ENGINE SetCollisionGroup =====
ElapsedMs: 71110.767
Entity: It_2H_Sword_Flamberge
ChangedEntityAddress: E2BFE810
PlayerSlotMatch: RIGHT
PlayerAction: 10
PlayerAniPhase: 1
PlayerPrimaryPose: 1
PlayerStateTime: 0.444982
PlayerStatePosition: 1
PlayerCurrentMovementAni: Hero_Parade_None_2H_P0_WhirlAttack_Hit_N_Fwd_00_%_00_P0_150_R.xmot
PlayerLeftItem: <none>
PlayerLeftItemAddress: 00000000
PlayerLeftUseType: -1
PlayerLeftCollisionGroup: -1
PlayerRightItem: It_2H_Sword_Flamberge
PlayerRightItemAddress: E2BFE810
PlayerRightUseType: 3
PlayerRightCollisionGroup: 5
RequestedGroup: 5
BeforeGroup: 7
AfterGroup: 5
Item_EquippedValue: 5
Item_AttackValue: 7
RetiredMarkerExecutionCount: 0
====================================

MarkerAction: OFF_ACCEPTED
MarkerName: G3AB_COL_OFF
MarkerOpcode: OFF
AuthoredMarkerOccurrences: 1
AcceptedMarkerOccurrencesBefore: 0
AcceptedMarkerOccurrencesAfter: 1
ExecutionBudgetReset: 0
AuthoredMarkerFrame: 10
MarkerOwnedSourceMaskBeforeOff: 1
DeactivatedSourceCount: 1
SetCollisionGroupAction: REQUESTED_ITEM_EQUIPPED_FOR_OWNED_SOURCES
TriggeredDamageList: NOT_CLEARED_OFF
Original StartEffect for marker: NOT CALLED
=================================

===== MARKER OWNERSHIP DECISION =====
ElapsedMs: 71260.081
Actor: Golem
CurrentMovementAni: Golem_Stand_None_Fist_P0_Attack_Hit_N_Fwd_00_%_00_P0_100_R.xmot
MatchingMotionFound: 1
FrameEffectCount: 3
ContainsReservedSourceMarker: 0
RequiredSourceMask: 0
AuthoredRIGHTMarkerCount: 0
FirstRIGHTMarkerFrame: -1
AuthoredLEFTMarkerCount: 0
FirstLEFTMarkerFrame: -1
AuthoredBOTHMarkerCount: 0
FirstBOTHMarkerFrame: -1
AuthoredOFFMarkerCount: 0
FirstOFFMarkerFrame: -1
RightHandSourceResolved: 1
RightHandSource: Fist
RightHandSourceAddress: E6EA6C10
RightHandSourceUseType: 8
RightHandSourceCollisionGroup: 0
LeftHandSourceResolved: 0
Decision: LEGACY/NATIVE - call original timer callback
=====================================

===== G3AB_COL_RIGHT RECEIVED =====
ElapsedMs: 71342.023
Actor: PC_Hero
Action: 10
AniPhase: 1
StateTime: 0.673934
StatePosition: 1
CurrentMovementAni: Hero_Parade_None_2H_P0_WhirlAttack_Hit_N_Fwd_00_%_00_P0_150_R.xmot
MarkerOpcode: RIGHT
RightHandSourceResolved: 1
RightHandSource: It_2H_Sword_Flamberge
RightHandSourceAddress: E2BFE810
RightHandSourceUseType: 3
RightHandSourceCollisionGroup: 5
LeftHandSourceResolved: 0
===== ENGINE SetCollisionGroup =====
ElapsedMs: 71342.054
Entity: It_2H_Sword_Flamberge
ChangedEntityAddress: E2BFE810
PlayerSlotMatch: RIGHT
PlayerAction: 10
PlayerAniPhase: 1
PlayerPrimaryPose: 1
PlayerStateTime: 0.673934
PlayerStatePosition: 1
PlayerCurrentMovementAni: Hero_Parade_None_2H_P0_WhirlAttack_Hit_N_Fwd_00_%_00_P0_150_R.xmot
PlayerLeftItem: <none>
PlayerLeftItemAddress: 00000000
PlayerLeftUseType: -1
PlayerLeftCollisionGroup: -1
PlayerRightItem: It_2H_Sword_Flamberge
PlayerRightItemAddress: E2BFE810
PlayerRightUseType: 3
PlayerRightCollisionGroup: 7
RequestedGroup: 7
BeforeGroup: 5
AfterGroup: 7
Item_EquippedValue: 5
Item_AttackValue: 7
RetiredMarkerExecutionCount: 0
====================================

MarkerAction: ACCEPTED
MarkerName: G3AB_COL_RIGHT
MarkerOpcode: RIGHT
AuthoredMarkerOccurrences: 2
AcceptedMarkerOccurrencesBefore: 1
AcceptedMarkerOccurrencesAfter: 2
ExecutionBudgetReset: 0
AuthoredMarkerFrame: 4
PreviousMarkerOwnedSourceMask: 0
DesiredMarkerOwnedSourceMask: 1
RetiredMarkerOwnedSourceMask: 0
RetiredSourceCount: 0
MarkerOwnedWeaponSourceMaskAfterActivation: 1
CollisionGroupBeforeMarker: 5
CollisionGroupAfterMarker: 7
ResolvedSourceUseTypeAtMarker: 3
ActivatedSourceCount: 1
CollisionGroupRequestCount: 1
FistSourceCount: 0
TriggeredDamageListClearCount: 1
RightCollisionGroupBeforeMarker: 5
RightCollisionGroupAfterMarker: 7
RightResolvedSourceUseTypeAtMarker: 3
RightSetCollisionGroupRequested: 1
RightSkippedCollisionGroupForFist: 0
RightTriggeredDamageListCleared: 1
SetCollisionGroupAction: REQUESTED_ITEM_ATTACK
TriggeredDamageList: CLEARED
WhirlStatePositionBeforeMarker: 1
WhirlStatePositionAfterMarker: 1
Original StartEffect for marker: NOT CALLED
=================================

===== G3AB_COL_OFF RECEIVED =====
ElapsedMs: 71342.120
Actor: PC_Hero
Action: 10
AniPhase: 1
StateTime: 0.673934
StatePosition: 1
CurrentMovementAni: Hero_Parade_None_2H_P0_WhirlAttack_Hit_N_Fwd_00_%_00_P0_150_R.xmot
MarkerOpcode: OFF
RightHandSourceResolved: 1
RightHandSource: It_2H_Sword_Flamberge
RightHandSourceAddress: E2BFE810
RightHandSourceUseType: 3
RightHandSourceCollisionGroup: 7
LeftHandSourceResolved: 0
MarkerAction: AUTHORED_OCCURRENCE_BUDGET_IGNORED
MarkerName: G3AB_COL_OFF
AuthoredMarkerOccurrences: 1
AcceptedMarkerOccurrencesBefore: 1
AcceptedMarkerOccurrencesAfter: 1
ExecutionBudgetReset: 0
SetCollisionGroupAction: NOT_REQUESTED_BUDGET_EXHAUSTED
TriggeredDamageList: NOT_CLEARED_BUDGET_EXHAUSTED
Original StartEffect for marker: NOT CALLED
=================================

===== G3AB_COL_RIGHT RECEIVED =====
ElapsedMs: 71342.150
Actor: PC_Hero
Action: 10
AniPhase: 1
StateTime: 0.673934
StatePosition: 1
CurrentMovementAni: Hero_Parade_None_2H_P0_WhirlAttack_Hit_N_Fwd_00_%_00_P0_150_R.xmot
MarkerOpcode: RIGHT
RightHandSourceResolved: 1
RightHandSource: It_2H_Sword_Flamberge
RightHandSourceAddress: E2BFE810
RightHandSourceUseType: 3
RightHandSourceCollisionGroup: 7
LeftHandSourceResolved: 0
MarkerAction: DUPLICATE_SAME_UPDATE_IGNORED
AuthoredMarkerFrame: 4
DuplicateStateTimeDelta: 0.000000000
DuplicateElapsedMsDelta: 0.121200
SetCollisionGroupAction: NOT_REQUESTED_DUPLICATE
TriggeredDamageList: NOT_CLEARED_DUPLICATE
Original StartEffect for marker: NOT CALLED
=================================

===== ENGINE SetCollisionGroup =====
ElapsedMs: 71511.456
Entity: Fist
ChangedEntityAddress: E6EA6C10
PlayerSlotMatch: NONE
PlayerAction: 10
PlayerAniPhase: 1
PlayerPrimaryPose: 1
PlayerStateTime: 0.834904
PlayerStatePosition: 1
PlayerCurrentMovementAni: Hero_Parade_None_2H_P0_WhirlAttack_Hit_N_Fwd_00_%_00_P0_150_R.xmot
PlayerLeftItem: <none>
PlayerLeftItemAddress: 00000000
PlayerLeftUseType: -1
PlayerLeftCollisionGroup: -1
PlayerRightItem: It_2H_Sword_Flamberge
PlayerRightItemAddress: E2BFE810
PlayerRightUseType: 3
PlayerRightCollisionGroup: 7
RequestedGroup: 7
BeforeGroup: 0
AfterGroup: 0
Item_EquippedValue: 5
Item_AttackValue: 7
RetiredMarkerExecutionCount: 0
====================================

===== ENGINE SetCollisionGroup =====
ElapsedMs: 71574.553
Entity: It_2H_Sword_Flamberge
ChangedEntityAddress: E2BFE810
PlayerSlotMatch: RIGHT
PlayerAction: 10
PlayerAniPhase: 3
PlayerPrimaryPose: 1
PlayerStateTime: 0.898898
PlayerStatePosition: 1
PlayerCurrentMovementAni: Hero_Parade_None_2H_P0_WhirlAttack_Hit_N_Fwd_00_%_00_P0_150_R.xmot
PlayerLeftItem: <none>
PlayerLeftItemAddress: 00000000
PlayerLeftUseType: -1
PlayerLeftCollisionGroup: -1
PlayerRightItem: It_2H_Sword_Flamberge
PlayerRightItemAddress: E2BFE810
PlayerRightUseType: 3
PlayerRightCollisionGroup: 5
RequestedGroup: 5
BeforeGroup: 7
AfterGroup: 5
Item_EquippedValue: 5
Item_AttackValue: 7
RetiredMarkerExecutionCount: 1
====================================

===== G3AB_COL_RIGHT RECEIVED =====
ElapsedMs: 72606.387
Actor: PC_Hero
Action: 10
AniPhase: 1
StateTime: 0.182005
StatePosition: 0
CurrentMovementAni: Hero_Parade_None_2H_P0_WhirlAttack_Hit_N_Fwd_00_%_00_P0_150_R.xmot
MarkerOpcode: RIGHT
RightHandSourceResolved: 1
RightHandSource: It_2H_Sword_Flamberge
RightHandSourceAddress: E2BFE810
RightHandSourceUseType: 3
RightHandSourceCollisionGroup: 5
LeftHandSourceResolved: 0
===== ENGINE SetCollisionGroup =====
ElapsedMs: 72606.418
Entity: It_2H_Sword_Flamberge
ChangedEntityAddress: E2BFE810
PlayerSlotMatch: RIGHT
PlayerAction: 10
PlayerAniPhase: 1
PlayerPrimaryPose: 1
PlayerStateTime: 0.182005
PlayerStatePosition: 0
PlayerCurrentMovementAni: Hero_Parade_None_2H_P0_WhirlAttack_Hit_N_Fwd_00_%_00_P0_150_R.xmot
PlayerLeftItem: <none>
PlayerLeftItemAddress: 00000000
PlayerLeftUseType: -1
PlayerLeftCollisionGroup: -1
PlayerRightItem: It_2H_Sword_Flamberge
PlayerRightItemAddress: E2BFE810
PlayerRightUseType: 3
PlayerRightCollisionGroup: 7
RequestedGroup: 7
BeforeGroup: 5
AfterGroup: 7
Item_EquippedValue: 5
Item_AttackValue: 7
RetiredMarkerExecutionCount: 0
====================================

MarkerAction: ACCEPTED
MarkerName: G3AB_COL_RIGHT
MarkerOpcode: RIGHT
AuthoredMarkerOccurrences: 2
AcceptedMarkerOccurrencesBefore: 0
AcceptedMarkerOccurrencesAfter: 1
ExecutionBudgetReset: 1
AuthoredMarkerFrame: 4
PreviousMarkerOwnedSourceMask: 0
DesiredMarkerOwnedSourceMask: 1
RetiredMarkerOwnedSourceMask: 0
RetiredSourceCount: 0
MarkerOwnedWeaponSourceMaskAfterActivation: 1
CollisionGroupBeforeMarker: 5
CollisionGroupAfterMarker: 7
ResolvedSourceUseTypeAtMarker: 3
ActivatedSourceCount: 1
CollisionGroupRequestCount: 1
FistSourceCount: 0
TriggeredDamageListClearCount: 1
RightCollisionGroupBeforeMarker: 5
RightCollisionGroupAfterMarker: 7
RightResolvedSourceUseTypeAtMarker: 3
RightSetCollisionGroupRequested: 1
RightSkippedCollisionGroupForFist: 0
RightTriggeredDamageListCleared: 1
SetCollisionGroupAction: REQUESTED_ITEM_ATTACK
TriggeredDamageList: CLEARED
WhirlStatePositionBeforeMarker: 0
WhirlStatePositionAfterMarker: 1
Original StartEffect for marker: NOT CALLED
=================================

===== G3AB_COL_OFF RECEIVED =====
ElapsedMs: 72872.177
Actor: PC_Hero
Action: 10
AniPhase: 1
StateTime: 0.447950
StatePosition: 1
CurrentMovementAni: Hero_Parade_None_2H_P0_WhirlAttack_Hit_N_Fwd_00_%_00_P0_150_R.xmot
MarkerOpcode: OFF
RightHandSourceResolved: 1
RightHandSource: It_2H_Sword_Flamberge
RightHandSourceAddress: E2BFE810
RightHandSourceUseType: 3
RightHandSourceCollisionGroup: 7
LeftHandSourceResolved: 0
===== ENGINE SetCollisionGroup =====
ElapsedMs: 72872.207
Entity: It_2H_Sword_Flamberge
ChangedEntityAddress: E2BFE810
PlayerSlotMatch: RIGHT
PlayerAction: 10
PlayerAniPhase: 1
PlayerPrimaryPose: 1
PlayerStateTime: 0.447950
PlayerStatePosition: 1
PlayerCurrentMovementAni: Hero_Parade_None_2H_P0_WhirlAttack_Hit_N_Fwd_00_%_00_P0_150_R.xmot
PlayerLeftItem: <none>
PlayerLeftItemAddress: 00000000
PlayerLeftUseType: -1
PlayerLeftCollisionGroup: -1
PlayerRightItem: It_2H_Sword_Flamberge
PlayerRightItemAddress: E2BFE810
PlayerRightUseType: 3
PlayerRightCollisionGroup: 5
RequestedGroup: 5
BeforeGroup: 7
AfterGroup: 5
Item_EquippedValue: 5
Item_AttackValue: 7
RetiredMarkerExecutionCount: 0
====================================

MarkerAction: OFF_ACCEPTED
MarkerName: G3AB_COL_OFF
MarkerOpcode: OFF
AuthoredMarkerOccurrences: 1
AcceptedMarkerOccurrencesBefore: 0
AcceptedMarkerOccurrencesAfter: 1
ExecutionBudgetReset: 0
AuthoredMarkerFrame: 10
MarkerOwnedSourceMaskBeforeOff: 1
DeactivatedSourceCount: 1
SetCollisionGroupAction: REQUESTED_ITEM_EQUIPPED_FOR_OWNED_SOURCES
TriggeredDamageList: NOT_CLEARED_OFF
Original StartEffect for marker: NOT CALLED
=================================

===== G3AB_COL_RIGHT RECEIVED =====
ElapsedMs: 73092.810
Actor: PC_Hero
Action: 10
AniPhase: 1
StateTime: 0.668940
StatePosition: 1
CurrentMovementAni: Hero_Parade_None_2H_P0_WhirlAttack_Hit_N_Fwd_00_%_00_P0_150_R.xmot
MarkerOpcode: RIGHT
RightHandSourceResolved: 1
RightHandSource: It_2H_Sword_Flamberge
RightHandSourceAddress: E2BFE810
RightHandSourceUseType: 3
RightHandSourceCollisionGroup: 5
LeftHandSourceResolved: 0
===== ENGINE SetCollisionGroup =====
ElapsedMs: 73092.841
Entity: It_2H_Sword_Flamberge
ChangedEntityAddress: E2BFE810
PlayerSlotMatch: RIGHT
PlayerAction: 10
PlayerAniPhase: 1
PlayerPrimaryPose: 1
PlayerStateTime: 0.668940
PlayerStatePosition: 1
PlayerCurrentMovementAni: Hero_Parade_None_2H_P0_WhirlAttack_Hit_N_Fwd_00_%_00_P0_150_R.xmot
PlayerLeftItem: <none>
PlayerLeftItemAddress: 00000000
PlayerLeftUseType: -1
PlayerLeftCollisionGroup: -1
PlayerRightItem: It_2H_Sword_Flamberge
PlayerRightItemAddress: E2BFE810
PlayerRightUseType: 3
PlayerRightCollisionGroup: 7
RequestedGroup: 7
BeforeGroup: 5
AfterGroup: 7
Item_EquippedValue: 5
Item_AttackValue: 7
RetiredMarkerExecutionCount: 0
====================================

MarkerAction: ACCEPTED
MarkerName: G3AB_COL_RIGHT
MarkerOpcode: RIGHT
AuthoredMarkerOccurrences: 2
AcceptedMarkerOccurrencesBefore: 1
AcceptedMarkerOccurrencesAfter: 2
ExecutionBudgetReset: 0
AuthoredMarkerFrame: 4
PreviousMarkerOwnedSourceMask: 0
DesiredMarkerOwnedSourceMask: 1
RetiredMarkerOwnedSourceMask: 0
RetiredSourceCount: 0
MarkerOwnedWeaponSourceMaskAfterActivation: 1
CollisionGroupBeforeMarker: 5
CollisionGroupAfterMarker: 7
ResolvedSourceUseTypeAtMarker: 3
ActivatedSourceCount: 1
CollisionGroupRequestCount: 1
FistSourceCount: 0
TriggeredDamageListClearCount: 1
RightCollisionGroupBeforeMarker: 5
RightCollisionGroupAfterMarker: 7
RightResolvedSourceUseTypeAtMarker: 3
RightSetCollisionGroupRequested: 1
RightSkippedCollisionGroupForFist: 0
RightTriggeredDamageListCleared: 1
SetCollisionGroupAction: REQUESTED_ITEM_ATTACK
TriggeredDamageList: CLEARED
WhirlStatePositionBeforeMarker: 1
WhirlStatePositionAfterMarker: 1
Original StartEffect for marker: NOT CALLED
=================================

===== G3AB_COL_OFF RECEIVED =====
ElapsedMs: 73092.940
Actor: PC_Hero
Action: 10
AniPhase: 1
StateTime: 0.668940
StatePosition: 1
CurrentMovementAni: Hero_Parade_None_2H_P0_WhirlAttack_Hit_N_Fwd_00_%_00_P0_150_R.xmot
MarkerOpcode: OFF
RightHandSourceResolved: 1
RightHandSource: It_2H_Sword_Flamberge
RightHandSourceAddress: E2BFE810
RightHandSourceUseType: 3
RightHandSourceCollisionGroup: 7
LeftHandSourceResolved: 0
MarkerAction: AUTHORED_OCCURRENCE_BUDGET_IGNORED
MarkerName: G3AB_COL_OFF
AuthoredMarkerOccurrences: 1
AcceptedMarkerOccurrencesBefore: 1
AcceptedMarkerOccurrencesAfter: 1
ExecutionBudgetReset: 0
SetCollisionGroupAction: NOT_REQUESTED_BUDGET_EXHAUSTED
TriggeredDamageList: NOT_CLEARED_BUDGET_EXHAUSTED
Original StartEffect for marker: NOT CALLED
=================================

===== G3AB_COL_RIGHT RECEIVED =====
ElapsedMs: 73092.967
Actor: PC_Hero
Action: 10
AniPhase: 1
StateTime: 0.668940
StatePosition: 1
CurrentMovementAni: Hero_Parade_None_2H_P0_WhirlAttack_Hit_N_Fwd_00_%_00_P0_150_R.xmot
MarkerOpcode: RIGHT
RightHandSourceResolved: 1
RightHandSource: It_2H_Sword_Flamberge
RightHandSourceAddress: E2BFE810
RightHandSourceUseType: 3
RightHandSourceCollisionGroup: 7
LeftHandSourceResolved: 0
MarkerAction: DUPLICATE_SAME_UPDATE_IGNORED
AuthoredMarkerFrame: 4
DuplicateStateTimeDelta: 0.000000000
DuplicateElapsedMsDelta: 0.150700
SetCollisionGroupAction: NOT_REQUESTED_DUPLICATE
TriggeredDamageList: NOT_CLEARED_DUPLICATE
Original StartEffect for marker: NOT CALLED
=================================

===== ENGINE SetCollisionGroup =====
ElapsedMs: 73278.842
Entity: Fist
ChangedEntityAddress: E6EA6C10
PlayerSlotMatch: NONE
PlayerAction: 10
PlayerAniPhase: 1
PlayerPrimaryPose: 1
PlayerStateTime: 0.843869
PlayerStatePosition: 1
PlayerCurrentMovementAni: Hero_Parade_None_2H_P0_WhirlAttack_Hit_N_Fwd_00_%_00_P0_150_R.xmot
PlayerLeftItem: <none>
PlayerLeftItemAddress: 00000000
PlayerLeftUseType: -1
PlayerLeftCollisionGroup: -1
PlayerRightItem: It_2H_Sword_Flamberge
PlayerRightItemAddress: E2BFE810
PlayerRightUseType: 3
PlayerRightCollisionGroup: 7
RequestedGroup: 7
BeforeGroup: 0
AfterGroup: 0
Item_EquippedValue: 5
Item_AttackValue: 7
RetiredMarkerExecutionCount: 0
====================================

===== ENGINE SetCollisionGroup =====
ElapsedMs: 73330.222
Entity: It_2H_Sword_Flamberge
ChangedEntityAddress: E2BFE810
PlayerSlotMatch: RIGHT
PlayerAction: 10
PlayerAniPhase: 3
PlayerPrimaryPose: 1
PlayerStateTime: 0.895912
PlayerStatePosition: 1
PlayerCurrentMovementAni: Hero_Parade_None_2H_P0_WhirlAttack_Hit_N_Fwd_00_%_00_P0_150_R.xmot
PlayerLeftItem: <none>
PlayerLeftItemAddress: 00000000
PlayerLeftUseType: -1
PlayerLeftCollisionGroup: -1
PlayerRightItem: It_2H_Sword_Flamberge
PlayerRightItemAddress: E2BFE810
PlayerRightUseType: 3
PlayerRightCollisionGroup: 5
RequestedGroup: 5
BeforeGroup: 7
AfterGroup: 5
Item_EquippedValue: 5
Item_AttackValue: 7
RetiredMarkerExecutionCount: 1
====================================

===== G3AB_COL_RIGHT RECEIVED =====
ElapsedMs: 74232.545
Actor: PC_Hero
Action: 10
AniPhase: 1
StateTime: 0.178985
StatePosition: 0
CurrentMovementAni: Hero_Parade_None_2H_P0_WhirlAttack_Hit_N_Fwd_00_%_00_P0_150_R.xmot
MarkerOpcode: RIGHT
RightHandSourceResolved: 1
RightHandSource: It_2H_Sword_Flamberge
RightHandSourceAddress: E2BFE810
RightHandSourceUseType: 3
RightHandSourceCollisionGroup: 5
LeftHandSourceResolved: 0
===== ENGINE SetCollisionGroup =====
ElapsedMs: 74232.574
Entity: It_2H_Sword_Flamberge
ChangedEntityAddress: E2BFE810
PlayerSlotMatch: RIGHT
PlayerAction: 10
PlayerAniPhase: 1
PlayerPrimaryPose: 1
PlayerStateTime: 0.178985
PlayerStatePosition: 0
PlayerCurrentMovementAni: Hero_Parade_None_2H_P0_WhirlAttack_Hit_N_Fwd_00_%_00_P0_150_R.xmot
PlayerLeftItem: <none>
PlayerLeftItemAddress: 00000000
PlayerLeftUseType: -1
PlayerLeftCollisionGroup: -1
PlayerRightItem: It_2H_Sword_Flamberge
PlayerRightItemAddress: E2BFE810
PlayerRightUseType: 3
PlayerRightCollisionGroup: 7
RequestedGroup: 7
BeforeGroup: 5
AfterGroup: 7
Item_EquippedValue: 5
Item_AttackValue: 7
RetiredMarkerExecutionCount: 0
====================================

MarkerAction: ACCEPTED
MarkerName: G3AB_COL_RIGHT
MarkerOpcode: RIGHT
AuthoredMarkerOccurrences: 2
AcceptedMarkerOccurrencesBefore: 0
AcceptedMarkerOccurrencesAfter: 1
ExecutionBudgetReset: 1
AuthoredMarkerFrame: 4
PreviousMarkerOwnedSourceMask: 0
DesiredMarkerOwnedSourceMask: 1
RetiredMarkerOwnedSourceMask: 0
RetiredSourceCount: 0
MarkerOwnedWeaponSourceMaskAfterActivation: 1
CollisionGroupBeforeMarker: 5
CollisionGroupAfterMarker: 7
ResolvedSourceUseTypeAtMarker: 3
ActivatedSourceCount: 1
CollisionGroupRequestCount: 1
FistSourceCount: 0
TriggeredDamageListClearCount: 1
RightCollisionGroupBeforeMarker: 5
RightCollisionGroupAfterMarker: 7
RightResolvedSourceUseTypeAtMarker: 3
RightSetCollisionGroupRequested: 1
RightSkippedCollisionGroupForFist: 0
RightTriggeredDamageListCleared: 1
SetCollisionGroupAction: REQUESTED_ITEM_ATTACK
TriggeredDamageList: CLEARED
WhirlStatePositionBeforeMarker: 0
WhirlStatePositionAfterMarker: 1
Original StartEffect for marker: NOT CALLED
=================================

===== G3AB_COL_OFF RECEIVED =====
ElapsedMs: 74506.180
Actor: PC_Hero
Action: 10
AniPhase: 1
StateTime: 0.451982
StatePosition: 1
CurrentMovementAni: Hero_Parade_None_2H_P0_WhirlAttack_Hit_N_Fwd_00_%_00_P0_150_R.xmot
MarkerOpcode: OFF
RightHandSourceResolved: 1
RightHandSource: It_2H_Sword_Flamberge
RightHandSourceAddress: E2BFE810
RightHandSourceUseType: 3
RightHandSourceCollisionGroup: 7
LeftHandSourceResolved: 0
===== ENGINE SetCollisionGroup =====
ElapsedMs: 74506.209
Entity: It_2H_Sword_Flamberge
ChangedEntityAddress: E2BFE810
PlayerSlotMatch: RIGHT
PlayerAction: 10
PlayerAniPhase: 1
PlayerPrimaryPose: 1
PlayerStateTime: 0.451982
PlayerStatePosition: 1
PlayerCurrentMovementAni: Hero_Parade_None_2H_P0_WhirlAttack_Hit_N_Fwd_00_%_00_P0_150_R.xmot
PlayerLeftItem: <none>
PlayerLeftItemAddress: 00000000
PlayerLeftUseType: -1
PlayerLeftCollisionGroup: -1
PlayerRightItem: It_2H_Sword_Flamberge
PlayerRightItemAddress: E2BFE810
PlayerRightUseType: 3
PlayerRightCollisionGroup: 5
RequestedGroup: 5
BeforeGroup: 7
AfterGroup: 5
Item_EquippedValue: 5
Item_AttackValue: 7
RetiredMarkerExecutionCount: 0
====================================

MarkerAction: OFF_ACCEPTED
MarkerName: G3AB_COL_OFF
MarkerOpcode: OFF
AuthoredMarkerOccurrences: 1
AcceptedMarkerOccurrencesBefore: 0
AcceptedMarkerOccurrencesAfter: 1
ExecutionBudgetReset: 0
AuthoredMarkerFrame: 10
MarkerOwnedSourceMaskBeforeOff: 1
DeactivatedSourceCount: 1
SetCollisionGroupAction: REQUESTED_ITEM_EQUIPPED_FOR_OWNED_SOURCES
TriggeredDamageList: NOT_CLEARED_OFF
Original StartEffect for marker: NOT CALLED
=================================

===== G3AB_COL_RIGHT RECEIVED =====
ElapsedMs: 74726.729
Actor: PC_Hero
Action: 10
AniPhase: 1
StateTime: 0.672942
StatePosition: 1
CurrentMovementAni: Hero_Parade_None_2H_P0_WhirlAttack_Hit_N_Fwd_00_%_00_P0_150_R.xmot
MarkerOpcode: RIGHT
RightHandSourceResolved: 1
RightHandSource: It_2H_Sword_Flamberge
RightHandSourceAddress: E2BFE810
RightHandSourceUseType: 3
RightHandSourceCollisionGroup: 5
LeftHandSourceResolved: 0
===== ENGINE SetCollisionGroup =====
ElapsedMs: 74726.760
Entity: It_2H_Sword_Flamberge
ChangedEntityAddress: E2BFE810
PlayerSlotMatch: RIGHT
PlayerAction: 10
PlayerAniPhase: 1
PlayerPrimaryPose: 1
PlayerStateTime: 0.672942
PlayerStatePosition: 1
PlayerCurrentMovementAni: Hero_Parade_None_2H_P0_WhirlAttack_Hit_N_Fwd_00_%_00_P0_150_R.xmot
PlayerLeftItem: <none>
PlayerLeftItemAddress: 00000000
PlayerLeftUseType: -1
PlayerLeftCollisionGroup: -1
PlayerRightItem: It_2H_Sword_Flamberge
PlayerRightItemAddress: E2BFE810
PlayerRightUseType: 3
PlayerRightCollisionGroup: 7
RequestedGroup: 7
BeforeGroup: 5
AfterGroup: 7
Item_EquippedValue: 5
Item_AttackValue: 7
RetiredMarkerExecutionCount: 0
====================================

MarkerAction: ACCEPTED
MarkerName: G3AB_COL_RIGHT
MarkerOpcode: RIGHT
AuthoredMarkerOccurrences: 2
AcceptedMarkerOccurrencesBefore: 1
AcceptedMarkerOccurrencesAfter: 2
ExecutionBudgetReset: 0
AuthoredMarkerFrame: 4
PreviousMarkerOwnedSourceMask: 0
DesiredMarkerOwnedSourceMask: 1
RetiredMarkerOwnedSourceMask: 0
RetiredSourceCount: 0
MarkerOwnedWeaponSourceMaskAfterActivation: 1
CollisionGroupBeforeMarker: 5
CollisionGroupAfterMarker: 7
ResolvedSourceUseTypeAtMarker: 3
ActivatedSourceCount: 1
CollisionGroupRequestCount: 1
FistSourceCount: 0
TriggeredDamageListClearCount: 1
RightCollisionGroupBeforeMarker: 5
RightCollisionGroupAfterMarker: 7
RightResolvedSourceUseTypeAtMarker: 3
RightSetCollisionGroupRequested: 1
RightSkippedCollisionGroupForFist: 0
RightTriggeredDamageListCleared: 1
SetCollisionGroupAction: REQUESTED_ITEM_ATTACK
TriggeredDamageList: CLEARED
WhirlStatePositionBeforeMarker: 1
WhirlStatePositionAfterMarker: 1
Original StartEffect for marker: NOT CALLED
=================================

===== G3AB_COL_OFF RECEIVED =====
ElapsedMs: 74726.833
Actor: PC_Hero
Action: 10
AniPhase: 1
StateTime: 0.672942
StatePosition: 1
CurrentMovementAni: Hero_Parade_None_2H_P0_WhirlAttack_Hit_N_Fwd_00_%_00_P0_150_R.xmot
MarkerOpcode: OFF
RightHandSourceResolved: 1
RightHandSource: It_2H_Sword_Flamberge
RightHandSourceAddress: E2BFE810
RightHandSourceUseType: 3
RightHandSourceCollisionGroup: 7
LeftHandSourceResolved: 0
MarkerAction: AUTHORED_OCCURRENCE_BUDGET_IGNORED
MarkerName: G3AB_COL_OFF
AuthoredMarkerOccurrences: 1
AcceptedMarkerOccurrencesBefore: 1
AcceptedMarkerOccurrencesAfter: 1
ExecutionBudgetReset: 0
SetCollisionGroupAction: NOT_REQUESTED_BUDGET_EXHAUSTED
TriggeredDamageList: NOT_CLEARED_BUDGET_EXHAUSTED
Original StartEffect for marker: NOT CALLED
=================================

===== G3AB_COL_RIGHT RECEIVED =====
ElapsedMs: 74726.858
Actor: PC_Hero
Action: 10
AniPhase: 1
StateTime: 0.672942
StatePosition: 1
CurrentMovementAni: Hero_Parade_None_2H_P0_WhirlAttack_Hit_N_Fwd_00_%_00_P0_150_R.xmot
MarkerOpcode: RIGHT
RightHandSourceResolved: 1
RightHandSource: It_2H_Sword_Flamberge
RightHandSourceAddress: E2BFE810
RightHandSourceUseType: 3
RightHandSourceCollisionGroup: 7
LeftHandSourceResolved: 0
MarkerAction: DUPLICATE_SAME_UPDATE_IGNORED
AuthoredMarkerFrame: 4
DuplicateStateTimeDelta: 0.000000000
DuplicateElapsedMsDelta: 0.122600
SetCollisionGroupAction: NOT_REQUESTED_DUPLICATE
TriggeredDamageList: NOT_CLEARED_DUPLICATE
Original StartEffect for marker: NOT CALLED
=================================

===== ENGINE SetCollisionGroup =====
ElapsedMs: 74919.071
Entity: Fist
ChangedEntityAddress: E6EA6C10
PlayerSlotMatch: NONE
PlayerAction: 10
PlayerAniPhase: 1
PlayerPrimaryPose: 1
PlayerStateTime: 0.853912
PlayerStatePosition: 1
PlayerCurrentMovementAni: Hero_Parade_None_2H_P0_WhirlAttack_Hit_N_Fwd_00_%_00_P0_150_R.xmot
PlayerLeftItem: <none>
PlayerLeftItemAddress: 00000000
PlayerLeftUseType: -1
PlayerLeftCollisionGroup: -1
PlayerRightItem: It_2H_Sword_Flamberge
PlayerRightItemAddress: E2BFE810
PlayerRightUseType: 3
PlayerRightCollisionGroup: 7
RequestedGroup: 7
BeforeGroup: 0
AfterGroup: 0
Item_EquippedValue: 5
Item_AttackValue: 7
RetiredMarkerExecutionCount: 0
====================================

===== ENGINE SetCollisionGroup =====
ElapsedMs: 74961.976
Entity: It_2H_Sword_Flamberge
ChangedEntityAddress: E2BFE810
PlayerSlotMatch: RIGHT
PlayerAction: 10
PlayerAniPhase: 3
PlayerPrimaryPose: 1
PlayerStateTime: 0.896911
PlayerStatePosition: 1
PlayerCurrentMovementAni: Hero_Parade_None_2H_P0_WhirlAttack_Hit_N_Fwd_00_%_00_P0_150_R.xmot
PlayerLeftItem: <none>
PlayerLeftItemAddress: 00000000
PlayerLeftUseType: -1
PlayerLeftCollisionGroup: -1
PlayerRightItem: It_2H_Sword_Flamberge
PlayerRightItemAddress: E2BFE810
PlayerRightUseType: 3
PlayerRightCollisionGroup: 5
RequestedGroup: 5
BeforeGroup: 7
AfterGroup: 5
Item_EquippedValue: 5
Item_AttackValue: 7
RetiredMarkerExecutionCount: 1
====================================

===== G3AB_COL_RIGHT RECEIVED =====
ElapsedMs: 76292.344
Actor: PC_Hero
Action: 10
AniPhase: 1
StateTime: 0.186987
StatePosition: 0
CurrentMovementAni: Hero_Parade_None_2H_P0_WhirlAttack_Hit_N_Fwd_00_%_00_P0_150_R.xmot
MarkerOpcode: RIGHT
RightHandSourceResolved: 1
RightHandSource: It_2H_Sword_Flamberge
RightHandSourceAddress: E2BFE810
RightHandSourceUseType: 3
RightHandSourceCollisionGroup: 5
LeftHandSourceResolved: 0
===== ENGINE SetCollisionGroup =====
ElapsedMs: 76292.455
Entity: It_2H_Sword_Flamberge
ChangedEntityAddress: E2BFE810
PlayerSlotMatch: RIGHT
PlayerAction: 10
PlayerAniPhase: 1
PlayerPrimaryPose: 1
PlayerStateTime: 0.186987
PlayerStatePosition: 0
PlayerCurrentMovementAni: Hero_Parade_None_2H_P0_WhirlAttack_Hit_N_Fwd_00_%_00_P0_150_R.xmot
PlayerLeftItem: <none>
PlayerLeftItemAddress: 00000000
PlayerLeftUseType: -1
PlayerLeftCollisionGroup: -1
PlayerRightItem: It_2H_Sword_Flamberge
PlayerRightItemAddress: E2BFE810
PlayerRightUseType: 3
PlayerRightCollisionGroup: 7
RequestedGroup: 7
BeforeGroup: 5
AfterGroup: 7
Item_EquippedValue: 5
Item_AttackValue: 7
RetiredMarkerExecutionCount: 0
====================================

MarkerAction: ACCEPTED
MarkerName: G3AB_COL_RIGHT
MarkerOpcode: RIGHT
AuthoredMarkerOccurrences: 2
AcceptedMarkerOccurrencesBefore: 0
AcceptedMarkerOccurrencesAfter: 1
ExecutionBudgetReset: 1
AuthoredMarkerFrame: 4
PreviousMarkerOwnedSourceMask: 0
DesiredMarkerOwnedSourceMask: 1
RetiredMarkerOwnedSourceMask: 0
RetiredSourceCount: 0
MarkerOwnedWeaponSourceMaskAfterActivation: 1
CollisionGroupBeforeMarker: 5
CollisionGroupAfterMarker: 7
ResolvedSourceUseTypeAtMarker: 3
ActivatedSourceCount: 1
CollisionGroupRequestCount: 1
FistSourceCount: 0
TriggeredDamageListClearCount: 1
RightCollisionGroupBeforeMarker: 5
RightCollisionGroupAfterMarker: 7
RightResolvedSourceUseTypeAtMarker: 3
RightSetCollisionGroupRequested: 1
RightSkippedCollisionGroupForFist: 0
RightTriggeredDamageListCleared: 1
SetCollisionGroupAction: REQUESTED_ITEM_ATTACK
TriggeredDamageList: CLEARED
WhirlStatePositionBeforeMarker: 0
WhirlStatePositionAfterMarker: 1
Original StartEffect for marker: NOT CALLED
=================================

===== G3AB_COL_OFF RECEIVED =====
ElapsedMs: 76564.999
Actor: PC_Hero
Action: 10
AniPhase: 1
StateTime: 0.458923
StatePosition: 1
CurrentMovementAni: Hero_Parade_None_2H_P0_WhirlAttack_Hit_N_Fwd_00_%_00_P0_150_R.xmot
MarkerOpcode: OFF
RightHandSourceResolved: 1
RightHandSource: It_2H_Sword_Flamberge
RightHandSourceAddress: E2BFE810
RightHandSourceUseType: 3
RightHandSourceCollisionGroup: 7
LeftHandSourceResolved: 0
===== ENGINE SetCollisionGroup =====
ElapsedMs: 76565.029
Entity: It_2H_Sword_Flamberge
ChangedEntityAddress: E2BFE810
PlayerSlotMatch: RIGHT
PlayerAction: 10
PlayerAniPhase: 1
PlayerPrimaryPose: 1
PlayerStateTime: 0.458923
PlayerStatePosition: 1
PlayerCurrentMovementAni: Hero_Parade_None_2H_P0_WhirlAttack_Hit_N_Fwd_00_%_00_P0_150_R.xmot
PlayerLeftItem: <none>
PlayerLeftItemAddress: 00000000
PlayerLeftUseType: -1
PlayerLeftCollisionGroup: -1
PlayerRightItem: It_2H_Sword_Flamberge
PlayerRightItemAddress: E2BFE810
PlayerRightUseType: 3
PlayerRightCollisionGroup: 5
RequestedGroup: 5
BeforeGroup: 7
AfterGroup: 5
Item_EquippedValue: 5
Item_AttackValue: 7
RetiredMarkerExecutionCount: 0
====================================

MarkerAction: OFF_ACCEPTED
MarkerName: G3AB_COL_OFF
MarkerOpcode: OFF
AuthoredMarkerOccurrences: 1
AcceptedMarkerOccurrencesBefore: 0
AcceptedMarkerOccurrencesAfter: 1
ExecutionBudgetReset: 0
AuthoredMarkerFrame: 10
MarkerOwnedSourceMaskBeforeOff: 1
DeactivatedSourceCount: 1
SetCollisionGroupAction: REQUESTED_ITEM_EQUIPPED_FOR_OWNED_SOURCES
TriggeredDamageList: NOT_CLEARED_OFF
Original StartEffect for marker: NOT CALLED
=================================

===== G3AB_COL_RIGHT RECEIVED =====
ElapsedMs: 76778.811
Actor: PC_Hero
Action: 10
AniPhase: 1
StateTime: 0.672926
StatePosition: 1
CurrentMovementAni: Hero_Parade_None_2H_P0_WhirlAttack_Hit_N_Fwd_00_%_00_P0_150_R.xmot
MarkerOpcode: RIGHT
RightHandSourceResolved: 1
RightHandSource: It_2H_Sword_Flamberge
RightHandSourceAddress: E2BFE810
RightHandSourceUseType: 3
RightHandSourceCollisionGroup: 5
LeftHandSourceResolved: 0
===== ENGINE SetCollisionGroup =====
ElapsedMs: 76778.842
Entity: It_2H_Sword_Flamberge
ChangedEntityAddress: E2BFE810
PlayerSlotMatch: RIGHT
PlayerAction: 10
PlayerAniPhase: 1
PlayerPrimaryPose: 1
PlayerStateTime: 0.672926
PlayerStatePosition: 1
PlayerCurrentMovementAni: Hero_Parade_None_2H_P0_WhirlAttack_Hit_N_Fwd_00_%_00_P0_150_R.xmot
PlayerLeftItem: <none>
PlayerLeftItemAddress: 00000000
PlayerLeftUseType: -1
PlayerLeftCollisionGroup: -1
PlayerRightItem: It_2H_Sword_Flamberge
PlayerRightItemAddress: E2BFE810
PlayerRightUseType: 3
PlayerRightCollisionGroup: 7
RequestedGroup: 7
BeforeGroup: 5
AfterGroup: 7
Item_EquippedValue: 5
Item_AttackValue: 7
RetiredMarkerExecutionCount: 0
====================================

MarkerAction: ACCEPTED
MarkerName: G3AB_COL_RIGHT
MarkerOpcode: RIGHT
AuthoredMarkerOccurrences: 2
AcceptedMarkerOccurrencesBefore: 1
AcceptedMarkerOccurrencesAfter: 2
ExecutionBudgetReset: 0
AuthoredMarkerFrame: 4
PreviousMarkerOwnedSourceMask: 0
DesiredMarkerOwnedSourceMask: 1
RetiredMarkerOwnedSourceMask: 0
RetiredSourceCount: 0
MarkerOwnedWeaponSourceMaskAfterActivation: 1
CollisionGroupBeforeMarker: 5
CollisionGroupAfterMarker: 7
ResolvedSourceUseTypeAtMarker: 3
ActivatedSourceCount: 1
CollisionGroupRequestCount: 1
FistSourceCount: 0
TriggeredDamageListClearCount: 1
RightCollisionGroupBeforeMarker: 5
RightCollisionGroupAfterMarker: 7
RightResolvedSourceUseTypeAtMarker: 3
RightSetCollisionGroupRequested: 1
RightSkippedCollisionGroupForFist: 0
RightTriggeredDamageListCleared: 1
SetCollisionGroupAction: REQUESTED_ITEM_ATTACK
TriggeredDamageList: CLEARED
WhirlStatePositionBeforeMarker: 1
WhirlStatePositionAfterMarker: 1
Original StartEffect for marker: NOT CALLED
=================================

===== G3AB_COL_OFF RECEIVED =====
ElapsedMs: 76778.913
Actor: PC_Hero
Action: 10
AniPhase: 1
StateTime: 0.672926
StatePosition: 1
CurrentMovementAni: Hero_Parade_None_2H_P0_WhirlAttack_Hit_N_Fwd_00_%_00_P0_150_R.xmot
MarkerOpcode: OFF
RightHandSourceResolved: 1
RightHandSource: It_2H_Sword_Flamberge
RightHandSourceAddress: E2BFE810
RightHandSourceUseType: 3
RightHandSourceCollisionGroup: 7
LeftHandSourceResolved: 0
MarkerAction: AUTHORED_OCCURRENCE_BUDGET_IGNORED
MarkerName: G3AB_COL_OFF
AuthoredMarkerOccurrences: 1
AcceptedMarkerOccurrencesBefore: 1
AcceptedMarkerOccurrencesAfter: 1
ExecutionBudgetReset: 0
SetCollisionGroupAction: NOT_REQUESTED_BUDGET_EXHAUSTED
TriggeredDamageList: NOT_CLEARED_BUDGET_EXHAUSTED
Original StartEffect for marker: NOT CALLED
=================================

===== G3AB_COL_RIGHT RECEIVED =====
ElapsedMs: 76778.938
Actor: PC_Hero
Action: 10
AniPhase: 1
StateTime: 0.672926
StatePosition: 1
CurrentMovementAni: Hero_Parade_None_2H_P0_WhirlAttack_Hit_N_Fwd_00_%_00_P0_150_R.xmot
MarkerOpcode: RIGHT
RightHandSourceResolved: 1
RightHandSource: It_2H_Sword_Flamberge
RightHandSourceAddress: E2BFE810
RightHandSourceUseType: 3
RightHandSourceCollisionGroup: 7
LeftHandSourceResolved: 0
MarkerAction: DUPLICATE_SAME_UPDATE_IGNORED
AuthoredMarkerFrame: 4
DuplicateStateTimeDelta: 0.000000000
DuplicateElapsedMsDelta: 0.120500
SetCollisionGroupAction: NOT_REQUESTED_DUPLICATE
TriggeredDamageList: NOT_CLEARED_DUPLICATE
Original StartEffect for marker: NOT CALLED
=================================

===== ENGINE SetCollisionGroup =====
ElapsedMs: 76983.179
Entity: Fist
ChangedEntityAddress: E6EA6C10
PlayerSlotMatch: NONE
PlayerAction: 10
PlayerAniPhase: 1
PlayerPrimaryPose: 1
PlayerStateTime: 0.866913
PlayerStatePosition: 1
PlayerCurrentMovementAni: Hero_Parade_None_2H_P0_WhirlAttack_Hit_N_Fwd_00_%_00_P0_150_R.xmot
PlayerLeftItem: <none>
PlayerLeftItemAddress: 00000000
PlayerLeftUseType: -1
PlayerLeftCollisionGroup: -1
PlayerRightItem: It_2H_Sword_Flamberge
PlayerRightItemAddress: E2BFE810
PlayerRightUseType: 3
PlayerRightCollisionGroup: 7
RequestedGroup: 7
BeforeGroup: 0
AfterGroup: 0
Item_EquippedValue: 5
Item_AttackValue: 7
RetiredMarkerExecutionCount: 0
====================================

===== ENGINE SetCollisionGroup =====
ElapsedMs: 77005.330
Entity: It_2H_Sword_Flamberge
ChangedEntityAddress: E2BFE810
PlayerSlotMatch: RIGHT
PlayerAction: 10
PlayerAniPhase: 3
PlayerPrimaryPose: 1
PlayerStateTime: 0.888900
PlayerStatePosition: 1
PlayerCurrentMovementAni: Hero_Parade_None_2H_P0_WhirlAttack_Hit_N_Fwd_00_%_00_P0_150_R.xmot
PlayerLeftItem: <none>
PlayerLeftItemAddress: 00000000
PlayerLeftUseType: -1
PlayerLeftCollisionGroup: -1
PlayerRightItem: It_2H_Sword_Flamberge
PlayerRightItemAddress: E2BFE810
PlayerRightUseType: 3
PlayerRightCollisionGroup: 5
RequestedGroup: 5
BeforeGroup: 7
AfterGroup: 5
Item_EquippedValue: 5
Item_AttackValue: 7
RetiredMarkerExecutionCount: 1
====================================

===== G3AB_COL_RIGHT RECEIVED =====
ElapsedMs: 78155.404
Actor: PC_Hero
Action: 10
AniPhase: 1
StateTime: 0.185978
StatePosition: 0
CurrentMovementAni: Hero_Parade_None_2H_P0_WhirlAttack_Hit_N_Fwd_00_%_00_P0_150_R.xmot
MarkerOpcode: RIGHT
RightHandSourceResolved: 1
RightHandSource: It_2H_Sword_Flamberge
RightHandSourceAddress: E2BFE810
RightHandSourceUseType: 3
RightHandSourceCollisionGroup: 5
LeftHandSourceResolved: 0
===== ENGINE SetCollisionGroup =====
ElapsedMs: 78155.436
Entity: It_2H_Sword_Flamberge
ChangedEntityAddress: E2BFE810
PlayerSlotMatch: RIGHT
PlayerAction: 10
PlayerAniPhase: 1
PlayerPrimaryPose: 1
PlayerStateTime: 0.185978
PlayerStatePosition: 0
PlayerCurrentMovementAni: Hero_Parade_None_2H_P0_WhirlAttack_Hit_N_Fwd_00_%_00_P0_150_R.xmot
PlayerLeftItem: <none>
PlayerLeftItemAddress: 00000000
PlayerLeftUseType: -1
PlayerLeftCollisionGroup: -1
PlayerRightItem: It_2H_Sword_Flamberge
PlayerRightItemAddress: E2BFE810
PlayerRightUseType: 3
PlayerRightCollisionGroup: 7
RequestedGroup: 7
BeforeGroup: 5
AfterGroup: 7
Item_EquippedValue: 5
Item_AttackValue: 7
RetiredMarkerExecutionCount: 0
====================================

MarkerAction: ACCEPTED
MarkerName: G3AB_COL_RIGHT
MarkerOpcode: RIGHT
AuthoredMarkerOccurrences: 2
AcceptedMarkerOccurrencesBefore: 0
AcceptedMarkerOccurrencesAfter: 1
ExecutionBudgetReset: 1
AuthoredMarkerFrame: 4
PreviousMarkerOwnedSourceMask: 0
DesiredMarkerOwnedSourceMask: 1
RetiredMarkerOwnedSourceMask: 0
RetiredSourceCount: 0
MarkerOwnedWeaponSourceMaskAfterActivation: 1
CollisionGroupBeforeMarker: 5
CollisionGroupAfterMarker: 7
ResolvedSourceUseTypeAtMarker: 3
ActivatedSourceCount: 1
CollisionGroupRequestCount: 1
FistSourceCount: 0
TriggeredDamageListClearCount: 1
RightCollisionGroupBeforeMarker: 5
RightCollisionGroupAfterMarker: 7
RightResolvedSourceUseTypeAtMarker: 3
RightSetCollisionGroupRequested: 1
RightSkippedCollisionGroupForFist: 0
RightTriggeredDamageListCleared: 1
SetCollisionGroupAction: REQUESTED_ITEM_ATTACK
TriggeredDamageList: CLEARED
WhirlStatePositionBeforeMarker: 0
WhirlStatePositionAfterMarker: 1
Original StartEffect for marker: NOT CALLED
=================================

===== G3AB_COL_OFF RECEIVED =====
ElapsedMs: 78421.727
Actor: PC_Hero
Action: 10
AniPhase: 1
StateTime: 0.451985
StatePosition: 1
CurrentMovementAni: Hero_Parade_None_2H_P0_WhirlAttack_Hit_N_Fwd_00_%_00_P0_150_R.xmot
MarkerOpcode: OFF
RightHandSourceResolved: 1
RightHandSource: It_2H_Sword_Flamberge
RightHandSourceAddress: E2BFE810
RightHandSourceUseType: 3
RightHandSourceCollisionGroup: 7
LeftHandSourceResolved: 0
===== ENGINE SetCollisionGroup =====
ElapsedMs: 78421.755
Entity: It_2H_Sword_Flamberge
ChangedEntityAddress: E2BFE810
PlayerSlotMatch: RIGHT
PlayerAction: 10
PlayerAniPhase: 1
PlayerPrimaryPose: 1
PlayerStateTime: 0.451985
PlayerStatePosition: 1
PlayerCurrentMovementAni: Hero_Parade_None_2H_P0_WhirlAttack_Hit_N_Fwd_00_%_00_P0_150_R.xmot
PlayerLeftItem: <none>
PlayerLeftItemAddress: 00000000
PlayerLeftUseType: -1
PlayerLeftCollisionGroup: -1
PlayerRightItem: It_2H_Sword_Flamberge
PlayerRightItemAddress: E2BFE810
PlayerRightUseType: 3
PlayerRightCollisionGroup: 5
RequestedGroup: 5
BeforeGroup: 7
AfterGroup: 5
Item_EquippedValue: 5
Item_AttackValue: 7
RetiredMarkerExecutionCount: 0
====================================

MarkerAction: OFF_ACCEPTED
MarkerName: G3AB_COL_OFF
MarkerOpcode: OFF
AuthoredMarkerOccurrences: 1
AcceptedMarkerOccurrencesBefore: 0
AcceptedMarkerOccurrencesAfter: 1
ExecutionBudgetReset: 0
AuthoredMarkerFrame: 10
MarkerOwnedSourceMaskBeforeOff: 1
DeactivatedSourceCount: 1
SetCollisionGroupAction: REQUESTED_ITEM_EQUIPPED_FOR_OWNED_SOURCES
TriggeredDamageList: NOT_CLEARED_OFF
Original StartEffect for marker: NOT CALLED
=================================

===== G3AB_COL_RIGHT RECEIVED =====
ElapsedMs: 78643.032
Actor: PC_Hero
Action: 10
AniPhase: 1
StateTime: 0.672975
StatePosition: 1
CurrentMovementAni: Hero_Parade_None_2H_P0_WhirlAttack_Hit_N_Fwd_00_%_00_P0_150_R.xmot
MarkerOpcode: RIGHT
RightHandSourceResolved: 1
RightHandSource: It_2H_Sword_Flamberge
RightHandSourceAddress: E2BFE810
RightHandSourceUseType: 3
RightHandSourceCollisionGroup: 5
LeftHandSourceResolved: 0
===== ENGINE SetCollisionGroup =====
ElapsedMs: 78643.060
Entity: It_2H_Sword_Flamberge
ChangedEntityAddress: E2BFE810
PlayerSlotMatch: RIGHT
PlayerAction: 10
PlayerAniPhase: 1
PlayerPrimaryPose: 1
PlayerStateTime: 0.672975
PlayerStatePosition: 1
PlayerCurrentMovementAni: Hero_Parade_None_2H_P0_WhirlAttack_Hit_N_Fwd_00_%_00_P0_150_R.xmot
PlayerLeftItem: <none>
PlayerLeftItemAddress: 00000000
PlayerLeftUseType: -1
PlayerLeftCollisionGroup: -1
PlayerRightItem: It_2H_Sword_Flamberge
PlayerRightItemAddress: E2BFE810
PlayerRightUseType: 3
PlayerRightCollisionGroup: 7
RequestedGroup: 7
BeforeGroup: 5
AfterGroup: 7
Item_EquippedValue: 5
Item_AttackValue: 7
RetiredMarkerExecutionCount: 0
====================================

MarkerAction: ACCEPTED
MarkerName: G3AB_COL_RIGHT
MarkerOpcode: RIGHT
AuthoredMarkerOccurrences: 2
AcceptedMarkerOccurrencesBefore: 1
AcceptedMarkerOccurrencesAfter: 2
ExecutionBudgetReset: 0
AuthoredMarkerFrame: 4
PreviousMarkerOwnedSourceMask: 0
DesiredMarkerOwnedSourceMask: 1
RetiredMarkerOwnedSourceMask: 0
RetiredSourceCount: 0
MarkerOwnedWeaponSourceMaskAfterActivation: 1
CollisionGroupBeforeMarker: 5
CollisionGroupAfterMarker: 7
ResolvedSourceUseTypeAtMarker: 3
ActivatedSourceCount: 1
CollisionGroupRequestCount: 1
FistSourceCount: 0
TriggeredDamageListClearCount: 1
RightCollisionGroupBeforeMarker: 5
RightCollisionGroupAfterMarker: 7
RightResolvedSourceUseTypeAtMarker: 3
RightSetCollisionGroupRequested: 1
RightSkippedCollisionGroupForFist: 0
RightTriggeredDamageListCleared: 1
SetCollisionGroupAction: REQUESTED_ITEM_ATTACK
TriggeredDamageList: CLEARED
WhirlStatePositionBeforeMarker: 1
WhirlStatePositionAfterMarker: 1
Original StartEffect for marker: NOT CALLED
=================================

===== G3AB_COL_OFF RECEIVED =====
ElapsedMs: 78643.124
Actor: PC_Hero
Action: 10
AniPhase: 1
StateTime: 0.672975
StatePosition: 1
CurrentMovementAni: Hero_Parade_None_2H_P0_WhirlAttack_Hit_N_Fwd_00_%_00_P0_150_R.xmot
MarkerOpcode: OFF
RightHandSourceResolved: 1
RightHandSource: It_2H_Sword_Flamberge
RightHandSourceAddress: E2BFE810
RightHandSourceUseType: 3
RightHandSourceCollisionGroup: 7
LeftHandSourceResolved: 0
MarkerAction: AUTHORED_OCCURRENCE_BUDGET_IGNORED
MarkerName: G3AB_COL_OFF
AuthoredMarkerOccurrences: 1
AcceptedMarkerOccurrencesBefore: 1
AcceptedMarkerOccurrencesAfter: 1
ExecutionBudgetReset: 0
SetCollisionGroupAction: NOT_REQUESTED_BUDGET_EXHAUSTED
TriggeredDamageList: NOT_CLEARED_BUDGET_EXHAUSTED
Original StartEffect for marker: NOT CALLED
=================================

===== G3AB_COL_RIGHT RECEIVED =====
ElapsedMs: 78643.153
Actor: PC_Hero
Action: 10
AniPhase: 1
StateTime: 0.672975
StatePosition: 1
CurrentMovementAni: Hero_Parade_None_2H_P0_WhirlAttack_Hit_N_Fwd_00_%_00_P0_150_R.xmot
MarkerOpcode: RIGHT
RightHandSourceResolved: 1
RightHandSource: It_2H_Sword_Flamberge
RightHandSourceAddress: E2BFE810
RightHandSourceUseType: 3
RightHandSourceCollisionGroup: 7
LeftHandSourceResolved: 0
MarkerAction: DUPLICATE_SAME_UPDATE_IGNORED
AuthoredMarkerFrame: 4
DuplicateStateTimeDelta: 0.000000000
DuplicateElapsedMsDelta: 0.115500
SetCollisionGroupAction: NOT_REQUESTED_DUPLICATE
TriggeredDamageList: NOT_CLEARED_DUPLICATE
Original StartEffect for marker: NOT CALLED
=================================

===== ENGINE SetCollisionGroup =====
ElapsedMs: 78810.603
Entity: Fist
ChangedEntityAddress: E6EA6C10
PlayerSlotMatch: NONE
PlayerAction: 10
PlayerAniPhase: 1
PlayerPrimaryPose: 1
PlayerStateTime: 0.830968
PlayerStatePosition: 1
PlayerCurrentMovementAni: Hero_Parade_None_2H_P0_WhirlAttack_Hit_N_Fwd_00_%_00_P0_150_R.xmot
PlayerLeftItem: <none>
PlayerLeftItemAddress: 00000000
PlayerLeftUseType: -1
PlayerLeftCollisionGroup: -1
PlayerRightItem: It_2H_Sword_Flamberge
PlayerRightItemAddress: E2BFE810
PlayerRightUseType: 3
PlayerRightCollisionGroup: 7
RequestedGroup: 7
BeforeGroup: 0
AfterGroup: 0
Item_EquippedValue: 5
Item_AttackValue: 7
RetiredMarkerExecutionCount: 0
====================================

===== ENGINE SetCollisionGroup =====
ElapsedMs: 78877.953
Entity: It_2H_Sword_Flamberge
ChangedEntityAddress: E2BFE810
PlayerSlotMatch: RIGHT
PlayerAction: 10
PlayerAniPhase: 3
PlayerPrimaryPose: 1
PlayerStateTime: 0.895964
PlayerStatePosition: 1
PlayerCurrentMovementAni: Hero_Parade_None_2H_P0_WhirlAttack_Hit_N_Fwd_00_%_00_P0_150_R.xmot
PlayerLeftItem: <none>
PlayerLeftItemAddress: 00000000
PlayerLeftUseType: -1
PlayerLeftCollisionGroup: -1
PlayerRightItem: It_2H_Sword_Flamberge
PlayerRightItemAddress: E2BFE810
PlayerRightUseType: 3
PlayerRightCollisionGroup: 5
RequestedGroup: 5
BeforeGroup: 7
AfterGroup: 5
Item_EquippedValue: 5
Item_AttackValue: 7
RetiredMarkerExecutionCount: 1
====================================

===== ENGINE SetCollisionGroup =====
ElapsedMs: 80454.938
Entity: Fist
ChangedEntityAddress: E6EA6C10
PlayerSlotMatch: NONE
PlayerAction: 0
PlayerAniPhase: 12
PlayerPrimaryPose: 1
PlayerStateTime: 1.558820
PlayerStatePosition: 0
PlayerCurrentMovementAni: Hero_Stand_None_2H_P0_Move_Stand_N_Fwd_00_%_00_P0_0.xmot
PlayerLeftItem: <none>
PlayerLeftItemAddress: 00000000
PlayerLeftUseType: -1
PlayerLeftCollisionGroup: -1
PlayerRightItem: It_2H_Sword_Flamberge
PlayerRightItemAddress: E2BFE810
PlayerRightUseType: 3
PlayerRightCollisionGroup: 5
RequestedGroup: 7
BeforeGroup: 0
AfterGroup: 0
Item_EquippedValue: 5
Item_AttackValue: 7
RetiredMarkerExecutionCount: 0
====================================

===== ENGINE SetCollisionGroup =====
ElapsedMs: 82168.504
Entity: Fist
ChangedEntityAddress: E6EA6C10
PlayerSlotMatch: NONE
PlayerAction: 0
PlayerAniPhase: 5
PlayerPrimaryPose: 1
PlayerStateTime: 3.280723
PlayerStatePosition: 0
PlayerCurrentMovementAni: Hero_Stand_None_2H_P0_Ambient_Loop_N_Fwd_00_%_00_P0_0.xmot
PlayerLeftItem: <none>
PlayerLeftItemAddress: 00000000
PlayerLeftUseType: -1
PlayerLeftCollisionGroup: -1
PlayerRightItem: It_2H_Sword_Flamberge
PlayerRightItemAddress: E2BFE810
PlayerRightUseType: 3
PlayerRightCollisionGroup: 5
RequestedGroup: 7
BeforeGroup: 0
AfterGroup: 0
Item_EquippedValue: 5
Item_AttackValue: 7
RetiredMarkerExecutionCount: 0
====================================

===== ENGINE SetCollisionGroup =====
ElapsedMs: 83748.930
Entity: Fist
ChangedEntityAddress: E6EA6C10
PlayerSlotMatch: NONE
PlayerAction: 0
PlayerAniPhase: 5
PlayerPrimaryPose: 1
PlayerStateTime: 4.861926
PlayerStatePosition: 0
PlayerCurrentMovementAni: Hero_Stand_None_2H_P0_Ambient_Loop_N_Fwd_00_%_00_P0_0.xmot
PlayerLeftItem: <none>
PlayerLeftItemAddress: 00000000
PlayerLeftUseType: -1
PlayerLeftCollisionGroup: -1
PlayerRightItem: It_2H_Sword_Flamberge
PlayerRightItemAddress: E2BFE810
PlayerRightUseType: 3
PlayerRightCollisionGroup: 5
RequestedGroup: 7
BeforeGroup: 0
AfterGroup: 0
Item_EquippedValue: 5
Item_AttackValue: 7
RetiredMarkerExecutionCount: 0
====================================

===== ENGINE SetCollisionGroup =====
ElapsedMs: 85392.653
Entity: Fist
ChangedEntityAddress: E6EA6C10
PlayerSlotMatch: NONE
PlayerAction: 0
PlayerAniPhase: 5
PlayerPrimaryPose: 1
PlayerStateTime: 6.506316
PlayerStatePosition: 0
PlayerCurrentMovementAni: Hero_Stand_None_2H_P0_Ambient_Loop_N_Fwd_00_%_00_P0_0.xmot
PlayerLeftItem: <none>
PlayerLeftItemAddress: 00000000
PlayerLeftUseType: -1
PlayerLeftCollisionGroup: -1
PlayerRightItem: It_2H_Sword_Flamberge
PlayerRightItemAddress: E2BFE810
PlayerRightUseType: 3
PlayerRightCollisionGroup: 5
RequestedGroup: 7
BeforeGroup: 0
AfterGroup: 0
Item_EquippedValue: 5
Item_AttackValue: 7
RetiredMarkerExecutionCount: 0
====================================

===== ENGINE SetCollisionGroup =====
ElapsedMs: 87036.177
Entity: Fist
ChangedEntityAddress: E6EA6C10
PlayerSlotMatch: NONE
PlayerAction: 0
PlayerAniPhase: 5
PlayerPrimaryPose: 1
PlayerStateTime: 8.155052
PlayerStatePosition: 0
PlayerCurrentMovementAni: Hero_Stand_None_2H_P0_Ambient_Loop_N_Fwd_00_%_00_P0_0.xmot
PlayerLeftItem: <none>
PlayerLeftItemAddress: 00000000
PlayerLeftUseType: -1
PlayerLeftCollisionGroup: -1
PlayerRightItem: It_2H_Sword_Flamberge
PlayerRightItemAddress: E2BFE810
PlayerRightUseType: 3
PlayerRightCollisionGroup: 5
RequestedGroup: 7
BeforeGroup: 0
AfterGroup: 0
Item_EquippedValue: 5
Item_AttackValue: 7
RetiredMarkerExecutionCount: 0
====================================

===== ENGINE SetCollisionGroup =====
ElapsedMs: 88704.889
Entity: Fist
ChangedEntityAddress: E6EA6C10
PlayerSlotMatch: NONE
PlayerAction: 10
PlayerAniPhase: 1
PlayerPrimaryPose: 1
PlayerStateTime: 0.009986
PlayerStatePosition: 0
PlayerCurrentMovementAni: Hero_Parade_None_2H_P0_WhirlAttack_Hit_N_Fwd_00_%_00_P0_150_R.xmot
PlayerLeftItem: <none>
PlayerLeftItemAddress: 00000000
PlayerLeftUseType: -1
PlayerLeftCollisionGroup: -1
PlayerRightItem: It_2H_Sword_Flamberge
PlayerRightItemAddress: E2BFE810
PlayerRightUseType: 3
PlayerRightCollisionGroup: 5
RequestedGroup: 7
BeforeGroup: 0
AfterGroup: 0
Item_EquippedValue: 5
Item_AttackValue: 7
RetiredMarkerExecutionCount: 0
====================================

===== G3AB_COL_RIGHT RECEIVED =====
ElapsedMs: 88789.725
Actor: PC_Hero
Action: 10
AniPhase: 1
StateTime: 0.112254
StatePosition: 0
CurrentMovementAni: Hero_Parade_None_2H_P0_WhirlAttack_Hit_N_Fwd_00_%_00_P0_150_R.xmot
MarkerOpcode: RIGHT
RightHandSourceResolved: 1
RightHandSource: It_2H_Sword_Flamberge
RightHandSourceAddress: E2BFE810
RightHandSourceUseType: 3
RightHandSourceCollisionGroup: 5
LeftHandSourceResolved: 0
===== ENGINE SetCollisionGroup =====
ElapsedMs: 88789.755
Entity: It_2H_Sword_Flamberge
ChangedEntityAddress: E2BFE810
PlayerSlotMatch: RIGHT
PlayerAction: 10
PlayerAniPhase: 1
PlayerPrimaryPose: 1
PlayerStateTime: 0.112254
PlayerStatePosition: 0
PlayerCurrentMovementAni: Hero_Parade_None_2H_P0_WhirlAttack_Hit_N_Fwd_00_%_00_P0_150_R.xmot
PlayerLeftItem: <none>
PlayerLeftItemAddress: 00000000
PlayerLeftUseType: -1
PlayerLeftCollisionGroup: -1
PlayerRightItem: It_2H_Sword_Flamberge
PlayerRightItemAddress: E2BFE810
PlayerRightUseType: 3
PlayerRightCollisionGroup: 7
RequestedGroup: 7
BeforeGroup: 5
AfterGroup: 7
Item_EquippedValue: 5
Item_AttackValue: 7
RetiredMarkerExecutionCount: 0
====================================

MarkerAction: ACCEPTED
MarkerName: G3AB_COL_RIGHT
MarkerOpcode: RIGHT
AuthoredMarkerOccurrences: 2
AcceptedMarkerOccurrencesBefore: 0
AcceptedMarkerOccurrencesAfter: 1
ExecutionBudgetReset: 1
AuthoredMarkerFrame: 4
PreviousMarkerOwnedSourceMask: 0
DesiredMarkerOwnedSourceMask: 1
RetiredMarkerOwnedSourceMask: 0
RetiredSourceCount: 0
MarkerOwnedWeaponSourceMaskAfterActivation: 1
CollisionGroupBeforeMarker: 5
CollisionGroupAfterMarker: 7
ResolvedSourceUseTypeAtMarker: 3
ActivatedSourceCount: 1
CollisionGroupRequestCount: 1
FistSourceCount: 0
TriggeredDamageListClearCount: 1
RightCollisionGroupBeforeMarker: 5
RightCollisionGroupAfterMarker: 7
RightResolvedSourceUseTypeAtMarker: 3
RightSetCollisionGroupRequested: 1
RightSkippedCollisionGroupForFist: 0
RightTriggeredDamageListCleared: 1
SetCollisionGroupAction: REQUESTED_ITEM_ATTACK
TriggeredDamageList: CLEARED
WhirlStatePositionBeforeMarker: 0
WhirlStatePositionAfterMarker: 1
Original StartEffect for marker: NOT CALLED
=================================

===== G3AB_COL_OFF RECEIVED =====
ElapsedMs: 89060.849
Actor: PC_Hero
Action: 10
AniPhase: 1
StateTime: 0.383231
StatePosition: 1
CurrentMovementAni: Hero_Parade_None_2H_P0_WhirlAttack_Hit_N_Fwd_00_%_00_P0_150_R.xmot
MarkerOpcode: OFF
RightHandSourceResolved: 1
RightHandSource: It_2H_Sword_Flamberge
RightHandSourceAddress: E2BFE810
RightHandSourceUseType: 3
RightHandSourceCollisionGroup: 7
LeftHandSourceResolved: 0
===== ENGINE SetCollisionGroup =====
ElapsedMs: 89060.878
Entity: It_2H_Sword_Flamberge
ChangedEntityAddress: E2BFE810
PlayerSlotMatch: RIGHT
PlayerAction: 10
PlayerAniPhase: 1
PlayerPrimaryPose: 1
PlayerStateTime: 0.383231
PlayerStatePosition: 1
PlayerCurrentMovementAni: Hero_Parade_None_2H_P0_WhirlAttack_Hit_N_Fwd_00_%_00_P0_150_R.xmot
PlayerLeftItem: <none>
PlayerLeftItemAddress: 00000000
PlayerLeftUseType: -1
PlayerLeftCollisionGroup: -1
PlayerRightItem: It_2H_Sword_Flamberge
PlayerRightItemAddress: E2BFE810
PlayerRightUseType: 3
PlayerRightCollisionGroup: 5
RequestedGroup: 5
BeforeGroup: 7
AfterGroup: 5
Item_EquippedValue: 5
Item_AttackValue: 7
RetiredMarkerExecutionCount: 0
====================================

MarkerAction: OFF_ACCEPTED
MarkerName: G3AB_COL_OFF
MarkerOpcode: OFF
AuthoredMarkerOccurrences: 1
AcceptedMarkerOccurrencesBefore: 0
AcceptedMarkerOccurrencesAfter: 1
ExecutionBudgetReset: 0
AuthoredMarkerFrame: 10
MarkerOwnedSourceMaskBeforeOff: 1
DeactivatedSourceCount: 1
SetCollisionGroupAction: REQUESTED_ITEM_EQUIPPED_FOR_OWNED_SOURCES
TriggeredDamageList: NOT_CLEARED_OFF
Original StartEffect for marker: NOT CALLED
=================================

===== G3AB_COL_RIGHT RECEIVED =====
ElapsedMs: 89281.792
Actor: PC_Hero
Action: 10
AniPhase: 1
StateTime: 0.604216
StatePosition: 1
CurrentMovementAni: Hero_Parade_None_2H_P0_WhirlAttack_Hit_N_Fwd_00_%_00_P0_150_R.xmot
MarkerOpcode: RIGHT
RightHandSourceResolved: 1
RightHandSource: It_2H_Sword_Flamberge
RightHandSourceAddress: E2BFE810
RightHandSourceUseType: 3
RightHandSourceCollisionGroup: 5
LeftHandSourceResolved: 0
===== ENGINE SetCollisionGroup =====
ElapsedMs: 89281.821
Entity: It_2H_Sword_Flamberge
ChangedEntityAddress: E2BFE810
PlayerSlotMatch: RIGHT
PlayerAction: 10
PlayerAniPhase: 1
PlayerPrimaryPose: 1
PlayerStateTime: 0.604216
PlayerStatePosition: 1
PlayerCurrentMovementAni: Hero_Parade_None_2H_P0_WhirlAttack_Hit_N_Fwd_00_%_00_P0_150_R.xmot
PlayerLeftItem: <none>
PlayerLeftItemAddress: 00000000
PlayerLeftUseType: -1
PlayerLeftCollisionGroup: -1
PlayerRightItem: It_2H_Sword_Flamberge
PlayerRightItemAddress: E2BFE810
PlayerRightUseType: 3
PlayerRightCollisionGroup: 7
RequestedGroup: 7
BeforeGroup: 5
AfterGroup: 7
Item_EquippedValue: 5
Item_AttackValue: 7
RetiredMarkerExecutionCount: 0
====================================

MarkerAction: ACCEPTED
MarkerName: G3AB_COL_RIGHT
MarkerOpcode: RIGHT
AuthoredMarkerOccurrences: 2
AcceptedMarkerOccurrencesBefore: 1
AcceptedMarkerOccurrencesAfter: 2
ExecutionBudgetReset: 0
AuthoredMarkerFrame: 4
PreviousMarkerOwnedSourceMask: 0
DesiredMarkerOwnedSourceMask: 1
RetiredMarkerOwnedSourceMask: 0
RetiredSourceCount: 0
MarkerOwnedWeaponSourceMaskAfterActivation: 1
CollisionGroupBeforeMarker: 5
CollisionGroupAfterMarker: 7
ResolvedSourceUseTypeAtMarker: 3
ActivatedSourceCount: 1
CollisionGroupRequestCount: 1
FistSourceCount: 0
TriggeredDamageListClearCount: 1
RightCollisionGroupBeforeMarker: 5
RightCollisionGroupAfterMarker: 7
RightResolvedSourceUseTypeAtMarker: 3
RightSetCollisionGroupRequested: 1
RightSkippedCollisionGroupForFist: 0
RightTriggeredDamageListCleared: 1
SetCollisionGroupAction: REQUESTED_ITEM_ATTACK
TriggeredDamageList: CLEARED
WhirlStatePositionBeforeMarker: 1
WhirlStatePositionAfterMarker: 1
Original StartEffect for marker: NOT CALLED
=================================

===== G3AB_COL_OFF RECEIVED =====
ElapsedMs: 89281.889
Actor: PC_Hero
Action: 10
AniPhase: 1
StateTime: 0.604216
StatePosition: 1
CurrentMovementAni: Hero_Parade_None_2H_P0_WhirlAttack_Hit_N_Fwd_00_%_00_P0_150_R.xmot
MarkerOpcode: OFF
RightHandSourceResolved: 1
RightHandSource: It_2H_Sword_Flamberge
RightHandSourceAddress: E2BFE810
RightHandSourceUseType: 3
RightHandSourceCollisionGroup: 7
LeftHandSourceResolved: 0
MarkerAction: AUTHORED_OCCURRENCE_BUDGET_IGNORED
MarkerName: G3AB_COL_OFF
AuthoredMarkerOccurrences: 1
AcceptedMarkerOccurrencesBefore: 1
AcceptedMarkerOccurrencesAfter: 1
ExecutionBudgetReset: 0
SetCollisionGroupAction: NOT_REQUESTED_BUDGET_EXHAUSTED
TriggeredDamageList: NOT_CLEARED_BUDGET_EXHAUSTED
Original StartEffect for marker: NOT CALLED
=================================

===== G3AB_COL_RIGHT RECEIVED =====
ElapsedMs: 89281.915
Actor: PC_Hero
Action: 10
AniPhase: 1
StateTime: 0.604216
StatePosition: 1
CurrentMovementAni: Hero_Parade_None_2H_P0_WhirlAttack_Hit_N_Fwd_00_%_00_P0_150_R.xmot
MarkerOpcode: RIGHT
RightHandSourceResolved: 1
RightHandSource: It_2H_Sword_Flamberge
RightHandSourceAddress: E2BFE810
RightHandSourceUseType: 3
RightHandSourceCollisionGroup: 7
LeftHandSourceResolved: 0
MarkerAction: DUPLICATE_SAME_UPDATE_IGNORED
AuthoredMarkerFrame: 4
DuplicateStateTimeDelta: 0.000000000
DuplicateElapsedMsDelta: 0.117200
SetCollisionGroupAction: NOT_REQUESTED_DUPLICATE
TriggeredDamageList: NOT_CLEARED_DUPLICATE
Original StartEffect for marker: NOT CALLED
=================================

===== ENGINE SetCollisionGroup =====
ElapsedMs: 89515.856
Entity: It_2H_Sword_Flamberge
ChangedEntityAddress: E2BFE810
PlayerSlotMatch: RIGHT
PlayerAction: 10
PlayerAniPhase: 3
PlayerPrimaryPose: 1
PlayerStateTime: 0.828192
PlayerStatePosition: 1
PlayerCurrentMovementAni: Hero_Parade_None_2H_P0_WhirlAttack_Hit_N_Fwd_00_%_00_P0_150_R.xmot
PlayerLeftItem: <none>
PlayerLeftItemAddress: 00000000
PlayerLeftUseType: -1
PlayerLeftCollisionGroup: -1
PlayerRightItem: It_2H_Sword_Flamberge
PlayerRightItemAddress: E2BFE810
PlayerRightUseType: 3
PlayerRightCollisionGroup: 5
RequestedGroup: 5
BeforeGroup: 7
AfterGroup: 5
Item_EquippedValue: 5
Item_AttackValue: 7
RetiredMarkerExecutionCount: 1
====================================

===== ENGINE SetCollisionGroup =====
ElapsedMs: 90503.179
Entity: Fist
ChangedEntityAddress: E6EA6C10
PlayerSlotMatch: NONE
PlayerAction: 29
PlayerAniPhase: 4
PlayerPrimaryPose: 1
PlayerStateTime: 0.010973
PlayerStatePosition: 0
PlayerCurrentMovementAni: Hero_Stand_None_2H_P0_LieKnockDown_Begin_N_Back_00_%_00_P0_150.xmot
PlayerLeftItem: <none>
PlayerLeftItemAddress: 00000000
PlayerLeftUseType: -1
PlayerLeftCollisionGroup: -1
PlayerRightItem: It_2H_Sword_Flamberge
PlayerRightItemAddress: E2BFE810
PlayerRightUseType: 3
PlayerRightCollisionGroup: 5
RequestedGroup: 7
BeforeGroup: 0
AfterGroup: 0
Item_EquippedValue: 5
Item_AttackValue: 7
RetiredMarkerExecutionCount: 0
====================================

===== ENGINE SetCollisionGroup =====
ElapsedMs: 92136.353
Entity: Fist
ChangedEntityAddress: E6EA6C10
PlayerSlotMatch: NONE
PlayerAction: 24
PlayerAniPhase: 1
PlayerPrimaryPose: 1
PlayerStateTime: 0.008333
PlayerStatePosition: 0
PlayerCurrentMovementAni: Hero_Stand_None_2H_P0_StumbleR_Hit_N_Back_00_%_00_P0_90.xmot
PlayerLeftItem: <none>
PlayerLeftItemAddress: 00000000
PlayerLeftUseType: -1
PlayerLeftCollisionGroup: -1
PlayerRightItem: It_2H_Sword_Flamberge
PlayerRightItemAddress: E2BFE810
PlayerRightUseType: 3
PlayerRightCollisionGroup: 5
RequestedGroup: 7
BeforeGroup: 0
AfterGroup: 0
Item_EquippedValue: 5
Item_AttackValue: 7
RetiredMarkerExecutionCount: 0
====================================

===== G3AB_COL_RIGHT RECEIVED =====
ElapsedMs: 93748.843
Actor: PC_Hero
Action: 10
AniPhase: 1
StateTime: 0.185551
StatePosition: 0
CurrentMovementAni: Hero_Parade_None_2H_P0_WhirlAttack_Hit_N_Fwd_00_%_00_P0_150_R.xmot
MarkerOpcode: RIGHT
RightHandSourceResolved: 1
RightHandSource: It_2H_Sword_Flamberge
RightHandSourceAddress: E2BFE810
RightHandSourceUseType: 3
RightHandSourceCollisionGroup: 5
LeftHandSourceResolved: 0
===== ENGINE SetCollisionGroup =====
ElapsedMs: 93748.871
Entity: It_2H_Sword_Flamberge
ChangedEntityAddress: E2BFE810
PlayerSlotMatch: RIGHT
PlayerAction: 10
PlayerAniPhase: 1
PlayerPrimaryPose: 1
PlayerStateTime: 0.185551
PlayerStatePosition: 0
PlayerCurrentMovementAni: Hero_Parade_None_2H_P0_WhirlAttack_Hit_N_Fwd_00_%_00_P0_150_R.xmot
PlayerLeftItem: <none>
PlayerLeftItemAddress: 00000000
PlayerLeftUseType: -1
PlayerLeftCollisionGroup: -1
PlayerRightItem: It_2H_Sword_Flamberge
PlayerRightItemAddress: E2BFE810
PlayerRightUseType: 3
PlayerRightCollisionGroup: 7
RequestedGroup: 7
BeforeGroup: 5
AfterGroup: 7
Item_EquippedValue: 5
Item_AttackValue: 7
RetiredMarkerExecutionCount: 0
====================================

MarkerAction: ACCEPTED
MarkerName: G3AB_COL_RIGHT
MarkerOpcode: RIGHT
AuthoredMarkerOccurrences: 2
AcceptedMarkerOccurrencesBefore: 0
AcceptedMarkerOccurrencesAfter: 1
ExecutionBudgetReset: 1
AuthoredMarkerFrame: 4
PreviousMarkerOwnedSourceMask: 0
DesiredMarkerOwnedSourceMask: 1
RetiredMarkerOwnedSourceMask: 0
RetiredSourceCount: 0
MarkerOwnedWeaponSourceMaskAfterActivation: 1
CollisionGroupBeforeMarker: 5
CollisionGroupAfterMarker: 7
ResolvedSourceUseTypeAtMarker: 3
ActivatedSourceCount: 1
CollisionGroupRequestCount: 1
FistSourceCount: 0
TriggeredDamageListClearCount: 1
RightCollisionGroupBeforeMarker: 5
RightCollisionGroupAfterMarker: 7
RightResolvedSourceUseTypeAtMarker: 3
RightSetCollisionGroupRequested: 1
RightSkippedCollisionGroupForFist: 0
RightTriggeredDamageListCleared: 1
SetCollisionGroupAction: REQUESTED_ITEM_ATTACK
TriggeredDamageList: CLEARED
WhirlStatePositionBeforeMarker: 0
WhirlStatePositionAfterMarker: 1
Original StartEffect for marker: NOT CALLED
=================================

===== ENGINE SetCollisionGroup =====
ElapsedMs: 93806.166
Entity: It_2H_Sword_Flamberge
ChangedEntityAddress: E2BFE810
PlayerSlotMatch: RIGHT
PlayerAction: 10
PlayerAniPhase: 1
PlayerPrimaryPose: 1
PlayerStateTime: 0.000000
PlayerStatePosition: 0
PlayerCurrentMovementAni: Hero_Parade_None_2H_P0_WhirlAttack_Hit_N_Fwd_00_%_00_P0_150_R.xmot
PlayerLeftItem: <none>
PlayerLeftItemAddress: 00000000
PlayerLeftUseType: -1
PlayerLeftCollisionGroup: -1
PlayerRightItem: It_2H_Sword_Flamberge
PlayerRightItemAddress: E2BFE810
PlayerRightUseType: 3
PlayerRightCollisionGroup: 5
RequestedGroup: 5
BeforeGroup: 7
AfterGroup: 5
Item_EquippedValue: 5
Item_AttackValue: 7
RetiredMarkerExecutionCount: 1
====================================

===== ENGINE SetCollisionGroup =====
ElapsedMs: 93817.011
Entity: Fist
ChangedEntityAddress: E6EA6C10
PlayerSlotMatch: NONE
PlayerAction: 29
PlayerAniPhase: 4
PlayerPrimaryPose: 1
PlayerStateTime: 0.008333
PlayerStatePosition: 0
PlayerCurrentMovementAni: Hero_Stand_None_2H_P0_LieKnockDown_Begin_N_Back_00_%_00_P0_150.xmot
PlayerLeftItem: <none>
PlayerLeftItemAddress: 00000000
PlayerLeftUseType: -1
PlayerLeftCollisionGroup: -1
PlayerRightItem: It_2H_Sword_Flamberge
PlayerRightItemAddress: E2BFE810
PlayerRightUseType: 3
PlayerRightCollisionGroup: 5
RequestedGroup: 7
BeforeGroup: 0
AfterGroup: 0
Item_EquippedValue: 5
Item_AttackValue: 7
RetiredMarkerExecutionCount: 0
====================================

===== ENGINE SetCollisionGroup =====
ElapsedMs: 95421.954
Entity: Fist
ChangedEntityAddress: E6EA6C10
PlayerSlotMatch: NONE
PlayerAction: 24
PlayerAniPhase: 1
PlayerPrimaryPose: 1
PlayerStateTime: 0.008333
PlayerStatePosition: 0
PlayerCurrentMovementAni: Hero_Stand_None_2H_P0_StumbleR_Hit_N_Back_00_%_00_P0_90.xmot
PlayerLeftItem: <none>
PlayerLeftItemAddress: 00000000
PlayerLeftUseType: -1
PlayerLeftCollisionGroup: -1
PlayerRightItem: It_2H_Sword_Flamberge
PlayerRightItemAddress: E2BFE810
PlayerRightUseType: 3
PlayerRightCollisionGroup: 5
RequestedGroup: 7
BeforeGroup: 0
AfterGroup: 0
Item_EquippedValue: 5
Item_AttackValue: 7
RetiredMarkerExecutionCount: 0
====================================

===== G3AB_COL_RIGHT RECEIVED =====
ElapsedMs: 96936.196
Actor: PC_Hero
Action: 10
AniPhase: 1
StateTime: 0.180216
StatePosition: 0
CurrentMovementAni: Hero_Parade_None_2H_P0_WhirlAttack_Hit_N_Fwd_00_%_00_P0_150_R.xmot
MarkerOpcode: RIGHT
RightHandSourceResolved: 1
RightHandSource: It_2H_Sword_Flamberge
RightHandSourceAddress: E2BFE810
RightHandSourceUseType: 3
RightHandSourceCollisionGroup: 5
LeftHandSourceResolved: 0
===== ENGINE SetCollisionGroup =====
ElapsedMs: 96936.226
Entity: It_2H_Sword_Flamberge
ChangedEntityAddress: E2BFE810
PlayerSlotMatch: RIGHT
PlayerAction: 10
PlayerAniPhase: 1
PlayerPrimaryPose: 1
PlayerStateTime: 0.180216
PlayerStatePosition: 0
PlayerCurrentMovementAni: Hero_Parade_None_2H_P0_WhirlAttack_Hit_N_Fwd_00_%_00_P0_150_R.xmot
PlayerLeftItem: <none>
PlayerLeftItemAddress: 00000000
PlayerLeftUseType: -1
PlayerLeftCollisionGroup: -1
PlayerRightItem: It_2H_Sword_Flamberge
PlayerRightItemAddress: E2BFE810
PlayerRightUseType: 3
PlayerRightCollisionGroup: 7
RequestedGroup: 7
BeforeGroup: 5
AfterGroup: 7
Item_EquippedValue: 5
Item_AttackValue: 7
RetiredMarkerExecutionCount: 0
====================================

MarkerAction: ACCEPTED
MarkerName: G3AB_COL_RIGHT
MarkerOpcode: RIGHT
AuthoredMarkerOccurrences: 2
AcceptedMarkerOccurrencesBefore: 0
AcceptedMarkerOccurrencesAfter: 1
ExecutionBudgetReset: 1
AuthoredMarkerFrame: 4
PreviousMarkerOwnedSourceMask: 0
DesiredMarkerOwnedSourceMask: 1
RetiredMarkerOwnedSourceMask: 0
RetiredSourceCount: 0
MarkerOwnedWeaponSourceMaskAfterActivation: 1
CollisionGroupBeforeMarker: 5
CollisionGroupAfterMarker: 7
ResolvedSourceUseTypeAtMarker: 3
ActivatedSourceCount: 1
CollisionGroupRequestCount: 1
FistSourceCount: 0
TriggeredDamageListClearCount: 1
RightCollisionGroupBeforeMarker: 5
RightCollisionGroupAfterMarker: 7
RightResolvedSourceUseTypeAtMarker: 3
RightSetCollisionGroupRequested: 1
RightSkippedCollisionGroupForFist: 0
RightTriggeredDamageListCleared: 1
SetCollisionGroupAction: REQUESTED_ITEM_ATTACK
TriggeredDamageList: CLEARED
WhirlStatePositionBeforeMarker: 0
WhirlStatePositionAfterMarker: 1
Original StartEffect for marker: NOT CALLED
=================================

===== ENGINE SetCollisionGroup =====
ElapsedMs: 97120.920
Entity: It_2H_Sword_Flamberge
ChangedEntityAddress: E2BFE810
PlayerSlotMatch: RIGHT
PlayerAction: 10
PlayerAniPhase: 1
PlayerPrimaryPose: 1
PlayerStateTime: 0.000000
PlayerStatePosition: 0
PlayerCurrentMovementAni: Hero_Parade_None_2H_P0_WhirlAttack_Hit_N_Fwd_00_%_00_P0_150_R.xmot
PlayerLeftItem: <none>
PlayerLeftItemAddress: 00000000
PlayerLeftUseType: -1
PlayerLeftCollisionGroup: -1
PlayerRightItem: It_2H_Sword_Flamberge
PlayerRightItemAddress: E2BFE810
PlayerRightUseType: 3
PlayerRightCollisionGroup: 5
RequestedGroup: 5
BeforeGroup: 7
AfterGroup: 5
Item_EquippedValue: 5
Item_AttackValue: 7
RetiredMarkerExecutionCount: 1
====================================

===== ENGINE SetCollisionGroup =====
ElapsedMs: 97130.516
Entity: Fist
ChangedEntityAddress: E6EA6C10
PlayerSlotMatch: NONE
PlayerAction: 29
PlayerAniPhase: 4
PlayerPrimaryPose: 1
PlayerStateTime: 0.008333
PlayerStatePosition: 0
PlayerCurrentMovementAni: Hero_Stand_None_2H_P0_LieKnockDown_Begin_N_Back_00_%_00_P0_150.xmot
PlayerLeftItem: <none>
PlayerLeftItemAddress: 00000000
PlayerLeftUseType: -1
PlayerLeftCollisionGroup: -1
PlayerRightItem: It_2H_Sword_Flamberge
PlayerRightItemAddress: E2BFE810
PlayerRightUseType: 3
PlayerRightCollisionGroup: 5
RequestedGroup: 7
BeforeGroup: 0
AfterGroup: 0
Item_EquippedValue: 5
Item_AttackValue: 7
RetiredMarkerExecutionCount: 0
====================================

===== ENGINE SetCollisionGroup =====
ElapsedMs: 98708.644
Entity: Fist
ChangedEntityAddress: E6EA6C10
PlayerSlotMatch: NONE
PlayerAction: 24
PlayerAniPhase: 1
PlayerPrimaryPose: 1
PlayerStateTime: 0.008985
PlayerStatePosition: 0
PlayerCurrentMovementAni: Hero_Stand_None_2H_P0_StumbleR_Hit_N_Back_00_%_00_P0_90.xmot
PlayerLeftItem: <none>
PlayerLeftItemAddress: 00000000
PlayerLeftUseType: -1
PlayerLeftCollisionGroup: -1
PlayerRightItem: It_2H_Sword_Flamberge
PlayerRightItemAddress: E2BFE810
PlayerRightUseType: 3
PlayerRightCollisionGroup: 5
RequestedGroup: 7
BeforeGroup: 0
AfterGroup: 0
Item_EquippedValue: 5
Item_AttackValue: 7
RetiredMarkerExecutionCount: 0
====================================

===== ENGINE SetCollisionGroup =====
ElapsedMs: 100306.163
Entity: Fist
ChangedEntityAddress: E6EA6C10
PlayerSlotMatch: NONE
PlayerAction: 29
PlayerAniPhase: 4
PlayerPrimaryPose: 1
PlayerStateTime: 0.009986
PlayerStatePosition: 0
PlayerCurrentMovementAni: Hero_Stand_None_2H_P0_LieKnockDown_Begin_N_Back_00_%_00_P0_150.xmot
PlayerLeftItem: <none>
PlayerLeftItemAddress: 00000000
PlayerLeftUseType: -1
PlayerLeftCollisionGroup: -1
PlayerRightItem: It_2H_Sword_Flamberge
PlayerRightItemAddress: E2BFE810
PlayerRightUseType: 3
PlayerRightCollisionGroup: 5
RequestedGroup: 7
BeforeGroup: 0
AfterGroup: 0
Item_EquippedValue: 5
Item_AttackValue: 7
RetiredMarkerExecutionCount: 0
====================================

===== ENGINE SetCollisionGroup =====
ElapsedMs: 101927.553
Entity: Fist
ChangedEntityAddress: E6EA6C10
PlayerSlotMatch: NONE
PlayerAction: 24
PlayerAniPhase: 1
PlayerPrimaryPose: 1
PlayerStateTime: 0.018304
PlayerStatePosition: 0
PlayerCurrentMovementAni: Hero_Stand_None_2H_P0_StumbleR_Hit_N_Back_00_%_00_P0_90.xmot
PlayerLeftItem: <none>
PlayerLeftItemAddress: 00000000
PlayerLeftUseType: -1
PlayerLeftCollisionGroup: -1
PlayerRightItem: It_2H_Sword_Flamberge
PlayerRightItemAddress: E2BFE810
PlayerRightUseType: 3
PlayerRightCollisionGroup: 5
RequestedGroup: 7
BeforeGroup: 0
AfterGroup: 0
Item_EquippedValue: 5
Item_AttackValue: 7
RetiredMarkerExecutionCount: 0
====================================

===== ENGINE SetCollisionGroup =====
ElapsedMs: 103476.787
Entity: Fist
ChangedEntityAddress: E6EA6C10
PlayerSlotMatch: NONE
PlayerAction: 29
PlayerAniPhase: 4
PlayerPrimaryPose: 1
PlayerStateTime: 0.008985
PlayerStatePosition: 0
PlayerCurrentMovementAni: Hero_Stand_None_2H_P0_LieKnockDown_Begin_N_Back_00_%_00_P0_150.xmot
PlayerLeftItem: <none>
PlayerLeftItemAddress: 00000000
PlayerLeftUseType: -1
PlayerLeftCollisionGroup: -1
PlayerRightItem: It_2H_Sword_Flamberge
PlayerRightItemAddress: E2BFE810
PlayerRightUseType: 3
PlayerRightCollisionGroup: 5
RequestedGroup: 7
BeforeGroup: 0
AfterGroup: 0
Item_EquippedValue: 5
Item_AttackValue: 7
RetiredMarkerExecutionCount: 0
====================================

===== ENGINE SetCollisionGroup =====
ElapsedMs: 105044.794
Entity: Fist
ChangedEntityAddress: E6EA6C10
PlayerSlotMatch: NONE
PlayerAction: 29
PlayerAniPhase: 4
PlayerPrimaryPose: 1
PlayerStateTime: 1.615360
PlayerStatePosition: 0
PlayerCurrentMovementAni: Hero_LieKnockDown_None_2H_P0_SitKnockDown_Begin_N_Back_00_%_00_P0_0.xmot
PlayerLeftItem: <none>
PlayerLeftItemAddress: 00000000
PlayerLeftUseType: -1
PlayerLeftCollisionGroup: -1
PlayerRightItem: It_2H_Sword_Flamberge
PlayerRightItemAddress: E2BFE810
PlayerRightUseType: 3
PlayerRightCollisionGroup: 5
RequestedGroup: 7
BeforeGroup: 0
AfterGroup: 0
Item_EquippedValue: 5
Item_AttackValue: 7
RetiredMarkerExecutionCount: 0
====================================

===== ENGINE SetCollisionGroup =====
ElapsedMs: 106620.472
Entity: Fist
ChangedEntityAddress: E6EA6C10
PlayerSlotMatch: NONE
PlayerAction: 29
PlayerAniPhase: 4
PlayerPrimaryPose: 1
PlayerStateTime: 0.010000
PlayerStatePosition: 0
PlayerCurrentMovementAni: Hero_Stand_None_2H_P0_LieKnockDown_Begin_N_Back_00_%_00_P0_150.xmot
PlayerLeftItem: <none>
PlayerLeftItemAddress: 00000000
PlayerLeftUseType: -1
PlayerLeftCollisionGroup: -1
PlayerRightItem: It_2H_Sword_Flamberge
PlayerRightItemAddress: E2BFE810
PlayerRightUseType: 3
PlayerRightCollisionGroup: 5
RequestedGroup: 7
BeforeGroup: 0
AfterGroup: 0
Item_EquippedValue: 5
Item_AttackValue: 7
RetiredMarkerExecutionCount: 0
====================================

===== ENGINE SetCollisionGroup =====
ElapsedMs: 108257.717
Entity: Fist
ChangedEntityAddress: E6EA6C10
PlayerSlotMatch: NONE
PlayerAction: 24
PlayerAniPhase: 1
PlayerPrimaryPose: 1
PlayerStateTime: 0.008985
PlayerStatePosition: 0
PlayerCurrentMovementAni: Hero_Stand_None_2H_P0_StumbleR_Hit_N_Back_00_%_00_P0_90.xmot
PlayerLeftItem: <none>
PlayerLeftItemAddress: 00000000
PlayerLeftUseType: -1
PlayerLeftCollisionGroup: -1
PlayerRightItem: It_2H_Sword_Flamberge
PlayerRightItemAddress: E2BFE810
PlayerRightUseType: 3
PlayerRightCollisionGroup: 5
RequestedGroup: 7
BeforeGroup: 0
AfterGroup: 0
Item_EquippedValue: 5
Item_AttackValue: 7
RetiredMarkerExecutionCount: 0
====================================

Script_FrameCollisionTest unloading.
