Script_FrameCollisionTest v0.19 loaded.
GENERALIZED ACTOR / WEAPON-SLOT PROTOTYPE.
NO IsPlayer restriction.
NO 2H / Staff / 1H use-type restriction.
NO P0/P1/P2 restriction.
Normal eligibility: exact Attack action + Hit phase + current _Attack_Hit_ motion + RIGHT/LEFT/BOTH source marker.
Quick eligibility: OnAI_QuickAttack + exact Quick/QuickR/QuickL action + Hit phase + a RIGHT/LEFT/BOTH source marker.
Accepted Quick marker completes one-shot callback bookkeeping: StatePosition -> 1.
Full Whirl eligibility: OnAI_WhirlAttack + exact WhirlAttack action + Hit phase + a RIGHT/LEFT/BOTH source marker.
Accepted full-Whirl marker completes one-shot callback bookkeeping: StatePosition -> 1.
Full Whirl uses explicit marker windows; ResetOnUntouch is NOT enabled.
Dual SimpleWhirl remains on the original OnAI_SimpleWhirl callback in v0.19.
FIST CAUSAL TEST: raw Fist/PhysicalFist skips SetCollisionGroup(Item_Attack).
FIST CAUSAL TEST: ClearTriggeredList remains active.
G3AB_COL_RIGHT is the final RIGHT equipped-slot marker.
G3AB_COL_LEFT is the final LEFT equipped-slot marker.
G3AB_COL_BOTH is the final BOTH equipped-slot marker.
RIGHT, LEFT, and BOTH use exact-set semantics: the selected source set replaces the previous marker-owned set.
BOTH activates/rearms the right and left equipped slot entities independently at one authored marker.
If any source required by the exact motion is missing, its original attack callback is NOT suppressed.
This protects unarmed/monster attacks until body-source resolution is implemented.
Marker action: non-Fist -> Item_Attack + ClearTriggeredList; Fist -> ClearTriggeredList only.
G3AB_COL_OFF closes only a weapon window opened by this prototype.
OFF requests Item_Equipped and never clears the triggered list.
OFF before ON or after natural reset is consumed as a logged no-op.
Fist/body OFF remains unsupported; Gothic 3 still owns Hit->Recover reset.
Known collision groups: Item_Equipped=5, Item_Attack=7.
PASSIVE DUAL DISCOVERY: Item_Attack transitions are labelled by exact player LEFT/RIGHT slot entity identity.
A Dual both-weapon activation normally appears as separate LEFT and RIGHT transition records.
Preserved RIGHT and LEFT Normal paths passed v0.14 source validation.

v0.19 adds only the full 2H/Staff OnAI_WhirlAttack adapter.
v0.19 preserves the validated v0.18 Normal/Quick RIGHT/LEFT/BOTH/OFF core unchanged.
No Dual SimpleWhirl, Power, collision-source, timing, or cleanup behavior is added in v0.19.
Dedup key: actor + RIGHT/LEFT slot snapshot + motion + marker + action + phase + state time; wall window <= 5 ms.

Authored-occurrence budgets are cached separately for RIGHT, LEFT, BOTH, and OFF.
Budget key: actor + RIGHT/LEFT slot snapshot + motion + action + phase.
Marker-time or controlled-callback state-time rollback starts a new execution.
Natural collision reset outside the owning Hit execution retires the actor budget.
No per-frame actor scan; budget work occurs only when a reserved marker is received.

Installing hooks...
Hooks installed.

===== MARKER OWNERSHIP DECISION =====
ElapsedMs: 44194.618
Actor: PC_Hero
CurrentMovementAni: Hero_Parade_None_Staff_P0_WhirlAttack_Hit_N_Fwd_00_%_00_P0_150_R.xmot
MatchingMotionFound: 1
FrameEffectCount: 5
ContainsReservedSourceMarker: 1
RequiredSourceMask: 1
AuthoredRIGHTMarkerCount: 2
FirstRIGHTMarkerFrame: 4
AuthoredLEFTMarkerCount: 0
FirstLEFTMarkerFrame: -1
AuthoredBOTHMarkerCount: 0
FirstBOTHMarkerFrame: -1
AuthoredOFFMarkerCount: 1
FirstOFFMarkerFrame: 10
RightHandSourceResolved: 1
RightHandSource: Wrestling Staff_BBM
RightHandSourceAddress: E70DA010
RightHandSourceUseType: 12
RightHandSourceCollisionGroup: 5
LeftHandSourceResolved: 0
Decision: FRAME-CONTROLLED - suppress original timer callback
=====================================

===== G3AB_COL_RIGHT RECEIVED =====
ElapsedMs: 44338.327
Actor: PC_Hero
Action: 10
AniPhase: 1
StateTime: 0.163228
StatePosition: 0
CurrentMovementAni: Hero_Parade_None_Staff_P0_WhirlAttack_Hit_N_Fwd_00_%_00_P0_150_R.xmot
MarkerOpcode: RIGHT
RightHandSourceResolved: 1
RightHandSource: Wrestling Staff_BBM
RightHandSourceAddress: E70DA010
RightHandSourceUseType: 12
RightHandSourceCollisionGroup: 5
LeftHandSourceResolved: 0
===== ENGINE SetCollisionGroup =====
ElapsedMs: 44338.358
Entity: Wrestling Staff_BBM
ChangedEntityAddress: E70DA010
PlayerSlotMatch: RIGHT
PlayerAction: 10
PlayerAniPhase: 1
PlayerPrimaryPose: 1
PlayerStateTime: 0.163228
PlayerStatePosition: 0
PlayerCurrentMovementAni: Hero_Parade_None_Staff_P0_WhirlAttack_Hit_N_Fwd_00_%_00_P0_150_R.xmot
PlayerLeftItem: <none>
PlayerLeftItemAddress: 00000000
PlayerLeftUseType: -1
PlayerLeftCollisionGroup: -1
PlayerRightItem: Wrestling Staff_BBM
PlayerRightItemAddress: E70DA010
PlayerRightUseType: 12
PlayerRightCollisionGroup: 7
RequestedGroup: 7
BeforeGroup: 5
AfterGroup: 7
Item_EquippedValue: 5
Item_AttackValue: 7
RetiredMarkerExecutionCount: 0
====================================

MarkerAction: ACCEPTED
MarkerName: G3AB_COL_RIGHT
MarkerOpcode: RIGHT
AuthoredMarkerOccurrences: 2
AcceptedMarkerOccurrencesBefore: 0
AcceptedMarkerOccurrencesAfter: 1
ExecutionBudgetReset: 1
AuthoredMarkerFrame: 4
PreviousMarkerOwnedSourceMask: 0
DesiredMarkerOwnedSourceMask: 1
RetiredMarkerOwnedSourceMask: 0
RetiredSourceCount: 0
MarkerOwnedWeaponSourceMaskAfterActivation: 1
CollisionGroupBeforeMarker: 5
CollisionGroupAfterMarker: 7
ResolvedSourceUseTypeAtMarker: 12
ActivatedSourceCount: 1
CollisionGroupRequestCount: 1
FistSourceCount: 0
TriggeredDamageListClearCount: 1
RightCollisionGroupBeforeMarker: 5
RightCollisionGroupAfterMarker: 7
RightResolvedSourceUseTypeAtMarker: 12
RightSetCollisionGroupRequested: 1
RightSkippedCollisionGroupForFist: 0
RightTriggeredDamageListCleared: 1
SetCollisionGroupAction: REQUESTED_ITEM_ATTACK
TriggeredDamageList: CLEARED
WhirlStatePositionBeforeMarker: 0
WhirlStatePositionAfterMarker: 1
Original StartEffect for marker: NOT CALLED
=================================

===== G3AB_COL_OFF RECEIVED =====
ElapsedMs: 44577.351
Actor: PC_Hero
Action: 10
AniPhase: 1
StateTime: 0.403517
StatePosition: 1
CurrentMovementAni: Hero_Parade_None_Staff_P0_WhirlAttack_Hit_N_Fwd_00_%_00_P0_150_R.xmot
MarkerOpcode: OFF
RightHandSourceResolved: 1
RightHandSource: Wrestling Staff_BBM
RightHandSourceAddress: E70DA010
RightHandSourceUseType: 12
RightHandSourceCollisionGroup: 7
LeftHandSourceResolved: 0
===== ENGINE SetCollisionGroup =====
ElapsedMs: 44577.382
Entity: Wrestling Staff_BBM
ChangedEntityAddress: E70DA010
PlayerSlotMatch: RIGHT
PlayerAction: 10
PlayerAniPhase: 1
PlayerPrimaryPose: 1
PlayerStateTime: 0.403517
PlayerStatePosition: 1
PlayerCurrentMovementAni: Hero_Parade_None_Staff_P0_WhirlAttack_Hit_N_Fwd_00_%_00_P0_150_R.xmot
PlayerLeftItem: <none>
PlayerLeftItemAddress: 00000000
PlayerLeftUseType: -1
PlayerLeftCollisionGroup: -1
PlayerRightItem: Wrestling Staff_BBM
PlayerRightItemAddress: E70DA010
PlayerRightUseType: 12
PlayerRightCollisionGroup: 5
RequestedGroup: 5
BeforeGroup: 7
AfterGroup: 5
Item_EquippedValue: 5
Item_AttackValue: 7
RetiredMarkerExecutionCount: 0
====================================

MarkerAction: OFF_ACCEPTED
MarkerName: G3AB_COL_OFF
MarkerOpcode: OFF
AuthoredMarkerOccurrences: 1
AcceptedMarkerOccurrencesBefore: 0
AcceptedMarkerOccurrencesAfter: 1
ExecutionBudgetReset: 0
AuthoredMarkerFrame: 10
MarkerOwnedSourceMaskBeforeOff: 1
DeactivatedSourceCount: 1
SetCollisionGroupAction: REQUESTED_ITEM_EQUIPPED_FOR_OWNED_SOURCES
TriggeredDamageList: NOT_CLEARED_OFF
Original StartEffect for marker: NOT CALLED
=================================

===== G3AB_COL_RIGHT RECEIVED =====
ElapsedMs: 44776.669
Actor: PC_Hero
Action: 0
AniPhase: 1
StateTime: 0.132312
StatePosition: 0
CurrentMovementAni: Hero_Parade_None_Staff_P0_WhirlAttack_Hit_N_Fwd_00_%_00_P0_150_R.xmot
MarkerOpcode: RIGHT
RightHandSourceResolved: 1
RightHandSource: Wrestling Staff_BBM
RightHandSourceAddress: E70DA010
RightHandSourceUseType: 12
RightHandSourceCollisionGroup: 5
LeftHandSourceResolved: 0
MarkerAction: REJECTED - unsupported Normal/Quick/full-Whirl action or Hit phase
=================================

===== G3AB_COL_OFF RECEIVED =====
ElapsedMs: 44776.711
Actor: PC_Hero
Action: 0
AniPhase: 1
StateTime: 0.132312
StatePosition: 0
CurrentMovementAni: Hero_Parade_None_Staff_P0_WhirlAttack_Hit_N_Fwd_00_%_00_P0_150_R.xmot
MarkerOpcode: OFF
RightHandSourceResolved: 1
RightHandSource: Wrestling Staff_BBM
RightHandSourceAddress: E70DA010
RightHandSourceUseType: 12
RightHandSourceCollisionGroup: 5
LeftHandSourceResolved: 0
MarkerAction: REJECTED - unsupported Normal/Quick/full-Whirl action or Hit phase
=================================

===== G3AB_COL_RIGHT RECEIVED =====
ElapsedMs: 44776.733
Actor: PC_Hero
Action: 0
AniPhase: 1
StateTime: 0.132312
StatePosition: 0
CurrentMovementAni: Hero_Parade_None_Staff_P0_WhirlAttack_Hit_N_Fwd_00_%_00_P0_150_R.xmot
MarkerOpcode: RIGHT
RightHandSourceResolved: 1
RightHandSource: Wrestling Staff_BBM
RightHandSourceAddress: E70DA010
RightHandSourceUseType: 12
RightHandSourceCollisionGroup: 5
LeftHandSourceResolved: 0
MarkerAction: REJECTED - unsupported Normal/Quick/full-Whirl action or Hit phase
=================================

===== CONTROLLED CALLBACK EXECUTION BOUNDARY =====
ElapsedMs: 45382.565
Actor: PC_Hero
CurrentMovementAni: Hero_Parade_None_Staff_P0_WhirlAttack_Hit_N_Fwd_00_%_00_P0_150_R.xmot
Action: 10
AniPhase: 1
PreviousControlledCallbackStateTime: 0.461501
CurrentControlledCallbackStateTime: 0.000000
ExecutionBoundaryKeyChanged: 0
ExecutionBoundaryStateTimeRollback: 1
MarkerExecutionBudget: RETIRED_BEFORE_MARKER
=====================================

===== G3AB_COL_RIGHT RECEIVED =====
ElapsedMs: 45538.436
Actor: PC_Hero
Action: 10
AniPhase: 1
StateTime: 0.167980
StatePosition: 0
CurrentMovementAni: Hero_Parade_None_Staff_P0_WhirlAttack_Hit_N_Fwd_00_%_00_P0_150_R.xmot
MarkerOpcode: RIGHT
RightHandSourceResolved: 1
RightHandSource: Wrestling Staff_BBM
RightHandSourceAddress: E70DA010
RightHandSourceUseType: 12
RightHandSourceCollisionGroup: 5
LeftHandSourceResolved: 0
===== ENGINE SetCollisionGroup =====
ElapsedMs: 45538.469
Entity: Wrestling Staff_BBM
ChangedEntityAddress: E70DA010
PlayerSlotMatch: RIGHT
PlayerAction: 10
PlayerAniPhase: 1
PlayerPrimaryPose: 1
PlayerStateTime: 0.167980
PlayerStatePosition: 0
PlayerCurrentMovementAni: Hero_Parade_None_Staff_P0_WhirlAttack_Hit_N_Fwd_00_%_00_P0_150_R.xmot
PlayerLeftItem: <none>
PlayerLeftItemAddress: 00000000
PlayerLeftUseType: -1
PlayerLeftCollisionGroup: -1
PlayerRightItem: Wrestling Staff_BBM
PlayerRightItemAddress: E70DA010
PlayerRightUseType: 12
PlayerRightCollisionGroup: 7
RequestedGroup: 7
BeforeGroup: 5
AfterGroup: 7
Item_EquippedValue: 5
Item_AttackValue: 7
RetiredMarkerExecutionCount: 0
====================================

MarkerAction: ACCEPTED
MarkerName: G3AB_COL_RIGHT
MarkerOpcode: RIGHT
AuthoredMarkerOccurrences: 2
AcceptedMarkerOccurrencesBefore: 0
AcceptedMarkerOccurrencesAfter: 1
ExecutionBudgetReset: 1
AuthoredMarkerFrame: 4
PreviousMarkerOwnedSourceMask: 0
DesiredMarkerOwnedSourceMask: 1
RetiredMarkerOwnedSourceMask: 0
RetiredSourceCount: 0
MarkerOwnedWeaponSourceMaskAfterActivation: 1
CollisionGroupBeforeMarker: 5
CollisionGroupAfterMarker: 7
ResolvedSourceUseTypeAtMarker: 12
ActivatedSourceCount: 1
CollisionGroupRequestCount: 1
FistSourceCount: 0
TriggeredDamageListClearCount: 1
RightCollisionGroupBeforeMarker: 5
RightCollisionGroupAfterMarker: 7
RightResolvedSourceUseTypeAtMarker: 12
RightSetCollisionGroupRequested: 1
RightSkippedCollisionGroupForFist: 0
RightTriggeredDamageListCleared: 1
SetCollisionGroupAction: REQUESTED_ITEM_ATTACK
TriggeredDamageList: CLEARED
WhirlStatePositionBeforeMarker: 0
WhirlStatePositionAfterMarker: 1
Original StartEffect for marker: NOT CALLED
=================================

===== G3AB_COL_OFF RECEIVED =====
ElapsedMs: 45771.691
Actor: PC_Hero
Action: 10
AniPhase: 1
StateTime: 0.401945
StatePosition: 1
CurrentMovementAni: Hero_Parade_None_Staff_P0_WhirlAttack_Hit_N_Fwd_00_%_00_P0_150_R.xmot
MarkerOpcode: OFF
RightHandSourceResolved: 1
RightHandSource: Wrestling Staff_BBM
RightHandSourceAddress: E70DA010
RightHandSourceUseType: 12
RightHandSourceCollisionGroup: 7
LeftHandSourceResolved: 0
===== ENGINE SetCollisionGroup =====
ElapsedMs: 45771.720
Entity: Wrestling Staff_BBM
ChangedEntityAddress: E70DA010
PlayerSlotMatch: RIGHT
PlayerAction: 10
PlayerAniPhase: 1
PlayerPrimaryPose: 1
PlayerStateTime: 0.401945
PlayerStatePosition: 1
PlayerCurrentMovementAni: Hero_Parade_None_Staff_P0_WhirlAttack_Hit_N_Fwd_00_%_00_P0_150_R.xmot
PlayerLeftItem: <none>
PlayerLeftItemAddress: 00000000
PlayerLeftUseType: -1
PlayerLeftCollisionGroup: -1
PlayerRightItem: Wrestling Staff_BBM
PlayerRightItemAddress: E70DA010
PlayerRightUseType: 12
PlayerRightCollisionGroup: 5
RequestedGroup: 5
BeforeGroup: 7
AfterGroup: 5
Item_EquippedValue: 5
Item_AttackValue: 7
RetiredMarkerExecutionCount: 0
====================================

MarkerAction: OFF_ACCEPTED
MarkerName: G3AB_COL_OFF
MarkerOpcode: OFF
AuthoredMarkerOccurrences: 1
AcceptedMarkerOccurrencesBefore: 0
AcceptedMarkerOccurrencesAfter: 1
ExecutionBudgetReset: 0
AuthoredMarkerFrame: 10
MarkerOwnedSourceMaskBeforeOff: 1
DeactivatedSourceCount: 1
SetCollisionGroupAction: REQUESTED_ITEM_EQUIPPED_FOR_OWNED_SOURCES
TriggeredDamageList: NOT_CLEARED_OFF
Original StartEffect for marker: NOT CALLED
=================================

===== G3AB_COL_RIGHT RECEIVED =====
ElapsedMs: 45972.126
Actor: PC_Hero
Action: 10
AniPhase: 1
StateTime: 0.601949
StatePosition: 1
CurrentMovementAni: Hero_Parade_None_Staff_P0_WhirlAttack_Hit_N_Fwd_00_%_00_P0_150_R.xmot
MarkerOpcode: RIGHT
RightHandSourceResolved: 1
RightHandSource: Wrestling Staff_BBM
RightHandSourceAddress: E70DA010
RightHandSourceUseType: 12
RightHandSourceCollisionGroup: 5
LeftHandSourceResolved: 0
===== ENGINE SetCollisionGroup =====
ElapsedMs: 45972.155
Entity: Wrestling Staff_BBM
ChangedEntityAddress: E70DA010
PlayerSlotMatch: RIGHT
PlayerAction: 10
PlayerAniPhase: 1
PlayerPrimaryPose: 1
PlayerStateTime: 0.601949
PlayerStatePosition: 1
PlayerCurrentMovementAni: Hero_Parade_None_Staff_P0_WhirlAttack_Hit_N_Fwd_00_%_00_P0_150_R.xmot
PlayerLeftItem: <none>
PlayerLeftItemAddress: 00000000
PlayerLeftUseType: -1
PlayerLeftCollisionGroup: -1
PlayerRightItem: Wrestling Staff_BBM
PlayerRightItemAddress: E70DA010
PlayerRightUseType: 12
PlayerRightCollisionGroup: 7
RequestedGroup: 7
BeforeGroup: 5
AfterGroup: 7
Item_EquippedValue: 5
Item_AttackValue: 7
RetiredMarkerExecutionCount: 0
====================================

MarkerAction: ACCEPTED
MarkerName: G3AB_COL_RIGHT
MarkerOpcode: RIGHT
AuthoredMarkerOccurrences: 2
AcceptedMarkerOccurrencesBefore: 1
AcceptedMarkerOccurrencesAfter: 2
ExecutionBudgetReset: 0
AuthoredMarkerFrame: 4
PreviousMarkerOwnedSourceMask: 0
DesiredMarkerOwnedSourceMask: 1
RetiredMarkerOwnedSourceMask: 0
RetiredSourceCount: 0
MarkerOwnedWeaponSourceMaskAfterActivation: 1
CollisionGroupBeforeMarker: 5
CollisionGroupAfterMarker: 7
ResolvedSourceUseTypeAtMarker: 12
ActivatedSourceCount: 1
CollisionGroupRequestCount: 1
FistSourceCount: 0
TriggeredDamageListClearCount: 1
RightCollisionGroupBeforeMarker: 5
RightCollisionGroupAfterMarker: 7
RightResolvedSourceUseTypeAtMarker: 12
RightSetCollisionGroupRequested: 1
RightSkippedCollisionGroupForFist: 0
RightTriggeredDamageListCleared: 1
SetCollisionGroupAction: REQUESTED_ITEM_ATTACK
TriggeredDamageList: CLEARED
WhirlStatePositionBeforeMarker: 1
WhirlStatePositionAfterMarker: 1
Original StartEffect for marker: NOT CALLED
=================================

===== G3AB_COL_OFF RECEIVED =====
ElapsedMs: 45972.219
Actor: PC_Hero
Action: 10
AniPhase: 1
StateTime: 0.601949
StatePosition: 1
CurrentMovementAni: Hero_Parade_None_Staff_P0_WhirlAttack_Hit_N_Fwd_00_%_00_P0_150_R.xmot
MarkerOpcode: OFF
RightHandSourceResolved: 1
RightHandSource: Wrestling Staff_BBM
RightHandSourceAddress: E70DA010
RightHandSourceUseType: 12
RightHandSourceCollisionGroup: 7
LeftHandSourceResolved: 0
MarkerAction: AUTHORED_OCCURRENCE_BUDGET_IGNORED
MarkerName: G3AB_COL_OFF
AuthoredMarkerOccurrences: 1
AcceptedMarkerOccurrencesBefore: 1
AcceptedMarkerOccurrencesAfter: 1
ExecutionBudgetReset: 0
SetCollisionGroupAction: NOT_REQUESTED_BUDGET_EXHAUSTED
TriggeredDamageList: NOT_CLEARED_BUDGET_EXHAUSTED
Original StartEffect for marker: NOT CALLED
=================================

===== G3AB_COL_RIGHT RECEIVED =====
ElapsedMs: 45972.297
Actor: PC_Hero
Action: 10
AniPhase: 1
StateTime: 0.601949
StatePosition: 1
CurrentMovementAni: Hero_Parade_None_Staff_P0_WhirlAttack_Hit_N_Fwd_00_%_00_P0_150_R.xmot
MarkerOpcode: RIGHT
RightHandSourceResolved: 1
RightHandSource: Wrestling Staff_BBM
RightHandSourceAddress: E70DA010
RightHandSourceUseType: 12
RightHandSourceCollisionGroup: 7
LeftHandSourceResolved: 0
MarkerAction: DUPLICATE_SAME_UPDATE_IGNORED
AuthoredMarkerFrame: 4
DuplicateStateTimeDelta: 0.000000000
DuplicateElapsedMsDelta: 0.166400
SetCollisionGroupAction: NOT_REQUESTED_DUPLICATE
TriggeredDamageList: NOT_CLEARED_DUPLICATE
Original StartEffect for marker: NOT CALLED
=================================

===== ENGINE SetCollisionGroup =====
ElapsedMs: 46196.271
Entity: Wrestling Staff_BBM
ChangedEntityAddress: E70DA010
PlayerSlotMatch: RIGHT
PlayerAction: 10
PlayerAniPhase: 3
PlayerPrimaryPose: 1
PlayerStateTime: 0.806926
PlayerStatePosition: 1
PlayerCurrentMovementAni: Hero_Parade_None_Staff_P0_WhirlAttack_Hit_N_Fwd_00_%_00_P0_150_R.xmot
PlayerLeftItem: <none>
PlayerLeftItemAddress: 00000000
PlayerLeftUseType: -1
PlayerLeftCollisionGroup: -1
PlayerRightItem: Wrestling Staff_BBM
PlayerRightItemAddress: E70DA010
PlayerRightUseType: 12
PlayerRightCollisionGroup: 5
RequestedGroup: 5
BeforeGroup: 7
AfterGroup: 5
Item_EquippedValue: 5
Item_AttackValue: 7
RetiredMarkerExecutionCount: 1
====================================

===== G3AB_COL_RIGHT RECEIVED =====
ElapsedMs: 55227.952
Actor: PC_Hero
Action: 10
AniPhase: 1
StateTime: 0.169948
StatePosition: 0
CurrentMovementAni: Hero_Parade_None_Staff_P0_WhirlAttack_Hit_N_Fwd_00_%_00_P0_150_R.xmot
MarkerOpcode: RIGHT
RightHandSourceResolved: 1
RightHandSource: Wrestling Staff_BBM
RightHandSourceAddress: E70DA010
RightHandSourceUseType: 12
RightHandSourceCollisionGroup: 5
LeftHandSourceResolved: 0
===== ENGINE SetCollisionGroup =====
ElapsedMs: 55227.982
Entity: Wrestling Staff_BBM
ChangedEntityAddress: E70DA010
PlayerSlotMatch: RIGHT
PlayerAction: 10
PlayerAniPhase: 1
PlayerPrimaryPose: 1
PlayerStateTime: 0.169948
PlayerStatePosition: 0
PlayerCurrentMovementAni: Hero_Parade_None_Staff_P0_WhirlAttack_Hit_N_Fwd_00_%_00_P0_150_R.xmot
PlayerLeftItem: <none>
PlayerLeftItemAddress: 00000000
PlayerLeftUseType: -1
PlayerLeftCollisionGroup: -1
PlayerRightItem: Wrestling Staff_BBM
PlayerRightItemAddress: E70DA010
PlayerRightUseType: 12
PlayerRightCollisionGroup: 7
RequestedGroup: 7
BeforeGroup: 5
AfterGroup: 7
Item_EquippedValue: 5
Item_AttackValue: 7
RetiredMarkerExecutionCount: 0
====================================

MarkerAction: ACCEPTED
MarkerName: G3AB_COL_RIGHT
MarkerOpcode: RIGHT
AuthoredMarkerOccurrences: 2
AcceptedMarkerOccurrencesBefore: 0
AcceptedMarkerOccurrencesAfter: 1
ExecutionBudgetReset: 1
AuthoredMarkerFrame: 4
PreviousMarkerOwnedSourceMask: 0
DesiredMarkerOwnedSourceMask: 1
RetiredMarkerOwnedSourceMask: 0
RetiredSourceCount: 0
MarkerOwnedWeaponSourceMaskAfterActivation: 1
CollisionGroupBeforeMarker: 5
CollisionGroupAfterMarker: 7
ResolvedSourceUseTypeAtMarker: 12
ActivatedSourceCount: 1
CollisionGroupRequestCount: 1
FistSourceCount: 0
TriggeredDamageListClearCount: 1
RightCollisionGroupBeforeMarker: 5
RightCollisionGroupAfterMarker: 7
RightResolvedSourceUseTypeAtMarker: 12
RightSetCollisionGroupRequested: 1
RightSkippedCollisionGroupForFist: 0
RightTriggeredDamageListCleared: 1
SetCollisionGroupAction: REQUESTED_ITEM_ATTACK
TriggeredDamageList: CLEARED
WhirlStatePositionBeforeMarker: 0
WhirlStatePositionAfterMarker: 1
Original StartEffect for marker: NOT CALLED
=================================

===== G3AB_COL_OFF RECEIVED =====
ElapsedMs: 55463.840
Actor: PC_Hero
Action: 10
AniPhase: 1
StateTime: 0.405953
StatePosition: 1
CurrentMovementAni: Hero_Parade_None_Staff_P0_WhirlAttack_Hit_N_Fwd_00_%_00_P0_150_R.xmot
MarkerOpcode: OFF
RightHandSourceResolved: 1
RightHandSource: Wrestling Staff_BBM
RightHandSourceAddress: E70DA010
RightHandSourceUseType: 12
RightHandSourceCollisionGroup: 7
LeftHandSourceResolved: 0
===== ENGINE SetCollisionGroup =====
ElapsedMs: 55463.871
Entity: Wrestling Staff_BBM
ChangedEntityAddress: E70DA010
PlayerSlotMatch: RIGHT
PlayerAction: 10
PlayerAniPhase: 1
PlayerPrimaryPose: 1
PlayerStateTime: 0.405953
PlayerStatePosition: 1
PlayerCurrentMovementAni: Hero_Parade_None_Staff_P0_WhirlAttack_Hit_N_Fwd_00_%_00_P0_150_R.xmot
PlayerLeftItem: <none>
PlayerLeftItemAddress: 00000000
PlayerLeftUseType: -1
PlayerLeftCollisionGroup: -1
PlayerRightItem: Wrestling Staff_BBM
PlayerRightItemAddress: E70DA010
PlayerRightUseType: 12
PlayerRightCollisionGroup: 5
RequestedGroup: 5
BeforeGroup: 7
AfterGroup: 5
Item_EquippedValue: 5
Item_AttackValue: 7
RetiredMarkerExecutionCount: 0
====================================

MarkerAction: OFF_ACCEPTED
MarkerName: G3AB_COL_OFF
MarkerOpcode: OFF
AuthoredMarkerOccurrences: 1
AcceptedMarkerOccurrencesBefore: 0
AcceptedMarkerOccurrencesAfter: 1
ExecutionBudgetReset: 0
AuthoredMarkerFrame: 10
MarkerOwnedSourceMaskBeforeOff: 1
DeactivatedSourceCount: 1
SetCollisionGroupAction: REQUESTED_ITEM_EQUIPPED_FOR_OWNED_SOURCES
TriggeredDamageList: NOT_CLEARED_OFF
Original StartEffect for marker: NOT CALLED
=================================

===== G3AB_COL_RIGHT RECEIVED =====
ElapsedMs: 55664.576
Actor: PC_Hero
Action: 10
AniPhase: 1
StateTime: 0.606927
StatePosition: 1
CurrentMovementAni: Hero_Parade_None_Staff_P0_WhirlAttack_Hit_N_Fwd_00_%_00_P0_150_R.xmot
MarkerOpcode: RIGHT
RightHandSourceResolved: 1
RightHandSource: Wrestling Staff_BBM
RightHandSourceAddress: E70DA010
RightHandSourceUseType: 12
RightHandSourceCollisionGroup: 5
LeftHandSourceResolved: 0
===== ENGINE SetCollisionGroup =====
ElapsedMs: 55664.607
Entity: Wrestling Staff_BBM
ChangedEntityAddress: E70DA010
PlayerSlotMatch: RIGHT
PlayerAction: 10
PlayerAniPhase: 1
PlayerPrimaryPose: 1
PlayerStateTime: 0.606927
PlayerStatePosition: 1
PlayerCurrentMovementAni: Hero_Parade_None_Staff_P0_WhirlAttack_Hit_N_Fwd_00_%_00_P0_150_R.xmot
PlayerLeftItem: <none>
PlayerLeftItemAddress: 00000000
PlayerLeftUseType: -1
PlayerLeftCollisionGroup: -1
PlayerRightItem: Wrestling Staff_BBM
PlayerRightItemAddress: E70DA010
PlayerRightUseType: 12
PlayerRightCollisionGroup: 7
RequestedGroup: 7
BeforeGroup: 5
AfterGroup: 7
Item_EquippedValue: 5
Item_AttackValue: 7
RetiredMarkerExecutionCount: 0
====================================

MarkerAction: ACCEPTED
MarkerName: G3AB_COL_RIGHT
MarkerOpcode: RIGHT
AuthoredMarkerOccurrences: 2
AcceptedMarkerOccurrencesBefore: 1
AcceptedMarkerOccurrencesAfter: 2
ExecutionBudgetReset: 0
AuthoredMarkerFrame: 4
PreviousMarkerOwnedSourceMask: 0
DesiredMarkerOwnedSourceMask: 1
RetiredMarkerOwnedSourceMask: 0
RetiredSourceCount: 0
MarkerOwnedWeaponSourceMaskAfterActivation: 1
CollisionGroupBeforeMarker: 5
CollisionGroupAfterMarker: 7
ResolvedSourceUseTypeAtMarker: 12
ActivatedSourceCount: 1
CollisionGroupRequestCount: 1
FistSourceCount: 0
TriggeredDamageListClearCount: 1
RightCollisionGroupBeforeMarker: 5
RightCollisionGroupAfterMarker: 7
RightResolvedSourceUseTypeAtMarker: 12
RightSetCollisionGroupRequested: 1
RightSkippedCollisionGroupForFist: 0
RightTriggeredDamageListCleared: 1
SetCollisionGroupAction: REQUESTED_ITEM_ATTACK
TriggeredDamageList: CLEARED
WhirlStatePositionBeforeMarker: 1
WhirlStatePositionAfterMarker: 1
Original StartEffect for marker: NOT CALLED
=================================

===== G3AB_COL_OFF RECEIVED =====
ElapsedMs: 55664.674
Actor: PC_Hero
Action: 10
AniPhase: 1
StateTime: 0.606927
StatePosition: 1
CurrentMovementAni: Hero_Parade_None_Staff_P0_WhirlAttack_Hit_N_Fwd_00_%_00_P0_150_R.xmot
MarkerOpcode: OFF
RightHandSourceResolved: 1
RightHandSource: Wrestling Staff_BBM
RightHandSourceAddress: E70DA010
RightHandSourceUseType: 12
RightHandSourceCollisionGroup: 7
LeftHandSourceResolved: 0
MarkerAction: AUTHORED_OCCURRENCE_BUDGET_IGNORED
MarkerName: G3AB_COL_OFF
AuthoredMarkerOccurrences: 1
AcceptedMarkerOccurrencesBefore: 1
AcceptedMarkerOccurrencesAfter: 1
ExecutionBudgetReset: 0
SetCollisionGroupAction: NOT_REQUESTED_BUDGET_EXHAUSTED
TriggeredDamageList: NOT_CLEARED_BUDGET_EXHAUSTED
Original StartEffect for marker: NOT CALLED
=================================

===== G3AB_COL_RIGHT RECEIVED =====
ElapsedMs: 55664.704
Actor: PC_Hero
Action: 10
AniPhase: 1
StateTime: 0.606927
StatePosition: 1
CurrentMovementAni: Hero_Parade_None_Staff_P0_WhirlAttack_Hit_N_Fwd_00_%_00_P0_150_R.xmot
MarkerOpcode: RIGHT
RightHandSourceResolved: 1
RightHandSource: Wrestling Staff_BBM
RightHandSourceAddress: E70DA010
RightHandSourceUseType: 12
RightHandSourceCollisionGroup: 7
LeftHandSourceResolved: 0
MarkerAction: DUPLICATE_SAME_UPDATE_IGNORED
AuthoredMarkerFrame: 4
DuplicateStateTimeDelta: 0.000000000
DuplicateElapsedMsDelta: 0.122000
SetCollisionGroupAction: NOT_REQUESTED_DUPLICATE
TriggeredDamageList: NOT_CLEARED_DUPLICATE
Original StartEffect for marker: NOT CALLED
=================================

===== ENGINE SetCollisionGroup =====
ElapsedMs: 55877.683
Entity: Wrestling Staff_BBM
ChangedEntityAddress: E70DA010
PlayerSlotMatch: RIGHT
PlayerAction: 10
PlayerAniPhase: 3
PlayerPrimaryPose: 1
PlayerStateTime: 0.809924
PlayerStatePosition: 1
PlayerCurrentMovementAni: Hero_Parade_None_Staff_P0_WhirlAttack_Hit_N_Fwd_00_%_00_P0_150_R.xmot
PlayerLeftItem: <none>
PlayerLeftItemAddress: 00000000
PlayerLeftUseType: -1
PlayerLeftCollisionGroup: -1
PlayerRightItem: Wrestling Staff_BBM
PlayerRightItemAddress: E70DA010
PlayerRightUseType: 12
PlayerRightCollisionGroup: 5
RequestedGroup: 5
BeforeGroup: 7
AfterGroup: 5
Item_EquippedValue: 5
Item_AttackValue: 7
RetiredMarkerExecutionCount: 1
====================================

===== G3AB_COL_RIGHT RECEIVED =====
ElapsedMs: 61796.508
Actor: PC_Hero
Action: 10
AniPhase: 1
StateTime: 0.167977
StatePosition: 0
CurrentMovementAni: Hero_Parade_None_Staff_P0_WhirlAttack_Hit_N_Fwd_00_%_00_P0_150_R.xmot
MarkerOpcode: RIGHT
RightHandSourceResolved: 1
RightHandSource: Wrestling Staff_BBM
RightHandSourceAddress: E70DA010
RightHandSourceUseType: 12
RightHandSourceCollisionGroup: 5
LeftHandSourceResolved: 0
===== ENGINE SetCollisionGroup =====
ElapsedMs: 61796.538
Entity: Wrestling Staff_BBM
ChangedEntityAddress: E70DA010
PlayerSlotMatch: RIGHT
PlayerAction: 10
PlayerAniPhase: 1
PlayerPrimaryPose: 1
PlayerStateTime: 0.167977
PlayerStatePosition: 0
PlayerCurrentMovementAni: Hero_Parade_None_Staff_P0_WhirlAttack_Hit_N_Fwd_00_%_00_P0_150_R.xmot
PlayerLeftItem: <none>
PlayerLeftItemAddress: 00000000
PlayerLeftUseType: -1
PlayerLeftCollisionGroup: -1
PlayerRightItem: Wrestling Staff_BBM
PlayerRightItemAddress: E70DA010
PlayerRightUseType: 12
PlayerRightCollisionGroup: 7
RequestedGroup: 7
BeforeGroup: 5
AfterGroup: 7
Item_EquippedValue: 5
Item_AttackValue: 7
RetiredMarkerExecutionCount: 0
====================================

MarkerAction: ACCEPTED
MarkerName: G3AB_COL_RIGHT
MarkerOpcode: RIGHT
AuthoredMarkerOccurrences: 2
AcceptedMarkerOccurrencesBefore: 0
AcceptedMarkerOccurrencesAfter: 1
ExecutionBudgetReset: 1
AuthoredMarkerFrame: 4
PreviousMarkerOwnedSourceMask: 0
DesiredMarkerOwnedSourceMask: 1
RetiredMarkerOwnedSourceMask: 0
RetiredSourceCount: 0
MarkerOwnedWeaponSourceMaskAfterActivation: 1
CollisionGroupBeforeMarker: 5
CollisionGroupAfterMarker: 7
ResolvedSourceUseTypeAtMarker: 12
ActivatedSourceCount: 1
CollisionGroupRequestCount: 1
FistSourceCount: 0
TriggeredDamageListClearCount: 1
RightCollisionGroupBeforeMarker: 5
RightCollisionGroupAfterMarker: 7
RightResolvedSourceUseTypeAtMarker: 12
RightSetCollisionGroupRequested: 1
RightSkippedCollisionGroupForFist: 0
RightTriggeredDamageListCleared: 1
SetCollisionGroupAction: REQUESTED_ITEM_ATTACK
TriggeredDamageList: CLEARED
WhirlStatePositionBeforeMarker: 0
WhirlStatePositionAfterMarker: 1
Original StartEffect for marker: NOT CALLED
=================================

===== G3AB_COL_OFF RECEIVED =====
ElapsedMs: 62038.689
Actor: PC_Hero
Action: 10
AniPhase: 1
StateTime: 0.408911
StatePosition: 1
CurrentMovementAni: Hero_Parade_None_Staff_P0_WhirlAttack_Hit_N_Fwd_00_%_00_P0_150_R.xmot
MarkerOpcode: OFF
RightHandSourceResolved: 1
RightHandSource: Wrestling Staff_BBM
RightHandSourceAddress: E70DA010
RightHandSourceUseType: 12
RightHandSourceCollisionGroup: 7
LeftHandSourceResolved: 0
===== ENGINE SetCollisionGroup =====
ElapsedMs: 62038.733
Entity: Wrestling Staff_BBM
ChangedEntityAddress: E70DA010
PlayerSlotMatch: RIGHT
PlayerAction: 10
PlayerAniPhase: 1
PlayerPrimaryPose: 1
PlayerStateTime: 0.408911
PlayerStatePosition: 1
PlayerCurrentMovementAni: Hero_Parade_None_Staff_P0_WhirlAttack_Hit_N_Fwd_00_%_00_P0_150_R.xmot
PlayerLeftItem: <none>
PlayerLeftItemAddress: 00000000
PlayerLeftUseType: -1
PlayerLeftCollisionGroup: -1
PlayerRightItem: Wrestling Staff_BBM
PlayerRightItemAddress: E70DA010
PlayerRightUseType: 12
PlayerRightCollisionGroup: 5
RequestedGroup: 5
BeforeGroup: 7
AfterGroup: 5
Item_EquippedValue: 5
Item_AttackValue: 7
RetiredMarkerExecutionCount: 0
====================================

MarkerAction: OFF_ACCEPTED
MarkerName: G3AB_COL_OFF
MarkerOpcode: OFF
AuthoredMarkerOccurrences: 1
AcceptedMarkerOccurrencesBefore: 0
AcceptedMarkerOccurrencesAfter: 1
ExecutionBudgetReset: 0
AuthoredMarkerFrame: 10
MarkerOwnedSourceMaskBeforeOff: 1
DeactivatedSourceCount: 1
SetCollisionGroupAction: REQUESTED_ITEM_EQUIPPED_FOR_OWNED_SOURCES
TriggeredDamageList: NOT_CLEARED_OFF
Original StartEffect for marker: NOT CALLED
=================================

===== G3AB_COL_RIGHT RECEIVED =====
ElapsedMs: 62236.726
Actor: PC_Hero
Action: 10
AniPhase: 1
StateTime: 0.607898
StatePosition: 1
CurrentMovementAni: Hero_Parade_None_Staff_P0_WhirlAttack_Hit_N_Fwd_00_%_00_P0_150_R.xmot
MarkerOpcode: RIGHT
RightHandSourceResolved: 1
RightHandSource: Wrestling Staff_BBM
RightHandSourceAddress: E70DA010
RightHandSourceUseType: 12
RightHandSourceCollisionGroup: 5
LeftHandSourceResolved: 0
===== ENGINE SetCollisionGroup =====
ElapsedMs: 62236.772
Entity: Wrestling Staff_BBM
ChangedEntityAddress: E70DA010
PlayerSlotMatch: RIGHT
PlayerAction: 10
PlayerAniPhase: 1
PlayerPrimaryPose: 1
PlayerStateTime: 0.607898
PlayerStatePosition: 1
PlayerCurrentMovementAni: Hero_Parade_None_Staff_P0_WhirlAttack_Hit_N_Fwd_00_%_00_P0_150_R.xmot
PlayerLeftItem: <none>
PlayerLeftItemAddress: 00000000
PlayerLeftUseType: -1
PlayerLeftCollisionGroup: -1
PlayerRightItem: Wrestling Staff_BBM
PlayerRightItemAddress: E70DA010
PlayerRightUseType: 12
PlayerRightCollisionGroup: 7
RequestedGroup: 7
BeforeGroup: 5
AfterGroup: 7
Item_EquippedValue: 5
Item_AttackValue: 7
RetiredMarkerExecutionCount: 0
====================================

MarkerAction: ACCEPTED
MarkerName: G3AB_COL_RIGHT
MarkerOpcode: RIGHT
AuthoredMarkerOccurrences: 2
AcceptedMarkerOccurrencesBefore: 1
AcceptedMarkerOccurrencesAfter: 2
ExecutionBudgetReset: 0
AuthoredMarkerFrame: 4
PreviousMarkerOwnedSourceMask: 0
DesiredMarkerOwnedSourceMask: 1
RetiredMarkerOwnedSourceMask: 0
RetiredSourceCount: 0
MarkerOwnedWeaponSourceMaskAfterActivation: 1
CollisionGroupBeforeMarker: 5
CollisionGroupAfterMarker: 7
ResolvedSourceUseTypeAtMarker: 12
ActivatedSourceCount: 1
CollisionGroupRequestCount: 1
FistSourceCount: 0
TriggeredDamageListClearCount: 1
RightCollisionGroupBeforeMarker: 5
RightCollisionGroupAfterMarker: 7
RightResolvedSourceUseTypeAtMarker: 12
RightSetCollisionGroupRequested: 1
RightSkippedCollisionGroupForFist: 0
RightTriggeredDamageListCleared: 1
SetCollisionGroupAction: REQUESTED_ITEM_ATTACK
TriggeredDamageList: CLEARED
WhirlStatePositionBeforeMarker: 1
WhirlStatePositionAfterMarker: 1
Original StartEffect for marker: NOT CALLED
=================================

===== G3AB_COL_OFF RECEIVED =====
ElapsedMs: 62236.949
Actor: PC_Hero
Action: 10
AniPhase: 1
StateTime: 0.607898
StatePosition: 1
CurrentMovementAni: Hero_Parade_None_Staff_P0_WhirlAttack_Hit_N_Fwd_00_%_00_P0_150_R.xmot
MarkerOpcode: OFF
RightHandSourceResolved: 1
RightHandSource: Wrestling Staff_BBM
RightHandSourceAddress: E70DA010
RightHandSourceUseType: 12
RightHandSourceCollisionGroup: 7
LeftHandSourceResolved: 0
MarkerAction: AUTHORED_OCCURRENCE_BUDGET_IGNORED
MarkerName: G3AB_COL_OFF
AuthoredMarkerOccurrences: 1
AcceptedMarkerOccurrencesBefore: 1
AcceptedMarkerOccurrencesAfter: 1
ExecutionBudgetReset: 0
SetCollisionGroupAction: NOT_REQUESTED_BUDGET_EXHAUSTED
TriggeredDamageList: NOT_CLEARED_BUDGET_EXHAUSTED
Original StartEffect for marker: NOT CALLED
=================================

===== G3AB_COL_RIGHT RECEIVED =====
ElapsedMs: 62236.994
Actor: PC_Hero
Action: 10
AniPhase: 1
StateTime: 0.607898
StatePosition: 1
CurrentMovementAni: Hero_Parade_None_Staff_P0_WhirlAttack_Hit_N_Fwd_00_%_00_P0_150_R.xmot
MarkerOpcode: RIGHT
RightHandSourceResolved: 1
RightHandSource: Wrestling Staff_BBM
RightHandSourceAddress: E70DA010
RightHandSourceUseType: 12
RightHandSourceCollisionGroup: 7
LeftHandSourceResolved: 0
MarkerAction: DUPLICATE_SAME_UPDATE_IGNORED
AuthoredMarkerFrame: 4
DuplicateStateTimeDelta: 0.000000000
DuplicateElapsedMsDelta: 0.262500
SetCollisionGroupAction: NOT_REQUESTED_DUPLICATE
TriggeredDamageList: NOT_CLEARED_DUPLICATE
Original StartEffect for marker: NOT CALLED
=================================

===== ENGINE SetCollisionGroup =====
ElapsedMs: 62447.232
Entity: Wrestling Staff_BBM
ChangedEntityAddress: E70DA010
PlayerSlotMatch: RIGHT
PlayerAction: 10
PlayerAniPhase: 3
PlayerPrimaryPose: 1
PlayerStateTime: 0.807874
PlayerStatePosition: 1
PlayerCurrentMovementAni: Hero_Parade_None_Staff_P0_WhirlAttack_Hit_N_Fwd_00_%_00_P0_150_R.xmot
PlayerLeftItem: <none>
PlayerLeftItemAddress: 00000000
PlayerLeftUseType: -1
PlayerLeftCollisionGroup: -1
PlayerRightItem: Wrestling Staff_BBM
PlayerRightItemAddress: E70DA010
PlayerRightUseType: 12
PlayerRightCollisionGroup: 5
RequestedGroup: 5
BeforeGroup: 7
AfterGroup: 5
Item_EquippedValue: 5
Item_AttackValue: 7
RetiredMarkerExecutionCount: 1
====================================

===== G3AB_COL_RIGHT RECEIVED =====
ElapsedMs: 71983.593
Actor: PC_Hero
Action: 10
AniPhase: 1
StateTime: 0.170008
StatePosition: 0
CurrentMovementAni: Hero_Parade_None_Staff_P0_WhirlAttack_Hit_N_Fwd_00_%_00_P0_150_R.xmot
MarkerOpcode: RIGHT
RightHandSourceResolved: 1
RightHandSource: Wrestling Staff_BBM
RightHandSourceAddress: E70DA010
RightHandSourceUseType: 12
RightHandSourceCollisionGroup: 5
LeftHandSourceResolved: 0
===== ENGINE SetCollisionGroup =====
ElapsedMs: 71983.623
Entity: Wrestling Staff_BBM
ChangedEntityAddress: E70DA010
PlayerSlotMatch: RIGHT
PlayerAction: 10
PlayerAniPhase: 1
PlayerPrimaryPose: 1
PlayerStateTime: 0.170008
PlayerStatePosition: 0
PlayerCurrentMovementAni: Hero_Parade_None_Staff_P0_WhirlAttack_Hit_N_Fwd_00_%_00_P0_150_R.xmot
PlayerLeftItem: <none>
PlayerLeftItemAddress: 00000000
PlayerLeftUseType: -1
PlayerLeftCollisionGroup: -1
PlayerRightItem: Wrestling Staff_BBM
PlayerRightItemAddress: E70DA010
PlayerRightUseType: 12
PlayerRightCollisionGroup: 7
RequestedGroup: 7
BeforeGroup: 5
AfterGroup: 7
Item_EquippedValue: 5
Item_AttackValue: 7
RetiredMarkerExecutionCount: 0
====================================

MarkerAction: ACCEPTED
MarkerName: G3AB_COL_RIGHT
MarkerOpcode: RIGHT
AuthoredMarkerOccurrences: 2
AcceptedMarkerOccurrencesBefore: 0
AcceptedMarkerOccurrencesAfter: 1
ExecutionBudgetReset: 1
AuthoredMarkerFrame: 4
PreviousMarkerOwnedSourceMask: 0
DesiredMarkerOwnedSourceMask: 1
RetiredMarkerOwnedSourceMask: 0
RetiredSourceCount: 0
MarkerOwnedWeaponSourceMaskAfterActivation: 1
CollisionGroupBeforeMarker: 5
CollisionGroupAfterMarker: 7
ResolvedSourceUseTypeAtMarker: 12
ActivatedSourceCount: 1
CollisionGroupRequestCount: 1
FistSourceCount: 0
TriggeredDamageListClearCount: 1
RightCollisionGroupBeforeMarker: 5
RightCollisionGroupAfterMarker: 7
RightResolvedSourceUseTypeAtMarker: 12
RightSetCollisionGroupRequested: 1
RightSkippedCollisionGroupForFist: 0
RightTriggeredDamageListCleared: 1
SetCollisionGroupAction: REQUESTED_ITEM_ATTACK
TriggeredDamageList: CLEARED
WhirlStatePositionBeforeMarker: 0
WhirlStatePositionAfterMarker: 1
Original StartEffect for marker: NOT CALLED
=================================

===== G3AB_COL_OFF RECEIVED =====
ElapsedMs: 72223.689
Actor: PC_Hero
Action: 10
AniPhase: 1
StateTime: 0.410982
StatePosition: 1
CurrentMovementAni: Hero_Parade_None_Staff_P0_WhirlAttack_Hit_N_Fwd_00_%_00_P0_150_R.xmot
MarkerOpcode: OFF
RightHandSourceResolved: 1
RightHandSource: Wrestling Staff_BBM
RightHandSourceAddress: E70DA010
RightHandSourceUseType: 12
RightHandSourceCollisionGroup: 7
LeftHandSourceResolved: 0
===== ENGINE SetCollisionGroup =====
ElapsedMs: 72223.720
Entity: Wrestling Staff_BBM
ChangedEntityAddress: E70DA010
PlayerSlotMatch: RIGHT
PlayerAction: 10
PlayerAniPhase: 1
PlayerPrimaryPose: 1
PlayerStateTime: 0.410982
PlayerStatePosition: 1
PlayerCurrentMovementAni: Hero_Parade_None_Staff_P0_WhirlAttack_Hit_N_Fwd_00_%_00_P0_150_R.xmot
PlayerLeftItem: <none>
PlayerLeftItemAddress: 00000000
PlayerLeftUseType: -1
PlayerLeftCollisionGroup: -1
PlayerRightItem: Wrestling Staff_BBM
PlayerRightItemAddress: E70DA010
PlayerRightUseType: 12
PlayerRightCollisionGroup: 5
RequestedGroup: 5
BeforeGroup: 7
AfterGroup: 5
Item_EquippedValue: 5
Item_AttackValue: 7
RetiredMarkerExecutionCount: 0
====================================

MarkerAction: OFF_ACCEPTED
MarkerName: G3AB_COL_OFF
MarkerOpcode: OFF
AuthoredMarkerOccurrences: 1
AcceptedMarkerOccurrencesBefore: 0
AcceptedMarkerOccurrencesAfter: 1
ExecutionBudgetReset: 0
AuthoredMarkerFrame: 10
MarkerOwnedSourceMaskBeforeOff: 1
DeactivatedSourceCount: 1
SetCollisionGroupAction: REQUESTED_ITEM_EQUIPPED_FOR_OWNED_SOURCES
TriggeredDamageList: NOT_CLEARED_OFF
Original StartEffect for marker: NOT CALLED
=================================

===== G3AB_COL_RIGHT RECEIVED =====
ElapsedMs: 72415.840
Actor: PC_Hero
Action: 10
AniPhase: 1
StateTime: 0.602976
StatePosition: 1
CurrentMovementAni: Hero_Parade_None_Staff_P0_WhirlAttack_Hit_N_Fwd_00_%_00_P0_150_R.xmot
MarkerOpcode: RIGHT
RightHandSourceResolved: 1
RightHandSource: Wrestling Staff_BBM
RightHandSourceAddress: E70DA010
RightHandSourceUseType: 12
RightHandSourceCollisionGroup: 5
LeftHandSourceResolved: 0
===== ENGINE SetCollisionGroup =====
ElapsedMs: 72415.871
Entity: Wrestling Staff_BBM
ChangedEntityAddress: E70DA010
PlayerSlotMatch: RIGHT
PlayerAction: 10
PlayerAniPhase: 1
PlayerPrimaryPose: 1
PlayerStateTime: 0.602976
PlayerStatePosition: 1
PlayerCurrentMovementAni: Hero_Parade_None_Staff_P0_WhirlAttack_Hit_N_Fwd_00_%_00_P0_150_R.xmot
PlayerLeftItem: <none>
PlayerLeftItemAddress: 00000000
PlayerLeftUseType: -1
PlayerLeftCollisionGroup: -1
PlayerRightItem: Wrestling Staff_BBM
PlayerRightItemAddress: E70DA010
PlayerRightUseType: 12
PlayerRightCollisionGroup: 7
RequestedGroup: 7
BeforeGroup: 5
AfterGroup: 7
Item_EquippedValue: 5
Item_AttackValue: 7
RetiredMarkerExecutionCount: 0
====================================

MarkerAction: ACCEPTED
MarkerName: G3AB_COL_RIGHT
MarkerOpcode: RIGHT
AuthoredMarkerOccurrences: 2
AcceptedMarkerOccurrencesBefore: 1
AcceptedMarkerOccurrencesAfter: 2
ExecutionBudgetReset: 0
AuthoredMarkerFrame: 4
PreviousMarkerOwnedSourceMask: 0
DesiredMarkerOwnedSourceMask: 1
RetiredMarkerOwnedSourceMask: 0
RetiredSourceCount: 0
MarkerOwnedWeaponSourceMaskAfterActivation: 1
CollisionGroupBeforeMarker: 5
CollisionGroupAfterMarker: 7
ResolvedSourceUseTypeAtMarker: 12
ActivatedSourceCount: 1
CollisionGroupRequestCount: 1
FistSourceCount: 0
TriggeredDamageListClearCount: 1
RightCollisionGroupBeforeMarker: 5
RightCollisionGroupAfterMarker: 7
RightResolvedSourceUseTypeAtMarker: 12
RightSetCollisionGroupRequested: 1
RightSkippedCollisionGroupForFist: 0
RightTriggeredDamageListCleared: 1
SetCollisionGroupAction: REQUESTED_ITEM_ATTACK
TriggeredDamageList: CLEARED
WhirlStatePositionBeforeMarker: 1
WhirlStatePositionAfterMarker: 1
Original StartEffect for marker: NOT CALLED
=================================

===== G3AB_COL_OFF RECEIVED =====
ElapsedMs: 72415.990
Actor: PC_Hero
Action: 10
AniPhase: 1
StateTime: 0.602976
StatePosition: 1
CurrentMovementAni: Hero_Parade_None_Staff_P0_WhirlAttack_Hit_N_Fwd_00_%_00_P0_150_R.xmot
MarkerOpcode: OFF
RightHandSourceResolved: 1
RightHandSource: Wrestling Staff_BBM
RightHandSourceAddress: E70DA010
RightHandSourceUseType: 12
RightHandSourceCollisionGroup: 7
LeftHandSourceResolved: 0
MarkerAction: AUTHORED_OCCURRENCE_BUDGET_IGNORED
MarkerName: G3AB_COL_OFF
AuthoredMarkerOccurrences: 1
AcceptedMarkerOccurrencesBefore: 1
AcceptedMarkerOccurrencesAfter: 1
ExecutionBudgetReset: 0
SetCollisionGroupAction: NOT_REQUESTED_BUDGET_EXHAUSTED
TriggeredDamageList: NOT_CLEARED_BUDGET_EXHAUSTED
Original StartEffect for marker: NOT CALLED
=================================

===== G3AB_COL_RIGHT RECEIVED =====
ElapsedMs: 72416.020
Actor: PC_Hero
Action: 10
AniPhase: 1
StateTime: 0.602976
StatePosition: 1
CurrentMovementAni: Hero_Parade_None_Staff_P0_WhirlAttack_Hit_N_Fwd_00_%_00_P0_150_R.xmot
MarkerOpcode: RIGHT
RightHandSourceResolved: 1
RightHandSource: Wrestling Staff_BBM
RightHandSourceAddress: E70DA010
RightHandSourceUseType: 12
RightHandSourceCollisionGroup: 7
LeftHandSourceResolved: 0
MarkerAction: DUPLICATE_SAME_UPDATE_IGNORED
AuthoredMarkerFrame: 4
DuplicateStateTimeDelta: 0.000000000
DuplicateElapsedMsDelta: 0.173900
SetCollisionGroupAction: NOT_REQUESTED_DUPLICATE
TriggeredDamageList: NOT_CLEARED_DUPLICATE
Original StartEffect for marker: NOT CALLED
=================================

===== CONTROLLED CALLBACK EXECUTION BOUNDARY =====
ElapsedMs: 89289.611
Actor: PC_Hero
CurrentMovementAni: Hero_Parade_None_Staff_P0_WhirlAttack_Hit_N_Fwd_00_%_00_P0_150_R.xmot
Action: 10
AniPhase: 1
PreviousControlledCallbackStateTime: 0.663966
CurrentControlledCallbackStateTime: 0.000000
ExecutionBoundaryKeyChanged: 0
ExecutionBoundaryStateTimeRollback: 1
MarkerExecutionBudget: RETIRED_BEFORE_MARKER
=====================================

===== G3AB_COL_RIGHT RECEIVED =====
ElapsedMs: 89440.356
Actor: PC_Hero
Action: 10
AniPhase: 1
StateTime: 0.164992
StatePosition: 0
CurrentMovementAni: Hero_Parade_None_Staff_P0_WhirlAttack_Hit_N_Fwd_00_%_00_P0_150_R.xmot
MarkerOpcode: RIGHT
RightHandSourceResolved: 1
RightHandSource: Wrestling Staff_BBM
RightHandSourceAddress: E70DA010
RightHandSourceUseType: 12
RightHandSourceCollisionGroup: 7
LeftHandSourceResolved: 0
===== ENGINE SetCollisionGroup =====
ElapsedMs: 89440.375
Entity: Wrestling Staff_BBM
ChangedEntityAddress: E70DA010
PlayerSlotMatch: RIGHT
PlayerAction: 10
PlayerAniPhase: 1
PlayerPrimaryPose: 1
PlayerStateTime: 0.164992
PlayerStatePosition: 0
PlayerCurrentMovementAni: Hero_Parade_None_Staff_P0_WhirlAttack_Hit_N_Fwd_00_%_00_P0_150_R.xmot
PlayerLeftItem: <none>
PlayerLeftItemAddress: 00000000
PlayerLeftUseType: -1
PlayerLeftCollisionGroup: -1
PlayerRightItem: Wrestling Staff_BBM
PlayerRightItemAddress: E70DA010
PlayerRightUseType: 12
PlayerRightCollisionGroup: 7
RequestedGroup: 7
BeforeGroup: 7
AfterGroup: 7
Item_EquippedValue: 5
Item_AttackValue: 7
RetiredMarkerExecutionCount: 0
====================================

MarkerAction: ACCEPTED
MarkerName: G3AB_COL_RIGHT
MarkerOpcode: RIGHT
AuthoredMarkerOccurrences: 2
AcceptedMarkerOccurrencesBefore: 0
AcceptedMarkerOccurrencesAfter: 1
ExecutionBudgetReset: 1
AuthoredMarkerFrame: 4
PreviousMarkerOwnedSourceMask: 1
DesiredMarkerOwnedSourceMask: 1
RetiredMarkerOwnedSourceMask: 0
RetiredSourceCount: 0
MarkerOwnedWeaponSourceMaskAfterActivation: 1
CollisionGroupBeforeMarker: 7
CollisionGroupAfterMarker: 7
ResolvedSourceUseTypeAtMarker: 12
ActivatedSourceCount: 1
CollisionGroupRequestCount: 1
FistSourceCount: 0
TriggeredDamageListClearCount: 1
RightCollisionGroupBeforeMarker: 7
RightCollisionGroupAfterMarker: 7
RightResolvedSourceUseTypeAtMarker: 12
RightSetCollisionGroupRequested: 1
RightSkippedCollisionGroupForFist: 0
RightTriggeredDamageListCleared: 1
SetCollisionGroupAction: REQUESTED_ITEM_ATTACK
TriggeredDamageList: CLEARED
WhirlStatePositionBeforeMarker: 0
WhirlStatePositionAfterMarker: 1
Original StartEffect for marker: NOT CALLED
=================================

===== G3AB_COL_OFF RECEIVED =====
ElapsedMs: 89681.330
Actor: PC_Hero
Action: 10
AniPhase: 1
StateTime: 0.405976
StatePosition: 1
CurrentMovementAni: Hero_Parade_None_Staff_P0_WhirlAttack_Hit_N_Fwd_00_%_00_P0_150_R.xmot
MarkerOpcode: OFF
RightHandSourceResolved: 1
RightHandSource: Wrestling Staff_BBM
RightHandSourceAddress: E70DA010
RightHandSourceUseType: 12
RightHandSourceCollisionGroup: 7
LeftHandSourceResolved: 0
===== ENGINE SetCollisionGroup =====
ElapsedMs: 89681.360
Entity: Wrestling Staff_BBM
ChangedEntityAddress: E70DA010
PlayerSlotMatch: RIGHT
PlayerAction: 10
PlayerAniPhase: 1
PlayerPrimaryPose: 1
PlayerStateTime: 0.405976
PlayerStatePosition: 1
PlayerCurrentMovementAni: Hero_Parade_None_Staff_P0_WhirlAttack_Hit_N_Fwd_00_%_00_P0_150_R.xmot
PlayerLeftItem: <none>
PlayerLeftItemAddress: 00000000
PlayerLeftUseType: -1
PlayerLeftCollisionGroup: -1
PlayerRightItem: Wrestling Staff_BBM
PlayerRightItemAddress: E70DA010
PlayerRightUseType: 12
PlayerRightCollisionGroup: 5
RequestedGroup: 5
BeforeGroup: 7
AfterGroup: 5
Item_EquippedValue: 5
Item_AttackValue: 7
RetiredMarkerExecutionCount: 0
====================================

MarkerAction: OFF_ACCEPTED
MarkerName: G3AB_COL_OFF
MarkerOpcode: OFF
AuthoredMarkerOccurrences: 1
AcceptedMarkerOccurrencesBefore: 0
AcceptedMarkerOccurrencesAfter: 1
ExecutionBudgetReset: 0
AuthoredMarkerFrame: 10
MarkerOwnedSourceMaskBeforeOff: 1
DeactivatedSourceCount: 1
SetCollisionGroupAction: REQUESTED_ITEM_EQUIPPED_FOR_OWNED_SOURCES
TriggeredDamageList: NOT_CLEARED_OFF
Original StartEffect for marker: NOT CALLED
=================================

===== G3AB_COL_RIGHT RECEIVED =====
ElapsedMs: 89887.729
Actor: PC_Hero
Action: 10
AniPhase: 1
StateTime: 0.611970
StatePosition: 1
CurrentMovementAni: Hero_Parade_None_Staff_P0_WhirlAttack_Hit_N_Fwd_00_%_00_P0_150_R.xmot
MarkerOpcode: RIGHT
RightHandSourceResolved: 1
RightHandSource: Wrestling Staff_BBM
RightHandSourceAddress: E70DA010
RightHandSourceUseType: 12
RightHandSourceCollisionGroup: 5
LeftHandSourceResolved: 0
===== ENGINE SetCollisionGroup =====
ElapsedMs: 89887.760
Entity: Wrestling Staff_BBM
ChangedEntityAddress: E70DA010
PlayerSlotMatch: RIGHT
PlayerAction: 10
PlayerAniPhase: 1
PlayerPrimaryPose: 1
PlayerStateTime: 0.611970
PlayerStatePosition: 1
PlayerCurrentMovementAni: Hero_Parade_None_Staff_P0_WhirlAttack_Hit_N_Fwd_00_%_00_P0_150_R.xmot
PlayerLeftItem: <none>
PlayerLeftItemAddress: 00000000
PlayerLeftUseType: -1
PlayerLeftCollisionGroup: -1
PlayerRightItem: Wrestling Staff_BBM
PlayerRightItemAddress: E70DA010
PlayerRightUseType: 12
PlayerRightCollisionGroup: 7
RequestedGroup: 7
BeforeGroup: 5
AfterGroup: 7
Item_EquippedValue: 5
Item_AttackValue: 7
RetiredMarkerExecutionCount: 0
====================================

MarkerAction: ACCEPTED
MarkerName: G3AB_COL_RIGHT
MarkerOpcode: RIGHT
AuthoredMarkerOccurrences: 2
AcceptedMarkerOccurrencesBefore: 1
AcceptedMarkerOccurrencesAfter: 2
ExecutionBudgetReset: 0
AuthoredMarkerFrame: 4
PreviousMarkerOwnedSourceMask: 0
DesiredMarkerOwnedSourceMask: 1
RetiredMarkerOwnedSourceMask: 0
RetiredSourceCount: 0
MarkerOwnedWeaponSourceMaskAfterActivation: 1
CollisionGroupBeforeMarker: 5
CollisionGroupAfterMarker: 7
ResolvedSourceUseTypeAtMarker: 12
ActivatedSourceCount: 1
CollisionGroupRequestCount: 1
FistSourceCount: 0
TriggeredDamageListClearCount: 1
RightCollisionGroupBeforeMarker: 5
RightCollisionGroupAfterMarker: 7
RightResolvedSourceUseTypeAtMarker: 12
RightSetCollisionGroupRequested: 1
RightSkippedCollisionGroupForFist: 0
RightTriggeredDamageListCleared: 1
SetCollisionGroupAction: REQUESTED_ITEM_ATTACK
TriggeredDamageList: CLEARED
WhirlStatePositionBeforeMarker: 1
WhirlStatePositionAfterMarker: 1
Original StartEffect for marker: NOT CALLED
=================================

===== G3AB_COL_OFF RECEIVED =====
ElapsedMs: 89887.831
Actor: PC_Hero
Action: 10
AniPhase: 1
StateTime: 0.611970
StatePosition: 1
CurrentMovementAni: Hero_Parade_None_Staff_P0_WhirlAttack_Hit_N_Fwd_00_%_00_P0_150_R.xmot
MarkerOpcode: OFF
RightHandSourceResolved: 1
RightHandSource: Wrestling Staff_BBM
RightHandSourceAddress: E70DA010
RightHandSourceUseType: 12
RightHandSourceCollisionGroup: 7
LeftHandSourceResolved: 0
MarkerAction: AUTHORED_OCCURRENCE_BUDGET_IGNORED
MarkerName: G3AB_COL_OFF
AuthoredMarkerOccurrences: 1
AcceptedMarkerOccurrencesBefore: 1
AcceptedMarkerOccurrencesAfter: 1
ExecutionBudgetReset: 0
SetCollisionGroupAction: NOT_REQUESTED_BUDGET_EXHAUSTED
TriggeredDamageList: NOT_CLEARED_BUDGET_EXHAUSTED
Original StartEffect for marker: NOT CALLED
=================================

===== G3AB_COL_RIGHT RECEIVED =====
ElapsedMs: 89887.859
Actor: PC_Hero
Action: 10
AniPhase: 1
StateTime: 0.611970
StatePosition: 1
CurrentMovementAni: Hero_Parade_None_Staff_P0_WhirlAttack_Hit_N_Fwd_00_%_00_P0_150_R.xmot
MarkerOpcode: RIGHT
RightHandSourceResolved: 1
RightHandSource: Wrestling Staff_BBM
RightHandSourceAddress: E70DA010
RightHandSourceUseType: 12
RightHandSourceCollisionGroup: 7
LeftHandSourceResolved: 0
MarkerAction: DUPLICATE_SAME_UPDATE_IGNORED
AuthoredMarkerFrame: 4
DuplicateStateTimeDelta: 0.000000000
DuplicateElapsedMsDelta: 0.123100
SetCollisionGroupAction: NOT_REQUESTED_DUPLICATE
TriggeredDamageList: NOT_CLEARED_DUPLICATE
Original StartEffect for marker: NOT CALLED
=================================

===== ENGINE SetCollisionGroup =====
ElapsedMs: 90095.488
Entity: Wrestling Staff_BBM
ChangedEntityAddress: E70DA010
PlayerSlotMatch: RIGHT
PlayerAction: 10
PlayerAniPhase: 3
PlayerPrimaryPose: 1
PlayerStateTime: 0.807973
PlayerStatePosition: 1
PlayerCurrentMovementAni: Hero_Parade_None_Staff_P0_WhirlAttack_Hit_N_Fwd_00_%_00_P0_150_R.xmot
PlayerLeftItem: <none>
PlayerLeftItemAddress: 00000000
PlayerLeftUseType: -1
PlayerLeftCollisionGroup: -1
PlayerRightItem: Wrestling Staff_BBM
PlayerRightItemAddress: E70DA010
PlayerRightUseType: 12
PlayerRightCollisionGroup: 5
RequestedGroup: 5
BeforeGroup: 7
AfterGroup: 5
Item_EquippedValue: 5
Item_AttackValue: 7
RetiredMarkerExecutionCount: 1
====================================

===== G3AB_COL_RIGHT RECEIVED =====
ElapsedMs: 98210.701
Actor: PC_Hero
Action: 10
AniPhase: 1
StateTime: 0.172986
StatePosition: 0
CurrentMovementAni: Hero_Parade_None_Staff_P0_WhirlAttack_Hit_N_Fwd_00_%_00_P0_150_R.xmot
MarkerOpcode: RIGHT
RightHandSourceResolved: 1
RightHandSource: Wrestling Staff_BBM
RightHandSourceAddress: E70DA010
RightHandSourceUseType: 12
RightHandSourceCollisionGroup: 5
LeftHandSourceResolved: 0
===== ENGINE SetCollisionGroup =====
ElapsedMs: 98210.747
Entity: Wrestling Staff_BBM
ChangedEntityAddress: E70DA010
PlayerSlotMatch: RIGHT
PlayerAction: 10
PlayerAniPhase: 1
PlayerPrimaryPose: 1
PlayerStateTime: 0.172986
PlayerStatePosition: 0
PlayerCurrentMovementAni: Hero_Parade_None_Staff_P0_WhirlAttack_Hit_N_Fwd_00_%_00_P0_150_R.xmot
PlayerLeftItem: <none>
PlayerLeftItemAddress: 00000000
PlayerLeftUseType: -1
PlayerLeftCollisionGroup: -1
PlayerRightItem: Wrestling Staff_BBM
PlayerRightItemAddress: E70DA010
PlayerRightUseType: 12
PlayerRightCollisionGroup: 7
RequestedGroup: 7
BeforeGroup: 5
AfterGroup: 7
Item_EquippedValue: 5
Item_AttackValue: 7
RetiredMarkerExecutionCount: 0
====================================

MarkerAction: ACCEPTED
MarkerName: G3AB_COL_RIGHT
MarkerOpcode: RIGHT
AuthoredMarkerOccurrences: 2
AcceptedMarkerOccurrencesBefore: 0
AcceptedMarkerOccurrencesAfter: 1
ExecutionBudgetReset: 1
AuthoredMarkerFrame: 4
PreviousMarkerOwnedSourceMask: 0
DesiredMarkerOwnedSourceMask: 1
RetiredMarkerOwnedSourceMask: 0
RetiredSourceCount: 0
MarkerOwnedWeaponSourceMaskAfterActivation: 1
CollisionGroupBeforeMarker: 5
CollisionGroupAfterMarker: 7
ResolvedSourceUseTypeAtMarker: 12
ActivatedSourceCount: 1
CollisionGroupRequestCount: 1
FistSourceCount: 0
TriggeredDamageListClearCount: 1
RightCollisionGroupBeforeMarker: 5
RightCollisionGroupAfterMarker: 7
RightResolvedSourceUseTypeAtMarker: 12
RightSetCollisionGroupRequested: 1
RightSkippedCollisionGroupForFist: 0
RightTriggeredDamageListCleared: 1
SetCollisionGroupAction: REQUESTED_ITEM_ATTACK
TriggeredDamageList: CLEARED
WhirlStatePositionBeforeMarker: 0
WhirlStatePositionAfterMarker: 1
Original StartEffect for marker: NOT CALLED
=================================

===== G3AB_COL_OFF RECEIVED =====
ElapsedMs: 98442.376
Actor: PC_Hero
Action: 10
AniPhase: 1
StateTime: 0.403979
StatePosition: 1
CurrentMovementAni: Hero_Parade_None_Staff_P0_WhirlAttack_Hit_N_Fwd_00_%_00_P0_150_R.xmot
MarkerOpcode: OFF
RightHandSourceResolved: 1
RightHandSource: Wrestling Staff_BBM
RightHandSourceAddress: E70DA010
RightHandSourceUseType: 12
RightHandSourceCollisionGroup: 7
LeftHandSourceResolved: 0
===== ENGINE SetCollisionGroup =====
ElapsedMs: 98442.407
Entity: Wrestling Staff_BBM
ChangedEntityAddress: E70DA010
PlayerSlotMatch: RIGHT
PlayerAction: 10
PlayerAniPhase: 1
PlayerPrimaryPose: 1
PlayerStateTime: 0.403979
PlayerStatePosition: 1
PlayerCurrentMovementAni: Hero_Parade_None_Staff_P0_WhirlAttack_Hit_N_Fwd_00_%_00_P0_150_R.xmot
PlayerLeftItem: <none>
PlayerLeftItemAddress: 00000000
PlayerLeftUseType: -1
PlayerLeftCollisionGroup: -1
PlayerRightItem: Wrestling Staff_BBM
PlayerRightItemAddress: E70DA010
PlayerRightUseType: 12
PlayerRightCollisionGroup: 5
RequestedGroup: 5
BeforeGroup: 7
AfterGroup: 5
Item_EquippedValue: 5
Item_AttackValue: 7
RetiredMarkerExecutionCount: 0
====================================

MarkerAction: OFF_ACCEPTED
MarkerName: G3AB_COL_OFF
MarkerOpcode: OFF
AuthoredMarkerOccurrences: 1
AcceptedMarkerOccurrencesBefore: 0
AcceptedMarkerOccurrencesAfter: 1
ExecutionBudgetReset: 0
AuthoredMarkerFrame: 10
MarkerOwnedSourceMaskBeforeOff: 1
DeactivatedSourceCount: 1
SetCollisionGroupAction: REQUESTED_ITEM_EQUIPPED_FOR_OWNED_SOURCES
TriggeredDamageList: NOT_CLEARED_OFF
Original StartEffect for marker: NOT CALLED
=================================

===== G3AB_COL_RIGHT RECEIVED =====
ElapsedMs: 98650.684
Actor: PC_Hero
Action: 10
AniPhase: 1
StateTime: 0.611962
StatePosition: 1
CurrentMovementAni: Hero_Parade_None_Staff_P0_WhirlAttack_Hit_N_Fwd_00_%_00_P0_150_R.xmot
MarkerOpcode: RIGHT
RightHandSourceResolved: 1
RightHandSource: Wrestling Staff_BBM
RightHandSourceAddress: E70DA010
RightHandSourceUseType: 12
RightHandSourceCollisionGroup: 5
LeftHandSourceResolved: 0
===== ENGINE SetCollisionGroup =====
ElapsedMs: 98650.713
Entity: Wrestling Staff_BBM
ChangedEntityAddress: E70DA010
PlayerSlotMatch: RIGHT
PlayerAction: 10
PlayerAniPhase: 1
PlayerPrimaryPose: 1
PlayerStateTime: 0.611962
PlayerStatePosition: 1
PlayerCurrentMovementAni: Hero_Parade_None_Staff_P0_WhirlAttack_Hit_N_Fwd_00_%_00_P0_150_R.xmot
PlayerLeftItem: <none>
PlayerLeftItemAddress: 00000000
PlayerLeftUseType: -1
PlayerLeftCollisionGroup: -1
PlayerRightItem: Wrestling Staff_BBM
PlayerRightItemAddress: E70DA010
PlayerRightUseType: 12
PlayerRightCollisionGroup: 7
RequestedGroup: 7
BeforeGroup: 5
AfterGroup: 7
Item_EquippedValue: 5
Item_AttackValue: 7
RetiredMarkerExecutionCount: 0
====================================

MarkerAction: ACCEPTED
MarkerName: G3AB_COL_RIGHT
MarkerOpcode: RIGHT
AuthoredMarkerOccurrences: 2
AcceptedMarkerOccurrencesBefore: 1
AcceptedMarkerOccurrencesAfter: 2
ExecutionBudgetReset: 0
AuthoredMarkerFrame: 4
PreviousMarkerOwnedSourceMask: 0
DesiredMarkerOwnedSourceMask: 1
RetiredMarkerOwnedSourceMask: 0
RetiredSourceCount: 0
MarkerOwnedWeaponSourceMaskAfterActivation: 1
CollisionGroupBeforeMarker: 5
CollisionGroupAfterMarker: 7
ResolvedSourceUseTypeAtMarker: 12
ActivatedSourceCount: 1
CollisionGroupRequestCount: 1
FistSourceCount: 0
TriggeredDamageListClearCount: 1
RightCollisionGroupBeforeMarker: 5
RightCollisionGroupAfterMarker: 7
RightResolvedSourceUseTypeAtMarker: 12
RightSetCollisionGroupRequested: 1
RightSkippedCollisionGroupForFist: 0
RightTriggeredDamageListCleared: 1
SetCollisionGroupAction: REQUESTED_ITEM_ATTACK
TriggeredDamageList: CLEARED
WhirlStatePositionBeforeMarker: 1
WhirlStatePositionAfterMarker: 1
Original StartEffect for marker: NOT CALLED
=================================

===== G3AB_COL_OFF RECEIVED =====
ElapsedMs: 98650.783
Actor: PC_Hero
Action: 10
AniPhase: 1
StateTime: 0.611962
StatePosition: 1
CurrentMovementAni: Hero_Parade_None_Staff_P0_WhirlAttack_Hit_N_Fwd_00_%_00_P0_150_R.xmot
MarkerOpcode: OFF
RightHandSourceResolved: 1
RightHandSource: Wrestling Staff_BBM
RightHandSourceAddress: E70DA010
RightHandSourceUseType: 12
RightHandSourceCollisionGroup: 7
LeftHandSourceResolved: 0
MarkerAction: AUTHORED_OCCURRENCE_BUDGET_IGNORED
MarkerName: G3AB_COL_OFF
AuthoredMarkerOccurrences: 1
AcceptedMarkerOccurrencesBefore: 1
AcceptedMarkerOccurrencesAfter: 1
ExecutionBudgetReset: 0
SetCollisionGroupAction: NOT_REQUESTED_BUDGET_EXHAUSTED
TriggeredDamageList: NOT_CLEARED_BUDGET_EXHAUSTED
Original StartEffect for marker: NOT CALLED
=================================

===== G3AB_COL_RIGHT RECEIVED =====
ElapsedMs: 98650.810
Actor: PC_Hero
Action: 10
AniPhase: 1
StateTime: 0.611962
StatePosition: 1
CurrentMovementAni: Hero_Parade_None_Staff_P0_WhirlAttack_Hit_N_Fwd_00_%_00_P0_150_R.xmot
MarkerOpcode: RIGHT
RightHandSourceResolved: 1
RightHandSource: Wrestling Staff_BBM
RightHandSourceAddress: E70DA010
RightHandSourceUseType: 12
RightHandSourceCollisionGroup: 7
LeftHandSourceResolved: 0
MarkerAction: DUPLICATE_SAME_UPDATE_IGNORED
AuthoredMarkerFrame: 4
DuplicateStateTimeDelta: 0.000000000
DuplicateElapsedMsDelta: 0.119700
SetCollisionGroupAction: NOT_REQUESTED_DUPLICATE
TriggeredDamageList: NOT_CLEARED_DUPLICATE
Original StartEffect for marker: NOT CALLED
=================================

===== ENGINE SetCollisionGroup =====
ElapsedMs: 98862.628
Entity: Wrestling Staff_BBM
ChangedEntityAddress: E70DA010
PlayerSlotMatch: RIGHT
PlayerAction: 10
PlayerAniPhase: 3
PlayerPrimaryPose: 1
PlayerStateTime: 0.811944
PlayerStatePosition: 1
PlayerCurrentMovementAni: Hero_Parade_None_Staff_P0_WhirlAttack_Hit_N_Fwd_00_%_00_P0_150_R.xmot
PlayerLeftItem: <none>
PlayerLeftItemAddress: 00000000
PlayerLeftUseType: -1
PlayerLeftCollisionGroup: -1
PlayerRightItem: Wrestling Staff_BBM
PlayerRightItemAddress: E70DA010
PlayerRightUseType: 12
PlayerRightCollisionGroup: 5
RequestedGroup: 5
BeforeGroup: 7
AfterGroup: 5
Item_EquippedValue: 5
Item_AttackValue: 7
RetiredMarkerExecutionCount: 1
====================================

===== ENGINE SetCollisionGroup =====
ElapsedMs: 103821.208
Entity: Wrestling Staff_BBM
ChangedEntityAddress: E70DA010
PlayerSlotMatch: RIGHT
PlayerAction: 14
PlayerAniPhase: 1
PlayerPrimaryPose: 1
PlayerStateTime: 0.766969
PlayerStatePosition: 0
PlayerCurrentMovementAni: Hero_Parade_None_Staff_P0_FinishingAttack_Hit_N_Fwd_00_%_00_P0_50.xmot
PlayerLeftItem: <none>
PlayerLeftItemAddress: 00000000
PlayerLeftUseType: -1
PlayerLeftCollisionGroup: -1
PlayerRightItem: Wrestling Staff_BBM
PlayerRightItemAddress: E70DA010
PlayerRightUseType: 12
PlayerRightCollisionGroup: 7
RequestedGroup: 7
BeforeGroup: 5
AfterGroup: 7
Item_EquippedValue: 5
Item_AttackValue: 7
RetiredMarkerExecutionCount: 0
====================================

===== ENGINE SetCollisionGroup =====
ElapsedMs: 104434.586
Entity: Wrestling Staff_BBM
ChangedEntityAddress: E70DA010
PlayerSlotMatch: RIGHT
PlayerAction: 14
PlayerAniPhase: 3
PlayerPrimaryPose: 1
PlayerStateTime: 1.379868
PlayerStatePosition: 1
PlayerCurrentMovementAni: Hero_Parade_None_Staff_P0_FinishingAttack_Hit_N_Fwd_00_%_00_P0_50.xmot
PlayerLeftItem: <none>
PlayerLeftItemAddress: 00000000
PlayerLeftUseType: -1
PlayerLeftCollisionGroup: -1
PlayerRightItem: Wrestling Staff_BBM
PlayerRightItemAddress: E70DA010
PlayerRightUseType: 12
PlayerRightCollisionGroup: 5
RequestedGroup: 5
BeforeGroup: 7
AfterGroup: 5
Item_EquippedValue: 5
Item_AttackValue: 7
RetiredMarkerExecutionCount: 0
====================================

===== G3AB_COL_RIGHT RECEIVED =====
ElapsedMs: 111234.263
Actor: PC_Hero
Action: 10
AniPhase: 1
StateTime: 0.165964
StatePosition: 0
CurrentMovementAni: Hero_Parade_None_Staff_P0_WhirlAttack_Hit_N_Fwd_00_%_00_P0_150_R.xmot
MarkerOpcode: RIGHT
RightHandSourceResolved: 1
RightHandSource: Wrestling Staff_BBM
RightHandSourceAddress: E70DA010
RightHandSourceUseType: 12
RightHandSourceCollisionGroup: 5
LeftHandSourceResolved: 0
===== ENGINE SetCollisionGroup =====
ElapsedMs: 111234.296
Entity: Wrestling Staff_BBM
ChangedEntityAddress: E70DA010
PlayerSlotMatch: RIGHT
PlayerAction: 10
PlayerAniPhase: 1
PlayerPrimaryPose: 1
PlayerStateTime: 0.165964
PlayerStatePosition: 0
PlayerCurrentMovementAni: Hero_Parade_None_Staff_P0_WhirlAttack_Hit_N_Fwd_00_%_00_P0_150_R.xmot
PlayerLeftItem: <none>
PlayerLeftItemAddress: 00000000
PlayerLeftUseType: -1
PlayerLeftCollisionGroup: -1
PlayerRightItem: Wrestling Staff_BBM
PlayerRightItemAddress: E70DA010
PlayerRightUseType: 12
PlayerRightCollisionGroup: 7
RequestedGroup: 7
BeforeGroup: 5
AfterGroup: 7
Item_EquippedValue: 5
Item_AttackValue: 7
RetiredMarkerExecutionCount: 0
====================================

MarkerAction: ACCEPTED
MarkerName: G3AB_COL_RIGHT
MarkerOpcode: RIGHT
AuthoredMarkerOccurrences: 2
AcceptedMarkerOccurrencesBefore: 0
AcceptedMarkerOccurrencesAfter: 1
ExecutionBudgetReset: 1
AuthoredMarkerFrame: 4
PreviousMarkerOwnedSourceMask: 0
DesiredMarkerOwnedSourceMask: 1
RetiredMarkerOwnedSourceMask: 0
RetiredSourceCount: 0
MarkerOwnedWeaponSourceMaskAfterActivation: 1
CollisionGroupBeforeMarker: 5
CollisionGroupAfterMarker: 7
ResolvedSourceUseTypeAtMarker: 12
ActivatedSourceCount: 1
CollisionGroupRequestCount: 1
FistSourceCount: 0
TriggeredDamageListClearCount: 1
RightCollisionGroupBeforeMarker: 5
RightCollisionGroupAfterMarker: 7
RightResolvedSourceUseTypeAtMarker: 12
RightSetCollisionGroupRequested: 1
RightSkippedCollisionGroupForFist: 0
RightTriggeredDamageListCleared: 1
SetCollisionGroupAction: REQUESTED_ITEM_ATTACK
TriggeredDamageList: CLEARED
WhirlStatePositionBeforeMarker: 0
WhirlStatePositionAfterMarker: 1
Original StartEffect for marker: NOT CALLED
=================================

===== G3AB_COL_OFF RECEIVED =====
ElapsedMs: 111472.200
Actor: PC_Hero
Action: 10
AniPhase: 1
StateTime: 0.403963
StatePosition: 1
CurrentMovementAni: Hero_Parade_None_Staff_P0_WhirlAttack_Hit_N_Fwd_00_%_00_P0_150_R.xmot
MarkerOpcode: OFF
RightHandSourceResolved: 1
RightHandSource: Wrestling Staff_BBM
RightHandSourceAddress: E70DA010
RightHandSourceUseType: 12
RightHandSourceCollisionGroup: 7
LeftHandSourceResolved: 0
===== ENGINE SetCollisionGroup =====
ElapsedMs: 111472.230
Entity: Wrestling Staff_BBM
ChangedEntityAddress: E70DA010
PlayerSlotMatch: RIGHT
PlayerAction: 10
PlayerAniPhase: 1
PlayerPrimaryPose: 1
PlayerStateTime: 0.403963
PlayerStatePosition: 1
PlayerCurrentMovementAni: Hero_Parade_None_Staff_P0_WhirlAttack_Hit_N_Fwd_00_%_00_P0_150_R.xmot
PlayerLeftItem: <none>
PlayerLeftItemAddress: 00000000
PlayerLeftUseType: -1
PlayerLeftCollisionGroup: -1
PlayerRightItem: Wrestling Staff_BBM
PlayerRightItemAddress: E70DA010
PlayerRightUseType: 12
PlayerRightCollisionGroup: 5
RequestedGroup: 5
BeforeGroup: 7
AfterGroup: 5
Item_EquippedValue: 5
Item_AttackValue: 7
RetiredMarkerExecutionCount: 0
====================================

MarkerAction: OFF_ACCEPTED
MarkerName: G3AB_COL_OFF
MarkerOpcode: OFF
AuthoredMarkerOccurrences: 1
AcceptedMarkerOccurrencesBefore: 0
AcceptedMarkerOccurrencesAfter: 1
ExecutionBudgetReset: 0
AuthoredMarkerFrame: 10
MarkerOwnedSourceMaskBeforeOff: 1
DeactivatedSourceCount: 1
SetCollisionGroupAction: REQUESTED_ITEM_EQUIPPED_FOR_OWNED_SOURCES
TriggeredDamageList: NOT_CLEARED_OFF
Original StartEffect for marker: NOT CALLED
=================================

===== G3AB_COL_RIGHT RECEIVED =====
ElapsedMs: 111669.978
Actor: PC_Hero
Action: 10
AniPhase: 1
StateTime: 0.600955
StatePosition: 1
CurrentMovementAni: Hero_Parade_None_Staff_P0_WhirlAttack_Hit_N_Fwd_00_%_00_P0_150_R.xmot
MarkerOpcode: RIGHT
RightHandSourceResolved: 1
RightHandSource: Wrestling Staff_BBM
RightHandSourceAddress: E70DA010
RightHandSourceUseType: 12
RightHandSourceCollisionGroup: 5
LeftHandSourceResolved: 0
===== ENGINE SetCollisionGroup =====
ElapsedMs: 111670.008
Entity: Wrestling Staff_BBM
ChangedEntityAddress: E70DA010
PlayerSlotMatch: RIGHT
PlayerAction: 10
PlayerAniPhase: 1
PlayerPrimaryPose: 1
PlayerStateTime: 0.600955
PlayerStatePosition: 1
PlayerCurrentMovementAni: Hero_Parade_None_Staff_P0_WhirlAttack_Hit_N_Fwd_00_%_00_P0_150_R.xmot
PlayerLeftItem: <none>
PlayerLeftItemAddress: 00000000
PlayerLeftUseType: -1
PlayerLeftCollisionGroup: -1
PlayerRightItem: Wrestling Staff_BBM
PlayerRightItemAddress: E70DA010
PlayerRightUseType: 12
PlayerRightCollisionGroup: 7
RequestedGroup: 7
BeforeGroup: 5
AfterGroup: 7
Item_EquippedValue: 5
Item_AttackValue: 7
RetiredMarkerExecutionCount: 0
====================================

MarkerAction: ACCEPTED
MarkerName: G3AB_COL_RIGHT
MarkerOpcode: RIGHT
AuthoredMarkerOccurrences: 2
AcceptedMarkerOccurrencesBefore: 1
AcceptedMarkerOccurrencesAfter: 2
ExecutionBudgetReset: 0
AuthoredMarkerFrame: 4
PreviousMarkerOwnedSourceMask: 0
DesiredMarkerOwnedSourceMask: 1
RetiredMarkerOwnedSourceMask: 0
RetiredSourceCount: 0
MarkerOwnedWeaponSourceMaskAfterActivation: 1
CollisionGroupBeforeMarker: 5
CollisionGroupAfterMarker: 7
ResolvedSourceUseTypeAtMarker: 12
ActivatedSourceCount: 1
CollisionGroupRequestCount: 1
FistSourceCount: 0
TriggeredDamageListClearCount: 1
RightCollisionGroupBeforeMarker: 5
RightCollisionGroupAfterMarker: 7
RightResolvedSourceUseTypeAtMarker: 12
RightSetCollisionGroupRequested: 1
RightSkippedCollisionGroupForFist: 0
RightTriggeredDamageListCleared: 1
SetCollisionGroupAction: REQUESTED_ITEM_ATTACK
TriggeredDamageList: CLEARED
WhirlStatePositionBeforeMarker: 1
WhirlStatePositionAfterMarker: 1
Original StartEffect for marker: NOT CALLED
=================================

===== G3AB_COL_OFF RECEIVED =====
ElapsedMs: 111670.077
Actor: PC_Hero
Action: 10
AniPhase: 1
StateTime: 0.600955
StatePosition: 1
CurrentMovementAni: Hero_Parade_None_Staff_P0_WhirlAttack_Hit_N_Fwd_00_%_00_P0_150_R.xmot
MarkerOpcode: OFF
RightHandSourceResolved: 1
RightHandSource: Wrestling Staff_BBM
RightHandSourceAddress: E70DA010
RightHandSourceUseType: 12
RightHandSourceCollisionGroup: 7
LeftHandSourceResolved: 0
MarkerAction: AUTHORED_OCCURRENCE_BUDGET_IGNORED
MarkerName: G3AB_COL_OFF
AuthoredMarkerOccurrences: 1
AcceptedMarkerOccurrencesBefore: 1
AcceptedMarkerOccurrencesAfter: 1
ExecutionBudgetReset: 0
SetCollisionGroupAction: NOT_REQUESTED_BUDGET_EXHAUSTED
TriggeredDamageList: NOT_CLEARED_BUDGET_EXHAUSTED
Original StartEffect for marker: NOT CALLED
=================================

===== G3AB_COL_RIGHT RECEIVED =====
ElapsedMs: 111670.106
Actor: PC_Hero
Action: 10
AniPhase: 1
StateTime: 0.600955
StatePosition: 1
CurrentMovementAni: Hero_Parade_None_Staff_P0_WhirlAttack_Hit_N_Fwd_00_%_00_P0_150_R.xmot
MarkerOpcode: RIGHT
RightHandSourceResolved: 1
RightHandSource: Wrestling Staff_BBM
RightHandSourceAddress: E70DA010
RightHandSourceUseType: 12
RightHandSourceCollisionGroup: 7
LeftHandSourceResolved: 0
MarkerAction: DUPLICATE_SAME_UPDATE_IGNORED
AuthoredMarkerFrame: 4
DuplicateStateTimeDelta: 0.000000000
DuplicateElapsedMsDelta: 0.121400
SetCollisionGroupAction: NOT_REQUESTED_DUPLICATE
TriggeredDamageList: NOT_CLEARED_DUPLICATE
Original StartEffect for marker: NOT CALLED
=================================

===== ENGINE SetCollisionGroup =====
ElapsedMs: 111891.275
Entity: Wrestling Staff_BBM
ChangedEntityAddress: E70DA010
PlayerSlotMatch: RIGHT
PlayerAction: 10
PlayerAniPhase: 3
PlayerPrimaryPose: 1
PlayerStateTime: 0.811928
PlayerStatePosition: 1
PlayerCurrentMovementAni: Hero_Parade_None_Staff_P0_WhirlAttack_Hit_N_Fwd_00_%_00_P0_150_R.xmot
PlayerLeftItem: <none>
PlayerLeftItemAddress: 00000000
PlayerLeftUseType: -1
PlayerLeftCollisionGroup: -1
PlayerRightItem: Wrestling Staff_BBM
PlayerRightItemAddress: E70DA010
PlayerRightUseType: 12
PlayerRightCollisionGroup: 5
RequestedGroup: 5
BeforeGroup: 7
AfterGroup: 5
Item_EquippedValue: 5
Item_AttackValue: 7
RetiredMarkerExecutionCount: 1
====================================

===== G3AB_COL_RIGHT RECEIVED =====
ElapsedMs: 117867.550
Actor: PC_Hero
Action: 10
AniPhase: 1
StateTime: 0.169997
StatePosition: 0
CurrentMovementAni: Hero_Parade_None_Staff_P0_WhirlAttack_Hit_N_Fwd_00_%_00_P0_150_R.xmot
MarkerOpcode: RIGHT
RightHandSourceResolved: 1
RightHandSource: Wrestling Staff_BBM
RightHandSourceAddress: E70DA010
RightHandSourceUseType: 12
RightHandSourceCollisionGroup: 5
LeftHandSourceResolved: 0
===== ENGINE SetCollisionGroup =====
ElapsedMs: 117867.581
Entity: Wrestling Staff_BBM
ChangedEntityAddress: E70DA010
PlayerSlotMatch: RIGHT
PlayerAction: 10
PlayerAniPhase: 1
PlayerPrimaryPose: 1
PlayerStateTime: 0.169997
PlayerStatePosition: 0
PlayerCurrentMovementAni: Hero_Parade_None_Staff_P0_WhirlAttack_Hit_N_Fwd_00_%_00_P0_150_R.xmot
PlayerLeftItem: <none>
PlayerLeftItemAddress: 00000000
PlayerLeftUseType: -1
PlayerLeftCollisionGroup: -1
PlayerRightItem: Wrestling Staff_BBM
PlayerRightItemAddress: E70DA010
PlayerRightUseType: 12
PlayerRightCollisionGroup: 7
RequestedGroup: 7
BeforeGroup: 5
AfterGroup: 7
Item_EquippedValue: 5
Item_AttackValue: 7
RetiredMarkerExecutionCount: 0
====================================

MarkerAction: ACCEPTED
MarkerName: G3AB_COL_RIGHT
MarkerOpcode: RIGHT
AuthoredMarkerOccurrences: 2
AcceptedMarkerOccurrencesBefore: 0
AcceptedMarkerOccurrencesAfter: 1
ExecutionBudgetReset: 1
AuthoredMarkerFrame: 4
PreviousMarkerOwnedSourceMask: 0
DesiredMarkerOwnedSourceMask: 1
RetiredMarkerOwnedSourceMask: 0
RetiredSourceCount: 0
MarkerOwnedWeaponSourceMaskAfterActivation: 1
CollisionGroupBeforeMarker: 5
CollisionGroupAfterMarker: 7
ResolvedSourceUseTypeAtMarker: 12
ActivatedSourceCount: 1
CollisionGroupRequestCount: 1
FistSourceCount: 0
TriggeredDamageListClearCount: 1
RightCollisionGroupBeforeMarker: 5
RightCollisionGroupAfterMarker: 7
RightResolvedSourceUseTypeAtMarker: 12
RightSetCollisionGroupRequested: 1
RightSkippedCollisionGroupForFist: 0
RightTriggeredDamageListCleared: 1
SetCollisionGroupAction: REQUESTED_ITEM_ATTACK
TriggeredDamageList: CLEARED
WhirlStatePositionBeforeMarker: 0
WhirlStatePositionAfterMarker: 1
Original StartEffect for marker: NOT CALLED
=================================

===== G3AB_COL_OFF RECEIVED =====
ElapsedMs: 118106.470
Actor: PC_Hero
Action: 0
AniPhase: 1
StateTime: 0.061965
StatePosition: 0
CurrentMovementAni: Hero_Parade_None_Staff_P0_WhirlAttack_Hit_N_Fwd_00_%_00_P0_150_R.xmot
MarkerOpcode: OFF
RightHandSourceResolved: 1
RightHandSource: Wrestling Staff_BBM
RightHandSourceAddress: E70DA010
RightHandSourceUseType: 12
RightHandSourceCollisionGroup: 7
LeftHandSourceResolved: 0
MarkerAction: REJECTED - unsupported Normal/Quick/full-Whirl action or Hit phase
=================================

===== G3AB_COL_RIGHT RECEIVED =====
ElapsedMs: 118296.155
Actor: PC_Hero
Action: 0
AniPhase: 1
StateTime: 0.250970
StatePosition: 0
CurrentMovementAni: Hero_Parade_None_Staff_P0_WhirlAttack_Hit_N_Fwd_00_%_00_P0_150_R.xmot
MarkerOpcode: RIGHT
RightHandSourceResolved: 1
RightHandSource: Wrestling Staff_BBM
RightHandSourceAddress: E70DA010
RightHandSourceUseType: 12
RightHandSourceCollisionGroup: 7
LeftHandSourceResolved: 0
MarkerAction: REJECTED - unsupported Normal/Quick/full-Whirl action or Hit phase
=================================

===== G3AB_COL_OFF RECEIVED =====
ElapsedMs: 118296.200
Actor: PC_Hero
Action: 0
AniPhase: 1
StateTime: 0.250970
StatePosition: 0
CurrentMovementAni: Hero_Parade_None_Staff_P0_WhirlAttack_Hit_N_Fwd_00_%_00_P0_150_R.xmot
MarkerOpcode: OFF
RightHandSourceResolved: 1
RightHandSource: Wrestling Staff_BBM
RightHandSourceAddress: E70DA010
RightHandSourceUseType: 12
RightHandSourceCollisionGroup: 7
LeftHandSourceResolved: 0
MarkerAction: REJECTED - unsupported Normal/Quick/full-Whirl action or Hit phase
=================================

===== G3AB_COL_RIGHT RECEIVED =====
ElapsedMs: 118296.222
Actor: PC_Hero
Action: 0
AniPhase: 1
StateTime: 0.250970
StatePosition: 0
CurrentMovementAni: Hero_Parade_None_Staff_P0_WhirlAttack_Hit_N_Fwd_00_%_00_P0_150_R.xmot
MarkerOpcode: RIGHT
RightHandSourceResolved: 1
RightHandSource: Wrestling Staff_BBM
RightHandSourceAddress: E70DA010
RightHandSourceUseType: 12
RightHandSourceCollisionGroup: 7
LeftHandSourceResolved: 0
MarkerAction: REJECTED - unsupported Normal/Quick/full-Whirl action or Hit phase
=================================

===== CONTROLLED CALLBACK EXECUTION BOUNDARY =====
ElapsedMs: 125105.277
Actor: PC_Hero
CurrentMovementAni: Hero_Parade_None_Staff_P0_WhirlAttack_Hit_N_Fwd_00_%_00_P0_150_R.xmot
Action: 10
AniPhase: 1
PreviousControlledCallbackStateTime: 0.339969
CurrentControlledCallbackStateTime: 0.000000
ExecutionBoundaryKeyChanged: 0
ExecutionBoundaryStateTimeRollback: 1
MarkerExecutionBudget: RETIRED_BEFORE_MARKER
=====================================

===== G3AB_COL_RIGHT RECEIVED =====
ElapsedMs: 125265.111
Actor: PC_Hero
Action: 10
AniPhase: 1
StateTime: 0.172000
StatePosition: 0
CurrentMovementAni: Hero_Parade_None_Staff_P0_WhirlAttack_Hit_N_Fwd_00_%_00_P0_150_R.xmot
MarkerOpcode: RIGHT
RightHandSourceResolved: 1
RightHandSource: Wrestling Staff_BBM
RightHandSourceAddress: E70DA010
RightHandSourceUseType: 12
RightHandSourceCollisionGroup: 7
LeftHandSourceResolved: 0
===== ENGINE SetCollisionGroup =====
ElapsedMs: 125265.130
Entity: Wrestling Staff_BBM
ChangedEntityAddress: E70DA010
PlayerSlotMatch: RIGHT
PlayerAction: 10
PlayerAniPhase: 1
PlayerPrimaryPose: 1
PlayerStateTime: 0.172000
PlayerStatePosition: 0
PlayerCurrentMovementAni: Hero_Parade_None_Staff_P0_WhirlAttack_Hit_N_Fwd_00_%_00_P0_150_R.xmot
PlayerLeftItem: <none>
PlayerLeftItemAddress: 00000000
PlayerLeftUseType: -1
PlayerLeftCollisionGroup: -1
PlayerRightItem: Wrestling Staff_BBM
PlayerRightItemAddress: E70DA010
PlayerRightUseType: 12
PlayerRightCollisionGroup: 7
RequestedGroup: 7
BeforeGroup: 7
AfterGroup: 7
Item_EquippedValue: 5
Item_AttackValue: 7
RetiredMarkerExecutionCount: 0
====================================

MarkerAction: ACCEPTED
MarkerName: G3AB_COL_RIGHT
MarkerOpcode: RIGHT
AuthoredMarkerOccurrences: 2
AcceptedMarkerOccurrencesBefore: 0
AcceptedMarkerOccurrencesAfter: 1
ExecutionBudgetReset: 1
AuthoredMarkerFrame: 4
PreviousMarkerOwnedSourceMask: 1
DesiredMarkerOwnedSourceMask: 1
RetiredMarkerOwnedSourceMask: 0
RetiredSourceCount: 0
MarkerOwnedWeaponSourceMaskAfterActivation: 1
CollisionGroupBeforeMarker: 7
CollisionGroupAfterMarker: 7
ResolvedSourceUseTypeAtMarker: 12
ActivatedSourceCount: 1
CollisionGroupRequestCount: 1
FistSourceCount: 0
TriggeredDamageListClearCount: 1
RightCollisionGroupBeforeMarker: 7
RightCollisionGroupAfterMarker: 7
RightResolvedSourceUseTypeAtMarker: 12
RightSetCollisionGroupRequested: 1
RightSkippedCollisionGroupForFist: 0
RightTriggeredDamageListCleared: 1
SetCollisionGroupAction: REQUESTED_ITEM_ATTACK
TriggeredDamageList: CLEARED
WhirlStatePositionBeforeMarker: 0
WhirlStatePositionAfterMarker: 1
Original StartEffect for marker: NOT CALLED
=================================

===== G3AB_COL_OFF RECEIVED =====
ElapsedMs: 125508.789
Actor: PC_Hero
Action: 0
AniPhase: 1
StateTime: 0.185899
StatePosition: 0
CurrentMovementAni: Hero_Parade_None_Staff_P0_WhirlAttack_Hit_N_Fwd_00_%_00_P0_150_R.xmot
MarkerOpcode: OFF
RightHandSourceResolved: 1
RightHandSource: Wrestling Staff_BBM
RightHandSourceAddress: E70DA010
RightHandSourceUseType: 12
RightHandSourceCollisionGroup: 7
LeftHandSourceResolved: 0
MarkerAction: REJECTED - unsupported Normal/Quick/full-Whirl action or Hit phase
=================================

===== G3AB_COL_RIGHT RECEIVED =====
ElapsedMs: 125696.946
Actor: PC_Hero
Action: 0
AniPhase: 1
StateTime: 0.373927
StatePosition: 0
CurrentMovementAni: Hero_Parade_None_Staff_P0_WhirlAttack_Hit_N_Fwd_00_%_00_P0_150_R.xmot
MarkerOpcode: RIGHT
RightHandSourceResolved: 1
RightHandSource: Wrestling Staff_BBM
RightHandSourceAddress: E70DA010
RightHandSourceUseType: 12
RightHandSourceCollisionGroup: 7
LeftHandSourceResolved: 0
MarkerAction: REJECTED - unsupported Normal/Quick/full-Whirl action or Hit phase
=================================

===== G3AB_COL_OFF RECEIVED =====
ElapsedMs: 125696.989
Actor: PC_Hero
Action: 0
AniPhase: 1
StateTime: 0.373927
StatePosition: 0
CurrentMovementAni: Hero_Parade_None_Staff_P0_WhirlAttack_Hit_N_Fwd_00_%_00_P0_150_R.xmot
MarkerOpcode: OFF
RightHandSourceResolved: 1
RightHandSource: Wrestling Staff_BBM
RightHandSourceAddress: E70DA010
RightHandSourceUseType: 12
RightHandSourceCollisionGroup: 7
LeftHandSourceResolved: 0
MarkerAction: REJECTED - unsupported Normal/Quick/full-Whirl action or Hit phase
=================================

===== G3AB_COL_RIGHT RECEIVED =====
ElapsedMs: 125697.008
Actor: PC_Hero
Action: 0
AniPhase: 1
StateTime: 0.373927
StatePosition: 0
CurrentMovementAni: Hero_Parade_None_Staff_P0_WhirlAttack_Hit_N_Fwd_00_%_00_P0_150_R.xmot
MarkerOpcode: RIGHT
RightHandSourceResolved: 1
RightHandSource: Wrestling Staff_BBM
RightHandSourceAddress: E70DA010
RightHandSourceUseType: 12
RightHandSourceCollisionGroup: 7
LeftHandSourceResolved: 0
MarkerAction: REJECTED - unsupported Normal/Quick/full-Whirl action or Hit phase
=================================

===== CONTROLLED CALLBACK EXECUTION BOUNDARY =====
ElapsedMs: 134735.860
Actor: PC_Hero
CurrentMovementAni: Hero_Parade_None_Staff_P0_WhirlAttack_Hit_N_Fwd_00_%_00_P0_150_R.xmot
Action: 10
AniPhase: 1
PreviousControlledCallbackStateTime: 0.219009
CurrentControlledCallbackStateTime: 0.000000
ExecutionBoundaryKeyChanged: 0
ExecutionBoundaryStateTimeRollback: 1
MarkerExecutionBudget: RETIRED_BEFORE_MARKER
=====================================

===== G3AB_COL_RIGHT RECEIVED =====
ElapsedMs: 134891.790
Actor: PC_Hero
Action: 10
AniPhase: 1
StateTime: 0.167972
StatePosition: 0
CurrentMovementAni: Hero_Parade_None_Staff_P0_WhirlAttack_Hit_N_Fwd_00_%_00_P0_150_R.xmot
MarkerOpcode: RIGHT
RightHandSourceResolved: 1
RightHandSource: Wrestling Staff_BBM
RightHandSourceAddress: E70DA010
RightHandSourceUseType: 12
RightHandSourceCollisionGroup: 7
LeftHandSourceResolved: 0
===== ENGINE SetCollisionGroup =====
ElapsedMs: 134891.810
Entity: Wrestling Staff_BBM
ChangedEntityAddress: E70DA010
PlayerSlotMatch: RIGHT
PlayerAction: 10
PlayerAniPhase: 1
PlayerPrimaryPose: 1
PlayerStateTime: 0.167972
PlayerStatePosition: 0
PlayerCurrentMovementAni: Hero_Parade_None_Staff_P0_WhirlAttack_Hit_N_Fwd_00_%_00_P0_150_R.xmot
PlayerLeftItem: <none>
PlayerLeftItemAddress: 00000000
PlayerLeftUseType: -1
PlayerLeftCollisionGroup: -1
PlayerRightItem: Wrestling Staff_BBM
PlayerRightItemAddress: E70DA010
PlayerRightUseType: 12
PlayerRightCollisionGroup: 7
RequestedGroup: 7
BeforeGroup: 7
AfterGroup: 7
Item_EquippedValue: 5
Item_AttackValue: 7
RetiredMarkerExecutionCount: 0
====================================

MarkerAction: ACCEPTED
MarkerName: G3AB_COL_RIGHT
MarkerOpcode: RIGHT
AuthoredMarkerOccurrences: 2
AcceptedMarkerOccurrencesBefore: 0
AcceptedMarkerOccurrencesAfter: 1
ExecutionBudgetReset: 1
AuthoredMarkerFrame: 4
PreviousMarkerOwnedSourceMask: 1
DesiredMarkerOwnedSourceMask: 1
RetiredMarkerOwnedSourceMask: 0
RetiredSourceCount: 0
MarkerOwnedWeaponSourceMaskAfterActivation: 1
CollisionGroupBeforeMarker: 7
CollisionGroupAfterMarker: 7
ResolvedSourceUseTypeAtMarker: 12
ActivatedSourceCount: 1
CollisionGroupRequestCount: 1
FistSourceCount: 0
TriggeredDamageListClearCount: 1
RightCollisionGroupBeforeMarker: 7
RightCollisionGroupAfterMarker: 7
RightResolvedSourceUseTypeAtMarker: 12
RightSetCollisionGroupRequested: 1
RightSkippedCollisionGroupForFist: 0
RightTriggeredDamageListCleared: 1
SetCollisionGroupAction: REQUESTED_ITEM_ATTACK
TriggeredDamageList: CLEARED
WhirlStatePositionBeforeMarker: 0
WhirlStatePositionAfterMarker: 1
Original StartEffect for marker: NOT CALLED
=================================

===== G3AB_COL_OFF RECEIVED =====
ElapsedMs: 135124.573
Actor: PC_Hero
Action: 10
AniPhase: 1
StateTime: 0.400972
StatePosition: 1
CurrentMovementAni: Hero_Parade_None_Staff_P0_WhirlAttack_Hit_N_Fwd_00_%_00_P0_150_R.xmot
MarkerOpcode: OFF
RightHandSourceResolved: 1
RightHandSource: Wrestling Staff_BBM
RightHandSourceAddress: E70DA010
RightHandSourceUseType: 12
RightHandSourceCollisionGroup: 7
LeftHandSourceResolved: 0
===== ENGINE SetCollisionGroup =====
ElapsedMs: 135124.603
Entity: Wrestling Staff_BBM
ChangedEntityAddress: E70DA010
PlayerSlotMatch: RIGHT
PlayerAction: 10
PlayerAniPhase: 1
PlayerPrimaryPose: 1
PlayerStateTime: 0.400972
PlayerStatePosition: 1
PlayerCurrentMovementAni: Hero_Parade_None_Staff_P0_WhirlAttack_Hit_N_Fwd_00_%_00_P0_150_R.xmot
PlayerLeftItem: <none>
PlayerLeftItemAddress: 00000000
PlayerLeftUseType: -1
PlayerLeftCollisionGroup: -1
PlayerRightItem: Wrestling Staff_BBM
PlayerRightItemAddress: E70DA010
PlayerRightUseType: 12
PlayerRightCollisionGroup: 5
RequestedGroup: 5
BeforeGroup: 7
AfterGroup: 5
Item_EquippedValue: 5
Item_AttackValue: 7
RetiredMarkerExecutionCount: 0
====================================

MarkerAction: OFF_ACCEPTED
MarkerName: G3AB_COL_OFF
MarkerOpcode: OFF
AuthoredMarkerOccurrences: 1
AcceptedMarkerOccurrencesBefore: 0
AcceptedMarkerOccurrencesAfter: 1
ExecutionBudgetReset: 0
AuthoredMarkerFrame: 10
MarkerOwnedSourceMaskBeforeOff: 1
DeactivatedSourceCount: 1
SetCollisionGroupAction: REQUESTED_ITEM_EQUIPPED_FOR_OWNED_SOURCES
TriggeredDamageList: NOT_CLEARED_OFF
Original StartEffect for marker: NOT CALLED
=================================

===== G3AB_COL_RIGHT RECEIVED =====
ElapsedMs: 135333.179
Actor: PC_Hero
Action: 10
AniPhase: 1
StateTime: 0.608948
StatePosition: 1
CurrentMovementAni: Hero_Parade_None_Staff_P0_WhirlAttack_Hit_N_Fwd_00_%_00_P0_150_R.xmot
MarkerOpcode: RIGHT
RightHandSourceResolved: 1
RightHandSource: Wrestling Staff_BBM
RightHandSourceAddress: E70DA010
RightHandSourceUseType: 12
RightHandSourceCollisionGroup: 5
LeftHandSourceResolved: 0
===== ENGINE SetCollisionGroup =====
ElapsedMs: 135333.210
Entity: Wrestling Staff_BBM
ChangedEntityAddress: E70DA010
PlayerSlotMatch: RIGHT
PlayerAction: 10
PlayerAniPhase: 1
PlayerPrimaryPose: 1
PlayerStateTime: 0.608948
PlayerStatePosition: 1
PlayerCurrentMovementAni: Hero_Parade_None_Staff_P0_WhirlAttack_Hit_N_Fwd_00_%_00_P0_150_R.xmot
PlayerLeftItem: <none>
PlayerLeftItemAddress: 00000000
PlayerLeftUseType: -1
PlayerLeftCollisionGroup: -1
PlayerRightItem: Wrestling Staff_BBM
PlayerRightItemAddress: E70DA010
PlayerRightUseType: 12
PlayerRightCollisionGroup: 7
RequestedGroup: 7
BeforeGroup: 5
AfterGroup: 7
Item_EquippedValue: 5
Item_AttackValue: 7
RetiredMarkerExecutionCount: 0
====================================

MarkerAction: ACCEPTED
MarkerName: G3AB_COL_RIGHT
MarkerOpcode: RIGHT
AuthoredMarkerOccurrences: 2
AcceptedMarkerOccurrencesBefore: 1
AcceptedMarkerOccurrencesAfter: 2
ExecutionBudgetReset: 0
AuthoredMarkerFrame: 4
PreviousMarkerOwnedSourceMask: 0
DesiredMarkerOwnedSourceMask: 1
RetiredMarkerOwnedSourceMask: 0
RetiredSourceCount: 0
MarkerOwnedWeaponSourceMaskAfterActivation: 1
CollisionGroupBeforeMarker: 5
CollisionGroupAfterMarker: 7
ResolvedSourceUseTypeAtMarker: 12
ActivatedSourceCount: 1
CollisionGroupRequestCount: 1
FistSourceCount: 0
TriggeredDamageListClearCount: 1
RightCollisionGroupBeforeMarker: 5
RightCollisionGroupAfterMarker: 7
RightResolvedSourceUseTypeAtMarker: 12
RightSetCollisionGroupRequested: 1
RightSkippedCollisionGroupForFist: 0
RightTriggeredDamageListCleared: 1
SetCollisionGroupAction: REQUESTED_ITEM_ATTACK
TriggeredDamageList: CLEARED
WhirlStatePositionBeforeMarker: 1
WhirlStatePositionAfterMarker: 1
Original StartEffect for marker: NOT CALLED
=================================

===== G3AB_COL_OFF RECEIVED =====
ElapsedMs: 135333.282
Actor: PC_Hero
Action: 10
AniPhase: 1
StateTime: 0.608948
StatePosition: 1
CurrentMovementAni: Hero_Parade_None_Staff_P0_WhirlAttack_Hit_N_Fwd_00_%_00_P0_150_R.xmot
MarkerOpcode: OFF
RightHandSourceResolved: 1
RightHandSource: Wrestling Staff_BBM
RightHandSourceAddress: E70DA010
RightHandSourceUseType: 12
RightHandSourceCollisionGroup: 7
LeftHandSourceResolved: 0
MarkerAction: AUTHORED_OCCURRENCE_BUDGET_IGNORED
MarkerName: G3AB_COL_OFF
AuthoredMarkerOccurrences: 1
AcceptedMarkerOccurrencesBefore: 1
AcceptedMarkerOccurrencesAfter: 1
ExecutionBudgetReset: 0
SetCollisionGroupAction: NOT_REQUESTED_BUDGET_EXHAUSTED
TriggeredDamageList: NOT_CLEARED_BUDGET_EXHAUSTED
Original StartEffect for marker: NOT CALLED
=================================

===== G3AB_COL_RIGHT RECEIVED =====
ElapsedMs: 135333.310
Actor: PC_Hero
Action: 10
AniPhase: 1
StateTime: 0.608948
StatePosition: 1
CurrentMovementAni: Hero_Parade_None_Staff_P0_WhirlAttack_Hit_N_Fwd_00_%_00_P0_150_R.xmot
MarkerOpcode: RIGHT
RightHandSourceResolved: 1
RightHandSource: Wrestling Staff_BBM
RightHandSourceAddress: E70DA010
RightHandSourceUseType: 12
RightHandSourceCollisionGroup: 7
LeftHandSourceResolved: 0
MarkerAction: DUPLICATE_SAME_UPDATE_IGNORED
AuthoredMarkerFrame: 4
DuplicateStateTimeDelta: 0.000000000
DuplicateElapsedMsDelta: 0.124000
SetCollisionGroupAction: NOT_REQUESTED_DUPLICATE
TriggeredDamageList: NOT_CLEARED_DUPLICATE
Original StartEffect for marker: NOT CALLED
=================================

===== ENGINE SetCollisionGroup =====
ElapsedMs: 135538.057
Entity: Wrestling Staff_BBM
ChangedEntityAddress: E70DA010
PlayerSlotMatch: RIGHT
PlayerAction: 10
PlayerAniPhase: 3
PlayerPrimaryPose: 1
PlayerStateTime: 0.801941
PlayerStatePosition: 1
PlayerCurrentMovementAni: Hero_Parade_None_Staff_P0_WhirlAttack_Hit_N_Fwd_00_%_00_P0_150_R.xmot
PlayerLeftItem: <none>
PlayerLeftItemAddress: 00000000
PlayerLeftUseType: -1
PlayerLeftCollisionGroup: -1
PlayerRightItem: Wrestling Staff_BBM
PlayerRightItemAddress: E70DA010
PlayerRightUseType: 12
PlayerRightCollisionGroup: 5
RequestedGroup: 5
BeforeGroup: 7
AfterGroup: 5
Item_EquippedValue: 5
Item_AttackValue: 7
RetiredMarkerExecutionCount: 1
====================================

===== G3AB_COL_RIGHT RECEIVED =====
ElapsedMs: 140823.805
Actor: PC_Hero
Action: 10
AniPhase: 1
StateTime: 0.170005
StatePosition: 0
CurrentMovementAni: Hero_Parade_None_Staff_P0_WhirlAttack_Hit_N_Fwd_00_%_00_P0_150_R.xmot
MarkerOpcode: RIGHT
RightHandSourceResolved: 1
RightHandSource: Wrestling Staff_BBM
RightHandSourceAddress: E70DA010
RightHandSourceUseType: 12
RightHandSourceCollisionGroup: 5
LeftHandSourceResolved: 0
===== ENGINE SetCollisionGroup =====
ElapsedMs: 140823.837
Entity: Wrestling Staff_BBM
ChangedEntityAddress: E70DA010
PlayerSlotMatch: RIGHT
PlayerAction: 10
PlayerAniPhase: 1
PlayerPrimaryPose: 1
PlayerStateTime: 0.170005
PlayerStatePosition: 0
PlayerCurrentMovementAni: Hero_Parade_None_Staff_P0_WhirlAttack_Hit_N_Fwd_00_%_00_P0_150_R.xmot
PlayerLeftItem: <none>
PlayerLeftItemAddress: 00000000
PlayerLeftUseType: -1
PlayerLeftCollisionGroup: -1
PlayerRightItem: Wrestling Staff_BBM
PlayerRightItemAddress: E70DA010
PlayerRightUseType: 12
PlayerRightCollisionGroup: 7
RequestedGroup: 7
BeforeGroup: 5
AfterGroup: 7
Item_EquippedValue: 5
Item_AttackValue: 7
RetiredMarkerExecutionCount: 0
====================================

MarkerAction: ACCEPTED
MarkerName: G3AB_COL_RIGHT
MarkerOpcode: RIGHT
AuthoredMarkerOccurrences: 2
AcceptedMarkerOccurrencesBefore: 0
AcceptedMarkerOccurrencesAfter: 1
ExecutionBudgetReset: 1
AuthoredMarkerFrame: 4
PreviousMarkerOwnedSourceMask: 0
DesiredMarkerOwnedSourceMask: 1
RetiredMarkerOwnedSourceMask: 0
RetiredSourceCount: 0
MarkerOwnedWeaponSourceMaskAfterActivation: 1
CollisionGroupBeforeMarker: 5
CollisionGroupAfterMarker: 7
ResolvedSourceUseTypeAtMarker: 12
ActivatedSourceCount: 1
CollisionGroupRequestCount: 1
FistSourceCount: 0
TriggeredDamageListClearCount: 1
RightCollisionGroupBeforeMarker: 5
RightCollisionGroupAfterMarker: 7
RightResolvedSourceUseTypeAtMarker: 12
RightSetCollisionGroupRequested: 1
RightSkippedCollisionGroupForFist: 0
RightTriggeredDamageListCleared: 1
SetCollisionGroupAction: REQUESTED_ITEM_ATTACK
TriggeredDamageList: CLEARED
WhirlStatePositionBeforeMarker: 0
WhirlStatePositionAfterMarker: 1
Original StartEffect for marker: NOT CALLED
=================================

===== G3AB_COL_OFF RECEIVED =====
ElapsedMs: 141064.885
Actor: PC_Hero
Action: 10
AniPhase: 1
StateTime: 0.410988
StatePosition: 1
CurrentMovementAni: Hero_Parade_None_Staff_P0_WhirlAttack_Hit_N_Fwd_00_%_00_P0_150_R.xmot
MarkerOpcode: OFF
RightHandSourceResolved: 1
RightHandSource: Wrestling Staff_BBM
RightHandSourceAddress: E70DA010
RightHandSourceUseType: 12
RightHandSourceCollisionGroup: 7
LeftHandSourceResolved: 0
===== ENGINE SetCollisionGroup =====
ElapsedMs: 141064.916
Entity: Wrestling Staff_BBM
ChangedEntityAddress: E70DA010
PlayerSlotMatch: RIGHT
PlayerAction: 10
PlayerAniPhase: 1
PlayerPrimaryPose: 1
PlayerStateTime: 0.410988
PlayerStatePosition: 1
PlayerCurrentMovementAni: Hero_Parade_None_Staff_P0_WhirlAttack_Hit_N_Fwd_00_%_00_P0_150_R.xmot
PlayerLeftItem: <none>
PlayerLeftItemAddress: 00000000
PlayerLeftUseType: -1
PlayerLeftCollisionGroup: -1
PlayerRightItem: Wrestling Staff_BBM
PlayerRightItemAddress: E70DA010
PlayerRightUseType: 12
PlayerRightCollisionGroup: 5
RequestedGroup: 5
BeforeGroup: 7
AfterGroup: 5
Item_EquippedValue: 5
Item_AttackValue: 7
RetiredMarkerExecutionCount: 0
====================================

MarkerAction: OFF_ACCEPTED
MarkerName: G3AB_COL_OFF
MarkerOpcode: OFF
AuthoredMarkerOccurrences: 1
AcceptedMarkerOccurrencesBefore: 0
AcceptedMarkerOccurrencesAfter: 1
ExecutionBudgetReset: 0
AuthoredMarkerFrame: 10
MarkerOwnedSourceMaskBeforeOff: 1
DeactivatedSourceCount: 1
SetCollisionGroupAction: REQUESTED_ITEM_EQUIPPED_FOR_OWNED_SOURCES
TriggeredDamageList: NOT_CLEARED_OFF
Original StartEffect for marker: NOT CALLED
=================================

===== G3AB_COL_RIGHT RECEIVED =====
ElapsedMs: 141264.518
Actor: PC_Hero
Action: 10
AniPhase: 1
StateTime: 0.606981
StatePosition: 1
CurrentMovementAni: Hero_Parade_None_Staff_P0_WhirlAttack_Hit_N_Fwd_00_%_00_P0_150_R.xmot
MarkerOpcode: RIGHT
RightHandSourceResolved: 1
RightHandSource: Wrestling Staff_BBM
RightHandSourceAddress: E70DA010
RightHandSourceUseType: 12
RightHandSourceCollisionGroup: 5
LeftHandSourceResolved: 0
===== ENGINE SetCollisionGroup =====
ElapsedMs: 141264.549
Entity: Wrestling Staff_BBM
ChangedEntityAddress: E70DA010
PlayerSlotMatch: RIGHT
PlayerAction: 10
PlayerAniPhase: 1
PlayerPrimaryPose: 1
PlayerStateTime: 0.606981
PlayerStatePosition: 1
PlayerCurrentMovementAni: Hero_Parade_None_Staff_P0_WhirlAttack_Hit_N_Fwd_00_%_00_P0_150_R.xmot
PlayerLeftItem: <none>
PlayerLeftItemAddress: 00000000
PlayerLeftUseType: -1
PlayerLeftCollisionGroup: -1
PlayerRightItem: Wrestling Staff_BBM
PlayerRightItemAddress: E70DA010
PlayerRightUseType: 12
PlayerRightCollisionGroup: 7
RequestedGroup: 7
BeforeGroup: 5
AfterGroup: 7
Item_EquippedValue: 5
Item_AttackValue: 7
RetiredMarkerExecutionCount: 0
====================================

MarkerAction: ACCEPTED
MarkerName: G3AB_COL_RIGHT
MarkerOpcode: RIGHT
AuthoredMarkerOccurrences: 2
AcceptedMarkerOccurrencesBefore: 1
AcceptedMarkerOccurrencesAfter: 2
ExecutionBudgetReset: 0
AuthoredMarkerFrame: 4
PreviousMarkerOwnedSourceMask: 0
DesiredMarkerOwnedSourceMask: 1
RetiredMarkerOwnedSourceMask: 0
RetiredSourceCount: 0
MarkerOwnedWeaponSourceMaskAfterActivation: 1
CollisionGroupBeforeMarker: 5
CollisionGroupAfterMarker: 7
ResolvedSourceUseTypeAtMarker: 12
ActivatedSourceCount: 1
CollisionGroupRequestCount: 1
FistSourceCount: 0
TriggeredDamageListClearCount: 1
RightCollisionGroupBeforeMarker: 5
RightCollisionGroupAfterMarker: 7
RightResolvedSourceUseTypeAtMarker: 12
RightSetCollisionGroupRequested: 1
RightSkippedCollisionGroupForFist: 0
RightTriggeredDamageListCleared: 1
SetCollisionGroupAction: REQUESTED_ITEM_ATTACK
TriggeredDamageList: CLEARED
WhirlStatePositionBeforeMarker: 1
WhirlStatePositionAfterMarker: 1
Original StartEffect for marker: NOT CALLED
=================================

===== G3AB_COL_OFF RECEIVED =====
ElapsedMs: 141264.620
Actor: PC_Hero
Action: 10
AniPhase: 1
StateTime: 0.606981
StatePosition: 1
CurrentMovementAni: Hero_Parade_None_Staff_P0_WhirlAttack_Hit_N_Fwd_00_%_00_P0_150_R.xmot
MarkerOpcode: OFF
RightHandSourceResolved: 1
RightHandSource: Wrestling Staff_BBM
RightHandSourceAddress: E70DA010
RightHandSourceUseType: 12
RightHandSourceCollisionGroup: 7
LeftHandSourceResolved: 0
MarkerAction: AUTHORED_OCCURRENCE_BUDGET_IGNORED
MarkerName: G3AB_COL_OFF
AuthoredMarkerOccurrences: 1
AcceptedMarkerOccurrencesBefore: 1
AcceptedMarkerOccurrencesAfter: 1
ExecutionBudgetReset: 0
SetCollisionGroupAction: NOT_REQUESTED_BUDGET_EXHAUSTED
TriggeredDamageList: NOT_CLEARED_BUDGET_EXHAUSTED
Original StartEffect for marker: NOT CALLED
=================================

===== G3AB_COL_RIGHT RECEIVED =====
ElapsedMs: 141264.648
Actor: PC_Hero
Action: 10
AniPhase: 1
StateTime: 0.606981
StatePosition: 1
CurrentMovementAni: Hero_Parade_None_Staff_P0_WhirlAttack_Hit_N_Fwd_00_%_00_P0_150_R.xmot
MarkerOpcode: RIGHT
RightHandSourceResolved: 1
RightHandSource: Wrestling Staff_BBM
RightHandSourceAddress: E70DA010
RightHandSourceUseType: 12
RightHandSourceCollisionGroup: 7
LeftHandSourceResolved: 0
MarkerAction: DUPLICATE_SAME_UPDATE_IGNORED
AuthoredMarkerFrame: 4
DuplicateStateTimeDelta: 0.000000000
DuplicateElapsedMsDelta: 0.124400
SetCollisionGroupAction: NOT_REQUESTED_DUPLICATE
TriggeredDamageList: NOT_CLEARED_DUPLICATE
Original StartEffect for marker: NOT CALLED
=================================

===== CONTROLLED CALLBACK EXECUTION BOUNDARY =====
ElapsedMs: 153363.938
Actor: PC_Hero
CurrentMovementAni: Hero_Parade_None_Staff_P0_WhirlAttack_Hit_N_Fwd_00_%_00_P0_150_R.xmot
Action: 10
AniPhase: 1
PreviousControlledCallbackStateTime: 0.757959
CurrentControlledCallbackStateTime: 0.000000
ExecutionBoundaryKeyChanged: 0
ExecutionBoundaryStateTimeRollback: 1
MarkerExecutionBudget: RETIRED_BEFORE_MARKER
=====================================

===== G3AB_COL_RIGHT RECEIVED =====
ElapsedMs: 153520.563
Actor: PC_Hero
Action: 10
AniPhase: 1
StateTime: 0.168994
StatePosition: 0
CurrentMovementAni: Hero_Parade_None_Staff_P0_WhirlAttack_Hit_N_Fwd_00_%_00_P0_150_R.xmot
MarkerOpcode: RIGHT
RightHandSourceResolved: 1
RightHandSource: Wrestling Staff_BBM
RightHandSourceAddress: E70DA010
RightHandSourceUseType: 12
RightHandSourceCollisionGroup: 7
LeftHandSourceResolved: 0
===== ENGINE SetCollisionGroup =====
ElapsedMs: 153520.584
Entity: Wrestling Staff_BBM
ChangedEntityAddress: E70DA010
PlayerSlotMatch: RIGHT
PlayerAction: 10
PlayerAniPhase: 1
PlayerPrimaryPose: 1
PlayerStateTime: 0.168994
PlayerStatePosition: 0
PlayerCurrentMovementAni: Hero_Parade_None_Staff_P0_WhirlAttack_Hit_N_Fwd_00_%_00_P0_150_R.xmot
PlayerLeftItem: <none>
PlayerLeftItemAddress: 00000000
PlayerLeftUseType: -1
PlayerLeftCollisionGroup: -1
PlayerRightItem: Wrestling Staff_BBM
PlayerRightItemAddress: E70DA010
PlayerRightUseType: 12
PlayerRightCollisionGroup: 7
RequestedGroup: 7
BeforeGroup: 7
AfterGroup: 7
Item_EquippedValue: 5
Item_AttackValue: 7
RetiredMarkerExecutionCount: 0
====================================

MarkerAction: ACCEPTED
MarkerName: G3AB_COL_RIGHT
MarkerOpcode: RIGHT
AuthoredMarkerOccurrences: 2
AcceptedMarkerOccurrencesBefore: 0
AcceptedMarkerOccurrencesAfter: 1
ExecutionBudgetReset: 1
AuthoredMarkerFrame: 4
PreviousMarkerOwnedSourceMask: 1
DesiredMarkerOwnedSourceMask: 1
RetiredMarkerOwnedSourceMask: 0
RetiredSourceCount: 0
MarkerOwnedWeaponSourceMaskAfterActivation: 1
CollisionGroupBeforeMarker: 7
CollisionGroupAfterMarker: 7
ResolvedSourceUseTypeAtMarker: 12
ActivatedSourceCount: 1
CollisionGroupRequestCount: 1
FistSourceCount: 0
TriggeredDamageListClearCount: 1
RightCollisionGroupBeforeMarker: 7
RightCollisionGroupAfterMarker: 7
RightResolvedSourceUseTypeAtMarker: 12
RightSetCollisionGroupRequested: 1
RightSkippedCollisionGroupForFist: 0
RightTriggeredDamageListCleared: 1
SetCollisionGroupAction: REQUESTED_ITEM_ATTACK
TriggeredDamageList: CLEARED
WhirlStatePositionBeforeMarker: 0
WhirlStatePositionAfterMarker: 1
Original StartEffect for marker: NOT CALLED
=================================

===== G3AB_COL_OFF RECEIVED =====
ElapsedMs: 153752.607
Actor: PC_Hero
Action: 0
AniPhase: 1
StateTime: 0.183987
StatePosition: 0
CurrentMovementAni: Hero_Parade_None_Staff_P0_WhirlAttack_Hit_N_Fwd_00_%_00_P0_150_R.xmot
MarkerOpcode: OFF
RightHandSourceResolved: 1
RightHandSource: Wrestling Staff_BBM
RightHandSourceAddress: E70DA010
RightHandSourceUseType: 12
RightHandSourceCollisionGroup: 7
LeftHandSourceResolved: 0
MarkerAction: REJECTED - unsupported Normal/Quick/full-Whirl action or Hit phase
=================================

===== G3AB_COL_RIGHT RECEIVED =====
ElapsedMs: 153959.887
Actor: PC_Hero
Action: 0
AniPhase: 1
StateTime: 0.390981
StatePosition: 0
CurrentMovementAni: Hero_Parade_None_Staff_P0_WhirlAttack_Hit_N_Fwd_00_%_00_P0_150_R.xmot
MarkerOpcode: RIGHT
RightHandSourceResolved: 1
RightHandSource: Wrestling Staff_BBM
RightHandSourceAddress: E70DA010
RightHandSourceUseType: 12
RightHandSourceCollisionGroup: 7
LeftHandSourceResolved: 0
MarkerAction: REJECTED - unsupported Normal/Quick/full-Whirl action or Hit phase
=================================

===== G3AB_COL_OFF RECEIVED =====
ElapsedMs: 153959.929
Actor: PC_Hero
Action: 0
AniPhase: 1
StateTime: 0.390981
StatePosition: 0
CurrentMovementAni: Hero_Parade_None_Staff_P0_WhirlAttack_Hit_N_Fwd_00_%_00_P0_150_R.xmot
MarkerOpcode: OFF
RightHandSourceResolved: 1
RightHandSource: Wrestling Staff_BBM
RightHandSourceAddress: E70DA010
RightHandSourceUseType: 12
RightHandSourceCollisionGroup: 7
LeftHandSourceResolved: 0
MarkerAction: REJECTED - unsupported Normal/Quick/full-Whirl action or Hit phase
=================================

===== G3AB_COL_RIGHT RECEIVED =====
ElapsedMs: 153959.966
Actor: PC_Hero
Action: 0
AniPhase: 1
StateTime: 0.390981
StatePosition: 0
CurrentMovementAni: Hero_Parade_None_Staff_P0_WhirlAttack_Hit_N_Fwd_00_%_00_P0_150_R.xmot
MarkerOpcode: RIGHT
RightHandSourceResolved: 1
RightHandSource: Wrestling Staff_BBM
RightHandSourceAddress: E70DA010
RightHandSourceUseType: 12
RightHandSourceCollisionGroup: 7
LeftHandSourceResolved: 0
MarkerAction: REJECTED - unsupported Normal/Quick/full-Whirl action or Hit phase
=================================

===== CONTROLLED CALLBACK EXECUTION BOUNDARY =====
ElapsedMs: 168818.760
Actor: PC_Hero
CurrentMovementAni: Hero_Parade_None_Staff_P0_WhirlAttack_Hit_N_Fwd_00_%_00_P0_150_R.xmot
Action: 10
AniPhase: 1
PreviousControlledCallbackStateTime: 0.204992
CurrentControlledCallbackStateTime: 0.000000
ExecutionBoundaryKeyChanged: 0
ExecutionBoundaryStateTimeRollback: 1
MarkerExecutionBudget: RETIRED_BEFORE_MARKER
=====================================

===== G3AB_COL_RIGHT RECEIVED =====
ElapsedMs: 168971.663
Actor: PC_Hero
Action: 10
AniPhase: 1
StateTime: 0.163991
StatePosition: 0
CurrentMovementAni: Hero_Parade_None_Staff_P0_WhirlAttack_Hit_N_Fwd_00_%_00_P0_150_R.xmot
MarkerOpcode: RIGHT
RightHandSourceResolved: 1
RightHandSource: Wrestling Staff_BBM
RightHandSourceAddress: E70DA010
RightHandSourceUseType: 12
RightHandSourceCollisionGroup: 7
LeftHandSourceResolved: 0
===== ENGINE SetCollisionGroup =====
ElapsedMs: 168971.684
Entity: Wrestling Staff_BBM
ChangedEntityAddress: E70DA010
PlayerSlotMatch: RIGHT
PlayerAction: 10
PlayerAniPhase: 1
PlayerPrimaryPose: 1
PlayerStateTime: 0.163991
PlayerStatePosition: 0
PlayerCurrentMovementAni: Hero_Parade_None_Staff_P0_WhirlAttack_Hit_N_Fwd_00_%_00_P0_150_R.xmot
PlayerLeftItem: <none>
PlayerLeftItemAddress: 00000000
PlayerLeftUseType: -1
PlayerLeftCollisionGroup: -1
PlayerRightItem: Wrestling Staff_BBM
PlayerRightItemAddress: E70DA010
PlayerRightUseType: 12
PlayerRightCollisionGroup: 7
RequestedGroup: 7
BeforeGroup: 7
AfterGroup: 7
Item_EquippedValue: 5
Item_AttackValue: 7
RetiredMarkerExecutionCount: 0
====================================

MarkerAction: ACCEPTED
MarkerName: G3AB_COL_RIGHT
MarkerOpcode: RIGHT
AuthoredMarkerOccurrences: 2
AcceptedMarkerOccurrencesBefore: 0
AcceptedMarkerOccurrencesAfter: 1
ExecutionBudgetReset: 1
AuthoredMarkerFrame: 4
PreviousMarkerOwnedSourceMask: 1
DesiredMarkerOwnedSourceMask: 1
RetiredMarkerOwnedSourceMask: 0
RetiredSourceCount: 0
MarkerOwnedWeaponSourceMaskAfterActivation: 1
CollisionGroupBeforeMarker: 7
CollisionGroupAfterMarker: 7
ResolvedSourceUseTypeAtMarker: 12
ActivatedSourceCount: 1
CollisionGroupRequestCount: 1
FistSourceCount: 0
TriggeredDamageListClearCount: 1
RightCollisionGroupBeforeMarker: 7
RightCollisionGroupAfterMarker: 7
RightResolvedSourceUseTypeAtMarker: 12
RightSetCollisionGroupRequested: 1
RightSkippedCollisionGroupForFist: 0
RightTriggeredDamageListCleared: 1
SetCollisionGroupAction: REQUESTED_ITEM_ATTACK
TriggeredDamageList: CLEARED
WhirlStatePositionBeforeMarker: 0
WhirlStatePositionAfterMarker: 1
Original StartEffect for marker: NOT CALLED
=================================

===== G3AB_COL_OFF RECEIVED =====
ElapsedMs: 169209.884
Actor: PC_Hero
Action: 10
AniPhase: 1
StateTime: 0.401974
StatePosition: 1
CurrentMovementAni: Hero_Parade_None_Staff_P0_WhirlAttack_Hit_N_Fwd_00_%_00_P0_150_R.xmot
MarkerOpcode: OFF
RightHandSourceResolved: 1
RightHandSource: Wrestling Staff_BBM
RightHandSourceAddress: E70DA010
RightHandSourceUseType: 12
RightHandSourceCollisionGroup: 7
LeftHandSourceResolved: 0
===== ENGINE SetCollisionGroup =====
ElapsedMs: 169209.915
Entity: Wrestling Staff_BBM
ChangedEntityAddress: E70DA010
PlayerSlotMatch: RIGHT
PlayerAction: 10
PlayerAniPhase: 1
PlayerPrimaryPose: 1
PlayerStateTime: 0.401974
PlayerStatePosition: 1
PlayerCurrentMovementAni: Hero_Parade_None_Staff_P0_WhirlAttack_Hit_N_Fwd_00_%_00_P0_150_R.xmot
PlayerLeftItem: <none>
PlayerLeftItemAddress: 00000000
PlayerLeftUseType: -1
PlayerLeftCollisionGroup: -1
PlayerRightItem: Wrestling Staff_BBM
PlayerRightItemAddress: E70DA010
PlayerRightUseType: 12
PlayerRightCollisionGroup: 5
RequestedGroup: 5
BeforeGroup: 7
AfterGroup: 5
Item_EquippedValue: 5
Item_AttackValue: 7
RetiredMarkerExecutionCount: 0
====================================

MarkerAction: OFF_ACCEPTED
MarkerName: G3AB_COL_OFF
MarkerOpcode: OFF
AuthoredMarkerOccurrences: 1
AcceptedMarkerOccurrencesBefore: 0
AcceptedMarkerOccurrencesAfter: 1
ExecutionBudgetReset: 0
AuthoredMarkerFrame: 10
MarkerOwnedSourceMaskBeforeOff: 1
DeactivatedSourceCount: 1
SetCollisionGroupAction: REQUESTED_ITEM_EQUIPPED_FOR_OWNED_SOURCES
TriggeredDamageList: NOT_CLEARED_OFF
Original StartEffect for marker: NOT CALLED
=================================

===== G3AB_COL_RIGHT RECEIVED =====
ElapsedMs: 169416.500
Actor: PC_Hero
Action: 10
AniPhase: 1
StateTime: 0.607960
StatePosition: 1
CurrentMovementAni: Hero_Parade_None_Staff_P0_WhirlAttack_Hit_N_Fwd_00_%_00_P0_150_R.xmot
MarkerOpcode: RIGHT
RightHandSourceResolved: 1
RightHandSource: Wrestling Staff_BBM
RightHandSourceAddress: E70DA010
RightHandSourceUseType: 12
RightHandSourceCollisionGroup: 5
LeftHandSourceResolved: 0
===== ENGINE SetCollisionGroup =====
ElapsedMs: 169416.534
Entity: Wrestling Staff_BBM
ChangedEntityAddress: E70DA010
PlayerSlotMatch: RIGHT
PlayerAction: 10
PlayerAniPhase: 1
PlayerPrimaryPose: 1
PlayerStateTime: 0.607960
PlayerStatePosition: 1
PlayerCurrentMovementAni: Hero_Parade_None_Staff_P0_WhirlAttack_Hit_N_Fwd_00_%_00_P0_150_R.xmot
PlayerLeftItem: <none>
PlayerLeftItemAddress: 00000000
PlayerLeftUseType: -1
PlayerLeftCollisionGroup: -1
PlayerRightItem: Wrestling Staff_BBM
PlayerRightItemAddress: E70DA010
PlayerRightUseType: 12
PlayerRightCollisionGroup: 7
RequestedGroup: 7
BeforeGroup: 5
AfterGroup: 7
Item_EquippedValue: 5
Item_AttackValue: 7
RetiredMarkerExecutionCount: 0
====================================

MarkerAction: ACCEPTED
MarkerName: G3AB_COL_RIGHT
MarkerOpcode: RIGHT
AuthoredMarkerOccurrences: 2
AcceptedMarkerOccurrencesBefore: 1
AcceptedMarkerOccurrencesAfter: 2
ExecutionBudgetReset: 0
AuthoredMarkerFrame: 4
PreviousMarkerOwnedSourceMask: 0
DesiredMarkerOwnedSourceMask: 1
RetiredMarkerOwnedSourceMask: 0
RetiredSourceCount: 0
MarkerOwnedWeaponSourceMaskAfterActivation: 1
CollisionGroupBeforeMarker: 5
CollisionGroupAfterMarker: 7
ResolvedSourceUseTypeAtMarker: 12
ActivatedSourceCount: 1
CollisionGroupRequestCount: 1
FistSourceCount: 0
TriggeredDamageListClearCount: 1
RightCollisionGroupBeforeMarker: 5
RightCollisionGroupAfterMarker: 7
RightResolvedSourceUseTypeAtMarker: 12
RightSetCollisionGroupRequested: 1
RightSkippedCollisionGroupForFist: 0
RightTriggeredDamageListCleared: 1
SetCollisionGroupAction: REQUESTED_ITEM_ATTACK
TriggeredDamageList: CLEARED
WhirlStatePositionBeforeMarker: 1
WhirlStatePositionAfterMarker: 1
Original StartEffect for marker: NOT CALLED
=================================

===== G3AB_COL_OFF RECEIVED =====
ElapsedMs: 169416.608
Actor: PC_Hero
Action: 10
AniPhase: 1
StateTime: 0.607960
StatePosition: 1
CurrentMovementAni: Hero_Parade_None_Staff_P0_WhirlAttack_Hit_N_Fwd_00_%_00_P0_150_R.xmot
MarkerOpcode: OFF
RightHandSourceResolved: 1
RightHandSource: Wrestling Staff_BBM
RightHandSourceAddress: E70DA010
RightHandSourceUseType: 12
RightHandSourceCollisionGroup: 7
LeftHandSourceResolved: 0
MarkerAction: AUTHORED_OCCURRENCE_BUDGET_IGNORED
MarkerName: G3AB_COL_OFF
AuthoredMarkerOccurrences: 1
AcceptedMarkerOccurrencesBefore: 1
AcceptedMarkerOccurrencesAfter: 1
ExecutionBudgetReset: 0
SetCollisionGroupAction: NOT_REQUESTED_BUDGET_EXHAUSTED
TriggeredDamageList: NOT_CLEARED_BUDGET_EXHAUSTED
Original StartEffect for marker: NOT CALLED
=================================

===== G3AB_COL_RIGHT RECEIVED =====
ElapsedMs: 169416.632
Actor: PC_Hero
Action: 10
AniPhase: 1
StateTime: 0.607960
StatePosition: 1
CurrentMovementAni: Hero_Parade_None_Staff_P0_WhirlAttack_Hit_N_Fwd_00_%_00_P0_150_R.xmot
MarkerOpcode: RIGHT
RightHandSourceResolved: 1
RightHandSource: Wrestling Staff_BBM
RightHandSourceAddress: E70DA010
RightHandSourceUseType: 12
RightHandSourceCollisionGroup: 7
LeftHandSourceResolved: 0
MarkerAction: DUPLICATE_SAME_UPDATE_IGNORED
AuthoredMarkerFrame: 4
DuplicateStateTimeDelta: 0.000000000
DuplicateElapsedMsDelta: 0.123800
SetCollisionGroupAction: NOT_REQUESTED_DUPLICATE
TriggeredDamageList: NOT_CLEARED_DUPLICATE
Original StartEffect for marker: NOT CALLED
=================================

===== ENGINE SetCollisionGroup =====
ElapsedMs: 169626.877
Entity: Wrestling Staff_BBM
ChangedEntityAddress: E70DA010
PlayerSlotMatch: RIGHT
PlayerAction: 10
PlayerAniPhase: 3
PlayerPrimaryPose: 1
PlayerStateTime: 0.805910
PlayerStatePosition: 1
PlayerCurrentMovementAni: Hero_Parade_None_Staff_P0_WhirlAttack_Hit_N_Fwd_00_%_00_P0_150_R.xmot
PlayerLeftItem: <none>
PlayerLeftItemAddress: 00000000
PlayerLeftUseType: -1
PlayerLeftCollisionGroup: -1
PlayerRightItem: Wrestling Staff_BBM
PlayerRightItemAddress: E70DA010
PlayerRightUseType: 12
PlayerRightCollisionGroup: 5
RequestedGroup: 5
BeforeGroup: 7
AfterGroup: 5
Item_EquippedValue: 5
Item_AttackValue: 7
RetiredMarkerExecutionCount: 1
====================================

===== G3AB_COL_RIGHT RECEIVED =====
ElapsedMs: 173513.415
Actor: PC_Hero
Action: 10
AniPhase: 1
StateTime: 0.163981
StatePosition: 0
CurrentMovementAni: Hero_Parade_None_Staff_P0_WhirlAttack_Hit_N_Fwd_00_%_00_P0_150_R.xmot
MarkerOpcode: RIGHT
RightHandSourceResolved: 1
RightHandSource: Wrestling Staff_BBM
RightHandSourceAddress: E70DA010
RightHandSourceUseType: 12
RightHandSourceCollisionGroup: 5
LeftHandSourceResolved: 0
===== ENGINE SetCollisionGroup =====
ElapsedMs: 173513.446
Entity: Wrestling Staff_BBM
ChangedEntityAddress: E70DA010
PlayerSlotMatch: RIGHT
PlayerAction: 10
PlayerAniPhase: 1
PlayerPrimaryPose: 1
PlayerStateTime: 0.163981
PlayerStatePosition: 0
PlayerCurrentMovementAni: Hero_Parade_None_Staff_P0_WhirlAttack_Hit_N_Fwd_00_%_00_P0_150_R.xmot
PlayerLeftItem: <none>
PlayerLeftItemAddress: 00000000
PlayerLeftUseType: -1
PlayerLeftCollisionGroup: -1
PlayerRightItem: Wrestling Staff_BBM
PlayerRightItemAddress: E70DA010
PlayerRightUseType: 12
PlayerRightCollisionGroup: 7
RequestedGroup: 7
BeforeGroup: 5
AfterGroup: 7
Item_EquippedValue: 5
Item_AttackValue: 7
RetiredMarkerExecutionCount: 0
====================================

MarkerAction: ACCEPTED
MarkerName: G3AB_COL_RIGHT
MarkerOpcode: RIGHT
AuthoredMarkerOccurrences: 2
AcceptedMarkerOccurrencesBefore: 0
AcceptedMarkerOccurrencesAfter: 1
ExecutionBudgetReset: 1
AuthoredMarkerFrame: 4
PreviousMarkerOwnedSourceMask: 0
DesiredMarkerOwnedSourceMask: 1
RetiredMarkerOwnedSourceMask: 0
RetiredSourceCount: 0
MarkerOwnedWeaponSourceMaskAfterActivation: 1
CollisionGroupBeforeMarker: 5
CollisionGroupAfterMarker: 7
ResolvedSourceUseTypeAtMarker: 12
ActivatedSourceCount: 1
CollisionGroupRequestCount: 1
FistSourceCount: 0
TriggeredDamageListClearCount: 1
RightCollisionGroupBeforeMarker: 5
RightCollisionGroupAfterMarker: 7
RightResolvedSourceUseTypeAtMarker: 12
RightSetCollisionGroupRequested: 1
RightSkippedCollisionGroupForFist: 0
RightTriggeredDamageListCleared: 1
SetCollisionGroupAction: REQUESTED_ITEM_ATTACK
TriggeredDamageList: CLEARED
WhirlStatePositionBeforeMarker: 0
WhirlStatePositionAfterMarker: 1
Original StartEffect for marker: NOT CALLED
=================================

===== G3AB_COL_OFF RECEIVED =====
ElapsedMs: 173752.573
Actor: PC_Hero
Action: 10
AniPhase: 1
StateTime: 0.402981
StatePosition: 1
CurrentMovementAni: Hero_Parade_None_Staff_P0_WhirlAttack_Hit_N_Fwd_00_%_00_P0_150_R.xmot
MarkerOpcode: OFF
RightHandSourceResolved: 1
RightHandSource: Wrestling Staff_BBM
RightHandSourceAddress: E70DA010
RightHandSourceUseType: 12
RightHandSourceCollisionGroup: 7
LeftHandSourceResolved: 0
===== ENGINE SetCollisionGroup =====
ElapsedMs: 173752.604
Entity: Wrestling Staff_BBM
ChangedEntityAddress: E70DA010
PlayerSlotMatch: RIGHT
PlayerAction: 10
PlayerAniPhase: 1
PlayerPrimaryPose: 1
PlayerStateTime: 0.402981
PlayerStatePosition: 1
PlayerCurrentMovementAni: Hero_Parade_None_Staff_P0_WhirlAttack_Hit_N_Fwd_00_%_00_P0_150_R.xmot
PlayerLeftItem: <none>
PlayerLeftItemAddress: 00000000
PlayerLeftUseType: -1
PlayerLeftCollisionGroup: -1
PlayerRightItem: Wrestling Staff_BBM
PlayerRightItemAddress: E70DA010
PlayerRightUseType: 12
PlayerRightCollisionGroup: 5
RequestedGroup: 5
BeforeGroup: 7
AfterGroup: 5
Item_EquippedValue: 5
Item_AttackValue: 7
RetiredMarkerExecutionCount: 0
====================================

MarkerAction: OFF_ACCEPTED
MarkerName: G3AB_COL_OFF
MarkerOpcode: OFF
AuthoredMarkerOccurrences: 1
AcceptedMarkerOccurrencesBefore: 0
AcceptedMarkerOccurrencesAfter: 1
ExecutionBudgetReset: 0
AuthoredMarkerFrame: 10
MarkerOwnedSourceMaskBeforeOff: 1
DeactivatedSourceCount: 1
SetCollisionGroupAction: REQUESTED_ITEM_EQUIPPED_FOR_OWNED_SOURCES
TriggeredDamageList: NOT_CLEARED_OFF
Original StartEffect for marker: NOT CALLED
=================================

===== G3AB_COL_RIGHT RECEIVED =====
ElapsedMs: 173959.516
Actor: PC_Hero
Action: 0
AniPhase: 1
StateTime: 0.011959
StatePosition: 0
CurrentMovementAni: Hero_Parade_None_Staff_P0_WhirlAttack_Hit_N_Fwd_00_%_00_P0_150_R.xmot
MarkerOpcode: RIGHT
RightHandSourceResolved: 1
RightHandSource: Wrestling Staff_BBM
RightHandSourceAddress: E70DA010
RightHandSourceUseType: 12
RightHandSourceCollisionGroup: 5
LeftHandSourceResolved: 0
MarkerAction: REJECTED - unsupported Normal/Quick/full-Whirl action or Hit phase
=================================

===== G3AB_COL_OFF RECEIVED =====
ElapsedMs: 173959.561
Actor: PC_Hero
Action: 0
AniPhase: 1
StateTime: 0.011959
StatePosition: 0
CurrentMovementAni: Hero_Parade_None_Staff_P0_WhirlAttack_Hit_N_Fwd_00_%_00_P0_150_R.xmot
MarkerOpcode: OFF
RightHandSourceResolved: 1
RightHandSource: Wrestling Staff_BBM
RightHandSourceAddress: E70DA010
RightHandSourceUseType: 12
RightHandSourceCollisionGroup: 5
LeftHandSourceResolved: 0
MarkerAction: REJECTED - unsupported Normal/Quick/full-Whirl action or Hit phase
=================================

===== G3AB_COL_RIGHT RECEIVED =====
ElapsedMs: 173959.583
Actor: PC_Hero
Action: 0
AniPhase: 1
StateTime: 0.011959
StatePosition: 0
CurrentMovementAni: Hero_Parade_None_Staff_P0_WhirlAttack_Hit_N_Fwd_00_%_00_P0_150_R.xmot
MarkerOpcode: RIGHT
RightHandSourceResolved: 1
RightHandSource: Wrestling Staff_BBM
RightHandSourceAddress: E70DA010
RightHandSourceUseType: 12
RightHandSourceCollisionGroup: 5
LeftHandSourceResolved: 0
MarkerAction: REJECTED - unsupported Normal/Quick/full-Whirl action or Hit phase
=================================

Script_FrameCollisionTest unloading.
