Script_FrameCollisionTest diagnostic build loaded.
DiagnosticProfile: CORE
DeepDiagnostics: DISABLED
BehaviorCore: EngineBridge + FrameCollisionMarkers + CollisionSources + CollisionSourceOperations + CollisionLifecycleGuard + Raw8FistCollision + AttackMotionRouting + RuntimeClock
C1Repair: exact outstanding live equipped Item_Attack source -> Item_Equipped after native AISetState opportunity; no ClearTriggeredList.
MarkerFamilies: Normal Power Quick SimpleWhirl Whirl Pierce Hack Sprint
MarkerOpcodes: RIGHT LEFT BOTH OFF FIST
HACK_CALLBACK_IDENTITY TargetRVA=0x433D0 ExactlyOne=1 MatchCount=1 Name=OnAI_HackAttack Source=.\Script\AI\AI_Commands\AI_HackAttack.cpp
Installing behavior hooks...
Hooks installed.

CORE C1_START ElapsedMs=22406.711 Actor=Troll Generation=1 Status=CANDIDATE Outstanding=0 TrackedSources=2 ReplacedGeneration=0 ReplacedOutstanding=0 Source[0]=TrollFist Side=RIGHT Group=5 Source[1]=TrollFist Side=LEFT Group=5
CORE C1_BIND ElapsedMs=22406.746 Event=COMBAT_MOVE_CANDIDATE_BOUND Actor=Troll Generation=1 Status=CANDIDATE Outstanding=0 Source=<null> Script=_AI_QuickAttack
CORE C1_STATUS ElapsedMs=22407.149 Event=PERSISTED Actor=Troll Generation=1 Status=PERSISTED Outstanding=0
CORE ATTACK_OWNERSHIP ElapsedMs=22407.188 Actor=Troll Family=QUICK Action=4 Phase=1 Motion=Troll_Stand_Fist_Fist_P0_QuickAttackR_Hit_N_Fwd_00_%_00_P0_100.xmot MarkerPresent=1 RequiredMask=0 FistMarkers=1 Raw8Fist=<none> Raw8UseType=-1 SuppressNative=0 Classification=CONTRADICTION
===== CORE ATTACK OWNERSHIP ANOMALY =====
MatchingMotionFound: 1
MarkerScanValid: 1
RequiredSourcesAvailable: 1
RightSourceSlot: RIGHT
RightSourceName: TrollFist
RightSourceUseType: 55
RightSourceCollisionGroup: 5
LeftSourceSlot: LEFT
LeftSourceName: TrollFist
LeftSourceUseType: 55
LeftSourceCollisionGroup: 5
Raw8FistSourceName: <none>
Raw8FistSourceUseType: -1
Raw8FistSourceCollisionGroup: -1
=========================================

CORE RAW55_QUICK_CALLBACK_BOUNDARY Actor=Troll C1=1 SameC1=1 Action=4->4 Phase=1->1 StateTime=0.000000->0.000000 StatePosition=0->0 MotionBefore=Troll_Stand_Fist_Fist_P0_QuickAttackR_Hit_N_Fwd_00_%_00_P0_100.xmot MotionAfter=Troll_Stand_Fist_Fist_P0_QuickAttackR_Hit_N_Fwd_00_%_00_P0_100.xmot Right=TrollFist RightUseType=55 RightGroup=5->5 NativeResult=1 OBSERVE_NATIVE=1
CORE RAW55_QUICK_CALLBACK_BOUNDARY Actor=Troll C1=1 SameC1=1 Action=4->4 Phase=1->1 StateTime=0.000000->0.000000 StatePosition=0->0 MotionBefore=Troll_Stand_Fist_Fist_P0_QuickAttackR_Hit_N_Fwd_00_%_00_P0_100.xmot MotionAfter=Troll_Stand_Fist_Fist_P0_QuickAttackR_Hit_N_Fwd_00_%_00_P0_100.xmot Right=TrollFist RightUseType=55 RightGroup=5->5 NativeResult=1 OBSERVE_NATIVE=1
CORE RAW55_QUICK_CALLBACK_BOUNDARY Actor=Troll C1=1 SameC1=1 Action=4->4 Phase=1->1 StateTime=0.012897->0.012897 StatePosition=0->0 MotionBefore=Troll_Stand_Fist_Fist_P0_QuickAttackR_Hit_N_Fwd_00_%_00_P0_100.xmot MotionAfter=Troll_Stand_Fist_Fist_P0_QuickAttackR_Hit_N_Fwd_00_%_00_P0_100.xmot Right=TrollFist RightUseType=55 RightGroup=5->5 NativeResult=1 OBSERVE_NATIVE=1
CORE RAW55_QUICK_CALLBACK_BOUNDARY Actor=Troll C1=1 SameC1=1 Action=4->4 Phase=1->1 StateTime=0.021230->0.021230 StatePosition=0->0 MotionBefore=Troll_Stand_Fist_Fist_P0_QuickAttackR_Hit_N_Fwd_00_%_00_P0_100.xmot MotionAfter=Troll_Stand_Fist_Fist_P0_QuickAttackR_Hit_N_Fwd_00_%_00_P0_100.xmot Right=TrollFist RightUseType=55 RightGroup=5->5 NativeResult=1 OBSERVE_NATIVE=1
===== CORE MARKER ANOMALY / DISCOVERY =====
ElapsedMs: 22437.151
Actor: Troll
Action: 4
Family: QUICK
AniPhase: 1
StatePosition: 0
CurrentMovementAni: Troll_Stand_Fist_Fist_P0_QuickAttackR_Hit_N_Fwd_00_%_00_P0_100.xmot
MarkerName: G3AB_COL_FIST
MarkerOpcode: FIST
Result: UNSUPPORTED_MISSING_SOURCE
C1GenerationValid: 1
C1Generation: 1
RequiredSourceMask: 0
MissingSourceMask: 0
RightSourceSlot: RIGHT
RightSourceName: TrollFist
RightSourceUseType: 55
RightSourceCollisionGroup: 5
LeftSourceSlot: LEFT
LeftSourceName: TrollFist
LeftSourceUseType: 55
LeftSourceCollisionGroup: 5
Raw8FistSourceName: <none>
Raw8FistSourceUseType: -1
Raw8FistSourceCollisionGroup: -1
===========================================

CORE COLLISION_GROUP ElapsedMs=22437.257 Source=TrollFist UseType=55 Owner=Troll Slot=RIGHT Requested=7 Before=5 After=7 MarkerBitsRetired=0
CORE C1 OFFENSE REQUEST ElapsedMs=22437.270 Actor=Troll Generation=1 Status=PERSISTED Source=TrollFist Side=RIGHT Requests=1 Outstanding=1 CleanupObserved=0 Group=7
CORE RAW55_QUICK_PRESTATE_FIST_PROBE Actor=Troll C1=1 Action=4 StatePosition=0 StateTime=0.034143 Right=TrollFist RightUseType=55 GroupBefore=5 RequestedGroup=7 GroupAfter=7 ClearTriggeredList=1 PRESTATE_FIST=1
CORE RAW55_QUICK_CALLBACK_BOUNDARY Actor=Troll C1=1 SameC1=1 Action=4->4 Phase=1->1 StateTime=0.034143->0.034143 StatePosition=0->0 MotionBefore=Troll_Stand_Fist_Fist_P0_QuickAttackR_Hit_N_Fwd_00_%_00_P0_100.xmot MotionAfter=Troll_Stand_Fist_Fist_P0_QuickAttackR_Hit_N_Fwd_00_%_00_P0_100.xmot Right=TrollFist RightUseType=55 RightGroup=7->7 NativeResult=1 OBSERVE_NATIVE=1
CORE RAW55_QUICK_CALLBACK_BOUNDARY Actor=Troll C1=1 SameC1=1 Action=4->4 Phase=1->1 StateTime=0.042476->0.042476 StatePosition=0->0 MotionBefore=Troll_Stand_Fist_Fist_P0_QuickAttackR_Hit_N_Fwd_00_%_00_P0_100.xmot MotionAfter=Troll_Stand_Fist_Fist_P0_QuickAttackR_Hit_N_Fwd_00_%_00_P0_100.xmot Right=TrollFist RightUseType=55 RightGroup=7->7 NativeResult=1 OBSERVE_NATIVE=1
CORE RAW55_QUICK_CALLBACK_BOUNDARY Actor=Troll C1=1 SameC1=1 Action=4->4 Phase=1->1 StateTime=0.050809->0.050809 StatePosition=0->0 MotionBefore=Troll_Stand_Fist_Fist_P0_QuickAttackR_Hit_N_Fwd_00_%_00_P0_100.xmot MotionAfter=Troll_Stand_Fist_Fist_P0_QuickAttackR_Hit_N_Fwd_00_%_00_P0_100.xmot Right=TrollFist RightUseType=55 RightGroup=7->7 NativeResult=1 OBSERVE_NATIVE=1
CORE RAW55_QUICK_CALLBACK_BOUNDARY Actor=Troll C1=1 SameC1=1 Action=4->4 Phase=1->1 StateTime=0.059143->0.059143 StatePosition=0->0 MotionBefore=Troll_Stand_Fist_Fist_P0_QuickAttackR_Hit_N_Fwd_00_%_00_P0_100.xmot MotionAfter=Troll_Stand_Fist_Fist_P0_QuickAttackR_Hit_N_Fwd_00_%_00_P0_100.xmot Right=TrollFist RightUseType=55 RightGroup=7->7 NativeResult=1 OBSERVE_NATIVE=1
CORE RAW55_QUICK_CALLBACK_BOUNDARY Actor=Troll C1=1 SameC1=1 Action=4->4 Phase=1->1 StateTime=0.067476->0.067476 StatePosition=0->0 MotionBefore=Troll_Stand_Fist_Fist_P0_QuickAttackR_Hit_N_Fwd_00_%_00_P0_100.xmot MotionAfter=Troll_Stand_Fist_Fist_P0_QuickAttackR_Hit_N_Fwd_00_%_00_P0_100.xmot Right=TrollFist RightUseType=55 RightGroup=7->7 NativeResult=1 OBSERVE_NATIVE=1
CORE RAW55_QUICK_CALLBACK_BOUNDARY Actor=Troll C1=1 SameC1=1 Action=4->4 Phase=1->1 StateTime=0.075809->0.075809 StatePosition=0->0 MotionBefore=Troll_Stand_Fist_Fist_P0_QuickAttackR_Hit_N_Fwd_00_%_00_P0_100.xmot MotionAfter=Troll_Stand_Fist_Fist_P0_QuickAttackR_Hit_N_Fwd_00_%_00_P0_100.xmot Right=TrollFist RightUseType=55 RightGroup=7->7 NativeResult=1 OBSERVE_NATIVE=1
CORE RAW55_QUICK_CALLBACK_BOUNDARY Actor=Troll C1=1 SameC1=1 Action=4->4 Phase=1->1 StateTime=0.084143->0.084143 StatePosition=0->0 MotionBefore=Troll_Stand_Fist_Fist_P0_QuickAttackR_Hit_N_Fwd_00_%_00_P0_100.xmot MotionAfter=Troll_Stand_Fist_Fist_P0_QuickAttackR_Hit_N_Fwd_00_%_00_P0_100.xmot Right=TrollFist RightUseType=55 RightGroup=7->7 NativeResult=1 OBSERVE_NATIVE=1
CORE RAW55_QUICK_CALLBACK_BOUNDARY Actor=Troll C1=1 SameC1=1 Action=4->4 Phase=1->1 StateTime=0.092476->0.092476 StatePosition=0->0 MotionBefore=Troll_Stand_Fist_Fist_P0_QuickAttackR_Hit_N_Fwd_00_%_00_P0_100.xmot MotionAfter=Troll_Stand_Fist_Fist_P0_QuickAttackR_Hit_N_Fwd_00_%_00_P0_100.xmot Right=TrollFist RightUseType=55 RightGroup=7->7 NativeResult=1 OBSERVE_NATIVE=1
CORE COLLISION_GROUP ElapsedMs=22507.549 Source=TrollFist UseType=55 Owner=Troll Slot=RIGHT Requested=7 Before=7 After=7 MarkerBitsRetired=0
CORE C1 OFFENSE REQUEST ElapsedMs=22507.577 Actor=Troll Generation=1 Status=PERSISTED Source=TrollFist Side=RIGHT Requests=2 Outstanding=1 CleanupObserved=0 Group=7
CORE RAW55_QUICK_CALLBACK_BOUNDARY Actor=Troll C1=1 SameC1=1 Action=4->4 Phase=1->1 StateTime=0.102417->0.102417 StatePosition=0->1 MotionBefore=Troll_Stand_Fist_Fist_P0_QuickAttackR_Hit_N_Fwd_00_%_00_P0_100.xmot MotionAfter=Troll_Stand_Fist_Fist_P0_QuickAttackR_Hit_N_Fwd_00_%_00_P0_100.xmot Right=TrollFist RightUseType=55 RightGroup=7->7 NativeResult=1 OBSERVE_NATIVE=1
CORE RAW55_QUICK_CALLBACK_BOUNDARY Actor=Troll C1=1 SameC1=1 Action=4->4 Phase=1->1 StateTime=0.111429->0.111429 StatePosition=1->1 MotionBefore=Troll_Stand_Fist_Fist_P0_QuickAttackR_Hit_N_Fwd_00_%_00_P0_100.xmot MotionAfter=Troll_Stand_Fist_Fist_P0_QuickAttackR_Hit_N_Fwd_00_%_00_P0_100.xmot Right=TrollFist RightUseType=55 RightGroup=7->7 NativeResult=1 OBSERVE_NATIVE=1
CORE RAW55_QUICK_CALLBACK_BOUNDARY Actor=Troll C1=1 SameC1=1 Action=4->4 Phase=1->1 StateTime=0.119762->0.119762 StatePosition=1->1 MotionBefore=Troll_Stand_Fist_Fist_P0_QuickAttackR_Hit_N_Fwd_00_%_00_P0_100.xmot MotionAfter=Troll_Stand_Fist_Fist_P0_QuickAttackR_Hit_N_Fwd_00_%_00_P0_100.xmot Right=TrollFist RightUseType=55 RightGroup=7->7 NativeResult=1 OBSERVE_NATIVE=1
CORE RAW55_QUICK_CALLBACK_BOUNDARY Actor=Troll C1=1 SameC1=1 Action=4->4 Phase=1->1 StateTime=0.128096->0.128096 StatePosition=1->1 MotionBefore=Troll_Stand_Fist_Fist_P0_QuickAttackR_Hit_N_Fwd_00_%_00_P0_100.xmot MotionAfter=Troll_Stand_Fist_Fist_P0_QuickAttackR_Hit_N_Fwd_00_%_00_P0_100.xmot Right=TrollFist RightUseType=55 RightGroup=7->7 NativeResult=1 OBSERVE_NATIVE=1
CORE RAW55_QUICK_CALLBACK_BOUNDARY Actor=Troll C1=1 SameC1=1 Action=4->4 Phase=1->1 StateTime=0.136429->0.136429 StatePosition=1->1 MotionBefore=Troll_Stand_Fist_Fist_P0_QuickAttackR_Hit_N_Fwd_00_%_00_P0_100.xmot MotionAfter=Troll_Stand_Fist_Fist_P0_QuickAttackR_Hit_N_Fwd_00_%_00_P0_100.xmot Right=TrollFist RightUseType=55 RightGroup=7->7 NativeResult=1 OBSERVE_NATIVE=1
CORE RAW55_QUICK_CALLBACK_BOUNDARY Actor=Troll C1=1 SameC1=1 Action=4->4 Phase=1->1 StateTime=0.144762->0.144762 StatePosition=1->1 MotionBefore=Troll_Stand_Fist_Fist_P0_QuickAttackR_Hit_N_Fwd_00_%_00_P0_100.xmot MotionAfter=Troll_Stand_Fist_Fist_P0_QuickAttackR_Hit_N_Fwd_00_%_00_P0_100.xmot Right=TrollFist RightUseType=55 RightGroup=7->7 NativeResult=1 OBSERVE_NATIVE=1
CORE RAW55_QUICK_CALLBACK_BOUNDARY Actor=Troll C1=1 SameC1=1 Action=4->4 Phase=1->1 StateTime=0.153733->0.153733 StatePosition=1->1 MotionBefore=Troll_Stand_Fist_Fist_P0_QuickAttackR_Hit_N_Fwd_00_%_00_P0_100.xmot MotionAfter=Troll_Stand_Fist_Fist_P0_QuickAttackR_Hit_N_Fwd_00_%_00_P0_100.xmot Right=TrollFist RightUseType=55 RightGroup=7->7 NativeResult=1 OBSERVE_NATIVE=1
CORE RAW55_QUICK_CALLBACK_BOUNDARY Actor=Troll C1=1 SameC1=1 Action=4->4 Phase=1->1 StateTime=0.162066->0.162066 StatePosition=1->1 MotionBefore=Troll_Stand_Fist_Fist_P0_QuickAttackR_Hit_N_Fwd_00_%_00_P0_100.xmot MotionAfter=Troll_Stand_Fist_Fist_P0_QuickAttackR_Hit_N_Fwd_00_%_00_P0_100.xmot Right=TrollFist RightUseType=55 RightGroup=7->7 NativeResult=1 OBSERVE_NATIVE=1
CORE RAW55_QUICK_CALLBACK_BOUNDARY Actor=Troll C1=1 SameC1=1 Action=4->4 Phase=1->1 StateTime=0.170399->0.170399 StatePosition=1->1 MotionBefore=Troll_Stand_Fist_Fist_P0_QuickAttackR_Hit_N_Fwd_00_%_00_P0_100.xmot MotionAfter=Troll_Stand_Fist_Fist_P0_QuickAttackR_Hit_N_Fwd_00_%_00_P0_100.xmot Right=TrollFist RightUseType=55 RightGroup=7->7 NativeResult=1 OBSERVE_NATIVE=1
CORE RAW55_QUICK_CALLBACK_BOUNDARY Actor=Troll C1=1 SameC1=1 Action=4->4 Phase=1->1 StateTime=0.178733->0.178733 StatePosition=1->1 MotionBefore=Troll_Stand_Fist_Fist_P0_QuickAttackR_Hit_N_Fwd_00_%_00_P0_100.xmot MotionAfter=Troll_Stand_Fist_Fist_P0_QuickAttackR_Hit_N_Fwd_00_%_00_P0_100.xmot Right=TrollFist RightUseType=55 RightGroup=7->7 NativeResult=1 OBSERVE_NATIVE=1
CORE RAW55_QUICK_CALLBACK_BOUNDARY Actor=Troll C1=1 SameC1=1 Action=4->4 Phase=1->1 StateTime=0.187066->0.187066 StatePosition=1->1 MotionBefore=Troll_Stand_Fist_Fist_P0_QuickAttackR_Hit_N_Fwd_00_%_00_P0_100.xmot MotionAfter=Troll_Stand_Fist_Fist_P0_QuickAttackR_Hit_N_Fwd_00_%_00_P0_100.xmot Right=TrollFist RightUseType=55 RightGroup=7->7 NativeResult=1 OBSERVE_NATIVE=1
CORE ONDAMAGE ElapsedMs=22581.916 Ordinal=1 Target=PC_Hero Arg1=PC_Hero Arg2=PC_Hero Caller=Game.dll+0x00069484 PlayerAction=0 PlayerPhase=5 PlayerMotion=Hero_Stand_None_None_P0_Ambient_Loop_N_Fwd_00_%_02_P0_0.xmot Raw8Fist=<none> Raw8UseType=-1 Raw8Group=-1
CORE C1_START ElapsedMs=22592.205 Actor=PC_Hero Generation=2 Status=CANDIDATE Outstanding=0 TrackedSources=0 ReplacedGeneration=0 ReplacedOutstanding=0
CORE C1_BIND ElapsedMs=22592.216 Event=COMBAT_MOVE_CANDIDATE_BOUND Actor=PC_Hero Generation=2 Status=CANDIDATE Outstanding=0 Source=<null> Script=_AI_Stumble
CORE C1_STATUS ElapsedMs=22592.489 Event=PERSISTED Actor=PC_Hero Generation=2 Status=PERSISTED Outstanding=0
CORE RAW55_QUICK_CALLBACK_BOUNDARY Actor=Troll C1=1 SameC1=1 Action=4->4 Phase=1->1 StateTime=0.195399->0.195399 StatePosition=1->1 MotionBefore=Troll_Stand_Fist_Fist_P0_QuickAttackR_Hit_N_Fwd_00_%_00_P0_100.xmot MotionAfter=Troll_Stand_Fist_Fist_P0_QuickAttackR_Hit_N_Fwd_00_%_00_P0_100.xmot Right=TrollFist RightUseType=55 RightGroup=7->7 NativeResult=1 OBSERVE_NATIVE=1
CORE RAW55_QUICK_CALLBACK_BOUNDARY Actor=Troll C1=1 SameC1=1 Action=4->4 Phase=1->1 StateTime=0.203733->0.203733 StatePosition=1->1 MotionBefore=Troll_Stand_Fist_Fist_P0_QuickAttackR_Hit_N_Fwd_00_%_00_P0_100.xmot MotionAfter=Troll_Stand_Fist_Fist_P0_QuickAttackR_Hit_N_Fwd_00_%_00_P0_100.xmot Right=TrollFist RightUseType=55 RightGroup=7->7 NativeResult=1 OBSERVE_NATIVE=1
CORE RAW55_QUICK_CALLBACK_BOUNDARY Actor=Troll C1=1 SameC1=1 Action=4->4 Phase=1->1 StateTime=0.214674->0.214674 StatePosition=1->1 MotionBefore=Troll_Stand_Fist_Fist_P0_QuickAttackR_Hit_N_Fwd_00_%_00_P0_100.xmot MotionAfter=Troll_Stand_Fist_Fist_P0_QuickAttackR_Hit_N_Fwd_00_%_00_P0_100.xmot Right=TrollFist RightUseType=55 RightGroup=7->7 NativeResult=1 OBSERVE_NATIVE=1
CORE RAW55_QUICK_CALLBACK_BOUNDARY Actor=Troll C1=1 SameC1=1 Action=4->4 Phase=1->1 StateTime=0.223007->0.223007 StatePosition=1->1 MotionBefore=Troll_Stand_Fist_Fist_P0_QuickAttackR_Hit_N_Fwd_00_%_00_P0_100.xmot MotionAfter=Troll_Stand_Fist_Fist_P0_QuickAttackR_Hit_N_Fwd_00_%_00_P0_100.xmot Right=TrollFist RightUseType=55 RightGroup=7->7 NativeResult=1 OBSERVE_NATIVE=1
CORE RAW55_QUICK_CALLBACK_BOUNDARY Actor=Troll C1=1 SameC1=1 Action=4->4 Phase=1->1 StateTime=0.231978->0.231978 StatePosition=1->1 MotionBefore=Troll_Stand_Fist_Fist_P0_QuickAttackR_Hit_N_Fwd_00_%_00_P0_100.xmot MotionAfter=Troll_Stand_Fist_Fist_P0_QuickAttackR_Hit_N_Fwd_00_%_00_P0_100.xmot Right=TrollFist RightUseType=55 RightGroup=7->7 NativeResult=1 OBSERVE_NATIVE=1
CORE RAW55_QUICK_CALLBACK_BOUNDARY Actor=Troll C1=1 SameC1=1 Action=4->4 Phase=1->1 StateTime=0.240311->0.240311 StatePosition=1->1 MotionBefore=Troll_Stand_Fist_Fist_P0_QuickAttackR_Hit_N_Fwd_00_%_00_P0_100.xmot MotionAfter=Troll_Stand_Fist_Fist_P0_QuickAttackR_Hit_N_Fwd_00_%_00_P0_100.xmot Right=TrollFist RightUseType=55 RightGroup=7->7 NativeResult=1 OBSERVE_NATIVE=1
CORE RAW55_QUICK_CALLBACK_BOUNDARY Actor=Troll C1=1 SameC1=1 Action=4->4 Phase=1->1 StateTime=0.248645->0.248645 StatePosition=1->1 MotionBefore=Troll_Stand_Fist_Fist_P0_QuickAttackR_Hit_N_Fwd_00_%_00_P0_100.xmot MotionAfter=Troll_Stand_Fist_Fist_P0_QuickAttackR_Hit_N_Fwd_00_%_00_P0_100.xmot Right=TrollFist RightUseType=55 RightGroup=7->7 NativeResult=1 OBSERVE_NATIVE=1
CORE RAW55_QUICK_CALLBACK_BOUNDARY Actor=Troll C1=1 SameC1=1 Action=4->4 Phase=1->1 StateTime=0.256978->0.256978 StatePosition=1->1 MotionBefore=Troll_Stand_Fist_Fist_P0_QuickAttackR_Hit_N_Fwd_00_%_00_P0_100.xmot MotionAfter=Troll_Stand_Fist_Fist_P0_QuickAttackR_Hit_N_Fwd_00_%_00_P0_100.xmot Right=TrollFist RightUseType=55 RightGroup=7->7 NativeResult=1 OBSERVE_NATIVE=1
CORE RAW55_QUICK_CALLBACK_BOUNDARY Actor=Troll C1=1 SameC1=1 Action=4->4 Phase=1->1 StateTime=0.265311->0.265311 StatePosition=1->1 MotionBefore=Troll_Stand_Fist_Fist_P0_QuickAttackR_Hit_N_Fwd_00_%_00_P0_100.xmot MotionAfter=Troll_Stand_Fist_Fist_P0_QuickAttackR_Hit_N_Fwd_00_%_00_P0_100.xmot Right=TrollFist RightUseType=55 RightGroup=7->7 NativeResult=1 OBSERVE_NATIVE=1
CORE RAW55_QUICK_CALLBACK_BOUNDARY Actor=Troll C1=1 SameC1=1 Action=4->4 Phase=1->1 StateTime=0.277238->0.277238 StatePosition=1->1 MotionBefore=Troll_Stand_Fist_Fist_P0_QuickAttackR_Hit_N_Fwd_00_%_00_P0_100.xmot MotionAfter=Troll_Stand_Fist_Fist_P0_QuickAttackR_Hit_N_Fwd_00_%_00_P0_100.xmot Right=TrollFist RightUseType=55 RightGroup=7->7 NativeResult=1 OBSERVE_NATIVE=1
CORE RAW55_QUICK_CALLBACK_BOUNDARY Actor=Troll C1=1 SameC1=1 Action=4->4 Phase=1->1 StateTime=0.285571->0.285571 StatePosition=1->1 MotionBefore=Troll_Stand_Fist_Fist_P0_QuickAttackR_Hit_N_Fwd_00_%_00_P0_100.xmot MotionAfter=Troll_Stand_Fist_Fist_P0_QuickAttackR_Hit_N_Fwd_00_%_00_P0_100.xmot Right=TrollFist RightUseType=55 RightGroup=7->7 NativeResult=1 OBSERVE_NATIVE=1
CORE RAW55_QUICK_CALLBACK_BOUNDARY Actor=Troll C1=1 SameC1=1 Action=4->4 Phase=1->1 StateTime=0.293904->0.293904 StatePosition=1->1 MotionBefore=Troll_Stand_Fist_Fist_P0_QuickAttackR_Hit_N_Fwd_00_%_00_P0_100.xmot MotionAfter=Troll_Stand_Fist_Fist_P0_QuickAttackR_Hit_N_Fwd_00_%_00_P0_100.xmot Right=TrollFist RightUseType=55 RightGroup=7->7 NativeResult=1 OBSERVE_NATIVE=1
CORE RAW55_QUICK_CALLBACK_BOUNDARY Actor=Troll C1=1 SameC1=1 Action=4->4 Phase=1->1 StateTime=0.302238->0.302238 StatePosition=1->1 MotionBefore=Troll_Stand_Fist_Fist_P0_QuickAttackR_Hit_N_Fwd_00_%_00_P0_100.xmot MotionAfter=Troll_Stand_Fist_Fist_P0_QuickAttackR_Hit_N_Fwd_00_%_00_P0_100.xmot Right=TrollFist RightUseType=55 RightGroup=7->7 NativeResult=1 OBSERVE_NATIVE=1
CORE RAW55_QUICK_CALLBACK_BOUNDARY Actor=Troll C1=1 SameC1=1 Action=4->4 Phase=1->1 StateTime=0.311223->0.311223 StatePosition=1->1 MotionBefore=Troll_Stand_Fist_Fist_P0_QuickAttackR_Hit_N_Fwd_00_%_00_P0_100.xmot MotionAfter=Troll_Stand_Fist_Fist_P0_QuickAttackR_Hit_N_Fwd_00_%_00_P0_100.xmot Right=TrollFist RightUseType=55 RightGroup=7->7 NativeResult=1 OBSERVE_NATIVE=1
CORE RAW55_QUICK_CALLBACK_BOUNDARY Actor=Troll C1=1 SameC1=1 Action=4->4 Phase=1->1 StateTime=0.319556->0.319556 StatePosition=1->1 MotionBefore=Troll_Stand_Fist_Fist_P0_QuickAttackR_Hit_N_Fwd_00_%_00_P0_100.xmot MotionAfter=Troll_Stand_Fist_Fist_P0_QuickAttackR_Hit_N_Fwd_00_%_00_P0_100.xmot Right=TrollFist RightUseType=55 RightGroup=7->7 NativeResult=1 OBSERVE_NATIVE=1
CORE RAW55_QUICK_CALLBACK_BOUNDARY Actor=Troll C1=1 SameC1=1 Action=4->4 Phase=1->1 StateTime=0.327889->0.327889 StatePosition=1->1 MotionBefore=Troll_Stand_Fist_Fist_P0_QuickAttackR_Hit_N_Fwd_00_%_00_P0_100.xmot MotionAfter=Troll_Stand_Fist_Fist_P0_QuickAttackR_Hit_N_Fwd_00_%_00_P0_100.xmot Right=TrollFist RightUseType=55 RightGroup=7->7 NativeResult=1 OBSERVE_NATIVE=1
CORE RAW55_QUICK_CALLBACK_BOUNDARY Actor=Troll C1=1 SameC1=1 Action=4->4 Phase=1->1 StateTime=0.337831->0.337831 StatePosition=1->1 MotionBefore=Troll_Stand_Fist_Fist_P0_QuickAttackR_Hit_N_Fwd_00_%_00_P0_100.xmot MotionAfter=Troll_Stand_Fist_Fist_P0_QuickAttackR_Hit_N_Fwd_00_%_00_P0_100.xmot Right=TrollFist RightUseType=55 RightGroup=7->7 NativeResult=1 OBSERVE_NATIVE=1
CORE RAW55_QUICK_CALLBACK_BOUNDARY Actor=Troll C1=1 SameC1=1 Action=4->4 Phase=1->1 StateTime=0.355731->0.355731 StatePosition=1->1 MotionBefore=Troll_Stand_Fist_Fist_P0_QuickAttackR_Hit_N_Fwd_00_%_00_P0_100.xmot MotionAfter=Troll_Stand_Fist_Fist_P0_QuickAttackR_Hit_N_Fwd_00_%_00_P0_100.xmot Right=TrollFist RightUseType=55 RightGroup=7->7 NativeResult=1 OBSERVE_NATIVE=1
CORE RAW55_QUICK_CALLBACK_BOUNDARY Actor=Troll C1=1 SameC1=1 Action=4->4 Phase=1->1 StateTime=0.364792->0.364792 StatePosition=1->1 MotionBefore=Troll_Stand_Fist_Fist_P0_QuickAttackR_Hit_N_Fwd_00_%_00_P0_100.xmot MotionAfter=Troll_Stand_Fist_Fist_P0_QuickAttackR_Hit_N_Fwd_00_%_00_P0_100.xmot Right=TrollFist RightUseType=55 RightGroup=7->7 NativeResult=1 OBSERVE_NATIVE=1
CORE RAW55_QUICK_CALLBACK_BOUNDARY Actor=Troll C1=1 SameC1=1 Action=4->4 Phase=1->1 StateTime=0.373126->0.373126 StatePosition=1->1 MotionBefore=Troll_Stand_Fist_Fist_P0_QuickAttackR_Hit_N_Fwd_00_%_00_P0_100.xmot MotionAfter=Troll_Stand_Fist_Fist_P0_QuickAttackR_Hit_N_Fwd_00_%_00_P0_100.xmot Right=TrollFist RightUseType=55 RightGroup=7->7 NativeResult=1 OBSERVE_NATIVE=1
CORE RAW55_QUICK_CALLBACK_BOUNDARY Actor=Troll C1=1 SameC1=1 Action=4->4 Phase=1->1 StateTime=0.381459->0.381459 StatePosition=1->1 MotionBefore=Troll_Stand_Fist_Fist_P0_QuickAttackR_Hit_N_Fwd_00_%_00_P0_100.xmot MotionAfter=Troll_Stand_Fist_Fist_P0_QuickAttackR_Hit_N_Fwd_00_%_00_P0_100.xmot Right=TrollFist RightUseType=55 RightGroup=7->7 NativeResult=1 OBSERVE_NATIVE=1
CORE RAW55_QUICK_CALLBACK_BOUNDARY Actor=Troll C1=1 SameC1=1 Action=4->4 Phase=1->1 StateTime=0.389792->0.389792 StatePosition=1->1 MotionBefore=Troll_Stand_Fist_Fist_P0_QuickAttackR_Hit_N_Fwd_00_%_00_P0_100.xmot MotionAfter=Troll_Stand_Fist_Fist_P0_QuickAttackR_Hit_N_Fwd_00_%_00_P0_100.xmot Right=TrollFist RightUseType=55 RightGroup=7->7 NativeResult=1 OBSERVE_NATIVE=1
CORE RAW55_QUICK_CALLBACK_BOUNDARY Actor=Troll C1=1 SameC1=1 Action=4->4 Phase=1->1 StateTime=0.401733->0.401733 StatePosition=1->1 MotionBefore=Troll_Stand_Fist_Fist_P0_QuickAttackR_Hit_N_Fwd_00_%_00_P0_100.xmot MotionAfter=Troll_Stand_Fist_Fist_P0_QuickAttackR_Hit_N_Fwd_00_%_00_P0_100.xmot Right=TrollFist RightUseType=55 RightGroup=7->7 NativeResult=1 OBSERVE_NATIVE=1
CORE RAW55_QUICK_CALLBACK_BOUNDARY Actor=Troll C1=1 SameC1=1 Action=4->4 Phase=1->1 StateTime=0.410067->0.410067 StatePosition=1->1 MotionBefore=Troll_Stand_Fist_Fist_P0_QuickAttackR_Hit_N_Fwd_00_%_00_P0_100.xmot MotionAfter=Troll_Stand_Fist_Fist_P0_QuickAttackR_Hit_N_Fwd_00_%_00_P0_100.xmot Right=TrollFist RightUseType=55 RightGroup=7->7 NativeResult=1 OBSERVE_NATIVE=1
CORE RAW55_QUICK_CALLBACK_BOUNDARY Actor=Troll C1=1 SameC1=1 Action=4->4 Phase=1->1 StateTime=0.418400->0.418400 StatePosition=1->1 MotionBefore=Troll_Stand_Fist_Fist_P0_QuickAttackR_Hit_N_Fwd_00_%_00_P0_100.xmot MotionAfter=Troll_Stand_Fist_Fist_P0_QuickAttackR_Hit_N_Fwd_00_%_00_P0_100.xmot Right=TrollFist RightUseType=55 RightGroup=7->7 NativeResult=1 OBSERVE_NATIVE=1
CORE RAW55_QUICK_CALLBACK_BOUNDARY Actor=Troll C1=1 SameC1=1 Action=4->4 Phase=1->1 StateTime=0.426733->0.426733 StatePosition=1->1 MotionBefore=Troll_Stand_Fist_Fist_P0_QuickAttackR_Hit_N_Fwd_00_%_00_P0_100.xmot MotionAfter=Troll_Stand_Fist_Fist_P0_QuickAttackR_Hit_N_Fwd_00_%_00_P0_100.xmot Right=TrollFist RightUseType=55 RightGroup=7->7 NativeResult=1 OBSERVE_NATIVE=1
CORE RAW55_QUICK_CALLBACK_BOUNDARY Actor=Troll C1=1 SameC1=1 Action=4->4 Phase=1->1 StateTime=0.435067->0.435067 StatePosition=1->1 MotionBefore=Troll_Stand_Fist_Fist_P0_QuickAttackR_Hit_N_Fwd_00_%_00_P0_100.xmot MotionAfter=Troll_Stand_Fist_Fist_P0_QuickAttackR_Hit_N_Fwd_00_%_00_P0_100.xmot Right=TrollFist RightUseType=55 RightGroup=7->7 NativeResult=1 OBSERVE_NATIVE=1
CORE RAW55_QUICK_CALLBACK_BOUNDARY Actor=Troll C1=1 SameC1=1 Action=4->4 Phase=1->1 StateTime=0.444037->0.444037 StatePosition=1->1 MotionBefore=Troll_Stand_Fist_Fist_P0_QuickAttackR_Hit_N_Fwd_00_%_00_P0_100.xmot MotionAfter=Troll_Stand_Fist_Fist_P0_QuickAttackR_Hit_N_Fwd_00_%_00_P0_100.xmot Right=TrollFist RightUseType=55 RightGroup=7->7 NativeResult=1 OBSERVE_NATIVE=1
CORE RAW55_QUICK_CALLBACK_BOUNDARY Actor=Troll C1=1 SameC1=1 Action=4->4 Phase=1->1 StateTime=0.452371->0.452371 StatePosition=1->1 MotionBefore=Troll_Stand_Fist_Fist_P0_QuickAttackR_Hit_N_Fwd_00_%_00_P0_100.xmot MotionAfter=Troll_Stand_Fist_Fist_P0_QuickAttackR_Hit_N_Fwd_00_%_00_P0_100.xmot Right=TrollFist RightUseType=55 RightGroup=7->7 NativeResult=1 OBSERVE_NATIVE=1
CORE RAW55_QUICK_CALLBACK_BOUNDARY Actor=Troll C1=1 SameC1=1 Action=4->4 Phase=1->1 StateTime=0.461327->0.461327 StatePosition=1->1 MotionBefore=Troll_Stand_Fist_Fist_P0_QuickAttackR_Hit_N_Fwd_00_%_00_P0_100.xmot MotionAfter=Troll_Stand_Fist_Fist_P0_QuickAttackR_Hit_N_Fwd_00_%_00_P0_100.xmot Right=TrollFist RightUseType=55 RightGroup=7->7 NativeResult=1 OBSERVE_NATIVE=1
CORE RAW55_QUICK_CALLBACK_BOUNDARY Actor=Troll C1=1 SameC1=1 Action=4->4 Phase=1->1 StateTime=0.469660->0.469660 StatePosition=1->1 MotionBefore=Troll_Stand_Fist_Fist_P0_QuickAttackR_Hit_N_Fwd_00_%_00_P0_100.xmot MotionAfter=Troll_Stand_Fist_Fist_P0_QuickAttackR_Hit_N_Fwd_00_%_00_P0_100.xmot Right=TrollFist RightUseType=55 RightGroup=7->7 NativeResult=1 OBSERVE_NATIVE=1
CORE RAW55_QUICK_CALLBACK_BOUNDARY Actor=Troll C1=1 SameC1=1 Action=4->4 Phase=1->1 StateTime=0.477994->0.477994 StatePosition=1->1 MotionBefore=Troll_Stand_Fist_Fist_P0_QuickAttackR_Hit_N_Fwd_00_%_00_P0_100.xmot MotionAfter=Troll_Stand_Fist_Fist_P0_QuickAttackR_Hit_N_Fwd_00_%_00_P0_100.xmot Right=TrollFist RightUseType=55 RightGroup=7->7 NativeResult=1 OBSERVE_NATIVE=1
CORE RAW55_QUICK_CALLBACK_BOUNDARY Actor=Troll C1=1 SameC1=1 Action=4->4 Phase=1->1 StateTime=0.486327->0.486327 StatePosition=1->1 MotionBefore=Troll_Stand_Fist_Fist_P0_QuickAttackR_Hit_N_Fwd_00_%_00_P0_100.xmot MotionAfter=Troll_Stand_Fist_Fist_P0_QuickAttackR_Hit_N_Fwd_00_%_00_P0_100.xmot Right=TrollFist RightUseType=55 RightGroup=7->7 NativeResult=1 OBSERVE_NATIVE=1
CORE RAW55_QUICK_CALLBACK_BOUNDARY Actor=Troll C1=1 SameC1=1 Action=4->4 Phase=1->1 StateTime=0.495283->0.495283 StatePosition=1->1 MotionBefore=Troll_Stand_Fist_Fist_P0_QuickAttackR_Hit_N_Fwd_00_%_00_P0_100.xmot MotionAfter=Troll_Stand_Fist_Fist_P0_QuickAttackR_Hit_N_Fwd_00_%_00_P0_100.xmot Right=TrollFist RightUseType=55 RightGroup=7->7 NativeResult=1 OBSERVE_NATIVE=1
CORE RAW55_QUICK_CALLBACK_BOUNDARY Actor=Troll C1=1 SameC1=1 Action=4->4 Phase=1->1 StateTime=0.503616->0.503616 StatePosition=1->1 MotionBefore=Troll_Stand_Fist_Fist_P0_QuickAttackR_Hit_N_Fwd_00_%_00_P0_100.xmot MotionAfter=Troll_Stand_Fist_Fist_P0_QuickAttackR_Hit_N_Fwd_00_%_00_P0_100.xmot Right=TrollFist RightUseType=55 RightGroup=7->7 NativeResult=1 OBSERVE_NATIVE=1
CORE C1_FINAL ElapsedMs=22874.043 Actor=PC_Hero Generation=2 Status=PERSISTED SourceCount=0 PhysicalChanged=0
CORE RAW55_QUICK_CALLBACK_BOUNDARY Actor=Troll C1=1 SameC1=1 Action=4->4 Phase=1->1 StateTime=0.513558->0.513558 StatePosition=1->1 MotionBefore=Troll_Stand_Fist_Fist_P0_QuickAttackR_Hit_N_Fwd_00_%_00_P0_100.xmot MotionAfter=Troll_Stand_Fist_Fist_P0_QuickAttackR_Hit_N_Fwd_00_%_00_P0_100.xmot Right=TrollFist RightUseType=55 RightGroup=7->7 NativeResult=1 OBSERVE_NATIVE=1
CORE RAW55_QUICK_CALLBACK_BOUNDARY Actor=Troll C1=1 SameC1=1 Action=4->4 Phase=1->1 StateTime=0.521891->0.521891 StatePosition=1->1 MotionBefore=Troll_Stand_Fist_Fist_P0_QuickAttackR_Hit_N_Fwd_00_%_00_P0_100.xmot MotionAfter=Troll_Stand_Fist_Fist_P0_QuickAttackR_Hit_N_Fwd_00_%_00_P0_100.xmot Right=TrollFist RightUseType=55 RightGroup=7->7 NativeResult=1 OBSERVE_NATIVE=1
CORE RAW55_QUICK_CALLBACK_BOUNDARY Actor=Troll C1=1 SameC1=1 Action=4->4 Phase=1->1 StateTime=0.530848->0.530848 StatePosition=1->1 MotionBefore=Troll_Stand_Fist_Fist_P0_QuickAttackR_Hit_N_Fwd_00_%_00_P0_100.xmot MotionAfter=Troll_Stand_Fist_Fist_P0_QuickAttackR_Hit_N_Fwd_00_%_00_P0_100.xmot Right=TrollFist RightUseType=55 RightGroup=7->7 NativeResult=1 OBSERVE_NATIVE=1
CORE RAW55_QUICK_CALLBACK_BOUNDARY Actor=Troll C1=1 SameC1=1 Action=4->4 Phase=1->1 StateTime=0.539181->0.539181 StatePosition=1->1 MotionBefore=Troll_Stand_Fist_Fist_P0_QuickAttackR_Hit_N_Fwd_00_%_00_P0_100.xmot MotionAfter=Troll_Stand_Fist_Fist_P0_QuickAttackR_Hit_N_Fwd_00_%_00_P0_100.xmot Right=TrollFist RightUseType=55 RightGroup=7->7 NativeResult=1 OBSERVE_NATIVE=1
CORE RAW55_QUICK_CALLBACK_BOUNDARY Actor=Troll C1=1 SameC1=1 Action=4->4 Phase=1->1 StateTime=0.548137->0.548137 StatePosition=1->1 MotionBefore=Troll_Stand_Fist_Fist_P0_QuickAttackR_Hit_N_Fwd_00_%_00_P0_100.xmot MotionAfter=Troll_Stand_Fist_Fist_P0_QuickAttackR_Hit_N_Fwd_00_%_00_P0_100.xmot Right=TrollFist RightUseType=55 RightGroup=7->7 NativeResult=1 OBSERVE_NATIVE=1
CORE RAW55_QUICK_CALLBACK_BOUNDARY Actor=Troll C1=1 SameC1=1 Action=4->4 Phase=1->1 StateTime=0.556471->0.556471 StatePosition=1->1 MotionBefore=Troll_Stand_Fist_Fist_P0_QuickAttackR_Hit_N_Fwd_00_%_00_P0_100.xmot MotionAfter=Troll_Stand_Fist_Fist_P0_QuickAttackR_Hit_N_Fwd_00_%_00_P0_100.xmot Right=TrollFist RightUseType=55 RightGroup=7->7 NativeResult=1 OBSERVE_NATIVE=1
CORE RAW55_QUICK_CALLBACK_BOUNDARY Actor=Troll C1=1 SameC1=1 Action=4->4 Phase=1->1 StateTime=0.564804->0.564804 StatePosition=1->1 MotionBefore=Troll_Stand_Fist_Fist_P0_QuickAttackR_Hit_N_Fwd_00_%_00_P0_100.xmot MotionAfter=Troll_Stand_Fist_Fist_P0_QuickAttackR_Hit_N_Fwd_00_%_00_P0_100.xmot Right=TrollFist RightUseType=55 RightGroup=7->7 NativeResult=1 OBSERVE_NATIVE=1
CORE RAW55_QUICK_CALLBACK_BOUNDARY Actor=Troll C1=1 SameC1=1 Action=4->4 Phase=1->1 StateTime=0.573760->0.573760 StatePosition=1->1 MotionBefore=Troll_Stand_Fist_Fist_P0_QuickAttackR_Hit_N_Fwd_00_%_00_P0_100.xmot MotionAfter=Troll_Stand_Fist_Fist_P0_QuickAttackR_Hit_N_Fwd_00_%_00_P0_100.xmot Right=TrollFist RightUseType=55 RightGroup=7->7 NativeResult=1 OBSERVE_NATIVE=1
CORE RAW55_QUICK_CALLBACK_BOUNDARY Actor=Troll C1=1 SameC1=1 Action=4->4 Phase=1->1 StateTime=0.582093->0.582093 StatePosition=1->1 MotionBefore=Troll_Stand_Fist_Fist_P0_QuickAttackR_Hit_N_Fwd_00_%_00_P0_100.xmot MotionAfter=Troll_Stand_Fist_Fist_P0_QuickAttackR_Hit_N_Fwd_00_%_00_P0_100.xmot Right=TrollFist RightUseType=55 RightGroup=7->7 NativeResult=1 OBSERVE_NATIVE=1
===== CORE MARKER ANOMALY / DISCOVERY =====
ElapsedMs: 22939.987
Actor: Troll
Action: 4
Family: QUICK
AniPhase: 1
StatePosition: 1
CurrentMovementAni: Troll_Stand_Fist_Fist_P0_QuickAttackR_Hit_N_Fwd_00_%_00_P0_100.xmot
MarkerName: G3AB_COL_FIST
MarkerOpcode: FIST
Result: UNSUPPORTED_MISSING_SOURCE
C1GenerationValid: 1
C1Generation: 1
RequiredSourceMask: 0
MissingSourceMask: 0
RightSourceSlot: RIGHT
RightSourceName: TrollFist
RightSourceUseType: 55
RightSourceCollisionGroup: 7
LeftSourceSlot: LEFT
LeftSourceName: TrollFist
LeftSourceUseType: 55
LeftSourceCollisionGroup: 5
Raw8FistSourceName: <none>
Raw8FistSourceUseType: -1
Raw8FistSourceCollisionGroup: -1
===========================================

CORE RAW55_QUICK_REPEAT_FIST_ELIGIBILITY Actor=Troll Action=4 StatePosition=1 StateTime=0.592035 MarkerOpcode=4 ResultOpcode=4 ResultCode=2 CurrentC1Valid=1 CurrentC1=1 StoredC1=1 SameC1=1 CurrentRight=E6EAF010 StoredRight=E6EAF010 SameRight=1 ResultRightMatchesStored=1 RightUseType=55 RightGroup=7 InterventionUsed=1 PreStateFistProven=1 LaterFistRearmUsed=0 DecisionFoundMotion=1 DecisionScanValid=1 DecisionMarkerPresent=1 DecisionHasFist=1 DecisionFistCount=2 DecisionRightCount=0 DecisionLeftCount=0 DecisionBothCount=0 DecisionOffCount=0 RequiredSourceMask=0 Raw8ResolverAbsent=1 QuickHit=1 Eligible=1 FirstFailedGate=NONE
CORE RAW55_QUICK_REPEAT_FIST_REARM_PROBE Actor=Troll C1=1 Action=4 StatePosition=1 StateTime=0.592035 Right=TrollFist RightUseType=55 RightGroup=7 DecisionFistCount=2 FirstPreStateProof=1 LaterDispatchOrdinal=2 ClearTriggeredList=1 REPEAT_FIST_REARM=1
CORE RAW55_QUICK_CALLBACK_BOUNDARY Actor=Troll C1=1 SameC1=1 Action=4->4 Phase=1->1 StateTime=0.592035->0.592035 StatePosition=1->1 MotionBefore=Troll_Stand_Fist_Fist_P0_QuickAttackR_Hit_N_Fwd_00_%_00_P0_100.xmot MotionAfter=Troll_Stand_Fist_Fist_P0_QuickAttackR_Hit_N_Fwd_00_%_00_P0_100.xmot Right=TrollFist RightUseType=55 RightGroup=7->7 NativeResult=1 OBSERVE_NATIVE=1
CORE RAW55_QUICK_CALLBACK_BOUNDARY Actor=Troll C1=1 SameC1=1 Action=4->4 Phase=1->1 StateTime=0.600368->0.600368 StatePosition=1->1 MotionBefore=Troll_Stand_Fist_Fist_P0_QuickAttackR_Hit_N_Fwd_00_%_00_P0_100.xmot MotionAfter=Troll_Stand_Fist_Fist_P0_QuickAttackR_Hit_N_Fwd_00_%_00_P0_100.xmot Right=TrollFist RightUseType=55 RightGroup=7->7 NativeResult=1 OBSERVE_NATIVE=1
CORE RAW55_QUICK_CALLBACK_BOUNDARY Actor=Troll C1=1 SameC1=1 Action=4->4 Phase=1->1 StateTime=0.608701->0.608701 StatePosition=1->1 MotionBefore=Troll_Stand_Fist_Fist_P0_QuickAttackR_Hit_N_Fwd_00_%_00_P0_100.xmot MotionAfter=Troll_Stand_Fist_Fist_P0_QuickAttackR_Hit_N_Fwd_00_%_00_P0_100.xmot Right=TrollFist RightUseType=55 RightGroup=7->7 NativeResult=1 OBSERVE_NATIVE=1
CORE RAW55_QUICK_CALLBACK_BOUNDARY Actor=Troll C1=1 SameC1=1 Action=4->4 Phase=1->1 StateTime=0.617035->0.617035 StatePosition=1->1 MotionBefore=Troll_Stand_Fist_Fist_P0_QuickAttackR_Hit_N_Fwd_00_%_00_P0_100.xmot MotionAfter=Troll_Stand_Fist_Fist_P0_QuickAttackR_Hit_N_Fwd_00_%_00_P0_100.xmot Right=TrollFist RightUseType=55 RightGroup=7->7 NativeResult=1 OBSERVE_NATIVE=1
CORE RAW55_QUICK_CALLBACK_BOUNDARY Actor=Troll C1=1 SameC1=1 Action=4->4 Phase=1->1 StateTime=0.625368->0.625368 StatePosition=1->1 MotionBefore=Troll_Stand_Fist_Fist_P0_QuickAttackR_Hit_N_Fwd_00_%_00_P0_100.xmot MotionAfter=Troll_Stand_Fist_Fist_P0_QuickAttackR_Hit_N_Fwd_00_%_00_P0_100.xmot Right=TrollFist RightUseType=55 RightGroup=7->7 NativeResult=1 OBSERVE_NATIVE=1
CORE RAW55_QUICK_CALLBACK_BOUNDARY Actor=Troll C1=1 SameC1=1 Action=4->4 Phase=1->1 StateTime=0.635324->0.635324 StatePosition=1->1 MotionBefore=Troll_Stand_Fist_Fist_P0_QuickAttackR_Hit_N_Fwd_00_%_00_P0_100.xmot MotionAfter=Troll_Stand_Fist_Fist_P0_QuickAttackR_Hit_N_Fwd_00_%_00_P0_100.xmot Right=TrollFist RightUseType=55 RightGroup=7->7 NativeResult=1 OBSERVE_NATIVE=1
CORE RAW55_QUICK_CALLBACK_BOUNDARY Actor=Troll C1=1 SameC1=1 Action=4->4 Phase=1->1 StateTime=0.643657->0.643657 StatePosition=1->1 MotionBefore=Troll_Stand_Fist_Fist_P0_QuickAttackR_Hit_N_Fwd_00_%_00_P0_100.xmot MotionAfter=Troll_Stand_Fist_Fist_P0_QuickAttackR_Hit_N_Fwd_00_%_00_P0_100.xmot Right=TrollFist RightUseType=55 RightGroup=7->7 NativeResult=1 OBSERVE_NATIVE=1
CORE RAW55_QUICK_CALLBACK_BOUNDARY Actor=Troll C1=1 SameC1=1 Action=4->4 Phase=1->1 StateTime=0.651990->0.651990 StatePosition=1->1 MotionBefore=Troll_Stand_Fist_Fist_P0_QuickAttackR_Hit_N_Fwd_00_%_00_P0_100.xmot MotionAfter=Troll_Stand_Fist_Fist_P0_QuickAttackR_Hit_N_Fwd_00_%_00_P0_100.xmot Right=TrollFist RightUseType=55 RightGroup=7->7 NativeResult=1 OBSERVE_NATIVE=1
CORE RAW55_QUICK_CALLBACK_BOUNDARY Actor=Troll C1=1 SameC1=1 Action=4->4 Phase=1->1 StateTime=0.660324->0.660324 StatePosition=1->1 MotionBefore=Troll_Stand_Fist_Fist_P0_QuickAttackR_Hit_N_Fwd_00_%_00_P0_100.xmot MotionAfter=Troll_Stand_Fist_Fist_P0_QuickAttackR_Hit_N_Fwd_00_%_00_P0_100.xmot Right=TrollFist RightUseType=55 RightGroup=7->7 NativeResult=1 OBSERVE_NATIVE=1
CORE RAW55_QUICK_CALLBACK_BOUNDARY Actor=Troll C1=1 SameC1=1 Action=4->4 Phase=1->1 StateTime=0.668657->0.668657 StatePosition=1->1 MotionBefore=Troll_Stand_Fist_Fist_P0_QuickAttackR_Hit_N_Fwd_00_%_00_P0_100.xmot MotionAfter=Troll_Stand_Fist_Fist_P0_QuickAttackR_Hit_N_Fwd_00_%_00_P0_100.xmot Right=TrollFist RightUseType=55 RightGroup=7->7 NativeResult=1 OBSERVE_NATIVE=1
CORE RAW55_QUICK_CALLBACK_BOUNDARY Actor=Troll C1=1 SameC1=1 Action=4->4 Phase=1->1 StateTime=0.676990->0.676990 StatePosition=1->1 MotionBefore=Troll_Stand_Fist_Fist_P0_QuickAttackR_Hit_N_Fwd_00_%_00_P0_100.xmot MotionAfter=Troll_Stand_Fist_Fist_P0_QuickAttackR_Hit_N_Fwd_00_%_00_P0_100.xmot Right=TrollFist RightUseType=55 RightGroup=7->7 NativeResult=1 OBSERVE_NATIVE=1
CORE RAW55_QUICK_CALLBACK_BOUNDARY Actor=Troll C1=1 SameC1=1 Action=4->4 Phase=1->1 StateTime=0.685324->0.685324 StatePosition=1->1 MotionBefore=Troll_Stand_Fist_Fist_P0_QuickAttackR_Hit_N_Fwd_00_%_00_P0_100.xmot MotionAfter=Troll_Stand_Fist_Fist_P0_QuickAttackR_Hit_N_Fwd_00_%_00_P0_100.xmot Right=TrollFist RightUseType=55 RightGroup=7->7 NativeResult=1 OBSERVE_NATIVE=1
CORE RAW55_QUICK_CALLBACK_BOUNDARY Actor=Troll C1=1 SameC1=1 Action=4->4 Phase=1->1 StateTime=0.694294->0.694294 StatePosition=1->1 MotionBefore=Troll_Stand_Fist_Fist_P0_QuickAttackR_Hit_N_Fwd_00_%_00_P0_100.xmot MotionAfter=Troll_Stand_Fist_Fist_P0_QuickAttackR_Hit_N_Fwd_00_%_00_P0_100.xmot Right=TrollFist RightUseType=55 RightGroup=7->7 NativeResult=1 OBSERVE_NATIVE=1
CORE RAW55_QUICK_CALLBACK_BOUNDARY Actor=Troll C1=1 SameC1=1 Action=4->4 Phase=1->1 StateTime=0.702628->0.702628 StatePosition=1->1 MotionBefore=Troll_Stand_Fist_Fist_P0_QuickAttackR_Hit_N_Fwd_00_%_00_P0_100.xmot MotionAfter=Troll_Stand_Fist_Fist_P0_QuickAttackR_Hit_N_Fwd_00_%_00_P0_100.xmot Right=TrollFist RightUseType=55 RightGroup=7->7 NativeResult=1 OBSERVE_NATIVE=1
CORE RAW55_QUICK_CALLBACK_BOUNDARY Actor=Troll C1=1 SameC1=1 Action=4->4 Phase=1->1 StateTime=0.711598->0.711598 StatePosition=1->1 MotionBefore=Troll_Stand_Fist_Fist_P0_QuickAttackR_Hit_N_Fwd_00_%_00_P0_100.xmot MotionAfter=Troll_Stand_Fist_Fist_P0_QuickAttackR_Hit_N_Fwd_00_%_00_P0_100.xmot Right=TrollFist RightUseType=55 RightGroup=7->7 NativeResult=1 OBSERVE_NATIVE=1
CORE RAW55_QUICK_CALLBACK_BOUNDARY Actor=Troll C1=1 SameC1=1 Action=4->4 Phase=1->1 StateTime=0.719932->0.719932 StatePosition=1->1 MotionBefore=Troll_Stand_Fist_Fist_P0_QuickAttackR_Hit_N_Fwd_00_%_00_P0_100.xmot MotionAfter=Troll_Stand_Fist_Fist_P0_QuickAttackR_Hit_N_Fwd_00_%_00_P0_100.xmot Right=TrollFist RightUseType=55 RightGroup=7->7 NativeResult=1 OBSERVE_NATIVE=1
CORE RAW55_QUICK_CALLBACK_BOUNDARY Actor=Troll C1=1 SameC1=1 Action=4->4 Phase=1->1 StateTime=0.728265->0.728265 StatePosition=1->1 MotionBefore=Troll_Stand_Fist_Fist_P0_QuickAttackR_Hit_N_Fwd_00_%_00_P0_100.xmot MotionAfter=Troll_Stand_Fist_Fist_P0_QuickAttackR_Hit_N_Fwd_00_%_00_P0_100.xmot Right=TrollFist RightUseType=55 RightGroup=7->7 NativeResult=1 OBSERVE_NATIVE=1
CORE RAW55_QUICK_CALLBACK_BOUNDARY Actor=Troll C1=1 SameC1=1 Action=4->4 Phase=1->1 StateTime=0.738235->0.738235 StatePosition=1->1 MotionBefore=Troll_Stand_Fist_Fist_P0_QuickAttackR_Hit_N_Fwd_00_%_00_P0_100.xmot MotionAfter=Troll_Stand_Fist_Fist_P0_QuickAttackR_Hit_N_Fwd_00_%_00_P0_100.xmot Right=TrollFist RightUseType=55 RightGroup=7->7 NativeResult=1 OBSERVE_NATIVE=1
CORE RAW55_QUICK_CALLBACK_BOUNDARY Actor=Troll C1=1 SameC1=1 Action=4->4 Phase=1->1 StateTime=0.746568->0.746568 StatePosition=1->1 MotionBefore=Troll_Stand_Fist_Fist_P0_QuickAttackR_Hit_N_Fwd_00_%_00_P0_100.xmot MotionAfter=Troll_Stand_Fist_Fist_P0_QuickAttackR_Hit_N_Fwd_00_%_00_P0_100.xmot Right=TrollFist RightUseType=55 RightGroup=7->7 NativeResult=1 OBSERVE_NATIVE=1
CORE RAW55_QUICK_CALLBACK_BOUNDARY Actor=Troll C1=1 SameC1=1 Action=4->4 Phase=1->1 StateTime=0.758495->0.758495 StatePosition=1->1 MotionBefore=Troll_Stand_Fist_Fist_P0_QuickAttackR_Hit_N_Fwd_00_%_00_P0_100.xmot MotionAfter=Troll_Stand_Fist_Fist_P0_QuickAttackR_Hit_N_Fwd_00_%_00_P0_100.xmot Right=TrollFist RightUseType=55 RightGroup=7->7 NativeResult=1 OBSERVE_NATIVE=1
CORE RAW55_QUICK_CALLBACK_BOUNDARY Actor=Troll C1=1 SameC1=1 Action=4->4 Phase=1->1 StateTime=0.766828->0.766828 StatePosition=1->1 MotionBefore=Troll_Stand_Fist_Fist_P0_QuickAttackR_Hit_N_Fwd_00_%_00_P0_100.xmot MotionAfter=Troll_Stand_Fist_Fist_P0_QuickAttackR_Hit_N_Fwd_00_%_00_P0_100.xmot Right=TrollFist RightUseType=55 RightGroup=7->7 NativeResult=1 OBSERVE_NATIVE=1
CORE COLLISION_GROUP ElapsedMs=23156.356 Source=TrollFist UseType=55 Owner=Troll Slot=RIGHT Requested=5 Before=7 After=5 MarkerBitsRetired=0
CORE C1 CLEANUP FULFILLED ElapsedMs=23156.377 Actor=Troll Generation=1 Status=PERSISTED Source=TrollFist Side=RIGHT Requests=2 Outstanding=0 CleanupObserved=1 Group=5
CORE C1_FINAL ElapsedMs=23250.299 Actor=Troll Generation=1 Status=PERSISTED SourceCount=2 PhysicalChanged=0 Source[0]=TrollFist Side=RIGHT Outstanding=0 Cleanup=1 Outcome=NO_OP_NO_OUTSTANDING Source[1]=TrollFist Side=LEFT Outstanding=0 Cleanup=0 Outcome=NO_OP_NO_OUTSTANDING
CORE C1_START ElapsedMs=24480.593 Actor=Troll Generation=3 Status=CANDIDATE Outstanding=0 TrackedSources=2 ReplacedGeneration=0 ReplacedOutstanding=0 Source[0]=TrollFist Side=RIGHT Group=5 Source[1]=TrollFist Side=LEFT Group=5
CORE C1_BIND ElapsedMs=24480.607 Event=COMBAT_MOVE_CANDIDATE_BOUND Actor=Troll Generation=3 Status=CANDIDATE Outstanding=0 Source=<null> Script=_AI_QuickAttack
CORE C1_STATUS ElapsedMs=24481.028 Event=PERSISTED Actor=Troll Generation=3 Status=PERSISTED Outstanding=0
CORE ATTACK_OWNERSHIP ElapsedMs=24481.051 Actor=Troll Family=QUICK Action=5 Phase=1 Motion=Troll_Stand_Fist_Fist_P0_QuickAttackL_Hit_N_Fwd_00_%_00_P0_100.xmot MarkerPresent=1 RequiredMask=0 FistMarkers=1 Raw8Fist=<none> Raw8UseType=-1 SuppressNative=0 Classification=CONTRADICTION
===== CORE ATTACK OWNERSHIP ANOMALY =====
MatchingMotionFound: 1
MarkerScanValid: 1
RequiredSourcesAvailable: 1
RightSourceSlot: RIGHT
RightSourceName: TrollFist
RightSourceUseType: 55
RightSourceCollisionGroup: 5
LeftSourceSlot: LEFT
LeftSourceName: TrollFist
LeftSourceUseType: 55
LeftSourceCollisionGroup: 5
Raw8FistSourceName: <none>
Raw8FistSourceUseType: -1
Raw8FistSourceCollisionGroup: -1
=========================================

CORE RAW55_QUICK_CALLBACK_BOUNDARY Actor=Troll C1=3 SameC1=1 Action=5->5 Phase=1->1 StateTime=0.000000->0.000000 StatePosition=0->0 MotionBefore=Troll_Stand_Fist_Fist_P0_QuickAttackL_Hit_N_Fwd_00_%_00_P0_100.xmot MotionAfter=Troll_Stand_Fist_Fist_P0_QuickAttackL_Hit_N_Fwd_00_%_00_P0_100.xmot Right=TrollFist RightUseType=55 RightGroup=5->5 NativeResult=1 OBSERVE_NATIVE=1
CORE RAW55_QUICK_CALLBACK_BOUNDARY Actor=Troll C1=3 SameC1=1 Action=5->5 Phase=1->1 StateTime=0.008333->0.008333 StatePosition=0->0 MotionBefore=Troll_Stand_Fist_Fist_P0_QuickAttackL_Hit_N_Fwd_00_%_00_P0_100.xmot MotionAfter=Troll_Stand_Fist_Fist_P0_QuickAttackL_Hit_N_Fwd_00_%_00_P0_100.xmot Right=TrollFist RightUseType=55 RightGroup=5->5 NativeResult=1 OBSERVE_NATIVE=1
CORE RAW55_QUICK_CALLBACK_BOUNDARY Actor=Troll C1=3 SameC1=1 Action=5->5 Phase=1->1 StateTime=0.019260->0.019260 StatePosition=0->0 MotionBefore=Troll_Stand_Fist_Fist_P0_QuickAttackL_Hit_N_Fwd_00_%_00_P0_100.xmot MotionAfter=Troll_Stand_Fist_Fist_P0_QuickAttackL_Hit_N_Fwd_00_%_00_P0_100.xmot Right=TrollFist RightUseType=55 RightGroup=5->5 NativeResult=1 OBSERVE_NATIVE=1
CORE RAW55_QUICK_CALLBACK_BOUNDARY Actor=Troll C1=3 SameC1=1 Action=5->5 Phase=1->1 StateTime=0.027593->0.027593 StatePosition=0->0 MotionBefore=Troll_Stand_Fist_Fist_P0_QuickAttackL_Hit_N_Fwd_00_%_00_P0_100.xmot MotionAfter=Troll_Stand_Fist_Fist_P0_QuickAttackL_Hit_N_Fwd_00_%_00_P0_100.xmot Right=TrollFist RightUseType=55 RightGroup=5->5 NativeResult=1 OBSERVE_NATIVE=1
CORE RAW55_QUICK_CALLBACK_BOUNDARY Actor=Troll C1=3 SameC1=1 Action=5->5 Phase=1->1 StateTime=0.036564->0.036564 StatePosition=0->0 MotionBefore=Troll_Stand_Fist_Fist_P0_QuickAttackL_Hit_N_Fwd_00_%_00_P0_100.xmot MotionAfter=Troll_Stand_Fist_Fist_P0_QuickAttackL_Hit_N_Fwd_00_%_00_P0_100.xmot Right=TrollFist RightUseType=55 RightGroup=5->5 NativeResult=1 OBSERVE_NATIVE=1
===== CORE MARKER ANOMALY / DISCOVERY =====
ElapsedMs: 24513.254
Actor: Troll
Action: 5
Family: QUICK
AniPhase: 1
StatePosition: 0
CurrentMovementAni: Troll_Stand_Fist_Fist_P0_QuickAttackL_Hit_N_Fwd_00_%_00_P0_100.xmot
MarkerName: G3AB_COL_FIST
MarkerOpcode: FIST
Result: UNSUPPORTED_MISSING_SOURCE
C1GenerationValid: 1
C1Generation: 3
RequiredSourceMask: 0
MissingSourceMask: 0
RightSourceSlot: RIGHT
RightSourceName: TrollFist
RightSourceUseType: 55
RightSourceCollisionGroup: 5
LeftSourceSlot: LEFT
LeftSourceName: TrollFist
LeftSourceUseType: 55
LeftSourceCollisionGroup: 5
Raw8FistSourceName: <none>
Raw8FistSourceUseType: -1
Raw8FistSourceCollisionGroup: -1
===========================================

CORE COLLISION_GROUP ElapsedMs=24513.291 Source=TrollFist UseType=55 Owner=Troll Slot=RIGHT Requested=7 Before=5 After=7 MarkerBitsRetired=0
CORE C1 OFFENSE REQUEST ElapsedMs=24513.300 Actor=Troll Generation=3 Status=PERSISTED Source=TrollFist Side=RIGHT Requests=1 Outstanding=1 CleanupObserved=0 Group=7
CORE RAW55_QUICK_PRESTATE_FIST_PROBE Actor=Troll C1=3 Action=5 StatePosition=0 StateTime=0.044898 Right=TrollFist RightUseType=55 GroupBefore=5 RequestedGroup=7 GroupAfter=7 ClearTriggeredList=1 PRESTATE_FIST=1
CORE RAW55_QUICK_CALLBACK_BOUNDARY Actor=Troll C1=3 SameC1=1 Action=5->5 Phase=1->1 StateTime=0.044898->0.044898 StatePosition=0->0 MotionBefore=Troll_Stand_Fist_Fist_P0_QuickAttackL_Hit_N_Fwd_00_%_00_P0_100.xmot MotionAfter=Troll_Stand_Fist_Fist_P0_QuickAttackL_Hit_N_Fwd_00_%_00_P0_100.xmot Right=TrollFist RightUseType=55 RightGroup=7->7 NativeResult=1 OBSERVE_NATIVE=1
CORE RAW55_QUICK_CALLBACK_BOUNDARY Actor=Troll C1=3 SameC1=1 Action=5->5 Phase=1->1 StateTime=0.054839->0.054839 StatePosition=0->0 MotionBefore=Troll_Stand_Fist_Fist_P0_QuickAttackL_Hit_N_Fwd_00_%_00_P0_100.xmot MotionAfter=Troll_Stand_Fist_Fist_P0_QuickAttackL_Hit_N_Fwd_00_%_00_P0_100.xmot Right=TrollFist RightUseType=55 RightGroup=7->7 NativeResult=1 OBSERVE_NATIVE=1
CORE RAW55_QUICK_CALLBACK_BOUNDARY Actor=Troll C1=3 SameC1=1 Action=5->5 Phase=1->1 StateTime=0.063173->0.063173 StatePosition=0->0 MotionBefore=Troll_Stand_Fist_Fist_P0_QuickAttackL_Hit_N_Fwd_00_%_00_P0_100.xmot MotionAfter=Troll_Stand_Fist_Fist_P0_QuickAttackL_Hit_N_Fwd_00_%_00_P0_100.xmot Right=TrollFist RightUseType=55 RightGroup=7->7 NativeResult=1 OBSERVE_NATIVE=1
CORE RAW55_QUICK_CALLBACK_BOUNDARY Actor=Troll C1=3 SameC1=1 Action=5->5 Phase=1->1 StateTime=0.071506->0.071506 StatePosition=0->0 MotionBefore=Troll_Stand_Fist_Fist_P0_QuickAttackL_Hit_N_Fwd_00_%_00_P0_100.xmot MotionAfter=Troll_Stand_Fist_Fist_P0_QuickAttackL_Hit_N_Fwd_00_%_00_P0_100.xmot Right=TrollFist RightUseType=55 RightGroup=7->7 NativeResult=1 OBSERVE_NATIVE=1
CORE RAW55_QUICK_CALLBACK_BOUNDARY Actor=Troll C1=3 SameC1=1 Action=5->5 Phase=1->1 StateTime=0.081476->0.081476 StatePosition=0->0 MotionBefore=Troll_Stand_Fist_Fist_P0_QuickAttackL_Hit_N_Fwd_00_%_00_P0_100.xmot MotionAfter=Troll_Stand_Fist_Fist_P0_QuickAttackL_Hit_N_Fwd_00_%_00_P0_100.xmot Right=TrollFist RightUseType=55 RightGroup=7->7 NativeResult=1 OBSERVE_NATIVE=1
CORE RAW55_QUICK_CALLBACK_BOUNDARY Actor=Troll C1=3 SameC1=1 Action=5->5 Phase=1->1 StateTime=0.089810->0.089810 StatePosition=0->0 MotionBefore=Troll_Stand_Fist_Fist_P0_QuickAttackL_Hit_N_Fwd_00_%_00_P0_100.xmot MotionAfter=Troll_Stand_Fist_Fist_P0_QuickAttackL_Hit_N_Fwd_00_%_00_P0_100.xmot Right=TrollFist RightUseType=55 RightGroup=7->7 NativeResult=1 OBSERVE_NATIVE=1
CORE RAW55_QUICK_CALLBACK_BOUNDARY Actor=Troll C1=3 SameC1=1 Action=5->5 Phase=1->1 StateTime=0.098143->0.098143 StatePosition=0->0 MotionBefore=Troll_Stand_Fist_Fist_P0_QuickAttackL_Hit_N_Fwd_00_%_00_P0_100.xmot MotionAfter=Troll_Stand_Fist_Fist_P0_QuickAttackL_Hit_N_Fwd_00_%_00_P0_100.xmot Right=TrollFist RightUseType=55 RightGroup=7->7 NativeResult=1 OBSERVE_NATIVE=1
CORE COLLISION_GROUP ElapsedMs=24574.959 Source=TrollFist UseType=55 Owner=Troll Slot=RIGHT Requested=7 Before=7 After=7 MarkerBitsRetired=0
CORE C1 OFFENSE REQUEST ElapsedMs=24574.988 Actor=Troll Generation=3 Status=PERSISTED Source=TrollFist Side=RIGHT Requests=2 Outstanding=1 CleanupObserved=0 Group=7
CORE RAW55_QUICK_CALLBACK_BOUNDARY Actor=Troll C1=3 SameC1=1 Action=5->5 Phase=1->1 StateTime=0.106476->0.106476 StatePosition=0->1 MotionBefore=Troll_Stand_Fist_Fist_P0_QuickAttackL_Hit_N_Fwd_00_%_00_P0_100.xmot MotionAfter=Troll_Stand_Fist_Fist_P0_QuickAttackL_Hit_N_Fwd_00_%_00_P0_100.xmot Right=TrollFist RightUseType=55 RightGroup=7->7 NativeResult=1 OBSERVE_NATIVE=1
CORE RAW55_QUICK_CALLBACK_BOUNDARY Actor=Troll C1=3 SameC1=1 Action=5->5 Phase=1->1 StateTime=0.115432->0.115432 StatePosition=1->1 MotionBefore=Troll_Stand_Fist_Fist_P0_QuickAttackL_Hit_N_Fwd_00_%_00_P0_100.xmot MotionAfter=Troll_Stand_Fist_Fist_P0_QuickAttackL_Hit_N_Fwd_00_%_00_P0_100.xmot Right=TrollFist RightUseType=55 RightGroup=7->7 NativeResult=1 OBSERVE_NATIVE=1
CORE RAW55_QUICK_CALLBACK_BOUNDARY Actor=Troll C1=3 SameC1=1 Action=5->5 Phase=1->1 StateTime=0.123766->0.123766 StatePosition=1->1 MotionBefore=Troll_Stand_Fist_Fist_P0_QuickAttackL_Hit_N_Fwd_00_%_00_P0_100.xmot MotionAfter=Troll_Stand_Fist_Fist_P0_QuickAttackL_Hit_N_Fwd_00_%_00_P0_100.xmot Right=TrollFist RightUseType=55 RightGroup=7->7 NativeResult=1 OBSERVE_NATIVE=1
CORE RAW55_QUICK_CALLBACK_BOUNDARY Actor=Troll C1=3 SameC1=1 Action=5->5 Phase=1->1 StateTime=0.133707->0.133707 StatePosition=1->1 MotionBefore=Troll_Stand_Fist_Fist_P0_QuickAttackL_Hit_N_Fwd_00_%_00_P0_100.xmot MotionAfter=Troll_Stand_Fist_Fist_P0_QuickAttackL_Hit_N_Fwd_00_%_00_P0_100.xmot Right=TrollFist RightUseType=55 RightGroup=7->7 NativeResult=1 OBSERVE_NATIVE=1
CORE RAW55_QUICK_CALLBACK_BOUNDARY Actor=Troll C1=3 SameC1=1 Action=5->5 Phase=1->1 StateTime=0.142040->0.142040 StatePosition=1->1 MotionBefore=Troll_Stand_Fist_Fist_P0_QuickAttackL_Hit_N_Fwd_00_%_00_P0_100.xmot MotionAfter=Troll_Stand_Fist_Fist_P0_QuickAttackL_Hit_N_Fwd_00_%_00_P0_100.xmot Right=TrollFist RightUseType=55 RightGroup=7->7 NativeResult=1 OBSERVE_NATIVE=1
CORE RAW55_QUICK_CALLBACK_BOUNDARY Actor=Troll C1=3 SameC1=1 Action=5->5 Phase=1->1 StateTime=0.150374->0.150374 StatePosition=1->1 MotionBefore=Troll_Stand_Fist_Fist_P0_QuickAttackL_Hit_N_Fwd_00_%_00_P0_100.xmot MotionAfter=Troll_Stand_Fist_Fist_P0_QuickAttackL_Hit_N_Fwd_00_%_00_P0_100.xmot Right=TrollFist RightUseType=55 RightGroup=7->7 NativeResult=1 OBSERVE_NATIVE=1
CORE RAW55_QUICK_CALLBACK_BOUNDARY Actor=Troll C1=3 SameC1=1 Action=5->5 Phase=1->1 StateTime=0.158707->0.158707 StatePosition=1->1 MotionBefore=Troll_Stand_Fist_Fist_P0_QuickAttackL_Hit_N_Fwd_00_%_00_P0_100.xmot MotionAfter=Troll_Stand_Fist_Fist_P0_QuickAttackL_Hit_N_Fwd_00_%_00_P0_100.xmot Right=TrollFist RightUseType=55 RightGroup=7->7 NativeResult=1 OBSERVE_NATIVE=1
CORE RAW55_QUICK_CALLBACK_BOUNDARY Actor=Troll C1=3 SameC1=1 Action=5->5 Phase=1->1 StateTime=0.167040->0.167040 StatePosition=1->1 MotionBefore=Troll_Stand_Fist_Fist_P0_QuickAttackL_Hit_N_Fwd_00_%_00_P0_100.xmot MotionAfter=Troll_Stand_Fist_Fist_P0_QuickAttackL_Hit_N_Fwd_00_%_00_P0_100.xmot Right=TrollFist RightUseType=55 RightGroup=7->7 NativeResult=1 OBSERVE_NATIVE=1
CORE RAW55_QUICK_CALLBACK_BOUNDARY Actor=Troll C1=3 SameC1=1 Action=5->5 Phase=1->1 StateTime=0.175374->0.175374 StatePosition=1->1 MotionBefore=Troll_Stand_Fist_Fist_P0_QuickAttackL_Hit_N_Fwd_00_%_00_P0_100.xmot MotionAfter=Troll_Stand_Fist_Fist_P0_QuickAttackL_Hit_N_Fwd_00_%_00_P0_100.xmot Right=TrollFist RightUseType=55 RightGroup=7->7 NativeResult=1 OBSERVE_NATIVE=1
CORE RAW55_QUICK_CALLBACK_BOUNDARY Actor=Troll C1=3 SameC1=1 Action=5->5 Phase=1->1 StateTime=0.183707->0.183707 StatePosition=1->1 MotionBefore=Troll_Stand_Fist_Fist_P0_QuickAttackL_Hit_N_Fwd_00_%_00_P0_100.xmot MotionAfter=Troll_Stand_Fist_Fist_P0_QuickAttackL_Hit_N_Fwd_00_%_00_P0_100.xmot Right=TrollFist RightUseType=55 RightGroup=7->7 NativeResult=1 OBSERVE_NATIVE=1
CORE ONDAMAGE ElapsedMs=24646.277 Ordinal=2 Target=PC_Hero Arg1=PC_Hero Arg2=PC_Hero Caller=Game.dll+0x00069484 PlayerAction=0 PlayerPhase=5 PlayerMotion=Hero_Stand_None_None_P0_Ambient_Loop_N_Fwd_00_%_02_P0_0.xmot Raw8Fist=<none> Raw8UseType=-1 Raw8Group=-1
CORE RAW55_QUICK_CALLBACK_BOUNDARY Actor=Troll C1=3 SameC1=1 Action=5->5 Phase=1->1 StateTime=0.192678->0.192678 StatePosition=1->1 MotionBefore=Troll_Stand_Fist_Fist_P0_QuickAttackL_Hit_N_Fwd_00_%_00_P0_100.xmot MotionAfter=Troll_Stand_Fist_Fist_P0_QuickAttackL_Hit_N_Fwd_00_%_00_P0_100.xmot Right=TrollFist RightUseType=55 RightGroup=7->7 NativeResult=1 OBSERVE_NATIVE=1
CORE C1_START ElapsedMs=24655.825 Actor=PC_Hero Generation=4 Status=CANDIDATE Outstanding=0 TrackedSources=0 ReplacedGeneration=0 ReplacedOutstanding=0
CORE C1_BIND ElapsedMs=24655.834 Event=COMBAT_MOVE_CANDIDATE_BOUND Actor=PC_Hero Generation=4 Status=CANDIDATE Outstanding=0 Source=<null> Script=_AI_Stumble
CORE C1_STATUS ElapsedMs=24655.886 Event=PERSISTED Actor=PC_Hero Generation=4 Status=PERSISTED Outstanding=0
CORE RAW55_QUICK_CALLBACK_BOUNDARY Actor=Troll C1=3 SameC1=1 Action=5->5 Phase=1->1 StateTime=0.201011->0.201011 StatePosition=1->1 MotionBefore=Troll_Stand_Fist_Fist_P0_QuickAttackL_Hit_N_Fwd_00_%_00_P0_100.xmot MotionAfter=Troll_Stand_Fist_Fist_P0_QuickAttackL_Hit_N_Fwd_00_%_00_P0_100.xmot Right=TrollFist RightUseType=55 RightGroup=7->7 NativeResult=1 OBSERVE_NATIVE=1
CORE RAW55_QUICK_CALLBACK_BOUNDARY Actor=Troll C1=3 SameC1=1 Action=5->5 Phase=1->1 StateTime=0.210967->0.210967 StatePosition=1->1 MotionBefore=Troll_Stand_Fist_Fist_P0_QuickAttackL_Hit_N_Fwd_00_%_00_P0_100.xmot MotionAfter=Troll_Stand_Fist_Fist_P0_QuickAttackL_Hit_N_Fwd_00_%_00_P0_100.xmot Right=TrollFist RightUseType=55 RightGroup=7->7 NativeResult=1 OBSERVE_NATIVE=1
CORE RAW55_QUICK_CALLBACK_BOUNDARY Actor=Troll C1=3 SameC1=1 Action=5->5 Phase=1->1 StateTime=0.219300->0.219300 StatePosition=1->1 MotionBefore=Troll_Stand_Fist_Fist_P0_QuickAttackL_Hit_N_Fwd_00_%_00_P0_100.xmot MotionAfter=Troll_Stand_Fist_Fist_P0_QuickAttackL_Hit_N_Fwd_00_%_00_P0_100.xmot Right=TrollFist RightUseType=55 RightGroup=7->7 NativeResult=1 OBSERVE_NATIVE=1
CORE RAW55_QUICK_CALLBACK_BOUNDARY Actor=Troll C1=3 SameC1=1 Action=5->5 Phase=1->1 StateTime=0.228257->0.228257 StatePosition=1->1 MotionBefore=Troll_Stand_Fist_Fist_P0_QuickAttackL_Hit_N_Fwd_00_%_00_P0_100.xmot MotionAfter=Troll_Stand_Fist_Fist_P0_QuickAttackL_Hit_N_Fwd_00_%_00_P0_100.xmot Right=TrollFist RightUseType=55 RightGroup=7->7 NativeResult=1 OBSERVE_NATIVE=1
CORE RAW55_QUICK_CALLBACK_BOUNDARY Actor=Troll C1=3 SameC1=1 Action=5->5 Phase=1->1 StateTime=0.236590->0.236590 StatePosition=1->1 MotionBefore=Troll_Stand_Fist_Fist_P0_QuickAttackL_Hit_N_Fwd_00_%_00_P0_100.xmot MotionAfter=Troll_Stand_Fist_Fist_P0_QuickAttackL_Hit_N_Fwd_00_%_00_P0_100.xmot Right=TrollFist RightUseType=55 RightGroup=7->7 NativeResult=1 OBSERVE_NATIVE=1
CORE RAW55_QUICK_CALLBACK_BOUNDARY Actor=Troll C1=3 SameC1=1 Action=5->5 Phase=1->1 StateTime=0.244923->0.244923 StatePosition=1->1 MotionBefore=Troll_Stand_Fist_Fist_P0_QuickAttackL_Hit_N_Fwd_00_%_00_P0_100.xmot MotionAfter=Troll_Stand_Fist_Fist_P0_QuickAttackL_Hit_N_Fwd_00_%_00_P0_100.xmot Right=TrollFist RightUseType=55 RightGroup=7->7 NativeResult=1 OBSERVE_NATIVE=1
CORE RAW55_QUICK_CALLBACK_BOUNDARY Actor=Troll C1=3 SameC1=1 Action=5->5 Phase=1->1 StateTime=0.253257->0.253257 StatePosition=1->1 MotionBefore=Troll_Stand_Fist_Fist_P0_QuickAttackL_Hit_N_Fwd_00_%_00_P0_100.xmot MotionAfter=Troll_Stand_Fist_Fist_P0_QuickAttackL_Hit_N_Fwd_00_%_00_P0_100.xmot Right=TrollFist RightUseType=55 RightGroup=7->7 NativeResult=1 OBSERVE_NATIVE=1
CORE RAW55_QUICK_CALLBACK_BOUNDARY Actor=Troll C1=3 SameC1=1 Action=5->5 Phase=1->1 StateTime=0.261590->0.261590 StatePosition=1->1 MotionBefore=Troll_Stand_Fist_Fist_P0_QuickAttackL_Hit_N_Fwd_00_%_00_P0_100.xmot MotionAfter=Troll_Stand_Fist_Fist_P0_QuickAttackL_Hit_N_Fwd_00_%_00_P0_100.xmot Right=TrollFist RightUseType=55 RightGroup=7->7 NativeResult=1 OBSERVE_NATIVE=1
CORE RAW55_QUICK_CALLBACK_BOUNDARY Actor=Troll C1=3 SameC1=1 Action=5->5 Phase=1->1 StateTime=0.269923->0.269923 StatePosition=1->1 MotionBefore=Troll_Stand_Fist_Fist_P0_QuickAttackL_Hit_N_Fwd_00_%_00_P0_100.xmot MotionAfter=Troll_Stand_Fist_Fist_P0_QuickAttackL_Hit_N_Fwd_00_%_00_P0_100.xmot Right=TrollFist RightUseType=55 RightGroup=7->7 NativeResult=1 OBSERVE_NATIVE=1
CORE RAW55_QUICK_CALLBACK_BOUNDARY Actor=Troll C1=3 SameC1=1 Action=5->5 Phase=1->1 StateTime=0.279879->0.279879 StatePosition=1->1 MotionBefore=Troll_Stand_Fist_Fist_P0_QuickAttackL_Hit_N_Fwd_00_%_00_P0_100.xmot MotionAfter=Troll_Stand_Fist_Fist_P0_QuickAttackL_Hit_N_Fwd_00_%_00_P0_100.xmot Right=TrollFist RightUseType=55 RightGroup=7->7 NativeResult=1 OBSERVE_NATIVE=1
CORE RAW55_QUICK_CALLBACK_BOUNDARY Actor=Troll C1=3 SameC1=1 Action=5->5 Phase=1->1 StateTime=0.288213->0.288213 StatePosition=1->1 MotionBefore=Troll_Stand_Fist_Fist_P0_QuickAttackL_Hit_N_Fwd_00_%_00_P0_100.xmot MotionAfter=Troll_Stand_Fist_Fist_P0_QuickAttackL_Hit_N_Fwd_00_%_00_P0_100.xmot Right=TrollFist RightUseType=55 RightGroup=7->7 NativeResult=1 OBSERVE_NATIVE=1
CORE RAW55_QUICK_CALLBACK_BOUNDARY Actor=Troll C1=3 SameC1=1 Action=5->5 Phase=1->1 StateTime=0.296546->0.296546 StatePosition=1->1 MotionBefore=Troll_Stand_Fist_Fist_P0_QuickAttackL_Hit_N_Fwd_00_%_00_P0_100.xmot MotionAfter=Troll_Stand_Fist_Fist_P0_QuickAttackL_Hit_N_Fwd_00_%_00_P0_100.xmot Right=TrollFist RightUseType=55 RightGroup=7->7 NativeResult=1 OBSERVE_NATIVE=1
CORE RAW55_QUICK_CALLBACK_BOUNDARY Actor=Troll C1=3 SameC1=1 Action=5->5 Phase=1->1 StateTime=0.304879->0.304879 StatePosition=1->1 MotionBefore=Troll_Stand_Fist_Fist_P0_QuickAttackL_Hit_N_Fwd_00_%_00_P0_100.xmot MotionAfter=Troll_Stand_Fist_Fist_P0_QuickAttackL_Hit_N_Fwd_00_%_00_P0_100.xmot Right=TrollFist RightUseType=55 RightGroup=7->7 NativeResult=1 OBSERVE_NATIVE=1
CORE RAW55_QUICK_CALLBACK_BOUNDARY Actor=Troll C1=3 SameC1=1 Action=5->5 Phase=1->1 StateTime=0.313850->0.313850 StatePosition=1->1 MotionBefore=Troll_Stand_Fist_Fist_P0_QuickAttackL_Hit_N_Fwd_00_%_00_P0_100.xmot MotionAfter=Troll_Stand_Fist_Fist_P0_QuickAttackL_Hit_N_Fwd_00_%_00_P0_100.xmot Right=TrollFist RightUseType=55 RightGroup=7->7 NativeResult=1 OBSERVE_NATIVE=1
CORE RAW55_QUICK_CALLBACK_BOUNDARY Actor=Troll C1=3 SameC1=1 Action=5->5 Phase=1->1 StateTime=0.322183->0.322183 StatePosition=1->1 MotionBefore=Troll_Stand_Fist_Fist_P0_QuickAttackL_Hit_N_Fwd_00_%_00_P0_100.xmot MotionAfter=Troll_Stand_Fist_Fist_P0_QuickAttackL_Hit_N_Fwd_00_%_00_P0_100.xmot Right=TrollFist RightUseType=55 RightGroup=7->7 NativeResult=1 OBSERVE_NATIVE=1
CORE RAW55_QUICK_CALLBACK_BOUNDARY Actor=Troll C1=3 SameC1=1 Action=5->5 Phase=1->1 StateTime=0.333125->0.333125 StatePosition=1->1 MotionBefore=Troll_Stand_Fist_Fist_P0_QuickAttackL_Hit_N_Fwd_00_%_00_P0_100.xmot MotionAfter=Troll_Stand_Fist_Fist_P0_QuickAttackL_Hit_N_Fwd_00_%_00_P0_100.xmot Right=TrollFist RightUseType=55 RightGroup=7->7 NativeResult=1 OBSERVE_NATIVE=1
CORE RAW55_QUICK_CALLBACK_BOUNDARY Actor=Troll C1=3 SameC1=1 Action=5->5 Phase=1->1 StateTime=0.341458->0.341458 StatePosition=1->1 MotionBefore=Troll_Stand_Fist_Fist_P0_QuickAttackL_Hit_N_Fwd_00_%_00_P0_100.xmot MotionAfter=Troll_Stand_Fist_Fist_P0_QuickAttackL_Hit_N_Fwd_00_%_00_P0_100.xmot Right=TrollFist RightUseType=55 RightGroup=7->7 NativeResult=1 OBSERVE_NATIVE=1
CORE RAW55_QUICK_CALLBACK_BOUNDARY Actor=Troll C1=3 SameC1=1 Action=5->5 Phase=1->1 StateTime=0.349791->0.349791 StatePosition=1->1 MotionBefore=Troll_Stand_Fist_Fist_P0_QuickAttackL_Hit_N_Fwd_00_%_00_P0_100.xmot MotionAfter=Troll_Stand_Fist_Fist_P0_QuickAttackL_Hit_N_Fwd_00_%_00_P0_100.xmot Right=TrollFist RightUseType=55 RightGroup=7->7 NativeResult=1 OBSERVE_NATIVE=1
CORE RAW55_QUICK_CALLBACK_BOUNDARY Actor=Troll C1=3 SameC1=1 Action=5->5 Phase=1->1 StateTime=0.358125->0.358125 StatePosition=1->1 MotionBefore=Troll_Stand_Fist_Fist_P0_QuickAttackL_Hit_N_Fwd_00_%_00_P0_100.xmot MotionAfter=Troll_Stand_Fist_Fist_P0_QuickAttackL_Hit_N_Fwd_00_%_00_P0_100.xmot Right=TrollFist RightUseType=55 RightGroup=7->7 NativeResult=1 OBSERVE_NATIVE=1
CORE RAW55_QUICK_CALLBACK_BOUNDARY Actor=Troll C1=3 SameC1=1 Action=5->5 Phase=1->1 StateTime=0.366458->0.366458 StatePosition=1->1 MotionBefore=Troll_Stand_Fist_Fist_P0_QuickAttackL_Hit_N_Fwd_00_%_00_P0_100.xmot MotionAfter=Troll_Stand_Fist_Fist_P0_QuickAttackL_Hit_N_Fwd_00_%_00_P0_100.xmot Right=TrollFist RightUseType=55 RightGroup=7->7 NativeResult=1 OBSERVE_NATIVE=1
CORE RAW55_QUICK_CALLBACK_BOUNDARY Actor=Troll C1=3 SameC1=1 Action=5->5 Phase=1->1 StateTime=0.376399->0.376399 StatePosition=1->1 MotionBefore=Troll_Stand_Fist_Fist_P0_QuickAttackL_Hit_N_Fwd_00_%_00_P0_100.xmot MotionAfter=Troll_Stand_Fist_Fist_P0_QuickAttackL_Hit_N_Fwd_00_%_00_P0_100.xmot Right=TrollFist RightUseType=55 RightGroup=7->7 NativeResult=1 OBSERVE_NATIVE=1
CORE RAW55_QUICK_CALLBACK_BOUNDARY Actor=Troll C1=3 SameC1=1 Action=5->5 Phase=1->1 StateTime=0.384733->0.384733 StatePosition=1->1 MotionBefore=Troll_Stand_Fist_Fist_P0_QuickAttackL_Hit_N_Fwd_00_%_00_P0_100.xmot MotionAfter=Troll_Stand_Fist_Fist_P0_QuickAttackL_Hit_N_Fwd_00_%_00_P0_100.xmot Right=TrollFist RightUseType=55 RightGroup=7->7 NativeResult=1 OBSERVE_NATIVE=1
CORE RAW55_QUICK_CALLBACK_BOUNDARY Actor=Troll C1=3 SameC1=1 Action=5->5 Phase=1->1 StateTime=0.394674->0.394674 StatePosition=1->1 MotionBefore=Troll_Stand_Fist_Fist_P0_QuickAttackL_Hit_N_Fwd_00_%_00_P0_100.xmot MotionAfter=Troll_Stand_Fist_Fist_P0_QuickAttackL_Hit_N_Fwd_00_%_00_P0_100.xmot Right=TrollFist RightUseType=55 RightGroup=7->7 NativeResult=1 OBSERVE_NATIVE=1
CORE RAW55_QUICK_CALLBACK_BOUNDARY Actor=Troll C1=3 SameC1=1 Action=5->5 Phase=1->1 StateTime=0.403008->0.403008 StatePosition=1->1 MotionBefore=Troll_Stand_Fist_Fist_P0_QuickAttackL_Hit_N_Fwd_00_%_00_P0_100.xmot MotionAfter=Troll_Stand_Fist_Fist_P0_QuickAttackL_Hit_N_Fwd_00_%_00_P0_100.xmot Right=TrollFist RightUseType=55 RightGroup=7->7 NativeResult=1 OBSERVE_NATIVE=1
CORE RAW55_QUICK_CALLBACK_BOUNDARY Actor=Troll C1=3 SameC1=1 Action=5->5 Phase=1->1 StateTime=0.411341->0.411341 StatePosition=1->1 MotionBefore=Troll_Stand_Fist_Fist_P0_QuickAttackL_Hit_N_Fwd_00_%_00_P0_100.xmot MotionAfter=Troll_Stand_Fist_Fist_P0_QuickAttackL_Hit_N_Fwd_00_%_00_P0_100.xmot Right=TrollFist RightUseType=55 RightGroup=7->7 NativeResult=1 OBSERVE_NATIVE=1
CORE RAW55_QUICK_CALLBACK_BOUNDARY Actor=Troll C1=3 SameC1=1 Action=5->5 Phase=1->1 StateTime=0.419674->0.419674 StatePosition=1->1 MotionBefore=Troll_Stand_Fist_Fist_P0_QuickAttackL_Hit_N_Fwd_00_%_00_P0_100.xmot MotionAfter=Troll_Stand_Fist_Fist_P0_QuickAttackL_Hit_N_Fwd_00_%_00_P0_100.xmot Right=TrollFist RightUseType=55 RightGroup=7->7 NativeResult=1 OBSERVE_NATIVE=1
CORE RAW55_QUICK_CALLBACK_BOUNDARY Actor=Troll C1=3 SameC1=1 Action=5->5 Phase=1->1 StateTime=0.428008->0.428008 StatePosition=1->1 MotionBefore=Troll_Stand_Fist_Fist_P0_QuickAttackL_Hit_N_Fwd_00_%_00_P0_100.xmot MotionAfter=Troll_Stand_Fist_Fist_P0_QuickAttackL_Hit_N_Fwd_00_%_00_P0_100.xmot Right=TrollFist RightUseType=55 RightGroup=7->7 NativeResult=1 OBSERVE_NATIVE=1
CORE RAW55_QUICK_CALLBACK_BOUNDARY Actor=Troll C1=3 SameC1=1 Action=5->5 Phase=1->1 StateTime=0.436341->0.436341 StatePosition=1->1 MotionBefore=Troll_Stand_Fist_Fist_P0_QuickAttackL_Hit_N_Fwd_00_%_00_P0_100.xmot MotionAfter=Troll_Stand_Fist_Fist_P0_QuickAttackL_Hit_N_Fwd_00_%_00_P0_100.xmot Right=TrollFist RightUseType=55 RightGroup=7->7 NativeResult=1 OBSERVE_NATIVE=1
CORE RAW55_QUICK_CALLBACK_BOUNDARY Actor=Troll C1=3 SameC1=1 Action=5->5 Phase=1->1 StateTime=0.444674->0.444674 StatePosition=1->1 MotionBefore=Troll_Stand_Fist_Fist_P0_QuickAttackL_Hit_N_Fwd_00_%_00_P0_100.xmot MotionAfter=Troll_Stand_Fist_Fist_P0_QuickAttackL_Hit_N_Fwd_00_%_00_P0_100.xmot Right=TrollFist RightUseType=55 RightGroup=7->7 NativeResult=1 OBSERVE_NATIVE=1
CORE RAW55_QUICK_CALLBACK_BOUNDARY Actor=Troll C1=3 SameC1=1 Action=5->5 Phase=1->1 StateTime=0.453008->0.453008 StatePosition=1->1 MotionBefore=Troll_Stand_Fist_Fist_P0_QuickAttackL_Hit_N_Fwd_00_%_00_P0_100.xmot MotionAfter=Troll_Stand_Fist_Fist_P0_QuickAttackL_Hit_N_Fwd_00_%_00_P0_100.xmot Right=TrollFist RightUseType=55 RightGroup=7->7 NativeResult=1 OBSERVE_NATIVE=1
CORE RAW55_QUICK_CALLBACK_BOUNDARY Actor=Troll C1=3 SameC1=1 Action=5->5 Phase=1->1 StateTime=0.461341->0.461341 StatePosition=1->1 MotionBefore=Troll_Stand_Fist_Fist_P0_QuickAttackL_Hit_N_Fwd_00_%_00_P0_100.xmot MotionAfter=Troll_Stand_Fist_Fist_P0_QuickAttackL_Hit_N_Fwd_00_%_00_P0_100.xmot Right=TrollFist RightUseType=55 RightGroup=7->7 NativeResult=1 OBSERVE_NATIVE=1
CORE RAW55_QUICK_CALLBACK_BOUNDARY Actor=Troll C1=3 SameC1=1 Action=5->5 Phase=1->1 StateTime=0.469674->0.469674 StatePosition=1->1 MotionBefore=Troll_Stand_Fist_Fist_P0_QuickAttackL_Hit_N_Fwd_00_%_00_P0_100.xmot MotionAfter=Troll_Stand_Fist_Fist_P0_QuickAttackL_Hit_N_Fwd_00_%_00_P0_100.xmot Right=TrollFist RightUseType=55 RightGroup=7->7 NativeResult=1 OBSERVE_NATIVE=1
CORE RAW55_QUICK_CALLBACK_BOUNDARY Actor=Troll C1=3 SameC1=1 Action=5->5 Phase=1->1 StateTime=0.478645->0.478645 StatePosition=1->1 MotionBefore=Troll_Stand_Fist_Fist_P0_QuickAttackL_Hit_N_Fwd_00_%_00_P0_100.xmot MotionAfter=Troll_Stand_Fist_Fist_P0_QuickAttackL_Hit_N_Fwd_00_%_00_P0_100.xmot Right=TrollFist RightUseType=55 RightGroup=7->7 NativeResult=1 OBSERVE_NATIVE=1
CORE RAW55_QUICK_CALLBACK_BOUNDARY Actor=Troll C1=3 SameC1=1 Action=5->5 Phase=1->1 StateTime=0.486978->0.486978 StatePosition=1->1 MotionBefore=Troll_Stand_Fist_Fist_P0_QuickAttackL_Hit_N_Fwd_00_%_00_P0_100.xmot MotionAfter=Troll_Stand_Fist_Fist_P0_QuickAttackL_Hit_N_Fwd_00_%_00_P0_100.xmot Right=TrollFist RightUseType=55 RightGroup=7->7 NativeResult=1 OBSERVE_NATIVE=1
CORE RAW55_QUICK_CALLBACK_BOUNDARY Actor=Troll C1=3 SameC1=1 Action=5->5 Phase=1->1 StateTime=0.495949->0.495949 StatePosition=1->1 MotionBefore=Troll_Stand_Fist_Fist_P0_QuickAttackL_Hit_N_Fwd_00_%_00_P0_100.xmot MotionAfter=Troll_Stand_Fist_Fist_P0_QuickAttackL_Hit_N_Fwd_00_%_00_P0_100.xmot Right=TrollFist RightUseType=55 RightGroup=7->7 NativeResult=1 OBSERVE_NATIVE=1
CORE RAW55_QUICK_CALLBACK_BOUNDARY Actor=Troll C1=3 SameC1=1 Action=5->5 Phase=1->1 StateTime=0.504283->0.504283 StatePosition=1->1 MotionBefore=Troll_Stand_Fist_Fist_P0_QuickAttackL_Hit_N_Fwd_00_%_00_P0_100.xmot MotionAfter=Troll_Stand_Fist_Fist_P0_QuickAttackL_Hit_N_Fwd_00_%_00_P0_100.xmot Right=TrollFist RightUseType=55 RightGroup=7->7 NativeResult=1 OBSERVE_NATIVE=1
CORE C1_FINAL ElapsedMs=24937.487 Actor=PC_Hero Generation=4 Status=PERSISTED SourceCount=0 PhysicalChanged=0
CORE RAW55_QUICK_CALLBACK_BOUNDARY Actor=Troll C1=3 SameC1=1 Action=5->5 Phase=1->1 StateTime=0.514224->0.514224 StatePosition=1->1 MotionBefore=Troll_Stand_Fist_Fist_P0_QuickAttackL_Hit_N_Fwd_00_%_00_P0_100.xmot MotionAfter=Troll_Stand_Fist_Fist_P0_QuickAttackL_Hit_N_Fwd_00_%_00_P0_100.xmot Right=TrollFist RightUseType=55 RightGroup=7->7 NativeResult=1 OBSERVE_NATIVE=1
CORE RAW55_QUICK_CALLBACK_BOUNDARY Actor=Troll C1=3 SameC1=1 Action=5->5 Phase=1->1 StateTime=0.522557->0.522557 StatePosition=1->1 MotionBefore=Troll_Stand_Fist_Fist_P0_QuickAttackL_Hit_N_Fwd_00_%_00_P0_100.xmot MotionAfter=Troll_Stand_Fist_Fist_P0_QuickAttackL_Hit_N_Fwd_00_%_00_P0_100.xmot Right=TrollFist RightUseType=55 RightGroup=7->7 NativeResult=1 OBSERVE_NATIVE=1
CORE RAW55_QUICK_CALLBACK_BOUNDARY Actor=Troll C1=3 SameC1=1 Action=5->5 Phase=1->1 StateTime=0.531528->0.531528 StatePosition=1->1 MotionBefore=Troll_Stand_Fist_Fist_P0_QuickAttackL_Hit_N_Fwd_00_%_00_P0_100.xmot MotionAfter=Troll_Stand_Fist_Fist_P0_QuickAttackL_Hit_N_Fwd_00_%_00_P0_100.xmot Right=TrollFist RightUseType=55 RightGroup=7->7 NativeResult=1 OBSERVE_NATIVE=1
CORE RAW55_QUICK_CALLBACK_BOUNDARY Actor=Troll C1=3 SameC1=1 Action=5->5 Phase=1->1 StateTime=0.539862->0.539862 StatePosition=1->1 MotionBefore=Troll_Stand_Fist_Fist_P0_QuickAttackL_Hit_N_Fwd_00_%_00_P0_100.xmot MotionAfter=Troll_Stand_Fist_Fist_P0_QuickAttackL_Hit_N_Fwd_00_%_00_P0_100.xmot Right=TrollFist RightUseType=55 RightGroup=7->7 NativeResult=1 OBSERVE_NATIVE=1
CORE RAW55_QUICK_CALLBACK_BOUNDARY Actor=Troll C1=3 SameC1=1 Action=5->5 Phase=1->1 StateTime=0.548833->0.548833 StatePosition=1->1 MotionBefore=Troll_Stand_Fist_Fist_P0_QuickAttackL_Hit_N_Fwd_00_%_00_P0_100.xmot MotionAfter=Troll_Stand_Fist_Fist_P0_QuickAttackL_Hit_N_Fwd_00_%_00_P0_100.xmot Right=TrollFist RightUseType=55 RightGroup=7->7 NativeResult=1 OBSERVE_NATIVE=1
CORE RAW55_QUICK_CALLBACK_BOUNDARY Actor=Troll C1=3 SameC1=1 Action=5->5 Phase=1->1 StateTime=0.557166->0.557166 StatePosition=1->1 MotionBefore=Troll_Stand_Fist_Fist_P0_QuickAttackL_Hit_N_Fwd_00_%_00_P0_100.xmot MotionAfter=Troll_Stand_Fist_Fist_P0_QuickAttackL_Hit_N_Fwd_00_%_00_P0_100.xmot Right=TrollFist RightUseType=55 RightGroup=7->7 NativeResult=1 OBSERVE_NATIVE=1
CORE RAW55_QUICK_CALLBACK_BOUNDARY Actor=Troll C1=3 SameC1=1 Action=5->5 Phase=1->1 StateTime=0.565499->0.565499 StatePosition=1->1 MotionBefore=Troll_Stand_Fist_Fist_P0_QuickAttackL_Hit_N_Fwd_00_%_00_P0_100.xmot MotionAfter=Troll_Stand_Fist_Fist_P0_QuickAttackL_Hit_N_Fwd_00_%_00_P0_100.xmot Right=TrollFist RightUseType=55 RightGroup=7->7 NativeResult=1 OBSERVE_NATIVE=1
CORE RAW55_QUICK_CALLBACK_BOUNDARY Actor=Troll C1=3 SameC1=1 Action=5->5 Phase=1->1 StateTime=0.577411->0.577411 StatePosition=1->1 MotionBefore=Troll_Stand_Fist_Fist_P0_QuickAttackL_Hit_N_Fwd_00_%_00_P0_100.xmot MotionAfter=Troll_Stand_Fist_Fist_P0_QuickAttackL_Hit_N_Fwd_00_%_00_P0_100.xmot Right=TrollFist RightUseType=55 RightGroup=7->7 NativeResult=1 OBSERVE_NATIVE=1
CORE RAW55_QUICK_CALLBACK_BOUNDARY Actor=Troll C1=3 SameC1=1 Action=5->5 Phase=1->1 StateTime=0.585744->0.585744 StatePosition=1->1 MotionBefore=Troll_Stand_Fist_Fist_P0_QuickAttackL_Hit_N_Fwd_00_%_00_P0_100.xmot MotionAfter=Troll_Stand_Fist_Fist_P0_QuickAttackL_Hit_N_Fwd_00_%_00_P0_100.xmot Right=TrollFist RightUseType=55 RightGroup=7->7 NativeResult=1 OBSERVE_NATIVE=1
CORE RAW55_QUICK_CALLBACK_BOUNDARY Actor=Troll C1=3 SameC1=1 Action=5->5 Phase=1->1 StateTime=0.595686->0.595686 StatePosition=1->1 MotionBefore=Troll_Stand_Fist_Fist_P0_QuickAttackL_Hit_N_Fwd_00_%_00_P0_100.xmot MotionAfter=Troll_Stand_Fist_Fist_P0_QuickAttackL_Hit_N_Fwd_00_%_00_P0_100.xmot Right=TrollFist RightUseType=55 RightGroup=7->7 NativeResult=1 OBSERVE_NATIVE=1
===== CORE MARKER ANOMALY / DISCOVERY =====
ElapsedMs: 25016.512
Actor: Troll
Action: 5
Family: QUICK
AniPhase: 1
StatePosition: 1
CurrentMovementAni: Troll_Stand_Fist_Fist_P0_QuickAttackL_Hit_N_Fwd_00_%_00_P0_100.xmot
MarkerName: G3AB_COL_FIST
MarkerOpcode: FIST
Result: UNSUPPORTED_MISSING_SOURCE
C1GenerationValid: 1
C1Generation: 3
RequiredSourceMask: 0
MissingSourceMask: 0
RightSourceSlot: RIGHT
RightSourceName: TrollFist
RightSourceUseType: 55
RightSourceCollisionGroup: 7
LeftSourceSlot: LEFT
LeftSourceName: TrollFist
LeftSourceUseType: 55
LeftSourceCollisionGroup: 5
Raw8FistSourceName: <none>
Raw8FistSourceUseType: -1
Raw8FistSourceCollisionGroup: -1
===========================================

CORE RAW55_QUICK_REPEAT_FIST_ELIGIBILITY Actor=Troll Action=5 StatePosition=1 StateTime=0.604019 MarkerOpcode=4 ResultOpcode=4 ResultCode=2 CurrentC1Valid=1 CurrentC1=3 StoredC1=3 SameC1=1 CurrentRight=E6EAF010 StoredRight=E6EAF010 SameRight=1 ResultRightMatchesStored=1 RightUseType=55 RightGroup=7 InterventionUsed=1 PreStateFistProven=1 LaterFistRearmUsed=0 DecisionFoundMotion=1 DecisionScanValid=1 DecisionMarkerPresent=1 DecisionHasFist=1 DecisionFistCount=2 DecisionRightCount=0 DecisionLeftCount=0 DecisionBothCount=0 DecisionOffCount=0 RequiredSourceMask=0 Raw8ResolverAbsent=1 QuickHit=1 Eligible=1 FirstFailedGate=NONE
CORE RAW55_QUICK_REPEAT_FIST_REARM_PROBE Actor=Troll C1=3 Action=5 StatePosition=1 StateTime=0.604019 Right=TrollFist RightUseType=55 RightGroup=7 DecisionFistCount=2 FirstPreStateProof=1 LaterDispatchOrdinal=2 ClearTriggeredList=1 REPEAT_FIST_REARM=1
CORE RAW55_QUICK_CALLBACK_BOUNDARY Actor=Troll C1=3 SameC1=1 Action=5->5 Phase=1->1 StateTime=0.604019->0.604019 StatePosition=1->1 MotionBefore=Troll_Stand_Fist_Fist_P0_QuickAttackL_Hit_N_Fwd_00_%_00_P0_100.xmot MotionAfter=Troll_Stand_Fist_Fist_P0_QuickAttackL_Hit_N_Fwd_00_%_00_P0_100.xmot Right=TrollFist RightUseType=55 RightGroup=7->7 NativeResult=1 OBSERVE_NATIVE=1
CORE RAW55_QUICK_CALLBACK_BOUNDARY Actor=Troll C1=3 SameC1=1 Action=5->5 Phase=1->1 StateTime=0.612990->0.612990 StatePosition=1->1 MotionBefore=Troll_Stand_Fist_Fist_P0_QuickAttackL_Hit_N_Fwd_00_%_00_P0_100.xmot MotionAfter=Troll_Stand_Fist_Fist_P0_QuickAttackL_Hit_N_Fwd_00_%_00_P0_100.xmot Right=TrollFist RightUseType=55 RightGroup=7->7 NativeResult=1 OBSERVE_NATIVE=1
CORE RAW55_QUICK_CALLBACK_BOUNDARY Actor=Troll C1=3 SameC1=1 Action=5->5 Phase=1->1 StateTime=0.621324->0.621324 StatePosition=1->1 MotionBefore=Troll_Stand_Fist_Fist_P0_QuickAttackL_Hit_N_Fwd_00_%_00_P0_100.xmot MotionAfter=Troll_Stand_Fist_Fist_P0_QuickAttackL_Hit_N_Fwd_00_%_00_P0_100.xmot Right=TrollFist RightUseType=55 RightGroup=7->7 NativeResult=1 OBSERVE_NATIVE=1
CORE RAW55_QUICK_CALLBACK_BOUNDARY Actor=Troll C1=3 SameC1=1 Action=5->5 Phase=1->1 StateTime=0.629657->0.629657 StatePosition=1->1 MotionBefore=Troll_Stand_Fist_Fist_P0_QuickAttackL_Hit_N_Fwd_00_%_00_P0_100.xmot MotionAfter=Troll_Stand_Fist_Fist_P0_QuickAttackL_Hit_N_Fwd_00_%_00_P0_100.xmot Right=TrollFist RightUseType=55 RightGroup=7->7 NativeResult=1 OBSERVE_NATIVE=1
CORE RAW55_QUICK_CALLBACK_BOUNDARY Actor=Troll C1=3 SameC1=1 Action=5->5 Phase=1->1 StateTime=0.637990->0.637990 StatePosition=1->1 MotionBefore=Troll_Stand_Fist_Fist_P0_QuickAttackL_Hit_N_Fwd_00_%_00_P0_100.xmot MotionAfter=Troll_Stand_Fist_Fist_P0_QuickAttackL_Hit_N_Fwd_00_%_00_P0_100.xmot Right=TrollFist RightUseType=55 RightGroup=7->7 NativeResult=1 OBSERVE_NATIVE=1
CORE RAW55_QUICK_CALLBACK_BOUNDARY Actor=Troll C1=3 SameC1=1 Action=5->5 Phase=1->1 StateTime=0.646324->0.646324 StatePosition=1->1 MotionBefore=Troll_Stand_Fist_Fist_P0_QuickAttackL_Hit_N_Fwd_00_%_00_P0_100.xmot MotionAfter=Troll_Stand_Fist_Fist_P0_QuickAttackL_Hit_N_Fwd_00_%_00_P0_100.xmot Right=TrollFist RightUseType=55 RightGroup=7->7 NativeResult=1 OBSERVE_NATIVE=1
CORE RAW55_QUICK_CALLBACK_BOUNDARY Actor=Troll C1=3 SameC1=1 Action=5->5 Phase=1->1 StateTime=0.654657->0.654657 StatePosition=1->1 MotionBefore=Troll_Stand_Fist_Fist_P0_QuickAttackL_Hit_N_Fwd_00_%_00_P0_100.xmot MotionAfter=Troll_Stand_Fist_Fist_P0_QuickAttackL_Hit_N_Fwd_00_%_00_P0_100.xmot Right=TrollFist RightUseType=55 RightGroup=7->7 NativeResult=1 OBSERVE_NATIVE=1
CORE RAW55_QUICK_CALLBACK_BOUNDARY Actor=Troll C1=3 SameC1=1 Action=5->5 Phase=1->1 StateTime=0.662990->0.662990 StatePosition=1->1 MotionBefore=Troll_Stand_Fist_Fist_P0_QuickAttackL_Hit_N_Fwd_00_%_00_P0_100.xmot MotionAfter=Troll_Stand_Fist_Fist_P0_QuickAttackL_Hit_N_Fwd_00_%_00_P0_100.xmot Right=TrollFist RightUseType=55 RightGroup=7->7 NativeResult=1 OBSERVE_NATIVE=1
CORE RAW55_QUICK_CALLBACK_BOUNDARY Actor=Troll C1=3 SameC1=1 Action=5->5 Phase=1->1 StateTime=0.671324->0.671324 StatePosition=1->1 MotionBefore=Troll_Stand_Fist_Fist_P0_QuickAttackL_Hit_N_Fwd_00_%_00_P0_100.xmot MotionAfter=Troll_Stand_Fist_Fist_P0_QuickAttackL_Hit_N_Fwd_00_%_00_P0_100.xmot Right=TrollFist RightUseType=55 RightGroup=7->7 NativeResult=1 OBSERVE_NATIVE=1
CORE RAW55_QUICK_CALLBACK_BOUNDARY Actor=Troll C1=3 SameC1=1 Action=5->5 Phase=1->1 StateTime=0.679657->0.679657 StatePosition=1->1 MotionBefore=Troll_Stand_Fist_Fist_P0_QuickAttackL_Hit_N_Fwd_00_%_00_P0_100.xmot MotionAfter=Troll_Stand_Fist_Fist_P0_QuickAttackL_Hit_N_Fwd_00_%_00_P0_100.xmot Right=TrollFist RightUseType=55 RightGroup=7->7 NativeResult=1 OBSERVE_NATIVE=1
CORE RAW55_QUICK_CALLBACK_BOUNDARY Actor=Troll C1=3 SameC1=1 Action=5->5 Phase=1->1 StateTime=0.687990->0.687990 StatePosition=1->1 MotionBefore=Troll_Stand_Fist_Fist_P0_QuickAttackL_Hit_N_Fwd_00_%_00_P0_100.xmot MotionAfter=Troll_Stand_Fist_Fist_P0_QuickAttackL_Hit_N_Fwd_00_%_00_P0_100.xmot Right=TrollFist RightUseType=55 RightGroup=7->7 NativeResult=1 OBSERVE_NATIVE=1
CORE RAW55_QUICK_CALLBACK_BOUNDARY Actor=Troll C1=3 SameC1=1 Action=5->5 Phase=1->1 StateTime=0.697932->0.697932 StatePosition=1->1 MotionBefore=Troll_Stand_Fist_Fist_P0_QuickAttackL_Hit_N_Fwd_00_%_00_P0_100.xmot MotionAfter=Troll_Stand_Fist_Fist_P0_QuickAttackL_Hit_N_Fwd_00_%_00_P0_100.xmot Right=TrollFist RightUseType=55 RightGroup=7->7 NativeResult=1 OBSERVE_NATIVE=1
CORE RAW55_QUICK_CALLBACK_BOUNDARY Actor=Troll C1=3 SameC1=1 Action=5->5 Phase=1->1 StateTime=0.706265->0.706265 StatePosition=1->1 MotionBefore=Troll_Stand_Fist_Fist_P0_QuickAttackL_Hit_N_Fwd_00_%_00_P0_100.xmot MotionAfter=Troll_Stand_Fist_Fist_P0_QuickAttackL_Hit_N_Fwd_00_%_00_P0_100.xmot Right=TrollFist RightUseType=55 RightGroup=7->7 NativeResult=1 OBSERVE_NATIVE=1
CORE RAW55_QUICK_CALLBACK_BOUNDARY Actor=Troll C1=3 SameC1=1 Action=5->5 Phase=1->1 StateTime=0.714598->0.714598 StatePosition=1->1 MotionBefore=Troll_Stand_Fist_Fist_P0_QuickAttackL_Hit_N_Fwd_00_%_00_P0_100.xmot MotionAfter=Troll_Stand_Fist_Fist_P0_QuickAttackL_Hit_N_Fwd_00_%_00_P0_100.xmot Right=TrollFist RightUseType=55 RightGroup=7->7 NativeResult=1 OBSERVE_NATIVE=1
CORE ONDAMAGE ElapsedMs=25130.129 Ordinal=3 Target=PC_Hero Arg1=PC_Hero Arg2=PC_Hero Caller=Game.dll+0x00069484 PlayerAction=0 PlayerPhase=3 PlayerMotion=Hero_Stand_None_None_P0_StumbleR_Recover_N_Back_00_%_00_P0_0.xmot Raw8Fist=<none> Raw8UseType=-1 Raw8Group=-1
CORE RAW55_QUICK_CALLBACK_BOUNDARY Actor=Troll C1=3 SameC1=1 Action=5->5 Phase=1->1 StateTime=0.722931->0.722931 StatePosition=1->1 MotionBefore=Troll_Stand_Fist_Fist_P0_QuickAttackL_Hit_N_Fwd_00_%_00_P0_100.xmot MotionAfter=Troll_Stand_Fist_Fist_P0_QuickAttackL_Hit_N_Fwd_00_%_00_P0_100.xmot Right=TrollFist RightUseType=55 RightGroup=7->7 NativeResult=1 OBSERVE_NATIVE=1
CORE C1_START ElapsedMs=25139.208 Actor=PC_Hero Generation=5 Status=CANDIDATE Outstanding=0 TrackedSources=0 ReplacedGeneration=0 ReplacedOutstanding=0
CORE C1_BIND ElapsedMs=25139.217 Event=COMBAT_MOVE_CANDIDATE_BOUND Actor=PC_Hero Generation=5 Status=CANDIDATE Outstanding=0 Source=<null> Script=_AI_Stumble
CORE C1_STATUS ElapsedMs=25139.309 Event=PERSISTED Actor=PC_Hero Generation=5 Status=PERSISTED Outstanding=0
CORE RAW55_QUICK_CALLBACK_BOUNDARY Actor=Troll C1=3 SameC1=1 Action=5->5 Phase=1->1 StateTime=0.734858->0.734858 StatePosition=1->1 MotionBefore=Troll_Stand_Fist_Fist_P0_QuickAttackL_Hit_N_Fwd_00_%_00_P0_100.xmot MotionAfter=Troll_Stand_Fist_Fist_P0_QuickAttackL_Hit_N_Fwd_00_%_00_P0_100.xmot Right=TrollFist RightUseType=55 RightGroup=7->7 NativeResult=1 OBSERVE_NATIVE=1
CORE RAW55_QUICK_CALLBACK_BOUNDARY Actor=Troll C1=3 SameC1=1 Action=5->5 Phase=1->1 StateTime=0.743191->0.743191 StatePosition=1->1 MotionBefore=Troll_Stand_Fist_Fist_P0_QuickAttackL_Hit_N_Fwd_00_%_00_P0_100.xmot MotionAfter=Troll_Stand_Fist_Fist_P0_QuickAttackL_Hit_N_Fwd_00_%_00_P0_100.xmot Right=TrollFist RightUseType=55 RightGroup=7->7 NativeResult=1 OBSERVE_NATIVE=1
CORE RAW55_QUICK_CALLBACK_BOUNDARY Actor=Troll C1=3 SameC1=1 Action=5->5 Phase=1->1 StateTime=0.751524->0.751524 StatePosition=1->1 MotionBefore=Troll_Stand_Fist_Fist_P0_QuickAttackL_Hit_N_Fwd_00_%_00_P0_100.xmot MotionAfter=Troll_Stand_Fist_Fist_P0_QuickAttackL_Hit_N_Fwd_00_%_00_P0_100.xmot Right=TrollFist RightUseType=55 RightGroup=7->7 NativeResult=1 OBSERVE_NATIVE=1
CORE RAW55_QUICK_CALLBACK_BOUNDARY Actor=Troll C1=3 SameC1=1 Action=5->5 Phase=1->1 StateTime=0.761480->0.761480 StatePosition=1->1 MotionBefore=Troll_Stand_Fist_Fist_P0_QuickAttackL_Hit_N_Fwd_00_%_00_P0_100.xmot MotionAfter=Troll_Stand_Fist_Fist_P0_QuickAttackL_Hit_N_Fwd_00_%_00_P0_100.xmot Right=TrollFist RightUseType=55 RightGroup=7->7 NativeResult=1 OBSERVE_NATIVE=1
CORE RAW55_QUICK_CALLBACK_BOUNDARY Actor=Troll C1=3 SameC1=1 Action=5->5 Phase=1->1 StateTime=0.769814->0.769814 StatePosition=1->1 MotionBefore=Troll_Stand_Fist_Fist_P0_QuickAttackL_Hit_N_Fwd_00_%_00_P0_100.xmot MotionAfter=Troll_Stand_Fist_Fist_P0_QuickAttackL_Hit_N_Fwd_00_%_00_P0_100.xmot Right=TrollFist RightUseType=55 RightGroup=7->7 NativeResult=1 OBSERVE_NATIVE=1
CORE RAW55_QUICK_CALLBACK_BOUNDARY Actor=Troll C1=3 SameC1=1 Action=5->5 Phase=1->1 StateTime=0.778785->0.778785 StatePosition=1->1 MotionBefore=Troll_Stand_Fist_Fist_P0_QuickAttackL_Hit_N_Fwd_00_%_00_P0_100.xmot MotionAfter=Troll_Stand_Fist_Fist_P0_QuickAttackL_Hit_N_Fwd_00_%_00_P0_100.xmot Right=TrollFist RightUseType=55 RightGroup=7->7 NativeResult=1 OBSERVE_NATIVE=1
CORE RAW55_QUICK_CALLBACK_BOUNDARY Actor=Troll C1=3 SameC1=1 Action=5->5 Phase=1->1 StateTime=0.787118->0.787118 StatePosition=1->1 MotionBefore=Troll_Stand_Fist_Fist_P0_QuickAttackL_Hit_N_Fwd_00_%_00_P0_100.xmot MotionAfter=Troll_Stand_Fist_Fist_P0_QuickAttackL_Hit_N_Fwd_00_%_00_P0_100.xmot Right=TrollFist RightUseType=55 RightGroup=7->7 NativeResult=1 OBSERVE_NATIVE=1
CORE RAW55_QUICK_CALLBACK_BOUNDARY Actor=Troll C1=3 SameC1=1 Action=5->5 Phase=1->1 StateTime=0.797059->0.797059 StatePosition=1->1 MotionBefore=Troll_Stand_Fist_Fist_P0_QuickAttackL_Hit_N_Fwd_00_%_00_P0_100.xmot MotionAfter=Troll_Stand_Fist_Fist_P0_QuickAttackL_Hit_N_Fwd_00_%_00_P0_100.xmot Right=TrollFist RightUseType=55 RightGroup=7->7 NativeResult=1 OBSERVE_NATIVE=1
CORE COLLISION_GROUP ElapsedMs=25206.979 Source=TrollFist UseType=55 Owner=Troll Slot=RIGHT Requested=5 Before=7 After=5 MarkerBitsRetired=0
CORE C1 CLEANUP FULFILLED ElapsedMs=25207.000 Actor=Troll Generation=3 Status=PERSISTED Source=TrollFist Side=RIGHT Requests=2 Outstanding=0 CleanupObserved=1 Group=5
CORE C1_FINAL ElapsedMs=25299.615 Actor=Troll Generation=3 Status=PERSISTED SourceCount=2 PhysicalChanged=0 Source[0]=TrollFist Side=RIGHT Outstanding=0 Cleanup=1 Outcome=NO_OP_NO_OUTSTANDING Source[1]=TrollFist Side=LEFT Outstanding=0 Cleanup=0 Outcome=NO_OP_NO_OUTSTANDING
CORE C1_FINAL ElapsedMs=25416.137 Actor=PC_Hero Generation=5 Status=PERSISTED SourceCount=0 PhysicalChanged=0
CORE C1_START ElapsedMs=26534.324 Actor=Troll Generation=6 Status=CANDIDATE Outstanding=0 TrackedSources=2 ReplacedGeneration=0 ReplacedOutstanding=0 Source[0]=TrollFist Side=RIGHT Group=5 Source[1]=TrollFist Side=LEFT Group=5
CORE C1_BIND ElapsedMs=26534.338 Event=COMBAT_MOVE_CANDIDATE_BOUND Actor=Troll Generation=6 Status=CANDIDATE Outstanding=0 Source=<null> Script=_AI_PowerAttack
CORE C1_STATUS ElapsedMs=26540.215 Event=PERSISTED Actor=Troll Generation=6 Status=PERSISTED Outstanding=0
===== CORE MARKER ANOMALY / DISCOVERY =====
ElapsedMs: 26571.036
Actor: Troll
Action: 2
Family: POWER
AniPhase: 0
StatePosition: 0
CurrentMovementAni: Troll_Stand_Fist_Fist_P0_PowerAttack_Raise_N_Fwd_00_%_00_P0_0.xmot
MarkerName: G3AB_COL_FIST
MarkerOpcode: FIST
Result: REJECTED_UNSUPPORTED_HIT
C1GenerationValid: 1
C1Generation: 6
RequiredSourceMask: 0
MissingSourceMask: 0
RightSourceSlot: RIGHT
RightSourceName: TrollFist
RightSourceUseType: 55
RightSourceCollisionGroup: 5
LeftSourceSlot: LEFT
LeftSourceName: TrollFist
LeftSourceUseType: 55
LeftSourceCollisionGroup: 5
Raw8FistSourceName: <none>
Raw8FistSourceUseType: -1
Raw8FistSourceCollisionGroup: -1
===========================================

CORE RAW55_QUICK_REPEAT_FIST_ELIGIBILITY Actor=Troll Action=2 StatePosition=0 StateTime=0.048839 MarkerOpcode=4 ResultOpcode=4 ResultCode=0 CurrentC1Valid=1 CurrentC1=6 StoredC1=3 SameC1=0 CurrentRight=E6EAF010 StoredRight=E6EAF010 SameRight=1 ResultRightMatchesStored=1 RightUseType=55 RightGroup=5 InterventionUsed=1 PreStateFistProven=1 LaterFistRearmUsed=1 DecisionFoundMotion=0 DecisionScanValid=0 DecisionMarkerPresent=0 DecisionHasFist=0 DecisionFistCount=0 DecisionRightCount=0 DecisionLeftCount=0 DecisionBothCount=0 DecisionOffCount=0 RequiredSourceMask=0 Raw8ResolverAbsent=1 QuickHit=0 Eligible=0 FirstFailedGate=C1_MISMATCH
===== CORE MARKER ANOMALY / DISCOVERY =====
ElapsedMs: 27070.375
Actor: Troll
Action: 2
Family: POWER
AniPhase: 0
StatePosition: 0
CurrentMovementAni: Troll_Stand_Fist_Fist_P0_PowerAttack_Raise_N_Fwd_00_%_00_P0_0.xmot
MarkerName: G3AB_COL_FIST
MarkerOpcode: FIST
Result: REJECTED_UNSUPPORTED_HIT
C1GenerationValid: 1
C1Generation: 6
RequiredSourceMask: 0
MissingSourceMask: 0
RightSourceSlot: RIGHT
RightSourceName: TrollFist
RightSourceUseType: 55
RightSourceCollisionGroup: 5
LeftSourceSlot: LEFT
LeftSourceName: TrollFist
LeftSourceUseType: 55
LeftSourceCollisionGroup: 5
Raw8FistSourceName: <none>
Raw8FistSourceUseType: -1
Raw8FistSourceCollisionGroup: -1
===========================================

CORE RAW55_QUICK_REPEAT_FIST_ELIGIBILITY Actor=Troll Action=2 StatePosition=0 StateTime=0.602382 MarkerOpcode=4 ResultOpcode=4 ResultCode=0 CurrentC1Valid=1 CurrentC1=6 StoredC1=3 SameC1=0 CurrentRight=E6EAF010 StoredRight=E6EAF010 SameRight=1 ResultRightMatchesStored=1 RightUseType=55 RightGroup=5 InterventionUsed=1 PreStateFistProven=1 LaterFistRearmUsed=1 DecisionFoundMotion=0 DecisionScanValid=0 DecisionMarkerPresent=0 DecisionHasFist=0 DecisionFistCount=0 DecisionRightCount=0 DecisionLeftCount=0 DecisionBothCount=0 DecisionOffCount=0 RequiredSourceMask=0 Raw8ResolverAbsent=1 QuickHit=0 Eligible=0 FirstFailedGate=C1_MISMATCH
CORE C1_BIND ElapsedMs=27261.531 Event=COMBAT_MOVE_REUSED Actor=Troll Generation=6 Status=PERSISTED Outstanding=0 Source=<null> Script=_AI_PowerAttack
CORE ATTACK_OWNERSHIP ElapsedMs=27267.714 Actor=Troll Family=POWER Action=2 Phase=1 Motion=Troll_Stand_Fist_Fist_P0_PowerAttack_Hit_N_Fwd_00_%_00_P0_150.xmot MarkerPresent=1 RequiredMask=0 FistMarkers=1 Raw8Fist=<none> Raw8UseType=-1 SuppressNative=0 Classification=CONTRADICTION
===== CORE ATTACK OWNERSHIP ANOMALY =====
MatchingMotionFound: 1
MarkerScanValid: 1
RequiredSourcesAvailable: 1
RightSourceSlot: RIGHT
RightSourceName: TrollFist
RightSourceUseType: 55
RightSourceCollisionGroup: 5
LeftSourceSlot: LEFT
LeftSourceName: TrollFist
LeftSourceUseType: 55
LeftSourceCollisionGroup: 5
Raw8FistSourceName: <none>
Raw8FistSourceUseType: -1
Raw8FistSourceCollisionGroup: -1
=========================================

CORE RAW55_POWER_GROUP_SUPPRESSION Actor=Troll C1=6 Action=2 Right=TrollFist RightUseType=55 RequestedGroup=7 BeforeGroup=5 StatePosition=0 StateTime=0.803798 SUPPRESS_GROUP=1
CORE RAW55_POWER_CALLBACK_BOUNDARY Actor=Troll C1=6 SameC1=1 SameRight=1 Action=2->2 Phase=1->1 StateTime=0.803798->0.803798 StatePosition=0->1 MotionBefore=Troll_Stand_Fist_Fist_P0_PowerAttack_Hit_N_Fwd_00_%_00_P0_150.xmot MotionAfter=Troll_Stand_Fist_Fist_P0_PowerAttack_Hit_N_Fwd_00_%_00_P0_150.xmot Right=TrollFist RightUseType=55 RightGroup=5->5 NativeResult=1 OBSERVE_NATIVE=1
CORE RAW55_POWER_CALLBACK_BOUNDARY Actor=Troll C1=6 SameC1=1 SameRight=1 Action=2->2 Phase=1->1 StateTime=0.812132->0.812132 StatePosition=1->1 MotionBefore=Troll_Stand_Fist_Fist_P0_PowerAttack_Hit_N_Fwd_00_%_00_P0_150.xmot MotionAfter=Troll_Stand_Fist_Fist_P0_PowerAttack_Hit_N_Fwd_00_%_00_P0_150.xmot Right=TrollFist RightUseType=55 RightGroup=5->5 NativeResult=1 OBSERVE_NATIVE=1
CORE RAW55_POWER_CALLBACK_BOUNDARY Actor=Troll C1=6 SameC1=1 SameRight=1 Action=2->2 Phase=1->1 StateTime=0.827014->0.827014 StatePosition=1->1 MotionBefore=Troll_Stand_Fist_Fist_P0_PowerAttack_Hit_N_Fwd_00_%_00_P0_150.xmot MotionAfter=Troll_Stand_Fist_Fist_P0_PowerAttack_Hit_N_Fwd_00_%_00_P0_150.xmot Right=TrollFist RightUseType=55 RightGroup=5->5 NativeResult=1 OBSERVE_NATIVE=1
CORE RAW55_POWER_CALLBACK_BOUNDARY Actor=Troll C1=6 SameC1=1 SameRight=1 Action=2->2 Phase=1->1 StateTime=0.835347->0.835347 StatePosition=1->1 MotionBefore=Troll_Stand_Fist_Fist_P0_PowerAttack_Hit_N_Fwd_00_%_00_P0_150.xmot MotionAfter=Troll_Stand_Fist_Fist_P0_PowerAttack_Hit_N_Fwd_00_%_00_P0_150.xmot Right=TrollFist RightUseType=55 RightGroup=5->5 NativeResult=1 OBSERVE_NATIVE=1
===== CORE MARKER ANOMALY / DISCOVERY =====
ElapsedMs: 27290.734
Actor: Troll
Action: 2
Family: POWER
AniPhase: 1
StatePosition: 1
CurrentMovementAni: Troll_Stand_Fist_Fist_P0_PowerAttack_Hit_N_Fwd_00_%_00_P0_150.xmot
MarkerName: G3AB_COL_FIST
MarkerOpcode: FIST
Result: UNSUPPORTED_MISSING_SOURCE
C1GenerationValid: 1
C1Generation: 6
RequiredSourceMask: 0
MissingSourceMask: 0
RightSourceSlot: RIGHT
RightSourceName: TrollFist
RightSourceUseType: 55
RightSourceCollisionGroup: 5
LeftSourceSlot: LEFT
LeftSourceName: TrollFist
LeftSourceUseType: 55
LeftSourceCollisionGroup: 5
Raw8FistSourceName: <none>
Raw8FistSourceUseType: -1
Raw8FistSourceCollisionGroup: -1
===========================================

CORE COLLISION_GROUP ElapsedMs=27290.770 Source=TrollFist UseType=55 Owner=Troll Slot=RIGHT Requested=7 Before=5 After=7 MarkerBitsRetired=0
CORE C1 OFFENSE REQUEST ElapsedMs=27290.778 Actor=Troll Generation=6 Status=PERSISTED Source=TrollFist Side=RIGHT Requests=1 Outstanding=1 CleanupObserved=0 Group=7
CORE RAW55_POWER_FIST_ACTIVATION_PROBE Actor=Troll C1=6 Action=2 StatePosition=1 StateTime=0.844319 Right=TrollFist RightUseType=55 GroupBefore=5 RequestedGroup=7 GroupAfter=7 EarlySuppressionProof=1 ClearTriggeredList=0 ACTIVATE_FIST=1
CORE RAW55_POWER_CALLBACK_BOUNDARY Actor=Troll C1=6 SameC1=1 SameRight=1 Action=2->2 Phase=1->1 StateTime=0.844319->0.844319 StatePosition=1->1 MotionBefore=Troll_Stand_Fist_Fist_P0_PowerAttack_Hit_N_Fwd_00_%_00_P0_150.xmot MotionAfter=Troll_Stand_Fist_Fist_P0_PowerAttack_Hit_N_Fwd_00_%_00_P0_150.xmot Right=TrollFist RightUseType=55 RightGroup=7->7 NativeResult=1 OBSERVE_NATIVE=1
CORE RAW55_POWER_CALLBACK_BOUNDARY Actor=Troll C1=6 SameC1=1 SameRight=1 Action=2->2 Phase=1->1 StateTime=0.852652->0.852652 StatePosition=1->1 MotionBefore=Troll_Stand_Fist_Fist_P0_PowerAttack_Hit_N_Fwd_00_%_00_P0_150.xmot MotionAfter=Troll_Stand_Fist_Fist_P0_PowerAttack_Hit_N_Fwd_00_%_00_P0_150.xmot Right=TrollFist RightUseType=55 RightGroup=7->7 NativeResult=1 OBSERVE_NATIVE=1
CORE RAW55_POWER_CALLBACK_BOUNDARY Actor=Troll C1=6 SameC1=1 SameRight=1 Action=2->2 Phase=1->1 StateTime=0.861609->0.861609 StatePosition=1->1 MotionBefore=Troll_Stand_Fist_Fist_P0_PowerAttack_Hit_N_Fwd_00_%_00_P0_150.xmot MotionAfter=Troll_Stand_Fist_Fist_P0_PowerAttack_Hit_N_Fwd_00_%_00_P0_150.xmot Right=TrollFist RightUseType=55 RightGroup=7->7 NativeResult=1 OBSERVE_NATIVE=1
CORE RAW55_POWER_CALLBACK_BOUNDARY Actor=Troll C1=6 SameC1=1 SameRight=1 Action=2->2 Phase=1->1 StateTime=0.869942->0.869942 StatePosition=1->1 MotionBefore=Troll_Stand_Fist_Fist_P0_PowerAttack_Hit_N_Fwd_00_%_00_P0_150.xmot MotionAfter=Troll_Stand_Fist_Fist_P0_PowerAttack_Hit_N_Fwd_00_%_00_P0_150.xmot Right=TrollFist RightUseType=55 RightGroup=7->7 NativeResult=1 OBSERVE_NATIVE=1
CORE RAW55_POWER_CALLBACK_BOUNDARY Actor=Troll C1=6 SameC1=1 SameRight=1 Action=2->2 Phase=1->1 StateTime=0.878913->0.878913 StatePosition=1->1 MotionBefore=Troll_Stand_Fist_Fist_P0_PowerAttack_Hit_N_Fwd_00_%_00_P0_150.xmot MotionAfter=Troll_Stand_Fist_Fist_P0_PowerAttack_Hit_N_Fwd_00_%_00_P0_150.xmot Right=TrollFist RightUseType=55 RightGroup=7->7 NativeResult=1 OBSERVE_NATIVE=1
CORE RAW55_POWER_CALLBACK_BOUNDARY Actor=Troll C1=6 SameC1=1 SameRight=1 Action=2->2 Phase=1->1 StateTime=0.887246->0.887246 StatePosition=1->1 MotionBefore=Troll_Stand_Fist_Fist_P0_PowerAttack_Hit_N_Fwd_00_%_00_P0_150.xmot MotionAfter=Troll_Stand_Fist_Fist_P0_PowerAttack_Hit_N_Fwd_00_%_00_P0_150.xmot Right=TrollFist RightUseType=55 RightGroup=7->7 NativeResult=1 OBSERVE_NATIVE=1
CORE RAW55_POWER_CALLBACK_BOUNDARY Actor=Troll C1=6 SameC1=1 SameRight=1 Action=2->2 Phase=1->1 StateTime=0.895579->0.895579 StatePosition=1->1 MotionBefore=Troll_Stand_Fist_Fist_P0_PowerAttack_Hit_N_Fwd_00_%_00_P0_150.xmot MotionAfter=Troll_Stand_Fist_Fist_P0_PowerAttack_Hit_N_Fwd_00_%_00_P0_150.xmot Right=TrollFist RightUseType=55 RightGroup=7->7 NativeResult=1 OBSERVE_NATIVE=1
CORE RAW55_POWER_CALLBACK_BOUNDARY Actor=Troll C1=6 SameC1=1 SameRight=1 Action=2->2 Phase=1->1 StateTime=0.903913->0.903913 StatePosition=1->1 MotionBefore=Troll_Stand_Fist_Fist_P0_PowerAttack_Hit_N_Fwd_00_%_00_P0_150.xmot MotionAfter=Troll_Stand_Fist_Fist_P0_PowerAttack_Hit_N_Fwd_00_%_00_P0_150.xmot Right=TrollFist RightUseType=55 RightGroup=7->7 NativeResult=1 OBSERVE_NATIVE=1
CORE RAW55_POWER_CALLBACK_BOUNDARY Actor=Troll C1=6 SameC1=1 SameRight=1 Action=2->2 Phase=1->1 StateTime=0.912883->0.912883 StatePosition=1->1 MotionBefore=Troll_Stand_Fist_Fist_P0_PowerAttack_Hit_N_Fwd_00_%_00_P0_150.xmot MotionAfter=Troll_Stand_Fist_Fist_P0_PowerAttack_Hit_N_Fwd_00_%_00_P0_150.xmot Right=TrollFist RightUseType=55 RightGroup=7->7 NativeResult=1 OBSERVE_NATIVE=1
CORE RAW55_POWER_CALLBACK_BOUNDARY Actor=Troll C1=6 SameC1=1 SameRight=1 Action=2->2 Phase=1->1 StateTime=0.921217->0.921217 StatePosition=1->1 MotionBefore=Troll_Stand_Fist_Fist_P0_PowerAttack_Hit_N_Fwd_00_%_00_P0_150.xmot MotionAfter=Troll_Stand_Fist_Fist_P0_PowerAttack_Hit_N_Fwd_00_%_00_P0_150.xmot Right=TrollFist RightUseType=55 RightGroup=7->7 NativeResult=1 OBSERVE_NATIVE=1
CORE RAW55_POWER_CALLBACK_BOUNDARY Actor=Troll C1=6 SameC1=1 SameRight=1 Action=2->2 Phase=1->1 StateTime=0.929550->0.929550 StatePosition=1->1 MotionBefore=Troll_Stand_Fist_Fist_P0_PowerAttack_Hit_N_Fwd_00_%_00_P0_150.xmot MotionAfter=Troll_Stand_Fist_Fist_P0_PowerAttack_Hit_N_Fwd_00_%_00_P0_150.xmot Right=TrollFist RightUseType=55 RightGroup=7->7 NativeResult=1 OBSERVE_NATIVE=1
CORE RAW55_POWER_CALLBACK_BOUNDARY Actor=Troll C1=6 SameC1=1 SameRight=1 Action=2->2 Phase=1->1 StateTime=0.937883->0.937883 StatePosition=1->1 MotionBefore=Troll_Stand_Fist_Fist_P0_PowerAttack_Hit_N_Fwd_00_%_00_P0_150.xmot MotionAfter=Troll_Stand_Fist_Fist_P0_PowerAttack_Hit_N_Fwd_00_%_00_P0_150.xmot Right=TrollFist RightUseType=55 RightGroup=7->7 NativeResult=1 OBSERVE_NATIVE=1
CORE RAW55_POWER_CALLBACK_BOUNDARY Actor=Troll C1=6 SameC1=1 SameRight=1 Action=2->2 Phase=1->1 StateTime=0.946854->0.946854 StatePosition=1->1 MotionBefore=Troll_Stand_Fist_Fist_P0_PowerAttack_Hit_N_Fwd_00_%_00_P0_150.xmot MotionAfter=Troll_Stand_Fist_Fist_P0_PowerAttack_Hit_N_Fwd_00_%_00_P0_150.xmot Right=TrollFist RightUseType=55 RightGroup=7->7 NativeResult=1 OBSERVE_NATIVE=1
CORE RAW55_POWER_CALLBACK_BOUNDARY Actor=Troll C1=6 SameC1=1 SameRight=1 Action=2->2 Phase=1->1 StateTime=0.955187->0.955187 StatePosition=1->1 MotionBefore=Troll_Stand_Fist_Fist_P0_PowerAttack_Hit_N_Fwd_00_%_00_P0_150.xmot MotionAfter=Troll_Stand_Fist_Fist_P0_PowerAttack_Hit_N_Fwd_00_%_00_P0_150.xmot Right=TrollFist RightUseType=55 RightGroup=7->7 NativeResult=1 OBSERVE_NATIVE=1
CORE RAW55_POWER_CALLBACK_BOUNDARY Actor=Troll C1=6 SameC1=1 SameRight=1 Action=2->2 Phase=1->1 StateTime=0.963520->0.963520 StatePosition=1->1 MotionBefore=Troll_Stand_Fist_Fist_P0_PowerAttack_Hit_N_Fwd_00_%_00_P0_150.xmot MotionAfter=Troll_Stand_Fist_Fist_P0_PowerAttack_Hit_N_Fwd_00_%_00_P0_150.xmot Right=TrollFist RightUseType=55 RightGroup=7->7 NativeResult=1 OBSERVE_NATIVE=1
CORE RAW55_POWER_CALLBACK_BOUNDARY Actor=Troll C1=6 SameC1=1 SameRight=1 Action=2->2 Phase=1->1 StateTime=0.972491->0.972491 StatePosition=1->1 MotionBefore=Troll_Stand_Fist_Fist_P0_PowerAttack_Hit_N_Fwd_00_%_00_P0_150.xmot MotionAfter=Troll_Stand_Fist_Fist_P0_PowerAttack_Hit_N_Fwd_00_%_00_P0_150.xmot Right=TrollFist RightUseType=55 RightGroup=7->7 NativeResult=1 OBSERVE_NATIVE=1
CORE RAW55_POWER_CALLBACK_BOUNDARY Actor=Troll C1=6 SameC1=1 SameRight=1 Action=2->2 Phase=1->1 StateTime=0.980824->0.980824 StatePosition=1->1 MotionBefore=Troll_Stand_Fist_Fist_P0_PowerAttack_Hit_N_Fwd_00_%_00_P0_150.xmot MotionAfter=Troll_Stand_Fist_Fist_P0_PowerAttack_Hit_N_Fwd_00_%_00_P0_150.xmot Right=TrollFist RightUseType=55 RightGroup=7->7 NativeResult=1 OBSERVE_NATIVE=1
CORE RAW55_POWER_CALLBACK_BOUNDARY Actor=Troll C1=6 SameC1=1 SameRight=1 Action=2->2 Phase=1->1 StateTime=0.989795->0.989795 StatePosition=1->1 MotionBefore=Troll_Stand_Fist_Fist_P0_PowerAttack_Hit_N_Fwd_00_%_00_P0_150.xmot MotionAfter=Troll_Stand_Fist_Fist_P0_PowerAttack_Hit_N_Fwd_00_%_00_P0_150.xmot Right=TrollFist RightUseType=55 RightGroup=7->7 NativeResult=1 OBSERVE_NATIVE=1
CORE RAW55_POWER_CALLBACK_BOUNDARY Actor=Troll C1=6 SameC1=1 SameRight=1 Action=2->2 Phase=1->1 StateTime=0.998129->0.998129 StatePosition=1->1 MotionBefore=Troll_Stand_Fist_Fist_P0_PowerAttack_Hit_N_Fwd_00_%_00_P0_150.xmot MotionAfter=Troll_Stand_Fist_Fist_P0_PowerAttack_Hit_N_Fwd_00_%_00_P0_150.xmot Right=TrollFist RightUseType=55 RightGroup=7->7 NativeResult=1 OBSERVE_NATIVE=1
CORE RAW55_POWER_CALLBACK_BOUNDARY Actor=Troll C1=6 SameC1=1 SameRight=1 Action=2->2 Phase=1->1 StateTime=1.006462->1.006462 StatePosition=1->1 MotionBefore=Troll_Stand_Fist_Fist_P0_PowerAttack_Hit_N_Fwd_00_%_00_P0_150.xmot MotionAfter=Troll_Stand_Fist_Fist_P0_PowerAttack_Hit_N_Fwd_00_%_00_P0_150.xmot Right=TrollFist RightUseType=55 RightGroup=7->7 NativeResult=1 OBSERVE_NATIVE=1
CORE RAW55_POWER_CALLBACK_BOUNDARY Actor=Troll C1=6 SameC1=1 SameRight=1 Action=2->2 Phase=1->1 StateTime=1.015432->1.015432 StatePosition=1->1 MotionBefore=Troll_Stand_Fist_Fist_P0_PowerAttack_Hit_N_Fwd_00_%_00_P0_150.xmot MotionAfter=Troll_Stand_Fist_Fist_P0_PowerAttack_Hit_N_Fwd_00_%_00_P0_150.xmot Right=TrollFist RightUseType=55 RightGroup=7->7 NativeResult=1 OBSERVE_NATIVE=1
CORE RAW55_POWER_CALLBACK_BOUNDARY Actor=Troll C1=6 SameC1=1 SameRight=1 Action=2->2 Phase=1->1 StateTime=1.023766->1.023766 StatePosition=1->1 MotionBefore=Troll_Stand_Fist_Fist_P0_PowerAttack_Hit_N_Fwd_00_%_00_P0_150.xmot MotionAfter=Troll_Stand_Fist_Fist_P0_PowerAttack_Hit_N_Fwd_00_%_00_P0_150.xmot Right=TrollFist RightUseType=55 RightGroup=7->7 NativeResult=1 OBSERVE_NATIVE=1
CORE RAW55_POWER_CALLBACK_BOUNDARY Actor=Troll C1=6 SameC1=1 SameRight=1 Action=2->2 Phase=1->1 StateTime=1.032737->1.032737 StatePosition=1->1 MotionBefore=Troll_Stand_Fist_Fist_P0_PowerAttack_Hit_N_Fwd_00_%_00_P0_150.xmot MotionAfter=Troll_Stand_Fist_Fist_P0_PowerAttack_Hit_N_Fwd_00_%_00_P0_150.xmot Right=TrollFist RightUseType=55 RightGroup=7->7 NativeResult=1 OBSERVE_NATIVE=1
CORE RAW55_POWER_CALLBACK_BOUNDARY Actor=Troll C1=6 SameC1=1 SameRight=1 Action=2->2 Phase=1->1 StateTime=1.041070->1.041070 StatePosition=1->1 MotionBefore=Troll_Stand_Fist_Fist_P0_PowerAttack_Hit_N_Fwd_00_%_00_P0_150.xmot MotionAfter=Troll_Stand_Fist_Fist_P0_PowerAttack_Hit_N_Fwd_00_%_00_P0_150.xmot Right=TrollFist RightUseType=55 RightGroup=7->7 NativeResult=1 OBSERVE_NATIVE=1
CORE RAW55_POWER_CALLBACK_BOUNDARY Actor=Troll C1=6 SameC1=1 SameRight=1 Action=2->2 Phase=1->1 StateTime=1.049403->1.049403 StatePosition=1->1 MotionBefore=Troll_Stand_Fist_Fist_P0_PowerAttack_Hit_N_Fwd_00_%_00_P0_150.xmot MotionAfter=Troll_Stand_Fist_Fist_P0_PowerAttack_Hit_N_Fwd_00_%_00_P0_150.xmot Right=TrollFist RightUseType=55 RightGroup=7->7 NativeResult=1 OBSERVE_NATIVE=1
CORE RAW55_POWER_CALLBACK_BOUNDARY Actor=Troll C1=6 SameC1=1 SameRight=1 Action=2->2 Phase=1->1 StateTime=1.058360->1.058360 StatePosition=1->1 MotionBefore=Troll_Stand_Fist_Fist_P0_PowerAttack_Hit_N_Fwd_00_%_00_P0_150.xmot MotionAfter=Troll_Stand_Fist_Fist_P0_PowerAttack_Hit_N_Fwd_00_%_00_P0_150.xmot Right=TrollFist RightUseType=55 RightGroup=7->7 NativeResult=1 OBSERVE_NATIVE=1
CORE RAW55_POWER_CALLBACK_BOUNDARY Actor=Troll C1=6 SameC1=1 SameRight=1 Action=2->2 Phase=1->1 StateTime=1.066693->1.066693 StatePosition=1->1 MotionBefore=Troll_Stand_Fist_Fist_P0_PowerAttack_Hit_N_Fwd_00_%_00_P0_150.xmot MotionAfter=Troll_Stand_Fist_Fist_P0_PowerAttack_Hit_N_Fwd_00_%_00_P0_150.xmot Right=TrollFist RightUseType=55 RightGroup=7->7 NativeResult=1 OBSERVE_NATIVE=1
CORE RAW55_POWER_CALLBACK_BOUNDARY Actor=Troll C1=6 SameC1=1 SameRight=1 Action=2->2 Phase=1->1 StateTime=1.075026->1.075026 StatePosition=1->1 MotionBefore=Troll_Stand_Fist_Fist_P0_PowerAttack_Hit_N_Fwd_00_%_00_P0_150.xmot MotionAfter=Troll_Stand_Fist_Fist_P0_PowerAttack_Hit_N_Fwd_00_%_00_P0_150.xmot Right=TrollFist RightUseType=55 RightGroup=7->7 NativeResult=1 OBSERVE_NATIVE=1
CORE RAW55_POWER_CALLBACK_BOUNDARY Actor=Troll C1=6 SameC1=1 SameRight=1 Action=2->2 Phase=1->1 StateTime=1.083360->1.083360 StatePosition=1->1 MotionBefore=Troll_Stand_Fist_Fist_P0_PowerAttack_Hit_N_Fwd_00_%_00_P0_150.xmot MotionAfter=Troll_Stand_Fist_Fist_P0_PowerAttack_Hit_N_Fwd_00_%_00_P0_150.xmot Right=TrollFist RightUseType=55 RightGroup=7->7 NativeResult=1 OBSERVE_NATIVE=1
CORE RAW55_POWER_CALLBACK_BOUNDARY Actor=Troll C1=6 SameC1=1 SameRight=1 Action=2->2 Phase=1->1 StateTime=1.091693->1.091693 StatePosition=1->1 MotionBefore=Troll_Stand_Fist_Fist_P0_PowerAttack_Hit_N_Fwd_00_%_00_P0_150.xmot MotionAfter=Troll_Stand_Fist_Fist_P0_PowerAttack_Hit_N_Fwd_00_%_00_P0_150.xmot Right=TrollFist RightUseType=55 RightGroup=7->7 NativeResult=1 OBSERVE_NATIVE=1
CORE RAW55_POWER_CALLBACK_BOUNDARY Actor=Troll C1=6 SameC1=1 SameRight=1 Action=2->2 Phase=1->1 StateTime=1.100026->1.100026 StatePosition=1->1 MotionBefore=Troll_Stand_Fist_Fist_P0_PowerAttack_Hit_N_Fwd_00_%_00_P0_150.xmot MotionAfter=Troll_Stand_Fist_Fist_P0_PowerAttack_Hit_N_Fwd_00_%_00_P0_150.xmot Right=TrollFist RightUseType=55 RightGroup=7->7 NativeResult=1 OBSERVE_NATIVE=1
CORE RAW55_POWER_CALLBACK_BOUNDARY Actor=Troll C1=6 SameC1=1 SameRight=1 Action=2->2 Phase=1->1 StateTime=1.108360->1.108360 StatePosition=1->1 MotionBefore=Troll_Stand_Fist_Fist_P0_PowerAttack_Hit_N_Fwd_00_%_00_P0_150.xmot MotionAfter=Troll_Stand_Fist_Fist_P0_PowerAttack_Hit_N_Fwd_00_%_00_P0_150.xmot Right=TrollFist RightUseType=55 RightGroup=7->7 NativeResult=1 OBSERVE_NATIVE=1
CORE RAW55_POWER_CALLBACK_BOUNDARY Actor=Troll C1=6 SameC1=1 SameRight=1 Action=2->2 Phase=1->1 StateTime=1.117330->1.117330 StatePosition=1->1 MotionBefore=Troll_Stand_Fist_Fist_P0_PowerAttack_Hit_N_Fwd_00_%_00_P0_150.xmot MotionAfter=Troll_Stand_Fist_Fist_P0_PowerAttack_Hit_N_Fwd_00_%_00_P0_150.xmot Right=TrollFist RightUseType=55 RightGroup=7->7 NativeResult=1 OBSERVE_NATIVE=1
CORE RAW55_POWER_CALLBACK_BOUNDARY Actor=Troll C1=6 SameC1=1 SameRight=1 Action=2->2 Phase=1->1 StateTime=1.125664->1.125664 StatePosition=1->1 MotionBefore=Troll_Stand_Fist_Fist_P0_PowerAttack_Hit_N_Fwd_00_%_00_P0_150.xmot MotionAfter=Troll_Stand_Fist_Fist_P0_PowerAttack_Hit_N_Fwd_00_%_00_P0_150.xmot Right=TrollFist RightUseType=55 RightGroup=7->7 NativeResult=1 OBSERVE_NATIVE=1
CORE RAW55_POWER_CALLBACK_BOUNDARY Actor=Troll C1=6 SameC1=1 SameRight=1 Action=2->2 Phase=1->1 StateTime=1.133997->1.133997 StatePosition=1->1 MotionBefore=Troll_Stand_Fist_Fist_P0_PowerAttack_Hit_N_Fwd_00_%_00_P0_150.xmot MotionAfter=Troll_Stand_Fist_Fist_P0_PowerAttack_Hit_N_Fwd_00_%_00_P0_150.xmot Right=TrollFist RightUseType=55 RightGroup=7->7 NativeResult=1 OBSERVE_NATIVE=1
CORE RAW55_POWER_CALLBACK_BOUNDARY Actor=Troll C1=6 SameC1=1 SameRight=1 Action=2->2 Phase=1->1 StateTime=1.142331->1.142331 StatePosition=1->1 MotionBefore=Troll_Stand_Fist_Fist_P0_PowerAttack_Hit_N_Fwd_00_%_00_P0_150.xmot MotionAfter=Troll_Stand_Fist_Fist_P0_PowerAttack_Hit_N_Fwd_00_%_00_P0_150.xmot Right=TrollFist RightUseType=55 RightGroup=7->7 NativeResult=1 OBSERVE_NATIVE=1
CORE RAW55_POWER_CALLBACK_BOUNDARY Actor=Troll C1=6 SameC1=1 SameRight=1 Action=2->2 Phase=1->1 StateTime=1.152287->1.152287 StatePosition=1->1 MotionBefore=Troll_Stand_Fist_Fist_P0_PowerAttack_Hit_N_Fwd_00_%_00_P0_150.xmot MotionAfter=Troll_Stand_Fist_Fist_P0_PowerAttack_Hit_N_Fwd_00_%_00_P0_150.xmot Right=TrollFist RightUseType=55 RightGroup=7->7 NativeResult=1 OBSERVE_NATIVE=1
CORE RAW55_POWER_CALLBACK_BOUNDARY Actor=Troll C1=6 SameC1=1 SameRight=1 Action=2->2 Phase=1->1 StateTime=1.160620->1.160620 StatePosition=1->1 MotionBefore=Troll_Stand_Fist_Fist_P0_PowerAttack_Hit_N_Fwd_00_%_00_P0_150.xmot MotionAfter=Troll_Stand_Fist_Fist_P0_PowerAttack_Hit_N_Fwd_00_%_00_P0_150.xmot Right=TrollFist RightUseType=55 RightGroup=7->7 NativeResult=1 OBSERVE_NATIVE=1
CORE RAW55_POWER_CALLBACK_BOUNDARY Actor=Troll C1=6 SameC1=1 SameRight=1 Action=2->2 Phase=1->1 StateTime=1.170562->1.170562 StatePosition=1->1 MotionBefore=Troll_Stand_Fist_Fist_P0_PowerAttack_Hit_N_Fwd_00_%_00_P0_150.xmot MotionAfter=Troll_Stand_Fist_Fist_P0_PowerAttack_Hit_N_Fwd_00_%_00_P0_150.xmot Right=TrollFist RightUseType=55 RightGroup=7->7 NativeResult=1 OBSERVE_NATIVE=1
CORE RAW55_POWER_CALLBACK_BOUNDARY Actor=Troll C1=6 SameC1=1 SameRight=1 Action=2->2 Phase=1->1 StateTime=1.178895->1.178895 StatePosition=1->1 MotionBefore=Troll_Stand_Fist_Fist_P0_PowerAttack_Hit_N_Fwd_00_%_00_P0_150.xmot MotionAfter=Troll_Stand_Fist_Fist_P0_PowerAttack_Hit_N_Fwd_00_%_00_P0_150.xmot Right=TrollFist RightUseType=55 RightGroup=7->7 NativeResult=1 OBSERVE_NATIVE=1
CORE RAW55_POWER_CALLBACK_BOUNDARY Actor=Troll C1=6 SameC1=1 SameRight=1 Action=2->2 Phase=1->1 StateTime=1.187228->1.187228 StatePosition=1->1 MotionBefore=Troll_Stand_Fist_Fist_P0_PowerAttack_Hit_N_Fwd_00_%_00_P0_150.xmot MotionAfter=Troll_Stand_Fist_Fist_P0_PowerAttack_Hit_N_Fwd_00_%_00_P0_150.xmot Right=TrollFist RightUseType=55 RightGroup=7->7 NativeResult=1 OBSERVE_NATIVE=1
CORE RAW55_POWER_CALLBACK_BOUNDARY Actor=Troll C1=6 SameC1=1 SameRight=1 Action=2->2 Phase=1->1 StateTime=1.196199->1.196199 StatePosition=1->1 MotionBefore=Troll_Stand_Fist_Fist_P0_PowerAttack_Hit_N_Fwd_00_%_00_P0_150.xmot MotionAfter=Troll_Stand_Fist_Fist_P0_PowerAttack_Hit_N_Fwd_00_%_00_P0_150.xmot Right=TrollFist RightUseType=55 RightGroup=7->7 NativeResult=1 OBSERVE_NATIVE=1
CORE RAW55_POWER_CALLBACK_BOUNDARY Actor=Troll C1=6 SameC1=1 SameRight=1 Action=2->2 Phase=1->1 StateTime=1.204532->1.204532 StatePosition=1->1 MotionBefore=Troll_Stand_Fist_Fist_P0_PowerAttack_Hit_N_Fwd_00_%_00_P0_150.xmot MotionAfter=Troll_Stand_Fist_Fist_P0_PowerAttack_Hit_N_Fwd_00_%_00_P0_150.xmot Right=TrollFist RightUseType=55 RightGroup=7->7 NativeResult=1 OBSERVE_NATIVE=1
CORE RAW55_POWER_CALLBACK_BOUNDARY Actor=Troll C1=6 SameC1=1 SameRight=1 Action=2->2 Phase=1->1 StateTime=1.212866->1.212866 StatePosition=1->1 MotionBefore=Troll_Stand_Fist_Fist_P0_PowerAttack_Hit_N_Fwd_00_%_00_P0_150.xmot MotionAfter=Troll_Stand_Fist_Fist_P0_PowerAttack_Hit_N_Fwd_00_%_00_P0_150.xmot Right=TrollFist RightUseType=55 RightGroup=7->7 NativeResult=1 OBSERVE_NATIVE=1
CORE RAW55_POWER_CALLBACK_BOUNDARY Actor=Troll C1=6 SameC1=1 SameRight=1 Action=2->2 Phase=1->1 StateTime=1.221199->1.221199 StatePosition=1->1 MotionBefore=Troll_Stand_Fist_Fist_P0_PowerAttack_Hit_N_Fwd_00_%_00_P0_150.xmot MotionAfter=Troll_Stand_Fist_Fist_P0_PowerAttack_Hit_N_Fwd_00_%_00_P0_150.xmot Right=TrollFist RightUseType=55 RightGroup=7->7 NativeResult=1 OBSERVE_NATIVE=1
CORE RAW55_POWER_CALLBACK_BOUNDARY Actor=Troll C1=6 SameC1=1 SameRight=1 Action=2->2 Phase=1->1 StateTime=1.229532->1.229532 StatePosition=1->1 MotionBefore=Troll_Stand_Fist_Fist_P0_PowerAttack_Hit_N_Fwd_00_%_00_P0_150.xmot MotionAfter=Troll_Stand_Fist_Fist_P0_PowerAttack_Hit_N_Fwd_00_%_00_P0_150.xmot Right=TrollFist RightUseType=55 RightGroup=7->7 NativeResult=1 OBSERVE_NATIVE=1
CORE RAW55_POWER_CALLBACK_BOUNDARY Actor=Troll C1=6 SameC1=1 SameRight=1 Action=2->2 Phase=1->1 StateTime=1.237866->1.237866 StatePosition=1->1 MotionBefore=Troll_Stand_Fist_Fist_P0_PowerAttack_Hit_N_Fwd_00_%_00_P0_150.xmot MotionAfter=Troll_Stand_Fist_Fist_P0_PowerAttack_Hit_N_Fwd_00_%_00_P0_150.xmot Right=TrollFist RightUseType=55 RightGroup=7->7 NativeResult=1 OBSERVE_NATIVE=1
CORE RAW55_POWER_CALLBACK_BOUNDARY Actor=Troll C1=6 SameC1=1 SameRight=1 Action=2->2 Phase=1->1 StateTime=1.246199->1.246199 StatePosition=1->1 MotionBefore=Troll_Stand_Fist_Fist_P0_PowerAttack_Hit_N_Fwd_00_%_00_P0_150.xmot MotionAfter=Troll_Stand_Fist_Fist_P0_PowerAttack_Hit_N_Fwd_00_%_00_P0_150.xmot Right=TrollFist RightUseType=55 RightGroup=7->7 NativeResult=1 OBSERVE_NATIVE=1
CORE RAW55_POWER_CALLBACK_BOUNDARY Actor=Troll C1=6 SameC1=1 SameRight=1 Action=2->2 Phase=1->1 StateTime=1.254533->1.254533 StatePosition=1->1 MotionBefore=Troll_Stand_Fist_Fist_P0_PowerAttack_Hit_N_Fwd_00_%_00_P0_150.xmot MotionAfter=Troll_Stand_Fist_Fist_P0_PowerAttack_Hit_N_Fwd_00_%_00_P0_150.xmot Right=TrollFist RightUseType=55 RightGroup=7->7 NativeResult=1 OBSERVE_NATIVE=1
CORE RAW55_POWER_CALLBACK_BOUNDARY Actor=Troll C1=6 SameC1=1 SameRight=1 Action=2->2 Phase=1->1 StateTime=1.262866->1.262866 StatePosition=1->1 MotionBefore=Troll_Stand_Fist_Fist_P0_PowerAttack_Hit_N_Fwd_00_%_00_P0_150.xmot MotionAfter=Troll_Stand_Fist_Fist_P0_PowerAttack_Hit_N_Fwd_00_%_00_P0_150.xmot Right=TrollFist RightUseType=55 RightGroup=7->7 NativeResult=1 OBSERVE_NATIVE=1
CORE RAW55_POWER_CALLBACK_BOUNDARY Actor=Troll C1=6 SameC1=1 SameRight=1 Action=2->2 Phase=1->1 StateTime=1.271199->1.271199 StatePosition=1->1 MotionBefore=Troll_Stand_Fist_Fist_P0_PowerAttack_Hit_N_Fwd_00_%_00_P0_150.xmot MotionAfter=Troll_Stand_Fist_Fist_P0_PowerAttack_Hit_N_Fwd_00_%_00_P0_150.xmot Right=TrollFist RightUseType=55 RightGroup=7->7 NativeResult=1 OBSERVE_NATIVE=1
CORE RAW55_POWER_CALLBACK_BOUNDARY Actor=Troll C1=6 SameC1=1 SameRight=1 Action=2->2 Phase=1->1 StateTime=1.279533->1.279533 StatePosition=1->1 MotionBefore=Troll_Stand_Fist_Fist_P0_PowerAttack_Hit_N_Fwd_00_%_00_P0_150.xmot MotionAfter=Troll_Stand_Fist_Fist_P0_PowerAttack_Hit_N_Fwd_00_%_00_P0_150.xmot Right=TrollFist RightUseType=55 RightGroup=7->7 NativeResult=1 OBSERVE_NATIVE=1
CORE RAW55_POWER_CALLBACK_BOUNDARY Actor=Troll C1=6 SameC1=1 SameRight=1 Action=2->2 Phase=1->1 StateTime=1.287866->1.287866 StatePosition=1->1 MotionBefore=Troll_Stand_Fist_Fist_P0_PowerAttack_Hit_N_Fwd_00_%_00_P0_150.xmot MotionAfter=Troll_Stand_Fist_Fist_P0_PowerAttack_Hit_N_Fwd_00_%_00_P0_150.xmot Right=TrollFist RightUseType=55 RightGroup=7->7 NativeResult=1 OBSERVE_NATIVE=1
CORE RAW55_POWER_CALLBACK_BOUNDARY Actor=Troll C1=6 SameC1=1 SameRight=1 Action=2->2 Phase=1->1 StateTime=1.296199->1.296199 StatePosition=1->1 MotionBefore=Troll_Stand_Fist_Fist_P0_PowerAttack_Hit_N_Fwd_00_%_00_P0_150.xmot MotionAfter=Troll_Stand_Fist_Fist_P0_PowerAttack_Hit_N_Fwd_00_%_00_P0_150.xmot Right=TrollFist RightUseType=55 RightGroup=7->7 NativeResult=1 OBSERVE_NATIVE=1
CORE RAW55_POWER_CALLBACK_BOUNDARY Actor=Troll C1=6 SameC1=1 SameRight=1 Action=2->2 Phase=1->1 StateTime=1.305156->1.305156 StatePosition=1->1 MotionBefore=Troll_Stand_Fist_Fist_P0_PowerAttack_Hit_N_Fwd_00_%_00_P0_150.xmot MotionAfter=Troll_Stand_Fist_Fist_P0_PowerAttack_Hit_N_Fwd_00_%_00_P0_150.xmot Right=TrollFist RightUseType=55 RightGroup=7->7 NativeResult=1 OBSERVE_NATIVE=1
CORE RAW55_POWER_CALLBACK_BOUNDARY Actor=Troll C1=6 SameC1=1 SameRight=1 Action=2->2 Phase=1->1 StateTime=1.313489->1.313489 StatePosition=1->1 MotionBefore=Troll_Stand_Fist_Fist_P0_PowerAttack_Hit_N_Fwd_00_%_00_P0_150.xmot MotionAfter=Troll_Stand_Fist_Fist_P0_PowerAttack_Hit_N_Fwd_00_%_00_P0_150.xmot Right=TrollFist RightUseType=55 RightGroup=7->7 NativeResult=1 OBSERVE_NATIVE=1
CORE RAW55_POWER_CALLBACK_BOUNDARY Actor=Troll C1=6 SameC1=1 SameRight=1 Action=2->2 Phase=1->1 StateTime=1.322460->1.322460 StatePosition=1->1 MotionBefore=Troll_Stand_Fist_Fist_P0_PowerAttack_Hit_N_Fwd_00_%_00_P0_150.xmot MotionAfter=Troll_Stand_Fist_Fist_P0_PowerAttack_Hit_N_Fwd_00_%_00_P0_150.xmot Right=TrollFist RightUseType=55 RightGroup=7->7 NativeResult=1 OBSERVE_NATIVE=1
CORE RAW55_POWER_CALLBACK_BOUNDARY Actor=Troll C1=6 SameC1=1 SameRight=1 Action=2->2 Phase=1->1 StateTime=1.330793->1.330793 StatePosition=1->1 MotionBefore=Troll_Stand_Fist_Fist_P0_PowerAttack_Hit_N_Fwd_00_%_00_P0_150.xmot MotionAfter=Troll_Stand_Fist_Fist_P0_PowerAttack_Hit_N_Fwd_00_%_00_P0_150.xmot Right=TrollFist RightUseType=55 RightGroup=7->7 NativeResult=1 OBSERVE_NATIVE=1
CORE RAW55_POWER_CALLBACK_BOUNDARY Actor=Troll C1=6 SameC1=1 SameRight=1 Action=2->2 Phase=1->1 StateTime=1.339764->1.339764 StatePosition=1->1 MotionBefore=Troll_Stand_Fist_Fist_P0_PowerAttack_Hit_N_Fwd_00_%_00_P0_150.xmot MotionAfter=Troll_Stand_Fist_Fist_P0_PowerAttack_Hit_N_Fwd_00_%_00_P0_150.xmot Right=TrollFist RightUseType=55 RightGroup=7->7 NativeResult=1 OBSERVE_NATIVE=1
CORE RAW55_POWER_CALLBACK_BOUNDARY Actor=Troll C1=6 SameC1=1 SameRight=1 Action=2->2 Phase=1->1 StateTime=1.348097->1.348097 StatePosition=1->1 MotionBefore=Troll_Stand_Fist_Fist_P0_PowerAttack_Hit_N_Fwd_00_%_00_P0_150.xmot MotionAfter=Troll_Stand_Fist_Fist_P0_PowerAttack_Hit_N_Fwd_00_%_00_P0_150.xmot Right=TrollFist RightUseType=55 RightGroup=7->7 NativeResult=1 OBSERVE_NATIVE=1
CORE RAW55_POWER_CALLBACK_BOUNDARY Actor=Troll C1=6 SameC1=1 SameRight=1 Action=2->2 Phase=1->1 StateTime=1.359024->1.359024 StatePosition=1->1 MotionBefore=Troll_Stand_Fist_Fist_P0_PowerAttack_Hit_N_Fwd_00_%_00_P0_150.xmot MotionAfter=Troll_Stand_Fist_Fist_P0_PowerAttack_Hit_N_Fwd_00_%_00_P0_150.xmot Right=TrollFist RightUseType=55 RightGroup=7->7 NativeResult=1 OBSERVE_NATIVE=1
CORE RAW55_POWER_CALLBACK_BOUNDARY Actor=Troll C1=6 SameC1=1 SameRight=1 Action=2->2 Phase=1->1 StateTime=1.367357->1.367357 StatePosition=1->1 MotionBefore=Troll_Stand_Fist_Fist_P0_PowerAttack_Hit_N_Fwd_00_%_00_P0_150.xmot MotionAfter=Troll_Stand_Fist_Fist_P0_PowerAttack_Hit_N_Fwd_00_%_00_P0_150.xmot Right=TrollFist RightUseType=55 RightGroup=7->7 NativeResult=1 OBSERVE_NATIVE=1
CORE RAW55_POWER_CALLBACK_BOUNDARY Actor=Troll C1=6 SameC1=1 SameRight=1 Action=2->2 Phase=1->1 StateTime=1.375691->1.375691 StatePosition=1->1 MotionBefore=Troll_Stand_Fist_Fist_P0_PowerAttack_Hit_N_Fwd_00_%_00_P0_150.xmot MotionAfter=Troll_Stand_Fist_Fist_P0_PowerAttack_Hit_N_Fwd_00_%_00_P0_150.xmot Right=TrollFist RightUseType=55 RightGroup=7->7 NativeResult=1 OBSERVE_NATIVE=1
CORE RAW55_POWER_CALLBACK_BOUNDARY Actor=Troll C1=6 SameC1=1 SameRight=1 Action=2->2 Phase=1->1 StateTime=1.384024->1.384024 StatePosition=1->1 MotionBefore=Troll_Stand_Fist_Fist_P0_PowerAttack_Hit_N_Fwd_00_%_00_P0_150.xmot MotionAfter=Troll_Stand_Fist_Fist_P0_PowerAttack_Hit_N_Fwd_00_%_00_P0_150.xmot Right=TrollFist RightUseType=55 RightGroup=7->7 NativeResult=1 OBSERVE_NATIVE=1
CORE RAW55_POWER_CALLBACK_BOUNDARY Actor=Troll C1=6 SameC1=1 SameRight=1 Action=2->2 Phase=1->1 StateTime=1.392358->1.392358 StatePosition=1->1 MotionBefore=Troll_Stand_Fist_Fist_P0_PowerAttack_Hit_N_Fwd_00_%_00_P0_150.xmot MotionAfter=Troll_Stand_Fist_Fist_P0_PowerAttack_Hit_N_Fwd_00_%_00_P0_150.xmot Right=TrollFist RightUseType=55 RightGroup=7->7 NativeResult=1 OBSERVE_NATIVE=1
CORE RAW55_POWER_CALLBACK_BOUNDARY Actor=Troll C1=6 SameC1=1 SameRight=1 Action=2->2 Phase=1->1 StateTime=1.400691->1.400691 StatePosition=1->1 MotionBefore=Troll_Stand_Fist_Fist_P0_PowerAttack_Hit_N_Fwd_00_%_00_P0_150.xmot MotionAfter=Troll_Stand_Fist_Fist_P0_PowerAttack_Hit_N_Fwd_00_%_00_P0_150.xmot Right=TrollFist RightUseType=55 RightGroup=7->7 NativeResult=1 OBSERVE_NATIVE=1
===== CORE MARKER ANOMALY / DISCOVERY =====
ElapsedMs: 27806.502
Actor: Troll
Action: 2
Family: POWER
AniPhase: 1
StatePosition: 1
CurrentMovementAni: Troll_Stand_Fist_Fist_P0_PowerAttack_Hit_N_Fwd_00_%_00_P0_150.xmot
MarkerName: G3AB_COL_FIST
MarkerOpcode: FIST
Result: UNSUPPORTED_MISSING_SOURCE
C1GenerationValid: 1
C1Generation: 6
RequiredSourceMask: 0
MissingSourceMask: 0
RightSourceSlot: RIGHT
RightSourceName: TrollFist
RightSourceUseType: 55
RightSourceCollisionGroup: 7
LeftSourceSlot: LEFT
LeftSourceName: TrollFist
LeftSourceUseType: 55
LeftSourceCollisionGroup: 5
Raw8FistSourceName: <none>
Raw8FistSourceUseType: -1
Raw8FistSourceCollisionGroup: -1
===========================================

CORE RAW55_QUICK_REPEAT_FIST_ELIGIBILITY Actor=Troll Action=2 StatePosition=1 StateTime=1.409647 MarkerOpcode=4 ResultOpcode=4 ResultCode=2 CurrentC1Valid=1 CurrentC1=6 StoredC1=3 SameC1=0 CurrentRight=E6EAF010 StoredRight=E6EAF010 SameRight=1 ResultRightMatchesStored=1 RightUseType=55 RightGroup=7 InterventionUsed=1 PreStateFistProven=1 LaterFistRearmUsed=1 DecisionFoundMotion=1 DecisionScanValid=1 DecisionMarkerPresent=1 DecisionHasFist=1 DecisionFistCount=2 DecisionRightCount=0 DecisionLeftCount=0 DecisionBothCount=0 DecisionOffCount=0 RequiredSourceMask=0 Raw8ResolverAbsent=1 QuickHit=0 Eligible=0 FirstFailedGate=C1_MISMATCH
CORE RAW55_POWER_CALLBACK_BOUNDARY Actor=Troll C1=6 SameC1=1 SameRight=1 Action=2->2 Phase=1->1 StateTime=1.409647->1.409647 StatePosition=1->1 MotionBefore=Troll_Stand_Fist_Fist_P0_PowerAttack_Hit_N_Fwd_00_%_00_P0_150.xmot MotionAfter=Troll_Stand_Fist_Fist_P0_PowerAttack_Hit_N_Fwd_00_%_00_P0_150.xmot Right=TrollFist RightUseType=55 RightGroup=7->7 NativeResult=1 OBSERVE_NATIVE=1
CORE RAW55_POWER_CALLBACK_BOUNDARY Actor=Troll C1=6 SameC1=1 SameRight=1 Action=2->2 Phase=1->1 StateTime=1.417980->1.417980 StatePosition=1->1 MotionBefore=Troll_Stand_Fist_Fist_P0_PowerAttack_Hit_N_Fwd_00_%_00_P0_150.xmot MotionAfter=Troll_Stand_Fist_Fist_P0_PowerAttack_Hit_N_Fwd_00_%_00_P0_150.xmot Right=TrollFist RightUseType=55 RightGroup=7->7 NativeResult=1 OBSERVE_NATIVE=1
CORE RAW55_POWER_CALLBACK_BOUNDARY Actor=Troll C1=6 SameC1=1 SameRight=1 Action=2->2 Phase=1->1 StateTime=1.429907->1.429907 StatePosition=1->1 MotionBefore=Troll_Stand_Fist_Fist_P0_PowerAttack_Hit_N_Fwd_00_%_00_P0_150.xmot MotionAfter=Troll_Stand_Fist_Fist_P0_PowerAttack_Hit_N_Fwd_00_%_00_P0_150.xmot Right=TrollFist RightUseType=55 RightGroup=7->7 NativeResult=1 OBSERVE_NATIVE=1
CORE RAW55_POWER_CALLBACK_BOUNDARY Actor=Troll C1=6 SameC1=1 SameRight=1 Action=2->2 Phase=1->1 StateTime=1.438240->1.438240 StatePosition=1->1 MotionBefore=Troll_Stand_Fist_Fist_P0_PowerAttack_Hit_N_Fwd_00_%_00_P0_150.xmot MotionAfter=Troll_Stand_Fist_Fist_P0_PowerAttack_Hit_N_Fwd_00_%_00_P0_150.xmot Right=TrollFist RightUseType=55 RightGroup=7->7 NativeResult=1 OBSERVE_NATIVE=1
CORE RAW55_POWER_CALLBACK_BOUNDARY Actor=Troll C1=6 SameC1=1 SameRight=1 Action=2->2 Phase=1->1 StateTime=1.446574->1.446574 StatePosition=1->1 MotionBefore=Troll_Stand_Fist_Fist_P0_PowerAttack_Hit_N_Fwd_00_%_00_P0_150.xmot MotionAfter=Troll_Stand_Fist_Fist_P0_PowerAttack_Hit_N_Fwd_00_%_00_P0_150.xmot Right=TrollFist RightUseType=55 RightGroup=7->7 NativeResult=1 OBSERVE_NATIVE=1
CORE RAW55_POWER_CALLBACK_BOUNDARY Actor=Troll C1=6 SameC1=1 SameRight=1 Action=2->2 Phase=1->1 StateTime=1.454907->1.454907 StatePosition=1->1 MotionBefore=Troll_Stand_Fist_Fist_P0_PowerAttack_Hit_N_Fwd_00_%_00_P0_150.xmot MotionAfter=Troll_Stand_Fist_Fist_P0_PowerAttack_Hit_N_Fwd_00_%_00_P0_150.xmot Right=TrollFist RightUseType=55 RightGroup=7->7 NativeResult=1 OBSERVE_NATIVE=1
CORE RAW55_POWER_CALLBACK_BOUNDARY Actor=Troll C1=6 SameC1=1 SameRight=1 Action=2->2 Phase=1->1 StateTime=1.463878->1.463878 StatePosition=1->1 MotionBefore=Troll_Stand_Fist_Fist_P0_PowerAttack_Hit_N_Fwd_00_%_00_P0_150.xmot MotionAfter=Troll_Stand_Fist_Fist_P0_PowerAttack_Hit_N_Fwd_00_%_00_P0_150.xmot Right=TrollFist RightUseType=55 RightGroup=7->7 NativeResult=1 OBSERVE_NATIVE=1
CORE RAW55_POWER_CALLBACK_BOUNDARY Actor=Troll C1=6 SameC1=1 SameRight=1 Action=2->2 Phase=1->1 StateTime=1.472211->1.472211 StatePosition=1->1 MotionBefore=Troll_Stand_Fist_Fist_P0_PowerAttack_Hit_N_Fwd_00_%_00_P0_150.xmot MotionAfter=Troll_Stand_Fist_Fist_P0_PowerAttack_Hit_N_Fwd_00_%_00_P0_150.xmot Right=TrollFist RightUseType=55 RightGroup=7->7 NativeResult=1 OBSERVE_NATIVE=1
CORE RAW55_POWER_CALLBACK_BOUNDARY Actor=Troll C1=6 SameC1=1 SameRight=1 Action=2->2 Phase=1->1 StateTime=1.485137->1.485137 StatePosition=1->1 MotionBefore=Troll_Stand_Fist_Fist_P0_PowerAttack_Hit_N_Fwd_00_%_00_P0_150.xmot MotionAfter=Troll_Stand_Fist_Fist_P0_PowerAttack_Hit_N_Fwd_00_%_00_P0_150.xmot Right=TrollFist RightUseType=55 RightGroup=7->7 NativeResult=1 OBSERVE_NATIVE=1
CORE RAW55_POWER_CALLBACK_BOUNDARY Actor=Troll C1=6 SameC1=1 SameRight=1 Action=2->2 Phase=1->1 StateTime=1.493471->1.493471 StatePosition=1->1 MotionBefore=Troll_Stand_Fist_Fist_P0_PowerAttack_Hit_N_Fwd_00_%_00_P0_150.xmot MotionAfter=Troll_Stand_Fist_Fist_P0_PowerAttack_Hit_N_Fwd_00_%_00_P0_150.xmot Right=TrollFist RightUseType=55 RightGroup=7->7 NativeResult=1 OBSERVE_NATIVE=1
CORE RAW55_POWER_CALLBACK_BOUNDARY Actor=Troll C1=6 SameC1=1 SameRight=1 Action=2->2 Phase=1->1 StateTime=1.502442->1.502442 StatePosition=1->1 MotionBefore=Troll_Stand_Fist_Fist_P0_PowerAttack_Hit_N_Fwd_00_%_00_P0_150.xmot MotionAfter=Troll_Stand_Fist_Fist_P0_PowerAttack_Hit_N_Fwd_00_%_00_P0_150.xmot Right=TrollFist RightUseType=55 RightGroup=7->7 NativeResult=1 OBSERVE_NATIVE=1
CORE RAW55_POWER_CALLBACK_BOUNDARY Actor=Troll C1=6 SameC1=1 SameRight=1 Action=2->2 Phase=1->1 StateTime=1.518345->1.518345 StatePosition=1->1 MotionBefore=Troll_Stand_Fist_Fist_P0_PowerAttack_Hit_N_Fwd_00_%_00_P0_150.xmot MotionAfter=Troll_Stand_Fist_Fist_P0_PowerAttack_Hit_N_Fwd_00_%_00_P0_150.xmot Right=TrollFist RightUseType=55 RightGroup=7->7 NativeResult=1 OBSERVE_NATIVE=1
CORE RAW55_POWER_CALLBACK_BOUNDARY Actor=Troll C1=6 SameC1=1 SameRight=1 Action=2->2 Phase=1->1 StateTime=1.526679->1.526679 StatePosition=1->1 MotionBefore=Troll_Stand_Fist_Fist_P0_PowerAttack_Hit_N_Fwd_00_%_00_P0_150.xmot MotionAfter=Troll_Stand_Fist_Fist_P0_PowerAttack_Hit_N_Fwd_00_%_00_P0_150.xmot Right=TrollFist RightUseType=55 RightGroup=7->7 NativeResult=1 OBSERVE_NATIVE=1
CORE ONDAMAGE ElapsedMs=27929.610 Ordinal=4 Target=PC_Hero Arg1=PC_Hero Arg2=PC_Hero Caller=Game.dll+0x00069484 PlayerAction=0 PlayerPhase=5 PlayerMotion=Hero_Stand_None_None_P0_Ambient_Loop_N_Fwd_02_%_00_P0_0.xmot Raw8Fist=<none> Raw8UseType=-1 Raw8Group=-1
CORE RAW55_POWER_CALLBACK_BOUNDARY Actor=Troll C1=6 SameC1=1 SameRight=1 Action=2->2 Phase=1->1 StateTime=1.535012->1.535012 StatePosition=1->1 MotionBefore=Troll_Stand_Fist_Fist_P0_PowerAttack_Hit_N_Fwd_00_%_00_P0_150.xmot MotionAfter=Troll_Stand_Fist_Fist_P0_PowerAttack_Hit_N_Fwd_00_%_00_P0_150.xmot Right=TrollFist RightUseType=55 RightGroup=7->7 NativeResult=1 OBSERVE_NATIVE=1
CORE C1_START ElapsedMs=27942.308 Actor=PC_Hero Generation=7 Status=CANDIDATE Outstanding=0 TrackedSources=0 ReplacedGeneration=0 ReplacedOutstanding=0
CORE C1_BIND ElapsedMs=27942.317 Event=COMBAT_MOVE_CANDIDATE_BOUND Actor=PC_Hero Generation=7 Status=CANDIDATE Outstanding=0 Source=<null> Script=_AI_Stumble
CORE C1_STATUS ElapsedMs=27942.441 Event=PERSISTED Actor=PC_Hero Generation=7 Status=PERSISTED Outstanding=0
CORE RAW55_POWER_CALLBACK_BOUNDARY Actor=Troll C1=6 SameC1=1 SameRight=1 Action=2->2 Phase=1->1 StateTime=1.543346->1.543346 StatePosition=1->1 MotionBefore=Troll_Stand_Fist_Fist_P0_PowerAttack_Hit_N_Fwd_00_%_00_P0_150.xmot MotionAfter=Troll_Stand_Fist_Fist_P0_PowerAttack_Hit_N_Fwd_00_%_00_P0_150.xmot Right=TrollFist RightUseType=55 RightGroup=7->7 NativeResult=1 OBSERVE_NATIVE=1
CORE RAW55_POWER_CALLBACK_BOUNDARY Actor=Troll C1=6 SameC1=1 SameRight=1 Action=2->2 Phase=1->1 StateTime=1.556272->1.556272 StatePosition=1->1 MotionBefore=Troll_Stand_Fist_Fist_P0_PowerAttack_Hit_N_Fwd_00_%_00_P0_150.xmot MotionAfter=Troll_Stand_Fist_Fist_P0_PowerAttack_Hit_N_Fwd_00_%_00_P0_150.xmot Right=TrollFist RightUseType=55 RightGroup=7->7 NativeResult=1 OBSERVE_NATIVE=1
CORE RAW55_POWER_CALLBACK_BOUNDARY Actor=Troll C1=6 SameC1=1 SameRight=1 Action=2->2 Phase=1->1 StateTime=1.564605->1.564605 StatePosition=1->1 MotionBefore=Troll_Stand_Fist_Fist_P0_PowerAttack_Hit_N_Fwd_00_%_00_P0_150.xmot MotionAfter=Troll_Stand_Fist_Fist_P0_PowerAttack_Hit_N_Fwd_00_%_00_P0_150.xmot Right=TrollFist RightUseType=55 RightGroup=7->7 NativeResult=1 OBSERVE_NATIVE=1
CORE RAW55_POWER_CALLBACK_BOUNDARY Actor=Troll C1=6 SameC1=1 SameRight=1 Action=2->2 Phase=1->1 StateTime=1.573576->1.573576 StatePosition=1->1 MotionBefore=Troll_Stand_Fist_Fist_P0_PowerAttack_Hit_N_Fwd_00_%_00_P0_150.xmot MotionAfter=Troll_Stand_Fist_Fist_P0_PowerAttack_Hit_N_Fwd_00_%_00_P0_150.xmot Right=TrollFist RightUseType=55 RightGroup=7->7 NativeResult=1 OBSERVE_NATIVE=1
CORE RAW55_POWER_CALLBACK_BOUNDARY Actor=Troll C1=6 SameC1=1 SameRight=1 Action=2->2 Phase=1->1 StateTime=1.581910->1.581910 StatePosition=1->1 MotionBefore=Troll_Stand_Fist_Fist_P0_PowerAttack_Hit_N_Fwd_00_%_00_P0_150.xmot MotionAfter=Troll_Stand_Fist_Fist_P0_PowerAttack_Hit_N_Fwd_00_%_00_P0_150.xmot Right=TrollFist RightUseType=55 RightGroup=7->7 NativeResult=1 OBSERVE_NATIVE=1
CORE RAW55_POWER_CALLBACK_BOUNDARY Actor=Troll C1=6 SameC1=1 SameRight=1 Action=2->2 Phase=1->1 StateTime=1.592836->1.592836 StatePosition=1->1 MotionBefore=Troll_Stand_Fist_Fist_P0_PowerAttack_Hit_N_Fwd_00_%_00_P0_150.xmot MotionAfter=Troll_Stand_Fist_Fist_P0_PowerAttack_Hit_N_Fwd_00_%_00_P0_150.xmot Right=TrollFist RightUseType=55 RightGroup=7->7 NativeResult=1 OBSERVE_NATIVE=1
CORE RAW55_POWER_CALLBACK_BOUNDARY Actor=Troll C1=6 SameC1=1 SameRight=1 Action=2->2 Phase=1->1 StateTime=1.601170->1.601170 StatePosition=1->1 MotionBefore=Troll_Stand_Fist_Fist_P0_PowerAttack_Hit_N_Fwd_00_%_00_P0_150.xmot MotionAfter=Troll_Stand_Fist_Fist_P0_PowerAttack_Hit_N_Fwd_00_%_00_P0_150.xmot Right=TrollFist RightUseType=55 RightGroup=7->7 NativeResult=1 OBSERVE_NATIVE=1
CORE COLLISION_GROUP ElapsedMs=28012.495 Source=TrollFist UseType=55 Owner=Troll Slot=RIGHT Requested=5 Before=7 After=5 MarkerBitsRetired=0
CORE C1 CLEANUP FULFILLED ElapsedMs=28012.517 Actor=Troll Generation=6 Status=PERSISTED Source=TrollFist Side=RIGHT Requests=1 Outstanding=0 CleanupObserved=1 Group=5
CORE C1_FINAL ElapsedMs=28012.544 Actor=Troll Generation=6 Status=PERSISTED SourceCount=2 PhysicalChanged=0 Source[0]=TrollFist Side=RIGHT Outstanding=0 Cleanup=1 Outcome=NO_OP_NO_OUTSTANDING Source[1]=TrollFist Side=LEFT Outstanding=0 Cleanup=0 Outcome=NO_OP_NO_OUTSTANDING
CORE C1_FINAL ElapsedMs=28227.512 Actor=PC_Hero Generation=7 Status=PERSISTED SourceCount=0 PhysicalChanged=0
CORE C1_START ElapsedMs=29246.067 Actor=Troll Generation=8 Status=CANDIDATE Outstanding=0 TrackedSources=2 ReplacedGeneration=0 ReplacedOutstanding=0 Source[0]=TrollFist Side=RIGHT Group=5 Source[1]=TrollFist Side=LEFT Group=5
CORE C1_BIND ElapsedMs=29246.081 Event=COMBAT_MOVE_CANDIDATE_BOUND Actor=Troll Generation=8 Status=CANDIDATE Outstanding=0 Source=<null> Script=_AI_QuickAttack
CORE C1_STATUS ElapsedMs=29246.147 Event=PERSISTED Actor=Troll Generation=8 Status=PERSISTED Outstanding=0
CORE ATTACK_OWNERSHIP ElapsedMs=29246.164 Actor=Troll Family=QUICK Action=5 Phase=1 Motion=Troll_Stand_Fist_Fist_P0_QuickAttackL_Hit_N_Fwd_00_%_00_P0_100.xmot MarkerPresent=1 RequiredMask=0 FistMarkers=1 Raw8Fist=<none> Raw8UseType=-1 SuppressNative=0 Classification=CONTRADICTION
===== CORE ATTACK OWNERSHIP ANOMALY =====
MatchingMotionFound: 1
MarkerScanValid: 1
RequiredSourcesAvailable: 1
RightSourceSlot: RIGHT
RightSourceName: TrollFist
RightSourceUseType: 55
RightSourceCollisionGroup: 5
LeftSourceSlot: LEFT
LeftSourceName: TrollFist
LeftSourceUseType: 55
LeftSourceCollisionGroup: 5
Raw8FistSourceName: <none>
Raw8FistSourceUseType: -1
Raw8FistSourceCollisionGroup: -1
=========================================

CORE RAW55_QUICK_CALLBACK_BOUNDARY Actor=Troll C1=8 SameC1=1 Action=5->5 Phase=1->1 StateTime=0.000000->0.000000 StatePosition=0->0 MotionBefore=Troll_Stand_Fist_Fist_P0_QuickAttackL_Hit_N_Fwd_00_%_00_P0_100.xmot MotionAfter=Troll_Stand_Fist_Fist_P0_QuickAttackL_Hit_N_Fwd_00_%_00_P0_100.xmot Right=TrollFist RightUseType=55 RightGroup=5->5 NativeResult=1 OBSERVE_NATIVE=1
CORE RAW55_QUICK_CALLBACK_BOUNDARY Actor=Troll C1=8 SameC1=1 Action=5->5 Phase=1->1 StateTime=0.008333->0.008333 StatePosition=0->0 MotionBefore=Troll_Stand_Fist_Fist_P0_QuickAttackL_Hit_N_Fwd_00_%_00_P0_100.xmot MotionAfter=Troll_Stand_Fist_Fist_P0_QuickAttackL_Hit_N_Fwd_00_%_00_P0_100.xmot Right=TrollFist RightUseType=55 RightGroup=5->5 NativeResult=1 OBSERVE_NATIVE=1
CORE RAW55_QUICK_CALLBACK_BOUNDARY Actor=Troll C1=8 SameC1=1 Action=5->5 Phase=1->1 StateTime=0.021245->0.021245 StatePosition=0->0 MotionBefore=Troll_Stand_Fist_Fist_P0_QuickAttackL_Hit_N_Fwd_00_%_00_P0_100.xmot MotionAfter=Troll_Stand_Fist_Fist_P0_QuickAttackL_Hit_N_Fwd_00_%_00_P0_100.xmot Right=TrollFist RightUseType=55 RightGroup=5->5 NativeResult=1 OBSERVE_NATIVE=1
CORE RAW55_QUICK_CALLBACK_BOUNDARY Actor=Troll C1=8 SameC1=1 Action=5->5 Phase=1->1 StateTime=0.029578->0.029578 StatePosition=0->0 MotionBefore=Troll_Stand_Fist_Fist_P0_QuickAttackL_Hit_N_Fwd_00_%_00_P0_100.xmot MotionAfter=Troll_Stand_Fist_Fist_P0_QuickAttackL_Hit_N_Fwd_00_%_00_P0_100.xmot Right=TrollFist RightUseType=55 RightGroup=5->5 NativeResult=1 OBSERVE_NATIVE=1
===== CORE MARKER ANOMALY / DISCOVERY =====
ElapsedMs: 29271.933
Actor: Troll
Action: 5
Family: QUICK
AniPhase: 1
StatePosition: 0
CurrentMovementAni: Troll_Stand_Fist_Fist_P0_QuickAttackL_Hit_N_Fwd_00_%_00_P0_100.xmot
MarkerName: G3AB_COL_FIST
MarkerOpcode: FIST
Result: UNSUPPORTED_MISSING_SOURCE
C1GenerationValid: 1
C1Generation: 8
RequiredSourceMask: 0
MissingSourceMask: 0
RightSourceSlot: RIGHT
RightSourceName: TrollFist
RightSourceUseType: 55
RightSourceCollisionGroup: 5
LeftSourceSlot: LEFT
LeftSourceName: TrollFist
LeftSourceUseType: 55
LeftSourceCollisionGroup: 5
Raw8FistSourceName: <none>
Raw8FistSourceUseType: -1
Raw8FistSourceCollisionGroup: -1
===========================================

CORE COLLISION_GROUP ElapsedMs=29271.976 Source=TrollFist UseType=55 Owner=Troll Slot=RIGHT Requested=7 Before=5 After=7 MarkerBitsRetired=0
CORE C1 OFFENSE REQUEST ElapsedMs=29271.988 Actor=Troll Generation=8 Status=PERSISTED Source=TrollFist Side=RIGHT Requests=1 Outstanding=1 CleanupObserved=0 Group=7
CORE RAW55_QUICK_PRESTATE_FIST_PROBE Actor=Troll C1=8 Action=5 StatePosition=0 StateTime=0.040535 Right=TrollFist RightUseType=55 GroupBefore=5 RequestedGroup=7 GroupAfter=7 ClearTriggeredList=1 PRESTATE_FIST=1
CORE RAW55_QUICK_CALLBACK_BOUNDARY Actor=Troll C1=8 SameC1=1 Action=5->5 Phase=1->1 StateTime=0.040535->0.040535 StatePosition=0->0 MotionBefore=Troll_Stand_Fist_Fist_P0_QuickAttackL_Hit_N_Fwd_00_%_00_P0_100.xmot MotionAfter=Troll_Stand_Fist_Fist_P0_QuickAttackL_Hit_N_Fwd_00_%_00_P0_100.xmot Right=TrollFist RightUseType=55 RightGroup=7->7 NativeResult=1 OBSERVE_NATIVE=1
CORE RAW55_QUICK_CALLBACK_BOUNDARY Actor=Troll C1=8 SameC1=1 Action=5->5 Phase=1->1 StateTime=0.048868->0.048868 StatePosition=0->0 MotionBefore=Troll_Stand_Fist_Fist_P0_QuickAttackL_Hit_N_Fwd_00_%_00_P0_100.xmot MotionAfter=Troll_Stand_Fist_Fist_P0_QuickAttackL_Hit_N_Fwd_00_%_00_P0_100.xmot Right=TrollFist RightUseType=55 RightGroup=7->7 NativeResult=1 OBSERVE_NATIVE=1
CORE RAW55_QUICK_CALLBACK_BOUNDARY Actor=Troll C1=8 SameC1=1 Action=5->5 Phase=1->1 StateTime=0.057201->0.057201 StatePosition=0->0 MotionBefore=Troll_Stand_Fist_Fist_P0_QuickAttackL_Hit_N_Fwd_00_%_00_P0_100.xmot MotionAfter=Troll_Stand_Fist_Fist_P0_QuickAttackL_Hit_N_Fwd_00_%_00_P0_100.xmot Right=TrollFist RightUseType=55 RightGroup=7->7 NativeResult=1 OBSERVE_NATIVE=1
CORE RAW55_QUICK_CALLBACK_BOUNDARY Actor=Troll C1=8 SameC1=1 Action=5->5 Phase=1->1 StateTime=0.065535->0.065535 StatePosition=0->0 MotionBefore=Troll_Stand_Fist_Fist_P0_QuickAttackL_Hit_N_Fwd_00_%_00_P0_100.xmot MotionAfter=Troll_Stand_Fist_Fist_P0_QuickAttackL_Hit_N_Fwd_00_%_00_P0_100.xmot Right=TrollFist RightUseType=55 RightGroup=7->7 NativeResult=1 OBSERVE_NATIVE=1
CORE RAW55_QUICK_CALLBACK_BOUNDARY Actor=Troll C1=8 SameC1=1 Action=5->5 Phase=1->1 StateTime=0.073868->0.073868 StatePosition=0->0 MotionBefore=Troll_Stand_Fist_Fist_P0_QuickAttackL_Hit_N_Fwd_00_%_00_P0_100.xmot MotionAfter=Troll_Stand_Fist_Fist_P0_QuickAttackL_Hit_N_Fwd_00_%_00_P0_100.xmot Right=TrollFist RightUseType=55 RightGroup=7->7 NativeResult=1 OBSERVE_NATIVE=1
CORE RAW55_QUICK_CALLBACK_BOUNDARY Actor=Troll C1=8 SameC1=1 Action=5->5 Phase=1->1 StateTime=0.085780->0.085780 StatePosition=0->0 MotionBefore=Troll_Stand_Fist_Fist_P0_QuickAttackL_Hit_N_Fwd_00_%_00_P0_100.xmot MotionAfter=Troll_Stand_Fist_Fist_P0_QuickAttackL_Hit_N_Fwd_00_%_00_P0_100.xmot Right=TrollFist RightUseType=55 RightGroup=7->7 NativeResult=1 OBSERVE_NATIVE=1
CORE RAW55_QUICK_CALLBACK_BOUNDARY Actor=Troll C1=8 SameC1=1 Action=5->5 Phase=1->1 StateTime=0.094113->0.094113 StatePosition=0->0 MotionBefore=Troll_Stand_Fist_Fist_P0_QuickAttackL_Hit_N_Fwd_00_%_00_P0_100.xmot MotionAfter=Troll_Stand_Fist_Fist_P0_QuickAttackL_Hit_N_Fwd_00_%_00_P0_100.xmot Right=TrollFist RightUseType=55 RightGroup=7->7 NativeResult=1 OBSERVE_NATIVE=1
CORE COLLISION_GROUP ElapsedMs=29338.053 Source=TrollFist UseType=55 Owner=Troll Slot=RIGHT Requested=7 Before=7 After=7 MarkerBitsRetired=0
CORE C1 OFFENSE REQUEST ElapsedMs=29338.081 Actor=Troll Generation=8 Status=PERSISTED Source=TrollFist Side=RIGHT Requests=2 Outstanding=1 CleanupObserved=0 Group=7
CORE RAW55_QUICK_CALLBACK_BOUNDARY Actor=Troll C1=8 SameC1=1 Action=5->5 Phase=1->1 StateTime=0.104069->0.104069 StatePosition=0->1 MotionBefore=Troll_Stand_Fist_Fist_P0_QuickAttackL_Hit_N_Fwd_00_%_00_P0_100.xmot MotionAfter=Troll_Stand_Fist_Fist_P0_QuickAttackL_Hit_N_Fwd_00_%_00_P0_100.xmot Right=TrollFist RightUseType=55 RightGroup=7->7 NativeResult=1 OBSERVE_NATIVE=1
CORE RAW55_QUICK_CALLBACK_BOUNDARY Actor=Troll C1=8 SameC1=1 Action=5->5 Phase=1->1 StateTime=0.112403->0.112403 StatePosition=1->1 MotionBefore=Troll_Stand_Fist_Fist_P0_QuickAttackL_Hit_N_Fwd_00_%_00_P0_100.xmot MotionAfter=Troll_Stand_Fist_Fist_P0_QuickAttackL_Hit_N_Fwd_00_%_00_P0_100.xmot Right=TrollFist RightUseType=55 RightGroup=7->7 NativeResult=1 OBSERVE_NATIVE=1
CORE RAW55_QUICK_CALLBACK_BOUNDARY Actor=Troll C1=8 SameC1=1 Action=5->5 Phase=1->1 StateTime=0.121374->0.121374 StatePosition=1->1 MotionBefore=Troll_Stand_Fist_Fist_P0_QuickAttackL_Hit_N_Fwd_00_%_00_P0_100.xmot MotionAfter=Troll_Stand_Fist_Fist_P0_QuickAttackL_Hit_N_Fwd_00_%_00_P0_100.xmot Right=TrollFist RightUseType=55 RightGroup=7->7 NativeResult=1 OBSERVE_NATIVE=1
CORE RAW55_QUICK_CALLBACK_BOUNDARY Actor=Troll C1=8 SameC1=1 Action=5->5 Phase=1->1 StateTime=0.129707->0.129707 StatePosition=1->1 MotionBefore=Troll_Stand_Fist_Fist_P0_QuickAttackL_Hit_N_Fwd_00_%_00_P0_100.xmot MotionAfter=Troll_Stand_Fist_Fist_P0_QuickAttackL_Hit_N_Fwd_00_%_00_P0_100.xmot Right=TrollFist RightUseType=55 RightGroup=7->7 NativeResult=1 OBSERVE_NATIVE=1
CORE RAW55_QUICK_CALLBACK_BOUNDARY Actor=Troll C1=8 SameC1=1 Action=5->5 Phase=1->1 StateTime=0.139649->0.139649 StatePosition=1->1 MotionBefore=Troll_Stand_Fist_Fist_P0_QuickAttackL_Hit_N_Fwd_00_%_00_P0_100.xmot MotionAfter=Troll_Stand_Fist_Fist_P0_QuickAttackL_Hit_N_Fwd_00_%_00_P0_100.xmot Right=TrollFist RightUseType=55 RightGroup=7->7 NativeResult=1 OBSERVE_NATIVE=1
CORE RAW55_QUICK_CALLBACK_BOUNDARY Actor=Troll C1=8 SameC1=1 Action=5->5 Phase=1->1 StateTime=0.147982->0.147982 StatePosition=1->1 MotionBefore=Troll_Stand_Fist_Fist_P0_QuickAttackL_Hit_N_Fwd_00_%_00_P0_100.xmot MotionAfter=Troll_Stand_Fist_Fist_P0_QuickAttackL_Hit_N_Fwd_00_%_00_P0_100.xmot Right=TrollFist RightUseType=55 RightGroup=7->7 NativeResult=1 OBSERVE_NATIVE=1
CORE RAW55_QUICK_CALLBACK_BOUNDARY Actor=Troll C1=8 SameC1=1 Action=5->5 Phase=1->1 StateTime=0.157938->0.157938 StatePosition=1->1 MotionBefore=Troll_Stand_Fist_Fist_P0_QuickAttackL_Hit_N_Fwd_00_%_00_P0_100.xmot MotionAfter=Troll_Stand_Fist_Fist_P0_QuickAttackL_Hit_N_Fwd_00_%_00_P0_100.xmot Right=TrollFist RightUseType=55 RightGroup=7->7 NativeResult=1 OBSERVE_NATIVE=1
CORE RAW55_QUICK_CALLBACK_BOUNDARY Actor=Troll C1=8 SameC1=1 Action=5->5 Phase=1->1 StateTime=0.166271->0.166271 StatePosition=1->1 MotionBefore=Troll_Stand_Fist_Fist_P0_QuickAttackL_Hit_N_Fwd_00_%_00_P0_100.xmot MotionAfter=Troll_Stand_Fist_Fist_P0_QuickAttackL_Hit_N_Fwd_00_%_00_P0_100.xmot Right=TrollFist RightUseType=55 RightGroup=7->7 NativeResult=1 OBSERVE_NATIVE=1
CORE RAW55_QUICK_CALLBACK_BOUNDARY Actor=Troll C1=8 SameC1=1 Action=5->5 Phase=1->1 StateTime=0.175242->0.175242 StatePosition=1->1 MotionBefore=Troll_Stand_Fist_Fist_P0_QuickAttackL_Hit_N_Fwd_00_%_00_P0_100.xmot MotionAfter=Troll_Stand_Fist_Fist_P0_QuickAttackL_Hit_N_Fwd_00_%_00_P0_100.xmot Right=TrollFist RightUseType=55 RightGroup=7->7 NativeResult=1 OBSERVE_NATIVE=1
CORE RAW55_QUICK_CALLBACK_BOUNDARY Actor=Troll C1=8 SameC1=1 Action=5->5 Phase=1->1 StateTime=0.183576->0.183576 StatePosition=1->1 MotionBefore=Troll_Stand_Fist_Fist_P0_QuickAttackL_Hit_N_Fwd_00_%_00_P0_100.xmot MotionAfter=Troll_Stand_Fist_Fist_P0_QuickAttackL_Hit_N_Fwd_00_%_00_P0_100.xmot Right=TrollFist RightUseType=55 RightGroup=7->7 NativeResult=1 OBSERVE_NATIVE=1
CORE RAW55_QUICK_CALLBACK_BOUNDARY Actor=Troll C1=8 SameC1=1 Action=5->5 Phase=1->1 StateTime=0.191909->0.191909 StatePosition=1->1 MotionBefore=Troll_Stand_Fist_Fist_P0_QuickAttackL_Hit_N_Fwd_00_%_00_P0_100.xmot MotionAfter=Troll_Stand_Fist_Fist_P0_QuickAttackL_Hit_N_Fwd_00_%_00_P0_100.xmot Right=TrollFist RightUseType=55 RightGroup=7->7 NativeResult=1 OBSERVE_NATIVE=1
CORE RAW55_QUICK_CALLBACK_BOUNDARY Actor=Troll C1=8 SameC1=1 Action=5->5 Phase=1->1 StateTime=0.200242->0.200242 StatePosition=1->1 MotionBefore=Troll_Stand_Fist_Fist_P0_QuickAttackL_Hit_N_Fwd_00_%_00_P0_100.xmot MotionAfter=Troll_Stand_Fist_Fist_P0_QuickAttackL_Hit_N_Fwd_00_%_00_P0_100.xmot Right=TrollFist RightUseType=55 RightGroup=7->7 NativeResult=1 OBSERVE_NATIVE=1
CORE RAW55_QUICK_CALLBACK_BOUNDARY Actor=Troll C1=8 SameC1=1 Action=5->5 Phase=1->1 StateTime=0.208576->0.208576 StatePosition=1->1 MotionBefore=Troll_Stand_Fist_Fist_P0_QuickAttackL_Hit_N_Fwd_00_%_00_P0_100.xmot MotionAfter=Troll_Stand_Fist_Fist_P0_QuickAttackL_Hit_N_Fwd_00_%_00_P0_100.xmot Right=TrollFist RightUseType=55 RightGroup=7->7 NativeResult=1 OBSERVE_NATIVE=1
CORE RAW55_QUICK_CALLBACK_BOUNDARY Actor=Troll C1=8 SameC1=1 Action=5->5 Phase=1->1 StateTime=0.216909->0.216909 StatePosition=1->1 MotionBefore=Troll_Stand_Fist_Fist_P0_QuickAttackL_Hit_N_Fwd_00_%_00_P0_100.xmot MotionAfter=Troll_Stand_Fist_Fist_P0_QuickAttackL_Hit_N_Fwd_00_%_00_P0_100.xmot Right=TrollFist RightUseType=55 RightGroup=7->7 NativeResult=1 OBSERVE_NATIVE=1
CORE RAW55_QUICK_CALLBACK_BOUNDARY Actor=Troll C1=8 SameC1=1 Action=5->5 Phase=1->1 StateTime=0.225242->0.225242 StatePosition=1->1 MotionBefore=Troll_Stand_Fist_Fist_P0_QuickAttackL_Hit_N_Fwd_00_%_00_P0_100.xmot MotionAfter=Troll_Stand_Fist_Fist_P0_QuickAttackL_Hit_N_Fwd_00_%_00_P0_100.xmot Right=TrollFist RightUseType=55 RightGroup=7->7 NativeResult=1 OBSERVE_NATIVE=1
CORE RAW55_QUICK_CALLBACK_BOUNDARY Actor=Troll C1=8 SameC1=1 Action=5->5 Phase=1->1 StateTime=0.233576->0.233576 StatePosition=1->1 MotionBefore=Troll_Stand_Fist_Fist_P0_QuickAttackL_Hit_N_Fwd_00_%_00_P0_100.xmot MotionAfter=Troll_Stand_Fist_Fist_P0_QuickAttackL_Hit_N_Fwd_00_%_00_P0_100.xmot Right=TrollFist RightUseType=55 RightGroup=7->7 NativeResult=1 OBSERVE_NATIVE=1
CORE RAW55_QUICK_CALLBACK_BOUNDARY Actor=Troll C1=8 SameC1=1 Action=5->5 Phase=1->1 StateTime=0.243532->0.243532 StatePosition=1->1 MotionBefore=Troll_Stand_Fist_Fist_P0_QuickAttackL_Hit_N_Fwd_00_%_00_P0_100.xmot MotionAfter=Troll_Stand_Fist_Fist_P0_QuickAttackL_Hit_N_Fwd_00_%_00_P0_100.xmot Right=TrollFist RightUseType=55 RightGroup=7->7 NativeResult=1 OBSERVE_NATIVE=1
CORE RAW55_QUICK_CALLBACK_BOUNDARY Actor=Troll C1=8 SameC1=1 Action=5->5 Phase=1->1 StateTime=0.251865->0.251865 StatePosition=1->1 MotionBefore=Troll_Stand_Fist_Fist_P0_QuickAttackL_Hit_N_Fwd_00_%_00_P0_100.xmot MotionAfter=Troll_Stand_Fist_Fist_P0_QuickAttackL_Hit_N_Fwd_00_%_00_P0_100.xmot Right=TrollFist RightUseType=55 RightGroup=7->7 NativeResult=1 OBSERVE_NATIVE=1
CORE RAW55_QUICK_CALLBACK_BOUNDARY Actor=Troll C1=8 SameC1=1 Action=5->5 Phase=1->1 StateTime=0.260836->0.260836 StatePosition=1->1 MotionBefore=Troll_Stand_Fist_Fist_P0_QuickAttackL_Hit_N_Fwd_00_%_00_P0_100.xmot MotionAfter=Troll_Stand_Fist_Fist_P0_QuickAttackL_Hit_N_Fwd_00_%_00_P0_100.xmot Right=TrollFist RightUseType=55 RightGroup=7->7 NativeResult=1 OBSERVE_NATIVE=1
CORE RAW55_QUICK_CALLBACK_BOUNDARY Actor=Troll C1=8 SameC1=1 Action=5->5 Phase=1->1 StateTime=0.269169->0.269169 StatePosition=1->1 MotionBefore=Troll_Stand_Fist_Fist_P0_QuickAttackL_Hit_N_Fwd_00_%_00_P0_100.xmot MotionAfter=Troll_Stand_Fist_Fist_P0_QuickAttackL_Hit_N_Fwd_00_%_00_P0_100.xmot Right=TrollFist RightUseType=55 RightGroup=7->7 NativeResult=1 OBSERVE_NATIVE=1
CORE RAW55_QUICK_CALLBACK_BOUNDARY Actor=Troll C1=8 SameC1=1 Action=5->5 Phase=1->1 StateTime=0.278140->0.278140 StatePosition=1->1 MotionBefore=Troll_Stand_Fist_Fist_P0_QuickAttackL_Hit_N_Fwd_00_%_00_P0_100.xmot MotionAfter=Troll_Stand_Fist_Fist_P0_QuickAttackL_Hit_N_Fwd_00_%_00_P0_100.xmot Right=TrollFist RightUseType=55 RightGroup=7->7 NativeResult=1 OBSERVE_NATIVE=1
CORE ONDAMAGE ElapsedMs=29500.748 Ordinal=5 Target=PC_Hero Arg1=PC_Hero Arg2=PC_Hero Caller=Game.dll+0x00069484 PlayerAction=0 PlayerPhase=12 PlayerMotion=Hero_Stand_None_None_P0_Move_Turn90_N_Right_00_%_00_P0_0.xmot Raw8Fist=<none> Raw8UseType=-1 Raw8Group=-1
CORE RAW55_QUICK_CALLBACK_BOUNDARY Actor=Troll C1=8 SameC1=1 Action=5->5 Phase=1->1 StateTime=0.286474->0.286474 StatePosition=1->1 MotionBefore=Troll_Stand_Fist_Fist_P0_QuickAttackL_Hit_N_Fwd_00_%_00_P0_100.xmot MotionAfter=Troll_Stand_Fist_Fist_P0_QuickAttackL_Hit_N_Fwd_00_%_00_P0_100.xmot Right=TrollFist RightUseType=55 RightGroup=7->7 NativeResult=1 OBSERVE_NATIVE=1
CORE C1_START ElapsedMs=29510.621 Actor=PC_Hero Generation=9 Status=CANDIDATE Outstanding=0 TrackedSources=0 ReplacedGeneration=0 ReplacedOutstanding=0
CORE C1_BIND ElapsedMs=29510.628 Event=COMBAT_MOVE_CANDIDATE_BOUND Actor=PC_Hero Generation=9 Status=CANDIDATE Outstanding=0 Source=<null> Script=_AI_Stumble
CORE C1_STATUS ElapsedMs=29510.689 Event=PERSISTED Actor=PC_Hero Generation=9 Status=PERSISTED Outstanding=0
CORE RAW55_QUICK_CALLBACK_BOUNDARY Actor=Troll C1=8 SameC1=1 Action=5->5 Phase=1->1 StateTime=0.294807->0.294807 StatePosition=1->1 MotionBefore=Troll_Stand_Fist_Fist_P0_QuickAttackL_Hit_N_Fwd_00_%_00_P0_100.xmot MotionAfter=Troll_Stand_Fist_Fist_P0_QuickAttackL_Hit_N_Fwd_00_%_00_P0_100.xmot Right=TrollFist RightUseType=55 RightGroup=7->7 NativeResult=1 OBSERVE_NATIVE=1
CORE RAW55_QUICK_CALLBACK_BOUNDARY Actor=Troll C1=8 SameC1=1 Action=5->5 Phase=1->1 StateTime=0.304763->0.304763 StatePosition=1->1 MotionBefore=Troll_Stand_Fist_Fist_P0_QuickAttackL_Hit_N_Fwd_00_%_00_P0_100.xmot MotionAfter=Troll_Stand_Fist_Fist_P0_QuickAttackL_Hit_N_Fwd_00_%_00_P0_100.xmot Right=TrollFist RightUseType=55 RightGroup=7->7 NativeResult=1 OBSERVE_NATIVE=1
CORE RAW55_QUICK_CALLBACK_BOUNDARY Actor=Troll C1=8 SameC1=1 Action=5->5 Phase=1->1 StateTime=0.313096->0.313096 StatePosition=1->1 MotionBefore=Troll_Stand_Fist_Fist_P0_QuickAttackL_Hit_N_Fwd_00_%_00_P0_100.xmot MotionAfter=Troll_Stand_Fist_Fist_P0_QuickAttackL_Hit_N_Fwd_00_%_00_P0_100.xmot Right=TrollFist RightUseType=55 RightGroup=7->7 NativeResult=1 OBSERVE_NATIVE=1
CORE RAW55_QUICK_CALLBACK_BOUNDARY Actor=Troll C1=8 SameC1=1 Action=5->5 Phase=1->1 StateTime=0.322067->0.322067 StatePosition=1->1 MotionBefore=Troll_Stand_Fist_Fist_P0_QuickAttackL_Hit_N_Fwd_00_%_00_P0_100.xmot MotionAfter=Troll_Stand_Fist_Fist_P0_QuickAttackL_Hit_N_Fwd_00_%_00_P0_100.xmot Right=TrollFist RightUseType=55 RightGroup=7->7 NativeResult=1 OBSERVE_NATIVE=1
CORE RAW55_QUICK_CALLBACK_BOUNDARY Actor=Troll C1=8 SameC1=1 Action=5->5 Phase=1->1 StateTime=0.330400->0.330400 StatePosition=1->1 MotionBefore=Troll_Stand_Fist_Fist_P0_QuickAttackL_Hit_N_Fwd_00_%_00_P0_100.xmot MotionAfter=Troll_Stand_Fist_Fist_P0_QuickAttackL_Hit_N_Fwd_00_%_00_P0_100.xmot Right=TrollFist RightUseType=55 RightGroup=7->7 NativeResult=1 OBSERVE_NATIVE=1
CORE RAW55_QUICK_CALLBACK_BOUNDARY Actor=Troll C1=8 SameC1=1 Action=5->5 Phase=1->1 StateTime=0.338734->0.338734 StatePosition=1->1 MotionBefore=Troll_Stand_Fist_Fist_P0_QuickAttackL_Hit_N_Fwd_00_%_00_P0_100.xmot MotionAfter=Troll_Stand_Fist_Fist_P0_QuickAttackL_Hit_N_Fwd_00_%_00_P0_100.xmot Right=TrollFist RightUseType=55 RightGroup=7->7 NativeResult=1 OBSERVE_NATIVE=1
CORE RAW55_QUICK_CALLBACK_BOUNDARY Actor=Troll C1=8 SameC1=1 Action=5->5 Phase=1->1 StateTime=0.347067->0.347067 StatePosition=1->1 MotionBefore=Troll_Stand_Fist_Fist_P0_QuickAttackL_Hit_N_Fwd_00_%_00_P0_100.xmot MotionAfter=Troll_Stand_Fist_Fist_P0_QuickAttackL_Hit_N_Fwd_00_%_00_P0_100.xmot Right=TrollFist RightUseType=55 RightGroup=7->7 NativeResult=1 OBSERVE_NATIVE=1
CORE RAW55_QUICK_CALLBACK_BOUNDARY Actor=Troll C1=8 SameC1=1 Action=5->5 Phase=1->1 StateTime=0.356038->0.356038 StatePosition=1->1 MotionBefore=Troll_Stand_Fist_Fist_P0_QuickAttackL_Hit_N_Fwd_00_%_00_P0_100.xmot MotionAfter=Troll_Stand_Fist_Fist_P0_QuickAttackL_Hit_N_Fwd_00_%_00_P0_100.xmot Right=TrollFist RightUseType=55 RightGroup=7->7 NativeResult=1 OBSERVE_NATIVE=1
CORE RAW55_QUICK_CALLBACK_BOUNDARY Actor=Troll C1=8 SameC1=1 Action=5->5 Phase=1->1 StateTime=0.364371->0.364371 StatePosition=1->1 MotionBefore=Troll_Stand_Fist_Fist_P0_QuickAttackL_Hit_N_Fwd_00_%_00_P0_100.xmot MotionAfter=Troll_Stand_Fist_Fist_P0_QuickAttackL_Hit_N_Fwd_00_%_00_P0_100.xmot Right=TrollFist RightUseType=55 RightGroup=7->7 NativeResult=1 OBSERVE_NATIVE=1
CORE RAW55_QUICK_CALLBACK_BOUNDARY Actor=Troll C1=8 SameC1=1 Action=5->5 Phase=1->1 StateTime=0.372704->0.372704 StatePosition=1->1 MotionBefore=Troll_Stand_Fist_Fist_P0_QuickAttackL_Hit_N_Fwd_00_%_00_P0_100.xmot MotionAfter=Troll_Stand_Fist_Fist_P0_QuickAttackL_Hit_N_Fwd_00_%_00_P0_100.xmot Right=TrollFist RightUseType=55 RightGroup=7->7 NativeResult=1 OBSERVE_NATIVE=1
CORE RAW55_QUICK_CALLBACK_BOUNDARY Actor=Troll C1=8 SameC1=1 Action=5->5 Phase=1->1 StateTime=0.381675->0.381675 StatePosition=1->1 MotionBefore=Troll_Stand_Fist_Fist_P0_QuickAttackL_Hit_N_Fwd_00_%_00_P0_100.xmot MotionAfter=Troll_Stand_Fist_Fist_P0_QuickAttackL_Hit_N_Fwd_00_%_00_P0_100.xmot Right=TrollFist RightUseType=55 RightGroup=7->7 NativeResult=1 OBSERVE_NATIVE=1
CORE RAW55_QUICK_CALLBACK_BOUNDARY Actor=Troll C1=8 SameC1=1 Action=5->5 Phase=1->1 StateTime=0.390008->0.390008 StatePosition=1->1 MotionBefore=Troll_Stand_Fist_Fist_P0_QuickAttackL_Hit_N_Fwd_00_%_00_P0_100.xmot MotionAfter=Troll_Stand_Fist_Fist_P0_QuickAttackL_Hit_N_Fwd_00_%_00_P0_100.xmot Right=TrollFist RightUseType=55 RightGroup=7->7 NativeResult=1 OBSERVE_NATIVE=1
CORE RAW55_QUICK_CALLBACK_BOUNDARY Actor=Troll C1=8 SameC1=1 Action=5->5 Phase=1->1 StateTime=0.398979->0.398979 StatePosition=1->1 MotionBefore=Troll_Stand_Fist_Fist_P0_QuickAttackL_Hit_N_Fwd_00_%_00_P0_100.xmot MotionAfter=Troll_Stand_Fist_Fist_P0_QuickAttackL_Hit_N_Fwd_00_%_00_P0_100.xmot Right=TrollFist RightUseType=55 RightGroup=7->7 NativeResult=1 OBSERVE_NATIVE=1
CORE RAW55_QUICK_CALLBACK_BOUNDARY Actor=Troll C1=8 SameC1=1 Action=5->5 Phase=1->1 StateTime=0.407313->0.407313 StatePosition=1->1 MotionBefore=Troll_Stand_Fist_Fist_P0_QuickAttackL_Hit_N_Fwd_00_%_00_P0_100.xmot MotionAfter=Troll_Stand_Fist_Fist_P0_QuickAttackL_Hit_N_Fwd_00_%_00_P0_100.xmot Right=TrollFist RightUseType=55 RightGroup=7->7 NativeResult=1 OBSERVE_NATIVE=1
CORE RAW55_QUICK_CALLBACK_BOUNDARY Actor=Troll C1=8 SameC1=1 Action=5->5 Phase=1->1 StateTime=0.415646->0.415646 StatePosition=1->1 MotionBefore=Troll_Stand_Fist_Fist_P0_QuickAttackL_Hit_N_Fwd_00_%_00_P0_100.xmot MotionAfter=Troll_Stand_Fist_Fist_P0_QuickAttackL_Hit_N_Fwd_00_%_00_P0_100.xmot Right=TrollFist RightUseType=55 RightGroup=7->7 NativeResult=1 OBSERVE_NATIVE=1
CORE RAW55_QUICK_CALLBACK_BOUNDARY Actor=Troll C1=8 SameC1=1 Action=5->5 Phase=1->1 StateTime=0.423979->0.423979 StatePosition=1->1 MotionBefore=Troll_Stand_Fist_Fist_P0_QuickAttackL_Hit_N_Fwd_00_%_00_P0_100.xmot MotionAfter=Troll_Stand_Fist_Fist_P0_QuickAttackL_Hit_N_Fwd_00_%_00_P0_100.xmot Right=TrollFist RightUseType=55 RightGroup=7->7 NativeResult=1 OBSERVE_NATIVE=1
CORE RAW55_QUICK_CALLBACK_BOUNDARY Actor=Troll C1=8 SameC1=1 Action=5->5 Phase=1->1 StateTime=0.432313->0.432313 StatePosition=1->1 MotionBefore=Troll_Stand_Fist_Fist_P0_QuickAttackL_Hit_N_Fwd_00_%_00_P0_100.xmot MotionAfter=Troll_Stand_Fist_Fist_P0_QuickAttackL_Hit_N_Fwd_00_%_00_P0_100.xmot Right=TrollFist RightUseType=55 RightGroup=7->7 NativeResult=1 OBSERVE_NATIVE=1
CORE RAW55_QUICK_CALLBACK_BOUNDARY Actor=Troll C1=8 SameC1=1 Action=5->5 Phase=1->1 StateTime=0.441283->0.441283 StatePosition=1->1 MotionBefore=Troll_Stand_Fist_Fist_P0_QuickAttackL_Hit_N_Fwd_00_%_00_P0_100.xmot MotionAfter=Troll_Stand_Fist_Fist_P0_QuickAttackL_Hit_N_Fwd_00_%_00_P0_100.xmot Right=TrollFist RightUseType=55 RightGroup=7->7 NativeResult=1 OBSERVE_NATIVE=1
CORE RAW55_QUICK_CALLBACK_BOUNDARY Actor=Troll C1=8 SameC1=1 Action=5->5 Phase=1->1 StateTime=0.449617->0.449617 StatePosition=1->1 MotionBefore=Troll_Stand_Fist_Fist_P0_QuickAttackL_Hit_N_Fwd_00_%_00_P0_100.xmot MotionAfter=Troll_Stand_Fist_Fist_P0_QuickAttackL_Hit_N_Fwd_00_%_00_P0_100.xmot Right=TrollFist RightUseType=55 RightGroup=7->7 NativeResult=1 OBSERVE_NATIVE=1
CORE RAW55_QUICK_CALLBACK_BOUNDARY Actor=Troll C1=8 SameC1=1 Action=5->5 Phase=1->1 StateTime=0.458588->0.458588 StatePosition=1->1 MotionBefore=Troll_Stand_Fist_Fist_P0_QuickAttackL_Hit_N_Fwd_00_%_00_P0_100.xmot MotionAfter=Troll_Stand_Fist_Fist_P0_QuickAttackL_Hit_N_Fwd_00_%_00_P0_100.xmot Right=TrollFist RightUseType=55 RightGroup=7->7 NativeResult=1 OBSERVE_NATIVE=1
CORE RAW55_QUICK_CALLBACK_BOUNDARY Actor=Troll C1=8 SameC1=1 Action=5->5 Phase=1->1 StateTime=0.466921->0.466921 StatePosition=1->1 MotionBefore=Troll_Stand_Fist_Fist_P0_QuickAttackL_Hit_N_Fwd_00_%_00_P0_100.xmot MotionAfter=Troll_Stand_Fist_Fist_P0_QuickAttackL_Hit_N_Fwd_00_%_00_P0_100.xmot Right=TrollFist RightUseType=55 RightGroup=7->7 NativeResult=1 OBSERVE_NATIVE=1
CORE RAW55_QUICK_CALLBACK_BOUNDARY Actor=Troll C1=8 SameC1=1 Action=5->5 Phase=1->1 StateTime=0.476877->0.476877 StatePosition=1->1 MotionBefore=Troll_Stand_Fist_Fist_P0_QuickAttackL_Hit_N_Fwd_00_%_00_P0_100.xmot MotionAfter=Troll_Stand_Fist_Fist_P0_QuickAttackL_Hit_N_Fwd_00_%_00_P0_100.xmot Right=TrollFist RightUseType=55 RightGroup=7->7 NativeResult=1 OBSERVE_NATIVE=1
CORE RAW55_QUICK_CALLBACK_BOUNDARY Actor=Troll C1=8 SameC1=1 Action=5->5 Phase=1->1 StateTime=0.485210->0.485210 StatePosition=1->1 MotionBefore=Troll_Stand_Fist_Fist_P0_QuickAttackL_Hit_N_Fwd_00_%_00_P0_100.xmot MotionAfter=Troll_Stand_Fist_Fist_P0_QuickAttackL_Hit_N_Fwd_00_%_00_P0_100.xmot Right=TrollFist RightUseType=55 RightGroup=7->7 NativeResult=1 OBSERVE_NATIVE=1
CORE RAW55_QUICK_CALLBACK_BOUNDARY Actor=Troll C1=8 SameC1=1 Action=5->5 Phase=1->1 StateTime=0.493544->0.493544 StatePosition=1->1 MotionBefore=Troll_Stand_Fist_Fist_P0_QuickAttackL_Hit_N_Fwd_00_%_00_P0_100.xmot MotionAfter=Troll_Stand_Fist_Fist_P0_QuickAttackL_Hit_N_Fwd_00_%_00_P0_100.xmot Right=TrollFist RightUseType=55 RightGroup=7->7 NativeResult=1 OBSERVE_NATIVE=1
CORE RAW55_QUICK_CALLBACK_BOUNDARY Actor=Troll C1=8 SameC1=1 Action=5->5 Phase=1->1 StateTime=0.501877->0.501877 StatePosition=1->1 MotionBefore=Troll_Stand_Fist_Fist_P0_QuickAttackL_Hit_N_Fwd_00_%_00_P0_100.xmot MotionAfter=Troll_Stand_Fist_Fist_P0_QuickAttackL_Hit_N_Fwd_00_%_00_P0_100.xmot Right=TrollFist RightUseType=55 RightGroup=7->7 NativeResult=1 OBSERVE_NATIVE=1
CORE RAW55_QUICK_CALLBACK_BOUNDARY Actor=Troll C1=8 SameC1=1 Action=5->5 Phase=1->1 StateTime=0.510848->0.510848 StatePosition=1->1 MotionBefore=Troll_Stand_Fist_Fist_P0_QuickAttackL_Hit_N_Fwd_00_%_00_P0_100.xmot MotionAfter=Troll_Stand_Fist_Fist_P0_QuickAttackL_Hit_N_Fwd_00_%_00_P0_100.xmot Right=TrollFist RightUseType=55 RightGroup=7->7 NativeResult=1 OBSERVE_NATIVE=1
CORE RAW55_QUICK_CALLBACK_BOUNDARY Actor=Troll C1=8 SameC1=1 Action=5->5 Phase=1->1 StateTime=0.519181->0.519181 StatePosition=1->1 MotionBefore=Troll_Stand_Fist_Fist_P0_QuickAttackL_Hit_N_Fwd_00_%_00_P0_100.xmot MotionAfter=Troll_Stand_Fist_Fist_P0_QuickAttackL_Hit_N_Fwd_00_%_00_P0_100.xmot Right=TrollFist RightUseType=55 RightGroup=7->7 NativeResult=1 OBSERVE_NATIVE=1
CORE RAW55_QUICK_CALLBACK_BOUNDARY Actor=Troll C1=8 SameC1=1 Action=5->5 Phase=1->1 StateTime=0.527514->0.527514 StatePosition=1->1 MotionBefore=Troll_Stand_Fist_Fist_P0_QuickAttackL_Hit_N_Fwd_00_%_00_P0_100.xmot MotionAfter=Troll_Stand_Fist_Fist_P0_QuickAttackL_Hit_N_Fwd_00_%_00_P0_100.xmot Right=TrollFist RightUseType=55 RightGroup=7->7 NativeResult=1 OBSERVE_NATIVE=1
CORE RAW55_QUICK_CALLBACK_BOUNDARY Actor=Troll C1=8 SameC1=1 Action=5->5 Phase=1->1 StateTime=0.536485->0.536485 StatePosition=1->1 MotionBefore=Troll_Stand_Fist_Fist_P0_QuickAttackL_Hit_N_Fwd_00_%_00_P0_100.xmot MotionAfter=Troll_Stand_Fist_Fist_P0_QuickAttackL_Hit_N_Fwd_00_%_00_P0_100.xmot Right=TrollFist RightUseType=55 RightGroup=7->7 NativeResult=1 OBSERVE_NATIVE=1
CORE RAW55_QUICK_CALLBACK_BOUNDARY Actor=Troll C1=8 SameC1=1 Action=5->5 Phase=1->1 StateTime=0.544818->0.544818 StatePosition=1->1 MotionBefore=Troll_Stand_Fist_Fist_P0_QuickAttackL_Hit_N_Fwd_00_%_00_P0_100.xmot MotionAfter=Troll_Stand_Fist_Fist_P0_QuickAttackL_Hit_N_Fwd_00_%_00_P0_100.xmot Right=TrollFist RightUseType=55 RightGroup=7->7 NativeResult=1 OBSERVE_NATIVE=1
CORE RAW55_QUICK_CALLBACK_BOUNDARY Actor=Troll C1=8 SameC1=1 Action=5->5 Phase=1->1 StateTime=0.553152->0.553152 StatePosition=1->1 MotionBefore=Troll_Stand_Fist_Fist_P0_QuickAttackL_Hit_N_Fwd_00_%_00_P0_100.xmot MotionAfter=Troll_Stand_Fist_Fist_P0_QuickAttackL_Hit_N_Fwd_00_%_00_P0_100.xmot Right=TrollFist RightUseType=55 RightGroup=7->7 NativeResult=1 OBSERVE_NATIVE=1
CORE RAW55_QUICK_CALLBACK_BOUNDARY Actor=Troll C1=8 SameC1=1 Action=5->5 Phase=1->1 StateTime=0.561485->0.561485 StatePosition=1->1 MotionBefore=Troll_Stand_Fist_Fist_P0_QuickAttackL_Hit_N_Fwd_00_%_00_P0_100.xmot MotionAfter=Troll_Stand_Fist_Fist_P0_QuickAttackL_Hit_N_Fwd_00_%_00_P0_100.xmot Right=TrollFist RightUseType=55 RightGroup=7->7 NativeResult=1 OBSERVE_NATIVE=1
CORE RAW55_QUICK_CALLBACK_BOUNDARY Actor=Troll C1=8 SameC1=1 Action=5->5 Phase=1->1 StateTime=0.569818->0.569818 StatePosition=1->1 MotionBefore=Troll_Stand_Fist_Fist_P0_QuickAttackL_Hit_N_Fwd_00_%_00_P0_100.xmot MotionAfter=Troll_Stand_Fist_Fist_P0_QuickAttackL_Hit_N_Fwd_00_%_00_P0_100.xmot Right=TrollFist RightUseType=55 RightGroup=7->7 NativeResult=1 OBSERVE_NATIVE=1
CORE RAW55_QUICK_CALLBACK_BOUNDARY Actor=Troll C1=8 SameC1=1 Action=5->5 Phase=1->1 StateTime=0.578789->0.578789 StatePosition=1->1 MotionBefore=Troll_Stand_Fist_Fist_P0_QuickAttackL_Hit_N_Fwd_00_%_00_P0_100.xmot MotionAfter=Troll_Stand_Fist_Fist_P0_QuickAttackL_Hit_N_Fwd_00_%_00_P0_100.xmot Right=TrollFist RightUseType=55 RightGroup=7->7 NativeResult=1 OBSERVE_NATIVE=1
CORE RAW55_QUICK_CALLBACK_BOUNDARY Actor=Troll C1=8 SameC1=1 Action=5->5 Phase=1->1 StateTime=0.587122->0.587122 StatePosition=1->1 MotionBefore=Troll_Stand_Fist_Fist_P0_QuickAttackL_Hit_N_Fwd_00_%_00_P0_100.xmot MotionAfter=Troll_Stand_Fist_Fist_P0_QuickAttackL_Hit_N_Fwd_00_%_00_P0_100.xmot Right=TrollFist RightUseType=55 RightGroup=7->7 NativeResult=1 OBSERVE_NATIVE=1
CORE RAW55_QUICK_CALLBACK_BOUNDARY Actor=Troll C1=8 SameC1=1 Action=5->5 Phase=1->1 StateTime=0.596093->0.596093 StatePosition=1->1 MotionBefore=Troll_Stand_Fist_Fist_P0_QuickAttackL_Hit_N_Fwd_00_%_00_P0_100.xmot MotionAfter=Troll_Stand_Fist_Fist_P0_QuickAttackL_Hit_N_Fwd_00_%_00_P0_100.xmot Right=TrollFist RightUseType=55 RightGroup=7->7 NativeResult=1 OBSERVE_NATIVE=1
===== CORE MARKER ANOMALY / DISCOVERY =====
ElapsedMs: 29791.708
Actor: Troll
Action: 5
Family: QUICK
AniPhase: 1
StatePosition: 1
CurrentMovementAni: Troll_Stand_Fist_Fist_P0_QuickAttackL_Hit_N_Fwd_00_%_00_P0_100.xmot
MarkerName: G3AB_COL_FIST
MarkerOpcode: FIST
Result: UNSUPPORTED_MISSING_SOURCE
C1GenerationValid: 1
C1Generation: 8
RequiredSourceMask: 0
MissingSourceMask: 0
RightSourceSlot: RIGHT
RightSourceName: TrollFist
RightSourceUseType: 55
RightSourceCollisionGroup: 7
LeftSourceSlot: LEFT
LeftSourceName: TrollFist
LeftSourceUseType: 55
LeftSourceCollisionGroup: 5
Raw8FistSourceName: <none>
Raw8FistSourceUseType: -1
Raw8FistSourceCollisionGroup: -1
===========================================

CORE RAW55_QUICK_REPEAT_FIST_ELIGIBILITY Actor=Troll Action=5 StatePosition=1 StateTime=0.604426 MarkerOpcode=4 ResultOpcode=4 ResultCode=2 CurrentC1Valid=1 CurrentC1=8 StoredC1=8 SameC1=1 CurrentRight=E6EAF010 StoredRight=E6EAF010 SameRight=1 ResultRightMatchesStored=1 RightUseType=55 RightGroup=7 InterventionUsed=1 PreStateFistProven=1 LaterFistRearmUsed=0 DecisionFoundMotion=1 DecisionScanValid=1 DecisionMarkerPresent=1 DecisionHasFist=1 DecisionFistCount=2 DecisionRightCount=0 DecisionLeftCount=0 DecisionBothCount=0 DecisionOffCount=0 RequiredSourceMask=0 Raw8ResolverAbsent=1 QuickHit=1 Eligible=1 FirstFailedGate=NONE
CORE RAW55_QUICK_REPEAT_FIST_REARM_PROBE Actor=Troll C1=8 Action=5 StatePosition=1 StateTime=0.604426 Right=TrollFist RightUseType=55 RightGroup=7 DecisionFistCount=2 FirstPreStateProof=1 LaterDispatchOrdinal=2 ClearTriggeredList=1 REPEAT_FIST_REARM=1
CORE C1_FINAL ElapsedMs=29794.790 Actor=PC_Hero Generation=9 Status=PERSISTED SourceCount=0 PhysicalChanged=0
CORE RAW55_QUICK_CALLBACK_BOUNDARY Actor=Troll C1=8 SameC1=1 Action=5->5 Phase=1->1 StateTime=0.604426->0.604426 StatePosition=1->1 MotionBefore=Troll_Stand_Fist_Fist_P0_QuickAttackL_Hit_N_Fwd_00_%_00_P0_100.xmot MotionAfter=Troll_Stand_Fist_Fist_P0_QuickAttackL_Hit_N_Fwd_00_%_00_P0_100.xmot Right=TrollFist RightUseType=55 RightGroup=7->7 NativeResult=1 OBSERVE_NATIVE=1
CORE RAW55_QUICK_CALLBACK_BOUNDARY Actor=Troll C1=8 SameC1=1 Action=5->5 Phase=1->1 StateTime=0.612760->0.612760 StatePosition=1->1 MotionBefore=Troll_Stand_Fist_Fist_P0_QuickAttackL_Hit_N_Fwd_00_%_00_P0_100.xmot MotionAfter=Troll_Stand_Fist_Fist_P0_QuickAttackL_Hit_N_Fwd_00_%_00_P0_100.xmot Right=TrollFist RightUseType=55 RightGroup=7->7 NativeResult=1 OBSERVE_NATIVE=1
CORE RAW55_QUICK_CALLBACK_BOUNDARY Actor=Troll C1=8 SameC1=1 Action=5->5 Phase=1->1 StateTime=0.621093->0.621093 StatePosition=1->1 MotionBefore=Troll_Stand_Fist_Fist_P0_QuickAttackL_Hit_N_Fwd_00_%_00_P0_100.xmot MotionAfter=Troll_Stand_Fist_Fist_P0_QuickAttackL_Hit_N_Fwd_00_%_00_P0_100.xmot Right=TrollFist RightUseType=55 RightGroup=7->7 NativeResult=1 OBSERVE_NATIVE=1
CORE RAW55_QUICK_CALLBACK_BOUNDARY Actor=Troll C1=8 SameC1=1 Action=5->5 Phase=1->1 StateTime=0.629426->0.629426 StatePosition=1->1 MotionBefore=Troll_Stand_Fist_Fist_P0_QuickAttackL_Hit_N_Fwd_00_%_00_P0_100.xmot MotionAfter=Troll_Stand_Fist_Fist_P0_QuickAttackL_Hit_N_Fwd_00_%_00_P0_100.xmot Right=TrollFist RightUseType=55 RightGroup=7->7 NativeResult=1 OBSERVE_NATIVE=1
CORE RAW55_QUICK_CALLBACK_BOUNDARY Actor=Troll C1=8 SameC1=1 Action=5->5 Phase=1->1 StateTime=0.637760->0.637760 StatePosition=1->1 MotionBefore=Troll_Stand_Fist_Fist_P0_QuickAttackL_Hit_N_Fwd_00_%_00_P0_100.xmot MotionAfter=Troll_Stand_Fist_Fist_P0_QuickAttackL_Hit_N_Fwd_00_%_00_P0_100.xmot Right=TrollFist RightUseType=55 RightGroup=7->7 NativeResult=1 OBSERVE_NATIVE=1
CORE RAW55_QUICK_CALLBACK_BOUNDARY Actor=Troll C1=8 SameC1=1 Action=5->5 Phase=1->1 StateTime=0.646093->0.646093 StatePosition=1->1 MotionBefore=Troll_Stand_Fist_Fist_P0_QuickAttackL_Hit_N_Fwd_00_%_00_P0_100.xmot MotionAfter=Troll_Stand_Fist_Fist_P0_QuickAttackL_Hit_N_Fwd_00_%_00_P0_100.xmot Right=TrollFist RightUseType=55 RightGroup=7->7 NativeResult=1 OBSERVE_NATIVE=1
CORE RAW55_QUICK_CALLBACK_BOUNDARY Actor=Troll C1=8 SameC1=1 Action=5->5 Phase=1->1 StateTime=0.655064->0.655064 StatePosition=1->1 MotionBefore=Troll_Stand_Fist_Fist_P0_QuickAttackL_Hit_N_Fwd_00_%_00_P0_100.xmot MotionAfter=Troll_Stand_Fist_Fist_P0_QuickAttackL_Hit_N_Fwd_00_%_00_P0_100.xmot Right=TrollFist RightUseType=55 RightGroup=7->7 NativeResult=1 OBSERVE_NATIVE=1
CORE RAW55_QUICK_CALLBACK_BOUNDARY Actor=Troll C1=8 SameC1=1 Action=5->5 Phase=1->1 StateTime=0.663397->0.663397 StatePosition=1->1 MotionBefore=Troll_Stand_Fist_Fist_P0_QuickAttackL_Hit_N_Fwd_00_%_00_P0_100.xmot MotionAfter=Troll_Stand_Fist_Fist_P0_QuickAttackL_Hit_N_Fwd_00_%_00_P0_100.xmot Right=TrollFist RightUseType=55 RightGroup=7->7 NativeResult=1 OBSERVE_NATIVE=1
CORE RAW55_QUICK_CALLBACK_BOUNDARY Actor=Troll C1=8 SameC1=1 Action=5->5 Phase=1->1 StateTime=0.671730->0.671730 StatePosition=1->1 MotionBefore=Troll_Stand_Fist_Fist_P0_QuickAttackL_Hit_N_Fwd_00_%_00_P0_100.xmot MotionAfter=Troll_Stand_Fist_Fist_P0_QuickAttackL_Hit_N_Fwd_00_%_00_P0_100.xmot Right=TrollFist RightUseType=55 RightGroup=7->7 NativeResult=1 OBSERVE_NATIVE=1
CORE RAW55_QUICK_CALLBACK_BOUNDARY Actor=Troll C1=8 SameC1=1 Action=5->5 Phase=1->1 StateTime=0.680063->0.680063 StatePosition=1->1 MotionBefore=Troll_Stand_Fist_Fist_P0_QuickAttackL_Hit_N_Fwd_00_%_00_P0_100.xmot MotionAfter=Troll_Stand_Fist_Fist_P0_QuickAttackL_Hit_N_Fwd_00_%_00_P0_100.xmot Right=TrollFist RightUseType=55 RightGroup=7->7 NativeResult=1 OBSERVE_NATIVE=1
CORE RAW55_QUICK_CALLBACK_BOUNDARY Actor=Troll C1=8 SameC1=1 Action=5->5 Phase=1->1 StateTime=0.688397->0.688397 StatePosition=1->1 MotionBefore=Troll_Stand_Fist_Fist_P0_QuickAttackL_Hit_N_Fwd_00_%_00_P0_100.xmot MotionAfter=Troll_Stand_Fist_Fist_P0_QuickAttackL_Hit_N_Fwd_00_%_00_P0_100.xmot Right=TrollFist RightUseType=55 RightGroup=7->7 NativeResult=1 OBSERVE_NATIVE=1
CORE RAW55_QUICK_CALLBACK_BOUNDARY Actor=Troll C1=8 SameC1=1 Action=5->5 Phase=1->1 StateTime=0.697367->0.697367 StatePosition=1->1 MotionBefore=Troll_Stand_Fist_Fist_P0_QuickAttackL_Hit_N_Fwd_00_%_00_P0_100.xmot MotionAfter=Troll_Stand_Fist_Fist_P0_QuickAttackL_Hit_N_Fwd_00_%_00_P0_100.xmot Right=TrollFist RightUseType=55 RightGroup=7->7 NativeResult=1 OBSERVE_NATIVE=1
CORE RAW55_QUICK_CALLBACK_BOUNDARY Actor=Troll C1=8 SameC1=1 Action=5->5 Phase=1->1 StateTime=0.705701->0.705701 StatePosition=1->1 MotionBefore=Troll_Stand_Fist_Fist_P0_QuickAttackL_Hit_N_Fwd_00_%_00_P0_100.xmot MotionAfter=Troll_Stand_Fist_Fist_P0_QuickAttackL_Hit_N_Fwd_00_%_00_P0_100.xmot Right=TrollFist RightUseType=55 RightGroup=7->7 NativeResult=1 OBSERVE_NATIVE=1
CORE ONDAMAGE ElapsedMs=29899.191 Ordinal=6 Target=PC_Hero Arg1=PC_Hero Arg2=PC_Hero Caller=Game.dll+0x00069484 PlayerAction=0 PlayerPhase=3 PlayerMotion=Hero_Stand_None_None_P0_StumbleR_Recover_N_Back_00_%_00_P0_0.xmot Raw8Fist=<none> Raw8UseType=-1 Raw8Group=-1
CORE RAW55_QUICK_CALLBACK_BOUNDARY Actor=Troll C1=8 SameC1=1 Action=5->5 Phase=1->1 StateTime=0.714672->0.714672 StatePosition=1->1 MotionBefore=Troll_Stand_Fist_Fist_P0_QuickAttackL_Hit_N_Fwd_00_%_00_P0_100.xmot MotionAfter=Troll_Stand_Fist_Fist_P0_QuickAttackL_Hit_N_Fwd_00_%_00_P0_100.xmot Right=TrollFist RightUseType=55 RightGroup=7->7 NativeResult=1 OBSERVE_NATIVE=1
CORE C1_START ElapsedMs=29907.953 Actor=PC_Hero Generation=10 Status=CANDIDATE Outstanding=0 TrackedSources=0 ReplacedGeneration=0 ReplacedOutstanding=0
CORE C1_BIND ElapsedMs=29907.962 Event=COMBAT_MOVE_CANDIDATE_BOUND Actor=PC_Hero Generation=10 Status=CANDIDATE Outstanding=0 Source=<null> Script=_AI_Stumble
CORE C1_STATUS ElapsedMs=29908.016 Event=PERSISTED Actor=PC_Hero Generation=10 Status=PERSISTED Outstanding=0
CORE RAW55_QUICK_CALLBACK_BOUNDARY Actor=Troll C1=8 SameC1=1 Action=5->5 Phase=1->1 StateTime=0.724657->0.724657 StatePosition=1->1 MotionBefore=Troll_Stand_Fist_Fist_P0_QuickAttackL_Hit_N_Fwd_00_%_00_P0_100.xmot MotionAfter=Troll_Stand_Fist_Fist_P0_QuickAttackL_Hit_N_Fwd_00_%_00_P0_100.xmot Right=TrollFist RightUseType=55 RightGroup=7->7 NativeResult=1 OBSERVE_NATIVE=1
CORE RAW55_QUICK_CALLBACK_BOUNDARY Actor=Troll C1=8 SameC1=1 Action=5->5 Phase=1->1 StateTime=0.733670->0.733670 StatePosition=1->1 MotionBefore=Troll_Stand_Fist_Fist_P0_QuickAttackL_Hit_N_Fwd_00_%_00_P0_100.xmot MotionAfter=Troll_Stand_Fist_Fist_P0_QuickAttackL_Hit_N_Fwd_00_%_00_P0_100.xmot Right=TrollFist RightUseType=55 RightGroup=7->7 NativeResult=1 OBSERVE_NATIVE=1
CORE RAW55_QUICK_CALLBACK_BOUNDARY Actor=Troll C1=8 SameC1=1 Action=5->5 Phase=1->1 StateTime=0.742003->0.742003 StatePosition=1->1 MotionBefore=Troll_Stand_Fist_Fist_P0_QuickAttackL_Hit_N_Fwd_00_%_00_P0_100.xmot MotionAfter=Troll_Stand_Fist_Fist_P0_QuickAttackL_Hit_N_Fwd_00_%_00_P0_100.xmot Right=TrollFist RightUseType=55 RightGroup=7->7 NativeResult=1 OBSERVE_NATIVE=1
CORE RAW55_QUICK_CALLBACK_BOUNDARY Actor=Troll C1=8 SameC1=1 Action=5->5 Phase=1->1 StateTime=0.750336->0.750336 StatePosition=1->1 MotionBefore=Troll_Stand_Fist_Fist_P0_QuickAttackL_Hit_N_Fwd_00_%_00_P0_100.xmot MotionAfter=Troll_Stand_Fist_Fist_P0_QuickAttackL_Hit_N_Fwd_00_%_00_P0_100.xmot Right=TrollFist RightUseType=55 RightGroup=7->7 NativeResult=1 OBSERVE_NATIVE=1
CORE RAW55_QUICK_CALLBACK_BOUNDARY Actor=Troll C1=8 SameC1=1 Action=5->5 Phase=1->1 StateTime=0.760292->0.760292 StatePosition=1->1 MotionBefore=Troll_Stand_Fist_Fist_P0_QuickAttackL_Hit_N_Fwd_00_%_00_P0_100.xmot MotionAfter=Troll_Stand_Fist_Fist_P0_QuickAttackL_Hit_N_Fwd_00_%_00_P0_100.xmot Right=TrollFist RightUseType=55 RightGroup=7->7 NativeResult=1 OBSERVE_NATIVE=1
CORE RAW55_QUICK_CALLBACK_BOUNDARY Actor=Troll C1=8 SameC1=1 Action=5->5 Phase=1->1 StateTime=0.769304->0.769304 StatePosition=1->1 MotionBefore=Troll_Stand_Fist_Fist_P0_QuickAttackL_Hit_N_Fwd_00_%_00_P0_100.xmot MotionAfter=Troll_Stand_Fist_Fist_P0_QuickAttackL_Hit_N_Fwd_00_%_00_P0_100.xmot Right=TrollFist RightUseType=55 RightGroup=7->7 NativeResult=1 OBSERVE_NATIVE=1
CORE RAW55_QUICK_CALLBACK_BOUNDARY Actor=Troll C1=8 SameC1=1 Action=5->5 Phase=1->1 StateTime=0.777637->0.777637 StatePosition=1->1 MotionBefore=Troll_Stand_Fist_Fist_P0_QuickAttackL_Hit_N_Fwd_00_%_00_P0_100.xmot MotionAfter=Troll_Stand_Fist_Fist_P0_QuickAttackL_Hit_N_Fwd_00_%_00_P0_100.xmot Right=TrollFist RightUseType=55 RightGroup=7->7 NativeResult=1 OBSERVE_NATIVE=1
CORE RAW55_QUICK_CALLBACK_BOUNDARY Actor=Troll C1=8 SameC1=1 Action=5->5 Phase=1->1 StateTime=0.792519->0.792519 StatePosition=1->1 MotionBefore=Troll_Stand_Fist_Fist_P0_QuickAttackL_Hit_N_Fwd_00_%_00_P0_100.xmot MotionAfter=Troll_Stand_Fist_Fist_P0_QuickAttackL_Hit_N_Fwd_00_%_00_P0_100.xmot Right=TrollFist RightUseType=55 RightGroup=7->7 NativeResult=1 OBSERVE_NATIVE=1
CORE COLLISION_GROUP ElapsedMs=29986.369 Source=TrollFist UseType=55 Owner=Troll Slot=RIGHT Requested=5 Before=7 After=5 MarkerBitsRetired=0
CORE C1 CLEANUP FULFILLED ElapsedMs=29986.396 Actor=Troll Generation=8 Status=PERSISTED Source=TrollFist Side=RIGHT Requests=2 Outstanding=0 CleanupObserved=1 Group=5
CORE C1_FINAL ElapsedMs=30083.740 Actor=Troll Generation=8 Status=PERSISTED SourceCount=2 PhysicalChanged=0 Source[0]=TrollFist Side=RIGHT Outstanding=0 Cleanup=1 Outcome=NO_OP_NO_OUTSTANDING Source[1]=TrollFist Side=LEFT Outstanding=0 Cleanup=0 Outcome=NO_OP_NO_OUTSTANDING
CORE C1_FINAL ElapsedMs=30198.558 Actor=PC_Hero Generation=10 Status=PERSISTED SourceCount=0 PhysicalChanged=0
CORE C1_START ElapsedMs=31293.179 Actor=Troll Generation=11 Status=CANDIDATE Outstanding=0 TrackedSources=2 ReplacedGeneration=0 ReplacedOutstanding=0 Source[0]=TrollFist Side=RIGHT Group=5 Source[1]=TrollFist Side=LEFT Group=5
CORE C1_BIND ElapsedMs=31293.192 Event=COMBAT_MOVE_CANDIDATE_BOUND Actor=Troll Generation=11 Status=CANDIDATE Outstanding=0 Source=<null> Script=_AI_QuickAttack
CORE C1_STATUS ElapsedMs=31293.260 Event=PERSISTED Actor=Troll Generation=11 Status=PERSISTED Outstanding=0
CORE ATTACK_OWNERSHIP ElapsedMs=31293.277 Actor=Troll Family=QUICK Action=4 Phase=1 Motion=Troll_Stand_Fist_Fist_P0_QuickAttackR_Hit_N_Fwd_00_%_00_P0_100.xmot MarkerPresent=1 RequiredMask=0 FistMarkers=1 Raw8Fist=<none> Raw8UseType=-1 SuppressNative=0 Classification=CONTRADICTION
===== CORE ATTACK OWNERSHIP ANOMALY =====
MatchingMotionFound: 1
MarkerScanValid: 1
RequiredSourcesAvailable: 1
RightSourceSlot: RIGHT
RightSourceName: TrollFist
RightSourceUseType: 55
RightSourceCollisionGroup: 5
LeftSourceSlot: LEFT
LeftSourceName: TrollFist
LeftSourceUseType: 55
LeftSourceCollisionGroup: 5
Raw8FistSourceName: <none>
Raw8FistSourceUseType: -1
Raw8FistSourceCollisionGroup: -1
=========================================

CORE RAW55_QUICK_CALLBACK_BOUNDARY Actor=Troll C1=11 SameC1=1 Action=4->4 Phase=1->1 StateTime=0.000000->0.000000 StatePosition=0->0 MotionBefore=Troll_Stand_Fist_Fist_P0_QuickAttackR_Hit_N_Fwd_00_%_00_P0_100.xmot MotionAfter=Troll_Stand_Fist_Fist_P0_QuickAttackR_Hit_N_Fwd_00_%_00_P0_100.xmot Right=TrollFist RightUseType=55 RightGroup=5->5 NativeResult=1 OBSERVE_NATIVE=1
CORE RAW55_QUICK_CALLBACK_BOUNDARY Actor=Troll C1=11 SameC1=1 Action=4->4 Phase=1->1 StateTime=0.008333->0.008333 StatePosition=0->0 MotionBefore=Troll_Stand_Fist_Fist_P0_QuickAttackR_Hit_N_Fwd_00_%_00_P0_100.xmot MotionAfter=Troll_Stand_Fist_Fist_P0_QuickAttackR_Hit_N_Fwd_00_%_00_P0_100.xmot Right=TrollFist RightUseType=55 RightGroup=5->5 NativeResult=1 OBSERVE_NATIVE=1
CORE RAW55_QUICK_CALLBACK_BOUNDARY Actor=Troll C1=11 SameC1=1 Action=4->4 Phase=1->1 StateTime=0.016667->0.016667 StatePosition=0->0 MotionBefore=Troll_Stand_Fist_Fist_P0_QuickAttackR_Hit_N_Fwd_00_%_00_P0_100.xmot MotionAfter=Troll_Stand_Fist_Fist_P0_QuickAttackR_Hit_N_Fwd_00_%_00_P0_100.xmot Right=TrollFist RightUseType=55 RightGroup=5->5 NativeResult=1 OBSERVE_NATIVE=1
CORE RAW55_QUICK_CALLBACK_BOUNDARY Actor=Troll C1=11 SameC1=1 Action=4->4 Phase=1->1 StateTime=0.028593->0.028593 StatePosition=0->0 MotionBefore=Troll_Stand_Fist_Fist_P0_QuickAttackR_Hit_N_Fwd_00_%_00_P0_100.xmot MotionAfter=Troll_Stand_Fist_Fist_P0_QuickAttackR_Hit_N_Fwd_00_%_00_P0_100.xmot Right=TrollFist RightUseType=55 RightGroup=5->5 NativeResult=1 OBSERVE_NATIVE=1
CORE RAW55_QUICK_CALLBACK_BOUNDARY Actor=Troll C1=11 SameC1=1 Action=4->4 Phase=1->1 StateTime=0.036926->0.036926 StatePosition=0->0 MotionBefore=Troll_Stand_Fist_Fist_P0_QuickAttackR_Hit_N_Fwd_00_%_00_P0_100.xmot MotionAfter=Troll_Stand_Fist_Fist_P0_QuickAttackR_Hit_N_Fwd_00_%_00_P0_100.xmot Right=TrollFist RightUseType=55 RightGroup=5->5 NativeResult=1 OBSERVE_NATIVE=1
===== CORE MARKER ANOMALY / DISCOVERY =====
ElapsedMs: 31327.954
Actor: Troll
Action: 4
Family: QUICK
AniPhase: 1
StatePosition: 0
CurrentMovementAni: Troll_Stand_Fist_Fist_P0_QuickAttackR_Hit_N_Fwd_00_%_00_P0_100.xmot
MarkerName: G3AB_COL_FIST
MarkerOpcode: FIST
Result: UNSUPPORTED_MISSING_SOURCE
C1GenerationValid: 1
C1Generation: 11
RequiredSourceMask: 0
MissingSourceMask: 0
RightSourceSlot: RIGHT
RightSourceName: TrollFist
RightSourceUseType: 55
RightSourceCollisionGroup: 5
LeftSourceSlot: LEFT
LeftSourceName: TrollFist
LeftSourceUseType: 55
LeftSourceCollisionGroup: 5
Raw8FistSourceName: <none>
Raw8FistSourceUseType: -1
Raw8FistSourceCollisionGroup: -1
===========================================

CORE COLLISION_GROUP ElapsedMs=31327.994 Source=TrollFist UseType=55 Owner=Troll Slot=RIGHT Requested=7 Before=5 After=7 MarkerBitsRetired=0
CORE C1 OFFENSE REQUEST ElapsedMs=31328.005 Actor=Troll Generation=11 Status=PERSISTED Source=TrollFist Side=RIGHT Requests=1 Outstanding=1 CleanupObserved=0 Group=7
CORE RAW55_QUICK_PRESTATE_FIST_PROBE Actor=Troll C1=11 Action=4 StatePosition=0 StateTime=0.045898 Right=TrollFist RightUseType=55 GroupBefore=5 RequestedGroup=7 GroupAfter=7 ClearTriggeredList=1 PRESTATE_FIST=1
CORE RAW55_QUICK_CALLBACK_BOUNDARY Actor=Troll C1=11 SameC1=1 Action=4->4 Phase=1->1 StateTime=0.045898->0.045898 StatePosition=0->0 MotionBefore=Troll_Stand_Fist_Fist_P0_QuickAttackR_Hit_N_Fwd_00_%_00_P0_100.xmot MotionAfter=Troll_Stand_Fist_Fist_P0_QuickAttackR_Hit_N_Fwd_00_%_00_P0_100.xmot Right=TrollFist RightUseType=55 RightGroup=7->7 NativeResult=1 OBSERVE_NATIVE=1
CORE RAW55_QUICK_CALLBACK_BOUNDARY Actor=Troll C1=11 SameC1=1 Action=4->4 Phase=1->1 StateTime=0.054231->0.054231 StatePosition=0->0 MotionBefore=Troll_Stand_Fist_Fist_P0_QuickAttackR_Hit_N_Fwd_00_%_00_P0_100.xmot MotionAfter=Troll_Stand_Fist_Fist_P0_QuickAttackR_Hit_N_Fwd_00_%_00_P0_100.xmot Right=TrollFist RightUseType=55 RightGroup=7->7 NativeResult=1 OBSERVE_NATIVE=1
CORE RAW55_QUICK_CALLBACK_BOUNDARY Actor=Troll C1=11 SameC1=1 Action=4->4 Phase=1->1 StateTime=0.069128->0.069128 StatePosition=0->0 MotionBefore=Troll_Stand_Fist_Fist_P0_QuickAttackR_Hit_N_Fwd_00_%_00_P0_100.xmot MotionAfter=Troll_Stand_Fist_Fist_P0_QuickAttackR_Hit_N_Fwd_00_%_00_P0_100.xmot Right=TrollFist RightUseType=55 RightGroup=7->7 NativeResult=1 OBSERVE_NATIVE=1
CORE RAW55_QUICK_CALLBACK_BOUNDARY Actor=Troll C1=11 SameC1=1 Action=4->4 Phase=1->1 StateTime=0.077461->0.077461 StatePosition=0->0 MotionBefore=Troll_Stand_Fist_Fist_P0_QuickAttackR_Hit_N_Fwd_00_%_00_P0_100.xmot MotionAfter=Troll_Stand_Fist_Fist_P0_QuickAttackR_Hit_N_Fwd_00_%_00_P0_100.xmot Right=TrollFist RightUseType=55 RightGroup=7->7 NativeResult=1 OBSERVE_NATIVE=1
CORE RAW55_QUICK_CALLBACK_BOUNDARY Actor=Troll C1=11 SameC1=1 Action=4->4 Phase=1->1 StateTime=0.091358->0.091358 StatePosition=0->0 MotionBefore=Troll_Stand_Fist_Fist_P0_QuickAttackR_Hit_N_Fwd_00_%_00_P0_100.xmot MotionAfter=Troll_Stand_Fist_Fist_P0_QuickAttackR_Hit_N_Fwd_00_%_00_P0_100.xmot Right=TrollFist RightUseType=55 RightGroup=7->7 NativeResult=1 OBSERVE_NATIVE=1
CORE RAW55_QUICK_CALLBACK_BOUNDARY Actor=Troll C1=11 SameC1=1 Action=4->4 Phase=1->1 StateTime=0.099692->0.099692 StatePosition=0->0 MotionBefore=Troll_Stand_Fist_Fist_P0_QuickAttackR_Hit_N_Fwd_00_%_00_P0_100.xmot MotionAfter=Troll_Stand_Fist_Fist_P0_QuickAttackR_Hit_N_Fwd_00_%_00_P0_100.xmot Right=TrollFist RightUseType=55 RightGroup=7->7 NativeResult=1 OBSERVE_NATIVE=1
CORE COLLISION_GROUP ElapsedMs=31402.358 Source=TrollFist UseType=55 Owner=Troll Slot=RIGHT Requested=7 Before=7 After=7 MarkerBitsRetired=0
CORE C1 OFFENSE REQUEST ElapsedMs=31402.386 Actor=Troll Generation=11 Status=PERSISTED Source=TrollFist Side=RIGHT Requests=2 Outstanding=1 CleanupObserved=0 Group=7
CORE RAW55_QUICK_CALLBACK_BOUNDARY Actor=Troll C1=11 SameC1=1 Action=4->4 Phase=1->1 StateTime=0.108663->0.108663 StatePosition=0->1 MotionBefore=Troll_Stand_Fist_Fist_P0_QuickAttackR_Hit_N_Fwd_00_%_00_P0_100.xmot MotionAfter=Troll_Stand_Fist_Fist_P0_QuickAttackR_Hit_N_Fwd_00_%_00_P0_100.xmot Right=TrollFist RightUseType=55 RightGroup=7->7 NativeResult=1 OBSERVE_NATIVE=1
CORE RAW55_QUICK_CALLBACK_BOUNDARY Actor=Troll C1=11 SameC1=1 Action=4->4 Phase=1->1 StateTime=0.122594->0.122594 StatePosition=1->1 MotionBefore=Troll_Stand_Fist_Fist_P0_QuickAttackR_Hit_N_Fwd_00_%_00_P0_100.xmot MotionAfter=Troll_Stand_Fist_Fist_P0_QuickAttackR_Hit_N_Fwd_00_%_00_P0_100.xmot Right=TrollFist RightUseType=55 RightGroup=7->7 NativeResult=1 OBSERVE_NATIVE=1
CORE RAW55_QUICK_CALLBACK_BOUNDARY Actor=Troll C1=11 SameC1=1 Action=4->4 Phase=1->1 StateTime=0.130927->0.130927 StatePosition=1->1 MotionBefore=Troll_Stand_Fist_Fist_P0_QuickAttackR_Hit_N_Fwd_00_%_00_P0_100.xmot MotionAfter=Troll_Stand_Fist_Fist_P0_QuickAttackR_Hit_N_Fwd_00_%_00_P0_100.xmot Right=TrollFist RightUseType=55 RightGroup=7->7 NativeResult=1 OBSERVE_NATIVE=1
CORE RAW55_QUICK_CALLBACK_BOUNDARY Actor=Troll C1=11 SameC1=1 Action=4->4 Phase=1->1 StateTime=0.139261->0.139261 StatePosition=1->1 MotionBefore=Troll_Stand_Fist_Fist_P0_QuickAttackR_Hit_N_Fwd_00_%_00_P0_100.xmot MotionAfter=Troll_Stand_Fist_Fist_P0_QuickAttackR_Hit_N_Fwd_00_%_00_P0_100.xmot Right=TrollFist RightUseType=55 RightGroup=7->7 NativeResult=1 OBSERVE_NATIVE=1
CORE RAW55_QUICK_CALLBACK_BOUNDARY Actor=Troll C1=11 SameC1=1 Action=4->4 Phase=1->1 StateTime=0.149217->0.149217 StatePosition=1->1 MotionBefore=Troll_Stand_Fist_Fist_P0_QuickAttackR_Hit_N_Fwd_00_%_00_P0_100.xmot MotionAfter=Troll_Stand_Fist_Fist_P0_QuickAttackR_Hit_N_Fwd_00_%_00_P0_100.xmot Right=TrollFist RightUseType=55 RightGroup=7->7 NativeResult=1 OBSERVE_NATIVE=1
CORE RAW55_QUICK_CALLBACK_BOUNDARY Actor=Troll C1=11 SameC1=1 Action=4->4 Phase=1->1 StateTime=0.157550->0.157550 StatePosition=1->1 MotionBefore=Troll_Stand_Fist_Fist_P0_QuickAttackR_Hit_N_Fwd_00_%_00_P0_100.xmot MotionAfter=Troll_Stand_Fist_Fist_P0_QuickAttackR_Hit_N_Fwd_00_%_00_P0_100.xmot Right=TrollFist RightUseType=55 RightGroup=7->7 NativeResult=1 OBSERVE_NATIVE=1
CORE RAW55_QUICK_CALLBACK_BOUNDARY Actor=Troll C1=11 SameC1=1 Action=4->4 Phase=1->1 StateTime=0.166521->0.166521 StatePosition=1->1 MotionBefore=Troll_Stand_Fist_Fist_P0_QuickAttackR_Hit_N_Fwd_00_%_00_P0_100.xmot MotionAfter=Troll_Stand_Fist_Fist_P0_QuickAttackR_Hit_N_Fwd_00_%_00_P0_100.xmot Right=TrollFist RightUseType=55 RightGroup=7->7 NativeResult=1 OBSERVE_NATIVE=1
CORE RAW55_QUICK_CALLBACK_BOUNDARY Actor=Troll C1=11 SameC1=1 Action=4->4 Phase=1->1 StateTime=0.174854->0.174854 StatePosition=1->1 MotionBefore=Troll_Stand_Fist_Fist_P0_QuickAttackR_Hit_N_Fwd_00_%_00_P0_100.xmot MotionAfter=Troll_Stand_Fist_Fist_P0_QuickAttackR_Hit_N_Fwd_00_%_00_P0_100.xmot Right=TrollFist RightUseType=55 RightGroup=7->7 NativeResult=1 OBSERVE_NATIVE=1
CORE RAW55_QUICK_CALLBACK_BOUNDARY Actor=Troll C1=11 SameC1=1 Action=4->4 Phase=1->1 StateTime=0.183188->0.183188 StatePosition=1->1 MotionBefore=Troll_Stand_Fist_Fist_P0_QuickAttackR_Hit_N_Fwd_00_%_00_P0_100.xmot MotionAfter=Troll_Stand_Fist_Fist_P0_QuickAttackR_Hit_N_Fwd_00_%_00_P0_100.xmot Right=TrollFist RightUseType=55 RightGroup=7->7 NativeResult=1 OBSERVE_NATIVE=1
CORE RAW55_QUICK_CALLBACK_BOUNDARY Actor=Troll C1=11 SameC1=1 Action=4->4 Phase=1->1 StateTime=0.191521->0.191521 StatePosition=1->1 MotionBefore=Troll_Stand_Fist_Fist_P0_QuickAttackR_Hit_N_Fwd_00_%_00_P0_100.xmot MotionAfter=Troll_Stand_Fist_Fist_P0_QuickAttackR_Hit_N_Fwd_00_%_00_P0_100.xmot Right=TrollFist RightUseType=55 RightGroup=7->7 NativeResult=1 OBSERVE_NATIVE=1
CORE ONDAMAGE ElapsedMs=31479.286 Ordinal=7 Target=PC_Hero Arg1=PC_Hero Arg2=PC_Hero Caller=Game.dll+0x00069484 PlayerAction=0 PlayerPhase=12 PlayerMotion=Hero_Stand_None_None_P0_Move_Turn90_N_Left_00_%_00_P0_0.xmot Raw8Fist=<none> Raw8UseType=-1 Raw8Group=-1
CORE RAW55_QUICK_CALLBACK_BOUNDARY Actor=Troll C1=11 SameC1=1 Action=4->4 Phase=1->1 StateTime=0.200492->0.200492 StatePosition=1->1 MotionBefore=Troll_Stand_Fist_Fist_P0_QuickAttackR_Hit_N_Fwd_00_%_00_P0_100.xmot MotionAfter=Troll_Stand_Fist_Fist_P0_QuickAttackR_Hit_N_Fwd_00_%_00_P0_100.xmot Right=TrollFist RightUseType=55 RightGroup=7->7 NativeResult=1 OBSERVE_NATIVE=1
CORE C1_START ElapsedMs=31488.750 Actor=PC_Hero Generation=12 Status=CANDIDATE Outstanding=0 TrackedSources=0 ReplacedGeneration=0 ReplacedOutstanding=0
CORE C1_BIND ElapsedMs=31488.758 Event=COMBAT_MOVE_CANDIDATE_BOUND Actor=PC_Hero Generation=12 Status=CANDIDATE Outstanding=0 Source=<null> Script=_AI_Stumble
CORE C1_STATUS ElapsedMs=31488.828 Event=PERSISTED Actor=PC_Hero Generation=12 Status=PERSISTED Outstanding=0
CORE RAW55_QUICK_CALLBACK_BOUNDARY Actor=Troll C1=11 SameC1=1 Action=4->4 Phase=1->1 StateTime=0.208825->0.208825 StatePosition=1->1 MotionBefore=Troll_Stand_Fist_Fist_P0_QuickAttackR_Hit_N_Fwd_00_%_00_P0_100.xmot MotionAfter=Troll_Stand_Fist_Fist_P0_QuickAttackR_Hit_N_Fwd_00_%_00_P0_100.xmot Right=TrollFist RightUseType=55 RightGroup=7->7 NativeResult=1 OBSERVE_NATIVE=1
CORE RAW55_QUICK_CALLBACK_BOUNDARY Actor=Troll C1=11 SameC1=1 Action=4->4 Phase=1->1 StateTime=0.218796->0.218796 StatePosition=1->1 MotionBefore=Troll_Stand_Fist_Fist_P0_QuickAttackR_Hit_N_Fwd_00_%_00_P0_100.xmot MotionAfter=Troll_Stand_Fist_Fist_P0_QuickAttackR_Hit_N_Fwd_00_%_00_P0_100.xmot Right=TrollFist RightUseType=55 RightGroup=7->7 NativeResult=1 OBSERVE_NATIVE=1
CORE RAW55_QUICK_CALLBACK_BOUNDARY Actor=Troll C1=11 SameC1=1 Action=4->4 Phase=1->1 StateTime=0.227129->0.227129 StatePosition=1->1 MotionBefore=Troll_Stand_Fist_Fist_P0_QuickAttackR_Hit_N_Fwd_00_%_00_P0_100.xmot MotionAfter=Troll_Stand_Fist_Fist_P0_QuickAttackR_Hit_N_Fwd_00_%_00_P0_100.xmot Right=TrollFist RightUseType=55 RightGroup=7->7 NativeResult=1 OBSERVE_NATIVE=1
CORE RAW55_QUICK_CALLBACK_BOUNDARY Actor=Troll C1=11 SameC1=1 Action=4->4 Phase=1->1 StateTime=0.236114->0.236114 StatePosition=1->1 MotionBefore=Troll_Stand_Fist_Fist_P0_QuickAttackR_Hit_N_Fwd_00_%_00_P0_100.xmot MotionAfter=Troll_Stand_Fist_Fist_P0_QuickAttackR_Hit_N_Fwd_00_%_00_P0_100.xmot Right=TrollFist RightUseType=55 RightGroup=7->7 NativeResult=1 OBSERVE_NATIVE=1
CORE RAW55_QUICK_CALLBACK_BOUNDARY Actor=Troll C1=11 SameC1=1 Action=4->4 Phase=1->1 StateTime=0.244448->0.244448 StatePosition=1->1 MotionBefore=Troll_Stand_Fist_Fist_P0_QuickAttackR_Hit_N_Fwd_00_%_00_P0_100.xmot MotionAfter=Troll_Stand_Fist_Fist_P0_QuickAttackR_Hit_N_Fwd_00_%_00_P0_100.xmot Right=TrollFist RightUseType=55 RightGroup=7->7 NativeResult=1 OBSERVE_NATIVE=1
CORE RAW55_QUICK_CALLBACK_BOUNDARY Actor=Troll C1=11 SameC1=1 Action=4->4 Phase=1->1 StateTime=0.254404->0.254404 StatePosition=1->1 MotionBefore=Troll_Stand_Fist_Fist_P0_QuickAttackR_Hit_N_Fwd_00_%_00_P0_100.xmot MotionAfter=Troll_Stand_Fist_Fist_P0_QuickAttackR_Hit_N_Fwd_00_%_00_P0_100.xmot Right=TrollFist RightUseType=55 RightGroup=7->7 NativeResult=1 OBSERVE_NATIVE=1
CORE RAW55_QUICK_CALLBACK_BOUNDARY Actor=Troll C1=11 SameC1=1 Action=4->4 Phase=1->1 StateTime=0.262737->0.262737 StatePosition=1->1 MotionBefore=Troll_Stand_Fist_Fist_P0_QuickAttackR_Hit_N_Fwd_00_%_00_P0_100.xmot MotionAfter=Troll_Stand_Fist_Fist_P0_QuickAttackR_Hit_N_Fwd_00_%_00_P0_100.xmot Right=TrollFist RightUseType=55 RightGroup=7->7 NativeResult=1 OBSERVE_NATIVE=1
CORE RAW55_QUICK_CALLBACK_BOUNDARY Actor=Troll C1=11 SameC1=1 Action=4->4 Phase=1->1 StateTime=0.271071->0.271071 StatePosition=1->1 MotionBefore=Troll_Stand_Fist_Fist_P0_QuickAttackR_Hit_N_Fwd_00_%_00_P0_100.xmot MotionAfter=Troll_Stand_Fist_Fist_P0_QuickAttackR_Hit_N_Fwd_00_%_00_P0_100.xmot Right=TrollFist RightUseType=55 RightGroup=7->7 NativeResult=1 OBSERVE_NATIVE=1
CORE RAW55_QUICK_CALLBACK_BOUNDARY Actor=Troll C1=11 SameC1=1 Action=4->4 Phase=1->1 StateTime=0.279404->0.279404 StatePosition=1->1 MotionBefore=Troll_Stand_Fist_Fist_P0_QuickAttackR_Hit_N_Fwd_00_%_00_P0_100.xmot MotionAfter=Troll_Stand_Fist_Fist_P0_QuickAttackR_Hit_N_Fwd_00_%_00_P0_100.xmot Right=TrollFist RightUseType=55 RightGroup=7->7 NativeResult=1 OBSERVE_NATIVE=1
CORE RAW55_QUICK_CALLBACK_BOUNDARY Actor=Troll C1=11 SameC1=1 Action=4->4 Phase=1->1 StateTime=0.287737->0.287737 StatePosition=1->1 MotionBefore=Troll_Stand_Fist_Fist_P0_QuickAttackR_Hit_N_Fwd_00_%_00_P0_100.xmot MotionAfter=Troll_Stand_Fist_Fist_P0_QuickAttackR_Hit_N_Fwd_00_%_00_P0_100.xmot Right=TrollFist RightUseType=55 RightGroup=7->7 NativeResult=1 OBSERVE_NATIVE=1
CORE RAW55_QUICK_CALLBACK_BOUNDARY Actor=Troll C1=11 SameC1=1 Action=4->4 Phase=1->1 StateTime=0.296071->0.296071 StatePosition=1->1 MotionBefore=Troll_Stand_Fist_Fist_P0_QuickAttackR_Hit_N_Fwd_00_%_00_P0_100.xmot MotionAfter=Troll_Stand_Fist_Fist_P0_QuickAttackR_Hit_N_Fwd_00_%_00_P0_100.xmot Right=TrollFist RightUseType=55 RightGroup=7->7 NativeResult=1 OBSERVE_NATIVE=1
CORE RAW55_QUICK_CALLBACK_BOUNDARY Actor=Troll C1=11 SameC1=1 Action=4->4 Phase=1->1 StateTime=0.306026->0.306026 StatePosition=1->1 MotionBefore=Troll_Stand_Fist_Fist_P0_QuickAttackR_Hit_N_Fwd_00_%_00_P0_100.xmot MotionAfter=Troll_Stand_Fist_Fist_P0_QuickAttackR_Hit_N_Fwd_00_%_00_P0_100.xmot Right=TrollFist RightUseType=55 RightGroup=7->7 NativeResult=1 OBSERVE_NATIVE=1
CORE RAW55_QUICK_CALLBACK_BOUNDARY Actor=Troll C1=11 SameC1=1 Action=4->4 Phase=1->1 StateTime=0.314360->0.314360 StatePosition=1->1 MotionBefore=Troll_Stand_Fist_Fist_P0_QuickAttackR_Hit_N_Fwd_00_%_00_P0_100.xmot MotionAfter=Troll_Stand_Fist_Fist_P0_QuickAttackR_Hit_N_Fwd_00_%_00_P0_100.xmot Right=TrollFist RightUseType=55 RightGroup=7->7 NativeResult=1 OBSERVE_NATIVE=1
CORE RAW55_QUICK_CALLBACK_BOUNDARY Actor=Troll C1=11 SameC1=1 Action=4->4 Phase=1->1 StateTime=0.324316->0.324316 StatePosition=1->1 MotionBefore=Troll_Stand_Fist_Fist_P0_QuickAttackR_Hit_N_Fwd_00_%_00_P0_100.xmot MotionAfter=Troll_Stand_Fist_Fist_P0_QuickAttackR_Hit_N_Fwd_00_%_00_P0_100.xmot Right=TrollFist RightUseType=55 RightGroup=7->7 NativeResult=1 OBSERVE_NATIVE=1
CORE RAW55_QUICK_CALLBACK_BOUNDARY Actor=Troll C1=11 SameC1=1 Action=4->4 Phase=1->1 StateTime=0.332649->0.332649 StatePosition=1->1 MotionBefore=Troll_Stand_Fist_Fist_P0_QuickAttackR_Hit_N_Fwd_00_%_00_P0_100.xmot MotionAfter=Troll_Stand_Fist_Fist_P0_QuickAttackR_Hit_N_Fwd_00_%_00_P0_100.xmot Right=TrollFist RightUseType=55 RightGroup=7->7 NativeResult=1 OBSERVE_NATIVE=1
CORE RAW55_QUICK_CALLBACK_BOUNDARY Actor=Troll C1=11 SameC1=1 Action=4->4 Phase=1->1 StateTime=0.342591->0.342591 StatePosition=1->1 MotionBefore=Troll_Stand_Fist_Fist_P0_QuickAttackR_Hit_N_Fwd_00_%_00_P0_100.xmot MotionAfter=Troll_Stand_Fist_Fist_P0_QuickAttackR_Hit_N_Fwd_00_%_00_P0_100.xmot Right=TrollFist RightUseType=55 RightGroup=7->7 NativeResult=1 OBSERVE_NATIVE=1
CORE RAW55_QUICK_CALLBACK_BOUNDARY Actor=Troll C1=11 SameC1=1 Action=4->4 Phase=1->1 StateTime=0.350924->0.350924 StatePosition=1->1 MotionBefore=Troll_Stand_Fist_Fist_P0_QuickAttackR_Hit_N_Fwd_00_%_00_P0_100.xmot MotionAfter=Troll_Stand_Fist_Fist_P0_QuickAttackR_Hit_N_Fwd_00_%_00_P0_100.xmot Right=TrollFist RightUseType=55 RightGroup=7->7 NativeResult=1 OBSERVE_NATIVE=1
CORE RAW55_QUICK_CALLBACK_BOUNDARY Actor=Troll C1=11 SameC1=1 Action=4->4 Phase=1->1 StateTime=0.359258->0.359258 StatePosition=1->1 MotionBefore=Troll_Stand_Fist_Fist_P0_QuickAttackR_Hit_N_Fwd_00_%_00_P0_100.xmot MotionAfter=Troll_Stand_Fist_Fist_P0_QuickAttackR_Hit_N_Fwd_00_%_00_P0_100.xmot Right=TrollFist RightUseType=55 RightGroup=7->7 NativeResult=1 OBSERVE_NATIVE=1
CORE RAW55_QUICK_CALLBACK_BOUNDARY Actor=Troll C1=11 SameC1=1 Action=4->4 Phase=1->1 StateTime=0.367591->0.367591 StatePosition=1->1 MotionBefore=Troll_Stand_Fist_Fist_P0_QuickAttackR_Hit_N_Fwd_00_%_00_P0_100.xmot MotionAfter=Troll_Stand_Fist_Fist_P0_QuickAttackR_Hit_N_Fwd_00_%_00_P0_100.xmot Right=TrollFist RightUseType=55 RightGroup=7->7 NativeResult=1 OBSERVE_NATIVE=1
CORE RAW55_QUICK_CALLBACK_BOUNDARY Actor=Troll C1=11 SameC1=1 Action=4->4 Phase=1->1 StateTime=0.375924->0.375924 StatePosition=1->1 MotionBefore=Troll_Stand_Fist_Fist_P0_QuickAttackR_Hit_N_Fwd_00_%_00_P0_100.xmot MotionAfter=Troll_Stand_Fist_Fist_P0_QuickAttackR_Hit_N_Fwd_00_%_00_P0_100.xmot Right=TrollFist RightUseType=55 RightGroup=7->7 NativeResult=1 OBSERVE_NATIVE=1
CORE RAW55_QUICK_CALLBACK_BOUNDARY Actor=Troll C1=11 SameC1=1 Action=4->4 Phase=1->1 StateTime=0.384258->0.384258 StatePosition=1->1 MotionBefore=Troll_Stand_Fist_Fist_P0_QuickAttackR_Hit_N_Fwd_00_%_00_P0_100.xmot MotionAfter=Troll_Stand_Fist_Fist_P0_QuickAttackR_Hit_N_Fwd_00_%_00_P0_100.xmot Right=TrollFist RightUseType=55 RightGroup=7->7 NativeResult=1 OBSERVE_NATIVE=1
CORE RAW55_QUICK_CALLBACK_BOUNDARY Actor=Troll C1=11 SameC1=1 Action=4->4 Phase=1->1 StateTime=0.430681->0.430681 StatePosition=1->1 MotionBefore=Troll_Stand_Fist_Fist_P0_QuickAttackR_Hit_N_Fwd_00_%_00_P0_100.xmot MotionAfter=Troll_Stand_Fist_Fist_P0_QuickAttackR_Hit_N_Fwd_00_%_00_P0_100.xmot Right=TrollFist RightUseType=55 RightGroup=7->7 NativeResult=1 OBSERVE_NATIVE=1
CORE RAW55_QUICK_CALLBACK_BOUNDARY Actor=Troll C1=11 SameC1=1 Action=4->4 Phase=1->1 StateTime=0.439015->0.439015 StatePosition=1->1 MotionBefore=Troll_Stand_Fist_Fist_P0_QuickAttackR_Hit_N_Fwd_00_%_00_P0_100.xmot MotionAfter=Troll_Stand_Fist_Fist_P0_QuickAttackR_Hit_N_Fwd_00_%_00_P0_100.xmot Right=TrollFist RightUseType=55 RightGroup=7->7 NativeResult=1 OBSERVE_NATIVE=1
CORE RAW55_QUICK_CALLBACK_BOUNDARY Actor=Troll C1=11 SameC1=1 Action=4->4 Phase=1->1 StateTime=0.447348->0.447348 StatePosition=1->1 MotionBefore=Troll_Stand_Fist_Fist_P0_QuickAttackR_Hit_N_Fwd_00_%_00_P0_100.xmot MotionAfter=Troll_Stand_Fist_Fist_P0_QuickAttackR_Hit_N_Fwd_00_%_00_P0_100.xmot Right=TrollFist RightUseType=55 RightGroup=7->7 NativeResult=1 OBSERVE_NATIVE=1
CORE RAW55_QUICK_CALLBACK_BOUNDARY Actor=Troll C1=11 SameC1=1 Action=4->4 Phase=1->1 StateTime=0.455681->0.455681 StatePosition=1->1 MotionBefore=Troll_Stand_Fist_Fist_P0_QuickAttackR_Hit_N_Fwd_00_%_00_P0_100.xmot MotionAfter=Troll_Stand_Fist_Fist_P0_QuickAttackR_Hit_N_Fwd_00_%_00_P0_100.xmot Right=TrollFist RightUseType=55 RightGroup=7->7 NativeResult=1 OBSERVE_NATIVE=1
CORE RAW55_QUICK_CALLBACK_BOUNDARY Actor=Troll C1=11 SameC1=1 Action=4->4 Phase=1->1 StateTime=0.464015->0.464015 StatePosition=1->1 MotionBefore=Troll_Stand_Fist_Fist_P0_QuickAttackR_Hit_N_Fwd_00_%_00_P0_100.xmot MotionAfter=Troll_Stand_Fist_Fist_P0_QuickAttackR_Hit_N_Fwd_00_%_00_P0_100.xmot Right=TrollFist RightUseType=55 RightGroup=7->7 NativeResult=1 OBSERVE_NATIVE=1
CORE RAW55_QUICK_CALLBACK_BOUNDARY Actor=Troll C1=11 SameC1=1 Action=4->4 Phase=1->1 StateTime=0.472348->0.472348 StatePosition=1->1 MotionBefore=Troll_Stand_Fist_Fist_P0_QuickAttackR_Hit_N_Fwd_00_%_00_P0_100.xmot MotionAfter=Troll_Stand_Fist_Fist_P0_QuickAttackR_Hit_N_Fwd_00_%_00_P0_100.xmot Right=TrollFist RightUseType=55 RightGroup=7->7 NativeResult=1 OBSERVE_NATIVE=1
CORE RAW55_QUICK_CALLBACK_BOUNDARY Actor=Troll C1=11 SameC1=1 Action=4->4 Phase=1->1 StateTime=0.480681->0.480681 StatePosition=1->1 MotionBefore=Troll_Stand_Fist_Fist_P0_QuickAttackR_Hit_N_Fwd_00_%_00_P0_100.xmot MotionAfter=Troll_Stand_Fist_Fist_P0_QuickAttackR_Hit_N_Fwd_00_%_00_P0_100.xmot Right=TrollFist RightUseType=55 RightGroup=7->7 NativeResult=1 OBSERVE_NATIVE=1
CORE RAW55_QUICK_CALLBACK_BOUNDARY Actor=Troll C1=11 SameC1=1 Action=4->4 Phase=1->1 StateTime=0.489652->0.489652 StatePosition=1->1 MotionBefore=Troll_Stand_Fist_Fist_P0_QuickAttackR_Hit_N_Fwd_00_%_00_P0_100.xmot MotionAfter=Troll_Stand_Fist_Fist_P0_QuickAttackR_Hit_N_Fwd_00_%_00_P0_100.xmot Right=TrollFist RightUseType=55 RightGroup=7->7 NativeResult=1 OBSERVE_NATIVE=1
CORE RAW55_QUICK_CALLBACK_BOUNDARY Actor=Troll C1=11 SameC1=1 Action=4->4 Phase=1->1 StateTime=0.497985->0.497985 StatePosition=1->1 MotionBefore=Troll_Stand_Fist_Fist_P0_QuickAttackR_Hit_N_Fwd_00_%_00_P0_100.xmot MotionAfter=Troll_Stand_Fist_Fist_P0_QuickAttackR_Hit_N_Fwd_00_%_00_P0_100.xmot Right=TrollFist RightUseType=55 RightGroup=7->7 NativeResult=1 OBSERVE_NATIVE=1
CORE RAW55_QUICK_CALLBACK_BOUNDARY Actor=Troll C1=11 SameC1=1 Action=4->4 Phase=1->1 StateTime=0.506319->0.506319 StatePosition=1->1 MotionBefore=Troll_Stand_Fist_Fist_P0_QuickAttackR_Hit_N_Fwd_00_%_00_P0_100.xmot MotionAfter=Troll_Stand_Fist_Fist_P0_QuickAttackR_Hit_N_Fwd_00_%_00_P0_100.xmot Right=TrollFist RightUseType=55 RightGroup=7->7 NativeResult=1 OBSERVE_NATIVE=1
CORE RAW55_QUICK_CALLBACK_BOUNDARY Actor=Troll C1=11 SameC1=1 Action=4->4 Phase=1->1 StateTime=0.514652->0.514652 StatePosition=1->1 MotionBefore=Troll_Stand_Fist_Fist_P0_QuickAttackR_Hit_N_Fwd_00_%_00_P0_100.xmot MotionAfter=Troll_Stand_Fist_Fist_P0_QuickAttackR_Hit_N_Fwd_00_%_00_P0_100.xmot Right=TrollFist RightUseType=55 RightGroup=7->7 NativeResult=1 OBSERVE_NATIVE=1
CORE C1_FINAL ElapsedMs=31784.550 Actor=PC_Hero Generation=12 Status=PERSISTED SourceCount=0 PhysicalChanged=0
CORE RAW55_QUICK_CALLBACK_BOUNDARY Actor=Troll C1=11 SameC1=1 Action=4->4 Phase=1->1 StateTime=0.523623->0.523623 StatePosition=1->1 MotionBefore=Troll_Stand_Fist_Fist_P0_QuickAttackR_Hit_N_Fwd_00_%_00_P0_100.xmot MotionAfter=Troll_Stand_Fist_Fist_P0_QuickAttackR_Hit_N_Fwd_00_%_00_P0_100.xmot Right=TrollFist RightUseType=55 RightGroup=7->7 NativeResult=1 OBSERVE_NATIVE=1
CORE RAW55_QUICK_CALLBACK_BOUNDARY Actor=Troll C1=11 SameC1=1 Action=4->4 Phase=1->1 StateTime=0.531956->0.531956 StatePosition=1->1 MotionBefore=Troll_Stand_Fist_Fist_P0_QuickAttackR_Hit_N_Fwd_00_%_00_P0_100.xmot MotionAfter=Troll_Stand_Fist_Fist_P0_QuickAttackR_Hit_N_Fwd_00_%_00_P0_100.xmot Right=TrollFist RightUseType=55 RightGroup=7->7 NativeResult=1 OBSERVE_NATIVE=1
CORE RAW55_QUICK_CALLBACK_BOUNDARY Actor=Troll C1=11 SameC1=1 Action=4->4 Phase=1->1 StateTime=0.540289->0.540289 StatePosition=1->1 MotionBefore=Troll_Stand_Fist_Fist_P0_QuickAttackR_Hit_N_Fwd_00_%_00_P0_100.xmot MotionAfter=Troll_Stand_Fist_Fist_P0_QuickAttackR_Hit_N_Fwd_00_%_00_P0_100.xmot Right=TrollFist RightUseType=55 RightGroup=7->7 NativeResult=1 OBSERVE_NATIVE=1
CORE RAW55_QUICK_CALLBACK_BOUNDARY Actor=Troll C1=11 SameC1=1 Action=4->4 Phase=1->1 StateTime=0.550245->0.550245 StatePosition=1->1 MotionBefore=Troll_Stand_Fist_Fist_P0_QuickAttackR_Hit_N_Fwd_00_%_00_P0_100.xmot MotionAfter=Troll_Stand_Fist_Fist_P0_QuickAttackR_Hit_N_Fwd_00_%_00_P0_100.xmot Right=TrollFist RightUseType=55 RightGroup=7->7 NativeResult=1 OBSERVE_NATIVE=1
CORE RAW55_QUICK_CALLBACK_BOUNDARY Actor=Troll C1=11 SameC1=1 Action=4->4 Phase=1->1 StateTime=0.558579->0.558579 StatePosition=1->1 MotionBefore=Troll_Stand_Fist_Fist_P0_QuickAttackR_Hit_N_Fwd_00_%_00_P0_100.xmot MotionAfter=Troll_Stand_Fist_Fist_P0_QuickAttackR_Hit_N_Fwd_00_%_00_P0_100.xmot Right=TrollFist RightUseType=55 RightGroup=7->7 NativeResult=1 OBSERVE_NATIVE=1
CORE RAW55_QUICK_CALLBACK_BOUNDARY Actor=Troll C1=11 SameC1=1 Action=4->4 Phase=1->1 StateTime=0.566912->0.566912 StatePosition=1->1 MotionBefore=Troll_Stand_Fist_Fist_P0_QuickAttackR_Hit_N_Fwd_00_%_00_P0_100.xmot MotionAfter=Troll_Stand_Fist_Fist_P0_QuickAttackR_Hit_N_Fwd_00_%_00_P0_100.xmot Right=TrollFist RightUseType=55 RightGroup=7->7 NativeResult=1 OBSERVE_NATIVE=1
CORE RAW55_QUICK_CALLBACK_BOUNDARY Actor=Troll C1=11 SameC1=1 Action=4->4 Phase=1->1 StateTime=0.575882->0.575882 StatePosition=1->1 MotionBefore=Troll_Stand_Fist_Fist_P0_QuickAttackR_Hit_N_Fwd_00_%_00_P0_100.xmot MotionAfter=Troll_Stand_Fist_Fist_P0_QuickAttackR_Hit_N_Fwd_00_%_00_P0_100.xmot Right=TrollFist RightUseType=55 RightGroup=7->7 NativeResult=1 OBSERVE_NATIVE=1
CORE RAW55_QUICK_CALLBACK_BOUNDARY Actor=Troll C1=11 SameC1=1 Action=4->4 Phase=1->1 StateTime=0.584216->0.584216 StatePosition=1->1 MotionBefore=Troll_Stand_Fist_Fist_P0_QuickAttackR_Hit_N_Fwd_00_%_00_P0_100.xmot MotionAfter=Troll_Stand_Fist_Fist_P0_QuickAttackR_Hit_N_Fwd_00_%_00_P0_100.xmot Right=TrollFist RightUseType=55 RightGroup=7->7 NativeResult=1 OBSERVE_NATIVE=1
CORE RAW55_QUICK_CALLBACK_BOUNDARY Actor=Troll C1=11 SameC1=1 Action=4->4 Phase=1->1 StateTime=0.594172->0.594172 StatePosition=1->1 MotionBefore=Troll_Stand_Fist_Fist_P0_QuickAttackR_Hit_N_Fwd_00_%_00_P0_100.xmot MotionAfter=Troll_Stand_Fist_Fist_P0_QuickAttackR_Hit_N_Fwd_00_%_00_P0_100.xmot Right=TrollFist RightUseType=55 RightGroup=7->7 NativeResult=1 OBSERVE_NATIVE=1
===== CORE MARKER ANOMALY / DISCOVERY =====
ElapsedMs: 31854.008
Actor: Troll
Action: 4
Family: QUICK
AniPhase: 1
StatePosition: 1
CurrentMovementAni: Troll_Stand_Fist_Fist_P0_QuickAttackR_Hit_N_Fwd_00_%_00_P0_100.xmot
MarkerName: G3AB_COL_FIST
MarkerOpcode: FIST
Result: UNSUPPORTED_MISSING_SOURCE
C1GenerationValid: 1
C1Generation: 11
RequiredSourceMask: 0
MissingSourceMask: 0
RightSourceSlot: RIGHT
RightSourceName: TrollFist
RightSourceUseType: 55
RightSourceCollisionGroup: 7
LeftSourceSlot: LEFT
LeftSourceName: TrollFist
LeftSourceUseType: 55
LeftSourceCollisionGroup: 5
Raw8FistSourceName: <none>
Raw8FistSourceUseType: -1
Raw8FistSourceCollisionGroup: -1
===========================================

CORE RAW55_QUICK_REPEAT_FIST_ELIGIBILITY Actor=Troll Action=4 StatePosition=1 StateTime=0.602505 MarkerOpcode=4 ResultOpcode=4 ResultCode=2 CurrentC1Valid=1 CurrentC1=11 StoredC1=11 SameC1=1 CurrentRight=E6EAF010 StoredRight=E6EAF010 SameRight=1 ResultRightMatchesStored=1 RightUseType=55 RightGroup=7 InterventionUsed=1 PreStateFistProven=1 LaterFistRearmUsed=0 DecisionFoundMotion=1 DecisionScanValid=1 DecisionMarkerPresent=1 DecisionHasFist=1 DecisionFistCount=2 DecisionRightCount=0 DecisionLeftCount=0 DecisionBothCount=0 DecisionOffCount=0 RequiredSourceMask=0 Raw8ResolverAbsent=1 QuickHit=1 Eligible=1 FirstFailedGate=NONE
CORE RAW55_QUICK_REPEAT_FIST_REARM_PROBE Actor=Troll C1=11 Action=4 StatePosition=1 StateTime=0.602505 Right=TrollFist RightUseType=55 RightGroup=7 DecisionFistCount=2 FirstPreStateProof=1 LaterDispatchOrdinal=2 ClearTriggeredList=1 REPEAT_FIST_REARM=1
CORE RAW55_QUICK_CALLBACK_BOUNDARY Actor=Troll C1=11 SameC1=1 Action=4->4 Phase=1->1 StateTime=0.602505->0.602505 StatePosition=1->1 MotionBefore=Troll_Stand_Fist_Fist_P0_QuickAttackR_Hit_N_Fwd_00_%_00_P0_100.xmot MotionAfter=Troll_Stand_Fist_Fist_P0_QuickAttackR_Hit_N_Fwd_00_%_00_P0_100.xmot Right=TrollFist RightUseType=55 RightGroup=7->7 NativeResult=1 OBSERVE_NATIVE=1
CORE RAW55_QUICK_CALLBACK_BOUNDARY Actor=Troll C1=11 SameC1=1 Action=4->4 Phase=1->1 StateTime=0.610838->0.610838 StatePosition=1->1 MotionBefore=Troll_Stand_Fist_Fist_P0_QuickAttackR_Hit_N_Fwd_00_%_00_P0_100.xmot MotionAfter=Troll_Stand_Fist_Fist_P0_QuickAttackR_Hit_N_Fwd_00_%_00_P0_100.xmot Right=TrollFist RightUseType=55 RightGroup=7->7 NativeResult=1 OBSERVE_NATIVE=1
CORE RAW55_QUICK_CALLBACK_BOUNDARY Actor=Troll C1=11 SameC1=1 Action=4->4 Phase=1->1 StateTime=0.619172->0.619172 StatePosition=1->1 MotionBefore=Troll_Stand_Fist_Fist_P0_QuickAttackR_Hit_N_Fwd_00_%_00_P0_100.xmot MotionAfter=Troll_Stand_Fist_Fist_P0_QuickAttackR_Hit_N_Fwd_00_%_00_P0_100.xmot Right=TrollFist RightUseType=55 RightGroup=7->7 NativeResult=1 OBSERVE_NATIVE=1
CORE RAW55_QUICK_CALLBACK_BOUNDARY Actor=Troll C1=11 SameC1=1 Action=4->4 Phase=1->1 StateTime=0.627505->0.627505 StatePosition=1->1 MotionBefore=Troll_Stand_Fist_Fist_P0_QuickAttackR_Hit_N_Fwd_00_%_00_P0_100.xmot MotionAfter=Troll_Stand_Fist_Fist_P0_QuickAttackR_Hit_N_Fwd_00_%_00_P0_100.xmot Right=TrollFist RightUseType=55 RightGroup=7->7 NativeResult=1 OBSERVE_NATIVE=1
CORE RAW55_QUICK_CALLBACK_BOUNDARY Actor=Troll C1=11 SameC1=1 Action=4->4 Phase=1->1 StateTime=0.635838->0.635838 StatePosition=1->1 MotionBefore=Troll_Stand_Fist_Fist_P0_QuickAttackR_Hit_N_Fwd_00_%_00_P0_100.xmot MotionAfter=Troll_Stand_Fist_Fist_P0_QuickAttackR_Hit_N_Fwd_00_%_00_P0_100.xmot Right=TrollFist RightUseType=55 RightGroup=7->7 NativeResult=1 OBSERVE_NATIVE=1
CORE RAW55_QUICK_CALLBACK_BOUNDARY Actor=Troll C1=11 SameC1=1 Action=4->4 Phase=1->1 StateTime=0.644172->0.644172 StatePosition=1->1 MotionBefore=Troll_Stand_Fist_Fist_P0_QuickAttackR_Hit_N_Fwd_00_%_00_P0_100.xmot MotionAfter=Troll_Stand_Fist_Fist_P0_QuickAttackR_Hit_N_Fwd_00_%_00_P0_100.xmot Right=TrollFist RightUseType=55 RightGroup=7->7 NativeResult=1 OBSERVE_NATIVE=1
CORE RAW55_QUICK_CALLBACK_BOUNDARY Actor=Troll C1=11 SameC1=1 Action=4->4 Phase=1->1 StateTime=0.655113->0.655113 StatePosition=1->1 MotionBefore=Troll_Stand_Fist_Fist_P0_QuickAttackR_Hit_N_Fwd_00_%_00_P0_100.xmot MotionAfter=Troll_Stand_Fist_Fist_P0_QuickAttackR_Hit_N_Fwd_00_%_00_P0_100.xmot Right=TrollFist RightUseType=55 RightGroup=7->7 NativeResult=1 OBSERVE_NATIVE=1
CORE RAW55_QUICK_CALLBACK_BOUNDARY Actor=Troll C1=11 SameC1=1 Action=4->4 Phase=1->1 StateTime=0.663446->0.663446 StatePosition=1->1 MotionBefore=Troll_Stand_Fist_Fist_P0_QuickAttackR_Hit_N_Fwd_00_%_00_P0_100.xmot MotionAfter=Troll_Stand_Fist_Fist_P0_QuickAttackR_Hit_N_Fwd_00_%_00_P0_100.xmot Right=TrollFist RightUseType=55 RightGroup=7->7 NativeResult=1 OBSERVE_NATIVE=1
CORE RAW55_QUICK_CALLBACK_BOUNDARY Actor=Troll C1=11 SameC1=1 Action=4->4 Phase=1->1 StateTime=0.672432->0.672432 StatePosition=1->1 MotionBefore=Troll_Stand_Fist_Fist_P0_QuickAttackR_Hit_N_Fwd_00_%_00_P0_100.xmot MotionAfter=Troll_Stand_Fist_Fist_P0_QuickAttackR_Hit_N_Fwd_00_%_00_P0_100.xmot Right=TrollFist RightUseType=55 RightGroup=7->7 NativeResult=1 OBSERVE_NATIVE=1
CORE RAW55_QUICK_CALLBACK_BOUNDARY Actor=Troll C1=11 SameC1=1 Action=4->4 Phase=1->1 StateTime=0.680765->0.680765 StatePosition=1->1 MotionBefore=Troll_Stand_Fist_Fist_P0_QuickAttackR_Hit_N_Fwd_00_%_00_P0_100.xmot MotionAfter=Troll_Stand_Fist_Fist_P0_QuickAttackR_Hit_N_Fwd_00_%_00_P0_100.xmot Right=TrollFist RightUseType=55 RightGroup=7->7 NativeResult=1 OBSERVE_NATIVE=1
CORE RAW55_QUICK_CALLBACK_BOUNDARY Actor=Troll C1=11 SameC1=1 Action=4->4 Phase=1->1 StateTime=0.689098->0.689098 StatePosition=1->1 MotionBefore=Troll_Stand_Fist_Fist_P0_QuickAttackR_Hit_N_Fwd_00_%_00_P0_100.xmot MotionAfter=Troll_Stand_Fist_Fist_P0_QuickAttackR_Hit_N_Fwd_00_%_00_P0_100.xmot Right=TrollFist RightUseType=55 RightGroup=7->7 NativeResult=1 OBSERVE_NATIVE=1
CORE RAW55_QUICK_CALLBACK_BOUNDARY Actor=Troll C1=11 SameC1=1 Action=4->4 Phase=1->1 StateTime=0.697432->0.697432 StatePosition=1->1 MotionBefore=Troll_Stand_Fist_Fist_P0_QuickAttackR_Hit_N_Fwd_00_%_00_P0_100.xmot MotionAfter=Troll_Stand_Fist_Fist_P0_QuickAttackR_Hit_N_Fwd_00_%_00_P0_100.xmot Right=TrollFist RightUseType=55 RightGroup=7->7 NativeResult=1 OBSERVE_NATIVE=1
CORE RAW55_QUICK_CALLBACK_BOUNDARY Actor=Troll C1=11 SameC1=1 Action=4->4 Phase=1->1 StateTime=0.706402->0.706402 StatePosition=1->1 MotionBefore=Troll_Stand_Fist_Fist_P0_QuickAttackR_Hit_N_Fwd_00_%_00_P0_100.xmot MotionAfter=Troll_Stand_Fist_Fist_P0_QuickAttackR_Hit_N_Fwd_00_%_00_P0_100.xmot Right=TrollFist RightUseType=55 RightGroup=7->7 NativeResult=1 OBSERVE_NATIVE=1
CORE RAW55_QUICK_CALLBACK_BOUNDARY Actor=Troll C1=11 SameC1=1 Action=4->4 Phase=1->1 StateTime=0.714736->0.714736 StatePosition=1->1 MotionBefore=Troll_Stand_Fist_Fist_P0_QuickAttackR_Hit_N_Fwd_00_%_00_P0_100.xmot MotionAfter=Troll_Stand_Fist_Fist_P0_QuickAttackR_Hit_N_Fwd_00_%_00_P0_100.xmot Right=TrollFist RightUseType=55 RightGroup=7->7 NativeResult=1 OBSERVE_NATIVE=1
CORE RAW55_QUICK_CALLBACK_BOUNDARY Actor=Troll C1=11 SameC1=1 Action=4->4 Phase=1->1 StateTime=0.723069->0.723069 StatePosition=1->1 MotionBefore=Troll_Stand_Fist_Fist_P0_QuickAttackR_Hit_N_Fwd_00_%_00_P0_100.xmot MotionAfter=Troll_Stand_Fist_Fist_P0_QuickAttackR_Hit_N_Fwd_00_%_00_P0_100.xmot Right=TrollFist RightUseType=55 RightGroup=7->7 NativeResult=1 OBSERVE_NATIVE=1
CORE RAW55_QUICK_CALLBACK_BOUNDARY Actor=Troll C1=11 SameC1=1 Action=4->4 Phase=1->1 StateTime=0.731402->0.731402 StatePosition=1->1 MotionBefore=Troll_Stand_Fist_Fist_P0_QuickAttackR_Hit_N_Fwd_00_%_00_P0_100.xmot MotionAfter=Troll_Stand_Fist_Fist_P0_QuickAttackR_Hit_N_Fwd_00_%_00_P0_100.xmot Right=TrollFist RightUseType=55 RightGroup=7->7 NativeResult=1 OBSERVE_NATIVE=1
CORE ONDAMAGE ElapsedMs=31985.279 Ordinal=8 Target=PC_Hero Arg1=PC_Hero Arg2=PC_Hero Caller=Game.dll+0x00069484 PlayerAction=0 PlayerPhase=3 PlayerMotion=Hero_Stand_None_None_P0_StumbleR_Recover_N_Back_00_%_00_P0_0.xmot Raw8Fist=<none> Raw8UseType=-1 Raw8Group=-1
CORE RAW55_QUICK_CALLBACK_BOUNDARY Actor=Troll C1=11 SameC1=1 Action=4->4 Phase=1->1 StateTime=0.739736->0.739736 StatePosition=1->1 MotionBefore=Troll_Stand_Fist_Fist_P0_QuickAttackR_Hit_N_Fwd_00_%_00_P0_100.xmot MotionAfter=Troll_Stand_Fist_Fist_P0_QuickAttackR_Hit_N_Fwd_00_%_00_P0_100.xmot Right=TrollFist RightUseType=55 RightGroup=7->7 NativeResult=1 OBSERVE_NATIVE=1
CORE C1_START ElapsedMs=32007.785 Actor=PC_Hero Generation=13 Status=CANDIDATE Outstanding=0 TrackedSources=0 ReplacedGeneration=0 ReplacedOutstanding=0
CORE C1_BIND ElapsedMs=32007.795 Event=COMBAT_MOVE_CANDIDATE_BOUND Actor=PC_Hero Generation=13 Status=CANDIDATE Outstanding=0 Source=<null> Script=_AI_Stumble
CORE C1_STATUS ElapsedMs=32007.849 Event=PERSISTED Actor=PC_Hero Generation=13 Status=PERSISTED Outstanding=0
CORE RAW55_QUICK_CALLBACK_BOUNDARY Actor=Troll C1=11 SameC1=1 Action=4->4 Phase=1->1 StateTime=0.761528->0.761528 StatePosition=1->1 MotionBefore=Troll_Stand_Fist_Fist_P0_QuickAttackR_Hit_N_Fwd_00_%_00_P0_100.xmot MotionAfter=Troll_Stand_Fist_Fist_P0_QuickAttackR_Hit_N_Fwd_00_%_00_P0_100.xmot Right=TrollFist RightUseType=55 RightGroup=7->7 NativeResult=1 OBSERVE_NATIVE=1
CORE RAW55_QUICK_CALLBACK_BOUNDARY Actor=Troll C1=11 SameC1=1 Action=4->4 Phase=1->1 StateTime=0.770601->0.770601 StatePosition=1->1 MotionBefore=Troll_Stand_Fist_Fist_P0_QuickAttackR_Hit_N_Fwd_00_%_00_P0_100.xmot MotionAfter=Troll_Stand_Fist_Fist_P0_QuickAttackR_Hit_N_Fwd_00_%_00_P0_100.xmot Right=TrollFist RightUseType=55 RightGroup=7->7 NativeResult=1 OBSERVE_NATIVE=1
CORE RAW55_QUICK_CALLBACK_BOUNDARY Actor=Troll C1=11 SameC1=1 Action=4->4 Phase=1->1 StateTime=0.778935->0.778935 StatePosition=1->1 MotionBefore=Troll_Stand_Fist_Fist_P0_QuickAttackR_Hit_N_Fwd_00_%_00_P0_100.xmot MotionAfter=Troll_Stand_Fist_Fist_P0_QuickAttackR_Hit_N_Fwd_00_%_00_P0_100.xmot Right=TrollFist RightUseType=55 RightGroup=7->7 NativeResult=1 OBSERVE_NATIVE=1
CORE RAW55_QUICK_CALLBACK_BOUNDARY Actor=Troll C1=11 SameC1=1 Action=4->4 Phase=1->1 StateTime=0.787906->0.787906 StatePosition=1->1 MotionBefore=Troll_Stand_Fist_Fist_P0_QuickAttackR_Hit_N_Fwd_00_%_00_P0_100.xmot MotionAfter=Troll_Stand_Fist_Fist_P0_QuickAttackR_Hit_N_Fwd_00_%_00_P0_100.xmot Right=TrollFist RightUseType=55 RightGroup=7->7 NativeResult=1 OBSERVE_NATIVE=1
CORE RAW55_QUICK_CALLBACK_BOUNDARY Actor=Troll C1=11 SameC1=1 Action=4->4 Phase=1->1 StateTime=0.796239->0.796239 StatePosition=1->1 MotionBefore=Troll_Stand_Fist_Fist_P0_QuickAttackR_Hit_N_Fwd_00_%_00_P0_100.xmot MotionAfter=Troll_Stand_Fist_Fist_P0_QuickAttackR_Hit_N_Fwd_00_%_00_P0_100.xmot Right=TrollFist RightUseType=55 RightGroup=7->7 NativeResult=1 OBSERVE_NATIVE=1
CORE COLLISION_GROUP ElapsedMs=32053.501 Source=TrollFist UseType=55 Owner=Troll Slot=RIGHT Requested=5 Before=7 After=5 MarkerBitsRetired=0
CORE C1 CLEANUP FULFILLED ElapsedMs=32053.529 Actor=Troll Generation=11 Status=PERSISTED Source=TrollFist Side=RIGHT Requests=2 Outstanding=0 CleanupObserved=1 Group=5
CORE C1_FINAL ElapsedMs=32155.571 Actor=Troll Generation=11 Status=PERSISTED SourceCount=2 PhysicalChanged=0 Source[0]=TrollFist Side=RIGHT Outstanding=0 Cleanup=1 Outcome=NO_OP_NO_OUTSTANDING Source[1]=TrollFist Side=LEFT Outstanding=0 Cleanup=0 Outcome=NO_OP_NO_OUTSTANDING
CORE C1_FINAL ElapsedMs=32291.611 Actor=PC_Hero Generation=13 Status=PERSISTED SourceCount=0 PhysicalChanged=0
CORE C1_START ElapsedMs=33348.158 Actor=Troll Generation=14 Status=CANDIDATE Outstanding=0 TrackedSources=2 ReplacedGeneration=0 ReplacedOutstanding=0 Source[0]=TrollFist Side=RIGHT Group=5 Source[1]=TrollFist Side=LEFT Group=5
CORE C1_BIND ElapsedMs=33348.171 Event=COMBAT_MOVE_CANDIDATE_BOUND Actor=Troll Generation=14 Status=CANDIDATE Outstanding=0 Source=<null> Script=_AI_QuickAttack
CORE C1_STATUS ElapsedMs=33348.236 Event=PERSISTED Actor=Troll Generation=14 Status=PERSISTED Outstanding=0
CORE ATTACK_OWNERSHIP ElapsedMs=33348.253 Actor=Troll Family=QUICK Action=5 Phase=1 Motion=Troll_Stand_Fist_Fist_P0_QuickAttackL_Hit_N_Fwd_00_%_00_P0_100.xmot MarkerPresent=1 RequiredMask=0 FistMarkers=1 Raw8Fist=<none> Raw8UseType=-1 SuppressNative=0 Classification=CONTRADICTION
===== CORE ATTACK OWNERSHIP ANOMALY =====
MatchingMotionFound: 1
MarkerScanValid: 1
RequiredSourcesAvailable: 1
RightSourceSlot: RIGHT
RightSourceName: TrollFist
RightSourceUseType: 55
RightSourceCollisionGroup: 5
LeftSourceSlot: LEFT
LeftSourceName: TrollFist
LeftSourceUseType: 55
LeftSourceCollisionGroup: 5
Raw8FistSourceName: <none>
Raw8FistSourceUseType: -1
Raw8FistSourceCollisionGroup: -1
=========================================

CORE RAW55_QUICK_CALLBACK_BOUNDARY Actor=Troll C1=14 SameC1=1 Action=5->5 Phase=1->1 StateTime=0.000000->0.000000 StatePosition=0->0 MotionBefore=Troll_Stand_Fist_Fist_P0_QuickAttackL_Hit_N_Fwd_00_%_00_P0_100.xmot MotionAfter=Troll_Stand_Fist_Fist_P0_QuickAttackL_Hit_N_Fwd_00_%_00_P0_100.xmot Right=TrollFist RightUseType=55 RightGroup=5->5 NativeResult=1 OBSERVE_NATIVE=1
CORE RAW55_QUICK_CALLBACK_BOUNDARY Actor=Troll C1=14 SameC1=1 Action=5->5 Phase=1->1 StateTime=0.008333->0.008333 StatePosition=0->0 MotionBefore=Troll_Stand_Fist_Fist_P0_QuickAttackL_Hit_N_Fwd_00_%_00_P0_100.xmot MotionAfter=Troll_Stand_Fist_Fist_P0_QuickAttackL_Hit_N_Fwd_00_%_00_P0_100.xmot Right=TrollFist RightUseType=55 RightGroup=5->5 NativeResult=1 OBSERVE_NATIVE=1
CORE RAW55_QUICK_CALLBACK_BOUNDARY Actor=Troll C1=14 SameC1=1 Action=5->5 Phase=1->1 StateTime=0.018275->0.018275 StatePosition=0->0 MotionBefore=Troll_Stand_Fist_Fist_P0_QuickAttackL_Hit_N_Fwd_00_%_00_P0_100.xmot MotionAfter=Troll_Stand_Fist_Fist_P0_QuickAttackL_Hit_N_Fwd_00_%_00_P0_100.xmot Right=TrollFist RightUseType=55 RightGroup=5->5 NativeResult=1 OBSERVE_NATIVE=1
CORE RAW55_QUICK_CALLBACK_BOUNDARY Actor=Troll C1=14 SameC1=1 Action=5->5 Phase=1->1 StateTime=0.026608->0.026608 StatePosition=0->0 MotionBefore=Troll_Stand_Fist_Fist_P0_QuickAttackL_Hit_N_Fwd_00_%_00_P0_100.xmot MotionAfter=Troll_Stand_Fist_Fist_P0_QuickAttackL_Hit_N_Fwd_00_%_00_P0_100.xmot Right=TrollFist RightUseType=55 RightGroup=5->5 NativeResult=1 OBSERVE_NATIVE=1
CORE RAW55_QUICK_CALLBACK_BOUNDARY Actor=Troll C1=14 SameC1=1 Action=5->5 Phase=1->1 StateTime=0.034942->0.034942 StatePosition=0->0 MotionBefore=Troll_Stand_Fist_Fist_P0_QuickAttackL_Hit_N_Fwd_00_%_00_P0_100.xmot MotionAfter=Troll_Stand_Fist_Fist_P0_QuickAttackL_Hit_N_Fwd_00_%_00_P0_100.xmot Right=TrollFist RightUseType=55 RightGroup=5->5 NativeResult=1 OBSERVE_NATIVE=1
===== CORE MARKER ANOMALY / DISCOVERY =====
ElapsedMs: 33378.194
Actor: Troll
Action: 5
Family: QUICK
AniPhase: 1
StatePosition: 0
CurrentMovementAni: Troll_Stand_Fist_Fist_P0_QuickAttackL_Hit_N_Fwd_00_%_00_P0_100.xmot
MarkerName: G3AB_COL_FIST
MarkerOpcode: FIST
Result: UNSUPPORTED_MISSING_SOURCE
C1GenerationValid: 1
C1Generation: 14
RequiredSourceMask: 0
MissingSourceMask: 0
RightSourceSlot: RIGHT
RightSourceName: TrollFist
RightSourceUseType: 55
RightSourceCollisionGroup: 5
LeftSourceSlot: LEFT
LeftSourceName: TrollFist
LeftSourceUseType: 55
LeftSourceCollisionGroup: 5
Raw8FistSourceName: <none>
Raw8FistSourceUseType: -1
Raw8FistSourceCollisionGroup: -1
===========================================

CORE COLLISION_GROUP ElapsedMs=33378.233 Source=TrollFist UseType=55 Owner=Troll Slot=RIGHT Requested=7 Before=5 After=7 MarkerBitsRetired=0
CORE C1 OFFENSE REQUEST ElapsedMs=33378.242 Actor=Troll Generation=14 Status=PERSISTED Source=TrollFist Side=RIGHT Requests=1 Outstanding=1 CleanupObserved=0 Group=7
CORE RAW55_QUICK_PRESTATE_FIST_PROBE Actor=Troll C1=14 Action=5 StatePosition=0 StateTime=0.043275 Right=TrollFist RightUseType=55 GroupBefore=5 RequestedGroup=7 GroupAfter=7 ClearTriggeredList=1 PRESTATE_FIST=1
CORE RAW55_QUICK_CALLBACK_BOUNDARY Actor=Troll C1=14 SameC1=1 Action=5->5 Phase=1->1 StateTime=0.043275->0.043275 StatePosition=0->0 MotionBefore=Troll_Stand_Fist_Fist_P0_QuickAttackL_Hit_N_Fwd_00_%_00_P0_100.xmot MotionAfter=Troll_Stand_Fist_Fist_P0_QuickAttackL_Hit_N_Fwd_00_%_00_P0_100.xmot Right=TrollFist RightUseType=55 RightGroup=7->7 NativeResult=1 OBSERVE_NATIVE=1
CORE RAW55_QUICK_CALLBACK_BOUNDARY Actor=Troll C1=14 SameC1=1 Action=5->5 Phase=1->1 StateTime=0.051608->0.051608 StatePosition=0->0 MotionBefore=Troll_Stand_Fist_Fist_P0_QuickAttackL_Hit_N_Fwd_00_%_00_P0_100.xmot MotionAfter=Troll_Stand_Fist_Fist_P0_QuickAttackL_Hit_N_Fwd_00_%_00_P0_100.xmot Right=TrollFist RightUseType=55 RightGroup=7->7 NativeResult=1 OBSERVE_NATIVE=1
CORE RAW55_QUICK_CALLBACK_BOUNDARY Actor=Troll C1=14 SameC1=1 Action=5->5 Phase=1->1 StateTime=0.059942->0.059942 StatePosition=0->0 MotionBefore=Troll_Stand_Fist_Fist_P0_QuickAttackL_Hit_N_Fwd_00_%_00_P0_100.xmot MotionAfter=Troll_Stand_Fist_Fist_P0_QuickAttackL_Hit_N_Fwd_00_%_00_P0_100.xmot Right=TrollFist RightUseType=55 RightGroup=7->7 NativeResult=1 OBSERVE_NATIVE=1
CORE RAW55_QUICK_CALLBACK_BOUNDARY Actor=Troll C1=14 SameC1=1 Action=5->5 Phase=1->1 StateTime=0.068275->0.068275 StatePosition=0->0 MotionBefore=Troll_Stand_Fist_Fist_P0_QuickAttackL_Hit_N_Fwd_00_%_00_P0_100.xmot MotionAfter=Troll_Stand_Fist_Fist_P0_QuickAttackL_Hit_N_Fwd_00_%_00_P0_100.xmot Right=TrollFist RightUseType=55 RightGroup=7->7 NativeResult=1 OBSERVE_NATIVE=1
CORE RAW55_QUICK_CALLBACK_BOUNDARY Actor=Troll C1=14 SameC1=1 Action=5->5 Phase=1->1 StateTime=0.076608->0.076608 StatePosition=0->0 MotionBefore=Troll_Stand_Fist_Fist_P0_QuickAttackL_Hit_N_Fwd_00_%_00_P0_100.xmot MotionAfter=Troll_Stand_Fist_Fist_P0_QuickAttackL_Hit_N_Fwd_00_%_00_P0_100.xmot Right=TrollFist RightUseType=55 RightGroup=7->7 NativeResult=1 OBSERVE_NATIVE=1
CORE RAW55_QUICK_CALLBACK_BOUNDARY Actor=Troll C1=14 SameC1=1 Action=5->5 Phase=1->1 StateTime=0.085579->0.085579 StatePosition=0->0 MotionBefore=Troll_Stand_Fist_Fist_P0_QuickAttackL_Hit_N_Fwd_00_%_00_P0_100.xmot MotionAfter=Troll_Stand_Fist_Fist_P0_QuickAttackL_Hit_N_Fwd_00_%_00_P0_100.xmot Right=TrollFist RightUseType=55 RightGroup=7->7 NativeResult=1 OBSERVE_NATIVE=1
CORE RAW55_QUICK_CALLBACK_BOUNDARY Actor=Troll C1=14 SameC1=1 Action=5->5 Phase=1->1 StateTime=0.093912->0.093912 StatePosition=0->0 MotionBefore=Troll_Stand_Fist_Fist_P0_QuickAttackL_Hit_N_Fwd_00_%_00_P0_100.xmot MotionAfter=Troll_Stand_Fist_Fist_P0_QuickAttackL_Hit_N_Fwd_00_%_00_P0_100.xmot Right=TrollFist RightUseType=55 RightGroup=7->7 NativeResult=1 OBSERVE_NATIVE=1
CORE COLLISION_GROUP ElapsedMs=33442.728 Source=TrollFist UseType=55 Owner=Troll Slot=RIGHT Requested=7 Before=7 After=7 MarkerBitsRetired=0
CORE C1 OFFENSE REQUEST ElapsedMs=33442.757 Actor=Troll Generation=14 Status=PERSISTED Source=TrollFist Side=RIGHT Requests=2 Outstanding=1 CleanupObserved=0 Group=7
CORE RAW55_QUICK_CALLBACK_BOUNDARY Actor=Troll C1=14 SameC1=1 Action=5->5 Phase=1->1 StateTime=0.102869->0.102869 StatePosition=0->1 MotionBefore=Troll_Stand_Fist_Fist_P0_QuickAttackL_Hit_N_Fwd_00_%_00_P0_100.xmot MotionAfter=Troll_Stand_Fist_Fist_P0_QuickAttackL_Hit_N_Fwd_00_%_00_P0_100.xmot Right=TrollFist RightUseType=55 RightGroup=7->7 NativeResult=1 OBSERVE_NATIVE=1
CORE RAW55_QUICK_CALLBACK_BOUNDARY Actor=Troll C1=14 SameC1=1 Action=5->5 Phase=1->1 StateTime=0.111202->0.111202 StatePosition=1->1 MotionBefore=Troll_Stand_Fist_Fist_P0_QuickAttackL_Hit_N_Fwd_00_%_00_P0_100.xmot MotionAfter=Troll_Stand_Fist_Fist_P0_QuickAttackL_Hit_N_Fwd_00_%_00_P0_100.xmot Right=TrollFist RightUseType=55 RightGroup=7->7 NativeResult=1 OBSERVE_NATIVE=1
CORE RAW55_QUICK_CALLBACK_BOUNDARY Actor=Troll C1=14 SameC1=1 Action=5->5 Phase=1->1 StateTime=0.124099->0.124099 StatePosition=1->1 MotionBefore=Troll_Stand_Fist_Fist_P0_QuickAttackL_Hit_N_Fwd_00_%_00_P0_100.xmot MotionAfter=Troll_Stand_Fist_Fist_P0_QuickAttackL_Hit_N_Fwd_00_%_00_P0_100.xmot Right=TrollFist RightUseType=55 RightGroup=7->7 NativeResult=1 OBSERVE_NATIVE=1
CORE RAW55_QUICK_CALLBACK_BOUNDARY Actor=Troll C1=14 SameC1=1 Action=5->5 Phase=1->1 StateTime=0.132432->0.132432 StatePosition=1->1 MotionBefore=Troll_Stand_Fist_Fist_P0_QuickAttackL_Hit_N_Fwd_00_%_00_P0_100.xmot MotionAfter=Troll_Stand_Fist_Fist_P0_QuickAttackL_Hit_N_Fwd_00_%_00_P0_100.xmot Right=TrollFist RightUseType=55 RightGroup=7->7 NativeResult=1 OBSERVE_NATIVE=1
CORE RAW55_QUICK_CALLBACK_BOUNDARY Actor=Troll C1=14 SameC1=1 Action=5->5 Phase=1->1 StateTime=0.140766->0.140766 StatePosition=1->1 MotionBefore=Troll_Stand_Fist_Fist_P0_QuickAttackL_Hit_N_Fwd_00_%_00_P0_100.xmot MotionAfter=Troll_Stand_Fist_Fist_P0_QuickAttackL_Hit_N_Fwd_00_%_00_P0_100.xmot Right=TrollFist RightUseType=55 RightGroup=7->7 NativeResult=1 OBSERVE_NATIVE=1
CORE RAW55_QUICK_CALLBACK_BOUNDARY Actor=Troll C1=14 SameC1=1 Action=5->5 Phase=1->1 StateTime=0.152692->0.152692 StatePosition=1->1 MotionBefore=Troll_Stand_Fist_Fist_P0_QuickAttackL_Hit_N_Fwd_00_%_00_P0_100.xmot MotionAfter=Troll_Stand_Fist_Fist_P0_QuickAttackL_Hit_N_Fwd_00_%_00_P0_100.xmot Right=TrollFist RightUseType=55 RightGroup=7->7 NativeResult=1 OBSERVE_NATIVE=1
CORE RAW55_QUICK_CALLBACK_BOUNDARY Actor=Troll C1=14 SameC1=1 Action=5->5 Phase=1->1 StateTime=0.161025->0.161025 StatePosition=1->1 MotionBefore=Troll_Stand_Fist_Fist_P0_QuickAttackL_Hit_N_Fwd_00_%_00_P0_100.xmot MotionAfter=Troll_Stand_Fist_Fist_P0_QuickAttackL_Hit_N_Fwd_00_%_00_P0_100.xmot Right=TrollFist RightUseType=55 RightGroup=7->7 NativeResult=1 OBSERVE_NATIVE=1
CORE RAW55_QUICK_CALLBACK_BOUNDARY Actor=Troll C1=14 SameC1=1 Action=5->5 Phase=1->1 StateTime=0.171967->0.171967 StatePosition=1->1 MotionBefore=Troll_Stand_Fist_Fist_P0_QuickAttackL_Hit_N_Fwd_00_%_00_P0_100.xmot MotionAfter=Troll_Stand_Fist_Fist_P0_QuickAttackL_Hit_N_Fwd_00_%_00_P0_100.xmot Right=TrollFist RightUseType=55 RightGroup=7->7 NativeResult=1 OBSERVE_NATIVE=1
CORE RAW55_QUICK_CALLBACK_BOUNDARY Actor=Troll C1=14 SameC1=1 Action=5->5 Phase=1->1 StateTime=0.180300->0.180300 StatePosition=1->1 MotionBefore=Troll_Stand_Fist_Fist_P0_QuickAttackL_Hit_N_Fwd_00_%_00_P0_100.xmot MotionAfter=Troll_Stand_Fist_Fist_P0_QuickAttackL_Hit_N_Fwd_00_%_00_P0_100.xmot Right=TrollFist RightUseType=55 RightGroup=7->7 NativeResult=1 OBSERVE_NATIVE=1
CORE RAW55_QUICK_CALLBACK_BOUNDARY Actor=Troll C1=14 SameC1=1 Action=5->5 Phase=1->1 StateTime=0.188634->0.188634 StatePosition=1->1 MotionBefore=Troll_Stand_Fist_Fist_P0_QuickAttackL_Hit_N_Fwd_00_%_00_P0_100.xmot MotionAfter=Troll_Stand_Fist_Fist_P0_QuickAttackL_Hit_N_Fwd_00_%_00_P0_100.xmot Right=TrollFist RightUseType=55 RightGroup=7->7 NativeResult=1 OBSERVE_NATIVE=1
CORE RAW55_QUICK_CALLBACK_BOUNDARY Actor=Troll C1=14 SameC1=1 Action=5->5 Phase=1->1 StateTime=0.196967->0.196967 StatePosition=1->1 MotionBefore=Troll_Stand_Fist_Fist_P0_QuickAttackL_Hit_N_Fwd_00_%_00_P0_100.xmot MotionAfter=Troll_Stand_Fist_Fist_P0_QuickAttackL_Hit_N_Fwd_00_%_00_P0_100.xmot Right=TrollFist RightUseType=55 RightGroup=7->7 NativeResult=1 OBSERVE_NATIVE=1
CORE RAW55_QUICK_CALLBACK_BOUNDARY Actor=Troll C1=14 SameC1=1 Action=5->5 Phase=1->1 StateTime=0.205300->0.205300 StatePosition=1->1 MotionBefore=Troll_Stand_Fist_Fist_P0_QuickAttackL_Hit_N_Fwd_00_%_00_P0_100.xmot MotionAfter=Troll_Stand_Fist_Fist_P0_QuickAttackL_Hit_N_Fwd_00_%_00_P0_100.xmot Right=TrollFist RightUseType=55 RightGroup=7->7 NativeResult=1 OBSERVE_NATIVE=1
CORE RAW55_QUICK_CALLBACK_BOUNDARY Actor=Troll C1=14 SameC1=1 Action=5->5 Phase=1->1 StateTime=0.215241->0.215241 StatePosition=1->1 MotionBefore=Troll_Stand_Fist_Fist_P0_QuickAttackL_Hit_N_Fwd_00_%_00_P0_100.xmot MotionAfter=Troll_Stand_Fist_Fist_P0_QuickAttackL_Hit_N_Fwd_00_%_00_P0_100.xmot Right=TrollFist RightUseType=55 RightGroup=7->7 NativeResult=1 OBSERVE_NATIVE=1
CORE RAW55_QUICK_CALLBACK_BOUNDARY Actor=Troll C1=14 SameC1=1 Action=5->5 Phase=1->1 StateTime=0.223575->0.223575 StatePosition=1->1 MotionBefore=Troll_Stand_Fist_Fist_P0_QuickAttackL_Hit_N_Fwd_00_%_00_P0_100.xmot MotionAfter=Troll_Stand_Fist_Fist_P0_QuickAttackL_Hit_N_Fwd_00_%_00_P0_100.xmot Right=TrollFist RightUseType=55 RightGroup=7->7 NativeResult=1 OBSERVE_NATIVE=1
CORE RAW55_QUICK_CALLBACK_BOUNDARY Actor=Troll C1=14 SameC1=1 Action=5->5 Phase=1->1 StateTime=0.242383->0.242383 StatePosition=1->1 MotionBefore=Troll_Stand_Fist_Fist_P0_QuickAttackL_Hit_N_Fwd_00_%_00_P0_100.xmot MotionAfter=Troll_Stand_Fist_Fist_P0_QuickAttackL_Hit_N_Fwd_00_%_00_P0_100.xmot Right=TrollFist RightUseType=55 RightGroup=7->7 NativeResult=1 OBSERVE_NATIVE=1
CORE RAW55_QUICK_CALLBACK_BOUNDARY Actor=Troll C1=14 SameC1=1 Action=5->5 Phase=1->1 StateTime=0.250717->0.250717 StatePosition=1->1 MotionBefore=Troll_Stand_Fist_Fist_P0_QuickAttackL_Hit_N_Fwd_00_%_00_P0_100.xmot MotionAfter=Troll_Stand_Fist_Fist_P0_QuickAttackL_Hit_N_Fwd_00_%_00_P0_100.xmot Right=TrollFist RightUseType=55 RightGroup=7->7 NativeResult=1 OBSERVE_NATIVE=1
CORE RAW55_QUICK_CALLBACK_BOUNDARY Actor=Troll C1=14 SameC1=1 Action=5->5 Phase=1->1 StateTime=0.259050->0.259050 StatePosition=1->1 MotionBefore=Troll_Stand_Fist_Fist_P0_QuickAttackL_Hit_N_Fwd_00_%_00_P0_100.xmot MotionAfter=Troll_Stand_Fist_Fist_P0_QuickAttackL_Hit_N_Fwd_00_%_00_P0_100.xmot Right=TrollFist RightUseType=55 RightGroup=7->7 NativeResult=1 OBSERVE_NATIVE=1
CORE RAW55_QUICK_CALLBACK_BOUNDARY Actor=Troll C1=14 SameC1=1 Action=5->5 Phase=1->1 StateTime=0.267383->0.267383 StatePosition=1->1 MotionBefore=Troll_Stand_Fist_Fist_P0_QuickAttackL_Hit_N_Fwd_00_%_00_P0_100.xmot MotionAfter=Troll_Stand_Fist_Fist_P0_QuickAttackL_Hit_N_Fwd_00_%_00_P0_100.xmot Right=TrollFist RightUseType=55 RightGroup=7->7 NativeResult=1 OBSERVE_NATIVE=1
CORE RAW55_QUICK_CALLBACK_BOUNDARY Actor=Troll C1=14 SameC1=1 Action=5->5 Phase=1->1 StateTime=0.277339->0.277339 StatePosition=1->1 MotionBefore=Troll_Stand_Fist_Fist_P0_QuickAttackL_Hit_N_Fwd_00_%_00_P0_100.xmot MotionAfter=Troll_Stand_Fist_Fist_P0_QuickAttackL_Hit_N_Fwd_00_%_00_P0_100.xmot Right=TrollFist RightUseType=55 RightGroup=7->7 NativeResult=1 OBSERVE_NATIVE=1
CORE RAW55_QUICK_CALLBACK_BOUNDARY Actor=Troll C1=14 SameC1=1 Action=5->5 Phase=1->1 StateTime=0.285672->0.285672 StatePosition=1->1 MotionBefore=Troll_Stand_Fist_Fist_P0_QuickAttackL_Hit_N_Fwd_00_%_00_P0_100.xmot MotionAfter=Troll_Stand_Fist_Fist_P0_QuickAttackL_Hit_N_Fwd_00_%_00_P0_100.xmot Right=TrollFist RightUseType=55 RightGroup=7->7 NativeResult=1 OBSERVE_NATIVE=1
CORE RAW55_QUICK_CALLBACK_BOUNDARY Actor=Troll C1=14 SameC1=1 Action=5->5 Phase=1->1 StateTime=0.294629->0.294629 StatePosition=1->1 MotionBefore=Troll_Stand_Fist_Fist_P0_QuickAttackL_Hit_N_Fwd_00_%_00_P0_100.xmot MotionAfter=Troll_Stand_Fist_Fist_P0_QuickAttackL_Hit_N_Fwd_00_%_00_P0_100.xmot Right=TrollFist RightUseType=55 RightGroup=7->7 NativeResult=1 OBSERVE_NATIVE=1
CORE RAW55_QUICK_CALLBACK_BOUNDARY Actor=Troll C1=14 SameC1=1 Action=5->5 Phase=1->1 StateTime=0.302962->0.302962 StatePosition=1->1 MotionBefore=Troll_Stand_Fist_Fist_P0_QuickAttackL_Hit_N_Fwd_00_%_00_P0_100.xmot MotionAfter=Troll_Stand_Fist_Fist_P0_QuickAttackL_Hit_N_Fwd_00_%_00_P0_100.xmot Right=TrollFist RightUseType=55 RightGroup=7->7 NativeResult=1 OBSERVE_NATIVE=1
CORE RAW55_QUICK_CALLBACK_BOUNDARY Actor=Troll C1=14 SameC1=1 Action=5->5 Phase=1->1 StateTime=0.311296->0.311296 StatePosition=1->1 MotionBefore=Troll_Stand_Fist_Fist_P0_QuickAttackL_Hit_N_Fwd_00_%_00_P0_100.xmot MotionAfter=Troll_Stand_Fist_Fist_P0_QuickAttackL_Hit_N_Fwd_00_%_00_P0_100.xmot Right=TrollFist RightUseType=55 RightGroup=7->7 NativeResult=1 OBSERVE_NATIVE=1
CORE RAW55_QUICK_CALLBACK_BOUNDARY Actor=Troll C1=14 SameC1=1 Action=5->5 Phase=1->1 StateTime=0.320266->0.320266 StatePosition=1->1 MotionBefore=Troll_Stand_Fist_Fist_P0_QuickAttackL_Hit_N_Fwd_00_%_00_P0_100.xmot MotionAfter=Troll_Stand_Fist_Fist_P0_QuickAttackL_Hit_N_Fwd_00_%_00_P0_100.xmot Right=TrollFist RightUseType=55 RightGroup=7->7 NativeResult=1 OBSERVE_NATIVE=1
CORE RAW55_QUICK_CALLBACK_BOUNDARY Actor=Troll C1=14 SameC1=1 Action=5->5 Phase=1->1 StateTime=0.328599->0.328599 StatePosition=1->1 MotionBefore=Troll_Stand_Fist_Fist_P0_QuickAttackL_Hit_N_Fwd_00_%_00_P0_100.xmot MotionAfter=Troll_Stand_Fist_Fist_P0_QuickAttackL_Hit_N_Fwd_00_%_00_P0_100.xmot Right=TrollFist RightUseType=55 RightGroup=7->7 NativeResult=1 OBSERVE_NATIVE=1
CORE RAW55_QUICK_CALLBACK_BOUNDARY Actor=Troll C1=14 SameC1=1 Action=5->5 Phase=1->1 StateTime=0.336933->0.336933 StatePosition=1->1 MotionBefore=Troll_Stand_Fist_Fist_P0_QuickAttackL_Hit_N_Fwd_00_%_00_P0_100.xmot MotionAfter=Troll_Stand_Fist_Fist_P0_QuickAttackL_Hit_N_Fwd_00_%_00_P0_100.xmot Right=TrollFist RightUseType=55 RightGroup=7->7 NativeResult=1 OBSERVE_NATIVE=1
CORE RAW55_QUICK_CALLBACK_BOUNDARY Actor=Troll C1=14 SameC1=1 Action=5->5 Phase=1->1 StateTime=0.345266->0.345266 StatePosition=1->1 MotionBefore=Troll_Stand_Fist_Fist_P0_QuickAttackL_Hit_N_Fwd_00_%_00_P0_100.xmot MotionAfter=Troll_Stand_Fist_Fist_P0_QuickAttackL_Hit_N_Fwd_00_%_00_P0_100.xmot Right=TrollFist RightUseType=55 RightGroup=7->7 NativeResult=1 OBSERVE_NATIVE=1
CORE RAW55_QUICK_CALLBACK_BOUNDARY Actor=Troll C1=14 SameC1=1 Action=5->5 Phase=1->1 StateTime=0.355207->0.355207 StatePosition=1->1 MotionBefore=Troll_Stand_Fist_Fist_P0_QuickAttackL_Hit_N_Fwd_00_%_00_P0_100.xmot MotionAfter=Troll_Stand_Fist_Fist_P0_QuickAttackL_Hit_N_Fwd_00_%_00_P0_100.xmot Right=TrollFist RightUseType=55 RightGroup=7->7 NativeResult=1 OBSERVE_NATIVE=1
CORE RAW55_QUICK_CALLBACK_BOUNDARY Actor=Troll C1=14 SameC1=1 Action=5->5 Phase=1->1 StateTime=0.363541->0.363541 StatePosition=1->1 MotionBefore=Troll_Stand_Fist_Fist_P0_QuickAttackL_Hit_N_Fwd_00_%_00_P0_100.xmot MotionAfter=Troll_Stand_Fist_Fist_P0_QuickAttackL_Hit_N_Fwd_00_%_00_P0_100.xmot Right=TrollFist RightUseType=55 RightGroup=7->7 NativeResult=1 OBSERVE_NATIVE=1
CORE RAW55_QUICK_CALLBACK_BOUNDARY Actor=Troll C1=14 SameC1=1 Action=5->5 Phase=1->1 StateTime=0.374482->0.374482 StatePosition=1->1 MotionBefore=Troll_Stand_Fist_Fist_P0_QuickAttackL_Hit_N_Fwd_00_%_00_P0_100.xmot MotionAfter=Troll_Stand_Fist_Fist_P0_QuickAttackL_Hit_N_Fwd_00_%_00_P0_100.xmot Right=TrollFist RightUseType=55 RightGroup=7->7 NativeResult=1 OBSERVE_NATIVE=1
CORE RAW55_QUICK_CALLBACK_BOUNDARY Actor=Troll C1=14 SameC1=1 Action=5->5 Phase=1->1 StateTime=0.382815->0.382815 StatePosition=1->1 MotionBefore=Troll_Stand_Fist_Fist_P0_QuickAttackL_Hit_N_Fwd_00_%_00_P0_100.xmot MotionAfter=Troll_Stand_Fist_Fist_P0_QuickAttackL_Hit_N_Fwd_00_%_00_P0_100.xmot Right=TrollFist RightUseType=55 RightGroup=7->7 NativeResult=1 OBSERVE_NATIVE=1
CORE RAW55_QUICK_CALLBACK_BOUNDARY Actor=Troll C1=14 SameC1=1 Action=5->5 Phase=1->1 StateTime=0.391772->0.391772 StatePosition=1->1 MotionBefore=Troll_Stand_Fist_Fist_P0_QuickAttackL_Hit_N_Fwd_00_%_00_P0_100.xmot MotionAfter=Troll_Stand_Fist_Fist_P0_QuickAttackL_Hit_N_Fwd_00_%_00_P0_100.xmot Right=TrollFist RightUseType=55 RightGroup=7->7 NativeResult=1 OBSERVE_NATIVE=1
CORE RAW55_QUICK_CALLBACK_BOUNDARY Actor=Troll C1=14 SameC1=1 Action=5->5 Phase=1->1 StateTime=0.400105->0.400105 StatePosition=1->1 MotionBefore=Troll_Stand_Fist_Fist_P0_QuickAttackL_Hit_N_Fwd_00_%_00_P0_100.xmot MotionAfter=Troll_Stand_Fist_Fist_P0_QuickAttackL_Hit_N_Fwd_00_%_00_P0_100.xmot Right=TrollFist RightUseType=55 RightGroup=7->7 NativeResult=1 OBSERVE_NATIVE=1
CORE RAW55_QUICK_CALLBACK_BOUNDARY Actor=Troll C1=14 SameC1=1 Action=5->5 Phase=1->1 StateTime=0.409076->0.409076 StatePosition=1->1 MotionBefore=Troll_Stand_Fist_Fist_P0_QuickAttackL_Hit_N_Fwd_00_%_00_P0_100.xmot MotionAfter=Troll_Stand_Fist_Fist_P0_QuickAttackL_Hit_N_Fwd_00_%_00_P0_100.xmot Right=TrollFist RightUseType=55 RightGroup=7->7 NativeResult=1 OBSERVE_NATIVE=1
CORE RAW55_QUICK_CALLBACK_BOUNDARY Actor=Troll C1=14 SameC1=1 Action=5->5 Phase=1->1 StateTime=0.417409->0.417409 StatePosition=1->1 MotionBefore=Troll_Stand_Fist_Fist_P0_QuickAttackL_Hit_N_Fwd_00_%_00_P0_100.xmot MotionAfter=Troll_Stand_Fist_Fist_P0_QuickAttackL_Hit_N_Fwd_00_%_00_P0_100.xmot Right=TrollFist RightUseType=55 RightGroup=7->7 NativeResult=1 OBSERVE_NATIVE=1
CORE RAW55_QUICK_CALLBACK_BOUNDARY Actor=Troll C1=14 SameC1=1 Action=5->5 Phase=1->1 StateTime=0.425743->0.425743 StatePosition=1->1 MotionBefore=Troll_Stand_Fist_Fist_P0_QuickAttackL_Hit_N_Fwd_00_%_00_P0_100.xmot MotionAfter=Troll_Stand_Fist_Fist_P0_QuickAttackL_Hit_N_Fwd_00_%_00_P0_100.xmot Right=TrollFist RightUseType=55 RightGroup=7->7 NativeResult=1 OBSERVE_NATIVE=1
CORE RAW55_QUICK_CALLBACK_BOUNDARY Actor=Troll C1=14 SameC1=1 Action=5->5 Phase=1->1 StateTime=0.434076->0.434076 StatePosition=1->1 MotionBefore=Troll_Stand_Fist_Fist_P0_QuickAttackL_Hit_N_Fwd_00_%_00_P0_100.xmot MotionAfter=Troll_Stand_Fist_Fist_P0_QuickAttackL_Hit_N_Fwd_00_%_00_P0_100.xmot Right=TrollFist RightUseType=55 RightGroup=7->7 NativeResult=1 OBSERVE_NATIVE=1
CORE RAW55_QUICK_CALLBACK_BOUNDARY Actor=Troll C1=14 SameC1=1 Action=5->5 Phase=1->1 StateTime=0.442410->0.442410 StatePosition=1->1 MotionBefore=Troll_Stand_Fist_Fist_P0_QuickAttackL_Hit_N_Fwd_00_%_00_P0_100.xmot MotionAfter=Troll_Stand_Fist_Fist_P0_QuickAttackL_Hit_N_Fwd_00_%_00_P0_100.xmot Right=TrollFist RightUseType=55 RightGroup=7->7 NativeResult=1 OBSERVE_NATIVE=1
CORE RAW55_QUICK_CALLBACK_BOUNDARY Actor=Troll C1=14 SameC1=1 Action=5->5 Phase=1->1 StateTime=0.450743->0.450743 StatePosition=1->1 MotionBefore=Troll_Stand_Fist_Fist_P0_QuickAttackL_Hit_N_Fwd_00_%_00_P0_100.xmot MotionAfter=Troll_Stand_Fist_Fist_P0_QuickAttackL_Hit_N_Fwd_00_%_00_P0_100.xmot Right=TrollFist RightUseType=55 RightGroup=7->7 NativeResult=1 OBSERVE_NATIVE=1
CORE RAW55_QUICK_CALLBACK_BOUNDARY Actor=Troll C1=14 SameC1=1 Action=5->5 Phase=1->1 StateTime=0.459076->0.459076 StatePosition=1->1 MotionBefore=Troll_Stand_Fist_Fist_P0_QuickAttackL_Hit_N_Fwd_00_%_00_P0_100.xmot MotionAfter=Troll_Stand_Fist_Fist_P0_QuickAttackL_Hit_N_Fwd_00_%_00_P0_100.xmot Right=TrollFist RightUseType=55 RightGroup=7->7 NativeResult=1 OBSERVE_NATIVE=1
CORE RAW55_QUICK_CALLBACK_BOUNDARY Actor=Troll C1=14 SameC1=1 Action=5->5 Phase=1->1 StateTime=0.467410->0.467410 StatePosition=1->1 MotionBefore=Troll_Stand_Fist_Fist_P0_QuickAttackL_Hit_N_Fwd_00_%_00_P0_100.xmot MotionAfter=Troll_Stand_Fist_Fist_P0_QuickAttackL_Hit_N_Fwd_00_%_00_P0_100.xmot Right=TrollFist RightUseType=55 RightGroup=7->7 NativeResult=1 OBSERVE_NATIVE=1
CORE RAW55_QUICK_CALLBACK_BOUNDARY Actor=Troll C1=14 SameC1=1 Action=5->5 Phase=1->1 StateTime=0.476366->0.476366 StatePosition=1->1 MotionBefore=Troll_Stand_Fist_Fist_P0_QuickAttackL_Hit_N_Fwd_00_%_00_P0_100.xmot MotionAfter=Troll_Stand_Fist_Fist_P0_QuickAttackL_Hit_N_Fwd_00_%_00_P0_100.xmot Right=TrollFist RightUseType=55 RightGroup=7->7 NativeResult=1 OBSERVE_NATIVE=1
CORE RAW55_QUICK_CALLBACK_BOUNDARY Actor=Troll C1=14 SameC1=1 Action=5->5 Phase=1->1 StateTime=0.484699->0.484699 StatePosition=1->1 MotionBefore=Troll_Stand_Fist_Fist_P0_QuickAttackL_Hit_N_Fwd_00_%_00_P0_100.xmot MotionAfter=Troll_Stand_Fist_Fist_P0_QuickAttackL_Hit_N_Fwd_00_%_00_P0_100.xmot Right=TrollFist RightUseType=55 RightGroup=7->7 NativeResult=1 OBSERVE_NATIVE=1
CORE RAW55_QUICK_CALLBACK_BOUNDARY Actor=Troll C1=14 SameC1=1 Action=5->5 Phase=1->1 StateTime=0.493032->0.493032 StatePosition=1->1 MotionBefore=Troll_Stand_Fist_Fist_P0_QuickAttackL_Hit_N_Fwd_00_%_00_P0_100.xmot MotionAfter=Troll_Stand_Fist_Fist_P0_QuickAttackL_Hit_N_Fwd_00_%_00_P0_100.xmot Right=TrollFist RightUseType=55 RightGroup=7->7 NativeResult=1 OBSERVE_NATIVE=1
CORE RAW55_QUICK_CALLBACK_BOUNDARY Actor=Troll C1=14 SameC1=1 Action=5->5 Phase=1->1 StateTime=0.501366->0.501366 StatePosition=1->1 MotionBefore=Troll_Stand_Fist_Fist_P0_QuickAttackL_Hit_N_Fwd_00_%_00_P0_100.xmot MotionAfter=Troll_Stand_Fist_Fist_P0_QuickAttackL_Hit_N_Fwd_00_%_00_P0_100.xmot Right=TrollFist RightUseType=55 RightGroup=7->7 NativeResult=1 OBSERVE_NATIVE=1
CORE RAW55_QUICK_CALLBACK_BOUNDARY Actor=Troll C1=14 SameC1=1 Action=5->5 Phase=1->1 StateTime=0.510322->0.510322 StatePosition=1->1 MotionBefore=Troll_Stand_Fist_Fist_P0_QuickAttackL_Hit_N_Fwd_00_%_00_P0_100.xmot MotionAfter=Troll_Stand_Fist_Fist_P0_QuickAttackL_Hit_N_Fwd_00_%_00_P0_100.xmot Right=TrollFist RightUseType=55 RightGroup=7->7 NativeResult=1 OBSERVE_NATIVE=1
CORE RAW55_QUICK_CALLBACK_BOUNDARY Actor=Troll C1=14 SameC1=1 Action=5->5 Phase=1->1 StateTime=0.518655->0.518655 StatePosition=1->1 MotionBefore=Troll_Stand_Fist_Fist_P0_QuickAttackL_Hit_N_Fwd_00_%_00_P0_100.xmot MotionAfter=Troll_Stand_Fist_Fist_P0_QuickAttackL_Hit_N_Fwd_00_%_00_P0_100.xmot Right=TrollFist RightUseType=55 RightGroup=7->7 NativeResult=1 OBSERVE_NATIVE=1
CORE RAW55_QUICK_CALLBACK_BOUNDARY Actor=Troll C1=14 SameC1=1 Action=5->5 Phase=1->1 StateTime=0.526988->0.526988 StatePosition=1->1 MotionBefore=Troll_Stand_Fist_Fist_P0_QuickAttackL_Hit_N_Fwd_00_%_00_P0_100.xmot MotionAfter=Troll_Stand_Fist_Fist_P0_QuickAttackL_Hit_N_Fwd_00_%_00_P0_100.xmot Right=TrollFist RightUseType=55 RightGroup=7->7 NativeResult=1 OBSERVE_NATIVE=1
CORE RAW55_QUICK_CALLBACK_BOUNDARY Actor=Troll C1=14 SameC1=1 Action=5->5 Phase=1->1 StateTime=0.535322->0.535322 StatePosition=1->1 MotionBefore=Troll_Stand_Fist_Fist_P0_QuickAttackL_Hit_N_Fwd_00_%_00_P0_100.xmot MotionAfter=Troll_Stand_Fist_Fist_P0_QuickAttackL_Hit_N_Fwd_00_%_00_P0_100.xmot Right=TrollFist RightUseType=55 RightGroup=7->7 NativeResult=1 OBSERVE_NATIVE=1
CORE RAW55_QUICK_CALLBACK_BOUNDARY Actor=Troll C1=14 SameC1=1 Action=5->5 Phase=1->1 StateTime=0.544278->0.544278 StatePosition=1->1 MotionBefore=Troll_Stand_Fist_Fist_P0_QuickAttackL_Hit_N_Fwd_00_%_00_P0_100.xmot MotionAfter=Troll_Stand_Fist_Fist_P0_QuickAttackL_Hit_N_Fwd_00_%_00_P0_100.xmot Right=TrollFist RightUseType=55 RightGroup=7->7 NativeResult=1 OBSERVE_NATIVE=1
CORE RAW55_QUICK_CALLBACK_BOUNDARY Actor=Troll C1=14 SameC1=1 Action=5->5 Phase=1->1 StateTime=0.552611->0.552611 StatePosition=1->1 MotionBefore=Troll_Stand_Fist_Fist_P0_QuickAttackL_Hit_N_Fwd_00_%_00_P0_100.xmot MotionAfter=Troll_Stand_Fist_Fist_P0_QuickAttackL_Hit_N_Fwd_00_%_00_P0_100.xmot Right=TrollFist RightUseType=55 RightGroup=7->7 NativeResult=1 OBSERVE_NATIVE=1
CORE RAW55_QUICK_CALLBACK_BOUNDARY Actor=Troll C1=14 SameC1=1 Action=5->5 Phase=1->1 StateTime=0.560944->0.560944 StatePosition=1->1 MotionBefore=Troll_Stand_Fist_Fist_P0_QuickAttackL_Hit_N_Fwd_00_%_00_P0_100.xmot MotionAfter=Troll_Stand_Fist_Fist_P0_QuickAttackL_Hit_N_Fwd_00_%_00_P0_100.xmot Right=TrollFist RightUseType=55 RightGroup=7->7 NativeResult=1 OBSERVE_NATIVE=1
CORE RAW55_QUICK_CALLBACK_BOUNDARY Actor=Troll C1=14 SameC1=1 Action=5->5 Phase=1->1 StateTime=0.569278->0.569278 StatePosition=1->1 MotionBefore=Troll_Stand_Fist_Fist_P0_QuickAttackL_Hit_N_Fwd_00_%_00_P0_100.xmot MotionAfter=Troll_Stand_Fist_Fist_P0_QuickAttackL_Hit_N_Fwd_00_%_00_P0_100.xmot Right=TrollFist RightUseType=55 RightGroup=7->7 NativeResult=1 OBSERVE_NATIVE=1
CORE RAW55_QUICK_CALLBACK_BOUNDARY Actor=Troll C1=14 SameC1=1 Action=5->5 Phase=1->1 StateTime=0.578234->0.578234 StatePosition=1->1 MotionBefore=Troll_Stand_Fist_Fist_P0_QuickAttackL_Hit_N_Fwd_00_%_00_P0_100.xmot MotionAfter=Troll_Stand_Fist_Fist_P0_QuickAttackL_Hit_N_Fwd_00_%_00_P0_100.xmot Right=TrollFist RightUseType=55 RightGroup=7->7 NativeResult=1 OBSERVE_NATIVE=1
CORE RAW55_QUICK_CALLBACK_BOUNDARY Actor=Troll C1=14 SameC1=1 Action=5->5 Phase=1->1 StateTime=0.586567->0.586567 StatePosition=1->1 MotionBefore=Troll_Stand_Fist_Fist_P0_QuickAttackL_Hit_N_Fwd_00_%_00_P0_100.xmot MotionAfter=Troll_Stand_Fist_Fist_P0_QuickAttackL_Hit_N_Fwd_00_%_00_P0_100.xmot Right=TrollFist RightUseType=55 RightGroup=7->7 NativeResult=1 OBSERVE_NATIVE=1
CORE RAW55_QUICK_CALLBACK_BOUNDARY Actor=Troll C1=14 SameC1=1 Action=5->5 Phase=1->1 StateTime=0.595524->0.595524 StatePosition=1->1 MotionBefore=Troll_Stand_Fist_Fist_P0_QuickAttackL_Hit_N_Fwd_00_%_00_P0_100.xmot MotionAfter=Troll_Stand_Fist_Fist_P0_QuickAttackL_Hit_N_Fwd_00_%_00_P0_100.xmot Right=TrollFist RightUseType=55 RightGroup=7->7 NativeResult=1 OBSERVE_NATIVE=1
===== CORE MARKER ANOMALY / DISCOVERY =====
ElapsedMs: 33880.331
Actor: Troll
Action: 5
Family: QUICK
AniPhase: 1
StatePosition: 1
CurrentMovementAni: Troll_Stand_Fist_Fist_P0_QuickAttackL_Hit_N_Fwd_00_%_00_P0_100.xmot
MarkerName: G3AB_COL_FIST
MarkerOpcode: FIST
Result: UNSUPPORTED_MISSING_SOURCE
C1GenerationValid: 1
C1Generation: 14
RequiredSourceMask: 0
MissingSourceMask: 0
RightSourceSlot: RIGHT
RightSourceName: TrollFist
RightSourceUseType: 55
RightSourceCollisionGroup: 7
LeftSourceSlot: LEFT
LeftSourceName: TrollFist
LeftSourceUseType: 55
LeftSourceCollisionGroup: 5
Raw8FistSourceName: <none>
Raw8FistSourceUseType: -1
Raw8FistSourceCollisionGroup: -1
===========================================

CORE RAW55_QUICK_REPEAT_FIST_ELIGIBILITY Actor=Troll Action=5 StatePosition=1 StateTime=0.603857 MarkerOpcode=4 ResultOpcode=4 ResultCode=2 CurrentC1Valid=1 CurrentC1=14 StoredC1=14 SameC1=1 CurrentRight=E6EAF010 StoredRight=E6EAF010 SameRight=1 ResultRightMatchesStored=1 RightUseType=55 RightGroup=7 InterventionUsed=1 PreStateFistProven=1 LaterFistRearmUsed=0 DecisionFoundMotion=1 DecisionScanValid=1 DecisionMarkerPresent=1 DecisionHasFist=1 DecisionFistCount=2 DecisionRightCount=0 DecisionLeftCount=0 DecisionBothCount=0 DecisionOffCount=0 RequiredSourceMask=0 Raw8ResolverAbsent=1 QuickHit=1 Eligible=1 FirstFailedGate=NONE
CORE RAW55_QUICK_REPEAT_FIST_REARM_PROBE Actor=Troll C1=14 Action=5 StatePosition=1 StateTime=0.603857 Right=TrollFist RightUseType=55 RightGroup=7 DecisionFistCount=2 FirstPreStateProof=1 LaterDispatchOrdinal=2 ClearTriggeredList=1 REPEAT_FIST_REARM=1
CORE RAW55_QUICK_CALLBACK_BOUNDARY Actor=Troll C1=14 SameC1=1 Action=5->5 Phase=1->1 StateTime=0.603857->0.603857 StatePosition=1->1 MotionBefore=Troll_Stand_Fist_Fist_P0_QuickAttackL_Hit_N_Fwd_00_%_00_P0_100.xmot MotionAfter=Troll_Stand_Fist_Fist_P0_QuickAttackL_Hit_N_Fwd_00_%_00_P0_100.xmot Right=TrollFist RightUseType=55 RightGroup=7->7 NativeResult=1 OBSERVE_NATIVE=1
CORE RAW55_QUICK_CALLBACK_BOUNDARY Actor=Troll C1=14 SameC1=1 Action=5->5 Phase=1->1 StateTime=0.612190->0.612190 StatePosition=1->1 MotionBefore=Troll_Stand_Fist_Fist_P0_QuickAttackL_Hit_N_Fwd_00_%_00_P0_100.xmot MotionAfter=Troll_Stand_Fist_Fist_P0_QuickAttackL_Hit_N_Fwd_00_%_00_P0_100.xmot Right=TrollFist RightUseType=55 RightGroup=7->7 NativeResult=1 OBSERVE_NATIVE=1
CORE RAW55_QUICK_CALLBACK_BOUNDARY Actor=Troll C1=14 SameC1=1 Action=5->5 Phase=1->1 StateTime=0.620524->0.620524 StatePosition=1->1 MotionBefore=Troll_Stand_Fist_Fist_P0_QuickAttackL_Hit_N_Fwd_00_%_00_P0_100.xmot MotionAfter=Troll_Stand_Fist_Fist_P0_QuickAttackL_Hit_N_Fwd_00_%_00_P0_100.xmot Right=TrollFist RightUseType=55 RightGroup=7->7 NativeResult=1 OBSERVE_NATIVE=1
CORE RAW55_QUICK_CALLBACK_BOUNDARY Actor=Troll C1=14 SameC1=1 Action=5->5 Phase=1->1 StateTime=0.630465->0.630465 StatePosition=1->1 MotionBefore=Troll_Stand_Fist_Fist_P0_QuickAttackL_Hit_N_Fwd_00_%_00_P0_100.xmot MotionAfter=Troll_Stand_Fist_Fist_P0_QuickAttackL_Hit_N_Fwd_00_%_00_P0_100.xmot Right=TrollFist RightUseType=55 RightGroup=7->7 NativeResult=1 OBSERVE_NATIVE=1
CORE RAW55_QUICK_CALLBACK_BOUNDARY Actor=Troll C1=14 SameC1=1 Action=5->5 Phase=1->1 StateTime=0.638798->0.638798 StatePosition=1->1 MotionBefore=Troll_Stand_Fist_Fist_P0_QuickAttackL_Hit_N_Fwd_00_%_00_P0_100.xmot MotionAfter=Troll_Stand_Fist_Fist_P0_QuickAttackL_Hit_N_Fwd_00_%_00_P0_100.xmot Right=TrollFist RightUseType=55 RightGroup=7->7 NativeResult=1 OBSERVE_NATIVE=1
CORE RAW55_QUICK_CALLBACK_BOUNDARY Actor=Troll C1=14 SameC1=1 Action=5->5 Phase=1->1 StateTime=0.647131->0.647131 StatePosition=1->1 MotionBefore=Troll_Stand_Fist_Fist_P0_QuickAttackL_Hit_N_Fwd_00_%_00_P0_100.xmot MotionAfter=Troll_Stand_Fist_Fist_P0_QuickAttackL_Hit_N_Fwd_00_%_00_P0_100.xmot Right=TrollFist RightUseType=55 RightGroup=7->7 NativeResult=1 OBSERVE_NATIVE=1
CORE RAW55_QUICK_CALLBACK_BOUNDARY Actor=Troll C1=14 SameC1=1 Action=5->5 Phase=1->1 StateTime=0.656088->0.656088 StatePosition=1->1 MotionBefore=Troll_Stand_Fist_Fist_P0_QuickAttackL_Hit_N_Fwd_00_%_00_P0_100.xmot MotionAfter=Troll_Stand_Fist_Fist_P0_QuickAttackL_Hit_N_Fwd_00_%_00_P0_100.xmot Right=TrollFist RightUseType=55 RightGroup=7->7 NativeResult=1 OBSERVE_NATIVE=1
CORE RAW55_QUICK_CALLBACK_BOUNDARY Actor=Troll C1=14 SameC1=1 Action=5->5 Phase=1->1 StateTime=0.664421->0.664421 StatePosition=1->1 MotionBefore=Troll_Stand_Fist_Fist_P0_QuickAttackL_Hit_N_Fwd_00_%_00_P0_100.xmot MotionAfter=Troll_Stand_Fist_Fist_P0_QuickAttackL_Hit_N_Fwd_00_%_00_P0_100.xmot Right=TrollFist RightUseType=55 RightGroup=7->7 NativeResult=1 OBSERVE_NATIVE=1
CORE RAW55_QUICK_CALLBACK_BOUNDARY Actor=Troll C1=14 SameC1=1 Action=5->5 Phase=1->1 StateTime=0.673377->0.673377 StatePosition=1->1 MotionBefore=Troll_Stand_Fist_Fist_P0_QuickAttackL_Hit_N_Fwd_00_%_00_P0_100.xmot MotionAfter=Troll_Stand_Fist_Fist_P0_QuickAttackL_Hit_N_Fwd_00_%_00_P0_100.xmot Right=TrollFist RightUseType=55 RightGroup=7->7 NativeResult=1 OBSERVE_NATIVE=1
CORE RAW55_QUICK_CALLBACK_BOUNDARY Actor=Troll C1=14 SameC1=1 Action=5->5 Phase=1->1 StateTime=0.681710->0.681710 StatePosition=1->1 MotionBefore=Troll_Stand_Fist_Fist_P0_QuickAttackL_Hit_N_Fwd_00_%_00_P0_100.xmot MotionAfter=Troll_Stand_Fist_Fist_P0_QuickAttackL_Hit_N_Fwd_00_%_00_P0_100.xmot Right=TrollFist RightUseType=55 RightGroup=7->7 NativeResult=1 OBSERVE_NATIVE=1
CORE RAW55_QUICK_CALLBACK_BOUNDARY Actor=Troll C1=14 SameC1=1 Action=5->5 Phase=1->1 StateTime=0.690044->0.690044 StatePosition=1->1 MotionBefore=Troll_Stand_Fist_Fist_P0_QuickAttackL_Hit_N_Fwd_00_%_00_P0_100.xmot MotionAfter=Troll_Stand_Fist_Fist_P0_QuickAttackL_Hit_N_Fwd_00_%_00_P0_100.xmot Right=TrollFist RightUseType=55 RightGroup=7->7 NativeResult=1 OBSERVE_NATIVE=1
CORE RAW55_QUICK_CALLBACK_BOUNDARY Actor=Troll C1=14 SameC1=1 Action=5->5 Phase=1->1 StateTime=0.698377->0.698377 StatePosition=1->1 MotionBefore=Troll_Stand_Fist_Fist_P0_QuickAttackL_Hit_N_Fwd_00_%_00_P0_100.xmot MotionAfter=Troll_Stand_Fist_Fist_P0_QuickAttackL_Hit_N_Fwd_00_%_00_P0_100.xmot Right=TrollFist RightUseType=55 RightGroup=7->7 NativeResult=1 OBSERVE_NATIVE=1
CORE RAW55_QUICK_CALLBACK_BOUNDARY Actor=Troll C1=14 SameC1=1 Action=5->5 Phase=1->1 StateTime=0.708318->0.708318 StatePosition=1->1 MotionBefore=Troll_Stand_Fist_Fist_P0_QuickAttackL_Hit_N_Fwd_00_%_00_P0_100.xmot MotionAfter=Troll_Stand_Fist_Fist_P0_QuickAttackL_Hit_N_Fwd_00_%_00_P0_100.xmot Right=TrollFist RightUseType=55 RightGroup=7->7 NativeResult=1 OBSERVE_NATIVE=1
CORE RAW55_QUICK_CALLBACK_BOUNDARY Actor=Troll C1=14 SameC1=1 Action=5->5 Phase=1->1 StateTime=0.716652->0.716652 StatePosition=1->1 MotionBefore=Troll_Stand_Fist_Fist_P0_QuickAttackL_Hit_N_Fwd_00_%_00_P0_100.xmot MotionAfter=Troll_Stand_Fist_Fist_P0_QuickAttackL_Hit_N_Fwd_00_%_00_P0_100.xmot Right=TrollFist RightUseType=55 RightGroup=7->7 NativeResult=1 OBSERVE_NATIVE=1
CORE RAW55_QUICK_CALLBACK_BOUNDARY Actor=Troll C1=14 SameC1=1 Action=5->5 Phase=1->1 StateTime=0.725608->0.725608 StatePosition=1->1 MotionBefore=Troll_Stand_Fist_Fist_P0_QuickAttackL_Hit_N_Fwd_00_%_00_P0_100.xmot MotionAfter=Troll_Stand_Fist_Fist_P0_QuickAttackL_Hit_N_Fwd_00_%_00_P0_100.xmot Right=TrollFist RightUseType=55 RightGroup=7->7 NativeResult=1 OBSERVE_NATIVE=1
CORE RAW55_QUICK_CALLBACK_BOUNDARY Actor=Troll C1=14 SameC1=1 Action=5->5 Phase=1->1 StateTime=0.733942->0.733942 StatePosition=1->1 MotionBefore=Troll_Stand_Fist_Fist_P0_QuickAttackL_Hit_N_Fwd_00_%_00_P0_100.xmot MotionAfter=Troll_Stand_Fist_Fist_P0_QuickAttackL_Hit_N_Fwd_00_%_00_P0_100.xmot Right=TrollFist RightUseType=55 RightGroup=7->7 NativeResult=1 OBSERVE_NATIVE=1
CORE ONDAMAGE ElapsedMs=34005.870 Ordinal=9 Target=PC_Hero Arg1=PC_Hero Arg2=PC_Hero Caller=Game.dll+0x00069484 PlayerAction=0 PlayerPhase=5 PlayerMotion=Hero_Stand_None_None_P0_Ambient_Loop_N_Fwd_01_%_00_P0_0.xmot Raw8Fist=<none> Raw8UseType=-1 Raw8Group=-1
CORE RAW55_QUICK_CALLBACK_BOUNDARY Actor=Troll C1=14 SameC1=1 Action=5->5 Phase=1->1 StateTime=0.742898->0.742898 StatePosition=1->1 MotionBefore=Troll_Stand_Fist_Fist_P0_QuickAttackL_Hit_N_Fwd_00_%_00_P0_100.xmot MotionAfter=Troll_Stand_Fist_Fist_P0_QuickAttackL_Hit_N_Fwd_00_%_00_P0_100.xmot Right=TrollFist RightUseType=55 RightGroup=7->7 NativeResult=1 OBSERVE_NATIVE=1
CORE C1_START ElapsedMs=34011.858 Actor=PC_Hero Generation=15 Status=CANDIDATE Outstanding=0 TrackedSources=0 ReplacedGeneration=0 ReplacedOutstanding=0
CORE C1_BIND ElapsedMs=34011.866 Event=COMBAT_MOVE_CANDIDATE_BOUND Actor=PC_Hero Generation=15 Status=CANDIDATE Outstanding=0 Source=<null> Script=_AI_Stumble
CORE C1_STATUS ElapsedMs=34011.919 Event=PERSISTED Actor=PC_Hero Generation=15 Status=PERSISTED Outstanding=0
CORE RAW55_QUICK_CALLBACK_BOUNDARY Actor=Troll C1=14 SameC1=1 Action=5->5 Phase=1->1 StateTime=0.751231->0.751231 StatePosition=1->1 MotionBefore=Troll_Stand_Fist_Fist_P0_QuickAttackL_Hit_N_Fwd_00_%_00_P0_100.xmot MotionAfter=Troll_Stand_Fist_Fist_P0_QuickAttackL_Hit_N_Fwd_00_%_00_P0_100.xmot Right=TrollFist RightUseType=55 RightGroup=7->7 NativeResult=1 OBSERVE_NATIVE=1
CORE RAW55_QUICK_CALLBACK_BOUNDARY Actor=Troll C1=14 SameC1=1 Action=5->5 Phase=1->1 StateTime=0.761187->0.761187 StatePosition=1->1 MotionBefore=Troll_Stand_Fist_Fist_P0_QuickAttackL_Hit_N_Fwd_00_%_00_P0_100.xmot MotionAfter=Troll_Stand_Fist_Fist_P0_QuickAttackL_Hit_N_Fwd_00_%_00_P0_100.xmot Right=TrollFist RightUseType=55 RightGroup=7->7 NativeResult=1 OBSERVE_NATIVE=1
CORE RAW55_QUICK_CALLBACK_BOUNDARY Actor=Troll C1=14 SameC1=1 Action=5->5 Phase=1->1 StateTime=0.769521->0.769521 StatePosition=1->1 MotionBefore=Troll_Stand_Fist_Fist_P0_QuickAttackL_Hit_N_Fwd_00_%_00_P0_100.xmot MotionAfter=Troll_Stand_Fist_Fist_P0_QuickAttackL_Hit_N_Fwd_00_%_00_P0_100.xmot Right=TrollFist RightUseType=55 RightGroup=7->7 NativeResult=1 OBSERVE_NATIVE=1
CORE RAW55_QUICK_CALLBACK_BOUNDARY Actor=Troll C1=14 SameC1=1 Action=5->5 Phase=1->1 StateTime=0.778477->0.778477 StatePosition=1->1 MotionBefore=Troll_Stand_Fist_Fist_P0_QuickAttackL_Hit_N_Fwd_00_%_00_P0_100.xmot MotionAfter=Troll_Stand_Fist_Fist_P0_QuickAttackL_Hit_N_Fwd_00_%_00_P0_100.xmot Right=TrollFist RightUseType=55 RightGroup=7->7 NativeResult=1 OBSERVE_NATIVE=1
CORE RAW55_QUICK_CALLBACK_BOUNDARY Actor=Troll C1=14 SameC1=1 Action=5->5 Phase=1->1 StateTime=0.786810->0.786810 StatePosition=1->1 MotionBefore=Troll_Stand_Fist_Fist_P0_QuickAttackL_Hit_N_Fwd_00_%_00_P0_100.xmot MotionAfter=Troll_Stand_Fist_Fist_P0_QuickAttackL_Hit_N_Fwd_00_%_00_P0_100.xmot Right=TrollFist RightUseType=55 RightGroup=7->7 NativeResult=1 OBSERVE_NATIVE=1
CORE RAW55_QUICK_CALLBACK_BOUNDARY Actor=Troll C1=14 SameC1=1 Action=5->5 Phase=1->1 StateTime=0.795144->0.795144 StatePosition=1->1 MotionBefore=Troll_Stand_Fist_Fist_P0_QuickAttackL_Hit_N_Fwd_00_%_00_P0_100.xmot MotionAfter=Troll_Stand_Fist_Fist_P0_QuickAttackL_Hit_N_Fwd_00_%_00_P0_100.xmot Right=TrollFist RightUseType=55 RightGroup=7->7 NativeResult=1 OBSERVE_NATIVE=1
CORE COLLISION_GROUP ElapsedMs=34064.565 Source=TrollFist UseType=55 Owner=Troll Slot=RIGHT Requested=5 Before=7 After=5 MarkerBitsRetired=0
CORE C1 CLEANUP FULFILLED ElapsedMs=34064.594 Actor=Troll Generation=14 Status=PERSISTED Source=TrollFist Side=RIGHT Requests=2 Outstanding=0 CleanupObserved=1 Group=5
CORE C1_FINAL ElapsedMs=34157.668 Actor=Troll Generation=14 Status=PERSISTED SourceCount=2 PhysicalChanged=0 Source[0]=TrollFist Side=RIGHT Outstanding=0 Cleanup=1 Outcome=NO_OP_NO_OUTSTANDING Source[1]=TrollFist Side=LEFT Outstanding=0 Cleanup=0 Outcome=NO_OP_NO_OUTSTANDING
CORE C1_FINAL ElapsedMs=34288.935 Actor=PC_Hero Generation=15 Status=PERSISTED SourceCount=0 PhysicalChanged=0
CORE C1_START ElapsedMs=35323.950 Actor=Troll Generation=16 Status=CANDIDATE Outstanding=0 TrackedSources=2 ReplacedGeneration=0 ReplacedOutstanding=0 Source[0]=TrollFist Side=RIGHT Group=5 Source[1]=TrollFist Side=LEFT Group=5
CORE C1_BIND ElapsedMs=35323.964 Event=COMBAT_MOVE_CANDIDATE_BOUND Actor=Troll Generation=16 Status=CANDIDATE Outstanding=0 Source=<null> Script=_AI_QuickAttack
CORE C1_STATUS ElapsedMs=35324.030 Event=PERSISTED Actor=Troll Generation=16 Status=PERSISTED Outstanding=0
CORE ATTACK_OWNERSHIP ElapsedMs=35324.047 Actor=Troll Family=QUICK Action=4 Phase=1 Motion=Troll_Stand_Fist_Fist_P0_QuickAttackR_Hit_N_Fwd_00_%_00_P0_100.xmot MarkerPresent=1 RequiredMask=0 FistMarkers=1 Raw8Fist=<none> Raw8UseType=-1 SuppressNative=0 Classification=CONTRADICTION
===== CORE ATTACK OWNERSHIP ANOMALY =====
MatchingMotionFound: 1
MarkerScanValid: 1
RequiredSourcesAvailable: 1
RightSourceSlot: RIGHT
RightSourceName: TrollFist
RightSourceUseType: 55
RightSourceCollisionGroup: 5
LeftSourceSlot: LEFT
LeftSourceName: TrollFist
LeftSourceUseType: 55
LeftSourceCollisionGroup: 5
Raw8FistSourceName: <none>
Raw8FistSourceUseType: -1
Raw8FistSourceCollisionGroup: -1
=========================================

CORE RAW55_QUICK_CALLBACK_BOUNDARY Actor=Troll C1=16 SameC1=1 Action=4->4 Phase=1->1 StateTime=0.000000->0.000000 StatePosition=0->0 MotionBefore=Troll_Stand_Fist_Fist_P0_QuickAttackR_Hit_N_Fwd_00_%_00_P0_100.xmot MotionAfter=Troll_Stand_Fist_Fist_P0_QuickAttackR_Hit_N_Fwd_00_%_00_P0_100.xmot Right=TrollFist RightUseType=55 RightGroup=5->5 NativeResult=1 OBSERVE_NATIVE=1
CORE RAW55_QUICK_CALLBACK_BOUNDARY Actor=Troll C1=16 SameC1=1 Action=4->4 Phase=1->1 StateTime=0.008333->0.008333 StatePosition=0->0 MotionBefore=Troll_Stand_Fist_Fist_P0_QuickAttackR_Hit_N_Fwd_00_%_00_P0_100.xmot MotionAfter=Troll_Stand_Fist_Fist_P0_QuickAttackR_Hit_N_Fwd_00_%_00_P0_100.xmot Right=TrollFist RightUseType=55 RightGroup=5->5 NativeResult=1 OBSERVE_NATIVE=1
CORE RAW55_QUICK_CALLBACK_BOUNDARY Actor=Troll C1=16 SameC1=1 Action=4->4 Phase=1->1 StateTime=0.017304->0.017304 StatePosition=0->0 MotionBefore=Troll_Stand_Fist_Fist_P0_QuickAttackR_Hit_N_Fwd_00_%_00_P0_100.xmot MotionAfter=Troll_Stand_Fist_Fist_P0_QuickAttackR_Hit_N_Fwd_00_%_00_P0_100.xmot Right=TrollFist RightUseType=55 RightGroup=5->5 NativeResult=1 OBSERVE_NATIVE=1
CORE RAW55_QUICK_CALLBACK_BOUNDARY Actor=Troll C1=16 SameC1=1 Action=4->4 Phase=1->1 StateTime=0.025637->0.025637 StatePosition=0->0 MotionBefore=Troll_Stand_Fist_Fist_P0_QuickAttackR_Hit_N_Fwd_00_%_00_P0_100.xmot MotionAfter=Troll_Stand_Fist_Fist_P0_QuickAttackR_Hit_N_Fwd_00_%_00_P0_100.xmot Right=TrollFist RightUseType=55 RightGroup=5->5 NativeResult=1 OBSERVE_NATIVE=1
CORE RAW55_QUICK_CALLBACK_BOUNDARY Actor=Troll C1=16 SameC1=1 Action=4->4 Phase=1->1 StateTime=0.034608->0.034608 StatePosition=0->0 MotionBefore=Troll_Stand_Fist_Fist_P0_QuickAttackR_Hit_N_Fwd_00_%_00_P0_100.xmot MotionAfter=Troll_Stand_Fist_Fist_P0_QuickAttackR_Hit_N_Fwd_00_%_00_P0_100.xmot Right=TrollFist RightUseType=55 RightGroup=5->5 NativeResult=1 OBSERVE_NATIVE=1
===== CORE MARKER ANOMALY / DISCOVERY =====
ElapsedMs: 35355.647
Actor: Troll
Action: 4
Family: QUICK
AniPhase: 1
StatePosition: 0
CurrentMovementAni: Troll_Stand_Fist_Fist_P0_QuickAttackR_Hit_N_Fwd_00_%_00_P0_100.xmot
MarkerName: G3AB_COL_FIST
MarkerOpcode: FIST
Result: UNSUPPORTED_MISSING_SOURCE
C1GenerationValid: 1
C1Generation: 16
RequiredSourceMask: 0
MissingSourceMask: 0
RightSourceSlot: RIGHT
RightSourceName: TrollFist
RightSourceUseType: 55
RightSourceCollisionGroup: 5
LeftSourceSlot: LEFT
LeftSourceName: TrollFist
LeftSourceUseType: 55
LeftSourceCollisionGroup: 5
Raw8FistSourceName: <none>
Raw8FistSourceUseType: -1
Raw8FistSourceCollisionGroup: -1
===========================================

CORE COLLISION_GROUP ElapsedMs=35355.685 Source=TrollFist UseType=55 Owner=Troll Slot=RIGHT Requested=7 Before=5 After=7 MarkerBitsRetired=0
CORE C1 OFFENSE REQUEST ElapsedMs=35355.694 Actor=Troll Generation=16 Status=PERSISTED Source=TrollFist Side=RIGHT Requests=1 Outstanding=1 CleanupObserved=0 Group=7
CORE RAW55_QUICK_PRESTATE_FIST_PROBE Actor=Troll C1=16 Action=4 StatePosition=0 StateTime=0.042942 Right=TrollFist RightUseType=55 GroupBefore=5 RequestedGroup=7 GroupAfter=7 ClearTriggeredList=1 PRESTATE_FIST=1
CORE RAW55_QUICK_CALLBACK_BOUNDARY Actor=Troll C1=16 SameC1=1 Action=4->4 Phase=1->1 StateTime=0.042942->0.042942 StatePosition=0->0 MotionBefore=Troll_Stand_Fist_Fist_P0_QuickAttackR_Hit_N_Fwd_00_%_00_P0_100.xmot MotionAfter=Troll_Stand_Fist_Fist_P0_QuickAttackR_Hit_N_Fwd_00_%_00_P0_100.xmot Right=TrollFist RightUseType=55 RightGroup=7->7 NativeResult=1 OBSERVE_NATIVE=1
CORE RAW55_QUICK_CALLBACK_BOUNDARY Actor=Troll C1=16 SameC1=1 Action=4->4 Phase=1->1 StateTime=0.051898->0.051898 StatePosition=0->0 MotionBefore=Troll_Stand_Fist_Fist_P0_QuickAttackR_Hit_N_Fwd_00_%_00_P0_100.xmot MotionAfter=Troll_Stand_Fist_Fist_P0_QuickAttackR_Hit_N_Fwd_00_%_00_P0_100.xmot Right=TrollFist RightUseType=55 RightGroup=7->7 NativeResult=1 OBSERVE_NATIVE=1
CORE RAW55_QUICK_CALLBACK_BOUNDARY Actor=Troll C1=16 SameC1=1 Action=4->4 Phase=1->1 StateTime=0.060231->0.060231 StatePosition=0->0 MotionBefore=Troll_Stand_Fist_Fist_P0_QuickAttackR_Hit_N_Fwd_00_%_00_P0_100.xmot MotionAfter=Troll_Stand_Fist_Fist_P0_QuickAttackR_Hit_N_Fwd_00_%_00_P0_100.xmot Right=TrollFist RightUseType=55 RightGroup=7->7 NativeResult=1 OBSERVE_NATIVE=1
CORE RAW55_QUICK_CALLBACK_BOUNDARY Actor=Troll C1=16 SameC1=1 Action=4->4 Phase=1->1 StateTime=0.068564->0.068564 StatePosition=0->0 MotionBefore=Troll_Stand_Fist_Fist_P0_QuickAttackR_Hit_N_Fwd_00_%_00_P0_100.xmot MotionAfter=Troll_Stand_Fist_Fist_P0_QuickAttackR_Hit_N_Fwd_00_%_00_P0_100.xmot Right=TrollFist RightUseType=55 RightGroup=7->7 NativeResult=1 OBSERVE_NATIVE=1
CORE RAW55_QUICK_CALLBACK_BOUNDARY Actor=Troll C1=16 SameC1=1 Action=4->4 Phase=1->1 StateTime=0.076898->0.076898 StatePosition=0->0 MotionBefore=Troll_Stand_Fist_Fist_P0_QuickAttackR_Hit_N_Fwd_00_%_00_P0_100.xmot MotionAfter=Troll_Stand_Fist_Fist_P0_QuickAttackR_Hit_N_Fwd_00_%_00_P0_100.xmot Right=TrollFist RightUseType=55 RightGroup=7->7 NativeResult=1 OBSERVE_NATIVE=1
CORE RAW55_QUICK_CALLBACK_BOUNDARY Actor=Troll C1=16 SameC1=1 Action=4->4 Phase=1->1 StateTime=0.085868->0.085868 StatePosition=0->0 MotionBefore=Troll_Stand_Fist_Fist_P0_QuickAttackR_Hit_N_Fwd_00_%_00_P0_100.xmot MotionAfter=Troll_Stand_Fist_Fist_P0_QuickAttackR_Hit_N_Fwd_00_%_00_P0_100.xmot Right=TrollFist RightUseType=55 RightGroup=7->7 NativeResult=1 OBSERVE_NATIVE=1
CORE RAW55_QUICK_CALLBACK_BOUNDARY Actor=Troll C1=16 SameC1=1 Action=4->4 Phase=1->1 StateTime=0.094202->0.094202 StatePosition=0->0 MotionBefore=Troll_Stand_Fist_Fist_P0_QuickAttackR_Hit_N_Fwd_00_%_00_P0_100.xmot MotionAfter=Troll_Stand_Fist_Fist_P0_QuickAttackR_Hit_N_Fwd_00_%_00_P0_100.xmot Right=TrollFist RightUseType=55 RightGroup=7->7 NativeResult=1 OBSERVE_NATIVE=1
CORE COLLISION_GROUP ElapsedMs=35419.044 Source=TrollFist UseType=55 Owner=Troll Slot=RIGHT Requested=7 Before=7 After=7 MarkerBitsRetired=0
CORE C1 OFFENSE REQUEST ElapsedMs=35419.077 Actor=Troll Generation=16 Status=PERSISTED Source=TrollFist Side=RIGHT Requests=2 Outstanding=1 CleanupObserved=0 Group=7
CORE RAW55_QUICK_CALLBACK_BOUNDARY Actor=Troll C1=16 SameC1=1 Action=4->4 Phase=1->1 StateTime=0.104143->0.104143 StatePosition=0->1 MotionBefore=Troll_Stand_Fist_Fist_P0_QuickAttackR_Hit_N_Fwd_00_%_00_P0_100.xmot MotionAfter=Troll_Stand_Fist_Fist_P0_QuickAttackR_Hit_N_Fwd_00_%_00_P0_100.xmot Right=TrollFist RightUseType=55 RightGroup=7->7 NativeResult=1 OBSERVE_NATIVE=1
CORE RAW55_QUICK_CALLBACK_BOUNDARY Actor=Troll C1=16 SameC1=1 Action=4->4 Phase=1->1 StateTime=0.112477->0.112477 StatePosition=1->1 MotionBefore=Troll_Stand_Fist_Fist_P0_QuickAttackR_Hit_N_Fwd_00_%_00_P0_100.xmot MotionAfter=Troll_Stand_Fist_Fist_P0_QuickAttackR_Hit_N_Fwd_00_%_00_P0_100.xmot Right=TrollFist RightUseType=55 RightGroup=7->7 NativeResult=1 OBSERVE_NATIVE=1
CORE RAW55_QUICK_CALLBACK_BOUNDARY Actor=Troll C1=16 SameC1=1 Action=4->4 Phase=1->1 StateTime=0.122433->0.122433 StatePosition=1->1 MotionBefore=Troll_Stand_Fist_Fist_P0_QuickAttackR_Hit_N_Fwd_00_%_00_P0_100.xmot MotionAfter=Troll_Stand_Fist_Fist_P0_QuickAttackR_Hit_N_Fwd_00_%_00_P0_100.xmot Right=TrollFist RightUseType=55 RightGroup=7->7 NativeResult=1 OBSERVE_NATIVE=1
CORE RAW55_QUICK_CALLBACK_BOUNDARY Actor=Troll C1=16 SameC1=1 Action=4->4 Phase=1->1 StateTime=0.130766->0.130766 StatePosition=1->1 MotionBefore=Troll_Stand_Fist_Fist_P0_QuickAttackR_Hit_N_Fwd_00_%_00_P0_100.xmot MotionAfter=Troll_Stand_Fist_Fist_P0_QuickAttackR_Hit_N_Fwd_00_%_00_P0_100.xmot Right=TrollFist RightUseType=55 RightGroup=7->7 NativeResult=1 OBSERVE_NATIVE=1
CORE RAW55_QUICK_CALLBACK_BOUNDARY Actor=Troll C1=16 SameC1=1 Action=4->4 Phase=1->1 StateTime=0.140708->0.140708 StatePosition=1->1 MotionBefore=Troll_Stand_Fist_Fist_P0_QuickAttackR_Hit_N_Fwd_00_%_00_P0_100.xmot MotionAfter=Troll_Stand_Fist_Fist_P0_QuickAttackR_Hit_N_Fwd_00_%_00_P0_100.xmot Right=TrollFist RightUseType=55 RightGroup=7->7 NativeResult=1 OBSERVE_NATIVE=1
CORE RAW55_QUICK_CALLBACK_BOUNDARY Actor=Troll C1=16 SameC1=1 Action=4->4 Phase=1->1 StateTime=0.149041->0.149041 StatePosition=1->1 MotionBefore=Troll_Stand_Fist_Fist_P0_QuickAttackR_Hit_N_Fwd_00_%_00_P0_100.xmot MotionAfter=Troll_Stand_Fist_Fist_P0_QuickAttackR_Hit_N_Fwd_00_%_00_P0_100.xmot Right=TrollFist RightUseType=55 RightGroup=7->7 NativeResult=1 OBSERVE_NATIVE=1
CORE RAW55_QUICK_CALLBACK_BOUNDARY Actor=Troll C1=16 SameC1=1 Action=4->4 Phase=1->1 StateTime=0.158997->0.158997 StatePosition=1->1 MotionBefore=Troll_Stand_Fist_Fist_P0_QuickAttackR_Hit_N_Fwd_00_%_00_P0_100.xmot MotionAfter=Troll_Stand_Fist_Fist_P0_QuickAttackR_Hit_N_Fwd_00_%_00_P0_100.xmot Right=TrollFist RightUseType=55 RightGroup=7->7 NativeResult=1 OBSERVE_NATIVE=1
CORE RAW55_QUICK_CALLBACK_BOUNDARY Actor=Troll C1=16 SameC1=1 Action=4->4 Phase=1->1 StateTime=0.167331->0.167331 StatePosition=1->1 MotionBefore=Troll_Stand_Fist_Fist_P0_QuickAttackR_Hit_N_Fwd_00_%_00_P0_100.xmot MotionAfter=Troll_Stand_Fist_Fist_P0_QuickAttackR_Hit_N_Fwd_00_%_00_P0_100.xmot Right=TrollFist RightUseType=55 RightGroup=7->7 NativeResult=1 OBSERVE_NATIVE=1
CORE RAW55_QUICK_CALLBACK_BOUNDARY Actor=Troll C1=16 SameC1=1 Action=4->4 Phase=1->1 StateTime=0.179257->0.179257 StatePosition=1->1 MotionBefore=Troll_Stand_Fist_Fist_P0_QuickAttackR_Hit_N_Fwd_00_%_00_P0_100.xmot MotionAfter=Troll_Stand_Fist_Fist_P0_QuickAttackR_Hit_N_Fwd_00_%_00_P0_100.xmot Right=TrollFist RightUseType=55 RightGroup=7->7 NativeResult=1 OBSERVE_NATIVE=1
CORE RAW55_QUICK_CALLBACK_BOUNDARY Actor=Troll C1=16 SameC1=1 Action=4->4 Phase=1->1 StateTime=0.187591->0.187591 StatePosition=1->1 MotionBefore=Troll_Stand_Fist_Fist_P0_QuickAttackR_Hit_N_Fwd_00_%_00_P0_100.xmot MotionAfter=Troll_Stand_Fist_Fist_P0_QuickAttackR_Hit_N_Fwd_00_%_00_P0_100.xmot Right=TrollFist RightUseType=55 RightGroup=7->7 NativeResult=1 OBSERVE_NATIVE=1
CORE RAW55_QUICK_CALLBACK_BOUNDARY Actor=Troll C1=16 SameC1=1 Action=4->4 Phase=1->1 StateTime=0.197532->0.197532 StatePosition=1->1 MotionBefore=Troll_Stand_Fist_Fist_P0_QuickAttackR_Hit_N_Fwd_00_%_00_P0_100.xmot MotionAfter=Troll_Stand_Fist_Fist_P0_QuickAttackR_Hit_N_Fwd_00_%_00_P0_100.xmot Right=TrollFist RightUseType=55 RightGroup=7->7 NativeResult=1 OBSERVE_NATIVE=1
CORE RAW55_QUICK_CALLBACK_BOUNDARY Actor=Troll C1=16 SameC1=1 Action=4->4 Phase=1->1 StateTime=0.210494->0.210494 StatePosition=1->1 MotionBefore=Troll_Stand_Fist_Fist_P0_QuickAttackR_Hit_N_Fwd_00_%_00_P0_100.xmot MotionAfter=Troll_Stand_Fist_Fist_P0_QuickAttackR_Hit_N_Fwd_00_%_00_P0_100.xmot Right=TrollFist RightUseType=55 RightGroup=7->7 NativeResult=1 OBSERVE_NATIVE=1
CORE RAW55_QUICK_CALLBACK_BOUNDARY Actor=Troll C1=16 SameC1=1 Action=4->4 Phase=1->1 StateTime=0.218828->0.218828 StatePosition=1->1 MotionBefore=Troll_Stand_Fist_Fist_P0_QuickAttackR_Hit_N_Fwd_00_%_00_P0_100.xmot MotionAfter=Troll_Stand_Fist_Fist_P0_QuickAttackR_Hit_N_Fwd_00_%_00_P0_100.xmot Right=TrollFist RightUseType=55 RightGroup=7->7 NativeResult=1 OBSERVE_NATIVE=1
CORE RAW55_QUICK_CALLBACK_BOUNDARY Actor=Troll C1=16 SameC1=1 Action=4->4 Phase=1->1 StateTime=0.227161->0.227161 StatePosition=1->1 MotionBefore=Troll_Stand_Fist_Fist_P0_QuickAttackR_Hit_N_Fwd_00_%_00_P0_100.xmot MotionAfter=Troll_Stand_Fist_Fist_P0_QuickAttackR_Hit_N_Fwd_00_%_00_P0_100.xmot Right=TrollFist RightUseType=55 RightGroup=7->7 NativeResult=1 OBSERVE_NATIVE=1
CORE RAW55_QUICK_CALLBACK_BOUNDARY Actor=Troll C1=16 SameC1=1 Action=4->4 Phase=1->1 StateTime=0.237131->0.237131 StatePosition=1->1 MotionBefore=Troll_Stand_Fist_Fist_P0_QuickAttackR_Hit_N_Fwd_00_%_00_P0_100.xmot MotionAfter=Troll_Stand_Fist_Fist_P0_QuickAttackR_Hit_N_Fwd_00_%_00_P0_100.xmot Right=TrollFist RightUseType=55 RightGroup=7->7 NativeResult=1 OBSERVE_NATIVE=1
CORE RAW55_QUICK_CALLBACK_BOUNDARY Actor=Troll C1=16 SameC1=1 Action=4->4 Phase=1->1 StateTime=0.245465->0.245465 StatePosition=1->1 MotionBefore=Troll_Stand_Fist_Fist_P0_QuickAttackR_Hit_N_Fwd_00_%_00_P0_100.xmot MotionAfter=Troll_Stand_Fist_Fist_P0_QuickAttackR_Hit_N_Fwd_00_%_00_P0_100.xmot Right=TrollFist RightUseType=55 RightGroup=7->7 NativeResult=1 OBSERVE_NATIVE=1
CORE RAW55_QUICK_CALLBACK_BOUNDARY Actor=Troll C1=16 SameC1=1 Action=4->4 Phase=1->1 StateTime=0.253798->0.253798 StatePosition=1->1 MotionBefore=Troll_Stand_Fist_Fist_P0_QuickAttackR_Hit_N_Fwd_00_%_00_P0_100.xmot MotionAfter=Troll_Stand_Fist_Fist_P0_QuickAttackR_Hit_N_Fwd_00_%_00_P0_100.xmot Right=TrollFist RightUseType=55 RightGroup=7->7 NativeResult=1 OBSERVE_NATIVE=1
CORE RAW55_QUICK_CALLBACK_BOUNDARY Actor=Troll C1=16 SameC1=1 Action=4->4 Phase=1->1 StateTime=0.262131->0.262131 StatePosition=1->1 MotionBefore=Troll_Stand_Fist_Fist_P0_QuickAttackR_Hit_N_Fwd_00_%_00_P0_100.xmot MotionAfter=Troll_Stand_Fist_Fist_P0_QuickAttackR_Hit_N_Fwd_00_%_00_P0_100.xmot Right=TrollFist RightUseType=55 RightGroup=7->7 NativeResult=1 OBSERVE_NATIVE=1
CORE RAW55_QUICK_CALLBACK_BOUNDARY Actor=Troll C1=16 SameC1=1 Action=4->4 Phase=1->1 StateTime=0.270465->0.270465 StatePosition=1->1 MotionBefore=Troll_Stand_Fist_Fist_P0_QuickAttackR_Hit_N_Fwd_00_%_00_P0_100.xmot MotionAfter=Troll_Stand_Fist_Fist_P0_QuickAttackR_Hit_N_Fwd_00_%_00_P0_100.xmot Right=TrollFist RightUseType=55 RightGroup=7->7 NativeResult=1 OBSERVE_NATIVE=1
CORE RAW55_QUICK_CALLBACK_BOUNDARY Actor=Troll C1=16 SameC1=1 Action=4->4 Phase=1->1 StateTime=0.278798->0.278798 StatePosition=1->1 MotionBefore=Troll_Stand_Fist_Fist_P0_QuickAttackR_Hit_N_Fwd_00_%_00_P0_100.xmot MotionAfter=Troll_Stand_Fist_Fist_P0_QuickAttackR_Hit_N_Fwd_00_%_00_P0_100.xmot Right=TrollFist RightUseType=55 RightGroup=7->7 NativeResult=1 OBSERVE_NATIVE=1
CORE RAW55_QUICK_CALLBACK_BOUNDARY Actor=Troll C1=16 SameC1=1 Action=4->4 Phase=1->1 StateTime=0.287131->0.287131 StatePosition=1->1 MotionBefore=Troll_Stand_Fist_Fist_P0_QuickAttackR_Hit_N_Fwd_00_%_00_P0_100.xmot MotionAfter=Troll_Stand_Fist_Fist_P0_QuickAttackR_Hit_N_Fwd_00_%_00_P0_100.xmot Right=TrollFist RightUseType=55 RightGroup=7->7 NativeResult=1 OBSERVE_NATIVE=1
CORE ONDAMAGE ElapsedMs=35589.518 Ordinal=10 Target=PC_Hero Arg1=PC_Hero Arg2=PC_Hero Caller=Game.dll+0x00069484 PlayerAction=0 PlayerPhase=8 PlayerMotion=Hero_Stand_None_None_P0_Move_Walk_N_Fwd_00_%_00_P0_160.xmot Raw8Fist=<none> Raw8UseType=-1 Raw8Group=-1
CORE RAW55_QUICK_CALLBACK_BOUNDARY Actor=Troll C1=16 SameC1=1 Action=4->4 Phase=1->1 StateTime=0.295465->0.295465 StatePosition=1->1 MotionBefore=Troll_Stand_Fist_Fist_P0_QuickAttackR_Hit_N_Fwd_00_%_00_P0_100.xmot MotionAfter=Troll_Stand_Fist_Fist_P0_QuickAttackR_Hit_N_Fwd_00_%_00_P0_100.xmot Right=TrollFist RightUseType=55 RightGroup=7->7 NativeResult=1 OBSERVE_NATIVE=1
CORE C1_START ElapsedMs=35594.293 Actor=PC_Hero Generation=17 Status=CANDIDATE Outstanding=0 TrackedSources=0 ReplacedGeneration=0 ReplacedOutstanding=0
CORE C1_BIND ElapsedMs=35594.299 Event=COMBAT_MOVE_CANDIDATE_BOUND Actor=PC_Hero Generation=17 Status=CANDIDATE Outstanding=0 Source=<null> Script=_AI_Stumble
CORE C1_STATUS ElapsedMs=35594.353 Event=PERSISTED Actor=PC_Hero Generation=17 Status=PERSISTED Outstanding=0
CORE RAW55_QUICK_CALLBACK_BOUNDARY Actor=Troll C1=16 SameC1=1 Action=4->4 Phase=1->1 StateTime=0.303798->0.303798 StatePosition=1->1 MotionBefore=Troll_Stand_Fist_Fist_P0_QuickAttackR_Hit_N_Fwd_00_%_00_P0_100.xmot MotionAfter=Troll_Stand_Fist_Fist_P0_QuickAttackR_Hit_N_Fwd_00_%_00_P0_100.xmot Right=TrollFist RightUseType=55 RightGroup=7->7 NativeResult=1 OBSERVE_NATIVE=1
CORE RAW55_QUICK_CALLBACK_BOUNDARY Actor=Troll C1=16 SameC1=1 Action=4->4 Phase=1->1 StateTime=0.312131->0.312131 StatePosition=1->1 MotionBefore=Troll_Stand_Fist_Fist_P0_QuickAttackR_Hit_N_Fwd_00_%_00_P0_100.xmot MotionAfter=Troll_Stand_Fist_Fist_P0_QuickAttackR_Hit_N_Fwd_00_%_00_P0_100.xmot Right=TrollFist RightUseType=55 RightGroup=7->7 NativeResult=1 OBSERVE_NATIVE=1
CORE RAW55_QUICK_CALLBACK_BOUNDARY Actor=Troll C1=16 SameC1=1 Action=4->4 Phase=1->1 StateTime=0.320465->0.320465 StatePosition=1->1 MotionBefore=Troll_Stand_Fist_Fist_P0_QuickAttackR_Hit_N_Fwd_00_%_00_P0_100.xmot MotionAfter=Troll_Stand_Fist_Fist_P0_QuickAttackR_Hit_N_Fwd_00_%_00_P0_100.xmot Right=TrollFist RightUseType=55 RightGroup=7->7 NativeResult=1 OBSERVE_NATIVE=1
CORE RAW55_QUICK_CALLBACK_BOUNDARY Actor=Troll C1=16 SameC1=1 Action=4->4 Phase=1->1 StateTime=0.330406->0.330406 StatePosition=1->1 MotionBefore=Troll_Stand_Fist_Fist_P0_QuickAttackR_Hit_N_Fwd_00_%_00_P0_100.xmot MotionAfter=Troll_Stand_Fist_Fist_P0_QuickAttackR_Hit_N_Fwd_00_%_00_P0_100.xmot Right=TrollFist RightUseType=55 RightGroup=7->7 NativeResult=1 OBSERVE_NATIVE=1
CORE RAW55_QUICK_CALLBACK_BOUNDARY Actor=Troll C1=16 SameC1=1 Action=4->4 Phase=1->1 StateTime=0.338739->0.338739 StatePosition=1->1 MotionBefore=Troll_Stand_Fist_Fist_P0_QuickAttackR_Hit_N_Fwd_00_%_00_P0_100.xmot MotionAfter=Troll_Stand_Fist_Fist_P0_QuickAttackR_Hit_N_Fwd_00_%_00_P0_100.xmot Right=TrollFist RightUseType=55 RightGroup=7->7 NativeResult=1 OBSERVE_NATIVE=1
CORE RAW55_QUICK_CALLBACK_BOUNDARY Actor=Troll C1=16 SameC1=1 Action=4->4 Phase=1->1 StateTime=0.347073->0.347073 StatePosition=1->1 MotionBefore=Troll_Stand_Fist_Fist_P0_QuickAttackR_Hit_N_Fwd_00_%_00_P0_100.xmot MotionAfter=Troll_Stand_Fist_Fist_P0_QuickAttackR_Hit_N_Fwd_00_%_00_P0_100.xmot Right=TrollFist RightUseType=55 RightGroup=7->7 NativeResult=1 OBSERVE_NATIVE=1
CORE RAW55_QUICK_CALLBACK_BOUNDARY Actor=Troll C1=16 SameC1=1 Action=4->4 Phase=1->1 StateTime=0.356029->0.356029 StatePosition=1->1 MotionBefore=Troll_Stand_Fist_Fist_P0_QuickAttackR_Hit_N_Fwd_00_%_00_P0_100.xmot MotionAfter=Troll_Stand_Fist_Fist_P0_QuickAttackR_Hit_N_Fwd_00_%_00_P0_100.xmot Right=TrollFist RightUseType=55 RightGroup=7->7 NativeResult=1 OBSERVE_NATIVE=1
CORE RAW55_QUICK_CALLBACK_BOUNDARY Actor=Troll C1=16 SameC1=1 Action=4->4 Phase=1->1 StateTime=0.364362->0.364362 StatePosition=1->1 MotionBefore=Troll_Stand_Fist_Fist_P0_QuickAttackR_Hit_N_Fwd_00_%_00_P0_100.xmot MotionAfter=Troll_Stand_Fist_Fist_P0_QuickAttackR_Hit_N_Fwd_00_%_00_P0_100.xmot Right=TrollFist RightUseType=55 RightGroup=7->7 NativeResult=1 OBSERVE_NATIVE=1
CORE RAW55_QUICK_CALLBACK_BOUNDARY Actor=Troll C1=16 SameC1=1 Action=4->4 Phase=1->1 StateTime=0.373318->0.373318 StatePosition=1->1 MotionBefore=Troll_Stand_Fist_Fist_P0_QuickAttackR_Hit_N_Fwd_00_%_00_P0_100.xmot MotionAfter=Troll_Stand_Fist_Fist_P0_QuickAttackR_Hit_N_Fwd_00_%_00_P0_100.xmot Right=TrollFist RightUseType=55 RightGroup=7->7 NativeResult=1 OBSERVE_NATIVE=1
CORE RAW55_QUICK_CALLBACK_BOUNDARY Actor=Troll C1=16 SameC1=1 Action=4->4 Phase=1->1 StateTime=0.381652->0.381652 StatePosition=1->1 MotionBefore=Troll_Stand_Fist_Fist_P0_QuickAttackR_Hit_N_Fwd_00_%_00_P0_100.xmot MotionAfter=Troll_Stand_Fist_Fist_P0_QuickAttackR_Hit_N_Fwd_00_%_00_P0_100.xmot Right=TrollFist RightUseType=55 RightGroup=7->7 NativeResult=1 OBSERVE_NATIVE=1
CORE RAW55_QUICK_CALLBACK_BOUNDARY Actor=Troll C1=16 SameC1=1 Action=4->4 Phase=1->1 StateTime=0.389985->0.389985 StatePosition=1->1 MotionBefore=Troll_Stand_Fist_Fist_P0_QuickAttackR_Hit_N_Fwd_00_%_00_P0_100.xmot MotionAfter=Troll_Stand_Fist_Fist_P0_QuickAttackR_Hit_N_Fwd_00_%_00_P0_100.xmot Right=TrollFist RightUseType=55 RightGroup=7->7 NativeResult=1 OBSERVE_NATIVE=1
CORE RAW55_QUICK_CALLBACK_BOUNDARY Actor=Troll C1=16 SameC1=1 Action=4->4 Phase=1->1 StateTime=0.398318->0.398318 StatePosition=1->1 MotionBefore=Troll_Stand_Fist_Fist_P0_QuickAttackR_Hit_N_Fwd_00_%_00_P0_100.xmot MotionAfter=Troll_Stand_Fist_Fist_P0_QuickAttackR_Hit_N_Fwd_00_%_00_P0_100.xmot Right=TrollFist RightUseType=55 RightGroup=7->7 NativeResult=1 OBSERVE_NATIVE=1
CORE RAW55_QUICK_CALLBACK_BOUNDARY Actor=Troll C1=16 SameC1=1 Action=4->4 Phase=1->1 StateTime=0.407275->0.407275 StatePosition=1->1 MotionBefore=Troll_Stand_Fist_Fist_P0_QuickAttackR_Hit_N_Fwd_00_%_00_P0_100.xmot MotionAfter=Troll_Stand_Fist_Fist_P0_QuickAttackR_Hit_N_Fwd_00_%_00_P0_100.xmot Right=TrollFist RightUseType=55 RightGroup=7->7 NativeResult=1 OBSERVE_NATIVE=1
CORE RAW55_QUICK_CALLBACK_BOUNDARY Actor=Troll C1=16 SameC1=1 Action=4->4 Phase=1->1 StateTime=0.415608->0.415608 StatePosition=1->1 MotionBefore=Troll_Stand_Fist_Fist_P0_QuickAttackR_Hit_N_Fwd_00_%_00_P0_100.xmot MotionAfter=Troll_Stand_Fist_Fist_P0_QuickAttackR_Hit_N_Fwd_00_%_00_P0_100.xmot Right=TrollFist RightUseType=55 RightGroup=7->7 NativeResult=1 OBSERVE_NATIVE=1
CORE RAW55_QUICK_CALLBACK_BOUNDARY Actor=Troll C1=16 SameC1=1 Action=4->4 Phase=1->1 StateTime=0.423941->0.423941 StatePosition=1->1 MotionBefore=Troll_Stand_Fist_Fist_P0_QuickAttackR_Hit_N_Fwd_00_%_00_P0_100.xmot MotionAfter=Troll_Stand_Fist_Fist_P0_QuickAttackR_Hit_N_Fwd_00_%_00_P0_100.xmot Right=TrollFist RightUseType=55 RightGroup=7->7 NativeResult=1 OBSERVE_NATIVE=1
CORE RAW55_QUICK_CALLBACK_BOUNDARY Actor=Troll C1=16 SameC1=1 Action=4->4 Phase=1->1 StateTime=0.432912->0.432912 StatePosition=1->1 MotionBefore=Troll_Stand_Fist_Fist_P0_QuickAttackR_Hit_N_Fwd_00_%_00_P0_100.xmot MotionAfter=Troll_Stand_Fist_Fist_P0_QuickAttackR_Hit_N_Fwd_00_%_00_P0_100.xmot Right=TrollFist RightUseType=55 RightGroup=7->7 NativeResult=1 OBSERVE_NATIVE=1
CORE RAW55_QUICK_CALLBACK_BOUNDARY Actor=Troll C1=16 SameC1=1 Action=4->4 Phase=1->1 StateTime=0.441245->0.441245 StatePosition=1->1 MotionBefore=Troll_Stand_Fist_Fist_P0_QuickAttackR_Hit_N_Fwd_00_%_00_P0_100.xmot MotionAfter=Troll_Stand_Fist_Fist_P0_QuickAttackR_Hit_N_Fwd_00_%_00_P0_100.xmot Right=TrollFist RightUseType=55 RightGroup=7->7 NativeResult=1 OBSERVE_NATIVE=1
CORE RAW55_QUICK_CALLBACK_BOUNDARY Actor=Troll C1=16 SameC1=1 Action=4->4 Phase=1->1 StateTime=0.449578->0.449578 StatePosition=1->1 MotionBefore=Troll_Stand_Fist_Fist_P0_QuickAttackR_Hit_N_Fwd_00_%_00_P0_100.xmot MotionAfter=Troll_Stand_Fist_Fist_P0_QuickAttackR_Hit_N_Fwd_00_%_00_P0_100.xmot Right=TrollFist RightUseType=55 RightGroup=7->7 NativeResult=1 OBSERVE_NATIVE=1
CORE RAW55_QUICK_CALLBACK_BOUNDARY Actor=Troll C1=16 SameC1=1 Action=4->4 Phase=1->1 StateTime=0.457912->0.457912 StatePosition=1->1 MotionBefore=Troll_Stand_Fist_Fist_P0_QuickAttackR_Hit_N_Fwd_00_%_00_P0_100.xmot MotionAfter=Troll_Stand_Fist_Fist_P0_QuickAttackR_Hit_N_Fwd_00_%_00_P0_100.xmot Right=TrollFist RightUseType=55 RightGroup=7->7 NativeResult=1 OBSERVE_NATIVE=1
CORE RAW55_QUICK_CALLBACK_BOUNDARY Actor=Troll C1=16 SameC1=1 Action=4->4 Phase=1->1 StateTime=0.466245->0.466245 StatePosition=1->1 MotionBefore=Troll_Stand_Fist_Fist_P0_QuickAttackR_Hit_N_Fwd_00_%_00_P0_100.xmot MotionAfter=Troll_Stand_Fist_Fist_P0_QuickAttackR_Hit_N_Fwd_00_%_00_P0_100.xmot Right=TrollFist RightUseType=55 RightGroup=7->7 NativeResult=1 OBSERVE_NATIVE=1
CORE RAW55_QUICK_CALLBACK_BOUNDARY Actor=Troll C1=16 SameC1=1 Action=4->4 Phase=1->1 StateTime=0.474578->0.474578 StatePosition=1->1 MotionBefore=Troll_Stand_Fist_Fist_P0_QuickAttackR_Hit_N_Fwd_00_%_00_P0_100.xmot MotionAfter=Troll_Stand_Fist_Fist_P0_QuickAttackR_Hit_N_Fwd_00_%_00_P0_100.xmot Right=TrollFist RightUseType=55 RightGroup=7->7 NativeResult=1 OBSERVE_NATIVE=1
CORE RAW55_QUICK_CALLBACK_BOUNDARY Actor=Troll C1=16 SameC1=1 Action=4->4 Phase=1->1 StateTime=0.482912->0.482912 StatePosition=1->1 MotionBefore=Troll_Stand_Fist_Fist_P0_QuickAttackR_Hit_N_Fwd_00_%_00_P0_100.xmot MotionAfter=Troll_Stand_Fist_Fist_P0_QuickAttackR_Hit_N_Fwd_00_%_00_P0_100.xmot Right=TrollFist RightUseType=55 RightGroup=7->7 NativeResult=1 OBSERVE_NATIVE=1
CORE RAW55_QUICK_CALLBACK_BOUNDARY Actor=Troll C1=16 SameC1=1 Action=4->4 Phase=1->1 StateTime=0.491245->0.491245 StatePosition=1->1 MotionBefore=Troll_Stand_Fist_Fist_P0_QuickAttackR_Hit_N_Fwd_00_%_00_P0_100.xmot MotionAfter=Troll_Stand_Fist_Fist_P0_QuickAttackR_Hit_N_Fwd_00_%_00_P0_100.xmot Right=TrollFist RightUseType=55 RightGroup=7->7 NativeResult=1 OBSERVE_NATIVE=1
CORE RAW55_QUICK_CALLBACK_BOUNDARY Actor=Troll C1=16 SameC1=1 Action=4->4 Phase=1->1 StateTime=0.499579->0.499579 StatePosition=1->1 MotionBefore=Troll_Stand_Fist_Fist_P0_QuickAttackR_Hit_N_Fwd_00_%_00_P0_100.xmot MotionAfter=Troll_Stand_Fist_Fist_P0_QuickAttackR_Hit_N_Fwd_00_%_00_P0_100.xmot Right=TrollFist RightUseType=55 RightGroup=7->7 NativeResult=1 OBSERVE_NATIVE=1
CORE RAW55_QUICK_CALLBACK_BOUNDARY Actor=Troll C1=16 SameC1=1 Action=4->4 Phase=1->1 StateTime=0.507912->0.507912 StatePosition=1->1 MotionBefore=Troll_Stand_Fist_Fist_P0_QuickAttackR_Hit_N_Fwd_00_%_00_P0_100.xmot MotionAfter=Troll_Stand_Fist_Fist_P0_QuickAttackR_Hit_N_Fwd_00_%_00_P0_100.xmot Right=TrollFist RightUseType=55 RightGroup=7->7 NativeResult=1 OBSERVE_NATIVE=1
CORE RAW55_QUICK_CALLBACK_BOUNDARY Actor=Troll C1=16 SameC1=1 Action=4->4 Phase=1->1 StateTime=0.516245->0.516245 StatePosition=1->1 MotionBefore=Troll_Stand_Fist_Fist_P0_QuickAttackR_Hit_N_Fwd_00_%_00_P0_100.xmot MotionAfter=Troll_Stand_Fist_Fist_P0_QuickAttackR_Hit_N_Fwd_00_%_00_P0_100.xmot Right=TrollFist RightUseType=55 RightGroup=7->7 NativeResult=1 OBSERVE_NATIVE=1
CORE RAW55_QUICK_CALLBACK_BOUNDARY Actor=Troll C1=16 SameC1=1 Action=4->4 Phase=1->1 StateTime=0.525216->0.525216 StatePosition=1->1 MotionBefore=Troll_Stand_Fist_Fist_P0_QuickAttackR_Hit_N_Fwd_00_%_00_P0_100.xmot MotionAfter=Troll_Stand_Fist_Fist_P0_QuickAttackR_Hit_N_Fwd_00_%_00_P0_100.xmot Right=TrollFist RightUseType=55 RightGroup=7->7 NativeResult=1 OBSERVE_NATIVE=1
CORE RAW55_QUICK_CALLBACK_BOUNDARY Actor=Troll C1=16 SameC1=1 Action=4->4 Phase=1->1 StateTime=0.533549->0.533549 StatePosition=1->1 MotionBefore=Troll_Stand_Fist_Fist_P0_QuickAttackR_Hit_N_Fwd_00_%_00_P0_100.xmot MotionAfter=Troll_Stand_Fist_Fist_P0_QuickAttackR_Hit_N_Fwd_00_%_00_P0_100.xmot Right=TrollFist RightUseType=55 RightGroup=7->7 NativeResult=1 OBSERVE_NATIVE=1
CORE RAW55_QUICK_CALLBACK_BOUNDARY Actor=Troll C1=16 SameC1=1 Action=4->4 Phase=1->1 StateTime=0.543490->0.543490 StatePosition=1->1 MotionBefore=Troll_Stand_Fist_Fist_P0_QuickAttackR_Hit_N_Fwd_00_%_00_P0_100.xmot MotionAfter=Troll_Stand_Fist_Fist_P0_QuickAttackR_Hit_N_Fwd_00_%_00_P0_100.xmot Right=TrollFist RightUseType=55 RightGroup=7->7 NativeResult=1 OBSERVE_NATIVE=1
CORE RAW55_QUICK_CALLBACK_BOUNDARY Actor=Troll C1=16 SameC1=1 Action=4->4 Phase=1->1 StateTime=0.551824->0.551824 StatePosition=1->1 MotionBefore=Troll_Stand_Fist_Fist_P0_QuickAttackR_Hit_N_Fwd_00_%_00_P0_100.xmot MotionAfter=Troll_Stand_Fist_Fist_P0_QuickAttackR_Hit_N_Fwd_00_%_00_P0_100.xmot Right=TrollFist RightUseType=55 RightGroup=7->7 NativeResult=1 OBSERVE_NATIVE=1
CORE RAW55_QUICK_CALLBACK_BOUNDARY Actor=Troll C1=16 SameC1=1 Action=4->4 Phase=1->1 StateTime=0.560157->0.560157 StatePosition=1->1 MotionBefore=Troll_Stand_Fist_Fist_P0_QuickAttackR_Hit_N_Fwd_00_%_00_P0_100.xmot MotionAfter=Troll_Stand_Fist_Fist_P0_QuickAttackR_Hit_N_Fwd_00_%_00_P0_100.xmot Right=TrollFist RightUseType=55 RightGroup=7->7 NativeResult=1 OBSERVE_NATIVE=1
CORE RAW55_QUICK_CALLBACK_BOUNDARY Actor=Troll C1=16 SameC1=1 Action=4->4 Phase=1->1 StateTime=0.568490->0.568490 StatePosition=1->1 MotionBefore=Troll_Stand_Fist_Fist_P0_QuickAttackR_Hit_N_Fwd_00_%_00_P0_100.xmot MotionAfter=Troll_Stand_Fist_Fist_P0_QuickAttackR_Hit_N_Fwd_00_%_00_P0_100.xmot Right=TrollFist RightUseType=55 RightGroup=7->7 NativeResult=1 OBSERVE_NATIVE=1
CORE RAW55_QUICK_CALLBACK_BOUNDARY Actor=Troll C1=16 SameC1=1 Action=4->4 Phase=1->1 StateTime=0.576824->0.576824 StatePosition=1->1 MotionBefore=Troll_Stand_Fist_Fist_P0_QuickAttackR_Hit_N_Fwd_00_%_00_P0_100.xmot MotionAfter=Troll_Stand_Fist_Fist_P0_QuickAttackR_Hit_N_Fwd_00_%_00_P0_100.xmot Right=TrollFist RightUseType=55 RightGroup=7->7 NativeResult=1 OBSERVE_NATIVE=1
CORE RAW55_QUICK_CALLBACK_BOUNDARY Actor=Troll C1=16 SameC1=1 Action=4->4 Phase=1->1 StateTime=0.585157->0.585157 StatePosition=1->1 MotionBefore=Troll_Stand_Fist_Fist_P0_QuickAttackR_Hit_N_Fwd_00_%_00_P0_100.xmot MotionAfter=Troll_Stand_Fist_Fist_P0_QuickAttackR_Hit_N_Fwd_00_%_00_P0_100.xmot Right=TrollFist RightUseType=55 RightGroup=7->7 NativeResult=1 OBSERVE_NATIVE=1
CORE RAW55_QUICK_CALLBACK_BOUNDARY Actor=Troll C1=16 SameC1=1 Action=4->4 Phase=1->1 StateTime=0.593490->0.593490 StatePosition=1->1 MotionBefore=Troll_Stand_Fist_Fist_P0_QuickAttackR_Hit_N_Fwd_00_%_00_P0_100.xmot MotionAfter=Troll_Stand_Fist_Fist_P0_QuickAttackR_Hit_N_Fwd_00_%_00_P0_100.xmot Right=TrollFist RightUseType=55 RightGroup=7->7 NativeResult=1 OBSERVE_NATIVE=1
===== CORE MARKER ANOMALY / DISCOVERY =====
ElapsedMs: 35858.613
Actor: Troll
Action: 4
Family: QUICK
AniPhase: 1
StatePosition: 1
CurrentMovementAni: Troll_Stand_Fist_Fist_P0_QuickAttackR_Hit_N_Fwd_00_%_00_P0_100.xmot
MarkerName: G3AB_COL_FIST
MarkerOpcode: FIST
Result: UNSUPPORTED_MISSING_SOURCE
C1GenerationValid: 1
C1Generation: 16
RequiredSourceMask: 0
MissingSourceMask: 0
RightSourceSlot: RIGHT
RightSourceName: TrollFist
RightSourceUseType: 55
RightSourceCollisionGroup: 7
LeftSourceSlot: LEFT
LeftSourceName: TrollFist
LeftSourceUseType: 55
LeftSourceCollisionGroup: 5
Raw8FistSourceName: <none>
Raw8FistSourceUseType: -1
Raw8FistSourceCollisionGroup: -1
===========================================

CORE RAW55_QUICK_REPEAT_FIST_ELIGIBILITY Actor=Troll Action=4 StatePosition=1 StateTime=0.601824 MarkerOpcode=4 ResultOpcode=4 ResultCode=2 CurrentC1Valid=1 CurrentC1=16 StoredC1=16 SameC1=1 CurrentRight=E6EAF010 StoredRight=E6EAF010 SameRight=1 ResultRightMatchesStored=1 RightUseType=55 RightGroup=7 InterventionUsed=1 PreStateFistProven=1 LaterFistRearmUsed=0 DecisionFoundMotion=1 DecisionScanValid=1 DecisionMarkerPresent=1 DecisionHasFist=1 DecisionFistCount=2 DecisionRightCount=0 DecisionLeftCount=0 DecisionBothCount=0 DecisionOffCount=0 RequiredSourceMask=0 Raw8ResolverAbsent=1 QuickHit=1 Eligible=1 FirstFailedGate=NONE
CORE RAW55_QUICK_REPEAT_FIST_REARM_PROBE Actor=Troll C1=16 Action=4 StatePosition=1 StateTime=0.601824 Right=TrollFist RightUseType=55 RightGroup=7 DecisionFistCount=2 FirstPreStateProof=1 LaterDispatchOrdinal=2 ClearTriggeredList=1 REPEAT_FIST_REARM=1
CORE RAW55_QUICK_CALLBACK_BOUNDARY Actor=Troll C1=16 SameC1=1 Action=4->4 Phase=1->1 StateTime=0.601824->0.601824 StatePosition=1->1 MotionBefore=Troll_Stand_Fist_Fist_P0_QuickAttackR_Hit_N_Fwd_00_%_00_P0_100.xmot MotionAfter=Troll_Stand_Fist_Fist_P0_QuickAttackR_Hit_N_Fwd_00_%_00_P0_100.xmot Right=TrollFist RightUseType=55 RightGroup=7->7 NativeResult=1 OBSERVE_NATIVE=1
CORE RAW55_QUICK_CALLBACK_BOUNDARY Actor=Troll C1=16 SameC1=1 Action=4->4 Phase=1->1 StateTime=0.610157->0.610157 StatePosition=1->1 MotionBefore=Troll_Stand_Fist_Fist_P0_QuickAttackR_Hit_N_Fwd_00_%_00_P0_100.xmot MotionAfter=Troll_Stand_Fist_Fist_P0_QuickAttackR_Hit_N_Fwd_00_%_00_P0_100.xmot Right=TrollFist RightUseType=55 RightGroup=7->7 NativeResult=1 OBSERVE_NATIVE=1
CORE C1_FINAL ElapsedMs=35875.641 Actor=PC_Hero Generation=17 Status=PERSISTED SourceCount=0 PhysicalChanged=0
CORE RAW55_QUICK_CALLBACK_BOUNDARY Actor=Troll C1=16 SameC1=1 Action=4->4 Phase=1->1 StateTime=0.618490->0.618490 StatePosition=1->1 MotionBefore=Troll_Stand_Fist_Fist_P0_QuickAttackR_Hit_N_Fwd_00_%_00_P0_100.xmot MotionAfter=Troll_Stand_Fist_Fist_P0_QuickAttackR_Hit_N_Fwd_00_%_00_P0_100.xmot Right=TrollFist RightUseType=55 RightGroup=7->7 NativeResult=1 OBSERVE_NATIVE=1
CORE RAW55_QUICK_CALLBACK_BOUNDARY Actor=Troll C1=16 SameC1=1 Action=4->4 Phase=1->1 StateTime=0.626824->0.626824 StatePosition=1->1 MotionBefore=Troll_Stand_Fist_Fist_P0_QuickAttackR_Hit_N_Fwd_00_%_00_P0_100.xmot MotionAfter=Troll_Stand_Fist_Fist_P0_QuickAttackR_Hit_N_Fwd_00_%_00_P0_100.xmot Right=TrollFist RightUseType=55 RightGroup=7->7 NativeResult=1 OBSERVE_NATIVE=1
CORE RAW55_QUICK_CALLBACK_BOUNDARY Actor=Troll C1=16 SameC1=1 Action=4->4 Phase=1->1 StateTime=0.636765->0.636765 StatePosition=1->1 MotionBefore=Troll_Stand_Fist_Fist_P0_QuickAttackR_Hit_N_Fwd_00_%_00_P0_100.xmot MotionAfter=Troll_Stand_Fist_Fist_P0_QuickAttackR_Hit_N_Fwd_00_%_00_P0_100.xmot Right=TrollFist RightUseType=55 RightGroup=7->7 NativeResult=1 OBSERVE_NATIVE=1
CORE RAW55_QUICK_CALLBACK_BOUNDARY Actor=Troll C1=16 SameC1=1 Action=4->4 Phase=1->1 StateTime=0.645098->0.645098 StatePosition=1->1 MotionBefore=Troll_Stand_Fist_Fist_P0_QuickAttackR_Hit_N_Fwd_00_%_00_P0_100.xmot MotionAfter=Troll_Stand_Fist_Fist_P0_QuickAttackR_Hit_N_Fwd_00_%_00_P0_100.xmot Right=TrollFist RightUseType=55 RightGroup=7->7 NativeResult=1 OBSERVE_NATIVE=1
CORE RAW55_QUICK_CALLBACK_BOUNDARY Actor=Troll C1=16 SameC1=1 Action=4->4 Phase=1->1 StateTime=0.654055->0.654055 StatePosition=1->1 MotionBefore=Troll_Stand_Fist_Fist_P0_QuickAttackR_Hit_N_Fwd_00_%_00_P0_100.xmot MotionAfter=Troll_Stand_Fist_Fist_P0_QuickAttackR_Hit_N_Fwd_00_%_00_P0_100.xmot Right=TrollFist RightUseType=55 RightGroup=7->7 NativeResult=1 OBSERVE_NATIVE=1
CORE RAW55_QUICK_CALLBACK_BOUNDARY Actor=Troll C1=16 SameC1=1 Action=4->4 Phase=1->1 StateTime=0.662388->0.662388 StatePosition=1->1 MotionBefore=Troll_Stand_Fist_Fist_P0_QuickAttackR_Hit_N_Fwd_00_%_00_P0_100.xmot MotionAfter=Troll_Stand_Fist_Fist_P0_QuickAttackR_Hit_N_Fwd_00_%_00_P0_100.xmot Right=TrollFist RightUseType=55 RightGroup=7->7 NativeResult=1 OBSERVE_NATIVE=1
CORE RAW55_QUICK_CALLBACK_BOUNDARY Actor=Troll C1=16 SameC1=1 Action=4->4 Phase=1->1 StateTime=0.670721->0.670721 StatePosition=1->1 MotionBefore=Troll_Stand_Fist_Fist_P0_QuickAttackR_Hit_N_Fwd_00_%_00_P0_100.xmot MotionAfter=Troll_Stand_Fist_Fist_P0_QuickAttackR_Hit_N_Fwd_00_%_00_P0_100.xmot Right=TrollFist RightUseType=55 RightGroup=7->7 NativeResult=1 OBSERVE_NATIVE=1
CORE RAW55_QUICK_CALLBACK_BOUNDARY Actor=Troll C1=16 SameC1=1 Action=4->4 Phase=1->1 StateTime=0.679677->0.679677 StatePosition=1->1 MotionBefore=Troll_Stand_Fist_Fist_P0_QuickAttackR_Hit_N_Fwd_00_%_00_P0_100.xmot MotionAfter=Troll_Stand_Fist_Fist_P0_QuickAttackR_Hit_N_Fwd_00_%_00_P0_100.xmot Right=TrollFist RightUseType=55 RightGroup=7->7 NativeResult=1 OBSERVE_NATIVE=1
CORE RAW55_QUICK_CALLBACK_BOUNDARY Actor=Troll C1=16 SameC1=1 Action=4->4 Phase=1->1 StateTime=0.688011->0.688011 StatePosition=1->1 MotionBefore=Troll_Stand_Fist_Fist_P0_QuickAttackR_Hit_N_Fwd_00_%_00_P0_100.xmot MotionAfter=Troll_Stand_Fist_Fist_P0_QuickAttackR_Hit_N_Fwd_00_%_00_P0_100.xmot Right=TrollFist RightUseType=55 RightGroup=7->7 NativeResult=1 OBSERVE_NATIVE=1
CORE RAW55_QUICK_CALLBACK_BOUNDARY Actor=Troll C1=16 SameC1=1 Action=4->4 Phase=1->1 StateTime=0.696982->0.696982 StatePosition=1->1 MotionBefore=Troll_Stand_Fist_Fist_P0_QuickAttackR_Hit_N_Fwd_00_%_00_P0_100.xmot MotionAfter=Troll_Stand_Fist_Fist_P0_QuickAttackR_Hit_N_Fwd_00_%_00_P0_100.xmot Right=TrollFist RightUseType=55 RightGroup=7->7 NativeResult=1 OBSERVE_NATIVE=1
CORE RAW55_QUICK_CALLBACK_BOUNDARY Actor=Troll C1=16 SameC1=1 Action=4->4 Phase=1->1 StateTime=0.705315->0.705315 StatePosition=1->1 MotionBefore=Troll_Stand_Fist_Fist_P0_QuickAttackR_Hit_N_Fwd_00_%_00_P0_100.xmot MotionAfter=Troll_Stand_Fist_Fist_P0_QuickAttackR_Hit_N_Fwd_00_%_00_P0_100.xmot Right=TrollFist RightUseType=55 RightGroup=7->7 NativeResult=1 OBSERVE_NATIVE=1
CORE RAW55_QUICK_CALLBACK_BOUNDARY Actor=Troll C1=16 SameC1=1 Action=4->4 Phase=1->1 StateTime=0.714271->0.714271 StatePosition=1->1 MotionBefore=Troll_Stand_Fist_Fist_P0_QuickAttackR_Hit_N_Fwd_00_%_00_P0_100.xmot MotionAfter=Troll_Stand_Fist_Fist_P0_QuickAttackR_Hit_N_Fwd_00_%_00_P0_100.xmot Right=TrollFist RightUseType=55 RightGroup=7->7 NativeResult=1 OBSERVE_NATIVE=1
CORE ONDAMAGE ElapsedMs=35969.587 Ordinal=11 Target=PC_Hero Arg1=PC_Hero Arg2=PC_Hero Caller=Game.dll+0x00069484 PlayerAction=0 PlayerPhase=5 PlayerMotion=Hero_Stand_None_None_P0_Ambient_Loop_N_Fwd_01_%_00_P0_0.xmot Raw8Fist=<none> Raw8UseType=-1 Raw8Group=-1
CORE RAW55_QUICK_CALLBACK_BOUNDARY Actor=Troll C1=16 SameC1=1 Action=4->4 Phase=1->1 StateTime=0.722605->0.722605 StatePosition=1->1 MotionBefore=Troll_Stand_Fist_Fist_P0_QuickAttackR_Hit_N_Fwd_00_%_00_P0_100.xmot MotionAfter=Troll_Stand_Fist_Fist_P0_QuickAttackR_Hit_N_Fwd_00_%_00_P0_100.xmot Right=TrollFist RightUseType=55 RightGroup=7->7 NativeResult=1 OBSERVE_NATIVE=1
CORE C1_START ElapsedMs=35986.253 Actor=PC_Hero Generation=18 Status=CANDIDATE Outstanding=0 TrackedSources=0 ReplacedGeneration=0 ReplacedOutstanding=0
CORE C1_BIND ElapsedMs=35986.261 Event=COMBAT_MOVE_CANDIDATE_BOUND Actor=PC_Hero Generation=18 Status=CANDIDATE Outstanding=0 Source=<null> Script=_AI_Stumble
CORE C1_STATUS ElapsedMs=35986.361 Event=PERSISTED Actor=PC_Hero Generation=18 Status=PERSISTED Outstanding=0
CORE RAW55_QUICK_CALLBACK_BOUNDARY Actor=Troll C1=16 SameC1=1 Action=4->4 Phase=1->1 StateTime=0.730938->0.730938 StatePosition=1->1 MotionBefore=Troll_Stand_Fist_Fist_P0_QuickAttackR_Hit_N_Fwd_00_%_00_P0_100.xmot MotionAfter=Troll_Stand_Fist_Fist_P0_QuickAttackR_Hit_N_Fwd_00_%_00_P0_100.xmot Right=TrollFist RightUseType=55 RightGroup=7->7 NativeResult=1 OBSERVE_NATIVE=1
CORE RAW55_QUICK_CALLBACK_BOUNDARY Actor=Troll C1=16 SameC1=1 Action=4->4 Phase=1->1 StateTime=0.747805->0.747805 StatePosition=1->1 MotionBefore=Troll_Stand_Fist_Fist_P0_QuickAttackR_Hit_N_Fwd_00_%_00_P0_100.xmot MotionAfter=Troll_Stand_Fist_Fist_P0_QuickAttackR_Hit_N_Fwd_00_%_00_P0_100.xmot Right=TrollFist RightUseType=55 RightGroup=7->7 NativeResult=1 OBSERVE_NATIVE=1
CORE RAW55_QUICK_CALLBACK_BOUNDARY Actor=Troll C1=16 SameC1=1 Action=4->4 Phase=1->1 StateTime=0.756138->0.756138 StatePosition=1->1 MotionBefore=Troll_Stand_Fist_Fist_P0_QuickAttackR_Hit_N_Fwd_00_%_00_P0_100.xmot MotionAfter=Troll_Stand_Fist_Fist_P0_QuickAttackR_Hit_N_Fwd_00_%_00_P0_100.xmot Right=TrollFist RightUseType=55 RightGroup=7->7 NativeResult=1 OBSERVE_NATIVE=1
CORE RAW55_QUICK_CALLBACK_BOUNDARY Actor=Troll C1=16 SameC1=1 Action=4->4 Phase=1->1 StateTime=0.764471->0.764471 StatePosition=1->1 MotionBefore=Troll_Stand_Fist_Fist_P0_QuickAttackR_Hit_N_Fwd_00_%_00_P0_100.xmot MotionAfter=Troll_Stand_Fist_Fist_P0_QuickAttackR_Hit_N_Fwd_00_%_00_P0_100.xmot Right=TrollFist RightUseType=55 RightGroup=7->7 NativeResult=1 OBSERVE_NATIVE=1
CORE RAW55_QUICK_CALLBACK_BOUNDARY Actor=Troll C1=16 SameC1=1 Action=4->4 Phase=1->1 StateTime=0.772804->0.772804 StatePosition=1->1 MotionBefore=Troll_Stand_Fist_Fist_P0_QuickAttackR_Hit_N_Fwd_00_%_00_P0_100.xmot MotionAfter=Troll_Stand_Fist_Fist_P0_QuickAttackR_Hit_N_Fwd_00_%_00_P0_100.xmot Right=TrollFist RightUseType=55 RightGroup=7->7 NativeResult=1 OBSERVE_NATIVE=1
CORE RAW55_QUICK_CALLBACK_BOUNDARY Actor=Troll C1=16 SameC1=1 Action=4->4 Phase=1->1 StateTime=0.783731->0.783731 StatePosition=1->1 MotionBefore=Troll_Stand_Fist_Fist_P0_QuickAttackR_Hit_N_Fwd_00_%_00_P0_100.xmot MotionAfter=Troll_Stand_Fist_Fist_P0_QuickAttackR_Hit_N_Fwd_00_%_00_P0_100.xmot Right=TrollFist RightUseType=55 RightGroup=7->7 NativeResult=1 OBSERVE_NATIVE=1
CORE RAW55_QUICK_CALLBACK_BOUNDARY Actor=Troll C1=16 SameC1=1 Action=4->4 Phase=1->1 StateTime=0.792064->0.792064 StatePosition=1->1 MotionBefore=Troll_Stand_Fist_Fist_P0_QuickAttackR_Hit_N_Fwd_00_%_00_P0_100.xmot MotionAfter=Troll_Stand_Fist_Fist_P0_QuickAttackR_Hit_N_Fwd_00_%_00_P0_100.xmot Right=TrollFist RightUseType=55 RightGroup=7->7 NativeResult=1 OBSERVE_NATIVE=1
CORE COLLISION_GROUP ElapsedMs=36045.207 Source=TrollFist UseType=55 Owner=Troll Slot=RIGHT Requested=5 Before=7 After=5 MarkerBitsRetired=0
CORE C1 CLEANUP FULFILLED ElapsedMs=36045.235 Actor=Troll Generation=16 Status=PERSISTED Source=TrollFist Side=RIGHT Requests=2 Outstanding=0 CleanupObserved=1 Group=5
CORE C1_FINAL ElapsedMs=36135.876 Actor=Troll Generation=16 Status=PERSISTED SourceCount=2 PhysicalChanged=0 Source[0]=TrollFist Side=RIGHT Outstanding=0 Cleanup=1 Outcome=NO_OP_NO_OUTSTANDING Source[1]=TrollFist Side=LEFT Outstanding=0 Cleanup=0 Outcome=NO_OP_NO_OUTSTANDING
CORE C1_FINAL ElapsedMs=36258.186 Actor=PC_Hero Generation=18 Status=PERSISTED SourceCount=0 PhysicalChanged=0
CORE C1_START ElapsedMs=37385.992 Actor=Troll Generation=19 Status=CANDIDATE Outstanding=0 TrackedSources=2 ReplacedGeneration=0 ReplacedOutstanding=0 Source[0]=TrollFist Side=RIGHT Group=5 Source[1]=TrollFist Side=LEFT Group=5
CORE C1_BIND ElapsedMs=37386.005 Event=COMBAT_MOVE_CANDIDATE_BOUND Actor=Troll Generation=19 Status=CANDIDATE Outstanding=0 Source=<null> Script=_AI_Attack
CORE C1_STATUS ElapsedMs=37391.358 Event=PERSISTED Actor=Troll Generation=19 Status=PERSISTED Outstanding=0
CORE ATTACK_OWNERSHIP ElapsedMs=37391.389 Actor=Troll Family=NORMAL Action=1 Phase=1 Motion=Troll_Stand_Fist_Fist_P0_Attack_Hit_N_Fwd_00_%_00_P0_100.xmot MarkerPresent=1 RequiredMask=0 FistMarkers=1 Raw8Fist=<none> Raw8UseType=-1 SuppressNative=0 Classification=CONTRADICTION
===== CORE ATTACK OWNERSHIP ANOMALY =====
MatchingMotionFound: 1
MarkerScanValid: 1
RequiredSourcesAvailable: 1
RightSourceSlot: RIGHT
RightSourceName: TrollFist
RightSourceUseType: 55
RightSourceCollisionGroup: 5
LeftSourceSlot: LEFT
LeftSourceName: TrollFist
LeftSourceUseType: 55
LeftSourceCollisionGroup: 5
Raw8FistSourceName: <none>
Raw8FistSourceUseType: -1
Raw8FistSourceCollisionGroup: -1
=========================================

CORE RAW55_NORMAL_CALLBACK_BOUNDARY Actor=Troll C1=19 SameC1=1 SameRight=1 Action=1->1 Phase=1->1 StateTime=0.000000->0.000000 StatePosition=0->0 MotionBefore=Troll_Stand_Fist_Fist_P0_Attack_Hit_N_Fwd_00_%_00_P0_100.xmot MotionAfter=Troll_Stand_Fist_Fist_P0_Attack_Hit_N_Fwd_00_%_00_P0_100.xmot Right=TrollFist RightUseType=55 RightGroup=5->5 NativeResult=1 OBSERVE_NATIVE=1
CORE RAW55_NORMAL_CALLBACK_BOUNDARY Actor=Troll C1=19 SameC1=1 SameRight=1 Action=1->1 Phase=1->1 StateTime=0.008333->0.008333 StatePosition=0->0 MotionBefore=Troll_Stand_Fist_Fist_P0_Attack_Hit_N_Fwd_00_%_00_P0_100.xmot MotionAfter=Troll_Stand_Fist_Fist_P0_Attack_Hit_N_Fwd_00_%_00_P0_100.xmot Right=TrollFist RightUseType=55 RightGroup=5->5 NativeResult=1 OBSERVE_NATIVE=1
CORE RAW55_NORMAL_CALLBACK_BOUNDARY Actor=Troll C1=19 SameC1=1 SameRight=1 Action=1->1 Phase=1->1 StateTime=0.022230->0.022230 StatePosition=0->0 MotionBefore=Troll_Stand_Fist_Fist_P0_Attack_Hit_N_Fwd_00_%_00_P0_100.xmot MotionAfter=Troll_Stand_Fist_Fist_P0_Attack_Hit_N_Fwd_00_%_00_P0_100.xmot Right=TrollFist RightUseType=55 RightGroup=5->5 NativeResult=1 OBSERVE_NATIVE=1
CORE RAW55_NORMAL_CALLBACK_BOUNDARY Actor=Troll C1=19 SameC1=1 SameRight=1 Action=1->1 Phase=1->1 StateTime=0.030564->0.030564 StatePosition=0->0 MotionBefore=Troll_Stand_Fist_Fist_P0_Attack_Hit_N_Fwd_00_%_00_P0_100.xmot MotionAfter=Troll_Stand_Fist_Fist_P0_Attack_Hit_N_Fwd_00_%_00_P0_100.xmot Right=TrollFist RightUseType=55 RightGroup=5->5 NativeResult=1 OBSERVE_NATIVE=1
CORE RAW55_NORMAL_CALLBACK_BOUNDARY Actor=Troll C1=19 SameC1=1 SameRight=1 Action=1->1 Phase=1->1 StateTime=0.039520->0.039520 StatePosition=0->0 MotionBefore=Troll_Stand_Fist_Fist_P0_Attack_Hit_N_Fwd_00_%_00_P0_100.xmot MotionAfter=Troll_Stand_Fist_Fist_P0_Attack_Hit_N_Fwd_00_%_00_P0_100.xmot Right=TrollFist RightUseType=55 RightGroup=5->5 NativeResult=1 OBSERVE_NATIVE=1
===== CORE MARKER ANOMALY / DISCOVERY =====
ElapsedMs: 37421.918
Actor: Troll
Action: 1
Family: NORMAL
AniPhase: 1
StatePosition: 0
CurrentMovementAni: Troll_Stand_Fist_Fist_P0_Attack_Hit_N_Fwd_00_%_00_P0_100.xmot
MarkerName: G3AB_COL_FIST
MarkerOpcode: FIST
Result: UNSUPPORTED_MISSING_SOURCE
C1GenerationValid: 1
C1Generation: 19
RequiredSourceMask: 0
MissingSourceMask: 0
RightSourceSlot: RIGHT
RightSourceName: TrollFist
RightSourceUseType: 55
RightSourceCollisionGroup: 5
LeftSourceSlot: LEFT
LeftSourceName: TrollFist
LeftSourceUseType: 55
LeftSourceCollisionGroup: 5
Raw8FistSourceName: <none>
Raw8FistSourceUseType: -1
Raw8FistSourceCollisionGroup: -1
===========================================

CORE COLLISION_GROUP ElapsedMs=37421.958 Source=TrollFist UseType=55 Owner=Troll Slot=RIGHT Requested=7 Before=5 After=7 MarkerBitsRetired=0
CORE C1 OFFENSE REQUEST ElapsedMs=37421.967 Actor=Troll Generation=19 Status=PERSISTED Source=TrollFist Side=RIGHT Requests=1 Outstanding=1 CleanupObserved=0 Group=7
CORE RAW55_NORMAL_PRESTATE_FIST_PROBE Actor=Troll C1=19 Action=1 StatePosition=0 StateTime=0.047854 Right=TrollFist RightUseType=55 GroupBefore=5 RequestedGroup=7 GroupAfter=7 ClearTriggeredList=0 PRESTATE_FIST=1
CORE RAW55_NORMAL_CALLBACK_BOUNDARY Actor=Troll C1=19 SameC1=1 SameRight=1 Action=1->1 Phase=1->1 StateTime=0.047854->0.047854 StatePosition=0->0 MotionBefore=Troll_Stand_Fist_Fist_P0_Attack_Hit_N_Fwd_00_%_00_P0_100.xmot MotionAfter=Troll_Stand_Fist_Fist_P0_Attack_Hit_N_Fwd_00_%_00_P0_100.xmot Right=TrollFist RightUseType=55 RightGroup=7->7 NativeResult=1 OBSERVE_NATIVE=1
CORE RAW55_NORMAL_CALLBACK_BOUNDARY Actor=Troll C1=19 SameC1=1 SameRight=1 Action=1->1 Phase=1->1 StateTime=0.056810->0.056810 StatePosition=0->0 MotionBefore=Troll_Stand_Fist_Fist_P0_Attack_Hit_N_Fwd_00_%_00_P0_100.xmot MotionAfter=Troll_Stand_Fist_Fist_P0_Attack_Hit_N_Fwd_00_%_00_P0_100.xmot Right=TrollFist RightUseType=55 RightGroup=7->7 NativeResult=1 OBSERVE_NATIVE=1
CORE RAW55_NORMAL_CALLBACK_BOUNDARY Actor=Troll C1=19 SameC1=1 SameRight=1 Action=1->1 Phase=1->1 StateTime=0.065143->0.065143 StatePosition=0->0 MotionBefore=Troll_Stand_Fist_Fist_P0_Attack_Hit_N_Fwd_00_%_00_P0_100.xmot MotionAfter=Troll_Stand_Fist_Fist_P0_Attack_Hit_N_Fwd_00_%_00_P0_100.xmot Right=TrollFist RightUseType=55 RightGroup=7->7 NativeResult=1 OBSERVE_NATIVE=1
CORE RAW55_NORMAL_CALLBACK_BOUNDARY Actor=Troll C1=19 SameC1=1 SameRight=1 Action=1->1 Phase=1->1 StateTime=0.075085->0.075085 StatePosition=0->0 MotionBefore=Troll_Stand_Fist_Fist_P0_Attack_Hit_N_Fwd_00_%_00_P0_100.xmot MotionAfter=Troll_Stand_Fist_Fist_P0_Attack_Hit_N_Fwd_00_%_00_P0_100.xmot Right=TrollFist RightUseType=55 RightGroup=7->7 NativeResult=1 OBSERVE_NATIVE=1
CORE RAW55_NORMAL_CALLBACK_BOUNDARY Actor=Troll C1=19 SameC1=1 SameRight=1 Action=1->1 Phase=1->1 StateTime=0.083418->0.083418 StatePosition=0->0 MotionBefore=Troll_Stand_Fist_Fist_P0_Attack_Hit_N_Fwd_00_%_00_P0_100.xmot MotionAfter=Troll_Stand_Fist_Fist_P0_Attack_Hit_N_Fwd_00_%_00_P0_100.xmot Right=TrollFist RightUseType=55 RightGroup=7->7 NativeResult=1 OBSERVE_NATIVE=1
CORE RAW55_NORMAL_CALLBACK_BOUNDARY Actor=Troll C1=19 SameC1=1 SameRight=1 Action=1->1 Phase=1->1 StateTime=0.092375->0.092375 StatePosition=0->0 MotionBefore=Troll_Stand_Fist_Fist_P0_Attack_Hit_N_Fwd_00_%_00_P0_100.xmot MotionAfter=Troll_Stand_Fist_Fist_P0_Attack_Hit_N_Fwd_00_%_00_P0_100.xmot Right=TrollFist RightUseType=55 RightGroup=7->7 NativeResult=1 OBSERVE_NATIVE=1
CORE RAW55_NORMAL_CALLBACK_BOUNDARY Actor=Troll C1=19 SameC1=1 SameRight=1 Action=1->1 Phase=1->1 StateTime=0.100708->0.100708 StatePosition=0->0 MotionBefore=Troll_Stand_Fist_Fist_P0_Attack_Hit_N_Fwd_00_%_00_P0_100.xmot MotionAfter=Troll_Stand_Fist_Fist_P0_Attack_Hit_N_Fwd_00_%_00_P0_100.xmot Right=TrollFist RightUseType=55 RightGroup=7->7 NativeResult=1 OBSERVE_NATIVE=1
CORE RAW55_NORMAL_CALLBACK_BOUNDARY Actor=Troll C1=19 SameC1=1 SameRight=1 Action=1->1 Phase=1->1 StateTime=0.109041->0.109041 StatePosition=0->0 MotionBefore=Troll_Stand_Fist_Fist_P0_Attack_Hit_N_Fwd_00_%_00_P0_100.xmot MotionAfter=Troll_Stand_Fist_Fist_P0_Attack_Hit_N_Fwd_00_%_00_P0_100.xmot Right=TrollFist RightUseType=55 RightGroup=7->7 NativeResult=1 OBSERVE_NATIVE=1
CORE RAW55_NORMAL_CALLBACK_BOUNDARY Actor=Troll C1=19 SameC1=1 SameRight=1 Action=1->1 Phase=1->1 StateTime=0.117375->0.117375 StatePosition=0->0 MotionBefore=Troll_Stand_Fist_Fist_P0_Attack_Hit_N_Fwd_00_%_00_P0_100.xmot MotionAfter=Troll_Stand_Fist_Fist_P0_Attack_Hit_N_Fwd_00_%_00_P0_100.xmot Right=TrollFist RightUseType=55 RightGroup=7->7 NativeResult=1 OBSERVE_NATIVE=1
CORE RAW55_NORMAL_CALLBACK_BOUNDARY Actor=Troll C1=19 SameC1=1 SameRight=1 Action=1->1 Phase=1->1 StateTime=0.125708->0.125708 StatePosition=0->0 MotionBefore=Troll_Stand_Fist_Fist_P0_Attack_Hit_N_Fwd_00_%_00_P0_100.xmot MotionAfter=Troll_Stand_Fist_Fist_P0_Attack_Hit_N_Fwd_00_%_00_P0_100.xmot Right=TrollFist RightUseType=55 RightGroup=7->7 NativeResult=1 OBSERVE_NATIVE=1
CORE RAW55_NORMAL_CALLBACK_BOUNDARY Actor=Troll C1=19 SameC1=1 SameRight=1 Action=1->1 Phase=1->1 StateTime=0.134041->0.134041 StatePosition=0->0 MotionBefore=Troll_Stand_Fist_Fist_P0_Attack_Hit_N_Fwd_00_%_00_P0_100.xmot MotionAfter=Troll_Stand_Fist_Fist_P0_Attack_Hit_N_Fwd_00_%_00_P0_100.xmot Right=TrollFist RightUseType=55 RightGroup=7->7 NativeResult=1 OBSERVE_NATIVE=1
CORE RAW55_NORMAL_CALLBACK_BOUNDARY Actor=Troll C1=19 SameC1=1 SameRight=1 Action=1->1 Phase=1->1 StateTime=0.142375->0.142375 StatePosition=0->0 MotionBefore=Troll_Stand_Fist_Fist_P0_Attack_Hit_N_Fwd_00_%_00_P0_100.xmot MotionAfter=Troll_Stand_Fist_Fist_P0_Attack_Hit_N_Fwd_00_%_00_P0_100.xmot Right=TrollFist RightUseType=55 RightGroup=7->7 NativeResult=1 OBSERVE_NATIVE=1
CORE RAW55_NORMAL_CALLBACK_BOUNDARY Actor=Troll C1=19 SameC1=1 SameRight=1 Action=1->1 Phase=1->1 StateTime=0.151331->0.151331 StatePosition=0->0 MotionBefore=Troll_Stand_Fist_Fist_P0_Attack_Hit_N_Fwd_00_%_00_P0_100.xmot MotionAfter=Troll_Stand_Fist_Fist_P0_Attack_Hit_N_Fwd_00_%_00_P0_100.xmot Right=TrollFist RightUseType=55 RightGroup=7->7 NativeResult=1 OBSERVE_NATIVE=1
CORE RAW55_NORMAL_CALLBACK_BOUNDARY Actor=Troll C1=19 SameC1=1 SameRight=1 Action=1->1 Phase=1->1 StateTime=0.159664->0.159664 StatePosition=0->0 MotionBefore=Troll_Stand_Fist_Fist_P0_Attack_Hit_N_Fwd_00_%_00_P0_100.xmot MotionAfter=Troll_Stand_Fist_Fist_P0_Attack_Hit_N_Fwd_00_%_00_P0_100.xmot Right=TrollFist RightUseType=55 RightGroup=7->7 NativeResult=1 OBSERVE_NATIVE=1
CORE RAW55_NORMAL_CALLBACK_BOUNDARY Actor=Troll C1=19 SameC1=1 SameRight=1 Action=1->1 Phase=1->1 StateTime=0.167997->0.167997 StatePosition=0->0 MotionBefore=Troll_Stand_Fist_Fist_P0_Attack_Hit_N_Fwd_00_%_00_P0_100.xmot MotionAfter=Troll_Stand_Fist_Fist_P0_Attack_Hit_N_Fwd_00_%_00_P0_100.xmot Right=TrollFist RightUseType=55 RightGroup=7->7 NativeResult=1 OBSERVE_NATIVE=1
CORE RAW55_NORMAL_CALLBACK_BOUNDARY Actor=Troll C1=19 SameC1=1 SameRight=1 Action=1->1 Phase=1->1 StateTime=0.176953->0.176953 StatePosition=0->0 MotionBefore=Troll_Stand_Fist_Fist_P0_Attack_Hit_N_Fwd_00_%_00_P0_100.xmot MotionAfter=Troll_Stand_Fist_Fist_P0_Attack_Hit_N_Fwd_00_%_00_P0_100.xmot Right=TrollFist RightUseType=55 RightGroup=7->7 NativeResult=1 OBSERVE_NATIVE=1
CORE RAW55_NORMAL_CALLBACK_BOUNDARY Actor=Troll C1=19 SameC1=1 SameRight=1 Action=1->1 Phase=1->1 StateTime=0.185287->0.185287 StatePosition=0->0 MotionBefore=Troll_Stand_Fist_Fist_P0_Attack_Hit_N_Fwd_00_%_00_P0_100.xmot MotionAfter=Troll_Stand_Fist_Fist_P0_Attack_Hit_N_Fwd_00_%_00_P0_100.xmot Right=TrollFist RightUseType=55 RightGroup=7->7 NativeResult=1 OBSERVE_NATIVE=1
CORE RAW55_NORMAL_CALLBACK_BOUNDARY Actor=Troll C1=19 SameC1=1 SameRight=1 Action=1->1 Phase=1->1 StateTime=0.194243->0.194243 StatePosition=0->0 MotionBefore=Troll_Stand_Fist_Fist_P0_Attack_Hit_N_Fwd_00_%_00_P0_100.xmot MotionAfter=Troll_Stand_Fist_Fist_P0_Attack_Hit_N_Fwd_00_%_00_P0_100.xmot Right=TrollFist RightUseType=55 RightGroup=7->7 NativeResult=1 OBSERVE_NATIVE=1
CORE RAW55_NORMAL_CALLBACK_BOUNDARY Actor=Troll C1=19 SameC1=1 SameRight=1 Action=1->1 Phase=1->1 StateTime=0.202576->0.202576 StatePosition=0->0 MotionBefore=Troll_Stand_Fist_Fist_P0_Attack_Hit_N_Fwd_00_%_00_P0_100.xmot MotionAfter=Troll_Stand_Fist_Fist_P0_Attack_Hit_N_Fwd_00_%_00_P0_100.xmot Right=TrollFist RightUseType=55 RightGroup=7->7 NativeResult=1 OBSERVE_NATIVE=1
CORE RAW55_NORMAL_CALLBACK_BOUNDARY Actor=Troll C1=19 SameC1=1 SameRight=1 Action=1->1 Phase=1->1 StateTime=0.210910->0.210910 StatePosition=0->0 MotionBefore=Troll_Stand_Fist_Fist_P0_Attack_Hit_N_Fwd_00_%_00_P0_100.xmot MotionAfter=Troll_Stand_Fist_Fist_P0_Attack_Hit_N_Fwd_00_%_00_P0_100.xmot Right=TrollFist RightUseType=55 RightGroup=7->7 NativeResult=1 OBSERVE_NATIVE=1
CORE RAW55_NORMAL_CALLBACK_BOUNDARY Actor=Troll C1=19 SameC1=1 SameRight=1 Action=1->1 Phase=1->1 StateTime=0.219243->0.219243 StatePosition=0->0 MotionBefore=Troll_Stand_Fist_Fist_P0_Attack_Hit_N_Fwd_00_%_00_P0_100.xmot MotionAfter=Troll_Stand_Fist_Fist_P0_Attack_Hit_N_Fwd_00_%_00_P0_100.xmot Right=TrollFist RightUseType=55 RightGroup=7->7 NativeResult=1 OBSERVE_NATIVE=1
CORE RAW55_NORMAL_CALLBACK_BOUNDARY Actor=Troll C1=19 SameC1=1 SameRight=1 Action=1->1 Phase=1->1 StateTime=0.227576->0.227576 StatePosition=0->0 MotionBefore=Troll_Stand_Fist_Fist_P0_Attack_Hit_N_Fwd_00_%_00_P0_100.xmot MotionAfter=Troll_Stand_Fist_Fist_P0_Attack_Hit_N_Fwd_00_%_00_P0_100.xmot Right=TrollFist RightUseType=55 RightGroup=7->7 NativeResult=1 OBSERVE_NATIVE=1
CORE RAW55_NORMAL_CALLBACK_BOUNDARY Actor=Troll C1=19 SameC1=1 SameRight=1 Action=1->1 Phase=1->1 StateTime=0.235910->0.235910 StatePosition=0->0 MotionBefore=Troll_Stand_Fist_Fist_P0_Attack_Hit_N_Fwd_00_%_00_P0_100.xmot MotionAfter=Troll_Stand_Fist_Fist_P0_Attack_Hit_N_Fwd_00_%_00_P0_100.xmot Right=TrollFist RightUseType=55 RightGroup=7->7 NativeResult=1 OBSERVE_NATIVE=1
CORE RAW55_NORMAL_CALLBACK_BOUNDARY Actor=Troll C1=19 SameC1=1 SameRight=1 Action=1->1 Phase=1->1 StateTime=0.244243->0.244243 StatePosition=0->0 MotionBefore=Troll_Stand_Fist_Fist_P0_Attack_Hit_N_Fwd_00_%_00_P0_100.xmot MotionAfter=Troll_Stand_Fist_Fist_P0_Attack_Hit_N_Fwd_00_%_00_P0_100.xmot Right=TrollFist RightUseType=55 RightGroup=7->7 NativeResult=1 OBSERVE_NATIVE=1
CORE COLLISION_GROUP ElapsedMs=37608.216 Source=TrollFist UseType=55 Owner=Troll Slot=RIGHT Requested=7 Before=7 After=7 MarkerBitsRetired=0
CORE C1 OFFENSE REQUEST ElapsedMs=37608.245 Actor=Troll Generation=19 Status=PERSISTED Source=TrollFist Side=RIGHT Requests=2 Outstanding=1 CleanupObserved=0 Group=7
CORE RAW55_NORMAL_CALLBACK_BOUNDARY Actor=Troll C1=19 SameC1=1 SameRight=1 Action=1->1 Phase=1->1 StateTime=0.252576->0.252576 StatePosition=0->1 MotionBefore=Troll_Stand_Fist_Fist_P0_Attack_Hit_N_Fwd_00_%_00_P0_100.xmot MotionAfter=Troll_Stand_Fist_Fist_P0_Attack_Hit_N_Fwd_00_%_00_P0_100.xmot Right=TrollFist RightUseType=55 RightGroup=7->7 NativeResult=1 OBSERVE_NATIVE=1
CORE RAW55_NORMAL_CALLBACK_BOUNDARY Actor=Troll C1=19 SameC1=1 SameRight=1 Action=1->1 Phase=1->1 StateTime=0.260910->0.260910 StatePosition=1->1 MotionBefore=Troll_Stand_Fist_Fist_P0_Attack_Hit_N_Fwd_00_%_00_P0_100.xmot MotionAfter=Troll_Stand_Fist_Fist_P0_Attack_Hit_N_Fwd_00_%_00_P0_100.xmot Right=TrollFist RightUseType=55 RightGroup=7->7 NativeResult=1 OBSERVE_NATIVE=1
CORE RAW55_NORMAL_CALLBACK_BOUNDARY Actor=Troll C1=19 SameC1=1 SameRight=1 Action=1->1 Phase=1->1 StateTime=0.269243->0.269243 StatePosition=1->1 MotionBefore=Troll_Stand_Fist_Fist_P0_Attack_Hit_N_Fwd_00_%_00_P0_100.xmot MotionAfter=Troll_Stand_Fist_Fist_P0_Attack_Hit_N_Fwd_00_%_00_P0_100.xmot Right=TrollFist RightUseType=55 RightGroup=7->7 NativeResult=1 OBSERVE_NATIVE=1
CORE RAW55_NORMAL_CALLBACK_BOUNDARY Actor=Troll C1=19 SameC1=1 SameRight=1 Action=1->1 Phase=1->1 StateTime=0.277576->0.277576 StatePosition=1->1 MotionBefore=Troll_Stand_Fist_Fist_P0_Attack_Hit_N_Fwd_00_%_00_P0_100.xmot MotionAfter=Troll_Stand_Fist_Fist_P0_Attack_Hit_N_Fwd_00_%_00_P0_100.xmot Right=TrollFist RightUseType=55 RightGroup=7->7 NativeResult=1 OBSERVE_NATIVE=1
CORE RAW55_NORMAL_CALLBACK_BOUNDARY Actor=Troll C1=19 SameC1=1 SameRight=1 Action=1->1 Phase=1->1 StateTime=0.285910->0.285910 StatePosition=1->1 MotionBefore=Troll_Stand_Fist_Fist_P0_Attack_Hit_N_Fwd_00_%_00_P0_100.xmot MotionAfter=Troll_Stand_Fist_Fist_P0_Attack_Hit_N_Fwd_00_%_00_P0_100.xmot Right=TrollFist RightUseType=55 RightGroup=7->7 NativeResult=1 OBSERVE_NATIVE=1
CORE RAW55_NORMAL_CALLBACK_BOUNDARY Actor=Troll C1=19 SameC1=1 SameRight=1 Action=1->1 Phase=1->1 StateTime=0.294866->0.294866 StatePosition=1->1 MotionBefore=Troll_Stand_Fist_Fist_P0_Attack_Hit_N_Fwd_00_%_00_P0_100.xmot MotionAfter=Troll_Stand_Fist_Fist_P0_Attack_Hit_N_Fwd_00_%_00_P0_100.xmot Right=TrollFist RightUseType=55 RightGroup=7->7 NativeResult=1 OBSERVE_NATIVE=1
CORE RAW55_NORMAL_CALLBACK_BOUNDARY Actor=Troll C1=19 SameC1=1 SameRight=1 Action=1->1 Phase=1->1 StateTime=0.303199->0.303199 StatePosition=1->1 MotionBefore=Troll_Stand_Fist_Fist_P0_Attack_Hit_N_Fwd_00_%_00_P0_100.xmot MotionAfter=Troll_Stand_Fist_Fist_P0_Attack_Hit_N_Fwd_00_%_00_P0_100.xmot Right=TrollFist RightUseType=55 RightGroup=7->7 NativeResult=1 OBSERVE_NATIVE=1
CORE RAW55_NORMAL_CALLBACK_BOUNDARY Actor=Troll C1=19 SameC1=1 SameRight=1 Action=1->1 Phase=1->1 StateTime=0.315111->0.315111 StatePosition=1->1 MotionBefore=Troll_Stand_Fist_Fist_P0_Attack_Hit_N_Fwd_00_%_00_P0_100.xmot MotionAfter=Troll_Stand_Fist_Fist_P0_Attack_Hit_N_Fwd_00_%_00_P0_100.xmot Right=TrollFist RightUseType=55 RightGroup=7->7 NativeResult=1 OBSERVE_NATIVE=1
CORE RAW55_NORMAL_CALLBACK_BOUNDARY Actor=Troll C1=19 SameC1=1 SameRight=1 Action=1->1 Phase=1->1 StateTime=0.323444->0.323444 StatePosition=1->1 MotionBefore=Troll_Stand_Fist_Fist_P0_Attack_Hit_N_Fwd_00_%_00_P0_100.xmot MotionAfter=Troll_Stand_Fist_Fist_P0_Attack_Hit_N_Fwd_00_%_00_P0_100.xmot Right=TrollFist RightUseType=55 RightGroup=7->7 NativeResult=1 OBSERVE_NATIVE=1
CORE RAW55_NORMAL_CALLBACK_BOUNDARY Actor=Troll C1=19 SameC1=1 SameRight=1 Action=1->1 Phase=1->1 StateTime=0.331778->0.331778 StatePosition=1->1 MotionBefore=Troll_Stand_Fist_Fist_P0_Attack_Hit_N_Fwd_00_%_00_P0_100.xmot MotionAfter=Troll_Stand_Fist_Fist_P0_Attack_Hit_N_Fwd_00_%_00_P0_100.xmot Right=TrollFist RightUseType=55 RightGroup=7->7 NativeResult=1 OBSERVE_NATIVE=1
CORE RAW55_NORMAL_CALLBACK_BOUNDARY Actor=Troll C1=19 SameC1=1 SameRight=1 Action=1->1 Phase=1->1 StateTime=0.340111->0.340111 StatePosition=1->1 MotionBefore=Troll_Stand_Fist_Fist_P0_Attack_Hit_N_Fwd_00_%_00_P0_100.xmot MotionAfter=Troll_Stand_Fist_Fist_P0_Attack_Hit_N_Fwd_00_%_00_P0_100.xmot Right=TrollFist RightUseType=55 RightGroup=7->7 NativeResult=1 OBSERVE_NATIVE=1
CORE RAW55_NORMAL_CALLBACK_BOUNDARY Actor=Troll C1=19 SameC1=1 SameRight=1 Action=1->1 Phase=1->1 StateTime=0.349067->0.349067 StatePosition=1->1 MotionBefore=Troll_Stand_Fist_Fist_P0_Attack_Hit_N_Fwd_00_%_00_P0_100.xmot MotionAfter=Troll_Stand_Fist_Fist_P0_Attack_Hit_N_Fwd_00_%_00_P0_100.xmot Right=TrollFist RightUseType=55 RightGroup=7->7 NativeResult=1 OBSERVE_NATIVE=1
CORE RAW55_NORMAL_CALLBACK_BOUNDARY Actor=Troll C1=19 SameC1=1 SameRight=1 Action=1->1 Phase=1->1 StateTime=0.357401->0.357401 StatePosition=1->1 MotionBefore=Troll_Stand_Fist_Fist_P0_Attack_Hit_N_Fwd_00_%_00_P0_100.xmot MotionAfter=Troll_Stand_Fist_Fist_P0_Attack_Hit_N_Fwd_00_%_00_P0_100.xmot Right=TrollFist RightUseType=55 RightGroup=7->7 NativeResult=1 OBSERVE_NATIVE=1
CORE RAW55_NORMAL_CALLBACK_BOUNDARY Actor=Troll C1=19 SameC1=1 SameRight=1 Action=1->1 Phase=1->1 StateTime=0.365734->0.365734 StatePosition=1->1 MotionBefore=Troll_Stand_Fist_Fist_P0_Attack_Hit_N_Fwd_00_%_00_P0_100.xmot MotionAfter=Troll_Stand_Fist_Fist_P0_Attack_Hit_N_Fwd_00_%_00_P0_100.xmot Right=TrollFist RightUseType=55 RightGroup=7->7 NativeResult=1 OBSERVE_NATIVE=1
CORE RAW55_NORMAL_CALLBACK_BOUNDARY Actor=Troll C1=19 SameC1=1 SameRight=1 Action=1->1 Phase=1->1 StateTime=0.374067->0.374067 StatePosition=1->1 MotionBefore=Troll_Stand_Fist_Fist_P0_Attack_Hit_N_Fwd_00_%_00_P0_100.xmot MotionAfter=Troll_Stand_Fist_Fist_P0_Attack_Hit_N_Fwd_00_%_00_P0_100.xmot Right=TrollFist RightUseType=55 RightGroup=7->7 NativeResult=1 OBSERVE_NATIVE=1
CORE RAW55_NORMAL_CALLBACK_BOUNDARY Actor=Troll C1=19 SameC1=1 SameRight=1 Action=1->1 Phase=1->1 StateTime=0.383023->0.383023 StatePosition=1->1 MotionBefore=Troll_Stand_Fist_Fist_P0_Attack_Hit_N_Fwd_00_%_00_P0_100.xmot MotionAfter=Troll_Stand_Fist_Fist_P0_Attack_Hit_N_Fwd_00_%_00_P0_100.xmot Right=TrollFist RightUseType=55 RightGroup=7->7 NativeResult=1 OBSERVE_NATIVE=1
CORE RAW55_NORMAL_CALLBACK_BOUNDARY Actor=Troll C1=19 SameC1=1 SameRight=1 Action=1->1 Phase=1->1 StateTime=0.391357->0.391357 StatePosition=1->1 MotionBefore=Troll_Stand_Fist_Fist_P0_Attack_Hit_N_Fwd_00_%_00_P0_100.xmot MotionAfter=Troll_Stand_Fist_Fist_P0_Attack_Hit_N_Fwd_00_%_00_P0_100.xmot Right=TrollFist RightUseType=55 RightGroup=7->7 NativeResult=1 OBSERVE_NATIVE=1
CORE RAW55_NORMAL_CALLBACK_BOUNDARY Actor=Troll C1=19 SameC1=1 SameRight=1 Action=1->1 Phase=1->1 StateTime=0.400313->0.400313 StatePosition=1->1 MotionBefore=Troll_Stand_Fist_Fist_P0_Attack_Hit_N_Fwd_00_%_00_P0_100.xmot MotionAfter=Troll_Stand_Fist_Fist_P0_Attack_Hit_N_Fwd_00_%_00_P0_100.xmot Right=TrollFist RightUseType=55 RightGroup=7->7 NativeResult=1 OBSERVE_NATIVE=1
CORE RAW55_NORMAL_CALLBACK_BOUNDARY Actor=Troll C1=19 SameC1=1 SameRight=1 Action=1->1 Phase=1->1 StateTime=0.408646->0.408646 StatePosition=1->1 MotionBefore=Troll_Stand_Fist_Fist_P0_Attack_Hit_N_Fwd_00_%_00_P0_100.xmot MotionAfter=Troll_Stand_Fist_Fist_P0_Attack_Hit_N_Fwd_00_%_00_P0_100.xmot Right=TrollFist RightUseType=55 RightGroup=7->7 NativeResult=1 OBSERVE_NATIVE=1
CORE RAW55_NORMAL_CALLBACK_BOUNDARY Actor=Troll C1=19 SameC1=1 SameRight=1 Action=1->1 Phase=1->1 StateTime=0.416980->0.416980 StatePosition=1->1 MotionBefore=Troll_Stand_Fist_Fist_P0_Attack_Hit_N_Fwd_00_%_00_P0_100.xmot MotionAfter=Troll_Stand_Fist_Fist_P0_Attack_Hit_N_Fwd_00_%_00_P0_100.xmot Right=TrollFist RightUseType=55 RightGroup=7->7 NativeResult=1 OBSERVE_NATIVE=1
CORE RAW55_NORMAL_CALLBACK_BOUNDARY Actor=Troll C1=19 SameC1=1 SameRight=1 Action=1->1 Phase=1->1 StateTime=0.425313->0.425313 StatePosition=1->1 MotionBefore=Troll_Stand_Fist_Fist_P0_Attack_Hit_N_Fwd_00_%_00_P0_100.xmot MotionAfter=Troll_Stand_Fist_Fist_P0_Attack_Hit_N_Fwd_00_%_00_P0_100.xmot Right=TrollFist RightUseType=55 RightGroup=7->7 NativeResult=1 OBSERVE_NATIVE=1
CORE RAW55_NORMAL_CALLBACK_BOUNDARY Actor=Troll C1=19 SameC1=1 SameRight=1 Action=1->1 Phase=1->1 StateTime=0.434269->0.434269 StatePosition=1->1 MotionBefore=Troll_Stand_Fist_Fist_P0_Attack_Hit_N_Fwd_00_%_00_P0_100.xmot MotionAfter=Troll_Stand_Fist_Fist_P0_Attack_Hit_N_Fwd_00_%_00_P0_100.xmot Right=TrollFist RightUseType=55 RightGroup=7->7 NativeResult=1 OBSERVE_NATIVE=1
CORE RAW55_NORMAL_CALLBACK_BOUNDARY Actor=Troll C1=19 SameC1=1 SameRight=1 Action=1->1 Phase=1->1 StateTime=0.442602->0.442602 StatePosition=1->1 MotionBefore=Troll_Stand_Fist_Fist_P0_Attack_Hit_N_Fwd_00_%_00_P0_100.xmot MotionAfter=Troll_Stand_Fist_Fist_P0_Attack_Hit_N_Fwd_00_%_00_P0_100.xmot Right=TrollFist RightUseType=55 RightGroup=7->7 NativeResult=1 OBSERVE_NATIVE=1
CORE RAW55_NORMAL_CALLBACK_BOUNDARY Actor=Troll C1=19 SameC1=1 SameRight=1 Action=1->1 Phase=1->1 StateTime=0.451559->0.451559 StatePosition=1->1 MotionBefore=Troll_Stand_Fist_Fist_P0_Attack_Hit_N_Fwd_00_%_00_P0_100.xmot MotionAfter=Troll_Stand_Fist_Fist_P0_Attack_Hit_N_Fwd_00_%_00_P0_100.xmot Right=TrollFist RightUseType=55 RightGroup=7->7 NativeResult=1 OBSERVE_NATIVE=1
CORE RAW55_NORMAL_CALLBACK_BOUNDARY Actor=Troll C1=19 SameC1=1 SameRight=1 Action=1->1 Phase=1->1 StateTime=0.459892->0.459892 StatePosition=1->1 MotionBefore=Troll_Stand_Fist_Fist_P0_Attack_Hit_N_Fwd_00_%_00_P0_100.xmot MotionAfter=Troll_Stand_Fist_Fist_P0_Attack_Hit_N_Fwd_00_%_00_P0_100.xmot Right=TrollFist RightUseType=55 RightGroup=7->7 NativeResult=1 OBSERVE_NATIVE=1
CORE RAW55_NORMAL_CALLBACK_BOUNDARY Actor=Troll C1=19 SameC1=1 SameRight=1 Action=1->1 Phase=1->1 StateTime=0.468225->0.468225 StatePosition=1->1 MotionBefore=Troll_Stand_Fist_Fist_P0_Attack_Hit_N_Fwd_00_%_00_P0_100.xmot MotionAfter=Troll_Stand_Fist_Fist_P0_Attack_Hit_N_Fwd_00_%_00_P0_100.xmot Right=TrollFist RightUseType=55 RightGroup=7->7 NativeResult=1 OBSERVE_NATIVE=1
CORE RAW55_NORMAL_CALLBACK_BOUNDARY Actor=Troll C1=19 SameC1=1 SameRight=1 Action=1->1 Phase=1->1 StateTime=0.476559->0.476559 StatePosition=1->1 MotionBefore=Troll_Stand_Fist_Fist_P0_Attack_Hit_N_Fwd_00_%_00_P0_100.xmot MotionAfter=Troll_Stand_Fist_Fist_P0_Attack_Hit_N_Fwd_00_%_00_P0_100.xmot Right=TrollFist RightUseType=55 RightGroup=7->7 NativeResult=1 OBSERVE_NATIVE=1
CORE RAW55_NORMAL_CALLBACK_BOUNDARY Actor=Troll C1=19 SameC1=1 SameRight=1 Action=1->1 Phase=1->1 StateTime=0.485529->0.485529 StatePosition=1->1 MotionBefore=Troll_Stand_Fist_Fist_P0_Attack_Hit_N_Fwd_00_%_00_P0_100.xmot MotionAfter=Troll_Stand_Fist_Fist_P0_Attack_Hit_N_Fwd_00_%_00_P0_100.xmot Right=TrollFist RightUseType=55 RightGroup=7->7 NativeResult=1 OBSERVE_NATIVE=1
CORE RAW55_NORMAL_CALLBACK_BOUNDARY Actor=Troll C1=19 SameC1=1 SameRight=1 Action=1->1 Phase=1->1 StateTime=0.493863->0.493863 StatePosition=1->1 MotionBefore=Troll_Stand_Fist_Fist_P0_Attack_Hit_N_Fwd_00_%_00_P0_100.xmot MotionAfter=Troll_Stand_Fist_Fist_P0_Attack_Hit_N_Fwd_00_%_00_P0_100.xmot Right=TrollFist RightUseType=55 RightGroup=7->7 NativeResult=1 OBSERVE_NATIVE=1
CORE RAW55_NORMAL_CALLBACK_BOUNDARY Actor=Troll C1=19 SameC1=1 SameRight=1 Action=1->1 Phase=1->1 StateTime=0.502196->0.502196 StatePosition=1->1 MotionBefore=Troll_Stand_Fist_Fist_P0_Attack_Hit_N_Fwd_00_%_00_P0_100.xmot MotionAfter=Troll_Stand_Fist_Fist_P0_Attack_Hit_N_Fwd_00_%_00_P0_100.xmot Right=TrollFist RightUseType=55 RightGroup=7->7 NativeResult=1 OBSERVE_NATIVE=1
CORE RAW55_NORMAL_CALLBACK_BOUNDARY Actor=Troll C1=19 SameC1=1 SameRight=1 Action=1->1 Phase=1->1 StateTime=0.510529->0.510529 StatePosition=1->1 MotionBefore=Troll_Stand_Fist_Fist_P0_Attack_Hit_N_Fwd_00_%_00_P0_100.xmot MotionAfter=Troll_Stand_Fist_Fist_P0_Attack_Hit_N_Fwd_00_%_00_P0_100.xmot Right=TrollFist RightUseType=55 RightGroup=7->7 NativeResult=1 OBSERVE_NATIVE=1
CORE RAW55_NORMAL_CALLBACK_BOUNDARY Actor=Troll C1=19 SameC1=1 SameRight=1 Action=1->1 Phase=1->1 StateTime=0.519486->0.519486 StatePosition=1->1 MotionBefore=Troll_Stand_Fist_Fist_P0_Attack_Hit_N_Fwd_00_%_00_P0_100.xmot MotionAfter=Troll_Stand_Fist_Fist_P0_Attack_Hit_N_Fwd_00_%_00_P0_100.xmot Right=TrollFist RightUseType=55 RightGroup=7->7 NativeResult=1 OBSERVE_NATIVE=1
CORE RAW55_NORMAL_CALLBACK_BOUNDARY Actor=Troll C1=19 SameC1=1 SameRight=1 Action=1->1 Phase=1->1 StateTime=0.527819->0.527819 StatePosition=1->1 MotionBefore=Troll_Stand_Fist_Fist_P0_Attack_Hit_N_Fwd_00_%_00_P0_100.xmot MotionAfter=Troll_Stand_Fist_Fist_P0_Attack_Hit_N_Fwd_00_%_00_P0_100.xmot Right=TrollFist RightUseType=55 RightGroup=7->7 NativeResult=1 OBSERVE_NATIVE=1
CORE RAW55_NORMAL_CALLBACK_BOUNDARY Actor=Troll C1=19 SameC1=1 SameRight=1 Action=1->1 Phase=1->1 StateTime=0.536152->0.536152 StatePosition=1->1 MotionBefore=Troll_Stand_Fist_Fist_P0_Attack_Hit_N_Fwd_00_%_00_P0_100.xmot MotionAfter=Troll_Stand_Fist_Fist_P0_Attack_Hit_N_Fwd_00_%_00_P0_100.xmot Right=TrollFist RightUseType=55 RightGroup=7->7 NativeResult=1 OBSERVE_NATIVE=1
CORE RAW55_NORMAL_CALLBACK_BOUNDARY Actor=Troll C1=19 SameC1=1 SameRight=1 Action=1->1 Phase=1->1 StateTime=0.545123->0.545123 StatePosition=1->1 MotionBefore=Troll_Stand_Fist_Fist_P0_Attack_Hit_N_Fwd_00_%_00_P0_100.xmot MotionAfter=Troll_Stand_Fist_Fist_P0_Attack_Hit_N_Fwd_00_%_00_P0_100.xmot Right=TrollFist RightUseType=55 RightGroup=7->7 NativeResult=1 OBSERVE_NATIVE=1
CORE RAW55_NORMAL_CALLBACK_BOUNDARY Actor=Troll C1=19 SameC1=1 SameRight=1 Action=1->1 Phase=1->1 StateTime=0.553456->0.553456 StatePosition=1->1 MotionBefore=Troll_Stand_Fist_Fist_P0_Attack_Hit_N_Fwd_00_%_00_P0_100.xmot MotionAfter=Troll_Stand_Fist_Fist_P0_Attack_Hit_N_Fwd_00_%_00_P0_100.xmot Right=TrollFist RightUseType=55 RightGroup=7->7 NativeResult=1 OBSERVE_NATIVE=1
CORE RAW55_NORMAL_CALLBACK_BOUNDARY Actor=Troll C1=19 SameC1=1 SameRight=1 Action=1->1 Phase=1->1 StateTime=0.561789->0.561789 StatePosition=1->1 MotionBefore=Troll_Stand_Fist_Fist_P0_Attack_Hit_N_Fwd_00_%_00_P0_100.xmot MotionAfter=Troll_Stand_Fist_Fist_P0_Attack_Hit_N_Fwd_00_%_00_P0_100.xmot Right=TrollFist RightUseType=55 RightGroup=7->7 NativeResult=1 OBSERVE_NATIVE=1
CORE RAW55_NORMAL_CALLBACK_BOUNDARY Actor=Troll C1=19 SameC1=1 SameRight=1 Action=1->1 Phase=1->1 StateTime=0.570123->0.570123 StatePosition=1->1 MotionBefore=Troll_Stand_Fist_Fist_P0_Attack_Hit_N_Fwd_00_%_00_P0_100.xmot MotionAfter=Troll_Stand_Fist_Fist_P0_Attack_Hit_N_Fwd_00_%_00_P0_100.xmot Right=TrollFist RightUseType=55 RightGroup=7->7 NativeResult=1 OBSERVE_NATIVE=1
CORE RAW55_NORMAL_CALLBACK_BOUNDARY Actor=Troll C1=19 SameC1=1 SameRight=1 Action=1->1 Phase=1->1 StateTime=0.578456->0.578456 StatePosition=1->1 MotionBefore=Troll_Stand_Fist_Fist_P0_Attack_Hit_N_Fwd_00_%_00_P0_100.xmot MotionAfter=Troll_Stand_Fist_Fist_P0_Attack_Hit_N_Fwd_00_%_00_P0_100.xmot Right=TrollFist RightUseType=55 RightGroup=7->7 NativeResult=1 OBSERVE_NATIVE=1
CORE RAW55_NORMAL_CALLBACK_BOUNDARY Actor=Troll C1=19 SameC1=1 SameRight=1 Action=1->1 Phase=1->1 StateTime=0.586789->0.586789 StatePosition=1->1 MotionBefore=Troll_Stand_Fist_Fist_P0_Attack_Hit_N_Fwd_00_%_00_P0_100.xmot MotionAfter=Troll_Stand_Fist_Fist_P0_Attack_Hit_N_Fwd_00_%_00_P0_100.xmot Right=TrollFist RightUseType=55 RightGroup=7->7 NativeResult=1 OBSERVE_NATIVE=1
CORE RAW55_NORMAL_CALLBACK_BOUNDARY Actor=Troll C1=19 SameC1=1 SameRight=1 Action=1->1 Phase=1->1 StateTime=0.595745->0.595745 StatePosition=1->1 MotionBefore=Troll_Stand_Fist_Fist_P0_Attack_Hit_N_Fwd_00_%_00_P0_100.xmot MotionAfter=Troll_Stand_Fist_Fist_P0_Attack_Hit_N_Fwd_00_%_00_P0_100.xmot Right=TrollFist RightUseType=55 RightGroup=7->7 NativeResult=1 OBSERVE_NATIVE=1
===== CORE MARKER ANOMALY / DISCOVERY =====
ElapsedMs: 37910.198
Actor: Troll
Action: 1
Family: NORMAL
AniPhase: 1
StatePosition: 1
CurrentMovementAni: Troll_Stand_Fist_Fist_P0_Attack_Hit_N_Fwd_00_%_00_P0_100.xmot
MarkerName: G3AB_COL_FIST
MarkerOpcode: FIST
Result: UNSUPPORTED_MISSING_SOURCE
C1GenerationValid: 1
C1Generation: 19
RequiredSourceMask: 0
MissingSourceMask: 0
RightSourceSlot: RIGHT
RightSourceName: TrollFist
RightSourceUseType: 55
RightSourceCollisionGroup: 7
LeftSourceSlot: LEFT
LeftSourceName: TrollFist
LeftSourceUseType: 55
LeftSourceCollisionGroup: 5
Raw8FistSourceName: <none>
Raw8FistSourceUseType: -1
Raw8FistSourceCollisionGroup: -1
===========================================

CORE RAW55_QUICK_REPEAT_FIST_ELIGIBILITY Actor=Troll Action=1 StatePosition=1 StateTime=0.604079 MarkerOpcode=4 ResultOpcode=4 ResultCode=2 CurrentC1Valid=1 CurrentC1=19 StoredC1=16 SameC1=0 CurrentRight=E6EAF010 StoredRight=E6EAF010 SameRight=1 ResultRightMatchesStored=1 RightUseType=55 RightGroup=7 InterventionUsed=1 PreStateFistProven=1 LaterFistRearmUsed=1 DecisionFoundMotion=1 DecisionScanValid=1 DecisionMarkerPresent=1 DecisionHasFist=1 DecisionFistCount=2 DecisionRightCount=0 DecisionLeftCount=0 DecisionBothCount=0 DecisionOffCount=0 RequiredSourceMask=0 Raw8ResolverAbsent=1 QuickHit=0 Eligible=0 FirstFailedGate=C1_MISMATCH
CORE RAW55_NORMAL_CALLBACK_BOUNDARY Actor=Troll C1=19 SameC1=1 SameRight=1 Action=1->1 Phase=1->1 StateTime=0.604079->0.604079 StatePosition=1->1 MotionBefore=Troll_Stand_Fist_Fist_P0_Attack_Hit_N_Fwd_00_%_00_P0_100.xmot MotionAfter=Troll_Stand_Fist_Fist_P0_Attack_Hit_N_Fwd_00_%_00_P0_100.xmot Right=TrollFist RightUseType=55 RightGroup=7->7 NativeResult=1 OBSERVE_NATIVE=1
CORE RAW55_NORMAL_CALLBACK_BOUNDARY Actor=Troll C1=19 SameC1=1 SameRight=1 Action=1->1 Phase=1->1 StateTime=0.612412->0.612412 StatePosition=1->1 MotionBefore=Troll_Stand_Fist_Fist_P0_Attack_Hit_N_Fwd_00_%_00_P0_100.xmot MotionAfter=Troll_Stand_Fist_Fist_P0_Attack_Hit_N_Fwd_00_%_00_P0_100.xmot Right=TrollFist RightUseType=55 RightGroup=7->7 NativeResult=1 OBSERVE_NATIVE=1
CORE RAW55_NORMAL_CALLBACK_BOUNDARY Actor=Troll C1=19 SameC1=1 SameRight=1 Action=1->1 Phase=1->1 StateTime=0.620745->0.620745 StatePosition=1->1 MotionBefore=Troll_Stand_Fist_Fist_P0_Attack_Hit_N_Fwd_00_%_00_P0_100.xmot MotionAfter=Troll_Stand_Fist_Fist_P0_Attack_Hit_N_Fwd_00_%_00_P0_100.xmot Right=TrollFist RightUseType=55 RightGroup=7->7 NativeResult=1 OBSERVE_NATIVE=1
CORE RAW55_NORMAL_CALLBACK_BOUNDARY Actor=Troll C1=19 SameC1=1 SameRight=1 Action=1->1 Phase=1->1 StateTime=0.629079->0.629079 StatePosition=1->1 MotionBefore=Troll_Stand_Fist_Fist_P0_Attack_Hit_N_Fwd_00_%_00_P0_100.xmot MotionAfter=Troll_Stand_Fist_Fist_P0_Attack_Hit_N_Fwd_00_%_00_P0_100.xmot Right=TrollFist RightUseType=55 RightGroup=7->7 NativeResult=1 OBSERVE_NATIVE=1
CORE RAW55_NORMAL_CALLBACK_BOUNDARY Actor=Troll C1=19 SameC1=1 SameRight=1 Action=1->1 Phase=1->1 StateTime=0.637412->0.637412 StatePosition=1->1 MotionBefore=Troll_Stand_Fist_Fist_P0_Attack_Hit_N_Fwd_00_%_00_P0_100.xmot MotionAfter=Troll_Stand_Fist_Fist_P0_Attack_Hit_N_Fwd_00_%_00_P0_100.xmot Right=TrollFist RightUseType=55 RightGroup=7->7 NativeResult=1 OBSERVE_NATIVE=1
CORE RAW55_NORMAL_CALLBACK_BOUNDARY Actor=Troll C1=19 SameC1=1 SameRight=1 Action=1->1 Phase=1->1 StateTime=0.645745->0.645745 StatePosition=1->1 MotionBefore=Troll_Stand_Fist_Fist_P0_Attack_Hit_N_Fwd_00_%_00_P0_100.xmot MotionAfter=Troll_Stand_Fist_Fist_P0_Attack_Hit_N_Fwd_00_%_00_P0_100.xmot Right=TrollFist RightUseType=55 RightGroup=7->7 NativeResult=1 OBSERVE_NATIVE=1
CORE RAW55_NORMAL_CALLBACK_BOUNDARY Actor=Troll C1=19 SameC1=1 SameRight=1 Action=1->1 Phase=1->1 StateTime=0.654701->0.654701 StatePosition=1->1 MotionBefore=Troll_Stand_Fist_Fist_P0_Attack_Hit_N_Fwd_00_%_00_P0_100.xmot MotionAfter=Troll_Stand_Fist_Fist_P0_Attack_Hit_N_Fwd_00_%_00_P0_100.xmot Right=TrollFist RightUseType=55 RightGroup=7->7 NativeResult=1 OBSERVE_NATIVE=1
CORE RAW55_NORMAL_CALLBACK_BOUNDARY Actor=Troll C1=19 SameC1=1 SameRight=1 Action=1->1 Phase=1->1 StateTime=0.663035->0.663035 StatePosition=1->1 MotionBefore=Troll_Stand_Fist_Fist_P0_Attack_Hit_N_Fwd_00_%_00_P0_100.xmot MotionAfter=Troll_Stand_Fist_Fist_P0_Attack_Hit_N_Fwd_00_%_00_P0_100.xmot Right=TrollFist RightUseType=55 RightGroup=7->7 NativeResult=1 OBSERVE_NATIVE=1
CORE RAW55_NORMAL_CALLBACK_BOUNDARY Actor=Troll C1=19 SameC1=1 SameRight=1 Action=1->1 Phase=1->1 StateTime=0.672976->0.672976 StatePosition=1->1 MotionBefore=Troll_Stand_Fist_Fist_P0_Attack_Hit_N_Fwd_00_%_00_P0_100.xmot MotionAfter=Troll_Stand_Fist_Fist_P0_Attack_Hit_N_Fwd_00_%_00_P0_100.xmot Right=TrollFist RightUseType=55 RightGroup=7->7 NativeResult=1 OBSERVE_NATIVE=1
CORE RAW55_NORMAL_CALLBACK_BOUNDARY Actor=Troll C1=19 SameC1=1 SameRight=1 Action=1->1 Phase=1->1 StateTime=0.681309->0.681309 StatePosition=1->1 MotionBefore=Troll_Stand_Fist_Fist_P0_Attack_Hit_N_Fwd_00_%_00_P0_100.xmot MotionAfter=Troll_Stand_Fist_Fist_P0_Attack_Hit_N_Fwd_00_%_00_P0_100.xmot Right=TrollFist RightUseType=55 RightGroup=7->7 NativeResult=1 OBSERVE_NATIVE=1
CORE RAW55_NORMAL_CALLBACK_BOUNDARY Actor=Troll C1=19 SameC1=1 SameRight=1 Action=1->1 Phase=1->1 StateTime=0.690266->0.690266 StatePosition=1->1 MotionBefore=Troll_Stand_Fist_Fist_P0_Attack_Hit_N_Fwd_00_%_00_P0_100.xmot MotionAfter=Troll_Stand_Fist_Fist_P0_Attack_Hit_N_Fwd_00_%_00_P0_100.xmot Right=TrollFist RightUseType=55 RightGroup=7->7 NativeResult=1 OBSERVE_NATIVE=1
CORE RAW55_NORMAL_CALLBACK_BOUNDARY Actor=Troll C1=19 SameC1=1 SameRight=1 Action=1->1 Phase=1->1 StateTime=0.698599->0.698599 StatePosition=1->1 MotionBefore=Troll_Stand_Fist_Fist_P0_Attack_Hit_N_Fwd_00_%_00_P0_100.xmot MotionAfter=Troll_Stand_Fist_Fist_P0_Attack_Hit_N_Fwd_00_%_00_P0_100.xmot Right=TrollFist RightUseType=55 RightGroup=7->7 NativeResult=1 OBSERVE_NATIVE=1
CORE RAW55_NORMAL_CALLBACK_BOUNDARY Actor=Troll C1=19 SameC1=1 SameRight=1 Action=1->1 Phase=1->1 StateTime=0.706932->0.706932 StatePosition=1->1 MotionBefore=Troll_Stand_Fist_Fist_P0_Attack_Hit_N_Fwd_00_%_00_P0_100.xmot MotionAfter=Troll_Stand_Fist_Fist_P0_Attack_Hit_N_Fwd_00_%_00_P0_100.xmot Right=TrollFist RightUseType=55 RightGroup=7->7 NativeResult=1 OBSERVE_NATIVE=1
CORE RAW55_NORMAL_CALLBACK_BOUNDARY Actor=Troll C1=19 SameC1=1 SameRight=1 Action=1->1 Phase=1->1 StateTime=0.715266->0.715266 StatePosition=1->1 MotionBefore=Troll_Stand_Fist_Fist_P0_Attack_Hit_N_Fwd_00_%_00_P0_100.xmot MotionAfter=Troll_Stand_Fist_Fist_P0_Attack_Hit_N_Fwd_00_%_00_P0_100.xmot Right=TrollFist RightUseType=55 RightGroup=7->7 NativeResult=1 OBSERVE_NATIVE=1
CORE ONDAMAGE ElapsedMs=38017.916 Ordinal=12 Target=PC_Hero Arg1=PC_Hero Arg2=PC_Hero Caller=Game.dll+0x00069484 PlayerAction=0 PlayerPhase=12 PlayerMotion=Hero_Stand_None_None_P0_Ambient_Ambient_N_Fwd_04_%_00_P0_0.xmot Raw8Fist=<none> Raw8UseType=-1 Raw8Group=-1
CORE RAW55_NORMAL_CALLBACK_BOUNDARY Actor=Troll C1=19 SameC1=1 SameRight=1 Action=1->1 Phase=1->1 StateTime=0.723599->0.723599 StatePosition=1->1 MotionBefore=Troll_Stand_Fist_Fist_P0_Attack_Hit_N_Fwd_00_%_00_P0_100.xmot MotionAfter=Troll_Stand_Fist_Fist_P0_Attack_Hit_N_Fwd_00_%_00_P0_100.xmot Right=TrollFist RightUseType=55 RightGroup=7->7 NativeResult=1 OBSERVE_NATIVE=1
CORE C1_START ElapsedMs=38027.195 Actor=PC_Hero Generation=20 Status=CANDIDATE Outstanding=0 TrackedSources=0 ReplacedGeneration=0 ReplacedOutstanding=0
CORE C1_BIND ElapsedMs=38027.203 Event=COMBAT_MOVE_CANDIDATE_BOUND Actor=PC_Hero Generation=20 Status=CANDIDATE Outstanding=0 Source=<null> Script=_AI_Stumble
CORE C1_STATUS ElapsedMs=38027.256 Event=PERSISTED Actor=PC_Hero Generation=20 Status=PERSISTED Outstanding=0
CORE RAW55_NORMAL_CALLBACK_BOUNDARY Actor=Troll C1=19 SameC1=1 SameRight=1 Action=1->1 Phase=1->1 StateTime=0.731932->0.731932 StatePosition=1->1 MotionBefore=Troll_Stand_Fist_Fist_P0_Attack_Hit_N_Fwd_00_%_00_P0_100.xmot MotionAfter=Troll_Stand_Fist_Fist_P0_Attack_Hit_N_Fwd_00_%_00_P0_100.xmot Right=TrollFist RightUseType=55 RightGroup=7->7 NativeResult=1 OBSERVE_NATIVE=1
CORE RAW55_NORMAL_CALLBACK_BOUNDARY Actor=Troll C1=19 SameC1=1 SameRight=1 Action=1->1 Phase=1->1 StateTime=0.740903->0.740903 StatePosition=1->1 MotionBefore=Troll_Stand_Fist_Fist_P0_Attack_Hit_N_Fwd_00_%_00_P0_100.xmot MotionAfter=Troll_Stand_Fist_Fist_P0_Attack_Hit_N_Fwd_00_%_00_P0_100.xmot Right=TrollFist RightUseType=55 RightGroup=7->7 NativeResult=1 OBSERVE_NATIVE=1
CORE RAW55_NORMAL_CALLBACK_BOUNDARY Actor=Troll C1=19 SameC1=1 SameRight=1 Action=1->1 Phase=1->1 StateTime=0.749236->0.749236 StatePosition=1->1 MotionBefore=Troll_Stand_Fist_Fist_P0_Attack_Hit_N_Fwd_00_%_00_P0_100.xmot MotionAfter=Troll_Stand_Fist_Fist_P0_Attack_Hit_N_Fwd_00_%_00_P0_100.xmot Right=TrollFist RightUseType=55 RightGroup=7->7 NativeResult=1 OBSERVE_NATIVE=1
CORE RAW55_NORMAL_CALLBACK_BOUNDARY Actor=Troll C1=19 SameC1=1 SameRight=1 Action=1->1 Phase=1->1 StateTime=0.757569->0.757569 StatePosition=1->1 MotionBefore=Troll_Stand_Fist_Fist_P0_Attack_Hit_N_Fwd_00_%_00_P0_100.xmot MotionAfter=Troll_Stand_Fist_Fist_P0_Attack_Hit_N_Fwd_00_%_00_P0_100.xmot Right=TrollFist RightUseType=55 RightGroup=7->7 NativeResult=1 OBSERVE_NATIVE=1
CORE RAW55_NORMAL_CALLBACK_BOUNDARY Actor=Troll C1=19 SameC1=1 SameRight=1 Action=1->1 Phase=1->1 StateTime=0.765903->0.765903 StatePosition=1->1 MotionBefore=Troll_Stand_Fist_Fist_P0_Attack_Hit_N_Fwd_00_%_00_P0_100.xmot MotionAfter=Troll_Stand_Fist_Fist_P0_Attack_Hit_N_Fwd_00_%_00_P0_100.xmot Right=TrollFist RightUseType=55 RightGroup=7->7 NativeResult=1 OBSERVE_NATIVE=1
CORE RAW55_NORMAL_CALLBACK_BOUNDARY Actor=Troll C1=19 SameC1=1 SameRight=1 Action=1->1 Phase=1->1 StateTime=0.774859->0.774859 StatePosition=1->1 MotionBefore=Troll_Stand_Fist_Fist_P0_Attack_Hit_N_Fwd_00_%_00_P0_100.xmot MotionAfter=Troll_Stand_Fist_Fist_P0_Attack_Hit_N_Fwd_00_%_00_P0_100.xmot Right=TrollFist RightUseType=55 RightGroup=7->7 NativeResult=1 OBSERVE_NATIVE=1
CORE RAW55_NORMAL_CALLBACK_BOUNDARY Actor=Troll C1=19 SameC1=1 SameRight=1 Action=1->1 Phase=1->1 StateTime=0.783192->0.783192 StatePosition=1->1 MotionBefore=Troll_Stand_Fist_Fist_P0_Attack_Hit_N_Fwd_00_%_00_P0_100.xmot MotionAfter=Troll_Stand_Fist_Fist_P0_Attack_Hit_N_Fwd_00_%_00_P0_100.xmot Right=TrollFist RightUseType=55 RightGroup=7->7 NativeResult=1 OBSERVE_NATIVE=1
CORE RAW55_NORMAL_CALLBACK_BOUNDARY Actor=Troll C1=19 SameC1=1 SameRight=1 Action=1->1 Phase=1->1 StateTime=0.791525->0.791525 StatePosition=1->1 MotionBefore=Troll_Stand_Fist_Fist_P0_Attack_Hit_N_Fwd_00_%_00_P0_100.xmot MotionAfter=Troll_Stand_Fist_Fist_P0_Attack_Hit_N_Fwd_00_%_00_P0_100.xmot Right=TrollFist RightUseType=55 RightGroup=7->7 NativeResult=1 OBSERVE_NATIVE=1
CORE RAW55_NORMAL_CALLBACK_BOUNDARY Actor=Troll C1=19 SameC1=1 SameRight=1 Action=1->1 Phase=1->1 StateTime=0.799859->0.799859 StatePosition=1->1 MotionBefore=Troll_Stand_Fist_Fist_P0_Attack_Hit_N_Fwd_00_%_00_P0_100.xmot MotionAfter=Troll_Stand_Fist_Fist_P0_Attack_Hit_N_Fwd_00_%_00_P0_100.xmot Right=TrollFist RightUseType=55 RightGroup=7->7 NativeResult=1 OBSERVE_NATIVE=1
CORE COLLISION_GROUP ElapsedMs=38106.513 Source=TrollFist UseType=55 Owner=Troll Slot=RIGHT Requested=5 Before=7 After=5 MarkerBitsRetired=0
CORE C1 CLEANUP FULFILLED ElapsedMs=38106.533 Actor=Troll Generation=19 Status=PERSISTED Source=TrollFist Side=RIGHT Requests=2 Outstanding=0 CleanupObserved=1 Group=5
CORE C1_FINAL ElapsedMs=38106.559 Actor=Troll Generation=19 Status=PERSISTED SourceCount=2 PhysicalChanged=0 Source[0]=TrollFist Side=RIGHT Outstanding=0 Cleanup=1 Outcome=NO_OP_NO_OUTSTANDING Source[1]=TrollFist Side=LEFT Outstanding=0 Cleanup=0 Outcome=NO_OP_NO_OUTSTANDING
CORE C1_FINAL ElapsedMs=38299.546 Actor=PC_Hero Generation=20 Status=PERSISTED SourceCount=0 PhysicalChanged=0
CORE C1_START ElapsedMs=39273.767 Actor=Troll Generation=21 Status=CANDIDATE Outstanding=0 TrackedSources=2 ReplacedGeneration=0 ReplacedOutstanding=0 Source[0]=TrollFist Side=RIGHT Group=5 Source[1]=TrollFist Side=LEFT Group=5
CORE C1_BIND ElapsedMs=39273.780 Event=COMBAT_MOVE_CANDIDATE_BOUND Actor=Troll Generation=21 Status=CANDIDATE Outstanding=0 Source=<null> Script=_AI_Attack
CORE C1_STATUS ElapsedMs=39273.844 Event=PERSISTED Actor=Troll Generation=21 Status=PERSISTED Outstanding=0
CORE RAW55_NORMAL_CALLBACK_BOUNDARY Actor=Troll C1=21 SameC1=1 SameRight=1 Action=1->1 Phase=1->1 StateTime=0.000000->0.000000 StatePosition=0->0 MotionBefore=Troll_Stand_Fist_Fist_P0_Attack_Hit_N_Fwd_00_%_00_P0_100.xmot MotionAfter=Troll_Stand_Fist_Fist_P0_Attack_Hit_N_Fwd_00_%_00_P0_100.xmot Right=TrollFist RightUseType=55 RightGroup=5->5 NativeResult=1 OBSERVE_NATIVE=1
CORE RAW55_NORMAL_CALLBACK_BOUNDARY Actor=Troll C1=21 SameC1=1 SameRight=1 Action=1->1 Phase=1->1 StateTime=0.008333->0.008333 StatePosition=0->0 MotionBefore=Troll_Stand_Fist_Fist_P0_Attack_Hit_N_Fwd_00_%_00_P0_100.xmot MotionAfter=Troll_Stand_Fist_Fist_P0_Attack_Hit_N_Fwd_00_%_00_P0_100.xmot Right=TrollFist RightUseType=55 RightGroup=5->5 NativeResult=1 OBSERVE_NATIVE=1
CORE RAW55_NORMAL_CALLBACK_BOUNDARY Actor=Troll C1=21 SameC1=1 SameRight=1 Action=1->1 Phase=1->1 StateTime=0.016667->0.016667 StatePosition=0->0 MotionBefore=Troll_Stand_Fist_Fist_P0_Attack_Hit_N_Fwd_00_%_00_P0_100.xmot MotionAfter=Troll_Stand_Fist_Fist_P0_Attack_Hit_N_Fwd_00_%_00_P0_100.xmot Right=TrollFist RightUseType=55 RightGroup=5->5 NativeResult=1 OBSERVE_NATIVE=1
CORE RAW55_NORMAL_CALLBACK_BOUNDARY Actor=Troll C1=21 SameC1=1 SameRight=1 Action=1->1 Phase=1->1 StateTime=0.027608->0.027608 StatePosition=0->0 MotionBefore=Troll_Stand_Fist_Fist_P0_Attack_Hit_N_Fwd_00_%_00_P0_100.xmot MotionAfter=Troll_Stand_Fist_Fist_P0_Attack_Hit_N_Fwd_00_%_00_P0_100.xmot Right=TrollFist RightUseType=55 RightGroup=5->5 NativeResult=1 OBSERVE_NATIVE=1
CORE RAW55_NORMAL_CALLBACK_BOUNDARY Actor=Troll C1=21 SameC1=1 SameRight=1 Action=1->1 Phase=1->1 StateTime=0.035941->0.035941 StatePosition=0->0 MotionBefore=Troll_Stand_Fist_Fist_P0_Attack_Hit_N_Fwd_00_%_00_P0_100.xmot MotionAfter=Troll_Stand_Fist_Fist_P0_Attack_Hit_N_Fwd_00_%_00_P0_100.xmot Right=TrollFist RightUseType=55 RightGroup=5->5 NativeResult=1 OBSERVE_NATIVE=1
===== CORE MARKER ANOMALY / DISCOVERY =====
ElapsedMs: 39306.298
Actor: Troll
Action: 1
Family: NORMAL
AniPhase: 1
StatePosition: 0
CurrentMovementAni: Troll_Stand_Fist_Fist_P0_Attack_Hit_N_Fwd_00_%_00_P0_100.xmot
MarkerName: G3AB_COL_FIST
MarkerOpcode: FIST
Result: UNSUPPORTED_MISSING_SOURCE
C1GenerationValid: 1
C1Generation: 21
RequiredSourceMask: 0
MissingSourceMask: 0
RightSourceSlot: RIGHT
RightSourceName: TrollFist
RightSourceUseType: 55
RightSourceCollisionGroup: 5
LeftSourceSlot: LEFT
LeftSourceName: TrollFist
LeftSourceUseType: 55
LeftSourceCollisionGroup: 5
Raw8FistSourceName: <none>
Raw8FistSourceUseType: -1
Raw8FistSourceCollisionGroup: -1
===========================================

CORE COLLISION_GROUP ElapsedMs=39306.335 Source=TrollFist UseType=55 Owner=Troll Slot=RIGHT Requested=7 Before=5 After=7 MarkerBitsRetired=0
CORE C1 OFFENSE REQUEST ElapsedMs=39306.389 Actor=Troll Generation=21 Status=PERSISTED Source=TrollFist Side=RIGHT Requests=1 Outstanding=1 CleanupObserved=0 Group=7
CORE RAW55_NORMAL_PRESTATE_FIST_PROBE Actor=Troll C1=21 Action=1 StatePosition=0 StateTime=0.044274 Right=TrollFist RightUseType=55 GroupBefore=5 RequestedGroup=7 GroupAfter=7 ClearTriggeredList=0 PRESTATE_FIST=1
CORE RAW55_NORMAL_CALLBACK_BOUNDARY Actor=Troll C1=21 SameC1=1 SameRight=1 Action=1->1 Phase=1->1 StateTime=0.044274->0.044274 StatePosition=0->0 MotionBefore=Troll_Stand_Fist_Fist_P0_Attack_Hit_N_Fwd_00_%_00_P0_100.xmot MotionAfter=Troll_Stand_Fist_Fist_P0_Attack_Hit_N_Fwd_00_%_00_P0_100.xmot Right=TrollFist RightUseType=55 RightGroup=7->7 NativeResult=1 OBSERVE_NATIVE=1
CORE RAW55_NORMAL_CALLBACK_BOUNDARY Actor=Troll C1=21 SameC1=1 SameRight=1 Action=1->1 Phase=1->1 StateTime=0.052608->0.052608 StatePosition=0->0 MotionBefore=Troll_Stand_Fist_Fist_P0_Attack_Hit_N_Fwd_00_%_00_P0_100.xmot MotionAfter=Troll_Stand_Fist_Fist_P0_Attack_Hit_N_Fwd_00_%_00_P0_100.xmot Right=TrollFist RightUseType=55 RightGroup=7->7 NativeResult=1 OBSERVE_NATIVE=1
CORE RAW55_NORMAL_CALLBACK_BOUNDARY Actor=Troll C1=21 SameC1=1 SameRight=1 Action=1->1 Phase=1->1 StateTime=0.061578->0.061578 StatePosition=0->0 MotionBefore=Troll_Stand_Fist_Fist_P0_Attack_Hit_N_Fwd_00_%_00_P0_100.xmot MotionAfter=Troll_Stand_Fist_Fist_P0_Attack_Hit_N_Fwd_00_%_00_P0_100.xmot Right=TrollFist RightUseType=55 RightGroup=7->7 NativeResult=1 OBSERVE_NATIVE=1
CORE RAW55_NORMAL_CALLBACK_BOUNDARY Actor=Troll C1=21 SameC1=1 SameRight=1 Action=1->1 Phase=1->1 StateTime=0.069912->0.069912 StatePosition=0->0 MotionBefore=Troll_Stand_Fist_Fist_P0_Attack_Hit_N_Fwd_00_%_00_P0_100.xmot MotionAfter=Troll_Stand_Fist_Fist_P0_Attack_Hit_N_Fwd_00_%_00_P0_100.xmot Right=TrollFist RightUseType=55 RightGroup=7->7 NativeResult=1 OBSERVE_NATIVE=1
CORE RAW55_NORMAL_CALLBACK_BOUNDARY Actor=Troll C1=21 SameC1=1 SameRight=1 Action=1->1 Phase=1->1 StateTime=0.078245->0.078245 StatePosition=0->0 MotionBefore=Troll_Stand_Fist_Fist_P0_Attack_Hit_N_Fwd_00_%_00_P0_100.xmot MotionAfter=Troll_Stand_Fist_Fist_P0_Attack_Hit_N_Fwd_00_%_00_P0_100.xmot Right=TrollFist RightUseType=55 RightGroup=7->7 NativeResult=1 OBSERVE_NATIVE=1
CORE RAW55_NORMAL_CALLBACK_BOUNDARY Actor=Troll C1=21 SameC1=1 SameRight=1 Action=1->1 Phase=1->1 StateTime=0.086578->0.086578 StatePosition=0->0 MotionBefore=Troll_Stand_Fist_Fist_P0_Attack_Hit_N_Fwd_00_%_00_P0_100.xmot MotionAfter=Troll_Stand_Fist_Fist_P0_Attack_Hit_N_Fwd_00_%_00_P0_100.xmot Right=TrollFist RightUseType=55 RightGroup=7->7 NativeResult=1 OBSERVE_NATIVE=1
CORE RAW55_NORMAL_CALLBACK_BOUNDARY Actor=Troll C1=21 SameC1=1 SameRight=1 Action=1->1 Phase=1->1 StateTime=0.094912->0.094912 StatePosition=0->0 MotionBefore=Troll_Stand_Fist_Fist_P0_Attack_Hit_N_Fwd_00_%_00_P0_100.xmot MotionAfter=Troll_Stand_Fist_Fist_P0_Attack_Hit_N_Fwd_00_%_00_P0_100.xmot Right=TrollFist RightUseType=55 RightGroup=7->7 NativeResult=1 OBSERVE_NATIVE=1
CORE RAW55_NORMAL_CALLBACK_BOUNDARY Actor=Troll C1=21 SameC1=1 SameRight=1 Action=1->1 Phase=1->1 StateTime=0.104853->0.104853 StatePosition=0->0 MotionBefore=Troll_Stand_Fist_Fist_P0_Attack_Hit_N_Fwd_00_%_00_P0_100.xmot MotionAfter=Troll_Stand_Fist_Fist_P0_Attack_Hit_N_Fwd_00_%_00_P0_100.xmot Right=TrollFist RightUseType=55 RightGroup=7->7 NativeResult=1 OBSERVE_NATIVE=1
CORE RAW55_NORMAL_CALLBACK_BOUNDARY Actor=Troll C1=21 SameC1=1 SameRight=1 Action=1->1 Phase=1->1 StateTime=0.113186->0.113186 StatePosition=0->0 MotionBefore=Troll_Stand_Fist_Fist_P0_Attack_Hit_N_Fwd_00_%_00_P0_100.xmot MotionAfter=Troll_Stand_Fist_Fist_P0_Attack_Hit_N_Fwd_00_%_00_P0_100.xmot Right=TrollFist RightUseType=55 RightGroup=7->7 NativeResult=1 OBSERVE_NATIVE=1
CORE RAW55_NORMAL_CALLBACK_BOUNDARY Actor=Troll C1=21 SameC1=1 SameRight=1 Action=1->1 Phase=1->1 StateTime=0.125098->0.125098 StatePosition=0->0 MotionBefore=Troll_Stand_Fist_Fist_P0_Attack_Hit_N_Fwd_00_%_00_P0_100.xmot MotionAfter=Troll_Stand_Fist_Fist_P0_Attack_Hit_N_Fwd_00_%_00_P0_100.xmot Right=TrollFist RightUseType=55 RightGroup=7->7 NativeResult=1 OBSERVE_NATIVE=1
CORE RAW55_NORMAL_CALLBACK_BOUNDARY Actor=Troll C1=21 SameC1=1 SameRight=1 Action=1->1 Phase=1->1 StateTime=0.133432->0.133432 StatePosition=0->0 MotionBefore=Troll_Stand_Fist_Fist_P0_Attack_Hit_N_Fwd_00_%_00_P0_100.xmot MotionAfter=Troll_Stand_Fist_Fist_P0_Attack_Hit_N_Fwd_00_%_00_P0_100.xmot Right=TrollFist RightUseType=55 RightGroup=7->7 NativeResult=1 OBSERVE_NATIVE=1
CORE RAW55_NORMAL_CALLBACK_BOUNDARY Actor=Troll C1=21 SameC1=1 SameRight=1 Action=1->1 Phase=1->1 StateTime=0.143373->0.143373 StatePosition=0->0 MotionBefore=Troll_Stand_Fist_Fist_P0_Attack_Hit_N_Fwd_00_%_00_P0_100.xmot MotionAfter=Troll_Stand_Fist_Fist_P0_Attack_Hit_N_Fwd_00_%_00_P0_100.xmot Right=TrollFist RightUseType=55 RightGroup=7->7 NativeResult=1 OBSERVE_NATIVE=1
CORE RAW55_NORMAL_CALLBACK_BOUNDARY Actor=Troll C1=21 SameC1=1 SameRight=1 Action=1->1 Phase=1->1 StateTime=0.151707->0.151707 StatePosition=0->0 MotionBefore=Troll_Stand_Fist_Fist_P0_Attack_Hit_N_Fwd_00_%_00_P0_100.xmot MotionAfter=Troll_Stand_Fist_Fist_P0_Attack_Hit_N_Fwd_00_%_00_P0_100.xmot Right=TrollFist RightUseType=55 RightGroup=7->7 NativeResult=1 OBSERVE_NATIVE=1
CORE RAW55_NORMAL_CALLBACK_BOUNDARY Actor=Troll C1=21 SameC1=1 SameRight=1 Action=1->1 Phase=1->1 StateTime=0.160040->0.160040 StatePosition=0->0 MotionBefore=Troll_Stand_Fist_Fist_P0_Attack_Hit_N_Fwd_00_%_00_P0_100.xmot MotionAfter=Troll_Stand_Fist_Fist_P0_Attack_Hit_N_Fwd_00_%_00_P0_100.xmot Right=TrollFist RightUseType=55 RightGroup=7->7 NativeResult=1 OBSERVE_NATIVE=1
CORE RAW55_NORMAL_CALLBACK_BOUNDARY Actor=Troll C1=21 SameC1=1 SameRight=1 Action=1->1 Phase=1->1 StateTime=0.168373->0.168373 StatePosition=0->0 MotionBefore=Troll_Stand_Fist_Fist_P0_Attack_Hit_N_Fwd_00_%_00_P0_100.xmot MotionAfter=Troll_Stand_Fist_Fist_P0_Attack_Hit_N_Fwd_00_%_00_P0_100.xmot Right=TrollFist RightUseType=55 RightGroup=7->7 NativeResult=1 OBSERVE_NATIVE=1
CORE RAW55_NORMAL_CALLBACK_BOUNDARY Actor=Troll C1=21 SameC1=1 SameRight=1 Action=1->1 Phase=1->1 StateTime=0.176707->0.176707 StatePosition=0->0 MotionBefore=Troll_Stand_Fist_Fist_P0_Attack_Hit_N_Fwd_00_%_00_P0_100.xmot MotionAfter=Troll_Stand_Fist_Fist_P0_Attack_Hit_N_Fwd_00_%_00_P0_100.xmot Right=TrollFist RightUseType=55 RightGroup=7->7 NativeResult=1 OBSERVE_NATIVE=1
CORE RAW55_NORMAL_CALLBACK_BOUNDARY Actor=Troll C1=21 SameC1=1 SameRight=1 Action=1->1 Phase=1->1 StateTime=0.185040->0.185040 StatePosition=0->0 MotionBefore=Troll_Stand_Fist_Fist_P0_Attack_Hit_N_Fwd_00_%_00_P0_100.xmot MotionAfter=Troll_Stand_Fist_Fist_P0_Attack_Hit_N_Fwd_00_%_00_P0_100.xmot Right=TrollFist RightUseType=55 RightGroup=7->7 NativeResult=1 OBSERVE_NATIVE=1
CORE RAW55_NORMAL_CALLBACK_BOUNDARY Actor=Troll C1=21 SameC1=1 SameRight=1 Action=1->1 Phase=1->1 StateTime=0.193373->0.193373 StatePosition=0->0 MotionBefore=Troll_Stand_Fist_Fist_P0_Attack_Hit_N_Fwd_00_%_00_P0_100.xmot MotionAfter=Troll_Stand_Fist_Fist_P0_Attack_Hit_N_Fwd_00_%_00_P0_100.xmot Right=TrollFist RightUseType=55 RightGroup=7->7 NativeResult=1 OBSERVE_NATIVE=1
CORE RAW55_NORMAL_CALLBACK_BOUNDARY Actor=Troll C1=21 SameC1=1 SameRight=1 Action=1->1 Phase=1->1 StateTime=0.201707->0.201707 StatePosition=0->0 MotionBefore=Troll_Stand_Fist_Fist_P0_Attack_Hit_N_Fwd_00_%_00_P0_100.xmot MotionAfter=Troll_Stand_Fist_Fist_P0_Attack_Hit_N_Fwd_00_%_00_P0_100.xmot Right=TrollFist RightUseType=55 RightGroup=7->7 NativeResult=1 OBSERVE_NATIVE=1
CORE RAW55_NORMAL_CALLBACK_BOUNDARY Actor=Troll C1=21 SameC1=1 SameRight=1 Action=1->1 Phase=1->1 StateTime=0.210040->0.210040 StatePosition=0->0 MotionBefore=Troll_Stand_Fist_Fist_P0_Attack_Hit_N_Fwd_00_%_00_P0_100.xmot MotionAfter=Troll_Stand_Fist_Fist_P0_Attack_Hit_N_Fwd_00_%_00_P0_100.xmot Right=TrollFist RightUseType=55 RightGroup=7->7 NativeResult=1 OBSERVE_NATIVE=1
CORE RAW55_NORMAL_CALLBACK_BOUNDARY Actor=Troll C1=21 SameC1=1 SameRight=1 Action=1->1 Phase=1->1 StateTime=0.218996->0.218996 StatePosition=0->0 MotionBefore=Troll_Stand_Fist_Fist_P0_Attack_Hit_N_Fwd_00_%_00_P0_100.xmot MotionAfter=Troll_Stand_Fist_Fist_P0_Attack_Hit_N_Fwd_00_%_00_P0_100.xmot Right=TrollFist RightUseType=55 RightGroup=7->7 NativeResult=1 OBSERVE_NATIVE=1
CORE RAW55_NORMAL_CALLBACK_BOUNDARY Actor=Troll C1=21 SameC1=1 SameRight=1 Action=1->1 Phase=1->1 StateTime=0.227329->0.227329 StatePosition=0->0 MotionBefore=Troll_Stand_Fist_Fist_P0_Attack_Hit_N_Fwd_00_%_00_P0_100.xmot MotionAfter=Troll_Stand_Fist_Fist_P0_Attack_Hit_N_Fwd_00_%_00_P0_100.xmot Right=TrollFist RightUseType=55 RightGroup=7->7 NativeResult=1 OBSERVE_NATIVE=1
CORE RAW55_NORMAL_CALLBACK_BOUNDARY Actor=Troll C1=21 SameC1=1 SameRight=1 Action=1->1 Phase=1->1 StateTime=0.235663->0.235663 StatePosition=0->0 MotionBefore=Troll_Stand_Fist_Fist_P0_Attack_Hit_N_Fwd_00_%_00_P0_100.xmot MotionAfter=Troll_Stand_Fist_Fist_P0_Attack_Hit_N_Fwd_00_%_00_P0_100.xmot Right=TrollFist RightUseType=55 RightGroup=7->7 NativeResult=1 OBSERVE_NATIVE=1
CORE RAW55_NORMAL_CALLBACK_BOUNDARY Actor=Troll C1=21 SameC1=1 SameRight=1 Action=1->1 Phase=1->1 StateTime=0.243996->0.243996 StatePosition=0->0 MotionBefore=Troll_Stand_Fist_Fist_P0_Attack_Hit_N_Fwd_00_%_00_P0_100.xmot MotionAfter=Troll_Stand_Fist_Fist_P0_Attack_Hit_N_Fwd_00_%_00_P0_100.xmot Right=TrollFist RightUseType=55 RightGroup=7->7 NativeResult=1 OBSERVE_NATIVE=1
CORE COLLISION_GROUP ElapsedMs=39500.347 Source=TrollFist UseType=55 Owner=Troll Slot=RIGHT Requested=7 Before=7 After=7 MarkerBitsRetired=0
CORE C1 OFFENSE REQUEST ElapsedMs=39500.376 Actor=Troll Generation=21 Status=PERSISTED Source=TrollFist Side=RIGHT Requests=2 Outstanding=1 CleanupObserved=0 Group=7
CORE RAW55_NORMAL_CALLBACK_BOUNDARY Actor=Troll C1=21 SameC1=1 SameRight=1 Action=1->1 Phase=1->1 StateTime=0.252952->0.252952 StatePosition=0->1 MotionBefore=Troll_Stand_Fist_Fist_P0_Attack_Hit_N_Fwd_00_%_00_P0_100.xmot MotionAfter=Troll_Stand_Fist_Fist_P0_Attack_Hit_N_Fwd_00_%_00_P0_100.xmot Right=TrollFist RightUseType=55 RightGroup=7->7 NativeResult=1 OBSERVE_NATIVE=1
CORE RAW55_NORMAL_CALLBACK_BOUNDARY Actor=Troll C1=21 SameC1=1 SameRight=1 Action=1->1 Phase=1->1 StateTime=0.261286->0.261286 StatePosition=1->1 MotionBefore=Troll_Stand_Fist_Fist_P0_Attack_Hit_N_Fwd_00_%_00_P0_100.xmot MotionAfter=Troll_Stand_Fist_Fist_P0_Attack_Hit_N_Fwd_00_%_00_P0_100.xmot Right=TrollFist RightUseType=55 RightGroup=7->7 NativeResult=1 OBSERVE_NATIVE=1
CORE RAW55_NORMAL_CALLBACK_BOUNDARY Actor=Troll C1=21 SameC1=1 SameRight=1 Action=1->1 Phase=1->1 StateTime=0.270242->0.270242 StatePosition=1->1 MotionBefore=Troll_Stand_Fist_Fist_P0_Attack_Hit_N_Fwd_00_%_00_P0_100.xmot MotionAfter=Troll_Stand_Fist_Fist_P0_Attack_Hit_N_Fwd_00_%_00_P0_100.xmot Right=TrollFist RightUseType=55 RightGroup=7->7 NativeResult=1 OBSERVE_NATIVE=1
CORE RAW55_NORMAL_CALLBACK_BOUNDARY Actor=Troll C1=21 SameC1=1 SameRight=1 Action=1->1 Phase=1->1 StateTime=0.278575->0.278575 StatePosition=1->1 MotionBefore=Troll_Stand_Fist_Fist_P0_Attack_Hit_N_Fwd_00_%_00_P0_100.xmot MotionAfter=Troll_Stand_Fist_Fist_P0_Attack_Hit_N_Fwd_00_%_00_P0_100.xmot Right=TrollFist RightUseType=55 RightGroup=7->7 NativeResult=1 OBSERVE_NATIVE=1
CORE RAW55_NORMAL_CALLBACK_BOUNDARY Actor=Troll C1=21 SameC1=1 SameRight=1 Action=1->1 Phase=1->1 StateTime=0.286909->0.286909 StatePosition=1->1 MotionBefore=Troll_Stand_Fist_Fist_P0_Attack_Hit_N_Fwd_00_%_00_P0_100.xmot MotionAfter=Troll_Stand_Fist_Fist_P0_Attack_Hit_N_Fwd_00_%_00_P0_100.xmot Right=TrollFist RightUseType=55 RightGroup=7->7 NativeResult=1 OBSERVE_NATIVE=1
CORE RAW55_NORMAL_CALLBACK_BOUNDARY Actor=Troll C1=21 SameC1=1 SameRight=1 Action=1->1 Phase=1->1 StateTime=0.295242->0.295242 StatePosition=1->1 MotionBefore=Troll_Stand_Fist_Fist_P0_Attack_Hit_N_Fwd_00_%_00_P0_100.xmot MotionAfter=Troll_Stand_Fist_Fist_P0_Attack_Hit_N_Fwd_00_%_00_P0_100.xmot Right=TrollFist RightUseType=55 RightGroup=7->7 NativeResult=1 OBSERVE_NATIVE=1
CORE RAW55_NORMAL_CALLBACK_BOUNDARY Actor=Troll C1=21 SameC1=1 SameRight=1 Action=1->1 Phase=1->1 StateTime=0.303575->0.303575 StatePosition=1->1 MotionBefore=Troll_Stand_Fist_Fist_P0_Attack_Hit_N_Fwd_00_%_00_P0_100.xmot MotionAfter=Troll_Stand_Fist_Fist_P0_Attack_Hit_N_Fwd_00_%_00_P0_100.xmot Right=TrollFist RightUseType=55 RightGroup=7->7 NativeResult=1 OBSERVE_NATIVE=1
CORE RAW55_NORMAL_CALLBACK_BOUNDARY Actor=Troll C1=21 SameC1=1 SameRight=1 Action=1->1 Phase=1->1 StateTime=0.311909->0.311909 StatePosition=1->1 MotionBefore=Troll_Stand_Fist_Fist_P0_Attack_Hit_N_Fwd_00_%_00_P0_100.xmot MotionAfter=Troll_Stand_Fist_Fist_P0_Attack_Hit_N_Fwd_00_%_00_P0_100.xmot Right=TrollFist RightUseType=55 RightGroup=7->7 NativeResult=1 OBSERVE_NATIVE=1
CORE RAW55_NORMAL_CALLBACK_BOUNDARY Actor=Troll C1=21 SameC1=1 SameRight=1 Action=1->1 Phase=1->1 StateTime=0.320879->0.320879 StatePosition=1->1 MotionBefore=Troll_Stand_Fist_Fist_P0_Attack_Hit_N_Fwd_00_%_00_P0_100.xmot MotionAfter=Troll_Stand_Fist_Fist_P0_Attack_Hit_N_Fwd_00_%_00_P0_100.xmot Right=TrollFist RightUseType=55 RightGroup=7->7 NativeResult=1 OBSERVE_NATIVE=1
CORE RAW55_NORMAL_CALLBACK_BOUNDARY Actor=Troll C1=21 SameC1=1 SameRight=1 Action=1->1 Phase=1->1 StateTime=0.329213->0.329213 StatePosition=1->1 MotionBefore=Troll_Stand_Fist_Fist_P0_Attack_Hit_N_Fwd_00_%_00_P0_100.xmot MotionAfter=Troll_Stand_Fist_Fist_P0_Attack_Hit_N_Fwd_00_%_00_P0_100.xmot Right=TrollFist RightUseType=55 RightGroup=7->7 NativeResult=1 OBSERVE_NATIVE=1
CORE RAW55_NORMAL_CALLBACK_BOUNDARY Actor=Troll C1=21 SameC1=1 SameRight=1 Action=1->1 Phase=1->1 StateTime=0.339154->0.339154 StatePosition=1->1 MotionBefore=Troll_Stand_Fist_Fist_P0_Attack_Hit_N_Fwd_00_%_00_P0_100.xmot MotionAfter=Troll_Stand_Fist_Fist_P0_Attack_Hit_N_Fwd_00_%_00_P0_100.xmot Right=TrollFist RightUseType=55 RightGroup=7->7 NativeResult=1 OBSERVE_NATIVE=1
CORE RAW55_NORMAL_CALLBACK_BOUNDARY Actor=Troll C1=21 SameC1=1 SameRight=1 Action=1->1 Phase=1->1 StateTime=0.347487->0.347487 StatePosition=1->1 MotionBefore=Troll_Stand_Fist_Fist_P0_Attack_Hit_N_Fwd_00_%_00_P0_100.xmot MotionAfter=Troll_Stand_Fist_Fist_P0_Attack_Hit_N_Fwd_00_%_00_P0_100.xmot Right=TrollFist RightUseType=55 RightGroup=7->7 NativeResult=1 OBSERVE_NATIVE=1
CORE RAW55_NORMAL_CALLBACK_BOUNDARY Actor=Troll C1=21 SameC1=1 SameRight=1 Action=1->1 Phase=1->1 StateTime=0.355821->0.355821 StatePosition=1->1 MotionBefore=Troll_Stand_Fist_Fist_P0_Attack_Hit_N_Fwd_00_%_00_P0_100.xmot MotionAfter=Troll_Stand_Fist_Fist_P0_Attack_Hit_N_Fwd_00_%_00_P0_100.xmot Right=TrollFist RightUseType=55 RightGroup=7->7 NativeResult=1 OBSERVE_NATIVE=1
CORE RAW55_NORMAL_CALLBACK_BOUNDARY Actor=Troll C1=21 SameC1=1 SameRight=1 Action=1->1 Phase=1->1 StateTime=0.364154->0.364154 StatePosition=1->1 MotionBefore=Troll_Stand_Fist_Fist_P0_Attack_Hit_N_Fwd_00_%_00_P0_100.xmot MotionAfter=Troll_Stand_Fist_Fist_P0_Attack_Hit_N_Fwd_00_%_00_P0_100.xmot Right=TrollFist RightUseType=55 RightGroup=7->7 NativeResult=1 OBSERVE_NATIVE=1
CORE RAW55_NORMAL_CALLBACK_BOUNDARY Actor=Troll C1=21 SameC1=1 SameRight=1 Action=1->1 Phase=1->1 StateTime=0.373110->0.373110 StatePosition=1->1 MotionBefore=Troll_Stand_Fist_Fist_P0_Attack_Hit_N_Fwd_00_%_00_P0_100.xmot MotionAfter=Troll_Stand_Fist_Fist_P0_Attack_Hit_N_Fwd_00_%_00_P0_100.xmot Right=TrollFist RightUseType=55 RightGroup=7->7 NativeResult=1 OBSERVE_NATIVE=1
CORE RAW55_NORMAL_CALLBACK_BOUNDARY Actor=Troll C1=21 SameC1=1 SameRight=1 Action=1->1 Phase=1->1 StateTime=0.381444->0.381444 StatePosition=1->1 MotionBefore=Troll_Stand_Fist_Fist_P0_Attack_Hit_N_Fwd_00_%_00_P0_100.xmot MotionAfter=Troll_Stand_Fist_Fist_P0_Attack_Hit_N_Fwd_00_%_00_P0_100.xmot Right=TrollFist RightUseType=55 RightGroup=7->7 NativeResult=1 OBSERVE_NATIVE=1
CORE RAW55_NORMAL_CALLBACK_BOUNDARY Actor=Troll C1=21 SameC1=1 SameRight=1 Action=1->1 Phase=1->1 StateTime=0.389777->0.389777 StatePosition=1->1 MotionBefore=Troll_Stand_Fist_Fist_P0_Attack_Hit_N_Fwd_00_%_00_P0_100.xmot MotionAfter=Troll_Stand_Fist_Fist_P0_Attack_Hit_N_Fwd_00_%_00_P0_100.xmot Right=TrollFist RightUseType=55 RightGroup=7->7 NativeResult=1 OBSERVE_NATIVE=1
CORE RAW55_NORMAL_CALLBACK_BOUNDARY Actor=Troll C1=21 SameC1=1 SameRight=1 Action=1->1 Phase=1->1 StateTime=0.398110->0.398110 StatePosition=1->1 MotionBefore=Troll_Stand_Fist_Fist_P0_Attack_Hit_N_Fwd_00_%_00_P0_100.xmot MotionAfter=Troll_Stand_Fist_Fist_P0_Attack_Hit_N_Fwd_00_%_00_P0_100.xmot Right=TrollFist RightUseType=55 RightGroup=7->7 NativeResult=1 OBSERVE_NATIVE=1
CORE RAW55_NORMAL_CALLBACK_BOUNDARY Actor=Troll C1=21 SameC1=1 SameRight=1 Action=1->1 Phase=1->1 StateTime=0.406444->0.406444 StatePosition=1->1 MotionBefore=Troll_Stand_Fist_Fist_P0_Attack_Hit_N_Fwd_00_%_00_P0_100.xmot MotionAfter=Troll_Stand_Fist_Fist_P0_Attack_Hit_N_Fwd_00_%_00_P0_100.xmot Right=TrollFist RightUseType=55 RightGroup=7->7 NativeResult=1 OBSERVE_NATIVE=1
CORE RAW55_NORMAL_CALLBACK_BOUNDARY Actor=Troll C1=21 SameC1=1 SameRight=1 Action=1->1 Phase=1->1 StateTime=0.414777->0.414777 StatePosition=1->1 MotionBefore=Troll_Stand_Fist_Fist_P0_Attack_Hit_N_Fwd_00_%_00_P0_100.xmot MotionAfter=Troll_Stand_Fist_Fist_P0_Attack_Hit_N_Fwd_00_%_00_P0_100.xmot Right=TrollFist RightUseType=55 RightGroup=7->7 NativeResult=1 OBSERVE_NATIVE=1
CORE RAW55_NORMAL_CALLBACK_BOUNDARY Actor=Troll C1=21 SameC1=1 SameRight=1 Action=1->1 Phase=1->1 StateTime=0.423748->0.423748 StatePosition=1->1 MotionBefore=Troll_Stand_Fist_Fist_P0_Attack_Hit_N_Fwd_00_%_00_P0_100.xmot MotionAfter=Troll_Stand_Fist_Fist_P0_Attack_Hit_N_Fwd_00_%_00_P0_100.xmot Right=TrollFist RightUseType=55 RightGroup=7->7 NativeResult=1 OBSERVE_NATIVE=1
CORE RAW55_NORMAL_CALLBACK_BOUNDARY Actor=Troll C1=21 SameC1=1 SameRight=1 Action=1->1 Phase=1->1 StateTime=0.432081->0.432081 StatePosition=1->1 MotionBefore=Troll_Stand_Fist_Fist_P0_Attack_Hit_N_Fwd_00_%_00_P0_100.xmot MotionAfter=Troll_Stand_Fist_Fist_P0_Attack_Hit_N_Fwd_00_%_00_P0_100.xmot Right=TrollFist RightUseType=55 RightGroup=7->7 NativeResult=1 OBSERVE_NATIVE=1
CORE RAW55_NORMAL_CALLBACK_BOUNDARY Actor=Troll C1=21 SameC1=1 SameRight=1 Action=1->1 Phase=1->1 StateTime=0.442022->0.442022 StatePosition=1->1 MotionBefore=Troll_Stand_Fist_Fist_P0_Attack_Hit_N_Fwd_00_%_00_P0_100.xmot MotionAfter=Troll_Stand_Fist_Fist_P0_Attack_Hit_N_Fwd_00_%_00_P0_100.xmot Right=TrollFist RightUseType=55 RightGroup=7->7 NativeResult=1 OBSERVE_NATIVE=1
CORE RAW55_NORMAL_CALLBACK_BOUNDARY Actor=Troll C1=21 SameC1=1 SameRight=1 Action=1->1 Phase=1->1 StateTime=0.450356->0.450356 StatePosition=1->1 MotionBefore=Troll_Stand_Fist_Fist_P0_Attack_Hit_N_Fwd_00_%_00_P0_100.xmot MotionAfter=Troll_Stand_Fist_Fist_P0_Attack_Hit_N_Fwd_00_%_00_P0_100.xmot Right=TrollFist RightUseType=55 RightGroup=7->7 NativeResult=1 OBSERVE_NATIVE=1
CORE RAW55_NORMAL_CALLBACK_BOUNDARY Actor=Troll C1=21 SameC1=1 SameRight=1 Action=1->1 Phase=1->1 StateTime=0.458689->0.458689 StatePosition=1->1 MotionBefore=Troll_Stand_Fist_Fist_P0_Attack_Hit_N_Fwd_00_%_00_P0_100.xmot MotionAfter=Troll_Stand_Fist_Fist_P0_Attack_Hit_N_Fwd_00_%_00_P0_100.xmot Right=TrollFist RightUseType=55 RightGroup=7->7 NativeResult=1 OBSERVE_NATIVE=1
CORE RAW55_NORMAL_CALLBACK_BOUNDARY Actor=Troll C1=21 SameC1=1 SameRight=1 Action=1->1 Phase=1->1 StateTime=0.467022->0.467022 StatePosition=1->1 MotionBefore=Troll_Stand_Fist_Fist_P0_Attack_Hit_N_Fwd_00_%_00_P0_100.xmot MotionAfter=Troll_Stand_Fist_Fist_P0_Attack_Hit_N_Fwd_00_%_00_P0_100.xmot Right=TrollFist RightUseType=55 RightGroup=7->7 NativeResult=1 OBSERVE_NATIVE=1
CORE RAW55_NORMAL_CALLBACK_BOUNDARY Actor=Troll C1=21 SameC1=1 SameRight=1 Action=1->1 Phase=1->1 StateTime=0.475356->0.475356 StatePosition=1->1 MotionBefore=Troll_Stand_Fist_Fist_P0_Attack_Hit_N_Fwd_00_%_00_P0_100.xmot MotionAfter=Troll_Stand_Fist_Fist_P0_Attack_Hit_N_Fwd_00_%_00_P0_100.xmot Right=TrollFist RightUseType=55 RightGroup=7->7 NativeResult=1 OBSERVE_NATIVE=1
CORE RAW55_NORMAL_CALLBACK_BOUNDARY Actor=Troll C1=21 SameC1=1 SameRight=1 Action=1->1 Phase=1->1 StateTime=0.483689->0.483689 StatePosition=1->1 MotionBefore=Troll_Stand_Fist_Fist_P0_Attack_Hit_N_Fwd_00_%_00_P0_100.xmot MotionAfter=Troll_Stand_Fist_Fist_P0_Attack_Hit_N_Fwd_00_%_00_P0_100.xmot Right=TrollFist RightUseType=55 RightGroup=7->7 NativeResult=1 OBSERVE_NATIVE=1
CORE RAW55_NORMAL_CALLBACK_BOUNDARY Actor=Troll C1=21 SameC1=1 SameRight=1 Action=1->1 Phase=1->1 StateTime=0.492023->0.492023 StatePosition=1->1 MotionBefore=Troll_Stand_Fist_Fist_P0_Attack_Hit_N_Fwd_00_%_00_P0_100.xmot MotionAfter=Troll_Stand_Fist_Fist_P0_Attack_Hit_N_Fwd_00_%_00_P0_100.xmot Right=TrollFist RightUseType=55 RightGroup=7->7 NativeResult=1 OBSERVE_NATIVE=1
CORE RAW55_NORMAL_CALLBACK_BOUNDARY Actor=Troll C1=21 SameC1=1 SameRight=1 Action=1->1 Phase=1->1 StateTime=0.500978->0.500978 StatePosition=1->1 MotionBefore=Troll_Stand_Fist_Fist_P0_Attack_Hit_N_Fwd_00_%_00_P0_100.xmot MotionAfter=Troll_Stand_Fist_Fist_P0_Attack_Hit_N_Fwd_00_%_00_P0_100.xmot Right=TrollFist RightUseType=55 RightGroup=7->7 NativeResult=1 OBSERVE_NATIVE=1
CORE RAW55_NORMAL_CALLBACK_BOUNDARY Actor=Troll C1=21 SameC1=1 SameRight=1 Action=1->1 Phase=1->1 StateTime=0.509312->0.509312 StatePosition=1->1 MotionBefore=Troll_Stand_Fist_Fist_P0_Attack_Hit_N_Fwd_00_%_00_P0_100.xmot MotionAfter=Troll_Stand_Fist_Fist_P0_Attack_Hit_N_Fwd_00_%_00_P0_100.xmot Right=TrollFist RightUseType=55 RightGroup=7->7 NativeResult=1 OBSERVE_NATIVE=1
CORE RAW55_NORMAL_CALLBACK_BOUNDARY Actor=Troll C1=21 SameC1=1 SameRight=1 Action=1->1 Phase=1->1 StateTime=0.517645->0.517645 StatePosition=1->1 MotionBefore=Troll_Stand_Fist_Fist_P0_Attack_Hit_N_Fwd_00_%_00_P0_100.xmot MotionAfter=Troll_Stand_Fist_Fist_P0_Attack_Hit_N_Fwd_00_%_00_P0_100.xmot Right=TrollFist RightUseType=55 RightGroup=7->7 NativeResult=1 OBSERVE_NATIVE=1
CORE RAW55_NORMAL_CALLBACK_BOUNDARY Actor=Troll C1=21 SameC1=1 SameRight=1 Action=1->1 Phase=1->1 StateTime=0.525978->0.525978 StatePosition=1->1 MotionBefore=Troll_Stand_Fist_Fist_P0_Attack_Hit_N_Fwd_00_%_00_P0_100.xmot MotionAfter=Troll_Stand_Fist_Fist_P0_Attack_Hit_N_Fwd_00_%_00_P0_100.xmot Right=TrollFist RightUseType=55 RightGroup=7->7 NativeResult=1 OBSERVE_NATIVE=1
CORE RAW55_NORMAL_CALLBACK_BOUNDARY Actor=Troll C1=21 SameC1=1 SameRight=1 Action=1->1 Phase=1->1 StateTime=0.535920->0.535920 StatePosition=1->1 MotionBefore=Troll_Stand_Fist_Fist_P0_Attack_Hit_N_Fwd_00_%_00_P0_100.xmot MotionAfter=Troll_Stand_Fist_Fist_P0_Attack_Hit_N_Fwd_00_%_00_P0_100.xmot Right=TrollFist RightUseType=55 RightGroup=7->7 NativeResult=1 OBSERVE_NATIVE=1
CORE RAW55_NORMAL_CALLBACK_BOUNDARY Actor=Troll C1=21 SameC1=1 SameRight=1 Action=1->1 Phase=1->1 StateTime=0.544253->0.544253 StatePosition=1->1 MotionBefore=Troll_Stand_Fist_Fist_P0_Attack_Hit_N_Fwd_00_%_00_P0_100.xmot MotionAfter=Troll_Stand_Fist_Fist_P0_Attack_Hit_N_Fwd_00_%_00_P0_100.xmot Right=TrollFist RightUseType=55 RightGroup=7->7 NativeResult=1 OBSERVE_NATIVE=1
CORE RAW55_NORMAL_CALLBACK_BOUNDARY Actor=Troll C1=21 SameC1=1 SameRight=1 Action=1->1 Phase=1->1 StateTime=0.552586->0.552586 StatePosition=1->1 MotionBefore=Troll_Stand_Fist_Fist_P0_Attack_Hit_N_Fwd_00_%_00_P0_100.xmot MotionAfter=Troll_Stand_Fist_Fist_P0_Attack_Hit_N_Fwd_00_%_00_P0_100.xmot Right=TrollFist RightUseType=55 RightGroup=7->7 NativeResult=1 OBSERVE_NATIVE=1
CORE RAW55_NORMAL_CALLBACK_BOUNDARY Actor=Troll C1=21 SameC1=1 SameRight=1 Action=1->1 Phase=1->1 StateTime=0.560920->0.560920 StatePosition=1->1 MotionBefore=Troll_Stand_Fist_Fist_P0_Attack_Hit_N_Fwd_00_%_00_P0_100.xmot MotionAfter=Troll_Stand_Fist_Fist_P0_Attack_Hit_N_Fwd_00_%_00_P0_100.xmot Right=TrollFist RightUseType=55 RightGroup=7->7 NativeResult=1 OBSERVE_NATIVE=1
CORE RAW55_NORMAL_CALLBACK_BOUNDARY Actor=Troll C1=21 SameC1=1 SameRight=1 Action=1->1 Phase=1->1 StateTime=0.569253->0.569253 StatePosition=1->1 MotionBefore=Troll_Stand_Fist_Fist_P0_Attack_Hit_N_Fwd_00_%_00_P0_100.xmot MotionAfter=Troll_Stand_Fist_Fist_P0_Attack_Hit_N_Fwd_00_%_00_P0_100.xmot Right=TrollFist RightUseType=55 RightGroup=7->7 NativeResult=1 OBSERVE_NATIVE=1
CORE RAW55_NORMAL_CALLBACK_BOUNDARY Actor=Troll C1=21 SameC1=1 SameRight=1 Action=1->1 Phase=1->1 StateTime=0.577586->0.577586 StatePosition=1->1 MotionBefore=Troll_Stand_Fist_Fist_P0_Attack_Hit_N_Fwd_00_%_00_P0_100.xmot MotionAfter=Troll_Stand_Fist_Fist_P0_Attack_Hit_N_Fwd_00_%_00_P0_100.xmot Right=TrollFist RightUseType=55 RightGroup=7->7 NativeResult=1 OBSERVE_NATIVE=1
CORE RAW55_NORMAL_CALLBACK_BOUNDARY Actor=Troll C1=21 SameC1=1 SameRight=1 Action=1->1 Phase=1->1 StateTime=0.587528->0.587528 StatePosition=1->1 MotionBefore=Troll_Stand_Fist_Fist_P0_Attack_Hit_N_Fwd_00_%_00_P0_100.xmot MotionAfter=Troll_Stand_Fist_Fist_P0_Attack_Hit_N_Fwd_00_%_00_P0_100.xmot Right=TrollFist RightUseType=55 RightGroup=7->7 NativeResult=1 OBSERVE_NATIVE=1
CORE RAW55_NORMAL_CALLBACK_BOUNDARY Actor=Troll C1=21 SameC1=1 SameRight=1 Action=1->1 Phase=1->1 StateTime=0.595861->0.595861 StatePosition=1->1 MotionBefore=Troll_Stand_Fist_Fist_P0_Attack_Hit_N_Fwd_00_%_00_P0_100.xmot MotionAfter=Troll_Stand_Fist_Fist_P0_Attack_Hit_N_Fwd_00_%_00_P0_100.xmot Right=TrollFist RightUseType=55 RightGroup=7->7 NativeResult=1 OBSERVE_NATIVE=1
===== CORE MARKER ANOMALY / DISCOVERY =====
ElapsedMs: 39800.867
Actor: Troll
Action: 1
Family: NORMAL
AniPhase: 1
StatePosition: 1
CurrentMovementAni: Troll_Stand_Fist_Fist_P0_Attack_Hit_N_Fwd_00_%_00_P0_100.xmot
MarkerName: G3AB_COL_FIST
MarkerOpcode: FIST
Result: UNSUPPORTED_MISSING_SOURCE
C1GenerationValid: 1
C1Generation: 21
RequiredSourceMask: 0
MissingSourceMask: 0
RightSourceSlot: RIGHT
RightSourceName: TrollFist
RightSourceUseType: 55
RightSourceCollisionGroup: 7
LeftSourceSlot: LEFT
LeftSourceName: TrollFist
LeftSourceUseType: 55
LeftSourceCollisionGroup: 5
Raw8FistSourceName: <none>
Raw8FistSourceUseType: -1
Raw8FistSourceCollisionGroup: -1
===========================================

CORE RAW55_QUICK_REPEAT_FIST_ELIGIBILITY Actor=Troll Action=1 StatePosition=1 StateTime=0.604817 MarkerOpcode=4 ResultOpcode=4 ResultCode=2 CurrentC1Valid=1 CurrentC1=21 StoredC1=16 SameC1=0 CurrentRight=E6EAF010 StoredRight=E6EAF010 SameRight=1 ResultRightMatchesStored=1 RightUseType=55 RightGroup=7 InterventionUsed=1 PreStateFistProven=1 LaterFistRearmUsed=1 DecisionFoundMotion=1 DecisionScanValid=1 DecisionMarkerPresent=1 DecisionHasFist=1 DecisionFistCount=2 DecisionRightCount=0 DecisionLeftCount=0 DecisionBothCount=0 DecisionOffCount=0 RequiredSourceMask=0 Raw8ResolverAbsent=1 QuickHit=0 Eligible=0 FirstFailedGate=C1_MISMATCH
CORE RAW55_NORMAL_CALLBACK_BOUNDARY Actor=Troll C1=21 SameC1=1 SameRight=1 Action=1->1 Phase=1->1 StateTime=0.604817->0.604817 StatePosition=1->1 MotionBefore=Troll_Stand_Fist_Fist_P0_Attack_Hit_N_Fwd_00_%_00_P0_100.xmot MotionAfter=Troll_Stand_Fist_Fist_P0_Attack_Hit_N_Fwd_00_%_00_P0_100.xmot Right=TrollFist RightUseType=55 RightGroup=7->7 NativeResult=1 OBSERVE_NATIVE=1
CORE RAW55_NORMAL_CALLBACK_BOUNDARY Actor=Troll C1=21 SameC1=1 SameRight=1 Action=1->1 Phase=1->1 StateTime=0.613151->0.613151 StatePosition=1->1 MotionBefore=Troll_Stand_Fist_Fist_P0_Attack_Hit_N_Fwd_00_%_00_P0_100.xmot MotionAfter=Troll_Stand_Fist_Fist_P0_Attack_Hit_N_Fwd_00_%_00_P0_100.xmot Right=TrollFist RightUseType=55 RightGroup=7->7 NativeResult=1 OBSERVE_NATIVE=1
CORE RAW55_NORMAL_CALLBACK_BOUNDARY Actor=Troll C1=21 SameC1=1 SameRight=1 Action=1->1 Phase=1->1 StateTime=0.621484->0.621484 StatePosition=1->1 MotionBefore=Troll_Stand_Fist_Fist_P0_Attack_Hit_N_Fwd_00_%_00_P0_100.xmot MotionAfter=Troll_Stand_Fist_Fist_P0_Attack_Hit_N_Fwd_00_%_00_P0_100.xmot Right=TrollFist RightUseType=55 RightGroup=7->7 NativeResult=1 OBSERVE_NATIVE=1
CORE RAW55_NORMAL_CALLBACK_BOUNDARY Actor=Troll C1=21 SameC1=1 SameRight=1 Action=1->1 Phase=1->1 StateTime=0.629817->0.629817 StatePosition=1->1 MotionBefore=Troll_Stand_Fist_Fist_P0_Attack_Hit_N_Fwd_00_%_00_P0_100.xmot MotionAfter=Troll_Stand_Fist_Fist_P0_Attack_Hit_N_Fwd_00_%_00_P0_100.xmot Right=TrollFist RightUseType=55 RightGroup=7->7 NativeResult=1 OBSERVE_NATIVE=1
CORE RAW55_NORMAL_CALLBACK_BOUNDARY Actor=Troll C1=21 SameC1=1 SameRight=1 Action=1->1 Phase=1->1 StateTime=0.638773->0.638773 StatePosition=1->1 MotionBefore=Troll_Stand_Fist_Fist_P0_Attack_Hit_N_Fwd_00_%_00_P0_100.xmot MotionAfter=Troll_Stand_Fist_Fist_P0_Attack_Hit_N_Fwd_00_%_00_P0_100.xmot Right=TrollFist RightUseType=55 RightGroup=7->7 NativeResult=1 OBSERVE_NATIVE=1
CORE RAW55_NORMAL_CALLBACK_BOUNDARY Actor=Troll C1=21 SameC1=1 SameRight=1 Action=1->1 Phase=1->1 StateTime=0.647107->0.647107 StatePosition=1->1 MotionBefore=Troll_Stand_Fist_Fist_P0_Attack_Hit_N_Fwd_00_%_00_P0_100.xmot MotionAfter=Troll_Stand_Fist_Fist_P0_Attack_Hit_N_Fwd_00_%_00_P0_100.xmot Right=TrollFist RightUseType=55 RightGroup=7->7 NativeResult=1 OBSERVE_NATIVE=1
CORE RAW55_NORMAL_CALLBACK_BOUNDARY Actor=Troll C1=21 SameC1=1 SameRight=1 Action=1->1 Phase=1->1 StateTime=0.656063->0.656063 StatePosition=1->1 MotionBefore=Troll_Stand_Fist_Fist_P0_Attack_Hit_N_Fwd_00_%_00_P0_100.xmot MotionAfter=Troll_Stand_Fist_Fist_P0_Attack_Hit_N_Fwd_00_%_00_P0_100.xmot Right=TrollFist RightUseType=55 RightGroup=7->7 NativeResult=1 OBSERVE_NATIVE=1
CORE RAW55_NORMAL_CALLBACK_BOUNDARY Actor=Troll C1=21 SameC1=1 SameRight=1 Action=1->1 Phase=1->1 StateTime=0.664396->0.664396 StatePosition=1->1 MotionBefore=Troll_Stand_Fist_Fist_P0_Attack_Hit_N_Fwd_00_%_00_P0_100.xmot MotionAfter=Troll_Stand_Fist_Fist_P0_Attack_Hit_N_Fwd_00_%_00_P0_100.xmot Right=TrollFist RightUseType=55 RightGroup=7->7 NativeResult=1 OBSERVE_NATIVE=1
CORE RAW55_NORMAL_CALLBACK_BOUNDARY Actor=Troll C1=21 SameC1=1 SameRight=1 Action=1->1 Phase=1->1 StateTime=0.672730->0.672730 StatePosition=1->1 MotionBefore=Troll_Stand_Fist_Fist_P0_Attack_Hit_N_Fwd_00_%_00_P0_100.xmot MotionAfter=Troll_Stand_Fist_Fist_P0_Attack_Hit_N_Fwd_00_%_00_P0_100.xmot Right=TrollFist RightUseType=55 RightGroup=7->7 NativeResult=1 OBSERVE_NATIVE=1
CORE RAW55_NORMAL_CALLBACK_BOUNDARY Actor=Troll C1=21 SameC1=1 SameRight=1 Action=1->1 Phase=1->1 StateTime=0.681063->0.681063 StatePosition=1->1 MotionBefore=Troll_Stand_Fist_Fist_P0_Attack_Hit_N_Fwd_00_%_00_P0_100.xmot MotionAfter=Troll_Stand_Fist_Fist_P0_Attack_Hit_N_Fwd_00_%_00_P0_100.xmot Right=TrollFist RightUseType=55 RightGroup=7->7 NativeResult=1 OBSERVE_NATIVE=1
CORE RAW55_NORMAL_CALLBACK_BOUNDARY Actor=Troll C1=21 SameC1=1 SameRight=1 Action=1->1 Phase=1->1 StateTime=0.689396->0.689396 StatePosition=1->1 MotionBefore=Troll_Stand_Fist_Fist_P0_Attack_Hit_N_Fwd_00_%_00_P0_100.xmot MotionAfter=Troll_Stand_Fist_Fist_P0_Attack_Hit_N_Fwd_00_%_00_P0_100.xmot Right=TrollFist RightUseType=55 RightGroup=7->7 NativeResult=1 OBSERVE_NATIVE=1
CORE RAW55_NORMAL_CALLBACK_BOUNDARY Actor=Troll C1=21 SameC1=1 SameRight=1 Action=1->1 Phase=1->1 StateTime=0.697730->0.697730 StatePosition=1->1 MotionBefore=Troll_Stand_Fist_Fist_P0_Attack_Hit_N_Fwd_00_%_00_P0_100.xmot MotionAfter=Troll_Stand_Fist_Fist_P0_Attack_Hit_N_Fwd_00_%_00_P0_100.xmot Right=TrollFist RightUseType=55 RightGroup=7->7 NativeResult=1 OBSERVE_NATIVE=1
CORE RAW55_NORMAL_CALLBACK_BOUNDARY Actor=Troll C1=21 SameC1=1 SameRight=1 Action=1->1 Phase=1->1 StateTime=0.706063->0.706063 StatePosition=1->1 MotionBefore=Troll_Stand_Fist_Fist_P0_Attack_Hit_N_Fwd_00_%_00_P0_100.xmot MotionAfter=Troll_Stand_Fist_Fist_P0_Attack_Hit_N_Fwd_00_%_00_P0_100.xmot Right=TrollFist RightUseType=55 RightGroup=7->7 NativeResult=1 OBSERVE_NATIVE=1
CORE RAW55_NORMAL_CALLBACK_BOUNDARY Actor=Troll C1=21 SameC1=1 SameRight=1 Action=1->1 Phase=1->1 StateTime=0.714396->0.714396 StatePosition=1->1 MotionBefore=Troll_Stand_Fist_Fist_P0_Attack_Hit_N_Fwd_00_%_00_P0_100.xmot MotionAfter=Troll_Stand_Fist_Fist_P0_Attack_Hit_N_Fwd_00_%_00_P0_100.xmot Right=TrollFist RightUseType=55 RightGroup=7->7 NativeResult=1 OBSERVE_NATIVE=1
CORE ONDAMAGE ElapsedMs=39909.376 Ordinal=13 Target=PC_Hero Arg1=PC_Hero Arg2=PC_Hero Caller=Game.dll+0x00069484 PlayerAction=0 PlayerPhase=5 PlayerMotion=Hero_Stand_None_None_P0_Ambient_Loop_N_Fwd_00_%_02_P0_0.xmot Raw8Fist=<none> Raw8UseType=-1 Raw8Group=-1
CORE RAW55_NORMAL_CALLBACK_BOUNDARY Actor=Troll C1=21 SameC1=1 SameRight=1 Action=1->1 Phase=1->1 StateTime=0.723352->0.723352 StatePosition=1->1 MotionBefore=Troll_Stand_Fist_Fist_P0_Attack_Hit_N_Fwd_00_%_00_P0_100.xmot MotionAfter=Troll_Stand_Fist_Fist_P0_Attack_Hit_N_Fwd_00_%_00_P0_100.xmot Right=TrollFist RightUseType=55 RightGroup=7->7 NativeResult=1 OBSERVE_NATIVE=1
CORE C1_START ElapsedMs=39918.653 Actor=PC_Hero Generation=22 Status=CANDIDATE Outstanding=0 TrackedSources=0 ReplacedGeneration=0 ReplacedOutstanding=0
CORE C1_BIND ElapsedMs=39918.660 Event=COMBAT_MOVE_CANDIDATE_BOUND Actor=PC_Hero Generation=22 Status=CANDIDATE Outstanding=0 Source=<null> Script=_AI_Stumble
CORE C1_STATUS ElapsedMs=39918.714 Event=PERSISTED Actor=PC_Hero Generation=22 Status=PERSISTED Outstanding=0
CORE RAW55_NORMAL_CALLBACK_BOUNDARY Actor=Troll C1=21 SameC1=1 SameRight=1 Action=1->1 Phase=1->1 StateTime=0.731686->0.731686 StatePosition=1->1 MotionBefore=Troll_Stand_Fist_Fist_P0_Attack_Hit_N_Fwd_00_%_00_P0_100.xmot MotionAfter=Troll_Stand_Fist_Fist_P0_Attack_Hit_N_Fwd_00_%_00_P0_100.xmot Right=TrollFist RightUseType=55 RightGroup=7->7 NativeResult=1 OBSERVE_NATIVE=1
CORE RAW55_NORMAL_CALLBACK_BOUNDARY Actor=Troll C1=21 SameC1=1 SameRight=1 Action=1->1 Phase=1->1 StateTime=0.740656->0.740656 StatePosition=1->1 MotionBefore=Troll_Stand_Fist_Fist_P0_Attack_Hit_N_Fwd_00_%_00_P0_100.xmot MotionAfter=Troll_Stand_Fist_Fist_P0_Attack_Hit_N_Fwd_00_%_00_P0_100.xmot Right=TrollFist RightUseType=55 RightGroup=7->7 NativeResult=1 OBSERVE_NATIVE=1
CORE RAW55_NORMAL_CALLBACK_BOUNDARY Actor=Troll C1=21 SameC1=1 SameRight=1 Action=1->1 Phase=1->1 StateTime=0.748990->0.748990 StatePosition=1->1 MotionBefore=Troll_Stand_Fist_Fist_P0_Attack_Hit_N_Fwd_00_%_00_P0_100.xmot MotionAfter=Troll_Stand_Fist_Fist_P0_Attack_Hit_N_Fwd_00_%_00_P0_100.xmot Right=TrollFist RightUseType=55 RightGroup=7->7 NativeResult=1 OBSERVE_NATIVE=1
CORE RAW55_NORMAL_CALLBACK_BOUNDARY Actor=Troll C1=21 SameC1=1 SameRight=1 Action=1->1 Phase=1->1 StateTime=0.757323->0.757323 StatePosition=1->1 MotionBefore=Troll_Stand_Fist_Fist_P0_Attack_Hit_N_Fwd_00_%_00_P0_100.xmot MotionAfter=Troll_Stand_Fist_Fist_P0_Attack_Hit_N_Fwd_00_%_00_P0_100.xmot Right=TrollFist RightUseType=55 RightGroup=7->7 NativeResult=1 OBSERVE_NATIVE=1
CORE RAW55_NORMAL_CALLBACK_BOUNDARY Actor=Troll C1=21 SameC1=1 SameRight=1 Action=1->1 Phase=1->1 StateTime=0.765656->0.765656 StatePosition=1->1 MotionBefore=Troll_Stand_Fist_Fist_P0_Attack_Hit_N_Fwd_00_%_00_P0_100.xmot MotionAfter=Troll_Stand_Fist_Fist_P0_Attack_Hit_N_Fwd_00_%_00_P0_100.xmot Right=TrollFist RightUseType=55 RightGroup=7->7 NativeResult=1 OBSERVE_NATIVE=1
CORE RAW55_NORMAL_CALLBACK_BOUNDARY Actor=Troll C1=21 SameC1=1 SameRight=1 Action=1->1 Phase=1->1 StateTime=0.774613->0.774613 StatePosition=1->1 MotionBefore=Troll_Stand_Fist_Fist_P0_Attack_Hit_N_Fwd_00_%_00_P0_100.xmot MotionAfter=Troll_Stand_Fist_Fist_P0_Attack_Hit_N_Fwd_00_%_00_P0_100.xmot Right=TrollFist RightUseType=55 RightGroup=7->7 NativeResult=1 OBSERVE_NATIVE=1
CORE RAW55_NORMAL_CALLBACK_BOUNDARY Actor=Troll C1=21 SameC1=1 SameRight=1 Action=1->1 Phase=1->1 StateTime=0.782946->0.782946 StatePosition=1->1 MotionBefore=Troll_Stand_Fist_Fist_P0_Attack_Hit_N_Fwd_00_%_00_P0_100.xmot MotionAfter=Troll_Stand_Fist_Fist_P0_Attack_Hit_N_Fwd_00_%_00_P0_100.xmot Right=TrollFist RightUseType=55 RightGroup=7->7 NativeResult=1 OBSERVE_NATIVE=1
CORE RAW55_NORMAL_CALLBACK_BOUNDARY Actor=Troll C1=21 SameC1=1 SameRight=1 Action=1->1 Phase=1->1 StateTime=0.791279->0.791279 StatePosition=1->1 MotionBefore=Troll_Stand_Fist_Fist_P0_Attack_Hit_N_Fwd_00_%_00_P0_100.xmot MotionAfter=Troll_Stand_Fist_Fist_P0_Attack_Hit_N_Fwd_00_%_00_P0_100.xmot Right=TrollFist RightUseType=55 RightGroup=7->7 NativeResult=1 OBSERVE_NATIVE=1
CORE COLLISION_GROUP ElapsedMs=39983.863 Source=TrollFist UseType=55 Owner=Troll Slot=RIGHT Requested=5 Before=7 After=5 MarkerBitsRetired=0
CORE C1 CLEANUP FULFILLED ElapsedMs=39983.890 Actor=Troll Generation=21 Status=PERSISTED Source=TrollFist Side=RIGHT Requests=2 Outstanding=0 CleanupObserved=1 Group=5
CORE C1_FINAL ElapsedMs=39983.912 Actor=Troll Generation=21 Status=PERSISTED SourceCount=2 PhysicalChanged=0 Source[0]=TrollFist Side=RIGHT Outstanding=0 Cleanup=1 Outcome=NO_OP_NO_OUTSTANDING Source[1]=TrollFist Side=LEFT Outstanding=0 Cleanup=0 Outcome=NO_OP_NO_OUTSTANDING
CORE C1_FINAL ElapsedMs=40199.037 Actor=PC_Hero Generation=22 Status=PERSISTED SourceCount=0 PhysicalChanged=0
CORE C1_START ElapsedMs=41172.830 Actor=Troll Generation=23 Status=CANDIDATE Outstanding=0 TrackedSources=2 ReplacedGeneration=0 ReplacedOutstanding=0 Source[0]=TrollFist Side=RIGHT Group=5 Source[1]=TrollFist Side=LEFT Group=5
CORE C1_BIND ElapsedMs=41172.844 Event=COMBAT_MOVE_CANDIDATE_BOUND Actor=Troll Generation=23 Status=CANDIDATE Outstanding=0 Source=<null> Script=_AI_Attack
CORE C1_STATUS ElapsedMs=41172.913 Event=PERSISTED Actor=Troll Generation=23 Status=PERSISTED Outstanding=0
CORE RAW55_NORMAL_CALLBACK_BOUNDARY Actor=Troll C1=23 SameC1=1 SameRight=1 Action=1->1 Phase=1->1 StateTime=0.000000->0.000000 StatePosition=0->0 MotionBefore=Troll_Stand_Fist_Fist_P0_Attack_Hit_N_Fwd_00_%_00_P0_100.xmot MotionAfter=Troll_Stand_Fist_Fist_P0_Attack_Hit_N_Fwd_00_%_00_P0_100.xmot Right=TrollFist RightUseType=55 RightGroup=5->5 NativeResult=1 OBSERVE_NATIVE=1
CORE RAW55_NORMAL_CALLBACK_BOUNDARY Actor=Troll C1=23 SameC1=1 SameRight=1 Action=1->1 Phase=1->1 StateTime=0.008333->0.008333 StatePosition=0->0 MotionBefore=Troll_Stand_Fist_Fist_P0_Attack_Hit_N_Fwd_00_%_00_P0_100.xmot MotionAfter=Troll_Stand_Fist_Fist_P0_Attack_Hit_N_Fwd_00_%_00_P0_100.xmot Right=TrollFist RightUseType=55 RightGroup=5->5 NativeResult=1 OBSERVE_NATIVE=1
CORE RAW55_NORMAL_CALLBACK_BOUNDARY Actor=Troll C1=23 SameC1=1 SameRight=1 Action=1->1 Phase=1->1 StateTime=0.016667->0.016667 StatePosition=0->0 MotionBefore=Troll_Stand_Fist_Fist_P0_Attack_Hit_N_Fwd_00_%_00_P0_100.xmot MotionAfter=Troll_Stand_Fist_Fist_P0_Attack_Hit_N_Fwd_00_%_00_P0_100.xmot Right=TrollFist RightUseType=55 RightGroup=5->5 NativeResult=1 OBSERVE_NATIVE=1
CORE RAW55_NORMAL_CALLBACK_BOUNDARY Actor=Troll C1=23 SameC1=1 SameRight=1 Action=1->1 Phase=1->1 StateTime=0.025623->0.025623 StatePosition=0->0 MotionBefore=Troll_Stand_Fist_Fist_P0_Attack_Hit_N_Fwd_00_%_00_P0_100.xmot MotionAfter=Troll_Stand_Fist_Fist_P0_Attack_Hit_N_Fwd_00_%_00_P0_100.xmot Right=TrollFist RightUseType=55 RightGroup=5->5 NativeResult=1 OBSERVE_NATIVE=1
CORE RAW55_NORMAL_CALLBACK_BOUNDARY Actor=Troll C1=23 SameC1=1 SameRight=1 Action=1->1 Phase=1->1 StateTime=0.033956->0.033956 StatePosition=0->0 MotionBefore=Troll_Stand_Fist_Fist_P0_Attack_Hit_N_Fwd_00_%_00_P0_100.xmot MotionAfter=Troll_Stand_Fist_Fist_P0_Attack_Hit_N_Fwd_00_%_00_P0_100.xmot Right=TrollFist RightUseType=55 RightGroup=5->5 NativeResult=1 OBSERVE_NATIVE=1
===== CORE MARKER ANOMALY / DISCOVERY =====
ElapsedMs: 41204.013
Actor: Troll
Action: 1
Family: NORMAL
AniPhase: 1
StatePosition: 0
CurrentMovementAni: Troll_Stand_Fist_Fist_P0_Attack_Hit_N_Fwd_00_%_00_P0_100.xmot
MarkerName: G3AB_COL_FIST
MarkerOpcode: FIST
Result: UNSUPPORTED_MISSING_SOURCE
C1GenerationValid: 1
C1Generation: 23
RequiredSourceMask: 0
MissingSourceMask: 0
RightSourceSlot: RIGHT
RightSourceName: TrollFist
RightSourceUseType: 55
RightSourceCollisionGroup: 5
LeftSourceSlot: LEFT
LeftSourceName: TrollFist
LeftSourceUseType: 55
LeftSourceCollisionGroup: 5
Raw8FistSourceName: <none>
Raw8FistSourceUseType: -1
Raw8FistSourceCollisionGroup: -1
===========================================

CORE COLLISION_GROUP ElapsedMs=41204.051 Source=TrollFist UseType=55 Owner=Troll Slot=RIGHT Requested=7 Before=5 After=7 MarkerBitsRetired=0
CORE C1 OFFENSE REQUEST ElapsedMs=41204.059 Actor=Troll Generation=23 Status=PERSISTED Source=TrollFist Side=RIGHT Requests=1 Outstanding=1 CleanupObserved=0 Group=7
CORE RAW55_NORMAL_PRESTATE_FIST_PROBE Actor=Troll C1=23 Action=1 StatePosition=0 StateTime=0.042927 Right=TrollFist RightUseType=55 GroupBefore=5 RequestedGroup=7 GroupAfter=7 ClearTriggeredList=0 PRESTATE_FIST=1
CORE RAW55_NORMAL_CALLBACK_BOUNDARY Actor=Troll C1=23 SameC1=1 SameRight=1 Action=1->1 Phase=1->1 StateTime=0.042927->0.042927 StatePosition=0->0 MotionBefore=Troll_Stand_Fist_Fist_P0_Attack_Hit_N_Fwd_00_%_00_P0_100.xmot MotionAfter=Troll_Stand_Fist_Fist_P0_Attack_Hit_N_Fwd_00_%_00_P0_100.xmot Right=TrollFist RightUseType=55 RightGroup=7->7 NativeResult=1 OBSERVE_NATIVE=1
CORE RAW55_NORMAL_CALLBACK_BOUNDARY Actor=Troll C1=23 SameC1=1 SameRight=1 Action=1->1 Phase=1->1 StateTime=0.051260->0.051260 StatePosition=0->0 MotionBefore=Troll_Stand_Fist_Fist_P0_Attack_Hit_N_Fwd_00_%_00_P0_100.xmot MotionAfter=Troll_Stand_Fist_Fist_P0_Attack_Hit_N_Fwd_00_%_00_P0_100.xmot Right=TrollFist RightUseType=55 RightGroup=7->7 NativeResult=1 OBSERVE_NATIVE=1
CORE RAW55_NORMAL_CALLBACK_BOUNDARY Actor=Troll C1=23 SameC1=1 SameRight=1 Action=1->1 Phase=1->1 StateTime=0.060231->0.060231 StatePosition=0->0 MotionBefore=Troll_Stand_Fist_Fist_P0_Attack_Hit_N_Fwd_00_%_00_P0_100.xmot MotionAfter=Troll_Stand_Fist_Fist_P0_Attack_Hit_N_Fwd_00_%_00_P0_100.xmot Right=TrollFist RightUseType=55 RightGroup=7->7 NativeResult=1 OBSERVE_NATIVE=1
CORE RAW55_NORMAL_CALLBACK_BOUNDARY Actor=Troll C1=23 SameC1=1 SameRight=1 Action=1->1 Phase=1->1 StateTime=0.068564->0.068564 StatePosition=0->0 MotionBefore=Troll_Stand_Fist_Fist_P0_Attack_Hit_N_Fwd_00_%_00_P0_100.xmot MotionAfter=Troll_Stand_Fist_Fist_P0_Attack_Hit_N_Fwd_00_%_00_P0_100.xmot Right=TrollFist RightUseType=55 RightGroup=7->7 NativeResult=1 OBSERVE_NATIVE=1
CORE RAW55_NORMAL_CALLBACK_BOUNDARY Actor=Troll C1=23 SameC1=1 SameRight=1 Action=1->1 Phase=1->1 StateTime=0.076898->0.076898 StatePosition=0->0 MotionBefore=Troll_Stand_Fist_Fist_P0_Attack_Hit_N_Fwd_00_%_00_P0_100.xmot MotionAfter=Troll_Stand_Fist_Fist_P0_Attack_Hit_N_Fwd_00_%_00_P0_100.xmot Right=TrollFist RightUseType=55 RightGroup=7->7 NativeResult=1 OBSERVE_NATIVE=1
CORE RAW55_NORMAL_CALLBACK_BOUNDARY Actor=Troll C1=23 SameC1=1 SameRight=1 Action=1->1 Phase=1->1 StateTime=0.086839->0.086839 StatePosition=0->0 MotionBefore=Troll_Stand_Fist_Fist_P0_Attack_Hit_N_Fwd_00_%_00_P0_100.xmot MotionAfter=Troll_Stand_Fist_Fist_P0_Attack_Hit_N_Fwd_00_%_00_P0_100.xmot Right=TrollFist RightUseType=55 RightGroup=7->7 NativeResult=1 OBSERVE_NATIVE=1
CORE RAW55_NORMAL_CALLBACK_BOUNDARY Actor=Troll C1=23 SameC1=1 SameRight=1 Action=1->1 Phase=1->1 StateTime=0.095172->0.095172 StatePosition=0->0 MotionBefore=Troll_Stand_Fist_Fist_P0_Attack_Hit_N_Fwd_00_%_00_P0_100.xmot MotionAfter=Troll_Stand_Fist_Fist_P0_Attack_Hit_N_Fwd_00_%_00_P0_100.xmot Right=TrollFist RightUseType=55 RightGroup=7->7 NativeResult=1 OBSERVE_NATIVE=1
CORE RAW55_NORMAL_CALLBACK_BOUNDARY Actor=Troll C1=23 SameC1=1 SameRight=1 Action=1->1 Phase=1->1 StateTime=0.104129->0.104129 StatePosition=0->0 MotionBefore=Troll_Stand_Fist_Fist_P0_Attack_Hit_N_Fwd_00_%_00_P0_100.xmot MotionAfter=Troll_Stand_Fist_Fist_P0_Attack_Hit_N_Fwd_00_%_00_P0_100.xmot Right=TrollFist RightUseType=55 RightGroup=7->7 NativeResult=1 OBSERVE_NATIVE=1
CORE RAW55_NORMAL_CALLBACK_BOUNDARY Actor=Troll C1=23 SameC1=1 SameRight=1 Action=1->1 Phase=1->1 StateTime=0.112462->0.112462 StatePosition=0->0 MotionBefore=Troll_Stand_Fist_Fist_P0_Attack_Hit_N_Fwd_00_%_00_P0_100.xmot MotionAfter=Troll_Stand_Fist_Fist_P0_Attack_Hit_N_Fwd_00_%_00_P0_100.xmot Right=TrollFist RightUseType=55 RightGroup=7->7 NativeResult=1 OBSERVE_NATIVE=1
CORE RAW55_NORMAL_CALLBACK_BOUNDARY Actor=Troll C1=23 SameC1=1 SameRight=1 Action=1->1 Phase=1->1 StateTime=0.120796->0.120796 StatePosition=0->0 MotionBefore=Troll_Stand_Fist_Fist_P0_Attack_Hit_N_Fwd_00_%_00_P0_100.xmot MotionAfter=Troll_Stand_Fist_Fist_P0_Attack_Hit_N_Fwd_00_%_00_P0_100.xmot Right=TrollFist RightUseType=55 RightGroup=7->7 NativeResult=1 OBSERVE_NATIVE=1
CORE RAW55_NORMAL_CALLBACK_BOUNDARY Actor=Troll C1=23 SameC1=1 SameRight=1 Action=1->1 Phase=1->1 StateTime=0.129129->0.129129 StatePosition=0->0 MotionBefore=Troll_Stand_Fist_Fist_P0_Attack_Hit_N_Fwd_00_%_00_P0_100.xmot MotionAfter=Troll_Stand_Fist_Fist_P0_Attack_Hit_N_Fwd_00_%_00_P0_100.xmot Right=TrollFist RightUseType=55 RightGroup=7->7 NativeResult=1 OBSERVE_NATIVE=1
CORE RAW55_NORMAL_CALLBACK_BOUNDARY Actor=Troll C1=23 SameC1=1 SameRight=1 Action=1->1 Phase=1->1 StateTime=0.141041->0.141041 StatePosition=0->0 MotionBefore=Troll_Stand_Fist_Fist_P0_Attack_Hit_N_Fwd_00_%_00_P0_100.xmot MotionAfter=Troll_Stand_Fist_Fist_P0_Attack_Hit_N_Fwd_00_%_00_P0_100.xmot Right=TrollFist RightUseType=55 RightGroup=7->7 NativeResult=1 OBSERVE_NATIVE=1
CORE RAW55_NORMAL_CALLBACK_BOUNDARY Actor=Troll C1=23 SameC1=1 SameRight=1 Action=1->1 Phase=1->1 StateTime=0.149374->0.149374 StatePosition=0->0 MotionBefore=Troll_Stand_Fist_Fist_P0_Attack_Hit_N_Fwd_00_%_00_P0_100.xmot MotionAfter=Troll_Stand_Fist_Fist_P0_Attack_Hit_N_Fwd_00_%_00_P0_100.xmot Right=TrollFist RightUseType=55 RightGroup=7->7 NativeResult=1 OBSERVE_NATIVE=1
CORE RAW55_NORMAL_CALLBACK_BOUNDARY Actor=Troll C1=23 SameC1=1 SameRight=1 Action=1->1 Phase=1->1 StateTime=0.159316->0.159316 StatePosition=0->0 MotionBefore=Troll_Stand_Fist_Fist_P0_Attack_Hit_N_Fwd_00_%_00_P0_100.xmot MotionAfter=Troll_Stand_Fist_Fist_P0_Attack_Hit_N_Fwd_00_%_00_P0_100.xmot Right=TrollFist RightUseType=55 RightGroup=7->7 NativeResult=1 OBSERVE_NATIVE=1
CORE RAW55_NORMAL_CALLBACK_BOUNDARY Actor=Troll C1=23 SameC1=1 SameRight=1 Action=1->1 Phase=1->1 StateTime=0.167649->0.167649 StatePosition=0->0 MotionBefore=Troll_Stand_Fist_Fist_P0_Attack_Hit_N_Fwd_00_%_00_P0_100.xmot MotionAfter=Troll_Stand_Fist_Fist_P0_Attack_Hit_N_Fwd_00_%_00_P0_100.xmot Right=TrollFist RightUseType=55 RightGroup=7->7 NativeResult=1 OBSERVE_NATIVE=1
CORE RAW55_NORMAL_CALLBACK_BOUNDARY Actor=Troll C1=23 SameC1=1 SameRight=1 Action=1->1 Phase=1->1 StateTime=0.175982->0.175982 StatePosition=0->0 MotionBefore=Troll_Stand_Fist_Fist_P0_Attack_Hit_N_Fwd_00_%_00_P0_100.xmot MotionAfter=Troll_Stand_Fist_Fist_P0_Attack_Hit_N_Fwd_00_%_00_P0_100.xmot Right=TrollFist RightUseType=55 RightGroup=7->7 NativeResult=1 OBSERVE_NATIVE=1
CORE RAW55_NORMAL_CALLBACK_BOUNDARY Actor=Troll C1=23 SameC1=1 SameRight=1 Action=1->1 Phase=1->1 StateTime=0.184316->0.184316 StatePosition=0->0 MotionBefore=Troll_Stand_Fist_Fist_P0_Attack_Hit_N_Fwd_00_%_00_P0_100.xmot MotionAfter=Troll_Stand_Fist_Fist_P0_Attack_Hit_N_Fwd_00_%_00_P0_100.xmot Right=TrollFist RightUseType=55 RightGroup=7->7 NativeResult=1 OBSERVE_NATIVE=1
CORE RAW55_NORMAL_CALLBACK_BOUNDARY Actor=Troll C1=23 SameC1=1 SameRight=1 Action=1->1 Phase=1->1 StateTime=0.193272->0.193272 StatePosition=0->0 MotionBefore=Troll_Stand_Fist_Fist_P0_Attack_Hit_N_Fwd_00_%_00_P0_100.xmot MotionAfter=Troll_Stand_Fist_Fist_P0_Attack_Hit_N_Fwd_00_%_00_P0_100.xmot Right=TrollFist RightUseType=55 RightGroup=7->7 NativeResult=1 OBSERVE_NATIVE=1
CORE RAW55_NORMAL_CALLBACK_BOUNDARY Actor=Troll C1=23 SameC1=1 SameRight=1 Action=1->1 Phase=1->1 StateTime=0.201605->0.201605 StatePosition=0->0 MotionBefore=Troll_Stand_Fist_Fist_P0_Attack_Hit_N_Fwd_00_%_00_P0_100.xmot MotionAfter=Troll_Stand_Fist_Fist_P0_Attack_Hit_N_Fwd_00_%_00_P0_100.xmot Right=TrollFist RightUseType=55 RightGroup=7->7 NativeResult=1 OBSERVE_NATIVE=1
CORE RAW55_NORMAL_CALLBACK_BOUNDARY Actor=Troll C1=23 SameC1=1 SameRight=1 Action=1->1 Phase=1->1 StateTime=0.210576->0.210576 StatePosition=0->0 MotionBefore=Troll_Stand_Fist_Fist_P0_Attack_Hit_N_Fwd_00_%_00_P0_100.xmot MotionAfter=Troll_Stand_Fist_Fist_P0_Attack_Hit_N_Fwd_00_%_00_P0_100.xmot Right=TrollFist RightUseType=55 RightGroup=7->7 NativeResult=1 OBSERVE_NATIVE=1
CORE RAW55_NORMAL_CALLBACK_BOUNDARY Actor=Troll C1=23 SameC1=1 SameRight=1 Action=1->1 Phase=1->1 StateTime=0.218909->0.218909 StatePosition=0->0 MotionBefore=Troll_Stand_Fist_Fist_P0_Attack_Hit_N_Fwd_00_%_00_P0_100.xmot MotionAfter=Troll_Stand_Fist_Fist_P0_Attack_Hit_N_Fwd_00_%_00_P0_100.xmot Right=TrollFist RightUseType=55 RightGroup=7->7 NativeResult=1 OBSERVE_NATIVE=1
CORE RAW55_NORMAL_CALLBACK_BOUNDARY Actor=Troll C1=23 SameC1=1 SameRight=1 Action=1->1 Phase=1->1 StateTime=0.227866->0.227866 StatePosition=0->0 MotionBefore=Troll_Stand_Fist_Fist_P0_Attack_Hit_N_Fwd_00_%_00_P0_100.xmot MotionAfter=Troll_Stand_Fist_Fist_P0_Attack_Hit_N_Fwd_00_%_00_P0_100.xmot Right=TrollFist RightUseType=55 RightGroup=7->7 NativeResult=1 OBSERVE_NATIVE=1
CORE RAW55_NORMAL_CALLBACK_BOUNDARY Actor=Troll C1=23 SameC1=1 SameRight=1 Action=1->1 Phase=1->1 StateTime=0.236199->0.236199 StatePosition=0->0 MotionBefore=Troll_Stand_Fist_Fist_P0_Attack_Hit_N_Fwd_00_%_00_P0_100.xmot MotionAfter=Troll_Stand_Fist_Fist_P0_Attack_Hit_N_Fwd_00_%_00_P0_100.xmot Right=TrollFist RightUseType=55 RightGroup=7->7 NativeResult=1 OBSERVE_NATIVE=1
CORE RAW55_NORMAL_CALLBACK_BOUNDARY Actor=Troll C1=23 SameC1=1 SameRight=1 Action=1->1 Phase=1->1 StateTime=0.246140->0.246140 StatePosition=0->0 MotionBefore=Troll_Stand_Fist_Fist_P0_Attack_Hit_N_Fwd_00_%_00_P0_100.xmot MotionAfter=Troll_Stand_Fist_Fist_P0_Attack_Hit_N_Fwd_00_%_00_P0_100.xmot Right=TrollFist RightUseType=55 RightGroup=7->7 NativeResult=1 OBSERVE_NATIVE=1
CORE COLLISION_GROUP ElapsedMs=41399.525 Source=TrollFist UseType=55 Owner=Troll Slot=RIGHT Requested=7 Before=7 After=7 MarkerBitsRetired=0
CORE C1 OFFENSE REQUEST ElapsedMs=41399.557 Actor=Troll Generation=23 Status=PERSISTED Source=TrollFist Side=RIGHT Requests=2 Outstanding=1 CleanupObserved=0 Group=7
CORE RAW55_NORMAL_CALLBACK_BOUNDARY Actor=Troll C1=23 SameC1=1 SameRight=1 Action=1->1 Phase=1->1 StateTime=0.254474->0.254474 StatePosition=0->1 MotionBefore=Troll_Stand_Fist_Fist_P0_Attack_Hit_N_Fwd_00_%_00_P0_100.xmot MotionAfter=Troll_Stand_Fist_Fist_P0_Attack_Hit_N_Fwd_00_%_00_P0_100.xmot Right=TrollFist RightUseType=55 RightGroup=7->7 NativeResult=1 OBSERVE_NATIVE=1
CORE RAW55_NORMAL_CALLBACK_BOUNDARY Actor=Troll C1=23 SameC1=1 SameRight=1 Action=1->1 Phase=1->1 StateTime=0.262807->0.262807 StatePosition=1->1 MotionBefore=Troll_Stand_Fist_Fist_P0_Attack_Hit_N_Fwd_00_%_00_P0_100.xmot MotionAfter=Troll_Stand_Fist_Fist_P0_Attack_Hit_N_Fwd_00_%_00_P0_100.xmot Right=TrollFist RightUseType=55 RightGroup=7->7 NativeResult=1 OBSERVE_NATIVE=1
CORE RAW55_NORMAL_CALLBACK_BOUNDARY Actor=Troll C1=23 SameC1=1 SameRight=1 Action=1->1 Phase=1->1 StateTime=0.271140->0.271140 StatePosition=1->1 MotionBefore=Troll_Stand_Fist_Fist_P0_Attack_Hit_N_Fwd_00_%_00_P0_100.xmot MotionAfter=Troll_Stand_Fist_Fist_P0_Attack_Hit_N_Fwd_00_%_00_P0_100.xmot Right=TrollFist RightUseType=55 RightGroup=7->7 NativeResult=1 OBSERVE_NATIVE=1
CORE RAW55_NORMAL_CALLBACK_BOUNDARY Actor=Troll C1=23 SameC1=1 SameRight=1 Action=1->1 Phase=1->1 StateTime=0.280097->0.280097 StatePosition=1->1 MotionBefore=Troll_Stand_Fist_Fist_P0_Attack_Hit_N_Fwd_00_%_00_P0_100.xmot MotionAfter=Troll_Stand_Fist_Fist_P0_Attack_Hit_N_Fwd_00_%_00_P0_100.xmot Right=TrollFist RightUseType=55 RightGroup=7->7 NativeResult=1 OBSERVE_NATIVE=1
CORE RAW55_NORMAL_CALLBACK_BOUNDARY Actor=Troll C1=23 SameC1=1 SameRight=1 Action=1->1 Phase=1->1 StateTime=0.288430->0.288430 StatePosition=1->1 MotionBefore=Troll_Stand_Fist_Fist_P0_Attack_Hit_N_Fwd_00_%_00_P0_100.xmot MotionAfter=Troll_Stand_Fist_Fist_P0_Attack_Hit_N_Fwd_00_%_00_P0_100.xmot Right=TrollFist RightUseType=55 RightGroup=7->7 NativeResult=1 OBSERVE_NATIVE=1
CORE RAW55_NORMAL_CALLBACK_BOUNDARY Actor=Troll C1=23 SameC1=1 SameRight=1 Action=1->1 Phase=1->1 StateTime=0.296763->0.296763 StatePosition=1->1 MotionBefore=Troll_Stand_Fist_Fist_P0_Attack_Hit_N_Fwd_00_%_00_P0_100.xmot MotionAfter=Troll_Stand_Fist_Fist_P0_Attack_Hit_N_Fwd_00_%_00_P0_100.xmot Right=TrollFist RightUseType=55 RightGroup=7->7 NativeResult=1 OBSERVE_NATIVE=1
CORE RAW55_NORMAL_CALLBACK_BOUNDARY Actor=Troll C1=23 SameC1=1 SameRight=1 Action=1->1 Phase=1->1 StateTime=0.305097->0.305097 StatePosition=1->1 MotionBefore=Troll_Stand_Fist_Fist_P0_Attack_Hit_N_Fwd_00_%_00_P0_100.xmot MotionAfter=Troll_Stand_Fist_Fist_P0_Attack_Hit_N_Fwd_00_%_00_P0_100.xmot Right=TrollFist RightUseType=55 RightGroup=7->7 NativeResult=1 OBSERVE_NATIVE=1
CORE RAW55_NORMAL_CALLBACK_BOUNDARY Actor=Troll C1=23 SameC1=1 SameRight=1 Action=1->1 Phase=1->1 StateTime=0.314053->0.314053 StatePosition=1->1 MotionBefore=Troll_Stand_Fist_Fist_P0_Attack_Hit_N_Fwd_00_%_00_P0_100.xmot MotionAfter=Troll_Stand_Fist_Fist_P0_Attack_Hit_N_Fwd_00_%_00_P0_100.xmot Right=TrollFist RightUseType=55 RightGroup=7->7 NativeResult=1 OBSERVE_NATIVE=1
CORE RAW55_NORMAL_CALLBACK_BOUNDARY Actor=Troll C1=23 SameC1=1 SameRight=1 Action=1->1 Phase=1->1 StateTime=0.322386->0.322386 StatePosition=1->1 MotionBefore=Troll_Stand_Fist_Fist_P0_Attack_Hit_N_Fwd_00_%_00_P0_100.xmot MotionAfter=Troll_Stand_Fist_Fist_P0_Attack_Hit_N_Fwd_00_%_00_P0_100.xmot Right=TrollFist RightUseType=55 RightGroup=7->7 NativeResult=1 OBSERVE_NATIVE=1
CORE RAW55_NORMAL_CALLBACK_BOUNDARY Actor=Troll C1=23 SameC1=1 SameRight=1 Action=1->1 Phase=1->1 StateTime=0.330719->0.330719 StatePosition=1->1 MotionBefore=Troll_Stand_Fist_Fist_P0_Attack_Hit_N_Fwd_00_%_00_P0_100.xmot MotionAfter=Troll_Stand_Fist_Fist_P0_Attack_Hit_N_Fwd_00_%_00_P0_100.xmot Right=TrollFist RightUseType=55 RightGroup=7->7 NativeResult=1 OBSERVE_NATIVE=1
CORE RAW55_NORMAL_CALLBACK_BOUNDARY Actor=Troll C1=23 SameC1=1 SameRight=1 Action=1->1 Phase=1->1 StateTime=0.339053->0.339053 StatePosition=1->1 MotionBefore=Troll_Stand_Fist_Fist_P0_Attack_Hit_N_Fwd_00_%_00_P0_100.xmot MotionAfter=Troll_Stand_Fist_Fist_P0_Attack_Hit_N_Fwd_00_%_00_P0_100.xmot Right=TrollFist RightUseType=55 RightGroup=7->7 NativeResult=1 OBSERVE_NATIVE=1
CORE RAW55_NORMAL_CALLBACK_BOUNDARY Actor=Troll C1=23 SameC1=1 SameRight=1 Action=1->1 Phase=1->1 StateTime=0.348009->0.348009 StatePosition=1->1 MotionBefore=Troll_Stand_Fist_Fist_P0_Attack_Hit_N_Fwd_00_%_00_P0_100.xmot MotionAfter=Troll_Stand_Fist_Fist_P0_Attack_Hit_N_Fwd_00_%_00_P0_100.xmot Right=TrollFist RightUseType=55 RightGroup=7->7 NativeResult=1 OBSERVE_NATIVE=1
CORE RAW55_NORMAL_CALLBACK_BOUNDARY Actor=Troll C1=23 SameC1=1 SameRight=1 Action=1->1 Phase=1->1 StateTime=0.356342->0.356342 StatePosition=1->1 MotionBefore=Troll_Stand_Fist_Fist_P0_Attack_Hit_N_Fwd_00_%_00_P0_100.xmot MotionAfter=Troll_Stand_Fist_Fist_P0_Attack_Hit_N_Fwd_00_%_00_P0_100.xmot Right=TrollFist RightUseType=55 RightGroup=7->7 NativeResult=1 OBSERVE_NATIVE=1
CORE RAW55_NORMAL_CALLBACK_BOUNDARY Actor=Troll C1=23 SameC1=1 SameRight=1 Action=1->1 Phase=1->1 StateTime=0.366284->0.366284 StatePosition=1->1 MotionBefore=Troll_Stand_Fist_Fist_P0_Attack_Hit_N_Fwd_00_%_00_P0_100.xmot MotionAfter=Troll_Stand_Fist_Fist_P0_Attack_Hit_N_Fwd_00_%_00_P0_100.xmot Right=TrollFist RightUseType=55 RightGroup=7->7 NativeResult=1 OBSERVE_NATIVE=1
CORE RAW55_NORMAL_CALLBACK_BOUNDARY Actor=Troll C1=23 SameC1=1 SameRight=1 Action=1->1 Phase=1->1 StateTime=0.374617->0.374617 StatePosition=1->1 MotionBefore=Troll_Stand_Fist_Fist_P0_Attack_Hit_N_Fwd_00_%_00_P0_100.xmot MotionAfter=Troll_Stand_Fist_Fist_P0_Attack_Hit_N_Fwd_00_%_00_P0_100.xmot Right=TrollFist RightUseType=55 RightGroup=7->7 NativeResult=1 OBSERVE_NATIVE=1
CORE RAW55_NORMAL_CALLBACK_BOUNDARY Actor=Troll C1=23 SameC1=1 SameRight=1 Action=1->1 Phase=1->1 StateTime=0.382950->0.382950 StatePosition=1->1 MotionBefore=Troll_Stand_Fist_Fist_P0_Attack_Hit_N_Fwd_00_%_00_P0_100.xmot MotionAfter=Troll_Stand_Fist_Fist_P0_Attack_Hit_N_Fwd_00_%_00_P0_100.xmot Right=TrollFist RightUseType=55 RightGroup=7->7 NativeResult=1 OBSERVE_NATIVE=1
CORE RAW55_NORMAL_CALLBACK_BOUNDARY Actor=Troll C1=23 SameC1=1 SameRight=1 Action=1->1 Phase=1->1 StateTime=0.391284->0.391284 StatePosition=1->1 MotionBefore=Troll_Stand_Fist_Fist_P0_Attack_Hit_N_Fwd_00_%_00_P0_100.xmot MotionAfter=Troll_Stand_Fist_Fist_P0_Attack_Hit_N_Fwd_00_%_00_P0_100.xmot Right=TrollFist RightUseType=55 RightGroup=7->7 NativeResult=1 OBSERVE_NATIVE=1
CORE RAW55_NORMAL_CALLBACK_BOUNDARY Actor=Troll C1=23 SameC1=1 SameRight=1 Action=1->1 Phase=1->1 StateTime=0.399617->0.399617 StatePosition=1->1 MotionBefore=Troll_Stand_Fist_Fist_P0_Attack_Hit_N_Fwd_00_%_00_P0_100.xmot MotionAfter=Troll_Stand_Fist_Fist_P0_Attack_Hit_N_Fwd_00_%_00_P0_100.xmot Right=TrollFist RightUseType=55 RightGroup=7->7 NativeResult=1 OBSERVE_NATIVE=1
CORE RAW55_NORMAL_CALLBACK_BOUNDARY Actor=Troll C1=23 SameC1=1 SameRight=1 Action=1->1 Phase=1->1 StateTime=0.407950->0.407950 StatePosition=1->1 MotionBefore=Troll_Stand_Fist_Fist_P0_Attack_Hit_N_Fwd_00_%_00_P0_100.xmot MotionAfter=Troll_Stand_Fist_Fist_P0_Attack_Hit_N_Fwd_00_%_00_P0_100.xmot Right=TrollFist RightUseType=55 RightGroup=7->7 NativeResult=1 OBSERVE_NATIVE=1
CORE RAW55_NORMAL_CALLBACK_BOUNDARY Actor=Troll C1=23 SameC1=1 SameRight=1 Action=1->1 Phase=1->1 StateTime=0.416284->0.416284 StatePosition=1->1 MotionBefore=Troll_Stand_Fist_Fist_P0_Attack_Hit_N_Fwd_00_%_00_P0_100.xmot MotionAfter=Troll_Stand_Fist_Fist_P0_Attack_Hit_N_Fwd_00_%_00_P0_100.xmot Right=TrollFist RightUseType=55 RightGroup=7->7 NativeResult=1 OBSERVE_NATIVE=1
CORE RAW55_NORMAL_CALLBACK_BOUNDARY Actor=Troll C1=23 SameC1=1 SameRight=1 Action=1->1 Phase=1->1 StateTime=0.425240->0.425240 StatePosition=1->1 MotionBefore=Troll_Stand_Fist_Fist_P0_Attack_Hit_N_Fwd_00_%_00_P0_100.xmot MotionAfter=Troll_Stand_Fist_Fist_P0_Attack_Hit_N_Fwd_00_%_00_P0_100.xmot Right=TrollFist RightUseType=55 RightGroup=7->7 NativeResult=1 OBSERVE_NATIVE=1
CORE RAW55_NORMAL_CALLBACK_BOUNDARY Actor=Troll C1=23 SameC1=1 SameRight=1 Action=1->1 Phase=1->1 StateTime=0.433573->0.433573 StatePosition=1->1 MotionBefore=Troll_Stand_Fist_Fist_P0_Attack_Hit_N_Fwd_00_%_00_P0_100.xmot MotionAfter=Troll_Stand_Fist_Fist_P0_Attack_Hit_N_Fwd_00_%_00_P0_100.xmot Right=TrollFist RightUseType=55 RightGroup=7->7 NativeResult=1 OBSERVE_NATIVE=1
CORE RAW55_NORMAL_CALLBACK_BOUNDARY Actor=Troll C1=23 SameC1=1 SameRight=1 Action=1->1 Phase=1->1 StateTime=0.441907->0.441907 StatePosition=1->1 MotionBefore=Troll_Stand_Fist_Fist_P0_Attack_Hit_N_Fwd_00_%_00_P0_100.xmot MotionAfter=Troll_Stand_Fist_Fist_P0_Attack_Hit_N_Fwd_00_%_00_P0_100.xmot Right=TrollFist RightUseType=55 RightGroup=7->7 NativeResult=1 OBSERVE_NATIVE=1
CORE RAW55_NORMAL_CALLBACK_BOUNDARY Actor=Troll C1=23 SameC1=1 SameRight=1 Action=1->1 Phase=1->1 StateTime=0.450240->0.450240 StatePosition=1->1 MotionBefore=Troll_Stand_Fist_Fist_P0_Attack_Hit_N_Fwd_00_%_00_P0_100.xmot MotionAfter=Troll_Stand_Fist_Fist_P0_Attack_Hit_N_Fwd_00_%_00_P0_100.xmot Right=TrollFist RightUseType=55 RightGroup=7->7 NativeResult=1 OBSERVE_NATIVE=1
CORE RAW55_NORMAL_CALLBACK_BOUNDARY Actor=Troll C1=23 SameC1=1 SameRight=1 Action=1->1 Phase=1->1 StateTime=0.458573->0.458573 StatePosition=1->1 MotionBefore=Troll_Stand_Fist_Fist_P0_Attack_Hit_N_Fwd_00_%_00_P0_100.xmot MotionAfter=Troll_Stand_Fist_Fist_P0_Attack_Hit_N_Fwd_00_%_00_P0_100.xmot Right=TrollFist RightUseType=55 RightGroup=7->7 NativeResult=1 OBSERVE_NATIVE=1
CORE RAW55_NORMAL_CALLBACK_BOUNDARY Actor=Troll C1=23 SameC1=1 SameRight=1 Action=1->1 Phase=1->1 StateTime=0.466907->0.466907 StatePosition=1->1 MotionBefore=Troll_Stand_Fist_Fist_P0_Attack_Hit_N_Fwd_00_%_00_P0_100.xmot MotionAfter=Troll_Stand_Fist_Fist_P0_Attack_Hit_N_Fwd_00_%_00_P0_100.xmot Right=TrollFist RightUseType=55 RightGroup=7->7 NativeResult=1 OBSERVE_NATIVE=1
CORE RAW55_NORMAL_CALLBACK_BOUNDARY Actor=Troll C1=23 SameC1=1 SameRight=1 Action=1->1 Phase=1->1 StateTime=0.475240->0.475240 StatePosition=1->1 MotionBefore=Troll_Stand_Fist_Fist_P0_Attack_Hit_N_Fwd_00_%_00_P0_100.xmot MotionAfter=Troll_Stand_Fist_Fist_P0_Attack_Hit_N_Fwd_00_%_00_P0_100.xmot Right=TrollFist RightUseType=55 RightGroup=7->7 NativeResult=1 OBSERVE_NATIVE=1
CORE RAW55_NORMAL_CALLBACK_BOUNDARY Actor=Troll C1=23 SameC1=1 SameRight=1 Action=1->1 Phase=1->1 StateTime=0.484211->0.484211 StatePosition=1->1 MotionBefore=Troll_Stand_Fist_Fist_P0_Attack_Hit_N_Fwd_00_%_00_P0_100.xmot MotionAfter=Troll_Stand_Fist_Fist_P0_Attack_Hit_N_Fwd_00_%_00_P0_100.xmot Right=TrollFist RightUseType=55 RightGroup=7->7 NativeResult=1 OBSERVE_NATIVE=1
CORE RAW55_NORMAL_CALLBACK_BOUNDARY Actor=Troll C1=23 SameC1=1 SameRight=1 Action=1->1 Phase=1->1 StateTime=0.492544->0.492544 StatePosition=1->1 MotionBefore=Troll_Stand_Fist_Fist_P0_Attack_Hit_N_Fwd_00_%_00_P0_100.xmot MotionAfter=Troll_Stand_Fist_Fist_P0_Attack_Hit_N_Fwd_00_%_00_P0_100.xmot Right=TrollFist RightUseType=55 RightGroup=7->7 NativeResult=1 OBSERVE_NATIVE=1
CORE RAW55_NORMAL_CALLBACK_BOUNDARY Actor=Troll C1=23 SameC1=1 SameRight=1 Action=1->1 Phase=1->1 StateTime=0.500877->0.500877 StatePosition=1->1 MotionBefore=Troll_Stand_Fist_Fist_P0_Attack_Hit_N_Fwd_00_%_00_P0_100.xmot MotionAfter=Troll_Stand_Fist_Fist_P0_Attack_Hit_N_Fwd_00_%_00_P0_100.xmot Right=TrollFist RightUseType=55 RightGroup=7->7 NativeResult=1 OBSERVE_NATIVE=1
CORE RAW55_NORMAL_CALLBACK_BOUNDARY Actor=Troll C1=23 SameC1=1 SameRight=1 Action=1->1 Phase=1->1 StateTime=0.509211->0.509211 StatePosition=1->1 MotionBefore=Troll_Stand_Fist_Fist_P0_Attack_Hit_N_Fwd_00_%_00_P0_100.xmot MotionAfter=Troll_Stand_Fist_Fist_P0_Attack_Hit_N_Fwd_00_%_00_P0_100.xmot Right=TrollFist RightUseType=55 RightGroup=7->7 NativeResult=1 OBSERVE_NATIVE=1
CORE RAW55_NORMAL_CALLBACK_BOUNDARY Actor=Troll C1=23 SameC1=1 SameRight=1 Action=1->1 Phase=1->1 StateTime=0.518167->0.518167 StatePosition=1->1 MotionBefore=Troll_Stand_Fist_Fist_P0_Attack_Hit_N_Fwd_00_%_00_P0_100.xmot MotionAfter=Troll_Stand_Fist_Fist_P0_Attack_Hit_N_Fwd_00_%_00_P0_100.xmot Right=TrollFist RightUseType=55 RightGroup=7->7 NativeResult=1 OBSERVE_NATIVE=1
CORE RAW55_NORMAL_CALLBACK_BOUNDARY Actor=Troll C1=23 SameC1=1 SameRight=1 Action=1->1 Phase=1->1 StateTime=0.526500->0.526500 StatePosition=1->1 MotionBefore=Troll_Stand_Fist_Fist_P0_Attack_Hit_N_Fwd_00_%_00_P0_100.xmot MotionAfter=Troll_Stand_Fist_Fist_P0_Attack_Hit_N_Fwd_00_%_00_P0_100.xmot Right=TrollFist RightUseType=55 RightGroup=7->7 NativeResult=1 OBSERVE_NATIVE=1
CORE RAW55_NORMAL_CALLBACK_BOUNDARY Actor=Troll C1=23 SameC1=1 SameRight=1 Action=1->1 Phase=1->1 StateTime=0.534833->0.534833 StatePosition=1->1 MotionBefore=Troll_Stand_Fist_Fist_P0_Attack_Hit_N_Fwd_00_%_00_P0_100.xmot MotionAfter=Troll_Stand_Fist_Fist_P0_Attack_Hit_N_Fwd_00_%_00_P0_100.xmot Right=TrollFist RightUseType=55 RightGroup=7->7 NativeResult=1 OBSERVE_NATIVE=1
CORE RAW55_NORMAL_CALLBACK_BOUNDARY Actor=Troll C1=23 SameC1=1 SameRight=1 Action=1->1 Phase=1->1 StateTime=0.543790->0.543790 StatePosition=1->1 MotionBefore=Troll_Stand_Fist_Fist_P0_Attack_Hit_N_Fwd_00_%_00_P0_100.xmot MotionAfter=Troll_Stand_Fist_Fist_P0_Attack_Hit_N_Fwd_00_%_00_P0_100.xmot Right=TrollFist RightUseType=55 RightGroup=7->7 NativeResult=1 OBSERVE_NATIVE=1
CORE RAW55_NORMAL_CALLBACK_BOUNDARY Actor=Troll C1=23 SameC1=1 SameRight=1 Action=1->1 Phase=1->1 StateTime=0.552123->0.552123 StatePosition=1->1 MotionBefore=Troll_Stand_Fist_Fist_P0_Attack_Hit_N_Fwd_00_%_00_P0_100.xmot MotionAfter=Troll_Stand_Fist_Fist_P0_Attack_Hit_N_Fwd_00_%_00_P0_100.xmot Right=TrollFist RightUseType=55 RightGroup=7->7 NativeResult=1 OBSERVE_NATIVE=1
CORE RAW55_NORMAL_CALLBACK_BOUNDARY Actor=Troll C1=23 SameC1=1 SameRight=1 Action=1->1 Phase=1->1 StateTime=0.561094->0.561094 StatePosition=1->1 MotionBefore=Troll_Stand_Fist_Fist_P0_Attack_Hit_N_Fwd_00_%_00_P0_100.xmot MotionAfter=Troll_Stand_Fist_Fist_P0_Attack_Hit_N_Fwd_00_%_00_P0_100.xmot Right=TrollFist RightUseType=55 RightGroup=7->7 NativeResult=1 OBSERVE_NATIVE=1
CORE RAW55_NORMAL_CALLBACK_BOUNDARY Actor=Troll C1=23 SameC1=1 SameRight=1 Action=1->1 Phase=1->1 StateTime=0.569427->0.569427 StatePosition=1->1 MotionBefore=Troll_Stand_Fist_Fist_P0_Attack_Hit_N_Fwd_00_%_00_P0_100.xmot MotionAfter=Troll_Stand_Fist_Fist_P0_Attack_Hit_N_Fwd_00_%_00_P0_100.xmot Right=TrollFist RightUseType=55 RightGroup=7->7 NativeResult=1 OBSERVE_NATIVE=1
CORE RAW55_NORMAL_CALLBACK_BOUNDARY Actor=Troll C1=23 SameC1=1 SameRight=1 Action=1->1 Phase=1->1 StateTime=0.577760->0.577760 StatePosition=1->1 MotionBefore=Troll_Stand_Fist_Fist_P0_Attack_Hit_N_Fwd_00_%_00_P0_100.xmot MotionAfter=Troll_Stand_Fist_Fist_P0_Attack_Hit_N_Fwd_00_%_00_P0_100.xmot Right=TrollFist RightUseType=55 RightGroup=7->7 NativeResult=1 OBSERVE_NATIVE=1
CORE RAW55_NORMAL_CALLBACK_BOUNDARY Actor=Troll C1=23 SameC1=1 SameRight=1 Action=1->1 Phase=1->1 StateTime=0.586094->0.586094 StatePosition=1->1 MotionBefore=Troll_Stand_Fist_Fist_P0_Attack_Hit_N_Fwd_00_%_00_P0_100.xmot MotionAfter=Troll_Stand_Fist_Fist_P0_Attack_Hit_N_Fwd_00_%_00_P0_100.xmot Right=TrollFist RightUseType=55 RightGroup=7->7 NativeResult=1 OBSERVE_NATIVE=1
CORE RAW55_NORMAL_CALLBACK_BOUNDARY Actor=Troll C1=23 SameC1=1 SameRight=1 Action=1->1 Phase=1->1 StateTime=0.594427->0.594427 StatePosition=1->1 MotionBefore=Troll_Stand_Fist_Fist_P0_Attack_Hit_N_Fwd_00_%_00_P0_100.xmot MotionAfter=Troll_Stand_Fist_Fist_P0_Attack_Hit_N_Fwd_00_%_00_P0_100.xmot Right=TrollFist RightUseType=55 RightGroup=7->7 NativeResult=1 OBSERVE_NATIVE=1
===== CORE MARKER ANOMALY / DISCOVERY =====
ElapsedMs: 41701.284
Actor: Troll
Action: 1
Family: NORMAL
AniPhase: 1
StatePosition: 1
CurrentMovementAni: Troll_Stand_Fist_Fist_P0_Attack_Hit_N_Fwd_00_%_00_P0_100.xmot
MarkerName: G3AB_COL_FIST
MarkerOpcode: FIST
Result: UNSUPPORTED_MISSING_SOURCE
C1GenerationValid: 1
C1Generation: 23
RequiredSourceMask: 0
MissingSourceMask: 0
RightSourceSlot: RIGHT
RightSourceName: TrollFist
RightSourceUseType: 55
RightSourceCollisionGroup: 7
LeftSourceSlot: LEFT
LeftSourceName: TrollFist
LeftSourceUseType: 55
LeftSourceCollisionGroup: 5
Raw8FistSourceName: <none>
Raw8FistSourceUseType: -1
Raw8FistSourceCollisionGroup: -1
===========================================

CORE RAW55_QUICK_REPEAT_FIST_ELIGIBILITY Actor=Troll Action=1 StatePosition=1 StateTime=0.602760 MarkerOpcode=4 ResultOpcode=4 ResultCode=2 CurrentC1Valid=1 CurrentC1=23 StoredC1=16 SameC1=0 CurrentRight=E6EAF010 StoredRight=E6EAF010 SameRight=1 ResultRightMatchesStored=1 RightUseType=55 RightGroup=7 InterventionUsed=1 PreStateFistProven=1 LaterFistRearmUsed=1 DecisionFoundMotion=1 DecisionScanValid=1 DecisionMarkerPresent=1 DecisionHasFist=1 DecisionFistCount=2 DecisionRightCount=0 DecisionLeftCount=0 DecisionBothCount=0 DecisionOffCount=0 RequiredSourceMask=0 Raw8ResolverAbsent=1 QuickHit=0 Eligible=0 FirstFailedGate=C1_MISMATCH
CORE RAW55_NORMAL_CALLBACK_BOUNDARY Actor=Troll C1=23 SameC1=1 SameRight=1 Action=1->1 Phase=1->1 StateTime=0.602760->0.602760 StatePosition=1->1 MotionBefore=Troll_Stand_Fist_Fist_P0_Attack_Hit_N_Fwd_00_%_00_P0_100.xmot MotionAfter=Troll_Stand_Fist_Fist_P0_Attack_Hit_N_Fwd_00_%_00_P0_100.xmot Right=TrollFist RightUseType=55 RightGroup=7->7 NativeResult=1 OBSERVE_NATIVE=1
CORE RAW55_NORMAL_CALLBACK_BOUNDARY Actor=Troll C1=23 SameC1=1 SameRight=1 Action=1->1 Phase=1->1 StateTime=0.611094->0.611094 StatePosition=1->1 MotionBefore=Troll_Stand_Fist_Fist_P0_Attack_Hit_N_Fwd_00_%_00_P0_100.xmot MotionAfter=Troll_Stand_Fist_Fist_P0_Attack_Hit_N_Fwd_00_%_00_P0_100.xmot Right=TrollFist RightUseType=55 RightGroup=7->7 NativeResult=1 OBSERVE_NATIVE=1
CORE RAW55_NORMAL_CALLBACK_BOUNDARY Actor=Troll C1=23 SameC1=1 SameRight=1 Action=1->1 Phase=1->1 StateTime=0.619427->0.619427 StatePosition=1->1 MotionBefore=Troll_Stand_Fist_Fist_P0_Attack_Hit_N_Fwd_00_%_00_P0_100.xmot MotionAfter=Troll_Stand_Fist_Fist_P0_Attack_Hit_N_Fwd_00_%_00_P0_100.xmot Right=TrollFist RightUseType=55 RightGroup=7->7 NativeResult=1 OBSERVE_NATIVE=1
CORE RAW55_NORMAL_CALLBACK_BOUNDARY Actor=Troll C1=23 SameC1=1 SameRight=1 Action=1->1 Phase=1->1 StateTime=0.628383->0.628383 StatePosition=1->1 MotionBefore=Troll_Stand_Fist_Fist_P0_Attack_Hit_N_Fwd_00_%_00_P0_100.xmot MotionAfter=Troll_Stand_Fist_Fist_P0_Attack_Hit_N_Fwd_00_%_00_P0_100.xmot Right=TrollFist RightUseType=55 RightGroup=7->7 NativeResult=1 OBSERVE_NATIVE=1
CORE RAW55_NORMAL_CALLBACK_BOUNDARY Actor=Troll C1=23 SameC1=1 SameRight=1 Action=1->1 Phase=1->1 StateTime=0.636716->0.636716 StatePosition=1->1 MotionBefore=Troll_Stand_Fist_Fist_P0_Attack_Hit_N_Fwd_00_%_00_P0_100.xmot MotionAfter=Troll_Stand_Fist_Fist_P0_Attack_Hit_N_Fwd_00_%_00_P0_100.xmot Right=TrollFist RightUseType=55 RightGroup=7->7 NativeResult=1 OBSERVE_NATIVE=1
CORE RAW55_NORMAL_CALLBACK_BOUNDARY Actor=Troll C1=23 SameC1=1 SameRight=1 Action=1->1 Phase=1->1 StateTime=0.646658->0.646658 StatePosition=1->1 MotionBefore=Troll_Stand_Fist_Fist_P0_Attack_Hit_N_Fwd_00_%_00_P0_100.xmot MotionAfter=Troll_Stand_Fist_Fist_P0_Attack_Hit_N_Fwd_00_%_00_P0_100.xmot Right=TrollFist RightUseType=55 RightGroup=7->7 NativeResult=1 OBSERVE_NATIVE=1
CORE RAW55_NORMAL_CALLBACK_BOUNDARY Actor=Troll C1=23 SameC1=1 SameRight=1 Action=1->1 Phase=1->1 StateTime=0.654991->0.654991 StatePosition=1->1 MotionBefore=Troll_Stand_Fist_Fist_P0_Attack_Hit_N_Fwd_00_%_00_P0_100.xmot MotionAfter=Troll_Stand_Fist_Fist_P0_Attack_Hit_N_Fwd_00_%_00_P0_100.xmot Right=TrollFist RightUseType=55 RightGroup=7->7 NativeResult=1 OBSERVE_NATIVE=1
CORE RAW55_NORMAL_CALLBACK_BOUNDARY Actor=Troll C1=23 SameC1=1 SameRight=1 Action=1->1 Phase=1->1 StateTime=0.663947->0.663947 StatePosition=1->1 MotionBefore=Troll_Stand_Fist_Fist_P0_Attack_Hit_N_Fwd_00_%_00_P0_100.xmot MotionAfter=Troll_Stand_Fist_Fist_P0_Attack_Hit_N_Fwd_00_%_00_P0_100.xmot Right=TrollFist RightUseType=55 RightGroup=7->7 NativeResult=1 OBSERVE_NATIVE=1
CORE RAW55_NORMAL_CALLBACK_BOUNDARY Actor=Troll C1=23 SameC1=1 SameRight=1 Action=1->1 Phase=1->1 StateTime=0.672281->0.672281 StatePosition=1->1 MotionBefore=Troll_Stand_Fist_Fist_P0_Attack_Hit_N_Fwd_00_%_00_P0_100.xmot MotionAfter=Troll_Stand_Fist_Fist_P0_Attack_Hit_N_Fwd_00_%_00_P0_100.xmot Right=TrollFist RightUseType=55 RightGroup=7->7 NativeResult=1 OBSERVE_NATIVE=1
CORE RAW55_NORMAL_CALLBACK_BOUNDARY Actor=Troll C1=23 SameC1=1 SameRight=1 Action=1->1 Phase=1->1 StateTime=0.680614->0.680614 StatePosition=1->1 MotionBefore=Troll_Stand_Fist_Fist_P0_Attack_Hit_N_Fwd_00_%_00_P0_100.xmot MotionAfter=Troll_Stand_Fist_Fist_P0_Attack_Hit_N_Fwd_00_%_00_P0_100.xmot Right=TrollFist RightUseType=55 RightGroup=7->7 NativeResult=1 OBSERVE_NATIVE=1
CORE RAW55_NORMAL_CALLBACK_BOUNDARY Actor=Troll C1=23 SameC1=1 SameRight=1 Action=1->1 Phase=1->1 StateTime=0.688947->0.688947 StatePosition=1->1 MotionBefore=Troll_Stand_Fist_Fist_P0_Attack_Hit_N_Fwd_00_%_00_P0_100.xmot MotionAfter=Troll_Stand_Fist_Fist_P0_Attack_Hit_N_Fwd_00_%_00_P0_100.xmot Right=TrollFist RightUseType=55 RightGroup=7->7 NativeResult=1 OBSERVE_NATIVE=1
CORE RAW55_NORMAL_CALLBACK_BOUNDARY Actor=Troll C1=23 SameC1=1 SameRight=1 Action=1->1 Phase=1->1 StateTime=0.697281->0.697281 StatePosition=1->1 MotionBefore=Troll_Stand_Fist_Fist_P0_Attack_Hit_N_Fwd_00_%_00_P0_100.xmot MotionAfter=Troll_Stand_Fist_Fist_P0_Attack_Hit_N_Fwd_00_%_00_P0_100.xmot Right=TrollFist RightUseType=55 RightGroup=7->7 NativeResult=1 OBSERVE_NATIVE=1
CORE RAW55_NORMAL_CALLBACK_BOUNDARY Actor=Troll C1=23 SameC1=1 SameRight=1 Action=1->1 Phase=1->1 StateTime=0.705614->0.705614 StatePosition=1->1 MotionBefore=Troll_Stand_Fist_Fist_P0_Attack_Hit_N_Fwd_00_%_00_P0_100.xmot MotionAfter=Troll_Stand_Fist_Fist_P0_Attack_Hit_N_Fwd_00_%_00_P0_100.xmot Right=TrollFist RightUseType=55 RightGroup=7->7 NativeResult=1 OBSERVE_NATIVE=1
CORE ONDAMAGE ElapsedMs=41804.707 Ordinal=14 Target=PC_Hero Arg1=PC_Hero Arg2=PC_Hero Caller=Game.dll+0x00069484 PlayerAction=0 PlayerPhase=5 PlayerMotion=Hero_Stand_None_None_P0_Ambient_Loop_N_Fwd_01_%_00_P0_0.xmot Raw8Fist=<none> Raw8UseType=-1 Raw8Group=-1
CORE RAW55_NORMAL_CALLBACK_BOUNDARY Actor=Troll C1=23 SameC1=1 SameRight=1 Action=1->1 Phase=1->1 StateTime=0.713947->0.713947 StatePosition=1->1 MotionBefore=Troll_Stand_Fist_Fist_P0_Attack_Hit_N_Fwd_00_%_00_P0_100.xmot MotionAfter=Troll_Stand_Fist_Fist_P0_Attack_Hit_N_Fwd_00_%_00_P0_100.xmot Right=TrollFist RightUseType=55 RightGroup=7->7 NativeResult=1 OBSERVE_NATIVE=1
CORE C1_START ElapsedMs=41812.257 Actor=PC_Hero Generation=24 Status=CANDIDATE Outstanding=0 TrackedSources=0 ReplacedGeneration=0 ReplacedOutstanding=0
CORE C1_BIND ElapsedMs=41812.265 Event=COMBAT_MOVE_CANDIDATE_BOUND Actor=PC_Hero Generation=24 Status=CANDIDATE Outstanding=0 Source=<null> Script=_AI_Stumble
CORE C1_STATUS ElapsedMs=41812.319 Event=PERSISTED Actor=PC_Hero Generation=24 Status=PERSISTED Outstanding=0
CORE RAW55_NORMAL_CALLBACK_BOUNDARY Actor=Troll C1=23 SameC1=1 SameRight=1 Action=1->1 Phase=1->1 StateTime=0.723903->0.723903 StatePosition=1->1 MotionBefore=Troll_Stand_Fist_Fist_P0_Attack_Hit_N_Fwd_00_%_00_P0_100.xmot MotionAfter=Troll_Stand_Fist_Fist_P0_Attack_Hit_N_Fwd_00_%_00_P0_100.xmot Right=TrollFist RightUseType=55 RightGroup=7->7 NativeResult=1 OBSERVE_NATIVE=1
CORE RAW55_NORMAL_CALLBACK_BOUNDARY Actor=Troll C1=23 SameC1=1 SameRight=1 Action=1->1 Phase=1->1 StateTime=0.732236->0.732236 StatePosition=1->1 MotionBefore=Troll_Stand_Fist_Fist_P0_Attack_Hit_N_Fwd_00_%_00_P0_100.xmot MotionAfter=Troll_Stand_Fist_Fist_P0_Attack_Hit_N_Fwd_00_%_00_P0_100.xmot Right=TrollFist RightUseType=55 RightGroup=7->7 NativeResult=1 OBSERVE_NATIVE=1
CORE RAW55_NORMAL_CALLBACK_BOUNDARY Actor=Troll C1=23 SameC1=1 SameRight=1 Action=1->1 Phase=1->1 StateTime=0.740570->0.740570 StatePosition=1->1 MotionBefore=Troll_Stand_Fist_Fist_P0_Attack_Hit_N_Fwd_00_%_00_P0_100.xmot MotionAfter=Troll_Stand_Fist_Fist_P0_Attack_Hit_N_Fwd_00_%_00_P0_100.xmot Right=TrollFist RightUseType=55 RightGroup=7->7 NativeResult=1 OBSERVE_NATIVE=1
CORE RAW55_NORMAL_CALLBACK_BOUNDARY Actor=Troll C1=23 SameC1=1 SameRight=1 Action=1->1 Phase=1->1 StateTime=0.749526->0.749526 StatePosition=1->1 MotionBefore=Troll_Stand_Fist_Fist_P0_Attack_Hit_N_Fwd_00_%_00_P0_100.xmot MotionAfter=Troll_Stand_Fist_Fist_P0_Attack_Hit_N_Fwd_00_%_00_P0_100.xmot Right=TrollFist RightUseType=55 RightGroup=7->7 NativeResult=1 OBSERVE_NATIVE=1
CORE RAW55_NORMAL_CALLBACK_BOUNDARY Actor=Troll C1=23 SameC1=1 SameRight=1 Action=1->1 Phase=1->1 StateTime=0.757859->0.757859 StatePosition=1->1 MotionBefore=Troll_Stand_Fist_Fist_P0_Attack_Hit_N_Fwd_00_%_00_P0_100.xmot MotionAfter=Troll_Stand_Fist_Fist_P0_Attack_Hit_N_Fwd_00_%_00_P0_100.xmot Right=TrollFist RightUseType=55 RightGroup=7->7 NativeResult=1 OBSERVE_NATIVE=1
CORE RAW55_NORMAL_CALLBACK_BOUNDARY Actor=Troll C1=23 SameC1=1 SameRight=1 Action=1->1 Phase=1->1 StateTime=0.766815->0.766815 StatePosition=1->1 MotionBefore=Troll_Stand_Fist_Fist_P0_Attack_Hit_N_Fwd_00_%_00_P0_100.xmot MotionAfter=Troll_Stand_Fist_Fist_P0_Attack_Hit_N_Fwd_00_%_00_P0_100.xmot Right=TrollFist RightUseType=55 RightGroup=7->7 NativeResult=1 OBSERVE_NATIVE=1
CORE RAW55_NORMAL_CALLBACK_BOUNDARY Actor=Troll C1=23 SameC1=1 SameRight=1 Action=1->1 Phase=1->1 StateTime=0.775149->0.775149 StatePosition=1->1 MotionBefore=Troll_Stand_Fist_Fist_P0_Attack_Hit_N_Fwd_00_%_00_P0_100.xmot MotionAfter=Troll_Stand_Fist_Fist_P0_Attack_Hit_N_Fwd_00_%_00_P0_100.xmot Right=TrollFist RightUseType=55 RightGroup=7->7 NativeResult=1 OBSERVE_NATIVE=1
CORE RAW55_NORMAL_CALLBACK_BOUNDARY Actor=Troll C1=23 SameC1=1 SameRight=1 Action=1->1 Phase=1->1 StateTime=0.783482->0.783482 StatePosition=1->1 MotionBefore=Troll_Stand_Fist_Fist_P0_Attack_Hit_N_Fwd_00_%_00_P0_100.xmot MotionAfter=Troll_Stand_Fist_Fist_P0_Attack_Hit_N_Fwd_00_%_00_P0_100.xmot Right=TrollFist RightUseType=55 RightGroup=7->7 NativeResult=1 OBSERVE_NATIVE=1
CORE RAW55_NORMAL_CALLBACK_BOUNDARY Actor=Troll C1=23 SameC1=1 SameRight=1 Action=1->1 Phase=1->1 StateTime=0.792453->0.792453 StatePosition=1->1 MotionBefore=Troll_Stand_Fist_Fist_P0_Attack_Hit_N_Fwd_00_%_00_P0_100.xmot MotionAfter=Troll_Stand_Fist_Fist_P0_Attack_Hit_N_Fwd_00_%_00_P0_100.xmot Right=TrollFist RightUseType=55 RightGroup=7->7 NativeResult=1 OBSERVE_NATIVE=1
CORE COLLISION_GROUP ElapsedMs=41884.703 Source=TrollFist UseType=55 Owner=Troll Slot=RIGHT Requested=5 Before=7 After=5 MarkerBitsRetired=0
CORE C1 CLEANUP FULFILLED ElapsedMs=41884.730 Actor=Troll Generation=23 Status=PERSISTED Source=TrollFist Side=RIGHT Requests=2 Outstanding=0 CleanupObserved=1 Group=5
CORE C1_FINAL ElapsedMs=41884.752 Actor=Troll Generation=23 Status=PERSISTED SourceCount=2 PhysicalChanged=0 Source[0]=TrollFist Side=RIGHT Outstanding=0 Cleanup=1 Outcome=NO_OP_NO_OUTSTANDING Source[1]=TrollFist Side=LEFT Outstanding=0 Cleanup=0 Outcome=NO_OP_NO_OUTSTANDING
CORE C1_FINAL ElapsedMs=42089.320 Actor=PC_Hero Generation=24 Status=PERSISTED SourceCount=0 PhysicalChanged=0
CORE C1_START ElapsedMs=43072.994 Actor=Troll Generation=25 Status=CANDIDATE Outstanding=0 TrackedSources=2 ReplacedGeneration=0 ReplacedOutstanding=0 Source[0]=TrollFist Side=RIGHT Group=5 Source[1]=TrollFist Side=LEFT Group=5
CORE C1_BIND ElapsedMs=43073.007 Event=COMBAT_MOVE_CANDIDATE_BOUND Actor=Troll Generation=25 Status=CANDIDATE Outstanding=0 Source=<null> Script=_AI_QuickAttack
CORE C1_STATUS ElapsedMs=43073.069 Event=PERSISTED Actor=Troll Generation=25 Status=PERSISTED Outstanding=0
CORE ATTACK_OWNERSHIP ElapsedMs=43073.084 Actor=Troll Family=QUICK Action=5 Phase=1 Motion=Troll_Stand_Fist_Fist_P0_QuickAttackL_Hit_N_Fwd_00_%_00_P0_100.xmot MarkerPresent=1 RequiredMask=0 FistMarkers=1 Raw8Fist=<none> Raw8UseType=-1 SuppressNative=0 Classification=CONTRADICTION
===== CORE ATTACK OWNERSHIP ANOMALY =====
MatchingMotionFound: 1
MarkerScanValid: 1
RequiredSourcesAvailable: 1
RightSourceSlot: RIGHT
RightSourceName: TrollFist
RightSourceUseType: 55
RightSourceCollisionGroup: 5
LeftSourceSlot: LEFT
LeftSourceName: TrollFist
LeftSourceUseType: 55
LeftSourceCollisionGroup: 5
Raw8FistSourceName: <none>
Raw8FistSourceUseType: -1
Raw8FistSourceCollisionGroup: -1
=========================================

CORE RAW55_QUICK_CALLBACK_BOUNDARY Actor=Troll C1=25 SameC1=1 Action=5->5 Phase=1->1 StateTime=0.000000->0.000000 StatePosition=0->0 MotionBefore=Troll_Stand_Fist_Fist_P0_QuickAttackL_Hit_N_Fwd_00_%_00_P0_100.xmot MotionAfter=Troll_Stand_Fist_Fist_P0_QuickAttackL_Hit_N_Fwd_00_%_00_P0_100.xmot Right=TrollFist RightUseType=55 RightGroup=5->5 NativeResult=1 OBSERVE_NATIVE=1
CORE RAW55_QUICK_CALLBACK_BOUNDARY Actor=Troll C1=25 SameC1=1 Action=5->5 Phase=1->1 StateTime=0.008333->0.008333 StatePosition=0->0 MotionBefore=Troll_Stand_Fist_Fist_P0_QuickAttackL_Hit_N_Fwd_00_%_00_P0_100.xmot MotionAfter=Troll_Stand_Fist_Fist_P0_QuickAttackL_Hit_N_Fwd_00_%_00_P0_100.xmot Right=TrollFist RightUseType=55 RightGroup=5->5 NativeResult=1 OBSERVE_NATIVE=1
CORE RAW55_QUICK_CALLBACK_BOUNDARY Actor=Troll C1=25 SameC1=1 Action=5->5 Phase=1->1 StateTime=0.016667->0.016667 StatePosition=0->0 MotionBefore=Troll_Stand_Fist_Fist_P0_QuickAttackL_Hit_N_Fwd_00_%_00_P0_100.xmot MotionAfter=Troll_Stand_Fist_Fist_P0_QuickAttackL_Hit_N_Fwd_00_%_00_P0_100.xmot Right=TrollFist RightUseType=55 RightGroup=5->5 NativeResult=1 OBSERVE_NATIVE=1
CORE RAW55_QUICK_CALLBACK_BOUNDARY Actor=Troll C1=25 SameC1=1 Action=5->5 Phase=1->1 StateTime=0.025000->0.025000 StatePosition=0->0 MotionBefore=Troll_Stand_Fist_Fist_P0_QuickAttackL_Hit_N_Fwd_00_%_00_P0_100.xmot MotionAfter=Troll_Stand_Fist_Fist_P0_QuickAttackL_Hit_N_Fwd_00_%_00_P0_100.xmot Right=TrollFist RightUseType=55 RightGroup=5->5 NativeResult=1 OBSERVE_NATIVE=1
CORE RAW55_QUICK_CALLBACK_BOUNDARY Actor=Troll C1=25 SameC1=1 Action=5->5 Phase=1->1 StateTime=0.033333->0.033333 StatePosition=0->0 MotionBefore=Troll_Stand_Fist_Fist_P0_QuickAttackL_Hit_N_Fwd_00_%_00_P0_100.xmot MotionAfter=Troll_Stand_Fist_Fist_P0_QuickAttackL_Hit_N_Fwd_00_%_00_P0_100.xmot Right=TrollFist RightUseType=55 RightGroup=5->5 NativeResult=1 OBSERVE_NATIVE=1
===== CORE MARKER ANOMALY / DISCOVERY =====
ElapsedMs: 43102.313
Actor: Troll
Action: 5
Family: QUICK
AniPhase: 1
StatePosition: 0
CurrentMovementAni: Troll_Stand_Fist_Fist_P0_QuickAttackL_Hit_N_Fwd_00_%_00_P0_100.xmot
MarkerName: G3AB_COL_FIST
MarkerOpcode: FIST
Result: UNSUPPORTED_MISSING_SOURCE
C1GenerationValid: 1
C1Generation: 25
RequiredSourceMask: 0
MissingSourceMask: 0
RightSourceSlot: RIGHT
RightSourceName: TrollFist
RightSourceUseType: 55
RightSourceCollisionGroup: 5
LeftSourceSlot: LEFT
LeftSourceName: TrollFist
LeftSourceUseType: 55
LeftSourceCollisionGroup: 5
Raw8FistSourceName: <none>
Raw8FistSourceUseType: -1
Raw8FistSourceCollisionGroup: -1
===========================================

CORE COLLISION_GROUP ElapsedMs=43102.353 Source=TrollFist UseType=55 Owner=Troll Slot=RIGHT Requested=7 Before=5 After=7 MarkerBitsRetired=0
CORE C1 OFFENSE REQUEST ElapsedMs=43102.362 Actor=Troll Generation=25 Status=PERSISTED Source=TrollFist Side=RIGHT Requests=1 Outstanding=1 CleanupObserved=0 Group=7
CORE RAW55_QUICK_PRESTATE_FIST_PROBE Actor=Troll C1=25 Action=5 StatePosition=0 StateTime=0.041667 Right=TrollFist RightUseType=55 GroupBefore=5 RequestedGroup=7 GroupAfter=7 ClearTriggeredList=1 PRESTATE_FIST=1
CORE RAW55_QUICK_CALLBACK_BOUNDARY Actor=Troll C1=25 SameC1=1 Action=5->5 Phase=1->1 StateTime=0.041667->0.041667 StatePosition=0->0 MotionBefore=Troll_Stand_Fist_Fist_P0_QuickAttackL_Hit_N_Fwd_00_%_00_P0_100.xmot MotionAfter=Troll_Stand_Fist_Fist_P0_QuickAttackL_Hit_N_Fwd_00_%_00_P0_100.xmot Right=TrollFist RightUseType=55 RightGroup=7->7 NativeResult=1 OBSERVE_NATIVE=1
CORE RAW55_QUICK_CALLBACK_BOUNDARY Actor=Troll C1=25 SameC1=1 Action=5->5 Phase=1->1 StateTime=0.050000->0.050000 StatePosition=0->0 MotionBefore=Troll_Stand_Fist_Fist_P0_QuickAttackL_Hit_N_Fwd_00_%_00_P0_100.xmot MotionAfter=Troll_Stand_Fist_Fist_P0_QuickAttackL_Hit_N_Fwd_00_%_00_P0_100.xmot Right=TrollFist RightUseType=55 RightGroup=7->7 NativeResult=1 OBSERVE_NATIVE=1
CORE RAW55_QUICK_CALLBACK_BOUNDARY Actor=Troll C1=25 SameC1=1 Action=5->5 Phase=1->1 StateTime=0.058333->0.058333 StatePosition=0->0 MotionBefore=Troll_Stand_Fist_Fist_P0_QuickAttackL_Hit_N_Fwd_00_%_00_P0_100.xmot MotionAfter=Troll_Stand_Fist_Fist_P0_QuickAttackL_Hit_N_Fwd_00_%_00_P0_100.xmot Right=TrollFist RightUseType=55 RightGroup=7->7 NativeResult=1 OBSERVE_NATIVE=1
CORE RAW55_QUICK_CALLBACK_BOUNDARY Actor=Troll C1=25 SameC1=1 Action=5->5 Phase=1->1 StateTime=0.066667->0.066667 StatePosition=0->0 MotionBefore=Troll_Stand_Fist_Fist_P0_QuickAttackL_Hit_N_Fwd_00_%_00_P0_100.xmot MotionAfter=Troll_Stand_Fist_Fist_P0_QuickAttackL_Hit_N_Fwd_00_%_00_P0_100.xmot Right=TrollFist RightUseType=55 RightGroup=7->7 NativeResult=1 OBSERVE_NATIVE=1
CORE RAW55_QUICK_CALLBACK_BOUNDARY Actor=Troll C1=25 SameC1=1 Action=5->5 Phase=1->1 StateTime=0.076623->0.076623 StatePosition=0->0 MotionBefore=Troll_Stand_Fist_Fist_P0_QuickAttackL_Hit_N_Fwd_00_%_00_P0_100.xmot MotionAfter=Troll_Stand_Fist_Fist_P0_QuickAttackL_Hit_N_Fwd_00_%_00_P0_100.xmot Right=TrollFist RightUseType=55 RightGroup=7->7 NativeResult=1 OBSERVE_NATIVE=1
CORE RAW55_QUICK_CALLBACK_BOUNDARY Actor=Troll C1=25 SameC1=1 Action=5->5 Phase=1->1 StateTime=0.084956->0.084956 StatePosition=0->0 MotionBefore=Troll_Stand_Fist_Fist_P0_QuickAttackL_Hit_N_Fwd_00_%_00_P0_100.xmot MotionAfter=Troll_Stand_Fist_Fist_P0_QuickAttackL_Hit_N_Fwd_00_%_00_P0_100.xmot Right=TrollFist RightUseType=55 RightGroup=7->7 NativeResult=1 OBSERVE_NATIVE=1
CORE RAW55_QUICK_CALLBACK_BOUNDARY Actor=Troll C1=25 SameC1=1 Action=5->5 Phase=1->1 StateTime=0.093289->0.093289 StatePosition=0->0 MotionBefore=Troll_Stand_Fist_Fist_P0_QuickAttackL_Hit_N_Fwd_00_%_00_P0_100.xmot MotionAfter=Troll_Stand_Fist_Fist_P0_QuickAttackL_Hit_N_Fwd_00_%_00_P0_100.xmot Right=TrollFist RightUseType=55 RightGroup=7->7 NativeResult=1 OBSERVE_NATIVE=1
CORE COLLISION_GROUP ElapsedMs=43164.554 Source=TrollFist UseType=55 Owner=Troll Slot=RIGHT Requested=7 Before=7 After=7 MarkerBitsRetired=0
CORE C1 OFFENSE REQUEST ElapsedMs=43164.583 Actor=Troll Generation=25 Status=PERSISTED Source=TrollFist Side=RIGHT Requests=2 Outstanding=1 CleanupObserved=0 Group=7
CORE RAW55_QUICK_CALLBACK_BOUNDARY Actor=Troll C1=25 SameC1=1 Action=5->5 Phase=1->1 StateTime=0.101623->0.101623 StatePosition=0->1 MotionBefore=Troll_Stand_Fist_Fist_P0_QuickAttackL_Hit_N_Fwd_00_%_00_P0_100.xmot MotionAfter=Troll_Stand_Fist_Fist_P0_QuickAttackL_Hit_N_Fwd_00_%_00_P0_100.xmot Right=TrollFist RightUseType=55 RightGroup=7->7 NativeResult=1 OBSERVE_NATIVE=1
CORE RAW55_QUICK_CALLBACK_BOUNDARY Actor=Troll C1=25 SameC1=1 Action=5->5 Phase=1->1 StateTime=0.109956->0.109956 StatePosition=1->1 MotionBefore=Troll_Stand_Fist_Fist_P0_QuickAttackL_Hit_N_Fwd_00_%_00_P0_100.xmot MotionAfter=Troll_Stand_Fist_Fist_P0_QuickAttackL_Hit_N_Fwd_00_%_00_P0_100.xmot Right=TrollFist RightUseType=55 RightGroup=7->7 NativeResult=1 OBSERVE_NATIVE=1
CORE RAW55_QUICK_CALLBACK_BOUNDARY Actor=Troll C1=25 SameC1=1 Action=5->5 Phase=1->1 StateTime=0.118289->0.118289 StatePosition=1->1 MotionBefore=Troll_Stand_Fist_Fist_P0_QuickAttackL_Hit_N_Fwd_00_%_00_P0_100.xmot MotionAfter=Troll_Stand_Fist_Fist_P0_QuickAttackL_Hit_N_Fwd_00_%_00_P0_100.xmot Right=TrollFist RightUseType=55 RightGroup=7->7 NativeResult=1 OBSERVE_NATIVE=1
CORE RAW55_QUICK_CALLBACK_BOUNDARY Actor=Troll C1=25 SameC1=1 Action=5->5 Phase=1->1 StateTime=0.126623->0.126623 StatePosition=1->1 MotionBefore=Troll_Stand_Fist_Fist_P0_QuickAttackL_Hit_N_Fwd_00_%_00_P0_100.xmot MotionAfter=Troll_Stand_Fist_Fist_P0_QuickAttackL_Hit_N_Fwd_00_%_00_P0_100.xmot Right=TrollFist RightUseType=55 RightGroup=7->7 NativeResult=1 OBSERVE_NATIVE=1
CORE RAW55_QUICK_CALLBACK_BOUNDARY Actor=Troll C1=25 SameC1=1 Action=5->5 Phase=1->1 StateTime=0.134956->0.134956 StatePosition=1->1 MotionBefore=Troll_Stand_Fist_Fist_P0_QuickAttackL_Hit_N_Fwd_00_%_00_P0_100.xmot MotionAfter=Troll_Stand_Fist_Fist_P0_QuickAttackL_Hit_N_Fwd_00_%_00_P0_100.xmot Right=TrollFist RightUseType=55 RightGroup=7->7 NativeResult=1 OBSERVE_NATIVE=1
CORE RAW55_QUICK_CALLBACK_BOUNDARY Actor=Troll C1=25 SameC1=1 Action=5->5 Phase=1->1 StateTime=0.143912->0.143912 StatePosition=1->1 MotionBefore=Troll_Stand_Fist_Fist_P0_QuickAttackL_Hit_N_Fwd_00_%_00_P0_100.xmot MotionAfter=Troll_Stand_Fist_Fist_P0_QuickAttackL_Hit_N_Fwd_00_%_00_P0_100.xmot Right=TrollFist RightUseType=55 RightGroup=7->7 NativeResult=1 OBSERVE_NATIVE=1
CORE RAW55_QUICK_CALLBACK_BOUNDARY Actor=Troll C1=25 SameC1=1 Action=5->5 Phase=1->1 StateTime=0.152245->0.152245 StatePosition=1->1 MotionBefore=Troll_Stand_Fist_Fist_P0_QuickAttackL_Hit_N_Fwd_00_%_00_P0_100.xmot MotionAfter=Troll_Stand_Fist_Fist_P0_QuickAttackL_Hit_N_Fwd_00_%_00_P0_100.xmot Right=TrollFist RightUseType=55 RightGroup=7->7 NativeResult=1 OBSERVE_NATIVE=1
CORE RAW55_QUICK_CALLBACK_BOUNDARY Actor=Troll C1=25 SameC1=1 Action=5->5 Phase=1->1 StateTime=0.161231->0.161231 StatePosition=1->1 MotionBefore=Troll_Stand_Fist_Fist_P0_QuickAttackL_Hit_N_Fwd_00_%_00_P0_100.xmot MotionAfter=Troll_Stand_Fist_Fist_P0_QuickAttackL_Hit_N_Fwd_00_%_00_P0_100.xmot Right=TrollFist RightUseType=55 RightGroup=7->7 NativeResult=1 OBSERVE_NATIVE=1
CORE RAW55_QUICK_CALLBACK_BOUNDARY Actor=Troll C1=25 SameC1=1 Action=5->5 Phase=1->1 StateTime=0.169564->0.169564 StatePosition=1->1 MotionBefore=Troll_Stand_Fist_Fist_P0_QuickAttackL_Hit_N_Fwd_00_%_00_P0_100.xmot MotionAfter=Troll_Stand_Fist_Fist_P0_QuickAttackL_Hit_N_Fwd_00_%_00_P0_100.xmot Right=TrollFist RightUseType=55 RightGroup=7->7 NativeResult=1 OBSERVE_NATIVE=1
CORE RAW55_QUICK_CALLBACK_BOUNDARY Actor=Troll C1=25 SameC1=1 Action=5->5 Phase=1->1 StateTime=0.180491->0.180491 StatePosition=1->1 MotionBefore=Troll_Stand_Fist_Fist_P0_QuickAttackL_Hit_N_Fwd_00_%_00_P0_100.xmot MotionAfter=Troll_Stand_Fist_Fist_P0_QuickAttackL_Hit_N_Fwd_00_%_00_P0_100.xmot Right=TrollFist RightUseType=55 RightGroup=7->7 NativeResult=1 OBSERVE_NATIVE=1
CORE ONDAMAGE ElapsedMs=43241.187 Ordinal=15 Target=PC_Hero Arg1=PC_Hero Arg2=PC_Hero Caller=Game.dll+0x00069484 PlayerAction=0 PlayerPhase=5 PlayerMotion=Hero_Stand_None_None_P0_Ambient_Loop_N_Fwd_02_%_00_P0_0.xmot Raw8Fist=<none> Raw8UseType=-1 Raw8Group=-1
CORE RAW55_QUICK_CALLBACK_BOUNDARY Actor=Troll C1=25 SameC1=1 Action=5->5 Phase=1->1 StateTime=0.188824->0.188824 StatePosition=1->1 MotionBefore=Troll_Stand_Fist_Fist_P0_QuickAttackL_Hit_N_Fwd_00_%_00_P0_100.xmot MotionAfter=Troll_Stand_Fist_Fist_P0_QuickAttackL_Hit_N_Fwd_00_%_00_P0_100.xmot Right=TrollFist RightUseType=55 RightGroup=7->7 NativeResult=1 OBSERVE_NATIVE=1
CORE C1_START ElapsedMs=43248.726 Actor=PC_Hero Generation=26 Status=CANDIDATE Outstanding=0 TrackedSources=0 ReplacedGeneration=0 ReplacedOutstanding=0
CORE C1_BIND ElapsedMs=43248.734 Event=COMBAT_MOVE_CANDIDATE_BOUND Actor=PC_Hero Generation=26 Status=CANDIDATE Outstanding=0 Source=<null> Script=_AI_Stumble
CORE C1_STATUS ElapsedMs=43248.789 Event=PERSISTED Actor=PC_Hero Generation=26 Status=PERSISTED Outstanding=0
CORE RAW55_QUICK_CALLBACK_BOUNDARY Actor=Troll C1=25 SameC1=1 Action=5->5 Phase=1->1 StateTime=0.197157->0.197157 StatePosition=1->1 MotionBefore=Troll_Stand_Fist_Fist_P0_QuickAttackL_Hit_N_Fwd_00_%_00_P0_100.xmot MotionAfter=Troll_Stand_Fist_Fist_P0_QuickAttackL_Hit_N_Fwd_00_%_00_P0_100.xmot Right=TrollFist RightUseType=55 RightGroup=7->7 NativeResult=1 OBSERVE_NATIVE=1
CORE RAW55_QUICK_CALLBACK_BOUNDARY Actor=Troll C1=25 SameC1=1 Action=5->5 Phase=1->1 StateTime=0.205491->0.205491 StatePosition=1->1 MotionBefore=Troll_Stand_Fist_Fist_P0_QuickAttackL_Hit_N_Fwd_00_%_00_P0_100.xmot MotionAfter=Troll_Stand_Fist_Fist_P0_QuickAttackL_Hit_N_Fwd_00_%_00_P0_100.xmot Right=TrollFist RightUseType=55 RightGroup=7->7 NativeResult=1 OBSERVE_NATIVE=1
CORE RAW55_QUICK_CALLBACK_BOUNDARY Actor=Troll C1=25 SameC1=1 Action=5->5 Phase=1->1 StateTime=0.213824->0.213824 StatePosition=1->1 MotionBefore=Troll_Stand_Fist_Fist_P0_QuickAttackL_Hit_N_Fwd_00_%_00_P0_100.xmot MotionAfter=Troll_Stand_Fist_Fist_P0_QuickAttackL_Hit_N_Fwd_00_%_00_P0_100.xmot Right=TrollFist RightUseType=55 RightGroup=7->7 NativeResult=1 OBSERVE_NATIVE=1
CORE RAW55_QUICK_CALLBACK_BOUNDARY Actor=Troll C1=25 SameC1=1 Action=5->5 Phase=1->1 StateTime=0.222157->0.222157 StatePosition=1->1 MotionBefore=Troll_Stand_Fist_Fist_P0_QuickAttackL_Hit_N_Fwd_00_%_00_P0_100.xmot MotionAfter=Troll_Stand_Fist_Fist_P0_QuickAttackL_Hit_N_Fwd_00_%_00_P0_100.xmot Right=TrollFist RightUseType=55 RightGroup=7->7 NativeResult=1 OBSERVE_NATIVE=1
CORE RAW55_QUICK_CALLBACK_BOUNDARY Actor=Troll C1=25 SameC1=1 Action=5->5 Phase=1->1 StateTime=0.230491->0.230491 StatePosition=1->1 MotionBefore=Troll_Stand_Fist_Fist_P0_QuickAttackL_Hit_N_Fwd_00_%_00_P0_100.xmot MotionAfter=Troll_Stand_Fist_Fist_P0_QuickAttackL_Hit_N_Fwd_00_%_00_P0_100.xmot Right=TrollFist RightUseType=55 RightGroup=7->7 NativeResult=1 OBSERVE_NATIVE=1
CORE RAW55_QUICK_CALLBACK_BOUNDARY Actor=Troll C1=25 SameC1=1 Action=5->5 Phase=1->1 StateTime=0.238824->0.238824 StatePosition=1->1 MotionBefore=Troll_Stand_Fist_Fist_P0_QuickAttackL_Hit_N_Fwd_00_%_00_P0_100.xmot MotionAfter=Troll_Stand_Fist_Fist_P0_QuickAttackL_Hit_N_Fwd_00_%_00_P0_100.xmot Right=TrollFist RightUseType=55 RightGroup=7->7 NativeResult=1 OBSERVE_NATIVE=1
CORE RAW55_QUICK_CALLBACK_BOUNDARY Actor=Troll C1=25 SameC1=1 Action=5->5 Phase=1->1 StateTime=0.247157->0.247157 StatePosition=1->1 MotionBefore=Troll_Stand_Fist_Fist_P0_QuickAttackL_Hit_N_Fwd_00_%_00_P0_100.xmot MotionAfter=Troll_Stand_Fist_Fist_P0_QuickAttackL_Hit_N_Fwd_00_%_00_P0_100.xmot Right=TrollFist RightUseType=55 RightGroup=7->7 NativeResult=1 OBSERVE_NATIVE=1
CORE RAW55_QUICK_CALLBACK_BOUNDARY Actor=Troll C1=25 SameC1=1 Action=5->5 Phase=1->1 StateTime=0.256114->0.256114 StatePosition=1->1 MotionBefore=Troll_Stand_Fist_Fist_P0_QuickAttackL_Hit_N_Fwd_00_%_00_P0_100.xmot MotionAfter=Troll_Stand_Fist_Fist_P0_QuickAttackL_Hit_N_Fwd_00_%_00_P0_100.xmot Right=TrollFist RightUseType=55 RightGroup=7->7 NativeResult=1 OBSERVE_NATIVE=1
CORE RAW55_QUICK_CALLBACK_BOUNDARY Actor=Troll C1=25 SameC1=1 Action=5->5 Phase=1->1 StateTime=0.264447->0.264447 StatePosition=1->1 MotionBefore=Troll_Stand_Fist_Fist_P0_QuickAttackL_Hit_N_Fwd_00_%_00_P0_100.xmot MotionAfter=Troll_Stand_Fist_Fist_P0_QuickAttackL_Hit_N_Fwd_00_%_00_P0_100.xmot Right=TrollFist RightUseType=55 RightGroup=7->7 NativeResult=1 OBSERVE_NATIVE=1
CORE RAW55_QUICK_CALLBACK_BOUNDARY Actor=Troll C1=25 SameC1=1 Action=5->5 Phase=1->1 StateTime=0.273403->0.273403 StatePosition=1->1 MotionBefore=Troll_Stand_Fist_Fist_P0_QuickAttackL_Hit_N_Fwd_00_%_00_P0_100.xmot MotionAfter=Troll_Stand_Fist_Fist_P0_QuickAttackL_Hit_N_Fwd_00_%_00_P0_100.xmot Right=TrollFist RightUseType=55 RightGroup=7->7 NativeResult=1 OBSERVE_NATIVE=1
CORE RAW55_QUICK_CALLBACK_BOUNDARY Actor=Troll C1=25 SameC1=1 Action=5->5 Phase=1->1 StateTime=0.281736->0.281736 StatePosition=1->1 MotionBefore=Troll_Stand_Fist_Fist_P0_QuickAttackL_Hit_N_Fwd_00_%_00_P0_100.xmot MotionAfter=Troll_Stand_Fist_Fist_P0_QuickAttackL_Hit_N_Fwd_00_%_00_P0_100.xmot Right=TrollFist RightUseType=55 RightGroup=7->7 NativeResult=1 OBSERVE_NATIVE=1
CORE RAW55_QUICK_CALLBACK_BOUNDARY Actor=Troll C1=25 SameC1=1 Action=5->5 Phase=1->1 StateTime=0.290070->0.290070 StatePosition=1->1 MotionBefore=Troll_Stand_Fist_Fist_P0_QuickAttackL_Hit_N_Fwd_00_%_00_P0_100.xmot MotionAfter=Troll_Stand_Fist_Fist_P0_QuickAttackL_Hit_N_Fwd_00_%_00_P0_100.xmot Right=TrollFist RightUseType=55 RightGroup=7->7 NativeResult=1 OBSERVE_NATIVE=1
CORE RAW55_QUICK_CALLBACK_BOUNDARY Actor=Troll C1=25 SameC1=1 Action=5->5 Phase=1->1 StateTime=0.298403->0.298403 StatePosition=1->1 MotionBefore=Troll_Stand_Fist_Fist_P0_QuickAttackL_Hit_N_Fwd_00_%_00_P0_100.xmot MotionAfter=Troll_Stand_Fist_Fist_P0_QuickAttackL_Hit_N_Fwd_00_%_00_P0_100.xmot Right=TrollFist RightUseType=55 RightGroup=7->7 NativeResult=1 OBSERVE_NATIVE=1
CORE RAW55_QUICK_CALLBACK_BOUNDARY Actor=Troll C1=25 SameC1=1 Action=5->5 Phase=1->1 StateTime=0.307359->0.307359 StatePosition=1->1 MotionBefore=Troll_Stand_Fist_Fist_P0_QuickAttackL_Hit_N_Fwd_00_%_00_P0_100.xmot MotionAfter=Troll_Stand_Fist_Fist_P0_QuickAttackL_Hit_N_Fwd_00_%_00_P0_100.xmot Right=TrollFist RightUseType=55 RightGroup=7->7 NativeResult=1 OBSERVE_NATIVE=1
CORE RAW55_QUICK_CALLBACK_BOUNDARY Actor=Troll C1=25 SameC1=1 Action=5->5 Phase=1->1 StateTime=0.315693->0.315693 StatePosition=1->1 MotionBefore=Troll_Stand_Fist_Fist_P0_QuickAttackL_Hit_N_Fwd_00_%_00_P0_100.xmot MotionAfter=Troll_Stand_Fist_Fist_P0_QuickAttackL_Hit_N_Fwd_00_%_00_P0_100.xmot Right=TrollFist RightUseType=55 RightGroup=7->7 NativeResult=1 OBSERVE_NATIVE=1
CORE RAW55_QUICK_CALLBACK_BOUNDARY Actor=Troll C1=25 SameC1=1 Action=5->5 Phase=1->1 StateTime=0.324663->0.324663 StatePosition=1->1 MotionBefore=Troll_Stand_Fist_Fist_P0_QuickAttackL_Hit_N_Fwd_00_%_00_P0_100.xmot MotionAfter=Troll_Stand_Fist_Fist_P0_QuickAttackL_Hit_N_Fwd_00_%_00_P0_100.xmot Right=TrollFist RightUseType=55 RightGroup=7->7 NativeResult=1 OBSERVE_NATIVE=1
CORE RAW55_QUICK_CALLBACK_BOUNDARY Actor=Troll C1=25 SameC1=1 Action=5->5 Phase=1->1 StateTime=0.332997->0.332997 StatePosition=1->1 MotionBefore=Troll_Stand_Fist_Fist_P0_QuickAttackL_Hit_N_Fwd_00_%_00_P0_100.xmot MotionAfter=Troll_Stand_Fist_Fist_P0_QuickAttackL_Hit_N_Fwd_00_%_00_P0_100.xmot Right=TrollFist RightUseType=55 RightGroup=7->7 NativeResult=1 OBSERVE_NATIVE=1
CORE RAW55_QUICK_CALLBACK_BOUNDARY Actor=Troll C1=25 SameC1=1 Action=5->5 Phase=1->1 StateTime=0.341330->0.341330 StatePosition=1->1 MotionBefore=Troll_Stand_Fist_Fist_P0_QuickAttackL_Hit_N_Fwd_00_%_00_P0_100.xmot MotionAfter=Troll_Stand_Fist_Fist_P0_QuickAttackL_Hit_N_Fwd_00_%_00_P0_100.xmot Right=TrollFist RightUseType=55 RightGroup=7->7 NativeResult=1 OBSERVE_NATIVE=1
CORE RAW55_QUICK_CALLBACK_BOUNDARY Actor=Troll C1=25 SameC1=1 Action=5->5 Phase=1->1 StateTime=0.349664->0.349664 StatePosition=1->1 MotionBefore=Troll_Stand_Fist_Fist_P0_QuickAttackL_Hit_N_Fwd_00_%_00_P0_100.xmot MotionAfter=Troll_Stand_Fist_Fist_P0_QuickAttackL_Hit_N_Fwd_00_%_00_P0_100.xmot Right=TrollFist RightUseType=55 RightGroup=7->7 NativeResult=1 OBSERVE_NATIVE=1
CORE RAW55_QUICK_CALLBACK_BOUNDARY Actor=Troll C1=25 SameC1=1 Action=5->5 Phase=1->1 StateTime=0.357997->0.357997 StatePosition=1->1 MotionBefore=Troll_Stand_Fist_Fist_P0_QuickAttackL_Hit_N_Fwd_00_%_00_P0_100.xmot MotionAfter=Troll_Stand_Fist_Fist_P0_QuickAttackL_Hit_N_Fwd_00_%_00_P0_100.xmot Right=TrollFist RightUseType=55 RightGroup=7->7 NativeResult=1 OBSERVE_NATIVE=1
CORE RAW55_QUICK_CALLBACK_BOUNDARY Actor=Troll C1=25 SameC1=1 Action=5->5 Phase=1->1 StateTime=0.366330->0.366330 StatePosition=1->1 MotionBefore=Troll_Stand_Fist_Fist_P0_QuickAttackL_Hit_N_Fwd_00_%_00_P0_100.xmot MotionAfter=Troll_Stand_Fist_Fist_P0_QuickAttackL_Hit_N_Fwd_00_%_00_P0_100.xmot Right=TrollFist RightUseType=55 RightGroup=7->7 NativeResult=1 OBSERVE_NATIVE=1
CORE RAW55_QUICK_CALLBACK_BOUNDARY Actor=Troll C1=25 SameC1=1 Action=5->5 Phase=1->1 StateTime=0.375301->0.375301 StatePosition=1->1 MotionBefore=Troll_Stand_Fist_Fist_P0_QuickAttackL_Hit_N_Fwd_00_%_00_P0_100.xmot MotionAfter=Troll_Stand_Fist_Fist_P0_QuickAttackL_Hit_N_Fwd_00_%_00_P0_100.xmot Right=TrollFist RightUseType=55 RightGroup=7->7 NativeResult=1 OBSERVE_NATIVE=1
CORE RAW55_QUICK_CALLBACK_BOUNDARY Actor=Troll C1=25 SameC1=1 Action=5->5 Phase=1->1 StateTime=0.383634->0.383634 StatePosition=1->1 MotionBefore=Troll_Stand_Fist_Fist_P0_QuickAttackL_Hit_N_Fwd_00_%_00_P0_100.xmot MotionAfter=Troll_Stand_Fist_Fist_P0_QuickAttackL_Hit_N_Fwd_00_%_00_P0_100.xmot Right=TrollFist RightUseType=55 RightGroup=7->7 NativeResult=1 OBSERVE_NATIVE=1
CORE RAW55_QUICK_CALLBACK_BOUNDARY Actor=Troll C1=25 SameC1=1 Action=5->5 Phase=1->1 StateTime=0.391968->0.391968 StatePosition=1->1 MotionBefore=Troll_Stand_Fist_Fist_P0_QuickAttackL_Hit_N_Fwd_00_%_00_P0_100.xmot MotionAfter=Troll_Stand_Fist_Fist_P0_QuickAttackL_Hit_N_Fwd_00_%_00_P0_100.xmot Right=TrollFist RightUseType=55 RightGroup=7->7 NativeResult=1 OBSERVE_NATIVE=1
CORE RAW55_QUICK_CALLBACK_BOUNDARY Actor=Troll C1=25 SameC1=1 Action=5->5 Phase=1->1 StateTime=0.400301->0.400301 StatePosition=1->1 MotionBefore=Troll_Stand_Fist_Fist_P0_QuickAttackL_Hit_N_Fwd_00_%_00_P0_100.xmot MotionAfter=Troll_Stand_Fist_Fist_P0_QuickAttackL_Hit_N_Fwd_00_%_00_P0_100.xmot Right=TrollFist RightUseType=55 RightGroup=7->7 NativeResult=1 OBSERVE_NATIVE=1
CORE RAW55_QUICK_CALLBACK_BOUNDARY Actor=Troll C1=25 SameC1=1 Action=5->5 Phase=1->1 StateTime=0.408634->0.408634 StatePosition=1->1 MotionBefore=Troll_Stand_Fist_Fist_P0_QuickAttackL_Hit_N_Fwd_00_%_00_P0_100.xmot MotionAfter=Troll_Stand_Fist_Fist_P0_QuickAttackL_Hit_N_Fwd_00_%_00_P0_100.xmot Right=TrollFist RightUseType=55 RightGroup=7->7 NativeResult=1 OBSERVE_NATIVE=1
CORE RAW55_QUICK_CALLBACK_BOUNDARY Actor=Troll C1=25 SameC1=1 Action=5->5 Phase=1->1 StateTime=0.418576->0.418576 StatePosition=1->1 MotionBefore=Troll_Stand_Fist_Fist_P0_QuickAttackL_Hit_N_Fwd_00_%_00_P0_100.xmot MotionAfter=Troll_Stand_Fist_Fist_P0_QuickAttackL_Hit_N_Fwd_00_%_00_P0_100.xmot Right=TrollFist RightUseType=55 RightGroup=7->7 NativeResult=1 OBSERVE_NATIVE=1
CORE RAW55_QUICK_CALLBACK_BOUNDARY Actor=Troll C1=25 SameC1=1 Action=5->5 Phase=1->1 StateTime=0.426909->0.426909 StatePosition=1->1 MotionBefore=Troll_Stand_Fist_Fist_P0_QuickAttackL_Hit_N_Fwd_00_%_00_P0_100.xmot MotionAfter=Troll_Stand_Fist_Fist_P0_QuickAttackL_Hit_N_Fwd_00_%_00_P0_100.xmot Right=TrollFist RightUseType=55 RightGroup=7->7 NativeResult=1 OBSERVE_NATIVE=1
CORE RAW55_QUICK_CALLBACK_BOUNDARY Actor=Troll C1=25 SameC1=1 Action=5->5 Phase=1->1 StateTime=0.435880->0.435880 StatePosition=1->1 MotionBefore=Troll_Stand_Fist_Fist_P0_QuickAttackL_Hit_N_Fwd_00_%_00_P0_100.xmot MotionAfter=Troll_Stand_Fist_Fist_P0_QuickAttackL_Hit_N_Fwd_00_%_00_P0_100.xmot Right=TrollFist RightUseType=55 RightGroup=7->7 NativeResult=1 OBSERVE_NATIVE=1
CORE RAW55_QUICK_CALLBACK_BOUNDARY Actor=Troll C1=25 SameC1=1 Action=5->5 Phase=1->1 StateTime=0.444213->0.444213 StatePosition=1->1 MotionBefore=Troll_Stand_Fist_Fist_P0_QuickAttackL_Hit_N_Fwd_00_%_00_P0_100.xmot MotionAfter=Troll_Stand_Fist_Fist_P0_QuickAttackL_Hit_N_Fwd_00_%_00_P0_100.xmot Right=TrollFist RightUseType=55 RightGroup=7->7 NativeResult=1 OBSERVE_NATIVE=1
CORE RAW55_QUICK_CALLBACK_BOUNDARY Actor=Troll C1=25 SameC1=1 Action=5->5 Phase=1->1 StateTime=0.452547->0.452547 StatePosition=1->1 MotionBefore=Troll_Stand_Fist_Fist_P0_QuickAttackL_Hit_N_Fwd_00_%_00_P0_100.xmot MotionAfter=Troll_Stand_Fist_Fist_P0_QuickAttackL_Hit_N_Fwd_00_%_00_P0_100.xmot Right=TrollFist RightUseType=55 RightGroup=7->7 NativeResult=1 OBSERVE_NATIVE=1
CORE RAW55_QUICK_CALLBACK_BOUNDARY Actor=Troll C1=25 SameC1=1 Action=5->5 Phase=1->1 StateTime=0.460880->0.460880 StatePosition=1->1 MotionBefore=Troll_Stand_Fist_Fist_P0_QuickAttackL_Hit_N_Fwd_00_%_00_P0_100.xmot MotionAfter=Troll_Stand_Fist_Fist_P0_QuickAttackL_Hit_N_Fwd_00_%_00_P0_100.xmot Right=TrollFist RightUseType=55 RightGroup=7->7 NativeResult=1 OBSERVE_NATIVE=1
CORE RAW55_QUICK_CALLBACK_BOUNDARY Actor=Troll C1=25 SameC1=1 Action=5->5 Phase=1->1 StateTime=0.469213->0.469213 StatePosition=1->1 MotionBefore=Troll_Stand_Fist_Fist_P0_QuickAttackL_Hit_N_Fwd_00_%_00_P0_100.xmot MotionAfter=Troll_Stand_Fist_Fist_P0_QuickAttackL_Hit_N_Fwd_00_%_00_P0_100.xmot Right=TrollFist RightUseType=55 RightGroup=7->7 NativeResult=1 OBSERVE_NATIVE=1
CORE RAW55_QUICK_CALLBACK_BOUNDARY Actor=Troll C1=25 SameC1=1 Action=5->5 Phase=1->1 StateTime=0.477547->0.477547 StatePosition=1->1 MotionBefore=Troll_Stand_Fist_Fist_P0_QuickAttackL_Hit_N_Fwd_00_%_00_P0_100.xmot MotionAfter=Troll_Stand_Fist_Fist_P0_QuickAttackL_Hit_N_Fwd_00_%_00_P0_100.xmot Right=TrollFist RightUseType=55 RightGroup=7->7 NativeResult=1 OBSERVE_NATIVE=1
CORE RAW55_QUICK_CALLBACK_BOUNDARY Actor=Troll C1=25 SameC1=1 Action=5->5 Phase=1->1 StateTime=0.485880->0.485880 StatePosition=1->1 MotionBefore=Troll_Stand_Fist_Fist_P0_QuickAttackL_Hit_N_Fwd_00_%_00_P0_100.xmot MotionAfter=Troll_Stand_Fist_Fist_P0_QuickAttackL_Hit_N_Fwd_00_%_00_P0_100.xmot Right=TrollFist RightUseType=55 RightGroup=7->7 NativeResult=1 OBSERVE_NATIVE=1
CORE RAW55_QUICK_CALLBACK_BOUNDARY Actor=Troll C1=25 SameC1=1 Action=5->5 Phase=1->1 StateTime=0.494836->0.494836 StatePosition=1->1 MotionBefore=Troll_Stand_Fist_Fist_P0_QuickAttackL_Hit_N_Fwd_00_%_00_P0_100.xmot MotionAfter=Troll_Stand_Fist_Fist_P0_QuickAttackL_Hit_N_Fwd_00_%_00_P0_100.xmot Right=TrollFist RightUseType=55 RightGroup=7->7 NativeResult=1 OBSERVE_NATIVE=1
CORE RAW55_QUICK_CALLBACK_BOUNDARY Actor=Troll C1=25 SameC1=1 Action=5->5 Phase=1->1 StateTime=0.503169->0.503169 StatePosition=1->1 MotionBefore=Troll_Stand_Fist_Fist_P0_QuickAttackL_Hit_N_Fwd_00_%_00_P0_100.xmot MotionAfter=Troll_Stand_Fist_Fist_P0_QuickAttackL_Hit_N_Fwd_00_%_00_P0_100.xmot Right=TrollFist RightUseType=55 RightGroup=7->7 NativeResult=1 OBSERVE_NATIVE=1
CORE C1_FINAL ElapsedMs=43529.125 Actor=PC_Hero Generation=26 Status=PERSISTED SourceCount=0 PhysicalChanged=0
CORE RAW55_QUICK_CALLBACK_BOUNDARY Actor=Troll C1=25 SameC1=1 Action=5->5 Phase=1->1 StateTime=0.511503->0.511503 StatePosition=1->1 MotionBefore=Troll_Stand_Fist_Fist_P0_QuickAttackL_Hit_N_Fwd_00_%_00_P0_100.xmot MotionAfter=Troll_Stand_Fist_Fist_P0_QuickAttackL_Hit_N_Fwd_00_%_00_P0_100.xmot Right=TrollFist RightUseType=55 RightGroup=7->7 NativeResult=1 OBSERVE_NATIVE=1
CORE RAW55_QUICK_CALLBACK_BOUNDARY Actor=Troll C1=25 SameC1=1 Action=5->5 Phase=1->1 StateTime=0.519836->0.519836 StatePosition=1->1 MotionBefore=Troll_Stand_Fist_Fist_P0_QuickAttackL_Hit_N_Fwd_00_%_00_P0_100.xmot MotionAfter=Troll_Stand_Fist_Fist_P0_QuickAttackL_Hit_N_Fwd_00_%_00_P0_100.xmot Right=TrollFist RightUseType=55 RightGroup=7->7 NativeResult=1 OBSERVE_NATIVE=1
CORE RAW55_QUICK_CALLBACK_BOUNDARY Actor=Troll C1=25 SameC1=1 Action=5->5 Phase=1->1 StateTime=0.528169->0.528169 StatePosition=1->1 MotionBefore=Troll_Stand_Fist_Fist_P0_QuickAttackL_Hit_N_Fwd_00_%_00_P0_100.xmot MotionAfter=Troll_Stand_Fist_Fist_P0_QuickAttackL_Hit_N_Fwd_00_%_00_P0_100.xmot Right=TrollFist RightUseType=55 RightGroup=7->7 NativeResult=1 OBSERVE_NATIVE=1
CORE RAW55_QUICK_CALLBACK_BOUNDARY Actor=Troll C1=25 SameC1=1 Action=5->5 Phase=1->1 StateTime=0.536503->0.536503 StatePosition=1->1 MotionBefore=Troll_Stand_Fist_Fist_P0_QuickAttackL_Hit_N_Fwd_00_%_00_P0_100.xmot MotionAfter=Troll_Stand_Fist_Fist_P0_QuickAttackL_Hit_N_Fwd_00_%_00_P0_100.xmot Right=TrollFist RightUseType=55 RightGroup=7->7 NativeResult=1 OBSERVE_NATIVE=1
CORE RAW55_QUICK_CALLBACK_BOUNDARY Actor=Troll C1=25 SameC1=1 Action=5->5 Phase=1->1 StateTime=0.545473->0.545473 StatePosition=1->1 MotionBefore=Troll_Stand_Fist_Fist_P0_QuickAttackL_Hit_N_Fwd_00_%_00_P0_100.xmot MotionAfter=Troll_Stand_Fist_Fist_P0_QuickAttackL_Hit_N_Fwd_00_%_00_P0_100.xmot Right=TrollFist RightUseType=55 RightGroup=7->7 NativeResult=1 OBSERVE_NATIVE=1
CORE RAW55_QUICK_CALLBACK_BOUNDARY Actor=Troll C1=25 SameC1=1 Action=5->5 Phase=1->1 StateTime=0.553807->0.553807 StatePosition=1->1 MotionBefore=Troll_Stand_Fist_Fist_P0_QuickAttackL_Hit_N_Fwd_00_%_00_P0_100.xmot MotionAfter=Troll_Stand_Fist_Fist_P0_QuickAttackL_Hit_N_Fwd_00_%_00_P0_100.xmot Right=TrollFist RightUseType=55 RightGroup=7->7 NativeResult=1 OBSERVE_NATIVE=1
CORE RAW55_QUICK_CALLBACK_BOUNDARY Actor=Troll C1=25 SameC1=1 Action=5->5 Phase=1->1 StateTime=0.562140->0.562140 StatePosition=1->1 MotionBefore=Troll_Stand_Fist_Fist_P0_QuickAttackL_Hit_N_Fwd_00_%_00_P0_100.xmot MotionAfter=Troll_Stand_Fist_Fist_P0_QuickAttackL_Hit_N_Fwd_00_%_00_P0_100.xmot Right=TrollFist RightUseType=55 RightGroup=7->7 NativeResult=1 OBSERVE_NATIVE=1
CORE RAW55_QUICK_CALLBACK_BOUNDARY Actor=Troll C1=25 SameC1=1 Action=5->5 Phase=1->1 StateTime=0.570473->0.570473 StatePosition=1->1 MotionBefore=Troll_Stand_Fist_Fist_P0_QuickAttackL_Hit_N_Fwd_00_%_00_P0_100.xmot MotionAfter=Troll_Stand_Fist_Fist_P0_QuickAttackL_Hit_N_Fwd_00_%_00_P0_100.xmot Right=TrollFist RightUseType=55 RightGroup=7->7 NativeResult=1 OBSERVE_NATIVE=1
CORE RAW55_QUICK_CALLBACK_BOUNDARY Actor=Troll C1=25 SameC1=1 Action=5->5 Phase=1->1 StateTime=0.580414->0.580414 StatePosition=1->1 MotionBefore=Troll_Stand_Fist_Fist_P0_QuickAttackL_Hit_N_Fwd_00_%_00_P0_100.xmot MotionAfter=Troll_Stand_Fist_Fist_P0_QuickAttackL_Hit_N_Fwd_00_%_00_P0_100.xmot Right=TrollFist RightUseType=55 RightGroup=7->7 NativeResult=1 OBSERVE_NATIVE=1
CORE RAW55_QUICK_CALLBACK_BOUNDARY Actor=Troll C1=25 SameC1=1 Action=5->5 Phase=1->1 StateTime=0.588748->0.588748 StatePosition=1->1 MotionBefore=Troll_Stand_Fist_Fist_P0_QuickAttackL_Hit_N_Fwd_00_%_00_P0_100.xmot MotionAfter=Troll_Stand_Fist_Fist_P0_QuickAttackL_Hit_N_Fwd_00_%_00_P0_100.xmot Right=TrollFist RightUseType=55 RightGroup=7->7 NativeResult=1 OBSERVE_NATIVE=1
CORE RAW55_QUICK_CALLBACK_BOUNDARY Actor=Troll C1=25 SameC1=1 Action=5->5 Phase=1->1 StateTime=0.598689->0.598689 StatePosition=1->1 MotionBefore=Troll_Stand_Fist_Fist_P0_QuickAttackL_Hit_N_Fwd_00_%_00_P0_100.xmot MotionAfter=Troll_Stand_Fist_Fist_P0_QuickAttackL_Hit_N_Fwd_00_%_00_P0_100.xmot Right=TrollFist RightUseType=55 RightGroup=7->7 NativeResult=1 OBSERVE_NATIVE=1
===== CORE MARKER ANOMALY / DISCOVERY =====
ElapsedMs: 43611.908
Actor: Troll
Action: 5
Family: QUICK
AniPhase: 1
StatePosition: 1
CurrentMovementAni: Troll_Stand_Fist_Fist_P0_QuickAttackL_Hit_N_Fwd_00_%_00_P0_100.xmot
MarkerName: G3AB_COL_FIST
MarkerOpcode: FIST
Result: UNSUPPORTED_MISSING_SOURCE
C1GenerationValid: 1
C1Generation: 25
RequiredSourceMask: 0
MissingSourceMask: 0
RightSourceSlot: RIGHT
RightSourceName: TrollFist
RightSourceUseType: 55
RightSourceCollisionGroup: 7
LeftSourceSlot: LEFT
LeftSourceName: TrollFist
LeftSourceUseType: 55
LeftSourceCollisionGroup: 5
Raw8FistSourceName: <none>
Raw8FistSourceUseType: -1
Raw8FistSourceCollisionGroup: -1
===========================================

CORE RAW55_QUICK_REPEAT_FIST_ELIGIBILITY Actor=Troll Action=5 StatePosition=1 StateTime=0.607023 MarkerOpcode=4 ResultOpcode=4 ResultCode=2 CurrentC1Valid=1 CurrentC1=25 StoredC1=25 SameC1=1 CurrentRight=E6EAF010 StoredRight=E6EAF010 SameRight=1 ResultRightMatchesStored=1 RightUseType=55 RightGroup=7 InterventionUsed=1 PreStateFistProven=1 LaterFistRearmUsed=0 DecisionFoundMotion=1 DecisionScanValid=1 DecisionMarkerPresent=1 DecisionHasFist=1 DecisionFistCount=2 DecisionRightCount=0 DecisionLeftCount=0 DecisionBothCount=0 DecisionOffCount=0 RequiredSourceMask=0 Raw8ResolverAbsent=1 QuickHit=1 Eligible=1 FirstFailedGate=NONE
CORE RAW55_QUICK_REPEAT_FIST_REARM_PROBE Actor=Troll C1=25 Action=5 StatePosition=1 StateTime=0.607023 Right=TrollFist RightUseType=55 RightGroup=7 DecisionFistCount=2 FirstPreStateProof=1 LaterDispatchOrdinal=2 ClearTriggeredList=1 REPEAT_FIST_REARM=1
CORE RAW55_QUICK_CALLBACK_BOUNDARY Actor=Troll C1=25 SameC1=1 Action=5->5 Phase=1->1 StateTime=0.607023->0.607023 StatePosition=1->1 MotionBefore=Troll_Stand_Fist_Fist_P0_QuickAttackL_Hit_N_Fwd_00_%_00_P0_100.xmot MotionAfter=Troll_Stand_Fist_Fist_P0_QuickAttackL_Hit_N_Fwd_00_%_00_P0_100.xmot Right=TrollFist RightUseType=55 RightGroup=7->7 NativeResult=1 OBSERVE_NATIVE=1
CORE RAW55_QUICK_CALLBACK_BOUNDARY Actor=Troll C1=25 SameC1=1 Action=5->5 Phase=1->1 StateTime=0.615356->0.615356 StatePosition=1->1 MotionBefore=Troll_Stand_Fist_Fist_P0_QuickAttackL_Hit_N_Fwd_00_%_00_P0_100.xmot MotionAfter=Troll_Stand_Fist_Fist_P0_QuickAttackL_Hit_N_Fwd_00_%_00_P0_100.xmot Right=TrollFist RightUseType=55 RightGroup=7->7 NativeResult=1 OBSERVE_NATIVE=1
CORE RAW55_QUICK_CALLBACK_BOUNDARY Actor=Troll C1=25 SameC1=1 Action=5->5 Phase=1->1 StateTime=0.623689->0.623689 StatePosition=1->1 MotionBefore=Troll_Stand_Fist_Fist_P0_QuickAttackL_Hit_N_Fwd_00_%_00_P0_100.xmot MotionAfter=Troll_Stand_Fist_Fist_P0_QuickAttackL_Hit_N_Fwd_00_%_00_P0_100.xmot Right=TrollFist RightUseType=55 RightGroup=7->7 NativeResult=1 OBSERVE_NATIVE=1
CORE RAW55_QUICK_CALLBACK_BOUNDARY Actor=Troll C1=25 SameC1=1 Action=5->5 Phase=1->1 StateTime=0.632023->0.632023 StatePosition=1->1 MotionBefore=Troll_Stand_Fist_Fist_P0_QuickAttackL_Hit_N_Fwd_00_%_00_P0_100.xmot MotionAfter=Troll_Stand_Fist_Fist_P0_QuickAttackL_Hit_N_Fwd_00_%_00_P0_100.xmot Right=TrollFist RightUseType=55 RightGroup=7->7 NativeResult=1 OBSERVE_NATIVE=1
CORE RAW55_QUICK_CALLBACK_BOUNDARY Actor=Troll C1=25 SameC1=1 Action=5->5 Phase=1->1 StateTime=0.640356->0.640356 StatePosition=1->1 MotionBefore=Troll_Stand_Fist_Fist_P0_QuickAttackL_Hit_N_Fwd_00_%_00_P0_100.xmot MotionAfter=Troll_Stand_Fist_Fist_P0_QuickAttackL_Hit_N_Fwd_00_%_00_P0_100.xmot Right=TrollFist RightUseType=55 RightGroup=7->7 NativeResult=1 OBSERVE_NATIVE=1
CORE RAW55_QUICK_CALLBACK_BOUNDARY Actor=Troll C1=25 SameC1=1 Action=5->5 Phase=1->1 StateTime=0.649327->0.649327 StatePosition=1->1 MotionBefore=Troll_Stand_Fist_Fist_P0_QuickAttackL_Hit_N_Fwd_00_%_00_P0_100.xmot MotionAfter=Troll_Stand_Fist_Fist_P0_QuickAttackL_Hit_N_Fwd_00_%_00_P0_100.xmot Right=TrollFist RightUseType=55 RightGroup=7->7 NativeResult=1 OBSERVE_NATIVE=1
CORE RAW55_QUICK_CALLBACK_BOUNDARY Actor=Troll C1=25 SameC1=1 Action=5->5 Phase=1->1 StateTime=0.657660->0.657660 StatePosition=1->1 MotionBefore=Troll_Stand_Fist_Fist_P0_QuickAttackL_Hit_N_Fwd_00_%_00_P0_100.xmot MotionAfter=Troll_Stand_Fist_Fist_P0_QuickAttackL_Hit_N_Fwd_00_%_00_P0_100.xmot Right=TrollFist RightUseType=55 RightGroup=7->7 NativeResult=1 OBSERVE_NATIVE=1
CORE RAW55_QUICK_CALLBACK_BOUNDARY Actor=Troll C1=25 SameC1=1 Action=5->5 Phase=1->1 StateTime=0.665993->0.665993 StatePosition=1->1 MotionBefore=Troll_Stand_Fist_Fist_P0_QuickAttackL_Hit_N_Fwd_00_%_00_P0_100.xmot MotionAfter=Troll_Stand_Fist_Fist_P0_QuickAttackL_Hit_N_Fwd_00_%_00_P0_100.xmot Right=TrollFist RightUseType=55 RightGroup=7->7 NativeResult=1 OBSERVE_NATIVE=1
CORE RAW55_QUICK_CALLBACK_BOUNDARY Actor=Troll C1=25 SameC1=1 Action=5->5 Phase=1->1 StateTime=0.674964->0.674964 StatePosition=1->1 MotionBefore=Troll_Stand_Fist_Fist_P0_QuickAttackL_Hit_N_Fwd_00_%_00_P0_100.xmot MotionAfter=Troll_Stand_Fist_Fist_P0_QuickAttackL_Hit_N_Fwd_00_%_00_P0_100.xmot Right=TrollFist RightUseType=55 RightGroup=7->7 NativeResult=1 OBSERVE_NATIVE=1
CORE RAW55_QUICK_CALLBACK_BOUNDARY Actor=Troll C1=25 SameC1=1 Action=5->5 Phase=1->1 StateTime=0.683297->0.683297 StatePosition=1->1 MotionBefore=Troll_Stand_Fist_Fist_P0_QuickAttackL_Hit_N_Fwd_00_%_00_P0_100.xmot MotionAfter=Troll_Stand_Fist_Fist_P0_QuickAttackL_Hit_N_Fwd_00_%_00_P0_100.xmot Right=TrollFist RightUseType=55 RightGroup=7->7 NativeResult=1 OBSERVE_NATIVE=1
CORE RAW55_QUICK_CALLBACK_BOUNDARY Actor=Troll C1=25 SameC1=1 Action=5->5 Phase=1->1 StateTime=0.691630->0.691630 StatePosition=1->1 MotionBefore=Troll_Stand_Fist_Fist_P0_QuickAttackL_Hit_N_Fwd_00_%_00_P0_100.xmot MotionAfter=Troll_Stand_Fist_Fist_P0_QuickAttackL_Hit_N_Fwd_00_%_00_P0_100.xmot Right=TrollFist RightUseType=55 RightGroup=7->7 NativeResult=1 OBSERVE_NATIVE=1
CORE RAW55_QUICK_CALLBACK_BOUNDARY Actor=Troll C1=25 SameC1=1 Action=5->5 Phase=1->1 StateTime=0.700601->0.700601 StatePosition=1->1 MotionBefore=Troll_Stand_Fist_Fist_P0_QuickAttackL_Hit_N_Fwd_00_%_00_P0_100.xmot MotionAfter=Troll_Stand_Fist_Fist_P0_QuickAttackL_Hit_N_Fwd_00_%_00_P0_100.xmot Right=TrollFist RightUseType=55 RightGroup=7->7 NativeResult=1 OBSERVE_NATIVE=1
CORE RAW55_QUICK_CALLBACK_BOUNDARY Actor=Troll C1=25 SameC1=1 Action=5->5 Phase=1->1 StateTime=0.708934->0.708934 StatePosition=1->1 MotionBefore=Troll_Stand_Fist_Fist_P0_QuickAttackL_Hit_N_Fwd_00_%_00_P0_100.xmot MotionAfter=Troll_Stand_Fist_Fist_P0_QuickAttackL_Hit_N_Fwd_00_%_00_P0_100.xmot Right=TrollFist RightUseType=55 RightGroup=7->7 NativeResult=1 OBSERVE_NATIVE=1
CORE RAW55_QUICK_CALLBACK_BOUNDARY Actor=Troll C1=25 SameC1=1 Action=5->5 Phase=1->1 StateTime=0.717267->0.717267 StatePosition=1->1 MotionBefore=Troll_Stand_Fist_Fist_P0_QuickAttackL_Hit_N_Fwd_00_%_00_P0_100.xmot MotionAfter=Troll_Stand_Fist_Fist_P0_QuickAttackL_Hit_N_Fwd_00_%_00_P0_100.xmot Right=TrollFist RightUseType=55 RightGroup=7->7 NativeResult=1 OBSERVE_NATIVE=1
CORE ONDAMAGE ElapsedMs=43722.398 Ordinal=16 Target=PC_Hero Arg1=PC_Hero Arg2=PC_Hero Caller=Game.dll+0x00069484 PlayerAction=0 PlayerPhase=3 PlayerMotion=Hero_Stand_None_None_P0_StumbleR_Recover_N_Back_00_%_00_P0_0.xmot Raw8Fist=<none> Raw8UseType=-1 Raw8Group=-1
CORE RAW55_QUICK_CALLBACK_BOUNDARY Actor=Troll C1=25 SameC1=1 Action=5->5 Phase=1->1 StateTime=0.725601->0.725601 StatePosition=1->1 MotionBefore=Troll_Stand_Fist_Fist_P0_QuickAttackL_Hit_N_Fwd_00_%_00_P0_100.xmot MotionAfter=Troll_Stand_Fist_Fist_P0_QuickAttackL_Hit_N_Fwd_00_%_00_P0_100.xmot Right=TrollFist RightUseType=55 RightGroup=7->7 NativeResult=1 OBSERVE_NATIVE=1
CORE C1_START ElapsedMs=43733.337 Actor=PC_Hero Generation=27 Status=CANDIDATE Outstanding=0 TrackedSources=0 ReplacedGeneration=0 ReplacedOutstanding=0
CORE C1_BIND ElapsedMs=43733.344 Event=COMBAT_MOVE_CANDIDATE_BOUND Actor=PC_Hero Generation=27 Status=CANDIDATE Outstanding=0 Source=<null> Script=_AI_Stumble
CORE C1_STATUS ElapsedMs=43733.437 Event=PERSISTED Actor=PC_Hero Generation=27 Status=PERSISTED Outstanding=0
CORE RAW55_QUICK_CALLBACK_BOUNDARY Actor=Troll C1=25 SameC1=1 Action=5->5 Phase=1->1 StateTime=0.735542->0.735542 StatePosition=1->1 MotionBefore=Troll_Stand_Fist_Fist_P0_QuickAttackL_Hit_N_Fwd_00_%_00_P0_100.xmot MotionAfter=Troll_Stand_Fist_Fist_P0_QuickAttackL_Hit_N_Fwd_00_%_00_P0_100.xmot Right=TrollFist RightUseType=55 RightGroup=7->7 NativeResult=1 OBSERVE_NATIVE=1
CORE RAW55_QUICK_CALLBACK_BOUNDARY Actor=Troll C1=25 SameC1=1 Action=5->5 Phase=1->1 StateTime=0.746529->0.746529 StatePosition=1->1 MotionBefore=Troll_Stand_Fist_Fist_P0_QuickAttackL_Hit_N_Fwd_00_%_00_P0_100.xmot MotionAfter=Troll_Stand_Fist_Fist_P0_QuickAttackL_Hit_N_Fwd_00_%_00_P0_100.xmot Right=TrollFist RightUseType=55 RightGroup=7->7 NativeResult=1 OBSERVE_NATIVE=1
CORE RAW55_QUICK_CALLBACK_BOUNDARY Actor=Troll C1=25 SameC1=1 Action=5->5 Phase=1->1 StateTime=0.754862->0.754862 StatePosition=1->1 MotionBefore=Troll_Stand_Fist_Fist_P0_QuickAttackL_Hit_N_Fwd_00_%_00_P0_100.xmot MotionAfter=Troll_Stand_Fist_Fist_P0_QuickAttackL_Hit_N_Fwd_00_%_00_P0_100.xmot Right=TrollFist RightUseType=55 RightGroup=7->7 NativeResult=1 OBSERVE_NATIVE=1
CORE RAW55_QUICK_CALLBACK_BOUNDARY Actor=Troll C1=25 SameC1=1 Action=5->5 Phase=1->1 StateTime=0.763196->0.763196 StatePosition=1->1 MotionBefore=Troll_Stand_Fist_Fist_P0_QuickAttackL_Hit_N_Fwd_00_%_00_P0_100.xmot MotionAfter=Troll_Stand_Fist_Fist_P0_QuickAttackL_Hit_N_Fwd_00_%_00_P0_100.xmot Right=TrollFist RightUseType=55 RightGroup=7->7 NativeResult=1 OBSERVE_NATIVE=1
CORE RAW55_QUICK_CALLBACK_BOUNDARY Actor=Troll C1=25 SameC1=1 Action=5->5 Phase=1->1 StateTime=0.771529->0.771529 StatePosition=1->1 MotionBefore=Troll_Stand_Fist_Fist_P0_QuickAttackL_Hit_N_Fwd_00_%_00_P0_100.xmot MotionAfter=Troll_Stand_Fist_Fist_P0_QuickAttackL_Hit_N_Fwd_00_%_00_P0_100.xmot Right=TrollFist RightUseType=55 RightGroup=7->7 NativeResult=1 OBSERVE_NATIVE=1
CORE RAW55_QUICK_CALLBACK_BOUNDARY Actor=Troll C1=25 SameC1=1 Action=5->5 Phase=1->1 StateTime=0.779862->0.779862 StatePosition=1->1 MotionBefore=Troll_Stand_Fist_Fist_P0_QuickAttackL_Hit_N_Fwd_00_%_00_P0_100.xmot MotionAfter=Troll_Stand_Fist_Fist_P0_QuickAttackL_Hit_N_Fwd_00_%_00_P0_100.xmot Right=TrollFist RightUseType=55 RightGroup=7->7 NativeResult=1 OBSERVE_NATIVE=1
CORE RAW55_QUICK_CALLBACK_BOUNDARY Actor=Troll C1=25 SameC1=1 Action=5->5 Phase=1->1 StateTime=0.788195->0.788195 StatePosition=1->1 MotionBefore=Troll_Stand_Fist_Fist_P0_QuickAttackL_Hit_N_Fwd_00_%_00_P0_100.xmot MotionAfter=Troll_Stand_Fist_Fist_P0_QuickAttackL_Hit_N_Fwd_00_%_00_P0_100.xmot Right=TrollFist RightUseType=55 RightGroup=7->7 NativeResult=1 OBSERVE_NATIVE=1
CORE RAW55_QUICK_CALLBACK_BOUNDARY Actor=Troll C1=25 SameC1=1 Action=5->5 Phase=1->1 StateTime=0.797166->0.797166 StatePosition=1->1 MotionBefore=Troll_Stand_Fist_Fist_P0_QuickAttackL_Hit_N_Fwd_00_%_00_P0_100.xmot MotionAfter=Troll_Stand_Fist_Fist_P0_QuickAttackL_Hit_N_Fwd_00_%_00_P0_100.xmot Right=TrollFist RightUseType=55 RightGroup=7->7 NativeResult=1 OBSERVE_NATIVE=1
CORE COLLISION_GROUP ElapsedMs=43799.567 Source=TrollFist UseType=55 Owner=Troll Slot=RIGHT Requested=5 Before=7 After=5 MarkerBitsRetired=0
CORE C1 CLEANUP FULFILLED ElapsedMs=43799.594 Actor=Troll Generation=25 Status=PERSISTED Source=TrollFist Side=RIGHT Requests=2 Outstanding=0 CleanupObserved=1 Group=5
CORE C1_FINAL ElapsedMs=43892.287 Actor=Troll Generation=25 Status=PERSISTED SourceCount=2 PhysicalChanged=0 Source[0]=TrollFist Side=RIGHT Outstanding=0 Cleanup=1 Outcome=NO_OP_NO_OUTSTANDING Source[1]=TrollFist Side=LEFT Outstanding=0 Cleanup=0 Outcome=NO_OP_NO_OUTSTANDING
CORE C1_FINAL ElapsedMs=44012.438 Actor=PC_Hero Generation=27 Status=PERSISTED SourceCount=0 PhysicalChanged=0
CORE C1_START ElapsedMs=45124.174 Actor=Troll Generation=28 Status=CANDIDATE Outstanding=0 TrackedSources=2 ReplacedGeneration=0 ReplacedOutstanding=0 Source[0]=TrollFist Side=RIGHT Group=5 Source[1]=TrollFist Side=LEFT Group=5
CORE C1_BIND ElapsedMs=45124.188 Event=COMBAT_MOVE_CANDIDATE_BOUND Actor=Troll Generation=28 Status=CANDIDATE Outstanding=0 Source=<null> Script=_AI_PowerAttack
CORE C1_STATUS ElapsedMs=45124.251 Event=PERSISTED Actor=Troll Generation=28 Status=PERSISTED Outstanding=0
===== CORE MARKER ANOMALY / DISCOVERY =====
ElapsedMs: 45155.362
Actor: Troll
Action: 2
Family: POWER
AniPhase: 0
StatePosition: 0
CurrentMovementAni: Troll_Stand_Fist_Fist_P0_PowerAttack_Raise_N_Fwd_00_%_00_P0_0.xmot
MarkerName: G3AB_COL_FIST
MarkerOpcode: FIST
Result: REJECTED_UNSUPPORTED_HIT
C1GenerationValid: 1
C1Generation: 28
RequiredSourceMask: 0
MissingSourceMask: 0
RightSourceSlot: RIGHT
RightSourceName: TrollFist
RightSourceUseType: 55
RightSourceCollisionGroup: 5
LeftSourceSlot: LEFT
LeftSourceName: TrollFist
LeftSourceUseType: 55
LeftSourceCollisionGroup: 5
Raw8FistSourceName: <none>
Raw8FistSourceUseType: -1
Raw8FistSourceCollisionGroup: -1
===========================================

CORE RAW55_QUICK_REPEAT_FIST_ELIGIBILITY Actor=Troll Action=2 StatePosition=0 StateTime=0.042304 MarkerOpcode=4 ResultOpcode=4 ResultCode=0 CurrentC1Valid=1 CurrentC1=28 StoredC1=25 SameC1=0 CurrentRight=E6EAF010 StoredRight=E6EAF010 SameRight=1 ResultRightMatchesStored=1 RightUseType=55 RightGroup=5 InterventionUsed=1 PreStateFistProven=1 LaterFistRearmUsed=1 DecisionFoundMotion=0 DecisionScanValid=0 DecisionMarkerPresent=0 DecisionHasFist=0 DecisionFistCount=0 DecisionRightCount=0 DecisionLeftCount=0 DecisionBothCount=0 DecisionOffCount=0 RequiredSourceMask=0 Raw8ResolverAbsent=1 QuickHit=0 Eligible=0 FirstFailedGate=C1_MISMATCH
===== CORE MARKER ANOMALY / DISCOVERY =====
ElapsedMs: 45667.319
Actor: Troll
Action: 2
Family: POWER
AniPhase: 0
StatePosition: 0
CurrentMovementAni: Troll_Stand_Fist_Fist_P0_PowerAttack_Raise_N_Fwd_00_%_00_P0_0.xmot
MarkerName: G3AB_COL_FIST
MarkerOpcode: FIST
Result: REJECTED_UNSUPPORTED_HIT
C1GenerationValid: 1
C1Generation: 28
RequiredSourceMask: 0
MissingSourceMask: 0
RightSourceSlot: RIGHT
RightSourceName: TrollFist
RightSourceUseType: 55
RightSourceCollisionGroup: 5
LeftSourceSlot: LEFT
LeftSourceName: TrollFist
LeftSourceUseType: 55
LeftSourceCollisionGroup: 5
Raw8FistSourceName: <none>
Raw8FistSourceUseType: -1
Raw8FistSourceCollisionGroup: -1
===========================================

CORE RAW55_QUICK_REPEAT_FIST_ELIGIBILITY Actor=Troll Action=2 StatePosition=0 StateTime=0.604299 MarkerOpcode=4 ResultOpcode=4 ResultCode=0 CurrentC1Valid=1 CurrentC1=28 StoredC1=25 SameC1=0 CurrentRight=E6EAF010 StoredRight=E6EAF010 SameRight=1 ResultRightMatchesStored=1 RightUseType=55 RightGroup=5 InterventionUsed=1 PreStateFistProven=1 LaterFistRearmUsed=1 DecisionFoundMotion=0 DecisionScanValid=0 DecisionMarkerPresent=0 DecisionHasFist=0 DecisionFistCount=0 DecisionRightCount=0 DecisionLeftCount=0 DecisionBothCount=0 DecisionOffCount=0 RequiredSourceMask=0 Raw8ResolverAbsent=1 QuickHit=0 Eligible=0 FirstFailedGate=C1_MISMATCH
CORE C1_BIND ElapsedMs=45853.351 Event=COMBAT_MOVE_REUSED Actor=Troll Generation=28 Status=PERSISTED Outstanding=0 Source=<null> Script=_AI_PowerAttack
CORE ATTACK_OWNERSHIP ElapsedMs=45853.446 Actor=Troll Family=POWER Action=2 Phase=1 Motion=Troll_Stand_Fist_Fist_P0_PowerAttack_Hit_N_Fwd_00_%_00_P0_150.xmot MarkerPresent=1 RequiredMask=0 FistMarkers=1 Raw8Fist=<none> Raw8UseType=-1 SuppressNative=0 Classification=CONTRADICTION
===== CORE ATTACK OWNERSHIP ANOMALY =====
MatchingMotionFound: 1
MarkerScanValid: 1
RequiredSourcesAvailable: 1
RightSourceSlot: RIGHT
RightSourceName: TrollFist
RightSourceUseType: 55
RightSourceCollisionGroup: 5
LeftSourceSlot: LEFT
LeftSourceName: TrollFist
LeftSourceUseType: 55
LeftSourceCollisionGroup: 5
Raw8FistSourceName: <none>
Raw8FistSourceUseType: -1
Raw8FistSourceCollisionGroup: -1
=========================================

CORE RAW55_POWER_GROUP_SUPPRESSION Actor=Troll C1=28 Action=2 Right=TrollFist RightUseType=55 RequestedGroup=7 BeforeGroup=5 StatePosition=0 StateTime=0.800413 SUPPRESS_GROUP=1
CORE RAW55_POWER_CALLBACK_BOUNDARY Actor=Troll C1=28 SameC1=1 SameRight=1 Action=2->2 Phase=1->1 StateTime=0.800413->0.800413 StatePosition=0->1 MotionBefore=Troll_Stand_Fist_Fist_P0_PowerAttack_Hit_N_Fwd_00_%_00_P0_150.xmot MotionAfter=Troll_Stand_Fist_Fist_P0_PowerAttack_Hit_N_Fwd_00_%_00_P0_150.xmot Right=TrollFist RightUseType=55 RightGroup=5->5 NativeResult=1 OBSERVE_NATIVE=1
CORE RAW55_POWER_CALLBACK_BOUNDARY Actor=Troll C1=28 SameC1=1 SameRight=1 Action=2->2 Phase=1->1 StateTime=0.808746->0.808746 StatePosition=1->1 MotionBefore=Troll_Stand_Fist_Fist_P0_PowerAttack_Hit_N_Fwd_00_%_00_P0_150.xmot MotionAfter=Troll_Stand_Fist_Fist_P0_PowerAttack_Hit_N_Fwd_00_%_00_P0_150.xmot Right=TrollFist RightUseType=55 RightGroup=5->5 NativeResult=1 OBSERVE_NATIVE=1
CORE RAW55_POWER_CALLBACK_BOUNDARY Actor=Troll C1=28 SameC1=1 SameRight=1 Action=2->2 Phase=1->1 StateTime=0.817079->0.817079 StatePosition=1->1 MotionBefore=Troll_Stand_Fist_Fist_P0_PowerAttack_Hit_N_Fwd_00_%_00_P0_150.xmot MotionAfter=Troll_Stand_Fist_Fist_P0_PowerAttack_Hit_N_Fwd_00_%_00_P0_150.xmot Right=TrollFist RightUseType=55 RightGroup=5->5 NativeResult=1 OBSERVE_NATIVE=1
CORE RAW55_POWER_CALLBACK_BOUNDARY Actor=Troll C1=28 SameC1=1 SameRight=1 Action=2->2 Phase=1->1 StateTime=0.825413->0.825413 StatePosition=1->1 MotionBefore=Troll_Stand_Fist_Fist_P0_PowerAttack_Hit_N_Fwd_00_%_00_P0_150.xmot MotionAfter=Troll_Stand_Fist_Fist_P0_PowerAttack_Hit_N_Fwd_00_%_00_P0_150.xmot Right=TrollFist RightUseType=55 RightGroup=5->5 NativeResult=1 OBSERVE_NATIVE=1
CORE RAW55_POWER_CALLBACK_BOUNDARY Actor=Troll C1=28 SameC1=1 SameRight=1 Action=2->2 Phase=1->1 StateTime=0.833746->0.833746 StatePosition=1->1 MotionBefore=Troll_Stand_Fist_Fist_P0_PowerAttack_Hit_N_Fwd_00_%_00_P0_150.xmot MotionAfter=Troll_Stand_Fist_Fist_P0_PowerAttack_Hit_N_Fwd_00_%_00_P0_150.xmot Right=TrollFist RightUseType=55 RightGroup=5->5 NativeResult=1 OBSERVE_NATIVE=1
===== CORE MARKER ANOMALY / DISCOVERY =====
ElapsedMs: 45884.399
Actor: Troll
Action: 2
Family: POWER
AniPhase: 1
StatePosition: 1
CurrentMovementAni: Troll_Stand_Fist_Fist_P0_PowerAttack_Hit_N_Fwd_00_%_00_P0_150.xmot
MarkerName: G3AB_COL_FIST
MarkerOpcode: FIST
Result: UNSUPPORTED_MISSING_SOURCE
C1GenerationValid: 1
C1Generation: 28
RequiredSourceMask: 0
MissingSourceMask: 0
RightSourceSlot: RIGHT
RightSourceName: TrollFist
RightSourceUseType: 55
RightSourceCollisionGroup: 5
LeftSourceSlot: LEFT
LeftSourceName: TrollFist
LeftSourceUseType: 55
LeftSourceCollisionGroup: 5
Raw8FistSourceName: <none>
Raw8FistSourceUseType: -1
Raw8FistSourceCollisionGroup: -1
===========================================

CORE COLLISION_GROUP ElapsedMs=45884.476 Source=TrollFist UseType=55 Owner=Troll Slot=RIGHT Requested=7 Before=5 After=7 MarkerBitsRetired=0
CORE C1 OFFENSE REQUEST ElapsedMs=45884.485 Actor=Troll Generation=28 Status=PERSISTED Source=TrollFist Side=RIGHT Requests=1 Outstanding=1 CleanupObserved=0 Group=7
CORE RAW55_POWER_FIST_ACTIVATION_PROBE Actor=Troll C1=28 Action=2 StatePosition=1 StateTime=0.842079 Right=TrollFist RightUseType=55 GroupBefore=5 RequestedGroup=7 GroupAfter=7 EarlySuppressionProof=1 ClearTriggeredList=0 ACTIVATE_FIST=1
CORE RAW55_POWER_CALLBACK_BOUNDARY Actor=Troll C1=28 SameC1=1 SameRight=1 Action=2->2 Phase=1->1 StateTime=0.842079->0.842079 StatePosition=1->1 MotionBefore=Troll_Stand_Fist_Fist_P0_PowerAttack_Hit_N_Fwd_00_%_00_P0_150.xmot MotionAfter=Troll_Stand_Fist_Fist_P0_PowerAttack_Hit_N_Fwd_00_%_00_P0_150.xmot Right=TrollFist RightUseType=55 RightGroup=7->7 NativeResult=1 OBSERVE_NATIVE=1
CORE RAW55_POWER_CALLBACK_BOUNDARY Actor=Troll C1=28 SameC1=1 SameRight=1 Action=2->2 Phase=1->1 StateTime=0.850413->0.850413 StatePosition=1->1 MotionBefore=Troll_Stand_Fist_Fist_P0_PowerAttack_Hit_N_Fwd_00_%_00_P0_150.xmot MotionAfter=Troll_Stand_Fist_Fist_P0_PowerAttack_Hit_N_Fwd_00_%_00_P0_150.xmot Right=TrollFist RightUseType=55 RightGroup=7->7 NativeResult=1 OBSERVE_NATIVE=1
CORE RAW55_POWER_CALLBACK_BOUNDARY Actor=Troll C1=28 SameC1=1 SameRight=1 Action=2->2 Phase=1->1 StateTime=0.858746->0.858746 StatePosition=1->1 MotionBefore=Troll_Stand_Fist_Fist_P0_PowerAttack_Hit_N_Fwd_00_%_00_P0_150.xmot MotionAfter=Troll_Stand_Fist_Fist_P0_PowerAttack_Hit_N_Fwd_00_%_00_P0_150.xmot Right=TrollFist RightUseType=55 RightGroup=7->7 NativeResult=1 OBSERVE_NATIVE=1
CORE RAW55_POWER_CALLBACK_BOUNDARY Actor=Troll C1=28 SameC1=1 SameRight=1 Action=2->2 Phase=1->1 StateTime=0.867717->0.867717 StatePosition=1->1 MotionBefore=Troll_Stand_Fist_Fist_P0_PowerAttack_Hit_N_Fwd_00_%_00_P0_150.xmot MotionAfter=Troll_Stand_Fist_Fist_P0_PowerAttack_Hit_N_Fwd_00_%_00_P0_150.xmot Right=TrollFist RightUseType=55 RightGroup=7->7 NativeResult=1 OBSERVE_NATIVE=1
CORE RAW55_POWER_CALLBACK_BOUNDARY Actor=Troll C1=28 SameC1=1 SameRight=1 Action=2->2 Phase=1->1 StateTime=0.876050->0.876050 StatePosition=1->1 MotionBefore=Troll_Stand_Fist_Fist_P0_PowerAttack_Hit_N_Fwd_00_%_00_P0_150.xmot MotionAfter=Troll_Stand_Fist_Fist_P0_PowerAttack_Hit_N_Fwd_00_%_00_P0_150.xmot Right=TrollFist RightUseType=55 RightGroup=7->7 NativeResult=1 OBSERVE_NATIVE=1
CORE RAW55_POWER_CALLBACK_BOUNDARY Actor=Troll C1=28 SameC1=1 SameRight=1 Action=2->2 Phase=1->1 StateTime=0.885021->0.885021 StatePosition=1->1 MotionBefore=Troll_Stand_Fist_Fist_P0_PowerAttack_Hit_N_Fwd_00_%_00_P0_150.xmot MotionAfter=Troll_Stand_Fist_Fist_P0_PowerAttack_Hit_N_Fwd_00_%_00_P0_150.xmot Right=TrollFist RightUseType=55 RightGroup=7->7 NativeResult=1 OBSERVE_NATIVE=1
CORE RAW55_POWER_CALLBACK_BOUNDARY Actor=Troll C1=28 SameC1=1 SameRight=1 Action=2->2 Phase=1->1 StateTime=0.893354->0.893354 StatePosition=1->1 MotionBefore=Troll_Stand_Fist_Fist_P0_PowerAttack_Hit_N_Fwd_00_%_00_P0_150.xmot MotionAfter=Troll_Stand_Fist_Fist_P0_PowerAttack_Hit_N_Fwd_00_%_00_P0_150.xmot Right=TrollFist RightUseType=55 RightGroup=7->7 NativeResult=1 OBSERVE_NATIVE=1
CORE RAW55_POWER_CALLBACK_BOUNDARY Actor=Troll C1=28 SameC1=1 SameRight=1 Action=2->2 Phase=1->1 StateTime=0.905281->0.905281 StatePosition=1->1 MotionBefore=Troll_Stand_Fist_Fist_P0_PowerAttack_Hit_N_Fwd_00_%_00_P0_150.xmot MotionAfter=Troll_Stand_Fist_Fist_P0_PowerAttack_Hit_N_Fwd_00_%_00_P0_150.xmot Right=TrollFist RightUseType=55 RightGroup=7->7 NativeResult=1 OBSERVE_NATIVE=1
CORE RAW55_POWER_CALLBACK_BOUNDARY Actor=Troll C1=28 SameC1=1 SameRight=1 Action=2->2 Phase=1->1 StateTime=0.913614->0.913614 StatePosition=1->1 MotionBefore=Troll_Stand_Fist_Fist_P0_PowerAttack_Hit_N_Fwd_00_%_00_P0_150.xmot MotionAfter=Troll_Stand_Fist_Fist_P0_PowerAttack_Hit_N_Fwd_00_%_00_P0_150.xmot Right=TrollFist RightUseType=55 RightGroup=7->7 NativeResult=1 OBSERVE_NATIVE=1
CORE RAW55_POWER_CALLBACK_BOUNDARY Actor=Troll C1=28 SameC1=1 SameRight=1 Action=2->2 Phase=1->1 StateTime=0.922585->0.922585 StatePosition=1->1 MotionBefore=Troll_Stand_Fist_Fist_P0_PowerAttack_Hit_N_Fwd_00_%_00_P0_150.xmot MotionAfter=Troll_Stand_Fist_Fist_P0_PowerAttack_Hit_N_Fwd_00_%_00_P0_150.xmot Right=TrollFist RightUseType=55 RightGroup=7->7 NativeResult=1 OBSERVE_NATIVE=1
CORE RAW55_POWER_CALLBACK_BOUNDARY Actor=Troll C1=28 SameC1=1 SameRight=1 Action=2->2 Phase=1->1 StateTime=0.930918->0.930918 StatePosition=1->1 MotionBefore=Troll_Stand_Fist_Fist_P0_PowerAttack_Hit_N_Fwd_00_%_00_P0_150.xmot MotionAfter=Troll_Stand_Fist_Fist_P0_PowerAttack_Hit_N_Fwd_00_%_00_P0_150.xmot Right=TrollFist RightUseType=55 RightGroup=7->7 NativeResult=1 OBSERVE_NATIVE=1
CORE RAW55_POWER_CALLBACK_BOUNDARY Actor=Troll C1=28 SameC1=1 SameRight=1 Action=2->2 Phase=1->1 StateTime=0.941845->0.941845 StatePosition=1->1 MotionBefore=Troll_Stand_Fist_Fist_P0_PowerAttack_Hit_N_Fwd_00_%_00_P0_150.xmot MotionAfter=Troll_Stand_Fist_Fist_P0_PowerAttack_Hit_N_Fwd_00_%_00_P0_150.xmot Right=TrollFist RightUseType=55 RightGroup=7->7 NativeResult=1 OBSERVE_NATIVE=1
CORE RAW55_POWER_CALLBACK_BOUNDARY Actor=Troll C1=28 SameC1=1 SameRight=1 Action=2->2 Phase=1->1 StateTime=0.950178->0.950178 StatePosition=1->1 MotionBefore=Troll_Stand_Fist_Fist_P0_PowerAttack_Hit_N_Fwd_00_%_00_P0_150.xmot MotionAfter=Troll_Stand_Fist_Fist_P0_PowerAttack_Hit_N_Fwd_00_%_00_P0_150.xmot Right=TrollFist RightUseType=55 RightGroup=7->7 NativeResult=1 OBSERVE_NATIVE=1
CORE RAW55_POWER_CALLBACK_BOUNDARY Actor=Troll C1=28 SameC1=1 SameRight=1 Action=2->2 Phase=1->1 StateTime=0.960120->0.960120 StatePosition=1->1 MotionBefore=Troll_Stand_Fist_Fist_P0_PowerAttack_Hit_N_Fwd_00_%_00_P0_150.xmot MotionAfter=Troll_Stand_Fist_Fist_P0_PowerAttack_Hit_N_Fwd_00_%_00_P0_150.xmot Right=TrollFist RightUseType=55 RightGroup=7->7 NativeResult=1 OBSERVE_NATIVE=1
CORE RAW55_POWER_CALLBACK_BOUNDARY Actor=Troll C1=28 SameC1=1 SameRight=1 Action=2->2 Phase=1->1 StateTime=0.968453->0.968453 StatePosition=1->1 MotionBefore=Troll_Stand_Fist_Fist_P0_PowerAttack_Hit_N_Fwd_00_%_00_P0_150.xmot MotionAfter=Troll_Stand_Fist_Fist_P0_PowerAttack_Hit_N_Fwd_00_%_00_P0_150.xmot Right=TrollFist RightUseType=55 RightGroup=7->7 NativeResult=1 OBSERVE_NATIVE=1
CORE RAW55_POWER_CALLBACK_BOUNDARY Actor=Troll C1=28 SameC1=1 SameRight=1 Action=2->2 Phase=1->1 StateTime=0.978395->0.978395 StatePosition=1->1 MotionBefore=Troll_Stand_Fist_Fist_P0_PowerAttack_Hit_N_Fwd_00_%_00_P0_150.xmot MotionAfter=Troll_Stand_Fist_Fist_P0_PowerAttack_Hit_N_Fwd_00_%_00_P0_150.xmot Right=TrollFist RightUseType=55 RightGroup=7->7 NativeResult=1 OBSERVE_NATIVE=1
CORE RAW55_POWER_CALLBACK_BOUNDARY Actor=Troll C1=28 SameC1=1 SameRight=1 Action=2->2 Phase=1->1 StateTime=0.986728->0.986728 StatePosition=1->1 MotionBefore=Troll_Stand_Fist_Fist_P0_PowerAttack_Hit_N_Fwd_00_%_00_P0_150.xmot MotionAfter=Troll_Stand_Fist_Fist_P0_PowerAttack_Hit_N_Fwd_00_%_00_P0_150.xmot Right=TrollFist RightUseType=55 RightGroup=7->7 NativeResult=1 OBSERVE_NATIVE=1
CORE RAW55_POWER_CALLBACK_BOUNDARY Actor=Troll C1=28 SameC1=1 SameRight=1 Action=2->2 Phase=1->1 StateTime=0.995699->0.995699 StatePosition=1->1 MotionBefore=Troll_Stand_Fist_Fist_P0_PowerAttack_Hit_N_Fwd_00_%_00_P0_150.xmot MotionAfter=Troll_Stand_Fist_Fist_P0_PowerAttack_Hit_N_Fwd_00_%_00_P0_150.xmot Right=TrollFist RightUseType=55 RightGroup=7->7 NativeResult=1 OBSERVE_NATIVE=1
CORE RAW55_POWER_CALLBACK_BOUNDARY Actor=Troll C1=28 SameC1=1 SameRight=1 Action=2->2 Phase=1->1 StateTime=1.004033->1.004033 StatePosition=1->1 MotionBefore=Troll_Stand_Fist_Fist_P0_PowerAttack_Hit_N_Fwd_00_%_00_P0_150.xmot MotionAfter=Troll_Stand_Fist_Fist_P0_PowerAttack_Hit_N_Fwd_00_%_00_P0_150.xmot Right=TrollFist RightUseType=55 RightGroup=7->7 NativeResult=1 OBSERVE_NATIVE=1
CORE RAW55_POWER_CALLBACK_BOUNDARY Actor=Troll C1=28 SameC1=1 SameRight=1 Action=2->2 Phase=1->1 StateTime=1.013974->1.013974 StatePosition=1->1 MotionBefore=Troll_Stand_Fist_Fist_P0_PowerAttack_Hit_N_Fwd_00_%_00_P0_150.xmot MotionAfter=Troll_Stand_Fist_Fist_P0_PowerAttack_Hit_N_Fwd_00_%_00_P0_150.xmot Right=TrollFist RightUseType=55 RightGroup=7->7 NativeResult=1 OBSERVE_NATIVE=1
CORE RAW55_POWER_CALLBACK_BOUNDARY Actor=Troll C1=28 SameC1=1 SameRight=1 Action=2->2 Phase=1->1 StateTime=1.022308->1.022308 StatePosition=1->1 MotionBefore=Troll_Stand_Fist_Fist_P0_PowerAttack_Hit_N_Fwd_00_%_00_P0_150.xmot MotionAfter=Troll_Stand_Fist_Fist_P0_PowerAttack_Hit_N_Fwd_00_%_00_P0_150.xmot Right=TrollFist RightUseType=55 RightGroup=7->7 NativeResult=1 OBSERVE_NATIVE=1
CORE RAW55_POWER_CALLBACK_BOUNDARY Actor=Troll C1=28 SameC1=1 SameRight=1 Action=2->2 Phase=1->1 StateTime=1.031278->1.031278 StatePosition=1->1 MotionBefore=Troll_Stand_Fist_Fist_P0_PowerAttack_Hit_N_Fwd_00_%_00_P0_150.xmot MotionAfter=Troll_Stand_Fist_Fist_P0_PowerAttack_Hit_N_Fwd_00_%_00_P0_150.xmot Right=TrollFist RightUseType=55 RightGroup=7->7 NativeResult=1 OBSERVE_NATIVE=1
CORE RAW55_POWER_CALLBACK_BOUNDARY Actor=Troll C1=28 SameC1=1 SameRight=1 Action=2->2 Phase=1->1 StateTime=1.039612->1.039612 StatePosition=1->1 MotionBefore=Troll_Stand_Fist_Fist_P0_PowerAttack_Hit_N_Fwd_00_%_00_P0_150.xmot MotionAfter=Troll_Stand_Fist_Fist_P0_PowerAttack_Hit_N_Fwd_00_%_00_P0_150.xmot Right=TrollFist RightUseType=55 RightGroup=7->7 NativeResult=1 OBSERVE_NATIVE=1
CORE RAW55_POWER_CALLBACK_BOUNDARY Actor=Troll C1=28 SameC1=1 SameRight=1 Action=2->2 Phase=1->1 StateTime=1.048583->1.048583 StatePosition=1->1 MotionBefore=Troll_Stand_Fist_Fist_P0_PowerAttack_Hit_N_Fwd_00_%_00_P0_150.xmot MotionAfter=Troll_Stand_Fist_Fist_P0_PowerAttack_Hit_N_Fwd_00_%_00_P0_150.xmot Right=TrollFist RightUseType=55 RightGroup=7->7 NativeResult=1 OBSERVE_NATIVE=1
CORE RAW55_POWER_CALLBACK_BOUNDARY Actor=Troll C1=28 SameC1=1 SameRight=1 Action=2->2 Phase=1->1 StateTime=1.056916->1.056916 StatePosition=1->1 MotionBefore=Troll_Stand_Fist_Fist_P0_PowerAttack_Hit_N_Fwd_00_%_00_P0_150.xmot MotionAfter=Troll_Stand_Fist_Fist_P0_PowerAttack_Hit_N_Fwd_00_%_00_P0_150.xmot Right=TrollFist RightUseType=55 RightGroup=7->7 NativeResult=1 OBSERVE_NATIVE=1
CORE RAW55_POWER_CALLBACK_BOUNDARY Actor=Troll C1=28 SameC1=1 SameRight=1 Action=2->2 Phase=1->1 StateTime=1.065887->1.065887 StatePosition=1->1 MotionBefore=Troll_Stand_Fist_Fist_P0_PowerAttack_Hit_N_Fwd_00_%_00_P0_150.xmot MotionAfter=Troll_Stand_Fist_Fist_P0_PowerAttack_Hit_N_Fwd_00_%_00_P0_150.xmot Right=TrollFist RightUseType=55 RightGroup=7->7 NativeResult=1 OBSERVE_NATIVE=1
CORE RAW55_POWER_CALLBACK_BOUNDARY Actor=Troll C1=28 SameC1=1 SameRight=1 Action=2->2 Phase=1->1 StateTime=1.074220->1.074220 StatePosition=1->1 MotionBefore=Troll_Stand_Fist_Fist_P0_PowerAttack_Hit_N_Fwd_00_%_00_P0_150.xmot MotionAfter=Troll_Stand_Fist_Fist_P0_PowerAttack_Hit_N_Fwd_00_%_00_P0_150.xmot Right=TrollFist RightUseType=55 RightGroup=7->7 NativeResult=1 OBSERVE_NATIVE=1
CORE RAW55_POWER_CALLBACK_BOUNDARY Actor=Troll C1=28 SameC1=1 SameRight=1 Action=2->2 Phase=1->1 StateTime=1.084176->1.084176 StatePosition=1->1 MotionBefore=Troll_Stand_Fist_Fist_P0_PowerAttack_Hit_N_Fwd_00_%_00_P0_150.xmot MotionAfter=Troll_Stand_Fist_Fist_P0_PowerAttack_Hit_N_Fwd_00_%_00_P0_150.xmot Right=TrollFist RightUseType=55 RightGroup=7->7 NativeResult=1 OBSERVE_NATIVE=1
CORE RAW55_POWER_CALLBACK_BOUNDARY Actor=Troll C1=28 SameC1=1 SameRight=1 Action=2->2 Phase=1->1 StateTime=1.092510->1.092510 StatePosition=1->1 MotionBefore=Troll_Stand_Fist_Fist_P0_PowerAttack_Hit_N_Fwd_00_%_00_P0_150.xmot MotionAfter=Troll_Stand_Fist_Fist_P0_PowerAttack_Hit_N_Fwd_00_%_00_P0_150.xmot Right=TrollFist RightUseType=55 RightGroup=7->7 NativeResult=1 OBSERVE_NATIVE=1
CORE RAW55_POWER_CALLBACK_BOUNDARY Actor=Troll C1=28 SameC1=1 SameRight=1 Action=2->2 Phase=1->1 StateTime=1.102451->1.102451 StatePosition=1->1 MotionBefore=Troll_Stand_Fist_Fist_P0_PowerAttack_Hit_N_Fwd_00_%_00_P0_150.xmot MotionAfter=Troll_Stand_Fist_Fist_P0_PowerAttack_Hit_N_Fwd_00_%_00_P0_150.xmot Right=TrollFist RightUseType=55 RightGroup=7->7 NativeResult=1 OBSERVE_NATIVE=1
CORE RAW55_POWER_CALLBACK_BOUNDARY Actor=Troll C1=28 SameC1=1 SameRight=1 Action=2->2 Phase=1->1 StateTime=1.112451->1.112451 StatePosition=1->1 MotionBefore=Troll_Stand_Fist_Fist_P0_PowerAttack_Hit_N_Fwd_00_%_00_P0_150.xmot MotionAfter=Troll_Stand_Fist_Fist_P0_PowerAttack_Hit_N_Fwd_00_%_00_P0_150.xmot Right=TrollFist RightUseType=55 RightGroup=7->7 NativeResult=1 OBSERVE_NATIVE=1
CORE RAW55_POWER_CALLBACK_BOUNDARY Actor=Troll C1=28 SameC1=1 SameRight=1 Action=2->2 Phase=1->1 StateTime=1.120784->1.120784 StatePosition=1->1 MotionBefore=Troll_Stand_Fist_Fist_P0_PowerAttack_Hit_N_Fwd_00_%_00_P0_150.xmot MotionAfter=Troll_Stand_Fist_Fist_P0_PowerAttack_Hit_N_Fwd_00_%_00_P0_150.xmot Right=TrollFist RightUseType=55 RightGroup=7->7 NativeResult=1 OBSERVE_NATIVE=1
CORE RAW55_POWER_CALLBACK_BOUNDARY Actor=Troll C1=28 SameC1=1 SameRight=1 Action=2->2 Phase=1->1 StateTime=1.129117->1.129117 StatePosition=1->1 MotionBefore=Troll_Stand_Fist_Fist_P0_PowerAttack_Hit_N_Fwd_00_%_00_P0_150.xmot MotionAfter=Troll_Stand_Fist_Fist_P0_PowerAttack_Hit_N_Fwd_00_%_00_P0_150.xmot Right=TrollFist RightUseType=55 RightGroup=7->7 NativeResult=1 OBSERVE_NATIVE=1
CORE RAW55_POWER_CALLBACK_BOUNDARY Actor=Troll C1=28 SameC1=1 SameRight=1 Action=2->2 Phase=1->1 StateTime=1.137451->1.137451 StatePosition=1->1 MotionBefore=Troll_Stand_Fist_Fist_P0_PowerAttack_Hit_N_Fwd_00_%_00_P0_150.xmot MotionAfter=Troll_Stand_Fist_Fist_P0_PowerAttack_Hit_N_Fwd_00_%_00_P0_150.xmot Right=TrollFist RightUseType=55 RightGroup=7->7 NativeResult=1 OBSERVE_NATIVE=1
CORE RAW55_POWER_CALLBACK_BOUNDARY Actor=Troll C1=28 SameC1=1 SameRight=1 Action=2->2 Phase=1->1 StateTime=1.145784->1.145784 StatePosition=1->1 MotionBefore=Troll_Stand_Fist_Fist_P0_PowerAttack_Hit_N_Fwd_00_%_00_P0_150.xmot MotionAfter=Troll_Stand_Fist_Fist_P0_PowerAttack_Hit_N_Fwd_00_%_00_P0_150.xmot Right=TrollFist RightUseType=55 RightGroup=7->7 NativeResult=1 OBSERVE_NATIVE=1
CORE RAW55_POWER_CALLBACK_BOUNDARY Actor=Troll C1=28 SameC1=1 SameRight=1 Action=2->2 Phase=1->1 StateTime=1.154117->1.154117 StatePosition=1->1 MotionBefore=Troll_Stand_Fist_Fist_P0_PowerAttack_Hit_N_Fwd_00_%_00_P0_150.xmot MotionAfter=Troll_Stand_Fist_Fist_P0_PowerAttack_Hit_N_Fwd_00_%_00_P0_150.xmot Right=TrollFist RightUseType=55 RightGroup=7->7 NativeResult=1 OBSERVE_NATIVE=1
CORE RAW55_POWER_CALLBACK_BOUNDARY Actor=Troll C1=28 SameC1=1 SameRight=1 Action=2->2 Phase=1->1 StateTime=1.162451->1.162451 StatePosition=1->1 MotionBefore=Troll_Stand_Fist_Fist_P0_PowerAttack_Hit_N_Fwd_00_%_00_P0_150.xmot MotionAfter=Troll_Stand_Fist_Fist_P0_PowerAttack_Hit_N_Fwd_00_%_00_P0_150.xmot Right=TrollFist RightUseType=55 RightGroup=7->7 NativeResult=1 OBSERVE_NATIVE=1
CORE RAW55_POWER_CALLBACK_BOUNDARY Actor=Troll C1=28 SameC1=1 SameRight=1 Action=2->2 Phase=1->1 StateTime=1.171422->1.171422 StatePosition=1->1 MotionBefore=Troll_Stand_Fist_Fist_P0_PowerAttack_Hit_N_Fwd_00_%_00_P0_150.xmot MotionAfter=Troll_Stand_Fist_Fist_P0_PowerAttack_Hit_N_Fwd_00_%_00_P0_150.xmot Right=TrollFist RightUseType=55 RightGroup=7->7 NativeResult=1 OBSERVE_NATIVE=1
CORE RAW55_POWER_CALLBACK_BOUNDARY Actor=Troll C1=28 SameC1=1 SameRight=1 Action=2->2 Phase=1->1 StateTime=1.179755->1.179755 StatePosition=1->1 MotionBefore=Troll_Stand_Fist_Fist_P0_PowerAttack_Hit_N_Fwd_00_%_00_P0_150.xmot MotionAfter=Troll_Stand_Fist_Fist_P0_PowerAttack_Hit_N_Fwd_00_%_00_P0_150.xmot Right=TrollFist RightUseType=55 RightGroup=7->7 NativeResult=1 OBSERVE_NATIVE=1
CORE RAW55_POWER_CALLBACK_BOUNDARY Actor=Troll C1=28 SameC1=1 SameRight=1 Action=2->2 Phase=1->1 StateTime=1.188088->1.188088 StatePosition=1->1 MotionBefore=Troll_Stand_Fist_Fist_P0_PowerAttack_Hit_N_Fwd_00_%_00_P0_150.xmot MotionAfter=Troll_Stand_Fist_Fist_P0_PowerAttack_Hit_N_Fwd_00_%_00_P0_150.xmot Right=TrollFist RightUseType=55 RightGroup=7->7 NativeResult=1 OBSERVE_NATIVE=1
CORE RAW55_POWER_CALLBACK_BOUNDARY Actor=Troll C1=28 SameC1=1 SameRight=1 Action=2->2 Phase=1->1 StateTime=1.198030->1.198030 StatePosition=1->1 MotionBefore=Troll_Stand_Fist_Fist_P0_PowerAttack_Hit_N_Fwd_00_%_00_P0_150.xmot MotionAfter=Troll_Stand_Fist_Fist_P0_PowerAttack_Hit_N_Fwd_00_%_00_P0_150.xmot Right=TrollFist RightUseType=55 RightGroup=7->7 NativeResult=1 OBSERVE_NATIVE=1
CORE RAW55_POWER_CALLBACK_BOUNDARY Actor=Troll C1=28 SameC1=1 SameRight=1 Action=2->2 Phase=1->1 StateTime=1.206363->1.206363 StatePosition=1->1 MotionBefore=Troll_Stand_Fist_Fist_P0_PowerAttack_Hit_N_Fwd_00_%_00_P0_150.xmot MotionAfter=Troll_Stand_Fist_Fist_P0_PowerAttack_Hit_N_Fwd_00_%_00_P0_150.xmot Right=TrollFist RightUseType=55 RightGroup=7->7 NativeResult=1 OBSERVE_NATIVE=1
CORE RAW55_POWER_CALLBACK_BOUNDARY Actor=Troll C1=28 SameC1=1 SameRight=1 Action=2->2 Phase=1->1 StateTime=1.215334->1.215334 StatePosition=1->1 MotionBefore=Troll_Stand_Fist_Fist_P0_PowerAttack_Hit_N_Fwd_00_%_00_P0_150.xmot MotionAfter=Troll_Stand_Fist_Fist_P0_PowerAttack_Hit_N_Fwd_00_%_00_P0_150.xmot Right=TrollFist RightUseType=55 RightGroup=7->7 NativeResult=1 OBSERVE_NATIVE=1
CORE RAW55_POWER_CALLBACK_BOUNDARY Actor=Troll C1=28 SameC1=1 SameRight=1 Action=2->2 Phase=1->1 StateTime=1.223667->1.223667 StatePosition=1->1 MotionBefore=Troll_Stand_Fist_Fist_P0_PowerAttack_Hit_N_Fwd_00_%_00_P0_150.xmot MotionAfter=Troll_Stand_Fist_Fist_P0_PowerAttack_Hit_N_Fwd_00_%_00_P0_150.xmot Right=TrollFist RightUseType=55 RightGroup=7->7 NativeResult=1 OBSERVE_NATIVE=1
CORE RAW55_POWER_CALLBACK_BOUNDARY Actor=Troll C1=28 SameC1=1 SameRight=1 Action=2->2 Phase=1->1 StateTime=1.232638->1.232638 StatePosition=1->1 MotionBefore=Troll_Stand_Fist_Fist_P0_PowerAttack_Hit_N_Fwd_00_%_00_P0_150.xmot MotionAfter=Troll_Stand_Fist_Fist_P0_PowerAttack_Hit_N_Fwd_00_%_00_P0_150.xmot Right=TrollFist RightUseType=55 RightGroup=7->7 NativeResult=1 OBSERVE_NATIVE=1
CORE RAW55_POWER_CALLBACK_BOUNDARY Actor=Troll C1=28 SameC1=1 SameRight=1 Action=2->2 Phase=1->1 StateTime=1.240971->1.240971 StatePosition=1->1 MotionBefore=Troll_Stand_Fist_Fist_P0_PowerAttack_Hit_N_Fwd_00_%_00_P0_150.xmot MotionAfter=Troll_Stand_Fist_Fist_P0_PowerAttack_Hit_N_Fwd_00_%_00_P0_150.xmot Right=TrollFist RightUseType=55 RightGroup=7->7 NativeResult=1 OBSERVE_NATIVE=1
CORE RAW55_POWER_CALLBACK_BOUNDARY Actor=Troll C1=28 SameC1=1 SameRight=1 Action=2->2 Phase=1->1 StateTime=1.249305->1.249305 StatePosition=1->1 MotionBefore=Troll_Stand_Fist_Fist_P0_PowerAttack_Hit_N_Fwd_00_%_00_P0_150.xmot MotionAfter=Troll_Stand_Fist_Fist_P0_PowerAttack_Hit_N_Fwd_00_%_00_P0_150.xmot Right=TrollFist RightUseType=55 RightGroup=7->7 NativeResult=1 OBSERVE_NATIVE=1
CORE RAW55_POWER_CALLBACK_BOUNDARY Actor=Troll C1=28 SameC1=1 SameRight=1 Action=2->2 Phase=1->1 StateTime=1.257638->1.257638 StatePosition=1->1 MotionBefore=Troll_Stand_Fist_Fist_P0_PowerAttack_Hit_N_Fwd_00_%_00_P0_150.xmot MotionAfter=Troll_Stand_Fist_Fist_P0_PowerAttack_Hit_N_Fwd_00_%_00_P0_150.xmot Right=TrollFist RightUseType=55 RightGroup=7->7 NativeResult=1 OBSERVE_NATIVE=1
CORE RAW55_POWER_CALLBACK_BOUNDARY Actor=Troll C1=28 SameC1=1 SameRight=1 Action=2->2 Phase=1->1 StateTime=1.265972->1.265972 StatePosition=1->1 MotionBefore=Troll_Stand_Fist_Fist_P0_PowerAttack_Hit_N_Fwd_00_%_00_P0_150.xmot MotionAfter=Troll_Stand_Fist_Fist_P0_PowerAttack_Hit_N_Fwd_00_%_00_P0_150.xmot Right=TrollFist RightUseType=55 RightGroup=7->7 NativeResult=1 OBSERVE_NATIVE=1
CORE RAW55_POWER_CALLBACK_BOUNDARY Actor=Troll C1=28 SameC1=1 SameRight=1 Action=2->2 Phase=1->1 StateTime=1.274305->1.274305 StatePosition=1->1 MotionBefore=Troll_Stand_Fist_Fist_P0_PowerAttack_Hit_N_Fwd_00_%_00_P0_150.xmot MotionAfter=Troll_Stand_Fist_Fist_P0_PowerAttack_Hit_N_Fwd_00_%_00_P0_150.xmot Right=TrollFist RightUseType=55 RightGroup=7->7 NativeResult=1 OBSERVE_NATIVE=1
CORE RAW55_POWER_CALLBACK_BOUNDARY Actor=Troll C1=28 SameC1=1 SameRight=1 Action=2->2 Phase=1->1 StateTime=1.282638->1.282638 StatePosition=1->1 MotionBefore=Troll_Stand_Fist_Fist_P0_PowerAttack_Hit_N_Fwd_00_%_00_P0_150.xmot MotionAfter=Troll_Stand_Fist_Fist_P0_PowerAttack_Hit_N_Fwd_00_%_00_P0_150.xmot Right=TrollFist RightUseType=55 RightGroup=7->7 NativeResult=1 OBSERVE_NATIVE=1
CORE RAW55_POWER_CALLBACK_BOUNDARY Actor=Troll C1=28 SameC1=1 SameRight=1 Action=2->2 Phase=1->1 StateTime=1.290972->1.290972 StatePosition=1->1 MotionBefore=Troll_Stand_Fist_Fist_P0_PowerAttack_Hit_N_Fwd_00_%_00_P0_150.xmot MotionAfter=Troll_Stand_Fist_Fist_P0_PowerAttack_Hit_N_Fwd_00_%_00_P0_150.xmot Right=TrollFist RightUseType=55 RightGroup=7->7 NativeResult=1 OBSERVE_NATIVE=1
CORE RAW55_POWER_CALLBACK_BOUNDARY Actor=Troll C1=28 SameC1=1 SameRight=1 Action=2->2 Phase=1->1 StateTime=1.299305->1.299305 StatePosition=1->1 MotionBefore=Troll_Stand_Fist_Fist_P0_PowerAttack_Hit_N_Fwd_00_%_00_P0_150.xmot MotionAfter=Troll_Stand_Fist_Fist_P0_PowerAttack_Hit_N_Fwd_00_%_00_P0_150.xmot Right=TrollFist RightUseType=55 RightGroup=7->7 NativeResult=1 OBSERVE_NATIVE=1
CORE RAW55_POWER_CALLBACK_BOUNDARY Actor=Troll C1=28 SameC1=1 SameRight=1 Action=2->2 Phase=1->1 StateTime=1.307638->1.307638 StatePosition=1->1 MotionBefore=Troll_Stand_Fist_Fist_P0_PowerAttack_Hit_N_Fwd_00_%_00_P0_150.xmot MotionAfter=Troll_Stand_Fist_Fist_P0_PowerAttack_Hit_N_Fwd_00_%_00_P0_150.xmot Right=TrollFist RightUseType=55 RightGroup=7->7 NativeResult=1 OBSERVE_NATIVE=1
CORE RAW55_POWER_CALLBACK_BOUNDARY Actor=Troll C1=28 SameC1=1 SameRight=1 Action=2->2 Phase=1->1 StateTime=1.315972->1.315972 StatePosition=1->1 MotionBefore=Troll_Stand_Fist_Fist_P0_PowerAttack_Hit_N_Fwd_00_%_00_P0_150.xmot MotionAfter=Troll_Stand_Fist_Fist_P0_PowerAttack_Hit_N_Fwd_00_%_00_P0_150.xmot Right=TrollFist RightUseType=55 RightGroup=7->7 NativeResult=1 OBSERVE_NATIVE=1
CORE RAW55_POWER_CALLBACK_BOUNDARY Actor=Troll C1=28 SameC1=1 SameRight=1 Action=2->2 Phase=1->1 StateTime=1.324305->1.324305 StatePosition=1->1 MotionBefore=Troll_Stand_Fist_Fist_P0_PowerAttack_Hit_N_Fwd_00_%_00_P0_150.xmot MotionAfter=Troll_Stand_Fist_Fist_P0_PowerAttack_Hit_N_Fwd_00_%_00_P0_150.xmot Right=TrollFist RightUseType=55 RightGroup=7->7 NativeResult=1 OBSERVE_NATIVE=1
CORE RAW55_POWER_CALLBACK_BOUNDARY Actor=Troll C1=28 SameC1=1 SameRight=1 Action=2->2 Phase=1->1 StateTime=1.332639->1.332639 StatePosition=1->1 MotionBefore=Troll_Stand_Fist_Fist_P0_PowerAttack_Hit_N_Fwd_00_%_00_P0_150.xmot MotionAfter=Troll_Stand_Fist_Fist_P0_PowerAttack_Hit_N_Fwd_00_%_00_P0_150.xmot Right=TrollFist RightUseType=55 RightGroup=7->7 NativeResult=1 OBSERVE_NATIVE=1
CORE RAW55_POWER_CALLBACK_BOUNDARY Actor=Troll C1=28 SameC1=1 SameRight=1 Action=2->2 Phase=1->1 StateTime=1.340972->1.340972 StatePosition=1->1 MotionBefore=Troll_Stand_Fist_Fist_P0_PowerAttack_Hit_N_Fwd_00_%_00_P0_150.xmot MotionAfter=Troll_Stand_Fist_Fist_P0_PowerAttack_Hit_N_Fwd_00_%_00_P0_150.xmot Right=TrollFist RightUseType=55 RightGroup=7->7 NativeResult=1 OBSERVE_NATIVE=1
CORE RAW55_POWER_CALLBACK_BOUNDARY Actor=Troll C1=28 SameC1=1 SameRight=1 Action=2->2 Phase=1->1 StateTime=1.349305->1.349305 StatePosition=1->1 MotionBefore=Troll_Stand_Fist_Fist_P0_PowerAttack_Hit_N_Fwd_00_%_00_P0_150.xmot MotionAfter=Troll_Stand_Fist_Fist_P0_PowerAttack_Hit_N_Fwd_00_%_00_P0_150.xmot Right=TrollFist RightUseType=55 RightGroup=7->7 NativeResult=1 OBSERVE_NATIVE=1
CORE RAW55_POWER_CALLBACK_BOUNDARY Actor=Troll C1=28 SameC1=1 SameRight=1 Action=2->2 Phase=1->1 StateTime=1.358276->1.358276 StatePosition=1->1 MotionBefore=Troll_Stand_Fist_Fist_P0_PowerAttack_Hit_N_Fwd_00_%_00_P0_150.xmot MotionAfter=Troll_Stand_Fist_Fist_P0_PowerAttack_Hit_N_Fwd_00_%_00_P0_150.xmot Right=TrollFist RightUseType=55 RightGroup=7->7 NativeResult=1 OBSERVE_NATIVE=1
CORE RAW55_POWER_CALLBACK_BOUNDARY Actor=Troll C1=28 SameC1=1 SameRight=1 Action=2->2 Phase=1->1 StateTime=1.366609->1.366609 StatePosition=1->1 MotionBefore=Troll_Stand_Fist_Fist_P0_PowerAttack_Hit_N_Fwd_00_%_00_P0_150.xmot MotionAfter=Troll_Stand_Fist_Fist_P0_PowerAttack_Hit_N_Fwd_00_%_00_P0_150.xmot Right=TrollFist RightUseType=55 RightGroup=7->7 NativeResult=1 OBSERVE_NATIVE=1
CORE RAW55_POWER_CALLBACK_BOUNDARY Actor=Troll C1=28 SameC1=1 SameRight=1 Action=2->2 Phase=1->1 StateTime=1.375580->1.375580 StatePosition=1->1 MotionBefore=Troll_Stand_Fist_Fist_P0_PowerAttack_Hit_N_Fwd_00_%_00_P0_150.xmot MotionAfter=Troll_Stand_Fist_Fist_P0_PowerAttack_Hit_N_Fwd_00_%_00_P0_150.xmot Right=TrollFist RightUseType=55 RightGroup=7->7 NativeResult=1 OBSERVE_NATIVE=1
CORE RAW55_POWER_CALLBACK_BOUNDARY Actor=Troll C1=28 SameC1=1 SameRight=1 Action=2->2 Phase=1->1 StateTime=1.383914->1.383914 StatePosition=1->1 MotionBefore=Troll_Stand_Fist_Fist_P0_PowerAttack_Hit_N_Fwd_00_%_00_P0_150.xmot MotionAfter=Troll_Stand_Fist_Fist_P0_PowerAttack_Hit_N_Fwd_00_%_00_P0_150.xmot Right=TrollFist RightUseType=55 RightGroup=7->7 NativeResult=1 OBSERVE_NATIVE=1
CORE RAW55_POWER_CALLBACK_BOUNDARY Actor=Troll C1=28 SameC1=1 SameRight=1 Action=2->2 Phase=1->1 StateTime=1.392884->1.392884 StatePosition=1->1 MotionBefore=Troll_Stand_Fist_Fist_P0_PowerAttack_Hit_N_Fwd_00_%_00_P0_150.xmot MotionAfter=Troll_Stand_Fist_Fist_P0_PowerAttack_Hit_N_Fwd_00_%_00_P0_150.xmot Right=TrollFist RightUseType=55 RightGroup=7->7 NativeResult=1 OBSERVE_NATIVE=1
===== CORE MARKER ANOMALY / DISCOVERY =====
ElapsedMs: 46395.813
Actor: Troll
Action: 2
Family: POWER
AniPhase: 1
StatePosition: 1
CurrentMovementAni: Troll_Stand_Fist_Fist_P0_PowerAttack_Hit_N_Fwd_00_%_00_P0_150.xmot
MarkerName: G3AB_COL_FIST
MarkerOpcode: FIST
Result: UNSUPPORTED_MISSING_SOURCE
C1GenerationValid: 1
C1Generation: 28
RequiredSourceMask: 0
MissingSourceMask: 0
RightSourceSlot: RIGHT
RightSourceName: TrollFist
RightSourceUseType: 55
RightSourceCollisionGroup: 7
LeftSourceSlot: LEFT
LeftSourceName: TrollFist
LeftSourceUseType: 55
LeftSourceCollisionGroup: 5
Raw8FistSourceName: <none>
Raw8FistSourceUseType: -1
Raw8FistSourceCollisionGroup: -1
===========================================

CORE RAW55_QUICK_REPEAT_FIST_ELIGIBILITY Actor=Troll Action=2 StatePosition=1 StateTime=1.401218 MarkerOpcode=4 ResultOpcode=4 ResultCode=2 CurrentC1Valid=1 CurrentC1=28 StoredC1=25 SameC1=0 CurrentRight=E6EAF010 StoredRight=E6EAF010 SameRight=1 ResultRightMatchesStored=1 RightUseType=55 RightGroup=7 InterventionUsed=1 PreStateFistProven=1 LaterFistRearmUsed=1 DecisionFoundMotion=1 DecisionScanValid=1 DecisionMarkerPresent=1 DecisionHasFist=1 DecisionFistCount=2 DecisionRightCount=0 DecisionLeftCount=0 DecisionBothCount=0 DecisionOffCount=0 RequiredSourceMask=0 Raw8ResolverAbsent=1 QuickHit=0 Eligible=0 FirstFailedGate=C1_MISMATCH
CORE RAW55_POWER_CALLBACK_BOUNDARY Actor=Troll C1=28 SameC1=1 SameRight=1 Action=2->2 Phase=1->1 StateTime=1.401218->1.401218 StatePosition=1->1 MotionBefore=Troll_Stand_Fist_Fist_P0_PowerAttack_Hit_N_Fwd_00_%_00_P0_150.xmot MotionAfter=Troll_Stand_Fist_Fist_P0_PowerAttack_Hit_N_Fwd_00_%_00_P0_150.xmot Right=TrollFist RightUseType=55 RightGroup=7->7 NativeResult=1 OBSERVE_NATIVE=1
CORE RAW55_POWER_CALLBACK_BOUNDARY Actor=Troll C1=28 SameC1=1 SameRight=1 Action=2->2 Phase=1->1 StateTime=1.409551->1.409551 StatePosition=1->1 MotionBefore=Troll_Stand_Fist_Fist_P0_PowerAttack_Hit_N_Fwd_00_%_00_P0_150.xmot MotionAfter=Troll_Stand_Fist_Fist_P0_PowerAttack_Hit_N_Fwd_00_%_00_P0_150.xmot Right=TrollFist RightUseType=55 RightGroup=7->7 NativeResult=1 OBSERVE_NATIVE=1
CORE RAW55_POWER_CALLBACK_BOUNDARY Actor=Troll C1=28 SameC1=1 SameRight=1 Action=2->2 Phase=1->1 StateTime=1.419507->1.419507 StatePosition=1->1 MotionBefore=Troll_Stand_Fist_Fist_P0_PowerAttack_Hit_N_Fwd_00_%_00_P0_150.xmot MotionAfter=Troll_Stand_Fist_Fist_P0_PowerAttack_Hit_N_Fwd_00_%_00_P0_150.xmot Right=TrollFist RightUseType=55 RightGroup=7->7 NativeResult=1 OBSERVE_NATIVE=1
CORE RAW55_POWER_CALLBACK_BOUNDARY Actor=Troll C1=28 SameC1=1 SameRight=1 Action=2->2 Phase=1->1 StateTime=1.427840->1.427840 StatePosition=1->1 MotionBefore=Troll_Stand_Fist_Fist_P0_PowerAttack_Hit_N_Fwd_00_%_00_P0_150.xmot MotionAfter=Troll_Stand_Fist_Fist_P0_PowerAttack_Hit_N_Fwd_00_%_00_P0_150.xmot Right=TrollFist RightUseType=55 RightGroup=7->7 NativeResult=1 OBSERVE_NATIVE=1
CORE RAW55_POWER_CALLBACK_BOUNDARY Actor=Troll C1=28 SameC1=1 SameRight=1 Action=2->2 Phase=1->1 StateTime=1.436797->1.436797 StatePosition=1->1 MotionBefore=Troll_Stand_Fist_Fist_P0_PowerAttack_Hit_N_Fwd_00_%_00_P0_150.xmot MotionAfter=Troll_Stand_Fist_Fist_P0_PowerAttack_Hit_N_Fwd_00_%_00_P0_150.xmot Right=TrollFist RightUseType=55 RightGroup=7->7 NativeResult=1 OBSERVE_NATIVE=1
CORE RAW55_POWER_CALLBACK_BOUNDARY Actor=Troll C1=28 SameC1=1 SameRight=1 Action=2->2 Phase=1->1 StateTime=1.445130->1.445130 StatePosition=1->1 MotionBefore=Troll_Stand_Fist_Fist_P0_PowerAttack_Hit_N_Fwd_00_%_00_P0_150.xmot MotionAfter=Troll_Stand_Fist_Fist_P0_PowerAttack_Hit_N_Fwd_00_%_00_P0_150.xmot Right=TrollFist RightUseType=55 RightGroup=7->7 NativeResult=1 OBSERVE_NATIVE=1
CORE RAW55_POWER_CALLBACK_BOUNDARY Actor=Troll C1=28 SameC1=1 SameRight=1 Action=2->2 Phase=1->1 StateTime=1.454101->1.454101 StatePosition=1->1 MotionBefore=Troll_Stand_Fist_Fist_P0_PowerAttack_Hit_N_Fwd_00_%_00_P0_150.xmot MotionAfter=Troll_Stand_Fist_Fist_P0_PowerAttack_Hit_N_Fwd_00_%_00_P0_150.xmot Right=TrollFist RightUseType=55 RightGroup=7->7 NativeResult=1 OBSERVE_NATIVE=1
CORE RAW55_POWER_CALLBACK_BOUNDARY Actor=Troll C1=28 SameC1=1 SameRight=1 Action=2->2 Phase=1->1 StateTime=1.462434->1.462434 StatePosition=1->1 MotionBefore=Troll_Stand_Fist_Fist_P0_PowerAttack_Hit_N_Fwd_00_%_00_P0_150.xmot MotionAfter=Troll_Stand_Fist_Fist_P0_PowerAttack_Hit_N_Fwd_00_%_00_P0_150.xmot Right=TrollFist RightUseType=55 RightGroup=7->7 NativeResult=1 OBSERVE_NATIVE=1
CORE RAW55_POWER_CALLBACK_BOUNDARY Actor=Troll C1=28 SameC1=1 SameRight=1 Action=2->2 Phase=1->1 StateTime=1.473375->1.473375 StatePosition=1->1 MotionBefore=Troll_Stand_Fist_Fist_P0_PowerAttack_Hit_N_Fwd_00_%_00_P0_150.xmot MotionAfter=Troll_Stand_Fist_Fist_P0_PowerAttack_Hit_N_Fwd_00_%_00_P0_150.xmot Right=TrollFist RightUseType=55 RightGroup=7->7 NativeResult=1 OBSERVE_NATIVE=1
CORE RAW55_POWER_CALLBACK_BOUNDARY Actor=Troll C1=28 SameC1=1 SameRight=1 Action=2->2 Phase=1->1 StateTime=1.481709->1.481709 StatePosition=1->1 MotionBefore=Troll_Stand_Fist_Fist_P0_PowerAttack_Hit_N_Fwd_00_%_00_P0_150.xmot MotionAfter=Troll_Stand_Fist_Fist_P0_PowerAttack_Hit_N_Fwd_00_%_00_P0_150.xmot Right=TrollFist RightUseType=55 RightGroup=7->7 NativeResult=1 OBSERVE_NATIVE=1
CORE RAW55_POWER_CALLBACK_BOUNDARY Actor=Troll C1=28 SameC1=1 SameRight=1 Action=2->2 Phase=1->1 StateTime=1.490680->1.490680 StatePosition=1->1 MotionBefore=Troll_Stand_Fist_Fist_P0_PowerAttack_Hit_N_Fwd_00_%_00_P0_150.xmot MotionAfter=Troll_Stand_Fist_Fist_P0_PowerAttack_Hit_N_Fwd_00_%_00_P0_150.xmot Right=TrollFist RightUseType=55 RightGroup=7->7 NativeResult=1 OBSERVE_NATIVE=1
CORE RAW55_POWER_CALLBACK_BOUNDARY Actor=Troll C1=28 SameC1=1 SameRight=1 Action=2->2 Phase=1->1 StateTime=1.499013->1.499013 StatePosition=1->1 MotionBefore=Troll_Stand_Fist_Fist_P0_PowerAttack_Hit_N_Fwd_00_%_00_P0_150.xmot MotionAfter=Troll_Stand_Fist_Fist_P0_PowerAttack_Hit_N_Fwd_00_%_00_P0_150.xmot Right=TrollFist RightUseType=55 RightGroup=7->7 NativeResult=1 OBSERVE_NATIVE=1
CORE RAW55_POWER_CALLBACK_BOUNDARY Actor=Troll C1=28 SameC1=1 SameRight=1 Action=2->2 Phase=1->1 StateTime=1.507984->1.507984 StatePosition=1->1 MotionBefore=Troll_Stand_Fist_Fist_P0_PowerAttack_Hit_N_Fwd_00_%_00_P0_150.xmot MotionAfter=Troll_Stand_Fist_Fist_P0_PowerAttack_Hit_N_Fwd_00_%_00_P0_150.xmot Right=TrollFist RightUseType=55 RightGroup=7->7 NativeResult=1 OBSERVE_NATIVE=1
CORE RAW55_POWER_CALLBACK_BOUNDARY Actor=Troll C1=28 SameC1=1 SameRight=1 Action=2->2 Phase=1->1 StateTime=1.516317->1.516317 StatePosition=1->1 MotionBefore=Troll_Stand_Fist_Fist_P0_PowerAttack_Hit_N_Fwd_00_%_00_P0_150.xmot MotionAfter=Troll_Stand_Fist_Fist_P0_PowerAttack_Hit_N_Fwd_00_%_00_P0_150.xmot Right=TrollFist RightUseType=55 RightGroup=7->7 NativeResult=1 OBSERVE_NATIVE=1
CORE RAW55_POWER_CALLBACK_BOUNDARY Actor=Troll C1=28 SameC1=1 SameRight=1 Action=2->2 Phase=1->1 StateTime=1.526259->1.526259 StatePosition=1->1 MotionBefore=Troll_Stand_Fist_Fist_P0_PowerAttack_Hit_N_Fwd_00_%_00_P0_150.xmot MotionAfter=Troll_Stand_Fist_Fist_P0_PowerAttack_Hit_N_Fwd_00_%_00_P0_150.xmot Right=TrollFist RightUseType=55 RightGroup=7->7 NativeResult=1 OBSERVE_NATIVE=1
CORE RAW55_POWER_CALLBACK_BOUNDARY Actor=Troll C1=28 SameC1=1 SameRight=1 Action=2->2 Phase=1->1 StateTime=1.534592->1.534592 StatePosition=1->1 MotionBefore=Troll_Stand_Fist_Fist_P0_PowerAttack_Hit_N_Fwd_00_%_00_P0_150.xmot MotionAfter=Troll_Stand_Fist_Fist_P0_PowerAttack_Hit_N_Fwd_00_%_00_P0_150.xmot Right=TrollFist RightUseType=55 RightGroup=7->7 NativeResult=1 OBSERVE_NATIVE=1
CORE RAW55_POWER_CALLBACK_BOUNDARY Actor=Troll C1=28 SameC1=1 SameRight=1 Action=2->2 Phase=1->1 StateTime=1.544534->1.544534 StatePosition=1->1 MotionBefore=Troll_Stand_Fist_Fist_P0_PowerAttack_Hit_N_Fwd_00_%_00_P0_150.xmot MotionAfter=Troll_Stand_Fist_Fist_P0_PowerAttack_Hit_N_Fwd_00_%_00_P0_150.xmot Right=TrollFist RightUseType=55 RightGroup=7->7 NativeResult=1 OBSERVE_NATIVE=1
CORE RAW55_POWER_CALLBACK_BOUNDARY Actor=Troll C1=28 SameC1=1 SameRight=1 Action=2->2 Phase=1->1 StateTime=1.552867->1.552867 StatePosition=1->1 MotionBefore=Troll_Stand_Fist_Fist_P0_PowerAttack_Hit_N_Fwd_00_%_00_P0_150.xmot MotionAfter=Troll_Stand_Fist_Fist_P0_PowerAttack_Hit_N_Fwd_00_%_00_P0_150.xmot Right=TrollFist RightUseType=55 RightGroup=7->7 NativeResult=1 OBSERVE_NATIVE=1
CORE RAW55_POWER_CALLBACK_BOUNDARY Actor=Troll C1=28 SameC1=1 SameRight=1 Action=2->2 Phase=1->1 StateTime=1.562809->1.562809 StatePosition=1->1 MotionBefore=Troll_Stand_Fist_Fist_P0_PowerAttack_Hit_N_Fwd_00_%_00_P0_150.xmot MotionAfter=Troll_Stand_Fist_Fist_P0_PowerAttack_Hit_N_Fwd_00_%_00_P0_150.xmot Right=TrollFist RightUseType=55 RightGroup=7->7 NativeResult=1 OBSERVE_NATIVE=1
CORE RAW55_POWER_CALLBACK_BOUNDARY Actor=Troll C1=28 SameC1=1 SameRight=1 Action=2->2 Phase=1->1 StateTime=1.571821->1.571821 StatePosition=1->1 MotionBefore=Troll_Stand_Fist_Fist_P0_PowerAttack_Hit_N_Fwd_00_%_00_P0_150.xmot MotionAfter=Troll_Stand_Fist_Fist_P0_PowerAttack_Hit_N_Fwd_00_%_00_P0_150.xmot Right=TrollFist RightUseType=55 RightGroup=7->7 NativeResult=1 OBSERVE_NATIVE=1
CORE RAW55_POWER_CALLBACK_BOUNDARY Actor=Troll C1=28 SameC1=1 SameRight=1 Action=2->2 Phase=1->1 StateTime=1.581807->1.581807 StatePosition=1->1 MotionBefore=Troll_Stand_Fist_Fist_P0_PowerAttack_Hit_N_Fwd_00_%_00_P0_150.xmot MotionAfter=Troll_Stand_Fist_Fist_P0_PowerAttack_Hit_N_Fwd_00_%_00_P0_150.xmot Right=TrollFist RightUseType=55 RightGroup=7->7 NativeResult=1 OBSERVE_NATIVE=1
CORE RAW55_POWER_CALLBACK_BOUNDARY Actor=Troll C1=28 SameC1=1 SameRight=1 Action=2->2 Phase=1->1 StateTime=1.590141->1.590141 StatePosition=1->1 MotionBefore=Troll_Stand_Fist_Fist_P0_PowerAttack_Hit_N_Fwd_00_%_00_P0_150.xmot MotionAfter=Troll_Stand_Fist_Fist_P0_PowerAttack_Hit_N_Fwd_00_%_00_P0_150.xmot Right=TrollFist RightUseType=55 RightGroup=7->7 NativeResult=1 OBSERVE_NATIVE=1
CORE RAW55_POWER_CALLBACK_BOUNDARY Actor=Troll C1=28 SameC1=1 SameRight=1 Action=2->2 Phase=1->1 StateTime=1.598474->1.598474 StatePosition=1->1 MotionBefore=Troll_Stand_Fist_Fist_P0_PowerAttack_Hit_N_Fwd_00_%_00_P0_150.xmot MotionAfter=Troll_Stand_Fist_Fist_P0_PowerAttack_Hit_N_Fwd_00_%_00_P0_150.xmot Right=TrollFist RightUseType=55 RightGroup=7->7 NativeResult=1 OBSERVE_NATIVE=1
CORE COLLISION_GROUP ElapsedMs=46590.654 Source=TrollFist UseType=55 Owner=Troll Slot=RIGHT Requested=5 Before=7 After=5 MarkerBitsRetired=0
CORE C1 CLEANUP FULFILLED ElapsedMs=46590.682 Actor=Troll Generation=28 Status=PERSISTED Source=TrollFist Side=RIGHT Requests=1 Outstanding=0 CleanupObserved=1 Group=5
CORE C1_FINAL ElapsedMs=46590.702 Actor=Troll Generation=28 Status=PERSISTED SourceCount=2 PhysicalChanged=0 Source[0]=TrollFist Side=RIGHT Outstanding=0 Cleanup=1 Outcome=NO_OP_NO_OUTSTANDING Source[1]=TrollFist Side=LEFT Outstanding=0 Cleanup=0 Outcome=NO_OP_NO_OUTSTANDING
Script_FrameCollisionTest unloading cleanly.
