Script_FrameCollisionTest v0.20 loaded.
GENERALIZED ACTOR / WEAPON-SLOT PROTOTYPE.
NO IsPlayer restriction.
NO 2H / Staff / 1H use-type restriction.
NO P0/P1/P2 restriction.
Normal eligibility: exact Attack action + Hit phase + current _Attack_Hit_ motion + RIGHT/LEFT/BOTH source marker.
Quick eligibility: OnAI_QuickAttack + exact Quick/QuickR/QuickL action + Hit phase + a RIGHT/LEFT/BOTH source marker.
Accepted Quick marker completes one-shot callback bookkeeping: StatePosition -> 1.
Full Whirl eligibility: OnAI_WhirlAttack + exact WhirlAttack action + Hit phase + a RIGHT/LEFT/BOTH source marker.
Accepted full-Whirl marker completes one-shot callback bookkeeping: StatePosition -> 1.
Full Whirl uses explicit marker windows; ResetOnUntouch is NOT enabled.
v0.20 PRIMARY-MOTION LIFETIME PROBE: read-only; cleanup behavior is unchanged.
STEP B1 PRIMARYFIRST EVENT PROBE: PlayMotion/StopMotion request/result snapshots; diagnostic-only.
STEP B3 COMBATMOVE STARTRECOVER BOUNDARY PROBE: player-only BEGIN/END snapshots; diagnostic-only.
v0.20 probe runs only while a marker-owned collision window exists.
Dual SimpleWhirl remains on the original OnAI_SimpleWhirl callback in v0.19.
FIST CAUSAL TEST: raw Fist/PhysicalFist skips SetCollisionGroup(Item_Attack).
FIST CAUSAL TEST: ClearTriggeredList remains active.
G3AB_COL_RIGHT is the final RIGHT equipped-slot marker.
G3AB_COL_LEFT is the final LEFT equipped-slot marker.
G3AB_COL_BOTH is the final BOTH equipped-slot marker.
RIGHT, LEFT, and BOTH use exact-set semantics: the selected source set replaces the previous marker-owned set.
BOTH activates/rearms the right and left equipped slot entities independently at one authored marker.
If any source required by the exact motion is missing, its original attack callback is NOT suppressed.
This protects unarmed/monster attacks until body-source resolution is implemented.
Marker action: non-Fist -> Item_Attack + ClearTriggeredList; Fist -> ClearTriggeredList only.
G3AB_COL_OFF closes only a weapon window opened by this prototype.
OFF requests Item_Equipped and never clears the triggered list.
OFF before ON or after natural reset is consumed as a logged no-op.
Fist/body OFF remains unsupported; Gothic 3 still owns Hit->Recover reset.
Known collision groups: Item_Equipped=5, Item_Attack=7.
PASSIVE DUAL DISCOVERY: Item_Attack transitions are labelled by exact player LEFT/RIGHT slot entity identity.
A Dual both-weapon activation normally appears as separate LEFT and RIGHT transition records.
Preserved RIGHT and LEFT Normal paths passed v0.14 source validation.

v0.19 adds only the full 2H/Staff OnAI_WhirlAttack adapter.
v0.19 preserves the validated v0.18 Normal/Quick RIGHT/LEFT/BOTH/OFF core unchanged.
No Dual SimpleWhirl, Power, collision-source, timing, or cleanup behavior is added in v0.19.
Dedup key: actor + RIGHT/LEFT slot snapshot + motion + marker + action + phase + state time; wall window <= 5 ms.

Authored-occurrence budgets are cached separately for RIGHT, LEFT, BOTH, and OFF.
Budget key: actor + RIGHT/LEFT slot snapshot + motion + action + phase.
Marker-time or controlled-callback state-time rollback starts a new execution.
Natural collision reset outside the owning Hit execution retires the actor budget.
No per-frame actor scan; budget work occurs only when a reserved marker is received.

Installing hooks...
Hooks installed.

===== PRIMARYFIRST PlayMotion =====
OwnerEntityAddress: EBB66E10
OwnerEntity: PC_Hero
MotionType: 0
Stage: REQUEST_BEFORE_ORIGINAL
ElapsedMs: 18354.349
PrimarySnapshotAvailable: 1
PrimaryMotionName: 
PrimaryHasMotionInstance: 0
PrimaryMotionRunning: 0
PrimaryPlayTime: 0.000000
PrimaryMaxTime: 0.000000
PrimaryPlaySpeed: 0.000000
Stage: RESULT_AFTER_ORIGINAL
ElapsedMs: 18354.757
PrimarySnapshotAvailable: 1
PrimaryMotionName: Hero_Stand_None_None_P0_Ambient_Loop_N_Fwd_00_%_02_P0_0.xmot
PrimaryHasMotionInstance: 1
PrimaryMotionRunning: 1
PrimaryPlayTime: 0.000000
PrimaryMaxTime: 4.000000
PrimaryPlaySpeed: 1.000000
CleanupBehaviorChanged: 0
=====================================

===== PRIMARYFIRST PlayMotion =====
OwnerEntityAddress: EBB66E10
OwnerEntity: PC_Hero
MotionType: 0
Stage: REQUEST_BEFORE_ORIGINAL
ElapsedMs: 22238.071
PrimarySnapshotAvailable: 1
PrimaryMotionName: 
PrimaryHasMotionInstance: 0
PrimaryMotionRunning: 0
PrimaryPlayTime: 0.000000
PrimaryMaxTime: 0.000000
PrimaryPlaySpeed: 0.000000
Stage: RESULT_AFTER_ORIGINAL
ElapsedMs: 22238.084
PrimarySnapshotAvailable: 1
PrimaryMotionName: Hero_Stand_None_None_P0_Ambient_Loop_N_Fwd_01_%_00_P0_0.xmot
PrimaryHasMotionInstance: 1
PrimaryMotionRunning: 1
PrimaryPlayTime: 0.000000
PrimaryMaxTime: 2.800000
PrimaryPlaySpeed: 1.000000
CleanupBehaviorChanged: 0
=====================================

===== PRIMARYFIRST PlayMotion =====
OwnerEntityAddress: EBB66E10
OwnerEntity: PC_Hero
MotionType: 0
Stage: REQUEST_BEFORE_ORIGINAL
ElapsedMs: 24841.312
PrimarySnapshotAvailable: 1
PrimaryMotionName: 
PrimaryHasMotionInstance: 0
PrimaryMotionRunning: 0
PrimaryPlayTime: 0.000000
PrimaryMaxTime: 0.000000
PrimaryPlaySpeed: 0.000000
Stage: RESULT_AFTER_ORIGINAL
ElapsedMs: 24842.185
PrimarySnapshotAvailable: 1
PrimaryMotionName: Hero_Stand_None_None_P0_Ambient_Loop_N_Fwd_02_%_00_P0_0.xmot
PrimaryHasMotionInstance: 1
PrimaryMotionRunning: 1
PrimaryPlayTime: 0.000000
PrimaryMaxTime: 8.000000
PrimaryPlaySpeed: 1.000000
CleanupBehaviorChanged: 0
=====================================

===== PRIMARYFIRST StopMotion =====
OwnerEntityAddress: EBB66E10
OwnerEntity: PC_Hero
MotionType: 0
Stage: REQUEST_BEFORE_ORIGINAL
ElapsedMs: 28014.493
PrimarySnapshotAvailable: 1
PrimaryMotionName: 
PrimaryHasMotionInstance: 0
PrimaryMotionRunning: 0
PrimaryPlayTime: 0.000000
PrimaryMaxTime: 0.000000
PrimaryPlaySpeed: 0.000000
Stage: RESULT_AFTER_ORIGINAL
ElapsedMs: 28014.493
PrimarySnapshotAvailable: 1
PrimaryMotionName: 
PrimaryHasMotionInstance: 0
PrimaryMotionRunning: 0
PrimaryPlayTime: 0.000000
PrimaryMaxTime: 0.000000
PrimaryPlaySpeed: 0.000000
CleanupBehaviorChanged: 0
=====================================

===== PRIMARYFIRST PlayMotion =====
OwnerEntityAddress: EBB66E10
OwnerEntity: PC_Hero
MotionType: 0
Stage: REQUEST_BEFORE_ORIGINAL
ElapsedMs: 28014.533
PrimarySnapshotAvailable: 1
PrimaryMotionName: 
PrimaryHasMotionInstance: 0
PrimaryMotionRunning: 0
PrimaryPlayTime: 0.000000
PrimaryMaxTime: 0.000000
PrimaryPlaySpeed: 0.000000
Stage: RESULT_AFTER_ORIGINAL
ElapsedMs: 28014.546
PrimarySnapshotAvailable: 1
PrimaryMotionName: Hero_Stand_None_1H_P0_HoldRight_Begin_N_Fwd_00_%_00_P0_0.xmot
PrimaryHasMotionInstance: 1
PrimaryMotionRunning: 1
PrimaryPlayTime: 0.000000
PrimaryMaxTime: 0.200000
PrimaryPlaySpeed: 1.000000
CleanupBehaviorChanged: 0
=====================================

===== PRIMARYFIRST StopMotion =====
OwnerEntityAddress: EBB66E10
OwnerEntity: PC_Hero
MotionType: 0
Stage: REQUEST_BEFORE_ORIGINAL
ElapsedMs: 28197.354
PrimarySnapshotAvailable: 1
PrimaryMotionName: 
PrimaryHasMotionInstance: 0
PrimaryMotionRunning: 0
PrimaryPlayTime: 0.000000
PrimaryMaxTime: 0.000000
PrimaryPlaySpeed: 0.000000
Stage: RESULT_AFTER_ORIGINAL
ElapsedMs: 28197.355
PrimarySnapshotAvailable: 1
PrimaryMotionName: 
PrimaryHasMotionInstance: 0
PrimaryMotionRunning: 0
PrimaryPlayTime: 0.000000
PrimaryMaxTime: 0.000000
PrimaryPlaySpeed: 0.000000
CleanupBehaviorChanged: 0
=====================================

===== PRIMARYFIRST PlayMotion =====
OwnerEntityAddress: EBB66E10
OwnerEntity: PC_Hero
MotionType: 0
Stage: REQUEST_BEFORE_ORIGINAL
ElapsedMs: 28197.394
PrimarySnapshotAvailable: 1
PrimaryMotionName: 
PrimaryHasMotionInstance: 0
PrimaryMotionRunning: 0
PrimaryPlayTime: 0.000000
PrimaryMaxTime: 0.000000
PrimaryPlaySpeed: 0.000000
Stage: RESULT_AFTER_ORIGINAL
ElapsedMs: 28197.419
PrimarySnapshotAvailable: 1
PrimaryMotionName: Hero_Stand_None_1H_P0_HoldRight_End_N_Fwd_00_%_00_P0_0.xmot
PrimaryHasMotionInstance: 1
PrimaryMotionRunning: 1
PrimaryPlayTime: 0.000000
PrimaryMaxTime: 0.560000
PrimaryPlaySpeed: 1.000000
CleanupBehaviorChanged: 0
=====================================

===== PRIMARYFIRST StopMotion =====
OwnerEntityAddress: EBB66E10
OwnerEntity: PC_Hero
MotionType: 0
Stage: REQUEST_BEFORE_ORIGINAL
ElapsedMs: 30628.631
PrimarySnapshotAvailable: 1
PrimaryMotionName: 
PrimaryHasMotionInstance: 0
PrimaryMotionRunning: 0
PrimaryPlayTime: 0.000000
PrimaryMaxTime: 0.000000
PrimaryPlaySpeed: 0.000000
Stage: RESULT_AFTER_ORIGINAL
ElapsedMs: 30628.632
PrimarySnapshotAvailable: 1
PrimaryMotionName: 
PrimaryHasMotionInstance: 0
PrimaryMotionRunning: 0
PrimaryPlayTime: 0.000000
PrimaryMaxTime: 0.000000
PrimaryPlaySpeed: 0.000000
CleanupBehaviorChanged: 0
=====================================

===== PRIMARYFIRST PlayMotion =====
OwnerEntityAddress: EBB66E10
OwnerEntity: PC_Hero
MotionType: 0
Stage: REQUEST_BEFORE_ORIGINAL
ElapsedMs: 30628.672
PrimarySnapshotAvailable: 1
PrimaryMotionName: 
PrimaryHasMotionInstance: 0
PrimaryMotionRunning: 0
PrimaryPlayTime: 0.000000
PrimaryMaxTime: 0.000000
PrimaryPlaySpeed: 0.000000
Stage: RESULT_AFTER_ORIGINAL
ElapsedMs: 30628.684
PrimarySnapshotAvailable: 1
PrimaryMotionName: Hero_Stand_None_1H_P0_Attack_Hit_N_Fwd_00_%_00_P1_118_R.xmot
PrimaryHasMotionInstance: 1
PrimaryMotionRunning: 1
PrimaryPlayTime: 0.000000
PrimaryMaxTime: 0.320000
PrimaryPlaySpeed: 0.600000
CleanupBehaviorChanged: 0
=====================================

===== MARKER OWNERSHIP DECISION =====
ElapsedMs: 30628.728
Actor: PC_Hero
CurrentMovementAni: Hero_Stand_None_1H_P0_Attack_Hit_N_Fwd_00_%_00_P1_118_R.xmot
MatchingMotionFound: 1
FrameEffectCount: 1
ContainsReservedSourceMarker: 0
RequiredSourceMask: 0
AuthoredRIGHTMarkerCount: 0
FirstRIGHTMarkerFrame: -1
AuthoredLEFTMarkerCount: 0
FirstLEFTMarkerFrame: -1
AuthoredBOTHMarkerCount: 0
FirstBOTHMarkerFrame: -1
AuthoredOFFMarkerCount: 0
FirstOFFMarkerFrame: -1
RightHandSourceResolved: 1
RightHandSource: It_1H_Sword_Rust_01
RightHandSourceAddress: E70E8C10
RightHandSourceUseType: 2
RightHandSourceCollisionGroup: 5
LeftHandSourceResolved: 0
Decision: LEGACY/NATIVE - call original timer callback
=====================================

===== ENGINE SetCollisionGroup =====
ElapsedMs: 30885.207
Entity: It_1H_Sword_Rust_01
ChangedEntityAddress: E70E8C10
PlayerSlotMatch: RIGHT
PlayerAction: 1
PlayerAniPhase: 1
PlayerPrimaryPose: 1
PlayerStateTime: 0.256284
PlayerStatePosition: 0
PlayerCurrentMovementAni: Hero_Stand_None_1H_P0_Attack_Hit_N_Fwd_00_%_00_P1_118_R.xmot
PlayerLeftItem: <none>
PlayerLeftItemAddress: 00000000
PlayerLeftUseType: -1
PlayerLeftCollisionGroup: -1
PlayerRightItem: It_1H_Sword_Rust_01
PlayerRightItemAddress: E70E8C10
PlayerRightUseType: 2
PlayerRightCollisionGroup: 7
RequestedGroup: 7
BeforeGroup: 5
AfterGroup: 7
Item_EquippedValue: 5
Item_AttackValue: 7
RetiredMarkerExecutionCount: 0
====================================

===== COMBATMOVE STARTRECOVER BEGIN =====
ActorAddress: EBB66E10
Actor: PC_Hero
CurrentAction: 1
CurrentAniPhase: 1
CurrentMovementAni: Hero_Stand_None_1H_P0_Attack_Hit_N_Fwd_00_%_00_P1_118_R.xmot
Stage: BEGIN
ElapsedMs: 31165.633
PrimarySnapshotAvailable: 1
PrimaryMotionName: Hero_Stand_None_1H_P0_Attack_Hit_N_Fwd_00_%_00_P1_118_R.xmot
PrimaryHasMotionInstance: 1
PrimaryMotionRunning: 1
PrimaryPlayTime: 0.319990
PrimaryMaxTime: 0.320000
PrimaryPlaySpeed: 0.000000
LeftHandSourceResolved: 0
RightHandSourceResolved: 1
RightHandSource: It_1H_Sword_Rust_01
RightHandSourceAddress: E70E8C10
RightHandSourceCollisionGroup: 7
CleanupBehaviorChanged: 0
=========================================

===== PRIMARYFIRST StopMotion =====
OwnerEntityAddress: EBB66E10
OwnerEntity: PC_Hero
MotionType: 0
Stage: REQUEST_BEFORE_ORIGINAL
ElapsedMs: 31165.892
PrimarySnapshotAvailable: 1
PrimaryMotionName: 
PrimaryHasMotionInstance: 0
PrimaryMotionRunning: 0
PrimaryPlayTime: 0.000000
PrimaryMaxTime: 0.000000
PrimaryPlaySpeed: 0.000000
Stage: RESULT_AFTER_ORIGINAL
ElapsedMs: 31165.893
PrimarySnapshotAvailable: 1
PrimaryMotionName: 
PrimaryHasMotionInstance: 0
PrimaryMotionRunning: 0
PrimaryPlayTime: 0.000000
PrimaryMaxTime: 0.000000
PrimaryPlaySpeed: 0.000000
CleanupBehaviorChanged: 0
=====================================

===== PRIMARYFIRST PlayMotion =====
OwnerEntityAddress: EBB66E10
OwnerEntity: PC_Hero
MotionType: 0
Stage: REQUEST_BEFORE_ORIGINAL
ElapsedMs: 31165.924
PrimarySnapshotAvailable: 1
PrimaryMotionName: 
PrimaryHasMotionInstance: 0
PrimaryMotionRunning: 0
PrimaryPlayTime: 0.000000
PrimaryMaxTime: 0.000000
PrimaryPlaySpeed: 0.000000
Stage: RESULT_AFTER_ORIGINAL
ElapsedMs: 31165.935
PrimarySnapshotAvailable: 1
PrimaryMotionName: Hero_Stand_None_1H_P1_Attack_Recover_N_Fwd_00_%_00_P1_0_R.xmot
PrimaryHasMotionInstance: 1
PrimaryMotionRunning: 1
PrimaryPlayTime: 0.000000
PrimaryMaxTime: 0.440000
PrimaryPlaySpeed: 0.600000
CleanupBehaviorChanged: 0
=====================================

===== COMBATMOVE STARTRECOVER END =====
ActorAddress: EBB66E10
Actor: PC_Hero
CurrentAction: 1
CurrentAniPhase: 3
CurrentMovementAni: Hero_Stand_None_1H_P0_Attack_Hit_N_Fwd_00_%_00_P1_118_R.xmot
Stage: END
ElapsedMs: 31165.959
PrimarySnapshotAvailable: 1
PrimaryMotionName: Hero_Stand_None_1H_P1_Attack_Recover_N_Fwd_00_%_00_P1_0_R.xmot
PrimaryHasMotionInstance: 1
PrimaryMotionRunning: 1
PrimaryPlayTime: 0.000000
PrimaryMaxTime: 0.440000
PrimaryPlaySpeed: 0.600000
LeftHandSourceResolved: 0
RightHandSourceResolved: 1
RightHandSource: It_1H_Sword_Rust_01
RightHandSourceAddress: E70E8C10
RightHandSourceCollisionGroup: 7
CleanupBehaviorChanged: 0
=========================================

===== ENGINE SetCollisionGroup =====
ElapsedMs: 31166.014
Entity: It_1H_Sword_Rust_01
ChangedEntityAddress: E70E8C10
PlayerSlotMatch: RIGHT
PlayerAction: 1
PlayerAniPhase: 3
PlayerPrimaryPose: 2
PlayerStateTime: 0.537562
PlayerStatePosition: 1
PlayerCurrentMovementAni: Hero_Stand_None_1H_P0_Attack_Hit_N_Fwd_00_%_00_P1_118_R.xmot
PlayerLeftItem: <none>
PlayerLeftItemAddress: 00000000
PlayerLeftUseType: -1
PlayerLeftCollisionGroup: -1
PlayerRightItem: It_1H_Sword_Rust_01
PlayerRightItemAddress: E70E8C10
PlayerRightUseType: 2
PlayerRightCollisionGroup: 5
RequestedGroup: 5
BeforeGroup: 7
AfterGroup: 5
Item_EquippedValue: 5
Item_AttackValue: 7
RetiredMarkerExecutionCount: 0
====================================

===== PRIMARYFIRST PlayMotion =====
OwnerEntityAddress: EBB66E10
OwnerEntity: PC_Hero
MotionType: 0
Stage: REQUEST_BEFORE_ORIGINAL
ElapsedMs: 31913.411
PrimarySnapshotAvailable: 1
PrimaryMotionName: 
PrimaryHasMotionInstance: 0
PrimaryMotionRunning: 0
PrimaryPlayTime: 0.000000
PrimaryMaxTime: 0.000000
PrimaryPlaySpeed: 0.000000
Stage: RESULT_AFTER_ORIGINAL
ElapsedMs: 31916.881
PrimarySnapshotAvailable: 1
PrimaryMotionName: Hero_Stand_None_1H_P1_Ambient_Ambient_N_Fwd_00_%_00_P1_0.xmot
PrimaryHasMotionInstance: 1
PrimaryMotionRunning: 1
PrimaryPlayTime: 0.000000
PrimaryMaxTime: 1.600000
PrimaryPlaySpeed: 1.000000
CleanupBehaviorChanged: 0
=====================================

===== PRIMARYFIRST PlayMotion =====
OwnerEntityAddress: EBB66E10
OwnerEntity: PC_Hero
MotionType: 0
Stage: REQUEST_BEFORE_ORIGINAL
ElapsedMs: 33313.542
PrimarySnapshotAvailable: 1
PrimaryMotionName: 
PrimaryHasMotionInstance: 0
PrimaryMotionRunning: 0
PrimaryPlayTime: 0.000000
PrimaryMaxTime: 0.000000
PrimaryPlaySpeed: 0.000000
Stage: RESULT_AFTER_ORIGINAL
ElapsedMs: 33313.805
PrimarySnapshotAvailable: 1
PrimaryMotionName: Hero_Stand_None_1H_P1_Ambient_Loop_N_Fwd_00_%_01_P1_0.xmot
PrimaryHasMotionInstance: 1
PrimaryMotionRunning: 1
PrimaryPlayTime: 0.000000
PrimaryMaxTime: 2.000000
PrimaryPlaySpeed: 1.000000
CleanupBehaviorChanged: 0
=====================================

===== PRIMARYFIRST PlayMotion =====
OwnerEntityAddress: EBB66E10
OwnerEntity: PC_Hero
MotionType: 0
Stage: REQUEST_BEFORE_ORIGINAL
ElapsedMs: 35118.198
PrimarySnapshotAvailable: 1
PrimaryMotionName: 
PrimaryHasMotionInstance: 0
PrimaryMotionRunning: 0
PrimaryPlayTime: 0.000000
PrimaryMaxTime: 0.000000
PrimaryPlaySpeed: 0.000000
Stage: RESULT_AFTER_ORIGINAL
ElapsedMs: 35118.213
PrimarySnapshotAvailable: 1
PrimaryMotionName: Hero_Stand_None_1H_P1_Ambient_Loop_N_Fwd_00_%_01_P1_0.xmot
PrimaryHasMotionInstance: 1
PrimaryMotionRunning: 1
PrimaryPlayTime: 0.000000
PrimaryMaxTime: 2.000000
PrimaryPlaySpeed: 1.000000
CleanupBehaviorChanged: 0
=====================================

===== PRIMARYFIRST StopMotion =====
OwnerEntityAddress: EBB66E10
OwnerEntity: PC_Hero
MotionType: 0
Stage: REQUEST_BEFORE_ORIGINAL
ElapsedMs: 35556.807
PrimarySnapshotAvailable: 1
PrimaryMotionName: 
PrimaryHasMotionInstance: 0
PrimaryMotionRunning: 0
PrimaryPlayTime: 0.000000
PrimaryMaxTime: 0.000000
PrimaryPlaySpeed: 0.000000
Stage: RESULT_AFTER_ORIGINAL
ElapsedMs: 35556.808
PrimarySnapshotAvailable: 1
PrimaryMotionName: 
PrimaryHasMotionInstance: 0
PrimaryMotionRunning: 0
PrimaryPlayTime: 0.000000
PrimaryMaxTime: 0.000000
PrimaryPlaySpeed: 0.000000
CleanupBehaviorChanged: 0
=====================================

===== PRIMARYFIRST PlayMotion =====
OwnerEntityAddress: EBB66E10
OwnerEntity: PC_Hero
MotionType: 0
Stage: REQUEST_BEFORE_ORIGINAL
ElapsedMs: 35556.847
PrimarySnapshotAvailable: 1
PrimaryMotionName: 
PrimaryHasMotionInstance: 0
PrimaryMotionRunning: 0
PrimaryPlayTime: 0.000000
PrimaryMaxTime: 0.000000
PrimaryPlaySpeed: 0.000000
Stage: RESULT_AFTER_ORIGINAL
ElapsedMs: 35556.859
PrimarySnapshotAvailable: 1
PrimaryMotionName: Hero_Stand_None_1H_P1_Parade_Begin_N_Fwd_00_%_00_P0_0.xmot
PrimaryHasMotionInstance: 1
PrimaryMotionRunning: 1
PrimaryPlayTime: 0.000000
PrimaryMaxTime: 0.800000
PrimaryPlaySpeed: 2.300000
CleanupBehaviorChanged: 0
=====================================

===== PRIMARYFIRST StopMotion =====
OwnerEntityAddress: EBB66E10
OwnerEntity: PC_Hero
MotionType: 0
Stage: REQUEST_BEFORE_ORIGINAL
ElapsedMs: 35576.389
PrimarySnapshotAvailable: 1
PrimaryMotionName: 
PrimaryHasMotionInstance: 0
PrimaryMotionRunning: 0
PrimaryPlayTime: 0.000000
PrimaryMaxTime: 0.000000
PrimaryPlaySpeed: 0.000000
Stage: RESULT_AFTER_ORIGINAL
ElapsedMs: 35576.390
PrimarySnapshotAvailable: 1
PrimaryMotionName: 
PrimaryHasMotionInstance: 0
PrimaryMotionRunning: 0
PrimaryPlayTime: 0.000000
PrimaryMaxTime: 0.000000
PrimaryPlaySpeed: 0.000000
CleanupBehaviorChanged: 0
=====================================

===== PRIMARYFIRST PlayMotion =====
OwnerEntityAddress: EBB66E10
OwnerEntity: PC_Hero
MotionType: 0
Stage: REQUEST_BEFORE_ORIGINAL
ElapsedMs: 35576.429
PrimarySnapshotAvailable: 1
PrimaryMotionName: 
PrimaryHasMotionInstance: 0
PrimaryMotionRunning: 0
PrimaryPlayTime: 0.000000
PrimaryMaxTime: 0.000000
PrimaryPlaySpeed: 0.000000
Stage: RESULT_AFTER_ORIGINAL
ElapsedMs: 35576.442
PrimarySnapshotAvailable: 1
PrimaryMotionName: Hero_Stand_None_1H_P1_QuickAttackL_Hit_N_Fwd_00_%_00_P50_100_L.xmot
PrimaryHasMotionInstance: 1
PrimaryMotionRunning: 1
PrimaryPlayTime: 0.000000
PrimaryMaxTime: 0.400000
PrimaryPlaySpeed: 1.000000
CleanupBehaviorChanged: 0
=====================================

===== MARKER OWNERSHIP DECISION =====
ElapsedMs: 35576.490
Actor: PC_Hero
CurrentMovementAni: Hero_Stand_None_1H_P1_QuickAttackL_Hit_N_Fwd_00_%_00_P50_100_L.xmot
MatchingMotionFound: 1
FrameEffectCount: 1
ContainsReservedSourceMarker: 0
RequiredSourceMask: 0
AuthoredRIGHTMarkerCount: 0
FirstRIGHTMarkerFrame: -1
AuthoredLEFTMarkerCount: 0
FirstLEFTMarkerFrame: -1
AuthoredBOTHMarkerCount: 0
FirstBOTHMarkerFrame: -1
AuthoredOFFMarkerCount: 0
FirstOFFMarkerFrame: -1
RightHandSourceResolved: 1
RightHandSource: It_1H_Sword_Rust_01
RightHandSourceAddress: E70E8C10
RightHandSourceUseType: 2
RightHandSourceCollisionGroup: 5
LeftHandSourceResolved: 0
Decision: LEGACY/NATIVE - call original timer callback
=====================================

===== ENGINE SetCollisionGroup =====
ElapsedMs: 35678.092
Entity: It_1H_Sword_Rust_01
ChangedEntityAddress: E70E8C10
PlayerSlotMatch: RIGHT
PlayerAction: 5
PlayerAniPhase: 1
PlayerPrimaryPose: 2
PlayerStateTime: 0.102021
PlayerStatePosition: 0
PlayerCurrentMovementAni: Hero_Stand_None_1H_P1_QuickAttackL_Hit_N_Fwd_00_%_00_P50_100_L.xmot
PlayerLeftItem: <none>
PlayerLeftItemAddress: 00000000
PlayerLeftUseType: -1
PlayerLeftCollisionGroup: -1
PlayerRightItem: It_1H_Sword_Rust_01
PlayerRightItemAddress: E70E8C10
PlayerRightUseType: 2
PlayerRightCollisionGroup: 7
RequestedGroup: 7
BeforeGroup: 5
AfterGroup: 7
Item_EquippedValue: 5
Item_AttackValue: 7
RetiredMarkerExecutionCount: 0
====================================

===== COMBATMOVE STARTRECOVER BEGIN =====
ActorAddress: EBB66E10
Actor: PC_Hero
CurrentAction: 5
CurrentAniPhase: 1
CurrentMovementAni: Hero_Stand_None_1H_P1_QuickAttackL_Hit_N_Fwd_00_%_00_P50_100_L.xmot
Stage: BEGIN
ElapsedMs: 35979.082
PrimarySnapshotAvailable: 1
PrimaryMotionName: Hero_Stand_None_1H_P1_QuickAttackL_Hit_N_Fwd_00_%_00_P50_100_L.xmot
PrimaryHasMotionInstance: 1
PrimaryMotionRunning: 1
PrimaryPlayTime: 0.399990
PrimaryMaxTime: 0.400000
PrimaryPlaySpeed: 0.000000
LeftHandSourceResolved: 0
RightHandSourceResolved: 1
RightHandSource: It_1H_Sword_Rust_01
RightHandSourceAddress: E70E8C10
RightHandSourceCollisionGroup: 7
CleanupBehaviorChanged: 0
=========================================

===== COMBATMOVE STARTRECOVER END =====
ActorAddress: EBB66E10
Actor: PC_Hero
CurrentAction: 5
CurrentAniPhase: 1
CurrentMovementAni: Hero_Stand_None_1H_P1_QuickAttackL_Hit_N_Fwd_00_%_00_P50_100_L.xmot
Stage: END
ElapsedMs: 35979.243
PrimarySnapshotAvailable: 1
PrimaryMotionName: Hero_Stand_None_1H_P1_QuickAttackL_Hit_N_Fwd_00_%_00_P50_100_L.xmot
PrimaryHasMotionInstance: 1
PrimaryMotionRunning: 1
PrimaryPlayTime: 0.399990
PrimaryMaxTime: 0.400000
PrimaryPlaySpeed: 0.000000
LeftHandSourceResolved: 0
RightHandSourceResolved: 1
RightHandSource: It_1H_Sword_Rust_01
RightHandSourceAddress: E70E8C10
RightHandSourceCollisionGroup: 7
CleanupBehaviorChanged: 0
=========================================

===== ENGINE SetCollisionGroup =====
ElapsedMs: 35979.327
Entity: It_1H_Sword_Rust_01
ChangedEntityAddress: E70E8C10
PlayerSlotMatch: RIGHT
PlayerAction: 5
PlayerAniPhase: 1
PlayerPrimaryPose: 22
PlayerStateTime: 0.403302
PlayerStatePosition: 1
PlayerCurrentMovementAni: Hero_Stand_None_1H_P1_QuickAttackL_Hit_N_Fwd_00_%_00_P50_100_L.xmot
PlayerLeftItem: <none>
PlayerLeftItemAddress: 00000000
PlayerLeftUseType: -1
PlayerLeftCollisionGroup: -1
PlayerRightItem: It_1H_Sword_Rust_01
PlayerRightItemAddress: E70E8C10
PlayerRightUseType: 2
PlayerRightCollisionGroup: 5
RequestedGroup: 5
BeforeGroup: 7
AfterGroup: 5
Item_EquippedValue: 5
Item_AttackValue: 7
RetiredMarkerExecutionCount: 0
====================================

===== PRIMARYFIRST PlayMotion =====
OwnerEntityAddress: EBB66E10
OwnerEntity: PC_Hero
MotionType: 0
Stage: REQUEST_BEFORE_ORIGINAL
ElapsedMs: 35989.598
PrimarySnapshotAvailable: 1
PrimaryMotionName: 
PrimaryHasMotionInstance: 0
PrimaryMotionRunning: 0
PrimaryPlayTime: 0.000000
PrimaryMaxTime: 0.000000
PrimaryPlaySpeed: 0.000000
Stage: RESULT_AFTER_ORIGINAL
ElapsedMs: 35989.992
PrimarySnapshotAvailable: 1
PrimaryMotionName: Hero_Stand_None_1H_P0_Ambient_Loop_N_Fwd_00_%_01_P0_0.xmot
PrimaryHasMotionInstance: 1
PrimaryMotionRunning: 1
PrimaryPlayTime: 0.000000
PrimaryMaxTime: 2.000000
PrimaryPlaySpeed: 1.000000
CleanupBehaviorChanged: 0
=====================================

===== PRIMARYFIRST PlayMotion =====
OwnerEntityAddress: EBB66E10
OwnerEntity: PC_Hero
MotionType: 0
Stage: REQUEST_BEFORE_ORIGINAL
ElapsedMs: 37795.925
PrimarySnapshotAvailable: 1
PrimaryMotionName: 
PrimaryHasMotionInstance: 0
PrimaryMotionRunning: 0
PrimaryPlayTime: 0.000000
PrimaryMaxTime: 0.000000
PrimaryPlaySpeed: 0.000000
Stage: RESULT_AFTER_ORIGINAL
ElapsedMs: 37796.310
PrimarySnapshotAvailable: 1
PrimaryMotionName: Hero_Stand_None_1H_P0_Ambient_Loop_N_Fwd_01_%_01_P0_0.xmot
PrimaryHasMotionInstance: 1
PrimaryMotionRunning: 1
PrimaryPlayTime: 0.000000
PrimaryMaxTime: 2.000000
PrimaryPlaySpeed: 1.000000
CleanupBehaviorChanged: 0
=====================================

===== PRIMARYFIRST StopMotion =====
OwnerEntityAddress: EBB66E10
OwnerEntity: PC_Hero
MotionType: 0
Stage: REQUEST_BEFORE_ORIGINAL
ElapsedMs: 38603.742
PrimarySnapshotAvailable: 1
PrimaryMotionName: 
PrimaryHasMotionInstance: 0
PrimaryMotionRunning: 0
PrimaryPlayTime: 0.000000
PrimaryMaxTime: 0.000000
PrimaryPlaySpeed: 0.000000
Stage: RESULT_AFTER_ORIGINAL
ElapsedMs: 38603.743
PrimarySnapshotAvailable: 1
PrimaryMotionName: 
PrimaryHasMotionInstance: 0
PrimaryMotionRunning: 0
PrimaryPlayTime: 0.000000
PrimaryMaxTime: 0.000000
PrimaryPlaySpeed: 0.000000
CleanupBehaviorChanged: 0
=====================================

===== PRIMARYFIRST PlayMotion =====
OwnerEntityAddress: EBB66E10
OwnerEntity: PC_Hero
MotionType: 0
Stage: REQUEST_BEFORE_ORIGINAL
ElapsedMs: 38603.791
PrimarySnapshotAvailable: 1
PrimaryMotionName: 
PrimaryHasMotionInstance: 0
PrimaryMotionRunning: 0
PrimaryPlayTime: 0.000000
PrimaryMaxTime: 0.000000
PrimaryPlaySpeed: 0.000000
Stage: RESULT_AFTER_ORIGINAL
ElapsedMs: 38603.803
PrimarySnapshotAvailable: 1
PrimaryMotionName: Hero_Stand_None_1H_P0_Attack_Hit_N_Fwd_00_%_00_P1_118_R.xmot
PrimaryHasMotionInstance: 1
PrimaryMotionRunning: 1
PrimaryPlayTime: 0.000000
PrimaryMaxTime: 0.320000
PrimaryPlaySpeed: 0.600000
CleanupBehaviorChanged: 0
=====================================

===== MARKER OWNERSHIP DECISION =====
ElapsedMs: 38603.845
Actor: PC_Hero
CurrentMovementAni: Hero_Stand_None_1H_P0_Attack_Hit_N_Fwd_00_%_00_P1_118_R.xmot
MatchingMotionFound: 1
FrameEffectCount: 1
ContainsReservedSourceMarker: 0
RequiredSourceMask: 0
AuthoredRIGHTMarkerCount: 0
FirstRIGHTMarkerFrame: -1
AuthoredLEFTMarkerCount: 0
FirstLEFTMarkerFrame: -1
AuthoredBOTHMarkerCount: 0
FirstBOTHMarkerFrame: -1
AuthoredOFFMarkerCount: 0
FirstOFFMarkerFrame: -1
RightHandSourceResolved: 1
RightHandSource: It_1H_Sword_Rust_01
RightHandSourceAddress: E70E8C10
RightHandSourceUseType: 2
RightHandSourceCollisionGroup: 5
LeftHandSourceResolved: 0
Decision: LEGACY/NATIVE - call original timer callback
=====================================

===== ENGINE SetCollisionGroup =====
ElapsedMs: 38853.869
Entity: It_1H_Sword_Rust_01
ChangedEntityAddress: E70E8C10
PlayerSlotMatch: RIGHT
PlayerAction: 1
PlayerAniPhase: 1
PlayerPrimaryPose: 1
PlayerStateTime: 0.250982
PlayerStatePosition: 0
PlayerCurrentMovementAni: Hero_Stand_None_1H_P0_Attack_Hit_N_Fwd_00_%_00_P1_118_R.xmot
PlayerLeftItem: <none>
PlayerLeftItemAddress: 00000000
PlayerLeftUseType: -1
PlayerLeftCollisionGroup: -1
PlayerRightItem: It_1H_Sword_Rust_01
PlayerRightItemAddress: E70E8C10
PlayerRightUseType: 2
PlayerRightCollisionGroup: 7
RequestedGroup: 7
BeforeGroup: 5
AfterGroup: 7
Item_EquippedValue: 5
Item_AttackValue: 7
RetiredMarkerExecutionCount: 0
====================================

===== COMBATMOVE STARTRECOVER BEGIN =====
ActorAddress: EBB66E10
Actor: PC_Hero
CurrentAction: 1
CurrentAniPhase: 1
CurrentMovementAni: Hero_Stand_None_1H_P0_Attack_Hit_N_Fwd_00_%_00_P1_118_R.xmot
Stage: BEGIN
ElapsedMs: 39140.985
PrimarySnapshotAvailable: 1
PrimaryMotionName: Hero_Stand_None_1H_P0_Attack_Hit_N_Fwd_00_%_00_P1_118_R.xmot
PrimaryHasMotionInstance: 1
PrimaryMotionRunning: 1
PrimaryPlayTime: 0.319990
PrimaryMaxTime: 0.320000
PrimaryPlaySpeed: 0.000000
LeftHandSourceResolved: 0
RightHandSourceResolved: 1
RightHandSource: It_1H_Sword_Rust_01
RightHandSourceAddress: E70E8C10
RightHandSourceCollisionGroup: 7
CleanupBehaviorChanged: 0
=========================================

===== PRIMARYFIRST StopMotion =====
OwnerEntityAddress: EBB66E10
OwnerEntity: PC_Hero
MotionType: 0
Stage: REQUEST_BEFORE_ORIGINAL
ElapsedMs: 39141.055
PrimarySnapshotAvailable: 1
PrimaryMotionName: 
PrimaryHasMotionInstance: 0
PrimaryMotionRunning: 0
PrimaryPlayTime: 0.000000
PrimaryMaxTime: 0.000000
PrimaryPlaySpeed: 0.000000
Stage: RESULT_AFTER_ORIGINAL
ElapsedMs: 39141.055
PrimarySnapshotAvailable: 1
PrimaryMotionName: 
PrimaryHasMotionInstance: 0
PrimaryMotionRunning: 0
PrimaryPlayTime: 0.000000
PrimaryMaxTime: 0.000000
PrimaryPlaySpeed: 0.000000
CleanupBehaviorChanged: 0
=====================================

===== PRIMARYFIRST PlayMotion =====
OwnerEntityAddress: EBB66E10
OwnerEntity: PC_Hero
MotionType: 0
Stage: REQUEST_BEFORE_ORIGINAL
ElapsedMs: 39141.083
PrimarySnapshotAvailable: 1
PrimaryMotionName: 
PrimaryHasMotionInstance: 0
PrimaryMotionRunning: 0
PrimaryPlayTime: 0.000000
PrimaryMaxTime: 0.000000
PrimaryPlaySpeed: 0.000000
Stage: RESULT_AFTER_ORIGINAL
ElapsedMs: 39141.095
PrimarySnapshotAvailable: 1
PrimaryMotionName: Hero_Stand_None_1H_P1_Attack_Recover_N_Fwd_00_%_00_P1_0_R.xmot
PrimaryHasMotionInstance: 1
PrimaryMotionRunning: 1
PrimaryPlayTime: 0.000000
PrimaryMaxTime: 0.440000
PrimaryPlaySpeed: 0.600000
CleanupBehaviorChanged: 0
=====================================

===== COMBATMOVE STARTRECOVER END =====
ActorAddress: EBB66E10
Actor: PC_Hero
CurrentAction: 1
CurrentAniPhase: 3
CurrentMovementAni: Hero_Stand_None_1H_P0_Attack_Hit_N_Fwd_00_%_00_P1_118_R.xmot
Stage: END
ElapsedMs: 39141.119
PrimarySnapshotAvailable: 1
PrimaryMotionName: Hero_Stand_None_1H_P1_Attack_Recover_N_Fwd_00_%_00_P1_0_R.xmot
PrimaryHasMotionInstance: 1
PrimaryMotionRunning: 1
PrimaryPlayTime: 0.000000
PrimaryMaxTime: 0.440000
PrimaryPlaySpeed: 0.600000
LeftHandSourceResolved: 0
RightHandSourceResolved: 1
RightHandSource: It_1H_Sword_Rust_01
RightHandSourceAddress: E70E8C10
RightHandSourceCollisionGroup: 7
CleanupBehaviorChanged: 0
=========================================

===== ENGINE SetCollisionGroup =====
ElapsedMs: 39141.172
Entity: It_1H_Sword_Rust_01
ChangedEntityAddress: E70E8C10
PlayerSlotMatch: RIGHT
PlayerAction: 1
PlayerAniPhase: 3
PlayerPrimaryPose: 2
PlayerStateTime: 0.537270
PlayerStatePosition: 1
PlayerCurrentMovementAni: Hero_Stand_None_1H_P0_Attack_Hit_N_Fwd_00_%_00_P1_118_R.xmot
PlayerLeftItem: <none>
PlayerLeftItemAddress: 00000000
PlayerLeftUseType: -1
PlayerLeftCollisionGroup: -1
PlayerRightItem: It_1H_Sword_Rust_01
PlayerRightItemAddress: E70E8C10
PlayerRightUseType: 2
PlayerRightCollisionGroup: 5
RequestedGroup: 5
BeforeGroup: 7
AfterGroup: 5
Item_EquippedValue: 5
Item_AttackValue: 7
RetiredMarkerExecutionCount: 0
====================================

===== PRIMARYFIRST PlayMotion =====
OwnerEntityAddress: EBB66E10
OwnerEntity: PC_Hero
MotionType: 0
Stage: REQUEST_BEFORE_ORIGINAL
ElapsedMs: 39886.775
PrimarySnapshotAvailable: 1
PrimaryMotionName: 
PrimaryHasMotionInstance: 0
PrimaryMotionRunning: 0
PrimaryPlayTime: 0.000000
PrimaryMaxTime: 0.000000
PrimaryPlaySpeed: 0.000000
Stage: RESULT_AFTER_ORIGINAL
ElapsedMs: 39886.789
PrimarySnapshotAvailable: 1
PrimaryMotionName: Hero_Stand_None_1H_P1_Ambient_Loop_N_Fwd_00_%_01_P1_0.xmot
PrimaryHasMotionInstance: 1
PrimaryMotionRunning: 1
PrimaryPlayTime: 0.000000
PrimaryMaxTime: 2.000000
PrimaryPlaySpeed: 1.000000
CleanupBehaviorChanged: 0
=====================================

===== PRIMARYFIRST StopMotion =====
OwnerEntityAddress: EBB66E10
OwnerEntity: PC_Hero
MotionType: 0
Stage: REQUEST_BEFORE_ORIGINAL
ElapsedMs: 41597.772
PrimarySnapshotAvailable: 1
PrimaryMotionName: 
PrimaryHasMotionInstance: 0
PrimaryMotionRunning: 0
PrimaryPlayTime: 0.000000
PrimaryMaxTime: 0.000000
PrimaryPlaySpeed: 0.000000
Stage: RESULT_AFTER_ORIGINAL
ElapsedMs: 41597.772
PrimarySnapshotAvailable: 1
PrimaryMotionName: 
PrimaryHasMotionInstance: 0
PrimaryMotionRunning: 0
PrimaryPlayTime: 0.000000
PrimaryMaxTime: 0.000000
PrimaryPlaySpeed: 0.000000
CleanupBehaviorChanged: 0
=====================================

===== PRIMARYFIRST PlayMotion =====
OwnerEntityAddress: EBB66E10
OwnerEntity: PC_Hero
MotionType: 0
Stage: REQUEST_BEFORE_ORIGINAL
ElapsedMs: 41597.819
PrimarySnapshotAvailable: 1
PrimaryMotionName: 
PrimaryHasMotionInstance: 0
PrimaryMotionRunning: 0
PrimaryPlayTime: 0.000000
PrimaryMaxTime: 0.000000
PrimaryPlaySpeed: 0.000000
Stage: RESULT_AFTER_ORIGINAL
ElapsedMs: 41597.832
PrimarySnapshotAvailable: 1
PrimaryMotionName: Hero_Stand_None_1H_P1_Parade_Begin_N_Fwd_00_%_00_P0_0.xmot
PrimaryHasMotionInstance: 1
PrimaryMotionRunning: 1
PrimaryPlayTime: 0.000000
PrimaryMaxTime: 0.800000
PrimaryPlaySpeed: 2.300000
CleanupBehaviorChanged: 0
=====================================

===== PRIMARYFIRST StopMotion =====
OwnerEntityAddress: EBB66E10
OwnerEntity: PC_Hero
MotionType: 0
Stage: REQUEST_BEFORE_ORIGINAL
ElapsedMs: 41626.642
PrimarySnapshotAvailable: 1
PrimaryMotionName: 
PrimaryHasMotionInstance: 0
PrimaryMotionRunning: 0
PrimaryPlayTime: 0.000000
PrimaryMaxTime: 0.000000
PrimaryPlaySpeed: 0.000000
Stage: RESULT_AFTER_ORIGINAL
ElapsedMs: 41626.643
PrimarySnapshotAvailable: 1
PrimaryMotionName: 
PrimaryHasMotionInstance: 0
PrimaryMotionRunning: 0
PrimaryPlayTime: 0.000000
PrimaryMaxTime: 0.000000
PrimaryPlaySpeed: 0.000000
CleanupBehaviorChanged: 0
=====================================

===== PRIMARYFIRST PlayMotion =====
OwnerEntityAddress: EBB66E10
OwnerEntity: PC_Hero
MotionType: 0
Stage: REQUEST_BEFORE_ORIGINAL
ElapsedMs: 41626.690
PrimarySnapshotAvailable: 1
PrimaryMotionName: 
PrimaryHasMotionInstance: 0
PrimaryMotionRunning: 0
PrimaryPlayTime: 0.000000
PrimaryMaxTime: 0.000000
PrimaryPlaySpeed: 0.000000
Stage: RESULT_AFTER_ORIGINAL
ElapsedMs: 41626.702
PrimarySnapshotAvailable: 1
PrimaryMotionName: Hero_Stand_None_1H_P1_QuickAttackL_Hit_N_Fwd_00_%_00_P50_100_L.xmot
PrimaryHasMotionInstance: 1
PrimaryMotionRunning: 1
PrimaryPlayTime: 0.000000
PrimaryMaxTime: 0.400000
PrimaryPlaySpeed: 1.000000
CleanupBehaviorChanged: 0
=====================================

===== MARKER OWNERSHIP DECISION =====
ElapsedMs: 41626.744
Actor: PC_Hero
CurrentMovementAni: Hero_Stand_None_1H_P1_QuickAttackL_Hit_N_Fwd_00_%_00_P50_100_L.xmot
MatchingMotionFound: 1
FrameEffectCount: 1
ContainsReservedSourceMarker: 0
RequiredSourceMask: 0
AuthoredRIGHTMarkerCount: 0
FirstRIGHTMarkerFrame: -1
AuthoredLEFTMarkerCount: 0
FirstLEFTMarkerFrame: -1
AuthoredBOTHMarkerCount: 0
FirstBOTHMarkerFrame: -1
AuthoredOFFMarkerCount: 0
FirstOFFMarkerFrame: -1
RightHandSourceResolved: 1
RightHandSource: It_1H_Sword_Rust_01
RightHandSourceAddress: E70E8C10
RightHandSourceUseType: 2
RightHandSourceCollisionGroup: 5
LeftHandSourceResolved: 0
Decision: LEGACY/NATIVE - call original timer callback
=====================================

===== ENGINE SetCollisionGroup =====
ElapsedMs: 41729.610
Entity: It_1H_Sword_Rust_01
ChangedEntityAddress: E70E8C10
PlayerSlotMatch: RIGHT
PlayerAction: 5
PlayerAniPhase: 1
PlayerPrimaryPose: 2
PlayerStateTime: 0.102613
PlayerStatePosition: 0
PlayerCurrentMovementAni: Hero_Stand_None_1H_P1_QuickAttackL_Hit_N_Fwd_00_%_00_P50_100_L.xmot
PlayerLeftItem: <none>
PlayerLeftItemAddress: 00000000
PlayerLeftUseType: -1
PlayerLeftCollisionGroup: -1
PlayerRightItem: It_1H_Sword_Rust_01
PlayerRightItemAddress: E70E8C10
PlayerRightUseType: 2
PlayerRightCollisionGroup: 7
RequestedGroup: 7
BeforeGroup: 5
AfterGroup: 7
Item_EquippedValue: 5
Item_AttackValue: 7
RetiredMarkerExecutionCount: 0
====================================

===== COMBATMOVE STARTRECOVER BEGIN =====
ActorAddress: EBB66E10
Actor: PC_Hero
CurrentAction: 5
CurrentAniPhase: 1
CurrentMovementAni: Hero_Stand_None_1H_P1_QuickAttackL_Hit_N_Fwd_00_%_00_P50_100_L.xmot
Stage: BEGIN
ElapsedMs: 42031.162
PrimarySnapshotAvailable: 1
PrimaryMotionName: Hero_Stand_None_1H_P1_QuickAttackL_Hit_N_Fwd_00_%_00_P50_100_L.xmot
PrimaryHasMotionInstance: 1
PrimaryMotionRunning: 1
PrimaryPlayTime: 0.399990
PrimaryMaxTime: 0.400000
PrimaryPlaySpeed: 0.000000
LeftHandSourceResolved: 0
RightHandSourceResolved: 1
RightHandSource: It_1H_Sword_Rust_01
RightHandSourceAddress: E70E8C10
RightHandSourceCollisionGroup: 7
CleanupBehaviorChanged: 0
=========================================

===== COMBATMOVE STARTRECOVER END =====
ActorAddress: EBB66E10
Actor: PC_Hero
CurrentAction: 5
CurrentAniPhase: 1
CurrentMovementAni: Hero_Stand_None_1H_P1_QuickAttackL_Hit_N_Fwd_00_%_00_P50_100_L.xmot
Stage: END
ElapsedMs: 42031.220
PrimarySnapshotAvailable: 1
PrimaryMotionName: Hero_Stand_None_1H_P1_QuickAttackL_Hit_N_Fwd_00_%_00_P50_100_L.xmot
PrimaryHasMotionInstance: 1
PrimaryMotionRunning: 1
PrimaryPlayTime: 0.399990
PrimaryMaxTime: 0.400000
PrimaryPlaySpeed: 0.000000
LeftHandSourceResolved: 0
RightHandSourceResolved: 1
RightHandSource: It_1H_Sword_Rust_01
RightHandSourceAddress: E70E8C10
RightHandSourceCollisionGroup: 7
CleanupBehaviorChanged: 0
=========================================

===== ENGINE SetCollisionGroup =====
ElapsedMs: 42031.278
Entity: It_1H_Sword_Rust_01
ChangedEntityAddress: E70E8C10
PlayerSlotMatch: RIGHT
PlayerAction: 5
PlayerAniPhase: 1
PlayerPrimaryPose: 22
PlayerStateTime: 0.404599
PlayerStatePosition: 1
PlayerCurrentMovementAni: Hero_Stand_None_1H_P1_QuickAttackL_Hit_N_Fwd_00_%_00_P50_100_L.xmot
PlayerLeftItem: <none>
PlayerLeftItemAddress: 00000000
PlayerLeftUseType: -1
PlayerLeftCollisionGroup: -1
PlayerRightItem: It_1H_Sword_Rust_01
PlayerRightItemAddress: E70E8C10
PlayerRightUseType: 2
PlayerRightCollisionGroup: 5
RequestedGroup: 5
BeforeGroup: 7
AfterGroup: 5
Item_EquippedValue: 5
Item_AttackValue: 7
RetiredMarkerExecutionCount: 0
====================================

===== PRIMARYFIRST PlayMotion =====
OwnerEntityAddress: EBB66E10
OwnerEntity: PC_Hero
MotionType: 0
Stage: REQUEST_BEFORE_ORIGINAL
ElapsedMs: 42040.611
PrimarySnapshotAvailable: 1
PrimaryMotionName: 
PrimaryHasMotionInstance: 0
PrimaryMotionRunning: 0
PrimaryPlayTime: 0.000000
PrimaryMaxTime: 0.000000
PrimaryPlaySpeed: 0.000000
Stage: RESULT_AFTER_ORIGINAL
ElapsedMs: 42040.626
PrimarySnapshotAvailable: 1
PrimaryMotionName: Hero_Stand_None_1H_P0_Ambient_Loop_N_Fwd_00_%_01_P0_0.xmot
PrimaryHasMotionInstance: 1
PrimaryMotionRunning: 1
PrimaryPlayTime: 0.000000
PrimaryMaxTime: 2.000000
PrimaryPlaySpeed: 1.000000
CleanupBehaviorChanged: 0
=====================================

===== PRIMARYFIRST PlayMotion =====
OwnerEntityAddress: EBB66E10
OwnerEntity: PC_Hero
MotionType: 0
Stage: REQUEST_BEFORE_ORIGINAL
ElapsedMs: 43845.275
PrimarySnapshotAvailable: 1
PrimaryMotionName: 
PrimaryHasMotionInstance: 0
PrimaryMotionRunning: 0
PrimaryPlayTime: 0.000000
PrimaryMaxTime: 0.000000
PrimaryPlaySpeed: 0.000000
Stage: RESULT_AFTER_ORIGINAL
ElapsedMs: 43845.290
PrimarySnapshotAvailable: 1
PrimaryMotionName: Hero_Stand_None_1H_P0_Ambient_Loop_N_Fwd_00_%_01_P0_0.xmot
PrimaryHasMotionInstance: 1
PrimaryMotionRunning: 1
PrimaryPlayTime: 0.000000
PrimaryMaxTime: 2.000000
PrimaryPlaySpeed: 1.000000
CleanupBehaviorChanged: 0
=====================================

===== PRIMARYFIRST PlayMotion =====
OwnerEntityAddress: EBB66E10
OwnerEntity: PC_Hero
MotionType: 0
Stage: REQUEST_BEFORE_ORIGINAL
ElapsedMs: 45652.882
PrimarySnapshotAvailable: 1
PrimaryMotionName: 
PrimaryHasMotionInstance: 0
PrimaryMotionRunning: 0
PrimaryPlayTime: 0.000000
PrimaryMaxTime: 0.000000
PrimaryPlaySpeed: 0.000000
Stage: RESULT_AFTER_ORIGINAL
ElapsedMs: 45652.911
PrimarySnapshotAvailable: 1
PrimaryMotionName: Hero_Stand_None_1H_P0_Ambient_Loop_N_Fwd_00_%_01_P0_0.xmot
PrimaryHasMotionInstance: 1
PrimaryMotionRunning: 1
PrimaryPlayTime: 0.000000
PrimaryMaxTime: 2.000000
PrimaryPlaySpeed: 1.000000
CleanupBehaviorChanged: 0
=====================================

===== PRIMARYFIRST PlayMotion =====
OwnerEntityAddress: EBB66E10
OwnerEntity: PC_Hero
MotionType: 0
Stage: REQUEST_BEFORE_ORIGINAL
ElapsedMs: 45789.405
PrimarySnapshotAvailable: 1
PrimaryMotionName: 
PrimaryHasMotionInstance: 0
PrimaryMotionRunning: 0
PrimaryPlayTime: 0.000000
PrimaryMaxTime: 0.000000
PrimaryPlaySpeed: 0.000000
Stage: RESULT_AFTER_ORIGINAL
ElapsedMs: 45789.693
PrimarySnapshotAvailable: 1
PrimaryMotionName: Hero_Parade_None_1H_P0_Ambient_Loop_N_Fwd_00_%_00_P0_0.xmot
PrimaryHasMotionInstance: 1
PrimaryMotionRunning: 1
PrimaryPlayTime: 0.000000
PrimaryMaxTime: 2.000000
PrimaryPlaySpeed: 1.000000
CleanupBehaviorChanged: 0
=====================================

===== PRIMARYFIRST PlayMotion =====
OwnerEntityAddress: EBB66E10
OwnerEntity: PC_Hero
MotionType: 0
Stage: REQUEST_BEFORE_ORIGINAL
ElapsedMs: 45808.635
PrimarySnapshotAvailable: 1
PrimaryMotionName: 
PrimaryHasMotionInstance: 0
PrimaryMotionRunning: 0
PrimaryPlayTime: 0.000000
PrimaryMaxTime: 0.000000
PrimaryPlaySpeed: 0.000000
Stage: RESULT_AFTER_ORIGINAL
ElapsedMs: 45808.649
PrimarySnapshotAvailable: 1
PrimaryMotionName: Hero_Stand_None_1H_P0_Ambient_Loop_N_Fwd_00_%_01_P0_0.xmot
PrimaryHasMotionInstance: 1
PrimaryMotionRunning: 1
PrimaryPlayTime: 0.000000
PrimaryMaxTime: 2.000000
PrimaryPlaySpeed: 1.000000
CleanupBehaviorChanged: 0
=====================================

===== PRIMARYFIRST StopMotion =====
OwnerEntityAddress: EBB66E10
OwnerEntity: PC_Hero
MotionType: 0
Stage: REQUEST_BEFORE_ORIGINAL
ElapsedMs: 45808.920
PrimarySnapshotAvailable: 1
PrimaryMotionName: 
PrimaryHasMotionInstance: 0
PrimaryMotionRunning: 0
PrimaryPlayTime: 0.000000
PrimaryMaxTime: 0.000000
PrimaryPlaySpeed: 0.000000
Stage: RESULT_AFTER_ORIGINAL
ElapsedMs: 45808.921
PrimarySnapshotAvailable: 1
PrimaryMotionName: 
PrimaryHasMotionInstance: 0
PrimaryMotionRunning: 0
PrimaryPlayTime: 0.000000
PrimaryMaxTime: 0.000000
PrimaryPlaySpeed: 0.000000
CleanupBehaviorChanged: 0
=====================================

===== PRIMARYFIRST PlayMotion =====
OwnerEntityAddress: EBB66E10
OwnerEntity: PC_Hero
MotionType: 0
Stage: REQUEST_BEFORE_ORIGINAL
ElapsedMs: 45808.947
PrimarySnapshotAvailable: 1
PrimaryMotionName: 
PrimaryHasMotionInstance: 0
PrimaryMotionRunning: 0
PrimaryPlayTime: 0.000000
PrimaryMaxTime: 0.000000
PrimaryPlaySpeed: 0.000000
Stage: RESULT_AFTER_ORIGINAL
ElapsedMs: 45808.957
PrimarySnapshotAvailable: 1
PrimaryMotionName: Hero_Stand_None_1H_P0_QuickAttackR_Hit_N_Fwd_00_%_00_P0_100_R.xmot
PrimaryHasMotionInstance: 1
PrimaryMotionRunning: 1
PrimaryPlayTime: 0.000000
PrimaryMaxTime: 0.400000
PrimaryPlaySpeed: 1.000000
CleanupBehaviorChanged: 0
=====================================

===== MARKER OWNERSHIP DECISION =====
ElapsedMs: 45808.997
Actor: PC_Hero
CurrentMovementAni: Hero_Stand_None_1H_P0_QuickAttackR_Hit_N_Fwd_00_%_00_P0_100_R.xmot
MatchingMotionFound: 1
FrameEffectCount: 1
ContainsReservedSourceMarker: 0
RequiredSourceMask: 0
AuthoredRIGHTMarkerCount: 0
FirstRIGHTMarkerFrame: -1
AuthoredLEFTMarkerCount: 0
FirstLEFTMarkerFrame: -1
AuthoredBOTHMarkerCount: 0
FirstBOTHMarkerFrame: -1
AuthoredOFFMarkerCount: 0
FirstOFFMarkerFrame: -1
RightHandSourceResolved: 1
RightHandSource: It_1H_Sword_Rust_01
RightHandSourceAddress: E70E8C10
RightHandSourceUseType: 2
RightHandSourceCollisionGroup: 5
LeftHandSourceResolved: 0
Decision: LEGACY/NATIVE - call original timer callback
=====================================

===== ENGINE SetCollisionGroup =====
ElapsedMs: 45915.980
Entity: It_1H_Sword_Rust_01
ChangedEntityAddress: E70E8C10
PlayerSlotMatch: RIGHT
PlayerAction: 4
PlayerAniPhase: 1
PlayerPrimaryPose: 1
PlayerStateTime: 0.106997
PlayerStatePosition: 0
PlayerCurrentMovementAni: Hero_Stand_None_1H_P0_QuickAttackR_Hit_N_Fwd_00_%_00_P0_100_R.xmot
PlayerLeftItem: <none>
PlayerLeftItemAddress: 00000000
PlayerLeftUseType: -1
PlayerLeftCollisionGroup: -1
PlayerRightItem: It_1H_Sword_Rust_01
PlayerRightItemAddress: E70E8C10
PlayerRightUseType: 2
PlayerRightCollisionGroup: 7
RequestedGroup: 7
BeforeGroup: 5
AfterGroup: 7
Item_EquippedValue: 5
Item_AttackValue: 7
RetiredMarkerExecutionCount: 0
====================================

===== COMBATMOVE STARTRECOVER BEGIN =====
ActorAddress: EBB66E10
Actor: PC_Hero
CurrentAction: 4
CurrentAniPhase: 1
CurrentMovementAni: Hero_Stand_None_1H_P0_QuickAttackR_Hit_N_Fwd_00_%_00_P0_100_R.xmot
Stage: BEGIN
ElapsedMs: 46213.227
PrimarySnapshotAvailable: 1
PrimaryMotionName: Hero_Stand_None_1H_P0_QuickAttackR_Hit_N_Fwd_00_%_00_P0_100_R.xmot
PrimaryHasMotionInstance: 1
PrimaryMotionRunning: 1
PrimaryPlayTime: 0.399990
PrimaryMaxTime: 0.400000
PrimaryPlaySpeed: 0.000000
LeftHandSourceResolved: 0
RightHandSourceResolved: 1
RightHandSource: It_1H_Sword_Rust_01
RightHandSourceAddress: E70E8C10
RightHandSourceCollisionGroup: 7
CleanupBehaviorChanged: 0
=========================================

===== PRIMARYFIRST StopMotion =====
OwnerEntityAddress: EBB66E10
OwnerEntity: PC_Hero
MotionType: 0
Stage: REQUEST_BEFORE_ORIGINAL
ElapsedMs: 46213.517
PrimarySnapshotAvailable: 1
PrimaryMotionName: 
PrimaryHasMotionInstance: 0
PrimaryMotionRunning: 0
PrimaryPlayTime: 0.000000
PrimaryMaxTime: 0.000000
PrimaryPlaySpeed: 0.000000
Stage: RESULT_AFTER_ORIGINAL
ElapsedMs: 46213.517
PrimarySnapshotAvailable: 1
PrimaryMotionName: 
PrimaryHasMotionInstance: 0
PrimaryMotionRunning: 0
PrimaryPlayTime: 0.000000
PrimaryMaxTime: 0.000000
PrimaryPlaySpeed: 0.000000
CleanupBehaviorChanged: 0
=====================================

===== PRIMARYFIRST PlayMotion =====
OwnerEntityAddress: EBB66E10
OwnerEntity: PC_Hero
MotionType: 0
Stage: REQUEST_BEFORE_ORIGINAL
ElapsedMs: 46213.545
PrimarySnapshotAvailable: 1
PrimaryMotionName: 
PrimaryHasMotionInstance: 0
PrimaryMotionRunning: 0
PrimaryPlayTime: 0.000000
PrimaryMaxTime: 0.000000
PrimaryPlaySpeed: 0.000000
Stage: RESULT_AFTER_ORIGINAL
ElapsedMs: 46213.555
PrimarySnapshotAvailable: 1
PrimaryMotionName: Hero_Stand_None_1H_P0_QuickAttackR_Recover_N_Fwd_00_%_00_P0_0_R.xmot
PrimaryHasMotionInstance: 1
PrimaryMotionRunning: 1
PrimaryPlayTime: 0.000000
PrimaryMaxTime: 0.480000
PrimaryPlaySpeed: 1.000000
CleanupBehaviorChanged: 0
=====================================

===== COMBATMOVE STARTRECOVER END =====
ActorAddress: EBB66E10
Actor: PC_Hero
CurrentAction: 4
CurrentAniPhase: 3
CurrentMovementAni: Hero_Stand_None_1H_P0_QuickAttackR_Hit_N_Fwd_00_%_00_P0_100_R.xmot
Stage: END
ElapsedMs: 46213.578
PrimarySnapshotAvailable: 1
PrimaryMotionName: Hero_Stand_None_1H_P0_QuickAttackR_Recover_N_Fwd_00_%_00_P0_0_R.xmot
PrimaryHasMotionInstance: 1
PrimaryMotionRunning: 1
PrimaryPlayTime: 0.000000
PrimaryMaxTime: 0.480000
PrimaryPlaySpeed: 1.000000
LeftHandSourceResolved: 0
RightHandSourceResolved: 1
RightHandSource: It_1H_Sword_Rust_01
RightHandSourceAddress: E70E8C10
RightHandSourceCollisionGroup: 7
CleanupBehaviorChanged: 0
=========================================

===== ENGINE SetCollisionGroup =====
ElapsedMs: 46213.632
Entity: It_1H_Sword_Rust_01
ChangedEntityAddress: E70E8C10
PlayerSlotMatch: RIGHT
PlayerAction: 4
PlayerAniPhase: 3
PlayerPrimaryPose: 1
PlayerStateTime: 0.404305
PlayerStatePosition: 1
PlayerCurrentMovementAni: Hero_Stand_None_1H_P0_QuickAttackR_Hit_N_Fwd_00_%_00_P0_100_R.xmot
PlayerLeftItem: <none>
PlayerLeftItemAddress: 00000000
PlayerLeftUseType: -1
PlayerLeftCollisionGroup: -1
PlayerRightItem: It_1H_Sword_Rust_01
PlayerRightItemAddress: E70E8C10
PlayerRightUseType: 2
PlayerRightCollisionGroup: 5
RequestedGroup: 5
BeforeGroup: 7
AfterGroup: 5
Item_EquippedValue: 5
Item_AttackValue: 7
RetiredMarkerExecutionCount: 0
====================================

===== PRIMARYFIRST PlayMotion =====
OwnerEntityAddress: EBB66E10
OwnerEntity: PC_Hero
MotionType: 0
Stage: REQUEST_BEFORE_ORIGINAL
ElapsedMs: 46705.196
PrimarySnapshotAvailable: 1
PrimaryMotionName: 
PrimaryHasMotionInstance: 0
PrimaryMotionRunning: 0
PrimaryPlayTime: 0.000000
PrimaryMaxTime: 0.000000
PrimaryPlaySpeed: 0.000000
Stage: RESULT_AFTER_ORIGINAL
ElapsedMs: 46705.211
PrimarySnapshotAvailable: 1
PrimaryMotionName: Hero_Stand_None_1H_P0_Ambient_Loop_N_Fwd_01_%_01_P0_0.xmot
PrimaryHasMotionInstance: 1
PrimaryMotionRunning: 1
PrimaryPlayTime: 0.000000
PrimaryMaxTime: 2.000000
PrimaryPlaySpeed: 1.000000
CleanupBehaviorChanged: 0
=====================================

===== PRIMARYFIRST PlayMotion =====
OwnerEntityAddress: EBB66E10
OwnerEntity: PC_Hero
MotionType: 0
Stage: REQUEST_BEFORE_ORIGINAL
ElapsedMs: 47987.907
PrimarySnapshotAvailable: 1
PrimaryMotionName: 
PrimaryHasMotionInstance: 0
PrimaryMotionRunning: 0
PrimaryPlayTime: 0.000000
PrimaryMaxTime: 0.000000
PrimaryPlaySpeed: 0.000000
Stage: RESULT_AFTER_ORIGINAL
ElapsedMs: 47987.921
PrimarySnapshotAvailable: 1
PrimaryMotionName: Hero_Parade_None_1H_P0_Ambient_Loop_N_Fwd_00_%_00_P0_0.xmot
PrimaryHasMotionInstance: 1
PrimaryMotionRunning: 1
PrimaryPlayTime: 0.000000
PrimaryMaxTime: 2.000000
PrimaryPlaySpeed: 1.000000
CleanupBehaviorChanged: 0
=====================================

===== PRIMARYFIRST PlayMotion =====
OwnerEntityAddress: EBB66E10
OwnerEntity: PC_Hero
MotionType: 0
Stage: REQUEST_BEFORE_ORIGINAL
ElapsedMs: 48070.737
PrimarySnapshotAvailable: 1
PrimaryMotionName: 
PrimaryHasMotionInstance: 0
PrimaryMotionRunning: 0
PrimaryPlayTime: 0.000000
PrimaryMaxTime: 0.000000
PrimaryPlaySpeed: 0.000000
Stage: RESULT_AFTER_ORIGINAL
ElapsedMs: 48070.752
PrimarySnapshotAvailable: 1
PrimaryMotionName: Hero_Stand_None_1H_P0_Ambient_Loop_N_Fwd_01_%_01_P0_0.xmot
PrimaryHasMotionInstance: 1
PrimaryMotionRunning: 1
PrimaryPlayTime: 0.000000
PrimaryMaxTime: 2.000000
PrimaryPlaySpeed: 1.000000
CleanupBehaviorChanged: 0
=====================================

===== PRIMARYFIRST StopMotion =====
OwnerEntityAddress: EBB66E10
OwnerEntity: PC_Hero
MotionType: 0
Stage: REQUEST_BEFORE_ORIGINAL
ElapsedMs: 48071.036
PrimarySnapshotAvailable: 1
PrimaryMotionName: 
PrimaryHasMotionInstance: 0
PrimaryMotionRunning: 0
PrimaryPlayTime: 0.000000
PrimaryMaxTime: 0.000000
PrimaryPlaySpeed: 0.000000
Stage: RESULT_AFTER_ORIGINAL
ElapsedMs: 48071.036
PrimarySnapshotAvailable: 1
PrimaryMotionName: 
PrimaryHasMotionInstance: 0
PrimaryMotionRunning: 0
PrimaryPlayTime: 0.000000
PrimaryMaxTime: 0.000000
PrimaryPlaySpeed: 0.000000
CleanupBehaviorChanged: 0
=====================================

===== PRIMARYFIRST PlayMotion =====
OwnerEntityAddress: EBB66E10
OwnerEntity: PC_Hero
MotionType: 0
Stage: REQUEST_BEFORE_ORIGINAL
ElapsedMs: 48071.063
PrimarySnapshotAvailable: 1
PrimaryMotionName: 
PrimaryHasMotionInstance: 0
PrimaryMotionRunning: 0
PrimaryPlayTime: 0.000000
PrimaryMaxTime: 0.000000
PrimaryPlaySpeed: 0.000000
Stage: RESULT_AFTER_ORIGINAL
ElapsedMs: 48071.072
PrimarySnapshotAvailable: 1
PrimaryMotionName: Hero_Stand_None_1H_P0_QuickAttackL_Hit_N_Fwd_00_%_00_P0_100_L.xmot
PrimaryHasMotionInstance: 1
PrimaryMotionRunning: 1
PrimaryPlayTime: 0.000000
PrimaryMaxTime: 0.440000
PrimaryPlaySpeed: 1.000000
CleanupBehaviorChanged: 0
=====================================

===== MARKER OWNERSHIP DECISION =====
ElapsedMs: 48071.114
Actor: PC_Hero
CurrentMovementAni: Hero_Stand_None_1H_P0_QuickAttackL_Hit_N_Fwd_00_%_00_P0_100_L.xmot
MatchingMotionFound: 1
FrameEffectCount: 1
ContainsReservedSourceMarker: 0
RequiredSourceMask: 0
AuthoredRIGHTMarkerCount: 0
FirstRIGHTMarkerFrame: -1
AuthoredLEFTMarkerCount: 0
FirstLEFTMarkerFrame: -1
AuthoredBOTHMarkerCount: 0
FirstBOTHMarkerFrame: -1
AuthoredOFFMarkerCount: 0
FirstOFFMarkerFrame: -1
RightHandSourceResolved: 1
RightHandSource: It_1H_Sword_Rust_01
RightHandSourceAddress: E70E8C10
RightHandSourceUseType: 2
RightHandSourceCollisionGroup: 5
LeftHandSourceResolved: 0
Decision: LEGACY/NATIVE - call original timer callback
=====================================

===== ENGINE SetCollisionGroup =====
ElapsedMs: 48175.162
Entity: It_1H_Sword_Rust_01
ChangedEntityAddress: E70E8C10
PlayerSlotMatch: RIGHT
PlayerAction: 5
PlayerAniPhase: 1
PlayerPrimaryPose: 1
PlayerStateTime: 0.102996
PlayerStatePosition: 0
PlayerCurrentMovementAni: Hero_Stand_None_1H_P0_QuickAttackL_Hit_N_Fwd_00_%_00_P0_100_L.xmot
PlayerLeftItem: <none>
PlayerLeftItemAddress: 00000000
PlayerLeftUseType: -1
PlayerLeftCollisionGroup: -1
PlayerRightItem: It_1H_Sword_Rust_01
PlayerRightItemAddress: E70E8C10
PlayerRightUseType: 2
PlayerRightCollisionGroup: 7
RequestedGroup: 7
BeforeGroup: 5
AfterGroup: 7
Item_EquippedValue: 5
Item_AttackValue: 7
RetiredMarkerExecutionCount: 0
====================================

===== COMBATMOVE STARTRECOVER BEGIN =====
ActorAddress: EBB66E10
Actor: PC_Hero
CurrentAction: 5
CurrentAniPhase: 1
CurrentMovementAni: Hero_Stand_None_1H_P0_QuickAttackL_Hit_N_Fwd_00_%_00_P0_100_L.xmot
Stage: BEGIN
ElapsedMs: 48513.273
PrimarySnapshotAvailable: 1
PrimaryMotionName: Hero_Stand_None_1H_P0_QuickAttackL_Hit_N_Fwd_00_%_00_P0_100_L.xmot
PrimaryHasMotionInstance: 1
PrimaryMotionRunning: 1
PrimaryPlayTime: 0.439990
PrimaryMaxTime: 0.440000
PrimaryPlaySpeed: 0.000000
LeftHandSourceResolved: 0
RightHandSourceResolved: 1
RightHandSource: It_1H_Sword_Rust_01
RightHandSourceAddress: E70E8C10
RightHandSourceCollisionGroup: 7
CleanupBehaviorChanged: 0
=========================================

===== PRIMARYFIRST StopMotion =====
OwnerEntityAddress: EBB66E10
OwnerEntity: PC_Hero
MotionType: 0
Stage: REQUEST_BEFORE_ORIGINAL
ElapsedMs: 48513.525
PrimarySnapshotAvailable: 1
PrimaryMotionName: 
PrimaryHasMotionInstance: 0
PrimaryMotionRunning: 0
PrimaryPlayTime: 0.000000
PrimaryMaxTime: 0.000000
PrimaryPlaySpeed: 0.000000
Stage: RESULT_AFTER_ORIGINAL
ElapsedMs: 48513.525
PrimarySnapshotAvailable: 1
PrimaryMotionName: 
PrimaryHasMotionInstance: 0
PrimaryMotionRunning: 0
PrimaryPlayTime: 0.000000
PrimaryMaxTime: 0.000000
PrimaryPlaySpeed: 0.000000
CleanupBehaviorChanged: 0
=====================================

===== PRIMARYFIRST PlayMotion =====
OwnerEntityAddress: EBB66E10
OwnerEntity: PC_Hero
MotionType: 0
Stage: REQUEST_BEFORE_ORIGINAL
ElapsedMs: 48513.552
PrimarySnapshotAvailable: 1
PrimaryMotionName: 
PrimaryHasMotionInstance: 0
PrimaryMotionRunning: 0
PrimaryPlayTime: 0.000000
PrimaryMaxTime: 0.000000
PrimaryPlaySpeed: 0.000000
Stage: RESULT_AFTER_ORIGINAL
ElapsedMs: 48513.563
PrimarySnapshotAvailable: 1
PrimaryMotionName: Hero_Stand_None_1H_P0_QuickAttackL_Recover_N_Fwd_00_%_00_P0_0_L.xmot
PrimaryHasMotionInstance: 1
PrimaryMotionRunning: 1
PrimaryPlayTime: 0.000000
PrimaryMaxTime: 0.440000
PrimaryPlaySpeed: 1.000000
CleanupBehaviorChanged: 0
=====================================

===== COMBATMOVE STARTRECOVER END =====
ActorAddress: EBB66E10
Actor: PC_Hero
CurrentAction: 5
CurrentAniPhase: 3
CurrentMovementAni: Hero_Stand_None_1H_P0_QuickAttackL_Hit_N_Fwd_00_%_00_P0_100_L.xmot
Stage: END
ElapsedMs: 48513.584
PrimarySnapshotAvailable: 1
PrimaryMotionName: Hero_Stand_None_1H_P0_QuickAttackL_Recover_N_Fwd_00_%_00_P0_0_L.xmot
PrimaryHasMotionInstance: 1
PrimaryMotionRunning: 1
PrimaryPlayTime: 0.000000
PrimaryMaxTime: 0.440000
PrimaryPlaySpeed: 1.000000
LeftHandSourceResolved: 0
RightHandSourceResolved: 1
RightHandSource: It_1H_Sword_Rust_01
RightHandSourceAddress: E70E8C10
RightHandSourceCollisionGroup: 7
CleanupBehaviorChanged: 0
=========================================

===== ENGINE SetCollisionGroup =====
ElapsedMs: 48513.638
Entity: It_1H_Sword_Rust_01
ChangedEntityAddress: E70E8C10
PlayerSlotMatch: RIGHT
PlayerAction: 5
PlayerAniPhase: 3
PlayerPrimaryPose: 1
PlayerStateTime: 0.443603
PlayerStatePosition: 1
PlayerCurrentMovementAni: Hero_Stand_None_1H_P0_QuickAttackL_Hit_N_Fwd_00_%_00_P0_100_L.xmot
PlayerLeftItem: <none>
PlayerLeftItemAddress: 00000000
PlayerLeftUseType: -1
PlayerLeftCollisionGroup: -1
PlayerRightItem: It_1H_Sword_Rust_01
PlayerRightItemAddress: E70E8C10
PlayerRightUseType: 2
PlayerRightCollisionGroup: 5
RequestedGroup: 5
BeforeGroup: 7
AfterGroup: 5
Item_EquippedValue: 5
Item_AttackValue: 7
RetiredMarkerExecutionCount: 0
====================================

===== PRIMARYFIRST PlayMotion =====
OwnerEntityAddress: EBB66E10
OwnerEntity: PC_Hero
MotionType: 0
Stage: REQUEST_BEFORE_ORIGINAL
ElapsedMs: 48963.150
PrimarySnapshotAvailable: 1
PrimaryMotionName: 
PrimaryHasMotionInstance: 0
PrimaryMotionRunning: 0
PrimaryPlayTime: 0.000000
PrimaryMaxTime: 0.000000
PrimaryPlaySpeed: 0.000000
Stage: RESULT_AFTER_ORIGINAL
ElapsedMs: 48963.164
PrimarySnapshotAvailable: 1
PrimaryMotionName: Hero_Stand_None_1H_P0_Ambient_Loop_N_Fwd_00_%_01_P0_0.xmot
PrimaryHasMotionInstance: 1
PrimaryMotionRunning: 1
PrimaryPlayTime: 0.000000
PrimaryMaxTime: 2.000000
PrimaryPlaySpeed: 1.000000
CleanupBehaviorChanged: 0
=====================================

===== PRIMARYFIRST PlayMotion =====
OwnerEntityAddress: EBB66E10
OwnerEntity: PC_Hero
MotionType: 0
Stage: REQUEST_BEFORE_ORIGINAL
ElapsedMs: 50763.446
PrimarySnapshotAvailable: 1
PrimaryMotionName: 
PrimaryHasMotionInstance: 0
PrimaryMotionRunning: 0
PrimaryPlayTime: 0.000000
PrimaryMaxTime: 0.000000
PrimaryPlaySpeed: 0.000000
Stage: RESULT_AFTER_ORIGINAL
ElapsedMs: 50763.680
PrimarySnapshotAvailable: 1
PrimaryMotionName: Hero_Stand_None_1H_P0_Ambient_Ambient_N_Fwd_00_%_00_P0_0.xmot
PrimaryHasMotionInstance: 1
PrimaryMotionRunning: 1
PrimaryPlayTime: 0.000000
PrimaryMaxTime: 1.400000
PrimaryPlaySpeed: 1.000000
CleanupBehaviorChanged: 0
=====================================

===== PRIMARYFIRST PlayMotion =====
OwnerEntityAddress: EBB66E10
OwnerEntity: PC_Hero
MotionType: 0
Stage: REQUEST_BEFORE_ORIGINAL
ElapsedMs: 51807.570
PrimarySnapshotAvailable: 1
PrimaryMotionName: 
PrimaryHasMotionInstance: 0
PrimaryMotionRunning: 0
PrimaryPlayTime: 0.000000
PrimaryMaxTime: 0.000000
PrimaryPlaySpeed: 0.000000
Stage: RESULT_AFTER_ORIGINAL
ElapsedMs: 51807.584
PrimarySnapshotAvailable: 1
PrimaryMotionName: Hero_Parade_None_1H_P0_Ambient_Loop_N_Fwd_00_%_00_P0_0.xmot
PrimaryHasMotionInstance: 1
PrimaryMotionRunning: 1
PrimaryPlayTime: 0.000000
PrimaryMaxTime: 2.000000
PrimaryPlaySpeed: 1.000000
CleanupBehaviorChanged: 0
=====================================

===== PRIMARYFIRST StopMotion =====
OwnerEntityAddress: EBB66E10
OwnerEntity: PC_Hero
MotionType: 0
Stage: REQUEST_BEFORE_ORIGINAL
ElapsedMs: 53399.554
PrimarySnapshotAvailable: 1
PrimaryMotionName: 
PrimaryHasMotionInstance: 0
PrimaryMotionRunning: 0
PrimaryPlayTime: 0.000000
PrimaryMaxTime: 0.000000
PrimaryPlaySpeed: 0.000000
Stage: RESULT_AFTER_ORIGINAL
ElapsedMs: 53399.555
PrimarySnapshotAvailable: 1
PrimaryMotionName: 
PrimaryHasMotionInstance: 0
PrimaryMotionRunning: 0
PrimaryPlayTime: 0.000000
PrimaryMaxTime: 0.000000
PrimaryPlaySpeed: 0.000000
CleanupBehaviorChanged: 0
=====================================

===== PRIMARYFIRST PlayMotion =====
OwnerEntityAddress: EBB66E10
OwnerEntity: PC_Hero
MotionType: 0
Stage: REQUEST_BEFORE_ORIGINAL
ElapsedMs: 53399.601
PrimarySnapshotAvailable: 1
PrimaryMotionName: 
PrimaryHasMotionInstance: 0
PrimaryMotionRunning: 0
PrimaryPlayTime: 0.000000
PrimaryMaxTime: 0.000000
PrimaryPlaySpeed: 0.000000
Stage: RESULT_AFTER_ORIGINAL
ElapsedMs: 53399.612
PrimarySnapshotAvailable: 1
PrimaryMotionName: Hero_Stand_None_1H_P0_QuickAttackR_Hit_N_Fwd_00_%_00_P0_100_R.xmot
PrimaryHasMotionInstance: 1
PrimaryMotionRunning: 1
PrimaryPlayTime: 0.000000
PrimaryMaxTime: 0.400000
PrimaryPlaySpeed: 1.000000
CleanupBehaviorChanged: 0
=====================================

===== MARKER OWNERSHIP DECISION =====
ElapsedMs: 53399.655
Actor: PC_Hero
CurrentMovementAni: Hero_Stand_None_1H_P0_QuickAttackR_Hit_N_Fwd_00_%_00_P0_100_R.xmot
MatchingMotionFound: 1
FrameEffectCount: 1
ContainsReservedSourceMarker: 0
RequiredSourceMask: 0
AuthoredRIGHTMarkerCount: 0
FirstRIGHTMarkerFrame: -1
AuthoredLEFTMarkerCount: 0
FirstLEFTMarkerFrame: -1
AuthoredBOTHMarkerCount: 0
FirstBOTHMarkerFrame: -1
AuthoredOFFMarkerCount: 0
FirstOFFMarkerFrame: -1
RightHandSourceResolved: 1
RightHandSource: It_1H_Sword_Rust_01
RightHandSourceAddress: E70E8C10
RightHandSourceUseType: 2
RightHandSourceCollisionGroup: 5
LeftHandSourceResolved: 0
Decision: LEGACY/NATIVE - call original timer callback
=====================================

===== ENGINE SetCollisionGroup =====
ElapsedMs: 53504.667
Entity: It_1H_Sword_Rust_01
ChangedEntityAddress: E70E8C10
PlayerSlotMatch: RIGHT
PlayerAction: 4
PlayerAniPhase: 1
PlayerPrimaryPose: 1
PlayerStateTime: 0.104007
PlayerStatePosition: 0
PlayerCurrentMovementAni: Hero_Stand_None_1H_P0_QuickAttackR_Hit_N_Fwd_00_%_00_P0_100_R.xmot
PlayerLeftItem: <none>
PlayerLeftItemAddress: 00000000
PlayerLeftUseType: -1
PlayerLeftCollisionGroup: -1
PlayerRightItem: It_1H_Sword_Rust_01
PlayerRightItemAddress: E70E8C10
PlayerRightUseType: 2
PlayerRightCollisionGroup: 7
RequestedGroup: 7
BeforeGroup: 5
AfterGroup: 7
Item_EquippedValue: 5
Item_AttackValue: 7
RetiredMarkerExecutionCount: 0
====================================

===== COMBATMOVE STARTRECOVER BEGIN =====
ActorAddress: EBB66E10
Actor: PC_Hero
CurrentAction: 4
CurrentAniPhase: 1
CurrentMovementAni: Hero_Stand_None_1H_P0_QuickAttackR_Hit_N_Fwd_00_%_00_P0_100_R.xmot
Stage: BEGIN
ElapsedMs: 53799.740
PrimarySnapshotAvailable: 1
PrimaryMotionName: Hero_Stand_None_1H_P0_QuickAttackR_Hit_N_Fwd_00_%_00_P0_100_R.xmot
PrimaryHasMotionInstance: 1
PrimaryMotionRunning: 1
PrimaryPlayTime: 0.399990
PrimaryMaxTime: 0.400000
PrimaryPlaySpeed: 0.000000
LeftHandSourceResolved: 0
RightHandSourceResolved: 1
RightHandSource: It_1H_Sword_Rust_01
RightHandSourceAddress: E70E8C10
RightHandSourceCollisionGroup: 7
CleanupBehaviorChanged: 0
=========================================

===== PRIMARYFIRST StopMotion =====
OwnerEntityAddress: EBB66E10
OwnerEntity: PC_Hero
MotionType: 0
Stage: REQUEST_BEFORE_ORIGINAL
ElapsedMs: 53799.805
PrimarySnapshotAvailable: 1
PrimaryMotionName: 
PrimaryHasMotionInstance: 0
PrimaryMotionRunning: 0
PrimaryPlayTime: 0.000000
PrimaryMaxTime: 0.000000
PrimaryPlaySpeed: 0.000000
Stage: RESULT_AFTER_ORIGINAL
ElapsedMs: 53799.805
PrimarySnapshotAvailable: 1
PrimaryMotionName: 
PrimaryHasMotionInstance: 0
PrimaryMotionRunning: 0
PrimaryPlayTime: 0.000000
PrimaryMaxTime: 0.000000
PrimaryPlaySpeed: 0.000000
CleanupBehaviorChanged: 0
=====================================

===== PRIMARYFIRST PlayMotion =====
OwnerEntityAddress: EBB66E10
OwnerEntity: PC_Hero
MotionType: 0
Stage: REQUEST_BEFORE_ORIGINAL
ElapsedMs: 53799.828
PrimarySnapshotAvailable: 1
PrimaryMotionName: 
PrimaryHasMotionInstance: 0
PrimaryMotionRunning: 0
PrimaryPlayTime: 0.000000
PrimaryMaxTime: 0.000000
PrimaryPlaySpeed: 0.000000
Stage: RESULT_AFTER_ORIGINAL
ElapsedMs: 53799.839
PrimarySnapshotAvailable: 1
PrimaryMotionName: Hero_Stand_None_1H_P0_QuickAttackR_Recover_N_Fwd_00_%_00_P0_0_R.xmot
PrimaryHasMotionInstance: 1
PrimaryMotionRunning: 1
PrimaryPlayTime: 0.000000
PrimaryMaxTime: 0.480000
PrimaryPlaySpeed: 1.000000
CleanupBehaviorChanged: 0
=====================================

===== COMBATMOVE STARTRECOVER END =====
ActorAddress: EBB66E10
Actor: PC_Hero
CurrentAction: 4
CurrentAniPhase: 3
CurrentMovementAni: Hero_Stand_None_1H_P0_QuickAttackR_Hit_N_Fwd_00_%_00_P0_100_R.xmot
Stage: END
ElapsedMs: 53799.860
PrimarySnapshotAvailable: 1
PrimaryMotionName: Hero_Stand_None_1H_P0_QuickAttackR_Recover_N_Fwd_00_%_00_P0_0_R.xmot
PrimaryHasMotionInstance: 1
PrimaryMotionRunning: 1
PrimaryPlayTime: 0.000000
PrimaryMaxTime: 0.480000
PrimaryPlaySpeed: 1.000000
LeftHandSourceResolved: 0
RightHandSourceResolved: 1
RightHandSource: It_1H_Sword_Rust_01
RightHandSourceAddress: E70E8C10
RightHandSourceCollisionGroup: 7
CleanupBehaviorChanged: 0
=========================================

===== ENGINE SetCollisionGroup =====
ElapsedMs: 53799.912
Entity: It_1H_Sword_Rust_01
ChangedEntityAddress: E70E8C10
PlayerSlotMatch: RIGHT
PlayerAction: 4
PlayerAniPhase: 3
PlayerPrimaryPose: 1
PlayerStateTime: 0.400571
PlayerStatePosition: 1
PlayerCurrentMovementAni: Hero_Stand_None_1H_P0_QuickAttackR_Hit_N_Fwd_00_%_00_P0_100_R.xmot
PlayerLeftItem: <none>
PlayerLeftItemAddress: 00000000
PlayerLeftUseType: -1
PlayerLeftCollisionGroup: -1
PlayerRightItem: It_1H_Sword_Rust_01
PlayerRightItemAddress: E70E8C10
PlayerRightUseType: 2
PlayerRightCollisionGroup: 5
RequestedGroup: 5
BeforeGroup: 7
AfterGroup: 5
Item_EquippedValue: 5
Item_AttackValue: 7
RetiredMarkerExecutionCount: 0
====================================

===== PRIMARYFIRST PlayMotion =====
OwnerEntityAddress: EBB66E10
OwnerEntity: PC_Hero
MotionType: 0
Stage: REQUEST_BEFORE_ORIGINAL
ElapsedMs: 54290.437
PrimarySnapshotAvailable: 1
PrimaryMotionName: 
PrimaryHasMotionInstance: 0
PrimaryMotionRunning: 0
PrimaryPlayTime: 0.000000
PrimaryMaxTime: 0.000000
PrimaryPlaySpeed: 0.000000
Stage: RESULT_AFTER_ORIGINAL
ElapsedMs: 54290.453
PrimarySnapshotAvailable: 1
PrimaryMotionName: Hero_Stand_None_1H_P0_Ambient_Loop_N_Fwd_00_%_01_P0_0.xmot
PrimaryHasMotionInstance: 1
PrimaryMotionRunning: 1
PrimaryPlayTime: 0.000000
PrimaryMaxTime: 2.000000
PrimaryPlaySpeed: 1.000000
CleanupBehaviorChanged: 0
=====================================

===== PRIMARYFIRST PlayMotion =====
OwnerEntityAddress: EBB66E10
OwnerEntity: PC_Hero
MotionType: 0
Stage: REQUEST_BEFORE_ORIGINAL
ElapsedMs: 55606.929
PrimarySnapshotAvailable: 1
PrimaryMotionName: 
PrimaryHasMotionInstance: 0
PrimaryMotionRunning: 0
PrimaryPlayTime: 0.000000
PrimaryMaxTime: 0.000000
PrimaryPlaySpeed: 0.000000
Stage: RESULT_AFTER_ORIGINAL
ElapsedMs: 55606.944
PrimarySnapshotAvailable: 1
PrimaryMotionName: Hero_Parade_None_1H_P0_Ambient_Loop_N_Fwd_00_%_00_P0_0.xmot
PrimaryHasMotionInstance: 1
PrimaryMotionRunning: 1
PrimaryPlayTime: 0.000000
PrimaryMaxTime: 2.000000
PrimaryPlaySpeed: 1.000000
CleanupBehaviorChanged: 0
=====================================

===== PRIMARYFIRST PlayMotion =====
OwnerEntityAddress: EBB66E10
OwnerEntity: PC_Hero
MotionType: 0
Stage: REQUEST_BEFORE_ORIGINAL
ElapsedMs: 57407.456
PrimarySnapshotAvailable: 1
PrimaryMotionName: 
PrimaryHasMotionInstance: 0
PrimaryMotionRunning: 0
PrimaryPlayTime: 0.000000
PrimaryMaxTime: 0.000000
PrimaryPlaySpeed: 0.000000
Stage: RESULT_AFTER_ORIGINAL
ElapsedMs: 57407.470
PrimarySnapshotAvailable: 1
PrimaryMotionName: Hero_Parade_None_1H_P0_Ambient_Loop_N_Fwd_00_%_00_P0_0.xmot
PrimaryHasMotionInstance: 1
PrimaryMotionRunning: 1
PrimaryPlayTime: 0.000000
PrimaryMaxTime: 2.000000
PrimaryPlaySpeed: 1.000000
CleanupBehaviorChanged: 0
=====================================

===== PRIMARYFIRST StopMotion =====
OwnerEntityAddress: EBB66E10
OwnerEntity: PC_Hero
MotionType: 0
Stage: REQUEST_BEFORE_ORIGINAL
ElapsedMs: 57922.315
PrimarySnapshotAvailable: 1
PrimaryMotionName: 
PrimaryHasMotionInstance: 0
PrimaryMotionRunning: 0
PrimaryPlayTime: 0.000000
PrimaryMaxTime: 0.000000
PrimaryPlaySpeed: 0.000000
Stage: RESULT_AFTER_ORIGINAL
ElapsedMs: 57922.315
PrimarySnapshotAvailable: 1
PrimaryMotionName: 
PrimaryHasMotionInstance: 0
PrimaryMotionRunning: 0
PrimaryPlayTime: 0.000000
PrimaryMaxTime: 0.000000
PrimaryPlaySpeed: 0.000000
CleanupBehaviorChanged: 0
=====================================

===== PRIMARYFIRST PlayMotion =====
OwnerEntityAddress: EBB66E10
OwnerEntity: PC_Hero
MotionType: 0
Stage: REQUEST_BEFORE_ORIGINAL
ElapsedMs: 57922.360
PrimarySnapshotAvailable: 1
PrimaryMotionName: 
PrimaryHasMotionInstance: 0
PrimaryMotionRunning: 0
PrimaryPlayTime: 0.000000
PrimaryMaxTime: 0.000000
PrimaryPlaySpeed: 0.000000
Stage: RESULT_AFTER_ORIGINAL
ElapsedMs: 57922.374
PrimarySnapshotAvailable: 1
PrimaryMotionName: Hero_Stand_None_1H_P0_QuickAttackL_Hit_N_Fwd_00_%_00_P0_100_L.xmot
PrimaryHasMotionInstance: 1
PrimaryMotionRunning: 1
PrimaryPlayTime: 0.000000
PrimaryMaxTime: 0.440000
PrimaryPlaySpeed: 1.000000
CleanupBehaviorChanged: 0
=====================================

===== MARKER OWNERSHIP DECISION =====
ElapsedMs: 57922.419
Actor: PC_Hero
CurrentMovementAni: Hero_Stand_None_1H_P0_QuickAttackL_Hit_N_Fwd_00_%_00_P0_100_L.xmot
MatchingMotionFound: 1
FrameEffectCount: 1
ContainsReservedSourceMarker: 0
RequiredSourceMask: 0
AuthoredRIGHTMarkerCount: 0
FirstRIGHTMarkerFrame: -1
AuthoredLEFTMarkerCount: 0
FirstLEFTMarkerFrame: -1
AuthoredBOTHMarkerCount: 0
FirstBOTHMarkerFrame: -1
AuthoredOFFMarkerCount: 0
FirstOFFMarkerFrame: -1
RightHandSourceResolved: 1
RightHandSource: It_1H_Sword_Rust_01
RightHandSourceAddress: E70E8C10
RightHandSourceUseType: 2
RightHandSourceCollisionGroup: 5
LeftHandSourceResolved: 0
Decision: LEGACY/NATIVE - call original timer callback
=====================================

===== ENGINE SetCollisionGroup =====
ElapsedMs: 58029.317
Entity: It_1H_Sword_Rust_01
ChangedEntityAddress: E70E8C10
PlayerSlotMatch: RIGHT
PlayerAction: 5
PlayerAniPhase: 1
PlayerPrimaryPose: 1
PlayerStateTime: 0.103984
PlayerStatePosition: 0
PlayerCurrentMovementAni: Hero_Stand_None_1H_P0_QuickAttackL_Hit_N_Fwd_00_%_00_P0_100_L.xmot
PlayerLeftItem: <none>
PlayerLeftItemAddress: 00000000
PlayerLeftUseType: -1
PlayerLeftCollisionGroup: -1
PlayerRightItem: It_1H_Sword_Rust_01
PlayerRightItemAddress: E70E8C10
PlayerRightUseType: 2
PlayerRightCollisionGroup: 7
RequestedGroup: 7
BeforeGroup: 5
AfterGroup: 7
Item_EquippedValue: 5
Item_AttackValue: 7
RetiredMarkerExecutionCount: 0
====================================

===== PRIMARYFIRST PlayMotion =====
OwnerEntityAddress: EBB66E10
OwnerEntity: PC_Hero
MotionType: 0
Stage: REQUEST_BEFORE_ORIGINAL
ElapsedMs: 58367.391
PrimarySnapshotAvailable: 1
PrimaryMotionName: 
PrimaryHasMotionInstance: 0
PrimaryMotionRunning: 0
PrimaryPlayTime: 0.000000
PrimaryMaxTime: 0.000000
PrimaryPlaySpeed: 0.000000
Stage: RESULT_AFTER_ORIGINAL
ElapsedMs: 58367.404
PrimarySnapshotAvailable: 1
PrimaryMotionName: Hero_Stand_None_1H_P0_Ambient_Ambient_N_Fwd_00_%_00_P0_0.xmot
PrimaryHasMotionInstance: 1
PrimaryMotionRunning: 1
PrimaryPlayTime: 0.000000
PrimaryMaxTime: 1.400000
PrimaryPlaySpeed: 1.000000
CleanupBehaviorChanged: 0
=====================================

===== PRIMARYFIRST PlayMotion =====
OwnerEntityAddress: EBB66E10
OwnerEntity: PC_Hero
MotionType: 0
Stage: REQUEST_BEFORE_ORIGINAL
ElapsedMs: 59574.179
PrimarySnapshotAvailable: 1
PrimaryMotionName: 
PrimaryHasMotionInstance: 0
PrimaryMotionRunning: 0
PrimaryPlayTime: 0.000000
PrimaryMaxTime: 0.000000
PrimaryPlaySpeed: 0.000000
Stage: RESULT_AFTER_ORIGINAL
ElapsedMs: 59574.195
PrimarySnapshotAvailable: 1
PrimaryMotionName: Hero_Stand_None_1H_P0_Ambient_Loop_N_Fwd_00_%_01_P0_0.xmot
PrimaryHasMotionInstance: 1
PrimaryMotionRunning: 1
PrimaryPlayTime: 0.000000
PrimaryMaxTime: 2.000000
PrimaryPlaySpeed: 1.000000
CleanupBehaviorChanged: 0
=====================================

===== PRIMARYFIRST PlayMotion =====
OwnerEntityAddress: EBB66E10
OwnerEntity: PC_Hero
MotionType: 0
Stage: REQUEST_BEFORE_ORIGINAL
ElapsedMs: 60461.729
PrimarySnapshotAvailable: 1
PrimaryMotionName: 
PrimaryHasMotionInstance: 0
PrimaryMotionRunning: 0
PrimaryPlayTime: 0.000000
PrimaryMaxTime: 0.000000
PrimaryPlaySpeed: 0.000000
Stage: RESULT_AFTER_ORIGINAL
ElapsedMs: 60461.745
PrimarySnapshotAvailable: 1
PrimaryMotionName: Hero_Parade_None_1H_P0_Ambient_Loop_N_Fwd_00_%_00_P0_0.xmot
PrimaryHasMotionInstance: 1
PrimaryMotionRunning: 1
PrimaryPlayTime: 0.000000
PrimaryMaxTime: 2.000000
PrimaryPlaySpeed: 1.000000
CleanupBehaviorChanged: 0
=====================================

===== PRIMARYFIRST PlayMotion =====
OwnerEntityAddress: EBB66E10
OwnerEntity: PC_Hero
MotionType: 0
Stage: REQUEST_BEFORE_ORIGINAL
ElapsedMs: 62267.513
PrimarySnapshotAvailable: 1
PrimaryMotionName: 
PrimaryHasMotionInstance: 0
PrimaryMotionRunning: 0
PrimaryPlayTime: 0.000000
PrimaryMaxTime: 0.000000
PrimaryPlaySpeed: 0.000000
Stage: RESULT_AFTER_ORIGINAL
ElapsedMs: 62267.530
PrimarySnapshotAvailable: 1
PrimaryMotionName: Hero_Parade_None_1H_P0_Ambient_Loop_N_Fwd_00_%_00_P0_0.xmot
PrimaryHasMotionInstance: 1
PrimaryMotionRunning: 1
PrimaryPlayTime: 0.000000
PrimaryMaxTime: 2.000000
PrimaryPlaySpeed: 1.000000
CleanupBehaviorChanged: 0
=====================================

===== PRIMARYFIRST StopMotion =====
OwnerEntityAddress: EBB66E10
OwnerEntity: PC_Hero
MotionType: 0
Stage: REQUEST_BEFORE_ORIGINAL
ElapsedMs: 62631.928
PrimarySnapshotAvailable: 1
PrimaryMotionName: 
PrimaryHasMotionInstance: 0
PrimaryMotionRunning: 0
PrimaryPlayTime: 0.000000
PrimaryMaxTime: 0.000000
PrimaryPlaySpeed: 0.000000
Stage: RESULT_AFTER_ORIGINAL
ElapsedMs: 62631.929
PrimarySnapshotAvailable: 1
PrimaryMotionName: 
PrimaryHasMotionInstance: 0
PrimaryMotionRunning: 0
PrimaryPlayTime: 0.000000
PrimaryMaxTime: 0.000000
PrimaryPlaySpeed: 0.000000
CleanupBehaviorChanged: 0
=====================================

===== PRIMARYFIRST PlayMotion =====
OwnerEntityAddress: EBB66E10
OwnerEntity: PC_Hero
MotionType: 0
Stage: REQUEST_BEFORE_ORIGINAL
ElapsedMs: 62631.978
PrimarySnapshotAvailable: 1
PrimaryMotionName: 
PrimaryHasMotionInstance: 0
PrimaryMotionRunning: 0
PrimaryPlayTime: 0.000000
PrimaryMaxTime: 0.000000
PrimaryPlaySpeed: 0.000000
Stage: RESULT_AFTER_ORIGINAL
ElapsedMs: 62631.992
PrimarySnapshotAvailable: 1
PrimaryMotionName: Hero_Stand_None_1H_P0_QuickAttackR_Hit_N_Fwd_00_%_00_P0_100_R.xmot
PrimaryHasMotionInstance: 1
PrimaryMotionRunning: 1
PrimaryPlayTime: 0.000000
PrimaryMaxTime: 0.400000
PrimaryPlaySpeed: 1.000000
CleanupBehaviorChanged: 0
=====================================

===== MARKER OWNERSHIP DECISION =====
ElapsedMs: 62632.041
Actor: PC_Hero
CurrentMovementAni: Hero_Stand_None_1H_P0_QuickAttackR_Hit_N_Fwd_00_%_00_P0_100_R.xmot
MatchingMotionFound: 1
FrameEffectCount: 1
ContainsReservedSourceMarker: 0
RequiredSourceMask: 0
AuthoredRIGHTMarkerCount: 0
FirstRIGHTMarkerFrame: -1
AuthoredLEFTMarkerCount: 0
FirstLEFTMarkerFrame: -1
AuthoredBOTHMarkerCount: 0
FirstBOTHMarkerFrame: -1
AuthoredOFFMarkerCount: 0
FirstOFFMarkerFrame: -1
RightHandSourceResolved: 1
RightHandSource: It_1H_Sword_Rust_01
RightHandSourceAddress: E70E8C10
RightHandSourceUseType: 2
RightHandSourceCollisionGroup: 7
LeftHandSourceResolved: 0
Decision: LEGACY/NATIVE - call original timer callback
=====================================

===== ENGINE SetCollisionGroup =====
ElapsedMs: 62735.671
Entity: It_1H_Sword_Rust_01
ChangedEntityAddress: E70E8C10
PlayerSlotMatch: RIGHT
PlayerAction: 4
PlayerAniPhase: 1
PlayerPrimaryPose: 1
PlayerStateTime: 0.103994
PlayerStatePosition: 0
PlayerCurrentMovementAni: Hero_Stand_None_1H_P0_QuickAttackR_Hit_N_Fwd_00_%_00_P0_100_R.xmot
PlayerLeftItem: <none>
PlayerLeftItemAddress: 00000000
PlayerLeftUseType: -1
PlayerLeftCollisionGroup: -1
PlayerRightItem: It_1H_Sword_Rust_01
PlayerRightItemAddress: E70E8C10
PlayerRightUseType: 2
PlayerRightCollisionGroup: 7
RequestedGroup: 7
BeforeGroup: 7
AfterGroup: 7
Item_EquippedValue: 5
Item_AttackValue: 7
RetiredMarkerExecutionCount: 0
====================================

===== PRIMARYFIRST PlayMotion =====
OwnerEntityAddress: EBB66E10
OwnerEntity: PC_Hero
MotionType: 0
Stage: REQUEST_BEFORE_ORIGINAL
ElapsedMs: 63045.975
PrimarySnapshotAvailable: 1
PrimaryMotionName: 
PrimaryHasMotionInstance: 0
PrimaryMotionRunning: 0
PrimaryPlayTime: 0.000000
PrimaryMaxTime: 0.000000
PrimaryPlaySpeed: 0.000000
Stage: RESULT_AFTER_ORIGINAL
ElapsedMs: 63045.987
PrimarySnapshotAvailable: 1
PrimaryMotionName: Hero_Stand_None_1H_P0_Ambient_Ambient_N_Fwd_00_%_00_P0_0.xmot
PrimaryHasMotionInstance: 1
PrimaryMotionRunning: 1
PrimaryPlayTime: 0.000000
PrimaryMaxTime: 1.400000
PrimaryPlaySpeed: 1.000000
CleanupBehaviorChanged: 0
=====================================

===== PRIMARYFIRST PlayMotion =====
OwnerEntityAddress: EBB66E10
OwnerEntity: PC_Hero
MotionType: 0
Stage: REQUEST_BEFORE_ORIGINAL
ElapsedMs: 64241.789
PrimarySnapshotAvailable: 1
PrimaryMotionName: 
PrimaryHasMotionInstance: 0
PrimaryMotionRunning: 0
PrimaryPlayTime: 0.000000
PrimaryMaxTime: 0.000000
PrimaryPlaySpeed: 0.000000
Stage: RESULT_AFTER_ORIGINAL
ElapsedMs: 64241.806
PrimarySnapshotAvailable: 1
PrimaryMotionName: Hero_Stand_None_1H_P0_Ambient_Loop_N_Fwd_01_%_01_P0_0.xmot
PrimaryHasMotionInstance: 1
PrimaryMotionRunning: 1
PrimaryPlayTime: 0.000000
PrimaryMaxTime: 2.000000
PrimaryPlaySpeed: 1.000000
CleanupBehaviorChanged: 0
=====================================

===== PRIMARYFIRST PlayMotion =====
OwnerEntityAddress: EBB66E10
OwnerEntity: PC_Hero
MotionType: 0
Stage: REQUEST_BEFORE_ORIGINAL
ElapsedMs: 65837.197
PrimarySnapshotAvailable: 1
PrimaryMotionName: 
PrimaryHasMotionInstance: 0
PrimaryMotionRunning: 0
PrimaryPlayTime: 0.000000
PrimaryMaxTime: 0.000000
PrimaryPlaySpeed: 0.000000
Stage: RESULT_AFTER_ORIGINAL
ElapsedMs: 65837.211
PrimarySnapshotAvailable: 1
PrimaryMotionName: Hero_Parade_None_1H_P0_Ambient_Loop_N_Fwd_00_%_00_P0_0.xmot
PrimaryHasMotionInstance: 1
PrimaryMotionRunning: 1
PrimaryPlayTime: 0.000000
PrimaryMaxTime: 2.000000
PrimaryPlaySpeed: 1.000000
CleanupBehaviorChanged: 0
=====================================

===== PRIMARYFIRST StopMotion =====
OwnerEntityAddress: EBB66E10
OwnerEntity: PC_Hero
MotionType: 0
Stage: REQUEST_BEFORE_ORIGINAL
ElapsedMs: 67508.059
PrimarySnapshotAvailable: 1
PrimaryMotionName: 
PrimaryHasMotionInstance: 0
PrimaryMotionRunning: 0
PrimaryPlayTime: 0.000000
PrimaryMaxTime: 0.000000
PrimaryPlaySpeed: 0.000000
Stage: RESULT_AFTER_ORIGINAL
ElapsedMs: 67508.060
PrimarySnapshotAvailable: 1
PrimaryMotionName: 
PrimaryHasMotionInstance: 0
PrimaryMotionRunning: 0
PrimaryPlayTime: 0.000000
PrimaryMaxTime: 0.000000
PrimaryPlaySpeed: 0.000000
CleanupBehaviorChanged: 0
=====================================

===== PRIMARYFIRST PlayMotion =====
OwnerEntityAddress: EBB66E10
OwnerEntity: PC_Hero
MotionType: 0
Stage: REQUEST_BEFORE_ORIGINAL
ElapsedMs: 67508.110
PrimarySnapshotAvailable: 1
PrimaryMotionName: 
PrimaryHasMotionInstance: 0
PrimaryMotionRunning: 0
PrimaryPlayTime: 0.000000
PrimaryMaxTime: 0.000000
PrimaryPlaySpeed: 0.000000
Stage: RESULT_AFTER_ORIGINAL
ElapsedMs: 67508.122
PrimarySnapshotAvailable: 1
PrimaryMotionName: Hero_Stand_None_1H_P0_QuickAttackL_Hit_N_Fwd_00_%_00_P0_100_L.xmot
PrimaryHasMotionInstance: 1
PrimaryMotionRunning: 1
PrimaryPlayTime: 0.000000
PrimaryMaxTime: 0.440000
PrimaryPlaySpeed: 1.000000
CleanupBehaviorChanged: 0
=====================================

===== MARKER OWNERSHIP DECISION =====
ElapsedMs: 67508.165
Actor: PC_Hero
CurrentMovementAni: Hero_Stand_None_1H_P0_QuickAttackL_Hit_N_Fwd_00_%_00_P0_100_L.xmot
MatchingMotionFound: 1
FrameEffectCount: 1
ContainsReservedSourceMarker: 0
RequiredSourceMask: 0
AuthoredRIGHTMarkerCount: 0
FirstRIGHTMarkerFrame: -1
AuthoredLEFTMarkerCount: 0
FirstLEFTMarkerFrame: -1
AuthoredBOTHMarkerCount: 0
FirstBOTHMarkerFrame: -1
AuthoredOFFMarkerCount: 0
FirstOFFMarkerFrame: -1
RightHandSourceResolved: 1
RightHandSource: It_1H_Sword_Rust_01
RightHandSourceAddress: E70E8C10
RightHandSourceUseType: 2
RightHandSourceCollisionGroup: 7
LeftHandSourceResolved: 0
Decision: LEGACY/NATIVE - call original timer callback
=====================================

===== ENGINE SetCollisionGroup =====
ElapsedMs: 67615.398
Entity: It_1H_Sword_Rust_01
ChangedEntityAddress: E70E8C10
PlayerSlotMatch: RIGHT
PlayerAction: 5
PlayerAniPhase: 1
PlayerPrimaryPose: 1
PlayerStateTime: 0.107993
PlayerStatePosition: 0
PlayerCurrentMovementAni: Hero_Stand_None_1H_P0_QuickAttackL_Hit_N_Fwd_00_%_00_P0_100_L.xmot
PlayerLeftItem: <none>
PlayerLeftItemAddress: 00000000
PlayerLeftUseType: -1
PlayerLeftCollisionGroup: -1
PlayerRightItem: It_1H_Sword_Rust_01
PlayerRightItemAddress: E70E8C10
PlayerRightUseType: 2
PlayerRightCollisionGroup: 7
RequestedGroup: 7
BeforeGroup: 7
AfterGroup: 7
Item_EquippedValue: 5
Item_AttackValue: 7
RetiredMarkerExecutionCount: 0
====================================

===== COMBATMOVE STARTRECOVER BEGIN =====
ActorAddress: EBB66E10
Actor: PC_Hero
CurrentAction: 5
CurrentAniPhase: 1
CurrentMovementAni: Hero_Stand_None_1H_P0_QuickAttackL_Hit_N_Fwd_00_%_00_P0_100_L.xmot
Stage: BEGIN
ElapsedMs: 67956.580
PrimarySnapshotAvailable: 1
PrimaryMotionName: Hero_Stand_None_1H_P0_QuickAttackL_Hit_N_Fwd_00_%_00_P0_100_L.xmot
PrimaryHasMotionInstance: 1
PrimaryMotionRunning: 1
PrimaryPlayTime: 0.439990
PrimaryMaxTime: 0.440000
PrimaryPlaySpeed: 0.000000
LeftHandSourceResolved: 0
RightHandSourceResolved: 1
RightHandSource: It_1H_Sword_Rust_01
RightHandSourceAddress: E70E8C10
RightHandSourceCollisionGroup: 7
CleanupBehaviorChanged: 0
=========================================

===== PRIMARYFIRST StopMotion =====
OwnerEntityAddress: EBB66E10
OwnerEntity: PC_Hero
MotionType: 0
Stage: REQUEST_BEFORE_ORIGINAL
ElapsedMs: 67956.654
PrimarySnapshotAvailable: 1
PrimaryMotionName: 
PrimaryHasMotionInstance: 0
PrimaryMotionRunning: 0
PrimaryPlayTime: 0.000000
PrimaryMaxTime: 0.000000
PrimaryPlaySpeed: 0.000000
Stage: RESULT_AFTER_ORIGINAL
ElapsedMs: 67956.655
PrimarySnapshotAvailable: 1
PrimaryMotionName: 
PrimaryHasMotionInstance: 0
PrimaryMotionRunning: 0
PrimaryPlayTime: 0.000000
PrimaryMaxTime: 0.000000
PrimaryPlaySpeed: 0.000000
CleanupBehaviorChanged: 0
=====================================

===== PRIMARYFIRST PlayMotion =====
OwnerEntityAddress: EBB66E10
OwnerEntity: PC_Hero
MotionType: 0
Stage: REQUEST_BEFORE_ORIGINAL
ElapsedMs: 67956.688
PrimarySnapshotAvailable: 1
PrimaryMotionName: 
PrimaryHasMotionInstance: 0
PrimaryMotionRunning: 0
PrimaryPlayTime: 0.000000
PrimaryMaxTime: 0.000000
PrimaryPlaySpeed: 0.000000
Stage: RESULT_AFTER_ORIGINAL
ElapsedMs: 67956.699
PrimarySnapshotAvailable: 1
PrimaryMotionName: Hero_Stand_None_1H_P0_QuickAttackL_Recover_N_Fwd_00_%_00_P0_0_L.xmot
PrimaryHasMotionInstance: 1
PrimaryMotionRunning: 1
PrimaryPlayTime: 0.000000
PrimaryMaxTime: 0.440000
PrimaryPlaySpeed: 1.000000
CleanupBehaviorChanged: 0
=====================================

===== COMBATMOVE STARTRECOVER END =====
ActorAddress: EBB66E10
Actor: PC_Hero
CurrentAction: 5
CurrentAniPhase: 3
CurrentMovementAni: Hero_Stand_None_1H_P0_QuickAttackL_Hit_N_Fwd_00_%_00_P0_100_L.xmot
Stage: END
ElapsedMs: 67956.724
PrimarySnapshotAvailable: 1
PrimaryMotionName: Hero_Stand_None_1H_P0_QuickAttackL_Recover_N_Fwd_00_%_00_P0_0_L.xmot
PrimaryHasMotionInstance: 1
PrimaryMotionRunning: 1
PrimaryPlayTime: 0.000000
PrimaryMaxTime: 0.440000
PrimaryPlaySpeed: 1.000000
LeftHandSourceResolved: 0
RightHandSourceResolved: 1
RightHandSource: It_1H_Sword_Rust_01
RightHandSourceAddress: E70E8C10
RightHandSourceCollisionGroup: 7
CleanupBehaviorChanged: 0
=========================================

===== ENGINE SetCollisionGroup =====
ElapsedMs: 67956.777
Entity: It_1H_Sword_Rust_01
ChangedEntityAddress: E70E8C10
PlayerSlotMatch: RIGHT
PlayerAction: 5
PlayerAniPhase: 3
PlayerPrimaryPose: 1
PlayerStateTime: 0.449585
PlayerStatePosition: 1
PlayerCurrentMovementAni: Hero_Stand_None_1H_P0_QuickAttackL_Hit_N_Fwd_00_%_00_P0_100_L.xmot
PlayerLeftItem: <none>
PlayerLeftItemAddress: 00000000
PlayerLeftUseType: -1
PlayerLeftCollisionGroup: -1
PlayerRightItem: It_1H_Sword_Rust_01
PlayerRightItemAddress: E70E8C10
PlayerRightUseType: 2
PlayerRightCollisionGroup: 5
RequestedGroup: 5
BeforeGroup: 7
AfterGroup: 5
Item_EquippedValue: 5
Item_AttackValue: 7
RetiredMarkerExecutionCount: 0
====================================

===== PRIMARYFIRST PlayMotion =====
OwnerEntityAddress: EBB66E10
OwnerEntity: PC_Hero
MotionType: 0
Stage: REQUEST_BEFORE_ORIGINAL
ElapsedMs: 68406.812
PrimarySnapshotAvailable: 1
PrimaryMotionName: 
PrimaryHasMotionInstance: 0
PrimaryMotionRunning: 0
PrimaryPlayTime: 0.000000
PrimaryMaxTime: 0.000000
PrimaryPlaySpeed: 0.000000
Stage: RESULT_AFTER_ORIGINAL
ElapsedMs: 68406.827
PrimarySnapshotAvailable: 1
PrimaryMotionName: Hero_Stand_None_1H_P0_Ambient_Loop_N_Fwd_00_%_01_P0_0.xmot
PrimaryHasMotionInstance: 1
PrimaryMotionRunning: 1
PrimaryPlayTime: 0.000000
PrimaryMaxTime: 2.000000
PrimaryPlaySpeed: 1.000000
CleanupBehaviorChanged: 0
=====================================

===== PRIMARYFIRST PlayMotion =====
OwnerEntityAddress: EBB66E10
OwnerEntity: PC_Hero
MotionType: 0
Stage: REQUEST_BEFORE_ORIGINAL
ElapsedMs: 69159.548
PrimarySnapshotAvailable: 1
PrimaryMotionName: 
PrimaryHasMotionInstance: 0
PrimaryMotionRunning: 0
PrimaryPlayTime: 0.000000
PrimaryMaxTime: 0.000000
PrimaryPlaySpeed: 0.000000
Stage: RESULT_AFTER_ORIGINAL
ElapsedMs: 69159.562
PrimarySnapshotAvailable: 1
PrimaryMotionName: Hero_Parade_None_1H_P0_Ambient_Loop_N_Fwd_00_%_00_P0_0.xmot
PrimaryHasMotionInstance: 1
PrimaryMotionRunning: 1
PrimaryPlayTime: 0.000000
PrimaryMaxTime: 2.000000
PrimaryPlaySpeed: 1.000000
CleanupBehaviorChanged: 0
=====================================

===== PRIMARYFIRST PlayMotion =====
OwnerEntityAddress: EBB66E10
OwnerEntity: PC_Hero
MotionType: 0
Stage: REQUEST_BEFORE_ORIGINAL
ElapsedMs: 70964.507
PrimarySnapshotAvailable: 1
PrimaryMotionName: 
PrimaryHasMotionInstance: 0
PrimaryMotionRunning: 0
PrimaryPlayTime: 0.000000
PrimaryMaxTime: 0.000000
PrimaryPlaySpeed: 0.000000
Stage: RESULT_AFTER_ORIGINAL
ElapsedMs: 70964.521
PrimarySnapshotAvailable: 1
PrimaryMotionName: Hero_Parade_None_1H_P0_Ambient_Loop_N_Fwd_00_%_00_P0_0.xmot
PrimaryHasMotionInstance: 1
PrimaryMotionRunning: 1
PrimaryPlayTime: 0.000000
PrimaryMaxTime: 2.000000
PrimaryPlaySpeed: 1.000000
CleanupBehaviorChanged: 0
=====================================

===== PRIMARYFIRST PlayMotion =====
OwnerEntityAddress: EBB66E10
OwnerEntity: PC_Hero
MotionType: 0
Stage: REQUEST_BEFORE_ORIGINAL
ElapsedMs: 71598.644
PrimarySnapshotAvailable: 1
PrimaryMotionName: 
PrimaryHasMotionInstance: 0
PrimaryMotionRunning: 0
PrimaryPlayTime: 0.000000
PrimaryMaxTime: 0.000000
PrimaryPlaySpeed: 0.000000
Stage: RESULT_AFTER_ORIGINAL
ElapsedMs: 71598.659
PrimarySnapshotAvailable: 1
PrimaryMotionName: Hero_Stand_None_1H_P0_Ambient_Loop_N_Fwd_00_%_01_P0_0.xmot
PrimaryHasMotionInstance: 1
PrimaryMotionRunning: 1
PrimaryPlayTime: 0.000000
PrimaryMaxTime: 2.000000
PrimaryPlaySpeed: 1.000000
CleanupBehaviorChanged: 0
=====================================

===== PRIMARYFIRST StopMotion =====
OwnerEntityAddress: EBB66E10
OwnerEntity: PC_Hero
MotionType: 0
Stage: REQUEST_BEFORE_ORIGINAL
ElapsedMs: 71598.747
PrimarySnapshotAvailable: 1
PrimaryMotionName: 
PrimaryHasMotionInstance: 0
PrimaryMotionRunning: 0
PrimaryPlayTime: 0.000000
PrimaryMaxTime: 0.000000
PrimaryPlaySpeed: 0.000000
Stage: RESULT_AFTER_ORIGINAL
ElapsedMs: 71598.748
PrimarySnapshotAvailable: 1
PrimaryMotionName: 
PrimaryHasMotionInstance: 0
PrimaryMotionRunning: 0
PrimaryPlayTime: 0.000000
PrimaryMaxTime: 0.000000
PrimaryPlaySpeed: 0.000000
CleanupBehaviorChanged: 0
=====================================

===== PRIMARYFIRST PlayMotion =====
OwnerEntityAddress: EBB66E10
OwnerEntity: PC_Hero
MotionType: 0
Stage: REQUEST_BEFORE_ORIGINAL
ElapsedMs: 71598.771
PrimarySnapshotAvailable: 1
PrimaryMotionName: 
PrimaryHasMotionInstance: 0
PrimaryMotionRunning: 0
PrimaryPlayTime: 0.000000
PrimaryMaxTime: 0.000000
PrimaryPlaySpeed: 0.000000
Stage: RESULT_AFTER_ORIGINAL
ElapsedMs: 71598.781
PrimarySnapshotAvailable: 1
PrimaryMotionName: Hero_Stand_None_1H_P0_QuickAttackR_Hit_N_Fwd_00_%_00_P0_100_R.xmot
PrimaryHasMotionInstance: 1
PrimaryMotionRunning: 1
PrimaryPlayTime: 0.000000
PrimaryMaxTime: 0.400000
PrimaryPlaySpeed: 1.000000
CleanupBehaviorChanged: 0
=====================================

===== MARKER OWNERSHIP DECISION =====
ElapsedMs: 71598.820
Actor: PC_Hero
CurrentMovementAni: Hero_Stand_None_1H_P0_QuickAttackR_Hit_N_Fwd_00_%_00_P0_100_R.xmot
MatchingMotionFound: 1
FrameEffectCount: 1
ContainsReservedSourceMarker: 0
RequiredSourceMask: 0
AuthoredRIGHTMarkerCount: 0
FirstRIGHTMarkerFrame: -1
AuthoredLEFTMarkerCount: 0
FirstLEFTMarkerFrame: -1
AuthoredBOTHMarkerCount: 0
FirstBOTHMarkerFrame: -1
AuthoredOFFMarkerCount: 0
FirstOFFMarkerFrame: -1
RightHandSourceResolved: 1
RightHandSource: It_1H_Sword_Rust_01
RightHandSourceAddress: E70E8C10
RightHandSourceUseType: 2
RightHandSourceCollisionGroup: 5
LeftHandSourceResolved: 0
Decision: LEGACY/NATIVE - call original timer callback
=====================================

===== ENGINE SetCollisionGroup =====
ElapsedMs: 71703.443
Entity: It_1H_Sword_Rust_01
ChangedEntityAddress: E70E8C10
PlayerSlotMatch: RIGHT
PlayerAction: 4
PlayerAniPhase: 1
PlayerPrimaryPose: 1
PlayerStateTime: 0.105984
PlayerStatePosition: 0
PlayerCurrentMovementAni: Hero_Stand_None_1H_P0_QuickAttackR_Hit_N_Fwd_00_%_00_P0_100_R.xmot
PlayerLeftItem: <none>
PlayerLeftItemAddress: 00000000
PlayerLeftUseType: -1
PlayerLeftCollisionGroup: -1
PlayerRightItem: It_1H_Sword_Rust_01
PlayerRightItemAddress: E70E8C10
PlayerRightUseType: 2
PlayerRightCollisionGroup: 7
RequestedGroup: 7
BeforeGroup: 5
AfterGroup: 7
Item_EquippedValue: 5
Item_AttackValue: 7
RetiredMarkerExecutionCount: 0
====================================

===== COMBATMOVE STARTRECOVER BEGIN =====
ActorAddress: EBB66E10
Actor: PC_Hero
CurrentAction: 4
CurrentAniPhase: 1
CurrentMovementAni: Hero_Stand_None_1H_P0_QuickAttackR_Hit_N_Fwd_00_%_00_P0_100_R.xmot
Stage: BEGIN
ElapsedMs: 72000.332
PrimarySnapshotAvailable: 1
PrimaryMotionName: Hero_Stand_None_1H_P0_QuickAttackR_Hit_N_Fwd_00_%_00_P0_100_R.xmot
PrimaryHasMotionInstance: 1
PrimaryMotionRunning: 1
PrimaryPlayTime: 0.399990
PrimaryMaxTime: 0.400000
PrimaryPlaySpeed: 0.000000
LeftHandSourceResolved: 0
RightHandSourceResolved: 1
RightHandSource: It_1H_Sword_Rust_01
RightHandSourceAddress: E70E8C10
RightHandSourceCollisionGroup: 7
CleanupBehaviorChanged: 0
=========================================

===== PRIMARYFIRST StopMotion =====
OwnerEntityAddress: EBB66E10
OwnerEntity: PC_Hero
MotionType: 0
Stage: REQUEST_BEFORE_ORIGINAL
ElapsedMs: 72000.436
PrimarySnapshotAvailable: 1
PrimaryMotionName: 
PrimaryHasMotionInstance: 0
PrimaryMotionRunning: 0
PrimaryPlayTime: 0.000000
PrimaryMaxTime: 0.000000
PrimaryPlaySpeed: 0.000000
Stage: RESULT_AFTER_ORIGINAL
ElapsedMs: 72000.436
PrimarySnapshotAvailable: 1
PrimaryMotionName: 
PrimaryHasMotionInstance: 0
PrimaryMotionRunning: 0
PrimaryPlayTime: 0.000000
PrimaryMaxTime: 0.000000
PrimaryPlaySpeed: 0.000000
CleanupBehaviorChanged: 0
=====================================

===== PRIMARYFIRST PlayMotion =====
OwnerEntityAddress: EBB66E10
OwnerEntity: PC_Hero
MotionType: 0
Stage: REQUEST_BEFORE_ORIGINAL
ElapsedMs: 72000.459
PrimarySnapshotAvailable: 1
PrimaryMotionName: 
PrimaryHasMotionInstance: 0
PrimaryMotionRunning: 0
PrimaryPlayTime: 0.000000
PrimaryMaxTime: 0.000000
PrimaryPlaySpeed: 0.000000
Stage: RESULT_AFTER_ORIGINAL
ElapsedMs: 72000.470
PrimarySnapshotAvailable: 1
PrimaryMotionName: Hero_Stand_None_1H_P0_QuickAttackR_Recover_N_Fwd_00_%_00_P0_0_R.xmot
PrimaryHasMotionInstance: 1
PrimaryMotionRunning: 1
PrimaryPlayTime: 0.000000
PrimaryMaxTime: 0.480000
PrimaryPlaySpeed: 1.000000
CleanupBehaviorChanged: 0
=====================================

===== COMBATMOVE STARTRECOVER END =====
ActorAddress: EBB66E10
Actor: PC_Hero
CurrentAction: 4
CurrentAniPhase: 3
CurrentMovementAni: Hero_Stand_None_1H_P0_QuickAttackR_Hit_N_Fwd_00_%_00_P0_100_R.xmot
Stage: END
ElapsedMs: 72000.492
PrimarySnapshotAvailable: 1
PrimaryMotionName: Hero_Stand_None_1H_P0_QuickAttackR_Recover_N_Fwd_00_%_00_P0_0_R.xmot
PrimaryHasMotionInstance: 1
PrimaryMotionRunning: 1
PrimaryPlayTime: 0.000000
PrimaryMaxTime: 0.480000
PrimaryPlaySpeed: 1.000000
LeftHandSourceResolved: 0
RightHandSourceResolved: 1
RightHandSource: It_1H_Sword_Rust_01
RightHandSourceAddress: E70E8C10
RightHandSourceCollisionGroup: 7
CleanupBehaviorChanged: 0
=========================================

===== ENGINE SetCollisionGroup =====
ElapsedMs: 72000.543
Entity: It_1H_Sword_Rust_01
ChangedEntityAddress: E70E8C10
PlayerSlotMatch: RIGHT
PlayerAction: 4
PlayerAniPhase: 3
PlayerPrimaryPose: 1
PlayerStateTime: 0.401287
PlayerStatePosition: 1
PlayerCurrentMovementAni: Hero_Stand_None_1H_P0_QuickAttackR_Hit_N_Fwd_00_%_00_P0_100_R.xmot
PlayerLeftItem: <none>
PlayerLeftItemAddress: 00000000
PlayerLeftUseType: -1
PlayerLeftCollisionGroup: -1
PlayerRightItem: It_1H_Sword_Rust_01
PlayerRightItemAddress: E70E8C10
PlayerRightUseType: 2
PlayerRightCollisionGroup: 5
RequestedGroup: 5
BeforeGroup: 7
AfterGroup: 5
Item_EquippedValue: 5
Item_AttackValue: 7
RetiredMarkerExecutionCount: 0
====================================

===== PRIMARYFIRST PlayMotion =====
OwnerEntityAddress: EBB66E10
OwnerEntity: PC_Hero
MotionType: 0
Stage: REQUEST_BEFORE_ORIGINAL
ElapsedMs: 72493.447
PrimarySnapshotAvailable: 1
PrimaryMotionName: 
PrimaryHasMotionInstance: 0
PrimaryMotionRunning: 0
PrimaryPlayTime: 0.000000
PrimaryMaxTime: 0.000000
PrimaryPlaySpeed: 0.000000
Stage: RESULT_AFTER_ORIGINAL
ElapsedMs: 72493.462
PrimarySnapshotAvailable: 1
PrimaryMotionName: Hero_Stand_None_1H_P0_Ambient_Loop_N_Fwd_00_%_01_P0_0.xmot
PrimaryHasMotionInstance: 1
PrimaryMotionRunning: 1
PrimaryPlayTime: 0.000000
PrimaryMaxTime: 2.000000
PrimaryPlaySpeed: 1.000000
CleanupBehaviorChanged: 0
=====================================

===== PRIMARYFIRST PlayMotion =====
OwnerEntityAddress: EBB66E10
OwnerEntity: PC_Hero
MotionType: 0
Stage: REQUEST_BEFORE_ORIGINAL
ElapsedMs: 73020.081
PrimarySnapshotAvailable: 1
PrimaryMotionName: 
PrimaryHasMotionInstance: 0
PrimaryMotionRunning: 0
PrimaryPlayTime: 0.000000
PrimaryMaxTime: 0.000000
PrimaryPlaySpeed: 0.000000
Stage: RESULT_AFTER_ORIGINAL
ElapsedMs: 73020.100
PrimarySnapshotAvailable: 1
PrimaryMotionName: Hero_Parade_None_1H_P0_Ambient_Loop_N_Fwd_00_%_00_P0_0.xmot
PrimaryHasMotionInstance: 1
PrimaryMotionRunning: 1
PrimaryPlayTime: 0.000000
PrimaryMaxTime: 2.000000
PrimaryPlaySpeed: 1.000000
CleanupBehaviorChanged: 0
=====================================

===== PRIMARYFIRST PlayMotion =====
OwnerEntityAddress: EBB66E10
OwnerEntity: PC_Hero
MotionType: 0
Stage: REQUEST_BEFORE_ORIGINAL
ElapsedMs: 74823.563
PrimarySnapshotAvailable: 1
PrimaryMotionName: 
PrimaryHasMotionInstance: 0
PrimaryMotionRunning: 0
PrimaryPlayTime: 0.000000
PrimaryMaxTime: 0.000000
PrimaryPlaySpeed: 0.000000
Stage: RESULT_AFTER_ORIGINAL
ElapsedMs: 74823.577
PrimarySnapshotAvailable: 1
PrimaryMotionName: Hero_Parade_None_1H_P0_Ambient_Loop_N_Fwd_00_%_00_P0_0.xmot
PrimaryHasMotionInstance: 1
PrimaryMotionRunning: 1
PrimaryPlayTime: 0.000000
PrimaryMaxTime: 2.000000
PrimaryPlaySpeed: 1.000000
CleanupBehaviorChanged: 0
=====================================

===== PRIMARYFIRST PlayMotion =====
OwnerEntityAddress: EBB66E10
OwnerEntity: PC_Hero
MotionType: 0
Stage: REQUEST_BEFORE_ORIGINAL
ElapsedMs: 75458.666
PrimarySnapshotAvailable: 1
PrimaryMotionName: 
PrimaryHasMotionInstance: 0
PrimaryMotionRunning: 0
PrimaryPlayTime: 0.000000
PrimaryMaxTime: 0.000000
PrimaryPlaySpeed: 0.000000
Stage: RESULT_AFTER_ORIGINAL
ElapsedMs: 75458.681
PrimarySnapshotAvailable: 1
PrimaryMotionName: Hero_Stand_None_1H_P0_Ambient_Loop_N_Fwd_01_%_01_P0_0.xmot
PrimaryHasMotionInstance: 1
PrimaryMotionRunning: 1
PrimaryPlayTime: 0.000000
PrimaryMaxTime: 2.000000
PrimaryPlaySpeed: 1.000000
CleanupBehaviorChanged: 0
=====================================

===== PRIMARYFIRST StopMotion =====
OwnerEntityAddress: EBB66E10
OwnerEntity: PC_Hero
MotionType: 0
Stage: REQUEST_BEFORE_ORIGINAL
ElapsedMs: 75797.875
PrimarySnapshotAvailable: 1
PrimaryMotionName: 
PrimaryHasMotionInstance: 0
PrimaryMotionRunning: 0
PrimaryPlayTime: 0.000000
PrimaryMaxTime: 0.000000
PrimaryPlaySpeed: 0.000000
Stage: RESULT_AFTER_ORIGINAL
ElapsedMs: 75797.875
PrimarySnapshotAvailable: 1
PrimaryMotionName: 
PrimaryHasMotionInstance: 0
PrimaryMotionRunning: 0
PrimaryPlayTime: 0.000000
PrimaryMaxTime: 0.000000
PrimaryPlaySpeed: 0.000000
CleanupBehaviorChanged: 0
=====================================

===== PRIMARYFIRST PlayMotion =====
OwnerEntityAddress: EBB66E10
OwnerEntity: PC_Hero
MotionType: 0
Stage: REQUEST_BEFORE_ORIGINAL
ElapsedMs: 75797.924
PrimarySnapshotAvailable: 1
PrimaryMotionName: 
PrimaryHasMotionInstance: 0
PrimaryMotionRunning: 0
PrimaryPlayTime: 0.000000
PrimaryMaxTime: 0.000000
PrimaryPlaySpeed: 0.000000
Stage: RESULT_AFTER_ORIGINAL
ElapsedMs: 75797.936
PrimarySnapshotAvailable: 1
PrimaryMotionName: Hero_Stand_None_1H_P0_QuickAttackL_Hit_N_Fwd_00_%_00_P0_100_L.xmot
PrimaryHasMotionInstance: 1
PrimaryMotionRunning: 1
PrimaryPlayTime: 0.000000
PrimaryMaxTime: 0.440000
PrimaryPlaySpeed: 1.000000
CleanupBehaviorChanged: 0
=====================================

===== MARKER OWNERSHIP DECISION =====
ElapsedMs: 75797.977
Actor: PC_Hero
CurrentMovementAni: Hero_Stand_None_1H_P0_QuickAttackL_Hit_N_Fwd_00_%_00_P0_100_L.xmot
MatchingMotionFound: 1
FrameEffectCount: 1
ContainsReservedSourceMarker: 0
RequiredSourceMask: 0
AuthoredRIGHTMarkerCount: 0
FirstRIGHTMarkerFrame: -1
AuthoredLEFTMarkerCount: 0
FirstLEFTMarkerFrame: -1
AuthoredBOTHMarkerCount: 0
FirstBOTHMarkerFrame: -1
AuthoredOFFMarkerCount: 0
FirstOFFMarkerFrame: -1
RightHandSourceResolved: 1
RightHandSource: It_1H_Sword_Rust_01
RightHandSourceAddress: E70E8C10
RightHandSourceUseType: 2
RightHandSourceCollisionGroup: 5
LeftHandSourceResolved: 0
Decision: LEGACY/NATIVE - call original timer callback
=====================================

===== ENGINE SetCollisionGroup =====
ElapsedMs: 75899.202
Entity: It_1H_Sword_Rust_01
ChangedEntityAddress: E70E8C10
PlayerSlotMatch: RIGHT
PlayerAction: 5
PlayerAniPhase: 1
PlayerPrimaryPose: 1
PlayerStateTime: 0.102631
PlayerStatePosition: 0
PlayerCurrentMovementAni: Hero_Stand_None_1H_P0_QuickAttackL_Hit_N_Fwd_00_%_00_P0_100_L.xmot
PlayerLeftItem: <none>
PlayerLeftItemAddress: 00000000
PlayerLeftUseType: -1
PlayerLeftCollisionGroup: -1
PlayerRightItem: It_1H_Sword_Rust_01
PlayerRightItemAddress: E70E8C10
PlayerRightUseType: 2
PlayerRightCollisionGroup: 7
RequestedGroup: 7
BeforeGroup: 5
AfterGroup: 7
Item_EquippedValue: 5
Item_AttackValue: 7
RetiredMarkerExecutionCount: 0
====================================

===== COMBATMOVE STARTRECOVER BEGIN =====
ActorAddress: EBB66E10
Actor: PC_Hero
CurrentAction: 5
CurrentAniPhase: 1
CurrentMovementAni: Hero_Stand_None_1H_P0_QuickAttackL_Hit_N_Fwd_00_%_00_P0_100_L.xmot
Stage: BEGIN
ElapsedMs: 76242.421
PrimarySnapshotAvailable: 1
PrimaryMotionName: Hero_Stand_None_1H_P0_QuickAttackL_Hit_N_Fwd_00_%_00_P0_100_L.xmot
PrimaryHasMotionInstance: 1
PrimaryMotionRunning: 1
PrimaryPlayTime: 0.439990
PrimaryMaxTime: 0.440000
PrimaryPlaySpeed: 0.000000
LeftHandSourceResolved: 0
RightHandSourceResolved: 1
RightHandSource: It_1H_Sword_Rust_01
RightHandSourceAddress: E70E8C10
RightHandSourceCollisionGroup: 7
CleanupBehaviorChanged: 0
=========================================

===== PRIMARYFIRST StopMotion =====
OwnerEntityAddress: EBB66E10
OwnerEntity: PC_Hero
MotionType: 0
Stage: REQUEST_BEFORE_ORIGINAL
ElapsedMs: 76242.485
PrimarySnapshotAvailable: 1
PrimaryMotionName: 
PrimaryHasMotionInstance: 0
PrimaryMotionRunning: 0
PrimaryPlayTime: 0.000000
PrimaryMaxTime: 0.000000
PrimaryPlaySpeed: 0.000000
Stage: RESULT_AFTER_ORIGINAL
ElapsedMs: 76242.485
PrimarySnapshotAvailable: 1
PrimaryMotionName: 
PrimaryHasMotionInstance: 0
PrimaryMotionRunning: 0
PrimaryPlayTime: 0.000000
PrimaryMaxTime: 0.000000
PrimaryPlaySpeed: 0.000000
CleanupBehaviorChanged: 0
=====================================

===== PRIMARYFIRST PlayMotion =====
OwnerEntityAddress: EBB66E10
OwnerEntity: PC_Hero
MotionType: 0
Stage: REQUEST_BEFORE_ORIGINAL
ElapsedMs: 76242.510
PrimarySnapshotAvailable: 1
PrimaryMotionName: 
PrimaryHasMotionInstance: 0
PrimaryMotionRunning: 0
PrimaryPlayTime: 0.000000
PrimaryMaxTime: 0.000000
PrimaryPlaySpeed: 0.000000
Stage: RESULT_AFTER_ORIGINAL
ElapsedMs: 76242.522
PrimarySnapshotAvailable: 1
PrimaryMotionName: Hero_Stand_None_1H_P0_QuickAttackL_Recover_N_Fwd_00_%_00_P0_0_L.xmot
PrimaryHasMotionInstance: 1
PrimaryMotionRunning: 1
PrimaryPlayTime: 0.000000
PrimaryMaxTime: 0.440000
PrimaryPlaySpeed: 1.000000
CleanupBehaviorChanged: 0
=====================================

===== COMBATMOVE STARTRECOVER END =====
ActorAddress: EBB66E10
Actor: PC_Hero
CurrentAction: 5
CurrentAniPhase: 3
CurrentMovementAni: Hero_Stand_None_1H_P0_QuickAttackL_Hit_N_Fwd_00_%_00_P0_100_L.xmot
Stage: END
ElapsedMs: 76242.544
PrimarySnapshotAvailable: 1
PrimaryMotionName: Hero_Stand_None_1H_P0_QuickAttackL_Recover_N_Fwd_00_%_00_P0_0_L.xmot
PrimaryHasMotionInstance: 1
PrimaryMotionRunning: 1
PrimaryPlayTime: 0.000000
PrimaryMaxTime: 0.440000
PrimaryPlaySpeed: 1.000000
LeftHandSourceResolved: 0
RightHandSourceResolved: 1
RightHandSource: It_1H_Sword_Rust_01
RightHandSourceAddress: E70E8C10
RightHandSourceCollisionGroup: 7
CleanupBehaviorChanged: 0
=========================================

===== ENGINE SetCollisionGroup =====
ElapsedMs: 76242.598
Entity: It_1H_Sword_Rust_01
ChangedEntityAddress: E70E8C10
PlayerSlotMatch: RIGHT
PlayerAction: 5
PlayerAniPhase: 3
PlayerPrimaryPose: 1
PlayerStateTime: 0.445607
PlayerStatePosition: 1
PlayerCurrentMovementAni: Hero_Stand_None_1H_P0_QuickAttackL_Hit_N_Fwd_00_%_00_P0_100_L.xmot
PlayerLeftItem: <none>
PlayerLeftItemAddress: 00000000
PlayerLeftUseType: -1
PlayerLeftCollisionGroup: -1
PlayerRightItem: It_1H_Sword_Rust_01
PlayerRightItemAddress: E70E8C10
PlayerRightUseType: 2
PlayerRightCollisionGroup: 5
RequestedGroup: 5
BeforeGroup: 7
AfterGroup: 5
Item_EquippedValue: 5
Item_AttackValue: 7
RetiredMarkerExecutionCount: 0
====================================

===== PRIMARYFIRST PlayMotion =====
OwnerEntityAddress: EBB66E10
OwnerEntity: PC_Hero
MotionType: 0
Stage: REQUEST_BEFORE_ORIGINAL
ElapsedMs: 76693.445
PrimarySnapshotAvailable: 1
PrimaryMotionName: 
PrimaryHasMotionInstance: 0
PrimaryMotionRunning: 0
PrimaryPlayTime: 0.000000
PrimaryMaxTime: 0.000000
PrimaryPlaySpeed: 0.000000
Stage: RESULT_AFTER_ORIGINAL
ElapsedMs: 76693.459
PrimarySnapshotAvailable: 1
PrimaryMotionName: Hero_Stand_None_1H_P0_Ambient_Loop_N_Fwd_01_%_01_P0_0.xmot
PrimaryHasMotionInstance: 1
PrimaryMotionRunning: 1
PrimaryPlayTime: 0.000000
PrimaryMaxTime: 2.000000
PrimaryPlaySpeed: 1.000000
CleanupBehaviorChanged: 0
=====================================

===== PRIMARYFIRST PlayMotion =====
OwnerEntityAddress: EBB66E10
OwnerEntity: PC_Hero
MotionType: 0
Stage: REQUEST_BEFORE_ORIGINAL
ElapsedMs: 76908.652
PrimarySnapshotAvailable: 1
PrimaryMotionName: 
PrimaryHasMotionInstance: 0
PrimaryMotionRunning: 0
PrimaryPlayTime: 0.000000
PrimaryMaxTime: 0.000000
PrimaryPlaySpeed: 0.000000
Stage: RESULT_AFTER_ORIGINAL
ElapsedMs: 76908.673
PrimarySnapshotAvailable: 1
PrimaryMotionName: Hero_Parade_None_1H_P0_Ambient_Loop_N_Fwd_00_%_00_P0_0.xmot
PrimaryHasMotionInstance: 1
PrimaryMotionRunning: 1
PrimaryPlayTime: 0.000000
PrimaryMaxTime: 2.000000
PrimaryPlaySpeed: 1.000000
CleanupBehaviorChanged: 0
=====================================

===== PRIMARYFIRST PlayMotion =====
OwnerEntityAddress: EBB66E10
OwnerEntity: PC_Hero
MotionType: 0
Stage: REQUEST_BEFORE_ORIGINAL
ElapsedMs: 78723.722
PrimarySnapshotAvailable: 1
PrimaryMotionName: 
PrimaryHasMotionInstance: 0
PrimaryMotionRunning: 0
PrimaryPlayTime: 0.000000
PrimaryMaxTime: 0.000000
PrimaryPlaySpeed: 0.000000
Stage: RESULT_AFTER_ORIGINAL
ElapsedMs: 78723.736
PrimarySnapshotAvailable: 1
PrimaryMotionName: Hero_Parade_None_1H_P0_Ambient_Loop_N_Fwd_00_%_00_P0_0.xmot
PrimaryHasMotionInstance: 1
PrimaryMotionRunning: 1
PrimaryPlayTime: 0.000000
PrimaryMaxTime: 2.000000
PrimaryPlaySpeed: 1.000000
CleanupBehaviorChanged: 0
=====================================

===== PRIMARYFIRST StopMotion =====
OwnerEntityAddress: EBB66E10
OwnerEntity: PC_Hero
MotionType: 0
Stage: REQUEST_BEFORE_ORIGINAL
ElapsedMs: 79310.470
PrimarySnapshotAvailable: 1
PrimaryMotionName: 
PrimaryHasMotionInstance: 0
PrimaryMotionRunning: 0
PrimaryPlayTime: 0.000000
PrimaryMaxTime: 0.000000
PrimaryPlaySpeed: 0.000000
Stage: RESULT_AFTER_ORIGINAL
ElapsedMs: 79310.471
PrimarySnapshotAvailable: 1
PrimaryMotionName: 
PrimaryHasMotionInstance: 0
PrimaryMotionRunning: 0
PrimaryPlayTime: 0.000000
PrimaryMaxTime: 0.000000
PrimaryPlaySpeed: 0.000000
CleanupBehaviorChanged: 0
=====================================

===== PRIMARYFIRST PlayMotion =====
OwnerEntityAddress: EBB66E10
OwnerEntity: PC_Hero
MotionType: 0
Stage: REQUEST_BEFORE_ORIGINAL
ElapsedMs: 79310.515
PrimarySnapshotAvailable: 1
PrimaryMotionName: 
PrimaryHasMotionInstance: 0
PrimaryMotionRunning: 0
PrimaryPlayTime: 0.000000
PrimaryMaxTime: 0.000000
PrimaryPlaySpeed: 0.000000
Stage: RESULT_AFTER_ORIGINAL
ElapsedMs: 79310.526
PrimarySnapshotAvailable: 1
PrimaryMotionName: Hero_Stand_None_1H_P0_QuickAttackR_Hit_N_Fwd_00_%_00_P0_100_R.xmot
PrimaryHasMotionInstance: 1
PrimaryMotionRunning: 1
PrimaryPlayTime: 0.000000
PrimaryMaxTime: 0.400000
PrimaryPlaySpeed: 1.000000
CleanupBehaviorChanged: 0
=====================================

===== MARKER OWNERSHIP DECISION =====
ElapsedMs: 79310.571
Actor: PC_Hero
CurrentMovementAni: Hero_Stand_None_1H_P0_QuickAttackR_Hit_N_Fwd_00_%_00_P0_100_R.xmot
MatchingMotionFound: 1
FrameEffectCount: 1
ContainsReservedSourceMarker: 0
RequiredSourceMask: 0
AuthoredRIGHTMarkerCount: 0
FirstRIGHTMarkerFrame: -1
AuthoredLEFTMarkerCount: 0
FirstLEFTMarkerFrame: -1
AuthoredBOTHMarkerCount: 0
FirstBOTHMarkerFrame: -1
AuthoredOFFMarkerCount: 0
FirstOFFMarkerFrame: -1
RightHandSourceResolved: 1
RightHandSource: It_1H_Sword_Rust_01
RightHandSourceAddress: E70E8C10
RightHandSourceUseType: 2
RightHandSourceCollisionGroup: 5
LeftHandSourceResolved: 0
Decision: LEGACY/NATIVE - call original timer callback
=====================================

===== PRIMARYFIRST PlayMotion =====
OwnerEntityAddress: EBB66E10
OwnerEntity: PC_Hero
MotionType: 0
Stage: REQUEST_BEFORE_ORIGINAL
ElapsedMs: 79716.891
PrimarySnapshotAvailable: 1
PrimaryMotionName: 
PrimaryHasMotionInstance: 0
PrimaryMotionRunning: 0
PrimaryPlayTime: 0.000000
PrimaryMaxTime: 0.000000
PrimaryPlaySpeed: 0.000000
Stage: RESULT_AFTER_ORIGINAL
ElapsedMs: 79716.906
PrimarySnapshotAvailable: 1
PrimaryMotionName: Hero_Stand_None_1H_P0_Ambient_Loop_N_Fwd_00_%_01_P0_0.xmot
PrimaryHasMotionInstance: 1
PrimaryMotionRunning: 1
PrimaryPlayTime: 0.000000
PrimaryMaxTime: 2.000000
PrimaryPlaySpeed: 1.000000
CleanupBehaviorChanged: 0
=====================================

===== PRIMARYFIRST PlayMotion =====
OwnerEntityAddress: EBB66E10
OwnerEntity: PC_Hero
MotionType: 0
Stage: REQUEST_BEFORE_ORIGINAL
ElapsedMs: 80849.911
PrimarySnapshotAvailable: 1
PrimaryMotionName: 
PrimaryHasMotionInstance: 0
PrimaryMotionRunning: 0
PrimaryPlayTime: 0.000000
PrimaryMaxTime: 0.000000
PrimaryPlaySpeed: 0.000000
Stage: RESULT_AFTER_ORIGINAL
ElapsedMs: 80849.924
PrimarySnapshotAvailable: 1
PrimaryMotionName: Hero_Parade_None_1H_P0_Ambient_Loop_N_Fwd_00_%_00_P0_0.xmot
PrimaryHasMotionInstance: 1
PrimaryMotionRunning: 1
PrimaryPlayTime: 0.000000
PrimaryMaxTime: 2.000000
PrimaryPlaySpeed: 1.000000
CleanupBehaviorChanged: 0
=====================================

===== PRIMARYFIRST PlayMotion =====
OwnerEntityAddress: EBB66E10
OwnerEntity: PC_Hero
MotionType: 0
Stage: REQUEST_BEFORE_ORIGINAL
ElapsedMs: 82650.865
PrimarySnapshotAvailable: 1
PrimaryMotionName: 
PrimaryHasMotionInstance: 0
PrimaryMotionRunning: 0
PrimaryPlayTime: 0.000000
PrimaryMaxTime: 0.000000
PrimaryPlaySpeed: 0.000000
Stage: RESULT_AFTER_ORIGINAL
ElapsedMs: 82650.879
PrimarySnapshotAvailable: 1
PrimaryMotionName: Hero_Parade_None_1H_P0_Ambient_Loop_N_Fwd_00_%_00_P0_0.xmot
PrimaryHasMotionInstance: 1
PrimaryMotionRunning: 1
PrimaryPlayTime: 0.000000
PrimaryMaxTime: 2.000000
PrimaryPlaySpeed: 1.000000
CleanupBehaviorChanged: 0
=====================================

===== PRIMARYFIRST StopMotion =====
OwnerEntityAddress: EBB66E10
OwnerEntity: PC_Hero
MotionType: 0
Stage: REQUEST_BEFORE_ORIGINAL
ElapsedMs: 83171.906
PrimarySnapshotAvailable: 1
PrimaryMotionName: 
PrimaryHasMotionInstance: 0
PrimaryMotionRunning: 0
PrimaryPlayTime: 0.000000
PrimaryMaxTime: 0.000000
PrimaryPlaySpeed: 0.000000
Stage: RESULT_AFTER_ORIGINAL
ElapsedMs: 83171.907
PrimarySnapshotAvailable: 1
PrimaryMotionName: 
PrimaryHasMotionInstance: 0
PrimaryMotionRunning: 0
PrimaryPlayTime: 0.000000
PrimaryMaxTime: 0.000000
PrimaryPlaySpeed: 0.000000
CleanupBehaviorChanged: 0
=====================================

===== PRIMARYFIRST PlayMotion =====
OwnerEntityAddress: EBB66E10
OwnerEntity: PC_Hero
MotionType: 0
Stage: REQUEST_BEFORE_ORIGINAL
ElapsedMs: 83171.944
PrimarySnapshotAvailable: 1
PrimaryMotionName: 
PrimaryHasMotionInstance: 0
PrimaryMotionRunning: 0
PrimaryPlayTime: 0.000000
PrimaryMaxTime: 0.000000
PrimaryPlaySpeed: 0.000000
Stage: RESULT_AFTER_ORIGINAL
ElapsedMs: 83171.955
PrimarySnapshotAvailable: 1
PrimaryMotionName: Hero_Parade_None_1H_P0_PierceAttack_Raise_N_Fwd_00_%_00_P0_0.xmot
PrimaryHasMotionInstance: 1
PrimaryMotionRunning: 1
PrimaryPlayTime: 0.000000
PrimaryMaxTime: 0.840000
PrimaryPlaySpeed: 1.000000
CleanupBehaviorChanged: 0
=====================================

===== PRIMARYFIRST StopMotion =====
OwnerEntityAddress: EBB66E10
OwnerEntity: PC_Hero
MotionType: 0
Stage: REQUEST_BEFORE_ORIGINAL
ElapsedMs: 83200.325
PrimarySnapshotAvailable: 1
PrimaryMotionName: 
PrimaryHasMotionInstance: 0
PrimaryMotionRunning: 0
PrimaryPlayTime: 0.000000
PrimaryMaxTime: 0.000000
PrimaryPlaySpeed: 0.000000
Stage: RESULT_AFTER_ORIGINAL
ElapsedMs: 83200.326
PrimarySnapshotAvailable: 1
PrimaryMotionName: 
PrimaryHasMotionInstance: 0
PrimaryMotionRunning: 0
PrimaryPlayTime: 0.000000
PrimaryMaxTime: 0.000000
PrimaryPlaySpeed: 0.000000
CleanupBehaviorChanged: 0
=====================================

===== PRIMARYFIRST PlayMotion =====
OwnerEntityAddress: EBB66E10
OwnerEntity: PC_Hero
MotionType: 0
Stage: REQUEST_BEFORE_ORIGINAL
ElapsedMs: 83200.412
PrimarySnapshotAvailable: 1
PrimaryMotionName: 
PrimaryHasMotionInstance: 0
PrimaryMotionRunning: 0
PrimaryPlayTime: 0.000000
PrimaryMaxTime: 0.000000
PrimaryPlaySpeed: 0.000000
Stage: RESULT_AFTER_ORIGINAL
ElapsedMs: 83200.439
PrimarySnapshotAvailable: 1
PrimaryMotionName: Hero_Stand_None_1H_P0_QuickAttackR_Hit_N_Fwd_00_%_00_P0_100_R.xmot
PrimaryHasMotionInstance: 1
PrimaryMotionRunning: 1
PrimaryPlayTime: 0.000000
PrimaryMaxTime: 0.400000
PrimaryPlaySpeed: 1.000000
CleanupBehaviorChanged: 0
=====================================

===== PRIMARYFIRST PlayMotion =====
OwnerEntityAddress: EBB66E10
OwnerEntity: PC_Hero
MotionType: 0
Stage: REQUEST_BEFORE_ORIGINAL
ElapsedMs: 83607.791
PrimarySnapshotAvailable: 1
PrimaryMotionName: 
PrimaryHasMotionInstance: 0
PrimaryMotionRunning: 0
PrimaryPlayTime: 0.000000
PrimaryMaxTime: 0.000000
PrimaryPlaySpeed: 0.000000
Stage: RESULT_AFTER_ORIGINAL
ElapsedMs: 83607.806
PrimarySnapshotAvailable: 1
PrimaryMotionName: Hero_Stand_None_1H_P0_Ambient_Loop_N_Fwd_00_%_01_P0_0.xmot
PrimaryHasMotionInstance: 1
PrimaryMotionRunning: 1
PrimaryPlayTime: 0.000000
PrimaryMaxTime: 2.000000
PrimaryPlaySpeed: 1.000000
CleanupBehaviorChanged: 0
=====================================

===== PRIMARYFIRST PlayMotion =====
OwnerEntityAddress: EBB66E10
OwnerEntity: PC_Hero
MotionType: 0
Stage: REQUEST_BEFORE_ORIGINAL
ElapsedMs: 84981.488
PrimarySnapshotAvailable: 1
PrimaryMotionName: 
PrimaryHasMotionInstance: 0
PrimaryMotionRunning: 0
PrimaryPlayTime: 0.000000
PrimaryMaxTime: 0.000000
PrimaryPlaySpeed: 0.000000
Stage: RESULT_AFTER_ORIGINAL
ElapsedMs: 84981.501
PrimarySnapshotAvailable: 1
PrimaryMotionName: Hero_Parade_None_1H_P0_Ambient_Loop_N_Fwd_00_%_00_P0_0.xmot
PrimaryHasMotionInstance: 1
PrimaryMotionRunning: 1
PrimaryPlayTime: 0.000000
PrimaryMaxTime: 2.000000
PrimaryPlaySpeed: 1.000000
CleanupBehaviorChanged: 0
=====================================

===== PRIMARYFIRST PlayMotion =====
OwnerEntityAddress: EBB66E10
OwnerEntity: PC_Hero
MotionType: 0
Stage: REQUEST_BEFORE_ORIGINAL
ElapsedMs: 86783.269
PrimarySnapshotAvailable: 1
PrimaryMotionName: 
PrimaryHasMotionInstance: 0
PrimaryMotionRunning: 0
PrimaryPlayTime: 0.000000
PrimaryMaxTime: 0.000000
PrimaryPlaySpeed: 0.000000
Stage: RESULT_AFTER_ORIGINAL
ElapsedMs: 86783.283
PrimarySnapshotAvailable: 1
PrimaryMotionName: Hero_Parade_None_1H_P0_Ambient_Loop_N_Fwd_00_%_00_P0_0.xmot
PrimaryHasMotionInstance: 1
PrimaryMotionRunning: 1
PrimaryPlayTime: 0.000000
PrimaryMaxTime: 2.000000
PrimaryPlaySpeed: 1.000000
CleanupBehaviorChanged: 0
=====================================

===== PRIMARYFIRST StopMotion =====
OwnerEntityAddress: EBB66E10
OwnerEntity: PC_Hero
MotionType: 0
Stage: REQUEST_BEFORE_ORIGINAL
ElapsedMs: 87102.922
PrimarySnapshotAvailable: 1
PrimaryMotionName: 
PrimaryHasMotionInstance: 0
PrimaryMotionRunning: 0
PrimaryPlayTime: 0.000000
PrimaryMaxTime: 0.000000
PrimaryPlaySpeed: 0.000000
Stage: RESULT_AFTER_ORIGINAL
ElapsedMs: 87102.923
PrimarySnapshotAvailable: 1
PrimaryMotionName: 
PrimaryHasMotionInstance: 0
PrimaryMotionRunning: 0
PrimaryPlayTime: 0.000000
PrimaryMaxTime: 0.000000
PrimaryPlaySpeed: 0.000000
CleanupBehaviorChanged: 0
=====================================

===== PRIMARYFIRST PlayMotion =====
OwnerEntityAddress: EBB66E10
OwnerEntity: PC_Hero
MotionType: 0
Stage: REQUEST_BEFORE_ORIGINAL
ElapsedMs: 87102.999
PrimarySnapshotAvailable: 1
PrimaryMotionName: 
PrimaryHasMotionInstance: 0
PrimaryMotionRunning: 0
PrimaryPlayTime: 0.000000
PrimaryMaxTime: 0.000000
PrimaryPlaySpeed: 0.000000
Stage: RESULT_AFTER_ORIGINAL
ElapsedMs: 87103.026
PrimarySnapshotAvailable: 1
PrimaryMotionName: Hero_Parade_None_1H_P0_PierceAttack_Raise_N_Fwd_00_%_00_P0_0.xmot
PrimaryHasMotionInstance: 1
PrimaryMotionRunning: 1
PrimaryPlayTime: 0.000000
PrimaryMaxTime: 0.840000
PrimaryPlaySpeed: 1.000000
CleanupBehaviorChanged: 0
=====================================

===== PRIMARYFIRST StopMotion =====
OwnerEntityAddress: EBB66E10
OwnerEntity: PC_Hero
MotionType: 0
Stage: REQUEST_BEFORE_ORIGINAL
ElapsedMs: 87112.137
PrimarySnapshotAvailable: 1
PrimaryMotionName: 
PrimaryHasMotionInstance: 0
PrimaryMotionRunning: 0
PrimaryPlayTime: 0.000000
PrimaryMaxTime: 0.000000
PrimaryPlaySpeed: 0.000000
Stage: RESULT_AFTER_ORIGINAL
ElapsedMs: 87112.138
PrimarySnapshotAvailable: 1
PrimaryMotionName: 
PrimaryHasMotionInstance: 0
PrimaryMotionRunning: 0
PrimaryPlayTime: 0.000000
PrimaryMaxTime: 0.000000
PrimaryPlaySpeed: 0.000000
CleanupBehaviorChanged: 0
=====================================

===== PRIMARYFIRST PlayMotion =====
OwnerEntityAddress: EBB66E10
OwnerEntity: PC_Hero
MotionType: 0
Stage: REQUEST_BEFORE_ORIGINAL
ElapsedMs: 87112.181
PrimarySnapshotAvailable: 1
PrimaryMotionName: 
PrimaryHasMotionInstance: 0
PrimaryMotionRunning: 0
PrimaryPlayTime: 0.000000
PrimaryMaxTime: 0.000000
PrimaryPlaySpeed: 0.000000
Stage: RESULT_AFTER_ORIGINAL
ElapsedMs: 87112.193
PrimarySnapshotAvailable: 1
PrimaryMotionName: Hero_Stand_None_1H_P0_QuickAttackR_Hit_N_Fwd_00_%_00_P0_100_R.xmot
PrimaryHasMotionInstance: 1
PrimaryMotionRunning: 1
PrimaryPlayTime: 0.000000
PrimaryMaxTime: 0.400000
PrimaryPlaySpeed: 1.000000
CleanupBehaviorChanged: 0
=====================================

===== ENGINE SetCollisionGroup =====
ElapsedMs: 87215.808
Entity: It_1H_Sword_Rust_01
ChangedEntityAddress: E70E8C10
PlayerSlotMatch: RIGHT
PlayerAction: 4
PlayerAniPhase: 1
PlayerPrimaryPose: 1
PlayerStateTime: 0.103953
PlayerStatePosition: 0
PlayerCurrentMovementAni: Hero_Stand_None_1H_P0_QuickAttackR_Hit_N_Fwd_00_%_00_P0_100_R.xmot
PlayerLeftItem: <none>
PlayerLeftItemAddress: 00000000
PlayerLeftUseType: -1
PlayerLeftCollisionGroup: -1
PlayerRightItem: It_1H_Sword_Rust_01
PlayerRightItemAddress: E70E8C10
PlayerRightUseType: 2
PlayerRightCollisionGroup: 7
RequestedGroup: 7
BeforeGroup: 5
AfterGroup: 7
Item_EquippedValue: 5
Item_AttackValue: 7
RetiredMarkerExecutionCount: 0
====================================

===== PRIMARYFIRST PlayMotion =====
OwnerEntityAddress: EBB66E10
OwnerEntity: PC_Hero
MotionType: 0
Stage: REQUEST_BEFORE_ORIGINAL
ElapsedMs: 87518.784
PrimarySnapshotAvailable: 1
PrimaryMotionName: 
PrimaryHasMotionInstance: 0
PrimaryMotionRunning: 0
PrimaryPlayTime: 0.000000
PrimaryMaxTime: 0.000000
PrimaryPlaySpeed: 0.000000
Stage: RESULT_AFTER_ORIGINAL
ElapsedMs: 87518.798
PrimarySnapshotAvailable: 1
PrimaryMotionName: Hero_Stand_None_1H_P0_Ambient_Loop_N_Fwd_01_%_01_P0_0.xmot
PrimaryHasMotionInstance: 1
PrimaryMotionRunning: 1
PrimaryPlayTime: 0.000000
PrimaryMaxTime: 2.000000
PrimaryPlaySpeed: 1.000000
CleanupBehaviorChanged: 0
=====================================

===== PRIMARYFIRST PlayMotion =====
OwnerEntityAddress: EBB66E10
OwnerEntity: PC_Hero
MotionType: 0
Stage: REQUEST_BEFORE_ORIGINAL
ElapsedMs: 89323.818
PrimarySnapshotAvailable: 1
PrimaryMotionName: 
PrimaryHasMotionInstance: 0
PrimaryMotionRunning: 0
PrimaryPlayTime: 0.000000
PrimaryMaxTime: 0.000000
PrimaryPlaySpeed: 0.000000
Stage: RESULT_AFTER_ORIGINAL
ElapsedMs: 89323.831
PrimarySnapshotAvailable: 1
PrimaryMotionName: Hero_Stand_None_1H_P0_Ambient_Loop_N_Fwd_00_%_01_P0_0.xmot
PrimaryHasMotionInstance: 1
PrimaryMotionRunning: 1
PrimaryPlayTime: 0.000000
PrimaryMaxTime: 2.000000
PrimaryPlaySpeed: 1.000000
CleanupBehaviorChanged: 0
=====================================

===== PRIMARYFIRST StopMotion =====
OwnerEntityAddress: EBB66E10
OwnerEntity: PC_Hero
MotionType: 0
Stage: REQUEST_BEFORE_ORIGINAL
ElapsedMs: 89800.574
PrimarySnapshotAvailable: 1
PrimaryMotionName: 
PrimaryHasMotionInstance: 0
PrimaryMotionRunning: 0
PrimaryPlayTime: 0.000000
PrimaryMaxTime: 0.000000
PrimaryPlaySpeed: 0.000000
Stage: RESULT_AFTER_ORIGINAL
ElapsedMs: 89800.575
PrimarySnapshotAvailable: 1
PrimaryMotionName: 
PrimaryHasMotionInstance: 0
PrimaryMotionRunning: 0
PrimaryPlayTime: 0.000000
PrimaryMaxTime: 0.000000
PrimaryPlaySpeed: 0.000000
CleanupBehaviorChanged: 0
=====================================

===== PRIMARYFIRST PlayMotion =====
OwnerEntityAddress: EBB66E10
OwnerEntity: PC_Hero
MotionType: 0
Stage: REQUEST_BEFORE_ORIGINAL
ElapsedMs: 89800.615
PrimarySnapshotAvailable: 1
PrimaryMotionName: 
PrimaryHasMotionInstance: 0
PrimaryMotionRunning: 0
PrimaryPlayTime: 0.000000
PrimaryMaxTime: 0.000000
PrimaryPlaySpeed: 0.000000
Stage: RESULT_AFTER_ORIGINAL
ElapsedMs: 89800.628
PrimarySnapshotAvailable: 1
PrimaryMotionName: Hero_Stand_None_1H_P0_HoldRight_End_N_Fwd_00_%_00_P0_0.xmot
PrimaryHasMotionInstance: 1
PrimaryMotionRunning: 1
PrimaryPlayTime: 0.000000
PrimaryMaxTime: 0.560000
PrimaryPlaySpeed: 1.000000
CleanupBehaviorChanged: 0
=====================================

===== ENGINE SetCollisionGroup =====
ElapsedMs: 90361.909
Entity: It_1H_Sword_Rust_01
ChangedEntityAddress: E70E8C10
PlayerSlotMatch: RIGHT
PlayerAction: 68
PlayerAniPhase: 6
PlayerPrimaryPose: 1
PlayerStateTime: 0.565266
PlayerStatePosition: 0
PlayerCurrentMovementAni: Hero_Stand_None_1H_P0_HoldRight_End_N_Fwd_00_%_00_P0_0.xmot
PlayerLeftItem: <none>
PlayerLeftItemAddress: 00000000
PlayerLeftUseType: -1
PlayerLeftCollisionGroup: -1
PlayerRightItem: It_1H_Sword_Rust_01
PlayerRightItemAddress: E70E8C10
PlayerRightUseType: 2
PlayerRightCollisionGroup: 6
RequestedGroup: 6
BeforeGroup: 7
AfterGroup: 6
Item_EquippedValue: 5
Item_AttackValue: 7
RetiredMarkerExecutionCount: 0
====================================

===== PRIMARYFIRST StopMotion =====
OwnerEntityAddress: EBB66E10
OwnerEntity: PC_Hero
MotionType: 0
Stage: REQUEST_BEFORE_ORIGINAL
ElapsedMs: 90362.095
PrimarySnapshotAvailable: 1
PrimaryMotionName: 
PrimaryHasMotionInstance: 0
PrimaryMotionRunning: 0
PrimaryPlayTime: 0.000000
PrimaryMaxTime: 0.000000
PrimaryPlaySpeed: 0.000000
Stage: RESULT_AFTER_ORIGINAL
ElapsedMs: 90362.095
PrimarySnapshotAvailable: 1
PrimaryMotionName: 
PrimaryHasMotionInstance: 0
PrimaryMotionRunning: 0
PrimaryPlayTime: 0.000000
PrimaryMaxTime: 0.000000
PrimaryPlaySpeed: 0.000000
CleanupBehaviorChanged: 0
=====================================

===== PRIMARYFIRST PlayMotion =====
OwnerEntityAddress: EBB66E10
OwnerEntity: PC_Hero
MotionType: 0
Stage: REQUEST_BEFORE_ORIGINAL
ElapsedMs: 90362.123
PrimarySnapshotAvailable: 1
PrimaryMotionName: 
PrimaryHasMotionInstance: 0
PrimaryMotionRunning: 0
PrimaryPlayTime: 0.000000
PrimaryMaxTime: 0.000000
PrimaryPlaySpeed: 0.000000
Stage: RESULT_AFTER_ORIGINAL
ElapsedMs: 90362.135
PrimarySnapshotAvailable: 1
PrimaryMotionName: Hero_Stand_None_1H_P0_HoldRight_Begin_N_Fwd_00_%_00_P0_0.xmot
PrimaryHasMotionInstance: 1
PrimaryMotionRunning: 1
PrimaryPlayTime: 0.000000
PrimaryMaxTime: 0.200000
PrimaryPlaySpeed: 1.000000
CleanupBehaviorChanged: 0
=====================================

===== PRIMARYFIRST StopMotion =====
OwnerEntityAddress: EBB66E10
OwnerEntity: PC_Hero
MotionType: 0
Stage: REQUEST_BEFORE_ORIGINAL
ElapsedMs: 94659.590
PrimarySnapshotAvailable: 1
PrimaryMotionName: 
PrimaryHasMotionInstance: 0
PrimaryMotionRunning: 0
PrimaryPlayTime: 0.000000
PrimaryMaxTime: 0.000000
PrimaryPlaySpeed: 0.000000
Stage: RESULT_AFTER_ORIGINAL
ElapsedMs: 94659.591
PrimarySnapshotAvailable: 1
PrimaryMotionName: 
PrimaryHasMotionInstance: 0
PrimaryMotionRunning: 0
PrimaryPlayTime: 0.000000
PrimaryMaxTime: 0.000000
PrimaryPlaySpeed: 0.000000
CleanupBehaviorChanged: 0
=====================================

===== PRIMARYFIRST PlayMotion =====
OwnerEntityAddress: EBB66E10
OwnerEntity: PC_Hero
MotionType: 0
Stage: REQUEST_BEFORE_ORIGINAL
ElapsedMs: 94659.632
PrimarySnapshotAvailable: 1
PrimaryMotionName: 
PrimaryHasMotionInstance: 0
PrimaryMotionRunning: 0
PrimaryPlayTime: 0.000000
PrimaryMaxTime: 0.000000
PrimaryPlaySpeed: 0.000000
Stage: RESULT_AFTER_ORIGINAL
ElapsedMs: 94659.645
PrimarySnapshotAvailable: 1
PrimaryMotionName: Hero_Stand_Shield_1H_P0_Hold_Begin_N_Fwd_00_%_00_P0_0.xmot
PrimaryHasMotionInstance: 1
PrimaryMotionRunning: 1
PrimaryPlayTime: 0.000000
PrimaryMaxTime: 0.360000
PrimaryPlaySpeed: 1.000000
CleanupBehaviorChanged: 0
=====================================

===== PRIMARYFIRST StopMotion =====
OwnerEntityAddress: EBB66E10
OwnerEntity: PC_Hero
MotionType: 0
Stage: REQUEST_BEFORE_ORIGINAL
ElapsedMs: 94977.607
PrimarySnapshotAvailable: 1
PrimaryMotionName: 
PrimaryHasMotionInstance: 0
PrimaryMotionRunning: 0
PrimaryPlayTime: 0.000000
PrimaryMaxTime: 0.000000
PrimaryPlaySpeed: 0.000000
Stage: RESULT_AFTER_ORIGINAL
ElapsedMs: 94977.608
PrimarySnapshotAvailable: 1
PrimaryMotionName: 
PrimaryHasMotionInstance: 0
PrimaryMotionRunning: 0
PrimaryPlayTime: 0.000000
PrimaryMaxTime: 0.000000
PrimaryPlaySpeed: 0.000000
CleanupBehaviorChanged: 0
=====================================

===== PRIMARYFIRST PlayMotion =====
OwnerEntityAddress: EBB66E10
OwnerEntity: PC_Hero
MotionType: 0
Stage: REQUEST_BEFORE_ORIGINAL
ElapsedMs: 94977.649
PrimarySnapshotAvailable: 1
PrimaryMotionName: 
PrimaryHasMotionInstance: 0
PrimaryMotionRunning: 0
PrimaryPlayTime: 0.000000
PrimaryMaxTime: 0.000000
PrimaryPlaySpeed: 0.000000
Stage: RESULT_AFTER_ORIGINAL
ElapsedMs: 94977.660
PrimarySnapshotAvailable: 1
PrimaryMotionName: Hero_Stand_Shield_1H_P0_Hold_End_N_Fwd_00_%_00_P0_0.xmot
PrimaryHasMotionInstance: 1
PrimaryMotionRunning: 1
PrimaryPlayTime: 0.000000
PrimaryMaxTime: 0.400000
PrimaryPlaySpeed: 1.000000
CleanupBehaviorChanged: 0
=====================================

===== PRIMARYFIRST StopMotion =====
OwnerEntityAddress: EBB66E10
OwnerEntity: PC_Hero
MotionType: 0
Stage: REQUEST_BEFORE_ORIGINAL
ElapsedMs: 98184.533
PrimarySnapshotAvailable: 1
PrimaryMotionName: 
PrimaryHasMotionInstance: 0
PrimaryMotionRunning: 0
PrimaryPlayTime: 0.000000
PrimaryMaxTime: 0.000000
PrimaryPlaySpeed: 0.000000
Stage: RESULT_AFTER_ORIGINAL
ElapsedMs: 98184.534
PrimarySnapshotAvailable: 1
PrimaryMotionName: 
PrimaryHasMotionInstance: 0
PrimaryMotionRunning: 0
PrimaryPlayTime: 0.000000
PrimaryMaxTime: 0.000000
PrimaryPlaySpeed: 0.000000
CleanupBehaviorChanged: 0
=====================================

===== PRIMARYFIRST PlayMotion =====
OwnerEntityAddress: EBB66E10
OwnerEntity: PC_Hero
MotionType: 0
Stage: REQUEST_BEFORE_ORIGINAL
ElapsedMs: 98184.573
PrimarySnapshotAvailable: 1
PrimaryMotionName: 
PrimaryHasMotionInstance: 0
PrimaryMotionRunning: 0
PrimaryPlayTime: 0.000000
PrimaryMaxTime: 0.000000
PrimaryPlaySpeed: 0.000000
Stage: RESULT_AFTER_ORIGINAL
ElapsedMs: 98184.587
PrimarySnapshotAvailable: 1
PrimaryMotionName: Hero_Stand_Shield_1H_P0_Attack_Hit_N_Fwd_00_%_00_P1_118_R.xmot
PrimaryHasMotionInstance: 1
PrimaryMotionRunning: 1
PrimaryPlayTime: 0.000000
PrimaryMaxTime: 0.320000
PrimaryPlaySpeed: 0.600000
CleanupBehaviorChanged: 0
=====================================

===== MARKER OWNERSHIP DECISION =====
ElapsedMs: 98184.632
Actor: PC_Hero
CurrentMovementAni: Hero_Stand_Shield_1H_P0_Attack_Hit_N_Fwd_00_%_00_P1_118_R.xmot
MatchingMotionFound: 1
FrameEffectCount: 1
ContainsReservedSourceMarker: 0
RequiredSourceMask: 0
AuthoredRIGHTMarkerCount: 0
FirstRIGHTMarkerFrame: -1
AuthoredLEFTMarkerCount: 0
FirstLEFTMarkerFrame: -1
AuthoredBOTHMarkerCount: 0
FirstBOTHMarkerFrame: -1
AuthoredOFFMarkerCount: 0
FirstOFFMarkerFrame: -1
RightHandSourceResolved: 1
RightHandSource: It_1H_Sword_Rust_01
RightHandSourceAddress: E27B4610
RightHandSourceUseType: 2
RightHandSourceCollisionGroup: 5
LeftHandSourceResolved: 1
LeftHandSource: It_Shield_StewarkGreat
LeftHandSourceAddress: E69F4810
LeftHandSourceUseType: 9
LeftHandSourceCollisionGroup: 5
Decision: LEGACY/NATIVE - call original timer callback
=====================================

===== ENGINE SetCollisionGroup =====
ElapsedMs: 98435.167
Entity: It_1H_Sword_Rust_01
ChangedEntityAddress: E27B4610
PlayerSlotMatch: RIGHT
PlayerAction: 1
PlayerAniPhase: 1
PlayerPrimaryPose: 1
PlayerStateTime: 0.253987
PlayerStatePosition: 0
PlayerCurrentMovementAni: Hero_Stand_Shield_1H_P0_Attack_Hit_N_Fwd_00_%_00_P1_118_R.xmot
PlayerLeftItem: It_Shield_StewarkGreat
PlayerLeftItemAddress: E69F4810
PlayerLeftUseType: 9
PlayerLeftCollisionGroup: 5
PlayerRightItem: It_1H_Sword_Rust_01
PlayerRightItemAddress: E27B4610
PlayerRightUseType: 2
PlayerRightCollisionGroup: 7
RequestedGroup: 7
BeforeGroup: 5
AfterGroup: 7
Item_EquippedValue: 5
Item_AttackValue: 7
RetiredMarkerExecutionCount: 0
====================================

===== COMBATMOVE STARTRECOVER BEGIN =====
ActorAddress: EBB66E10
Actor: PC_Hero
CurrentAction: 1
CurrentAniPhase: 1
CurrentMovementAni: Hero_Stand_Shield_1H_P0_Attack_Hit_N_Fwd_00_%_00_P1_118_R.xmot
Stage: BEGIN
ElapsedMs: 98719.823
PrimarySnapshotAvailable: 1
PrimaryMotionName: Hero_Stand_Shield_1H_P0_Attack_Hit_N_Fwd_00_%_00_P1_118_R.xmot
PrimaryHasMotionInstance: 1
PrimaryMotionRunning: 1
PrimaryPlayTime: 0.319990
PrimaryMaxTime: 0.320000
PrimaryPlaySpeed: 0.000000
LeftHandSourceResolved: 1
LeftHandSource: It_Shield_StewarkGreat
LeftHandSourceAddress: E69F4810
LeftHandSourceCollisionGroup: 5
RightHandSourceResolved: 1
RightHandSource: It_1H_Sword_Rust_01
RightHandSourceAddress: E27B4610
RightHandSourceCollisionGroup: 7
CleanupBehaviorChanged: 0
=========================================

===== PRIMARYFIRST StopMotion =====
OwnerEntityAddress: EBB66E10
OwnerEntity: PC_Hero
MotionType: 0
Stage: REQUEST_BEFORE_ORIGINAL
ElapsedMs: 98723.333
PrimarySnapshotAvailable: 1
PrimaryMotionName: 
PrimaryHasMotionInstance: 0
PrimaryMotionRunning: 0
PrimaryPlayTime: 0.000000
PrimaryMaxTime: 0.000000
PrimaryPlaySpeed: 0.000000
Stage: RESULT_AFTER_ORIGINAL
ElapsedMs: 98723.334
PrimarySnapshotAvailable: 1
PrimaryMotionName: 
PrimaryHasMotionInstance: 0
PrimaryMotionRunning: 0
PrimaryPlayTime: 0.000000
PrimaryMaxTime: 0.000000
PrimaryPlaySpeed: 0.000000
CleanupBehaviorChanged: 0
=====================================

===== PRIMARYFIRST PlayMotion =====
OwnerEntityAddress: EBB66E10
OwnerEntity: PC_Hero
MotionType: 0
Stage: REQUEST_BEFORE_ORIGINAL
ElapsedMs: 98723.365
PrimarySnapshotAvailable: 1
PrimaryMotionName: 
PrimaryHasMotionInstance: 0
PrimaryMotionRunning: 0
PrimaryPlayTime: 0.000000
PrimaryMaxTime: 0.000000
PrimaryPlaySpeed: 0.000000
Stage: RESULT_AFTER_ORIGINAL
ElapsedMs: 98723.379
PrimarySnapshotAvailable: 1
PrimaryMotionName: Hero_Stand_Shield_1H_P1_Attack_Recover_N_Fwd_00_%_00_P1_0_R.xmot
PrimaryHasMotionInstance: 1
PrimaryMotionRunning: 1
PrimaryPlayTime: 0.000000
PrimaryMaxTime: 0.440000
PrimaryPlaySpeed: 0.600000
CleanupBehaviorChanged: 0
=====================================

===== COMBATMOVE STARTRECOVER END =====
ActorAddress: EBB66E10
Actor: PC_Hero
CurrentAction: 1
CurrentAniPhase: 3
CurrentMovementAni: Hero_Stand_Shield_1H_P0_Attack_Hit_N_Fwd_00_%_00_P1_118_R.xmot
Stage: END
ElapsedMs: 98723.402
PrimarySnapshotAvailable: 1
PrimaryMotionName: Hero_Stand_Shield_1H_P1_Attack_Recover_N_Fwd_00_%_00_P1_0_R.xmot
PrimaryHasMotionInstance: 1
PrimaryMotionRunning: 1
PrimaryPlayTime: 0.000000
PrimaryMaxTime: 0.440000
PrimaryPlaySpeed: 0.600000
LeftHandSourceResolved: 1
LeftHandSource: It_Shield_StewarkGreat
LeftHandSourceAddress: E69F4810
LeftHandSourceCollisionGroup: 5
RightHandSourceResolved: 1
RightHandSource: It_1H_Sword_Rust_01
RightHandSourceAddress: E27B4610
RightHandSourceCollisionGroup: 7
CleanupBehaviorChanged: 0
=========================================

===== ENGINE SetCollisionGroup =====
ElapsedMs: 98723.516
Entity: It_1H_Sword_Rust_01
ChangedEntityAddress: E27B4610
PlayerSlotMatch: RIGHT
PlayerAction: 1
PlayerAniPhase: 3
PlayerPrimaryPose: 2
PlayerStateTime: 0.538932
PlayerStatePosition: 1
PlayerCurrentMovementAni: Hero_Stand_Shield_1H_P0_Attack_Hit_N_Fwd_00_%_00_P1_118_R.xmot
PlayerLeftItem: It_Shield_StewarkGreat
PlayerLeftItemAddress: E69F4810
PlayerLeftUseType: 9
PlayerLeftCollisionGroup: 5
PlayerRightItem: It_1H_Sword_Rust_01
PlayerRightItemAddress: E27B4610
PlayerRightUseType: 2
PlayerRightCollisionGroup: 5
RequestedGroup: 5
BeforeGroup: 7
AfterGroup: 5
Item_EquippedValue: 5
Item_AttackValue: 7
RetiredMarkerExecutionCount: 0
====================================

===== PRIMARYFIRST PlayMotion =====
OwnerEntityAddress: EBB66E10
OwnerEntity: PC_Hero
MotionType: 0
Stage: REQUEST_BEFORE_ORIGINAL
ElapsedMs: 99459.824
PrimarySnapshotAvailable: 1
PrimaryMotionName: 
PrimaryHasMotionInstance: 0
PrimaryMotionRunning: 0
PrimaryPlayTime: 0.000000
PrimaryMaxTime: 0.000000
PrimaryPlaySpeed: 0.000000
Stage: RESULT_AFTER_ORIGINAL
ElapsedMs: 99463.100
PrimarySnapshotAvailable: 1
PrimaryMotionName: Hero_Stand_Shield_1H_P1_Ambient_Loop_N_Fwd_00_%_00_P1_0.xmot
PrimaryHasMotionInstance: 1
PrimaryMotionRunning: 1
PrimaryPlayTime: 0.000000
PrimaryMaxTime: 0.000000
PrimaryPlaySpeed: 1.000000
CleanupBehaviorChanged: 0
=====================================

===== PRIMARYFIRST PlayMotion =====
OwnerEntityAddress: EBB66E10
OwnerEntity: PC_Hero
MotionType: 0
Stage: REQUEST_BEFORE_ORIGINAL
ElapsedMs: 101005.495
PrimarySnapshotAvailable: 1
PrimaryMotionName: 
PrimaryHasMotionInstance: 0
PrimaryMotionRunning: 0
PrimaryPlayTime: 0.000000
PrimaryMaxTime: 0.000000
PrimaryPlaySpeed: 0.000000
Stage: RESULT_AFTER_ORIGINAL
ElapsedMs: 101008.695
PrimarySnapshotAvailable: 1
PrimaryMotionName: Hero_Parade_Shield_1H_P1_Ambient_Loop_N_Fwd_00_%_00_P1_0.xmot
PrimaryHasMotionInstance: 1
PrimaryMotionRunning: 1
PrimaryPlayTime: 0.000000
PrimaryMaxTime: 0.400000
PrimaryPlaySpeed: 1.000000
CleanupBehaviorChanged: 0
=====================================

===== PRIMARYFIRST PlayMotion =====
OwnerEntityAddress: EBB66E10
OwnerEntity: PC_Hero
MotionType: 0
Stage: REQUEST_BEFORE_ORIGINAL
ElapsedMs: 101056.852
PrimarySnapshotAvailable: 1
PrimaryMotionName: 
PrimaryHasMotionInstance: 0
PrimaryMotionRunning: 0
PrimaryPlayTime: 0.000000
PrimaryMaxTime: 0.000000
PrimaryPlaySpeed: 0.000000
Stage: RESULT_AFTER_ORIGINAL
ElapsedMs: 101056.867
PrimarySnapshotAvailable: 1
PrimaryMotionName: Hero_Stand_Shield_1H_P1_Ambient_Loop_N_Fwd_00_%_00_P1_0.xmot
PrimaryHasMotionInstance: 1
PrimaryMotionRunning: 1
PrimaryPlayTime: 0.000000
PrimaryMaxTime: 0.000000
PrimaryPlaySpeed: 1.000000
CleanupBehaviorChanged: 0
=====================================

===== PRIMARYFIRST StopMotion =====
OwnerEntityAddress: EBB66E10
OwnerEntity: PC_Hero
MotionType: 0
Stage: REQUEST_BEFORE_ORIGINAL
ElapsedMs: 101057.542
PrimarySnapshotAvailable: 1
PrimaryMotionName: 
PrimaryHasMotionInstance: 0
PrimaryMotionRunning: 0
PrimaryPlayTime: 0.000000
PrimaryMaxTime: 0.000000
PrimaryPlaySpeed: 0.000000
Stage: RESULT_AFTER_ORIGINAL
ElapsedMs: 101057.543
PrimarySnapshotAvailable: 1
PrimaryMotionName: 
PrimaryHasMotionInstance: 0
PrimaryMotionRunning: 0
PrimaryPlayTime: 0.000000
PrimaryMaxTime: 0.000000
PrimaryPlaySpeed: 0.000000
CleanupBehaviorChanged: 0
=====================================

===== PRIMARYFIRST PlayMotion =====
OwnerEntityAddress: EBB66E10
OwnerEntity: PC_Hero
MotionType: 0
Stage: REQUEST_BEFORE_ORIGINAL
ElapsedMs: 101057.573
PrimarySnapshotAvailable: 1
PrimaryMotionName: 
PrimaryHasMotionInstance: 0
PrimaryMotionRunning: 0
PrimaryPlayTime: 0.000000
PrimaryMaxTime: 0.000000
PrimaryPlaySpeed: 0.000000
Stage: RESULT_AFTER_ORIGINAL
ElapsedMs: 101057.585
PrimarySnapshotAvailable: 1
PrimaryMotionName: Hero_Stand_Shield_1H_P1_QuickAttackL_Hit_N_Fwd_00_%_00_P50_100_L.xmot
PrimaryHasMotionInstance: 1
PrimaryMotionRunning: 1
PrimaryPlayTime: 0.000000
PrimaryMaxTime: 0.400000
PrimaryPlaySpeed: 1.000000
CleanupBehaviorChanged: 0
=====================================

===== MARKER OWNERSHIP DECISION =====
ElapsedMs: 101057.634
Actor: PC_Hero
CurrentMovementAni: Hero_Stand_Shield_1H_P1_QuickAttackL_Hit_N_Fwd_00_%_00_P50_100_L.xmot
MatchingMotionFound: 1
FrameEffectCount: 1
ContainsReservedSourceMarker: 0
RequiredSourceMask: 0
AuthoredRIGHTMarkerCount: 0
FirstRIGHTMarkerFrame: -1
AuthoredLEFTMarkerCount: 0
FirstLEFTMarkerFrame: -1
AuthoredBOTHMarkerCount: 0
FirstBOTHMarkerFrame: -1
AuthoredOFFMarkerCount: 0
FirstOFFMarkerFrame: -1
RightHandSourceResolved: 1
RightHandSource: It_1H_Sword_Rust_01
RightHandSourceAddress: E27B4610
RightHandSourceUseType: 2
RightHandSourceCollisionGroup: 5
LeftHandSourceResolved: 1
LeftHandSource: It_Shield_StewarkGreat
LeftHandSourceAddress: E69F4810
LeftHandSourceUseType: 9
LeftHandSourceCollisionGroup: 5
Decision: LEGACY/NATIVE - call original timer callback
=====================================

===== ENGINE SetCollisionGroup =====
ElapsedMs: 101159.572
Entity: It_1H_Sword_Rust_01
ChangedEntityAddress: E27B4610
PlayerSlotMatch: RIGHT
PlayerAction: 5
PlayerAniPhase: 1
PlayerPrimaryPose: 2
PlayerStateTime: 0.102980
PlayerStatePosition: 0
PlayerCurrentMovementAni: Hero_Stand_Shield_1H_P1_QuickAttackL_Hit_N_Fwd_00_%_00_P50_100_L.xmot
PlayerLeftItem: It_Shield_StewarkGreat
PlayerLeftItemAddress: E69F4810
PlayerLeftUseType: 9
PlayerLeftCollisionGroup: 5
PlayerRightItem: It_1H_Sword_Rust_01
PlayerRightItemAddress: E27B4610
PlayerRightUseType: 2
PlayerRightCollisionGroup: 7
RequestedGroup: 7
BeforeGroup: 5
AfterGroup: 7
Item_EquippedValue: 5
Item_AttackValue: 7
RetiredMarkerExecutionCount: 0
====================================

===== COMBATMOVE STARTRECOVER BEGIN =====
ActorAddress: EBB66E10
Actor: PC_Hero
CurrentAction: 5
CurrentAniPhase: 1
CurrentMovementAni: Hero_Stand_Shield_1H_P1_QuickAttackL_Hit_N_Fwd_00_%_00_P50_100_L.xmot
Stage: BEGIN
ElapsedMs: 101458.572
PrimarySnapshotAvailable: 1
PrimaryMotionName: Hero_Stand_Shield_1H_P1_QuickAttackL_Hit_N_Fwd_00_%_00_P50_100_L.xmot
PrimaryHasMotionInstance: 1
PrimaryMotionRunning: 1
PrimaryPlayTime: 0.399990
PrimaryMaxTime: 0.400000
PrimaryPlaySpeed: 0.000000
LeftHandSourceResolved: 1
LeftHandSource: It_Shield_StewarkGreat
LeftHandSourceAddress: E69F4810
LeftHandSourceCollisionGroup: 5
RightHandSourceResolved: 1
RightHandSource: It_1H_Sword_Rust_01
RightHandSourceAddress: E27B4610
RightHandSourceCollisionGroup: 7
CleanupBehaviorChanged: 0
=========================================

===== COMBATMOVE STARTRECOVER END =====
ActorAddress: EBB66E10
Actor: PC_Hero
CurrentAction: 5
CurrentAniPhase: 1
CurrentMovementAni: Hero_Stand_Shield_1H_P1_QuickAttackL_Hit_N_Fwd_00_%_00_P50_100_L.xmot
Stage: END
ElapsedMs: 101458.680
PrimarySnapshotAvailable: 1
PrimaryMotionName: Hero_Stand_Shield_1H_P1_QuickAttackL_Hit_N_Fwd_00_%_00_P50_100_L.xmot
PrimaryHasMotionInstance: 1
PrimaryMotionRunning: 1
PrimaryPlayTime: 0.399990
PrimaryMaxTime: 0.400000
PrimaryPlaySpeed: 0.000000
LeftHandSourceResolved: 1
LeftHandSource: It_Shield_StewarkGreat
LeftHandSourceAddress: E69F4810
LeftHandSourceCollisionGroup: 5
RightHandSourceResolved: 1
RightHandSource: It_1H_Sword_Rust_01
RightHandSourceAddress: E27B4610
RightHandSourceCollisionGroup: 7
CleanupBehaviorChanged: 0
=========================================

===== ENGINE SetCollisionGroup =====
ElapsedMs: 101458.739
Entity: It_1H_Sword_Rust_01
ChangedEntityAddress: E27B4610
PlayerSlotMatch: RIGHT
PlayerAction: 5
PlayerAniPhase: 1
PlayerPrimaryPose: 22
PlayerStateTime: 0.402274
PlayerStatePosition: 1
PlayerCurrentMovementAni: Hero_Stand_Shield_1H_P1_QuickAttackL_Hit_N_Fwd_00_%_00_P50_100_L.xmot
PlayerLeftItem: It_Shield_StewarkGreat
PlayerLeftItemAddress: E69F4810
PlayerLeftUseType: 9
PlayerLeftCollisionGroup: 5
PlayerRightItem: It_1H_Sword_Rust_01
PlayerRightItemAddress: E27B4610
PlayerRightUseType: 2
PlayerRightCollisionGroup: 5
RequestedGroup: 5
BeforeGroup: 7
AfterGroup: 5
Item_EquippedValue: 5
Item_AttackValue: 7
RetiredMarkerExecutionCount: 0
====================================

===== MARKER OWNERSHIP DECISION =====
ElapsedMs: 101467.451
Actor: PC_Hero
CurrentMovementAni: 
MatchingMotionFound: 0
FrameEffectCount: 0
ContainsReservedSourceMarker: 0
RequiredSourceMask: 0
AuthoredRIGHTMarkerCount: 0
FirstRIGHTMarkerFrame: -1
AuthoredLEFTMarkerCount: 0
FirstLEFTMarkerFrame: -1
AuthoredBOTHMarkerCount: 0
FirstBOTHMarkerFrame: -1
AuthoredOFFMarkerCount: 0
FirstOFFMarkerFrame: -1
RightHandSourceResolved: 1
RightHandSource: It_1H_Sword_Rust_01
RightHandSourceAddress: E27B4610
RightHandSourceUseType: 2
RightHandSourceCollisionGroup: 5
LeftHandSourceResolved: 1
LeftHandSource: It_Shield_StewarkGreat
LeftHandSourceAddress: E69F4810
LeftHandSourceUseType: 9
LeftHandSourceCollisionGroup: 5
Decision: LEGACY/NATIVE - call original timer callback
=====================================

===== PRIMARYFIRST PlayMotion =====
OwnerEntityAddress: EBB66E10
OwnerEntity: PC_Hero
MotionType: 0
Stage: REQUEST_BEFORE_ORIGINAL
ElapsedMs: 101476.895
PrimarySnapshotAvailable: 1
PrimaryMotionName: 
PrimaryHasMotionInstance: 0
PrimaryMotionRunning: 0
PrimaryPlayTime: 0.000000
PrimaryMaxTime: 0.000000
PrimaryPlaySpeed: 0.000000
Stage: RESULT_AFTER_ORIGINAL
ElapsedMs: 101480.149
PrimarySnapshotAvailable: 1
PrimaryMotionName: Hero_Stand_Shield_1H_P0_Ambient_Loop_N_Fwd_00_%_00_P0_0.xmot
PrimaryHasMotionInstance: 1
PrimaryMotionRunning: 1
PrimaryPlayTime: 0.000000
PrimaryMaxTime: 0.000000
PrimaryPlaySpeed: 1.000000
CleanupBehaviorChanged: 0
=====================================

===== PRIMARYFIRST StopMotion =====
OwnerEntityAddress: EBB66E10
OwnerEntity: PC_Hero
MotionType: 0
Stage: REQUEST_BEFORE_ORIGINAL
ElapsedMs: 103050.953
PrimarySnapshotAvailable: 1
PrimaryMotionName: 
PrimaryHasMotionInstance: 0
PrimaryMotionRunning: 0
PrimaryPlayTime: 0.000000
PrimaryMaxTime: 0.000000
PrimaryPlaySpeed: 0.000000
Stage: RESULT_AFTER_ORIGINAL
ElapsedMs: 103050.954
PrimarySnapshotAvailable: 1
PrimaryMotionName: 
PrimaryHasMotionInstance: 0
PrimaryMotionRunning: 0
PrimaryPlayTime: 0.000000
PrimaryMaxTime: 0.000000
PrimaryPlaySpeed: 0.000000
CleanupBehaviorChanged: 0
=====================================

===== PRIMARYFIRST PlayMotion =====
OwnerEntityAddress: EBB66E10
OwnerEntity: PC_Hero
MotionType: 0
Stage: REQUEST_BEFORE_ORIGINAL
ElapsedMs: 103051.001
PrimarySnapshotAvailable: 1
PrimaryMotionName: 
PrimaryHasMotionInstance: 0
PrimaryMotionRunning: 0
PrimaryPlayTime: 0.000000
PrimaryMaxTime: 0.000000
PrimaryPlaySpeed: 0.000000
Stage: RESULT_AFTER_ORIGINAL
ElapsedMs: 103051.016
PrimarySnapshotAvailable: 1
PrimaryMotionName: Hero_Stand_Shield_1H_P0_Attack_Hit_N_Fwd_00_%_00_P1_118_R.xmot
PrimaryHasMotionInstance: 1
PrimaryMotionRunning: 1
PrimaryPlayTime: 0.000000
PrimaryMaxTime: 0.320000
PrimaryPlaySpeed: 0.600000
CleanupBehaviorChanged: 0
=====================================

===== MARKER OWNERSHIP DECISION =====
ElapsedMs: 103051.059
Actor: PC_Hero
CurrentMovementAni: Hero_Stand_Shield_1H_P0_Attack_Hit_N_Fwd_00_%_00_P1_118_R.xmot
MatchingMotionFound: 1
FrameEffectCount: 1
ContainsReservedSourceMarker: 0
RequiredSourceMask: 0
AuthoredRIGHTMarkerCount: 0
FirstRIGHTMarkerFrame: -1
AuthoredLEFTMarkerCount: 0
FirstLEFTMarkerFrame: -1
AuthoredBOTHMarkerCount: 0
FirstBOTHMarkerFrame: -1
AuthoredOFFMarkerCount: 0
FirstOFFMarkerFrame: -1
RightHandSourceResolved: 1
RightHandSource: It_1H_Sword_Rust_01
RightHandSourceAddress: E27B4610
RightHandSourceUseType: 2
RightHandSourceCollisionGroup: 5
LeftHandSourceResolved: 1
LeftHandSource: It_Shield_StewarkGreat
LeftHandSourceAddress: E69F4810
LeftHandSourceUseType: 9
LeftHandSourceCollisionGroup: 5
Decision: LEGACY/NATIVE - call original timer callback
=====================================

===== ENGINE SetCollisionGroup =====
ElapsedMs: 103302.693
Entity: It_1H_Sword_Rust_01
ChangedEntityAddress: E27B4610
PlayerSlotMatch: RIGHT
PlayerAction: 1
PlayerAniPhase: 1
PlayerPrimaryPose: 1
PlayerStateTime: 0.253295
PlayerStatePosition: 0
PlayerCurrentMovementAni: Hero_Stand_Shield_1H_P0_Attack_Hit_N_Fwd_00_%_00_P1_118_R.xmot
PlayerLeftItem: It_Shield_StewarkGreat
PlayerLeftItemAddress: E69F4810
PlayerLeftUseType: 9
PlayerLeftCollisionGroup: 5
PlayerRightItem: It_1H_Sword_Rust_01
PlayerRightItemAddress: E27B4610
PlayerRightUseType: 2
PlayerRightCollisionGroup: 7
RequestedGroup: 7
BeforeGroup: 5
AfterGroup: 7
Item_EquippedValue: 5
Item_AttackValue: 7
RetiredMarkerExecutionCount: 0
====================================

===== COMBATMOVE STARTRECOVER BEGIN =====
ActorAddress: EBB66E10
Actor: PC_Hero
CurrentAction: 1
CurrentAniPhase: 1
CurrentMovementAni: Hero_Stand_Shield_1H_P0_Attack_Hit_N_Fwd_00_%_00_P1_118_R.xmot
Stage: BEGIN
ElapsedMs: 103585.630
PrimarySnapshotAvailable: 1
PrimaryMotionName: Hero_Stand_Shield_1H_P0_Attack_Hit_N_Fwd_00_%_00_P1_118_R.xmot
PrimaryHasMotionInstance: 1
PrimaryMotionRunning: 1
PrimaryPlayTime: 0.319990
PrimaryMaxTime: 0.320000
PrimaryPlaySpeed: 0.000000
LeftHandSourceResolved: 1
LeftHandSource: It_Shield_StewarkGreat
LeftHandSourceAddress: E69F4810
LeftHandSourceCollisionGroup: 5
RightHandSourceResolved: 1
RightHandSource: It_1H_Sword_Rust_01
RightHandSourceAddress: E27B4610
RightHandSourceCollisionGroup: 7
CleanupBehaviorChanged: 0
=========================================

===== PRIMARYFIRST StopMotion =====
OwnerEntityAddress: EBB66E10
OwnerEntity: PC_Hero
MotionType: 0
Stage: REQUEST_BEFORE_ORIGINAL
ElapsedMs: 103585.712
PrimarySnapshotAvailable: 1
PrimaryMotionName: 
PrimaryHasMotionInstance: 0
PrimaryMotionRunning: 0
PrimaryPlayTime: 0.000000
PrimaryMaxTime: 0.000000
PrimaryPlaySpeed: 0.000000
Stage: RESULT_AFTER_ORIGINAL
ElapsedMs: 103585.712
PrimarySnapshotAvailable: 1
PrimaryMotionName: 
PrimaryHasMotionInstance: 0
PrimaryMotionRunning: 0
PrimaryPlayTime: 0.000000
PrimaryMaxTime: 0.000000
PrimaryPlaySpeed: 0.000000
CleanupBehaviorChanged: 0
=====================================

===== PRIMARYFIRST PlayMotion =====
OwnerEntityAddress: EBB66E10
OwnerEntity: PC_Hero
MotionType: 0
Stage: REQUEST_BEFORE_ORIGINAL
ElapsedMs: 103585.735
PrimarySnapshotAvailable: 1
PrimaryMotionName: 
PrimaryHasMotionInstance: 0
PrimaryMotionRunning: 0
PrimaryPlayTime: 0.000000
PrimaryMaxTime: 0.000000
PrimaryPlaySpeed: 0.000000
Stage: RESULT_AFTER_ORIGINAL
ElapsedMs: 103585.750
PrimarySnapshotAvailable: 1
PrimaryMotionName: Hero_Stand_Shield_1H_P1_Attack_Recover_N_Fwd_00_%_00_P1_0_R.xmot
PrimaryHasMotionInstance: 1
PrimaryMotionRunning: 1
PrimaryPlayTime: 0.000000
PrimaryMaxTime: 0.440000
PrimaryPlaySpeed: 0.600000
CleanupBehaviorChanged: 0
=====================================

===== COMBATMOVE STARTRECOVER END =====
ActorAddress: EBB66E10
Actor: PC_Hero
CurrentAction: 1
CurrentAniPhase: 3
CurrentMovementAni: Hero_Stand_Shield_1H_P0_Attack_Hit_N_Fwd_00_%_00_P1_118_R.xmot
Stage: END
ElapsedMs: 103585.771
PrimarySnapshotAvailable: 1
PrimaryMotionName: Hero_Stand_Shield_1H_P1_Attack_Recover_N_Fwd_00_%_00_P1_0_R.xmot
PrimaryHasMotionInstance: 1
PrimaryMotionRunning: 1
PrimaryPlayTime: 0.000000
PrimaryMaxTime: 0.440000
PrimaryPlaySpeed: 0.600000
LeftHandSourceResolved: 1
LeftHandSource: It_Shield_StewarkGreat
LeftHandSourceAddress: E69F4810
LeftHandSourceCollisionGroup: 5
RightHandSourceResolved: 1
RightHandSource: It_1H_Sword_Rust_01
RightHandSourceAddress: E27B4610
RightHandSourceCollisionGroup: 7
CleanupBehaviorChanged: 0
=========================================

===== ENGINE SetCollisionGroup =====
ElapsedMs: 103585.826
Entity: It_1H_Sword_Rust_01
ChangedEntityAddress: E27B4610
PlayerSlotMatch: RIGHT
PlayerAction: 1
PlayerAniPhase: 3
PlayerPrimaryPose: 2
PlayerStateTime: 0.536378
PlayerStatePosition: 1
PlayerCurrentMovementAni: Hero_Stand_Shield_1H_P0_Attack_Hit_N_Fwd_00_%_00_P1_118_R.xmot
PlayerLeftItem: It_Shield_StewarkGreat
PlayerLeftItemAddress: E69F4810
PlayerLeftUseType: 9
PlayerLeftCollisionGroup: 5
PlayerRightItem: It_1H_Sword_Rust_01
PlayerRightItemAddress: E27B4610
PlayerRightUseType: 2
PlayerRightCollisionGroup: 5
RequestedGroup: 5
BeforeGroup: 7
AfterGroup: 5
Item_EquippedValue: 5
Item_AttackValue: 7
RetiredMarkerExecutionCount: 0
====================================

===== PRIMARYFIRST PlayMotion =====
OwnerEntityAddress: EBB66E10
OwnerEntity: PC_Hero
MotionType: 0
Stage: REQUEST_BEFORE_ORIGINAL
ElapsedMs: 104334.305
PrimarySnapshotAvailable: 1
PrimaryMotionName: 
PrimaryHasMotionInstance: 0
PrimaryMotionRunning: 0
PrimaryPlayTime: 0.000000
PrimaryMaxTime: 0.000000
PrimaryPlaySpeed: 0.000000
Stage: RESULT_AFTER_ORIGINAL
ElapsedMs: 104334.321
PrimarySnapshotAvailable: 1
PrimaryMotionName: Hero_Stand_Shield_1H_P1_Ambient_Loop_N_Fwd_00_%_00_P1_0.xmot
PrimaryHasMotionInstance: 1
PrimaryMotionRunning: 1
PrimaryPlayTime: 0.000000
PrimaryMaxTime: 0.000000
PrimaryPlaySpeed: 1.000000
CleanupBehaviorChanged: 0
=====================================

===== PRIMARYFIRST PlayMotion =====
OwnerEntityAddress: EBB66E10
OwnerEntity: PC_Hero
MotionType: 0
Stage: REQUEST_BEFORE_ORIGINAL
ElapsedMs: 105407.053
PrimarySnapshotAvailable: 1
PrimaryMotionName: 
PrimaryHasMotionInstance: 0
PrimaryMotionRunning: 0
PrimaryPlayTime: 0.000000
PrimaryMaxTime: 0.000000
PrimaryPlaySpeed: 0.000000
Stage: RESULT_AFTER_ORIGINAL
ElapsedMs: 105407.068
PrimarySnapshotAvailable: 1
PrimaryMotionName: Hero_Parade_Shield_1H_P1_Ambient_Loop_N_Fwd_00_%_00_P1_0.xmot
PrimaryHasMotionInstance: 1
PrimaryMotionRunning: 1
PrimaryPlayTime: 0.000000
PrimaryMaxTime: 0.400000
PrimaryPlaySpeed: 1.000000
CleanupBehaviorChanged: 0
=====================================

===== PRIMARYFIRST PlayMotion =====
OwnerEntityAddress: EBB66E10
OwnerEntity: PC_Hero
MotionType: 0
Stage: REQUEST_BEFORE_ORIGINAL
ElapsedMs: 105453.902
PrimarySnapshotAvailable: 1
PrimaryMotionName: 
PrimaryHasMotionInstance: 0
PrimaryMotionRunning: 0
PrimaryPlayTime: 0.000000
PrimaryMaxTime: 0.000000
PrimaryPlaySpeed: 0.000000
Stage: RESULT_AFTER_ORIGINAL
ElapsedMs: 105453.918
PrimarySnapshotAvailable: 1
PrimaryMotionName: Hero_Stand_Shield_1H_P1_Ambient_Loop_N_Fwd_00_%_00_P1_0.xmot
PrimaryHasMotionInstance: 1
PrimaryMotionRunning: 1
PrimaryPlayTime: 0.000000
PrimaryMaxTime: 0.000000
PrimaryPlaySpeed: 1.000000
CleanupBehaviorChanged: 0
=====================================

===== PRIMARYFIRST StopMotion =====
OwnerEntityAddress: EBB66E10
OwnerEntity: PC_Hero
MotionType: 0
Stage: REQUEST_BEFORE_ORIGINAL
ElapsedMs: 105454.008
PrimarySnapshotAvailable: 1
PrimaryMotionName: 
PrimaryHasMotionInstance: 0
PrimaryMotionRunning: 0
PrimaryPlayTime: 0.000000
PrimaryMaxTime: 0.000000
PrimaryPlaySpeed: 0.000000
Stage: RESULT_AFTER_ORIGINAL
ElapsedMs: 105454.008
PrimarySnapshotAvailable: 1
PrimaryMotionName: 
PrimaryHasMotionInstance: 0
PrimaryMotionRunning: 0
PrimaryPlayTime: 0.000000
PrimaryMaxTime: 0.000000
PrimaryPlaySpeed: 0.000000
CleanupBehaviorChanged: 0
=====================================

===== PRIMARYFIRST PlayMotion =====
OwnerEntityAddress: EBB66E10
OwnerEntity: PC_Hero
MotionType: 0
Stage: REQUEST_BEFORE_ORIGINAL
ElapsedMs: 105454.032
PrimarySnapshotAvailable: 1
PrimaryMotionName: 
PrimaryHasMotionInstance: 0
PrimaryMotionRunning: 0
PrimaryPlayTime: 0.000000
PrimaryMaxTime: 0.000000
PrimaryPlaySpeed: 0.000000
Stage: RESULT_AFTER_ORIGINAL
ElapsedMs: 105454.042
PrimarySnapshotAvailable: 1
PrimaryMotionName: Hero_Stand_Shield_1H_P1_QuickAttackL_Hit_N_Fwd_00_%_00_P50_100_L.xmot
PrimaryHasMotionInstance: 1
PrimaryMotionRunning: 1
PrimaryPlayTime: 0.000000
PrimaryMaxTime: 0.400000
PrimaryPlaySpeed: 1.000000
CleanupBehaviorChanged: 0
=====================================

===== MARKER OWNERSHIP DECISION =====
ElapsedMs: 105454.088
Actor: PC_Hero
CurrentMovementAni: Hero_Stand_Shield_1H_P1_QuickAttackL_Hit_N_Fwd_00_%_00_P50_100_L.xmot
MatchingMotionFound: 1
FrameEffectCount: 1
ContainsReservedSourceMarker: 0
RequiredSourceMask: 0
AuthoredRIGHTMarkerCount: 0
FirstRIGHTMarkerFrame: -1
AuthoredLEFTMarkerCount: 0
FirstLEFTMarkerFrame: -1
AuthoredBOTHMarkerCount: 0
FirstBOTHMarkerFrame: -1
AuthoredOFFMarkerCount: 0
FirstOFFMarkerFrame: -1
RightHandSourceResolved: 1
RightHandSource: It_1H_Sword_Rust_01
RightHandSourceAddress: E27B4610
RightHandSourceUseType: 2
RightHandSourceCollisionGroup: 5
LeftHandSourceResolved: 1
LeftHandSource: It_Shield_StewarkGreat
LeftHandSourceAddress: E69F4810
LeftHandSourceUseType: 9
LeftHandSourceCollisionGroup: 5
Decision: LEGACY/NATIVE - call original timer callback
=====================================

===== ENGINE SetCollisionGroup =====
ElapsedMs: 105560.375
Entity: It_1H_Sword_Rust_01
ChangedEntityAddress: E27B4610
PlayerSlotMatch: RIGHT
PlayerAction: 5
PlayerAniPhase: 1
PlayerPrimaryPose: 2
PlayerStateTime: 0.106970
PlayerStatePosition: 0
PlayerCurrentMovementAni: Hero_Stand_Shield_1H_P1_QuickAttackL_Hit_N_Fwd_00_%_00_P50_100_L.xmot
PlayerLeftItem: It_Shield_StewarkGreat
PlayerLeftItemAddress: E69F4810
PlayerLeftUseType: 9
PlayerLeftCollisionGroup: 5
PlayerRightItem: It_1H_Sword_Rust_01
PlayerRightItemAddress: E27B4610
PlayerRightUseType: 2
PlayerRightCollisionGroup: 7
RequestedGroup: 7
BeforeGroup: 5
AfterGroup: 7
Item_EquippedValue: 5
Item_AttackValue: 7
RetiredMarkerExecutionCount: 0
====================================

===== COMBATMOVE STARTRECOVER BEGIN =====
ActorAddress: EBB66E10
Actor: PC_Hero
CurrentAction: 5
CurrentAniPhase: 1
CurrentMovementAni: Hero_Stand_Shield_1H_P1_QuickAttackL_Hit_N_Fwd_00_%_00_P50_100_L.xmot
Stage: BEGIN
ElapsedMs: 105854.564
PrimarySnapshotAvailable: 1
PrimaryMotionName: Hero_Stand_Shield_1H_P1_QuickAttackL_Hit_N_Fwd_00_%_00_P50_100_L.xmot
PrimaryHasMotionInstance: 1
PrimaryMotionRunning: 1
PrimaryPlayTime: 0.399990
PrimaryMaxTime: 0.400000
PrimaryPlaySpeed: 0.000000
LeftHandSourceResolved: 1
LeftHandSource: It_Shield_StewarkGreat
LeftHandSourceAddress: E69F4810
LeftHandSourceCollisionGroup: 5
RightHandSourceResolved: 1
RightHandSource: It_1H_Sword_Rust_01
RightHandSourceAddress: E27B4610
RightHandSourceCollisionGroup: 7
CleanupBehaviorChanged: 0
=========================================

===== COMBATMOVE STARTRECOVER END =====
ActorAddress: EBB66E10
Actor: PC_Hero
CurrentAction: 5
CurrentAniPhase: 1
CurrentMovementAni: Hero_Stand_Shield_1H_P1_QuickAttackL_Hit_N_Fwd_00_%_00_P50_100_L.xmot
Stage: END
ElapsedMs: 105854.630
PrimarySnapshotAvailable: 1
PrimaryMotionName: Hero_Stand_Shield_1H_P1_QuickAttackL_Hit_N_Fwd_00_%_00_P50_100_L.xmot
PrimaryHasMotionInstance: 1
PrimaryMotionRunning: 1
PrimaryPlayTime: 0.399990
PrimaryMaxTime: 0.400000
PrimaryPlaySpeed: 0.000000
LeftHandSourceResolved: 1
LeftHandSource: It_Shield_StewarkGreat
LeftHandSourceAddress: E69F4810
LeftHandSourceCollisionGroup: 5
RightHandSourceResolved: 1
RightHandSource: It_1H_Sword_Rust_01
RightHandSourceAddress: E27B4610
RightHandSourceCollisionGroup: 7
CleanupBehaviorChanged: 0
=========================================

===== ENGINE SetCollisionGroup =====
ElapsedMs: 105854.685
Entity: It_1H_Sword_Rust_01
ChangedEntityAddress: E27B4610
PlayerSlotMatch: RIGHT
PlayerAction: 5
PlayerAniPhase: 1
PlayerPrimaryPose: 22
PlayerStateTime: 0.400980
PlayerStatePosition: 1
PlayerCurrentMovementAni: Hero_Stand_Shield_1H_P1_QuickAttackL_Hit_N_Fwd_00_%_00_P50_100_L.xmot
PlayerLeftItem: It_Shield_StewarkGreat
PlayerLeftItemAddress: E69F4810
PlayerLeftUseType: 9
PlayerLeftCollisionGroup: 5
PlayerRightItem: It_1H_Sword_Rust_01
PlayerRightItemAddress: E27B4610
PlayerRightUseType: 2
PlayerRightCollisionGroup: 5
RequestedGroup: 5
BeforeGroup: 7
AfterGroup: 5
Item_EquippedValue: 5
Item_AttackValue: 7
RetiredMarkerExecutionCount: 0
====================================

===== PRIMARYFIRST PlayMotion =====
OwnerEntityAddress: EBB66E10
OwnerEntity: PC_Hero
MotionType: 0
Stage: REQUEST_BEFORE_ORIGINAL
ElapsedMs: 105863.564
PrimarySnapshotAvailable: 1
PrimaryMotionName: 
PrimaryHasMotionInstance: 0
PrimaryMotionRunning: 0
PrimaryPlayTime: 0.000000
PrimaryMaxTime: 0.000000
PrimaryPlaySpeed: 0.000000
Stage: RESULT_AFTER_ORIGINAL
ElapsedMs: 105863.579
PrimarySnapshotAvailable: 1
PrimaryMotionName: Hero_Stand_Shield_1H_P0_Ambient_Loop_N_Fwd_00_%_00_P0_0.xmot
PrimaryHasMotionInstance: 1
PrimaryMotionRunning: 1
PrimaryPlayTime: 0.000000
PrimaryMaxTime: 0.000000
PrimaryPlaySpeed: 1.000000
CleanupBehaviorChanged: 0
=====================================

===== PRIMARYFIRST StopMotion =====
OwnerEntityAddress: EBB66E10
OwnerEntity: PC_Hero
MotionType: 0
Stage: REQUEST_BEFORE_ORIGINAL
ElapsedMs: 110128.928
PrimarySnapshotAvailable: 1
PrimaryMotionName: 
PrimaryHasMotionInstance: 0
PrimaryMotionRunning: 0
PrimaryPlayTime: 0.000000
PrimaryMaxTime: 0.000000
PrimaryPlaySpeed: 0.000000
Stage: RESULT_AFTER_ORIGINAL
ElapsedMs: 110128.929
PrimarySnapshotAvailable: 1
PrimaryMotionName: 
PrimaryHasMotionInstance: 0
PrimaryMotionRunning: 0
PrimaryPlayTime: 0.000000
PrimaryMaxTime: 0.000000
PrimaryPlaySpeed: 0.000000
CleanupBehaviorChanged: 0
=====================================

===== PRIMARYFIRST PlayMotion =====
OwnerEntityAddress: EBB66E10
OwnerEntity: PC_Hero
MotionType: 0
Stage: REQUEST_BEFORE_ORIGINAL
ElapsedMs: 110128.968
PrimarySnapshotAvailable: 1
PrimaryMotionName: 
PrimaryHasMotionInstance: 0
PrimaryMotionRunning: 0
PrimaryPlayTime: 0.000000
PrimaryMaxTime: 0.000000
PrimaryPlaySpeed: 0.000000
Stage: RESULT_AFTER_ORIGINAL
ElapsedMs: 110128.983
PrimarySnapshotAvailable: 1
PrimaryMotionName: Hero_Stand_Shield_1H_P0_Parade_Begin_N_Fwd_00_%_00_P1_0.xmot
PrimaryHasMotionInstance: 1
PrimaryMotionRunning: 1
PrimaryPlayTime: 0.000000
PrimaryMaxTime: 0.800000
PrimaryPlaySpeed: 2.300000
CleanupBehaviorChanged: 0
=====================================

===== PRIMARYFIRST PlayMotion =====
OwnerEntityAddress: EBB66E10
OwnerEntity: PC_Hero
MotionType: 0
Stage: REQUEST_BEFORE_ORIGINAL
ElapsedMs: 110490.570
PrimarySnapshotAvailable: 1
PrimaryMotionName: 
PrimaryHasMotionInstance: 0
PrimaryMotionRunning: 0
PrimaryPlayTime: 0.000000
PrimaryMaxTime: 0.000000
PrimaryPlaySpeed: 0.000000
Stage: RESULT_AFTER_ORIGINAL
ElapsedMs: 110490.586
PrimarySnapshotAvailable: 1
PrimaryMotionName: Hero_Parade_Shield_1H_P1_Ambient_Loop_N_Fwd_00_%_00_P1_0.xmot
PrimaryHasMotionInstance: 1
PrimaryMotionRunning: 1
PrimaryPlayTime: 0.000000
PrimaryMaxTime: 0.400000
PrimaryPlaySpeed: 1.000000
CleanupBehaviorChanged: 0
=====================================

===== PRIMARYFIRST StopMotion =====
OwnerEntityAddress: EBB66E10
OwnerEntity: PC_Hero
MotionType: 0
Stage: REQUEST_BEFORE_ORIGINAL
ElapsedMs: 112357.063
PrimarySnapshotAvailable: 1
PrimaryMotionName: 
PrimaryHasMotionInstance: 0
PrimaryMotionRunning: 0
PrimaryPlayTime: 0.000000
PrimaryMaxTime: 0.000000
PrimaryPlaySpeed: 0.000000
Stage: RESULT_AFTER_ORIGINAL
ElapsedMs: 112357.064
PrimarySnapshotAvailable: 1
PrimaryMotionName: 
PrimaryHasMotionInstance: 0
PrimaryMotionRunning: 0
PrimaryPlayTime: 0.000000
PrimaryMaxTime: 0.000000
PrimaryPlaySpeed: 0.000000
CleanupBehaviorChanged: 0
=====================================

===== PRIMARYFIRST PlayMotion =====
OwnerEntityAddress: EBB66E10
OwnerEntity: PC_Hero
MotionType: 0
Stage: REQUEST_BEFORE_ORIGINAL
ElapsedMs: 112357.112
PrimarySnapshotAvailable: 1
PrimaryMotionName: 
PrimaryHasMotionInstance: 0
PrimaryMotionRunning: 0
PrimaryPlayTime: 0.000000
PrimaryMaxTime: 0.000000
PrimaryPlaySpeed: 0.000000
Stage: RESULT_AFTER_ORIGINAL
ElapsedMs: 112357.127
PrimarySnapshotAvailable: 1
PrimaryMotionName: Hero_Stand_Shield_1H_P1_QuickAttackL_Hit_N_Fwd_00_%_00_P50_100_L.xmot
PrimaryHasMotionInstance: 1
PrimaryMotionRunning: 1
PrimaryPlayTime: 0.000000
PrimaryMaxTime: 0.400000
PrimaryPlaySpeed: 1.000000
CleanupBehaviorChanged: 0
=====================================

===== ENGINE SetCollisionGroup =====
ElapsedMs: 112460.519
Entity: It_1H_Sword_Rust_01
ChangedEntityAddress: E27B4610
PlayerSlotMatch: RIGHT
PlayerAction: 5
PlayerAniPhase: 1
PlayerPrimaryPose: 2
PlayerStateTime: 0.103993
PlayerStatePosition: 0
PlayerCurrentMovementAni: Hero_Stand_Shield_1H_P1_QuickAttackL_Hit_N_Fwd_00_%_00_P50_100_L.xmot
PlayerLeftItem: It_Shield_StewarkGreat
PlayerLeftItemAddress: E69F4810
PlayerLeftUseType: 9
PlayerLeftCollisionGroup: 5
PlayerRightItem: It_1H_Sword_Rust_01
PlayerRightItemAddress: E27B4610
PlayerRightUseType: 2
PlayerRightCollisionGroup: 7
RequestedGroup: 7
BeforeGroup: 5
AfterGroup: 7
Item_EquippedValue: 5
Item_AttackValue: 7
RetiredMarkerExecutionCount: 0
====================================

===== PRIMARYFIRST PlayMotion =====
OwnerEntityAddress: EBB66E10
OwnerEntity: PC_Hero
MotionType: 0
Stage: REQUEST_BEFORE_ORIGINAL
ElapsedMs: 112764.883
PrimarySnapshotAvailable: 1
PrimaryMotionName: 
PrimaryHasMotionInstance: 0
PrimaryMotionRunning: 0
PrimaryPlayTime: 0.000000
PrimaryMaxTime: 0.000000
PrimaryPlaySpeed: 0.000000
Stage: RESULT_AFTER_ORIGINAL
ElapsedMs: 112764.898
PrimarySnapshotAvailable: 1
PrimaryMotionName: Hero_Stand_Shield_1H_P0_Ambient_Loop_N_Fwd_00_%_00_P0_0.xmot
PrimaryHasMotionInstance: 1
PrimaryMotionRunning: 1
PrimaryPlayTime: 0.000000
PrimaryMaxTime: 0.000000
PrimaryPlaySpeed: 1.000000
CleanupBehaviorChanged: 0
=====================================

===== PRIMARYFIRST StopMotion =====
OwnerEntityAddress: EBB66E10
OwnerEntity: PC_Hero
MotionType: 0
Stage: REQUEST_BEFORE_ORIGINAL
ElapsedMs: 114989.050
PrimarySnapshotAvailable: 1
PrimaryMotionName: 
PrimaryHasMotionInstance: 0
PrimaryMotionRunning: 0
PrimaryPlayTime: 0.000000
PrimaryMaxTime: 0.000000
PrimaryPlaySpeed: 0.000000
Stage: RESULT_AFTER_ORIGINAL
ElapsedMs: 114989.051
PrimarySnapshotAvailable: 1
PrimaryMotionName: 
PrimaryHasMotionInstance: 0
PrimaryMotionRunning: 0
PrimaryPlayTime: 0.000000
PrimaryMaxTime: 0.000000
PrimaryPlaySpeed: 0.000000
CleanupBehaviorChanged: 0
=====================================

===== PRIMARYFIRST PlayMotion =====
OwnerEntityAddress: EBB66E10
OwnerEntity: PC_Hero
MotionType: 0
Stage: REQUEST_BEFORE_ORIGINAL
ElapsedMs: 114989.098
PrimarySnapshotAvailable: 1
PrimaryMotionName: 
PrimaryHasMotionInstance: 0
PrimaryMotionRunning: 0
PrimaryPlayTime: 0.000000
PrimaryMaxTime: 0.000000
PrimaryPlaySpeed: 0.000000
Stage: RESULT_AFTER_ORIGINAL
ElapsedMs: 114989.114
PrimarySnapshotAvailable: 1
PrimaryMotionName: Hero_Stand_Shield_1H_P0_Parade_Begin_N_Fwd_00_%_00_P1_0.xmot
PrimaryHasMotionInstance: 1
PrimaryMotionRunning: 1
PrimaryPlayTime: 0.000000
PrimaryMaxTime: 0.800000
PrimaryPlaySpeed: 2.300000
CleanupBehaviorChanged: 0
=====================================

===== PRIMARYFIRST PlayMotion =====
OwnerEntityAddress: EBB66E10
OwnerEntity: PC_Hero
MotionType: 0
Stage: REQUEST_BEFORE_ORIGINAL
ElapsedMs: 115353.321
PrimarySnapshotAvailable: 1
PrimaryMotionName: 
PrimaryHasMotionInstance: 0
PrimaryMotionRunning: 0
PrimaryPlayTime: 0.000000
PrimaryMaxTime: 0.000000
PrimaryPlaySpeed: 0.000000
Stage: RESULT_AFTER_ORIGINAL
ElapsedMs: 115353.336
PrimarySnapshotAvailable: 1
PrimaryMotionName: Hero_Parade_Shield_1H_P1_Ambient_Loop_N_Fwd_00_%_00_P1_0.xmot
PrimaryHasMotionInstance: 1
PrimaryMotionRunning: 1
PrimaryPlayTime: 0.000000
PrimaryMaxTime: 0.400000
PrimaryPlaySpeed: 1.000000
CleanupBehaviorChanged: 0
=====================================

===== PRIMARYFIRST PlayMotion =====
OwnerEntityAddress: EBB66E10
OwnerEntity: PC_Hero
MotionType: 0
Stage: REQUEST_BEFORE_ORIGINAL
ElapsedMs: 117435.223
PrimarySnapshotAvailable: 1
PrimaryMotionName: 
PrimaryHasMotionInstance: 0
PrimaryMotionRunning: 0
PrimaryPlayTime: 0.000000
PrimaryMaxTime: 0.000000
PrimaryPlaySpeed: 0.000000
Stage: RESULT_AFTER_ORIGINAL
ElapsedMs: 117435.239
PrimarySnapshotAvailable: 1
PrimaryMotionName: Hero_Stand_Shield_1H_P1_Ambient_Loop_N_Fwd_00_%_00_P1_0.xmot
PrimaryHasMotionInstance: 1
PrimaryMotionRunning: 1
PrimaryPlayTime: 0.000000
PrimaryMaxTime: 0.000000
PrimaryPlaySpeed: 1.000000
CleanupBehaviorChanged: 0
=====================================

===== PRIMARYFIRST StopMotion =====
OwnerEntityAddress: EBB66E10
OwnerEntity: PC_Hero
MotionType: 0
Stage: REQUEST_BEFORE_ORIGINAL
ElapsedMs: 117455.425
PrimarySnapshotAvailable: 1
PrimaryMotionName: 
PrimaryHasMotionInstance: 0
PrimaryMotionRunning: 0
PrimaryPlayTime: 0.000000
PrimaryMaxTime: 0.000000
PrimaryPlaySpeed: 0.000000
Stage: RESULT_AFTER_ORIGINAL
ElapsedMs: 117455.426
PrimarySnapshotAvailable: 1
PrimaryMotionName: 
PrimaryHasMotionInstance: 0
PrimaryMotionRunning: 0
PrimaryPlayTime: 0.000000
PrimaryMaxTime: 0.000000
PrimaryPlaySpeed: 0.000000
CleanupBehaviorChanged: 0
=====================================

===== PRIMARYFIRST PlayMotion =====
OwnerEntityAddress: EBB66E10
OwnerEntity: PC_Hero
MotionType: 0
Stage: REQUEST_BEFORE_ORIGINAL
ElapsedMs: 117455.475
PrimarySnapshotAvailable: 1
PrimaryMotionName: 
PrimaryHasMotionInstance: 0
PrimaryMotionRunning: 0
PrimaryPlayTime: 0.000000
PrimaryMaxTime: 0.000000
PrimaryPlaySpeed: 0.000000
Stage: RESULT_AFTER_ORIGINAL
ElapsedMs: 117455.490
PrimarySnapshotAvailable: 1
PrimaryMotionName: Hero_Stand_Shield_1H_P1_QuickAttackL_Hit_N_Fwd_00_%_00_P50_100_L.xmot
PrimaryHasMotionInstance: 1
PrimaryMotionRunning: 1
PrimaryPlayTime: 0.000000
PrimaryMaxTime: 0.400000
PrimaryPlaySpeed: 1.000000
CleanupBehaviorChanged: 0
=====================================

===== ENGINE SetCollisionGroup =====
ElapsedMs: 117560.255
Entity: It_1H_Sword_Rust_01
ChangedEntityAddress: E27B4610
PlayerSlotMatch: RIGHT
PlayerAction: 5
PlayerAniPhase: 1
PlayerPrimaryPose: 2
PlayerStateTime: 0.104996
PlayerStatePosition: 0
PlayerCurrentMovementAni: Hero_Stand_Shield_1H_P1_QuickAttackL_Hit_N_Fwd_00_%_00_P50_100_L.xmot
PlayerLeftItem: It_Shield_StewarkGreat
PlayerLeftItemAddress: E69F4810
PlayerLeftUseType: 9
PlayerLeftCollisionGroup: 5
PlayerRightItem: It_1H_Sword_Rust_01
PlayerRightItemAddress: E27B4610
PlayerRightUseType: 2
PlayerRightCollisionGroup: 7
RequestedGroup: 7
BeforeGroup: 7
AfterGroup: 7
Item_EquippedValue: 5
Item_AttackValue: 7
RetiredMarkerExecutionCount: 0
====================================

===== COMBATMOVE STARTRECOVER BEGIN =====
ActorAddress: EBB66E10
Actor: PC_Hero
CurrentAction: 5
CurrentAniPhase: 1
CurrentMovementAni: Hero_Stand_Shield_1H_P1_QuickAttackL_Hit_N_Fwd_00_%_00_P50_100_L.xmot
Stage: BEGIN
ElapsedMs: 117859.890
PrimarySnapshotAvailable: 1
PrimaryMotionName: Hero_Stand_Shield_1H_P1_QuickAttackL_Hit_N_Fwd_00_%_00_P50_100_L.xmot
PrimaryHasMotionInstance: 1
PrimaryMotionRunning: 1
PrimaryPlayTime: 0.399990
PrimaryMaxTime: 0.400000
PrimaryPlaySpeed: 0.000000
LeftHandSourceResolved: 1
LeftHandSource: It_Shield_StewarkGreat
LeftHandSourceAddress: E69F4810
LeftHandSourceCollisionGroup: 5
RightHandSourceResolved: 1
RightHandSource: It_1H_Sword_Rust_01
RightHandSourceAddress: E27B4610
RightHandSourceCollisionGroup: 7
CleanupBehaviorChanged: 0
=========================================

===== COMBATMOVE STARTRECOVER END =====
ActorAddress: EBB66E10
Actor: PC_Hero
CurrentAction: 5
CurrentAniPhase: 1
CurrentMovementAni: Hero_Stand_Shield_1H_P1_QuickAttackL_Hit_N_Fwd_00_%_00_P50_100_L.xmot
Stage: END
ElapsedMs: 117859.953
PrimarySnapshotAvailable: 1
PrimaryMotionName: Hero_Stand_Shield_1H_P1_QuickAttackL_Hit_N_Fwd_00_%_00_P50_100_L.xmot
PrimaryHasMotionInstance: 1
PrimaryMotionRunning: 1
PrimaryPlayTime: 0.399990
PrimaryMaxTime: 0.400000
PrimaryPlaySpeed: 0.000000
LeftHandSourceResolved: 1
LeftHandSource: It_Shield_StewarkGreat
LeftHandSourceAddress: E69F4810
LeftHandSourceCollisionGroup: 5
RightHandSourceResolved: 1
RightHandSource: It_1H_Sword_Rust_01
RightHandSourceAddress: E27B4610
RightHandSourceCollisionGroup: 7
CleanupBehaviorChanged: 0
=========================================

===== ENGINE SetCollisionGroup =====
ElapsedMs: 117860.015
Entity: It_1H_Sword_Rust_01
ChangedEntityAddress: E27B4610
PlayerSlotMatch: RIGHT
PlayerAction: 5
PlayerAniPhase: 1
PlayerPrimaryPose: 22
PlayerStateTime: 0.405292
PlayerStatePosition: 1
PlayerCurrentMovementAni: Hero_Stand_Shield_1H_P1_QuickAttackL_Hit_N_Fwd_00_%_00_P50_100_L.xmot
PlayerLeftItem: It_Shield_StewarkGreat
PlayerLeftItemAddress: E69F4810
PlayerLeftUseType: 9
PlayerLeftCollisionGroup: 5
PlayerRightItem: It_1H_Sword_Rust_01
PlayerRightItemAddress: E27B4610
PlayerRightUseType: 2
PlayerRightCollisionGroup: 5
RequestedGroup: 5
BeforeGroup: 7
AfterGroup: 5
Item_EquippedValue: 5
Item_AttackValue: 7
RetiredMarkerExecutionCount: 0
====================================

===== PRIMARYFIRST PlayMotion =====
OwnerEntityAddress: EBB66E10
OwnerEntity: PC_Hero
MotionType: 0
Stage: REQUEST_BEFORE_ORIGINAL
ElapsedMs: 117869.602
PrimarySnapshotAvailable: 1
PrimaryMotionName: 
PrimaryHasMotionInstance: 0
PrimaryMotionRunning: 0
PrimaryPlayTime: 0.000000
PrimaryMaxTime: 0.000000
PrimaryPlaySpeed: 0.000000
Stage: RESULT_AFTER_ORIGINAL
ElapsedMs: 117869.617
PrimarySnapshotAvailable: 1
PrimaryMotionName: Hero_Stand_Shield_1H_P0_Ambient_Loop_N_Fwd_00_%_00_P0_0.xmot
PrimaryHasMotionInstance: 1
PrimaryMotionRunning: 1
PrimaryPlayTime: 0.000000
PrimaryMaxTime: 0.000000
PrimaryPlaySpeed: 1.000000
CleanupBehaviorChanged: 0
=====================================

===== PRIMARYFIRST StopMotion =====
OwnerEntityAddress: EBB66E10
OwnerEntity: PC_Hero
MotionType: 0
Stage: REQUEST_BEFORE_ORIGINAL
ElapsedMs: 119295.615
PrimarySnapshotAvailable: 1
PrimaryMotionName: 
PrimaryHasMotionInstance: 0
PrimaryMotionRunning: 0
PrimaryPlayTime: 0.000000
PrimaryMaxTime: 0.000000
PrimaryPlaySpeed: 0.000000
Stage: RESULT_AFTER_ORIGINAL
ElapsedMs: 119295.616
PrimarySnapshotAvailable: 1
PrimaryMotionName: 
PrimaryHasMotionInstance: 0
PrimaryMotionRunning: 0
PrimaryPlayTime: 0.000000
PrimaryMaxTime: 0.000000
PrimaryPlaySpeed: 0.000000
CleanupBehaviorChanged: 0
=====================================

===== PRIMARYFIRST PlayMotion =====
OwnerEntityAddress: EBB66E10
OwnerEntity: PC_Hero
MotionType: 0
Stage: REQUEST_BEFORE_ORIGINAL
ElapsedMs: 119295.664
PrimarySnapshotAvailable: 1
PrimaryMotionName: 
PrimaryHasMotionInstance: 0
PrimaryMotionRunning: 0
PrimaryPlayTime: 0.000000
PrimaryMaxTime: 0.000000
PrimaryPlaySpeed: 0.000000
Stage: RESULT_AFTER_ORIGINAL
ElapsedMs: 119295.678
PrimarySnapshotAvailable: 1
PrimaryMotionName: Hero_Stand_Shield_1H_P0_Parade_Begin_N_Fwd_00_%_00_P1_0.xmot
PrimaryHasMotionInstance: 1
PrimaryMotionRunning: 1
PrimaryPlayTime: 0.000000
PrimaryMaxTime: 0.800000
PrimaryPlaySpeed: 2.300000
CleanupBehaviorChanged: 0
=====================================

===== PRIMARYFIRST PlayMotion =====
OwnerEntityAddress: EBB66E10
OwnerEntity: PC_Hero
MotionType: 0
Stage: REQUEST_BEFORE_ORIGINAL
ElapsedMs: 119659.264
PrimarySnapshotAvailable: 1
PrimaryMotionName: 
PrimaryHasMotionInstance: 0
PrimaryMotionRunning: 0
PrimaryPlayTime: 0.000000
PrimaryMaxTime: 0.000000
PrimaryPlaySpeed: 0.000000
Stage: RESULT_AFTER_ORIGINAL
ElapsedMs: 119659.277
PrimarySnapshotAvailable: 1
PrimaryMotionName: Hero_Parade_Shield_1H_P1_Ambient_Loop_N_Fwd_00_%_00_P1_0.xmot
PrimaryHasMotionInstance: 1
PrimaryMotionRunning: 1
PrimaryPlayTime: 0.000000
PrimaryMaxTime: 0.400000
PrimaryPlaySpeed: 1.000000
CleanupBehaviorChanged: 0
=====================================

===== PRIMARYFIRST StopMotion =====
OwnerEntityAddress: EBB66E10
OwnerEntity: PC_Hero
MotionType: 0
Stage: REQUEST_BEFORE_ORIGINAL
ElapsedMs: 121697.026
PrimarySnapshotAvailable: 1
PrimaryMotionName: 
PrimaryHasMotionInstance: 0
PrimaryMotionRunning: 0
PrimaryPlayTime: 0.000000
PrimaryMaxTime: 0.000000
PrimaryPlaySpeed: 0.000000
Stage: RESULT_AFTER_ORIGINAL
ElapsedMs: 121697.027
PrimarySnapshotAvailable: 1
PrimaryMotionName: 
PrimaryHasMotionInstance: 0
PrimaryMotionRunning: 0
PrimaryPlayTime: 0.000000
PrimaryMaxTime: 0.000000
PrimaryPlaySpeed: 0.000000
CleanupBehaviorChanged: 0
=====================================

===== PRIMARYFIRST PlayMotion =====
OwnerEntityAddress: EBB66E10
OwnerEntity: PC_Hero
MotionType: 0
Stage: REQUEST_BEFORE_ORIGINAL
ElapsedMs: 121697.069
PrimarySnapshotAvailable: 1
PrimaryMotionName: 
PrimaryHasMotionInstance: 0
PrimaryMotionRunning: 0
PrimaryPlayTime: 0.000000
PrimaryMaxTime: 0.000000
PrimaryPlaySpeed: 0.000000
Stage: RESULT_AFTER_ORIGINAL
ElapsedMs: 121697.081
PrimarySnapshotAvailable: 1
PrimaryMotionName: Hero_Parade_Shield_1H_P1_PierceAttack_Raise_N_Fwd_00_%_00_P1_0_F.xmot
PrimaryHasMotionInstance: 1
PrimaryMotionRunning: 1
PrimaryPlayTime: 0.000000
PrimaryMaxTime: 0.760000
PrimaryPlaySpeed: 1.000000
CleanupBehaviorChanged: 0
=====================================

===== PRIMARYFIRST StopMotion =====
OwnerEntityAddress: EBB66E10
OwnerEntity: PC_Hero
MotionType: 0
Stage: REQUEST_BEFORE_ORIGINAL
ElapsedMs: 121707.254
PrimarySnapshotAvailable: 1
PrimaryMotionName: 
PrimaryHasMotionInstance: 0
PrimaryMotionRunning: 0
PrimaryPlayTime: 0.000000
PrimaryMaxTime: 0.000000
PrimaryPlaySpeed: 0.000000
Stage: RESULT_AFTER_ORIGINAL
ElapsedMs: 121707.255
PrimarySnapshotAvailable: 1
PrimaryMotionName: 
PrimaryHasMotionInstance: 0
PrimaryMotionRunning: 0
PrimaryPlayTime: 0.000000
PrimaryMaxTime: 0.000000
PrimaryPlaySpeed: 0.000000
CleanupBehaviorChanged: 0
=====================================

===== PRIMARYFIRST PlayMotion =====
OwnerEntityAddress: EBB66E10
OwnerEntity: PC_Hero
MotionType: 0
Stage: REQUEST_BEFORE_ORIGINAL
ElapsedMs: 121707.298
PrimarySnapshotAvailable: 1
PrimaryMotionName: 
PrimaryHasMotionInstance: 0
PrimaryMotionRunning: 0
PrimaryPlayTime: 0.000000
PrimaryMaxTime: 0.000000
PrimaryPlaySpeed: 0.000000
Stage: RESULT_AFTER_ORIGINAL
ElapsedMs: 121707.310
PrimarySnapshotAvailable: 1
PrimaryMotionName: Hero_Stand_Shield_1H_P1_QuickAttackL_Hit_N_Fwd_00_%_00_P50_100_L.xmot
PrimaryHasMotionInstance: 1
PrimaryMotionRunning: 1
PrimaryPlayTime: 0.000000
PrimaryMaxTime: 0.400000
PrimaryPlaySpeed: 1.000000
CleanupBehaviorChanged: 0
=====================================

===== PRIMARYFIRST PlayMotion =====
OwnerEntityAddress: EBB66E10
OwnerEntity: PC_Hero
MotionType: 0
Stage: REQUEST_BEFORE_ORIGINAL
ElapsedMs: 122113.055
PrimarySnapshotAvailable: 1
PrimaryMotionName: 
PrimaryHasMotionInstance: 0
PrimaryMotionRunning: 0
PrimaryPlayTime: 0.000000
PrimaryMaxTime: 0.000000
PrimaryPlaySpeed: 0.000000
Stage: RESULT_AFTER_ORIGINAL
ElapsedMs: 122113.068
PrimarySnapshotAvailable: 1
PrimaryMotionName: Hero_Stand_Shield_1H_P0_Ambient_Loop_N_Fwd_00_%_00_P0_0.xmot
PrimaryHasMotionInstance: 1
PrimaryMotionRunning: 1
PrimaryPlayTime: 0.000000
PrimaryMaxTime: 0.000000
PrimaryPlaySpeed: 1.000000
CleanupBehaviorChanged: 0
=====================================

===== PRIMARYFIRST StopMotion =====
OwnerEntityAddress: EBB66E10
OwnerEntity: PC_Hero
MotionType: 0
Stage: REQUEST_BEFORE_ORIGINAL
ElapsedMs: 123214.672
PrimarySnapshotAvailable: 1
PrimaryMotionName: 
PrimaryHasMotionInstance: 0
PrimaryMotionRunning: 0
PrimaryPlayTime: 0.000000
PrimaryMaxTime: 0.000000
PrimaryPlaySpeed: 0.000000
Stage: RESULT_AFTER_ORIGINAL
ElapsedMs: 123214.673
PrimarySnapshotAvailable: 1
PrimaryMotionName: 
PrimaryHasMotionInstance: 0
PrimaryMotionRunning: 0
PrimaryPlayTime: 0.000000
PrimaryMaxTime: 0.000000
PrimaryPlaySpeed: 0.000000
CleanupBehaviorChanged: 0
=====================================

===== PRIMARYFIRST PlayMotion =====
OwnerEntityAddress: EBB66E10
OwnerEntity: PC_Hero
MotionType: 0
Stage: REQUEST_BEFORE_ORIGINAL
ElapsedMs: 123214.719
PrimarySnapshotAvailable: 1
PrimaryMotionName: 
PrimaryHasMotionInstance: 0
PrimaryMotionRunning: 0
PrimaryPlayTime: 0.000000
PrimaryMaxTime: 0.000000
PrimaryPlaySpeed: 0.000000
Stage: RESULT_AFTER_ORIGINAL
ElapsedMs: 123214.731
PrimarySnapshotAvailable: 1
PrimaryMotionName: Hero_Stand_Shield_1H_P0_Parade_Begin_N_Fwd_00_%_00_P1_0.xmot
PrimaryHasMotionInstance: 1
PrimaryMotionRunning: 1
PrimaryPlayTime: 0.000000
PrimaryMaxTime: 0.800000
PrimaryPlaySpeed: 2.300000
CleanupBehaviorChanged: 0
=====================================

===== PRIMARYFIRST PlayMotion =====
OwnerEntityAddress: EBB66E10
OwnerEntity: PC_Hero
MotionType: 0
Stage: REQUEST_BEFORE_ORIGINAL
ElapsedMs: 123577.498
PrimarySnapshotAvailable: 1
PrimaryMotionName: 
PrimaryHasMotionInstance: 0
PrimaryMotionRunning: 0
PrimaryPlayTime: 0.000000
PrimaryMaxTime: 0.000000
PrimaryPlaySpeed: 0.000000
Stage: RESULT_AFTER_ORIGINAL
ElapsedMs: 123577.511
PrimarySnapshotAvailable: 1
PrimaryMotionName: Hero_Parade_Shield_1H_P1_Ambient_Loop_N_Fwd_00_%_00_P1_0.xmot
PrimaryHasMotionInstance: 1
PrimaryMotionRunning: 1
PrimaryPlayTime: 0.000000
PrimaryMaxTime: 0.400000
PrimaryPlaySpeed: 1.000000
CleanupBehaviorChanged: 0
=====================================

===== PRIMARYFIRST StopMotion =====
OwnerEntityAddress: EBB66E10
OwnerEntity: PC_Hero
MotionType: 0
Stage: REQUEST_BEFORE_ORIGINAL
ElapsedMs: 125368.107
PrimarySnapshotAvailable: 1
PrimaryMotionName: 
PrimaryHasMotionInstance: 0
PrimaryMotionRunning: 0
PrimaryPlayTime: 0.000000
PrimaryMaxTime: 0.000000
PrimaryPlaySpeed: 0.000000
Stage: RESULT_AFTER_ORIGINAL
ElapsedMs: 125368.107
PrimarySnapshotAvailable: 1
PrimaryMotionName: 
PrimaryHasMotionInstance: 0
PrimaryMotionRunning: 0
PrimaryPlayTime: 0.000000
PrimaryMaxTime: 0.000000
PrimaryPlaySpeed: 0.000000
CleanupBehaviorChanged: 0
=====================================

===== PRIMARYFIRST PlayMotion =====
OwnerEntityAddress: EBB66E10
OwnerEntity: PC_Hero
MotionType: 0
Stage: REQUEST_BEFORE_ORIGINAL
ElapsedMs: 125368.154
PrimarySnapshotAvailable: 1
PrimaryMotionName: 
PrimaryHasMotionInstance: 0
PrimaryMotionRunning: 0
PrimaryPlayTime: 0.000000
PrimaryMaxTime: 0.000000
PrimaryPlaySpeed: 0.000000
Stage: RESULT_AFTER_ORIGINAL
ElapsedMs: 125368.166
PrimarySnapshotAvailable: 1
PrimaryMotionName: Hero_Stand_Shield_1H_P1_QuickAttackL_Hit_N_Fwd_00_%_00_P50_100_L.xmot
PrimaryHasMotionInstance: 1
PrimaryMotionRunning: 1
PrimaryPlayTime: 0.000000
PrimaryMaxTime: 0.400000
PrimaryPlaySpeed: 1.000000
CleanupBehaviorChanged: 0
=====================================

===== ENGINE SetCollisionGroup =====
ElapsedMs: 125473.015
Entity: It_1H_Sword_Rust_01
ChangedEntityAddress: E27B4610
PlayerSlotMatch: RIGHT
PlayerAction: 5
PlayerAniPhase: 1
PlayerPrimaryPose: 2
PlayerStateTime: 0.107282
PlayerStatePosition: 0
PlayerCurrentMovementAni: Hero_Stand_Shield_1H_P1_QuickAttackL_Hit_N_Fwd_00_%_00_P50_100_L.xmot
PlayerLeftItem: It_Shield_StewarkGreat
PlayerLeftItemAddress: E69F4810
PlayerLeftUseType: 9
PlayerLeftCollisionGroup: 5
PlayerRightItem: It_1H_Sword_Rust_01
PlayerRightItemAddress: E27B4610
PlayerRightUseType: 2
PlayerRightCollisionGroup: 7
RequestedGroup: 7
BeforeGroup: 5
AfterGroup: 7
Item_EquippedValue: 5
Item_AttackValue: 7
RetiredMarkerExecutionCount: 0
====================================

===== PRIMARYFIRST PlayMotion =====
OwnerEntityAddress: EBB66E10
OwnerEntity: PC_Hero
MotionType: 0
Stage: REQUEST_BEFORE_ORIGINAL
ElapsedMs: 125774.727
PrimarySnapshotAvailable: 1
PrimaryMotionName: 
PrimaryHasMotionInstance: 0
PrimaryMotionRunning: 0
PrimaryPlayTime: 0.000000
PrimaryMaxTime: 0.000000
PrimaryPlaySpeed: 0.000000
Stage: RESULT_AFTER_ORIGINAL
ElapsedMs: 125774.739
PrimarySnapshotAvailable: 1
PrimaryMotionName: Hero_Stand_Shield_1H_P0_Ambient_Loop_N_Fwd_00_%_00_P0_0.xmot
PrimaryHasMotionInstance: 1
PrimaryMotionRunning: 1
PrimaryPlayTime: 0.000000
PrimaryMaxTime: 0.000000
PrimaryPlaySpeed: 1.000000
CleanupBehaviorChanged: 0
=====================================

===== PRIMARYFIRST StopMotion =====
OwnerEntityAddress: EBB66E10
OwnerEntity: PC_Hero
MotionType: 0
Stage: REQUEST_BEFORE_ORIGINAL
ElapsedMs: 126854.076
PrimarySnapshotAvailable: 1
PrimaryMotionName: 
PrimaryHasMotionInstance: 0
PrimaryMotionRunning: 0
PrimaryPlayTime: 0.000000
PrimaryMaxTime: 0.000000
PrimaryPlaySpeed: 0.000000
Stage: RESULT_AFTER_ORIGINAL
ElapsedMs: 126854.077
PrimarySnapshotAvailable: 1
PrimaryMotionName: 
PrimaryHasMotionInstance: 0
PrimaryMotionRunning: 0
PrimaryPlayTime: 0.000000
PrimaryMaxTime: 0.000000
PrimaryPlaySpeed: 0.000000
CleanupBehaviorChanged: 0
=====================================

===== PRIMARYFIRST PlayMotion =====
OwnerEntityAddress: EBB66E10
OwnerEntity: PC_Hero
MotionType: 0
Stage: REQUEST_BEFORE_ORIGINAL
ElapsedMs: 126854.129
PrimarySnapshotAvailable: 1
PrimaryMotionName: 
PrimaryHasMotionInstance: 0
PrimaryMotionRunning: 0
PrimaryPlayTime: 0.000000
PrimaryMaxTime: 0.000000
PrimaryPlaySpeed: 0.000000
Stage: RESULT_AFTER_ORIGINAL
ElapsedMs: 126854.142
PrimarySnapshotAvailable: 1
PrimaryMotionName: Hero_Stand_Shield_1H_P0_Parade_Begin_N_Fwd_00_%_00_P1_0.xmot
PrimaryHasMotionInstance: 1
PrimaryMotionRunning: 1
PrimaryPlayTime: 0.000000
PrimaryMaxTime: 0.800000
PrimaryPlaySpeed: 2.300000
CleanupBehaviorChanged: 0
=====================================

===== PRIMARYFIRST PlayMotion =====
OwnerEntityAddress: EBB66E10
OwnerEntity: PC_Hero
MotionType: 0
Stage: REQUEST_BEFORE_ORIGINAL
ElapsedMs: 127212.940
PrimarySnapshotAvailable: 1
PrimaryMotionName: 
PrimaryHasMotionInstance: 0
PrimaryMotionRunning: 0
PrimaryPlayTime: 0.000000
PrimaryMaxTime: 0.000000
PrimaryPlaySpeed: 0.000000
Stage: RESULT_AFTER_ORIGINAL
ElapsedMs: 127212.952
PrimarySnapshotAvailable: 1
PrimaryMotionName: Hero_Parade_Shield_1H_P1_Ambient_Loop_N_Fwd_00_%_00_P1_0.xmot
PrimaryHasMotionInstance: 1
PrimaryMotionRunning: 1
PrimaryPlayTime: 0.000000
PrimaryMaxTime: 0.400000
PrimaryPlaySpeed: 1.000000
CleanupBehaviorChanged: 0
=====================================

===== PRIMARYFIRST PlayMotion =====
OwnerEntityAddress: EBB66E10
OwnerEntity: PC_Hero
MotionType: 0
Stage: REQUEST_BEFORE_ORIGINAL
ElapsedMs: 129302.365
PrimarySnapshotAvailable: 1
PrimaryMotionName: 
PrimaryHasMotionInstance: 0
PrimaryMotionRunning: 0
PrimaryPlayTime: 0.000000
PrimaryMaxTime: 0.000000
PrimaryPlaySpeed: 0.000000
Stage: RESULT_AFTER_ORIGINAL
ElapsedMs: 129302.378
PrimarySnapshotAvailable: 1
PrimaryMotionName: Hero_Stand_Shield_1H_P1_Ambient_Loop_N_Fwd_00_%_00_P1_0.xmot
PrimaryHasMotionInstance: 1
PrimaryMotionRunning: 1
PrimaryPlayTime: 0.000000
PrimaryMaxTime: 0.000000
PrimaryPlaySpeed: 1.000000
CleanupBehaviorChanged: 0
=====================================

===== PRIMARYFIRST StopMotion =====
OwnerEntityAddress: EBB66E10
OwnerEntity: PC_Hero
MotionType: 0
Stage: REQUEST_BEFORE_ORIGINAL
ElapsedMs: 129331.075
PrimarySnapshotAvailable: 1
PrimaryMotionName: 
PrimaryHasMotionInstance: 0
PrimaryMotionRunning: 0
PrimaryPlayTime: 0.000000
PrimaryMaxTime: 0.000000
PrimaryPlaySpeed: 0.000000
Stage: RESULT_AFTER_ORIGINAL
ElapsedMs: 129331.076
PrimarySnapshotAvailable: 1
PrimaryMotionName: 
PrimaryHasMotionInstance: 0
PrimaryMotionRunning: 0
PrimaryPlayTime: 0.000000
PrimaryMaxTime: 0.000000
PrimaryPlaySpeed: 0.000000
CleanupBehaviorChanged: 0
=====================================

===== PRIMARYFIRST PlayMotion =====
OwnerEntityAddress: EBB66E10
OwnerEntity: PC_Hero
MotionType: 0
Stage: REQUEST_BEFORE_ORIGINAL
ElapsedMs: 129331.119
PrimarySnapshotAvailable: 1
PrimaryMotionName: 
PrimaryHasMotionInstance: 0
PrimaryMotionRunning: 0
PrimaryPlayTime: 0.000000
PrimaryMaxTime: 0.000000
PrimaryPlaySpeed: 0.000000
Stage: RESULT_AFTER_ORIGINAL
ElapsedMs: 129331.132
PrimarySnapshotAvailable: 1
PrimaryMotionName: Hero_Parade_Shield_1H_P1_PierceAttack_Raise_N_Fwd_00_%_00_P1_0_F.xmot
PrimaryHasMotionInstance: 1
PrimaryMotionRunning: 1
PrimaryPlayTime: 0.000000
PrimaryMaxTime: 0.760000
PrimaryPlaySpeed: 1.000000
CleanupBehaviorChanged: 0
=====================================

===== PRIMARYFIRST StopMotion =====
OwnerEntityAddress: EBB66E10
OwnerEntity: PC_Hero
MotionType: 0
Stage: REQUEST_BEFORE_ORIGINAL
ElapsedMs: 129340.586
PrimarySnapshotAvailable: 1
PrimaryMotionName: 
PrimaryHasMotionInstance: 0
PrimaryMotionRunning: 0
PrimaryPlayTime: 0.000000
PrimaryMaxTime: 0.000000
PrimaryPlaySpeed: 0.000000
Stage: RESULT_AFTER_ORIGINAL
ElapsedMs: 129340.587
PrimarySnapshotAvailable: 1
PrimaryMotionName: 
PrimaryHasMotionInstance: 0
PrimaryMotionRunning: 0
PrimaryPlayTime: 0.000000
PrimaryMaxTime: 0.000000
PrimaryPlaySpeed: 0.000000
CleanupBehaviorChanged: 0
=====================================

===== PRIMARYFIRST PlayMotion =====
OwnerEntityAddress: EBB66E10
OwnerEntity: PC_Hero
MotionType: 0
Stage: REQUEST_BEFORE_ORIGINAL
ElapsedMs: 129340.634
PrimarySnapshotAvailable: 1
PrimaryMotionName: 
PrimaryHasMotionInstance: 0
PrimaryMotionRunning: 0
PrimaryPlayTime: 0.000000
PrimaryMaxTime: 0.000000
PrimaryPlaySpeed: 0.000000
Stage: RESULT_AFTER_ORIGINAL
ElapsedMs: 129340.646
PrimarySnapshotAvailable: 1
PrimaryMotionName: Hero_Stand_Shield_1H_P1_QuickAttackL_Hit_N_Fwd_00_%_00_P50_100_L.xmot
PrimaryHasMotionInstance: 1
PrimaryMotionRunning: 1
PrimaryPlayTime: 0.000000
PrimaryMaxTime: 0.400000
PrimaryPlaySpeed: 1.000000
CleanupBehaviorChanged: 0
=====================================

===== ENGINE SetCollisionGroup =====
ElapsedMs: 129446.939
Entity: It_1H_Sword_Rust_01
ChangedEntityAddress: E27B4610
PlayerSlotMatch: RIGHT
PlayerAction: 5
PlayerAniPhase: 1
PlayerPrimaryPose: 2
PlayerStateTime: 0.106003
PlayerStatePosition: 0
PlayerCurrentMovementAni: Hero_Stand_Shield_1H_P1_QuickAttackL_Hit_N_Fwd_00_%_00_P50_100_L.xmot
PlayerLeftItem: It_Shield_StewarkGreat
PlayerLeftItemAddress: E69F4810
PlayerLeftUseType: 9
PlayerLeftCollisionGroup: 5
PlayerRightItem: It_1H_Sword_Rust_01
PlayerRightItemAddress: E27B4610
PlayerRightUseType: 2
PlayerRightCollisionGroup: 7
RequestedGroup: 7
BeforeGroup: 7
AfterGroup: 7
Item_EquippedValue: 5
Item_AttackValue: 7
RetiredMarkerExecutionCount: 0
====================================

===== COMBATMOVE STARTRECOVER BEGIN =====
ActorAddress: EBB66E10
Actor: PC_Hero
CurrentAction: 5
CurrentAniPhase: 1
CurrentMovementAni: Hero_Stand_Shield_1H_P1_QuickAttackL_Hit_N_Fwd_00_%_00_P50_100_L.xmot
Stage: BEGIN
ElapsedMs: 129746.632
PrimarySnapshotAvailable: 1
PrimaryMotionName: Hero_Stand_Shield_1H_P1_QuickAttackL_Hit_N_Fwd_00_%_00_P50_100_L.xmot
PrimaryHasMotionInstance: 1
PrimaryMotionRunning: 1
PrimaryPlayTime: 0.399990
PrimaryMaxTime: 0.400000
PrimaryPlaySpeed: 0.000000
LeftHandSourceResolved: 1
LeftHandSource: It_Shield_StewarkGreat
LeftHandSourceAddress: E69F4810
LeftHandSourceCollisionGroup: 5
RightHandSourceResolved: 1
RightHandSource: It_1H_Sword_Rust_01
RightHandSourceAddress: E27B4610
RightHandSourceCollisionGroup: 7
CleanupBehaviorChanged: 0
=========================================

===== COMBATMOVE STARTRECOVER END =====
ActorAddress: EBB66E10
Actor: PC_Hero
CurrentAction: 5
CurrentAniPhase: 1
CurrentMovementAni: Hero_Stand_Shield_1H_P1_QuickAttackL_Hit_N_Fwd_00_%_00_P50_100_L.xmot
Stage: END
ElapsedMs: 129746.691
PrimarySnapshotAvailable: 1
PrimaryMotionName: Hero_Stand_Shield_1H_P1_QuickAttackL_Hit_N_Fwd_00_%_00_P50_100_L.xmot
PrimaryHasMotionInstance: 1
PrimaryMotionRunning: 1
PrimaryPlayTime: 0.399990
PrimaryMaxTime: 0.400000
PrimaryPlaySpeed: 0.000000
LeftHandSourceResolved: 1
LeftHandSource: It_Shield_StewarkGreat
LeftHandSourceAddress: E69F4810
LeftHandSourceCollisionGroup: 5
RightHandSourceResolved: 1
RightHandSource: It_1H_Sword_Rust_01
RightHandSourceAddress: E27B4610
RightHandSourceCollisionGroup: 7
CleanupBehaviorChanged: 0
=========================================

===== ENGINE SetCollisionGroup =====
ElapsedMs: 129746.749
Entity: It_1H_Sword_Rust_01
ChangedEntityAddress: E27B4610
PlayerSlotMatch: RIGHT
PlayerAction: 5
PlayerAniPhase: 1
PlayerPrimaryPose: 22
PlayerStateTime: 0.407596
PlayerStatePosition: 1
PlayerCurrentMovementAni: Hero_Stand_Shield_1H_P1_QuickAttackL_Hit_N_Fwd_00_%_00_P50_100_L.xmot
PlayerLeftItem: It_Shield_StewarkGreat
PlayerLeftItemAddress: E69F4810
PlayerLeftUseType: 9
PlayerLeftCollisionGroup: 5
PlayerRightItem: It_1H_Sword_Rust_01
PlayerRightItemAddress: E27B4610
PlayerRightUseType: 2
PlayerRightCollisionGroup: 5
RequestedGroup: 5
BeforeGroup: 7
AfterGroup: 5
Item_EquippedValue: 5
Item_AttackValue: 7
RetiredMarkerExecutionCount: 0
====================================

===== PRIMARYFIRST PlayMotion =====
OwnerEntityAddress: EBB66E10
OwnerEntity: PC_Hero
MotionType: 0
Stage: REQUEST_BEFORE_ORIGINAL
ElapsedMs: 129757.025
PrimarySnapshotAvailable: 1
PrimaryMotionName: 
PrimaryHasMotionInstance: 0
PrimaryMotionRunning: 0
PrimaryPlayTime: 0.000000
PrimaryMaxTime: 0.000000
PrimaryPlaySpeed: 0.000000
Stage: RESULT_AFTER_ORIGINAL
ElapsedMs: 129757.038
PrimarySnapshotAvailable: 1
PrimaryMotionName: Hero_Stand_Shield_1H_P0_Ambient_Loop_N_Fwd_00_%_00_P0_0.xmot
PrimaryHasMotionInstance: 1
PrimaryMotionRunning: 1
PrimaryPlayTime: 0.000000
PrimaryMaxTime: 0.000000
PrimaryPlaySpeed: 1.000000
CleanupBehaviorChanged: 0
=====================================

===== PRIMARYFIRST StopMotion =====
OwnerEntityAddress: EBB66E10
OwnerEntity: PC_Hero
MotionType: 0
Stage: REQUEST_BEFORE_ORIGINAL
ElapsedMs: 134110.885
PrimarySnapshotAvailable: 1
PrimaryMotionName: 
PrimaryHasMotionInstance: 0
PrimaryMotionRunning: 0
PrimaryPlayTime: 0.000000
PrimaryMaxTime: 0.000000
PrimaryPlaySpeed: 0.000000
Stage: RESULT_AFTER_ORIGINAL
ElapsedMs: 134110.886
PrimarySnapshotAvailable: 1
PrimaryMotionName: 
PrimaryHasMotionInstance: 0
PrimaryMotionRunning: 0
PrimaryPlayTime: 0.000000
PrimaryMaxTime: 0.000000
PrimaryPlaySpeed: 0.000000
CleanupBehaviorChanged: 0
=====================================

===== PRIMARYFIRST PlayMotion =====
OwnerEntityAddress: EBB66E10
OwnerEntity: PC_Hero
MotionType: 0
Stage: REQUEST_BEFORE_ORIGINAL
ElapsedMs: 134110.926
PrimarySnapshotAvailable: 1
PrimaryMotionName: 
PrimaryHasMotionInstance: 0
PrimaryMotionRunning: 0
PrimaryPlayTime: 0.000000
PrimaryMaxTime: 0.000000
PrimaryPlaySpeed: 0.000000
Stage: RESULT_AFTER_ORIGINAL
ElapsedMs: 134110.940
PrimarySnapshotAvailable: 1
PrimaryMotionName: Hero_Stand_Shield_1H_P0_Hold_End_N_Fwd_00_%_00_P0_0.xmot
PrimaryHasMotionInstance: 1
PrimaryMotionRunning: 1
PrimaryPlayTime: 0.000000
PrimaryMaxTime: 0.400000
PrimaryPlaySpeed: 1.000000
CleanupBehaviorChanged: 0
=====================================

===== PRIMARYFIRST StopMotion =====
OwnerEntityAddress: EBB66E10
OwnerEntity: PC_Hero
MotionType: 0
Stage: REQUEST_BEFORE_ORIGINAL
ElapsedMs: 134514.384
PrimarySnapshotAvailable: 1
PrimaryMotionName: 
PrimaryHasMotionInstance: 0
PrimaryMotionRunning: 0
PrimaryPlayTime: 0.000000
PrimaryMaxTime: 0.000000
PrimaryPlaySpeed: 0.000000
Stage: RESULT_AFTER_ORIGINAL
ElapsedMs: 134514.385
PrimarySnapshotAvailable: 1
PrimaryMotionName: 
PrimaryHasMotionInstance: 0
PrimaryMotionRunning: 0
PrimaryPlayTime: 0.000000
PrimaryMaxTime: 0.000000
PrimaryPlaySpeed: 0.000000
CleanupBehaviorChanged: 0
=====================================

===== PRIMARYFIRST PlayMotion =====
OwnerEntityAddress: EBB66E10
OwnerEntity: PC_Hero
MotionType: 0
Stage: REQUEST_BEFORE_ORIGINAL
ElapsedMs: 134514.432
PrimarySnapshotAvailable: 1
PrimaryMotionName: 
PrimaryHasMotionInstance: 0
PrimaryMotionRunning: 0
PrimaryPlayTime: 0.000000
PrimaryMaxTime: 0.000000
PrimaryPlaySpeed: 0.000000
Stage: RESULT_AFTER_ORIGINAL
ElapsedMs: 134514.443
PrimarySnapshotAvailable: 1
PrimaryMotionName: Hero_Stand_Shield_1H_P0_Hold_Begin_N_Fwd_00_%_00_P0_0.xmot
PrimaryHasMotionInstance: 1
PrimaryMotionRunning: 1
PrimaryPlayTime: 0.000000
PrimaryMaxTime: 0.360000
PrimaryPlaySpeed: 1.000000
CleanupBehaviorChanged: 0
=====================================

===== PRIMARYFIRST PlayMotion =====
OwnerEntityAddress: EBB66E10
OwnerEntity: PC_Hero
MotionType: 0
Stage: REQUEST_BEFORE_ORIGINAL
ElapsedMs: 134903.134
PrimarySnapshotAvailable: 1
PrimaryMotionName: 
PrimaryHasMotionInstance: 0
PrimaryMotionRunning: 0
PrimaryPlayTime: 0.000000
PrimaryMaxTime: 0.000000
PrimaryPlaySpeed: 0.000000
Stage: RESULT_AFTER_ORIGINAL
ElapsedMs: 134903.858
PrimarySnapshotAvailable: 1
PrimaryMotionName: Hero_Stand_None_None_P0_Ambient_Ambient_N_Fwd_00_%_10_P0_0.xmot
PrimaryHasMotionInstance: 1
PrimaryMotionRunning: 1
PrimaryPlayTime: 0.000000
PrimaryMaxTime: 5.640000
PrimaryPlaySpeed: 1.000000
CleanupBehaviorChanged: 0
=====================================

===== PRIMARYFIRST StopMotion =====
OwnerEntityAddress: EBB66E10
OwnerEntity: PC_Hero
MotionType: 0
Stage: REQUEST_BEFORE_ORIGINAL
ElapsedMs: 140250.001
PrimarySnapshotAvailable: 1
PrimaryMotionName: 
PrimaryHasMotionInstance: 0
PrimaryMotionRunning: 0
PrimaryPlayTime: 0.000000
PrimaryMaxTime: 0.000000
PrimaryPlaySpeed: 0.000000
Stage: RESULT_AFTER_ORIGINAL
ElapsedMs: 140250.002
PrimarySnapshotAvailable: 1
PrimaryMotionName: 
PrimaryHasMotionInstance: 0
PrimaryMotionRunning: 0
PrimaryPlayTime: 0.000000
PrimaryMaxTime: 0.000000
PrimaryPlaySpeed: 0.000000
CleanupBehaviorChanged: 0
=====================================

===== PRIMARYFIRST PlayMotion =====
OwnerEntityAddress: EBB66E10
OwnerEntity: PC_Hero
MotionType: 0
Stage: REQUEST_BEFORE_ORIGINAL
ElapsedMs: 140250.040
PrimarySnapshotAvailable: 1
PrimaryMotionName: 
PrimaryHasMotionInstance: 0
PrimaryMotionRunning: 0
PrimaryPlayTime: 0.000000
PrimaryMaxTime: 0.000000
PrimaryPlaySpeed: 0.000000
Stage: RESULT_AFTER_ORIGINAL
ElapsedMs: 140250.055
PrimarySnapshotAvailable: 1
PrimaryMotionName: Hero_Stand_1H_1H_P0_Hold_Begin_N_Fwd_00_%_00_P0_0.xmot
PrimaryHasMotionInstance: 1
PrimaryMotionRunning: 1
PrimaryPlayTime: 0.000000
PrimaryMaxTime: 0.360000
PrimaryPlaySpeed: 1.000000
CleanupBehaviorChanged: 0
=====================================

===== PRIMARYFIRST StopMotion =====
OwnerEntityAddress: EBB66E10
OwnerEntity: PC_Hero
MotionType: 0
Stage: REQUEST_BEFORE_ORIGINAL
ElapsedMs: 140575.087
PrimarySnapshotAvailable: 1
PrimaryMotionName: 
PrimaryHasMotionInstance: 0
PrimaryMotionRunning: 0
PrimaryPlayTime: 0.000000
PrimaryMaxTime: 0.000000
PrimaryPlaySpeed: 0.000000
Stage: RESULT_AFTER_ORIGINAL
ElapsedMs: 140575.088
PrimarySnapshotAvailable: 1
PrimaryMotionName: 
PrimaryHasMotionInstance: 0
PrimaryMotionRunning: 0
PrimaryPlayTime: 0.000000
PrimaryMaxTime: 0.000000
PrimaryPlaySpeed: 0.000000
CleanupBehaviorChanged: 0
=====================================

===== PRIMARYFIRST PlayMotion =====
OwnerEntityAddress: EBB66E10
OwnerEntity: PC_Hero
MotionType: 0
Stage: REQUEST_BEFORE_ORIGINAL
ElapsedMs: 140575.127
PrimarySnapshotAvailable: 1
PrimaryMotionName: 
PrimaryHasMotionInstance: 0
PrimaryMotionRunning: 0
PrimaryPlayTime: 0.000000
PrimaryMaxTime: 0.000000
PrimaryPlaySpeed: 0.000000
Stage: RESULT_AFTER_ORIGINAL
ElapsedMs: 140575.138
PrimarySnapshotAvailable: 1
PrimaryMotionName: Hero_Stand_1H_1H_P0_Hold_End_N_Fwd_00_%_00_P0_0.xmot
PrimaryHasMotionInstance: 1
PrimaryMotionRunning: 1
PrimaryPlayTime: 0.000000
PrimaryMaxTime: 0.800000
PrimaryPlaySpeed: 1.000000
CleanupBehaviorChanged: 0
=====================================

===== PRIMARYFIRST StopMotion =====
OwnerEntityAddress: EBB66E10
OwnerEntity: PC_Hero
MotionType: 0
Stage: REQUEST_BEFORE_ORIGINAL
ElapsedMs: 142822.653
PrimarySnapshotAvailable: 1
PrimaryMotionName: 
PrimaryHasMotionInstance: 0
PrimaryMotionRunning: 0
PrimaryPlayTime: 0.000000
PrimaryMaxTime: 0.000000
PrimaryPlaySpeed: 0.000000
Stage: RESULT_AFTER_ORIGINAL
ElapsedMs: 142822.654
PrimarySnapshotAvailable: 1
PrimaryMotionName: 
PrimaryHasMotionInstance: 0
PrimaryMotionRunning: 0
PrimaryPlayTime: 0.000000
PrimaryMaxTime: 0.000000
PrimaryPlaySpeed: 0.000000
CleanupBehaviorChanged: 0
=====================================

===== PRIMARYFIRST PlayMotion =====
OwnerEntityAddress: EBB66E10
OwnerEntity: PC_Hero
MotionType: 0
Stage: REQUEST_BEFORE_ORIGINAL
ElapsedMs: 142822.693
PrimarySnapshotAvailable: 1
PrimaryMotionName: 
PrimaryHasMotionInstance: 0
PrimaryMotionRunning: 0
PrimaryPlayTime: 0.000000
PrimaryMaxTime: 0.000000
PrimaryPlaySpeed: 0.000000
Stage: RESULT_AFTER_ORIGINAL
ElapsedMs: 142822.707
PrimarySnapshotAvailable: 1
PrimaryMotionName: Hero_Stand_1H_1H_P0_QuickAttackR_Hit_N_Fwd_00_%_00_P0_100_R.xmot
PrimaryHasMotionInstance: 1
PrimaryMotionRunning: 1
PrimaryPlayTime: 0.000000
PrimaryMaxTime: 0.400000
PrimaryPlaySpeed: 1.000000
CleanupBehaviorChanged: 0
=====================================

===== MARKER OWNERSHIP DECISION =====
ElapsedMs: 142822.796
Actor: PC_Hero
CurrentMovementAni: Hero_Stand_1H_1H_P0_QuickAttackR_Hit_N_Fwd_00_%_00_P0_100_R.xmot
MatchingMotionFound: 1
FrameEffectCount: 1
ContainsReservedSourceMarker: 0
RequiredSourceMask: 0
AuthoredRIGHTMarkerCount: 0
FirstRIGHTMarkerFrame: -1
AuthoredLEFTMarkerCount: 0
FirstLEFTMarkerFrame: -1
AuthoredBOTHMarkerCount: 0
FirstBOTHMarkerFrame: -1
AuthoredOFFMarkerCount: 0
FirstOFFMarkerFrame: -1
RightHandSourceResolved: 1
RightHandSource: It_1H_Sword_Rust_01
RightHandSourceAddress: E70E8C10
RightHandSourceUseType: 2
RightHandSourceCollisionGroup: 5
LeftHandSourceResolved: 1
LeftHandSource: It_1H_Sword_Rust_01
LeftHandSourceAddress: E27B4610
LeftHandSourceUseType: 2
LeftHandSourceCollisionGroup: 5
Decision: LEGACY/NATIVE - call original timer callback
=====================================

===== ENGINE SetCollisionGroup =====
ElapsedMs: 142925.683
Entity: It_1H_Sword_Rust_01
ChangedEntityAddress: E70E8C10
PlayerSlotMatch: RIGHT
PlayerAction: 4
PlayerAniPhase: 1
PlayerPrimaryPose: 1
PlayerStateTime: 0.106980
PlayerStatePosition: 0
PlayerCurrentMovementAni: Hero_Stand_1H_1H_P0_QuickAttackR_Hit_N_Fwd_00_%_00_P0_100_R.xmot
PlayerLeftItem: It_1H_Sword_Rust_01
PlayerLeftItemAddress: E27B4610
PlayerLeftUseType: 2
PlayerLeftCollisionGroup: 5
PlayerRightItem: It_1H_Sword_Rust_01
PlayerRightItemAddress: E70E8C10
PlayerRightUseType: 2
PlayerRightCollisionGroup: 7
RequestedGroup: 7
BeforeGroup: 5
AfterGroup: 7
Item_EquippedValue: 5
Item_AttackValue: 7
RetiredMarkerExecutionCount: 0
====================================

===== COMBATMOVE STARTRECOVER BEGIN =====
ActorAddress: EBB66E10
Actor: PC_Hero
CurrentAction: 4
CurrentAniPhase: 1
CurrentMovementAni: Hero_Stand_1H_1H_P0_QuickAttackR_Hit_N_Fwd_00_%_00_P0_100_R.xmot
Stage: BEGIN
ElapsedMs: 143223.818
PrimarySnapshotAvailable: 1
PrimaryMotionName: Hero_Stand_1H_1H_P0_QuickAttackR_Hit_N_Fwd_00_%_00_P0_100_R.xmot
PrimaryHasMotionInstance: 1
PrimaryMotionRunning: 1
PrimaryPlayTime: 0.399990
PrimaryMaxTime: 0.400000
PrimaryPlaySpeed: 0.000000
LeftHandSourceResolved: 1
LeftHandSource: It_1H_Sword_Rust_01
LeftHandSourceAddress: E27B4610
LeftHandSourceCollisionGroup: 5
RightHandSourceResolved: 1
RightHandSource: It_1H_Sword_Rust_01
RightHandSourceAddress: E70E8C10
RightHandSourceCollisionGroup: 7
CleanupBehaviorChanged: 0
=========================================

===== PRIMARYFIRST StopMotion =====
OwnerEntityAddress: EBB66E10
OwnerEntity: PC_Hero
MotionType: 0
Stage: REQUEST_BEFORE_ORIGINAL
ElapsedMs: 143227.189
PrimarySnapshotAvailable: 1
PrimaryMotionName: 
PrimaryHasMotionInstance: 0
PrimaryMotionRunning: 0
PrimaryPlayTime: 0.000000
PrimaryMaxTime: 0.000000
PrimaryPlaySpeed: 0.000000
Stage: RESULT_AFTER_ORIGINAL
ElapsedMs: 143227.189
PrimarySnapshotAvailable: 1
PrimaryMotionName: 
PrimaryHasMotionInstance: 0
PrimaryMotionRunning: 0
PrimaryPlayTime: 0.000000
PrimaryMaxTime: 0.000000
PrimaryPlaySpeed: 0.000000
CleanupBehaviorChanged: 0
=====================================

===== PRIMARYFIRST PlayMotion =====
OwnerEntityAddress: EBB66E10
OwnerEntity: PC_Hero
MotionType: 0
Stage: REQUEST_BEFORE_ORIGINAL
ElapsedMs: 143227.220
PrimarySnapshotAvailable: 1
PrimaryMotionName: 
PrimaryHasMotionInstance: 0
PrimaryMotionRunning: 0
PrimaryPlayTime: 0.000000
PrimaryMaxTime: 0.000000
PrimaryPlaySpeed: 0.000000
Stage: RESULT_AFTER_ORIGINAL
ElapsedMs: 143227.233
PrimarySnapshotAvailable: 1
PrimaryMotionName: Hero_Stand_1H_1H_P0_QuickAttackR_Recover_N_Fwd_00_%_00_P0_0_R.xmot
PrimaryHasMotionInstance: 1
PrimaryMotionRunning: 1
PrimaryPlayTime: 0.000000
PrimaryMaxTime: 0.480000
PrimaryPlaySpeed: 1.000000
CleanupBehaviorChanged: 0
=====================================

===== COMBATMOVE STARTRECOVER END =====
ActorAddress: EBB66E10
Actor: PC_Hero
CurrentAction: 4
CurrentAniPhase: 3
CurrentMovementAni: Hero_Stand_1H_1H_P0_QuickAttackR_Hit_N_Fwd_00_%_00_P0_100_R.xmot
Stage: END
ElapsedMs: 143227.256
PrimarySnapshotAvailable: 1
PrimaryMotionName: Hero_Stand_1H_1H_P0_QuickAttackR_Recover_N_Fwd_00_%_00_P0_0_R.xmot
PrimaryHasMotionInstance: 1
PrimaryMotionRunning: 1
PrimaryPlayTime: 0.000000
PrimaryMaxTime: 0.480000
PrimaryPlaySpeed: 1.000000
LeftHandSourceResolved: 1
LeftHandSource: It_1H_Sword_Rust_01
LeftHandSourceAddress: E27B4610
LeftHandSourceCollisionGroup: 5
RightHandSourceResolved: 1
RightHandSource: It_1H_Sword_Rust_01
RightHandSourceAddress: E70E8C10
RightHandSourceCollisionGroup: 7
CleanupBehaviorChanged: 0
=========================================

===== ENGINE SetCollisionGroup =====
ElapsedMs: 143227.323
Entity: It_1H_Sword_Rust_01
ChangedEntityAddress: E70E8C10
PlayerSlotMatch: RIGHT
PlayerAction: 4
PlayerAniPhase: 3
PlayerPrimaryPose: 1
PlayerStateTime: 0.404956
PlayerStatePosition: 1
PlayerCurrentMovementAni: Hero_Stand_1H_1H_P0_QuickAttackR_Hit_N_Fwd_00_%_00_P0_100_R.xmot
PlayerLeftItem: It_1H_Sword_Rust_01
PlayerLeftItemAddress: E27B4610
PlayerLeftUseType: 2
PlayerLeftCollisionGroup: 5
PlayerRightItem: It_1H_Sword_Rust_01
PlayerRightItemAddress: E70E8C10
PlayerRightUseType: 2
PlayerRightCollisionGroup: 5
RequestedGroup: 5
BeforeGroup: 7
AfterGroup: 5
Item_EquippedValue: 5
Item_AttackValue: 7
RetiredMarkerExecutionCount: 0
====================================

===== PRIMARYFIRST PlayMotion =====
OwnerEntityAddress: EBB66E10
OwnerEntity: PC_Hero
MotionType: 0
Stage: REQUEST_BEFORE_ORIGINAL
ElapsedMs: 143718.795
PrimarySnapshotAvailable: 1
PrimaryMotionName: 
PrimaryHasMotionInstance: 0
PrimaryMotionRunning: 0
PrimaryPlayTime: 0.000000
PrimaryMaxTime: 0.000000
PrimaryPlaySpeed: 0.000000
Stage: RESULT_AFTER_ORIGINAL
ElapsedMs: 143722.062
PrimarySnapshotAvailable: 1
PrimaryMotionName: Hero_Stand_1H_1H_P0_Ambient_Loop_N_Fwd_00_%_00_P0_0.xmot
PrimaryHasMotionInstance: 1
PrimaryMotionRunning: 1
PrimaryPlayTime: 0.000000
PrimaryMaxTime: 0.400000
PrimaryPlaySpeed: 1.000000
CleanupBehaviorChanged: 0
=====================================

===== PRIMARYFIRST PlayMotion =====
OwnerEntityAddress: EBB66E10
OwnerEntity: PC_Hero
MotionType: 0
Stage: REQUEST_BEFORE_ORIGINAL
ElapsedMs: 144276.848
PrimarySnapshotAvailable: 1
PrimaryMotionName: 
PrimaryHasMotionInstance: 0
PrimaryMotionRunning: 0
PrimaryPlayTime: 0.000000
PrimaryMaxTime: 0.000000
PrimaryPlaySpeed: 0.000000
Stage: RESULT_AFTER_ORIGINAL
ElapsedMs: 144280.105
PrimarySnapshotAvailable: 1
PrimaryMotionName: Hero_Parade_1H_1H_P0_Ambient_Loop_N_Fwd_00_%_00_P0_0.xmot
PrimaryHasMotionInstance: 1
PrimaryMotionRunning: 1
PrimaryPlayTime: 0.000000
PrimaryMaxTime: 0.400000
PrimaryPlaySpeed: 1.000000
CleanupBehaviorChanged: 0
=====================================

===== PRIMARYFIRST StopMotion =====
OwnerEntityAddress: EBB66E10
OwnerEntity: PC_Hero
MotionType: 0
Stage: REQUEST_BEFORE_ORIGINAL
ElapsedMs: 144290.129
PrimarySnapshotAvailable: 1
PrimaryMotionName: 
PrimaryHasMotionInstance: 0
PrimaryMotionRunning: 0
PrimaryPlayTime: 0.000000
PrimaryMaxTime: 0.000000
PrimaryPlaySpeed: 0.000000
Stage: RESULT_AFTER_ORIGINAL
ElapsedMs: 144290.130
PrimarySnapshotAvailable: 1
PrimaryMotionName: 
PrimaryHasMotionInstance: 0
PrimaryMotionRunning: 0
PrimaryPlayTime: 0.000000
PrimaryMaxTime: 0.000000
PrimaryPlaySpeed: 0.000000
CleanupBehaviorChanged: 0
=====================================

===== PRIMARYFIRST PlayMotion =====
OwnerEntityAddress: EBB66E10
OwnerEntity: PC_Hero
MotionType: 0
Stage: REQUEST_BEFORE_ORIGINAL
ElapsedMs: 144290.168
PrimarySnapshotAvailable: 1
PrimaryMotionName: 
PrimaryHasMotionInstance: 0
PrimaryMotionRunning: 0
PrimaryPlayTime: 0.000000
PrimaryMaxTime: 0.000000
PrimaryPlaySpeed: 0.000000
Stage: RESULT_AFTER_ORIGINAL
ElapsedMs: 144290.180
PrimarySnapshotAvailable: 1
PrimaryMotionName: Hero_Stand_1H_1H_P0_QuickAttackL_Hit_N_Fwd_00_%_00_P0_100_L.xmot
PrimaryHasMotionInstance: 1
PrimaryMotionRunning: 1
PrimaryPlayTime: 0.000000
PrimaryMaxTime: 0.440000
PrimaryPlaySpeed: 1.000000
CleanupBehaviorChanged: 0
=====================================

===== MARKER OWNERSHIP DECISION =====
ElapsedMs: 144290.229
Actor: PC_Hero
CurrentMovementAni: Hero_Stand_1H_1H_P0_QuickAttackL_Hit_N_Fwd_00_%_00_P0_100_L.xmot
MatchingMotionFound: 1
FrameEffectCount: 1
ContainsReservedSourceMarker: 0
RequiredSourceMask: 0
AuthoredRIGHTMarkerCount: 0
FirstRIGHTMarkerFrame: -1
AuthoredLEFTMarkerCount: 0
FirstLEFTMarkerFrame: -1
AuthoredBOTHMarkerCount: 0
FirstBOTHMarkerFrame: -1
AuthoredOFFMarkerCount: 0
FirstOFFMarkerFrame: -1
RightHandSourceResolved: 1
RightHandSource: It_1H_Sword_Rust_01
RightHandSourceAddress: E70E8C10
RightHandSourceUseType: 2
RightHandSourceCollisionGroup: 5
LeftHandSourceResolved: 1
LeftHandSource: It_1H_Sword_Rust_01
LeftHandSourceAddress: E27B4610
LeftHandSourceUseType: 2
LeftHandSourceCollisionGroup: 5
Decision: LEGACY/NATIVE - call original timer callback
=====================================

===== ENGINE SetCollisionGroup =====
ElapsedMs: 144393.597
Entity: It_1H_Sword_Rust_01
ChangedEntityAddress: E70E8C10
PlayerSlotMatch: RIGHT
PlayerAction: 5
PlayerAniPhase: 1
PlayerPrimaryPose: 1
PlayerStateTime: 0.106997
PlayerStatePosition: 0
PlayerCurrentMovementAni: Hero_Stand_1H_1H_P0_QuickAttackL_Hit_N_Fwd_00_%_00_P0_100_L.xmot
PlayerLeftItem: It_1H_Sword_Rust_01
PlayerLeftItemAddress: E27B4610
PlayerLeftUseType: 2
PlayerLeftCollisionGroup: 5
PlayerRightItem: It_1H_Sword_Rust_01
PlayerRightItemAddress: E70E8C10
PlayerRightUseType: 2
PlayerRightCollisionGroup: 7
RequestedGroup: 7
BeforeGroup: 5
AfterGroup: 7
Item_EquippedValue: 5
Item_AttackValue: 7
RetiredMarkerExecutionCount: 0
====================================

===== COMBATMOVE STARTRECOVER BEGIN =====
ActorAddress: EBB66E10
Actor: PC_Hero
CurrentAction: 5
CurrentAniPhase: 1
CurrentMovementAni: Hero_Stand_1H_1H_P0_QuickAttackL_Hit_N_Fwd_00_%_00_P0_100_L.xmot
Stage: BEGIN
ElapsedMs: 144729.465
PrimarySnapshotAvailable: 1
PrimaryMotionName: Hero_Stand_1H_1H_P0_QuickAttackL_Hit_N_Fwd_00_%_00_P0_100_L.xmot
PrimaryHasMotionInstance: 1
PrimaryMotionRunning: 1
PrimaryPlayTime: 0.439990
PrimaryMaxTime: 0.440000
PrimaryPlaySpeed: 0.000000
LeftHandSourceResolved: 1
LeftHandSource: It_1H_Sword_Rust_01
LeftHandSourceAddress: E27B4610
LeftHandSourceCollisionGroup: 5
RightHandSourceResolved: 1
RightHandSource: It_1H_Sword_Rust_01
RightHandSourceAddress: E70E8C10
RightHandSourceCollisionGroup: 7
CleanupBehaviorChanged: 0
=========================================

===== PRIMARYFIRST StopMotion =====
OwnerEntityAddress: EBB66E10
OwnerEntity: PC_Hero
MotionType: 0
Stage: REQUEST_BEFORE_ORIGINAL
ElapsedMs: 144732.842
PrimarySnapshotAvailable: 1
PrimaryMotionName: 
PrimaryHasMotionInstance: 0
PrimaryMotionRunning: 0
PrimaryPlayTime: 0.000000
PrimaryMaxTime: 0.000000
PrimaryPlaySpeed: 0.000000
Stage: RESULT_AFTER_ORIGINAL
ElapsedMs: 144732.842
PrimarySnapshotAvailable: 1
PrimaryMotionName: 
PrimaryHasMotionInstance: 0
PrimaryMotionRunning: 0
PrimaryPlayTime: 0.000000
PrimaryMaxTime: 0.000000
PrimaryPlaySpeed: 0.000000
CleanupBehaviorChanged: 0
=====================================

===== PRIMARYFIRST PlayMotion =====
OwnerEntityAddress: EBB66E10
OwnerEntity: PC_Hero
MotionType: 0
Stage: REQUEST_BEFORE_ORIGINAL
ElapsedMs: 144732.871
PrimarySnapshotAvailable: 1
PrimaryMotionName: 
PrimaryHasMotionInstance: 0
PrimaryMotionRunning: 0
PrimaryPlayTime: 0.000000
PrimaryMaxTime: 0.000000
PrimaryPlaySpeed: 0.000000
Stage: RESULT_AFTER_ORIGINAL
ElapsedMs: 144732.883
PrimarySnapshotAvailable: 1
PrimaryMotionName: Hero_Stand_1H_1H_P0_QuickAttackL_Recover_N_Fwd_00_%_00_P0_0_L.xmot
PrimaryHasMotionInstance: 1
PrimaryMotionRunning: 1
PrimaryPlayTime: 0.000000
PrimaryMaxTime: 0.440000
PrimaryPlaySpeed: 1.000000
CleanupBehaviorChanged: 0
=====================================

===== COMBATMOVE STARTRECOVER END =====
ActorAddress: EBB66E10
Actor: PC_Hero
CurrentAction: 5
CurrentAniPhase: 3
CurrentMovementAni: Hero_Stand_1H_1H_P0_QuickAttackL_Hit_N_Fwd_00_%_00_P0_100_L.xmot
Stage: END
ElapsedMs: 144732.905
PrimarySnapshotAvailable: 1
PrimaryMotionName: Hero_Stand_1H_1H_P0_QuickAttackL_Recover_N_Fwd_00_%_00_P0_0_L.xmot
PrimaryHasMotionInstance: 1
PrimaryMotionRunning: 1
PrimaryPlayTime: 0.000000
PrimaryMaxTime: 0.440000
PrimaryPlaySpeed: 1.000000
LeftHandSourceResolved: 1
LeftHandSource: It_1H_Sword_Rust_01
LeftHandSourceAddress: E27B4610
LeftHandSourceCollisionGroup: 5
RightHandSourceResolved: 1
RightHandSource: It_1H_Sword_Rust_01
RightHandSourceAddress: E70E8C10
RightHandSourceCollisionGroup: 7
CleanupBehaviorChanged: 0
=========================================

===== ENGINE SetCollisionGroup =====
ElapsedMs: 144732.972
Entity: It_1H_Sword_Rust_01
ChangedEntityAddress: E70E8C10
PlayerSlotMatch: RIGHT
PlayerAction: 5
PlayerAniPhase: 3
PlayerPrimaryPose: 1
PlayerStateTime: 0.444605
PlayerStatePosition: 1
PlayerCurrentMovementAni: Hero_Stand_1H_1H_P0_QuickAttackL_Hit_N_Fwd_00_%_00_P0_100_L.xmot
PlayerLeftItem: It_1H_Sword_Rust_01
PlayerLeftItemAddress: E27B4610
PlayerLeftUseType: 2
PlayerLeftCollisionGroup: 5
PlayerRightItem: It_1H_Sword_Rust_01
PlayerRightItemAddress: E70E8C10
PlayerRightUseType: 2
PlayerRightCollisionGroup: 5
RequestedGroup: 5
BeforeGroup: 7
AfterGroup: 5
Item_EquippedValue: 5
Item_AttackValue: 7
RetiredMarkerExecutionCount: 0
====================================

===== PRIMARYFIRST PlayMotion =====
OwnerEntityAddress: EBB66E10
OwnerEntity: PC_Hero
MotionType: 0
Stage: REQUEST_BEFORE_ORIGINAL
ElapsedMs: 145192.470
PrimarySnapshotAvailable: 1
PrimaryMotionName: 
PrimaryHasMotionInstance: 0
PrimaryMotionRunning: 0
PrimaryPlayTime: 0.000000
PrimaryMaxTime: 0.000000
PrimaryPlaySpeed: 0.000000
Stage: RESULT_AFTER_ORIGINAL
ElapsedMs: 145192.483
PrimarySnapshotAvailable: 1
PrimaryMotionName: Hero_Stand_1H_1H_P0_Ambient_Loop_N_Fwd_00_%_00_P0_0.xmot
PrimaryHasMotionInstance: 1
PrimaryMotionRunning: 1
PrimaryPlayTime: 0.000000
PrimaryMaxTime: 0.400000
PrimaryPlaySpeed: 1.000000
CleanupBehaviorChanged: 0
=====================================

===== PRIMARYFIRST PlayMotion =====
OwnerEntityAddress: EBB66E10
OwnerEntity: PC_Hero
MotionType: 0
Stage: REQUEST_BEFORE_ORIGINAL
ElapsedMs: 145618.394
PrimarySnapshotAvailable: 1
PrimaryMotionName: 
PrimaryHasMotionInstance: 0
PrimaryMotionRunning: 0
PrimaryPlayTime: 0.000000
PrimaryMaxTime: 0.000000
PrimaryPlaySpeed: 0.000000
Stage: RESULT_AFTER_ORIGINAL
ElapsedMs: 145618.407
PrimarySnapshotAvailable: 1
PrimaryMotionName: Hero_Parade_1H_1H_P0_Ambient_Loop_N_Fwd_00_%_00_P0_0.xmot
PrimaryHasMotionInstance: 1
PrimaryMotionRunning: 1
PrimaryPlayTime: 0.000000
PrimaryMaxTime: 0.400000
PrimaryPlaySpeed: 1.000000
CleanupBehaviorChanged: 0
=====================================

===== PRIMARYFIRST PlayMotion =====
OwnerEntityAddress: EBB66E10
OwnerEntity: PC_Hero
MotionType: 0
Stage: REQUEST_BEFORE_ORIGINAL
ElapsedMs: 145647.092
PrimarySnapshotAvailable: 1
PrimaryMotionName: 
PrimaryHasMotionInstance: 0
PrimaryMotionRunning: 0
PrimaryPlayTime: 0.000000
PrimaryMaxTime: 0.000000
PrimaryPlaySpeed: 0.000000
Stage: RESULT_AFTER_ORIGINAL
ElapsedMs: 145647.106
PrimarySnapshotAvailable: 1
PrimaryMotionName: Hero_Stand_1H_1H_P0_Ambient_Loop_N_Fwd_00_%_00_P0_0.xmot
PrimaryHasMotionInstance: 1
PrimaryMotionRunning: 1
PrimaryPlayTime: 0.000000
PrimaryMaxTime: 0.400000
PrimaryPlaySpeed: 1.000000
CleanupBehaviorChanged: 0
=====================================

===== PRIMARYFIRST StopMotion =====
OwnerEntityAddress: EBB66E10
OwnerEntity: PC_Hero
MotionType: 0
Stage: REQUEST_BEFORE_ORIGINAL
ElapsedMs: 145647.186
PrimarySnapshotAvailable: 1
PrimaryMotionName: 
PrimaryHasMotionInstance: 0
PrimaryMotionRunning: 0
PrimaryPlayTime: 0.000000
PrimaryMaxTime: 0.000000
PrimaryPlaySpeed: 0.000000
Stage: RESULT_AFTER_ORIGINAL
ElapsedMs: 145647.186
PrimarySnapshotAvailable: 1
PrimaryMotionName: 
PrimaryHasMotionInstance: 0
PrimaryMotionRunning: 0
PrimaryPlayTime: 0.000000
PrimaryMaxTime: 0.000000
PrimaryPlaySpeed: 0.000000
CleanupBehaviorChanged: 0
=====================================

===== PRIMARYFIRST PlayMotion =====
OwnerEntityAddress: EBB66E10
OwnerEntity: PC_Hero
MotionType: 0
Stage: REQUEST_BEFORE_ORIGINAL
ElapsedMs: 145647.213
PrimarySnapshotAvailable: 1
PrimaryMotionName: 
PrimaryHasMotionInstance: 0
PrimaryMotionRunning: 0
PrimaryPlayTime: 0.000000
PrimaryMaxTime: 0.000000
PrimaryPlaySpeed: 0.000000
Stage: RESULT_AFTER_ORIGINAL
ElapsedMs: 145647.223
PrimarySnapshotAvailable: 1
PrimaryMotionName: Hero_Stand_1H_1H_P0_QuickAttackR_Hit_N_Fwd_00_%_00_P0_100_R.xmot
PrimaryHasMotionInstance: 1
PrimaryMotionRunning: 1
PrimaryPlayTime: 0.000000
PrimaryMaxTime: 0.400000
PrimaryPlaySpeed: 1.000000
CleanupBehaviorChanged: 0
=====================================

===== MARKER OWNERSHIP DECISION =====
ElapsedMs: 145647.263
Actor: PC_Hero
CurrentMovementAni: Hero_Stand_1H_1H_P0_QuickAttackR_Hit_N_Fwd_00_%_00_P0_100_R.xmot
MatchingMotionFound: 1
FrameEffectCount: 1
ContainsReservedSourceMarker: 0
RequiredSourceMask: 0
AuthoredRIGHTMarkerCount: 0
FirstRIGHTMarkerFrame: -1
AuthoredLEFTMarkerCount: 0
FirstLEFTMarkerFrame: -1
AuthoredBOTHMarkerCount: 0
FirstBOTHMarkerFrame: -1
AuthoredOFFMarkerCount: 0
FirstOFFMarkerFrame: -1
RightHandSourceResolved: 1
RightHandSource: It_1H_Sword_Rust_01
RightHandSourceAddress: E70E8C10
RightHandSourceUseType: 2
RightHandSourceCollisionGroup: 5
LeftHandSourceResolved: 1
LeftHandSource: It_1H_Sword_Rust_01
LeftHandSourceAddress: E27B4610
LeftHandSourceUseType: 2
LeftHandSourceCollisionGroup: 5
Decision: LEGACY/NATIVE - call original timer callback
=====================================

===== ENGINE SetCollisionGroup =====
ElapsedMs: 145752.639
Entity: It_1H_Sword_Rust_01
ChangedEntityAddress: E70E8C10
PlayerSlotMatch: RIGHT
PlayerAction: 4
PlayerAniPhase: 1
PlayerPrimaryPose: 1
PlayerStateTime: 0.104990
PlayerStatePosition: 0
PlayerCurrentMovementAni: Hero_Stand_1H_1H_P0_QuickAttackR_Hit_N_Fwd_00_%_00_P0_100_R.xmot
PlayerLeftItem: It_1H_Sword_Rust_01
PlayerLeftItemAddress: E27B4610
PlayerLeftUseType: 2
PlayerLeftCollisionGroup: 5
PlayerRightItem: It_1H_Sword_Rust_01
PlayerRightItemAddress: E70E8C10
PlayerRightUseType: 2
PlayerRightCollisionGroup: 7
RequestedGroup: 7
BeforeGroup: 5
AfterGroup: 7
Item_EquippedValue: 5
Item_AttackValue: 7
RetiredMarkerExecutionCount: 0
====================================

===== COMBATMOVE STARTRECOVER BEGIN =====
ActorAddress: EBB66E10
Actor: PC_Hero
CurrentAction: 4
CurrentAniPhase: 1
CurrentMovementAni: Hero_Stand_1H_1H_P0_QuickAttackR_Hit_N_Fwd_00_%_00_P0_100_R.xmot
Stage: BEGIN
ElapsedMs: 146050.767
PrimarySnapshotAvailable: 1
PrimaryMotionName: Hero_Stand_1H_1H_P0_QuickAttackR_Hit_N_Fwd_00_%_00_P0_100_R.xmot
PrimaryHasMotionInstance: 1
PrimaryMotionRunning: 1
PrimaryPlayTime: 0.399990
PrimaryMaxTime: 0.400000
PrimaryPlaySpeed: 0.000000
LeftHandSourceResolved: 1
LeftHandSource: It_1H_Sword_Rust_01
LeftHandSourceAddress: E27B4610
LeftHandSourceCollisionGroup: 5
RightHandSourceResolved: 1
RightHandSource: It_1H_Sword_Rust_01
RightHandSourceAddress: E70E8C10
RightHandSourceCollisionGroup: 7
CleanupBehaviorChanged: 0
=========================================

===== PRIMARYFIRST StopMotion =====
OwnerEntityAddress: EBB66E10
OwnerEntity: PC_Hero
MotionType: 0
Stage: REQUEST_BEFORE_ORIGINAL
ElapsedMs: 146050.836
PrimarySnapshotAvailable: 1
PrimaryMotionName: 
PrimaryHasMotionInstance: 0
PrimaryMotionRunning: 0
PrimaryPlayTime: 0.000000
PrimaryMaxTime: 0.000000
PrimaryPlaySpeed: 0.000000
Stage: RESULT_AFTER_ORIGINAL
ElapsedMs: 146050.836
PrimarySnapshotAvailable: 1
PrimaryMotionName: 
PrimaryHasMotionInstance: 0
PrimaryMotionRunning: 0
PrimaryPlayTime: 0.000000
PrimaryMaxTime: 0.000000
PrimaryPlaySpeed: 0.000000
CleanupBehaviorChanged: 0
=====================================

===== PRIMARYFIRST PlayMotion =====
OwnerEntityAddress: EBB66E10
OwnerEntity: PC_Hero
MotionType: 0
Stage: REQUEST_BEFORE_ORIGINAL
ElapsedMs: 146050.860
PrimarySnapshotAvailable: 1
PrimaryMotionName: 
PrimaryHasMotionInstance: 0
PrimaryMotionRunning: 0
PrimaryPlayTime: 0.000000
PrimaryMaxTime: 0.000000
PrimaryPlaySpeed: 0.000000
Stage: RESULT_AFTER_ORIGINAL
ElapsedMs: 146050.872
PrimarySnapshotAvailable: 1
PrimaryMotionName: Hero_Stand_1H_1H_P0_QuickAttackR_Recover_N_Fwd_00_%_00_P0_0_R.xmot
PrimaryHasMotionInstance: 1
PrimaryMotionRunning: 1
PrimaryPlayTime: 0.000000
PrimaryMaxTime: 0.480000
PrimaryPlaySpeed: 1.000000
CleanupBehaviorChanged: 0
=====================================

===== COMBATMOVE STARTRECOVER END =====
ActorAddress: EBB66E10
Actor: PC_Hero
CurrentAction: 4
CurrentAniPhase: 3
CurrentMovementAni: Hero_Stand_1H_1H_P0_QuickAttackR_Hit_N_Fwd_00_%_00_P0_100_R.xmot
Stage: END
ElapsedMs: 146050.899
PrimarySnapshotAvailable: 1
PrimaryMotionName: Hero_Stand_1H_1H_P0_QuickAttackR_Recover_N_Fwd_00_%_00_P0_0_R.xmot
PrimaryHasMotionInstance: 1
PrimaryMotionRunning: 1
PrimaryPlayTime: 0.000000
PrimaryMaxTime: 0.480000
PrimaryPlaySpeed: 1.000000
LeftHandSourceResolved: 1
LeftHandSource: It_1H_Sword_Rust_01
LeftHandSourceAddress: E27B4610
LeftHandSourceCollisionGroup: 5
RightHandSourceResolved: 1
RightHandSource: It_1H_Sword_Rust_01
RightHandSourceAddress: E70E8C10
RightHandSourceCollisionGroup: 7
CleanupBehaviorChanged: 0
=========================================

===== ENGINE SetCollisionGroup =====
ElapsedMs: 146050.957
Entity: It_1H_Sword_Rust_01
ChangedEntityAddress: E70E8C10
PlayerSlotMatch: RIGHT
PlayerAction: 4
PlayerAniPhase: 3
PlayerPrimaryPose: 1
PlayerStateTime: 0.403970
PlayerStatePosition: 1
PlayerCurrentMovementAni: Hero_Stand_1H_1H_P0_QuickAttackR_Hit_N_Fwd_00_%_00_P0_100_R.xmot
PlayerLeftItem: It_1H_Sword_Rust_01
PlayerLeftItemAddress: E27B4610
PlayerLeftUseType: 2
PlayerLeftCollisionGroup: 5
PlayerRightItem: It_1H_Sword_Rust_01
PlayerRightItemAddress: E70E8C10
PlayerRightUseType: 2
PlayerRightCollisionGroup: 5
RequestedGroup: 5
BeforeGroup: 7
AfterGroup: 5
Item_EquippedValue: 5
Item_AttackValue: 7
RetiredMarkerExecutionCount: 0
====================================

===== PRIMARYFIRST PlayMotion =====
OwnerEntityAddress: EBB66E10
OwnerEntity: PC_Hero
MotionType: 0
Stage: REQUEST_BEFORE_ORIGINAL
ElapsedMs: 146560.110
PrimarySnapshotAvailable: 1
PrimaryMotionName: 
PrimaryHasMotionInstance: 0
PrimaryMotionRunning: 0
PrimaryPlayTime: 0.000000
PrimaryMaxTime: 0.000000
PrimaryPlaySpeed: 0.000000
Stage: RESULT_AFTER_ORIGINAL
ElapsedMs: 146560.125
PrimarySnapshotAvailable: 1
PrimaryMotionName: Hero_Stand_1H_1H_P0_Ambient_Loop_N_Fwd_00_%_00_P0_0.xmot
PrimaryHasMotionInstance: 1
PrimaryMotionRunning: 1
PrimaryPlayTime: 0.000000
PrimaryMaxTime: 0.400000
PrimaryPlaySpeed: 1.000000
CleanupBehaviorChanged: 0
=====================================

===== PRIMARYFIRST PlayMotion =====
OwnerEntityAddress: EBB66E10
OwnerEntity: PC_Hero
MotionType: 0
Stage: REQUEST_BEFORE_ORIGINAL
ElapsedMs: 147241.588
PrimarySnapshotAvailable: 1
PrimaryMotionName: 
PrimaryHasMotionInstance: 0
PrimaryMotionRunning: 0
PrimaryPlayTime: 0.000000
PrimaryMaxTime: 0.000000
PrimaryPlaySpeed: 0.000000
Stage: RESULT_AFTER_ORIGINAL
ElapsedMs: 147241.601
PrimarySnapshotAvailable: 1
PrimaryMotionName: Hero_Parade_1H_1H_P0_Ambient_Loop_N_Fwd_00_%_00_P0_0.xmot
PrimaryHasMotionInstance: 1
PrimaryMotionRunning: 1
PrimaryPlayTime: 0.000000
PrimaryMaxTime: 0.400000
PrimaryPlaySpeed: 1.000000
CleanupBehaviorChanged: 0
=====================================

===== PRIMARYFIRST StopMotion =====
OwnerEntityAddress: EBB66E10
OwnerEntity: PC_Hero
MotionType: 0
Stage: REQUEST_BEFORE_ORIGINAL
ElapsedMs: 149228.312
PrimarySnapshotAvailable: 1
PrimaryMotionName: 
PrimaryHasMotionInstance: 0
PrimaryMotionRunning: 0
PrimaryPlayTime: 0.000000
PrimaryMaxTime: 0.000000
PrimaryPlaySpeed: 0.000000
Stage: RESULT_AFTER_ORIGINAL
ElapsedMs: 149228.313
PrimarySnapshotAvailable: 1
PrimaryMotionName: 
PrimaryHasMotionInstance: 0
PrimaryMotionRunning: 0
PrimaryPlayTime: 0.000000
PrimaryMaxTime: 0.000000
PrimaryPlaySpeed: 0.000000
CleanupBehaviorChanged: 0
=====================================

===== PRIMARYFIRST PlayMotion =====
OwnerEntityAddress: EBB66E10
OwnerEntity: PC_Hero
MotionType: 0
Stage: REQUEST_BEFORE_ORIGINAL
ElapsedMs: 149228.363
PrimarySnapshotAvailable: 1
PrimaryMotionName: 
PrimaryHasMotionInstance: 0
PrimaryMotionRunning: 0
PrimaryPlayTime: 0.000000
PrimaryMaxTime: 0.000000
PrimaryPlaySpeed: 0.000000
Stage: RESULT_AFTER_ORIGINAL
ElapsedMs: 149228.375
PrimarySnapshotAvailable: 1
PrimaryMotionName: Hero_Stand_1H_1H_P0_QuickAttackL_Hit_N_Fwd_00_%_00_P0_100_L.xmot
PrimaryHasMotionInstance: 1
PrimaryMotionRunning: 1
PrimaryPlayTime: 0.000000
PrimaryMaxTime: 0.440000
PrimaryPlaySpeed: 1.000000
CleanupBehaviorChanged: 0
=====================================

===== MARKER OWNERSHIP DECISION =====
ElapsedMs: 149228.419
Actor: PC_Hero
CurrentMovementAni: Hero_Stand_1H_1H_P0_QuickAttackL_Hit_N_Fwd_00_%_00_P0_100_L.xmot
MatchingMotionFound: 1
FrameEffectCount: 1
ContainsReservedSourceMarker: 0
RequiredSourceMask: 0
AuthoredRIGHTMarkerCount: 0
FirstRIGHTMarkerFrame: -1
AuthoredLEFTMarkerCount: 0
FirstLEFTMarkerFrame: -1
AuthoredBOTHMarkerCount: 0
FirstBOTHMarkerFrame: -1
AuthoredOFFMarkerCount: 0
FirstOFFMarkerFrame: -1
RightHandSourceResolved: 1
RightHandSource: It_1H_Sword_Rust_01
RightHandSourceAddress: E70E8C10
RightHandSourceUseType: 2
RightHandSourceCollisionGroup: 5
LeftHandSourceResolved: 1
LeftHandSource: It_1H_Sword_Rust_01
LeftHandSourceAddress: E27B4610
LeftHandSourceUseType: 2
LeftHandSourceCollisionGroup: 5
Decision: LEGACY/NATIVE - call original timer callback
=====================================

===== ENGINE SetCollisionGroup =====
ElapsedMs: 149334.825
Entity: It_1H_Sword_Rust_01
ChangedEntityAddress: E70E8C10
PlayerSlotMatch: RIGHT
PlayerAction: 5
PlayerAniPhase: 1
PlayerPrimaryPose: 1
PlayerStateTime: 0.106977
PlayerStatePosition: 0
PlayerCurrentMovementAni: Hero_Stand_1H_1H_P0_QuickAttackL_Hit_N_Fwd_00_%_00_P0_100_L.xmot
PlayerLeftItem: It_1H_Sword_Rust_01
PlayerLeftItemAddress: E27B4610
PlayerLeftUseType: 2
PlayerLeftCollisionGroup: 5
PlayerRightItem: It_1H_Sword_Rust_01
PlayerRightItemAddress: E70E8C10
PlayerRightUseType: 2
PlayerRightCollisionGroup: 7
RequestedGroup: 7
BeforeGroup: 5
AfterGroup: 7
Item_EquippedValue: 5
Item_AttackValue: 7
RetiredMarkerExecutionCount: 0
====================================

===== PRIMARYFIRST PlayMotion =====
OwnerEntityAddress: EBB66E10
OwnerEntity: PC_Hero
MotionType: 0
Stage: REQUEST_BEFORE_ORIGINAL
ElapsedMs: 149674.378
PrimarySnapshotAvailable: 1
PrimaryMotionName: 
PrimaryHasMotionInstance: 0
PrimaryMotionRunning: 0
PrimaryPlayTime: 0.000000
PrimaryMaxTime: 0.000000
PrimaryPlaySpeed: 0.000000
Stage: RESULT_AFTER_ORIGINAL
ElapsedMs: 149674.392
PrimarySnapshotAvailable: 1
PrimaryMotionName: Hero_Stand_1H_1H_P0_Ambient_Loop_N_Fwd_00_%_00_P0_0.xmot
PrimaryHasMotionInstance: 1
PrimaryMotionRunning: 1
PrimaryPlayTime: 0.000000
PrimaryMaxTime: 0.400000
PrimaryPlaySpeed: 1.000000
CleanupBehaviorChanged: 0
=====================================

===== PRIMARYFIRST PlayMotion =====
OwnerEntityAddress: EBB66E10
OwnerEntity: PC_Hero
MotionType: 0
Stage: REQUEST_BEFORE_ORIGINAL
ElapsedMs: 152152.156
PrimarySnapshotAvailable: 1
PrimaryMotionName: 
PrimaryHasMotionInstance: 0
PrimaryMotionRunning: 0
PrimaryPlayTime: 0.000000
PrimaryMaxTime: 0.000000
PrimaryPlaySpeed: 0.000000
Stage: RESULT_AFTER_ORIGINAL
ElapsedMs: 152152.171
PrimarySnapshotAvailable: 1
PrimaryMotionName: Hero_Parade_1H_1H_P0_Ambient_Loop_N_Fwd_00_%_00_P0_0.xmot
PrimaryHasMotionInstance: 1
PrimaryMotionRunning: 1
PrimaryPlayTime: 0.000000
PrimaryMaxTime: 0.400000
PrimaryPlaySpeed: 1.000000
CleanupBehaviorChanged: 0
=====================================

===== PRIMARYFIRST StopMotion =====
OwnerEntityAddress: EBB66E10
OwnerEntity: PC_Hero
MotionType: 0
Stage: REQUEST_BEFORE_ORIGINAL
ElapsedMs: 154217.312
PrimarySnapshotAvailable: 1
PrimaryMotionName: 
PrimaryHasMotionInstance: 0
PrimaryMotionRunning: 0
PrimaryPlayTime: 0.000000
PrimaryMaxTime: 0.000000
PrimaryPlaySpeed: 0.000000
Stage: RESULT_AFTER_ORIGINAL
ElapsedMs: 154217.313
PrimarySnapshotAvailable: 1
PrimaryMotionName: 
PrimaryHasMotionInstance: 0
PrimaryMotionRunning: 0
PrimaryPlayTime: 0.000000
PrimaryMaxTime: 0.000000
PrimaryPlaySpeed: 0.000000
CleanupBehaviorChanged: 0
=====================================

===== PRIMARYFIRST PlayMotion =====
OwnerEntityAddress: EBB66E10
OwnerEntity: PC_Hero
MotionType: 0
Stage: REQUEST_BEFORE_ORIGINAL
ElapsedMs: 154217.364
PrimarySnapshotAvailable: 1
PrimaryMotionName: 
PrimaryHasMotionInstance: 0
PrimaryMotionRunning: 0
PrimaryPlayTime: 0.000000
PrimaryMaxTime: 0.000000
PrimaryPlaySpeed: 0.000000
Stage: RESULT_AFTER_ORIGINAL
ElapsedMs: 154217.377
PrimarySnapshotAvailable: 1
PrimaryMotionName: Hero_Stand_1H_1H_P0_QuickAttackR_Hit_N_Fwd_00_%_00_P0_100_R.xmot
PrimaryHasMotionInstance: 1
PrimaryMotionRunning: 1
PrimaryPlayTime: 0.000000
PrimaryMaxTime: 0.400000
PrimaryPlaySpeed: 1.000000
CleanupBehaviorChanged: 0
=====================================

===== MARKER OWNERSHIP DECISION =====
ElapsedMs: 154217.422
Actor: PC_Hero
CurrentMovementAni: Hero_Stand_1H_1H_P0_QuickAttackR_Hit_N_Fwd_00_%_00_P0_100_R.xmot
MatchingMotionFound: 1
FrameEffectCount: 1
ContainsReservedSourceMarker: 0
RequiredSourceMask: 0
AuthoredRIGHTMarkerCount: 0
FirstRIGHTMarkerFrame: -1
AuthoredLEFTMarkerCount: 0
FirstLEFTMarkerFrame: -1
AuthoredBOTHMarkerCount: 0
FirstBOTHMarkerFrame: -1
AuthoredOFFMarkerCount: 0
FirstOFFMarkerFrame: -1
RightHandSourceResolved: 1
RightHandSource: It_1H_Sword_Rust_01
RightHandSourceAddress: E70E8C10
RightHandSourceUseType: 2
RightHandSourceCollisionGroup: 7
LeftHandSourceResolved: 1
LeftHandSource: It_1H_Sword_Rust_01
LeftHandSourceAddress: E27B4610
LeftHandSourceUseType: 2
LeftHandSourceCollisionGroup: 5
Decision: LEGACY/NATIVE - call original timer callback
=====================================

===== ENGINE SetCollisionGroup =====
ElapsedMs: 154323.791
Entity: It_1H_Sword_Rust_01
ChangedEntityAddress: E70E8C10
PlayerSlotMatch: RIGHT
PlayerAction: 4
PlayerAniPhase: 1
PlayerPrimaryPose: 1
PlayerStateTime: 0.106998
PlayerStatePosition: 0
PlayerCurrentMovementAni: Hero_Stand_1H_1H_P0_QuickAttackR_Hit_N_Fwd_00_%_00_P0_100_R.xmot
PlayerLeftItem: It_1H_Sword_Rust_01
PlayerLeftItemAddress: E27B4610
PlayerLeftUseType: 2
PlayerLeftCollisionGroup: 5
PlayerRightItem: It_1H_Sword_Rust_01
PlayerRightItemAddress: E70E8C10
PlayerRightUseType: 2
PlayerRightCollisionGroup: 7
RequestedGroup: 7
BeforeGroup: 7
AfterGroup: 7
Item_EquippedValue: 5
Item_AttackValue: 7
RetiredMarkerExecutionCount: 0
====================================

===== PRIMARYFIRST PlayMotion =====
OwnerEntityAddress: EBB66E10
OwnerEntity: PC_Hero
MotionType: 0
Stage: REQUEST_BEFORE_ORIGINAL
ElapsedMs: 154618.721
PrimarySnapshotAvailable: 1
PrimaryMotionName: 
PrimaryHasMotionInstance: 0
PrimaryMotionRunning: 0
PrimaryPlayTime: 0.000000
PrimaryMaxTime: 0.000000
PrimaryPlaySpeed: 0.000000
Stage: RESULT_AFTER_ORIGINAL
ElapsedMs: 154618.737
PrimarySnapshotAvailable: 1
PrimaryMotionName: Hero_Stand_1H_1H_P0_Ambient_Loop_N_Fwd_00_%_00_P0_0.xmot
PrimaryHasMotionInstance: 1
PrimaryMotionRunning: 1
PrimaryPlayTime: 0.000000
PrimaryMaxTime: 0.400000
PrimaryPlaySpeed: 1.000000
CleanupBehaviorChanged: 0
=====================================

===== PRIMARYFIRST PlayMotion =====
OwnerEntityAddress: EBB66E10
OwnerEntity: PC_Hero
MotionType: 0
Stage: REQUEST_BEFORE_ORIGINAL
ElapsedMs: 155762.728
PrimarySnapshotAvailable: 1
PrimaryMotionName: 
PrimaryHasMotionInstance: 0
PrimaryMotionRunning: 0
PrimaryPlayTime: 0.000000
PrimaryMaxTime: 0.000000
PrimaryPlaySpeed: 0.000000
Stage: RESULT_AFTER_ORIGINAL
ElapsedMs: 155762.743
PrimarySnapshotAvailable: 1
PrimaryMotionName: Hero_Parade_1H_1H_P0_Ambient_Loop_N_Fwd_00_%_00_P0_0.xmot
PrimaryHasMotionInstance: 1
PrimaryMotionRunning: 1
PrimaryPlayTime: 0.000000
PrimaryMaxTime: 0.400000
PrimaryPlaySpeed: 1.000000
CleanupBehaviorChanged: 0
=====================================

===== PRIMARYFIRST StopMotion =====
OwnerEntityAddress: EBB66E10
OwnerEntity: PC_Hero
MotionType: 0
Stage: REQUEST_BEFORE_ORIGINAL
ElapsedMs: 158001.318
PrimarySnapshotAvailable: 1
PrimaryMotionName: 
PrimaryHasMotionInstance: 0
PrimaryMotionRunning: 0
PrimaryPlayTime: 0.000000
PrimaryMaxTime: 0.000000
PrimaryPlaySpeed: 0.000000
Stage: RESULT_AFTER_ORIGINAL
ElapsedMs: 158001.319
PrimarySnapshotAvailable: 1
PrimaryMotionName: 
PrimaryHasMotionInstance: 0
PrimaryMotionRunning: 0
PrimaryPlayTime: 0.000000
PrimaryMaxTime: 0.000000
PrimaryPlaySpeed: 0.000000
CleanupBehaviorChanged: 0
=====================================

===== PRIMARYFIRST PlayMotion =====
OwnerEntityAddress: EBB66E10
OwnerEntity: PC_Hero
MotionType: 0
Stage: REQUEST_BEFORE_ORIGINAL
ElapsedMs: 158001.367
PrimarySnapshotAvailable: 1
PrimaryMotionName: 
PrimaryHasMotionInstance: 0
PrimaryMotionRunning: 0
PrimaryPlayTime: 0.000000
PrimaryMaxTime: 0.000000
PrimaryPlaySpeed: 0.000000
Stage: RESULT_AFTER_ORIGINAL
ElapsedMs: 158001.381
PrimarySnapshotAvailable: 1
PrimaryMotionName: Hero_Stand_1H_1H_P0_QuickAttackL_Hit_N_Fwd_00_%_00_P0_100_L.xmot
PrimaryHasMotionInstance: 1
PrimaryMotionRunning: 1
PrimaryPlayTime: 0.000000
PrimaryMaxTime: 0.440000
PrimaryPlaySpeed: 1.000000
CleanupBehaviorChanged: 0
=====================================

===== MARKER OWNERSHIP DECISION =====
ElapsedMs: 158001.426
Actor: PC_Hero
CurrentMovementAni: Hero_Stand_1H_1H_P0_QuickAttackL_Hit_N_Fwd_00_%_00_P0_100_L.xmot
MatchingMotionFound: 1
FrameEffectCount: 1
ContainsReservedSourceMarker: 0
RequiredSourceMask: 0
AuthoredRIGHTMarkerCount: 0
FirstRIGHTMarkerFrame: -1
AuthoredLEFTMarkerCount: 0
FirstLEFTMarkerFrame: -1
AuthoredBOTHMarkerCount: 0
FirstBOTHMarkerFrame: -1
AuthoredOFFMarkerCount: 0
FirstOFFMarkerFrame: -1
RightHandSourceResolved: 1
RightHandSource: It_1H_Sword_Rust_01
RightHandSourceAddress: E70E8C10
RightHandSourceUseType: 2
RightHandSourceCollisionGroup: 7
LeftHandSourceResolved: 1
LeftHandSource: It_1H_Sword_Rust_01
LeftHandSourceAddress: E27B4610
LeftHandSourceUseType: 2
LeftHandSourceCollisionGroup: 5
Decision: LEGACY/NATIVE - call original timer callback
=====================================

===== ENGINE SetCollisionGroup =====
ElapsedMs: 158110.164
Entity: It_1H_Sword_Rust_01
ChangedEntityAddress: E70E8C10
PlayerSlotMatch: RIGHT
PlayerAction: 5
PlayerAniPhase: 1
PlayerPrimaryPose: 1
PlayerStateTime: 0.109962
PlayerStatePosition: 0
PlayerCurrentMovementAni: Hero_Stand_1H_1H_P0_QuickAttackL_Hit_N_Fwd_00_%_00_P0_100_L.xmot
PlayerLeftItem: It_1H_Sword_Rust_01
PlayerLeftItemAddress: E27B4610
PlayerLeftUseType: 2
PlayerLeftCollisionGroup: 5
PlayerRightItem: It_1H_Sword_Rust_01
PlayerRightItemAddress: E70E8C10
PlayerRightUseType: 2
PlayerRightCollisionGroup: 7
RequestedGroup: 7
BeforeGroup: 7
AfterGroup: 7
Item_EquippedValue: 5
Item_AttackValue: 7
RetiredMarkerExecutionCount: 0
====================================

===== PRIMARYFIRST PlayMotion =====
OwnerEntityAddress: EBB66E10
OwnerEntity: PC_Hero
MotionType: 0
Stage: REQUEST_BEFORE_ORIGINAL
ElapsedMs: 158454.152
PrimarySnapshotAvailable: 1
PrimaryMotionName: 
PrimaryHasMotionInstance: 0
PrimaryMotionRunning: 0
PrimaryPlayTime: 0.000000
PrimaryMaxTime: 0.000000
PrimaryPlaySpeed: 0.000000
Stage: RESULT_AFTER_ORIGINAL
ElapsedMs: 158454.168
PrimarySnapshotAvailable: 1
PrimaryMotionName: Hero_Stand_1H_1H_P0_Ambient_Loop_N_Fwd_00_%_00_P0_0.xmot
PrimaryHasMotionInstance: 1
PrimaryMotionRunning: 1
PrimaryPlayTime: 0.000000
PrimaryMaxTime: 0.400000
PrimaryPlaySpeed: 1.000000
CleanupBehaviorChanged: 0
=====================================

===== PRIMARYFIRST PlayMotion =====
OwnerEntityAddress: EBB66E10
OwnerEntity: PC_Hero
MotionType: 0
Stage: REQUEST_BEFORE_ORIGINAL
ElapsedMs: 159956.071
PrimarySnapshotAvailable: 1
PrimaryMotionName: 
PrimaryHasMotionInstance: 0
PrimaryMotionRunning: 0
PrimaryPlayTime: 0.000000
PrimaryMaxTime: 0.000000
PrimaryPlaySpeed: 0.000000
Stage: RESULT_AFTER_ORIGINAL
ElapsedMs: 159956.085
PrimarySnapshotAvailable: 1
PrimaryMotionName: Hero_Parade_1H_1H_P0_Ambient_Loop_N_Fwd_00_%_00_P0_0.xmot
PrimaryHasMotionInstance: 1
PrimaryMotionRunning: 1
PrimaryPlayTime: 0.000000
PrimaryMaxTime: 0.400000
PrimaryPlaySpeed: 1.000000
CleanupBehaviorChanged: 0
=====================================

===== PRIMARYFIRST StopMotion =====
OwnerEntityAddress: EBB66E10
OwnerEntity: PC_Hero
MotionType: 0
Stage: REQUEST_BEFORE_ORIGINAL
ElapsedMs: 161633.281
PrimarySnapshotAvailable: 1
PrimaryMotionName: 
PrimaryHasMotionInstance: 0
PrimaryMotionRunning: 0
PrimaryPlayTime: 0.000000
PrimaryMaxTime: 0.000000
PrimaryPlaySpeed: 0.000000
Stage: RESULT_AFTER_ORIGINAL
ElapsedMs: 161633.282
PrimarySnapshotAvailable: 1
PrimaryMotionName: 
PrimaryHasMotionInstance: 0
PrimaryMotionRunning: 0
PrimaryPlayTime: 0.000000
PrimaryMaxTime: 0.000000
PrimaryPlaySpeed: 0.000000
CleanupBehaviorChanged: 0
=====================================

===== PRIMARYFIRST PlayMotion =====
OwnerEntityAddress: EBB66E10
OwnerEntity: PC_Hero
MotionType: 0
Stage: REQUEST_BEFORE_ORIGINAL
ElapsedMs: 161633.326
PrimarySnapshotAvailable: 1
PrimaryMotionName: 
PrimaryHasMotionInstance: 0
PrimaryMotionRunning: 0
PrimaryPlayTime: 0.000000
PrimaryMaxTime: 0.000000
PrimaryPlaySpeed: 0.000000
Stage: RESULT_AFTER_ORIGINAL
ElapsedMs: 161633.341
PrimarySnapshotAvailable: 1
PrimaryMotionName: Hero_Parade_1H_1H_P0_PierceAttack_Raise_N_Fwd_00_%_00_P0_0_F.xmot
PrimaryHasMotionInstance: 1
PrimaryMotionRunning: 1
PrimaryPlayTime: 0.000000
PrimaryMaxTime: 0.560000
PrimaryPlaySpeed: 1.000000
CleanupBehaviorChanged: 0
=====================================

===== PRIMARYFIRST StopMotion =====
OwnerEntityAddress: EBB66E10
OwnerEntity: PC_Hero
MotionType: 0
Stage: REQUEST_BEFORE_ORIGINAL
ElapsedMs: 161643.516
PrimarySnapshotAvailable: 1
PrimaryMotionName: 
PrimaryHasMotionInstance: 0
PrimaryMotionRunning: 0
PrimaryPlayTime: 0.000000
PrimaryMaxTime: 0.000000
PrimaryPlaySpeed: 0.000000
Stage: RESULT_AFTER_ORIGINAL
ElapsedMs: 161643.516
PrimarySnapshotAvailable: 1
PrimaryMotionName: 
PrimaryHasMotionInstance: 0
PrimaryMotionRunning: 0
PrimaryPlayTime: 0.000000
PrimaryMaxTime: 0.000000
PrimaryPlaySpeed: 0.000000
CleanupBehaviorChanged: 0
=====================================

===== PRIMARYFIRST PlayMotion =====
OwnerEntityAddress: EBB66E10
OwnerEntity: PC_Hero
MotionType: 0
Stage: REQUEST_BEFORE_ORIGINAL
ElapsedMs: 161643.561
PrimarySnapshotAvailable: 1
PrimaryMotionName: 
PrimaryHasMotionInstance: 0
PrimaryMotionRunning: 0
PrimaryPlayTime: 0.000000
PrimaryMaxTime: 0.000000
PrimaryPlaySpeed: 0.000000
Stage: RESULT_AFTER_ORIGINAL
ElapsedMs: 161643.575
PrimarySnapshotAvailable: 1
PrimaryMotionName: Hero_Stand_1H_1H_P0_QuickAttackR_Hit_N_Fwd_00_%_00_P0_100_R.xmot
PrimaryHasMotionInstance: 1
PrimaryMotionRunning: 1
PrimaryPlayTime: 0.000000
PrimaryMaxTime: 0.400000
PrimaryPlaySpeed: 1.000000
CleanupBehaviorChanged: 0
=====================================

===== MARKER OWNERSHIP DECISION =====
ElapsedMs: 161643.617
Actor: PC_Hero
CurrentMovementAni: Hero_Stand_1H_1H_P0_QuickAttackR_Hit_N_Fwd_00_%_00_P0_100_R.xmot
MatchingMotionFound: 1
FrameEffectCount: 1
ContainsReservedSourceMarker: 0
RequiredSourceMask: 0
AuthoredRIGHTMarkerCount: 0
FirstRIGHTMarkerFrame: -1
AuthoredLEFTMarkerCount: 0
FirstLEFTMarkerFrame: -1
AuthoredBOTHMarkerCount: 0
FirstBOTHMarkerFrame: -1
AuthoredOFFMarkerCount: 0
FirstOFFMarkerFrame: -1
RightHandSourceResolved: 1
RightHandSource: It_1H_Sword_Rust_01
RightHandSourceAddress: E70E8C10
RightHandSourceUseType: 2
RightHandSourceCollisionGroup: 7
LeftHandSourceResolved: 1
LeftHandSource: It_1H_Sword_Rust_01
LeftHandSourceAddress: E27B4610
LeftHandSourceUseType: 2
LeftHandSourceCollisionGroup: 5
Decision: LEGACY/NATIVE - call original timer callback
=====================================

===== ENGINE SetCollisionGroup =====
ElapsedMs: 161745.248
Entity: It_1H_Sword_Rust_01
ChangedEntityAddress: E70E8C10
PlayerSlotMatch: RIGHT
PlayerAction: 4
PlayerAniPhase: 1
PlayerPrimaryPose: 1
PlayerStateTime: 0.104983
PlayerStatePosition: 0
PlayerCurrentMovementAni: Hero_Stand_1H_1H_P0_QuickAttackR_Hit_N_Fwd_00_%_00_P0_100_R.xmot
PlayerLeftItem: It_1H_Sword_Rust_01
PlayerLeftItemAddress: E27B4610
PlayerLeftUseType: 2
PlayerLeftCollisionGroup: 5
PlayerRightItem: It_1H_Sword_Rust_01
PlayerRightItemAddress: E70E8C10
PlayerRightUseType: 2
PlayerRightCollisionGroup: 7
RequestedGroup: 7
BeforeGroup: 7
AfterGroup: 7
Item_EquippedValue: 5
Item_AttackValue: 7
RetiredMarkerExecutionCount: 0
====================================

===== COMBATMOVE STARTRECOVER BEGIN =====
ActorAddress: EBB66E10
Actor: PC_Hero
CurrentAction: 4
CurrentAniPhase: 1
CurrentMovementAni: Hero_Stand_1H_1H_P0_QuickAttackR_Hit_N_Fwd_00_%_00_P0_100_R.xmot
Stage: BEGIN
ElapsedMs: 162056.635
PrimarySnapshotAvailable: 1
PrimaryMotionName: Hero_Stand_1H_1H_P0_QuickAttackR_Hit_N_Fwd_00_%_00_P0_100_R.xmot
PrimaryHasMotionInstance: 1
PrimaryMotionRunning: 1
PrimaryPlayTime: 0.399990
PrimaryMaxTime: 0.400000
PrimaryPlaySpeed: 0.000000
LeftHandSourceResolved: 1
LeftHandSource: It_1H_Sword_Rust_01
LeftHandSourceAddress: E27B4610
LeftHandSourceCollisionGroup: 5
RightHandSourceResolved: 1
RightHandSource: It_1H_Sword_Rust_01
RightHandSourceAddress: E70E8C10
RightHandSourceCollisionGroup: 7
CleanupBehaviorChanged: 0
=========================================

===== PRIMARYFIRST StopMotion =====
OwnerEntityAddress: EBB66E10
OwnerEntity: PC_Hero
MotionType: 0
Stage: REQUEST_BEFORE_ORIGINAL
ElapsedMs: 162056.701
PrimarySnapshotAvailable: 1
PrimaryMotionName: 
PrimaryHasMotionInstance: 0
PrimaryMotionRunning: 0
PrimaryPlayTime: 0.000000
PrimaryMaxTime: 0.000000
PrimaryPlaySpeed: 0.000000
Stage: RESULT_AFTER_ORIGINAL
ElapsedMs: 162056.701
PrimarySnapshotAvailable: 1
PrimaryMotionName: 
PrimaryHasMotionInstance: 0
PrimaryMotionRunning: 0
PrimaryPlayTime: 0.000000
PrimaryMaxTime: 0.000000
PrimaryPlaySpeed: 0.000000
CleanupBehaviorChanged: 0
=====================================

===== PRIMARYFIRST PlayMotion =====
OwnerEntityAddress: EBB66E10
OwnerEntity: PC_Hero
MotionType: 0
Stage: REQUEST_BEFORE_ORIGINAL
ElapsedMs: 162056.724
PrimarySnapshotAvailable: 1
PrimaryMotionName: 
PrimaryHasMotionInstance: 0
PrimaryMotionRunning: 0
PrimaryPlayTime: 0.000000
PrimaryMaxTime: 0.000000
PrimaryPlaySpeed: 0.000000
Stage: RESULT_AFTER_ORIGINAL
ElapsedMs: 162056.738
PrimarySnapshotAvailable: 1
PrimaryMotionName: Hero_Stand_1H_1H_P0_QuickAttackR_Recover_N_Fwd_00_%_00_P0_0_R.xmot
PrimaryHasMotionInstance: 1
PrimaryMotionRunning: 1
PrimaryPlayTime: 0.000000
PrimaryMaxTime: 0.480000
PrimaryPlaySpeed: 1.000000
CleanupBehaviorChanged: 0
=====================================

===== COMBATMOVE STARTRECOVER END =====
ActorAddress: EBB66E10
Actor: PC_Hero
CurrentAction: 4
CurrentAniPhase: 3
CurrentMovementAni: Hero_Stand_1H_1H_P0_QuickAttackR_Hit_N_Fwd_00_%_00_P0_100_R.xmot
Stage: END
ElapsedMs: 162056.760
PrimarySnapshotAvailable: 1
PrimaryMotionName: Hero_Stand_1H_1H_P0_QuickAttackR_Recover_N_Fwd_00_%_00_P0_0_R.xmot
PrimaryHasMotionInstance: 1
PrimaryMotionRunning: 1
PrimaryPlayTime: 0.000000
PrimaryMaxTime: 0.480000
PrimaryPlaySpeed: 1.000000
LeftHandSourceResolved: 1
LeftHandSource: It_1H_Sword_Rust_01
LeftHandSourceAddress: E27B4610
LeftHandSourceCollisionGroup: 5
RightHandSourceResolved: 1
RightHandSource: It_1H_Sword_Rust_01
RightHandSourceAddress: E70E8C10
RightHandSourceCollisionGroup: 7
CleanupBehaviorChanged: 0
=========================================

===== ENGINE SetCollisionGroup =====
ElapsedMs: 162056.816
Entity: It_1H_Sword_Rust_01
ChangedEntityAddress: E70E8C10
PlayerSlotMatch: RIGHT
PlayerAction: 4
PlayerAniPhase: 3
PlayerPrimaryPose: 1
PlayerStateTime: 0.407974
PlayerStatePosition: 1
PlayerCurrentMovementAni: Hero_Stand_1H_1H_P0_QuickAttackR_Hit_N_Fwd_00_%_00_P0_100_R.xmot
PlayerLeftItem: It_1H_Sword_Rust_01
PlayerLeftItemAddress: E27B4610
PlayerLeftUseType: 2
PlayerLeftCollisionGroup: 5
PlayerRightItem: It_1H_Sword_Rust_01
PlayerRightItemAddress: E70E8C10
PlayerRightUseType: 2
PlayerRightCollisionGroup: 5
RequestedGroup: 5
BeforeGroup: 7
AfterGroup: 5
Item_EquippedValue: 5
Item_AttackValue: 7
RetiredMarkerExecutionCount: 0
====================================

===== PRIMARYFIRST PlayMotion =====
OwnerEntityAddress: EBB66E10
OwnerEntity: PC_Hero
MotionType: 0
Stage: REQUEST_BEFORE_ORIGINAL
ElapsedMs: 162543.529
PrimarySnapshotAvailable: 1
PrimaryMotionName: 
PrimaryHasMotionInstance: 0
PrimaryMotionRunning: 0
PrimaryPlayTime: 0.000000
PrimaryMaxTime: 0.000000
PrimaryPlaySpeed: 0.000000
Stage: RESULT_AFTER_ORIGINAL
ElapsedMs: 162543.542
PrimarySnapshotAvailable: 1
PrimaryMotionName: Hero_Stand_1H_1H_P0_Ambient_Loop_N_Fwd_00_%_00_P0_0.xmot
PrimaryHasMotionInstance: 1
PrimaryMotionRunning: 1
PrimaryPlayTime: 0.000000
PrimaryMaxTime: 0.400000
PrimaryPlaySpeed: 1.000000
CleanupBehaviorChanged: 0
=====================================

===== PRIMARYFIRST StopMotion =====
OwnerEntityAddress: EBB66E10
OwnerEntity: PC_Hero
MotionType: 0
Stage: REQUEST_BEFORE_ORIGINAL
ElapsedMs: 164211.772
PrimarySnapshotAvailable: 1
PrimaryMotionName: 
PrimaryHasMotionInstance: 0
PrimaryMotionRunning: 0
PrimaryPlayTime: 0.000000
PrimaryMaxTime: 0.000000
PrimaryPlaySpeed: 0.000000
Stage: RESULT_AFTER_ORIGINAL
ElapsedMs: 164211.773
PrimarySnapshotAvailable: 1
PrimaryMotionName: 
PrimaryHasMotionInstance: 0
PrimaryMotionRunning: 0
PrimaryPlayTime: 0.000000
PrimaryMaxTime: 0.000000
PrimaryPlaySpeed: 0.000000
CleanupBehaviorChanged: 0
=====================================

===== PRIMARYFIRST PlayMotion =====
OwnerEntityAddress: EBB66E10
OwnerEntity: PC_Hero
MotionType: 0
Stage: REQUEST_BEFORE_ORIGINAL
ElapsedMs: 164211.812
PrimarySnapshotAvailable: 1
PrimaryMotionName: 
PrimaryHasMotionInstance: 0
PrimaryMotionRunning: 0
PrimaryPlayTime: 0.000000
PrimaryMaxTime: 0.000000
PrimaryPlaySpeed: 0.000000
Stage: RESULT_AFTER_ORIGINAL
ElapsedMs: 164211.825
PrimarySnapshotAvailable: 1
PrimaryMotionName: Hero_Stand_1H_1H_P0_Attack_Hit_N_Fwd_00_%_00_P1_118_R.xmot
PrimaryHasMotionInstance: 1
PrimaryMotionRunning: 1
PrimaryPlayTime: 0.000000
PrimaryMaxTime: 0.320000
PrimaryPlaySpeed: 0.600000
CleanupBehaviorChanged: 0
=====================================

===== MARKER OWNERSHIP DECISION =====
ElapsedMs: 164211.871
Actor: PC_Hero
CurrentMovementAni: Hero_Stand_1H_1H_P0_Attack_Hit_N_Fwd_00_%_00_P1_118_R.xmot
MatchingMotionFound: 1
FrameEffectCount: 1
ContainsReservedSourceMarker: 0
RequiredSourceMask: 0
AuthoredRIGHTMarkerCount: 0
FirstRIGHTMarkerFrame: -1
AuthoredLEFTMarkerCount: 0
FirstLEFTMarkerFrame: -1
AuthoredBOTHMarkerCount: 0
FirstBOTHMarkerFrame: -1
AuthoredOFFMarkerCount: 0
FirstOFFMarkerFrame: -1
RightHandSourceResolved: 1
RightHandSource: It_1H_Sword_Rust_01
RightHandSourceAddress: E70E8C10
RightHandSourceUseType: 2
RightHandSourceCollisionGroup: 5
LeftHandSourceResolved: 1
LeftHandSource: It_1H_Sword_Rust_01
LeftHandSourceAddress: E27B4610
LeftHandSourceUseType: 2
LeftHandSourceCollisionGroup: 5
Decision: LEGACY/NATIVE - call original timer callback
=====================================

===== ENGINE SetCollisionGroup =====
ElapsedMs: 164465.642
Entity: It_1H_Sword_Rust_01
ChangedEntityAddress: E27B4610
PlayerSlotMatch: LEFT
PlayerAction: 1
PlayerAniPhase: 1
PlayerPrimaryPose: 1
PlayerStateTime: 0.256268
PlayerStatePosition: 0
PlayerCurrentMovementAni: Hero_Stand_1H_1H_P0_Attack_Hit_N_Fwd_00_%_00_P1_118_R.xmot
PlayerLeftItem: It_1H_Sword_Rust_01
PlayerLeftItemAddress: E27B4610
PlayerLeftUseType: 2
PlayerLeftCollisionGroup: 7
PlayerRightItem: It_1H_Sword_Rust_01
PlayerRightItemAddress: E70E8C10
PlayerRightUseType: 2
PlayerRightCollisionGroup: 5
RequestedGroup: 7
BeforeGroup: 5
AfterGroup: 7
Item_EquippedValue: 5
Item_AttackValue: 7
RetiredMarkerExecutionCount: 0
====================================

===== COMBATMOVE STARTRECOVER BEGIN =====
ActorAddress: EBB66E10
Actor: PC_Hero
CurrentAction: 1
CurrentAniPhase: 1
CurrentMovementAni: Hero_Stand_1H_1H_P0_Attack_Hit_N_Fwd_00_%_00_P1_118_R.xmot
Stage: BEGIN
ElapsedMs: 164747.908
PrimarySnapshotAvailable: 1
PrimaryMotionName: Hero_Stand_1H_1H_P0_Attack_Hit_N_Fwd_00_%_00_P1_118_R.xmot
PrimaryHasMotionInstance: 1
PrimaryMotionRunning: 1
PrimaryPlayTime: 0.319990
PrimaryMaxTime: 0.320000
PrimaryPlaySpeed: 0.000000
LeftHandSourceResolved: 1
LeftHandSource: It_1H_Sword_Rust_01
LeftHandSourceAddress: E27B4610
LeftHandSourceCollisionGroup: 7
RightHandSourceResolved: 1
RightHandSource: It_1H_Sword_Rust_01
RightHandSourceAddress: E70E8C10
RightHandSourceCollisionGroup: 5
CleanupBehaviorChanged: 0
=========================================

===== PRIMARYFIRST StopMotion =====
OwnerEntityAddress: EBB66E10
OwnerEntity: PC_Hero
MotionType: 0
Stage: REQUEST_BEFORE_ORIGINAL
ElapsedMs: 164751.357
PrimarySnapshotAvailable: 1
PrimaryMotionName: 
PrimaryHasMotionInstance: 0
PrimaryMotionRunning: 0
PrimaryPlayTime: 0.000000
PrimaryMaxTime: 0.000000
PrimaryPlaySpeed: 0.000000
Stage: RESULT_AFTER_ORIGINAL
ElapsedMs: 164751.358
PrimarySnapshotAvailable: 1
PrimaryMotionName: 
PrimaryHasMotionInstance: 0
PrimaryMotionRunning: 0
PrimaryPlayTime: 0.000000
PrimaryMaxTime: 0.000000
PrimaryPlaySpeed: 0.000000
CleanupBehaviorChanged: 0
=====================================

===== PRIMARYFIRST PlayMotion =====
OwnerEntityAddress: EBB66E10
OwnerEntity: PC_Hero
MotionType: 0
Stage: REQUEST_BEFORE_ORIGINAL
ElapsedMs: 164751.389
PrimarySnapshotAvailable: 1
PrimaryMotionName: 
PrimaryHasMotionInstance: 0
PrimaryMotionRunning: 0
PrimaryPlayTime: 0.000000
PrimaryMaxTime: 0.000000
PrimaryPlaySpeed: 0.000000
Stage: RESULT_AFTER_ORIGINAL
ElapsedMs: 164751.401
PrimarySnapshotAvailable: 1
PrimaryMotionName: Hero_Stand_1H_1H_P1_Attack_Recover_N_Fwd_00_%_00_P1_0_R.xmot
PrimaryHasMotionInstance: 1
PrimaryMotionRunning: 1
PrimaryPlayTime: 0.000000
PrimaryMaxTime: 0.640000
PrimaryPlaySpeed: 0.600000
CleanupBehaviorChanged: 0
=====================================

===== COMBATMOVE STARTRECOVER END =====
ActorAddress: EBB66E10
Actor: PC_Hero
CurrentAction: 1
CurrentAniPhase: 3
CurrentMovementAni: Hero_Stand_1H_1H_P0_Attack_Hit_N_Fwd_00_%_00_P1_118_R.xmot
Stage: END
ElapsedMs: 164751.424
PrimarySnapshotAvailable: 1
PrimaryMotionName: Hero_Stand_1H_1H_P1_Attack_Recover_N_Fwd_00_%_00_P1_0_R.xmot
PrimaryHasMotionInstance: 1
PrimaryMotionRunning: 1
PrimaryPlayTime: 0.000000
PrimaryMaxTime: 0.640000
PrimaryPlaySpeed: 0.600000
LeftHandSourceResolved: 1
LeftHandSource: It_1H_Sword_Rust_01
LeftHandSourceAddress: E27B4610
LeftHandSourceCollisionGroup: 7
RightHandSourceResolved: 1
RightHandSource: It_1H_Sword_Rust_01
RightHandSourceAddress: E70E8C10
RightHandSourceCollisionGroup: 5
CleanupBehaviorChanged: 0
=========================================

===== ENGINE SetCollisionGroup =====
ElapsedMs: 164751.486
Entity: It_1H_Sword_Rust_01
ChangedEntityAddress: E27B4610
PlayerSlotMatch: LEFT
PlayerAction: 1
PlayerAniPhase: 3
PlayerPrimaryPose: 2
PlayerStateTime: 0.538255
PlayerStatePosition: 1
PlayerCurrentMovementAni: Hero_Stand_1H_1H_P0_Attack_Hit_N_Fwd_00_%_00_P1_118_R.xmot
PlayerLeftItem: It_1H_Sword_Rust_01
PlayerLeftItemAddress: E27B4610
PlayerLeftUseType: 2
PlayerLeftCollisionGroup: 5
PlayerRightItem: It_1H_Sword_Rust_01
PlayerRightItemAddress: E70E8C10
PlayerRightUseType: 2
PlayerRightCollisionGroup: 5
RequestedGroup: 5
BeforeGroup: 7
AfterGroup: 5
Item_EquippedValue: 5
Item_AttackValue: 7
RetiredMarkerExecutionCount: 0
====================================

===== PRIMARYFIRST PlayMotion =====
OwnerEntityAddress: EBB66E10
OwnerEntity: PC_Hero
MotionType: 0
Stage: REQUEST_BEFORE_ORIGINAL
ElapsedMs: 165827.854
PrimarySnapshotAvailable: 1
PrimaryMotionName: 
PrimaryHasMotionInstance: 0
PrimaryMotionRunning: 0
PrimaryPlayTime: 0.000000
PrimaryMaxTime: 0.000000
PrimaryPlaySpeed: 0.000000
Stage: RESULT_AFTER_ORIGINAL
ElapsedMs: 165829.490
PrimarySnapshotAvailable: 1
PrimaryMotionName: Hero_Stand_1H_1H_P1_Ambient_Loop_N_Fwd_00_%_00_P1_0.xmot
PrimaryHasMotionInstance: 1
PrimaryMotionRunning: 1
PrimaryPlayTime: 0.000000
PrimaryMaxTime: 0.400000
PrimaryPlaySpeed: 1.000000
CleanupBehaviorChanged: 0
=====================================

===== PRIMARYFIRST PlayMotion =====
OwnerEntityAddress: EBB66E10
OwnerEntity: PC_Hero
MotionType: 0
Stage: REQUEST_BEFORE_ORIGINAL
ElapsedMs: 167551.708
PrimarySnapshotAvailable: 1
PrimaryMotionName: 
PrimaryHasMotionInstance: 0
PrimaryMotionRunning: 0
PrimaryPlayTime: 0.000000
PrimaryMaxTime: 0.000000
PrimaryPlaySpeed: 0.000000
Stage: RESULT_AFTER_ORIGINAL
ElapsedMs: 167555.048
PrimarySnapshotAvailable: 1
PrimaryMotionName: Hero_Parade_1H_1H_P1_Ambient_Loop_N_Fwd_00_%_00_P1_0.xmot
PrimaryHasMotionInstance: 1
PrimaryMotionRunning: 1
PrimaryPlayTime: 0.000000
PrimaryMaxTime: 0.400000
PrimaryPlaySpeed: 1.000000
CleanupBehaviorChanged: 0
=====================================

===== PRIMARYFIRST StopMotion =====
OwnerEntityAddress: EBB66E10
OwnerEntity: PC_Hero
MotionType: 0
Stage: REQUEST_BEFORE_ORIGINAL
ElapsedMs: 169427.373
PrimarySnapshotAvailable: 1
PrimaryMotionName: 
PrimaryHasMotionInstance: 0
PrimaryMotionRunning: 0
PrimaryPlayTime: 0.000000
PrimaryMaxTime: 0.000000
PrimaryPlaySpeed: 0.000000
Stage: RESULT_AFTER_ORIGINAL
ElapsedMs: 169427.373
PrimarySnapshotAvailable: 1
PrimaryMotionName: 
PrimaryHasMotionInstance: 0
PrimaryMotionRunning: 0
PrimaryPlayTime: 0.000000
PrimaryMaxTime: 0.000000
PrimaryPlaySpeed: 0.000000
CleanupBehaviorChanged: 0
=====================================

===== PRIMARYFIRST PlayMotion =====
OwnerEntityAddress: EBB66E10
OwnerEntity: PC_Hero
MotionType: 0
Stage: REQUEST_BEFORE_ORIGINAL
ElapsedMs: 169427.411
PrimarySnapshotAvailable: 1
PrimaryMotionName: 
PrimaryHasMotionInstance: 0
PrimaryMotionRunning: 0
PrimaryPlayTime: 0.000000
PrimaryMaxTime: 0.000000
PrimaryPlaySpeed: 0.000000
Stage: RESULT_AFTER_ORIGINAL
ElapsedMs: 169427.424
PrimarySnapshotAvailable: 1
PrimaryMotionName: Hero_Parade_1H_1H_P1_PierceAttack_Raise_N_Fwd_00_%_00_P1_0_F.xmot
PrimaryHasMotionInstance: 1
PrimaryMotionRunning: 1
PrimaryPlayTime: 0.000000
PrimaryMaxTime: 0.560000
PrimaryPlaySpeed: 1.000000
CleanupBehaviorChanged: 0
=====================================

===== PRIMARYFIRST StopMotion =====
OwnerEntityAddress: EBB66E10
OwnerEntity: PC_Hero
MotionType: 0
Stage: REQUEST_BEFORE_ORIGINAL
ElapsedMs: 169437.397
PrimarySnapshotAvailable: 1
PrimaryMotionName: 
PrimaryHasMotionInstance: 0
PrimaryMotionRunning: 0
PrimaryPlayTime: 0.000000
PrimaryMaxTime: 0.000000
PrimaryPlaySpeed: 0.000000
Stage: RESULT_AFTER_ORIGINAL
ElapsedMs: 169437.398
PrimarySnapshotAvailable: 1
PrimaryMotionName: 
PrimaryHasMotionInstance: 0
PrimaryMotionRunning: 0
PrimaryPlayTime: 0.000000
PrimaryMaxTime: 0.000000
PrimaryPlaySpeed: 0.000000
CleanupBehaviorChanged: 0
=====================================

===== PRIMARYFIRST PlayMotion =====
OwnerEntityAddress: EBB66E10
OwnerEntity: PC_Hero
MotionType: 0
Stage: REQUEST_BEFORE_ORIGINAL
ElapsedMs: 169437.436
PrimarySnapshotAvailable: 1
PrimaryMotionName: 
PrimaryHasMotionInstance: 0
PrimaryMotionRunning: 0
PrimaryPlayTime: 0.000000
PrimaryMaxTime: 0.000000
PrimaryPlaySpeed: 0.000000
Stage: RESULT_AFTER_ORIGINAL
ElapsedMs: 169437.450
PrimarySnapshotAvailable: 1
PrimaryMotionName: Hero_Stand_1H_1H_P1_QuickAttackL_Hit_N_Fwd_00_%_00_P1_100_L.xmot
PrimaryHasMotionInstance: 1
PrimaryMotionRunning: 1
PrimaryPlayTime: 0.000000
PrimaryMaxTime: 0.440000
PrimaryPlaySpeed: 1.000000
CleanupBehaviorChanged: 0
=====================================

===== MARKER OWNERSHIP DECISION =====
ElapsedMs: 169437.494
Actor: PC_Hero
CurrentMovementAni: Hero_Stand_1H_1H_P1_QuickAttackL_Hit_N_Fwd_00_%_00_P1_100_L.xmot
MatchingMotionFound: 1
FrameEffectCount: 1
ContainsReservedSourceMarker: 0
RequiredSourceMask: 0
AuthoredRIGHTMarkerCount: 0
FirstRIGHTMarkerFrame: -1
AuthoredLEFTMarkerCount: 0
FirstLEFTMarkerFrame: -1
AuthoredBOTHMarkerCount: 0
FirstBOTHMarkerFrame: -1
AuthoredOFFMarkerCount: 0
FirstOFFMarkerFrame: -1
RightHandSourceResolved: 1
RightHandSource: It_1H_Sword_Rust_01
RightHandSourceAddress: E70E8C10
RightHandSourceUseType: 2
RightHandSourceCollisionGroup: 5
LeftHandSourceResolved: 1
LeftHandSource: It_1H_Sword_Rust_01
LeftHandSourceAddress: E27B4610
LeftHandSourceUseType: 2
LeftHandSourceCollisionGroup: 5
Decision: LEGACY/NATIVE - call original timer callback
=====================================

===== ENGINE SetCollisionGroup =====
ElapsedMs: 169540.810
Entity: It_1H_Sword_Rust_01
ChangedEntityAddress: E27B4610
PlayerSlotMatch: LEFT
PlayerAction: 5
PlayerAniPhase: 1
PlayerPrimaryPose: 2
PlayerStateTime: 0.107982
PlayerStatePosition: 0
PlayerCurrentMovementAni: Hero_Stand_1H_1H_P1_QuickAttackL_Hit_N_Fwd_00_%_00_P1_100_L.xmot
PlayerLeftItem: It_1H_Sword_Rust_01
PlayerLeftItemAddress: E27B4610
PlayerLeftUseType: 2
PlayerLeftCollisionGroup: 7
PlayerRightItem: It_1H_Sword_Rust_01
PlayerRightItemAddress: E70E8C10
PlayerRightUseType: 2
PlayerRightCollisionGroup: 5
RequestedGroup: 7
BeforeGroup: 5
AfterGroup: 7
Item_EquippedValue: 5
Item_AttackValue: 7
RetiredMarkerExecutionCount: 0
====================================

===== COMBATMOVE STARTRECOVER BEGIN =====
ActorAddress: EBB66E10
Actor: PC_Hero
CurrentAction: 5
CurrentAniPhase: 1
CurrentMovementAni: Hero_Stand_1H_1H_P1_QuickAttackL_Hit_N_Fwd_00_%_00_P1_100_L.xmot
Stage: BEGIN
ElapsedMs: 169882.179
PrimarySnapshotAvailable: 1
PrimaryMotionName: Hero_Stand_1H_1H_P1_QuickAttackL_Hit_N_Fwd_00_%_00_P1_100_L.xmot
PrimaryHasMotionInstance: 1
PrimaryMotionRunning: 1
PrimaryPlayTime: 0.439990
PrimaryMaxTime: 0.440000
PrimaryPlaySpeed: 0.000000
LeftHandSourceResolved: 1
LeftHandSource: It_1H_Sword_Rust_01
LeftHandSourceAddress: E27B4610
LeftHandSourceCollisionGroup: 7
RightHandSourceResolved: 1
RightHandSource: It_1H_Sword_Rust_01
RightHandSourceAddress: E70E8C10
RightHandSourceCollisionGroup: 5
CleanupBehaviorChanged: 0
=========================================

===== PRIMARYFIRST StopMotion =====
OwnerEntityAddress: EBB66E10
OwnerEntity: PC_Hero
MotionType: 0
Stage: REQUEST_BEFORE_ORIGINAL
ElapsedMs: 169883.883
PrimarySnapshotAvailable: 1
PrimaryMotionName: 
PrimaryHasMotionInstance: 0
PrimaryMotionRunning: 0
PrimaryPlayTime: 0.000000
PrimaryMaxTime: 0.000000
PrimaryPlaySpeed: 0.000000
Stage: RESULT_AFTER_ORIGINAL
ElapsedMs: 169883.883
PrimarySnapshotAvailable: 1
PrimaryMotionName: 
PrimaryHasMotionInstance: 0
PrimaryMotionRunning: 0
PrimaryPlayTime: 0.000000
PrimaryMaxTime: 0.000000
PrimaryPlaySpeed: 0.000000
CleanupBehaviorChanged: 0
=====================================

===== PRIMARYFIRST PlayMotion =====
OwnerEntityAddress: EBB66E10
OwnerEntity: PC_Hero
MotionType: 0
Stage: REQUEST_BEFORE_ORIGINAL
ElapsedMs: 169883.914
PrimarySnapshotAvailable: 1
PrimaryMotionName: 
PrimaryHasMotionInstance: 0
PrimaryMotionRunning: 0
PrimaryPlayTime: 0.000000
PrimaryMaxTime: 0.000000
PrimaryPlaySpeed: 0.000000
Stage: RESULT_AFTER_ORIGINAL
ElapsedMs: 169883.926
PrimarySnapshotAvailable: 1
PrimaryMotionName: Hero_Stand_1H_1H_P1_QuickAttackL_Recover_N_Fwd_00_%_00_P1_0_L.xmot
PrimaryHasMotionInstance: 1
PrimaryMotionRunning: 1
PrimaryPlayTime: 0.000000
PrimaryMaxTime: 0.400000
PrimaryPlaySpeed: 1.000000
CleanupBehaviorChanged: 0
=====================================

===== COMBATMOVE STARTRECOVER END =====
ActorAddress: EBB66E10
Actor: PC_Hero
CurrentAction: 5
CurrentAniPhase: 3
CurrentMovementAni: Hero_Stand_1H_1H_P1_QuickAttackL_Hit_N_Fwd_00_%_00_P1_100_L.xmot
Stage: END
ElapsedMs: 169883.949
PrimarySnapshotAvailable: 1
PrimaryMotionName: Hero_Stand_1H_1H_P1_QuickAttackL_Recover_N_Fwd_00_%_00_P1_0_L.xmot
PrimaryHasMotionInstance: 1
PrimaryMotionRunning: 1
PrimaryPlayTime: 0.000000
PrimaryMaxTime: 0.400000
PrimaryPlaySpeed: 1.000000
LeftHandSourceResolved: 1
LeftHandSource: It_1H_Sword_Rust_01
LeftHandSourceAddress: E27B4610
LeftHandSourceCollisionGroup: 7
RightHandSourceResolved: 1
RightHandSource: It_1H_Sword_Rust_01
RightHandSourceAddress: E70E8C10
RightHandSourceCollisionGroup: 5
CleanupBehaviorChanged: 0
=========================================

===== ENGINE SetCollisionGroup =====
ElapsedMs: 169884.013
Entity: It_1H_Sword_Rust_01
ChangedEntityAddress: E27B4610
PlayerSlotMatch: LEFT
PlayerAction: 5
PlayerAniPhase: 3
PlayerPrimaryPose: 2
PlayerStateTime: 0.447967
PlayerStatePosition: 1
PlayerCurrentMovementAni: Hero_Stand_1H_1H_P1_QuickAttackL_Hit_N_Fwd_00_%_00_P1_100_L.xmot
PlayerLeftItem: It_1H_Sword_Rust_01
PlayerLeftItemAddress: E27B4610
PlayerLeftUseType: 2
PlayerLeftCollisionGroup: 5
PlayerRightItem: It_1H_Sword_Rust_01
PlayerRightItemAddress: E70E8C10
PlayerRightUseType: 2
PlayerRightCollisionGroup: 5
RequestedGroup: 5
BeforeGroup: 7
AfterGroup: 5
Item_EquippedValue: 5
Item_AttackValue: 7
RetiredMarkerExecutionCount: 0
====================================

===== PRIMARYFIRST PlayMotion =====
OwnerEntityAddress: EBB66E10
OwnerEntity: PC_Hero
MotionType: 0
Stage: REQUEST_BEFORE_ORIGINAL
ElapsedMs: 170301.519
PrimarySnapshotAvailable: 1
PrimaryMotionName: 
PrimaryHasMotionInstance: 0
PrimaryMotionRunning: 0
PrimaryPlayTime: 0.000000
PrimaryMaxTime: 0.000000
PrimaryPlaySpeed: 0.000000
Stage: RESULT_AFTER_ORIGINAL
ElapsedMs: 170301.531
PrimarySnapshotAvailable: 1
PrimaryMotionName: Hero_Stand_1H_1H_P1_Ambient_Loop_N_Fwd_00_%_00_P1_0.xmot
PrimaryHasMotionInstance: 1
PrimaryMotionRunning: 1
PrimaryPlayTime: 0.000000
PrimaryMaxTime: 0.400000
PrimaryPlaySpeed: 1.000000
CleanupBehaviorChanged: 0
=====================================

===== PRIMARYFIRST PlayMotion =====
OwnerEntityAddress: EBB66E10
OwnerEntity: PC_Hero
MotionType: 0
Stage: REQUEST_BEFORE_ORIGINAL
ElapsedMs: 171258.293
PrimarySnapshotAvailable: 1
PrimaryMotionName: 
PrimaryHasMotionInstance: 0
PrimaryMotionRunning: 0
PrimaryPlayTime: 0.000000
PrimaryMaxTime: 0.000000
PrimaryPlaySpeed: 0.000000
Stage: RESULT_AFTER_ORIGINAL
ElapsedMs: 171258.304
PrimarySnapshotAvailable: 1
PrimaryMotionName: Hero_Parade_1H_1H_P1_Ambient_Loop_N_Fwd_00_%_00_P1_0.xmot
PrimaryHasMotionInstance: 1
PrimaryMotionRunning: 1
PrimaryPlayTime: 0.000000
PrimaryMaxTime: 0.400000
PrimaryPlaySpeed: 1.000000
CleanupBehaviorChanged: 0
=====================================

===== PRIMARYFIRST PlayMotion =====
OwnerEntityAddress: EBB66E10
OwnerEntity: PC_Hero
MotionType: 0
Stage: REQUEST_BEFORE_ORIGINAL
ElapsedMs: 171933.921
PrimarySnapshotAvailable: 1
PrimaryMotionName: 
PrimaryHasMotionInstance: 0
PrimaryMotionRunning: 0
PrimaryPlayTime: 0.000000
PrimaryMaxTime: 0.000000
PrimaryPlaySpeed: 0.000000
Stage: RESULT_AFTER_ORIGINAL
ElapsedMs: 171933.934
PrimarySnapshotAvailable: 1
PrimaryMotionName: Hero_Stand_1H_1H_P1_Ambient_Loop_N_Fwd_00_%_00_P1_0.xmot
PrimaryHasMotionInstance: 1
PrimaryMotionRunning: 1
PrimaryPlayTime: 0.000000
PrimaryMaxTime: 0.400000
PrimaryPlaySpeed: 1.000000
CleanupBehaviorChanged: 0
=====================================

===== PRIMARYFIRST PlayMotion =====
OwnerEntityAddress: EBB66E10
OwnerEntity: PC_Hero
MotionType: 0
Stage: REQUEST_BEFORE_ORIGINAL
ElapsedMs: 172211.779
PrimarySnapshotAvailable: 1
PrimaryMotionName: 
PrimaryHasMotionInstance: 0
PrimaryMotionRunning: 0
PrimaryPlayTime: 0.000000
PrimaryMaxTime: 0.000000
PrimaryPlaySpeed: 0.000000
Stage: RESULT_AFTER_ORIGINAL
ElapsedMs: 172211.792
PrimarySnapshotAvailable: 1
PrimaryMotionName: Hero_Parade_1H_1H_P1_Ambient_Loop_N_Fwd_00_%_00_P1_0.xmot
PrimaryHasMotionInstance: 1
PrimaryMotionRunning: 1
PrimaryPlayTime: 0.000000
PrimaryMaxTime: 0.400000
PrimaryPlaySpeed: 1.000000
CleanupBehaviorChanged: 0
=====================================

===== PRIMARYFIRST PlayMotion =====
OwnerEntityAddress: EBB66E10
OwnerEntity: PC_Hero
MotionType: 0
Stage: REQUEST_BEFORE_ORIGINAL
ElapsedMs: 172263.584
PrimarySnapshotAvailable: 1
PrimaryMotionName: 
PrimaryHasMotionInstance: 0
PrimaryMotionRunning: 0
PrimaryPlayTime: 0.000000
PrimaryMaxTime: 0.000000
PrimaryPlaySpeed: 0.000000
Stage: RESULT_AFTER_ORIGINAL
ElapsedMs: 172263.597
PrimarySnapshotAvailable: 1
PrimaryMotionName: Hero_Stand_1H_1H_P1_Ambient_Loop_N_Fwd_00_%_00_P1_0.xmot
PrimaryHasMotionInstance: 1
PrimaryMotionRunning: 1
PrimaryPlayTime: 0.000000
PrimaryMaxTime: 0.400000
PrimaryPlaySpeed: 1.000000
CleanupBehaviorChanged: 0
=====================================

===== PRIMARYFIRST StopMotion =====
OwnerEntityAddress: EBB66E10
OwnerEntity: PC_Hero
MotionType: 0
Stage: REQUEST_BEFORE_ORIGINAL
ElapsedMs: 172264.235
PrimarySnapshotAvailable: 1
PrimaryMotionName: 
PrimaryHasMotionInstance: 0
PrimaryMotionRunning: 0
PrimaryPlayTime: 0.000000
PrimaryMaxTime: 0.000000
PrimaryPlaySpeed: 0.000000
Stage: RESULT_AFTER_ORIGINAL
ElapsedMs: 172264.236
PrimarySnapshotAvailable: 1
PrimaryMotionName: 
PrimaryHasMotionInstance: 0
PrimaryMotionRunning: 0
PrimaryPlayTime: 0.000000
PrimaryMaxTime: 0.000000
PrimaryPlaySpeed: 0.000000
CleanupBehaviorChanged: 0
=====================================

===== PRIMARYFIRST PlayMotion =====
OwnerEntityAddress: EBB66E10
OwnerEntity: PC_Hero
MotionType: 0
Stage: REQUEST_BEFORE_ORIGINAL
ElapsedMs: 172264.293
PrimarySnapshotAvailable: 1
PrimaryMotionName: 
PrimaryHasMotionInstance: 0
PrimaryMotionRunning: 0
PrimaryPlayTime: 0.000000
PrimaryMaxTime: 0.000000
PrimaryPlaySpeed: 0.000000
Stage: RESULT_AFTER_ORIGINAL
ElapsedMs: 172264.303
PrimarySnapshotAvailable: 1
PrimaryMotionName: Hero_Stand_1H_1H_P1_QuickAttackR_Hit_N_Fwd_00_%_00_P1_100_R.xmot
PrimaryHasMotionInstance: 1
PrimaryMotionRunning: 1
PrimaryPlayTime: 0.000000
PrimaryMaxTime: 0.440000
PrimaryPlaySpeed: 1.000000
CleanupBehaviorChanged: 0
=====================================

===== MARKER OWNERSHIP DECISION =====
ElapsedMs: 172264.359
Actor: PC_Hero
CurrentMovementAni: Hero_Stand_1H_1H_P1_QuickAttackR_Hit_N_Fwd_00_%_00_P1_100_R.xmot
MatchingMotionFound: 1
FrameEffectCount: 1
ContainsReservedSourceMarker: 0
RequiredSourceMask: 0
AuthoredRIGHTMarkerCount: 0
FirstRIGHTMarkerFrame: -1
AuthoredLEFTMarkerCount: 0
FirstLEFTMarkerFrame: -1
AuthoredBOTHMarkerCount: 0
FirstBOTHMarkerFrame: -1
AuthoredOFFMarkerCount: 0
FirstOFFMarkerFrame: -1
RightHandSourceResolved: 1
RightHandSource: It_1H_Sword_Rust_01
RightHandSourceAddress: E70E8C10
RightHandSourceUseType: 2
RightHandSourceCollisionGroup: 5
LeftHandSourceResolved: 1
LeftHandSource: It_1H_Sword_Rust_01
LeftHandSourceAddress: E27B4610
LeftHandSourceUseType: 2
LeftHandSourceCollisionGroup: 5
Decision: LEGACY/NATIVE - call original timer callback
=====================================

===== ENGINE SetCollisionGroup =====
ElapsedMs: 172368.079
Entity: It_1H_Sword_Rust_01
ChangedEntityAddress: E27B4610
PlayerSlotMatch: LEFT
PlayerAction: 4
PlayerAniPhase: 1
PlayerPrimaryPose: 2
PlayerStateTime: 0.103995
PlayerStatePosition: 0
PlayerCurrentMovementAni: Hero_Stand_1H_1H_P1_QuickAttackR_Hit_N_Fwd_00_%_00_P1_100_R.xmot
PlayerLeftItem: It_1H_Sword_Rust_01
PlayerLeftItemAddress: E27B4610
PlayerLeftUseType: 2
PlayerLeftCollisionGroup: 7
PlayerRightItem: It_1H_Sword_Rust_01
PlayerRightItemAddress: E70E8C10
PlayerRightUseType: 2
PlayerRightCollisionGroup: 5
RequestedGroup: 7
BeforeGroup: 5
AfterGroup: 7
Item_EquippedValue: 5
Item_AttackValue: 7
RetiredMarkerExecutionCount: 0
====================================

===== COMBATMOVE STARTRECOVER BEGIN =====
ActorAddress: EBB66E10
Actor: PC_Hero
CurrentAction: 4
CurrentAniPhase: 1
CurrentMovementAni: Hero_Stand_1H_1H_P1_QuickAttackR_Hit_N_Fwd_00_%_00_P1_100_R.xmot
Stage: BEGIN
ElapsedMs: 172710.880
PrimarySnapshotAvailable: 1
PrimaryMotionName: Hero_Stand_1H_1H_P1_QuickAttackR_Hit_N_Fwd_00_%_00_P1_100_R.xmot
PrimaryHasMotionInstance: 1
PrimaryMotionRunning: 1
PrimaryPlayTime: 0.439990
PrimaryMaxTime: 0.440000
PrimaryPlaySpeed: 0.000000
LeftHandSourceResolved: 1
LeftHandSource: It_1H_Sword_Rust_01
LeftHandSourceAddress: E27B4610
LeftHandSourceCollisionGroup: 7
RightHandSourceResolved: 1
RightHandSource: It_1H_Sword_Rust_01
RightHandSourceAddress: E70E8C10
RightHandSourceCollisionGroup: 5
CleanupBehaviorChanged: 0
=========================================

===== PRIMARYFIRST StopMotion =====
OwnerEntityAddress: EBB66E10
OwnerEntity: PC_Hero
MotionType: 0
Stage: REQUEST_BEFORE_ORIGINAL
ElapsedMs: 172712.577
PrimarySnapshotAvailable: 1
PrimaryMotionName: 
PrimaryHasMotionInstance: 0
PrimaryMotionRunning: 0
PrimaryPlayTime: 0.000000
PrimaryMaxTime: 0.000000
PrimaryPlaySpeed: 0.000000
Stage: RESULT_AFTER_ORIGINAL
ElapsedMs: 172712.577
PrimarySnapshotAvailable: 1
PrimaryMotionName: 
PrimaryHasMotionInstance: 0
PrimaryMotionRunning: 0
PrimaryPlayTime: 0.000000
PrimaryMaxTime: 0.000000
PrimaryPlaySpeed: 0.000000
CleanupBehaviorChanged: 0
=====================================

===== PRIMARYFIRST PlayMotion =====
OwnerEntityAddress: EBB66E10
OwnerEntity: PC_Hero
MotionType: 0
Stage: REQUEST_BEFORE_ORIGINAL
ElapsedMs: 172712.607
PrimarySnapshotAvailable: 1
PrimaryMotionName: 
PrimaryHasMotionInstance: 0
PrimaryMotionRunning: 0
PrimaryPlayTime: 0.000000
PrimaryMaxTime: 0.000000
PrimaryPlaySpeed: 0.000000
Stage: RESULT_AFTER_ORIGINAL
ElapsedMs: 172712.618
PrimarySnapshotAvailable: 1
PrimaryMotionName: Hero_Stand_1H_1H_P1_QuickAttackR_Recover_N_Fwd_00_%_00_P1_0_R.xmot
PrimaryHasMotionInstance: 1
PrimaryMotionRunning: 1
PrimaryPlayTime: 0.000000
PrimaryMaxTime: 0.440000
PrimaryPlaySpeed: 1.000000
CleanupBehaviorChanged: 0
=====================================

===== COMBATMOVE STARTRECOVER END =====
ActorAddress: EBB66E10
Actor: PC_Hero
CurrentAction: 4
CurrentAniPhase: 3
CurrentMovementAni: Hero_Stand_1H_1H_P1_QuickAttackR_Hit_N_Fwd_00_%_00_P1_100_R.xmot
Stage: END
ElapsedMs: 172712.641
PrimarySnapshotAvailable: 1
PrimaryMotionName: Hero_Stand_1H_1H_P1_QuickAttackR_Recover_N_Fwd_00_%_00_P1_0_R.xmot
PrimaryHasMotionInstance: 1
PrimaryMotionRunning: 1
PrimaryPlayTime: 0.000000
PrimaryMaxTime: 0.440000
PrimaryPlaySpeed: 1.000000
LeftHandSourceResolved: 1
LeftHandSource: It_1H_Sword_Rust_01
LeftHandSourceAddress: E27B4610
LeftHandSourceCollisionGroup: 7
RightHandSourceResolved: 1
RightHandSource: It_1H_Sword_Rust_01
RightHandSourceAddress: E70E8C10
RightHandSourceCollisionGroup: 5
CleanupBehaviorChanged: 0
=========================================

===== ENGINE SetCollisionGroup =====
ElapsedMs: 172712.706
Entity: It_1H_Sword_Rust_01
ChangedEntityAddress: E27B4610
PlayerSlotMatch: LEFT
PlayerAction: 4
PlayerAniPhase: 3
PlayerPrimaryPose: 2
PlayerStateTime: 0.446602
PlayerStatePosition: 1
PlayerCurrentMovementAni: Hero_Stand_1H_1H_P1_QuickAttackR_Hit_N_Fwd_00_%_00_P1_100_R.xmot
PlayerLeftItem: It_1H_Sword_Rust_01
PlayerLeftItemAddress: E27B4610
PlayerLeftUseType: 2
PlayerLeftCollisionGroup: 5
PlayerRightItem: It_1H_Sword_Rust_01
PlayerRightItemAddress: E70E8C10
PlayerRightUseType: 2
PlayerRightCollisionGroup: 5
RequestedGroup: 5
BeforeGroup: 7
AfterGroup: 5
Item_EquippedValue: 5
Item_AttackValue: 7
RetiredMarkerExecutionCount: 0
====================================

===== PRIMARYFIRST StopMotion =====
OwnerEntityAddress: EBB66E10
OwnerEntity: PC_Hero
MotionType: 0
Stage: REQUEST_BEFORE_ORIGINAL
ElapsedMs: 173018.087
PrimarySnapshotAvailable: 1
PrimaryMotionName: 
PrimaryHasMotionInstance: 0
PrimaryMotionRunning: 0
PrimaryPlayTime: 0.000000
PrimaryMaxTime: 0.000000
PrimaryPlaySpeed: 0.000000
Stage: RESULT_AFTER_ORIGINAL
ElapsedMs: 173018.087
PrimarySnapshotAvailable: 1
PrimaryMotionName: 
PrimaryHasMotionInstance: 0
PrimaryMotionRunning: 0
PrimaryPlayTime: 0.000000
PrimaryMaxTime: 0.000000
PrimaryPlaySpeed: 0.000000
CleanupBehaviorChanged: 0
=====================================

===== PRIMARYFIRST PlayMotion =====
OwnerEntityAddress: EBB66E10
OwnerEntity: PC_Hero
MotionType: 0
Stage: REQUEST_BEFORE_ORIGINAL
ElapsedMs: 173018.132
PrimarySnapshotAvailable: 1
PrimaryMotionName: 
PrimaryHasMotionInstance: 0
PrimaryMotionRunning: 0
PrimaryPlayTime: 0.000000
PrimaryMaxTime: 0.000000
PrimaryPlaySpeed: 0.000000
Stage: RESULT_AFTER_ORIGINAL
ElapsedMs: 173018.146
PrimarySnapshotAvailable: 1
PrimaryMotionName: Hero_Stand_1H_1H_P1_QuickAttackL_Hit_N_Fwd_00_%_00_P1_100_L.xmot
PrimaryHasMotionInstance: 1
PrimaryMotionRunning: 1
PrimaryPlayTime: 0.000000
PrimaryMaxTime: 0.440000
PrimaryPlaySpeed: 1.000000
CleanupBehaviorChanged: 0
=====================================

===== MARKER OWNERSHIP DECISION =====
ElapsedMs: 173018.189
Actor: PC_Hero
CurrentMovementAni: Hero_Stand_1H_1H_P1_QuickAttackL_Hit_N_Fwd_00_%_00_P1_100_L.xmot
MatchingMotionFound: 1
FrameEffectCount: 1
ContainsReservedSourceMarker: 0
RequiredSourceMask: 0
AuthoredRIGHTMarkerCount: 0
FirstRIGHTMarkerFrame: -1
AuthoredLEFTMarkerCount: 0
FirstLEFTMarkerFrame: -1
AuthoredBOTHMarkerCount: 0
FirstBOTHMarkerFrame: -1
AuthoredOFFMarkerCount: 0
FirstOFFMarkerFrame: -1
RightHandSourceResolved: 1
RightHandSource: It_1H_Sword_Rust_01
RightHandSourceAddress: E70E8C10
RightHandSourceUseType: 2
RightHandSourceCollisionGroup: 5
LeftHandSourceResolved: 1
LeftHandSource: It_1H_Sword_Rust_01
LeftHandSourceAddress: E27B4610
LeftHandSourceUseType: 2
LeftHandSourceCollisionGroup: 5
Decision: LEGACY/NATIVE - call original timer callback
=====================================

===== ENGINE SetCollisionGroup =====
ElapsedMs: 173126.823
Entity: It_1H_Sword_Rust_01
ChangedEntityAddress: E27B4610
PlayerSlotMatch: LEFT
PlayerAction: 5
PlayerAniPhase: 1
PlayerPrimaryPose: 2
PlayerStateTime: 0.108999
PlayerStatePosition: 0
PlayerCurrentMovementAni: Hero_Stand_1H_1H_P1_QuickAttackL_Hit_N_Fwd_00_%_00_P1_100_L.xmot
PlayerLeftItem: It_1H_Sword_Rust_01
PlayerLeftItemAddress: E27B4610
PlayerLeftUseType: 2
PlayerLeftCollisionGroup: 7
PlayerRightItem: It_1H_Sword_Rust_01
PlayerRightItemAddress: E70E8C10
PlayerRightUseType: 2
PlayerRightCollisionGroup: 5
RequestedGroup: 7
BeforeGroup: 5
AfterGroup: 7
Item_EquippedValue: 5
Item_AttackValue: 7
RetiredMarkerExecutionCount: 0
====================================

===== COMBATMOVE STARTRECOVER BEGIN =====
ActorAddress: EBB66E10
Actor: PC_Hero
CurrentAction: 5
CurrentAniPhase: 1
CurrentMovementAni: Hero_Stand_1H_1H_P1_QuickAttackL_Hit_N_Fwd_00_%_00_P1_100_L.xmot
Stage: BEGIN
ElapsedMs: 173466.177
PrimarySnapshotAvailable: 1
PrimaryMotionName: Hero_Stand_1H_1H_P1_QuickAttackL_Hit_N_Fwd_00_%_00_P1_100_L.xmot
PrimaryHasMotionInstance: 1
PrimaryMotionRunning: 1
PrimaryPlayTime: 0.439990
PrimaryMaxTime: 0.440000
PrimaryPlaySpeed: 0.000000
LeftHandSourceResolved: 1
LeftHandSource: It_1H_Sword_Rust_01
LeftHandSourceAddress: E27B4610
LeftHandSourceCollisionGroup: 7
RightHandSourceResolved: 1
RightHandSource: It_1H_Sword_Rust_01
RightHandSourceAddress: E70E8C10
RightHandSourceCollisionGroup: 5
CleanupBehaviorChanged: 0
=========================================

===== PRIMARYFIRST StopMotion =====
OwnerEntityAddress: EBB66E10
OwnerEntity: PC_Hero
MotionType: 0
Stage: REQUEST_BEFORE_ORIGINAL
ElapsedMs: 173466.244
PrimarySnapshotAvailable: 1
PrimaryMotionName: 
PrimaryHasMotionInstance: 0
PrimaryMotionRunning: 0
PrimaryPlayTime: 0.000000
PrimaryMaxTime: 0.000000
PrimaryPlaySpeed: 0.000000
Stage: RESULT_AFTER_ORIGINAL
ElapsedMs: 173466.245
PrimarySnapshotAvailable: 1
PrimaryMotionName: 
PrimaryHasMotionInstance: 0
PrimaryMotionRunning: 0
PrimaryPlayTime: 0.000000
PrimaryMaxTime: 0.000000
PrimaryPlaySpeed: 0.000000
CleanupBehaviorChanged: 0
=====================================

===== PRIMARYFIRST PlayMotion =====
OwnerEntityAddress: EBB66E10
OwnerEntity: PC_Hero
MotionType: 0
Stage: REQUEST_BEFORE_ORIGINAL
ElapsedMs: 173466.269
PrimarySnapshotAvailable: 1
PrimaryMotionName: 
PrimaryHasMotionInstance: 0
PrimaryMotionRunning: 0
PrimaryPlayTime: 0.000000
PrimaryMaxTime: 0.000000
PrimaryPlaySpeed: 0.000000
Stage: RESULT_AFTER_ORIGINAL
ElapsedMs: 173466.281
PrimarySnapshotAvailable: 1
PrimaryMotionName: Hero_Stand_1H_1H_P1_QuickAttackL_Recover_N_Fwd_00_%_00_P1_0_L.xmot
PrimaryHasMotionInstance: 1
PrimaryMotionRunning: 1
PrimaryPlayTime: 0.000000
PrimaryMaxTime: 0.400000
PrimaryPlaySpeed: 1.000000
CleanupBehaviorChanged: 0
=====================================

===== COMBATMOVE STARTRECOVER END =====
ActorAddress: EBB66E10
Actor: PC_Hero
CurrentAction: 5
CurrentAniPhase: 3
CurrentMovementAni: Hero_Stand_1H_1H_P1_QuickAttackL_Hit_N_Fwd_00_%_00_P1_100_L.xmot
Stage: END
ElapsedMs: 173466.343
PrimarySnapshotAvailable: 1
PrimaryMotionName: Hero_Stand_1H_1H_P1_QuickAttackL_Recover_N_Fwd_00_%_00_P1_0_L.xmot
PrimaryHasMotionInstance: 1
PrimaryMotionRunning: 1
PrimaryPlayTime: 0.000000
PrimaryMaxTime: 0.400000
PrimaryPlaySpeed: 1.000000
LeftHandSourceResolved: 1
LeftHandSource: It_1H_Sword_Rust_01
LeftHandSourceAddress: E27B4610
LeftHandSourceCollisionGroup: 7
RightHandSourceResolved: 1
RightHandSource: It_1H_Sword_Rust_01
RightHandSourceAddress: E70E8C10
RightHandSourceCollisionGroup: 5
CleanupBehaviorChanged: 0
=========================================

===== ENGINE SetCollisionGroup =====
ElapsedMs: 173466.406
Entity: It_1H_Sword_Rust_01
ChangedEntityAddress: E27B4610
PlayerSlotMatch: LEFT
PlayerAction: 5
PlayerAniPhase: 3
PlayerPrimaryPose: 2
PlayerStateTime: 0.448276
PlayerStatePosition: 1
PlayerCurrentMovementAni: Hero_Stand_1H_1H_P1_QuickAttackL_Hit_N_Fwd_00_%_00_P1_100_L.xmot
PlayerLeftItem: It_1H_Sword_Rust_01
PlayerLeftItemAddress: E27B4610
PlayerLeftUseType: 2
PlayerLeftCollisionGroup: 5
PlayerRightItem: It_1H_Sword_Rust_01
PlayerRightItemAddress: E70E8C10
PlayerRightUseType: 2
PlayerRightCollisionGroup: 5
RequestedGroup: 5
BeforeGroup: 7
AfterGroup: 5
Item_EquippedValue: 5
Item_AttackValue: 7
RetiredMarkerExecutionCount: 0
====================================

===== PRIMARYFIRST PlayMotion =====
OwnerEntityAddress: EBB66E10
OwnerEntity: PC_Hero
MotionType: 0
Stage: REQUEST_BEFORE_ORIGINAL
ElapsedMs: 173877.162
PrimarySnapshotAvailable: 1
PrimaryMotionName: 
PrimaryHasMotionInstance: 0
PrimaryMotionRunning: 0
PrimaryPlayTime: 0.000000
PrimaryMaxTime: 0.000000
PrimaryPlaySpeed: 0.000000
Stage: RESULT_AFTER_ORIGINAL
ElapsedMs: 173877.174
PrimarySnapshotAvailable: 1
PrimaryMotionName: Hero_Stand_1H_1H_P1_Ambient_Loop_N_Fwd_00_%_00_P1_0.xmot
PrimaryHasMotionInstance: 1
PrimaryMotionRunning: 1
PrimaryPlayTime: 0.000000
PrimaryMaxTime: 0.400000
PrimaryPlaySpeed: 1.000000
CleanupBehaviorChanged: 0
=====================================

===== PRIMARYFIRST StopMotion =====
OwnerEntityAddress: EBB66E10
OwnerEntity: PC_Hero
MotionType: 0
Stage: REQUEST_BEFORE_ORIGINAL
ElapsedMs: 174404.416
PrimarySnapshotAvailable: 1
PrimaryMotionName: 
PrimaryHasMotionInstance: 0
PrimaryMotionRunning: 0
PrimaryPlayTime: 0.000000
PrimaryMaxTime: 0.000000
PrimaryPlaySpeed: 0.000000
Stage: RESULT_AFTER_ORIGINAL
ElapsedMs: 174404.417
PrimarySnapshotAvailable: 1
PrimaryMotionName: 
PrimaryHasMotionInstance: 0
PrimaryMotionRunning: 0
PrimaryPlayTime: 0.000000
PrimaryMaxTime: 0.000000
PrimaryPlaySpeed: 0.000000
CleanupBehaviorChanged: 0
=====================================

===== PRIMARYFIRST PlayMotion =====
OwnerEntityAddress: EBB66E10
OwnerEntity: PC_Hero
MotionType: 0
Stage: REQUEST_BEFORE_ORIGINAL
ElapsedMs: 174404.463
PrimarySnapshotAvailable: 1
PrimaryMotionName: 
PrimaryHasMotionInstance: 0
PrimaryMotionRunning: 0
PrimaryPlayTime: 0.000000
PrimaryMaxTime: 0.000000
PrimaryPlaySpeed: 0.000000
Stage: RESULT_AFTER_ORIGINAL
ElapsedMs: 174404.474
PrimarySnapshotAvailable: 1
PrimaryMotionName: Hero_Stand_1H_1H_P1_QuickAttackR_Hit_N_Fwd_00_%_00_P1_100_R.xmot
PrimaryHasMotionInstance: 1
PrimaryMotionRunning: 1
PrimaryPlayTime: 0.000000
PrimaryMaxTime: 0.440000
PrimaryPlaySpeed: 1.000000
CleanupBehaviorChanged: 0
=====================================

===== MARKER OWNERSHIP DECISION =====
ElapsedMs: 174404.515
Actor: PC_Hero
CurrentMovementAni: Hero_Stand_1H_1H_P1_QuickAttackR_Hit_N_Fwd_00_%_00_P1_100_R.xmot
MatchingMotionFound: 1
FrameEffectCount: 1
ContainsReservedSourceMarker: 0
RequiredSourceMask: 0
AuthoredRIGHTMarkerCount: 0
FirstRIGHTMarkerFrame: -1
AuthoredLEFTMarkerCount: 0
FirstLEFTMarkerFrame: -1
AuthoredBOTHMarkerCount: 0
FirstBOTHMarkerFrame: -1
AuthoredOFFMarkerCount: 0
FirstOFFMarkerFrame: -1
RightHandSourceResolved: 1
RightHandSource: It_1H_Sword_Rust_01
RightHandSourceAddress: E70E8C10
RightHandSourceUseType: 2
RightHandSourceCollisionGroup: 5
LeftHandSourceResolved: 1
LeftHandSource: It_1H_Sword_Rust_01
LeftHandSourceAddress: E27B4610
LeftHandSourceUseType: 2
LeftHandSourceCollisionGroup: 5
Decision: LEGACY/NATIVE - call original timer callback
=====================================

===== ENGINE SetCollisionGroup =====
ElapsedMs: 174506.689
Entity: It_1H_Sword_Rust_01
ChangedEntityAddress: E27B4610
PlayerSlotMatch: LEFT
PlayerAction: 4
PlayerAniPhase: 1
PlayerPrimaryPose: 2
PlayerStateTime: 0.102010
PlayerStatePosition: 0
PlayerCurrentMovementAni: Hero_Stand_1H_1H_P1_QuickAttackR_Hit_N_Fwd_00_%_00_P1_100_R.xmot
PlayerLeftItem: It_1H_Sword_Rust_01
PlayerLeftItemAddress: E27B4610
PlayerLeftUseType: 2
PlayerLeftCollisionGroup: 7
PlayerRightItem: It_1H_Sword_Rust_01
PlayerRightItemAddress: E70E8C10
PlayerRightUseType: 2
PlayerRightCollisionGroup: 5
RequestedGroup: 7
BeforeGroup: 5
AfterGroup: 7
Item_EquippedValue: 5
Item_AttackValue: 7
RetiredMarkerExecutionCount: 0
====================================

===== COMBATMOVE STARTRECOVER BEGIN =====
ActorAddress: EBB66E10
Actor: PC_Hero
CurrentAction: 4
CurrentAniPhase: 1
CurrentMovementAni: Hero_Stand_1H_1H_P1_QuickAttackR_Hit_N_Fwd_00_%_00_P1_100_R.xmot
Stage: BEGIN
ElapsedMs: 174847.488
PrimarySnapshotAvailable: 1
PrimaryMotionName: Hero_Stand_1H_1H_P1_QuickAttackR_Hit_N_Fwd_00_%_00_P1_100_R.xmot
PrimaryHasMotionInstance: 1
PrimaryMotionRunning: 1
PrimaryPlayTime: 0.439990
PrimaryMaxTime: 0.440000
PrimaryPlaySpeed: 0.000000
LeftHandSourceResolved: 1
LeftHandSource: It_1H_Sword_Rust_01
LeftHandSourceAddress: E27B4610
LeftHandSourceCollisionGroup: 7
RightHandSourceResolved: 1
RightHandSource: It_1H_Sword_Rust_01
RightHandSourceAddress: E70E8C10
RightHandSourceCollisionGroup: 5
CleanupBehaviorChanged: 0
=========================================

===== PRIMARYFIRST StopMotion =====
OwnerEntityAddress: EBB66E10
OwnerEntity: PC_Hero
MotionType: 0
Stage: REQUEST_BEFORE_ORIGINAL
ElapsedMs: 174847.551
PrimarySnapshotAvailable: 1
PrimaryMotionName: 
PrimaryHasMotionInstance: 0
PrimaryMotionRunning: 0
PrimaryPlayTime: 0.000000
PrimaryMaxTime: 0.000000
PrimaryPlaySpeed: 0.000000
Stage: RESULT_AFTER_ORIGINAL
ElapsedMs: 174847.551
PrimarySnapshotAvailable: 1
PrimaryMotionName: 
PrimaryHasMotionInstance: 0
PrimaryMotionRunning: 0
PrimaryPlayTime: 0.000000
PrimaryMaxTime: 0.000000
PrimaryPlaySpeed: 0.000000
CleanupBehaviorChanged: 0
=====================================

===== PRIMARYFIRST PlayMotion =====
OwnerEntityAddress: EBB66E10
OwnerEntity: PC_Hero
MotionType: 0
Stage: REQUEST_BEFORE_ORIGINAL
ElapsedMs: 174847.573
PrimarySnapshotAvailable: 1
PrimaryMotionName: 
PrimaryHasMotionInstance: 0
PrimaryMotionRunning: 0
PrimaryPlayTime: 0.000000
PrimaryMaxTime: 0.000000
PrimaryPlaySpeed: 0.000000
Stage: RESULT_AFTER_ORIGINAL
ElapsedMs: 174847.585
PrimarySnapshotAvailable: 1
PrimaryMotionName: Hero_Stand_1H_1H_P1_QuickAttackR_Recover_N_Fwd_00_%_00_P1_0_R.xmot
PrimaryHasMotionInstance: 1
PrimaryMotionRunning: 1
PrimaryPlayTime: 0.000000
PrimaryMaxTime: 0.440000
PrimaryPlaySpeed: 1.000000
CleanupBehaviorChanged: 0
=====================================

===== COMBATMOVE STARTRECOVER END =====
ActorAddress: EBB66E10
Actor: PC_Hero
CurrentAction: 4
CurrentAniPhase: 3
CurrentMovementAni: Hero_Stand_1H_1H_P1_QuickAttackR_Hit_N_Fwd_00_%_00_P1_100_R.xmot
Stage: END
ElapsedMs: 174847.606
PrimarySnapshotAvailable: 1
PrimaryMotionName: Hero_Stand_1H_1H_P1_QuickAttackR_Recover_N_Fwd_00_%_00_P1_0_R.xmot
PrimaryHasMotionInstance: 1
PrimaryMotionRunning: 1
PrimaryPlayTime: 0.000000
PrimaryMaxTime: 0.440000
PrimaryPlaySpeed: 1.000000
LeftHandSourceResolved: 1
LeftHandSource: It_1H_Sword_Rust_01
LeftHandSourceAddress: E27B4610
LeftHandSourceCollisionGroup: 7
RightHandSourceResolved: 1
RightHandSource: It_1H_Sword_Rust_01
RightHandSourceAddress: E70E8C10
RightHandSourceCollisionGroup: 5
CleanupBehaviorChanged: 0
=========================================

===== ENGINE SetCollisionGroup =====
ElapsedMs: 174847.669
Entity: It_1H_Sword_Rust_01
ChangedEntityAddress: E27B4610
PlayerSlotMatch: LEFT
PlayerAction: 4
PlayerAniPhase: 3
PlayerPrimaryPose: 2
PlayerStateTime: 0.441967
PlayerStatePosition: 1
PlayerCurrentMovementAni: Hero_Stand_1H_1H_P1_QuickAttackR_Hit_N_Fwd_00_%_00_P1_100_R.xmot
PlayerLeftItem: It_1H_Sword_Rust_01
PlayerLeftItemAddress: E27B4610
PlayerLeftUseType: 2
PlayerLeftCollisionGroup: 5
PlayerRightItem: It_1H_Sword_Rust_01
PlayerRightItemAddress: E70E8C10
PlayerRightUseType: 2
PlayerRightCollisionGroup: 5
RequestedGroup: 5
BeforeGroup: 7
AfterGroup: 5
Item_EquippedValue: 5
Item_AttackValue: 7
RetiredMarkerExecutionCount: 0
====================================

===== PRIMARYFIRST PlayMotion =====
OwnerEntityAddress: EBB66E10
OwnerEntity: PC_Hero
MotionType: 0
Stage: REQUEST_BEFORE_ORIGINAL
ElapsedMs: 175308.189
PrimarySnapshotAvailable: 1
PrimaryMotionName: 
PrimaryHasMotionInstance: 0
PrimaryMotionRunning: 0
PrimaryPlayTime: 0.000000
PrimaryMaxTime: 0.000000
PrimaryPlaySpeed: 0.000000
Stage: RESULT_AFTER_ORIGINAL
ElapsedMs: 175308.203
PrimarySnapshotAvailable: 1
PrimaryMotionName: Hero_Stand_1H_1H_P1_Ambient_Loop_N_Fwd_00_%_00_P1_0.xmot
PrimaryHasMotionInstance: 1
PrimaryMotionRunning: 1
PrimaryPlayTime: 0.000000
PrimaryMaxTime: 0.400000
PrimaryPlaySpeed: 1.000000
CleanupBehaviorChanged: 0
=====================================

===== PRIMARYFIRST PlayMotion =====
OwnerEntityAddress: EBB66E10
OwnerEntity: PC_Hero
MotionType: 0
Stage: REQUEST_BEFORE_ORIGINAL
ElapsedMs: 175606.712
PrimarySnapshotAvailable: 1
PrimaryMotionName: 
PrimaryHasMotionInstance: 0
PrimaryMotionRunning: 0
PrimaryPlayTime: 0.000000
PrimaryMaxTime: 0.000000
PrimaryPlaySpeed: 0.000000
Stage: RESULT_AFTER_ORIGINAL
ElapsedMs: 175606.724
PrimarySnapshotAvailable: 1
PrimaryMotionName: Hero_Parade_1H_1H_P1_Ambient_Loop_N_Fwd_00_%_00_P1_0.xmot
PrimaryHasMotionInstance: 1
PrimaryMotionRunning: 1
PrimaryPlayTime: 0.000000
PrimaryMaxTime: 0.400000
PrimaryPlaySpeed: 1.000000
CleanupBehaviorChanged: 0
=====================================

===== PRIMARYFIRST PlayMotion =====
OwnerEntityAddress: EBB66E10
OwnerEntity: PC_Hero
MotionType: 0
Stage: REQUEST_BEFORE_ORIGINAL
ElapsedMs: 175655.193
PrimarySnapshotAvailable: 1
PrimaryMotionName: 
PrimaryHasMotionInstance: 0
PrimaryMotionRunning: 0
PrimaryPlayTime: 0.000000
PrimaryMaxTime: 0.000000
PrimaryPlaySpeed: 0.000000
Stage: RESULT_AFTER_ORIGINAL
ElapsedMs: 175655.205
PrimarySnapshotAvailable: 1
PrimaryMotionName: Hero_Stand_1H_1H_P1_Ambient_Loop_N_Fwd_00_%_00_P1_0.xmot
PrimaryHasMotionInstance: 1
PrimaryMotionRunning: 1
PrimaryPlayTime: 0.000000
PrimaryMaxTime: 0.400000
PrimaryPlaySpeed: 1.000000
CleanupBehaviorChanged: 0
=====================================

===== PRIMARYFIRST StopMotion =====
OwnerEntityAddress: EBB66E10
OwnerEntity: PC_Hero
MotionType: 0
Stage: REQUEST_BEFORE_ORIGINAL
ElapsedMs: 175655.294
PrimarySnapshotAvailable: 1
PrimaryMotionName: 
PrimaryHasMotionInstance: 0
PrimaryMotionRunning: 0
PrimaryPlayTime: 0.000000
PrimaryMaxTime: 0.000000
PrimaryPlaySpeed: 0.000000
Stage: RESULT_AFTER_ORIGINAL
ElapsedMs: 175655.294
PrimarySnapshotAvailable: 1
PrimaryMotionName: 
PrimaryHasMotionInstance: 0
PrimaryMotionRunning: 0
PrimaryPlayTime: 0.000000
PrimaryMaxTime: 0.000000
PrimaryPlaySpeed: 0.000000
CleanupBehaviorChanged: 0
=====================================

===== PRIMARYFIRST PlayMotion =====
OwnerEntityAddress: EBB66E10
OwnerEntity: PC_Hero
MotionType: 0
Stage: REQUEST_BEFORE_ORIGINAL
ElapsedMs: 175655.318
PrimarySnapshotAvailable: 1
PrimaryMotionName: 
PrimaryHasMotionInstance: 0
PrimaryMotionRunning: 0
PrimaryPlayTime: 0.000000
PrimaryMaxTime: 0.000000
PrimaryPlaySpeed: 0.000000
Stage: RESULT_AFTER_ORIGINAL
ElapsedMs: 175655.328
PrimarySnapshotAvailable: 1
PrimaryMotionName: Hero_Stand_1H_1H_P1_QuickAttackL_Hit_N_Fwd_00_%_00_P1_100_L.xmot
PrimaryHasMotionInstance: 1
PrimaryMotionRunning: 1
PrimaryPlayTime: 0.000000
PrimaryMaxTime: 0.440000
PrimaryPlaySpeed: 1.000000
CleanupBehaviorChanged: 0
=====================================

===== MARKER OWNERSHIP DECISION =====
ElapsedMs: 175655.373
Actor: PC_Hero
CurrentMovementAni: Hero_Stand_1H_1H_P1_QuickAttackL_Hit_N_Fwd_00_%_00_P1_100_L.xmot
MatchingMotionFound: 1
FrameEffectCount: 1
ContainsReservedSourceMarker: 0
RequiredSourceMask: 0
AuthoredRIGHTMarkerCount: 0
FirstRIGHTMarkerFrame: -1
AuthoredLEFTMarkerCount: 0
FirstLEFTMarkerFrame: -1
AuthoredBOTHMarkerCount: 0
FirstBOTHMarkerFrame: -1
AuthoredOFFMarkerCount: 0
FirstOFFMarkerFrame: -1
RightHandSourceResolved: 1
RightHandSource: It_1H_Sword_Rust_01
RightHandSourceAddress: E70E8C10
RightHandSourceUseType: 2
RightHandSourceCollisionGroup: 5
LeftHandSourceResolved: 1
LeftHandSource: It_1H_Sword_Rust_01
LeftHandSourceAddress: E27B4610
LeftHandSourceUseType: 2
LeftHandSourceCollisionGroup: 5
Decision: LEGACY/NATIVE - call original timer callback
=====================================

===== ENGINE SetCollisionGroup =====
ElapsedMs: 175757.464
Entity: It_1H_Sword_Rust_01
ChangedEntityAddress: E27B4610
PlayerSlotMatch: LEFT
PlayerAction: 5
PlayerAniPhase: 1
PlayerPrimaryPose: 2
PlayerStateTime: 0.102010
PlayerStatePosition: 0
PlayerCurrentMovementAni: Hero_Stand_1H_1H_P1_QuickAttackL_Hit_N_Fwd_00_%_00_P1_100_L.xmot
PlayerLeftItem: It_1H_Sword_Rust_01
PlayerLeftItemAddress: E27B4610
PlayerLeftUseType: 2
PlayerLeftCollisionGroup: 7
PlayerRightItem: It_1H_Sword_Rust_01
PlayerRightItemAddress: E70E8C10
PlayerRightUseType: 2
PlayerRightCollisionGroup: 5
RequestedGroup: 7
BeforeGroup: 5
AfterGroup: 7
Item_EquippedValue: 5
Item_AttackValue: 7
RetiredMarkerExecutionCount: 0
====================================

===== COMBATMOVE STARTRECOVER BEGIN =====
ActorAddress: EBB66E10
Actor: PC_Hero
CurrentAction: 5
CurrentAniPhase: 1
CurrentMovementAni: Hero_Stand_1H_1H_P1_QuickAttackL_Hit_N_Fwd_00_%_00_P1_100_L.xmot
Stage: BEGIN
ElapsedMs: 176103.410
PrimarySnapshotAvailable: 1
PrimaryMotionName: Hero_Stand_1H_1H_P1_QuickAttackL_Hit_N_Fwd_00_%_00_P1_100_L.xmot
PrimaryHasMotionInstance: 1
PrimaryMotionRunning: 1
PrimaryPlayTime: 0.439990
PrimaryMaxTime: 0.440000
PrimaryPlaySpeed: 0.000000
LeftHandSourceResolved: 1
LeftHandSource: It_1H_Sword_Rust_01
LeftHandSourceAddress: E27B4610
LeftHandSourceCollisionGroup: 7
RightHandSourceResolved: 1
RightHandSource: It_1H_Sword_Rust_01
RightHandSourceAddress: E70E8C10
RightHandSourceCollisionGroup: 5
CleanupBehaviorChanged: 0
=========================================

===== PRIMARYFIRST StopMotion =====
OwnerEntityAddress: EBB66E10
OwnerEntity: PC_Hero
MotionType: 0
Stage: REQUEST_BEFORE_ORIGINAL
ElapsedMs: 176103.475
PrimarySnapshotAvailable: 1
PrimaryMotionName: 
PrimaryHasMotionInstance: 0
PrimaryMotionRunning: 0
PrimaryPlayTime: 0.000000
PrimaryMaxTime: 0.000000
PrimaryPlaySpeed: 0.000000
Stage: RESULT_AFTER_ORIGINAL
ElapsedMs: 176103.475
PrimarySnapshotAvailable: 1
PrimaryMotionName: 
PrimaryHasMotionInstance: 0
PrimaryMotionRunning: 0
PrimaryPlayTime: 0.000000
PrimaryMaxTime: 0.000000
PrimaryPlaySpeed: 0.000000
CleanupBehaviorChanged: 0
=====================================

===== PRIMARYFIRST PlayMotion =====
OwnerEntityAddress: EBB66E10
OwnerEntity: PC_Hero
MotionType: 0
Stage: REQUEST_BEFORE_ORIGINAL
ElapsedMs: 176103.498
PrimarySnapshotAvailable: 1
PrimaryMotionName: 
PrimaryHasMotionInstance: 0
PrimaryMotionRunning: 0
PrimaryPlayTime: 0.000000
PrimaryMaxTime: 0.000000
PrimaryPlaySpeed: 0.000000
Stage: RESULT_AFTER_ORIGINAL
ElapsedMs: 176103.509
PrimarySnapshotAvailable: 1
PrimaryMotionName: Hero_Stand_1H_1H_P1_QuickAttackL_Recover_N_Fwd_00_%_00_P1_0_L.xmot
PrimaryHasMotionInstance: 1
PrimaryMotionRunning: 1
PrimaryPlayTime: 0.000000
PrimaryMaxTime: 0.400000
PrimaryPlaySpeed: 1.000000
CleanupBehaviorChanged: 0
=====================================

===== COMBATMOVE STARTRECOVER END =====
ActorAddress: EBB66E10
Actor: PC_Hero
CurrentAction: 5
CurrentAniPhase: 3
CurrentMovementAni: Hero_Stand_1H_1H_P1_QuickAttackL_Hit_N_Fwd_00_%_00_P1_100_L.xmot
Stage: END
ElapsedMs: 176103.538
PrimarySnapshotAvailable: 1
PrimaryMotionName: Hero_Stand_1H_1H_P1_QuickAttackL_Recover_N_Fwd_00_%_00_P1_0_L.xmot
PrimaryHasMotionInstance: 1
PrimaryMotionRunning: 1
PrimaryPlayTime: 0.000000
PrimaryMaxTime: 0.400000
PrimaryPlaySpeed: 1.000000
LeftHandSourceResolved: 1
LeftHandSource: It_1H_Sword_Rust_01
LeftHandSourceAddress: E27B4610
LeftHandSourceCollisionGroup: 7
RightHandSourceResolved: 1
RightHandSource: It_1H_Sword_Rust_01
RightHandSourceAddress: E70E8C10
RightHandSourceCollisionGroup: 5
CleanupBehaviorChanged: 0
=========================================

===== ENGINE SetCollisionGroup =====
ElapsedMs: 176103.597
Entity: It_1H_Sword_Rust_01
ChangedEntityAddress: E27B4610
PlayerSlotMatch: LEFT
PlayerAction: 5
PlayerAniPhase: 3
PlayerPrimaryPose: 2
PlayerStateTime: 0.447995
PlayerStatePosition: 1
PlayerCurrentMovementAni: Hero_Stand_1H_1H_P1_QuickAttackL_Hit_N_Fwd_00_%_00_P1_100_L.xmot
PlayerLeftItem: It_1H_Sword_Rust_01
PlayerLeftItemAddress: E27B4610
PlayerLeftUseType: 2
PlayerLeftCollisionGroup: 5
PlayerRightItem: It_1H_Sword_Rust_01
PlayerRightItemAddress: E70E8C10
PlayerRightUseType: 2
PlayerRightCollisionGroup: 5
RequestedGroup: 5
BeforeGroup: 7
AfterGroup: 5
Item_EquippedValue: 5
Item_AttackValue: 7
RetiredMarkerExecutionCount: 0
====================================

===== PRIMARYFIRST PlayMotion =====
OwnerEntityAddress: EBB66E10
OwnerEntity: PC_Hero
MotionType: 0
Stage: REQUEST_BEFORE_ORIGINAL
ElapsedMs: 176517.611
PrimarySnapshotAvailable: 1
PrimaryMotionName: 
PrimaryHasMotionInstance: 0
PrimaryMotionRunning: 0
PrimaryPlayTime: 0.000000
PrimaryMaxTime: 0.000000
PrimaryPlaySpeed: 0.000000
Stage: RESULT_AFTER_ORIGINAL
ElapsedMs: 176517.623
PrimarySnapshotAvailable: 1
PrimaryMotionName: Hero_Stand_1H_1H_P1_Ambient_Loop_N_Fwd_00_%_00_P1_0.xmot
PrimaryHasMotionInstance: 1
PrimaryMotionRunning: 1
PrimaryPlayTime: 0.000000
PrimaryMaxTime: 0.400000
PrimaryPlaySpeed: 1.000000
CleanupBehaviorChanged: 0
=====================================

===== PRIMARYFIRST PlayMotion =====
OwnerEntityAddress: EBB66E10
OwnerEntity: PC_Hero
MotionType: 0
Stage: REQUEST_BEFORE_ORIGINAL
ElapsedMs: 177031.780
PrimarySnapshotAvailable: 1
PrimaryMotionName: 
PrimaryHasMotionInstance: 0
PrimaryMotionRunning: 0
PrimaryPlayTime: 0.000000
PrimaryMaxTime: 0.000000
PrimaryPlaySpeed: 0.000000
Stage: RESULT_AFTER_ORIGINAL
ElapsedMs: 177031.793
PrimarySnapshotAvailable: 1
PrimaryMotionName: Hero_Parade_1H_1H_P1_Ambient_Loop_N_Fwd_00_%_00_P1_0.xmot
PrimaryHasMotionInstance: 1
PrimaryMotionRunning: 1
PrimaryPlayTime: 0.000000
PrimaryMaxTime: 0.400000
PrimaryPlaySpeed: 1.000000
CleanupBehaviorChanged: 0
=====================================

===== PRIMARYFIRST StopMotion =====
OwnerEntityAddress: EBB66E10
OwnerEntity: PC_Hero
MotionType: 0
Stage: REQUEST_BEFORE_ORIGINAL
ElapsedMs: 178965.803
PrimarySnapshotAvailable: 1
PrimaryMotionName: 
PrimaryHasMotionInstance: 0
PrimaryMotionRunning: 0
PrimaryPlayTime: 0.000000
PrimaryMaxTime: 0.000000
PrimaryPlaySpeed: 0.000000
Stage: RESULT_AFTER_ORIGINAL
ElapsedMs: 178965.804
PrimarySnapshotAvailable: 1
PrimaryMotionName: 
PrimaryHasMotionInstance: 0
PrimaryMotionRunning: 0
PrimaryPlayTime: 0.000000
PrimaryMaxTime: 0.000000
PrimaryPlaySpeed: 0.000000
CleanupBehaviorChanged: 0
=====================================

===== PRIMARYFIRST PlayMotion =====
OwnerEntityAddress: EBB66E10
OwnerEntity: PC_Hero
MotionType: 0
Stage: REQUEST_BEFORE_ORIGINAL
ElapsedMs: 178965.848
PrimarySnapshotAvailable: 1
PrimaryMotionName: 
PrimaryHasMotionInstance: 0
PrimaryMotionRunning: 0
PrimaryPlayTime: 0.000000
PrimaryMaxTime: 0.000000
PrimaryPlaySpeed: 0.000000
Stage: RESULT_AFTER_ORIGINAL
ElapsedMs: 178965.862
PrimarySnapshotAvailable: 1
PrimaryMotionName: Hero_Parade_1H_1H_P1_PierceAttack_Raise_N_Fwd_00_%_00_P1_0_F.xmot
PrimaryHasMotionInstance: 1
PrimaryMotionRunning: 1
PrimaryPlayTime: 0.000000
PrimaryMaxTime: 0.560000
PrimaryPlaySpeed: 1.000000
CleanupBehaviorChanged: 0
=====================================

===== PRIMARYFIRST StopMotion =====
OwnerEntityAddress: EBB66E10
OwnerEntity: PC_Hero
MotionType: 0
Stage: REQUEST_BEFORE_ORIGINAL
ElapsedMs: 178984.406
PrimarySnapshotAvailable: 1
PrimaryMotionName: 
PrimaryHasMotionInstance: 0
PrimaryMotionRunning: 0
PrimaryPlayTime: 0.000000
PrimaryMaxTime: 0.000000
PrimaryPlaySpeed: 0.000000
Stage: RESULT_AFTER_ORIGINAL
ElapsedMs: 178984.407
PrimarySnapshotAvailable: 1
PrimaryMotionName: 
PrimaryHasMotionInstance: 0
PrimaryMotionRunning: 0
PrimaryPlayTime: 0.000000
PrimaryMaxTime: 0.000000
PrimaryPlaySpeed: 0.000000
CleanupBehaviorChanged: 0
=====================================

===== PRIMARYFIRST PlayMotion =====
OwnerEntityAddress: EBB66E10
OwnerEntity: PC_Hero
MotionType: 0
Stage: REQUEST_BEFORE_ORIGINAL
ElapsedMs: 178984.454
PrimarySnapshotAvailable: 1
PrimaryMotionName: 
PrimaryHasMotionInstance: 0
PrimaryMotionRunning: 0
PrimaryPlayTime: 0.000000
PrimaryMaxTime: 0.000000
PrimaryPlaySpeed: 0.000000
Stage: RESULT_AFTER_ORIGINAL
ElapsedMs: 178984.468
PrimarySnapshotAvailable: 1
PrimaryMotionName: Hero_Stand_1H_1H_P1_QuickAttackL_Hit_N_Fwd_00_%_00_P1_100_L.xmot
PrimaryHasMotionInstance: 1
PrimaryMotionRunning: 1
PrimaryPlayTime: 0.000000
PrimaryMaxTime: 0.440000
PrimaryPlaySpeed: 1.000000
CleanupBehaviorChanged: 0
=====================================

===== ENGINE SetCollisionGroup =====
ElapsedMs: 179086.079
Entity: It_1H_Sword_Rust_01
ChangedEntityAddress: E27B4610
PlayerSlotMatch: LEFT
PlayerAction: 5
PlayerAniPhase: 1
PlayerPrimaryPose: 2
PlayerStateTime: 0.102313
PlayerStatePosition: 0
PlayerCurrentMovementAni: Hero_Stand_1H_1H_P1_QuickAttackL_Hit_N_Fwd_00_%_00_P1_100_L.xmot
PlayerLeftItem: It_1H_Sword_Rust_01
PlayerLeftItemAddress: E27B4610
PlayerLeftUseType: 2
PlayerLeftCollisionGroup: 7
PlayerRightItem: It_1H_Sword_Rust_01
PlayerRightItemAddress: E70E8C10
PlayerRightUseType: 2
PlayerRightCollisionGroup: 5
RequestedGroup: 7
BeforeGroup: 5
AfterGroup: 7
Item_EquippedValue: 5
Item_AttackValue: 7
RetiredMarkerExecutionCount: 0
====================================

===== COMBATMOVE STARTRECOVER BEGIN =====
ActorAddress: EBB66E10
Actor: PC_Hero
CurrentAction: 5
CurrentAniPhase: 1
CurrentMovementAni: Hero_Stand_1H_1H_P1_QuickAttackL_Hit_N_Fwd_00_%_00_P1_100_L.xmot
Stage: BEGIN
ElapsedMs: 179424.441
PrimarySnapshotAvailable: 1
PrimaryMotionName: Hero_Stand_1H_1H_P1_QuickAttackL_Hit_N_Fwd_00_%_00_P1_100_L.xmot
PrimaryHasMotionInstance: 1
PrimaryMotionRunning: 1
PrimaryPlayTime: 0.439990
PrimaryMaxTime: 0.440000
PrimaryPlaySpeed: 0.000000
LeftHandSourceResolved: 1
LeftHandSource: It_1H_Sword_Rust_01
LeftHandSourceAddress: E27B4610
LeftHandSourceCollisionGroup: 7
RightHandSourceResolved: 1
RightHandSource: It_1H_Sword_Rust_01
RightHandSourceAddress: E70E8C10
RightHandSourceCollisionGroup: 5
CleanupBehaviorChanged: 0
=========================================

===== PRIMARYFIRST StopMotion =====
OwnerEntityAddress: EBB66E10
OwnerEntity: PC_Hero
MotionType: 0
Stage: REQUEST_BEFORE_ORIGINAL
ElapsedMs: 179424.515
PrimarySnapshotAvailable: 1
PrimaryMotionName: 
PrimaryHasMotionInstance: 0
PrimaryMotionRunning: 0
PrimaryPlayTime: 0.000000
PrimaryMaxTime: 0.000000
PrimaryPlaySpeed: 0.000000
Stage: RESULT_AFTER_ORIGINAL
ElapsedMs: 179424.515
PrimarySnapshotAvailable: 1
PrimaryMotionName: 
PrimaryHasMotionInstance: 0
PrimaryMotionRunning: 0
PrimaryPlayTime: 0.000000
PrimaryMaxTime: 0.000000
PrimaryPlaySpeed: 0.000000
CleanupBehaviorChanged: 0
=====================================

===== PRIMARYFIRST PlayMotion =====
OwnerEntityAddress: EBB66E10
OwnerEntity: PC_Hero
MotionType: 0
Stage: REQUEST_BEFORE_ORIGINAL
ElapsedMs: 179424.544
PrimarySnapshotAvailable: 1
PrimaryMotionName: 
PrimaryHasMotionInstance: 0
PrimaryMotionRunning: 0
PrimaryPlayTime: 0.000000
PrimaryMaxTime: 0.000000
PrimaryPlaySpeed: 0.000000
Stage: RESULT_AFTER_ORIGINAL
ElapsedMs: 179424.558
PrimarySnapshotAvailable: 1
PrimaryMotionName: Hero_Stand_1H_1H_P1_QuickAttackL_Recover_N_Fwd_00_%_00_P1_0_L.xmot
PrimaryHasMotionInstance: 1
PrimaryMotionRunning: 1
PrimaryPlayTime: 0.000000
PrimaryMaxTime: 0.400000
PrimaryPlaySpeed: 1.000000
CleanupBehaviorChanged: 0
=====================================

===== COMBATMOVE STARTRECOVER END =====
ActorAddress: EBB66E10
Actor: PC_Hero
CurrentAction: 5
CurrentAniPhase: 3
CurrentMovementAni: Hero_Stand_1H_1H_P1_QuickAttackL_Hit_N_Fwd_00_%_00_P1_100_L.xmot
Stage: END
ElapsedMs: 179424.583
PrimarySnapshotAvailable: 1
PrimaryMotionName: Hero_Stand_1H_1H_P1_QuickAttackL_Recover_N_Fwd_00_%_00_P1_0_L.xmot
PrimaryHasMotionInstance: 1
PrimaryMotionRunning: 1
PrimaryPlayTime: 0.000000
PrimaryMaxTime: 0.400000
PrimaryPlaySpeed: 1.000000
LeftHandSourceResolved: 1
LeftHandSource: It_1H_Sword_Rust_01
LeftHandSourceAddress: E27B4610
LeftHandSourceCollisionGroup: 7
RightHandSourceResolved: 1
RightHandSource: It_1H_Sword_Rust_01
RightHandSourceAddress: E70E8C10
RightHandSourceCollisionGroup: 5
CleanupBehaviorChanged: 0
=========================================

===== ENGINE SetCollisionGroup =====
ElapsedMs: 179424.640
Entity: It_1H_Sword_Rust_01
ChangedEntityAddress: E27B4610
PlayerSlotMatch: LEFT
PlayerAction: 5
PlayerAniPhase: 3
PlayerPrimaryPose: 2
PlayerStateTime: 0.441532
PlayerStatePosition: 1
PlayerCurrentMovementAni: Hero_Stand_1H_1H_P1_QuickAttackL_Hit_N_Fwd_00_%_00_P1_100_L.xmot
PlayerLeftItem: It_1H_Sword_Rust_01
PlayerLeftItemAddress: E27B4610
PlayerLeftUseType: 2
PlayerLeftCollisionGroup: 5
PlayerRightItem: It_1H_Sword_Rust_01
PlayerRightItemAddress: E70E8C10
PlayerRightUseType: 2
PlayerRightCollisionGroup: 5
RequestedGroup: 5
BeforeGroup: 7
AfterGroup: 5
Item_EquippedValue: 5
Item_AttackValue: 7
RetiredMarkerExecutionCount: 0
====================================

===== PRIMARYFIRST PlayMotion =====
OwnerEntityAddress: EBB66E10
OwnerEntity: PC_Hero
MotionType: 0
Stage: REQUEST_BEFORE_ORIGINAL
ElapsedMs: 179841.017
PrimarySnapshotAvailable: 1
PrimaryMotionName: 
PrimaryHasMotionInstance: 0
PrimaryMotionRunning: 0
PrimaryPlayTime: 0.000000
PrimaryMaxTime: 0.000000
PrimaryPlaySpeed: 0.000000
Stage: RESULT_AFTER_ORIGINAL
ElapsedMs: 179841.031
PrimarySnapshotAvailable: 1
PrimaryMotionName: Hero_Stand_1H_1H_P1_Ambient_Loop_N_Fwd_00_%_00_P1_0.xmot
PrimaryHasMotionInstance: 1
PrimaryMotionRunning: 1
PrimaryPlayTime: 0.000000
PrimaryMaxTime: 0.400000
PrimaryPlaySpeed: 1.000000
CleanupBehaviorChanged: 0
=====================================

===== PRIMARYFIRST PlayMotion =====
OwnerEntityAddress: EBB66E10
OwnerEntity: PC_Hero
MotionType: 0
Stage: REQUEST_BEFORE_ORIGINAL
ElapsedMs: 180411.956
PrimarySnapshotAvailable: 1
PrimaryMotionName: 
PrimaryHasMotionInstance: 0
PrimaryMotionRunning: 0
PrimaryPlayTime: 0.000000
PrimaryMaxTime: 0.000000
PrimaryPlaySpeed: 0.000000
Stage: RESULT_AFTER_ORIGINAL
ElapsedMs: 180411.970
PrimarySnapshotAvailable: 1
PrimaryMotionName: Hero_Parade_1H_1H_P1_Ambient_Loop_N_Fwd_00_%_00_P1_0.xmot
PrimaryHasMotionInstance: 1
PrimaryMotionRunning: 1
PrimaryPlayTime: 0.000000
PrimaryMaxTime: 0.400000
PrimaryPlaySpeed: 1.000000
CleanupBehaviorChanged: 0
=====================================

===== PRIMARYFIRST StopMotion =====
OwnerEntityAddress: EBB66E10
OwnerEntity: PC_Hero
MotionType: 0
Stage: REQUEST_BEFORE_ORIGINAL
ElapsedMs: 182803.988
PrimarySnapshotAvailable: 1
PrimaryMotionName: 
PrimaryHasMotionInstance: 0
PrimaryMotionRunning: 0
PrimaryPlayTime: 0.000000
PrimaryMaxTime: 0.000000
PrimaryPlaySpeed: 0.000000
Stage: RESULT_AFTER_ORIGINAL
ElapsedMs: 182803.989
PrimarySnapshotAvailable: 1
PrimaryMotionName: 
PrimaryHasMotionInstance: 0
PrimaryMotionRunning: 0
PrimaryPlayTime: 0.000000
PrimaryMaxTime: 0.000000
PrimaryPlaySpeed: 0.000000
CleanupBehaviorChanged: 0
=====================================

===== PRIMARYFIRST PlayMotion =====
OwnerEntityAddress: EBB66E10
OwnerEntity: PC_Hero
MotionType: 0
Stage: REQUEST_BEFORE_ORIGINAL
ElapsedMs: 182804.037
PrimarySnapshotAvailable: 1
PrimaryMotionName: 
PrimaryHasMotionInstance: 0
PrimaryMotionRunning: 0
PrimaryPlayTime: 0.000000
PrimaryMaxTime: 0.000000
PrimaryPlaySpeed: 0.000000
Stage: RESULT_AFTER_ORIGINAL
ElapsedMs: 182804.050
PrimarySnapshotAvailable: 1
PrimaryMotionName: Hero_Stand_1H_1H_P1_QuickAttackR_Hit_N_Fwd_00_%_00_P1_100_R.xmot
PrimaryHasMotionInstance: 1
PrimaryMotionRunning: 1
PrimaryPlayTime: 0.000000
PrimaryMaxTime: 0.440000
PrimaryPlaySpeed: 1.000000
CleanupBehaviorChanged: 0
=====================================

===== MARKER OWNERSHIP DECISION =====
ElapsedMs: 182804.093
Actor: PC_Hero
CurrentMovementAni: Hero_Stand_1H_1H_P1_QuickAttackR_Hit_N_Fwd_00_%_00_P1_100_R.xmot
MatchingMotionFound: 1
FrameEffectCount: 1
ContainsReservedSourceMarker: 0
RequiredSourceMask: 0
AuthoredRIGHTMarkerCount: 0
FirstRIGHTMarkerFrame: -1
AuthoredLEFTMarkerCount: 0
FirstLEFTMarkerFrame: -1
AuthoredBOTHMarkerCount: 0
FirstBOTHMarkerFrame: -1
AuthoredOFFMarkerCount: 0
FirstOFFMarkerFrame: -1
RightHandSourceResolved: 1
RightHandSource: It_1H_Sword_Rust_01
RightHandSourceAddress: E70E8C10
RightHandSourceUseType: 2
RightHandSourceCollisionGroup: 5
LeftHandSourceResolved: 1
LeftHandSource: It_1H_Sword_Rust_01
LeftHandSourceAddress: E27B4610
LeftHandSourceUseType: 2
LeftHandSourceCollisionGroup: 5
Decision: LEGACY/NATIVE - call original timer callback
=====================================

===== PRIMARYFIRST PlayMotion =====
OwnerEntityAddress: EBB66E10
OwnerEntity: PC_Hero
MotionType: 0
Stage: REQUEST_BEFORE_ORIGINAL
ElapsedMs: 183251.694
PrimarySnapshotAvailable: 1
PrimaryMotionName: 
PrimaryHasMotionInstance: 0
PrimaryMotionRunning: 0
PrimaryPlayTime: 0.000000
PrimaryMaxTime: 0.000000
PrimaryPlaySpeed: 0.000000
Stage: RESULT_AFTER_ORIGINAL
ElapsedMs: 183251.707
PrimarySnapshotAvailable: 1
PrimaryMotionName: Hero_Stand_1H_1H_P1_Ambient_Loop_N_Fwd_00_%_00_P1_0.xmot
PrimaryHasMotionInstance: 1
PrimaryMotionRunning: 1
PrimaryPlayTime: 0.000000
PrimaryMaxTime: 0.400000
PrimaryPlaySpeed: 1.000000
CleanupBehaviorChanged: 0
=====================================

===== PRIMARYFIRST PlayMotion =====
OwnerEntityAddress: EBB66E10
OwnerEntity: PC_Hero
MotionType: 0
Stage: REQUEST_BEFORE_ORIGINAL
ElapsedMs: 184466.537
PrimarySnapshotAvailable: 1
PrimaryMotionName: 
PrimaryHasMotionInstance: 0
PrimaryMotionRunning: 0
PrimaryPlayTime: 0.000000
PrimaryMaxTime: 0.000000
PrimaryPlaySpeed: 0.000000
Stage: RESULT_AFTER_ORIGINAL
ElapsedMs: 184466.549
PrimarySnapshotAvailable: 1
PrimaryMotionName: Hero_Parade_1H_1H_P1_Ambient_Loop_N_Fwd_00_%_00_P1_0.xmot
PrimaryHasMotionInstance: 1
PrimaryMotionRunning: 1
PrimaryPlayTime: 0.000000
PrimaryMaxTime: 0.400000
PrimaryPlaySpeed: 1.000000
CleanupBehaviorChanged: 0
=====================================

===== PRIMARYFIRST StopMotion =====
OwnerEntityAddress: EBB66E10
OwnerEntity: PC_Hero
MotionType: 0
Stage: REQUEST_BEFORE_ORIGINAL
ElapsedMs: 186393.313
PrimarySnapshotAvailable: 1
PrimaryMotionName: 
PrimaryHasMotionInstance: 0
PrimaryMotionRunning: 0
PrimaryPlayTime: 0.000000
PrimaryMaxTime: 0.000000
PrimaryPlaySpeed: 0.000000
Stage: RESULT_AFTER_ORIGINAL
ElapsedMs: 186393.313
PrimarySnapshotAvailable: 1
PrimaryMotionName: 
PrimaryHasMotionInstance: 0
PrimaryMotionRunning: 0
PrimaryPlayTime: 0.000000
PrimaryMaxTime: 0.000000
PrimaryPlaySpeed: 0.000000
CleanupBehaviorChanged: 0
=====================================

===== PRIMARYFIRST PlayMotion =====
OwnerEntityAddress: EBB66E10
OwnerEntity: PC_Hero
MotionType: 0
Stage: REQUEST_BEFORE_ORIGINAL
ElapsedMs: 186393.363
PrimarySnapshotAvailable: 1
PrimaryMotionName: 
PrimaryHasMotionInstance: 0
PrimaryMotionRunning: 0
PrimaryPlayTime: 0.000000
PrimaryMaxTime: 0.000000
PrimaryPlaySpeed: 0.000000
Stage: RESULT_AFTER_ORIGINAL
ElapsedMs: 186393.374
PrimarySnapshotAvailable: 1
PrimaryMotionName: Hero_Stand_1H_1H_P1_QuickAttackL_Hit_N_Fwd_00_%_00_P1_100_L.xmot
PrimaryHasMotionInstance: 1
PrimaryMotionRunning: 1
PrimaryPlayTime: 0.000000
PrimaryMaxTime: 0.440000
PrimaryPlaySpeed: 1.000000
CleanupBehaviorChanged: 0
=====================================

===== MARKER OWNERSHIP DECISION =====
ElapsedMs: 186393.417
Actor: PC_Hero
CurrentMovementAni: Hero_Stand_1H_1H_P1_QuickAttackL_Hit_N_Fwd_00_%_00_P1_100_L.xmot
MatchingMotionFound: 1
FrameEffectCount: 1
ContainsReservedSourceMarker: 0
RequiredSourceMask: 0
AuthoredRIGHTMarkerCount: 0
FirstRIGHTMarkerFrame: -1
AuthoredLEFTMarkerCount: 0
FirstLEFTMarkerFrame: -1
AuthoredBOTHMarkerCount: 0
FirstBOTHMarkerFrame: -1
AuthoredOFFMarkerCount: 0
FirstOFFMarkerFrame: -1
RightHandSourceResolved: 1
RightHandSource: It_1H_Sword_Rust_01
RightHandSourceAddress: E70E8C10
RightHandSourceUseType: 2
RightHandSourceCollisionGroup: 5
LeftHandSourceResolved: 1
LeftHandSource: It_1H_Sword_Rust_01
LeftHandSourceAddress: E27B4610
LeftHandSourceUseType: 2
LeftHandSourceCollisionGroup: 5
Decision: LEGACY/NATIVE - call original timer callback
=====================================

===== ENGINE SetCollisionGroup =====
ElapsedMs: 186496.924
Entity: It_1H_Sword_Rust_01
ChangedEntityAddress: E27B4610
PlayerSlotMatch: LEFT
PlayerAction: 5
PlayerAniPhase: 1
PlayerPrimaryPose: 2
PlayerStateTime: 0.103996
PlayerStatePosition: 0
PlayerCurrentMovementAni: Hero_Stand_1H_1H_P1_QuickAttackL_Hit_N_Fwd_00_%_00_P1_100_L.xmot
PlayerLeftItem: It_1H_Sword_Rust_01
PlayerLeftItemAddress: E27B4610
PlayerLeftUseType: 2
PlayerLeftCollisionGroup: 7
PlayerRightItem: It_1H_Sword_Rust_01
PlayerRightItemAddress: E70E8C10
PlayerRightUseType: 2
PlayerRightCollisionGroup: 5
RequestedGroup: 7
BeforeGroup: 5
AfterGroup: 7
Item_EquippedValue: 5
Item_AttackValue: 7
RetiredMarkerExecutionCount: 0
====================================

===== COMBATMOVE STARTRECOVER BEGIN =====
ActorAddress: EBB66E10
Actor: PC_Hero
CurrentAction: 5
CurrentAniPhase: 1
CurrentMovementAni: Hero_Stand_1H_1H_P1_QuickAttackL_Hit_N_Fwd_00_%_00_P1_100_L.xmot
Stage: BEGIN
ElapsedMs: 186843.983
PrimarySnapshotAvailable: 1
PrimaryMotionName: Hero_Stand_1H_1H_P1_QuickAttackL_Hit_N_Fwd_00_%_00_P1_100_L.xmot
PrimaryHasMotionInstance: 1
PrimaryMotionRunning: 1
PrimaryPlayTime: 0.439990
PrimaryMaxTime: 0.440000
PrimaryPlaySpeed: 0.000000
LeftHandSourceResolved: 1
LeftHandSource: It_1H_Sword_Rust_01
LeftHandSourceAddress: E27B4610
LeftHandSourceCollisionGroup: 7
RightHandSourceResolved: 1
RightHandSource: It_1H_Sword_Rust_01
RightHandSourceAddress: E70E8C10
RightHandSourceCollisionGroup: 5
CleanupBehaviorChanged: 0
=========================================

===== PRIMARYFIRST StopMotion =====
OwnerEntityAddress: EBB66E10
OwnerEntity: PC_Hero
MotionType: 0
Stage: REQUEST_BEFORE_ORIGINAL
ElapsedMs: 186844.048
PrimarySnapshotAvailable: 1
PrimaryMotionName: 
PrimaryHasMotionInstance: 0
PrimaryMotionRunning: 0
PrimaryPlayTime: 0.000000
PrimaryMaxTime: 0.000000
PrimaryPlaySpeed: 0.000000
Stage: RESULT_AFTER_ORIGINAL
ElapsedMs: 186844.048
PrimarySnapshotAvailable: 1
PrimaryMotionName: 
PrimaryHasMotionInstance: 0
PrimaryMotionRunning: 0
PrimaryPlayTime: 0.000000
PrimaryMaxTime: 0.000000
PrimaryPlaySpeed: 0.000000
CleanupBehaviorChanged: 0
=====================================

===== PRIMARYFIRST PlayMotion =====
OwnerEntityAddress: EBB66E10
OwnerEntity: PC_Hero
MotionType: 0
Stage: REQUEST_BEFORE_ORIGINAL
ElapsedMs: 186844.071
PrimarySnapshotAvailable: 1
PrimaryMotionName: 
PrimaryHasMotionInstance: 0
PrimaryMotionRunning: 0
PrimaryPlayTime: 0.000000
PrimaryMaxTime: 0.000000
PrimaryPlaySpeed: 0.000000
Stage: RESULT_AFTER_ORIGINAL
ElapsedMs: 186844.082
PrimarySnapshotAvailable: 1
PrimaryMotionName: Hero_Stand_1H_1H_P1_QuickAttackL_Recover_N_Fwd_00_%_00_P1_0_L.xmot
PrimaryHasMotionInstance: 1
PrimaryMotionRunning: 1
PrimaryPlayTime: 0.000000
PrimaryMaxTime: 0.400000
PrimaryPlaySpeed: 1.000000
CleanupBehaviorChanged: 0
=====================================

===== COMBATMOVE STARTRECOVER END =====
ActorAddress: EBB66E10
Actor: PC_Hero
CurrentAction: 5
CurrentAniPhase: 3
CurrentMovementAni: Hero_Stand_1H_1H_P1_QuickAttackL_Hit_N_Fwd_00_%_00_P1_100_L.xmot
Stage: END
ElapsedMs: 186844.107
PrimarySnapshotAvailable: 1
PrimaryMotionName: Hero_Stand_1H_1H_P1_QuickAttackL_Recover_N_Fwd_00_%_00_P1_0_L.xmot
PrimaryHasMotionInstance: 1
PrimaryMotionRunning: 1
PrimaryPlayTime: 0.000000
PrimaryMaxTime: 0.400000
PrimaryPlaySpeed: 1.000000
LeftHandSourceResolved: 1
LeftHandSource: It_1H_Sword_Rust_01
LeftHandSourceAddress: E27B4610
LeftHandSourceCollisionGroup: 7
RightHandSourceResolved: 1
RightHandSource: It_1H_Sword_Rust_01
RightHandSourceAddress: E70E8C10
RightHandSourceCollisionGroup: 5
CleanupBehaviorChanged: 0
=========================================

===== ENGINE SetCollisionGroup =====
ElapsedMs: 186844.167
Entity: It_1H_Sword_Rust_01
ChangedEntityAddress: E27B4610
PlayerSlotMatch: LEFT
PlayerAction: 5
PlayerAniPhase: 3
PlayerPrimaryPose: 2
PlayerStateTime: 0.448585
PlayerStatePosition: 1
PlayerCurrentMovementAni: Hero_Stand_1H_1H_P1_QuickAttackL_Hit_N_Fwd_00_%_00_P1_100_L.xmot
PlayerLeftItem: It_1H_Sword_Rust_01
PlayerLeftItemAddress: E27B4610
PlayerLeftUseType: 2
PlayerLeftCollisionGroup: 5
PlayerRightItem: It_1H_Sword_Rust_01
PlayerRightItemAddress: E70E8C10
PlayerRightUseType: 2
PlayerRightCollisionGroup: 5
RequestedGroup: 5
BeforeGroup: 7
AfterGroup: 5
Item_EquippedValue: 5
Item_AttackValue: 7
RetiredMarkerExecutionCount: 0
====================================

===== PRIMARYFIRST PlayMotion =====
OwnerEntityAddress: EBB66E10
OwnerEntity: PC_Hero
MotionType: 0
Stage: REQUEST_BEFORE_ORIGINAL
ElapsedMs: 187253.251
PrimarySnapshotAvailable: 1
PrimaryMotionName: 
PrimaryHasMotionInstance: 0
PrimaryMotionRunning: 0
PrimaryPlayTime: 0.000000
PrimaryMaxTime: 0.000000
PrimaryPlaySpeed: 0.000000
Stage: RESULT_AFTER_ORIGINAL
ElapsedMs: 187253.263
PrimarySnapshotAvailable: 1
PrimaryMotionName: Hero_Stand_1H_1H_P1_Ambient_Loop_N_Fwd_00_%_00_P1_0.xmot
PrimaryHasMotionInstance: 1
PrimaryMotionRunning: 1
PrimaryPlayTime: 0.000000
PrimaryMaxTime: 0.400000
PrimaryPlaySpeed: 1.000000
CleanupBehaviorChanged: 0
=====================================

===== PRIMARYFIRST PlayMotion =====
OwnerEntityAddress: EBB66E10
OwnerEntity: PC_Hero
MotionType: 0
Stage: REQUEST_BEFORE_ORIGINAL
ElapsedMs: 187702.506
PrimarySnapshotAvailable: 1
PrimaryMotionName: 
PrimaryHasMotionInstance: 0
PrimaryMotionRunning: 0
PrimaryPlayTime: 0.000000
PrimaryMaxTime: 0.000000
PrimaryPlaySpeed: 0.000000
Stage: RESULT_AFTER_ORIGINAL
ElapsedMs: 187702.518
PrimarySnapshotAvailable: 1
PrimaryMotionName: Hero_Parade_1H_1H_P1_Ambient_Loop_N_Fwd_00_%_00_P1_0.xmot
PrimaryHasMotionInstance: 1
PrimaryMotionRunning: 1
PrimaryPlayTime: 0.000000
PrimaryMaxTime: 0.400000
PrimaryPlaySpeed: 1.000000
CleanupBehaviorChanged: 0
=====================================

===== PRIMARYFIRST StopMotion =====
OwnerEntityAddress: EBB66E10
OwnerEntity: PC_Hero
MotionType: 0
Stage: REQUEST_BEFORE_ORIGINAL
ElapsedMs: 189803.076
PrimarySnapshotAvailable: 1
PrimaryMotionName: 
PrimaryHasMotionInstance: 0
PrimaryMotionRunning: 0
PrimaryPlayTime: 0.000000
PrimaryMaxTime: 0.000000
PrimaryPlaySpeed: 0.000000
Stage: RESULT_AFTER_ORIGINAL
ElapsedMs: 189803.077
PrimarySnapshotAvailable: 1
PrimaryMotionName: 
PrimaryHasMotionInstance: 0
PrimaryMotionRunning: 0
PrimaryPlayTime: 0.000000
PrimaryMaxTime: 0.000000
PrimaryPlaySpeed: 0.000000
CleanupBehaviorChanged: 0
=====================================

===== PRIMARYFIRST PlayMotion =====
OwnerEntityAddress: EBB66E10
OwnerEntity: PC_Hero
MotionType: 0
Stage: REQUEST_BEFORE_ORIGINAL
ElapsedMs: 189803.127
PrimarySnapshotAvailable: 1
PrimaryMotionName: 
PrimaryHasMotionInstance: 0
PrimaryMotionRunning: 0
PrimaryPlayTime: 0.000000
PrimaryMaxTime: 0.000000
PrimaryPlaySpeed: 0.000000
Stage: RESULT_AFTER_ORIGINAL
ElapsedMs: 189803.139
PrimarySnapshotAvailable: 1
PrimaryMotionName: Hero_Stand_1H_1H_P1_QuickAttackR_Hit_N_Fwd_00_%_00_P1_100_R.xmot
PrimaryHasMotionInstance: 1
PrimaryMotionRunning: 1
PrimaryPlayTime: 0.000000
PrimaryMaxTime: 0.440000
PrimaryPlaySpeed: 1.000000
CleanupBehaviorChanged: 0
=====================================

===== MARKER OWNERSHIP DECISION =====
ElapsedMs: 189803.182
Actor: PC_Hero
CurrentMovementAni: Hero_Stand_1H_1H_P1_QuickAttackR_Hit_N_Fwd_00_%_00_P1_100_R.xmot
MatchingMotionFound: 1
FrameEffectCount: 1
ContainsReservedSourceMarker: 0
RequiredSourceMask: 0
AuthoredRIGHTMarkerCount: 0
FirstRIGHTMarkerFrame: -1
AuthoredLEFTMarkerCount: 0
FirstLEFTMarkerFrame: -1
AuthoredBOTHMarkerCount: 0
FirstBOTHMarkerFrame: -1
AuthoredOFFMarkerCount: 0
FirstOFFMarkerFrame: -1
RightHandSourceResolved: 1
RightHandSource: It_1H_Sword_Rust_01
RightHandSourceAddress: E70E8C10
RightHandSourceUseType: 2
RightHandSourceCollisionGroup: 5
LeftHandSourceResolved: 1
LeftHandSource: It_1H_Sword_Rust_01
LeftHandSourceAddress: E27B4610
LeftHandSourceUseType: 2
LeftHandSourceCollisionGroup: 5
Decision: LEGACY/NATIVE - call original timer callback
=====================================

===== ENGINE SetCollisionGroup =====
ElapsedMs: 189907.462
Entity: It_1H_Sword_Rust_01
ChangedEntityAddress: E27B4610
PlayerSlotMatch: LEFT
PlayerAction: 4
PlayerAniPhase: 1
PlayerPrimaryPose: 2
PlayerStateTime: 0.104988
PlayerStatePosition: 0
PlayerCurrentMovementAni: Hero_Stand_1H_1H_P1_QuickAttackR_Hit_N_Fwd_00_%_00_P1_100_R.xmot
PlayerLeftItem: It_1H_Sword_Rust_01
PlayerLeftItemAddress: E27B4610
PlayerLeftUseType: 2
PlayerLeftCollisionGroup: 7
PlayerRightItem: It_1H_Sword_Rust_01
PlayerRightItemAddress: E70E8C10
PlayerRightUseType: 2
PlayerRightCollisionGroup: 5
RequestedGroup: 7
BeforeGroup: 5
AfterGroup: 7
Item_EquippedValue: 5
Item_AttackValue: 7
RetiredMarkerExecutionCount: 0
====================================

===== PRIMARYFIRST PlayMotion =====
OwnerEntityAddress: EBB66E10
OwnerEntity: PC_Hero
MotionType: 0
Stage: REQUEST_BEFORE_ORIGINAL
ElapsedMs: 190253.223
PrimarySnapshotAvailable: 1
PrimaryMotionName: 
PrimaryHasMotionInstance: 0
PrimaryMotionRunning: 0
PrimaryPlayTime: 0.000000
PrimaryMaxTime: 0.000000
PrimaryPlaySpeed: 0.000000
Stage: RESULT_AFTER_ORIGINAL
ElapsedMs: 190253.235
PrimarySnapshotAvailable: 1
PrimaryMotionName: Hero_Stand_1H_1H_P1_Ambient_Loop_N_Fwd_00_%_00_P1_0.xmot
PrimaryHasMotionInstance: 1
PrimaryMotionRunning: 1
PrimaryPlayTime: 0.000000
PrimaryMaxTime: 0.400000
PrimaryPlaySpeed: 1.000000
CleanupBehaviorChanged: 0
=====================================

===== PRIMARYFIRST PlayMotion =====
OwnerEntityAddress: EBB66E10
OwnerEntity: PC_Hero
MotionType: 0
Stage: REQUEST_BEFORE_ORIGINAL
ElapsedMs: 191234.121
PrimarySnapshotAvailable: 1
PrimaryMotionName: 
PrimaryHasMotionInstance: 0
PrimaryMotionRunning: 0
PrimaryPlayTime: 0.000000
PrimaryMaxTime: 0.000000
PrimaryPlaySpeed: 0.000000
Stage: RESULT_AFTER_ORIGINAL
ElapsedMs: 191234.133
PrimarySnapshotAvailable: 1
PrimaryMotionName: Hero_Parade_1H_1H_P1_Ambient_Loop_N_Fwd_00_%_00_P1_0.xmot
PrimaryHasMotionInstance: 1
PrimaryMotionRunning: 1
PrimaryPlayTime: 0.000000
PrimaryMaxTime: 0.400000
PrimaryPlaySpeed: 1.000000
CleanupBehaviorChanged: 0
=====================================

===== PRIMARYFIRST StopMotion =====
OwnerEntityAddress: EBB66E10
OwnerEntity: PC_Hero
MotionType: 0
Stage: REQUEST_BEFORE_ORIGINAL
ElapsedMs: 193477.166
PrimarySnapshotAvailable: 1
PrimaryMotionName: 
PrimaryHasMotionInstance: 0
PrimaryMotionRunning: 0
PrimaryPlayTime: 0.000000
PrimaryMaxTime: 0.000000
PrimaryPlaySpeed: 0.000000
Stage: RESULT_AFTER_ORIGINAL
ElapsedMs: 193477.168
PrimarySnapshotAvailable: 1
PrimaryMotionName: 
PrimaryHasMotionInstance: 0
PrimaryMotionRunning: 0
PrimaryPlayTime: 0.000000
PrimaryMaxTime: 0.000000
PrimaryPlaySpeed: 0.000000
CleanupBehaviorChanged: 0
=====================================

===== PRIMARYFIRST PlayMotion =====
OwnerEntityAddress: EBB66E10
OwnerEntity: PC_Hero
MotionType: 0
Stage: REQUEST_BEFORE_ORIGINAL
ElapsedMs: 193477.218
PrimarySnapshotAvailable: 1
PrimaryMotionName: 
PrimaryHasMotionInstance: 0
PrimaryMotionRunning: 0
PrimaryPlayTime: 0.000000
PrimaryMaxTime: 0.000000
PrimaryPlaySpeed: 0.000000
Stage: RESULT_AFTER_ORIGINAL
ElapsedMs: 193477.230
PrimarySnapshotAvailable: 1
PrimaryMotionName: Hero_Stand_1H_1H_P1_QuickAttackL_Hit_N_Fwd_00_%_00_P1_100_L.xmot
PrimaryHasMotionInstance: 1
PrimaryMotionRunning: 1
PrimaryPlayTime: 0.000000
PrimaryMaxTime: 0.440000
PrimaryPlaySpeed: 1.000000
CleanupBehaviorChanged: 0
=====================================

===== MARKER OWNERSHIP DECISION =====
ElapsedMs: 193477.273
Actor: PC_Hero
CurrentMovementAni: Hero_Stand_1H_1H_P1_QuickAttackL_Hit_N_Fwd_00_%_00_P1_100_L.xmot
MatchingMotionFound: 1
FrameEffectCount: 1
ContainsReservedSourceMarker: 0
RequiredSourceMask: 0
AuthoredRIGHTMarkerCount: 0
FirstRIGHTMarkerFrame: -1
AuthoredLEFTMarkerCount: 0
FirstLEFTMarkerFrame: -1
AuthoredBOTHMarkerCount: 0
FirstBOTHMarkerFrame: -1
AuthoredOFFMarkerCount: 0
FirstOFFMarkerFrame: -1
RightHandSourceResolved: 1
RightHandSource: It_1H_Sword_Rust_01
RightHandSourceAddress: E70E8C10
RightHandSourceUseType: 2
RightHandSourceCollisionGroup: 5
LeftHandSourceResolved: 1
LeftHandSource: It_1H_Sword_Rust_01
LeftHandSourceAddress: E27B4610
LeftHandSourceUseType: 2
LeftHandSourceCollisionGroup: 7
Decision: LEGACY/NATIVE - call original timer callback
=====================================

===== ENGINE SetCollisionGroup =====
ElapsedMs: 193580.743
Entity: It_1H_Sword_Rust_01
ChangedEntityAddress: E27B4610
PlayerSlotMatch: LEFT
PlayerAction: 5
PlayerAniPhase: 1
PlayerPrimaryPose: 2
PlayerStateTime: 0.104008
PlayerStatePosition: 0
PlayerCurrentMovementAni: Hero_Stand_1H_1H_P1_QuickAttackL_Hit_N_Fwd_00_%_00_P1_100_L.xmot
PlayerLeftItem: It_1H_Sword_Rust_01
PlayerLeftItemAddress: E27B4610
PlayerLeftUseType: 2
PlayerLeftCollisionGroup: 7
PlayerRightItem: It_1H_Sword_Rust_01
PlayerRightItemAddress: E70E8C10
PlayerRightUseType: 2
PlayerRightCollisionGroup: 5
RequestedGroup: 7
BeforeGroup: 7
AfterGroup: 7
Item_EquippedValue: 5
Item_AttackValue: 7
RetiredMarkerExecutionCount: 0
====================================

===== PRIMARYFIRST PlayMotion =====
OwnerEntityAddress: EBB66E10
OwnerEntity: PC_Hero
MotionType: 0
Stage: REQUEST_BEFORE_ORIGINAL
ElapsedMs: 193917.111
PrimarySnapshotAvailable: 1
PrimaryMotionName: 
PrimaryHasMotionInstance: 0
PrimaryMotionRunning: 0
PrimaryPlayTime: 0.000000
PrimaryMaxTime: 0.000000
PrimaryPlaySpeed: 0.000000
Stage: RESULT_AFTER_ORIGINAL
ElapsedMs: 193917.125
PrimarySnapshotAvailable: 1
PrimaryMotionName: Hero_Stand_1H_1H_P1_Ambient_Loop_N_Fwd_00_%_00_P1_0.xmot
PrimaryHasMotionInstance: 1
PrimaryMotionRunning: 1
PrimaryPlayTime: 0.000000
PrimaryMaxTime: 0.400000
PrimaryPlaySpeed: 1.000000
CleanupBehaviorChanged: 0
=====================================

===== PRIMARYFIRST StopMotion =====
OwnerEntityAddress: EBB66E10
OwnerEntity: PC_Hero
MotionType: 0
Stage: REQUEST_BEFORE_ORIGINAL
ElapsedMs: 197075.378
PrimarySnapshotAvailable: 1
PrimaryMotionName: 
PrimaryHasMotionInstance: 0
PrimaryMotionRunning: 0
PrimaryPlayTime: 0.000000
PrimaryMaxTime: 0.000000
PrimaryPlaySpeed: 0.000000
Stage: RESULT_AFTER_ORIGINAL
ElapsedMs: 197075.379
PrimarySnapshotAvailable: 1
PrimaryMotionName: 
PrimaryHasMotionInstance: 0
PrimaryMotionRunning: 0
PrimaryPlayTime: 0.000000
PrimaryMaxTime: 0.000000
PrimaryPlaySpeed: 0.000000
CleanupBehaviorChanged: 0
=====================================

===== PRIMARYFIRST PlayMotion =====
OwnerEntityAddress: EBB66E10
OwnerEntity: PC_Hero
MotionType: 0
Stage: REQUEST_BEFORE_ORIGINAL
ElapsedMs: 197075.417
PrimarySnapshotAvailable: 1
PrimaryMotionName: 
PrimaryHasMotionInstance: 0
PrimaryMotionRunning: 0
PrimaryPlayTime: 0.000000
PrimaryMaxTime: 0.000000
PrimaryPlaySpeed: 0.000000
Stage: RESULT_AFTER_ORIGINAL
ElapsedMs: 197075.428
PrimarySnapshotAvailable: 1
PrimaryMotionName: Hero_Stand_1H_1H_P1_Hold_End_N_Fwd_00_%_00_P1_0.xmot
PrimaryHasMotionInstance: 1
PrimaryMotionRunning: 1
PrimaryPlayTime: 0.000000
PrimaryMaxTime: 0.800000
PrimaryPlaySpeed: 1.000000
CleanupBehaviorChanged: 0
=====================================

===== ENGINE SetCollisionGroup =====
ElapsedMs: 197790.828
Entity: It_1H_Sword_Rust_01
ChangedEntityAddress: E27B4610
PlayerSlotMatch: LEFT
PlayerAction: 68
PlayerAniPhase: 6
PlayerPrimaryPose: 2
PlayerStateTime: 0.803985
PlayerStatePosition: 0
PlayerCurrentMovementAni: Hero_Stand_1H_1H_P1_Hold_End_N_Fwd_00_%_00_P1_0.xmot
PlayerLeftItem: It_1H_Sword_Rust_01
PlayerLeftItemAddress: E27B4610
PlayerLeftUseType: 2
PlayerLeftCollisionGroup: 6
PlayerRightItem: <none>
PlayerRightItemAddress: 00000000
PlayerRightUseType: -1
PlayerRightCollisionGroup: -1
RequestedGroup: 6
BeforeGroup: 7
AfterGroup: 6
Item_EquippedValue: 5
Item_AttackValue: 7
RetiredMarkerExecutionCount: 0
====================================

===== PRIMARYFIRST StopMotion =====
OwnerEntityAddress: EBB66E10
OwnerEntity: PC_Hero
MotionType: 0
Stage: REQUEST_BEFORE_ORIGINAL
ElapsedMs: 197790.976
PrimarySnapshotAvailable: 1
PrimaryMotionName: 
PrimaryHasMotionInstance: 0
PrimaryMotionRunning: 0
PrimaryPlayTime: 0.000000
PrimaryMaxTime: 0.000000
PrimaryPlaySpeed: 0.000000
Stage: RESULT_AFTER_ORIGINAL
ElapsedMs: 197790.977
PrimarySnapshotAvailable: 1
PrimaryMotionName: 
PrimaryHasMotionInstance: 0
PrimaryMotionRunning: 0
PrimaryPlayTime: 0.000000
PrimaryMaxTime: 0.000000
PrimaryPlaySpeed: 0.000000
CleanupBehaviorChanged: 0
=====================================

===== PRIMARYFIRST PlayMotion =====
OwnerEntityAddress: EBB66E10
OwnerEntity: PC_Hero
MotionType: 0
Stage: REQUEST_BEFORE_ORIGINAL
ElapsedMs: 197791.005
PrimarySnapshotAvailable: 1
PrimaryMotionName: 
PrimaryHasMotionInstance: 0
PrimaryMotionRunning: 0
PrimaryPlayTime: 0.000000
PrimaryMaxTime: 0.000000
PrimaryPlaySpeed: 0.000000
Stage: RESULT_AFTER_ORIGINAL
ElapsedMs: 197791.016
PrimarySnapshotAvailable: 1
PrimaryMotionName: Hero_Stand_1H_1H_P0_Hold_Begin_N_Fwd_00_%_00_P0_0.xmot
PrimaryHasMotionInstance: 1
PrimaryMotionRunning: 1
PrimaryPlayTime: 0.000000
PrimaryMaxTime: 0.360000
PrimaryPlaySpeed: 1.000000
CleanupBehaviorChanged: 0
=====================================

===== PRIMARYFIRST StopMotion =====
OwnerEntityAddress: EBB66E10
OwnerEntity: PC_Hero
MotionType: 0
Stage: REQUEST_BEFORE_ORIGINAL
ElapsedMs: 198121.120
PrimarySnapshotAvailable: 1
PrimaryMotionName: 
PrimaryHasMotionInstance: 0
PrimaryMotionRunning: 0
PrimaryPlayTime: 0.000000
PrimaryMaxTime: 0.000000
PrimaryPlaySpeed: 0.000000
Stage: RESULT_AFTER_ORIGINAL
ElapsedMs: 198121.120
PrimarySnapshotAvailable: 1
PrimaryMotionName: 
PrimaryHasMotionInstance: 0
PrimaryMotionRunning: 0
PrimaryPlayTime: 0.000000
PrimaryMaxTime: 0.000000
PrimaryPlaySpeed: 0.000000
CleanupBehaviorChanged: 0
=====================================

===== PRIMARYFIRST PlayMotion =====
OwnerEntityAddress: EBB66E10
OwnerEntity: PC_Hero
MotionType: 0
Stage: REQUEST_BEFORE_ORIGINAL
ElapsedMs: 198121.159
PrimarySnapshotAvailable: 1
PrimaryMotionName: 
PrimaryHasMotionInstance: 0
PrimaryMotionRunning: 0
PrimaryPlayTime: 0.000000
PrimaryMaxTime: 0.000000
PrimaryPlaySpeed: 0.000000
Stage: RESULT_AFTER_ORIGINAL
ElapsedMs: 198121.169
PrimarySnapshotAvailable: 1
PrimaryMotionName: Hero_Stand_None_Staff_P0_HoldRight_Begin_N_Fwd_00_%_00_P0_0.xmot
PrimaryHasMotionInstance: 1
PrimaryMotionRunning: 1
PrimaryPlayTime: 0.000000
PrimaryMaxTime: 0.360000
PrimaryPlaySpeed: 1.000000
CleanupBehaviorChanged: 0
=====================================

===== PRIMARYFIRST StopMotion =====
OwnerEntityAddress: EBB66E10
OwnerEntity: PC_Hero
MotionType: 0
Stage: REQUEST_BEFORE_ORIGINAL
ElapsedMs: 198446.295
PrimarySnapshotAvailable: 1
PrimaryMotionName: 
PrimaryHasMotionInstance: 0
PrimaryMotionRunning: 0
PrimaryPlayTime: 0.000000
PrimaryMaxTime: 0.000000
PrimaryPlaySpeed: 0.000000
Stage: RESULT_AFTER_ORIGINAL
ElapsedMs: 198446.295
PrimarySnapshotAvailable: 1
PrimaryMotionName: 
PrimaryHasMotionInstance: 0
PrimaryMotionRunning: 0
PrimaryPlayTime: 0.000000
PrimaryMaxTime: 0.000000
PrimaryPlaySpeed: 0.000000
CleanupBehaviorChanged: 0
=====================================

===== PRIMARYFIRST PlayMotion =====
OwnerEntityAddress: EBB66E10
OwnerEntity: PC_Hero
MotionType: 0
Stage: REQUEST_BEFORE_ORIGINAL
ElapsedMs: 198446.336
PrimarySnapshotAvailable: 1
PrimaryMotionName: 
PrimaryHasMotionInstance: 0
PrimaryMotionRunning: 0
PrimaryPlayTime: 0.000000
PrimaryMaxTime: 0.000000
PrimaryPlaySpeed: 0.000000
Stage: RESULT_AFTER_ORIGINAL
ElapsedMs: 198446.346
PrimarySnapshotAvailable: 1
PrimaryMotionName: Hero_Stand_None_Staff_P0_HoldRight_End_N_Fwd_00_%_00_P0_0.xmot
PrimaryHasMotionInstance: 1
PrimaryMotionRunning: 1
PrimaryPlayTime: 0.000000
PrimaryMaxTime: 0.400000
PrimaryPlaySpeed: 1.000000
CleanupBehaviorChanged: 0
=====================================

===== PRIMARYFIRST StopMotion =====
OwnerEntityAddress: EBB66E10
OwnerEntity: PC_Hero
MotionType: 0
Stage: REQUEST_BEFORE_ORIGINAL
ElapsedMs: 199977.895
PrimarySnapshotAvailable: 1
PrimaryMotionName: Hero_Stand_None_Staff_P0_HoldRight_End_N_Fwd_00_%_00_P0_0.xmot
PrimaryHasMotionInstance: 1
PrimaryMotionRunning: 1
PrimaryPlayTime: 0.399990
PrimaryMaxTime: 0.400000
PrimaryPlaySpeed: 0.000000
Stage: RESULT_AFTER_ORIGINAL
ElapsedMs: 199977.898
PrimarySnapshotAvailable: 1
PrimaryMotionName: 
PrimaryHasMotionInstance: 0
PrimaryMotionRunning: 0
PrimaryPlayTime: 0.000000
PrimaryMaxTime: 0.000000
PrimaryPlaySpeed: 0.000000
CleanupBehaviorChanged: 0
=====================================

===== PRIMARYFIRST PlayMotion =====
OwnerEntityAddress: EBB66E10
OwnerEntity: PC_Hero
MotionType: 0
Stage: REQUEST_BEFORE_ORIGINAL
ElapsedMs: 199977.947
PrimarySnapshotAvailable: 1
PrimaryMotionName: 
PrimaryHasMotionInstance: 0
PrimaryMotionRunning: 0
PrimaryPlayTime: 0.000000
PrimaryMaxTime: 0.000000
PrimaryPlaySpeed: 0.000000
Stage: RESULT_AFTER_ORIGINAL
ElapsedMs: 199981.258
PrimarySnapshotAvailable: 1
PrimaryMotionName: Hero_Stand_None_Staff_P0_Move_Stand_N_Fwd_00_%_00_P0_0.xmot
PrimaryHasMotionInstance: 1
PrimaryMotionRunning: 1
PrimaryPlayTime: 0.000000
PrimaryMaxTime: 0.000000
PrimaryPlaySpeed: 1.000000
CleanupBehaviorChanged: 0
=====================================

===== PRIMARYFIRST PlayMotion =====
OwnerEntityAddress: EBB66E10
OwnerEntity: PC_Hero
MotionType: 0
Stage: REQUEST_BEFORE_ORIGINAL
ElapsedMs: 200108.345
PrimarySnapshotAvailable: 1
PrimaryMotionName: 
PrimaryHasMotionInstance: 0
PrimaryMotionRunning: 0
PrimaryPlayTime: 0.000000
PrimaryMaxTime: 0.000000
PrimaryPlaySpeed: 0.000000
Stage: RESULT_AFTER_ORIGINAL
ElapsedMs: 200108.488
PrimarySnapshotAvailable: 1
PrimaryMotionName: Hero_Stand_None_Staff_P0_Ambient_Loop_N_Fwd_00_%_00_P0_0.xmot
PrimaryHasMotionInstance: 1
PrimaryMotionRunning: 1
PrimaryPlayTime: 0.000000
PrimaryMaxTime: 0.000000
PrimaryPlaySpeed: 1.000000
CleanupBehaviorChanged: 0
=====================================

===== PRIMARYFIRST PlayMotion =====
OwnerEntityAddress: EBB66E10
OwnerEntity: PC_Hero
MotionType: 0
Stage: REQUEST_BEFORE_ORIGINAL
ElapsedMs: 200688.917
PrimarySnapshotAvailable: 1
PrimaryMotionName: 
PrimaryHasMotionInstance: 0
PrimaryMotionRunning: 0
PrimaryPlayTime: 0.000000
PrimaryMaxTime: 0.000000
PrimaryPlaySpeed: 0.000000
Stage: RESULT_AFTER_ORIGINAL
ElapsedMs: 200689.073
PrimarySnapshotAvailable: 1
PrimaryMotionName: Hero_Parade_None_Staff_P0_Ambient_Loop_N_Fwd_00_%_00_P0_0.xmot
PrimaryHasMotionInstance: 1
PrimaryMotionRunning: 1
PrimaryPlayTime: 0.000000
PrimaryMaxTime: 0.000000
PrimaryPlaySpeed: 1.000000
CleanupBehaviorChanged: 0
=====================================

===== PRIMARYFIRST PlayMotion =====
OwnerEntityAddress: EBB66E10
OwnerEntity: PC_Hero
MotionType: 0
Stage: REQUEST_BEFORE_ORIGINAL
ElapsedMs: 203149.115
PrimarySnapshotAvailable: 1
PrimaryMotionName: 
PrimaryHasMotionInstance: 0
PrimaryMotionRunning: 0
PrimaryPlayTime: 0.000000
PrimaryMaxTime: 0.000000
PrimaryPlaySpeed: 0.000000
Stage: RESULT_AFTER_ORIGINAL
ElapsedMs: 203149.128
PrimarySnapshotAvailable: 1
PrimaryMotionName: Hero_Stand_None_Staff_P0_Ambient_Loop_N_Fwd_00_%_00_P0_0.xmot
PrimaryHasMotionInstance: 1
PrimaryMotionRunning: 1
PrimaryPlayTime: 0.000000
PrimaryMaxTime: 0.000000
PrimaryPlaySpeed: 1.000000
CleanupBehaviorChanged: 0
=====================================

===== PRIMARYFIRST StopMotion =====
OwnerEntityAddress: EBB66E10
OwnerEntity: PC_Hero
MotionType: 0
Stage: REQUEST_BEFORE_ORIGINAL
ElapsedMs: 203260.240
PrimarySnapshotAvailable: 1
PrimaryMotionName: 
PrimaryHasMotionInstance: 0
PrimaryMotionRunning: 0
PrimaryPlayTime: 0.000000
PrimaryMaxTime: 0.000000
PrimaryPlaySpeed: 0.000000
Stage: RESULT_AFTER_ORIGINAL
ElapsedMs: 203260.241
PrimarySnapshotAvailable: 1
PrimaryMotionName: 
PrimaryHasMotionInstance: 0
PrimaryMotionRunning: 0
PrimaryPlayTime: 0.000000
PrimaryMaxTime: 0.000000
PrimaryPlaySpeed: 0.000000
CleanupBehaviorChanged: 0
=====================================

===== PRIMARYFIRST PlayMotion =====
OwnerEntityAddress: EBB66E10
OwnerEntity: PC_Hero
MotionType: 0
Stage: REQUEST_BEFORE_ORIGINAL
ElapsedMs: 203260.278
PrimarySnapshotAvailable: 1
PrimaryMotionName: 
PrimaryHasMotionInstance: 0
PrimaryMotionRunning: 0
PrimaryPlayTime: 0.000000
PrimaryMaxTime: 0.000000
PrimaryPlaySpeed: 0.000000
Stage: RESULT_AFTER_ORIGINAL
ElapsedMs: 203260.290
PrimarySnapshotAvailable: 1
PrimaryMotionName: Hero_Parade_None_Staff_P0_FinishingAttack_Raise_N_Fwd_00_%_00_P0_0.xmot
PrimaryHasMotionInstance: 1
PrimaryMotionRunning: 1
PrimaryPlayTime: 0.000000
PrimaryMaxTime: 0.760000
PrimaryPlaySpeed: 1.000000
CleanupBehaviorChanged: 0
=====================================

===== PRIMARYFIRST StopMotion =====
OwnerEntityAddress: EBB66E10
OwnerEntity: PC_Hero
MotionType: 0
Stage: REQUEST_BEFORE_ORIGINAL
ElapsedMs: 204026.301
PrimarySnapshotAvailable: 1
PrimaryMotionName: 
PrimaryHasMotionInstance: 0
PrimaryMotionRunning: 0
PrimaryPlayTime: 0.000000
PrimaryMaxTime: 0.000000
PrimaryPlaySpeed: 0.000000
Stage: RESULT_AFTER_ORIGINAL
ElapsedMs: 204026.302
PrimarySnapshotAvailable: 1
PrimaryMotionName: 
PrimaryHasMotionInstance: 0
PrimaryMotionRunning: 0
PrimaryPlayTime: 0.000000
PrimaryMaxTime: 0.000000
PrimaryPlaySpeed: 0.000000
CleanupBehaviorChanged: 0
=====================================

===== PRIMARYFIRST PlayMotion =====
OwnerEntityAddress: EBB66E10
OwnerEntity: PC_Hero
MotionType: 0
Stage: REQUEST_BEFORE_ORIGINAL
ElapsedMs: 204026.339
PrimarySnapshotAvailable: 1
PrimaryMotionName: 
PrimaryHasMotionInstance: 0
PrimaryMotionRunning: 0
PrimaryPlayTime: 0.000000
PrimaryMaxTime: 0.000000
PrimaryPlaySpeed: 0.000000
Stage: RESULT_AFTER_ORIGINAL
ElapsedMs: 204026.350
PrimarySnapshotAvailable: 1
PrimaryMotionName: Hero_Parade_None_Staff_P0_FinishingAttack_Hit_N_Fwd_00_%_00_P0_50.xmot
PrimaryHasMotionInstance: 1
PrimaryMotionRunning: 1
PrimaryPlayTime: 0.000000
PrimaryMaxTime: 0.600000
PrimaryPlaySpeed: 1.000000
CleanupBehaviorChanged: 0
=====================================

===== ENGINE SetCollisionGroup =====
ElapsedMs: 204026.399
Entity: Wrestling Staff_BBM
ChangedEntityAddress: E27B4610
PlayerSlotMatch: RIGHT
PlayerAction: 14
PlayerAniPhase: 1
PlayerPrimaryPose: 1
PlayerStateTime: 0.765866
PlayerStatePosition: 0
PlayerCurrentMovementAni: Hero_Parade_None_Staff_P0_FinishingAttack_Hit_N_Fwd_00_%_00_P0_50.xmot
PlayerLeftItem: <none>
PlayerLeftItemAddress: 00000000
PlayerLeftUseType: -1
PlayerLeftCollisionGroup: -1
PlayerRightItem: Wrestling Staff_BBM
PlayerRightItemAddress: E27B4610
PlayerRightUseType: 12
PlayerRightCollisionGroup: 7
RequestedGroup: 7
BeforeGroup: 5
AfterGroup: 7
Item_EquippedValue: 5
Item_AttackValue: 7
RetiredMarkerExecutionCount: 0
====================================

===== COMBATMOVE STARTRECOVER BEGIN =====
ActorAddress: EBB66E10
Actor: PC_Hero
CurrentAction: 14
CurrentAniPhase: 1
CurrentMovementAni: Hero_Parade_None_Staff_P0_FinishingAttack_Hit_N_Fwd_00_%_00_P0_50.xmot
Stage: BEGIN
ElapsedMs: 204650.497
PrimarySnapshotAvailable: 1
PrimaryMotionName: Hero_Parade_None_Staff_P0_FinishingAttack_Hit_N_Fwd_00_%_00_P0_50.xmot
PrimaryHasMotionInstance: 1
PrimaryMotionRunning: 1
PrimaryPlayTime: 0.599990
PrimaryMaxTime: 0.600000
PrimaryPlaySpeed: 0.000000
LeftHandSourceResolved: 0
RightHandSourceResolved: 1
RightHandSource: Wrestling Staff_BBM
RightHandSourceAddress: E27B4610
RightHandSourceCollisionGroup: 7
CleanupBehaviorChanged: 0
=========================================

===== PRIMARYFIRST StopMotion =====
OwnerEntityAddress: EBB66E10
OwnerEntity: PC_Hero
MotionType: 0
Stage: REQUEST_BEFORE_ORIGINAL
ElapsedMs: 204651.140
PrimarySnapshotAvailable: 1
PrimaryMotionName: 
PrimaryHasMotionInstance: 0
PrimaryMotionRunning: 0
PrimaryPlayTime: 0.000000
PrimaryMaxTime: 0.000000
PrimaryPlaySpeed: 0.000000
Stage: RESULT_AFTER_ORIGINAL
ElapsedMs: 204651.141
PrimarySnapshotAvailable: 1
PrimaryMotionName: 
PrimaryHasMotionInstance: 0
PrimaryMotionRunning: 0
PrimaryPlayTime: 0.000000
PrimaryMaxTime: 0.000000
PrimaryPlaySpeed: 0.000000
CleanupBehaviorChanged: 0
=====================================

===== PRIMARYFIRST PlayMotion =====
OwnerEntityAddress: EBB66E10
OwnerEntity: PC_Hero
MotionType: 0
Stage: REQUEST_BEFORE_ORIGINAL
ElapsedMs: 204651.171
PrimarySnapshotAvailable: 1
PrimaryMotionName: 
PrimaryHasMotionInstance: 0
PrimaryMotionRunning: 0
PrimaryPlayTime: 0.000000
PrimaryMaxTime: 0.000000
PrimaryPlaySpeed: 0.000000
Stage: RESULT_AFTER_ORIGINAL
ElapsedMs: 204651.181
PrimarySnapshotAvailable: 1
PrimaryMotionName: Hero_Parade_None_Staff_P0_FinishingAttack_Recover_N_Fwd_00_%_00_P0_0.xmot
PrimaryHasMotionInstance: 1
PrimaryMotionRunning: 1
PrimaryPlayTime: 0.000000
PrimaryMaxTime: 2.160000
PrimaryPlaySpeed: 1.000000
CleanupBehaviorChanged: 0
=====================================

===== COMBATMOVE STARTRECOVER END =====
ActorAddress: EBB66E10
Actor: PC_Hero
CurrentAction: 14
CurrentAniPhase: 3
CurrentMovementAni: Hero_Parade_None_Staff_P0_FinishingAttack_Hit_N_Fwd_00_%_00_P0_50.xmot
Stage: END
ElapsedMs: 204651.204
PrimarySnapshotAvailable: 1
PrimaryMotionName: Hero_Parade_None_Staff_P0_FinishingAttack_Recover_N_Fwd_00_%_00_P0_0.xmot
PrimaryHasMotionInstance: 1
PrimaryMotionRunning: 1
PrimaryPlayTime: 0.000000
PrimaryMaxTime: 2.160000
PrimaryPlaySpeed: 1.000000
LeftHandSourceResolved: 0
RightHandSourceResolved: 1
RightHandSource: Wrestling Staff_BBM
RightHandSourceAddress: E27B4610
RightHandSourceCollisionGroup: 7
CleanupBehaviorChanged: 0
=========================================

===== ENGINE SetCollisionGroup =====
ElapsedMs: 204651.262
Entity: Wrestling Staff_BBM
ChangedEntityAddress: E27B4610
PlayerSlotMatch: RIGHT
PlayerAction: 14
PlayerAniPhase: 3
PlayerPrimaryPose: 1
PlayerStateTime: 1.372341
PlayerStatePosition: 1
PlayerCurrentMovementAni: Hero_Parade_None_Staff_P0_FinishingAttack_Hit_N_Fwd_00_%_00_P0_50.xmot
PlayerLeftItem: <none>
PlayerLeftItemAddress: 00000000
PlayerLeftUseType: -1
PlayerLeftCollisionGroup: -1
PlayerRightItem: Wrestling Staff_BBM
PlayerRightItemAddress: E27B4610
PlayerRightUseType: 12
PlayerRightCollisionGroup: 5
RequestedGroup: 5
BeforeGroup: 7
AfterGroup: 5
Item_EquippedValue: 5
Item_AttackValue: 7
RetiredMarkerExecutionCount: 0
====================================

===== PRIMARYFIRST StopMotion =====
OwnerEntityAddress: EBB66E10
OwnerEntity: PC_Hero
MotionType: 0
Stage: REQUEST_BEFORE_ORIGINAL
ElapsedMs: 204651.304
PrimarySnapshotAvailable: 1
PrimaryMotionName: 
PrimaryHasMotionInstance: 0
PrimaryMotionRunning: 0
PrimaryPlayTime: 0.000000
PrimaryMaxTime: 0.000000
PrimaryPlaySpeed: 0.000000
Stage: RESULT_AFTER_ORIGINAL
ElapsedMs: 204651.304
PrimarySnapshotAvailable: 1
PrimaryMotionName: 
PrimaryHasMotionInstance: 0
PrimaryMotionRunning: 0
PrimaryPlayTime: 0.000000
PrimaryMaxTime: 0.000000
PrimaryPlaySpeed: 0.000000
CleanupBehaviorChanged: 0
=====================================

===== PRIMARYFIRST PlayMotion =====
OwnerEntityAddress: EBB66E10
OwnerEntity: PC_Hero
MotionType: 0
Stage: REQUEST_BEFORE_ORIGINAL
ElapsedMs: 204651.328
PrimarySnapshotAvailable: 1
PrimaryMotionName: 
PrimaryHasMotionInstance: 0
PrimaryMotionRunning: 0
PrimaryPlayTime: 0.000000
PrimaryMaxTime: 0.000000
PrimaryPlaySpeed: 0.000000
Stage: RESULT_AFTER_ORIGINAL
ElapsedMs: 204651.336
PrimarySnapshotAvailable: 1
PrimaryMotionName: Hero_Parade_None_Staff_P0_FinishingAttack_Recover_N_Fwd_00_%_00_P0_0.xmot
PrimaryHasMotionInstance: 1
PrimaryMotionRunning: 1
PrimaryPlayTime: 0.000000
PrimaryMaxTime: 2.160000
PrimaryPlaySpeed: 1.000000
CleanupBehaviorChanged: 0
=====================================

===== PRIMARYFIRST PlayMotion =====
OwnerEntityAddress: EBB66E10
OwnerEntity: PC_Hero
MotionType: 0
Stage: REQUEST_BEFORE_ORIGINAL
ElapsedMs: 206808.841
PrimarySnapshotAvailable: 1
PrimaryMotionName: 
PrimaryHasMotionInstance: 0
PrimaryMotionRunning: 0
PrimaryPlayTime: 0.000000
PrimaryMaxTime: 0.000000
PrimaryPlaySpeed: 0.000000
Stage: RESULT_AFTER_ORIGINAL
ElapsedMs: 206808.854
PrimarySnapshotAvailable: 1
PrimaryMotionName: Hero_Stand_None_Staff_P0_Ambient_Loop_N_Fwd_00_%_00_P0_0.xmot
PrimaryHasMotionInstance: 1
PrimaryMotionRunning: 1
PrimaryPlayTime: 0.000000
PrimaryMaxTime: 0.000000
PrimaryPlaySpeed: 1.000000
CleanupBehaviorChanged: 0
=====================================

===== PRIMARYFIRST PlayMotion =====
OwnerEntityAddress: EBB66E10
OwnerEntity: PC_Hero
MotionType: 0
Stage: REQUEST_BEFORE_ORIGINAL
ElapsedMs: 207596.076
PrimarySnapshotAvailable: 1
PrimaryMotionName: 
PrimaryHasMotionInstance: 0
PrimaryMotionRunning: 0
PrimaryPlayTime: 0.000000
PrimaryMaxTime: 0.000000
PrimaryPlaySpeed: 0.000000
Stage: RESULT_AFTER_ORIGINAL
ElapsedMs: 207596.089
PrimarySnapshotAvailable: 1
PrimaryMotionName: Hero_Parade_None_Staff_P0_Ambient_Loop_N_Fwd_00_%_00_P0_0.xmot
PrimaryHasMotionInstance: 1
PrimaryMotionRunning: 1
PrimaryPlayTime: 0.000000
PrimaryMaxTime: 0.000000
PrimaryPlaySpeed: 1.000000
CleanupBehaviorChanged: 0
=====================================

===== PRIMARYFIRST StopMotion =====
OwnerEntityAddress: EBB66E10
OwnerEntity: PC_Hero
MotionType: 0
Stage: REQUEST_BEFORE_ORIGINAL
ElapsedMs: 208679.840
PrimarySnapshotAvailable: 1
PrimaryMotionName: 
PrimaryHasMotionInstance: 0
PrimaryMotionRunning: 0
PrimaryPlayTime: 0.000000
PrimaryMaxTime: 0.000000
PrimaryPlaySpeed: 0.000000
Stage: RESULT_AFTER_ORIGINAL
ElapsedMs: 208679.840
PrimarySnapshotAvailable: 1
PrimaryMotionName: 
PrimaryHasMotionInstance: 0
PrimaryMotionRunning: 0
PrimaryPlayTime: 0.000000
PrimaryMaxTime: 0.000000
PrimaryPlaySpeed: 0.000000
CleanupBehaviorChanged: 0
=====================================

===== PRIMARYFIRST PlayMotion =====
OwnerEntityAddress: EBB66E10
OwnerEntity: PC_Hero
MotionType: 0
Stage: REQUEST_BEFORE_ORIGINAL
ElapsedMs: 208679.899
PrimarySnapshotAvailable: 1
PrimaryMotionName: 
PrimaryHasMotionInstance: 0
PrimaryMotionRunning: 0
PrimaryPlayTime: 0.000000
PrimaryMaxTime: 0.000000
PrimaryPlaySpeed: 0.000000
Stage: RESULT_AFTER_ORIGINAL
ElapsedMs: 208679.910
PrimarySnapshotAvailable: 1
PrimaryMotionName: Hero_Parade_None_Staff_P0_FinishingAttack_Raise_N_Fwd_00_%_00_P0_0.xmot
PrimaryHasMotionInstance: 1
PrimaryMotionRunning: 1
PrimaryPlayTime: 0.000000
PrimaryMaxTime: 0.760000
PrimaryPlaySpeed: 1.000000
CleanupBehaviorChanged: 0
=====================================

===== PRIMARYFIRST StopMotion =====
OwnerEntityAddress: EBB66E10
OwnerEntity: PC_Hero
MotionType: 0
Stage: REQUEST_BEFORE_ORIGINAL
ElapsedMs: 209442.508
PrimarySnapshotAvailable: 1
PrimaryMotionName: 
PrimaryHasMotionInstance: 0
PrimaryMotionRunning: 0
PrimaryPlayTime: 0.000000
PrimaryMaxTime: 0.000000
PrimaryPlaySpeed: 0.000000
Stage: RESULT_AFTER_ORIGINAL
ElapsedMs: 209442.509
PrimarySnapshotAvailable: 1
PrimaryMotionName: 
PrimaryHasMotionInstance: 0
PrimaryMotionRunning: 0
PrimaryPlayTime: 0.000000
PrimaryMaxTime: 0.000000
PrimaryPlaySpeed: 0.000000
CleanupBehaviorChanged: 0
=====================================

===== PRIMARYFIRST PlayMotion =====
OwnerEntityAddress: EBB66E10
OwnerEntity: PC_Hero
MotionType: 0
Stage: REQUEST_BEFORE_ORIGINAL
ElapsedMs: 209442.598
PrimarySnapshotAvailable: 1
PrimaryMotionName: 
PrimaryHasMotionInstance: 0
PrimaryMotionRunning: 0
PrimaryPlayTime: 0.000000
PrimaryMaxTime: 0.000000
PrimaryPlaySpeed: 0.000000
Stage: RESULT_AFTER_ORIGINAL
ElapsedMs: 209442.609
PrimarySnapshotAvailable: 1
PrimaryMotionName: Hero_Parade_None_Staff_P0_FinishingAttack_Hit_N_Fwd_00_%_00_P0_50.xmot
PrimaryHasMotionInstance: 1
PrimaryMotionRunning: 1
PrimaryPlayTime: 0.000000
PrimaryMaxTime: 0.600000
PrimaryPlaySpeed: 1.000000
CleanupBehaviorChanged: 0
=====================================

===== ENGINE SetCollisionGroup =====
ElapsedMs: 209442.662
Entity: Wrestling Staff_BBM
ChangedEntityAddress: E27B4610
PlayerSlotMatch: RIGHT
PlayerAction: 14
PlayerAniPhase: 1
PlayerPrimaryPose: 1
PlayerStateTime: 0.764788
PlayerStatePosition: 0
PlayerCurrentMovementAni: Hero_Parade_None_Staff_P0_FinishingAttack_Hit_N_Fwd_00_%_00_P0_50.xmot
PlayerLeftItem: <none>
PlayerLeftItemAddress: 00000000
PlayerLeftUseType: -1
PlayerLeftCollisionGroup: -1
PlayerRightItem: Wrestling Staff_BBM
PlayerRightItemAddress: E27B4610
PlayerRightUseType: 12
PlayerRightCollisionGroup: 7
RequestedGroup: 7
BeforeGroup: 5
AfterGroup: 7
Item_EquippedValue: 5
Item_AttackValue: 7
RetiredMarkerExecutionCount: 0
====================================

===== COMBATMOVE STARTRECOVER BEGIN =====
ActorAddress: EBB66E10
Actor: PC_Hero
CurrentAction: 14
CurrentAniPhase: 1
CurrentMovementAni: Hero_Parade_None_Staff_P0_FinishingAttack_Hit_N_Fwd_00_%_00_P0_50.xmot
Stage: BEGIN
ElapsedMs: 210042.411
PrimarySnapshotAvailable: 1
PrimaryMotionName: Hero_Parade_None_Staff_P0_FinishingAttack_Hit_N_Fwd_00_%_00_P0_50.xmot
PrimaryHasMotionInstance: 1
PrimaryMotionRunning: 1
PrimaryPlayTime: 0.599990
PrimaryMaxTime: 0.600000
PrimaryPlaySpeed: 0.000000
LeftHandSourceResolved: 0
RightHandSourceResolved: 1
RightHandSource: Wrestling Staff_BBM
RightHandSourceAddress: E27B4610
RightHandSourceCollisionGroup: 7
CleanupBehaviorChanged: 0
=========================================

===== PRIMARYFIRST StopMotion =====
OwnerEntityAddress: EBB66E10
OwnerEntity: PC_Hero
MotionType: 0
Stage: REQUEST_BEFORE_ORIGINAL
ElapsedMs: 210042.472
PrimarySnapshotAvailable: 1
PrimaryMotionName: 
PrimaryHasMotionInstance: 0
PrimaryMotionRunning: 0
PrimaryPlayTime: 0.000000
PrimaryMaxTime: 0.000000
PrimaryPlaySpeed: 0.000000
Stage: RESULT_AFTER_ORIGINAL
ElapsedMs: 210042.472
PrimarySnapshotAvailable: 1
PrimaryMotionName: 
PrimaryHasMotionInstance: 0
PrimaryMotionRunning: 0
PrimaryPlayTime: 0.000000
PrimaryMaxTime: 0.000000
PrimaryPlaySpeed: 0.000000
CleanupBehaviorChanged: 0
=====================================

===== PRIMARYFIRST PlayMotion =====
OwnerEntityAddress: EBB66E10
OwnerEntity: PC_Hero
MotionType: 0
Stage: REQUEST_BEFORE_ORIGINAL
ElapsedMs: 210042.494
PrimarySnapshotAvailable: 1
PrimaryMotionName: 
PrimaryHasMotionInstance: 0
PrimaryMotionRunning: 0
PrimaryPlayTime: 0.000000
PrimaryMaxTime: 0.000000
PrimaryPlaySpeed: 0.000000
Stage: RESULT_AFTER_ORIGINAL
ElapsedMs: 210042.505
PrimarySnapshotAvailable: 1
PrimaryMotionName: Hero_Parade_None_Staff_P0_FinishingAttack_Recover_N_Fwd_00_%_00_P0_0.xmot
PrimaryHasMotionInstance: 1
PrimaryMotionRunning: 1
PrimaryPlayTime: 0.000000
PrimaryMaxTime: 2.160000
PrimaryPlaySpeed: 1.000000
CleanupBehaviorChanged: 0
=====================================

===== COMBATMOVE STARTRECOVER END =====
ActorAddress: EBB66E10
Actor: PC_Hero
CurrentAction: 14
CurrentAniPhase: 3
CurrentMovementAni: Hero_Parade_None_Staff_P0_FinishingAttack_Hit_N_Fwd_00_%_00_P0_50.xmot
Stage: END
ElapsedMs: 210042.526
PrimarySnapshotAvailable: 1
PrimaryMotionName: Hero_Parade_None_Staff_P0_FinishingAttack_Recover_N_Fwd_00_%_00_P0_0.xmot
PrimaryHasMotionInstance: 1
PrimaryMotionRunning: 1
PrimaryPlayTime: 0.000000
PrimaryMaxTime: 2.160000
PrimaryPlaySpeed: 1.000000
LeftHandSourceResolved: 0
RightHandSourceResolved: 1
RightHandSource: Wrestling Staff_BBM
RightHandSourceAddress: E27B4610
RightHandSourceCollisionGroup: 7
CleanupBehaviorChanged: 0
=========================================

===== ENGINE SetCollisionGroup =====
ElapsedMs: 210042.586
Entity: Wrestling Staff_BBM
ChangedEntityAddress: E27B4610
PlayerSlotMatch: RIGHT
PlayerAction: 14
PlayerAniPhase: 3
PlayerPrimaryPose: 1
PlayerStateTime: 1.365066
PlayerStatePosition: 1
PlayerCurrentMovementAni: Hero_Parade_None_Staff_P0_FinishingAttack_Hit_N_Fwd_00_%_00_P0_50.xmot
PlayerLeftItem: <none>
PlayerLeftItemAddress: 00000000
PlayerLeftUseType: -1
PlayerLeftCollisionGroup: -1
PlayerRightItem: Wrestling Staff_BBM
PlayerRightItemAddress: E27B4610
PlayerRightUseType: 12
PlayerRightCollisionGroup: 5
RequestedGroup: 5
BeforeGroup: 7
AfterGroup: 5
Item_EquippedValue: 5
Item_AttackValue: 7
RetiredMarkerExecutionCount: 0
====================================

===== PRIMARYFIRST StopMotion =====
OwnerEntityAddress: EBB66E10
OwnerEntity: PC_Hero
MotionType: 0
Stage: REQUEST_BEFORE_ORIGINAL
ElapsedMs: 210042.628
PrimarySnapshotAvailable: 1
PrimaryMotionName: 
PrimaryHasMotionInstance: 0
PrimaryMotionRunning: 0
PrimaryPlayTime: 0.000000
PrimaryMaxTime: 0.000000
PrimaryPlaySpeed: 0.000000
Stage: RESULT_AFTER_ORIGINAL
ElapsedMs: 210042.629
PrimarySnapshotAvailable: 1
PrimaryMotionName: 
PrimaryHasMotionInstance: 0
PrimaryMotionRunning: 0
PrimaryPlayTime: 0.000000
PrimaryMaxTime: 0.000000
PrimaryPlaySpeed: 0.000000
CleanupBehaviorChanged: 0
=====================================

===== PRIMARYFIRST PlayMotion =====
OwnerEntityAddress: EBB66E10
OwnerEntity: PC_Hero
MotionType: 0
Stage: REQUEST_BEFORE_ORIGINAL
ElapsedMs: 210042.649
PrimarySnapshotAvailable: 1
PrimaryMotionName: 
PrimaryHasMotionInstance: 0
PrimaryMotionRunning: 0
PrimaryPlayTime: 0.000000
PrimaryMaxTime: 0.000000
PrimaryPlaySpeed: 0.000000
Stage: RESULT_AFTER_ORIGINAL
ElapsedMs: 210042.658
PrimarySnapshotAvailable: 1
PrimaryMotionName: Hero_Parade_None_Staff_P0_FinishingAttack_Recover_N_Fwd_00_%_00_P0_0.xmot
PrimaryHasMotionInstance: 1
PrimaryMotionRunning: 1
PrimaryPlayTime: 0.000000
PrimaryMaxTime: 2.160000
PrimaryPlaySpeed: 1.000000
CleanupBehaviorChanged: 0
=====================================

===== PRIMARYFIRST PlayMotion =====
OwnerEntityAddress: EBB66E10
OwnerEntity: PC_Hero
MotionType: 0
Stage: REQUEST_BEFORE_ORIGINAL
ElapsedMs: 212211.764
PrimarySnapshotAvailable: 1
PrimaryMotionName: 
PrimaryHasMotionInstance: 0
PrimaryMotionRunning: 0
PrimaryPlayTime: 0.000000
PrimaryMaxTime: 0.000000
PrimaryPlaySpeed: 0.000000
Stage: RESULT_AFTER_ORIGINAL
ElapsedMs: 212211.777
PrimarySnapshotAvailable: 1
PrimaryMotionName: Hero_Parade_None_Staff_P0_Ambient_Loop_N_Fwd_00_%_00_P0_0.xmot
PrimaryHasMotionInstance: 1
PrimaryMotionRunning: 1
PrimaryPlayTime: 0.000000
PrimaryMaxTime: 0.000000
PrimaryPlaySpeed: 1.000000
CleanupBehaviorChanged: 0
=====================================

===== PRIMARYFIRST PlayMotion =====
OwnerEntityAddress: EBB66E10
OwnerEntity: PC_Hero
MotionType: 0
Stage: REQUEST_BEFORE_ORIGINAL
ElapsedMs: 212525.772
PrimarySnapshotAvailable: 1
PrimaryMotionName: 
PrimaryHasMotionInstance: 0
PrimaryMotionRunning: 0
PrimaryPlayTime: 0.000000
PrimaryMaxTime: 0.000000
PrimaryPlaySpeed: 0.000000
Stage: RESULT_AFTER_ORIGINAL
ElapsedMs: 212525.785
PrimarySnapshotAvailable: 1
PrimaryMotionName: Hero_Stand_None_Staff_P0_Ambient_Loop_N_Fwd_00_%_00_P0_0.xmot
PrimaryHasMotionInstance: 1
PrimaryMotionRunning: 1
PrimaryPlayTime: 0.000000
PrimaryMaxTime: 0.000000
PrimaryPlaySpeed: 1.000000
CleanupBehaviorChanged: 0
=====================================

===== PRIMARYFIRST PlayMotion =====
OwnerEntityAddress: EBB66E10
OwnerEntity: PC_Hero
MotionType: 0
Stage: REQUEST_BEFORE_ORIGINAL
ElapsedMs: 212784.128
PrimarySnapshotAvailable: 1
PrimaryMotionName: 
PrimaryHasMotionInstance: 0
PrimaryMotionRunning: 0
PrimaryPlayTime: 0.000000
PrimaryMaxTime: 0.000000
PrimaryPlaySpeed: 0.000000
Stage: RESULT_AFTER_ORIGINAL
ElapsedMs: 212784.140
PrimarySnapshotAvailable: 1
PrimaryMotionName: Hero_Parade_None_Staff_P0_Ambient_Loop_N_Fwd_00_%_00_P0_0.xmot
PrimaryHasMotionInstance: 1
PrimaryMotionRunning: 1
PrimaryPlayTime: 0.000000
PrimaryMaxTime: 0.000000
PrimaryPlaySpeed: 1.000000
CleanupBehaviorChanged: 0
=====================================

===== PRIMARYFIRST StopMotion =====
OwnerEntityAddress: EBB66E10
OwnerEntity: PC_Hero
MotionType: 0
Stage: REQUEST_BEFORE_ORIGINAL
ElapsedMs: 213815.190
PrimarySnapshotAvailable: 1
PrimaryMotionName: 
PrimaryHasMotionInstance: 0
PrimaryMotionRunning: 0
PrimaryPlayTime: 0.000000
PrimaryMaxTime: 0.000000
PrimaryPlaySpeed: 0.000000
Stage: RESULT_AFTER_ORIGINAL
ElapsedMs: 213815.190
PrimarySnapshotAvailable: 1
PrimaryMotionName: 
PrimaryHasMotionInstance: 0
PrimaryMotionRunning: 0
PrimaryPlayTime: 0.000000
PrimaryMaxTime: 0.000000
PrimaryPlaySpeed: 0.000000
CleanupBehaviorChanged: 0
=====================================

===== PRIMARYFIRST PlayMotion =====
OwnerEntityAddress: EBB66E10
OwnerEntity: PC_Hero
MotionType: 0
Stage: REQUEST_BEFORE_ORIGINAL
ElapsedMs: 213815.237
PrimarySnapshotAvailable: 1
PrimaryMotionName: 
PrimaryHasMotionInstance: 0
PrimaryMotionRunning: 0
PrimaryPlayTime: 0.000000
PrimaryMaxTime: 0.000000
PrimaryPlaySpeed: 0.000000
Stage: RESULT_AFTER_ORIGINAL
ElapsedMs: 213815.250
PrimarySnapshotAvailable: 1
PrimaryMotionName: Hero_Parade_None_Staff_P0_FinishingAttack_Raise_N_Fwd_00_%_00_P0_0.xmot
PrimaryHasMotionInstance: 1
PrimaryMotionRunning: 1
PrimaryPlayTime: 0.000000
PrimaryMaxTime: 0.760000
PrimaryPlaySpeed: 1.000000
CleanupBehaviorChanged: 0
=====================================

===== PRIMARYFIRST StopMotion =====
OwnerEntityAddress: EBB66E10
OwnerEntity: PC_Hero
MotionType: 0
Stage: REQUEST_BEFORE_ORIGINAL
ElapsedMs: 214584.088
PrimarySnapshotAvailable: 1
PrimaryMotionName: 
PrimaryHasMotionInstance: 0
PrimaryMotionRunning: 0
PrimaryPlayTime: 0.000000
PrimaryMaxTime: 0.000000
PrimaryPlaySpeed: 0.000000
Stage: RESULT_AFTER_ORIGINAL
ElapsedMs: 214584.089
PrimarySnapshotAvailable: 1
PrimaryMotionName: 
PrimaryHasMotionInstance: 0
PrimaryMotionRunning: 0
PrimaryPlayTime: 0.000000
PrimaryMaxTime: 0.000000
PrimaryPlaySpeed: 0.000000
CleanupBehaviorChanged: 0
=====================================

===== PRIMARYFIRST PlayMotion =====
OwnerEntityAddress: EBB66E10
OwnerEntity: PC_Hero
MotionType: 0
Stage: REQUEST_BEFORE_ORIGINAL
ElapsedMs: 214584.134
PrimarySnapshotAvailable: 1
PrimaryMotionName: 
PrimaryHasMotionInstance: 0
PrimaryMotionRunning: 0
PrimaryPlayTime: 0.000000
PrimaryMaxTime: 0.000000
PrimaryPlaySpeed: 0.000000
Stage: RESULT_AFTER_ORIGINAL
ElapsedMs: 214584.147
PrimarySnapshotAvailable: 1
PrimaryMotionName: Hero_Parade_None_Staff_P0_FinishingAttack_Hit_N_Fwd_00_%_00_P0_50.xmot
PrimaryHasMotionInstance: 1
PrimaryMotionRunning: 1
PrimaryPlayTime: 0.000000
PrimaryMaxTime: 0.600000
PrimaryPlaySpeed: 1.000000
CleanupBehaviorChanged: 0
=====================================

===== ENGINE SetCollisionGroup =====
ElapsedMs: 214584.199
Entity: Wrestling Staff_BBM
ChangedEntityAddress: E27B4610
PlayerSlotMatch: RIGHT
PlayerAction: 14
PlayerAniPhase: 1
PlayerPrimaryPose: 1
PlayerStateTime: 0.769278
PlayerStatePosition: 0
PlayerCurrentMovementAni: Hero_Parade_None_Staff_P0_FinishingAttack_Hit_N_Fwd_00_%_00_P0_50.xmot
PlayerLeftItem: <none>
PlayerLeftItemAddress: 00000000
PlayerLeftUseType: -1
PlayerLeftCollisionGroup: -1
PlayerRightItem: Wrestling Staff_BBM
PlayerRightItemAddress: E27B4610
PlayerRightUseType: 12
PlayerRightCollisionGroup: 7
RequestedGroup: 7
BeforeGroup: 5
AfterGroup: 7
Item_EquippedValue: 5
Item_AttackValue: 7
RetiredMarkerExecutionCount: 0
====================================

===== COMBATMOVE STARTRECOVER BEGIN =====
ActorAddress: EBB66E10
Actor: PC_Hero
CurrentAction: 14
CurrentAniPhase: 1
CurrentMovementAni: Hero_Parade_None_Staff_P0_FinishingAttack_Hit_N_Fwd_00_%_00_P0_50.xmot
Stage: BEGIN
ElapsedMs: 215187.752
PrimarySnapshotAvailable: 1
PrimaryMotionName: Hero_Parade_None_Staff_P0_FinishingAttack_Hit_N_Fwd_00_%_00_P0_50.xmot
PrimaryHasMotionInstance: 1
PrimaryMotionRunning: 1
PrimaryPlayTime: 0.599990
PrimaryMaxTime: 0.600000
PrimaryPlaySpeed: 0.000000
LeftHandSourceResolved: 0
RightHandSourceResolved: 1
RightHandSource: Wrestling Staff_BBM
RightHandSourceAddress: E27B4610
RightHandSourceCollisionGroup: 7
CleanupBehaviorChanged: 0
=========================================

===== PRIMARYFIRST StopMotion =====
OwnerEntityAddress: EBB66E10
OwnerEntity: PC_Hero
MotionType: 0
Stage: REQUEST_BEFORE_ORIGINAL
ElapsedMs: 215187.821
PrimarySnapshotAvailable: 1
PrimaryMotionName: 
PrimaryHasMotionInstance: 0
PrimaryMotionRunning: 0
PrimaryPlayTime: 0.000000
PrimaryMaxTime: 0.000000
PrimaryPlaySpeed: 0.000000
Stage: RESULT_AFTER_ORIGINAL
ElapsedMs: 215187.821
PrimarySnapshotAvailable: 1
PrimaryMotionName: 
PrimaryHasMotionInstance: 0
PrimaryMotionRunning: 0
PrimaryPlayTime: 0.000000
PrimaryMaxTime: 0.000000
PrimaryPlaySpeed: 0.000000
CleanupBehaviorChanged: 0
=====================================

===== PRIMARYFIRST PlayMotion =====
OwnerEntityAddress: EBB66E10
OwnerEntity: PC_Hero
MotionType: 0
Stage: REQUEST_BEFORE_ORIGINAL
ElapsedMs: 215187.844
PrimarySnapshotAvailable: 1
PrimaryMotionName: 
PrimaryHasMotionInstance: 0
PrimaryMotionRunning: 0
PrimaryPlayTime: 0.000000
PrimaryMaxTime: 0.000000
PrimaryPlaySpeed: 0.000000
Stage: RESULT_AFTER_ORIGINAL
ElapsedMs: 215187.856
PrimarySnapshotAvailable: 1
PrimaryMotionName: Hero_Parade_None_Staff_P0_FinishingAttack_Recover_N_Fwd_00_%_00_P0_0.xmot
PrimaryHasMotionInstance: 1
PrimaryMotionRunning: 1
PrimaryPlayTime: 0.000000
PrimaryMaxTime: 2.160000
PrimaryPlaySpeed: 1.000000
CleanupBehaviorChanged: 0
=====================================

===== COMBATMOVE STARTRECOVER END =====
ActorAddress: EBB66E10
Actor: PC_Hero
CurrentAction: 14
CurrentAniPhase: 3
CurrentMovementAni: Hero_Parade_None_Staff_P0_FinishingAttack_Hit_N_Fwd_00_%_00_P0_50.xmot
Stage: END
ElapsedMs: 215187.878
PrimarySnapshotAvailable: 1
PrimaryMotionName: Hero_Parade_None_Staff_P0_FinishingAttack_Recover_N_Fwd_00_%_00_P0_0.xmot
PrimaryHasMotionInstance: 1
PrimaryMotionRunning: 1
PrimaryPlayTime: 0.000000
PrimaryMaxTime: 2.160000
PrimaryPlaySpeed: 1.000000
LeftHandSourceResolved: 0
RightHandSourceResolved: 1
RightHandSource: Wrestling Staff_BBM
RightHandSourceAddress: E27B4610
RightHandSourceCollisionGroup: 7
CleanupBehaviorChanged: 0
=========================================

===== ENGINE SetCollisionGroup =====
ElapsedMs: 215187.933
Entity: Wrestling Staff_BBM
ChangedEntityAddress: E27B4610
PlayerSlotMatch: RIGHT
PlayerAction: 14
PlayerAniPhase: 3
PlayerPrimaryPose: 1
PlayerStateTime: 1.373244
PlayerStatePosition: 1
PlayerCurrentMovementAni: Hero_Parade_None_Staff_P0_FinishingAttack_Hit_N_Fwd_00_%_00_P0_50.xmot
PlayerLeftItem: <none>
PlayerLeftItemAddress: 00000000
PlayerLeftUseType: -1
PlayerLeftCollisionGroup: -1
PlayerRightItem: Wrestling Staff_BBM
PlayerRightItemAddress: E27B4610
PlayerRightUseType: 12
PlayerRightCollisionGroup: 5
RequestedGroup: 5
BeforeGroup: 7
AfterGroup: 5
Item_EquippedValue: 5
Item_AttackValue: 7
RetiredMarkerExecutionCount: 0
====================================

===== PRIMARYFIRST StopMotion =====
OwnerEntityAddress: EBB66E10
OwnerEntity: PC_Hero
MotionType: 0
Stage: REQUEST_BEFORE_ORIGINAL
ElapsedMs: 215187.974
PrimarySnapshotAvailable: 1
PrimaryMotionName: 
PrimaryHasMotionInstance: 0
PrimaryMotionRunning: 0
PrimaryPlayTime: 0.000000
PrimaryMaxTime: 0.000000
PrimaryPlaySpeed: 0.000000
Stage: RESULT_AFTER_ORIGINAL
ElapsedMs: 215187.974
PrimarySnapshotAvailable: 1
PrimaryMotionName: 
PrimaryHasMotionInstance: 0
PrimaryMotionRunning: 0
PrimaryPlayTime: 0.000000
PrimaryMaxTime: 0.000000
PrimaryPlaySpeed: 0.000000
CleanupBehaviorChanged: 0
=====================================

===== PRIMARYFIRST PlayMotion =====
OwnerEntityAddress: EBB66E10
OwnerEntity: PC_Hero
MotionType: 0
Stage: REQUEST_BEFORE_ORIGINAL
ElapsedMs: 215188.000
PrimarySnapshotAvailable: 1
PrimaryMotionName: 
PrimaryHasMotionInstance: 0
PrimaryMotionRunning: 0
PrimaryPlayTime: 0.000000
PrimaryMaxTime: 0.000000
PrimaryPlaySpeed: 0.000000
Stage: RESULT_AFTER_ORIGINAL
ElapsedMs: 215188.008
PrimarySnapshotAvailable: 1
PrimaryMotionName: Hero_Parade_None_Staff_P0_FinishingAttack_Recover_N_Fwd_00_%_00_P0_0.xmot
PrimaryHasMotionInstance: 1
PrimaryMotionRunning: 1
PrimaryPlayTime: 0.000000
PrimaryMaxTime: 2.160000
PrimaryPlaySpeed: 1.000000
CleanupBehaviorChanged: 0
=====================================

===== PRIMARYFIRST PlayMotion =====
OwnerEntityAddress: EBB66E10
OwnerEntity: PC_Hero
MotionType: 0
Stage: REQUEST_BEFORE_ORIGINAL
ElapsedMs: 217358.443
PrimarySnapshotAvailable: 1
PrimaryMotionName: 
PrimaryHasMotionInstance: 0
PrimaryMotionRunning: 0
PrimaryPlayTime: 0.000000
PrimaryMaxTime: 0.000000
PrimaryPlaySpeed: 0.000000
Stage: RESULT_AFTER_ORIGINAL
ElapsedMs: 217358.459
PrimarySnapshotAvailable: 1
PrimaryMotionName: Hero_Parade_None_Staff_P0_Ambient_Loop_N_Fwd_00_%_00_P0_0.xmot
PrimaryHasMotionInstance: 1
PrimaryMotionRunning: 1
PrimaryPlayTime: 0.000000
PrimaryMaxTime: 0.000000
PrimaryPlaySpeed: 1.000000
CleanupBehaviorChanged: 0
=====================================

===== PRIMARYFIRST PlayMotion =====
OwnerEntityAddress: EBB66E10
OwnerEntity: PC_Hero
MotionType: 0
Stage: REQUEST_BEFORE_ORIGINAL
ElapsedMs: 217634.625
PrimarySnapshotAvailable: 1
PrimaryMotionName: 
PrimaryHasMotionInstance: 0
PrimaryMotionRunning: 0
PrimaryPlayTime: 0.000000
PrimaryMaxTime: 0.000000
PrimaryPlaySpeed: 0.000000
Stage: RESULT_AFTER_ORIGINAL
ElapsedMs: 217634.639
PrimarySnapshotAvailable: 1
PrimaryMotionName: Hero_Stand_None_Staff_P0_Ambient_Loop_N_Fwd_00_%_00_P0_0.xmot
PrimaryHasMotionInstance: 1
PrimaryMotionRunning: 1
PrimaryPlayTime: 0.000000
PrimaryMaxTime: 0.000000
PrimaryPlaySpeed: 1.000000
CleanupBehaviorChanged: 0
=====================================

===== PRIMARYFIRST PlayMotion =====
OwnerEntityAddress: EBB66E10
OwnerEntity: PC_Hero
MotionType: 0
Stage: REQUEST_BEFORE_ORIGINAL
ElapsedMs: 217900.923
PrimarySnapshotAvailable: 1
PrimaryMotionName: 
PrimaryHasMotionInstance: 0
PrimaryMotionRunning: 0
PrimaryPlayTime: 0.000000
PrimaryMaxTime: 0.000000
PrimaryPlaySpeed: 0.000000
Stage: RESULT_AFTER_ORIGINAL
ElapsedMs: 217900.939
PrimarySnapshotAvailable: 1
PrimaryMotionName: Hero_Parade_None_Staff_P0_Ambient_Loop_N_Fwd_00_%_00_P0_0.xmot
PrimaryHasMotionInstance: 1
PrimaryMotionRunning: 1
PrimaryPlayTime: 0.000000
PrimaryMaxTime: 0.000000
PrimaryPlaySpeed: 1.000000
CleanupBehaviorChanged: 0
=====================================

===== PRIMARYFIRST StopMotion =====
OwnerEntityAddress: EBB66E10
OwnerEntity: PC_Hero
MotionType: 0
Stage: REQUEST_BEFORE_ORIGINAL
ElapsedMs: 219101.201
PrimarySnapshotAvailable: 1
PrimaryMotionName: 
PrimaryHasMotionInstance: 0
PrimaryMotionRunning: 0
PrimaryPlayTime: 0.000000
PrimaryMaxTime: 0.000000
PrimaryPlaySpeed: 0.000000
Stage: RESULT_AFTER_ORIGINAL
ElapsedMs: 219101.201
PrimarySnapshotAvailable: 1
PrimaryMotionName: 
PrimaryHasMotionInstance: 0
PrimaryMotionRunning: 0
PrimaryPlayTime: 0.000000
PrimaryMaxTime: 0.000000
PrimaryPlaySpeed: 0.000000
CleanupBehaviorChanged: 0
=====================================

===== PRIMARYFIRST PlayMotion =====
OwnerEntityAddress: EBB66E10
OwnerEntity: PC_Hero
MotionType: 0
Stage: REQUEST_BEFORE_ORIGINAL
ElapsedMs: 219101.255
PrimarySnapshotAvailable: 1
PrimaryMotionName: 
PrimaryHasMotionInstance: 0
PrimaryMotionRunning: 0
PrimaryPlayTime: 0.000000
PrimaryMaxTime: 0.000000
PrimaryPlaySpeed: 0.000000
Stage: RESULT_AFTER_ORIGINAL
ElapsedMs: 219101.268
PrimarySnapshotAvailable: 1
PrimaryMotionName: Hero_Parade_None_Staff_P0_FinishingAttack_Raise_N_Fwd_00_%_00_P0_0.xmot
PrimaryHasMotionInstance: 1
PrimaryMotionRunning: 1
PrimaryPlayTime: 0.000000
PrimaryMaxTime: 0.760000
PrimaryPlaySpeed: 1.000000
CleanupBehaviorChanged: 0
=====================================

===== PRIMARYFIRST StopMotion =====
OwnerEntityAddress: EBB66E10
OwnerEntity: PC_Hero
MotionType: 0
Stage: REQUEST_BEFORE_ORIGINAL
ElapsedMs: 219858.157
PrimarySnapshotAvailable: 1
PrimaryMotionName: 
PrimaryHasMotionInstance: 0
PrimaryMotionRunning: 0
PrimaryPlayTime: 0.000000
PrimaryMaxTime: 0.000000
PrimaryPlaySpeed: 0.000000
Stage: RESULT_AFTER_ORIGINAL
ElapsedMs: 219858.157
PrimarySnapshotAvailable: 1
PrimaryMotionName: 
PrimaryHasMotionInstance: 0
PrimaryMotionRunning: 0
PrimaryPlayTime: 0.000000
PrimaryMaxTime: 0.000000
PrimaryPlaySpeed: 0.000000
CleanupBehaviorChanged: 0
=====================================

===== PRIMARYFIRST PlayMotion =====
OwnerEntityAddress: EBB66E10
OwnerEntity: PC_Hero
MotionType: 0
Stage: REQUEST_BEFORE_ORIGINAL
ElapsedMs: 219858.204
PrimarySnapshotAvailable: 1
PrimaryMotionName: 
PrimaryHasMotionInstance: 0
PrimaryMotionRunning: 0
PrimaryPlayTime: 0.000000
PrimaryMaxTime: 0.000000
PrimaryPlaySpeed: 0.000000
Stage: RESULT_AFTER_ORIGINAL
ElapsedMs: 219858.217
PrimarySnapshotAvailable: 1
PrimaryMotionName: Hero_Parade_None_Staff_P0_FinishingAttack_Hit_N_Fwd_00_%_00_P0_50.xmot
PrimaryHasMotionInstance: 1
PrimaryMotionRunning: 1
PrimaryPlayTime: 0.000000
PrimaryMaxTime: 0.600000
PrimaryPlaySpeed: 1.000000
CleanupBehaviorChanged: 0
=====================================

===== ENGINE SetCollisionGroup =====
ElapsedMs: 219858.266
Entity: Wrestling Staff_BBM
ChangedEntityAddress: E27B4610
PlayerSlotMatch: RIGHT
PlayerAction: 14
PlayerAniPhase: 1
PlayerPrimaryPose: 1
PlayerStateTime: 0.763815
PlayerStatePosition: 0
PlayerCurrentMovementAni: Hero_Parade_None_Staff_P0_FinishingAttack_Hit_N_Fwd_00_%_00_P0_50.xmot
PlayerLeftItem: <none>
PlayerLeftItemAddress: 00000000
PlayerLeftUseType: -1
PlayerLeftCollisionGroup: -1
PlayerRightItem: Wrestling Staff_BBM
PlayerRightItemAddress: E27B4610
PlayerRightUseType: 12
PlayerRightCollisionGroup: 7
RequestedGroup: 7
BeforeGroup: 5
AfterGroup: 7
Item_EquippedValue: 5
Item_AttackValue: 7
RetiredMarkerExecutionCount: 0
====================================

===== COMBATMOVE STARTRECOVER BEGIN =====
ActorAddress: EBB66E10
Actor: PC_Hero
CurrentAction: 14
CurrentAniPhase: 1
CurrentMovementAni: Hero_Parade_None_Staff_P0_FinishingAttack_Hit_N_Fwd_00_%_00_P0_50.xmot
Stage: BEGIN
ElapsedMs: 220464.882
PrimarySnapshotAvailable: 1
PrimaryMotionName: Hero_Parade_None_Staff_P0_FinishingAttack_Hit_N_Fwd_00_%_00_P0_50.xmot
PrimaryHasMotionInstance: 1
PrimaryMotionRunning: 1
PrimaryPlayTime: 0.599990
PrimaryMaxTime: 0.600000
PrimaryPlaySpeed: 0.000000
LeftHandSourceResolved: 0
RightHandSourceResolved: 1
RightHandSource: Wrestling Staff_BBM
RightHandSourceAddress: E27B4610
RightHandSourceCollisionGroup: 7
CleanupBehaviorChanged: 0
=========================================

===== PRIMARYFIRST StopMotion =====
OwnerEntityAddress: EBB66E10
OwnerEntity: PC_Hero
MotionType: 0
Stage: REQUEST_BEFORE_ORIGINAL
ElapsedMs: 220464.951
PrimarySnapshotAvailable: 1
PrimaryMotionName: 
PrimaryHasMotionInstance: 0
PrimaryMotionRunning: 0
PrimaryPlayTime: 0.000000
PrimaryMaxTime: 0.000000
PrimaryPlaySpeed: 0.000000
Stage: RESULT_AFTER_ORIGINAL
ElapsedMs: 220464.952
PrimarySnapshotAvailable: 1
PrimaryMotionName: 
PrimaryHasMotionInstance: 0
PrimaryMotionRunning: 0
PrimaryPlayTime: 0.000000
PrimaryMaxTime: 0.000000
PrimaryPlaySpeed: 0.000000
CleanupBehaviorChanged: 0
=====================================

===== PRIMARYFIRST PlayMotion =====
OwnerEntityAddress: EBB66E10
OwnerEntity: PC_Hero
MotionType: 0
Stage: REQUEST_BEFORE_ORIGINAL
ElapsedMs: 220464.979
PrimarySnapshotAvailable: 1
PrimaryMotionName: 
PrimaryHasMotionInstance: 0
PrimaryMotionRunning: 0
PrimaryPlayTime: 0.000000
PrimaryMaxTime: 0.000000
PrimaryPlaySpeed: 0.000000
Stage: RESULT_AFTER_ORIGINAL
ElapsedMs: 220464.993
PrimarySnapshotAvailable: 1
PrimaryMotionName: Hero_Parade_None_Staff_P0_FinishingAttack_Recover_N_Fwd_00_%_00_P0_0.xmot
PrimaryHasMotionInstance: 1
PrimaryMotionRunning: 1
PrimaryPlayTime: 0.000000
PrimaryMaxTime: 2.160000
PrimaryPlaySpeed: 1.000000
CleanupBehaviorChanged: 0
=====================================

===== COMBATMOVE STARTRECOVER END =====
ActorAddress: EBB66E10
Actor: PC_Hero
CurrentAction: 14
CurrentAniPhase: 3
CurrentMovementAni: Hero_Parade_None_Staff_P0_FinishingAttack_Hit_N_Fwd_00_%_00_P0_50.xmot
Stage: END
ElapsedMs: 220465.017
PrimarySnapshotAvailable: 1
PrimaryMotionName: Hero_Parade_None_Staff_P0_FinishingAttack_Recover_N_Fwd_00_%_00_P0_0.xmot
PrimaryHasMotionInstance: 1
PrimaryMotionRunning: 1
PrimaryPlayTime: 0.000000
PrimaryMaxTime: 2.160000
PrimaryPlaySpeed: 1.000000
LeftHandSourceResolved: 0
RightHandSourceResolved: 1
RightHandSource: Wrestling Staff_BBM
RightHandSourceAddress: E27B4610
RightHandSourceCollisionGroup: 7
CleanupBehaviorChanged: 0
=========================================

===== ENGINE SetCollisionGroup =====
ElapsedMs: 220465.079
Entity: Wrestling Staff_BBM
ChangedEntityAddress: E27B4610
PlayerSlotMatch: RIGHT
PlayerAction: 14
PlayerAniPhase: 3
PlayerPrimaryPose: 1
PlayerStateTime: 1.370395
PlayerStatePosition: 1
PlayerCurrentMovementAni: Hero_Parade_None_Staff_P0_FinishingAttack_Hit_N_Fwd_00_%_00_P0_50.xmot
PlayerLeftItem: <none>
PlayerLeftItemAddress: 00000000
PlayerLeftUseType: -1
PlayerLeftCollisionGroup: -1
PlayerRightItem: Wrestling Staff_BBM
PlayerRightItemAddress: E27B4610
PlayerRightUseType: 12
PlayerRightCollisionGroup: 5
RequestedGroup: 5
BeforeGroup: 7
AfterGroup: 5
Item_EquippedValue: 5
Item_AttackValue: 7
RetiredMarkerExecutionCount: 0
====================================

===== PRIMARYFIRST StopMotion =====
OwnerEntityAddress: EBB66E10
OwnerEntity: PC_Hero
MotionType: 0
Stage: REQUEST_BEFORE_ORIGINAL
ElapsedMs: 220465.119
PrimarySnapshotAvailable: 1
PrimaryMotionName: 
PrimaryHasMotionInstance: 0
PrimaryMotionRunning: 0
PrimaryPlayTime: 0.000000
PrimaryMaxTime: 0.000000
PrimaryPlaySpeed: 0.000000
Stage: RESULT_AFTER_ORIGINAL
ElapsedMs: 220465.120
PrimarySnapshotAvailable: 1
PrimaryMotionName: 
PrimaryHasMotionInstance: 0
PrimaryMotionRunning: 0
PrimaryPlayTime: 0.000000
PrimaryMaxTime: 0.000000
PrimaryPlaySpeed: 0.000000
CleanupBehaviorChanged: 0
=====================================

===== PRIMARYFIRST PlayMotion =====
OwnerEntityAddress: EBB66E10
OwnerEntity: PC_Hero
MotionType: 0
Stage: REQUEST_BEFORE_ORIGINAL
ElapsedMs: 220465.140
PrimarySnapshotAvailable: 1
PrimaryMotionName: 
PrimaryHasMotionInstance: 0
PrimaryMotionRunning: 0
PrimaryPlayTime: 0.000000
PrimaryMaxTime: 0.000000
PrimaryPlaySpeed: 0.000000
Stage: RESULT_AFTER_ORIGINAL
ElapsedMs: 220465.148
PrimarySnapshotAvailable: 1
PrimaryMotionName: Hero_Parade_None_Staff_P0_FinishingAttack_Recover_N_Fwd_00_%_00_P0_0.xmot
PrimaryHasMotionInstance: 1
PrimaryMotionRunning: 1
PrimaryPlayTime: 0.000000
PrimaryMaxTime: 2.160000
PrimaryPlaySpeed: 1.000000
CleanupBehaviorChanged: 0
=====================================

===== PRIMARYFIRST PlayMotion =====
OwnerEntityAddress: EBB66E10
OwnerEntity: PC_Hero
MotionType: 0
Stage: REQUEST_BEFORE_ORIGINAL
ElapsedMs: 222641.357
PrimarySnapshotAvailable: 1
PrimaryMotionName: 
PrimaryHasMotionInstance: 0
PrimaryMotionRunning: 0
PrimaryPlayTime: 0.000000
PrimaryMaxTime: 0.000000
PrimaryPlaySpeed: 0.000000
Stage: RESULT_AFTER_ORIGINAL
ElapsedMs: 222641.370
PrimarySnapshotAvailable: 1
PrimaryMotionName: Hero_Parade_None_Staff_P0_Ambient_Loop_N_Fwd_00_%_00_P0_0.xmot
PrimaryHasMotionInstance: 1
PrimaryMotionRunning: 1
PrimaryPlayTime: 0.000000
PrimaryMaxTime: 0.000000
PrimaryPlaySpeed: 1.000000
CleanupBehaviorChanged: 0
=====================================

===== PRIMARYFIRST PlayMotion =====
OwnerEntityAddress: EBB66E10
OwnerEntity: PC_Hero
MotionType: 0
Stage: REQUEST_BEFORE_ORIGINAL
ElapsedMs: 222964.756
PrimarySnapshotAvailable: 1
PrimaryMotionName: 
PrimaryHasMotionInstance: 0
PrimaryMotionRunning: 0
PrimaryPlayTime: 0.000000
PrimaryMaxTime: 0.000000
PrimaryPlaySpeed: 0.000000
Stage: RESULT_AFTER_ORIGINAL
ElapsedMs: 222964.770
PrimarySnapshotAvailable: 1
PrimaryMotionName: Hero_Stand_None_Staff_P0_Ambient_Loop_N_Fwd_00_%_00_P0_0.xmot
PrimaryHasMotionInstance: 1
PrimaryMotionRunning: 1
PrimaryPlayTime: 0.000000
PrimaryMaxTime: 0.000000
PrimaryPlaySpeed: 1.000000
CleanupBehaviorChanged: 0
=====================================

===== PRIMARYFIRST PlayMotion =====
OwnerEntityAddress: EBB66E10
OwnerEntity: PC_Hero
MotionType: 0
Stage: REQUEST_BEFORE_ORIGINAL
ElapsedMs: 223247.721
PrimarySnapshotAvailable: 1
PrimaryMotionName: 
PrimaryHasMotionInstance: 0
PrimaryMotionRunning: 0
PrimaryPlayTime: 0.000000
PrimaryMaxTime: 0.000000
PrimaryPlaySpeed: 0.000000
Stage: RESULT_AFTER_ORIGINAL
ElapsedMs: 223247.737
PrimarySnapshotAvailable: 1
PrimaryMotionName: Hero_Parade_None_Staff_P0_Ambient_Loop_N_Fwd_00_%_00_P0_0.xmot
PrimaryHasMotionInstance: 1
PrimaryMotionRunning: 1
PrimaryPlayTime: 0.000000
PrimaryMaxTime: 0.000000
PrimaryPlaySpeed: 1.000000
CleanupBehaviorChanged: 0
=====================================

===== PRIMARYFIRST StopMotion =====
OwnerEntityAddress: EBB66E10
OwnerEntity: PC_Hero
MotionType: 0
Stage: REQUEST_BEFORE_ORIGINAL
ElapsedMs: 225219.434
PrimarySnapshotAvailable: 1
PrimaryMotionName: 
PrimaryHasMotionInstance: 0
PrimaryMotionRunning: 0
PrimaryPlayTime: 0.000000
PrimaryMaxTime: 0.000000
PrimaryPlaySpeed: 0.000000
Stage: RESULT_AFTER_ORIGINAL
ElapsedMs: 225219.435
PrimarySnapshotAvailable: 1
PrimaryMotionName: 
PrimaryHasMotionInstance: 0
PrimaryMotionRunning: 0
PrimaryPlayTime: 0.000000
PrimaryMaxTime: 0.000000
PrimaryPlaySpeed: 0.000000
CleanupBehaviorChanged: 0
=====================================

===== PRIMARYFIRST PlayMotion =====
OwnerEntityAddress: EBB66E10
OwnerEntity: PC_Hero
MotionType: 0
Stage: REQUEST_BEFORE_ORIGINAL
ElapsedMs: 225219.483
PrimarySnapshotAvailable: 1
PrimaryMotionName: 
PrimaryHasMotionInstance: 0
PrimaryMotionRunning: 0
PrimaryPlayTime: 0.000000
PrimaryMaxTime: 0.000000
PrimaryPlaySpeed: 0.000000
Stage: RESULT_AFTER_ORIGINAL
ElapsedMs: 225219.497
PrimarySnapshotAvailable: 1
PrimaryMotionName: Hero_Parade_None_Staff_P0_FinishingAttack_Raise_N_Fwd_00_%_00_P0_0.xmot
PrimaryHasMotionInstance: 1
PrimaryMotionRunning: 1
PrimaryPlayTime: 0.000000
PrimaryMaxTime: 0.760000
PrimaryPlaySpeed: 1.000000
CleanupBehaviorChanged: 0
=====================================

===== PRIMARYFIRST StopMotion =====
OwnerEntityAddress: EBB66E10
OwnerEntity: PC_Hero
MotionType: 0
Stage: REQUEST_BEFORE_ORIGINAL
ElapsedMs: 225979.383
PrimarySnapshotAvailable: 1
PrimaryMotionName: 
PrimaryHasMotionInstance: 0
PrimaryMotionRunning: 0
PrimaryPlayTime: 0.000000
PrimaryMaxTime: 0.000000
PrimaryPlaySpeed: 0.000000
Stage: RESULT_AFTER_ORIGINAL
ElapsedMs: 225979.383
PrimarySnapshotAvailable: 1
PrimaryMotionName: 
PrimaryHasMotionInstance: 0
PrimaryMotionRunning: 0
PrimaryPlayTime: 0.000000
PrimaryMaxTime: 0.000000
PrimaryPlaySpeed: 0.000000
CleanupBehaviorChanged: 0
=====================================

===== PRIMARYFIRST PlayMotion =====
OwnerEntityAddress: EBB66E10
OwnerEntity: PC_Hero
MotionType: 0
Stage: REQUEST_BEFORE_ORIGINAL
ElapsedMs: 225979.428
PrimarySnapshotAvailable: 1
PrimaryMotionName: 
PrimaryHasMotionInstance: 0
PrimaryMotionRunning: 0
PrimaryPlayTime: 0.000000
PrimaryMaxTime: 0.000000
PrimaryPlaySpeed: 0.000000
Stage: RESULT_AFTER_ORIGINAL
ElapsedMs: 225979.441
PrimarySnapshotAvailable: 1
PrimaryMotionName: Hero_Parade_None_Staff_P0_FinishingAttack_Hit_N_Fwd_00_%_00_P0_50.xmot
PrimaryHasMotionInstance: 1
PrimaryMotionRunning: 1
PrimaryPlayTime: 0.000000
PrimaryMaxTime: 0.600000
PrimaryPlaySpeed: 1.000000
CleanupBehaviorChanged: 0
=====================================

===== ENGINE SetCollisionGroup =====
ElapsedMs: 225979.497
Entity: Wrestling Staff_BBM
ChangedEntityAddress: E27B4610
PlayerSlotMatch: RIGHT
PlayerAction: 14
PlayerAniPhase: 1
PlayerPrimaryPose: 1
PlayerStateTime: 0.761254
PlayerStatePosition: 0
PlayerCurrentMovementAni: Hero_Parade_None_Staff_P0_FinishingAttack_Hit_N_Fwd_00_%_00_P0_50.xmot
PlayerLeftItem: <none>
PlayerLeftItemAddress: 00000000
PlayerLeftUseType: -1
PlayerLeftCollisionGroup: -1
PlayerRightItem: Wrestling Staff_BBM
PlayerRightItemAddress: E27B4610
PlayerRightUseType: 12
PlayerRightCollisionGroup: 7
RequestedGroup: 7
BeforeGroup: 5
AfterGroup: 7
Item_EquippedValue: 5
Item_AttackValue: 7
RetiredMarkerExecutionCount: 0
====================================

===== COMBATMOVE STARTRECOVER BEGIN =====
ActorAddress: EBB66E10
Actor: PC_Hero
CurrentAction: 14
CurrentAniPhase: 1
CurrentMovementAni: Hero_Parade_None_Staff_P0_FinishingAttack_Hit_N_Fwd_00_%_00_P0_50.xmot
Stage: BEGIN
ElapsedMs: 226593.256
PrimarySnapshotAvailable: 1
PrimaryMotionName: Hero_Parade_None_Staff_P0_FinishingAttack_Hit_N_Fwd_00_%_00_P0_50.xmot
PrimaryHasMotionInstance: 1
PrimaryMotionRunning: 1
PrimaryPlayTime: 0.599990
PrimaryMaxTime: 0.600000
PrimaryPlaySpeed: 0.000000
LeftHandSourceResolved: 0
RightHandSourceResolved: 1
RightHandSource: Wrestling Staff_BBM
RightHandSourceAddress: E27B4610
RightHandSourceCollisionGroup: 7
CleanupBehaviorChanged: 0
=========================================

===== PRIMARYFIRST StopMotion =====
OwnerEntityAddress: EBB66E10
OwnerEntity: PC_Hero
MotionType: 0
Stage: REQUEST_BEFORE_ORIGINAL
ElapsedMs: 226593.318
PrimarySnapshotAvailable: 1
PrimaryMotionName: 
PrimaryHasMotionInstance: 0
PrimaryMotionRunning: 0
PrimaryPlayTime: 0.000000
PrimaryMaxTime: 0.000000
PrimaryPlaySpeed: 0.000000
Stage: RESULT_AFTER_ORIGINAL
ElapsedMs: 226593.319
PrimarySnapshotAvailable: 1
PrimaryMotionName: 
PrimaryHasMotionInstance: 0
PrimaryMotionRunning: 0
PrimaryPlayTime: 0.000000
PrimaryMaxTime: 0.000000
PrimaryPlaySpeed: 0.000000
CleanupBehaviorChanged: 0
=====================================

===== PRIMARYFIRST PlayMotion =====
OwnerEntityAddress: EBB66E10
OwnerEntity: PC_Hero
MotionType: 0
Stage: REQUEST_BEFORE_ORIGINAL
ElapsedMs: 226593.342
PrimarySnapshotAvailable: 1
PrimaryMotionName: 
PrimaryHasMotionInstance: 0
PrimaryMotionRunning: 0
PrimaryPlayTime: 0.000000
PrimaryMaxTime: 0.000000
PrimaryPlaySpeed: 0.000000
Stage: RESULT_AFTER_ORIGINAL
ElapsedMs: 226593.354
PrimarySnapshotAvailable: 1
PrimaryMotionName: Hero_Parade_None_Staff_P0_FinishingAttack_Recover_N_Fwd_00_%_00_P0_0.xmot
PrimaryHasMotionInstance: 1
PrimaryMotionRunning: 1
PrimaryPlayTime: 0.000000
PrimaryMaxTime: 2.160000
PrimaryPlaySpeed: 1.000000
CleanupBehaviorChanged: 0
=====================================

===== COMBATMOVE STARTRECOVER END =====
ActorAddress: EBB66E10
Actor: PC_Hero
CurrentAction: 14
CurrentAniPhase: 3
CurrentMovementAni: Hero_Parade_None_Staff_P0_FinishingAttack_Hit_N_Fwd_00_%_00_P0_50.xmot
Stage: END
ElapsedMs: 226593.376
PrimarySnapshotAvailable: 1
PrimaryMotionName: Hero_Parade_None_Staff_P0_FinishingAttack_Recover_N_Fwd_00_%_00_P0_0.xmot
PrimaryHasMotionInstance: 1
PrimaryMotionRunning: 1
PrimaryPlayTime: 0.000000
PrimaryMaxTime: 2.160000
PrimaryPlaySpeed: 1.000000
LeftHandSourceResolved: 0
RightHandSourceResolved: 1
RightHandSource: Wrestling Staff_BBM
RightHandSourceAddress: E27B4610
RightHandSourceCollisionGroup: 7
CleanupBehaviorChanged: 0
=========================================

===== ENGINE SetCollisionGroup =====
ElapsedMs: 226593.433
Entity: Wrestling Staff_BBM
ChangedEntityAddress: E27B4610
PlayerSlotMatch: RIGHT
PlayerAction: 14
PlayerAniPhase: 3
PlayerPrimaryPose: 1
PlayerStateTime: 1.369101
PlayerStatePosition: 1
PlayerCurrentMovementAni: Hero_Parade_None_Staff_P0_FinishingAttack_Hit_N_Fwd_00_%_00_P0_50.xmot
PlayerLeftItem: <none>
PlayerLeftItemAddress: 00000000
PlayerLeftUseType: -1
PlayerLeftCollisionGroup: -1
PlayerRightItem: Wrestling Staff_BBM
PlayerRightItemAddress: E27B4610
PlayerRightUseType: 12
PlayerRightCollisionGroup: 5
RequestedGroup: 5
BeforeGroup: 7
AfterGroup: 5
Item_EquippedValue: 5
Item_AttackValue: 7
RetiredMarkerExecutionCount: 0
====================================

===== PRIMARYFIRST StopMotion =====
OwnerEntityAddress: EBB66E10
OwnerEntity: PC_Hero
MotionType: 0
Stage: REQUEST_BEFORE_ORIGINAL
ElapsedMs: 226593.480
PrimarySnapshotAvailable: 1
PrimaryMotionName: 
PrimaryHasMotionInstance: 0
PrimaryMotionRunning: 0
PrimaryPlayTime: 0.000000
PrimaryMaxTime: 0.000000
PrimaryPlaySpeed: 0.000000
Stage: RESULT_AFTER_ORIGINAL
ElapsedMs: 226593.480
PrimarySnapshotAvailable: 1
PrimaryMotionName: 
PrimaryHasMotionInstance: 0
PrimaryMotionRunning: 0
PrimaryPlayTime: 0.000000
PrimaryMaxTime: 0.000000
PrimaryPlaySpeed: 0.000000
CleanupBehaviorChanged: 0
=====================================

===== PRIMARYFIRST PlayMotion =====
OwnerEntityAddress: EBB66E10
OwnerEntity: PC_Hero
MotionType: 0
Stage: REQUEST_BEFORE_ORIGINAL
ElapsedMs: 226593.503
PrimarySnapshotAvailable: 1
PrimaryMotionName: 
PrimaryHasMotionInstance: 0
PrimaryMotionRunning: 0
PrimaryPlayTime: 0.000000
PrimaryMaxTime: 0.000000
PrimaryPlaySpeed: 0.000000
Stage: RESULT_AFTER_ORIGINAL
ElapsedMs: 226593.511
PrimarySnapshotAvailable: 1
PrimaryMotionName: Hero_Parade_None_Staff_P0_FinishingAttack_Recover_N_Fwd_00_%_00_P0_0.xmot
PrimaryHasMotionInstance: 1
PrimaryMotionRunning: 1
PrimaryPlayTime: 0.000000
PrimaryMaxTime: 2.160000
PrimaryPlaySpeed: 1.000000
CleanupBehaviorChanged: 0
=====================================

===== PRIMARYFIRST PlayMotion =====
OwnerEntityAddress: EBB66E10
OwnerEntity: PC_Hero
MotionType: 0
Stage: REQUEST_BEFORE_ORIGINAL
ElapsedMs: 228763.207
PrimarySnapshotAvailable: 1
PrimaryMotionName: 
PrimaryHasMotionInstance: 0
PrimaryMotionRunning: 0
PrimaryPlayTime: 0.000000
PrimaryMaxTime: 0.000000
PrimaryPlaySpeed: 0.000000
Stage: RESULT_AFTER_ORIGINAL
ElapsedMs: 228763.220
PrimarySnapshotAvailable: 1
PrimaryMotionName: Hero_Parade_None_Staff_P0_Ambient_Loop_N_Fwd_00_%_00_P0_0.xmot
PrimaryHasMotionInstance: 1
PrimaryMotionRunning: 1
PrimaryPlayTime: 0.000000
PrimaryMaxTime: 0.000000
PrimaryPlaySpeed: 1.000000
CleanupBehaviorChanged: 0
=====================================

===== PRIMARYFIRST PlayMotion =====
OwnerEntityAddress: EBB66E10
OwnerEntity: PC_Hero
MotionType: 0
Stage: REQUEST_BEFORE_ORIGINAL
ElapsedMs: 229140.312
PrimarySnapshotAvailable: 1
PrimaryMotionName: 
PrimaryHasMotionInstance: 0
PrimaryMotionRunning: 0
PrimaryPlayTime: 0.000000
PrimaryMaxTime: 0.000000
PrimaryPlaySpeed: 0.000000
Stage: RESULT_AFTER_ORIGINAL
ElapsedMs: 229140.327
PrimarySnapshotAvailable: 1
PrimaryMotionName: Hero_Stand_None_Staff_P0_Ambient_Loop_N_Fwd_00_%_00_P0_0.xmot
PrimaryHasMotionInstance: 1
PrimaryMotionRunning: 1
PrimaryPlayTime: 0.000000
PrimaryMaxTime: 0.000000
PrimaryPlaySpeed: 1.000000
CleanupBehaviorChanged: 0
=====================================

===== PRIMARYFIRST PlayMotion =====
OwnerEntityAddress: EBB66E10
OwnerEntity: PC_Hero
MotionType: 0
Stage: REQUEST_BEFORE_ORIGINAL
ElapsedMs: 229809.489
PrimarySnapshotAvailable: 1
PrimaryMotionName: 
PrimaryHasMotionInstance: 0
PrimaryMotionRunning: 0
PrimaryPlayTime: 0.000000
PrimaryMaxTime: 0.000000
PrimaryPlaySpeed: 0.000000
Stage: RESULT_AFTER_ORIGINAL
ElapsedMs: 229809.503
PrimarySnapshotAvailable: 1
PrimaryMotionName: Hero_Parade_None_Staff_P0_Ambient_Loop_N_Fwd_00_%_00_P0_0.xmot
PrimaryHasMotionInstance: 1
PrimaryMotionRunning: 1
PrimaryPlayTime: 0.000000
PrimaryMaxTime: 0.000000
PrimaryPlaySpeed: 1.000000
CleanupBehaviorChanged: 0
=====================================

===== PRIMARYFIRST StopMotion =====
OwnerEntityAddress: EBB66E10
OwnerEntity: PC_Hero
MotionType: 0
Stage: REQUEST_BEFORE_ORIGINAL
ElapsedMs: 231798.829
PrimarySnapshotAvailable: 1
PrimaryMotionName: 
PrimaryHasMotionInstance: 0
PrimaryMotionRunning: 0
PrimaryPlayTime: 0.000000
PrimaryMaxTime: 0.000000
PrimaryPlaySpeed: 0.000000
Stage: RESULT_AFTER_ORIGINAL
ElapsedMs: 231798.830
PrimarySnapshotAvailable: 1
PrimaryMotionName: 
PrimaryHasMotionInstance: 0
PrimaryMotionRunning: 0
PrimaryPlayTime: 0.000000
PrimaryMaxTime: 0.000000
PrimaryPlaySpeed: 0.000000
CleanupBehaviorChanged: 0
=====================================

===== PRIMARYFIRST PlayMotion =====
OwnerEntityAddress: EBB66E10
OwnerEntity: PC_Hero
MotionType: 0
Stage: REQUEST_BEFORE_ORIGINAL
ElapsedMs: 231798.891
PrimarySnapshotAvailable: 1
PrimaryMotionName: 
PrimaryHasMotionInstance: 0
PrimaryMotionRunning: 0
PrimaryPlayTime: 0.000000
PrimaryMaxTime: 0.000000
PrimaryPlaySpeed: 0.000000
Stage: RESULT_AFTER_ORIGINAL
ElapsedMs: 231798.909
PrimarySnapshotAvailable: 1
PrimaryMotionName: Hero_Parade_None_Staff_P0_FinishingAttack_Raise_N_Fwd_00_%_00_P0_0.xmot
PrimaryHasMotionInstance: 1
PrimaryMotionRunning: 1
PrimaryPlayTime: 0.000000
PrimaryMaxTime: 0.760000
PrimaryPlaySpeed: 1.000000
CleanupBehaviorChanged: 0
=====================================

===== PRIMARYFIRST StopMotion =====
OwnerEntityAddress: EBB66E10
OwnerEntity: PC_Hero
MotionType: 0
Stage: REQUEST_BEFORE_ORIGINAL
ElapsedMs: 232559.820
PrimarySnapshotAvailable: 1
PrimaryMotionName: 
PrimaryHasMotionInstance: 0
PrimaryMotionRunning: 0
PrimaryPlayTime: 0.000000
PrimaryMaxTime: 0.000000
PrimaryPlaySpeed: 0.000000
Stage: RESULT_AFTER_ORIGINAL
ElapsedMs: 232559.821
PrimarySnapshotAvailable: 1
PrimaryMotionName: 
PrimaryHasMotionInstance: 0
PrimaryMotionRunning: 0
PrimaryPlayTime: 0.000000
PrimaryMaxTime: 0.000000
PrimaryPlaySpeed: 0.000000
CleanupBehaviorChanged: 0
=====================================

===== PRIMARYFIRST PlayMotion =====
OwnerEntityAddress: EBB66E10
OwnerEntity: PC_Hero
MotionType: 0
Stage: REQUEST_BEFORE_ORIGINAL
ElapsedMs: 232559.862
PrimarySnapshotAvailable: 1
PrimaryMotionName: 
PrimaryHasMotionInstance: 0
PrimaryMotionRunning: 0
PrimaryPlayTime: 0.000000
PrimaryMaxTime: 0.000000
PrimaryPlaySpeed: 0.000000
Stage: RESULT_AFTER_ORIGINAL
ElapsedMs: 232559.873
PrimarySnapshotAvailable: 1
PrimaryMotionName: Hero_Parade_None_Staff_P0_FinishingAttack_Hit_N_Fwd_00_%_00_P0_50.xmot
PrimaryHasMotionInstance: 1
PrimaryMotionRunning: 1
PrimaryPlayTime: 0.000000
PrimaryMaxTime: 0.600000
PrimaryPlaySpeed: 1.000000
CleanupBehaviorChanged: 0
=====================================

===== ENGINE SetCollisionGroup =====
ElapsedMs: 232559.927
Entity: Wrestling Staff_BBM
ChangedEntityAddress: E27B4610
PlayerSlotMatch: RIGHT
PlayerAction: 14
PlayerAniPhase: 1
PlayerPrimaryPose: 1
PlayerStateTime: 0.761930
PlayerStatePosition: 0
PlayerCurrentMovementAni: Hero_Parade_None_Staff_P0_FinishingAttack_Hit_N_Fwd_00_%_00_P0_50.xmot
PlayerLeftItem: <none>
PlayerLeftItemAddress: 00000000
PlayerLeftUseType: -1
PlayerLeftCollisionGroup: -1
PlayerRightItem: Wrestling Staff_BBM
PlayerRightItemAddress: E27B4610
PlayerRightUseType: 12
PlayerRightCollisionGroup: 7
RequestedGroup: 7
BeforeGroup: 5
AfterGroup: 7
Item_EquippedValue: 5
Item_AttackValue: 7
RetiredMarkerExecutionCount: 0
====================================

===== COMBATMOVE STARTRECOVER BEGIN =====
ActorAddress: EBB66E10
Actor: PC_Hero
CurrentAction: 14
CurrentAniPhase: 1
CurrentMovementAni: Hero_Parade_None_Staff_P0_FinishingAttack_Hit_N_Fwd_00_%_00_P0_50.xmot
Stage: BEGIN
ElapsedMs: 233165.363
PrimarySnapshotAvailable: 1
PrimaryMotionName: Hero_Parade_None_Staff_P0_FinishingAttack_Hit_N_Fwd_00_%_00_P0_50.xmot
PrimaryHasMotionInstance: 1
PrimaryMotionRunning: 1
PrimaryPlayTime: 0.599990
PrimaryMaxTime: 0.600000
PrimaryPlaySpeed: 0.000000
LeftHandSourceResolved: 0
RightHandSourceResolved: 1
RightHandSource: Wrestling Staff_BBM
RightHandSourceAddress: E27B4610
RightHandSourceCollisionGroup: 7
CleanupBehaviorChanged: 0
=========================================

===== PRIMARYFIRST StopMotion =====
OwnerEntityAddress: EBB66E10
OwnerEntity: PC_Hero
MotionType: 0
Stage: REQUEST_BEFORE_ORIGINAL
ElapsedMs: 233165.433
PrimarySnapshotAvailable: 1
PrimaryMotionName: 
PrimaryHasMotionInstance: 0
PrimaryMotionRunning: 0
PrimaryPlayTime: 0.000000
PrimaryMaxTime: 0.000000
PrimaryPlaySpeed: 0.000000
Stage: RESULT_AFTER_ORIGINAL
ElapsedMs: 233165.434
PrimarySnapshotAvailable: 1
PrimaryMotionName: 
PrimaryHasMotionInstance: 0
PrimaryMotionRunning: 0
PrimaryPlayTime: 0.000000
PrimaryMaxTime: 0.000000
PrimaryPlaySpeed: 0.000000
CleanupBehaviorChanged: 0
=====================================

===== PRIMARYFIRST PlayMotion =====
OwnerEntityAddress: EBB66E10
OwnerEntity: PC_Hero
MotionType: 0
Stage: REQUEST_BEFORE_ORIGINAL
ElapsedMs: 233165.459
PrimarySnapshotAvailable: 1
PrimaryMotionName: 
PrimaryHasMotionInstance: 0
PrimaryMotionRunning: 0
PrimaryPlayTime: 0.000000
PrimaryMaxTime: 0.000000
PrimaryPlaySpeed: 0.000000
Stage: RESULT_AFTER_ORIGINAL
ElapsedMs: 233165.472
PrimarySnapshotAvailable: 1
PrimaryMotionName: Hero_Parade_None_Staff_P0_FinishingAttack_Recover_N_Fwd_00_%_00_P0_0.xmot
PrimaryHasMotionInstance: 1
PrimaryMotionRunning: 1
PrimaryPlayTime: 0.000000
PrimaryMaxTime: 2.160000
PrimaryPlaySpeed: 1.000000
CleanupBehaviorChanged: 0
=====================================

===== COMBATMOVE STARTRECOVER END =====
ActorAddress: EBB66E10
Actor: PC_Hero
CurrentAction: 14
CurrentAniPhase: 3
CurrentMovementAni: Hero_Parade_None_Staff_P0_FinishingAttack_Hit_N_Fwd_00_%_00_P0_50.xmot
Stage: END
ElapsedMs: 233165.530
PrimarySnapshotAvailable: 1
PrimaryMotionName: Hero_Parade_None_Staff_P0_FinishingAttack_Recover_N_Fwd_00_%_00_P0_0.xmot
PrimaryHasMotionInstance: 1
PrimaryMotionRunning: 1
PrimaryPlayTime: 0.000000
PrimaryMaxTime: 2.160000
PrimaryPlaySpeed: 1.000000
LeftHandSourceResolved: 0
RightHandSourceResolved: 1
RightHandSource: Wrestling Staff_BBM
RightHandSourceAddress: E27B4610
RightHandSourceCollisionGroup: 7
CleanupBehaviorChanged: 0
=========================================

===== ENGINE SetCollisionGroup =====
ElapsedMs: 233165.593
Entity: Wrestling Staff_BBM
ChangedEntityAddress: E27B4610
PlayerSlotMatch: RIGHT
PlayerAction: 14
PlayerAniPhase: 3
PlayerPrimaryPose: 1
PlayerStateTime: 1.367890
PlayerStatePosition: 1
PlayerCurrentMovementAni: Hero_Parade_None_Staff_P0_FinishingAttack_Hit_N_Fwd_00_%_00_P0_50.xmot
PlayerLeftItem: <none>
PlayerLeftItemAddress: 00000000
PlayerLeftUseType: -1
PlayerLeftCollisionGroup: -1
PlayerRightItem: Wrestling Staff_BBM
PlayerRightItemAddress: E27B4610
PlayerRightUseType: 12
PlayerRightCollisionGroup: 5
RequestedGroup: 5
BeforeGroup: 7
AfterGroup: 5
Item_EquippedValue: 5
Item_AttackValue: 7
RetiredMarkerExecutionCount: 0
====================================

===== PRIMARYFIRST StopMotion =====
OwnerEntityAddress: EBB66E10
OwnerEntity: PC_Hero
MotionType: 0
Stage: REQUEST_BEFORE_ORIGINAL
ElapsedMs: 233165.637
PrimarySnapshotAvailable: 1
PrimaryMotionName: 
PrimaryHasMotionInstance: 0
PrimaryMotionRunning: 0
PrimaryPlayTime: 0.000000
PrimaryMaxTime: 0.000000
PrimaryPlaySpeed: 0.000000
Stage: RESULT_AFTER_ORIGINAL
ElapsedMs: 233165.637
PrimarySnapshotAvailable: 1
PrimaryMotionName: 
PrimaryHasMotionInstance: 0
PrimaryMotionRunning: 0
PrimaryPlayTime: 0.000000
PrimaryMaxTime: 0.000000
PrimaryPlaySpeed: 0.000000
CleanupBehaviorChanged: 0
=====================================

===== PRIMARYFIRST PlayMotion =====
OwnerEntityAddress: EBB66E10
OwnerEntity: PC_Hero
MotionType: 0
Stage: REQUEST_BEFORE_ORIGINAL
ElapsedMs: 233165.660
PrimarySnapshotAvailable: 1
PrimaryMotionName: 
PrimaryHasMotionInstance: 0
PrimaryMotionRunning: 0
PrimaryPlayTime: 0.000000
PrimaryMaxTime: 0.000000
PrimaryPlaySpeed: 0.000000
Stage: RESULT_AFTER_ORIGINAL
ElapsedMs: 233165.669
PrimarySnapshotAvailable: 1
PrimaryMotionName: Hero_Parade_None_Staff_P0_FinishingAttack_Recover_N_Fwd_00_%_00_P0_0.xmot
PrimaryHasMotionInstance: 1
PrimaryMotionRunning: 1
PrimaryPlayTime: 0.000000
PrimaryMaxTime: 2.160000
PrimaryPlaySpeed: 1.000000
CleanupBehaviorChanged: 0
=====================================

===== PRIMARYFIRST PlayMotion =====
OwnerEntityAddress: EBB66E10
OwnerEntity: PC_Hero
MotionType: 0
Stage: REQUEST_BEFORE_ORIGINAL
ElapsedMs: 235336.403
PrimarySnapshotAvailable: 1
PrimaryMotionName: 
PrimaryHasMotionInstance: 0
PrimaryMotionRunning: 0
PrimaryPlayTime: 0.000000
PrimaryMaxTime: 0.000000
PrimaryPlaySpeed: 0.000000
Stage: RESULT_AFTER_ORIGINAL
ElapsedMs: 235336.415
PrimarySnapshotAvailable: 1
PrimaryMotionName: Hero_Parade_None_Staff_P0_Ambient_Loop_N_Fwd_00_%_00_P0_0.xmot
PrimaryHasMotionInstance: 1
PrimaryMotionRunning: 1
PrimaryPlayTime: 0.000000
PrimaryMaxTime: 0.000000
PrimaryPlaySpeed: 1.000000
CleanupBehaviorChanged: 0
=====================================

===== PRIMARYFIRST PlayMotion =====
OwnerEntityAddress: EBB66E10
OwnerEntity: PC_Hero
MotionType: 0
Stage: REQUEST_BEFORE_ORIGINAL
ElapsedMs: 235670.313
PrimarySnapshotAvailable: 1
PrimaryMotionName: 
PrimaryHasMotionInstance: 0
PrimaryMotionRunning: 0
PrimaryPlayTime: 0.000000
PrimaryMaxTime: 0.000000
PrimaryPlaySpeed: 0.000000
Stage: RESULT_AFTER_ORIGINAL
ElapsedMs: 235670.329
PrimarySnapshotAvailable: 1
PrimaryMotionName: Hero_Stand_None_Staff_P0_Ambient_Loop_N_Fwd_00_%_00_P0_0.xmot
PrimaryHasMotionInstance: 1
PrimaryMotionRunning: 1
PrimaryPlayTime: 0.000000
PrimaryMaxTime: 0.000000
PrimaryPlaySpeed: 1.000000
CleanupBehaviorChanged: 0
=====================================

===== PRIMARYFIRST PlayMotion =====
OwnerEntityAddress: EBB66E10
OwnerEntity: PC_Hero
MotionType: 0
Stage: REQUEST_BEFORE_ORIGINAL
ElapsedMs: 236048.454
PrimarySnapshotAvailable: 1
PrimaryMotionName: 
PrimaryHasMotionInstance: 0
PrimaryMotionRunning: 0
PrimaryPlayTime: 0.000000
PrimaryMaxTime: 0.000000
PrimaryPlaySpeed: 0.000000
Stage: RESULT_AFTER_ORIGINAL
ElapsedMs: 236048.466
PrimarySnapshotAvailable: 1
PrimaryMotionName: Hero_Parade_None_Staff_P0_Ambient_Loop_N_Fwd_00_%_00_P0_0.xmot
PrimaryHasMotionInstance: 1
PrimaryMotionRunning: 1
PrimaryPlayTime: 0.000000
PrimaryMaxTime: 0.000000
PrimaryPlaySpeed: 1.000000
CleanupBehaviorChanged: 0
=====================================

===== PRIMARYFIRST StopMotion =====
OwnerEntityAddress: EBB66E10
OwnerEntity: PC_Hero
MotionType: 0
Stage: REQUEST_BEFORE_ORIGINAL
ElapsedMs: 236635.132
PrimarySnapshotAvailable: 1
PrimaryMotionName: 
PrimaryHasMotionInstance: 0
PrimaryMotionRunning: 0
PrimaryPlayTime: 0.000000
PrimaryMaxTime: 0.000000
PrimaryPlaySpeed: 0.000000
Stage: RESULT_AFTER_ORIGINAL
ElapsedMs: 236635.133
PrimarySnapshotAvailable: 1
PrimaryMotionName: 
PrimaryHasMotionInstance: 0
PrimaryMotionRunning: 0
PrimaryPlayTime: 0.000000
PrimaryMaxTime: 0.000000
PrimaryPlaySpeed: 0.000000
CleanupBehaviorChanged: 0
=====================================

===== PRIMARYFIRST PlayMotion =====
OwnerEntityAddress: EBB66E10
OwnerEntity: PC_Hero
MotionType: 0
Stage: REQUEST_BEFORE_ORIGINAL
ElapsedMs: 236635.175
PrimarySnapshotAvailable: 1
PrimaryMotionName: 
PrimaryHasMotionInstance: 0
PrimaryMotionRunning: 0
PrimaryPlayTime: 0.000000
PrimaryMaxTime: 0.000000
PrimaryPlaySpeed: 0.000000
Stage: RESULT_AFTER_ORIGINAL
ElapsedMs: 236635.187
PrimarySnapshotAvailable: 1
PrimaryMotionName: Hero_Parade_None_Staff_P0_FinishingAttack_Raise_N_Fwd_00_%_00_P0_0.xmot
PrimaryHasMotionInstance: 1
PrimaryMotionRunning: 1
PrimaryPlayTime: 0.000000
PrimaryMaxTime: 0.760000
PrimaryPlaySpeed: 1.000000
CleanupBehaviorChanged: 0
=====================================

===== PRIMARYFIRST StopMotion =====
OwnerEntityAddress: EBB66E10
OwnerEntity: PC_Hero
MotionType: 0
Stage: REQUEST_BEFORE_ORIGINAL
ElapsedMs: 236645.898
PrimarySnapshotAvailable: 1
PrimaryMotionName: 
PrimaryHasMotionInstance: 0
PrimaryMotionRunning: 0
PrimaryPlayTime: 0.000000
PrimaryMaxTime: 0.000000
PrimaryPlaySpeed: 0.000000
Stage: RESULT_AFTER_ORIGINAL
ElapsedMs: 236645.899
PrimarySnapshotAvailable: 1
PrimaryMotionName: 
PrimaryHasMotionInstance: 0
PrimaryMotionRunning: 0
PrimaryPlayTime: 0.000000
PrimaryMaxTime: 0.000000
PrimaryPlaySpeed: 0.000000
CleanupBehaviorChanged: 0
=====================================

===== PRIMARYFIRST PlayMotion =====
OwnerEntityAddress: EBB66E10
OwnerEntity: PC_Hero
MotionType: 0
Stage: REQUEST_BEFORE_ORIGINAL
ElapsedMs: 236645.959
PrimarySnapshotAvailable: 1
PrimaryMotionName: 
PrimaryHasMotionInstance: 0
PrimaryMotionRunning: 0
PrimaryPlayTime: 0.000000
PrimaryMaxTime: 0.000000
PrimaryPlaySpeed: 0.000000
Stage: RESULT_AFTER_ORIGINAL
ElapsedMs: 236645.970
PrimarySnapshotAvailable: 1
PrimaryMotionName: Hero_Parade_None_Staff_P0_WhirlAttack_Hit_N_Fwd_00_%_00_P0_150_R.xmot
PrimaryHasMotionInstance: 1
PrimaryMotionRunning: 1
PrimaryPlayTime: 0.000000
PrimaryMaxTime: 0.800000
PrimaryPlaySpeed: 1.000000
CleanupBehaviorChanged: 0
=====================================

===== MARKER OWNERSHIP DECISION =====
ElapsedMs: 236646.029
Actor: PC_Hero
CurrentMovementAni: Hero_Parade_None_Staff_P0_WhirlAttack_Hit_N_Fwd_00_%_00_P0_150_R.xmot
MatchingMotionFound: 1
FrameEffectCount: 1
ContainsReservedSourceMarker: 0
RequiredSourceMask: 0
AuthoredRIGHTMarkerCount: 0
FirstRIGHTMarkerFrame: -1
AuthoredLEFTMarkerCount: 0
FirstLEFTMarkerFrame: -1
AuthoredBOTHMarkerCount: 0
FirstBOTHMarkerFrame: -1
AuthoredOFFMarkerCount: 0
FirstOFFMarkerFrame: -1
RightHandSourceResolved: 1
RightHandSource: Wrestling Staff_BBM
RightHandSourceAddress: E27B4610
RightHandSourceUseType: 12
RightHandSourceCollisionGroup: 5
LeftHandSourceResolved: 0
Decision: LEGACY/NATIVE - call original timer callback
=====================================

===== ENGINE SetCollisionGroup =====
ElapsedMs: 236901.631
Entity: Wrestling Staff_BBM
ChangedEntityAddress: E27B4610
PlayerSlotMatch: RIGHT
PlayerAction: 10
PlayerAniPhase: 1
PlayerPrimaryPose: 1
PlayerStateTime: 0.256958
PlayerStatePosition: 0
PlayerCurrentMovementAni: Hero_Parade_None_Staff_P0_WhirlAttack_Hit_N_Fwd_00_%_00_P0_150_R.xmot
PlayerLeftItem: <none>
PlayerLeftItemAddress: 00000000
PlayerLeftUseType: -1
PlayerLeftCollisionGroup: -1
PlayerRightItem: Wrestling Staff_BBM
PlayerRightItemAddress: E27B4610
PlayerRightUseType: 12
PlayerRightCollisionGroup: 7
RequestedGroup: 7
BeforeGroup: 5
AfterGroup: 7
Item_EquippedValue: 5
Item_AttackValue: 7
RetiredMarkerExecutionCount: 0
====================================

===== COMBATMOVE STARTRECOVER BEGIN =====
ActorAddress: EBB66E10
Actor: PC_Hero
CurrentAction: 10
CurrentAniPhase: 1
CurrentMovementAni: Hero_Parade_None_Staff_P0_WhirlAttack_Hit_N_Fwd_00_%_00_P0_150_R.xmot
Stage: BEGIN
ElapsedMs: 237449.819
PrimarySnapshotAvailable: 1
PrimaryMotionName: Hero_Parade_None_Staff_P0_WhirlAttack_Hit_N_Fwd_00_%_00_P0_150_R.xmot
PrimaryHasMotionInstance: 1
PrimaryMotionRunning: 1
PrimaryPlayTime: 0.799990
PrimaryMaxTime: 0.800000
PrimaryPlaySpeed: 0.000000
LeftHandSourceResolved: 0
RightHandSourceResolved: 1
RightHandSource: Wrestling Staff_BBM
RightHandSourceAddress: E27B4610
RightHandSourceCollisionGroup: 7
CleanupBehaviorChanged: 0
=========================================

===== PRIMARYFIRST StopMotion =====
OwnerEntityAddress: EBB66E10
OwnerEntity: PC_Hero
MotionType: 0
Stage: REQUEST_BEFORE_ORIGINAL
ElapsedMs: 237450.161
PrimarySnapshotAvailable: 1
PrimaryMotionName: 
PrimaryHasMotionInstance: 0
PrimaryMotionRunning: 0
PrimaryPlayTime: 0.000000
PrimaryMaxTime: 0.000000
PrimaryPlaySpeed: 0.000000
Stage: RESULT_AFTER_ORIGINAL
ElapsedMs: 237450.161
PrimarySnapshotAvailable: 1
PrimaryMotionName: 
PrimaryHasMotionInstance: 0
PrimaryMotionRunning: 0
PrimaryPlayTime: 0.000000
PrimaryMaxTime: 0.000000
PrimaryPlaySpeed: 0.000000
CleanupBehaviorChanged: 0
=====================================

===== PRIMARYFIRST PlayMotion =====
OwnerEntityAddress: EBB66E10
OwnerEntity: PC_Hero
MotionType: 0
Stage: REQUEST_BEFORE_ORIGINAL
ElapsedMs: 237450.188
PrimarySnapshotAvailable: 1
PrimaryMotionName: 
PrimaryHasMotionInstance: 0
PrimaryMotionRunning: 0
PrimaryPlayTime: 0.000000
PrimaryMaxTime: 0.000000
PrimaryPlaySpeed: 0.000000
Stage: RESULT_AFTER_ORIGINAL
ElapsedMs: 237450.198
PrimarySnapshotAvailable: 1
PrimaryMotionName: Hero_Parade_None_Staff_P0_WhirlAttack_Recover_N_Fwd_00_%_00_P0_0_R.xmot
PrimaryHasMotionInstance: 1
PrimaryMotionRunning: 1
PrimaryPlayTime: 0.000000
PrimaryMaxTime: 0.960000
PrimaryPlaySpeed: 1.000000
CleanupBehaviorChanged: 0
=====================================

===== COMBATMOVE STARTRECOVER END =====
ActorAddress: EBB66E10
Actor: PC_Hero
CurrentAction: 10
CurrentAniPhase: 3
CurrentMovementAni: Hero_Parade_None_Staff_P0_WhirlAttack_Hit_N_Fwd_00_%_00_P0_150_R.xmot
Stage: END
ElapsedMs: 237450.224
PrimarySnapshotAvailable: 1
PrimaryMotionName: Hero_Parade_None_Staff_P0_WhirlAttack_Recover_N_Fwd_00_%_00_P0_0_R.xmot
PrimaryHasMotionInstance: 1
PrimaryMotionRunning: 1
PrimaryPlayTime: 0.000000
PrimaryMaxTime: 0.960000
PrimaryPlaySpeed: 1.000000
LeftHandSourceResolved: 0
RightHandSourceResolved: 1
RightHandSource: Wrestling Staff_BBM
RightHandSourceAddress: E27B4610
RightHandSourceCollisionGroup: 7
CleanupBehaviorChanged: 0
=========================================

===== ENGINE SetCollisionGroup =====
ElapsedMs: 237450.281
Entity: Wrestling Staff_BBM
ChangedEntityAddress: E27B4610
PlayerSlotMatch: RIGHT
PlayerAction: 10
PlayerAniPhase: 3
PlayerPrimaryPose: 1
PlayerStateTime: 0.804825
PlayerStatePosition: 1
PlayerCurrentMovementAni: Hero_Parade_None_Staff_P0_WhirlAttack_Hit_N_Fwd_00_%_00_P0_150_R.xmot
PlayerLeftItem: <none>
PlayerLeftItemAddress: 00000000
PlayerLeftUseType: -1
PlayerLeftCollisionGroup: -1
PlayerRightItem: Wrestling Staff_BBM
PlayerRightItemAddress: E27B4610
PlayerRightUseType: 12
PlayerRightCollisionGroup: 5
RequestedGroup: 5
BeforeGroup: 7
AfterGroup: 5
Item_EquippedValue: 5
Item_AttackValue: 7
RetiredMarkerExecutionCount: 0
====================================

===== PRIMARYFIRST PlayMotion =====
OwnerEntityAddress: EBB66E10
OwnerEntity: PC_Hero
MotionType: 0
Stage: REQUEST_BEFORE_ORIGINAL
ElapsedMs: 238421.649
PrimarySnapshotAvailable: 1
PrimaryMotionName: 
PrimaryHasMotionInstance: 0
PrimaryMotionRunning: 0
PrimaryPlayTime: 0.000000
PrimaryMaxTime: 0.000000
PrimaryPlaySpeed: 0.000000
Stage: RESULT_AFTER_ORIGINAL
ElapsedMs: 238421.663
PrimarySnapshotAvailable: 1
PrimaryMotionName: Hero_Parade_None_Staff_P0_Ambient_Loop_N_Fwd_00_%_00_P0_0.xmot
PrimaryHasMotionInstance: 1
PrimaryMotionRunning: 1
PrimaryPlayTime: 0.000000
PrimaryMaxTime: 0.000000
PrimaryPlaySpeed: 1.000000
CleanupBehaviorChanged: 0
=====================================

===== PRIMARYFIRST PlayMotion =====
OwnerEntityAddress: EBB66E10
OwnerEntity: PC_Hero
MotionType: 0
Stage: REQUEST_BEFORE_ORIGINAL
ElapsedMs: 238490.970
PrimarySnapshotAvailable: 1
PrimaryMotionName: 
PrimaryHasMotionInstance: 0
PrimaryMotionRunning: 0
PrimaryPlayTime: 0.000000
PrimaryMaxTime: 0.000000
PrimaryPlaySpeed: 0.000000
Stage: RESULT_AFTER_ORIGINAL
ElapsedMs: 238490.981
PrimarySnapshotAvailable: 1
PrimaryMotionName: Hero_Stand_None_Staff_P0_Ambient_Loop_N_Fwd_00_%_00_P0_0.xmot
PrimaryHasMotionInstance: 1
PrimaryMotionRunning: 1
PrimaryPlayTime: 0.000000
PrimaryMaxTime: 0.000000
PrimaryPlaySpeed: 1.000000
CleanupBehaviorChanged: 0
=====================================

===== PRIMARYFIRST StopMotion =====
OwnerEntityAddress: EBB66E10
OwnerEntity: PC_Hero
MotionType: 0
Stage: REQUEST_BEFORE_ORIGINAL
ElapsedMs: 238580.779
PrimarySnapshotAvailable: 1
PrimaryMotionName: 
PrimaryHasMotionInstance: 0
PrimaryMotionRunning: 0
PrimaryPlayTime: 0.000000
PrimaryMaxTime: 0.000000
PrimaryPlaySpeed: 0.000000
Stage: RESULT_AFTER_ORIGINAL
ElapsedMs: 238580.780
PrimarySnapshotAvailable: 1
PrimaryMotionName: 
PrimaryHasMotionInstance: 0
PrimaryMotionRunning: 0
PrimaryPlayTime: 0.000000
PrimaryMaxTime: 0.000000
PrimaryPlaySpeed: 0.000000
CleanupBehaviorChanged: 0
=====================================

===== PRIMARYFIRST PlayMotion =====
OwnerEntityAddress: EBB66E10
OwnerEntity: PC_Hero
MotionType: 0
Stage: REQUEST_BEFORE_ORIGINAL
ElapsedMs: 238580.826
PrimarySnapshotAvailable: 1
PrimaryMotionName: 
PrimaryHasMotionInstance: 0
PrimaryMotionRunning: 0
PrimaryPlayTime: 0.000000
PrimaryMaxTime: 0.000000
PrimaryPlaySpeed: 0.000000
Stage: RESULT_AFTER_ORIGINAL
ElapsedMs: 238580.838
PrimarySnapshotAvailable: 1
PrimaryMotionName: Hero_Parade_None_Staff_P0_FinishingAttack_Raise_N_Fwd_00_%_00_P0_0.xmot
PrimaryHasMotionInstance: 1
PrimaryMotionRunning: 1
PrimaryPlayTime: 0.000000
PrimaryMaxTime: 0.760000
PrimaryPlaySpeed: 1.000000
CleanupBehaviorChanged: 0
=====================================

===== PRIMARYFIRST StopMotion =====
OwnerEntityAddress: EBB66E10
OwnerEntity: PC_Hero
MotionType: 0
Stage: REQUEST_BEFORE_ORIGINAL
ElapsedMs: 239350.838
PrimarySnapshotAvailable: 1
PrimaryMotionName: 
PrimaryHasMotionInstance: 0
PrimaryMotionRunning: 0
PrimaryPlayTime: 0.000000
PrimaryMaxTime: 0.000000
PrimaryPlaySpeed: 0.000000
Stage: RESULT_AFTER_ORIGINAL
ElapsedMs: 239350.839
PrimarySnapshotAvailable: 1
PrimaryMotionName: 
PrimaryHasMotionInstance: 0
PrimaryMotionRunning: 0
PrimaryPlayTime: 0.000000
PrimaryMaxTime: 0.000000
PrimaryPlaySpeed: 0.000000
CleanupBehaviorChanged: 0
=====================================

===== PRIMARYFIRST PlayMotion =====
OwnerEntityAddress: EBB66E10
OwnerEntity: PC_Hero
MotionType: 0
Stage: REQUEST_BEFORE_ORIGINAL
ElapsedMs: 239350.883
PrimarySnapshotAvailable: 1
PrimaryMotionName: 
PrimaryHasMotionInstance: 0
PrimaryMotionRunning: 0
PrimaryPlayTime: 0.000000
PrimaryMaxTime: 0.000000
PrimaryPlaySpeed: 0.000000
Stage: RESULT_AFTER_ORIGINAL
ElapsedMs: 239350.894
PrimarySnapshotAvailable: 1
PrimaryMotionName: Hero_Parade_None_Staff_P0_FinishingAttack_Hit_N_Fwd_00_%_00_P0_50.xmot
PrimaryHasMotionInstance: 1
PrimaryMotionRunning: 1
PrimaryPlayTime: 0.000000
PrimaryMaxTime: 0.600000
PrimaryPlaySpeed: 1.000000
CleanupBehaviorChanged: 0
=====================================

===== ENGINE SetCollisionGroup =====
ElapsedMs: 239350.987
Entity: Wrestling Staff_BBM
ChangedEntityAddress: E27B4610
PlayerSlotMatch: RIGHT
PlayerAction: 14
PlayerAniPhase: 1
PlayerPrimaryPose: 1
PlayerStateTime: 0.768963
PlayerStatePosition: 0
PlayerCurrentMovementAni: Hero_Parade_None_Staff_P0_FinishingAttack_Hit_N_Fwd_00_%_00_P0_50.xmot
PlayerLeftItem: <none>
PlayerLeftItemAddress: 00000000
PlayerLeftUseType: -1
PlayerLeftCollisionGroup: -1
PlayerRightItem: Wrestling Staff_BBM
PlayerRightItemAddress: E27B4610
PlayerRightUseType: 12
PlayerRightCollisionGroup: 7
RequestedGroup: 7
BeforeGroup: 5
AfterGroup: 7
Item_EquippedValue: 5
Item_AttackValue: 7
RetiredMarkerExecutionCount: 0
====================================

===== COMBATMOVE STARTRECOVER BEGIN =====
ActorAddress: EBB66E10
Actor: PC_Hero
CurrentAction: 14
CurrentAniPhase: 1
CurrentMovementAni: Hero_Parade_None_Staff_P0_FinishingAttack_Hit_N_Fwd_00_%_00_P0_50.xmot
Stage: BEGIN
ElapsedMs: 239962.301
PrimarySnapshotAvailable: 1
PrimaryMotionName: Hero_Parade_None_Staff_P0_FinishingAttack_Hit_N_Fwd_00_%_00_P0_50.xmot
PrimaryHasMotionInstance: 1
PrimaryMotionRunning: 1
PrimaryPlayTime: 0.599990
PrimaryMaxTime: 0.600000
PrimaryPlaySpeed: 0.000000
LeftHandSourceResolved: 0
RightHandSourceResolved: 1
RightHandSource: Wrestling Staff_BBM
RightHandSourceAddress: E27B4610
RightHandSourceCollisionGroup: 7
CleanupBehaviorChanged: 0
=========================================

===== PRIMARYFIRST StopMotion =====
OwnerEntityAddress: EBB66E10
OwnerEntity: PC_Hero
MotionType: 0
Stage: REQUEST_BEFORE_ORIGINAL
ElapsedMs: 239962.359
PrimarySnapshotAvailable: 1
PrimaryMotionName: 
PrimaryHasMotionInstance: 0
PrimaryMotionRunning: 0
PrimaryPlayTime: 0.000000
PrimaryMaxTime: 0.000000
PrimaryPlaySpeed: 0.000000
Stage: RESULT_AFTER_ORIGINAL
ElapsedMs: 239962.359
PrimarySnapshotAvailable: 1
PrimaryMotionName: 
PrimaryHasMotionInstance: 0
PrimaryMotionRunning: 0
PrimaryPlayTime: 0.000000
PrimaryMaxTime: 0.000000
PrimaryPlaySpeed: 0.000000
CleanupBehaviorChanged: 0
=====================================

===== PRIMARYFIRST PlayMotion =====
OwnerEntityAddress: EBB66E10
OwnerEntity: PC_Hero
MotionType: 0
Stage: REQUEST_BEFORE_ORIGINAL
ElapsedMs: 239962.385
PrimarySnapshotAvailable: 1
PrimaryMotionName: 
PrimaryHasMotionInstance: 0
PrimaryMotionRunning: 0
PrimaryPlayTime: 0.000000
PrimaryMaxTime: 0.000000
PrimaryPlaySpeed: 0.000000
Stage: RESULT_AFTER_ORIGINAL
ElapsedMs: 239962.396
PrimarySnapshotAvailable: 1
PrimaryMotionName: Hero_Parade_None_Staff_P0_FinishingAttack_Recover_N_Fwd_00_%_00_P0_0.xmot
PrimaryHasMotionInstance: 1
PrimaryMotionRunning: 1
PrimaryPlayTime: 0.000000
PrimaryMaxTime: 2.160000
PrimaryPlaySpeed: 1.000000
CleanupBehaviorChanged: 0
=====================================

===== COMBATMOVE STARTRECOVER END =====
ActorAddress: EBB66E10
Actor: PC_Hero
CurrentAction: 14
CurrentAniPhase: 3
CurrentMovementAni: Hero_Parade_None_Staff_P0_FinishingAttack_Hit_N_Fwd_00_%_00_P0_50.xmot
Stage: END
ElapsedMs: 239962.418
PrimarySnapshotAvailable: 1
PrimaryMotionName: Hero_Parade_None_Staff_P0_FinishingAttack_Recover_N_Fwd_00_%_00_P0_0.xmot
PrimaryHasMotionInstance: 1
PrimaryMotionRunning: 1
PrimaryPlayTime: 0.000000
PrimaryMaxTime: 2.160000
PrimaryPlaySpeed: 1.000000
LeftHandSourceResolved: 0
RightHandSourceResolved: 1
RightHandSource: Wrestling Staff_BBM
RightHandSourceAddress: E27B4610
RightHandSourceCollisionGroup: 7
CleanupBehaviorChanged: 0
=========================================

===== ENGINE SetCollisionGroup =====
ElapsedMs: 239962.473
Entity: Wrestling Staff_BBM
ChangedEntityAddress: E27B4610
PlayerSlotMatch: RIGHT
PlayerAction: 14
PlayerAniPhase: 3
PlayerPrimaryPose: 1
PlayerStateTime: 1.374896
PlayerStatePosition: 1
PlayerCurrentMovementAni: Hero_Parade_None_Staff_P0_FinishingAttack_Hit_N_Fwd_00_%_00_P0_50.xmot
PlayerLeftItem: <none>
PlayerLeftItemAddress: 00000000
PlayerLeftUseType: -1
PlayerLeftCollisionGroup: -1
PlayerRightItem: Wrestling Staff_BBM
PlayerRightItemAddress: E27B4610
PlayerRightUseType: 12
PlayerRightCollisionGroup: 5
RequestedGroup: 5
BeforeGroup: 7
AfterGroup: 5
Item_EquippedValue: 5
Item_AttackValue: 7
RetiredMarkerExecutionCount: 0
====================================

===== PRIMARYFIRST StopMotion =====
OwnerEntityAddress: EBB66E10
OwnerEntity: PC_Hero
MotionType: 0
Stage: REQUEST_BEFORE_ORIGINAL
ElapsedMs: 239962.512
PrimarySnapshotAvailable: 1
PrimaryMotionName: 
PrimaryHasMotionInstance: 0
PrimaryMotionRunning: 0
PrimaryPlayTime: 0.000000
PrimaryMaxTime: 0.000000
PrimaryPlaySpeed: 0.000000
Stage: RESULT_AFTER_ORIGINAL
ElapsedMs: 239962.512
PrimarySnapshotAvailable: 1
PrimaryMotionName: 
PrimaryHasMotionInstance: 0
PrimaryMotionRunning: 0
PrimaryPlayTime: 0.000000
PrimaryMaxTime: 0.000000
PrimaryPlaySpeed: 0.000000
CleanupBehaviorChanged: 0
=====================================

===== PRIMARYFIRST PlayMotion =====
OwnerEntityAddress: EBB66E10
OwnerEntity: PC_Hero
MotionType: 0
Stage: REQUEST_BEFORE_ORIGINAL
ElapsedMs: 239962.533
PrimarySnapshotAvailable: 1
PrimaryMotionName: 
PrimaryHasMotionInstance: 0
PrimaryMotionRunning: 0
PrimaryPlayTime: 0.000000
PrimaryMaxTime: 0.000000
PrimaryPlaySpeed: 0.000000
Stage: RESULT_AFTER_ORIGINAL
ElapsedMs: 239962.542
PrimarySnapshotAvailable: 1
PrimaryMotionName: Hero_Parade_None_Staff_P0_FinishingAttack_Recover_N_Fwd_00_%_00_P0_0.xmot
PrimaryHasMotionInstance: 1
PrimaryMotionRunning: 1
PrimaryPlayTime: 0.000000
PrimaryMaxTime: 2.160000
PrimaryPlaySpeed: 1.000000
CleanupBehaviorChanged: 0
=====================================

===== PRIMARYFIRST StopMotion =====
OwnerEntityAddress: EBB66E10
OwnerEntity: PC_Hero
MotionType: 0
Stage: REQUEST_BEFORE_ORIGINAL
ElapsedMs: 242128.849
PrimarySnapshotAvailable: 1
PrimaryMotionName: Hero_Parade_None_Staff_P0_FinishingAttack_Recover_N_Fwd_00_%_00_P0_0.xmot
PrimaryHasMotionInstance: 1
PrimaryMotionRunning: 1
PrimaryPlayTime: 2.159990
PrimaryMaxTime: 2.160000
PrimaryPlaySpeed: 0.000000
Stage: RESULT_AFTER_ORIGINAL
ElapsedMs: 242128.852
PrimarySnapshotAvailable: 1
PrimaryMotionName: 
PrimaryHasMotionInstance: 0
PrimaryMotionRunning: 0
PrimaryPlayTime: 0.000000
PrimaryMaxTime: 0.000000
PrimaryPlaySpeed: 0.000000
CleanupBehaviorChanged: 0
=====================================

===== PRIMARYFIRST PlayMotion =====
OwnerEntityAddress: EBB66E10
OwnerEntity: PC_Hero
MotionType: 0
Stage: REQUEST_BEFORE_ORIGINAL
ElapsedMs: 242128.905
PrimarySnapshotAvailable: 1
PrimaryMotionName: 
PrimaryHasMotionInstance: 0
PrimaryMotionRunning: 0
PrimaryPlayTime: 0.000000
PrimaryMaxTime: 0.000000
PrimaryPlaySpeed: 0.000000
Stage: RESULT_AFTER_ORIGINAL
ElapsedMs: 242129.275
PrimarySnapshotAvailable: 1
PrimaryMotionName: Hero_Stand_None_Staff_P0_Move_Turn90_N_Right_00_%_00_P0_0.xmot
PrimaryHasMotionInstance: 1
PrimaryMotionRunning: 1
PrimaryPlayTime: 0.000000
PrimaryMaxTime: 0.800000
PrimaryPlaySpeed: 1.000000
CleanupBehaviorChanged: 0
=====================================

===== PRIMARYFIRST StopMotion =====
OwnerEntityAddress: EBB66E10
OwnerEntity: PC_Hero
MotionType: 0
Stage: REQUEST_BEFORE_ORIGINAL
ElapsedMs: 242138.419
PrimarySnapshotAvailable: 1
PrimaryMotionName: Hero_Stand_None_Staff_P0_Move_Turn90_N_Right_00_%_00_P0_0.xmot
PrimaryHasMotionInstance: 1
PrimaryMotionRunning: 1
PrimaryPlayTime: 0.001966
PrimaryMaxTime: 0.800000
PrimaryPlaySpeed: 0.196873
Stage: RESULT_AFTER_ORIGINAL
ElapsedMs: 242138.422
PrimarySnapshotAvailable: 1
PrimaryMotionName: 
PrimaryHasMotionInstance: 0
PrimaryMotionRunning: 0
PrimaryPlayTime: 0.000000
PrimaryMaxTime: 0.000000
PrimaryPlaySpeed: 0.000000
CleanupBehaviorChanged: 0
=====================================

===== PRIMARYFIRST PlayMotion =====
OwnerEntityAddress: EBB66E10
OwnerEntity: PC_Hero
MotionType: 0
Stage: REQUEST_BEFORE_ORIGINAL
ElapsedMs: 242138.468
PrimarySnapshotAvailable: 1
PrimaryMotionName: 
PrimaryHasMotionInstance: 0
PrimaryMotionRunning: 0
PrimaryPlayTime: 0.000000
PrimaryMaxTime: 0.000000
PrimaryPlaySpeed: 0.000000
Stage: RESULT_AFTER_ORIGINAL
ElapsedMs: 242138.892
PrimarySnapshotAvailable: 1
PrimaryMotionName: Hero_Stand_None_Staff_P0_Move_Turn90_N_Left_00_%_00_P0_0.xmot
PrimaryHasMotionInstance: 1
PrimaryMotionRunning: 1
PrimaryPlayTime: 0.000000
PrimaryMaxTime: 0.800000
PrimaryPlaySpeed: 1.000000
CleanupBehaviorChanged: 0
=====================================

===== PRIMARYFIRST PlayMotion =====
OwnerEntityAddress: EBB66E10
OwnerEntity: PC_Hero
MotionType: 0
Stage: REQUEST_BEFORE_ORIGINAL
ElapsedMs: 242148.415
PrimarySnapshotAvailable: 1
PrimaryMotionName: 
PrimaryHasMotionInstance: 0
PrimaryMotionRunning: 0
PrimaryPlayTime: 0.000000
PrimaryMaxTime: 0.000000
PrimaryPlaySpeed: 0.000000
Stage: RESULT_AFTER_ORIGINAL
ElapsedMs: 242148.427
PrimarySnapshotAvailable: 1
PrimaryMotionName: Hero_Stand_None_Staff_P0_Ambient_Loop_N_Fwd_00_%_00_P0_0.xmot
PrimaryHasMotionInstance: 1
PrimaryMotionRunning: 1
PrimaryPlayTime: 0.000000
PrimaryMaxTime: 0.000000
PrimaryPlaySpeed: 1.000000
CleanupBehaviorChanged: 0
=====================================

===== PRIMARYFIRST StopMotion =====
OwnerEntityAddress: EBB66E10
OwnerEntity: PC_Hero
MotionType: 0
Stage: REQUEST_BEFORE_ORIGINAL
ElapsedMs: 242640.201
PrimarySnapshotAvailable: 1
PrimaryMotionName: 
PrimaryHasMotionInstance: 0
PrimaryMotionRunning: 0
PrimaryPlayTime: 0.000000
PrimaryMaxTime: 0.000000
PrimaryPlaySpeed: 0.000000
Stage: RESULT_AFTER_ORIGINAL
ElapsedMs: 242640.202
PrimarySnapshotAvailable: 1
PrimaryMotionName: 
PrimaryHasMotionInstance: 0
PrimaryMotionRunning: 0
PrimaryPlayTime: 0.000000
PrimaryMaxTime: 0.000000
PrimaryPlaySpeed: 0.000000
CleanupBehaviorChanged: 0
=====================================

===== PRIMARYFIRST PlayMotion =====
OwnerEntityAddress: EBB66E10
OwnerEntity: PC_Hero
MotionType: 0
Stage: REQUEST_BEFORE_ORIGINAL
ElapsedMs: 242640.239
PrimarySnapshotAvailable: 1
PrimaryMotionName: 
PrimaryHasMotionInstance: 0
PrimaryMotionRunning: 0
PrimaryPlayTime: 0.000000
PrimaryMaxTime: 0.000000
PrimaryPlaySpeed: 0.000000
Stage: RESULT_AFTER_ORIGINAL
ElapsedMs: 242640.250
PrimarySnapshotAvailable: 1
PrimaryMotionName: Hero_Stand_None_Staff_P0_Transfer_End_N_Fwd_00_%_00_P0_0.xmot
PrimaryHasMotionInstance: 1
PrimaryMotionRunning: 1
PrimaryPlayTime: 0.000000
PrimaryMaxTime: 0.400000
PrimaryPlaySpeed: 1.000000
CleanupBehaviorChanged: 0
=====================================

===== PRIMARYFIRST StopMotion =====
OwnerEntityAddress: EBB66E10
OwnerEntity: PC_Hero
MotionType: 0
Stage: REQUEST_BEFORE_ORIGINAL
ElapsedMs: 243048.413
PrimarySnapshotAvailable: 1
PrimaryMotionName: 
PrimaryHasMotionInstance: 0
PrimaryMotionRunning: 0
PrimaryPlayTime: 0.000000
PrimaryMaxTime: 0.000000
PrimaryPlaySpeed: 0.000000
Stage: RESULT_AFTER_ORIGINAL
ElapsedMs: 243048.414
PrimarySnapshotAvailable: 1
PrimaryMotionName: 
PrimaryHasMotionInstance: 0
PrimaryMotionRunning: 0
PrimaryPlayTime: 0.000000
PrimaryMaxTime: 0.000000
PrimaryPlaySpeed: 0.000000
CleanupBehaviorChanged: 0
=====================================

===== PRIMARYFIRST PlayMotion =====
OwnerEntityAddress: EBB66E10
OwnerEntity: PC_Hero
MotionType: 0
Stage: REQUEST_BEFORE_ORIGINAL
ElapsedMs: 243048.453
PrimarySnapshotAvailable: 1
PrimaryMotionName: 
PrimaryHasMotionInstance: 0
PrimaryMotionRunning: 0
PrimaryPlayTime: 0.000000
PrimaryMaxTime: 0.000000
PrimaryPlaySpeed: 0.000000
Stage: RESULT_AFTER_ORIGINAL
ElapsedMs: 243048.465
PrimarySnapshotAvailable: 1
PrimaryMotionName: Hero_Stand_None_Staff_P0_Transfer_Begin_N_Fwd_00_%_00_P0_0.xmot
PrimaryHasMotionInstance: 1
PrimaryMotionRunning: 1
PrimaryPlayTime: 0.000000
PrimaryMaxTime: 0.360000
PrimaryPlaySpeed: 1.000000
CleanupBehaviorChanged: 0
=====================================

===== PRIMARYFIRST StopMotion =====
OwnerEntityAddress: EBB66E10
OwnerEntity: PC_Hero
MotionType: 0
Stage: REQUEST_BEFORE_ORIGINAL
ElapsedMs: 245133.571
PrimarySnapshotAvailable: 1
PrimaryMotionName: 
PrimaryHasMotionInstance: 0
PrimaryMotionRunning: 0
PrimaryPlayTime: 0.000000
PrimaryMaxTime: 0.000000
PrimaryPlaySpeed: 0.000000
Stage: RESULT_AFTER_ORIGINAL
ElapsedMs: 245133.572
PrimarySnapshotAvailable: 1
PrimaryMotionName: 
PrimaryHasMotionInstance: 0
PrimaryMotionRunning: 0
PrimaryPlayTime: 0.000000
PrimaryMaxTime: 0.000000
PrimaryPlaySpeed: 0.000000
CleanupBehaviorChanged: 0
=====================================

===== PRIMARYFIRST PlayMotion =====
OwnerEntityAddress: EBB66E10
OwnerEntity: PC_Hero
MotionType: 0
Stage: REQUEST_BEFORE_ORIGINAL
ElapsedMs: 245133.617
PrimarySnapshotAvailable: 1
PrimaryMotionName: 
PrimaryHasMotionInstance: 0
PrimaryMotionRunning: 0
PrimaryPlayTime: 0.000000
PrimaryMaxTime: 0.000000
PrimaryPlaySpeed: 0.000000
Stage: RESULT_AFTER_ORIGINAL
ElapsedMs: 245133.631
PrimarySnapshotAvailable: 1
PrimaryMotionName: Hero_Stand_Staff_None_P0_HoldLeft_End_N_Fwd_00_%_00_P0_0.xmot
PrimaryHasMotionInstance: 1
PrimaryMotionRunning: 1
PrimaryPlayTime: 0.000000
PrimaryMaxTime: 0.400000
PrimaryPlaySpeed: 1.000000
CleanupBehaviorChanged: 0
=====================================

===== PRIMARYFIRST StopMotion =====
OwnerEntityAddress: EBB66E10
OwnerEntity: PC_Hero
MotionType: 0
Stage: REQUEST_BEFORE_ORIGINAL
ElapsedMs: 245538.082
PrimarySnapshotAvailable: 1
PrimaryMotionName: 
PrimaryHasMotionInstance: 0
PrimaryMotionRunning: 0
PrimaryPlayTime: 0.000000
PrimaryMaxTime: 0.000000
PrimaryPlaySpeed: 0.000000
Stage: RESULT_AFTER_ORIGINAL
ElapsedMs: 245538.083
PrimarySnapshotAvailable: 1
PrimaryMotionName: 
PrimaryHasMotionInstance: 0
PrimaryMotionRunning: 0
PrimaryPlayTime: 0.000000
PrimaryMaxTime: 0.000000
PrimaryPlaySpeed: 0.000000
CleanupBehaviorChanged: 0
=====================================

===== PRIMARYFIRST PlayMotion =====
OwnerEntityAddress: EBB66E10
OwnerEntity: PC_Hero
MotionType: 0
Stage: REQUEST_BEFORE_ORIGINAL
ElapsedMs: 245538.126
PrimarySnapshotAvailable: 1
PrimaryMotionName: 
PrimaryHasMotionInstance: 0
PrimaryMotionRunning: 0
PrimaryPlayTime: 0.000000
PrimaryMaxTime: 0.000000
PrimaryPlaySpeed: 0.000000
Stage: RESULT_AFTER_ORIGINAL
ElapsedMs: 245538.138
PrimarySnapshotAvailable: 1
PrimaryMotionName: Hero_Stand_Staff_None_P0_HoldLeft_Begin_N_Fwd_00_%_00_P0_0.xmot
PrimaryHasMotionInstance: 1
PrimaryMotionRunning: 1
PrimaryPlayTime: 0.000000
PrimaryMaxTime: 0.360000
PrimaryPlaySpeed: 1.000000
CleanupBehaviorChanged: 0
=====================================

===== PRIMARYFIRST StopMotion =====
OwnerEntityAddress: EBB66E10
OwnerEntity: PC_Hero
MotionType: 0
Stage: REQUEST_BEFORE_ORIGINAL
ElapsedMs: 247115.307
PrimarySnapshotAvailable: 1
PrimaryMotionName: 
PrimaryHasMotionInstance: 0
PrimaryMotionRunning: 0
PrimaryPlayTime: 0.000000
PrimaryMaxTime: 0.000000
PrimaryPlaySpeed: 0.000000
Stage: RESULT_AFTER_ORIGINAL
ElapsedMs: 247115.308
PrimarySnapshotAvailable: 1
PrimaryMotionName: 
PrimaryHasMotionInstance: 0
PrimaryMotionRunning: 0
PrimaryPlayTime: 0.000000
PrimaryMaxTime: 0.000000
PrimaryPlaySpeed: 0.000000
CleanupBehaviorChanged: 0
=====================================

===== PRIMARYFIRST PlayMotion =====
OwnerEntityAddress: EBB66E10
OwnerEntity: PC_Hero
MotionType: 0
Stage: REQUEST_BEFORE_ORIGINAL
ElapsedMs: 247115.347
PrimarySnapshotAvailable: 1
PrimaryMotionName: 
PrimaryHasMotionInstance: 0
PrimaryMotionRunning: 0
PrimaryPlayTime: 0.000000
PrimaryMaxTime: 0.000000
PrimaryPlaySpeed: 0.000000
Stage: RESULT_AFTER_ORIGINAL
ElapsedMs: 247115.357
PrimarySnapshotAvailable: 1
PrimaryMotionName: Hero_Stand_None_2H_P0_HoldRight_Begin_N_Fwd_00_%_00_P0_0.xmot
PrimaryHasMotionInstance: 1
PrimaryMotionRunning: 1
PrimaryPlayTime: 0.000000
PrimaryMaxTime: 0.360000
PrimaryPlaySpeed: 1.000000
CleanupBehaviorChanged: 0
=====================================

===== PRIMARYFIRST StopMotion =====
OwnerEntityAddress: EBB66E10
OwnerEntity: PC_Hero
MotionType: 0
Stage: REQUEST_BEFORE_ORIGINAL
ElapsedMs: 247447.094
PrimarySnapshotAvailable: 1
PrimaryMotionName: 
PrimaryHasMotionInstance: 0
PrimaryMotionRunning: 0
PrimaryPlayTime: 0.000000
PrimaryMaxTime: 0.000000
PrimaryPlaySpeed: 0.000000
Stage: RESULT_AFTER_ORIGINAL
ElapsedMs: 247447.095
PrimarySnapshotAvailable: 1
PrimaryMotionName: 
PrimaryHasMotionInstance: 0
PrimaryMotionRunning: 0
PrimaryPlayTime: 0.000000
PrimaryMaxTime: 0.000000
PrimaryPlaySpeed: 0.000000
CleanupBehaviorChanged: 0
=====================================

===== PRIMARYFIRST PlayMotion =====
OwnerEntityAddress: EBB66E10
OwnerEntity: PC_Hero
MotionType: 0
Stage: REQUEST_BEFORE_ORIGINAL
ElapsedMs: 247447.166
PrimarySnapshotAvailable: 1
PrimaryMotionName: 
PrimaryHasMotionInstance: 0
PrimaryMotionRunning: 0
PrimaryPlayTime: 0.000000
PrimaryMaxTime: 0.000000
PrimaryPlaySpeed: 0.000000
Stage: RESULT_AFTER_ORIGINAL
ElapsedMs: 247447.176
PrimarySnapshotAvailable: 1
PrimaryMotionName: Hero_Stand_None_2H_P0_HoldRight_End_N_Fwd_00_%_00_P0_0.xmot
PrimaryHasMotionInstance: 1
PrimaryMotionRunning: 1
PrimaryPlayTime: 0.000000
PrimaryMaxTime: 0.400000
PrimaryPlaySpeed: 1.000000
CleanupBehaviorChanged: 0
=====================================

===== PRIMARYFIRST StopMotion =====
OwnerEntityAddress: EBB66E10
OwnerEntity: PC_Hero
MotionType: 0
Stage: REQUEST_BEFORE_ORIGINAL
ElapsedMs: 249181.862
PrimarySnapshotAvailable: 1
PrimaryMotionName: 
PrimaryHasMotionInstance: 0
PrimaryMotionRunning: 0
PrimaryPlayTime: 0.000000
PrimaryMaxTime: 0.000000
PrimaryPlaySpeed: 0.000000
Stage: RESULT_AFTER_ORIGINAL
ElapsedMs: 249181.863
PrimarySnapshotAvailable: 1
PrimaryMotionName: 
PrimaryHasMotionInstance: 0
PrimaryMotionRunning: 0
PrimaryPlayTime: 0.000000
PrimaryMaxTime: 0.000000
PrimaryPlaySpeed: 0.000000
CleanupBehaviorChanged: 0
=====================================

===== PRIMARYFIRST PlayMotion =====
OwnerEntityAddress: EBB66E10
OwnerEntity: PC_Hero
MotionType: 0
Stage: REQUEST_BEFORE_ORIGINAL
ElapsedMs: 249191.270
PrimarySnapshotAvailable: 1
PrimaryMotionName: 
PrimaryHasMotionInstance: 0
PrimaryMotionRunning: 0
PrimaryPlayTime: 0.000000
PrimaryMaxTime: 0.000000
PrimaryPlaySpeed: 0.000000
Stage: RESULT_AFTER_ORIGINAL
ElapsedMs: 249191.671
PrimarySnapshotAvailable: 1
PrimaryMotionName: Hero_Stand_None_2H_P0_Ambient_Loop_N_Fwd_00_%_00_P0_0.xmot
PrimaryHasMotionInstance: 1
PrimaryMotionRunning: 1
PrimaryPlayTime: 0.000000
PrimaryMaxTime: 4.000000
PrimaryPlaySpeed: 1.000000
CleanupBehaviorChanged: 0
=====================================

===== PRIMARYFIRST StopMotion =====
OwnerEntityAddress: EBB66E10
OwnerEntity: PC_Hero
MotionType: 0
Stage: REQUEST_BEFORE_ORIGINAL
ElapsedMs: 249201.634
PrimarySnapshotAvailable: 1
PrimaryMotionName: 
PrimaryHasMotionInstance: 0
PrimaryMotionRunning: 0
PrimaryPlayTime: 0.000000
PrimaryMaxTime: 0.000000
PrimaryPlaySpeed: 0.000000
Stage: RESULT_AFTER_ORIGINAL
ElapsedMs: 249201.634
PrimarySnapshotAvailable: 1
PrimaryMotionName: 
PrimaryHasMotionInstance: 0
PrimaryMotionRunning: 0
PrimaryPlayTime: 0.000000
PrimaryMaxTime: 0.000000
PrimaryPlaySpeed: 0.000000
CleanupBehaviorChanged: 0
=====================================

===== PRIMARYFIRST StopMotion =====
OwnerEntityAddress: EBB66E10
OwnerEntity: PC_Hero
MotionType: 0
Stage: REQUEST_BEFORE_ORIGINAL
ElapsedMs: 249201.800
PrimarySnapshotAvailable: 1
PrimaryMotionName: 
PrimaryHasMotionInstance: 0
PrimaryMotionRunning: 0
PrimaryPlayTime: 0.000000
PrimaryMaxTime: 0.000000
PrimaryPlaySpeed: 0.000000
Stage: RESULT_AFTER_ORIGINAL
ElapsedMs: 249201.801
PrimarySnapshotAvailable: 1
PrimaryMotionName: 
PrimaryHasMotionInstance: 0
PrimaryMotionRunning: 0
PrimaryPlayTime: 0.000000
PrimaryMaxTime: 0.000000
PrimaryPlaySpeed: 0.000000
CleanupBehaviorChanged: 0
=====================================

===== PRIMARYFIRST PlayMotion =====
OwnerEntityAddress: EBB66E10
OwnerEntity: PC_Hero
MotionType: 0
Stage: REQUEST_BEFORE_ORIGINAL
ElapsedMs: 249201.826
PrimarySnapshotAvailable: 1
PrimaryMotionName: 
PrimaryHasMotionInstance: 0
PrimaryMotionRunning: 0
PrimaryPlayTime: 0.000000
PrimaryMaxTime: 0.000000
PrimaryPlaySpeed: 0.000000
Stage: RESULT_AFTER_ORIGINAL
ElapsedMs: 249205.103
PrimarySnapshotAvailable: 1
PrimaryMotionName: Hero_Stand_None_2H_P0_Move_Stand_N_Fwd_00_%_00_P0_0.xmot
PrimaryHasMotionInstance: 1
PrimaryMotionRunning: 1
PrimaryPlayTime: 0.000000
PrimaryMaxTime: 0.400000
PrimaryPlaySpeed: 1.000000
CleanupBehaviorChanged: 0
=====================================

===== PRIMARYFIRST StopMotion =====
OwnerEntityAddress: EBB66E10
OwnerEntity: PC_Hero
MotionType: 0
Stage: REQUEST_BEFORE_ORIGINAL
ElapsedMs: 249216.136
PrimarySnapshotAvailable: 1
PrimaryMotionName: 
PrimaryHasMotionInstance: 0
PrimaryMotionRunning: 0
PrimaryPlayTime: 0.000000
PrimaryMaxTime: 0.000000
PrimaryPlaySpeed: 0.000000
Stage: RESULT_AFTER_ORIGINAL
ElapsedMs: 249216.137
PrimarySnapshotAvailable: 1
PrimaryMotionName: 
PrimaryHasMotionInstance: 0
PrimaryMotionRunning: 0
PrimaryPlayTime: 0.000000
PrimaryMaxTime: 0.000000
PrimaryPlaySpeed: 0.000000
CleanupBehaviorChanged: 0
=====================================

===== PRIMARYFIRST StopMotion =====
OwnerEntityAddress: EBB66E10
OwnerEntity: PC_Hero
MotionType: 0
Stage: REQUEST_BEFORE_ORIGINAL
ElapsedMs: 249216.271
PrimarySnapshotAvailable: 1
PrimaryMotionName: 
PrimaryHasMotionInstance: 0
PrimaryMotionRunning: 0
PrimaryPlayTime: 0.000000
PrimaryMaxTime: 0.000000
PrimaryPlaySpeed: 0.000000
Stage: RESULT_AFTER_ORIGINAL
ElapsedMs: 249216.271
PrimarySnapshotAvailable: 1
PrimaryMotionName: 
PrimaryHasMotionInstance: 0
PrimaryMotionRunning: 0
PrimaryPlayTime: 0.000000
PrimaryMaxTime: 0.000000
PrimaryPlaySpeed: 0.000000
CleanupBehaviorChanged: 0
=====================================

===== PRIMARYFIRST PlayMotion =====
OwnerEntityAddress: EBB66E10
OwnerEntity: PC_Hero
MotionType: 0
Stage: REQUEST_BEFORE_ORIGINAL
ElapsedMs: 249216.297
PrimarySnapshotAvailable: 1
PrimaryMotionName: 
PrimaryHasMotionInstance: 0
PrimaryMotionRunning: 0
PrimaryPlayTime: 0.000000
PrimaryMaxTime: 0.000000
PrimaryPlaySpeed: 0.000000
Stage: RESULT_AFTER_ORIGINAL
ElapsedMs: 249216.310
PrimarySnapshotAvailable: 1
PrimaryMotionName: Hero_Stand_None_2H_P0_Move_Stand_N_Fwd_00_%_00_P0_0.xmot
PrimaryHasMotionInstance: 1
PrimaryMotionRunning: 1
PrimaryPlayTime: 0.000000
PrimaryMaxTime: 0.400000
PrimaryPlaySpeed: 1.000000
CleanupBehaviorChanged: 0
=====================================

===== PRIMARYFIRST PlayMotion =====
OwnerEntityAddress: EBB66E10
OwnerEntity: PC_Hero
MotionType: 0
Stage: REQUEST_BEFORE_ORIGINAL
ElapsedMs: 249356.834
PrimarySnapshotAvailable: 1
PrimaryMotionName: 
PrimaryHasMotionInstance: 0
PrimaryMotionRunning: 0
PrimaryPlayTime: 0.000000
PrimaryMaxTime: 0.000000
PrimaryPlaySpeed: 0.000000
Stage: RESULT_AFTER_ORIGINAL
ElapsedMs: 249356.847
PrimarySnapshotAvailable: 1
PrimaryMotionName: Hero_Stand_None_2H_P0_Ambient_Loop_N_Fwd_00_%_00_P0_0.xmot
PrimaryHasMotionInstance: 1
PrimaryMotionRunning: 1
PrimaryPlayTime: 0.000000
PrimaryMaxTime: 4.000000
PrimaryPlaySpeed: 1.000000
CleanupBehaviorChanged: 0
=====================================

===== PRIMARYFIRST PlayMotion =====
OwnerEntityAddress: EBB66E10
OwnerEntity: PC_Hero
MotionType: 0
Stage: REQUEST_BEFORE_ORIGINAL
ElapsedMs: 249863.412
PrimarySnapshotAvailable: 1
PrimaryMotionName: 
PrimaryHasMotionInstance: 0
PrimaryMotionRunning: 0
PrimaryPlayTime: 0.000000
PrimaryMaxTime: 0.000000
PrimaryPlaySpeed: 0.000000
Stage: RESULT_AFTER_ORIGINAL
ElapsedMs: 249863.566
PrimarySnapshotAvailable: 1
PrimaryMotionName: Hero_Parade_None_2H_P0_Ambient_Loop_N_Fwd_00_%_00_P0_0.xmot
PrimaryHasMotionInstance: 1
PrimaryMotionRunning: 1
PrimaryPlayTime: 0.000000
PrimaryMaxTime: 0.000000
PrimaryPlaySpeed: 1.000000
CleanupBehaviorChanged: 0
=====================================

===== PRIMARYFIRST StopMotion =====
OwnerEntityAddress: EBB66E10
OwnerEntity: PC_Hero
MotionType: 0
Stage: REQUEST_BEFORE_ORIGINAL
ElapsedMs: 251517.772
PrimarySnapshotAvailable: 1
PrimaryMotionName: 
PrimaryHasMotionInstance: 0
PrimaryMotionRunning: 0
PrimaryPlayTime: 0.000000
PrimaryMaxTime: 0.000000
PrimaryPlaySpeed: 0.000000
Stage: RESULT_AFTER_ORIGINAL
ElapsedMs: 251517.773
PrimarySnapshotAvailable: 1
PrimaryMotionName: 
PrimaryHasMotionInstance: 0
PrimaryMotionRunning: 0
PrimaryPlayTime: 0.000000
PrimaryMaxTime: 0.000000
PrimaryPlaySpeed: 0.000000
CleanupBehaviorChanged: 0
=====================================

===== PRIMARYFIRST PlayMotion =====
OwnerEntityAddress: EBB66E10
OwnerEntity: PC_Hero
MotionType: 0
Stage: REQUEST_BEFORE_ORIGINAL
ElapsedMs: 251517.812
PrimarySnapshotAvailable: 1
PrimaryMotionName: 
PrimaryHasMotionInstance: 0
PrimaryMotionRunning: 0
PrimaryPlayTime: 0.000000
PrimaryMaxTime: 0.000000
PrimaryPlaySpeed: 0.000000
Stage: RESULT_AFTER_ORIGINAL
ElapsedMs: 251517.823
PrimarySnapshotAvailable: 1
PrimaryMotionName: Hero_Parade_None_2H_P0_FinishingAttack_Raise_N_Fwd_00_%_00_P0_0.xmot
PrimaryHasMotionInstance: 1
PrimaryMotionRunning: 1
PrimaryPlayTime: 0.000000
PrimaryMaxTime: 0.960000
PrimaryPlaySpeed: 1.000000
CleanupBehaviorChanged: 0
=====================================

===== PRIMARYFIRST StopMotion =====
OwnerEntityAddress: EBB66E10
OwnerEntity: PC_Hero
MotionType: 0
Stage: REQUEST_BEFORE_ORIGINAL
ElapsedMs: 252482.088
PrimarySnapshotAvailable: 1
PrimaryMotionName: 
PrimaryHasMotionInstance: 0
PrimaryMotionRunning: 0
PrimaryPlayTime: 0.000000
PrimaryMaxTime: 0.000000
PrimaryPlaySpeed: 0.000000
Stage: RESULT_AFTER_ORIGINAL
ElapsedMs: 252482.089
PrimarySnapshotAvailable: 1
PrimaryMotionName: 
PrimaryHasMotionInstance: 0
PrimaryMotionRunning: 0
PrimaryPlayTime: 0.000000
PrimaryMaxTime: 0.000000
PrimaryPlaySpeed: 0.000000
CleanupBehaviorChanged: 0
=====================================

===== PRIMARYFIRST PlayMotion =====
OwnerEntityAddress: EBB66E10
OwnerEntity: PC_Hero
MotionType: 0
Stage: REQUEST_BEFORE_ORIGINAL
ElapsedMs: 252482.129
PrimarySnapshotAvailable: 1
PrimaryMotionName: 
PrimaryHasMotionInstance: 0
PrimaryMotionRunning: 0
PrimaryPlayTime: 0.000000
PrimaryMaxTime: 0.000000
PrimaryPlaySpeed: 0.000000
Stage: RESULT_AFTER_ORIGINAL
ElapsedMs: 252482.140
PrimarySnapshotAvailable: 1
PrimaryMotionName: Hero_Parade_None_2H_P0_FinishingAttack_Hit_N_Fwd_00_%_00_P1_100.xmot
PrimaryHasMotionInstance: 1
PrimaryMotionRunning: 1
PrimaryPlayTime: 0.000000
PrimaryMaxTime: 0.480000
PrimaryPlaySpeed: 1.000000
CleanupBehaviorChanged: 0
=====================================

===== ENGINE SetCollisionGroup =====
ElapsedMs: 252482.193
Entity: It_2H_Sword_Flamberge
ChangedEntityAddress: E27B4610
PlayerSlotMatch: RIGHT
PlayerAction: 14
PlayerAniPhase: 1
PlayerPrimaryPose: 1
PlayerStateTime: 0.962210
PlayerStatePosition: 0
PlayerCurrentMovementAni: Hero_Parade_None_2H_P0_FinishingAttack_Hit_N_Fwd_00_%_00_P1_100.xmot
PlayerLeftItem: <none>
PlayerLeftItemAddress: 00000000
PlayerLeftUseType: -1
PlayerLeftCollisionGroup: -1
PlayerRightItem: It_2H_Sword_Flamberge
PlayerRightItemAddress: E27B4610
PlayerRightUseType: 3
PlayerRightCollisionGroup: 7
RequestedGroup: 7
BeforeGroup: 5
AfterGroup: 7
Item_EquippedValue: 5
Item_AttackValue: 7
RetiredMarkerExecutionCount: 0
====================================

===== COMBATMOVE STARTRECOVER BEGIN =====
ActorAddress: EBB66E10
Actor: PC_Hero
CurrentAction: 14
CurrentAniPhase: 1
CurrentMovementAni: Hero_Parade_None_2H_P0_FinishingAttack_Hit_N_Fwd_00_%_00_P1_100.xmot
Stage: BEGIN
ElapsedMs: 252968.537
PrimarySnapshotAvailable: 1
PrimaryMotionName: Hero_Parade_None_2H_P0_FinishingAttack_Hit_N_Fwd_00_%_00_P1_100.xmot
PrimaryHasMotionInstance: 1
PrimaryMotionRunning: 1
PrimaryPlayTime: 0.479990
PrimaryMaxTime: 0.480000
PrimaryPlaySpeed: 0.000000
LeftHandSourceResolved: 0
RightHandSourceResolved: 1
RightHandSource: It_2H_Sword_Flamberge
RightHandSourceAddress: E27B4610
RightHandSourceCollisionGroup: 7
CleanupBehaviorChanged: 0
=========================================

===== PRIMARYFIRST StopMotion =====
OwnerEntityAddress: EBB66E10
OwnerEntity: PC_Hero
MotionType: 0
Stage: REQUEST_BEFORE_ORIGINAL
ElapsedMs: 252972.121
PrimarySnapshotAvailable: 1
PrimaryMotionName: 
PrimaryHasMotionInstance: 0
PrimaryMotionRunning: 0
PrimaryPlayTime: 0.000000
PrimaryMaxTime: 0.000000
PrimaryPlaySpeed: 0.000000
Stage: RESULT_AFTER_ORIGINAL
ElapsedMs: 252972.121
PrimarySnapshotAvailable: 1
PrimaryMotionName: 
PrimaryHasMotionInstance: 0
PrimaryMotionRunning: 0
PrimaryPlayTime: 0.000000
PrimaryMaxTime: 0.000000
PrimaryPlaySpeed: 0.000000
CleanupBehaviorChanged: 0
=====================================

===== PRIMARYFIRST PlayMotion =====
OwnerEntityAddress: EBB66E10
OwnerEntity: PC_Hero
MotionType: 0
Stage: REQUEST_BEFORE_ORIGINAL
ElapsedMs: 252972.164
PrimarySnapshotAvailable: 1
PrimaryMotionName: 
PrimaryHasMotionInstance: 0
PrimaryMotionRunning: 0
PrimaryPlayTime: 0.000000
PrimaryMaxTime: 0.000000
PrimaryPlaySpeed: 0.000000
Stage: RESULT_AFTER_ORIGINAL
ElapsedMs: 252972.175
PrimarySnapshotAvailable: 1
PrimaryMotionName: Hero_Parade_None_2H_P1_FinishingAttack_Recover_N_Fwd_00_%_00_P0_0.xmot
PrimaryHasMotionInstance: 1
PrimaryMotionRunning: 1
PrimaryPlayTime: 0.000000
PrimaryMaxTime: 0.880000
PrimaryPlaySpeed: 1.000000
CleanupBehaviorChanged: 0
=====================================

===== COMBATMOVE STARTRECOVER END =====
ActorAddress: EBB66E10
Actor: PC_Hero
CurrentAction: 14
CurrentAniPhase: 3
CurrentMovementAni: Hero_Parade_None_2H_P0_FinishingAttack_Hit_N_Fwd_00_%_00_P1_100.xmot
Stage: END
ElapsedMs: 252972.197
PrimarySnapshotAvailable: 1
PrimaryMotionName: Hero_Parade_None_2H_P1_FinishingAttack_Recover_N_Fwd_00_%_00_P0_0.xmot
PrimaryHasMotionInstance: 1
PrimaryMotionRunning: 1
PrimaryPlayTime: 0.000000
PrimaryMaxTime: 0.880000
PrimaryPlaySpeed: 1.000000
LeftHandSourceResolved: 0
RightHandSourceResolved: 1
RightHandSource: It_2H_Sword_Flamberge
RightHandSourceAddress: E27B4610
RightHandSourceCollisionGroup: 7
CleanupBehaviorChanged: 0
=========================================

===== ENGINE SetCollisionGroup =====
ElapsedMs: 252972.283
Entity: It_2H_Sword_Flamberge
ChangedEntityAddress: E27B4610
PlayerSlotMatch: RIGHT
PlayerAction: 14
PlayerAniPhase: 3
PlayerPrimaryPose: 2
PlayerStateTime: 1.450023
PlayerStatePosition: 1
PlayerCurrentMovementAni: Hero_Parade_None_2H_P0_FinishingAttack_Hit_N_Fwd_00_%_00_P1_100.xmot
PlayerLeftItem: <none>
PlayerLeftItemAddress: 00000000
PlayerLeftUseType: -1
PlayerLeftCollisionGroup: -1
PlayerRightItem: It_2H_Sword_Flamberge
PlayerRightItemAddress: E27B4610
PlayerRightUseType: 3
PlayerRightCollisionGroup: 5
RequestedGroup: 5
BeforeGroup: 7
AfterGroup: 5
Item_EquippedValue: 5
Item_AttackValue: 7
RetiredMarkerExecutionCount: 0
====================================

===== PRIMARYFIRST StopMotion =====
OwnerEntityAddress: EBB66E10
OwnerEntity: PC_Hero
MotionType: 0
Stage: REQUEST_BEFORE_ORIGINAL
ElapsedMs: 252972.328
PrimarySnapshotAvailable: 1
PrimaryMotionName: 
PrimaryHasMotionInstance: 0
PrimaryMotionRunning: 0
PrimaryPlayTime: 0.000000
PrimaryMaxTime: 0.000000
PrimaryPlaySpeed: 0.000000
Stage: RESULT_AFTER_ORIGINAL
ElapsedMs: 252972.328
PrimarySnapshotAvailable: 1
PrimaryMotionName: 
PrimaryHasMotionInstance: 0
PrimaryMotionRunning: 0
PrimaryPlayTime: 0.000000
PrimaryMaxTime: 0.000000
PrimaryPlaySpeed: 0.000000
CleanupBehaviorChanged: 0
=====================================

===== PRIMARYFIRST PlayMotion =====
OwnerEntityAddress: EBB66E10
OwnerEntity: PC_Hero
MotionType: 0
Stage: REQUEST_BEFORE_ORIGINAL
ElapsedMs: 252972.350
PrimarySnapshotAvailable: 1
PrimaryMotionName: 
PrimaryHasMotionInstance: 0
PrimaryMotionRunning: 0
PrimaryPlayTime: 0.000000
PrimaryMaxTime: 0.000000
PrimaryPlaySpeed: 0.000000
Stage: RESULT_AFTER_ORIGINAL
ElapsedMs: 252972.375
PrimarySnapshotAvailable: 1
PrimaryMotionName: Hero_Parade_None_2H_P1_FinishingAttack_Recover_N_Fwd_00_%_00_P0_0.xmot
PrimaryHasMotionInstance: 1
PrimaryMotionRunning: 1
PrimaryPlayTime: 0.000000
PrimaryMaxTime: 0.880000
PrimaryPlaySpeed: 1.000000
CleanupBehaviorChanged: 0
=====================================

===== PRIMARYFIRST PlayMotion =====
OwnerEntityAddress: EBB66E10
OwnerEntity: PC_Hero
MotionType: 0
Stage: REQUEST_BEFORE_ORIGINAL
ElapsedMs: 253862.245
PrimarySnapshotAvailable: 1
PrimaryMotionName: 
PrimaryHasMotionInstance: 0
PrimaryMotionRunning: 0
PrimaryPlayTime: 0.000000
PrimaryMaxTime: 0.000000
PrimaryPlaySpeed: 0.000000
Stage: RESULT_AFTER_ORIGINAL
ElapsedMs: 253862.257
PrimarySnapshotAvailable: 1
PrimaryMotionName: Hero_Parade_None_2H_P0_Ambient_Loop_N_Fwd_00_%_00_P0_0.xmot
PrimaryHasMotionInstance: 1
PrimaryMotionRunning: 1
PrimaryPlayTime: 0.000000
PrimaryMaxTime: 0.000000
PrimaryPlaySpeed: 1.000000
CleanupBehaviorChanged: 0
=====================================

===== PRIMARYFIRST PlayMotion =====
OwnerEntityAddress: EBB66E10
OwnerEntity: PC_Hero
MotionType: 0
Stage: REQUEST_BEFORE_ORIGINAL
ElapsedMs: 254337.582
PrimarySnapshotAvailable: 1
PrimaryMotionName: 
PrimaryHasMotionInstance: 0
PrimaryMotionRunning: 0
PrimaryPlayTime: 0.000000
PrimaryMaxTime: 0.000000
PrimaryPlaySpeed: 0.000000
Stage: RESULT_AFTER_ORIGINAL
ElapsedMs: 254337.596
PrimarySnapshotAvailable: 1
PrimaryMotionName: Hero_Stand_None_2H_P0_Ambient_Loop_N_Fwd_00_%_00_P0_0.xmot
PrimaryHasMotionInstance: 1
PrimaryMotionRunning: 1
PrimaryPlayTime: 0.000000
PrimaryMaxTime: 4.000000
PrimaryPlaySpeed: 1.000000
CleanupBehaviorChanged: 0
=====================================

===== PRIMARYFIRST PlayMotion =====
OwnerEntityAddress: EBB66E10
OwnerEntity: PC_Hero
MotionType: 0
Stage: REQUEST_BEFORE_ORIGINAL
ElapsedMs: 254571.193
PrimarySnapshotAvailable: 1
PrimaryMotionName: 
PrimaryHasMotionInstance: 0
PrimaryMotionRunning: 0
PrimaryPlayTime: 0.000000
PrimaryMaxTime: 0.000000
PrimaryPlaySpeed: 0.000000
Stage: RESULT_AFTER_ORIGINAL
ElapsedMs: 254571.206
PrimarySnapshotAvailable: 1
PrimaryMotionName: Hero_Parade_None_2H_P0_Ambient_Loop_N_Fwd_00_%_00_P0_0.xmot
PrimaryHasMotionInstance: 1
PrimaryMotionRunning: 1
PrimaryPlayTime: 0.000000
PrimaryMaxTime: 0.000000
PrimaryPlaySpeed: 1.000000
CleanupBehaviorChanged: 0
=====================================

===== PRIMARYFIRST StopMotion =====
OwnerEntityAddress: EBB66E10
OwnerEntity: PC_Hero
MotionType: 0
Stage: REQUEST_BEFORE_ORIGINAL
ElapsedMs: 256574.923
PrimarySnapshotAvailable: 1
PrimaryMotionName: 
PrimaryHasMotionInstance: 0
PrimaryMotionRunning: 0
PrimaryPlayTime: 0.000000
PrimaryMaxTime: 0.000000
PrimaryPlaySpeed: 0.000000
Stage: RESULT_AFTER_ORIGINAL
ElapsedMs: 256574.924
PrimarySnapshotAvailable: 1
PrimaryMotionName: 
PrimaryHasMotionInstance: 0
PrimaryMotionRunning: 0
PrimaryPlayTime: 0.000000
PrimaryMaxTime: 0.000000
PrimaryPlaySpeed: 0.000000
CleanupBehaviorChanged: 0
=====================================

===== PRIMARYFIRST PlayMotion =====
OwnerEntityAddress: EBB66E10
OwnerEntity: PC_Hero
MotionType: 0
Stage: REQUEST_BEFORE_ORIGINAL
ElapsedMs: 256574.972
PrimarySnapshotAvailable: 1
PrimaryMotionName: 
PrimaryHasMotionInstance: 0
PrimaryMotionRunning: 0
PrimaryPlayTime: 0.000000
PrimaryMaxTime: 0.000000
PrimaryPlaySpeed: 0.000000
Stage: RESULT_AFTER_ORIGINAL
ElapsedMs: 256574.983
PrimarySnapshotAvailable: 1
PrimaryMotionName: Hero_Parade_None_2H_P0_FinishingAttack_Raise_N_Fwd_00_%_00_P0_0.xmot
PrimaryHasMotionInstance: 1
PrimaryMotionRunning: 1
PrimaryPlayTime: 0.000000
PrimaryMaxTime: 0.960000
PrimaryPlaySpeed: 1.000000
CleanupBehaviorChanged: 0
=====================================

===== PRIMARYFIRST StopMotion =====
OwnerEntityAddress: EBB66E10
OwnerEntity: PC_Hero
MotionType: 0
Stage: REQUEST_BEFORE_ORIGINAL
ElapsedMs: 257540.858
PrimarySnapshotAvailable: 1
PrimaryMotionName: 
PrimaryHasMotionInstance: 0
PrimaryMotionRunning: 0
PrimaryPlayTime: 0.000000
PrimaryMaxTime: 0.000000
PrimaryPlaySpeed: 0.000000
Stage: RESULT_AFTER_ORIGINAL
ElapsedMs: 257540.859
PrimarySnapshotAvailable: 1
PrimaryMotionName: 
PrimaryHasMotionInstance: 0
PrimaryMotionRunning: 0
PrimaryPlayTime: 0.000000
PrimaryMaxTime: 0.000000
PrimaryPlaySpeed: 0.000000
CleanupBehaviorChanged: 0
=====================================

===== PRIMARYFIRST PlayMotion =====
OwnerEntityAddress: EBB66E10
OwnerEntity: PC_Hero
MotionType: 0
Stage: REQUEST_BEFORE_ORIGINAL
ElapsedMs: 257540.904
PrimarySnapshotAvailable: 1
PrimaryMotionName: 
PrimaryHasMotionInstance: 0
PrimaryMotionRunning: 0
PrimaryPlayTime: 0.000000
PrimaryMaxTime: 0.000000
PrimaryPlaySpeed: 0.000000
Stage: RESULT_AFTER_ORIGINAL
ElapsedMs: 257540.916
PrimarySnapshotAvailable: 1
PrimaryMotionName: Hero_Parade_None_2H_P0_FinishingAttack_Hit_N_Fwd_00_%_00_P1_100.xmot
PrimaryHasMotionInstance: 1
PrimaryMotionRunning: 1
PrimaryPlayTime: 0.000000
PrimaryMaxTime: 0.480000
PrimaryPlaySpeed: 1.000000
CleanupBehaviorChanged: 0
=====================================

===== ENGINE SetCollisionGroup =====
ElapsedMs: 257540.965
Entity: It_2H_Sword_Flamberge
ChangedEntityAddress: E27B4610
PlayerSlotMatch: RIGHT
PlayerAction: 14
PlayerAniPhase: 1
PlayerPrimaryPose: 1
PlayerStateTime: 0.967825
PlayerStatePosition: 0
PlayerCurrentMovementAni: Hero_Parade_None_2H_P0_FinishingAttack_Hit_N_Fwd_00_%_00_P1_100.xmot
PlayerLeftItem: <none>
PlayerLeftItemAddress: 00000000
PlayerLeftUseType: -1
PlayerLeftCollisionGroup: -1
PlayerRightItem: It_2H_Sword_Flamberge
PlayerRightItemAddress: E27B4610
PlayerRightUseType: 3
PlayerRightCollisionGroup: 7
RequestedGroup: 7
BeforeGroup: 5
AfterGroup: 7
Item_EquippedValue: 5
Item_AttackValue: 7
RetiredMarkerExecutionCount: 0
====================================

===== COMBATMOVE STARTRECOVER BEGIN =====
ActorAddress: EBB66E10
Actor: PC_Hero
CurrentAction: 14
CurrentAniPhase: 1
CurrentMovementAni: Hero_Parade_None_2H_P0_FinishingAttack_Hit_N_Fwd_00_%_00_P1_100.xmot
Stage: BEGIN
ElapsedMs: 258028.174
PrimarySnapshotAvailable: 1
PrimaryMotionName: Hero_Parade_None_2H_P0_FinishingAttack_Hit_N_Fwd_00_%_00_P1_100.xmot
PrimaryHasMotionInstance: 1
PrimaryMotionRunning: 1
PrimaryPlayTime: 0.479990
PrimaryMaxTime: 0.480000
PrimaryPlaySpeed: 0.000000
LeftHandSourceResolved: 0
RightHandSourceResolved: 1
RightHandSource: It_2H_Sword_Flamberge
RightHandSourceAddress: E27B4610
RightHandSourceCollisionGroup: 7
CleanupBehaviorChanged: 0
=========================================

===== PRIMARYFIRST StopMotion =====
OwnerEntityAddress: EBB66E10
OwnerEntity: PC_Hero
MotionType: 0
Stage: REQUEST_BEFORE_ORIGINAL
ElapsedMs: 258028.238
PrimarySnapshotAvailable: 1
PrimaryMotionName: 
PrimaryHasMotionInstance: 0
PrimaryMotionRunning: 0
PrimaryPlayTime: 0.000000
PrimaryMaxTime: 0.000000
PrimaryPlaySpeed: 0.000000
Stage: RESULT_AFTER_ORIGINAL
ElapsedMs: 258028.239
PrimarySnapshotAvailable: 1
PrimaryMotionName: 
PrimaryHasMotionInstance: 0
PrimaryMotionRunning: 0
PrimaryPlayTime: 0.000000
PrimaryMaxTime: 0.000000
PrimaryPlaySpeed: 0.000000
CleanupBehaviorChanged: 0
=====================================

===== PRIMARYFIRST PlayMotion =====
OwnerEntityAddress: EBB66E10
OwnerEntity: PC_Hero
MotionType: 0
Stage: REQUEST_BEFORE_ORIGINAL
ElapsedMs: 258028.264
PrimarySnapshotAvailable: 1
PrimaryMotionName: 
PrimaryHasMotionInstance: 0
PrimaryMotionRunning: 0
PrimaryPlayTime: 0.000000
PrimaryMaxTime: 0.000000
PrimaryPlaySpeed: 0.000000
Stage: RESULT_AFTER_ORIGINAL
ElapsedMs: 258028.275
PrimarySnapshotAvailable: 1
PrimaryMotionName: Hero_Parade_None_2H_P1_FinishingAttack_Recover_N_Fwd_00_%_00_P0_0.xmot
PrimaryHasMotionInstance: 1
PrimaryMotionRunning: 1
PrimaryPlayTime: 0.000000
PrimaryMaxTime: 0.880000
PrimaryPlaySpeed: 1.000000
CleanupBehaviorChanged: 0
=====================================

===== COMBATMOVE STARTRECOVER END =====
ActorAddress: EBB66E10
Actor: PC_Hero
CurrentAction: 14
CurrentAniPhase: 3
CurrentMovementAni: Hero_Parade_None_2H_P0_FinishingAttack_Hit_N_Fwd_00_%_00_P1_100.xmot
Stage: END
ElapsedMs: 258028.299
PrimarySnapshotAvailable: 1
PrimaryMotionName: Hero_Parade_None_2H_P1_FinishingAttack_Recover_N_Fwd_00_%_00_P0_0.xmot
PrimaryHasMotionInstance: 1
PrimaryMotionRunning: 1
PrimaryPlayTime: 0.000000
PrimaryMaxTime: 0.880000
PrimaryPlaySpeed: 1.000000
LeftHandSourceResolved: 0
RightHandSourceResolved: 1
RightHandSource: It_2H_Sword_Flamberge
RightHandSourceAddress: E27B4610
RightHandSourceCollisionGroup: 7
CleanupBehaviorChanged: 0
=========================================

===== ENGINE SetCollisionGroup =====
ElapsedMs: 258028.384
Entity: It_2H_Sword_Flamberge
ChangedEntityAddress: E27B4610
PlayerSlotMatch: RIGHT
PlayerAction: 14
PlayerAniPhase: 3
PlayerPrimaryPose: 2
PlayerStateTime: 1.453788
PlayerStatePosition: 1
PlayerCurrentMovementAni: Hero_Parade_None_2H_P0_FinishingAttack_Hit_N_Fwd_00_%_00_P1_100.xmot
PlayerLeftItem: <none>
PlayerLeftItemAddress: 00000000
PlayerLeftUseType: -1
PlayerLeftCollisionGroup: -1
PlayerRightItem: It_2H_Sword_Flamberge
PlayerRightItemAddress: E27B4610
PlayerRightUseType: 3
PlayerRightCollisionGroup: 5
RequestedGroup: 5
BeforeGroup: 7
AfterGroup: 5
Item_EquippedValue: 5
Item_AttackValue: 7
RetiredMarkerExecutionCount: 0
====================================

===== PRIMARYFIRST StopMotion =====
OwnerEntityAddress: EBB66E10
OwnerEntity: PC_Hero
MotionType: 0
Stage: REQUEST_BEFORE_ORIGINAL
ElapsedMs: 258028.425
PrimarySnapshotAvailable: 1
PrimaryMotionName: 
PrimaryHasMotionInstance: 0
PrimaryMotionRunning: 0
PrimaryPlayTime: 0.000000
PrimaryMaxTime: 0.000000
PrimaryPlaySpeed: 0.000000
Stage: RESULT_AFTER_ORIGINAL
ElapsedMs: 258028.425
PrimarySnapshotAvailable: 1
PrimaryMotionName: 
PrimaryHasMotionInstance: 0
PrimaryMotionRunning: 0
PrimaryPlayTime: 0.000000
PrimaryMaxTime: 0.000000
PrimaryPlaySpeed: 0.000000
CleanupBehaviorChanged: 0
=====================================

===== PRIMARYFIRST PlayMotion =====
OwnerEntityAddress: EBB66E10
OwnerEntity: PC_Hero
MotionType: 0
Stage: REQUEST_BEFORE_ORIGINAL
ElapsedMs: 258028.446
PrimarySnapshotAvailable: 1
PrimaryMotionName: 
PrimaryHasMotionInstance: 0
PrimaryMotionRunning: 0
PrimaryPlayTime: 0.000000
PrimaryMaxTime: 0.000000
PrimaryPlaySpeed: 0.000000
Stage: RESULT_AFTER_ORIGINAL
ElapsedMs: 258028.455
PrimarySnapshotAvailable: 1
PrimaryMotionName: Hero_Parade_None_2H_P1_FinishingAttack_Recover_N_Fwd_00_%_00_P0_0.xmot
PrimaryHasMotionInstance: 1
PrimaryMotionRunning: 1
PrimaryPlayTime: 0.000000
PrimaryMaxTime: 0.880000
PrimaryPlaySpeed: 1.000000
CleanupBehaviorChanged: 0
=====================================

===== PRIMARYFIRST PlayMotion =====
OwnerEntityAddress: EBB66E10
OwnerEntity: PC_Hero
MotionType: 0
Stage: REQUEST_BEFORE_ORIGINAL
ElapsedMs: 258934.399
PrimarySnapshotAvailable: 1
PrimaryMotionName: 
PrimaryHasMotionInstance: 0
PrimaryMotionRunning: 0
PrimaryPlayTime: 0.000000
PrimaryMaxTime: 0.000000
PrimaryPlaySpeed: 0.000000
Stage: RESULT_AFTER_ORIGINAL
ElapsedMs: 258934.411
PrimarySnapshotAvailable: 1
PrimaryMotionName: Hero_Parade_None_2H_P0_Ambient_Loop_N_Fwd_00_%_00_P0_0.xmot
PrimaryHasMotionInstance: 1
PrimaryMotionRunning: 1
PrimaryPlayTime: 0.000000
PrimaryMaxTime: 0.000000
PrimaryPlaySpeed: 1.000000
CleanupBehaviorChanged: 0
=====================================

===== PRIMARYFIRST PlayMotion =====
OwnerEntityAddress: EBB66E10
OwnerEntity: PC_Hero
MotionType: 0
Stage: REQUEST_BEFORE_ORIGINAL
ElapsedMs: 259303.471
PrimarySnapshotAvailable: 1
PrimaryMotionName: 
PrimaryHasMotionInstance: 0
PrimaryMotionRunning: 0
PrimaryPlayTime: 0.000000
PrimaryMaxTime: 0.000000
PrimaryPlaySpeed: 0.000000
Stage: RESULT_AFTER_ORIGINAL
ElapsedMs: 259303.483
PrimarySnapshotAvailable: 1
PrimaryMotionName: Hero_Stand_None_2H_P0_Ambient_Loop_N_Fwd_00_%_00_P0_0.xmot
PrimaryHasMotionInstance: 1
PrimaryMotionRunning: 1
PrimaryPlayTime: 0.000000
PrimaryMaxTime: 4.000000
PrimaryPlaySpeed: 1.000000
CleanupBehaviorChanged: 0
=====================================

===== PRIMARYFIRST PlayMotion =====
OwnerEntityAddress: EBB66E10
OwnerEntity: PC_Hero
MotionType: 0
Stage: REQUEST_BEFORE_ORIGINAL
ElapsedMs: 259563.139
PrimarySnapshotAvailable: 1
PrimaryMotionName: 
PrimaryHasMotionInstance: 0
PrimaryMotionRunning: 0
PrimaryPlayTime: 0.000000
PrimaryMaxTime: 0.000000
PrimaryPlaySpeed: 0.000000
Stage: RESULT_AFTER_ORIGINAL
ElapsedMs: 259563.150
PrimarySnapshotAvailable: 1
PrimaryMotionName: Hero_Parade_None_2H_P0_Ambient_Loop_N_Fwd_00_%_00_P0_0.xmot
PrimaryHasMotionInstance: 1
PrimaryMotionRunning: 1
PrimaryPlayTime: 0.000000
PrimaryMaxTime: 0.000000
PrimaryPlaySpeed: 1.000000
CleanupBehaviorChanged: 0
=====================================

===== PRIMARYFIRST StopMotion =====
OwnerEntityAddress: EBB66E10
OwnerEntity: PC_Hero
MotionType: 0
Stage: REQUEST_BEFORE_ORIGINAL
ElapsedMs: 261547.760
PrimarySnapshotAvailable: 1
PrimaryMotionName: 
PrimaryHasMotionInstance: 0
PrimaryMotionRunning: 0
PrimaryPlayTime: 0.000000
PrimaryMaxTime: 0.000000
PrimaryPlaySpeed: 0.000000
Stage: RESULT_AFTER_ORIGINAL
ElapsedMs: 261547.761
PrimarySnapshotAvailable: 1
PrimaryMotionName: 
PrimaryHasMotionInstance: 0
PrimaryMotionRunning: 0
PrimaryPlayTime: 0.000000
PrimaryMaxTime: 0.000000
PrimaryPlaySpeed: 0.000000
CleanupBehaviorChanged: 0
=====================================

===== PRIMARYFIRST PlayMotion =====
OwnerEntityAddress: EBB66E10
OwnerEntity: PC_Hero
MotionType: 0
Stage: REQUEST_BEFORE_ORIGINAL
ElapsedMs: 261547.808
PrimarySnapshotAvailable: 1
PrimaryMotionName: 
PrimaryHasMotionInstance: 0
PrimaryMotionRunning: 0
PrimaryPlayTime: 0.000000
PrimaryMaxTime: 0.000000
PrimaryPlaySpeed: 0.000000
Stage: RESULT_AFTER_ORIGINAL
ElapsedMs: 261547.819
PrimarySnapshotAvailable: 1
PrimaryMotionName: Hero_Parade_None_2H_P0_FinishingAttack_Raise_N_Fwd_00_%_00_P0_0.xmot
PrimaryHasMotionInstance: 1
PrimaryMotionRunning: 1
PrimaryPlayTime: 0.000000
PrimaryMaxTime: 0.960000
PrimaryPlaySpeed: 1.000000
CleanupBehaviorChanged: 0
=====================================

===== PRIMARYFIRST StopMotion =====
OwnerEntityAddress: EBB66E10
OwnerEntity: PC_Hero
MotionType: 0
Stage: REQUEST_BEFORE_ORIGINAL
ElapsedMs: 262511.304
PrimarySnapshotAvailable: 1
PrimaryMotionName: 
PrimaryHasMotionInstance: 0
PrimaryMotionRunning: 0
PrimaryPlayTime: 0.000000
PrimaryMaxTime: 0.000000
PrimaryPlaySpeed: 0.000000
Stage: RESULT_AFTER_ORIGINAL
ElapsedMs: 262511.305
PrimarySnapshotAvailable: 1
PrimaryMotionName: 
PrimaryHasMotionInstance: 0
PrimaryMotionRunning: 0
PrimaryPlayTime: 0.000000
PrimaryMaxTime: 0.000000
PrimaryPlaySpeed: 0.000000
CleanupBehaviorChanged: 0
=====================================

===== PRIMARYFIRST PlayMotion =====
OwnerEntityAddress: EBB66E10
OwnerEntity: PC_Hero
MotionType: 0
Stage: REQUEST_BEFORE_ORIGINAL
ElapsedMs: 262511.353
PrimarySnapshotAvailable: 1
PrimaryMotionName: 
PrimaryHasMotionInstance: 0
PrimaryMotionRunning: 0
PrimaryPlayTime: 0.000000
PrimaryMaxTime: 0.000000
PrimaryPlaySpeed: 0.000000
Stage: RESULT_AFTER_ORIGINAL
ElapsedMs: 262511.364
PrimarySnapshotAvailable: 1
PrimaryMotionName: Hero_Parade_None_2H_P0_FinishingAttack_Hit_N_Fwd_00_%_00_P1_100.xmot
PrimaryHasMotionInstance: 1
PrimaryMotionRunning: 1
PrimaryPlayTime: 0.000000
PrimaryMaxTime: 0.480000
PrimaryPlaySpeed: 1.000000
CleanupBehaviorChanged: 0
=====================================

===== ENGINE SetCollisionGroup =====
ElapsedMs: 262511.419
Entity: It_2H_Sword_Flamberge
ChangedEntityAddress: E27B4610
PlayerSlotMatch: RIGHT
PlayerAction: 14
PlayerAniPhase: 1
PlayerPrimaryPose: 1
PlayerStateTime: 0.963942
PlayerStatePosition: 0
PlayerCurrentMovementAni: Hero_Parade_None_2H_P0_FinishingAttack_Hit_N_Fwd_00_%_00_P1_100.xmot
PlayerLeftItem: <none>
PlayerLeftItemAddress: 00000000
PlayerLeftUseType: -1
PlayerLeftCollisionGroup: -1
PlayerRightItem: It_2H_Sword_Flamberge
PlayerRightItemAddress: E27B4610
PlayerRightUseType: 3
PlayerRightCollisionGroup: 7
RequestedGroup: 7
BeforeGroup: 5
AfterGroup: 7
Item_EquippedValue: 5
Item_AttackValue: 7
RetiredMarkerExecutionCount: 0
====================================

===== COMBATMOVE STARTRECOVER BEGIN =====
ActorAddress: EBB66E10
Actor: PC_Hero
CurrentAction: 14
CurrentAniPhase: 1
CurrentMovementAni: Hero_Parade_None_2H_P0_FinishingAttack_Hit_N_Fwd_00_%_00_P1_100.xmot
Stage: BEGIN
ElapsedMs: 263000.649
PrimarySnapshotAvailable: 1
PrimaryMotionName: Hero_Parade_None_2H_P0_FinishingAttack_Hit_N_Fwd_00_%_00_P1_100.xmot
PrimaryHasMotionInstance: 1
PrimaryMotionRunning: 1
PrimaryPlayTime: 0.479990
PrimaryMaxTime: 0.480000
PrimaryPlaySpeed: 0.000000
LeftHandSourceResolved: 0
RightHandSourceResolved: 1
RightHandSource: It_2H_Sword_Flamberge
RightHandSourceAddress: E27B4610
RightHandSourceCollisionGroup: 7
CleanupBehaviorChanged: 0
=========================================

===== PRIMARYFIRST StopMotion =====
OwnerEntityAddress: EBB66E10
OwnerEntity: PC_Hero
MotionType: 0
Stage: REQUEST_BEFORE_ORIGINAL
ElapsedMs: 263000.719
PrimarySnapshotAvailable: 1
PrimaryMotionName: 
PrimaryHasMotionInstance: 0
PrimaryMotionRunning: 0
PrimaryPlayTime: 0.000000
PrimaryMaxTime: 0.000000
PrimaryPlaySpeed: 0.000000
Stage: RESULT_AFTER_ORIGINAL
ElapsedMs: 263000.720
PrimarySnapshotAvailable: 1
PrimaryMotionName: 
PrimaryHasMotionInstance: 0
PrimaryMotionRunning: 0
PrimaryPlayTime: 0.000000
PrimaryMaxTime: 0.000000
PrimaryPlaySpeed: 0.000000
CleanupBehaviorChanged: 0
=====================================

===== PRIMARYFIRST PlayMotion =====
OwnerEntityAddress: EBB66E10
OwnerEntity: PC_Hero
MotionType: 0
Stage: REQUEST_BEFORE_ORIGINAL
ElapsedMs: 263000.743
PrimarySnapshotAvailable: 1
PrimaryMotionName: 
PrimaryHasMotionInstance: 0
PrimaryMotionRunning: 0
PrimaryPlayTime: 0.000000
PrimaryMaxTime: 0.000000
PrimaryPlaySpeed: 0.000000
Stage: RESULT_AFTER_ORIGINAL
ElapsedMs: 263000.757
PrimarySnapshotAvailable: 1
PrimaryMotionName: Hero_Parade_None_2H_P1_FinishingAttack_Recover_N_Fwd_00_%_00_P0_0.xmot
PrimaryHasMotionInstance: 1
PrimaryMotionRunning: 1
PrimaryPlayTime: 0.000000
PrimaryMaxTime: 0.880000
PrimaryPlaySpeed: 1.000000
CleanupBehaviorChanged: 0
=====================================

===== COMBATMOVE STARTRECOVER END =====
ActorAddress: EBB66E10
Actor: PC_Hero
CurrentAction: 14
CurrentAniPhase: 3
CurrentMovementAni: Hero_Parade_None_2H_P0_FinishingAttack_Hit_N_Fwd_00_%_00_P1_100.xmot
Stage: END
ElapsedMs: 263000.778
PrimarySnapshotAvailable: 1
PrimaryMotionName: Hero_Parade_None_2H_P1_FinishingAttack_Recover_N_Fwd_00_%_00_P0_0.xmot
PrimaryHasMotionInstance: 1
PrimaryMotionRunning: 1
PrimaryPlayTime: 0.000000
PrimaryMaxTime: 0.880000
PrimaryPlaySpeed: 1.000000
LeftHandSourceResolved: 0
RightHandSourceResolved: 1
RightHandSource: It_2H_Sword_Flamberge
RightHandSourceAddress: E27B4610
RightHandSourceCollisionGroup: 7
CleanupBehaviorChanged: 0
=========================================

===== ENGINE SetCollisionGroup =====
ElapsedMs: 263000.881
Entity: It_2H_Sword_Flamberge
ChangedEntityAddress: E27B4610
PlayerSlotMatch: RIGHT
PlayerAction: 14
PlayerAniPhase: 3
PlayerPrimaryPose: 2
PlayerStateTime: 1.444886
PlayerStatePosition: 1
PlayerCurrentMovementAni: Hero_Parade_None_2H_P0_FinishingAttack_Hit_N_Fwd_00_%_00_P1_100.xmot
PlayerLeftItem: <none>
PlayerLeftItemAddress: 00000000
PlayerLeftUseType: -1
PlayerLeftCollisionGroup: -1
PlayerRightItem: It_2H_Sword_Flamberge
PlayerRightItemAddress: E27B4610
PlayerRightUseType: 3
PlayerRightCollisionGroup: 5
RequestedGroup: 5
BeforeGroup: 7
AfterGroup: 5
Item_EquippedValue: 5
Item_AttackValue: 7
RetiredMarkerExecutionCount: 0
====================================

===== PRIMARYFIRST StopMotion =====
OwnerEntityAddress: EBB66E10
OwnerEntity: PC_Hero
MotionType: 0
Stage: REQUEST_BEFORE_ORIGINAL
ElapsedMs: 263000.925
PrimarySnapshotAvailable: 1
PrimaryMotionName: 
PrimaryHasMotionInstance: 0
PrimaryMotionRunning: 0
PrimaryPlayTime: 0.000000
PrimaryMaxTime: 0.000000
PrimaryPlaySpeed: 0.000000
Stage: RESULT_AFTER_ORIGINAL
ElapsedMs: 263000.926
PrimarySnapshotAvailable: 1
PrimaryMotionName: 
PrimaryHasMotionInstance: 0
PrimaryMotionRunning: 0
PrimaryPlayTime: 0.000000
PrimaryMaxTime: 0.000000
PrimaryPlaySpeed: 0.000000
CleanupBehaviorChanged: 0
=====================================

===== PRIMARYFIRST PlayMotion =====
OwnerEntityAddress: EBB66E10
OwnerEntity: PC_Hero
MotionType: 0
Stage: REQUEST_BEFORE_ORIGINAL
ElapsedMs: 263000.947
PrimarySnapshotAvailable: 1
PrimaryMotionName: 
PrimaryHasMotionInstance: 0
PrimaryMotionRunning: 0
PrimaryPlayTime: 0.000000
PrimaryMaxTime: 0.000000
PrimaryPlaySpeed: 0.000000
Stage: RESULT_AFTER_ORIGINAL
ElapsedMs: 263000.955
PrimarySnapshotAvailable: 1
PrimaryMotionName: Hero_Parade_None_2H_P1_FinishingAttack_Recover_N_Fwd_00_%_00_P0_0.xmot
PrimaryHasMotionInstance: 1
PrimaryMotionRunning: 1
PrimaryPlayTime: 0.000000
PrimaryMaxTime: 0.880000
PrimaryPlaySpeed: 1.000000
CleanupBehaviorChanged: 0
=====================================

===== PRIMARYFIRST PlayMotion =====
OwnerEntityAddress: EBB66E10
OwnerEntity: PC_Hero
MotionType: 0
Stage: REQUEST_BEFORE_ORIGINAL
ElapsedMs: 263891.640
PrimarySnapshotAvailable: 1
PrimaryMotionName: 
PrimaryHasMotionInstance: 0
PrimaryMotionRunning: 0
PrimaryPlayTime: 0.000000
PrimaryMaxTime: 0.000000
PrimaryPlaySpeed: 0.000000
Stage: RESULT_AFTER_ORIGINAL
ElapsedMs: 263891.655
PrimarySnapshotAvailable: 1
PrimaryMotionName: Hero_Parade_None_2H_P0_Ambient_Loop_N_Fwd_00_%_00_P0_0.xmot
PrimaryHasMotionInstance: 1
PrimaryMotionRunning: 1
PrimaryPlayTime: 0.000000
PrimaryMaxTime: 0.000000
PrimaryPlaySpeed: 1.000000
CleanupBehaviorChanged: 0
=====================================

===== PRIMARYFIRST PlayMotion =====
OwnerEntityAddress: EBB66E10
OwnerEntity: PC_Hero
MotionType: 0
Stage: REQUEST_BEFORE_ORIGINAL
ElapsedMs: 264328.086
PrimarySnapshotAvailable: 1
PrimaryMotionName: 
PrimaryHasMotionInstance: 0
PrimaryMotionRunning: 0
PrimaryPlayTime: 0.000000
PrimaryMaxTime: 0.000000
PrimaryPlaySpeed: 0.000000
Stage: RESULT_AFTER_ORIGINAL
ElapsedMs: 264328.114
PrimarySnapshotAvailable: 1
PrimaryMotionName: Hero_Stand_None_2H_P0_Ambient_Loop_N_Fwd_00_%_00_P0_0.xmot
PrimaryHasMotionInstance: 1
PrimaryMotionRunning: 1
PrimaryPlayTime: 0.000000
PrimaryMaxTime: 4.000000
PrimaryPlaySpeed: 1.000000
CleanupBehaviorChanged: 0
=====================================

===== PRIMARYFIRST PlayMotion =====
OwnerEntityAddress: EBB66E10
OwnerEntity: PC_Hero
MotionType: 0
Stage: REQUEST_BEFORE_ORIGINAL
ElapsedMs: 264592.325
PrimarySnapshotAvailable: 1
PrimaryMotionName: 
PrimaryHasMotionInstance: 0
PrimaryMotionRunning: 0
PrimaryPlayTime: 0.000000
PrimaryMaxTime: 0.000000
PrimaryPlaySpeed: 0.000000
Stage: RESULT_AFTER_ORIGINAL
ElapsedMs: 264592.340
PrimarySnapshotAvailable: 1
PrimaryMotionName: Hero_Parade_None_2H_P0_Ambient_Loop_N_Fwd_00_%_00_P0_0.xmot
PrimaryHasMotionInstance: 1
PrimaryMotionRunning: 1
PrimaryPlayTime: 0.000000
PrimaryMaxTime: 0.000000
PrimaryPlaySpeed: 1.000000
CleanupBehaviorChanged: 0
=====================================

===== PRIMARYFIRST StopMotion =====
OwnerEntityAddress: EBB66E10
OwnerEntity: PC_Hero
MotionType: 0
Stage: REQUEST_BEFORE_ORIGINAL
ElapsedMs: 265745.892
PrimarySnapshotAvailable: 1
PrimaryMotionName: 
PrimaryHasMotionInstance: 0
PrimaryMotionRunning: 0
PrimaryPlayTime: 0.000000
PrimaryMaxTime: 0.000000
PrimaryPlaySpeed: 0.000000
Stage: RESULT_AFTER_ORIGINAL
ElapsedMs: 265745.893
PrimarySnapshotAvailable: 1
PrimaryMotionName: 
PrimaryHasMotionInstance: 0
PrimaryMotionRunning: 0
PrimaryPlayTime: 0.000000
PrimaryMaxTime: 0.000000
PrimaryPlaySpeed: 0.000000
CleanupBehaviorChanged: 0
=====================================

===== PRIMARYFIRST PlayMotion =====
OwnerEntityAddress: EBB66E10
OwnerEntity: PC_Hero
MotionType: 0
Stage: REQUEST_BEFORE_ORIGINAL
ElapsedMs: 265745.940
PrimarySnapshotAvailable: 1
PrimaryMotionName: 
PrimaryHasMotionInstance: 0
PrimaryMotionRunning: 0
PrimaryPlayTime: 0.000000
PrimaryMaxTime: 0.000000
PrimaryPlaySpeed: 0.000000
Stage: RESULT_AFTER_ORIGINAL
ElapsedMs: 265745.955
PrimarySnapshotAvailable: 1
PrimaryMotionName: Hero_Parade_None_2H_P0_FinishingAttack_Raise_N_Fwd_00_%_00_P0_0.xmot
PrimaryHasMotionInstance: 1
PrimaryMotionRunning: 1
PrimaryPlayTime: 0.000000
PrimaryMaxTime: 0.960000
PrimaryPlaySpeed: 1.000000
CleanupBehaviorChanged: 0
=====================================

===== PRIMARYFIRST StopMotion =====
OwnerEntityAddress: EBB66E10
OwnerEntity: PC_Hero
MotionType: 0
Stage: REQUEST_BEFORE_ORIGINAL
ElapsedMs: 266713.503
PrimarySnapshotAvailable: 1
PrimaryMotionName: 
PrimaryHasMotionInstance: 0
PrimaryMotionRunning: 0
PrimaryPlayTime: 0.000000
PrimaryMaxTime: 0.000000
PrimaryPlaySpeed: 0.000000
Stage: RESULT_AFTER_ORIGINAL
ElapsedMs: 266713.504
PrimarySnapshotAvailable: 1
PrimaryMotionName: 
PrimaryHasMotionInstance: 0
PrimaryMotionRunning: 0
PrimaryPlayTime: 0.000000
PrimaryMaxTime: 0.000000
PrimaryPlaySpeed: 0.000000
CleanupBehaviorChanged: 0
=====================================

===== PRIMARYFIRST PlayMotion =====
OwnerEntityAddress: EBB66E10
OwnerEntity: PC_Hero
MotionType: 0
Stage: REQUEST_BEFORE_ORIGINAL
ElapsedMs: 266713.551
PrimarySnapshotAvailable: 1
PrimaryMotionName: 
PrimaryHasMotionInstance: 0
PrimaryMotionRunning: 0
PrimaryPlayTime: 0.000000
PrimaryMaxTime: 0.000000
PrimaryPlaySpeed: 0.000000
Stage: RESULT_AFTER_ORIGINAL
ElapsedMs: 266713.565
PrimarySnapshotAvailable: 1
PrimaryMotionName: Hero_Parade_None_2H_P0_FinishingAttack_Hit_N_Fwd_00_%_00_P1_100.xmot
PrimaryHasMotionInstance: 1
PrimaryMotionRunning: 1
PrimaryPlayTime: 0.000000
PrimaryMaxTime: 0.480000
PrimaryPlaySpeed: 1.000000
CleanupBehaviorChanged: 0
=====================================

===== ENGINE SetCollisionGroup =====
ElapsedMs: 266713.618
Entity: It_2H_Sword_Flamberge
ChangedEntityAddress: E27B4610
PlayerSlotMatch: RIGHT
PlayerAction: 14
PlayerAniPhase: 1
PlayerPrimaryPose: 1
PlayerStateTime: 0.967931
PlayerStatePosition: 0
PlayerCurrentMovementAni: Hero_Parade_None_2H_P0_FinishingAttack_Hit_N_Fwd_00_%_00_P1_100.xmot
PlayerLeftItem: <none>
PlayerLeftItemAddress: 00000000
PlayerLeftUseType: -1
PlayerLeftCollisionGroup: -1
PlayerRightItem: It_2H_Sword_Flamberge
PlayerRightItemAddress: E27B4610
PlayerRightUseType: 3
PlayerRightCollisionGroup: 7
RequestedGroup: 7
BeforeGroup: 5
AfterGroup: 7
Item_EquippedValue: 5
Item_AttackValue: 7
RetiredMarkerExecutionCount: 0
====================================

===== COMBATMOVE STARTRECOVER BEGIN =====
ActorAddress: EBB66E10
Actor: PC_Hero
CurrentAction: 14
CurrentAniPhase: 1
CurrentMovementAni: Hero_Parade_None_2H_P0_FinishingAttack_Hit_N_Fwd_00_%_00_P1_100.xmot
Stage: BEGIN
ElapsedMs: 267200.828
PrimarySnapshotAvailable: 1
PrimaryMotionName: Hero_Parade_None_2H_P0_FinishingAttack_Hit_N_Fwd_00_%_00_P1_100.xmot
PrimaryHasMotionInstance: 1
PrimaryMotionRunning: 1
PrimaryPlayTime: 0.479990
PrimaryMaxTime: 0.480000
PrimaryPlaySpeed: 0.000000
LeftHandSourceResolved: 0
RightHandSourceResolved: 1
RightHandSource: It_2H_Sword_Flamberge
RightHandSourceAddress: E27B4610
RightHandSourceCollisionGroup: 7
CleanupBehaviorChanged: 0
=========================================

===== PRIMARYFIRST StopMotion =====
OwnerEntityAddress: EBB66E10
OwnerEntity: PC_Hero
MotionType: 0
Stage: REQUEST_BEFORE_ORIGINAL
ElapsedMs: 267200.897
PrimarySnapshotAvailable: 1
PrimaryMotionName: 
PrimaryHasMotionInstance: 0
PrimaryMotionRunning: 0
PrimaryPlayTime: 0.000000
PrimaryMaxTime: 0.000000
PrimaryPlaySpeed: 0.000000
Stage: RESULT_AFTER_ORIGINAL
ElapsedMs: 267200.898
PrimarySnapshotAvailable: 1
PrimaryMotionName: 
PrimaryHasMotionInstance: 0
PrimaryMotionRunning: 0
PrimaryPlayTime: 0.000000
PrimaryMaxTime: 0.000000
PrimaryPlaySpeed: 0.000000
CleanupBehaviorChanged: 0
=====================================

===== PRIMARYFIRST PlayMotion =====
OwnerEntityAddress: EBB66E10
OwnerEntity: PC_Hero
MotionType: 0
Stage: REQUEST_BEFORE_ORIGINAL
ElapsedMs: 267200.921
PrimarySnapshotAvailable: 1
PrimaryMotionName: 
PrimaryHasMotionInstance: 0
PrimaryMotionRunning: 0
PrimaryPlayTime: 0.000000
PrimaryMaxTime: 0.000000
PrimaryPlaySpeed: 0.000000
Stage: RESULT_AFTER_ORIGINAL
ElapsedMs: 267200.935
PrimarySnapshotAvailable: 1
PrimaryMotionName: Hero_Parade_None_2H_P1_FinishingAttack_Recover_N_Fwd_00_%_00_P0_0.xmot
PrimaryHasMotionInstance: 1
PrimaryMotionRunning: 1
PrimaryPlayTime: 0.000000
PrimaryMaxTime: 0.880000
PrimaryPlaySpeed: 1.000000
CleanupBehaviorChanged: 0
=====================================

===== COMBATMOVE STARTRECOVER END =====
ActorAddress: EBB66E10
Actor: PC_Hero
CurrentAction: 14
CurrentAniPhase: 3
CurrentMovementAni: Hero_Parade_None_2H_P0_FinishingAttack_Hit_N_Fwd_00_%_00_P1_100.xmot
Stage: END
ElapsedMs: 267200.957
PrimarySnapshotAvailable: 1
PrimaryMotionName: Hero_Parade_None_2H_P1_FinishingAttack_Recover_N_Fwd_00_%_00_P0_0.xmot
PrimaryHasMotionInstance: 1
PrimaryMotionRunning: 1
PrimaryPlayTime: 0.000000
PrimaryMaxTime: 0.880000
PrimaryPlaySpeed: 1.000000
LeftHandSourceResolved: 0
RightHandSourceResolved: 1
RightHandSource: It_2H_Sword_Flamberge
RightHandSourceAddress: E27B4610
RightHandSourceCollisionGroup: 7
CleanupBehaviorChanged: 0
=========================================

===== ENGINE SetCollisionGroup =====
ElapsedMs: 267201.013
Entity: It_2H_Sword_Flamberge
ChangedEntityAddress: E27B4610
PlayerSlotMatch: RIGHT
PlayerAction: 14
PlayerAniPhase: 3
PlayerPrimaryPose: 2
PlayerStateTime: 1.450912
PlayerStatePosition: 1
PlayerCurrentMovementAni: Hero_Parade_None_2H_P0_FinishingAttack_Hit_N_Fwd_00_%_00_P1_100.xmot
PlayerLeftItem: <none>
PlayerLeftItemAddress: 00000000
PlayerLeftUseType: -1
PlayerLeftCollisionGroup: -1
PlayerRightItem: It_2H_Sword_Flamberge
PlayerRightItemAddress: E27B4610
PlayerRightUseType: 3
PlayerRightCollisionGroup: 5
RequestedGroup: 5
BeforeGroup: 7
AfterGroup: 5
Item_EquippedValue: 5
Item_AttackValue: 7
RetiredMarkerExecutionCount: 0
====================================

===== PRIMARYFIRST StopMotion =====
OwnerEntityAddress: EBB66E10
OwnerEntity: PC_Hero
MotionType: 0
Stage: REQUEST_BEFORE_ORIGINAL
ElapsedMs: 267201.054
PrimarySnapshotAvailable: 1
PrimaryMotionName: 
PrimaryHasMotionInstance: 0
PrimaryMotionRunning: 0
PrimaryPlayTime: 0.000000
PrimaryMaxTime: 0.000000
PrimaryPlaySpeed: 0.000000
Stage: RESULT_AFTER_ORIGINAL
ElapsedMs: 267201.054
PrimarySnapshotAvailable: 1
PrimaryMotionName: 
PrimaryHasMotionInstance: 0
PrimaryMotionRunning: 0
PrimaryPlayTime: 0.000000
PrimaryMaxTime: 0.000000
PrimaryPlaySpeed: 0.000000
CleanupBehaviorChanged: 0
=====================================

===== PRIMARYFIRST PlayMotion =====
OwnerEntityAddress: EBB66E10
OwnerEntity: PC_Hero
MotionType: 0
Stage: REQUEST_BEFORE_ORIGINAL
ElapsedMs: 267201.080
PrimarySnapshotAvailable: 1
PrimaryMotionName: 
PrimaryHasMotionInstance: 0
PrimaryMotionRunning: 0
PrimaryPlayTime: 0.000000
PrimaryMaxTime: 0.000000
PrimaryPlaySpeed: 0.000000
Stage: RESULT_AFTER_ORIGINAL
ElapsedMs: 267201.088
PrimarySnapshotAvailable: 1
PrimaryMotionName: Hero_Parade_None_2H_P1_FinishingAttack_Recover_N_Fwd_00_%_00_P0_0.xmot
PrimaryHasMotionInstance: 1
PrimaryMotionRunning: 1
PrimaryPlayTime: 0.000000
PrimaryMaxTime: 0.880000
PrimaryPlaySpeed: 1.000000
CleanupBehaviorChanged: 0
=====================================

===== PRIMARYFIRST PlayMotion =====
OwnerEntityAddress: EBB66E10
OwnerEntity: PC_Hero
MotionType: 0
Stage: REQUEST_BEFORE_ORIGINAL
ElapsedMs: 268101.247
PrimarySnapshotAvailable: 1
PrimaryMotionName: 
PrimaryHasMotionInstance: 0
PrimaryMotionRunning: 0
PrimaryPlayTime: 0.000000
PrimaryMaxTime: 0.000000
PrimaryPlaySpeed: 0.000000
Stage: RESULT_AFTER_ORIGINAL
ElapsedMs: 268101.261
PrimarySnapshotAvailable: 1
PrimaryMotionName: Hero_Parade_None_2H_P0_Ambient_Loop_N_Fwd_00_%_00_P0_0.xmot
PrimaryHasMotionInstance: 1
PrimaryMotionRunning: 1
PrimaryPlayTime: 0.000000
PrimaryMaxTime: 0.000000
PrimaryPlaySpeed: 1.000000
CleanupBehaviorChanged: 0
=====================================

===== PRIMARYFIRST PlayMotion =====
OwnerEntityAddress: EBB66E10
OwnerEntity: PC_Hero
MotionType: 0
Stage: REQUEST_BEFORE_ORIGINAL
ElapsedMs: 268901.857
PrimarySnapshotAvailable: 1
PrimaryMotionName: 
PrimaryHasMotionInstance: 0
PrimaryMotionRunning: 0
PrimaryPlayTime: 0.000000
PrimaryMaxTime: 0.000000
PrimaryPlaySpeed: 0.000000
Stage: RESULT_AFTER_ORIGINAL
ElapsedMs: 268901.873
PrimarySnapshotAvailable: 1
PrimaryMotionName: Hero_Stand_None_2H_P0_Ambient_Loop_N_Fwd_00_%_00_P0_0.xmot
PrimaryHasMotionInstance: 1
PrimaryMotionRunning: 1
PrimaryPlayTime: 0.000000
PrimaryMaxTime: 4.000000
PrimaryPlaySpeed: 1.000000
CleanupBehaviorChanged: 0
=====================================

===== PRIMARYFIRST PlayMotion =====
OwnerEntityAddress: EBB66E10
OwnerEntity: PC_Hero
MotionType: 0
Stage: REQUEST_BEFORE_ORIGINAL
ElapsedMs: 269272.512
PrimarySnapshotAvailable: 1
PrimaryMotionName: 
PrimaryHasMotionInstance: 0
PrimaryMotionRunning: 0
PrimaryPlayTime: 0.000000
PrimaryMaxTime: 0.000000
PrimaryPlaySpeed: 0.000000
Stage: RESULT_AFTER_ORIGINAL
ElapsedMs: 269272.528
PrimarySnapshotAvailable: 1
PrimaryMotionName: Hero_Parade_None_2H_P0_Ambient_Loop_N_Fwd_00_%_00_P0_0.xmot
PrimaryHasMotionInstance: 1
PrimaryMotionRunning: 1
PrimaryPlayTime: 0.000000
PrimaryMaxTime: 0.000000
PrimaryPlaySpeed: 1.000000
CleanupBehaviorChanged: 0
=====================================

===== PRIMARYFIRST StopMotion =====
OwnerEntityAddress: EBB66E10
OwnerEntity: PC_Hero
MotionType: 0
Stage: REQUEST_BEFORE_ORIGINAL
ElapsedMs: 271111.057
PrimarySnapshotAvailable: 1
PrimaryMotionName: 
PrimaryHasMotionInstance: 0
PrimaryMotionRunning: 0
PrimaryPlayTime: 0.000000
PrimaryMaxTime: 0.000000
PrimaryPlaySpeed: 0.000000
Stage: RESULT_AFTER_ORIGINAL
ElapsedMs: 271111.058
PrimarySnapshotAvailable: 1
PrimaryMotionName: 
PrimaryHasMotionInstance: 0
PrimaryMotionRunning: 0
PrimaryPlayTime: 0.000000
PrimaryMaxTime: 0.000000
PrimaryPlaySpeed: 0.000000
CleanupBehaviorChanged: 0
=====================================

===== PRIMARYFIRST PlayMotion =====
OwnerEntityAddress: EBB66E10
OwnerEntity: PC_Hero
MotionType: 0
Stage: REQUEST_BEFORE_ORIGINAL
ElapsedMs: 271111.105
PrimarySnapshotAvailable: 1
PrimaryMotionName: 
PrimaryHasMotionInstance: 0
PrimaryMotionRunning: 0
PrimaryPlayTime: 0.000000
PrimaryMaxTime: 0.000000
PrimaryPlaySpeed: 0.000000
Stage: RESULT_AFTER_ORIGINAL
ElapsedMs: 271111.118
PrimarySnapshotAvailable: 1
PrimaryMotionName: Hero_Parade_None_2H_P0_FinishingAttack_Raise_N_Fwd_00_%_00_P0_0.xmot
PrimaryHasMotionInstance: 1
PrimaryMotionRunning: 1
PrimaryPlayTime: 0.000000
PrimaryMaxTime: 0.960000
PrimaryPlaySpeed: 1.000000
CleanupBehaviorChanged: 0
=====================================

===== PRIMARYFIRST StopMotion =====
OwnerEntityAddress: EBB66E10
OwnerEntity: PC_Hero
MotionType: 0
Stage: REQUEST_BEFORE_ORIGINAL
ElapsedMs: 272076.028
PrimarySnapshotAvailable: 1
PrimaryMotionName: 
PrimaryHasMotionInstance: 0
PrimaryMotionRunning: 0
PrimaryPlayTime: 0.000000
PrimaryMaxTime: 0.000000
PrimaryPlaySpeed: 0.000000
Stage: RESULT_AFTER_ORIGINAL
ElapsedMs: 272076.028
PrimarySnapshotAvailable: 1
PrimaryMotionName: 
PrimaryHasMotionInstance: 0
PrimaryMotionRunning: 0
PrimaryPlayTime: 0.000000
PrimaryMaxTime: 0.000000
PrimaryPlaySpeed: 0.000000
CleanupBehaviorChanged: 0
=====================================

===== PRIMARYFIRST PlayMotion =====
OwnerEntityAddress: EBB66E10
OwnerEntity: PC_Hero
MotionType: 0
Stage: REQUEST_BEFORE_ORIGINAL
ElapsedMs: 272076.081
PrimarySnapshotAvailable: 1
PrimaryMotionName: 
PrimaryHasMotionInstance: 0
PrimaryMotionRunning: 0
PrimaryPlayTime: 0.000000
PrimaryMaxTime: 0.000000
PrimaryPlaySpeed: 0.000000
Stage: RESULT_AFTER_ORIGINAL
ElapsedMs: 272076.095
PrimarySnapshotAvailable: 1
PrimaryMotionName: Hero_Parade_None_2H_P0_FinishingAttack_Hit_N_Fwd_00_%_00_P1_100.xmot
PrimaryHasMotionInstance: 1
PrimaryMotionRunning: 1
PrimaryPlayTime: 0.000000
PrimaryMaxTime: 0.480000
PrimaryPlaySpeed: 1.000000
CleanupBehaviorChanged: 0
=====================================

===== ENGINE SetCollisionGroup =====
ElapsedMs: 272076.174
Entity: It_2H_Sword_Flamberge
ChangedEntityAddress: E27B4610
PlayerSlotMatch: RIGHT
PlayerAction: 14
PlayerAniPhase: 1
PlayerPrimaryPose: 1
PlayerStateTime: 0.964903
PlayerStatePosition: 0
PlayerCurrentMovementAni: Hero_Parade_None_2H_P0_FinishingAttack_Hit_N_Fwd_00_%_00_P1_100.xmot
PlayerLeftItem: <none>
PlayerLeftItemAddress: 00000000
PlayerLeftUseType: -1
PlayerLeftCollisionGroup: -1
PlayerRightItem: It_2H_Sword_Flamberge
PlayerRightItemAddress: E27B4610
PlayerRightUseType: 3
PlayerRightCollisionGroup: 7
RequestedGroup: 7
BeforeGroup: 5
AfterGroup: 7
Item_EquippedValue: 5
Item_AttackValue: 7
RetiredMarkerExecutionCount: 0
====================================

===== COMBATMOVE STARTRECOVER BEGIN =====
ActorAddress: EBB66E10
Actor: PC_Hero
CurrentAction: 14
CurrentAniPhase: 1
CurrentMovementAni: Hero_Parade_None_2H_P0_FinishingAttack_Hit_N_Fwd_00_%_00_P1_100.xmot
Stage: BEGIN
ElapsedMs: 272569.780
PrimarySnapshotAvailable: 1
PrimaryMotionName: Hero_Parade_None_2H_P0_FinishingAttack_Hit_N_Fwd_00_%_00_P1_100.xmot
PrimaryHasMotionInstance: 1
PrimaryMotionRunning: 1
PrimaryPlayTime: 0.479990
PrimaryMaxTime: 0.480000
PrimaryPlaySpeed: 0.000000
LeftHandSourceResolved: 0
RightHandSourceResolved: 1
RightHandSource: It_2H_Sword_Flamberge
RightHandSourceAddress: E27B4610
RightHandSourceCollisionGroup: 7
CleanupBehaviorChanged: 0
=========================================

===== PRIMARYFIRST StopMotion =====
OwnerEntityAddress: EBB66E10
OwnerEntity: PC_Hero
MotionType: 0
Stage: REQUEST_BEFORE_ORIGINAL
ElapsedMs: 272569.836
PrimarySnapshotAvailable: 1
PrimaryMotionName: 
PrimaryHasMotionInstance: 0
PrimaryMotionRunning: 0
PrimaryPlayTime: 0.000000
PrimaryMaxTime: 0.000000
PrimaryPlaySpeed: 0.000000
Stage: RESULT_AFTER_ORIGINAL
ElapsedMs: 272569.836
PrimarySnapshotAvailable: 1
PrimaryMotionName: 
PrimaryHasMotionInstance: 0
PrimaryMotionRunning: 0
PrimaryPlayTime: 0.000000
PrimaryMaxTime: 0.000000
PrimaryPlaySpeed: 0.000000
CleanupBehaviorChanged: 0
=====================================

===== PRIMARYFIRST PlayMotion =====
OwnerEntityAddress: EBB66E10
OwnerEntity: PC_Hero
MotionType: 0
Stage: REQUEST_BEFORE_ORIGINAL
ElapsedMs: 272569.859
PrimarySnapshotAvailable: 1
PrimaryMotionName: 
PrimaryHasMotionInstance: 0
PrimaryMotionRunning: 0
PrimaryPlayTime: 0.000000
PrimaryMaxTime: 0.000000
PrimaryPlaySpeed: 0.000000
Stage: RESULT_AFTER_ORIGINAL
ElapsedMs: 272569.870
PrimarySnapshotAvailable: 1
PrimaryMotionName: Hero_Parade_None_2H_P1_FinishingAttack_Recover_N_Fwd_00_%_00_P0_0.xmot
PrimaryHasMotionInstance: 1
PrimaryMotionRunning: 1
PrimaryPlayTime: 0.000000
PrimaryMaxTime: 0.880000
PrimaryPlaySpeed: 1.000000
CleanupBehaviorChanged: 0
=====================================

===== COMBATMOVE STARTRECOVER END =====
ActorAddress: EBB66E10
Actor: PC_Hero
CurrentAction: 14
CurrentAniPhase: 3
CurrentMovementAni: Hero_Parade_None_2H_P0_FinishingAttack_Hit_N_Fwd_00_%_00_P1_100.xmot
Stage: END
ElapsedMs: 272569.895
PrimarySnapshotAvailable: 1
PrimaryMotionName: Hero_Parade_None_2H_P1_FinishingAttack_Recover_N_Fwd_00_%_00_P0_0.xmot
PrimaryHasMotionInstance: 1
PrimaryMotionRunning: 1
PrimaryPlayTime: 0.000000
PrimaryMaxTime: 0.880000
PrimaryPlaySpeed: 1.000000
LeftHandSourceResolved: 0
RightHandSourceResolved: 1
RightHandSource: It_2H_Sword_Flamberge
RightHandSourceAddress: E27B4610
RightHandSourceCollisionGroup: 7
CleanupBehaviorChanged: 0
=========================================

===== ENGINE SetCollisionGroup =====
ElapsedMs: 272569.951
Entity: It_2H_Sword_Flamberge
ChangedEntityAddress: E27B4610
PlayerSlotMatch: RIGHT
PlayerAction: 14
PlayerAniPhase: 3
PlayerPrimaryPose: 2
PlayerStateTime: 1.445858
PlayerStatePosition: 1
PlayerCurrentMovementAni: Hero_Parade_None_2H_P0_FinishingAttack_Hit_N_Fwd_00_%_00_P1_100.xmot
PlayerLeftItem: <none>
PlayerLeftItemAddress: 00000000
PlayerLeftUseType: -1
PlayerLeftCollisionGroup: -1
PlayerRightItem: It_2H_Sword_Flamberge
PlayerRightItemAddress: E27B4610
PlayerRightUseType: 3
PlayerRightCollisionGroup: 5
RequestedGroup: 5
BeforeGroup: 7
AfterGroup: 5
Item_EquippedValue: 5
Item_AttackValue: 7
RetiredMarkerExecutionCount: 0
====================================

===== PRIMARYFIRST StopMotion =====
OwnerEntityAddress: EBB66E10
OwnerEntity: PC_Hero
MotionType: 0
Stage: REQUEST_BEFORE_ORIGINAL
ElapsedMs: 272569.991
PrimarySnapshotAvailable: 1
PrimaryMotionName: 
PrimaryHasMotionInstance: 0
PrimaryMotionRunning: 0
PrimaryPlayTime: 0.000000
PrimaryMaxTime: 0.000000
PrimaryPlaySpeed: 0.000000
Stage: RESULT_AFTER_ORIGINAL
ElapsedMs: 272569.991
PrimarySnapshotAvailable: 1
PrimaryMotionName: 
PrimaryHasMotionInstance: 0
PrimaryMotionRunning: 0
PrimaryPlayTime: 0.000000
PrimaryMaxTime: 0.000000
PrimaryPlaySpeed: 0.000000
CleanupBehaviorChanged: 0
=====================================

===== PRIMARYFIRST PlayMotion =====
OwnerEntityAddress: EBB66E10
OwnerEntity: PC_Hero
MotionType: 0
Stage: REQUEST_BEFORE_ORIGINAL
ElapsedMs: 272570.013
PrimarySnapshotAvailable: 1
PrimaryMotionName: 
PrimaryHasMotionInstance: 0
PrimaryMotionRunning: 0
PrimaryPlayTime: 0.000000
PrimaryMaxTime: 0.000000
PrimaryPlaySpeed: 0.000000
Stage: RESULT_AFTER_ORIGINAL
ElapsedMs: 272570.021
PrimarySnapshotAvailable: 1
PrimaryMotionName: Hero_Parade_None_2H_P1_FinishingAttack_Recover_N_Fwd_00_%_00_P0_0.xmot
PrimaryHasMotionInstance: 1
PrimaryMotionRunning: 1
PrimaryPlayTime: 0.000000
PrimaryMaxTime: 0.880000
PrimaryPlaySpeed: 1.000000
CleanupBehaviorChanged: 0
=====================================

===== PRIMARYFIRST PlayMotion =====
OwnerEntityAddress: EBB66E10
OwnerEntity: PC_Hero
MotionType: 0
Stage: REQUEST_BEFORE_ORIGINAL
ElapsedMs: 273458.590
PrimarySnapshotAvailable: 1
PrimaryMotionName: 
PrimaryHasMotionInstance: 0
PrimaryMotionRunning: 0
PrimaryPlayTime: 0.000000
PrimaryMaxTime: 0.000000
PrimaryPlaySpeed: 0.000000
Stage: RESULT_AFTER_ORIGINAL
ElapsedMs: 273458.603
PrimarySnapshotAvailable: 1
PrimaryMotionName: Hero_Parade_None_2H_P0_Ambient_Loop_N_Fwd_00_%_00_P0_0.xmot
PrimaryHasMotionInstance: 1
PrimaryMotionRunning: 1
PrimaryPlayTime: 0.000000
PrimaryMaxTime: 0.000000
PrimaryPlaySpeed: 1.000000
CleanupBehaviorChanged: 0
=====================================

===== PRIMARYFIRST PlayMotion =====
OwnerEntityAddress: EBB66E10
OwnerEntity: PC_Hero
MotionType: 0
Stage: REQUEST_BEFORE_ORIGINAL
ElapsedMs: 273747.387
PrimarySnapshotAvailable: 1
PrimaryMotionName: 
PrimaryHasMotionInstance: 0
PrimaryMotionRunning: 0
PrimaryPlayTime: 0.000000
PrimaryMaxTime: 0.000000
PrimaryPlaySpeed: 0.000000
Stage: RESULT_AFTER_ORIGINAL
ElapsedMs: 273747.400
PrimarySnapshotAvailable: 1
PrimaryMotionName: Hero_Stand_None_2H_P0_Ambient_Loop_N_Fwd_00_%_00_P0_0.xmot
PrimaryHasMotionInstance: 1
PrimaryMotionRunning: 1
PrimaryPlayTime: 0.000000
PrimaryMaxTime: 4.000000
PrimaryPlaySpeed: 1.000000
CleanupBehaviorChanged: 0
=====================================

===== PRIMARYFIRST PlayMotion =====
OwnerEntityAddress: EBB66E10
OwnerEntity: PC_Hero
MotionType: 0
Stage: REQUEST_BEFORE_ORIGINAL
ElapsedMs: 273970.200
PrimarySnapshotAvailable: 1
PrimaryMotionName: 
PrimaryHasMotionInstance: 0
PrimaryMotionRunning: 0
PrimaryPlayTime: 0.000000
PrimaryMaxTime: 0.000000
PrimaryPlaySpeed: 0.000000
Stage: RESULT_AFTER_ORIGINAL
ElapsedMs: 273970.213
PrimarySnapshotAvailable: 1
PrimaryMotionName: Hero_Parade_None_2H_P0_Ambient_Loop_N_Fwd_00_%_00_P0_0.xmot
PrimaryHasMotionInstance: 1
PrimaryMotionRunning: 1
PrimaryPlayTime: 0.000000
PrimaryMaxTime: 0.000000
PrimaryPlaySpeed: 1.000000
CleanupBehaviorChanged: 0
=====================================

===== PRIMARYFIRST StopMotion =====
OwnerEntityAddress: EBB66E10
OwnerEntity: PC_Hero
MotionType: 0
Stage: REQUEST_BEFORE_ORIGINAL
ElapsedMs: 274316.172
PrimarySnapshotAvailable: 1
PrimaryMotionName: 
PrimaryHasMotionInstance: 0
PrimaryMotionRunning: 0
PrimaryPlayTime: 0.000000
PrimaryMaxTime: 0.000000
PrimaryPlaySpeed: 0.000000
Stage: RESULT_AFTER_ORIGINAL
ElapsedMs: 274316.173
PrimarySnapshotAvailable: 1
PrimaryMotionName: 
PrimaryHasMotionInstance: 0
PrimaryMotionRunning: 0
PrimaryPlayTime: 0.000000
PrimaryMaxTime: 0.000000
PrimaryPlaySpeed: 0.000000
CleanupBehaviorChanged: 0
=====================================

===== PRIMARYFIRST PlayMotion =====
OwnerEntityAddress: EBB66E10
OwnerEntity: PC_Hero
MotionType: 0
Stage: REQUEST_BEFORE_ORIGINAL
ElapsedMs: 274316.218
PrimarySnapshotAvailable: 1
PrimaryMotionName: 
PrimaryHasMotionInstance: 0
PrimaryMotionRunning: 0
PrimaryPlayTime: 0.000000
PrimaryMaxTime: 0.000000
PrimaryPlaySpeed: 0.000000
Stage: RESULT_AFTER_ORIGINAL
ElapsedMs: 274316.229
PrimarySnapshotAvailable: 1
PrimaryMotionName: Hero_Parade_None_2H_P0_FinishingAttack_Raise_N_Fwd_00_%_00_P0_0.xmot
PrimaryHasMotionInstance: 1
PrimaryMotionRunning: 1
PrimaryPlayTime: 0.000000
PrimaryMaxTime: 0.960000
PrimaryPlaySpeed: 1.000000
CleanupBehaviorChanged: 0
=====================================

===== PRIMARYFIRST StopMotion =====
OwnerEntityAddress: EBB66E10
OwnerEntity: PC_Hero
MotionType: 0
Stage: REQUEST_BEFORE_ORIGINAL
ElapsedMs: 275280.615
PrimarySnapshotAvailable: 1
PrimaryMotionName: 
PrimaryHasMotionInstance: 0
PrimaryMotionRunning: 0
PrimaryPlayTime: 0.000000
PrimaryMaxTime: 0.000000
PrimaryPlaySpeed: 0.000000
Stage: RESULT_AFTER_ORIGINAL
ElapsedMs: 275280.616
PrimarySnapshotAvailable: 1
PrimaryMotionName: 
PrimaryHasMotionInstance: 0
PrimaryMotionRunning: 0
PrimaryPlayTime: 0.000000
PrimaryMaxTime: 0.000000
PrimaryPlaySpeed: 0.000000
CleanupBehaviorChanged: 0
=====================================

===== PRIMARYFIRST PlayMotion =====
OwnerEntityAddress: EBB66E10
OwnerEntity: PC_Hero
MotionType: 0
Stage: REQUEST_BEFORE_ORIGINAL
ElapsedMs: 275280.664
PrimarySnapshotAvailable: 1
PrimaryMotionName: 
PrimaryHasMotionInstance: 0
PrimaryMotionRunning: 0
PrimaryPlayTime: 0.000000
PrimaryMaxTime: 0.000000
PrimaryPlaySpeed: 0.000000
Stage: RESULT_AFTER_ORIGINAL
ElapsedMs: 275280.676
PrimarySnapshotAvailable: 1
PrimaryMotionName: Hero_Parade_None_2H_P0_FinishingAttack_Hit_N_Fwd_00_%_00_P1_100.xmot
PrimaryHasMotionInstance: 1
PrimaryMotionRunning: 1
PrimaryPlayTime: 0.000000
PrimaryMaxTime: 0.480000
PrimaryPlaySpeed: 1.000000
CleanupBehaviorChanged: 0
=====================================

===== ENGINE SetCollisionGroup =====
ElapsedMs: 275280.728
Entity: It_2H_Sword_Flamberge
ChangedEntityAddress: E27B4610
PlayerSlotMatch: RIGHT
PlayerAction: 14
PlayerAniPhase: 1
PlayerPrimaryPose: 1
PlayerStateTime: 0.965936
PlayerStatePosition: 0
PlayerCurrentMovementAni: Hero_Parade_None_2H_P0_FinishingAttack_Hit_N_Fwd_00_%_00_P1_100.xmot
PlayerLeftItem: <none>
PlayerLeftItemAddress: 00000000
PlayerLeftUseType: -1
PlayerLeftCollisionGroup: -1
PlayerRightItem: It_2H_Sword_Flamberge
PlayerRightItemAddress: E27B4610
PlayerRightUseType: 3
PlayerRightCollisionGroup: 7
RequestedGroup: 7
BeforeGroup: 5
AfterGroup: 7
Item_EquippedValue: 5
Item_AttackValue: 7
RetiredMarkerExecutionCount: 0
====================================

===== COMBATMOVE STARTRECOVER BEGIN =====
ActorAddress: EBB66E10
Actor: PC_Hero
CurrentAction: 14
CurrentAniPhase: 1
CurrentMovementAni: Hero_Parade_None_2H_P0_FinishingAttack_Hit_N_Fwd_00_%_00_P1_100.xmot
Stage: BEGIN
ElapsedMs: 275775.335
PrimarySnapshotAvailable: 1
PrimaryMotionName: Hero_Parade_None_2H_P0_FinishingAttack_Hit_N_Fwd_00_%_00_P1_100.xmot
PrimaryHasMotionInstance: 1
PrimaryMotionRunning: 1
PrimaryPlayTime: 0.479990
PrimaryMaxTime: 0.480000
PrimaryPlaySpeed: 0.000000
LeftHandSourceResolved: 0
RightHandSourceResolved: 1
RightHandSource: It_2H_Sword_Flamberge
RightHandSourceAddress: E27B4610
RightHandSourceCollisionGroup: 7
CleanupBehaviorChanged: 0
=========================================

===== PRIMARYFIRST StopMotion =====
OwnerEntityAddress: EBB66E10
OwnerEntity: PC_Hero
MotionType: 0
Stage: REQUEST_BEFORE_ORIGINAL
ElapsedMs: 275775.399
PrimarySnapshotAvailable: 1
PrimaryMotionName: 
PrimaryHasMotionInstance: 0
PrimaryMotionRunning: 0
PrimaryPlayTime: 0.000000
PrimaryMaxTime: 0.000000
PrimaryPlaySpeed: 0.000000
Stage: RESULT_AFTER_ORIGINAL
ElapsedMs: 275775.399
PrimarySnapshotAvailable: 1
PrimaryMotionName: 
PrimaryHasMotionInstance: 0
PrimaryMotionRunning: 0
PrimaryPlayTime: 0.000000
PrimaryMaxTime: 0.000000
PrimaryPlaySpeed: 0.000000
CleanupBehaviorChanged: 0
=====================================

===== PRIMARYFIRST PlayMotion =====
OwnerEntityAddress: EBB66E10
OwnerEntity: PC_Hero
MotionType: 0
Stage: REQUEST_BEFORE_ORIGINAL
ElapsedMs: 275775.422
PrimarySnapshotAvailable: 1
PrimaryMotionName: 
PrimaryHasMotionInstance: 0
PrimaryMotionRunning: 0
PrimaryPlayTime: 0.000000
PrimaryMaxTime: 0.000000
PrimaryPlaySpeed: 0.000000
Stage: RESULT_AFTER_ORIGINAL
ElapsedMs: 275775.434
PrimarySnapshotAvailable: 1
PrimaryMotionName: Hero_Parade_None_2H_P1_FinishingAttack_Recover_N_Fwd_00_%_00_P0_0.xmot
PrimaryHasMotionInstance: 1
PrimaryMotionRunning: 1
PrimaryPlayTime: 0.000000
PrimaryMaxTime: 0.880000
PrimaryPlaySpeed: 1.000000
CleanupBehaviorChanged: 0
=====================================

===== COMBATMOVE STARTRECOVER END =====
ActorAddress: EBB66E10
Actor: PC_Hero
CurrentAction: 14
CurrentAniPhase: 3
CurrentMovementAni: Hero_Parade_None_2H_P0_FinishingAttack_Hit_N_Fwd_00_%_00_P1_100.xmot
Stage: END
ElapsedMs: 275775.456
PrimarySnapshotAvailable: 1
PrimaryMotionName: Hero_Parade_None_2H_P1_FinishingAttack_Recover_N_Fwd_00_%_00_P0_0.xmot
PrimaryHasMotionInstance: 1
PrimaryMotionRunning: 1
PrimaryPlayTime: 0.000000
PrimaryMaxTime: 0.880000
PrimaryPlaySpeed: 1.000000
LeftHandSourceResolved: 0
RightHandSourceResolved: 1
RightHandSource: It_2H_Sword_Flamberge
RightHandSourceAddress: E27B4610
RightHandSourceCollisionGroup: 7
CleanupBehaviorChanged: 0
=========================================

===== ENGINE SetCollisionGroup =====
ElapsedMs: 275775.511
Entity: It_2H_Sword_Flamberge
ChangedEntityAddress: E27B4610
PlayerSlotMatch: RIGHT
PlayerAction: 14
PlayerAniPhase: 3
PlayerPrimaryPose: 2
PlayerStateTime: 1.458755
PlayerStatePosition: 1
PlayerCurrentMovementAni: Hero_Parade_None_2H_P0_FinishingAttack_Hit_N_Fwd_00_%_00_P1_100.xmot
PlayerLeftItem: <none>
PlayerLeftItemAddress: 00000000
PlayerLeftUseType: -1
PlayerLeftCollisionGroup: -1
PlayerRightItem: It_2H_Sword_Flamberge
PlayerRightItemAddress: E27B4610
PlayerRightUseType: 3
PlayerRightCollisionGroup: 5
RequestedGroup: 5
BeforeGroup: 7
AfterGroup: 5
Item_EquippedValue: 5
Item_AttackValue: 7
RetiredMarkerExecutionCount: 0
====================================

===== PRIMARYFIRST StopMotion =====
OwnerEntityAddress: EBB66E10
OwnerEntity: PC_Hero
MotionType: 0
Stage: REQUEST_BEFORE_ORIGINAL
ElapsedMs: 275775.557
PrimarySnapshotAvailable: 1
PrimaryMotionName: 
PrimaryHasMotionInstance: 0
PrimaryMotionRunning: 0
PrimaryPlayTime: 0.000000
PrimaryMaxTime: 0.000000
PrimaryPlaySpeed: 0.000000
Stage: RESULT_AFTER_ORIGINAL
ElapsedMs: 275775.557
PrimarySnapshotAvailable: 1
PrimaryMotionName: 
PrimaryHasMotionInstance: 0
PrimaryMotionRunning: 0
PrimaryPlayTime: 0.000000
PrimaryMaxTime: 0.000000
PrimaryPlaySpeed: 0.000000
CleanupBehaviorChanged: 0
=====================================

===== PRIMARYFIRST PlayMotion =====
OwnerEntityAddress: EBB66E10
OwnerEntity: PC_Hero
MotionType: 0
Stage: REQUEST_BEFORE_ORIGINAL
ElapsedMs: 275775.581
PrimarySnapshotAvailable: 1
PrimaryMotionName: 
PrimaryHasMotionInstance: 0
PrimaryMotionRunning: 0
PrimaryPlayTime: 0.000000
PrimaryMaxTime: 0.000000
PrimaryPlaySpeed: 0.000000
Stage: RESULT_AFTER_ORIGINAL
ElapsedMs: 275775.590
PrimarySnapshotAvailable: 1
PrimaryMotionName: Hero_Parade_None_2H_P1_FinishingAttack_Recover_N_Fwd_00_%_00_P0_0.xmot
PrimaryHasMotionInstance: 1
PrimaryMotionRunning: 1
PrimaryPlayTime: 0.000000
PrimaryMaxTime: 0.880000
PrimaryPlaySpeed: 1.000000
CleanupBehaviorChanged: 0
=====================================

===== PRIMARYFIRST PlayMotion =====
OwnerEntityAddress: EBB66E10
OwnerEntity: PC_Hero
MotionType: 0
Stage: REQUEST_BEFORE_ORIGINAL
ElapsedMs: 276665.994
PrimarySnapshotAvailable: 1
PrimaryMotionName: 
PrimaryHasMotionInstance: 0
PrimaryMotionRunning: 0
PrimaryPlayTime: 0.000000
PrimaryMaxTime: 0.000000
PrimaryPlaySpeed: 0.000000
Stage: RESULT_AFTER_ORIGINAL
ElapsedMs: 276666.007
PrimarySnapshotAvailable: 1
PrimaryMotionName: Hero_Parade_None_2H_P0_Ambient_Loop_N_Fwd_00_%_00_P0_0.xmot
PrimaryHasMotionInstance: 1
PrimaryMotionRunning: 1
PrimaryPlayTime: 0.000000
PrimaryMaxTime: 0.000000
PrimaryPlaySpeed: 1.000000
CleanupBehaviorChanged: 0
=====================================

===== PRIMARYFIRST PlayMotion =====
OwnerEntityAddress: EBB66E10
OwnerEntity: PC_Hero
MotionType: 0
Stage: REQUEST_BEFORE_ORIGINAL
ElapsedMs: 276910.588
PrimarySnapshotAvailable: 1
PrimaryMotionName: 
PrimaryHasMotionInstance: 0
PrimaryMotionRunning: 0
PrimaryPlayTime: 0.000000
PrimaryMaxTime: 0.000000
PrimaryPlaySpeed: 0.000000
Stage: RESULT_AFTER_ORIGINAL
ElapsedMs: 276910.601
PrimarySnapshotAvailable: 1
PrimaryMotionName: Hero_Stand_None_2H_P0_Ambient_Loop_N_Fwd_00_%_00_P0_0.xmot
PrimaryHasMotionInstance: 1
PrimaryMotionRunning: 1
PrimaryPlayTime: 0.000000
PrimaryMaxTime: 4.000000
PrimaryPlaySpeed: 1.000000
CleanupBehaviorChanged: 0
=====================================

===== PRIMARYFIRST PlayMotion =====
OwnerEntityAddress: EBB66E10
OwnerEntity: PC_Hero
MotionType: 0
Stage: REQUEST_BEFORE_ORIGINAL
ElapsedMs: 277108.314
PrimarySnapshotAvailable: 1
PrimaryMotionName: 
PrimaryHasMotionInstance: 0
PrimaryMotionRunning: 0
PrimaryPlayTime: 0.000000
PrimaryMaxTime: 0.000000
PrimaryPlaySpeed: 0.000000
Stage: RESULT_AFTER_ORIGINAL
ElapsedMs: 277108.327
PrimarySnapshotAvailable: 1
PrimaryMotionName: Hero_Parade_None_2H_P0_Ambient_Loop_N_Fwd_00_%_00_P0_0.xmot
PrimaryHasMotionInstance: 1
PrimaryMotionRunning: 1
PrimaryPlayTime: 0.000000
PrimaryMaxTime: 0.000000
PrimaryPlaySpeed: 1.000000
CleanupBehaviorChanged: 0
=====================================

===== PRIMARYFIRST StopMotion =====
OwnerEntityAddress: EBB66E10
OwnerEntity: PC_Hero
MotionType: 0
Stage: REQUEST_BEFORE_ORIGINAL
ElapsedMs: 278316.288
PrimarySnapshotAvailable: 1
PrimaryMotionName: 
PrimaryHasMotionInstance: 0
PrimaryMotionRunning: 0
PrimaryPlayTime: 0.000000
PrimaryMaxTime: 0.000000
PrimaryPlaySpeed: 0.000000
Stage: RESULT_AFTER_ORIGINAL
ElapsedMs: 278316.289
PrimarySnapshotAvailable: 1
PrimaryMotionName: 
PrimaryHasMotionInstance: 0
PrimaryMotionRunning: 0
PrimaryPlayTime: 0.000000
PrimaryMaxTime: 0.000000
PrimaryPlaySpeed: 0.000000
CleanupBehaviorChanged: 0
=====================================

===== PRIMARYFIRST PlayMotion =====
OwnerEntityAddress: EBB66E10
OwnerEntity: PC_Hero
MotionType: 0
Stage: REQUEST_BEFORE_ORIGINAL
ElapsedMs: 278316.339
PrimarySnapshotAvailable: 1
PrimaryMotionName: 
PrimaryHasMotionInstance: 0
PrimaryMotionRunning: 0
PrimaryPlayTime: 0.000000
PrimaryMaxTime: 0.000000
PrimaryPlaySpeed: 0.000000
Stage: RESULT_AFTER_ORIGINAL
ElapsedMs: 278316.351
PrimarySnapshotAvailable: 1
PrimaryMotionName: Hero_Parade_None_2H_P0_FinishingAttack_Raise_N_Fwd_00_%_00_P0_0.xmot
PrimaryHasMotionInstance: 1
PrimaryMotionRunning: 1
PrimaryPlayTime: 0.000000
PrimaryMaxTime: 0.960000
PrimaryPlaySpeed: 1.000000
CleanupBehaviorChanged: 0
=====================================

===== PRIMARYFIRST StopMotion =====
OwnerEntityAddress: EBB66E10
OwnerEntity: PC_Hero
MotionType: 0
Stage: REQUEST_BEFORE_ORIGINAL
ElapsedMs: 279283.740
PrimarySnapshotAvailable: 1
PrimaryMotionName: 
PrimaryHasMotionInstance: 0
PrimaryMotionRunning: 0
PrimaryPlayTime: 0.000000
PrimaryMaxTime: 0.000000
PrimaryPlaySpeed: 0.000000
Stage: RESULT_AFTER_ORIGINAL
ElapsedMs: 279283.741
PrimarySnapshotAvailable: 1
PrimaryMotionName: 
PrimaryHasMotionInstance: 0
PrimaryMotionRunning: 0
PrimaryPlayTime: 0.000000
PrimaryMaxTime: 0.000000
PrimaryPlaySpeed: 0.000000
CleanupBehaviorChanged: 0
=====================================

===== PRIMARYFIRST PlayMotion =====
OwnerEntityAddress: EBB66E10
OwnerEntity: PC_Hero
MotionType: 0
Stage: REQUEST_BEFORE_ORIGINAL
ElapsedMs: 279283.788
PrimarySnapshotAvailable: 1
PrimaryMotionName: 
PrimaryHasMotionInstance: 0
PrimaryMotionRunning: 0
PrimaryPlayTime: 0.000000
PrimaryMaxTime: 0.000000
PrimaryPlaySpeed: 0.000000
Stage: RESULT_AFTER_ORIGINAL
ElapsedMs: 279283.799
PrimarySnapshotAvailable: 1
PrimaryMotionName: Hero_Parade_None_2H_P0_FinishingAttack_Hit_N_Fwd_00_%_00_P1_100.xmot
PrimaryHasMotionInstance: 1
PrimaryMotionRunning: 1
PrimaryPlayTime: 0.000000
PrimaryMaxTime: 0.480000
PrimaryPlaySpeed: 1.000000
CleanupBehaviorChanged: 0
=====================================

===== ENGINE SetCollisionGroup =====
ElapsedMs: 279283.847
Entity: It_2H_Sword_Flamberge
ChangedEntityAddress: E27B4610
PlayerSlotMatch: RIGHT
PlayerAction: 14
PlayerAniPhase: 1
PlayerPrimaryPose: 1
PlayerStateTime: 0.966941
PlayerStatePosition: 0
PlayerCurrentMovementAni: Hero_Parade_None_2H_P0_FinishingAttack_Hit_N_Fwd_00_%_00_P1_100.xmot
PlayerLeftItem: <none>
PlayerLeftItemAddress: 00000000
PlayerLeftUseType: -1
PlayerLeftCollisionGroup: -1
PlayerRightItem: It_2H_Sword_Flamberge
PlayerRightItemAddress: E27B4610
PlayerRightUseType: 3
PlayerRightCollisionGroup: 7
RequestedGroup: 7
BeforeGroup: 5
AfterGroup: 7
Item_EquippedValue: 5
Item_AttackValue: 7
RetiredMarkerExecutionCount: 0
====================================

===== COMBATMOVE STARTRECOVER BEGIN =====
ActorAddress: EBB66E10
Actor: PC_Hero
CurrentAction: 14
CurrentAniPhase: 1
CurrentMovementAni: Hero_Parade_None_2H_P0_FinishingAttack_Hit_N_Fwd_00_%_00_P1_100.xmot
Stage: BEGIN
ElapsedMs: 279766.293
PrimarySnapshotAvailable: 1
PrimaryMotionName: Hero_Parade_None_2H_P0_FinishingAttack_Hit_N_Fwd_00_%_00_P1_100.xmot
PrimaryHasMotionInstance: 1
PrimaryMotionRunning: 1
PrimaryPlayTime: 0.479990
PrimaryMaxTime: 0.480000
PrimaryPlaySpeed: 0.000000
LeftHandSourceResolved: 0
RightHandSourceResolved: 1
RightHandSource: It_2H_Sword_Flamberge
RightHandSourceAddress: E27B4610
RightHandSourceCollisionGroup: 7
CleanupBehaviorChanged: 0
=========================================

===== PRIMARYFIRST StopMotion =====
OwnerEntityAddress: EBB66E10
OwnerEntity: PC_Hero
MotionType: 0
Stage: REQUEST_BEFORE_ORIGINAL
ElapsedMs: 279766.355
PrimarySnapshotAvailable: 1
PrimaryMotionName: 
PrimaryHasMotionInstance: 0
PrimaryMotionRunning: 0
PrimaryPlayTime: 0.000000
PrimaryMaxTime: 0.000000
PrimaryPlaySpeed: 0.000000
Stage: RESULT_AFTER_ORIGINAL
ElapsedMs: 279766.355
PrimarySnapshotAvailable: 1
PrimaryMotionName: 
PrimaryHasMotionInstance: 0
PrimaryMotionRunning: 0
PrimaryPlayTime: 0.000000
PrimaryMaxTime: 0.000000
PrimaryPlaySpeed: 0.000000
CleanupBehaviorChanged: 0
=====================================

===== PRIMARYFIRST PlayMotion =====
OwnerEntityAddress: EBB66E10
OwnerEntity: PC_Hero
MotionType: 0
Stage: REQUEST_BEFORE_ORIGINAL
ElapsedMs: 279766.383
PrimarySnapshotAvailable: 1
PrimaryMotionName: 
PrimaryHasMotionInstance: 0
PrimaryMotionRunning: 0
PrimaryPlayTime: 0.000000
PrimaryMaxTime: 0.000000
PrimaryPlaySpeed: 0.000000
Stage: RESULT_AFTER_ORIGINAL
ElapsedMs: 279766.394
PrimarySnapshotAvailable: 1
PrimaryMotionName: Hero_Parade_None_2H_P1_FinishingAttack_Recover_N_Fwd_00_%_00_P0_0.xmot
PrimaryHasMotionInstance: 1
PrimaryMotionRunning: 1
PrimaryPlayTime: 0.000000
PrimaryMaxTime: 0.880000
PrimaryPlaySpeed: 1.000000
CleanupBehaviorChanged: 0
=====================================

===== COMBATMOVE STARTRECOVER END =====
ActorAddress: EBB66E10
Actor: PC_Hero
CurrentAction: 14
CurrentAniPhase: 3
CurrentMovementAni: Hero_Parade_None_2H_P0_FinishingAttack_Hit_N_Fwd_00_%_00_P1_100.xmot
Stage: END
ElapsedMs: 279766.420
PrimarySnapshotAvailable: 1
PrimaryMotionName: Hero_Parade_None_2H_P1_FinishingAttack_Recover_N_Fwd_00_%_00_P0_0.xmot
PrimaryHasMotionInstance: 1
PrimaryMotionRunning: 1
PrimaryPlayTime: 0.000000
PrimaryMaxTime: 0.880000
PrimaryPlaySpeed: 1.000000
LeftHandSourceResolved: 0
RightHandSourceResolved: 1
RightHandSource: It_2H_Sword_Flamberge
RightHandSourceAddress: E27B4610
RightHandSourceCollisionGroup: 7
CleanupBehaviorChanged: 0
=========================================

===== ENGINE SetCollisionGroup =====
ElapsedMs: 279766.475
Entity: It_2H_Sword_Flamberge
ChangedEntityAddress: E27B4610
PlayerSlotMatch: RIGHT
PlayerAction: 14
PlayerAniPhase: 3
PlayerPrimaryPose: 2
PlayerStateTime: 1.448880
PlayerStatePosition: 1
PlayerCurrentMovementAni: Hero_Parade_None_2H_P0_FinishingAttack_Hit_N_Fwd_00_%_00_P1_100.xmot
PlayerLeftItem: <none>
PlayerLeftItemAddress: 00000000
PlayerLeftUseType: -1
PlayerLeftCollisionGroup: -1
PlayerRightItem: It_2H_Sword_Flamberge
PlayerRightItemAddress: E27B4610
PlayerRightUseType: 3
PlayerRightCollisionGroup: 5
RequestedGroup: 5
BeforeGroup: 7
AfterGroup: 5
Item_EquippedValue: 5
Item_AttackValue: 7
RetiredMarkerExecutionCount: 0
====================================

===== PRIMARYFIRST StopMotion =====
OwnerEntityAddress: EBB66E10
OwnerEntity: PC_Hero
MotionType: 0
Stage: REQUEST_BEFORE_ORIGINAL
ElapsedMs: 279766.515
PrimarySnapshotAvailable: 1
PrimaryMotionName: 
PrimaryHasMotionInstance: 0
PrimaryMotionRunning: 0
PrimaryPlayTime: 0.000000
PrimaryMaxTime: 0.000000
PrimaryPlaySpeed: 0.000000
Stage: RESULT_AFTER_ORIGINAL
ElapsedMs: 279766.516
PrimarySnapshotAvailable: 1
PrimaryMotionName: 
PrimaryHasMotionInstance: 0
PrimaryMotionRunning: 0
PrimaryPlayTime: 0.000000
PrimaryMaxTime: 0.000000
PrimaryPlaySpeed: 0.000000
CleanupBehaviorChanged: 0
=====================================

===== PRIMARYFIRST PlayMotion =====
OwnerEntityAddress: EBB66E10
OwnerEntity: PC_Hero
MotionType: 0
Stage: REQUEST_BEFORE_ORIGINAL
ElapsedMs: 279766.537
PrimarySnapshotAvailable: 1
PrimaryMotionName: 
PrimaryHasMotionInstance: 0
PrimaryMotionRunning: 0
PrimaryPlayTime: 0.000000
PrimaryMaxTime: 0.000000
PrimaryPlaySpeed: 0.000000
Stage: RESULT_AFTER_ORIGINAL
ElapsedMs: 279766.545
PrimarySnapshotAvailable: 1
PrimaryMotionName: Hero_Parade_None_2H_P1_FinishingAttack_Recover_N_Fwd_00_%_00_P0_0.xmot
PrimaryHasMotionInstance: 1
PrimaryMotionRunning: 1
PrimaryPlayTime: 0.000000
PrimaryMaxTime: 0.880000
PrimaryPlaySpeed: 1.000000
CleanupBehaviorChanged: 0
=====================================

===== PRIMARYFIRST StopMotion =====
OwnerEntityAddress: EBB66E10
OwnerEntity: PC_Hero
MotionType: 0
Stage: REQUEST_BEFORE_ORIGINAL
ElapsedMs: 280657.219
PrimarySnapshotAvailable: 1
PrimaryMotionName: Hero_Parade_None_2H_P1_FinishingAttack_Recover_N_Fwd_00_%_00_P0_0.xmot
PrimaryHasMotionInstance: 1
PrimaryMotionRunning: 1
PrimaryPlayTime: 0.879990
PrimaryMaxTime: 0.880000
PrimaryPlaySpeed: 0.000000
Stage: RESULT_AFTER_ORIGINAL
ElapsedMs: 280657.221
PrimarySnapshotAvailable: 1
PrimaryMotionName: 
PrimaryHasMotionInstance: 0
PrimaryMotionRunning: 0
PrimaryPlayTime: 0.000000
PrimaryMaxTime: 0.000000
PrimaryPlaySpeed: 0.000000
CleanupBehaviorChanged: 0
=====================================

===== PRIMARYFIRST PlayMotion =====
OwnerEntityAddress: EBB66E10
OwnerEntity: PC_Hero
MotionType: 0
Stage: REQUEST_BEFORE_ORIGINAL
ElapsedMs: 280657.273
PrimarySnapshotAvailable: 1
PrimaryMotionName: 
PrimaryHasMotionInstance: 0
PrimaryMotionRunning: 0
PrimaryPlayTime: 0.000000
PrimaryMaxTime: 0.000000
PrimaryPlaySpeed: 0.000000
Stage: RESULT_AFTER_ORIGINAL
ElapsedMs: 280660.659
PrimarySnapshotAvailable: 1
PrimaryMotionName: Hero_Parade_None_2H_P0_Move_Turn90_N_Left_00_%_00_P0_0.xmot
PrimaryHasMotionInstance: 1
PrimaryMotionRunning: 1
PrimaryPlayTime: 0.000000
PrimaryMaxTime: 0.800000
PrimaryPlaySpeed: 1.000000
CleanupBehaviorChanged: 0
=====================================

===== PRIMARYFIRST PlayMotion =====
OwnerEntityAddress: EBB66E10
OwnerEntity: PC_Hero
MotionType: 0
Stage: REQUEST_BEFORE_ORIGINAL
ElapsedMs: 280680.097
PrimarySnapshotAvailable: 1
PrimaryMotionName: 
PrimaryHasMotionInstance: 0
PrimaryMotionRunning: 0
PrimaryPlayTime: 0.000000
PrimaryMaxTime: 0.000000
PrimaryPlaySpeed: 0.000000
Stage: RESULT_AFTER_ORIGINAL
ElapsedMs: 280680.109
PrimarySnapshotAvailable: 1
PrimaryMotionName: Hero_Parade_None_2H_P0_Ambient_Loop_N_Fwd_00_%_00_P0_0.xmot
PrimaryHasMotionInstance: 1
PrimaryMotionRunning: 1
PrimaryPlayTime: 0.000000
PrimaryMaxTime: 0.000000
PrimaryPlaySpeed: 1.000000
CleanupBehaviorChanged: 0
=====================================

===== PRIMARYFIRST PlayMotion =====
OwnerEntityAddress: EBB66E10
OwnerEntity: PC_Hero
MotionType: 0
Stage: REQUEST_BEFORE_ORIGINAL
ElapsedMs: 280926.166
PrimarySnapshotAvailable: 1
PrimaryMotionName: 
PrimaryHasMotionInstance: 0
PrimaryMotionRunning: 0
PrimaryPlayTime: 0.000000
PrimaryMaxTime: 0.000000
PrimaryPlaySpeed: 0.000000
Stage: RESULT_AFTER_ORIGINAL
ElapsedMs: 280926.180
PrimarySnapshotAvailable: 1
PrimaryMotionName: Hero_Stand_None_2H_P0_Ambient_Loop_N_Fwd_00_%_00_P0_0.xmot
PrimaryHasMotionInstance: 1
PrimaryMotionRunning: 1
PrimaryPlayTime: 0.000000
PrimaryMaxTime: 4.000000
PrimaryPlaySpeed: 1.000000
CleanupBehaviorChanged: 0
=====================================

===== PRIMARYFIRST PlayMotion =====
OwnerEntityAddress: EBB66E10
OwnerEntity: PC_Hero
MotionType: 0
Stage: REQUEST_BEFORE_ORIGINAL
ElapsedMs: 281180.481
PrimarySnapshotAvailable: 1
PrimaryMotionName: 
PrimaryHasMotionInstance: 0
PrimaryMotionRunning: 0
PrimaryPlayTime: 0.000000
PrimaryMaxTime: 0.000000
PrimaryPlaySpeed: 0.000000
Stage: RESULT_AFTER_ORIGINAL
ElapsedMs: 281180.494
PrimarySnapshotAvailable: 1
PrimaryMotionName: Hero_Parade_None_2H_P0_Ambient_Loop_N_Fwd_00_%_00_P0_0.xmot
PrimaryHasMotionInstance: 1
PrimaryMotionRunning: 1
PrimaryPlayTime: 0.000000
PrimaryMaxTime: 0.000000
PrimaryPlaySpeed: 1.000000
CleanupBehaviorChanged: 0
=====================================

===== PRIMARYFIRST StopMotion =====
OwnerEntityAddress: EBB66E10
OwnerEntity: PC_Hero
MotionType: 0
Stage: REQUEST_BEFORE_ORIGINAL
ElapsedMs: 283091.389
PrimarySnapshotAvailable: 1
PrimaryMotionName: 
PrimaryHasMotionInstance: 0
PrimaryMotionRunning: 0
PrimaryPlayTime: 0.000000
PrimaryMaxTime: 0.000000
PrimaryPlaySpeed: 0.000000
Stage: RESULT_AFTER_ORIGINAL
ElapsedMs: 283091.390
PrimarySnapshotAvailable: 1
PrimaryMotionName: 
PrimaryHasMotionInstance: 0
PrimaryMotionRunning: 0
PrimaryPlayTime: 0.000000
PrimaryMaxTime: 0.000000
PrimaryPlaySpeed: 0.000000
CleanupBehaviorChanged: 0
=====================================

===== PRIMARYFIRST PlayMotion =====
OwnerEntityAddress: EBB66E10
OwnerEntity: PC_Hero
MotionType: 0
Stage: REQUEST_BEFORE_ORIGINAL
ElapsedMs: 283091.471
PrimarySnapshotAvailable: 1
PrimaryMotionName: 
PrimaryHasMotionInstance: 0
PrimaryMotionRunning: 0
PrimaryPlayTime: 0.000000
PrimaryMaxTime: 0.000000
PrimaryPlaySpeed: 0.000000
Stage: RESULT_AFTER_ORIGINAL
ElapsedMs: 283091.496
PrimarySnapshotAvailable: 1
PrimaryMotionName: Hero_Parade_None_2H_P0_FinishingAttack_Raise_N_Fwd_00_%_00_P0_0.xmot
PrimaryHasMotionInstance: 1
PrimaryMotionRunning: 1
PrimaryPlayTime: 0.000000
PrimaryMaxTime: 0.960000
PrimaryPlaySpeed: 1.000000
CleanupBehaviorChanged: 0
=====================================

===== PRIMARYFIRST StopMotion =====
OwnerEntityAddress: EBB66E10
OwnerEntity: PC_Hero
MotionType: 0
Stage: REQUEST_BEFORE_ORIGINAL
ElapsedMs: 284052.302
PrimarySnapshotAvailable: 1
PrimaryMotionName: 
PrimaryHasMotionInstance: 0
PrimaryMotionRunning: 0
PrimaryPlayTime: 0.000000
PrimaryMaxTime: 0.000000
PrimaryPlaySpeed: 0.000000
Stage: RESULT_AFTER_ORIGINAL
ElapsedMs: 284052.303
PrimarySnapshotAvailable: 1
PrimaryMotionName: 
PrimaryHasMotionInstance: 0
PrimaryMotionRunning: 0
PrimaryPlayTime: 0.000000
PrimaryMaxTime: 0.000000
PrimaryPlaySpeed: 0.000000
CleanupBehaviorChanged: 0
=====================================

===== PRIMARYFIRST PlayMotion =====
OwnerEntityAddress: EBB66E10
OwnerEntity: PC_Hero
MotionType: 0
Stage: REQUEST_BEFORE_ORIGINAL
ElapsedMs: 284052.348
PrimarySnapshotAvailable: 1
PrimaryMotionName: 
PrimaryHasMotionInstance: 0
PrimaryMotionRunning: 0
PrimaryPlayTime: 0.000000
PrimaryMaxTime: 0.000000
PrimaryPlaySpeed: 0.000000
Stage: RESULT_AFTER_ORIGINAL
ElapsedMs: 284052.359
PrimarySnapshotAvailable: 1
PrimaryMotionName: Hero_Parade_None_2H_P0_FinishingAttack_Hit_N_Fwd_00_%_00_P1_100.xmot
PrimaryHasMotionInstance: 1
PrimaryMotionRunning: 1
PrimaryPlayTime: 0.000000
PrimaryMaxTime: 0.480000
PrimaryPlaySpeed: 1.000000
CleanupBehaviorChanged: 0
=====================================

===== ENGINE SetCollisionGroup =====
ElapsedMs: 284052.410
Entity: It_2H_Sword_Flamberge
ChangedEntityAddress: E27B4610
PlayerSlotMatch: RIGHT
PlayerAction: 14
PlayerAniPhase: 1
PlayerPrimaryPose: 1
PlayerStateTime: 0.960958
PlayerStatePosition: 0
PlayerCurrentMovementAni: Hero_Parade_None_2H_P0_FinishingAttack_Hit_N_Fwd_00_%_00_P1_100.xmot
PlayerLeftItem: <none>
PlayerLeftItemAddress: 00000000
PlayerLeftUseType: -1
PlayerLeftCollisionGroup: -1
PlayerRightItem: It_2H_Sword_Flamberge
PlayerRightItemAddress: E27B4610
PlayerRightUseType: 3
PlayerRightCollisionGroup: 7
RequestedGroup: 7
BeforeGroup: 5
AfterGroup: 7
Item_EquippedValue: 5
Item_AttackValue: 7
RetiredMarkerExecutionCount: 0
====================================

===== COMBATMOVE STARTRECOVER BEGIN =====
ActorAddress: EBB66E10
Actor: PC_Hero
CurrentAction: 14
CurrentAniPhase: 1
CurrentMovementAni: Hero_Parade_None_2H_P0_FinishingAttack_Hit_N_Fwd_00_%_00_P1_100.xmot
Stage: BEGIN
ElapsedMs: 284540.471
PrimarySnapshotAvailable: 1
PrimaryMotionName: Hero_Parade_None_2H_P0_FinishingAttack_Hit_N_Fwd_00_%_00_P1_100.xmot
PrimaryHasMotionInstance: 1
PrimaryMotionRunning: 1
PrimaryPlayTime: 0.479990
PrimaryMaxTime: 0.480000
PrimaryPlaySpeed: 0.000000
LeftHandSourceResolved: 0
RightHandSourceResolved: 1
RightHandSource: It_2H_Sword_Flamberge
RightHandSourceAddress: E27B4610
RightHandSourceCollisionGroup: 7
CleanupBehaviorChanged: 0
=========================================

===== PRIMARYFIRST StopMotion =====
OwnerEntityAddress: EBB66E10
OwnerEntity: PC_Hero
MotionType: 0
Stage: REQUEST_BEFORE_ORIGINAL
ElapsedMs: 284540.538
PrimarySnapshotAvailable: 1
PrimaryMotionName: 
PrimaryHasMotionInstance: 0
PrimaryMotionRunning: 0
PrimaryPlayTime: 0.000000
PrimaryMaxTime: 0.000000
PrimaryPlaySpeed: 0.000000
Stage: RESULT_AFTER_ORIGINAL
ElapsedMs: 284540.538
PrimarySnapshotAvailable: 1
PrimaryMotionName: 
PrimaryHasMotionInstance: 0
PrimaryMotionRunning: 0
PrimaryPlayTime: 0.000000
PrimaryMaxTime: 0.000000
PrimaryPlaySpeed: 0.000000
CleanupBehaviorChanged: 0
=====================================

===== PRIMARYFIRST PlayMotion =====
OwnerEntityAddress: EBB66E10
OwnerEntity: PC_Hero
MotionType: 0
Stage: REQUEST_BEFORE_ORIGINAL
ElapsedMs: 284540.565
PrimarySnapshotAvailable: 1
PrimaryMotionName: 
PrimaryHasMotionInstance: 0
PrimaryMotionRunning: 0
PrimaryPlayTime: 0.000000
PrimaryMaxTime: 0.000000
PrimaryPlaySpeed: 0.000000
Stage: RESULT_AFTER_ORIGINAL
ElapsedMs: 284540.579
PrimarySnapshotAvailable: 1
PrimaryMotionName: Hero_Parade_None_2H_P1_FinishingAttack_Recover_N_Fwd_00_%_00_P0_0.xmot
PrimaryHasMotionInstance: 1
PrimaryMotionRunning: 1
PrimaryPlayTime: 0.000000
PrimaryMaxTime: 0.880000
PrimaryPlaySpeed: 1.000000
CleanupBehaviorChanged: 0
=====================================

===== COMBATMOVE STARTRECOVER END =====
ActorAddress: EBB66E10
Actor: PC_Hero
CurrentAction: 14
CurrentAniPhase: 3
CurrentMovementAni: Hero_Parade_None_2H_P0_FinishingAttack_Hit_N_Fwd_00_%_00_P1_100.xmot
Stage: END
ElapsedMs: 284540.603
PrimarySnapshotAvailable: 1
PrimaryMotionName: Hero_Parade_None_2H_P1_FinishingAttack_Recover_N_Fwd_00_%_00_P0_0.xmot
PrimaryHasMotionInstance: 1
PrimaryMotionRunning: 1
PrimaryPlayTime: 0.000000
PrimaryMaxTime: 0.880000
PrimaryPlaySpeed: 1.000000
LeftHandSourceResolved: 0
RightHandSourceResolved: 1
RightHandSource: It_2H_Sword_Flamberge
RightHandSourceAddress: E27B4610
RightHandSourceCollisionGroup: 7
CleanupBehaviorChanged: 0
=========================================

===== ENGINE SetCollisionGroup =====
ElapsedMs: 284540.657
Entity: It_2H_Sword_Flamberge
ChangedEntityAddress: E27B4610
PlayerSlotMatch: RIGHT
PlayerAction: 14
PlayerAniPhase: 3
PlayerPrimaryPose: 2
PlayerStateTime: 1.449906
PlayerStatePosition: 1
PlayerCurrentMovementAni: Hero_Parade_None_2H_P0_FinishingAttack_Hit_N_Fwd_00_%_00_P1_100.xmot
PlayerLeftItem: <none>
PlayerLeftItemAddress: 00000000
PlayerLeftUseType: -1
PlayerLeftCollisionGroup: -1
PlayerRightItem: It_2H_Sword_Flamberge
PlayerRightItemAddress: E27B4610
PlayerRightUseType: 3
PlayerRightCollisionGroup: 5
RequestedGroup: 5
BeforeGroup: 7
AfterGroup: 5
Item_EquippedValue: 5
Item_AttackValue: 7
RetiredMarkerExecutionCount: 0
====================================

===== PRIMARYFIRST StopMotion =====
OwnerEntityAddress: EBB66E10
OwnerEntity: PC_Hero
MotionType: 0
Stage: REQUEST_BEFORE_ORIGINAL
ElapsedMs: 284540.698
PrimarySnapshotAvailable: 1
PrimaryMotionName: 
PrimaryHasMotionInstance: 0
PrimaryMotionRunning: 0
PrimaryPlayTime: 0.000000
PrimaryMaxTime: 0.000000
PrimaryPlaySpeed: 0.000000
Stage: RESULT_AFTER_ORIGINAL
ElapsedMs: 284540.698
PrimarySnapshotAvailable: 1
PrimaryMotionName: 
PrimaryHasMotionInstance: 0
PrimaryMotionRunning: 0
PrimaryPlayTime: 0.000000
PrimaryMaxTime: 0.000000
PrimaryPlaySpeed: 0.000000
CleanupBehaviorChanged: 0
=====================================

===== PRIMARYFIRST PlayMotion =====
OwnerEntityAddress: EBB66E10
OwnerEntity: PC_Hero
MotionType: 0
Stage: REQUEST_BEFORE_ORIGINAL
ElapsedMs: 284540.720
PrimarySnapshotAvailable: 1
PrimaryMotionName: 
PrimaryHasMotionInstance: 0
PrimaryMotionRunning: 0
PrimaryPlayTime: 0.000000
PrimaryMaxTime: 0.000000
PrimaryPlaySpeed: 0.000000
Stage: RESULT_AFTER_ORIGINAL
ElapsedMs: 284540.728
PrimarySnapshotAvailable: 1
PrimaryMotionName: Hero_Parade_None_2H_P1_FinishingAttack_Recover_N_Fwd_00_%_00_P0_0.xmot
PrimaryHasMotionInstance: 1
PrimaryMotionRunning: 1
PrimaryPlayTime: 0.000000
PrimaryMaxTime: 0.880000
PrimaryPlaySpeed: 1.000000
CleanupBehaviorChanged: 0
=====================================

===== PRIMARYFIRST PlayMotion =====
OwnerEntityAddress: EBB66E10
OwnerEntity: PC_Hero
MotionType: 0
Stage: REQUEST_BEFORE_ORIGINAL
ElapsedMs: 285435.254
PrimarySnapshotAvailable: 1
PrimaryMotionName: 
PrimaryHasMotionInstance: 0
PrimaryMotionRunning: 0
PrimaryPlayTime: 0.000000
PrimaryMaxTime: 0.000000
PrimaryPlaySpeed: 0.000000
Stage: RESULT_AFTER_ORIGINAL
ElapsedMs: 285435.268
PrimarySnapshotAvailable: 1
PrimaryMotionName: Hero_Parade_None_2H_P0_Ambient_Loop_N_Fwd_00_%_00_P0_0.xmot
PrimaryHasMotionInstance: 1
PrimaryMotionRunning: 1
PrimaryPlayTime: 0.000000
PrimaryMaxTime: 0.000000
PrimaryPlaySpeed: 1.000000
CleanupBehaviorChanged: 0
=====================================

===== PRIMARYFIRST PlayMotion =====
OwnerEntityAddress: EBB66E10
OwnerEntity: PC_Hero
MotionType: 0
Stage: REQUEST_BEFORE_ORIGINAL
ElapsedMs: 285674.623
PrimarySnapshotAvailable: 1
PrimaryMotionName: 
PrimaryHasMotionInstance: 0
PrimaryMotionRunning: 0
PrimaryPlayTime: 0.000000
PrimaryMaxTime: 0.000000
PrimaryPlaySpeed: 0.000000
Stage: RESULT_AFTER_ORIGINAL
ElapsedMs: 285674.636
PrimarySnapshotAvailable: 1
PrimaryMotionName: Hero_Stand_None_2H_P0_Ambient_Loop_N_Fwd_00_%_00_P0_0.xmot
PrimaryHasMotionInstance: 1
PrimaryMotionRunning: 1
PrimaryPlayTime: 0.000000
PrimaryMaxTime: 4.000000
PrimaryPlaySpeed: 1.000000
CleanupBehaviorChanged: 0
=====================================

===== PRIMARYFIRST PlayMotion =====
OwnerEntityAddress: EBB66E10
OwnerEntity: PC_Hero
MotionType: 0
Stage: REQUEST_BEFORE_ORIGINAL
ElapsedMs: 285923.274
PrimarySnapshotAvailable: 1
PrimaryMotionName: 
PrimaryHasMotionInstance: 0
PrimaryMotionRunning: 0
PrimaryPlayTime: 0.000000
PrimaryMaxTime: 0.000000
PrimaryPlaySpeed: 0.000000
Stage: RESULT_AFTER_ORIGINAL
ElapsedMs: 285923.288
PrimarySnapshotAvailable: 1
PrimaryMotionName: Hero_Parade_None_2H_P0_Ambient_Loop_N_Fwd_00_%_00_P0_0.xmot
PrimaryHasMotionInstance: 1
PrimaryMotionRunning: 1
PrimaryPlayTime: 0.000000
PrimaryMaxTime: 0.000000
PrimaryPlaySpeed: 1.000000
CleanupBehaviorChanged: 0
=====================================

===== PRIMARYFIRST StopMotion =====
OwnerEntityAddress: EBB66E10
OwnerEntity: PC_Hero
MotionType: 0
Stage: REQUEST_BEFORE_ORIGINAL
ElapsedMs: 288119.144
PrimarySnapshotAvailable: 1
PrimaryMotionName: 
PrimaryHasMotionInstance: 0
PrimaryMotionRunning: 0
PrimaryPlayTime: 0.000000
PrimaryMaxTime: 0.000000
PrimaryPlaySpeed: 0.000000
Stage: RESULT_AFTER_ORIGINAL
ElapsedMs: 288119.145
PrimarySnapshotAvailable: 1
PrimaryMotionName: 
PrimaryHasMotionInstance: 0
PrimaryMotionRunning: 0
PrimaryPlayTime: 0.000000
PrimaryMaxTime: 0.000000
PrimaryPlaySpeed: 0.000000
CleanupBehaviorChanged: 0
=====================================

===== PRIMARYFIRST PlayMotion =====
OwnerEntityAddress: EBB66E10
OwnerEntity: PC_Hero
MotionType: 0
Stage: REQUEST_BEFORE_ORIGINAL
ElapsedMs: 288119.223
PrimarySnapshotAvailable: 1
PrimaryMotionName: 
PrimaryHasMotionInstance: 0
PrimaryMotionRunning: 0
PrimaryPlayTime: 0.000000
PrimaryMaxTime: 0.000000
PrimaryPlaySpeed: 0.000000
Stage: RESULT_AFTER_ORIGINAL
ElapsedMs: 288119.250
PrimarySnapshotAvailable: 1
PrimaryMotionName: Hero_Parade_None_2H_P0_FinishingAttack_Raise_N_Fwd_00_%_00_P0_0.xmot
PrimaryHasMotionInstance: 1
PrimaryMotionRunning: 1
PrimaryPlayTime: 0.000000
PrimaryMaxTime: 0.960000
PrimaryPlaySpeed: 1.000000
CleanupBehaviorChanged: 0
=====================================

===== PRIMARYFIRST StopMotion =====
OwnerEntityAddress: EBB66E10
OwnerEntity: PC_Hero
MotionType: 0
Stage: REQUEST_BEFORE_ORIGINAL
ElapsedMs: 289094.054
PrimarySnapshotAvailable: 1
PrimaryMotionName: 
PrimaryHasMotionInstance: 0
PrimaryMotionRunning: 0
PrimaryPlayTime: 0.000000
PrimaryMaxTime: 0.000000
PrimaryPlaySpeed: 0.000000
Stage: RESULT_AFTER_ORIGINAL
ElapsedMs: 289094.054
PrimarySnapshotAvailable: 1
PrimaryMotionName: 
PrimaryHasMotionInstance: 0
PrimaryMotionRunning: 0
PrimaryPlayTime: 0.000000
PrimaryMaxTime: 0.000000
PrimaryPlaySpeed: 0.000000
CleanupBehaviorChanged: 0
=====================================

===== PRIMARYFIRST PlayMotion =====
OwnerEntityAddress: EBB66E10
OwnerEntity: PC_Hero
MotionType: 0
Stage: REQUEST_BEFORE_ORIGINAL
ElapsedMs: 289094.100
PrimarySnapshotAvailable: 1
PrimaryMotionName: 
PrimaryHasMotionInstance: 0
PrimaryMotionRunning: 0
PrimaryPlayTime: 0.000000
PrimaryMaxTime: 0.000000
PrimaryPlaySpeed: 0.000000
Stage: RESULT_AFTER_ORIGINAL
ElapsedMs: 289094.113
PrimarySnapshotAvailable: 1
PrimaryMotionName: Hero_Parade_None_2H_P0_FinishingAttack_Hit_N_Fwd_00_%_00_P1_100.xmot
PrimaryHasMotionInstance: 1
PrimaryMotionRunning: 1
PrimaryPlayTime: 0.000000
PrimaryMaxTime: 0.480000
PrimaryPlaySpeed: 1.000000
CleanupBehaviorChanged: 0
=====================================

===== ENGINE SetCollisionGroup =====
ElapsedMs: 289094.170
Entity: It_2H_Sword_Flamberge
ChangedEntityAddress: E27B4610
PlayerSlotMatch: RIGHT
PlayerAction: 14
PlayerAniPhase: 1
PlayerPrimaryPose: 1
PlayerStateTime: 0.963806
PlayerStatePosition: 0
PlayerCurrentMovementAni: Hero_Parade_None_2H_P0_FinishingAttack_Hit_N_Fwd_00_%_00_P1_100.xmot
PlayerLeftItem: <none>
PlayerLeftItemAddress: 00000000
PlayerLeftUseType: -1
PlayerLeftCollisionGroup: -1
PlayerRightItem: It_2H_Sword_Flamberge
PlayerRightItemAddress: E27B4610
PlayerRightUseType: 3
PlayerRightCollisionGroup: 7
RequestedGroup: 7
BeforeGroup: 5
AfterGroup: 7
Item_EquippedValue: 5
Item_AttackValue: 7
RetiredMarkerExecutionCount: 0
====================================

===== COMBATMOVE STARTRECOVER BEGIN =====
ActorAddress: EBB66E10
Actor: PC_Hero
CurrentAction: 14
CurrentAniPhase: 1
CurrentMovementAni: Hero_Parade_None_2H_P0_FinishingAttack_Hit_N_Fwd_00_%_00_P1_100.xmot
Stage: BEGIN
ElapsedMs: 289565.190
PrimarySnapshotAvailable: 1
PrimaryMotionName: Hero_Parade_None_2H_P0_FinishingAttack_Hit_N_Fwd_00_%_00_P1_100.xmot
PrimaryHasMotionInstance: 1
PrimaryMotionRunning: 1
PrimaryPlayTime: 0.479990
PrimaryMaxTime: 0.480000
PrimaryPlaySpeed: 0.000000
LeftHandSourceResolved: 0
RightHandSourceResolved: 1
RightHandSource: It_2H_Sword_Flamberge
RightHandSourceAddress: E27B4610
RightHandSourceCollisionGroup: 7
CleanupBehaviorChanged: 0
=========================================

===== PRIMARYFIRST StopMotion =====
OwnerEntityAddress: EBB66E10
OwnerEntity: PC_Hero
MotionType: 0
Stage: REQUEST_BEFORE_ORIGINAL
ElapsedMs: 289565.256
PrimarySnapshotAvailable: 1
PrimaryMotionName: 
PrimaryHasMotionInstance: 0
PrimaryMotionRunning: 0
PrimaryPlayTime: 0.000000
PrimaryMaxTime: 0.000000
PrimaryPlaySpeed: 0.000000
Stage: RESULT_AFTER_ORIGINAL
ElapsedMs: 289565.256
PrimarySnapshotAvailable: 1
PrimaryMotionName: 
PrimaryHasMotionInstance: 0
PrimaryMotionRunning: 0
PrimaryPlayTime: 0.000000
PrimaryMaxTime: 0.000000
PrimaryPlaySpeed: 0.000000
CleanupBehaviorChanged: 0
=====================================

===== PRIMARYFIRST PlayMotion =====
OwnerEntityAddress: EBB66E10
OwnerEntity: PC_Hero
MotionType: 0
Stage: REQUEST_BEFORE_ORIGINAL
ElapsedMs: 289565.279
PrimarySnapshotAvailable: 1
PrimaryMotionName: 
PrimaryHasMotionInstance: 0
PrimaryMotionRunning: 0
PrimaryPlayTime: 0.000000
PrimaryMaxTime: 0.000000
PrimaryPlaySpeed: 0.000000
Stage: RESULT_AFTER_ORIGINAL
ElapsedMs: 289565.293
PrimarySnapshotAvailable: 1
PrimaryMotionName: Hero_Parade_None_2H_P1_FinishingAttack_Recover_N_Fwd_00_%_00_P0_0.xmot
PrimaryHasMotionInstance: 1
PrimaryMotionRunning: 1
PrimaryPlayTime: 0.000000
PrimaryMaxTime: 0.880000
PrimaryPlaySpeed: 1.000000
CleanupBehaviorChanged: 0
=====================================

===== COMBATMOVE STARTRECOVER END =====
ActorAddress: EBB66E10
Actor: PC_Hero
CurrentAction: 14
CurrentAniPhase: 3
CurrentMovementAni: Hero_Parade_None_2H_P0_FinishingAttack_Hit_N_Fwd_00_%_00_P1_100.xmot
Stage: END
ElapsedMs: 289565.316
PrimarySnapshotAvailable: 1
PrimaryMotionName: Hero_Parade_None_2H_P1_FinishingAttack_Recover_N_Fwd_00_%_00_P0_0.xmot
PrimaryHasMotionInstance: 1
PrimaryMotionRunning: 1
PrimaryPlayTime: 0.000000
PrimaryMaxTime: 0.880000
PrimaryPlaySpeed: 1.000000
LeftHandSourceResolved: 0
RightHandSourceResolved: 1
RightHandSource: It_2H_Sword_Flamberge
RightHandSourceAddress: E27B4610
RightHandSourceCollisionGroup: 7
CleanupBehaviorChanged: 0
=========================================

===== ENGINE SetCollisionGroup =====
ElapsedMs: 289565.451
Entity: It_2H_Sword_Flamberge
ChangedEntityAddress: E27B4610
PlayerSlotMatch: RIGHT
PlayerAction: 14
PlayerAniPhase: 3
PlayerPrimaryPose: 2
PlayerStateTime: 1.445701
PlayerStatePosition: 1
PlayerCurrentMovementAni: Hero_Parade_None_2H_P0_FinishingAttack_Hit_N_Fwd_00_%_00_P1_100.xmot
PlayerLeftItem: <none>
PlayerLeftItemAddress: 00000000
PlayerLeftUseType: -1
PlayerLeftCollisionGroup: -1
PlayerRightItem: It_2H_Sword_Flamberge
PlayerRightItemAddress: E27B4610
PlayerRightUseType: 3
PlayerRightCollisionGroup: 5
RequestedGroup: 5
BeforeGroup: 7
AfterGroup: 5
Item_EquippedValue: 5
Item_AttackValue: 7
RetiredMarkerExecutionCount: 0
====================================

===== PRIMARYFIRST StopMotion =====
OwnerEntityAddress: EBB66E10
OwnerEntity: PC_Hero
MotionType: 0
Stage: REQUEST_BEFORE_ORIGINAL
ElapsedMs: 289565.496
PrimarySnapshotAvailable: 1
PrimaryMotionName: 
PrimaryHasMotionInstance: 0
PrimaryMotionRunning: 0
PrimaryPlayTime: 0.000000
PrimaryMaxTime: 0.000000
PrimaryPlaySpeed: 0.000000
Stage: RESULT_AFTER_ORIGINAL
ElapsedMs: 289565.496
PrimarySnapshotAvailable: 1
PrimaryMotionName: 
PrimaryHasMotionInstance: 0
PrimaryMotionRunning: 0
PrimaryPlayTime: 0.000000
PrimaryMaxTime: 0.000000
PrimaryPlaySpeed: 0.000000
CleanupBehaviorChanged: 0
=====================================

===== PRIMARYFIRST PlayMotion =====
OwnerEntityAddress: EBB66E10
OwnerEntity: PC_Hero
MotionType: 0
Stage: REQUEST_BEFORE_ORIGINAL
ElapsedMs: 289565.518
PrimarySnapshotAvailable: 1
PrimaryMotionName: 
PrimaryHasMotionInstance: 0
PrimaryMotionRunning: 0
PrimaryPlayTime: 0.000000
PrimaryMaxTime: 0.000000
PrimaryPlaySpeed: 0.000000
Stage: RESULT_AFTER_ORIGINAL
ElapsedMs: 289565.527
PrimarySnapshotAvailable: 1
PrimaryMotionName: Hero_Parade_None_2H_P1_FinishingAttack_Recover_N_Fwd_00_%_00_P0_0.xmot
PrimaryHasMotionInstance: 1
PrimaryMotionRunning: 1
PrimaryPlayTime: 0.000000
PrimaryMaxTime: 0.880000
PrimaryPlaySpeed: 1.000000
CleanupBehaviorChanged: 0
=====================================

===== PRIMARYFIRST PlayMotion =====
OwnerEntityAddress: EBB66E10
OwnerEntity: PC_Hero
MotionType: 0
Stage: REQUEST_BEFORE_ORIGINAL
ElapsedMs: 290458.274
PrimarySnapshotAvailable: 1
PrimaryMotionName: 
PrimaryHasMotionInstance: 0
PrimaryMotionRunning: 0
PrimaryPlayTime: 0.000000
PrimaryMaxTime: 0.000000
PrimaryPlaySpeed: 0.000000
Stage: RESULT_AFTER_ORIGINAL
ElapsedMs: 290458.288
PrimarySnapshotAvailable: 1
PrimaryMotionName: Hero_Parade_None_2H_P0_Ambient_Loop_N_Fwd_00_%_00_P0_0.xmot
PrimaryHasMotionInstance: 1
PrimaryMotionRunning: 1
PrimaryPlayTime: 0.000000
PrimaryMaxTime: 0.000000
PrimaryPlaySpeed: 1.000000
CleanupBehaviorChanged: 0
=====================================

===== PRIMARYFIRST PlayMotion =====
OwnerEntityAddress: EBB66E10
OwnerEntity: PC_Hero
MotionType: 0
Stage: REQUEST_BEFORE_ORIGINAL
ElapsedMs: 290862.830
PrimarySnapshotAvailable: 1
PrimaryMotionName: 
PrimaryHasMotionInstance: 0
PrimaryMotionRunning: 0
PrimaryPlayTime: 0.000000
PrimaryMaxTime: 0.000000
PrimaryPlaySpeed: 0.000000
Stage: RESULT_AFTER_ORIGINAL
ElapsedMs: 290862.845
PrimarySnapshotAvailable: 1
PrimaryMotionName: Hero_Stand_None_2H_P0_Ambient_Loop_N_Fwd_00_%_00_P0_0.xmot
PrimaryHasMotionInstance: 1
PrimaryMotionRunning: 1
PrimaryPlayTime: 0.000000
PrimaryMaxTime: 4.000000
PrimaryPlaySpeed: 1.000000
CleanupBehaviorChanged: 0
=====================================

Script_FrameCollisionTest unloading.
