StartLine	EndLine	Event	SelectedFields
22210	22239	OUTER_FRAME OFFENSE	ElapsedMs=123060.412 | Actor=PC_Hero | Source=Wrestling Staff_BBM | SourceAddress=E70E9210 | RequestedGroup=7 | BeforeGroup=5 | AfterGroup=7 | CurrentAction=10 | CurrentStateTime=0.256314
22240	22283	AIFULLSTOP CALLSITE	ElapsedMs=123293.819 | Actor=PC_Hero | CurrentAction=10 | CurrentAniPhase=1 | CurrentStateTime=0.491288 | CurrentMovementAni=Hero_Parade_None_Staff_P0_WhirlAttack_Hit_N_Fwd_00_%_00_P0_150_R.xmot
22284	22320	COMBATMOVE FULLSTOP STACK	ElapsedMs=123293.996 | Actor=PC_Hero | CurrentAction=10 | CurrentAniPhase=1 | CurrentStateTime=0.491288 | CurrentMovementAni=Hero_Parade_None_Staff_P0_WhirlAttack_Hit_N_Fwd_00_%_00_P0_150_R.xmot
22321	22361	AISETSTATE CALLSITE	ElapsedMs=123294.176 | Actor=PC_Hero | CurrentAction=10 | CurrentAniPhase=1 | CurrentStateTime=0.491288 | CurrentMovementAni=Hero_Parade_None_Staff_P0_WhirlAttack_Hit_N_Fwd_00_%_00_P0_150_R.xmot
22362	22386	OUTER_FRAME AI_SET_STATE_BEFORE	ElapsedMs=123294.249 | Actor=PC_Hero | CurrentAction=10 | CurrentStateTime=0.491288
22387	22408	C1 FINALIZATION	ElapsedMs=123294.291 | Reason=AISETSTATE_AFTER_ORIGINAL | Actor=PC_Hero | Generation=26 | Status=PERSISTED | PhysicalCollisionChanged=0
22409	22433	OUTER_FRAME AI_SET_STATE_AFTER	ElapsedMs=123294.326 | Actor=PC_Hero | CurrentAction=10 | CurrentStateTime=0.000000
22434	22460	EMPTY-PRIMARY SUCCESSOR STACK	ElapsedMs=123611.150 | Actor=PC_Hero
22461	22485	PRIMARYFIRST PlayMotion	ElapsedMs=123611.148
22486	22525	AISETSTATE CALLSITE	ElapsedMs=124971.329 | Actor=PC_Hero | CurrentAction=0 | CurrentAniPhase=5 | CurrentStateTime=1.677825 | CurrentMovementAni=Hero_Stand_None_Staff_P0_Ambient_Loop_N_Fwd_00_%_00_P0_0.xmot
22526	22550	OUTER_FRAME AI_SET_STATE_BEFORE	ElapsedMs=124971.399 | Actor=PC_Hero | CurrentAction=0 | CurrentStateTime=1.677825
22551	22575	OUTER_FRAME AI_SET_STATE_AFTER	ElapsedMs=124971.423 | Actor=PC_Hero | CurrentAction=0 | CurrentStateTime=0.000000
22576	22615	AISETSTATE CALLSITE	ElapsedMs=124981.963 | Actor=PC_Hero | CurrentAction=0 | CurrentAniPhase=5 | CurrentStateTime=0.000000 | CurrentMovementAni=Hero_Stand_None_Staff_P0_Ambient_Loop_N_Fwd_00_%_00_P0_0.xmot
22616	22640	OUTER_FRAME AI_SET_STATE_BEFORE	ElapsedMs=124982.034 | Actor=PC_Hero | CurrentAction=0 | CurrentStateTime=0.000000
22641	22665	OUTER_FRAME AI_SET_STATE_AFTER	ElapsedMs=124982.060 | Actor=PC_Hero | CurrentAction=0 | CurrentStateTime=0.000000
22666	22692	EMPTY-PRIMARY SUCCESSOR STACK	ElapsedMs=124991.571 | Actor=PC_Hero
22693	22717	PRIMARYFIRST PlayMotion	ElapsedMs=124991.569
22718	22757	AISETSTATE CALLSITE	ElapsedMs=127291.049 | Actor=PC_Hero | CurrentAction=0 | CurrentAniPhase=5 | CurrentStateTime=2.299853 | CurrentMovementAni=Hero_Parade_None_Staff_P0_Ambient_Loop_N_Fwd_00_%_00_P0_0.xmot
22758	22782	OUTER_FRAME AI_SET_STATE_BEFORE	ElapsedMs=127291.121 | Actor=PC_Hero | CurrentAction=0 | CurrentStateTime=2.299853
22783	22807	OUTER_FRAME AI_SET_STATE_AFTER	ElapsedMs=127291.144 | Actor=PC_Hero | CurrentAction=0 | CurrentStateTime=0.000000
22808	22851	AIFULLSTOP CALLSITE	ElapsedMs=127301.484 | Actor=PC_Hero | CurrentAction=0 | CurrentAniPhase=5 | CurrentStateTime=0.000000 | CurrentMovementAni=Hero_Parade_None_Staff_P0_Ambient_Loop_N_Fwd_00_%_00_P0_0.xmot
22852	22892	AISETSTATE CALLSITE	ElapsedMs=127301.603 | Actor=PC_Hero | CurrentAction=0 | CurrentAniPhase=5 | CurrentStateTime=0.000000 | CurrentMovementAni=Hero_Parade_None_Staff_P0_Ambient_Loop_N_Fwd_00_%_00_P0_0.xmot
22893	22917	OUTER_FRAME AI_SET_STATE_BEFORE	ElapsedMs=127301.645 | Actor=PC_Hero | CurrentAction=0 | CurrentStateTime=0.000000
22918	22942	OUTER_FRAME AI_SET_STATE_AFTER	ElapsedMs=127301.666 | Actor=PC_Hero | CurrentAction=0 | CurrentStateTime=0.000000
22943	22959	C1 LIFECYCLE START	ElapsedMs=127302.368 | Actor=PC_Hero | Generation=27 | Status=CANDIDATE | PhysicalCollisionChanged=0
22960	22973	C1-O2 OUTER BINDING	ElapsedMs=127302.390 | Event=COMBAT_MOVE_CANDIDATE_BOUND | Actor=PC_Hero | Generation=27 | Status=CANDIDATE | PhysicalCollisionChanged=0
22974	22998	OUTER_FRAME COMBAT_MOVE_INITIAL	ElapsedMs=127302.401 | Actor=PC_Hero | CurrentAction=10 | CurrentStateTime=0.000000
22999	23023	PRIMARYFIRST StopMotion	ElapsedMs=127302.442
23024	23055	EMPTY-PRIMARY SUCCESSOR STACK	ElapsedMs=127302.467 | Actor=PC_Hero
23056	23080	PRIMARYFIRST PlayMotion	ElapsedMs=127302.466
23081	23091	C1 LIFECYCLE STATUS	ElapsedMs=127302.553 | Event=PERSISTED | Actor=PC_Hero | Generation=27 | Status=PERSISTED | PhysicalCollisionChanged=0
23092	23135	AIFULLSTOP CALLSITE	ElapsedMs=127414.241 | Actor=PC_Hero | CurrentAction=10 | CurrentAniPhase=1 | CurrentStateTime=0.109896 | CurrentMovementAni=Hero_Parade_None_Staff_P0_WhirlAttack_Hit_N_Fwd_00_%_00_P0_150_R.xmot
23136	23172	COMBATMOVE FULLSTOP STACK	ElapsedMs=127414.461 | Actor=PC_Hero | CurrentAction=10 | CurrentAniPhase=1 | CurrentStateTime=0.109896 | CurrentMovementAni=Hero_Parade_None_Staff_P0_WhirlAttack_Hit_N_Fwd_00_%_00_P0_150_R.xmot
23173	23213	AISETSTATE CALLSITE	ElapsedMs=127414.607 | Actor=PC_Hero | CurrentAction=10 | CurrentAniPhase=1 | CurrentStateTime=0.109896 | CurrentMovementAni=Hero_Parade_None_Staff_P0_WhirlAttack_Hit_N_Fwd_00_%_00_P0_150_R.xmot
23214	23238	OUTER_FRAME AI_SET_STATE_BEFORE	ElapsedMs=127414.675 | Actor=PC_Hero | CurrentAction=10 | CurrentStateTime=0.109896
23239	23260	C1 FINALIZATION	ElapsedMs=127414.716 | Reason=AISETSTATE_AFTER_ORIGINAL | Actor=PC_Hero | Generation=27 | Status=PERSISTED | PhysicalCollisionChanged=0
23261	23285	OUTER_FRAME AI_SET_STATE_AFTER	ElapsedMs=127414.748 | Actor=PC_Hero | CurrentAction=10 | CurrentStateTime=0.000000
23286	23312	EMPTY-PRIMARY SUCCESSOR STACK	ElapsedMs=128105.489 | Actor=PC_Hero
23313	23337	PRIMARYFIRST PlayMotion	ElapsedMs=128105.486
23338	23377	AISETSTATE CALLSITE	ElapsedMs=128962.891 | Actor=PC_Hero | CurrentAction=0 | CurrentAniPhase=5 | CurrentStateTime=1.548973 | CurrentMovementAni=Hero_Stand_None_Staff_P0_Ambient_Loop_N_Fwd_00_%_00_P0_0.xmot
23378	23402	OUTER_FRAME AI_SET_STATE_BEFORE	ElapsedMs=128962.964 | Actor=PC_Hero | CurrentAction=0 | CurrentStateTime=1.548973
23403	23427	OUTER_FRAME AI_SET_STATE_AFTER	ElapsedMs=128962.990 | Actor=PC_Hero | CurrentAction=0 | CurrentStateTime=0.000000
23428	23467	AISETSTATE CALLSITE	ElapsedMs=128973.208 | Actor=PC_Hero | CurrentAction=0 | CurrentAniPhase=5 | CurrentStateTime=0.000000 | CurrentMovementAni=Hero_Stand_None_Staff_P0_Ambient_Loop_N_Fwd_00_%_00_P0_0.xmot
23468	23492	OUTER_FRAME AI_SET_STATE_BEFORE	ElapsedMs=128973.276 | Actor=PC_Hero | CurrentAction=0 | CurrentStateTime=0.000000
23493	23517	OUTER_FRAME AI_SET_STATE_AFTER	ElapsedMs=128973.297 | Actor=PC_Hero | CurrentAction=0 | CurrentStateTime=0.000000
23518	23544	EMPTY-PRIMARY SUCCESSOR STACK	ElapsedMs=128983.203 | Actor=PC_Hero
23545	23569	PRIMARYFIRST PlayMotion	ElapsedMs=128983.201
23570	23609	AISETSTATE CALLSITE	ElapsedMs=131141.555 | Actor=PC_Hero | CurrentAction=0 | CurrentAniPhase=5 | CurrentStateTime=2.159124 | CurrentMovementAni=Hero_Parade_None_Staff_P0_Ambient_Loop_N_Fwd_00_%_00_P0_0.xmot
23610	23634	OUTER_FRAME AI_SET_STATE_BEFORE	ElapsedMs=131141.627 | Actor=PC_Hero | CurrentAction=0 | CurrentStateTime=2.159124
23635	23659	OUTER_FRAME AI_SET_STATE_AFTER	ElapsedMs=131141.702 | Actor=PC_Hero | CurrentAction=0 | CurrentStateTime=0.000000
23660	23676	C1 LIFECYCLE START	ElapsedMs=131151.427 | Actor=PC_Hero | Generation=28 | Status=CANDIDATE | PhysicalCollisionChanged=0
23677	23690	C1-O2 OUTER BINDING	ElapsedMs=131151.462 | Event=COMBAT_MOVE_CANDIDATE_BOUND | Actor=PC_Hero | Generation=28 | Status=CANDIDATE | PhysicalCollisionChanged=0
23691	23715	OUTER_FRAME COMBAT_MOVE_INITIAL	ElapsedMs=131151.473 | Actor=PC_Hero | CurrentAction=14 | CurrentStateTime=0.000000
23716	23740	PRIMARYFIRST StopMotion	ElapsedMs=131151.822
23741	23772	EMPTY-PRIMARY SUCCESSOR STACK	ElapsedMs=131151.851 | Actor=PC_Hero
23773	23797	PRIMARYFIRST PlayMotion	ElapsedMs=131151.850
23798	23808	C1 LIFECYCLE STATUS	ElapsedMs=131151.974 | Event=PERSISTED | Actor=PC_Hero | Generation=28 | Status=PERSISTED | PhysicalCollisionChanged=0
23809	23852	AIFULLSTOP CALLSITE	ElapsedMs=131167.542 | Actor=PC_Hero | CurrentAction=14 | CurrentAniPhase=0 | CurrentStateTime=0.020000 | CurrentMovementAni=Hero_Parade_None_Staff_P0_FinishingAttack_Raise_N_Fwd_00_%_00_P0_0.xmot
23853	23889	COMBATMOVE FULLSTOP STACK	ElapsedMs=131167.620 | Actor=PC_Hero | CurrentAction=14 | CurrentAniPhase=0 | CurrentStateTime=0.020000 | CurrentMovementAni=Hero_Parade_None_Staff_P0_FinishingAttack_Raise_N_Fwd_00_%_00_P0_0.xmot
23890	23930	AISETSTATE CALLSITE	ElapsedMs=131167.713 | Actor=PC_Hero | CurrentAction=14 | CurrentAniPhase=0 | CurrentStateTime=0.020000 | CurrentMovementAni=Hero_Parade_None_Staff_P0_FinishingAttack_Raise_N_Fwd_00_%_00_P0_0.xmot
23931	23955	OUTER_FRAME AI_SET_STATE_BEFORE	ElapsedMs=131167.758 | Actor=PC_Hero | CurrentAction=14 | CurrentStateTime=0.020000
23956	23977	C1 FINALIZATION	ElapsedMs=131167.785 | Reason=AISETSTATE_AFTER_ORIGINAL | Actor=PC_Hero | Generation=28 | Status=PERSISTED | PhysicalCollisionChanged=0
23978	24002	OUTER_FRAME AI_SET_STATE_AFTER	ElapsedMs=131167.807 | Actor=PC_Hero | CurrentAction=14 | CurrentStateTime=0.000000
24003	24019	C1 LIFECYCLE START	ElapsedMs=131172.529 | Actor=PC_Hero | Generation=29 | Status=CANDIDATE | PhysicalCollisionChanged=0
24020	24033	C1-O2 OUTER BINDING	ElapsedMs=131172.560 | Event=COMBAT_MOVE_CANDIDATE_BOUND | Actor=PC_Hero | Generation=29 | Status=CANDIDATE | PhysicalCollisionChanged=0
24034	24058	OUTER_FRAME COMBAT_MOVE_INITIAL	ElapsedMs=131172.571 | Actor=PC_Hero | CurrentAction=10 | CurrentStateTime=0.000000
24059	24083	PRIMARYFIRST StopMotion	ElapsedMs=131172.612
24084	24115	EMPTY-PRIMARY SUCCESSOR STACK	ElapsedMs=131172.639 | Actor=PC_Hero
24116	24140	PRIMARYFIRST PlayMotion	ElapsedMs=131172.638
24141	24151	C1 LIFECYCLE STATUS	ElapsedMs=131172.728 | Event=PERSISTED | Actor=PC_Hero | Generation=29 | Status=PERSISTED | PhysicalCollisionChanged=0
24152	24195	AIFULLSTOP CALLSITE	ElapsedMs=131408.222 | Actor=PC_Hero | CurrentAction=10 | CurrentAniPhase=1 | CurrentStateTime=0.240979 | CurrentMovementAni=Hero_Parade_None_Staff_P0_WhirlAttack_Hit_N_Fwd_00_%_00_P0_150_R.xmot
24196	24232	COMBATMOVE FULLSTOP STACK	ElapsedMs=131408.326 | Actor=PC_Hero | CurrentAction=10 | CurrentAniPhase=1 | CurrentStateTime=0.240979 | CurrentMovementAni=Hero_Parade_None_Staff_P0_WhirlAttack_Hit_N_Fwd_00_%_00_P0_150_R.xmot
24233	24273	AISETSTATE CALLSITE	ElapsedMs=131408.449 | Actor=PC_Hero | CurrentAction=10 | CurrentAniPhase=1 | CurrentStateTime=0.240979 | CurrentMovementAni=Hero_Parade_None_Staff_P0_WhirlAttack_Hit_N_Fwd_00_%_00_P0_150_R.xmot
24274	24298	OUTER_FRAME AI_SET_STATE_BEFORE	ElapsedMs=131408.520 | Actor=PC_Hero | CurrentAction=10 | CurrentStateTime=0.240979
24299	24320	C1 FINALIZATION	ElapsedMs=131408.573 | Reason=AISETSTATE_AFTER_ORIGINAL | Actor=PC_Hero | Generation=29 | Status=PERSISTED | PhysicalCollisionChanged=0
24321	24345	OUTER_FRAME AI_SET_STATE_AFTER	ElapsedMs=131408.595 | Actor=PC_Hero | CurrentAction=10 | CurrentStateTime=0.000000
24346	24372	EMPTY-PRIMARY SUCCESSOR STACK	ElapsedMs=131978.064 | Actor=PC_Hero
24373	24397	PRIMARYFIRST PlayMotion	ElapsedMs=131978.062
24398	24437	AISETSTATE CALLSITE	ElapsedMs=140938.302 | Actor=PC_Hero | CurrentAction=0 | CurrentAniPhase=5 | CurrentStateTime=9.524581 | CurrentMovementAni=Hero_Stand_None_Staff_P0_Ambient_Loop_N_Fwd_00_%_00_P0_0.xmot
24438	24462	OUTER_FRAME AI_SET_STATE_BEFORE	ElapsedMs=140938.378 | Actor=PC_Hero | CurrentAction=0 | CurrentStateTime=9.524581
24463	24487	OUTER_FRAME AI_SET_STATE_AFTER	ElapsedMs=140938.404 | Actor=PC_Hero | CurrentAction=0 | CurrentStateTime=0.000000
24488	24504	C1 LIFECYCLE START	ElapsedMs=140948.484 | Actor=PC_Hero | Generation=30 | Status=CANDIDATE | PhysicalCollisionChanged=0
24505	24518	C1-O2 OUTER BINDING	ElapsedMs=140948.518 | Event=COMBAT_MOVE_CANDIDATE_BOUND | Actor=PC_Hero | Generation=30 | Status=CANDIDATE | PhysicalCollisionChanged=0
24519	24543	OUTER_FRAME COMBAT_MOVE_INITIAL	ElapsedMs=140948.530 | Actor=PC_Hero | CurrentAction=2 | CurrentStateTime=0.000000
24544	24568	PRIMARYFIRST StopMotion	ElapsedMs=140948.801
24569	24600	EMPTY-PRIMARY SUCCESSOR STACK	ElapsedMs=140948.834 | Actor=PC_Hero
24601	24625	PRIMARYFIRST PlayMotion	ElapsedMs=140948.832
24626	24636	C1 LIFECYCLE STATUS	ElapsedMs=140948.923 | Event=PERSISTED | Actor=PC_Hero | Generation=30 | Status=PERSISTED | PhysicalCollisionChanged=0
24637	24680	AIFULLSTOP CALLSITE	ElapsedMs=140955.167 | Actor=PC_Hero | CurrentAction=2 | CurrentAniPhase=0 | CurrentStateTime=0.011000 | CurrentMovementAni=Hero_Stand_None_Staff_P0_PowerAttack_Raise_N_Fwd_00_%_00_P0_0_R.xmot
24681	24717	COMBATMOVE FULLSTOP STACK	ElapsedMs=140955.366 | Actor=PC_Hero | CurrentAction=2 | CurrentAniPhase=0 | CurrentStateTime=0.011000 | CurrentMovementAni=Hero_Stand_None_Staff_P0_PowerAttack_Raise_N_Fwd_00_%_00_P0_0_R.xmot
24718	24758	AISETSTATE CALLSITE	ElapsedMs=140955.437 | Actor=PC_Hero | CurrentAction=2 | CurrentAniPhase=0 | CurrentStateTime=0.011000 | CurrentMovementAni=Hero_Stand_None_Staff_P0_PowerAttack_Raise_N_Fwd_00_%_00_P0_0_R.xmot
24759	24783	OUTER_FRAME AI_SET_STATE_BEFORE	ElapsedMs=140955.477 | Actor=PC_Hero | CurrentAction=2 | CurrentStateTime=0.011000
24784	24805	C1 FINALIZATION	ElapsedMs=140955.500 | Reason=AISETSTATE_AFTER_ORIGINAL | Actor=PC_Hero | Generation=30 | Status=PERSISTED | PhysicalCollisionChanged=0
24806	24830	OUTER_FRAME AI_SET_STATE_AFTER	ElapsedMs=140955.521 | Actor=PC_Hero | CurrentAction=2 | CurrentStateTime=0.000000
24831	24847	C1 LIFECYCLE START	ElapsedMs=140959.273 | Actor=PC_Hero | Generation=31 | Status=CANDIDATE | PhysicalCollisionChanged=0
24848	24861	C1-O2 OUTER BINDING	ElapsedMs=140959.317 | Event=COMBAT_MOVE_CANDIDATE_BOUND | Actor=PC_Hero | Generation=31 | Status=CANDIDATE | PhysicalCollisionChanged=0
24862	24886	OUTER_FRAME COMBAT_MOVE_INITIAL	ElapsedMs=140959.328 | Actor=PC_Hero | CurrentAction=1 | CurrentStateTime=0.000000
24887	24911	PRIMARYFIRST StopMotion	ElapsedMs=140959.393
24912	24943	EMPTY-PRIMARY SUCCESSOR STACK	ElapsedMs=140959.429 | Actor=PC_Hero
24944	24968	PRIMARYFIRST PlayMotion	ElapsedMs=140959.429
24969	24979	C1 LIFECYCLE STATUS	ElapsedMs=140959.591 | Event=PERSISTED | Actor=PC_Hero | Generation=31 | Status=PERSISTED | PhysicalCollisionChanged=0
24980	25004	MARKER OWNERSHIP DECISION	ElapsedMs=140959.606 | Actor=PC_Hero | CurrentMovementAni=Hero_Stand_None_Staff_P0_Attack_Hit_N_Fwd_00_%_00_P1_90_R.xmot
25005	25021	C1 OFFENSE REQUEST	ElapsedMs=141217.180 | Actor=PC_Hero | Generation=31 | Status=PERSISTED | Source=Wrestling Staff_BBM | SourceAddress=E70E9210 | ActualGroup=7 | PhysicalCollisionChanged=0
25022	25048	ENGINE SetCollisionGroup	ElapsedMs=141217.213 | RequestedGroup=7 | BeforeGroup=7 | AfterGroup=7 | PlayerAction=1 | PlayerAniPhase=1 | PlayerStateTime=0.259009 | PlayerCurrentMovementAni=Hero_Stand_None_Staff_P0_Attack_Hit_N_Fwd_00_%_00_P1_90_R.xmot
25049	25078	OUTER_FRAME OFFENSE	ElapsedMs=141217.237 | Actor=PC_Hero | Source=Wrestling Staff_BBM | SourceAddress=E70E9210 | RequestedGroup=7 | BeforeGroup=7 | AfterGroup=7 | CurrentAction=1 | CurrentStateTime=0.259009
25079	25101	COMBATMOVE STARTRECOVER BEGIN	ElapsedMs=141708.928 | Actor=PC_Hero | CurrentAction=1 | CurrentAniPhase=1 | CurrentMovementAni=Hero_Stand_None_Staff_P0_Attack_Hit_N_Fwd_00_%_00_P1_90_R.xmot
25102	25125	HIT STARTRECOVER BEGIN STACK	ElapsedMs=141709.037 | Actor=PC_Hero | CurrentAction=1 | CurrentAniPhase=1 | CurrentStateTime=0.751968 | CurrentMovementAni=Hero_Stand_None_Staff_P0_Attack_Hit_N_Fwd_00_%_00_P1_90_R.xmot
25126	25150	PRIMARYFIRST StopMotion	ElapsedMs=141709.103
25151	25177	EMPTY-PRIMARY SUCCESSOR STACK	ElapsedMs=141709.127 | Actor=PC_Hero
25178	25202	PRIMARYFIRST PlayMotion	ElapsedMs=141709.126
25203	25225	COMBATMOVE STARTRECOVER END	ElapsedMs=141709.188 | Actor=PC_Hero | CurrentAction=1 | CurrentAniPhase=3 | CurrentMovementAni=Hero_Stand_None_Staff_P0_Attack_Hit_N_Fwd_00_%_00_P1_90_R.xmot
25226	25242	C1 CLEANUP FULFILLED	ElapsedMs=141709.247 | Actor=PC_Hero | Generation=31 | Status=PERSISTED | Source=Wrestling Staff_BBM | SourceAddress=E70E9210 | ActualGroup=5 | PhysicalCollisionChanged=0
25243	25269	ENGINE SetCollisionGroup	ElapsedMs=141709.263 | RequestedGroup=5 | BeforeGroup=7 | AfterGroup=5 | PlayerAction=1 | PlayerAniPhase=3 | PlayerStateTime=0.751968 | PlayerCurrentMovementAni=Hero_Stand_None_Staff_P0_Attack_Hit_N_Fwd_00_%_00_P1_90_R.xmot
25270	25289	NATIVE CLEANUP CALL SITE	ElapsedMs=141709.281 | Source=Wrestling Staff_BBM | SourceAddress=E70E9210 | RequestedGroup=5 | BeforeGroup=7 | AfterGroup=5
25290	25319	OUTER_FRAME CLEANUP	ElapsedMs=141709.300 | Actor=PC_Hero | Source=Wrestling Staff_BBM | SourceAddress=E70E9210 | RequestedGroup=5 | BeforeGroup=7 | AfterGroup=5 | CurrentAction=1 | CurrentStateTime=0.751968
25320	25359	AISETSTATE CALLSITE	ElapsedMs=141709.326 | Actor=PC_Hero | CurrentAction=1 | CurrentAniPhase=3 | CurrentStateTime=0.751968 | CurrentMovementAni=Hero_Stand_None_Staff_P0_Attack_Hit_N_Fwd_00_%_00_P1_90_R.xmot
25360	25384	OUTER_FRAME AI_SET_STATE_BEFORE	ElapsedMs=141709.363 | Actor=PC_Hero | CurrentAction=1 | CurrentStateTime=0.751968
25385	25406	C1 FINALIZATION	ElapsedMs=141709.387 | Reason=AISETSTATE_AFTER_ORIGINAL | Actor=PC_Hero | Generation=31 | Status=PERSISTED | PhysicalCollisionChanged=0
25407	25431	OUTER_FRAME AI_SET_STATE_AFTER	ElapsedMs=141709.405 | Actor=PC_Hero | CurrentAction=1 | CurrentStateTime=0.000000
25432	25471	AISETSTATE CALLSITE	ElapsedMs=142238.150 | Actor=PC_Hero | CurrentAction=0 | CurrentAniPhase=3 | CurrentStateTime=0.518949 | CurrentMovementAni=Hero_Stand_None_Staff_P1_Attack_Recover_N_Fwd_00_%_00_P1_0_R.xmot
25472	25496	OUTER_FRAME AI_SET_STATE_BEFORE	ElapsedMs=142238.218 | Actor=PC_Hero | CurrentAction=0 | CurrentStateTime=0.518949
25497	25521	OUTER_FRAME AI_SET_STATE_AFTER	ElapsedMs=142238.245 | Actor=PC_Hero | CurrentAction=0 | CurrentStateTime=0.000000
25522	25565	AIFULLSTOP CALLSITE	ElapsedMs=142244.548 | Actor=PC_Hero | CurrentAction=0 | CurrentAniPhase=3 | CurrentStateTime=0.000000 | CurrentMovementAni=Hero_Stand_None_Staff_P1_Attack_Recover_N_Fwd_00_%_00_P1_0_R.xmot
25566	25606	AISETSTATE CALLSITE	ElapsedMs=142244.759 | Actor=PC_Hero | CurrentAction=0 | CurrentAniPhase=3 | CurrentStateTime=0.000000 | CurrentMovementAni=Hero_Stand_None_Staff_P1_Attack_Recover_N_Fwd_00_%_00_P1_0_R.xmot
25607	25631	OUTER_FRAME AI_SET_STATE_BEFORE	ElapsedMs=142244.805 | Actor=PC_Hero | CurrentAction=0 | CurrentStateTime=0.000000
25632	25656	OUTER_FRAME AI_SET_STATE_AFTER	ElapsedMs=142244.831 | Actor=PC_Hero | CurrentAction=0 | CurrentStateTime=0.000000
25657	25673	C1 LIFECYCLE START	ElapsedMs=142248.765 | Actor=PC_Hero | Generation=32 | Status=CANDIDATE | PhysicalCollisionChanged=0
25674	25687	C1-O2 OUTER BINDING	ElapsedMs=142248.796 | Event=COMBAT_MOVE_CANDIDATE_BOUND | Actor=PC_Hero | Generation=32 | Status=CANDIDATE | PhysicalCollisionChanged=0
25688	25712	OUTER_FRAME COMBAT_MOVE_INITIAL	ElapsedMs=142248.807 | Actor=PC_Hero | CurrentAction=1 | CurrentStateTime=0.000000
25713	25737	PRIMARYFIRST StopMotion	ElapsedMs=142248.842
25738	25769	EMPTY-PRIMARY SUCCESSOR STACK	ElapsedMs=142248.867 | Actor=PC_Hero
25770	25794	PRIMARYFIRST PlayMotion	ElapsedMs=142248.865
25795	25805	C1 LIFECYCLE STATUS	ElapsedMs=142249.038 | Event=PERSISTED | Actor=PC_Hero | Generation=32 | Status=PERSISTED | PhysicalCollisionChanged=0
25806	25830	MARKER OWNERSHIP DECISION	ElapsedMs=142249.054 | Actor=PC_Hero | CurrentMovementAni=Hero_Stand_None_Staff_P1_Attack_Hit_N_Fwd_00_%_00_P0_90_L.xmot
25831	25847	C1 OFFENSE REQUEST	ElapsedMs=142507.733 | Actor=PC_Hero | Generation=32 | Status=PERSISTED | Source=Wrestling Staff_BBM | SourceAddress=E70E9210 | ActualGroup=7 | PhysicalCollisionChanged=0
25848	25874	ENGINE SetCollisionGroup	ElapsedMs=142507.765 | RequestedGroup=7 | BeforeGroup=5 | AfterGroup=7 | PlayerAction=1 | PlayerAniPhase=1 | PlayerStateTime=0.258992 | PlayerCurrentMovementAni=Hero_Stand_None_Staff_P1_Attack_Hit_N_Fwd_00_%_00_P0_90_L.xmot
25875	25904	OUTER_FRAME OFFENSE	ElapsedMs=142507.788 | Actor=PC_Hero | Source=Wrestling Staff_BBM | SourceAddress=E70E9210 | RequestedGroup=7 | BeforeGroup=5 | AfterGroup=7 | CurrentAction=1 | CurrentStateTime=0.258992
25905	25927	COMBATMOVE STARTRECOVER BEGIN	ElapsedMs=142827.223 | Actor=PC_Hero | CurrentAction=1 | CurrentAniPhase=1 | CurrentMovementAni=Hero_Stand_None_Staff_P1_Attack_Hit_N_Fwd_00_%_00_P0_90_L.xmot
25928	25951	HIT STARTRECOVER BEGIN STACK	ElapsedMs=142827.278 | Actor=PC_Hero | CurrentAction=1 | CurrentAniPhase=1 | CurrentStateTime=0.578980 | CurrentMovementAni=Hero_Stand_None_Staff_P1_Attack_Hit_N_Fwd_00_%_00_P0_90_L.xmot
25952	25976	PRIMARYFIRST StopMotion	ElapsedMs=142827.328
25977	26003	EMPTY-PRIMARY SUCCESSOR STACK	ElapsedMs=142827.351 | Actor=PC_Hero
26004	26028	PRIMARYFIRST PlayMotion	ElapsedMs=142827.351
26029	26051	COMBATMOVE STARTRECOVER END	ElapsedMs=142827.413 | Actor=PC_Hero | CurrentAction=1 | CurrentAniPhase=3 | CurrentMovementAni=Hero_Stand_None_Staff_P1_Attack_Hit_N_Fwd_00_%_00_P0_90_L.xmot
26052	26068	C1 CLEANUP FULFILLED	ElapsedMs=142827.472 | Actor=PC_Hero | Generation=32 | Status=PERSISTED | Source=Wrestling Staff_BBM | SourceAddress=E70E9210 | ActualGroup=5 | PhysicalCollisionChanged=0
26069	26095	ENGINE SetCollisionGroup	ElapsedMs=142827.487 | RequestedGroup=5 | BeforeGroup=7 | AfterGroup=5 | PlayerAction=1 | PlayerAniPhase=3 | PlayerStateTime=0.578980 | PlayerCurrentMovementAni=Hero_Stand_None_Staff_P1_Attack_Hit_N_Fwd_00_%_00_P0_90_L.xmot
26096	26115	NATIVE CLEANUP CALL SITE	ElapsedMs=142827.532 | Source=Wrestling Staff_BBM | SourceAddress=E70E9210 | RequestedGroup=5 | BeforeGroup=7 | AfterGroup=5
26116	26145	OUTER_FRAME CLEANUP	ElapsedMs=142827.552 | Actor=PC_Hero | Source=Wrestling Staff_BBM | SourceAddress=E70E9210 | RequestedGroup=5 | BeforeGroup=7 | AfterGroup=5 | CurrentAction=1 | CurrentStateTime=0.578980
26146	26185	AISETSTATE CALLSITE	ElapsedMs=142827.577 | Actor=PC_Hero | CurrentAction=1 | CurrentAniPhase=3 | CurrentStateTime=0.578980 | CurrentMovementAni=Hero_Stand_None_Staff_P1_Attack_Hit_N_Fwd_00_%_00_P0_90_L.xmot
26186	26210	OUTER_FRAME AI_SET_STATE_BEFORE	ElapsedMs=142827.614 | Actor=PC_Hero | CurrentAction=1 | CurrentStateTime=0.578980
26211	26232	C1 FINALIZATION	ElapsedMs=142827.634 | Reason=AISETSTATE_AFTER_ORIGINAL | Actor=PC_Hero | Generation=32 | Status=PERSISTED | PhysicalCollisionChanged=0
26233	26257	OUTER_FRAME AI_SET_STATE_AFTER	ElapsedMs=142827.652 | Actor=PC_Hero | CurrentAction=1 | CurrentStateTime=0.000000
26258	26284	EMPTY-PRIMARY SUCCESSOR STACK	ElapsedMs=143920.905 | Actor=PC_Hero
26285	26309	PRIMARYFIRST PlayMotion	ElapsedMs=143920.903
26310	26334	PRIMARYFIRST StopMotion	ElapsedMs=144247.240
26335	26361	EMPTY-PRIMARY SUCCESSOR STACK	ElapsedMs=144247.280 | Actor=PC_Hero
26362	26386	PRIMARYFIRST PlayMotion	ElapsedMs=144247.279
26387	26411	PRIMARYFIRST StopMotion	ElapsedMs=144604.927
26412	26438	EMPTY-PRIMARY SUCCESSOR STACK	ElapsedMs=144604.974 | Actor=PC_Hero
26439	26463	PRIMARYFIRST PlayMotion	ElapsedMs=144604.973
26464	26488	PRIMARYFIRST StopMotion	ElapsedMs=144939.912
26489	26515	EMPTY-PRIMARY SUCCESSOR STACK	ElapsedMs=144939.952 | Actor=PC_Hero
26516	26540	PRIMARYFIRST PlayMotion	ElapsedMs=144939.951
26541	26565	PRIMARYFIRST StopMotion	ElapsedMs=145129.785
26566	26592	EMPTY-PRIMARY SUCCESSOR STACK	ElapsedMs=145129.826 | Actor=PC_Hero
26593	26617	PRIMARYFIRST PlayMotion	ElapsedMs=145129.824
26618	26657	AISETSTATE CALLSITE	ElapsedMs=145642.817 | Actor=PC_Hero | CurrentAction=68 | CurrentAniPhase=6 | CurrentStateTime=1.537339 | CurrentMovementAni=Hero_Stand_None_1H_P0_HoldRight_End_N_Fwd_00_%_00_P0_0.xmot
26658	26682	OUTER_FRAME AI_SET_STATE_BEFORE	ElapsedMs=145642.914 | Actor=PC_Hero | CurrentAction=68 | CurrentStateTime=1.537339
26683	26707	OUTER_FRAME AI_SET_STATE_AFTER	ElapsedMs=145642.935 | Actor=PC_Hero | CurrentAction=68 | CurrentStateTime=0.000000
26708	26747	AISETSTATE CALLSITE	ElapsedMs=146126.976 | Actor=PC_Hero | CurrentAction=0 | CurrentAniPhase=6 | CurrentStateTime=0.472299 | CurrentMovementAni=Hero_Stand_None_1H_P0_HoldRight_End_N_Fwd_00_%_00_P0_0.xmot
26748	26772	OUTER_FRAME AI_SET_STATE_BEFORE	ElapsedMs=146127.044 | Actor=PC_Hero | CurrentAction=0 | CurrentStateTime=0.472299
26773	26797	OUTER_FRAME AI_SET_STATE_AFTER	ElapsedMs=146127.067 | Actor=PC_Hero | CurrentAction=0 | CurrentStateTime=0.000000
26798	26837	AISETSTATE CALLSITE	ElapsedMs=146136.587 | Actor=PC_Hero | CurrentAction=0 | CurrentAniPhase=6 | CurrentStateTime=0.000000 | CurrentMovementAni=Hero_Stand_None_1H_P0_HoldRight_End_N_Fwd_00_%_00_P0_0.xmot
26838	26862	OUTER_FRAME AI_SET_STATE_BEFORE	ElapsedMs=146136.659 | Actor=PC_Hero | CurrentAction=0 | CurrentStateTime=0.000000
26863	26887	OUTER_FRAME AI_SET_STATE_AFTER	ElapsedMs=146136.685 | Actor=PC_Hero | CurrentAction=0 | CurrentStateTime=0.000000
26888	26912	PRIMARYFIRST StopMotion	ElapsedMs=147015.893
26913	26939	EMPTY-PRIMARY SUCCESSOR STACK	ElapsedMs=147015.948 | Actor=PC_Hero
26940	26964	PRIMARYFIRST PlayMotion	ElapsedMs=147015.947
26965	26989	PRIMARYFIRST StopMotion	ElapsedMs=147187.542
26990	27016	EMPTY-PRIMARY SUCCESSOR STACK	ElapsedMs=147187.601 | Actor=PC_Hero
27017	27041	PRIMARYFIRST PlayMotion	ElapsedMs=147187.600
27042	27068	EMPTY-PRIMARY SUCCESSOR STACK	ElapsedMs=148272.499 | Actor=PC_Hero
27069	27093	PRIMARYFIRST PlayMotion	ElapsedMs=148272.497
27094	27120	EMPTY-PRIMARY SUCCESSOR STACK	ElapsedMs=149475.848 | Actor=PC_Hero
27121	27145	PRIMARYFIRST PlayMotion	ElapsedMs=149475.846
27146	27185	AISETSTATE CALLSITE	ElapsedMs=149854.377 | Actor=PC_Hero | CurrentAction=0 | CurrentAniPhase=5 | CurrentStateTime=3.707693 | CurrentMovementAni=Hero_Stand_None_1H_P0_Ambient_Loop_N_Fwd_00_%_01_P0_0.xmot
27186	27210	OUTER_FRAME AI_SET_STATE_BEFORE	ElapsedMs=149854.484 | Actor=PC_Hero | CurrentAction=0 | CurrentStateTime=3.707693
27211	27235	OUTER_FRAME AI_SET_STATE_AFTER	ElapsedMs=149854.506 | Actor=PC_Hero | CurrentAction=0 | CurrentStateTime=0.000000
27236	27275	AISETSTATE CALLSITE	ElapsedMs=149864.057 | Actor=PC_Hero | CurrentAction=0 | CurrentAniPhase=5 | CurrentStateTime=0.000000 | CurrentMovementAni=Hero_Stand_None_1H_P0_Ambient_Loop_N_Fwd_00_%_01_P0_0.xmot
27276	27300	OUTER_FRAME AI_SET_STATE_BEFORE	ElapsedMs=149864.128 | Actor=PC_Hero | CurrentAction=0 | CurrentStateTime=0.000000
27301	27325	OUTER_FRAME AI_SET_STATE_AFTER	ElapsedMs=149864.149 | Actor=PC_Hero | CurrentAction=0 | CurrentStateTime=0.000000
27326	27352	EMPTY-PRIMARY SUCCESSOR STACK	ElapsedMs=149874.516 | Actor=PC_Hero
27353	27377	PRIMARYFIRST PlayMotion	ElapsedMs=149874.514
27378	27417	AISETSTATE CALLSITE	ElapsedMs=151658.045 | Actor=PC_Hero | CurrentAction=0 | CurrentAniPhase=5 | CurrentStateTime=1.783889 | CurrentMovementAni=Hero_Parade_None_1H_P0_Ambient_Loop_N_Fwd_00_%_00_P0_0.xmot
27418	27442	OUTER_FRAME AI_SET_STATE_BEFORE	ElapsedMs=151658.113 | Actor=PC_Hero | CurrentAction=0 | CurrentStateTime=1.783889
27443	27467	OUTER_FRAME AI_SET_STATE_AFTER	ElapsedMs=151658.134 | Actor=PC_Hero | CurrentAction=0 | CurrentStateTime=0.000000
27468	27484	C1 LIFECYCLE START	ElapsedMs=151667.676 | Actor=PC_Hero | Generation=33 | Status=CANDIDATE | PhysicalCollisionChanged=0
27485	27498	C1-O2 OUTER BINDING	ElapsedMs=151667.709 | Event=COMBAT_MOVE_CANDIDATE_BOUND | Actor=PC_Hero | Generation=33 | Status=CANDIDATE | PhysicalCollisionChanged=0
27499	27523	OUTER_FRAME COMBAT_MOVE_INITIAL	ElapsedMs=151667.724 | Actor=PC_Hero | CurrentAction=4 | CurrentStateTime=0.000000
27524	27548	PRIMARYFIRST StopMotion	ElapsedMs=151667.954
27549	27580	EMPTY-PRIMARY SUCCESSOR STACK	ElapsedMs=151667.982 | Actor=PC_Hero
27581	27605	PRIMARYFIRST PlayMotion	ElapsedMs=151667.981
27606	27616	C1 LIFECYCLE STATUS	ElapsedMs=151668.068 | Event=PERSISTED | Actor=PC_Hero | Generation=33 | Status=PERSISTED | PhysicalCollisionChanged=0
27617	27641	MARKER OWNERSHIP DECISION	ElapsedMs=151668.084 | Actor=PC_Hero | CurrentMovementAni=Hero_Stand_None_1H_P0_QuickAttackR_Hit_N_Fwd_00_%_00_P0_100_R.xmot
27642	27658	C1 OFFENSE REQUEST	ElapsedMs=151778.561 | Actor=PC_Hero | Generation=33 | Status=PERSISTED | Source=It_1H_Sword_Rust_01 | SourceAddress=E70E9210 | ActualGroup=7 | PhysicalCollisionChanged=0
27659	27685	ENGINE SetCollisionGroup	ElapsedMs=151778.599 | RequestedGroup=7 | BeforeGroup=5 | AfterGroup=7 | PlayerAction=4 | PlayerAniPhase=1 | PlayerStateTime=0.108985 | PlayerCurrentMovementAni=Hero_Stand_None_1H_P0_QuickAttackR_Hit_N_Fwd_00_%_00_P0_100_R.xmot
27686	27715	OUTER_FRAME OFFENSE	ElapsedMs=151778.624 | Actor=PC_Hero | Source=It_1H_Sword_Rust_01 | SourceAddress=E70E9210 | RequestedGroup=7 | BeforeGroup=5 | AfterGroup=7 | CurrentAction=4 | CurrentStateTime=0.108985
27716	27738	COMBATMOVE STARTRECOVER BEGIN	ElapsedMs=152077.625 | Actor=PC_Hero | CurrentAction=4 | CurrentAniPhase=1 | CurrentMovementAni=Hero_Stand_None_1H_P0_QuickAttackR_Hit_N_Fwd_00_%_00_P0_100_R.xmot
27739	27763	PRIMARYFIRST StopMotion	ElapsedMs=152078.028
27764	27790	EMPTY-PRIMARY SUCCESSOR STACK	ElapsedMs=152078.084 | Actor=PC_Hero
27791	27815	PRIMARYFIRST PlayMotion	ElapsedMs=152078.083
27816	27838	COMBATMOVE STARTRECOVER END	ElapsedMs=152078.225 | Actor=PC_Hero | CurrentAction=4 | CurrentAniPhase=3 | CurrentMovementAni=Hero_Stand_None_1H_P0_QuickAttackR_Hit_N_Fwd_00_%_00_P0_100_R.xmot
27839	27855	C1 CLEANUP FULFILLED	ElapsedMs=152078.327 | Actor=PC_Hero | Generation=33 | Status=PERSISTED | Source=It_1H_Sword_Rust_01 | SourceAddress=E70E9210 | ActualGroup=5 | PhysicalCollisionChanged=0
27856	27882	ENGINE SetCollisionGroup	ElapsedMs=152078.341 | RequestedGroup=5 | BeforeGroup=7 | AfterGroup=5 | PlayerAction=4 | PlayerAniPhase=3 | PlayerStateTime=0.408973 | PlayerCurrentMovementAni=Hero_Stand_None_1H_P0_QuickAttackR_Hit_N_Fwd_00_%_00_P0_100_R.xmot
27883	27902	NATIVE CLEANUP CALL SITE	ElapsedMs=152078.359 | Source=It_1H_Sword_Rust_01 | SourceAddress=E70E9210 | RequestedGroup=5 | BeforeGroup=7 | AfterGroup=5
27903	27932	OUTER_FRAME CLEANUP	ElapsedMs=152078.456 | Actor=PC_Hero | Source=It_1H_Sword_Rust_01 | SourceAddress=E70E9210 | RequestedGroup=5 | BeforeGroup=7 | AfterGroup=5 | CurrentAction=4 | CurrentStateTime=0.408973
27933	27972	AISETSTATE CALLSITE	ElapsedMs=152179.434 | Actor=PC_Hero | CurrentAction=4 | CurrentAniPhase=3 | CurrentStateTime=0.510951 | CurrentMovementAni=Hero_Stand_None_1H_P0_QuickAttackR_Recover_N_Fwd_00_%_00_P0_0_R.xmot
27973	27997	OUTER_FRAME AI_SET_STATE_BEFORE	ElapsedMs=152179.556 | Actor=PC_Hero | CurrentAction=4 | CurrentStateTime=0.510951
27998	28019	C1 FINALIZATION	ElapsedMs=152179.595 | Reason=AISETSTATE_AFTER_ORIGINAL | Actor=PC_Hero | Generation=33 | Status=PERSISTED | PhysicalCollisionChanged=0
28020	28044	OUTER_FRAME AI_SET_STATE_AFTER	ElapsedMs=152179.615 | Actor=PC_Hero | CurrentAction=4 | CurrentStateTime=0.000000
28045	28084	AISETSTATE CALLSITE	ElapsedMs=152179.659 | Actor=PC_Hero | CurrentAction=0 | CurrentAniPhase=3 | CurrentStateTime=0.000000 | CurrentMovementAni=Hero_Stand_None_1H_P0_QuickAttackR_Recover_N_Fwd_00_%_00_P0_0_R.xmot
28085	28109	OUTER_FRAME AI_SET_STATE_BEFORE	ElapsedMs=152179.703 | Actor=PC_Hero | CurrentAction=0 | CurrentStateTime=0.000000
28110	28134	OUTER_FRAME AI_SET_STATE_AFTER	ElapsedMs=152179.724 | Actor=PC_Hero | CurrentAction=0 | CurrentStateTime=0.000000
28135	28174	AISETSTATE CALLSITE	ElapsedMs=152189.332 | Actor=PC_Hero | CurrentAction=0 | CurrentAniPhase=3 | CurrentStateTime=0.000000 | CurrentMovementAni=Hero_Stand_None_1H_P0_QuickAttackR_Recover_N_Fwd_00_%_00_P0_0_R.xmot
28175	28199	OUTER_FRAME AI_SET_STATE_BEFORE	ElapsedMs=152189.399 | Actor=PC_Hero | CurrentAction=0 | CurrentStateTime=0.000000
28200	28224	OUTER_FRAME AI_SET_STATE_AFTER	ElapsedMs=152189.441 | Actor=PC_Hero | CurrentAction=0 | CurrentStateTime=0.000000
28225	28268	AIFULLSTOP CALLSITE	ElapsedMs=152297.105 | Actor=PC_Hero | CurrentAction=0 | CurrentAniPhase=3 | CurrentStateTime=0.101994 | CurrentMovementAni=Hero_Stand_None_1H_P0_QuickAttackR_Recover_N_Fwd_00_%_00_P0_0_R.xmot
28269	28309	AISETSTATE CALLSITE	ElapsedMs=152297.209 | Actor=PC_Hero | CurrentAction=0 | CurrentAniPhase=3 | CurrentStateTime=0.101994 | CurrentMovementAni=Hero_Stand_None_1H_P0_QuickAttackR_Recover_N_Fwd_00_%_00_P0_0_R.xmot
28310	28334	OUTER_FRAME AI_SET_STATE_BEFORE	ElapsedMs=152297.282 | Actor=PC_Hero | CurrentAction=0 | CurrentStateTime=0.101994
28335	28359	OUTER_FRAME AI_SET_STATE_AFTER	ElapsedMs=152297.333 | Actor=PC_Hero | CurrentAction=0 | CurrentStateTime=0.000000
28360	28386	EMPTY-PRIMARY SUCCESSOR STACK	ElapsedMs=152574.368 | Actor=PC_Hero
28387	28411	PRIMARYFIRST PlayMotion	ElapsedMs=152574.365
28412	28451	AISETSTATE CALLSITE	ElapsedMs=153074.877 | Actor=PC_Hero | CurrentAction=0 | CurrentAniPhase=5 | CurrentStateTime=0.773924 | CurrentMovementAni=Hero_Stand_None_1H_P0_Ambient_Loop_N_Fwd_01_%_01_P0_0.xmot
28452	28476	OUTER_FRAME AI_SET_STATE_BEFORE	ElapsedMs=153074.950 | Actor=PC_Hero | CurrentAction=0 | CurrentStateTime=0.773924
28477	28501	OUTER_FRAME AI_SET_STATE_AFTER	ElapsedMs=153074.975 | Actor=PC_Hero | CurrentAction=0 | CurrentStateTime=0.000000
28502	28541	AISETSTATE CALLSITE	ElapsedMs=153084.916 | Actor=PC_Hero | CurrentAction=0 | CurrentAniPhase=5 | CurrentStateTime=0.000000 | CurrentMovementAni=Hero_Stand_None_1H_P0_Ambient_Loop_N_Fwd_01_%_01_P0_0.xmot
28542	28566	OUTER_FRAME AI_SET_STATE_BEFORE	ElapsedMs=153084.989 | Actor=PC_Hero | CurrentAction=0 | CurrentStateTime=0.000000
28567	28591	OUTER_FRAME AI_SET_STATE_AFTER	ElapsedMs=153085.010 | Actor=PC_Hero | CurrentAction=0 | CurrentStateTime=0.000000
28592	28618	EMPTY-PRIMARY SUCCESSOR STACK	ElapsedMs=153094.843 | Actor=PC_Hero
28619	28643	PRIMARYFIRST PlayMotion	ElapsedMs=153094.841
28644	28670	EMPTY-PRIMARY SUCCESSOR STACK	ElapsedMs=154901.766 | Actor=PC_Hero
28671	28695	PRIMARYFIRST PlayMotion	ElapsedMs=154901.764
28696	28735	AISETSTATE CALLSITE	ElapsedMs=155217.451 | Actor=PC_Hero | CurrentAction=0 | CurrentAniPhase=5 | CurrentStateTime=2.123471 | CurrentMovementAni=Hero_Parade_None_1H_P0_Ambient_Loop_N_Fwd_00_%_00_P0_0.xmot
28736	28760	OUTER_FRAME AI_SET_STATE_BEFORE	ElapsedMs=155217.575 | Actor=PC_Hero | CurrentAction=0 | CurrentStateTime=2.123471
28761	28785	OUTER_FRAME AI_SET_STATE_AFTER	ElapsedMs=155217.601 | Actor=PC_Hero | CurrentAction=0 | CurrentStateTime=0.000000
28786	28802	C1 LIFECYCLE START	ElapsedMs=155227.172 | Actor=PC_Hero | Generation=34 | Status=CANDIDATE | PhysicalCollisionChanged=0
28803	28816	C1-O2 OUTER BINDING	ElapsedMs=155227.205 | Event=COMBAT_MOVE_CANDIDATE_BOUND | Actor=PC_Hero | Generation=34 | Status=CANDIDATE | PhysicalCollisionChanged=0
28817	28841	OUTER_FRAME COMBAT_MOVE_INITIAL	ElapsedMs=155227.216 | Actor=PC_Hero | CurrentAction=11 | CurrentStateTime=0.000000
28842	28866	PRIMARYFIRST StopMotion	ElapsedMs=155227.506
28867	28898	EMPTY-PRIMARY SUCCESSOR STACK	ElapsedMs=155227.538 | Actor=PC_Hero
28899	28923	PRIMARYFIRST PlayMotion	ElapsedMs=155227.537
28924	28934	C1 LIFECYCLE STATUS	ElapsedMs=155227.623 | Event=PERSISTED | Actor=PC_Hero | Generation=34 | Status=PERSISTED | PhysicalCollisionChanged=0
28935	28978	AIFULLSTOP CALLSITE	ElapsedMs=155243.809 | Actor=PC_Hero | CurrentAction=11 | CurrentAniPhase=0 | CurrentStateTime=0.018999 | CurrentMovementAni=Hero_Parade_None_1H_P0_PierceAttack_Raise_N_Fwd_00_%_00_P0_0.xmot
28979	29015	COMBATMOVE FULLSTOP STACK	ElapsedMs=155243.959 | Actor=PC_Hero | CurrentAction=11 | CurrentAniPhase=0 | CurrentStateTime=0.018999 | CurrentMovementAni=Hero_Parade_None_1H_P0_PierceAttack_Raise_N_Fwd_00_%_00_P0_0.xmot
29016	29056	AISETSTATE CALLSITE	ElapsedMs=155244.041 | Actor=PC_Hero | CurrentAction=11 | CurrentAniPhase=0 | CurrentStateTime=0.018999 | CurrentMovementAni=Hero_Parade_None_1H_P0_PierceAttack_Raise_N_Fwd_00_%_00_P0_0.xmot
29057	29081	OUTER_FRAME AI_SET_STATE_BEFORE	ElapsedMs=155244.082 | Actor=PC_Hero | CurrentAction=11 | CurrentStateTime=0.018999
29082	29103	C1 FINALIZATION	ElapsedMs=155244.107 | Reason=AISETSTATE_AFTER_ORIGINAL | Actor=PC_Hero | Generation=34 | Status=PERSISTED | PhysicalCollisionChanged=0
29104	29128	OUTER_FRAME AI_SET_STATE_AFTER	ElapsedMs=155244.129 | Actor=PC_Hero | CurrentAction=11 | CurrentStateTime=0.000000
29129	29145	C1 LIFECYCLE START	ElapsedMs=155247.923 | Actor=PC_Hero | Generation=35 | Status=CANDIDATE | PhysicalCollisionChanged=0
29146	29159	C1-O2 OUTER BINDING	ElapsedMs=155247.954 | Event=COMBAT_MOVE_CANDIDATE_BOUND | Actor=PC_Hero | Generation=35 | Status=CANDIDATE | PhysicalCollisionChanged=0
29160	29184	OUTER_FRAME COMBAT_MOVE_INITIAL	ElapsedMs=155247.966 | Actor=PC_Hero | CurrentAction=4 | CurrentStateTime=0.000000
29185	29209	PRIMARYFIRST StopMotion	ElapsedMs=155248.001
29210	29241	EMPTY-PRIMARY SUCCESSOR STACK	ElapsedMs=155248.026 | Actor=PC_Hero
29242	29266	PRIMARYFIRST PlayMotion	ElapsedMs=155248.024
29267	29277	C1 LIFECYCLE STATUS	ElapsedMs=155248.120 | Event=PERSISTED | Actor=PC_Hero | Generation=35 | Status=PERSISTED | PhysicalCollisionChanged=0
29278	29294	C1 OFFENSE REQUEST	ElapsedMs=155348.704 | Actor=PC_Hero | Generation=35 | Status=PERSISTED | Source=It_1H_Sword_Rust_01 | SourceAddress=E70E9210 | ActualGroup=7 | PhysicalCollisionChanged=0
29295	29321	ENGINE SetCollisionGroup	ElapsedMs=155348.738 | RequestedGroup=7 | BeforeGroup=5 | AfterGroup=7 | PlayerAction=4 | PlayerAniPhase=1 | PlayerStateTime=0.101994 | PlayerCurrentMovementAni=Hero_Stand_None_1H_P0_QuickAttackR_Hit_N_Fwd_00_%_00_P0_100_R.xmot
29322	29351	OUTER_FRAME OFFENSE	ElapsedMs=155348.762 | Actor=PC_Hero | Source=It_1H_Sword_Rust_01 | SourceAddress=E70E9210 | RequestedGroup=7 | BeforeGroup=5 | AfterGroup=7 | CurrentAction=4 | CurrentStateTime=0.101994
29352	29395	AIFULLSTOP CALLSITE	ElapsedMs=155517.408 | Actor=PC_Hero | CurrentAction=4 | CurrentAniPhase=1 | CurrentStateTime=0.273996 | CurrentMovementAni=Hero_Stand_None_1H_P0_QuickAttackR_Hit_N_Fwd_00_%_00_P0_100_R.xmot
29396	29432	COMBATMOVE FULLSTOP STACK	ElapsedMs=155517.511 | Actor=PC_Hero | CurrentAction=4 | CurrentAniPhase=1 | CurrentStateTime=0.273996 | CurrentMovementAni=Hero_Stand_None_1H_P0_QuickAttackR_Hit_N_Fwd_00_%_00_P0_100_R.xmot
29433	29473	AISETSTATE CALLSITE	ElapsedMs=155517.635 | Actor=PC_Hero | CurrentAction=4 | CurrentAniPhase=1 | CurrentStateTime=0.273996 | CurrentMovementAni=Hero_Stand_None_1H_P0_QuickAttackR_Hit_N_Fwd_00_%_00_P0_100_R.xmot
29474	29498	OUTER_FRAME AI_SET_STATE_BEFORE	ElapsedMs=155517.677 | Actor=PC_Hero | CurrentAction=4 | CurrentStateTime=0.273996
29499	29520	C1 FINALIZATION	ElapsedMs=155517.775 | Reason=AISETSTATE_AFTER_ORIGINAL | Actor=PC_Hero | Generation=35 | Status=PERSISTED | PhysicalCollisionChanged=0
29521	29545	OUTER_FRAME AI_SET_STATE_AFTER	ElapsedMs=155517.826 | Actor=PC_Hero | CurrentAction=4 | CurrentStateTime=0.000000
29546	29572	EMPTY-PRIMARY SUCCESSOR STACK	ElapsedMs=155652.470 | Actor=PC_Hero
29573	29597	PRIMARYFIRST PlayMotion	ElapsedMs=155652.467
29598	29637	AISETSTATE CALLSITE	ElapsedMs=156718.926 | Actor=PC_Hero | CurrentAction=0 | CurrentAniPhase=5 | CurrentStateTime=1.196923 | CurrentMovementAni=Hero_Stand_None_1H_P0_Ambient_Loop_N_Fwd_01_%_01_P0_0.xmot
29638	29662	OUTER_FRAME AI_SET_STATE_BEFORE	ElapsedMs=156719.000 | Actor=PC_Hero | CurrentAction=0 | CurrentStateTime=1.196923
29663	29687	OUTER_FRAME AI_SET_STATE_AFTER	ElapsedMs=156719.024 | Actor=PC_Hero | CurrentAction=0 | CurrentStateTime=0.000000
29688	29727	AISETSTATE CALLSITE	ElapsedMs=156728.725 | Actor=PC_Hero | CurrentAction=0 | CurrentAniPhase=5 | CurrentStateTime=0.000000 | CurrentMovementAni=Hero_Stand_None_1H_P0_Ambient_Loop_N_Fwd_01_%_01_P0_0.xmot
29728	29752	OUTER_FRAME AI_SET_STATE_BEFORE	ElapsedMs=156728.792 | Actor=PC_Hero | CurrentAction=0 | CurrentStateTime=0.000000
29753	29777	OUTER_FRAME AI_SET_STATE_AFTER	ElapsedMs=156728.812 | Actor=PC_Hero | CurrentAction=0 | CurrentStateTime=0.000000
29778	29804	EMPTY-PRIMARY SUCCESSOR STACK	ElapsedMs=156738.188 | Actor=PC_Hero
29805	29829	PRIMARYFIRST PlayMotion	ElapsedMs=156738.186
29830	29856	EMPTY-PRIMARY SUCCESSOR STACK	ElapsedMs=158551.236 | Actor=PC_Hero
29857	29881	PRIMARYFIRST PlayMotion	ElapsedMs=158551.234
29882	29921	AISETSTATE CALLSITE	ElapsedMs=158799.459 | Actor=PC_Hero | CurrentAction=0 | CurrentAniPhase=5 | CurrentStateTime=2.059178 | CurrentMovementAni=Hero_Parade_None_1H_P0_Ambient_Loop_N_Fwd_00_%_00_P0_0.xmot
29922	29946	OUTER_FRAME AI_SET_STATE_BEFORE	ElapsedMs=158799.533 | Actor=PC_Hero | CurrentAction=0 | CurrentStateTime=2.059178
29947	29971	OUTER_FRAME AI_SET_STATE_AFTER	ElapsedMs=158799.559 | Actor=PC_Hero | CurrentAction=0 | CurrentStateTime=0.000000
29972	29988	C1 LIFECYCLE START	ElapsedMs=158809.489 | Actor=PC_Hero | Generation=36 | Status=CANDIDATE | PhysicalCollisionChanged=0
29989	30002	C1-O2 OUTER BINDING	ElapsedMs=158809.523 | Event=COMBAT_MOVE_CANDIDATE_BOUND | Actor=PC_Hero | Generation=36 | Status=CANDIDATE | PhysicalCollisionChanged=0
30003	30027	OUTER_FRAME COMBAT_MOVE_INITIAL	ElapsedMs=158809.535 | Actor=PC_Hero | CurrentAction=11 | CurrentStateTime=0.000000
30028	30052	PRIMARYFIRST StopMotion	ElapsedMs=158809.573
30053	30084	EMPTY-PRIMARY SUCCESSOR STACK	ElapsedMs=158809.651 | Actor=PC_Hero
30085	30109	PRIMARYFIRST PlayMotion	ElapsedMs=158809.649
30110	30120	C1 LIFECYCLE STATUS	ElapsedMs=158809.803 | Event=PERSISTED | Actor=PC_Hero | Generation=36 | Status=PERSISTED | PhysicalCollisionChanged=0
30121	30164	AIFULLSTOP CALLSITE	ElapsedMs=158836.135 | Actor=PC_Hero | CurrentAction=11 | CurrentAniPhase=0 | CurrentStateTime=0.030999 | CurrentMovementAni=Hero_Parade_None_1H_P0_PierceAttack_Raise_N_Fwd_00_%_00_P0_0.xmot
30165	30201	COMBATMOVE FULLSTOP STACK	ElapsedMs=158836.293 | Actor=PC_Hero | CurrentAction=11 | CurrentAniPhase=0 | CurrentStateTime=0.030999 | CurrentMovementAni=Hero_Parade_None_1H_P0_PierceAttack_Raise_N_Fwd_00_%_00_P0_0.xmot
30202	30242	AISETSTATE CALLSITE	ElapsedMs=158836.394 | Actor=PC_Hero | CurrentAction=11 | CurrentAniPhase=0 | CurrentStateTime=0.030999 | CurrentMovementAni=Hero_Parade_None_1H_P0_PierceAttack_Raise_N_Fwd_00_%_00_P0_0.xmot
30243	30267	OUTER_FRAME AI_SET_STATE_BEFORE	ElapsedMs=158836.436 | Actor=PC_Hero | CurrentAction=11 | CurrentStateTime=0.030999
30268	30289	C1 FINALIZATION	ElapsedMs=158836.461 | Reason=AISETSTATE_AFTER_ORIGINAL | Actor=PC_Hero | Generation=36 | Status=PERSISTED | PhysicalCollisionChanged=0
30290	30314	OUTER_FRAME AI_SET_STATE_AFTER	ElapsedMs=158836.482 | Actor=PC_Hero | CurrentAction=11 | CurrentStateTime=0.000000
30315	30331	C1 LIFECYCLE START	ElapsedMs=158841.096 | Actor=PC_Hero | Generation=37 | Status=CANDIDATE | PhysicalCollisionChanged=0
30332	30345	C1-O2 OUTER BINDING	ElapsedMs=158841.127 | Event=COMBAT_MOVE_CANDIDATE_BOUND | Actor=PC_Hero | Generation=37 | Status=CANDIDATE | PhysicalCollisionChanged=0
30346	30370	OUTER_FRAME COMBAT_MOVE_INITIAL	ElapsedMs=158841.138 | Actor=PC_Hero | CurrentAction=4 | CurrentStateTime=0.000000
30371	30395	PRIMARYFIRST StopMotion	ElapsedMs=158841.174
30396	30427	EMPTY-PRIMARY SUCCESSOR STACK	ElapsedMs=158841.198 | Actor=PC_Hero
30428	30452	PRIMARYFIRST PlayMotion	ElapsedMs=158841.197
30453	30463	C1 LIFECYCLE STATUS	ElapsedMs=158841.293 | Event=PERSISTED | Actor=PC_Hero | Generation=37 | Status=PERSISTED | PhysicalCollisionChanged=0
30464	30480	C1 OFFENSE REQUEST	ElapsedMs=158940.345 | Actor=PC_Hero | Generation=37 | Status=PERSISTED | Source=It_1H_Sword_Rust_01 | SourceAddress=E70E9210 | ActualGroup=7 | PhysicalCollisionChanged=0
30481	30507	ENGINE SetCollisionGroup	ElapsedMs=158940.378 | RequestedGroup=7 | BeforeGroup=7 | AfterGroup=7 | PlayerAction=4 | PlayerAniPhase=1 | PlayerStateTime=0.100998 | PlayerCurrentMovementAni=Hero_Stand_None_1H_P0_QuickAttackR_Hit_N_Fwd_00_%_00_P0_100_R.xmot
30508	30537	OUTER_FRAME OFFENSE	ElapsedMs=158940.402 | Actor=PC_Hero | Source=It_1H_Sword_Rust_01 | SourceAddress=E70E9210 | RequestedGroup=7 | BeforeGroup=7 | AfterGroup=7 | CurrentAction=4 | CurrentStateTime=0.100998
30538	30581	AIFULLSTOP CALLSITE	ElapsedMs=159163.328 | Actor=PC_Hero | CurrentAction=4 | CurrentAniPhase=1 | CurrentStateTime=0.327304 | CurrentMovementAni=Hero_Stand_None_1H_P0_QuickAttackR_Hit_N_Fwd_00_%_00_P0_100_R.xmot
30582	30618	COMBATMOVE FULLSTOP STACK	ElapsedMs=159163.424 | Actor=PC_Hero | CurrentAction=4 | CurrentAniPhase=1 | CurrentStateTime=0.327304 | CurrentMovementAni=Hero_Stand_None_1H_P0_QuickAttackR_Hit_N_Fwd_00_%_00_P0_100_R.xmot
30619	30659	AISETSTATE CALLSITE	ElapsedMs=159163.536 | Actor=PC_Hero | CurrentAction=4 | CurrentAniPhase=1 | CurrentStateTime=0.327304 | CurrentMovementAni=Hero_Stand_None_1H_P0_QuickAttackR_Hit_N_Fwd_00_%_00_P0_100_R.xmot
30660	30684	OUTER_FRAME AI_SET_STATE_BEFORE	ElapsedMs=159163.705 | Actor=PC_Hero | CurrentAction=4 | CurrentStateTime=0.327304
30685	30706	C1 FINALIZATION	ElapsedMs=159163.732 | Reason=AISETSTATE_AFTER_ORIGINAL | Actor=PC_Hero | Generation=37 | Status=PERSISTED | PhysicalCollisionChanged=0
30707	30731	OUTER_FRAME AI_SET_STATE_AFTER	ElapsedMs=159163.754 | Actor=PC_Hero | CurrentAction=4 | CurrentStateTime=0.000000
30732	30758	EMPTY-PRIMARY SUCCESSOR STACK	ElapsedMs=159247.900 | Actor=PC_Hero
30759	30783	PRIMARYFIRST PlayMotion	ElapsedMs=159247.898
30784	30823	AISETSTATE CALLSITE	ElapsedMs=160301.350 | Actor=PC_Hero | CurrentAction=0 | CurrentAniPhase=5 | CurrentStateTime=1.134925 | CurrentMovementAni=Hero_Stand_None_1H_P0_Ambient_Loop_N_Fwd_01_%_01_P0_0.xmot
30824	30848	OUTER_FRAME AI_SET_STATE_BEFORE	ElapsedMs=160301.423 | Actor=PC_Hero | CurrentAction=0 | CurrentStateTime=1.134925
30849	30873	OUTER_FRAME AI_SET_STATE_AFTER	ElapsedMs=160301.448 | Actor=PC_Hero | CurrentAction=0 | CurrentStateTime=0.000000
30874	30913	AISETSTATE CALLSITE	ElapsedMs=160311.301 | Actor=PC_Hero | CurrentAction=0 | CurrentAniPhase=5 | CurrentStateTime=0.000000 | CurrentMovementAni=Hero_Stand_None_1H_P0_Ambient_Loop_N_Fwd_01_%_01_P0_0.xmot
30914	30938	OUTER_FRAME AI_SET_STATE_BEFORE	ElapsedMs=160311.366 | Actor=PC_Hero | CurrentAction=0 | CurrentStateTime=0.000000
30939	30963	OUTER_FRAME AI_SET_STATE_AFTER	ElapsedMs=160311.388 | Actor=PC_Hero | CurrentAction=0 | CurrentStateTime=0.000000
30964	30990	EMPTY-PRIMARY SUCCESSOR STACK	ElapsedMs=160321.740 | Actor=PC_Hero
30991	31015	PRIMARYFIRST PlayMotion	ElapsedMs=160321.739
31016	31042	EMPTY-PRIMARY SUCCESSOR STACK	ElapsedMs=162123.779 | Actor=PC_Hero
31043	31067	PRIMARYFIRST PlayMotion	ElapsedMs=162123.777
31068	31107	AISETSTATE CALLSITE	ElapsedMs=162401.176 | Actor=PC_Hero | CurrentAction=0 | CurrentAniPhase=5 | CurrentStateTime=2.078865 | CurrentMovementAni=Hero_Parade_None_1H_P0_Ambient_Loop_N_Fwd_00_%_00_P0_0.xmot
31108	31132	OUTER_FRAME AI_SET_STATE_BEFORE	ElapsedMs=162401.246 | Actor=PC_Hero | CurrentAction=0 | CurrentStateTime=2.078865
31133	31157	OUTER_FRAME AI_SET_STATE_AFTER	ElapsedMs=162401.271 | Actor=PC_Hero | CurrentAction=0 | CurrentStateTime=0.000000
31158	31174	C1 LIFECYCLE START	ElapsedMs=162411.307 | Actor=PC_Hero | Generation=38 | Status=CANDIDATE | PhysicalCollisionChanged=0
31175	31188	C1-O2 OUTER BINDING	ElapsedMs=162411.341 | Event=COMBAT_MOVE_CANDIDATE_BOUND | Actor=PC_Hero | Generation=38 | Status=CANDIDATE | PhysicalCollisionChanged=0
31189	31213	OUTER_FRAME COMBAT_MOVE_INITIAL	ElapsedMs=162411.353 | Actor=PC_Hero | CurrentAction=5 | CurrentStateTime=0.000000
31214	31238	PRIMARYFIRST StopMotion	ElapsedMs=162411.624
31239	31270	EMPTY-PRIMARY SUCCESSOR STACK	ElapsedMs=162411.658 | Actor=PC_Hero
31271	31295	PRIMARYFIRST PlayMotion	ElapsedMs=162411.656
31296	31306	C1 LIFECYCLE STATUS	ElapsedMs=162411.751 | Event=PERSISTED | Actor=PC_Hero | Generation=38 | Status=PERSISTED | PhysicalCollisionChanged=0
31307	31331	MARKER OWNERSHIP DECISION	ElapsedMs=162411.769 | Actor=PC_Hero | CurrentMovementAni=Hero_Stand_None_1H_P0_QuickAttackL_Hit_N_Fwd_00_%_00_P0_100_L.xmot
31332	31348	C1 OFFENSE REQUEST	ElapsedMs=162511.359 | Actor=PC_Hero | Generation=38 | Status=PERSISTED | Source=It_1H_Sword_Rust_01 | SourceAddress=E70E9210 | ActualGroup=7 | PhysicalCollisionChanged=0
31349	31375	ENGINE SetCollisionGroup	ElapsedMs=162511.410 | RequestedGroup=7 | BeforeGroup=7 | AfterGroup=7 | PlayerAction=5 | PlayerAniPhase=1 | PlayerStateTime=0.101997 | PlayerCurrentMovementAni=Hero_Stand_None_1H_P0_QuickAttackL_Hit_N_Fwd_00_%_00_P0_100_L.xmot
31376	31405	OUTER_FRAME OFFENSE	ElapsedMs=162511.452 | Actor=PC_Hero | Source=It_1H_Sword_Rust_01 | SourceAddress=E70E9210 | RequestedGroup=7 | BeforeGroup=7 | AfterGroup=7 | CurrentAction=5 | CurrentStateTime=0.101997
31406	31449	AIFULLSTOP CALLSITE	ElapsedMs=162745.322 | Actor=PC_Hero | CurrentAction=5 | CurrentAniPhase=1 | CurrentStateTime=0.339000 | CurrentMovementAni=Hero_Stand_None_1H_P0_QuickAttackL_Hit_N_Fwd_00_%_00_P0_100_L.xmot
31450	31486	COMBATMOVE FULLSTOP STACK	ElapsedMs=162745.421 | Actor=PC_Hero | CurrentAction=5 | CurrentAniPhase=1 | CurrentStateTime=0.339000 | CurrentMovementAni=Hero_Stand_None_1H_P0_QuickAttackL_Hit_N_Fwd_00_%_00_P0_100_L.xmot
31487	31527	AISETSTATE CALLSITE	ElapsedMs=162745.503 | Actor=PC_Hero | CurrentAction=5 | CurrentAniPhase=1 | CurrentStateTime=0.339000 | CurrentMovementAni=Hero_Stand_None_1H_P0_QuickAttackL_Hit_N_Fwd_00_%_00_P0_100_L.xmot
31528	31552	OUTER_FRAME AI_SET_STATE_BEFORE	ElapsedMs=162745.669 | Actor=PC_Hero | CurrentAction=5 | CurrentStateTime=0.339000
31553	31574	C1 FINALIZATION	ElapsedMs=162745.695 | Reason=AISETSTATE_AFTER_ORIGINAL | Actor=PC_Hero | Generation=38 | Status=PERSISTED | PhysicalCollisionChanged=0
31575	31599	OUTER_FRAME AI_SET_STATE_AFTER	ElapsedMs=162745.714 | Actor=PC_Hero | CurrentAction=5 | CurrentStateTime=0.000000
31600	31626	EMPTY-PRIMARY SUCCESSOR STACK	ElapsedMs=162856.850 | Actor=PC_Hero
31627	31651	PRIMARYFIRST PlayMotion	ElapsedMs=162856.848
31652	31691	AISETSTATE CALLSITE	ElapsedMs=163886.755 | Actor=PC_Hero | CurrentAction=0 | CurrentAniPhase=5 | CurrentStateTime=1.136900 | CurrentMovementAni=Hero_Stand_None_1H_P0_Ambient_Loop_N_Fwd_00_%_01_P0_0.xmot
31692	31716	OUTER_FRAME AI_SET_STATE_BEFORE	ElapsedMs=163886.824 | Actor=PC_Hero | CurrentAction=0 | CurrentStateTime=1.136900
31717	31741	OUTER_FRAME AI_SET_STATE_AFTER	ElapsedMs=163886.847 | Actor=PC_Hero | CurrentAction=0 | CurrentStateTime=0.000000
31742	31781	AISETSTATE CALLSITE	ElapsedMs=163896.480 | Actor=PC_Hero | CurrentAction=0 | CurrentAniPhase=5 | CurrentStateTime=0.000000 | CurrentMovementAni=Hero_Stand_None_1H_P0_Ambient_Loop_N_Fwd_00_%_01_P0_0.xmot
31782	31806	OUTER_FRAME AI_SET_STATE_BEFORE	ElapsedMs=163896.551 | Actor=PC_Hero | CurrentAction=0 | CurrentStateTime=0.000000
31807	31831	OUTER_FRAME AI_SET_STATE_AFTER	ElapsedMs=163896.576 | Actor=PC_Hero | CurrentAction=0 | CurrentStateTime=0.000000
31832	31858	EMPTY-PRIMARY SUCCESSOR STACK	ElapsedMs=163906.082 | Actor=PC_Hero
31859	31883	PRIMARYFIRST PlayMotion	ElapsedMs=163906.080
31884	31910	EMPTY-PRIMARY SUCCESSOR STACK	ElapsedMs=165713.140 | Actor=PC_Hero
31911	31935	PRIMARYFIRST PlayMotion	ElapsedMs=165713.139
31936	31975	AISETSTATE CALLSITE	ElapsedMs=165722.754 | Actor=PC_Hero | CurrentAction=0 | CurrentAniPhase=5 | CurrentStateTime=1.815907 | CurrentMovementAni=Hero_Parade_None_1H_P0_Ambient_Loop_N_Fwd_00_%_00_P0_0.xmot
31976	32000	OUTER_FRAME AI_SET_STATE_BEFORE	ElapsedMs=165722.822 | Actor=PC_Hero | CurrentAction=0 | CurrentStateTime=1.815907
32001	32025	OUTER_FRAME AI_SET_STATE_AFTER	ElapsedMs=165722.845 | Actor=PC_Hero | CurrentAction=0 | CurrentStateTime=0.000000
32026	32069	AIFULLSTOP CALLSITE	ElapsedMs=165729.372 | Actor=PC_Hero | CurrentAction=0 | CurrentAniPhase=5 | CurrentStateTime=0.000000 | CurrentMovementAni=Hero_Parade_None_1H_P0_Ambient_Loop_N_Fwd_00_%_00_P0_0.xmot
32070	32110	AISETSTATE CALLSITE	ElapsedMs=165729.627 | Actor=PC_Hero | CurrentAction=0 | CurrentAniPhase=5 | CurrentStateTime=0.000000 | CurrentMovementAni=Hero_Parade_None_1H_P0_Ambient_Loop_N_Fwd_00_%_00_P0_0.xmot
32111	32135	OUTER_FRAME AI_SET_STATE_BEFORE	ElapsedMs=165729.671 | Actor=PC_Hero | CurrentAction=0 | CurrentStateTime=0.000000
32136	32160	OUTER_FRAME AI_SET_STATE_AFTER	ElapsedMs=165729.693 | Actor=PC_Hero | CurrentAction=0 | CurrentStateTime=0.000000
32161	32177	C1 LIFECYCLE START	ElapsedMs=165733.604 | Actor=PC_Hero | Generation=39 | Status=CANDIDATE | PhysicalCollisionChanged=0
32178	32191	C1-O2 OUTER BINDING	ElapsedMs=165733.639 | Event=COMBAT_MOVE_CANDIDATE_BOUND | Actor=PC_Hero | Generation=39 | Status=CANDIDATE | PhysicalCollisionChanged=0
32192	32216	OUTER_FRAME COMBAT_MOVE_INITIAL	ElapsedMs=165733.650 | Actor=PC_Hero | CurrentAction=4 | CurrentStateTime=0.000000
32217	32241	PRIMARYFIRST StopMotion	ElapsedMs=165733.688
32242	32273	EMPTY-PRIMARY SUCCESSOR STACK	ElapsedMs=165733.713 | Actor=PC_Hero
32274	32298	PRIMARYFIRST PlayMotion	ElapsedMs=165733.712
32299	32309	C1 LIFECYCLE STATUS	ElapsedMs=165733.808 | Event=PERSISTED | Actor=PC_Hero | Generation=39 | Status=PERSISTED | PhysicalCollisionChanged=0
32310	32334	MARKER OWNERSHIP DECISION	ElapsedMs=165733.824 | Actor=PC_Hero | CurrentMovementAni=Hero_Stand_None_1H_P0_QuickAttackR_Hit_N_Fwd_00_%_00_P0_100_R.xmot
32335	32351	C1 OFFENSE REQUEST	ElapsedMs=165832.926 | Actor=PC_Hero | Generation=39 | Status=PERSISTED | Source=It_1H_Sword_Rust_01 | SourceAddress=E70E9210 | ActualGroup=7 | PhysicalCollisionChanged=0
32352	32378	ENGINE SetCollisionGroup	ElapsedMs=165832.962 | RequestedGroup=7 | BeforeGroup=7 | AfterGroup=7 | PlayerAction=4 | PlayerAniPhase=1 | PlayerStateTime=0.100021 | PlayerCurrentMovementAni=Hero_Stand_None_1H_P0_QuickAttackR_Hit_N_Fwd_00_%_00_P0_100_R.xmot
32379	32408	OUTER_FRAME OFFENSE	ElapsedMs=165832.988 | Actor=PC_Hero | Source=It_1H_Sword_Rust_01 | SourceAddress=E70E9210 | RequestedGroup=7 | BeforeGroup=7 | AfterGroup=7 | CurrentAction=4 | CurrentStateTime=0.100021
32409	32431	COMBATMOVE STARTRECOVER BEGIN	ElapsedMs=166134.543 | Actor=PC_Hero | CurrentAction=4 | CurrentAniPhase=1 | CurrentMovementAni=Hero_Stand_None_1H_P0_QuickAttackR_Hit_N_Fwd_00_%_00_P0_100_R.xmot
32432	32456	PRIMARYFIRST StopMotion	ElapsedMs=166134.642
32457	32483	EMPTY-PRIMARY SUCCESSOR STACK	ElapsedMs=166134.669 | Actor=PC_Hero
32484	32508	PRIMARYFIRST PlayMotion	ElapsedMs=166134.668
32509	32531	COMBATMOVE STARTRECOVER END	ElapsedMs=166134.735 | Actor=PC_Hero | CurrentAction=4 | CurrentAniPhase=3 | CurrentMovementAni=Hero_Stand_None_1H_P0_QuickAttackR_Hit_N_Fwd_00_%_00_P0_100_R.xmot
32532	32548	C1 CLEANUP FULFILLED	ElapsedMs=166134.791 | Actor=PC_Hero | Generation=39 | Status=PERSISTED | Source=It_1H_Sword_Rust_01 | SourceAddress=E70E9210 | ActualGroup=5 | PhysicalCollisionChanged=0
32549	32575	ENGINE SetCollisionGroup	ElapsedMs=166134.806 | RequestedGroup=5 | BeforeGroup=7 | AfterGroup=5 | PlayerAction=4 | PlayerAniPhase=3 | PlayerStateTime=0.402296 | PlayerCurrentMovementAni=Hero_Stand_None_1H_P0_QuickAttackR_Hit_N_Fwd_00_%_00_P0_100_R.xmot
32576	32595	NATIVE CLEANUP CALL SITE	ElapsedMs=166134.824 | Source=It_1H_Sword_Rust_01 | SourceAddress=E70E9210 | RequestedGroup=5 | BeforeGroup=7 | AfterGroup=5
32596	32625	OUTER_FRAME CLEANUP	ElapsedMs=166134.845 | Actor=PC_Hero | Source=It_1H_Sword_Rust_01 | SourceAddress=E70E9210 | RequestedGroup=5 | BeforeGroup=7 | AfterGroup=5 | CurrentAction=4 | CurrentStateTime=0.402296
32626	32665	AISETSTATE CALLSITE	ElapsedMs=166238.253 | Actor=PC_Hero | CurrentAction=4 | CurrentAniPhase=3 | CurrentStateTime=0.505499 | CurrentMovementAni=Hero_Stand_None_1H_P0_QuickAttackR_Recover_N_Fwd_00_%_00_P0_0_R.xmot
32666	32690	OUTER_FRAME AI_SET_STATE_BEFORE	ElapsedMs=166238.376 | Actor=PC_Hero | CurrentAction=4 | CurrentStateTime=0.505499
32691	32712	C1 FINALIZATION	ElapsedMs=166238.401 | Reason=AISETSTATE_AFTER_ORIGINAL | Actor=PC_Hero | Generation=39 | Status=PERSISTED | PhysicalCollisionChanged=0
32713	32737	OUTER_FRAME AI_SET_STATE_AFTER	ElapsedMs=166238.424 | Actor=PC_Hero | CurrentAction=4 | CurrentStateTime=0.000000
32738	32777	AISETSTATE CALLSITE	ElapsedMs=166238.470 | Actor=PC_Hero | CurrentAction=0 | CurrentAniPhase=3 | CurrentStateTime=0.000000 | CurrentMovementAni=Hero_Stand_None_1H_P0_QuickAttackR_Recover_N_Fwd_00_%_00_P0_0_R.xmot
32778	32802	OUTER_FRAME AI_SET_STATE_BEFORE	ElapsedMs=166238.508 | Actor=PC_Hero | CurrentAction=0 | CurrentStateTime=0.000000
32803	32827	OUTER_FRAME AI_SET_STATE_AFTER	ElapsedMs=166238.527 | Actor=PC_Hero | CurrentAction=0 | CurrentStateTime=0.000000
32828	32867	AISETSTATE CALLSITE	ElapsedMs=166248.225 | Actor=PC_Hero | CurrentAction=0 | CurrentAniPhase=3 | CurrentStateTime=0.000000 | CurrentMovementAni=Hero_Stand_None_1H_P0_QuickAttackR_Recover_N_Fwd_00_%_00_P0_0_R.xmot
32868	32892	OUTER_FRAME AI_SET_STATE_BEFORE	ElapsedMs=166248.296 | Actor=PC_Hero | CurrentAction=0 | CurrentStateTime=0.000000
32893	32917	OUTER_FRAME AI_SET_STATE_AFTER	ElapsedMs=166248.321 | Actor=PC_Hero | CurrentAction=0 | CurrentStateTime=0.000000
32918	32961	AIFULLSTOP CALLSITE	ElapsedMs=166330.494 | Actor=PC_Hero | CurrentAction=0 | CurrentAniPhase=3 | CurrentStateTime=0.076993 | CurrentMovementAni=Hero_Stand_None_1H_P0_QuickAttackR_Recover_N_Fwd_00_%_00_P0_0_R.xmot
32962	33002	AISETSTATE CALLSITE	ElapsedMs=166330.642 | Actor=PC_Hero | CurrentAction=0 | CurrentAniPhase=3 | CurrentStateTime=0.076993 | CurrentMovementAni=Hero_Stand_None_1H_P0_QuickAttackR_Recover_N_Fwd_00_%_00_P0_0_R.xmot
33003	33027	OUTER_FRAME AI_SET_STATE_BEFORE	ElapsedMs=166330.719 | Actor=PC_Hero | CurrentAction=0 | CurrentStateTime=0.076993
33028	33052	OUTER_FRAME AI_SET_STATE_AFTER	ElapsedMs=166330.749 | Actor=PC_Hero | CurrentAction=0 | CurrentStateTime=0.000000
33053	33079	EMPTY-PRIMARY SUCCESSOR STACK	ElapsedMs=166631.128 | Actor=PC_Hero
33080	33104	PRIMARYFIRST PlayMotion	ElapsedMs=166631.127
33105	33131	EMPTY-PRIMARY SUCCESSOR STACK	ElapsedMs=168434.007 | Actor=PC_Hero
33132	33156	PRIMARYFIRST PlayMotion	ElapsedMs=168434.005
33157	33198	AISETSTATE CALLSITE	ElapsedMs=169400.680 | Actor=PC_Hero | CurrentAction=0 | CurrentAniPhase=5 | CurrentStateTime=3.070066 | CurrentMovementAni=Hero_Stand_None_1H_P0_Ambient_Loop_N_Fwd_01_%_01_P0_0.xmot
33199	33223	OUTER_FRAME AI_SET_STATE_BEFORE	ElapsedMs=169400.817 | Actor=PC_Hero | CurrentAction=0 | CurrentStateTime=3.070066
33224	33248	OUTER_FRAME AI_SET_STATE_AFTER	ElapsedMs=169400.905 | Actor=PC_Hero | CurrentAction=0 | CurrentStateTime=0.000000
33249	33273	PRIMARYFIRST StopMotion	ElapsedMs=169407.230
33274	33300	EMPTY-PRIMARY SUCCESSOR STACK	ElapsedMs=169407.269 | Actor=PC_Hero
33301	33325	PRIMARYFIRST PlayMotion	ElapsedMs=169407.268
33326	33350	PRIMARYFIRST StopMotion	ElapsedMs=169965.949
33351	33377	EMPTY-PRIMARY SUCCESSOR STACK	ElapsedMs=169965.999 | Actor=PC_Hero
33378	33402	PRIMARYFIRST PlayMotion	ElapsedMs=169965.998
33403	33442	AISETSTATE CALLSITE	ElapsedMs=170168.106 | Actor=PC_Hero | CurrentAction=0 | CurrentAniPhase=4 | CurrentStateTime=0.000000 | CurrentMovementAni=Hero_Stand_None_1H_P0_HoldRight_Begin_N_Fwd_00_%_00_P0_0.xmot
33443	33467	OUTER_FRAME AI_SET_STATE_BEFORE	ElapsedMs=170168.169 | Actor=PC_Hero | CurrentAction=0 | CurrentStateTime=0.000000
33468	33492	OUTER_FRAME AI_SET_STATE_AFTER	ElapsedMs=170168.190 | Actor=PC_Hero | CurrentAction=0 | CurrentStateTime=0.000000
33493	33532	AISETSTATE CALLSITE	ElapsedMs=172529.674 | Actor=PC_Hero | CurrentAction=0 | CurrentAniPhase=4 | CurrentStateTime=2.351469 | CurrentMovementAni=Hero_Stand_None_1H_P0_HoldRight_Begin_N_Fwd_00_%_00_P0_0.xmot
33533	33557	OUTER_FRAME AI_SET_STATE_BEFORE	ElapsedMs=172529.760 | Actor=PC_Hero | CurrentAction=0 | CurrentStateTime=2.351469
33558	33582	OUTER_FRAME AI_SET_STATE_AFTER	ElapsedMs=172529.784 | Actor=PC_Hero | CurrentAction=0 | CurrentStateTime=0.000000
33583	33622	AISETSTATE CALLSITE	ElapsedMs=172532.576 | Actor=PC_Hero | CurrentAction=0 | CurrentAniPhase=4 | CurrentStateTime=0.000000 | CurrentMovementAni=Hero_Stand_None_1H_P0_HoldRight_Begin_N_Fwd_00_%_00_P0_0.xmot
33623	33647	OUTER_FRAME AI_SET_STATE_BEFORE	ElapsedMs=172532.634 | Actor=PC_Hero | CurrentAction=0 | CurrentStateTime=0.000000
33648	33672	OUTER_FRAME AI_SET_STATE_AFTER	ElapsedMs=172532.660 | Actor=PC_Hero | CurrentAction=0 | CurrentStateTime=0.000000
33673	33697	PRIMARYFIRST StopMotion	ElapsedMs=173635.209
33698	33724	EMPTY-PRIMARY SUCCESSOR STACK	ElapsedMs=173635.249 | Actor=PC_Hero
33725	33749	PRIMARYFIRST PlayMotion	ElapsedMs=173635.248
33750	33774	PRIMARYFIRST StopMotion	ElapsedMs=173963.774
33775	33801	EMPTY-PRIMARY SUCCESSOR STACK	ElapsedMs=173963.814 | Actor=PC_Hero
33802	33826	PRIMARYFIRST PlayMotion	ElapsedMs=173963.813
33827	33866	AISETSTATE CALLSITE	ElapsedMs=174329.490 | Actor=PC_Hero | CurrentAction=68 | CurrentAniPhase=6 | CurrentStateTime=0.768990 | CurrentMovementAni=Hero_Stand_Shield_1H_P0_Hold_End_N_Fwd_00_%_00_P0_0.xmot
33867	33891	OUTER_FRAME AI_SET_STATE_BEFORE	ElapsedMs=174329.559 | Actor=PC_Hero | CurrentAction=68 | CurrentStateTime=0.768990
33892	33916	OUTER_FRAME AI_SET_STATE_AFTER	ElapsedMs=174329.581 | Actor=PC_Hero | CurrentAction=68 | CurrentStateTime=0.000000
33917	33956	AISETSTATE CALLSITE	ElapsedMs=174905.489 | Actor=PC_Hero | CurrentAction=0 | CurrentAniPhase=6 | CurrentStateTime=0.566959 | CurrentMovementAni=Hero_Stand_Shield_1H_P0_Hold_End_N_Fwd_00_%_00_P0_0.xmot
33957	33981	OUTER_FRAME AI_SET_STATE_BEFORE	ElapsedMs=174905.563 | Actor=PC_Hero | CurrentAction=0 | CurrentStateTime=0.566959
33982	34006	OUTER_FRAME AI_SET_STATE_AFTER	ElapsedMs=174905.586 | Actor=PC_Hero | CurrentAction=0 | CurrentStateTime=0.000000
34007	34028	C1 LIFECYCLE START	ElapsedMs=174915.340 | Actor=PC_Hero | Generation=40 | Status=CANDIDATE | PhysicalCollisionChanged=0
34029	34042	C1-O2 OUTER BINDING	ElapsedMs=174915.378 | Event=COMBAT_MOVE_CANDIDATE_BOUND | Actor=PC_Hero | Generation=40 | Status=CANDIDATE | PhysicalCollisionChanged=0
34043	34067	OUTER_FRAME COMBAT_MOVE_INITIAL	ElapsedMs=174915.390 | Actor=PC_Hero | CurrentAction=16 | CurrentStateTime=0.000000
34068	34092	PRIMARYFIRST StopMotion	ElapsedMs=174915.696
34093	34124	EMPTY-PRIMARY SUCCESSOR STACK	ElapsedMs=174915.726 | Actor=PC_Hero
34125	34149	PRIMARYFIRST PlayMotion	ElapsedMs=174915.725
34150	34160	C1 LIFECYCLE STATUS	ElapsedMs=174915.816 | Event=PERSISTED | Actor=PC_Hero | Generation=40 | Status=PERSISTED | PhysicalCollisionChanged=0
34161	34200	AISETSTATE CALLSITE	ElapsedMs=175262.616 | Actor=PC_Hero | CurrentAction=16 | CurrentAniPhase=4 | CurrentStateTime=0.347959 | CurrentMovementAni=Hero_Stand_Shield_1H_P0_Parade_Begin_N_Fwd_00_%_00_P1_0.xmot
34201	34225	OUTER_FRAME AI_SET_STATE_BEFORE	ElapsedMs=175262.691 | Actor=PC_Hero | CurrentAction=16 | CurrentStateTime=0.347959
34226	34258	C1 FINALIZATION	ElapsedMs=175262.719 | Reason=AISETSTATE_AFTER_ORIGINAL | Actor=PC_Hero | Generation=40 | Status=PERSISTED | PhysicalCollisionChanged=0
34259	34283	OUTER_FRAME AI_SET_STATE_AFTER	ElapsedMs=175262.748 | Actor=PC_Hero | CurrentAction=16 | CurrentStateTime=0.000000
34284	34310	EMPTY-PRIMARY SUCCESSOR STACK	ElapsedMs=175281.592 | Actor=PC_Hero
34311	34335	PRIMARYFIRST PlayMotion	ElapsedMs=175281.590
34336	34375	AISETSTATE CALLSITE	ElapsedMs=177188.310 | Actor=PC_Hero | CurrentAction=0 | CurrentAniPhase=5 | CurrentStateTime=1.917119 | CurrentMovementAni=Hero_Parade_Shield_1H_P1_Ambient_Loop_N_Fwd_00_%_00_P1_0.xmot
34376	34400	OUTER_FRAME AI_SET_STATE_BEFORE	ElapsedMs=177188.383 | Actor=PC_Hero | CurrentAction=0 | CurrentStateTime=1.917119
34401	34425	OUTER_FRAME AI_SET_STATE_AFTER	ElapsedMs=177188.407 | Actor=PC_Hero | CurrentAction=0 | CurrentStateTime=0.000000
34426	34447	C1 LIFECYCLE START	ElapsedMs=177198.384 | Actor=PC_Hero | Generation=41 | Status=CANDIDATE | PhysicalCollisionChanged=0
34448	34461	C1-O2 OUTER BINDING	ElapsedMs=177198.426 | Event=COMBAT_MOVE_CANDIDATE_BOUND | Actor=PC_Hero | Generation=41 | Status=CANDIDATE | PhysicalCollisionChanged=0
34462	34486	OUTER_FRAME COMBAT_MOVE_INITIAL	ElapsedMs=177198.438 | Actor=PC_Hero | CurrentAction=11 | CurrentStateTime=0.000000
34487	34511	PRIMARYFIRST StopMotion	ElapsedMs=177198.712
34512	34543	EMPTY-PRIMARY SUCCESSOR STACK	ElapsedMs=177198.742 | Actor=PC_Hero
34544	34568	PRIMARYFIRST PlayMotion	ElapsedMs=177198.740
34569	34579	C1 LIFECYCLE STATUS	ElapsedMs=177198.832 | Event=PERSISTED | Actor=PC_Hero | Generation=41 | Status=PERSISTED | PhysicalCollisionChanged=0
34580	34623	AIFULLSTOP CALLSITE	ElapsedMs=177229.119 | Actor=PC_Hero | CurrentAction=11 | CurrentAniPhase=0 | CurrentStateTime=0.031988 | CurrentMovementAni=Hero_Parade_Shield_1H_P1_PierceAttack_Raise_N_Fwd_00_%_00_P1_0_F.xmot
34624	34660	COMBATMOVE FULLSTOP STACK	ElapsedMs=177229.383 | Actor=PC_Hero | CurrentAction=11 | CurrentAniPhase=0 | CurrentStateTime=0.031988 | CurrentMovementAni=Hero_Parade_Shield_1H_P1_PierceAttack_Raise_N_Fwd_00_%_00_P1_0_F.xmot
34661	34701	AISETSTATE CALLSITE	ElapsedMs=177229.458 | Actor=PC_Hero | CurrentAction=11 | CurrentAniPhase=0 | CurrentStateTime=0.031988 | CurrentMovementAni=Hero_Parade_Shield_1H_P1_PierceAttack_Raise_N_Fwd_00_%_00_P1_0_F.xmot
34702	34726	OUTER_FRAME AI_SET_STATE_BEFORE	ElapsedMs=177229.504 | Actor=PC_Hero | CurrentAction=11 | CurrentStateTime=0.031988
34727	34759	C1 FINALIZATION	ElapsedMs=177229.530 | Reason=AISETSTATE_AFTER_ORIGINAL | Actor=PC_Hero | Generation=41 | Status=PERSISTED | PhysicalCollisionChanged=0
34760	34784	OUTER_FRAME AI_SET_STATE_AFTER	ElapsedMs=177229.558 | Actor=PC_Hero | CurrentAction=11 | CurrentStateTime=0.000000
34785	34806	C1 LIFECYCLE START	ElapsedMs=177230.638 | Actor=PC_Hero | Generation=42 | Status=CANDIDATE | PhysicalCollisionChanged=0
34807	34820	C1-O2 OUTER BINDING	ElapsedMs=177230.685 | Event=COMBAT_MOVE_CANDIDATE_BOUND | Actor=PC_Hero | Generation=42 | Status=CANDIDATE | PhysicalCollisionChanged=0
34821	34845	OUTER_FRAME COMBAT_MOVE_INITIAL	ElapsedMs=177230.709 | Actor=PC_Hero | CurrentAction=5 | CurrentStateTime=0.000000
34846	34870	PRIMARYFIRST StopMotion	ElapsedMs=177230.975
34871	34902	EMPTY-PRIMARY SUCCESSOR STACK	ElapsedMs=177231.003 | Actor=PC_Hero
34903	34927	PRIMARYFIRST PlayMotion	ElapsedMs=177231.003
34928	34938	C1 LIFECYCLE STATUS	ElapsedMs=177231.096 | Event=PERSISTED | Actor=PC_Hero | Generation=42 | Status=PERSISTED | PhysicalCollisionChanged=0
34939	34967	MARKER OWNERSHIP DECISION	ElapsedMs=177231.113 | Actor=PC_Hero | CurrentMovementAni=Hero_Stand_Shield_1H_P1_QuickAttackL_Hit_N_Fwd_00_%_00_P50_100_L.xmot
34968	34984	C1 OFFENSE REQUEST	ElapsedMs=177337.786 | Actor=PC_Hero | Generation=42 | Status=PERSISTED | Source=It_1H_Sword_Rust_01 | SourceAddress=E6F57410 | ActualGroup=7 | PhysicalCollisionChanged=0
34985	35011	ENGINE SetCollisionGroup	ElapsedMs=177337.823 | RequestedGroup=7 | BeforeGroup=5 | AfterGroup=7 | PlayerAction=5 | PlayerAniPhase=1 | PlayerStateTime=0.106994 | PlayerCurrentMovementAni=Hero_Stand_Shield_1H_P1_QuickAttackL_Hit_N_Fwd_00_%_00_P50_100_L.xmot
35012	35041	OUTER_FRAME OFFENSE	ElapsedMs=177337.848 | Actor=PC_Hero | Source=It_1H_Sword_Rust_01 | SourceAddress=E6F57410 | RequestedGroup=7 | BeforeGroup=5 | AfterGroup=7 | CurrentAction=5 | CurrentStateTime=0.106994
35042	35085	AIFULLSTOP CALLSITE	ElapsedMs=177347.014 | Actor=PC_Hero | CurrentAction=5 | CurrentAniPhase=1 | CurrentStateTime=0.117005 | CurrentMovementAni=Hero_Stand_Shield_1H_P1_QuickAttackL_Hit_N_Fwd_00_%_00_P50_100_L.xmot
35086	35122	COMBATMOVE FULLSTOP STACK	ElapsedMs=177347.128 | Actor=PC_Hero | CurrentAction=5 | CurrentAniPhase=1 | CurrentStateTime=0.117005 | CurrentMovementAni=Hero_Stand_Shield_1H_P1_QuickAttackL_Hit_N_Fwd_00_%_00_P50_100_L.xmot
35123	35163	AISETSTATE CALLSITE	ElapsedMs=177347.372 | Actor=PC_Hero | CurrentAction=5 | CurrentAniPhase=1 | CurrentStateTime=0.117005 | CurrentMovementAni=Hero_Stand_Shield_1H_P1_QuickAttackL_Hit_N_Fwd_00_%_00_P50_100_L.xmot
35164	35188	OUTER_FRAME AI_SET_STATE_BEFORE	ElapsedMs=177347.434 | Actor=PC_Hero | CurrentAction=5 | CurrentStateTime=0.117005
35189	35221	C1 FINALIZATION	ElapsedMs=177347.460 | Reason=AISETSTATE_AFTER_ORIGINAL | Actor=PC_Hero | Generation=42 | Status=PERSISTED | PhysicalCollisionChanged=0
35222	35246	OUTER_FRAME AI_SET_STATE_AFTER	ElapsedMs=177347.490 | Actor=PC_Hero | CurrentAction=5 | CurrentStateTime=0.000000
35247	35273	EMPTY-PRIMARY SUCCESSOR STACK	ElapsedMs=177638.782 | Actor=PC_Hero
35274	35298	PRIMARYFIRST PlayMotion	ElapsedMs=177638.780
35299	35338	AISETSTATE CALLSITE	ElapsedMs=178693.865 | Actor=PC_Hero | CurrentAction=0 | CurrentAniPhase=5 | CurrentStateTime=1.347812 | CurrentMovementAni=Hero_Stand_Shield_1H_P0_Ambient_Loop_N_Fwd_00_%_00_P0_0.xmot
35339	35363	OUTER_FRAME AI_SET_STATE_BEFORE	ElapsedMs=178693.938 | Actor=PC_Hero | CurrentAction=0 | CurrentStateTime=1.347812
35364	35388	OUTER_FRAME AI_SET_STATE_AFTER	ElapsedMs=178693.966 | Actor=PC_Hero | CurrentAction=0 | CurrentStateTime=0.000000
35389	35410	C1 LIFECYCLE START	ElapsedMs=178703.350 | Actor=PC_Hero | Generation=43 | Status=CANDIDATE | PhysicalCollisionChanged=0
35411	35424	C1-O2 OUTER BINDING	ElapsedMs=178703.388 | Event=COMBAT_MOVE_CANDIDATE_BOUND | Actor=PC_Hero | Generation=43 | Status=CANDIDATE | PhysicalCollisionChanged=0
35425	35449	OUTER_FRAME COMBAT_MOVE_INITIAL	ElapsedMs=178703.400 | Actor=PC_Hero | CurrentAction=16 | CurrentStateTime=0.000000
35450	35474	PRIMARYFIRST StopMotion	ElapsedMs=178703.435
35475	35506	EMPTY-PRIMARY SUCCESSOR STACK	ElapsedMs=178703.459 | Actor=PC_Hero
35507	35531	PRIMARYFIRST PlayMotion	ElapsedMs=178703.458
35532	35542	C1 LIFECYCLE STATUS	ElapsedMs=178703.587 | Event=PERSISTED | Actor=PC_Hero | Generation=43 | Status=PERSISTED | PhysicalCollisionChanged=0
35543	35582	AISETSTATE CALLSITE	ElapsedMs=179053.648 | Actor=PC_Hero | CurrentAction=16 | CurrentAniPhase=4 | CurrentStateTime=0.348983 | CurrentMovementAni=Hero_Stand_Shield_1H_P0_Parade_Begin_N_Fwd_00_%_00_P1_0.xmot
35583	35607	OUTER_FRAME AI_SET_STATE_BEFORE	ElapsedMs=179053.719 | Actor=PC_Hero | CurrentAction=16 | CurrentStateTime=0.348983
35608	35640	C1 FINALIZATION	ElapsedMs=179053.744 | Reason=AISETSTATE_AFTER_ORIGINAL | Actor=PC_Hero | Generation=43 | Status=PERSISTED | PhysicalCollisionChanged=0
35641	35665	OUTER_FRAME AI_SET_STATE_AFTER	ElapsedMs=179053.778 | Actor=PC_Hero | CurrentAction=16 | CurrentStateTime=0.000000
35666	35692	EMPTY-PRIMARY SUCCESSOR STACK	ElapsedMs=179063.347 | Actor=PC_Hero
35693	35717	PRIMARYFIRST PlayMotion	ElapsedMs=179063.345
35718	35757	AISETSTATE CALLSITE	ElapsedMs=180937.966 | Actor=PC_Hero | CurrentAction=0 | CurrentAniPhase=5 | CurrentStateTime=1.875199 | CurrentMovementAni=Hero_Parade_Shield_1H_P1_Ambient_Loop_N_Fwd_00_%_00_P1_0.xmot
35758	35782	OUTER_FRAME AI_SET_STATE_BEFORE	ElapsedMs=180938.042 | Actor=PC_Hero | CurrentAction=0 | CurrentStateTime=1.875199
35783	35807	OUTER_FRAME AI_SET_STATE_AFTER	ElapsedMs=180938.068 | Actor=PC_Hero | CurrentAction=0 | CurrentStateTime=0.000000
35808	35829	C1 LIFECYCLE START	ElapsedMs=180947.985 | Actor=PC_Hero | Generation=44 | Status=CANDIDATE | PhysicalCollisionChanged=0
35830	35843	C1-O2 OUTER BINDING	ElapsedMs=180948.022 | Event=COMBAT_MOVE_CANDIDATE_BOUND | Actor=PC_Hero | Generation=44 | Status=CANDIDATE | PhysicalCollisionChanged=0
35844	35868	OUTER_FRAME COMBAT_MOVE_INITIAL	ElapsedMs=180948.034 | Actor=PC_Hero | CurrentAction=11 | CurrentStateTime=0.000000
35869	35893	PRIMARYFIRST StopMotion	ElapsedMs=180948.069
35894	35925	EMPTY-PRIMARY SUCCESSOR STACK	ElapsedMs=180948.093 | Actor=PC_Hero
35926	35950	PRIMARYFIRST PlayMotion	ElapsedMs=180948.092
35951	35961	C1 LIFECYCLE STATUS	ElapsedMs=180948.187 | Event=PERSISTED | Actor=PC_Hero | Generation=44 | Status=PERSISTED | PhysicalCollisionChanged=0
35962	36005	AIFULLSTOP CALLSITE	ElapsedMs=180966.895 | Actor=PC_Hero | CurrentAction=11 | CurrentAniPhase=0 | CurrentStateTime=0.019012 | CurrentMovementAni=Hero_Parade_Shield_1H_P1_PierceAttack_Raise_N_Fwd_00_%_00_P1_0_F.xmot
36006	36042	COMBATMOVE FULLSTOP STACK	ElapsedMs=180966.970 | Actor=PC_Hero | CurrentAction=11 | CurrentAniPhase=0 | CurrentStateTime=0.019012 | CurrentMovementAni=Hero_Parade_Shield_1H_P1_PierceAttack_Raise_N_Fwd_00_%_00_P1_0_F.xmot
36043	36083	AISETSTATE CALLSITE	ElapsedMs=180967.040 | Actor=PC_Hero | CurrentAction=11 | CurrentAniPhase=0 | CurrentStateTime=0.019012 | CurrentMovementAni=Hero_Parade_Shield_1H_P1_PierceAttack_Raise_N_Fwd_00_%_00_P1_0_F.xmot
36084	36108	OUTER_FRAME AI_SET_STATE_BEFORE	ElapsedMs=180967.084 | Actor=PC_Hero | CurrentAction=11 | CurrentStateTime=0.019012
36109	36141	C1 FINALIZATION	ElapsedMs=180967.108 | Reason=AISETSTATE_AFTER_ORIGINAL | Actor=PC_Hero | Generation=44 | Status=PERSISTED | PhysicalCollisionChanged=0
36142	36166	OUTER_FRAME AI_SET_STATE_AFTER	ElapsedMs=180967.137 | Actor=PC_Hero | CurrentAction=11 | CurrentStateTime=0.000000
36167	36188	C1 LIFECYCLE START	ElapsedMs=180968.298 | Actor=PC_Hero | Generation=45 | Status=CANDIDATE | PhysicalCollisionChanged=0
36189	36202	C1-O2 OUTER BINDING	ElapsedMs=180968.331 | Event=COMBAT_MOVE_CANDIDATE_BOUND | Actor=PC_Hero | Generation=45 | Status=CANDIDATE | PhysicalCollisionChanged=0
36203	36227	OUTER_FRAME COMBAT_MOVE_INITIAL	ElapsedMs=180968.342 | Actor=PC_Hero | CurrentAction=5 | CurrentStateTime=0.000000
36228	36252	PRIMARYFIRST StopMotion	ElapsedMs=180968.379
36253	36284	EMPTY-PRIMARY SUCCESSOR STACK	ElapsedMs=180968.403 | Actor=PC_Hero
36285	36309	PRIMARYFIRST PlayMotion	ElapsedMs=180968.402
36310	36320	C1 LIFECYCLE STATUS	ElapsedMs=180968.498 | Event=PERSISTED | Actor=PC_Hero | Generation=45 | Status=PERSISTED | PhysicalCollisionChanged=0
36321	36337	C1 OFFENSE REQUEST	ElapsedMs=181076.083 | Actor=PC_Hero | Generation=45 | Status=PERSISTED | Source=It_1H_Sword_Rust_01 | SourceAddress=E6F57410 | ActualGroup=7 | PhysicalCollisionChanged=0
36338	36364	ENGINE SetCollisionGroup	ElapsedMs=181076.116 | RequestedGroup=7 | BeforeGroup=7 | AfterGroup=7 | PlayerAction=5 | PlayerAniPhase=1 | PlayerStateTime=0.108977 | PlayerCurrentMovementAni=Hero_Stand_Shield_1H_P1_QuickAttackL_Hit_N_Fwd_00_%_00_P50_100_L.xmot
36365	36394	OUTER_FRAME OFFENSE	ElapsedMs=181076.168 | Actor=PC_Hero | Source=It_1H_Sword_Rust_01 | SourceAddress=E6F57410 | RequestedGroup=7 | BeforeGroup=7 | AfterGroup=7 | CurrentAction=5 | CurrentStateTime=0.108977
36395	36438	AIFULLSTOP CALLSITE	ElapsedMs=181134.850 | Actor=PC_Hero | CurrentAction=5 | CurrentAniPhase=1 | CurrentStateTime=0.167960 | CurrentMovementAni=Hero_Stand_Shield_1H_P1_QuickAttackL_Hit_N_Fwd_00_%_00_P50_100_L.xmot
36439	36475	COMBATMOVE FULLSTOP STACK	ElapsedMs=181135.046 | Actor=PC_Hero | CurrentAction=5 | CurrentAniPhase=1 | CurrentStateTime=0.167960 | CurrentMovementAni=Hero_Stand_Shield_1H_P1_QuickAttackL_Hit_N_Fwd_00_%_00_P50_100_L.xmot
36476	36516	AISETSTATE CALLSITE	ElapsedMs=181135.135 | Actor=PC_Hero | CurrentAction=5 | CurrentAniPhase=1 | CurrentStateTime=0.167960 | CurrentMovementAni=Hero_Stand_Shield_1H_P1_QuickAttackL_Hit_N_Fwd_00_%_00_P50_100_L.xmot
36517	36541	OUTER_FRAME AI_SET_STATE_BEFORE	ElapsedMs=181135.190 | Actor=PC_Hero | CurrentAction=5 | CurrentStateTime=0.167960
36542	36574	C1 FINALIZATION	ElapsedMs=181135.236 | Reason=AISETSTATE_AFTER_ORIGINAL | Actor=PC_Hero | Generation=45 | Status=PERSISTED | PhysicalCollisionChanged=0
36575	36599	OUTER_FRAME AI_SET_STATE_AFTER	ElapsedMs=181135.295 | Actor=PC_Hero | CurrentAction=5 | CurrentStateTime=0.000000
36600	36626	EMPTY-PRIMARY SUCCESSOR STACK	ElapsedMs=181371.042 | Actor=PC_Hero
36627	36651	PRIMARYFIRST PlayMotion	ElapsedMs=181371.040
36652	36691	AISETSTATE CALLSITE	ElapsedMs=182325.592 | Actor=PC_Hero | CurrentAction=0 | CurrentAniPhase=5 | CurrentStateTime=1.189939 | CurrentMovementAni=Hero_Stand_Shield_1H_P0_Ambient_Loop_N_Fwd_00_%_00_P0_0.xmot
36692	36716	OUTER_FRAME AI_SET_STATE_BEFORE	ElapsedMs=182325.669 | Actor=PC_Hero | CurrentAction=0 | CurrentStateTime=1.189939
36717	36741	OUTER_FRAME AI_SET_STATE_AFTER	ElapsedMs=182325.695 | Actor=PC_Hero | CurrentAction=0 | CurrentStateTime=0.000000
36742	36763	C1 LIFECYCLE START	ElapsedMs=182335.121 | Actor=PC_Hero | Generation=46 | Status=CANDIDATE | PhysicalCollisionChanged=0
36764	36777	C1-O2 OUTER BINDING	ElapsedMs=182335.160 | Event=COMBAT_MOVE_CANDIDATE_BOUND | Actor=PC_Hero | Generation=46 | Status=CANDIDATE | PhysicalCollisionChanged=0
36778	36802	OUTER_FRAME COMBAT_MOVE_INITIAL	ElapsedMs=182335.171 | Actor=PC_Hero | CurrentAction=16 | CurrentStateTime=0.000000
36803	36827	PRIMARYFIRST StopMotion	ElapsedMs=182335.209
36828	36859	EMPTY-PRIMARY SUCCESSOR STACK	ElapsedMs=182335.239 | Actor=PC_Hero
36860	36884	PRIMARYFIRST PlayMotion	ElapsedMs=182335.238
36885	36895	C1 LIFECYCLE STATUS	ElapsedMs=182335.332 | Event=PERSISTED | Actor=PC_Hero | Generation=46 | Status=PERSISTED | PhysicalCollisionChanged=0
36896	36935	AISETSTATE CALLSITE	ElapsedMs=182686.830 | Actor=PC_Hero | CurrentAction=16 | CurrentAniPhase=4 | CurrentStateTime=0.350984 | CurrentMovementAni=Hero_Stand_Shield_1H_P0_Parade_Begin_N_Fwd_00_%_00_P1_0.xmot
36936	36960	OUTER_FRAME AI_SET_STATE_BEFORE	ElapsedMs=182686.900 | Actor=PC_Hero | CurrentAction=16 | CurrentStateTime=0.350984
36961	36993	C1 FINALIZATION	ElapsedMs=182686.929 | Reason=AISETSTATE_AFTER_ORIGINAL | Actor=PC_Hero | Generation=46 | Status=PERSISTED | PhysicalCollisionChanged=0
36994	37018	OUTER_FRAME AI_SET_STATE_AFTER	ElapsedMs=182686.961 | Actor=PC_Hero | CurrentAction=16 | CurrentStateTime=0.000000
37019	37045	EMPTY-PRIMARY SUCCESSOR STACK	ElapsedMs=182696.739 | Actor=PC_Hero
37046	37070	PRIMARYFIRST PlayMotion	ElapsedMs=182696.737
37071	37110	AISETSTATE CALLSITE	ElapsedMs=184444.667 | Actor=PC_Hero | CurrentAction=0 | CurrentAniPhase=5 | CurrentStateTime=1.748158 | CurrentMovementAni=Hero_Parade_Shield_1H_P1_Ambient_Loop_N_Fwd_00_%_00_P1_0.xmot
37111	37135	OUTER_FRAME AI_SET_STATE_BEFORE	ElapsedMs=184444.739 | Actor=PC_Hero | CurrentAction=0 | CurrentStateTime=1.748158
37136	37160	OUTER_FRAME AI_SET_STATE_AFTER	ElapsedMs=184444.764 | Actor=PC_Hero | CurrentAction=0 | CurrentStateTime=0.000000
37161	37182	C1 LIFECYCLE START	ElapsedMs=184453.841 | Actor=PC_Hero | Generation=47 | Status=CANDIDATE | PhysicalCollisionChanged=0
37183	37196	C1-O2 OUTER BINDING	ElapsedMs=184453.878 | Event=COMBAT_MOVE_CANDIDATE_BOUND | Actor=PC_Hero | Generation=47 | Status=CANDIDATE | PhysicalCollisionChanged=0
37197	37221	OUTER_FRAME COMBAT_MOVE_INITIAL	ElapsedMs=184453.889 | Actor=PC_Hero | CurrentAction=11 | CurrentStateTime=0.000000
37222	37246	PRIMARYFIRST StopMotion	ElapsedMs=184453.925
37247	37278	EMPTY-PRIMARY SUCCESSOR STACK	ElapsedMs=184453.952 | Actor=PC_Hero
37279	37303	PRIMARYFIRST PlayMotion	ElapsedMs=184453.951
37304	37314	C1 LIFECYCLE STATUS	ElapsedMs=184454.040 | Event=PERSISTED | Actor=PC_Hero | Generation=47 | Status=PERSISTED | PhysicalCollisionChanged=0
37315	37358	AIFULLSTOP CALLSITE	ElapsedMs=184492.687 | Actor=PC_Hero | CurrentAction=11 | CurrentAniPhase=0 | CurrentStateTime=0.038999 | CurrentMovementAni=Hero_Parade_Shield_1H_P1_PierceAttack_Raise_N_Fwd_00_%_00_P1_0_F.xmot
37359	37395	COMBATMOVE FULLSTOP STACK	ElapsedMs=184492.904 | Actor=PC_Hero | CurrentAction=11 | CurrentAniPhase=0 | CurrentStateTime=0.038999 | CurrentMovementAni=Hero_Parade_Shield_1H_P1_PierceAttack_Raise_N_Fwd_00_%_00_P1_0_F.xmot
37396	37436	AISETSTATE CALLSITE	ElapsedMs=184492.977 | Actor=PC_Hero | CurrentAction=11 | CurrentAniPhase=0 | CurrentStateTime=0.038999 | CurrentMovementAni=Hero_Parade_Shield_1H_P1_PierceAttack_Raise_N_Fwd_00_%_00_P1_0_F.xmot
37437	37461	OUTER_FRAME AI_SET_STATE_BEFORE	ElapsedMs=184493.019 | Actor=PC_Hero | CurrentAction=11 | CurrentStateTime=0.038999
37462	37494	C1 FINALIZATION	ElapsedMs=184493.043 | Reason=AISETSTATE_AFTER_ORIGINAL | Actor=PC_Hero | Generation=47 | Status=PERSISTED | PhysicalCollisionChanged=0
37495	37519	OUTER_FRAME AI_SET_STATE_AFTER	ElapsedMs=184493.073 | Actor=PC_Hero | CurrentAction=11 | CurrentStateTime=0.000000
37520	37541	C1 LIFECYCLE START	ElapsedMs=184494.029 | Actor=PC_Hero | Generation=48 | Status=CANDIDATE | PhysicalCollisionChanged=0
37542	37555	C1-O2 OUTER BINDING	ElapsedMs=184494.056 | Event=COMBAT_MOVE_CANDIDATE_BOUND | Actor=PC_Hero | Generation=48 | Status=CANDIDATE | PhysicalCollisionChanged=0
37556	37580	OUTER_FRAME COMBAT_MOVE_INITIAL	ElapsedMs=184494.068 | Actor=PC_Hero | CurrentAction=5 | CurrentStateTime=0.000000
37581	37605	PRIMARYFIRST StopMotion	ElapsedMs=184494.103
37606	37637	EMPTY-PRIMARY SUCCESSOR STACK	ElapsedMs=184494.128 | Actor=PC_Hero
37638	37662	PRIMARYFIRST PlayMotion	ElapsedMs=184494.127
37663	37673	C1 LIFECYCLE STATUS	ElapsedMs=184494.220 | Event=PERSISTED | Actor=PC_Hero | Generation=48 | Status=PERSISTED | PhysicalCollisionChanged=0
37674	37690	C1 OFFENSE REQUEST	ElapsedMs=184601.523 | Actor=PC_Hero | Generation=48 | Status=PERSISTED | Source=It_1H_Sword_Rust_01 | SourceAddress=E6F57410 | ActualGroup=7 | PhysicalCollisionChanged=0
37691	37717	ENGINE SetCollisionGroup	ElapsedMs=184601.555 | RequestedGroup=7 | BeforeGroup=7 | AfterGroup=7 | PlayerAction=5 | PlayerAniPhase=1 | PlayerStateTime=0.108008 | PlayerCurrentMovementAni=Hero_Stand_Shield_1H_P1_QuickAttackL_Hit_N_Fwd_00_%_00_P50_100_L.xmot
37718	37747	OUTER_FRAME OFFENSE	ElapsedMs=184601.578 | Actor=PC_Hero | Source=It_1H_Sword_Rust_01 | SourceAddress=E6F57410 | RequestedGroup=7 | BeforeGroup=7 | AfterGroup=7 | CurrentAction=5 | CurrentStateTime=0.108008
37748	37791	AIFULLSTOP CALLSITE	ElapsedMs=184774.639 | Actor=PC_Hero | CurrentAction=5 | CurrentAniPhase=1 | CurrentStateTime=0.282975 | CurrentMovementAni=Hero_Stand_Shield_1H_P1_QuickAttackL_Hit_N_Fwd_00_%_00_P50_100_L.xmot
37792	37828	COMBATMOVE FULLSTOP STACK	ElapsedMs=184774.718 | Actor=PC_Hero | CurrentAction=5 | CurrentAniPhase=1 | CurrentStateTime=0.282975 | CurrentMovementAni=Hero_Stand_Shield_1H_P1_QuickAttackL_Hit_N_Fwd_00_%_00_P50_100_L.xmot
37829	37869	AISETSTATE CALLSITE	ElapsedMs=184774.845 | Actor=PC_Hero | CurrentAction=5 | CurrentAniPhase=1 | CurrentStateTime=0.282975 | CurrentMovementAni=Hero_Stand_Shield_1H_P1_QuickAttackL_Hit_N_Fwd_00_%_00_P50_100_L.xmot
37870	37894	OUTER_FRAME AI_SET_STATE_BEFORE	ElapsedMs=184774.984 | Actor=PC_Hero | CurrentAction=5 | CurrentStateTime=0.282975
37895	37927	C1 FINALIZATION	ElapsedMs=184775.043 | Reason=AISETSTATE_AFTER_ORIGINAL | Actor=PC_Hero | Generation=48 | Status=PERSISTED | PhysicalCollisionChanged=0
37928	37952	OUTER_FRAME AI_SET_STATE_AFTER	ElapsedMs=184775.072 | Actor=PC_Hero | CurrentAction=5 | CurrentStateTime=0.000000
37953	37979	EMPTY-PRIMARY SUCCESSOR STACK	ElapsedMs=184900.759 | Actor=PC_Hero
37980	38004	PRIMARYFIRST PlayMotion	ElapsedMs=184900.757
38005	38044	AISETSTATE CALLSITE	ElapsedMs=186032.924 | Actor=PC_Hero | CurrentAction=0 | CurrentAniPhase=5 | CurrentStateTime=1.256928 | CurrentMovementAni=Hero_Stand_Shield_1H_P0_Ambient_Loop_N_Fwd_00_%_00_P0_0.xmot
38045	38069	OUTER_FRAME AI_SET_STATE_BEFORE	ElapsedMs=186032.996 | Actor=PC_Hero | CurrentAction=0 | CurrentStateTime=1.256928
38070	38094	OUTER_FRAME AI_SET_STATE_AFTER	ElapsedMs=186033.017 | Actor=PC_Hero | CurrentAction=0 | CurrentStateTime=0.000000
38095	38116	C1 LIFECYCLE START	ElapsedMs=186043.425 | Actor=PC_Hero | Generation=49 | Status=CANDIDATE | PhysicalCollisionChanged=0
38117	38130	C1-O2 OUTER BINDING	ElapsedMs=186043.462 | Event=COMBAT_MOVE_CANDIDATE_BOUND | Actor=PC_Hero | Generation=49 | Status=CANDIDATE | PhysicalCollisionChanged=0
38131	38155	OUTER_FRAME COMBAT_MOVE_INITIAL	ElapsedMs=186043.473 | Actor=PC_Hero | CurrentAction=16 | CurrentStateTime=0.000000
38156	38180	PRIMARYFIRST StopMotion	ElapsedMs=186043.512
38181	38212	EMPTY-PRIMARY SUCCESSOR STACK	ElapsedMs=186043.540 | Actor=PC_Hero
38213	38237	PRIMARYFIRST PlayMotion	ElapsedMs=186043.538
38238	38248	C1 LIFECYCLE STATUS	ElapsedMs=186043.626 | Event=PERSISTED | Actor=PC_Hero | Generation=49 | Status=PERSISTED | PhysicalCollisionChanged=0
38249	38288	AISETSTATE CALLSITE	ElapsedMs=186392.484 | Actor=PC_Hero | CurrentAction=16 | CurrentAniPhase=4 | CurrentStateTime=0.350296 | CurrentMovementAni=Hero_Stand_Shield_1H_P0_Parade_Begin_N_Fwd_00_%_00_P1_0.xmot
38289	38313	OUTER_FRAME AI_SET_STATE_BEFORE	ElapsedMs=186392.557 | Actor=PC_Hero | CurrentAction=16 | CurrentStateTime=0.350296
38314	38346	C1 FINALIZATION	ElapsedMs=186392.583 | Reason=AISETSTATE_AFTER_ORIGINAL | Actor=PC_Hero | Generation=49 | Status=PERSISTED | PhysicalCollisionChanged=0
38347	38371	OUTER_FRAME AI_SET_STATE_AFTER	ElapsedMs=186392.610 | Actor=PC_Hero | CurrentAction=16 | CurrentStateTime=0.000000
38372	38398	EMPTY-PRIMARY SUCCESSOR STACK	ElapsedMs=186421.079 | Actor=PC_Hero
38399	38423	PRIMARYFIRST PlayMotion	ElapsedMs=186421.076
38424	38463	AISETSTATE CALLSITE	ElapsedMs=188038.282 | Actor=PC_Hero | CurrentAction=0 | CurrentAniPhase=5 | CurrentStateTime=1.636533 | CurrentMovementAni=Hero_Parade_Shield_1H_P1_Ambient_Loop_N_Fwd_00_%_00_P1_0.xmot
38464	38488	OUTER_FRAME AI_SET_STATE_BEFORE	ElapsedMs=188038.353 | Actor=PC_Hero | CurrentAction=0 | CurrentStateTime=1.636533
38489	38513	OUTER_FRAME AI_SET_STATE_AFTER	ElapsedMs=188038.376 | Actor=PC_Hero | CurrentAction=0 | CurrentStateTime=0.000000
38514	38535	C1 LIFECYCLE START	ElapsedMs=188048.781 | Actor=PC_Hero | Generation=50 | Status=CANDIDATE | PhysicalCollisionChanged=0
38536	38549	C1-O2 OUTER BINDING	ElapsedMs=188048.819 | Event=COMBAT_MOVE_CANDIDATE_BOUND | Actor=PC_Hero | Generation=50 | Status=CANDIDATE | PhysicalCollisionChanged=0
38550	38574	OUTER_FRAME COMBAT_MOVE_INITIAL	ElapsedMs=188048.884 | Actor=PC_Hero | CurrentAction=11 | CurrentStateTime=0.000000
38575	38599	PRIMARYFIRST StopMotion	ElapsedMs=188048.927
38600	38631	EMPTY-PRIMARY SUCCESSOR STACK	ElapsedMs=188048.952 | Actor=PC_Hero
38632	38656	PRIMARYFIRST PlayMotion	ElapsedMs=188048.951
38657	38667	C1 LIFECYCLE STATUS	ElapsedMs=188049.038 | Event=PERSISTED | Actor=PC_Hero | Generation=50 | Status=PERSISTED | PhysicalCollisionChanged=0
38668	38681	C1-O2 OUTER BINDING	ElapsedMs=188814.733 | Event=COMBAT_MOVE_REUSED | Actor=PC_Hero | Generation=50 | Status=PERSISTED | PhysicalCollisionChanged=0
38682	38706	OUTER_FRAME COMBAT_MOVE_INITIAL	ElapsedMs=188814.822 | Actor=PC_Hero | CurrentAction=11 | CurrentStateTime=0.766274
38707	38731	PRIMARYFIRST StopMotion	ElapsedMs=188818.279
38732	38762	EMPTY-PRIMARY SUCCESSOR STACK	ElapsedMs=188818.310 | Actor=PC_Hero
38763	38787	PRIMARYFIRST PlayMotion	ElapsedMs=188818.309
38788	38804	C1 OFFENSE REQUEST	ElapsedMs=188856.323 | Actor=PC_Hero | Generation=50 | Status=PERSISTED | Source=It_1H_Sword_Rust_01 | SourceAddress=E6F57410 | ActualGroup=7 | PhysicalCollisionChanged=0
38805	38831	ENGINE SetCollisionGroup	ElapsedMs=188856.359 | RequestedGroup=7 | BeforeGroup=7 | AfterGroup=7 | PlayerAction=11 | PlayerAniPhase=1 | PlayerStateTime=0.809248 | PlayerCurrentMovementAni=Hero_Parade_Shield_1H_P1_PierceAttack_Hit_N_Fwd_00_%_00_P0_100_F.xmot
38832	38861	OUTER_FRAME OFFENSE	ElapsedMs=188856.387 | Actor=PC_Hero | Source=It_1H_Sword_Rust_01 | SourceAddress=E6F57410 | RequestedGroup=7 | BeforeGroup=7 | AfterGroup=7 | CurrentAction=11 | CurrentStateTime=0.809248
38862	38887	COMBATMOVE STARTRECOVER BEGIN	ElapsedMs=189216.099 | Actor=PC_Hero | CurrentAction=11 | CurrentAniPhase=1 | CurrentMovementAni=Hero_Parade_Shield_1H_P1_PierceAttack_Hit_N_Fwd_00_%_00_P0_100_F.xmot
38888	38911	HIT STARTRECOVER BEGIN STACK	ElapsedMs=189216.154 | Actor=PC_Hero | CurrentAction=11 | CurrentAniPhase=1 | CurrentStateTime=1.168237 | CurrentMovementAni=Hero_Parade_Shield_1H_P1_PierceAttack_Hit_N_Fwd_00_%_00_P0_100_F.xmot
38912	38936	PRIMARYFIRST StopMotion	ElapsedMs=189217.822
38937	38963	EMPTY-PRIMARY SUCCESSOR STACK	ElapsedMs=189217.853 | Actor=PC_Hero
38964	38988	PRIMARYFIRST PlayMotion	ElapsedMs=189217.852
38989	39014	COMBATMOVE STARTRECOVER END	ElapsedMs=189217.925 | Actor=PC_Hero | CurrentAction=11 | CurrentAniPhase=3 | CurrentMovementAni=Hero_Parade_Shield_1H_P1_PierceAttack_Hit_N_Fwd_00_%_00_P0_100_F.xmot
39015	39031	C1 CLEANUP FULFILLED	ElapsedMs=189217.985 | Actor=PC_Hero | Generation=50 | Status=PERSISTED | Source=It_1H_Sword_Rust_01 | SourceAddress=E6F57410 | ActualGroup=5 | PhysicalCollisionChanged=0
39032	39058	ENGINE SetCollisionGroup	ElapsedMs=189218.000 | RequestedGroup=5 | BeforeGroup=7 | AfterGroup=5 | PlayerAction=11 | PlayerAniPhase=3 | PlayerStateTime=1.168237 | PlayerCurrentMovementAni=Hero_Parade_Shield_1H_P1_PierceAttack_Hit_N_Fwd_00_%_00_P0_100_F.xmot
39059	39078	NATIVE CLEANUP CALL SITE	ElapsedMs=189218.020 | Source=It_1H_Sword_Rust_01 | SourceAddress=E6F57410 | RequestedGroup=5 | BeforeGroup=7 | AfterGroup=5
39079	39108	OUTER_FRAME CLEANUP	ElapsedMs=189218.043 | Actor=PC_Hero | Source=It_1H_Sword_Rust_01 | SourceAddress=E6F57410 | RequestedGroup=5 | BeforeGroup=7 | AfterGroup=5 | CurrentAction=11 | CurrentStateTime=1.168237
39109	39122	C1-O2 OUTER BINDING	ElapsedMs=189218.078 | Event=COMBAT_MOVE_REUSED | Actor=PC_Hero | Generation=50 | Status=PERSISTED | PhysicalCollisionChanged=0
39123	39147	OUTER_FRAME COMBAT_MOVE_INITIAL	ElapsedMs=189218.090 | Actor=PC_Hero | CurrentAction=11 | CurrentStateTime=1.168237
39148	39172	PRIMARYFIRST StopMotion	ElapsedMs=189218.124
39173	39203	EMPTY-PRIMARY SUCCESSOR STACK	ElapsedMs=189218.148 | Actor=PC_Hero
39204	39228	PRIMARYFIRST PlayMotion	ElapsedMs=189218.147
39229	39268	AISETSTATE CALLSITE	ElapsedMs=190024.583 | Actor=PC_Hero | CurrentAction=11 | CurrentAniPhase=3 | CurrentStateTime=1.974158 | CurrentMovementAni=Hero_Parade_Shield_1H_P0_PierceAttack_Recover_N_Fwd_00_%_00_P1_0_F.xmot
39269	39293	OUTER_FRAME AI_SET_STATE_BEFORE	ElapsedMs=190024.651 | Actor=PC_Hero | CurrentAction=11 | CurrentStateTime=1.974158
39294	39326	C1 FINALIZATION	ElapsedMs=190024.675 | Reason=AISETSTATE_AFTER_ORIGINAL | Actor=PC_Hero | Generation=50 | Status=PERSISTED | PhysicalCollisionChanged=0
39327	39351	OUTER_FRAME AI_SET_STATE_AFTER	ElapsedMs=190024.701 | Actor=PC_Hero | CurrentAction=11 | CurrentStateTime=0.000000
39352	39378	EMPTY-PRIMARY SUCCESSOR STACK	ElapsedMs=190034.513 | Actor=PC_Hero
39379	39403	PRIMARYFIRST PlayMotion	ElapsedMs=190034.511
39404	39447	AIFULLSTOP CALLSITE	ElapsedMs=190040.753 | Actor=PC_Hero | CurrentAction=0 | CurrentAniPhase=5 | CurrentStateTime=0.009986 | CurrentMovementAni=Hero_Parade_Shield_1H_P1_Ambient_Loop_N_Fwd_00_%_00_P1_0.xmot
39448	39488	AISETSTATE CALLSITE	ElapsedMs=190040.841 | Actor=PC_Hero | CurrentAction=0 | CurrentAniPhase=5 | CurrentStateTime=0.009986 | CurrentMovementAni=Hero_Parade_Shield_1H_P1_Ambient_Loop_N_Fwd_00_%_00_P1_0.xmot
39489	39513	OUTER_FRAME AI_SET_STATE_BEFORE	ElapsedMs=190040.884 | Actor=PC_Hero | CurrentAction=0 | CurrentStateTime=0.009986
39514	39538	OUTER_FRAME AI_SET_STATE_AFTER	ElapsedMs=190040.908 | Actor=PC_Hero | CurrentAction=0 | CurrentStateTime=0.000000
39539	39565	EMPTY-PRIMARY SUCCESSOR STACK	ElapsedMs=190053.875 | Actor=PC_Hero
39566	39590	PRIMARYFIRST PlayMotion	ElapsedMs=190053.873
39591	39630	AISETSTATE CALLSITE	ElapsedMs=190526.366 | Actor=PC_Hero | CurrentAction=0 | CurrentAniPhase=5 | CurrentStateTime=0.481982 | CurrentMovementAni=Hero_Stand_Shield_1H_P1_Ambient_Loop_N_Fwd_00_%_00_P1_0.xmot
39631	39655	OUTER_FRAME AI_SET_STATE_BEFORE	ElapsedMs=190526.438 | Actor=PC_Hero | CurrentAction=0 | CurrentStateTime=0.481982
39656	39680	OUTER_FRAME AI_SET_STATE_AFTER	ElapsedMs=190526.460 | Actor=PC_Hero | CurrentAction=0 | CurrentStateTime=0.000000
39681	39720	AISETSTATE CALLSITE	ElapsedMs=190535.735 | Actor=PC_Hero | CurrentAction=0 | CurrentAniPhase=5 | CurrentStateTime=0.000000 | CurrentMovementAni=Hero_Stand_Shield_1H_P1_Ambient_Loop_N_Fwd_00_%_00_P1_0.xmot
39721	39745	OUTER_FRAME AI_SET_STATE_BEFORE	ElapsedMs=190535.805 | Actor=PC_Hero | CurrentAction=0 | CurrentStateTime=0.000000
39746	39770	OUTER_FRAME AI_SET_STATE_AFTER	ElapsedMs=190535.829 | Actor=PC_Hero | CurrentAction=0 | CurrentStateTime=0.000000
39771	39797	EMPTY-PRIMARY SUCCESSOR STACK	ElapsedMs=190555.056 | Actor=PC_Hero
39798	39822	PRIMARYFIRST PlayMotion	ElapsedMs=190555.054
39823	39862	AISETSTATE CALLSITE	ElapsedMs=192467.463 | Actor=PC_Hero | CurrentAction=0 | CurrentAniPhase=5 | CurrentStateTime=1.923905 | CurrentMovementAni=Hero_Parade_Shield_1H_P1_Ambient_Loop_N_Fwd_00_%_00_P1_0.xmot
39863	39887	OUTER_FRAME AI_SET_STATE_BEFORE	ElapsedMs=192467.538 | Actor=PC_Hero | CurrentAction=0 | CurrentStateTime=1.923905
39888	39912	OUTER_FRAME AI_SET_STATE_AFTER	ElapsedMs=192467.563 | Actor=PC_Hero | CurrentAction=0 | CurrentStateTime=0.000000
39913	39934	C1 LIFECYCLE START	ElapsedMs=192477.178 | Actor=PC_Hero | Generation=51 | Status=CANDIDATE | PhysicalCollisionChanged=0
39935	39948	C1-O2 OUTER BINDING	ElapsedMs=192477.215 | Event=COMBAT_MOVE_CANDIDATE_BOUND | Actor=PC_Hero | Generation=51 | Status=CANDIDATE | PhysicalCollisionChanged=0
39949	39973	OUTER_FRAME COMBAT_MOVE_INITIAL	ElapsedMs=192477.227 | Actor=PC_Hero | CurrentAction=11 | CurrentStateTime=0.000000
39974	39998	PRIMARYFIRST StopMotion	ElapsedMs=192477.263
39999	40030	EMPTY-PRIMARY SUCCESSOR STACK	ElapsedMs=192477.287 | Actor=PC_Hero
40031	40055	PRIMARYFIRST PlayMotion	ElapsedMs=192477.286
40056	40066	C1 LIFECYCLE STATUS	ElapsedMs=192477.383 | Event=PERSISTED | Actor=PC_Hero | Generation=51 | Status=PERSISTED | PhysicalCollisionChanged=0
40067	40080	C1-O2 OUTER BINDING	ElapsedMs=193241.637 | Event=COMBAT_MOVE_REUSED | Actor=PC_Hero | Generation=51 | Status=PERSISTED | PhysicalCollisionChanged=0
40081	40105	OUTER_FRAME COMBAT_MOVE_INITIAL	ElapsedMs=193241.669 | Actor=PC_Hero | CurrentAction=11 | CurrentStateTime=0.764281
40106	40130	PRIMARYFIRST StopMotion	ElapsedMs=193241.707
40131	40161	EMPTY-PRIMARY SUCCESSOR STACK	ElapsedMs=193241.732 | Actor=PC_Hero
40162	40186	PRIMARYFIRST PlayMotion	ElapsedMs=193241.731
40187	40203	C1 OFFENSE REQUEST	ElapsedMs=193280.809 | Actor=PC_Hero | Generation=51 | Status=PERSISTED | Source=It_1H_Sword_Rust_01 | SourceAddress=E6F57410 | ActualGroup=7 | PhysicalCollisionChanged=0
40204	40230	ENGINE SetCollisionGroup	ElapsedMs=193280.842 | RequestedGroup=7 | BeforeGroup=5 | AfterGroup=7 | PlayerAction=11 | PlayerAniPhase=1 | PlayerStateTime=0.803279 | PlayerCurrentMovementAni=Hero_Parade_Shield_1H_P1_PierceAttack_Hit_N_Fwd_00_%_00_P0_100_F.xmot
40231	40260	OUTER_FRAME OFFENSE	ElapsedMs=193280.866 | Actor=PC_Hero | Source=It_1H_Sword_Rust_01 | SourceAddress=E6F57410 | RequestedGroup=7 | BeforeGroup=5 | AfterGroup=7 | CurrentAction=11 | CurrentStateTime=0.803279
40261	40286	COMBATMOVE STARTRECOVER BEGIN	ElapsedMs=193651.210 | Actor=PC_Hero | CurrentAction=11 | CurrentAniPhase=1 | CurrentMovementAni=Hero_Parade_Shield_1H_P1_PierceAttack_Hit_N_Fwd_00_%_00_P0_100_F.xmot
40287	40310	HIT STARTRECOVER BEGIN STACK	ElapsedMs=193651.267 | Actor=PC_Hero | CurrentAction=11 | CurrentAniPhase=1 | CurrentStateTime=1.174093 | CurrentMovementAni=Hero_Parade_Shield_1H_P1_PierceAttack_Hit_N_Fwd_00_%_00_P0_100_F.xmot
40311	40335	PRIMARYFIRST StopMotion	ElapsedMs=193651.320
40336	40362	EMPTY-PRIMARY SUCCESSOR STACK	ElapsedMs=193651.345 | Actor=PC_Hero
40363	40387	PRIMARYFIRST PlayMotion	ElapsedMs=193651.344
40388	40413	COMBATMOVE STARTRECOVER END	ElapsedMs=193651.412 | Actor=PC_Hero | CurrentAction=11 | CurrentAniPhase=3 | CurrentMovementAni=Hero_Parade_Shield_1H_P1_PierceAttack_Hit_N_Fwd_00_%_00_P0_100_F.xmot
40414	40430	C1 CLEANUP FULFILLED	ElapsedMs=193651.470 | Actor=PC_Hero | Generation=51 | Status=PERSISTED | Source=It_1H_Sword_Rust_01 | SourceAddress=E6F57410 | ActualGroup=5 | PhysicalCollisionChanged=0
40431	40457	ENGINE SetCollisionGroup	ElapsedMs=193651.485 | RequestedGroup=5 | BeforeGroup=7 | AfterGroup=5 | PlayerAction=11 | PlayerAniPhase=3 | PlayerStateTime=1.174093 | PlayerCurrentMovementAni=Hero_Parade_Shield_1H_P1_PierceAttack_Hit_N_Fwd_00_%_00_P0_100_F.xmot
40458	40477	NATIVE CLEANUP CALL SITE	ElapsedMs=193651.504 | Source=It_1H_Sword_Rust_01 | SourceAddress=E6F57410 | RequestedGroup=5 | BeforeGroup=7 | AfterGroup=5
40478	40507	OUTER_FRAME CLEANUP	ElapsedMs=193651.525 | Actor=PC_Hero | Source=It_1H_Sword_Rust_01 | SourceAddress=E6F57410 | RequestedGroup=5 | BeforeGroup=7 | AfterGroup=5 | CurrentAction=11 | CurrentStateTime=1.174093
40508	40521	C1-O2 OUTER BINDING	ElapsedMs=193651.558 | Event=COMBAT_MOVE_REUSED | Actor=PC_Hero | Generation=51 | Status=PERSISTED | PhysicalCollisionChanged=0
40522	40546	OUTER_FRAME COMBAT_MOVE_INITIAL	ElapsedMs=193651.569 | Actor=PC_Hero | CurrentAction=11 | CurrentStateTime=1.174093
40547	40571	PRIMARYFIRST StopMotion	ElapsedMs=193651.602
40572	40602	EMPTY-PRIMARY SUCCESSOR STACK	ElapsedMs=193651.627 | Actor=PC_Hero
40603	40627	PRIMARYFIRST PlayMotion	ElapsedMs=193651.626
40628	40667	AISETSTATE CALLSITE	ElapsedMs=194452.258 | Actor=PC_Hero | CurrentAction=11 | CurrentAniPhase=3 | CurrentStateTime=1.975057 | CurrentMovementAni=Hero_Parade_Shield_1H_P0_PierceAttack_Recover_N_Fwd_00_%_00_P1_0_F.xmot
40668	40692	OUTER_FRAME AI_SET_STATE_BEFORE	ElapsedMs=194452.337 | Actor=PC_Hero | CurrentAction=11 | CurrentStateTime=1.975057
40693	40725	C1 FINALIZATION	ElapsedMs=194452.365 | Reason=AISETSTATE_AFTER_ORIGINAL | Actor=PC_Hero | Generation=51 | Status=PERSISTED | PhysicalCollisionChanged=0
40726	40750	OUTER_FRAME AI_SET_STATE_AFTER	ElapsedMs=194452.394 | Actor=PC_Hero | CurrentAction=11 | CurrentStateTime=0.000000
40751	40777	EMPTY-PRIMARY SUCCESSOR STACK	ElapsedMs=194462.171 | Actor=PC_Hero
40778	40802	PRIMARYFIRST PlayMotion	ElapsedMs=194462.168
40803	40846	AIFULLSTOP CALLSITE	ElapsedMs=194539.761 | Actor=PC_Hero | CurrentAction=0 | CurrentAniPhase=5 | CurrentStateTime=0.078011 | CurrentMovementAni=Hero_Parade_Shield_1H_P1_Ambient_Loop_N_Fwd_00_%_00_P1_0.xmot
40847	40887	AISETSTATE CALLSITE	ElapsedMs=194539.840 | Actor=PC_Hero | CurrentAction=0 | CurrentAniPhase=5 | CurrentStateTime=0.078011 | CurrentMovementAni=Hero_Parade_Shield_1H_P1_Ambient_Loop_N_Fwd_00_%_00_P1_0.xmot
40888	40912	OUTER_FRAME AI_SET_STATE_BEFORE	ElapsedMs=194539.894 | Actor=PC_Hero | CurrentAction=0 | CurrentStateTime=0.078011
40913	40937	OUTER_FRAME AI_SET_STATE_AFTER	ElapsedMs=194539.940 | Actor=PC_Hero | CurrentAction=0 | CurrentStateTime=0.000000
40938	40964	EMPTY-PRIMARY SUCCESSOR STACK	ElapsedMs=194550.981 | Actor=PC_Hero
40965	40989	PRIMARYFIRST PlayMotion	ElapsedMs=194550.979
40990	41029	AISETSTATE CALLSITE	ElapsedMs=194844.039 | Actor=PC_Hero | CurrentAction=0 | CurrentAniPhase=5 | CurrentStateTime=0.302976 | CurrentMovementAni=Hero_Stand_Shield_1H_P1_Ambient_Loop_N_Fwd_00_%_00_P1_0.xmot
41030	41054	OUTER_FRAME AI_SET_STATE_BEFORE	ElapsedMs=194844.108 | Actor=PC_Hero | CurrentAction=0 | CurrentStateTime=0.302976
41055	41079	OUTER_FRAME AI_SET_STATE_AFTER	ElapsedMs=194844.135 | Actor=PC_Hero | CurrentAction=0 | CurrentStateTime=0.000000
41080	41119	AISETSTATE CALLSITE	ElapsedMs=194853.705 | Actor=PC_Hero | CurrentAction=0 | CurrentAniPhase=5 | CurrentStateTime=0.000000 | CurrentMovementAni=Hero_Stand_Shield_1H_P1_Ambient_Loop_N_Fwd_00_%_00_P1_0.xmot
41120	41144	OUTER_FRAME AI_SET_STATE_BEFORE	ElapsedMs=194853.771 | Actor=PC_Hero | CurrentAction=0 | CurrentStateTime=0.000000
41145	41169	OUTER_FRAME AI_SET_STATE_AFTER	ElapsedMs=194853.791 | Actor=PC_Hero | CurrentAction=0 | CurrentStateTime=0.000000
41170	41196	EMPTY-PRIMARY SUCCESSOR STACK	ElapsedMs=194863.295 | Actor=PC_Hero
41197	41221	PRIMARYFIRST PlayMotion	ElapsedMs=194863.293
41222	41261	AISETSTATE CALLSITE	ElapsedMs=196708.605 | Actor=PC_Hero | CurrentAction=0 | CurrentAniPhase=5 | CurrentStateTime=1.843883 | CurrentMovementAni=Hero_Parade_Shield_1H_P1_Ambient_Loop_N_Fwd_00_%_00_P1_0.xmot
41262	41286	OUTER_FRAME AI_SET_STATE_BEFORE	ElapsedMs=196708.674 | Actor=PC_Hero | CurrentAction=0 | CurrentStateTime=1.843883
41287	41311	OUTER_FRAME AI_SET_STATE_AFTER	ElapsedMs=196708.696 | Actor=PC_Hero | CurrentAction=0 | CurrentStateTime=0.000000
41312	41333	C1 LIFECYCLE START	ElapsedMs=196717.814 | Actor=PC_Hero | Generation=52 | Status=CANDIDATE | PhysicalCollisionChanged=0
41334	41347	C1-O2 OUTER BINDING	ElapsedMs=196717.855 | Event=COMBAT_MOVE_CANDIDATE_BOUND | Actor=PC_Hero | Generation=52 | Status=CANDIDATE | PhysicalCollisionChanged=0
41348	41372	OUTER_FRAME COMBAT_MOVE_INITIAL	ElapsedMs=196717.866 | Actor=PC_Hero | CurrentAction=11 | CurrentStateTime=0.000000
41373	41397	PRIMARYFIRST StopMotion	ElapsedMs=196717.905
41398	41429	EMPTY-PRIMARY SUCCESSOR STACK	ElapsedMs=196717.928 | Actor=PC_Hero
41430	41454	PRIMARYFIRST PlayMotion	ElapsedMs=196717.927
41455	41465	C1 LIFECYCLE STATUS	ElapsedMs=196718.019 | Event=PERSISTED | Actor=PC_Hero | Generation=52 | Status=PERSISTED | PhysicalCollisionChanged=0
41466	41479	C1-O2 OUTER BINDING	ElapsedMs=197485.325 | Event=COMBAT_MOVE_REUSED | Actor=PC_Hero | Generation=52 | Status=PERSISTED | PhysicalCollisionChanged=0
41480	41504	OUTER_FRAME COMBAT_MOVE_INITIAL	ElapsedMs=197485.361 | Actor=PC_Hero | CurrentAction=11 | CurrentStateTime=0.766941
41505	41529	PRIMARYFIRST StopMotion	ElapsedMs=197485.402
41530	41560	EMPTY-PRIMARY SUCCESSOR STACK	ElapsedMs=197485.427 | Actor=PC_Hero
41561	41585	PRIMARYFIRST PlayMotion	ElapsedMs=197485.426
41586	41602	C1 OFFENSE REQUEST	ElapsedMs=197524.843 | Actor=PC_Hero | Generation=52 | Status=PERSISTED | Source=It_1H_Sword_Rust_01 | SourceAddress=E6F57410 | ActualGroup=7 | PhysicalCollisionChanged=0
41603	41629	ENGINE SetCollisionGroup	ElapsedMs=197524.881 | RequestedGroup=7 | BeforeGroup=5 | AfterGroup=7 | PlayerAction=11 | PlayerAniPhase=1 | PlayerStateTime=0.805940 | PlayerCurrentMovementAni=Hero_Parade_Shield_1H_P1_PierceAttack_Hit_N_Fwd_00_%_00_P0_100_F.xmot
41630	41659	OUTER_FRAME OFFENSE	ElapsedMs=197524.907 | Actor=PC_Hero | Source=It_1H_Sword_Rust_01 | SourceAddress=E6F57410 | RequestedGroup=7 | BeforeGroup=5 | AfterGroup=7 | CurrentAction=11 | CurrentStateTime=0.805940
41660	41685	COMBATMOVE STARTRECOVER BEGIN	ElapsedMs=197893.915 | Actor=PC_Hero | CurrentAction=11 | CurrentAniPhase=1 | CurrentMovementAni=Hero_Parade_Shield_1H_P1_PierceAttack_Hit_N_Fwd_00_%_00_P0_100_F.xmot
41686	41709	HIT STARTRECOVER BEGIN STACK	ElapsedMs=197893.967 | Actor=PC_Hero | CurrentAction=11 | CurrentAniPhase=1 | CurrentStateTime=1.175905 | CurrentMovementAni=Hero_Parade_Shield_1H_P1_PierceAttack_Hit_N_Fwd_00_%_00_P0_100_F.xmot
41710	41734	PRIMARYFIRST StopMotion	ElapsedMs=197894.021
41735	41761	EMPTY-PRIMARY SUCCESSOR STACK	ElapsedMs=197894.049 | Actor=PC_Hero
41762	41786	PRIMARYFIRST PlayMotion	ElapsedMs=197894.047
41787	41812	COMBATMOVE STARTRECOVER END	ElapsedMs=197894.114 | Actor=PC_Hero | CurrentAction=11 | CurrentAniPhase=3 | CurrentMovementAni=Hero_Parade_Shield_1H_P1_PierceAttack_Hit_N_Fwd_00_%_00_P0_100_F.xmot
41813	41829	C1 CLEANUP FULFILLED	ElapsedMs=197894.170 | Actor=PC_Hero | Generation=52 | Status=PERSISTED | Source=It_1H_Sword_Rust_01 | SourceAddress=E6F57410 | ActualGroup=5 | PhysicalCollisionChanged=0
41830	41856	ENGINE SetCollisionGroup	ElapsedMs=197894.185 | RequestedGroup=5 | BeforeGroup=7 | AfterGroup=5 | PlayerAction=11 | PlayerAniPhase=3 | PlayerStateTime=1.175905 | PlayerCurrentMovementAni=Hero_Parade_Shield_1H_P1_PierceAttack_Hit_N_Fwd_00_%_00_P0_100_F.xmot
41857	41876	NATIVE CLEANUP CALL SITE	ElapsedMs=197894.204 | Source=It_1H_Sword_Rust_01 | SourceAddress=E6F57410 | RequestedGroup=5 | BeforeGroup=7 | AfterGroup=5
41877	41906	OUTER_FRAME CLEANUP	ElapsedMs=197894.226 | Actor=PC_Hero | Source=It_1H_Sword_Rust_01 | SourceAddress=E6F57410 | RequestedGroup=5 | BeforeGroup=7 | AfterGroup=5 | CurrentAction=11 | CurrentStateTime=1.175905
41907	41920	C1-O2 OUTER BINDING	ElapsedMs=197894.261 | Event=COMBAT_MOVE_REUSED | Actor=PC_Hero | Generation=52 | Status=PERSISTED | PhysicalCollisionChanged=0
41921	41945	OUTER_FRAME COMBAT_MOVE_INITIAL	ElapsedMs=197894.272 | Actor=PC_Hero | CurrentAction=11 | CurrentStateTime=1.175905
41946	41970	PRIMARYFIRST StopMotion	ElapsedMs=197894.305
41971	42001	EMPTY-PRIMARY SUCCESSOR STACK	ElapsedMs=197894.328 | Actor=PC_Hero
42002	42026	PRIMARYFIRST PlayMotion	ElapsedMs=197894.327
42027	42066	AISETSTATE CALLSITE	ElapsedMs=198698.514 | Actor=PC_Hero | CurrentAction=11 | CurrentAniPhase=3 | CurrentStateTime=1.980875 | CurrentMovementAni=Hero_Parade_Shield_1H_P0_PierceAttack_Recover_N_Fwd_00_%_00_P1_0_F.xmot
42067	42091	OUTER_FRAME AI_SET_STATE_BEFORE	ElapsedMs=198698.590 | Actor=PC_Hero | CurrentAction=11 | CurrentStateTime=1.980875
42092	42124	C1 FINALIZATION	ElapsedMs=198698.614 | Reason=AISETSTATE_AFTER_ORIGINAL | Actor=PC_Hero | Generation=52 | Status=PERSISTED | PhysicalCollisionChanged=0
42125	42149	OUTER_FRAME AI_SET_STATE_AFTER	ElapsedMs=198698.645 | Actor=PC_Hero | CurrentAction=11 | CurrentStateTime=0.000000
42150	42176	EMPTY-PRIMARY SUCCESSOR STACK	ElapsedMs=198708.374 | Actor=PC_Hero
42177	42201	PRIMARYFIRST PlayMotion	ElapsedMs=198708.372
42202	42228	EMPTY-PRIMARY SUCCESSOR STACK	ElapsedMs=198864.065 | Actor=PC_Hero
42229	42253	PRIMARYFIRST PlayMotion	ElapsedMs=198864.062
42254	42293	AISETSTATE CALLSITE	ElapsedMs=199150.649 | Actor=PC_Hero | CurrentAction=0 | CurrentAniPhase=5 | CurrentStateTime=0.442951 | CurrentMovementAni=Hero_Stand_Shield_1H_P1_Ambient_Loop_N_Fwd_00_%_00_P1_0.xmot
42294	42318	OUTER_FRAME AI_SET_STATE_BEFORE	ElapsedMs=199150.746 | Actor=PC_Hero | CurrentAction=0 | CurrentStateTime=0.442951
42319	42343	OUTER_FRAME AI_SET_STATE_AFTER	ElapsedMs=199150.769 | Actor=PC_Hero | CurrentAction=0 | CurrentStateTime=0.000000
42344	42383	AISETSTATE CALLSITE	ElapsedMs=199160.285 | Actor=PC_Hero | CurrentAction=0 | CurrentAniPhase=5 | CurrentStateTime=0.000000 | CurrentMovementAni=Hero_Stand_Shield_1H_P1_Ambient_Loop_N_Fwd_00_%_00_P1_0.xmot
42384	42408	OUTER_FRAME AI_SET_STATE_BEFORE	ElapsedMs=199160.357 | Actor=PC_Hero | CurrentAction=0 | CurrentStateTime=0.000000
42409	42433	OUTER_FRAME AI_SET_STATE_AFTER	ElapsedMs=199160.382 | Actor=PC_Hero | CurrentAction=0 | CurrentStateTime=0.000000
42434	42460	EMPTY-PRIMARY SUCCESSOR STACK	ElapsedMs=199170.929 | Actor=PC_Hero
42461	42485	PRIMARYFIRST PlayMotion	ElapsedMs=199170.927
42486	42525	AISETSTATE CALLSITE	ElapsedMs=201339.342 | Actor=PC_Hero | CurrentAction=0 | CurrentAniPhase=5 | CurrentStateTime=2.170206 | CurrentMovementAni=Hero_Parade_Shield_1H_P1_Ambient_Loop_N_Fwd_00_%_00_P1_0.xmot
42526	42550	OUTER_FRAME AI_SET_STATE_BEFORE	ElapsedMs=201339.418 | Actor=PC_Hero | CurrentAction=0 | CurrentStateTime=2.170206
42551	42575	OUTER_FRAME AI_SET_STATE_AFTER	ElapsedMs=201339.444 | Actor=PC_Hero | CurrentAction=0 | CurrentStateTime=0.000000
42576	42597	C1 LIFECYCLE START	ElapsedMs=201349.046 | Actor=PC_Hero | Generation=53 | Status=CANDIDATE | PhysicalCollisionChanged=0
42598	42611	C1-O2 OUTER BINDING	ElapsedMs=201349.084 | Event=COMBAT_MOVE_CANDIDATE_BOUND | Actor=PC_Hero | Generation=53 | Status=CANDIDATE | PhysicalCollisionChanged=0
42612	42636	OUTER_FRAME COMBAT_MOVE_INITIAL	ElapsedMs=201349.095 | Actor=PC_Hero | CurrentAction=11 | CurrentStateTime=0.000000
42637	42661	PRIMARYFIRST StopMotion	ElapsedMs=201349.136
42662	42693	EMPTY-PRIMARY SUCCESSOR STACK	ElapsedMs=201349.163 | Actor=PC_Hero
42694	42718	PRIMARYFIRST PlayMotion	ElapsedMs=201349.162
42719	42729	C1 LIFECYCLE STATUS	ElapsedMs=201349.301 | Event=PERSISTED | Actor=PC_Hero | Generation=53 | Status=PERSISTED | PhysicalCollisionChanged=0
42730	42743	C1-O2 OUTER BINDING	ElapsedMs=202115.691 | Event=COMBAT_MOVE_REUSED | Actor=PC_Hero | Generation=53 | Status=PERSISTED | PhysicalCollisionChanged=0
42744	42768	OUTER_FRAME COMBAT_MOVE_INITIAL	ElapsedMs=202115.723 | Actor=PC_Hero | CurrentAction=11 | CurrentStateTime=0.766943
42769	42793	PRIMARYFIRST StopMotion	ElapsedMs=202115.839
42794	42824	EMPTY-PRIMARY SUCCESSOR STACK	ElapsedMs=202115.870 | Actor=PC_Hero
42825	42849	PRIMARYFIRST PlayMotion	ElapsedMs=202115.869
42850	42866	C1 OFFENSE REQUEST	ElapsedMs=202154.618 | Actor=PC_Hero | Generation=53 | Status=PERSISTED | Source=It_1H_Sword_Rust_01 | SourceAddress=E6F57410 | ActualGroup=7 | PhysicalCollisionChanged=0
42867	42893	ENGINE SetCollisionGroup	ElapsedMs=202154.652 | RequestedGroup=7 | BeforeGroup=5 | AfterGroup=7 | PlayerAction=11 | PlayerAniPhase=1 | PlayerStateTime=0.805929 | PlayerCurrentMovementAni=Hero_Parade_Shield_1H_P1_PierceAttack_Hit_N_Fwd_00_%_00_P0_100_F.xmot
42894	42923	OUTER_FRAME OFFENSE	ElapsedMs=202154.677 | Actor=PC_Hero | Source=It_1H_Sword_Rust_01 | SourceAddress=E6F57410 | RequestedGroup=7 | BeforeGroup=5 | AfterGroup=7 | CurrentAction=11 | CurrentStateTime=0.805929
42924	42949	COMBATMOVE STARTRECOVER BEGIN	ElapsedMs=202523.881 | Actor=PC_Hero | CurrentAction=11 | CurrentAniPhase=1 | CurrentMovementAni=Hero_Parade_Shield_1H_P1_PierceAttack_Hit_N_Fwd_00_%_00_P0_100_F.xmot
42950	42973	HIT STARTRECOVER BEGIN STACK	ElapsedMs=202523.932 | Actor=PC_Hero | CurrentAction=11 | CurrentAniPhase=1 | CurrentStateTime=1.170906 | CurrentMovementAni=Hero_Parade_Shield_1H_P1_PierceAttack_Hit_N_Fwd_00_%_00_P0_100_F.xmot
42974	42998	PRIMARYFIRST StopMotion	ElapsedMs=202523.984
42999	43025	EMPTY-PRIMARY SUCCESSOR STACK	ElapsedMs=202524.009 | Actor=PC_Hero
43026	43050	PRIMARYFIRST PlayMotion	ElapsedMs=202524.008
43051	43076	COMBATMOVE STARTRECOVER END	ElapsedMs=202524.079 | Actor=PC_Hero | CurrentAction=11 | CurrentAniPhase=3 | CurrentMovementAni=Hero_Parade_Shield_1H_P1_PierceAttack_Hit_N_Fwd_00_%_00_P0_100_F.xmot
43077	43093	C1 CLEANUP FULFILLED	ElapsedMs=202524.138 | Actor=PC_Hero | Generation=53 | Status=PERSISTED | Source=It_1H_Sword_Rust_01 | SourceAddress=E6F57410 | ActualGroup=5 | PhysicalCollisionChanged=0
43094	43120	ENGINE SetCollisionGroup	ElapsedMs=202524.153 | RequestedGroup=5 | BeforeGroup=7 | AfterGroup=5 | PlayerAction=11 | PlayerAniPhase=3 | PlayerStateTime=1.170906 | PlayerCurrentMovementAni=Hero_Parade_Shield_1H_P1_PierceAttack_Hit_N_Fwd_00_%_00_P0_100_F.xmot
43121	43140	NATIVE CLEANUP CALL SITE	ElapsedMs=202524.172 | Source=It_1H_Sword_Rust_01 | SourceAddress=E6F57410 | RequestedGroup=5 | BeforeGroup=7 | AfterGroup=5
43141	43170	OUTER_FRAME CLEANUP	ElapsedMs=202524.193 | Actor=PC_Hero | Source=It_1H_Sword_Rust_01 | SourceAddress=E6F57410 | RequestedGroup=5 | BeforeGroup=7 | AfterGroup=5 | CurrentAction=11 | CurrentStateTime=1.170906
43171	43184	C1-O2 OUTER BINDING	ElapsedMs=202524.228 | Event=COMBAT_MOVE_REUSED | Actor=PC_Hero | Generation=53 | Status=PERSISTED | PhysicalCollisionChanged=0
43185	43209	OUTER_FRAME COMBAT_MOVE_INITIAL	ElapsedMs=202524.240 | Actor=PC_Hero | CurrentAction=11 | CurrentStateTime=1.170906
43210	43234	PRIMARYFIRST StopMotion	ElapsedMs=202524.272
43235	43265	EMPTY-PRIMARY SUCCESSOR STACK	ElapsedMs=202524.296 | Actor=PC_Hero
43266	43290	PRIMARYFIRST PlayMotion	ElapsedMs=202524.294
43291	43330	AISETSTATE CALLSITE	ElapsedMs=203333.036 | Actor=PC_Hero | CurrentAction=11 | CurrentAniPhase=3 | CurrentStateTime=1.980860 | CurrentMovementAni=Hero_Parade_Shield_1H_P0_PierceAttack_Recover_N_Fwd_00_%_00_P1_0_F.xmot
43331	43355	OUTER_FRAME AI_SET_STATE_BEFORE	ElapsedMs=203333.109 | Actor=PC_Hero | CurrentAction=11 | CurrentStateTime=1.980860
43356	43388	C1 FINALIZATION	ElapsedMs=203333.134 | Reason=AISETSTATE_AFTER_ORIGINAL | Actor=PC_Hero | Generation=53 | Status=PERSISTED | PhysicalCollisionChanged=0
43389	43413	OUTER_FRAME AI_SET_STATE_AFTER	ElapsedMs=203333.160 | Actor=PC_Hero | CurrentAction=11 | CurrentStateTime=0.000000
43414	43440	EMPTY-PRIMARY SUCCESSOR STACK	ElapsedMs=203342.886 | Actor=PC_Hero
43441	43465	PRIMARYFIRST PlayMotion	ElapsedMs=203342.884
43466	43505	AISETSTATE CALLSITE	ElapsedMs=203818.311 | Actor=PC_Hero | CurrentAction=0 | CurrentAniPhase=5 | CurrentStateTime=0.474975 | CurrentMovementAni=Hero_Stand_Shield_1H_P1_Ambient_Loop_N_Fwd_00_%_00_P1_0.xmot
43506	43530	OUTER_FRAME AI_SET_STATE_BEFORE	ElapsedMs=203818.380 | Actor=PC_Hero | CurrentAction=0 | CurrentStateTime=0.474975
43531	43555	OUTER_FRAME AI_SET_STATE_AFTER	ElapsedMs=203818.402 | Actor=PC_Hero | CurrentAction=0 | CurrentStateTime=0.000000
43556	43577	C1 LIFECYCLE START	ElapsedMs=203828.723 | Actor=PC_Hero | Generation=54 | Status=CANDIDATE | PhysicalCollisionChanged=0
43578	43591	C1-O2 OUTER BINDING	ElapsedMs=203828.762 | Event=COMBAT_MOVE_CANDIDATE_BOUND | Actor=PC_Hero | Generation=54 | Status=CANDIDATE | PhysicalCollisionChanged=0
43592	43616	OUTER_FRAME COMBAT_MOVE_INITIAL	ElapsedMs=203828.774 | Actor=PC_Hero | CurrentAction=1 | CurrentStateTime=0.000000
43617	43641	PRIMARYFIRST StopMotion	ElapsedMs=203829.013
43642	43673	EMPTY-PRIMARY SUCCESSOR STACK	ElapsedMs=203829.043 | Actor=PC_Hero
43674	43698	PRIMARYFIRST PlayMotion	ElapsedMs=203829.041
43699	43709	C1 LIFECYCLE STATUS	ElapsedMs=203829.139 | Event=PERSISTED | Actor=PC_Hero | Generation=54 | Status=PERSISTED | PhysicalCollisionChanged=0
43710	43738	MARKER OWNERSHIP DECISION	ElapsedMs=203829.158 | Actor=PC_Hero | CurrentMovementAni=Hero_Stand_Shield_1H_P1_Attack_Hit_N_Fwd_00_%_00_P2_119_L.xmot
43739	43755	C1 OFFENSE REQUEST	ElapsedMs=204084.602 | Actor=PC_Hero | Generation=54 | Status=PERSISTED | Source=It_1H_Sword_Rust_01 | SourceAddress=E6F57410 | ActualGroup=7 | PhysicalCollisionChanged=0
43756	43782	ENGINE SetCollisionGroup	ElapsedMs=204084.636 | RequestedGroup=7 | BeforeGroup=5 | AfterGroup=7 | PlayerAction=1 | PlayerAniPhase=1 | PlayerStateTime=0.256002 | PlayerCurrentMovementAni=Hero_Stand_Shield_1H_P1_Attack_Hit_N_Fwd_00_%_00_P2_119_L.xmot
43783	43812	OUTER_FRAME OFFENSE	ElapsedMs=204084.659 | Actor=PC_Hero | Source=It_1H_Sword_Rust_01 | SourceAddress=E6F57410 | RequestedGroup=7 | BeforeGroup=5 | AfterGroup=7 | CurrentAction=1 | CurrentStateTime=0.256002
43813	43838	COMBATMOVE STARTRECOVER BEGIN	ElapsedMs=204437.149 | Actor=PC_Hero | CurrentAction=1 | CurrentAniPhase=1 | CurrentMovementAni=Hero_Stand_Shield_1H_P1_Attack_Hit_N_Fwd_00_%_00_P2_119_L.xmot
43839	43862	HIT STARTRECOVER BEGIN STACK	ElapsedMs=204437.204 | Actor=PC_Hero | CurrentAction=1 | CurrentAniPhase=1 | CurrentStateTime=0.609292 | CurrentMovementAni=Hero_Stand_Shield_1H_P1_Attack_Hit_N_Fwd_00_%_00_P2_119_L.xmot
43863	43887	PRIMARYFIRST StopMotion	ElapsedMs=204437.517
43888	43914	EMPTY-PRIMARY SUCCESSOR STACK	ElapsedMs=204437.546 | Actor=PC_Hero
43915	43939	PRIMARYFIRST PlayMotion	ElapsedMs=204437.545
43940	43965	COMBATMOVE STARTRECOVER END	ElapsedMs=204437.611 | Actor=PC_Hero | CurrentAction=1 | CurrentAniPhase=3 | CurrentMovementAni=Hero_Stand_Shield_1H_P1_Attack_Hit_N_Fwd_00_%_00_P2_119_L.xmot
43966	43982	C1 CLEANUP FULFILLED	ElapsedMs=204437.674 | Actor=PC_Hero | Generation=54 | Status=PERSISTED | Source=It_1H_Sword_Rust_01 | SourceAddress=E6F57410 | ActualGroup=5 | PhysicalCollisionChanged=0
43983	44009	ENGINE SetCollisionGroup	ElapsedMs=204437.691 | RequestedGroup=5 | BeforeGroup=7 | AfterGroup=5 | PlayerAction=1 | PlayerAniPhase=3 | PlayerStateTime=0.609292 | PlayerCurrentMovementAni=Hero_Stand_Shield_1H_P1_Attack_Hit_N_Fwd_00_%_00_P2_119_L.xmot
44010	44029	NATIVE CLEANUP CALL SITE	ElapsedMs=204437.710 | Source=It_1H_Sword_Rust_01 | SourceAddress=E6F57410 | RequestedGroup=5 | BeforeGroup=7 | AfterGroup=5
44030	44059	OUTER_FRAME CLEANUP	ElapsedMs=204437.731 | Actor=PC_Hero | Source=It_1H_Sword_Rust_01 | SourceAddress=E6F57410 | RequestedGroup=5 | BeforeGroup=7 | AfterGroup=5 | CurrentAction=1 | CurrentStateTime=0.609292
44060	44099	AISETSTATE CALLSITE	ElapsedMs=204437.759 | Actor=PC_Hero | CurrentAction=1 | CurrentAniPhase=3 | CurrentStateTime=0.609292 | CurrentMovementAni=Hero_Stand_Shield_1H_P1_Attack_Hit_N_Fwd_00_%_00_P2_119_L.xmot
44100	44124	OUTER_FRAME AI_SET_STATE_BEFORE	ElapsedMs=204437.798 | Actor=PC_Hero | CurrentAction=1 | CurrentStateTime=0.609292
44125	44157	C1 FINALIZATION	ElapsedMs=204437.821 | Reason=AISETSTATE_AFTER_ORIGINAL | Actor=PC_Hero | Generation=54 | Status=PERSISTED | PhysicalCollisionChanged=0
44158	44182	OUTER_FRAME AI_SET_STATE_AFTER	ElapsedMs=204437.848 | Actor=PC_Hero | CurrentAction=1 | CurrentStateTime=0.000000
44183	44222	AISETSTATE CALLSITE	ElapsedMs=204673.654 | Actor=PC_Hero | CurrentAction=0 | CurrentAniPhase=3 | CurrentStateTime=0.226963 | CurrentMovementAni=Hero_Stand_Shield_1H_P2_Attack_Recover_N_Fwd_00_%_00_P2_0_L.xmot
44223	44247	OUTER_FRAME AI_SET_STATE_BEFORE	ElapsedMs=204673.763 | Actor=PC_Hero | CurrentAction=0 | CurrentStateTime=0.226963
44248	44272	OUTER_FRAME AI_SET_STATE_AFTER	ElapsedMs=204673.805 | Actor=PC_Hero | CurrentAction=0 | CurrentStateTime=0.000000
44273	44316	AIFULLSTOP CALLSITE	ElapsedMs=204679.575 | Actor=PC_Hero | CurrentAction=0 | CurrentAniPhase=3 | CurrentStateTime=0.000000 | CurrentMovementAni=Hero_Stand_Shield_1H_P2_Attack_Recover_N_Fwd_00_%_00_P2_0_L.xmot
44317	44357	AISETSTATE CALLSITE	ElapsedMs=204679.676 | Actor=PC_Hero | CurrentAction=0 | CurrentAniPhase=3 | CurrentStateTime=0.000000 | CurrentMovementAni=Hero_Stand_Shield_1H_P2_Attack_Recover_N_Fwd_00_%_00_P2_0_L.xmot
44358	44382	OUTER_FRAME AI_SET_STATE_BEFORE	ElapsedMs=204679.717 | Actor=PC_Hero | CurrentAction=0 | CurrentStateTime=0.000000
44383	44407	OUTER_FRAME AI_SET_STATE_AFTER	ElapsedMs=204679.743 | Actor=PC_Hero | CurrentAction=0 | CurrentStateTime=0.000000
44408	44429	C1 LIFECYCLE START	ElapsedMs=204683.897 | Actor=PC_Hero | Generation=55 | Status=CANDIDATE | PhysicalCollisionChanged=0
44430	44443	C1-O2 OUTER BINDING	ElapsedMs=204683.933 | Event=COMBAT_MOVE_CANDIDATE_BOUND | Actor=PC_Hero | Generation=55 | Status=CANDIDATE | PhysicalCollisionChanged=0
44444	44468	OUTER_FRAME COMBAT_MOVE_INITIAL	ElapsedMs=204683.944 | Actor=PC_Hero | CurrentAction=1 | CurrentStateTime=0.000000
44469	44493	PRIMARYFIRST StopMotion	ElapsedMs=204687.362
44494	44525	EMPTY-PRIMARY SUCCESSOR STACK	ElapsedMs=204687.395 | Actor=PC_Hero
44526	44550	PRIMARYFIRST PlayMotion	ElapsedMs=204687.394
44551	44561	C1 LIFECYCLE STATUS	ElapsedMs=204687.498 | Event=PERSISTED | Actor=PC_Hero | Generation=55 | Status=PERSISTED | PhysicalCollisionChanged=0
44562	44590	MARKER OWNERSHIP DECISION	ElapsedMs=204687.516 | Actor=PC_Hero | CurrentMovementAni=Hero_Stand_Shield_1H_P2_Attack_Hit_N_Fwd_00_%_00_P3_115_R.xmot
44591	44607	C1 OFFENSE REQUEST	ElapsedMs=204937.652 | Actor=PC_Hero | Generation=55 | Status=PERSISTED | Source=It_1H_Sword_Rust_01 | SourceAddress=E6F57410 | ActualGroup=7 | PhysicalCollisionChanged=0
44608	44634	ENGINE SetCollisionGroup	ElapsedMs=204937.685 | RequestedGroup=7 | BeforeGroup=5 | AfterGroup=7 | PlayerAction=1 | PlayerAniPhase=1 | PlayerStateTime=0.257958 | PlayerCurrentMovementAni=Hero_Stand_Shield_1H_P2_Attack_Hit_N_Fwd_00_%_00_P3_115_R.xmot
44635	44664	OUTER_FRAME OFFENSE	ElapsedMs=204937.710 | Actor=PC_Hero | Source=It_1H_Sword_Rust_01 | SourceAddress=E6F57410 | RequestedGroup=7 | BeforeGroup=5 | AfterGroup=7 | CurrentAction=1 | CurrentStateTime=0.257958
44665	44690	COMBATMOVE STARTRECOVER BEGIN	ElapsedMs=205214.038 | Actor=PC_Hero | CurrentAction=1 | CurrentAniPhase=1 | CurrentMovementAni=Hero_Stand_Shield_1H_P2_Attack_Hit_N_Fwd_00_%_00_P3_115_R.xmot
44691	44714	HIT STARTRECOVER BEGIN STACK	ElapsedMs=205214.092 | Actor=PC_Hero | CurrentAction=1 | CurrentAniPhase=1 | CurrentStateTime=0.533950 | CurrentMovementAni=Hero_Stand_Shield_1H_P2_Attack_Hit_N_Fwd_00_%_00_P3_115_R.xmot
44715	44739	PRIMARYFIRST StopMotion	ElapsedMs=205217.598
44740	44766	EMPTY-PRIMARY SUCCESSOR STACK	ElapsedMs=205217.630 | Actor=PC_Hero
44767	44791	PRIMARYFIRST PlayMotion	ElapsedMs=205217.629
44792	44817	COMBATMOVE STARTRECOVER END	ElapsedMs=205217.700 | Actor=PC_Hero | CurrentAction=1 | CurrentAniPhase=3 | CurrentMovementAni=Hero_Stand_Shield_1H_P2_Attack_Hit_N_Fwd_00_%_00_P3_115_R.xmot
44818	44834	C1 CLEANUP FULFILLED	ElapsedMs=205217.762 | Actor=PC_Hero | Generation=55 | Status=PERSISTED | Source=It_1H_Sword_Rust_01 | SourceAddress=E6F57410 | ActualGroup=5 | PhysicalCollisionChanged=0
44835	44861	ENGINE SetCollisionGroup	ElapsedMs=205217.777 | RequestedGroup=5 | BeforeGroup=7 | AfterGroup=5 | PlayerAction=1 | PlayerAniPhase=3 | PlayerStateTime=0.533950 | PlayerCurrentMovementAni=Hero_Stand_Shield_1H_P2_Attack_Hit_N_Fwd_00_%_00_P3_115_R.xmot
